Date,Time,"Virtual Memory Committed [MB]","Virtual Memory Available [MB]","Virtual Memory Load [%]","Physical Memory Used [MB]","Physical Memory Available [MB]","Physical Memory Load [%]","Page File Usage [%]","Page File Total [MB]","Page File Used [MB]","Core VIDs (avg) [V]","Core 0 VID [V]","Core 1 VID [V]","Core 2 VID [V]","Core 3 VID [V]","Core 4 VID [V]","Core 5 VID [V]","Core 6 VID [V]","Core 7 VID [V]","Core Clocks (avg) [MHz]","Core 0 Clock (perf #1/4) [MHz]","Core 1 Clock (perf #1/3) [MHz]","Core 2 Clock (perf #2/6) [MHz]","Core 3 Clock (perf #3/5) [MHz]","Core 4 Clock (perf #6/8) [MHz]","Core 5 Clock (perf #4/2) [MHz]","Core 6 Clock (perf #5/1) [MHz]","Core 7 Clock (perf #7/7) [MHz]","Bus Clock [MHz]","Core Effective Clocks (avg) [MHz]","Core 0 T0 Effective Clock [MHz]","Core 0 T1 Effective Clock [MHz]","Core 1 T0 Effective Clock [MHz]","Core 1 T1 Effective Clock [MHz]","Core 2 T0 Effective Clock [MHz]","Core 2 T1 Effective Clock [MHz]","Core 3 T0 Effective Clock [MHz]","Core 3 T1 Effective Clock [MHz]","Core 4 T0 Effective Clock [MHz]","Core 4 T1 Effective Clock [MHz]","Core 5 T0 Effective Clock [MHz]","Core 5 T1 Effective Clock [MHz]","Core 6 T0 Effective Clock [MHz]","Core 6 T1 Effective Clock [MHz]","Core 7 T0 Effective Clock [MHz]","Core 7 T1 Effective Clock [MHz]","Average Effective Clock [MHz]","Core Usage (avg) [%]","Core 0 T0 Usage [%]","Core 0 T1 Usage [%]","Core 1 T0 Usage [%]","Core 1 T1 Usage [%]","Core 2 T0 Usage [%]","Core 2 T1 Usage [%]","Core 3 T0 Usage [%]","Core 3 T1 Usage [%]","Core 4 T0 Usage [%]","Core 4 T1 Usage [%]","Core 5 T0 Usage [%]","Core 5 T1 Usage [%]","Core 6 T0 Usage [%]","Core 6 T1 Usage [%]","Core 7 T0 Usage [%]","Core 7 T1 Usage [%]","Max CPU/Thread Usage [%]","Total CPU Usage [%]","Core Utility (avg) [%]","Core 0 T0 Utility [%]","Core 0 T1 Utility [%]","Core 1 T0 Utility [%]","Core 1 T1 Utility [%]","Core 2 T0 Utility [%]","Core 2 T1 Utility [%]","Core 3 T0 Utility [%]","Core 3 T1 Utility [%]","Core 4 T0 Utility [%]","Core 4 T1 Utility [%]","Core 5 T0 Utility [%]","Core 5 T1 Utility [%]","Core 6 T0 Utility [%]","Core 6 T1 Utility [%]","Core 7 T0 Utility [%]","Core 7 T1 Utility [%]","Total CPU Utility [%]","Core Ratios (avg) [x]","Core 0 Ratio [x]","Core 1 Ratio [x]","Core 2 Ratio [x]","Core 3 Ratio [x]","Core 4 Ratio [x]","Core 5 Ratio [x]","Core 6 Ratio [x]","Core 7 Ratio [x]","Package C6 Residency [%]","Core C0 Residency (avg) [%]","Core 0 C0 Residency [%]","Core 1 C0 Residency [%]","Core 2 C0 Residency [%]","Core 3 C0 Residency [%]","Core 4 C0 Residency [%]","Core 5 C0 Residency [%]","Core 6 C0 Residency [%]","Core 7 C0 Residency [%]","Core C1 Residency (avg) [%]","Core 0 C1 Residency [%]","Core 1 C1 Residency [%]","Core 2 C1 Residency [%]","Core 3 C1 Residency [%]","Core 4 C1 Residency [%]","Core 5 C1 Residency [%]","Core 6 C1 Residency [%]","Core 7 C1 Residency [%]","Core C6 Residency (avg) [%]","Core 0 C6 Residency [%]","Core 1 C6 Residency [%]","Core 2 C6 Residency [%]","Core 3 C6 Residency [%]","Core 4 C6 Residency [%]","Core 5 C6 Residency [%]","Core 6 C6 Residency [%]","Core 7 C6 Residency [%]","Memory Clock [MHz]","Memory Clock Ratio [x]","Tcas [T]","Trcd [T]","Trp [T]","Tras [T]","Trc [T]","Trfc [T]","Command Rate [T]","CPU (Tctl/Tdie) [°C]","CPU Die (average) [°C]","CPU CCD1 (Tdie) [°C]","Core Temperatures (avg) [°C]","Core0 (CCD1) [°C]","Core1 (CCD1) [°C]","Core2 (CCD1) [°C]","Core3 (CCD1) [°C]","Core4 (CCD1) [°C]","Core5 (CCD1) [°C]","Core6 (CCD1) [°C]","Core7 (CCD1) [°C]","L3 Temperatures (avg) [°C]","L3 Cache (CCD1:CCX1) [°C]","L3 Cache (CCD1:CCX2) [°C]","CPU IOD Hotspot [°C]","CPU IOD Average [°C]","CPU Core Voltage (SVI2 TFN) [V]","SoC Voltage (SVI2 TFN) [V]","CPU Core VID (Effective) [V]","CPU Core Current (SVI2 TFN) [A]","SoC Current (SVI2 TFN) [A]","CPU TDC [A]","CPU EDC [A]","CPU Package Power [W]","Core Powers (avg) [W]","Core 0 Power [W]","Core 1 Power [W]","Core 2 Power [W]","Core 3 Power [W]","Core 4 Power [W]","Core 5 Power [W]","Core 6 Power [W]","Core 7 Power [W]","CPU Core Power (SVI2 TFN) [W]","CPU SoC Power (SVI2 TFN) [W]","Core+SoC Power (SVI2 TFN) [W]","CPU PPT [W]","Infinity Fabric Clock (FCLK) [MHz]","Memory Controller Clock (UCLK) [MHz]","L3 Clocks (avg) [MHz]","L3 Cache (CCD1:CCX1) [MHz]","L3 Cache (CCD1:CCX2) [MHz]","Frequency Limit - Global [MHz]","CPU PPT Limit [%]","CPU TDC Limit [%]","CPU EDC Limit [%]","Thermal Limit [%]","Power Reporting Deviation (Accuracy) [%]","Thermal Throttling (HTC) [Yes/No]","Thermal Throttling (PROCHOT CPU) [Yes/No]","Thermal Throttling (PROCHOT EXT) [Yes/No]","DRAM Read Bandwidth [Gbps]","DRAM Write Bandwidth [Gbps]","Average Active Core Count []","Drive Temperature [°C]","Drive Remaining Life [%]","Drive Available Spare [%]","Drive Failure [Yes/No]","Drive Warning [Yes/No]","Total Host Writes [GB]","Total Host Reads [GB]","Drive Airflow Temperature [°C]","Drive Remaining Life [%]","Drive Failure [Yes/No]","Drive Warning [Yes/No]","Total Host Writes [GB]","Read Activity [%]","Write Activity [%]","Total Activity [%]","Read Rate [MB/s]","Write Rate [MB/s]","Read Total [MB]","Write Total [MB]","Read Activity [%]","Write Activity [%]","Total Activity [%]","Read Rate [MB/s]","Write Rate [MB/s]","Read Total [MB]","Write Total [MB]","GPU Temperature [°C]","GPU Hot Spot Temperature [°C]","GPU Thermal Limit [°C]","GPU Core Voltage [V]","GPU Rail Voltages (avg) [V]","GPU PCIe +12V Input Voltage [V]","GPU 8-pin #1 Input Voltage [V]","GPU Misc0 Input Voltage [V]","GPU Fan1 [RPM]","GPU Power [W]","GPU Rail Powers (avg) [W]","GPU Core (NVVDD) Input Power (sum) [W]","GPU PCIe +12V Input Power [W]","GPU 8-pin #1 Input Power [W]","GPU Misc0 Input Power [W]","GPU Core (NVVDD1) Input Power (sum) [W]","GPU PCIe +3.3V Input Power (est) [W]","GPU Core (NVVDD) Input Power (sum) [W]","GPU Input PP Source Power (sum) [W]","GPU Core (NVVDD) Output Power [W]","GPU Core (NVVDD) Output Power [W]","GPU Power Limit (rated) [W]","GPU Power Limit (max) [W]","GPU Clock [MHz]","GPU Memory Clock [MHz]","GPU Video Clock [MHz]","GPU Effective Clock [MHz]","GPU Crossbar Clock [MHz]","GPU Core Load [%]","GPU Memory Controller Load [%]","GPU Video Engine Load [%]","GPU Bus Load [%]","GPU Memory Usage [%]","GPU D3D Usages (avg) [%]","GPU D3D Usage [%]","GPU Video Decode 0 Usage [%]","GPU Video Encode 0 Usage [%]","GPU VR Usage [%]","GPU Fan1 [%]","GPU Performance Limiters (avg) [Yes/No]","Performance Limit - Power [Yes/No]","Performance Limit - Thermal [Yes/No]","Performance Limit - Reliability Voltage [Yes/No]","Performance Limit - Max Operating Voltage [Yes/No]","Performance Limit - Utilization [Yes/No]","Performance Limit - SLI GPUBoost Sync [Yes/No]","Total GPU Power [% of TDP] [%]","Total GPU Power (normalized) [% of TDP] [%]","PCI Express Error Counters (avg) []","Receiver Errors []","Replay Count []","Replay Rollover Count []","Bad DLLP Count []","Bad TLP Count []","LCRC Error Count []","NAKs Sent Count []","NAKs Received Count []","Recovery Count []","Correctable Error Count []","Non-Fatal Error Count []","Fatal Error Count []","Unsupported Request Count []","PCIe Lane 0 Errors []","PCIe Lane 1 Errors []","PCIe Lane 2 Errors []","PCIe Lane 3 Errors []","PCIe Lane 4 Errors []","PCIe Lane 5 Errors []","PCIe Lane 6 Errors []","PCIe Lane 7 Errors []","PCIe Lane 8 Errors []","PCIe Lane 9 Errors []","PCIe Lane 10 Errors []","PCIe Lane 11 Errors []","PCIe Lane 12 Errors []","PCIe Lane 13 Errors []","PCIe Lane 14 Errors []","PCIe Lane 15 Errors []","GPU Memory Available [MB]","GPU Memory Allocated [MB]","GPU D3D Memory Dedicated [MB]","GPU D3D Memory Dynamic [MB]","PCIe Link Speed [GT/s]","Framerate Presented (avg) [FPS]","Framerate Presented (99%) [FPS]","Framerate Presented (1%) [FPS]","Framerate Presented (0.1%) [FPS]","Framerate Presented (1% low) [FPS]","Framerate Presented (0.1% low) [FPS]","Framerate Displayed (avg) [FPS]","Framerate Displayed (99%) [FPS]","Framerate Displayed (1%) [FPS]","Framerate Displayed (0.1%) [FPS]","Framerate Displayed (1% low) [FPS]","Framerate Displayed (0.1% low) [FPS]","Frame Time Presented (avg) [ms]","Frame Time Presented (99%) [ms]","Frame Time Presented (1%) [ms]","Frame Time Presented (0.1%) [ms]","Frame Time Displayed (1% high) [ms]","Frame Time Displayed (0.1% high) [ms]","GPU Busy (avg) [ms]","GPU Wait (avg) [ms]","CPU Busy (avg) [ms]","CPU Wait (avg) [ms]","Animation Error (avg) [ms]","Total DL [MB]","Total UP [MB]","Current DL rate [KB/s]","Current UP rate [KB/s]","Total DL [MB]","Total UP [MB]","Current DL rate [KB/s]","Current UP rate [KB/s]","Total Errors []",
2.7.2026,9:15:28.597,20111,3662,84.5,11463,4835,70.3,9.6,7476,720,1.286,1.056,1.319,1.319,1.319,1.319,1.319,1.319,1.319,4117.6,4117.6,4117.6,4117.6,4117.6,4117.6,4117.6,4117.6,4117.6,99.8,322.4,2087.7,419.4,405.5,622.9,243.7,309.9,172.8,230.6,40.3,54.4,140.5,107.8,113.5,101.5,54.0,54.2,322.4,6.7,33.2,10.2,9.7,15.2,6.1,7.5,4.3,5.7,1.3,0.8,2.8,2.8,2.6,2.6,1.5,1.5,33.2,6.7,7.4,37.4,11.3,10.6,16.6,6.5,8.2,4.5,6.1,1.0,1.4,3.6,2.8,2.5,2.6,1.3,1.3,7.4,41.2,41.2,41.2,41.2,41.2,41.2,41.2,41.2,41.2,0.0,30.4,51.2,36.5,31.9,29.8,21.4,24.8,25.0,22.4,69.6,48.8,63.5,68.1,70.2,78.6,75.2,75.0,77.6,0.0,0.0,0.0,0.0,0.0,0.0,0.0,0.0,0.0,1330.9,13.33,20,19,19,43,62,467,1,62.8,57.5,59.5,54.2,57.2,54.8,54.9,53.8,53.4,53.4,53.2,53.0,52.8,52.9,52.6,46.8,44.4,1.331,1.031,1.325,4.820,9.900,4.832,26.233,25.487,1.774,3.630,2.291,1.760,1.540,1.165,1.346,1.295,1.169,6.378,10.171,16.550,25.532,1330.6,1330.6,4027.5,4047.0,4008.0,4400.0,29.0,8.1,29.1,60.6,44.7,No,No,No,0.224,0.006,2.4,44,95.0,100.0,No,No,90780,98668,32,99.0,No,No,3320,0.2,0.2,0.4,0.378,0.451,266008,235707,0.0,0.0,0.0,0.000,0.000,343,3,34.1,46.0,83.0,0.669,12.154,12.194,12.170,12.097,1130,17.250,6.354,7.263,1.378,15.408,11.360,4.035,0.336,7.263,9.864,1.296,5.335,220.000,240.000,210.0,101.2,555.0,210.0,600.0,0.0,18.0,0.0,0.0,23.0,0.1,0.4,0.0,0.0,0.0,33,Yes,No,No,No,No,Yes,No,7.8,9.9,7,0,0,0,0,0,0,0,0,200,0,0,0,0,0,0,0,0,0,0,0,0,0,0,0,0,0,0,0,0,6310,1882,1716,82,2.5,26.4,3001.8,7.7,7.5,7.5,7.5,26.6,239.8,8.0,7.8,7.7,7.7,37.82,129.49,0.33,0.33,133.63,133.63,1.69,36.00,37.82,0.00,69.84,0,0,0.0,0.0,28594,1100,0.2,0.1,0,
2.7.2026,9:15:30.604,20105,3669,84.5,11453,4845,70.2,9.6,7476,720,1.306,1.306,1.306,1.306,1.306,1.306,1.306,1.306,1.306,4117.6,4117.6,4117.6,4117.6,4117.6,4117.6,4117.6,4117.6,4117.6,99.8,159.3,1078.8,160.7,238.7,482.1,98.4,86.5,60.0,45.7,29.0,31.7,39.4,26.7,81.0,28.8,24.7,36.9,159.3,3.0,10.8,3.9,5.8,11.8,2.4,2.1,1.5,1.2,0.8,1.6,1.9,0.7,1.5,0.7,0.6,0.9,11.8,3.0,3.1,11.7,4.3,6.5,12.8,2.5,2.2,1.5,1.2,0.8,0.8,1.0,0.7,1.6,0.7,0.6,0.9,3.1,41.2,41.2,41.2,41.2,41.2,41.2,41.2,41.2,41.2,0.0,21.5,27.1,29.6,22.5,21.1,17.2,17.7,19.0,17.5,78.5,72.9,70.4,77.5,78.9,82.8,82.3,81.0,82.5,0.0,0.0,0.0,0.0,0.0,0.0,0.0,0.0,0.0,1330.9,13.33,20,19,19,43,62,467,1,60.0,54.0,56.8,52.6,53.1,53.7,52.8,52.4,52.3,52.4,52.2,52.3,52.0,52.0,51.9,46.5,43.9,1.337,1.025,1.319,2.712,9.786,2.708,18.093,22.524,1.230,1.575,1.897,1.183,1.087,1.004,1.021,1.061,1.008,3.555,10.048,13.603,22.538,1330.6,1330.6,3988.1,4004.4,3971.8,4400.0,25.6,4.5,20.1,56.8,35.9,No,No,No,0.087,0.006,1.7,43,95.0,100.0,No,No,90780,98668,32,99.0,No,No,3320,0.7,0.8,1.5,0.943,2.147,266010,235711,0.0,0.0,0.0,0.000,0.000,343,3,34.2,46.2,83.0,0.669,12.158,12.199,12.174,12.100,1131,17.337,6.460,7.429,1.464,15.595,11.459,4.127,0.336,7.429,9.976,1.412,5.370,220.000,240.000,210.0,101.2,555.0,210.0,600.0,0.0,18.0,0.0,0.0,23.0,0.1,0.4,0.0,0.0,0.0,33,Yes,No,No,No,No,Yes,No,7.9,10.0,7,0,0,0,0,0,0,0,0,200,0,0,0,0,0,0,0,0,0,0,0,0,0,0,0,0,0,0,0,0,6310,1882,1716,82,2.5,53.3,3011.9,13.4,13.3,13.3,13.3,54.5,240.4,14.2,14.1,14.1,14.1,18.76,74.62,0.33,0.33,74.98,74.98,1.58,16.99,18.76,0.00,25.23,0,0,0.0,0.0,28594,1100,0.6,0.1,0,
2.7.2026,9:15:32.615,20103,3671,84.5,11450,4847,70.2,9.6,7476,720,1.317,1.306,1.319,1.319,1.319,1.319,1.319,1.319,1.319,3649.7,4117.6,4117.6,3294.1,3294.1,3593.5,3593.5,3593.5,3593.5,99.8,159.7,1108.0,183.8,215.8,462.4,96.8,89.7,55.8,43.7,40.7,17.8,36.3,33.6,88.6,28.6,29.4,23.9,159.7,2.6,11.5,3.8,5.1,11.6,2.5,1.5,0.7,1.2,0.4,0.0,1.1,0.2,1.8,0.1,0.1,0.0,11.6,2.6,3.1,12.4,4.9,5.5,12.3,2.5,2.3,1.4,1.1,1.1,0.4,0.9,0.9,1.8,0.7,0.7,0.6,3.1,36.6,41.2,41.2,33.0,33.0,36.0,36.0,36.0,36.0,0.0,21.0,27.9,28.1,21.6,20.3,17.0,17.6,18.7,17.2,79.0,72.1,71.9,78.4,79.7,83.0,82.4,81.3,82.8,0.0,0.0,0.0,0.0,0.0,0.0,0.0,0.0,0.0,1330.9,13.33,20,19,19,43,62,467,1,57.5,53.8,58.0,52.5,53.2,53.3,52.6,52.2,52.1,52.2,52.1,52.1,51.8,51.9,51.8,47.5,43.9,1.319,1.025,1.325,2.723,9.799,2.728,17.659,22.534,1.222,1.674,1.799,1.180,1.070,0.997,1.014,1.053,0.992,3.565,10.061,13.627,22.572,1330.6,1330.6,3982.1,3997.2,3967.1,4400.0,25.6,4.5,19.6,56.6,36.2,No,No,No,0.088,0.004,1.7,44,95.0,100.0,No,No,90780,98668,32,99.0,No,No,3320,0.0,0.3,0.4,0.008,0.789,266010,235712,0.0,0.0,0.0,0.000,0.000,343,3,34.1,46.1,83.0,0.669,12.151,12.191,12.168,12.093,1130,17.284,6.437,7.272,1.378,15.575,11.525,4.040,0.336,7.272,10.027,1.595,5.346,220.000,240.000,210.0,101.2,555.0,210.0,600.0,1.0,18.0,0.0,0.0,23.0,0.1,0.3,0.0,0.0,0.0,33,Yes,No,No,No,No,Yes,No,7.9,10.0,7,0,0,0,0,0,0,0,0,200,0,0,0,0,0,0,0,0,0,0,0,0,0,0,0,0,0,0,0,0,6310,1882,1716,82,2.5,5.0,2761.8,0.6,0.5,0.5,0.5,5.0,240.0,0.6,0.5,0.5,0.5,200.59,1725.71,0.36,0.36,1888.95,1888.95,1.35,198.88,200.59,0.00,388.84,0,0,0.0,0.0,28594,1100,0.2,0.0,0,
2.7.2026,9:15:34.624,20102,3671,84.5,11447,4851,70.2,9.6,7476,720,1.312,1.312,1.312,1.312,1.312,1.312,1.312,1.312,1.312,3846.2,3593.5,4117.6,4117.6,4117.6,3294.1,3294.1,4117.6,4117.6,99.8,172.3,1129.9,131.4,300.7,398.8,91.5,90.8,57.1,50.8,31.4,28.4,42.0,30.1,87.4,26.7,213.5,45.5,172.3,3.3,12.5,3.5,7.0,9.5,1.8,2.5,1.7,0.8,1.2,1.1,0.6,1.1,1.2,1.0,5.5,1.4,12.5,3.3,3.5,14.1,3.4,8.3,10.5,2.3,2.3,1.4,1.3,0.8,0.7,1.1,0.7,1.7,0.7,5.8,1.1,3.5,38.5,36.0,41.2,41.2,41.2,33.0,33.0,41.2,41.2,0.0,22.2,28.4,29.4,22.1,20.9,17.3,18.1,19.8,21.2,77.8,71.6,70.6,77.9,79.1,82.7,81.9,80.2,78.8,0.0,0.0,0.0,0.0,0.0,0.0,0.0,0.0,0.0,1330.9,13.33,20,19,19,43,62,467,1,65.1,53.9,55.8,52.4,53.1,53.1,52.4,52.1,52.0,52.2,52.0,52.4,51.7,51.8,51.7,47.5,44.0,1.312,1.025,1.312,2.898,9.827,2.893,18.505,22.765,1.251,1.708,1.807,1.168,1.081,0.990,1.013,1.051,1.191,3.798,10.088,13.886,22.818,1330.6,1330.6,3976.6,3985.6,3967.6,4400.0,25.9,4.8,20.6,56.8,37.7,No,No,No,0.105,0.003,1.8,44,95.0,100.0,No,No,90780,98668,32,99.0,No,No,3320,0.1,0.1,0.2,0.008,0.059,266010,235713,0.0,0.0,0.0,0.000,0.000,343,3,34.1,46.1,83.0,0.669,12.152,12.193,12.169,12.095,1130,17.329,6.428,7.371,1.268,15.577,11.478,4.095,0.336,7.371,9.827,1.588,5.365,220.000,240.000,210.0,101.2,555.0,210.0,600.0,0.0,18.0,0.0,0.0,23.0,0.1,0.3,0.0,0.0,0.0,33,Yes,No,No,No,No,Yes,No,7.8,10.0,7,0,0,0,0,0,0,0,0,200,0,0,0,0,0,0,0,0,0,0,0,0,0,0,0,0,0,0,0,0,6310,1882,1716,82,2.5,4.9,3198.7,0.6,0.5,0.5,0.5,4.9,240.2,0.6,0.5,0.5,0.5,202.66,1734.16,0.31,0.31,1897.41,1897.41,1.90,200.65,202.66,0.00,392.23,0,0,0.0,0.0,28594,1100,3.1,3.0,0,
2.7.2026,9:15:36.632,20104,3670,84.5,11447,4850,70.2,9.6,7476,720,1.275,1.056,1.306,1.306,1.306,1.306,1.306,1.306,1.306,3911.7,4117.6,4117.6,4117.6,4117.6,3294.1,4117.6,4117.6,3294.1,99.8,180.0,1170.5,195.8,221.2,411.1,96.9,130.2,55.5,91.0,19.8,31.1,46.4,30.4,86.5,46.2,85.1,161.5,180.0,3.0,12.1,4.4,4.9,9.9,1.9,2.7,0.9,1.9,0.2,0.4,0.8,0.4,1.3,0.7,1.7,3.6,12.1,3.0,3.6,13.5,5.2,5.8,10.9,2.5,3.4,1.3,2.4,0.5,0.8,1.2,0.8,1.7,1.2,2.2,4.4,3.6,39.2,41.2,41.2,41.2,41.2,33.0,41.2,41.2,33.0,0.0,22.5,29.4,28.5,23.3,21.7,17.4,18.4,20.1,21.5,77.5,70.6,71.5,76.7,78.3,82.6,81.6,79.9,78.5,0.0,0.0,0.0,0.0,0.0,0.0,0.0,0.0,0.0,1330.9,13.33,20,19,19,43,62,467,1,62.1,53.7,56.8,52.3,53.0,52.9,52.4,52.1,52.0,52.1,51.9,52.2,51.6,51.7,51.6,45.8,43.5,1.325,1.025,1.325,2.837,9.845,2.841,18.764,22.698,1.237,1.731,1.699,1.190,1.090,0.978,1.015,1.055,1.135,3.703,10.108,13.811,22.755,1330.6,1330.6,3971.7,3980.3,3963.2,4400.0,25.9,4.7,20.8,56.5,37.2,No,No,No,0.107,0.003,1.8,44,95.0,100.0,No,No,90780,98668,32,99.0,No,No,3320,0.1,0.8,0.9,0.040,0.189,266010,235713,0.0,0.0,0.0,0.000,0.000,343,3,34.1,46.1,83.0,0.669,12.151,12.191,12.168,12.094,1129,17.167,6.365,7.240,1.304,15.514,11.489,4.022,0.336,7.240,9.923,1.262,5.316,220.000,240.000,210.0,101.2,555.0,210.0,600.0,0.0,18.0,0.0,0.0,23.0,0.1,0.2,0.0,0.0,0.0,33,Yes,No,No,No,No,Yes,No,7.8,9.9,7,0,0,0,0,0,0,0,0,200,0,0,0,0,0,0,0,0,0,0,0,0,0,0,0,0,0,0,0,0,6310,1882,1716,82,2.5,5.0,3104.7,0.6,0.5,0.5,0.5,5.0,239.9,0.6,0.5,0.5,0.5,199.32,1714.17,0.32,0.32,1876.69,1876.69,1.22,197.78,199.32,0.00,386.80,0,0,0.0,0.0,28594,1100,0.2,0.2,0,
2.7.2026,9:15:38.639,20103,3670,84.5,11441,4857,70.1,9.6,7476,720,1.287,1.288,1.288,1.288,1.288,1.288,1.288,1.288,1.288,4052.1,3593.5,4117.6,4117.6,4117.6,4117.6,4117.6,4117.6,4117.6,99.8,149.7,1105.9,108.9,226.5,358.2,89.8,95.3,57.9,50.1,23.4,26.8,37.1,37.1,79.6,45.4,29.7,24.2,149.7,3.3,14.3,3.1,6.0,9.5,2.7,2.8,1.9,1.7,1.1,1.2,1.4,1.4,2.0,1.6,1.2,1.1,14.3,3.3,3.0,15.1,2.8,6.1,9.4,2.3,2.4,1.4,1.3,0.6,0.7,0.9,0.9,1.5,1.2,0.7,0.5,3.0,40.6,36.0,41.2,41.2,41.2,41.2,41.2,41.2,41.2,0.0,20.8,27.9,26.5,21.4,20.2,16.6,17.6,18.9,17.1,79.2,72.1,73.5,78.6,79.8,83.4,82.4,81.1,82.9,0.0,0.0,0.0,0.0,0.0,0.0,0.0,0.0,0.0,1330.9,13.33,20,19,19,43,62,467,1,59.4,53.1,58.2,51.9,52.6,52.5,52.1,51.7,51.7,51.7,51.6,51.6,51.4,51.4,51.3,46.5,43.8,1.306,1.025,1.306,2.490,9.819,2.485,16.967,22.171,1.134,1.616,1.545,1.101,1.006,0.925,0.955,0.989,0.931,3.223,10.079,13.301,22.228,1330.6,1330.6,3938.3,3955.1,3921.5,4400.0,25.3,4.1,18.9,55.9,35.3,No,No,No,0.085,0.004,1.7,44,95.0,100.0,No,No,90780,98668,32,99.0,No,No,3320,0.0,0.1,0.1,0.000,0.010,266010,235713,0.0,0.0,0.0,0.000,0.000,343,3,34.1,46.2,83.0,0.669,12.152,12.192,12.170,12.095,1129,17.233,6.419,7.357,1.244,15.638,11.551,4.087,0.336,7.357,9.877,1.377,5.365,220.000,240.000,210.0,101.2,555.0,210.0,600.0,0.0,18.0,0.0,0.0,23.0,0.1,0.3,0.0,0.0,0.0,33,Yes,No,No,No,No,Yes,No,7.8,10.0,7,0,0,0,0,0,0,0,0,200,0,0,0,0,0,0,0,0,0,0,0,0,0,0,0,0,0,0,0,0,6310,1882,1716,82,2.5,4.5,2750.4,0.6,0.5,0.5,0.5,4.5,240.4,0.6,0.5,0.5,0.5,222.88,1747.26,0.36,0.36,1893.39,1893.39,1.79,220.92,222.88,0.00,433.76,0,0,0.0,0.0,28594,1100,0.1,0.0,0,
2.7.2026,9:15:40.634,20119,3655,84.6,11461,4837,70.3,9.6,7476,720,1.330,1.319,1.331,1.331,1.331,1.331,1.331,1.331,1.331,4117.6,4117.6,4117.6,4117.6,4117.6,4117.6,4117.6,4117.6,4117.6,99.8,784.6,2266.3,974.9,1484.8,1608.0,1003.6,1011.3,703.9,627.8,316.2,288.3,584.4,416.3,411.4,351.7,251.2,254.3,784.6,17.5,37.5,23.2,35.8,38.9,23.9,24.1,16.5,14.7,7.2,6.5,13.7,9.6,9.0,8.0,5.6,5.7,38.9,17.5,20.2,42.7,26.8,41.1,44.3,27.5,27.8,19.1,17.1,8.6,7.8,16.0,11.3,10.6,9.6,6.8,6.9,20.2,41.2,41.2,41.2,41.2,41.2,41.2,41.2,41.2,41.2,0.0,43.7,55.6,59.4,49.1,44.6,33.4,38.2,37.0,32.0,56.3,44.4,40.6,50.9,55.4,66.6,61.8,63.0,68.0,0.0,0.0,0.0,0.0,0.0,0.0,0.0,0.0,0.0,1330.9,13.33,20,19,19,43,62,467,1,75.9,60.7,66.8,56.3,58.3,59.6,58.0,56.5,54.3,55.3,54.1,54.0,52.9,53.0,52.7,47.8,44.6,1.337,1.031,1.337,8.689,10.251,8.674,37.206,30.961,2.703,3.863,4.624,3.285,2.518,1.707,2.157,1.866,1.603,11.653,10.544,22.197,31.207,1330.6,1330.6,4015.8,4024.4,4007.1,4374.0,35.5,14.5,41.3,63.9,53.7,No,No,No,0.763,0.028,3.5,44,95.0,100.0,No,No,90780,98668,32,99.0,No,No,3320,0.2,0.7,0.9,0.137,3.731,266010,235720,0.0,0.0,0.0,0.000,0.000,343,3,34.1,46.1,83.0,0.669,12.153,12.193,12.170,12.096,1130,17.395,6.365,7.263,1.195,15.566,11.528,4.035,0.336,7.263,9.856,1.266,5.346,220.000,240.000,210.0,101.2,555.0,210.0,600.0,0.0,18.0,0.0,0.0,23.0,0.4,1.4,0.0,0.0,0.0,33,Yes,No,No,No,No,Yes,No,7.8,10.0,7,0,0,0,0,0,0,0,0,200,0,0,0,0,0,0,0,0,0,0,0,0,0,0,0,0,0,0,0,0,6310,1882,1716,82,2.5,39.7,2745.2,3.9,3.4,3.4,3.4,40.0,242.4,3.9,3.5,3.4,3.4,25.17,256.46,0.36,0.36,294.57,294.57,1.43,23.72,25.17,0.00,43.45,0,0,0.0,0.0,28594,1100,0.4,0.1,0,
2.7.2026,9:15:42.643,20107,3666,84.5,11447,4851,70.2,9.6,7476,720,1.319,1.319,1.319,1.319,1.319,1.319,1.319,1.319,1.319,3705.8,4117.6,4117.6,4117.6,3294.1,3294.1,3294.1,4117.6,3294.1,99.8,190.0,1218.7,228.8,322.3,366.5,163.6,123.4,95.8,77.2,42.0,31.6,66.3,45.3,96.9,50.4,51.4,59.8,190.0,3.4,13.6,5.3,7.3,9.1,3.8,2.8,2.1,1.7,0.9,0.6,1.4,0.9,1.8,1.0,1.0,1.2,13.6,3.4,3.9,15.0,6.1,8.3,9.9,4.3,3.2,2.5,2.0,1.1,0.8,1.7,1.2,2.1,1.3,1.3,1.5,3.9,37.1,41.2,41.2,41.2,33.0,33.0,33.0,41.2,33.0,0.0,22.8,30.6,28.8,24.1,22.4,17.9,19.5,20.3,18.9,77.2,69.4,71.2,75.9,77.6,82.1,80.5,79.7,81.1,0.0,0.0,0.0,0.0,0.0,0.0,0.0,0.0,0.0,1330.9,13.33,20,19,19,43,62,467,1,72.6,54.6,58.5,53.0,54.0,53.7,53.4,52.7,52.6,52.6,52.5,52.5,52.3,52.4,52.2,46.8,43.7,1.319,1.025,1.325,2.870,9.814,2.889,18.643,22.912,1.259,1.832,1.763,1.268,1.116,0.982,1.036,1.060,1.012,3.740,10.074,13.814,22.788,1330.6,1330.6,3940.8,3952.7,3928.8,4400.0,25.9,4.8,20.7,57.4,36.8,No,No,No,0.126,0.006,1.8,44,95.0,100.0,No,No,90780,98668,32,99.0,No,No,3320,0.3,0.5,0.8,0.710,2.130,266012,235724,0.0,0.0,0.0,0.000,0.000,343,3,34.1,46.1,83.0,0.669,12.154,12.195,12.171,12.098,1130,17.247,6.423,7.274,1.207,15.639,11.589,4.041,0.336,7.274,9.920,1.575,5.378,220.000,240.000,210.0,101.2,555.0,210.0,600.0,0.0,19.0,0.0,0.0,23.0,0.1,0.2,0.0,0.0,0.0,33,Yes,No,No,No,No,Yes,No,7.8,10.0,7,0,0,0,0,0,0,0,0,200,0,0,0,0,0,0,0,0,0,0,0,0,0,0,0,0,0,0,0,0,6310,1882,1716,82,2.5,62.1,3067.0,14.8,14.2,14.1,14.1,64.5,240.9,15.8,15.1,15.0,15.0,16.10,67.54,0.33,0.32,70.80,70.80,1.29,14.60,16.10,0.00,17.11,0,0,0.0,0.0,28594,1100,0.5,0.0,0,
2.7.2026,9:15:44.660,20108,3666,84.5,11446,4852,70.2,9.6,7476,720,1.311,1.300,1.312,1.312,1.312,1.312,1.312,1.312,1.312,4117.6,4117.6,4117.6,4117.6,4117.6,4117.6,4117.6,4117.6,4117.6,99.8,165.2,1175.2,173.5,280.0,371.7,123.8,93.6,59.1,48.7,22.9,24.9,44.2,31.5,80.1,28.9,53.9,32.0,165.2,3.4,14.1,4.5,7.2,9.4,3.2,2.5,1.7,1.5,1.0,1.0,1.4,1.1,1.8,1.0,1.6,1.1,14.1,3.4,3.3,15.3,4.6,7.7,9.8,3.1,2.3,1.4,1.2,0.6,0.6,1.1,0.8,1.6,0.7,1.4,0.8,3.3,41.2,41.2,41.2,41.2,41.2,41.2,41.2,41.2,41.2,0.0,21.6,29.5,28.0,22.7,20.9,16.9,18.0,19.1,18.1,78.4,70.5,72.0,77.3,79.1,83.1,82.0,80.9,81.9,0.0,0.0,0.0,0.0,0.0,0.0,0.0,0.0,0.0,1330.9,13.33,20,19,19,43,62,467,1,69.5,53.4,58.8,52.2,52.8,52.9,52.4,52.0,51.9,52.0,51.8,51.9,51.6,51.6,51.6,44.8,43.2,1.319,1.031,1.325,2.692,9.827,2.689,17.825,22.496,1.187,1.623,1.730,1.160,1.038,0.951,0.983,1.012,0.998,3.502,10.087,13.588,22.522,1330.6,1330.6,3952.9,3964.7,3941.1,4400.0,25.6,4.5,19.8,56.2,36.6,No,No,No,0.096,0.003,1.7,44,95.0,100.0,No,No,90780,98668,32,99.0,No,No,3320,0.0,0.6,0.6,0.040,0.204,266012,235725,0.0,0.0,0.0,0.000,0.000,343,3,34.1,46.2,83.0,0.669,12.153,12.194,12.170,12.096,1128,17.224,6.356,7.076,1.268,15.541,11.612,3.931,0.336,7.076,10.082,1.281,5.357,220.000,240.000,210.0,101.2,555.0,210.0,600.0,0.0,18.0,0.0,0.0,23.0,0.1,0.2,0.0,0.0,0.0,33,Yes,No,No,No,No,Yes,No,7.8,10.0,7,0,0,0,0,0,0,0,0,200,0,0,0,0,0,0,0,0,0,0,0,0,0,0,0,0,0,0,0,0,6310,1882,1716,82,2.5,10.6,3058.6,1.3,1.2,1.2,1.2,10.7,240.5,1.3,1.2,1.2,1.2,94.15,757.74,0.33,0.33,825.26,825.26,1.50,92.37,94.15,0.00,100.55,0,0,0.0,0.0,28594,1100,0.1,0.0,0,
2.7.2026,9:15:46.669,20107,3667,84.5,11444,4854,70.2,9.6,7476,720,1.318,1.312,1.319,1.319,1.319,1.319,1.319,1.319,1.319,3649.7,4117.6,4117.6,3294.1,3294.1,3593.5,3593.5,3593.5,3593.5,99.8,169.5,1174.7,185.0,222.0,412.5,121.8,86.9,59.6,47.7,60.3,21.7,33.0,29.3,77.4,31.2,109.4,38.8,169.5,3.1,12.7,4.5,5.4,10.0,3.0,2.1,1.4,1.2,1.5,0.6,0.9,0.8,1.5,0.8,2.6,0.9,12.7,3.1,3.4,14.1,4.9,6.0,10.9,3.3,2.2,1.5,1.2,1.6,0.5,0.8,0.7,1.5,0.8,2.9,0.9,3.4,36.6,41.2,41.2,33.0,33.0,36.0,36.0,36.0,36.0,0.0,21.9,29.4,28.0,22.8,21.0,17.6,17.8,19.4,19.6,78.1,70.6,72.0,77.2,79.0,82.4,82.2,80.6,80.4,0.0,0.0,0.0,0.0,0.0,0.0,0.0,0.0,0.0,1330.9,13.33,20,19,19,43,62,467,1,66.4,53.6,57.0,52.2,52.9,52.9,52.3,51.9,51.9,51.9,51.7,52.0,51.5,51.6,51.5,46.5,43.5,1.319,1.025,1.325,2.672,9.811,2.676,18.288,22.477,1.219,1.715,1.732,1.162,1.062,0.991,0.994,1.032,1.063,3.508,10.071,13.579,22.520,1330.6,1330.6,3973.2,3984.3,3962.1,4400.0,25.6,4.5,20.3,56.4,35.7,No,No,No,0.096,0.004,1.8,44,95.0,100.0,No,No,90780,98668,32,99.0,No,No,3320,0.1,0.3,0.4,0.008,0.122,266012,235725,0.0,0.0,0.0,0.000,0.000,343,3,34.2,46.2,83.0,0.669,12.150,12.189,12.167,12.093,1129,17.151,6.368,7.202,1.121,15.647,11.646,4.001,0.336,7.202,9.916,1.253,5.354,220.000,240.000,210.0,101.2,555.0,210.0,600.0,0.0,19.0,0.0,0.0,23.0,0.1,0.2,0.0,0.0,0.0,33,Yes,No,No,No,No,Yes,No,7.8,10.0,7,0,0,0,0,0,0,0,0,200,0,0,0,0,0,0,0,0,0,0,0,0,0,0,0,0,0,0,0,0,6310,1882,1716,82,2.5,8.4,2903.1,1.0,0.9,0.9,0.9,8.4,240.1,1.0,0.9,0.9,0.9,118.86,981.69,0.34,0.34,1071.78,1071.78,1.30,117.46,118.86,0.00,225.75,0,0,0.0,0.0,28594,1100,0.2,0.2,0,
2.7.2026,9:15:48.676,20111,3663,84.5,11442,4856,70.2,9.6,7476,720,1.319,1.319,1.319,1.319,1.319,1.319,1.319,1.319,1.319,4117.6,4117.6,4117.6,4117.6,4117.6,4117.6,4117.6,4117.6,4117.6,99.8,155.4,1127.6,202.0,222.4,382.1,75.7,98.2,55.8,36.9,22.4,16.6,46.4,24.7,80.7,26.7,27.6,40.2,155.4,2.3,10.8,4.4,4.8,9.5,1.3,1.8,0.8,0.4,0.1,0.0,0.6,0.1,0.9,0.1,0.1,0.4,10.8,2.3,2.9,12.4,5.4,5.9,10.1,1.9,2.5,1.4,0.9,0.6,0.4,1.2,0.6,1.5,0.6,0.7,1.0,2.9,41.2,41.2,41.2,41.2,41.2,41.2,41.2,41.2,41.2,0.0,21.0,28.2,26.9,21.7,20.3,16.7,17.8,18.8,17.6,79.0,71.8,73.1,78.3,79.7,83.3,82.2,81.2,82.4,0.0,0.0,0.0,0.0,0.0,0.0,0.0,0.0,0.0,1330.9,13.33,20,19,19,43,62,467,1,63.2,53.2,58.0,52.0,52.7,52.7,52.2,51.8,51.8,51.8,51.7,51.7,51.4,51.5,51.4,47.8,44.0,1.319,1.025,1.325,2.793,9.790,2.788,17.615,22.537,1.191,1.680,1.670,1.137,1.047,0.969,1.004,1.034,0.988,3.642,10.052,13.694,22.620,1330.6,1330.6,3984.7,3996.0,3973.5,4400.0,25.7,4.6,19.6,56.0,38.0,No,No,No,0.082,0.003,1.7,44,95.0,100.0,No,No,90780,98668,32,99.0,No,No,3320,0.0,0.2,0.2,0.040,0.175,266012,235725,0.0,0.0,0.0,0.000,0.000,343,3,34.1,46.2,83.0,0.669,12.152,12.191,12.169,12.095,1131,17.328,6.370,7.162,1.256,15.467,11.478,3.979,0.336,7.162,9.903,1.611,5.346,220.000,240.000,210.0,101.2,555.0,210.0,600.0,0.0,18.0,0.0,0.0,23.0,0.1,0.2,0.0,0.0,0.0,33,Yes,No,No,No,No,Yes,No,7.8,10.0,7,0,0,0,0,0,0,0,0,200,0,0,0,0,0,0,0,0,0,0,0,0,0,0,0,0,0,0,0,0,6310,1882,1716,82,2.5,5.0,3029.8,0.6,0.5,0.5,0.5,5.0,239.8,0.6,0.5,0.5,0.5,201.00,1729.69,0.33,0.33,1893.33,1893.33,1.50,199.40,201.00,0.00,389.72,0,0,0.0,0.0,28594,1100,0.6,0.0,0,
2.7.2026,9:15:50.682,20107,3667,84.5,11442,4856,70.2,9.6,7476,720,1.221,1.319,1.050,1.050,1.050,1.325,1.325,1.325,1.325,4117.6,4117.6,4117.6,4117.6,4117.6,4117.6,4117.6,4117.6,4117.6,99.8,165.8,1127.5,172.9,219.1,471.2,104.6,88.0,70.5,61.1,40.7,22.0,48.9,40.3,88.0,39.8,28.8,29.2,165.8,3.3,12.1,4.5,5.6,11.2,2.9,2.4,2.0,1.9,1.4,1.0,1.6,1.4,2.0,1.4,1.1,1.0,12.1,3.3,3.3,12.9,4.6,5.8,12.5,2.7,2.2,1.8,1.6,1.1,0.5,1.3,1.0,1.7,1.0,0.7,0.6,3.3,41.2,41.2,41.2,41.2,41.2,41.2,41.2,41.2,41.2,0.0,21.9,28.3,28.8,22.4,21.5,17.7,18.8,19.8,18.1,78.1,71.7,71.2,77.6,78.5,82.3,81.2,80.2,81.9,0.0,0.0,0.0,0.0,0.0,0.0,0.0,0.0,0.0,1330.9,13.33,20,19,19,43,62,467,1,60.4,53.3,57.2,52.1,52.8,52.9,52.2,51.9,51.8,51.8,51.6,51.7,51.4,51.5,51.4,47.0,43.0,1.325,1.025,1.325,2.779,9.780,2.787,18.450,22.609,1.227,1.675,1.777,1.176,1.093,0.997,1.034,1.062,0.999,3.635,10.040,13.675,22.623,1330.6,1330.6,3988.1,4002.3,3973.8,4400.0,25.7,4.6,20.5,56.1,36.8,No,No,No,0.103,0.003,1.8,44,95.0,100.0,No,No,90780,98668,32,99.0,No,No,3320,0.0,0.2,0.2,0.000,0.006,266012,235725,0.0,0.0,0.0,0.000,0.000,343,3,34.0,46.1,83.0,0.669,12.154,12.194,12.172,12.097,1130,17.138,6.368,7.224,1.207,15.592,11.565,4.013,0.336,7.224,9.925,1.257,5.341,220.000,240.000,210.0,101.2,555.0,210.0,600.0,3.0,19.0,0.0,0.0,23.0,0.1,0.3,0.0,0.0,0.0,33,Yes,No,No,No,No,Yes,No,7.8,10.0,7,0,0,0,0,0,0,0,0,200,0,0,0,0,0,0,0,0,0,0,0,0,0,0,0,0,0,0,0,0,6310,1882,1716,82,2.5,5.0,3106.4,0.6,0.5,0.5,0.5,5.0,240.5,0.6,0.5,0.5,0.5,200.58,1725.66,0.32,0.32,1889.35,1889.35,1.37,199.09,200.58,0.00,389.32,0,0,0.0,0.0,28594,1100,0.2,0.1,0,
2.7.2026,9:15:52.691,20107,3666,84.5,11439,4859,70.1,9.6,7476,720,1.312,1.312,1.312,1.312,1.312,1.312,1.312,1.312,1.312,4117.6,4117.6,4117.6,4117.6,4117.6,4117.6,4117.6,4117.6,4117.6,99.8,144.0,1044.1,140.6,169.3,443.4,65.2,97.1,49.5,40.3,22.5,19.3,30.7,24.4,80.6,23.1,30.1,24.1,144.0,2.3,10.4,3.1,3.8,10.6,1.3,2.0,0.9,0.7,0.3,0.2,0.5,0.3,1.2,0.3,0.4,0.3,10.6,2.3,2.7,11.7,3.7,4.5,11.8,1.6,2.5,1.2,1.0,0.6,0.5,0.8,0.6,1.5,0.5,0.7,0.5,2.7,41.2,41.2,41.2,41.2,41.2,41.2,41.2,41.2,41.2,0.0,20.5,26.3,26.9,21.2,19.8,16.5,17.2,18.5,17.2,79.5,73.7,73.1,78.8,80.2,83.5,82.8,81.5,82.8,0.0,0.0,0.0,0.0,0.0,0.0,0.0,0.0,0.0,1330.9,13.33,20,19,19,43,62,467,1,57.5,53.0,56.8,52.0,52.5,52.6,52.1,51.8,51.7,51.8,51.6,51.6,51.4,51.4,51.4,47.0,43.8,1.300,1.025,1.319,2.593,9.768,2.593,17.242,22.296,1.175,1.561,1.684,1.130,1.045,0.975,0.991,1.033,0.983,3.382,10.026,13.408,22.340,1330.6,1330.6,3988.8,4006.9,3970.7,4400.0,25.4,4.3,19.2,55.8,35.7,No,No,No,0.075,0.003,1.6,44,95.0,100.0,No,No,90780,98668,32,99.0,No,No,3320,0.0,0.6,0.6,0.000,0.018,266012,235725,0.0,0.0,0.0,0.000,0.000,343,3,34.2,46.2,83.0,0.669,12.157,12.197,12.174,12.100,1130,17.279,6.371,7.373,1.183,15.558,11.459,4.096,0.336,7.373,9.719,1.260,5.349,220.000,240.000,210.0,101.2,555.0,210.0,600.0,0.0,18.0,0.0,0.0,23.0,0.1,0.3,0.0,0.0,0.0,33,Yes,No,No,No,No,Yes,No,7.8,10.0,7,0,0,0,0,0,0,0,0,200,0,0,0,0,0,0,0,0,0,0,0,0,0,0,0,0,0,0,0,0,6310,1882,1716,82,2.5,5.0,2686.4,0.6,0.5,0.5,0.5,5.0,240.5,0.6,0.5,0.5,0.5,200.59,1725.46,0.37,0.37,1889.10,1889.10,1.63,198.71,200.59,0.00,389.28,0,0,0.0,0.0,28594,1100,0.4,0.0,0,
2.7.2026,9:15:54.679,20104,3670,84.5,11436,4862,70.1,9.6,7476,720,1.155,1.319,1.319,1.319,1.056,1.056,1.056,1.056,1.056,3846.2,4117.6,3593.5,4117.6,3294.1,3294.1,4117.6,4117.6,4117.6,99.8,174.5,1204.2,195.2,221.8,407.7,93.2,116.5,54.2,70.9,24.2,21.0,36.2,30.9,208.1,36.0,41.6,30.2,174.5,3.3,14.0,4.7,5.3,10.0,2.2,2.8,1.3,1.7,0.7,0.6,0.9,0.8,4.7,0.9,1.0,0.7,14.0,3.3,3.5,15.4,5.2,5.9,10.7,2.4,3.0,1.3,1.8,0.6,0.5,0.9,0.8,5.1,0.9,1.0,0.7,3.5,38.5,41.2,36.0,41.2,33.0,33.0,41.2,41.2,41.2,0.0,22.3,30.1,27.8,22.7,21.3,17.4,18.4,22.1,18.4,77.7,69.9,72.2,77.3,78.7,82.6,81.6,77.9,81.6,0.0,0.0,0.0,0.0,0.0,0.0,0.0,0.0,0.0,1330.9,13.33,20,19,19,43,62,467,1,55.4,53.4,57.0,52.0,52.9,52.5,52.1,51.7,51.7,51.7,51.8,51.7,51.4,51.4,51.3,45.0,43.1,1.331,1.031,1.325,2.959,9.824,2.956,18.761,22.842,1.243,1.839,1.661,1.193,1.083,0.987,1.012,1.139,1.027,3.873,10.086,13.959,22.892,1330.6,1330.6,3990.1,4002.5,3977.7,4400.0,26.0,4.9,20.8,56.2,38.7,No,No,No,0.107,0.006,1.8,44,95.0,100.0,No,No,90780,98668,32,99.0,No,No,3320,0.1,0.4,0.5,0.040,0.207,266012,235726,0.0,0.0,0.0,0.000,0.000,343,3,34.1,46.2,83.0,0.669,12.150,12.188,12.168,12.093,1131,17.334,6.574,7.773,1.316,15.976,11.658,4.318,0.336,7.773,9.869,1.313,5.405,220.000,240.000,210.0,101.2,555.0,210.0,600.0,0.0,18.0,0.0,0.0,23.0,0.1,0.4,0.0,0.0,0.0,33,Yes,No,No,No,No,Yes,No,8.0,10.2,7,0,0,0,0,0,0,0,0,200,0,0,0,0,0,0,0,0,0,0,0,0,0,0,0,0,0,0,0,0,6310,1882,1716,82,2.5,7.5,2914.6,0.6,0.5,0.5,0.5,7.5,241.0,0.6,0.5,0.5,0.5,133.44,1660.55,0.34,0.34,1893.31,1893.31,1.52,131.76,133.44,0.00,260.05,0,0,0.0,0.0,28594,1100,0.2,0.1,0,
2.7.2026,9:15:56.690,20104,3669,84.5,11440,4858,70.1,9.6,7476,720,1.317,1.306,1.319,1.319,1.319,1.319,1.319,1.319,1.319,3649.7,4117.6,4117.6,3294.1,3294.1,3593.5,3593.5,3593.5,3593.5,99.8,343.1,1635.7,394.9,725.9,705.9,317.5,301.7,221.5,234.2,89.2,70.6,160.2,135.2,162.6,111.9,141.6,81.5,343.1,7.0,20.4,9.4,17.4,17.2,7.5,7.1,5.2,5.5,2.1,1.6,3.8,3.2,3.4,2.6,3.4,1.9,20.4,7.0,7.9,22.9,10.6,19.8,19.1,8.5,8.0,5.9,6.3,2.4,1.8,4.3,3.6,3.8,2.9,3.8,2.1,7.9,36.6,41.2,41.2,33.0,33.0,36.0,36.0,36.0,36.0,0.0,30.2,40.4,42.0,32.2,30.4,22.0,25.0,25.9,23.8,69.8,59.6,58.0,67.8,69.6,78.0,75.0,74.1,76.2,0.0,0.0,0.0,0.0,0.0,0.0,0.0,0.0,0.0,1330.9,13.33,20,19,19,43,62,467,1,62.8,55.8,58.2,53.3,54.4,55.1,53.6,53.3,52.5,52.8,52.4,52.5,52.0,52.1,51.9,46.0,43.3,1.331,1.025,1.325,4.531,9.912,4.527,25.637,25.042,1.672,2.380,2.746,1.719,1.541,1.160,1.316,1.296,1.219,5.978,10.182,16.160,25.121,1330.6,1330.6,4003.0,4015.7,3990.4,4399.1,28.5,7.5,28.5,58.7,44.5,No,No,No,0.269,0.006,2.4,44,95.0,100.0,No,No,90780,98668,32,99.0,No,No,3320,0.0,0.5,0.6,0.032,2.342,266012,235730,0.0,0.0,0.0,0.000,0.000,343,3,34.0,46.0,83.0,0.669,12.149,12.188,12.167,12.092,1131,17.283,6.379,7.337,1.219,15.573,11.500,4.076,0.336,7.337,9.814,1.261,5.332,220.000,240.000,210.0,101.2,555.0,210.0,600.0,0.0,17.0,0.0,0.0,23.0,0.1,0.3,0.0,0.0,0.0,33,Yes,No,No,No,No,Yes,No,7.8,10.0,7,0,0,0,0,0,0,0,0,200,0,0,0,0,0,0,0,0,0,0,0,0,0,0,0,0,0,0,0,0,6310,1882,1716,82,2.5,70.0,2843.3,17.9,17.2,17.2,17.2,73.0,240.4,19.3,18.5,18.4,18.4,14.29,55.74,0.35,0.35,58.25,58.25,1.43,12.67,14.29,0.00,15.28,0,0,0.0,0.0,28594,1100,0.1,0.1,0,
2.7.2026,9:15:58.701,20106,3667,84.5,11439,4859,70.1,9.6,7476,720,1.302,1.306,1.312,1.300,1.300,1.300,1.300,1.300,1.300,3499.9,4117.6,3294.1,3294.1,3294.1,3294.1,3294.1,4117.6,3294.1,99.8,151.1,1070.1,163.4,217.4,378.2,77.3,102.7,51.3,46.6,21.8,29.0,49.7,29.6,80.1,40.1,25.8,34.8,151.1,2.9,11.3,4.1,5.5,9.6,2.0,2.6,1.4,1.3,0.8,0.9,1.4,0.9,1.7,1.2,0.8,1.0,11.3,2.9,2.9,12.1,4.3,5.9,9.9,2.0,2.6,1.2,1.2,0.6,0.7,1.3,0.7,1.6,1.0,0.6,0.8,2.9,35.1,41.2,33.0,33.0,33.0,33.0,33.0,41.2,33.0,0.0,20.7,27.0,26.7,21.3,20.1,16.5,17.6,18.7,17.2,79.3,73.0,73.3,78.7,79.9,83.5,82.4,81.3,82.8,0.0,0.0,0.0,0.0,0.0,0.0,0.0,0.0,0.0,1330.9,13.33,20,19,19,43,62,467,1,59.9,52.8,57.0,51.7,52.3,52.3,51.9,51.5,51.5,51.5,51.4,51.4,51.2,51.3,51.2,45.0,43.4,1.312,1.031,1.306,2.395,9.773,2.396,16.983,22.035,1.138,1.564,1.593,1.110,1.007,0.932,0.961,0.995,0.944,3.104,10.031,13.136,22.069,1330.6,1330.6,3950.2,3965.7,3934.6,4400.0,25.1,4.0,18.9,55.6,33.8,No,No,No,0.083,0.004,1.7,44,95.0,100.0,No,No,90780,98668,32,99.0,No,No,3320,0.0,0.2,0.2,0.000,0.501,266012,235731,0.0,0.0,0.0,0.000,0.000,343,3,34.1,46.2,83.0,0.669,12.150,12.190,12.168,12.094,1130,17.135,6.374,7.483,1.207,15.526,11.368,4.157,0.336,7.483,9.602,1.263,5.319,220.000,240.000,210.0,101.2,555.0,210.0,600.0,0.0,17.0,0.0,0.0,23.0,0.1,0.3,0.0,0.0,0.0,33,Yes,No,No,No,No,Yes,No,7.8,10.0,7,0,0,0,0,0,0,0,0,200,0,0,0,0,0,0,0,0,0,0,0,0,0,0,0,0,0,0,0,0,6310,1882,1716,82,2.5,62.1,3127.9,14.0,13.4,13.3,13.3,64.6,240.4,14.9,14.2,14.1,14.1,16.10,71.35,0.32,0.32,75.12,75.12,1.42,14.31,16.10,0.00,16.49,0,0,0.0,0.0,28594,1100,0.4,9.2,0,
2.7.2026,9:16:0.694,20106,3668,84.5,11436,4862,70.1,9.6,7476,720,1.318,1.312,1.319,1.319,1.319,1.319,1.319,1.319,1.319,3911.7,4117.6,4117.6,4117.6,4117.6,4117.6,3294.1,3294.1,4117.6,99.8,157.8,1033.6,165.8,309.5,361.7,87.7,96.9,63.6,57.1,24.2,24.6,43.5,39.6,78.1,33.5,49.4,55.2,157.8,2.5,9.8,3.6,7.1,8.7,1.7,1.9,1.1,1.0,0.2,0.2,0.7,0.6,1.0,0.4,0.8,0.9,9.8,2.5,3.1,11.0,4.3,8.4,9.5,2.2,2.4,1.6,1.4,0.6,0.6,1.1,1.0,1.5,0.8,1.3,1.4,3.1,39.2,41.2,41.2,41.2,41.2,41.2,33.0,33.0,41.2,0.0,21.1,26.2,28.2,21.4,20.4,16.9,18.0,18.9,18.4,78.9,73.8,71.8,78.6,79.6,83.1,82.0,81.1,81.6,0.0,0.0,0.0,0.0,0.0,0.0,0.0,0.0,0.0,1330.9,13.33,20,19,19,43,62,467,1,57.0,52.7,55.8,51.6,52.1,52.3,51.8,51.5,51.4,51.5,51.2,51.4,51.1,51.2,51.1,46.8,43.1,1.319,1.031,1.300,2.400,9.774,2.401,17.199,22.041,1.134,1.476,1.650,1.103,1.023,0.924,0.962,0.977,0.956,3.108,10.033,13.141,22.075,1330.6,1330.6,3940.9,3953.7,3928.0,4400.0,25.1,4.0,19.1,55.5,34.0,No,No,No,0.089,0.003,1.7,44,95.0,100.0,No,No,90780,98668,32,99.0,No,No,3320,0.0,0.5,0.5,0.000,0.099,266012,235731,0.0,0.0,0.0,0.000,0.000,343,3,34.1,46.2,83.0,0.669,12.150,12.189,12.167,12.093,1130,17.224,6.388,7.227,1.207,15.647,11.622,4.015,0.336,7.227,9.972,1.287,5.343,220.000,240.000,210.0,101.2,555.0,210.0,600.0,0.0,18.0,0.0,0.0,23.0,0.1,0.3,0.0,0.0,0.0,33,Yes,No,No,No,No,Yes,No,7.8,10.1,7,0,0,0,0,0,0,0,0,200,0,0,0,0,0,0,0,0,0,0,0,0,0,0,0,0,0,0,0,0,6310,1882,1716,82,2.5,62.4,3196.2,14.8,14.2,14.1,14.1,64.6,240.4,15.8,15.1,15.0,15.0,16.02,67.44,0.31,0.31,70.70,70.70,1.18,14.68,16.02,0.00,16.99,0,0,0.0,0.0,28594,1100,1.8,0.4,0,
2.7.2026,9:16:2.705,20108,3666,84.5,11437,4861,70.1,9.6,7476,720,1.213,1.312,1.056,1.056,1.056,1.306,1.306,1.306,1.306,4114.5,4117.6,4117.6,4092.6,4117.6,4117.6,4117.6,4117.6,4117.6,99.8,221.7,1413.4,447.2,359.2,390.2,133.6,126.2,88.3,76.1,30.1,36.4,47.7,47.8,77.9,40.6,193.5,39.4,221.7,4.2,13.2,11.0,8.9,9.8,3.4,3.2,2.3,2.1,1.0,1.1,1.4,1.4,1.7,1.2,4.9,1.1,13.2,4.2,4.4,14.3,12.1,9.7,10.3,3.4,3.2,2.2,2.0,0.8,0.9,1.2,1.2,1.6,1.0,5.2,0.9,4.4,41.2,41.2,41.2,41.0,41.2,41.2,41.2,41.2,41.2,0.0,24.5,35.3,31.6,25.0,23.7,18.2,19.5,21.0,21.9,75.5,64.7,68.4,75.0,76.3,81.8,80.5,79.0,78.1,0.0,0.0,0.0,0.0,0.0,0.0,0.0,0.0,0.0,1330.9,13.33,20,19,19,43,62,467,1,65.1,53.9,56.8,52.1,53.2,52.6,52.2,51.8,51.7,51.8,51.5,51.8,51.3,51.4,51.3,45.5,42.8,1.325,1.031,1.319,3.032,9.854,3.035,20.332,22.971,1.291,2.007,1.775,1.247,1.127,0.981,1.016,1.040,1.139,3.964,10.116,14.079,23.026,1330.6,1330.6,3961.9,3974.6,3949.2,4400.0,26.2,5.1,22.6,56.7,38.1,No,No,No,0.148,0.003,2.0,44,95.0,100.0,No,No,90780,98668,32,99.0,No,No,3320,0.0,0.2,0.2,0.000,0.075,266012,235731,0.0,0.0,0.0,0.000,0.000,343,3,34.0,46.0,83.0,0.669,12.156,12.196,12.173,12.099,1130,17.039,6.292,6.991,1.134,15.472,11.579,3.884,0.336,6.991,9.962,1.255,5.322,220.000,240.000,210.0,101.2,555.0,210.0,600.0,0.0,18.0,0.0,0.0,23.0,0.1,0.4,0.0,0.0,0.0,33,Yes,No,No,No,No,Yes,No,7.7,10.0,7,0,0,0,0,0,0,0,0,200,0,0,0,0,0,0,0,0,0,0,0,0,0,0,0,0,0,0,0,0,6310,1882,1716,83,2.5,44.4,2710.9,11.8,11.5,11.4,11.4,46.1,239.2,12.4,12.0,12.0,12.0,22.52,84.50,0.37,0.37,87.50,87.50,1.21,21.14,22.52,0.00,22.98,0,0,0.0,0.0,28594,1100,0.5,0.2,0,
2.7.2026,9:16:4.710,20109,3665,84.5,11437,4861,70.1,9.6,7476,720,1.312,1.312,1.312,1.312,1.312,1.312,1.312,1.312,1.312,3659.0,4117.6,3593.5,3593.5,3593.5,3593.5,3593.5,3593.5,3593.5,99.8,165.4,1159.9,213.9,194.9,391.3,85.7,98.8,56.4,55.7,80.5,22.0,35.1,29.7,83.2,27.1,80.9,31.4,165.4,2.8,12.4,4.7,5.0,9.3,2.4,1.9,0.9,0.9,1.5,0.1,0.4,0.3,1.9,0.2,1.5,1.0,12.4,2.8,3.2,13.2,5.7,5.2,10.3,2.2,2.5,1.4,1.4,2.2,0.5,0.9,0.7,1.6,0.6,2.1,0.7,3.2,36.7,41.2,36.0,36.0,36.0,36.0,36.0,36.0,36.0,0.0,21.7,29.2,27.0,22.1,21.2,18.1,18.0,19.3,18.5,78.3,70.8,73.0,77.9,78.8,81.9,82.0,80.7,81.5,0.0,0.0,0.0,0.0,0.0,0.0,0.0,0.0,0.0,1330.9,13.33,20,19,19,43,62,467,1,62.1,52.8,57.5,51.6,52.3,52.2,51.7,51.4,51.4,51.4,51.2,51.3,51.1,51.1,51.0,46.2,43.3,1.344,1.031,1.325,2.516,9.796,2.511,17.744,22.191,1.157,1.622,1.629,1.107,1.008,0.961,0.953,0.989,0.983,3.272,10.056,13.328,22.254,1330.6,1330.6,3946.3,3954.8,3937.8,4400.0,25.3,4.2,19.7,55.6,35.1,No,No,No,0.094,0.003,1.7,44,95.0,100.0,No,No,90780,98668,32,99.0,No,No,3320,0.0,0.2,0.2,0.040,0.228,266012,235732,0.0,0.0,0.0,0.000,0.000,343,3,34.1,46.2,83.0,0.669,12.153,12.192,12.170,12.096,1130,17.021,6.340,7.315,1.085,15.541,11.479,4.064,0.336,7.315,9.661,1.258,5.343,220.000,240.000,210.0,101.2,555.0,210.0,600.0,0.0,18.0,0.0,0.0,23.0,0.1,0.2,0.0,0.0,0.0,33,Yes,No,No,No,No,Yes,No,7.7,10.0,7,0,0,0,0,0,0,0,0,200,0,0,0,0,0,0,0,0,0,0,0,0,0,0,0,0,0,0,0,0,6310,1882,1716,83,2.5,50.1,3059.2,13.8,13.4,13.3,13.3,52.1,240.8,14.6,14.2,14.1,14.1,19.98,72.45,0.33,0.33,74.97,74.97,1.24,18.46,19.98,0.00,20.51,0,0,0.0,0.0,28594,1100,3.7,2.4,0,
2.7.2026,9:16:6.720,20110,3664,84.5,11436,4862,70.1,9.6,7476,720,1.312,1.312,1.312,1.312,1.312,1.312,1.312,1.312,1.312,3724.5,4117.6,3593.5,3593.5,3593.5,3593.5,3593.5,3593.5,4117.6,99.8,182.8,1296.2,224.1,211.6,460.4,151.2,80.1,52.2,39.9,31.2,21.4,36.4,39.1,80.5,38.4,129.6,33.2,182.8,3.6,14.9,5.8,4.7,11.6,3.3,2.3,1.7,1.4,1.3,1.0,1.4,1.4,1.2,1.3,3.5,0.4,14.9,3.6,3.7,16.9,6.0,5.6,12.2,4.0,2.0,1.3,1.0,0.8,0.5,0.9,1.0,1.6,0.9,3.5,0.8,3.7,37.3,41.2,36.0,36.0,36.0,36.0,36.0,36.0,41.2,0.0,22.9,32.3,29.3,23.9,21.4,17.5,18.6,20.3,20.1,77.1,67.7,70.7,76.1,78.6,82.5,81.4,79.7,79.9,0.0,0.0,0.0,0.0,0.0,0.0,0.0,0.0,0.0,1330.9,13.33,20,19,19,43,62,467,1,59.4,53.2,56.2,51.8,52.6,52.4,51.9,51.5,51.5,51.5,51.3,51.5,51.1,51.2,51.1,46.2,43.7,1.306,1.025,1.300,2.894,9.834,2.898,19.164,22.770,1.233,1.809,1.736,1.182,1.048,0.973,1.004,1.040,1.073,3.778,10.095,13.873,22.814,1330.6,1330.6,3979.2,3990.5,3967.9,4400.0,25.9,4.8,21.3,56.0,38.0,No,No,No,0.110,0.003,1.8,44,95.0,100.0,No,No,90780,98668,32,99.0,No,No,3320,0.0,0.3,0.3,0.000,0.091,266012,235732,0.0,0.0,0.0,0.000,0.000,343,3,34.0,46.2,83.0,0.669,12.149,12.187,12.166,12.092,1129,17.207,6.296,6.993,1.158,15.463,11.572,3.885,0.336,6.993,9.976,1.257,5.330,220.000,240.000,210.0,101.2,555.0,210.0,600.0,0.0,19.0,0.0,0.0,23.0,0.1,0.2,0.0,0.0,0.0,33,Yes,No,No,No,No,Yes,No,7.7,9.9,7,0,0,0,0,0,0,0,0,200,0,0,0,0,0,0,0,0,0,0,0,0,0,0,0,0,0,0,0,0,6310,1882,1716,83,2.5,63.1,3303.1,19.1,18.5,18.5,18.5,66.6,239.2,20.7,20.1,20.0,20.0,15.85,52.49,0.30,0.30,54.16,54.16,1.19,14.38,15.85,0.00,16.29,0,0,0.0,0.0,28594,1100,0.1,0.1,0,
2.7.2026,9:16:8.729,20108,3666,84.5,11434,4863,70.1,9.6,7476,720,1.312,1.312,1.312,1.312,1.312,1.312,1.312,1.312,1.312,3659.0,4117.6,3593.5,3593.5,3593.5,3593.5,3593.5,3593.5,3593.5,99.8,141.3,1059.4,108.5,194.5,373.1,96.1,72.2,51.4,32.6,32.2,19.3,30.0,26.9,87.4,25.8,23.4,28.0,141.3,2.2,12.2,2.1,4.2,9.3,1.8,1.1,0.7,0.2,0.3,0.0,0.2,0.1,1.1,0.0,0.8,0.9,12.2,2.2,2.7,13.2,2.8,5.2,9.8,2.5,1.8,1.3,0.8,0.9,0.5,0.8,0.7,1.7,0.6,0.6,0.6,2.7,36.7,41.2,36.0,36.0,36.0,36.0,36.0,36.0,36.0,0.0,20.4,26.7,25.9,21.3,19.8,16.7,17.1,18.6,17.2,79.6,73.3,74.1,78.7,80.2,83.3,82.9,81.4,82.8,0.0,0.0,0.0,0.0,0.0,0.0,0.0,0.0,0.0,1330.9,13.33,20,19,19,43,62,467,1,56.6,52.6,55.8,51.6,52.1,52.1,51.7,51.3,51.3,51.4,51.2,51.2,51.0,51.1,51.0,45.5,43.5,1.306,1.025,1.300,2.513,9.761,2.513,16.934,22.176,1.140,1.580,1.592,1.101,1.002,0.940,0.957,1.001,0.948,3.275,10.019,13.294,22.223,1330.6,1330.6,3968.1,3980.3,3956.0,4400.0,25.3,4.2,18.8,55.4,35.6,No,No,No,0.074,0.003,1.6,44,95.0,100.0,No,No,90780,98668,32,99.0,No,No,3320,0.0,0.1,0.1,0.000,0.018,266012,235732,0.0,0.0,0.0,0.000,0.000,343,3,34.0,46.0,83.0,0.669,12.149,12.188,12.167,12.093,1130,17.147,6.338,7.245,1.194,15.477,11.452,4.025,0.336,7.245,9.783,1.283,5.343,220.000,240.000,210.0,101.2,555.0,210.0,600.0,0.0,18.0,0.0,0.0,23.0,0.1,0.2,0.0,0.0,0.0,33,Yes,No,No,No,No,Yes,No,7.8,9.9,7,0,0,0,0,0,0,0,0,200,0,0,0,0,0,0,0,0,0,0,0,0,0,0,0,0,0,0,0,0,6310,1882,1716,83,2.5,52.1,2814.1,14.6,14.1,14.1,14.1,54.5,240.2,15.5,15.0,15.0,15.0,19.19,68.58,0.36,0.35,70.92,70.92,1.17,17.39,19.19,0.00,19.64,0,0,0.0,0.0,28594,1100,0.2,0.1,0,
2.7.2026,9:16:10.755,20108,3666,84.5,11434,4864,70.1,9.6,7476,720,1.187,1.312,1.056,1.056,1.056,1.056,1.319,1.319,1.319,4117.6,4117.6,4117.6,4117.6,4117.6,4117.6,4117.6,4117.6,4117.6,99.8,145.9,1052.7,121.7,210.2,384.7,107.4,73.1,50.4,37.9,24.5,20.9,38.8,31.0,83.1,26.6,35.6,35.9,145.9,2.5,10.6,3.0,5.2,8.7,2.7,1.8,1.3,1.0,0.8,0.7,1.1,0.9,1.7,0.7,0.2,0.2,10.6,2.5,2.8,12.3,3.2,5.6,10.1,2.8,1.8,1.2,0.9,0.6,0.5,1.0,0.8,1.6,0.6,0.9,0.9,2.8,41.2,41.2,41.2,41.2,41.2,41.2,41.2,41.2,41.2,0.0,20.6,26.5,26.4,21.5,20.0,16.7,17.4,18.7,17.8,79.4,73.5,73.6,78.5,80.0,83.3,82.6,81.3,82.2,0.0,0.0,0.0,0.0,0.0,0.0,0.0,0.0,0.0,1330.9,13.33,20,19,19,43,62,467,1,54.0,52.6,57.0,51.5,52.0,52.1,51.7,51.3,51.3,51.3,51.1,51.2,51.0,51.0,50.9,45.0,42.9,1.306,1.025,1.319,2.641,9.768,2.642,17.325,22.332,1.160,1.561,1.609,1.142,1.026,0.960,0.983,1.018,0.979,3.442,10.028,13.470,22.400,1330.6,1330.6,3983.6,3997.5,3969.8,4400.0,25.5,4.4,19.3,55.3,36.8,No,No,No,0.074,0.003,1.7,44,95.0,100.0,No,No,90780,98668,32,99.0,No,No,3320,0.0,0.2,0.2,0.000,0.008,266012,235732,0.0,0.0,0.0,0.000,0.000,343,3,34.1,46.1,83.0,0.669,12.150,12.190,12.167,12.093,1129,17.236,6.346,7.231,1.170,15.477,11.452,4.017,0.336,7.231,9.765,1.442,5.341,220.000,240.000,210.0,101.2,555.0,210.0,600.0,0.0,18.0,0.0,0.0,23.0,0.1,0.2,0.0,0.0,0.0,33,Yes,No,No,No,No,Yes,No,7.7,9.9,7,0,0,0,0,0,0,0,0,200,0,0,0,0,0,0,0,0,0,0,0,0,0,0,0,0,0,0,0,0,6310,1882,1716,83,2.5,50.0,2234.8,14.6,14.2,14.1,14.1,52.1,239.6,15.5,15.0,15.0,15.0,19.99,68.63,0.45,0.45,70.79,70.79,0.90,18.83,19.99,0.00,21.24,0,0,0.0,0.0,28594,1100,0.6,0.2,0,
2.7.2026,9:16:12.747,20105,3669,84.5,11431,4867,70.1,9.6,7476,720,1.312,1.312,1.312,1.312,1.312,1.312,1.312,1.312,1.312,4117.6,4117.6,4117.6,4117.6,4117.6,4117.6,4117.6,4117.6,4117.6,99.8,145.5,1038.7,99.5,287.6,373.1,82.9,74.0,53.2,37.9,22.5,19.4,32.9,30.3,81.9,24.1,32.0,38.6,145.5,2.9,11.5,2.7,7.2,9.4,2.3,2.0,1.5,1.2,0.9,0.8,1.2,1.1,1.8,0.9,1.1,1.2,11.5,2.9,2.8,12.2,2.5,7.8,9.8,2.1,1.8,1.3,0.9,0.6,0.5,0.8,0.8,1.6,0.6,0.8,0.9,2.8,41.2,41.2,41.2,41.2,41.2,41.2,41.2,41.2,41.2,0.0,20.8,26.2,28.0,21.3,20.2,16.8,17.5,18.7,17.7,79.2,73.8,72.0,78.7,79.8,83.2,82.5,81.3,82.3,0.0,0.0,0.0,0.0,0.0,0.0,0.0,0.0,0.0,1330.9,13.33,20,19,19,43,62,467,1,61.0,52.6,56.0,51.5,52.0,52.3,51.6,51.3,51.3,51.3,51.1,51.2,50.9,51.0,50.9,47.0,43.3,1.337,1.031,1.319,2.645,9.777,2.645,17.538,22.381,1.169,1.531,1.704,1.121,1.036,0.968,0.989,1.023,0.980,3.445,10.038,13.483,22.413,1330.6,1330.6,3991.7,4005.4,3978.1,4400.0,25.5,4.4,19.5,55.4,36.6,No,No,No,0.080,0.003,1.7,44,95.0,100.0,No,No,90780,98668,32,99.0,No,No,3320,0.0,0.1,0.1,0.000,0.002,266012,235732,0.0,0.0,0.0,0.000,0.000,343,3,34.0,46.1,83.0,0.669,12.153,12.193,12.169,12.095,1129,17.070,6.290,6.988,1.207,15.406,11.515,3.882,0.336,6.988,9.976,1.279,5.322,220.000,240.000,210.0,101.2,555.0,210.0,600.0,0.0,18.0,0.0,0.0,23.0,0.1,0.2,0.0,0.0,0.0,33,Yes,No,No,No,No,Yes,No,7.7,9.9,7,0,0,0,0,0,0,0,0,200,0,0,0,0,0,0,0,0,0,0,0,0,0,0,0,0,0,0,0,0,6310,1882,1716,83,2.5,64.5,2861.8,14.8,14.2,14.1,14.1,67.1,240.5,15.8,15.1,15.0,15.0,15.51,67.62,0.35,0.35,70.90,70.90,1.29,14.01,15.51,0.00,16.34,0,0,0.0,0.0,28594,1100,0.1,0.0,0,
2.7.2026,9:16:14.770,20105,3669,84.5,11429,4869,70.1,9.6,7476,720,1.245,1.312,1.056,1.056,1.306,1.306,1.306,1.306,1.306,4117.6,4117.6,4117.6,4117.6,4117.6,4117.6,4117.6,4117.6,4117.6,99.8,162.6,1148.0,186.3,136.7,443.3,103.5,81.7,50.6,37.2,30.8,17.7,68.6,120.1,79.2,29.3,40.4,28.0,162.6,2.5,11.6,4.0,2.8,10.5,2.0,1.5,0.7,0.4,0.4,0.0,1.2,2.5,1.0,0.2,0.5,0.2,11.6,2.5,3.2,13.2,5.0,3.6,11.7,2.7,2.0,1.2,0.9,0.8,0.4,1.8,3.3,1.5,0.7,1.0,0.6,3.2,41.2,41.2,41.2,41.2,41.2,41.2,41.2,41.2,41.2,0.0,21.5,28.8,26.5,21.8,20.2,17.2,20.2,19.1,18.0,78.5,71.2,73.5,78.2,79.8,82.8,79.8,80.9,82.0,0.0,0.0,0.0,0.0,0.0,0.0,0.0,0.0,0.0,1330.9,13.33,20,19,19,43,62,467,1,58.1,52.9,56.2,51.6,52.3,52.1,51.7,51.3,51.3,51.5,51.1,51.3,51.0,51.0,50.9,46.0,43.5,1.331,1.025,1.325,2.698,9.768,2.699,18.143,22.432,1.201,1.696,1.625,1.146,1.038,0.980,1.079,1.036,1.004,3.525,10.027,13.552,22.484,1330.6,1330.6,3994.7,4009.7,3979.6,4400.0,25.6,4.5,20.2,55.7,36.4,No,No,No,0.088,0.004,1.7,44,95.0,100.0,No,No,90780,98668,32,99.0,No,No,3320,0.1,0.3,0.4,0.008,0.152,266012,235732,0.0,0.0,0.0,0.000,0.000,343,3,33.9,46.0,83.0,0.669,12.152,12.192,12.169,12.094,1130,17.169,6.339,7.062,1.244,15.479,11.550,3.923,0.336,7.062,10.008,1.376,5.349,220.000,240.000,210.0,101.2,555.0,210.0,600.0,0.0,18.0,0.0,0.0,23.0,0.1,0.3,0.0,0.0,0.0,33,Yes,No,No,No,No,Yes,No,7.8,10.0,7,0,0,0,0,0,0,0,0,200,0,0,0,0,0,0,0,0,0,0,0,0,0,0,0,0,0,0,0,0,6310,1882,1716,83,2.5,52.1,3061.7,15.5,15.0,15.0,15.0,54.5,239.4,16.5,16.0,16.0,16.0,19.18,64.67,0.33,0.32,66.68,66.68,1.35,17.51,19.18,0.00,20.50,0,0,0.0,0.0,28594,1100,0.5,0.0,0,
2.7.2026,9:16:16.782,20105,3669,84.5,11427,4871,70.1,9.6,7476,720,1.312,1.312,1.312,1.312,1.312,1.312,1.312,1.312,1.312,3659.0,4117.6,3593.5,3593.5,3593.5,3593.5,3593.5,3593.5,3593.5,99.8,168.3,1189.0,156.0,331.9,407.1,103.9,85.6,59.1,40.6,29.6,22.7,41.6,34.8,84.9,28.5,41.6,35.6,168.3,3.4,14.4,4.0,8.3,10.3,2.8,2.3,1.7,1.3,1.1,0.9,1.4,1.2,1.9,1.0,1.3,1.1,14.4,3.4,3.4,15.6,4.1,9.0,10.7,2.7,2.1,1.4,1.0,0.8,0.6,1.0,0.9,1.7,0.7,1.0,0.8,3.4,36.7,41.2,36.0,36.0,36.0,36.0,36.0,36.0,36.0,0.0,22.0,29.7,29.9,22.3,20.8,17.2,18.1,19.5,18.2,78.0,70.3,70.1,77.7,79.2,82.8,81.9,80.5,81.8,0.0,0.0,0.0,0.0,0.0,0.0,0.0,0.0,0.0,1330.9,13.33,20,19,19,43,62,467,1,55.8,52.9,57.0,51.6,52.2,52.4,51.7,51.4,51.3,51.3,51.1,51.2,50.9,51.0,50.8,45.8,43.4,1.319,1.019,1.319,2.754,9.797,2.749,18.448,22.527,1.210,1.657,1.812,1.152,1.052,0.969,0.998,1.034,1.007,3.592,10.058,13.651,22.575,1330.6,1330.6,3988.1,3999.5,3976.7,4400.0,25.7,4.6,20.5,55.7,36.8,No,No,No,0.102,0.003,1.8,44,95.0,100.0,No,No,90780,98668,32,99.0,No,No,3320,0.1,0.2,0.3,0.044,0.116,266012,235733,0.0,0.0,0.0,0.000,0.000,343,3,34.0,46.1,83.0,0.669,12.155,12.195,12.172,12.098,1130,17.048,6.351,7.278,1.183,15.494,11.444,4.043,0.336,7.278,9.740,1.396,5.316,220.000,240.000,210.0,101.2,555.0,210.0,600.0,0.0,18.0,0.0,0.0,23.0,0.1,0.3,0.0,0.0,0.0,33,Yes,No,No,No,No,Yes,No,7.7,9.9,7,0,0,0,0,0,0,0,0,200,0,0,0,0,0,0,0,0,0,0,0,0,0,0,0,0,0,0,0,0,6310,1882,1716,83,2.5,62.1,3192.0,14.8,14.2,14.1,14.1,64.6,241.0,15.8,15.1,15.0,15.0,16.10,67.67,0.31,0.31,70.94,70.94,1.36,14.56,16.10,0.00,17.08,0,0,0.0,0.0,28594,1100,0.1,0.1,0,
2.7.2026,9:16:18.793,20103,3671,84.5,11425,4873,70.0,9.6,7476,720,1.314,1.312,1.319,1.319,1.312,1.312,1.312,1.312,1.312,3499.9,4117.6,3294.1,3294.1,3294.1,3294.1,3294.1,4117.6,3294.1,99.8,142.9,1040.2,116.4,209.4,393.3,97.1,72.1,45.6,36.1,19.4,20.2,36.8,30.6,76.6,28.4,39.9,24.9,142.9,2.3,11.2,3.0,4.5,10.0,2.6,1.9,0.5,0.3,0.0,0.0,0.4,0.2,1.6,0.1,0.4,0.0,11.2,2.3,2.7,12.0,3.0,5.6,10.4,2.5,1.8,1.1,0.9,0.5,0.5,0.9,0.8,1.5,0.7,1.0,0.5,2.7,35.1,41.2,33.0,33.0,33.0,33.0,33.0,41.2,33.0,0.0,20.3,26.3,26.6,21.1,19.5,16.3,17.2,18.4,17.3,79.7,73.7,73.4,78.9,80.5,83.7,82.8,81.6,82.7,0.0,0.0,0.0,0.0,0.0,0.0,0.0,0.0,0.0,1330.9,13.33,20,19,19,43,62,467,1,53.5,52.3,56.5,51.3,51.8,51.9,51.4,51.1,51.0,51.1,50.9,50.9,50.7,50.8,50.6,47.2,43.3,1.319,1.025,1.319,2.480,9.765,2.483,16.821,22.108,1.125,1.526,1.586,1.093,0.993,0.924,0.952,0.984,0.941,3.213,10.025,13.238,22.169,1330.6,1330.6,3960.0,3977.2,3942.7,4400.0,25.2,4.1,18.7,55.1,35.4,No,No,No,0.074,0.003,1.6,43,95.0,100.0,No,No,90780,98668,32,99.0,No,No,3320,0.0,0.3,0.3,0.000,0.014,266012,235733,0.0,0.0,0.0,0.000,0.000,343,3,34.0,46.2,83.0,0.669,12.148,12.187,12.165,12.091,1130,17.195,6.433,7.285,1.341,15.584,11.535,4.047,0.336,7.285,9.980,1.586,5.349,220.000,240.000,210.0,101.2,555.0,210.0,600.0,0.0,18.0,0.0,0.0,23.0,0.1,0.3,0.0,0.0,0.0,33,Yes,No,No,No,No,Yes,No,7.8,10.0,7,0,0,0,0,0,0,0,0,200,0,0,0,0,0,0,0,0,0,0,0,0,0,0,0,0,0,0,0,0,6310,1882,1716,82,2.5,62.2,3132.0,14.0,13.4,13.3,13.3,64.5,239.6,14.9,14.2,14.1,14.1,16.09,71.19,0.32,0.32,74.95,74.95,1.26,14.65,16.09,0.00,16.49,0,0,0.0,0.0,28594,1100,0.0,0.0,0,
2.7.2026,9:16:20.812,20102,3672,84.5,11423,4875,70.0,9.6,7476,720,1.284,1.306,1.281,1.281,1.281,1.281,1.281,1.281,1.281,4117.6,4117.6,4117.6,4117.6,4117.6,4117.6,4117.6,4117.6,4117.6,99.8,146.8,1038.6,118.5,251.5,368.5,110.6,74.9,54.9,46.2,29.6,23.6,37.4,32.1,78.5,29.2,23.5,31.1,146.8,2.7,10.7,2.3,6.3,8.8,2.2,1.3,1.6,1.4,1.0,0.9,1.2,1.1,1.0,1.0,0.9,1.0,10.7,2.7,2.8,12.1,3.1,6.8,9.7,2.9,1.9,1.3,1.2,0.8,0.6,0.9,0.8,1.5,0.7,0.6,0.7,2.8,41.2,41.2,41.2,41.2,41.2,41.2,41.2,41.2,41.2,0.0,20.6,26.3,27.1,21.4,19.9,16.7,17.4,18.7,17.1,79.4,73.7,72.9,78.6,80.1,83.3,82.6,81.3,82.9,0.0,0.0,0.0,0.0,0.0,0.0,0.0,0.0,0.0,1330.9,13.33,20,19,19,43,62,467,1,60.8,52.2,55.0,51.1,51.6,51.7,51.3,50.9,50.9,51.0,50.7,50.8,50.6,50.7,50.5,46.0,43.4,1.331,1.025,1.325,2.403,9.773,2.404,16.828,22.040,1.110,1.485,1.588,1.089,0.984,0.909,0.938,0.968,0.918,3.104,10.030,13.134,22.063,1330.6,1330.6,3945.8,3956.4,3935.2,4400.0,25.1,4.0,18.7,54.9,34.7,No,No,No,0.078,0.003,1.6,44,95.0,100.0,No,No,90780,98668,32,99.0,No,No,3320,0.0,0.1,0.1,0.000,0.020,266012,235733,0.0,0.0,0.0,0.000,0.000,343,3,34.0,45.9,83.0,0.669,12.149,12.188,12.167,12.093,1131,17.144,6.284,7.117,1.194,15.366,11.403,3.954,0.336,7.117,9.784,1.257,5.311,220.000,240.000,210.0,101.2,555.0,210.0,600.0,0.0,18.0,0.0,0.0,23.0,0.1,0.2,0.0,0.0,0.0,33,Yes,No,No,No,No,Yes,No,7.7,9.9,7,0,0,0,0,0,0,0,0,200,0,0,0,0,0,0,0,0,0,0,0,0,0,0,0,0,0,0,0,0,6310,1882,1716,82,2.5,62.2,2948.0,14.8,14.2,14.1,14.1,64.5,239.6,15.7,15.0,15.0,15.0,16.08,67.52,0.34,0.34,70.79,70.79,1.02,14.88,16.08,0.00,17.11,0,0,0.0,0.0,28594,1100,0.2,0.1,0,
2.7.2026,9:16:22.810,20101,3673,84.5,11420,4877,70.0,9.6,7476,720,1.312,1.306,1.312,1.312,1.312,1.312,1.312,1.312,1.312,4117.6,4117.6,4117.6,4117.6,4117.6,4117.6,4117.6,4117.6,4117.6,99.8,147.3,1020.1,128.8,264.0,362.5,114.5,75.1,69.3,47.4,27.8,19.9,33.8,31.0,81.5,25.0,29.0,28.0,147.3,2.6,11.0,2.7,6.0,9.5,2.4,2.2,2.1,1.5,0.4,0.1,0.5,0.4,1.9,0.2,0.3,0.2,11.0,2.6,2.9,11.5,3.3,7.1,9.6,3.0,1.9,1.7,1.2,0.7,0.5,0.8,0.8,1.6,0.6,0.7,0.6,2.9,41.2,41.2,41.2,41.2,41.2,41.2,41.2,41.2,41.2,0.0,20.5,25.9,27.3,21.3,20.3,16.4,17.3,18.7,17.1,79.5,74.1,72.7,78.7,79.7,83.6,82.7,81.3,82.9,0.0,0.0,0.0,0.0,0.0,0.0,0.0,0.0,0.0,1330.9,13.33,20,19,19,43,62,467,1,57.8,52.1,56.0,51.1,51.4,51.7,51.2,50.9,50.9,50.9,50.6,50.7,50.6,50.6,50.5,47.2,43.2,1.306,1.031,1.300,2.362,9.787,2.362,16.705,21.952,1.096,1.456,1.559,1.086,0.981,0.905,0.924,0.950,0.905,3.052,10.044,13.096,22.023,1330.6,1330.6,3933.9,3946.8,3921.1,4400.0,25.0,3.9,18.6,54.8,34.5,No,No,No,0.080,0.003,1.6,43,95.0,100.0,No,No,90780,98668,32,99.0,No,No,3320,0.1,0.3,0.4,0.157,0.018,266013,235733,0.0,0.0,0.0,0.000,0.000,343,3,34.0,46.0,83.0,0.669,12.151,12.191,12.168,12.093,1131,17.163,6.373,7.110,1.317,15.539,11.585,3.950,0.336,7.110,10.089,1.349,5.349,220.000,240.000,210.0,101.2,555.0,210.0,600.0,0.0,18.0,0.0,0.0,23.0,0.1,0.2,0.0,0.0,0.0,33,Yes,No,No,No,No,Yes,No,7.8,10.0,7,0,0,0,0,0,0,0,0,200,0,0,0,0,0,0,0,0,0,0,0,0,0,0,0,0,0,0,0,0,6310,1882,1716,82,2.5,5.0,3179.0,0.6,0.5,0.5,0.5,5.0,240.6,0.6,0.5,0.5,0.5,201.84,1736.83,0.31,0.31,1901.58,1901.58,1.37,200.22,201.84,0.00,391.77,0,0,0.0,0.0,28594,1100,0.1,0.1,0,
2.7.2026,9:16:24.806,20103,3671,84.5,11420,4878,70.0,9.6,7476,720,1.314,1.300,1.319,1.319,1.319,1.319,1.312,1.312,1.312,4117.6,4117.6,4117.6,4117.6,4117.6,4117.6,4117.6,4117.6,4117.6,99.8,172.3,1127.0,214.1,241.6,402.5,107.9,84.4,62.5,51.6,39.3,24.2,45.3,140.6,83.9,32.3,69.0,30.4,172.3,3.2,11.9,5.3,5.9,10.1,2.7,2.1,0.8,0.6,1.1,0.7,1.2,3.5,1.7,1.6,1.7,0.8,11.9,3.2,3.4,12.9,5.7,6.5,10.7,2.8,2.1,1.5,1.3,1.0,0.6,1.2,3.8,1.7,0.8,1.8,0.7,3.4,41.2,41.2,41.2,41.2,41.2,41.2,41.2,41.2,41.2,0.0,21.8,28.5,27.8,21.9,20.7,17.3,20.4,19.3,18.4,78.2,71.5,72.2,78.1,79.3,82.7,79.6,80.7,81.6,0.0,0.0,0.0,0.0,0.0,0.0,0.0,0.0,0.0,1330.9,13.33,20,19,19,43,62,467,1,55.4,52.5,56.5,51.1,51.7,51.8,51.2,50.9,50.9,51.0,50.6,50.8,50.5,50.6,50.5,46.2,43.4,1.325,1.025,1.319,2.592,9.812,2.591,17.733,22.296,1.145,1.589,1.654,1.085,0.994,0.913,1.003,0.964,0.962,3.350,10.072,13.422,22.350,1330.6,1330.6,3936.0,3947.9,3924.2,4400.0,25.4,4.3,19.7,55.3,36.3,No,No,No,0.108,0.003,1.7,44,95.0,100.0,No,No,90780,98668,32,99.0,No,No,3320,0.1,0.1,0.2,0.069,0.032,266013,235733,0.0,0.0,0.0,0.000,0.000,343,3,33.9,46.0,83.0,0.669,12.152,12.192,12.169,12.095,1131,17.131,6.306,7.004,1.244,15.442,11.538,3.891,0.336,7.004,10.033,1.258,5.311,220.000,240.000,210.0,101.2,555.0,210.0,600.0,0.0,18.0,0.0,0.0,23.0,0.1,0.2,0.0,0.0,0.0,33,Yes,No,No,No,No,Yes,No,7.7,9.9,7,0,0,0,0,0,0,0,0,200,0,0,0,0,0,0,0,0,0,0,0,0,0,0,0,0,0,0,0,0,6310,1882,1716,82,2.5,62.1,3061.7,14.1,13.4,13.4,13.4,64.5,240.1,14.9,14.2,14.1,14.1,16.09,70.99,0.33,0.33,74.73,74.73,1.26,14.65,16.09,0.00,16.57,0,0,0.0,0.0,28594,1100,6.9,1.5,0,
2.7.2026,9:16:26.814,20102,3672,84.5,11419,4879,70.0,9.6,7476,720,1.088,1.312,1.056,1.056,1.056,1.056,1.056,1.056,1.056,4117.6,4117.6,4117.6,4117.6,4117.6,4117.6,4117.6,4117.6,4117.6,99.8,170.5,1182.4,202.6,195.1,374.8,119.1,96.5,57.5,45.8,90.9,59.2,46.5,60.3,85.6,30.4,44.2,36.5,170.5,3.2,12.7,5.2,5.0,8.8,3.1,1.8,1.6,1.4,2.5,1.7,1.4,1.7,1.1,0.2,1.3,1.1,12.7,3.2,3.4,14.4,5.4,5.2,9.9,3.1,2.4,1.4,1.1,2.5,1.6,1.2,1.6,1.7,0.7,1.1,0.9,3.4,41.2,41.2,41.2,41.2,41.2,41.2,41.2,41.2,41.2,0.0,22.0,29.8,26.8,22.8,20.7,19.0,18.7,19.6,18.2,78.0,70.2,73.2,77.2,79.3,81.0,81.3,80.4,81.8,0.0,0.0,0.0,0.0,0.0,0.0,0.0,0.0,0.0,1330.9,13.33,20,19,19,43,62,467,1,53.6,52.6,53.5,51.2,52.0,51.5,51.4,50.9,51.1,51.0,50.7,50.8,50.6,50.7,50.5,46.0,43.2,1.319,1.031,1.319,2.580,9.793,2.583,17.991,22.301,1.162,1.732,1.534,1.139,0.997,0.993,0.969,0.983,0.950,3.350,10.053,13.403,22.337,1330.6,1330.6,3946.3,3957.4,3935.2,4400.0,25.4,4.3,20.0,55.3,35.8,No,No,No,0.099,0.003,1.8,43,95.0,100.0,No,No,90780,98668,32,99.0,No,No,3320,0.0,0.3,0.3,0.000,0.040,266013,235733,0.0,0.0,0.0,0.000,0.000,343,3,34.0,45.9,83.0,0.669,12.150,12.190,12.167,12.093,1130,16.977,6.273,7.101,1.121,15.367,11.416,3.945,0.336,7.101,9.743,1.256,5.341,220.000,240.000,210.0,101.2,555.0,210.0,600.0,0.0,18.0,0.0,0.0,23.0,0.1,0.2,0.0,0.0,0.0,33,Yes,No,No,No,No,Yes,No,7.7,9.9,7,0,0,0,0,0,0,0,0,200,0,0,0,0,0,0,0,0,0,0,0,0,0,0,0,0,0,0,0,0,6310,1882,1716,82,2.5,50.0,2990.1,14.6,14.2,14.1,14.1,52.1,239.8,15.5,15.0,15.0,15.0,19.99,68.57,0.33,0.33,70.75,70.75,1.03,18.68,19.99,0.00,21.37,0,0,0.0,0.0,28594,1100,5.5,2.9,0,
2.7.2026,9:16:28.822,20101,3673,84.5,11417,4881,70.0,9.6,7476,720,1.312,1.306,1.312,1.312,1.312,1.312,1.312,1.312,1.312,3659.0,4117.6,3593.5,3593.5,3593.5,3593.5,3593.5,3593.5,3593.5,99.8,288.8,1358.0,300.8,304.7,628.3,280.5,183.3,182.5,239.2,149.8,133.6,150.1,176.4,204.2,151.2,84.2,94.0,288.8,5.9,19.1,6.8,7.7,15.6,7.1,3.9,3.9,5.4,3.2,2.8,3.2,3.8,4.8,3.2,1.6,1.8,19.1,5.9,6.8,21.0,8.2,8.2,16.9,7.6,4.8,4.9,6.5,4.1,3.7,4.1,4.8,5.0,4.1,2.2,2.5,6.8,36.7,41.2,36.0,36.0,36.0,36.0,36.0,36.0,36.0,0.0,25.8,33.8,31.7,26.9,25.6,21.4,22.6,23.7,20.4,74.2,66.2,68.3,73.1,74.4,78.6,77.4,76.3,79.6,0.0,0.0,0.0,0.0,0.0,0.0,0.0,0.0,0.0,1330.9,13.33,20,19,19,43,62,467,1,61.4,53.6,55.8,52.0,52.9,52.6,52.2,51.9,51.8,51.9,51.6,51.3,50.9,51.0,50.9,44.5,42.6,1.312,1.031,1.306,3.592,9.857,3.588,21.432,23.731,1.408,2.037,1.867,1.377,1.309,1.170,1.211,1.236,1.056,4.714,10.123,14.837,23.774,1330.6,1330.6,3970.7,3981.8,3959.5,4400.0,27.0,6.0,23.8,56.4,41.6,No,No,No,0.175,0.003,2.1,44,95.0,100.0,No,No,90780,98668,32,99.0,No,No,3320,0.0,0.5,0.5,0.000,0.085,266013,235733,0.0,0.0,0.0,0.000,0.000,343,3,34.0,45.9,83.0,0.669,12.148,12.187,12.165,12.091,1130,17.186,6.369,7.369,1.231,15.535,11.426,4.094,0.336,7.369,9.743,1.260,5.327,220.000,240.000,210.0,101.2,555.0,210.0,600.0,0.0,18.0,0.0,0.0,23.0,0.1,0.3,0.0,0.0,0.0,33,Yes,No,No,No,No,Yes,No,7.8,10.0,7,0,0,0,0,0,0,0,0,200,0,0,0,0,0,0,0,0,0,0,0,0,0,0,0,0,0,0,0,0,6310,1882,1716,82,2.5,50.0,3458.2,14.5,14.1,14.1,14.1,52.1,240.7,15.5,15.0,15.0,15.0,20.00,68.85,0.29,0.29,71.04,71.04,1.26,18.21,20.00,0.00,21.32,0,0,0.0,0.0,28594,1100,1.4,0.1,0,
2.7.2026,9:16:30.819,20101,3673,84.5,11416,4881,70.0,9.6,7476,720,1.318,1.312,1.319,1.319,1.319,1.319,1.319,1.319,1.319,3602.9,4117.6,4117.6,3294.1,3294.1,3294.1,3294.1,4117.6,3294.1,99.8,150.9,1107.7,149.3,185.8,406.8,99.1,75.9,57.0,41.2,35.4,19.2,31.7,31.6,76.9,30.7,25.9,40.8,150.9,2.8,11.7,3.9,4.0,9.4,1.9,2.0,1.6,1.3,1.2,0.8,1.1,1.1,0.9,1.0,0.9,1.2,11.7,2.8,2.9,13.4,3.9,4.9,10.7,2.6,1.9,1.4,1.0,0.9,0.5,0.8,0.8,1.5,0.7,0.6,1.0,2.9,36.1,41.2,41.2,33.0,33.0,33.0,33.0,41.2,33.0,0.0,21.0,27.8,26.7,21.8,20.4,17.0,17.7,18.8,17.7,79.0,72.2,73.3,78.2,79.6,83.0,82.3,81.2,82.3,0.0,0.0,0.0,0.0,0.0,0.0,0.0,0.0,0.0,1330.9,13.33,20,19,19,43,62,467,1,58.5,52.3,56.5,51.2,51.9,51.8,51.3,51.0,51.0,51.0,50.8,50.8,50.6,50.7,50.6,45.5,42.7,1.306,1.025,1.300,2.568,9.778,2.570,17.469,22.250,1.150,1.623,1.591,1.113,1.013,0.947,0.962,0.998,0.955,3.345,10.038,13.383,22.312,1330.6,1330.6,3974.1,3984.0,3964.3,4400.0,25.4,4.3,19.4,55.1,36.1,No,No,No,0.081,0.003,1.7,44,95.0,100.0,No,No,90780,98668,32,99.0,No,No,3320,0.0,0.6,0.7,0.016,0.156,266013,235733,0.0,0.0,0.0,0.000,0.000,343,3,33.9,45.9,83.0,0.669,12.154,12.194,12.171,12.096,1131,17.039,6.384,7.328,1.280,15.567,11.492,4.071,0.336,7.328,9.864,1.258,5.316,220.000,240.000,210.0,101.2,555.0,210.0,600.0,0.0,18.0,0.0,0.0,23.0,0.1,0.2,0.0,0.0,0.0,33,Yes,No,No,No,No,Yes,No,7.8,9.9,7,0,0,0,0,0,0,0,0,200,0,0,0,0,0,0,0,0,0,0,0,0,0,0,0,0,0,0,0,0,6310,1882,1716,82,2.5,50.1,3221.1,14.6,14.1,14.1,14.1,52.1,239.6,15.5,15.0,15.0,15.0,19.98,68.72,0.31,0.31,70.91,70.91,1.18,18.52,19.98,0.00,21.31,0,0,0.0,0.0,28594,1100,1.6,4.5,0,
2.7.2026,9:16:32.840,20102,3672,84.5,11414,4883,70.0,9.6,7476,720,1.312,1.312,1.312,1.312,1.312,1.312,1.312,1.312,1.312,4117.6,4117.6,4117.6,4117.6,4117.6,4117.6,4117.6,4117.6,4117.6,99.8,167.4,1116.8,195.5,306.7,474.9,95.9,87.0,59.1,50.6,21.2,21.3,40.6,29.6,79.6,34.7,34.6,29.7,167.4,3.3,10.9,5.0,7.7,11.8,2.5,2.3,1.7,1.5,0.9,0.8,1.3,1.0,1.8,1.1,1.1,1.0,11.8,3.3,3.2,11.7,5.2,8.3,12.6,2.4,2.2,1.5,1.3,0.5,0.5,1.0,0.7,1.5,0.9,0.9,0.7,3.2,41.2,41.2,41.2,41.2,41.2,41.2,41.2,41.2,41.2,0.0,21.8,28.0,30.4,22.4,21.1,17.2,18.0,19.3,17.8,78.2,72.0,69.6,77.6,78.9,82.8,82.0,80.7,82.2,0.0,0.0,0.0,0.0,0.0,0.0,0.0,0.0,0.0,1330.9,13.33,20,19,19,43,62,467,1,55.9,52.8,55.5,51.3,52.0,52.4,51.4,51.2,51.0,51.1,50.8,50.8,50.7,50.8,50.6,46.0,43.0,1.300,1.025,1.294,2.789,9.763,2.787,18.378,22.517,1.213,1.643,1.894,1.146,1.060,0.967,0.992,1.025,0.975,3.641,10.021,13.662,22.589,1330.6,1330.6,3993.2,4006.4,3980.0,4400.0,25.7,4.6,20.4,55.6,37.3,No,No,No,0.092,0.003,1.7,43,95.0,100.0,No,No,90780,98668,32,99.0,No,No,3320,0.0,0.5,0.5,0.000,0.273,266013,235734,0.0,0.0,0.0,0.000,0.000,343,3,33.9,46.0,83.0,0.669,12.147,12.185,12.165,12.090,1133,17.265,6.373,7.022,1.292,15.498,11.583,3.901,0.336,7.022,10.113,1.602,5.359,220.000,240.000,210.0,101.2,555.0,210.0,600.0,0.0,19.0,0.0,0.0,23.0,0.1,0.4,0.0,0.0,0.0,33,Yes,No,No,No,No,Yes,No,7.8,10.0,7,0,0,0,0,0,0,0,0,200,0,0,0,0,0,0,0,0,0,0,0,0,0,0,0,0,0,0,0,0,6310,1882,1716,82,2.5,13.3,13.3,13.3,13.3,13.3,13.3,14.1,14.1,14.1,14.1,14.1,14.1,75.04,75.04,75.04,75.04,75.04,75.04,0.66,73.58,75.04,0.00,70.46,0,0,0.0,0.0,28594,1100,1.5,0.0,0,
2.7.2026,9:16:34.848,20103,3670,84.5,11414,4884,70.0,9.6,7476,720,1.088,1.306,1.056,1.056,1.056,1.056,1.056,1.056,1.056,3705.8,4117.6,4117.6,4117.6,3294.1,3294.1,3294.1,4117.6,3294.1,99.8,165.7,1125.8,181.4,180.9,409.0,101.4,82.6,59.2,39.0,29.9,19.3,40.1,28.3,85.9,31.0,182.1,55.3,165.7,2.6,11.1,4.0,3.9,9.6,2.1,1.5,1.0,0.5,0.4,0.1,0.6,0.3,1.2,0.3,4.0,0.9,11.1,2.6,3.2,12.6,4.8,4.8,10.8,2.6,2.1,1.5,1.0,0.8,0.5,1.0,0.7,1.7,0.8,4.9,1.4,3.2,37.1,41.2,41.2,41.2,33.0,33.0,33.0,41.2,33.0,0.0,21.7,28.3,27.0,22.2,20.6,17.3,17.9,19.6,21.0,78.3,71.7,73.0,77.8,79.4,82.7,82.1,80.4,79.0,0.0,0.0,0.0,0.0,0.0,0.0,0.0,0.0,0.0,1330.9,13.33,20,19,19,43,62,467,1,62.9,52.6,55.8,51.2,51.9,51.7,51.4,51.0,51.0,51.1,50.8,51.1,50.6,50.7,50.6,46.0,42.6,1.319,1.025,1.319,2.902,9.799,2.903,18.393,22.751,1.209,1.687,1.616,1.150,1.060,0.979,0.997,1.043,1.139,3.798,10.062,13.860,22.790,1330.6,1330.6,3997.8,4011.0,3984.5,4400.0,25.9,4.8,20.4,55.3,39.0,No,No,No,0.091,0.003,1.7,44,95.0,100.0,No,No,90780,98668,32,99.0,No,No,3320,0.1,0.1,0.2,0.008,0.089,266013,235734,0.0,0.0,0.0,0.000,0.000,343,3,33.9,45.9,83.0,0.669,12.152,12.191,12.169,12.095,1131,17.097,6.309,7.162,1.231,15.406,11.429,3.979,0.336,7.162,9.823,1.260,5.306,220.000,240.000,210.0,101.2,555.0,210.0,600.0,0.0,18.0,0.0,0.0,23.0,0.1,0.2,0.0,0.0,0.0,33,Yes,No,No,No,No,Yes,No,7.7,10.0,7,0,0,0,0,0,0,0,0,200,0,0,0,0,0,0,0,0,0,0,0,0,0,0,0,0,0,0,0,0,6310,1882,1716,82,2.5,49.9,3122.2,14.5,14.1,14.1,14.1,52.1,239.9,15.5,15.0,15.0,15.0,20.02,68.78,0.32,0.32,70.96,70.96,1.28,18.45,20.02,0.00,21.33,0,0,0.0,0.0,28594,1100,0.2,0.2,0,
2.7.2026,9:16:36.844,20103,3671,84.5,11412,4886,70.0,9.6,7476,720,1.088,1.312,1.056,1.056,1.056,1.056,1.056,1.056,1.056,3659.0,4117.6,3593.5,3593.5,3593.5,3593.5,3593.5,3593.5,3593.5,99.8,183.3,1176.9,295.2,296.2,434.5,108.0,80.7,53.7,42.7,32.1,20.6,47.0,32.3,83.3,32.3,40.0,157.4,183.3,3.6,10.7,7.4,7.4,10.9,2.9,2.2,1.5,1.3,1.1,0.8,1.5,1.1,1.9,1.0,1.2,4.1,10.9,3.6,3.6,11.4,8.0,8.0,11.5,2.8,2.0,1.3,1.1,0.8,0.5,1.2,0.8,1.7,0.8,1.0,4.3,3.6,36.7,41.2,36.0,36.0,36.0,36.0,36.0,36.0,36.0,0.0,22.4,29.5,29.8,22.5,21.0,17.6,18.5,19.9,20.4,77.6,70.5,70.2,77.5,79.0,82.4,81.5,80.1,79.6,0.0,0.0,0.0,0.0,0.0,0.0,0.0,0.0,0.0,1330.9,13.33,20,19,19,43,62,467,1,60.0,52.7,56.5,51.3,51.9,52.2,51.4,51.1,51.0,51.2,50.8,51.1,50.7,50.8,50.6,46.5,43.4,1.300,1.031,1.300,2.895,9.817,2.898,18.883,22.779,1.219,1.627,1.832,1.157,1.052,0.973,1.002,1.036,1.072,3.791,10.079,13.870,22.806,1330.6,1330.6,3993.6,4003.6,3983.7,4400.0,25.9,4.8,21.0,55.5,38.6,No,No,No,0.105,0.003,1.8,44,95.0,100.0,No,No,90780,98668,32,99.0,No,No,3320,0.0,0.3,0.3,0.000,0.073,266013,235734,0.0,0.0,0.0,0.000,0.000,343,3,33.9,46.1,83.0,0.669,12.146,12.185,12.164,12.090,1130,17.163,6.352,7.290,1.243,15.484,11.425,4.050,0.336,7.290,9.788,1.261,5.349,220.000,240.000,210.0,101.2,555.0,210.0,600.0,0.0,18.0,0.0,0.0,23.0,0.1,0.3,0.0,0.0,0.0,33,Yes,No,No,No,No,Yes,No,7.8,10.0,7,0,0,0,0,0,0,0,0,200,0,0,0,0,0,0,0,0,0,0,0,0,0,0,0,0,0,0,0,0,6310,1882,1716,82,2.5,32.7,1305.8,13.6,13.4,13.4,13.4,34.2,230.3,14.3,14.1,14.1,14.1,30.59,73.71,0.77,0.48,74.88,74.88,0.90,29.35,30.59,0.00,31.65,0,0,0.0,0.0,28594,1100,0.5,0.1,0,
2.7.2026,9:16:38.844,20104,3670,84.5,11413,4885,70.0,9.6,7476,720,1.302,1.312,1.300,1.300,1.300,1.300,1.300,1.300,1.300,3715.2,3294.1,3593.5,3593.5,3593.5,3294.1,4117.6,4117.6,4117.6,99.8,147.1,1044.4,110.6,240.1,393.5,106.0,76.0,55.0,37.5,24.2,15.7,32.1,27.4,84.8,27.8,34.6,44.1,147.1,2.4,11.4,2.1,6.0,10.0,2.8,2.0,0.7,0.3,0.1,0.0,0.2,0.1,1.8,0.1,0.3,1.2,11.4,2.4,2.9,12.2,2.9,6.5,10.4,2.8,1.9,1.4,0.9,0.6,0.4,0.8,0.7,1.7,0.7,0.9,1.1,2.9,37.2,33.0,36.0,36.0,36.0,33.0,41.2,41.2,41.2,0.0,20.7,26.4,27.5,21.5,19.9,16.5,17.3,18.7,17.7,79.3,73.6,72.5,78.5,80.1,83.5,82.7,81.3,82.3,0.0,0.0,0.0,0.0,0.0,0.0,0.0,0.0,0.0,1330.9,13.33,20,19,19,43,62,467,1,57.0,52.2,55.8,51.1,51.6,51.7,51.3,50.9,50.9,50.9,50.6,50.7,50.5,50.6,50.5,46.8,42.9,1.319,1.025,1.319,2.440,9.778,2.438,17.241,22.069,1.138,1.525,1.613,1.116,1.011,0.931,0.953,0.995,0.956,3.173,10.038,13.210,22.134,1330.6,1330.6,3972.7,3985.3,3960.1,4400.0,25.2,4.1,19.2,55.0,34.6,No,No,No,0.079,0.003,1.7,44,95.0,100.0,No,No,90780,98668,32,99.0,No,No,3320,0.0,0.2,0.2,0.008,0.075,266013,235734,0.0,0.0,0.0,0.000,0.000,343,3,33.9,45.9,83.0,0.669,12.150,12.190,12.168,12.094,1130,17.057,6.339,7.198,1.316,15.429,11.416,3.999,0.336,7.198,9.893,1.289,5.319,220.000,240.000,210.0,101.2,555.0,210.0,600.0,0.0,18.0,0.0,0.0,23.0,0.1,0.2,0.0,0.0,0.0,33,Yes,No,No,No,No,Yes,No,7.8,9.9,7,0,0,0,0,0,0,0,0,200,0,0,0,0,0,0,0,0,0,0,0,0,0,0,0,0,0,0,0,0,6310,1882,1716,82,2.5,36.1,1756.3,14.4,14.1,14.1,14.1,37.9,234.6,15.3,15.0,15.0,15.0,27.73,69.68,0.57,0.36,70.86,70.86,0.90,26.52,27.73,0.00,27.40,0,0,0.0,0.0,28594,1100,0.1,0.1,0,
2.7.2026,9:16:40.852,20103,3670,84.5,11410,4887,70.0,9.6,7476,720,1.312,1.312,1.312,1.312,1.312,1.312,1.312,1.312,1.312,3705.8,4117.6,3294.1,3294.1,3294.1,4117.6,4117.6,4117.6,3294.1,99.8,146.5,1045.2,146.0,235.5,374.1,86.6,73.5,61.1,37.5,25.3,28.5,32.9,27.1,78.0,37.3,28.6,27.4,146.5,2.6,10.7,4.2,5.6,9.3,2.0,1.6,1.4,0.8,0.6,0.7,0.8,0.6,1.4,0.8,1.4,0.0,10.7,2.6,2.8,11.6,3.8,6.3,9.8,2.2,1.8,1.5,0.9,0.7,0.7,0.8,0.7,1.5,0.9,0.7,0.6,2.8,37.1,41.2,33.0,33.0,33.0,41.2,41.2,41.2,33.0,0.0,20.5,26.4,26.8,21.0,19.9,16.6,17.2,18.6,17.3,79.5,73.6,73.2,79.0,80.1,83.4,82.8,81.4,82.7,0.0,0.0,0.0,0.0,0.0,0.0,0.0,0.0,0.0,1330.9,13.33,20,19,19,43,62,467,1,54.2,51.9,55.5,50.9,51.4,51.5,51.0,50.8,50.7,50.8,50.5,50.5,50.4,50.5,50.3,46.5,43.1,1.300,1.025,1.300,2.335,9.783,2.336,16.878,21.953,1.113,1.502,1.596,1.072,0.987,0.921,0.936,0.970,0.924,3.027,10.040,13.067,21.994,1330.6,1330.6,3956.9,3969.7,3944.0,4400.0,25.0,3.9,18.8,54.7,33.7,No,No,No,0.076,0.003,1.6,44,95.0,100.0,No,No,90780,98668,32,99.0,No,No,3320,0.0,0.0,0.0,0.000,0.004,266013,235734,0.0,0.0,0.0,0.000,0.000,343,3,33.9,45.9,83.0,0.669,12.143,12.180,12.161,12.087,1126,17.080,6.303,7.071,1.267,15.384,11.446,3.928,0.336,7.071,9.932,1.257,5.338,220.000,240.000,210.0,101.2,555.0,210.0,600.0,0.0,18.0,0.0,0.0,23.0,0.1,0.2,0.0,0.0,0.0,33,Yes,No,No,No,No,Yes,No,7.7,9.9,7,0,0,0,0,0,0,0,0,200,0,0,0,0,0,0,0,0,0,0,0,0,0,0,0,0,0,0,0,0,6310,1882,1716,82,2.5,28.0,986.5,14.2,14.1,14.1,14.1,28.2,208.0,15.1,15.0,15.0,15.0,35.68,70.34,1.01,0.38,71.05,71.05,1.77,33.91,35.68,0.00,37.13,0,0,0.0,0.0,28594,1100,0.3,0.2,0,
2.7.2026,9:16:42.874,20104,3670,84.5,11410,4888,70.0,9.6,7476,720,1.312,1.312,1.312,1.312,1.312,1.312,1.312,1.312,1.312,3659.0,4117.6,3593.5,3593.5,3593.5,3593.5,3593.5,3593.5,3593.5,99.8,150.7,1039.1,148.5,240.6,365.4,128.1,76.1,63.6,39.0,22.9,19.5,35.6,31.7,77.7,41.4,58.3,23.3,150.7,2.8,10.0,3.2,5.5,8.9,2.8,1.5,2.0,1.4,1.1,1.0,1.3,1.2,1.1,1.5,1.1,1.0,10.0,2.8,2.9,11.2,3.9,6.5,9.6,3.4,1.9,1.6,1.0,0.6,0.5,0.9,0.8,1.5,1.1,1.5,0.5,2.9,36.7,41.2,36.0,36.0,36.0,36.0,36.0,36.0,36.0,0.0,20.8,26.3,27.0,21.9,20.1,16.5,17.6,19.0,18.0,79.2,73.7,73.0,78.1,79.9,83.5,82.4,81.0,82.0,0.0,0.0,0.0,0.0,0.0,0.0,0.0,0.0,0.0,1330.9,13.33,20,19,19,43,62,467,1,61.0,52.0,56.0,50.9,51.3,51.4,51.1,50.7,50.7,50.7,50.4,50.5,50.4,50.4,50.3,47.0,43.2,1.288,1.025,1.288,2.409,9.817,2.408,17.046,22.055,1.116,1.486,1.573,1.122,0.999,0.907,0.933,0.965,0.944,3.109,10.077,13.186,22.109,1330.6,1330.6,3945.4,3957.9,3933.0,4400.0,25.1,4.0,18.9,54.7,34.6,No,No,No,0.079,0.003,1.7,44,95.0,100.0,No,No,90780,98668,32,99.0,No,No,3320,0.0,0.2,0.2,0.000,0.004,266013,235734,0.0,0.0,0.0,0.000,0.000,343,3,33.9,46.0,83.0,0.669,12.146,12.185,12.164,12.090,1130,17.132,6.352,7.152,1.292,15.509,11.522,3.973,0.336,7.152,9.991,1.262,5.335,220.000,240.000,210.0,101.2,555.0,210.0,600.0,0.0,19.0,0.0,0.0,23.0,0.1,0.3,0.0,0.0,0.0,33,Yes,No,No,No,No,Yes,No,7.8,10.0,7,0,0,0,0,0,0,0,0,200,0,0,0,0,0,0,0,0,0,0,0,0,0,0,0,0,0,0,0,0,6310,1882,1716,82,2.5,14.1,14.1,14.1,14.1,14.1,14.1,15.0,15.0,15.0,15.0,15.0,15.0,70.92,70.92,70.92,70.92,70.92,70.92,0.65,69.52,70.92,0.00,66.28,0,0,0.0,0.0,28594,1100,0.1,0.1,0,
2.7.2026,9:16:44.888,20108,3666,84.5,11409,4889,70.0,9.6,7476,720,1.088,1.312,1.056,1.056,1.056,1.056,1.056,1.056,1.056,4117.6,4117.6,4117.6,4117.6,4117.6,4117.6,4117.6,4117.6,4117.6,99.8,182.2,1247.4,182.7,280.3,358.9,157.7,83.6,155.4,111.6,27.6,27.6,53.0,47.3,81.1,34.2,29.0,37.8,182.2,3.3,15.5,4.5,6.9,9.1,3.9,2.0,3.1,2.8,0.0,0.0,1.4,0.5,1.6,0.1,0.0,1.0,15.5,3.3,3.8,17.0,4.8,7.5,9.5,4.2,2.1,4.1,3.0,0.7,0.7,1.4,1.2,1.6,0.8,0.7,0.9,3.8,41.2,41.2,41.2,41.2,41.2,41.2,41.2,41.2,41.2,0.0,22.6,31.4,28.4,23.5,24.0,17.2,18.8,19.5,17.9,77.4,68.6,71.6,76.5,76.0,82.8,81.2,80.5,82.1,0.0,0.0,0.0,0.0,0.0,0.0,0.0,0.0,0.0,1330.9,13.33,20,19,19,43,62,467,1,58.5,52.7,56.0,51.0,52.0,51.5,51.2,51.0,50.7,50.8,50.5,50.5,50.4,50.5,50.3,44.5,42.6,1.325,1.031,1.319,2.656,9.855,2.659,18.540,22.446,1.190,1.828,1.597,1.173,1.124,0.920,0.971,0.974,0.936,3.446,10.114,13.560,22.496,1330.6,1330.6,3948.2,3963.8,3932.7,4400.0,25.6,4.4,20.6,55.4,35.9,No,No,No,0.121,0.003,1.8,44,95.0,100.0,No,No,90780,98668,32,99.0,No,No,3320,0.0,0.3,0.3,0.000,0.073,266013,235734,0.0,0.0,0.0,0.000,0.000,343,3,33.9,45.9,83.0,0.669,12.147,12.185,12.165,12.090,1131,17.114,6.335,7.067,1.267,15.425,11.498,3.926,0.336,7.067,9.977,1.442,5.346,220.000,240.000,210.0,101.2,555.0,210.0,600.0,0.0,18.0,0.0,0.0,23.0,0.1,0.2,0.0,0.0,0.0,33,Yes,No,No,No,No,Yes,No,7.7,9.9,7,0,0,0,0,0,0,0,0,200,0,0,0,0,0,0,0,0,0,0,0,0,0,0,0,0,0,0,0,0,6310,1882,1716,82,2.5,34.3,1629.5,13.6,13.4,13.3,13.3,36.0,235.4,14.4,14.1,14.1,14.1,29.12,73.68,0.61,0.40,74.94,74.94,0.88,27.45,29.12,0.00,28.79,0,0,0.0,0.0,28594,1100,0.5,0.1,0,
2.7.2026,9:16:46.882,20102,3672,84.5,11407,4891,69.9,9.6,7476,720,1.088,1.306,1.056,1.056,1.056,1.056,1.056,1.056,1.056,3911.7,4117.6,4117.6,3294.1,4117.6,3294.1,4117.6,4117.6,4117.6,99.8,161.0,1055.2,148.9,215.7,386.5,131.6,86.7,60.8,50.5,19.3,19.9,38.9,161.5,79.6,33.5,39.6,47.2,161.0,3.0,10.7,3.3,4.9,9.4,2.9,1.8,1.9,0.9,1.0,1.0,0.7,4.4,1.2,1.3,1.4,0.8,10.7,3.0,3.2,11.9,3.9,5.8,10.2,3.5,2.2,1.5,1.3,0.5,0.5,1.0,4.4,1.5,0.8,1.0,1.2,3.2,39.2,41.2,41.2,33.0,41.2,33.0,41.2,41.2,41.2,0.0,21.3,26.7,26.9,22.1,20.4,16.8,20.3,19.2,18.0,78.7,73.3,73.1,77.9,79.6,83.2,79.7,80.8,82.0,0.0,0.0,0.0,0.0,0.0,0.0,0.0,0.0,0.0,1330.9,13.33,20,19,19,43,62,467,1,55.8,52.0,55.2,50.8,51.3,51.3,51.0,50.5,50.6,50.8,50.3,50.5,50.2,50.3,50.2,46.5,42.6,1.319,1.019,1.319,2.505,9.860,2.502,17.344,22.221,1.116,1.506,1.544,1.115,0.975,0.890,1.012,0.954,0.932,3.233,10.120,13.353,22.275,1330.6,1330.6,3937.6,3948.1,3927.1,4400.0,25.3,4.2,19.3,54.7,35.9,No,No,No,0.093,0.003,1.7,44,95.0,100.0,No,No,90780,98668,32,99.0,No,No,3320,0.0,0.3,0.3,0.000,0.093,266013,235735,0.0,0.0,0.0,0.000,0.000,343,3,33.9,45.9,83.0,0.669,12.147,12.186,12.165,12.091,1128,17.064,6.260,6.802,1.206,15.376,11.583,3.779,0.336,6.802,10.122,1.259,5.332,220.000,240.000,210.0,101.2,555.0,210.0,600.0,0.0,19.0,0.0,0.0,23.0,0.1,0.3,0.0,0.0,0.0,33,Yes,No,No,No,No,Yes,No,7.7,9.9,7,0,0,0,0,0,0,0,0,200,0,0,0,0,0,0,0,0,0,0,0,0,0,0,0,0,0,0,0,0,6310,1882,1716,82,2.5,52.1,2604.4,14.6,14.1,14.1,14.1,54.5,239.8,15.5,15.0,15.0,15.0,19.20,68.61,0.38,0.38,70.96,70.96,1.10,17.80,19.20,0.00,19.63,0,0,0.0,0.0,28594,1100,0.2,0.1,0,
2.7.2026,9:16:48.898,20107,3667,84.5,11407,4891,69.9,9.6,7476,720,1.312,1.312,1.312,1.312,1.312,1.312,1.312,1.312,1.312,3612.2,4117.6,3593.5,3593.5,3593.5,3294.1,4117.6,3294.1,3294.1,99.8,156.0,1070.4,154.9,274.5,428.6,110.0,78.9,52.3,41.8,22.4,21.7,42.8,35.0,81.1,32.1,21.6,28.3,156.0,2.8,11.1,4.1,7.0,10.9,3.0,2.2,0.8,0.6,0.2,0.1,1.4,0.5,1.8,0.4,0.9,0.2,11.1,2.8,3.0,11.7,4.1,7.4,11.4,2.9,1.9,1.3,1.0,0.6,0.5,1.1,0.9,1.5,0.8,0.5,0.6,3.0,36.2,41.2,36.0,36.0,36.0,33.0,41.2,33.0,33.0,0.0,21.1,27.0,28.9,22.1,20.5,16.6,17.9,19.0,17.1,78.9,73.0,71.1,77.9,79.5,83.4,82.1,81.0,82.9,0.0,0.0,0.0,0.0,0.0,0.0,0.0,0.0,0.0,1330.9,13.33,20,19,19,43,62,467,1,53.5,52.0,55.0,50.7,51.1,51.6,50.9,50.6,50.5,50.6,50.2,50.3,50.2,50.3,50.1,46.8,42.9,1.306,1.031,1.306,2.460,9.806,2.460,17.389,22.124,1.130,1.490,1.742,1.097,0.985,0.905,0.943,0.969,0.910,3.186,10.066,13.253,22.178,1330.6,1330.6,3952.0,3965.7,3938.4,4400.0,25.2,4.1,19.3,54.7,35.0,No,No,No,0.088,0.004,1.7,44,95.0,100.0,No,No,90780,98668,32,99.0,No,No,3320,0.1,0.4,0.5,0.040,0.159,266013,235735,0.0,0.0,0.0,0.000,0.000,343,3,33.9,45.9,83.0,0.669,12.154,12.194,12.171,12.097,1131,17.039,6.319,6.937,1.195,15.446,11.589,3.854,0.336,6.937,10.048,1.507,5.338,220.000,240.000,210.0,101.2,555.0,210.0,600.0,0.0,18.0,0.0,0.0,23.0,0.1,0.4,0.0,0.0,0.0,33,Yes,No,No,No,No,Yes,No,7.7,9.8,7,0,0,0,0,0,0,0,0,200,0,0,0,0,0,0,0,0,0,0,0,0,0,0,0,0,0,0,0,0,6310,1882,1716,82,2.5,30.0,1777.3,11.6,11.4,11.4,11.4,31.3,235.0,12.2,12.0,12.0,12.0,33.32,86.11,0.56,0.35,87.62,87.62,1.52,31.49,33.32,0.00,32.96,0,0,0.0,0.0,28594,1100,1.3,0.5,0,
2.7.2026,9:16:50.917,20110,3664,84.5,11337,4960,69.5,9.9,7476,737,1.318,1.312,1.319,1.319,1.319,1.319,1.319,1.319,1.319,4117.6,4117.6,4117.6,4117.6,4117.6,4117.6,4117.6,4117.6,4117.6,99.8,276.3,1331.0,299.3,343.0,461.9,169.9,176.2,135.0,132.1,95.7,217.9,83.3,72.2,97.9,105.0,99.0,601.9,276.3,5.5,12.2,6.9,8.0,10.9,3.8,3.9,3.7,3.7,2.8,5.8,1.7,2.2,1.7,3.0,2.0,15.0,15.0,5.5,6.0,13.8,8.1,9.3,12.3,4.5,4.6,3.5,3.5,2.5,6.0,2.2,1.9,2.1,2.8,2.5,16.6,6.0,41.2,41.2,41.2,41.2,41.2,41.2,41.2,41.2,41.2,0.0,27.5,33.1,33.0,26.4,25.4,23.8,21.7,23.9,32.4,72.5,66.9,66.9,73.6,74.6,76.2,78.3,76.1,67.6,0.0,0.0,0.0,0.0,0.0,0.0,0.0,0.0,0.0,1330.9,13.33,20,19,19,43,62,467,1,61.1,55.4,54.5,52.0,52.3,52.4,51.8,51.6,51.9,51.6,51.2,52.8,50.7,50.7,50.6,46.0,42.5,1.325,1.025,1.319,4.068,9.945,4.069,23.267,24.490,1.523,1.867,1.955,1.390,1.311,1.397,1.154,1.221,1.893,5.396,10.212,15.608,24.548,1330.6,1330.6,3998.9,3999.1,3998.6,4400.0,27.9,6.8,25.9,58.3,44.0,No,No,No,0.162,0.013,2.2,43,95.0,100.0,No,No,90780,98668,32,99.0,No,No,3320,0.0,0.5,0.5,0.000,8.974,266013,235752,0.0,0.0,0.0,0.000,0.000,343,3,34.0,45.9,83.0,0.669,12.146,12.184,12.163,12.089,1133,17.057,6.283,6.730,1.267,15.435,11.691,3.739,0.336,6.730,10.321,1.256,5.324,220.000,240.000,210.0,101.2,555.0,210.0,600.0,0.0,19.0,0.0,0.0,23.0,0.1,0.3,0.0,0.0,0.0,33,Yes,No,No,No,No,Yes,No,7.8,10.2,7,0,0,0,0,0,0,0,0,200,0,0,0,0,0,0,0,0,0,0,0,0,0,0,0,0,0,0,0,0,6310,1882,1716,82,2.5,49.9,2703.6,14.6,14.1,14.1,14.1,52.1,241.0,15.5,15.0,15.0,15.0,20.03,68.73,0.37,0.37,70.91,70.91,1.03,18.72,20.03,0.00,21.33,0,0,0.0,0.0,28594,1100,0.2,0.1,0,
2.7.2026,9:16:52.925,20109,3665,84.5,11335,4963,69.5,9.9,7476,737,1.088,1.306,1.056,1.056,1.056,1.056,1.056,1.056,1.056,3659.0,4117.6,3593.5,3593.5,3593.5,3593.5,3593.5,3593.5,3593.5,99.8,147.1,1078.5,104.3,199.7,406.1,97.6,84.0,68.2,41.6,32.0,20.6,30.0,28.3,80.2,28.1,26.1,28.4,147.1,2.4,12.1,2.2,4.6,9.6,2.1,1.7,1.3,0.7,0.6,0.3,0.5,0.4,1.2,0.4,0.4,0.4,12.1,2.4,2.9,13.6,2.7,5.3,10.7,2.5,2.1,1.7,1.0,0.8,0.5,0.7,0.7,1.5,0.7,0.6,0.6,2.9,36.7,41.2,36.0,36.0,36.0,36.0,36.0,36.0,36.0,0.0,20.8,27.2,26.6,21.8,20.3,16.7,17.4,18.8,17.2,79.2,72.8,73.4,78.2,79.7,83.3,82.6,81.2,82.8,0.0,0.0,0.0,0.0,0.0,0.0,0.0,0.0,0.0,1330.9,13.33,20,19,19,43,62,467,1,58.4,52.1,55.8,50.9,51.5,51.6,51.1,50.7,50.8,50.7,50.5,50.5,50.4,50.5,50.3,44.0,42.0,1.306,1.025,1.319,2.507,9.795,2.506,17.278,22.187,1.138,1.576,1.607,1.097,1.016,0.936,0.947,0.988,0.934,3.263,10.054,13.318,22.242,1330.6,1330.6,3972.7,3985.7,3959.7,4400.0,25.3,4.2,19.2,54.9,35.6,No,No,No,0.081,0.003,1.7,44,95.0,100.0,No,No,90780,98668,32,99.0,No,No,3320,0.1,0.7,0.7,0.032,0.083,266013,235752,0.0,0.0,0.0,0.000,0.000,343,3,33.9,46.0,83.0,0.669,12.144,12.183,12.162,12.088,1131,17.083,6.318,7.027,1.279,15.434,11.532,3.904,0.336,7.027,10.041,1.258,5.343,220.000,240.000,210.0,101.2,555.0,210.0,600.0,0.0,18.0,0.0,0.0,23.0,0.1,0.3,0.0,0.0,0.0,33,Yes,No,No,No,No,Yes,No,7.8,9.9,7,0,0,0,0,0,0,0,0,200,0,0,0,0,0,0,0,0,0,0,0,0,0,0,0,0,0,0,0,0,6310,1882,1716,82,2.5,62.0,2725.4,14.8,14.1,14.1,14.1,64.5,240.9,15.8,15.1,15.0,15.0,16.12,67.78,0.37,0.37,71.06,71.06,1.01,14.82,16.12,0.00,17.04,0,0,0.0,0.0,28594,1100,0.0,0.0,0,
2.7.2026,9:16:54.934,20107,3667,84.5,11332,4966,69.5,9.9,7476,737,1.312,1.306,1.312,1.312,1.312,1.312,1.312,1.312,1.312,4014.6,4117.6,4117.6,4117.6,3294.1,4117.6,4117.6,4117.6,4117.6,99.8,165.9,1232.7,150.2,182.4,509.8,106.4,74.4,61.8,39.5,23.5,21.5,34.6,31.4,78.9,44.3,30.8,32.0,165.9,3.1,15.5,4.0,4.7,12.7,2.9,2.1,1.1,1.3,1.0,0.2,0.4,0.4,1.8,0.7,0.3,0.3,15.5,3.1,3.3,16.9,4.0,4.8,13.6,2.7,1.8,1.5,1.0,0.6,0.5,0.9,0.8,1.5,1.1,0.7,0.8,3.3,40.2,41.2,41.2,41.2,33.0,41.2,41.2,41.2,41.2,0.0,22.0,30.8,28.9,22.4,21.1,17.0,18.1,19.8,17.9,78.0,69.2,71.1,77.6,78.9,83.0,81.9,80.2,82.1,0.0,0.0,0.0,0.0,0.0,0.0,0.0,0.0,0.0,1330.9,13.33,20,19,19,43,62,467,1,55.8,52.3,57.0,50.9,51.7,51.6,51.0,50.7,50.7,50.7,50.4,50.4,50.3,50.4,50.2,44.8,42.7,1.325,1.031,1.319,2.650,9.826,2.651,18.559,22.437,1.194,1.741,1.698,1.138,1.033,0.958,0.980,1.025,0.976,3.459,10.088,13.547,22.476,1330.6,1330.6,3997.5,4008.4,3986.6,4400.0,25.5,4.4,20.6,55.0,36.0,No,No,No,0.095,0.005,1.8,43,95.0,100.0,No,No,90780,98668,32,99.0,No,No,3320,0.3,0.5,0.8,0.277,1.232,266013,235755,0.0,0.0,0.0,0.000,0.000,343,3,33.8,45.9,83.0,0.669,12.143,12.181,12.161,12.087,1129,17.206,6.346,7.233,1.182,15.481,11.458,4.018,0.336,7.233,9.780,1.392,5.343,220.000,240.000,210.0,101.2,555.0,210.0,600.0,0.0,18.0,0.0,0.0,23.0,0.1,0.2,0.0,0.0,0.0,33,Yes,No,No,No,No,Yes,No,7.7,10.0,7,0,0,0,0,0,0,0,0,200,0,0,0,0,0,0,0,0,0,0,0,0,0,0,0,0,0,0,0,0,6310,1882,1716,82,2.5,64.5,3374.7,14.0,13.4,13.3,13.3,67.1,240.0,14.9,14.2,14.1,14.1,15.50,71.28,0.30,0.29,75.05,75.05,1.14,14.17,15.50,0.00,15.71,0,0,0.0,0.0,28594,1100,0.5,0.1,0,
2.7.2026,9:16:56.957,20104,3670,84.5,11332,4966,69.5,9.9,7476,737,1.302,1.312,1.300,1.300,1.300,1.300,1.300,1.300,1.300,3546.7,4117.6,3294.1,3294.1,3294.1,3593.5,3593.5,3593.5,3593.5,99.8,171.9,1219.7,224.8,246.9,423.1,138.4,82.2,57.4,48.0,31.1,24.0,35.0,33.6,83.9,36.4,36.7,29.3,171.9,3.0,13.0,5.0,5.5,9.9,2.9,1.4,1.6,0.7,0.3,0.9,1.1,1.1,1.1,1.1,1.2,0.9,13.0,3.0,3.4,14.8,6.0,6.6,11.2,3.6,2.0,1.4,1.2,0.8,0.6,0.9,0.8,1.7,0.9,0.9,0.7,3.4,35.5,41.2,33.0,33.0,33.0,36.0,36.0,36.0,36.0,0.0,22.0,30.5,28.7,23.0,21.0,17.4,18.0,19.6,18.0,78.0,69.5,71.3,77.0,79.0,82.6,82.0,80.4,82.0,0.0,0.0,0.0,0.0,0.0,0.0,0.0,0.0,0.0,1330.9,13.33,20,19,19,43,62,467,1,62.5,52.5,54.2,51.0,51.8,51.7,51.2,50.8,50.8,50.8,50.5,50.6,50.4,50.5,50.3,45.8,42.4,1.300,1.038,1.294,2.817,9.813,2.817,18.607,22.640,1.210,1.761,1.726,1.170,1.046,0.966,0.993,1.029,0.986,3.678,10.075,13.753,22.682,1330.6,1330.6,3994.9,4009.8,3980.0,4400.0,25.8,4.7,20.7,55.2,37.7,No,No,No,0.103,0.003,1.8,44,95.0,100.0,No,No,90780,98668,32,99.0,No,No,3320,0.0,0.3,0.3,0.000,0.059,266013,235755,0.0,0.0,0.0,0.000,0.000,343,3,33.9,46.0,83.0,0.669,12.146,12.185,12.164,12.089,1130,17.108,6.362,7.274,1.267,15.509,11.461,4.041,0.336,7.274,9.849,1.290,5.324,220.000,240.000,210.0,101.2,555.0,210.0,600.0,0.0,18.0,0.0,0.0,23.0,0.1,0.3,0.0,0.0,0.0,33,Yes,No,No,No,No,Yes,No,7.8,9.9,7,0,0,0,0,0,0,0,0,200,0,0,0,0,0,0,0,0,0,0,0,0,0,0,0,0,0,0,0,0,6310,1882,1716,82,2.5,62.1,3057.7,14.8,14.2,14.1,14.1,64.6,241.1,15.8,15.1,15.0,15.0,16.09,67.52,0.33,0.33,70.79,70.79,1.51,14.24,16.09,0.00,17.09,0,0,0.0,0.0,28594,1100,1.0,0.9,0,
2.7.2026,9:16:58.950,20104,3670,84.5,11331,4967,69.5,9.9,7476,737,1.088,1.312,1.056,1.056,1.056,1.056,1.056,1.056,1.056,4117.6,4117.6,4117.6,4117.6,4117.6,4117.6,4117.6,4117.6,4117.6,99.8,144.4,1071.7,123.1,186.2,395.2,95.8,74.6,46.5,38.3,21.4,30.1,33.4,28.0,83.1,33.2,23.7,26.7,144.4,2.9,12.0,3.3,4.8,10.0,2.7,2.0,1.4,1.3,0.9,1.1,1.2,1.0,1.9,1.1,0.9,0.9,12.0,2.9,2.8,12.8,3.2,4.9,10.4,2.5,1.8,1.1,1.0,0.5,0.8,0.8,0.7,1.6,0.8,0.6,0.6,2.8,41.2,41.2,41.2,41.2,41.2,41.2,41.2,41.2,41.2,0.0,20.6,26.9,26.4,21.4,19.8,16.8,17.4,18.7,17.4,79.4,73.1,73.6,78.6,80.2,83.2,82.6,81.3,82.6,0.0,0.0,0.0,0.0,0.0,0.0,0.0,0.0,0.0,1330.9,13.33,20,19,19,43,62,467,1,59.5,51.9,56.0,50.9,51.5,51.4,51.1,50.7,50.7,50.8,50.5,50.5,50.4,50.5,50.3,46.2,42.4,1.325,1.019,1.319,2.491,9.773,2.492,17.325,22.150,1.147,1.570,1.603,1.117,1.010,0.948,0.970,1.003,0.952,3.243,10.032,13.276,22.203,1330.6,1330.6,3986.0,4001.9,3970.2,4400.0,25.2,4.2,19.2,54.7,35.1,No,No,No,0.074,0.003,1.6,44,95.0,100.0,No,No,90780,98668,32,99.0,No,No,3320,0.0,0.3,0.3,0.000,0.026,266013,235755,0.0,0.0,0.0,0.000,0.000,343,3,33.9,45.9,83.0,0.669,12.144,12.182,12.161,12.088,1129,17.081,6.276,7.045,1.109,15.372,11.447,3.914,0.336,7.045,9.782,1.363,5.343,220.000,240.000,210.0,101.2,555.0,210.0,600.0,0.0,18.0,0.0,0.0,23.0,0.1,0.2,0.0,0.0,0.0,33,Yes,No,No,No,No,Yes,No,7.6,10.0,7,0,0,0,0,0,0,0,0,200,0,0,0,0,0,0,0,0,0,0,0,0,0,0,0,0,0,0,0,0,6310,1882,1716,75,2.5,4.4,2979.6,0.6,0.5,0.5,0.5,4.5,240.2,0.6,0.5,0.5,0.5,224.73,1762.91,0.34,0.33,1910.04,1910.04,1.58,223.04,224.73,0.00,437.01,0,0,0.0,0.0,28594,1100,0.5,0.0,0,
2.7.2026,9:17:0.945,20106,3668,84.5,11329,4969,69.5,9.9,7476,737,1.312,1.312,1.312,1.312,1.312,1.312,1.312,1.312,1.312,3659.0,4117.6,3593.5,3593.5,3593.5,3593.5,3593.5,3593.5,3593.5,99.8,156.1,1064.4,175.1,272.5,432.8,105.7,80.6,52.4,41.7,17.7,19.5,30.5,31.6,77.2,33.8,32.3,29.8,156.1,2.4,9.9,3.8,6.2,10.3,2.1,1.5,0.8,0.6,0.1,0.1,0.4,0.4,1.0,0.4,0.4,0.3,10.3,2.4,3.0,11.1,4.6,7.3,11.5,2.7,2.0,1.3,1.0,0.4,0.5,0.8,0.8,1.5,0.8,0.8,0.7,3.0,36.7,41.2,36.0,36.0,36.0,36.0,36.0,36.0,36.0,0.0,21.0,26.8,28.8,21.8,20.2,16.5,17.2,19.0,17.3,79.0,73.2,71.2,78.2,79.8,83.5,82.8,81.0,82.7,0.0,0.0,0.0,0.0,0.0,0.0,0.0,0.0,0.0,1330.9,13.33,20,19,19,43,62,467,1,56.6,52.0,56.0,50.8,51.2,51.6,50.9,50.6,50.6,50.6,50.3,50.4,50.2,50.3,50.2,45.5,42.3,1.325,1.025,1.319,2.545,9.793,2.542,17.482,22.248,1.147,1.494,1.742,1.116,1.006,0.924,0.952,0.992,0.947,3.311,10.052,13.363,22.284,1330.6,1330.6,3976.0,3987.9,3964.1,4400.0,25.3,4.2,19.4,54.7,35.8,No,No,No,0.086,0.003,1.7,44,95.0,100.0,No,No,90780,98668,32,99.0,No,No,3320,0.0,0.4,0.4,0.000,0.122,266013,235755,0.0,0.0,0.0,0.000,0.000,343,3,33.8,45.8,83.0,0.669,12.150,12.190,12.167,12.093,1131,17.016,6.260,6.977,1.097,15.343,11.464,3.876,0.336,6.977,9.817,1.400,5.314,220.000,240.000,210.0,101.2,555.0,210.0,600.0,0.0,18.0,0.0,0.0,23.0,0.1,0.3,0.0,0.0,0.0,33,Yes,No,No,No,No,Yes,No,7.6,9.9,7,0,0,0,0,0,0,0,0,200,0,0,0,0,0,0,0,0,0,0,0,0,0,0,0,0,0,0,0,0,6310,1882,1716,75,2.5,62.2,3269.4,14.0,13.4,13.3,13.3,64.5,239.8,14.9,14.2,14.1,14.1,16.09,71.36,0.31,0.31,75.13,75.13,1.20,14.50,16.09,0.00,16.49,0,0,0.0,0.0,28594,1100,0.3,0.1,0,
2.7.2026,9:17:2.970,20104,3670,84.5,11329,4969,69.5,9.9,7476,737,1.312,1.306,1.312,1.312,1.312,1.312,1.312,1.312,1.312,3852.4,4092.6,4117.6,4117.6,4117.6,3593.5,3593.5,3593.5,3593.5,99.8,188.0,1207.9,139.9,406.9,438.3,144.8,86.5,60.0,49.7,23.6,20.9,60.3,32.4,78.7,32.1,181.8,44.8,188.0,3.8,14.5,3.5,10.0,11.0,3.7,2.2,1.6,1.4,0.8,0.7,1.7,1.0,1.7,0.9,4.6,1.3,14.5,3.8,3.9,15.8,3.6,11.1,11.6,3.8,2.1,1.5,1.2,0.6,0.5,1.6,0.8,1.6,0.7,4.9,1.1,3.9,38.6,41.0,41.2,41.2,41.2,36.0,36.0,36.0,36.0,0.0,23.3,30.3,32.8,23.9,21.6,17.4,18.8,20.3,21.5,76.7,69.7,67.2,76.1,78.4,82.6,81.2,79.7,78.5,0.0,0.0,0.0,0.0,0.0,0.0,0.0,0.0,0.0,1330.9,13.33,20,19,19,43,62,467,1,54.2,52.5,56.2,50.9,51.4,51.9,51.0,50.7,50.6,50.7,50.4,50.7,50.3,50.4,50.2,46.2,43.0,1.337,1.031,1.319,2.862,9.865,2.859,19.415,22.713,1.218,1.640,1.856,1.166,1.037,0.941,0.987,1.011,1.103,3.726,10.127,13.853,22.780,1330.6,1330.6,3972.9,3988.0,3957.7,4400.0,25.9,4.8,21.6,55.2,38.0,No,No,No,0.135,0.003,1.9,44,95.0,100.0,No,No,90780,98668,32,99.0,No,No,3320,0.0,0.3,0.3,0.000,0.042,266013,235755,0.0,0.0,0.0,0.000,0.000,343,3,33.9,46.0,83.0,0.669,12.147,12.186,12.165,12.090,1129,16.891,6.306,6.961,1.097,15.425,11.546,3.867,0.336,6.961,9.910,1.609,5.349,220.000,240.000,210.0,101.2,555.0,210.0,600.0,0.0,18.0,0.0,0.0,23.0,0.1,0.2,0.0,0.0,0.0,33,Yes,No,No,No,No,Yes,No,7.7,9.9,7,0,0,0,0,0,0,0,0,200,0,0,0,0,0,0,0,0,0,0,0,0,0,0,0,0,0,0,0,0,6310,1882,1716,75,2.5,57.3,3242.3,16.6,16.1,16.0,16.0,59.9,239.6,17.7,17.2,17.1,17.1,17.46,60.39,0.31,0.30,62.40,62.40,0.94,16.23,17.46,0.00,17.96,0,0,0.0,0.0,28594,1100,4.4,3.1,0,
2.7.2026,9:17:4.961,20104,3669,84.5,11327,4971,69.5,9.9,7476,737,1.088,1.306,1.056,1.056,1.056,1.056,1.056,1.056,1.056,3659.0,4117.6,3593.5,3593.5,3593.5,3593.5,3593.5,3593.5,3593.5,99.8,161.3,1091.1,151.7,222.4,385.8,97.7,76.2,64.3,43.6,31.2,20.3,35.4,36.6,75.5,31.0,41.3,176.4,161.3,2.5,11.2,3.2,5.0,9.2,2.0,1.4,1.1,0.6,0.4,0.1,0.4,0.5,1.0,0.3,0.5,3.9,11.2,2.5,3.2,12.5,4.0,5.9,10.2,2.5,1.9,1.6,1.1,0.8,0.5,0.9,0.9,1.5,0.7,1.0,4.8,3.2,36.7,41.2,36.0,36.0,36.0,36.0,36.0,36.0,36.0,0.0,21.4,27.6,27.3,21.5,20.5,16.9,17.8,19.1,20.2,78.6,72.4,72.7,78.5,79.5,83.1,82.2,80.9,79.8,0.0,0.0,0.0,0.0,0.0,0.0,0.0,0.0,0.0,1330.9,13.33,20,19,19,43,62,467,1,60.6,51.9,55.2,50.6,51.2,51.1,50.8,50.4,50.5,50.5,50.2,50.5,50.1,50.2,50.1,46.0,42.5,1.294,1.025,1.294,2.513,9.841,2.519,17.548,22.237,1.133,1.541,1.577,1.076,0.991,0.919,0.938,0.964,1.055,3.257,10.099,13.356,22.289,1330.6,1330.6,3949.1,3964.2,3934.0,4400.0,25.3,4.2,19.5,54.6,35.7,No,No,No,0.087,0.003,1.7,43,95.0,100.0,No,No,90780,98668,32,99.0,No,No,3320,0.0,0.3,0.3,0.000,0.069,266013,235755,0.0,0.0,0.0,0.000,0.000,343,3,33.9,46.0,83.0,0.669,12.148,12.187,12.165,12.091,1129,16.958,6.280,7.004,1.194,15.388,11.486,3.891,0.336,7.004,9.919,1.260,5.316,220.000,240.000,210.0,101.2,555.0,210.0,600.0,0.0,18.0,0.0,0.0,23.0,0.1,0.4,0.0,0.0,0.0,33,Yes,No,No,No,No,Yes,No,7.7,9.9,7,0,0,0,0,0,0,0,0,200,0,0,0,0,0,0,0,0,0,0,0,0,0,0,0,0,0,0,0,0,6310,1882,1716,75,2.5,62.2,2912.5,14.8,14.2,14.1,14.1,64.6,239.9,15.8,15.1,15.0,15.0,16.09,67.54,0.34,0.34,70.81,70.81,1.21,14.70,16.09,0.00,17.04,0,0,0.0,0.0,28594,1100,0.3,0.2,0,
2.7.2026,9:17:6.973,20103,3671,84.5,11326,4972,69.4,9.9,7476,737,1.317,1.306,1.319,1.319,1.319,1.319,1.319,1.319,1.319,4117.6,4117.6,4117.6,4117.6,4117.6,4117.6,4117.6,4117.6,4117.6,99.8,182.2,1115.0,268.7,311.4,373.6,95.6,133.9,103.8,57.0,25.3,36.2,42.0,35.3,84.6,26.7,48.7,157.8,182.2,3.7,10.2,6.8,7.9,9.6,2.7,3.5,2.8,1.7,1.0,1.3,1.4,1.2,1.9,1.0,1.5,4.1,10.2,3.7,3.6,10.7,7.2,8.4,9.9,2.4,3.5,2.7,1.4,0.6,0.9,1.1,0.9,1.7,0.6,1.2,4.3,3.6,41.2,41.2,41.2,41.2,41.2,41.2,41.2,41.2,41.2,0.0,22.2,28.2,28.7,22.7,21.7,17.7,18.5,19.6,20.7,77.8,71.8,71.3,77.3,78.3,82.3,81.5,80.4,79.3,0.0,0.0,0.0,0.0,0.0,0.0,0.0,0.0,0.0,1330.9,13.33,20,19,19,43,62,467,1,57.6,51.9,54.8,50.6,51.1,51.3,50.8,50.5,50.4,50.5,50.1,50.4,50.1,50.2,50.0,46.0,42.4,1.319,1.031,1.319,2.622,9.845,2.620,18.129,22.368,1.142,1.538,1.665,1.093,1.016,0.916,0.936,0.956,1.017,3.395,10.106,13.502,22.426,1330.6,1330.6,3939.2,3949.4,3929.0,4400.0,25.5,4.4,20.1,54.6,36.9,No,No,No,0.106,0.003,1.8,44,95.0,100.0,No,No,90780,98668,32,99.0,No,No,3320,0.0,0.1,0.1,0.000,0.106,266013,235755,0.0,0.0,0.0,0.000,0.000,343,3,33.8,45.9,83.0,0.669,12.149,12.188,12.166,12.091,1130,16.953,6.283,6.903,1.182,15.390,11.547,3.835,0.336,6.903,10.017,1.368,5.346,220.000,240.000,210.0,101.2,555.0,210.0,600.0,0.0,18.0,0.0,0.0,23.0,0.1,0.2,0.0,0.0,0.0,33,Yes,No,No,No,No,Yes,No,7.7,9.8,7,0,0,0,0,0,0,0,0,200,0,0,0,0,0,0,0,0,0,0,0,0,0,0,0,0,0,0,0,0,6310,1882,1716,75,2.5,50.1,2326.7,13.8,13.4,13.4,13.4,52.1,240.6,14.6,14.2,14.1,14.1,19.96,72.33,0.43,0.42,74.83,74.83,0.94,18.53,19.96,0.00,20.37,0,0,0.0,0.0,28594,1100,0.1,0.1,0,
2.7.2026,9:17:8.983,20104,3670,84.5,11326,4972,69.4,9.9,7476,737,1.088,1.306,1.056,1.056,1.056,1.056,1.056,1.056,1.056,4117.6,4117.6,4117.6,4117.6,4117.6,4117.6,4117.6,4117.6,4117.6,99.8,142.5,1039.4,127.5,180.1,357.7,111.0,73.6,52.5,47.5,24.6,30.5,36.6,32.5,83.0,21.5,28.1,33.8,142.5,2.6,11.4,3.1,4.4,9.0,2.8,1.8,1.3,1.2,0.7,0.8,1.0,0.9,1.6,0.6,0.7,0.8,11.4,2.6,2.7,12.4,3.3,4.8,9.4,2.9,1.8,1.3,1.2,0.6,0.8,0.9,0.8,1.6,0.5,0.7,0.8,2.7,41.2,41.2,41.2,41.2,41.2,41.2,41.2,41.2,41.2,0.0,20.3,26.4,25.4,21.2,19.9,16.5,17.6,18.5,17.0,79.7,73.6,74.6,78.8,80.1,83.5,82.4,81.5,83.0,0.0,0.0,0.0,0.0,0.0,0.0,0.0,0.0,0.0,1330.9,13.33,20,19,19,43,62,467,1,54.8,51.4,54.2,50.4,50.9,50.8,50.6,50.2,50.3,50.3,50.0,50.1,50.0,50.0,49.9,46.0,42.4,1.300,1.025,1.312,2.305,9.783,2.306,16.439,21.894,1.063,1.476,1.440,1.057,0.944,0.878,0.901,0.925,0.883,2.973,10.041,13.014,21.937,1330.6,1330.6,3928.7,3940.1,3917.4,4400.0,24.9,3.8,18.3,54.1,34.7,No,No,No,0.075,0.003,1.6,44,95.0,100.0,No,No,90780,98668,32,99.0,No,No,3320,0.0,0.2,0.2,0.000,0.010,266013,235755,0.0,0.0,0.0,0.000,0.000,343,3,33.9,46.0,83.0,0.669,12.146,12.185,12.164,12.089,1131,16.974,6.270,6.909,1.255,15.338,11.497,3.838,0.336,6.909,10.041,1.258,5.319,220.000,240.000,210.0,101.2,555.0,210.0,600.0,0.0,18.0,0.0,0.0,23.0,0.1,0.3,0.0,0.0,0.0,33,Yes,No,No,No,No,Yes,No,7.7,9.9,7,0,0,0,0,0,0,0,0,200,0,0,0,0,0,0,0,0,0,0,0,0,0,0,0,0,0,0,0,0,6310,1882,1716,75,2.5,50.1,2385.9,14.6,14.2,14.2,14.2,52.1,240.1,15.5,15.0,15.0,15.0,19.98,68.50,0.42,0.41,70.67,70.67,1.17,18.51,19.98,0.00,21.25,0,0,0.0,0.0,28594,1100,0.2,0.1,0,
2.7.2026,9:17:10.997,20103,3670,84.5,11324,4974,69.4,9.9,7476,737,1.088,1.306,1.056,1.056,1.056,1.056,1.056,1.056,1.056,3921.1,4117.6,3593.5,3593.5,3593.5,4117.6,4117.6,4117.6,4117.6,99.8,147.3,1030.9,146.6,246.8,384.0,88.6,89.6,45.9,40.9,24.1,25.0,29.6,28.4,78.7,30.0,32.6,34.5,147.3,2.4,10.2,2.9,6.0,9.5,2.2,1.4,1.2,1.1,0.0,0.0,0.1,0.0,1.5,0.8,0.9,0.1,10.2,2.4,2.8,11.0,3.8,6.7,10.1,2.3,2.2,1.1,1.0,0.6,0.6,0.7,0.7,1.5,0.7,0.8,0.8,2.8,39.3,41.2,36.0,36.0,36.0,41.2,41.2,41.2,41.2,0.0,20.5,26.0,27.2,21.5,19.9,16.5,17.4,18.6,17.2,79.5,74.0,72.8,78.5,80.1,83.5,82.6,81.4,82.8,0.0,0.0,0.0,0.0,0.0,0.0,0.0,0.0,0.0,1330.9,13.33,20,19,19,43,62,467,1,52.6,51.4,54.0,50.3,50.8,51.0,50.5,50.2,50.2,50.2,49.9,50.0,49.9,49.9,49.8,44.0,42.0,1.319,1.025,1.319,2.393,9.789,2.392,16.771,22.009,1.083,1.423,1.611,1.047,0.949,0.886,0.906,0.939,0.899,3.089,10.045,13.134,22.054,1330.6,1330.6,3942.3,3954.7,3929.9,4400.0,25.1,4.0,18.6,54.1,35.4,No,No,No,0.074,0.003,1.6,43,95.0,100.0,No,No,90780,98668,32,99.0,No,No,3320,0.0,0.3,0.3,0.000,0.073,266013,235756,0.0,0.0,0.0,0.000,0.000,343,3,33.9,46.0,83.0,0.669,12.152,12.192,12.169,12.095,1131,16.947,6.302,7.089,1.219,15.407,11.466,3.938,0.336,7.089,9.882,1.258,5.341,220.000,240.000,210.0,101.2,555.0,210.0,600.0,0.0,18.0,0.0,0.0,23.0,0.1,0.3,0.0,0.0,0.0,33,Yes,No,No,No,No,Yes,No,7.7,9.8,7,0,0,0,0,0,0,0,0,200,0,0,0,0,0,0,0,0,0,0,0,0,0,0,0,0,0,0,0,0,6310,1882,1716,75,2.5,36.0,1910.4,14.3,14.1,14.1,14.1,37.9,235.5,15.3,15.0,15.0,15.0,27.80,69.87,0.52,0.31,71.05,71.05,0.95,25.94,27.80,0.00,27.45,0,0,0.0,0.0,28594,1100,0.6,0.1,0,
2.7.2026,9:17:13.018,20106,3668,84.5,11322,4976,69.4,9.9,7476,737,1.309,1.306,1.312,1.312,1.312,1.312,1.312,1.300,1.300,3949.1,4117.6,4117.6,3294.1,4117.6,3593.5,4117.6,4117.6,4117.6,99.8,145.4,1073.0,109.4,220.3,390.7,78.3,83.3,60.2,36.0,27.5,33.6,28.2,28.4,84.2,28.7,22.8,22.2,145.4,2.6,11.7,3.0,4.9,9.1,1.5,2.3,1.0,0.4,1.1,1.2,1.1,1.1,1.2,0.2,0.1,0.9,11.7,2.6,2.8,13.3,2.8,5.9,10.3,2.0,2.1,1.5,0.9,0.7,0.9,0.7,0.7,1.7,0.7,0.5,0.5,2.8,39.6,41.2,41.2,33.0,41.2,36.0,41.2,41.2,41.2,0.0,20.6,27.0,26.7,21.2,20.2,16.8,17.4,18.7,16.9,79.4,73.0,73.3,78.8,79.8,83.2,82.6,81.3,83.1,0.0,0.0,0.0,0.0,0.0,0.0,0.0,0.0,0.0,1330.9,13.33,20,19,19,43,62,467,1,51.6,51.4,54.5,50.3,50.8,50.9,50.4,50.2,50.1,50.2,49.9,49.9,49.8,49.9,49.7,46.0,42.7,1.337,1.031,1.319,2.383,9.771,2.379,17.019,21.986,1.103,1.517,1.579,1.055,0.982,0.908,0.917,0.965,0.900,3.093,10.027,13.120,22.036,1330.6,1330.6,3960.1,3972.3,3947.9,4400.0,25.0,4.0,18.9,54.1,34.8,No,No,No,0.079,0.003,1.6,43,95.0,100.0,No,No,90780,98668,32,99.0,No,No,3320,0.0,0.2,0.2,0.097,0.006,266014,235756,0.0,0.0,0.0,0.000,0.000,343,3,33.8,45.8,83.0,0.669,12.154,12.194,12.170,12.096,1130,17.182,6.309,7.141,1.195,15.432,11.455,3.967,0.336,7.141,9.835,1.260,5.327,220.000,240.000,210.0,101.2,555.0,210.0,600.0,0.0,18.0,0.0,0.0,23.0,0.1,0.2,0.0,0.0,0.0,33,Yes,No,No,No,No,Yes,No,7.7,10.0,7,0,0,0,0,0,0,0,0,200,0,0,0,0,0,0,0,0,0,0,0,0,0,0,0,0,0,0,0,0,6310,1882,1716,75,2.5,52.1,3315.6,14.6,14.1,14.1,14.1,54.5,239.9,15.5,15.0,15.0,15.0,19.19,68.71,0.30,0.30,71.06,71.06,0.96,17.68,19.19,0.00,19.66,0,0,0.0,0.0,28594,1100,0.1,0.1,0,
2.7.2026,9:17:15.022,20105,3669,84.5,11320,4977,69.4,9.9,7476,737,1.125,1.325,1.056,1.056,1.056,1.056,1.056,1.056,1.337,4117.6,4117.6,4117.6,4117.6,4117.6,4117.6,4117.6,4117.6,4117.6,99.8,166.5,1121.4,185.6,212.5,408.8,93.3,83.8,51.4,41.9,29.0,20.3,33.9,35.5,81.2,37.0,43.7,184.8,166.5,3.0,11.6,4.8,5.5,10.3,1.9,2.3,0.8,0.6,0.4,0.1,0.5,0.5,1.1,0.5,1.4,4.8,11.6,3.0,3.3,12.4,4.9,5.7,10.8,2.4,2.1,1.3,1.0,0.8,0.5,0.9,0.9,1.6,0.9,1.1,5.0,3.3,41.2,41.2,41.2,41.2,41.2,41.2,41.2,41.2,41.2,0.0,21.7,28.1,27.5,22.1,20.6,17.2,18.0,19.4,20.8,78.3,71.9,72.5,77.9,79.4,82.8,82.0,80.6,79.2,0.0,0.0,0.0,0.0,0.0,0.0,0.0,0.0,0.0,1330.9,13.33,20,19,19,43,62,467,1,59.5,51.8,55.8,50.5,51.0,51.2,50.7,50.3,50.3,50.4,50.1,50.4,49.9,50.0,49.9,45.5,42.3,1.337,1.025,1.331,2.737,9.787,2.737,18.173,22.441,1.173,1.595,1.659,1.116,1.008,0.941,0.963,0.999,1.106,3.566,10.048,13.613,22.537,1330.6,1330.6,3983.6,3996.3,3970.9,4400.0,25.6,4.6,20.2,54.6,37.7,No,No,No,0.091,0.003,1.7,43,95.0,100.0,No,No,90780,98668,32,99.0,No,No,3320,0.0,0.3,0.3,0.000,0.104,266014,235756,0.0,0.0,0.0,0.000,0.000,343,3,33.9,45.9,83.0,0.669,12.153,12.193,12.169,12.095,1130,17.140,6.326,7.072,1.256,15.467,11.527,3.929,0.336,7.072,9.999,1.259,5.343,220.000,240.000,210.0,101.2,555.0,210.0,600.0,0.0,18.0,0.0,0.0,23.0,0.1,0.3,0.0,0.0,0.0,33,Yes,No,No,No,No,Yes,No,7.8,10.0,7,0,0,0,0,0,0,0,0,200,0,0,0,0,0,0,0,0,0,0,0,0,0,0,0,0,0,0,0,0,6310,1882,1716,75,2.5,62.2,3006.7,14.8,14.2,14.1,14.1,64.5,240.9,15.8,15.1,15.0,15.0,16.07,67.40,0.33,0.33,70.67,70.67,1.26,14.52,16.07,0.00,17.09,0,0,0.0,0.0,28594,1100,0.0,0.0,0,
2.7.2026,9:17:17.047,20106,3668,84.5,11319,4978,69.4,9.9,7476,737,1.284,1.306,1.056,1.319,1.319,1.319,1.319,1.319,1.319,3705.8,4117.6,3294.1,3294.1,3294.1,4117.6,4117.6,4117.6,3294.1,99.8,173.7,1118.7,159.0,300.2,408.0,117.4,76.0,49.4,42.6,25.5,35.6,31.2,40.8,81.4,29.9,210.7,52.6,173.7,3.3,10.9,3.5,6.9,9.6,3.2,1.4,1.6,1.4,1.1,1.3,1.2,1.4,1.9,1.1,4.8,0.9,10.9,3.3,3.5,12.4,4.2,8.1,10.7,3.1,1.9,1.2,1.0,0.7,0.9,0.8,1.1,1.6,0.7,5.8,1.3,3.5,37.1,41.2,33.0,33.0,33.0,41.2,41.2,41.2,33.0,0.0,22.3,28.0,29.3,22.5,20.8,17.7,18.4,19.8,21.6,77.7,72.0,70.7,77.5,79.2,82.3,81.6,80.2,78.4,0.0,0.0,0.0,0.0,0.0,0.0,0.0,0.0,0.0,1330.9,13.33,20,19,19,43,62,467,1,56.8,52.2,55.5,50.8,51.2,51.6,50.8,50.5,50.5,50.6,50.2,50.7,50.1,50.2,50.1,45.8,42.8,1.325,1.025,1.319,2.851,9.799,2.853,18.826,22.697,1.212,1.573,1.787,1.144,1.032,0.975,0.990,1.026,1.172,3.728,10.060,13.788,22.718,1330.6,1330.6,3999.9,4012.8,3987.1,4400.0,25.8,4.8,20.9,55.0,38.2,No,No,No,0.106,0.003,1.8,44,95.0,100.0,No,No,90780,98668,32,99.0,No,No,3320,0.0,0.3,0.3,0.008,0.085,266014,235756,0.0,0.0,0.0,0.000,0.000,343,3,33.8,45.9,83.0,0.669,12.148,12.187,12.166,12.091,1131,17.165,6.295,7.006,1.219,15.402,11.511,3.892,0.336,7.006,9.964,1.276,5.343,220.000,240.000,210.0,101.2,555.0,210.0,600.0,0.0,18.0,0.0,0.0,23.0,0.1,0.4,0.0,0.0,0.0,33,Yes,No,No,No,No,Yes,No,7.7,10.0,7,0,0,0,0,0,0,0,0,200,0,0,0,0,0,0,0,0,0,0,0,0,0,0,0,0,0,0,0,0,6310,1882,1716,75,2.5,57.5,3438.1,14.6,14.1,14.1,14.1,59.9,239.9,15.6,15.0,15.0,15.0,17.39,68.33,0.29,0.29,71.09,71.09,1.73,15.08,17.39,0.00,17.59,0,0,0.0,0.0,28594,1100,2.3,0.2,0,
2.7.2026,9:17:19.056,20107,3667,84.5,11318,4980,69.4,9.9,7476,737,1.302,1.306,1.312,1.312,1.312,1.294,1.294,1.294,1.294,3703.3,4117.6,4117.6,3274.1,3294.1,4117.6,4117.6,3294.1,3294.1,99.8,154.0,1045.3,132.6,299.7,386.0,102.6,77.6,58.8,41.2,21.2,23.0,49.0,33.3,91.3,27.1,41.7,34.3,154.0,2.5,10.8,2.7,7.6,9.1,2.0,1.4,1.0,0.6,0.1,0.2,0.8,0.4,2.1,0.2,0.6,0.4,10.8,2.5,3.0,11.4,3.4,8.1,10.2,2.6,1.9,1.5,1.0,0.5,0.6,1.3,0.8,1.9,0.7,1.0,0.8,3.0,37.1,41.2,41.2,32.8,33.0,41.2,41.2,33.0,33.0,0.0,21.2,26.3,28.6,21.9,20.7,16.9,18.1,19.3,17.8,78.8,73.7,71.4,78.1,79.3,83.1,81.9,80.7,82.2,0.0,0.0,0.0,0.0,0.0,0.0,0.0,0.0,0.0,1330.9,13.33,20,19,19,43,62,467,1,54.1,51.6,55.2,50.5,50.9,51.3,50.7,50.4,50.3,50.4,50.1,50.2,50.0,50.1,49.9,46.0,42.5,1.319,1.031,1.306,2.647,9.792,2.647,17.829,22.395,1.153,1.470,1.741,1.118,1.019,0.935,0.975,1.003,0.966,3.448,10.050,13.499,22.422,1330.6,1330.6,3989.1,4005.3,3972.8,4400.0,25.5,4.4,19.8,54.3,37.1,No,No,No,0.082,0.003,1.7,44,95.0,100.0,No,No,90780,98668,32,99.0,No,No,3320,0.0,0.2,0.2,0.032,0.036,266014,235756,0.0,0.0,0.0,0.000,0.000,343,3,33.8,45.8,83.0,0.669,12.146,12.184,12.164,12.089,1131,17.204,6.350,7.218,1.243,15.509,11.497,4.010,0.336,7.218,9.886,1.259,5.319,220.000,240.000,210.0,101.2,555.0,210.0,600.0,0.0,19.0,0.0,0.0,23.0,0.1,0.2,0.0,0.0,0.0,33,Yes,No,No,No,No,Yes,No,7.8,10.0,7,0,0,0,0,0,0,0,0,200,0,0,0,0,0,0,0,0,0,0,0,0,0,0,0,0,0,0,0,0,6310,1882,1716,75,2.5,4.9,2856.8,0.6,0.5,0.5,0.5,4.9,240.0,0.6,0.5,0.5,0.5,202.68,1744.78,0.35,0.35,1909.90,1909.90,1.30,201.16,202.68,0.00,393.03,0,0,0.0,0.0,28594,1100,6.3,5.6,0,
2.7.2026,9:17:21.068,20105,3668,84.5,11315,4983,69.4,9.9,7476,737,1.240,1.306,1.300,1.300,1.300,1.300,1.300,1.056,1.056,3790.0,4117.6,3593.5,3593.5,3593.5,3593.5,3593.5,4117.6,4117.6,99.8,150.5,1108.7,156.0,184.5,392.5,94.3,73.4,49.6,43.5,23.4,34.1,42.1,28.2,85.5,28.0,32.1,31.8,150.5,2.7,11.4,3.9,3.8,9.8,2.4,1.9,1.3,1.2,0.8,1.1,1.2,0.9,1.0,0.8,0.9,0.9,11.4,2.7,2.9,13.1,4.1,4.9,10.3,2.5,1.8,1.2,1.1,0.6,0.9,1.1,0.7,1.7,0.7,0.8,0.7,2.9,38.0,41.2,36.0,36.0,36.0,36.0,36.0,41.2,41.2,0.0,20.9,27.9,26.4,21.4,20.2,17.2,17.7,19.0,17.6,79.1,72.1,73.6,78.6,79.8,82.8,82.3,81.0,82.4,0.0,0.0,0.0,0.0,0.0,0.0,0.0,0.0,0.0,1330.9,13.33,20,19,19,43,62,467,1,60.5,51.6,54.5,50.5,51.2,51.0,50.6,50.3,50.3,50.3,50.1,50.1,49.9,50.0,49.9,45.5,42.2,1.319,1.025,1.319,2.621,9.802,2.623,17.590,22.338,1.144,1.606,1.580,1.104,1.008,0.943,0.962,0.999,0.948,3.408,10.063,13.471,22.396,1330.6,1330.6,3987.9,4002.3,3973.6,4400.0,25.4,4.4,19.5,54.3,37.0,No,No,No,0.080,0.003,1.7,43,95.0,100.0,No,No,90780,98668,32,99.0,No,No,3320,0.0,0.1,0.1,0.000,0.030,266014,235756,0.0,0.0,0.0,0.000,0.000,343,3,33.9,46.0,83.0,0.669,12.147,12.185,12.165,12.090,1130,17.289,6.400,7.207,1.255,15.656,11.654,4.004,0.336,7.207,10.060,1.260,5.359,220.000,240.000,210.0,101.2,555.0,210.0,600.0,0.0,19.0,0.0,0.0,23.0,0.1,0.2,0.0,0.0,0.0,33,Yes,No,No,No,No,Yes,No,7.8,10.0,7,0,0,0,0,0,0,0,0,200,0,0,0,0,0,0,0,0,0,0,0,0,0,0,0,0,0,0,0,0,6310,1882,1716,75,2.5,5.0,2942.5,0.6,0.5,0.5,0.5,5.0,240.6,0.6,0.5,0.5,0.5,200.97,1729.44,0.34,0.34,1893.06,1893.06,1.34,199.54,200.97,0.00,389.69,0,0,0.0,0.0,28594,1100,0.6,0.1,0,
2.7.2026,9:17:23.061,20111,3663,84.5,11317,4980,69.4,9.9,7476,737,1.088,1.312,1.056,1.056,1.056,1.056,1.056,1.056,1.056,3659.0,4117.6,3593.5,3593.5,3593.5,3593.5,3593.5,3593.5,3593.5,99.8,167.7,1152.0,192.0,292.3,395.2,125.0,99.6,71.5,51.0,30.2,32.3,41.8,29.5,81.2,31.7,27.7,30.2,167.7,3.3,12.2,4.8,7.2,10.0,3.2,2.6,1.9,1.4,1.0,1.0,1.3,1.0,1.7,0.9,0.9,0.9,12.2,3.3,3.3,13.2,5.1,7.9,10.4,3.3,2.5,1.8,1.3,0.8,0.8,1.1,0.7,1.6,0.8,0.6,0.7,3.3,36.7,41.2,36.0,36.0,36.0,36.0,36.0,36.0,36.0,0.0,21.7,28.9,28.8,22.9,21.2,17.3,18.1,19.3,17.5,78.3,71.1,71.2,77.1,78.8,82.7,81.9,80.7,82.5,0.0,0.0,0.0,0.0,0.0,0.0,0.0,0.0,0.0,1330.9,13.33,20,19,19,43,62,467,1,57.6,51.9,54.0,50.5,51.2,51.2,50.8,50.4,50.3,50.3,50.0,50.0,50.0,50.0,49.9,44.5,41.9,1.306,1.019,1.306,2.645,9.835,2.644,18.127,22.393,1.168,1.655,1.673,1.161,1.040,0.937,0.959,0.989,0.932,3.440,10.094,13.534,22.457,1330.6,1330.6,3975.7,3988.8,3962.7,4400.0,25.5,4.4,20.1,54.6,36.5,No,No,No,0.101,0.003,1.7,44,95.0,100.0,No,No,90780,98668,32,99.0,No,No,3320,0.2,0.1,0.3,0.040,0.091,266014,235756,0.0,0.0,0.0,0.000,0.000,343,3,33.8,46.0,83.0,0.669,12.148,12.186,12.166,12.091,1130,17.197,6.376,7.236,1.243,15.572,11.535,4.020,0.336,7.236,9.926,1.335,5.322,220.000,240.000,210.0,101.2,555.0,210.0,600.0,0.0,18.0,0.0,0.0,23.0,0.1,0.3,0.0,0.0,0.0,33,Yes,No,No,No,No,Yes,No,7.8,10.0,7,0,0,0,0,0,0,0,0,200,0,0,0,0,0,0,0,0,0,0,0,0,0,0,0,0,0,0,0,0,6310,1882,1716,75,2.5,5.0,3069.8,0.6,0.5,0.5,0.5,5.0,240.7,0.6,0.5,0.5,0.5,200.99,1729.18,0.33,0.32,1893.20,1893.20,1.49,199.21,200.99,0.00,390.12,0,0,0.0,0.0,28594,1100,4.0,2.7,0,
2.7.2026,9:17:25.069,20116,3658,84.6,11321,4977,69.4,9.9,7476,737,1.330,1.319,1.331,1.331,1.331,1.331,1.331,1.331,1.331,3818.1,4117.6,3593.5,3593.5,3593.5,3294.1,4117.6,4117.6,4117.6,99.8,168.3,1153.9,240.2,169.1,408.1,83.3,108.2,51.4,49.5,25.1,22.6,37.3,35.7,94.9,33.5,29.3,150.6,168.3,2.8,11.5,5.3,3.5,10.4,2.2,2.0,0.7,0.7,0.1,0.1,0.4,0.4,2.1,0.3,0.9,3.8,11.5,2.8,3.2,12.3,6.4,4.5,10.8,2.1,2.7,1.2,1.2,0.6,0.6,0.9,0.9,1.9,0.8,0.7,4.0,3.2,38.2,41.2,36.0,36.0,36.0,33.0,41.2,41.2,41.2,0.0,21.6,29.0,26.8,22.1,20.7,17.1,18.1,19.6,19.7,78.4,71.0,73.2,77.9,79.3,82.9,81.9,80.4,80.3,0.0,0.0,0.0,0.0,0.0,0.0,0.0,0.0,0.0,1330.9,13.33,20,19,19,43,62,467,1,54.9,51.5,55.5,50.4,51.0,50.8,50.6,50.1,50.1,50.2,49.9,50.1,49.8,49.9,49.8,46.5,42.5,1.337,1.031,1.331,2.486,9.844,2.484,17.827,22.190,1.131,1.607,1.553,1.099,0.985,0.905,0.940,0.977,0.985,3.220,10.104,13.323,22.242,1330.6,1330.6,3958.5,3970.0,3947.0,4400.0,25.3,4.1,19.8,54.2,35.3,No,No,No,0.092,0.003,1.7,44,95.0,100.0,No,No,90780,98668,32,99.0,No,No,3320,0.0,0.2,0.2,0.032,0.087,266014,235756,0.0,0.0,0.0,0.000,0.000,343,3,33.8,45.8,83.0,0.669,12.153,12.193,12.171,12.096,1131,17.268,6.388,7.364,1.183,15.627,11.528,4.091,0.336,7.364,9.792,1.255,5.343,220.000,240.000,210.0,101.2,555.0,210.0,600.0,0.0,18.0,0.0,0.0,23.0,0.1,0.2,0.0,0.0,0.0,33,Yes,No,No,No,No,Yes,No,7.8,10.0,7,0,0,0,0,0,0,0,0,200,0,0,0,0,0,0,0,0,0,0,0,0,0,0,0,0,0,0,0,0,6310,1882,1716,75,2.5,62.1,3124.6,14.8,14.2,14.1,14.1,64.6,240.6,15.8,15.1,15.0,15.0,16.10,67.46,0.32,0.32,70.71,70.71,1.21,14.71,16.10,0.00,17.10,0,0,0.0,0.0,28594,1100,0.1,0.1,0,
2.7.2026,9:17:27.067,20140,3634,84.7,11342,4956,69.5,9.9,7476,737,1.318,1.312,1.319,1.319,1.319,1.319,1.319,1.319,1.319,4014.6,4117.6,4117.6,4117.6,4117.6,3294.1,4117.6,4117.6,4117.6,99.8,253.7,1413.7,311.9,563.7,563.1,212.9,292.3,119.0,103.6,42.3,32.3,67.3,66.7,95.5,56.3,53.7,65.4,253.7,4.8,13.0,7.7,13.7,13.5,4.6,7.3,3.1,2.8,1.4,1.1,1.9,1.9,1.4,1.6,0.8,1.1,13.7,4.8,5.3,14.8,8.3,15.3,15.1,5.6,7.8,3.0,2.7,1.1,0.8,1.7,1.7,2.0,1.4,1.3,1.7,5.3,40.2,41.2,41.2,41.2,41.2,33.0,41.2,41.2,41.2,0.0,27.2,35.2,39.3,30.8,27.1,19.5,21.8,22.8,20.8,72.8,64.8,60.7,69.2,72.9,80.5,78.2,77.2,79.2,0.0,0.0,0.0,0.0,0.0,0.0,0.0,0.0,0.0,1330.9,13.33,20,19,19,43,62,467,1,53.6,52.9,56.0,51.1,51.8,52.3,51.6,51.0,50.5,50.7,50.3,50.5,50.2,50.3,50.1,44.8,42.3,1.325,1.025,1.319,3.417,9.896,3.423,22.662,23.534,1.380,1.915,2.289,1.487,1.205,0.982,1.065,1.057,1.044,4.457,10.161,14.618,23.568,1330.6,1330.6,3975.2,3990.2,3960.3,4400.0,26.8,5.7,25.2,55.7,40.1,No,No,No,0.175,0.015,2.2,43,95.0,100.0,No,No,90780,98668,32,99.0,No,No,3320,21.1,0.3,21.4,11.084,0.660,266035,235758,0.0,0.0,0.0,0.000,0.000,343,3,33.9,45.9,83.0,0.669,12.156,12.197,12.173,12.099,1131,17.285,6.423,7.378,1.366,15.618,11.519,4.099,0.336,7.378,9.951,1.261,5.324,220.000,240.000,210.0,101.2,555.0,210.0,600.0,0.0,18.0,0.0,0.0,23.0,0.1,0.3,0.0,0.0,0.0,33,Yes,No,No,No,No,Yes,No,7.9,10.0,7,0,0,0,0,0,0,0,0,200,0,0,0,0,0,0,0,0,0,0,0,0,0,0,0,0,0,0,0,0,6310,1882,1716,75,2.5,69.6,2773.2,17.9,17.3,17.2,17.2,73.0,239.9,19.3,18.5,18.4,18.4,14.37,55.73,0.36,0.36,58.21,58.21,1.26,12.71,14.37,0.00,15.34,0,0,0.0,0.0,28594,1100,5.1,2.0,0,
2.7.2026,9:17:29.060,20120,3653,84.6,11334,4964,69.5,9.9,7476,737,1.295,1.306,1.306,1.306,1.288,1.288,1.288,1.288,1.288,3911.7,3294.1,3294.1,4117.6,4117.6,4117.6,4117.6,4117.6,4117.6,99.8,163.9,1082.7,216.3,301.3,353.2,103.8,104.6,59.8,57.0,27.6,30.4,42.1,42.0,84.6,37.6,50.1,29.3,163.9,3.1,10.5,5.3,7.4,9.0,2.6,2.6,1.5,1.5,0.8,0.9,1.2,1.2,1.7,1.0,1.3,0.8,10.5,3.1,3.2,11.2,5.7,8.1,9.3,2.7,2.7,1.5,1.4,0.7,0.8,1.1,1.1,1.6,0.9,1.3,0.7,3.2,39.2,33.0,33.0,41.2,41.2,41.2,41.2,41.2,41.2,0.0,21.3,27.4,28.1,22.0,20.8,17.1,18.3,19.0,17.9,78.7,72.6,71.9,78.0,79.2,82.9,81.7,81.0,82.1,0.0,0.0,0.0,0.0,0.0,0.0,0.0,0.0,0.0,1330.9,13.33,20,19,19,43,62,467,1,60.5,51.7,54.5,50.5,50.9,51.1,50.7,50.3,50.3,50.3,50.0,50.1,50.0,50.0,49.9,43.8,41.8,1.319,1.025,1.319,2.390,9.816,2.389,17.351,22.035,1.110,1.497,1.616,1.092,0.982,0.892,0.933,0.945,0.923,3.075,10.074,13.149,22.072,1330.6,1330.6,3935.6,3949.2,3922.0,4400.0,25.1,4.0,19.3,54.4,34.4,No,No,No,0.098,0.004,1.7,44,95.0,100.0,No,No,90780,98668,32,99.0,No,No,3320,1.7,0.2,1.9,0.543,0.166,266036,235758,0.0,0.0,0.0,0.000,0.000,343,3,33.8,45.9,83.0,0.669,12.153,12.193,12.170,12.096,1129,17.261,6.420,7.184,1.427,15.614,11.612,3.991,0.336,7.184,10.203,1.306,5.346,220.000,240.000,210.0,101.2,555.0,210.0,600.0,0.0,18.0,0.0,0.0,23.0,0.1,0.2,0.0,0.0,0.0,33,Yes,No,No,No,No,Yes,No,7.9,10.0,7,0,0,0,0,0,0,0,0,200,0,0,0,0,0,0,0,0,0,0,0,0,0,0,0,0,0,0,0,0,6310,1882,1716,75,2.5,52.3,3998.8,14.6,14.1,14.1,14.1,54.5,240.4,15.5,15.0,15.0,15.0,19.12,68.67,0.25,0.25,71.03,71.03,1.17,16.98,19.12,0.00,19.60,0,0,0.0,0.0,28594,1100,1.0,1.8,0,
2.7.2026,9:17:31.069,20116,3658,84.6,11328,4970,69.5,9.9,7476,737,1.301,1.306,1.300,1.300,1.300,1.300,1.300,1.300,1.300,4117.6,4117.6,4117.6,4117.6,4117.6,4117.6,4117.6,4117.6,4117.6,99.8,153.0,1068.7,169.4,218.3,380.7,86.5,106.2,55.1,48.7,22.8,25.2,37.1,48.0,78.8,32.5,38.0,31.7,153.0,2.4,10.7,3.7,4.9,9.1,1.7,2.2,0.9,0.8,0.2,0.2,0.5,0.8,1.1,0.4,0.5,0.3,10.7,2.4,2.9,12.0,4.4,5.8,10.1,2.2,2.7,1.4,1.2,0.6,0.6,0.9,1.2,1.5,0.8,0.9,0.7,2.9,41.2,41.2,41.2,41.2,41.2,41.2,41.2,41.2,41.2,0.0,20.9,27.1,26.8,21.7,20.4,16.7,17.9,18.8,17.5,79.1,72.9,73.2,78.3,79.6,83.3,82.1,81.2,82.5,0.0,0.0,0.0,0.0,0.0,0.0,0.0,0.0,0.0,1330.9,13.33,20,19,19,43,62,467,1,57.5,51.3,55.5,50.2,50.7,50.8,50.4,50.0,50.0,50.1,49.8,49.8,49.7,49.8,49.7,44.5,42.0,1.300,1.025,1.294,2.271,9.820,2.270,16.984,21.860,1.082,1.487,1.524,1.061,0.961,0.880,0.914,0.935,0.892,2.929,10.078,13.008,21.928,1330.6,1330.6,3937.1,3947.1,3927.1,4400.0,24.9,3.8,18.9,54.0,33.6,No,No,No,0.085,0.003,1.7,44,95.0,100.0,No,No,90780,98668,32,99.0,No,No,3320,0.0,0.2,0.2,0.000,0.148,266036,235758,0.0,0.0,0.0,0.000,0.000,343,3,33.8,45.8,83.0,0.669,12.153,12.193,12.170,12.096,1133,17.343,6.342,7.027,1.280,15.541,11.624,3.904,0.336,7.027,10.138,1.249,5.297,220.000,240.000,210.0,101.2,555.0,210.0,600.0,0.0,18.0,0.0,0.0,23.0,0.1,0.3,0.0,0.0,0.0,33,Yes,No,No,No,No,Yes,No,7.8,10.0,7,0,0,0,0,0,0,0,0,200,0,0,0,0,0,0,0,0,0,0,0,0,0,0,0,0,0,0,0,0,6310,1882,1716,75,2.5,36.0,1835.7,14.3,14.1,14.1,14.1,37.9,235.0,15.2,15.0,15.0,15.0,27.76,69.73,0.54,0.33,70.91,70.91,1.36,25.68,27.76,0.00,27.42,0,0,0.0,0.0,28594,1100,0.1,0.1,0,
2.7.2026,9:17:33.079,20120,3654,84.6,11327,4970,69.5,9.9,7476,737,1.088,1.306,1.056,1.056,1.056,1.056,1.056,1.056,1.056,4014.6,4117.6,4117.6,4117.6,4117.6,3294.1,4117.6,4117.6,4117.6,99.8,166.1,1124.2,179.5,261.6,455.6,86.7,107.9,61.8,45.3,27.6,39.6,35.7,35.5,86.6,39.7,38.2,32.1,166.1,3.3,12.2,4.7,6.6,11.5,2.4,2.8,1.8,1.4,1.0,1.3,1.2,1.2,2.0,1.2,1.2,1.0,12.2,3.3,3.3,13.1,4.8,7.1,12.1,2.2,2.7,1.5,1.1,0.7,1.0,0.9,0.9,1.7,1.0,1.0,0.7,3.3,40.2,41.2,41.2,41.2,41.2,33.0,41.2,41.2,41.2,0.0,21.4,28.3,28.9,22.1,20.8,17.0,17.7,19.2,17.6,78.6,71.7,71.1,77.9,79.2,83.0,82.3,80.8,82.4,0.0,0.0,0.0,0.0,0.0,0.0,0.0,0.0,0.0,1330.9,13.33,20,19,19,43,62,467,1,55.0,51.9,55.0,50.4,51.1,51.3,50.5,50.2,50.1,50.1,49.9,49.9,49.8,49.9,49.8,44.8,42.4,1.319,1.025,1.319,2.508,9.804,2.510,17.657,22.195,1.140,1.602,1.732,1.087,0.977,0.909,0.925,0.969,0.915,3.256,10.062,13.317,22.243,1330.6,1330.6,3955.0,3968.4,3941.5,4400.0,25.3,4.2,19.6,54.7,35.4,No,No,No,0.095,0.003,1.7,44,95.0,100.0,No,No,90780,98668,32,99.0,No,No,3320,0.0,0.2,0.2,0.000,0.057,266036,235758,0.0,0.0,0.0,0.000,0.000,343,3,33.9,45.9,83.0,0.669,12.154,12.193,12.171,12.096,1129,17.328,6.391,7.049,1.353,15.506,11.588,3.916,0.336,7.049,10.158,1.611,5.346,220.000,240.000,210.0,101.2,555.0,210.0,600.0,0.0,18.0,0.0,0.0,23.0,0.1,0.4,0.0,0.0,0.0,33,Yes,No,No,No,No,Yes,No,7.8,10.0,7,0,0,0,0,0,0,0,0,200,0,0,0,0,0,0,0,0,0,0,0,0,0,0,0,0,0,0,0,0,6310,1882,1716,75,2.5,13.3,13.3,13.3,13.3,13.3,13.3,14.1,14.1,14.1,14.1,14.1,14.1,75.39,75.39,75.39,75.39,75.39,75.39,0.69,71.93,75.39,0.00,70.62,0,0,0.0,0.0,28594,1100,0.6,0.1,0,
2.7.2026,9:17:35.078,20118,3656,84.6,11326,4972,69.4,9.9,7476,737,1.312,1.312,1.312,1.312,1.312,1.312,1.312,1.312,1.312,4014.6,3294.1,4117.6,4117.6,4117.6,4117.6,4117.6,4117.6,4117.6,99.8,158.3,1102.0,176.6,215.0,414.0,87.5,89.0,52.1,52.2,25.6,25.8,38.7,32.2,87.8,29.7,39.7,64.5,158.3,3.0,11.4,4.4,5.3,10.2,2.2,2.2,1.4,1.4,0.8,0.8,1.1,0.9,1.8,0.8,1.1,1.7,11.4,3.0,3.1,12.4,4.7,5.7,11.0,2.2,2.2,1.3,1.3,0.7,0.7,1.0,0.8,1.7,0.7,1.0,1.6,3.1,40.2,33.0,41.2,41.2,41.2,41.2,41.2,41.2,41.2,0.0,21.3,27.7,27.3,22.1,20.6,17.1,17.8,19.1,18.4,78.7,72.3,72.7,77.9,79.4,82.9,82.2,80.9,81.6,0.0,0.0,0.0,0.0,0.0,0.0,0.0,0.0,0.0,1330.9,13.33,20,19,19,43,62,467,1,52.8,51.4,55.2,50.3,50.8,50.9,50.5,50.2,50.1,50.2,49.9,50.0,49.8,49.9,49.8,46.0,42.2,1.325,1.031,1.319,2.528,9.795,2.523,17.726,22.214,1.139,1.581,1.623,1.085,0.999,0.933,0.949,0.985,0.960,3.289,10.053,13.343,22.258,1330.6,1330.6,3976.3,3987.6,3965.1,4400.0,25.3,4.2,19.7,54.1,35.8,No,No,No,0.089,0.003,1.7,43,95.0,100.0,No,No,90780,98668,32,99.0,No,No,3320,0.0,0.3,0.3,0.000,0.069,266036,235759,0.0,0.0,0.0,0.000,0.000,343,3,33.8,46.0,83.0,0.669,12.153,12.194,12.170,12.096,1130,17.266,6.364,6.957,1.366,15.553,11.685,3.865,0.336,6.957,10.318,1.258,5.346,220.000,240.000,210.0,101.2,555.0,210.0,600.0,0.0,19.0,0.0,0.0,23.0,0.1,0.2,0.0,0.0,0.0,33,Yes,No,No,No,No,Yes,No,7.9,10.0,7,0,0,0,0,0,0,0,0,200,0,0,0,0,0,0,0,0,0,0,0,0,0,0,0,0,0,0,0,0,6310,1882,1716,75,2.5,13.3,13.3,13.3,13.3,13.3,13.3,14.1,14.1,14.1,14.1,14.1,14.1,74.99,74.99,74.99,74.99,74.99,74.99,1.18,72.53,74.99,0.00,70.56,0,0,0.0,0.0,28594,1100,0.0,0.0,0,
2.7.2026,9:17:37.072,20116,3658,84.6,11325,4972,69.4,9.9,7476,737,1.088,1.312,1.056,1.056,1.056,1.056,1.056,1.056,1.056,3649.7,4117.6,4117.6,3294.1,3294.1,3593.5,3593.5,3593.5,3593.5,99.8,203.4,1256.2,247.9,487.2,438.2,112.7,109.6,105.8,50.4,24.4,22.0,41.6,34.7,77.7,27.8,47.2,170.9,203.4,3.3,13.1,5.2,11.1,10.6,1.9,2.6,1.8,0.4,0.0,0.0,0.3,0.1,1.5,0.0,0.3,3.4,13.1,3.3,4.2,14.5,6.6,13.3,11.6,2.9,2.8,2.8,1.3,0.6,0.5,1.1,0.9,1.5,0.7,1.1,4.6,4.2,36.6,41.2,41.2,33.0,33.0,36.0,36.0,36.0,36.0,0.0,23.9,31.3,34.2,24.2,23.0,17.6,19.0,20.2,21.7,76.1,68.7,65.8,75.8,77.0,82.4,81.0,79.8,78.3,0.0,0.0,0.0,0.0,0.0,0.0,0.0,0.0,0.0,1330.9,13.33,20,19,19,43,62,467,1,60.1,52.5,55.0,50.7,51.4,51.6,50.8,50.5,50.3,50.4,50.0,50.3,49.9,50.0,49.9,44.8,42.4,1.300,1.031,1.319,2.986,9.861,2.988,20.212,22.900,1.265,1.822,1.952,1.187,1.096,0.955,0.999,1.018,1.092,3.904,10.124,14.028,22.962,1330.6,1330.6,4000.9,4013.8,3988.0,4400.0,26.1,5.0,22.5,55.2,38.3,No,No,No,0.127,0.003,1.9,44,95.0,100.0,No,No,90780,98668,32,99.0,No,No,3320,0.0,0.1,0.1,0.000,0.073,266036,235759,0.0,0.0,0.0,0.000,0.000,343,3,33.8,45.9,83.0,0.669,12.155,12.196,12.171,12.097,1129,17.157,6.307,6.912,1.281,15.445,11.601,3.840,0.336,6.912,10.159,1.256,5.324,220.000,240.000,210.0,101.2,555.0,210.0,600.0,0.0,18.0,0.0,0.0,23.0,0.1,0.2,0.0,0.0,0.0,33,Yes,No,No,No,No,Yes,No,7.8,9.9,7,0,0,0,0,0,0,0,0,200,0,0,0,0,0,0,0,0,0,0,0,0,0,0,0,0,0,0,0,0,6310,1882,1716,75,2.5,14.2,14.2,14.2,14.2,14.2,14.2,15.0,15.0,15.0,15.0,15.0,15.0,70.65,70.65,70.65,70.65,70.65,70.65,0.67,68.38,70.65,0.00,66.31,0,0,0.0,0.0,28594,1100,2.5,0.2,0,
2.7.2026,9:17:39.085,20115,3659,84.6,11324,4974,69.4,9.9,7476,737,1.306,1.306,1.306,1.306,1.306,1.306,1.306,1.306,1.306,3659.0,4117.6,3593.5,3593.5,3593.5,3593.5,3593.5,3593.5,3593.5,99.8,152.3,1085.7,204.5,187.2,408.4,86.6,83.6,55.3,47.8,22.9,28.5,34.8,30.3,77.6,28.3,27.8,27.3,152.3,2.8,10.0,5.2,4.8,9.5,2.4,1.5,1.6,1.5,0.9,1.0,1.2,1.1,1.0,1.0,1.0,0.9,10.0,2.8,2.9,11.4,5.4,5.0,10.7,2.2,2.1,1.4,1.2,0.6,0.7,0.9,0.8,1.5,0.7,0.7,0.6,2.9,36.7,41.2,36.0,36.0,36.0,36.0,36.0,36.0,36.0,0.0,20.8,27.3,26.7,21.5,20.3,16.9,17.6,18.8,17.5,79.2,72.7,73.3,78.5,79.7,83.1,82.4,81.2,82.5,0.0,0.0,0.0,0.0,0.0,0.0,0.0,0.0,0.0,1330.9,13.33,20,19,19,43,62,467,1,57.2,51.4,56.0,50.3,50.8,50.8,50.5,50.1,50.1,50.1,49.9,49.9,49.8,49.8,49.7,46.5,42.8,1.312,1.025,1.312,2.536,9.791,2.539,17.526,22.235,1.137,1.582,1.584,1.101,1.003,0.937,0.957,0.991,0.940,3.301,10.050,13.351,22.277,1330.6,1330.6,3989.8,4007.1,3972.5,4400.0,25.3,4.2,19.5,54.1,36.0,No,No,No,0.079,0.003,1.7,44,95.0,100.0,No,No,90780,98668,32,99.0,No,No,3320,0.0,0.3,0.3,0.000,0.061,266036,235759,0.0,0.0,0.0,0.000,0.000,343,3,33.9,45.8,83.0,0.669,12.155,12.196,12.172,12.097,1131,17.078,6.318,6.948,1.195,15.482,11.613,3.860,0.336,6.948,10.071,1.389,5.338,220.000,240.000,210.0,101.2,555.0,210.0,600.0,0.0,18.0,0.0,0.0,23.0,0.1,0.3,0.0,0.0,0.0,33,Yes,No,No,No,No,Yes,No,7.7,9.9,7,0,0,0,0,0,0,0,0,200,0,0,0,0,0,0,0,0,0,0,0,0,0,0,0,0,0,0,0,0,6310,1882,1716,75,2.5,14.1,14.1,14.1,14.1,14.1,14.1,15.0,15.0,15.0,15.0,15.0,15.0,70.79,70.79,70.79,70.79,70.79,70.79,0.70,68.97,70.79,0.00,66.41,0,0,0.0,0.0,28594,1100,0.1,0.0,0,
2.7.2026,9:17:41.094,20116,3658,84.6,11324,4974,69.4,9.9,7476,737,1.318,1.312,1.319,1.319,1.319,1.319,1.319,1.319,1.319,3499.9,4117.6,3294.1,3294.1,3294.1,3294.1,3294.1,4117.6,3294.1,99.8,148.6,1095.0,154.6,166.2,432.0,71.4,92.9,46.6,42.2,21.6,30.1,29.1,28.5,79.0,28.5,33.4,26.0,148.6,2.9,12.3,3.9,4.2,10.8,1.9,2.4,1.3,1.2,0.8,1.0,1.0,0.9,1.7,0.9,1.0,0.8,12.3,2.9,2.9,13.3,4.1,4.4,11.4,1.8,2.3,1.1,1.0,0.6,0.8,0.7,0.7,1.5,0.7,0.8,0.6,2.9,35.1,41.2,33.0,33.0,33.0,33.0,33.0,41.2,33.0,0.0,20.8,27.6,26.8,21.3,20.0,16.8,17.4,18.8,17.4,79.2,72.4,73.2,78.7,80.0,83.2,82.6,81.2,82.6,0.0,0.0,0.0,0.0,0.0,0.0,0.0,0.0,0.0,1330.9,13.33,20,19,19,43,62,467,1,54.5,51.5,55.5,50.3,50.9,50.8,50.5,50.1,50.1,50.1,49.9,49.9,49.8,49.8,49.7,46.0,42.4,1.294,1.025,1.288,2.521,9.791,2.518,17.399,22.175,1.128,1.607,1.554,1.087,0.990,0.927,0.942,0.985,0.933,3.278,10.050,13.328,22.245,1330.6,1330.6,3986.2,3996.8,3975.7,4400.0,25.3,4.2,19.3,54.2,36.1,No,No,No,0.081,0.003,1.7,43,95.0,100.0,No,No,90780,98668,32,99.0,No,No,3320,0.0,0.2,0.2,0.000,0.050,266036,235759,0.0,0.0,0.0,0.000,0.000,343,3,33.8,46.0,83.0,0.669,12.151,12.191,12.168,12.094,1130,17.088,6.320,6.842,1.414,15.429,11.622,3.801,0.336,6.842,10.344,1.258,5.308,220.000,240.000,210.0,101.2,555.0,210.0,600.0,0.0,19.0,0.0,0.0,23.0,0.1,0.3,0.0,0.0,0.0,33,Yes,No,No,No,No,Yes,No,7.8,9.9,7,0,0,0,0,0,0,0,0,200,0,0,0,0,0,0,0,0,0,0,0,0,0,0,0,0,0,0,0,0,6310,1882,1716,75,2.5,15.0,15.0,15.0,15.0,15.0,15.0,16.0,16.0,16.0,16.0,16.0,16.0,66.61,66.61,66.61,66.61,66.61,66.61,0.68,65.13,66.61,0.00,62.10,0,0,0.0,0.0,28594,1100,0.2,0.1,0,
2.7.2026,9:17:43.101,20114,3659,84.6,11322,4976,69.4,9.9,7476,737,1.216,1.312,1.312,1.312,1.312,1.312,1.056,1.056,1.056,3921.1,4117.6,3593.5,3593.5,3593.5,4117.6,4117.6,4117.6,4117.6,99.8,144.9,1093.5,124.3,144.0,397.3,65.9,90.5,40.9,46.2,47.1,26.5,29.4,28.3,81.8,33.0,26.9,43.3,144.9,2.4,12.6,2.4,3.7,10.0,1.8,2.3,1.2,0.6,0.6,0.1,0.2,0.2,1.7,0.2,0.1,0.5,12.6,2.4,2.8,13.6,3.2,3.8,10.4,1.7,2.3,1.0,1.2,1.3,0.7,0.7,0.7,1.6,0.8,0.6,1.1,2.8,39.3,41.2,36.0,36.0,36.0,41.2,41.2,41.2,41.2,0.0,20.7,27.5,25.6,21.2,19.9,17.2,17.3,18.9,17.6,79.3,72.5,74.4,78.8,80.1,82.8,82.7,81.1,82.4,0.0,0.0,0.0,0.0,0.0,0.0,0.0,0.0,0.0,1330.9,13.33,20,19,19,43,62,467,1,52.2,51.2,56.0,50.2,50.7,50.6,50.4,50.0,50.0,50.0,49.8,49.8,49.7,49.8,49.7,46.0,42.1,1.319,1.025,1.319,2.321,9.792,2.323,17.247,21.975,1.115,1.552,1.534,1.071,0.978,0.943,0.932,0.979,0.930,3.015,10.052,13.067,21.990,1330.6,1330.6,3979.3,3991.1,3967.5,4400.0,25.0,3.9,19.2,53.9,33.5,No,No,No,0.076,0.004,1.7,44,95.0,100.0,No,No,90780,98668,32,99.0,No,No,3320,0.1,0.3,0.4,0.057,0.220,266036,235759,0.0,0.0,0.0,0.000,0.000,343,3,33.8,45.8,83.0,0.669,12.150,12.190,12.167,12.092,1129,17.141,6.316,7.004,1.243,15.440,11.536,3.891,0.336,7.004,10.014,1.348,5.346,220.000,240.000,210.0,101.2,555.0,210.0,600.0,0.0,18.0,0.0,0.0,23.0,0.1,0.2,0.0,0.0,0.0,33,Yes,No,No,No,No,Yes,No,7.7,9.9,7,0,0,0,0,0,0,0,0,200,0,0,0,0,0,0,0,0,0,0,0,0,0,0,0,0,0,0,0,0,6310,1882,1716,75,2.5,14.1,14.1,14.1,14.1,14.1,14.1,15.0,15.0,15.0,15.0,15.0,15.0,70.97,70.97,70.97,70.97,70.97,70.97,0.69,69.22,70.97,0.00,66.39,0,0,0.0,0.0,28594,1100,0.5,0.1,0,
2.7.2026,9:17:45.127,20116,3658,84.6,11321,4977,69.4,9.9,7476,737,1.248,1.312,1.056,1.056,1.312,1.312,1.312,1.312,1.312,4117.6,4117.6,4117.6,4117.6,4117.6,4117.6,4117.6,4117.6,4117.6,99.8,155.1,1098.6,172.3,232.5,405.0,81.0,88.3,44.9,44.7,31.0,15.8,37.6,44.0,85.3,33.0,36.2,30.7,155.1,2.8,11.0,4.6,5.2,9.7,1.6,1.7,0.7,1.5,0.4,0.8,1.3,1.5,1.2,1.2,1.3,1.1,11.0,2.8,3.0,12.4,4.6,6.3,10.6,2.1,2.2,1.1,1.1,0.8,0.4,1.0,1.1,1.7,0.8,0.9,0.7,3.0,41.2,41.2,41.2,41.2,41.2,41.2,41.2,41.2,41.2,0.0,21.0,27.7,27.8,21.6,20.1,16.7,17.8,19.1,17.6,79.0,72.3,72.2,78.4,79.9,83.3,82.2,80.9,82.4,0.0,0.0,0.0,0.0,0.0,0.0,0.0,0.0,0.0,1330.9,13.33,20,19,19,43,62,467,1,59.2,51.3,56.0,50.1,50.7,50.8,50.3,50.0,49.9,50.0,49.7,49.8,49.7,49.7,49.6,44.2,42.0,1.319,1.025,1.319,2.451,9.804,2.451,17.446,22.103,1.119,1.547,1.610,1.074,0.977,0.901,0.946,0.972,0.925,3.173,10.063,13.236,22.157,1330.6,1330.6,3967.1,3980.1,3954.1,4400.0,25.2,4.1,19.4,54.0,35.2,No,No,No,0.084,0.003,1.7,43,95.0,100.0,No,No,90780,98668,32,99.0,No,No,3320,0.0,0.2,0.2,0.000,0.059,266036,235759,0.0,0.0,0.0,0.000,0.000,343,3,33.8,45.8,83.0,0.669,12.155,12.196,12.172,12.098,1131,17.020,6.355,7.168,1.293,15.470,11.481,3.982,0.336,7.168,9.938,1.429,5.289,220.000,240.000,210.0,101.2,555.0,210.0,600.0,0.0,18.0,0.0,0.0,23.0,0.1,0.3,0.0,0.0,0.0,33,Yes,No,No,No,No,Yes,No,7.8,9.9,7,0,0,0,0,0,0,0,0,200,0,0,0,0,0,0,0,0,0,0,0,0,0,0,0,0,0,0,0,0,6310,1882,1716,75,2.5,17.1,17.1,17.1,17.1,17.1,17.1,18.4,18.4,18.4,18.4,18.4,18.4,58.45,58.45,58.45,58.45,58.45,58.45,0.75,54.86,58.45,0.00,54.01,0,0,0.0,0.0,28594,1100,0.3,0.0,0,
2.7.2026,9:17:47.118,20117,3657,84.6,11322,4976,69.4,9.9,7476,737,1.315,1.306,1.319,1.319,1.319,1.319,1.319,1.319,1.300,3986.6,4117.6,4117.6,4117.6,4117.6,3593.5,3593.5,4117.6,4117.6,99.8,220.1,1327.9,389.6,327.4,615.4,142.2,137.2,70.8,64.3,34.0,162.9,38.0,36.4,79.9,27.8,36.9,31.0,220.1,3.6,10.9,9.0,7.5,14.8,3.0,2.8,1.2,1.1,1.2,3.6,0.5,0.5,1.1,0.2,0.4,0.3,14.8,3.6,4.4,12.4,10.5,8.8,16.5,3.7,3.5,1.8,1.6,0.9,4.5,0.9,0.9,1.6,0.7,0.9,0.7,4.4,39.9,41.2,41.2,41.2,41.2,36.0,36.0,41.2,41.2,0.0,24.5,33.1,35.1,25.6,23.2,20.3,19.0,20.8,18.6,75.5,66.9,64.9,74.4,76.8,79.7,81.0,79.2,81.4,0.0,0.0,0.0,0.0,0.0,0.0,0.0,0.0,0.0,1330.9,13.33,20,19,19,43,62,467,1,57.0,52.4,55.8,50.6,51.3,51.6,50.8,50.4,50.3,50.2,49.9,50.0,49.9,50.0,49.8,45.0,42.0,1.306,1.025,1.319,3.008,9.849,3.002,20.493,22.882,1.288,1.887,2.072,1.271,1.081,1.053,0.976,1.009,0.957,3.923,10.107,14.030,22.953,1330.6,1330.6,3983.2,3995.3,3971.0,4400.0,26.1,5.0,22.8,55.2,37.8,No,No,No,0.125,0.005,2.0,43,95.0,100.0,No,No,90780,98668,32,99.0,No,No,3320,2.8,0.7,3.5,1.008,0.693,266038,235761,0.0,0.0,0.0,0.000,0.000,343,3,33.8,45.8,83.0,0.669,12.151,12.192,12.168,12.094,1129,17.121,6.376,7.175,1.195,15.527,11.538,3.986,0.336,7.175,9.905,1.601,5.327,220.000,240.000,210.0,101.2,555.0,210.0,600.0,0.0,18.0,0.0,0.0,23.0,0.1,0.2,0.0,0.0,0.0,33,Yes,No,No,No,No,Yes,No,7.8,10.0,7,0,0,0,0,0,0,0,0,200,0,0,0,0,0,0,0,0,0,0,0,0,0,0,0,0,0,0,0,0,6310,1882,1716,75,2.5,14.1,14.1,14.1,14.1,14.1,14.1,15.0,15.0,15.0,15.0,15.0,15.0,70.84,70.84,70.84,70.84,70.84,70.84,0.67,69.28,70.84,0.00,66.31,0,0,0.0,0.0,28594,1100,0.5,0.1,0,
2.7.2026,9:17:49.141,20121,3653,84.6,11325,4973,69.4,9.9,7476,737,1.301,1.312,1.300,1.300,1.300,1.300,1.300,1.300,1.294,3908.6,4117.6,4117.6,3294.1,4117.6,3294.1,4117.6,4092.6,4117.6,99.8,153.4,1078.3,163.6,207.5,405.4,81.3,113.4,53.0,57.8,21.5,21.3,47.8,28.8,78.1,38.4,31.1,27.7,153.4,3.1,11.8,4.2,5.3,10.3,2.2,3.0,1.5,1.6,0.8,0.8,1.4,1.0,1.7,1.2,1.0,0.9,11.8,3.1,3.0,12.6,4.3,5.6,10.7,2.1,2.9,1.3,1.5,0.5,0.5,1.2,0.7,1.5,0.9,0.8,0.6,3.0,39.2,41.2,41.2,33.0,41.2,33.0,41.2,41.0,41.2,0.0,20.7,27.3,27.1,21.4,20.2,16.4,17.6,18.6,17.0,79.3,72.7,72.9,78.6,79.8,83.6,82.4,81.4,83.0,0.0,0.0,0.0,0.0,0.0,0.0,0.0,0.0,0.0,1330.9,13.33,20,19,19,43,62,467,1,54.2,51.1,55.5,50.0,50.6,50.6,50.2,49.8,49.8,49.9,49.6,49.7,49.6,49.6,49.5,46.2,42.3,1.300,1.025,1.312,2.265,9.824,2.271,16.789,21.898,1.078,1.510,1.542,1.046,0.949,0.863,0.910,0.924,0.879,2.918,10.081,12.999,21.928,1330.6,1330.6,3929.3,3945.5,3913.0,4400.0,24.9,3.8,18.7,53.8,33.6,No,No,No,0.086,0.004,1.7,43,95.0,100.0,No,No,90780,98668,32,99.0,No,No,3320,0.1,0.5,0.6,0.073,0.271,266038,235761,0.0,0.0,0.0,0.000,0.000,343,3,33.8,45.8,83.0,0.669,12.155,12.195,12.171,12.097,1130,17.050,6.303,7.029,1.146,15.494,11.577,3.905,0.336,7.029,9.950,1.254,5.314,220.000,240.000,210.0,101.2,555.0,210.0,600.0,0.0,18.0,0.0,0.0,23.0,0.1,0.3,0.0,0.0,0.0,33,Yes,No,No,No,No,Yes,No,7.7,9.9,7,0,0,0,0,0,0,0,0,200,0,0,0,0,0,0,0,0,0,0,0,0,0,0,0,0,0,0,0,0,6310,1882,1716,75,2.5,14.2,14.2,14.2,14.2,14.2,14.2,15.0,15.0,15.0,15.0,15.0,15.0,70.38,70.38,70.38,70.38,70.38,70.38,0.67,67.71,70.38,0.00,66.30,0,0,0.0,0.0,28594,1100,0.1,0.0,0,
2.7.2026,9:17:51.159,20117,3657,84.6,11325,4973,69.4,9.9,7476,737,1.120,1.306,1.056,1.056,1.056,1.056,1.056,1.056,1.312,4117.6,4117.6,4117.6,4117.6,4117.6,4117.6,4117.6,4117.6,4117.6,99.8,182.1,1135.1,230.7,298.0,427.4,119.4,129.5,83.5,75.7,32.3,42.6,57.5,54.5,102.7,48.2,45.1,30.8,182.1,3.4,11.3,5.6,7.2,10.7,2.9,3.2,2.0,1.9,0.9,1.1,1.5,1.4,2.1,1.2,1.1,0.8,11.3,3.4,3.6,12.2,6.1,8.1,11.3,3.1,3.3,2.1,2.0,0.8,1.1,1.5,1.4,2.2,1.2,1.1,0.7,3.6,41.2,41.2,41.2,41.2,41.2,41.2,41.2,41.2,41.2,0.0,22.4,28.6,29.6,23.1,22.0,17.9,19.1,20.3,18.2,77.6,71.4,70.4,76.9,78.0,82.1,80.9,79.7,81.8,0.0,0.0,0.0,0.0,0.0,0.0,0.0,0.0,0.0,1330.9,13.33,20,19,19,43,62,467,1,52.4,51.4,54.2,50.2,50.7,50.9,50.4,50.1,49.9,50.0,49.7,49.8,49.6,49.7,49.6,45.5,42.0,1.325,1.019,1.319,2.498,9.828,2.499,18.168,22.175,1.138,1.540,1.696,1.124,1.017,0.904,0.950,0.970,0.902,3.225,10.087,13.312,22.240,1330.6,1330.6,3938.0,3948.2,3927.8,4400.0,25.3,4.2,20.2,54.1,35.2,No,No,No,0.124,0.004,1.8,43,95.0,100.0,No,No,90780,98668,32,99.0,No,No,3320,0.2,0.7,0.8,0.146,0.423,266039,235762,0.0,0.0,0.0,0.000,0.000,343,3,33.8,45.9,83.0,0.669,12.154,12.194,12.170,12.097,1131,17.135,6.375,7.081,1.256,15.615,11.673,3.934,0.336,7.081,10.133,1.311,5.335,220.000,240.000,210.0,101.2,555.0,210.0,600.0,0.0,19.0,0.0,0.0,23.0,0.1,0.3,0.0,0.0,0.0,33,Yes,No,No,No,No,Yes,No,7.8,10.0,7,0,0,0,0,0,0,0,0,200,0,0,0,0,0,0,0,0,0,0,0,0,0,0,0,0,0,0,0,0,6310,1882,1716,75,2.5,13.3,13.3,13.3,13.3,13.3,13.3,14.1,14.1,14.1,14.1,14.1,14.1,75.05,75.05,75.05,75.05,75.05,75.05,0.68,72.30,75.05,0.00,70.47,0,0,0.0,0.0,28594,1100,0.3,0.1,0,
2.7.2026,9:17:53.168,20114,3660,84.6,11324,4974,69.4,9.9,7476,737,1.248,1.306,1.056,1.056,1.312,1.312,1.312,1.312,1.312,4117.6,4117.6,4117.6,4117.6,4117.6,4117.6,4117.6,4117.6,4117.6,99.8,148.9,1082.0,183.1,166.0,389.3,80.0,100.6,58.8,49.5,20.3,20.8,29.4,33.2,75.8,32.6,27.5,34.0,148.9,2.5,11.3,4.5,4.1,9.6,2.0,2.4,1.4,1.2,0.0,0.0,0.8,0.9,1.5,0.0,0.7,0.0,11.3,2.5,2.8,12.3,4.8,4.4,10.2,2.1,2.5,1.5,1.2,0.5,0.5,0.7,0.8,1.5,0.8,0.6,0.8,2.8,41.2,41.2,41.2,41.2,41.2,41.2,41.2,41.2,41.2,0.0,20.5,27.3,25.7,21.4,20.4,16.2,17.2,18.5,17.3,79.5,72.7,74.3,78.6,79.6,83.8,82.8,81.5,82.7,0.0,0.0,0.0,0.0,0.0,0.0,0.0,0.0,0.0,1330.9,13.33,20,19,19,43,62,467,1,51.5,51.0,55.0,49.9,50.6,50.4,50.1,49.8,49.7,49.7,49.6,49.6,49.5,49.5,49.5,46.0,42.1,1.325,1.025,1.319,2.231,9.831,2.229,16.638,21.843,1.063,1.495,1.479,1.036,0.954,0.862,0.882,0.918,0.875,2.876,10.087,12.963,21.879,1330.6,1330.6,3933.0,3946.9,3919.2,4400.0,24.9,3.7,18.5,53.7,33.6,No,No,No,0.081,0.003,1.6,43,95.0,100.0,No,No,90780,98668,32,99.0,No,No,3320,0.1,0.4,0.5,0.032,0.150,266039,235762,0.0,0.0,0.0,0.000,0.000,343,3,33.8,45.9,83.0,0.669,12.152,12.192,12.169,12.095,1131,17.098,6.312,6.883,1.244,15.491,11.660,3.824,0.336,6.883,10.191,1.257,5.351,220.000,240.000,210.0,101.2,555.0,210.0,600.0,0.0,19.0,0.0,0.0,23.0,0.1,0.4,0.0,0.0,0.0,33,Yes,No,No,No,No,Yes,No,7.8,9.9,7,0,0,0,0,0,0,0,0,200,0,0,0,0,0,0,0,0,0,0,0,0,0,0,0,0,0,0,0,0,6310,1882,1716,75,2.5,14.1,14.1,14.1,14.1,14.1,14.1,15.0,15.0,15.0,15.0,15.0,15.0,70.97,70.97,70.97,70.97,70.97,70.97,0.71,68.03,70.97,0.00,66.32,0,0,0.0,0.0,28594,1100,0.2,0.2,0,
2.7.2026,9:17:55.194,20112,3662,84.5,11322,4976,69.4,9.9,7476,737,1.311,1.306,1.294,1.294,1.319,1.319,1.319,1.319,1.319,4117.6,4117.6,4117.6,4117.6,4117.6,4117.6,4117.6,4117.6,4117.6,99.8,150.7,1032.5,193.5,229.3,413.2,80.2,87.1,43.4,47.0,24.6,22.8,32.8,33.0,82.2,25.5,29.3,35.1,150.7,2.6,9.6,4.2,5.1,10.3,2.2,2.3,0.5,1.4,0.9,0.8,0.3,0.3,1.8,0.9,0.2,1.1,10.3,2.6,2.8,10.1,5.1,6.2,10.9,2.0,2.2,1.0,1.2,0.6,0.6,0.8,0.8,1.6,0.6,0.7,0.8,2.8,41.2,41.2,41.2,41.2,41.2,41.2,41.2,41.2,41.2,0.0,20.6,26.1,27.3,21.5,20.0,16.5,17.4,18.6,17.5,79.4,73.9,72.7,78.5,80.0,83.5,82.6,81.4,82.5,0.0,0.0,0.0,0.0,0.0,0.0,0.0,0.0,0.0,1330.9,13.33,20,19,19,43,62,467,1,59.4,51.0,55.0,49.9,50.3,50.7,50.1,49.8,49.7,49.8,49.6,49.6,49.5,49.6,49.5,44.2,42.0,1.325,1.031,1.312,2.249,9.826,2.250,16.920,21.869,1.085,1.403,1.657,1.044,0.949,0.882,0.908,0.940,0.897,2.908,10.084,12.992,21.912,1330.6,1330.6,3950.2,3964.6,3935.8,4400.0,24.9,3.8,18.8,53.7,33.2,No,No,No,0.073,0.004,1.6,43,95.0,100.0,No,No,90780,98668,32,99.0,No,No,3320,0.1,0.4,0.6,0.065,0.265,266039,235763,0.0,0.0,0.0,0.000,0.000,343,3,33.8,45.8,83.0,0.669,12.151,12.190,12.168,12.095,1130,17.088,6.308,7.024,1.316,15.405,11.490,3.902,0.336,7.024,10.040,1.250,5.292,220.000,240.000,210.0,101.2,555.0,210.0,600.0,0.0,18.0,0.0,0.0,23.0,0.1,0.2,0.0,0.0,0.0,33,Yes,No,No,No,No,Yes,No,7.8,9.9,7,0,0,0,0,0,0,0,0,200,0,0,0,0,0,0,0,0,0,0,0,0,0,0,0,0,0,0,0,0,6310,1882,1716,75,2.5,14.1,14.1,14.1,14.1,14.1,14.1,15.0,15.0,15.0,15.0,15.0,15.0,71.07,71.07,71.07,71.07,71.07,71.07,0.65,69.26,71.07,0.00,66.44,0,0,0.0,0.0,28594,1100,0.4,0.0,0,
2.7.2026,9:17:57.202,20110,3663,84.5,11321,4977,69.4,9.9,7476,737,1.186,1.306,1.319,1.319,1.319,1.056,1.056,1.056,1.056,3986.6,4117.6,3593.5,3593.5,4117.6,4117.6,4117.6,4117.6,4117.6,99.8,176.3,1162.5,160.2,248.7,414.7,71.3,105.8,49.8,68.6,20.5,23.4,32.6,37.1,75.8,36.0,115.2,199.2,176.3,3.4,12.6,4.2,6.4,9.7,1.3,2.1,1.6,1.3,0.9,1.0,1.2,1.3,1.0,1.2,3.1,5.2,12.6,3.4,3.6,14.3,4.2,6.7,10.9,1.8,2.7,1.2,1.8,0.5,0.6,0.8,0.9,1.5,0.9,3.0,5.4,3.6,39.9,41.2,36.0,36.0,41.2,41.2,41.2,41.2,41.2,0.0,22.5,29.1,28.8,22.5,21.2,17.4,18.4,19.7,22.8,77.5,70.9,71.2,77.5,78.8,82.6,81.6,80.3,77.2,0.0,0.0,0.0,0.0,0.0,0.0,0.0,0.0,0.0,1330.9,13.33,20,19,19,43,62,467,1,56.6,51.7,55.2,50.3,50.8,50.9,50.3,50.1,49.9,50.1,49.7,50.3,49.7,49.8,49.7,44.2,41.3,1.319,1.019,1.319,2.709,9.852,2.707,18.800,22.494,1.185,1.627,1.669,1.093,1.028,0.929,0.962,0.990,1.181,3.537,10.112,13.649,22.570,1330.6,1330.6,3978.8,3988.7,3968.8,4400.0,25.6,4.5,20.9,54.4,37.0,No,No,No,0.106,0.003,1.8,43,95.0,100.0,No,No,90780,98668,32,99.0,No,No,3320,0.1,0.1,0.2,0.020,0.059,266039,235763,0.0,0.0,0.0,0.000,0.000,343,3,33.8,45.9,83.0,0.669,12.149,12.189,12.167,12.092,1129,17.090,6.318,7.011,1.268,15.464,11.560,3.895,0.336,7.011,10.067,1.251,5.319,220.000,240.000,210.0,101.2,555.0,210.0,600.0,0.0,18.0,0.0,0.0,23.0,0.1,0.3,0.0,0.0,0.0,33,Yes,No,No,No,No,Yes,No,7.8,9.9,7,0,0,0,0,0,0,0,0,200,0,0,0,0,0,0,0,0,0,0,0,0,0,0,0,0,0,0,0,0,6310,1882,1716,75,2.5,34.3,1431.2,14.4,14.2,14.1,14.1,36.0,230.0,15.2,15.0,15.0,15.0,29.19,69.66,0.70,0.41,70.75,70.75,1.46,26.81,29.19,0.00,30.26,0,0,0.0,0.0,28594,1100,0.1,0.1,0,
2.7.2026,9:17:59.196,20110,3664,84.5,11319,4978,69.4,9.9,7476,737,1.306,1.306,1.306,1.306,1.306,1.306,1.306,1.306,1.306,4117.6,4117.6,4117.6,4117.6,4117.6,4117.6,4117.6,4117.6,4117.6,99.8,146.2,1072.4,147.3,185.5,422.2,59.7,92.8,49.6,42.0,28.1,18.1,29.8,27.1,84.9,23.9,32.3,24.2,146.2,2.3,11.5,3.0,4.0,10.4,1.7,1.6,0.6,0.5,0.2,0.0,0.2,0.1,1.8,0.8,0.3,0.0,11.5,2.3,2.8,12.4,3.8,5.0,11.1,1.5,2.3,1.2,1.0,0.7,0.5,0.8,0.7,1.7,0.6,0.8,0.5,2.8,41.2,41.2,41.2,41.2,41.2,41.2,41.2,41.2,41.2,0.0,20.7,27.0,26.9,21.3,20.2,16.7,17.3,18.8,17.5,79.3,73.0,73.1,78.7,79.8,83.3,82.7,81.2,82.5,0.0,0.0,0.0,0.0,0.0,0.0,0.0,0.0,0.0,1330.9,13.33,20,19,19,43,62,467,1,53.9,51.2,56.0,50.1,50.6,50.8,50.2,50.0,49.9,49.9,49.7,49.8,49.7,49.7,49.6,44.2,41.4,1.306,1.025,1.300,2.470,9.812,2.469,17.340,22.166,1.120,1.529,1.620,1.067,0.985,0.918,0.937,0.977,0.927,3.212,10.072,13.284,22.202,1330.6,1330.6,3986.8,3998.6,3975.1,4400.0,25.2,4.1,19.3,53.9,35.6,No,No,No,0.075,0.003,1.7,43,95.0,100.0,No,No,90780,98668,32,99.0,No,No,3320,0.0,0.1,0.1,0.000,0.004,266039,235763,0.0,0.0,0.0,0.000,0.000,343,3,33.8,45.8,83.0,0.669,12.154,12.194,12.171,12.097,1130,16.996,6.312,7.022,1.219,15.470,11.565,3.901,0.336,7.022,10.014,1.258,5.314,220.000,240.000,210.0,101.2,555.0,210.0,600.0,0.0,18.0,0.0,0.0,23.0,0.1,0.2,0.0,0.0,0.0,33,Yes,No,No,No,No,Yes,No,7.7,9.9,7,0,0,0,0,0,0,0,0,200,0,0,0,0,0,0,0,0,0,0,0,0,0,0,0,0,0,0,0,0,6310,1882,1716,75,2.5,14.1,14.1,14.1,14.1,14.1,14.1,15.0,15.0,15.0,15.0,15.0,15.0,71.05,71.05,71.05,71.05,71.05,71.05,0.67,69.25,71.05,0.00,66.41,0,0,0.0,0.0,28594,1100,2.3,9.2,0,
2.7.2026,9:18:1.219,20117,3656,84.6,11320,4978,69.4,9.9,7476,737,1.318,1.312,1.319,1.319,1.319,1.319,1.319,1.319,1.319,4114.5,4117.6,4117.6,4092.6,4117.6,4117.6,4117.6,4117.6,4117.6,99.8,205.8,1210.6,266.8,294.5,462.2,115.8,145.3,70.7,121.5,70.9,51.6,91.5,53.1,145.1,45.5,77.7,69.5,205.8,3.9,12.5,6.6,7.3,10.7,2.2,3.6,1.8,3.1,1.9,1.4,2.4,1.5,2.5,0.5,2.0,1.8,12.5,3.9,4.3,14.3,7.2,8.0,12.2,3.0,3.8,1.8,3.2,1.9,1.4,2.4,1.4,3.4,1.2,2.0,1.8,4.3,41.2,41.2,41.2,41.0,41.2,41.2,41.2,41.2,41.2,0.0,22.9,30.3,29.3,23.4,22.0,18.3,19.1,20.8,19.7,77.1,69.7,70.7,76.6,78.0,81.7,80.9,79.2,80.3,0.0,0.0,0.0,0.0,0.0,0.0,0.0,0.0,0.0,1330.9,13.33,20,19,19,43,62,467,1,61.5,51.7,61.2,50.3,51.0,51.2,50.4,50.2,50.0,50.1,49.9,49.9,49.7,49.8,49.6,44.8,41.9,1.344,1.031,1.344,2.979,9.846,2.951,19.317,22.665,1.237,1.696,1.802,1.171,1.096,1.002,1.029,1.069,1.028,3.892,10.108,13.999,22.885,1330.6,1330.6,4000.2,4013.4,3987.0,4400.0,26.0,4.9,21.5,54.4,39.1,No,No,No,0.124,0.003,1.8,43,95.0,100.0,No,No,90780,98668,32,99.0,No,No,3320,0.0,0.1,0.1,0.000,0.036,266039,235763,0.0,0.0,0.0,0.000,0.000,343,3,33.8,45.8,83.0,0.669,12.154,12.195,12.171,12.097,1130,17.125,6.278,6.840,1.232,15.397,11.589,3.800,0.336,6.840,10.134,1.296,5.319,220.000,240.000,210.0,101.2,555.0,210.0,600.0,0.0,18.0,0.0,0.0,23.0,0.1,0.2,0.0,0.0,0.0,33,Yes,No,No,No,No,Yes,No,7.7,9.9,7,0,0,0,0,0,0,0,0,200,0,0,0,0,0,0,0,0,0,0,0,0,0,0,0,0,0,0,0,0,6310,1882,1716,75,2.5,13.3,13.3,13.3,13.3,13.3,13.3,14.1,14.1,14.1,14.1,14.1,14.1,75.01,75.01,75.01,75.01,75.01,75.01,0.68,70.83,75.01,0.00,70.58,0,0,0.0,0.0,28594,1100,0.7,0.3,0,
2.7.2026,9:18:3.210,20113,3661,84.6,11317,4981,69.4,9.9,7476,737,1.302,1.312,1.300,1.300,1.300,1.300,1.300,1.300,1.300,4117.6,4117.6,4117.6,4117.6,4117.6,4117.6,4117.6,4117.6,4117.6,99.8,307.9,1475.2,366.0,399.6,726.8,232.0,270.3,206.6,169.3,124.9,67.6,185.9,100.2,232.4,48.6,85.6,235.8,307.9,6.2,17.8,8.7,9.5,17.6,5.4,6.4,4.8,4.0,2.9,1.6,4.4,2.3,5.2,1.0,1.9,5.5,17.8,6.2,7.0,19.9,9.9,10.9,19.6,6.2,7.2,5.6,4.6,3.4,1.8,5.1,2.7,5.9,1.2,2.3,6.4,7.0,41.2,41.2,41.2,41.2,41.2,41.2,41.2,41.2,41.2,0.0,28.0,36.7,37.3,29.1,27.2,21.4,23.6,24.0,24.9,72.0,63.3,62.7,70.9,72.8,78.6,76.4,76.0,75.1,0.0,0.0,0.0,0.0,0.0,0.0,0.0,0.0,0.0,1330.9,13.33,20,19,19,43,62,467,1,58.8,53.1,57.0,51.3,52.2,52.2,51.6,51.2,50.8,51.1,50.7,50.9,50.2,50.3,50.1,46.2,41.8,1.312,1.038,1.319,3.807,9.938,3.836,23.849,24.311,1.462,2.002,2.129,1.468,1.327,1.103,1.225,1.210,1.230,5.008,10.202,15.210,24.192,1330.6,1330.6,4010.8,4024.6,3997.0,4400.0,27.5,6.4,26.5,55.9,42.5,No,No,No,0.201,0.003,2.2,43,95.0,100.0,No,No,90780,98668,32,99.0,No,No,3320,0.0,0.1,0.1,0.028,0.120,266039,235763,0.0,0.0,0.0,0.000,0.000,343,3,33.8,45.8,83.0,0.669,12.154,12.194,12.172,12.098,1133,16.987,6.323,7.056,1.280,15.470,11.541,3.920,0.336,7.056,10.038,1.250,5.287,220.000,240.000,210.0,101.2,555.0,210.0,600.0,0.0,18.0,0.0,0.0,23.0,0.1,0.2,0.0,0.0,0.0,33,Yes,No,No,No,No,Yes,No,7.8,9.9,7,0,0,0,0,0,0,0,0,200,0,0,0,0,0,0,0,0,0,0,0,0,0,0,0,0,0,0,0,0,6310,1882,1716,75,2.5,34.3,1450.9,13.6,13.4,13.3,13.3,36.0,235.4,14.4,14.1,14.1,14.1,29.13,73.70,0.69,0.48,74.96,74.96,0.90,27.92,29.13,0.00,28.75,0,0,0.0,0.0,28594,1100,0.8,0.4,0,
2.7.2026,9:18:5.221,20111,3663,84.5,11320,4978,69.4,9.9,7476,737,1.088,1.306,1.056,1.056,1.056,1.056,1.056,1.056,1.056,4117.6,4117.6,4117.6,4117.6,4117.6,4117.6,4117.6,4117.6,4117.6,99.8,153.3,1087.1,170.7,186.7,427.3,69.5,108.9,55.6,58.3,21.4,31.4,35.9,32.0,83.3,26.9,24.7,33.1,153.3,3.0,11.3,4.3,4.7,10.8,1.9,2.8,1.6,1.7,0.8,1.1,1.1,1.1,1.8,0.9,0.9,1.0,11.3,3.0,2.9,12.1,4.5,5.0,11.3,1.7,2.8,1.4,1.5,0.5,0.8,0.9,0.8,1.6,0.6,0.6,0.8,2.9,41.2,41.2,41.2,41.2,41.2,41.2,41.2,41.2,41.2,0.0,20.9,27.4,27.1,21.6,20.5,16.9,17.6,19.0,17.4,79.1,72.6,72.9,78.4,79.5,83.1,82.4,81.0,82.6,0.0,0.0,0.0,0.0,0.0,0.0,0.0,0.0,0.0,1330.9,13.33,20,19,19,43,62,467,1,55.9,51.3,55.0,50.2,50.8,50.7,50.4,50.0,50.0,50.0,49.8,49.8,49.7,49.8,49.7,45.0,42.4,1.294,1.038,1.294,2.355,9.802,2.358,17.402,21.985,1.118,1.561,1.566,1.077,1.007,0.909,0.936,0.970,0.914,3.056,10.059,13.115,22.040,1330.6,1330.6,3972.8,3985.8,3959.9,4400.0,25.0,3.9,19.3,54.0,33.9,No,No,No,0.084,0.003,1.7,43,95.0,100.0,No,No,90780,98668,32,99.0,No,No,3320,0.0,0.2,0.2,0.000,0.085,266039,235763,0.0,0.0,0.0,0.000,0.000,343,3,33.8,45.8,83.0,0.669,12.156,12.196,12.173,12.098,1130,17.065,6.356,7.069,1.183,15.618,11.687,3.927,0.336,7.069,10.074,1.256,5.338,220.000,240.000,210.0,101.2,555.0,210.0,600.0,0.0,19.0,0.0,0.0,23.0,0.1,0.2,0.0,0.0,0.0,33,Yes,No,No,No,No,Yes,No,7.8,10.0,7,0,0,0,0,0,0,0,0,200,0,0,0,0,0,0,0,0,0,0,0,0,0,0,0,0,0,0,0,0,6310,1882,1716,75,2.5,13.3,13.3,13.3,13.3,13.3,13.3,14.1,14.1,14.1,14.1,14.1,14.1,75.15,75.15,75.15,75.15,75.15,75.15,0.67,71.15,75.15,0.00,70.49,0,0,0.0,0.0,28594,1100,0.6,0.4,0,
2.7.2026,9:18:7.214,20111,3663,84.5,11320,4978,69.4,9.9,7476,737,1.088,1.306,1.056,1.056,1.056,1.056,1.056,1.056,1.056,3911.7,4117.6,4117.6,4117.6,4117.6,3294.1,4117.6,4117.6,3294.1,99.8,194.3,1225.0,205.6,306.6,472.5,95.7,123.7,55.4,49.0,26.0,27.4,141.2,34.2,79.4,67.1,41.5,158.0,194.3,3.3,13.4,5.1,7.6,11.8,1.7,2.3,0.7,0.6,0.1,0.1,2.9,0.3,1.7,1.0,0.3,3.3,13.4,3.3,4.0,14.6,5.4,8.3,12.5,2.5,3.2,1.4,1.2,0.7,0.7,3.8,0.9,1.5,1.7,1.0,4.3,4.0,39.2,41.2,41.2,41.2,41.2,33.0,41.2,41.2,33.0,0.0,23.5,30.6,31.7,23.5,21.6,17.8,20.6,21.1,21.4,76.5,69.4,68.3,76.5,78.4,82.2,79.4,78.9,78.6,0.0,0.0,0.0,0.0,0.0,0.0,0.0,0.0,0.0,1330.9,13.33,20,19,19,43,62,467,1,53.8,52.1,54.0,50.4,51.0,51.3,50.5,50.2,50.1,50.4,49.9,50.1,49.8,49.9,49.7,43.0,41.5,1.319,1.031,1.312,2.826,9.880,2.828,19.757,22.712,1.225,1.663,1.835,1.170,1.032,0.949,1.056,1.031,1.063,3.685,10.142,13.827,22.756,1330.6,1330.6,3989.9,4002.1,3977.7,4400.0,25.9,4.7,22.0,54.8,37.3,No,No,No,0.119,0.003,1.9,43,95.0,100.0,No,No,90780,98668,32,99.0,No,No,3320,0.0,0.2,0.2,0.000,0.136,266039,235764,0.0,0.0,0.0,0.000,0.000,343,3,33.8,45.7,83.0,0.669,12.150,12.189,12.167,12.093,1128,17.108,6.345,7.058,1.207,15.537,11.609,3.921,0.336,7.058,10.035,1.348,5.338,220.000,240.000,210.0,101.2,555.0,210.0,600.0,0.0,19.0,0.0,0.0,23.0,0.1,0.3,0.0,0.0,0.0,33,Yes,No,No,No,No,Yes,No,7.8,9.9,7,0,0,0,0,0,0,0,0,200,0,0,0,0,0,0,0,0,0,0,0,0,0,0,0,0,0,0,0,0,6310,1882,1716,75,2.5,13.3,13.3,13.3,13.3,13.3,13.3,14.1,14.1,14.1,14.1,14.1,14.1,74.97,74.97,74.97,74.97,74.97,74.97,0.66,73.48,74.97,0.00,70.54,0,0,0.0,0.0,28594,1100,2.8,3.1,0,
Date,Time,"Virtual Memory Committed [MB]","Virtual Memory Available [MB]","Virtual Memory Load [%]","Physical Memory Used [MB]","Physical Memory Available [MB]","Physical Memory Load [%]","Page File Usage [%]","Page File Total [MB]","Page File Used [MB]","Core VIDs (avg) [V]","Core 0 VID [V]","Core 1 VID [V]","Core 2 VID [V]","Core 3 VID [V]","Core 4 VID [V]","Core 5 VID [V]","Core 6 VID [V]","Core 7 VID [V]","Core Clocks (avg) [MHz]","Core 0 Clock (perf #1/4) [MHz]","Core 1 Clock (perf #1/3) [MHz]","Core 2 Clock (perf #2/6) [MHz]","Core 3 Clock (perf #3/5) [MHz]","Core 4 Clock (perf #6/8) [MHz]","Core 5 Clock (perf #4/2) [MHz]","Core 6 Clock (perf #5/1) [MHz]","Core 7 Clock (perf #7/7) [MHz]","Bus Clock [MHz]","Core Effective Clocks (avg) [MHz]","Core 0 T0 Effective Clock [MHz]","Core 0 T1 Effective Clock [MHz]","Core 1 T0 Effective Clock [MHz]","Core 1 T1 Effective Clock [MHz]","Core 2 T0 Effective Clock [MHz]","Core 2 T1 Effective Clock [MHz]","Core 3 T0 Effective Clock [MHz]","Core 3 T1 Effective Clock [MHz]","Core 4 T0 Effective Clock [MHz]","Core 4 T1 Effective Clock [MHz]","Core 5 T0 Effective Clock [MHz]","Core 5 T1 Effective Clock [MHz]","Core 6 T0 Effective Clock [MHz]","Core 6 T1 Effective Clock [MHz]","Core 7 T0 Effective Clock [MHz]","Core 7 T1 Effective Clock [MHz]","Average Effective Clock [MHz]","Core Usage (avg) [%]","Core 0 T0 Usage [%]","Core 0 T1 Usage [%]","Core 1 T0 Usage [%]","Core 1 T1 Usage [%]","Core 2 T0 Usage [%]","Core 2 T1 Usage [%]","Core 3 T0 Usage [%]","Core 3 T1 Usage [%]","Core 4 T0 Usage [%]","Core 4 T1 Usage [%]","Core 5 T0 Usage [%]","Core 5 T1 Usage [%]","Core 6 T0 Usage [%]","Core 6 T1 Usage [%]","Core 7 T0 Usage [%]","Core 7 T1 Usage [%]","Max CPU/Thread Usage [%]","Total CPU Usage [%]","Core Utility (avg) [%]","Core 0 T0 Utility [%]","Core 0 T1 Utility [%]","Core 1 T0 Utility [%]","Core 1 T1 Utility [%]","Core 2 T0 Utility [%]","Core 2 T1 Utility [%]","Core 3 T0 Utility [%]","Core 3 T1 Utility [%]","Core 4 T0 Utility [%]","Core 4 T1 Utility [%]","Core 5 T0 Utility [%]","Core 5 T1 Utility [%]","Core 6 T0 Utility [%]","Core 6 T1 Utility [%]","Core 7 T0 Utility [%]","Core 7 T1 Utility [%]","Total CPU Utility [%]","Core Ratios (avg) [x]","Core 0 Ratio [x]","Core 1 Ratio [x]","Core 2 Ratio [x]","Core 3 Ratio [x]","Core 4 Ratio [x]","Core 5 Ratio [x]","Core 6 Ratio [x]","Core 7 Ratio [x]","Package C6 Residency [%]","Core C0 Residency (avg) [%]","Core 0 C0 Residency [%]","Core 1 C0 Residency [%]","Core 2 C0 Residency [%]","Core 3 C0 Residency [%]","Core 4 C0 Residency [%]","Core 5 C0 Residency [%]","Core 6 C0 Residency [%]","Core 7 C0 Residency [%]","Core C1 Residency (avg) [%]","Core 0 C1 Residency [%]","Core 1 C1 Residency [%]","Core 2 C1 Residency [%]","Core 3 C1 Residency [%]","Core 4 C1 Residency [%]","Core 5 C1 Residency [%]","Core 6 C1 Residency [%]","Core 7 C1 Residency [%]","Core C6 Residency (avg) [%]","Core 0 C6 Residency [%]","Core 1 C6 Residency [%]","Core 2 C6 Residency [%]","Core 3 C6 Residency [%]","Core 4 C6 Residency [%]","Core 5 C6 Residency [%]","Core 6 C6 Residency [%]","Core 7 C6 Residency [%]","Memory Clock [MHz]","Memory Clock Ratio [x]","Tcas [T]","Trcd [T]","Trp [T]","Tras [T]","Trc [T]","Trfc [T]","Command Rate [T]","CPU (Tctl/Tdie) [°C]","CPU Die (average) [°C]","CPU CCD1 (Tdie) [°C]","Core Temperatures (avg) [°C]","Core0 (CCD1) [°C]","Core1 (CCD1) [°C]","Core2 (CCD1) [°C]","Core3 (CCD1) [°C]","Core4 (CCD1) [°C]","Core5 (CCD1) [°C]","Core6 (CCD1) [°C]","Core7 (CCD1) [°C]","L3 Temperatures (avg) [°C]","L3 Cache (CCD1:CCX1) [°C]","L3 Cache (CCD1:CCX2) [°C]","CPU IOD Hotspot [°C]","CPU IOD Average [°C]","CPU Core Voltage (SVI2 TFN) [V]","SoC Voltage (SVI2 TFN) [V]","CPU Core VID (Effective) [V]","CPU Core Current (SVI2 TFN) [A]","SoC Current (SVI2 TFN) [A]","CPU TDC [A]","CPU EDC [A]","CPU Package Power [W]","Core Powers (avg) [W]","Core 0 Power [W]","Core 1 Power [W]","Core 2 Power [W]","Core 3 Power [W]","Core 4 Power [W]","Core 5 Power [W]","Core 6 Power [W]","Core 7 Power [W]","CPU Core Power (SVI2 TFN) [W]","CPU SoC Power (SVI2 TFN) [W]","Core+SoC Power (SVI2 TFN) [W]","CPU PPT [W]","Infinity Fabric Clock (FCLK) [MHz]","Memory Controller Clock (UCLK) [MHz]","L3 Clocks (avg) [MHz]","L3 Cache (CCD1:CCX1) [MHz]","L3 Cache (CCD1:CCX2) [MHz]","Frequency Limit - Global [MHz]","CPU PPT Limit [%]","CPU TDC Limit [%]","CPU EDC Limit [%]","Thermal Limit [%]","Power Reporting Deviation (Accuracy) [%]","Thermal Throttling (HTC) [Yes/No]","Thermal Throttling (PROCHOT CPU) [Yes/No]","Thermal Throttling (PROCHOT EXT) [Yes/No]","DRAM Read Bandwidth [Gbps]","DRAM Write Bandwidth [Gbps]","Average Active Core Count []","Drive Temperature [°C]","Drive Remaining Life [%]","Drive Available Spare [%]","Drive Failure [Yes/No]","Drive Warning [Yes/No]","Total Host Writes [GB]","Total Host Reads [GB]","Drive Airflow Temperature [°C]","Drive Remaining Life [%]","Drive Failure [Yes/No]","Drive Warning [Yes/No]","Total Host Writes [GB]","Read Activity [%]","Write Activity [%]","Total Activity [%]","Read Rate [MB/s]","Write Rate [MB/s]","Read Total [MB]","Write Total [MB]","Read Activity [%]","Write Activity [%]","Total Activity [%]","Read Rate [MB/s]","Write Rate [MB/s]","Read Total [MB]","Write Total [MB]","GPU Temperature [°C]","GPU Hot Spot Temperature [°C]","GPU Thermal Limit [°C]","GPU Core Voltage [V]","GPU Rail Voltages (avg) [V]","GPU PCIe +12V Input Voltage [V]","GPU 8-pin #1 Input Voltage [V]","GPU Misc0 Input Voltage [V]","GPU Fan1 [RPM]","GPU Power [W]","GPU Rail Powers (avg) [W]","GPU Core (NVVDD) Input Power (sum) [W]","GPU PCIe +12V Input Power [W]","GPU 8-pin #1 Input Power [W]","GPU Misc0 Input Power [W]","GPU Core (NVVDD1) Input Power (sum) [W]","GPU PCIe +3.3V Input Power (est) [W]","GPU Core (NVVDD) Input Power (sum) [W]","GPU Input PP Source Power (sum) [W]","GPU Core (NVVDD) Output Power [W]","GPU Core (NVVDD) Output Power [W]","GPU Power Limit (rated) [W]","GPU Power Limit (max) [W]","GPU Clock [MHz]","GPU Memory Clock [MHz]","GPU Video Clock [MHz]","GPU Effective Clock [MHz]","GPU Crossbar Clock [MHz]","GPU Core Load [%]","GPU Memory Controller Load [%]","GPU Video Engine Load [%]","GPU Bus Load [%]","GPU Memory Usage [%]","GPU D3D Usages (avg) [%]","GPU D3D Usage [%]","GPU Video Decode 0 Usage [%]","GPU Video Encode 0 Usage [%]","GPU VR Usage [%]","GPU Fan1 [%]","GPU Performance Limiters (avg) [Yes/No]","Performance Limit - Power [Yes/No]","Performance Limit - Thermal [Yes/No]","Performance Limit - Reliability Voltage [Yes/No]","Performance Limit - Max Operating Voltage [Yes/No]","Performance Limit - Utilization [Yes/No]","Performance Limit - SLI GPUBoost Sync [Yes/No]","Total GPU Power [% of TDP] [%]","Total GPU Power (normalized) [% of TDP] [%]","PCI Express Error Counters (avg) []","Receiver Errors []","Replay Count []","Replay Rollover Count []","Bad DLLP Count []","Bad TLP Count []","LCRC Error Count []","NAKs Sent Count []","NAKs Received Count []","Recovery Count []","Correctable Error Count []","Non-Fatal Error Count []","Fatal Error Count []","Unsupported Request Count []","PCIe Lane 0 Errors []","PCIe Lane 1 Errors []","PCIe Lane 2 Errors []","PCIe Lane 3 Errors []","PCIe Lane 4 Errors []","PCIe Lane 5 Errors []","PCIe Lane 6 Errors []","PCIe Lane 7 Errors []","PCIe Lane 8 Errors []","PCIe Lane 9 Errors []","PCIe Lane 10 Errors []","PCIe Lane 11 Errors []","PCIe Lane 12 Errors []","PCIe Lane 13 Errors []","PCIe Lane 14 Errors []","PCIe Lane 15 Errors []","GPU Memory Available [MB]","GPU Memory Allocated [MB]","GPU D3D Memory Dedicated [MB]","GPU D3D Memory Dynamic [MB]","PCIe Link Speed [GT/s]","Framerate Presented (avg) [FPS]","Framerate Presented (99%) [FPS]","Framerate Presented (1%) [FPS]","Framerate Presented (0.1%) [FPS]","Framerate Presented (1% low) [FPS]","Framerate Presented (0.1% low) [FPS]","Framerate Displayed (avg) [FPS]","Framerate Displayed (99%) [FPS]","Framerate Displayed (1%) [FPS]","Framerate Displayed (0.1%) [FPS]","Framerate Displayed (1% low) [FPS]","Framerate Displayed (0.1% low) [FPS]","Frame Time Presented (avg) [ms]","Frame Time Presented (99%) [ms]","Frame Time Presented (1%) [ms]","Frame Time Presented (0.1%) [ms]","Frame Time Displayed (1% high) [ms]","Frame Time Displayed (0.1% high) [ms]","GPU Busy (avg) [ms]","GPU Wait (avg) [ms]","CPU Busy (avg) [ms]","CPU Wait (avg) [ms]","Animation Error (avg) [ms]","Total DL [MB]","Total UP [MB]","Current DL rate [KB/s]","Current UP rate [KB/s]","Total DL [MB]","Total UP [MB]","Current DL rate [KB/s]","Current UP rate [KB/s]","Total Errors []",
,,System: HP OMEN 25L Desktop GT12-0xxx,System: HP OMEN 25L Desktop GT12-0xxx,System: HP OMEN 25L Desktop GT12-0xxx,System: HP OMEN 25L Desktop GT12-0xxx,System: HP OMEN 25L Desktop GT12-0xxx,System: HP OMEN 25L Desktop GT12-0xxx,System: HP OMEN 25L Desktop GT12-0xxx,System: HP OMEN 25L Desktop GT12-0xxx,System: HP OMEN 25L Desktop GT12-0xxx,CPU [#0]: AMD Ryzen 7 3700X,CPU [#0]: AMD Ryzen 7 3700X,CPU [#0]: AMD Ryzen 7 3700X,CPU [#0]: AMD Ryzen 7 3700X,CPU [#0]: AMD Ryzen 7 3700X,CPU [#0]: AMD Ryzen 7 3700X,CPU [#0]: AMD Ryzen 7 3700X,CPU [#0]: AMD Ryzen 7 3700X,CPU [#0]: AMD Ryzen 7 3700X,CPU [#0]: AMD Ryzen 7 3700X,CPU [#0]: AMD Ryzen 7 3700X,CPU [#0]: AMD Ryzen 7 3700X,CPU [#0]: AMD Ryzen 7 3700X,CPU [#0]: AMD Ryzen 7 3700X,CPU [#0]: AMD Ryzen 7 3700X,CPU [#0]: AMD Ryzen 7 3700X,CPU [#0]: AMD Ryzen 7 3700X,CPU [#0]: AMD Ryzen 7 3700X,CPU [#0]: AMD Ryzen 7 3700X,CPU [#0]: AMD Ryzen 7 3700X,CPU [#0]: AMD Ryzen 7 3700X,CPU [#0]: AMD Ryzen 7 3700X,CPU [#0]: AMD Ryzen 7 3700X,CPU [#0]: AMD Ryzen 7 3700X,CPU [#0]: AMD Ryzen 7 3700X,CPU [#0]: AMD Ryzen 7 3700X,CPU [#0]: AMD Ryzen 7 3700X,CPU [#0]: AMD Ryzen 7 3700X,CPU [#0]: AMD Ryzen 7 3700X,CPU [#0]: AMD Ryzen 7 3700X,CPU [#0]: AMD Ryzen 7 3700X,CPU [#0]: AMD Ryzen 7 3700X,CPU [#0]: AMD Ryzen 7 3700X,CPU [#0]: AMD Ryzen 7 3700X,CPU [#0]: AMD Ryzen 7 3700X,CPU [#0]: AMD Ryzen 7 3700X,CPU [#0]: AMD Ryzen 7 3700X,CPU [#0]: AMD Ryzen 7 3700X,CPU [#0]: AMD Ryzen 7 3700X,CPU [#0]: AMD Ryzen 7 3700X,CPU [#0]: AMD Ryzen 7 3700X,CPU [#0]: AMD Ryzen 7 3700X,CPU [#0]: AMD Ryzen 7 3700X,CPU [#0]: AMD Ryzen 7 3700X,CPU [#0]: AMD Ryzen 7 3700X,CPU [#0]: AMD Ryzen 7 3700X,CPU [#0]: AMD Ryzen 7 3700X,CPU [#0]: AMD Ryzen 7 3700X,CPU [#0]: AMD Ryzen 7 3700X,CPU [#0]: AMD Ryzen 7 3700X,CPU [#0]: AMD Ryzen 7 3700X,CPU [#0]: AMD Ryzen 7 3700X,CPU [#0]: AMD Ryzen 7 3700X,CPU [#0]: AMD Ryzen 7 3700X,CPU [#0]: AMD Ryzen 7 3700X,CPU [#0]: AMD Ryzen 7 3700X,CPU [#0]: AMD Ryzen 7 3700X,CPU [#0]: AMD Ryzen 7 3700X,CPU [#0]: AMD Ryzen 7 3700X,CPU [#0]: AMD Ryzen 7 3700X,CPU [#0]: AMD Ryzen 7 3700X,CPU [#0]: AMD Ryzen 7 3700X,CPU [#0]: AMD Ryzen 7 3700X,CPU [#0]: AMD Ryzen 7 3700X,CPU [#0]: AMD Ryzen 7 3700X,CPU [#0]: AMD Ryzen 7 3700X,CPU [#0]: AMD Ryzen 7 3700X,CPU [#0]: AMD Ryzen 7 3700X,CPU [#0]: AMD Ryzen 7 3700X,CPU [#0]: AMD Ryzen 7 3700X,CPU [#0]: AMD Ryzen 7 3700X,CPU [#0]: AMD Ryzen 7 3700X,CPU [#0]: AMD Ryzen 7 3700X,CPU [#0]: AMD Ryzen 7 3700X,CPU [#0]: AMD Ryzen 7 3700X,CPU [#0]: AMD Ryzen 7 3700X,CPU [#0]: AMD Ryzen 7 3700X,CPU [#0]: AMD Ryzen 7 3700X,CPU [#0]: AMD Ryzen 7 3700X,CPU [#0]: AMD Ryzen 7 3700X,CPU [#0]: AMD Ryzen 7 3700X,CPU [#0]: AMD Ryzen 7 3700X,CPU [#0]: AMD Ryzen 7 3700X,CPU [#0]: AMD Ryzen 7 3700X: C-State Residency,CPU [#0]: AMD Ryzen 7 3700X: C-State Residency,CPU [#0]: AMD Ryzen 7 3700X: C-State Residency,CPU [#0]: AMD Ryzen 7 3700X: C-State Residency,CPU [#0]: AMD Ryzen 7 3700X: C-State Residency,CPU [#0]: AMD Ryzen 7 3700X: C-State Residency,CPU [#0]: AMD Ryzen 7 3700X: C-State Residency,CPU [#0]: AMD Ryzen 7 3700X: C-State Residency,CPU [#0]: AMD Ryzen 7 3700X: C-State Residency,CPU [#0]: AMD Ryzen 7 3700X: C-State Residency,CPU [#0]: AMD Ryzen 7 3700X: C-State Residency,CPU [#0]: AMD Ryzen 7 3700X: C-State Residency,CPU [#0]: AMD Ryzen 7 3700X: C-State Residency,CPU [#0]: AMD Ryzen 7 3700X: C-State Residency,CPU [#0]: AMD Ryzen 7 3700X: C-State Residency,CPU [#0]: AMD Ryzen 7 3700X: C-State Residency,CPU [#0]: AMD Ryzen 7 3700X: C-State Residency,CPU [#0]: AMD Ryzen 7 3700X: C-State Residency,CPU [#0]: AMD Ryzen 7 3700X: C-State Residency,CPU [#0]: AMD Ryzen 7 3700X: C-State Residency,CPU [#0]: AMD Ryzen 7 3700X: C-State Residency,CPU [#0]: AMD Ryzen 7 3700X: C-State Residency,CPU [#0]: AMD Ryzen 7 3700X: C-State Residency,CPU [#0]: AMD Ryzen 7 3700X: C-State Residency,CPU [#0]: AMD Ryzen 7 3700X: C-State Residency,CPU [#0]: AMD Ryzen 7 3700X: C-State Residency,CPU [#0]: AMD Ryzen 7 3700X: C-State Residency,CPU [#0]: AMD Ryzen 7 3700X: C-State Residency,Memory Timings,Memory Timings,Memory Timings,Memory Timings,Memory Timings,Memory Timings,Memory Timings,Memory Timings,Memory Timings,CPU [#0]: AMD Ryzen 7 3700X: Enhanced,CPU [#0]: AMD Ryzen 7 3700X: Enhanced,CPU [#0]: AMD Ryzen 7 3700X: Enhanced,CPU [#0]: AMD Ryzen 7 3700X: Enhanced,CPU [#0]: AMD Ryzen 7 3700X: Enhanced,CPU [#0]: AMD Ryzen 7 3700X: Enhanced,CPU [#0]: AMD Ryzen 7 3700X: Enhanced,CPU [#0]: AMD Ryzen 7 3700X: Enhanced,CPU [#0]: AMD Ryzen 7 3700X: Enhanced,CPU [#0]: AMD Ryzen 7 3700X: Enhanced,CPU [#0]: AMD Ryzen 7 3700X: Enhanced,CPU [#0]: AMD Ryzen 7 3700X: Enhanced,CPU [#0]: AMD Ryzen 7 3700X: Enhanced,CPU [#0]: AMD Ryzen 7 3700X: Enhanced,CPU [#0]: AMD Ryzen 7 3700X: Enhanced,CPU [#0]: AMD Ryzen 7 3700X: Enhanced,CPU [#0]: AMD Ryzen 7 3700X: Enhanced,CPU [#0]: AMD Ryzen 7 3700X: Enhanced,CPU [#0]: AMD Ryzen 7 3700X: Enhanced,CPU [#0]: AMD Ryzen 7 3700X: Enhanced,CPU [#0]: AMD Ryzen 7 3700X: Enhanced,CPU [#0]: AMD Ryzen 7 3700X: Enhanced,CPU [#0]: AMD Ryzen 7 3700X: Enhanced,CPU [#0]: AMD Ryzen 7 3700X: Enhanced,CPU [#0]: AMD Ryzen 7 3700X: Enhanced,CPU [#0]: AMD Ryzen 7 3700X: Enhanced,CPU [#0]: AMD Ryzen 7 3700X: Enhanced,CPU [#0]: AMD Ryzen 7 3700X: Enhanced,CPU [#0]: AMD Ryzen 7 3700X: Enhanced,CPU [#0]: AMD Ryzen 7 3700X: Enhanced,CPU [#0]: AMD Ryzen 7 3700X: Enhanced,CPU [#0]: AMD Ryzen 7 3700X: Enhanced,CPU [#0]: AMD Ryzen 7 3700X: Enhanced,CPU [#0]: AMD Ryzen 7 3700X: Enhanced,CPU [#0]: AMD Ryzen 7 3700X: Enhanced,CPU [#0]: AMD Ryzen 7 3700X: Enhanced,CPU [#0]: AMD Ryzen 7 3700X: Enhanced,CPU [#0]: AMD Ryzen 7 3700X: Enhanced,CPU [#0]: AMD Ryzen 7 3700X: Enhanced,CPU [#0]: AMD Ryzen 7 3700X: Enhanced,CPU [#0]: AMD Ryzen 7 3700X: Enhanced,CPU [#0]: AMD Ryzen 7 3700X: Enhanced,CPU [#0]: AMD Ryzen 7 3700X: Enhanced,CPU [#0]: AMD Ryzen 7 3700X: Enhanced,CPU [#0]: AMD Ryzen 7 3700X: Enhanced,CPU [#0]: AMD Ryzen 7 3700X: Enhanced,CPU [#0]: AMD Ryzen 7 3700X: Enhanced,CPU [#0]: AMD Ryzen 7 3700X: Enhanced,CPU [#0]: AMD Ryzen 7 3700X: Enhanced,CPU [#0]: AMD Ryzen 7 3700X: Enhanced,CPU [#0]: AMD Ryzen 7 3700X: Enhanced,CPU [#0]: AMD Ryzen 7 3700X: Enhanced,CPU [#0]: AMD Ryzen 7 3700X: Enhanced,CPU [#0]: AMD Ryzen 7 3700X: Enhanced,CPU [#0]: AMD Ryzen 7 3700X: Enhanced,S.M.A.R.T.: WDBRPG0010BNC-WRSN (21110V802526) [C:],S.M.A.R.T.: WDBRPG0010BNC-WRSN (21110V802526) [C:],S.M.A.R.T.: WDBRPG0010BNC-WRSN (21110V802526) [C:],S.M.A.R.T.: WDBRPG0010BNC-WRSN (21110V802526) [C:],S.M.A.R.T.: WDBRPG0010BNC-WRSN (21110V802526) [C:],S.M.A.R.T.: WDBRPG0010BNC-WRSN (21110V802526) [C:],S.M.A.R.T.: WDBRPG0010BNC-WRSN (21110V802526) [C:],S.M.A.R.T.: Samsung Portable SSD T1 500GB (S25NNAAGA11564A) [D:],S.M.A.R.T.: Samsung Portable SSD T1 500GB (S25NNAAGA11564A) [D:],S.M.A.R.T.: Samsung Portable SSD T1 500GB (S25NNAAGA11564A) [D:],S.M.A.R.T.: Samsung Portable SSD T1 500GB (S25NNAAGA11564A) [D:],S.M.A.R.T.: Samsung Portable SSD T1 500GB (S25NNAAGA11564A) [D:],Drive: WDBRPG0010BNC-WRSN (21110V802526) [C:],Drive: WDBRPG0010BNC-WRSN (21110V802526) [C:],Drive: WDBRPG0010BNC-WRSN (21110V802526) [C:],Drive: WDBRPG0010BNC-WRSN (21110V802526) [C:],Drive: WDBRPG0010BNC-WRSN (21110V802526) [C:],Drive: WDBRPG0010BNC-WRSN (21110V802526) [C:],Drive: WDBRPG0010BNC-WRSN (21110V802526) [C:],Drive: Samsung Portable SSD T1 500GB (S25NNAAGA11564A) [D:],Drive: Samsung Portable SSD T1 500GB (S25NNAAGA11564A) [D:],Drive: Samsung Portable SSD T1 500GB (S25NNAAGA11564A) [D:],Drive: Samsung Portable SSD T1 500GB (S25NNAAGA11564A) [D:],Drive: Samsung Portable SSD T1 500GB (S25NNAAGA11564A) [D:],Drive: Samsung Portable SSD T1 500GB (S25NNAAGA11564A) [D:],Drive: Samsung Portable SSD T1 500GB (S25NNAAGA11564A) [D:],dGPU [#0]: NVIDIA GeForce RTX 3070: HP GeForce RTX 3070,dGPU [#0]: NVIDIA GeForce RTX 3070: HP GeForce RTX 3070,dGPU [#0]: NVIDIA GeForce RTX 3070: HP GeForce RTX 3070,dGPU [#0]: NVIDIA GeForce RTX 3070: HP GeForce RTX 3070,dGPU [#0]: NVIDIA GeForce RTX 3070: HP GeForce RTX 3070,dGPU [#0]: NVIDIA GeForce RTX 3070: HP GeForce RTX 3070,dGPU [#0]: NVIDIA GeForce RTX 3070: HP GeForce RTX 3070,dGPU [#0]: NVIDIA GeForce RTX 3070: HP GeForce RTX 3070,dGPU [#0]: NVIDIA GeForce RTX 3070: HP GeForce RTX 3070,dGPU [#0]: NVIDIA GeForce RTX 3070: HP GeForce RTX 3070,dGPU [#0]: NVIDIA GeForce RTX 3070: HP GeForce RTX 3070,dGPU [#0]: NVIDIA GeForce RTX 3070: HP GeForce RTX 3070,dGPU [#0]: NVIDIA GeForce RTX 3070: HP GeForce RTX 3070,dGPU [#0]: NVIDIA GeForce RTX 3070: HP GeForce RTX 3070,dGPU [#0]: NVIDIA GeForce RTX 3070: HP GeForce RTX 3070,dGPU [#0]: NVIDIA GeForce RTX 3070: HP GeForce RTX 3070,dGPU [#0]: NVIDIA GeForce RTX 3070: HP GeForce RTX 3070,dGPU [#0]: NVIDIA GeForce RTX 3070: HP GeForce RTX 3070,dGPU [#0]: NVIDIA GeForce RTX 3070: HP GeForce RTX 3070,dGPU [#0]: NVIDIA GeForce RTX 3070: HP GeForce RTX 3070,dGPU [#0]: NVIDIA GeForce RTX 3070: HP GeForce RTX 3070,dGPU [#0]: NVIDIA GeForce RTX 3070: HP GeForce RTX 3070,dGPU [#0]: NVIDIA GeForce RTX 3070: HP GeForce RTX 3070,dGPU [#0]: NVIDIA GeForce RTX 3070: HP GeForce RTX 3070,dGPU [#0]: NVIDIA GeForce RTX 3070: HP GeForce RTX 3070,dGPU [#0]: NVIDIA GeForce RTX 3070: HP GeForce RTX 3070,dGPU [#0]: NVIDIA GeForce RTX 3070: HP GeForce RTX 3070,dGPU [#0]: NVIDIA GeForce RTX 3070: HP GeForce RTX 3070,dGPU [#0]: NVIDIA GeForce RTX 3070: HP GeForce RTX 3070,dGPU [#0]: NVIDIA GeForce RTX 3070: HP GeForce RTX 3070,dGPU [#0]: NVIDIA GeForce RTX 3070: HP GeForce RTX 3070,dGPU [#0]: NVIDIA GeForce RTX 3070: HP GeForce RTX 3070,dGPU [#0]: NVIDIA GeForce RTX 3070: HP GeForce RTX 3070,dGPU [#0]: NVIDIA GeForce RTX 3070: HP GeForce RTX 3070,dGPU [#0]: NVIDIA GeForce RTX 3070: HP GeForce RTX 3070,dGPU [#0]: NVIDIA GeForce RTX 3070: HP GeForce RTX 3070,dGPU [#0]: NVIDIA GeForce RTX 3070: HP GeForce RTX 3070,dGPU [#0]: NVIDIA GeForce RTX 3070: HP GeForce RTX 3070,dGPU [#0]: NVIDIA GeForce RTX 3070: HP GeForce RTX 3070,dGPU [#0]: NVIDIA GeForce RTX 3070: HP GeForce RTX 3070,dGPU [#0]: NVIDIA GeForce RTX 3070: HP GeForce RTX 3070,dGPU [#0]: NVIDIA GeForce RTX 3070: HP GeForce RTX 3070,dGPU [#0]: NVIDIA GeForce RTX 3070: HP GeForce RTX 3070,dGPU [#0]: NVIDIA GeForce RTX 3070: HP GeForce RTX 3070,dGPU [#0]: NVIDIA GeForce RTX 3070: HP GeForce RTX 3070,dGPU [#0]: NVIDIA GeForce RTX 3070: HP GeForce RTX 3070,dGPU [#0]: NVIDIA GeForce RTX 3070: HP GeForce RTX 3070,dGPU [#0]: NVIDIA GeForce RTX 3070: HP GeForce RTX 3070,dGPU [#0]: NVIDIA GeForce RTX 3070: HP GeForce RTX 3070,dGPU [#0]: NVIDIA GeForce RTX 3070: HP GeForce RTX 3070,dGPU [#0]: NVIDIA GeForce RTX 3070: HP GeForce RTX 3070,dGPU [#0]: NVIDIA GeForce RTX 3070: HP GeForce RTX 3070,dGPU [#0]: NVIDIA GeForce RTX 3070: HP GeForce RTX 3070,dGPU [#0]: NVIDIA GeForce RTX 3070: HP GeForce RTX 3070,dGPU [#0]: NVIDIA GeForce RTX 3070: HP GeForce RTX 3070,dGPU [#0]: NVIDIA GeForce RTX 3070: HP GeForce RTX 3070,dGPU [#0]: NVIDIA GeForce RTX 3070: HP GeForce RTX 3070,dGPU [#0]: NVIDIA GeForce RTX 3070: HP GeForce RTX 3070,dGPU [#0]: NVIDIA GeForce RTX 3070: HP GeForce RTX 3070,dGPU [#0]: NVIDIA GeForce RTX 3070: HP GeForce RTX 3070,dGPU [#0]: NVIDIA GeForce RTX 3070: HP GeForce RTX 3070,dGPU [#0]: NVIDIA GeForce RTX 3070: HP GeForce RTX 3070,dGPU [#0]: NVIDIA GeForce RTX 3070: HP GeForce RTX 3070,dGPU [#0]: NVIDIA GeForce RTX 3070: HP GeForce RTX 3070,dGPU [#0]: NVIDIA GeForce RTX 3070: HP GeForce RTX 3070,dGPU [#0]: NVIDIA GeForce RTX 3070: HP GeForce RTX 3070,dGPU [#0]: NVIDIA GeForce RTX 3070: HP GeForce RTX 3070,dGPU [#0]: NVIDIA GeForce RTX 3070: HP GeForce RTX 3070,dGPU [#0]: NVIDIA GeForce RTX 3070: HP GeForce RTX 3070,dGPU [#0]: NVIDIA GeForce RTX 3070: HP GeForce RTX 3070,dGPU [#0]: NVIDIA GeForce RTX 3070: HP GeForce RTX 3070,dGPU [#0]: NVIDIA GeForce RTX 3070: HP GeForce RTX 3070,dGPU [#0]: NVIDIA GeForce RTX 3070: HP GeForce RTX 3070,dGPU [#0]: NVIDIA GeForce RTX 3070: HP GeForce RTX 3070,dGPU [#0]: NVIDIA GeForce RTX 3070: HP GeForce RTX 3070,dGPU [#0]: NVIDIA GeForce RTX 3070: HP GeForce RTX 3070,dGPU [#0]: NVIDIA GeForce RTX 3070: HP GeForce RTX 3070,dGPU [#0]: NVIDIA GeForce RTX 3070: HP GeForce RTX 3070,dGPU [#0]: NVIDIA GeForce RTX 3070: HP GeForce RTX 3070,dGPU [#0]: NVIDIA GeForce RTX 3070: HP GeForce RTX 3070,dGPU [#0]: NVIDIA GeForce RTX 3070: HP GeForce RTX 3070,dGPU [#0]: NVIDIA GeForce RTX 3070: HP GeForce RTX 3070,dGPU [#0]: NVIDIA GeForce RTX 3070: HP GeForce RTX 3070,PresentMon [dwm.exe],PresentMon [dwm.exe],PresentMon [dwm.exe],PresentMon [dwm.exe],PresentMon [dwm.exe],PresentMon [dwm.exe],PresentMon [dwm.exe],PresentMon [dwm.exe],PresentMon [dwm.exe],PresentMon [dwm.exe],PresentMon [dwm.exe],PresentMon [dwm.exe],PresentMon [dwm.exe],PresentMon [dwm.exe],PresentMon [dwm.exe],PresentMon [dwm.exe],PresentMon [dwm.exe],PresentMon [dwm.exe],PresentMon [dwm.exe],PresentMon [dwm.exe],PresentMon [dwm.exe],PresentMon [dwm.exe],PresentMon [dwm.exe],Network: RealTek Semiconductor RTL8822CE Wireless LAN 802.11ac PCI-E NIC - Wi-Fi,Network: RealTek Semiconductor RTL8822CE Wireless LAN 802.11ac PCI-E NIC - Wi-Fi,Network: RealTek Semiconductor RTL8822CE Wireless LAN 802.11ac PCI-E NIC - Wi-Fi,Network: RealTek Semiconductor RTL8822CE Wireless LAN 802.11ac PCI-E NIC - Wi-Fi,Network: RealTek Semiconductor RTL8168/8111 PCI-E Gigabit Ethernet NIC - Ethernet,Network: RealTek Semiconductor RTL8168/8111 PCI-E Gigabit Ethernet NIC - Ethernet,Network: RealTek Semiconductor RTL8168/8111 PCI-E Gigabit Ethernet NIC - Ethernet,Network: RealTek Semiconductor RTL8168/8111 PCI-E Gigabit Ethernet NIC - Ethernet,Windows Hardware Errors (WHEA),
