Date,Time,"Virtual Memory Committed [MB]","Virtual Memory Available [MB]","Virtual Memory Load [%]","Physical Memory Used [MB]","Physical Memory Available [MB]","Physical Memory Load [%]","Page File Usage [%]","Page File Total [MB]","Page File Used [MB]","Core VIDs (avg) [V]","Core 0 VID [V]","Core 1 VID [V]","Core 2 VID [V]","Core 3 VID [V]","Core 4 VID [V]","Core 5 VID [V]","Core 6 VID [V]","Core 7 VID [V]","Core Clocks (avg) [MHz]","Core 0 Clock (perf #1/4) [MHz]","Core 1 Clock (perf #1/3) [MHz]","Core 2 Clock (perf #2/6) [MHz]","Core 3 Clock (perf #3/5) [MHz]","Core 4 Clock (perf #6/8) [MHz]","Core 5 Clock (perf #4/2) [MHz]","Core 6 Clock (perf #5/1) [MHz]","Core 7 Clock (perf #7/7) [MHz]","Bus Clock [MHz]","Core Effective Clocks (avg) [MHz]","Core 0 T0 Effective Clock [MHz]","Core 0 T1 Effective Clock [MHz]","Core 1 T0 Effective Clock [MHz]","Core 1 T1 Effective Clock [MHz]","Core 2 T0 Effective Clock [MHz]","Core 2 T1 Effective Clock [MHz]","Core 3 T0 Effective Clock [MHz]","Core 3 T1 Effective Clock [MHz]","Core 4 T0 Effective Clock [MHz]","Core 4 T1 Effective Clock [MHz]","Core 5 T0 Effective Clock [MHz]","Core 5 T1 Effective Clock [MHz]","Core 6 T0 Effective Clock [MHz]","Core 6 T1 Effective Clock [MHz]","Core 7 T0 Effective Clock [MHz]","Core 7 T1 Effective Clock [MHz]","Average Effective Clock [MHz]","Core Usage (avg) [%]","Core 0 T0 Usage [%]","Core 0 T1 Usage [%]","Core 1 T0 Usage [%]","Core 1 T1 Usage [%]","Core 2 T0 Usage [%]","Core 2 T1 Usage [%]","Core 3 T0 Usage [%]","Core 3 T1 Usage [%]","Core 4 T0 Usage [%]","Core 4 T1 Usage [%]","Core 5 T0 Usage [%]","Core 5 T1 Usage [%]","Core 6 T0 Usage [%]","Core 6 T1 Usage [%]","Core 7 T0 Usage [%]","Core 7 T1 Usage [%]","Max CPU/Thread Usage [%]","Total CPU Usage [%]","Core Utility (avg) [%]","Core 0 T0 Utility [%]","Core 0 T1 Utility [%]","Core 1 T0 Utility [%]","Core 1 T1 Utility [%]","Core 2 T0 Utility [%]","Core 2 T1 Utility [%]","Core 3 T0 Utility [%]","Core 3 T1 Utility [%]","Core 4 T0 Utility [%]","Core 4 T1 Utility [%]","Core 5 T0 Utility [%]","Core 5 T1 Utility [%]","Core 6 T0 Utility [%]","Core 6 T1 Utility [%]","Core 7 T0 Utility [%]","Core 7 T1 Utility [%]","Total CPU Utility [%]","Core Ratios (avg) [x]","Core 0 Ratio [x]","Core 1 Ratio [x]","Core 2 Ratio [x]","Core 3 Ratio [x]","Core 4 Ratio [x]","Core 5 Ratio [x]","Core 6 Ratio [x]","Core 7 Ratio [x]","Package C6 Residency [%]","Core C0 Residency (avg) [%]","Core 0 C0 Residency [%]","Core 1 C0 Residency [%]","Core 2 C0 Residency [%]","Core 3 C0 Residency [%]","Core 4 C0 Residency [%]","Core 5 C0 Residency [%]","Core 6 C0 Residency [%]","Core 7 C0 Residency [%]","Core C1 Residency (avg) [%]","Core 0 C1 Residency [%]","Core 1 C1 Residency [%]","Core 2 C1 Residency [%]","Core 3 C1 Residency [%]","Core 4 C1 Residency [%]","Core 5 C1 Residency [%]","Core 6 C1 Residency [%]","Core 7 C1 Residency [%]","Core C6 Residency (avg) [%]","Core 0 C6 Residency [%]","Core 1 C6 Residency [%]","Core 2 C6 Residency [%]","Core 3 C6 Residency [%]","Core 4 C6 Residency [%]","Core 5 C6 Residency [%]","Core 6 C6 Residency [%]","Core 7 C6 Residency [%]","Memory Clock [MHz]","Memory Clock Ratio [x]","Tcas [T]","Trcd [T]","Trp [T]","Tras [T]","Trc [T]","Trfc [T]","Command Rate [T]","CPU (Tctl/Tdie) [°C]","CPU Die (average) [°C]","CPU CCD1 (Tdie) [°C]","Core Temperatures (avg) [°C]","Core0 (CCD1) [°C]","Core1 (CCD1) [°C]","Core2 (CCD1) [°C]","Core3 (CCD1) [°C]","Core4 (CCD1) [°C]","Core5 (CCD1) [°C]","Core6 (CCD1) [°C]","Core7 (CCD1) [°C]","L3 Temperatures (avg) [°C]","L3 Cache (CCD1:CCX1) [°C]","L3 Cache (CCD1:CCX2) [°C]","CPU IOD Hotspot [°C]","CPU IOD Average [°C]","CPU Core Voltage (SVI2 TFN) [V]","SoC Voltage (SVI2 TFN) [V]","CPU Core VID (Effective) [V]","CPU Core Current (SVI2 TFN) [A]","SoC Current (SVI2 TFN) [A]","CPU TDC [A]","CPU EDC [A]","CPU Package Power [W]","Core Powers (avg) [W]","Core 0 Power [W]","Core 1 Power [W]","Core 2 Power [W]","Core 3 Power [W]","Core 4 Power [W]","Core 5 Power [W]","Core 6 Power [W]","Core 7 Power [W]","CPU Core Power (SVI2 TFN) [W]","CPU SoC Power (SVI2 TFN) [W]","Core+SoC Power (SVI2 TFN) [W]","CPU PPT [W]","Infinity Fabric Clock (FCLK) [MHz]","Memory Controller Clock (UCLK) [MHz]","L3 Clocks (avg) [MHz]","L3 Cache (CCD1:CCX1) [MHz]","L3 Cache (CCD1:CCX2) [MHz]","Frequency Limit - Global [MHz]","CPU PPT Limit [%]","CPU TDC Limit [%]","CPU EDC Limit [%]","Thermal Limit [%]","Power Reporting Deviation (Accuracy) [%]","Thermal Throttling (HTC) [Yes/No]","Thermal Throttling (PROCHOT CPU) [Yes/No]","Thermal Throttling (PROCHOT EXT) [Yes/No]","DRAM Read Bandwidth [Gbps]","DRAM Write Bandwidth [Gbps]","Average Active Core Count []","Drive Temperature [°C]","Drive Remaining Life [%]","Drive Available Spare [%]","Drive Failure [Yes/No]","Drive Warning [Yes/No]","Total Host Writes [GB]","Total Host Reads [GB]","Drive Airflow Temperature [°C]","Drive Remaining Life [%]","Drive Failure [Yes/No]","Drive Warning [Yes/No]","Total Host Writes [GB]","Read Activity [%]","Write Activity [%]","Total Activity [%]","Read Rate [MB/s]","Write Rate [MB/s]","Read Total [MB]","Write Total [MB]","Read Activity [%]","Write Activity [%]","Total Activity [%]","Read Rate [MB/s]","Write Rate [MB/s]","Read Total [MB]","Write Total [MB]","GPU Temperature [°C]","GPU Hot Spot Temperature [°C]","GPU Thermal Limit [°C]","GPU Core Voltage [V]","GPU Rail Voltages (avg) [V]","GPU PCIe +12V Input Voltage [V]","GPU 8-pin #1 Input Voltage [V]","GPU Misc0 Input Voltage [V]","GPU Fan1 [RPM]","GPU Power [W]","GPU Rail Powers (avg) [W]","GPU Core (NVVDD) Input Power (sum) [W]","GPU PCIe +12V Input Power [W]","GPU 8-pin #1 Input Power [W]","GPU Misc0 Input Power [W]","GPU Core (NVVDD1) Input Power (sum) [W]","GPU PCIe +3.3V Input Power (est) [W]","GPU Core (NVVDD) Input Power (sum) [W]","GPU Input PP Source Power (sum) [W]","GPU Core (NVVDD) Output Power [W]","GPU Core (NVVDD) Output Power [W]","GPU Power Limit (rated) [W]","GPU Power Limit (max) [W]","GPU Clock [MHz]","GPU Memory Clock [MHz]","GPU Video Clock [MHz]","GPU Effective Clock [MHz]","GPU Crossbar Clock [MHz]","GPU Core Load [%]","GPU Memory Controller Load [%]","GPU Video Engine Load [%]","GPU Bus Load [%]","GPU Memory Usage [%]","GPU D3D Usages (avg) [%]","GPU D3D Usage [%]","GPU Video Decode 0 Usage [%]","GPU Video Encode 0 Usage [%]","GPU VR Usage [%]","GPU Fan1 [%]","GPU Performance Limiters (avg) [Yes/No]","Performance Limit - Power [Yes/No]","Performance Limit - Thermal [Yes/No]","Performance Limit - Reliability Voltage [Yes/No]","Performance Limit - Max Operating Voltage [Yes/No]","Performance Limit - Utilization [Yes/No]","Performance Limit - SLI GPUBoost Sync [Yes/No]","Total GPU Power [% of TDP] [%]","Total GPU Power (normalized) [% of TDP] [%]","PCI Express Error Counters (avg) []","Receiver Errors []","Replay Count []","Replay Rollover Count []","Bad DLLP Count []","Bad TLP Count []","LCRC Error Count []","NAKs Sent Count []","NAKs Received Count []","Recovery Count []","Correctable Error Count []","Non-Fatal Error Count []","Fatal Error Count []","Unsupported Request Count []","PCIe Lane 0 Errors []","PCIe Lane 1 Errors []","PCIe Lane 2 Errors []","PCIe Lane 3 Errors []","PCIe Lane 4 Errors []","PCIe Lane 5 Errors []","PCIe Lane 6 Errors []","PCIe Lane 7 Errors []","PCIe Lane 8 Errors []","PCIe Lane 9 Errors []","PCIe Lane 10 Errors []","PCIe Lane 11 Errors []","PCIe Lane 12 Errors []","PCIe Lane 13 Errors []","PCIe Lane 14 Errors []","PCIe Lane 15 Errors []","GPU Memory Available [MB]","GPU Memory Allocated [MB]","GPU D3D Memory Dedicated [MB]","GPU D3D Memory Dynamic [MB]","PCIe Link Speed [GT/s]","Framerate Presented (avg) [FPS]","Framerate Presented (99%) [FPS]","Framerate Presented (1%) [FPS]","Framerate Presented (0.1%) [FPS]","Framerate Presented (1% low) [FPS]","Framerate Presented (0.1% low) [FPS]","Framerate Displayed (avg) [FPS]","Framerate Displayed (99%) [FPS]","Framerate Displayed (1%) [FPS]","Framerate Displayed (0.1%) [FPS]","Framerate Displayed (1% low) [FPS]","Framerate Displayed (0.1% low) [FPS]","Frame Time Presented (avg) [ms]","Frame Time Presented (99%) [ms]","Frame Time Presented (1%) [ms]","Frame Time Presented (0.1%) [ms]","Frame Time Displayed (1% high) [ms]","Frame Time Displayed (0.1% high) [ms]","GPU Busy (avg) [ms]","GPU Wait (avg) [ms]","CPU Busy (avg) [ms]","CPU Wait (avg) [ms]","Animation Error (avg) [ms]","Total DL [MB]","Total UP [MB]","Current DL rate [KB/s]","Current UP rate [KB/s]","Total DL [MB]","Total UP [MB]","Current DL rate [KB/s]","Current UP rate [KB/s]","Total Errors []",
9.7.2026,23:38:0.208,27151,18843,59.0,20648,12034,63.1,0.4,13312,52,1.326,1.331,1.325,1.325,1.325,1.325,1.325,1.325,1.325,4095.7,4117.6,4092.6,4092.6,4092.6,4092.6,4092.6,4092.6,4092.6,99.8,729.4,2638.9,1184.1,1122.7,1496.6,984.3,709.2,709.4,539.4,184.1,175.9,515.6,395.9,309.8,227.2,240.8,236.8,729.4,15.3,34.1,27.8,26.4,35.3,23.1,16.5,16.5,12.4,4.3,4.1,12.1,9.2,7.0,5.2,5.7,5.6,35.3,15.3,17.7,39.3,32.1,30.5,40.7,26.6,19.0,19.0,14.3,4.9,4.7,13.9,10.6,8.1,6.0,6.5,6.4,17.7,41.0,41.2,41.0,41.0,41.0,41.0,41.0,41.0,41.0,0.0,48.2,63.3,64.0,56.0,52.7,33.9,43.5,38.1,34.2,51.8,36.7,36.0,44.0,47.3,66.1,56.5,61.9,65.8,0.0,0.0,0.0,0.0,0.0,0.0,0.0,0.0,0.0,1197.8,12.00,16,16,16,39,55,661,1,73.2,63.1,68.0,59.7,61.9,62.1,61.0,60.0,58.2,58.7,58.0,57.9,56.9,57.1,56.6,50.8,47.4,1.344,1.019,1.344,7.826,9.186,7.817,42.872,29.077,2.831,4.151,4.310,3.273,2.798,1.861,2.327,2.046,1.878,10.800,9.456,20.255,29.176,1197.8,1197.8,4145.3,4166.2,4124.5,4202.2,33.2,13.0,47.6,66.5,47.5,No,No,No,0.585,0.020,3.9,46,95.0,100.0,No,No,91369,99120,31,99.0,No,No,3320,0.0,0.2,0.2,0.008,1.395,103655,123319,0.0,0.0,0.0,0.000,0.000,52,0,36.2,48.2,83.0,0.669,12.167,12.207,12.182,12.111,1131,19.038,7.377,9.808,1.294,17.517,12.063,5.449,0.336,9.808,9.344,1.748,6.407,220.000,240.000,210.0,101.2,555.0,210.0,600.0,29.0,28.0,0.0,0.0,26.8,1.7,6.8,0.0,0.0,0.0,33,Yes,No,No,No,No,Yes,No,8.7,11.1,2,0,0,0,0,0,0,0,0,55,0,0,0,0,0,0,0,0,0,0,0,0,0,0,0,0,0,0,0,0,5997,2195,2031,138,2.5,239.7,258.4,223.6,220.4,221.9,220.0,12.7,60.1,3.2,3.0,3.0,3.0,4.17,4.53,3.87,3.81,4.53,4.53,0.92,0.03,4.08,0.10,4.58,0,0,0.0,0.0,20299,1799,5.9,1.3,0,
9.7.2026,23:38:2.209,27082,18912,58.8,20622,12059,63.0,0.4,13312,52,1.330,1.319,1.331,1.331,1.331,1.331,1.331,1.331,1.337,4064.5,4042.7,4067.7,4067.7,4067.7,4067.7,4067.7,4067.7,4067.7,99.8,1077.2,3215.2,1713.6,1630.3,1849.1,1072.7,1286.2,909.8,1031.7,353.1,386.4,587.8,652.6,488.4,453.8,829.8,775.1,1077.2,23.5,42.1,41.0,38.9,44.3,25.4,30.7,21.4,24.5,8.3,9.2,13.7,15.3,11.3,10.7,20.1,18.7,44.3,23.5,26.8,48.1,46.8,44.5,50.7,29.0,35.0,24.4,27.9,9.4,10.4,15.6,17.5,12.8,12.2,22.8,21.2,26.8,40.7,40.5,40.8,40.8,40.8,40.8,40.8,40.8,40.8,0.0,63.0,77.9,80.5,68.7,65.5,48.0,55.9,51.5,56.0,37.0,22.1,19.5,31.3,34.5,52.0,44.1,48.5,44.0,0.0,0.0,0.0,0.0,0.0,0.0,0.0,0.0,0.0,1197.8,12.00,16,16,16,39,55,661,1,71.2,67.3,68.8,62.1,64.7,64.9,63.4,62.3,59.7,60.6,59.6,61.7,57.9,58.2,57.6,51.5,47.9,1.356,1.038,1.369,10.552,9.440,10.540,56.555,32.943,3.590,5.116,5.336,3.979,3.497,2.266,2.771,2.488,3.265,14.398,9.730,24.127,33.123,1197.8,1197.8,4131.3,4139.0,4123.7,4146.6,37.6,17.6,62.8,70.9,50.0,No,No,No,1.205,0.067,5.0,46,95.0,100.0,No,No,91369,99120,31,99.0,No,No,3320,0.1,0.3,0.4,0.097,1.840,103655,123322,0.0,0.0,0.0,0.000,0.000,52,0,36.2,48.4,83.0,0.669,12.167,12.208,12.182,12.112,1129,19.073,7.342,9.776,1.465,17.494,12.051,5.431,0.336,9.776,9.532,1.458,6.105,220.000,240.000,240.0,101.2,555.0,240.0,600.0,26.0,27.0,0.0,0.0,26.8,2.5,10.0,0.0,0.0,0.0,33,Yes,No,No,No,No,Yes,No,8.8,11.2,2,0,0,0,0,0,0,0,0,55,0,0,0,0,0,0,0,0,0,0,0,0,0,0,0,0,0,0,0,0,6000,2192,2027,135,2.5,239.7,265.8,213.2,130.2,167.5,118.3,12.5,171.1,1.5,1.3,1.3,1.3,4.17,4.91,1.42,0.70,8.18,11.92,1.16,0.01,4.00,0.17,4.93,0,0,0.0,0.0,20299,1799,9.8,2.6,0,
9.7.2026,23:38:4.203,27221,18772,59.1,20626,12056,63.1,0.4,13312,52,1.355,1.344,1.356,1.356,1.356,1.356,1.356,1.356,1.356,4145.6,4167.5,4142.5,4142.5,4142.5,4142.5,4142.5,4142.5,4142.5,99.8,1436.7,3564.0,1884.4,2283.9,1983.3,1681.6,1599.0,1365.1,1411.0,704.6,692.7,1142.7,1114.0,894.7,815.4,957.3,893.7,1436.7,32.7,56.5,45.3,55.1,47.8,40.3,38.4,32.7,33.8,16.9,16.6,27.3,26.6,21.2,19.4,23.2,21.6,56.5,32.7,37.2,64.5,51.6,62.9,54.5,46.0,43.7,37.3,38.5,19.2,18.9,31.1,30.3,24.2,22.1,26.4,24.6,37.2,41.5,41.8,41.5,41.5,41.5,41.5,41.5,41.5,41.5,0.0,71.0,86.5,88.1,78.3,73.8,55.4,66.9,60.1,58.8,29.0,13.5,11.9,21.7,26.2,44.6,33.1,39.9,41.2,0.0,0.0,0.0,0.0,0.0,0.0,0.0,0.0,0.0,1197.8,12.00,16,16,16,39,55,661,1,70.1,68.8,70.2,64.1,66.6,67.2,65.6,64.5,61.6,63.2,61.5,62.7,58.8,59.1,58.5,51.0,48.3,1.362,1.031,1.369,12.949,9.585,12.961,63.772,36.525,4.222,5.700,6.119,4.717,4.220,2.841,3.732,3.137,3.315,17.542,9.887,27.430,36.511,1197.8,1197.8,4121.6,4125.7,4117.6,4131.2,41.5,21.6,70.9,72.4,51.8,No,No,No,1.514,0.072,5.7,46,95.0,100.0,No,No,91369,99120,31,99.0,No,No,3320,0.2,0.3,0.5,0.333,3.342,103656,123329,0.0,0.0,0.0,0.000,0.000,52,0,36.2,48.3,83.0,0.669,12.163,12.202,12.179,12.107,1129,18.892,7.292,9.900,1.354,17.428,11.926,5.500,0.336,9.900,9.236,1.528,5.813,220.000,240.000,210.0,101.2,555.0,210.0,600.0,26.0,27.0,0.0,1.0,26.8,1.7,6.8,0.0,0.0,0.0,33,Yes,No,No,No,No,Yes,No,8.7,11.2,2,0,0,0,0,0,0,0,0,55,0,0,0,0,0,0,0,0,0,0,0,0,0,0,0,0,0,0,0,0,6001,2191,2027,134,2.5,239.7,253.6,224.8,219.6,221.4,218.6,3.4,60.1,1.0,1.0,1.0,1.0,4.17,4.48,3.92,3.65,4.60,4.65,0.89,0.03,4.06,0.11,11.13,0,0,0.0,0.0,20299,1799,9.3,1.5,0,
9.7.2026,23:38:6.216,27220,18773,59.1,20636,12045,63.1,0.4,13312,52,1.101,1.369,1.062,1.062,1.062,1.062,1.062,1.062,1.062,4145.6,4167.5,4142.5,4142.5,4142.5,4142.5,4142.5,4142.5,4142.5,99.8,1209.2,3483.7,1866.8,1766.3,2100.4,1323.2,1348.2,926.4,1181.3,484.9,489.4,676.3,742.0,588.7,518.8,1004.0,846.7,1209.2,26.7,48.3,44.7,42.5,50.6,31.5,32.2,21.9,28.2,11.5,11.6,15.9,17.5,13.7,12.1,24.1,20.3,50.6,26.7,30.4,55.1,51.1,48.5,57.8,36.0,36.7,25.0,32.1,13.1,13.3,18.2,19.9,15.6,13.9,27.6,23.2,30.4,41.5,41.8,41.5,41.5,41.5,41.5,41.5,41.5,41.5,0.0,68.5,84.6,87.9,74.3,69.6,53.3,60.2,55.9,62.1,31.5,15.4,12.1,25.7,30.4,46.7,39.8,44.1,37.9,0.0,0.0,0.0,0.0,0.0,0.0,0.0,0.0,0.0,1197.8,12.00,16,16,16,39,55,661,1,69.8,69.5,66.8,63.4,66.6,66.9,64.8,63.2,60.9,61.7,60.6,62.8,58.4,58.8,58.1,51.8,47.9,1.356,1.038,1.363,11.603,9.515,11.610,61.599,34.547,3.896,5.714,5.920,4.295,3.618,2.540,2.979,2.689,3.417,15.740,9.811,25.551,34.587,1197.8,1197.8,4118.4,4122.4,4114.5,4125.2,39.3,19.3,68.4,73.1,50.3,No,No,No,1.386,0.023,5.5,46,95.0,100.0,No,No,91369,99120,31,99.0,No,No,3320,0.1,0.2,0.3,0.081,1.693,103656,123332,0.0,0.0,0.0,0.000,0.000,52,0,36.1,48.3,83.0,0.669,12.163,12.203,12.178,12.108,1129,18.944,7.310,9.859,1.391,17.245,11.769,5.477,0.336,9.859,9.129,1.947,6.091,220.000,240.000,285.0,101.2,555.0,210.0,600.0,23.0,27.0,0.0,0.0,26.3,2.2,8.9,0.0,0.0,0.0,33,Yes,No,No,No,No,Yes,No,8.6,11.0,2,0,0,0,0,0,0,0,0,55,0,0,0,0,0,0,0,0,0,0,0,0,0,0,0,0,0,0,0,0,6035,2157,1992,136,2.5,232.1,0.0,116.7,35.2,36.9,34.2,3.6,60.1,0.6,0.6,0.6,0.6,4.31,8.59,0.11,0.10,27.09,29.24,1.07,0.02,4.20,0.11,9.97,0,0,0.0,0.0,20299,1799,7.7,2.0,0,
9.7.2026,23:38:8.209,27236,18757,59.2,20641,12041,63.1,0.4,13312,52,1.384,1.406,1.387,1.381,1.381,1.381,1.381,1.381,1.369,4173.7,4217.4,4167.5,4167.5,4167.5,4167.5,4167.5,4167.5,4167.5,99.8,925.6,3041.3,1329.7,1733.7,1364.3,1080.0,1088.6,788.4,793.2,268.0,231.1,479.5,552.7,384.8,472.1,708.0,494.0,925.6,20.1,40.9,31.8,41.6,32.6,25.7,26.0,18.7,18.8,6.4,5.5,11.3,13.1,8.9,11.3,17.0,11.8,41.6,20.1,22.8,46.7,36.2,47.5,37.1,29.3,29.5,21.2,21.4,7.1,6.1,12.8,14.8,10.0,12.8,19.4,13.4,22.8,41.8,42.2,41.8,41.8,41.8,41.8,41.8,41.8,41.8,0.0,57.9,73.6,73.6,65.7,60.6,42.1,51.0,47.2,49.2,42.1,26.4,26.4,34.3,39.4,57.9,49.0,52.8,50.8,0.0,0.0,0.0,0.0,0.0,0.0,0.0,0.0,0.0,1197.8,12.00,16,16,16,39,55,661,1,68.4,66.1,72.5,61.6,64.3,64.1,63.3,61.6,59.5,60.3,59.6,60.2,57.9,58.3,57.6,50.2,47.4,1.375,1.031,1.406,9.255,9.316,9.250,51.644,31.126,3.264,4.748,4.930,3.790,3.139,2.043,2.586,2.342,2.534,12.636,9.597,22.233,31.200,1197.8,1197.8,4126.8,4136.1,4117.4,4163.0,35.5,15.4,57.4,69.6,48.2,No,No,No,0.847,0.020,4.6,46,95.0,100.0,No,No,91369,99120,31,99.0,No,No,3320,0.0,0.2,0.3,0.048,2.504,103656,123337,0.0,0.0,0.0,0.000,0.000,52,0,36.1,48.4,83.0,0.669,12.163,12.203,12.178,12.109,1131,18.713,7.156,9.618,1.208,17.025,11.673,5.343,0.336,9.618,8.967,2.020,5.756,220.000,240.000,210.0,101.2,555.0,274.1,600.0,26.0,26.0,0.0,0.0,26.3,1.6,6.2,0.0,0.0,0.0,33,Yes,No,No,No,No,Yes,No,8.4,11.0,2,0,0,0,0,0,0,0,0,55,0,0,0,0,0,0,0,0,0,0,0,0,0,0,0,0,0,0,0,0,6035,2157,1992,137,2.5,239.8,281.6,204.7,185.0,189.7,182.6,2.0,56.7,0.7,0.7,0.7,0.7,4.17,5.21,3.27,0.94,6.97,8.47,1.02,0.07,4.04,0.13,13.47,0,0,0.0,0.0,20299,1799,6.6,1.6,0,
9.7.2026,23:38:10.212,27242,18752,59.2,20633,12049,63.1,0.4,13312,52,1.370,1.375,1.369,1.369,1.369,1.369,1.369,1.369,1.369,4167.5,4167.5,4167.5,4167.5,4167.5,4167.5,4167.5,4167.5,4167.5,99.8,810.9,2980.6,1162.2,1673.4,1234.1,834.9,962.2,694.0,659.9,190.4,186.9,409.2,500.5,309.5,302.4,454.8,419.8,810.9,17.8,43.9,27.9,40.2,29.5,19.9,23.1,16.6,15.8,4.7,4.6,9.8,12.0,7.3,7.3,11.1,10.3,43.9,17.8,20.0,50.2,31.5,45.8,33.5,22.5,26.0,18.7,17.7,5.0,5.0,10.9,13.4,8.0,8.1,12.5,11.5,20.0,41.8,41.8,41.8,41.8,41.8,41.8,41.8,41.8,41.8,0.0,54.3,72.0,72.9,60.2,57.0,38.3,47.8,42.2,43.8,45.7,28.0,27.1,39.8,43.0,61.7,52.2,57.8,56.2,0.0,0.0,0.0,0.0,0.0,0.0,0.0,0.0,0.0,1197.8,12.00,16,16,16,39,55,661,1,66.9,65.1,65.0,60.8,63.9,63.2,62.1,60.8,58.9,59.6,58.7,59.4,57.5,57.8,57.2,51.2,47.7,1.375,1.025,1.381,8.620,9.242,8.625,48.323,30.249,3.086,4.858,4.667,3.396,2.954,1.927,2.449,2.129,2.311,11.813,9.518,21.331,30.292,1197.8,1197.8,4129.3,4143.7,4114.9,4179.2,34.4,14.4,53.7,68.6,47.7,No,No,No,0.694,0.018,4.3,46,95.0,100.0,No,No,91369,99120,31,99.0,No,No,3320,0.0,0.1,0.2,0.106,1.352,103656,123339,0.0,0.0,0.0,0.000,0.000,52,0,36.1,48.2,83.0,0.669,12.160,12.199,12.176,12.105,1131,18.729,7.222,9.562,1.318,17.143,11.827,5.312,0.336,9.562,9.241,1.840,6.080,220.000,240.000,210.0,101.2,555.0,210.0,600.0,28.0,27.0,0.0,0.0,26.3,1.7,6.7,0.0,0.0,0.0,33,Yes,No,No,No,No,Yes,No,8.5,10.9,2,0,0,0,0,0,0,0,0,55,0,0,0,0,0,0,0,0,0,0,0,0,0,0,0,0,0,0,0,0,6036,2156,1991,137,2.5,239.8,258.4,222.4,219.0,219.5,218.7,1.0,1.0,1.0,1.0,1.0,1.0,4.17,4.54,3.86,3.78,4.59,4.63,0.90,0.01,4.07,0.10,9.38,0,0,0.0,0.0,20299,1799,0.8,0.4,0,
9.7.2026,23:38:12.208,27235,18759,59.2,20643,12039,63.1,0.4,13312,52,1.348,1.350,1.344,1.344,1.350,1.350,1.350,1.350,1.350,4158.1,4142.5,4142.5,4142.5,4167.5,4167.5,4167.5,4167.5,4167.5,99.8,1034.4,3201.8,1335.7,1923.9,1487.4,1057.3,1148.0,818.6,916.7,426.1,433.7,664.5,731.0,542.6,494.1,816.5,551.8,1034.4,23.0,48.4,31.9,46.1,35.5,25.2,27.5,19.5,21.9,10.2,10.4,15.9,17.4,12.8,11.8,19.8,13.3,48.4,23.0,26.2,55.3,36.4,52.8,40.6,28.8,31.3,22.1,24.9,11.5,11.8,18.0,19.7,14.5,13.4,22.5,15.1,26.2,41.7,41.5,41.5,41.5,41.8,41.8,41.8,41.8,41.8,0.0,60.4,77.4,78.7,66.3,61.7,45.9,54.1,49.1,50.0,39.6,22.6,21.3,33.7,38.3,54.1,45.9,50.9,50.0,0.0,0.0,0.0,0.0,0.0,0.0,0.0,0.0,0.0,1197.8,12.00,16,16,16,39,55,661,1,66.8,66.7,64.2,61.9,64.5,64.9,62.9,61.8,59.7,60.7,59.7,60.6,57.8,58.1,57.5,48.8,47.0,1.362,1.031,1.363,10.183,9.385,10.176,54.049,32.452,3.492,5.142,5.463,3.720,3.255,2.283,2.850,2.487,2.735,13.901,9.674,23.575,32.552,1197.8,1197.8,4132.0,4141.6,4122.4,4159.4,37.0,17.0,60.1,70.2,49.6,No,No,No,0.939,0.013,4.8,47,95.0,100.0,No,No,91369,99120,31,99.0,No,No,3320,0.0,0.4,0.5,0.064,1.771,103657,123343,0.0,0.0,0.0,0.000,0.000,52,0,36.0,48.3,83.0,0.669,12.165,12.206,12.180,12.110,1129,18.550,7.156,9.643,1.330,16.967,11.601,5.357,0.336,9.643,9.004,1.795,5.883,220.000,240.000,210.0,101.2,555.0,210.0,600.0,29.0,27.0,0.0,0.0,26.3,1.6,6.6,0.0,0.0,0.0,33,Yes,No,No,No,No,Yes,No,8.5,11.0,2,0,0,0,0,0,0,0,0,55,0,0,0,0,0,0,0,0,0,0,0,0,0,0,0,0,0,0,0,0,6036,2156,1991,135,2.5,239.7,260.7,215.8,201.8,206.3,199.6,1.0,1.0,1.0,1.0,1.0,1.0,4.17,4.70,3.83,3.23,4.88,5.01,0.89,0.03,4.07,0.11,1.02,0,0,0.0,0.0,20299,1799,10.9,5.7,0,
9.7.2026,23:38:14.217,27283,18710,59.3,20691,11991,63.3,0.4,13312,52,1.345,1.350,1.344,1.344,1.344,1.350,1.350,1.337,1.337,4120.7,4142.5,4117.6,4117.6,4117.6,4117.6,4117.6,4117.6,4117.6,99.8,1291.8,3810.6,1542.8,2679.6,1314.9,1845.2,1313.0,1469.3,1256.7,512.0,486.7,1021.8,823.3,777.1,618.3,606.8,591.1,1291.8,29.1,63.4,36.9,64.7,31.3,44.1,31.3,35.1,29.9,12.0,11.5,24.4,19.4,18.3,14.6,14.5,14.0,64.7,29.1,33.2,72.5,42.1,73.9,35.7,50.4,35.7,40.1,34.2,13.6,13.0,27.7,22.0,20.8,16.6,16.4,15.9,33.2,41.3,41.5,41.2,41.2,41.2,41.2,41.2,41.2,41.2,0.0,74.6,92.4,92.1,83.8,79.7,58.0,69.5,63.0,58.5,25.4,7.6,7.9,16.2,20.3,42.0,30.5,37.0,41.5,0.0,0.0,0.0,0.0,0.0,0.0,0.0,0.0,0.0,1197.8,12.00,16,16,16,39,55,661,1,76.5,69.9,70.2,64.0,67.9,67.7,66.2,64.6,61.1,62.3,61.1,61.3,58.8,59.2,58.4,50.2,47.3,1.344,1.031,1.369,12.881,9.540,12.878,67.179,36.237,4.253,6.340,6.486,5.017,4.308,2.606,3.507,2.996,2.764,17.457,9.841,27.298,36.336,1197.8,1197.8,4121.3,4125.3,4117.3,4125.3,41.3,21.5,74.6,73.5,51.2,No,No,No,1.215,0.018,6.0,47,95.0,100.0,No,No,91369,99120,31,99.0,No,No,3320,0.0,0.2,0.3,0.073,0.881,103657,123344,0.0,0.0,0.0,0.000,0.000,52,0,36.0,48.3,83.0,0.669,12.166,12.207,12.180,12.110,1129,18.668,7.228,9.724,1.257,17.150,11.735,5.402,0.336,9.724,9.028,1.818,6.102,220.000,240.000,210.0,101.2,555.0,210.0,600.0,29.0,27.0,0.0,0.0,26.3,1.6,6.4,0.0,0.0,0.0,33,Yes,No,No,No,No,Yes,No,8.4,11.1,2,0,0,0,0,0,0,0,0,55,0,0,0,0,0,0,0,0,0,0,0,0,0,0,0,0,0,0,0,0,6036,2156,1991,134,2.5,239.8,262.9,216.7,215.0,215.3,214.9,1.0,1.0,1.0,1.0,1.0,1.0,4.17,4.62,3.76,3.73,4.65,4.67,0.94,0.01,4.06,0.11,9.65,0,0,0.0,0.0,20299,1799,12.7,0.7,0,
9.7.2026,23:38:16.209,27294,18700,59.3,20700,11981,63.3,0.4,13312,52,1.365,1.344,1.363,1.363,1.363,1.363,1.363,1.381,1.381,3597.3,4117.6,3354.0,3354.0,3354.0,3593.5,3593.5,4117.6,3294.1,99.8,989.4,3489.9,1509.5,2534.4,1337.2,1039.4,1196.9,715.2,969.9,229.5,251.4,467.2,598.0,338.9,357.6,458.2,337.4,989.4,21.9,55.4,36.5,61.3,32.3,24.6,29.1,17.3,23.5,5.1,5.6,11.3,13.7,8.1,8.0,10.6,7.8,61.3,21.9,24.9,63.1,41.4,70.1,36.7,28.2,32.5,19.3,26.3,6.2,6.7,12.4,15.9,8.7,9.5,12.6,9.3,24.9,36.0,41.2,33.6,33.6,33.6,36.0,36.0,41.2,33.0,0.0,59.1,84.5,89.3,62.8,58.9,40.9,49.4,44.0,43.3,40.9,15.5,10.7,37.2,41.1,59.1,50.6,56.0,56.7,0.0,0.0,0.0,0.0,0.0,0.0,0.0,0.0,0.0,1197.8,12.00,16,16,16,39,55,661,1,74.6,72.6,74.5,63.3,69.2,69.9,64.6,63.0,60.0,60.6,59.5,59.5,58.3,58.7,57.9,50.8,47.2,1.375,1.038,1.375,11.210,9.304,11.213,53.229,33.831,3.834,6.901,7.610,3.887,3.230,2.055,2.637,2.243,2.107,15.299,9.590,24.889,33.883,1197.8,1197.8,4120.0,4143.9,4096.1,4143.9,38.5,18.7,59.1,76.4,49.7,No,No,No,1.044,0.019,4.7,47,95.0,100.0,No,No,91369,99120,31,99.0,No,No,3320,0.0,0.2,0.2,0.008,2.204,103657,123349,0.0,0.0,0.0,0.000,0.000,52,0,36.0,48.0,83.0,0.669,12.166,12.192,12.170,12.100,1129,18.615,7.228,9.582,1.073,16.917,11.580,5.323,0.336,9.582,8.754,1.307,5.767,220.000,240.000,210.0,101.2,555.0,210.0,600.0,30.0,27.0,0.0,1.0,26.3,1.6,7.6,0.0,0.0,0.0,33,Yes,No,No,No,No,Yes,No,8.4,11.1,2,0,0,0,0,0,0,0,0,55,0,0,0,0,0,0,0,0,0,0,0,0,0,0,0,0,0,0,0,0,6036,2156,1991,134,2.5,239.7,261.4,219.2,216.9,217.7,216.5,1.0,1.0,1.0,1.0,1.0,1.0,4.17,4.61,3.79,3.78,4.62,4.63,0.86,0.01,4.08,0.10,11.78,0,0,0.0,0.0,20299,1799,12.3,0.9,0,
9.7.2026,23:38:18.217,27382,18611,59.5,20766,11916,63.5,0.4,13312,52,1.330,1.325,1.331,1.331,1.331,1.331,1.331,1.331,1.331,4092.6,4092.6,4092.6,4092.6,4092.6,4092.6,4092.6,4092.6,4092.6,99.8,1833.3,3574.2,2039.4,3166.7,1944.4,2062.7,1878.9,1699.9,1860.8,1209.8,1186.8,1453.4,1457.1,1381.7,1327.1,1539.9,1550.7,1833.3,43.5,64.0,49.5,77.2,47.0,50.8,45.6,41.4,45.5,30.1,29.5,35.4,36.0,33.5,32.8,38.4,38.7,77.2,43.5,48.9,72.6,56.1,87.8,53.3,56.9,51.6,46.8,51.4,33.4,32.7,39.9,40.0,37.8,36.6,42.8,43.1,48.9,41.0,41.0,41.0,41.0,41.0,41.0,41.0,41.0,41.0,0.0,74.8,87.4,94.7,78.5,75.5,62.8,69.1,66.6,63.6,25.2,12.6,5.3,21.5,24.5,37.2,30.9,33.4,36.4,0.0,0.0,0.0,0.0,0.0,0.0,0.0,0.0,0.0,1197.8,12.00,16,16,16,39,55,661,1,74.1,73.5,72.2,66.8,69.0,71.1,68.0,67.3,64.0,65.4,64.0,65.8,59.5,59.8,59.3,52.5,48.4,1.362,1.019,1.363,16.092,9.702,16.076,67.281,40.614,5.001,6.275,7.336,5.398,4.969,3.603,4.218,3.909,4.303,21.693,10.024,31.717,40.784,1197.8,1197.8,4092.0,4108.0,4076.1,4108.0,46.3,26.8,74.8,77.4,54.0,No,No,No,1.789,0.045,6.0,48,95.0,100.0,No,No,91369,99120,31,99.0,No,No,3320,0.1,0.2,0.3,0.162,1.669,103657,123352,0.0,0.0,0.0,0.000,0.000,52,0,36.0,48.2,83.0,0.669,12.154,12.202,12.179,12.109,1129,18.777,7.022,9.799,1.403,17.294,11.842,5.444,0.336,9.799,9.239,1.315,5.792,220.000,240.000,210.0,101.2,555.0,210.0,600.0,30.0,27.0,0.0,0.0,26.3,1.9,6.6,0.0,0.0,0.0,33,Yes,No,No,No,No,Yes,No,8.3,11.0,2,0,0,0,0,0,0,0,0,55,0,0,0,0,0,0,0,0,0,0,0,0,0,0,0,0,0,0,0,0,6038,2154,1990,134,2.5,239.9,291.4,207.5,190.0,193.6,188.4,1.0,1.0,1.0,1.0,1.0,1.0,4.17,4.89,3.38,2.96,5.21,5.36,1.08,0.02,4.03,0.14,1.64,0,0,0.0,0.0,20299,1799,0.7,0.0,0,
9.7.2026,23:38:20.204,27283,18711,59.3,20694,11987,63.3,0.4,13312,52,1.363,1.363,1.363,1.363,1.363,1.363,1.363,1.363,1.363,3677.1,4142.5,3354.0,4192.4,3354.0,3593.5,3593.5,3593.5,3593.5,99.8,1100.3,3442.1,1467.5,2597.2,1463.8,1550.8,943.7,1217.1,809.5,287.9,260.2,749.2,533.8,557.9,432.9,729.9,560.6,1100.3,24.1,52.6,34.8,62.6,35.2,36.9,22.2,28.8,18.8,6.4,5.8,17.5,12.0,12.8,9.8,17.2,13.1,62.6,24.1,27.9,60.3,40.1,71.9,40.5,42.3,25.7,33.2,21.7,7.7,6.9,20.3,14.1,14.9,11.6,20.0,15.3,27.9,36.8,41.5,33.6,42.0,33.6,36.0,36.0,36.0,36.0,0.0,65.1,83.4,92.8,70.3,67.0,45.9,57.4,51.8,52.3,34.9,16.6,7.2,29.7,33.0,54.1,42.6,48.2,47.7,0.0,0.0,0.0,0.0,0.0,0.0,0.0,0.0,0.0,1197.8,12.00,16,16,16,39,55,661,1,72.0,68.5,73.8,62.8,65.6,66.6,64.1,63.0,60.3,61.5,60.3,61.0,58.8,59.1,58.4,50.2,47.9,1.369,1.031,1.369,10.406,9.578,10.423,58.607,33.072,3.533,5.114,5.798,3.864,3.442,2.117,2.874,2.480,2.577,14.168,9.868,24.036,33.083,1197.8,1197.8,4127.9,4136.7,4119.2,4136.7,37.6,17.4,65.1,72.1,49.9,No,No,No,1.265,0.018,5.2,47,95.0,100.0,No,No,91369,99120,31,99.0,No,No,3320,0.0,0.2,0.2,0.065,1.938,103657,123356,0.0,0.0,0.0,0.000,0.000,52,0,35.9,48.2,83.0,0.669,12.163,12.198,12.176,12.106,1129,18.789,7.226,9.547,1.293,17.059,11.742,5.304,0.336,9.547,9.155,1.309,5.783,220.000,240.000,210.0,101.2,555.0,210.0,600.0,27.0,26.0,0.0,1.0,26.3,1.6,6.7,0.0,0.0,0.0,33,Yes,No,No,No,No,Yes,No,8.7,11.1,2,0,0,0,0,0,0,0,0,55,0,0,0,0,0,0,0,0,0,0,0,0,0,0,0,0,0,0,0,0,6040,2152,1987,133,2.5,239.8,263.4,215.7,211.1,212.6,210.4,1.0,1.0,1.0,1.0,1.0,1.0,4.17,4.67,3.80,3.58,4.73,4.78,0.92,0.01,4.06,0.11,7.03,0,0,0.0,0.0,20299,1799,2.9,1.2,0,
9.7.2026,23:38:22.206,27441,18552,59.6,20780,11902,63.5,0.4,13312,52,1.339,1.350,1.337,1.337,1.337,1.337,1.337,1.337,1.337,4114.5,4092.6,4117.6,4117.6,4117.6,4117.6,4117.6,4117.6,4117.6,99.8,1317.3,3737.1,2192.9,2850.0,1343.6,1753.1,1187.3,1484.2,995.5,466.4,350.4,1024.2,645.8,779.7,596.4,829.5,839.8,1317.3,29.6,52.1,53.2,69.3,32.6,42.4,28.7,35.9,24.1,11.5,8.7,24.8,15.5,18.8,14.6,20.4,20.7,69.3,29.6,33.3,59.2,60.4,79.0,36.8,47.9,32.3,40.5,27.0,12.5,9.3,27.7,17.1,20.8,16.0,22.6,23.0,33.2,41.2,41.0,41.2,41.2,41.2,41.2,41.2,41.2,41.2,0.0,72.0,90.7,95.2,78.1,73.7,53.1,64.6,60.1,60.6,28.0,9.3,4.8,21.9,26.3,46.9,35.4,39.9,39.4,0.0,0.0,0.0,0.0,0.0,0.0,0.0,0.0,0.0,1197.8,12.00,16,16,16,39,55,661,1,70.9,69.8,69.5,63.6,66.7,65.9,65.1,63.7,61.1,62.2,61.4,62.7,58.8,59.1,58.5,51.8,47.9,1.350,1.031,1.350,11.712,9.704,11.705,64.807,34.842,3.890,5.647,5.298,4.387,3.852,2.468,3.279,2.978,3.209,15.913,10.003,25.917,34.939,1197.8,1197.8,4121.2,4123.8,4118.7,4123.8,39.7,19.5,72.0,73.5,51.0,No,No,No,1.338,0.018,5.8,47,95.0,100.0,No,No,91369,99120,31,99.0,No,No,3320,0.0,0.3,0.3,0.049,1.668,103657,123359,0.0,0.0,0.0,0.000,0.000,52,0,36.0,48.0,83.0,0.669,12.160,12.203,12.180,12.109,1129,18.757,7.108,9.805,1.416,17.246,11.794,5.447,0.336,9.805,9.196,1.303,5.813,220.000,240.000,210.0,101.2,555.0,210.0,600.0,27.0,27.0,0.0,0.0,26.2,1.7,6.1,0.0,0.0,0.0,33,Yes,No,No,No,No,Yes,No,8.5,11.1,2,0,0,0,0,0,0,0,0,55,0,0,0,0,0,0,0,0,0,0,0,0,0,0,0,0,0,0,0,0,6041,2151,1986,133,2.5,239.8,259.6,221.3,218.1,219.2,217.6,1.0,1.0,1.0,1.0,1.0,1.0,4.17,4.61,3.83,3.73,4.63,4.63,0.92,0.03,4.06,0.11,5.30,0,0,0.0,0.0,20299,1799,0.1,0.1,0,
9.7.2026,23:38:24.206,27612,18382,60.0,20973,11708,64.1,0.4,13312,52,1.348,1.331,1.350,1.350,1.350,1.350,1.350,1.350,1.350,4139.4,4117.6,4142.5,4142.5,4142.5,4142.5,4142.5,4142.5,4142.5,99.8,1420.7,3855.4,2705.6,2325.3,2275.2,1435.7,1770.3,1536.7,1148.7,532.6,504.9,1023.5,899.7,732.3,678.5,734.7,571.8,1420.7,31.0,44.3,65.5,56.3,55.0,34.4,42.6,37.0,27.4,11.9,11.9,24.4,21.2,17.1,15.3,17.7,13.6,65.5,31.0,35.4,50.6,74.7,64.3,62.8,39.1,48.4,42.0,31.2,14.3,13.5,27.7,24.1,19.4,18.1,20.1,15.5,35.4,41.5,41.2,41.5,41.5,41.5,41.5,41.5,41.5,41.5,0.0,70.9,93.6,96.0,77.5,72.7,53.6,63.0,57.7,53.6,29.1,6.4,4.0,22.5,27.3,46.4,37.0,42.3,46.4,0.0,0.0,0.0,0.0,0.0,0.0,0.0,0.0,0.0,1197.8,12.00,16,16,16,39,55,661,1,71.1,71.6,71.8,64.5,69.0,68.5,66.9,64.7,61.4,62.8,61.4,61.5,58.9,59.2,58.6,49.5,47.7,1.369,1.031,1.369,12.591,9.671,12.595,63.854,36.107,4.160,6.492,6.356,4.893,4.024,2.540,3.410,2.873,2.695,17.084,9.974,27.057,36.138,1197.8,1197.8,4116.8,4123.2,4110.5,4123.2,41.1,21.0,70.9,75.4,51.2,No,No,No,1.926,0.019,5.7,47,95.0,100.0,No,No,91369,99120,31,99.0,No,No,3320,0.0,0.2,0.2,0.034,2.150,103657,123363,0.0,0.0,0.0,0.000,0.000,52,0,35.9,48.0,83.0,0.669,12.164,12.201,12.178,12.108,1132,18.775,7.216,9.682,1.391,17.050,11.673,5.379,0.336,9.682,9.104,1.310,5.732,220.000,240.000,210.0,101.2,555.0,210.0,600.0,27.0,27.0,0.0,0.0,26.2,1.5,6.1,0.0,0.0,0.0,33,Yes,No,No,No,No,Yes,No,8.6,11.0,2,0,0,0,0,0,0,0,0,55,0,0,0,0,0,0,0,0,0,0,0,0,0,0,0,0,0,0,0,0,6046,2146,1981,135,2.5,239.8,317.1,193.4,183.2,186.2,181.8,0.0,0.0,0.0,0.0,0.0,0.0,4.17,5.29,3.00,2.58,5.49,5.57,0.86,0.01,4.06,0.11,0.00,0,0,0.0,0.0,20299,1799,3.4,2.2,0,
9.7.2026,23:38:26.211,27568,18426,59.9,20950,11732,64.1,0.4,13312,52,1.366,1.363,1.375,1.375,1.363,1.363,1.363,1.363,1.363,4167.5,4167.5,4167.5,4167.5,4167.5,4167.5,4167.5,4167.5,4167.5,99.8,1142.2,3524.1,1695.5,2815.2,1383.6,1753.3,1149.9,1223.1,976.1,410.4,316.9,727.8,583.8,484.2,435.6,377.6,418.2,1142.2,25.3,52.7,40.6,68.0,33.1,42.3,27.4,29.3,23.1,10.3,7.3,17.2,13.5,11.1,10.8,8.8,9.9,68.0,25.3,28.9,60.2,46.5,78.0,38.0,48.2,31.4,33.4,26.4,11.1,8.5,19.6,15.5,12.7,11.6,10.2,11.4,28.9,41.8,41.8,41.8,41.8,41.8,41.8,41.8,41.8,41.8,0.0,63.5,85.4,93.3,73.8,65.2,44.7,54.0,48.0,43.6,36.5,14.6,6.7,26.2,34.8,55.3,46.0,52.0,56.4,0.0,0.0,0.0,0.0,0.0,0.0,0.0,0.0,0.0,1197.8,12.00,16,16,16,39,55,661,1,80.6,67.1,64.0,62.3,65.6,64.8,64.6,62.4,60.4,60.8,59.9,59.8,58.4,58.8,58.1,50.5,47.4,1.381,1.031,1.375,9.665,9.688,9.676,57.145,32.158,3.339,4.986,4.677,4.051,3.392,2.229,2.798,2.387,2.190,13.167,9.977,23.145,32.217,1197.8,1197.8,4131.9,4144.1,4119.7,4144.1,36.6,16.1,63.5,70.6,49.1,No,No,No,1.999,0.017,5.1,47,95.0,100.0,No,No,91369,99120,31,99.0,No,No,3320,0.0,0.1,0.1,0.016,0.310,103657,123363,0.0,0.0,0.0,0.000,0.000,52,0,35.9,48.1,83.0,0.669,12.163,12.201,12.178,12.108,1129,18.684,7.134,9.711,1.342,17.074,11.672,5.395,0.336,9.711,9.056,1.307,5.759,220.000,240.000,210.0,101.2,555.0,210.0,600.0,26.0,26.0,0.0,0.0,26.1,1.6,6.5,0.0,0.0,0.0,33,Yes,No,No,No,No,Yes,No,8.5,10.9,2,0,0,0,0,0,0,0,0,55,0,0,0,0,0,0,0,0,0,0,0,0,0,0,0,0,0,0,0,0,6050,2142,1977,135,2.5,239.9,284.3,212.1,186.7,195.6,182.9,0.0,0.0,0.0,0.0,0.0,0.0,4.17,4.76,3.49,3.10,5.18,5.59,0.90,0.01,4.05,0.11,0.00,0,0,0.0,0.0,20299,1799,0.1,0.1,0,
9.7.2026,23:38:28.211,27558,18436,59.9,20939,11742,64.0,0.4,13312,52,1.350,1.356,1.356,1.350,1.363,1.344,1.344,1.344,1.344,4145.6,4167.5,4142.5,4142.5,4142.5,4142.5,4142.5,4142.5,4142.5,99.8,888.7,3045.1,1487.5,2960.9,971.7,1350.0,690.3,905.4,641.1,175.1,180.5,453.5,381.8,250.5,214.1,176.8,334.9,888.7,19.4,44.4,35.7,71.1,22.9,32.9,16.2,21.8,14.9,4.0,4.2,10.5,8.8,5.5,4.9,4.1,8.0,71.1,19.4,22.1,50.4,40.6,82.1,26.4,36.9,18.6,24.5,16.9,4.6,4.8,12.0,10.0,6.4,5.6,4.7,9.2,22.1,41.5,41.8,41.5,41.5,41.5,41.5,41.5,41.5,41.5,0.0,54.6,73.8,89.2,61.0,56.6,35.3,46.8,39.4,35.0,45.4,26.2,10.8,39.0,43.4,64.7,53.2,60.6,65.0,0.0,0.0,0.0,0.0,0.0,0.0,0.0,0.0,0.0,1197.8,12.00,16,16,16,39,55,661,1,77.5,63.5,63.2,60.2,62.6,62.3,61.8,60.4,58.7,59.3,58.4,58.4,57.6,58.0,57.3,51.2,47.5,1.362,1.031,1.363,7.867,9.578,7.862,49.182,29.562,2.807,4.084,4.020,3.294,2.890,1.859,2.413,1.999,1.895,10.810,9.858,20.668,29.637,1197.8,1197.8,4145.2,4173.9,4116.4,4173.9,33.7,13.1,54.6,66.8,48.0,No,No,No,1.020,0.016,4.4,47,95.0,100.0,No,No,91369,99120,31,99.0,No,No,3320,0.1,0.3,0.3,0.040,2.900,103657,123369,0.0,0.0,0.0,0.000,0.000,52,0,35.9,48.1,83.0,0.669,12.162,12.201,12.178,12.108,1129,18.684,7.136,9.711,1.342,17.074,11.672,5.395,0.336,9.711,9.056,1.307,5.759,220.000,240.000,210.0,101.2,555.0,210.0,600.0,27.0,26.0,0.0,0.0,26.1,1.5,6.1,0.0,0.0,0.0,33,Yes,No,No,No,No,Yes,No,8.5,11.0,2,0,0,0,0,0,0,0,0,55,0,0,0,0,0,0,0,0,0,0,0,0,0,0,0,0,0,0,0,0,6052,2140,1976,135,2.5,239.8,255.5,225.8,219.0,221.5,217.8,0.0,0.0,0.0,0.0,0.0,0.0,4.17,4.46,3.89,3.81,4.58,4.66,0.88,0.01,4.05,0.12,0.00,0,0,0.0,0.0,20299,1799,0.2,0.1,0,
9.7.2026,23:38:30.216,27549,18445,59.8,20932,11749,64.0,0.4,13312,52,1.374,1.363,1.363,1.363,1.381,1.381,1.381,1.381,1.381,4170.6,4167.5,4192.4,4167.5,4167.5,4167.5,4167.5,4167.5,4167.5,99.8,872.3,3088.4,1832.1,2823.3,922.5,1290.7,658.4,837.0,696.0,151.3,144.7,426.2,368.3,250.3,222.4,126.7,118.6,872.3,18.6,37.5,44.1,67.8,22.0,31.8,15.5,20.2,16.8,3.5,3.4,10.1,8.6,5.6,5.1,3.0,2.8,67.8,18.6,21.1,42.6,50.2,78.2,25.2,35.5,17.7,22.6,18.8,4.0,3.8,11.4,9.6,6.4,5.8,3.4,3.2,21.1,41.8,41.8,42.0,41.8,41.8,41.8,41.8,41.8,41.8,0.0,53.2,74.7,86.9,59.0,55.4,34.3,45.5,38.9,31.1,46.8,25.3,13.1,41.0,44.6,65.7,54.5,61.1,68.9,0.0,0.0,0.0,0.0,0.0,0.0,0.0,0.0,0.0,1197.8,12.00,16,16,16,39,55,661,1,74.4,63.1,65.2,59.9,62.2,61.9,61.4,60.3,58.4,59.0,58.3,57.9,57.4,57.7,57.0,51.0,47.4,1.375,1.025,1.381,7.699,9.567,7.695,47.904,29.351,2.749,3.983,3.937,3.216,2.875,1.832,2.377,2.024,1.747,10.600,9.847,20.447,29.410,1197.8,1197.8,4142.3,4180.4,4104.2,4180.4,33.4,12.8,53.2,66.4,48.0,No,No,No,0.974,0.015,4.3,47,95.0,100.0,No,No,91369,99120,31,99.0,No,No,3320,0.0,0.1,0.1,0.000,1.095,103657,123371,0.0,0.0,0.0,0.000,0.000,52,0,35.9,48.0,83.0,0.669,12.164,12.203,12.180,12.110,1128,18.806,7.212,9.853,1.403,17.223,11.747,5.474,0.336,9.853,9.118,1.309,5.805,220.000,240.000,210.0,101.2,555.0,210.0,600.0,26.0,26.0,0.0,0.0,26.1,1.6,6.5,0.0,0.0,0.0,33,Yes,No,No,No,No,Yes,No,8.6,11.0,2,0,0,0,0,0,0,0,0,55,0,0,0,0,0,0,0,0,0,0,0,0,0,0,0,0,0,0,0,0,6054,2138,1974,135,2.5,239.8,259.3,223.3,219.7,220.7,219.3,0.0,0.0,0.0,0.0,0.0,0.0,4.17,4.51,3.83,3.79,4.60,4.62,0.81,0.04,4.05,0.12,0.00,0,0,0.0,0.0,20299,1799,0.3,0.3,0,
9.7.2026,23:38:32.211,27550,18443,59.8,20928,11754,64.0,0.4,13312,52,1.312,1.319,1.337,1.306,1.294,1.294,1.294,1.325,1.325,4045.8,4067.7,4067.7,4017.8,4042.7,4042.7,4042.7,4042.7,4042.7,99.8,1176.4,3351.9,2344.1,2555.2,1366.4,1524.8,1026.8,1071.9,929.2,448.9,456.1,786.7,764.2,550.8,559.2,477.3,609.1,1176.4,25.6,40.1,56.4,61.4,32.7,36.7,24.5,25.8,21.9,10.7,11.1,18.8,18.2,12.9,13.4,11.1,14.2,61.4,25.6,29.1,45.7,64.6,70.6,37.4,41.4,27.9,29.1,24.8,12.0,12.5,21.3,20.5,14.5,15.1,12.4,16.0,29.1,40.5,40.8,40.8,40.2,40.5,40.5,40.5,40.5,40.5,0.0,58.4,80.9,84.8,63.0,58.7,41.7,51.8,45.7,41.0,41.6,19.1,15.2,37.0,41.3,58.3,48.2,54.3,59.0,0.0,0.0,0.0,0.0,0.0,0.0,0.0,0.0,0.0,1197.8,12.00,16,16,16,39,55,661,1,71.9,64.1,69.8,60.9,62.9,62.5,62.3,61.0,59.3,60.2,59.3,59.5,57.5,57.8,57.2,51.2,47.5,1.344,1.031,1.356,9.452,9.637,9.414,52.595,31.511,3.257,4.316,4.211,3.679,3.344,2.349,2.985,2.604,2.566,12.940,9.925,22.866,31.817,1197.8,1197.8,4140.2,4167.0,4113.4,4167.0,36.2,15.7,58.4,67.5,49.8,No,No,No,1.229,0.026,4.7,47,95.0,100.0,No,No,91369,99120,31,99.0,No,No,3320,0.1,0.3,0.4,0.113,2.054,103658,123375,0.0,0.0,0.0,0.000,0.000,52,0,35.8,48.1,83.0,0.669,12.161,12.200,12.177,12.106,1129,18.774,7.164,9.576,1.305,17.023,11.695,5.320,0.336,9.576,9.093,1.800,5.913,220.000,240.000,210.0,101.2,555.0,210.0,600.0,25.0,26.0,0.0,0.0,26.1,1.6,6.3,0.0,0.0,0.0,33,Yes,No,No,No,No,Yes,No,8.5,11.1,2,0,0,0,0,0,0,0,0,55,0,0,0,0,0,0,0,0,0,0,0,0,0,0,0,0,0,0,0,0,6057,2135,1970,135,2.5,239.7,270.5,212.5,195.5,201.6,194.0,1.4,1.4,1.4,1.4,1.4,1.4,4.17,4.73,3.66,3.11,4.96,5.21,0.95,0.01,4.05,0.12,0.03,0,0,0.0,0.0,20299,1799,0.4,0.0,0,
9.7.2026,23:38:34.208,27520,18473,59.8,20900,11782,63.9,0.4,13312,52,1.370,1.375,1.369,1.369,1.369,1.369,1.369,1.369,1.369,4167.5,4167.5,4167.5,4167.5,4167.5,4167.5,4167.5,4167.5,4167.5,99.8,1065.9,3356.7,1955.7,2828.5,1105.0,1358.6,862.8,1026.4,794.9,310.9,260.6,636.0,507.4,412.6,391.2,649.2,598.5,1065.9,23.5,43.3,47.2,68.4,26.5,33.7,20.7,24.9,19.3,7.6,6.2,15.3,12.2,9.8,9.3,16.3,15.2,68.4,23.5,26.5,49.1,53.7,78.3,30.1,37.7,23.5,27.9,21.7,8.5,6.8,17.1,13.6,11.0,10.4,18.3,17.0,26.5,41.8,41.8,41.8,41.8,41.8,41.8,41.8,41.8,41.8,0.0,61.4,81.5,88.4,65.6,62.5,43.9,52.2,47.1,50.4,38.6,18.5,11.6,34.4,37.5,56.1,47.8,52.9,49.6,0.0,0.0,0.0,0.0,0.0,0.0,0.0,0.0,0.0,1197.8,12.00,16,16,16,39,55,661,1,69.8,65.7,65.5,61.5,63.4,63.5,62.5,61.5,59.7,60.6,59.5,61.4,58.2,58.4,57.9,50.8,47.4,1.375,1.038,1.375,9.151,9.646,9.194,55.303,31.678,3.135,4.245,4.306,3.425,3.091,2.113,2.688,2.318,2.897,12.499,9.932,22.431,31.506,1197.8,1197.8,4121.9,4148.5,4095.3,4148.8,35.8,15.3,61.4,69.2,49.3,No,No,No,1.344,0.036,4.9,47,95.0,100.0,No,No,91369,99120,31,99.0,No,No,3320,0.1,0.1,0.2,0.141,0.494,103658,123376,0.0,0.0,0.0,0.000,0.000,52,0,35.8,48.1,83.0,0.669,12.159,12.197,12.175,12.104,1132,18.751,7.166,9.677,1.378,17.130,11.753,5.376,0.336,9.677,9.178,1.308,5.851,220.000,240.000,210.0,101.2,555.0,210.0,600.0,26.0,26.0,0.0,0.0,26.0,2.0,7.8,0.0,0.0,0.0,33,Yes,No,No,No,No,Yes,No,8.6,11.1,2,0,0,0,0,0,0,0,0,55,0,0,0,0,0,0,0,0,0,0,0,0,0,0,0,0,0,0,0,0,6063,2129,1964,135,2.5,239.7,259.6,219.1,216.5,217.1,216.2,1.5,1.5,1.5,1.5,1.5,1.5,4.17,4.59,3.84,3.64,4.64,4.65,0.86,0.01,4.05,0.12,6.33,0,0,0.0,0.0,20299,1799,0.4,0.4,0,
9.7.2026,23:38:36.214,27532,18461,59.8,20917,11765,64.0,0.4,13312,52,1.383,1.394,1.381,1.381,1.381,1.381,1.381,1.381,1.381,4170.6,4192.4,4167.5,4167.5,4167.5,4167.5,4167.5,4167.5,4167.5,99.8,970.6,3146.6,1613.5,2655.3,1287.6,948.1,1207.4,808.0,890.6,215.9,233.6,529.6,544.7,329.7,366.6,376.1,375.9,970.6,21.2,43.4,38.6,63.8,30.7,22.7,29.1,19.3,21.2,5.1,5.5,12.5,12.8,7.5,8.6,8.9,8.9,63.8,21.2,24.2,49.6,44.2,73.5,35.3,25.8,33.0,21.9,24.1,5.7,6.2,14.2,14.5,8.6,9.7,10.2,10.2,24.2,41.8,42.0,41.8,41.8,41.8,41.8,41.8,41.8,41.8,0.0,57.0,76.1,88.0,61.8,56.8,40.0,48.5,43.1,41.7,43.0,23.9,12.0,38.2,43.2,60.0,51.5,56.9,58.3,0.0,0.0,0.0,0.0,0.0,0.0,0.0,0.0,0.0,1197.8,12.00,16,16,16,39,55,661,1,67.4,63.7,64.5,60.4,62.4,62.4,61.8,60.7,58.8,59.6,58.7,59.0,57.6,57.9,57.2,49.5,47.0,1.375,1.025,1.369,8.273,9.603,8.271,51.293,30.166,2.922,3.986,4.058,3.410,2.997,1.993,2.588,2.212,2.131,11.357,9.887,21.244,30.220,1197.8,1197.8,4139.7,4169.5,4109.8,4169.5,34.3,13.8,57.0,67.0,48.4,No,No,No,1.038,0.019,4.6,47,95.0,100.0,No,No,91369,99120,31,99.0,No,No,3320,0.0,0.3,0.3,0.002,2.854,103658,123381,0.0,0.0,0.0,0.000,0.000,52,0,35.8,47.9,83.0,0.669,12.156,12.194,12.172,12.101,1131,18.709,7.188,9.693,1.354,17.187,11.798,5.385,0.336,9.693,9.190,1.307,5.940,220.000,240.000,210.0,101.2,555.0,210.0,600.0,25.0,25.0,0.0,0.0,26.0,1.6,6.3,0.0,0.0,0.0,33,Yes,No,No,No,No,Yes,No,8.5,10.7,2,0,0,0,0,0,0,0,0,55,0,0,0,0,0,0,0,0,0,0,0,0,0,0,0,0,0,0,0,0,6063,2129,1964,135,2.5,239.8,257.0,222.7,213.7,217.2,212.6,1.5,1.5,1.5,1.5,1.5,1.5,4.17,4.52,3.87,3.76,4.65,4.76,0.94,0.01,4.06,0.11,12.79,0,0,0.0,0.0,20299,1799,0.7,0.3,0,
9.7.2026,23:38:38.215,27504,18489,59.8,20891,11790,63.9,0.4,13312,52,1.362,1.369,1.369,1.369,1.369,1.356,1.356,1.356,1.356,4167.5,4167.5,4167.5,4167.5,4167.5,4167.5,4167.5,4167.5,4167.5,99.8,890.7,3037.8,1426.8,2538.4,1209.0,606.1,1282.2,615.2,904.3,155.8,207.6,397.9,511.7,302.7,387.6,236.2,432.6,890.7,19.7,43.5,34.3,61.2,29.0,14.6,31.3,14.9,21.9,3.9,5.2,9.6,12.4,7.2,9.4,5.8,10.7,61.2,19.7,22.2,49.5,38.9,70.3,33.1,16.3,35.0,16.5,24.4,4.1,5.5,10.6,13.6,7.9,10.4,6.3,11.9,22.2,41.8,41.8,41.8,41.8,41.8,41.8,41.8,41.8,41.8,0.0,54.5,73.5,87.3,58.0,55.2,36.1,45.8,41.7,38.4,45.5,26.5,12.7,42.0,44.8,63.9,54.2,58.3,61.6,0.0,0.0,0.0,0.0,0.0,0.0,0.0,0.0,0.0,1197.8,12.00,16,16,16,39,55,661,1,65.2,64.4,64.8,60.4,62.1,62.2,61.5,60.6,58.6,59.6,59.2,59.7,57.4,57.7,57.1,50.5,47.3,1.388,1.025,1.381,8.174,9.548,8.181,49.047,29.948,2.895,3.882,3.953,3.197,2.946,1.895,2.509,2.372,2.401,11.228,9.829,21.058,30.032,1197.8,1197.8,4136.1,4167.7,4104.5,4167.7,34.1,13.6,54.5,67.8,48.3,No,No,No,0.943,0.017,4.4,47,95.0,100.0,No,No,91369,99120,31,99.0,No,No,3320,0.0,0.1,0.1,0.000,1.047,103658,123383,0.0,0.0,0.0,0.000,0.000,52,0,35.8,47.9,83.0,0.669,12.156,12.195,12.173,12.102,1131,18.768,7.271,9.924,1.354,17.382,11.860,5.513,0.336,9.924,9.161,1.369,5.886,220.000,240.000,210.0,101.2,555.0,210.0,600.0,27.0,27.0,0.0,0.0,26.0,1.6,6.5,0.0,0.0,0.0,33,Yes,No,No,No,No,Yes,No,8.6,10.9,2,0,0,0,0,0,0,0,0,55,0,0,0,0,0,0,0,0,0,0,0,0,0,0,0,0,0,0,0,0,6063,2129,1964,135,2.5,239.7,257.7,221.4,219.0,220.1,218.5,1.5,1.5,1.5,1.5,1.5,1.5,4.17,4.52,3.86,3.79,4.56,4.60,0.92,0.01,4.06,0.12,6.62,0,0,0.0,0.0,20299,1799,0.1,0.0,0,
9.7.2026,23:38:40.205,27510,18483,59.8,20891,11791,63.9,0.4,13312,52,1.373,1.363,1.375,1.375,1.375,1.375,1.375,1.375,1.375,4186.2,4167.5,4192.4,4192.4,4192.4,4192.4,4192.4,4192.4,4167.5,99.8,914.8,3106.6,1763.1,3034.4,913.0,665.9,1407.1,581.0,980.7,139.3,185.1,367.4,481.2,263.2,278.8,224.4,245.6,914.8,19.2,37.2,41.9,73.0,21.3,15.4,33.5,13.3,23.2,2.9,4.0,8.2,10.9,5.6,6.2,5.7,5.5,73.0,19.2,22.3,42.9,48.3,84.1,24.8,18.0,38.4,15.5,26.6,3.7,4.9,9.7,12.7,6.8,7.4,6.1,6.7,22.3,41.9,41.8,42.0,42.0,42.0,42.0,42.0,42.0,41.8,0.0,55.3,74.9,90.1,61.3,57.2,36.1,46.7,41.0,35.2,44.7,25.1,9.9,38.7,42.8,63.9,53.3,59.0,64.8,0.0,0.0,0.0,0.0,0.0,0.0,0.0,0.0,0.0,1197.8,12.00,16,16,16,39,55,661,1,71.6,63.1,61.0,59.9,62.0,62.1,61.3,60.2,58.3,59.0,58.1,58.2,57.2,57.6,56.9,50.2,47.6,1.381,1.025,1.387,7.886,9.592,7.883,49.776,29.622,2.805,3.997,4.009,3.310,2.882,1.853,2.413,2.048,1.927,10.836,9.873,20.709,29.673,1197.8,1197.8,4148.9,4174.5,4123.4,4174.5,33.7,13.1,55.3,66.4,48.1,No,No,No,0.983,0.018,4.4,47,95.0,100.0,No,No,91369,99120,31,99.0,No,No,3320,0.0,0.1,0.1,0.000,1.086,103658,123385,0.0,0.0,0.0,0.000,0.000,52,0,35.8,48.0,83.0,0.669,12.156,12.193,12.173,12.101,1129,18.624,7.137,9.636,1.341,17.078,11.726,5.353,0.336,9.636,9.127,1.306,5.829,220.000,240.000,210.0,101.2,555.0,210.0,600.0,28.0,27.0,0.0,0.0,26.0,1.6,6.6,0.0,0.0,0.0,33,Yes,No,No,No,No,Yes,No,8.5,10.9,2,0,0,0,0,0,0,0,0,55,0,0,0,0,0,0,0,0,0,0,0,0,0,0,0,0,0,0,0,0,6063,2129,1964,135,2.5,239.7,264.3,220.3,201.4,210.1,197.5,1.5,1.5,1.5,1.5,1.5,1.5,4.17,4.56,3.78,3.24,4.79,5.14,0.97,0.03,4.06,0.12,13.08,0,0,0.0,0.0,20299,1799,0.5,0.7,0,
9.7.2026,23:38:42.207,27594,18400,59.9,20933,11749,64.0,0.4,13312,52,1.352,1.363,1.350,1.350,1.350,1.350,1.350,1.350,1.350,4167.5,4167.5,4167.5,4167.5,4167.5,4167.5,4167.5,4167.5,4167.5,99.8,1156.8,3467.7,2195.0,2724.5,1421.5,1068.5,1503.7,820.0,1221.3,315.7,374.9,703.3,749.6,502.4,507.9,495.1,438.6,1156.8,25.2,39.8,52.9,65.6,34.3,25.9,36.3,19.8,29.4,7.9,9.4,17.0,18.1,12.1,12.4,11.6,10.9,65.6,25.2,28.5,45.3,60.4,75.5,39.0,29.1,41.0,22.2,33.2,8.4,10.1,18.9,20.1,13.3,13.6,13.5,11.9,28.5,41.8,41.8,41.8,41.8,41.8,41.8,41.8,41.8,41.8,0.0,64.7,83.8,92.6,70.8,66.3,47.1,57.6,51.9,47.7,35.3,16.2,7.4,29.2,33.7,52.9,42.4,48.1,52.3,0.0,0.0,0.0,0.0,0.0,0.0,0.0,0.0,0.0,1197.8,12.00,16,16,16,39,55,661,1,70.6,69.3,65.0,62.3,65.5,66.9,63.6,62.4,59.5,60.8,59.5,59.6,57.8,58.1,57.5,51.0,47.1,1.375,1.025,1.375,10.819,9.534,10.815,58.243,33.546,3.701,5.533,6.342,4.087,3.474,2.244,3.056,2.529,2.345,14.801,9.827,24.628,33.625,1197.8,1197.8,4135.9,4150.4,4121.3,4150.4,38.2,18.0,64.7,72.9,49.8,No,No,No,1.120,0.019,5.2,47,95.0,100.0,No,No,91369,99120,31,99.0,No,No,3320,0.0,0.2,0.2,0.049,2.201,103658,123390,0.0,0.0,0.0,0.000,0.000,52,0,35.8,47.8,83.0,0.669,12.151,12.190,12.167,12.096,1129,18.620,7.182,9.803,1.378,17.107,11.661,5.446,0.336,9.803,9.028,1.432,5.824,220.000,240.000,210.0,101.2,555.0,210.0,600.0,28.0,27.0,0.0,1.0,26.0,1.6,6.3,0.0,0.0,0.0,33,Yes,No,No,No,No,Yes,No,8.6,11.1,2,0,0,0,0,0,0,0,0,55,0,0,0,0,0,0,0,0,0,0,0,0,0,0,0,0,0,0,0,0,6063,2129,1964,135,2.5,239.9,259.3,220.0,216.6,217.9,216.3,1.5,1.5,1.5,1.5,1.5,1.5,4.17,4.58,3.80,3.76,4.60,4.61,0.90,0.01,4.06,0.11,3.06,0,0,0.0,0.0,20299,1799,1.5,0.5,0,
9.7.2026,23:38:44.211,27526,18467,59.8,20908,11774,63.9,0.4,13312,52,1.363,1.363,1.363,1.363,1.363,1.363,1.363,1.363,1.363,4167.5,4167.5,4167.5,4167.5,4167.5,4167.5,4167.5,4167.5,4167.5,99.8,984.7,3203.6,1927.7,2955.3,1074.5,635.9,1541.9,687.2,1010.2,164.2,198.0,424.1,512.8,275.3,359.7,438.0,346.0,984.7,20.8,36.6,46.1,71.1,25.6,15.0,36.9,16.2,24.0,3.2,4.1,9.9,12.0,6.4,7.9,10.0,7.7,71.1,20.8,24.0,41.9,52.9,81.9,29.4,17.1,42.2,18.4,27.4,4.3,5.3,11.2,13.6,7.1,9.6,12.0,9.4,24.0,41.8,41.8,41.8,41.8,41.8,41.8,41.8,41.8,41.8,0.0,58.0,77.2,91.4,64.1,60.1,37.8,49.4,43.3,40.7,42.0,22.8,8.6,35.9,39.9,62.2,50.6,56.7,59.3,0.0,0.0,0.0,0.0,0.0,0.0,0.0,0.0,0.0,1197.8,12.00,16,16,16,39,55,661,1,68.1,64.1,62.0,60.5,62.4,62.7,61.9,60.8,58.7,59.5,58.6,59.1,57.5,57.9,57.2,51.2,47.6,1.369,1.019,1.363,8.309,9.634,8.314,52.203,30.263,2.943,4.098,4.259,3.445,3.043,1.897,2.495,2.126,2.180,11.396,9.918,21.314,30.303,1197.8,1197.8,4152.5,4164.8,4140.2,4164.8,34.4,13.9,58.0,67.4,48.2,No,No,No,1.088,0.017,4.6,47,95.0,100.0,No,No,91369,99120,31,99.0,No,No,3320,0.0,0.0,0.0,0.000,0.124,103658,123390,0.0,0.0,0.0,0.000,0.000,52,0,35.7,47.9,83.0,0.669,12.156,12.196,12.172,12.102,1132,18.680,7.092,9.580,1.402,16.919,11.581,5.322,0.336,9.580,9.078,1.333,5.786,220.000,240.000,210.0,101.2,555.0,210.0,600.0,28.0,27.0,0.0,0.0,26.0,1.7,6.7,0.0,0.0,0.0,33,Yes,No,No,No,No,Yes,No,8.5,10.8,2,0,0,0,0,0,0,0,0,55,0,0,0,0,0,0,0,0,0,0,0,0,0,0,0,0,0,0,0,0,6063,2129,1964,135,2.5,239.8,261.9,210.4,198.4,204.1,195.7,1.5,1.5,1.5,1.5,1.5,1.5,4.17,4.78,3.79,3.44,4.94,5.09,0.93,0.01,4.06,0.11,5.05,0,0,0.0,0.0,20299,1799,0.3,0.3,0,
9.7.2026,23:38:46.213,27578,18416,59.9,20926,11756,64.0,0.4,13312,52,1.334,1.337,1.344,1.331,1.331,1.331,1.331,1.331,1.331,4092.6,4092.6,4092.6,4092.6,4092.6,4092.6,4092.6,4092.6,4092.6,99.8,945.8,3413.5,1429.8,2726.7,988.9,811.8,1339.3,741.2,935.7,175.9,210.8,511.7,636.9,296.7,319.8,344.9,248.8,945.8,20.5,52.6,33.7,65.2,23.1,18.6,31.7,17.0,21.9,4.5,5.3,11.5,14.6,6.4,7.7,8.5,6.3,65.2,20.5,23.6,60.7,39.0,75.3,26.9,21.6,36.6,19.8,25.3,4.6,5.6,13.5,17.0,7.7,8.3,9.3,6.7,23.6,41.0,41.0,41.0,41.0,41.0,41.0,41.0,41.0,41.0,0.0,59.4,82.2,88.6,66.5,61.3,39.5,53.2,44.7,39.3,40.6,17.8,11.4,33.5,38.7,60.5,46.8,55.3,60.7,0.0,0.0,0.0,0.0,0.0,0.0,0.0,0.0,0.0,1197.8,12.00,16,16,16,39,55,661,1,68.0,69.0,71.0,61.8,65.7,67.4,63.1,62.0,58.9,60.1,58.6,58.7,57.6,58.0,57.2,51.5,47.1,1.362,1.038,1.369,10.536,9.321,10.516,53.485,32.824,3.621,5.985,6.952,3.855,3.284,1.962,2.741,2.161,2.027,14.432,9.607,24.040,32.988,1197.8,1197.8,4151.1,4160.5,4141.7,4160.5,37.5,17.5,59.4,72.6,49.8,No,No,No,0.826,0.012,4.8,47,95.0,100.0,No,No,91369,99120,31,99.0,No,No,3320,0.0,0.2,0.2,0.000,1.240,103658,123392,0.0,0.0,0.0,0.000,0.000,52,0,35.8,47.8,83.0,0.669,12.160,12.200,12.176,12.105,1133,18.705,7.063,9.384,1.342,16.876,11.657,5.213,0.336,9.384,9.176,1.483,5.781,220.000,240.000,210.0,101.2,555.0,210.0,600.0,28.0,27.0,0.0,0.0,26.0,1.6,6.5,0.0,0.0,0.0,33,Yes,No,No,No,No,Yes,No,8.4,11.0,2,0,0,0,0,0,0,0,0,55,0,0,0,0,0,0,0,0,0,0,0,0,0,0,0,0,0,0,0,0,6063,2129,1964,135,2.5,239.7,256.5,218.3,212.9,214.9,212.7,1.5,1.5,1.5,1.5,1.5,1.5,4.17,4.64,3.86,3.71,4.72,4.76,0.97,0.03,4.08,0.10,5.00,0,0,0.0,0.0,20299,1799,0.6,0.1,0,
9.7.2026,23:38:48.202,27558,18436,59.9,20953,11729,64.1,0.4,13312,52,1.338,1.344,1.337,1.337,1.337,1.337,1.337,1.337,1.337,4117.6,4117.6,4117.6,4117.6,4117.6,4117.6,4117.6,4117.6,4117.6,99.8,2014.5,3782.8,2093.3,3447.3,1885.9,2269.8,2062.6,2047.2,2014.9,1289.5,1339.5,1670.2,1631.5,1468.9,1447.6,1798.5,1982.1,2014.5,47.9,71.9,51.0,84.5,46.0,55.5,50.2,50.0,48.9,31.4,32.6,40.6,39.6,35.5,35.2,44.1,48.6,84.5,47.9,54.0,81.2,57.5,95.7,51.9,62.7,56.6,56.4,55.2,35.3,36.7,45.8,44.6,40.0,39.7,49.6,54.7,54.0,41.2,41.2,41.2,41.2,41.2,41.2,41.2,41.2,41.2,0.0,82.4,92.7,98.3,86.8,84.3,71.1,77.4,73.8,75.2,17.6,7.3,1.7,13.2,15.7,28.9,22.6,26.2,24.8,0.0,0.0,0.0,0.0,0.0,0.0,0.0,0.0,0.0,1197.8,12.00,16,16,16,39,55,661,1,78.2,75.1,70.8,68.3,70.1,73.1,69.5,68.8,65.2,66.8,64.7,68.1,59.7,59.9,59.5,52.2,48.4,1.375,1.025,1.375,17.968,9.783,17.983,74.196,43.348,5.553,6.714,8.223,5.968,5.465,4.005,4.659,4.227,5.160,24.103,10.115,34.217,43.359,1197.8,1197.8,4084.3,4086.9,4081.6,4086.9,49.3,30.0,82.4,79.1,54.1,No,No,No,2.012,0.100,6.6,47,95.0,100.0,No,No,91369,99120,31,99.0,No,No,3320,0.1,0.2,0.3,0.132,0.553,103658,123393,0.0,0.0,0.0,0.000,0.000,52,0,35.8,48.0,83.0,0.669,12.155,12.195,12.171,12.100,1128,18.895,7.063,9.261,1.317,16.906,11.761,5.145,0.336,9.261,9.310,1.396,5.940,220.000,240.000,210.0,101.2,555.0,210.0,600.0,36.0,28.0,0.0,5.0,26.0,2.4,9.5,0.0,0.0,0.0,33,Yes,No,No,No,No,Yes,No,8.4,10.9,2,0,0,0,0,0,0,0,0,55,0,0,0,0,0,0,0,0,0,0,0,0,0,0,0,0,0,0,0,0,6063,2129,1964,135,2.5,239.8,285.0,205.3,194.0,198.2,192.9,1.5,1.5,1.5,1.5,1.5,1.5,4.17,5.10,3.21,1.69,5.68,6.73,1.06,0.05,4.02,0.15,5.91,0,0,0.0,0.0,20299,1799,0.2,0.2,0,
9.7.2026,23:38:50.209,27554,18439,59.9,20933,11749,64.0,0.4,13312,52,1.347,1.325,1.350,1.350,1.350,1.350,1.350,1.350,1.350,4139.4,4117.6,4142.5,4142.5,4142.5,4142.5,4142.5,4142.5,4142.5,99.8,1080.5,3357.0,1766.6,2697.9,1197.2,997.1,1392.1,768.0,1114.7,330.6,367.0,614.5,715.5,486.5,517.7,347.1,618.6,1080.5,23.4,47.1,42.6,65.0,28.3,23.3,32.9,18.4,26.2,7.4,8.3,14.1,16.4,10.8,11.8,7.9,14.6,65.0,23.4,26.8,53.8,48.1,74.5,32.5,26.7,37.4,20.3,29.8,8.6,9.6,16.2,18.7,12.5,13.6,9.1,16.8,26.8,41.5,41.2,41.5,41.5,41.5,41.5,41.5,41.5,41.5,0.0,63.0,81.5,88.6,66.8,63.1,47.9,56.1,51.6,48.6,37.0,18.5,11.4,33.2,36.9,52.1,43.9,48.4,51.4,0.0,0.0,0.0,0.0,0.0,0.0,0.0,0.0,0.0,1197.8,12.00,16,16,16,39,55,661,1,75.5,72.6,72.8,63.8,68.3,70.4,64.8,63.7,60.6,61.6,60.4,60.4,58.7,59.0,58.4,49.2,47.4,1.344,1.031,1.337,11.254,9.262,11.250,56.729,33.731,3.888,6.191,7.317,4.024,3.518,2.245,2.923,2.534,2.349,15.330,9.551,24.881,33.840,1197.8,1197.8,4122.4,4138.7,4106.0,4138.7,38.5,18.8,63.0,76.5,49.1,No,No,No,0.676,0.021,5.0,47,95.0,100.0,No,No,91369,99120,31,99.0,No,No,3320,0.0,0.1,0.1,0.000,0.410,103658,123394,0.0,0.0,0.0,0.000,0.000,52,0,35.8,48.0,83.0,0.669,12.162,12.202,12.177,12.108,1129,18.694,7.081,9.168,1.367,16.939,11.841,5.093,0.336,9.168,9.487,1.314,6.102,220.000,240.000,210.0,101.2,555.0,210.0,600.0,28.0,27.0,0.0,0.0,26.0,1.6,6.4,0.0,0.0,0.0,33,Yes,No,No,No,No,Yes,No,8.5,10.9,2,0,0,0,0,0,0,0,0,55,0,0,0,0,0,0,0,0,0,0,0,0,0,0,0,0,0,0,0,0,6063,2129,1964,135,2.5,239.8,256.2,222.8,217.9,219.7,217.4,5.4,19.7,1.7,1.6,1.6,1.6,4.17,4.49,3.86,3.84,4.57,4.63,0.90,0.01,4.07,0.10,1.84,0,0,0.0,0.0,20300,1799,42.8,3.3,0,
9.7.2026,23:38:52.212,27860,18134,60.5,21005,11676,64.2,0.4,13312,52,1.310,1.331,1.306,1.306,1.306,1.306,1.306,1.306,1.312,4042.7,4042.7,4042.7,4042.7,4042.7,4042.7,4042.7,4042.7,4042.7,99.8,1577.1,3801.4,2470.9,2735.4,1965.1,1679.8,1800.4,1470.7,1599.9,679.5,757.1,1162.8,1309.0,911.1,1084.2,819.9,986.0,1577.1,35.7,52.7,59.5,66.5,47.8,40.5,43.5,35.0,38.8,16.5,18.4,28.1,31.5,21.8,26.2,19.9,24.1,66.5,35.7,40.2,59.6,67.9,75.5,54.1,45.7,49.0,39.9,43.5,18.2,20.4,31.4,35.3,24.2,29.2,22.1,26.9,40.2,40.5,40.5,40.5,40.5,40.5,40.5,40.5,40.5,40.5,0.0,77.2,92.5,95.0,81.1,78.6,63.9,72.6,68.0,65.5,22.8,7.5,5.0,18.9,21.4,36.1,27.4,32.0,34.5,0.0,0.0,0.0,0.0,0.0,0.0,0.0,0.0,0.0,1197.8,12.00,16,16,16,39,55,661,1,74.4,73.5,73.8,66.0,70.3,71.4,67.6,66.7,62.5,64.2,62.7,62.7,59.4,59.7,59.1,52.5,48.3,1.325,1.038,1.344,14.907,10.135,14.893,69.454,39.484,4.792,7.060,7.776,5.162,4.757,2.961,3.975,3.454,3.189,20.138,10.460,30.598,39.608,1197.8,1197.8,4105.2,4113.1,4097.2,4113.1,45.0,24.8,77.2,77.4,52.4,No,No,No,1.068,0.027,6.2,47,95.0,100.0,No,No,91369,99120,31,99.0,No,No,3320,0.0,0.2,0.2,0.000,1.580,103658,123397,0.0,0.0,0.0,0.000,0.000,52,0,37.7,51.3,83.0,0.919,12.138,12.187,12.156,12.071,1131,31.813,16.844,26.788,6.179,37.015,22.115,14.882,0.336,26.788,16.750,3.488,14.103,220.000,240.000,1725.0,1750.2,1515.0,543.3,1635.0,4.0,1.0,0.0,0.0,28.1,1.6,6.3,0.0,0.0,0.0,33,Yes,No,No,No,No,Yes,No,19.8,24.0,2,0,0,0,0,0,0,0,0,56,0,0,0,0,0,0,0,0,0,0,0,0,0,0,0,0,0,0,0,0,5887,2305,2140,136,8.0,239.7,264.8,222.3,215.2,217.5,215.1,8.3,60.1,1.8,1.7,1.7,1.7,4.17,4.54,3.76,3.63,4.63,4.71,0.19,0.51,4.07,0.11,7.65,0,0,0.0,0.0,20300,1799,2.4,135.7,0,
9.7.2026,23:38:54.208,27749,18244,60.3,20945,11737,64.0,0.4,13312,52,1.368,1.363,1.369,1.369,1.369,1.369,1.369,1.369,1.369,4164.4,4142.5,4167.5,4167.5,4167.5,4167.5,4167.5,4167.5,4167.5,99.8,1146.4,3375.4,2107.1,2531.5,1316.8,1101.9,1223.0,1115.7,848.5,416.9,465.8,799.0,720.1,649.5,522.7,511.5,636.4,1146.4,25.2,42.4,51.0,61.4,31.7,26.6,29.4,27.5,20.4,10.0,11.2,19.4,17.2,15.4,12.6,12.4,15.4,61.4,25.2,28.5,48.0,57.9,69.9,35.9,29.8,33.1,30.5,23.0,11.2,12.5,21.6,19.3,17.3,14.1,14.0,17.3,28.5,41.7,41.5,41.8,41.8,41.8,41.8,41.8,41.8,41.8,0.0,61.8,82.3,84.9,64.0,60.7,47.8,54.5,50.6,49.9,38.2,17.7,15.1,36.0,39.3,52.2,45.5,49.4,50.1,0.0,0.0,0.0,0.0,0.0,0.0,0.0,0.0,0.0,1197.8,12.00,16,16,16,39,55,661,1,73.8,73.1,70.2,64.7,69.8,70.1,65.5,64.3,61.6,62.6,61.2,62.3,59.1,59.4,58.8,51.5,48.6,1.369,1.031,1.375,11.978,10.287,11.991,55.664,35.880,4.054,6.677,7.016,4.058,3.538,2.467,3.078,2.693,2.902,16.283,10.603,26.886,35.878,1197.8,1197.8,4094.0,4130.0,4058.0,4130.0,40.8,20.0,61.8,77.0,50.0,No,No,No,0.744,0.023,4.9,47,95.0,100.0,No,No,91369,99120,31,99.0,No,No,3320,0.0,0.2,0.2,0.000,3.258,103658,123403,0.0,0.0,0.0,0.000,0.000,52,0,38.2,52.4,83.0,0.919,12.143,12.192,12.159,12.077,1129,44.278,17.025,27.375,6.303,37.293,22.065,15.209,0.336,27.375,16.566,3.370,14.356,220.000,240.000,1725.0,1750.2,1515.0,1724.7,1635.0,5.0,2.0,0.0,0.0,28.4,0.4,1.7,0.0,0.0,0.0,33,Yes,No,No,No,No,Yes,No,20.0,24.2,2,0,0,0,0,0,0,0,0,56,0,0,0,0,0,0,0,0,0,0,0,0,0,0,0,0,0,0,0,0,5867,2325,2161,137,8.0,239.8,256.9,222.5,215.7,219.5,213.8,16.7,60.0,3.8,3.6,3.5,3.5,4.17,4.54,3.87,3.80,4.61,4.74,0.17,0.51,4.08,0.09,3.06,0,0,0.0,0.0,20300,1799,0.9,1.0,0,
9.7.2026,23:38:56.220,27748,18246,60.3,20960,11722,64.1,0.4,13312,52,1.345,1.356,1.344,1.344,1.344,1.344,1.344,1.344,1.344,4120.7,4142.5,4117.6,4117.6,4117.6,4117.6,4117.6,4117.6,4117.6,99.8,1122.2,3387.8,1724.7,2767.1,1167.6,1324.9,1168.1,1207.1,873.9,397.2,373.8,919.3,671.8,622.6,505.2,376.7,468.1,1122.2,24.9,51.0,41.2,66.8,27.9,31.6,27.5,29.0,20.6,9.4,8.8,22.0,15.7,14.5,11.8,9.0,11.2,66.8,24.9,28.1,58.0,46.8,76.3,31.7,35.6,31.0,32.6,23.1,10.5,9.8,24.7,17.6,16.3,13.3,10.0,12.6,28.1,41.3,41.5,41.2,41.2,41.2,41.2,41.2,41.2,41.2,0.0,65.3,82.4,87.8,67.8,66.1,52.0,59.7,55.2,51.7,34.7,17.6,12.2,32.2,33.9,48.0,40.3,44.8,48.3,0.0,0.0,0.0,0.0,0.0,0.0,0.0,0.0,0.0,1197.8,12.00,16,16,16,39,55,661,1,73.0,72.5,72.2,63.9,68.4,70.2,64.9,64.0,60.9,61.9,60.6,60.4,58.7,59.0,58.4,51.0,47.9,1.362,1.038,1.363,11.723,10.078,11.728,58.807,35.214,4.028,6.429,7.371,4.152,3.685,2.388,3.160,2.679,2.362,15.956,10.386,26.342,35.323,1197.8,1197.8,4112.7,4138.1,4087.3,4138.1,40.1,19.5,65.3,76.3,49.4,No,No,No,0.649,0.020,5.2,47,95.0,100.0,No,No,91369,99120,31,99.0,No,No,3320,0.0,0.1,0.1,0.000,0.659,103658,123405,0.0,0.0,0.0,0.000,0.000,52,0,36.6,49.2,83.0,0.669,12.152,12.194,12.169,12.093,1128,25.234,8.345,11.018,1.841,19.885,13.762,6.121,0.336,11.018,11.061,1.515,6.890,220.000,240.000,390.0,202.5,825.0,1033.8,900.0,26.0,18.0,0.0,0.0,28.4,0.6,2.6,0.0,0.0,0.0,33,Yes,No,No,No,No,Yes,No,10.0,12.5,2,0,0,0,0,0,0,0,0,57,0,0,0,0,0,0,0,0,0,0,0,0,0,0,0,0,0,0,0,0,5866,2326,2161,140,5.0,239.8,262.8,223.3,197.7,208.7,194.4,24.2,60.1,6.3,6.0,6.0,6.0,4.17,4.50,3.78,3.35,4.81,5.20,0.35,0.30,4.07,0.11,1.31,0,0,0.0,0.0,20300,1799,0.7,1.1,0,
9.7.2026,23:38:58.231,27810,18183,60.4,21005,11676,64.2,0.4,13312,52,1.324,1.319,1.325,1.325,1.325,1.325,1.325,1.325,1.325,4092.6,4092.6,4092.6,4092.6,4092.6,4092.6,4092.6,4092.6,4092.6,99.8,1165.5,3461.8,1724.4,2530.3,1595.9,1537.0,1145.0,1326.4,940.1,441.9,385.8,962.7,687.4,648.5,484.6,341.5,434.3,1165.5,25.6,51.4,41.0,60.9,38.2,36.6,26.7,31.5,21.8,10.3,8.9,22.8,15.8,14.9,11.1,7.8,10.2,60.9,25.6,29.2,58.7,46.8,69.7,43.7,41.6,30.4,35.8,24.9,11.6,10.1,25.9,17.9,16.9,12.6,8.9,11.5,29.2,41.0,41.0,41.0,41.0,41.0,41.0,41.0,41.0,41.0,0.0,68.1,84.0,92.2,72.9,70.4,53.9,62.5,57.2,52.0,31.9,16.0,7.8,27.1,29.6,46.1,37.5,42.8,48.0,0.0,0.0,0.0,0.0,0.0,0.0,0.0,0.0,0.0,1197.8,12.00,16,16,16,39,55,661,1,73.0,72.9,77.8,64.3,68.7,70.9,65.6,64.6,61.0,62.3,60.7,60.5,58.8,59.1,58.5,50.5,47.5,1.350,1.031,1.350,12.306,9.467,12.296,61.324,35.369,4.139,6.425,7.509,4.476,3.930,2.450,3.257,2.716,2.353,16.726,9.766,26.492,35.471,1197.8,1197.8,4119.2,4132.4,4106.1,4132.4,40.3,20.5,68.1,76.7,50.4,No,No,No,0.866,0.023,5.5,47,95.0,100.0,No,No,91369,99120,31,99.0,No,No,3320,0.0,0.4,0.4,0.040,3.305,103658,123411,0.0,0.0,0.0,0.000,0.000,52,0,36.2,48.4,83.0,0.669,12.163,12.202,12.179,12.107,1129,19.305,7.365,10.134,1.550,17.464,11.817,5.630,0.336,10.134,9.222,1.447,5.913,220.000,240.000,240.0,101.2,555.0,295.0,600.0,26.0,27.0,0.0,2.0,28.2,1.2,5.0,0.0,0.0,0.0,33,Yes,No,No,No,No,Yes,No,8.8,11.3,2,0,0,0,0,0,0,0,0,58,0,0,0,0,0,0,0,0,0,0,0,0,0,0,0,0,0,0,0,0,5883,2309,2144,140,2.5,239.7,256.3,219.6,169.5,194.4,158.9,4.1,7.2,2.9,2.9,2.9,2.9,4.17,4.57,3.88,2.37,5.16,6.32,0.85,0.01,4.07,0.10,8.44,0,0,0.0,0.0,20300,1799,0.5,0.1,0,
9.7.2026,23:39:0.225,27737,18257,60.3,20996,11686,64.2,0.4,13312,52,1.362,1.350,1.369,1.363,1.363,1.363,1.363,1.363,1.363,3728.3,4117.6,4167.5,4142.5,3314.0,4142.5,3314.0,3314.0,3314.0,99.8,1217.3,3490.4,2297.9,1663.8,2385.5,1433.4,1102.9,1220.0,955.9,501.2,383.6,890.8,698.6,660.3,496.2,551.9,743.7,1217.3,26.2,40.3,55.4,39.8,57.7,34.4,25.9,29.2,22.4,11.6,8.7,21.0,16.0,15.2,11.3,12.8,17.5,57.7,26.2,30.0,46.0,63.2,45.6,65.9,39.0,29.7,33.2,25.7,13.5,10.2,24.1,18.4,17.5,13.1,14.9,20.3,30.0,37.3,41.2,41.8,41.5,33.2,41.5,33.2,33.2,33.2,0.0,67.1,85.2,91.5,70.1,66.7,51.9,60.3,55.3,56.3,32.9,14.8,8.5,29.9,33.3,48.1,39.7,44.7,43.7,0.0,0.0,0.0,0.0,0.0,0.0,0.0,0.0,0.0,1197.8,12.00,16,16,16,39,55,661,1,82.2,76.7,69.2,65.3,71.2,73.2,66.4,65.3,61.3,62.5,60.9,61.3,59.0,59.3,58.7,51.2,47.8,1.388,1.038,1.387,12.140,9.380,12.154,60.432,35.160,4.091,6.438,7.190,4.306,3.906,2.423,3.174,2.653,2.640,16.441,9.674,26.115,35.129,1197.8,1197.8,4098.8,4115.1,4082.5,4115.1,39.9,20.3,67.1,80.8,50.1,No,No,No,0.908,0.033,5.4,47,95.0,100.0,No,No,91369,99120,31,99.0,No,No,3320,0.0,0.8,0.9,0.072,16.134,103658,123442,0.0,0.0,0.0,0.000,0.000,52,0,36.1,48.4,83.0,0.669,12.160,12.201,12.175,12.104,1129,19.033,7.266,9.940,1.391,17.264,11.741,5.522,0.336,9.940,9.067,1.632,5.821,220.000,240.000,210.0,101.2,555.0,213.8,600.0,28.0,27.0,0.0,0.0,28.1,1.6,6.5,0.0,0.0,0.0,33,Yes,No,No,No,No,Yes,No,8.6,11.0,2,0,0,0,0,0,0,0,0,58,0,0,0,0,0,0,0,0,0,0,0,0,0,0,0,0,0,0,0,0,5888,2304,2139,137,2.5,239.7,261.2,219.3,212.1,215.1,211.3,1.5,1.5,1.5,1.5,1.5,1.5,4.17,4.61,3.79,3.49,4.70,4.77,0.85,0.01,4.08,0.09,11.13,0,0,0.0,0.0,20300,1799,0.8,0.7,0,
9.7.2026,23:39:2.219,27761,18232,60.3,20917,11765,64.0,0.4,13312,52,1.337,1.350,1.337,1.337,1.337,1.337,1.331,1.331,1.331,4098.9,4142.5,4092.6,4092.6,4092.6,4092.6,4092.6,4092.6,4092.6,99.8,980.1,3444.1,2075.2,1965.2,1591.1,1208.4,900.6,910.9,721.4,242.0,282.8,599.9,474.2,389.1,359.4,251.8,264.8,980.1,21.2,40.2,50.2,47.7,38.6,29.6,21.9,22.3,17.6,6.3,7.2,14.8,11.6,9.5,8.9,6.5,6.8,50.2,21.2,23.7,45.6,57.2,54.2,43.7,33.1,24.4,24.7,19.3,6.5,7.6,16.1,12.6,10.2,9.6,6.8,7.2,23.7,41.1,41.5,41.0,41.0,41.0,41.0,41.0,41.0,41.0,0.0,56.0,83.5,81.5,60.8,56.5,38.7,47.7,42.6,36.7,44.0,16.5,18.5,39.2,43.5,61.3,52.3,57.4,63.3,0.0,0.0,0.0,0.0,0.0,0.0,0.0,0.0,0.0,1197.8,12.00,16,16,16,39,55,661,1,79.9,74.0,74.8,63.3,70.1,69.6,64.3,63.0,59.9,60.7,59.6,59.4,58.2,58.6,57.9,52.0,48.2,1.350,1.031,1.356,10.175,9.248,10.165,50.397,32.221,3.556,6.326,6.307,3.686,3.203,2.053,2.624,2.241,2.005,13.913,9.530,23.443,32.398,1197.8,1197.8,4113.5,4140.9,4086.1,4140.9,36.8,16.9,56.0,77.9,48.8,No,No,No,0.921,0.036,4.5,47,95.0,100.0,No,No,91369,99120,31,99.0,No,No,3320,0.0,0.9,1.0,0.081,19.107,103659,123479,0.0,0.0,0.0,0.000,0.000,52,0,36.2,48.2,83.0,0.669,12.160,12.201,12.174,12.103,1131,18.927,7.130,9.637,1.281,17.092,11.740,5.354,0.336,9.637,9.088,1.314,5.818,220.000,240.000,210.0,101.2,555.0,210.0,600.0,27.0,27.0,0.0,0.0,28.2,1.6,6.5,0.0,0.0,0.0,33,Yes,No,No,No,No,Yes,No,8.5,11.0,2,0,0,0,0,0,0,0,0,58,0,0,0,0,0,0,0,0,0,0,0,0,0,0,0,0,0,0,0,0,5886,2306,2142,137,2.5,239.7,260.3,218.5,182.7,201.8,175.1,1.5,1.5,1.5,1.5,1.5,1.5,4.17,4.61,3.82,2.68,4.98,5.70,0.94,0.01,4.08,0.09,13.26,0,0,0.0,0.0,20300,1799,0.5,0.1,0,
9.7.2026,23:39:4.228,27736,18258,60.3,21004,11678,64.2,0.4,13312,52,1.340,1.356,1.337,1.337,1.337,1.337,1.337,1.337,1.337,4098.9,4142.5,4092.6,4092.6,4092.6,4092.6,4092.6,4092.6,4092.6,99.8,1661.7,3828.8,2848.2,1743.6,2931.5,1626.4,2145.1,1603.6,1614.6,775.8,797.7,1246.1,1180.2,962.9,950.8,1077.3,1255.1,1661.7,37.4,47.5,69.4,42.3,71.5,39.3,52.1,38.8,39.0,18.7,19.2,30.0,28.3,23.0,22.8,26.2,30.1,71.5,37.4,42.4,53.9,78.8,48.1,81.3,44.6,59.0,44.0,44.2,21.2,21.8,34.0,32.1,26.1,25.8,29.7,34.7,42.4,41.1,41.5,41.0,41.0,41.0,41.0,41.0,41.0,41.0,0.0,75.3,93.4,95.3,82.4,77.7,59.0,68.6,62.8,63.6,24.7,6.6,4.7,17.6,22.3,41.0,31.4,37.2,36.4,0.0,0.0,0.0,0.0,0.0,0.0,0.0,0.0,0.0,1197.8,12.00,16,16,16,39,55,661,1,77.1,73.4,73.5,66.0,70.8,69.4,68.7,66.3,62.5,64.4,62.2,64.1,59.4,59.7,59.2,52.2,49.0,1.362,1.038,1.356,13.984,9.780,13.994,67.810,38.091,4.534,6.389,6.119,5.354,4.581,2.943,3.844,3.218,3.826,18.871,10.093,28.964,38.119,1197.8,1197.8,4098.4,4104.6,4092.2,4104.6,43.3,23.3,75.3,77.3,51.9,No,No,No,2.597,0.118,6.0,47,95.0,100.0,No,No,91369,99120,31,99.0,No,No,3320,0.0,0.2,0.2,0.008,0.648,103659,123480,0.0,0.0,0.0,0.000,0.000,52,0,36.1,48.2,83.0,0.669,12.158,12.198,12.173,12.103,1132,19.167,7.225,9.704,1.391,17.310,11.910,5.391,0.336,9.704,9.341,1.316,5.843,220.000,240.000,270.0,101.2,555.0,257.6,600.0,24.0,27.0,0.0,0.0,28.1,2.3,9.4,0.0,0.0,0.0,33,Yes,No,No,No,No,Yes,No,8.7,11.4,2,0,0,0,0,0,0,0,0,58,0,0,0,0,0,0,0,0,0,0,0,0,0,0,0,0,0,0,0,0,5890,2302,2137,135,2.5,239.7,261.6,218.9,212.2,214.6,212.0,1.4,1.4,1.4,1.4,1.4,1.4,4.17,4.65,3.80,3.64,4.71,4.79,0.84,0.01,4.06,0.11,1.14,0,0,0.0,0.0,20300,1799,0.8,0.3,0,
9.7.2026,23:39:6.226,27713,18280,60.2,20981,11701,64.1,0.4,13312,52,1.347,1.356,1.350,1.350,1.344,1.344,1.344,1.344,1.344,4139.4,4117.6,4142.5,4142.5,4142.5,4142.5,4142.5,4142.5,4142.5,99.8,1277.7,3704.3,2645.8,1404.3,2750.5,1069.4,1700.1,1228.3,1106.0,303.0,335.1,783.0,746.7,631.2,561.0,825.4,649.2,1277.7,27.2,36.4,64.0,33.8,66.8,25.4,40.7,29.3,26.3,6.8,7.5,18.3,17.2,14.6,12.9,19.8,16.0,66.8,27.2,31.0,41.5,73.0,38.6,76.1,28.9,46.3,33.4,29.9,7.9,8.7,20.9,19.8,16.7,14.8,22.6,17.6,31.0,41.5,41.2,41.5,41.5,41.5,41.5,41.5,41.5,41.5,0.0,67.7,90.0,94.4,73.9,68.3,48.9,59.4,53.8,52.5,32.3,10.0,5.6,26.1,31.7,51.1,40.6,46.2,47.5,0.0,0.0,0.0,0.0,0.0,0.0,0.0,0.0,0.0,1197.8,12.00,16,16,16,39,55,661,1,75.0,71.9,70.0,64.0,68.9,66.9,67.3,64.1,60.6,62.1,60.7,61.5,58.7,59.0,58.4,51.0,48.3,1.369,1.025,1.369,10.942,9.626,10.940,60.887,33.776,3.732,5.731,5.238,4.531,3.688,2.189,3.073,2.611,2.798,14.844,9.920,24.764,33.821,1197.8,1197.8,4109.9,4119.1,4100.7,4119.1,38.4,18.2,67.7,75.7,49.6,No,No,No,2.064,0.019,5.4,47,95.0,100.0,No,No,91369,99120,31,99.0,No,No,3320,0.0,0.2,0.2,0.000,2.762,103659,123485,0.0,0.0,0.0,0.000,0.000,52,0,36.0,48.2,83.0,0.669,12.158,12.198,12.173,12.102,1132,19.063,7.198,9.641,1.403,17.237,11.872,5.356,0.336,9.641,9.343,1.312,5.840,220.000,240.000,210.0,101.2,555.0,213.2,600.0,27.0,27.0,0.0,0.0,28.1,1.6,6.3,0.0,0.0,0.0,33,Yes,No,No,No,No,Yes,No,8.6,11.0,2,0,0,0,0,0,0,0,0,58,0,0,0,0,0,0,0,0,0,0,0,0,0,0,0,0,0,0,0,0,5892,2300,2135,135,2.5,239.8,267.7,217.7,214.5,215.8,214.2,1.5,1.5,1.5,1.5,1.5,1.5,4.17,4.62,3.72,3.65,4.69,4.74,0.93,0.01,4.06,0.12,13.59,0,0,0.0,0.0,20300,1799,0.1,0.0,0,
9.7.2026,23:39:8.219,27717,18277,60.2,20995,11686,64.2,0.4,13312,52,1.345,1.350,1.344,1.344,1.344,1.344,1.344,1.344,1.344,4055.2,4142.5,4117.6,4117.6,4117.6,3593.5,4117.6,4117.6,4117.6,99.8,1160.2,3739.8,2318.3,1624.8,2239.1,1132.1,1487.2,1045.1,979.6,269.8,313.8,701.7,698.3,463.6,477.6,577.9,495.0,1160.2,25.1,42.9,56.2,39.5,54.3,27.4,35.9,25.3,23.5,6.6,7.7,16.9,16.8,11.0,11.5,14.2,12.2,56.2,25.1,28.4,48.9,64.1,44.8,61.9,30.9,40.7,28.5,26.6,7.2,8.4,18.9,18.8,12.3,12.8,15.9,13.5,28.4,40.6,41.5,41.2,41.2,41.2,36.0,41.2,41.2,41.2,0.0,63.6,90.7,90.6,69.8,63.8,43.1,55.4,48.7,46.3,36.4,9.3,9.4,30.2,36.2,56.9,44.6,51.3,53.7,0.0,0.0,0.0,0.0,0.0,0.0,0.0,0.0,0.0,1197.8,12.00,16,16,16,39,55,661,1,73.6,71.7,68.2,63.7,67.5,68.0,65.9,63.4,60.5,62.1,60.3,61.7,58.5,58.8,58.2,52.0,47.9,1.369,1.025,1.369,10.525,9.542,10.524,57.201,33.065,3.641,5.410,5.590,4.192,3.490,2.139,2.982,2.468,2.860,14.308,9.833,24.141,33.166,1197.8,1197.8,4117.0,4126.4,4107.6,4126.4,37.7,17.5,63.6,75.4,48.9,No,No,No,1.704,0.019,5.1,47,95.0,100.0,No,No,91369,99120,31,99.0,No,No,3320,0.0,0.1,0.1,0.000,2.663,103659,123490,0.0,0.0,0.0,0.000,0.000,52,0,36.1,48.2,83.0,0.669,12.162,12.203,12.178,12.107,1127,19.074,7.284,9.911,1.293,17.402,11.889,5.506,0.336,9.911,9.129,1.632,5.829,220.000,240.000,210.0,101.2,555.0,210.0,600.0,28.0,27.0,0.0,0.0,28.1,1.7,6.9,0.0,0.0,0.0,33,Yes,No,No,No,No,Yes,No,8.7,11.2,2,0,0,0,0,0,0,0,0,58,0,0,0,0,0,0,0,0,0,0,0,0,0,0,0,0,0,0,0,0,5893,2299,2134,136,2.5,239.7,264.6,215.2,213.5,214.2,213.4,1.5,1.5,1.5,1.5,1.5,1.5,4.17,4.68,3.76,3.69,4.70,4.73,0.93,0.02,4.06,0.11,7.54,0,0,0.0,0.0,20300,1799,0.6,0.1,0,
9.7.2026,23:39:10.232,27716,18278,60.2,20944,11738,64.0,0.4,13312,52,1.355,1.350,1.356,1.356,1.356,1.356,1.356,1.356,1.356,4142.5,4142.5,4142.5,4142.5,4142.5,4142.5,4142.5,4142.5,4142.5,99.8,1529.4,3827.9,1790.9,2834.8,1603.3,2076.7,1458.9,1866.0,1204.6,845.7,644.0,1416.8,960.9,1138.8,800.6,1074.3,926.4,1529.4,35.0,66.1,43.1,68.7,38.6,50.2,35.0,45.1,28.8,19.7,14.7,34.1,22.1,27.1,18.4,25.4,22.3,68.7,35.0,39.8,75.1,48.8,78.1,43.7,56.9,39.6,51.1,32.5,22.8,17.2,38.6,25.6,30.6,21.4,29.3,25.2,39.8,41.5,41.5,41.5,41.5,41.5,41.5,41.5,41.5,41.5,0.0,78.9,93.2,93.1,84.9,81.5,66.0,74.0,69.4,69.4,21.1,6.8,6.9,15.1,18.5,34.0,26.0,30.6,30.6,0.0,0.0,0.0,0.0,0.0,0.0,0.0,0.0,0.0,1197.8,12.00,16,16,16,39,55,661,1,72.8,71.2,61.2,65.6,68.9,68.9,67.9,66.3,62.6,64.0,62.6,63.3,59.5,59.8,59.2,51.8,48.1,1.369,1.019,1.363,13.932,9.654,13.946,70.998,37.871,4.569,6.346,6.478,5.319,4.724,3.046,3.886,3.398,3.358,18.829,9.961,28.790,37.880,1197.8,1197.8,4107.0,4109.3,4104.7,4110.5,43.0,23.2,78.9,75.0,51.3,No,No,No,1.485,0.027,6.3,47,95.0,100.0,No,No,91369,99120,31,99.0,No,No,3320,0.0,0.5,0.5,0.073,5.662,103659,123501,0.0,0.0,0.0,0.000,0.000,52,0,36.0,48.0,83.0,0.669,12.160,12.200,12.175,12.104,1128,19.132,7.242,9.699,1.305,17.374,11.971,5.388,0.336,9.699,9.318,1.315,6.018,220.000,240.000,210.0,101.2,555.0,210.0,600.0,28.0,27.0,0.0,0.0,28.8,1.9,7.7,0.0,0.0,0.0,33,Yes,No,No,No,No,Yes,No,8.6,11.9,2,0,0,0,0,0,0,0,0,58,0,0,0,0,0,0,0,0,0,0,0,0,0,0,0,0,0,0,0,0,5834,2358,2193,141,2.5,239.8,257.8,219.2,206.9,213.3,204.2,7.8,133.8,2.1,2.1,2.1,2.1,4.17,4.61,3.88,1.72,5.59,7.26,1.17,0.04,4.04,0.13,3.33,0,0,0.0,0.0,20300,1799,15.1,3.4,0,
9.7.2026,23:39:12.221,27703,18291,60.2,20915,11767,63.9,0.4,13312,52,1.352,1.319,1.363,1.356,1.356,1.356,1.356,1.356,1.356,4139.4,4117.6,4142.5,4142.5,4142.5,4142.5,4142.5,4142.5,4142.5,99.8,1025.0,3275.6,1403.2,1955.3,1370.9,1030.9,1259.3,826.7,946.3,267.8,290.3,596.1,589.5,500.2,420.6,859.5,808.5,1025.0,22.6,47.3,33.3,46.9,32.7,24.2,30.0,19.5,22.4,6.9,7.5,14.0,14.4,11.6,10.5,21.3,19.4,47.3,22.6,25.5,54.0,37.9,53.6,37.2,27.6,34.1,22.2,25.4,7.0,7.7,15.9,15.6,13.1,11.1,23.6,22.1,25.5,41.5,41.2,41.5,41.5,41.5,41.5,41.5,41.5,41.5,0.0,64.0,79.4,79.0,70.2,66.1,48.0,56.4,52.9,59.8,36.0,20.6,21.0,29.8,33.9,52.0,43.6,47.1,40.2,0.0,0.0,0.0,0.0,0.0,0.0,0.0,0.0,0.0,1197.8,12.00,16,16,16,39,55,661,1,70.9,67.4,69.0,62.6,65.4,64.8,63.9,62.4,60.3,61.2,60.3,62.2,58.7,59.0,58.4,51.8,48.2,1.369,1.031,1.369,10.077,9.400,10.056,57.365,32.191,3.490,5.173,5.068,3.876,3.319,2.154,2.754,2.481,3.099,13.725,9.688,23.413,32.377,1197.8,1197.8,4120.4,4127.0,4113.8,4141.5,36.8,16.8,63.7,70.9,49.0,No,No,No,0.893,0.023,5.1,47,95.0,100.0,No,No,91369,99120,31,99.0,No,No,3320,0.0,0.2,0.2,0.000,2.874,103659,123507,0.0,0.0,0.0,0.000,0.000,52,0,35.9,48.2,83.0,0.669,12.161,12.199,12.177,12.106,1129,19.119,7.198,9.490,1.305,17.291,12.009,5.272,0.336,9.490,9.458,1.316,6.016,220.000,240.000,210.0,101.2,555.0,210.0,600.0,29.0,27.0,0.0,0.0,27.7,2.2,8.9,0.0,0.0,0.0,33,Yes,No,No,No,No,Yes,No,8.6,11.1,2,0,0,0,0,0,0,0,0,58,0,0,0,0,0,0,0,0,0,0,0,0,0,0,0,0,0,0,0,0,5925,2267,2102,141,2.5,239.7,254.4,223.1,209.5,216.9,206.6,2.9,3.7,2.3,2.3,2.3,2.3,4.17,4.52,3.91,3.48,4.64,4.85,0.91,0.01,4.07,0.10,0.71,0,0,0.0,0.0,20300,1799,1.5,0.4,0,
9.7.2026,23:39:14.230,27593,18401,59.9,20883,11799,63.8,0.4,13312,52,1.381,1.369,1.387,1.387,1.381,1.381,1.381,1.381,1.381,4189.3,4167.5,4192.4,4192.4,4192.4,4192.4,4192.4,4192.4,4192.4,99.8,868.6,3117.4,1409.4,1754.2,1127.3,839.9,1116.9,654.9,808.7,227.6,212.6,426.2,502.3,364.8,357.6,437.6,540.4,868.6,18.4,41.0,33.5,41.8,26.6,19.8,26.3,15.2,19.0,5.1,4.8,9.9,11.6,8.1,8.2,10.2,12.8,41.8,18.4,21.2,47.2,38.4,48.0,30.4,22.9,30.1,17.5,21.8,6.1,5.6,11.4,13.4,9.5,9.5,11.9,14.8,21.2,42.0,41.8,42.0,42.0,42.0,42.0,42.0,42.0,42.0,0.0,56.7,75.3,72.1,63.8,59.7,40.9,49.7,45.7,46.8,43.3,24.7,27.9,36.2,40.3,59.1,50.3,54.3,53.2,0.0,0.0,0.0,0.0,0.0,0.0,0.0,0.0,0.0,1197.8,12.00,16,16,16,39,55,661,1,69.0,66.1,62.5,61.5,64.6,63.7,62.9,61.3,59.6,60.2,59.4,60.4,58.1,58.4,57.7,51.2,48.1,1.388,1.031,1.394,8.994,9.266,9.007,50.692,30.869,3.185,4.936,4.717,3.552,3.009,2.010,2.495,2.271,2.492,12.310,9.546,21.856,30.843,1197.8,1197.8,4128.8,4140.2,4117.4,4165.9,35.0,15.0,56.3,69.6,48.1,No,No,No,0.746,0.020,4.5,47,95.0,100.0,No,No,91369,99120,31,99.0,No,No,3320,0.0,0.2,0.2,0.000,2.909,103659,123512,0.0,0.0,0.0,0.000,0.000,52,0,36.0,48.1,83.0,0.669,12.165,12.204,12.181,12.111,1132,18.890,7.264,9.675,1.355,17.284,11.905,5.375,0.336,9.675,9.308,1.787,5.940,220.000,240.000,210.0,101.2,555.0,210.0,600.0,28.0,27.0,0.0,0.0,27.6,1.7,6.6,0.0,0.0,0.0,33,Yes,No,No,No,No,Yes,No,8.6,11.1,2,0,0,0,0,0,0,0,0,58,0,0,0,0,0,0,0,0,0,0,0,0,0,0,0,0,0,0,0,0,5927,2265,2100,140,2.5,239.7,259.1,217.7,214.9,216.4,214.4,2.0,3.2,1.5,1.5,1.5,1.5,4.17,4.62,3.80,3.48,4.76,4.99,0.95,0.01,4.08,0.10,3.50,0,0,0.0,0.0,20300,1799,5.9,1.8,0,
9.7.2026,23:39:16.248,27634,18359,60.0,20928,11754,64.0,0.4,13312,52,1.366,1.363,1.363,1.363,1.363,1.363,1.363,1.375,1.375,4060.8,3314.0,4167.5,4167.5,4167.5,4167.5,4167.5,4167.5,4167.5,99.8,1046.6,3321.5,1537.0,2010.2,1448.8,1123.1,1257.4,800.4,951.6,323.1,334.5,675.0,635.0,474.5,486.4,788.3,579.6,1046.6,22.8,49.5,36.3,47.9,34.8,26.2,29.6,18.5,22.3,7.2,7.5,15.6,15.1,10.5,11.0,18.6,13.5,49.5,22.8,26.2,56.9,41.7,55.0,39.4,30.3,34.0,21.5,25.6,8.6,8.9,18.1,16.8,12.4,13.0,21.6,15.8,26.2,40.7,33.2,41.8,41.8,41.8,41.8,41.8,41.8,41.8,0.0,63.9,80.4,79.7,70.5,66.0,48.7,57.3,53.3,55.0,36.1,19.6,20.3,29.5,34.0,51.3,42.7,46.7,45.0,0.0,0.0,0.0,0.0,0.0,0.0,0.0,0.0,0.0,1197.8,12.00,16,16,16,39,55,661,1,77.0,67.0,66.2,62.2,65.3,65.0,63.8,62.1,60.1,60.9,59.9,60.8,58.3,58.6,58.0,50.2,47.4,1.388,1.038,1.381,10.144,9.394,10.144,57.276,32.420,3.510,5.228,5.330,3.950,3.293,2.263,2.836,2.503,2.674,13.831,9.681,23.512,32.509,1197.8,1197.8,4128.9,4138.9,4118.8,4150.5,36.9,16.9,63.6,70.5,49.1,No,No,No,0.988,0.029,5.1,47,95.0,100.0,No,No,91369,99120,31,99.0,No,No,3320,0.0,0.3,0.3,0.000,4.516,103659,123521,0.0,0.0,0.0,0.000,0.000,52,0,35.9,48.0,83.0,0.669,12.157,12.195,12.173,12.102,1131,19.176,7.278,9.889,1.366,17.420,11.921,5.494,0.336,9.889,9.240,1.313,5.916,220.000,240.000,300.0,101.2,555.0,223.0,600.0,25.0,27.0,0.0,1.0,27.2,2.1,8.5,0.0,0.0,0.0,33,Yes,No,No,No,No,Yes,No,8.7,11.2,2,0,0,0,0,0,0,0,0,58,0,0,0,0,0,0,0,0,0,0,0,0,0,0,0,0,0,0,0,0,5965,2227,2063,146,2.5,239.7,267.3,214.4,206.7,208.2,205.7,1.5,1.5,1.5,1.5,1.5,1.5,4.17,4.67,3.70,3.47,4.81,4.88,0.93,0.01,4.06,0.11,0.15,0,0,0.0,0.0,20300,1799,8.0,2.8,0,
9.7.2026,23:39:18.222,27729,18264,60.2,21024,11657,64.3,0.4,13312,52,1.324,1.312,1.331,1.331,1.331,1.331,1.331,1.312,1.312,4070.8,4092.6,4067.7,4067.7,4067.7,4067.7,4067.7,4067.7,4067.7,99.8,1938.3,3555.3,2239.0,2599.6,2159.3,2006.8,2090.2,1812.9,1875.7,1316.2,1377.1,1633.8,1686.3,1456.0,1508.7,1901.8,1794.4,1938.3,46.2,63.7,54.8,62.7,53.1,48.8,51.4,44.3,46.2,33.0,34.2,40.8,40.6,35.8,37.2,47.2,44.9,63.7,46.2,51.9,72.0,61.7,70.8,60.2,54.8,57.8,49.7,51.9,36.8,38.1,45.7,46.0,40.1,41.6,53.0,50.4,51.9,40.8,41.0,40.8,40.8,40.8,40.8,40.8,40.8,40.8,0.0,75.3,86.8,85.5,79.2,76.2,64.6,70.7,67.8,71.4,24.7,13.2,14.5,20.8,23.8,35.4,29.3,32.2,28.6,0.0,0.0,0.0,0.0,0.0,0.0,0.0,0.0,0.0,1197.8,12.00,16,16,16,39,55,661,1,85.2,71.4,73.8,66.6,68.4,68.2,67.9,66.7,64.4,65.8,64.5,66.8,59.5,59.7,59.3,52.5,48.4,1.344,1.038,1.344,16.058,9.707,16.046,67.384,40.580,4.979,6.165,6.195,5.384,4.939,3.801,4.466,4.094,4.788,21.603,10.025,31.627,40.732,1197.8,1197.8,4094.6,4100.8,4088.4,4119.3,46.3,26.7,74.9,75.2,54.2,No,No,No,2.053,0.047,6.0,47,95.0,100.0,No,No,91369,99120,31,99.0,No,No,3320,0.3,0.3,0.6,0.401,2.541,103660,123526,0.0,0.0,0.0,0.000,0.000,52,0,35.9,48.2,83.0,0.669,12.151,12.185,12.170,12.097,1129,19.073,7.546,9.985,1.560,17.975,12.423,5.547,0.336,9.985,9.901,1.615,6.132,220.000,240.000,210.0,101.2,555.0,269.0,600.0,25.0,26.0,0.0,0.0,27.2,1.8,7.1,0.0,0.0,0.0,33,Yes,No,No,No,No,Yes,No,9.0,11.2,2,0,0,0,0,0,0,0,0,58,0,0,0,0,0,0,0,0,0,0,0,0,0,0,0,0,0,0,0,0,5965,2227,2062,145,2.5,239.7,297.1,206.3,183.4,188.3,180.7,3.9,10.8,2.4,2.3,2.3,2.3,4.17,5.41,2.76,1.89,6.78,7.89,1.04,0.14,3.99,0.18,6.38,0,0,0.0,0.0,20300,1799,11.2,2.9,0,
9.7.2026,23:39:20.231,27606,18388,60.0,20948,11734,64.0,0.4,13312,52,1.328,1.337,1.337,1.325,1.325,1.325,1.325,1.325,1.325,4092.6,4092.6,4092.6,4092.6,4092.6,4092.6,4092.6,4092.6,4092.6,99.8,1392.3,3590.5,1822.4,2817.7,1481.4,1679.1,1500.9,1249.1,1306.0,649.6,680.9,1017.7,1085.4,792.2,857.0,721.6,1024.8,1392.3,32.1,58.0,44.0,69.2,35.5,41.1,36.5,30.6,31.7,15.7,16.8,24.3,26.9,19.1,20.9,18.0,24.8,69.2,32.1,36.2,65.8,49.9,78.8,40.2,46.6,41.2,34.6,35.8,17.5,18.8,27.4,30.3,21.5,23.5,20.2,28.0,36.2,41.0,41.0,41.0,41.0,41.0,41.0,41.0,41.0,41.0,0.0,72.8,87.4,90.3,78.8,73.8,59.2,67.9,62.4,62.3,27.2,12.6,9.7,21.2,26.2,40.8,32.1,37.6,37.7,0.0,0.0,0.0,0.0,0.0,0.0,0.0,0.0,0.0,1197.8,12.00,16,16,16,39,55,661,1,82.1,70.9,67.5,65.4,68.6,69.2,67.3,65.5,62.9,64.1,62.6,62.9,59.8,60.1,59.5,52.0,48.2,1.344,1.038,1.350,12.829,9.628,12.828,65.427,36.267,4.202,5.905,6.328,4.816,3.998,2.829,3.601,3.101,3.034,17.346,9.931,27.277,36.343,1197.8,1197.8,4106.2,4114.1,4098.2,4117.2,41.3,21.4,72.7,74.7,51.1,No,No,No,1.585,0.021,5.8,47,95.0,100.0,No,No,91369,99120,31,99.0,No,No,3320,0.0,0.4,0.4,0.025,4.739,103660,123535,0.0,0.0,0.0,0.000,0.000,52,0,36.0,48.1,83.0,0.669,12.158,12.197,12.174,12.103,1128,19.008,7.173,9.411,1.366,17.214,11.982,5.228,0.336,9.411,9.520,1.439,5.824,220.000,240.000,210.0,101.2,555.0,255.0,600.0,24.0,26.0,0.0,0.0,27.1,1.7,6.7,0.0,0.0,0.0,33,Yes,No,No,No,No,Yes,No,8.6,11.1,2,0,0,0,0,0,0,0,0,58,0,0,0,0,0,0,0,0,0,0,0,0,0,0,0,0,0,0,0,0,5969,2223,2059,144,2.5,239.8,272.2,210.0,203.5,205.3,202.4,1.5,1.5,1.5,1.5,1.5,1.5,4.17,4.79,3.67,3.39,5.01,5.08,0.93,0.01,4.07,0.10,8.25,0,0,0.0,0.0,20300,1799,15.8,3.2,0,
9.7.2026,23:39:22.227,27618,18376,60.0,20959,11722,64.1,0.4,13312,52,1.352,1.369,1.350,1.350,1.350,1.350,1.350,1.350,1.350,4145.6,4167.5,4142.5,4142.5,4142.5,4142.5,4142.5,4142.5,4142.5,99.8,1301.0,3621.4,1713.4,2477.4,1548.9,1288.8,1362.9,1019.4,1165.7,500.4,558.3,887.3,853.0,746.1,784.8,1137.1,1151.8,1301.0,29.0,54.8,40.9,59.8,36.9,30.6,32.4,24.1,27.6,11.6,13.0,21.0,20.0,17.3,18.4,27.3,27.7,59.8,29.0,33.2,62.5,46.9,68.3,42.3,35.1,37.1,27.7,31.6,13.5,15.1,24.1,23.0,20.0,21.2,31.2,31.6,33.2,41.5,41.8,41.5,41.5,41.5,41.5,41.5,41.5,41.5,0.0,72.1,88.1,89.8,76.0,72.2,56.9,64.6,61.0,67.9,27.9,11.9,10.2,24.0,27.8,43.1,35.4,39.0,32.1,0.0,0.0,0.0,0.0,0.0,0.0,0.0,0.0,0.0,1197.8,12.00,16,16,16,39,55,661,1,79.0,70.4,68.0,64.6,67.3,67.7,65.4,64.4,61.9,63.2,61.9,64.9,59.4,59.7,59.1,51.8,47.9,1.362,1.025,1.363,12.322,9.602,12.329,64.861,35.656,4.089,5.802,6.176,4.173,3.755,2.649,3.287,2.947,3.925,16.695,9.904,26.600,35.685,1197.8,1197.8,4107.0,4112.2,4101.8,4112.9,40.6,20.5,72.1,74.1,50.9,No,No,No,1.770,0.013,5.8,47,95.0,100.0,No,No,91369,99120,31,99.0,No,No,3320,0.0,0.8,0.9,0.016,2.434,103660,123539,0.0,0.0,0.0,0.000,0.000,52,0,35.9,48.0,83.0,0.669,12.158,12.197,12.175,12.104,1129,18.965,7.210,9.720,1.403,17.240,11.837,5.400,0.336,9.720,9.267,1.338,5.837,220.000,240.000,210.0,101.2,555.0,210.0,600.0,27.0,27.0,0.0,0.0,27.1,1.6,6.3,0.0,0.0,0.0,33,Yes,No,No,No,No,Yes,No,8.6,11.0,2,0,0,0,0,0,0,0,0,58,0,0,0,0,0,0,0,0,0,0,0,0,0,0,0,0,0,0,0,0,5969,2223,2059,142,2.5,239.7,259.2,223.0,220.1,221.0,219.5,1.5,1.5,1.5,1.5,1.5,1.5,4.17,4.50,3.83,3.77,4.56,4.56,0.85,0.01,4.07,0.10,2.69,0,0,0.0,0.0,20300,1799,3.6,3.0,0,
9.7.2026,23:39:24.219,27506,18487,59.8,20870,11811,63.8,0.4,13312,52,1.345,1.337,1.350,1.350,1.344,1.344,1.344,1.344,1.344,4120.7,4117.6,4142.5,4117.6,4117.6,4117.6,4117.6,4117.6,4117.6,99.8,965.4,3092.1,1395.1,1492.3,1576.6,966.8,1132.5,693.2,876.5,390.3,345.8,520.5,554.5,448.7,484.4,754.6,722.0,965.4,21.2,42.6,33.4,35.8,37.8,23.0,27.1,16.4,21.0,9.5,8.4,12.5,13.2,10.6,11.6,18.4,17.6,42.6,21.2,24.0,48.6,37.9,40.8,43.1,26.1,30.7,18.5,23.7,10.6,9.3,14.0,14.8,11.9,13.1,20.7,19.8,24.0,41.3,41.2,41.5,41.2,41.2,41.2,41.2,41.2,41.2,0.0,59.2,75.0,74.8,65.3,61.4,44.7,51.5,48.4,52.4,40.8,25.0,25.2,34.7,38.6,55.3,48.5,51.6,47.6,0.0,0.0,0.0,0.0,0.0,0.0,0.0,0.0,0.0,1197.8,12.00,16,16,16,39,55,661,1,75.9,68.0,68.8,62.6,65.0,64.5,63.6,62.3,61.0,61.3,60.9,62.2,58.5,58.8,58.2,51.0,47.7,1.350,1.031,1.363,9.835,9.342,9.832,53.106,31.934,3.440,4.914,4.874,3.707,3.201,2.431,2.702,2.605,3.087,13.435,9.627,23.062,32.041,1197.8,1197.8,4123.3,4129.6,4117.0,4143.7,36.4,16.4,59.0,71.5,48.7,No,No,No,0.868,0.022,4.7,47,95.0,100.0,No,No,91369,99120,31,99.0,No,No,3320,0.0,0.4,0.4,0.000,5.068,103660,123549,0.0,0.0,0.0,0.000,0.000,52,0,35.8,48.0,83.0,0.669,12.155,12.194,12.172,12.100,1133,18.901,7.264,9.731,1.317,17.442,12.028,5.406,0.336,9.731,9.371,1.402,5.875,220.000,240.000,210.0,101.2,555.0,210.0,600.0,27.0,26.0,0.0,0.0,27.1,1.5,6.1,0.0,0.0,0.0,33,Yes,No,No,No,No,Yes,No,8.7,11.1,2,0,0,0,0,0,0,0,0,58,0,0,0,0,0,0,0,0,0,0,0,0,0,0,0,0,0,0,0,0,5970,2222,2057,141,2.5,239.7,262.9,222.4,221.0,221.5,220.8,4.4,29.5,1.7,1.7,1.7,1.7,4.17,4.53,3.77,3.69,4.57,4.59,0.93,0.01,4.07,0.10,5.38,0,0,0.0,0.0,20300,1799,3.5,1.0,0,
9.7.2026,23:39:26.227,27477,18517,59.7,20871,11811,63.8,0.4,13312,52,1.312,1.325,1.312,1.312,1.312,1.312,1.306,1.306,1.306,4080.1,4092.6,4067.7,4067.7,4067.7,4067.7,4092.6,4092.6,4092.6,99.8,1062.7,3299.0,1558.8,1965.6,1513.9,1086.3,1204.1,806.1,992.4,387.0,391.8,693.8,722.6,464.0,471.5,655.5,790.3,1062.7,23.3,46.7,37.2,47.1,36.2,25.8,28.6,19.1,23.5,9.1,9.2,16.4,17.0,10.7,11.0,15.6,18.9,47.1,23.3,26.6,53.5,42.6,54.0,41.4,29.5,32.7,21.8,26.9,10.4,10.5,18.7,19.5,12.2,12.6,17.8,21.6,26.6,40.9,41.0,40.8,40.8,40.8,40.8,41.0,41.0,41.0,0.0,63.3,79.8,81.3,69.4,65.3,47.5,57.3,51.1,55.1,36.7,20.2,18.7,30.6,34.7,52.5,42.7,48.9,44.9,0.0,0.0,0.0,0.0,0.0,0.0,0.0,0.0,0.0,1197.8,12.00,16,16,16,39,55,661,1,73.6,68.0,70.2,62.7,65.5,65.7,64.1,62.6,60.5,61.5,60.0,61.7,58.4,58.7,58.1,52.0,48.1,1.344,1.050,1.356,10.631,9.424,10.618,56.914,33.058,3.628,5.365,5.556,3.997,3.400,2.362,2.949,2.472,2.924,14.488,9.713,24.201,33.185,1197.8,1197.8,4128.8,4136.3,4121.3,4143.0,37.7,17.7,63.2,71.6,49.8,No,No,No,1.062,0.020,5.1,47,95.0,100.0,No,No,91369,99120,31,99.0,No,No,3320,0.2,0.3,0.5,0.343,2.700,103660,123554,0.0,0.0,0.0,0.000,0.000,52,0,35.9,48.0,83.0,0.669,12.158,12.197,12.174,12.103,1129,19.013,7.243,9.562,1.451,17.275,11.958,5.312,0.336,9.562,9.520,1.454,5.999,220.000,240.000,210.0,101.2,555.0,210.0,600.0,25.0,26.0,0.0,0.0,27.1,1.5,6.0,0.0,0.0,0.0,33,Yes,No,No,No,No,Yes,No,8.6,11.0,2,0,0,0,0,0,0,0,0,58,0,0,0,0,0,0,0,0,0,0,0,0,0,0,0,0,0,0,0,0,5970,2222,2058,139,2.5,239.8,258.9,220.2,218.3,219.2,217.9,2.0,3.1,1.5,1.5,1.5,1.5,4.17,4.57,3.83,3.75,4.59,4.61,0.87,0.01,4.07,0.10,11.31,0,0,0.0,0.0,20300,1799,10.5,1.0,0,
9.7.2026,23:39:28.220,27617,18376,60.0,20852,11830,63.8,0.4,13312,52,1.332,1.331,1.350,1.331,1.331,1.331,1.331,1.325,1.325,4077.0,4092.6,4067.7,4067.7,4067.7,4067.7,4067.7,4092.6,4092.6,99.8,1082.8,3322.1,1374.5,2073.3,1444.0,1020.8,1307.4,910.9,1036.5,369.4,344.5,685.4,592.4,531.8,445.7,1123.7,742.4,1082.8,24.2,52.6,32.7,49.8,34.5,24.3,31.2,21.6,24.6,8.8,8.3,16.3,14.0,12.5,10.6,27.2,17.9,52.6,24.2,27.4,60.1,37.2,56.9,39.2,27.5,35.4,24.5,28.0,9.8,9.1,18.4,15.8,13.9,11.8,30.8,20.2,27.4,40.8,41.0,40.8,40.8,40.8,40.8,40.8,41.0,41.0,0.0,63.2,80.4,78.5,69.4,66.7,46.8,56.0,50.1,58.1,36.8,19.6,21.5,30.6,33.3,53.2,44.0,49.9,41.9,0.0,0.0,0.0,0.0,0.0,0.0,0.0,0.0,0.0,1197.8,12.00,16,16,16,39,55,661,1,71.5,67.8,68.0,62.8,65.7,65.3,64.1,62.9,60.5,61.4,60.2,62.3,58.7,59.0,58.4,51.2,47.6,1.350,1.031,1.356,10.498,9.426,10.507,56.812,33.040,3.590,5.300,5.272,3.869,3.467,2.261,2.812,2.473,3.267,14.307,9.716,24.023,33.048,1197.8,1197.8,4128.3,4133.2,4123.3,4140.7,37.6,17.5,63.1,71.4,49.6,No,No,No,1.102,0.022,5.1,47,95.0,100.0,No,No,91369,99120,31,99.0,No,No,3320,0.0,0.3,0.3,0.000,4.982,103660,123564,0.0,0.0,0.0,0.000,0.000,52,0,35.8,47.9,83.0,0.669,12.154,12.192,12.171,12.099,1129,18.997,7.196,9.535,1.439,17.198,11.894,5.297,0.336,9.535,9.454,1.359,5.910,220.000,240.000,210.0,101.2,555.0,210.0,600.0,28.0,26.0,0.0,0.0,27.1,1.7,6.8,0.0,0.0,0.0,33,Yes,No,No,No,No,Yes,No,8.7,11.2,2,0,0,0,0,0,0,0,0,58,0,0,0,0,0,0,0,0,0,0,0,0,0,0,0,0,0,0,0,0,5969,2223,2058,137,2.5,239.6,256.2,222.4,217.2,218.4,216.5,1.5,1.5,1.5,1.5,1.5,1.5,4.17,4.54,3.88,3.71,4.59,4.62,0.92,0.01,4.08,0.10,18.28,0,0,0.0,0.0,20300,1799,0.5,1.3,0,
9.7.2026,23:39:30.229,27626,18367,60.0,20861,11820,63.8,0.4,13312,52,1.338,1.344,1.337,1.337,1.337,1.337,1.337,1.337,1.337,4111.3,4117.6,4117.6,4117.6,4117.6,4117.6,4117.6,4092.6,4092.6,99.8,1086.3,3455.4,1403.4,2130.4,1395.6,1510.6,987.0,1219.4,794.0,375.2,273.3,794.1,568.0,651.8,494.3,810.5,518.2,1086.3,24.0,51.7,33.6,51.2,33.4,36.2,23.4,29.1,18.8,8.9,6.6,18.9,13.4,15.2,11.8,19.8,12.4,51.7,24.0,27.2,59.0,38.2,58.6,38.0,41.1,26.5,33.0,21.3,9.8,7.2,21.3,15.0,17.1,13.2,22.3,13.8,27.2,41.2,41.2,41.2,41.2,41.2,41.2,41.2,41.0,41.0,0.0,67.1,83.7,84.9,74.5,70.2,50.4,60.4,56.5,56.6,32.9,16.3,15.1,25.5,29.8,49.6,39.6,43.5,43.4,0.0,0.0,0.0,0.0,0.0,0.0,0.0,0.0,0.0,1197.8,12.00,16,16,16,39,55,661,1,70.1,68.1,70.2,62.9,65.9,65.8,64.5,63.1,60.6,61.6,60.5,61.6,58.6,58.9,58.3,51.2,48.1,1.350,1.038,1.356,10.997,9.430,11.001,60.383,33.673,3.730,5.499,5.605,4.256,3.615,2.294,3.007,2.693,2.871,14.966,9.720,24.686,33.701,1197.8,1197.8,4126.9,4133.2,4120.6,4136.6,38.3,18.3,67.1,71.7,50.0,No,No,No,0.991,0.020,5.4,47,95.0,100.0,No,No,91369,99120,31,99.0,No,No,3320,0.4,0.3,0.7,0.719,2.757,103662,123569,0.0,0.0,0.0,0.000,0.000,52,0,35.8,48.0,83.0,0.669,12.161,12.200,12.177,12.106,1132,18.997,7.209,9.616,1.293,17.255,11.900,5.342,0.336,9.616,9.275,1.502,5.954,220.000,240.000,210.0,101.2,555.0,210.0,600.0,32.0,29.0,0.0,0.0,27.1,1.5,6.1,0.0,0.0,0.0,33,Yes,No,No,No,No,Yes,No,8.9,11.1,2,0,0,0,0,0,0,0,0,58,0,0,0,0,0,0,0,0,0,0,0,0,0,0,0,0,0,0,0,0,5973,2219,2055,137,2.5,239.7,263.7,223.2,222.1,222.6,221.9,3.0,20.4,1.5,1.5,1.5,1.5,4.17,4.51,3.78,2.95,4.86,5.55,1.01,0.03,4.06,0.11,15.01,0,0,0.0,0.0,20300,1799,7.3,6.1,0,
9.7.2026,23:39:32.228,27683,18311,60.1,20870,11812,63.8,0.4,13312,52,1.323,1.319,1.325,1.325,1.325,1.325,1.325,1.325,1.319,4095.7,4117.6,4092.6,4092.6,4092.6,4092.6,4092.6,4092.6,4092.6,99.8,1205.2,3392.2,1619.5,2041.9,1751.3,1530.1,1337.9,1196.1,1012.3,560.9,452.6,879.3,810.3,726.2,613.1,722.5,637.5,1205.2,26.4,49.6,38.2,48.5,42.0,36.3,31.2,28.2,23.4,12.9,10.2,20.4,18.7,16.8,13.9,16.9,15.0,49.6,26.4,30.5,56.8,44.0,55.8,48.2,41.8,36.0,32.5,27.1,15.2,12.2,23.7,21.7,19.6,16.3,19.8,17.5,30.5,41.0,41.2,41.0,41.0,41.0,41.0,41.0,41.0,41.0,0.0,67.9,82.3,83.3,75.9,70.5,53.7,62.2,58.4,56.5,32.1,17.7,16.7,24.1,29.5,46.3,37.8,41.6,43.5,0.0,0.0,0.0,0.0,0.0,0.0,0.0,0.0,0.0,1197.8,12.00,16,16,16,39,55,661,1,69.2,68.4,71.0,63.6,66.2,66.5,65.6,63.8,61.4,62.3,61.3,61.9,59.0,59.3,58.7,52.0,48.0,1.337,1.044,1.350,11.542,9.491,11.531,60.785,34.331,3.890,5.492,5.709,4.580,3.770,2.585,3.261,2.861,2.860,15.697,9.786,25.483,34.491,1197.8,1197.8,4121.8,4128.3,4115.3,4143.1,39.2,19.2,67.5,72.0,50.4,No,No,No,1.078,0.031,5.4,47,95.0,100.0,No,No,91369,99120,31,99.0,No,No,3320,0.2,0.3,0.5,0.342,3.679,103662,123576,0.0,0.0,0.0,0.000,0.000,52,0,35.9,47.9,83.0,0.669,12.160,12.201,12.176,12.104,1131,19.198,7.305,9.796,1.489,17.509,12.056,5.442,0.336,9.796,9.549,1.327,5.754,220.000,240.000,240.0,101.2,555.0,212.2,600.0,30.0,28.0,0.0,0.0,27.6,2.2,8.9,0.0,0.0,0.0,33,Yes,No,No,No,No,Yes,No,8.8,11.1,2,0,0,0,0,0,0,0,0,58,0,0,0,0,0,0,0,0,0,0,0,0,0,0,0,0,0,0,0,0,5933,2259,2095,139,2.5,239.8,264.0,219.0,198.8,206.6,196.8,7.0,78.1,1.6,1.5,1.5,1.5,4.17,4.62,3.80,3.45,4.90,5.15,1.03,0.01,4.07,0.10,7.83,0,0,0.0,0.0,20300,1799,16.0,2.8,0,
9.7.2026,23:39:34.221,27735,18259,60.3,20928,11754,64.0,0.4,13312,52,1.327,1.350,1.325,1.325,1.325,1.325,1.325,1.325,1.319,3966.0,4067.7,4067.7,4067.7,4067.7,4067.7,4067.7,4067.7,3254.1,99.8,1864.7,3706.6,2193.0,2578.6,2205.5,2128.7,1884.3,1796.6,1675.0,1179.0,1080.7,1540.0,1430.1,1446.1,1280.5,1969.6,1740.2,1864.7,43.5,61.2,53.4,63.0,53.4,51.6,46.0,43.5,40.8,28.6,26.2,37.4,34.6,34.9,31.1,47.9,42.4,63.0,43.5,49.1,69.2,60.4,71.4,60.3,58.3,52.0,49.1,46.1,32.1,29.4,42.1,39.0,39.3,35.0,54.1,47.8,49.1,39.7,40.8,40.8,40.8,40.8,40.8,40.8,40.8,32.6,0.0,81.4,90.7,90.8,86.2,82.3,69.9,76.4,74.0,80.8,18.6,9.3,9.2,13.8,17.7,30.1,23.6,26.0,19.2,0.0,0.0,0.0,0.0,0.0,0.0,0.0,0.0,0.0,1197.8,12.00,16,16,16,39,55,661,1,70.0,71.4,72.2,66.6,68.7,68.4,68.2,66.7,64.1,65.6,64.3,67.2,60.3,60.5,60.0,52.2,48.5,1.356,1.025,1.356,15.523,9.837,15.535,73.237,40.212,4.871,6.077,6.001,5.426,4.854,3.521,4.247,3.934,4.907,20.901,10.156,31.057,40.207,1197.8,1197.8,4092.3,4094.6,4089.9,4095.8,45.7,25.9,81.4,75.2,53.5,No,No,No,1.919,0.064,6.5,46,95.0,100.0,No,No,91369,99120,31,99.0,No,No,3320,0.0,0.4,0.4,0.090,2.305,103662,123581,0.0,0.0,0.0,0.000,0.000,52,0,35.8,47.9,83.0,0.669,12.159,12.199,12.176,12.104,1132,19.220,7.266,9.771,1.378,17.448,12.007,5.428,0.336,9.771,9.398,1.343,5.775,220.000,240.000,345.0,101.2,555.0,315.0,600.0,22.0,26.0,0.0,2.0,27.4,2.3,9.0,0.0,0.0,0.0,33,Yes,No,No,No,No,Yes,No,8.7,10.9,2,0,0,0,0,0,0,0,0,58,0,0,0,0,0,0,0,0,0,0,0,0,0,0,0,0,0,0,0,0,5946,2246,2082,138,2.5,239.7,259.7,216.2,209.3,211.7,208.0,1.5,1.5,1.5,1.5,1.5,1.5,4.17,4.68,3.85,3.76,4.74,4.79,0.79,0.01,4.07,0.11,3.69,0,0,0.0,0.0,20300,1799,5.4,1.6,0,
9.7.2026,23:39:36.228,27618,18376,60.0,20860,11822,63.8,0.4,13312,52,1.367,1.356,1.369,1.369,1.369,1.369,1.369,1.369,1.369,4167.5,4167.5,4167.5,4167.5,4167.5,4167.5,4167.5,4167.5,4167.5,99.8,840.2,3107.4,1268.2,1468.5,1482.0,1077.0,828.4,749.0,642.9,173.1,143.6,491.0,445.1,329.4,235.1,500.6,501.9,840.2,18.5,46.2,30.4,35.0,35.4,26.2,20.1,18.2,15.5,3.8,3.8,12.1,10.9,8.0,5.9,12.5,12.5,46.2,18.5,20.7,52.5,34.5,40.1,39.9,29.2,22.5,20.2,17.1,4.6,3.8,13.2,11.8,8.6,6.2,13.8,13.8,20.7,41.8,41.8,41.8,41.8,41.8,41.8,41.8,41.8,41.8,0.0,55.1,75.1,72.2,63.1,58.3,37.4,48.4,42.4,44.1,44.9,24.9,27.8,36.9,41.7,62.6,51.6,57.6,55.9,0.0,0.0,0.0,0.0,0.0,0.0,0.0,0.0,0.0,1197.8,12.00,16,16,16,39,55,661,1,68.5,66.7,69.5,61.8,65.1,64.0,63.6,61.7,59.7,60.6,59.6,60.5,58.5,58.8,58.2,50.2,47.7,1.362,1.038,1.375,8.921,9.286,8.928,49.214,30.706,3.160,4.994,4.732,3.608,2.991,1.883,2.533,2.140,2.399,12.210,9.564,21.774,30.761,1197.8,1197.8,4123.4,4138.7,4108.0,4166.0,35.0,14.9,54.7,70.2,48.1,No,No,No,0.867,0.021,4.4,47,95.0,100.0,No,No,91369,99120,31,99.0,No,No,3320,0.0,0.3,0.3,0.008,4.227,103663,123589,0.0,0.0,0.0,0.000,0.000,52,0,35.8,47.9,83.0,0.669,12.156,12.195,12.172,12.101,1128,18.808,7.125,9.234,1.354,17.138,12.004,5.130,0.336,9.234,9.611,1.467,5.746,220.000,240.000,210.0,101.2,555.0,261.4,600.0,27.0,26.0,0.0,0.0,27.4,1.6,6.5,0.0,0.0,0.0,33,Yes,No,No,No,No,Yes,No,8.6,11.1,2,0,0,0,0,0,0,0,0,58,0,0,0,0,0,0,0,0,0,0,0,0,0,0,0,0,0,0,0,0,5947,2245,2080,137,2.5,239.8,265.9,216.3,210.1,211.0,209.6,1.5,1.5,1.5,1.5,1.5,1.5,4.17,4.64,3.75,3.63,4.77,4.78,0.88,0.01,4.07,0.10,10.38,0,0,0.0,0.0,20300,1799,9.0,2.2,0,
9.7.2026,23:39:38.223,27830,18164,60.5,20924,11757,64.0,0.4,13312,52,1.373,1.375,1.369,1.375,1.375,1.375,1.375,1.375,1.369,4164.4,4167.5,4167.5,4167.5,4167.5,4167.5,4167.5,4167.5,4142.5,99.8,888.3,3172.9,1172.7,1680.7,1349.7,1232.2,788.0,867.4,668.2,327.0,271.2,551.1,523.2,457.7,363.1,528.9,259.6,888.3,19.8,51.7,27.9,40.8,32.7,29.7,18.7,20.8,15.9,8.5,6.5,13.1,12.4,10.7,8.6,12.6,6.2,51.7,19.8,22.4,59.0,31.9,46.1,37.2,33.6,21.2,23.5,17.9,8.8,7.2,14.8,13.9,12.1,9.7,14.2,6.9,22.4,41.7,41.8,41.8,41.8,41.8,41.8,41.8,41.8,41.5,0.0,55.9,76.7,73.5,62.3,58.3,41.1,49.1,44.4,41.9,44.1,23.3,26.5,37.7,41.7,58.9,50.9,55.6,58.1,0.0,0.0,0.0,0.0,0.0,0.0,0.0,0.0,0.0,1197.8,12.00,16,16,16,39,55,661,1,75.6,67.1,64.0,61.9,65.4,64.4,63.3,61.7,60.0,60.4,59.7,60.0,58.2,58.5,57.9,51.5,48.0,1.375,1.031,1.375,9.323,9.316,9.325,49.953,31.258,3.276,5.221,4.883,3.615,3.082,2.156,2.613,2.316,2.320,12.753,9.599,22.351,31.327,1197.8,1197.8,4126.3,4144.7,4107.8,4166.7,35.6,15.5,55.5,70.6,48.5,No,No,No,0.824,0.020,4.5,47,95.0,100.0,No,No,91369,99120,31,99.0,No,No,3320,0.0,0.1,0.1,0.064,1.725,103663,123592,0.0,0.0,0.0,0.000,0.000,52,0,35.8,47.9,83.0,0.669,12.156,12.195,12.172,12.101,1129,18.887,7.184,9.391,1.232,17.259,12.028,5.217,0.336,9.391,9.447,1.736,5.802,220.000,240.000,210.0,101.2,555.0,210.0,600.0,29.0,27.0,0.0,0.0,27.4,1.9,7.4,0.0,0.0,0.0,33,Yes,No,No,No,No,Yes,No,8.6,11.1,2,0,0,0,0,0,0,0,0,58,0,0,0,0,0,0,0,0,0,0,0,0,0,0,0,0,0,0,0,0,5951,2241,2076,140,2.5,239.8,257.3,219.2,214.6,216.0,213.9,1.5,1.5,1.5,1.5,1.5,1.5,4.17,4.60,3.87,3.78,4.64,4.68,0.98,0.01,4.07,0.10,4.42,0,0,0.0,0.0,20300,1799,8.1,1.5,0,
9.7.2026,23:39:40.228,27744,18249,60.3,20884,11797,63.9,0.4,13312,52,1.367,1.356,1.369,1.369,1.369,1.369,1.369,1.369,1.369,4063.3,4167.5,4167.5,4167.5,4167.5,3334.0,4167.5,4167.5,4167.5,99.8,919.0,3104.1,1177.8,1688.5,1418.5,1225.3,778.4,855.3,741.1,370.5,320.1,646.6,484.6,373.2,316.4,542.4,660.6,919.0,19.7,46.9,28.0,40.0,34.0,28.9,17.8,19.8,17.0,8.2,6.9,14.8,10.7,7.9,6.7,12.5,15.3,46.9,19.7,23.0,53.6,31.9,46.3,38.7,33.4,21.0,23.2,20.0,10.0,8.6,17.5,12.9,9.7,8.4,15.0,18.1,23.0,40.7,41.8,41.8,41.8,41.8,33.4,41.8,41.8,41.8,0.0,58.1,75.2,74.2,64.4,60.2,44.4,51.9,45.3,49.7,41.9,24.8,25.8,35.6,39.8,55.6,48.1,54.7,50.3,0.0,0.0,0.0,0.0,0.0,0.0,0.0,0.0,0.0,1197.8,12.00,16,16,16,39,55,661,1,73.1,67.8,64.8,62.2,64.9,64.8,63.6,62.3,60.4,61.2,59.6,61.0,58.2,58.5,57.9,49.2,47.5,1.388,1.031,1.381,9.762,9.309,9.762,52.134,31.861,3.401,5.050,5.053,3.725,3.283,2.330,2.846,2.253,2.667,13.355,9.590,22.945,31.916,1197.8,1197.8,4127.5,4137.5,4117.5,4152.0,36.3,16.3,57.9,71.4,48.9,No,No,No,0.778,0.014,4.7,47,95.0,100.0,No,No,91369,99120,31,99.0,No,No,3320,0.0,0.2,0.2,0.000,3.492,103663,123599,0.0,0.0,0.0,0.000,0.000,52,0,35.8,47.8,83.0,0.669,12.157,12.197,12.173,12.102,1131,18.848,7.141,9.603,1.256,17.176,11.835,5.335,0.336,9.603,9.172,1.309,5.783,220.000,240.000,210.0,101.2,555.0,210.0,600.0,28.0,26.0,0.0,0.0,27.3,1.7,7.0,0.0,0.0,0.0,33,Yes,No,No,No,No,Yes,No,8.5,10.8,2,0,0,0,0,0,0,0,0,58,0,0,0,0,0,0,0,0,0,0,0,0,0,0,0,0,0,0,0,0,5958,2234,2069,140,2.5,239.8,262.5,217.2,212.7,213.5,212.3,1.5,1.5,1.5,1.5,1.5,1.5,4.17,4.65,3.77,3.64,4.71,4.75,0.92,0.01,4.08,0.09,11.25,0,0,0.0,0.0,20300,1799,3.4,1.0,0,
9.7.2026,23:39:42.224,27858,18135,60.5,20954,11728,64.1,0.4,13312,52,1.345,1.337,1.350,1.350,1.350,1.344,1.344,1.344,1.344,4117.6,4117.6,4117.6,4117.6,4117.6,4117.6,4117.6,4117.6,4117.6,99.8,1317.9,3679.4,1523.5,2671.4,1526.7,1872.5,1167.9,1494.0,937.2,615.0,475.5,1113.3,784.5,867.9,661.0,954.6,742.1,1317.9,29.9,58.2,36.2,64.6,36.3,45.2,28.1,36.1,22.5,15.0,11.7,26.9,18.9,20.9,16.0,23.4,18.1,64.6,29.9,33.8,66.5,41.5,73.6,41.6,51.2,31.7,40.7,25.2,16.6,12.7,30.2,21.0,23.3,17.7,26.2,20.1,33.7,41.2,41.2,41.2,41.2,41.2,41.2,41.2,41.2,41.2,0.0,73.9,89.3,91.9,80.9,75.7,58.6,68.4,63.2,63.1,26.1,10.7,8.1,19.1,24.3,41.4,31.6,36.8,36.9,0.0,0.0,0.0,0.0,0.0,0.0,0.0,0.0,0.0,1197.8,12.00,16,16,16,39,55,661,1,71.5,69.0,69.5,63.9,66.6,67.4,65.5,64.1,61.3,62.5,61.3,62.1,58.8,59.2,58.5,50.8,47.9,1.356,1.038,1.369,12.617,9.576,12.600,66.469,35.857,4.164,5.810,6.404,4.718,4.045,2.695,3.511,3.047,3.077,17.110,9.877,26.987,36.000,1197.8,1197.8,4120.2,4126.5,4113.9,4128.1,40.9,21.0,73.9,72.6,51.2,No,No,No,1.172,0.020,5.9,47,95.0,100.0,No,No,91369,99120,31,99.0,No,No,3320,0.1,0.4,0.5,0.206,2.916,103663,123604,0.0,0.0,0.0,0.000,0.000,52,0,35.8,47.9,83.0,0.669,12.154,12.193,12.170,12.098,1133,18.905,7.159,9.511,1.317,17.159,11.868,5.284,0.336,9.511,9.316,1.483,5.805,220.000,240.000,210.0,101.2,555.0,210.0,600.0,29.0,26.0,0.0,0.0,26.9,1.6,6.5,0.0,0.0,0.0,33,Yes,No,No,No,No,Yes,No,8.6,10.8,2,0,0,0,0,0,0,0,0,58,0,0,0,0,0,0,0,0,0,0,0,0,0,0,0,0,0,0,0,0,5985,2207,2042,140,2.5,239.8,260.2,219.5,214.5,214.9,214.3,1.5,1.5,1.5,1.5,1.5,1.5,4.17,4.58,3.82,3.78,4.67,4.68,0.96,0.01,4.06,0.11,0.55,0,0,0.0,0.0,20300,1799,16.2,8.0,0,
9.7.2026,23:39:44.218,27889,18105,60.6,20973,11708,64.1,0.4,13312,52,1.344,1.344,1.344,1.344,1.344,1.344,1.344,1.344,1.344,4095.7,4117.6,4092.6,4092.6,4092.6,4092.6,4092.6,4092.6,4092.6,99.8,1535.1,3901.8,1865.0,2858.7,1604.9,2065.7,1462.6,1727.1,1195.1,796.3,595.9,1475.1,961.1,1071.4,773.9,1107.6,1098.8,1535.1,34.9,66.5,44.7,69.2,38.3,49.6,34.7,41.3,28.3,18.6,13.7,35.1,22.4,25.1,17.9,26.4,26.2,69.2,34.9,39.9,75.7,51.0,78.9,43.8,56.5,39.7,47.1,32.4,21.4,15.8,40.1,25.7,28.7,20.6,30.2,30.0,39.9,41.0,41.2,41.0,41.0,41.0,41.0,41.0,41.0,41.0,0.0,81.1,95.1,95.8,87.6,82.7,66.8,77.2,71.3,72.1,18.9,4.9,4.2,12.4,17.3,33.2,22.8,28.7,27.9,0.0,0.0,0.0,0.0,0.0,0.0,0.0,0.0,0.0,1197.8,12.00,16,16,16,39,55,661,1,71.2,71.7,70.8,65.8,69.6,69.8,67.8,66.0,62.7,64.2,62.7,63.9,59.7,60.0,59.4,50.0,48.0,1.356,1.038,1.363,14.376,9.702,14.380,72.965,38.374,4.633,6.664,7.007,5.218,4.436,2.954,3.882,3.366,3.537,19.388,10.014,29.402,38.485,1197.8,1197.8,4103.2,4105.0,4101.4,4105.0,43.7,24.0,81.1,75.5,52.1,No,No,No,1.515,0.019,6.5,47,95.0,100.0,No,No,91369,99120,31,99.0,No,No,3320,0.0,0.4,0.4,0.030,2.894,103663,123610,0.0,0.0,0.0,0.000,0.000,52,0,35.8,47.9,83.0,0.669,12.159,12.199,12.175,12.103,1132,18.898,7.203,9.623,1.330,17.288,11.933,5.346,0.336,9.623,9.341,1.428,5.781,220.000,240.000,210.0,101.2,555.0,210.0,600.0,28.0,26.0,0.0,0.0,26.9,1.7,6.7,0.0,0.0,0.0,33,Yes,No,No,No,No,Yes,No,8.6,11.0,2,0,0,0,0,0,0,0,0,58,0,0,0,0,0,0,0,0,0,0,0,0,0,0,0,0,0,0,0,0,5985,2207,2042,139,2.5,239.7,265.0,216.1,207.3,208.6,206.6,1.5,1.5,1.5,1.5,1.5,1.5,4.17,4.65,3.75,3.75,4.79,4.86,0.92,0.01,4.06,0.11,11.29,0,0,0.0,0.0,20300,1799,0.4,0.4,0,
9.7.2026,23:39:46.224,27831,18162,60.5,20964,11718,64.1,0.4,13312,52,1.355,1.344,1.356,1.356,1.356,1.356,1.356,1.356,1.356,4139.4,4117.6,4142.5,4142.5,4142.5,4142.5,4142.5,4142.5,4142.5,99.8,1115.7,3634.8,1598.9,2859.6,1242.8,1333.8,1193.0,1028.0,883.8,263.0,254.7,697.0,636.9,434.8,443.6,658.9,686.8,1115.7,25.0,57.6,38.6,69.4,29.9,32.1,28.5,24.8,21.1,6.3,6.1,16.8,15.1,10.2,10.5,16.1,16.7,69.4,25.0,28.3,65.6,43.9,79.2,33.9,36.3,32.3,27.9,23.8,6.9,6.7,18.8,16.9,11.4,11.7,18.1,18.8,28.3,41.5,41.2,41.5,41.5,41.5,41.5,41.5,41.5,41.5,0.0,64.5,88.3,91.9,69.4,64.0,44.7,55.7,49.8,52.3,35.5,11.7,8.1,30.6,36.0,55.3,44.3,50.2,47.7,0.0,0.0,0.0,0.0,0.0,0.0,0.0,0.0,0.0,1197.8,12.00,16,16,16,39,55,661,1,71.4,73.4,73.0,64.6,69.7,71.6,65.7,64.6,60.8,62.2,60.6,62.0,59.2,59.6,58.9,50.8,48.0,1.362,1.031,1.375,12.152,9.393,12.155,58.069,35.187,4.092,6.868,7.988,4.138,3.555,2.103,2.894,2.423,2.771,16.520,9.690,26.210,35.231,1197.8,1197.8,4113.5,4126.7,4100.4,4126.7,40.0,20.3,64.5,77.3,50.3,No,No,No,1.179,0.018,5.2,47,95.0,100.0,No,No,91369,99120,31,99.0,No,No,3320,0.0,0.1,0.1,0.000,1.240,103663,123612,0.0,0.0,0.0,0.000,0.000,52,0,35.7,47.9,83.0,0.669,12.160,12.202,12.175,12.104,1131,18.897,7.207,9.519,1.379,17.301,12.008,5.288,0.336,9.519,9.515,1.398,5.805,220.000,240.000,210.0,101.2,555.0,210.0,600.0,27.0,26.0,0.0,0.0,26.9,1.6,6.3,0.0,0.0,0.0,33,Yes,No,No,No,No,Yes,No,8.7,11.2,2,0,0,0,0,0,0,0,0,58,0,0,0,0,0,0,0,0,0,0,0,0,0,0,0,0,0,0,0,0,5985,2207,2042,138,2.5,239.7,261.9,216.2,205.0,208.0,203.5,1.5,1.5,1.5,1.5,1.5,1.5,4.17,4.64,3.81,3.43,4.81,4.94,0.94,0.01,4.07,0.10,13.36,0,0,0.0,0.0,20300,1799,0.1,0.0,0,
9.7.2026,23:39:48.224,27900,18093,60.6,20996,11686,64.2,0.4,13312,52,1.347,1.356,1.337,1.337,1.337,1.337,1.356,1.356,1.356,4041.5,3334.0,4142.5,4142.5,4142.5,4142.5,4142.5,4142.5,4142.5,99.8,1832.3,3867.1,2188.8,3210.5,1959.1,2196.1,1835.2,1861.4,1844.3,1156.1,1128.8,1498.1,1526.7,1340.1,1215.7,1246.0,1243.4,1832.3,43.2,70.3,53.5,78.5,47.9,53.7,44.8,45.5,45.0,27.9,27.2,36.6,37.2,32.6,29.7,30.7,30.7,78.5,43.2,48.7,79.7,60.4,89.0,54.0,60.5,50.4,51.2,50.6,31.8,30.9,41.1,41.7,36.5,33.2,34.3,34.3,48.7,40.5,33.4,41.5,41.5,41.5,41.5,41.5,41.5,41.5,0.0,78.7,94.4,96.8,83.7,80.7,65.9,73.9,68.9,65.6,21.3,5.6,3.2,16.3,19.3,34.1,26.1,31.1,34.4,0.0,0.0,0.0,0.0,0.0,0.0,0.0,0.0,0.0,1197.8,12.00,16,16,16,39,55,661,1,81.6,73.1,67.5,67.2,70.4,71.1,68.8,67.9,64.8,65.8,64.3,64.7,60.3,60.5,60.0,51.5,48.1,1.356,1.031,1.356,15.819,9.814,15.826,70.856,40.508,4.985,6.696,7.092,5.432,5.055,3.650,4.426,3.830,3.700,21.283,10.133,31.416,40.559,1197.8,1197.8,4096.5,4100.3,4092.8,4100.3,46.1,26.4,78.7,76.9,53.2,No,No,No,2.166,0.045,6.3,47,95.0,100.0,No,No,91369,99120,31,99.0,No,No,3320,0.0,0.3,0.3,0.098,1.899,103663,123616,0.0,0.0,0.0,0.000,0.000,52,0,35.7,47.8,83.0,0.669,12.150,12.189,12.166,12.095,1129,18.880,7.270,9.508,1.316,17.386,12.107,5.282,0.336,9.508,9.547,1.782,5.926,220.000,240.000,210.0,101.2,555.0,210.0,600.0,33.0,27.0,0.0,5.0,26.9,1.8,7.2,0.0,0.0,0.0,33,Yes,No,No,No,No,Yes,No,8.6,11.2,2,0,0,0,0,0,0,0,0,58,0,0,0,0,0,0,0,0,0,0,0,0,0,0,0,0,0,0,0,0,5987,2205,2041,137,2.5,239.7,289.0,203.7,202.0,202.4,201.9,1.3,1.3,1.3,1.3,1.3,1.3,4.17,5.06,3.30,3.21,5.21,5.22,0.99,0.06,4.02,0.15,11.78,0,0,0.0,0.0,20300,1799,13.1,1.7,0,
9.7.2026,23:39:50.224,27670,18323,60.1,20810,11872,63.6,0.4,13312,52,1.368,1.375,1.369,1.369,1.369,1.369,1.369,1.369,1.356,4164.4,4192.4,4167.5,4167.5,4167.5,4167.5,4167.5,4142.5,4142.5,99.8,1066.5,3420.0,1828.2,2639.2,1270.1,1033.6,1377.5,790.2,1057.7,267.5,300.5,599.3,638.7,381.4,415.1,438.8,607.0,1066.5,23.1,47.6,43.7,63.1,30.4,24.2,32.7,18.4,24.6,6.8,7.6,13.9,14.5,8.4,9.5,10.3,14.5,63.1,23.1,26.6,54.6,50.2,72.5,35.1,28.0,37.5,21.3,28.4,7.2,8.1,16.2,16.9,9.9,11.2,12.0,16.8,26.6,41.7,42.0,41.8,41.8,41.8,41.8,41.8,41.5,41.5,0.0,62.1,82.9,89.1,68.2,63.4,43.2,54.7,47.9,47.4,37.9,17.1,10.9,31.8,36.6,56.8,45.3,52.1,52.6,0.0,0.0,0.0,0.0,0.0,0.0,0.0,0.0,0.0,1197.8,12.00,16,16,16,39,55,661,1,78.4,69.4,70.2,63.3,66.9,67.2,64.7,63.1,60.9,61.8,60.6,61.3,59.3,59.6,58.9,51.8,48.5,1.375,1.031,1.381,10.296,9.538,10.296,55.895,32.803,3.527,5.400,5.750,3.892,3.305,2.163,2.838,2.360,2.507,14.052,9.830,23.882,32.897,1197.8,1197.8,4130.2,4139.5,4120.9,4139.5,37.4,17.2,62.1,73.1,49.6,No,No,No,1.207,0.017,5.0,47,95.0,100.0,No,No,91369,99120,31,99.0,No,No,3320,0.0,0.1,0.1,0.064,0.434,103663,123617,0.0,0.0,0.0,0.000,0.000,52,0,35.8,47.8,83.0,0.669,12.160,12.200,12.175,12.105,1131,18.896,7.195,9.477,1.354,17.301,12.032,5.265,0.336,9.477,9.531,1.309,5.872,220.000,240.000,210.0,101.2,555.0,210.0,600.0,28.0,26.0,0.0,0.0,26.9,1.6,6.2,0.0,0.0,0.0,33,Yes,No,No,No,No,Yes,No,8.6,11.2,2,0,0,0,0,0,0,0,0,58,0,0,0,0,0,0,0,0,0,0,0,0,0,0,0,0,0,0,0,0,5989,2203,2038,129,2.5,239.9,262.4,221.2,209.3,213.8,207.3,1.5,1.5,1.5,1.5,1.5,1.5,4.17,4.53,3.81,3.52,4.75,4.96,0.87,0.01,4.07,0.10,13.91,0,0,0.0,0.0,20300,1799,8.8,1.9,0,
9.7.2026,23:39:52.233,27559,18435,59.9,20711,11971,63.3,0.4,13312,52,1.368,1.363,1.369,1.369,1.369,1.369,1.369,1.369,1.369,3854.9,4167.5,4167.5,4167.5,4167.5,3334.0,3334.0,4167.5,3334.0,99.8,1304.8,3749.6,2040.3,2831.6,1458.0,1272.2,1599.2,1004.3,1413.3,414.0,489.0,859.6,929.6,624.8,676.2,697.6,817.4,1304.8,29.1,53.9,49.3,69.0,34.7,30.5,38.5,24.0,34.1,9.9,11.7,20.5,22.2,14.8,16.0,16.7,19.7,69.0,29.1,33.0,61.5,56.2,78.9,39.6,34.7,43.7,27.2,38.7,11.1,13.1,23.2,25.1,16.7,18.0,18.9,22.2,33.0,38.6,41.8,41.8,41.8,41.8,33.4,33.4,41.8,33.4,0.0,70.0,90.9,93.1,75.5,71.9,52.4,63.4,56.6,56.4,30.0,9.1,6.9,24.5,28.1,47.6,36.6,43.4,43.6,0.0,0.0,0.0,0.0,0.0,0.0,0.0,0.0,0.0,1197.8,12.00,16,16,16,39,55,661,1,75.4,67.9,64.5,63.3,66.1,65.6,64.8,63.4,61.2,62.4,61.2,61.9,59.2,59.5,58.9,50.5,48.2,1.375,1.038,1.375,10.817,9.764,10.818,63.019,33.747,3.638,5.191,4.943,4.082,3.640,2.424,3.281,2.738,2.802,14.702,10.059,24.761,33.806,1197.8,1197.8,4124.7,4130.9,4118.5,4130.9,38.4,18.0,70.0,71.5,50.4,No,No,No,1.439,0.017,5.6,47,95.0,100.0,No,No,91369,99120,31,99.0,No,No,3320,0.0,0.1,0.1,0.000,0.251,103663,123617,0.0,0.0,0.0,0.000,0.000,52,0,35.7,47.8,83.0,0.669,12.160,12.199,12.176,12.106,1131,18.819,7.145,9.454,1.269,17.205,11.936,5.252,0.336,9.454,9.367,1.307,5.872,220.000,240.000,210.0,101.2,555.0,210.0,600.0,28.0,26.0,0.0,1.0,26.9,1.6,6.3,0.0,0.0,0.0,33,Yes,No,No,No,No,Yes,No,8.6,11.0,2,0,0,0,0,0,0,0,0,58,0,0,0,0,0,0,0,0,0,0,0,0,0,0,0,0,0,0,0,0,5990,2202,2037,128,2.5,239.8,263.6,220.7,199.8,206.5,196.8,1.5,1.5,1.5,1.5,1.5,1.5,4.17,4.58,3.75,3.71,4.94,5.17,0.87,0.01,4.05,0.12,12.11,0,0,0.0,0.0,20300,1800,2.7,153.4,0,
9.7.2026,23:39:54.226,27558,18435,59.9,20707,11975,63.3,0.4,13312,52,1.361,1.363,1.363,1.363,1.363,1.363,1.363,1.356,1.356,4167.5,4167.5,4167.5,4167.5,4167.5,4167.5,4167.5,4167.5,4167.5,99.8,886.3,3158.7,1715.8,2542.1,1176.3,646.7,1315.6,664.4,854.6,164.2,182.6,396.1,525.0,236.2,240.2,150.1,212.8,886.3,18.7,38.8,41.0,61.2,27.9,15.0,31.8,15.6,20.2,3.6,4.0,9.1,12.0,5.1,5.2,3.2,4.8,61.2,18.7,21.5,44.3,47.0,70.3,32.2,17.5,35.9,17.8,23.0,4.4,4.9,10.5,13.9,6.1,6.3,4.0,5.8,21.5,41.8,41.8,41.8,41.8,41.8,41.8,41.8,41.8,41.8,0.0,54.6,76.5,86.9,60.6,56.2,35.9,47.3,39.6,33.4,45.4,23.5,13.1,39.4,43.8,64.1,52.7,60.4,66.6,0.0,0.0,0.0,0.0,0.0,0.0,0.0,0.0,0.0,1197.8,12.00,16,16,16,39,55,661,1,73.1,67.8,64.2,61.9,65.7,65.9,63.3,61.9,59.7,60.4,59.2,59.3,58.4,58.8,58.1,51.8,47.9,1.375,1.031,1.375,8.976,9.415,8.980,49.103,30.956,3.179,5.181,5.458,3.435,3.000,1.915,2.539,2.025,1.879,12.308,9.696,22.004,30.985,1197.8,1197.8,4136.3,4159.0,4113.6,4159.0,35.2,15.0,54.6,71.4,48.3,No,No,No,0.944,0.016,4.4,47,95.0,100.0,No,No,91369,99120,31,99.0,No,No,3320,0.0,0.0,0.0,0.000,0.000,103663,123617,0.0,0.0,0.0,0.000,0.000,52,0,35.7,47.8,83.0,0.669,12.158,12.196,12.174,12.103,1128,18.832,7.148,9.569,1.220,17.226,11.897,5.316,0.336,9.569,9.218,1.311,5.821,220.000,240.000,210.0,101.2,555.0,210.0,600.0,27.0,26.0,0.0,0.0,26.9,1.7,6.7,0.0,0.0,0.0,33,Yes,No,No,No,No,Yes,No,8.5,11.5,2,0,0,0,0,0,0,0,0,58,0,0,0,0,0,0,0,0,0,0,0,0,0,0,0,0,0,0,0,0,5990,2202,2037,128,2.5,239.8,264.1,219.2,206.8,210.6,205.2,1.5,1.5,1.5,1.5,1.5,1.5,4.17,4.63,3.72,3.61,4.82,4.92,0.89,0.01,4.07,0.10,10.19,0,0,0.0,0.0,20300,1800,93.1,4.0,0,
9.7.2026,23:39:56.225,27540,18454,59.8,20685,11996,63.2,0.4,13312,52,1.349,1.350,1.344,1.350,1.350,1.350,1.350,1.350,1.350,4123.8,4142.5,4142.5,4117.6,4117.6,4117.6,4117.6,4117.6,4117.6,99.8,966.9,3238.8,1348.5,2587.1,1410.3,816.1,1382.2,646.7,992.5,178.4,200.8,476.7,599.8,378.6,342.9,287.0,583.2,966.9,21.5,51.1,32.3,62.3,33.8,19.4,33.6,15.5,23.8,4.3,4.8,11.3,14.1,8.9,8.1,6.9,14.1,62.3,21.5,24.4,58.3,36.7,71.6,38.7,22.1,37.8,17.4,26.8,4.8,5.4,12.8,16.0,10.0,9.1,7.7,16.1,24.4,41.3,41.5,41.5,41.2,41.2,41.2,41.2,41.2,41.2,0.0,58.2,78.4,89.2,63.5,58.5,39.0,50.2,44.5,42.1,41.8,21.6,10.8,36.5,41.5,61.0,49.8,55.5,57.9,0.0,0.0,0.0,0.0,0.0,0.0,0.0,0.0,0.0,1197.8,12.00,16,16,16,39,55,661,1,70.5,65.5,63.0,61.3,63.3,63.6,62.5,61.3,59.5,60.6,59.7,60.2,58.1,58.5,57.8,49.8,47.8,1.356,1.025,1.350,8.649,9.622,8.645,52.357,30.636,3.025,4.112,4.339,3.406,3.012,1.950,2.693,2.342,2.343,11.848,9.908,21.756,30.734,1197.8,1197.8,4138.2,4157.9,4118.6,4157.9,34.9,14.4,58.2,68.9,48.7,No,No,No,1.043,0.016,4.7,47,95.0,100.0,No,No,91369,99120,31,99.0,No,No,3320,0.0,0.0,0.0,0.000,0.130,103663,123617,0.0,0.0,0.0,0.000,0.000,52,0,35.8,47.8,83.0,0.669,12.161,12.199,12.177,12.106,1131,18.798,7.133,9.522,1.244,17.145,11.852,5.290,0.336,9.522,9.212,1.307,5.897,220.000,240.000,210.0,101.2,555.0,210.0,600.0,28.0,26.0,0.0,0.0,26.8,1.5,6.1,0.0,0.0,0.0,33,Yes,No,No,No,No,Yes,No,8.5,11.5,2,0,0,0,0,0,0,0,0,58,0,0,0,0,0,0,0,0,0,0,0,0,0,0,0,0,0,0,0,0,5993,2199,2035,128,2.5,239.8,257.2,223.2,221.1,221.9,220.8,1.4,1.4,1.4,1.4,1.4,1.4,4.17,4.49,3.87,3.84,4.50,4.51,0.90,0.01,4.05,0.12,4.22,0,0,0.0,0.0,20300,1800,0.1,0.0,0,
9.7.2026,23:39:58.228,27538,18455,59.8,20673,12009,63.2,0.4,13312,52,1.363,1.363,1.363,1.363,1.363,1.363,1.363,1.363,1.363,4167.5,4167.5,4167.5,4167.5,4167.5,4167.5,4167.5,4167.5,4167.5,99.8,849.5,3037.0,1512.4,2562.4,1139.7,602.6,1279.7,659.8,881.3,157.8,170.4,384.1,442.2,230.7,229.4,180.3,122.8,849.5,18.7,42.1,36.6,61.8,27.5,14.6,31.6,16.2,21.5,4.0,4.3,9.4,10.7,5.5,5.6,4.6,3.2,61.8,18.7,20.9,47.6,41.4,71.0,31.2,16.4,34.9,17.7,23.8,4.2,4.5,10.2,11.6,5.9,6.0,4.9,3.2,20.9,41.8,41.8,41.8,41.8,41.8,41.8,41.8,41.8,41.8,0.0,53.1,73.5,86.5,58.2,55.1,35.7,45.3,38.3,32.3,46.9,26.5,13.5,41.8,44.9,64.3,54.7,61.7,67.7,0.0,0.0,0.0,0.0,0.0,0.0,0.0,0.0,0.0,1197.8,12.00,16,16,16,39,55,661,1,67.9,63.4,64.2,60.4,62.6,62.3,61.8,60.7,59.0,59.5,58.8,58.5,57.9,58.2,57.5,50.0,47.5,1.369,1.031,1.375,7.615,9.571,7.618,47.802,29.243,2.751,3.991,3.830,3.182,2.897,1.884,2.404,2.015,1.806,10.469,9.849,20.318,29.294,1197.8,1197.8,4135.5,4175.1,4095.9,4175.1,33.3,12.7,53.1,66.7,47.4,No,No,No,0.955,0.019,4.2,47,95.0,100.0,No,No,91369,99120,31,99.0,No,No,3320,0.1,1.1,1.2,0.057,7.825,103664,123632,0.0,0.0,0.0,0.000,0.000,52,0,35.7,47.7,83.0,0.669,12.157,12.195,12.174,12.103,1131,18.850,7.101,9.484,1.232,17.092,11.812,5.269,0.336,9.484,9.179,1.310,5.816,220.000,240.000,210.0,101.2,555.0,210.0,600.0,27.0,26.0,0.0,0.0,26.6,1.7,6.6,0.0,0.0,0.0,33,Yes,No,No,No,No,Yes,No,8.5,11.0,2,0,0,0,0,0,0,0,0,58,0,0,0,0,0,0,0,0,0,0,0,0,0,0,0,0,0,0,0,0,6009,2183,2018,128,2.5,239.7,266.2,222.5,214.9,217.1,213.9,1.5,1.5,1.5,1.5,1.5,1.5,4.17,4.54,3.74,3.63,4.61,4.66,0.96,0.02,4.06,0.11,6.13,0,0,0.0,0.0,20300,1800,1.1,0.5,0,
9.7.2026,23:40:0.222,27526,18468,59.8,20676,12006,63.2,0.4,13312,52,1.363,1.363,1.363,1.363,1.363,1.363,1.363,1.363,1.363,4167.5,4167.5,4167.5,4167.5,4167.5,4167.5,4167.5,4167.5,4167.5,99.8,915.3,3170.8,1921.1,2856.8,899.1,573.9,1341.2,649.0,919.3,154.6,172.0,427.0,510.0,250.4,276.3,287.4,235.7,915.3,19.3,36.3,46.1,68.6,21.2,13.4,32.7,15.5,22.1,3.4,3.8,10.0,11.8,5.5,6.2,6.6,5.4,68.6,19.3,22.1,41.4,52.8,79.1,24.4,15.5,36.7,17.5,24.8,4.1,4.5,11.4,13.5,6.4,7.3,7.8,6.4,22.1,41.8,41.8,41.8,41.8,41.8,41.8,41.8,41.8,41.8,0.0,54.7,76.7,86.2,59.0,55.6,36.5,46.1,40.3,37.1,45.3,23.3,13.8,41.0,44.4,63.5,53.9,59.7,62.9,0.0,0.0,0.0,0.0,0.0,0.0,0.0,0.0,0.0,1197.8,12.00,16,16,16,39,55,661,1,65.5,63.5,63.0,60.3,62.2,62.5,61.6,60.6,58.7,59.6,58.6,58.8,57.7,58.0,57.4,50.8,48.2,1.375,1.025,1.375,7.884,9.586,7.880,49.224,29.594,2.809,3.889,4.087,3.154,2.909,1.885,2.482,2.076,1.991,10.832,9.867,20.699,29.667,1197.8,1197.8,4135.6,4173.3,4097.9,4173.3,33.7,13.1,54.7,66.9,48.0,No,No,No,1.000,0.018,4.4,47,95.0,100.0,No,No,91369,99120,31,99.0,No,No,3320,0.0,0.3,0.4,0.049,1.816,103664,123636,0.0,0.0,0.0,0.000,0.000,52,0,35.6,47.7,83.0,0.669,12.158,12.196,12.174,12.103,1131,18.903,7.140,9.576,1.268,17.117,11.801,5.320,0.336,9.576,9.166,1.308,5.932,220.000,240.000,210.0,101.2,555.0,210.0,600.0,27.0,26.0,0.0,0.0,26.6,1.8,7.3,0.0,0.0,0.0,33,Yes,No,No,No,No,Yes,No,8.5,11.0,2,0,0,0,0,0,0,0,0,58,0,0,0,0,0,0,0,0,0,0,0,0,0,0,0,0,0,0,0,0,6009,2183,2018,128,2.5,239.9,261.0,224.3,202.6,210.9,199.1,1.4,1.4,1.4,1.4,1.4,1.4,4.17,4.47,3.81,3.24,4.78,5.08,0.96,0.01,4.05,0.12,0.20,0,0,0.0,0.0,20300,1800,0.8,0.6,0,
9.7.2026,23:40:2.228,27530,18464,59.8,20674,12008,63.2,0.4,13312,52,1.373,1.363,1.375,1.375,1.375,1.375,1.375,1.375,1.375,3985.9,4217.4,4192.4,4192.4,4192.4,3354.0,4192.4,4192.4,3354.0,99.8,954.9,3274.9,2000.1,2859.0,842.0,679.4,1341.1,685.5,984.9,211.0,255.1,442.8,561.3,322.7,348.8,245.5,224.6,954.9,20.3,38.0,47.9,68.7,19.8,16.0,32.6,16.3,23.5,5.0,6.0,10.5,13.2,7.4,8.2,5.8,5.2,68.7,20.3,23.1,43.4,55.1,79.2,22.8,18.4,36.7,18.5,26.7,5.7,6.8,11.8,14.9,8.4,9.3,6.6,6.1,23.1,39.9,42.2,42.0,42.0,42.0,33.6,42.0,42.0,33.6,0.0,54.9,79.0,83.9,59.3,56.3,37.7,46.1,41.2,35.9,45.1,21.0,16.1,40.7,43.7,62.3,53.9,58.8,64.1,0.0,0.0,0.0,0.0,0.0,0.0,0.0,0.0,0.0,1197.8,12.00,16,16,16,39,55,661,1,73.0,63.7,63.2,60.5,62.7,62.5,61.9,60.8,59.0,59.6,58.9,58.7,57.7,58.0,57.4,50.2,47.4,1.388,1.025,1.387,8.063,9.599,8.065,49.442,29.889,2.874,4.048,4.020,3.251,2.978,2.005,2.551,2.185,1.951,11.077,9.882,20.958,29.937,1197.8,1197.8,4135.2,4172.7,4097.7,4172.7,34.0,13.4,54.9,67.1,48.0,No,No,No,1.001,0.025,4.4,47,95.0,100.0,No,No,91369,99120,31,99.0,No,No,3320,0.0,0.2,0.2,0.008,0.376,103664,123637,0.0,0.0,0.0,0.000,0.000,52,0,35.8,47.8,83.0,0.669,12.160,12.199,12.177,12.106,1130,18.942,7.180,9.679,1.305,17.206,11.827,5.377,0.336,9.679,9.178,1.397,5.810,220.000,240.000,210.0,101.2,555.0,210.0,600.0,28.0,26.0,0.0,0.0,26.7,1.6,6.4,0.0,0.0,0.0,33,Yes,No,No,No,No,Yes,No,8.6,11.3,2,0,0,0,0,0,0,0,0,58,0,0,0,0,0,0,0,0,0,0,0,0,0,0,0,0,0,0,0,0,6005,2187,2022,128,2.5,239.7,278.0,211.1,175.5,186.1,169.4,2.0,3.0,1.5,1.5,1.5,1.5,4.17,4.73,3.58,2.56,5.37,5.89,0.88,0.01,4.06,0.11,8.50,0,0,0.0,0.0,20300,1800,0.5,0.0,0,
9.7.2026,23:40:4.229,27605,18389,60.0,20761,11921,63.5,0.4,13312,52,1.363,1.363,1.363,1.363,1.363,1.363,1.363,1.363,1.363,4167.5,4167.5,4167.5,4167.5,4167.5,4167.5,4167.5,4167.5,4167.5,99.8,1430.1,3438.8,2012.0,2828.8,1617.7,1631.8,1380.1,1457.0,1143.8,697.6,646.0,1129.0,888.1,855.7,789.2,1178.4,1187.3,1430.1,32.7,50.7,48.7,68.6,39.2,39.7,33.4,35.5,27.7,17.0,15.7,27.5,21.4,20.6,19.2,28.9,29.1,68.6,32.7,37.0,57.6,55.4,78.4,44.5,44.8,37.8,40.0,31.2,19.1,17.7,30.9,24.1,23.2,21.6,32.6,32.9,37.0,41.8,41.8,41.8,41.8,41.8,41.8,41.8,41.8,41.8,0.0,66.2,83.6,90.0,70.1,66.4,50.1,58.6,54.0,56.6,33.8,16.4,10.0,29.9,33.6,49.9,41.4,46.0,43.4,0.0,0.0,0.0,0.0,0.0,0.0,0.0,0.0,0.0,1197.8,12.00,16,16,16,39,55,661,1,79.6,67.8,61.5,63.5,65.0,64.7,64.6,63.3,61.4,63.0,61.7,63.9,58.8,59.0,58.5,51.0,48.2,1.375,1.025,1.375,11.673,9.760,11.675,59.545,34.921,3.810,4.763,4.584,4.205,3.818,2.744,3.482,3.090,3.797,15.857,10.061,25.918,34.959,1197.8,1197.8,4116.2,4134.1,4098.3,4134.1,39.7,19.5,66.2,71.4,51.9,No,No,No,1.396,0.036,5.3,47,95.0,100.0,No,No,91369,99120,31,99.0,No,No,3320,0.0,0.1,0.2,0.080,0.316,103664,123637,0.0,0.0,0.0,0.000,0.000,52,0,35.6,47.8,83.0,0.669,12.159,12.198,12.176,12.105,1129,18.876,7.132,9.528,1.293,17.046,11.753,5.293,0.336,9.528,9.164,1.485,5.891,220.000,240.000,210.0,101.2,555.0,210.0,600.0,28.0,26.0,0.0,0.0,26.6,1.8,7.1,0.0,0.0,0.0,33,Yes,No,No,No,No,Yes,No,8.5,11.1,2,0,0,0,0,0,0,0,0,58,0,0,0,0,0,0,0,0,0,0,0,0,0,0,0,0,0,0,0,0,6009,2183,2018,127,2.5,239.8,255.7,221.8,217.9,219.2,217.3,1.5,1.5,1.5,1.5,1.5,1.5,4.17,4.53,3.87,3.81,4.56,4.57,0.89,0.01,4.06,0.11,9.30,0,0,0.0,0.0,20300,1800,0.9,0.4,0,
9.7.2026,23:40:6.222,27595,18399,59.9,20748,11934,63.4,0.4,13312,52,1.352,1.356,1.350,1.350,1.356,1.350,1.350,1.350,1.350,4120.7,4142.5,4117.6,4117.6,4117.6,4117.6,4117.6,4117.6,4117.6,99.8,905.0,3095.5,1354.9,2754.5,1070.6,1336.3,678.1,955.7,620.6,202.0,153.4,536.8,410.3,333.8,252.7,336.5,387.9,905.0,20.0,46.7,32.5,66.2,25.6,32.5,16.1,23.3,14.9,5.0,3.8,13.0,9.8,7.9,6.0,8.2,9.3,66.2,20.0,22.6,53.0,36.9,76.3,29.3,36.5,18.2,26.0,16.6,5.4,4.0,14.3,10.8,8.7,6.6,9.1,10.4,22.6,41.3,41.5,41.2,41.2,41.2,41.2,41.2,41.2,41.2,0.0,55.5,74.9,88.2,60.2,56.3,37.0,46.7,40.9,39.6,44.5,25.1,11.8,39.8,43.7,63.0,53.3,59.1,60.4,0.0,0.0,0.0,0.0,0.0,0.0,0.0,0.0,0.0,1197.8,12.00,16,16,16,39,55,661,1,76.6,63.7,68.2,60.5,62.7,62.2,61.9,60.7,58.9,59.6,58.8,59.0,57.8,58.1,57.4,50.0,47.7,1.369,1.031,1.375,7.997,9.597,7.985,49.924,29.693,2.841,4.035,3.928,3.264,2.909,1.902,2.479,2.133,2.082,10.990,9.877,20.867,29.827,1197.8,1197.8,4135.9,4173.0,4098.8,4173.0,33.9,13.3,55.5,67.0,48.2,No,No,No,1.024,0.021,4.4,47,95.0,100.0,No,No,91369,99120,31,99.0,No,No,3320,0.0,0.4,0.4,0.008,4.660,103664,123646,0.0,0.0,0.0,0.000,0.000,52,0,35.7,47.9,83.0,0.669,12.158,12.196,12.175,12.104,1131,18.933,7.176,9.693,1.305,17.178,11.777,5.385,0.336,9.693,9.137,1.421,5.832,220.000,240.000,210.0,101.2,555.0,210.0,600.0,27.0,26.0,0.0,0.0,26.6,1.7,6.7,0.0,0.0,0.0,33,Yes,No,No,No,No,Yes,No,8.6,11.1,2,0,0,0,0,0,0,0,0,58,0,0,0,0,0,0,0,0,0,0,0,0,0,0,0,0,0,0,0,0,6009,2183,2018,128,2.5,239.7,259.9,220.5,212.1,214.7,211.1,1.4,1.4,1.4,1.4,1.4,1.4,4.17,4.54,3.84,3.74,4.65,4.73,0.97,0.01,4.06,0.11,2.90,0,0,0.0,0.0,20300,1800,0.1,0.1,0,
9.7.2026,23:40:8.231,27599,18395,60.0,20753,11928,63.5,0.4,13312,52,1.357,1.363,1.356,1.356,1.356,1.356,1.356,1.356,1.356,4145.6,4167.5,4142.5,4142.5,4142.5,4142.5,4142.5,4142.5,4142.5,99.8,926.1,3195.3,1503.1,2270.9,1507.8,1421.5,699.4,933.8,655.1,180.3,155.9,484.9,418.8,289.5,218.2,448.6,434.2,926.1,20.5,46.0,36.1,54.8,36.3,34.4,16.9,22.7,15.6,4.6,4.0,11.8,10.0,7.0,5.4,11.1,11.0,54.8,20.5,23.1,52.5,41.1,62.8,41.4,38.9,19.0,25.4,17.4,4.8,4.1,13.0,11.0,7.5,5.7,12.3,12.1,23.1,41.5,41.8,41.5,41.5,41.5,41.5,41.5,41.5,41.5,0.0,56.4,77.1,87.6,62.6,58.1,36.5,48.0,40.7,41.0,43.6,22.9,12.4,37.4,41.9,63.5,52.0,59.3,59.0,0.0,0.0,0.0,0.0,0.0,0.0,0.0,0.0,0.0,1197.8,12.00,16,16,16,39,55,661,1,73.5,64.0,65.8,60.5,62.6,62.2,62.0,60.6,58.8,59.6,58.6,59.5,57.7,58.0,57.4,51.2,47.5,1.381,1.038,1.381,8.059,9.579,8.060,50.805,29.872,2.865,4.046,3.927,3.355,2.910,1.884,2.466,2.046,2.286,11.050,9.858,20.909,29.885,1197.8,1197.8,4144.3,4163.5,4125.0,4163.5,34.0,13.4,56.4,67.3,48.0,No,No,No,0.994,0.016,4.5,47,95.0,100.0,No,No,91369,99120,31,99.0,No,No,3320,0.0,0.1,0.1,0.000,0.116,103664,123646,0.0,0.0,0.0,0.000,0.000,52,0,35.7,47.7,83.0,0.669,12.157,12.196,12.174,12.102,1132,18.843,7.169,9.580,1.293,17.153,11.824,5.322,0.336,9.580,9.205,1.470,5.929,220.000,240.000,210.0,101.2,555.0,210.0,600.0,28.0,26.0,0.0,1.0,26.6,1.7,6.7,0.0,0.0,0.0,33,Yes,No,No,No,No,Yes,No,8.5,11.2,2,0,0,0,0,0,0,0,0,58,0,0,0,0,0,0,0,0,0,0,0,0,0,0,0,0,0,0,0,0,6009,2183,2018,128,2.5,239.8,254.8,221.0,219.8,220.0,219.7,1.5,1.5,1.5,1.5,1.5,1.5,4.17,4.54,3.91,3.87,4.59,4.63,0.95,0.01,4.06,0.11,13.65,0,0,0.0,0.0,20300,1800,0.3,0.1,0,
9.7.2026,23:40:10.230,27593,18401,59.9,20745,11936,63.4,0.4,13312,52,1.360,1.337,1.363,1.363,1.363,1.363,1.363,1.363,1.369,4161.2,4117.6,4167.5,4167.5,4167.5,4167.5,4167.5,4167.5,4167.5,99.8,913.2,3213.7,1695.3,2581.4,1177.7,1353.4,621.8,924.5,635.6,153.2,148.7,445.1,388.0,288.8,226.4,436.8,321.1,913.2,19.5,42.3,40.5,61.9,27.9,32.3,14.5,21.9,14.7,3.5,3.4,10.3,8.7,6.6,5.1,10.5,7.6,61.9,19.5,22.4,48.6,46.5,71.5,32.2,36.9,16.7,25.1,16.9,4.1,3.9,11.9,10.1,7.6,5.9,12.0,8.7,22.4,41.7,41.2,41.8,41.8,41.8,41.8,41.8,41.8,41.8,0.0,55.1,77.6,87.0,60.8,56.9,34.2,46.2,39.1,38.7,44.9,22.4,13.0,39.2,43.1,65.8,53.8,60.9,61.3,0.0,0.0,0.0,0.0,0.0,0.0,0.0,0.0,0.0,1197.8,12.00,16,16,16,39,55,661,1,71.4,65.6,70.0,60.7,62.9,63.2,61.6,60.8,58.6,59.8,58.8,60.3,57.6,57.9,57.2,51.8,48.0,1.362,1.038,1.369,8.487,9.529,8.490,49.560,30.339,2.987,4.265,4.406,3.269,2.961,1.826,2.467,2.127,2.580,11.653,9.813,21.467,30.445,1197.8,1197.8,4145.6,4163.9,4127.3,4163.9,34.6,14.1,55.1,69.0,48.6,No,No,No,1.026,0.016,4.4,46,95.0,100.0,No,No,91369,99120,31,99.0,No,No,3320,0.0,0.1,0.1,0.000,0.096,103664,123646,0.0,0.0,0.0,0.000,0.000,52,0,35.6,47.8,83.0,0.669,12.156,12.195,12.172,12.101,1131,18.864,7.154,9.495,1.329,17.151,11.871,5.275,0.336,9.495,9.331,1.432,5.827,220.000,240.000,210.0,101.2,555.0,210.0,600.0,26.0,26.0,0.0,0.0,26.6,1.6,6.3,0.0,0.0,0.0,33,Yes,No,No,No,No,Yes,No,8.6,11.1,2,0,0,0,0,0,0,0,0,58,0,0,0,0,0,0,0,0,0,0,0,0,0,0,0,0,0,0,0,0,6009,2183,2018,128,2.5,239.7,265.3,223.3,212.1,216.4,210.4,1.4,1.4,1.4,1.4,1.4,1.4,4.17,4.52,3.73,3.59,4.66,4.77,1.02,0.01,4.06,0.11,0.85,0,0,0.0,0.0,20300,1800,0.8,0.4,0,
9.7.2026,23:40:12.223,27703,18290,60.2,20814,11867,63.6,0.4,13312,52,1.361,1.363,1.363,1.363,1.363,1.363,1.363,1.356,1.356,4136.3,4167.5,4142.5,4142.5,4142.5,4142.5,4117.6,4117.6,4117.6,99.8,1187.4,3594.4,1976.9,2589.5,1548.1,1636.5,1043.5,1321.8,803.4,373.3,294.0,856.7,603.9,612.2,452.0,721.2,570.8,1187.4,26.0,48.6,47.5,62.6,37.1,39.2,24.8,31.5,18.8,8.8,6.8,20.3,14.0,14.2,10.5,17.3,13.4,62.6,26.0,29.7,55.6,54.4,71.7,42.6,44.7,28.4,36.1,21.6,10.1,7.8,23.2,16.0,16.3,12.0,19.8,15.4,29.7,41.4,41.8,41.5,41.5,41.5,41.5,41.2,41.2,41.2,0.0,67.2,87.1,92.8,72.5,68.2,48.8,59.6,53.9,54.3,32.8,12.9,7.2,27.5,31.8,51.2,40.4,46.1,45.7,0.0,0.0,0.0,0.0,0.0,0.0,0.0,0.0,0.0,1197.8,12.00,16,16,16,39,55,661,1,70.0,68.9,64.0,62.7,65.8,66.3,64.2,62.8,60.1,61.2,60.0,60.8,58.3,58.6,58.0,50.0,47.8,1.369,1.031,1.375,10.931,9.612,10.936,60.450,33.788,3.704,5.457,5.802,4.220,3.581,2.265,3.003,2.577,2.727,14.899,9.907,24.806,33.820,1197.8,1197.8,4129.2,4137.2,4121.3,4137.2,38.4,18.2,67.2,72.5,50.1,No,No,No,1.139,0.017,5.4,47,95.0,100.0,No,No,91369,99120,31,99.0,No,No,3320,0.0,0.1,0.1,0.000,0.310,103664,123647,0.0,0.0,0.0,0.000,0.000,52,0,35.6,47.8,83.0,0.669,12.154,12.192,12.171,12.099,1128,18.861,7.161,9.574,1.219,17.258,11.930,5.319,0.336,9.574,9.239,1.368,5.794,220.000,240.000,210.0,101.2,555.0,210.0,600.0,27.0,26.0,0.0,0.0,26.6,1.6,6.6,0.0,0.0,0.0,33,Yes,No,No,No,No,Yes,No,8.6,11.1,2,0,0,0,0,0,0,0,0,58,0,0,0,0,0,0,0,0,0,0,0,0,0,0,0,0,0,0,0,0,6009,2183,2018,128,2.5,239.8,255.1,222.7,214.4,217.7,213.1,1.5,1.5,1.5,1.5,1.5,1.5,4.17,4.53,3.90,3.84,4.60,4.66,0.90,0.01,4.05,0.12,14.18,0,0,0.0,0.0,20300,1800,0.2,0.1,0,
9.7.2026,23:40:14.224,27613,18381,60.0,20764,11918,63.5,0.4,13312,52,1.359,1.363,1.363,1.363,1.356,1.356,1.356,1.356,1.356,4164.4,4142.5,4167.5,4167.5,4167.5,4167.5,4167.5,4167.5,4167.5,99.8,946.3,3245.3,1673.4,2869.0,989.4,1483.3,682.2,1031.3,642.3,184.9,195.8,545.2,475.2,314.8,309.5,260.2,239.1,946.3,20.7,44.2,40.2,69.1,23.8,35.9,16.4,24.9,15.4,4.7,4.2,13.2,11.3,7.6,7.6,6.6,6.2,69.1,20.7,23.4,50.4,45.9,79.5,26.9,40.6,18.4,27.9,17.1,4.9,5.2,14.6,12.5,8.2,8.2,7.1,6.6,23.4,41.7,41.5,41.8,41.8,41.8,41.8,41.8,41.8,41.8,0.0,56.6,78.3,88.4,63.0,58.4,37.3,49.1,41.9,36.2,43.4,21.7,11.6,37.0,41.6,62.7,50.9,58.1,63.8,0.0,0.0,0.0,0.0,0.0,0.0,0.0,0.0,0.0,1197.8,12.00,16,16,16,39,55,661,1,67.6,64.3,64.8,60.7,63.0,62.9,62.3,60.8,58.9,59.8,58.8,58.8,57.7,58.1,57.4,50.8,47.9,1.381,1.031,1.375,8.464,9.617,8.461,50.914,30.413,2.957,4.258,4.239,3.480,3.052,1.919,2.588,2.150,1.969,11.629,9.900,21.528,30.503,1197.8,1197.8,4153.2,4170.8,4135.7,4170.8,34.7,14.1,56.6,67.6,49.0,No,No,No,1.028,0.016,4.5,47,95.0,100.0,No,No,91369,99120,31,99.0,No,No,3320,0.0,0.1,0.1,0.000,0.342,103664,123648,0.0,0.0,0.0,0.000,0.000,52,0,35.6,47.7,83.0,0.669,12.158,12.197,12.175,12.104,1128,18.697,7.152,9.420,1.122,17.215,11.970,5.233,0.336,9.420,9.259,1.754,5.794,220.000,240.000,210.0,101.2,555.0,210.0,600.0,27.0,27.0,0.0,0.0,26.6,1.6,6.4,0.0,0.0,0.0,33,Yes,No,No,No,No,Yes,No,8.7,11.3,2,0,0,0,0,0,0,0,0,58,0,0,0,0,0,0,0,0,0,0,0,0,0,0,0,0,0,0,0,0,6009,2183,2018,128,2.5,239.7,260.6,219.1,197.5,205.7,194.4,1.5,1.5,1.5,1.5,1.5,1.5,4.17,4.58,3.82,3.36,4.92,5.18,0.92,0.01,4.05,0.12,3.60,0,0,0.0,0.0,20300,1800,0.8,0.4,0,
9.7.2026,23:40:16.236,27697,18296,60.2,20815,11867,63.6,0.4,13312,52,1.342,1.344,1.331,1.344,1.344,1.344,1.344,1.344,1.344,4139.4,4117.6,4142.5,4142.5,4142.5,4142.5,4142.5,4142.5,4142.5,99.8,1043.1,3378.4,1373.7,3052.5,1074.4,1615.9,771.5,1182.4,711.3,296.2,278.1,719.3,524.9,499.9,391.5,462.8,357.4,1043.1,23.1,52.8,32.5,73.7,25.4,38.6,18.1,28.2,16.6,6.9,7.2,17.0,12.1,11.6,9.1,11.0,8.4,73.7,23.1,26.4,60.6,37.4,84.7,29.2,44.1,20.9,32.3,19.0,8.0,7.5,19.4,13.9,13.3,10.4,12.6,9.6,26.4,41.5,41.2,41.5,41.5,41.5,41.5,41.5,41.5,41.5,0.0,61.9,81.6,92.0,68.6,64.2,42.8,54.8,48.7,42.4,38.1,18.4,8.0,31.4,35.8,57.2,45.2,51.3,57.6,0.0,0.0,0.0,0.0,0.0,0.0,0.0,0.0,0.0,1197.8,12.00,16,16,16,39,55,661,1,74.9,71.1,70.5,63.0,66.7,69.6,64.2,63.5,59.7,60.9,59.5,59.6,58.1,58.6,57.7,50.0,47.1,1.375,1.038,1.381,11.531,9.324,11.525,55.685,34.240,3.887,6.081,7.886,4.061,3.549,2.121,2.838,2.385,2.174,15.742,9.615,25.357,34.332,1197.8,1197.8,4139.4,4149.0,4129.8,4149.0,39.0,19.2,61.9,74.9,50.5,No,No,No,0.807,0.012,4.9,47,95.0,100.0,No,No,91369,99120,31,99.0,No,No,3320,0.0,0.1,0.1,0.000,0.918,103664,123649,0.0,0.0,0.0,0.000,0.000,52,0,35.5,47.7,83.0,0.669,12.158,12.196,12.174,12.103,1131,18.823,7.177,9.547,1.317,17.214,11.898,5.304,0.336,9.547,9.331,1.433,5.843,220.000,240.000,210.0,101.2,555.0,210.0,600.0,25.0,26.0,0.0,0.0,26.6,1.6,6.4,0.0,0.0,0.0,33,Yes,No,No,No,No,Yes,No,8.7,11.0,2,0,0,0,0,0,0,0,0,58,0,0,0,0,0,0,0,0,0,0,0,0,0,0,0,0,0,0,0,0,6009,2183,2018,128,2.5,239.6,264.3,218.5,206.9,211.4,205.2,1.4,1.4,1.4,1.4,1.4,1.4,4.17,4.67,3.74,3.50,4.76,4.84,0.91,0.01,4.07,0.10,2.15,0,0,0.0,0.0,20300,1800,0.0,0.0,0,
9.7.2026,23:40:18.229,27636,18358,60.0,20789,11893,63.6,0.4,13312,52,1.350,1.356,1.350,1.350,1.350,1.350,1.350,1.350,1.344,4120.7,4142.5,4117.6,4117.6,4117.6,4117.6,4117.6,4117.6,4117.6,99.8,1705.7,3753.3,1988.4,2994.4,1795.0,2247.9,1407.5,1847.2,1549.6,994.0,817.8,1389.1,1102.4,1267.3,907.9,1663.3,1566.7,1705.7,39.6,65.6,48.3,72.9,43.5,54.8,33.8,44.7,37.3,23.8,19.5,33.3,26.2,30.3,21.5,40.5,38.2,72.9,39.6,45.0,74.4,54.8,82.8,49.5,62.0,38.5,50.7,42.4,27.1,22.3,37.9,29.9,34.4,24.6,45.9,43.3,45.0,41.3,41.5,41.2,41.2,41.2,41.2,41.2,41.2,41.2,0.0,77.0,91.7,93.9,80.9,78.6,62.9,69.8,66.2,71.7,23.0,8.3,6.1,19.1,21.4,37.1,30.2,33.8,28.3,0.0,0.0,0.0,0.0,0.0,0.0,0.0,0.0,0.0,1197.8,12.00,16,16,16,39,55,661,1,74.6,74.1,74.5,67.0,70.9,71.7,68.6,67.2,63.4,64.8,63.0,66.5,59.6,59.8,59.4,50.0,47.8,1.356,1.031,1.375,16.028,9.649,16.030,69.274,40.570,5.093,7.257,7.558,5.492,4.935,3.274,3.937,3.541,4.750,21.618,9.967,31.585,40.688,1197.8,1197.8,4091.9,4098.6,4085.2,4098.6,46.2,26.7,77.0,78.0,52.9,No,No,No,1.864,0.109,6.2,47,95.0,100.0,No,No,91369,99120,31,99.0,No,No,3320,0.0,1.4,1.4,0.000,11.099,103664,123671,0.0,0.0,0.0,0.000,0.000,52,0,35.7,47.7,83.0,0.669,12.156,12.195,12.173,12.101,1129,18.954,7.288,9.511,1.256,17.310,12.029,5.284,0.336,9.511,9.410,2.207,6.024,220.000,240.000,210.0,101.2,555.0,210.0,600.0,33.0,28.0,0.0,5.0,26.6,2.1,8.3,0.0,0.0,0.0,33,Yes,No,No,No,No,Yes,No,8.6,10.9,2,0,0,0,0,0,0,0,0,58,0,0,0,0,0,0,0,0,0,0,0,0,0,0,0,0,0,0,0,0,6009,2183,2018,128,2.5,239.6,282.9,206.8,204.6,205.2,204.3,14.1,76.0,7.7,7.7,7.7,7.7,4.17,6.21,2.13,0.66,7.71,8.41,1.16,0.02,3.99,0.18,3.16,0,0,0.0,0.0,20300,1800,0.0,0.0,0,
9.7.2026,23:40:20.233,27616,18378,60.0,20764,11918,63.5,0.4,13312,52,1.352,1.363,1.350,1.350,1.350,1.350,1.350,1.350,1.350,4139.4,4117.6,4142.5,4142.5,4142.5,4142.5,4142.5,4142.5,4142.5,99.8,900.6,3302.2,1759.8,2377.0,1257.5,1146.4,695.6,815.4,620.4,181.9,202.1,495.8,406.4,287.5,226.6,292.3,342.2,900.6,19.8,44.4,42.6,57.3,30.7,28.1,16.8,20.0,15.1,4.8,5.3,12.2,10.0,7.0,5.7,7.4,8.7,57.3,19.8,21.9,50.3,48.3,65.4,34.6,31.1,18.7,22.0,16.5,4.8,5.3,13.1,10.6,7.3,5.8,7.9,9.4,21.9,41.5,41.2,41.5,41.5,41.5,41.5,41.5,41.5,41.5,0.0,54.4,80.0,84.7,57.2,53.5,37.0,45.6,39.7,37.5,45.6,20.0,15.3,42.8,46.5,63.0,54.4,60.3,62.5,0.0,0.0,0.0,0.0,0.0,0.0,0.0,0.0,0.0,1197.8,12.00,16,16,16,39,55,661,1,73.5,72.8,71.2,63.2,68.8,70.2,64.1,62.9,60.0,60.7,59.4,59.6,58.5,58.9,58.2,51.8,47.9,1.381,1.031,1.387,10.359,9.109,10.356,48.943,32.431,3.637,6.601,7.396,3.501,3.081,1.940,2.508,2.071,2.000,14.183,9.390,23.573,32.506,1197.8,1197.8,4120.2,4150.8,4089.5,4150.8,36.9,17.3,54.4,76.6,48.6,No,No,No,0.519,0.021,4.4,47,95.0,100.0,No,No,91369,99120,31,99.0,No,No,3320,0.0,0.5,0.5,0.007,4.176,103664,123679,0.0,0.0,0.0,0.000,0.000,52,0,35.6,47.7,83.0,0.669,12.159,12.199,12.175,12.103,1131,18.910,7.227,9.479,1.342,17.362,12.079,5.266,0.336,9.479,9.562,1.504,5.859,220.000,240.000,210.0,101.2,555.0,210.0,600.0,25.0,26.0,0.0,0.0,26.6,1.7,6.8,0.0,0.0,0.0,33,Yes,No,No,No,No,Yes,No,8.7,11.3,2,0,0,0,0,0,0,0,0,58,0,0,0,0,0,0,0,0,0,0,0,0,0,0,0,0,0,0,0,0,6009,2183,2018,128,2.5,239.7,256.9,223.1,221.4,221.8,221.2,1.4,1.4,1.4,1.4,1.4,1.4,4.17,4.50,3.87,3.84,4.52,4.53,0.77,0.01,4.08,0.09,6.80,0,0,0.0,0.0,20300,1800,0.5,0.5,0,
9.7.2026,23:40:22.219,27614,18380,60.0,20771,11911,63.5,0.4,13312,52,1.367,1.356,1.369,1.369,1.369,1.369,1.369,1.369,1.369,4142.5,4142.5,4142.5,4142.5,4142.5,4142.5,4142.5,4142.5,4142.5,99.8,1115.6,3604.1,2088.6,2712.4,1217.2,1112.7,1233.6,880.5,997.1,334.1,283.2,647.3,614.9,546.8,438.0,566.6,572.1,1115.6,23.8,43.8,50.2,65.7,28.7,26.4,29.5,20.8,23.7,7.6,6.3,15.2,14.2,12.5,10.0,13.2,13.3,65.7,23.8,27.4,50.1,57.6,75.3,33.1,30.3,33.6,23.9,27.0,9.0,7.5,17.5,16.4,14.5,11.7,15.4,15.6,27.4,41.5,41.5,41.5,41.5,41.5,41.5,41.5,41.5,41.5,0.0,63.2,87.4,89.2,66.4,62.2,45.4,54.1,50.0,50.6,36.8,12.6,10.8,33.6,37.8,54.6,45.9,50.0,49.4,0.0,0.0,0.0,0.0,0.0,0.0,0.0,0.0,0.0,1197.8,12.00,16,16,16,39,55,661,1,73.1,72.9,70.8,64.2,69.9,70.1,65.4,63.8,60.8,61.7,60.5,61.1,58.8,59.1,58.4,51.8,47.7,1.369,1.025,1.375,11.883,9.257,11.892,56.852,34.680,4.037,7.025,7.363,4.128,3.533,2.225,2.888,2.538,2.594,16.183,9.547,25.730,34.712,1197.8,1197.8,4113.4,4135.0,4091.7,4135.0,39.4,19.8,63.2,76.8,49.9,No,No,No,0.715,0.022,5.1,46,95.0,100.0,No,No,91369,99120,31,99.0,No,No,3320,0.0,0.5,0.5,0.000,5.247,103664,123689,0.0,0.0,0.0,0.000,0.000,52,0,35.6,47.7,83.0,0.669,12.156,12.199,12.170,12.099,1128,18.847,7.236,9.835,1.244,17.367,11.893,5.464,0.336,9.835,9.128,1.348,5.910,220.000,240.000,210.0,101.2,555.0,210.0,600.0,27.0,27.0,0.0,0.0,26.6,1.5,6.1,0.0,0.0,0.0,33,Yes,No,No,No,No,Yes,No,8.6,11.1,2,0,0,0,0,0,0,0,0,58,0,0,0,0,0,0,0,0,0,0,0,0,0,0,0,0,0,0,0,0,6009,2183,2018,128,2.5,240.0,268.5,217.8,215.7,215.7,215.7,1.5,1.5,1.5,1.5,1.5,1.5,4.17,4.61,3.72,3.53,4.67,4.70,0.88,0.01,4.08,0.09,12.78,0,0,0.0,0.0,20300,1800,0.1,0.1,0,
9.7.2026,23:40:24.229,27605,18389,60.0,20768,11914,63.5,0.4,13312,52,1.348,1.369,1.331,1.331,1.331,1.356,1.356,1.356,1.356,3848.7,4167.5,4142.5,4142.5,4167.5,4167.5,3334.0,3334.0,3334.0,99.8,835.7,2940.4,1690.6,2355.3,1416.8,601.3,940.3,529.2,741.3,173.0,145.4,393.9,444.8,289.4,259.9,245.6,203.4,835.7,17.7,33.9,40.5,57.0,33.8,14.0,23.4,12.6,17.6,4.0,3.2,9.3,10.4,6.5,6.0,5.7,4.7,57.0,17.7,20.1,38.6,46.4,65.2,39.0,16.1,25.5,14.2,19.9,4.6,3.8,10.5,11.8,7.5,6.9,6.6,5.5,20.1,38.6,41.8,41.5,41.5,41.8,41.8,33.4,33.4,33.4,0.0,51.5,71.3,88.1,52.5,49.5,34.6,43.0,38.2,34.8,48.5,28.7,11.9,47.5,50.5,65.4,57.0,61.8,65.2,0.0,0.0,0.0,0.0,0.0,0.0,0.0,0.0,0.0,1197.8,12.00,16,16,16,39,55,661,1,72.9,72.2,73.8,62.6,66.4,70.9,62.7,62.5,59.4,60.5,59.1,59.2,58.1,58.4,57.7,51.8,47.7,1.362,1.025,1.363,9.804,9.052,9.804,46.363,31.652,3.491,5.570,7.921,3.155,2.915,1.885,2.472,2.072,1.939,13.449,9.328,22.776,31.703,1197.8,1197.8,4119.0,4157.6,4080.3,4157.6,36.0,16.3,51.5,76.0,48.0,No,No,No,0.454,0.020,4.1,46,95.0,100.0,No,No,91369,99120,31,99.0,No,No,3320,0.0,0.3,0.3,0.000,3.663,103664,123696,0.0,0.0,0.0,0.000,0.000,52,0,35.7,47.8,83.0,0.669,12.156,12.196,12.172,12.100,1131,18.835,7.166,9.232,1.403,17.247,12.112,5.129,0.336,9.232,9.769,1.297,5.908,220.000,240.000,210.0,101.2,555.0,210.0,600.0,27.0,26.0,0.0,0.0,26.6,1.6,6.4,0.0,0.0,0.0,33,Yes,No,No,No,No,Yes,No,8.6,11.1,2,0,0,0,0,0,0,0,0,58,0,0,0,0,0,0,0,0,0,0,0,0,0,0,0,0,0,0,0,0,6009,2183,2018,128,2.5,239.8,265.9,217.5,216.3,216.8,216.2,1.5,1.5,1.5,1.5,1.5,1.5,4.17,4.64,3.74,3.26,4.65,4.65,0.84,0.01,4.09,0.09,11.06,0,0,0.0,0.0,20300,1800,0.5,0.3,0,
9.7.2026,23:40:26.221,27609,18385,60.0,20761,11920,63.5,0.4,13312,52,1.361,1.344,1.356,1.363,1.363,1.363,1.363,1.369,1.369,4036.5,3294.1,4142.5,4142.5,4142.5,4142.5,4142.5,4142.5,4142.5,99.8,840.2,2885.1,1474.7,2756.4,950.5,670.7,942.0,581.0,759.1,229.5,182.7,412.8,531.3,277.5,289.3,223.6,277.6,840.2,18.4,38.1,35.6,66.4,22.9,16.3,22.5,14.3,18.5,5.8,4.6,10.1,13.0,6.7,7.1,5.6,6.9,66.4,18.4,20.6,42.9,40.3,76.4,25.9,18.1,25.5,15.6,20.4,6.2,4.8,10.9,14.2,7.1,7.7,6.0,7.5,20.6,40.4,33.0,41.5,41.5,41.5,41.5,41.5,41.5,41.5,0.0,51.9,70.2,87.2,53.3,50.9,35.8,43.9,37.9,35.9,48.1,29.8,12.8,46.7,49.1,64.2,56.1,62.1,64.1,0.0,0.0,0.0,0.0,0.0,0.0,0.0,0.0,0.0,1197.8,12.00,16,16,16,39,55,661,1,72.8,72.6,71.0,62.8,66.2,70.9,62.6,63.0,59.7,61.0,59.2,59.9,57.9,58.2,57.6,49.8,47.5,1.375,1.044,1.375,10.151,9.006,10.142,46.690,32.027,3.611,5.444,7.939,3.270,3.134,2.038,2.689,2.159,2.218,13.929,9.283,23.212,32.116,1197.8,1197.8,4115.1,4152.2,4078.0,4152.2,36.5,16.9,51.9,76.4,48.1,No,No,No,0.390,0.021,4.2,46,95.0,100.0,No,No,91369,99120,31,99.0,No,No,3320,0.0,0.3,0.3,0.000,4.559,103664,123704,0.0,0.0,0.0,0.000,0.000,52,0,35.6,47.7,83.0,0.669,12.161,12.201,12.177,12.105,1131,18.878,7.266,9.756,1.403,17.376,11.948,5.420,0.336,9.756,9.372,1.442,5.848,220.000,240.000,210.0,101.2,555.0,210.0,600.0,27.0,27.0,0.0,0.0,26.6,1.5,6.1,0.0,0.0,0.0,33,Yes,No,No,No,No,Yes,No,8.7,11.0,2,0,0,0,0,0,0,0,0,58,0,0,0,0,0,0,0,0,0,0,0,0,0,0,0,0,0,0,0,0,6009,2183,2018,128,2.5,239.8,260.8,216.4,212.6,213.5,212.3,1.4,1.4,1.4,1.4,1.4,1.4,4.17,4.64,3.84,3.68,4.72,4.74,0.95,0.01,4.09,0.08,5.18,0,0,0.0,0.0,20300,1800,0.6,0.2,0,
9.7.2026,23:40:28.221,27703,18291,60.2,20861,11821,63.8,0.4,13312,52,1.375,1.369,1.381,1.381,1.381,1.381,1.381,1.363,1.363,4117.6,4117.6,4117.6,4117.6,4117.6,4117.6,4117.6,4117.6,4117.6,99.8,1137.5,3512.6,1494.2,2849.8,1265.8,1310.6,1197.0,892.8,1132.9,310.8,362.9,665.4,802.8,510.4,474.1,654.1,764.6,1137.5,25.5,58.7,35.8,69.0,30.3,31.4,28.6,21.2,27.1,7.2,8.4,15.7,18.9,11.7,11.0,15.4,18.3,69.0,25.5,29.2,67.0,40.9,78.9,34.7,35.8,32.6,24.2,30.9,8.3,9.7,18.0,21.6,13.5,12.7,17.7,20.9,29.2,41.2,41.2,41.2,41.2,41.2,41.2,41.2,41.2,41.2,0.0,65.7,85.3,91.9,70.2,65.5,48.0,58.0,51.9,54.9,34.3,14.7,8.1,29.8,34.5,52.0,42.0,48.1,45.1,0.0,0.0,0.0,0.0,0.0,0.0,0.0,0.0,0.0,1197.8,12.00,16,16,16,39,55,661,1,81.6,74.2,73.0,64.3,69.4,72.0,65.7,64.5,60.3,61.9,60.1,60.9,58.5,58.8,58.2,49.8,47.7,1.369,1.038,1.369,12.137,9.362,12.142,59.139,35.044,4.089,6.489,7.682,4.353,3.734,2.246,3.060,2.525,2.621,16.500,9.655,26.155,35.144,1197.8,1197.8,4114.1,4129.8,4098.4,4129.8,39.9,20.2,65.7,78.1,50.3,No,No,No,0.862,0.019,5.3,46,95.0,100.0,No,No,91369,99120,31,99.0,No,No,3320,0.0,0.3,0.3,0.008,2.123,103664,123708,0.0,0.0,0.0,0.000,0.000,52,0,35.5,47.6,83.0,0.669,12.157,12.196,12.173,12.101,1129,18.942,7.267,9.438,1.354,17.432,12.174,5.243,0.336,9.438,9.697,1.636,5.924,220.000,240.000,210.0,101.2,555.0,210.0,600.0,27.0,27.0,0.0,1.0,26.6,1.5,6.2,0.0,0.0,0.0,33,Yes,No,No,No,No,Yes,No,8.7,11.1,2,0,0,0,0,0,0,0,0,58,0,0,0,0,0,0,0,0,0,0,0,0,0,0,0,0,0,0,0,0,6009,2183,2018,128,2.5,239.7,255.2,224.4,214.1,218.3,212.6,1.5,1.5,1.5,1.5,1.5,1.5,4.17,4.49,3.88,3.77,4.60,4.70,0.90,0.01,4.06,0.11,11.47,0,0,0.0,0.0,20300,1800,3.5,3.0,0,
9.7.2026,23:40:30.232,27528,18465,59.8,20694,11988,63.3,0.4,13312,52,1.353,1.331,1.356,1.356,1.356,1.356,1.356,1.356,1.356,4133.2,4092.6,4142.5,4117.6,4142.5,4142.5,4142.5,4142.5,4142.5,99.8,964.6,3230.3,1431.9,2995.0,898.2,982.8,1108.3,744.3,935.8,277.5,274.7,479.7,635.6,322.4,357.4,442.9,317.7,964.6,21.5,50.2,34.1,72.4,21.6,23.6,26.8,17.9,22.4,6.8,6.7,11.5,15.1,7.5,8.6,10.9,7.8,72.4,21.5,24.3,57.1,38.8,82.7,24.6,26.6,30.3,20.1,25.2,7.5,7.4,12.8,17.0,8.3,9.6,12.3,8.7,24.3,41.4,41.0,41.5,41.2,41.5,41.5,41.5,41.5,41.5,0.0,57.6,78.5,88.8,61.7,58.0,40.0,49.7,42.9,41.1,42.4,21.5,11.2,38.3,42.0,60.0,50.3,57.1,58.9,0.0,0.0,0.0,0.0,0.0,0.0,0.0,0.0,0.0,1197.8,12.00,16,16,16,39,55,661,1,79.5,74.6,69.8,63.6,68.3,72.6,64.0,63.1,60.1,60.9,59.5,60.1,58.3,58.6,58.0,50.2,47.7,1.356,1.025,1.363,10.469,9.230,10.461,51.817,32.646,3.623,5.707,7.169,3.667,3.216,2.138,2.638,2.201,2.250,14.297,9.515,23.812,32.776,1197.8,1197.8,4112.2,4134.7,4089.6,4134.7,37.2,17.4,57.6,78.5,49.1,No,No,No,0.949,0.055,4.6,47,95.0,100.0,No,No,91369,99120,31,99.0,No,No,3320,0.1,1.6,1.7,0.192,37.616,103664,123781,0.0,0.0,0.0,0.000,0.000,52,0,35.6,47.7,83.0,0.669,12.154,12.195,12.170,12.098,1129,19.102,7.293,9.774,1.476,17.378,11.941,5.430,0.336,9.774,9.422,1.629,5.770,220.000,240.000,210.0,101.2,555.0,210.0,600.0,25.0,27.0,0.0,0.0,26.6,1.5,6.2,0.0,0.0,0.0,33,Yes,No,No,No,No,Yes,No,8.7,11.2,2,0,0,0,0,0,0,0,0,58,0,0,0,0,0,0,0,0,0,0,0,0,0,0,0,0,0,0,0,0,6009,2183,2018,128,2.5,239.8,263.0,223.6,222.6,222.9,222.5,1.5,1.5,1.5,1.5,1.5,1.5,4.17,4.48,3.80,3.72,4.48,4.48,0.88,0.04,4.08,0.09,9.53,0,0,0.0,0.0,20300,1800,0.8,0.3,0,
9.7.2026,23:40:32.227,27630,18364,60.0,20766,11915,63.5,0.4,13312,52,1.329,1.312,1.331,1.331,1.331,1.331,1.331,1.331,1.331,4067.7,4067.7,4067.7,4067.7,4067.7,4067.7,4067.7,4067.7,4067.7,99.8,1140.3,3637.2,1532.2,2131.5,1732.6,1021.2,1442.2,921.1,1083.6,356.0,411.2,626.4,782.8,485.0,555.3,621.1,905.9,1140.3,25.3,60.7,36.6,52.1,41.1,24.2,34.3,21.9,25.5,8.4,9.5,14.7,18.0,10.6,12.8,14.0,20.8,60.7,25.3,28.6,69.1,41.4,59.3,46.6,27.2,38.8,24.6,28.7,9.2,10.5,16.4,20.2,11.7,14.3,15.6,23.3,28.6,40.8,40.8,40.8,40.8,40.8,40.8,40.8,40.8,40.8,0.0,61.6,88.3,83.2,65.7,61.8,44.1,53.8,48.0,48.0,38.4,11.7,16.8,34.3,38.2,55.9,46.2,52.0,52.0,0.0,0.0,0.0,0.0,0.0,0.0,0.0,0.0,0.0,1197.8,12.00,16,16,16,39,55,661,1,77.9,74.9,74.0,64.1,71.6,70.1,64.9,63.2,60.6,61.4,60.0,61.2,58.3,58.6,58.0,51.2,47.6,1.337,1.019,1.337,11.412,9.360,11.406,55.465,34.100,3.897,6.838,6.479,3.914,3.401,2.256,2.891,2.466,2.931,15.524,9.651,25.175,34.182,1197.8,1197.8,4114.2,4126.3,4102.2,4126.3,38.8,19.0,61.6,78.9,50.0,No,No,No,1.444,0.041,4.9,46,95.0,100.0,No,No,91369,99120,31,99.0,No,No,3320,0.0,0.2,0.2,0.062,2.551,103664,123786,0.0,0.0,0.0,0.000,0.000,52,0,35.5,47.5,83.0,0.669,12.159,12.199,12.174,12.103,1129,18.913,7.208,9.589,1.415,17.299,11.969,5.327,0.336,9.589,9.474,1.301,5.781,220.000,240.000,210.0,101.2,555.0,210.0,600.0,26.0,27.0,0.0,0.0,26.6,1.5,6.2,0.0,0.0,0.0,33,Yes,No,No,No,No,Yes,No,8.7,11.2,2,0,0,0,0,0,0,0,0,58,0,0,0,0,0,0,0,0,0,0,0,0,0,0,0,0,0,0,0,0,6009,2183,2018,128,2.5,237.3,313.2,197.2,75.8,96.5,75.0,3.6,133.2,1.5,1.4,1.4,1.4,4.22,6.48,1.59,0.13,10.93,13.37,0.93,0.01,4.09,0.12,8.45,0,0,0.0,0.0,20300,1800,0.3,0.1,0,
9.7.2026,23:40:34.224,27633,18361,60.0,20807,11874,63.6,0.4,13312,52,1.346,1.356,1.344,1.344,1.344,1.344,1.344,1.344,1.350,4098.9,4142.5,4092.6,4092.6,4092.6,4092.6,4092.6,4092.6,4092.6,99.8,2007.8,3840.1,2906.3,2171.2,2983.0,1812.9,2446.6,1733.0,2127.1,1233.2,1400.0,1535.9,1738.5,1360.1,1535.6,1600.5,1701.5,2007.8,46.7,53.3,71.2,52.5,73.3,44.4,59.9,42.3,52.2,29.6,34.0,37.6,42.7,33.8,37.6,39.7,42.5,73.3,46.7,52.5,60.0,80.5,59.5,82.9,49.7,67.3,47.4,58.6,33.6,38.4,42.0,47.8,37.7,42.1,44.9,48.0,52.5,41.1,41.5,41.0,41.0,41.0,41.0,41.0,41.0,41.0,0.0,80.8,93.9,96.5,85.2,82.2,69.9,75.8,72.4,71.0,19.2,6.1,3.5,14.8,17.8,30.1,24.2,27.6,29.0,0.0,0.0,0.0,0.0,0.0,0.0,0.0,0.0,0.0,1197.8,12.00,16,16,16,39,55,661,1,75.9,74.0,67.2,67.6,70.0,69.5,69.9,67.6,65.1,66.7,64.9,66.8,60.2,60.3,60.0,50.0,48.1,1.375,1.025,1.369,15.672,9.921,15.689,72.759,40.469,4.900,6.001,5.917,5.473,4.920,3.813,4.506,4.029,4.544,21.030,10.245,31.276,40.457,1197.8,1197.8,4087.1,4091.6,4082.6,4091.6,46.0,26.1,80.8,77.8,53.4,No,No,No,2.638,0.088,6.5,46,95.0,100.0,No,No,91369,99120,31,99.0,No,No,3320,0.0,0.2,0.2,0.000,1.824,103664,123789,0.0,0.0,0.0,0.000,0.000,52,0,35.6,47.9,83.0,0.669,12.154,12.194,12.170,12.099,1131,19.196,7.189,9.515,1.390,17.282,11.990,5.286,0.336,9.515,9.503,1.302,5.767,220.000,240.000,255.0,101.2,555.0,234.5,600.0,24.0,27.0,0.0,0.0,26.7,2.6,10.3,0.0,0.0,0.0,33,Yes,No,No,No,No,Yes,No,8.7,11.2,2,0,0,0,0,0,0,0,0,58,0,0,0,0,0,0,0,0,0,0,0,0,0,0,0,0,0,0,0,0,6005,2187,2023,130,2.5,239.8,254.8,217.5,208.1,211.5,206.9,2.8,2.8,2.8,2.8,2.8,2.8,4.17,4.66,3.87,3.56,4.79,4.90,0.94,0.01,4.05,0.12,5.60,0,0,0.0,0.0,20300,1800,0.1,0.3,0,
9.7.2026,23:40:36.225,27633,18360,60.0,20808,11873,63.6,0.4,13312,52,1.349,1.344,1.350,1.350,1.350,1.350,1.350,1.350,1.350,4139.4,4117.6,4142.5,4142.5,4142.5,4142.5,4142.5,4142.5,4142.5,99.8,1115.9,3614.4,2479.3,1309.0,2713.4,984.3,1650.8,671.2,1325.0,195.4,238.6,536.6,789.9,353.1,473.9,251.7,268.5,1115.9,23.3,33.7,59.8,31.8,65.6,23.1,39.5,15.5,31.6,4.9,5.9,12.2,18.4,7.7,10.7,6.3,6.7,65.6,23.3,26.7,38.8,68.5,36.1,75.2,26.7,45.3,18.1,36.1,5.2,6.3,14.3,21.3,9.2,12.6,6.8,7.3,26.7,41.5,41.2,41.5,41.5,41.5,41.5,41.5,41.5,41.5,0.0,62.1,87.6,94.0,70.4,63.1,41.2,53.7,47.1,40.1,37.9,12.4,6.0,29.6,36.9,58.8,46.3,52.9,59.9,0.0,0.0,0.0,0.0,0.0,0.0,0.0,0.0,0.0,1197.8,12.00,16,16,16,39,55,661,1,74.0,71.6,73.2,63.3,69.0,67.6,66.0,63.2,60.1,61.2,60.0,59.6,58.5,58.9,58.2,51.5,47.5,1.375,1.031,1.369,10.038,9.533,10.038,55.929,32.452,3.499,5.709,5.530,4.154,3.379,1.991,2.869,2.351,2.010,13.663,9.821,23.484,32.511,1197.8,1197.8,4123.0,4134.2,4111.8,4134.2,36.9,16.7,62.1,75.4,48.6,No,No,No,1.700,0.019,5.0,46,95.0,100.0,No,No,91369,99120,31,99.0,No,No,3320,0.0,0.1,0.1,0.000,3.182,103664,123796,0.0,0.0,0.0,0.000,0.000,52,0,35.6,47.6,83.0,0.669,12.158,12.199,12.174,12.102,1131,18.931,7.339,9.888,1.354,17.506,12.005,5.493,0.336,9.888,9.319,1.840,5.762,220.000,240.000,210.0,101.2,555.0,221.4,600.0,25.0,27.0,0.0,0.0,26.7,1.6,6.4,0.0,0.0,0.0,33,Yes,No,No,No,No,Yes,No,8.7,11.3,2,0,0,0,0,0,0,0,0,58,0,0,0,0,0,0,0,0,0,0,0,0,0,0,0,0,0,0,0,0,6005,2187,2023,130,2.5,239.7,265.4,222.4,210.0,215.1,208.5,1.5,1.5,1.5,1.5,1.5,1.5,4.17,4.54,3.74,3.64,4.68,4.80,0.88,0.02,4.06,0.11,0.22,0,0,0.0,0.0,20300,1800,0.7,0.1,0,
9.7.2026,23:40:38.219,27605,18389,60.0,20751,11931,63.4,0.4,13312,52,1.329,1.331,1.337,1.331,1.331,1.331,1.325,1.331,1.312,4092.6,4117.6,4092.6,4092.6,4092.6,4092.6,4117.6,4067.7,4067.7,99.8,1153.1,3812.1,1594.1,1590.7,2288.9,1029.3,1815.3,797.6,1445.6,288.9,440.1,656.3,906.0,428.9,600.0,404.7,350.5,1153.1,25.9,60.2,38.6,38.5,55.7,24.8,44.3,19.4,35.2,7.0,10.7,15.6,21.8,10.2,14.4,9.7,8.4,60.2,25.9,29.2,68.7,43.8,43.7,63.3,27.9,50.0,21.6,39.5,7.6,11.8,17.3,24.3,11.1,15.9,10.6,9.2,29.2,41.0,41.2,41.0,41.0,41.0,41.0,41.2,40.8,40.8,0.0,65.3,92.4,89.4,74.5,67.2,46.8,56.6,50.1,45.6,34.7,7.6,10.6,25.5,32.8,53.2,43.4,49.9,54.4,0.0,0.0,0.0,0.0,0.0,0.0,0.0,0.0,0.0,1197.8,12.00,16,16,16,39,55,661,1,73.1,71.4,72.5,63.6,68.1,68.2,66.6,64.2,60.4,61.6,60.2,59.9,58.5,58.8,58.1,51.0,47.7,1.344,1.031,1.356,10.843,9.540,10.825,58.770,33.375,3.733,5.754,5.865,4.562,3.761,2.229,2.992,2.501,2.202,14.736,9.832,24.568,33.580,1197.8,1197.8,4116.8,4129.7,4103.8,4129.7,38.2,18.0,65.3,75.2,49.3,No,No,No,1.788,0.018,5.2,46,95.0,100.0,No,No,91369,99120,31,99.0,No,No,3320,0.0,0.1,0.1,0.000,1.659,103664,123799,0.0,0.0,0.0,0.000,0.000,52,0,35.5,47.6,83.0,0.669,12.154,12.192,12.170,12.099,1131,18.866,7.171,9.787,1.195,17.258,11.820,5.437,0.336,9.787,9.017,1.302,5.770,220.000,240.000,210.0,101.2,555.0,210.0,600.0,27.0,27.0,0.0,0.0,26.7,1.7,6.7,0.0,0.0,0.0,33,Yes,No,No,No,No,Yes,No,8.5,11.2,2,0,0,0,0,0,0,0,0,58,0,0,0,0,0,0,0,0,0,0,0,0,0,0,0,0,0,0,0,0,6005,2187,2022,129,2.5,239.7,262.6,220.8,216.5,218.3,216.0,1.5,1.5,1.5,1.5,1.5,1.5,4.17,4.52,3.81,3.73,4.60,4.67,0.88,0.02,4.06,0.11,5.85,0,0,0.0,0.0,20300,1800,0.1,0.1,0,
9.7.2026,23:40:40.230,27505,18489,59.8,20734,11948,63.4,0.4,13312,52,1.222,1.363,1.387,1.062,1.062,1.062,1.062,1.387,1.387,4114.5,3593.5,4192.4,4192.4,4192.4,4192.4,4167.5,4192.4,4192.4,99.8,1318.2,3570.5,1669.7,2228.4,1675.3,1820.5,1236.7,1323.1,1120.1,557.7,465.2,880.1,933.4,789.4,622.4,1374.6,824.0,1318.2,29.8,56.0,40.3,54.1,40.5,44.1,29.8,32.0,27.1,12.9,10.5,21.5,22.0,18.9,14.4,33.1,19.5,56.0,29.8,34.0,63.6,45.7,61.5,45.9,50.0,33.6,36.1,30.6,15.1,12.5,24.1,25.4,21.3,16.9,38.1,22.7,34.0,41.2,36.0,42.0,42.0,42.0,42.0,41.8,42.0,42.0,0.0,72.4,86.9,87.8,78.0,73.1,56.7,65.6,61.7,69.5,27.6,13.1,12.2,22.0,26.9,43.3,34.4,38.3,30.5,0.0,0.0,0.0,0.0,0.0,0.0,0.0,0.0,0.0,1197.8,12.00,16,16,16,39,55,661,1,72.1,70.2,65.2,64.4,67.6,67.6,66.6,64.6,61.6,62.7,61.6,63.2,59.1,59.4,58.8,51.8,48.0,1.394,1.044,1.394,12.480,9.548,12.507,65.100,35.912,4.134,5.886,6.100,4.764,4.033,2.592,3.340,2.960,3.397,16.888,9.847,26.735,35.811,1197.8,1197.8,4110.7,4112.9,4108.5,4117.7,40.7,20.8,72.3,73.9,50.8,No,No,No,1.277,0.020,5.8,46,95.0,100.0,No,No,91369,99120,31,99.0,No,No,3320,0.0,0.4,0.4,0.041,3.174,103664,123805,0.0,0.0,0.0,0.000,0.000,52,0,35.5,47.8,83.0,0.669,12.159,12.198,12.176,12.104,1129,18.898,7.153,9.501,1.330,17.192,11.910,5.278,0.336,9.501,9.366,1.303,5.816,220.000,240.000,210.0,101.2,555.0,210.0,600.0,26.0,27.0,0.0,0.0,26.7,1.6,6.6,0.0,0.0,0.0,33,Yes,No,No,No,No,Yes,No,8.6,11.0,2,0,0,0,0,0,0,0,0,58,0,0,0,0,0,0,0,0,0,0,0,0,0,0,0,0,0,0,0,0,6006,2186,2021,129,2.5,239.7,261.4,221.5,204.3,211.3,202.2,1.5,1.5,1.5,1.5,1.5,1.5,4.17,4.55,3.79,3.49,4.77,4.98,0.92,0.02,4.07,0.10,0.04,0,0,0.0,0.0,20300,1800,14.8,3.3,0,
9.7.2026,23:40:42.225,27620,18374,60.0,20754,11928,63.5,0.4,13312,52,1.344,1.337,1.350,1.337,1.337,1.337,1.350,1.350,1.350,4139.4,4117.6,4142.5,4142.5,4142.5,4142.5,4142.5,4142.5,4142.5,99.8,1006.0,3258.6,1312.2,1944.7,1340.0,1283.5,903.9,915.5,727.0,344.5,267.2,693.3,506.6,516.0,425.3,1102.2,555.9,1006.0,22.3,51.2,31.1,45.9,31.4,30.6,21.2,21.5,16.7,8.6,6.7,16.1,12.3,11.7,10.4,27.2,13.7,51.2,22.3,25.4,58.5,35.8,52.8,35.9,34.9,24.4,24.7,19.4,9.3,7.1,18.6,13.5,13.6,11.4,30.6,15.1,25.4,41.5,41.2,41.5,41.5,41.5,41.5,41.5,41.5,41.5,0.0,62.1,79.1,78.6,67.6,63.0,45.1,54.7,50.7,58.1,37.9,20.9,21.4,32.4,37.0,54.9,45.3,49.3,41.9,0.0,0.0,0.0,0.0,0.0,0.0,0.0,0.0,0.0,1197.8,12.00,16,16,16,39,55,661,1,70.2,68.3,68.8,62.7,65.4,65.0,63.7,62.1,60.2,61.5,60.4,63.2,58.4,58.7,58.1,51.8,48.0,1.388,1.025,1.369,10.419,9.345,10.399,55.662,32.609,3.579,5.184,5.257,3.798,3.262,2.191,2.836,2.556,3.544,14.221,9.631,23.852,32.809,1197.8,1197.8,4119.8,4128.4,4111.3,4143.9,37.3,17.3,61.8,71.9,49.6,No,No,No,0.890,0.021,5.0,46,95.0,100.0,No,No,91369,99120,31,99.0,No,No,3320,0.0,0.2,0.2,0.000,1.814,103664,123808,0.0,0.0,0.0,0.000,0.000,52,0,35.6,47.6,83.0,0.669,12.165,12.204,12.181,12.110,1131,18.956,7.216,9.601,1.440,17.260,11.916,5.334,0.336,9.601,9.444,1.303,5.926,220.000,240.000,210.0,101.2,555.0,210.0,600.0,27.0,27.0,0.0,0.0,26.7,1.7,6.8,0.0,0.0,0.0,33,Yes,No,No,No,No,Yes,No,8.7,11.2,2,0,0,0,0,0,0,0,0,58,0,0,0,0,0,0,0,0,0,0,0,0,0,0,0,0,0,0,0,0,6005,2187,2022,129,2.5,239.7,265.1,220.3,211.4,214.3,211.1,9.3,60.1,3.1,3.1,3.1,3.1,4.17,4.67,3.69,3.57,4.83,4.97,1.08,0.03,4.07,0.11,6.92,0,0,0.0,0.0,20300,1800,3.5,1.1,0,
9.7.2026,23:40:44.223,27755,18238,60.3,20872,11810,63.8,0.4,13312,52,1.337,1.350,1.319,1.337,1.337,1.337,1.337,1.337,1.337,4067.7,4117.6,4067.7,4067.7,4067.7,4067.7,4067.7,4067.7,4017.8,99.8,1627.0,3948.9,2321.4,2981.4,1848.4,2035.8,1735.2,1698.1,1483.4,842.1,687.0,1462.1,1033.9,1070.2,886.4,1133.9,864.5,1627.0,37.0,59.8,56.3,72.8,45.1,48.9,41.7,40.7,35.6,20.2,16.5,35.2,24.6,25.5,21.2,27.2,20.8,72.8,37.0,41.9,68.0,64.0,82.9,51.2,55.5,47.3,46.1,40.3,22.6,18.4,39.8,27.7,28.7,23.8,30.6,23.4,41.9,40.8,41.2,40.8,40.8,40.8,40.8,40.8,40.8,40.2,0.0,80.5,96.0,97.7,87.3,82.8,66.1,75.0,70.2,69.1,19.5,4.0,2.3,12.7,17.2,33.9,25.0,29.8,30.9,0.0,0.0,0.0,0.0,0.0,0.0,0.0,0.0,0.0,1197.8,12.00,16,16,16,39,55,661,1,70.0,70.5,74.0,65.4,68.9,68.8,67.6,65.7,62.6,63.9,62.5,62.9,59.6,60.0,59.3,51.0,48.3,1.331,1.031,1.337,14.162,9.821,14.163,72.480,38.279,4.554,6.579,6.683,5.252,4.480,2.979,3.875,3.356,3.229,19.130,10.133,29.263,38.351,1197.8,1197.8,4110.3,4112.5,4108.1,4112.5,43.6,23.6,80.5,74.2,52.4,No,No,No,1.575,0.021,6.4,46,95.0,100.0,No,No,91369,99120,31,99.0,No,No,3320,0.0,0.3,0.4,0.096,3.083,103665,123814,0.0,0.0,0.0,0.000,0.000,52,0,35.5,47.5,83.0,0.669,12.157,12.195,12.174,12.103,1129,19.232,7.252,9.852,1.427,17.227,11.752,5.473,0.336,9.852,9.148,1.649,5.802,220.000,240.000,360.0,101.2,555.0,321.4,600.0,27.0,28.0,0.0,0.0,27.4,2.2,8.8,0.0,0.0,0.0,33,Yes,No,No,No,No,Yes,No,8.6,11.2,2,0,0,0,0,0,0,0,0,58,0,0,0,0,0,0,0,0,0,0,0,0,0,0,0,0,0,0,0,0,5951,2241,2077,128,2.5,239.8,269.8,210.9,200.9,205.6,198.8,23.8,166.4,2.9,2.4,2.3,2.3,4.17,4.80,3.59,3.26,4.90,5.06,0.84,0.01,4.05,0.12,2.66,0,0,0.0,0.0,20300,1800,5.8,1.7,0,
9.7.2026,23:40:46.235,27832,18162,60.5,20947,11735,64.0,0.4,13312,52,1.335,1.306,1.344,1.344,1.337,1.337,1.337,1.337,1.337,4111.3,4067.7,4117.6,4117.6,4117.6,4117.6,4117.6,4117.6,4117.6,99.8,1463.9,3749.7,1669.4,3186.1,1490.8,1764.4,1612.4,1573.2,1159.9,787.4,569.7,1219.5,865.0,1078.1,716.0,1121.3,859.9,1463.9,33.6,65.1,40.0,77.4,35.8,42.5,38.7,37.7,27.6,18.8,13.4,29.2,20.5,25.6,16.9,27.3,20.6,77.4,33.6,38.2,74.1,45.6,88.2,40.8,48.4,44.0,42.9,31.4,21.3,15.2,33.1,23.3,29.1,19.2,30.9,23.4,38.2,41.2,40.8,41.2,41.2,41.2,41.2,41.2,41.2,41.2,0.0,76.7,91.3,96.9,82.4,77.5,62.0,69.3,65.9,67.9,23.3,8.7,3.1,17.6,22.5,38.0,30.7,34.1,32.1,0.0,0.0,0.0,0.0,0.0,0.0,0.0,0.0,0.0,1197.8,12.00,16,16,16,39,55,661,1,78.9,70.5,69.8,65.2,68.1,69.0,66.8,65.3,62.4,63.6,62.4,63.6,59.8,60.1,59.4,52.5,48.7,1.356,1.025,1.356,13.383,10.054,13.384,68.987,37.485,4.334,6.031,6.817,4.845,4.134,2.815,3.553,3.142,3.333,18.100,10.370,28.469,37.546,1197.8,1197.8,4108.7,4112.9,4104.5,4112.9,42.7,22.3,76.7,74.2,52.0,No,No,No,1.534,0.025,6.1,46,95.0,100.0,No,No,91369,99120,31,99.0,No,No,3320,0.0,0.2,0.2,0.000,1.961,103665,123818,0.0,0.0,0.0,0.000,0.000,52,0,36.8,50.0,83.0,0.919,12.138,12.186,12.155,12.072,1129,22.487,17.331,28.503,6.885,37.816,21.958,15.833,0.336,28.503,16.546,3.213,13.712,220.000,240.000,1725.0,1750.2,1515.0,275.6,1635.0,52.0,39.0,0.0,0.0,27.5,2.3,9.1,0.0,0.0,0.0,33,Yes,No,No,No,No,Yes,No,20.5,24.0,2,0,0,0,0,0,0,0,0,59,0,0,0,0,0,0,0,0,0,0,0,0,0,0,0,0,0,0,0,0,5937,2255,2090,132,8.0,239.8,284.6,208.7,206.4,207.4,206.0,15.0,243.4,2.3,2.3,2.3,2.3,4.17,4.85,3.52,3.35,4.88,4.92,0.58,0.31,4.05,0.12,4.90,0,0,0.0,0.0,20300,1800,5.9,1.6,0,
9.7.2026,23:40:48.221,27888,18106,60.6,20997,11684,64.2,0.4,13312,52,1.342,1.356,1.344,1.344,1.350,1.331,1.331,1.337,1.344,4023.4,3314.0,4142.5,4142.5,4117.6,4117.6,4117.6,4117.6,4117.6,99.8,1608.3,3588.2,1893.8,3267.4,1558.4,2023.5,1670.8,1675.9,1342.4,951.7,819.4,1424.7,1118.0,1165.1,910.7,1228.6,1094.4,1608.3,37.4,63.6,45.8,79.7,37.5,48.9,40.3,40.5,32.2,22.9,19.8,34.5,26.7,27.9,21.8,29.8,26.5,79.7,37.4,42.4,72.2,52.0,90.7,42.6,55.4,45.8,45.9,36.6,25.9,22.3,39.0,30.3,31.5,24.7,33.7,30.1,42.4,40.3,33.2,41.5,41.5,41.2,41.2,41.2,41.2,41.2,0.0,74.0,87.5,92.0,80.3,75.0,61.0,68.0,63.6,64.8,26.0,12.5,8.0,19.7,25.0,39.0,32.0,36.4,35.2,0.0,0.0,0.0,0.0,0.0,0.0,0.0,0.0,0.0,1197.8,12.00,16,16,16,39,55,661,1,76.0,70.8,72.2,65.8,68.6,69.1,67.5,66.1,63.2,64.5,63.2,64.1,60.0,60.3,59.7,51.2,48.8,1.369,1.038,1.369,13.993,10.748,13.998,66.295,39.040,4.507,5.990,6.613,5.072,4.328,3.149,3.893,3.426,3.586,18.884,11.082,29.966,39.089,1197.8,1197.8,4096.5,4103.1,4089.9,4117.8,44.4,23.3,73.7,74.6,52.3,No,No,No,1.960,0.046,5.9,46,95.0,100.0,No,No,91369,99120,31,99.0,No,No,3320,0.0,0.3,0.4,0.058,3.536,103665,123825,0.0,0.0,0.0,0.000,0.000,52,0,38.0,51.8,83.0,0.919,12.141,12.189,12.158,12.075,1132,43.708,16.854,26.902,6.168,36.973,22.014,14.945,0.336,26.902,16.585,3.496,14.215,220.000,240.000,1725.0,1750.2,1515.0,1724.8,1635.0,7.0,2.0,0.0,1.0,27.3,0.2,1.0,0.0,0.0,0.0,33,Yes,No,No,No,No,Yes,No,19.8,24.4,2,0,0,0,0,0,0,0,0,59,0,0,0,0,0,0,0,0,0,0,0,0,0,0,0,0,0,0,0,0,5957,2235,2070,129,8.0,239.8,267.2,211.8,182.0,197.2,174.8,7.4,198.7,2.1,2.1,2.1,2.1,4.17,4.77,3.73,3.06,5.14,5.82,0.19,0.50,4.05,0.12,4.20,0,0,0.0,0.0,20300,1800,12.4,2.0,0,
9.7.2026,23:40:50.223,27958,18035,60.7,21030,11652,64.3,0.4,13312,52,1.339,1.356,1.331,1.337,1.337,1.337,1.337,1.337,1.337,4014.6,4117.6,4117.6,4117.6,4117.6,4117.6,4117.6,4117.6,3294.1,99.8,1362.1,3593.7,1593.6,2665.6,1536.5,1816.1,1209.7,1495.4,980.1,734.7,502.6,1186.0,805.9,994.8,658.6,1333.4,687.4,1362.1,31.1,60.5,38.2,64.5,36.9,43.7,29.0,36.1,23.5,17.7,11.9,28.6,19.3,23.7,15.7,31.8,16.4,64.5,31.1,35.3,68.8,43.4,73.5,42.0,49.5,32.9,40.9,26.5,19.9,13.4,32.3,21.7,26.8,17.7,36.7,18.5,35.3,40.2,41.2,41.2,41.2,41.2,41.2,41.2,41.2,33.0,0.0,73.7,87.5,90.0,78.7,74.1,59.7,67.4,63.8,68.5,26.3,12.5,10.0,21.3,25.9,40.3,32.6,36.2,31.5,0.0,0.0,0.0,0.0,0.0,0.0,0.0,0.0,0.0,1197.8,12.00,16,16,16,39,55,661,1,73.4,69.8,69.5,65.0,67.9,67.7,66.6,65.1,62.6,63.6,62.6,63.6,59.9,60.2,59.6,50.8,48.3,1.369,1.031,1.369,12.825,10.473,12.818,66.332,37.086,4.196,5.895,6.043,4.634,4.095,2.820,3.520,3.158,3.398,17.363,10.796,28.160,37.204,1197.8,1197.8,4111.6,4116.1,4107.2,4117.3,42.3,21.4,73.7,73.5,51.6,No,No,No,1.221,0.027,5.9,46,95.0,100.0,No,No,91369,99120,31,99.0,No,No,3320,0.0,0.3,0.3,0.000,2.246,103665,123829,0.0,0.0,0.0,0.000,0.000,52,0,36.6,49.2,83.0,0.669,12.163,12.204,12.179,12.106,1133,34.536,8.016,10.390,1.843,19.146,13.365,5.772,0.336,10.390,10.942,1.626,6.350,220.000,240.000,570.0,202.5,825.0,1152.6,900.0,8.0,13.0,0.0,0.0,27.5,0.4,1.4,0.0,0.0,0.0,33,Yes,No,No,No,No,Yes,No,9.7,12.4,2,0,0,0,0,0,0,0,0,60,0,0,0,0,0,0,0,0,0,0,0,0,0,0,0,0,0,0,0,0,5942,2250,2085,130,5.0,239.7,254.6,222.9,221.3,221.1,221.1,0.0,0.0,0.0,0.0,0.0,0.0,4.17,4.51,3.92,3.92,4.54,4.54,0.25,0.52,4.07,0.10,0.00,0,0,0.0,0.0,20300,1800,1.1,1.0,0,
9.7.2026,23:40:52.229,27876,18118,60.6,21017,11664,64.3,0.4,13312,52,1.376,1.381,1.375,1.375,1.375,1.375,1.375,1.375,1.375,4170.6,4192.4,4167.5,4167.5,4167.5,4167.5,4167.5,4167.5,4167.5,99.8,792.6,2949.9,1036.9,1572.2,1179.1,1136.4,552.6,739.2,484.9,246.3,181.5,493.7,363.6,388.7,230.4,644.0,482.6,792.6,17.0,43.2,24.6,37.3,28.0,27.3,13.0,17.6,11.4,5.4,3.7,11.2,7.9,9.3,4.8,16.2,11.7,43.2,17.0,19.6,49.4,28.1,43.1,31.9,31.0,14.7,20.0,12.9,6.7,4.9,13.3,9.6,10.5,6.1,17.6,13.2,19.6,41.8,42.0,41.8,41.8,41.8,41.8,41.8,41.8,41.8,0.0,53.9,71.3,69.4,60.2,56.0,38.3,47.2,43.0,45.7,46.1,28.7,30.6,39.8,44.0,61.7,52.8,57.0,54.3,0.0,0.0,0.0,0.0,0.0,0.0,0.0,0.0,0.0,1197.8,12.00,16,16,16,39,55,661,1,70.8,66.4,64.5,61.8,64.6,64.0,63.0,61.6,60.2,60.8,59.8,60.7,58.6,58.9,58.3,52.2,48.3,1.394,1.031,1.394,8.626,9.652,8.641,48.150,30.766,3.070,4.736,4.590,3.327,2.840,2.024,2.465,2.138,2.440,11.801,9.939,21.740,30.728,1197.8,1197.8,4125.8,4137.2,4114.5,4161.3,34.9,14.4,53.5,69.9,47.8,No,No,No,0.733,0.014,4.3,46,95.0,100.0,No,No,91369,99120,31,99.0,No,No,3320,0.0,0.2,0.2,0.000,3.375,103665,123835,0.0,0.0,0.0,0.000,0.000,52,0,36.1,48.5,83.0,0.669,12.162,12.201,12.178,12.107,1131,20.218,7.260,9.796,1.476,17.281,11.829,5.442,0.336,9.796,9.305,1.472,5.867,220.000,240.000,315.0,101.2,555.0,346.8,600.0,22.0,26.0,0.0,0.0,27.5,0.9,3.7,0.0,0.0,0.0,33,Yes,No,No,No,No,Yes,No,8.7,11.1,2,0,0,0,0,0,0,0,0,61,0,0,0,0,0,0,0,0,0,0,0,0,0,0,0,0,0,0,0,0,5942,2250,2085,130,2.5,239.4,251.2,226.7,226.7,226.7,226.7,0.0,0.0,0.0,0.0,0.0,0.0,4.18,4.43,3.97,3.96,4.44,4.44,0.71,0.01,4.08,0.09,0.00,0,0,0.0,0.0,20300,1800,3.4,52.9,0,
9.7.2026,23:40:54.219,27869,18125,60.5,21006,11676,64.2,0.4,13312,52,1.382,1.387,1.381,1.381,1.381,1.381,1.381,1.381,1.381,4192.4,4192.4,4192.4,4192.4,4192.4,4192.4,4192.4,4192.4,4192.4,99.8,520.9,2353.6,796.4,1147.2,1034.4,747.4,453.9,412.6,351.2,72.7,79.4,227.3,222.9,136.5,92.6,111.4,95.7,520.9,10.4,31.5,18.0,27.3,23.8,16.9,9.8,9.0,7.4,1.9,2.1,5.5,5.4,2.4,2.3,2.1,1.7,31.5,10.4,12.3,36.7,21.4,31.2,27.9,20.1,12.0,11.0,9.1,1.9,2.1,6.1,5.9,3.4,2.4,3.0,2.6,12.3,42.0,42.0,42.0,42.0,42.0,42.0,42.0,42.0,42.0,0.0,39.9,56.5,56.4,48.7,45.6,24.6,33.4,28.7,25.2,60.1,43.5,43.6,51.3,54.4,75.4,66.6,71.3,74.8,0.0,0.0,0.0,0.0,0.0,0.0,0.0,0.0,0.0,1197.8,12.00,16,16,16,39,55,661,1,68.0,62.8,60.8,59.7,61.9,61.6,61.0,59.8,58.4,58.7,58.1,58.1,57.4,57.7,57.1,50.5,47.8,1.381,1.031,1.387,6.461,9.058,6.465,35.391,27.146,2.467,3.718,3.746,2.855,2.414,1.632,1.957,1.734,1.676,8.954,9.321,18.275,27.194,1197.8,1197.8,4129.4,4165.7,4093.1,4209.1,30.9,10.8,39.3,66.1,45.2,No,No,No,0.411,0.018,3.2,46,95.0,100.0,No,No,91369,99120,31,99.0,No,No,3320,0.0,0.0,0.0,0.000,1.044,103665,123837,0.0,0.0,0.0,0.000,0.000,52,0,36.1,48.2,83.0,0.669,12.162,12.200,12.179,12.108,1129,18.969,7.231,9.832,1.354,17.306,11.830,5.462,0.336,9.832,9.175,1.361,5.824,220.000,240.000,210.0,101.2,555.0,230.4,600.0,26.0,27.0,0.0,0.0,27.5,1.5,6.0,0.0,0.0,0.0,33,Yes,No,No,No,No,Yes,No,8.6,11.1,2,0,0,0,0,0,0,0,0,61,0,0,0,0,0,0,0,0,0,0,0,0,0,0,0,0,0,0,0,0,5942,2250,2085,130,2.5,239.3,253.1,222.8,222.7,222.7,222.7,0.0,0.0,0.0,0.0,0.0,0.0,4.18,4.51,3.93,3.92,4.51,4.51,1.00,0.01,4.09,0.09,0.00,0,0,0.0,0.0,20300,1800,4.9,5.8,0,
9.7.2026,23:40:56.233,27855,18138,60.5,20989,11692,64.2,0.4,13312,52,1.366,1.344,1.369,1.369,1.369,1.369,1.369,1.369,1.369,3845.6,4092.6,4167.5,4167.5,3334.0,3334.0,4167.5,4167.5,3334.0,99.8,570.7,2399.9,841.9,1157.6,1159.7,790.3,487.1,419.9,358.1,126.7,126.0,307.0,272.4,130.2,164.8,191.1,197.9,570.7,12.2,32.8,20.2,27.9,27.9,19.1,11.8,10.4,8.1,3.0,3.0,7.9,7.1,3.5,3.8,4.5,4.7,32.8,12.2,13.6,37.1,22.6,31.5,31.4,21.2,12.9,11.2,9.4,3.4,3.4,8.3,7.3,3.2,4.4,5.1,5.3,13.6,38.5,41.0,41.8,41.8,33.4,33.4,41.8,41.8,33.4,0.0,42.5,57.6,59.8,50.9,47.2,27.6,36.9,30.9,28.7,57.5,42.4,40.2,49.1,52.8,72.4,63.1,69.1,71.3,0.0,0.0,0.0,0.0,0.0,0.0,0.0,0.0,0.0,1197.8,12.00,16,16,16,39,55,661,1,66.0,63.5,67.0,59.7,61.7,61.7,60.8,59.6,58.3,58.9,58.2,58.5,57.1,57.4,56.9,51.5,47.5,1.375,1.044,1.375,7.018,9.125,7.007,37.891,27.904,2.610,3.812,3.946,2.938,2.432,1.753,2.181,1.881,1.933,9.717,9.390,19.107,28.007,1197.8,1197.8,4144.2,4171.2,4117.1,4199.8,31.8,11.7,42.1,66.8,46.4,No,No,No,0.445,0.018,3.4,46,95.0,100.0,No,No,91369,99120,31,99.0,No,No,3320,0.0,0.1,0.1,0.000,2.141,103665,123842,0.0,0.0,0.0,0.000,0.000,52,0,35.9,48.0,83.0,0.669,12.164,12.203,12.180,12.110,1129,18.959,7.198,9.576,1.330,17.272,11.940,5.320,0.336,9.576,9.366,1.419,5.846,220.000,240.000,210.0,101.2,555.0,210.0,600.0,26.0,27.0,0.0,0.0,27.5,1.6,6.5,0.0,0.0,0.0,33,Yes,No,No,No,No,Yes,No,8.6,11.2,2,0,0,0,0,0,0,0,0,61,0,0,0,0,0,0,0,0,0,0,0,0,0,0,0,0,0,0,0,0,5942,2250,2085,130,2.5,239.5,254.4,229.3,228.7,228.6,228.6,0.0,0.0,0.0,0.0,0.0,0.0,4.18,4.39,3.91,3.90,4.40,4.40,0.83,0.01,4.09,0.09,0.00,0,0,0.0,0.0,20300,1800,2.1,1.1,0,
9.7.2026,23:40:58.226,27860,18134,60.5,20991,11691,64.2,0.4,13312,52,1.370,1.375,1.369,1.369,1.369,1.369,1.369,1.369,1.369,4195.6,4217.4,4192.4,4192.4,4192.4,4192.4,4192.4,4192.4,4192.4,99.8,592.3,2398.8,794.1,1270.3,1054.6,798.5,524.8,483.8,412.3,100.0,79.2,248.1,274.9,234.1,237.9,339.5,225.4,592.3,12.3,33.0,18.2,29.8,24.7,18.4,11.7,10.9,9.7,2.5,2.0,5.2,5.9,4.7,5.8,8.3,5.5,33.0,12.3,14.3,38.2,21.3,34.6,28.5,21.5,13.9,12.9,10.8,2.6,2.1,6.6,7.3,6.1,6.4,9.3,6.1,14.3,42.0,42.2,42.0,42.0,42.0,42.0,42.0,42.0,42.0,0.0,43.4,57.9,59.3,51.1,48.2,27.6,36.8,33.8,32.3,56.6,42.1,40.7,48.9,51.8,72.4,63.2,66.2,67.7,0.0,0.0,0.0,0.0,0.0,0.0,0.0,0.0,0.0,1197.8,12.00,16,16,16,39,55,661,1,64.6,63.6,64.5,59.8,61.7,62.0,60.7,60.0,58.1,58.9,58.2,58.5,57.1,57.4,56.8,49.5,46.9,1.394,1.025,1.400,6.832,9.105,6.841,38.483,27.739,2.595,3.777,3.919,2.868,2.564,1.652,2.094,1.931,1.959,9.409,9.370,18.779,27.709,1197.8,1197.8,4132.8,4155.8,4109.7,4200.4,31.5,11.4,42.8,66.9,45.1,No,No,No,0.504,0.017,3.5,46,95.0,100.0,No,No,91369,99120,31,99.0,No,No,3320,0.0,0.1,0.1,0.000,1.094,103665,123844,0.0,0.0,0.0,0.000,0.000,52,0,35.9,48.2,83.0,0.669,12.164,12.203,12.180,12.110,1129,18.968,7.234,9.814,1.342,17.259,11.795,5.452,0.336,9.814,9.130,1.444,5.954,220.000,240.000,210.0,101.2,555.0,210.0,600.0,24.0,25.0,0.0,0.0,27.5,1.5,6.1,0.0,0.0,0.0,33,Yes,No,No,No,No,Yes,No,8.6,11.0,2,0,0,0,0,0,0,0,0,61,0,0,0,0,0,0,0,0,0,0,0,0,0,0,0,0,0,0,0,0,5942,2250,2085,130,2.5,239.6,255.1,227.8,227.8,227.8,227.8,0.0,0.0,0.0,0.0,0.0,0.0,4.18,4.43,3.88,3.88,4.43,4.43,0.88,0.01,4.08,0.09,0.00,0,0,0.0,0.0,20300,1800,0.4,0.0,0,
9.7.2026,23:41:0.231,27554,18439,59.9,20688,11994,63.3,0.4,13312,52,1.375,1.381,1.369,1.375,1.375,1.375,1.375,1.375,1.375,4192.4,4192.4,4192.4,4192.4,4192.4,4192.4,4192.4,4192.4,4192.4,99.8,707.5,2425.1,1159.6,1535.1,1115.9,744.4,849.1,525.8,664.7,199.8,219.4,327.9,381.6,263.2,286.4,322.6,299.8,707.5,15.1,28.6,28.0,36.8,26.8,17.6,20.4,12.5,15.8,4.9,5.4,7.9,9.2,6.2,6.9,7.9,7.3,36.8,15.1,17.1,32.7,31.6,41.9,30.1,19.9,22.9,14.1,17.8,5.4,6.0,8.7,10.3,6.9,7.7,8.8,8.2,17.1,42.0,42.0,42.0,42.0,42.0,42.0,42.0,42.0,42.0,0.0,44.6,58.6,60.7,52.5,49.9,30.6,38.2,34.2,32.1,55.4,41.4,39.3,47.5,50.1,69.4,61.8,65.8,67.9,0.0,0.0,0.0,0.0,0.0,0.0,0.0,0.0,0.0,1197.8,12.00,16,16,16,39,55,661,1,71.1,62.8,66.5,59.7,61.3,62.0,60.8,60.1,58.3,58.7,58.1,58.2,57.0,57.2,56.7,51.0,47.5,1.400,1.031,1.394,7.302,9.198,7.296,39.454,28.318,2.675,3.619,4.166,3.037,2.688,1.840,2.158,1.945,1.948,10.055,9.468,19.523,28.454,1197.8,1197.8,4132.6,4154.6,4110.7,4207.5,32.3,12.2,43.8,66.1,46.8,No,No,No,0.752,0.019,3.6,46,95.0,100.0,No,No,91369,99120,31,99.0,No,No,3320,0.0,0.1,0.1,0.052,2.154,103665,123848,0.0,0.0,0.0,0.000,0.000,52,0,35.9,48.0,83.0,0.669,12.163,12.203,12.178,12.107,1131,18.941,7.154,9.407,1.342,17.196,11.962,5.226,0.336,9.407,9.485,1.331,5.843,220.000,240.000,210.0,101.2,555.0,210.0,600.0,25.0,25.0,0.0,0.0,27.5,1.6,6.4,0.0,0.0,0.0,33,Yes,No,No,No,No,Yes,No,8.6,11.1,2,0,0,0,0,0,0,0,0,61,0,0,0,0,0,0,0,0,0,0,0,0,0,0,0,0,0,0,0,0,5942,2250,2085,130,2.5,239.4,259.9,224.5,224.3,224.3,224.3,0.0,0.0,0.0,0.0,0.0,0.0,4.18,4.48,3.83,3.81,4.48,4.48,0.94,0.17,4.09,0.09,0.00,0,0,0.0,0.0,20300,1800,0.7,0.7,0,
9.7.2026,23:41:2.219,27554,18440,59.9,20678,12004,63.2,0.4,13312,52,1.387,1.387,1.387,1.387,1.387,1.387,1.387,1.387,1.387,4117.6,3593.5,4192.4,4192.4,4192.4,4192.4,4192.4,4192.4,4192.4,99.8,543.0,2354.5,1146.6,1219.6,942.9,550.9,660.6,345.6,446.4,96.8,88.5,191.9,198.5,138.0,108.7,130.5,68.4,543.0,10.8,23.4,27.7,29.1,22.5,13.1,15.7,8.0,10.5,2.2,2.1,4.5,4.6,2.9,2.4,3.0,1.5,29.1,10.8,12.3,26.9,31.3,33.1,25.1,14.8,17.6,9.1,11.9,2.6,2.3,5.1,5.2,3.4,2.8,3.5,1.8,12.3,41.2,36.0,42.0,42.0,42.0,42.0,42.0,42.0,42.0,0.0,39.9,56.8,54.1,48.5,45.7,25.9,33.7,29.5,25.0,60.1,43.2,45.9,51.5,54.3,74.1,66.3,70.5,75.0,0.0,0.0,0.0,0.0,0.0,0.0,0.0,0.0,0.0,1197.8,12.00,16,16,16,39,55,661,1,68.6,61.5,64.8,58.7,60.8,60.5,59.8,58.8,57.5,57.7,57.3,57.2,56.5,56.8,56.3,51.0,46.9,1.400,1.025,1.387,6.209,9.076,6.220,35.043,26.818,2.381,3.577,3.595,2.716,2.350,1.622,1.882,1.701,1.604,8.554,9.340,17.894,26.818,1197.8,1197.8,4122.6,4151.6,4093.6,4224.6,30.5,10.4,38.9,64.7,44.7,No,No,No,0.442,0.025,3.2,46,95.0,100.0,No,No,91369,99120,31,99.0,No,No,3320,0.0,0.0,0.0,0.000,1.065,103665,123850,0.0,0.0,0.0,0.000,0.000,52,0,35.8,47.9,83.0,0.669,12.162,12.202,12.178,12.107,1131,18.783,7.133,9.510,1.415,17.061,11.768,5.283,0.336,9.510,9.309,1.311,5.829,220.000,240.000,210.0,101.2,555.0,210.0,600.0,24.0,25.0,0.0,0.0,27.5,1.6,6.4,0.0,0.0,0.0,33,Yes,No,No,No,No,Yes,No,8.6,11.1,2,0,0,0,0,0,0,0,0,61,0,0,0,0,0,0,0,0,0,0,0,0,0,0,0,0,0,0,0,0,5938,2254,2089,130,2.5,239.8,259.6,221.3,218.3,218.4,218.2,0.5,0.5,0.5,0.5,0.5,0.5,4.17,4.53,3.83,3.82,4.59,4.61,0.91,0.01,4.08,0.09,4.15,0,0,0.0,0.0,20300,1800,0.3,0.0,0,
9.7.2026,23:41:4.234,27531,18462,59.8,20654,12028,63.1,0.4,13312,52,1.056,1.056,1.056,1.056,1.056,1.056,1.056,1.056,1.056,4034.0,3593.5,4217.4,4217.4,4217.4,4217.4,4217.4,4217.4,3373.9,99.8,1060.8,2758.2,1477.6,1676.0,1460.9,1027.2,1180.3,917.0,963.5,575.0,552.1,704.6,701.9,656.3,598.9,967.1,755.7,1060.8,24.0,38.5,35.8,40.5,35.3,24.7,28.5,22.2,23.2,14.1,13.6,17.1,17.1,15.8,14.6,23.7,18.5,40.5,24.0,27.0,43.7,40.5,45.9,39.8,27.9,32.2,25.0,26.2,15.8,15.2,19.2,19.2,17.8,16.4,26.8,20.8,27.0,40.4,36.0,42.2,42.2,42.2,42.2,42.2,42.2,33.8,0.0,53.7,67.0,67.9,59.5,57.1,40.2,47.4,44.0,46.4,46.3,33.0,32.1,40.5,42.9,59.8,52.6,56.0,53.6,0.0,0.0,0.0,0.0,0.0,0.0,0.0,0.0,0.0,1197.8,12.00,16,16,16,39,55,661,1,75.8,65.7,62.0,61.9,63.5,63.5,62.8,61.9,60.2,61.1,59.9,61.8,57.7,57.9,57.5,50.8,47.7,1.400,1.025,1.406,10.189,9.366,10.183,47.523,32.440,3.440,4.473,4.553,3.676,3.406,2.507,2.916,2.644,3.344,13.893,9.652,23.545,32.532,1197.8,1197.8,4110.8,4124.1,4097.5,4177.1,37.0,17.0,52.8,69.1,50.3,No,No,No,1.144,0.038,4.3,46,95.0,100.0,No,No,91369,99120,31,99.0,No,No,3320,0.1,0.2,0.2,0.115,2.275,103665,123854,0.0,0.0,0.0,0.000,0.000,52,0,35.8,48.1,83.0,0.669,12.165,12.205,12.180,12.110,1127,18.878,7.161,9.439,1.404,17.138,11.892,5.244,0.336,9.439,9.451,1.485,5.778,220.000,240.000,210.0,101.2,555.0,210.0,600.0,24.0,25.0,0.0,1.0,27.5,1.9,7.6,0.0,0.0,0.0,33,Yes,No,No,No,No,Yes,No,8.6,10.8,2,0,0,0,0,0,0,0,0,61,0,0,0,0,0,0,0,0,0,0,0,0,0,0,0,0,0,0,0,0,5942,2250,2085,130,2.5,240.0,248.7,229.9,229.7,229.7,229.7,0.0,0.0,0.0,0.0,0.0,0.0,4.17,4.37,4.03,4.02,4.38,4.38,0.83,0.01,4.08,0.09,0.00,0,0,0.0,0.0,20300,1800,0.0,0.2,0,
9.7.2026,23:41:6.219,27518,18475,59.8,20634,12048,63.1,0.4,13312,52,1.388,1.394,1.387,1.387,1.387,1.387,1.387,1.387,1.387,4195.6,4217.4,4192.4,4192.4,4192.4,4192.4,4192.4,4192.4,4192.4,99.8,533.9,2238.7,1076.7,1176.6,929.5,520.1,692.7,372.5,452.3,88.7,90.1,221.4,199.8,145.9,119.9,100.8,116.6,533.9,11.1,22.5,26.4,28.6,22.6,12.8,17.0,9.2,11.1,1.8,2.6,5.7,5.1,3.6,3.2,2.8,2.4,28.6,11.1,12.1,25.3,29.3,31.9,24.8,13.8,18.6,9.9,12.0,2.3,2.4,5.8,5.2,3.6,3.1,2.7,3.1,12.1,42.0,42.2,42.0,42.0,42.0,42.0,42.0,42.0,42.0,0.0,39.8,54.2,53.9,47.5,44.8,27.1,34.1,30.7,26.4,60.2,45.8,46.1,52.5,55.2,72.9,65.9,69.3,73.6,0.0,0.0,0.0,0.0,0.0,0.0,0.0,0.0,0.0,1197.8,12.00,16,16,16,39,55,661,1,72.6,61.3,62.5,58.5,60.4,60.4,59.6,58.5,57.3,57.6,57.1,57.2,56.4,56.6,56.1,50.8,47.0,1.394,1.025,1.394,6.063,9.092,6.068,34.607,26.567,2.344,3.352,3.576,2.666,2.320,1.596,1.890,1.707,1.645,8.341,9.354,17.695,26.606,1197.8,1197.8,4108.2,4131.9,4084.5,4235.9,30.2,10.1,38.5,64.6,44.3,No,No,No,0.423,0.025,3.2,46,95.0,100.0,No,No,91369,99120,31,99.0,No,No,3320,0.0,1.2,1.3,0.040,7.975,103665,123869,0.0,0.0,0.0,0.000,0.000,52,0,35.9,47.9,83.0,0.669,12.162,12.201,12.177,12.107,1129,18.761,7.067,9.229,1.306,16.963,11.829,5.127,0.336,9.229,9.383,1.460,5.813,220.000,240.000,210.0,101.2,555.0,210.0,600.0,24.0,25.0,0.0,0.0,27.5,1.6,6.4,0.0,0.0,0.0,33,Yes,No,No,No,No,Yes,No,8.5,11.0,2,0,0,0,0,0,0,0,0,61,0,0,0,0,0,0,0,0,0,0,0,0,0,0,0,0,0,0,0,0,5942,2250,2085,130,2.5,239.3,252.4,225.8,225.4,225.3,225.3,0.0,0.0,0.0,0.0,0.0,0.0,4.18,4.45,3.94,3.94,4.46,4.46,1.05,0.01,4.10,0.08,0.00,0,0,0.0,0.0,20300,1800,0.6,0.2,0,
9.7.2026,23:41:8.220,27518,18475,59.8,20637,12045,63.1,0.4,13312,52,1.408,1.375,1.413,1.413,1.413,1.413,1.413,1.413,1.413,4236.1,4192.4,4242.3,4242.3,4242.3,4242.3,4242.3,4242.3,4242.3,99.8,606.4,2358.4,1106.5,1255.9,962.5,520.0,734.2,389.5,542.5,140.3,120.2,286.2,254.2,177.6,144.4,387.0,323.3,606.4,12.5,25.9,26.4,30.0,22.9,12.3,17.5,9.2,12.9,3.4,2.1,6.8,6.1,4.0,3.5,8.6,7.8,30.0,12.5,14.2,29.6,30.0,34.2,25.8,13.8,19.8,10.4,14.5,3.7,3.2,7.6,6.7,4.4,3.8,10.6,8.8,14.2,42.4,42.0,42.5,42.5,42.5,42.5,42.5,42.5,42.5,0.0,43.6,56.9,57.6,49.3,47.3,31.1,37.4,33.4,35.6,56.4,43.1,42.4,50.7,52.7,68.9,62.6,66.6,64.4,0.0,0.0,0.0,0.0,0.0,0.0,0.0,0.0,0.0,1197.8,12.00,16,16,16,39,55,661,1,69.8,61.8,64.0,58.7,60.6,60.5,59.6,58.7,57.4,57.8,57.1,57.9,56.3,56.5,56.1,49.8,47.1,1.394,1.031,1.387,6.632,9.136,6.633,38.379,27.388,2.507,3.635,3.728,2.734,2.413,1.709,2.013,1.801,2.022,9.141,9.401,18.542,27.455,1197.8,1197.8,4129.8,4149.3,4110.2,4214.4,31.2,11.1,42.6,65.0,45.4,No,No,No,0.467,0.018,3.5,46,95.0,100.0,No,No,91369,99120,31,99.0,No,No,3320,0.0,0.2,0.2,0.000,0.946,103665,123871,0.0,0.0,0.0,0.000,0.000,52,0,35.8,47.8,83.0,0.669,12.164,12.204,12.179,12.109,1128,18.847,7.122,9.436,1.281,17.136,11.878,5.242,0.336,9.436,9.318,1.382,5.781,220.000,240.000,210.0,101.2,555.0,210.0,600.0,24.0,25.0,0.0,0.0,27.5,1.7,6.6,0.0,0.0,0.0,33,Yes,No,No,No,No,Yes,No,8.5,11.1,2,0,0,0,0,0,0,0,0,61,0,0,0,0,0,0,0,0,0,0,0,0,0,0,0,0,0,0,0,0,5942,2250,2085,130,2.5,239.4,251.6,228.6,228.5,228.4,228.4,0.0,0.0,0.0,0.0,0.0,0.0,4.18,4.40,3.96,3.95,4.41,4.41,0.71,0.01,4.09,0.09,0.00,0,0,0.0,0.0,20300,1800,0.2,0.2,0,
9.7.2026,23:41:10.233,27520,18473,59.8,20632,12049,63.1,0.4,13312,52,1.357,1.056,1.400,1.400,1.400,1.400,1.400,1.400,1.400,4217.4,4217.4,4217.4,4217.4,4217.4,4217.4,4217.4,4217.4,4217.4,99.8,504.7,2142.6,976.7,968.2,967.9,451.0,637.4,313.2,455.5,79.6,88.2,234.0,232.1,149.2,114.5,154.5,110.0,504.7,10.2,21.2,23.3,23.2,23.0,10.7,15.2,7.4,10.8,2.0,2.2,5.7,5.6,3.3,2.7,3.7,2.6,23.3,10.2,11.4,24.1,26.5,26.1,25.9,11.9,17.1,8.3,12.1,2.1,2.3,6.1,6.1,3.7,3.0,4.2,2.9,11.4,42.2,42.2,42.2,42.2,42.2,42.2,42.2,42.2,42.2,0.0,38.7,51.7,50.7,45.4,43.2,27.3,33.7,30.7,27.0,61.3,48.3,49.3,54.6,56.8,72.7,66.3,69.3,73.0,0.0,0.0,0.0,0.0,0.0,0.0,0.0,0.0,0.0,1197.8,12.00,16,16,16,39,55,661,1,67.0,60.6,62.0,58.0,59.6,59.8,59.0,58.1,56.9,57.3,56.7,56.8,56.0,56.2,55.8,49.2,46.6,1.394,1.031,1.387,5.888,9.045,5.887,33.761,26.273,2.297,3.205,3.479,2.572,2.263,1.595,1.915,1.706,1.640,8.126,9.307,17.433,26.326,1197.8,1197.8,4119.6,4142.2,4097.1,4236.0,29.9,9.8,37.5,63.8,44.0,No,No,No,0.370,0.012,3.1,46,95.0,100.0,No,No,91369,99120,31,99.0,No,No,3320,0.0,0.1,0.1,0.000,1.113,103665,123873,0.0,0.0,0.0,0.000,0.000,52,0,35.8,48.0,83.0,0.669,12.164,12.203,12.179,12.108,1132,18.899,7.112,9.252,1.391,17.026,11.891,5.140,0.336,9.252,9.522,1.514,5.800,220.000,240.000,210.0,101.2,555.0,210.0,600.0,24.0,25.0,0.0,0.0,27.5,1.6,6.3,0.0,0.0,0.0,33,Yes,No,No,No,No,Yes,No,8.5,11.2,2,0,0,0,0,0,0,0,0,61,0,0,0,0,0,0,0,0,0,0,0,0,0,0,0,0,0,0,0,0,5942,2250,2085,130,2.5,238.3,250.1,225.7,225.0,224.9,224.9,0.0,0.0,0.0,0.0,0.0,0.0,4.20,4.45,3.98,3.98,4.46,4.46,0.81,0.01,4.11,0.09,0.00,0,0,0.0,0.0,20300,1800,2.1,0.4,0,
9.7.2026,23:41:12.234,27520,18474,59.8,20630,12052,63.1,0.4,13312,52,1.097,1.381,1.056,1.056,1.056,1.056,1.056,1.056,1.056,3928.5,3593.5,4217.4,4217.4,4217.4,4217.4,3373.9,4217.4,3373.9,99.8,589.1,2340.6,987.8,1203.9,1006.3,449.5,749.7,325.2,489.9,160.0,131.3,255.6,245.7,174.7,240.7,250.1,415.0,589.1,11.9,27.7,23.0,28.4,23.4,10.1,17.4,7.1,11.0,4.0,3.3,5.5,5.3,3.3,5.2,6.1,10.1,28.4,11.9,13.9,32.1,26.7,32.7,27.0,12.0,20.2,8.6,13.0,4.3,3.5,6.8,6.5,4.4,6.5,6.7,11.4,13.9,39.4,36.0,42.2,42.2,42.2,42.2,33.8,42.2,33.8,0.0,42.7,56.6,56.9,48.6,45.5,30.0,36.3,33.6,34.2,57.3,43.4,43.1,51.4,54.5,70.0,63.7,66.4,65.8,0.0,0.0,0.0,0.0,0.0,0.0,0.0,0.0,0.0,1197.8,12.00,16,16,16,39,55,661,1,65.1,62.7,61.2,58.8,60.7,60.6,59.4,58.4,57.6,57.9,57.5,58.1,56.0,56.2,55.8,49.8,47.2,1.381,1.031,1.394,6.884,9.090,6.883,37.530,27.710,2.585,3.723,3.823,2.736,2.373,1.841,2.068,1.989,2.123,9.500,9.356,18.856,27.756,1197.8,1197.8,4123.4,4139.5,4107.3,4216.2,31.5,11.5,41.7,66.0,45.7,No,No,No,0.403,0.017,3.4,46,95.0,100.0,No,No,91369,99120,31,99.0,No,No,3320,0.0,0.0,0.0,0.000,0.075,103665,123874,0.0,0.0,0.0,0.000,0.000,52,0,35.8,47.8,83.0,0.669,12.163,12.204,12.178,12.108,1131,18.910,7.205,9.483,1.403,17.110,11.829,5.268,0.336,9.483,9.379,1.968,5.794,220.000,240.000,210.0,101.2,555.0,210.0,600.0,24.0,25.0,0.0,0.0,27.5,1.6,6.4,0.0,0.0,0.0,33,Yes,No,No,No,No,Yes,No,8.6,11.1,2,0,0,0,0,0,0,0,0,61,0,0,0,0,0,0,0,0,0,0,0,0,0,0,0,0,0,0,0,0,5942,2250,2085,130,2.5,238.7,253.4,222.1,222.0,221.9,221.9,0.0,0.0,0.0,0.0,0.0,0.0,4.19,4.52,3.94,3.94,4.52,4.52,1.07,0.01,4.11,0.08,0.00,0,0,0.0,0.0,20300,1800,1.6,0.2,0,
9.7.2026,23:41:14.218,27517,18477,59.8,20632,12050,63.1,0.4,13312,52,1.380,1.381,1.381,1.381,1.381,1.381,1.381,1.381,1.375,4195.6,4192.4,4192.4,4192.4,4192.4,4192.4,4192.4,4192.4,4217.4,99.8,533.1,2301.5,1074.0,1197.3,929.3,479.6,707.9,308.1,431.1,82.3,85.8,185.7,221.9,136.6,108.6,180.6,98.9,533.1,10.6,22.8,25.4,28.4,21.7,11.2,16.6,7.1,10.0,2.0,2.1,4.4,5.2,3.0,2.5,4.3,2.3,28.4,10.6,12.0,26.2,29.1,32.4,24.8,12.7,19.0,8.1,11.3,2.2,2.3,4.9,5.9,3.4,2.8,4.9,2.6,12.0,42.0,42.0,42.0,42.0,42.0,42.0,42.0,42.0,42.2,0.0,39.7,55.3,54.0,48.0,44.7,26.0,33.2,29.7,26.9,60.3,44.7,46.0,52.0,55.3,74.0,66.8,70.3,73.1,0.0,0.0,0.0,0.0,0.0,0.0,0.0,0.0,0.0,1197.8,12.00,16,16,16,39,55,661,1,62.8,60.9,63.0,58.1,60.0,60.0,59.3,58.1,56.8,57.2,56.7,56.8,55.9,56.2,55.7,50.2,47.3,1.394,1.038,1.387,6.194,9.035,6.196,35.012,26.706,2.384,3.424,3.690,2.739,2.304,1.605,1.885,1.708,1.715,8.581,9.296,17.877,26.779,1197.8,1197.8,4134.3,4162.3,4106.4,4226.1,30.4,10.3,38.9,64.1,44.8,No,No,No,0.393,0.016,3.2,46,95.0,100.0,No,No,91369,99120,31,99.0,No,No,3320,0.0,0.0,0.0,0.000,0.038,103665,123874,0.0,0.0,0.0,0.000,0.000,52,0,35.7,47.9,83.0,0.669,12.168,12.209,12.183,12.113,1129,19.001,7.169,9.421,1.355,17.141,11.895,5.234,0.336,9.421,9.417,1.636,5.832,220.000,240.000,210.0,101.2,555.0,210.0,600.0,24.0,25.0,0.0,0.0,27.5,1.5,6.2,0.0,0.0,0.0,33,Yes,No,No,No,No,Yes,No,8.6,11.2,2,0,0,0,0,0,0,0,0,61,0,0,0,0,0,0,0,0,0,0,0,0,0,0,0,0,0,0,0,0,5942,2250,2085,130,2.5,238.9,257.2,226.7,226.6,226.6,226.6,0.0,0.0,0.0,0.0,0.0,0.0,4.19,4.43,3.85,3.84,4.43,4.43,0.88,0.01,4.11,0.08,0.00,0,0,0.0,0.0,20300,1800,1.0,0.0,0,
9.7.2026,23:41:16.222,27509,18485,59.8,20620,12061,63.0,0.4,13312,52,1.377,1.387,1.375,1.375,1.375,1.375,1.375,1.375,1.375,4139.4,3593.5,4217.4,4217.4,4217.4,4217.4,4217.4,4217.4,4217.4,99.8,564.4,2331.5,1115.5,1241.2,1149.3,457.2,753.8,333.5,458.0,116.0,88.9,193.1,193.5,140.6,141.6,177.8,139.8,564.4,11.5,22.1,26.7,29.7,27.3,11.0,18.0,7.5,11.0,3.3,1.9,5.1,5.0,3.6,3.9,4.0,3.9,29.7,11.5,12.8,25.0,30.3,33.8,30.9,12.1,20.2,8.8,12.1,3.1,2.3,5.1,5.1,3.5,3.8,4.8,3.8,12.8,41.5,36.0,42.2,42.2,42.2,42.2,42.2,42.2,42.2,0.0,40.9,55.8,58.6,49.1,46.1,26.2,34.0,30.3,26.7,59.1,44.2,41.4,50.9,53.9,73.8,66.0,69.7,73.3,0.0,0.0,0.0,0.0,0.0,0.0,0.0,0.0,0.0,1197.8,12.00,16,16,16,39,55,661,1,69.8,61.4,62.2,58.3,60.1,60.6,59.2,58.4,56.9,57.2,56.7,56.9,56.0,56.2,55.7,48.5,46.7,1.388,1.025,1.387,6.581,9.079,6.577,36.311,27.297,2.463,3.473,4.064,2.781,2.404,1.634,1.916,1.728,1.702,9.128,9.342,18.470,27.366,1197.8,1197.8,4150.1,4179.0,4121.1,4217.2,31.1,11.0,40.3,64.6,46.1,No,No,No,0.429,0.017,3.3,46,95.0,100.0,No,No,91369,99120,31,99.0,No,No,3320,0.0,0.0,0.0,0.008,0.067,103665,123874,0.0,0.0,0.0,0.000,0.000,52,0,35.7,47.9,83.0,0.669,12.162,12.202,12.178,12.106,1132,18.961,7.177,9.535,1.318,17.122,11.816,5.297,0.336,9.535,9.253,1.753,5.805,220.000,240.000,210.0,101.2,555.0,210.0,600.0,23.0,25.0,0.0,0.0,27.5,1.5,6.0,0.0,0.0,0.0,33,Yes,No,No,No,No,Yes,No,8.5,11.1,2,0,0,0,0,0,0,0,0,61,0,0,0,0,0,0,0,0,0,0,0,0,0,0,0,0,0,0,0,0,5942,2250,2085,130,2.5,238.9,257.2,226.7,226.6,226.6,226.6,0.0,0.0,0.0,0.0,0.0,0.0,4.19,4.43,3.85,3.84,4.43,4.43,0.88,0.01,4.11,0.08,0.00,0,0,0.0,0.0,20300,1800,0.5,0.3,0,
9.7.2026,23:41:18.230,27509,18485,59.8,20628,12053,63.1,0.4,13312,52,1.381,1.381,1.381,1.381,1.381,1.381,1.381,1.381,1.381,4192.4,4192.4,4192.4,4192.4,4192.4,4192.4,4192.4,4192.4,4192.4,99.8,1175.0,2873.8,1676.8,1736.5,1702.0,1060.3,1292.8,957.3,1050.6,592.9,680.3,808.8,749.3,681.9,691.6,1118.3,1127.6,1175.0,26.3,37.2,40.1,41.7,40.7,25.2,30.8,23.4,25.0,14.3,17.1,19.4,17.9,16.2,16.6,27.8,27.5,41.7,26.3,29.9,42.5,46.0,47.6,46.5,28.8,35.2,26.1,28.6,16.3,18.7,22.2,20.4,18.5,19.0,31.0,31.2,29.9,42.0,42.0,42.0,42.0,42.0,42.0,42.0,42.0,42.0,0.0,56.3,69.6,69.4,62.3,60.3,43.1,50.3,46.2,48.9,43.7,30.4,30.6,37.7,39.7,56.9,49.7,53.8,51.1,0.0,0.0,0.0,0.0,0.0,0.0,0.0,0.0,0.0,1197.8,12.00,16,16,16,39,55,661,1,77.6,66.1,63.8,61.7,63.2,63.8,62.1,61.4,59.9,60.8,59.8,62.3,57.1,57.3,56.9,49.8,47.0,1.394,1.031,1.387,10.919,9.404,10.920,50.284,33.505,3.602,4.570,4.873,3.746,3.424,2.677,3.026,2.833,3.669,14.876,9.695,24.571,33.560,1197.8,1197.8,4127.2,4143.7,4110.7,4166.0,38.1,18.2,55.9,69.6,51.5,No,No,No,1.054,0.046,4.5,46,95.0,100.0,No,No,91369,99120,31,99.0,No,No,3320,0.0,0.3,0.3,0.032,3.223,103665,123880,0.0,0.0,0.0,0.000,0.000,52,0,35.7,47.7,83.0,0.669,12.161,12.201,12.176,12.105,1132,18.890,7.129,9.474,1.330,17.095,11.814,5.263,0.336,9.474,9.291,1.305,5.902,220.000,240.000,210.0,101.2,555.0,210.0,600.0,26.0,26.0,0.0,1.0,27.5,1.8,7.2,0.0,0.0,0.0,33,Yes,No,No,No,No,Yes,No,8.5,11.1,2,0,0,0,0,0,0,0,0,61,0,0,0,0,0,0,0,0,0,0,0,0,0,0,0,0,0,0,0,0,5942,2250,2085,130,2.5,237.3,240.2,235.0,234.9,234.9,234.9,0.0,0.0,0.0,0.0,0.0,0.0,4.22,4.26,4.16,4.16,4.26,4.26,1.18,0.02,4.06,0.16,0.00,0,0,0.0,0.0,20300,1800,0.1,0.1,0,
9.7.2026,23:41:20.232,27600,18394,60.0,20670,12012,63.2,0.4,13312,52,1.362,1.356,1.363,1.363,1.363,1.363,1.363,1.363,1.363,4145.6,4142.5,4142.5,4142.5,4142.5,4142.5,4142.5,4142.5,4167.5,99.8,669.3,2634.3,1132.9,1462.6,1254.8,716.7,773.2,481.9,549.9,107.1,115.8,323.5,303.9,224.3,192.9,206.0,228.9,669.3,13.9,31.9,26.8,34.9,29.8,17.0,18.2,11.4,12.9,1.9,2.9,7.7,7.2,5.2,3.9,4.3,5.6,34.9,13.9,15.9,36.6,30.7,40.0,33.9,19.3,20.7,12.9,14.6,2.8,3.0,8.6,8.0,5.7,5.1,5.6,6.2,15.9,41.5,41.5,41.5,41.5,41.5,41.5,41.5,41.5,41.8,0.0,46.3,63.3,64.4,54.7,51.2,30.4,39.6,35.1,32.0,53.7,36.7,35.6,45.3,48.8,69.6,60.4,64.9,68.0,0.0,0.0,0.0,0.0,0.0,0.0,0.0,0.0,0.0,1197.8,12.00,16,16,16,39,55,661,1,74.5,62.8,65.2,59.1,61.3,61.8,60.2,59.3,57.4,58.0,57.3,57.5,56.5,56.7,56.2,50.5,46.4,1.356,1.031,1.363,7.554,9.181,7.549,41.273,28.686,2.733,4.045,4.490,3.058,2.619,1.715,2.161,1.909,1.864,10.431,9.449,19.881,28.795,1197.8,1197.8,4152.2,4174.1,4130.3,4204.9,32.7,12.6,45.9,66.1,47.5,No,No,No,0.528,0.017,3.7,46,95.0,100.0,No,No,91369,99120,31,99.0,No,No,3320,0.0,0.1,0.1,0.000,1.021,103665,123882,0.0,0.0,0.0,0.000,0.000,52,0,35.7,47.8,83.0,0.669,12.167,12.208,12.183,12.112,1133,18.904,7.159,9.564,1.392,17.141,11.821,5.313,0.336,9.564,9.319,1.332,5.805,220.000,240.000,210.0,101.2,555.0,210.0,600.0,25.0,26.0,0.0,0.0,27.5,1.5,6.0,0.0,0.0,0.0,33,Yes,No,No,No,No,Yes,No,8.6,10.8,2,0,0,0,0,0,0,0,0,61,0,0,0,0,0,0,0,0,0,0,0,0,0,0,0,0,0,0,0,0,5942,2250,2085,127,2.5,0.5,0.5,0.5,0.5,0.5,0.5,0.5,0.5,0.5,0.5,0.5,0.5,1999.61,1999.61,1999.61,1999.61,1999.61,1999.61,1.38,1997.00,1999.61,0.00,1997.07,0,0,0.0,0.0,20300,1800,0.9,0.5,0,
9.7.2026,23:41:22.227,27540,18453,59.8,20655,12026,63.2,0.4,13312,52,1.376,1.381,1.375,1.375,1.375,1.375,1.375,1.375,1.375,4117.6,3593.5,4192.4,4192.4,4192.4,4192.4,4192.4,4192.4,4192.4,99.8,747.0,2707.5,996.2,1518.2,1253.6,953.6,736.7,611.8,533.9,187.3,224.3,441.3,329.7,369.5,229.3,347.1,511.4,747.0,15.7,36.4,23.1,35.9,29.6,22.3,16.9,14.0,12.0,4.7,4.9,10.0,7.2,8.1,5.6,8.5,11.8,36.4,15.7,18.2,41.9,26.8,41.7,34.0,25.8,19.8,16.5,14.2,5.0,6.1,11.9,8.7,9.8,6.1,9.4,14.1,18.2,41.2,36.0,42.0,42.0,42.0,42.0,42.0,42.0,42.0,0.0,51.2,65.4,69.4,57.9,54.0,36.6,44.3,40.5,41.2,48.8,34.6,30.6,42.1,46.0,63.4,55.7,59.5,58.8,0.0,0.0,0.0,0.0,0.0,0.0,0.0,0.0,0.0,1197.8,12.00,16,16,16,39,55,661,1,71.8,64.1,61.2,59.8,61.9,62.3,60.8,59.7,58.2,58.6,57.8,58.7,56.7,57.0,56.4,49.2,46.6,1.400,1.025,1.394,8.131,9.228,8.135,45.708,29.592,2.923,4.217,4.634,3.197,2.716,1.970,2.308,2.058,2.286,11.164,9.502,20.666,29.612,1197.8,1197.8,4141.2,4157.4,4124.9,4182.4,33.7,13.6,50.8,67.5,47.5,No,No,No,0.672,0.016,4.1,46,95.0,100.0,No,No,91369,99120,31,99.0,No,No,3320,0.0,0.1,0.1,0.000,0.195,103665,123882,0.0,0.0,0.0,0.000,0.000,52,0,35.8,47.8,83.0,0.669,12.166,12.206,12.181,12.111,1129,18.940,7.230,9.758,1.440,17.273,11.845,5.421,0.336,9.758,9.302,1.311,5.856,220.000,240.000,210.0,101.2,555.0,210.0,600.0,25.0,25.0,0.0,1.0,27.5,1.6,6.2,0.0,0.0,0.0,33,Yes,No,No,No,No,Yes,No,8.7,10.9,2,0,0,0,0,0,0,0,0,61,0,0,0,0,0,0,0,0,0,0,0,0,0,0,0,0,0,0,0,0,5942,2250,2085,127,2.5,0.5,0.5,0.5,0.5,0.5,0.5,0.5,0.5,0.5,0.5,0.5,0.5,2002.27,2002.27,2002.27,2002.27,2002.27,2002.27,1.90,1999.59,2002.27,0.00,1997.47,0,0,0.0,0.0,20300,1800,0.1,0.4,0,
9.7.2026,23:41:24.233,27528,18466,59.8,20642,12039,63.1,0.4,13312,52,1.183,1.056,1.056,1.056,1.056,1.056,1.394,1.394,1.394,4217.4,4217.4,4217.4,4217.4,4217.4,4217.4,4217.4,4217.4,4217.4,99.8,548.7,2360.9,940.8,1050.9,1183.6,732.3,582.3,356.4,388.0,97.9,91.0,209.8,219.2,136.5,106.0,90.6,233.6,548.7,11.7,29.7,22.5,25.3,28.8,17.8,14.0,8.7,9.3,2.7,2.6,5.3,5.5,3.4,2.8,2.5,6.0,29.7,11.7,12.8,33.5,25.3,28.6,32.0,19.7,15.4,9.4,10.1,2.6,2.4,5.5,5.8,3.4,2.8,2.4,6.4,12.8,42.2,42.2,42.2,42.2,42.2,42.2,42.2,42.2,42.2,0.0,41.1,56.8,57.4,49.8,45.6,27.1,34.5,29.8,27.5,58.9,43.2,42.6,50.2,54.4,72.9,65.5,70.2,72.5,0.0,0.0,0.0,0.0,0.0,0.0,0.0,0.0,0.0,1197.8,12.00,16,16,16,39,55,661,1,68.9,61.2,61.5,58.1,60.0,60.2,59.3,58.1,56.8,57.1,56.6,56.7,55.8,56.1,55.6,49.8,46.0,1.388,1.038,1.387,6.339,9.080,6.342,36.257,26.939,2.426,3.538,3.803,2.821,2.322,1.634,1.910,1.696,1.681,8.744,9.343,18.087,26.992,1197.8,1197.8,4141.5,4164.0,4119.0,4222.5,30.7,10.6,40.3,64.4,44.9,No,No,No,0.430,0.017,3.3,46,95.0,100.0,No,No,91369,99120,31,99.0,No,No,3320,0.0,0.0,0.0,0.000,0.226,103665,123883,0.0,0.0,0.0,0.000,0.000,52,0,35.7,47.7,83.0,0.669,12.165,12.205,12.180,12.110,1129,18.926,7.137,9.540,1.391,17.077,11.771,5.300,0.336,9.540,9.276,1.304,5.829,220.000,240.000,210.0,101.2,555.0,210.0,600.0,25.0,25.0,0.0,0.0,27.5,1.5,6.0,0.0,0.0,0.0,33,Yes,No,No,No,No,Yes,No,8.6,11.2,2,0,0,0,0,0,0,0,0,61,0,0,0,0,0,0,0,0,0,0,0,0,0,0,0,0,0,0,0,0,5942,2250,2085,127,2.5,0.5,0.5,0.5,0.5,0.5,0.5,0.5,0.5,0.5,0.5,0.5,0.5,2002.27,2002.27,2002.27,2002.27,2002.27,2002.27,1.90,1999.59,2002.27,0.00,1997.47,0,0,0.0,0.0,20300,1800,1.0,0.6,0,
9.7.2026,23:41:26.227,27531,18463,59.8,20644,12038,63.1,0.4,13312,52,1.396,1.369,1.400,1.400,1.400,1.400,1.400,1.400,1.400,4214.3,4192.4,4217.4,4217.4,4217.4,4217.4,4217.4,4217.4,4217.4,99.8,509.5,2197.8,796.1,1063.2,1091.1,684.3,541.7,341.9,415.6,80.4,84.3,221.3,186.2,128.9,133.0,105.7,81.1,509.5,10.4,28.0,18.7,25.2,26.4,16.3,12.7,7.9,9.6,1.7,1.8,5.1,4.2,2.6,2.9,2.3,1.7,28.0,10.4,11.9,31.6,21.3,28.9,29.5,18.4,14.3,9.0,10.9,2.1,2.2,5.9,4.8,3.1,3.5,2.8,2.1,11.9,42.2,42.0,42.2,42.2,42.2,42.2,42.2,42.2,42.2,0.0,39.5,53.2,55.6,47.4,44.4,26.3,33.6,29.8,25.5,60.5,46.8,44.4,52.6,55.6,73.7,66.4,70.2,74.5,0.0,0.0,0.0,0.0,0.0,0.0,0.0,0.0,0.0,1197.8,12.00,16,16,16,39,55,661,1,66.2,60.2,62.8,57.5,59.2,59.4,58.6,57.5,56.3,56.5,56.2,56.2,55.4,55.7,55.2,48.5,46.2,1.413,1.025,1.413,5.962,9.065,5.957,34.322,26.355,2.306,3.311,3.561,2.675,2.246,1.557,1.840,1.671,1.584,8.217,9.326,17.543,26.429,1197.8,1197.8,4116.8,4139.8,4093.8,4242.4,30.0,9.9,38.1,63.4,44.4,No,No,No,0.396,0.016,3.2,46,95.0,100.0,No,No,91369,99120,31,99.0,No,No,3320,0.0,0.0,0.0,0.000,0.018,103665,123883,0.0,0.0,0.0,0.000,0.000,52,0,35.6,47.9,83.0,0.669,12.161,12.201,12.177,12.105,1129,18.912,7.150,9.418,1.306,17.169,11.936,5.232,0.336,9.418,9.402,1.498,5.786,220.000,240.000,210.0,101.2,555.0,210.0,600.0,24.0,25.0,0.0,0.0,27.5,1.6,6.5,0.0,0.0,0.0,33,Yes,No,No,No,No,Yes,No,8.6,11.2,2,0,0,0,0,0,0,0,0,61,0,0,0,0,0,0,0,0,0,0,0,0,0,0,0,0,0,0,0,0,5942,2250,2085,127,2.5,0.5,0.5,0.5,0.5,0.5,0.5,0.5,0.5,0.5,0.5,0.5,0.5,2018.52,2018.52,2018.52,2018.52,2018.52,2018.52,2.82,2015.00,2018.52,0.00,2014.11,0,0,0.0,0.0,20300,1800,0.7,0.5,0,
9.7.2026,23:41:28.221,27524,18469,59.8,20637,12045,63.1,0.4,13312,52,1.309,1.056,1.056,1.394,1.394,1.394,1.394,1.394,1.394,4217.4,4217.4,4217.4,4217.4,4217.4,4217.4,4217.4,4217.4,4217.4,99.8,599.3,2269.0,858.0,762.4,1305.5,744.3,590.8,505.3,519.2,113.2,104.6,223.8,194.6,262.1,223.7,484.4,428.2,599.3,12.9,29.3,20.4,18.3,31.8,18.0,14.1,12.2,12.4,2.8,2.6,5.5,4.7,6.2,5.4,11.7,10.4,31.8,12.9,14.4,32.9,23.0,20.6,35.5,20.1,15.7,13.6,13.8,3.0,2.7,5.9,5.1,6.8,6.0,13.3,11.7,14.4,42.2,42.2,42.2,42.2,42.2,42.2,42.2,42.2,42.2,0.0,43.2,55.0,55.0,50.5,48.6,29.9,35.4,34.6,36.8,56.8,45.0,45.0,49.5,51.4,70.1,64.6,65.4,63.2,0.0,0.0,0.0,0.0,0.0,0.0,0.0,0.0,0.0,1197.8,12.00,16,16,16,39,55,661,1,64.5,62.4,63.2,58.4,60.0,59.9,59.7,58.8,56.9,57.1,57.2,57.7,55.7,55.9,55.5,49.2,46.1,1.400,1.025,1.400,6.849,9.108,6.858,38.016,27.677,2.579,3.510,3.652,2.994,2.648,1.704,1.917,2.006,2.205,9.432,9.373,18.804,27.720,1197.8,1197.8,4125.3,4140.0,4110.6,4214.7,31.5,11.4,42.2,65.7,45.5,No,No,No,0.439,0.011,3.5,46,95.0,100.0,No,No,91369,99120,31,99.0,No,No,3320,0.0,0.1,0.1,0.000,0.215,103665,123883,0.0,0.0,0.0,0.000,0.000,52,0,35.7,47.7,83.0,0.669,12.167,12.207,12.183,12.113,1131,18.823,7.154,9.515,1.526,17.068,11.786,5.286,0.336,9.515,9.425,1.302,5.786,220.000,240.000,210.0,101.2,555.0,210.0,600.0,24.0,25.0,0.0,0.0,27.5,1.5,6.1,0.0,0.0,0.0,33,Yes,No,No,No,No,Yes,No,8.6,11.2,2,0,0,0,0,0,0,0,0,61,0,0,0,0,0,0,0,0,0,0,0,0,0,0,0,0,0,0,0,0,5942,2250,2085,127,2.5,0.5,0.5,0.5,0.5,0.5,0.5,0.5,0.5,0.5,0.5,0.5,0.5,2018.52,2018.52,2018.52,2018.52,2018.52,2018.52,2.82,2015.00,2018.52,0.00,2014.11,0,0,0.0,0.0,20300,1800,0.2,0.1,0,
9.7.2026,23:41:30.218,27526,18467,59.8,20640,12042,63.1,0.4,13312,52,1.395,1.400,1.394,1.394,1.394,1.394,1.394,1.394,1.394,4217.4,4217.4,4217.4,4217.4,4217.4,4217.4,4217.4,4217.4,4217.4,99.8,507.4,2176.9,784.3,947.8,1058.0,658.4,503.8,399.9,416.0,89.1,91.2,226.4,195.1,157.9,139.4,194.7,80.0,507.4,10.3,27.9,18.2,22.4,25.3,15.6,11.6,9.3,9.5,1.8,1.8,5.1,4.3,3.2,2.9,4.3,1.6,27.9,10.3,11.9,31.8,21.0,25.7,28.5,17.7,13.3,10.7,11.0,2.3,2.4,5.9,5.1,3.9,3.6,5.3,2.1,11.9,42.2,42.2,42.2,42.2,42.2,42.2,42.2,42.2,42.2,0.0,39.5,52.6,53.1,46.3,43.8,27.7,33.7,31.0,27.5,60.5,47.4,46.9,53.7,56.2,72.3,66.3,69.0,72.5,0.0,0.0,0.0,0.0,0.0,0.0,0.0,0.0,0.0,1197.8,12.00,16,16,16,39,55,661,1,62.1,60.1,58.8,57.4,59.2,59.0,58.4,57.4,56.2,56.4,56.1,56.1,55.3,55.5,55.1,50.0,46.7,1.400,1.025,1.400,5.921,9.059,5.918,34.342,26.317,2.301,3.365,3.354,2.600,2.274,1.586,1.857,1.724,1.648,8.166,9.320,17.485,26.373,1197.8,1197.8,4114.7,4142.2,4087.1,4240.9,30.0,9.9,38.2,63.3,44.2,No,No,No,0.388,0.016,3.2,46,95.0,100.0,No,No,91369,99120,31,99.0,No,No,3320,0.0,0.0,0.0,0.000,0.051,103665,123883,0.0,0.0,0.0,0.000,0.000,52,0,35.6,47.6,83.0,0.669,12.167,12.206,12.183,12.112,1129,18.917,7.250,9.756,1.428,17.251,11.822,5.420,0.336,9.756,9.264,1.647,5.821,220.000,240.000,210.0,101.2,555.0,210.0,600.0,25.0,25.0,0.0,0.0,27.5,1.6,6.2,0.0,0.0,0.0,33,Yes,No,No,No,No,Yes,No,8.6,11.4,2,0,0,0,0,0,0,0,0,61,0,0,0,0,0,0,0,0,0,0,0,0,0,0,0,0,0,0,0,0,5942,2250,2085,127,2.5,0.5,0.5,0.5,0.5,0.5,0.5,0.5,0.5,0.5,0.5,0.5,0.5,2018.52,2018.52,2018.52,2018.52,2018.52,2018.52,2.82,2015.00,2018.52,0.00,2014.11,0,0,0.0,0.0,20300,1800,0.6,0.6,0,
9.7.2026,23:41:32.228,27535,18459,59.8,20645,12037,63.1,0.4,13312,52,1.329,1.325,1.331,1.325,1.325,1.331,1.331,1.325,1.337,4092.6,4092.6,4092.6,4092.6,4092.6,4092.6,4092.6,4092.6,4092.6,99.8,678.0,2312.6,985.1,1092.6,1267.8,836.5,620.2,576.1,506.3,240.7,245.6,412.2,368.6,309.6,272.6,515.3,285.9,678.0,15.0,31.2,23.7,26.4,30.7,20.5,15.1,14.2,12.4,6.1,6.2,10.2,9.1,7.4,6.8,12.6,6.9,31.2,15.0,16.5,35.1,26.5,29.8,34.4,22.7,16.6,15.6,13.5,6.3,6.5,11.0,9.7,7.9,7.1,14.0,7.3,16.5,41.0,41.0,41.0,41.0,41.0,41.0,41.0,41.0,41.0,0.0,43.5,55.9,57.9,49.7,46.7,31.4,37.7,34.5,33.9,56.5,44.1,42.1,50.3,53.3,68.6,62.3,65.5,66.1,0.0,0.0,0.0,0.0,0.0,0.0,0.0,0.0,0.0,1197.8,12.00,16,16,16,39,55,661,1,69.8,61.1,73.8,57.9,59.6,59.7,58.9,57.9,56.6,57.1,56.4,57.2,55.3,55.5,55.1,49.8,45.9,1.369,1.038,1.375,7.202,9.128,7.153,38.096,27.801,2.665,3.675,3.818,2.911,2.566,1.893,2.227,2.004,2.229,9.929,9.395,19.324,28.168,1197.8,1197.8,4127.2,4149.8,4104.6,4229.6,32.0,11.9,42.3,64.3,46.6,No,No,No,0.551,0.024,3.5,46,95.0,100.0,No,No,91369,99120,31,99.0,No,No,3320,0.0,0.0,0.1,0.032,0.127,103665,123883,0.0,0.0,0.0,0.000,0.000,52,0,35.6,47.9,83.0,0.669,12.162,12.201,12.179,12.108,1129,19.077,7.173,9.531,1.379,17.135,11.841,5.295,0.336,9.531,9.335,1.536,5.813,220.000,240.000,210.0,101.2,555.0,210.0,600.0,25.0,25.0,0.0,0.0,27.5,1.6,6.4,0.0,0.0,0.0,33,Yes,No,No,No,No,Yes,No,8.6,11.2,2,0,0,0,0,0,0,0,0,61,0,0,0,0,0,0,0,0,0,0,0,0,0,0,0,0,0,0,0,0,5942,2250,2085,127,2.5,0.5,0.5,0.5,0.5,0.5,0.5,0.5,0.5,0.5,0.5,0.5,0.5,2018.52,2018.52,2018.52,2018.52,2018.52,2018.52,2.82,2015.00,2018.52,0.00,2014.11,0,0,0.0,0.0,20300,1800,0.7,0.1,0,
9.7.2026,23:41:34.223,27542,18452,59.8,20651,12030,63.1,0.4,13312,52,1.392,1.381,1.394,1.394,1.394,1.394,1.394,1.394,1.394,4217.4,4217.4,4217.4,4217.4,4217.4,4217.4,4217.4,4217.4,4217.4,99.8,758.0,2559.8,1087.5,1496.4,1175.0,983.8,677.9,665.2,583.1,272.8,244.4,506.1,377.9,350.8,291.6,460.9,394.3,758.0,16.4,35.0,25.7,35.7,28.0,23.5,15.9,15.8,13.7,6.6,5.9,12.2,9.0,8.2,6.9,11.3,9.8,35.7,16.4,18.8,39.9,29.4,40.9,31.8,26.7,18.2,18.0,15.6,7.6,6.8,13.8,10.3,9.5,8.0,12.9,11.2,18.8,42.2,42.2,42.2,42.2,42.2,42.2,42.2,42.2,42.2,0.0,48.6,61.9,65.0,54.9,51.8,35.6,43.0,38.6,37.8,51.4,38.1,35.0,45.1,48.2,64.4,57.0,61.4,62.2,0.0,0.0,0.0,0.0,0.0,0.0,0.0,0.0,0.0,1197.8,12.00,16,16,16,39,55,661,1,68.0,63.2,58.5,59.3,61.1,61.6,60.2,59.3,57.8,58.4,57.6,58.7,56.2,56.4,56.0,49.5,46.2,1.388,1.025,1.387,8.143,9.197,8.190,42.856,29.902,2.899,4.049,4.304,3.159,2.778,1.968,2.354,2.099,2.480,11.180,9.470,20.649,29.662,1197.8,1197.8,4122.6,4142.0,4103.2,4204.2,33.7,13.6,47.6,66.6,47.8,No,No,No,0.751,0.039,3.9,46,95.0,100.0,No,No,91369,99120,31,99.0,No,No,3320,0.0,0.2,0.2,0.000,2.588,103665,123888,0.0,0.0,0.0,0.000,0.000,52,0,35.7,47.8,83.0,0.669,12.167,12.206,12.182,12.112,1131,19.014,7.181,9.522,1.367,17.201,11.906,5.290,0.336,9.522,9.395,1.371,5.897,220.000,240.000,210.0,101.2,555.0,210.0,600.0,28.0,26.0,0.0,0.0,27.5,1.8,7.4,0.0,0.0,0.0,33,Yes,No,No,No,No,Yes,No,8.6,11.3,2,0,0,0,0,0,0,0,0,61,0,0,0,0,0,0,0,0,0,0,0,0,0,0,0,0,0,0,0,0,5942,2250,2085,127,2.5,0.5,0.5,0.5,0.5,0.5,0.5,0.5,0.5,0.5,0.5,0.5,0.5,2018.52,2018.52,2018.52,2018.52,2018.52,2018.52,2.82,2015.00,2018.52,0.00,2014.11,0,0,0.0,0.0,20300,1800,3.8,0.0,0,
9.7.2026,23:41:36.218,27543,18450,59.8,20650,12032,63.1,0.4,13312,52,1.335,1.056,1.375,1.375,1.375,1.375,1.375,1.375,1.375,4195.6,4217.4,4192.4,4192.4,4192.4,4192.4,4192.4,4192.4,4192.4,99.8,536.6,2351.7,863.5,939.4,1159.6,645.3,566.0,396.4,372.6,68.4,80.2,234.3,185.9,172.8,113.8,256.6,179.5,536.6,11.0,30.7,20.3,22.3,27.6,15.4,13.3,9.4,8.8,1.1,1.3,5.8,4.5,4.1,2.9,5.6,3.7,30.7,11.0,12.6,35.1,23.1,25.5,31.3,17.3,15.0,10.6,9.8,1.8,2.1,6.2,4.9,4.4,3.0,7.0,4.8,12.6,42.0,42.2,42.0,42.0,42.0,42.0,42.0,42.0,42.0,0.0,40.9,56.5,55.6,49.0,46.1,26.0,34.2,30.7,29.4,59.1,43.5,44.4,51.0,53.9,74.0,65.8,69.3,70.6,0.0,0.0,0.0,0.0,0.0,0.0,0.0,0.0,0.0,1197.8,12.00,16,16,16,39,55,661,1,65.2,60.5,68.8,57.5,59.6,59.3,58.7,57.5,56.1,56.6,56.0,56.3,55.3,55.6,55.1,48.5,45.9,1.381,1.031,1.387,6.321,9.096,6.314,36.083,26.896,2.402,3.655,3.555,2.758,2.327,1.561,1.897,1.712,1.749,8.747,9.358,18.106,26.993,1197.8,1197.8,4140.6,4162.7,4118.4,4227.2,30.7,10.5,40.1,63.7,45.3,No,No,No,0.408,0.017,3.3,46,95.0,100.0,No,No,91369,99120,31,99.0,No,No,3320,0.0,0.1,0.1,0.008,1.030,103665,123890,0.0,0.0,0.0,0.000,0.000,52,0,35.6,48.0,83.0,0.669,12.163,12.201,12.178,12.108,1128,18.979,7.164,9.405,1.342,17.184,11.951,5.225,0.336,9.405,9.463,1.448,5.886,220.000,240.000,210.0,101.2,555.0,210.0,600.0,25.0,25.0,0.0,0.0,27.5,1.6,6.5,0.0,0.0,0.0,33,Yes,No,No,No,No,Yes,No,8.6,11.2,2,0,0,0,0,0,0,0,0,61,0,0,0,0,0,0,0,0,0,0,0,0,0,0,0,0,0,0,0,0,5942,2250,2085,127,2.5,0.5,0.5,0.5,0.5,0.5,0.5,0.5,0.5,0.5,0.5,0.5,0.5,2018.52,2018.52,2018.52,2018.52,2018.52,2018.52,2.82,2015.00,2018.52,0.00,2014.11,0,0,0.0,0.0,20300,1800,1.0,0.4,0,
9.7.2026,23:41:38.218,27542,18452,59.8,20652,12030,63.1,0.4,13312,52,1.371,1.387,1.369,1.369,1.369,1.369,1.369,1.369,1.369,3901.1,4217.4,4217.4,4217.4,4217.4,3373.9,3373.9,4217.4,3373.9,99.8,559.5,2427.6,954.6,974.8,1297.3,658.8,561.8,363.5,366.8,120.2,76.6,199.4,188.4,133.7,131.8,306.1,190.8,559.5,11.2,30.8,22.3,22.5,30.7,14.8,12.4,7.9,7.8,3.1,2.0,4.1,3.8,2.4,2.5,7.5,4.7,30.8,11.2,13.1,35.5,25.7,26.5,35.2,17.6,14.8,9.7,9.6,3.2,2.0,5.3,4.9,3.3,3.5,8.4,5.2,13.1,39.1,42.2,42.2,42.2,42.2,33.8,33.8,42.2,33.8,0.0,41.6,58.0,57.7,49.5,46.3,27.1,33.7,30.1,30.1,58.4,42.0,42.3,50.5,53.7,72.9,66.3,69.9,69.9,0.0,0.0,0.0,0.0,0.0,0.0,0.0,0.0,0.0,1197.8,12.00,16,16,16,39,55,661,1,63.2,60.9,62.2,57.7,60.1,59.6,58.9,57.5,56.2,56.5,56.0,56.4,55.4,55.6,55.1,50.5,46.7,1.394,1.025,1.400,6.526,9.125,6.532,36.946,27.330,2.475,3.819,3.816,2.825,2.323,1.624,1.877,1.713,1.799,9.060,9.390,18.450,27.358,1197.8,1197.8,4155.5,4183.6,4127.4,4221.4,31.1,10.9,41.1,64.1,45.6,No,No,No,0.449,0.016,3.3,46,95.0,100.0,No,No,91369,99120,31,99.0,No,No,3320,0.0,0.0,0.0,0.000,0.122,103665,123891,0.0,0.0,0.0,0.000,0.000,52,0,35.6,47.9,83.0,0.669,12.163,12.201,12.178,12.108,1133,19.131,7.153,9.171,1.513,17.099,11.999,5.095,0.336,9.171,9.790,1.390,5.962,220.000,240.000,210.0,101.2,555.0,210.0,600.0,25.0,26.0,0.0,0.0,27.5,1.6,6.3,0.0,0.0,0.0,33,Yes,No,No,No,No,Yes,No,8.6,11.0,2,0,0,0,0,0,0,0,0,61,0,0,0,0,0,0,0,0,0,0,0,0,0,0,0,0,0,0,0,0,5942,2250,2085,127,2.5,0.5,0.5,0.5,0.5,0.5,0.5,0.5,0.5,0.5,0.5,0.5,0.5,2018.52,2018.52,2018.52,2018.52,2018.52,2018.52,2.82,2015.00,2018.52,0.00,2014.11,0,0,0.0,0.0,20300,1800,0.1,0.1,0,
9.7.2026,23:41:40.224,27547,18447,59.8,20656,12026,63.2,0.4,13312,52,1.385,1.387,1.394,1.394,1.381,1.381,1.381,1.381,1.381,4211.2,4167.5,4217.4,4217.4,4217.4,4217.4,4217.4,4217.4,4217.4,99.8,561.2,2423.0,923.1,980.7,1348.4,741.7,577.2,354.9,387.1,86.0,112.2,192.7,223.7,131.7,123.0,261.4,112.5,561.2,11.5,29.6,21.0,23.3,31.5,17.5,13.5,8.4,9.0,2.3,2.9,4.7,5.4,3.1,3.1,6.4,2.8,31.5,11.5,13.1,34.7,24.8,26.7,36.6,20.0,15.3,9.4,10.1,2.3,3.0,5.1,5.9,3.2,3.2,7.1,3.0,13.1,42.2,41.8,42.2,42.2,42.2,42.2,42.2,42.2,42.2,0.0,41.7,58.0,59.0,50.4,46.0,26.6,34.8,30.0,28.7,58.3,42.0,41.0,49.6,54.0,73.4,65.2,70.0,71.3,0.0,0.0,0.0,0.0,0.0,0.0,0.0,0.0,0.0,1197.8,12.00,16,16,16,39,55,661,1,70.6,61.0,60.0,57.6,59.9,59.7,58.9,57.5,56.2,56.5,56.0,56.2,55.3,55.6,55.0,49.0,45.7,1.406,1.025,1.387,6.616,9.119,6.616,37.044,27.403,2.484,3.799,3.871,2.869,2.340,1.629,1.907,1.714,1.740,9.187,9.383,18.570,27.468,1197.8,1197.8,4159.0,4183.0,4135.0,4222.1,31.2,11.0,41.2,64.2,46.0,No,No,No,0.431,0.017,3.3,46,95.0,100.0,No,No,91369,99120,31,99.0,No,No,3320,0.0,0.0,0.0,0.000,0.087,103665,123891,0.0,0.0,0.0,0.000,0.000,52,0,35.6,47.7,83.0,0.669,12.168,12.208,12.183,12.113,1129,19.015,7.191,9.459,1.416,17.251,11.991,5.255,0.336,9.459,9.549,1.330,5.867,220.000,240.000,210.0,101.2,555.0,210.0,600.0,24.0,25.0,0.0,1.0,27.5,1.6,6.5,0.0,0.0,0.0,33,Yes,No,No,No,No,Yes,No,8.6,11.3,2,0,0,0,0,0,0,0,0,61,0,0,0,0,0,0,0,0,0,0,0,0,0,0,0,0,0,0,0,0,5942,2250,2085,127,2.5,0.5,0.5,0.5,0.5,0.5,0.5,0.5,0.5,0.5,0.5,0.5,0.5,2018.52,2018.52,2018.52,2018.52,2018.52,2018.52,2.82,2015.00,2018.52,0.00,2014.11,0,0,0.0,0.0,20300,1800,0.5,0.5,0,
9.7.2026,23:41:42.227,27527,18466,59.8,20634,12047,63.1,0.4,13312,52,1.391,1.375,1.394,1.394,1.394,1.394,1.394,1.394,1.394,4217.4,4217.4,4217.4,4217.4,4217.4,4217.4,4217.4,4217.4,4217.4,99.8,530.9,2331.1,927.3,925.8,1186.7,609.6,626.3,419.0,425.1,82.4,80.7,201.9,207.1,135.4,122.5,131.6,81.5,530.9,11.1,29.2,22.2,22.3,28.6,14.7,15.0,10.2,10.2,1.6,1.6,5.1,5.2,3.4,2.5,3.6,2.3,29.2,11.1,12.4,33.0,24.9,25.1,32.0,16.3,16.6,11.2,11.2,2.2,2.1,5.3,5.5,3.3,3.2,3.5,2.1,12.4,42.2,42.2,42.2,42.2,42.2,42.2,42.2,42.2,42.2,0.0,40.0,56.1,55.2,48.7,46.2,25.3,33.8,29.4,25.5,60.0,43.9,44.8,51.3,53.8,74.7,66.2,70.6,74.5,0.0,0.0,0.0,0.0,0.0,0.0,0.0,0.0,0.0,1197.8,12.00,16,16,16,39,55,661,1,67.9,60.2,61.5,57.3,59.5,59.0,58.6,57.5,56.0,56.3,55.9,55.9,55.2,55.4,54.9,50.2,45.9,1.394,1.031,1.387,6.190,9.071,6.189,35.303,26.744,2.382,3.630,3.525,2.766,2.364,1.577,1.868,1.697,1.626,8.554,9.332,17.886,26.781,1197.8,1197.8,4144.0,4170.8,4117.3,4231.7,30.4,10.3,39.2,63.4,44.7,No,No,No,0.429,0.017,3.2,45,95.0,100.0,No,No,91369,99120,31,99.0,No,No,3320,0.1,0.1,0.1,0.110,0.253,103665,123891,0.0,0.0,0.0,0.000,0.000,52,0,35.6,47.7,83.0,0.669,12.163,12.201,12.179,12.108,1129,19.082,7.153,9.274,1.342,17.124,11.963,5.152,0.336,9.274,9.544,1.718,5.800,220.000,240.000,210.0,101.2,555.0,210.0,600.0,26.0,26.0,0.0,0.0,27.5,1.5,6.2,0.0,0.0,0.0,33,Yes,No,No,No,No,Yes,No,8.6,11.2,2,0,0,0,0,0,0,0,0,61,0,0,0,0,0,0,0,0,0,0,0,0,0,0,0,0,0,0,0,0,5942,2250,2085,127,2.5,239.5,256.3,219.5,218.3,218.2,218.2,0.0,0.0,0.0,0.0,0.0,0.0,4.18,4.59,3.89,3.84,4.64,4.64,0.97,0.01,4.09,0.09,0.00,0,0,0.0,0.0,20300,1800,2.1,0.6,0,
9.7.2026,23:41:44.225,27523,18471,59.8,20633,12048,63.1,0.4,13312,52,1.402,1.375,1.406,1.406,1.406,1.406,1.406,1.406,1.406,3737.0,3593.5,4242.3,4242.3,3393.9,3393.9,3393.9,4242.3,3393.9,99.8,633.7,2358.4,1147.5,1085.4,1183.7,549.7,811.7,316.6,494.6,137.7,120.6,241.3,224.5,158.9,164.0,611.3,533.9,633.7,12.9,23.4,27.2,25.8,28.0,12.7,19.1,7.1,11.4,3.8,3.4,5.4,5.0,3.3,4.3,14.4,12.6,28.0,12.9,14.8,27.0,31.1,29.5,32.0,14.7,21.8,8.3,13.1,3.7,3.2,6.4,5.9,4.0,4.4,16.8,14.6,14.8,37.4,36.0,42.5,42.5,34.0,34.0,34.0,42.5,34.0,0.0,44.3,57.0,58.7,51.5,47.1,29.0,36.2,32.9,41.8,55.7,43.0,41.3,48.5,52.9,71.0,63.8,67.1,58.2,0.0,0.0,0.0,0.0,0.0,0.0,0.0,0.0,0.0,1197.8,12.00,16,16,16,39,55,661,1,66.0,63.1,60.5,58.3,59.7,59.8,59.3,57.7,56.5,57.2,56.5,59.4,55.4,55.6,55.2,49.0,46.1,1.394,1.038,1.400,7.322,9.102,7.322,39.344,28.309,2.683,3.605,3.847,3.031,2.390,1.726,1.971,1.852,3.040,10.112,9.368,19.480,28.381,1197.8,1197.8,4142.4,4156.7,4128.1,4199.9,32.3,12.2,43.7,66.4,46.9,No,No,No,0.459,0.017,3.5,46,95.0,100.0,No,No,91369,99120,31,99.0,No,No,3320,0.0,0.0,0.0,0.032,0.055,103666,123891,0.0,0.0,0.0,0.000,0.000,52,0,35.6,47.8,83.0,0.669,12.160,12.198,12.176,12.106,1132,18.917,7.152,9.384,1.415,17.157,11.936,5.213,0.336,9.384,9.538,1.305,5.848,220.000,240.000,210.0,101.2,555.0,210.0,600.0,24.0,25.0,0.0,0.0,27.5,1.7,6.6,0.0,0.0,0.0,33,Yes,No,No,No,No,Yes,No,8.6,11.1,2,0,0,0,0,0,0,0,0,61,0,0,0,0,0,0,0,0,0,0,0,0,0,0,0,0,0,0,0,0,5943,2249,2084,127,2.5,239.5,256.3,219.5,218.3,218.2,218.2,0.0,0.0,0.0,0.0,0.0,0.0,4.18,4.59,3.89,3.84,4.64,4.64,0.97,0.01,4.09,0.09,0.00,0,0,0.0,0.0,20300,1800,1.7,0.1,0,
9.7.2026,23:41:46.223,27517,18477,59.8,20625,12057,63.1,0.4,13312,52,1.388,1.394,1.387,1.387,1.387,1.387,1.387,1.387,1.387,4220.5,4242.3,4217.4,4217.4,4217.4,4217.4,4217.4,4217.4,4217.4,99.8,517.7,2235.9,1155.3,934.6,1103.1,456.3,704.3,274.0,430.9,70.4,72.0,175.6,236.2,122.3,104.5,116.6,91.8,517.7,10.3,19.1,27.9,22.5,26.4,10.9,16.8,6.5,10.2,1.9,1.9,4.3,5.7,2.8,2.6,2.9,2.4,27.9,10.3,11.4,21.8,31.5,25.2,29.6,12.0,18.8,7.2,11.4,1.8,1.9,4.6,6.3,3.0,2.7,3.1,2.4,11.4,42.3,42.5,42.2,42.2,42.2,42.2,42.2,42.2,42.2,0.0,38.8,53.9,52.6,47.4,44.6,24.7,33.6,28.6,25.0,61.2,46.1,47.4,52.6,55.4,75.3,66.4,71.4,75.0,0.0,0.0,0.0,0.0,0.0,0.0,0.0,0.0,0.0,1197.8,12.00,16,16,16,39,55,661,1,63.5,59.7,62.5,57.0,58.7,58.9,58.0,57.0,55.8,56.2,55.6,55.7,55.0,55.3,54.8,48.8,45.8,1.400,1.025,1.394,5.850,9.040,5.849,33.962,26.203,2.299,3.292,3.593,2.658,2.238,1.533,1.851,1.645,1.584,8.086,9.301,17.388,26.275,1197.8,1197.8,4135.2,4158.3,4112.1,4241.3,29.9,9.7,37.7,62.8,43.8,No,No,No,0.390,0.011,3.1,46,95.0,100.0,No,No,91369,99120,31,99.0,No,No,3320,0.0,0.0,0.0,0.000,0.018,103666,123891,0.0,0.0,0.0,0.000,0.000,52,0,35.6,47.5,83.0,0.669,12.162,12.200,12.178,12.108,1129,18.979,7.147,9.436,1.403,17.135,11.890,5.242,0.336,9.436,9.453,1.325,5.813,220.000,240.000,210.0,101.2,555.0,210.0,600.0,25.0,25.0,0.0,0.0,27.5,1.5,6.0,0.0,0.0,0.0,33,Yes,No,No,No,No,Yes,No,8.6,11.1,2,0,0,0,0,0,0,0,0,61,0,0,0,0,0,0,0,0,0,0,0,0,0,0,0,0,0,0,0,0,5943,2249,2084,127,2.5,239.5,256.3,219.5,218.3,218.2,218.2,0.0,0.0,0.0,0.0,0.0,0.0,4.18,4.59,3.89,3.84,4.64,4.64,0.97,0.01,4.09,0.09,0.00,0,0,0.0,0.0,20300,1800,0.9,1.7,0,
9.7.2026,23:41:48.230,27530,18464,59.8,20651,12031,63.1,0.4,13312,52,1.393,1.387,1.394,1.394,1.394,1.394,1.394,1.394,1.394,4217.4,4217.4,4217.4,4217.4,4217.4,4217.4,4217.4,4217.4,4217.4,99.8,1330.4,2924.5,1671.3,2012.6,1749.7,1299.6,1498.0,1116.2,1350.2,726.5,785.7,981.9,997.4,907.6,846.8,1249.7,1168.5,1330.4,30.4,43.7,40.2,48.6,42.1,31.2,36.1,26.8,32.5,17.4,18.9,23.6,23.9,21.7,20.3,30.5,28.5,48.6,30.4,34.6,49.9,45.8,55.4,47.9,35.6,41.0,30.6,36.9,20.0,21.6,26.9,27.3,24.8,23.2,34.6,32.4,34.6,42.2,42.2,42.2,42.2,42.2,42.2,42.2,42.2,42.2,0.0,59.5,71.0,76.1,64.2,62.1,47.2,54.2,50.6,50.4,40.5,29.0,23.9,35.8,37.9,52.8,45.8,49.4,49.6,0.0,0.0,0.0,0.0,0.0,0.0,0.0,0.0,0.0,1197.8,12.00,16,16,16,39,55,661,1,83.1,66.8,61.2,61.8,63.2,64.3,62.2,62.1,59.6,60.8,59.9,62.1,56.5,56.7,56.3,49.0,46.6,1.413,1.025,1.400,11.911,9.469,11.916,52.812,34.925,3.893,4.841,5.358,4.017,3.930,2.791,3.259,3.150,3.796,16.224,9.764,25.988,35.007,1197.8,1197.8,4116.1,4132.5,4099.7,4173.5,39.8,19.9,58.7,70.3,51.9,No,No,No,1.409,0.043,4.8,46,95.0,100.0,No,No,91369,99120,31,99.0,No,No,3320,0.0,0.2,0.2,0.065,0.606,103666,123893,0.0,0.0,0.0,0.000,0.000,52,0,35.5,47.7,83.0,0.669,12.153,12.191,12.170,12.098,1131,18.965,7.184,9.187,1.353,17.135,12.025,5.104,0.336,9.187,9.639,1.953,5.916,220.000,240.000,210.0,101.2,555.0,210.0,600.0,24.0,25.0,0.0,0.0,27.5,1.8,7.3,0.0,0.0,0.0,33,Yes,No,No,No,No,Yes,No,8.6,11.1,2,0,0,0,0,0,0,0,0,61,0,0,0,0,0,0,0,0,0,0,0,0,0,0,0,0,0,0,0,0,5943,2249,2084,127,2.5,239.5,256.3,219.5,218.3,218.2,218.2,0.0,0.0,0.0,0.0,0.0,0.0,4.18,4.59,3.89,3.84,4.64,4.64,0.97,0.01,4.09,0.09,0.00,0,0,0.0,0.0,20300,1800,0.3,0.1,0,
9.7.2026,23:41:50.227,27611,18382,60.0,20677,12004,63.2,0.4,13312,52,1.353,1.369,1.356,1.350,1.350,1.350,1.350,1.350,1.350,4145.6,4167.5,4142.5,4142.5,4142.5,4142.5,4142.5,4142.5,4142.5,99.8,726.2,2807.9,1303.7,1368.3,1313.0,642.9,936.6,525.6,695.6,172.2,155.8,324.5,402.8,219.2,254.7,291.4,205.2,726.2,15.2,33.3,31.1,32.8,31.3,15.2,22.4,12.5,16.5,4.1,3.7,7.7,9.6,5.0,6.1,7.0,4.7,33.3,15.2,17.2,38.3,35.5,37.3,35.6,17.2,25.3,14.1,18.6,4.5,4.1,8.6,10.7,5.5,6.7,7.9,5.2,17.2,41.5,41.8,41.5,41.5,41.5,41.5,41.5,41.5,41.5,0.0,49.0,67.5,66.2,55.9,53.3,33.8,42.2,38.0,35.0,51.0,32.5,33.8,44.1,46.7,66.2,57.8,62.0,65.0,0.0,0.0,0.0,0.0,0.0,0.0,0.0,0.0,0.0,1197.8,12.00,16,16,16,39,55,661,1,80.0,62.5,63.0,58.7,61.5,60.7,60.0,58.7,57.1,57.5,56.9,56.9,55.9,56.2,55.6,49.2,45.9,1.369,1.031,1.369,7.674,9.202,7.669,43.385,28.903,2.794,4.377,4.209,3.130,2.714,1.819,2.247,1.970,1.889,10.582,9.472,20.054,28.971,1197.8,1197.8,4142.3,4163.4,4121.2,4211.2,32.9,12.8,48.2,65.8,47.2,No,No,No,0.585,0.021,3.9,46,95.0,100.0,No,No,91369,99120,31,99.0,No,No,3320,0.0,0.3,0.3,0.000,4.685,103666,123902,0.0,0.0,0.0,0.000,0.000,52,0,35.5,47.8,83.0,0.669,12.157,12.197,12.173,12.102,1129,18.883,7.141,9.292,1.451,17.139,11.969,5.162,0.336,9.292,9.648,1.332,5.789,220.000,240.000,210.0,101.2,555.0,210.0,600.0,24.0,25.0,0.0,0.0,27.5,1.5,6.0,0.0,0.0,0.0,33,Yes,No,No,No,No,Yes,No,8.6,10.9,2,0,0,0,0,0,0,0,0,61,0,0,0,0,0,0,0,0,0,0,0,0,0,0,0,0,0,0,0,0,5943,2249,2084,127,2.5,239.5,256.3,219.5,218.3,218.2,218.2,0.0,0.0,0.0,0.0,0.0,0.0,4.18,4.59,3.89,3.84,4.64,4.64,0.97,0.01,4.09,0.09,0.00,0,0,0.0,0.0,20300,1800,0.8,1.7,0,
9.7.2026,23:41:52.229,27523,18471,59.8,20635,12047,63.1,0.4,13312,52,1.377,1.387,1.375,1.375,1.375,1.375,1.375,1.375,1.375,3518.7,3593.5,3393.9,3393.9,3393.9,3593.5,3593.5,3593.5,3593.5,99.8,765.5,2662.8,1216.9,1448.9,1450.1,673.6,914.8,501.4,702.9,217.5,195.7,383.0,397.7,291.0,240.4,497.7,453.9,765.5,16.4,32.3,29.1,34.8,34.7,16.0,22.0,12.0,16.8,5.4,4.8,9.2,9.5,6.8,5.8,12.1,11.2,34.8,16.4,18.5,36.8,33.1,39.7,39.5,18.1,24.7,13.4,18.9,5.9,5.2,10.2,10.6,7.5,6.3,13.6,12.7,18.5,35.2,36.0,34.0,34.0,34.0,36.0,36.0,36.0,36.0,0.0,50.8,64.3,69.2,56.2,52.7,37.5,44.2,40.3,42.3,49.2,35.7,30.8,43.8,47.3,62.5,55.8,59.7,57.7,0.0,0.0,0.0,0.0,0.0,0.0,0.0,0.0,0.0,1197.8,12.00,16,16,16,39,55,661,1,76.9,63.1,62.5,59.0,61.1,61.7,59.9,59.0,57.3,58.0,57.2,58.1,56.0,56.3,55.8,49.8,46.4,1.400,1.025,1.394,7.954,9.203,7.955,45.049,29.308,2.882,4.093,4.606,3.070,2.712,1.881,2.286,2.049,2.362,10.929,9.475,20.404,29.341,1197.8,1197.8,4133.4,4149.9,4116.9,4199.0,33.3,13.3,50.1,66.4,47.2,No,No,No,0.678,0.017,4.1,46,95.0,100.0,No,No,91369,99120,31,99.0,No,No,3320,0.0,0.1,0.2,0.065,0.467,103666,123902,0.0,0.0,0.0,0.000,0.000,52,0,35.5,47.6,83.0,0.669,12.161,12.201,12.176,12.105,1131,18.982,7.206,9.452,1.452,17.266,12.008,5.251,0.336,9.452,9.615,1.337,5.894,220.000,240.000,210.0,101.2,555.0,210.0,600.0,25.0,25.0,0.0,0.0,27.5,1.6,6.5,0.0,0.0,0.0,33,Yes,No,No,No,No,Yes,No,8.7,11.1,2,0,0,0,0,0,0,0,0,61,0,0,0,0,0,0,0,0,0,0,0,0,0,0,0,0,0,0,0,0,5943,2249,2084,127,2.5,239.5,256.3,219.5,218.3,218.2,218.2,0.0,0.0,0.0,0.0,0.0,0.0,4.18,4.59,3.89,3.84,4.64,4.64,0.97,0.01,4.09,0.09,0.00,0,0,0.0,0.0,20300,1800,0.6,1.0,0,
9.7.2026,23:41:54.221,27520,18474,59.8,20629,12053,63.1,0.4,13312,52,1.383,1.394,1.381,1.381,1.381,1.381,1.381,1.381,1.381,3671.5,4217.4,3593.5,3593.5,3593.5,3593.5,3593.5,3593.5,3593.5,99.8,526.8,2208.9,1145.7,861.8,1119.3,433.1,728.8,282.3,539.0,78.4,97.4,214.3,243.1,132.4,137.4,78.8,128.4,526.8,10.5,19.6,27.5,20.6,26.7,10.3,17.4,6.7,12.9,1.9,2.4,5.1,5.9,2.9,3.3,1.9,3.1,27.5,10.5,11.8,22.2,31.2,23.2,30.1,11.5,19.6,7.4,14.4,2.0,2.6,5.6,6.4,3.2,3.6,2.1,3.4,11.8,36.8,42.2,36.0,36.0,36.0,36.0,36.0,36.0,36.0,0.0,39.1,53.3,51.6,46.4,44.1,27.4,33.6,30.4,26.2,60.9,46.7,48.4,53.6,55.9,72.6,66.4,69.6,73.8,0.0,0.0,0.0,0.0,0.0,0.0,0.0,0.0,0.0,1197.8,12.00,16,16,16,39,55,661,1,73.8,59.7,61.5,57.1,58.9,58.8,58.1,57.1,55.9,56.2,55.8,55.7,55.1,55.3,54.8,47.8,45.8,1.394,1.025,1.387,5.900,9.017,5.903,34.111,26.231,2.294,3.311,3.462,2.611,2.256,1.571,1.882,1.690,1.568,8.135,9.276,17.411,26.306,1197.8,1197.8,4123.8,4145.9,4101.8,4242.3,29.9,9.8,37.9,62.9,44.1,No,No,No,0.376,0.016,3.1,46,95.0,100.0,No,No,91369,99120,31,99.0,No,No,3320,0.0,0.0,0.1,0.008,0.248,103666,123903,0.0,0.0,0.0,0.000,0.000,52,0,35.5,47.6,83.0,0.669,12.164,12.204,12.179,12.108,1131,19.095,7.219,9.553,1.489,17.270,11.963,5.307,0.336,9.553,9.562,1.351,5.805,220.000,240.000,210.0,101.2,555.0,210.0,600.0,24.0,25.0,0.0,0.0,27.5,1.6,6.2,0.0,0.0,0.0,33,Yes,No,No,No,No,Yes,No,8.7,11.2,2,0,0,0,0,0,0,0,0,61,0,0,0,0,0,0,0,0,0,0,0,0,0,0,0,0,0,0,0,0,5943,2249,2084,127,2.5,239.5,256.3,219.5,218.3,218.2,218.2,0.0,0.0,0.0,0.0,0.0,0.0,4.18,4.59,3.89,3.84,4.64,4.64,0.97,0.01,4.09,0.09,0.00,0,0,0.0,0.0,20300,1800,0.5,0.0,0,
9.7.2026,23:41:56.232,27515,18478,59.8,20624,12058,63.1,0.4,13312,52,1.388,1.394,1.387,1.387,1.387,1.387,1.387,1.387,1.387,4217.4,4217.4,4217.4,4217.4,4217.4,4217.4,4217.4,4217.4,4217.4,99.8,558.0,2361.2,1239.7,826.8,1246.2,428.5,706.6,284.7,504.2,102.8,101.6,250.7,262.1,134.3,146.2,156.0,177.0,558.0,10.9,22.2,29.2,19.3,29.3,9.7,16.5,6.4,11.6,2.2,2.2,5.7,6.0,2.7,3.2,3.4,4.0,29.3,10.9,12.6,25.7,33.7,22.2,33.6,11.3,18.9,7.5,13.4,2.7,2.7,6.7,6.9,3.3,3.8,4.2,4.8,12.6,42.2,42.2,42.2,42.2,42.2,42.2,42.2,42.2,42.2,0.0,40.6,56.7,53.9,47.1,44.7,27.9,35.3,30.9,28.1,59.4,43.3,46.1,52.9,55.3,72.1,64.7,69.1,71.9,0.0,0.0,0.0,0.0,0.0,0.0,0.0,0.0,0.0,1197.8,12.00,16,16,16,39,55,661,1,70.6,60.1,60.5,57.2,59.3,58.8,58.2,57.1,56.0,56.3,55.8,55.9,55.0,55.3,54.8,47.5,45.0,1.400,1.025,1.400,6.215,9.071,6.210,35.640,26.774,2.379,3.571,3.566,2.635,2.291,1.617,1.957,1.720,1.675,8.607,9.332,17.939,26.825,1197.8,1197.8,4138.9,4163.1,4114.7,4235.2,30.5,10.4,39.6,63.3,45.0,No,No,No,0.413,0.016,3.2,46,95.0,100.0,No,No,91369,99120,31,99.0,No,No,3320,0.0,0.1,0.1,0.000,0.061,103666,123903,0.0,0.0,0.0,0.000,0.000,52,0,35.5,47.6,83.0,0.669,12.160,12.200,12.175,12.105,1133,18.809,7.100,9.135,1.354,16.996,11.911,5.075,0.336,9.135,9.555,1.638,5.867,220.000,240.000,210.0,101.2,555.0,210.0,600.0,24.0,25.0,0.0,0.0,27.5,1.6,6.3,0.0,0.0,0.0,33,Yes,No,No,No,No,Yes,No,8.5,10.9,2,0,0,0,0,0,0,0,0,61,0,0,0,0,0,0,0,0,0,0,0,0,0,0,0,0,0,0,0,0,5943,2249,2084,127,2.5,239.5,256.3,219.5,218.3,218.2,218.2,0.0,0.0,0.0,0.0,0.0,0.0,4.18,4.59,3.89,3.84,4.64,4.64,0.97,0.01,4.09,0.09,0.00,0,0,0.0,0.0,20300,1800,0.5,0.5,0,
9.7.2026,23:41:58.233,27517,18476,59.8,20627,12054,63.1,0.4,13312,52,1.383,1.350,1.387,1.387,1.387,1.387,1.387,1.387,1.387,4111.3,4067.7,4117.6,4117.6,4117.6,4117.6,4117.6,4117.6,4117.6,99.8,616.1,2415.4,1203.1,804.9,1422.1,475.3,775.4,335.1,489.4,75.1,85.9,170.1,199.4,120.7,143.8,310.9,830.6,616.1,12.5,24.4,28.4,18.9,33.6,11.0,18.2,7.7,11.4,1.8,2.1,4.0,4.7,2.6,3.4,7.3,20.1,33.6,12.5,14.3,28.1,32.6,21.7,38.6,12.6,20.8,8.9,13.0,2.0,2.3,4.4,5.2,2.9,3.8,8.4,23.0,14.3,41.2,40.8,41.2,41.2,41.2,41.2,41.2,41.2,41.2,0.0,43.2,58.0,57.5,50.0,46.8,26.8,34.5,30.8,41.3,56.8,42.0,42.5,50.0,53.2,73.2,65.5,69.2,58.7,0.0,0.0,0.0,0.0,0.0,0.0,0.0,0.0,0.0,1197.8,12.00,16,16,16,39,55,661,1,68.1,62.3,66.2,57.8,59.6,59.5,58.5,57.6,55.9,56.7,55.8,58.5,55.1,55.4,54.9,47.5,45.1,1.388,1.031,1.381,7.039,9.111,7.037,38.324,27.945,2.605,3.712,3.822,2.796,2.432,1.595,1.879,1.729,2.875,9.762,9.378,19.140,28.036,1197.8,1197.8,4147.2,4161.6,4132.8,4210.1,31.9,11.7,42.6,65.6,46.7,No,No,No,0.438,0.017,3.5,46,95.0,100.0,No,No,91369,99120,31,99.0,No,No,3320,0.0,0.0,0.0,0.000,0.118,103666,123903,0.0,0.0,0.0,0.000,0.000,52,0,35.5,47.5,83.0,0.669,12.157,12.197,12.173,12.102,1131,18.787,7.136,9.357,1.232,17.151,11.944,5.198,0.336,9.357,9.378,1.638,5.773,220.000,240.000,210.0,101.2,555.0,210.0,600.0,25.0,25.0,0.0,1.0,27.5,1.6,6.5,0.0,0.0,0.0,33,Yes,No,No,No,No,Yes,No,8.5,10.9,2,0,0,0,0,0,0,0,0,61,0,0,0,0,0,0,0,0,0,0,0,0,0,0,0,0,0,0,0,0,5943,2249,2084,127,2.5,239.5,256.3,219.5,218.3,218.2,218.2,0.0,0.0,0.0,0.0,0.0,0.0,4.18,4.59,3.89,3.84,4.64,4.64,0.97,0.01,4.09,0.09,0.00,0,0,0.0,0.0,20300,1800,1.3,0.2,0,
9.7.2026,23:42:0.228,27538,18455,59.8,20646,12036,63.1,0.4,13312,52,1.387,1.387,1.387,1.387,1.387,1.387,1.387,1.387,1.387,4217.4,4217.4,4217.4,4217.4,4217.4,4217.4,4217.4,4217.4,4217.4,99.8,577.5,2453.7,1375.2,880.8,1311.4,435.1,770.8,331.6,462.2,87.9,116.1,190.2,274.1,131.4,119.9,108.7,189.9,577.5,11.1,21.3,32.4,20.5,30.7,9.8,17.8,7.4,10.5,2.0,2.7,4.3,6.3,2.7,2.7,2.4,4.4,32.4,11.1,12.9,24.6,37.5,23.7,35.4,11.4,20.7,8.7,12.2,2.3,3.1,5.0,7.3,3.2,3.1,2.9,5.2,12.9,42.2,42.2,42.2,42.2,42.2,42.2,42.2,42.2,42.2,0.0,41.2,58.7,56.4,49.6,46.6,26.6,35.0,30.0,27.2,58.8,41.3,43.6,50.4,53.4,73.4,65.0,70.0,72.8,0.0,0.0,0.0,0.0,0.0,0.0,0.0,0.0,0.0,1197.8,12.00,16,16,16,39,55,661,1,65.5,60.6,62.8,57.4,59.6,59.4,58.5,57.4,56.0,56.5,55.8,56.2,55.2,55.4,54.9,47.5,45.3,1.400,1.031,1.400,6.506,9.076,6.504,36.618,27.256,2.453,3.684,3.828,2.766,2.372,1.619,1.929,1.709,1.714,9.035,9.339,18.374,27.265,1197.8,1197.8,4157.4,4183.1,4131.6,4224.4,31.0,10.8,40.7,63.8,45.9,No,No,No,0.437,0.017,3.3,45,95.0,100.0,No,No,91369,99120,31,99.0,No,No,3320,0.0,0.0,0.0,0.000,0.042,103666,123903,0.0,0.0,0.0,0.000,0.000,52,0,35.4,47.6,83.0,0.669,12.158,12.197,12.173,12.102,1131,18.793,7.097,9.123,1.329,17.104,12.030,5.068,0.336,9.123,9.663,1.301,5.894,220.000,240.000,210.0,101.2,555.0,210.0,600.0,23.0,25.0,0.0,0.0,27.5,1.6,6.2,0.0,0.0,0.0,33,Yes,No,No,No,No,Yes,No,8.7,11.1,2,0,0,0,0,0,0,0,0,61,0,0,0,0,0,0,0,0,0,0,0,0,0,0,0,0,0,0,0,0,5943,2249,2084,127,2.5,239.5,256.3,219.5,218.3,218.2,218.2,0.0,0.0,0.0,0.0,0.0,0.0,4.18,4.59,3.89,3.84,4.64,4.64,0.97,0.01,4.09,0.09,0.00,0,0,0.0,0.0,20300,1800,1.1,0.6,0,
9.7.2026,23:42:2.227,27532,18462,59.8,20633,12049,63.1,0.4,13312,52,1.352,1.344,1.356,1.356,1.356,1.350,1.350,1.350,1.350,4092.6,4092.6,4092.6,4092.6,4092.6,4092.6,4092.6,4092.6,4092.6,99.8,799.0,2629.0,1583.7,1093.2,1455.0,732.4,997.1,568.4,728.7,329.9,326.5,430.9,469.3,352.7,359.3,373.9,354.0,799.0,16.8,26.6,37.8,26.0,34.5,17.3,23.6,13.5,17.3,8.1,8.0,10.4,11.3,8.4,8.7,9.1,8.6,37.8,16.8,19.1,30.6,43.4,29.7,39.4,19.7,27.0,15.3,19.6,9.0,9.0,11.7,12.7,9.4,9.8,10.2,9.7,19.1,41.0,41.0,41.0,41.0,41.0,41.0,41.0,41.0,41.0,0.0,44.8,63.0,58.1,53.3,50.4,30.6,38.4,34.3,30.1,55.2,37.0,41.9,46.7,49.6,69.4,61.6,65.7,69.9,0.0,0.0,0.0,0.0,0.0,0.0,0.0,0.0,0.0,1197.8,12.00,16,16,16,39,55,661,1,74.0,61.4,69.8,58.3,60.5,59.9,59.6,58.4,56.9,57.3,56.7,56.8,55.3,55.6,55.1,50.0,45.7,1.362,1.031,1.369,8.060,9.157,8.050,39.813,29.294,2.880,4.099,4.051,3.318,2.856,2.052,2.370,2.135,2.161,11.129,9.428,20.557,29.475,1197.8,1197.8,4154.4,4181.5,4127.4,4217.6,33.5,13.4,44.2,64.6,48.2,No,No,No,0.725,0.024,3.6,46,95.0,100.0,No,No,91369,99120,31,99.0,No,No,3320,0.0,0.0,0.1,0.091,0.134,103666,123904,0.0,0.0,0.0,0.000,0.000,52,0,35.4,47.7,83.0,0.669,12.161,12.201,12.176,12.105,1131,18.910,7.164,9.466,1.306,17.266,12.009,5.259,0.336,9.466,9.453,1.303,5.773,220.000,240.000,210.0,101.2,555.0,210.0,600.0,25.0,26.0,0.0,0.0,27.5,1.7,6.9,0.0,0.0,0.0,33,Yes,No,No,No,No,Yes,No,8.6,11.1,2,0,0,0,0,0,0,0,0,61,0,0,0,0,0,0,0,0,0,0,0,0,0,0,0,0,0,0,0,0,5939,2253,2084,127,2.5,239.7,253.9,225.9,225.6,225.6,225.6,0.0,0.0,0.0,0.0,0.0,0.0,4.17,4.44,3.93,3.91,4.45,4.45,0.94,0.01,4.09,0.08,0.00,0,0,0.0,0.0,20300,1800,0.2,0.1,0,
9.7.2026,23:42:4.227,27514,18480,59.8,20625,12057,63.1,0.4,13312,52,1.382,1.387,1.381,1.381,1.381,1.381,1.381,1.381,1.381,4195.6,4217.4,4192.4,4192.4,4192.4,4192.4,4192.4,4192.4,4192.4,99.8,666.2,2615.2,1193.7,1061.2,1252.2,661.5,725.3,402.3,523.4,128.2,128.6,282.5,279.3,205.4,166.3,510.0,524.2,666.2,14.0,30.9,28.3,25.4,30.0,15.7,17.2,9.5,12.4,3.3,3.3,6.8,6.8,4.8,4.1,12.6,12.9,30.9,14.0,15.8,35.3,32.4,28.9,33.9,17.7,19.4,10.6,14.0,3.4,3.4,7.5,7.4,5.3,4.4,14.1,14.5,15.8,42.0,42.2,42.0,42.0,42.0,42.0,42.0,42.0,42.0,0.0,46.6,63.0,60.4,53.6,50.2,31.0,39.1,35.2,40.1,53.4,37.0,39.6,46.4,49.8,69.0,60.9,64.8,59.9,0.0,0.0,0.0,0.0,0.0,0.0,0.0,0.0,0.0,1197.8,12.00,16,16,16,39,55,661,1,71.1,62.8,63.8,58.6,60.9,60.3,59.6,58.4,56.9,57.6,56.7,58.7,55.9,56.1,55.7,47.8,45.8,1.394,1.038,1.400,7.505,9.146,7.514,41.404,28.672,2.732,4.152,3.979,2.949,2.502,1.716,2.074,1.850,2.637,10.335,9.416,19.751,28.692,1197.8,1197.8,4143.3,4161.4,4125.2,4198.9,32.6,12.5,46.0,66.2,47.0,No,No,No,0.621,0.033,3.7,46,95.0,100.0,No,No,91369,99120,31,99.0,No,No,3320,0.0,0.2,0.3,0.059,3.012,103666,123909,0.0,0.0,0.0,0.000,0.000,52,0,35.4,47.4,83.0,0.669,12.164,12.204,12.179,12.108,1129,18.861,7.158,9.427,1.428,17.185,11.938,5.237,0.336,9.427,9.540,1.299,5.762,220.000,240.000,210.0,101.2,555.0,210.0,600.0,24.0,25.0,0.0,0.0,27.5,1.8,7.2,0.0,0.0,0.0,33,Yes,No,No,No,No,Yes,No,8.6,11.5,2,0,0,0,0,0,0,0,0,61,0,0,0,0,0,0,0,0,0,0,0,0,0,0,0,0,0,0,0,0,5943,2249,2084,128,2.5,239.7,253.9,225.9,225.6,225.6,225.6,0.0,0.0,0.0,0.0,0.0,0.0,4.17,4.44,3.93,3.91,4.45,4.45,0.94,0.01,4.09,0.08,0.00,0,0,0.0,0.0,20300,1800,0.5,0.0,0,
9.7.2026,23:42:6.229,27507,18487,59.8,20619,12062,63.0,0.4,13312,52,1.387,1.394,1.387,1.387,1.387,1.387,1.387,1.381,1.381,3878.0,3593.5,3373.9,4217.4,4217.4,3593.5,3593.5,4217.4,4217.4,99.8,522.4,2273.8,918.8,659.7,1487.6,621.8,630.0,367.4,374.9,88.0,95.4,211.5,208.8,141.6,104.7,73.3,100.2,522.4,10.7,27.8,21.6,15.6,35.8,14.8,14.8,8.6,8.7,2.1,2.3,5.0,5.0,3.1,2.4,1.7,2.4,35.8,10.7,12.1,31.6,24.7,17.7,40.5,16.6,16.8,9.7,9.8,2.3,2.5,5.6,5.5,3.5,2.7,1.9,2.7,12.1,38.9,36.0,33.8,42.2,42.2,36.0,36.0,42.2,42.2,0.0,39.6,54.7,55.7,48.8,44.9,25.7,33.6,28.8,24.4,60.4,45.3,44.3,51.2,55.1,74.3,66.4,71.2,75.6,0.0,0.0,0.0,0.0,0.0,0.0,0.0,0.0,0.0,1197.8,12.00,16,16,16,39,55,661,1,68.2,60.2,62.0,57.2,59.2,59.3,58.5,57.2,56.0,56.3,55.8,55.7,55.1,55.4,54.9,48.0,45.5,1.388,1.031,1.387,6.060,9.031,6.065,34.889,26.571,2.358,3.504,3.599,2.758,2.278,1.590,1.884,1.679,1.570,8.388,9.289,17.676,26.577,1197.8,1197.8,4145.6,4173.2,4118.0,4235.1,30.2,10.1,38.8,63.4,44.3,No,No,No,0.403,0.017,3.2,46,95.0,100.0,No,No,91369,99120,31,99.0,No,No,3320,0.2,0.2,0.4,0.262,0.862,103667,123911,0.0,0.0,0.0,0.000,0.000,52,0,35.4,47.5,83.0,0.669,12.163,12.203,12.179,12.108,1129,18.906,7.151,9.434,1.342,17.208,11.963,5.241,0.336,9.434,9.469,1.299,5.786,220.000,240.000,210.0,101.2,555.0,210.0,600.0,24.0,25.0,0.0,0.0,27.5,1.7,6.8,0.0,0.0,0.0,33,Yes,No,No,No,No,Yes,No,8.6,11.0,2,0,0,0,0,0,0,0,0,61,0,0,0,0,0,0,0,0,0,0,0,0,0,0,0,0,0,0,0,0,5943,2249,2084,128,2.5,239.7,253.9,225.9,225.6,225.6,225.6,0.0,0.0,0.0,0.0,0.0,0.0,4.17,4.44,3.93,3.91,4.45,4.45,0.94,0.01,4.09,0.08,0.00,0,0,0.0,0.0,20300,1800,4.5,3.4,0,
9.7.2026,23:42:8.219,27507,18486,59.8,20623,12059,63.1,0.4,13312,52,1.098,1.394,1.056,1.056,1.056,1.056,1.056,1.056,1.056,4112.0,4217.4,4217.4,4217.4,4217.4,4217.4,3373.9,4217.4,4217.4,99.8,601.8,2510.2,1217.8,809.8,1429.0,700.5,567.4,370.5,413.9,94.0,114.1,191.3,210.2,135.4,123.4,300.4,441.6,601.8,12.1,28.6,28.7,19.0,34.1,16.4,13.1,8.5,9.5,2.1,2.6,4.3,4.7,2.8,2.7,6.9,10.4,34.1,12.1,14.0,32.8,33.1,21.9,38.9,18.8,15.1,9.8,10.9,2.5,3.0,5.0,5.5,3.3,3.2,8.2,12.1,14.0,41.2,42.2,42.2,42.2,42.2,42.2,33.8,42.2,42.2,0.0,43.1,60.3,57.5,50.1,46.6,28.3,35.7,31.3,34.9,56.9,39.7,42.5,49.9,53.4,71.7,64.3,68.7,65.1,0.0,0.0,0.0,0.0,0.0,0.0,0.0,0.0,0.0,1197.8,12.00,16,16,16,39,55,661,1,65.9,60.8,57.0,57.4,59.6,59.4,58.4,57.2,56.0,56.3,55.8,56.6,55.1,55.3,54.9,49.2,45.6,1.400,1.031,1.400,6.659,9.112,6.665,38.070,27.469,2.491,3.752,3.838,2.790,2.327,1.629,1.880,1.710,2.005,9.207,9.376,18.584,27.494,1197.8,1197.8,4149.6,4167.7,4131.5,4224.9,31.2,11.1,42.3,64.0,46.0,No,No,No,0.471,0.017,3.4,46,95.0,100.0,No,No,91369,99120,31,99.0,No,No,3320,0.0,0.0,0.0,0.000,0.151,103667,123911,0.0,0.0,0.0,0.000,0.000,52,0,35.4,47.5,83.0,0.669,12.162,12.203,12.178,12.106,1131,18.784,7.162,9.589,1.342,17.183,11.852,5.327,0.336,9.589,9.284,1.306,5.808,220.000,240.000,210.0,101.2,555.0,210.0,600.0,24.0,25.0,0.0,0.0,27.5,1.6,6.3,0.0,0.0,0.0,33,Yes,No,No,No,No,Yes,No,8.7,11.1,2,0,0,0,0,0,0,0,0,61,0,0,0,0,0,0,0,0,0,0,0,0,0,0,0,0,0,0,0,0,5943,2249,2084,128,2.5,239.7,253.9,225.9,225.6,225.6,225.6,0.0,0.0,0.0,0.0,0.0,0.0,4.17,4.44,3.93,3.91,4.45,4.45,0.94,0.01,4.09,0.08,0.00,0,0,0.0,0.0,20300,1800,0.3,0.1,0,
9.7.2026,23:42:10.219,27499,18494,59.7,20615,12067,63.0,0.4,13312,52,1.388,1.394,1.387,1.387,1.387,1.387,1.387,1.387,1.387,4217.4,4217.4,4217.4,4217.4,4217.4,4217.4,4217.4,4217.4,4217.4,99.8,528.9,2303.5,994.9,795.8,1235.5,649.5,592.9,376.0,425.4,89.0,75.2,219.0,208.0,140.8,126.6,83.2,146.9,528.9,11.2,28.1,23.9,19.4,30.3,15.9,14.4,9.2,10.4,1.8,2.2,5.5,5.3,3.5,3.4,2.4,3.9,30.3,11.2,12.2,31.3,26.9,21.5,33.5,17.4,15.8,9.9,11.2,2.3,1.9,5.8,5.4,3.5,3.3,2.2,4.0,12.2,42.2,42.2,42.2,42.2,42.2,42.2,42.2,42.2,42.2,0.0,39.6,55.5,52.9,47.5,44.8,26.3,34.0,29.9,25.7,60.4,44.5,47.1,52.5,55.2,73.7,66.0,70.1,74.3,0.0,0.0,0.0,0.0,0.0,0.0,0.0,0.0,0.0,1197.8,12.00,16,16,16,39,55,661,1,63.4,59.7,63.8,56.9,58.9,58.6,58.0,56.9,55.7,55.9,55.5,55.5,54.8,55.0,54.6,49.5,45.9,1.381,1.031,1.406,5.966,9.027,5.959,34.436,26.326,2.317,3.476,3.449,2.682,2.273,1.553,1.848,1.677,1.576,8.239,9.287,17.527,26.407,1197.8,1197.8,4123.2,4146.0,4100.3,4247.1,30.0,9.9,38.3,62.8,44.3,No,No,No,0.407,0.017,3.2,46,95.0,100.0,No,No,91369,99120,31,99.0,No,No,3320,0.0,0.0,0.0,0.000,0.030,103667,123911,0.0,0.0,0.0,0.000,0.000,52,0,35.4,47.4,83.0,0.669,12.164,12.203,12.180,12.108,1129,18.949,7.163,9.623,1.269,17.222,11.866,5.346,0.336,9.623,9.217,1.304,5.824,220.000,240.000,210.0,101.2,555.0,210.0,600.0,25.0,25.0,0.0,0.0,27.5,1.6,6.5,0.0,0.0,0.0,33,Yes,No,No,No,No,Yes,No,8.6,11.1,2,0,0,0,0,0,0,0,0,61,0,0,0,0,0,0,0,0,0,0,0,0,0,0,0,0,0,0,0,0,5943,2249,2084,128,2.5,239.7,253.9,225.9,225.6,225.6,225.6,0.0,0.0,0.0,0.0,0.0,0.0,4.17,4.44,3.93,3.91,4.45,4.45,0.94,0.01,4.09,0.08,0.00,0,0,0.0,0.0,20300,1800,0.4,0.4,0,
9.7.2026,23:42:12.233,27498,18495,59.7,20607,12075,63.0,0.4,13312,52,1.341,1.056,1.381,1.381,1.381,1.381,1.381,1.381,1.381,4217.4,4217.4,4217.4,4217.4,4217.4,4217.4,4217.4,4217.4,4217.4,99.8,534.7,2323.6,990.3,682.9,1313.6,611.1,567.0,339.1,453.1,113.5,84.0,234.4,213.6,141.8,121.9,147.9,217.2,534.7,10.7,27.8,23.0,15.9,31.5,14.2,13.0,7.6,10.3,3.0,1.5,5.1,4.6,2.7,2.4,3.1,4.7,31.5,10.7,12.4,32.0,26.7,18.4,35.7,16.3,15.1,8.9,12.0,3.0,2.2,6.2,5.6,3.5,3.2,4.0,5.9,12.4,42.2,42.2,42.2,42.2,42.2,42.2,42.2,42.2,42.2,0.0,40.6,55.9,53.7,47.3,45.1,27.9,34.7,30.9,29.0,59.4,44.1,46.3,52.7,54.9,72.1,65.3,69.1,71.0,0.0,0.0,0.0,0.0,0.0,0.0,0.0,0.0,0.0,1197.8,12.00,16,16,16,39,55,661,1,70.2,59.7,61.2,56.9,59.0,58.5,57.9,56.8,55.7,56.0,55.5,55.6,54.8,55.0,54.6,48.2,46.0,1.400,1.038,1.400,6.031,9.028,6.035,35.592,26.466,2.353,3.603,3.415,2.643,2.294,1.588,1.902,1.699,1.679,8.328,9.286,17.614,26.512,1197.8,1197.8,4133.5,4159.0,4107.9,4237.0,30.1,10.1,39.5,62.8,44.0,No,No,No,0.411,0.017,3.2,46,95.0,100.0,No,No,91369,99120,31,99.0,No,No,3320,0.0,0.0,0.0,0.000,0.110,103667,123912,0.0,0.0,0.0,0.000,0.000,52,0,35.4,47.5,83.0,0.669,12.168,12.208,12.183,12.112,1129,18.926,7.140,9.389,1.343,17.154,11.930,5.216,0.336,9.389,9.460,1.304,5.878,220.000,240.000,210.0,101.2,555.0,210.0,600.0,23.0,25.0,0.0,0.0,27.5,1.5,6.1,0.0,0.0,0.0,33,Yes,No,No,No,No,Yes,No,8.6,11.0,2,0,0,0,0,0,0,0,0,61,0,0,0,0,0,0,0,0,0,0,0,0,0,0,0,0,0,0,0,0,5943,2249,2084,128,2.5,239.7,253.9,225.9,225.6,225.6,225.6,0.0,0.0,0.0,0.0,0.0,0.0,4.17,4.44,3.93,3.91,4.45,4.45,0.94,0.01,4.09,0.08,0.00,0,0,0.0,0.0,20300,1800,0.3,0.3,0,
9.7.2026,23:42:14.229,27497,18497,59.7,20612,12069,63.0,0.4,13312,52,1.390,1.394,1.387,1.387,1.387,1.387,1.387,1.394,1.394,4034.0,3593.5,4217.4,4217.4,4217.4,4217.4,3373.9,4217.4,4217.4,99.8,553.9,2236.9,896.9,648.7,1316.7,652.9,579.1,382.1,416.7,96.5,90.7,287.1,233.9,294.9,156.6,183.3,389.1,553.9,11.7,27.2,21.3,15.5,31.8,15.9,14.0,9.3,10.0,2.5,2.3,7.0,5.7,7.0,3.8,4.5,9.5,31.8,11.7,13.0,30.7,24.2,17.4,35.8,17.6,15.5,10.2,11.0,2.6,2.3,7.6,6.2,7.8,4.1,4.9,10.7,13.0,40.4,36.0,42.2,42.2,42.2,42.2,33.8,42.2,42.2,0.0,41.1,54.0,53.3,47.3,43.9,28.5,35.5,33.8,32.9,58.9,46.0,46.7,52.7,56.1,71.5,64.5,66.2,67.1,0.0,0.0,0.0,0.0,0.0,0.0,0.0,0.0,0.0,1197.8,12.00,16,16,16,39,55,661,1,67.9,61.4,61.5,57.4,59.0,58.7,58.5,57.1,55.9,56.5,56.5,57.1,54.9,55.1,54.7,49.2,45.1,1.400,1.031,1.394,6.475,8.996,6.470,36.206,27.006,2.485,3.451,3.425,2.817,2.327,1.618,2.007,2.035,2.199,8.938,9.257,18.195,27.076,1197.8,1197.8,4125.5,4147.6,4103.4,4224.2,30.8,10.8,40.2,64.7,44.8,No,No,No,0.386,0.016,3.3,46,95.0,100.0,No,No,91369,99120,31,99.0,No,No,3320,0.0,0.0,0.0,0.000,0.006,103667,123912,0.0,0.0,0.0,0.000,0.000,52,0,35.4,47.5,83.0,0.669,12.162,12.201,12.178,12.106,1131,18.923,7.307,9.556,1.379,17.390,12.070,5.309,0.336,9.556,9.558,1.624,6.294,220.000,240.000,210.0,101.2,555.0,210.0,600.0,23.0,25.0,0.0,0.0,27.5,1.6,6.3,0.0,0.0,0.0,33,Yes,No,No,No,No,Yes,No,8.7,11.3,2,0,0,0,0,0,0,0,0,61,0,0,0,0,0,0,0,0,0,0,0,0,0,0,0,0,0,0,0,0,5943,2249,2084,128,2.5,239.7,253.9,225.9,225.6,225.6,225.6,0.0,0.0,0.0,0.0,0.0,0.0,4.17,4.44,3.93,3.91,4.45,4.45,0.94,0.01,4.09,0.08,0.00,0,0,0.0,0.0,20300,1800,0.1,0.1,0,
9.7.2026,23:42:16.234,27497,18497,59.7,20613,12068,63.0,0.4,13312,52,1.347,1.062,1.387,1.387,1.387,1.387,1.387,1.387,1.387,4217.4,4217.4,4217.4,4217.4,4217.4,4217.4,4217.4,4217.4,4217.4,99.8,543.9,2333.2,979.4,630.3,1391.6,640.4,572.0,440.4,403.2,104.2,121.1,260.7,205.7,177.2,198.2,130.8,114.5,543.9,11.1,29.3,23.0,14.8,33.2,15.1,13.4,10.4,9.4,2.3,2.7,6.1,4.7,3.8,4.5,3.0,2.5,33.2,11.1,12.8,33.5,26.4,16.9,37.8,17.2,15.3,11.8,10.7,2.7,3.2,6.9,5.4,4.4,5.3,3.5,3.0,12.8,42.2,42.2,42.2,42.2,42.2,42.2,42.2,42.2,42.2,0.0,40.9,56.1,54.4,47.7,44.9,28.9,34.7,32.5,27.6,59.1,43.9,45.6,52.3,55.1,71.1,65.3,67.5,72.4,0.0,0.0,0.0,0.0,0.0,0.0,0.0,0.0,0.0,1197.8,12.00,16,16,16,39,55,661,1,65.1,59.9,60.8,56.9,59.1,58.5,58.1,56.9,55.8,55.9,55.7,55.5,54.8,55.0,54.6,48.0,45.0,1.394,1.025,1.394,6.194,9.054,6.194,35.755,26.717,2.378,3.624,3.457,2.690,2.318,1.644,1.896,1.789,1.603,8.569,9.315,17.884,26.777,1197.8,1197.8,4129.5,4156.7,4102.3,4240.3,30.4,10.3,39.7,63.1,44.9,No,No,No,0.416,0.017,3.3,46,95.0,100.0,No,No,91369,99120,31,99.0,No,No,3320,0.0,0.0,0.0,0.000,0.108,103667,123912,0.0,0.0,0.0,0.000,0.000,52,0,35.3,47.6,83.0,0.669,12.161,12.200,12.178,12.106,1129,18.895,7.201,9.416,1.318,17.244,11.997,5.231,0.336,9.416,9.489,1.308,6.256,220.000,240.000,210.0,101.2,555.0,210.0,600.0,24.0,25.0,0.0,1.0,27.5,1.5,6.2,0.0,0.0,0.0,33,Yes,No,No,No,No,Yes,No,8.6,11.0,2,0,0,0,0,0,0,0,0,61,0,0,0,0,0,0,0,0,0,0,0,0,0,0,0,0,0,0,0,0,5943,2249,2084,128,2.5,239.7,253.9,225.9,225.6,225.6,225.6,0.0,0.0,0.0,0.0,0.0,0.0,4.17,4.44,3.93,3.91,4.45,4.45,0.94,0.01,4.09,0.08,0.00,0,0,0.0,0.0,20300,1800,1.3,0.7,0,
9.7.2026,23:42:18.244,27495,18499,59.7,20615,12066,63.0,0.4,13312,52,1.377,1.387,1.375,1.375,1.375,1.375,1.375,1.375,1.375,3881.1,4217.4,4192.4,4192.4,4192.4,3354.0,3354.0,4192.4,3354.0,99.8,943.1,2820.2,1494.9,1441.9,1468.9,1131.0,878.1,858.8,784.0,408.7,373.0,651.5,576.9,501.4,504.8,610.4,584.2,943.1,20.8,37.0,35.7,34.6,35.2,27.1,21.0,20.7,18.8,10.1,9.2,15.8,14.0,12.0,12.3,14.9,14.2,37.0,20.8,23.5,42.1,40.8,39.5,40.0,30.8,23.8,23.4,21.2,11.2,10.2,17.7,15.6,13.4,13.8,16.8,16.1,23.5,38.9,42.2,42.0,42.0,42.0,33.6,33.6,42.0,33.6,0.0,52.6,67.9,67.7,59.3,56.3,38.2,46.5,43.2,41.3,47.4,32.1,32.3,40.7,43.7,61.8,53.5,56.8,58.7,0.0,0.0,0.0,0.0,0.0,0.0,0.0,0.0,0.0,1197.8,12.00,16,16,16,39,55,661,1,71.8,63.1,60.5,59.3,61.5,61.4,60.3,59.4,57.5,58.3,57.6,58.3,55.7,55.9,55.5,48.2,45.7,1.388,1.031,1.387,9.100,9.280,9.100,46.643,30.945,3.200,4.483,4.547,3.502,3.124,2.196,2.689,2.439,2.622,12.497,9.558,22.054,31.015,1197.8,1197.8,4143.3,4157.0,4129.6,4199.6,35.2,15.2,51.8,66.4,48.6,No,No,No,0.916,0.043,4.2,46,95.0,100.0,No,No,91369,99120,31,99.0,No,No,3320,0.0,0.1,0.1,0.065,0.256,103667,123912,0.0,0.0,0.0,0.000,0.000,52,0,35.4,47.7,83.0,0.669,12.161,12.201,12.177,12.106,1129,18.840,7.275,9.546,1.293,17.376,12.069,5.303,0.336,9.546,9.480,1.463,6.334,220.000,240.000,210.0,101.2,555.0,210.0,600.0,25.0,25.0,0.0,0.0,27.5,1.7,7.0,0.0,0.0,0.0,33,Yes,No,No,No,No,Yes,No,8.6,11.0,2,0,0,0,0,0,0,0,0,61,0,0,0,0,0,0,0,0,0,0,0,0,0,0,0,0,0,0,0,0,5943,2249,2084,128,2.5,239.7,253.9,225.9,225.6,225.6,225.6,0.0,0.0,0.0,0.0,0.0,0.0,4.17,4.44,3.93,3.91,4.45,4.45,0.94,0.01,4.09,0.08,0.00,0,0,0.0,0.0,20300,1800,4.1,0.1,0,
9.7.2026,23:42:20.244,27555,18438,59.9,20635,12047,63.1,0.4,13312,52,1.352,1.356,1.344,1.344,1.344,1.344,1.363,1.363,1.363,4161.2,4142.5,4167.5,4167.5,4167.5,4142.5,4167.5,4167.5,4167.5,99.8,701.0,2697.4,1045.2,1141.2,1400.9,907.8,687.2,612.0,474.4,133.9,139.4,391.5,279.2,252.6,235.8,291.7,525.8,701.0,14.7,35.9,24.4,26.9,33.1,21.3,15.9,14.3,10.9,3.1,3.2,9.1,6.4,5.6,5.4,6.8,12.5,35.9,14.7,16.9,41.4,28.2,31.1,38.1,24.5,18.4,16.5,12.6,3.5,3.7,10.5,7.4,6.5,6.3,7.9,14.5,16.9,41.7,41.5,41.8,41.8,41.8,41.5,41.8,41.8,41.8,0.0,48.9,64.7,64.8,56.5,52.6,33.1,41.9,37.9,39.3,51.1,35.3,35.2,43.5,47.4,66.9,58.1,62.1,60.7,0.0,0.0,0.0,0.0,0.0,0.0,0.0,0.0,0.0,1197.8,12.00,16,16,16,39,55,661,1,68.9,61.8,66.8,58.2,60.7,60.3,59.4,58.2,56.4,57.0,56.3,56.9,55.4,55.6,55.1,48.0,45.6,1.369,1.025,1.369,7.639,9.206,7.635,43.357,28.855,2.786,4.272,4.284,3.118,2.638,1.756,2.174,1.937,2.112,10.556,9.476,20.032,28.946,1197.8,1197.8,4152.9,4167.9,4137.9,4211.3,32.9,12.7,48.2,65.1,47.2,No,No,No,0.588,0.021,3.9,46,95.0,100.0,No,No,91369,99120,31,99.0,No,No,3320,0.0,0.3,0.3,0.000,4.032,103667,123920,0.0,0.0,0.0,0.000,0.000,52,0,35.4,47.5,83.0,0.669,12.157,12.195,12.173,12.102,1129,18.939,7.299,9.677,1.402,17.383,11.993,5.376,0.336,9.677,9.450,1.442,6.253,220.000,240.000,210.0,101.2,555.0,210.0,600.0,24.0,25.0,0.0,0.0,27.5,1.6,6.5,0.0,0.0,0.0,33,Yes,No,No,No,No,Yes,No,8.7,10.8,2,0,0,0,0,0,0,0,0,61,0,0,0,0,0,0,0,0,0,0,0,0,0,0,0,0,0,0,0,0,5943,2249,2084,128,2.5,239.7,253.9,225.9,225.6,225.6,225.6,0.0,0.0,0.0,0.0,0.0,0.0,4.17,4.44,3.93,3.91,4.45,4.45,0.94,0.01,4.09,0.08,0.00,0,0,0.0,0.0,20300,1800,1.9,0.6,0,
9.7.2026,23:42:22.243,27507,18486,59.8,20624,12058,63.1,0.4,13312,52,1.388,1.394,1.387,1.387,1.387,1.387,1.387,1.387,1.387,4217.4,4217.4,4217.4,4217.4,4217.4,4217.4,4217.4,4217.4,4217.4,99.8,682.8,2649.0,1024.9,1174.0,1361.7,883.2,662.3,579.2,513.3,146.7,131.9,350.4,265.0,236.6,215.5,259.7,471.7,682.8,14.5,36.0,24.1,27.8,32.3,20.8,15.5,13.6,12.0,3.6,3.2,8.4,6.3,5.5,5.1,6.3,11.5,36.0,14.5,16.5,41.4,27.6,32.0,37.0,23.8,17.7,15.6,13.7,3.9,3.5,9.4,7.0,6.1,5.7,7.0,13.0,16.5,42.2,42.2,42.2,42.2,42.2,42.2,42.2,42.2,42.2,0.0,47.9,63.5,64.4,55.9,53.2,31.9,40.8,36.1,37.2,52.1,36.5,35.6,44.1,46.8,68.1,59.2,63.9,62.8,0.0,0.0,0.0,0.0,0.0,0.0,0.0,0.0,0.0,1197.8,12.00,16,16,16,39,55,661,1,66.5,62.4,62.8,58.4,60.9,60.7,59.6,58.6,56.6,57.1,56.4,57.2,55.6,55.8,55.3,49.2,45.2,1.400,1.025,1.400,7.638,9.154,7.644,42.638,28.864,2.793,4.259,4.334,3.082,2.729,1.752,2.126,1.907,2.157,10.538,9.424,19.962,28.894,1197.8,1197.8,4149.8,4169.8,4129.8,4202.1,32.8,12.7,47.4,65.7,47.0,No,No,No,0.614,0.011,3.8,45,95.0,100.0,No,No,91369,99120,31,99.0,No,No,3320,0.0,0.1,0.1,0.000,0.166,103667,123920,0.0,0.0,0.0,0.000,0.000,52,0,35.3,47.6,83.0,0.669,12.162,12.201,12.178,12.107,1132,18.720,7.260,9.502,1.391,17.281,11.986,5.279,0.336,9.502,9.509,1.595,6.221,220.000,240.000,210.0,101.2,555.0,210.0,600.0,23.0,25.0,0.0,0.0,27.5,1.5,6.0,0.0,0.0,0.0,33,Yes,No,No,No,No,Yes,No,8.6,10.8,2,0,0,0,0,0,0,0,0,61,0,0,0,0,0,0,0,0,0,0,0,0,0,0,0,0,0,0,0,0,5943,2249,2084,128,2.5,239.7,253.9,225.9,225.6,225.6,225.6,0.0,0.0,0.0,0.0,0.0,0.0,4.17,4.44,3.93,3.91,4.45,4.45,0.94,0.01,4.09,0.08,0.00,0,0,0.0,0.0,20300,1800,0.1,0.3,0,
9.7.2026,23:42:24.239,27503,18491,59.7,20620,12062,63.0,0.4,13312,52,1.307,1.375,1.394,1.394,1.394,1.394,1.394,1.056,1.056,3905.5,4217.4,3593.5,3593.5,3593.5,3593.5,4217.4,4217.4,4217.4,99.8,551.7,2382.1,908.2,753.6,1551.0,680.2,572.9,382.0,418.8,80.3,73.5,239.5,246.5,122.6,111.8,129.0,174.3,551.7,11.5,30.5,21.3,17.9,37.0,16.1,13.5,9.1,9.9,1.4,2.0,5.9,6.0,3.0,2.9,3.4,3.7,37.0,11.5,13.0,34.9,24.4,20.4,42.3,18.2,15.2,10.1,11.1,2.1,1.9,6.4,6.5,3.0,2.9,3.5,4.7,13.0,39.1,42.2,36.0,36.0,36.0,36.0,42.2,42.2,42.2,0.0,41.2,57.0,59.0,49.7,46.7,25.8,35.4,29.4,27.1,58.8,43.0,41.0,50.3,53.3,74.2,64.6,70.6,72.9,0.0,0.0,0.0,0.0,0.0,0.0,0.0,0.0,0.0,1197.8,12.00,16,16,16,39,55,661,1,64.0,60.3,57.2,57.2,59.3,59.5,58.4,57.3,55.8,56.2,55.6,55.8,55.0,55.3,54.8,48.5,46.0,1.400,1.025,1.400,6.510,9.069,6.511,36.621,27.194,2.449,3.696,3.840,2.802,2.364,1.582,1.931,1.686,1.690,9.034,9.332,18.366,27.264,1197.8,1197.8,4163.0,4186.1,4140.0,4226.1,31.0,10.9,40.7,63.5,45.9,No,No,No,0.448,0.017,3.3,46,95.0,100.0,No,No,91369,99120,31,99.0,No,No,3320,0.0,0.0,0.0,0.000,0.293,103667,123921,0.0,0.0,0.0,0.000,0.000,52,0,35.3,47.6,83.0,0.669,12.156,12.194,12.173,12.100,1129,18.908,7.227,9.394,1.390,17.249,12.028,5.219,0.336,9.394,9.597,1.334,6.332,220.000,240.000,210.0,101.2,555.0,210.0,600.0,24.0,25.0,0.0,0.0,27.5,1.6,6.5,0.0,0.0,0.0,33,Yes,No,No,No,No,Yes,No,8.6,10.7,2,0,0,0,0,0,0,0,0,61,0,0,0,0,0,0,0,0,0,0,0,0,0,0,0,0,0,0,0,0,5943,2249,2084,127,2.5,239.7,253.9,225.9,225.6,225.6,225.6,0.0,0.0,0.0,0.0,0.0,0.0,4.17,4.44,3.93,3.91,4.45,4.45,0.94,0.01,4.09,0.08,0.00,0,0,0.0,0.0,20300,1800,1.3,0.1,0,
9.7.2026,23:42:26.239,27499,18495,59.7,20616,12066,63.0,0.4,13312,52,1.391,1.387,1.381,1.394,1.394,1.394,1.394,1.394,1.394,4039.0,3593.5,3413.8,4217.4,4217.4,4217.4,4217.4,4217.4,4217.4,99.8,517.5,2258.8,1008.5,727.1,1347.9,583.9,614.4,366.1,396.0,70.3,76.0,176.8,181.8,116.4,81.2,93.3,181.1,517.5,10.2,23.9,23.8,17.1,32.0,13.6,14.2,8.4,9.1,1.6,1.0,4.0,4.2,2.4,1.0,1.4,5.0,32.0,10.2,11.8,27.6,27.3,19.5,36.5,15.6,16.3,9.6,10.4,1.8,2.0,4.6,4.8,2.8,2.1,2.5,4.9,11.8,40.5,36.0,34.2,42.2,42.2,42.2,42.2,42.2,42.2,0.0,38.9,54.2,54.4,47.9,44.7,24.5,32.3,27.8,25.6,61.1,45.8,45.6,52.1,55.3,75.5,67.7,72.2,74.4,0.0,0.0,0.0,0.0,0.0,0.0,0.0,0.0,0.0,1197.8,12.00,16,16,16,39,55,661,1,61.6,60.0,62.8,56.9,58.9,58.7,58.1,57.0,55.6,55.8,55.3,55.5,54.8,55.0,54.5,47.8,45.5,1.394,1.031,1.400,6.057,9.014,6.058,34.431,26.518,2.346,3.433,3.609,2.741,2.334,1.562,1.817,1.631,1.642,8.404,9.274,17.678,26.568,1197.8,1197.8,4155.8,4181.4,4130.1,4232.4,30.2,10.1,38.3,63.1,44.6,No,No,No,0.385,0.017,3.1,46,95.0,100.0,No,No,91369,99120,31,99.0,No,No,3320,0.0,0.1,0.1,0.000,0.137,103667,123921,0.0,0.0,0.0,0.000,0.000,52,0,35.4,47.4,83.0,0.669,12.161,12.200,12.178,12.107,1128,18.812,7.299,9.677,1.391,17.366,11.973,5.376,0.336,9.677,9.420,1.438,6.340,220.000,240.000,210.0,101.2,555.0,210.0,600.0,25.0,25.0,0.0,0.0,27.5,1.5,6.2,0.0,0.0,0.0,33,Yes,No,No,No,No,Yes,No,8.7,11.0,2,0,0,0,0,0,0,0,0,61,0,0,0,0,0,0,0,0,0,0,0,0,0,0,0,0,0,0,0,0,5943,2249,2084,127,2.5,239.7,253.9,225.9,225.6,225.6,225.6,0.0,0.0,0.0,0.0,0.0,0.0,4.17,4.44,3.93,3.91,4.45,4.45,0.94,0.01,4.09,0.08,0.00,0,0,0.0,0.0,20300,1800,0.8,0.4,0,
9.7.2026,23:42:28.237,27507,18487,59.8,20621,12061,63.0,0.4,13312,52,1.397,1.375,1.400,1.400,1.400,1.400,1.400,1.400,1.400,3668.4,4192.4,3593.5,3593.5,3593.5,3593.5,3593.5,3593.5,3593.5,99.8,627.9,2536.0,1432.4,954.7,1370.4,460.2,824.3,313.2,497.0,93.6,89.9,210.1,308.6,148.1,127.1,347.9,332.4,627.9,12.2,22.8,33.7,22.3,32.2,10.2,19.1,6.7,11.1,2.5,2.4,4.4,6.7,2.7,3.2,8.5,7.4,33.7,12.2,14.3,26.7,39.1,25.8,37.1,12.1,22.2,8.2,13.2,2.5,2.4,5.5,8.3,3.7,3.3,9.5,9.1,14.3,36.8,42.0,36.0,36.0,36.0,36.0,36.0,36.0,36.0,0.0,43.5,60.8,58.1,50.5,47.2,28.0,37.2,31.8,34.1,56.5,39.2,41.9,49.5,52.8,72.0,62.8,68.2,65.9,0.0,0.0,0.0,0.0,0.0,0.0,0.0,0.0,0.0,1197.8,12.00,16,16,16,39,55,661,1,70.1,60.7,61.5,57.2,59.3,59.5,58.2,57.1,55.7,56.3,55.5,56.3,54.9,55.1,54.6,48.2,45.3,1.400,1.025,1.400,6.803,9.116,6.803,38.621,27.649,2.528,3.808,3.933,2.796,2.371,1.626,1.986,1.719,1.981,9.428,9.382,18.810,27.709,1197.8,1197.8,4160.0,4183.2,4136.8,4222.9,31.5,11.3,42.9,63.9,46.4,No,No,No,0.472,0.016,3.5,45,95.0,100.0,No,No,91369,99120,31,99.0,No,No,3320,0.0,0.1,0.1,0.000,0.103,103667,123921,0.0,0.0,0.0,0.000,0.000,52,0,35.3,47.5,83.0,0.669,12.164,12.203,12.181,12.109,1130,18.961,7.293,9.587,1.440,17.357,12.024,5.326,0.336,9.587,9.558,1.370,6.342,220.000,240.000,210.0,101.2,555.0,210.0,600.0,25.0,25.0,0.0,0.0,27.5,1.6,6.4,0.0,0.0,0.0,33,Yes,No,No,No,No,Yes,No,8.7,11.0,2,0,0,0,0,0,0,0,0,61,0,0,0,0,0,0,0,0,0,0,0,0,0,0,0,0,0,0,0,0,5943,2249,2084,127,2.5,239.7,253.9,225.9,225.6,225.6,225.6,0.0,0.0,0.0,0.0,0.0,0.0,4.17,4.44,3.93,3.91,4.45,4.45,0.94,0.01,4.09,0.08,0.00,0,0,0.0,0.0,20300,1800,1.9,1.0,0,
9.7.2026,23:42:30.239,27504,18490,59.7,20619,12063,63.0,0.4,13312,52,1.394,1.394,1.394,1.394,1.394,1.394,1.394,1.394,1.394,3901.1,4217.4,4217.4,4217.4,4217.4,3373.9,3373.9,4217.4,3373.9,99.8,569.9,2318.0,1240.2,840.9,1145.4,508.1,752.8,306.1,461.5,116.7,186.6,174.6,237.0,163.3,203.4,183.6,280.5,569.9,11.4,21.1,29.8,20.1,27.4,12.0,18.0,7.2,10.9,2.8,4.5,4.1,5.6,3.6,4.8,4.4,6.7,29.8,11.4,12.9,24.0,33.8,22.6,30.8,13.5,20.2,8.0,12.3,3.1,5.1,4.6,6.3,4.1,5.5,4.9,7.7,12.9,39.1,42.2,42.2,42.2,42.2,33.8,33.8,42.2,33.8,0.0,40.6,56.0,52.7,48.4,44.9,27.9,34.1,31.2,29.3,59.4,44.0,47.3,51.6,55.1,72.1,65.9,68.8,70.7,0.0,0.0,0.0,0.0,0.0,0.0,0.0,0.0,0.0,1197.8,12.00,16,16,16,39,55,661,1,68.0,61.2,60.8,57.4,59.2,58.6,58.4,56.9,56.6,56.3,56.3,56.7,54.8,55.0,54.6,49.2,45.4,1.400,1.031,1.400,6.520,9.019,6.517,35.677,27.128,2.485,3.543,3.496,2.809,2.306,1.849,1.928,1.918,2.031,9.012,9.281,18.293,27.176,1197.8,1197.8,4132.3,4149.5,4115.1,4225.1,30.9,10.9,39.6,64.5,45.1,No,No,No,0.384,0.016,3.2,45,95.0,100.0,No,No,91369,99120,31,99.0,No,No,3320,0.0,0.0,0.0,0.000,0.012,103667,123921,0.0,0.0,0.0,0.000,0.000,52,0,35.3,47.5,83.0,0.669,12.164,12.202,12.180,12.109,1130,18.847,7.291,9.663,1.342,17.405,12.036,5.368,0.336,9.663,9.435,1.334,6.332,220.000,240.000,210.0,101.2,555.0,210.0,600.0,24.0,25.0,0.0,0.0,27.5,1.6,6.4,0.0,0.0,0.0,33,Yes,No,No,No,No,Yes,No,8.7,11.0,2,0,0,0,0,0,0,0,0,61,0,0,0,0,0,0,0,0,0,0,0,0,0,0,0,0,0,0,0,0,5943,2249,2084,127,2.5,239.7,253.9,225.9,225.6,225.6,225.6,0.0,0.0,0.0,0.0,0.0,0.0,4.17,4.44,3.93,3.91,4.45,4.45,0.94,0.01,4.09,0.08,0.00,0,0,0.0,0.0,20300,1800,0.5,0.4,0,
9.7.2026,23:42:32.243,27567,18427,59.9,20674,12008,63.2,0.4,13312,52,1.313,1.325,1.319,1.312,1.312,1.306,1.306,1.312,1.312,4055.2,4067.7,4067.7,4067.7,4067.7,4042.7,4042.7,4042.7,4042.7,99.8,986.9,2564.4,1602.3,1311.9,1509.3,913.1,1164.9,755.3,952.0,570.9,559.6,646.9,682.6,587.7,567.2,747.2,655.0,986.9,21.4,30.7,38.4,31.4,36.0,21.5,27.6,17.6,22.3,13.4,13.0,14.9,15.9,13.4,13.3,17.3,15.1,38.4,21.4,24.7,35.5,44.0,35.8,41.0,24.7,31.7,20.5,25.8,15.6,15.2,17.4,18.6,15.7,15.5,20.2,17.6,24.6,40.6,40.8,40.8,40.8,40.8,40.5,40.5,40.5,40.5,0.0,47.6,62.0,59.2,54.4,52.1,35.5,42.2,38.4,37.2,52.4,38.0,40.8,45.6,47.9,64.5,57.8,61.6,62.8,0.0,0.0,0.0,0.0,0.0,0.0,0.0,0.0,0.0,1197.8,12.00,16,16,16,39,55,661,1,75.6,61.5,76.2,58.4,60.2,59.9,59.6,58.6,57.2,57.6,56.9,57.5,54.9,55.1,54.7,49.5,45.8,1.350,1.031,1.363,8.825,9.244,8.774,41.655,30.152,3.130,4.051,4.169,3.447,3.140,2.409,2.730,2.462,2.634,12.124,9.521,21.645,30.522,1197.8,1197.8,4125.2,4144.6,4105.7,4227.4,34.7,14.6,46.3,64.7,49.4,No,No,No,0.949,0.040,3.8,46,95.0,100.0,No,No,91369,99120,31,99.0,No,No,3320,0.0,0.0,0.1,0.031,0.074,103667,123922,0.0,0.0,0.0,0.000,0.000,52,0,35.4,47.4,83.0,0.669,12.162,12.201,12.179,12.107,1129,19.039,7.344,9.783,1.415,17.415,11.974,5.435,0.336,9.783,9.395,1.459,6.448,220.000,240.000,210.0,101.2,555.0,210.0,600.0,25.0,25.0,0.0,0.0,27.5,1.7,6.8,0.0,0.0,0.0,33,Yes,No,No,No,No,Yes,No,8.7,11.3,2,0,0,0,0,0,0,0,0,61,0,0,0,0,0,0,0,0,0,0,0,0,0,0,0,0,0,0,0,0,5943,2249,2084,127,2.5,239.7,253.9,225.9,225.6,225.6,225.6,0.0,0.0,0.0,0.0,0.0,0.0,4.17,4.44,3.93,3.91,4.45,4.45,0.94,0.01,4.09,0.08,0.00,0,0,0.0,0.0,20300,1800,0.2,0.1,0,
9.7.2026,23:42:34.245,27567,18427,59.9,20680,12001,63.2,0.4,13312,52,1.396,1.400,1.394,1.394,1.394,1.394,1.394,1.400,1.400,4133.2,4217.4,4242.3,4242.3,4242.3,4242.3,4242.3,4242.3,3393.9,99.8,776.1,2633.7,1440.1,1166.2,1316.7,739.2,881.2,513.6,649.6,182.6,192.0,373.8,425.4,305.6,332.8,625.0,640.6,776.1,17.3,27.9,35.2,28.8,32.2,18.5,21.9,13.2,16.4,5.4,5.6,10.1,11.2,8.2,8.8,16.5,16.9,35.2,17.3,18.7,30.9,39.4,31.7,35.7,20.0,23.9,13.9,17.6,5.1,5.4,10.4,11.6,8.3,9.0,17.8,18.2,18.7,41.4,42.2,42.5,42.5,42.5,42.5,42.5,42.5,34.0,0.0,48.8,63.8,61.5,55.2,51.5,35.1,42.8,39.7,40.5,51.2,36.2,38.5,44.8,48.5,64.9,57.2,60.3,59.5,0.0,0.0,0.0,0.0,0.0,0.0,0.0,0.0,0.0,1197.8,12.00,16,16,16,39,55,661,1,82.1,63.5,60.8,59.4,61.2,60.9,60.3,59.2,57.4,58.5,57.6,59.7,56.0,56.2,55.8,48.0,45.0,1.388,1.025,1.394,8.257,9.188,8.308,42.874,29.991,2.856,4.020,4.011,3.157,2.685,1.801,2.305,2.118,2.747,11.276,9.463,20.738,29.740,1197.8,1197.8,4113.2,4133.1,4093.4,4201.7,33.8,13.8,47.6,66.8,47.8,No,No,No,0.630,0.021,3.9,45,95.0,100.0,No,No,91369,99120,31,99.0,No,No,3320,0.0,0.2,0.2,0.000,2.484,103667,123926,0.0,0.0,0.0,0.000,0.000,52,0,35.3,47.5,83.0,0.669,12.165,12.204,12.181,12.111,1129,18.964,7.265,9.591,1.452,17.298,11.965,5.328,0.336,9.591,9.501,1.322,6.261,220.000,240.000,210.0,101.2,555.0,210.0,600.0,25.0,25.0,0.0,1.0,27.5,1.7,7.0,0.0,0.0,0.0,33,Yes,No,No,No,No,Yes,No,8.6,11.2,2,0,0,0,0,0,0,0,0,61,0,0,0,0,0,0,0,0,0,0,0,0,0,0,0,0,0,0,0,0,5943,2249,2084,127,2.5,239.7,253.9,225.9,225.6,225.6,225.6,0.0,0.0,0.0,0.0,0.0,0.0,4.17,4.44,3.93,3.91,4.45,4.45,0.94,0.01,4.09,0.08,0.00,0,0,0.0,0.0,20300,1800,0.0,0.0,0,
9.7.2026,23:42:36.246,27567,18427,59.9,20677,12004,63.2,0.4,13312,52,1.098,1.394,1.056,1.056,1.056,1.056,1.056,1.056,1.056,3593.5,3593.5,3593.5,3593.5,3593.5,3593.5,3593.5,3593.5,3593.5,99.8,556.7,2298.9,1188.5,876.4,1291.8,412.6,765.7,317.1,520.7,87.8,95.6,231.6,259.6,162.1,154.5,119.4,125.2,556.7,11.2,22.6,28.4,21.0,30.7,9.7,18.3,7.5,12.4,2.1,2.2,5.5,6.2,3.6,3.6,2.8,3.0,30.7,11.2,12.7,25.8,32.3,23.7,34.9,10.9,20.6,8.4,13.9,2.3,2.5,6.1,6.8,4.0,4.0,3.2,3.3,12.7,36.0,36.0,36.0,36.0,36.0,36.0,36.0,36.0,36.0,0.0,40.6,55.4,55.2,46.9,44.3,28.5,35.2,32.0,27.7,59.4,44.6,44.8,53.1,55.7,71.5,64.8,68.0,72.3,0.0,0.0,0.0,0.0,0.0,0.0,0.0,0.0,0.0,1197.8,12.00,16,16,16,39,55,661,1,79.0,59.9,60.0,56.9,59.1,58.6,57.9,56.9,55.7,56.0,55.6,55.5,54.8,55.0,54.6,49.5,45.8,1.400,1.031,1.400,6.110,9.052,6.115,35.488,26.611,2.354,3.521,3.525,2.618,2.288,1.587,1.924,1.747,1.620,8.442,9.314,17.756,26.655,1197.8,1197.8,4128.0,4153.2,4102.8,4242.3,30.3,10.2,39.4,63.0,44.6,No,No,No,0.413,0.017,3.3,45,95.0,100.0,No,No,91369,99120,31,99.0,No,No,3320,0.0,0.1,0.1,0.000,0.628,103667,123927,0.0,0.0,0.0,0.000,0.000,52,0,35.3,47.5,83.0,0.669,12.162,12.202,12.177,12.106,1131,18.911,7.157,9.448,1.318,17.219,11.973,5.249,0.336,9.448,9.435,1.443,5.697,220.000,240.000,210.0,101.2,555.0,210.0,600.0,27.0,27.0,0.0,1.0,27.5,1.6,6.4,0.0,0.0,0.0,33,Yes,No,No,No,No,Yes,No,8.6,10.9,2,0,0,0,0,0,0,0,0,61,0,0,0,0,0,0,0,0,0,0,0,0,0,0,0,0,0,0,0,0,5943,2249,2084,127,2.5,239.7,253.9,225.9,225.6,225.6,225.6,0.0,0.0,0.0,0.0,0.0,0.0,4.17,4.44,3.93,3.91,4.45,4.45,0.94,0.01,4.09,0.08,0.00,0,0,0.0,0.0,20300,1800,0.3,0.4,0,
9.7.2026,23:42:38.244,27569,18424,59.9,20679,12003,63.2,0.4,13312,52,1.399,1.394,1.400,1.400,1.400,1.400,1.400,1.400,1.400,4214.3,4192.4,4217.4,4217.4,4217.4,4217.4,4217.4,4217.4,4217.4,99.8,574.0,2261.1,1058.9,839.8,1298.3,463.2,764.8,299.4,533.3,98.0,151.7,310.9,324.8,152.4,153.3,172.5,302.0,574.0,11.6,23.9,25.1,19.9,30.7,10.7,18.0,6.9,12.6,2.2,3.5,7.3,7.6,3.3,3.5,3.9,7.1,30.7,11.6,13.3,27.4,28.7,22.6,35.1,12.3,20.6,7.9,14.3,2.6,4.0,8.3,8.7,3.7,4.0,4.6,8.3,13.3,42.2,42.0,42.2,42.2,42.2,42.2,42.2,42.2,42.2,0.0,41.7,54.4,54.8,47.9,45.1,30.2,37.2,32.5,31.8,58.3,45.6,45.2,52.1,54.9,69.8,62.8,67.5,68.2,0.0,0.0,0.0,0.0,0.0,0.0,0.0,0.0,0.0,1197.8,12.00,16,16,16,39,55,661,1,75.9,59.9,58.5,56.9,58.8,58.7,57.8,56.9,55.6,56.2,55.4,55.8,54.7,54.9,54.5,49.5,45.2,1.381,1.025,1.381,6.339,9.073,6.340,36.611,26.920,2.415,3.476,3.635,2.691,2.305,1.640,2.032,1.738,1.799,8.773,9.336,18.109,27.003,1197.8,1197.8,4137.1,4160.4,4113.8,4236.9,30.7,10.6,40.7,63.1,45.2,No,No,No,0.429,0.017,3.3,45,95.0,100.0,No,No,91369,99120,31,99.0,No,No,3320,0.0,0.2,0.2,0.008,0.423,103667,123928,0.0,0.0,0.0,0.000,0.000,52,0,35.3,47.3,83.0,0.669,12.164,12.203,12.180,12.110,1128,18.813,7.267,9.535,1.464,17.295,11.988,5.297,0.336,9.535,9.567,1.415,6.234,220.000,240.000,210.0,101.2,555.0,210.0,600.0,25.0,26.0,0.0,0.0,27.5,1.6,6.2,0.0,0.0,0.0,33,Yes,No,No,No,No,Yes,No,8.6,11.2,2,0,0,0,0,0,0,0,0,61,0,0,0,0,0,0,0,0,0,0,0,0,0,0,0,0,0,0,0,0,5943,2249,2084,127,2.5,239.7,253.9,225.9,225.6,225.6,225.6,0.0,0.0,0.0,0.0,0.0,0.0,4.17,4.44,3.93,3.91,4.45,4.45,0.94,0.01,4.09,0.08,0.00,0,0,0.0,0.0,20300,1800,0.5,0.0,0,
9.7.2026,23:42:40.243,27572,18422,59.9,20679,12002,63.2,0.4,13312,52,1.382,1.387,1.381,1.381,1.381,1.381,1.381,1.381,1.381,4217.4,4217.4,4217.4,4217.4,4217.4,4217.4,4217.4,4217.4,4217.4,99.8,567.3,2371.9,1173.5,915.6,1187.9,531.2,723.3,323.2,490.4,76.0,94.5,216.5,273.0,164.7,169.1,116.7,249.4,567.3,11.6,23.7,27.7,22.0,28.3,12.8,17.3,7.8,11.8,2.1,2.6,5.4,6.7,4.0,4.2,3.1,5.6,28.3,11.6,12.9,27.0,31.5,24.7,32.0,14.2,19.3,8.5,13.0,2.0,2.5,5.7,7.3,4.1,4.5,3.1,6.8,12.9,42.2,42.2,42.2,42.2,42.2,42.2,42.2,42.2,42.2,0.0,41.2,56.9,54.6,49.0,45.4,27.5,35.7,32.0,28.5,58.8,43.1,45.4,51.0,54.6,72.5,64.3,68.0,71.5,0.0,0.0,0.0,0.0,0.0,0.0,0.0,0.0,0.0,1197.8,12.00,16,16,16,39,55,661,1,72.6,60.1,62.8,56.9,59.0,58.9,58.0,56.9,55.5,55.9,55.4,55.6,54.7,54.9,54.5,47.5,45.0,1.381,1.025,1.387,6.410,9.066,6.406,36.122,27.044,2.422,3.533,3.790,2.758,2.339,1.582,1.909,1.745,1.723,8.887,9.331,18.217,27.104,1197.8,1197.8,4138.7,4162.5,4114.8,4240.5,30.8,10.7,40.1,63.3,45.7,No,No,No,0.426,0.012,3.3,46,95.0,100.0,No,No,91369,99120,31,99.0,No,No,3320,0.0,0.0,0.0,0.000,0.040,103667,123928,0.0,0.0,0.0,0.000,0.000,52,0,35.2,47.4,83.0,0.669,12.161,12.200,12.178,12.106,1128,18.858,7.272,9.646,1.269,17.342,11.973,5.359,0.336,9.646,9.307,1.608,6.234,220.000,240.000,210.0,101.2,555.0,210.0,600.0,26.0,27.0,0.0,0.0,27.5,1.5,6.0,0.0,0.0,0.0,33,Yes,No,No,No,No,Yes,No,8.6,11.1,2,0,0,0,0,0,0,0,0,61,0,0,0,0,0,0,0,0,0,0,0,0,0,0,0,0,0,0,0,0,5943,2249,2084,127,2.5,239.7,253.9,225.9,225.6,225.6,225.6,0.0,0.0,0.0,0.0,0.0,0.0,4.17,4.44,3.93,3.91,4.45,4.45,0.94,0.01,4.09,0.08,0.00,0,0,0.0,0.0,20300,1800,2.6,1.5,0,
9.7.2026,23:42:42.235,27574,18420,59.9,20683,11998,63.2,0.4,13312,52,1.395,1.400,1.394,1.394,1.394,1.394,1.394,1.394,1.394,4217.4,4217.4,4217.4,4217.4,4217.4,4217.4,4217.4,4217.4,4217.4,99.8,534.5,2350.8,1338.7,900.1,1123.1,478.8,719.6,297.1,420.2,70.0,80.0,183.0,196.4,116.0,103.2,73.4,101.4,534.5,10.1,17.7,32.1,21.3,26.4,11.2,16.9,7.0,9.9,1.1,1.4,4.5,4.8,1.9,1.9,1.2,2.6,32.1,10.1,11.7,20.2,36.9,24.3,30.1,12.6,19.3,7.8,11.1,1.8,2.1,4.8,5.2,2.8,2.7,1.9,2.7,11.7,42.2,42.2,42.2,42.2,42.2,42.2,42.2,42.2,42.2,0.0,38.9,56.2,51.8,48.2,44.7,24.4,32.8,28.4,24.3,61.1,43.8,48.2,51.8,55.3,75.6,67.2,71.6,75.7,0.0,0.0,0.0,0.0,0.0,0.0,0.0,0.0,0.0,1197.8,12.00,16,16,16,39,55,661,1,69.5,59.4,61.2,56.6,58.7,58.3,57.9,56.6,55.3,55.6,55.1,55.1,54.6,54.8,54.3,49.2,45.3,1.400,1.031,1.406,6.059,9.009,6.058,34.235,26.493,2.329,3.486,3.544,2.772,2.271,1.543,1.824,1.638,1.549,8.425,9.270,17.694,26.581,1197.8,1197.8,4149.5,4176.0,4123.1,4239.0,30.2,10.1,38.0,62.5,45.0,No,No,No,0.421,0.015,3.1,45,95.0,100.0,No,No,91369,99120,31,99.0,No,No,3320,0.0,0.0,0.0,0.000,0.014,103667,123928,0.0,0.0,0.0,0.000,0.000,52,0,35.3,47.5,83.0,0.669,12.164,12.204,12.179,12.108,1129,18.849,7.187,9.627,1.355,17.185,11.830,5.348,0.336,9.627,9.268,1.501,5.797,220.000,240.000,210.0,101.2,555.0,210.0,600.0,26.0,27.0,0.0,0.0,27.5,1.6,6.3,0.0,0.0,0.0,33,Yes,No,No,No,No,Yes,No,8.6,11.1,2,0,0,0,0,0,0,0,0,61,0,0,0,0,0,0,0,0,0,0,0,0,0,0,0,0,0,0,0,0,5943,2249,2084,127,2.5,239.7,253.9,225.9,225.6,225.6,225.6,0.0,0.0,0.0,0.0,0.0,0.0,4.17,4.44,3.93,3.91,4.45,4.45,0.94,0.01,4.09,0.08,0.00,0,0,0.0,0.0,20300,1800,1.6,0.9,0,
9.7.2026,23:42:44.237,27569,18424,59.9,20678,12004,63.2,0.4,13312,52,1.384,1.400,1.381,1.381,1.381,1.381,1.381,1.381,1.381,4220.5,4242.3,4217.4,4217.4,4217.4,4217.4,4217.4,4217.4,4217.4,99.8,606.1,2388.8,1284.1,928.8,1328.4,481.7,834.2,351.1,451.8,108.6,119.8,230.4,214.2,195.5,222.3,294.8,262.2,606.1,12.0,21.6,30.1,21.8,31.1,11.1,19.4,8.0,10.4,2.5,2.9,4.6,4.2,5.1,5.2,7.0,6.2,31.1,12.0,13.8,25.0,34.8,25.2,35.9,12.8,22.4,9.3,12.0,2.9,3.2,6.1,5.6,5.0,6.0,8.0,7.1,13.8,42.3,42.5,42.2,42.2,42.2,42.2,42.2,42.2,42.2,0.0,42.5,57.2,57.8,50.7,46.3,27.6,35.3,33.0,31.9,57.5,42.8,42.2,49.3,53.7,72.4,64.7,67.0,68.1,0.0,0.0,0.0,0.0,0.0,0.0,0.0,0.0,0.0,1197.8,12.00,16,16,16,39,55,661,1,67.2,61.7,62.2,57.4,59.3,59.1,58.5,57.0,55.9,56.3,56.0,56.9,54.7,55.0,54.5,48.0,45.1,1.400,1.025,1.400,6.981,9.030,6.984,37.790,27.852,2.596,3.684,3.875,2.966,2.404,1.718,2.008,1.946,2.169,9.700,9.292,18.993,27.890,1197.8,1197.8,4155.3,4177.0,4133.6,4218.3,31.7,11.6,42.0,64.9,46.5,No,No,No,0.420,0.017,3.4,45,95.0,100.0,No,No,91369,99120,31,99.0,No,No,3320,0.0,0.1,0.1,0.000,0.216,103667,123929,0.0,0.0,0.0,0.000,0.000,52,0,35.2,47.2,83.0,0.669,12.163,12.203,12.178,12.108,1131,18.949,7.160,9.688,1.294,17.208,11.817,5.382,0.336,9.688,9.162,1.286,5.740,220.000,240.000,210.0,101.2,555.0,210.0,600.0,24.0,26.0,0.0,0.0,27.5,1.5,6.0,0.0,0.0,0.0,33,Yes,No,No,No,No,Yes,No,8.6,11.2,2,0,0,0,0,0,0,0,0,61,0,0,0,0,0,0,0,0,0,0,0,0,0,0,0,0,0,0,0,0,5943,2249,2084,127,2.5,239.7,253.9,225.9,225.6,225.6,225.6,0.0,0.0,0.0,0.0,0.0,0.0,4.17,4.44,3.93,3.91,4.45,4.45,0.94,0.01,4.09,0.08,0.00,0,0,0.0,0.0,20300,1800,0.0,0.0,0,
9.7.2026,23:42:46.237,27568,18425,59.9,20680,12002,63.2,0.4,13312,52,1.387,1.387,1.387,1.387,1.387,1.387,1.387,1.387,1.387,4220.5,4242.3,4217.4,4217.4,4217.4,4217.4,4217.4,4217.4,4217.4,99.8,568.5,2392.4,1354.9,892.0,1289.1,482.0,735.8,326.9,479.0,81.4,98.5,180.3,223.6,129.0,125.2,147.8,157.7,568.5,10.8,18.8,31.6,20.6,29.8,10.6,16.6,6.9,10.5,2.0,2.5,4.3,5.3,2.2,3.0,3.6,3.9,31.6,10.8,12.6,22.3,36.9,24.1,34.7,12.8,19.7,8.6,12.7,2.1,2.6,4.7,5.9,3.2,3.3,4.0,4.3,12.6,42.3,42.5,42.2,42.2,42.2,42.2,42.2,42.2,42.2,0.0,40.4,57.3,55.5,48.8,46.0,25.7,33.9,29.7,26.7,59.6,42.7,44.5,51.2,54.0,74.3,66.1,70.3,73.3,0.0,0.0,0.0,0.0,0.0,0.0,0.0,0.0,0.0,1197.8,12.00,16,16,16,39,55,661,1,64.9,59.9,58.0,56.9,58.8,59.0,57.9,57.0,55.5,55.9,55.4,55.5,54.7,54.9,54.5,47.2,45.4,1.400,1.025,1.400,6.331,8.998,6.333,35.846,26.889,2.405,3.490,3.820,2.747,2.349,1.588,1.865,1.686,1.699,8.784,9.260,18.044,26.942,1197.8,1197.8,4156.2,4184.4,4128.0,4229.2,30.6,10.6,39.8,63.0,45.5,No,No,No,0.478,0.017,3.2,46,95.0,100.0,No,No,91369,99120,31,99.0,No,No,3320,0.0,0.0,0.0,0.000,0.093,103667,123929,0.0,0.0,0.0,0.000,0.000,52,0,35.2,47.4,83.0,0.669,12.164,12.205,12.179,12.108,1129,19.054,7.202,9.873,1.330,17.270,11.781,5.485,0.336,9.873,9.079,1.290,5.705,220.000,240.000,210.0,101.2,555.0,210.0,600.0,25.0,26.0,0.0,0.0,27.5,1.6,6.4,0.0,0.0,0.0,33,Yes,No,No,No,No,Yes,No,8.6,11.2,2,0,0,0,0,0,0,0,0,61,0,0,0,0,0,0,0,0,0,0,0,0,0,0,0,0,0,0,0,0,5943,2249,2084,127,2.5,239.7,253.9,225.9,225.6,225.6,225.6,0.0,0.0,0.0,0.0,0.0,0.0,4.17,4.44,3.93,3.91,4.45,4.45,0.94,0.01,4.09,0.08,0.00,0,0,0.0,0.0,20300,1800,50.6,8.4,0,
9.7.2026,23:42:48.239,27574,18420,59.9,20557,12124,62.9,0.7,13312,93,1.366,1.356,1.363,1.369,1.369,1.369,1.369,1.369,1.369,4186.2,4167.5,4167.5,4192.4,4192.4,4192.4,4192.4,4192.4,4192.4,99.8,1048.0,2942.8,1642.1,1435.5,1705.7,1152.9,1158.0,837.1,967.2,423.7,402.6,612.7,623.1,490.4,519.1,943.3,912.3,1048.0,23.5,38.6,39.4,34.7,41.1,27.9,28.0,20.3,23.4,10.7,10.2,15.1,15.3,12.0,12.9,23.4,22.6,41.1,23.5,26.3,43.8,44.8,39.3,46.6,31.3,31.5,22.7,26.3,11.6,11.0,16.6,16.9,13.1,14.2,26.1,25.2,26.3,41.9,41.8,41.8,42.0,42.0,42.0,42.0,42.0,42.0,0.0,55.2,71.0,70.1,62.8,59.5,39.4,48.4,43.7,46.7,44.8,29.0,29.9,37.2,40.5,60.6,51.6,56.3,53.3,0.0,0.0,0.0,0.0,0.0,0.0,0.0,0.0,0.0,1197.8,12.00,16,16,16,39,55,661,1,72.2,63.9,65.2,59.5,61.4,61.7,60.7,59.6,57.3,58.4,57.2,59.6,55.6,55.8,55.4,49.5,45.7,1.400,1.031,1.406,9.920,9.299,9.909,49.266,32.017,3.355,4.512,4.770,3.770,3.317,2.209,2.674,2.388,3.203,13.583,9.583,23.166,32.124,1197.8,1197.8,4141.8,4158.8,4124.8,4184.5,36.5,16.5,54.7,67.3,50.4,No,No,No,1.057,0.068,4.4,46,95.0,100.0,No,No,91369,99120,31,99.0,No,No,3320,0.0,0.9,1.0,0.554,24.087,103668,123975,0.0,0.0,0.0,0.000,0.000,52,0,35.3,47.4,83.0,0.669,12.162,12.202,12.177,12.106,1129,19.066,7.088,9.193,1.403,17.073,11.960,5.107,0.336,9.193,9.628,1.288,5.697,220.000,240.000,210.0,101.2,555.0,210.0,600.0,25.0,26.0,0.0,0.0,27.5,1.8,7.1,0.0,0.0,0.0,33,Yes,No,No,No,No,Yes,No,8.6,11.1,2,0,0,0,0,0,0,0,0,61,0,0,0,0,0,0,0,0,0,0,0,0,0,0,0,0,0,0,0,0,5943,2249,2084,127,2.5,239.7,253.9,225.9,225.6,225.6,225.6,0.0,0.0,0.0,0.0,0.0,0.0,4.17,4.44,3.93,3.91,4.45,4.45,0.94,0.01,4.09,0.08,0.00,0,0,0.0,0.0,20300,1800,0.6,0.0,0,
9.7.2026,23:42:50.244,27622,18372,60.0,20581,12101,62.9,0.7,13312,93,1.351,1.350,1.356,1.356,1.356,1.356,1.344,1.344,1.344,4148.8,4142.5,4192.4,4142.5,4142.5,4142.5,4142.5,4142.5,4142.5,99.8,778.7,2794.5,1176.8,1246.4,1528.1,988.7,774.5,658.7,557.5,223.3,173.2,467.8,420.6,306.1,225.2,439.7,478.0,778.7,16.5,38.6,27.6,29.6,36.0,23.0,18.1,15.4,12.7,5.2,3.9,10.7,9.7,6.8,5.0,10.1,11.4,38.6,16.5,19.0,44.5,31.8,34.1,41.3,26.3,20.8,17.7,14.7,5.9,4.4,12.3,11.2,7.8,5.8,11.7,13.1,19.0,41.6,41.5,42.0,41.5,41.5,41.5,41.5,41.5,41.5,0.0,51.3,67.1,68.9,58.9,54.5,35.7,45.2,39.3,40.8,48.7,32.9,31.1,41.1,45.5,64.3,54.8,60.7,59.2,0.0,0.0,0.0,0.0,0.0,0.0,0.0,0.0,0.0,1197.8,12.00,16,16,16,39,55,661,1,69.5,62.2,67.8,58.3,60.5,61.0,59.5,58.3,56.5,57.3,56.2,57.1,55.3,55.6,55.1,49.0,44.9,1.369,1.038,1.375,8.046,9.218,8.042,45.664,29.424,2.901,4.233,4.661,3.267,2.728,1.848,2.327,1.973,2.169,11.095,9.490,20.585,29.509,1197.8,1197.8,4154.9,4173.1,4136.6,4206.5,33.5,13.4,50.7,65.4,47.8,No,No,No,0.662,0.017,4.1,46,95.0,100.0,No,No,91369,99120,31,99.0,No,No,3320,0.0,0.1,0.1,0.000,0.741,103668,123976,0.0,0.0,0.0,0.000,0.000,52,0,35.2,47.2,83.0,0.669,12.154,12.194,12.171,12.098,1129,18.933,7.131,9.502,1.293,17.112,11.832,5.279,0.336,9.502,9.254,1.287,5.913,220.000,240.000,210.0,101.2,555.0,210.0,600.0,27.0,27.0,0.0,0.0,27.5,1.7,6.8,0.0,0.0,0.0,33,Yes,No,No,No,No,Yes,No,8.5,11.1,2,0,0,0,0,0,0,0,0,61,0,0,0,0,0,0,0,0,0,0,0,0,0,0,0,0,0,0,0,0,5943,2249,2084,124,2.5,239.7,253.9,225.9,225.6,225.6,225.6,0.0,0.0,0.0,0.0,0.0,0.0,4.17,4.44,3.93,3.91,4.45,4.45,0.94,0.01,4.09,0.08,0.00,0,0,0.0,0.0,20300,1800,0.8,1.7,0,
9.7.2026,23:42:52.240,27591,18403,59.9,20578,12104,62.9,0.7,13312,93,1.388,1.394,1.387,1.387,1.387,1.387,1.387,1.387,1.387,4217.4,4217.4,4217.4,4217.4,4217.4,4217.4,4217.4,4217.4,4217.4,99.8,698.1,2717.1,1088.9,1287.0,1239.8,940.3,641.8,548.7,513.3,161.0,120.4,343.0,265.0,211.5,192.8,249.4,649.3,698.1,15.0,37.7,25.7,30.7,29.9,22.9,15.0,13.1,12.1,3.9,3.0,8.3,6.1,4.8,4.6,6.2,15.6,37.7,15.0,17.1,43.2,29.5,35.2,34.0,26.0,17.0,14.8,13.8,4.4,3.3,9.4,7.0,5.5,5.2,7.0,17.9,17.1,42.2,42.2,42.2,42.2,42.2,42.2,42.2,42.2,42.2,0.0,48.6,65.4,65.0,55.8,51.7,33.3,40.9,36.5,40.4,51.4,34.6,35.0,44.2,48.3,66.7,59.1,63.5,59.6,0.0,0.0,0.0,0.0,0.0,0.0,0.0,0.0,0.0,1197.8,12.00,16,16,16,39,55,661,1,67.0,62.4,58.5,58.2,60.7,60.2,59.5,58.0,56.4,57.0,56.3,57.5,55.4,55.6,55.1,47.8,45.2,1.400,1.038,1.400,7.607,9.144,7.622,43.210,28.851,2.764,4.254,4.174,3.107,2.599,1.732,2.100,1.866,2.277,10.468,9.415,19.883,28.829,1197.8,1197.8,4144.5,4160.4,4128.6,4202.0,32.8,12.7,48.0,65.6,47.0,No,No,No,0.647,0.017,3.9,46,95.0,100.0,No,No,91369,99120,31,99.0,No,No,3320,0.0,0.1,0.1,0.000,0.731,103668,123978,0.0,0.0,0.0,0.000,0.000,52,0,35.2,47.5,83.0,0.669,12.169,12.209,12.184,12.114,1131,18.834,7.116,9.508,1.245,17.142,11.860,5.282,0.336,9.508,9.237,1.285,5.762,220.000,240.000,210.0,101.2,555.0,210.0,600.0,26.0,26.0,0.0,0.0,27.5,1.5,6.1,0.0,0.0,0.0,33,Yes,No,No,No,No,Yes,No,8.5,11.0,2,0,0,0,0,0,0,0,0,61,0,0,0,0,0,0,0,0,0,0,0,0,0,0,0,0,0,0,0,0,5943,2249,2084,124,2.5,239.7,253.9,225.9,225.6,225.6,225.6,0.0,0.0,0.0,0.0,0.0,0.0,4.17,4.44,3.93,3.91,4.45,4.45,0.94,0.01,4.09,0.08,0.00,0,0,0.0,0.0,20300,1800,1.2,2.4,0,
9.7.2026,23:42:54.240,27585,18409,59.9,20573,12109,62.9,0.7,13312,93,1.098,1.394,1.056,1.056,1.056,1.056,1.056,1.056,1.056,4239.2,4217.4,4242.3,4242.3,4242.3,4242.3,4242.3,4242.3,4242.3,99.8,510.3,2261.3,878.6,857.4,1160.3,700.7,543.9,368.6,387.1,73.0,87.8,190.3,188.1,134.3,118.9,96.3,118.1,510.3,10.5,29.3,20.9,20.7,28.3,17.1,13.0,9.0,9.3,1.2,1.6,4.8,3.9,3.2,2.3,1.8,2.3,29.3,10.5,11.9,32.9,23.6,23.3,31.3,18.9,14.3,9.8,10.1,1.9,2.3,5.0,4.9,3.3,3.1,2.5,3.2,11.9,42.5,42.2,42.5,42.5,42.5,42.5,42.5,42.5,42.5,0.0,39.7,54.5,54.2,48.3,44.5,26.7,33.4,29.9,25.8,60.3,45.5,45.8,51.7,55.5,73.3,66.6,70.1,74.2,0.0,0.0,0.0,0.0,0.0,0.0,0.0,0.0,0.0,1197.8,12.00,16,16,16,39,55,661,1,64.2,59.3,60.5,56.6,58.7,58.1,57.7,56.6,55.4,55.6,55.2,55.2,54.6,54.8,54.4,47.5,44.6,1.400,1.031,1.400,5.985,8.991,5.984,34.699,26.335,2.305,3.511,3.373,2.676,2.254,1.547,1.817,1.661,1.605,8.265,9.250,17.516,26.402,1197.8,1197.8,4135.5,4160.6,4110.5,4242.9,30.0,10.0,38.6,62.5,44.6,No,No,No,0.396,0.017,3.2,46,95.0,100.0,No,No,91369,99120,31,99.0,No,No,3320,0.0,0.1,0.1,0.000,0.295,103668,123978,0.0,0.0,0.0,0.000,0.000,52,0,35.3,47.3,83.0,0.669,12.163,12.203,12.178,12.107,1128,18.925,7.217,9.731,1.403,17.305,11.901,5.406,0.336,9.731,9.328,1.288,5.737,220.000,240.000,210.0,101.2,555.0,210.0,600.0,27.0,27.0,0.0,1.0,27.5,1.6,6.2,0.0,0.0,0.0,33,Yes,No,No,No,No,Yes,No,8.7,11.2,2,0,0,0,0,0,0,0,0,61,0,0,0,0,0,0,0,0,0,0,0,0,0,0,0,0,0,0,0,0,5943,2249,2084,124,2.5,239.7,253.9,225.9,225.6,225.6,225.6,0.0,0.0,0.0,0.0,0.0,0.0,4.17,4.44,3.93,3.91,4.45,4.45,0.94,0.01,4.09,0.08,0.00,0,0,0.0,0.0,20301,1800,95.2,6.7,0,
9.7.2026,23:42:56.236,27588,18406,59.9,20561,12120,62.9,0.7,13312,93,1.183,1.394,1.056,1.056,1.056,1.056,1.056,1.394,1.394,3780.7,3593.5,3393.9,3393.9,4242.3,3593.5,3593.5,4217.4,4217.4,99.8,665.2,2523.5,865.7,1064.1,1214.5,769.9,734.0,550.0,518.8,156.4,232.3,428.1,313.9,234.4,380.4,280.4,376.0,665.2,14.1,36.6,20.1,25.1,28.9,18.1,16.5,12.8,12.0,3.5,5.4,10.0,7.8,4.4,8.8,7.2,8.8,36.6,14.1,16.0,41.9,22.9,28.8,32.7,20.5,19.4,14.5,13.5,3.8,6.0,11.3,8.0,5.7,10.0,7.3,10.0,16.0,37.9,36.0,34.0,34.0,42.5,36.0,36.0,42.2,42.2,0.0,47.3,60.7,60.2,52.9,50.0,35.6,42.5,39.0,37.3,52.7,39.3,39.8,47.1,50.0,64.4,57.5,61.0,62.7,0.0,0.0,0.0,0.0,0.0,0.0,0.0,0.0,0.0,1197.8,12.00,16,16,16,39,55,661,1,62.6,61.0,61.2,57.4,59.5,58.8,58.4,57.2,56.1,56.7,56.2,56.3,54.8,55.0,54.6,48.2,45.2,1.394,1.025,1.400,7.133,9.101,7.131,41.653,28.053,2.639,3.828,3.694,2.899,2.512,1.847,2.209,2.072,2.049,9.827,9.367,19.194,28.115,1197.8,1197.8,4138.3,4157.0,4119.7,4218.6,31.9,11.9,46.3,64.2,46.4,No,No,No,0.772,0.017,3.8,46,95.0,100.0,No,No,91369,99120,31,99.0,No,No,3320,0.0,0.0,0.0,0.000,0.134,103668,123979,0.0,0.0,0.0,0.000,0.000,52,0,35.2,47.5,83.0,0.669,12.164,12.205,12.180,12.108,1132,18.981,7.197,9.281,1.391,17.137,11.975,5.156,0.336,9.281,9.598,2.111,5.708,220.000,240.000,210.0,101.2,555.0,210.0,600.0,28.0,27.0,0.0,0.0,27.5,1.6,6.3,0.0,0.0,0.0,33,Yes,No,No,No,No,Yes,No,8.6,11.2,2,0,0,0,0,0,0,0,0,61,0,0,0,0,0,0,0,0,0,0,0,0,0,0,0,0,0,0,0,0,5943,2249,2084,124,2.5,239.7,253.9,225.9,225.6,225.6,225.6,0.0,0.0,0.0,0.0,0.0,0.0,4.17,4.44,3.93,3.91,4.45,4.45,0.94,0.01,4.09,0.08,0.00,0,0,0.0,0.0,20301,1800,0.4,0.4,0,
9.7.2026,23:42:58.240,27585,18409,59.9,20566,12115,62.9,0.7,13312,93,1.371,1.381,1.375,1.369,1.369,1.369,1.369,1.369,1.369,4173.7,4217.4,4167.5,4167.5,4167.5,4167.5,4167.5,4167.5,4167.5,99.8,502.6,2180.0,769.4,897.1,948.1,665.5,482.7,465.7,343.3,97.1,111.4,262.5,275.5,169.7,126.5,116.9,130.4,502.6,10.7,30.0,18.0,21.0,22.9,16.0,11.9,11.0,8.0,3.0,3.0,6.2,6.0,4.4,3.5,2.6,3.7,30.0,10.7,11.8,34.2,20.6,24.0,25.5,17.9,12.7,12.5,9.0,2.6,2.6,6.9,6.8,4.2,3.2,3.1,3.5,11.8,41.8,42.2,41.8,41.8,41.8,41.8,41.8,41.8,41.8,0.0,39.1,52.6,50.9,45.5,43.3,28.2,34.3,30.6,27.2,60.9,47.4,49.1,54.5,56.7,71.8,65.7,69.4,72.8,0.0,0.0,0.0,0.0,0.0,0.0,0.0,0.0,0.0,1197.8,12.00,16,16,16,39,55,661,1,60.8,59.0,62.5,56.3,58.3,57.6,57.4,56.2,55.2,55.5,55.0,55.0,54.4,54.5,54.2,48.0,45.0,1.381,1.031,1.387,5.756,9.004,5.747,33.934,25.950,2.266,3.413,3.177,2.565,2.213,1.579,1.909,1.673,1.604,7.940,9.262,17.202,26.071,1197.8,1197.8,4119.7,4146.9,4092.6,4251.7,29.6,9.6,37.7,62.1,43.7,No,No,No,0.370,0.016,3.1,46,95.0,100.0,No,No,91369,99120,31,99.0,No,No,3320,0.0,0.0,0.0,0.000,0.124,103668,123979,0.0,0.0,0.0,0.000,0.000,52,0,35.2,47.4,83.0,0.669,12.164,12.204,12.180,12.109,1131,18.873,7.064,8.970,1.294,17.015,12.025,4.983,0.336,8.970,9.691,1.629,5.732,220.000,240.000,210.0,101.2,555.0,210.0,600.0,28.0,27.0,0.0,0.0,27.5,1.6,6.5,0.0,0.0,0.0,33,Yes,No,No,No,No,Yes,No,8.5,10.8,2,0,0,0,0,0,0,0,0,61,0,0,0,0,0,0,0,0,0,0,0,0,0,0,0,0,0,0,0,0,5943,2249,2084,124,2.5,239.7,253.9,225.9,225.6,225.6,225.6,0.0,0.0,0.0,0.0,0.0,0.0,4.17,4.44,3.93,3.91,4.45,4.45,0.94,0.01,4.09,0.08,0.00,0,0,0.0,0.0,20301,1800,0.0,0.0,0,
9.7.2026,23:43:0.244,27587,18407,59.9,20568,12113,62.9,0.7,13312,93,1.387,1.387,1.400,1.400,1.381,1.381,1.381,1.381,1.381,4217.4,4217.4,4217.4,4217.4,4217.4,4217.4,4217.4,4217.4,4217.4,99.8,607.7,2365.6,954.2,851.3,1204.6,739.3,559.8,574.1,481.4,134.8,110.3,344.4,253.0,225.3,161.9,355.8,407.9,607.7,12.9,32.1,22.5,20.7,28.7,17.8,13.3,13.8,11.4,3.3,2.9,8.4,6.5,5.2,3.1,7.8,9.1,32.1,12.9,14.7,36.5,25.7,23.5,32.4,20.0,14.9,15.5,12.8,3.6,3.2,9.3,7.2,5.8,4.2,9.7,11.1,14.7,42.2,42.2,42.2,42.2,42.2,42.2,42.2,42.2,42.2,0.0,43.6,57.1,54.9,49.5,47.7,31.1,37.7,34.1,36.6,56.4,42.9,45.1,50.5,52.3,68.9,62.3,65.9,63.4,0.0,0.0,0.0,0.0,0.0,0.0,0.0,0.0,0.0,1197.8,12.00,16,16,16,39,55,661,1,67.8,61.1,59.5,57.2,59.3,58.5,58.0,57.1,55.6,56.4,55.6,57.0,54.6,54.8,54.4,47.8,45.5,1.394,1.025,1.394,6.875,9.081,6.884,38.201,27.759,2.550,3.766,3.514,2.756,2.475,1.647,2.096,1.866,2.281,9.490,9.346,18.836,27.744,1197.8,1197.8,4129.2,4147.7,4110.6,4227.8,31.5,11.5,42.4,64.3,46.3,No,No,No,0.453,0.011,3.5,46,95.0,100.0,No,No,91369,99120,31,99.0,No,No,3320,0.0,0.0,0.0,0.000,0.073,103668,123979,0.0,0.0,0.0,0.000,0.000,52,0,35.3,47.3,83.0,0.669,12.161,12.202,12.177,12.106,1129,18.870,7.111,9.236,1.354,17.145,12.009,5.131,0.336,9.236,9.618,1.353,5.692,220.000,240.000,210.0,101.2,555.0,210.0,600.0,27.0,27.0,0.0,0.0,27.5,1.6,6.5,0.0,0.0,0.0,33,Yes,No,No,No,No,Yes,No,8.6,11.1,2,0,0,0,0,0,0,0,0,61,0,0,0,0,0,0,0,0,0,0,0,0,0,0,0,0,0,0,0,0,5943,2249,2084,124,2.5,239.7,253.9,225.9,225.6,225.6,225.6,0.0,0.0,0.0,0.0,0.0,0.0,4.17,4.44,3.93,3.91,4.45,4.45,0.94,0.01,4.09,0.08,0.00,0,0,0.0,0.0,20301,1800,4.4,1.3,0,
9.7.2026,23:43:2.242,27630,18364,60.0,20570,12112,62.9,0.7,13312,93,1.336,1.331,1.337,1.337,1.337,1.337,1.337,1.337,1.331,4067.7,4067.7,4067.7,4067.7,4067.7,4067.7,4067.7,4067.7,4067.7,99.8,923.5,2588.5,1277.5,1465.7,1284.6,1087.0,901.5,860.6,744.7,501.9,484.0,653.3,611.8,573.3,527.9,608.2,606.1,923.5,20.6,38.5,29.9,35.0,30.6,25.9,21.3,20.4,17.6,12.0,11.6,15.6,14.5,13.5,13.2,14.8,15.2,38.5,20.6,23.5,44.2,34.5,40.3,34.9,29.7,24.5,23.5,20.3,13.9,13.4,17.9,16.7,15.5,14.5,16.3,16.7,23.5,40.8,40.8,40.8,40.8,40.8,40.8,40.8,40.8,40.8,0.0,48.6,62.2,62.3,55.7,52.9,36.4,42.8,39.5,37.0,51.4,37.8,37.7,44.3,47.1,63.6,57.2,60.5,63.0,0.0,0.0,0.0,0.0,0.0,0.0,0.0,0.0,0.0,1197.8,12.00,16,16,16,39,55,661,1,75.2,61.6,73.8,58.4,60.2,60.0,59.5,58.5,57.0,57.6,56.9,57.5,54.8,55.0,54.6,49.8,45.7,1.337,1.025,1.337,9.058,9.204,9.038,43.082,30.674,3.136,4.242,4.168,3.465,3.096,2.316,2.692,2.464,2.647,12.470,9.481,21.951,30.876,1197.8,1197.8,4150.0,4171.5,4128.5,4217.6,35.1,15.1,47.9,64.8,49.6,No,No,No,1.002,0.040,3.9,46,95.0,100.0,No,No,91369,99120,31,99.0,No,No,3320,0.0,0.0,0.0,0.000,0.054,103668,123979,0.0,0.0,0.0,0.000,0.000,52,0,35.2,47.5,83.0,0.669,12.160,12.200,12.176,12.104,1129,18.864,7.120,9.362,1.281,17.167,11.959,5.201,0.336,9.362,9.435,1.346,5.748,220.000,240.000,210.0,101.2,555.0,210.0,600.0,27.0,27.0,0.0,0.0,27.5,1.6,6.6,0.0,0.0,0.0,33,Yes,No,No,No,No,Yes,No,8.5,11.1,2,0,0,0,0,0,0,0,0,61,0,0,0,0,0,0,0,0,0,0,0,0,0,0,0,0,0,0,0,0,5943,2249,2084,123,2.5,239.5,250.4,227.8,227.0,226.9,226.9,0.0,0.0,0.0,0.0,0.0,0.0,4.18,4.41,3.97,3.97,4.42,4.42,0.91,0.01,4.09,0.08,0.00,0,0,0.0,0.0,20301,1800,0.2,0.4,0,
9.7.2026,23:43:4.240,27587,18406,59.9,20568,12114,62.9,0.7,13312,93,1.383,1.394,1.381,1.381,1.381,1.381,1.381,1.381,1.381,3808.8,3593.5,3393.9,4242.3,4242.3,3593.5,3593.5,3593.5,4217.4,99.8,620.6,2583.7,1011.3,1164.0,1129.0,863.0,569.5,505.1,405.8,118.5,116.9,283.6,251.1,215.0,155.2,352.4,205.8,620.6,12.9,34.5,24.1,27.8,26.8,20.1,13.5,11.6,9.7,2.4,2.4,6.4,5.5,5.2,3.2,8.5,4.6,34.5,12.9,14.8,39.4,27.5,31.7,30.4,23.4,15.1,13.6,10.6,3.1,3.1,7.6,6.6,5.5,4.1,10.1,5.6,14.8,38.2,36.0,34.0,42.5,42.5,36.0,36.0,36.0,42.2,0.0,45.1,62.0,60.4,53.1,49.2,30.1,38.0,34.2,33.5,54.9,38.0,39.6,46.9,50.8,69.9,62.0,65.8,66.5,0.0,0.0,0.0,0.0,0.0,0.0,0.0,0.0,0.0,1197.8,12.00,16,16,16,39,55,661,1,72.1,61.3,61.5,57.8,60.2,59.6,59.1,57.6,56.2,56.6,56.1,56.7,55.3,55.5,55.0,48.0,44.9,1.406,1.031,1.400,7.081,9.101,7.098,39.940,28.147,2.613,4.042,3.931,2.986,2.468,1.680,2.023,1.844,1.935,9.791,9.365,19.157,28.092,1197.8,1197.8,4147.2,4169.9,4124.6,4215.5,31.9,11.8,44.4,64.6,46.6,No,No,No,0.512,0.022,3.6,46,95.0,100.0,No,No,91369,99120,31,99.0,No,No,3320,0.0,0.2,0.2,0.000,3.148,103668,123985,0.0,0.0,0.0,0.000,0.000,52,0,35.2,47.4,83.0,0.669,12.160,12.200,12.176,12.105,1129,18.889,7.161,9.479,1.391,17.180,11.911,5.266,0.336,9.479,9.443,1.422,5.702,220.000,240.000,210.0,101.2,555.0,210.0,600.0,26.0,26.0,0.0,0.0,27.5,1.7,6.9,0.0,0.0,0.0,33,Yes,No,No,No,No,Yes,No,8.6,11.0,2,0,0,0,0,0,0,0,0,61,0,0,0,0,0,0,0,0,0,0,0,0,0,0,0,0,0,0,0,0,5943,2249,2084,123,2.5,239.5,250.4,227.8,227.0,226.9,226.9,0.0,0.0,0.0,0.0,0.0,0.0,4.18,4.41,3.97,3.97,4.42,4.42,0.91,0.01,4.09,0.08,0.00,0,0,0.0,0.0,20301,1800,0.5,0.1,0,
9.7.2026,23:43:6.237,27584,18410,59.9,20567,12114,62.9,0.7,13312,93,1.387,1.387,1.387,1.387,1.387,1.387,1.387,1.387,1.387,4217.4,4217.4,4217.4,4217.4,4217.4,4217.4,4217.4,4217.4,4217.4,99.8,517.5,2415.4,956.7,907.0,1102.2,683.8,557.4,394.3,362.0,75.7,70.2,182.6,176.1,131.6,97.7,88.4,78.9,517.5,10.3,30.6,21.6,20.8,25.3,16.0,12.1,9.2,7.6,1.9,1.8,4.4,4.2,2.2,2.3,2.2,2.0,30.6,10.3,12.0,36.0,25.7,24.7,29.7,18.4,14.7,10.5,9.5,2.0,1.8,4.8,4.6,3.2,2.5,2.3,2.1,12.0,42.2,42.2,42.2,42.2,42.2,42.2,42.2,42.2,42.2,0.0,39.3,57.5,54.0,48.6,45.5,24.6,31.7,28.4,24.4,60.7,42.5,46.0,51.4,54.5,75.4,68.3,71.6,75.6,0.0,0.0,0.0,0.0,0.0,0.0,0.0,0.0,0.0,1197.8,12.00,16,16,16,39,55,661,1,69.1,59.8,61.8,56.7,59.3,58.3,58.1,56.7,55.4,55.5,55.2,55.1,54.6,54.9,54.3,49.0,44.9,1.400,1.031,1.400,6.254,9.024,6.253,35.016,26.812,2.394,3.850,3.460,2.835,2.357,1.565,1.833,1.674,1.580,8.710,9.286,17.996,26.882,1197.8,1197.8,4164.8,4197.8,4131.8,4230.3,30.5,10.4,38.9,63.0,45.3,No,No,No,0.404,0.017,3.1,46,95.0,100.0,No,No,91369,99120,31,99.0,No,No,3320,0.0,0.1,0.1,0.016,0.956,103668,123987,0.0,0.0,0.0,0.000,0.000,52,0,35.3,47.3,83.0,0.669,12.159,12.198,12.175,12.103,1129,18.908,7.348,9.362,1.342,17.119,11.910,5.201,0.336,9.362,9.446,3.671,5.732,220.000,240.000,210.0,101.2,555.0,210.0,600.0,27.0,27.0,0.0,0.0,27.5,1.5,6.0,0.0,0.0,0.0,33,Yes,No,No,No,No,Yes,No,8.6,11.0,2,0,0,0,0,0,0,0,0,61,0,0,0,0,0,0,0,0,0,0,0,0,0,0,0,0,0,0,0,0,5943,2249,2084,123,2.5,239.5,250.4,227.8,227.0,226.9,226.9,0.0,0.0,0.0,0.0,0.0,0.0,4.18,4.41,3.97,3.97,4.42,4.42,0.91,0.01,4.09,0.08,0.00,0,0,0.0,0.0,20301,1800,0.8,0.4,0,
9.7.2026,23:43:8.234,27586,18407,59.9,20568,12114,62.9,0.7,13312,93,1.384,1.394,1.387,1.387,1.381,1.381,1.381,1.381,1.381,4217.4,4217.4,4217.4,4217.4,4217.4,4217.4,4217.4,4217.4,4217.4,99.8,541.8,2406.9,931.0,959.3,1181.7,730.8,531.6,409.9,366.7,89.7,115.4,187.7,186.3,127.3,93.9,217.1,132.6,541.8,11.2,31.3,21.6,22.7,28.0,17.3,12.3,9.6,8.5,2.3,3.0,4.6,4.5,3.0,2.3,5.3,3.3,31.3,11.2,12.7,36.1,24.9,26.1,31.9,19.7,14.0,10.9,9.6,2.4,3.1,4.9,4.8,3.1,2.4,5.9,3.5,12.7,42.2,42.2,42.2,42.2,42.2,42.2,42.2,42.2,42.2,0.0,40.8,57.4,56.7,49.6,46.3,26.0,33.3,29.2,27.7,59.2,42.6,43.3,50.4,53.7,74.0,66.7,70.8,72.3,0.0,0.0,0.0,0.0,0.0,0.0,0.0,0.0,0.0,1197.8,12.00,16,16,16,39,55,661,1,66.1,59.8,60.8,56.7,59.0,58.4,58.1,56.6,55.4,55.6,55.1,55.3,54.6,54.8,54.3,49.0,45.5,1.388,1.031,1.387,6.477,9.062,6.482,36.286,27.173,2.427,3.738,3.668,2.837,2.330,1.600,1.871,1.670,1.705,9.008,9.326,18.333,27.233,1197.8,1197.8,4164.7,4196.9,4132.4,4230.2,30.9,10.8,40.3,63.0,46.2,No,No,No,0.429,0.016,3.3,46,95.0,100.0,No,No,91369,99120,31,99.0,No,No,3320,0.0,0.0,0.0,0.000,0.103,103668,123987,0.0,0.0,0.0,0.000,0.000,52,0,35.2,47.4,83.0,0.669,12.158,12.197,12.174,12.104,1128,18.826,7.034,8.997,1.305,16.922,11.910,4.998,0.336,8.997,9.568,1.339,5.964,220.000,240.000,210.0,101.2,555.0,210.0,600.0,26.0,27.0,0.0,0.0,27.5,1.6,6.5,0.0,0.0,0.0,33,Yes,No,No,No,No,Yes,No,8.4,10.9,2,0,0,0,0,0,0,0,0,61,0,0,0,0,0,0,0,0,0,0,0,0,0,0,0,0,0,0,0,0,5943,2249,2084,123,2.5,239.5,250.4,227.8,227.0,226.9,226.9,0.0,0.0,0.0,0.0,0.0,0.0,4.18,4.41,3.97,3.97,4.42,4.42,0.91,0.01,4.09,0.08,0.00,0,0,0.0,0.0,20301,1800,4.0,0.0,0,
9.7.2026,23:43:10.241,27585,18409,59.9,20570,12112,62.9,0.7,13312,93,1.395,1.387,1.400,1.400,1.394,1.394,1.394,1.394,1.394,4217.4,4217.4,4217.4,4217.4,4217.4,4217.4,4217.4,4217.4,4217.4,99.8,586.8,2418.8,1121.7,1089.1,1106.2,593.2,701.7,398.1,455.3,92.4,83.1,218.5,209.2,180.8,135.0,332.9,253.5,586.8,12.2,26.6,26.9,26.3,26.5,14.4,16.8,9.7,10.9,1.8,2.4,5.5,5.2,4.4,3.5,8.3,5.7,26.9,12.2,13.6,30.3,30.4,29.6,29.7,15.9,18.7,10.6,12.0,2.4,2.2,5.7,5.4,4.6,3.5,9.1,6.9,13.6,42.2,42.2,42.2,42.2,42.2,42.2,42.2,42.2,42.2,0.0,42.0,58.1,56.4,49.9,46.7,27.0,34.9,31.5,31.7,58.0,41.9,43.6,50.1,53.3,73.0,65.1,68.5,68.3,0.0,0.0,0.0,0.0,0.0,0.0,0.0,0.0,0.0,1197.8,12.00,16,16,16,39,55,661,1,63.8,59.8,64.5,56.7,58.9,58.5,57.8,56.6,55.3,55.6,55.2,55.6,54.5,54.7,54.3,48.2,45.0,1.388,1.025,1.394,6.405,9.082,6.400,37.059,27.053,2.436,3.659,3.664,2.779,2.357,1.581,1.886,1.735,1.823,8.862,9.346,18.209,27.094,1197.8,1197.8,4151.0,4172.2,4129.7,4233.3,30.8,10.7,41.2,62.9,45.3,No,No,No,0.450,0.017,3.4,46,95.0,100.0,No,No,91369,99120,31,99.0,No,No,3320,0.0,0.1,0.1,0.000,0.220,103668,123988,0.0,0.0,0.0,0.000,0.000,52,0,35.2,47.5,83.0,0.669,12.157,12.195,12.174,12.101,1130,18.756,7.099,9.114,1.341,17.031,11.968,5.063,0.336,9.114,9.613,1.522,5.891,220.000,240.000,210.0,101.2,555.0,210.0,600.0,26.0,26.0,0.0,1.0,27.5,1.5,6.1,0.0,0.0,0.0,33,Yes,No,No,No,No,Yes,No,8.5,11.0,2,0,0,0,0,0,0,0,0,61,0,0,0,0,0,0,0,0,0,0,0,0,0,0,0,0,0,0,0,0,5943,2249,2084,124,2.5,239.5,250.4,227.8,227.0,226.9,226.9,0.0,0.0,0.0,0.0,0.0,0.0,4.18,4.41,3.97,3.97,4.42,4.42,0.91,0.01,4.09,0.08,0.00,0,0,0.0,0.0,20301,1800,2.3,0.5,0,
9.7.2026,23:43:12.240,27584,18410,59.9,20567,12115,62.9,0.7,13312,93,1.097,1.381,1.056,1.056,1.056,1.056,1.056,1.056,1.056,4242.3,4242.3,4242.3,4242.3,4242.3,4242.3,4242.3,4242.3,4242.3,99.8,553.0,2348.9,1146.5,1206.2,999.9,545.7,743.1,376.6,446.7,87.6,73.6,188.0,196.2,120.1,122.0,104.0,142.8,553.0,11.0,23.3,27.3,28.8,23.6,12.8,17.6,8.7,10.4,2.0,1.7,3.6,4.5,2.5,2.8,2.4,4.1,28.8,11.0,12.6,26.8,31.1,32.8,26.7,14.6,19.9,10.0,11.8,2.3,1.9,5.0,5.2,2.9,3.2,2.8,3.9,12.6,42.5,42.5,42.5,42.5,42.5,42.5,42.5,42.5,42.5,0.0,40.4,56.5,56.0,49.6,45.8,25.7,34.0,29.7,25.9,59.6,43.5,44.0,50.4,54.2,74.3,66.0,70.3,74.1,0.0,0.0,0.0,0.0,0.0,0.0,0.0,0.0,0.0,1197.8,12.00,16,16,16,39,55,661,1,61.6,59.5,61.2,56.4,58.5,58.3,57.6,56.5,55.1,55.4,54.9,54.9,54.4,54.6,54.2,47.0,44.4,1.394,1.025,1.394,6.184,9.069,6.186,35.551,26.727,2.362,3.524,3.712,2.738,2.314,1.541,1.820,1.650,1.597,8.560,9.327,17.888,26.780,1197.8,1197.8,4150.8,4174.0,4127.5,4240.1,30.4,10.3,39.5,62.7,45.1,No,No,No,0.424,0.017,3.2,46,95.0,100.0,No,No,91369,99120,31,99.0,No,No,3320,0.0,0.0,0.0,0.000,0.075,103668,123988,0.0,0.0,0.0,0.000,0.000,52,0,35.2,47.2,83.0,0.669,12.157,12.195,12.173,12.101,1129,18.887,7.172,9.382,1.439,17.213,11.992,5.212,0.336,9.382,9.625,1.318,5.818,220.000,240.000,210.0,101.2,555.0,210.0,600.0,26.0,27.0,0.0,0.0,27.5,1.6,6.4,0.0,0.0,0.0,33,Yes,No,No,No,No,Yes,No,8.6,11.1,2,0,0,0,0,0,0,0,0,61,0,0,0,0,0,0,0,0,0,0,0,0,0,0,0,0,0,0,0,0,5943,2249,2084,124,2.5,239.5,250.4,227.8,227.0,226.9,226.9,0.0,0.0,0.0,0.0,0.0,0.0,4.18,4.41,3.97,3.97,4.42,4.42,0.91,0.01,4.09,0.08,0.00,0,0,0.0,0.0,20301,1800,1.0,0.3,0,
9.7.2026,23:43:14.243,27837,18157,60.5,20782,11899,63.5,0.7,13312,93,1.370,1.375,1.369,1.369,1.369,1.369,1.369,1.369,1.369,4170.6,4192.4,4167.5,4167.5,4167.5,4167.5,4167.5,4167.5,4167.5,99.8,834.3,2784.2,1511.1,1356.0,2098.2,653.5,1218.1,573.9,830.9,198.5,215.5,392.1,474.9,252.8,322.5,200.7,266.0,834.3,17.8,33.7,35.9,32.2,50.0,15.2,29.2,13.5,19.7,5.3,5.0,9.8,11.1,5.6,7.5,4.6,6.2,50.0,17.8,20.3,38.7,41.2,37.2,57.7,17.5,33.2,15.4,22.4,5.3,5.8,10.4,12.7,6.5,8.7,5.4,7.3,20.3,41.8,42.0,41.8,41.8,41.8,41.8,41.8,41.8,41.8,0.0,51.4,67.0,79.7,57.7,53.7,34.9,44.2,39.4,34.4,48.6,33.0,20.3,42.3,46.3,65.1,55.8,60.6,65.6,0.0,0.0,0.0,0.0,0.0,0.0,0.0,0.0,0.0,1197.8,12.00,16,16,16,39,55,661,1,69.6,65.0,65.8,58.6,61.0,63.7,59.6,58.8,56.2,57.1,56.2,56.2,55.0,55.3,54.7,47.5,45.5,1.375,1.038,1.375,8.831,9.291,8.826,45.876,30.611,3.123,4.516,6.068,3.327,2.872,1.855,2.380,2.075,1.893,12.203,9.568,21.771,30.715,1197.8,1197.8,4154.6,4181.9,4127.3,4205.5,34.9,14.7,51.0,68.4,48.7,No,No,No,1.053,0.017,4.1,46,95.0,100.0,No,No,91369,99120,31,99.0,No,No,3320,0.0,0.0,0.0,0.000,0.055,103668,123988,0.0,0.0,0.0,0.000,0.000,52,0,35.2,47.3,83.0,0.669,12.157,12.196,12.174,12.102,1130,18.841,7.091,9.222,1.342,17.080,11.957,5.123,0.336,9.222,9.552,1.334,5.748,220.000,240.000,210.0,101.2,555.0,210.0,600.0,28.0,27.0,0.0,0.0,27.5,1.5,6.1,0.0,0.0,0.0,33,Yes,No,No,No,No,Yes,No,8.5,10.8,2,0,0,0,0,0,0,0,0,61,0,0,0,0,0,0,0,0,0,0,0,0,0,0,0,0,0,0,0,0,5943,2249,2084,127,2.5,239.5,250.4,227.8,227.0,226.9,226.9,0.0,0.0,0.0,0.0,0.0,0.0,4.18,4.41,3.97,3.97,4.42,4.42,0.91,0.01,4.09,0.08,0.00,0,0,0.0,0.0,20301,1800,5.5,4.8,0,
9.7.2026,23:43:16.240,27763,18231,60.3,20743,11938,63.4,0.7,13312,93,1.369,1.369,1.369,1.369,1.369,1.369,1.369,1.369,1.369,4093.2,4192.4,4192.4,4192.4,4192.4,4192.4,4192.4,4217.4,3373.9,99.8,803.2,2697.7,1478.4,1267.3,1675.3,605.2,1032.1,517.5,786.9,225.7,274.1,331.2,417.5,338.8,286.1,449.8,467.4,803.2,16.8,30.6,35.2,30.0,39.9,14.0,24.5,12.0,18.5,5.0,6.2,7.5,9.6,7.5,6.3,10.4,10.8,39.9,16.8,19.4,35.1,40.3,34.7,45.9,16.2,28.0,13.9,21.3,6.1,7.4,8.8,11.1,8.9,7.6,12.3,12.8,19.4,41.0,42.0,42.0,42.0,42.0,42.0,42.0,42.2,33.8,0.0,50.2,65.2,70.6,55.0,52.6,36.4,42.3,39.1,40.8,49.8,34.8,29.4,45.0,47.4,63.6,57.7,60.9,59.2,0.0,0.0,0.0,0.0,0.0,0.0,0.0,0.0,0.0,1197.8,12.00,16,16,16,39,55,661,1,68.5,65.2,61.2,58.9,61.2,62.6,59.5,58.9,57.0,57.5,57.0,57.9,55.3,55.6,55.0,46.8,44.9,1.381,1.025,1.381,8.412,9.245,8.418,44.684,30.049,3.025,4.329,5.023,3.089,2.820,1.994,2.252,2.193,2.499,11.578,9.517,21.095,30.070,1197.8,1197.8,4130.3,4149.7,4110.8,4191.9,34.2,14.0,49.6,68.6,47.7,No,No,No,1.284,0.018,4.0,46,95.0,100.0,No,No,91369,99120,31,99.0,No,No,3320,0.0,0.1,0.1,0.000,1.240,103668,123990,0.0,0.0,0.0,0.000,0.000,52,0,35.2,47.4,83.0,0.669,12.152,12.190,12.169,12.096,1133,18.725,7.086,9.258,1.231,17.060,11.915,5.143,0.336,9.258,9.384,1.452,5.827,220.000,240.000,210.0,101.2,555.0,210.0,600.0,27.0,27.0,0.0,0.0,27.5,1.6,6.4,0.0,0.0,0.0,33,Yes,No,No,No,No,Yes,No,8.5,10.8,2,0,0,0,0,0,0,0,0,61,0,0,0,0,0,0,0,0,0,0,0,0,0,0,0,0,0,0,0,0,5943,2249,2084,127,2.5,239.5,250.4,227.8,227.0,226.9,226.9,0.0,0.0,0.0,0.0,0.0,0.0,4.18,4.41,3.97,3.97,4.42,4.42,0.91,0.01,4.09,0.08,0.00,0,0,0.0,0.0,20301,1800,2.4,0.8,0,
9.7.2026,23:43:18.245,27765,18229,60.3,20751,11931,63.4,0.7,13312,93,1.056,1.056,1.056,1.056,1.056,1.056,1.056,1.056,1.056,4115.1,4242.3,4217.4,4217.4,4217.4,4217.4,3373.9,4217.4,4217.4,99.8,1074.4,2736.7,1534.7,1602.2,1465.9,1028.6,1154.5,846.3,966.5,546.6,555.5,786.4,799.6,689.8,633.3,916.9,926.8,1074.4,24.6,39.7,37.4,39.1,35.7,25.1,28.1,20.7,23.6,13.6,13.8,19.4,19.7,16.9,15.6,22.7,22.9,39.7,24.6,27.5,44.9,42.0,43.9,39.9,28.0,31.4,23.1,26.3,15.0,15.2,21.5,21.8,18.7,17.3,25.4,25.7,27.5,41.2,42.5,42.2,42.2,42.2,42.2,33.8,42.2,42.2,0.0,52.8,66.4,63.9,58.0,55.5,41.0,48.1,44.7,44.9,47.2,33.6,36.1,42.0,44.5,59.0,51.9,55.3,55.1,0.0,0.0,0.0,0.0,0.0,0.0,0.0,0.0,0.0,1197.8,12.00,16,16,16,39,55,661,1,75.5,63.8,62.2,60.0,61.8,61.8,60.7,59.7,58.3,59.5,58.3,60.1,55.7,55.9,55.5,47.5,45.4,1.381,1.031,1.381,10.043,9.269,10.046,46.466,32.170,3.414,4.453,4.540,3.572,3.211,2.473,3.071,2.724,3.270,13.711,9.554,23.265,32.236,1197.8,1197.8,4112.5,4129.7,4095.2,4198.1,36.6,16.7,51.6,67.2,50.0,No,No,No,0.978,0.038,4.2,46,95.0,100.0,No,No,91369,99120,31,99.0,No,No,3320,0.0,0.1,0.1,0.000,1.251,103668,123993,0.0,0.0,0.0,0.000,0.000,52,0,35.2,47.2,83.0,0.669,12.157,12.196,12.174,12.102,1130,18.635,7.021,9.146,1.171,17.007,11.920,5.081,0.336,9.146,9.377,1.302,5.721,220.000,240.000,210.0,101.2,555.0,210.0,600.0,26.0,27.0,0.0,0.0,27.5,1.7,6.9,0.0,0.0,0.0,33,Yes,No,No,No,No,Yes,No,8.4,10.8,2,0,0,0,0,0,0,0,0,61,0,0,0,0,0,0,0,0,0,0,0,0,0,0,0,0,0,0,0,0,5943,2249,2084,127,2.5,239.5,250.4,227.8,227.0,226.9,226.9,0.0,0.0,0.0,0.0,0.0,0.0,4.18,4.41,3.97,3.97,4.42,4.42,0.91,0.01,4.09,0.08,0.00,0,0,0.0,0.0,20301,1800,0.0,0.0,0,
9.7.2026,23:43:20.240,27856,18138,60.5,20785,11897,63.5,0.7,13312,93,1.377,1.344,1.381,1.381,1.381,1.381,1.381,1.381,1.381,4186.2,4142.5,4192.4,4192.4,4192.4,4192.4,4192.4,4192.4,4192.4,99.8,915.4,3055.0,1674.2,1830.3,1336.3,749.5,1136.6,649.1,832.3,212.0,241.9,501.1,527.8,350.9,392.0,685.9,472.0,915.4,19.6,39.1,39.9,43.7,31.8,17.7,27.2,15.4,19.8,5.1,5.8,11.3,12.6,8.2,9.3,16.5,10.6,43.7,19.6,22.4,44.8,45.8,50.3,36.4,20.1,30.9,17.5,22.5,5.6,6.4,13.4,14.1,9.1,10.5,18.8,12.8,22.4,41.9,41.5,42.0,42.0,42.0,42.0,42.0,42.0,42.0,0.0,56.5,73.5,74.4,61.5,58.2,41.1,49.3,45.8,48.5,43.5,26.5,25.6,38.5,41.8,58.9,50.7,54.2,51.5,0.0,0.0,0.0,0.0,0.0,0.0,0.0,0.0,0.0,1197.8,12.00,16,16,16,39,55,661,1,72.4,63.8,64.5,59.1,62.3,61.8,60.4,59.0,56.9,57.8,56.8,57.6,55.5,55.8,55.2,47.2,45.2,1.362,1.031,1.369,9.181,9.325,9.170,50.399,31.077,3.202,5.084,4.937,3.463,2.980,1.975,2.561,2.215,2.401,12.646,9.605,22.251,31.184,1197.8,1197.8,4146.9,4165.2,4128.6,4194.9,35.4,15.3,56.0,67.1,49.2,No,No,No,0.812,0.019,4.5,46,95.0,100.0,No,No,91369,99120,31,99.0,No,No,3320,0.0,0.2,0.2,0.000,2.362,103668,123997,0.0,0.0,0.0,0.000,0.000,52,0,35.2,47.3,83.0,0.669,12.155,12.194,12.172,12.100,1129,18.824,7.105,9.303,1.280,17.114,11.931,5.168,0.336,9.303,9.431,1.406,5.781,220.000,240.000,210.0,101.2,555.0,210.0,600.0,29.0,27.0,0.0,0.0,27.5,1.6,6.3,0.0,0.0,0.0,33,Yes,No,No,No,No,Yes,No,8.5,11.1,2,0,0,0,0,0,0,0,0,61,0,0,0,0,0,0,0,0,0,0,0,0,0,0,0,0,0,0,0,0,5943,2249,2084,126,2.5,239.5,250.4,227.8,227.0,226.9,226.9,0.0,0.0,0.0,0.0,0.0,0.0,4.18,4.41,3.97,3.97,4.42,4.42,0.91,0.01,4.09,0.08,0.00,0,0,0.0,0.0,20301,1800,0.5,0.4,0,
9.7.2026,23:43:22.238,27862,18131,60.5,20813,11869,63.6,0.7,13312,93,1.349,1.056,1.394,1.394,1.394,1.394,1.387,1.387,1.387,4217.4,4217.4,4217.4,4217.4,4217.4,4217.4,4217.4,4217.4,4217.4,99.8,757.8,2677.5,1364.0,1289.0,1334.9,659.1,898.2,617.1,637.6,236.0,235.5,400.2,387.9,267.3,294.8,360.6,465.8,757.8,15.5,29.2,31.9,30.4,31.5,15.0,21.0,14.1,14.6,5.2,5.1,9.7,8.7,5.6,6.5,8.1,11.4,31.9,15.5,18.1,33.9,37.0,35.1,36.3,17.7,24.3,16.6,17.1,6.4,6.3,10.7,10.3,6.9,7.9,9.8,12.8,18.1,42.2,42.2,42.2,42.2,42.2,42.2,42.2,42.2,42.2,0.0,49.5,64.4,64.8,55.3,53.1,36.2,43.0,39.3,40.2,50.5,35.6,35.2,44.7,46.9,63.8,57.0,60.7,59.8,0.0,0.0,0.0,0.0,0.0,0.0,0.0,0.0,0.0,1197.8,12.00,16,16,16,39,55,661,1,69.6,63.0,62.5,58.6,61.0,60.8,59.6,58.6,56.9,57.6,56.7,57.5,55.5,55.7,55.2,47.0,45.1,1.406,1.025,1.400,7.899,9.180,7.907,43.972,29.254,2.865,4.290,4.306,3.095,2.750,1.909,2.293,2.025,2.250,10.876,9.453,20.329,29.267,1197.8,1197.8,4140.9,4159.1,4122.7,4202.5,33.3,13.2,48.9,66.3,47.3,No,No,No,0.656,0.018,4.0,46,95.0,100.0,No,No,91369,99120,31,99.0,No,No,3320,0.0,0.3,0.3,0.046,1.544,103668,124000,0.0,0.0,0.0,0.000,0.000,52,0,35.2,47.2,83.0,0.669,12.155,12.194,12.172,12.100,1129,18.899,7.094,9.123,1.390,17.065,11.992,5.068,0.336,9.123,9.681,1.419,5.743,220.000,240.000,210.0,101.2,555.0,210.0,600.0,27.0,27.0,0.0,0.0,27.5,1.5,6.1,0.0,0.0,0.0,33,Yes,No,No,No,No,Yes,No,8.5,10.9,2,0,0,0,0,0,0,0,0,61,0,0,0,0,0,0,0,0,0,0,0,0,0,0,0,0,0,0,0,0,5943,2249,2084,126,2.5,239.5,250.4,227.8,227.0,226.9,226.9,0.0,0.0,0.0,0.0,0.0,0.0,4.18,4.41,3.97,3.97,4.42,4.42,0.91,0.01,4.09,0.08,0.00,0,0,0.0,0.0,20301,1800,3.2,1.9,0,
9.7.2026,23:43:24.247,27841,18153,60.5,20784,11898,63.5,0.7,13312,93,1.351,1.056,1.387,1.394,1.394,1.394,1.394,1.394,1.394,4036.5,3593.5,3393.9,4217.4,4217.4,4217.4,4217.4,4217.4,4217.4,99.8,567.3,2379.8,1082.5,1151.9,960.4,480.1,727.6,363.6,471.8,127.0,162.8,249.4,292.0,158.2,129.6,135.2,205.4,567.3,11.6,26.4,25.7,27.4,22.7,11.3,17.3,8.6,11.2,3.2,4.1,6.0,7.1,3.7,3.2,3.3,5.0,27.4,11.6,13.1,30.2,29.3,31.2,25.7,12.7,19.5,9.6,12.6,3.4,4.4,6.6,7.8,3.9,3.4,3.6,5.6,13.1,40.4,36.0,34.0,42.2,42.2,42.2,42.2,42.2,42.2,0.0,41.5,57.1,55.4,48.6,45.6,29.1,35.9,31.3,29.2,58.5,42.9,44.6,51.4,54.4,70.9,64.1,68.7,70.8,0.0,0.0,0.0,0.0,0.0,0.0,0.0,0.0,0.0,1197.8,12.00,16,16,16,39,55,661,1,66.6,59.8,61.5,56.8,59.0,58.5,57.9,56.8,55.7,55.9,55.4,55.5,54.7,54.9,54.5,48.2,45.2,1.394,1.031,1.400,6.327,9.045,6.320,36.478,26.844,2.410,3.607,3.575,2.728,2.335,1.655,1.950,1.721,1.706,8.766,9.306,18.072,26.955,1197.8,1197.8,4140.1,4165.1,4115.0,4236.4,30.6,10.5,40.5,63.0,45.3,No,No,No,0.438,0.021,3.3,46,95.0,100.0,No,No,91369,99120,31,99.0,No,No,3320,0.0,0.4,0.4,0.000,4.067,103668,124008,0.0,0.0,0.0,0.000,0.000,52,0,35.2,47.1,83.0,0.669,12.156,12.195,12.173,12.102,1133,18.726,7.050,8.991,1.305,16.981,11.969,4.995,0.336,8.991,9.639,1.606,5.689,220.000,240.000,210.0,101.2,555.0,210.0,600.0,27.0,27.0,0.0,0.0,27.5,1.5,6.1,0.0,0.0,0.0,33,Yes,No,No,No,No,Yes,No,8.5,11.1,2,0,0,0,0,0,0,0,0,61,0,0,0,0,0,0,0,0,0,0,0,0,0,0,0,0,0,0,0,0,5943,2249,2084,126,2.5,239.5,250.4,227.8,227.0,226.9,226.9,0.0,0.0,0.0,0.0,0.0,0.0,4.18,4.41,3.97,3.97,4.42,4.42,0.91,0.01,4.09,0.08,0.00,0,0,0.0,0.0,20301,1800,0.1,0.1,0,
9.7.2026,23:43:26.249,27838,18155,60.5,20781,11901,63.5,0.7,13312,93,1.387,1.387,1.387,1.387,1.387,1.387,1.387,1.387,1.387,4217.4,4217.4,4217.4,4217.4,4217.4,4217.4,4217.4,4217.4,4217.4,99.8,529.0,2277.8,1149.5,1161.2,960.0,506.2,683.8,342.9,387.2,75.7,74.2,191.1,198.6,126.6,107.0,82.8,139.9,529.0,10.3,19.8,27.0,27.3,22.3,11.7,16.0,7.9,8.9,1.8,1.8,4.5,4.7,2.8,2.5,2.0,3.4,27.3,10.3,11.8,22.9,31.2,31.5,25.6,13.4,18.3,9.0,10.2,2.0,2.0,5.0,5.2,3.1,2.8,2.2,3.8,11.8,42.2,42.2,42.2,42.2,42.2,42.2,42.2,42.2,42.2,0.0,39.1,54.4,54.0,48.1,44.9,25.0,32.5,28.6,25.1,60.9,45.6,46.0,51.9,55.1,75.0,67.5,71.4,74.9,0.0,0.0,0.0,0.0,0.0,0.0,0.0,0.0,0.0,1197.8,12.00,16,16,16,39,55,661,1,63.9,59.5,57.5,56.6,58.5,58.7,57.9,56.7,55.4,55.7,55.2,55.2,54.6,54.8,54.4,47.0,44.5,1.394,1.025,1.387,6.205,9.007,6.214,34.637,26.778,2.358,3.395,3.686,2.775,2.303,1.567,1.867,1.673,1.597,8.640,9.268,17.908,26.808,1197.8,1197.8,4160.2,4187.8,4132.6,4235.3,30.5,10.4,38.5,62.6,45.6,No,No,No,0.393,0.016,3.1,46,95.0,100.0,No,No,91369,99120,31,99.0,No,No,3320,0.0,0.1,0.1,0.024,0.221,103668,124008,0.0,0.0,0.0,0.000,0.000,52,0,35.1,47.2,83.0,0.669,12.153,12.191,12.170,12.099,1129,18.704,7.001,8.903,1.268,16.904,11.954,4.946,0.336,8.903,9.615,1.326,5.859,220.000,240.000,210.0,101.2,555.0,210.0,600.0,26.0,27.0,0.0,0.0,27.5,1.7,6.7,0.0,0.0,0.0,33,Yes,No,No,No,No,Yes,No,8.4,10.8,2,0,0,0,0,0,0,0,0,61,0,0,0,0,0,0,0,0,0,0,0,0,0,0,0,0,0,0,0,0,5943,2249,2084,126,2.5,239.5,250.4,227.8,227.0,226.9,226.9,0.0,0.0,0.0,0.0,0.0,0.0,4.18,4.41,3.97,3.97,4.42,4.42,0.91,0.01,4.09,0.08,0.00,0,0,0.0,0.0,20301,1800,3.5,2.7,0,
9.7.2026,23:43:28.248,27843,18151,60.5,20785,11897,63.5,0.7,13312,93,1.384,1.387,1.387,1.387,1.387,1.381,1.381,1.381,1.381,4217.4,4217.4,4217.4,4217.4,4217.4,4217.4,4217.4,4217.4,4217.4,99.8,558.4,2404.7,1173.0,1228.4,1013.4,482.2,734.2,362.8,431.2,121.5,91.9,198.2,188.4,118.4,87.8,159.6,138.4,558.4,10.8,23.4,27.3,28.6,23.3,10.9,16.9,8.1,9.7,2.8,2.1,4.5,4.2,2.4,1.9,3.6,3.1,28.6,10.8,12.6,27.4,31.8,33.3,27.1,12.7,19.7,9.6,11.4,3.3,2.4,5.2,4.9,2.9,2.3,4.3,3.7,12.6,42.2,42.2,42.2,42.2,42.2,42.2,42.2,42.2,42.2,0.0,40.6,57.3,56.7,49.2,46.3,26.1,33.3,29.0,26.9,59.4,42.7,43.3,50.8,53.7,73.9,66.7,71.0,73.1,0.0,0.0,0.0,0.0,0.0,0.0,0.0,0.0,0.0,1197.8,12.00,16,16,16,39,55,661,1,61.5,59.9,63.0,56.7,58.9,58.8,57.8,56.7,55.4,55.6,55.1,55.3,54.5,54.8,54.3,47.8,45.1,1.406,1.031,1.406,6.526,9.055,6.519,36.185,27.235,2.432,3.681,3.796,2.764,2.386,1.610,1.881,1.662,1.676,9.080,9.318,18.398,27.277,1197.8,1197.8,4167.0,4197.7,4136.3,4227.8,31.0,10.9,40.2,63.0,46.5,No,No,No,0.425,0.016,3.2,46,95.0,100.0,No,No,91369,99120,31,99.0,No,No,3320,0.0,0.1,0.1,0.000,0.153,103668,124009,0.0,0.0,0.0,0.000,0.000,52,0,35.2,47.2,83.0,0.669,12.156,12.194,12.173,12.100,1130,18.761,7.117,9.297,1.390,17.103,11.931,5.165,0.336,9.297,9.546,1.287,5.816,220.000,240.000,210.0,101.2,555.0,210.0,600.0,27.0,27.0,0.0,1.0,27.5,1.6,6.5,0.0,0.0,0.0,33,Yes,No,No,No,No,Yes,No,8.6,11.2,2,0,0,0,0,0,0,0,0,61,0,0,0,0,0,0,0,0,0,0,0,0,0,0,0,0,0,0,0,0,5943,2249,2084,126,2.5,239.5,250.4,227.8,227.0,226.9,226.9,0.0,0.0,0.0,0.0,0.0,0.0,4.18,4.41,3.97,3.97,4.42,4.42,0.91,0.01,4.09,0.08,0.00,0,0,0.0,0.0,20301,1800,0.1,0.0,0,
9.7.2026,23:43:30.248,27837,18157,60.5,20780,11901,63.5,0.7,13312,93,1.376,1.381,1.375,1.375,1.375,1.375,1.375,1.375,1.375,3682.1,4167.5,3593.5,3593.5,3593.5,3413.8,4267.3,3413.8,3413.8,99.8,663.7,2538.9,1237.8,1568.3,1038.7,627.0,878.2,456.0,503.1,99.1,93.3,248.7,255.1,223.5,168.7,302.3,380.1,663.7,14.0,30.6,29.4,37.4,24.8,14.8,20.9,10.8,11.8,2.6,2.4,5.9,6.1,5.2,4.1,7.4,9.3,37.4,14.0,15.8,35.1,33.6,42.9,28.0,16.8,23.7,12.1,13.4,2.6,2.5,6.5,6.7,5.8,4.5,8.2,10.4,15.8,36.9,41.8,36.0,36.0,36.0,34.2,42.8,34.2,34.2,0.0,45.3,60.9,65.0,53.3,48.7,28.4,37.5,33.9,34.3,54.7,39.1,35.0,46.7,51.3,71.6,62.5,66.1,65.7,0.0,0.0,0.0,0.0,0.0,0.0,0.0,0.0,0.0,1197.8,12.00,16,16,16,39,55,661,1,70.5,62.1,69.0,57.5,59.7,60.5,58.7,57.4,55.6,56.1,55.7,56.2,54.7,55.0,54.5,48.8,45.0,1.381,1.031,1.387,7.382,9.143,7.382,40.423,28.437,2.689,3.950,4.409,3.063,2.481,1.638,2.010,1.914,2.045,10.227,9.410,19.637,28.550,1197.8,1197.8,4164.1,4186.8,4141.5,4213.1,32.4,12.3,44.9,65.4,47.4,No,No,No,0.658,0.017,3.6,46,95.0,100.0,No,No,91369,99120,31,99.0,No,No,3320,0.0,0.1,0.1,0.000,0.105,103668,124009,0.0,0.0,0.0,0.000,0.000,52,0,35.1,47.1,83.0,0.669,12.160,12.200,12.176,12.104,1128,18.905,7.198,9.474,1.379,17.229,11.959,5.263,0.336,9.474,9.486,1.621,5.764,220.000,240.000,210.0,101.2,555.0,210.0,600.0,23.0,26.0,0.0,1.0,27.5,1.6,6.5,0.0,0.0,0.0,33,Yes,No,No,No,No,Yes,No,8.6,11.0,2,0,0,0,0,0,0,0,0,61,0,0,0,0,0,0,0,0,0,0,0,0,0,0,0,0,0,0,0,0,5943,2249,2084,126,2.5,239.5,250.4,227.8,227.0,226.9,226.9,0.0,0.0,0.0,0.0,0.0,0.0,4.18,4.41,3.97,3.97,4.42,4.42,0.91,0.01,4.09,0.08,0.00,0,0,0.0,0.0,20301,1800,0.5,0.4,0,
9.7.2026,23:43:32.240,27838,18155,60.5,20778,11904,63.5,0.7,13312,93,1.373,1.363,1.375,1.375,1.375,1.375,1.375,1.375,1.375,4117.6,3593.5,4192.4,4192.4,4192.4,4192.4,4192.4,4192.4,4192.4,99.8,875.9,2621.0,1202.4,1394.1,1312.0,1019.6,844.2,747.3,656.1,374.1,373.7,569.3,487.6,565.9,416.6,787.6,642.4,875.9,19.5,37.0,28.6,33.4,31.6,24.6,20.2,17.9,15.8,9.3,9.3,13.9,11.8,13.6,10.2,19.3,15.7,37.0,19.5,22.0,42.1,32.6,38.2,35.7,27.7,22.8,20.2,17.7,10.3,10.3,15.5,13.2,15.3,11.4,21.7,17.7,22.0,41.2,36.0,42.0,42.0,42.0,42.0,42.0,42.0,42.0,0.0,49.3,63.2,63.3,56.0,52.5,34.5,42.4,39.5,42.9,50.7,36.8,36.7,44.0,47.5,65.5,57.6,60.5,57.1,0.0,0.0,0.0,0.0,0.0,0.0,0.0,0.0,0.0,1197.8,12.00,16,16,16,39,55,661,1,68.5,63.4,66.5,58.8,60.4,60.0,59.7,58.4,57.0,57.9,57.3,59.3,55.1,55.3,54.9,47.5,45.3,1.362,1.031,1.369,8.967,9.178,8.966,43.947,30.701,3.154,4.255,4.123,3.449,2.960,2.164,2.582,2.486,3.215,12.332,9.455,21.786,30.730,1197.8,1197.8,4142.8,4161.6,4124.0,4193.9,34.9,14.9,48.8,66.7,48.7,No,No,No,0.837,0.043,3.9,46,95.0,100.0,No,No,91369,99120,31,99.0,No,No,3320,0.0,0.1,0.1,0.000,0.189,103668,124009,0.0,0.0,0.0,0.000,0.000,52,0,35.1,47.3,83.0,0.669,12.157,12.197,12.173,12.101,1131,18.911,7.125,9.231,1.390,17.188,12.053,5.128,0.336,9.231,9.688,1.288,5.721,220.000,240.000,210.0,101.2,555.0,210.0,600.0,28.0,26.0,0.0,2.0,27.5,1.7,6.7,0.0,0.0,0.0,33,Yes,No,No,No,No,Yes,No,8.6,11.2,2,0,0,0,0,0,0,0,0,61,0,0,0,0,0,0,0,0,0,0,0,0,0,0,0,0,0,0,0,0,5943,2249,2084,126,2.5,239.5,250.4,227.8,227.0,226.9,226.9,0.0,0.0,0.0,0.0,0.0,0.0,4.18,4.41,3.97,3.97,4.42,4.42,0.91,0.01,4.09,0.08,0.00,0,0,0.0,0.0,20301,1800,0.7,0.1,0,
9.7.2026,23:43:34.238,27844,18150,60.5,20782,11900,63.5,0.7,13312,93,1.309,1.387,1.394,1.394,1.394,1.394,1.394,1.056,1.056,3538.6,3593.5,3593.5,3593.5,3593.5,3593.5,3593.5,3373.9,3373.9,99.8,597.5,2501.7,952.2,1208.2,1202.2,804.1,624.3,473.9,415.8,114.6,99.3,278.6,234.3,197.5,147.8,112.1,193.6,597.5,12.0,31.9,21.9,28.2,28.3,18.5,14.1,10.7,9.2,2.3,1.9,6.1,5.0,4.1,3.0,2.2,4.2,31.9,12.0,14.1,37.1,25.6,32.9,32.6,21.6,16.6,12.6,10.9,3.0,2.6,7.5,6.1,5.1,3.9,3.0,5.2,14.2,35.5,36.0,36.0,36.0,36.0,36.0,36.0,33.8,33.8,0.0,43.7,59.9,61.1,52.7,48.8,28.2,37.0,32.4,29.0,56.3,40.1,38.9,47.3,51.2,71.8,63.0,67.6,71.0,0.0,0.0,0.0,0.0,0.0,0.0,0.0,0.0,0.0,1197.8,12.00,16,16,16,39,55,661,1,66.0,60.9,62.8,57.5,59.7,59.7,58.8,57.5,56.0,56.4,55.8,55.9,55.1,55.4,54.8,47.8,45.4,1.394,1.031,1.400,6.739,9.061,6.748,38.763,27.509,2.566,3.844,4.024,2.972,2.470,1.654,2.018,1.805,1.741,9.319,9.326,18.644,27.563,1197.8,1197.8,4156.0,4179.5,4132.5,4220.0,31.3,11.2,43.1,64.1,45.2,No,No,No,0.494,0.019,3.5,46,95.0,100.0,No,No,91369,99120,31,99.0,No,No,3320,0.0,0.3,0.3,0.000,2.925,103668,124015,0.0,0.0,0.0,0.000,0.000,52,0,35.2,47.3,83.0,0.669,12.159,12.199,12.175,12.104,1131,18.751,7.083,9.196,1.281,17.118,12.007,5.109,0.336,9.196,9.556,1.288,5.737,220.000,240.000,210.0,101.2,555.0,210.0,600.0,24.0,25.0,0.0,0.0,27.5,1.8,7.3,0.0,0.0,0.0,33,Yes,No,No,No,No,Yes,No,8.5,11.1,2,0,0,0,0,0,0,0,0,61,0,0,0,0,0,0,0,0,0,0,0,0,0,0,0,0,0,0,0,0,5943,2249,2084,126,2.5,239.5,250.4,227.8,227.0,226.9,226.9,0.0,0.0,0.0,0.0,0.0,0.0,4.18,4.41,3.97,3.97,4.42,4.42,0.91,0.01,4.09,0.08,0.00,0,0,0.0,0.0,20301,1800,0.0,0.0,0,
9.7.2026,23:43:36.240,27841,18152,60.5,20781,11901,63.5,0.7,13312,93,1.387,1.387,1.387,1.387,1.387,1.387,1.387,1.387,1.387,4136.3,3593.5,4217.4,4217.4,4192.4,4217.4,4217.4,4217.4,4217.4,99.8,516.9,2285.9,817.9,877.5,1127.7,692.8,534.9,374.8,370.1,77.6,77.4,195.2,169.6,131.7,100.4,212.9,223.3,516.9,11.0,30.9,19.4,21.0,27.5,16.7,12.8,9.0,8.8,2.1,2.1,4.8,4.2,3.1,2.5,5.3,5.5,30.9,11.0,12.2,35.0,21.9,23.7,30.4,18.6,14.1,9.9,9.7,2.0,2.0,5.1,4.4,3.2,2.6,5.8,6.1,12.2,41.4,36.0,42.2,42.2,42.0,42.2,42.2,42.2,42.2,0.0,40.0,55.0,53.4,48.4,45.0,25.9,33.4,29.7,28.9,60.0,45.0,46.6,51.6,55.0,74.1,66.6,70.3,71.1,0.0,0.0,0.0,0.0,0.0,0.0,0.0,0.0,0.0,1197.8,12.00,16,16,16,39,55,661,1,63.5,59.4,68.2,56.5,58.4,58.2,57.7,56.3,55.2,55.5,55.1,55.3,54.5,54.7,54.3,48.2,45.0,1.394,1.031,1.394,5.937,9.043,5.930,34.960,26.345,2.332,3.535,3.476,2.725,2.239,1.535,1.795,1.636,1.715,8.210,9.303,17.513,26.392,1197.8,1197.8,4136.2,4159.1,4113.4,4243.3,30.0,9.9,38.8,62.5,43.8,No,No,No,0.420,0.011,3.2,46,95.0,100.0,No,No,91369,99120,31,99.0,No,No,3320,0.0,0.1,0.1,0.000,0.577,103668,124016,0.0,0.0,0.0,0.000,0.000,52,0,35.1,47.3,83.0,0.669,12.162,12.203,12.178,12.107,1132,18.924,7.097,9.281,1.330,17.122,11.962,5.156,0.336,9.281,9.526,1.288,5.692,220.000,240.000,210.0,101.2,555.0,210.0,600.0,24.0,25.0,0.0,0.0,27.5,1.5,6.1,0.0,0.0,0.0,33,Yes,No,No,No,No,Yes,No,8.5,11.0,2,0,0,0,0,0,0,0,0,61,0,0,0,0,0,0,0,0,0,0,0,0,0,0,0,0,0,0,0,0,5943,2249,2084,126,2.5,239.5,250.4,227.8,227.0,226.9,226.9,0.0,0.0,0.0,0.0,0.0,0.0,4.18,4.41,3.97,3.97,4.42,4.42,0.91,0.01,4.09,0.08,0.00,0,0,0.0,0.0,20301,1800,0.4,0.4,0,
9.7.2026,23:43:38.238,27844,18150,60.5,20784,11898,63.5,0.7,13312,93,1.389,1.400,1.387,1.387,1.387,1.387,1.387,1.387,1.387,4217.4,4217.4,4217.4,4217.4,4217.4,4217.4,4217.4,4217.4,4217.4,99.8,504.3,2267.0,775.7,903.2,1124.9,648.4,567.6,394.2,379.2,89.3,79.9,201.7,187.4,140.6,97.2,86.5,125.6,504.3,10.3,30.8,18.0,21.3,27.1,15.3,13.2,9.1,8.6,1.9,1.7,4.5,4.2,2.9,2.0,1.8,2.8,30.8,10.3,11.9,35.3,20.7,24.4,30.4,17.4,15.1,10.4,9.9,2.4,2.1,5.3,4.9,3.5,2.5,2.3,3.4,11.9,42.2,42.2,42.2,42.2,42.2,42.2,42.2,42.2,42.2,0.0,39.3,54.5,53.6,47.5,44.8,25.9,33.2,29.8,25.3,60.7,45.5,46.4,52.5,55.2,74.1,66.8,70.2,74.7,0.0,0.0,0.0,0.0,0.0,0.0,0.0,0.0,0.0,1197.8,12.00,16,16,16,39,55,661,1,73.2,59.1,58.5,56.2,58.3,57.9,57.3,56.2,55.1,55.2,54.9,54.8,54.3,54.5,54.1,47.8,45.2,1.400,1.038,1.394,5.872,9.039,5.876,34.360,26.253,2.292,3.516,3.335,2.654,2.258,1.550,1.813,1.649,1.560,8.124,9.299,17.423,26.315,1197.8,1197.8,4134.5,4159.1,4109.9,4247.1,29.9,9.8,38.2,62.2,44.1,No,No,No,0.419,0.016,3.1,45,95.0,100.0,No,No,91369,99120,31,99.0,No,No,3320,0.0,0.0,0.0,0.000,0.114,103668,124016,0.0,0.0,0.0,0.000,0.000,52,0,35.1,47.4,83.0,0.669,12.164,12.204,12.179,12.108,1131,18.814,7.201,9.639,1.403,17.282,11.926,5.355,0.336,9.639,9.398,1.291,5.743,220.000,240.000,210.0,101.2,555.0,210.0,600.0,25.0,25.0,0.0,0.0,27.5,1.6,6.3,0.0,0.0,0.0,33,Yes,No,No,No,No,Yes,No,8.7,11.1,2,0,0,0,0,0,0,0,0,61,0,0,0,0,0,0,0,0,0,0,0,0,0,0,0,0,0,0,0,0,5943,2249,2084,126,2.5,239.5,250.4,227.8,227.0,226.9,226.9,0.0,0.0,0.0,0.0,0.0,0.0,4.18,4.41,3.97,3.97,4.42,4.42,0.91,0.01,4.09,0.08,0.00,0,0,0.0,0.0,20301,1800,0.0,0.0,0,
9.7.2026,23:43:40.234,27841,18153,60.5,20778,11903,63.5,0.7,13312,93,1.387,1.381,1.387,1.387,1.387,1.387,1.387,1.387,1.387,3607.2,4242.3,3413.8,3413.8,3413.8,3593.5,3593.5,3593.5,3593.5,99.8,600.3,2423.6,1028.7,1037.2,1091.7,691.7,574.8,447.1,368.5,115.9,136.5,281.1,261.4,175.7,155.7,303.1,512.7,600.3,12.7,30.9,24.4,24.7,26.4,16.7,13.7,10.7,8.8,2.9,3.4,6.8,6.3,4.1,3.8,7.3,12.4,30.9,12.7,14.2,35.1,27.8,28.1,29.5,18.6,15.3,11.9,9.7,3.1,3.6,7.5,6.9,4.4,4.1,8.2,14.1,14.2,36.1,42.5,34.2,34.2,34.2,36.0,36.0,36.0,36.0,0.0,43.8,58.4,57.2,49.4,46.3,31.0,37.2,33.7,37.1,56.2,41.6,42.8,50.6,53.7,69.0,62.8,66.3,62.9,0.0,0.0,0.0,0.0,0.0,0.0,0.0,0.0,0.0,1197.8,12.00,16,16,16,39,55,661,1,70.1,60.2,62.0,56.8,58.9,58.6,57.7,56.5,55.5,55.9,55.2,55.9,54.5,54.7,54.3,47.5,44.9,1.419,1.031,1.406,6.596,9.129,6.599,38.479,27.363,2.491,3.798,3.663,2.726,2.303,1.667,1.987,1.767,2.016,9.119,9.394,18.513,27.414,1197.8,1197.8,4139.9,4158.1,4121.7,4231.9,31.2,11.0,42.8,63.4,45.6,No,No,No,0.462,0.017,3.5,46,95.0,100.0,No,No,91369,99120,31,99.0,No,No,3320,0.0,0.1,0.1,0.000,0.189,103668,124016,0.0,0.0,0.0,0.000,0.000,52,0,35.1,47.2,83.0,0.669,12.162,12.202,12.178,12.107,1131,18.766,7.082,9.346,1.281,17.086,11.889,5.192,0.336,9.346,9.361,1.287,5.700,220.000,240.000,210.0,101.2,555.0,210.0,600.0,24.0,25.0,0.0,0.0,27.5,1.5,6.0,0.0,0.0,0.0,33,Yes,No,No,No,No,Yes,No,8.5,11.1,2,0,0,0,0,0,0,0,0,61,0,0,0,0,0,0,0,0,0,0,0,0,0,0,0,0,0,0,0,0,5943,2249,2084,126,2.5,239.5,250.4,227.8,227.0,226.9,226.9,0.0,0.0,0.0,0.0,0.0,0.0,4.18,4.41,3.97,3.97,4.42,4.42,0.91,0.01,4.09,0.08,0.00,0,0,0.0,0.0,20301,1800,0.4,0.5,0,
9.7.2026,23:43:42.247,27838,18156,60.5,20777,11905,63.5,0.7,13312,93,1.394,1.394,1.394,1.394,1.394,1.394,1.394,1.394,1.394,3671.5,4217.4,3593.5,3593.5,3593.5,3593.5,3593.5,3593.5,3593.5,99.8,522.0,2211.6,803.7,1031.0,1020.7,698.1,527.2,466.2,395.2,92.5,90.5,242.9,218.1,166.9,131.3,120.1,136.9,522.0,11.1,29.0,19.1,24.7,24.7,16.8,12.6,11.3,9.5,2.5,2.4,6.1,5.4,4.0,3.3,3.1,3.5,29.0,11.1,12.3,32.8,21.5,28.0,27.5,18.8,14.0,12.5,10.4,2.4,2.3,6.4,5.7,4.2,3.4,3.2,3.7,12.3,36.8,42.2,36.0,36.0,36.0,36.0,36.0,36.0,36.0,0.0,40.2,53.2,54.4,47.1,44.6,28.2,34.4,31.5,27.9,59.8,46.8,45.6,52.9,55.4,71.8,65.6,68.5,72.1,0.0,0.0,0.0,0.0,0.0,0.0,0.0,0.0,0.0,1197.8,12.00,16,16,16,39,55,661,1,67.2,59.2,60.8,56.3,58.0,58.2,57.4,56.4,55.1,55.4,55.0,55.1,54.3,54.5,54.1,47.5,45.3,1.400,1.038,1.394,5.979,9.049,5.977,35.143,26.397,2.342,3.338,3.545,2.674,2.331,1.580,1.896,1.725,1.645,8.274,9.310,17.584,26.466,1197.8,1197.8,4135.0,4162.0,4108.0,4245.0,30.1,10.0,39.0,62.3,44.0,No,No,No,0.407,0.016,3.2,46,95.0,100.0,No,No,91369,99120,31,99.0,No,No,3320,0.0,0.0,0.0,0.000,0.036,103668,124017,0.0,0.0,0.0,0.000,0.000,52,0,35.1,47.2,83.0,0.669,12.164,12.205,12.180,12.109,1129,18.704,7.122,9.252,1.330,17.076,11.927,5.140,0.336,9.252,9.493,1.624,5.789,220.000,240.000,210.0,101.2,555.0,210.0,600.0,24.0,26.0,0.0,0.0,27.5,1.6,6.4,0.0,0.0,0.0,33,Yes,No,No,No,No,Yes,No,8.5,11.0,2,0,0,0,0,0,0,0,0,61,0,0,0,0,0,0,0,0,0,0,0,0,0,0,0,0,0,0,0,0,5943,2249,2084,126,2.5,239.5,250.4,227.8,227.0,226.9,226.9,0.0,0.0,0.0,0.0,0.0,0.0,4.18,4.41,3.97,3.97,4.42,4.42,0.91,0.01,4.09,0.08,0.00,0,0,0.0,0.0,20301,1800,1.1,0.8,0,
9.7.2026,23:43:44.248,27815,18179,60.4,20754,11927,63.5,0.7,13312,93,1.400,1.406,1.406,1.406,1.406,1.406,1.406,1.381,1.381,4220.5,4242.3,4217.4,4217.4,4217.4,4217.4,4217.4,4217.4,4217.4,99.8,575.9,2253.5,896.5,1123.4,1031.5,696.9,538.0,496.2,379.7,117.0,116.5,283.4,272.1,250.7,171.6,165.4,421.4,575.9,11.9,28.0,21.0,26.6,24.6,16.5,12.5,11.7,8.7,2.6,2.6,6.6,6.3,5.6,3.8,3.7,10.0,28.0,11.9,13.7,32.0,24.1,30.6,27.8,18.8,14.3,13.3,10.0,3.1,3.0,7.5,7.2,6.5,4.5,4.4,11.6,13.7,42.3,42.5,42.2,42.2,42.2,42.2,42.2,42.2,42.2,0.0,41.9,54.2,55.1,47.5,45.2,30.5,35.8,33.6,33.1,58.1,45.8,44.9,52.5,54.8,69.5,64.2,66.4,66.9,0.0,0.0,0.0,0.0,0.0,0.0,0.0,0.0,0.0,1197.8,12.00,16,16,16,39,55,661,1,64.9,59.9,61.0,56.6,58.4,58.5,57.5,56.5,55.3,55.9,55.2,55.7,54.4,54.6,54.2,49.0,45.4,1.400,1.038,1.394,6.344,9.093,6.349,36.640,26.981,2.432,3.478,3.639,2.650,2.330,1.641,1.989,1.810,1.921,8.783,9.355,18.137,27.036,1197.8,1197.8,4132.4,4156.2,4108.6,4243.0,30.7,10.6,40.7,63.0,45.0,No,No,No,0.451,0.016,3.4,46,95.0,100.0,No,No,91369,99120,31,99.0,No,No,3320,0.0,0.1,0.1,0.000,0.249,103668,124017,0.0,0.0,0.0,0.000,0.000,52,0,35.1,47.3,83.0,0.669,12.161,12.201,12.176,12.105,1132,18.877,7.073,9.213,1.306,17.035,11.911,5.118,0.336,9.213,9.473,1.299,5.832,220.000,240.000,210.0,101.2,555.0,210.0,600.0,24.0,25.0,0.0,0.0,27.5,1.6,6.3,0.0,0.0,0.0,33,Yes,No,No,No,No,Yes,No,8.5,10.9,2,0,0,0,0,0,0,0,0,61,0,0,0,0,0,0,0,0,0,0,0,0,0,0,0,0,0,0,0,0,5943,2249,2084,126,2.5,239.5,250.4,227.8,227.0,226.9,226.9,0.0,0.0,0.0,0.0,0.0,0.0,4.18,4.41,3.97,3.97,4.42,4.42,0.91,0.01,4.09,0.08,0.00,0,0,0.0,0.0,20301,1800,0.5,0.0,0,
9.7.2026,23:43:46.245,27817,18177,60.4,20753,11929,63.4,0.7,13312,93,1.384,1.394,1.381,1.381,1.381,1.381,1.381,1.381,1.394,3679.0,4217.4,3413.8,3413.8,3413.8,3593.5,3593.5,3593.5,4192.4,99.8,541.6,2321.8,864.0,917.5,1066.3,756.1,554.2,418.0,330.6,125.0,135.1,233.0,205.7,244.7,182.2,126.4,185.0,541.6,11.3,30.6,20.2,21.8,25.4,18.0,13.0,10.0,7.7,3.1,3.3,5.6,4.9,5.7,4.4,3.1,4.5,30.6,11.3,12.8,35.0,23.1,24.8,28.8,20.4,14.7,11.2,8.6,3.3,3.6,6.2,5.4,6.4,4.9,3.4,5.0,12.8,36.9,42.2,34.2,34.2,34.2,36.0,36.0,36.0,42.0,0.0,40.8,55.8,54.0,49.6,44.8,27.8,33.9,32.7,27.4,59.2,44.2,46.0,50.4,55.2,72.2,66.1,67.3,72.6,0.0,0.0,0.0,0.0,0.0,0.0,0.0,0.0,0.0,1197.8,12.00,16,16,16,39,55,661,1,63.1,60.7,62.2,56.8,59.0,57.9,58.4,56.3,55.8,55.7,56.0,55.6,54.4,54.6,54.2,47.2,44.8,1.406,1.031,1.400,6.527,9.015,6.522,35.935,27.131,2.476,3.681,3.400,2.945,2.269,1.743,1.935,2.037,1.795,9.056,9.277,18.333,27.211,1197.8,1197.8,4143.2,4167.2,4119.3,4232.9,30.9,10.9,39.9,63.9,45.5,No,No,No,0.384,0.016,3.3,46,95.0,100.0,No,No,91369,99120,31,99.0,No,No,3320,0.0,0.1,0.1,0.000,0.111,103668,124017,0.0,0.0,0.0,0.000,0.000,52,0,35.1,47.2,83.0,0.669,12.160,12.200,12.176,12.105,1130,18.814,7.077,9.115,1.403,16.961,11.899,5.064,0.336,9.115,9.602,1.350,5.921,220.000,240.000,210.0,101.2,555.0,210.0,600.0,24.0,25.0,0.0,0.0,27.5,1.5,6.1,0.0,0.0,0.0,33,Yes,No,No,No,No,Yes,No,8.5,11.2,2,0,0,0,0,0,0,0,0,61,0,0,0,0,0,0,0,0,0,0,0,0,0,0,0,0,0,0,0,0,5943,2249,2084,126,2.5,239.5,250.4,227.8,227.0,226.9,226.9,0.0,0.0,0.0,0.0,0.0,0.0,4.18,4.41,3.97,3.97,4.42,4.42,0.91,0.01,4.09,0.08,0.00,0,0,0.0,0.0,20301,1800,0.8,2.3,0,
9.7.2026,23:43:48.246,27824,18170,60.4,20767,11915,63.5,0.7,13312,93,1.378,1.375,1.381,1.369,1.381,1.381,1.381,1.381,1.375,4201.8,4217.4,4192.4,4217.4,4217.4,4217.4,4217.4,4167.5,4167.5,99.8,1198.3,2875.8,1486.4,1757.5,1591.7,1384.2,1215.2,1103.3,1073.1,708.2,693.0,897.2,876.1,744.5,681.3,1019.7,1065.1,1198.3,27.3,43.9,35.5,42.3,38.0,33.2,29.2,26.4,25.8,17.3,16.9,21.7,21.2,17.9,16.5,25.1,26.2,43.9,27.3,31.1,50.2,40.5,48.3,43.4,37.8,33.2,30.0,29.3,19.5,19.1,24.6,23.9,20.3,18.7,28.3,29.6,31.1,42.1,42.2,42.0,42.2,42.2,42.2,42.2,41.8,41.8,0.0,56.0,69.5,69.2,62.8,60.2,43.6,50.4,45.9,46.7,44.0,30.5,30.8,37.2,39.8,56.4,49.6,54.1,53.3,0.0,0.0,0.0,0.0,0.0,0.0,0.0,0.0,0.0,1197.8,12.00,16,16,16,39,55,661,1,80.6,64.9,64.0,60.6,62.5,62.2,61.6,60.7,58.8,60.1,58.4,60.9,55.8,56.0,55.6,47.8,45.1,1.388,1.031,1.387,11.149,9.349,11.142,49.945,33.762,3.690,4.821,4.723,4.046,3.739,2.723,3.206,2.739,3.520,15.236,9.640,24.876,33.845,1197.8,1197.8,4131.8,4152.6,4111.0,4181.8,38.5,18.6,55.5,68.3,51.5,No,No,No,1.109,0.044,4.5,46,95.0,100.0,No,No,91369,99120,31,99.0,No,No,3320,0.0,0.2,0.2,0.000,0.693,103668,124019,0.0,0.0,0.0,0.000,0.000,52,0,35.1,47.1,83.0,0.669,12.161,12.201,12.177,12.106,1131,19.093,7.178,9.461,1.379,17.169,11.900,5.256,0.336,9.461,9.437,1.490,5.894,220.000,240.000,210.0,101.2,555.0,210.0,600.0,24.0,26.0,0.0,1.0,27.5,1.8,7.4,0.0,0.0,0.0,33,Yes,No,No,No,No,Yes,No,8.6,11.2,2,0,0,0,0,0,0,0,0,61,0,0,0,0,0,0,0,0,0,0,0,0,0,0,0,0,0,0,0,0,5943,2249,2084,126,2.5,239.5,250.4,227.8,227.0,226.9,226.9,0.0,0.0,0.0,0.0,0.0,0.0,4.18,4.41,3.97,3.97,4.42,4.42,0.91,0.01,4.09,0.08,0.00,0,0,0.0,0.0,20301,1800,2.0,0.1,0,
9.7.2026,23:43:50.245,27894,18099,60.6,20789,11893,63.6,0.7,13312,93,1.362,1.356,1.363,1.363,1.363,1.363,1.363,1.363,1.363,4167.5,4167.5,4167.5,4167.5,4167.5,4167.5,4167.5,4167.5,4167.5,99.8,897.9,3072.3,1248.8,1811.5,1308.4,1254.7,801.6,868.9,611.5,244.3,253.4,563.8,382.9,424.2,308.0,610.2,602.1,897.9,19.5,44.0,29.4,43.2,31.0,29.7,18.9,20.7,14.3,5.9,6.1,13.3,9.0,9.9,7.3,14.7,14.5,44.0,19.5,22.3,50.8,33.9,49.8,35.7,34.2,21.6,23.7,16.3,6.5,6.8,15.2,10.2,11.2,8.2,16.7,16.5,22.3,41.8,41.8,41.8,41.8,41.8,41.8,41.8,41.8,41.8,0.0,57.1,73.6,74.9,64.7,60.7,41.1,49.5,44.9,47.4,42.9,26.4,25.1,35.3,39.3,58.9,50.5,55.1,52.6,0.0,0.0,0.0,0.0,0.0,0.0,0.0,0.0,0.0,1197.8,12.00,16,16,16,39,55,661,1,77.5,63.4,64.8,58.9,61.6,61.5,60.2,59.1,56.8,57.5,56.7,57.4,55.4,55.7,55.1,47.0,45.1,1.375,1.019,1.381,9.098,9.350,9.100,51.174,31.049,3.183,4.807,4.933,3.573,3.095,1.978,2.462,2.203,2.412,12.543,9.629,22.172,31.122,1197.8,1197.8,4166.4,4178.1,4154.7,4191.7,35.4,15.2,56.9,66.8,49.0,No,No,No,0.774,0.020,4.6,46,95.0,100.0,No,No,91369,99120,31,99.0,No,No,3320,0.0,0.4,0.4,0.000,3.620,103668,124025,0.0,0.0,0.0,0.000,0.000,52,0,35.0,47.2,83.0,0.669,12.158,12.197,12.175,12.103,1130,18.824,7.134,9.429,1.317,17.179,11.934,5.238,0.336,9.429,9.418,1.328,5.735,220.000,240.000,210.0,101.2,555.0,210.0,600.0,23.0,25.0,0.0,0.0,27.5,1.5,6.1,0.0,0.0,0.0,33,Yes,No,No,No,No,Yes,No,8.6,10.9,2,0,0,0,0,0,0,0,0,61,0,0,0,0,0,0,0,0,0,0,0,0,0,0,0,0,0,0,0,0,5943,2249,2084,126,2.5,239.5,250.4,227.8,227.0,226.9,226.9,0.0,0.0,0.0,0.0,0.0,0.0,4.18,4.41,3.97,3.97,4.42,4.42,0.91,0.01,4.09,0.08,0.00,0,0,0.0,0.0,20301,1800,42.9,4.5,0,
9.7.2026,23:43:52.247,27804,18190,60.4,20751,11931,63.4,0.7,13312,93,1.387,1.387,1.387,1.387,1.387,1.387,1.387,1.387,1.387,4112.0,4217.4,4217.4,4217.4,4217.4,3373.9,4217.4,4217.4,4217.4,99.8,669.1,2578.9,1161.2,1226.3,1191.2,766.0,637.2,537.7,473.6,118.6,237.0,302.7,286.1,271.2,155.7,379.9,382.3,669.1,13.7,30.4,27.1,28.9,28.1,17.8,14.7,12.3,10.8,2.6,5.5,6.9,6.5,6.0,3.4,8.9,9.0,30.4,13.7,15.9,35.1,31.4,33.4,32.2,20.6,17.0,14.4,12.6,3.1,6.5,8.1,7.6,7.1,4.1,10.4,10.5,15.9,41.2,42.2,42.2,42.2,42.2,33.8,42.2,42.2,42.2,0.0,46.6,61.8,62.1,53.7,51.0,32.5,39.3,35.1,36.9,53.4,38.2,37.9,46.3,49.0,67.5,60.7,64.9,63.1,0.0,0.0,0.0,0.0,0.0,0.0,0.0,0.0,0.0,1197.8,12.00,16,16,16,39,55,661,1,74.4,61.7,60.5,57.9,60.0,59.9,59.0,57.9,56.5,56.8,56.1,57.0,55.2,55.4,54.9,48.0,45.1,1.394,1.031,1.387,7.287,9.145,7.290,41.547,28.348,2.694,3.945,4.079,2.983,2.583,1.830,2.091,1.860,2.178,10.057,9.413,19.469,28.388,1197.8,1197.8,4155.8,4176.3,4135.3,4204.0,32.3,12.1,46.2,64.9,46.5,No,No,No,0.578,0.017,3.7,46,95.0,100.0,No,No,91369,99120,31,99.0,No,No,3320,0.0,0.1,0.1,0.000,0.458,103668,124026,0.0,0.0,0.0,0.000,0.000,52,0,35.1,47.2,83.0,0.669,12.168,12.207,12.184,12.113,1130,18.990,7.157,9.448,1.379,17.203,11.955,5.249,0.336,9.448,9.492,1.331,5.729,220.000,240.000,210.0,101.2,555.0,210.0,600.0,23.0,25.0,0.0,0.0,27.5,1.7,6.7,0.0,0.0,0.0,33,Yes,No,No,No,No,Yes,No,8.6,10.8,2,0,0,0,0,0,0,0,0,61,0,0,0,0,0,0,0,0,0,0,0,0,0,0,0,0,0,0,0,0,5943,2249,2084,126,2.5,239.5,250.4,227.8,227.0,226.9,226.9,0.0,0.0,0.0,0.0,0.0,0.0,4.18,4.41,3.97,3.97,4.42,4.42,0.91,0.01,4.09,0.08,0.00,0,0,0.0,0.0,20301,1800,3.7,2.9,0,
9.7.2026,23:43:54.234,27803,18191,60.4,20751,11931,63.4,0.7,13312,93,1.348,1.056,1.406,1.381,1.387,1.387,1.387,1.387,1.387,4217.4,4217.4,4217.4,4217.4,4217.4,4217.4,4217.4,4217.4,4217.4,99.8,517.2,2242.1,1105.0,1001.3,1036.8,491.8,657.3,326.8,405.1,75.0,77.9,174.9,184.0,116.3,97.9,112.0,170.4,517.2,10.1,19.6,26.3,23.8,24.7,11.4,15.6,7.5,9.3,1.7,1.8,4.0,4.3,2.4,2.2,2.6,4.0,26.3,10.1,11.5,22.6,30.0,27.0,27.7,13.0,17.5,8.6,10.7,2.0,2.1,4.6,4.8,2.8,2.6,3.0,4.6,11.5,42.2,42.2,42.2,42.2,42.2,42.2,42.2,42.2,42.2,0.0,38.5,53.9,52.3,47.4,44.6,24.3,32.4,27.9,25.6,61.5,46.1,47.7,52.6,55.4,75.7,67.6,72.1,74.4,0.0,0.0,0.0,0.0,0.0,0.0,0.0,0.0,0.0,1197.8,12.00,16,16,16,39,55,661,1,71.2,59.2,62.0,56.5,58.3,58.2,57.6,56.6,55.2,55.5,55.0,55.2,54.5,54.7,54.3,47.8,45.3,1.406,1.031,1.400,5.896,9.010,5.898,33.982,26.290,2.299,3.308,3.548,2.660,2.271,1.541,1.795,1.622,1.644,8.165,9.269,17.435,26.323,1197.8,1197.8,4152.0,4175.7,4128.2,4239.2,29.9,9.8,37.8,62.3,44.2,No,No,No,0.395,0.011,3.1,46,95.0,100.0,No,No,91369,99120,31,99.0,No,No,3320,0.0,0.1,0.1,0.000,0.245,103668,124027,0.0,0.0,0.0,0.000,0.000,52,0,35.1,47.3,83.0,0.669,12.166,12.206,12.182,12.111,1132,18.873,7.149,9.520,1.355,17.128,11.833,5.289,0.336,9.520,9.308,1.469,5.729,220.000,240.000,210.0,101.2,555.0,210.0,600.0,24.0,25.0,0.0,0.0,27.5,1.6,6.4,0.0,0.0,0.0,33,Yes,No,No,No,No,Yes,No,8.6,11.0,2,0,0,0,0,0,0,0,0,61,0,0,0,0,0,0,0,0,0,0,0,0,0,0,0,0,0,0,0,0,5943,2249,2084,126,2.5,239.5,250.4,227.8,227.0,226.9,226.9,0.0,0.0,0.0,0.0,0.0,0.0,4.18,4.41,3.97,3.97,4.42,4.42,0.91,0.01,4.09,0.08,0.00,0,0,0.0,0.0,20301,1800,0.7,0.0,0,
9.7.2026,23:43:56.238,27804,18189,60.4,20754,11928,63.5,0.7,13312,93,1.387,1.381,1.387,1.387,1.387,1.387,1.387,1.387,1.387,4217.4,4217.4,4217.4,4217.4,4217.4,4217.4,4217.4,4217.4,4217.4,99.8,576.8,2464.1,1405.0,1036.3,1077.6,505.1,733.1,368.6,431.1,84.1,77.8,231.2,220.4,135.2,105.4,211.2,143.5,576.8,11.2,20.7,33.4,24.4,25.4,11.6,17.4,8.4,9.9,1.9,1.8,5.3,5.1,2.8,2.4,4.9,3.3,33.4,11.2,12.8,24.0,38.4,27.9,28.9,13.3,19.8,9.7,11.4,2.2,2.0,6.1,5.8,3.3,2.7,5.7,3.9,12.8,42.2,42.2,42.2,42.2,42.2,42.2,42.2,42.2,42.2,0.0,41.1,59.0,55.0,49.4,46.2,26.3,35.0,29.8,27.8,58.9,41.0,45.0,50.6,53.8,73.7,65.0,70.2,72.2,0.0,0.0,0.0,0.0,0.0,0.0,0.0,0.0,0.0,1197.8,12.00,16,16,16,39,55,661,1,68.2,59.8,58.2,56.6,58.9,58.5,57.8,56.6,55.3,55.6,55.0,55.2,54.5,54.7,54.3,46.5,44.7,1.400,1.031,1.400,6.370,9.067,6.372,36.365,26.997,2.415,3.686,3.685,2.760,2.349,1.583,1.898,1.676,1.684,8.833,9.330,18.164,27.060,1197.8,1197.8,4154.8,4184.1,4125.5,4234.1,30.8,10.6,40.4,63.0,45.5,No,No,No,0.458,0.017,3.3,46,95.0,100.0,No,No,91369,99120,31,99.0,No,No,3320,0.0,0.0,0.0,0.000,0.149,103668,124027,0.0,0.0,0.0,0.000,0.000,52,0,35.1,47.2,83.0,0.669,12.168,12.207,12.184,12.113,1133,18.944,7.254,9.456,1.416,17.204,11.944,5.253,0.336,9.456,9.511,2.203,5.759,220.000,240.000,210.0,101.2,555.0,210.0,600.0,23.0,25.0,0.0,0.0,27.5,1.7,6.6,0.0,0.0,0.0,33,Yes,No,No,No,No,Yes,No,8.6,11.1,2,0,0,0,0,0,0,0,0,61,0,0,0,0,0,0,0,0,0,0,0,0,0,0,0,0,0,0,0,0,5943,2249,2084,126,2.5,239.5,250.4,227.8,227.0,226.9,226.9,0.0,0.0,0.0,0.0,0.0,0.0,4.18,4.41,3.97,3.97,4.42,4.42,0.91,0.01,4.09,0.08,0.00,0,0,0.0,0.0,20301,1800,0.9,0.5,0,
9.7.2026,23:43:58.245,27801,18193,60.4,20749,11933,63.4,0.7,13312,93,1.141,1.381,1.056,1.056,1.056,1.056,1.056,1.056,1.406,4024.0,4217.4,4242.3,4242.3,4242.3,3393.9,3393.9,4242.3,4217.4,99.8,536.3,2312.9,1229.7,910.6,1090.1,531.2,721.3,369.4,449.8,66.7,73.3,185.2,188.5,161.0,111.6,101.2,77.5,536.3,10.7,20.4,29.5,21.9,26.2,12.5,17.3,8.7,10.6,1.7,1.9,4.5,4.6,3.7,2.7,2.5,2.0,29.5,10.7,11.9,23.4,33.5,24.5,29.3,14.1,19.4,9.7,11.9,1.7,1.9,4.8,4.9,4.0,2.9,2.7,2.0,11.9,40.3,42.2,42.5,42.5,42.5,34.0,34.0,42.5,42.2,0.0,39.1,55.5,52.1,47.9,45.4,24.9,33.0,29.3,24.3,60.9,44.5,47.9,52.1,54.6,75.1,67.0,70.7,75.7,0.0,0.0,0.0,0.0,0.0,0.0,0.0,0.0,0.0,1197.8,12.00,16,16,16,39,55,661,1,65.5,59.1,58.2,56.3,58.3,58.0,57.5,56.4,55.1,55.3,54.9,54.8,54.3,54.5,54.1,49.2,45.1,1.413,1.038,1.406,5.948,9.030,5.950,34.281,26.359,2.314,3.426,3.498,2.725,2.317,1.522,1.816,1.674,1.532,8.240,9.289,17.529,26.416,1197.8,1197.8,4143.6,4169.6,4117.6,4245.1,30.0,9.9,38.1,62.2,44.3,No,No,No,0.394,0.017,3.1,46,95.0,100.0,No,No,91369,99120,31,99.0,No,No,3320,0.0,0.0,0.0,0.008,0.067,103668,124027,0.0,0.0,0.0,0.000,0.000,52,0,35.1,47.1,83.0,0.669,12.166,12.205,12.181,12.111,1129,18.913,7.149,9.499,1.343,17.188,11.905,5.277,0.336,9.499,9.373,1.355,5.721,220.000,240.000,210.0,101.2,555.0,210.0,600.0,24.0,25.0,0.0,0.0,27.5,1.6,6.4,0.0,0.0,0.0,33,Yes,No,No,No,No,Yes,No,8.6,11.2,2,0,0,0,0,0,0,0,0,61,0,0,0,0,0,0,0,0,0,0,0,0,0,0,0,0,0,0,0,0,5943,2249,2084,126,2.5,239.5,250.4,227.8,227.0,226.9,226.9,0.0,0.0,0.0,0.0,0.0,0.0,4.18,4.41,3.97,3.97,4.42,4.42,0.91,0.01,4.09,0.08,0.00,0,0,0.0,0.0,20301,1800,6.4,3.1,0,
9.7.2026,23:44:0.245,27808,18186,60.4,20754,11928,63.5,0.7,13312,93,1.395,1.375,1.394,1.394,1.394,1.394,1.394,1.394,1.425,4254.8,4217.4,4267.3,4267.3,4267.3,4267.3,4267.3,4267.3,4217.4,99.8,632.8,2513.7,1514.8,1065.9,1174.0,571.7,810.6,410.3,551.2,130.2,128.8,264.4,292.1,192.1,155.3,148.4,201.1,632.8,12.9,24.6,36.1,25.4,27.9,13.6,19.4,9.8,13.2,3.2,3.3,6.4,7.0,4.5,3.8,3.7,5.0,36.1,12.9,14.5,28.1,41.2,28.7,31.5,15.2,21.8,10.9,14.7,3.4,3.4,7.0,7.7,4.9,4.0,4.0,5.5,14.5,42.6,42.2,42.8,42.8,42.8,42.8,42.8,42.8,42.2,0.0,42.6,60.3,55.4,50.0,47.1,29.2,37.0,32.8,29.1,57.4,39.7,44.6,50.0,52.9,70.8,63.0,67.2,70.9,0.0,0.0,0.0,0.0,0.0,0.0,0.0,0.0,0.0,1197.8,12.00,16,16,16,39,55,661,1,63.2,59.7,63.0,56.5,59.0,58.2,57.7,56.5,55.3,55.6,55.0,55.0,54.4,54.6,54.2,49.0,45.2,1.400,1.019,1.400,6.367,9.091,6.352,37.304,26.927,2.438,3.708,3.645,2.794,2.386,1.629,1.962,1.734,1.646,8.797,9.353,18.150,27.023,1197.8,1197.8,4133.8,4158.3,4109.2,4241.3,30.7,10.6,41.4,62.9,44.9,No,No,No,0.478,0.017,3.4,46,95.0,100.0,No,No,91369,99120,31,99.0,No,No,3320,0.0,0.0,0.0,0.000,0.101,103668,124027,0.0,0.0,0.0,0.000,0.000,52,0,35.1,47.2,83.0,0.669,12.165,12.204,12.181,12.110,1130,18.888,7.236,9.637,1.464,17.285,11.928,5.354,0.336,9.637,9.459,1.447,5.813,220.000,240.000,210.0,101.2,555.0,210.0,600.0,24.0,25.0,0.0,0.0,27.5,1.7,6.8,0.0,0.0,0.0,33,Yes,No,No,No,No,Yes,No,8.7,11.2,2,0,0,0,0,0,0,0,0,61,0,0,0,0,0,0,0,0,0,0,0,0,0,0,0,0,0,0,0,0,5943,2249,2084,126,2.5,239.5,250.4,227.8,227.0,226.9,226.9,0.0,0.0,0.0,0.0,0.0,0.0,4.18,4.41,3.97,3.97,4.42,4.42,0.91,0.01,4.09,0.08,0.00,0,0,0.0,0.0,20301,1800,1.3,0.5,0,
9.7.2026,23:44:2.239,27821,18173,60.4,20758,11924,63.5,0.7,13312,93,1.355,1.350,1.356,1.356,1.356,1.356,1.356,1.356,1.356,4142.5,4142.5,4142.5,4142.5,4142.5,4142.5,4142.5,4142.5,4142.5,99.8,902.9,2616.0,1511.8,1284.6,1280.4,850.7,1003.1,761.8,815.0,421.8,418.7,548.7,632.2,464.3,459.6,623.7,754.6,902.9,19.7,30.6,36.6,31.0,30.9,20.3,24.2,18.3,19.6,10.3,10.2,13.2,15.3,11.0,11.1,15.1,18.3,36.6,19.7,22.3,34.8,41.6,35.1,34.8,23.0,27.3,20.7,22.1,11.6,11.4,14.8,17.2,12.4,12.5,17.0,20.7,22.3,41.5,41.5,41.5,41.5,41.5,41.5,41.5,41.5,41.5,0.0,49.4,63.2,59.7,54.8,52.7,37.1,44.6,40.1,43.2,50.6,36.8,40.3,45.2,47.3,62.9,55.4,59.9,56.8,0.0,0.0,0.0,0.0,0.0,0.0,0.0,0.0,0.0,1197.8,12.00,16,16,16,39,55,661,1,72.4,62.9,65.2,58.5,60.3,59.8,59.2,58.7,56.9,57.9,56.5,58.9,54.9,55.0,54.7,48.2,45.2,1.356,1.031,1.363,9.032,9.192,9.032,43.572,30.713,3.162,4.202,4.101,3.371,3.171,2.226,2.713,2.336,3.178,12.439,9.468,21.906,30.850,1197.8,1197.8,4126.1,4140.1,4112.1,4207.8,35.1,15.1,48.4,66.2,49.0,No,No,No,0.818,0.043,4.0,46,95.0,100.0,No,No,91369,99120,31,99.0,No,No,3320,0.0,0.1,0.1,0.000,0.126,103668,124028,0.0,0.0,0.0,0.000,0.000,52,0,35.0,47.3,83.0,0.669,12.164,12.201,12.180,12.110,1130,18.938,7.232,9.436,1.415,17.089,11.831,5.242,0.336,9.436,9.417,2.426,5.697,220.000,240.000,210.0,101.2,555.0,210.0,600.0,29.0,26.0,0.0,2.0,27.5,1.7,6.9,0.0,0.0,0.0,33,Yes,No,No,No,No,Yes,No,8.6,10.9,2,0,0,0,0,0,0,0,0,61,0,0,0,0,0,0,0,0,0,0,0,0,0,0,0,0,0,0,0,0,5943,2249,2084,126,2.5,239.5,250.4,227.8,227.0,226.9,226.9,0.0,0.0,0.0,0.0,0.0,0.0,4.18,4.41,3.97,3.97,4.42,4.42,0.91,0.01,4.09,0.08,0.00,0,0,0.0,0.0,20301,1800,2.9,3.2,0,
9.7.2026,23:44:4.244,27806,18187,60.4,20749,11932,63.4,0.7,13312,93,1.346,1.056,1.387,1.387,1.387,1.387,1.387,1.387,1.387,4220.5,4242.3,4217.4,4217.4,4217.4,4217.4,4217.4,4217.4,4217.4,99.8,606.7,2401.9,1139.9,999.4,1178.6,526.1,752.5,426.9,541.4,168.8,225.6,272.1,313.4,208.0,195.4,154.8,202.4,606.7,12.5,27.6,27.2,23.8,28.1,12.3,18.1,10.0,12.8,4.0,5.4,6.5,7.5,4.6,4.5,3.6,4.8,28.1,12.5,14.2,31.7,30.9,27.0,31.9,14.0,20.3,11.4,14.5,4.5,6.1,7.2,8.3,5.3,5.2,4.1,5.5,14.2,42.3,42.5,42.2,42.2,42.2,42.2,42.2,42.2,42.2,0.0,43.3,57.9,57.4,48.8,46.8,32.8,37.2,34.4,31.3,56.7,42.1,42.6,51.2,53.2,67.2,62.8,65.6,68.7,0.0,0.0,0.0,0.0,0.0,0.0,0.0,0.0,0.0,1197.8,12.00,16,16,16,39,55,661,1,69.4,60.5,61.0,57.1,59.4,59.0,58.1,57.2,56.0,56.1,55.7,55.7,54.8,55.0,54.6,47.0,44.8,1.388,1.031,1.394,6.530,9.103,6.537,37.958,27.305,2.484,3.754,3.668,2.698,2.422,1.772,1.999,1.830,1.731,9.006,9.367,18.372,27.284,1197.8,1197.8,4125.2,4151.6,4098.9,4232.9,31.0,10.9,42.2,63.7,45.1,No,No,No,0.490,0.019,3.5,46,95.0,100.0,No,No,91369,99120,31,99.0,No,No,3320,0.0,0.1,0.1,0.000,2.412,103668,124032,0.0,0.0,0.0,0.000,0.000,52,0,35.0,47.0,83.0,0.669,12.163,12.202,12.179,12.109,1131,18.879,7.138,9.501,1.379,17.039,11.745,5.278,0.336,9.501,9.262,1.424,5.910,220.000,240.000,210.0,101.2,555.0,210.0,600.0,22.0,25.0,0.0,0.0,27.5,1.7,6.9,0.0,0.0,0.0,33,Yes,No,No,No,No,Yes,No,8.5,10.9,2,0,0,0,0,0,0,0,0,61,0,0,0,0,0,0,0,0,0,0,0,0,0,0,0,0,0,0,0,0,5943,2249,2084,126,2.5,239.5,250.4,227.8,227.0,226.9,226.9,0.0,0.0,0.0,0.0,0.0,0.0,4.18,4.41,3.97,3.97,4.42,4.42,0.91,0.01,4.09,0.08,0.00,0,0,0.0,0.0,20301,1800,0.1,0.2,0,
9.7.2026,23:44:6.243,27802,18192,60.4,20753,11928,63.5,0.7,13312,93,1.382,1.387,1.381,1.381,1.381,1.381,1.381,1.381,1.381,4117.6,3593.5,4192.4,4192.4,4192.4,4192.4,4192.4,4192.4,4192.4,99.8,526.4,2266.7,1191.0,908.2,976.4,449.7,670.0,337.0,475.6,86.3,94.1,230.5,230.1,137.2,130.0,121.4,118.6,526.4,10.3,21.1,28.4,21.7,23.1,10.7,16.1,8.0,11.3,2.1,1.6,5.6,4.8,3.1,2.4,2.2,2.1,28.4,10.3,11.8,24.1,32.4,24.4,26.1,11.9,18.0,8.9,12.7,2.3,2.5,6.1,6.0,3.4,3.4,3.2,3.2,11.8,41.2,36.0,42.0,42.0,42.0,42.0,42.0,42.0,42.0,0.0,39.2,54.4,51.0,46.0,43.7,27.5,33.7,30.6,26.5,60.8,45.6,49.0,54.0,56.3,72.5,66.3,69.4,73.5,0.0,0.0,0.0,0.0,0.0,0.0,0.0,0.0,0.0,1197.8,12.00,16,16,16,39,55,661,1,66.5,58.8,63.8,56.2,58.1,57.8,57.2,56.2,55.1,55.3,54.9,54.9,54.3,54.4,54.1,48.0,44.8,1.400,1.031,1.406,5.892,9.031,5.891,34.180,26.281,2.283,3.410,3.362,2.559,2.261,1.565,1.867,1.661,1.579,8.157,9.289,17.445,26.327,1197.8,1197.8,4133.5,4159.1,4108.0,4249.5,29.9,9.8,38.0,61.9,44.5,No,No,No,0.382,0.017,3.1,46,95.0,100.0,No,No,91369,99120,31,99.0,No,No,3320,0.0,0.1,0.1,0.000,0.555,103668,124033,0.0,0.0,0.0,0.000,0.000,52,0,35.0,47.1,83.0,0.669,12.163,12.202,12.179,12.108,1132,18.891,7.220,9.664,1.403,17.258,11.878,5.369,0.336,9.664,9.340,1.408,5.883,220.000,240.000,210.0,101.2,555.0,210.0,600.0,23.0,25.0,0.0,1.0,27.5,1.6,6.2,0.0,0.0,0.0,33,Yes,No,No,No,No,Yes,No,8.6,11.2,2,0,0,0,0,0,0,0,0,61,0,0,0,0,0,0,0,0,0,0,0,0,0,0,0,0,0,0,0,0,5943,2249,2084,126,2.5,239.5,250.4,227.8,227.0,226.9,226.9,0.0,0.0,0.0,0.0,0.0,0.0,4.18,4.41,3.97,3.97,4.42,4.42,0.91,0.01,4.09,0.08,0.00,0,0,0.0,0.0,20301,1800,6.1,3.1,0,
9.7.2026,23:44:8.235,27800,18194,60.4,20749,11932,63.4,0.7,13312,93,1.355,1.056,1.394,1.394,1.394,1.394,1.394,1.406,1.406,4233.0,4242.3,4242.3,4242.3,4242.3,4242.3,4217.4,4217.4,4217.4,99.8,561.8,2338.9,1158.4,1048.3,1166.4,464.4,724.2,339.2,485.9,92.7,94.2,211.3,250.8,176.0,169.3,98.6,169.4,561.8,11.0,23.0,26.9,24.4,27.0,10.3,16.6,7.4,10.9,1.7,2.5,4.4,6.1,3.4,4.2,2.5,4.2,27.0,11.0,12.8,26.9,31.3,28.3,31.5,12.3,19.5,8.9,12.9,2.4,2.5,5.5,6.6,4.4,4.5,2.6,4.6,12.8,42.4,42.5,42.5,42.5,42.5,42.5,42.2,42.2,42.2,0.0,41.1,56.1,57.0,48.3,45.8,27.4,34.9,31.8,27.7,58.9,43.9,43.0,51.7,54.2,72.6,65.1,68.2,72.3,0.0,0.0,0.0,0.0,0.0,0.0,0.0,0.0,0.0,1197.8,12.00,16,16,16,39,55,661,1,63.9,59.6,61.8,56.4,58.1,58.7,57.4,56.5,55.1,55.4,54.9,55.0,54.3,54.5,54.1,47.0,44.5,1.388,1.031,1.394,6.296,9.072,6.303,36.222,26.915,2.394,3.428,3.865,2.668,2.329,1.586,1.891,1.731,1.654,8.735,9.334,18.070,26.969,1197.8,1197.8,4149.2,4174.0,4124.4,4239.5,30.6,10.5,40.2,62.7,45.4,No,No,No,0.418,0.016,3.3,46,95.0,100.0,No,No,91369,99120,31,99.0,No,No,3320,0.0,0.0,0.0,0.000,0.095,103668,124034,0.0,0.0,0.0,0.000,0.000,52,0,35.1,47.2,83.0,0.669,12.158,12.192,12.176,12.105,1128,18.849,7.175,9.344,1.390,17.132,11.936,5.191,0.336,9.344,9.522,1.742,5.818,220.000,240.000,210.0,101.2,555.0,210.0,600.0,23.0,25.0,0.0,0.0,27.5,1.5,5.9,0.0,0.0,0.0,33,Yes,No,No,No,No,Yes,No,8.6,11.1,2,0,0,0,0,0,0,0,0,61,0,0,0,0,0,0,0,0,0,0,0,0,0,0,0,0,0,0,0,0,5943,2249,2084,127,2.5,239.5,250.4,227.8,227.0,226.9,226.9,0.0,0.0,0.0,0.0,0.0,0.0,4.18,4.41,3.97,3.97,4.42,4.42,0.91,0.01,4.09,0.08,0.00,0,0,0.0,0.0,20301,1800,0.1,0.0,0,
9.7.2026,23:44:10.237,27803,18191,60.4,20751,11930,63.4,0.7,13312,93,1.376,1.381,1.375,1.375,1.375,1.375,1.375,1.375,1.375,4217.4,4217.4,4217.4,4217.4,4217.4,4217.4,4217.4,4217.4,4217.4,99.8,606.2,2479.3,1384.8,929.3,1204.8,523.7,707.8,364.2,451.9,78.1,80.6,234.9,234.7,155.7,128.8,269.0,471.6,606.2,11.9,22.4,32.6,21.7,28.2,12.0,16.4,8.3,10.4,1.8,1.9,5.5,5.5,3.4,3.0,6.4,11.3,32.6,11.9,13.7,26.0,37.8,25.0,32.5,13.9,18.9,9.6,12.0,2.0,2.1,6.2,6.2,3.9,3.4,7.3,13.0,13.7,42.2,42.2,42.2,42.2,42.2,42.2,42.2,42.2,42.2,0.0,42.4,59.2,55.3,49.6,46.7,27.1,35.6,31.2,34.4,57.6,40.8,44.7,50.4,53.3,72.9,64.4,68.8,65.6,0.0,0.0,0.0,0.0,0.0,0.0,0.0,0.0,0.0,1197.8,12.00,16,16,16,39,55,661,1,71.0,60.1,61.0,56.7,59.0,58.5,57.7,56.5,55.1,55.7,55.0,55.8,54.4,54.6,54.2,47.8,45.2,1.400,1.031,1.400,6.667,9.097,6.660,37.716,27.436,2.494,3.780,3.725,2.812,2.380,1.580,1.949,1.724,2.005,9.265,9.359,18.624,27.505,1197.8,1197.8,4165.8,4190.2,4141.3,4225.8,31.3,11.1,41.9,63.3,46.2,No,No,No,0.456,0.016,3.4,46,95.0,100.0,No,No,91369,99120,31,99.0,No,No,3320,0.0,0.0,0.0,0.000,0.071,103668,124034,0.0,0.0,0.0,0.000,0.000,52,0,35.0,47.1,83.0,0.669,12.160,12.199,12.176,12.105,1128,18.826,7.118,9.324,1.366,17.071,11.875,5.180,0.336,9.324,9.452,1.463,5.792,220.000,240.000,210.0,101.2,555.0,210.0,600.0,23.0,25.0,0.0,0.0,27.5,1.6,6.4,0.0,0.0,0.0,33,Yes,No,No,No,No,Yes,No,8.5,10.9,2,0,0,0,0,0,0,0,0,61,0,0,0,0,0,0,0,0,0,0,0,0,0,0,0,0,0,0,0,0,5943,2249,2084,127,2.5,239.5,250.4,227.8,227.0,226.9,226.9,0.0,0.0,0.0,0.0,0.0,0.0,4.18,4.41,3.97,3.97,4.42,4.42,0.91,0.01,4.09,0.08,0.00,0,0,0.0,0.0,20301,1800,0.8,0.4,0,
9.7.2026,23:44:12.246,27809,18185,60.4,20747,11934,63.4,0.7,13312,93,1.396,1.387,1.381,1.400,1.400,1.400,1.400,1.400,1.400,4217.4,4217.4,4217.4,4217.4,4217.4,4217.4,4217.4,4217.4,4217.4,99.8,613.6,2516.4,1329.3,1043.2,1048.4,634.6,705.3,368.3,484.0,112.6,135.9,240.9,245.2,160.6,180.3,302.2,310.9,613.6,12.4,24.4,31.4,24.6,24.6,14.9,16.5,8.6,11.3,2.9,3.5,5.8,6.0,3.8,4.4,7.5,7.7,31.4,12.4,13.8,27.9,36.0,28.0,27.9,16.8,18.7,9.6,12.7,2.8,3.5,6.1,6.3,3.8,4.6,8.1,8.3,13.8,42.2,42.2,42.2,42.2,42.2,42.2,42.2,42.2,42.2,0.0,43.1,60.1,55.6,51.8,47.9,28.8,36.2,31.9,32.7,56.9,39.9,44.4,48.2,52.1,71.2,63.8,68.1,67.3,0.0,0.0,0.0,0.0,0.0,0.0,0.0,0.0,0.0,1197.8,12.00,16,16,16,39,55,661,1,67.9,60.3,65.2,56.8,59.1,58.3,58.0,56.7,55.4,55.8,55.2,55.9,54.5,54.7,54.2,47.5,44.8,1.400,1.031,1.400,6.880,9.103,6.879,38.389,27.704,2.534,3.849,3.687,2.900,2.413,1.693,1.949,1.790,1.992,9.551,9.369,18.920,27.824,1197.8,1197.8,4164.2,4190.0,4138.3,4223.2,31.6,11.5,42.7,63.5,46.9,No,No,No,0.583,0.011,3.4,46,95.0,100.0,No,No,91369,99120,31,99.0,No,No,3320,0.0,0.0,0.0,0.000,0.073,103668,124034,0.0,0.0,0.0,0.000,0.000,52,0,35.0,47.2,83.0,0.669,12.162,12.201,12.178,12.107,1129,18.706,7.111,9.303,1.318,17.171,11.998,5.168,0.336,9.303,9.528,1.284,5.705,220.000,240.000,210.0,101.2,555.0,210.0,600.0,24.0,25.0,0.0,0.0,27.5,1.5,5.9,0.0,0.0,0.0,33,Yes,No,No,No,No,Yes,No,8.6,10.9,2,0,0,0,0,0,0,0,0,61,0,0,0,0,0,0,0,0,0,0,0,0,0,0,0,0,0,0,0,0,5943,2249,2084,127,2.5,239.5,250.4,227.8,227.0,226.9,226.9,0.0,0.0,0.0,0.0,0.0,0.0,4.18,4.41,3.97,3.97,4.42,4.42,0.91,0.01,4.09,0.08,0.00,0,0,0.0,0.0,20301,1800,0.4,0.1,0,
9.7.2026,23:44:14.247,27802,18192,60.4,20750,11932,63.4,0.7,13312,93,1.381,1.381,1.381,1.381,1.381,1.381,1.381,1.381,1.381,3917.9,4242.3,4242.3,4242.3,4242.3,3593.5,3593.5,3593.5,3593.5,99.8,531.6,2382.9,1277.6,908.8,1062.0,525.6,716.5,343.4,411.6,80.5,73.0,165.6,189.3,113.7,83.2,85.0,87.4,531.6,10.3,22.2,30.2,21.3,24.9,12.2,16.8,7.9,9.5,1.9,1.7,3.9,4.4,2.4,2.0,2.0,2.1,30.2,10.3,11.8,25.7,34.8,24.4,28.4,13.9,19.2,9.1,10.8,2.1,1.9,4.4,5.0,2.7,2.2,2.2,2.3,11.8,39.2,42.5,42.5,42.5,42.5,36.0,36.0,36.0,36.0,0.0,39.0,57.0,52.8,48.5,45.3,24.3,32.1,28.1,23.9,61.0,43.0,47.2,51.5,54.7,75.7,67.9,71.9,76.1,0.0,0.0,0.0,0.0,0.0,0.0,0.0,0.0,0.0,1197.8,12.00,16,16,16,39,55,661,1,65.0,59.1,60.5,56.2,58.6,57.6,57.5,56.2,54.9,55.1,54.7,54.6,54.2,54.4,54.0,47.5,44.7,1.400,1.031,1.400,6.172,9.042,6.181,34.509,26.800,2.326,3.654,3.383,2.757,2.302,1.546,1.806,1.615,1.549,8.576,9.303,17.879,26.777,1197.8,1197.8,4161.7,4190.7,4132.7,4239.8,30.4,10.3,38.3,62.2,45.8,No,No,No,0.396,0.017,3.1,46,95.0,100.0,No,No,91369,99120,31,99.0,No,No,3320,0.0,0.2,0.2,0.000,0.465,103668,124035,0.0,0.0,0.0,0.000,0.000,52,0,35.1,47.1,83.0,0.669,12.164,12.203,12.181,12.109,1129,18.846,7.073,9.277,1.367,17.028,11.867,5.154,0.336,9.277,9.462,1.283,5.678,220.000,240.000,210.0,101.2,555.0,210.0,600.0,23.0,25.0,0.0,0.0,27.5,1.6,6.3,0.0,0.0,0.0,33,Yes,No,No,No,No,Yes,No,8.5,10.7,2,0,0,0,0,0,0,0,0,61,0,0,0,0,0,0,0,0,0,0,0,0,0,0,0,0,0,0,0,0,5943,2249,2084,127,2.5,239.5,250.4,227.8,227.0,226.9,226.9,0.0,0.0,0.0,0.0,0.0,0.0,4.18,4.41,3.97,3.97,4.42,4.42,0.91,0.01,4.09,0.08,0.00,0,0,0.0,0.0,20301,1800,0.0,0.0,0,
9.7.2026,23:44:16.243,27709,18285,60.2,20661,12021,63.2,0.7,13312,93,1.363,1.369,1.363,1.363,1.363,1.363,1.363,1.363,1.363,4164.4,4142.5,4167.5,4167.5,4167.5,4167.5,4167.5,4167.5,4167.5,99.8,594.9,2520.7,1184.4,924.6,1299.6,783.8,581.3,433.6,449.5,102.6,91.8,223.9,212.4,197.2,123.5,155.8,233.5,594.9,12.1,30.4,27.7,21.6,30.8,18.3,13.4,10.0,10.3,2.4,2.1,5.2,4.9,4.4,2.8,3.7,5.5,30.8,12.1,13.9,35.1,32.0,25.0,35.2,21.1,15.4,11.5,11.9,2.7,2.4,5.9,5.6,5.0,3.2,4.2,6.4,13.9,41.7,41.5,41.8,41.8,41.8,41.8,41.8,41.8,41.8,0.0,42.3,60.2,57.7,50.6,48.0,26.7,34.7,31.4,29.2,57.7,39.8,42.3,49.4,52.0,73.3,65.3,68.6,70.8,0.0,0.0,0.0,0.0,0.0,0.0,0.0,0.0,0.0,1197.8,12.00,16,16,16,39,55,661,1,62.5,59.7,63.0,56.4,58.8,58.2,57.7,56.4,55.0,55.3,54.9,55.1,54.2,54.5,54.0,48.2,44.5,1.400,1.031,1.387,6.714,9.098,6.693,37.539,27.411,2.495,3.887,3.744,2.882,2.411,1.602,1.899,1.753,1.780,9.323,9.362,18.686,27.556,1197.8,1197.8,4165.9,4189.6,4142.2,4233.7,31.3,11.2,41.7,62.9,46.5,No,No,No,0.556,0.017,3.4,46,95.0,100.0,No,No,91369,99120,31,99.0,No,No,3320,0.0,0.1,0.1,0.000,0.161,103668,124035,0.0,0.0,0.0,0.000,0.000,52,0,35.0,47.1,83.0,0.669,12.164,12.204,12.180,12.109,1129,18.852,7.111,9.367,1.379,17.101,11.891,5.204,0.336,9.367,9.459,1.284,5.719,220.000,240.000,210.0,101.2,555.0,210.0,600.0,23.0,25.0,0.0,0.0,27.5,1.5,6.1,0.0,0.0,0.0,33,Yes,No,No,No,No,Yes,No,8.5,11.5,2,0,0,0,0,0,0,0,0,61,0,0,0,0,0,0,0,0,0,0,0,0,0,0,0,0,0,0,0,0,5943,2249,2084,127,2.5,239.5,250.4,227.8,227.0,226.9,226.9,0.0,0.0,0.0,0.0,0.0,0.0,4.18,4.41,3.97,3.97,4.42,4.42,0.91,0.01,4.09,0.08,0.00,0,0,0.0,0.0,20301,1800,2.9,2.2,0,
9.7.2026,23:44:18.244,27870,18124,60.5,20830,11851,63.7,0.7,13312,93,1.225,1.056,1.056,1.056,1.056,1.394,1.394,1.394,1.394,4217.4,4217.4,4217.4,4217.4,4217.4,4217.4,4217.4,4217.4,4217.4,99.8,1284.3,3239.4,1971.9,1672.1,2280.3,1513.8,1315.1,1261.1,1018.2,601.8,609.8,946.4,843.1,760.3,745.4,972.8,796.3,1284.3,29.0,45.6,47.6,40.3,55.2,36.7,31.6,30.5,24.5,14.6,14.8,22.8,20.3,18.2,18.0,23.7,19.3,55.2,29.0,32.9,51.8,54.2,46.0,62.9,41.4,35.9,34.5,27.7,16.5,16.7,25.8,22.9,20.6,20.4,26.9,21.9,32.9,42.2,42.2,42.2,42.2,42.2,42.2,42.2,42.2,42.2,0.0,62.8,78.5,84.1,68.5,64.5,47.6,56.3,51.4,51.5,37.2,21.5,15.9,31.5,35.5,52.4,43.7,48.6,48.5,0.0,0.0,0.0,0.0,0.0,0.0,0.0,0.0,0.0,1197.8,12.00,16,16,16,39,55,661,1,70.4,67.5,58.8,61.4,63.9,65.6,62.3,61.2,58.5,60.2,58.7,60.5,56.0,56.2,55.7,46.8,44.6,1.394,1.038,1.387,11.998,9.479,12.017,56.174,35.185,3.981,5.497,6.286,4.174,3.619,2.574,3.259,2.940,3.498,16.357,9.775,26.133,35.183,1197.8,1197.8,4129.0,4142.1,4115.8,4160.8,40.0,20.0,62.4,71.1,51.2,No,No,No,1.591,0.043,5.0,46,95.0,100.0,No,No,91369,99120,31,99.0,No,No,3320,0.0,0.1,0.1,0.000,0.250,103668,124035,0.0,0.0,0.0,0.000,0.000,52,0,35.0,47.1,83.0,0.669,12.159,12.198,12.175,12.104,1129,18.883,7.144,9.414,1.330,17.228,11.995,5.230,0.336,9.414,9.499,1.284,5.713,220.000,240.000,210.0,101.2,555.0,210.0,600.0,23.0,25.0,0.0,0.0,27.5,1.8,7.3,0.0,0.0,0.0,33,Yes,No,No,No,No,Yes,No,8.5,11.8,2,0,0,0,0,0,0,0,0,61,0,0,0,0,0,0,0,0,0,0,0,0,0,0,0,0,0,0,0,0,5943,2249,2084,127,2.5,239.5,250.4,227.8,227.0,226.9,226.9,0.0,0.0,0.0,0.0,0.0,0.0,4.18,4.41,3.97,3.97,4.42,4.42,0.91,0.01,4.09,0.08,0.00,0,0,0.0,0.0,20301,1800,0.1,0.0,0,
9.7.2026,23:44:20.240,27910,18084,60.6,20833,11848,63.7,0.7,13312,93,1.356,1.356,1.369,1.369,1.350,1.350,1.350,1.350,1.356,4167.5,4167.5,4167.5,4167.5,4167.5,4167.5,4167.5,4167.5,4167.5,99.8,1099.6,3472.5,1733.4,1989.6,1742.5,1448.8,1065.6,1089.3,780.9,341.3,333.2,720.6,573.0,503.9,519.6,427.7,852.2,1099.6,24.0,49.9,41.4,47.7,41.7,34.7,24.9,26.2,18.5,7.6,7.4,17.3,13.7,11.2,11.7,9.6,20.1,49.9,24.0,27.6,57.3,47.5,54.8,47.7,39.5,29.0,29.6,21.0,9.2,9.0,19.5,15.3,13.3,13.9,11.5,23.6,27.6,41.8,41.8,41.8,41.8,41.8,41.8,41.8,41.8,41.8,0.0,62.8,83.5,83.2,69.7,64.4,46.1,54.6,50.7,50.5,37.2,16.5,16.8,30.3,35.6,53.9,45.4,49.3,49.5,0.0,0.0,0.0,0.0,0.0,0.0,0.0,0.0,0.0,1197.8,12.00,16,16,16,39,55,661,1,68.8,66.1,61.5,60.1,63.8,64.1,61.5,60.1,57.4,58.3,57.3,57.9,55.7,56.0,55.4,49.8,45.9,1.356,1.038,1.363,10.487,9.500,10.476,56.269,33.081,3.575,5.685,5.889,3.973,3.305,2.157,2.756,2.383,2.449,14.377,9.789,24.166,33.170,1197.8,1197.8,4150.7,4163.3,4138.1,4178.7,37.7,17.5,62.5,69.5,50.1,No,No,No,1.706,0.021,5.0,46,95.0,100.0,No,No,91369,99120,31,99.0,No,No,3320,0.0,0.4,0.4,0.008,4.204,103668,124044,0.0,0.0,0.0,0.000,0.000,52,0,35.1,47.1,83.0,0.669,12.158,12.198,12.174,12.103,1128,18.790,7.028,9.256,1.244,16.934,11.776,5.142,0.336,9.256,9.267,1.288,5.778,220.000,240.000,210.0,101.2,555.0,210.0,600.0,24.0,25.0,0.0,0.0,27.5,1.6,6.3,0.0,0.0,0.0,33,Yes,No,No,No,No,Yes,No,8.4,11.0,2,0,0,0,0,0,0,0,0,61,0,0,0,0,0,0,0,0,0,0,0,0,0,0,0,0,0,0,0,0,5943,2249,2084,117,2.5,239.5,250.4,227.8,227.0,226.9,226.9,0.0,0.0,0.0,0.0,0.0,0.0,4.18,4.41,3.97,3.97,4.42,4.42,0.91,0.01,4.09,0.08,0.00,0,0,0.0,0.0,20301,1800,0.4,0.3,0,
9.7.2026,23:44:22.249,27800,18194,60.4,20772,11910,63.5,0.7,13312,93,1.406,1.406,1.406,1.406,1.406,1.406,1.406,1.406,1.406,4223.6,4267.3,4217.4,4217.4,4217.4,4217.4,4217.4,4217.4,4217.4,99.8,655.4,2502.5,1277.4,856.6,1162.9,818.2,594.0,568.0,507.8,199.9,175.0,321.1,306.0,258.9,206.5,271.8,459.7,655.4,13.8,29.1,30.1,20.1,28.0,19.4,14.4,13.3,11.7,5.2,4.6,7.3,6.9,6.4,5.4,6.9,11.4,30.1,13.8,15.6,33.2,34.9,23.2,31.6,22.1,15.8,15.3,13.6,5.4,4.7,8.6,8.2,6.8,5.6,7.4,12.6,15.6,42.3,42.8,42.2,42.2,42.2,42.2,42.2,42.2,42.2,0.0,43.4,60.3,53.7,49.2,47.4,30.7,37.8,33.7,34.4,56.6,39.7,46.3,50.8,52.6,69.3,62.2,66.3,65.6,0.0,0.0,0.0,0.0,0.0,0.0,0.0,0.0,0.0,1197.8,12.00,16,16,16,39,55,661,1,75.2,61.0,62.0,57.6,60.1,58.7,58.8,57.5,56.2,56.6,56.2,56.8,55.0,55.2,54.7,47.0,44.8,1.394,1.025,1.400,6.772,9.074,6.784,38.030,27.522,2.564,3.893,3.409,2.856,2.525,1.752,2.077,1.875,2.122,9.306,9.339,18.645,27.573,1197.8,1197.8,4121.1,4142.4,4099.8,4224.3,31.3,11.3,42.3,64.2,45.2,No,No,No,0.614,0.017,3.5,46,95.0,100.0,No,No,91369,99120,31,99.0,No,No,3320,0.0,0.1,0.1,0.000,1.135,103668,124046,0.0,0.0,0.0,0.000,0.000,52,0,35.0,47.0,83.0,0.669,12.163,12.203,12.179,12.107,1131,18.854,7.091,9.375,1.330,17.038,11.817,5.208,0.336,9.375,9.336,1.285,5.813,220.000,240.000,210.0,101.2,555.0,210.0,600.0,24.0,25.0,0.0,0.0,27.5,1.5,6.1,0.0,0.0,0.0,33,Yes,No,No,No,No,Yes,No,8.5,11.4,2,0,0,0,0,0,0,0,0,61,0,0,0,0,0,0,0,0,0,0,0,0,0,0,0,0,0,0,0,0,5943,2249,2084,117,2.5,239.5,250.4,227.8,227.0,226.9,226.9,0.0,0.0,0.0,0.0,0.0,0.0,4.18,4.41,3.97,3.97,4.42,4.42,0.91,0.01,4.09,0.08,0.00,0,0,0.0,0.0,20301,1800,0.1,0.1,0,
9.7.2026,23:44:24.243,27798,18196,60.4,20759,11922,63.5,0.7,13312,93,1.404,1.387,1.406,1.406,1.406,1.406,1.406,1.406,1.406,4217.4,4217.4,4217.4,4217.4,4217.4,4217.4,4217.4,4217.4,4217.4,99.8,554.2,2371.9,1079.8,713.6,1147.8,747.5,497.8,454.8,412.7,104.3,96.8,255.3,214.2,165.3,150.0,150.2,304.8,554.2,11.5,28.9,25.7,17.2,27.7,18.2,12.0,11.1,10.0,2.1,1.8,6.4,5.4,4.0,3.8,3.0,6.8,28.9,11.5,12.9,32.7,29.3,19.2,31.1,20.2,13.2,12.1,10.9,2.8,2.5,6.7,5.6,4.1,3.9,4.0,8.3,12.9,42.2,42.2,42.2,42.2,42.2,42.2,42.2,42.2,42.2,0.0,40.6,57.0,51.8,46.4,43.7,28.6,34.7,31.6,31.0,59.4,43.0,48.2,53.6,56.3,71.4,65.3,68.4,69.0,0.0,0.0,0.0,0.0,0.0,0.0,0.0,0.0,0.0,1197.8,12.00,16,16,16,39,55,661,1,72.1,59.5,56.2,56.5,58.8,57.9,57.7,56.4,55.3,55.5,55.1,55.3,54.4,54.6,54.2,48.0,44.9,1.406,1.025,1.400,6.263,9.054,6.264,35.475,26.862,2.361,3.731,3.237,2.663,2.314,1.590,1.895,1.702,1.758,8.672,9.315,17.987,26.878,1197.8,1197.8,4132.1,4155.2,4109.1,4245.1,30.5,10.4,39.4,62.7,45.7,No,No,No,0.425,0.022,3.2,46,95.0,100.0,No,No,91370,99120,31,99.0,No,No,3320,0.2,0.2,0.4,0.481,4.724,103669,124055,0.0,0.0,0.0,0.000,0.000,52,0,35.0,47.0,83.0,0.669,12.160,12.200,12.175,12.104,1132,18.792,7.099,9.497,1.330,17.045,11.753,5.276,0.336,9.497,9.215,1.279,5.762,220.000,240.000,210.0,101.2,555.0,210.0,600.0,25.0,25.0,0.0,1.0,27.5,1.5,6.1,0.0,0.0,0.0,33,Yes,No,No,No,No,Yes,No,8.5,11.4,2,0,0,0,0,0,0,0,0,61,0,0,0,0,0,0,0,0,0,0,0,0,0,0,0,0,0,0,0,0,5943,2249,2084,117,2.5,239.5,250.4,227.8,227.0,226.9,226.9,0.0,0.0,0.0,0.0,0.0,0.0,4.18,4.41,3.97,3.97,4.42,4.42,0.91,0.01,4.09,0.08,0.00,0,0,0.0,0.0,20301,1800,0.3,0.1,0,
9.7.2026,23:44:26.244,27781,18213,60.4,20743,11938,63.4,0.7,13312,93,1.387,1.387,1.387,1.387,1.387,1.387,1.387,1.387,1.387,4118.2,4267.3,4217.4,4217.4,4217.4,3373.9,4217.4,4217.4,4217.4,99.8,521.1,2213.8,919.4,782.8,1075.1,729.5,496.1,475.8,380.5,99.1,102.4,266.3,227.0,181.1,140.3,84.5,163.9,521.1,10.8,26.7,21.4,18.5,25.6,17.3,11.6,11.1,8.7,2.9,3.0,6.2,5.2,3.9,3.1,2.5,4.5,26.7,10.8,12.1,30.6,24.8,21.1,29.1,19.7,13.2,12.7,10.0,2.6,2.6,7.0,5.9,4.5,3.6,2.2,4.4,12.1,41.3,42.8,42.2,42.2,42.2,33.8,42.2,42.2,42.2,0.0,39.0,53.2,50.7,45.1,42.6,28.3,33.8,30.9,27.7,61.0,46.8,49.3,54.9,57.4,71.7,66.2,69.1,72.3,0.0,0.0,0.0,0.0,0.0,0.0,0.0,0.0,0.0,1197.8,12.00,16,16,16,39,55,661,1,69.0,58.9,61.2,56.1,58.0,57.7,57.2,56.1,55.0,55.3,54.8,54.9,54.2,54.3,54.0,47.2,44.9,1.394,1.031,1.400,5.884,9.006,5.882,33.959,26.211,2.295,3.361,3.283,2.620,2.284,1.588,1.895,1.716,1.615,8.144,9.266,17.410,26.290,1197.8,1197.8,4128.1,4153.9,4102.3,4252.5,29.9,9.8,37.7,62.0,44.2,No,No,No,0.384,0.017,3.1,46,95.0,100.0,No,No,91370,99120,31,99.0,No,No,3320,0.0,0.1,0.1,0.000,0.247,103669,124055,0.0,0.0,0.0,0.000,0.000,52,0,35.1,47.1,83.0,0.669,12.164,12.204,12.180,12.108,1132,18.699,7.115,9.393,1.245,17.052,11.817,5.218,0.336,9.393,9.246,1.708,5.746,220.000,240.000,210.0,101.2,555.0,210.0,600.0,26.0,25.0,0.0,0.0,27.5,1.5,6.1,0.0,0.0,0.0,33,Yes,No,No,No,No,Yes,No,8.5,11.3,2,0,0,0,0,0,0,0,0,61,0,0,0,0,0,0,0,0,0,0,0,0,0,0,0,0,0,0,0,0,5943,2249,2084,117,2.5,239.5,250.4,227.8,227.0,226.9,226.9,0.0,0.0,0.0,0.0,0.0,0.0,4.18,4.41,3.97,3.97,4.42,4.42,0.91,0.01,4.09,0.08,0.00,0,0,0.0,0.0,20301,1800,0.9,0.5,0,
9.7.2026,23:44:28.240,27778,18215,60.3,20732,11949,63.4,0.7,13312,93,1.358,1.369,1.356,1.356,1.356,1.356,1.356,1.356,1.356,4170.6,4192.4,4167.5,4167.5,4167.5,4167.5,4167.5,4167.5,4167.5,99.8,704.5,2593.0,1133.6,848.5,1279.2,937.5,736.6,645.3,607.1,195.4,172.1,415.3,342.9,328.9,248.5,394.6,393.1,704.5,14.2,30.6,26.0,19.9,29.9,22.2,17.3,15.2,13.6,3.8,3.2,9.1,8.0,6.8,5.0,8.7,8.6,30.6,14.2,16.5,35.5,30.3,22.5,34.5,25.1,19.5,17.0,15.9,4.8,4.2,10.8,8.7,8.2,6.2,10.4,10.4,16.5,41.8,42.0,41.8,41.8,41.8,41.8,41.8,41.8,41.8,0.0,48.1,62.2,58.0,55.6,51.8,36.5,42.1,39.1,39.8,51.9,37.8,42.0,44.4,48.2,63.5,57.9,60.9,60.2,0.0,0.0,0.0,0.0,0.0,0.0,0.0,0.0,0.0,1197.8,12.00,16,16,16,39,55,661,1,66.0,60.7,61.2,57.1,59.1,58.4,58.4,57.1,55.7,56.3,55.7,56.4,54.5,54.7,54.3,49.0,45.5,1.388,1.025,1.381,7.263,9.166,7.261,42.415,28.301,2.692,3.842,3.569,3.153,2.675,1.831,2.211,2.027,2.228,10.039,9.435,19.474,28.393,1197.8,1197.8,4142.0,4161.6,4122.4,4224.7,32.3,12.1,47.1,63.9,46.4,No,No,No,0.745,0.018,3.9,46,95.0,100.0,No,No,91370,99120,31,99.0,No,No,3320,0.0,0.0,0.0,0.000,0.087,103669,124055,0.0,0.0,0.0,0.000,0.000,52,0,35.0,47.1,83.0,0.669,12.161,12.200,12.177,12.106,1130,18.880,7.137,9.472,1.403,17.132,11.864,5.262,0.336,9.472,9.404,1.306,5.724,220.000,240.000,210.0,101.2,555.0,210.0,600.0,25.0,25.0,0.0,0.0,27.5,1.5,6.1,0.0,0.0,0.0,33,Yes,No,No,No,No,Yes,No,8.6,11.1,2,0,0,0,0,0,0,0,0,61,0,0,0,0,0,0,0,0,0,0,0,0,0,0,0,0,0,0,0,0,5943,2249,2084,117,2.5,239.7,254.2,223.1,212.6,217.6,210.5,1.2,6.8,0.7,0.7,0.7,0.7,4.17,4.51,3.88,3.74,4.64,4.83,0.93,0.01,4.09,0.08,8.29,0,0,0.0,0.0,20301,1800,0.0,0.0,0,
9.7.2026,23:44:30.239,27797,18197,60.4,20740,11942,63.4,0.7,13312,93,1.375,1.375,1.375,1.375,1.375,1.375,1.375,1.375,1.375,4192.4,4192.4,4192.4,4192.4,4192.4,4192.4,4192.4,4192.4,4192.4,99.8,894.7,2861.3,1572.0,1453.2,1258.2,1142.7,904.5,869.9,717.1,296.7,342.1,565.6,551.9,470.3,370.3,340.7,598.1,894.7,18.6,33.7,36.2,33.5,29.5,26.2,20.5,19.8,16.7,7.0,8.1,13.3,12.3,10.8,8.3,7.8,14.4,36.2,18.6,21.5,38.7,41.8,39.0,33.9,30.7,24.2,23.3,19.2,7.9,9.2,15.1,14.7,12.3,9.4,8.8,16.5,21.5,42.0,42.0,42.0,42.0,42.0,42.0,42.0,42.0,42.0,0.0,56.0,68.7,65.6,62.8,60.1,44.9,51.6,48.3,46.3,44.0,31.3,34.4,37.2,39.9,55.1,48.4,51.7,53.7,0.0,0.0,0.0,0.0,0.0,0.0,0.0,0.0,0.0,1197.8,12.00,16,16,16,39,55,661,1,72.6,61.4,62.5,58.2,60.6,59.9,59.7,58.3,56.8,57.2,56.5,56.7,55.1,55.4,54.8,49.0,45.7,1.394,1.025,1.387,8.550,10.115,8.545,49.775,30.974,3.033,4.428,4.186,3.486,3.026,2.105,2.551,2.282,2.201,11.746,10.412,22.157,31.085,1197.8,1197.8,4147.5,4162.5,4132.6,4201.9,35.3,14.2,55.3,64.6,48.2,No,No,No,0.667,0.030,4.5,46,95.0,100.0,No,No,91370,99120,31,99.0,No,No,3320,0.0,0.2,0.2,0.000,0.304,103669,124056,0.0,0.0,0.0,0.000,0.000,52,0,37.0,50.9,83.0,0.919,12.144,12.194,12.160,12.078,1129,33.560,16.736,26.735,5.902,36.991,22.127,14.853,0.336,26.735,16.506,3.262,13.913,220.000,240.000,1725.0,1750.2,1515.0,381.4,1635.0,4.0,1.0,0.0,0.0,27.2,1.3,5.1,0.0,0.0,0.0,33,Yes,No,No,No,No,Yes,No,19.7,24.4,2,0,0,0,0,0,0,0,0,62,0,0,0,0,0,0,0,0,0,0,0,0,0,0,0,0,0,0,0,0,5960,2232,2067,126,8.0,239.7,254.5,227.5,225.8,226.5,225.6,2.9,17.9,1.6,1.5,1.5,1.5,4.17,4.43,3.91,3.82,4.46,4.50,0.18,0.54,4.07,0.11,3.64,0,0,0.0,0.0,20301,1800,0.4,0.4,0,
9.7.2026,23:44:32.236,27783,18210,60.4,20741,11940,63.4,0.7,13312,93,1.349,1.344,1.350,1.350,1.350,1.350,1.350,1.350,1.350,4089.5,4067.7,4092.6,4092.6,4092.6,4092.6,4092.6,4092.6,4092.6,99.8,1089.1,2734.1,1436.9,1420.0,1417.5,1278.5,1013.0,1100.4,870.4,596.0,531.9,857.3,757.8,672.0,596.5,1060.0,1082.7,1089.1,24.8,40.2,35.1,34.2,33.9,30.8,24.3,26.5,20.8,14.6,13.0,20.8,18.4,16.2,14.9,26.1,26.4,40.2,24.8,28.0,45.8,40.1,38.8,38.5,34.9,27.5,30.0,23.5,16.3,14.5,23.4,20.6,18.2,16.7,29.3,29.8,28.0,41.0,40.8,41.0,41.0,41.0,41.0,41.0,41.0,41.0,0.0,52.4,66.0,61.0,57.8,55.9,40.0,48.3,43.2,47.2,47.6,34.0,39.0,42.2,44.1,60.0,51.7,56.8,52.8,0.0,0.0,0.0,0.0,0.0,0.0,0.0,0.0,0.0,1197.8,12.00,16,16,16,39,55,661,1,79.9,64.3,73.2,59.8,61.7,60.6,60.8,59.7,57.8,59.4,57.8,60.6,55.3,55.4,55.1,47.5,45.7,1.337,1.031,1.337,10.529,10.342,10.520,46.313,33.939,3.497,4.645,4.133,3.765,3.487,2.493,3.126,2.642,3.688,14.433,10.653,25.086,34.033,1197.8,1197.8,4117.9,4140.3,4095.5,4196.7,38.7,17.5,51.5,67.7,51.5,No,No,No,0.966,0.041,4.2,46,95.0,100.0,No,No,91370,99120,31,99.0,No,No,3320,0.0,0.1,0.1,0.000,0.151,103669,124056,0.0,0.0,0.0,0.000,0.000,52,0,37.5,51.4,83.0,0.919,12.150,12.199,12.166,12.085,1129,43.650,16.842,26.965,6.039,37.081,22.091,14.980,0.336,26.965,16.500,3.463,14.002,220.000,240.000,1725.0,1750.2,1515.0,1724.8,1635.0,4.0,1.0,0.0,0.0,27.3,0.3,1.3,0.0,0.0,0.0,33,Yes,No,No,No,No,Yes,No,19.8,24.2,2,0,0,0,0,0,0,0,0,62,0,0,0,0,0,0,0,0,0,0,0,0,0,0,0,0,0,0,0,0,5954,2238,2073,124,8.0,239.7,254.5,227.5,225.8,226.5,225.6,2.9,17.9,1.6,1.5,1.5,1.5,4.17,4.43,3.91,3.82,4.46,4.50,0.18,0.54,4.07,0.11,3.64,0,0,0.0,0.0,20301,1800,0.8,0.1,0,
9.7.2026,23:44:34.238,27914,18080,60.6,20795,11887,63.6,0.7,13312,93,1.363,1.363,1.363,1.363,1.363,1.363,1.363,1.363,1.363,4063.3,4167.5,4167.5,4167.5,4167.5,4167.5,3334.0,4167.5,4167.5,99.8,1067.5,3187.6,1495.6,1816.3,1551.2,1410.4,1104.6,1076.6,965.6,452.2,421.5,853.4,724.8,656.5,456.2,447.2,460.9,1067.5,23.4,46.0,35.3,43.4,36.8,33.5,26.0,25.5,22.8,10.7,9.9,20.2,17.1,15.4,10.6,10.7,11.0,46.0,23.4,26.9,53.0,40.7,49.9,42.3,38.5,29.9,29.3,26.1,12.2,11.4,23.1,19.5,17.6,12.2,12.2,12.5,26.9,40.7,41.8,41.8,41.8,41.8,41.8,33.4,41.8,41.8,0.0,60.5,76.7,76.5,67.9,64.0,46.4,56.1,50.5,45.8,39.5,23.3,23.5,32.1,36.0,53.6,43.9,49.5,54.2,0.0,0.0,0.0,0.0,0.0,0.0,0.0,0.0,0.0,1197.8,12.00,16,16,16,39,55,661,1,76.8,65.1,64.5,60.4,63.4,63.1,62.1,60.6,58.2,59.2,58.0,58.5,56.2,56.5,56.0,49.8,45.9,1.369,1.025,1.375,10.459,10.082,10.467,53.974,33.655,3.554,5.213,5.288,4.082,3.493,2.314,3.024,2.545,2.470,14.338,10.383,24.721,33.708,1197.8,1197.8,4140.4,4155.6,4125.2,4180.4,38.3,17.4,60.0,68.5,50.2,No,No,No,0.929,0.023,4.8,46,95.0,100.0,No,No,91370,99120,31,99.0,No,No,3320,0.1,0.4,0.5,0.182,3.953,103669,124064,0.0,0.0,0.0,0.000,0.000,52,0,35.8,48.4,83.0,0.669,12.157,12.200,12.174,12.098,1129,24.220,8.244,10.807,1.659,19.722,13.719,6.004,0.336,10.807,10.929,2.095,6.361,220.000,240.000,360.0,202.5,825.0,1219.0,900.0,25.0,17.0,0.0,0.0,27.4,0.7,2.7,0.0,0.0,0.0,33,Yes,No,No,No,No,Yes,No,9.9,12.4,2,0,0,0,0,0,0,0,0,63,0,0,0,0,0,0,0,0,0,0,0,0,0,0,0,0,0,0,0,0,5945,2247,2082,130,5.0,239.8,255.0,221.6,218.7,219.9,218.5,7.8,115.6,1.9,1.8,1.8,1.8,4.17,4.56,3.87,3.83,4.59,4.61,0.55,0.05,4.07,0.10,1.48,0,0,0.0,0.0,20301,1800,5.3,0.8,0,
9.7.2026,23:44:36.250,26909,19085,58.5,20725,11956,63.4,0.7,13312,93,1.357,1.363,1.356,1.356,1.356,1.356,1.356,1.356,1.356,4142.5,4167.5,4142.5,4117.6,4142.5,4142.5,4142.5,4142.5,4142.5,99.8,1122.2,3300.2,2079.8,1491.6,1801.5,998.7,1529.8,877.3,1245.2,419.1,516.0,676.8,927.0,538.9,609.2,432.3,511.9,1122.2,24.1,37.6,49.4,35.3,42.7,23.5,36.4,20.7,29.6,10.1,12.5,16.1,22.2,12.6,14.6,10.4,12.4,49.4,24.1,27.5,43.2,56.8,40.4,49.0,26.9,41.7,23.6,33.9,11.3,14.0,18.2,25.2,14.3,16.5,11.7,14.0,27.5,41.5,41.8,41.5,41.2,41.5,41.5,41.5,41.5,41.5,0.0,62.4,79.3,74.9,71.0,67.8,48.2,58.3,52.9,46.9,37.6,20.7,25.1,29.0,32.2,51.8,41.7,47.1,53.1,0.0,0.0,0.0,0.0,0.0,0.0,0.0,0.0,0.0,1197.8,12.00,16,16,16,39,55,661,1,73.6,63.2,64.8,59.7,62.4,61.5,61.4,60.0,58.0,58.7,57.8,57.5,56.0,56.4,55.7,48.0,45.8,1.369,1.031,1.375,10.004,9.947,10.001,55.856,32.781,3.423,5.010,4.797,3.977,3.484,2.345,2.985,2.546,2.244,13.692,10.245,23.937,32.904,1197.8,1197.8,4153.6,4161.8,4145.4,4179.3,37.4,16.7,62.1,66.5,49.8,No,No,No,0.833,0.032,5.0,46,95.0,100.0,No,No,91370,99120,31,99.0,No,No,3320,0.0,0.1,0.1,0.000,1.015,103669,124066,0.0,0.0,0.0,0.000,0.000,52,0,35.7,48.2,83.0,0.669,12.158,12.201,12.174,12.099,1129,21.378,8.040,10.210,1.489,19.783,14.107,5.672,0.336,10.210,11.415,1.335,5.843,220.000,240.000,465.0,202.5,555.0,324.2,600.0,16.0,18.0,0.0,0.0,27.7,1.5,5.9,0.0,0.0,0.0,33,Yes,No,No,No,No,Yes,No,9.8,12.7,2,0,0,0,0,0,0,0,0,65,0,0,0,0,0,0,0,0,0,0,0,0,0,0,0,0,0,0,0,0,5925,2267,2102,133,5.0,239.7,260.7,223.5,210.2,214.7,209.9,21.7,205.1,4.7,4.6,4.6,4.6,4.17,4.53,3.80,3.59,4.68,4.79,0.66,0.05,4.07,0.10,4.25,0,0,0.0,0.0,20301,1800,6.8,10.2,0,
9.7.2026,23:44:38.249,26942,19051,58.5,20726,11956,63.4,0.7,13312,93,1.373,1.363,1.375,1.375,1.375,1.375,1.375,1.375,1.375,4192.4,4192.4,4192.4,4192.4,4192.4,4192.4,4192.4,4192.4,4192.4,99.8,747.6,2765.0,1524.9,1183.2,1338.8,671.9,1035.7,540.4,788.8,164.9,190.3,415.2,455.5,246.2,305.1,139.2,196.8,747.6,15.3,28.2,35.9,27.8,31.6,15.6,24.5,12.7,18.6,4.0,4.5,9.8,10.7,5.6,7.2,3.4,4.8,35.9,15.3,17.4,32.4,41.1,31.7,36.0,17.7,27.8,14.3,21.1,4.3,5.0,11.0,12.0,6.2,8.0,3.6,5.3,17.4,42.0,42.0,42.0,42.0,42.0,42.0,42.0,42.0,42.0,0.0,51.1,66.4,63.5,59.1,57.1,38.1,46.7,41.7,36.1,48.9,33.6,36.5,40.9,42.9,61.9,53.3,58.3,63.9,0.0,0.0,0.0,0.0,0.0,0.0,0.0,0.0,0.0,1197.8,12.00,16,16,16,39,55,661,1,70.4,61.0,59.8,58.1,60.4,59.8,59.5,58.3,56.7,57.2,56.6,56.3,55.5,55.8,55.2,49.0,45.6,1.388,1.025,1.387,7.632,9.398,7.637,45.405,29.106,2.783,4.159,3.985,3.215,2.823,1.854,2.374,2.060,1.792,10.497,9.675,20.171,29.104,1197.8,1197.8,4152.4,4168.8,4135.9,4207.6,33.1,12.7,50.5,64.2,47.0,No,No,No,0.544,0.022,4.1,46,95.0,100.0,No,No,91370,99120,31,99.0,No,No,3320,0.0,0.1,0.1,0.000,0.268,103669,124066,0.0,0.0,0.0,0.000,0.000,52,0,35.6,47.6,83.0,0.669,12.164,12.205,12.179,12.108,1131,20.482,7.216,9.407,1.355,17.368,12.132,5.226,0.336,9.407,9.663,1.482,5.783,220.000,240.000,300.0,101.2,555.0,465.0,600.0,19.0,25.0,0.0,0.0,28.4,1.6,6.3,0.0,0.0,0.0,33,Yes,No,No,No,No,Yes,No,8.8,11.2,2,0,0,0,0,0,0,0,0,66,0,0,0,0,0,0,0,0,0,0,0,0,0,0,0,0,0,0,0,0,5866,2326,2161,134,2.5,5.1,294.5,1.4,1.3,1.3,1.3,5.1,240.6,1.4,1.3,1.3,1.3,197.27,737.48,3.40,3.37,759.62,759.62,1.65,195.56,197.18,0.09,380.68,0,0,0.0,0.0,20301,1800,3.6,0.0,0,
9.7.2026,23:44:40.248,26913,19081,58.5,20725,11956,63.4,0.7,13312,93,1.393,1.387,1.394,1.394,1.394,1.394,1.394,1.394,1.394,3823.1,3593.5,4217.4,4217.4,4217.4,3373.9,4217.4,3373.9,3373.9,99.8,777.4,2858.5,1593.3,1253.8,1203.7,621.7,1016.4,482.5,779.6,151.5,210.9,407.2,533.5,236.5,293.7,271.1,524.1,777.4,15.8,30.0,37.5,29.4,28.1,14.3,23.8,11.1,18.2,3.5,4.9,9.5,12.5,5.2,6.7,6.2,12.4,37.5,15.8,18.2,34.6,43.2,33.8,32.3,16.4,27.3,12.7,20.9,4.0,5.6,10.8,14.3,6.0,7.8,7.2,14.4,18.2,38.3,36.0,42.2,42.2,42.2,33.8,42.2,33.8,33.8,0.0,51.9,68.6,63.0,57.8,55.5,38.0,47.2,41.7,43.2,48.1,31.4,37.0,42.2,44.5,62.0,52.8,58.3,56.8,0.0,0.0,0.0,0.0,0.0,0.0,0.0,0.0,0.0,1197.8,12.00,16,16,16,39,55,661,1,67.8,61.5,62.0,58.1,60.5,59.8,59.3,58.1,56.5,57.2,56.4,57.0,55.3,55.6,55.1,48.2,45.3,1.400,1.025,1.387,7.796,9.204,7.802,46.226,29.148,2.833,4.220,4.121,3.158,2.757,1.863,2.377,2.034,2.134,10.731,9.474,20.206,29.139,1197.8,1197.8,4156.8,4171.2,4142.4,4202.3,33.1,13.0,51.4,64.8,47.2,No,No,No,0.568,0.020,4.2,46,95.0,100.0,No,No,91370,99120,31,99.0,No,No,3320,0.0,0.1,0.1,0.000,0.173,103669,124067,0.0,0.0,0.0,0.000,0.000,52,0,35.5,47.6,83.0,0.669,12.161,12.200,12.177,12.105,1129,19.667,7.480,10.131,1.379,17.974,12.335,5.628,0.336,10.131,9.567,1.321,5.999,220.000,240.000,330.0,101.2,555.0,289.5,600.0,19.0,25.0,0.0,0.0,28.4,1.8,7.2,0.0,0.0,0.0,33,Yes,No,No,No,No,Yes,No,9.0,11.5,2,0,0,0,0,0,0,0,0,66,0,0,0,0,0,0,0,0,0,0,0,0,0,0,0,0,0,0,0,0,5866,2326,2161,134,2.5,5.1,294.5,1.4,1.3,1.3,1.3,5.1,240.6,1.4,1.3,1.3,1.3,197.27,737.48,3.40,3.37,759.62,759.62,1.65,195.56,197.18,0.09,380.68,0,0,0.0,0.0,20301,1800,1.5,0.3,0,
9.7.2026,23:44:42.238,26900,19093,58.4,20714,11968,63.3,0.7,13312,93,1.267,1.056,1.056,1.056,1.394,1.394,1.394,1.394,1.394,4217.4,4217.4,4217.4,4217.4,4217.4,4217.4,4217.4,4217.4,4217.4,99.8,566.6,2370.2,1454.5,819.8,1075.0,532.4,802.2,415.9,502.5,80.0,89.0,202.7,220.6,130.7,115.3,78.7,175.6,566.6,10.8,16.9,34.7,19.2,25.3,12.3,18.9,9.6,11.6,1.7,1.9,4.5,5.0,2.6,2.5,1.6,4.0,34.7,10.8,12.4,19.5,39.8,22.0,28.9,14.2,21.6,11.0,13.3,2.1,2.3,5.3,5.8,3.2,3.0,2.0,4.8,12.4,42.2,42.2,42.2,42.2,42.2,42.2,42.2,42.2,42.2,0.0,39.5,56.9,51.3,47.6,44.7,26.0,33.8,29.4,26.5,60.5,43.1,48.7,52.4,55.3,74.0,66.2,70.6,73.5,0.0,0.0,0.0,0.0,0.0,0.0,0.0,0.0,0.0,1197.8,12.00,16,16,16,39,55,661,1,64.9,59.5,60.8,56.7,58.8,58.2,58.1,56.9,55.4,55.7,55.3,55.4,54.6,54.8,54.4,48.0,44.7,1.400,1.031,1.400,6.174,9.039,6.176,34.623,26.696,2.358,3.472,3.400,2.822,2.414,1.571,1.877,1.672,1.634,8.564,9.301,17.865,26.758,1197.8,1197.8,4138.3,4162.9,4113.7,4243.7,30.4,10.3,38.5,62.7,45.2,No,No,No,0.409,0.016,3.2,46,95.0,100.0,No,No,91370,99120,31,99.0,No,No,3320,0.0,0.0,0.0,0.000,0.008,103669,124067,0.0,0.0,0.0,0.000,0.000,52,0,35.4,47.5,83.0,0.669,12.168,12.207,12.184,12.112,1129,19.359,7.339,9.709,1.428,17.630,12.234,5.394,0.336,9.709,9.693,1.332,5.929,220.000,240.000,210.0,101.2,555.0,291.4,600.0,24.0,25.0,0.0,1.0,28.4,1.6,6.5,0.0,0.0,0.0,33,Yes,No,No,No,No,Yes,No,8.8,11.2,2,0,0,0,0,0,0,0,0,66,0,0,0,0,0,0,0,0,0,0,0,0,0,0,0,0,0,0,0,0,5867,2325,2161,134,2.5,5.1,294.5,1.4,1.3,1.3,1.3,5.1,240.6,1.4,1.3,1.3,1.3,197.27,737.48,3.40,3.37,759.62,759.62,1.65,195.56,197.18,0.09,380.68,0,0,0.0,0.0,20301,1800,6.1,2.4,0,
9.7.2026,23:44:44.234,26897,19097,58.4,20711,11971,63.3,0.7,13312,93,1.224,1.387,1.056,1.056,1.056,1.056,1.394,1.394,1.394,4217.4,4217.4,4217.4,4217.4,4217.4,4217.4,4217.4,4217.4,4217.4,99.8,574.7,2349.0,1296.2,832.6,1138.1,509.2,766.6,408.8,524.7,90.2,94.6,249.7,237.3,142.9,119.9,135.3,300.4,574.7,11.6,21.7,31.2,19.9,27.1,12.2,18.4,9.8,12.5,2.3,2.4,6.0,5.7,3.3,2.9,3.3,7.3,31.2,11.6,13.0,24.7,35.4,22.4,30.7,13.5,20.6,10.8,14.0,2.4,2.5,6.6,6.2,3.5,3.1,3.6,8.2,13.0,42.2,42.2,42.2,42.2,42.2,42.2,42.2,42.2,42.2,0.0,40.4,56.5,52.3,46.4,44.5,27.6,35.2,30.6,30.0,59.6,43.5,47.7,53.6,55.5,72.4,64.8,69.4,70.0,0.0,0.0,0.0,0.0,0.0,0.0,0.0,0.0,0.0,1197.8,12.00,16,16,16,39,55,661,1,62.5,59.6,61.0,56.6,58.8,58.2,57.7,56.6,55.3,55.6,55.1,55.3,54.5,54.7,54.3,47.0,44.9,1.406,1.025,1.400,6.123,9.066,6.123,35.212,26.628,2.356,3.548,3.419,2.671,2.364,1.571,1.914,1.658,1.707,8.473,9.328,17.800,26.692,1197.8,1197.8,4126.6,4151.3,4102.0,4245.2,30.3,10.2,39.1,62.7,44.7,No,No,No,0.444,0.017,3.2,45,95.0,100.0,No,No,91370,99120,31,99.0,No,No,3320,0.0,0.1,0.1,0.000,0.115,103669,124067,0.0,0.0,0.0,0.000,0.000,52,0,35.4,47.5,83.0,0.669,12.161,12.200,12.177,12.105,1129,19.396,7.437,9.947,1.513,17.827,12.299,5.526,0.336,9.947,9.741,1.385,5.846,220.000,240.000,210.0,101.2,555.0,210.0,600.0,23.0,25.0,0.0,0.0,28.4,1.6,6.5,0.0,0.0,0.0,33,Yes,No,No,No,No,Yes,No,8.9,11.4,2,0,0,0,0,0,0,0,0,66,0,0,0,0,0,0,0,0,0,0,0,0,0,0,0,0,0,0,0,0,5867,2325,2161,134,2.5,5.1,294.5,1.4,1.3,1.3,1.3,5.1,240.6,1.4,1.3,1.3,1.3,197.27,737.48,3.40,3.37,759.62,759.62,1.65,195.56,197.18,0.09,380.68,0,0,0.0,0.0,20301,1800,0.5,0.5,0,
9.7.2026,23:44:46.234,26854,19140,58.3,20680,12002,63.2,0.7,13312,93,1.381,1.394,1.369,1.375,1.375,1.375,1.387,1.387,1.387,4189.3,4192.4,4167.5,4192.4,4192.4,4192.4,4192.4,4192.4,4192.4,99.8,555.5,2214.8,1196.5,875.3,1037.1,516.9,720.0,386.4,544.4,100.6,123.0,231.9,250.2,177.9,207.3,88.3,217.3,555.5,11.1,18.9,28.7,20.8,24.6,12.3,17.2,9.1,12.9,2.3,2.9,5.5,5.9,3.9,4.8,2.0,5.2,28.7,11.1,12.5,21.5,32.6,23.6,27.9,13.8,19.4,10.2,14.5,2.6,3.2,6.1,6.6,4.5,5.4,2.3,5.9,12.5,42.0,42.0,41.8,42.0,42.0,42.0,42.0,42.0,42.0,0.0,39.6,53.4,51.0,45.7,43.8,28.6,34.2,32.0,28.1,60.4,46.6,49.0,54.3,56.2,71.4,65.8,68.0,71.9,0.0,0.0,0.0,0.0,0.0,0.0,0.0,0.0,0.0,1197.8,12.00,16,16,16,39,55,661,1,60.6,59.3,64.2,56.4,58.1,58.1,57.4,56.5,55.2,55.5,55.2,55.2,54.3,54.5,54.1,48.0,44.5,1.400,1.025,1.406,5.937,9.015,5.929,34.471,26.277,2.324,3.244,3.408,2.631,2.365,1.605,1.892,1.779,1.670,8.213,9.274,17.487,26.361,1197.8,1197.8,4123.4,4149.7,4097.0,4249.1,30.0,9.9,38.3,62.4,44.0,No,No,No,0.422,0.016,3.2,45,95.0,100.0,No,No,91370,99120,31,99.0,No,No,3320,0.0,0.0,0.0,0.000,0.102,103669,124067,0.0,0.0,0.0,0.000,0.000,52,0,35.3,47.4,83.0,0.669,12.167,12.206,12.184,12.112,1130,19.403,7.338,9.679,1.526,17.617,12.233,5.377,0.336,9.679,9.805,1.379,5.754,220.000,240.000,210.0,101.2,555.0,210.0,600.0,24.0,25.0,0.0,0.0,28.4,1.8,7.3,0.0,0.0,0.0,33,Yes,No,No,No,No,Yes,No,8.9,11.0,2,0,0,0,0,0,0,0,0,66,0,0,0,0,0,0,0,0,0,0,0,0,0,0,0,0,0,0,0,0,5867,2325,2161,134,2.5,5.1,294.5,1.4,1.3,1.3,1.3,5.1,240.6,1.4,1.3,1.3,1.3,197.27,737.48,3.40,3.37,759.62,759.62,1.65,195.56,197.18,0.09,380.68,0,0,0.0,0.0,20301,1800,0.5,0.6,0,
9.7.2026,23:44:48.237,26690,19304,58.0,20532,12149,62.8,0.7,13312,93,1.373,1.375,1.369,1.369,1.369,1.369,1.369,1.381,1.381,3742.0,4192.4,3373.9,4217.4,3373.9,3593.5,3593.5,4217.4,3373.9,99.8,979.7,2650.9,1480.8,1391.3,1511.1,897.6,1105.1,756.3,1007.8,426.8,475.9,614.1,669.2,522.7,572.4,727.3,866.4,979.7,21.6,33.4,35.6,33.3,36.2,21.4,26.7,18.1,24.3,10.3,11.5,14.7,16.1,12.3,13.8,17.5,20.9,36.2,21.6,24.6,38.1,40.5,38.0,41.3,24.4,30.2,20.5,27.5,11.7,13.0,16.7,18.2,14.0,15.7,20.0,23.9,24.6,37.5,42.0,33.8,42.2,33.8,36.0,36.0,42.2,33.8,0.0,52.3,64.3,65.4,56.9,54.9,39.9,46.4,43.3,47.1,47.7,35.7,34.6,43.1,45.1,60.1,53.6,56.7,52.9,0.0,0.0,0.0,0.0,0.0,0.0,0.0,0.0,0.0,1197.8,12.00,16,16,16,39,55,661,1,68.5,64.1,59.2,59.4,60.9,61.0,60.1,59.6,57.5,58.5,57.6,59.7,55.4,55.5,55.2,49.5,45.5,1.400,1.025,1.394,9.502,9.241,9.509,46.219,31.502,3.302,4.280,4.411,3.501,3.337,2.315,2.756,2.568,3.247,13.038,9.523,22.561,31.534,1197.8,1197.8,4117.8,4134.6,4101.0,4193.4,35.8,15.8,51.4,67.5,49.2,No,No,No,0.974,0.047,4.2,46,95.0,100.0,No,No,91370,99120,31,99.0,No,No,3320,0.1,0.3,0.4,0.184,3.771,103670,124074,0.0,0.0,0.0,0.000,0.000,52,0,35.3,47.5,83.0,0.669,12.165,12.205,12.182,12.109,1129,19.267,7.402,9.866,1.416,17.785,12.303,5.481,0.336,9.866,9.691,1.422,5.856,220.000,240.000,210.0,101.2,555.0,210.0,600.0,23.0,25.0,0.0,0.0,28.4,1.8,7.3,0.0,0.0,0.0,33,Yes,No,No,No,No,Yes,No,8.9,11.1,2,0,0,0,0,0,0,0,0,66,0,0,0,0,0,0,0,0,0,0,0,0,0,0,0,0,0,0,0,0,5867,2325,2161,134,2.5,5.1,294.5,1.4,1.3,1.3,1.3,5.1,240.6,1.4,1.3,1.3,1.3,197.27,737.48,3.40,3.37,759.62,759.62,1.65,195.56,197.18,0.09,380.68,0,0,0.0,0.0,20301,1800,0.4,0.0,0,
9.7.2026,23:44:50.246,26683,19311,58.0,20526,12156,62.8,0.7,13312,93,1.389,1.400,1.387,1.387,1.387,1.387,1.387,1.387,1.387,4220.5,4242.3,4217.4,4217.4,4217.4,4217.4,4217.4,4217.4,4217.4,99.8,632.1,2413.5,1146.5,967.6,1148.9,507.9,783.7,400.9,581.4,100.7,128.2,307.6,264.9,237.5,273.6,373.1,477.3,632.1,13.4,27.3,27.5,23.2,27.5,12.2,18.9,9.7,14.0,2.7,3.4,7.6,6.6,5.7,6.8,9.2,11.7,27.5,13.4,14.9,31.0,31.1,26.2,31.0,13.5,21.2,10.7,15.6,2.6,3.4,8.2,7.0,6.1,7.3,10.2,13.1,14.9,42.3,42.5,42.2,42.2,42.2,42.2,42.2,42.2,42.2,0.0,43.9,58.1,55.5,48.9,46.7,31.3,37.6,35.7,37.6,56.1,41.9,44.5,51.1,53.3,68.7,62.4,64.3,62.4,0.0,0.0,0.0,0.0,0.0,0.0,0.0,0.0,0.0,1197.8,12.00,16,16,16,39,55,661,1,65.9,59.9,61.0,56.9,58.9,58.4,57.9,56.7,55.5,55.9,55.6,56.1,54.6,54.8,54.4,47.2,44.9,1.413,1.031,1.400,6.580,9.154,6.580,38.602,27.329,2.468,3.579,3.501,2.736,2.398,1.643,1.983,1.880,2.029,9.091,9.421,18.512,27.410,1197.8,1197.8,4135.1,4157.4,4112.8,4228.8,31.1,11.0,42.9,63.1,45.8,No,No,No,0.494,0.011,3.5,46,95.0,100.0,No,No,91370,99120,31,99.0,No,No,3320,0.0,0.1,0.1,0.000,0.130,103670,124075,0.0,0.0,0.0,0.000,0.000,52,0,35.4,47.4,83.0,0.669,12.163,12.203,12.179,12.108,1129,19.412,7.350,9.835,1.367,17.672,12.205,5.464,0.336,9.835,9.563,1.465,5.759,220.000,240.000,210.0,101.2,555.0,210.0,600.0,24.0,25.0,0.0,0.0,28.4,1.7,6.8,0.0,0.0,0.0,33,Yes,No,No,No,No,Yes,No,8.8,11.1,2,0,0,0,0,0,0,0,0,66,0,0,0,0,0,0,0,0,0,0,0,0,0,0,0,0,0,0,0,0,5867,2325,2161,134,2.5,5.1,294.5,1.4,1.3,1.3,1.3,5.1,240.6,1.4,1.3,1.3,1.3,197.27,737.48,3.40,3.37,759.62,759.62,1.65,195.56,197.18,0.09,380.68,0,0,0.0,0.0,20301,1800,0.7,1.5,0,
9.7.2026,23:44:52.241,26679,19315,58.0,20522,12159,62.7,0.7,13312,93,1.393,1.387,1.394,1.394,1.394,1.394,1.394,1.394,1.394,4220.5,4242.3,4217.4,4217.4,4217.4,4217.4,4217.4,4217.4,4217.4,99.8,573.4,2399.3,1310.4,843.2,1070.6,519.6,708.8,403.3,526.4,91.6,96.3,227.9,239.7,154.9,165.3,117.9,299.8,573.4,10.9,21.1,30.8,19.4,25.0,11.7,16.4,8.9,11.9,1.7,1.8,4.9,5.2,3.0,3.4,2.3,6.7,30.8,10.9,12.9,24.7,35.7,22.7,28.8,13.8,19.1,10.7,14.0,2.4,2.5,6.0,6.4,3.9,4.4,3.1,8.2,12.9,42.3,42.5,42.2,42.2,42.2,42.2,42.2,42.2,42.2,0.0,40.7,57.6,52.3,47.6,45.4,27.3,34.3,31.2,29.7,59.3,42.4,47.7,52.4,54.6,72.7,65.7,68.8,70.3,0.0,0.0,0.0,0.0,0.0,0.0,0.0,0.0,0.0,1197.8,12.00,16,16,16,39,55,661,1,63.1,59.5,62.2,56.6,58.9,57.8,57.7,56.7,55.4,55.6,55.2,55.4,54.5,54.7,54.3,48.5,44.9,1.400,1.031,1.400,6.199,9.063,6.196,35.660,26.723,2.378,3.633,3.360,2.707,2.403,1.585,1.889,1.709,1.739,8.590,9.323,17.914,26.799,1197.8,1197.8,4136.4,4162.4,4110.5,4240.5,30.5,10.3,39.6,62.6,45.0,No,No,No,0.430,0.017,3.3,45,95.0,100.0,No,No,91370,99120,31,99.0,No,No,3320,0.0,0.1,0.1,0.000,0.293,103670,124075,0.0,0.0,0.0,0.000,0.000,52,0,35.3,47.3,83.0,0.669,12.163,12.202,12.180,12.107,1129,19.156,7.316,9.511,1.452,17.660,12.362,5.284,0.336,9.511,9.942,1.353,5.746,220.000,240.000,210.0,101.2,555.0,210.0,600.0,24.0,25.0,0.0,0.0,28.4,1.6,6.4,0.0,0.0,0.0,33,Yes,No,No,No,No,Yes,No,8.8,11.4,2,0,0,0,0,0,0,0,0,66,0,0,0,0,0,0,0,0,0,0,0,0,0,0,0,0,0,0,0,0,5867,2325,2161,134,2.5,5.1,294.5,1.4,1.3,1.3,1.3,5.1,240.6,1.4,1.3,1.3,1.3,197.27,737.48,3.40,3.37,759.62,759.62,1.65,195.56,197.18,0.09,380.68,0,0,0.0,0.0,20301,1800,4.5,3.4,0,
9.7.2026,23:44:54.240,26677,19317,58.0,20520,12161,62.7,0.7,13312,93,1.381,1.381,1.381,1.381,1.381,1.381,1.381,1.381,1.381,4217.4,4217.4,4217.4,4217.4,4217.4,4217.4,4217.4,4217.4,4217.4,99.8,532.2,2322.6,1140.3,794.4,1097.2,556.0,650.8,397.3,471.8,79.3,81.4,210.0,193.4,131.2,119.3,131.3,138.7,532.2,10.5,21.9,26.9,18.6,25.9,12.9,15.3,9.2,11.0,2.0,2.0,5.0,4.6,2.9,2.9,3.2,3.4,26.9,10.5,11.9,25.2,31.0,21.3,29.6,14.8,17.4,10.5,12.5,2.1,2.2,5.5,5.1,3.2,3.2,3.5,3.7,11.9,42.2,42.2,42.2,42.2,42.2,42.2,42.2,42.2,42.2,0.0,38.9,55.5,51.0,46.4,44.5,25.4,33.1,28.9,26.3,61.1,44.5,49.0,53.6,55.5,74.6,66.9,71.1,73.7,0.0,0.0,0.0,0.0,0.0,0.0,0.0,0.0,0.0,1197.8,12.00,16,16,16,39,55,661,1,60.6,59.1,58.0,56.3,58.5,57.6,57.5,56.5,55.1,55.4,54.9,55.0,54.3,54.5,54.1,47.5,45.0,1.406,1.025,1.406,6.098,9.048,6.100,34.237,26.654,2.329,3.526,3.281,2.706,2.397,1.556,1.857,1.661,1.644,8.480,9.307,17.787,26.675,1197.8,1197.8,4147.6,4177.0,4118.3,4243.5,30.3,10.2,38.0,62.2,45.3,No,No,No,0.386,0.016,3.1,45,95.0,100.0,No,No,91370,99120,31,99.0,No,No,3320,0.0,0.1,0.1,0.000,0.081,103670,124075,0.0,0.0,0.0,0.000,0.000,52,0,35.3,47.5,83.0,0.669,12.161,12.201,12.178,12.105,1128,19.282,7.299,9.526,1.427,17.560,12.263,5.292,0.336,9.526,9.808,1.407,5.846,220.000,240.000,210.0,101.2,555.0,210.0,600.0,23.0,25.0,0.0,0.0,28.4,1.7,6.7,0.0,0.0,0.0,33,Yes,No,No,No,No,Yes,No,8.8,11.0,2,0,0,0,0,0,0,0,0,66,0,0,0,0,0,0,0,0,0,0,0,0,0,0,0,0,0,0,0,0,5867,2325,2161,134,2.5,5.1,294.5,1.4,1.3,1.3,1.3,5.1,240.6,1.4,1.3,1.3,1.3,197.27,737.48,3.40,3.37,759.62,759.62,1.65,195.56,197.18,0.09,380.68,0,0,0.0,0.0,20301,1800,4.5,3.4,0,
9.7.2026,23:44:56.234,26677,19317,58.0,20520,12161,62.7,0.7,13312,93,1.381,1.381,1.381,1.381,1.381,1.381,1.381,1.381,1.381,4217.4,4217.4,4217.4,4217.4,4217.4,4217.4,4217.4,4217.4,4217.4,99.8,532.2,2322.6,1140.3,794.4,1097.2,556.0,650.8,397.3,471.8,79.3,81.4,210.0,193.4,131.2,119.3,131.3,138.7,532.2,10.5,21.9,26.9,18.6,25.9,12.9,15.3,9.2,11.0,2.0,2.0,5.0,4.6,2.9,2.9,3.2,3.4,26.9,10.5,11.9,25.2,31.0,21.3,29.6,14.8,17.4,10.5,12.5,2.1,2.2,5.5,5.1,3.2,3.2,3.5,3.7,11.9,42.2,42.2,42.2,42.2,42.2,42.2,42.2,42.2,42.2,0.0,38.9,55.5,51.0,46.4,44.5,25.4,33.1,28.9,26.3,61.1,44.5,49.0,53.6,55.5,74.6,66.9,71.1,73.7,0.0,0.0,0.0,0.0,0.0,0.0,0.0,0.0,0.0,1197.8,12.00,16,16,16,39,55,661,1,60.6,59.1,58.0,56.3,58.5,57.6,57.5,56.5,55.1,55.4,54.9,55.0,54.3,54.5,54.1,47.5,45.0,1.406,1.025,1.406,6.098,9.048,6.100,34.237,26.654,2.329,3.526,3.281,2.706,2.397,1.556,1.857,1.661,1.644,8.480,9.307,17.787,26.675,1197.8,1197.8,4147.6,4177.0,4118.3,4243.5,30.3,10.2,38.0,62.2,45.3,No,No,No,0.386,0.016,3.1,45,95.0,100.0,No,No,91370,99120,31,99.0,No,No,3320,0.0,0.1,0.1,0.000,0.081,103670,124075,0.0,0.0,0.0,0.000,0.000,52,0,35.3,47.5,83.0,0.669,12.160,12.199,12.176,12.105,1131,19.312,7.315,9.661,1.415,17.607,12.238,5.367,0.336,9.661,9.706,1.299,5.859,220.000,240.000,210.0,101.2,555.0,210.0,600.0,25.0,26.0,0.0,0.0,28.4,1.6,6.3,0.0,0.0,0.0,33,Yes,No,No,No,No,Yes,No,8.7,11.3,2,0,0,0,0,0,0,0,0,66,0,0,0,0,0,0,0,0,0,0,0,0,0,0,0,0,0,0,0,0,5867,2325,2161,134,2.5,5.1,294.5,1.4,1.3,1.3,1.3,5.1,240.6,1.4,1.3,1.3,1.3,197.27,737.48,3.40,3.37,759.62,759.62,1.65,195.56,197.18,0.09,380.68,0,0,0.0,0.0,20301,1800,0.6,0.3,0,
9.7.2026,23:44:58.244,26676,19317,57.9,20520,12161,62.7,0.7,13312,93,1.384,1.400,1.381,1.381,1.381,1.381,1.381,1.381,1.381,4242.3,4242.3,4242.3,4242.3,4242.3,4242.3,4242.3,4242.3,4242.3,99.8,543.9,2331.1,885.9,759.3,1365.8,694.1,545.6,451.2,414.2,78.4,73.6,247.7,232.6,122.6,88.1,204.2,207.7,543.9,11.4,28.7,20.8,18.0,32.5,16.5,12.9,10.7,9.8,2.2,2.1,6.1,5.7,3.0,2.3,5.2,5.3,32.5,11.4,12.7,32.8,23.8,20.4,37.1,18.6,14.5,12.0,10.9,2.1,1.9,6.6,6.2,3.0,2.3,5.5,5.7,12.7,42.5,42.5,42.5,42.5,42.5,42.5,42.5,42.5,42.5,0.0,40.1,55.7,55.3,47.5,45.2,25.8,34.1,28.8,28.4,59.9,44.3,44.7,52.5,54.8,74.2,65.9,71.2,71.6,0.0,0.0,0.0,0.0,0.0,0.0,0.0,0.0,0.0,1197.8,12.00,16,16,16,39,55,661,1,67.6,59.4,67.2,56.4,58.3,58.4,57.5,56.5,55.0,55.6,54.8,55.2,54.3,54.6,54.1,48.8,44.9,1.406,1.031,1.400,6.355,9.064,6.351,35.482,26.985,2.393,3.520,3.675,2.740,2.381,1.556,1.933,1.631,1.710,8.837,9.324,18.161,27.043,1197.8,1197.8,4154.2,4184.5,4123.9,4235.9,30.7,10.6,39.4,62.6,46.0,No,No,No,0.419,0.016,3.2,45,95.0,100.0,No,No,91370,99120,31,99.0,No,No,3320,0.0,0.0,0.0,0.000,0.050,103670,124075,0.0,0.0,0.0,0.000,0.000,52,0,35.3,47.3,83.0,0.669,12.162,12.202,12.177,12.106,1128,19.308,7.239,9.385,1.415,17.450,12.227,5.214,0.336,9.385,9.830,1.290,5.859,220.000,240.000,210.0,101.2,555.0,210.0,600.0,26.0,26.0,0.0,0.0,28.4,1.6,6.5,0.0,0.0,0.0,33,Yes,No,No,No,No,Yes,No,8.7,11.2,2,0,0,0,0,0,0,0,0,66,0,0,0,0,0,0,0,0,0,0,0,0,0,0,0,0,0,0,0,0,5867,2325,2161,134,2.5,5.1,294.5,1.4,1.3,1.3,1.3,5.1,240.6,1.4,1.3,1.3,1.3,197.27,737.48,3.40,3.37,759.62,759.62,1.65,195.56,197.18,0.09,380.68,0,0,0.0,0.0,20301,1800,0.9,0.4,0,
9.7.2026,23:45:0.248,26677,19317,58.0,20519,12163,62.7,0.7,13312,93,1.395,1.400,1.394,1.394,1.394,1.394,1.394,1.394,1.394,4220.5,4242.3,4217.4,4217.4,4217.4,4217.4,4217.4,4217.4,4217.4,99.8,517.9,2261.8,918.5,690.7,1309.3,679.1,519.3,428.6,412.0,70.5,71.9,193.4,201.2,148.9,103.7,95.3,181.5,517.9,10.4,25.9,21.6,16.4,31.2,16.1,12.3,10.2,9.7,1.2,1.2,4.8,5.0,3.6,1.9,1.8,3.9,31.2,10.4,11.9,29.6,24.7,18.6,35.5,18.2,13.8,11.4,10.9,1.8,1.9,5.1,5.3,3.7,2.7,2.5,4.9,11.9,42.3,42.5,42.2,42.2,42.2,42.2,42.2,42.2,42.2,0.0,38.8,54.1,53.1,46.4,44.3,24.8,32.7,28.5,26.1,61.2,45.9,46.9,53.6,55.7,75.2,67.3,71.5,73.9,0.0,0.0,0.0,0.0,0.0,0.0,0.0,0.0,0.0,1197.8,12.00,16,16,16,39,55,661,1,64.9,59.3,69.2,56.3,58.2,58.1,57.4,56.5,55.0,55.4,55.0,55.1,54.3,54.5,54.1,46.5,44.3,1.413,1.031,1.406,6.220,9.034,6.222,34.260,26.774,2.333,3.371,3.476,2.691,2.370,1.539,1.858,1.689,1.666,8.645,9.294,17.939,26.825,1197.8,1197.8,4153.5,4184.7,4122.4,4238.3,30.5,10.4,38.1,62.4,46.1,No,No,No,0.383,0.017,3.1,45,95.0,100.0,No,No,91370,99120,31,99.0,No,No,3320,0.0,0.0,0.0,0.000,0.093,103670,124076,0.0,0.0,0.0,0.000,0.000,52,0,35.2,47.4,83.0,0.669,12.158,12.198,12.174,12.102,1129,19.313,7.266,9.457,1.452,17.470,12.211,5.254,0.336,9.457,9.812,1.406,5.805,220.000,240.000,210.0,101.2,555.0,210.0,600.0,27.0,27.0,0.0,0.0,28.4,1.6,6.5,0.0,0.0,0.0,33,Yes,No,No,No,No,Yes,No,8.8,11.3,2,0,0,0,0,0,0,0,0,66,0,0,0,0,0,0,0,0,0,0,0,0,0,0,0,0,0,0,0,0,5867,2325,2161,134,2.5,5.1,294.5,1.4,1.3,1.3,1.3,5.1,240.6,1.4,1.3,1.3,1.3,197.27,737.48,3.40,3.37,759.62,759.62,1.65,195.56,197.18,0.09,380.68,0,0,0.0,0.0,20301,1800,0.6,0.0,0,
9.7.2026,23:45:2.235,26687,19306,58.0,20521,12160,62.7,0.7,13312,93,1.382,1.387,1.381,1.381,1.381,1.381,1.381,1.381,1.381,4217.4,4217.4,4217.4,4217.4,4217.4,4217.4,4217.4,4217.4,4217.4,99.8,617.7,2444.0,1033.9,992.1,1177.6,789.8,611.6,486.8,465.0,189.2,162.7,340.0,302.6,160.8,117.6,251.5,357.3,617.7,13.0,31.3,24.2,23.3,28.0,18.7,14.2,11.3,10.7,5.1,4.5,7.9,6.9,3.4,3.3,6.5,9.1,31.3,13.0,14.7,35.9,28.0,26.9,31.9,21.3,16.3,13.0,12.3,5.1,4.4,9.1,8.1,4.0,3.1,6.8,9.8,14.7,42.2,42.2,42.2,42.2,42.2,42.2,42.2,42.2,42.2,0.0,43.3,58.7,57.4,50.0,47.3,29.6,38.5,31.4,33.7,56.7,41.3,42.6,50.0,52.7,70.4,61.5,68.6,66.3,0.0,0.0,0.0,0.0,0.0,0.0,0.0,0.0,0.0,1197.8,12.00,16,16,16,39,55,661,1,62.9,59.9,70.0,56.6,58.6,58.4,57.7,56.6,55.3,55.8,55.0,55.6,54.4,54.5,54.2,47.2,45.0,1.388,1.038,1.394,6.705,9.145,6.698,38.369,27.477,2.505,3.676,3.691,2.851,2.454,1.702,2.052,1.711,1.901,9.279,9.409,18.688,27.576,1197.8,1197.8,4156.1,4180.5,4131.8,4229.4,31.3,11.2,42.6,63.0,46.1,No,No,No,0.511,0.018,3.5,46,95.0,100.0,No,No,91370,99120,31,99.0,No,No,3320,0.0,0.1,0.1,0.032,0.304,103670,124076,0.0,0.0,0.0,0.000,0.000,52,0,35.3,47.3,83.0,0.669,12.158,12.199,12.174,12.102,1130,19.257,7.321,9.376,1.427,17.592,12.368,5.209,0.336,9.376,9.984,1.723,5.821,220.000,240.000,210.0,101.2,555.0,210.0,600.0,28.0,27.0,0.0,1.0,28.4,1.7,6.8,0.0,0.0,0.0,33,Yes,No,No,No,No,Yes,No,8.8,11.3,2,0,0,0,0,0,0,0,0,66,0,0,0,0,0,0,0,0,0,0,0,0,0,0,0,0,0,0,0,0,5867,2325,2161,133,2.5,5.1,294.5,1.4,1.3,1.3,1.3,5.1,240.6,1.4,1.3,1.3,1.3,197.27,737.48,3.40,3.37,759.62,759.62,1.65,195.56,197.18,0.09,380.68,0,0,0.0,0.0,20301,1800,0.8,0.4,0,
9.7.2026,23:45:4.244,26708,19286,58.0,20551,12131,62.8,0.7,13312,93,1.352,1.369,1.350,1.350,1.350,1.350,1.350,1.350,1.350,4095.7,4117.6,4092.6,4092.6,4092.6,4092.6,4092.6,4092.6,4092.6,99.8,1130.6,2622.9,1309.1,1631.3,1578.5,1314.1,1100.7,1093.8,1003.9,673.6,700.3,828.3,751.4,680.8,676.4,1061.3,1062.8,1130.6,25.7,38.6,31.3,39.2,38.1,31.7,26.4,26.4,24.1,16.3,17.0,20.0,18.0,16.2,16.3,26.0,26.0,39.2,25.7,29.2,43.9,35.7,44.8,43.2,36.0,30.0,29.9,27.4,18.5,19.3,22.7,20.5,18.5,18.6,29.4,29.5,29.2,41.0,41.2,41.0,41.0,41.0,41.0,41.0,41.0,41.0,0.0,53.2,63.6,67.0,59.2,57.2,42.1,47.8,43.6,44.8,46.8,36.4,33.0,40.8,42.8,57.9,52.2,56.4,55.2,0.0,0.0,0.0,0.0,0.0,0.0,0.0,0.0,0.0,1197.8,12.00,16,16,16,39,55,661,1,72.1,63.8,67.8,59.6,60.4,61.3,60.3,59.9,58.1,58.9,57.6,60.3,55.1,55.3,54.9,47.2,45.4,1.362,1.031,1.363,10.518,9.348,10.512,47.022,32.828,3.523,4.173,4.599,3.823,3.592,2.721,2.977,2.692,3.610,14.363,9.635,23.998,32.958,1197.8,1197.8,4125.7,4144.9,4106.4,4197.0,37.5,17.5,52.2,67.2,50.8,No,No,No,1.054,0.043,4.3,45,95.0,100.0,No,No,91370,99120,31,99.0,No,No,3320,0.1,0.1,0.2,0.057,0.241,103670,124077,0.0,0.0,0.0,0.000,0.000,52,0,35.2,47.5,83.0,0.669,12.163,12.204,12.179,12.107,1130,19.310,7.295,9.630,1.465,17.538,12.180,5.350,0.336,9.630,9.724,1.341,5.754,220.000,240.000,210.0,101.2,555.0,210.0,600.0,27.0,27.0,0.0,0.0,28.4,1.8,7.0,0.0,0.0,0.0,33,Yes,No,No,No,No,Yes,No,8.8,11.3,2,0,0,0,0,0,0,0,0,66,0,0,0,0,0,0,0,0,0,0,0,0,0,0,0,0,0,0,0,0,5867,2325,2161,133,2.5,5.1,294.5,1.4,1.3,1.3,1.3,5.1,240.6,1.4,1.3,1.3,1.3,197.27,737.48,3.40,3.37,759.62,759.62,1.65,195.56,197.18,0.09,380.68,0,0,0.0,0.0,20301,1800,0.8,0.3,0,
9.7.2026,23:45:6.241,26680,19313,58.0,20523,12158,62.7,0.7,13312,93,1.381,1.381,1.381,1.381,1.381,1.381,1.381,1.381,1.381,4112.0,4217.4,4217.4,4217.4,4217.4,4217.4,4217.4,4217.4,3373.9,99.8,611.2,2267.1,881.9,980.1,1209.1,826.1,632.5,554.7,535.2,147.8,238.0,302.0,299.0,196.1,187.2,215.0,306.6,611.2,13.1,28.3,21.0,23.6,29.4,20.1,15.2,13.5,12.9,3.0,6.0,7.4,7.3,4.7,4.6,5.3,7.5,29.4,13.1,14.6,31.7,23.7,26.7,32.8,22.3,16.9,14.9,14.3,3.9,6.5,8.0,7.9,5.0,5.0,5.8,8.4,14.6,41.2,42.2,42.2,42.2,42.2,42.2,42.2,42.2,33.8,0.0,42.9,54.9,56.8,50.3,47.7,30.7,37.4,33.1,32.5,57.1,45.1,43.2,49.7,52.3,69.3,62.6,66.9,67.5,0.0,0.0,0.0,0.0,0.0,0.0,0.0,0.0,0.0,1197.8,12.00,16,16,16,39,55,661,1,69.8,61.8,68.5,57.7,59.2,59.3,59.0,57.9,56.6,56.9,56.2,56.8,55.1,55.3,54.8,47.5,44.8,1.400,1.031,1.406,6.896,9.059,6.902,37.664,27.718,2.580,3.477,3.642,3.022,2.632,1.905,2.136,1.856,1.973,9.511,9.327,18.838,27.744,1197.8,1197.8,4125.1,4144.1,4106.2,4222.1,31.5,11.5,41.8,65.1,45.9,No,No,No,0.451,0.020,3.4,45,95.0,100.0,No,No,91370,99120,31,99.0,No,No,3320,0.0,0.2,0.2,0.024,2.950,103670,124082,0.0,0.0,0.0,0.000,0.000,52,0,35.2,47.5,83.0,0.669,12.164,12.204,12.179,12.107,1129,19.324,7.334,9.555,1.440,17.684,12.374,5.308,0.336,9.555,9.919,1.384,5.786,220.000,240.000,210.0,101.2,555.0,210.0,600.0,26.0,26.0,0.0,0.0,28.4,1.6,6.2,0.0,0.0,0.0,33,Yes,No,No,No,No,Yes,No,8.9,11.4,2,0,0,0,0,0,0,0,0,66,0,0,0,0,0,0,0,0,0,0,0,0,0,0,0,0,0,0,0,0,5867,2325,2161,134,2.5,5.1,294.5,1.4,1.3,1.3,1.3,5.1,240.6,1.4,1.3,1.3,1.3,197.27,737.48,3.40,3.37,759.62,759.62,1.65,195.56,197.18,0.09,380.68,0,0,0.0,0.0,20301,1800,2.0,0.1,0,
9.7.2026,23:45:8.245,26679,19314,58.0,20519,12163,62.7,0.7,13312,93,1.385,1.394,1.387,1.387,1.387,1.381,1.381,1.381,1.381,4195.6,4217.4,4192.4,4192.4,4192.4,4192.4,4192.4,4192.4,4192.4,99.8,509.0,2155.5,717.6,1000.1,1074.2,663.2,565.8,429.0,456.5,85.5,92.4,240.7,199.7,131.0,113.0,80.7,138.4,509.0,10.2,28.4,16.4,23.3,25.5,15.4,12.9,9.6,10.3,2.2,1.7,5.2,4.2,2.3,2.0,1.3,2.8,28.4,10.2,12.0,32.6,19.2,27.2,29.0,17.8,15.1,11.3,12.1,2.2,2.4,6.3,5.2,3.2,2.9,2.1,3.7,12.0,42.0,42.2,42.0,42.0,42.0,42.0,42.0,42.0,42.0,0.0,38.9,52.0,53.5,45.7,44.1,26.5,33.6,29.6,25.9,61.1,48.0,46.5,54.3,55.9,73.5,66.4,70.4,74.1,0.0,0.0,0.0,0.0,0.0,0.0,0.0,0.0,0.0,1197.8,12.00,16,16,16,39,55,661,1,66.9,58.8,67.8,56.1,57.8,57.9,57.1,56.3,55.0,55.3,54.8,54.8,54.2,54.4,54.0,47.0,44.9,1.381,1.031,1.387,5.788,9.030,5.787,33.835,26.115,2.276,3.223,3.460,2.619,2.318,1.546,1.844,1.633,1.562,8.000,9.290,17.289,26.172,1197.8,1197.8,4128.2,4155.0,4101.4,4251.4,29.7,9.6,37.6,61.9,43.8,No,No,No,0.387,0.017,3.1,45,95.0,100.0,No,No,91370,99120,31,99.0,No,No,3320,0.0,0.1,0.1,0.000,0.621,103670,124083,0.0,0.0,0.0,0.000,0.000,52,0,35.2,47.3,83.0,0.669,12.165,12.206,12.181,12.109,1129,19.443,7.255,9.612,1.306,17.516,12.170,5.340,0.336,9.612,9.564,1.327,5.770,220.000,240.000,210.0,101.2,555.0,210.0,600.0,26.0,27.0,0.0,0.0,28.4,1.6,6.5,0.0,0.0,0.0,33,Yes,No,No,No,No,Yes,No,8.7,11.2,2,0,0,0,0,0,0,0,0,66,0,0,0,0,0,0,0,0,0,0,0,0,0,0,0,0,0,0,0,0,5867,2325,2161,134,2.5,5.1,294.5,1.4,1.3,1.3,1.3,5.1,240.6,1.4,1.3,1.3,1.3,197.27,737.48,3.40,3.37,759.62,759.62,1.65,195.56,197.18,0.09,380.68,0,0,0.0,0.0,20301,1800,1.5,0.5,0,
9.7.2026,23:45:10.244,26683,19310,58.0,20525,12157,62.8,0.7,13312,93,1.391,1.394,1.387,1.387,1.387,1.394,1.394,1.394,1.394,4217.4,4217.4,4217.4,4217.4,4217.4,4217.4,4217.4,4217.4,4217.4,99.8,521.4,2255.5,815.1,873.5,1068.3,700.8,560.2,417.5,407.3,88.5,153.6,260.0,280.8,145.0,128.1,80.8,107.7,521.4,11.4,30.8,19.5,21.2,26.1,17.2,13.7,10.4,10.1,2.6,4.1,6.7,7.2,3.7,3.5,2.4,3.0,30.8,11.4,12.3,34.5,21.9,23.6,28.8,18.9,14.9,11.1,10.7,2.3,4.1,6.9,7.5,3.6,3.3,2.1,2.9,12.3,42.2,42.2,42.2,42.2,42.2,42.2,42.2,42.2,42.2,0.0,39.7,54.3,51.7,46.6,43.9,28.6,35.3,30.7,26.9,60.3,45.7,48.3,53.4,56.1,71.4,64.7,69.3,73.1,0.0,0.0,0.0,0.0,0.0,0.0,0.0,0.0,0.0,1197.8,12.00,16,16,16,39,55,661,1,63.9,58.7,65.8,56.0,58.0,57.5,57.1,56.0,54.9,55.2,54.7,54.7,54.1,54.3,53.9,49.0,45.0,1.400,1.025,1.400,5.893,9.074,5.890,34.587,26.300,2.300,3.473,3.316,2.654,2.258,1.580,1.903,1.662,1.551,8.142,9.335,17.477,26.357,1197.8,1197.8,4129.0,4153.1,4104.9,4252.1,30.0,9.8,38.4,61.7,44.1,No,No,No,0.409,0.010,3.2,45,95.0,100.0,No,No,91370,99120,31,99.0,No,No,3320,0.0,0.0,0.1,0.028,0.145,103670,124084,0.0,0.0,0.0,0.000,0.000,52,0,35.2,47.4,83.0,0.669,12.165,12.205,12.180,12.108,1129,19.184,7.282,9.508,1.391,17.552,12.253,5.282,0.336,9.508,9.776,1.436,5.781,220.000,240.000,210.0,101.2,555.0,210.0,600.0,27.0,27.0,0.0,0.0,28.4,1.6,6.4,0.0,0.0,0.0,33,Yes,No,No,No,No,Yes,No,8.8,11.3,2,0,0,0,0,0,0,0,0,66,0,0,0,0,0,0,0,0,0,0,0,0,0,0,0,0,0,0,0,0,5867,2325,2161,134,2.5,5.1,294.5,1.4,1.3,1.3,1.3,5.1,240.6,1.4,1.3,1.3,1.3,197.27,737.48,3.40,3.37,759.62,759.62,1.65,195.56,197.18,0.09,380.68,0,0,0.0,0.0,20301,1800,1.0,0.1,0,
9.7.2026,23:45:12.244,26681,19312,58.0,20521,12161,62.7,0.7,13312,93,1.374,1.369,1.375,1.375,1.375,1.375,1.375,1.375,1.375,4189.3,4167.5,4192.4,4192.4,4192.4,4192.4,4192.4,4192.4,4192.4,99.8,564.3,2239.0,893.7,1009.2,1068.9,683.4,547.4,455.0,426.9,104.5,113.2,305.9,258.0,160.2,161.7,220.0,381.6,564.3,11.8,28.4,21.1,24.0,25.7,16.4,13.1,10.9,10.1,1.9,2.8,7.5,6.2,3.7,3.9,4.6,8.5,28.4,11.8,13.4,32.3,24.1,27.4,28.9,18.4,14.6,12.2,11.3,2.8,3.0,8.2,6.8,4.0,4.2,5.9,10.5,13.4,42.0,41.8,42.0,42.0,42.0,42.0,42.0,42.0,42.0,0.0,41.4,53.8,54.8,46.7,43.8,29.9,36.3,32.3,33.7,58.6,46.2,45.2,53.3,56.2,70.1,63.7,67.7,66.3,0.0,0.0,0.0,0.0,0.0,0.0,0.0,0.0,0.0,1197.8,12.00,16,16,16,39,55,661,1,71.2,59.3,68.0,56.2,58.1,58.1,57.1,56.0,54.9,55.3,54.7,55.3,54.1,54.2,53.9,48.5,44.9,1.394,1.025,1.387,6.226,9.123,6.230,36.193,26.816,2.382,3.459,3.513,2.647,2.305,1.610,1.944,1.727,1.855,8.613,9.385,17.998,26.892,1197.8,1197.8,4131.3,4154.7,4108.0,4241.3,30.6,10.4,40.2,62.4,45.0,No,No,No,0.429,0.017,3.3,45,95.0,100.0,No,No,91370,99120,31,99.0,No,No,3320,0.0,0.0,0.0,0.000,0.097,103670,124084,0.0,0.0,0.0,0.000,0.000,52,0,35.2,47.4,83.0,0.669,12.164,12.204,12.179,12.108,1132,19.211,7.172,9.092,1.416,17.295,12.241,5.051,0.336,9.092,9.959,1.460,5.778,220.000,240.000,210.0,101.2,555.0,210.0,600.0,27.0,27.0,0.0,0.0,28.4,1.7,6.7,0.0,0.0,0.0,33,Yes,No,No,No,No,Yes,No,8.7,11.2,2,0,0,0,0,0,0,0,0,66,0,0,0,0,0,0,0,0,0,0,0,0,0,0,0,0,0,0,0,0,5867,2325,2161,134,2.5,5.1,294.5,1.4,1.3,1.3,1.3,5.1,240.6,1.4,1.3,1.3,1.3,197.27,737.48,3.40,3.37,759.62,759.62,1.65,195.56,197.18,0.09,380.68,0,0,0.0,0.0,20301,1800,2.2,0.3,0,
9.7.2026,23:45:14.243,26668,19325,57.9,20512,12170,62.7,0.7,13312,93,1.380,1.375,1.381,1.381,1.381,1.381,1.381,1.381,1.381,3874.9,4167.5,4192.4,4192.4,4192.4,3354.0,4192.4,3354.0,3354.0,99.8,540.0,2176.5,825.7,1029.5,1061.0,722.5,506.2,483.1,443.2,103.5,108.9,274.0,214.3,171.8,139.7,96.7,284.1,540.0,11.1,26.8,19.4,24.3,25.3,16.5,12.0,11.5,10.5,2.5,1.9,6.6,4.3,3.1,3.3,2.2,6.8,26.8,11.1,12.7,30.7,22.1,28.0,28.6,19.5,13.5,12.9,11.8,2.7,2.9,7.3,5.6,4.3,3.7,2.5,7.8,12.7,38.8,41.8,42.0,42.0,42.0,33.6,42.0,33.6,33.6,0.0,40.6,52.3,54.9,47.2,45.2,28.8,34.7,31.5,30.1,59.4,47.7,45.1,52.8,54.8,71.2,65.3,68.5,69.9,0.0,0.0,0.0,0.0,0.0,0.0,0.0,0.0,0.0,1197.8,12.00,16,16,16,39,55,661,1,68.4,59.0,65.8,56.1,57.7,58.0,57.1,56.3,54.9,55.4,54.8,54.9,54.1,54.3,53.9,47.5,44.8,1.400,1.025,1.400,6.182,9.081,6.185,35.536,26.777,2.353,3.296,3.551,2.672,2.368,1.608,1.913,1.718,1.696,8.573,9.345,17.917,26.807,1197.8,1197.8,4135.8,4162.5,4109.0,4245.2,30.5,10.3,39.5,62.1,45.3,No,No,No,0.409,0.016,3.2,45,95.0,100.0,No,No,91370,99120,31,99.0,No,No,3320,0.0,0.1,0.1,0.008,0.141,103670,124084,0.0,0.0,0.0,0.000,0.000,52,0,35.2,47.2,83.0,0.669,12.159,12.200,12.175,12.103,1128,19.298,7.278,9.416,1.440,17.508,12.273,5.231,0.336,9.416,9.880,1.381,5.897,220.000,240.000,210.0,101.2,555.0,210.0,600.0,27.0,27.0,0.0,0.0,28.4,1.6,6.6,0.0,0.0,0.0,33,Yes,No,No,No,No,Yes,No,8.8,11.3,2,0,0,0,0,0,0,0,0,66,0,0,0,0,0,0,0,0,0,0,0,0,0,0,0,0,0,0,0,0,5867,2325,2161,134,2.5,5.1,294.5,1.4,1.3,1.3,1.3,5.1,240.6,1.4,1.3,1.3,1.3,197.27,737.48,3.40,3.37,759.62,759.62,1.65,195.56,197.18,0.09,380.68,0,0,0.0,0.0,20301,1800,1.5,0.5,0,
9.7.2026,23:45:16.250,26666,19327,57.9,20510,12172,62.7,0.7,13312,93,1.384,1.381,1.387,1.387,1.387,1.387,1.381,1.381,1.381,4006.5,4217.4,4217.4,4217.4,3373.9,3373.9,4217.4,4217.4,4217.4,99.8,510.5,2228.2,797.9,905.4,1129.4,655.9,494.2,424.4,445.8,96.1,88.1,251.0,173.6,153.6,116.7,118.2,90.2,510.5,10.6,28.3,18.6,20.7,26.8,15.5,11.6,9.2,10.4,2.4,2.9,6.0,4.8,4.2,2.8,2.9,2.9,28.3,10.6,11.9,32.5,21.4,24.5,30.5,17.6,13.1,11.3,11.8,2.6,2.3,6.7,4.5,3.8,3.0,3.1,2.4,11.9,40.1,42.2,42.2,42.2,33.8,33.8,42.2,42.2,42.2,0.0,39.0,53.3,53.4,46.1,44.3,26.4,33.2,29.6,26.0,61.0,46.7,46.6,53.9,55.7,73.6,66.8,70.4,74.0,0.0,0.0,0.0,0.0,0.0,0.0,0.0,0.0,0.0,1197.8,12.00,16,16,16,39,55,661,1,65.6,58.9,65.5,55.9,58.0,57.7,56.9,56.0,54.8,55.0,54.6,54.5,54.0,54.2,53.8,48.0,45.1,1.400,1.038,1.400,6.053,9.061,6.048,34.197,26.524,2.310,3.420,3.483,2.611,2.353,1.559,1.838,1.669,1.551,8.411,9.321,17.732,26.606,1197.8,1197.8,4141.2,4170.5,4111.9,4249.6,30.2,10.1,38.0,62.0,45.3,No,No,No,0.384,0.016,3.1,45,95.0,100.0,No,No,91370,99120,31,99.0,No,No,3320,0.0,0.0,0.0,0.008,0.032,103670,124084,0.0,0.0,0.0,0.000,0.000,52,0,35.2,47.2,83.0,0.669,12.157,12.197,12.173,12.101,1130,19.370,7.262,9.371,1.403,17.456,12.234,5.206,0.336,9.371,9.833,1.463,5.948,220.000,240.000,210.0,101.2,555.0,210.0,600.0,27.0,27.0,0.0,0.0,28.4,1.7,6.8,0.0,0.0,0.0,33,Yes,No,No,No,No,Yes,No,8.7,11.3,2,0,0,0,0,0,0,0,0,66,0,0,0,0,0,0,0,0,0,0,0,0,0,0,0,0,0,0,0,0,5867,2325,2161,134,2.5,5.1,294.5,1.4,1.3,1.3,1.3,5.1,240.6,1.4,1.3,1.3,1.3,197.27,737.48,3.40,3.37,759.62,759.62,1.65,195.56,197.18,0.09,380.68,0,0,0.0,0.0,20301,1800,0.1,0.1,0,
9.7.2026,23:45:18.236,26668,19326,57.9,20511,12171,62.7,0.7,13312,93,1.370,1.381,1.369,1.369,1.369,1.369,1.369,1.369,1.369,4192.4,4192.4,4192.4,4192.4,4192.4,4192.4,4192.4,4192.4,4192.4,99.8,552.6,2286.7,917.1,1033.4,1113.2,700.1,610.6,430.0,411.8,89.0,92.4,245.8,206.3,169.4,111.6,133.6,290.6,552.6,11.1,26.6,21.1,24.6,25.9,16.7,13.9,10.3,9.1,2.5,1.9,5.5,4.5,3.4,2.3,3.5,6.6,26.6,11.1,12.9,31.1,24.7,28.1,30.1,18.8,16.3,11.4,10.8,2.3,2.4,6.6,5.4,4.3,2.9,3.5,8.0,12.9,42.0,42.0,42.0,42.0,42.0,42.0,42.0,42.0,42.0,0.0,40.4,54.7,55.8,47.9,44.8,26.7,34.0,30.2,29.5,59.6,45.3,44.2,52.1,55.2,73.3,66.0,69.8,70.5,0.0,0.0,0.0,0.0,0.0,0.0,0.0,0.0,0.0,1197.8,12.00,16,16,16,39,55,661,1,62.9,59.1,66.5,56.1,58.1,58.0,57.2,56.1,54.8,55.3,54.7,55.0,54.1,54.3,53.9,46.8,44.4,1.375,1.038,1.381,6.375,9.067,6.381,35.801,27.051,2.402,3.524,3.617,2.780,2.350,1.581,1.902,1.706,1.756,8.873,9.329,18.202,27.100,1197.8,1197.8,4152.8,4185.6,4120.0,4236.5,30.8,10.6,39.8,62.2,46.0,No,No,No,0.443,0.017,3.2,45,95.0,100.0,No,No,91370,99120,31,99.0,No,No,3320,0.0,0.1,0.1,0.000,0.136,103670,124084,0.0,0.0,0.0,0.000,0.000,52,0,35.2,47.3,83.0,0.669,12.165,12.208,12.179,12.108,1132,19.276,7.286,9.542,1.416,17.538,12.229,5.301,0.336,9.542,9.759,1.329,5.864,220.000,240.000,210.0,101.2,555.0,210.0,600.0,25.0,26.0,0.0,0.0,28.4,1.8,7.0,0.0,0.0,0.0,33,Yes,No,No,No,No,Yes,No,8.8,11.2,2,0,0,0,0,0,0,0,0,66,0,0,0,0,0,0,0,0,0,0,0,0,0,0,0,0,0,0,0,0,5867,2325,2161,134,2.5,5.1,294.5,1.4,1.3,1.3,1.3,5.1,240.6,1.4,1.3,1.3,1.3,197.27,737.48,3.40,3.37,759.62,759.62,1.65,195.56,197.18,0.09,380.68,0,0,0.0,0.0,20301,1800,2.9,0.7,0,
9.7.2026,23:45:20.250,26662,19331,57.9,20508,12174,62.7,0.7,13312,93,1.392,1.381,1.394,1.394,1.394,1.394,1.394,1.394,1.394,4214.3,4217.4,4217.4,4217.4,4192.4,4217.4,4217.4,4217.4,4217.4,99.8,864.3,2620.8,1400.4,1620.9,1138.5,827.7,1043.9,724.5,823.1,370.3,366.4,542.0,574.2,441.3,435.8,391.8,506.9,864.3,18.4,30.1,33.1,38.4,26.8,19.4,24.6,17.0,19.3,8.9,8.8,12.8,13.5,10.3,10.3,9.4,12.2,38.4,18.4,21.2,34.7,38.2,44.4,30.7,22.4,28.4,19.6,22.2,10.1,10.0,14.7,15.6,11.8,11.9,10.7,14.0,21.2,42.2,42.2,42.2,42.2,42.0,42.2,42.2,42.2,42.2,0.0,48.2,62.9,63.3,55.4,53.2,34.2,43.5,38.4,34.7,51.8,37.1,36.7,44.6,46.8,65.8,56.5,61.6,65.3,0.0,0.0,0.0,0.0,0.0,0.0,0.0,0.0,0.0,1197.8,12.00,16,16,16,39,55,661,1,69.6,61.8,60.0,58.1,60.1,60.3,59.3,58.3,56.5,57.1,56.4,57.0,54.9,55.1,54.7,47.2,45.0,1.388,1.031,1.394,8.706,9.219,8.709,42.812,30.437,3.052,4.120,4.463,3.372,3.069,2.127,2.549,2.294,2.423,12.027,9.494,21.521,30.469,1197.8,1197.8,4151.5,4172.1,4130.9,4213.2,34.6,14.5,47.6,65.0,49.1,No,No,No,0.822,0.046,3.9,45,95.0,100.0,No,No,91370,99120,31,99.0,No,No,3320,0.0,0.2,0.3,0.523,2.500,103671,124089,0.0,0.0,0.0,0.000,0.000,52,0,35.2,47.2,83.0,0.669,12.160,12.200,12.176,12.104,1132,19.346,7.313,9.546,1.464,17.570,12.261,5.303,0.336,9.546,9.828,1.330,5.943,220.000,240.000,210.0,101.2,555.0,210.0,600.0,28.0,27.0,0.0,1.0,28.4,1.7,6.8,0.0,0.0,0.0,33,Yes,No,No,No,No,Yes,No,8.8,11.4,2,0,0,0,0,0,0,0,0,66,0,0,0,0,0,0,0,0,0,0,0,0,0,0,0,0,0,0,0,0,5867,2325,2161,134,2.5,5.1,294.5,1.4,1.3,1.3,1.3,5.1,240.6,1.4,1.3,1.3,1.3,197.27,737.48,3.40,3.37,759.62,759.62,1.65,195.56,197.18,0.09,380.68,0,0,0.0,0.0,20301,1800,0.2,0.0,0,
9.7.2026,23:45:22.237,26665,19329,57.9,20511,12171,62.7,0.7,13312,93,1.370,1.375,1.369,1.369,1.369,1.369,1.369,1.369,1.369,4003.4,4192.4,4217.4,4217.4,4217.4,3373.9,4217.4,4217.4,3373.9,99.8,678.7,2415.7,1265.8,1177.1,1171.0,585.9,854.8,559.5,608.4,126.3,170.7,277.7,321.3,175.8,165.9,381.8,602.0,678.7,14.0,23.3,30.0,27.9,27.7,13.8,20.2,13.2,14.3,3.1,4.2,6.6,7.6,4.0,4.0,9.1,14.5,30.0,14.0,15.9,26.7,34.4,32.1,31.7,15.6,23.1,15.0,16.3,3.4,4.6,7.4,8.6,4.5,4.4,10.4,16.6,15.9,40.1,42.0,42.2,42.2,42.2,33.8,42.2,42.2,33.8,0.0,45.3,58.0,60.3,51.5,50.4,30.9,39.3,33.3,38.5,54.7,42.0,39.7,48.5,49.6,69.1,60.7,66.7,61.5,0.0,0.0,0.0,0.0,0.0,0.0,0.0,0.0,0.0,1197.8,12.00,16,16,16,39,55,661,1,67.2,61.9,62.5,57.4,59.0,59.2,58.3,57.9,55.8,56.6,55.5,56.6,54.5,54.7,54.3,46.5,44.4,1.381,1.025,1.381,7.440,9.141,7.439,40.342,28.533,2.706,3.727,3.910,3.006,2.862,1.835,2.233,1.844,2.232,10.316,9.407,19.723,28.620,1197.8,1197.8,4156.7,4177.0,4136.4,4211.2,32.5,12.4,44.8,65.2,47.5,No,No,No,0.486,0.017,3.6,45,95.0,100.0,No,No,91370,99120,31,99.0,No,No,3320,0.0,0.1,0.1,0.008,0.693,103671,124091,0.0,0.0,0.0,0.000,0.000,52,0,35.2,47.3,83.0,0.669,12.164,12.205,12.179,12.108,1132,19.217,7.286,9.483,1.440,17.501,12.217,5.268,0.336,9.483,9.804,1.534,5.789,220.000,240.000,210.0,101.2,555.0,210.0,600.0,26.0,27.0,0.0,0.0,28.4,1.5,6.2,0.0,0.0,0.0,33,Yes,No,No,No,No,Yes,No,8.8,11.4,2,0,0,0,0,0,0,0,0,66,0,0,0,0,0,0,0,0,0,0,0,0,0,0,0,0,0,0,0,0,5867,2325,2161,134,2.5,5.1,294.5,1.4,1.3,1.3,1.3,5.1,240.6,1.4,1.3,1.3,1.3,197.27,737.48,3.40,3.37,759.62,759.62,1.65,195.56,197.18,0.09,380.68,0,0,0.0,0.0,20301,1800,0.7,0.3,0,
9.7.2026,23:45:24.248,26660,19334,57.9,20503,12179,62.7,0.7,13312,93,1.392,1.381,1.394,1.394,1.394,1.394,1.394,1.394,1.394,4044.6,4192.4,3413.8,3413.8,4267.3,4267.3,4267.3,4267.3,4267.3,99.8,554.4,2317.8,1144.2,1169.3,935.8,533.0,757.7,401.6,491.9,90.4,80.8,250.7,208.9,144.4,129.9,98.6,116.0,554.4,10.9,21.3,27.1,27.7,21.9,12.4,17.8,9.3,11.4,2.1,1.8,5.9,4.8,3.1,2.9,2.3,2.7,27.7,10.9,12.5,24.6,31.1,31.8,25.0,14.2,20.4,10.6,13.0,2.4,2.1,6.7,5.5,3.6,3.4,2.6,3.1,12.5,40.5,42.0,34.2,34.2,42.8,42.8,42.8,42.8,42.8,0.0,39.8,55.5,54.4,47.9,45.4,25.6,34.4,29.9,25.2,60.2,44.5,45.6,52.1,54.6,74.4,65.6,70.1,74.8,0.0,0.0,0.0,0.0,0.0,0.0,0.0,0.0,0.0,1197.8,12.00,16,16,16,39,55,661,1,64.5,59.1,60.0,56.2,58.1,58.0,57.3,56.4,55.0,55.3,54.9,54.8,54.2,54.4,54.0,47.5,45.0,1.406,1.019,1.400,6.170,9.046,6.170,35.206,26.727,2.359,3.391,3.562,2.745,2.392,1.562,1.922,1.705,1.590,8.563,9.306,17.868,26.753,1197.8,1197.8,4158.3,4186.4,4130.2,4237.5,30.4,10.3,39.1,62.2,45.2,No,No,No,0.417,0.016,3.2,45,95.0,100.0,No,No,91370,99120,31,99.0,No,No,3320,0.0,0.0,0.0,0.000,0.008,103671,124091,0.0,0.0,0.0,0.000,0.000,52,0,35.2,47.3,83.0,0.669,12.160,12.200,12.176,12.104,1129,19.234,7.282,9.580,1.440,17.473,12.153,5.322,0.336,9.580,9.685,1.347,5.902,220.000,240.000,210.0,101.2,555.0,210.0,600.0,27.0,26.0,0.0,0.0,28.4,1.6,6.5,0.0,0.0,0.0,33,Yes,No,No,No,No,Yes,No,8.8,11.4,2,0,0,0,0,0,0,0,0,66,0,0,0,0,0,0,0,0,0,0,0,0,0,0,0,0,0,0,0,0,5867,2325,2161,134,2.5,5.1,294.5,1.4,1.3,1.3,1.3,5.1,240.6,1.4,1.3,1.3,1.3,197.27,737.48,3.40,3.37,759.62,759.62,1.65,195.56,197.18,0.09,380.68,0,0,0.0,0.0,20301,1800,0.5,0.6,0,
9.7.2026,23:45:26.236,26627,19366,57.8,20474,12207,62.6,0.7,13312,93,1.097,1.381,1.056,1.056,1.056,1.056,1.056,1.056,1.056,4257.9,4192.4,4267.3,4267.3,4267.3,4267.3,4267.3,4267.3,4267.3,99.8,561.6,2296.6,1247.7,1168.6,902.2,525.7,751.7,374.5,514.7,102.0,88.0,230.5,211.9,145.2,95.7,175.4,155.0,561.6,11.2,19.9,29.9,27.9,21.4,12.5,18.0,8.9,12.2,2.6,2.3,5.6,5.1,3.3,2.3,4.3,3.8,29.9,11.2,12.6,22.7,34.0,31.7,24.1,13.9,20.2,9.9,13.7,2.7,2.3,6.1,5.6,3.6,2.5,4.7,4.2,12.6,42.7,42.0,42.8,42.8,42.8,42.8,42.8,42.8,42.8,0.0,39.9,55.1,54.2,47.1,45.0,26.5,34.0,29.6,27.7,60.1,44.9,45.8,52.9,55.0,73.5,66.0,70.4,72.3,0.0,0.0,0.0,0.0,0.0,0.0,0.0,0.0,0.0,1197.8,12.00,16,16,16,39,55,661,1,62.1,58.9,59.5,56.1,57.9,57.8,57.2,56.2,54.8,55.1,54.6,54.9,54.1,54.3,53.9,49.2,45.5,1.400,1.025,1.394,6.176,9.056,6.180,35.119,26.736,2.345,3.419,3.499,2.696,2.367,1.575,1.870,1.652,1.682,8.555,9.318,17.873,26.766,1197.8,1197.8,4148.2,4175.4,4121.1,4241.8,30.4,10.3,39.0,62.0,45.4,No,No,No,0.427,0.016,3.2,45,95.0,100.0,No,No,91370,99120,31,99.0,No,No,3320,0.0,0.0,0.0,0.000,0.040,103671,124091,0.0,0.0,0.0,0.000,0.000,52,0,35.1,47.2,83.0,0.669,12.162,12.201,12.179,12.107,1133,19.370,7.273,9.380,1.550,17.477,12.264,5.211,0.336,9.380,10.004,1.372,5.754,220.000,240.000,210.0,101.2,555.0,210.0,600.0,26.0,27.0,0.0,0.0,28.4,1.6,6.5,0.0,0.0,0.0,33,Yes,No,No,No,No,Yes,No,8.8,11.3,2,0,0,0,0,0,0,0,0,66,0,0,0,0,0,0,0,0,0,0,0,0,0,0,0,0,0,0,0,0,5867,2325,2161,134,2.5,5.1,294.5,1.4,1.3,1.3,1.3,5.1,240.6,1.4,1.3,1.3,1.3,197.27,737.48,3.40,3.37,759.62,759.62,1.65,195.56,197.18,0.09,380.68,0,0,0.0,0.0,20301,1800,0.0,0.0,0,
9.7.2026,23:45:28.240,26628,19366,57.8,20475,12207,62.6,0.7,13312,93,1.387,1.400,1.387,1.387,1.387,1.387,1.387,1.381,1.381,4217.4,4217.4,4217.4,4217.4,4217.4,4217.4,4217.4,4217.4,4217.4,99.8,515.1,2264.9,1153.6,912.5,931.0,517.1,697.8,372.1,463.6,72.4,82.8,186.6,185.2,112.9,95.3,105.3,88.7,515.1,10.1,20.9,27.6,21.7,21.9,12.2,16.5,8.6,10.8,1.7,1.9,4.3,4.2,2.3,2.1,2.4,2.0,27.6,10.1,11.5,24.1,31.4,24.6,24.8,13.7,18.7,9.8,12.3,1.9,2.2,4.9,4.8,2.7,2.5,2.8,2.4,11.5,42.2,42.2,42.2,42.2,42.2,42.2,42.2,42.2,42.2,0.0,38.1,54.4,49.9,45.9,43.7,25.1,32.8,28.2,24.9,61.9,45.6,50.1,54.1,56.3,74.9,67.2,71.8,75.1,0.0,0.0,0.0,0.0,0.0,0.0,0.0,0.0,0.0,1197.8,12.00,16,16,16,39,55,661,1,69.4,58.5,64.5,55.7,57.9,57.1,56.9,55.8,54.6,54.9,54.4,54.4,53.9,54.1,53.7,47.5,44.6,1.394,1.038,1.400,5.797,9.028,5.787,33.286,26.079,2.250,3.407,3.267,2.634,2.285,1.510,1.789,1.585,1.521,8.028,9.287,17.315,26.181,1197.8,1197.8,4137.3,4163.9,4110.7,4251.2,29.8,9.6,37.0,61.6,44.4,No,No,No,0.386,0.011,3.0,45,95.0,100.0,No,No,91370,99120,31,99.0,No,No,3320,0.0,0.0,0.0,0.000,0.098,103671,124091,0.0,0.0,0.0,0.000,0.000,52,0,35.1,47.2,83.0,0.669,12.165,12.204,12.182,12.110,1132,19.302,7.286,9.574,1.379,17.542,12.219,5.319,0.336,9.574,9.686,1.442,5.794,220.000,240.000,210.0,101.2,555.0,210.0,600.0,27.0,27.0,0.0,0.0,28.4,1.6,6.4,0.0,0.0,0.0,33,Yes,No,No,No,No,Yes,No,8.8,11.2,2,0,0,0,0,0,0,0,0,66,0,0,0,0,0,0,0,0,0,0,0,0,0,0,0,0,0,0,0,0,5867,2325,2161,134,2.5,5.1,294.5,1.4,1.3,1.3,1.3,5.1,240.6,1.4,1.3,1.3,1.3,197.27,737.48,3.40,3.37,759.62,759.62,1.65,195.56,197.18,0.09,380.68,0,0,0.0,0.0,20301,1800,0.5,0.6,0,
9.7.2026,23:45:30.238,26630,19364,57.8,20475,12206,62.6,0.7,13312,93,1.387,1.387,1.387,1.387,1.387,1.387,1.387,1.387,1.387,4217.4,4217.4,4217.4,4217.4,4217.4,4217.4,4217.4,4217.4,4217.4,99.8,540.0,2150.4,1064.5,1095.9,996.8,508.2,707.9,376.2,481.5,121.0,81.9,264.9,212.8,129.0,128.1,157.5,162.9,540.0,10.7,20.5,25.4,26.0,23.4,11.9,16.8,8.6,11.2,2.6,1.7,6.0,4.7,2.5,2.7,3.4,3.6,26.0,10.7,12.3,23.8,28.9,29.8,26.7,13.5,19.0,9.9,12.8,3.2,2.1,7.0,5.5,3.1,3.3,4.2,4.4,12.3,42.2,42.2,42.2,42.2,42.2,42.2,42.2,42.2,42.2,0.0,39.4,51.9,53.8,45.5,43.6,27.3,34.9,30.1,28.1,60.6,48.1,46.2,54.5,56.4,72.7,65.1,69.9,71.9,0.0,0.0,0.0,0.0,0.0,0.0,0.0,0.0,0.0,1197.8,12.00,16,16,16,39,55,661,1,66.4,58.5,61.0,55.8,57.4,57.6,56.7,55.9,54.6,55.0,54.4,54.5,53.9,54.1,53.7,49.0,44.7,1.400,1.025,1.400,5.832,9.061,5.840,34.173,26.270,2.276,3.253,3.480,2.578,2.275,1.539,1.858,1.629,1.595,8.062,9.321,17.383,26.277,1197.8,1197.8,4122.9,4146.7,4099.0,4254.9,29.9,9.7,38.0,61.6,44.1,No,No,No,0.401,0.016,3.2,45,95.0,100.0,No,No,91370,99120,31,99.0,No,No,3320,0.0,0.1,0.1,0.000,0.132,103671,124091,0.0,0.0,0.0,0.000,0.000,52,0,35.2,47.2,83.0,0.669,12.169,12.208,12.185,12.114,1132,19.282,7.309,9.679,1.526,17.510,12.126,5.377,0.336,9.679,9.714,1.379,5.762,220.000,240.000,210.0,101.2,555.0,210.0,600.0,27.0,27.0,0.0,0.0,28.4,1.7,6.7,0.0,0.0,0.0,33,Yes,No,No,No,No,Yes,No,8.8,11.0,2,0,0,0,0,0,0,0,0,66,0,0,0,0,0,0,0,0,0,0,0,0,0,0,0,0,0,0,0,0,5867,2325,2161,134,2.5,5.1,294.5,1.4,1.3,1.3,1.3,5.1,240.6,1.4,1.3,1.3,1.3,197.27,737.48,3.40,3.37,759.62,759.62,1.65,195.56,197.18,0.09,380.68,0,0,0.0,0.0,20301,1800,0.1,0.1,0,
9.7.2026,23:45:32.237,26630,19363,57.8,20474,12208,62.6,0.7,13312,93,1.373,1.363,1.375,1.375,1.375,1.375,1.375,1.375,1.375,4167.5,4167.5,4167.5,4167.5,4167.5,4167.5,4167.5,4167.5,4167.5,99.8,566.0,2228.2,1040.4,1134.2,955.7,604.1,703.1,424.4,559.5,85.4,116.4,255.1,242.4,147.0,147.7,194.3,217.3,566.0,11.8,23.2,25.2,27.2,22.9,14.5,17.0,10.2,13.5,2.2,3.0,6.2,5.9,3.4,3.6,4.7,5.3,27.2,11.8,13.1,26.5,28.3,30.7,25.7,16.1,18.9,11.3,14.9,2.2,3.1,6.7,6.4,3.6,3.9,5.2,5.8,13.1,41.8,41.8,41.8,41.8,41.8,41.8,41.8,41.8,41.8,0.0,40.5,53.6,53.2,46.7,45.1,28.5,35.2,31.6,30.1,59.5,46.4,46.8,53.3,54.9,71.5,64.8,68.4,69.9,0.0,0.0,0.0,0.0,0.0,0.0,0.0,0.0,0.0,1197.8,12.00,16,16,16,39,55,661,1,63.9,58.7,64.0,55.8,57.5,57.4,56.8,56.0,54.6,54.9,54.4,54.6,53.8,54.0,53.6,48.2,45.0,1.400,1.031,1.394,6.008,9.099,6.003,35.270,26.454,2.329,3.336,3.385,2.692,2.380,1.570,1.896,1.683,1.692,8.313,9.360,17.673,26.550,1197.8,1197.8,4127.4,4154.1,4100.7,4251.9,30.2,10.0,39.2,61.8,44.4,No,No,No,0.429,0.017,3.2,45,95.0,100.0,No,No,91370,99120,31,99.0,No,No,3320,0.0,0.0,0.0,0.000,0.052,103671,124091,0.0,0.0,0.0,0.000,0.000,52,0,35.1,47.2,83.0,0.669,12.150,12.187,12.167,12.095,1130,19.267,7.216,9.416,1.255,17.326,12.083,5.231,0.336,9.416,9.510,1.828,5.764,220.000,240.000,210.0,101.2,555.0,210.0,600.0,26.0,26.0,0.0,0.0,28.4,1.6,6.4,0.0,0.0,0.0,33,Yes,No,No,No,No,Yes,No,8.6,11.2,2,0,0,0,0,0,0,0,0,66,0,0,0,0,0,0,0,0,0,0,0,0,0,0,0,0,0,0,0,0,5867,2325,2161,134,2.5,5.1,294.5,1.4,1.3,1.3,1.3,5.1,240.6,1.4,1.3,1.3,1.3,197.27,737.48,3.40,3.37,759.62,759.62,1.65,195.56,197.18,0.09,380.68,0,0,0.0,0.0,20301,1800,0.2,0.1,0,
9.7.2026,23:45:34.235,26636,19357,57.9,20481,12201,62.6,0.7,13312,93,1.352,1.344,1.350,1.350,1.350,1.350,1.350,1.350,1.369,3974.1,4167.5,4167.5,4192.4,4192.4,4192.4,4192.4,3334.0,3354.0,99.8,907.5,2621.8,1258.9,1659.5,1204.8,865.9,1042.5,733.0,834.9,421.3,416.9,629.9,580.6,474.4,481.2,547.0,748.1,907.5,20.2,34.8,30.3,39.9,28.9,20.9,25.2,17.7,20.2,10.4,10.3,15.4,14.2,11.4,11.8,13.4,18.4,39.9,20.2,22.7,39.7,34.4,45.4,32.5,23.5,28.4,19.9,22.6,11.5,11.4,17.1,15.8,12.7,13.1,15.0,20.8,22.7,39.8,41.8,41.8,42.0,42.0,42.0,42.0,33.4,33.6,0.0,50.0,63.2,63.9,54.8,52.4,38.3,44.5,40.9,41.7,50.0,36.8,36.1,45.2,47.6,61.7,55.5,59.1,58.3,0.0,0.0,0.0,0.0,0.0,0.0,0.0,0.0,0.0,1197.8,12.00,16,16,16,39,55,661,1,71.1,61.6,63.0,57.9,59.7,59.8,58.6,57.9,56.4,57.0,56.1,57.3,54.6,54.7,54.4,48.8,44.6,1.369,1.038,1.369,8.787,9.274,8.789,43.871,30.551,3.089,4.232,4.353,3.240,3.022,2.214,2.589,2.348,2.711,12.085,9.551,21.636,30.585,1197.8,1197.8,4126.8,4146.2,4107.4,4219.9,34.8,14.6,48.7,64.9,48.7,No,No,No,0.857,0.043,4.0,45,95.0,100.0,No,No,91370,99120,31,99.0,No,No,3320,0.0,0.1,0.1,0.000,0.195,103671,124092,0.0,0.0,0.0,0.000,0.000,52,0,35.1,47.3,83.0,0.669,12.160,12.199,12.176,12.104,1129,19.303,7.244,9.337,1.452,17.375,12.189,5.187,0.336,9.337,9.844,1.613,5.770,220.000,240.000,210.0,101.2,555.0,210.0,600.0,27.0,27.0,0.0,0.0,28.4,1.8,7.1,0.0,0.0,0.0,33,Yes,No,No,No,No,Yes,No,8.7,11.2,2,0,0,0,0,0,0,0,0,66,0,0,0,0,0,0,0,0,0,0,0,0,0,0,0,0,0,0,0,0,5867,2325,2161,134,2.5,5.1,294.5,1.4,1.3,1.3,1.3,5.1,240.6,1.4,1.3,1.3,1.3,197.27,737.48,3.40,3.37,759.62,759.62,1.65,195.56,197.18,0.09,380.68,0,0,0.0,0.0,20301,1800,1.0,0.4,0,
9.7.2026,23:45:36.243,26638,19356,57.9,20479,12203,62.6,0.7,13312,93,1.368,1.369,1.363,1.369,1.369,1.369,1.369,1.369,1.369,4189.3,4167.5,4192.4,4192.4,4192.4,4192.4,4192.4,4192.4,4192.4,99.8,626.6,2361.4,1050.1,1169.8,940.1,638.2,816.7,464.8,597.8,174.7,148.3,272.5,288.3,229.7,204.8,264.8,403.8,626.6,12.9,26.3,25.0,27.7,22.4,15.0,19.5,11.0,14.2,3.5,3.6,6.5,6.9,5.3,4.1,5.6,9.8,27.7,12.9,14.8,30.2,28.5,31.7,25.4,17.1,22.1,12.4,16.0,4.7,3.9,7.2,7.6,5.9,5.4,7.1,11.0,14.8,42.0,41.8,42.0,42.0,42.0,42.0,42.0,42.0,42.0,0.0,43.5,56.8,55.9,50.8,47.1,31.1,36.5,34.0,35.6,56.5,43.2,44.1,49.2,52.9,68.9,63.5,66.0,64.4,0.0,0.0,0.0,0.0,0.0,0.0,0.0,0.0,0.0,1197.8,12.00,16,16,16,39,55,661,1,68.6,61.2,62.5,57.1,58.9,58.5,58.4,57.1,55.5,55.8,55.4,56.8,54.3,54.5,54.1,48.5,45.2,1.381,1.031,1.387,7.033,9.095,7.036,38.198,27.885,2.624,3.673,3.650,3.064,2.586,1.745,1.994,1.900,2.384,9.734,9.361,19.095,27.992,1197.8,1197.8,4131.5,4153.2,4109.7,4226.5,31.8,11.7,42.4,64.4,46.2,No,No,No,0.452,0.019,3.5,45,95.0,100.0,No,No,91370,99120,31,99.0,No,No,3320,0.0,0.1,0.1,0.000,2.805,103671,124097,0.0,0.0,0.0,0.000,0.000,52,0,35.2,47.1,83.0,0.669,12.161,12.200,12.177,12.105,1132,19.311,7.268,9.434,1.476,17.462,12.202,5.241,0.336,9.434,9.839,1.354,5.902,220.000,240.000,210.0,101.2,555.0,210.0,600.0,25.0,26.0,0.0,0.0,28.4,1.5,6.1,0.0,0.0,0.0,33,Yes,No,No,No,No,Yes,No,8.8,11.2,2,0,0,0,0,0,0,0,0,66,0,0,0,0,0,0,0,0,0,0,0,0,0,0,0,0,0,0,0,0,5867,2325,2161,134,2.5,239.7,258.7,225.6,220.6,223.0,219.4,0.0,0.0,0.0,0.0,0.0,0.0,4.17,4.50,3.75,3.63,4.55,4.59,0.92,0.01,4.09,0.08,0.00,0,0,0.0,0.0,20301,1800,2.0,0.0,0,
9.7.2026,23:45:38.236,26635,19358,57.9,20475,12206,62.6,0.7,13312,93,1.393,1.387,1.394,1.394,1.394,1.394,1.394,1.394,1.394,4192.4,4217.4,4192.4,4192.4,4192.4,4192.4,4192.4,4192.4,4167.5,99.8,542.6,2315.5,1111.3,1077.4,859.6,501.2,726.6,382.4,497.9,113.4,105.5,210.9,222.6,132.2,125.7,132.8,167.0,542.6,10.9,23.1,26.5,25.5,20.3,11.9,17.4,9.1,11.8,2.9,1.9,5.1,4.7,3.0,3.8,4.0,4.1,26.5,10.9,12.3,26.4,30.2,29.1,22.9,13.3,19.6,10.1,13.2,3.0,2.8,5.5,5.9,3.2,3.3,3.5,4.5,12.3,42.0,42.2,42.0,42.0,42.0,42.0,42.0,42.0,41.8,0.0,39.9,55.5,52.6,47.1,44.7,27.3,33.8,29.9,28.1,60.1,44.5,47.4,52.9,55.3,72.7,66.2,70.1,71.9,0.0,0.0,0.0,0.0,0.0,0.0,0.0,0.0,0.0,1197.8,12.00,16,16,16,39,55,661,1,65.8,58.9,61.8,56.1,58.1,57.5,57.2,56.1,55.0,55.1,54.6,54.8,54.1,54.3,53.9,46.8,44.2,1.394,1.025,1.394,6.062,9.058,6.062,34.971,26.578,2.326,3.452,3.372,2.687,2.356,1.587,1.854,1.660,1.641,8.407,9.320,17.726,26.610,1197.8,1197.8,4139.9,4167.9,4111.9,4244.1,30.2,10.1,38.9,62.0,45.0,No,No,No,0.401,0.017,3.2,45,95.0,100.0,No,No,91370,99120,31,99.0,No,No,3320,0.0,0.1,0.1,0.016,0.653,103671,124098,0.0,0.0,0.0,0.000,0.000,52,0,35.1,47.1,83.0,0.669,12.166,12.206,12.183,12.111,1129,19.297,7.296,9.524,1.452,17.506,12.208,5.291,0.336,9.524,9.785,1.552,5.781,220.000,240.000,210.0,101.2,555.0,210.0,600.0,28.0,27.0,0.0,1.0,28.4,1.6,6.6,0.0,0.0,0.0,33,Yes,No,No,No,No,Yes,No,8.8,11.3,2,0,0,0,0,0,0,0,0,66,0,0,0,0,0,0,0,0,0,0,0,0,0,0,0,0,0,0,0,0,5867,2325,2161,134,2.5,239.7,261.6,224.0,204.5,213.8,200.7,0.0,0.0,0.0,0.0,0.0,0.0,4.17,4.50,3.80,3.17,4.68,4.97,0.88,0.03,4.09,0.08,0.00,0,0,0.0,0.0,20301,1800,1.0,0.4,0,
9.7.2026,23:45:40.247,26636,19358,57.9,20478,12204,62.6,0.7,13312,93,1.387,1.381,1.387,1.387,1.387,1.387,1.387,1.387,1.387,3674.6,4242.3,3593.5,3593.5,3593.5,3593.5,3593.5,3593.5,3593.5,99.8,534.7,2248.2,1083.0,1225.1,866.6,588.1,657.6,428.4,450.4,76.9,76.8,205.6,193.6,137.4,96.6,103.4,117.8,534.7,10.3,20.3,25.1,28.4,19.8,13.2,14.9,9.5,10.0,2.3,2.3,4.5,4.9,2.7,1.9,2.1,2.4,28.4,10.3,12.0,23.9,29.4,33.2,23.1,15.6,17.6,11.4,11.9,2.0,2.0,5.4,5.1,3.4,2.5,2.7,3.2,12.0,36.8,42.5,36.0,36.0,36.0,36.0,36.0,36.0,36.0,0.0,38.8,53.6,54.3,46.9,44.6,24.6,32.9,28.6,25.0,61.2,46.4,45.7,53.1,55.4,75.4,67.1,71.4,75.0,0.0,0.0,0.0,0.0,0.0,0.0,0.0,0.0,0.0,1197.8,12.00,16,16,16,39,55,661,1,63.1,59.0,62.0,55.9,57.7,58.0,57.0,56.1,54.7,55.0,54.5,54.5,54.0,54.2,53.8,46.8,44.0,1.400,1.038,1.400,6.226,9.026,6.228,34.310,26.793,2.340,3.314,3.639,2.748,2.393,1.538,1.835,1.658,1.592,8.679,9.285,17.963,26.848,1197.8,1197.8,4158.1,4188.9,4127.2,4242.4,30.5,10.4,38.1,62.1,46.2,No,No,No,0.392,0.016,3.1,45,95.0,100.0,No,No,91370,99120,31,99.0,No,No,3320,0.0,0.0,0.0,0.032,0.081,103671,124098,0.0,0.0,0.0,0.000,0.000,52,0,35.1,47.4,83.0,0.669,12.161,12.201,12.178,12.106,1128,19.225,7.366,9.528,1.464,17.487,12.191,5.293,0.336,9.528,9.771,2.278,5.789,220.000,240.000,210.0,101.2,555.0,210.0,600.0,24.0,26.0,0.0,1.0,28.4,1.6,6.5,0.0,0.0,0.0,33,Yes,No,No,No,No,Yes,No,8.8,11.4,2,0,0,0,0,0,0,0,0,66,0,0,0,0,0,0,0,0,0,0,0,0,0,0,0,0,0,0,0,0,5867,2325,2161,134,2.5,239.7,257.2,223.6,214.2,217.7,213.6,0.0,0.0,0.0,0.0,0.0,0.0,4.17,4.57,3.91,3.77,4.66,4.74,0.88,0.01,4.09,0.08,0.00,0,0,0.0,0.0,20301,1800,1.1,0.0,0,
9.7.2026,23:45:42.239,26634,19360,57.9,20474,12208,62.6,0.7,13312,93,1.366,1.356,1.363,1.369,1.369,1.369,1.369,1.369,1.369,4189.3,4192.4,4192.4,4192.4,4167.5,4192.4,4192.4,4192.4,4192.4,99.8,572.7,2399.7,872.9,1213.1,1082.4,891.3,591.2,515.6,478.1,77.4,79.9,294.1,237.9,142.1,101.0,96.9,89.0,572.7,12.2,32.9,20.5,28.7,25.6,21.1,14.0,12.2,11.2,2.1,2.2,7.2,5.8,3.4,2.6,2.6,2.4,32.9,12.2,13.7,37.9,23.4,33.0,29.2,24.1,15.9,13.8,12.6,2.0,2.1,7.8,6.3,3.5,2.6,2.6,2.3,13.7,42.0,42.0,42.0,42.0,41.8,42.0,42.0,42.0,42.0,0.0,41.8,57.3,59.7,51.2,47.4,26.3,36.1,30.2,26.4,58.2,42.7,40.3,48.8,52.6,73.7,63.9,69.8,73.6,0.0,0.0,0.0,0.0,0.0,0.0,0.0,0.0,0.0,1197.8,12.00,16,16,16,39,55,661,1,71.1,59.7,64.8,56.2,58.2,58.6,57.6,56.5,54.7,55.2,54.5,54.6,54.1,54.3,53.8,46.8,44.3,1.394,1.031,1.394,6.652,9.099,6.641,37.191,27.379,2.475,3.628,3.892,2.941,2.515,1.571,1.974,1.683,1.596,9.258,9.362,18.620,27.495,1197.8,1197.8,4173.9,4199.4,4148.3,4233.7,31.2,11.1,41.3,62.9,46.6,No,No,No,0.452,0.016,3.3,45,95.0,100.0,No,No,91370,99120,31,99.0,No,No,3320,0.0,0.0,0.1,0.008,0.109,103671,124099,0.0,0.0,0.0,0.000,0.000,52,0,35.2,47.1,83.0,0.669,12.167,12.207,12.183,12.112,1129,19.318,7.311,9.510,1.440,17.617,12.330,5.283,0.336,9.510,9.904,1.431,5.743,220.000,240.000,210.0,101.2,555.0,210.0,600.0,26.0,27.0,0.0,0.0,28.4,1.7,6.7,0.0,0.0,0.0,33,Yes,No,No,No,No,Yes,No,8.8,11.4,2,0,0,0,0,0,0,0,0,66,0,0,0,0,0,0,0,0,0,0,0,0,0,0,0,0,0,0,0,0,5867,2325,2161,134,2.5,239.7,253.5,226.4,215.2,219.2,214.6,0.0,0.0,0.0,0.0,0.0,0.0,4.17,4.45,3.92,3.68,4.59,4.69,0.84,0.01,4.09,0.09,0.00,0,0,0.0,0.0,20301,1800,0.7,0.1,0,
9.7.2026,23:45:44.253,26633,19361,57.9,20476,12206,62.6,0.7,13312,93,1.397,1.406,1.406,1.406,1.406,1.406,1.381,1.381,1.381,4220.5,4242.3,4217.4,4217.4,4217.4,4217.4,4217.4,4217.4,4217.4,99.8,535.4,2289.1,803.7,1023.1,1023.0,732.4,531.3,471.9,421.9,93.3,83.2,220.5,196.6,142.7,111.4,288.6,134.3,535.4,10.7,30.3,18.3,23.7,24.0,16.9,12.0,10.6,9.3,1.8,1.5,4.7,4.1,2.7,2.1,6.5,2.7,30.3,10.7,12.7,35.1,21.6,27.7,27.7,19.7,14.1,12.6,11.1,2.5,2.2,5.8,5.1,3.5,2.9,7.9,3.6,12.7,42.3,42.5,42.2,42.2,42.2,42.2,42.2,42.2,42.2,0.0,40.1,54.9,55.0,47.6,45.2,26.1,33.6,29.2,29.1,59.9,45.1,45.0,52.4,54.8,73.9,66.4,70.8,70.9,0.0,0.0,0.0,0.0,0.0,0.0,0.0,0.0,0.0,1197.8,12.00,16,16,16,39,55,661,1,68.2,58.9,60.2,56.0,58.0,57.7,57.2,56.2,54.7,55.0,54.5,54.8,54.0,54.2,53.7,46.8,44.4,1.400,1.019,1.394,6.230,9.035,6.242,35.494,26.848,2.371,3.517,3.489,2.739,2.388,1.574,1.860,1.659,1.741,8.653,9.295,17.948,26.850,1197.8,1197.8,4158.9,4185.8,4132.0,4236.9,30.5,10.4,39.4,62.1,45.4,No,No,No,0.419,0.016,3.2,45,95.0,100.0,No,No,91370,99120,31,99.0,No,No,3320,0.0,0.0,0.0,0.000,0.016,103671,124099,0.0,0.0,0.0,0.000,0.000,52,0,35.1,47.2,83.0,0.669,12.164,12.203,12.180,12.109,1129,19.295,7.259,9.456,1.440,17.466,12.217,5.253,0.336,9.456,9.799,1.416,5.746,220.000,240.000,210.0,101.2,555.0,210.0,600.0,46.0,32.0,0.0,0.0,28.3,1.8,7.0,0.0,0.0,0.0,33,Yes,No,No,No,No,Yes,No,9.2,11.8,2,0,0,0,0,0,0,0,0,66,0,0,0,0,0,0,0,0,0,0,0,0,0,0,0,0,0,0,0,0,5877,2315,2151,134,2.5,239.7,252.1,225.3,220.4,222.7,219.3,0.0,0.0,0.0,0.0,0.0,0.0,4.17,4.45,3.92,3.89,4.50,4.57,0.89,0.01,4.09,0.08,0.00,0,0,0.0,0.0,20301,1800,0.8,0.4,0,
9.7.2026,23:45:46.237,26634,19360,57.9,20476,12205,62.6,0.7,13312,93,1.347,1.369,1.344,1.344,1.344,1.344,1.344,1.344,1.344,4167.5,4167.5,4167.5,4167.5,4167.5,4167.5,4167.5,4167.5,4167.5,99.8,698.4,2628.9,1083.1,1240.4,1260.2,926.9,631.2,660.0,552.2,168.6,216.6,416.6,339.8,275.8,266.5,210.9,296.1,698.4,14.8,33.9,25.3,29.1,29.8,22.0,14.8,15.6,12.9,4.2,5.4,10.0,8.1,6.4,6.4,5.2,7.2,33.9,14.8,16.7,38.8,29.0,33.4,34.0,24.9,16.8,17.7,14.6,4.5,5.8,11.1,8.9,7.1,7.0,5.6,8.0,16.7,41.8,41.8,41.8,41.8,41.8,41.8,41.8,41.8,41.8,0.0,49.1,62.9,63.2,56.4,54.2,35.9,43.7,40.0,36.8,50.9,37.1,36.8,43.6,45.8,64.1,56.3,60.0,63.2,0.0,0.0,0.0,0.0,0.0,0.0,0.0,0.0,0.0,1197.8,12.00,16,16,16,39,55,661,1,65.5,59.6,60.2,56.6,58.5,58.5,57.6,56.8,55.2,55.7,55.2,55.1,54.2,54.4,53.9,47.5,45.0,1.394,1.025,1.381,7.400,9.336,7.394,43.683,28.625,2.695,3.919,3.999,3.023,2.700,1.824,2.237,2.005,1.854,10.224,9.608,19.832,28.729,1197.8,1197.8,4168.5,4185.7,4151.2,4222.3,32.6,12.3,48.5,62.7,47.2,No,No,No,0.521,0.017,3.9,45,95.0,100.0,No,No,91370,99120,31,99.0,No,No,3320,0.0,0.0,0.0,0.000,0.052,103671,124099,0.0,0.0,0.0,0.000,0.000,52,0,37.5,51.5,83.0,0.919,12.146,12.194,12.163,12.081,1130,44.270,17.381,27.747,6.694,38.130,22.701,15.414,0.336,27.747,17.432,3.244,14.364,220.000,240.000,1725.0,1750.2,1515.0,1724.8,1635.0,13.0,3.0,0.0,0.0,27.8,0.8,3.1,0.0,0.0,0.0,33,Yes,No,No,No,No,Yes,No,20.9,24.9,2,0,0,0,0,0,0,0,0,68,0,0,0,0,0,0,0,0,0,0,0,0,0,0,0,0,0,0,0,0,5918,2274,2109,139,8.0,239.7,256.5,220.4,211.7,214.7,211.2,44.0,241.7,4.1,0.7,0.7,0.7,4.17,4.72,3.70,2.95,5.51,7.06,0.94,0.09,4.05,0.12,1.19,0,0,0.0,0.0,20301,1800,0.7,0.4,0,
9.7.2026,23:45:48.245,26727,19267,58.1,20524,12158,62.7,0.7,13312,93,1.352,1.363,1.356,1.356,1.356,1.356,1.356,1.337,1.337,4139.4,4192.4,4167.5,4117.6,4117.6,4117.6,4117.6,4142.5,4142.5,99.8,1431.6,3462.7,1837.4,2337.5,1932.4,1917.0,1426.0,1624.5,1197.5,870.0,664.6,1386.9,956.0,1132.7,829.0,724.0,606.6,1431.6,32.1,55.2,43.5,55.6,42.2,44.6,33.9,38.2,28.9,20.8,16.3,32.5,22.8,26.8,20.3,17.5,15.0,55.6,32.1,36.7,63.3,49.9,63.7,48.3,51.0,38.8,43.7,33.0,23.6,18.5,37.1,26.0,30.6,23.1,19.9,17.0,36.7,41.5,42.0,41.8,41.2,41.2,41.2,41.2,41.5,41.5,0.0,73.2,83.5,85.2,78.7,76.6,63.3,70.3,67.0,61.1,26.8,16.5,14.8,21.3,23.4,36.7,29.7,33.0,38.9,0.0,0.0,0.0,0.0,0.0,0.0,0.0,0.0,0.0,1197.8,12.00,16,16,16,39,55,661,1,65.8,64.8,70.8,60.7,63.1,63.3,62.3,61.2,58.9,59.7,59.0,58.4,56.0,56.3,55.7,48.5,45.5,1.356,1.038,1.363,12.890,10.649,12.877,65.534,37.407,4.229,5.659,6.072,4.900,4.304,2.991,3.763,3.364,2.778,17.560,10.974,28.534,37.531,1197.8,1197.8,4144.5,4152.4,4136.7,4168.3,42.6,21.5,72.8,68.2,51.7,No,No,No,1.002,0.023,5.9,45,95.0,100.0,No,No,91370,99120,31,99.0,No,No,3320,0.0,0.3,0.3,0.074,0.543,103671,124100,0.0,0.0,0.0,0.000,0.000,52,0,37.8,51.8,83.0,0.919,12.143,12.191,12.160,12.078,1133,44.668,17.012,26.748,6.266,37.476,22.609,14.859,0.336,26.748,17.343,3.285,14.449,220.000,240.000,1725.0,1750.2,1515.0,1724.8,1635.0,4.0,2.0,0.0,0.0,27.7,0.5,1.8,0.0,0.0,0.0,33,Yes,No,No,No,No,Yes,No,20.0,24.7,2,0,0,0,0,0,0,0,0,68,0,0,0,0,0,0,0,0,0,0,0,0,0,0,0,0,0,0,0,0,5920,2272,2107,139,8.0,239.9,264.4,222.0,217.4,216.9,216.9,239.8,243.9,236.1,232.9,232.5,232.5,4.17,4.53,3.83,3.77,4.62,4.62,0.34,3.83,4.06,0.11,0.12,0,0,0.0,0.0,20301,1800,5.2,5.3,0,
9.7.2026,23:45:50.240,26744,19250,58.1,20538,12144,62.8,0.7,13312,93,1.355,1.350,1.356,1.356,1.356,1.356,1.356,1.356,1.356,4167.5,4167.5,4167.5,4167.5,4167.5,4167.5,4167.5,4167.5,4167.5,99.8,1856.8,3557.7,1974.0,2566.9,2078.9,2335.5,1738.5,2000.5,1703.9,1437.4,1274.3,1818.6,1416.2,1588.2,1342.9,1446.7,1428.8,1856.8,43.1,65.4,47.7,62.0,53.9,56.2,41.4,47.8,39.8,33.9,29.6,43.7,33.2,37.3,31.1,33.8,33.2,65.4,43.1,48.7,74.3,54.0,70.4,61.1,63.7,46.8,54.0,44.9,38.1,33.1,49.2,37.3,42.0,34.9,37.9,37.2,48.7,41.8,41.8,41.8,41.8,41.8,41.8,41.8,41.8,41.8,0.0,77.1,86.5,88.7,82.5,80.0,67.9,74.2,70.5,66.1,22.9,13.5,11.3,17.5,20.0,32.1,25.8,29.5,33.9,0.0,0.0,0.0,0.0,0.0,0.0,0.0,0.0,0.0,1197.8,12.00,16,16,16,39,55,661,1,74.0,68.8,62.0,64.2,66.1,66.8,65.9,64.6,62.0,63.0,61.9,62.9,57.5,57.7,57.2,49.0,45.8,1.381,1.031,1.375,15.923,10.693,15.933,68.922,41.550,5.032,6.143,6.795,5.638,5.181,3.863,4.504,4.048,4.085,21.469,11.036,32.505,41.589,1197.8,1197.8,4110.0,4117.2,4102.7,4135.9,47.3,26.6,76.6,72.4,53.7,No,No,No,1.444,0.059,6.2,45,95.0,100.0,No,No,91370,99120,31,99.0,No,No,3320,0.1,0.6,0.6,0.118,3.999,103671,124107,0.0,0.0,0.0,0.000,0.000,52,0,35.9,48.4,83.0,0.669,12.155,12.197,12.172,12.096,1130,22.247,8.229,10.356,1.878,19.768,14.008,5.753,0.336,10.356,11.628,1.631,6.577,220.000,240.000,450.0,202.5,825.0,595.7,900.0,10.0,17.0,0.0,0.0,27.7,0.9,3.4,0.0,0.0,0.0,33,Yes,No,No,No,No,Yes,No,10.0,13.0,2,0,0,0,0,0,0,0,0,69,0,0,0,0,0,0,0,0,0,0,0,0,0,0,0,0,0,0,0,0,5921,2271,2107,141,5.0,239.7,255.9,224.2,217.1,219.9,216.6,38.1,240.0,4.9,4.8,4.8,4.8,4.17,4.47,3.87,3.69,4.56,4.65,0.20,0.50,4.07,0.10,1.75,0,0,0.0,0.0,20301,1800,0.1,0.1,0,
9.7.2026,23:45:52.235,26669,19325,57.9,20537,12145,62.8,0.7,13312,93,1.352,1.350,1.350,1.350,1.350,1.350,1.350,1.350,1.363,4142.5,4142.5,4142.5,4142.5,4142.5,4142.5,4142.5,4142.5,4142.5,99.8,997.0,3128.4,1288.0,1507.6,1706.4,1510.0,935.2,1121.7,702.6,357.8,309.7,835.3,484.7,596.9,402.5,539.1,526.0,997.0,21.4,47.0,30.0,35.2,40.3,34.8,21.5,25.9,15.9,7.9,6.8,19.2,10.8,13.3,8.9,12.3,12.0,47.0,21.4,24.9,54.1,34.7,40.8,46.4,40.2,25.1,30.1,18.7,9.5,8.2,22.3,12.8,15.7,10.7,14.5,14.3,24.9,41.5,41.5,41.5,41.5,41.5,41.5,41.5,41.5,41.5,0.0,62.9,75.6,77.2,71.0,66.6,49.2,57.5,53.0,52.9,37.1,24.4,22.8,29.0,33.4,50.8,42.5,47.0,47.1,0.0,0.0,0.0,0.0,0.0,0.0,0.0,0.0,0.0,1197.8,12.00,16,16,16,39,55,661,1,71.2,65.6,63.8,60.1,62.4,62.8,62.0,60.2,58.0,59.0,58.2,58.5,56.0,56.3,55.7,48.2,45.5,1.375,1.038,1.381,10.203,10.028,10.206,56.142,33.191,3.526,4.880,5.334,4.219,3.399,2.262,2.935,2.602,2.578,13.969,10.327,24.296,33.252,1197.8,1197.8,4135.9,4143.9,4127.8,4173.2,37.8,17.0,62.4,69.1,49.3,No,No,No,0.691,0.026,5.0,45,95.0,100.0,No,No,91370,99120,31,99.0,No,No,3320,0.0,0.1,0.2,0.032,0.834,103672,124109,0.0,0.0,0.0,0.000,0.000,52,0,35.7,48.1,83.0,0.669,12.165,12.206,12.181,12.109,1129,20.597,7.451,9.495,1.465,17.967,12.690,5.275,0.336,9.495,10.285,1.375,6.129,220.000,240.000,315.0,101.2,555.0,348.2,600.0,24.0,35.0,0.0,0.0,27.7,1.4,5.7,0.0,0.0,0.0,33,Yes,No,No,No,No,Yes,No,9.0,11.7,2,0,0,0,0,0,0,0,0,70,0,0,0,0,0,0,0,0,0,0,0,0,0,0,0,0,0,0,0,0,5921,2271,2107,141,2.5,239.7,253.6,225.1,217.8,221.2,216.7,28.4,240.2,5.2,5.2,5.2,5.2,4.17,4.47,3.92,3.67,4.53,4.62,0.32,0.33,4.07,0.10,1.44,0,0,0.0,0.0,20301,1800,0.6,0.4,0,
9.7.2026,23:45:54.239,26643,19351,57.9,20529,12153,62.8,0.7,13312,93,1.368,1.363,1.369,1.369,1.369,1.369,1.369,1.369,1.369,4192.4,4192.4,4192.4,4192.4,4192.4,4192.4,4192.4,4192.4,4192.4,99.8,808.4,2807.8,1028.2,1722.3,1156.3,1145.2,704.3,914.4,548.3,308.1,225.3,643.9,349.9,412.7,250.2,321.1,396.9,808.4,17.8,42.8,24.2,40.9,27.4,27.2,16.8,21.9,13.0,7.5,5.5,15.5,8.4,9.7,6.0,7.9,9.7,42.8,17.8,20.0,48.9,27.5,46.8,31.0,30.8,18.9,24.7,14.5,8.2,5.9,17.3,9.2,10.7,6.5,8.7,10.8,20.0,42.0,42.0,42.0,42.0,42.0,42.0,42.0,42.0,42.0,0.0,54.5,67.6,70.3,61.6,58.5,42.3,48.9,44.8,42.5,45.5,32.4,29.7,38.4,41.5,57.7,51.1,55.2,57.5,0.0,0.0,0.0,0.0,0.0,0.0,0.0,0.0,0.0,1197.8,12.00,16,16,16,39,55,661,1,68.4,62.4,57.2,58.6,60.7,61.2,59.8,58.8,56.9,57.6,56.7,57.0,55.5,55.8,55.2,49.2,44.8,1.388,1.025,1.381,8.434,9.340,8.435,48.473,30.092,3.005,4.290,4.698,3.340,2.963,1.979,2.549,2.147,2.078,11.583,9.617,21.200,30.141,1197.8,1197.8,4142.6,4161.3,4123.9,4200.1,34.3,14.1,53.9,65.7,48.0,No,No,No,0.714,0.024,4.4,45,95.0,100.0,No,No,91370,99120,31,99.0,No,No,3320,0.0,0.1,0.1,0.000,0.330,103672,124109,0.0,0.0,0.0,0.000,0.000,52,0,35.6,47.8,83.0,0.669,12.163,12.204,12.179,12.105,1132,20.024,7.627,9.900,1.562,18.365,12.856,5.500,0.336,9.900,10.369,1.498,5.983,220.000,240.000,240.0,101.2,555.0,268.6,600.0,37.0,38.0,0.0,1.0,27.7,1.7,7.0,0.0,0.0,0.0,33,Yes,No,No,No,No,Yes,No,9.2,12.1,2,0,0,0,0,0,0,0,0,70,0,0,0,0,0,0,0,0,0,0,0,0,0,0,0,0,0,0,0,0,5921,2271,2106,141,2.5,239.7,256.7,225.3,218.4,222.0,216.7,10.3,120.1,3.0,2.9,2.9,2.9,4.17,4.49,3.84,3.63,4.53,4.60,0.85,0.04,4.08,0.09,1.62,0,0,0.0,0.0,20301,1800,1.1,1.1,0,
9.7.2026,23:45:56.249,26656,19338,57.9,20540,12142,62.8,0.7,13312,93,1.363,1.375,1.363,1.363,1.363,1.363,1.363,1.363,1.356,4173.7,4192.4,4167.5,4167.5,4167.5,4167.5,4167.5,4167.5,4192.4,99.8,693.1,2620.9,991.3,1486.8,1096.0,1006.8,618.1,746.8,538.6,194.5,168.6,475.5,317.0,316.0,222.1,173.6,117.8,693.1,14.4,35.7,22.9,34.7,25.7,23.5,14.2,17.3,12.3,4.3,3.7,10.9,7.1,6.9,4.9,3.8,2.5,35.7,14.4,16.7,41.1,26.6,40.1,29.5,27.1,16.4,20.0,14.3,5.1,4.4,12.6,8.3,8.1,5.8,4.6,3.1,16.7,41.8,42.0,41.8,41.8,41.8,41.8,41.8,41.8,42.0,0.0,49.3,62.9,64.5,57.0,54.4,37.3,43.8,40.5,34.4,50.7,37.1,35.5,43.0,45.6,62.7,56.2,59.5,65.6,0.0,0.0,0.0,0.0,0.0,0.0,0.0,0.0,0.0,1197.8,12.00,16,16,16,39,55,661,1,65.6,60.5,63.2,57.5,59.7,59.3,58.9,57.7,56.1,56.5,56.0,55.6,54.9,55.1,54.6,49.0,45.6,1.388,1.044,1.387,7.464,9.158,7.455,43.581,28.550,2.755,4.036,4.125,3.170,2.805,1.856,2.284,2.025,1.734,10.304,9.426,19.730,28.631,1197.8,1197.8,4150.9,4167.9,4133.9,4224.0,32.5,12.4,48.4,63.7,46.6,No,No,No,0.511,0.022,3.9,45,95.0,100.0,No,No,91370,99120,31,99.0,No,No,3320,0.1,0.2,0.2,0.093,0.440,103672,124110,0.0,0.0,0.0,0.000,0.000,52,0,35.5,47.8,83.0,0.669,12.167,12.208,12.182,12.111,1129,19.361,7.312,9.551,1.563,17.469,12.147,5.306,0.336,9.551,9.819,1.457,5.916,220.000,240.000,210.0,101.2,555.0,255.0,600.0,21.0,25.0,0.0,0.0,27.7,1.6,6.5,0.0,0.0,0.0,33,Yes,No,No,No,No,Yes,No,8.8,11.1,2,0,0,0,0,0,0,0,0,70,0,0,0,0,0,0,0,0,0,0,0,0,0,0,0,0,0,0,0,0,5921,2271,2106,142,2.5,239.7,267.3,220.8,213.4,217.1,211.8,21.8,251.8,2.8,2.6,2.6,2.6,4.17,4.52,3.72,3.64,4.62,4.76,1.02,0.02,4.08,0.09,2.26,0,0,0.0,0.0,20301,1800,93.8,3.3,0,
9.7.2026,23:45:58.246,26668,19325,57.9,20556,12125,62.8,0.7,13312,93,1.362,1.356,1.363,1.363,1.363,1.363,1.363,1.363,1.363,4186.2,4142.5,4192.4,4192.4,4192.4,4192.4,4192.4,4192.4,4192.4,99.8,635.3,2439.5,919.4,1489.5,927.2,653.0,762.6,518.0,585.5,142.5,138.2,347.2,336.9,248.2,220.4,187.1,249.1,635.3,13.8,31.9,22.0,35.6,22.3,15.7,18.4,12.6,14.2,3.8,3.7,8.7,8.4,6.0,5.6,4.8,6.4,35.6,13.8,15.2,36.4,24.8,40.5,25.0,17.5,20.5,13.9,15.6,3.8,3.6,9.3,8.9,6.4,5.9,5.0,6.8,15.2,41.9,41.5,42.0,42.0,42.0,42.0,42.0,42.0,42.0,0.0,45.3,58.6,61.3,51.0,48.5,32.8,39.8,36.5,33.7,54.7,41.4,38.7,49.0,51.5,67.2,60.2,63.5,66.3,0.0,0.0,0.0,0.0,0.0,0.0,0.0,0.0,0.0,1197.8,12.00,16,16,16,39,55,661,1,73.2,60.8,63.8,57.2,59.3,59.5,58.2,57.3,55.6,56.1,55.6,55.7,54.6,54.9,54.4,48.8,44.9,1.388,1.019,1.381,6.982,9.109,6.988,39.854,27.864,2.617,3.810,4.077,2.890,2.591,1.719,2.136,1.922,1.794,9.650,9.374,19.023,27.933,1197.8,1197.8,4139.5,4163.2,4115.7,4229.8,31.7,11.6,44.3,64.0,45.9,No,No,No,0.487,0.019,3.6,45,95.0,100.0,No,No,91370,99120,31,99.0,No,No,3320,0.0,0.2,0.2,0.024,2.569,103672,124115,0.0,0.0,0.0,0.000,0.000,52,0,37.3,50.9,83.0,0.919,12.145,12.194,12.161,12.079,1128,23.781,17.541,28.715,7.109,38.138,22.165,15.953,0.336,28.715,16.873,3.357,14.051,220.000,240.000,1725.0,1750.2,1515.0,451.6,1635.0,4.0,1.0,0.0,0.0,28.4,1.7,6.7,0.0,0.0,0.0,33,Yes,No,No,No,No,Yes,No,20.7,24.1,2,0,0,0,0,0,0,0,0,71,0,0,0,0,0,0,0,0,0,0,0,0,0,0,0,0,0,0,0,0,5864,2328,2164,161,8.0,239.8,255.3,224.2,223.3,223.5,223.3,8.8,228.5,1.9,1.9,1.9,1.9,4.17,4.49,3.89,3.70,4.51,4.53,0.87,0.01,4.08,0.09,2.15,0,0,0.0,0.0,20301,1800,1.0,0.6,0,
9.7.2026,23:46:0.237,26767,19227,58.1,20702,11979,63.3,0.7,13312,93,1.359,1.375,1.356,1.356,1.356,1.356,1.356,1.356,1.356,4170.6,4192.4,4167.5,4167.5,4167.5,4167.5,4167.5,4167.5,4167.5,99.8,951.4,3209.9,1368.3,1963.7,1373.3,972.3,1226.6,778.0,954.5,378.2,326.1,548.0,647.7,465.4,424.7,287.5,299.1,951.4,20.6,47.6,31.8,46.8,32.3,22.6,28.9,18.2,22.4,8.9,7.7,12.7,15.0,10.6,9.9,6.7,7.1,47.6,20.6,23.6,55.3,37.2,54.0,37.1,26.0,33.1,20.8,25.6,10.1,8.7,14.5,17.1,12.0,11.2,7.5,8.0,23.6,41.8,42.0,41.8,41.8,41.8,41.8,41.8,41.8,41.8,0.0,58.6,77.1,77.5,65.0,61.7,44.6,52.5,48.3,42.0,41.4,22.9,22.5,35.0,38.3,55.4,47.5,51.7,58.0,0.0,0.0,0.0,0.0,0.0,0.0,0.0,0.0,0.0,1197.8,12.00,16,16,16,39,55,661,1,70.8,65.5,68.2,59.4,63.3,63.1,60.7,59.5,57.3,57.8,57.0,56.7,55.5,55.8,55.2,48.2,45.9,1.375,1.031,1.375,9.739,9.856,9.720,52.358,32.318,3.383,5.285,5.440,3.736,3.257,2.190,2.698,2.397,2.059,13.387,10.150,23.537,32.481,1197.8,1197.8,4149.9,4168.0,4131.7,4189.0,36.9,16.2,58.2,69.0,49.4,No,No,No,1.060,0.073,4.7,45,95.0,100.0,No,No,91370,99120,31,99.0,No,No,3320,0.2,0.7,0.8,0.493,1.153,103673,124117,0.0,0.0,0.0,0.000,0.000,52,0,37.9,51.9,83.0,0.919,12.145,12.194,12.161,12.080,1133,43.811,16.816,26.536,6.305,36.921,22.167,14.742,0.336,26.536,17.048,3.484,14.088,220.000,240.000,1725.0,1750.2,1515.0,1724.8,1635.0,3.0,1.0,0.0,0.0,27.7,0.2,1.0,0.0,0.0,0.0,33,Yes,No,No,No,No,Yes,No,19.8,24.5,2,0,0,0,0,0,0,0,0,71,0,0,0,0,0,0,0,0,0,0,0,0,0,0,0,0,0,0,0,0,5920,2272,2107,159,8.0,237.7,263.6,202.4,119.2,138.8,118.1,3.2,233.4,0.8,0.8,0.8,0.8,4.21,4.96,3.78,3.31,7.12,8.31,0.01,0.04,4.08,0.13,13.66,0,0,0.0,0.0,20301,1800,1.5,0.2,0,
9.7.2026,23:46:2.245,26764,19230,58.1,20693,11989,63.3,0.7,13312,93,1.378,1.394,1.369,1.369,1.369,1.381,1.381,1.381,1.381,4117.6,3593.5,4192.4,4192.4,4192.4,4192.4,4192.4,4192.4,4192.4,99.8,870.3,2950.8,1307.6,1796.3,1342.4,869.0,1103.9,655.3,858.5,265.6,279.1,503.9,509.8,379.2,364.8,359.8,378.0,870.3,18.7,44.4,31.2,42.5,31.5,20.1,25.9,15.0,20.0,5.9,6.3,11.6,11.8,8.5,8.3,8.3,8.7,44.4,18.7,21.7,50.9,35.5,49.2,36.4,23.3,29.9,17.6,23.2,7.1,7.5,13.5,13.7,9.9,9.7,9.8,10.3,21.7,41.2,36.0,42.0,42.0,42.0,42.0,42.0,42.0,42.0,0.0,52.3,70.9,70.4,58.5,55.2,38.1,45.7,41.6,38.3,47.7,29.1,29.6,41.5,44.8,61.9,54.3,58.4,61.7,0.0,0.0,0.0,0.0,0.0,0.0,0.0,0.0,0.0,1197.8,12.00,16,16,16,39,55,661,1,79.2,64.5,60.0,59.3,63.0,62.6,60.6,59.4,57.2,57.8,57.0,57.1,55.6,55.9,55.4,49.5,45.9,1.400,1.025,1.394,9.002,10.244,9.023,46.524,31.956,3.157,4.972,4.971,3.488,3.026,2.017,2.497,2.183,2.104,12.388,10.545,22.933,31.918,1197.8,1197.8,4135.4,4162.9,4107.9,4199.0,36.3,15.0,51.7,67.9,48.8,No,No,No,0.893,0.025,4.2,45,95.0,100.0,No,No,91370,99120,31,99.0,No,No,3320,0.1,0.5,0.6,0.194,3.000,103673,124123,0.0,0.0,0.0,0.000,0.000,52,0,36.1,48.6,83.0,0.669,12.148,12.190,12.165,12.090,1133,21.383,7.901,10.138,1.670,19.015,13.383,5.632,0.336,10.138,10.902,1.460,6.337,220.000,240.000,315.0,202.5,825.0,403.0,900.0,15.0,13.0,0.0,0.0,27.7,0.7,3.0,0.0,0.0,0.0,33,Yes,No,No,No,No,Yes,No,9.6,12.8,2,0,0,0,0,0,0,0,0,72,0,0,0,0,0,0,0,0,0,0,0,0,0,0,0,0,0,0,0,0,5920,2272,2107,158,5.0,239.8,259.1,222.3,171.8,187.6,162.8,1.9,1.9,1.9,1.9,1.9,1.9,4.17,4.51,3.85,2.40,5.34,6.13,0.17,0.48,4.08,0.09,2.24,0,0,0.0,0.0,20301,1800,3.6,2.4,0,
9.7.2026,23:46:4.238,26721,19272,58.0,20655,12026,63.2,0.7,13312,93,1.376,1.381,1.375,1.375,1.375,1.375,1.375,1.375,1.375,4087.6,4192.4,4192.4,4192.4,4192.4,4192.4,4192.4,4192.4,3354.0,99.8,1126.8,3160.4,1610.3,2249.7,1413.3,1093.4,1385.2,954.5,1044.3,453.7,461.6,749.9,855.2,549.2,537.1,628.4,882.4,1126.8,24.7,44.3,38.0,53.6,33.3,25.7,32.8,22.4,24.6,10.7,10.9,17.6,20.2,12.7,12.6,15.0,21.2,53.6,24.7,28.5,51.0,43.8,61.8,38.3,29.6,37.7,25.9,28.3,12.4,12.6,20.3,23.3,14.7,14.6,17.2,24.4,28.5,41.0,42.0,42.0,42.0,42.0,42.0,42.0,42.0,33.6,0.0,61.2,76.2,80.4,67.5,64.0,45.4,56.7,49.6,49.8,38.8,23.8,19.6,32.5,36.0,54.6,43.3,50.4,50.2,0.0,0.0,0.0,0.0,0.0,0.0,0.0,0.0,0.0,1197.8,12.00,16,16,16,39,55,661,1,76.1,65.9,65.0,60.4,62.7,64.0,61.3,60.4,57.9,59.3,57.8,59.5,55.9,56.2,55.7,48.2,45.5,1.394,1.038,1.394,10.835,9.993,10.837,54.933,34.103,3.670,5.045,5.752,3.953,3.527,2.373,3.075,2.576,3.061,14.845,10.294,25.139,34.147,1197.8,1197.8,4149.8,4160.5,4139.2,4171.3,38.8,18.1,61.0,69.3,50.4,No,No,No,1.329,0.043,4.9,45,95.0,100.0,No,No,91370,99120,31,99.0,No,No,3320,0.0,0.1,0.1,0.000,0.258,103673,124123,0.0,0.0,0.0,0.000,0.000,52,0,35.8,48.1,83.0,0.669,12.163,12.204,12.178,12.106,1130,19.416,7.339,9.686,1.501,17.634,12.239,5.381,0.336,9.686,9.786,1.333,5.810,220.000,240.000,225.0,101.2,555.0,254.4,600.0,24.0,26.0,0.0,0.0,27.7,1.5,6.0,0.0,0.0,0.0,33,Yes,No,No,No,No,Yes,No,8.9,11.4,3,0,0,0,0,0,0,0,0,73,0,0,0,0,0,0,0,0,0,0,0,0,0,0,0,0,0,0,0,0,5920,2272,2107,159,2.5,239.8,270.9,219.8,208.1,211.1,206.2,10.8,241.9,2.0,1.9,1.9,1.9,4.17,4.66,3.64,3.52,4.83,4.85,0.61,0.03,4.06,0.11,2.37,0,0,0.0,0.0,20301,1800,0.3,0.4,0,
9.7.2026,23:46:6.235,26698,19296,58.0,20634,12048,63.1,0.7,13312,93,1.371,1.369,1.356,1.375,1.375,1.375,1.375,1.375,1.369,4192.4,4192.4,4192.4,4192.4,4192.4,4192.4,4192.4,4192.4,4192.4,99.8,622.7,2432.9,1244.1,1240.1,1065.0,600.5,796.0,466.9,491.1,118.3,142.5,243.6,278.1,162.1,173.7,237.0,271.7,622.7,12.7,24.2,29.7,29.5,25.4,14.1,18.9,11.0,11.5,3.0,3.6,5.8,6.7,3.8,4.2,5.8,6.7,29.7,12.7,14.4,27.7,33.9,33.5,28.7,15.9,21.4,12.4,13.1,3.1,3.8,6.4,7.4,4.1,4.6,6.4,7.4,14.4,42.0,42.0,42.0,42.0,42.0,42.0,42.0,42.0,42.0,0.0,43.1,58.4,58.1,51.8,48.9,28.4,36.7,31.8,30.5,56.9,41.6,41.9,48.2,51.1,71.6,63.3,68.2,69.5,0.0,0.0,0.0,0.0,0.0,0.0,0.0,0.0,0.0,1197.8,12.00,16,16,16,39,55,661,1,73.0,60.7,67.2,57.6,59.6,59.7,58.7,57.7,56.1,56.5,56.0,56.2,55.1,55.4,54.8,47.2,45.2,1.381,1.044,1.387,6.770,9.077,6.759,38.154,27.498,2.543,3.648,3.954,2.914,2.498,1.685,1.989,1.785,1.874,9.379,9.341,18.720,27.607,1197.8,1197.8,4152.8,4176.5,4129.2,4225.9,31.4,11.3,42.4,63.9,45.9,No,No,No,0.500,0.017,3.4,45,95.0,100.0,No,No,91370,99120,31,99.0,No,No,3320,0.0,0.2,0.2,0.008,3.439,103673,124130,0.0,0.0,0.0,0.000,0.000,52,0,38.2,52.2,83.0,0.919,12.141,12.189,12.158,12.076,1132,45.179,17.495,28.115,6.911,38.031,22.400,15.618,0.336,28.115,17.170,3.791,14.460,220.000,240.000,1725.0,1750.2,1515.0,1724.6,1635.0,19.0,2.0,0.0,0.0,27.7,1.0,3.9,0.0,0.0,0.0,33,Yes,No,No,No,No,Yes,No,20.6,24.9,3,0,0,0,0,0,0,0,0,74,0,0,0,0,0,0,0,0,0,0,0,0,0,0,0,0,0,0,0,0,5920,2272,2107,159,8.0,239.7,259.1,222.3,214.2,217.5,213.3,1.4,16.9,0.7,0.7,0.7,0.7,4.17,4.62,3.81,3.60,4.75,4.86,0.86,0.01,4.08,0.09,2.03,0,0,0.0,0.0,20301,1800,1.1,0.0,0,
9.7.2026,23:46:8.236,26702,19292,58.0,20649,12033,63.1,0.7,13312,93,1.359,1.337,1.363,1.363,1.363,1.363,1.363,1.363,1.363,4161.2,4117.6,4167.5,4167.5,4167.5,4167.5,4167.5,4167.5,4167.5,99.8,1139.7,3521.7,1574.6,3120.9,997.7,1158.1,1106.2,973.2,1072.4,434.0,386.3,420.6,1376.5,573.8,751.3,337.6,430.3,1139.7,25.3,55.9,37.4,74.9,23.7,27.4,26.1,23.2,25.3,10.3,9.0,9.8,33.2,13.2,17.9,8.0,10.2,74.9,25.3,29.0,64.2,42.9,86.0,27.4,31.4,30.0,26.5,29.0,11.8,10.2,11.3,37.7,15.1,20.4,9.1,11.7,29.0,41.7,41.2,41.8,41.8,41.8,41.8,41.8,41.8,41.8,0.0,68.2,85.0,91.9,69.7,67.7,55.6,63.8,59.5,52.3,31.8,15.0,8.1,30.3,32.3,44.4,36.2,40.5,47.7,0.0,0.0,0.0,0.0,0.0,0.0,0.0,0.0,0.0,1197.8,12.00,16,16,16,39,55,661,1,72.0,70.3,67.0,61.9,65.2,68.4,62.0,61.7,59.1,61.0,59.0,58.6,56.3,56.6,56.0,47.2,45.8,1.375,1.038,1.387,12.230,10.368,12.232,61.372,36.241,4.148,6.236,7.509,3.945,3.683,2.553,3.805,3.005,2.450,16.702,10.684,27.385,36.346,1197.8,1197.8,4144.8,4150.3,4139.3,4150.3,41.3,20.4,68.2,74.0,50.1,No,No,No,0.694,0.043,5.5,45,95.0,100.0,No,No,91370,99120,31,99.0,No,No,3320,0.0,0.1,0.1,0.002,1.673,103673,124133,0.0,0.0,0.0,0.000,0.000,52,0,38.3,52.6,83.0,0.919,12.142,12.191,12.160,12.076,1132,45.292,16.899,26.962,6.266,37.099,22.111,14.979,0.336,26.962,16.750,3.345,14.177,220.000,240.000,1725.0,1750.2,1515.0,1724.6,1635.0,3.0,1.0,0.0,0.0,27.7,0.6,2.3,0.0,0.0,0.0,33,Yes,No,No,No,No,Yes,No,19.9,24.1,3,0,0,0,0,0,0,0,0,74,0,0,0,0,0,0,0,0,0,0,0,0,0,0,0,0,0,0,0,0,5920,2272,2107,159,8.0,239.8,255.8,223.1,220.1,221.6,219.3,234.8,335.7,127.9,121.2,124.3,119.8,4.17,4.49,3.90,3.87,4.53,4.59,0.20,0.48,4.07,0.10,0.49,0,0,0.0,0.0,20301,1800,2.1,0.4,0,
9.7.2026,23:46:10.244,26707,19286,58.0,20683,11999,63.2,0.7,13312,93,1.369,1.369,1.369,1.369,1.369,1.369,1.369,1.369,1.369,4003.4,4192.4,4217.4,4217.4,4217.4,3373.9,4217.4,4217.4,3373.9,99.8,969.0,3013.3,1509.8,3600.8,510.0,941.2,1096.0,704.5,877.0,237.7,285.9,380.8,945.1,353.3,503.4,301.8,243.8,969.0,21.6,45.4,36.6,87.2,12.3,22.7,26.8,17.3,21.3,5.4,6.5,8.7,22.8,8.7,11.7,6.9,5.5,87.2,21.6,24.4,51.2,41.2,100.2,13.6,25.3,29.6,18.9,23.5,6.3,7.6,10.1,25.9,9.2,13.5,8.1,6.5,24.4,40.1,42.0,42.2,42.2,42.2,33.8,42.2,42.2,33.8,0.0,59.5,73.3,94.9,61.9,58.0,44.2,53.3,47.9,42.3,40.5,26.7,5.1,38.1,42.0,55.8,46.7,52.1,57.7,0.0,0.0,0.0,0.0,0.0,0.0,0.0,0.0,0.0,1197.8,12.00,16,16,16,39,55,661,1,72.4,72.8,60.2,61.3,63.1,72.1,61.2,61.1,57.8,59.8,57.8,57.6,56.3,56.6,56.0,48.8,46.2,1.375,1.025,1.381,10.715,10.252,10.730,53.445,34.210,3.733,5.228,8.366,3.592,3.123,2.056,3.097,2.415,1.990,14.678,10.557,25.235,34.197,1197.8,1197.8,4126.4,4150.1,4102.7,4153.7,38.9,17.9,59.4,76.6,48.9,No,No,No,0.617,0.032,4.8,45,95.0,100.0,No,No,91370,99120,31,99.0,No,No,3320,0.0,0.1,0.1,0.000,1.221,103673,124136,0.0,0.0,0.0,0.000,0.000,52,0,36.5,49.1,83.0,0.669,12.152,12.193,12.169,12.094,1128,21.812,8.013,10.356,1.731,19.216,13.449,5.753,0.336,10.356,10.929,1.493,6.512,220.000,240.000,510.0,202.5,825.0,647.8,900.0,16.0,14.0,0.0,0.0,27.7,0.8,3.1,0.0,0.0,0.0,33,Yes,No,No,No,No,Yes,No,9.7,12.3,3,0,0,0,0,0,0,0,0,75,0,0,0,0,0,0,0,0,0,0,0,0,0,0,0,0,0,0,0,0,5920,2272,2107,160,5.0,239.7,254.7,221.2,212.5,215.1,210.8,231.5,240.3,170.4,164.6,164.0,164.0,4.17,4.54,3.90,3.83,4.69,4.79,0.18,0.49,4.08,0.09,0.31,0,0,0.0,0.0,20301,1800,5.7,2.7,0,
9.7.2026,23:46:12.246,26793,19200,58.2,20736,11946,63.4,0.7,13312,93,1.348,1.356,1.363,1.344,1.344,1.344,1.344,1.344,1.344,4167.5,4167.5,4167.5,4167.5,4167.5,4167.5,4167.5,4167.5,4167.5,99.8,1051.5,3405.0,1972.4,1996.3,1809.6,1223.3,1336.0,940.8,1027.2,281.7,259.1,607.3,639.3,405.3,428.2,291.2,200.8,1051.5,22.7,46.5,47.0,47.5,42.9,28.6,31.5,21.8,24.0,6.8,6.3,14.4,15.3,8.7,10.3,7.1,5.0,47.5,22.7,26.1,53.7,54.2,54.7,49.5,33.1,36.3,25.4,27.8,7.5,6.9,16.2,17.1,10.5,11.5,7.8,5.4,26.1,41.8,41.8,41.8,41.8,41.8,41.8,41.8,41.8,41.8,0.0,59.9,82.1,79.8,67.8,64.3,43.0,52.9,48.0,41.6,40.1,17.9,20.2,32.2,35.7,57.0,47.1,52.0,58.4,0.0,0.0,0.0,0.0,0.0,0.0,0.0,0.0,0.0,1197.8,12.00,16,16,16,39,55,661,1,70.5,66.4,65.8,60.6,64.6,64.8,62.6,61.0,57.8,58.7,57.7,57.4,56.3,56.7,55.9,48.5,45.8,1.375,1.025,1.369,10.898,9.978,10.886,53.440,34.027,3.719,6.200,6.388,4.313,3.588,2.063,2.831,2.357,2.011,14.910,10.280,25.190,34.153,1197.8,1197.8,4133.0,4153.7,4112.3,4181.1,38.8,18.1,59.4,69.9,49.9,No,No,No,0.832,0.065,4.8,45,95.0,100.0,No,No,91370,99120,31,99.0,No,No,3320,0.1,0.8,1.0,0.163,22.950,103673,124180,0.0,0.0,0.0,0.000,0.000,52,0,36.2,48.4,83.0,0.669,12.159,12.198,12.176,12.104,1130,19.447,7.369,9.803,1.525,17.582,12.128,5.446,0.336,9.803,9.650,1.411,6.008,220.000,240.000,315.0,101.2,555.0,373.8,600.0,21.0,25.0,0.0,0.0,27.7,1.3,5.2,0.0,0.0,0.0,33,Yes,No,No,No,No,Yes,No,8.8,11.4,3,0,0,0,0,0,0,0,0,76,0,0,0,0,0,0,0,0,0,0,0,0,0,0,0,0,0,0,0,0,5920,2272,2107,160,2.5,239.8,256.7,220.2,215.5,217.3,214.5,9.2,105.7,4.0,3.9,3.9,3.9,4.17,4.54,3.87,3.74,4.63,4.68,0.59,0.05,4.07,0.10,2.79,0,0,0.0,0.0,20301,1800,2.3,3.5,0,
9.7.2026,23:46:14.236,26779,19215,58.2,20722,11960,63.4,0.7,13312,93,1.376,1.381,1.375,1.375,1.375,1.375,1.375,1.375,1.375,4195.6,4217.4,4192.4,4192.4,4192.4,4192.4,4192.4,4192.4,4192.4,99.8,896.6,3006.2,1694.1,1393.0,1789.7,777.3,1113.7,709.3,836.2,217.8,201.8,469.1,482.4,292.4,261.5,348.3,752.2,896.6,19.5,36.7,40.7,33.5,43.2,18.6,27.0,17.2,20.2,5.5,5.1,11.4,11.7,7.0,6.5,8.6,18.4,43.2,19.5,21.8,41.8,46.4,38.0,49.1,20.8,30.3,19.1,22.6,5.8,5.3,12.5,12.8,7.5,6.9,9.4,20.8,21.8,42.0,42.2,42.0,42.0,42.0,42.0,42.0,42.0,42.0,0.0,54.9,72.4,73.0,61.2,58.3,39.0,47.8,42.0,45.3,45.1,27.6,27.0,38.8,41.7,61.0,52.2,58.0,54.7,0.0,0.0,0.0,0.0,0.0,0.0,0.0,0.0,0.0,1197.8,12.00,16,16,16,39,55,661,1,68.0,63.9,66.8,59.4,62.5,62.1,60.7,59.8,57.3,58.2,56.9,57.9,56.0,56.3,55.7,49.8,46.1,1.388,1.038,1.387,8.928,9.246,8.931,48.770,30.667,3.165,5.052,5.044,3.382,3.091,1.887,2.465,2.030,2.372,12.243,9.524,21.767,30.722,1197.8,1197.8,4136.2,4153.0,4119.3,4191.1,34.9,14.9,54.2,67.3,48.2,No,No,No,0.726,0.023,4.4,45,95.0,100.0,No,No,91370,99120,31,99.0,No,No,3320,0.4,0.7,1.1,1.486,4.919,103676,124189,0.0,0.0,0.0,0.000,0.000,52,0,36.1,48.4,83.0,0.669,12.161,12.200,12.177,12.106,1130,19.353,7.288,9.610,1.427,17.450,12.106,5.339,0.336,9.610,9.605,1.468,5.929,220.000,240.000,210.0,101.2,555.0,252.2,600.0,23.0,25.0,0.0,0.0,27.7,1.6,6.4,0.0,0.0,0.0,33,Yes,No,No,No,No,Yes,No,8.7,11.0,3,0,0,0,0,0,0,0,0,76,0,0,0,0,0,0,0,0,0,0,0,0,0,0,0,0,0,0,0,0,5920,2272,2107,160,2.5,239.7,272.6,219.7,203.4,204.8,202.5,0.0,0.0,0.0,0.0,0.0,0.0,4.17,4.53,3.69,3.49,4.88,4.95,0.78,0.01,4.07,0.10,0.00,0,0,0.0,0.0,20301,1800,9.5,6.1,0,
9.7.2026,23:46:16.237,26746,19247,58.1,20688,11993,63.3,0.7,13312,93,1.381,1.394,1.387,1.387,1.387,1.387,1.369,1.369,1.369,4204.9,4217.4,4192.4,4192.4,4192.4,4192.4,4217.4,4217.4,4217.4,99.8,589.0,2471.0,988.4,934.7,1335.2,826.4,526.5,529.5,410.5,133.0,125.2,309.8,236.7,208.3,141.0,156.4,91.0,589.0,12.2,32.4,23.3,22.2,32.0,19.7,12.4,12.5,9.6,2.4,2.2,7.4,5.6,4.7,3.2,2.9,2.1,32.4,12.2,14.0,36.9,26.7,25.3,36.3,22.3,14.0,14.2,10.8,3.6,3.3,8.2,6.3,5.3,3.7,4.2,2.4,14.0,42.1,42.2,42.0,42.0,42.0,42.0,42.2,42.2,42.2,0.0,43.2,59.5,58.7,50.7,47.6,30.2,37.2,33.3,28.9,56.8,40.5,41.3,49.3,52.4,69.8,62.8,66.7,71.1,0.0,0.0,0.0,0.0,0.0,0.0,0.0,0.0,0.0,1197.8,12.00,16,16,16,39,55,661,1,65.6,61.0,58.8,57.5,60.0,59.4,58.8,57.6,56.1,56.4,55.9,55.9,55.2,55.4,54.9,49.2,45.3,1.394,1.031,1.400,6.666,9.031,6.670,37.935,27.380,2.526,3.968,3.848,2.827,2.442,1.655,2.021,1.783,1.663,9.196,9.294,18.490,27.402,1197.8,1197.8,4133.7,4154.8,4112.6,4231.6,31.1,11.1,42.1,64.3,45.3,No,No,No,0.470,0.024,3.5,45,95.0,100.0,No,No,91370,99120,31,99.0,No,No,3320,0.0,0.7,0.7,0.016,8.404,103676,124205,0.0,0.0,0.0,0.000,0.000,52,0,36.0,48.2,83.0,0.669,12.164,12.203,12.180,12.108,1130,19.256,7.358,9.655,1.586,17.527,12.157,5.364,0.336,9.655,9.803,1.646,5.848,220.000,240.000,210.0,101.2,555.0,210.0,600.0,23.0,25.0,0.0,1.0,27.7,1.6,6.2,0.0,0.0,0.0,33,Yes,No,No,No,No,Yes,No,8.8,11.6,3,0,0,0,0,0,0,0,0,76,0,0,0,0,0,0,0,0,0,0,0,0,0,0,0,0,0,0,0,0,5920,2272,2107,160,2.5,239.7,259.2,220.2,216.0,217.4,215.2,0.0,0.0,0.0,0.0,0.0,0.0,4.17,4.58,3.83,3.78,4.63,4.68,0.84,0.01,4.09,0.08,0.00,0,0,0.0,0.0,20301,1800,16.0,6.3,0,
9.7.2026,23:46:18.241,26707,19287,58.0,20650,12032,63.1,0.7,13312,93,1.363,1.363,1.363,1.363,1.363,1.363,1.363,1.363,1.363,4167.5,4167.5,4167.5,4167.5,4167.5,4167.5,4167.5,4167.5,4167.5,99.8,582.2,2299.1,802.5,993.8,1237.7,820.0,511.7,563.5,432.1,136.1,115.9,329.9,243.3,197.6,137.0,185.7,309.1,582.2,12.2,30.3,18.6,23.4,29.4,19.4,11.9,13.3,10.0,3.8,3.3,7.7,5.6,4.2,3.0,4.9,7.2,30.3,12.2,13.9,34.6,21.4,26.8,33.6,22.1,13.6,15.1,11.5,3.6,3.0,8.7,6.4,5.0,3.6,5.0,8.5,13.9,41.8,41.8,41.8,41.8,41.8,41.8,41.8,41.8,41.8,0.0,43.2,55.4,58.2,50.4,48.0,30.4,37.1,33.9,32.2,56.8,44.6,41.8,49.6,52.0,69.6,62.9,66.1,67.8,0.0,0.0,0.0,0.0,0.0,0.0,0.0,0.0,0.0,1197.8,12.00,16,16,16,39,55,661,1,63.5,60.2,63.8,57.1,58.6,59.1,58.1,57.3,55.8,56.1,55.5,56.0,54.8,55.0,54.5,47.5,45.2,1.369,1.025,1.375,6.540,9.052,6.527,37.949,27.124,2.492,3.473,3.834,2.822,2.472,1.682,2.016,1.786,1.851,9.049,9.315,18.364,27.244,1197.8,1197.8,4134.1,4160.7,4107.5,4233.5,31.0,10.9,42.2,63.3,45.2,No,No,No,0.482,0.024,3.5,45,95.0,100.0,No,No,91370,99120,31,99.0,No,No,3320,0.0,0.1,0.1,0.000,0.138,103676,124205,0.0,0.0,0.0,0.000,0.000,52,0,36.0,48.1,83.0,0.669,12.156,12.196,12.172,12.100,1131,19.355,7.354,9.753,1.512,17.589,12.173,5.418,0.336,9.753,9.702,1.364,5.935,220.000,240.000,225.0,101.2,555.0,218.2,600.0,24.0,25.0,0.0,0.0,27.7,1.9,7.6,0.0,0.0,0.0,33,Yes,No,No,No,No,Yes,No,8.8,11.8,3,0,0,0,0,0,0,0,0,76,0,0,0,0,0,0,0,0,0,0,0,0,0,0,0,0,0,0,0,0,5921,2271,2106,160,2.5,239.7,258.6,222.9,221.9,222.0,221.9,0.0,0.0,0.0,0.0,0.0,0.0,4.17,4.51,3.83,3.68,4.53,4.53,0.83,0.01,4.09,0.08,0.00,0,0,0.0,0.0,20301,1800,5.4,2.0,0,
9.7.2026,23:46:20.239,26749,19245,58.1,20758,11924,63.5,0.7,13312,93,1.362,1.356,1.363,1.363,1.363,1.363,1.363,1.363,1.363,4167.5,4167.5,4167.5,4167.5,4167.5,4167.5,4167.5,4167.5,4167.5,99.8,1502.5,3615.8,1951.4,2864.2,1516.8,1932.3,1376.0,1716.4,1155.0,895.2,721.5,1375.9,974.3,1116.2,822.6,983.5,1022.7,1502.5,34.2,58.1,46.8,69.1,36.3,46.2,32.8,41.2,27.5,21.4,17.2,33.0,23.1,26.5,19.5,23.5,24.6,69.1,34.2,39.1,66.5,53.6,79.1,41.5,52.8,37.5,47.0,31.4,24.4,19.6,37.5,26.4,30.2,22.3,26.9,28.1,39.1,41.8,41.8,41.8,41.8,41.8,41.8,41.8,41.8,41.8,0.0,72.3,87.5,89.2,77.9,74.2,58.7,67.5,62.3,61.1,27.7,12.5,10.8,22.1,25.8,41.3,32.5,37.7,38.9,0.0,0.0,0.0,0.0,0.0,0.0,0.0,0.0,0.0,1197.8,12.00,16,16,16,39,55,661,1,71.0,68.2,66.5,62.9,65.7,66.7,64.5,63.3,60.1,61.5,60.0,61.2,56.9,57.1,56.6,48.0,45.4,1.356,1.031,1.369,13.923,9.518,13.929,64.890,37.762,4.489,6.106,6.619,4.990,4.430,3.045,3.839,3.328,3.557,18.937,9.820,28.757,37.818,1197.8,1197.8,4127.2,4136.0,4118.4,4144.4,43.0,23.2,72.1,71.8,52.6,No,No,No,1.577,0.082,5.8,45,95.0,100.0,No,No,91370,99120,31,99.0,No,No,3320,0.7,1.8,2.6,3.241,36.118,103682,124274,0.0,0.0,0.0,0.000,0.000,52,0,35.9,48.2,83.0,0.669,12.159,12.198,12.176,12.104,1130,19.470,7.253,9.434,1.403,17.448,12.201,5.241,0.336,9.434,9.767,1.428,5.843,220.000,240.000,255.0,101.2,555.0,253.4,600.0,21.0,25.0,0.0,0.0,27.8,1.8,7.3,0.0,0.0,0.0,33,Yes,No,No,No,No,Yes,No,8.7,11.6,3,0,0,0,0,0,0,0,0,76,0,0,0,0,0,0,0,0,0,0,0,0,0,0,0,0,0,0,0,0,5917,2275,2110,161,2.5,239.7,257.9,221.7,214.1,216.6,212.7,2.6,120.3,0.9,0.9,0.9,0.9,4.17,4.53,3.86,3.50,4.76,4.96,0.91,0.03,4.06,0.11,1.86,0,0,0.0,0.0,20301,1800,0.8,0.1,0,
9.7.2026,23:46:22.236,26713,19281,58.0,20729,11952,63.4,0.7,13312,93,1.345,1.356,1.344,1.344,1.344,1.344,1.344,1.344,1.344,4114.5,4092.6,4117.6,4117.6,4117.6,4117.6,4117.6,4117.6,4117.6,99.8,727.0,2883.1,1166.3,1379.0,1167.9,1098.2,542.1,705.4,453.1,192.8,165.3,417.8,285.1,333.1,201.5,421.0,219.9,727.0,15.5,40.6,27.4,32.6,27.5,25.9,12.6,16.7,10.6,4.7,4.1,10.0,6.7,7.8,4.8,10.2,5.3,40.6,15.5,17.6,46.7,31.6,37.4,31.5,29.7,14.4,19.0,12.0,5.2,4.4,11.2,7.5,8.7,5.3,11.5,5.9,17.6,41.2,41.0,41.2,41.2,41.2,41.2,41.2,41.2,41.2,0.0,50.6,69.1,64.6,58.7,55.3,35.4,43.9,39.6,37.8,49.4,30.9,35.4,41.3,44.7,64.6,56.1,60.4,62.2,0.0,0.0,0.0,0.0,0.0,0.0,0.0,0.0,0.0,1197.8,12.00,16,16,16,39,55,661,1,68.5,62.6,70.8,58.7,61.3,60.7,60.1,58.6,57.2,57.5,57.2,57.3,55.9,56.1,55.6,50.0,45.6,1.375,1.038,1.375,7.874,9.185,7.871,45.166,29.153,2.855,4.350,4.160,3.251,2.731,1.855,2.276,2.104,2.112,10.871,9.456,20.327,29.250,1197.8,1197.8,4161.9,4175.7,4148.0,4199.3,33.2,13.1,50.2,65.9,47.4,No,No,No,0.643,0.025,4.0,45,95.0,100.0,No,No,91370,99120,31,99.0,No,No,3320,0.0,0.2,0.2,0.000,1.535,103682,124277,0.0,0.0,0.0,0.000,0.000,52,0,35.9,48.1,83.0,0.669,12.163,12.201,12.179,12.107,1132,19.345,7.294,9.402,1.452,17.562,12.325,5.223,0.336,9.402,9.961,1.477,5.797,220.000,240.000,210.0,101.2,555.0,210.0,600.0,28.0,27.0,0.0,0.0,27.8,1.6,6.6,0.0,0.0,0.0,33,Yes,No,No,No,No,Yes,No,8.8,11.4,3,0,0,0,0,0,0,0,0,76,0,0,0,0,0,0,0,0,0,0,0,0,0,0,0,0,0,0,0,0,5917,2275,2110,160,2.5,239.8,257.4,221.8,214.1,218.3,212.1,2.8,34.7,1.1,1.0,1.0,1.0,4.17,4.54,3.87,3.78,4.61,4.73,0.86,0.01,4.08,0.09,0.23,0,0,0.0,0.0,20301,1800,1.5,0.0,0,
9.7.2026,23:46:24.238,26711,19282,58.0,20718,11963,63.3,0.7,13312,93,1.372,1.363,1.375,1.375,1.375,1.375,1.375,1.369,1.369,4192.4,4192.4,4192.4,4192.4,4192.4,4192.4,4192.4,4192.4,4192.4,99.8,679.5,2645.6,1085.5,1289.4,1251.3,944.1,515.2,578.5,414.5,121.8,142.0,309.0,300.8,220.8,155.4,403.1,494.6,679.5,14.2,34.6,25.4,30.4,29.5,22.1,11.9,13.5,9.5,2.8,3.3,7.2,7.0,4.9,3.6,9.6,11.9,34.6,14.2,16.3,39.9,29.3,35.1,34.0,25.4,13.7,15.5,10.9,3.2,3.8,8.2,8.0,5.7,4.1,11.0,13.6,16.3,42.0,42.0,42.0,42.0,42.0,42.0,42.0,42.0,42.0,0.0,48.0,63.5,65.8,55.0,51.6,31.4,40.6,36.1,40.1,52.0,36.5,34.2,45.0,48.4,68.6,59.4,63.9,59.9,0.0,0.0,0.0,0.0,0.0,0.0,0.0,0.0,0.0,1197.8,12.00,16,16,16,39,55,661,1,66.8,63.5,63.8,58.5,60.5,60.6,59.3,58.3,56.5,57.5,56.3,58.6,55.5,55.8,55.3,49.2,45.3,1.381,1.019,1.381,7.644,9.142,7.652,42.900,28.933,2.795,4.143,4.178,3.008,2.610,1.733,2.157,1.851,2.683,10.569,9.413,19.982,28.911,1197.8,1197.8,4153.0,4169.5,4136.6,4194.5,32.9,12.8,47.7,66.8,47.1,No,No,No,0.609,0.026,3.8,45,95.0,100.0,No,No,91370,99120,31,99.0,No,No,3320,0.0,1.1,1.1,0.032,4.968,103683,124287,0.0,0.0,0.0,0.000,0.000,52,0,35.9,48.0,83.0,0.669,12.161,12.201,12.178,12.106,1129,19.193,7.210,9.357,1.366,17.402,12.190,5.198,0.336,9.357,9.762,1.312,5.813,220.000,240.000,210.0,101.2,555.0,210.0,600.0,24.0,26.0,0.0,0.0,27.8,1.7,6.6,0.0,0.0,0.0,33,Yes,No,No,No,No,Yes,No,8.7,11.3,3,0,0,0,0,0,0,0,0,76,0,0,0,0,0,0,0,0,0,0,0,0,0,0,0,0,0,0,0,0,5916,2276,2111,160,2.5,239.7,258.1,216.9,214.5,215.3,214.5,8.5,219.9,2.6,2.6,2.6,2.6,4.17,4.62,3.85,3.81,4.66,4.70,0.78,0.03,4.08,0.09,1.25,0,0,0.0,0.0,20301,1800,2.8,1.3,0,
9.7.2026,23:46:26.237,26705,19288,58.0,20711,11970,63.3,0.7,13312,93,1.391,1.387,1.394,1.394,1.394,1.394,1.394,1.394,1.381,4061.4,4217.4,4217.4,4217.4,4217.4,3593.5,3593.5,4217.4,4217.4,99.8,577.4,2554.0,887.3,949.4,1113.7,859.2,541.8,470.7,408.4,101.4,89.6,206.5,187.3,198.9,185.9,326.4,158.4,577.4,12.2,36.2,20.7,22.2,26.3,20.2,12.7,11.0,9.6,2.6,2.3,5.0,4.5,4.6,4.5,8.0,3.9,36.2,12.2,13.8,41.8,23.8,25.5,30.1,23.1,14.4,12.5,10.8,2.7,2.4,5.4,4.9,5.0,5.0,8.9,4.2,13.8,40.7,42.2,42.2,42.2,42.2,36.0,36.0,42.2,42.2,0.0,43.9,61.1,56.9,53.3,49.6,28.5,36.4,33.9,31.8,56.1,38.9,43.1,46.7,50.4,71.5,63.6,66.1,68.2,0.0,0.0,0.0,0.0,0.0,0.0,0.0,0.0,0.0,1197.8,12.00,16,16,16,39,55,661,1,64.1,60.8,60.8,57.6,60.0,59.1,59.0,57.6,56.1,56.3,56.0,56.4,55.2,55.5,54.9,49.8,45.8,1.406,1.025,1.400,6.843,9.077,6.847,39.111,27.701,2.544,3.971,3.611,2.998,2.482,1.648,1.910,1.827,1.909,9.500,9.341,18.842,27.751,1197.8,1197.8,4168.4,4185.8,4151.0,4218.6,31.5,11.4,43.5,64.0,46.5,No,No,No,0.481,0.015,3.5,46,95.0,100.0,No,No,91370,99120,31,99.0,No,No,3320,0.0,0.2,0.2,0.016,1.760,103683,124290,0.0,0.0,0.0,0.000,0.000,52,0,35.8,48.2,83.0,0.669,12.162,12.202,12.178,12.107,1130,19.583,7.256,9.436,1.550,17.366,12.119,5.242,0.336,9.436,9.829,1.312,5.937,220.000,240.000,375.0,101.2,555.0,296.9,600.0,23.0,27.0,0.0,0.0,27.8,2.3,9.2,0.0,0.0,0.0,33,Yes,No,No,No,No,Yes,No,8.8,11.3,3,0,0,0,0,0,0,0,0,76,0,0,0,0,0,0,0,0,0,0,0,0,0,0,0,0,0,0,0,0,5912,2280,2115,163,2.5,239.8,256.3,223.4,218.2,219.6,217.2,3.2,102.3,1.2,1.2,1.2,1.2,4.17,4.49,3.88,3.71,4.55,4.60,0.91,0.01,4.08,0.09,1.49,0,0,0.0,0.0,20301,1800,0.0,0.0,0,
9.7.2026,23:46:28.238,26745,19249,58.1,20689,11993,63.3,0.7,13312,93,1.363,1.363,1.363,1.363,1.363,1.363,1.363,1.363,1.363,4167.5,4167.5,4167.5,4167.5,4167.5,4167.5,4167.5,4167.5,4167.5,99.8,762.2,2950.0,1351.4,1284.5,1690.2,1178.0,640.8,749.0,575.3,146.4,156.8,442.9,358.1,233.7,219.0,112.4,107.2,762.2,15.7,39.9,31.1,29.7,39.5,27.5,14.5,17.2,13.0,3.2,3.4,10.1,8.0,4.9,4.8,2.4,2.2,39.9,15.7,18.3,46.3,36.2,34.5,45.8,31.9,17.0,20.1,15.2,3.9,4.1,11.8,9.4,5.8,5.7,2.9,2.8,18.3,41.8,41.8,41.8,41.8,41.8,41.8,41.8,41.8,41.8,0.0,53.0,70.6,70.3,63.8,60.3,36.0,47.7,41.8,33.3,47.0,29.4,29.7,36.2,39.7,64.0,52.3,58.2,66.7,0.0,0.0,0.0,0.0,0.0,0.0,0.0,0.0,0.0,1197.8,12.00,16,16,16,39,55,661,1,62.9,61.8,67.2,58.2,60.7,60.8,59.7,58.7,56.5,57.1,56.4,56.0,55.4,55.8,55.1,50.0,46.0,1.369,1.031,1.369,8.062,9.218,8.052,47.395,29.397,2.902,4.479,4.613,3.357,2.934,1.799,2.343,1.995,1.700,11.118,9.491,20.610,29.524,1197.8,1197.8,4171.9,4184.6,4159.3,4203.7,33.6,13.4,52.7,65.0,47.7,No,No,No,0.590,0.031,4.2,46,95.0,100.0,No,No,91370,99120,31,99.0,No,No,3320,0.0,0.2,0.2,0.000,3.309,103683,124297,0.0,0.0,0.0,0.000,0.000,52,0,35.8,47.9,83.0,0.669,12.165,12.204,12.181,12.111,1132,19.314,7.106,9.096,1.440,17.054,11.989,5.053,0.336,9.096,9.739,1.312,5.945,220.000,240.000,240.0,101.2,555.0,312.5,600.0,27.0,27.0,0.0,0.0,27.8,1.5,6.0,0.0,0.0,0.0,33,Yes,No,No,No,No,Yes,No,8.7,11.1,3,0,0,0,0,0,0,0,0,76,0,0,0,0,0,0,0,0,0,0,0,0,0,0,0,0,0,0,0,0,5912,2280,2115,163,2.5,239.8,262.4,218.5,195.8,207.0,190.4,22.8,241.0,5.5,4.9,4.9,4.9,4.17,4.59,3.81,3.43,4.83,5.27,0.88,0.02,4.07,0.10,1.71,0,0,0.0,0.0,20301,1800,0.8,0.4,0,
9.7.2026,23:46:30.234,26714,19279,58.0,20694,11988,63.3,0.7,13312,93,1.355,1.350,1.356,1.356,1.356,1.356,1.356,1.356,1.356,4167.5,4167.5,4167.5,4167.5,4167.5,4167.5,4167.5,4167.5,4167.5,99.8,764.4,2934.5,1402.0,1323.5,1505.0,1190.7,618.6,793.8,623.1,143.0,136.2,398.3,424.8,256.7,204.2,135.8,139.8,764.4,16.0,37.5,32.8,31.0,35.3,28.2,14.3,18.6,14.5,3.4,3.2,9.3,10.0,5.7,4.7,3.2,3.3,37.5,16.0,18.2,43.1,37.8,35.6,40.6,32.2,16.4,21.3,16.5,3.7,3.5,10.5,11.3,6.5,5.3,3.6,3.7,18.2,41.8,41.8,41.8,41.8,41.8,41.8,41.8,41.8,41.8,0.0,51.9,70.3,68.3,61.8,59.2,35.2,47.0,40.2,32.8,48.1,29.7,31.7,38.2,40.8,64.8,53.0,59.8,67.2,0.0,0.0,0.0,0.0,0.0,0.0,0.0,0.0,0.0,1197.8,12.00,16,16,16,39,55,661,1,69.4,61.9,65.5,58.2,60.6,60.5,59.6,58.7,56.3,57.1,56.3,56.1,55.4,55.7,55.0,47.5,45.0,1.369,1.025,1.381,7.947,9.240,7.945,46.344,29.267,2.869,4.369,4.457,3.315,2.981,1.771,2.361,1.968,1.734,10.958,9.513,20.472,29.395,1197.8,1197.8,4167.9,4181.1,4154.7,4203.7,33.4,13.2,51.5,65.2,47.6,No,No,No,0.647,0.023,4.1,46,95.0,100.0,No,No,91370,99120,31,99.0,No,No,3320,0.0,0.2,0.2,0.008,1.315,103683,124299,0.0,0.0,0.0,0.000,0.000,52,0,38.0,51.8,83.0,0.919,12.144,12.194,12.161,12.079,1130,43.948,16.866,26.890,6.182,37.103,22.152,14.939,0.336,26.890,16.739,3.298,14.129,220.000,240.000,1725.0,1750.2,1515.0,1724.5,1635.0,3.0,1.0,0.0,0.0,27.7,1.0,4.0,0.0,0.0,0.0,33,Yes,No,No,No,No,Yes,No,19.9,23.9,3,0,0,0,0,0,0,0,0,77,0,0,0,0,0,0,0,0,0,0,0,0,0,0,0,0,0,0,0,0,5919,2273,2108,163,8.0,236.6,2433.7,161.6,58.9,74.1,58.4,23.0,241.6,3.2,2.7,2.6,2.6,4.23,8.04,0.24,0.11,13.90,17.10,1.05,0.03,4.01,0.22,4.99,0,0,0.0,0.0,20301,1800,0.2,0.1,0,
Date,Time,"Virtual Memory Committed [MB]","Virtual Memory Available [MB]","Virtual Memory Load [%]","Physical Memory Used [MB]","Physical Memory Available [MB]","Physical Memory Load [%]","Page File Usage [%]","Page File Total [MB]","Page File Used [MB]","Core VIDs (avg) [V]","Core 0 VID [V]","Core 1 VID [V]","Core 2 VID [V]","Core 3 VID [V]","Core 4 VID [V]","Core 5 VID [V]","Core 6 VID [V]","Core 7 VID [V]","Core Clocks (avg) [MHz]","Core 0 Clock (perf #1/4) [MHz]","Core 1 Clock (perf #1/3) [MHz]","Core 2 Clock (perf #2/6) [MHz]","Core 3 Clock (perf #3/5) [MHz]","Core 4 Clock (perf #6/8) [MHz]","Core 5 Clock (perf #4/2) [MHz]","Core 6 Clock (perf #5/1) [MHz]","Core 7 Clock (perf #7/7) [MHz]","Bus Clock [MHz]","Core Effective Clocks (avg) [MHz]","Core 0 T0 Effective Clock [MHz]","Core 0 T1 Effective Clock [MHz]","Core 1 T0 Effective Clock [MHz]","Core 1 T1 Effective Clock [MHz]","Core 2 T0 Effective Clock [MHz]","Core 2 T1 Effective Clock [MHz]","Core 3 T0 Effective Clock [MHz]","Core 3 T1 Effective Clock [MHz]","Core 4 T0 Effective Clock [MHz]","Core 4 T1 Effective Clock [MHz]","Core 5 T0 Effective Clock [MHz]","Core 5 T1 Effective Clock [MHz]","Core 6 T0 Effective Clock [MHz]","Core 6 T1 Effective Clock [MHz]","Core 7 T0 Effective Clock [MHz]","Core 7 T1 Effective Clock [MHz]","Average Effective Clock [MHz]","Core Usage (avg) [%]","Core 0 T0 Usage [%]","Core 0 T1 Usage [%]","Core 1 T0 Usage [%]","Core 1 T1 Usage [%]","Core 2 T0 Usage [%]","Core 2 T1 Usage [%]","Core 3 T0 Usage [%]","Core 3 T1 Usage [%]","Core 4 T0 Usage [%]","Core 4 T1 Usage [%]","Core 5 T0 Usage [%]","Core 5 T1 Usage [%]","Core 6 T0 Usage [%]","Core 6 T1 Usage [%]","Core 7 T0 Usage [%]","Core 7 T1 Usage [%]","Max CPU/Thread Usage [%]","Total CPU Usage [%]","Core Utility (avg) [%]","Core 0 T0 Utility [%]","Core 0 T1 Utility [%]","Core 1 T0 Utility [%]","Core 1 T1 Utility [%]","Core 2 T0 Utility [%]","Core 2 T1 Utility [%]","Core 3 T0 Utility [%]","Core 3 T1 Utility [%]","Core 4 T0 Utility [%]","Core 4 T1 Utility [%]","Core 5 T0 Utility [%]","Core 5 T1 Utility [%]","Core 6 T0 Utility [%]","Core 6 T1 Utility [%]","Core 7 T0 Utility [%]","Core 7 T1 Utility [%]","Total CPU Utility [%]","Core Ratios (avg) [x]","Core 0 Ratio [x]","Core 1 Ratio [x]","Core 2 Ratio [x]","Core 3 Ratio [x]","Core 4 Ratio [x]","Core 5 Ratio [x]","Core 6 Ratio [x]","Core 7 Ratio [x]","Package C6 Residency [%]","Core C0 Residency (avg) [%]","Core 0 C0 Residency [%]","Core 1 C0 Residency [%]","Core 2 C0 Residency [%]","Core 3 C0 Residency [%]","Core 4 C0 Residency [%]","Core 5 C0 Residency [%]","Core 6 C0 Residency [%]","Core 7 C0 Residency [%]","Core C1 Residency (avg) [%]","Core 0 C1 Residency [%]","Core 1 C1 Residency [%]","Core 2 C1 Residency [%]","Core 3 C1 Residency [%]","Core 4 C1 Residency [%]","Core 5 C1 Residency [%]","Core 6 C1 Residency [%]","Core 7 C1 Residency [%]","Core C6 Residency (avg) [%]","Core 0 C6 Residency [%]","Core 1 C6 Residency [%]","Core 2 C6 Residency [%]","Core 3 C6 Residency [%]","Core 4 C6 Residency [%]","Core 5 C6 Residency [%]","Core 6 C6 Residency [%]","Core 7 C6 Residency [%]","Memory Clock [MHz]","Memory Clock Ratio [x]","Tcas [T]","Trcd [T]","Trp [T]","Tras [T]","Trc [T]","Trfc [T]","Command Rate [T]","CPU (Tctl/Tdie) [°C]","CPU Die (average) [°C]","CPU CCD1 (Tdie) [°C]","Core Temperatures (avg) [°C]","Core0 (CCD1) [°C]","Core1 (CCD1) [°C]","Core2 (CCD1) [°C]","Core3 (CCD1) [°C]","Core4 (CCD1) [°C]","Core5 (CCD1) [°C]","Core6 (CCD1) [°C]","Core7 (CCD1) [°C]","L3 Temperatures (avg) [°C]","L3 Cache (CCD1:CCX1) [°C]","L3 Cache (CCD1:CCX2) [°C]","CPU IOD Hotspot [°C]","CPU IOD Average [°C]","CPU Core Voltage (SVI2 TFN) [V]","SoC Voltage (SVI2 TFN) [V]","CPU Core VID (Effective) [V]","CPU Core Current (SVI2 TFN) [A]","SoC Current (SVI2 TFN) [A]","CPU TDC [A]","CPU EDC [A]","CPU Package Power [W]","Core Powers (avg) [W]","Core 0 Power [W]","Core 1 Power [W]","Core 2 Power [W]","Core 3 Power [W]","Core 4 Power [W]","Core 5 Power [W]","Core 6 Power [W]","Core 7 Power [W]","CPU Core Power (SVI2 TFN) [W]","CPU SoC Power (SVI2 TFN) [W]","Core+SoC Power (SVI2 TFN) [W]","CPU PPT [W]","Infinity Fabric Clock (FCLK) [MHz]","Memory Controller Clock (UCLK) [MHz]","L3 Clocks (avg) [MHz]","L3 Cache (CCD1:CCX1) [MHz]","L3 Cache (CCD1:CCX2) [MHz]","Frequency Limit - Global [MHz]","CPU PPT Limit [%]","CPU TDC Limit [%]","CPU EDC Limit [%]","Thermal Limit [%]","Power Reporting Deviation (Accuracy) [%]","Thermal Throttling (HTC) [Yes/No]","Thermal Throttling (PROCHOT CPU) [Yes/No]","Thermal Throttling (PROCHOT EXT) [Yes/No]","DRAM Read Bandwidth [Gbps]","DRAM Write Bandwidth [Gbps]","Average Active Core Count []","Drive Temperature [°C]","Drive Remaining Life [%]","Drive Available Spare [%]","Drive Failure [Yes/No]","Drive Warning [Yes/No]","Total Host Writes [GB]","Total Host Reads [GB]","Drive Airflow Temperature [°C]","Drive Remaining Life [%]","Drive Failure [Yes/No]","Drive Warning [Yes/No]","Total Host Writes [GB]","Read Activity [%]","Write Activity [%]","Total Activity [%]","Read Rate [MB/s]","Write Rate [MB/s]","Read Total [MB]","Write Total [MB]","Read Activity [%]","Write Activity [%]","Total Activity [%]","Read Rate [MB/s]","Write Rate [MB/s]","Read Total [MB]","Write Total [MB]","GPU Temperature [°C]","GPU Hot Spot Temperature [°C]","GPU Thermal Limit [°C]","GPU Core Voltage [V]","GPU Rail Voltages (avg) [V]","GPU PCIe +12V Input Voltage [V]","GPU 8-pin #1 Input Voltage [V]","GPU Misc0 Input Voltage [V]","GPU Fan1 [RPM]","GPU Power [W]","GPU Rail Powers (avg) [W]","GPU Core (NVVDD) Input Power (sum) [W]","GPU PCIe +12V Input Power [W]","GPU 8-pin #1 Input Power [W]","GPU Misc0 Input Power [W]","GPU Core (NVVDD1) Input Power (sum) [W]","GPU PCIe +3.3V Input Power (est) [W]","GPU Core (NVVDD) Input Power (sum) [W]","GPU Input PP Source Power (sum) [W]","GPU Core (NVVDD) Output Power [W]","GPU Core (NVVDD) Output Power [W]","GPU Power Limit (rated) [W]","GPU Power Limit (max) [W]","GPU Clock [MHz]","GPU Memory Clock [MHz]","GPU Video Clock [MHz]","GPU Effective Clock [MHz]","GPU Crossbar Clock [MHz]","GPU Core Load [%]","GPU Memory Controller Load [%]","GPU Video Engine Load [%]","GPU Bus Load [%]","GPU Memory Usage [%]","GPU D3D Usages (avg) [%]","GPU D3D Usage [%]","GPU Video Decode 0 Usage [%]","GPU Video Encode 0 Usage [%]","GPU VR Usage [%]","GPU Fan1 [%]","GPU Performance Limiters (avg) [Yes/No]","Performance Limit - Power [Yes/No]","Performance Limit - Thermal [Yes/No]","Performance Limit - Reliability Voltage [Yes/No]","Performance Limit - Max Operating Voltage [Yes/No]","Performance Limit - Utilization [Yes/No]","Performance Limit - SLI GPUBoost Sync [Yes/No]","Total GPU Power [% of TDP] [%]","Total GPU Power (normalized) [% of TDP] [%]","PCI Express Error Counters (avg) []","Receiver Errors []","Replay Count []","Replay Rollover Count []","Bad DLLP Count []","Bad TLP Count []","LCRC Error Count []","NAKs Sent Count []","NAKs Received Count []","Recovery Count []","Correctable Error Count []","Non-Fatal Error Count []","Fatal Error Count []","Unsupported Request Count []","PCIe Lane 0 Errors []","PCIe Lane 1 Errors []","PCIe Lane 2 Errors []","PCIe Lane 3 Errors []","PCIe Lane 4 Errors []","PCIe Lane 5 Errors []","PCIe Lane 6 Errors []","PCIe Lane 7 Errors []","PCIe Lane 8 Errors []","PCIe Lane 9 Errors []","PCIe Lane 10 Errors []","PCIe Lane 11 Errors []","PCIe Lane 12 Errors []","PCIe Lane 13 Errors []","PCIe Lane 14 Errors []","PCIe Lane 15 Errors []","GPU Memory Available [MB]","GPU Memory Allocated [MB]","GPU D3D Memory Dedicated [MB]","GPU D3D Memory Dynamic [MB]","PCIe Link Speed [GT/s]","Framerate Presented (avg) [FPS]","Framerate Presented (99%) [FPS]","Framerate Presented (1%) [FPS]","Framerate Presented (0.1%) [FPS]","Framerate Presented (1% low) [FPS]","Framerate Presented (0.1% low) [FPS]","Framerate Displayed (avg) [FPS]","Framerate Displayed (99%) [FPS]","Framerate Displayed (1%) [FPS]","Framerate Displayed (0.1%) [FPS]","Framerate Displayed (1% low) [FPS]","Framerate Displayed (0.1% low) [FPS]","Frame Time Presented (avg) [ms]","Frame Time Presented (99%) [ms]","Frame Time Presented (1%) [ms]","Frame Time Presented (0.1%) [ms]","Frame Time Displayed (1% high) [ms]","Frame Time Displayed (0.1% high) [ms]","GPU Busy (avg) [ms]","GPU Wait (avg) [ms]","CPU Busy (avg) [ms]","CPU Wait (avg) [ms]","Animation Error (avg) [ms]","Total DL [MB]","Total UP [MB]","Current DL rate [KB/s]","Current UP rate [KB/s]","Total DL [MB]","Total UP [MB]","Current DL rate [KB/s]","Current UP rate [KB/s]","Total Errors []",
,,System: HP OMEN 25L Desktop GT12-0xxx,System: HP OMEN 25L Desktop GT12-0xxx,System: HP OMEN 25L Desktop GT12-0xxx,System: HP OMEN 25L Desktop GT12-0xxx,System: HP OMEN 25L Desktop GT12-0xxx,System: HP OMEN 25L Desktop GT12-0xxx,System: HP OMEN 25L Desktop GT12-0xxx,System: HP OMEN 25L Desktop GT12-0xxx,System: HP OMEN 25L Desktop GT12-0xxx,CPU [#0]: AMD Ryzen 7 3700X,CPU [#0]: AMD Ryzen 7 3700X,CPU [#0]: AMD Ryzen 7 3700X,CPU [#0]: AMD Ryzen 7 3700X,CPU [#0]: AMD Ryzen 7 3700X,CPU [#0]: AMD Ryzen 7 3700X,CPU [#0]: AMD Ryzen 7 3700X,CPU [#0]: AMD Ryzen 7 3700X,CPU [#0]: AMD Ryzen 7 3700X,CPU [#0]: AMD Ryzen 7 3700X,CPU [#0]: AMD Ryzen 7 3700X,CPU [#0]: AMD Ryzen 7 3700X,CPU [#0]: AMD Ryzen 7 3700X,CPU [#0]: AMD Ryzen 7 3700X,CPU [#0]: AMD Ryzen 7 3700X,CPU [#0]: AMD Ryzen 7 3700X,CPU [#0]: AMD Ryzen 7 3700X,CPU [#0]: AMD Ryzen 7 3700X,CPU [#0]: AMD Ryzen 7 3700X,CPU [#0]: AMD Ryzen 7 3700X,CPU [#0]: AMD Ryzen 7 3700X,CPU [#0]: AMD Ryzen 7 3700X,CPU [#0]: AMD Ryzen 7 3700X,CPU [#0]: AMD Ryzen 7 3700X,CPU [#0]: AMD Ryzen 7 3700X,CPU [#0]: AMD Ryzen 7 3700X,CPU [#0]: AMD Ryzen 7 3700X,CPU [#0]: AMD Ryzen 7 3700X,CPU [#0]: AMD Ryzen 7 3700X,CPU [#0]: AMD Ryzen 7 3700X,CPU [#0]: AMD Ryzen 7 3700X,CPU [#0]: AMD Ryzen 7 3700X,CPU [#0]: AMD Ryzen 7 3700X,CPU [#0]: AMD Ryzen 7 3700X,CPU [#0]: AMD Ryzen 7 3700X,CPU [#0]: AMD Ryzen 7 3700X,CPU [#0]: AMD Ryzen 7 3700X,CPU [#0]: AMD Ryzen 7 3700X,CPU [#0]: AMD Ryzen 7 3700X,CPU [#0]: AMD Ryzen 7 3700X,CPU [#0]: AMD Ryzen 7 3700X,CPU [#0]: AMD Ryzen 7 3700X,CPU [#0]: AMD Ryzen 7 3700X,CPU [#0]: AMD Ryzen 7 3700X,CPU [#0]: AMD Ryzen 7 3700X,CPU [#0]: AMD Ryzen 7 3700X,CPU [#0]: AMD Ryzen 7 3700X,CPU [#0]: AMD Ryzen 7 3700X,CPU [#0]: AMD Ryzen 7 3700X,CPU [#0]: AMD Ryzen 7 3700X,CPU [#0]: AMD Ryzen 7 3700X,CPU [#0]: AMD Ryzen 7 3700X,CPU [#0]: AMD Ryzen 7 3700X,CPU [#0]: AMD Ryzen 7 3700X,CPU [#0]: AMD Ryzen 7 3700X,CPU [#0]: AMD Ryzen 7 3700X,CPU [#0]: AMD Ryzen 7 3700X,CPU [#0]: AMD Ryzen 7 3700X,CPU [#0]: AMD Ryzen 7 3700X,CPU [#0]: AMD Ryzen 7 3700X,CPU [#0]: AMD Ryzen 7 3700X,CPU [#0]: AMD Ryzen 7 3700X,CPU [#0]: AMD Ryzen 7 3700X,CPU [#0]: AMD Ryzen 7 3700X,CPU [#0]: AMD Ryzen 7 3700X,CPU [#0]: AMD Ryzen 7 3700X,CPU [#0]: AMD Ryzen 7 3700X,CPU [#0]: AMD Ryzen 7 3700X,CPU [#0]: AMD Ryzen 7 3700X,CPU [#0]: AMD Ryzen 7 3700X,CPU [#0]: AMD Ryzen 7 3700X,CPU [#0]: AMD Ryzen 7 3700X,CPU [#0]: AMD Ryzen 7 3700X,CPU [#0]: AMD Ryzen 7 3700X,CPU [#0]: AMD Ryzen 7 3700X,CPU [#0]: AMD Ryzen 7 3700X,CPU [#0]: AMD Ryzen 7 3700X,CPU [#0]: AMD Ryzen 7 3700X,CPU [#0]: AMD Ryzen 7 3700X,CPU [#0]: AMD Ryzen 7 3700X,CPU [#0]: AMD Ryzen 7 3700X,CPU [#0]: AMD Ryzen 7 3700X,CPU [#0]: AMD Ryzen 7 3700X,CPU [#0]: AMD Ryzen 7 3700X: C-State Residency,CPU [#0]: AMD Ryzen 7 3700X: C-State Residency,CPU [#0]: AMD Ryzen 7 3700X: C-State Residency,CPU [#0]: AMD Ryzen 7 3700X: C-State Residency,CPU [#0]: AMD Ryzen 7 3700X: C-State Residency,CPU [#0]: AMD Ryzen 7 3700X: C-State Residency,CPU [#0]: AMD Ryzen 7 3700X: C-State Residency,CPU [#0]: AMD Ryzen 7 3700X: C-State Residency,CPU [#0]: AMD Ryzen 7 3700X: C-State Residency,CPU [#0]: AMD Ryzen 7 3700X: C-State Residency,CPU [#0]: AMD Ryzen 7 3700X: C-State Residency,CPU [#0]: AMD Ryzen 7 3700X: C-State Residency,CPU [#0]: AMD Ryzen 7 3700X: C-State Residency,CPU [#0]: AMD Ryzen 7 3700X: C-State Residency,CPU [#0]: AMD Ryzen 7 3700X: C-State Residency,CPU [#0]: AMD Ryzen 7 3700X: C-State Residency,CPU [#0]: AMD Ryzen 7 3700X: C-State Residency,CPU [#0]: AMD Ryzen 7 3700X: C-State Residency,CPU [#0]: AMD Ryzen 7 3700X: C-State Residency,CPU [#0]: AMD Ryzen 7 3700X: C-State Residency,CPU [#0]: AMD Ryzen 7 3700X: C-State Residency,CPU [#0]: AMD Ryzen 7 3700X: C-State Residency,CPU [#0]: AMD Ryzen 7 3700X: C-State Residency,CPU [#0]: AMD Ryzen 7 3700X: C-State Residency,CPU [#0]: AMD Ryzen 7 3700X: C-State Residency,CPU [#0]: AMD Ryzen 7 3700X: C-State Residency,CPU [#0]: AMD Ryzen 7 3700X: C-State Residency,CPU [#0]: AMD Ryzen 7 3700X: C-State Residency,Memory Timings,Memory Timings,Memory Timings,Memory Timings,Memory Timings,Memory Timings,Memory Timings,Memory Timings,Memory Timings,CPU [#0]: AMD Ryzen 7 3700X: Enhanced,CPU [#0]: AMD Ryzen 7 3700X: Enhanced,CPU [#0]: AMD Ryzen 7 3700X: Enhanced,CPU [#0]: AMD Ryzen 7 3700X: Enhanced,CPU [#0]: AMD Ryzen 7 3700X: Enhanced,CPU [#0]: AMD Ryzen 7 3700X: Enhanced,CPU [#0]: AMD Ryzen 7 3700X: Enhanced,CPU [#0]: AMD Ryzen 7 3700X: Enhanced,CPU [#0]: AMD Ryzen 7 3700X: Enhanced,CPU [#0]: AMD Ryzen 7 3700X: Enhanced,CPU [#0]: AMD Ryzen 7 3700X: Enhanced,CPU [#0]: AMD Ryzen 7 3700X: Enhanced,CPU [#0]: AMD Ryzen 7 3700X: Enhanced,CPU [#0]: AMD Ryzen 7 3700X: Enhanced,CPU [#0]: AMD Ryzen 7 3700X: Enhanced,CPU [#0]: AMD Ryzen 7 3700X: Enhanced,CPU [#0]: AMD Ryzen 7 3700X: Enhanced,CPU [#0]: AMD Ryzen 7 3700X: Enhanced,CPU [#0]: AMD Ryzen 7 3700X: Enhanced,CPU [#0]: AMD Ryzen 7 3700X: Enhanced,CPU [#0]: AMD Ryzen 7 3700X: Enhanced,CPU [#0]: AMD Ryzen 7 3700X: Enhanced,CPU [#0]: AMD Ryzen 7 3700X: Enhanced,CPU [#0]: AMD Ryzen 7 3700X: Enhanced,CPU [#0]: AMD Ryzen 7 3700X: Enhanced,CPU [#0]: AMD Ryzen 7 3700X: Enhanced,CPU [#0]: AMD Ryzen 7 3700X: Enhanced,CPU [#0]: AMD Ryzen 7 3700X: Enhanced,CPU [#0]: AMD Ryzen 7 3700X: Enhanced,CPU [#0]: AMD Ryzen 7 3700X: Enhanced,CPU [#0]: AMD Ryzen 7 3700X: Enhanced,CPU [#0]: AMD Ryzen 7 3700X: Enhanced,CPU [#0]: AMD Ryzen 7 3700X: Enhanced,CPU [#0]: AMD Ryzen 7 3700X: Enhanced,CPU [#0]: AMD Ryzen 7 3700X: Enhanced,CPU [#0]: AMD Ryzen 7 3700X: Enhanced,CPU [#0]: AMD Ryzen 7 3700X: Enhanced,CPU [#0]: AMD Ryzen 7 3700X: Enhanced,CPU [#0]: AMD Ryzen 7 3700X: Enhanced,CPU [#0]: AMD Ryzen 7 3700X: Enhanced,CPU [#0]: AMD Ryzen 7 3700X: Enhanced,CPU [#0]: AMD Ryzen 7 3700X: Enhanced,CPU [#0]: AMD Ryzen 7 3700X: Enhanced,CPU [#0]: AMD Ryzen 7 3700X: Enhanced,CPU [#0]: AMD Ryzen 7 3700X: Enhanced,CPU [#0]: AMD Ryzen 7 3700X: Enhanced,CPU [#0]: AMD Ryzen 7 3700X: Enhanced,CPU [#0]: AMD Ryzen 7 3700X: Enhanced,CPU [#0]: AMD Ryzen 7 3700X: Enhanced,CPU [#0]: AMD Ryzen 7 3700X: Enhanced,CPU [#0]: AMD Ryzen 7 3700X: Enhanced,CPU [#0]: AMD Ryzen 7 3700X: Enhanced,CPU [#0]: AMD Ryzen 7 3700X: Enhanced,CPU [#0]: AMD Ryzen 7 3700X: Enhanced,CPU [#0]: AMD Ryzen 7 3700X: Enhanced,S.M.A.R.T.: WDBRPG0010BNC-WRSN (21110V802526) [C:],S.M.A.R.T.: WDBRPG0010BNC-WRSN (21110V802526) [C:],S.M.A.R.T.: WDBRPG0010BNC-WRSN (21110V802526) [C:],S.M.A.R.T.: WDBRPG0010BNC-WRSN (21110V802526) [C:],S.M.A.R.T.: WDBRPG0010BNC-WRSN (21110V802526) [C:],S.M.A.R.T.: WDBRPG0010BNC-WRSN (21110V802526) [C:],S.M.A.R.T.: WDBRPG0010BNC-WRSN (21110V802526) [C:],S.M.A.R.T.: Samsung Portable SSD T1 500GB (S25NNAAGA11564A) [D:],S.M.A.R.T.: Samsung Portable SSD T1 500GB (S25NNAAGA11564A) [D:],S.M.A.R.T.: Samsung Portable SSD T1 500GB (S25NNAAGA11564A) [D:],S.M.A.R.T.: Samsung Portable SSD T1 500GB (S25NNAAGA11564A) [D:],S.M.A.R.T.: Samsung Portable SSD T1 500GB (S25NNAAGA11564A) [D:],Drive: WDBRPG0010BNC-WRSN (21110V802526) [C:],Drive: WDBRPG0010BNC-WRSN (21110V802526) [C:],Drive: WDBRPG0010BNC-WRSN (21110V802526) [C:],Drive: WDBRPG0010BNC-WRSN (21110V802526) [C:],Drive: WDBRPG0010BNC-WRSN (21110V802526) [C:],Drive: WDBRPG0010BNC-WRSN (21110V802526) [C:],Drive: WDBRPG0010BNC-WRSN (21110V802526) [C:],Drive: Samsung Portable SSD T1 500GB (S25NNAAGA11564A) [D:],Drive: Samsung Portable SSD T1 500GB (S25NNAAGA11564A) [D:],Drive: Samsung Portable SSD T1 500GB (S25NNAAGA11564A) [D:],Drive: Samsung Portable SSD T1 500GB (S25NNAAGA11564A) [D:],Drive: Samsung Portable SSD T1 500GB (S25NNAAGA11564A) [D:],Drive: Samsung Portable SSD T1 500GB (S25NNAAGA11564A) [D:],Drive: Samsung Portable SSD T1 500GB (S25NNAAGA11564A) [D:],dGPU [#0]: NVIDIA GeForce RTX 3070: HP GeForce RTX 3070,dGPU [#0]: NVIDIA GeForce RTX 3070: HP GeForce RTX 3070,dGPU [#0]: NVIDIA GeForce RTX 3070: HP GeForce RTX 3070,dGPU [#0]: NVIDIA GeForce RTX 3070: HP GeForce RTX 3070,dGPU [#0]: NVIDIA GeForce RTX 3070: HP GeForce RTX 3070,dGPU [#0]: NVIDIA GeForce RTX 3070: HP GeForce RTX 3070,dGPU [#0]: NVIDIA GeForce RTX 3070: HP GeForce RTX 3070,dGPU [#0]: NVIDIA GeForce RTX 3070: HP GeForce RTX 3070,dGPU [#0]: NVIDIA GeForce RTX 3070: HP GeForce RTX 3070,dGPU [#0]: NVIDIA GeForce RTX 3070: HP GeForce RTX 3070,dGPU [#0]: NVIDIA GeForce RTX 3070: HP GeForce RTX 3070,dGPU [#0]: NVIDIA GeForce RTX 3070: HP GeForce RTX 3070,dGPU [#0]: NVIDIA GeForce RTX 3070: HP GeForce RTX 3070,dGPU [#0]: NVIDIA GeForce RTX 3070: HP GeForce RTX 3070,dGPU [#0]: NVIDIA GeForce RTX 3070: HP GeForce RTX 3070,dGPU [#0]: NVIDIA GeForce RTX 3070: HP GeForce RTX 3070,dGPU [#0]: NVIDIA GeForce RTX 3070: HP GeForce RTX 3070,dGPU [#0]: NVIDIA GeForce RTX 3070: HP GeForce RTX 3070,dGPU [#0]: NVIDIA GeForce RTX 3070: HP GeForce RTX 3070,dGPU [#0]: NVIDIA GeForce RTX 3070: HP GeForce RTX 3070,dGPU [#0]: NVIDIA GeForce RTX 3070: HP GeForce RTX 3070,dGPU [#0]: NVIDIA GeForce RTX 3070: HP GeForce RTX 3070,dGPU [#0]: NVIDIA GeForce RTX 3070: HP GeForce RTX 3070,dGPU [#0]: NVIDIA GeForce RTX 3070: HP GeForce RTX 3070,dGPU [#0]: NVIDIA GeForce RTX 3070: HP GeForce RTX 3070,dGPU [#0]: NVIDIA GeForce RTX 3070: HP GeForce RTX 3070,dGPU [#0]: NVIDIA GeForce RTX 3070: HP GeForce RTX 3070,dGPU [#0]: NVIDIA GeForce RTX 3070: HP GeForce RTX 3070,dGPU [#0]: NVIDIA GeForce RTX 3070: HP GeForce RTX 3070,dGPU [#0]: NVIDIA GeForce RTX 3070: HP GeForce RTX 3070,dGPU [#0]: NVIDIA GeForce RTX 3070: HP GeForce RTX 3070,dGPU [#0]: NVIDIA GeForce RTX 3070: HP GeForce RTX 3070,dGPU [#0]: NVIDIA GeForce RTX 3070: HP GeForce RTX 3070,dGPU [#0]: NVIDIA GeForce RTX 3070: HP GeForce RTX 3070,dGPU [#0]: NVIDIA GeForce RTX 3070: HP GeForce RTX 3070,dGPU [#0]: NVIDIA GeForce RTX 3070: HP GeForce RTX 3070,dGPU [#0]: NVIDIA GeForce RTX 3070: HP GeForce RTX 3070,dGPU [#0]: NVIDIA GeForce RTX 3070: HP GeForce RTX 3070,dGPU [#0]: NVIDIA GeForce RTX 3070: HP GeForce RTX 3070,dGPU [#0]: NVIDIA GeForce RTX 3070: HP GeForce RTX 3070,dGPU [#0]: NVIDIA GeForce RTX 3070: HP GeForce RTX 3070,dGPU [#0]: NVIDIA GeForce RTX 3070: HP GeForce RTX 3070,dGPU [#0]: NVIDIA GeForce RTX 3070: HP GeForce RTX 3070,dGPU [#0]: NVIDIA GeForce RTX 3070: HP GeForce RTX 3070,dGPU [#0]: NVIDIA GeForce RTX 3070: HP GeForce RTX 3070,dGPU [#0]: NVIDIA GeForce RTX 3070: HP GeForce RTX 3070,dGPU [#0]: NVIDIA GeForce RTX 3070: HP GeForce RTX 3070,dGPU [#0]: NVIDIA GeForce RTX 3070: HP GeForce RTX 3070,dGPU [#0]: NVIDIA GeForce RTX 3070: HP GeForce RTX 3070,dGPU [#0]: NVIDIA GeForce RTX 3070: HP GeForce RTX 3070,dGPU [#0]: NVIDIA GeForce RTX 3070: HP GeForce RTX 3070,dGPU [#0]: NVIDIA GeForce RTX 3070: HP GeForce RTX 3070,dGPU [#0]: NVIDIA GeForce RTX 3070: HP GeForce RTX 3070,dGPU [#0]: NVIDIA GeForce RTX 3070: HP GeForce RTX 3070,dGPU [#0]: NVIDIA GeForce RTX 3070: HP GeForce RTX 3070,dGPU [#0]: NVIDIA GeForce RTX 3070: HP GeForce RTX 3070,dGPU [#0]: NVIDIA GeForce RTX 3070: HP GeForce RTX 3070,dGPU [#0]: NVIDIA GeForce RTX 3070: HP GeForce RTX 3070,dGPU [#0]: NVIDIA GeForce RTX 3070: HP GeForce RTX 3070,dGPU [#0]: NVIDIA GeForce RTX 3070: HP GeForce RTX 3070,dGPU [#0]: NVIDIA GeForce RTX 3070: HP GeForce RTX 3070,dGPU [#0]: NVIDIA GeForce RTX 3070: HP GeForce RTX 3070,dGPU [#0]: NVIDIA GeForce RTX 3070: HP GeForce RTX 3070,dGPU [#0]: NVIDIA GeForce RTX 3070: HP GeForce RTX 3070,dGPU [#0]: NVIDIA GeForce RTX 3070: HP GeForce RTX 3070,dGPU [#0]: NVIDIA GeForce RTX 3070: HP GeForce RTX 3070,dGPU [#0]: NVIDIA GeForce RTX 3070: HP GeForce RTX 3070,dGPU [#0]: NVIDIA GeForce RTX 3070: HP GeForce RTX 3070,dGPU [#0]: NVIDIA GeForce RTX 3070: HP GeForce RTX 3070,dGPU [#0]: NVIDIA GeForce RTX 3070: HP GeForce RTX 3070,dGPU [#0]: NVIDIA GeForce RTX 3070: HP GeForce RTX 3070,dGPU [#0]: NVIDIA GeForce RTX 3070: HP GeForce RTX 3070,dGPU [#0]: NVIDIA GeForce RTX 3070: HP GeForce RTX 3070,dGPU [#0]: NVIDIA GeForce RTX 3070: HP GeForce RTX 3070,dGPU [#0]: NVIDIA GeForce RTX 3070: HP GeForce RTX 3070,dGPU [#0]: NVIDIA GeForce RTX 3070: HP GeForce RTX 3070,dGPU [#0]: NVIDIA GeForce RTX 3070: HP GeForce RTX 3070,dGPU [#0]: NVIDIA GeForce RTX 3070: HP GeForce RTX 3070,dGPU [#0]: NVIDIA GeForce RTX 3070: HP GeForce RTX 3070,dGPU [#0]: NVIDIA GeForce RTX 3070: HP GeForce RTX 3070,dGPU [#0]: NVIDIA GeForce RTX 3070: HP GeForce RTX 3070,dGPU [#0]: NVIDIA GeForce RTX 3070: HP GeForce RTX 3070,dGPU [#0]: NVIDIA GeForce RTX 3070: HP GeForce RTX 3070,PresentMon [msedgewebview2.exe],PresentMon [msedgewebview2.exe],PresentMon [msedgewebview2.exe],PresentMon [msedgewebview2.exe],PresentMon [msedgewebview2.exe],PresentMon [msedgewebview2.exe],PresentMon [msedgewebview2.exe],PresentMon [msedgewebview2.exe],PresentMon [msedgewebview2.exe],PresentMon [msedgewebview2.exe],PresentMon [msedgewebview2.exe],PresentMon [msedgewebview2.exe],PresentMon [msedgewebview2.exe],PresentMon [msedgewebview2.exe],PresentMon [msedgewebview2.exe],PresentMon [msedgewebview2.exe],PresentMon [msedgewebview2.exe],PresentMon [msedgewebview2.exe],PresentMon [msedgewebview2.exe],PresentMon [msedgewebview2.exe],PresentMon [msedgewebview2.exe],PresentMon [msedgewebview2.exe],PresentMon [msedgewebview2.exe],Network: RealTek Semiconductor RTL8822CE Wireless LAN 802.11ac PCI-E NIC - Wi-Fi,Network: RealTek Semiconductor RTL8822CE Wireless LAN 802.11ac PCI-E NIC - Wi-Fi,Network: RealTek Semiconductor RTL8822CE Wireless LAN 802.11ac PCI-E NIC - Wi-Fi,Network: RealTek Semiconductor RTL8822CE Wireless LAN 802.11ac PCI-E NIC - Wi-Fi,Network: RealTek Semiconductor RTL8168/8111 PCI-E Gigabit Ethernet NIC - Ethernet,Network: RealTek Semiconductor RTL8168/8111 PCI-E Gigabit Ethernet NIC - Ethernet,Network: RealTek Semiconductor RTL8168/8111 PCI-E Gigabit Ethernet NIC - Ethernet,Network: RealTek Semiconductor RTL8168/8111 PCI-E Gigabit Ethernet NIC - Ethernet,Windows Hardware Errors (WHEA),
