Date,Time,"Virtual Memory Committed [MB]","Virtual Memory Available [MB]","Virtual Memory Load [%]","Physical Memory Used [MB]","Physical Memory Available [MB]","Physical Memory Load [%]","Page File Usage [%]","Page File Total [MB]","Page File Used [MB]","Core VIDs (avg) [V]","Core 0 VID [V]","Core 1 VID [V]","Core 2 VID [V]","Core 3 VID [V]","Core 4 VID [V]","Core 5 VID [V]","Core 6 VID [V]","Core 7 VID [V]","Core Clocks (avg) [MHz]","Core 0 Clock (perf #1/4) [MHz]","Core 1 Clock (perf #1/3) [MHz]","Core 2 Clock (perf #2/6) [MHz]","Core 3 Clock (perf #3/5) [MHz]","Core 4 Clock (perf #6/8) [MHz]","Core 5 Clock (perf #4/2) [MHz]","Core 6 Clock (perf #5/1) [MHz]","Core 7 Clock (perf #7/7) [MHz]","Bus Clock [MHz]","Core Effective Clocks (avg) [MHz]","Core 0 T0 Effective Clock [MHz]","Core 0 T1 Effective Clock [MHz]","Core 1 T0 Effective Clock [MHz]","Core 1 T1 Effective Clock [MHz]","Core 2 T0 Effective Clock [MHz]","Core 2 T1 Effective Clock [MHz]","Core 3 T0 Effective Clock [MHz]","Core 3 T1 Effective Clock [MHz]","Core 4 T0 Effective Clock [MHz]","Core 4 T1 Effective Clock [MHz]","Core 5 T0 Effective Clock [MHz]","Core 5 T1 Effective Clock [MHz]","Core 6 T0 Effective Clock [MHz]","Core 6 T1 Effective Clock [MHz]","Core 7 T0 Effective Clock [MHz]","Core 7 T1 Effective Clock [MHz]","Average Effective Clock [MHz]","Core Usage (avg) [%]","Core 0 T0 Usage [%]","Core 0 T1 Usage [%]","Core 1 T0 Usage [%]","Core 1 T1 Usage [%]","Core 2 T0 Usage [%]","Core 2 T1 Usage [%]","Core 3 T0 Usage [%]","Core 3 T1 Usage [%]","Core 4 T0 Usage [%]","Core 4 T1 Usage [%]","Core 5 T0 Usage [%]","Core 5 T1 Usage [%]","Core 6 T0 Usage [%]","Core 6 T1 Usage [%]","Core 7 T0 Usage [%]","Core 7 T1 Usage [%]","Max CPU/Thread Usage [%]","Total CPU Usage [%]","Core Utility (avg) [%]","Core 0 T0 Utility [%]","Core 0 T1 Utility [%]","Core 1 T0 Utility [%]","Core 1 T1 Utility [%]","Core 2 T0 Utility [%]","Core 2 T1 Utility [%]","Core 3 T0 Utility [%]","Core 3 T1 Utility [%]","Core 4 T0 Utility [%]","Core 4 T1 Utility [%]","Core 5 T0 Utility [%]","Core 5 T1 Utility [%]","Core 6 T0 Utility [%]","Core 6 T1 Utility [%]","Core 7 T0 Utility [%]","Core 7 T1 Utility [%]","Total CPU Utility [%]","Core Ratios (avg) [x]","Core 0 Ratio [x]","Core 1 Ratio [x]","Core 2 Ratio [x]","Core 3 Ratio [x]","Core 4 Ratio [x]","Core 5 Ratio [x]","Core 6 Ratio [x]","Core 7 Ratio [x]","Package C6 Residency [%]","Core C0 Residency (avg) [%]","Core 0 C0 Residency [%]","Core 1 C0 Residency [%]","Core 2 C0 Residency [%]","Core 3 C0 Residency [%]","Core 4 C0 Residency [%]","Core 5 C0 Residency [%]","Core 6 C0 Residency [%]","Core 7 C0 Residency [%]","Core C1 Residency (avg) [%]","Core 0 C1 Residency [%]","Core 1 C1 Residency [%]","Core 2 C1 Residency [%]","Core 3 C1 Residency [%]","Core 4 C1 Residency [%]","Core 5 C1 Residency [%]","Core 6 C1 Residency [%]","Core 7 C1 Residency [%]","Core C6 Residency (avg) [%]","Core 0 C6 Residency [%]","Core 1 C6 Residency [%]","Core 2 C6 Residency [%]","Core 3 C6 Residency [%]","Core 4 C6 Residency [%]","Core 5 C6 Residency [%]","Core 6 C6 Residency [%]","Core 7 C6 Residency [%]","Memory Clock [MHz]","Memory Clock Ratio [x]","Tcas [T]","Trcd [T]","Trp [T]","Tras [T]","Trc [T]","Trfc [T]","Command Rate [T]","CPU (Tctl/Tdie) [°C]","CPU Die (average) [°C]","CPU CCD1 (Tdie) [°C]","Core Temperatures (avg) [°C]","Core0 (CCD1) [°C]","Core1 (CCD1) [°C]","Core2 (CCD1) [°C]","Core3 (CCD1) [°C]","Core4 (CCD1) [°C]","Core5 (CCD1) [°C]","Core6 (CCD1) [°C]","Core7 (CCD1) [°C]","L3 Temperatures (avg) [°C]","L3 Cache (CCD1:CCX1) [°C]","L3 Cache (CCD1:CCX2) [°C]","CPU IOD Hotspot [°C]","CPU IOD Average [°C]","CPU Core Voltage (SVI2 TFN) [V]","SoC Voltage (SVI2 TFN) [V]","CPU Core VID (Effective) [V]","CPU Core Current (SVI2 TFN) [A]","SoC Current (SVI2 TFN) [A]","CPU TDC [A]","CPU EDC [A]","CPU Package Power [W]","Core Powers (avg) [W]","Core 0 Power [W]","Core 1 Power [W]","Core 2 Power [W]","Core 3 Power [W]","Core 4 Power [W]","Core 5 Power [W]","Core 6 Power [W]","Core 7 Power [W]","CPU Core Power (SVI2 TFN) [W]","CPU SoC Power (SVI2 TFN) [W]","Core+SoC Power (SVI2 TFN) [W]","CPU PPT [W]","Infinity Fabric Clock (FCLK) [MHz]","Memory Controller Clock (UCLK) [MHz]","L3 Clocks (avg) [MHz]","L3 Cache (CCD1:CCX1) [MHz]","L3 Cache (CCD1:CCX2) [MHz]","Frequency Limit - Global [MHz]","CPU PPT Limit [%]","CPU TDC Limit [%]","CPU EDC Limit [%]","Thermal Limit [%]","Power Reporting Deviation (Accuracy) [%]","Thermal Throttling (HTC) [Yes/No]","Thermal Throttling (PROCHOT CPU) [Yes/No]","Thermal Throttling (PROCHOT EXT) [Yes/No]","DRAM Read Bandwidth [Gbps]","DRAM Write Bandwidth [Gbps]","Average Active Core Count []","Drive Temperature [°C]","Drive Remaining Life [%]","Drive Available Spare [%]","Drive Failure [Yes/No]","Drive Warning [Yes/No]","Total Host Writes [GB]","Total Host Reads [GB]","Drive Airflow Temperature [°C]","Drive Remaining Life [%]","Drive Failure [Yes/No]","Drive Warning [Yes/No]","Total Host Writes [GB]","Read Activity [%]","Write Activity [%]","Total Activity [%]","Read Rate [MB/s]","Write Rate [MB/s]","Read Total [MB]","Write Total [MB]","Read Activity [%]","Write Activity [%]","Total Activity [%]","Read Rate [MB/s]","Write Rate [MB/s]","Read Total [MB]","Write Total [MB]","GPU Temperature [°C]","GPU Hot Spot Temperature [°C]","GPU Thermal Limit [°C]","GPU Core Voltage [V]","GPU Rail Voltages (avg) [V]","GPU PCIe +12V Input Voltage [V]","GPU 8-pin #1 Input Voltage [V]","GPU Misc0 Input Voltage [V]","GPU Fan1 [RPM]","GPU Power [W]","GPU Rail Powers (avg) [W]","GPU Core (NVVDD) Input Power (sum) [W]","GPU PCIe +12V Input Power [W]","GPU 8-pin #1 Input Power [W]","GPU Misc0 Input Power [W]","GPU Core (NVVDD1) Input Power (sum) [W]","GPU PCIe +3.3V Input Power (est) [W]","GPU Core (NVVDD) Input Power (sum) [W]","GPU Input PP Source Power (sum) [W]","GPU Core (NVVDD) Output Power [W]","GPU Core (NVVDD) Output Power [W]","GPU Power Limit (rated) [W]","GPU Power Limit (max) [W]","GPU Clock [MHz]","GPU Memory Clock [MHz]","GPU Video Clock [MHz]","GPU Effective Clock [MHz]","GPU Crossbar Clock [MHz]","GPU Core Load [%]","GPU Memory Controller Load [%]","GPU Video Engine Load [%]","GPU Bus Load [%]","GPU Memory Usage [%]","GPU D3D Usages (avg) [%]","GPU D3D Usage [%]","GPU Video Decode 0 Usage [%]","GPU Video Encode 0 Usage [%]","GPU VR Usage [%]","GPU Fan1 [%]","GPU Performance Limiters (avg) [Yes/No]","Performance Limit - Power [Yes/No]","Performance Limit - Thermal [Yes/No]","Performance Limit - Reliability Voltage [Yes/No]","Performance Limit - Max Operating Voltage [Yes/No]","Performance Limit - Utilization [Yes/No]","Performance Limit - SLI GPUBoost Sync [Yes/No]","Total GPU Power [% of TDP] [%]","Total GPU Power (normalized) [% of TDP] [%]","PCI Express Error Counters (avg) []","Receiver Errors []","Replay Count []","Replay Rollover Count []","Bad DLLP Count []","Bad TLP Count []","LCRC Error Count []","NAKs Sent Count []","NAKs Received Count []","Recovery Count []","Correctable Error Count []","Non-Fatal Error Count []","Fatal Error Count []","Unsupported Request Count []","PCIe Lane 0 Errors []","PCIe Lane 1 Errors []","PCIe Lane 2 Errors []","PCIe Lane 3 Errors []","PCIe Lane 4 Errors []","PCIe Lane 5 Errors []","PCIe Lane 6 Errors []","PCIe Lane 7 Errors []","PCIe Lane 8 Errors []","PCIe Lane 9 Errors []","PCIe Lane 10 Errors []","PCIe Lane 11 Errors []","PCIe Lane 12 Errors []","PCIe Lane 13 Errors []","PCIe Lane 14 Errors []","PCIe Lane 15 Errors []","GPU Memory Available [MB]","GPU Memory Allocated [MB]","GPU D3D Memory Dedicated [MB]","GPU D3D Memory Dynamic [MB]","PCIe Link Speed [GT/s]","Framerate Presented (avg) [FPS]","Framerate Presented (99%) [FPS]","Framerate Presented (1%) [FPS]","Framerate Presented (0.1%) [FPS]","Framerate Presented (1% low) [FPS]","Framerate Presented (0.1% low) [FPS]","Framerate Displayed (avg) [FPS]","Framerate Displayed (99%) [FPS]","Framerate Displayed (1%) [FPS]","Framerate Displayed (0.1%) [FPS]","Framerate Displayed (1% low) [FPS]","Framerate Displayed (0.1% low) [FPS]","Frame Time Presented (avg) [ms]","Frame Time Presented (99%) [ms]","Frame Time Presented (1%) [ms]","Frame Time Presented (0.1%) [ms]","Frame Time Displayed (1% high) [ms]","Frame Time Displayed (0.1% high) [ms]","GPU Busy (avg) [ms]","GPU Wait (avg) [ms]","CPU Busy (avg) [ms]","CPU Wait (avg) [ms]","Animation Error (avg) [ms]","Total DL [MB]","Total UP [MB]","Current DL rate [KB/s]","Current UP rate [KB/s]","Total DL [MB]","Total UP [MB]","Current DL rate [KB/s]","Current UP rate [KB/s]","Total Errors []",
4.7.2026,1:4:15.235,16123,29871,35.0,11359,21322,34.7,0.0,13312,0,1.331,1.331,1.331,1.331,1.331,1.331,1.331,1.331,1.331,4117.6,4117.6,4117.6,4117.6,4117.6,4117.6,4117.6,4117.6,4117.6,99.8,907.0,2927.4,1426.0,1549.6,1275.1,825.9,1044.4,549.5,895.3,292.4,427.3,581.9,649.0,422.5,508.4,518.6,619.1,907.0,19.4,34.9,34.3,37.1,30.4,19.5,25.0,12.9,21.4,7.0,10.2,13.8,15.5,9.7,12.1,12.3,14.7,37.1,19.4,22.0,39.6,38.9,42.1,34.6,22.1,28.3,14.6,24.2,7.8,11.4,15.5,17.4,10.9,13.6,13.7,16.5,22.0,41.2,41.2,41.2,41.2,41.2,41.2,41.2,41.2,41.2,0.0,59.1,71.4,73.1,63.1,60.2,47.9,55.2,51.5,50.8,40.9,28.6,26.9,36.9,39.8,52.1,44.8,48.5,49.2,0.0,0.0,0.0,0.0,0.0,0.0,0.0,0.0,0.0,1197.8,12.00,16,16,16,39,55,661,1,72.9,64.6,64.8,60.3,62.6,63.0,61.3,60.0,58.6,59.3,58.4,58.9,56.8,57.0,56.6,50.5,47.6,1.350,1.025,1.344,10.118,10.704,10.121,52.815,33.534,3.147,4.421,4.760,3.360,2.905,2.160,2.671,2.371,2.531,13.570,11.012,24.583,33.574,1197.8,1197.8,4095.8,4110.4,4081.1,4395.6,38.2,16.9,58.7,68.0,53.7,No,No,No,1.025,0.150,4.7,45,95.0,100.0,No,No,90859,98745,31,99.0,No,No,3320,0.0,0.5,0.6,0.024,0.136,12385,10231,0.0,0.0,0.0,0.000,0.000,50,0,37.5,50.2,83.0,0.669,12.126,12.166,12.144,12.068,1131,23.389,8.597,11.052,1.971,20.597,14.458,6.140,0.336,11.052,11.863,1.484,7.012,220.000,240.000,600.0,202.5,825.0,773.7,900.0,16.0,20.0,33.0,2.0,23.6,9.7,7.4,1.9,29.6,0.0,33,Yes,No,No,No,No,Yes,No,10.4,13.3,0,0,0,0,0,0,0,0,0,8,0,0,0,0,0,0,0,0,0,0,0,0,0,0,0,0,0,0,0,0,6256,1936,1770,139,5.0,239.8,255.8,222.3,216.8,219.1,216.0,4.3,43.6,2.1,2.1,2.1,2.1,4.17,4.57,3.88,3.76,4.60,4.63,0.22,0.49,4.09,0.08,2.93,0,0,0.0,0.0,63,88,2.3,193.9,0,
4.7.2026,1:4:17.236,16125,29868,35.0,11351,21331,34.7,0.0,13312,0,1.351,1.356,1.350,1.350,1.350,1.350,1.350,1.350,1.350,4117.6,4117.6,4117.6,4117.6,4117.6,4117.6,4117.6,4117.6,4117.6,99.8,871.0,2767.1,1382.8,1351.8,1145.2,709.7,962.2,564.0,732.1,413.8,347.7,521.2,525.6,504.2,537.0,769.6,701.7,871.0,18.7,30.1,33.4,32.5,27.5,16.9,23.1,13.5,17.5,10.1,8.4,12.6,12.7,11.9,12.9,18.6,16.9,33.4,18.7,21.0,34.1,37.9,36.7,31.2,19.0,26.1,15.1,19.7,11.2,9.3,13.9,14.1,13.3,14.5,20.8,18.8,21.0,41.2,41.2,41.2,41.2,41.2,41.2,41.2,41.2,41.2,0.0,56.1,67.4,67.2,59.5,56.0,45.8,50.5,49.7,52.7,43.9,32.6,32.8,40.5,44.0,54.2,49.5,50.3,47.3,0.0,0.0,0.0,0.0,0.0,0.0,0.0,0.0,0.0,1197.8,12.00,16,16,16,39,55,661,1,70.2,63.7,68.2,59.7,61.5,61.0,60.5,59.2,58.6,58.6,58.8,59.2,56.3,56.4,56.2,49.5,46.7,1.356,1.019,1.363,9.716,10.398,9.711,50.089,32.630,2.991,4.009,3.834,3.180,2.744,2.305,2.430,2.601,2.825,13.063,10.696,23.759,32.724,1197.8,1197.8,4096.4,4108.5,4084.2,4395.4,37.2,16.2,55.7,67.1,54.4,No,No,No,0.984,0.138,4.5,45,95.0,100.0,No,No,90859,98745,31,99.0,No,No,3320,0.7,0.3,1.0,1.653,0.134,12388,10231,0.0,0.0,0.0,0.000,0.000,50,0,37.3,49.9,83.0,0.669,12.126,12.165,12.144,12.068,1129,22.645,8.490,10.863,1.752,20.414,14.373,6.035,0.336,10.863,11.652,1.596,7.017,220.000,240.000,360.0,202.5,825.0,478.2,900.0,18.0,20.0,33.0,2.0,23.6,10.2,7.1,1.9,31.8,0.0,33,Yes,No,No,No,No,Yes,No,10.2,14.4,0,0,0,0,0,0,0,0,0,8,0,0,0,0,0,0,0,0,0,0,0,0,0,0,0,0,0,0,0,0,6258,1934,1768,139,5.0,238.1,258.6,220.0,126.8,153.4,118.3,7.5,78.7,1.9,1.8,1.8,1.8,4.20,4.58,3.83,3.77,6.52,8.44,0.73,0.06,4.11,0.09,2.18,0,0,0.0,0.0,63,89,2.2,161.0,0,
4.7.2026,1:4:19.238,16075,29919,34.9,11298,21383,34.5,0.0,13312,0,1.091,1.331,1.056,1.056,1.056,1.056,1.056,1.056,1.056,4052.1,3593.5,4117.6,4117.6,4117.6,4117.6,4117.6,4117.6,4117.6,99.8,691.2,2536.0,1131.7,1198.3,665.2,575.5,769.4,416.6,551.9,229.9,185.4,469.6,385.4,332.4,297.0,668.0,647.0,691.2,14.7,26.3,27.7,29.1,16.0,13.9,18.9,10.2,13.5,5.9,4.8,11.7,9.6,8.1,7.4,16.4,15.9,29.1,14.7,16.2,29.5,31.0,32.5,17.7,15.4,20.9,11.1,14.8,6.1,4.9,12.6,10.3,8.7,7.9,18.1,17.5,16.2,40.6,36.0,41.2,41.2,41.2,41.2,41.2,41.2,41.2,0.0,49.6,62.0,57.6,54.1,50.1,37.7,45.2,42.1,47.9,50.4,38.0,42.4,45.9,49.9,62.3,54.8,57.9,52.1,0.0,0.0,0.0,0.0,0.0,0.0,0.0,0.0,0.0,1197.8,12.00,16,16,16,39,55,661,1,68.1,63.9,62.5,59.3,61.2,60.1,60.0,58.6,57.9,58.8,58.1,59.9,56.2,56.3,56.0,50.0,46.8,1.344,1.031,1.337,8.514,10.156,8.527,44.032,30.866,2.699,3.677,3.300,2.810,2.448,1.872,2.383,2.154,2.950,11.447,10.446,21.893,30.859,1197.8,1197.8,4082.6,4095.4,4069.8,4388.8,35.1,14.2,48.9,67.3,52.8,No,No,No,0.832,0.138,4.0,44,95.0,100.0,No,No,90859,98745,31,99.0,No,No,3320,0.0,0.5,0.5,0.000,0.742,12388,10232,0.0,0.0,0.0,0.000,0.000,50,0,37.2,49.8,83.0,0.669,12.126,12.161,12.142,12.066,1129,22.149,8.490,10.991,1.824,20.009,13.900,6.106,0.336,10.991,11.188,1.350,6.143,220.000,240.000,540.0,202.5,555.0,490.4,600.0,23.0,18.0,49.0,2.0,23.6,10.2,10.1,3.2,45.8,0.0,33,Yes,No,No,No,No,Yes,No,10.2,14.4,0,0,0,0,0,0,0,0,0,8,0,0,0,0,0,0,0,0,0,0,0,0,0,0,0,0,0,0,0,0,6258,1934,1768,139,5.0,238.7,257.7,223.3,133.2,172.3,120.3,3.7,78.3,0.6,0.6,0.6,0.6,4.19,4.57,3.83,3.79,5.83,8.28,0.71,0.03,4.11,0.08,2.28,0,0,0.0,0.0,63,89,1.4,92.9,0,
4.7.2026,1:4:21.231,16056,29937,34.9,11278,21404,34.5,0.0,13312,0,1.336,1.325,1.337,1.337,1.337,1.337,1.337,1.337,1.337,4014.6,4117.6,4117.6,4117.6,4117.6,4117.6,3294.1,4117.6,4117.6,99.8,597.7,2401.8,687.1,1056.0,766.1,657.2,502.2,573.9,380.4,185.2,205.6,428.3,247.8,253.9,209.6,484.1,524.3,597.7,12.2,31.6,16.0,24.8,18.2,15.1,11.4,13.2,8.4,3.9,4.4,9.8,5.2,5.3,4.4,11.1,12.1,31.6,12.2,14.2,35.5,18.7,28.6,20.5,17.6,13.4,15.5,10.1,4.9,5.5,11.5,6.5,6.5,5.5,12.9,14.1,14.2,40.2,41.2,41.2,41.2,41.2,41.2,33.0,41.2,41.2,0.0,47.5,58.7,57.0,51.8,49.6,36.8,42.5,39.8,43.3,52.5,41.3,43.0,48.2,50.4,63.2,57.5,60.2,56.7,0.0,0.0,0.0,0.0,0.0,0.0,0.0,0.0,0.0,1197.8,12.00,16,16,16,39,55,661,1,65.2,60.6,61.2,57.8,59.2,59.3,58.5,57.7,56.7,57.2,56.5,57.6,55.5,55.7,55.4,50.5,46.2,1.331,1.031,1.325,7.434,10.205,7.434,42.158,29.314,2.385,3.151,3.283,2.553,2.253,1.689,2.012,1.806,2.335,9.920,10.492,20.412,29.352,1197.8,1197.8,4086.2,4100.4,4071.9,4400.0,33.4,12.4,46.8,63.8,51.8,No,No,No,0.798,0.135,3.8,45,95.0,100.0,No,No,90859,98745,31,99.0,No,No,3320,0.0,0.7,0.7,0.008,0.221,12388,10233,0.0,0.0,0.0,0.000,0.000,50,0,36.9,49.3,83.0,0.669,12.123,12.165,12.145,12.070,1131,20.477,8.284,10.600,1.521,18.400,12.505,5.889,0.336,10.600,9.666,1.478,6.399,220.000,240.000,540.0,202.5,555.0,490.4,600.0,23.0,18.0,49.0,2.0,23.6,14.8,10.1,3.2,45.8,0.0,33,Yes,No,No,No,No,Yes,No,10.1,13.0,0,0,0,0,0,0,0,0,0,10,0,0,0,0,0,0,0,0,0,0,0,0,0,0,0,0,0,0,0,0,6258,1934,1768,116,5.0,211.1,255.4,221.4,17.7,29.8,16.0,2.2,4.9,1.4,1.4,1.4,1.4,4.74,4.50,3.91,3.80,33.51,62.53,0.79,0.01,4.66,0.08,9.00,0,0,0.0,0.0,63,89,1.8,94.7,0,
4.7.2026,1:4:23.240,16049,29945,34.8,11268,21414,34.4,0.0,13312,0,1.305,1.056,1.337,1.337,1.337,1.337,1.344,1.344,1.344,4114.5,4117.6,4117.6,4117.6,4117.6,4092.6,4117.6,4117.6,4117.6,99.8,704.8,2608.6,823.9,1221.5,969.4,805.8,641.9,633.9,523.8,307.5,217.8,553.2,368.3,368.8,306.5,433.2,492.4,704.8,15.2,35.5,19.8,29.3,22.5,19.2,15.3,15.2,12.5,7.5,5.3,13.4,8.8,8.6,7.3,10.4,11.9,35.5,15.2,17.1,40.8,22.5,33.1,26.1,21.7,17.3,17.1,14.0,8.3,5.8,14.9,9.8,9.5,8.1,11.5,13.2,17.1,41.2,41.2,41.2,41.2,41.2,41.0,41.2,41.2,41.2,0.0,51.0,63.6,60.8,55.8,53.3,40.1,46.7,44.0,43.6,49.0,36.4,39.2,44.2,46.7,59.9,53.3,56.0,56.4,0.0,0.0,0.0,0.0,0.0,0.0,0.0,0.0,0.0,1197.8,12.00,16,16,16,39,55,661,1,63.0,60.6,62.8,58.0,59.9,59.2,58.9,57.8,56.9,57.3,56.7,57.3,55.4,55.6,55.3,49.0,46.5,1.356,1.031,1.350,8.144,9.803,8.139,45.358,29.776,2.551,3.550,3.332,2.772,2.450,1.838,2.232,1.999,2.237,10.864,10.083,20.948,29.882,1197.8,1197.8,4087.5,4102.8,4072.3,4399.9,34.0,13.6,50.4,63.8,53.0,No,No,No,0.799,0.146,4.1,44,95.0,100.0,No,No,90859,98745,31,99.0,No,No,3320,0.0,0.2,0.2,0.000,0.004,12388,10233,0.0,0.0,0.0,0.000,0.000,50,0,37.2,49.7,83.0,0.669,12.127,12.165,12.145,12.070,1131,20.477,7.739,10.600,1.521,18.400,12.505,5.889,0.336,10.600,9.666,1.478,6.399,220.000,240.000,405.0,101.2,555.0,382.1,600.0,43.0,37.0,57.0,3.0,23.3,16.6,12.9,3.2,50.2,0.0,33,Yes,No,No,No,No,Yes,No,9.2,12.3,0,0,0,0,0,0,0,0,0,11,0,0,0,0,0,0,0,0,0,0,0,0,0,0,0,0,0,0,0,0,6281,1911,1745,93,2.5,104.5,255.0,6.1,4.8,4.7,4.7,7.1,19.8,3.8,3.8,3.8,3.8,9.57,164.04,3.88,3.80,212.54,212.54,1.43,0.01,9.47,0.09,7.52,0,0,0.0,0.0,63,89,1.6,98.8,0,
4.7.2026,1:4:25.228,16022,29971,34.8,11268,21414,34.4,0.0,13312,0,1.320,1.331,1.319,1.319,1.319,1.319,1.319,1.319,1.319,4117.6,4117.6,4117.6,4117.6,4117.6,4117.6,4117.6,4117.6,4117.6,99.8,829.9,2998.5,981.4,1483.9,929.2,998.1,756.3,803.0,547.7,295.0,264.6,664.2,429.6,465.2,360.6,489.8,811.7,829.9,18.0,41.9,23.5,35.5,22.1,23.9,18.1,19.3,13.0,7.2,6.4,16.0,10.3,10.9,8.6,11.7,19.7,41.9,18.0,20.2,47.4,26.6,40.2,25.0,26.9,20.3,21.7,14.5,7.9,7.0,17.9,11.4,12.1,9.5,13.0,22.1,20.2,41.2,41.2,41.2,41.2,41.2,41.2,41.2,41.2,41.2,0.0,60.8,72.9,70.8,66.9,63.2,48.1,56.4,53.4,54.5,39.2,27.1,29.2,33.1,36.8,51.9,43.6,46.6,45.5,0.0,0.0,0.0,0.0,0.0,0.0,0.0,0.0,0.0,1197.8,12.00,16,16,16,39,55,661,1,72.9,62.8,60.8,59.3,61.2,61.1,60.4,59.1,57.6,58.5,57.7,58.6,56.1,56.3,55.9,49.0,46.5,1.344,1.038,1.344,9.827,10.478,9.823,54.391,32.844,2.994,4.167,3.999,3.286,2.878,2.018,2.583,2.316,2.707,13.185,10.778,23.963,32.941,1197.8,1197.8,4107.9,4114.3,4101.5,4397.1,37.4,16.4,60.4,66.1,54.8,No,No,No,1.017,0.193,4.9,44,95.0,100.0,No,No,90859,98745,31,99.0,No,No,3320,0.1,0.4,0.5,0.008,0.238,12388,10233,0.0,0.0,0.0,0.000,0.000,50,0,37.2,49.7,83.0,0.669,12.124,12.162,12.143,12.067,1131,22.887,8.772,11.994,2.055,20.729,14.058,6.663,0.336,11.994,11.128,1.744,7.020,220.000,240.000,855.0,202.5,765.0,641.6,825.0,43.0,21.0,39.0,2.0,23.3,14.2,11.6,2.6,42.7,0.0,33,Yes,No,No,No,No,Yes,No,10.8,13.6,0,0,0,0,0,0,0,0,0,12,0,0,0,0,0,0,0,0,0,0,0,0,0,0,0,0,0,0,0,0,6280,1912,1746,93,5.0,44.6,255.7,9.7,9.6,9.6,9.6,11.3,78.2,2.8,2.7,2.7,2.7,22.43,103.04,3.89,3.85,104.15,104.15,1.09,0.16,22.34,0.09,8.97,0,0,0.0,0.0,63,89,1.8,141.4,0,
4.7.2026,1:4:27.227,16049,29945,34.8,11267,21415,34.4,0.0,13312,0,1.339,1.331,1.344,1.344,1.344,1.337,1.337,1.337,1.337,4117.6,4117.6,4117.6,4117.6,4117.6,4117.6,4117.6,4117.6,4117.6,99.8,680.2,2721.0,768.3,1237.3,732.9,914.1,545.8,624.8,437.9,251.1,188.3,508.2,320.3,388.9,252.9,492.9,498.3,680.2,14.6,37.9,18.4,29.6,17.3,21.9,13.0,15.0,10.4,6.2,4.6,12.3,7.7,9.1,6.1,11.8,12.0,37.9,14.6,16.3,42.9,20.8,33.5,19.5,24.7,14.6,16.8,11.6,6.7,4.9,13.6,8.4,10.1,6.6,13.1,13.3,16.3,41.2,41.2,41.2,41.2,41.2,41.2,41.2,41.2,41.2,0.0,53.6,66.3,63.7,59.9,56.0,41.6,48.9,46.5,46.3,46.4,33.7,36.3,40.1,44.0,58.4,51.1,53.5,53.7,0.0,0.0,0.0,0.0,0.0,0.0,0.0,0.0,0.0,1197.8,12.00,16,16,16,39,55,661,1,69.8,61.1,63.5,58.3,60.1,59.6,59.3,58.1,57.1,57.6,57.1,57.6,55.8,56.0,55.6,50.0,46.3,1.350,1.031,1.356,8.216,10.347,8.219,47.802,30.487,2.599,3.596,3.479,2.886,2.453,1.820,2.227,2.042,2.288,10.966,10.635,21.601,30.559,1197.8,1197.8,4093.2,4106.2,4080.3,4400.0,34.7,13.7,53.1,64.3,52.6,No,No,No,0.824,0.146,4.3,45,95.0,100.0,No,No,90859,98745,31,99.0,No,No,3320,0.1,0.0,0.2,0.140,0.036,12388,10233,0.0,0.0,0.0,0.000,0.000,50,0,37.1,49.5,83.0,0.669,12.124,12.162,12.144,12.067,1131,23.725,8.728,11.931,2.141,20.705,14.058,6.628,0.336,11.931,11.259,1.558,6.737,220.000,240.000,855.0,202.5,765.0,945.0,825.0,22.0,18.0,33.0,2.0,23.6,11.2,10.2,2.0,32.7,0.0,33,Yes,No,No,No,No,Yes,No,10.2,13.7,0,0,0,0,0,0,0,0,0,12,0,0,0,0,0,0,0,0,0,0,0,0,0,0,0,0,0,0,0,0,6257,1935,1769,94,5.0,170.7,284.0,38.7,5.8,8.9,5.1,8.5,57.6,3.4,3.3,3.3,3.3,5.86,25.84,3.45,0.54,112.69,196.13,0.55,0.01,5.78,0.08,0.15,0,0,0.0,0.0,63,90,3.1,102.5,0,
4.7.2026,1:4:29.229,16036,29957,34.8,11258,21424,34.4,0.0,13312,0,1.328,1.331,1.331,1.331,1.331,1.331,1.331,1.319,1.319,4117.6,4117.6,4117.6,4117.6,4117.6,4117.6,4117.6,4117.6,4117.6,99.8,577.2,2308.1,498.7,1015.4,696.8,650.9,496.8,434.1,371.8,198.5,140.8,391.9,281.8,226.6,216.7,512.3,794.4,577.2,12.4,33.0,11.9,24.4,16.5,15.6,11.8,10.4,8.8,4.8,3.4,9.5,6.7,5.2,5.2,12.3,19.3,33.0,12.4,13.9,37.2,13.4,27.5,18.6,17.5,13.3,11.6,9.8,5.3,3.7,10.5,7.4,5.7,5.7,13.7,21.7,13.9,41.2,41.2,41.2,41.2,41.2,41.2,41.2,41.2,41.2,0.0,47.1,56.5,55.8,51.1,47.9,36.3,42.3,39.3,47.2,52.9,43.5,44.2,48.9,52.1,63.7,57.7,60.7,52.8,0.0,0.0,0.0,0.0,0.0,0.0,0.0,0.0,0.0,1197.8,12.00,16,16,16,39,55,661,1,66.9,60.3,61.8,57.5,58.8,58.7,58.1,57.1,56.3,57.0,56.2,58.0,55.3,55.4,55.1,49.5,46.5,1.344,1.031,1.337,7.298,10.235,7.304,41.673,29.183,2.349,3.031,3.113,2.481,2.137,1.632,1.983,1.764,2.648,9.737,10.520,20.257,29.197,1197.8,1197.8,4078.3,4093.7,4062.9,4399.9,33.2,12.2,46.3,63.4,51.6,No,No,No,0.743,0.130,3.8,45,95.0,100.0,No,No,90859,98745,31,99.0,No,No,3320,0.0,0.5,0.5,0.000,0.016,12388,10233,0.0,0.0,0.0,0.000,0.000,50,0,37.0,49.5,83.0,0.669,12.122,12.158,12.141,12.066,1130,22.064,8.204,10.602,1.726,19.875,13.984,5.890,0.336,10.602,11.354,1.449,6.223,220.000,240.000,525.0,202.5,555.0,680.8,600.0,19.0,16.0,49.0,2.0,23.6,13.2,7.2,2.6,42.8,0.0,33,Yes,No,No,No,No,Yes,No,10.0,12.7,0,0,0,0,0,0,0,0,0,12,0,0,0,0,0,0,0,0,0,0,0,0,0,0,0,0,0,0,0,0,6257,1935,1769,93,5.0,227.9,253.6,111.7,50.9,48.0,48.0,3.4,58.8,1.2,1.2,1.2,1.2,4.39,8.92,3.91,3.83,20.84,20.84,0.68,0.01,4.31,0.08,1.18,0,0,0.0,0.0,63,90,1.5,89.0,0,
4.7.2026,1:4:31.228,16043,29951,34.8,11263,21418,34.4,0.0,13312,0,1.343,1.337,1.344,1.344,1.344,1.344,1.344,1.344,1.344,4117.6,4117.6,4117.6,4117.6,4117.6,4117.6,4117.6,4117.6,4117.6,99.8,570.5,2414.9,778.1,995.5,694.2,636.8,450.0,456.9,400.7,164.4,165.9,389.2,282.8,255.5,212.5,396.7,433.6,570.5,11.8,31.0,18.6,23.7,16.3,15.1,10.6,10.8,9.4,3.9,3.9,9.3,6.6,5.8,4.9,9.3,10.3,31.0,11.8,13.4,35.1,21.2,26.9,18.6,17.1,12.0,12.3,10.6,4.3,4.4,10.4,7.4,6.5,5.6,10.5,11.6,13.4,41.2,41.2,41.2,41.2,41.2,41.2,41.2,41.2,41.2,0.0,46.0,59.1,55.7,49.8,47.8,35.3,41.4,38.5,40.6,54.0,40.9,44.3,50.2,52.2,64.7,58.6,61.5,59.4,0.0,0.0,0.0,0.0,0.0,0.0,0.0,0.0,0.0,1197.8,12.00,16,16,16,39,55,661,1,73.4,60.2,61.2,57.2,59.3,58.5,57.9,56.9,56.1,56.6,56.0,56.7,55.0,55.2,54.9,49.8,46.4,1.344,1.025,1.350,7.123,10.146,7.115,40.828,28.713,2.304,3.348,3.052,2.398,2.140,1.624,1.975,1.769,2.126,9.475,10.428,19.903,28.820,1197.8,1197.8,4079.0,4097.7,4060.4,4397.9,32.7,11.9,45.4,63.4,51.2,No,No,No,0.775,0.136,3.7,44,95.0,100.0,No,No,90859,98745,31,99.0,No,No,3320,0.0,0.2,0.2,0.000,0.042,12388,10233,0.0,0.0,0.0,0.000,0.000,50,0,36.9,49.4,83.0,0.669,12.125,12.161,12.144,12.068,1131,21.543,8.209,10.521,1.617,19.747,13.891,5.845,0.336,10.521,11.187,2.341,6.086,220.000,240.000,495.0,202.5,555.0,464.5,600.0,20.0,16.0,49.0,2.0,23.6,14.9,8.9,3.1,47.4,0.0,33,Yes,No,No,No,No,Yes,No,9.9,12.9,0,0,0,0,0,0,0,0,0,14,0,0,0,0,0,0,0,0,0,0,0,0,0,0,0,0,0,0,0,0,6257,1935,1769,94,5.0,225.6,255.5,108.8,42.7,40.0,40.0,3.2,58.5,1.2,1.1,1.1,1.1,4.43,9.23,3.87,3.80,25.02,25.02,0.75,0.01,4.36,0.08,3.63,0,0,0.0,0.0,63,90,1.9,89.0,0,
4.7.2026,1:4:33.228,16047,29947,34.8,11266,21416,34.4,0.0,13312,0,1.366,1.369,1.369,1.369,1.369,1.363,1.363,1.363,1.363,4108.2,4067.7,4117.6,4117.6,4092.6,4117.6,4117.6,4117.6,4117.6,99.8,643.5,2449.0,617.9,985.0,932.1,631.0,574.6,470.7,404.7,202.3,233.0,493.8,301.1,274.5,231.3,839.4,655.8,643.5,13.8,34.2,14.7,23.5,22.1,15.0,13.7,11.2,9.5,4.8,5.6,11.9,7.1,6.3,5.4,20.2,15.7,34.2,13.8,15.6,38.7,16.8,26.6,25.1,16.9,15.5,12.6,10.7,5.4,6.3,13.3,7.9,7.1,6.1,22.9,17.7,15.6,41.2,40.8,41.2,41.2,41.0,41.2,41.2,41.2,41.2,0.0,49.3,59.9,58.9,52.3,49.0,38.0,44.3,40.3,51.5,50.7,40.1,41.1,47.7,51.0,62.0,55.7,59.7,48.5,0.0,0.0,0.0,0.0,0.0,0.0,0.0,0.0,0.0,1197.8,12.00,16,16,16,39,55,661,1,71.1,62.8,71.8,58.0,59.3,59.0,58.3,57.2,56.6,57.5,56.3,60.2,55.2,55.3,55.1,49.8,46.3,1.362,1.031,1.369,8.367,9.811,8.359,43.990,30.166,2.630,3.335,3.307,2.601,2.244,1.833,2.179,1.890,3.652,11.264,10.090,21.354,30.275,1197.8,1197.8,4091.9,4099.6,4084.2,4362.4,34.4,13.9,48.9,66.1,53.3,No,No,No,0.739,0.135,3.9,45,95.0,100.0,No,No,90859,98745,31,99.0,No,No,3320,0.0,0.3,0.3,0.000,0.014,12388,10233,0.0,0.0,0.0,0.000,0.000,50,0,36.7,48.9,83.0,0.669,12.126,12.162,12.145,12.070,1130,20.431,7.919,10.588,1.715,18.849,12.951,5.882,0.336,10.588,10.323,1.511,6.448,220.000,240.000,360.0,101.2,555.0,405.6,600.0,46.0,38.0,56.0,3.0,23.4,16.0,11.5,3.0,49.4,0.0,33,Yes,No,No,No,No,Yes,No,9.5,12.4,1,0,0,0,0,0,0,0,0,15,0,0,0,0,0,0,0,0,0,0,0,0,0,0,0,0,0,0,0,0,6275,1917,1751,93,2.5,233.6,263.2,218.6,47.6,67.7,40.2,3.0,71.7,0.6,0.6,0.6,0.6,4.28,4.82,3.65,2.88,15.27,24.89,1.23,0.01,4.19,0.09,4.68,0,0,0.0,0.0,63,90,2.8,82.1,0,
4.7.2026,1:4:35.239,16040,29954,34.8,11259,21423,34.4,0.0,13312,0,1.326,1.325,1.331,1.325,1.325,1.325,1.325,1.325,1.325,4114.5,4117.6,4092.6,4117.6,4117.6,4117.6,4117.6,4117.6,4117.6,99.8,602.4,2402.8,700.7,969.2,772.8,672.0,446.7,430.4,434.5,189.1,165.6,377.9,322.8,248.7,226.5,766.8,512.0,602.4,13.0,31.8,17.0,23.4,18.5,16.2,10.7,10.5,10.5,4.8,4.2,9.3,8.0,6.0,5.6,18.7,12.4,31.8,13.0,14.3,35.7,19.1,26.1,20.7,18.1,11.9,11.5,11.6,5.0,4.4,10.1,8.5,6.4,5.9,20.9,13.7,14.3,41.2,41.2,41.0,41.2,41.2,41.2,41.2,41.2,41.2,0.0,47.3,58.8,56.0,50.8,47.9,35.9,42.0,39.0,47.9,52.7,41.2,44.0,49.2,52.1,64.1,58.0,61.0,52.1,0.0,0.0,0.0,0.0,0.0,0.0,0.0,0.0,0.0,1197.8,12.00,16,16,16,39,55,661,1,68.9,62.1,61.5,57.9,59.2,58.9,58.1,57.4,56.5,57.4,56.3,59.5,55.3,55.4,55.2,47.5,45.7,1.344,1.031,1.337,7.742,9.953,7.751,42.045,29.541,2.478,3.222,3.166,2.450,2.218,1.703,2.060,1.814,3.190,10.375,10.233,20.608,29.551,1197.8,1197.8,4079.6,4093.5,4065.7,4362.6,33.6,12.9,46.7,65.4,52.1,No,No,No,0.718,0.135,3.8,44,95.0,100.0,No,No,90859,98745,31,99.0,No,No,3320,0.0,0.2,0.2,0.000,0.059,12388,10234,0.0,0.0,0.0,0.000,0.000,50,0,36.7,49.1,83.0,0.669,12.125,12.161,12.144,12.069,1132,21.756,7.669,10.118,1.544,18.422,12.793,5.621,0.336,10.118,10.196,1.545,5.997,220.000,240.000,345.0,101.2,555.0,480.0,600.0,22.0,18.0,49.0,3.0,23.6,14.8,9.1,2.8,47.2,0.0,33,Yes,No,No,No,No,Yes,No,9.2,12.3,1,0,0,0,0,0,0,0,0,17,0,0,0,0,0,0,0,0,0,0,0,0,0,0,0,0,0,0,0,0,6257,1935,1769,93,2.5,225.4,252.8,105.3,42.6,39.9,39.9,10.6,57.8,5.3,5.3,5.3,5.3,4.44,9.49,3.87,3.80,25.04,25.04,0.96,0.05,4.36,0.08,1.64,0,0,0.0,0.0,63,90,6.3,90.1,0,
4.7.2026,1:4:37.227,16053,29941,34.9,11270,21412,34.4,0.0,13312,0,1.327,1.337,1.325,1.325,1.325,1.325,1.325,1.325,1.325,4117.6,4117.6,4117.6,4117.6,4117.6,4117.6,4117.6,4117.6,4117.6,99.8,665.9,2523.9,768.2,1114.6,870.1,718.6,570.3,478.5,578.9,240.9,221.8,461.2,436.5,359.1,307.9,472.1,531.5,665.9,14.0,36.3,18.1,26.4,20.3,16.8,13.1,11.0,13.4,5.3,4.9,10.7,10.1,8.0,6.9,10.9,12.4,36.3,14.0,16.2,41.2,20.9,30.2,23.4,19.3,15.3,12.9,15.6,6.5,5.9,12.4,11.7,9.4,8.2,12.6,14.3,16.2,41.2,41.2,41.2,41.2,41.2,41.2,41.2,41.2,41.2,0.0,49.3,61.8,59.0,53.0,51.0,38.6,45.1,42.2,43.7,50.7,38.2,41.0,47.0,49.0,61.4,54.9,57.8,56.3,0.0,0.0,0.0,0.0,0.0,0.0,0.0,0.0,0.0,1197.8,12.00,16,16,16,39,55,661,1,66.2,60.8,63.0,57.7,59.6,59.1,58.3,57.3,56.4,57.0,56.4,57.2,55.1,55.2,55.0,49.2,46.3,1.344,1.025,1.344,7.785,10.142,7.788,43.627,29.692,2.478,3.481,3.240,2.563,2.291,1.759,2.181,1.983,2.328,10.365,10.426,20.791,29.734,1197.8,1197.8,4078.2,4093.1,4063.2,4398.1,33.8,13.0,48.5,64.0,52.1,No,No,No,0.843,0.135,3.9,44,95.0,100.0,No,No,90859,98745,31,99.0,No,No,3320,0.0,0.2,0.2,0.000,0.026,12388,10234,0.0,0.0,0.0,0.000,0.000,50,0,36.8,49.0,83.0,0.669,12.126,12.164,12.145,12.069,1133,21.113,8.079,10.408,1.630,19.711,13.915,5.782,0.336,10.408,11.281,1.432,5.889,220.000,240.000,465.0,202.5,555.0,415.7,600.0,20.0,16.0,49.0,2.0,23.6,16.0,11.5,3.0,49.6,0.0,33,Yes,No,No,No,No,Yes,No,9.9,12.9,1,0,0,0,0,0,0,0,0,18,0,0,0,0,0,0,0,0,0,0,0,0,0,0,0,0,0,0,0,0,6257,1935,1769,93,5.0,218.1,251.1,88.2,28.8,26.8,26.8,1.9,32.1,1.0,1.0,1.0,1.0,4.58,11.34,3.94,3.94,37.32,37.32,0.73,0.01,4.51,0.08,8.39,0,0,0.0,0.0,63,90,2.1,90.9,0,
4.7.2026,1:4:39.232,16042,29951,34.8,11262,21419,34.4,0.0,13312,0,1.343,1.337,1.344,1.344,1.344,1.344,1.344,1.344,1.344,4117.6,4117.6,4117.6,4117.6,4117.6,4117.6,4117.6,4117.6,4117.6,99.8,597.7,2460.6,703.6,1022.0,791.2,617.1,497.0,379.3,466.3,161.7,161.7,352.5,317.2,239.2,222.2,548.6,622.8,597.7,12.8,31.7,17.1,24.7,19.0,14.9,12.1,9.3,11.3,4.2,4.2,8.8,7.9,5.8,5.6,13.4,15.3,31.7,12.8,14.1,35.6,19.2,27.6,21.1,16.5,13.3,10.1,12.4,4.3,4.3,9.4,8.4,6.0,5.8,14.7,16.8,14.1,41.2,41.2,41.2,41.2,41.2,41.2,41.2,41.2,41.2,0.0,47.6,60.0,56.8,51.6,48.4,36.3,42.7,39.8,45.3,52.4,40.0,43.2,48.4,51.6,63.7,57.3,60.2,54.7,0.0,0.0,0.0,0.0,0.0,0.0,0.0,0.0,0.0,1197.8,12.00,16,16,16,39,55,661,1,63.6,59.6,60.0,57.0,58.4,58.3,57.5,56.6,55.7,56.4,55.7,57.0,54.8,54.9,54.7,49.5,46.2,1.344,1.031,1.350,7.260,9.652,7.260,42.333,28.460,2.328,3.133,3.144,2.443,2.154,1.624,1.988,1.772,2.371,9.674,9.926,19.600,28.529,1197.8,1197.8,4088.0,4102.0,4073.9,4400.0,32.4,12.1,47.0,62.8,51.7,No,No,No,0.738,0.137,3.8,44,95.0,100.0,No,No,90859,98745,31,99.0,No,No,3320,0.0,0.3,0.3,0.000,0.161,12388,10234,0.0,0.0,0.0,0.000,0.000,50,0,36.5,48.9,83.0,0.669,12.127,12.164,12.146,12.071,1128,20.479,7.617,10.161,1.557,18.183,12.530,5.645,0.336,10.161,9.926,1.511,6.159,220.000,240.000,360.0,101.2,555.0,378.7,600.0,46.0,38.0,57.0,3.0,23.6,16.1,12.0,3.1,49.3,0.0,33,Yes,No,No,No,No,Yes,No,9.1,12.2,1,0,0,0,0,0,0,0,0,19,0,0,0,0,0,0,0,0,0,0,0,0,0,0,0,0,0,0,0,0,6257,1935,1769,94,2.5,231.1,260.4,222.7,32.3,61.6,26.7,5.2,19.8,2.4,2.4,2.4,2.4,4.33,7.32,1.67,0.48,18.48,37.41,1.26,0.03,4.20,0.13,3.62,0,0,0.0,0.0,63,91,3.3,90.3,0,
4.7.2026,1:4:41.238,16132,29862,35.0,11324,21358,34.6,0.0,13312,0,1.330,1.325,1.331,1.331,1.331,1.331,1.331,1.331,1.331,4117.6,4117.6,4117.6,4117.6,4117.6,4117.6,4117.6,4117.6,4117.6,99.8,593.0,2433.1,776.5,934.1,856.1,624.4,462.0,393.4,458.2,168.4,215.5,389.6,320.6,249.3,209.8,384.1,613.0,593.0,12.5,30.9,18.7,22.4,20.4,14.9,11.0,9.4,10.9,4.2,5.3,9.5,7.7,5.8,5.0,9.2,15.0,30.9,12.5,14.0,34.6,21.2,25.2,23.0,16.7,12.3,10.5,12.2,4.4,5.8,10.4,8.5,6.3,5.5,10.1,16.6,14.0,41.2,41.2,41.2,41.2,41.2,41.2,41.2,41.2,41.2,0.0,46.9,59.6,56.0,50.2,47.9,37.0,42.3,39.5,42.7,53.1,40.4,44.0,49.8,52.1,63.0,57.7,60.5,57.3,0.0,0.0,0.0,0.0,0.0,0.0,0.0,0.0,0.0,1197.8,12.00,16,16,16,39,55,661,1,71.8,59.8,70.8,56.9,58.7,58.1,57.4,56.5,55.8,56.3,55.6,56.8,54.7,54.9,54.6,50.2,46.3,1.337,1.019,1.344,7.153,9.522,7.142,41.448,28.126,2.316,3.243,3.055,2.374,2.132,1.713,1.960,1.749,2.302,9.502,9.792,19.294,28.208,1197.8,1197.8,4076.4,4089.5,4063.4,4399.4,32.1,11.9,46.1,63.0,51.1,No,No,No,0.751,0.137,3.8,45,95.0,100.0,No,No,90859,98745,31,99.0,No,No,3320,0.0,0.6,0.6,0.016,1.226,12388,10236,0.0,0.0,0.0,0.000,0.000,50,0,36.4,48.7,83.0,0.669,12.126,12.162,12.144,12.070,1129,20.102,7.718,10.510,1.593,18.374,12.529,5.839,0.336,10.510,9.800,1.489,6.205,220.000,240.000,405.0,101.2,555.0,375.0,600.0,30.0,32.0,53.0,3.0,23.4,17.3,14.8,3.2,51.2,0.0,33,Yes,No,No,No,No,Yes,No,9.2,11.7,1,0,0,0,0,0,0,0,0,19,0,0,0,0,0,0,0,0,0,0,0,0,0,0,0,0,0,0,0,0,6275,1917,1751,94,2.5,216.2,264.8,67.5,28.3,26.6,26.6,4.1,21.8,2.2,2.2,2.2,2.2,4.63,17.70,2.49,0.74,37.61,37.61,1.11,0.01,4.44,0.19,6.52,0,0,0.0,0.0,63,91,1.7,89.4,0,
4.7.2026,1:4:43.231,16027,29967,34.8,11266,21416,34.4,0.0,13312,0,1.331,1.331,1.331,1.331,1.331,1.331,1.331,1.331,1.331,4117.6,4117.6,4117.6,4117.6,4117.6,4117.6,4117.6,4117.6,4117.6,99.8,583.9,2400.2,648.6,1015.7,832.2,664.8,487.6,423.4,460.6,157.8,166.7,486.1,336.8,249.3,243.0,374.2,394.5,583.9,12.4,31.1,15.6,24.4,19.8,15.9,11.6,10.2,11.0,3.9,4.1,11.9,8.2,5.8,5.9,9.0,9.6,31.1,12.4,13.8,35.1,17.6,27.5,22.3,17.9,13.0,11.4,12.3,4.2,4.4,13.1,8.9,6.3,6.4,9.9,10.5,13.8,41.2,41.2,41.2,41.2,41.2,41.2,41.2,41.2,41.2,0.0,46.6,58.6,56.6,51.0,48.4,35.5,43.7,39.4,39.7,53.4,41.4,43.4,49.0,51.6,64.5,56.3,60.6,60.3,0.0,0.0,0.0,0.0,0.0,0.0,0.0,0.0,0.0,1197.8,12.00,16,16,16,39,55,661,1,68.8,59.4,62.0,56.8,58.3,58.2,57.4,56.5,55.6,56.3,55.5,56.3,54.7,54.8,54.5,48.5,45.5,1.331,1.025,1.337,7.132,9.761,7.139,41.449,28.396,2.290,3.099,3.115,2.430,2.168,1.607,2.062,1.773,2.063,9.484,10.035,19.519,28.456,1197.8,1197.8,4084.8,4102.0,4067.5,4399.4,32.3,11.9,46.1,62.6,51.5,No,No,No,0.804,0.135,3.7,44,95.0,100.0,No,No,90859,98745,31,99.0,No,No,3320,0.0,0.2,0.2,0.000,0.016,12388,10236,0.0,0.0,0.0,0.000,0.000,50,0,36.4,48.6,83.0,0.669,12.123,12.159,12.143,12.068,1129,20.164,7.596,10.208,1.447,18.117,12.443,5.671,0.336,10.208,9.713,1.684,6.137,220.000,240.000,345.0,101.2,555.0,420.0,600.0,31.0,32.0,53.0,3.0,23.4,16.7,12.8,3.1,50.7,0.0,33,Yes,No,No,No,No,Yes,No,9.1,13.0,1,0,0,0,0,0,0,0,0,19,0,0,0,0,0,0,0,0,0,0,0,0,0,0,0,0,0,0,0,0,6275,1917,1751,94,2.5,218.9,0.0,38.8,30.6,29.9,29.9,2.0,60.0,0.5,0.5,0.5,0.5,4.57,25.84,0.09,0.09,33.40,33.40,1.42,0.15,4.48,0.10,8.93,0,0,0.0,0.0,63,91,2.1,91.6,0,
4.7.2026,1:4:45.230,16029,29965,34.8,11265,21416,34.4,0.0,13312,0,1.324,1.319,1.325,1.325,1.325,1.325,1.325,1.325,1.325,4117.6,4117.6,4117.6,4117.6,4117.6,4117.6,4117.6,4117.6,4117.6,99.8,658.7,2562.2,1036.2,1063.1,946.2,687.0,522.8,456.3,455.0,183.2,208.7,446.9,387.0,284.5,265.7,460.4,574.2,658.7,13.3,28.6,24.6,25.1,22.1,16.0,12.0,10.4,10.4,3.9,4.5,10.3,8.8,6.1,5.8,10.5,13.4,28.6,13.3,15.4,32.6,28.4,28.8,25.5,18.5,14.0,12.2,12.1,4.8,5.5,12.0,10.3,7.3,7.0,12.2,15.5,15.4,41.2,41.2,41.2,41.2,41.2,41.2,41.2,41.2,41.2,0.0,49.3,62.6,60.2,52.6,50.0,37.8,44.9,41.6,44.5,50.7,37.4,39.8,47.4,50.0,62.2,55.1,58.4,55.5,0.0,0.0,0.0,0.0,0.0,0.0,0.0,0.0,0.0,1197.8,12.00,16,16,16,39,55,661,1,65.9,60.0,61.5,57.1,58.7,58.5,57.6,56.8,55.9,56.5,55.8,57.0,54.8,54.9,54.7,50.0,45.7,1.331,1.031,1.331,7.469,10.008,7.478,43.740,29.159,2.418,3.290,3.279,2.502,2.207,1.680,2.126,1.853,2.407,9.944,10.290,20.234,29.184,1197.8,1197.8,4085.7,4099.4,4072.1,4400.0,33.2,12.5,48.6,63.1,51.2,No,No,No,0.787,0.137,3.9,44,95.0,100.0,No,No,90859,98745,31,99.0,No,No,3320,0.0,0.5,0.5,0.032,0.344,12388,10237,0.0,0.0,0.0,0.000,0.000,50,0,36.4,48.9,83.0,0.669,12.123,12.159,12.143,12.068,1132,21.680,7.744,10.467,1.593,18.518,12.695,5.815,0.336,10.467,9.990,1.512,6.051,220.000,240.000,315.0,101.2,555.0,480.0,600.0,19.0,16.0,49.0,3.0,23.3,14.8,9.0,2.9,47.3,0.0,33,Yes,No,No,No,No,Yes,No,9.3,12.1,1,0,0,0,0,0,0,0,0,21,0,0,0,0,0,0,0,0,0,0,0,0,0,0,0,0,0,0,0,0,6279,1913,1747,94,2.5,217.6,262.6,54.1,40.7,39.6,39.6,2.9,16.7,1.6,1.6,1.6,1.6,4.60,18.51,3.76,3.68,25.29,25.29,0.78,0.01,4.51,0.09,4.54,0,0,0.0,0.0,63,91,6.3,96.2,0,
4.7.2026,1:4:47.231,16017,29976,34.8,11259,21422,34.4,0.0,13312,0,1.347,1.325,1.350,1.350,1.350,1.350,1.350,1.350,1.350,4117.6,4117.6,4117.6,4117.6,4117.6,4117.6,4117.6,4117.6,4117.6,99.8,673.9,2572.2,856.6,1153.9,898.3,652.0,627.2,372.6,538.3,201.3,269.2,395.1,456.0,269.9,283.3,588.6,647.3,673.9,14.3,31.7,20.7,27.6,21.4,15.6,15.1,8.8,12.8,5.0,6.6,9.6,11.1,6.3,6.8,14.2,15.6,31.7,14.3,16.0,36.0,23.4,31.3,24.1,17.5,16.9,9.9,14.4,5.3,7.2,10.5,12.2,6.9,7.5,15.8,17.5,16.0,41.2,41.2,41.2,41.2,41.2,41.2,41.2,41.2,41.2,0.0,50.4,62.6,60.8,53.9,50.4,39.6,46.1,42.5,47.7,49.6,37.4,39.2,46.1,49.6,60.4,53.9,57.5,52.3,0.0,0.0,0.0,0.0,0.0,0.0,0.0,0.0,0.0,1197.8,12.00,16,16,16,39,55,661,1,73.0,60.5,66.5,57.3,59.2,58.7,57.8,56.8,56.0,56.7,55.8,57.1,54.8,54.9,54.7,50.0,45.9,1.369,1.031,1.369,7.915,9.784,7.900,45.044,29.434,2.486,3.511,3.302,2.575,2.246,1.767,2.150,1.871,2.463,10.573,10.061,20.634,29.550,1197.8,1197.8,4097.7,4109.6,4085.8,4397.9,33.6,13.2,50.0,63.6,53.0,No,No,No,0.882,0.136,4.0,44,95.0,100.0,No,No,90859,98745,31,99.0,No,No,3320,0.0,0.5,0.5,0.032,0.313,12388,10238,0.0,0.0,0.0,0.000,0.000,50,0,36.3,48.6,83.0,0.669,12.127,12.164,12.146,12.071,1132,20.101,7.517,10.060,1.399,18.024,12.433,5.589,0.336,10.060,9.721,1.506,6.043,220.000,240.000,300.0,101.2,555.0,360.0,600.0,31.0,32.0,53.0,3.0,23.3,16.7,13.0,3.2,50.6,0.0,33,Yes,No,No,No,No,Yes,No,9.0,12.2,1,0,0,0,0,0,0,0,0,21,0,0,0,0,0,0,0,0,0,0,0,0,0,0,0,0,0,0,0,0,6279,1913,1747,93,2.5,224.6,260.2,205.0,27.0,42.6,23.8,1.9,18.4,0.5,0.5,0.5,0.5,4.45,7.26,3.53,0.92,25.26,41.99,1.39,0.01,4.34,0.12,4.99,0,0,0.0,0.0,63,91,1.8,88.3,0,
4.7.2026,1:4:49.228,16017,29976,34.8,11258,21423,34.4,0.0,13312,0,1.260,1.312,1.331,1.331,1.331,1.331,1.331,1.056,1.056,3855.5,4117.6,3593.5,3593.5,3593.5,3593.5,4117.6,4117.6,4117.6,99.8,661.0,2438.2,850.1,1041.5,701.6,519.9,625.0,394.7,572.1,186.0,274.5,340.5,365.9,274.8,232.2,1078.2,680.9,661.0,13.8,27.1,20.5,24.9,16.6,12.3,14.9,9.3,13.7,4.4,6.6,8.1,8.7,6.3,5.5,26.0,16.4,27.1,13.8,15.6,30.7,23.2,28.1,18.7,13.8,16.8,10.5,15.4,4.9,7.4,9.0,9.7,7.0,6.1,29.5,18.4,15.6,38.6,41.2,36.0,36.0,36.0,36.0,41.2,41.2,41.2,0.0,49.9,59.6,57.1,52.3,51.1,39.2,43.4,41.6,54.9,50.1,40.4,42.9,47.7,48.9,60.8,56.6,58.4,45.1,0.0,0.0,0.0,0.0,0.0,0.0,0.0,0.0,0.0,1197.8,12.00,16,16,16,39,55,661,1,70.1,61.2,60.8,57.4,58.7,58.2,57.6,56.9,56.0,57.0,55.8,59.1,54.8,54.9,54.7,48.5,45.8,1.344,1.038,1.344,8.017,10.213,8.027,44.293,30.150,2.522,3.271,3.103,2.504,2.269,1.771,2.087,1.844,3.330,10.748,10.501,21.249,30.198,1197.8,1197.8,4086.1,4097.3,4074.9,4396.5,34.3,13.4,49.2,64.4,53.0,No,No,No,0.790,0.131,4.0,44,95.0,100.0,No,No,90859,98745,31,99.0,No,No,3320,0.0,0.7,0.8,0.032,0.276,12389,10238,0.0,0.0,0.0,0.000,0.000,50,0,36.4,48.8,83.0,0.669,12.124,12.161,12.143,12.067,1131,21.612,8.226,10.685,1.617,19.987,14.045,5.936,0.336,10.685,11.276,1.327,6.367,220.000,240.000,450.0,202.5,555.0,450.0,600.0,20.0,16.0,49.0,2.0,23.3,14.9,8.8,3.0,47.6,0.0,33,Yes,No,No,No,No,Yes,No,10.0,12.7,1,0,0,0,0,0,0,0,0,22,0,0,0,0,0,0,0,0,0,0,0,0,0,0,0,0,0,0,0,0,6280,1912,1746,93,5.0,224.4,257.0,81.0,41.9,53.2,39.8,2.3,40.2,0.6,0.6,0.6,0.6,4.46,12.36,3.79,1.37,18.78,25.15,0.98,0.01,4.34,0.11,2.72,0,0,0.0,0.0,63,91,1.4,79.9,0,
4.7.2026,1:4:51.231,16021,29972,34.8,11261,21421,34.4,0.0,13312,0,1.328,1.350,1.325,1.325,1.325,1.325,1.325,1.325,1.325,4117.6,4117.6,4117.6,4117.6,4117.6,4117.6,4117.6,4117.6,4117.6,99.8,567.7,2279.9,889.2,1018.9,677.1,467.5,624.1,333.1,498.5,174.0,263.9,337.8,336.6,214.1,213.7,368.3,386.0,567.7,11.8,24.9,21.6,24.5,16.0,11.1,15.1,8.0,12.0,4.3,6.5,8.2,8.2,4.9,5.1,8.8,9.3,24.9,11.8,13.1,28.1,24.3,27.5,18.0,12.5,16.8,8.9,13.3,4.6,7.1,9.0,8.9,5.4,5.6,9.7,10.2,13.1,41.2,41.2,41.2,41.2,41.2,41.2,41.2,41.2,41.2,0.0,45.2,55.9,54.6,49.2,46.8,36.5,41.3,38.2,39.4,54.8,44.1,45.4,50.8,53.2,63.5,58.7,61.8,60.6,0.0,0.0,0.0,0.0,0.0,0.0,0.0,0.0,0.0,1197.8,12.00,16,16,16,39,55,661,1,67.1,59.0,61.8,56.5,58.1,57.6,57.1,56.2,55.6,56.0,55.4,56.1,54.5,54.6,54.4,48.8,45.2,1.337,1.031,1.337,6.786,9.954,6.782,40.067,28.070,2.209,3.085,2.868,2.328,2.078,1.669,1.921,1.697,2.028,8.993,10.231,19.224,28.141,1197.8,1197.8,4075.3,4094.7,4055.9,4400.0,32.0,11.3,44.5,62.1,50.7,No,No,No,0.714,0.135,3.6,44,95.0,100.0,No,No,90859,98745,31,99.0,No,No,3320,0.0,0.4,0.4,0.000,0.020,12389,10238,0.0,0.0,0.0,0.000,0.000,50,0,36.3,48.8,83.0,0.669,12.124,12.160,12.143,12.067,1129,21.623,8.036,10.413,1.581,19.587,13.793,5.785,0.336,10.413,11.101,1.465,5.889,220.000,240.000,465.0,202.5,555.0,465.0,600.0,19.0,16.0,49.0,2.0,23.3,14.7,8.2,2.8,47.8,0.0,33,Yes,No,No,No,No,Yes,No,9.8,12.7,1,0,0,0,0,0,0,0,0,24,0,0,0,0,0,0,0,0,0,0,0,0,0,0,0,0,0,0,0,0,6280,1912,1746,93,5.0,217.8,255.3,61.3,41.2,39.8,39.8,1.1,17.0,0.6,0.6,0.6,0.6,4.59,16.31,3.84,3.83,25.14,25.14,0.96,0.01,4.51,0.08,2.35,0,0,0.0,0.0,63,92,5.0,89.7,0,
4.7.2026,1:4:53.226,16022,29971,34.8,11267,21415,34.4,0.0,13312,0,1.291,1.056,1.325,1.325,1.325,1.325,1.325,1.325,1.325,4117.6,4117.6,4117.6,4117.6,4117.6,4117.6,4117.6,4117.6,4117.6,99.8,618.1,2486.3,1148.1,999.2,738.2,506.9,663.5,333.5,550.0,156.6,191.4,306.0,364.8,267.0,228.0,504.0,445.9,618.1,12.6,24.8,27.8,23.9,17.4,12.0,15.9,7.9,13.1,3.8,4.6,7.3,8.8,6.2,5.5,12.0,10.7,27.8,12.6,14.2,28.0,31.5,27.0,19.7,13.5,17.9,8.9,14.7,4.1,5.1,8.1,9.7,6.8,6.0,13.5,11.9,14.2,41.2,41.2,41.2,41.2,41.2,41.2,41.2,41.2,41.2,0.0,46.9,60.7,55.9,51.1,48.3,35.5,41.6,39.5,42.5,53.1,39.3,44.1,48.9,51.7,64.5,58.4,60.5,57.5,0.0,0.0,0.0,0.0,0.0,0.0,0.0,0.0,0.0,1197.8,12.00,16,16,16,39,55,661,1,64.8,60.0,61.2,56.8,59.1,57.8,57.5,56.2,55.8,56.1,55.6,56.4,54.5,54.7,54.4,48.5,45.3,1.344,1.031,1.337,7.351,9.877,7.354,41.677,28.864,2.337,3.481,2.974,2.447,2.144,1.642,1.960,1.773,2.277,9.783,10.154,19.937,28.868,1197.8,1197.8,4083.4,4100.5,4066.3,4399.0,32.8,12.3,46.3,63.1,52.1,No,No,No,0.803,0.138,3.8,44,95.0,100.0,No,No,90859,98745,31,99.0,No,No,3320,0.0,0.5,0.5,0.000,0.075,12389,10238,0.0,0.0,0.0,0.000,0.000,50,0,36.2,48.4,83.0,0.669,12.125,12.160,12.144,12.070,1130,19.764,7.492,10.035,1.557,17.924,12.335,5.575,0.336,10.035,9.793,1.324,6.005,220.000,240.000,300.0,101.2,555.0,316.6,600.0,35.0,32.0,55.0,3.0,23.3,17.2,13.9,3.0,51.7,0.0,33,Yes,No,No,No,No,Yes,No,9.0,11.5,1,0,0,0,0,0,0,0,0,25,0,0,0,0,0,0,0,0,0,0,0,0,0,0,0,0,0,0,0,0,6280,1912,1746,93,2.5,215.2,595.9,42.9,36.5,37.8,36.2,1.5,21.3,0.5,0.5,0.5,0.5,4.65,23.34,0.46,0.43,28.31,31.39,1.04,0.21,4.16,0.49,13.91,0,0,0.0,0.0,63,92,2.2,94.9,0,
4.7.2026,1:4:55.225,16021,29973,34.8,11259,21423,34.4,0.0,13312,0,1.340,1.356,1.337,1.337,1.337,1.337,1.337,1.337,1.337,4117.6,4117.6,4117.6,4117.6,4117.6,4117.6,4117.6,4117.6,4117.6,99.8,632.6,2328.8,1032.5,1025.4,724.4,528.4,708.3,445.0,582.4,212.1,220.8,358.5,416.1,279.2,275.2,525.6,458.9,632.6,13.3,24.9,25.2,24.6,17.2,12.6,17.1,10.7,14.0,5.1,5.4,8.7,10.2,6.5,6.7,12.7,11.1,25.2,13.3,14.8,28.0,28.2,27.7,19.4,14.1,19.1,12.0,15.6,5.7,5.9,9.6,11.1,7.2,7.3,14.1,12.2,14.8,41.2,41.2,41.2,41.2,41.2,41.2,41.2,41.2,41.2,0.0,46.5,57.2,54.4,50.7,49.2,36.3,42.7,39.6,42.3,53.5,42.8,45.6,49.3,50.8,63.7,57.3,60.4,57.7,0.0,0.0,0.0,0.0,0.0,0.0,0.0,0.0,0.0,1197.8,12.00,16,16,16,39,55,661,1,71.4,59.2,63.8,56.6,58.3,57.7,57.2,56.3,55.6,56.1,55.4,56.3,54.4,54.5,54.3,49.2,46.0,1.362,1.031,1.356,7.193,10.584,7.186,41.094,29.166,2.313,3.197,2.974,2.444,2.209,1.669,2.006,1.784,2.218,9.532,10.875,20.407,29.323,1197.8,1197.8,4071.6,4088.2,4055.0,4399.9,33.3,12.0,45.7,62.3,51.3,No,No,No,0.750,0.134,3.7,44,95.0,100.0,No,No,90859,98745,31,99.0,No,No,3320,0.0,0.3,0.3,0.000,0.065,12389,10238,0.0,0.0,0.0,0.000,0.000,50,0,38.4,52.4,83.0,0.919,12.112,12.147,12.135,12.054,1129,44.554,17.128,27.346,6.353,37.581,22.373,15.192,0.336,27.346,16.945,3.301,14.505,220.000,240.000,1725.0,1750.2,1515.0,1724.7,1635.0,5.0,2.0,18.0,1.0,23.3,5.9,3.9,1.2,18.5,0.0,33,Yes,No,No,No,No,Yes,No,20.1,24.6,1,0,0,0,0,0,0,0,0,26,0,0,0,0,0,0,0,0,0,0,0,0,0,0,0,0,0,0,0,0,6279,1913,1747,93,8.0,234.1,269.4,199.1,54.7,87.1,47.8,5.7,58.8,2.5,2.5,2.5,2.5,4.27,5.10,3.65,3.51,11.52,20.93,0.21,0.54,4.19,0.08,3.14,0,0,0.0,0.0,63,92,1.4,83.7,0,
4.7.2026,1:4:57.227,16032,29961,34.8,11266,21416,34.4,0.0,13312,0,1.325,1.325,1.325,1.325,1.325,1.325,1.325,1.325,1.325,4117.6,4117.6,4117.6,4117.6,4117.6,4117.6,4117.6,4117.6,4117.6,99.8,582.8,2382.1,968.0,1100.8,668.6,519.8,632.4,296.9,502.6,144.1,143.3,273.1,410.6,213.0,182.3,458.6,428.7,582.8,11.8,24.0,23.3,26.4,15.7,12.3,15.1,6.9,11.9,3.5,3.4,6.4,9.8,4.8,4.2,10.9,10.3,26.4,11.8,13.3,27.1,26.4,29.8,17.7,13.9,17.0,7.8,13.4,3.8,3.8,7.2,11.0,5.3,4.8,12.3,11.5,13.3,41.2,41.2,41.2,41.2,41.2,41.2,41.2,41.2,41.2,0.0,46.7,58.4,56.6,51.7,48.4,35.2,42.5,38.7,41.9,53.3,41.6,43.4,48.3,51.6,64.8,57.5,61.3,58.1,0.0,0.0,0.0,0.0,0.0,0.0,0.0,0.0,0.0,1197.8,12.00,16,16,16,39,55,661,1,68.4,58.9,67.8,56.4,57.9,57.5,57.1,56.1,55.3,55.9,55.2,56.2,54.4,54.5,54.3,49.0,45.6,1.325,1.025,1.337,7.012,10.310,7.014,41.265,28.817,2.245,3.111,2.998,2.460,2.085,1.557,1.923,1.675,2.154,9.295,10.597,19.892,28.819,1197.8,1197.8,4073.1,4091.6,4054.6,4400.0,32.7,11.7,45.8,62.0,51.5,No,No,No,0.728,0.135,3.7,44,95.0,100.0,No,No,90859,98745,31,99.0,No,No,3320,0.1,0.2,0.3,0.057,0.053,12389,10239,0.0,0.0,0.0,0.000,0.000,50,0,36.9,49.6,83.0,0.669,12.127,12.166,12.145,12.069,1132,34.383,8.282,10.901,1.813,19.809,13.747,6.056,0.336,10.901,11.068,1.600,6.593,220.000,240.000,675.0,202.5,825.0,1564.5,900.0,19.0,17.0,33.0,2.0,23.3,7.3,4.6,1.4,23.0,0.0,33,Yes,No,No,No,No,Yes,No,10.3,13.5,1,0,0,0,0,0,0,0,0,27,0,0,0,0,0,0,0,0,0,0,0,0,0,0,0,0,0,0,0,0,6279,1913,1747,93,5.0,211.5,255.7,55.4,28.1,26.7,26.7,1.5,17.3,0.8,0.8,0.8,0.8,4.73,18.07,3.88,3.86,37.51,37.51,0.35,0.14,4.65,0.08,5.38,0,0,0.0,0.0,63,92,1.7,90.5,0,
4.7.2026,1:4:59.228,16048,29946,34.8,11262,21420,34.4,0.0,13312,0,1.326,1.331,1.325,1.325,1.325,1.325,1.325,1.325,1.325,4114.5,4117.6,4117.6,4117.6,4117.6,4117.6,4117.6,4117.6,4092.6,99.8,638.0,2523.2,1057.3,998.9,844.3,632.1,739.1,395.2,558.8,143.3,174.0,322.4,386.9,247.1,226.6,480.0,478.9,638.0,13.3,27.3,25.8,24.1,20.1,15.2,17.9,9.5,13.5,3.6,4.3,7.8,9.5,5.8,5.5,11.6,11.7,27.3,13.3,14.8,30.7,28.9,27.0,22.6,17.0,20.0,10.5,14.9,3.8,4.6,8.5,10.3,6.2,6.0,12.8,12.8,14.8,41.2,41.2,41.2,41.2,41.2,41.2,41.2,41.2,41.0,0.0,48.5,61.8,57.8,54.4,50.3,36.8,43.6,40.5,43.0,51.5,38.2,42.2,45.6,49.7,63.2,56.4,59.5,57.0,0.0,0.0,0.0,0.0,0.0,0.0,0.0,0.0,0.0,1197.8,12.00,16,16,16,39,55,661,1,65.6,60.0,62.8,56.7,58.5,58.3,57.6,56.4,55.3,55.9,55.3,56.2,54.4,54.6,54.3,49.2,45.6,1.350,1.031,1.344,7.419,10.187,7.416,42.837,29.158,2.357,3.301,3.240,2.630,2.203,1.585,1.972,1.750,2.178,9.845,10.470,20.316,29.249,1197.8,1197.8,4072.6,4088.7,4056.5,4398.2,33.2,12.4,47.6,63.2,52.0,No,No,No,0.868,0.134,3.9,44,95.0,100.0,No,No,90859,98745,31,99.0,No,No,3320,0.0,0.4,0.4,0.000,0.054,12389,10239,0.0,0.0,0.0,0.000,0.000,50,0,36.6,49.0,83.0,0.669,12.123,12.160,12.142,12.067,1132,21.569,8.273,10.678,1.727,19.925,13.985,5.932,0.336,10.678,11.321,1.687,6.458,220.000,240.000,315.0,202.5,825.0,416.6,900.0,24.0,17.0,33.0,2.0,23.3,10.2,7.0,2.0,31.7,0.0,33,Yes,No,No,No,No,Yes,No,10.0,12.4,1,0,0,0,0,0,0,0,0,27,0,0,0,0,0,0,0,0,0,0,0,0,0,0,0,0,0,0,0,0,6279,1913,1747,93,5.0,218.2,253.2,90.2,28.6,26.6,26.6,5.6,21.3,2.3,2.2,2.2,2.2,4.58,11.14,3.91,3.83,37.59,37.59,0.80,0.01,4.50,0.08,6.04,0,0,0.0,0.0,63,92,5.4,93.6,0,
4.7.2026,1:5:1.230,16047,29947,34.8,11259,21423,34.4,0.0,13312,0,1.323,1.312,1.325,1.325,1.325,1.325,1.325,1.325,1.325,4117.6,4117.6,4117.6,4117.6,4117.6,4117.6,4117.6,4117.6,4117.6,99.8,610.9,2518.0,947.3,999.7,789.4,486.5,675.2,348.2,543.9,153.0,198.8,292.7,356.6,226.6,215.5,574.9,447.8,610.9,12.3,27.3,22.6,23.7,18.4,11.2,15.9,8.0,12.7,3.5,4.6,6.7,8.3,4.9,4.9,13.6,10.6,27.3,12.3,14.1,31.2,25.9,27.0,21.0,12.9,18.1,9.2,14.5,4.1,5.3,7.7,9.5,5.7,5.7,15.5,12.0,14.1,41.2,41.2,41.2,41.2,41.2,41.2,41.2,41.2,41.2,0.0,48.0,61.4,57.0,53.2,50.3,36.1,42.7,39.7,43.7,52.0,38.6,43.0,46.8,49.7,63.9,57.3,60.3,56.3,0.0,0.0,0.0,0.0,0.0,0.0,0.0,0.0,0.0,1197.8,12.00,16,16,16,39,55,661,1,63.2,59.1,60.8,56.6,58.3,57.5,57.2,56.3,55.4,56.0,55.3,56.5,54.4,54.5,54.3,47.5,45.5,1.331,1.025,1.331,7.362,9.549,7.368,42.742,28.536,2.334,3.306,2.992,2.491,2.190,1.643,1.969,1.742,2.341,9.800,9.820,19.619,28.553,1197.8,1197.8,4092.6,4104.3,4080.9,4400.0,32.4,12.3,47.5,62.3,52.3,No,No,No,0.742,0.136,3.8,44,95.0,100.0,No,No,90859,98745,31,99.0,No,No,3320,0.0,0.4,0.4,0.000,0.014,12389,10239,0.0,0.0,0.0,0.000,0.000,50,0,36.3,48.5,83.0,0.669,12.123,12.160,12.143,12.068,1132,19.868,7.781,10.464,1.702,18.554,12.731,5.813,0.336,10.464,10.135,1.359,6.256,220.000,240.000,360.0,101.2,555.0,299.1,600.0,42.0,35.0,55.0,3.0,23.6,16.2,13.5,3.1,48.1,0.0,33,Yes,No,No,No,No,Yes,No,9.4,11.7,1,0,0,0,0,0,0,0,0,28,0,0,0,0,0,0,0,0,0,0,0,0,0,0,0,0,0,0,0,0,6257,1935,1769,93,2.5,224.5,257.6,86.5,62.4,60.6,60.6,4.6,59.1,1.7,1.7,1.6,1.6,4.45,11.55,3.84,3.81,16.50,16.50,0.94,0.07,4.38,0.08,3.85,0,0,0.0,0.0,63,93,2.1,77.9,0,
4.7.2026,1:5:3.233,16051,29943,34.8,11255,21427,34.4,0.0,13312,0,1.345,1.356,1.344,1.344,1.344,1.344,1.344,1.344,1.344,4117.6,4117.6,4117.6,4117.6,4117.6,4117.6,4117.6,4117.6,4117.6,99.8,645.2,2567.4,940.5,1168.2,819.3,587.7,645.7,388.4,579.3,169.9,194.1,341.4,393.7,283.9,239.3,439.3,565.2,645.2,13.3,30.3,22.6,27.9,19.2,13.8,15.2,9.0,13.6,3.9,4.5,8.0,9.3,6.4,5.5,10.3,13.5,30.3,13.3,15.1,34.5,25.7,31.7,21.9,15.7,17.3,10.3,15.5,4.5,5.1,9.1,10.5,7.3,6.3,11.7,15.2,15.1,41.2,41.2,41.2,41.2,41.2,41.2,41.2,41.2,41.2,0.0,49.7,62.7,60.8,54.1,51.3,38.1,44.5,42.1,44.0,50.3,37.3,39.2,45.9,48.7,61.9,55.5,57.9,56.0,0.0,0.0,0.0,0.0,0.0,0.0,0.0,0.0,0.0,1197.8,12.00,16,16,16,39,55,661,1,70.1,59.4,64.2,56.5,58.3,58.2,57.0,56.3,55.3,55.8,55.2,56.1,54.3,54.4,54.2,47.2,44.8,1.344,1.031,1.344,7.534,9.854,7.527,44.045,28.936,2.403,3.376,3.359,2.511,2.252,1.654,2.008,1.796,2.265,10.009,10.131,20.140,29.063,1197.8,1197.8,4081.2,4096.4,4065.9,4399.0,33.0,12.5,48.9,62.5,51.8,No,No,No,0.834,0.138,4.0,44,95.0,100.0,No,No,90859,98745,31,99.0,No,No,3320,0.0,0.5,0.5,0.000,0.016,12389,10239,0.0,0.0,0.0,0.000,0.000,50,0,36.2,48.5,83.0,0.669,12.123,12.160,12.142,12.066,1132,19.812,8.103,10.599,1.727,19.051,13.152,5.888,0.336,10.599,10.521,1.323,7.835,220.000,240.000,570.0,202.5,555.0,360.0,600.0,67.0,47.0,61.0,2.0,23.7,17.4,14.2,3.4,51.8,0.0,33,Yes,No,No,No,No,Yes,No,9.6,14.0,1,0,0,0,0,0,0,0,0,29,0,0,0,0,0,0,0,0,0,0,0,0,0,0,0,0,0,0,0,0,6253,1939,1773,93,5.0,232.3,274.4,183.7,45.2,70.3,40.1,3.6,100.3,1.0,1.0,1.0,1.0,4.30,5.54,3.60,2.83,14.22,24.87,1.20,0.03,4.22,0.09,4.41,0,0,0.0,0.0,63,93,3.3,87.6,0,
4.7.2026,1:5:5.228,16056,29938,34.9,11263,21419,34.4,0.0,13312,0,1.330,1.325,1.331,1.331,1.331,1.331,1.331,1.331,1.325,4117.6,4117.6,4117.6,4117.6,4117.6,4117.6,4117.6,4117.6,4117.6,99.8,670.8,2574.2,1051.5,1123.1,709.1,611.6,698.9,365.3,613.5,228.0,186.4,396.1,437.3,228.9,208.3,674.2,626.2,670.8,14.0,25.9,25.6,27.1,16.8,14.7,16.9,8.8,14.8,5.8,4.7,9.7,10.7,5.5,5.2,16.4,15.3,27.1,14.0,15.5,29.2,28.8,30.4,18.8,16.4,18.8,9.7,16.5,6.2,5.0,10.6,11.7,5.8,5.5,18.3,16.9,15.5,41.2,41.2,41.2,41.2,41.2,41.2,41.2,41.2,41.2,0.0,50.1,62.8,58.5,55.2,51.9,37.8,45.6,40.4,48.6,49.9,37.2,41.5,44.8,48.1,62.2,54.4,59.6,51.4,0.0,0.0,0.0,0.0,0.0,0.0,0.0,0.0,0.0,1197.8,12.00,16,16,16,39,55,661,1,67.9,62.2,61.8,57.6,59.0,58.6,58.3,57.3,56.2,57.5,55.5,58.5,54.7,54.8,54.6,49.2,45.1,1.325,1.025,1.337,8.395,9.915,8.404,44.744,30.432,2.647,3.494,3.289,2.841,2.481,1.904,2.366,1.785,3.011,11.286,10.196,21.482,30.423,1197.8,1197.8,4095.0,4107.7,4082.3,4395.5,34.6,14.0,49.7,65.4,53.1,No,No,No,0.733,0.136,4.0,44,95.0,100.0,No,No,90859,98745,31,99.0,No,No,3320,0.0,0.4,0.4,0.000,0.140,12389,10239,0.0,0.0,0.0,0.000,0.000,50,0,36.3,48.5,83.0,0.669,12.126,12.163,12.144,12.070,1133,21.497,7.761,10.305,1.727,18.545,12.806,5.725,0.336,10.305,10.313,1.444,6.107,220.000,240.000,390.0,101.2,555.0,570.0,600.0,39.0,34.0,54.0,3.0,23.6,14.6,8.4,2.9,47.2,0.0,33,Yes,No,No,No,No,Yes,No,9.4,12.5,1,0,0,0,0,0,0,0,0,30,0,0,0,0,0,0,0,0,0,0,0,0,0,0,0,0,0,0,0,0,6257,1935,1769,92,2.5,228.3,256.3,104.2,61.9,59.2,59.2,10.3,108.5,5.0,5.0,5.0,5.0,4.38,11.19,2.68,1.15,16.91,16.91,0.95,0.01,4.26,0.12,3.83,0,0,0.0,0.0,63,93,1.9,93.1,0,
4.7.2026,1:5:7.236,16019,29975,34.8,11231,21451,34.3,0.0,13312,0,1.332,1.337,1.331,1.331,1.331,1.331,1.331,1.331,1.331,4014.6,4117.6,4117.6,4117.6,4117.6,3294.1,4117.6,4117.6,4117.6,99.8,579.4,2372.3,842.1,1022.9,625.4,500.9,597.1,336.1,486.4,138.7,177.3,309.9,342.9,237.1,220.2,637.9,422.7,579.4,12.1,26.2,20.4,24.6,14.7,12.0,14.4,8.1,11.7,3.5,4.5,7.6,8.4,5.6,5.4,15.5,10.3,26.2,12.1,13.4,29.5,22.9,27.6,16.5,13.3,16.0,8.9,13.0,3.7,4.7,8.2,9.1,6.0,5.8,17.3,11.3,13.4,40.2,41.2,41.2,41.2,41.2,33.0,41.2,41.2,41.2,0.0,46.9,58.0,55.3,51.3,48.5,36.2,42.2,39.7,43.8,53.1,42.0,44.7,48.7,51.5,63.8,57.8,60.3,56.2,0.0,0.0,0.0,0.0,0.0,0.0,0.0,0.0,0.0,1197.8,12.00,16,16,16,39,55,661,1,65.1,58.9,62.0,56.3,57.7,57.2,56.8,56.0,55.2,55.7,55.0,56.5,54.2,54.4,54.1,47.2,45.2,1.319,1.031,1.319,7.112,9.550,7.108,41.533,28.084,2.267,3.052,2.966,2.377,2.111,1.597,1.934,1.733,2.369,9.454,9.820,19.274,28.189,1197.8,1197.8,4079.8,4093.9,4065.7,4400.0,32.0,11.8,46.1,62.0,51.9,No,No,No,0.723,0.131,3.7,44,95.0,100.0,No,No,90859,98745,31,99.0,No,No,3320,0.3,0.0,0.4,0.488,0.069,12390,10239,0.0,0.0,0.0,0.000,0.000,50,0,36.1,48.5,83.0,0.669,12.128,12.167,12.146,12.070,1131,19.899,7.731,10.172,1.703,18.450,12.795,5.651,0.336,10.172,10.330,1.469,6.232,220.000,240.000,360.0,101.2,555.0,367.6,600.0,42.0,36.0,56.0,3.0,23.4,17.2,13.3,3.3,52.1,0.0,33,Yes,No,No,No,No,Yes,No,9.3,11.8,1,0,0,0,0,0,0,0,0,30,0,0,0,0,0,0,0,0,0,0,0,0,0,0,0,0,0,0,0,0,6276,1916,1750,91,2.5,107.8,301.1,13.2,12.7,12.6,12.6,1.6,117.5,0.5,0.5,0.5,0.5,9.28,76.03,3.28,3.11,79.21,79.21,1.42,0.01,9.19,0.09,0.09,0,0,0.0,0.0,63,93,1.7,90.0,0,
4.7.2026,1:5:9.225,16001,29992,34.7,11234,21448,34.3,0.0,13312,0,1.344,1.344,1.344,1.344,1.344,1.344,1.344,1.344,1.344,4014.6,3294.1,4117.6,4117.6,4117.6,4117.6,4117.6,4117.6,4117.6,99.8,645.5,2502.8,899.7,1250.5,683.1,539.1,669.7,365.9,533.1,161.1,177.7,310.4,379.7,242.3,244.1,736.1,632.8,645.5,13.1,28.2,21.4,29.8,15.7,12.4,15.8,8.3,12.4,3.5,3.9,7.0,8.8,5.1,5.4,17.3,14.9,29.8,13.1,15.1,32.3,24.5,34.0,18.1,14.4,18.0,9.7,14.2,4.3,4.7,8.2,10.1,6.1,6.5,19.9,17.1,15.1,40.2,33.0,41.2,41.2,41.2,41.2,41.2,41.2,41.2,0.0,49.5,61.2,60.6,53.4,50.6,37.0,44.0,41.0,48.3,50.5,38.8,39.4,46.6,49.4,63.0,56.0,59.0,51.7,0.0,0.0,0.0,0.0,0.0,0.0,0.0,0.0,0.0,1197.8,12.00,16,16,16,39,55,661,1,71.5,59.8,60.8,56.6,58.2,58.0,57.1,56.3,55.3,56.1,55.2,56.9,54.3,54.5,54.2,49.2,45.2,1.344,1.038,1.344,7.512,9.608,7.511,44.030,28.763,2.394,3.227,3.208,2.510,2.209,1.635,2.014,1.788,2.559,10.001,9.880,19.881,28.812,1197.8,1197.8,4089.8,4103.3,4076.3,4398.8,32.7,12.5,48.9,63.0,52.0,No,No,No,0.845,0.135,4.0,44,95.0,100.0,No,No,90859,98745,31,99.0,No,No,3320,0.1,0.2,0.3,0.065,0.014,12390,10239,0.0,0.0,0.0,0.000,0.000,50,0,36.0,48.3,83.0,0.669,12.131,12.171,12.148,12.073,1129,19.821,7.716,10.222,1.680,18.538,12.858,5.679,0.336,10.222,10.341,1.316,5.967,220.000,240.000,390.0,101.2,555.0,390.0,600.0,40.0,36.0,55.0,3.0,23.4,16.9,12.5,3.2,51.9,0.0,33,Yes,No,No,No,No,Yes,No,9.3,11.5,1,0,0,0,0,0,0,0,0,30,0,0,0,0,0,0,0,0,0,0,0,0,0,0,0,0,0,0,0,0,6276,1916,1750,92,2.5,214.9,258.0,68.5,60.9,60.1,60.1,1.0,15.6,0.5,0.5,0.5,0.5,4.65,14.56,3.84,3.84,16.63,16.63,1.12,0.05,4.57,0.08,4.24,0,0,0.0,0.0,63,93,2.0,96.2,0,
4.7.2026,1:5:11.238,16018,29975,34.8,11227,21455,34.3,0.0,13312,0,1.339,1.350,1.337,1.337,1.337,1.337,1.337,1.337,1.337,3659.0,4117.6,3593.5,3593.5,3593.5,3593.5,3593.5,3593.5,3593.5,99.8,637.6,2539.7,962.0,1122.4,824.4,527.0,687.4,354.9,571.7,147.3,177.9,327.8,386.9,274.0,233.3,612.0,452.3,637.6,13.2,27.8,23.2,27.0,19.5,12.5,16.5,8.4,13.7,3.6,4.4,7.9,9.4,6.4,5.6,14.8,11.0,27.8,13.2,14.8,31.4,26.2,30.4,22.0,14.0,18.5,9.4,15.3,3.9,4.7,8.7,10.3,7.0,6.1,16.6,12.1,14.8,36.7,41.2,36.0,36.0,36.0,36.0,36.0,36.0,36.0,0.0,49.3,62.0,59.9,53.8,50.9,37.2,44.1,41.6,44.9,50.7,38.0,40.1,46.2,49.1,62.8,55.9,58.4,55.1,0.0,0.0,0.0,0.0,0.0,0.0,0.0,0.0,0.0,1197.8,12.00,16,16,16,39,55,661,1,68.5,59.3,60.8,56.4,57.8,57.9,57.0,56.2,55.1,55.8,55.0,56.3,54.2,54.3,54.1,47.8,44.8,1.350,1.025,1.337,7.419,9.796,7.425,43.752,28.788,2.373,3.227,3.298,2.491,2.225,1.611,2.003,1.790,2.340,9.857,10.070,19.927,28.862,1197.8,1197.8,4087.2,4098.9,4075.6,4400.0,32.8,12.4,48.6,62.4,51.7,No,No,No,0.760,0.137,3.9,44,95.0,100.0,No,No,90859,98745,31,99.0,No,No,3320,0.0,0.5,0.5,0.000,0.154,12390,10239,0.0,0.0,0.0,0.000,0.000,50,0,36.0,48.2,83.0,0.669,12.131,12.171,12.148,12.073,1129,19.749,7.704,9.943,1.667,18.368,12.834,5.524,0.336,9.943,10.433,1.314,6.674,220.000,240.000,375.0,101.2,555.0,376.7,600.0,43.0,36.0,56.0,3.0,23.4,17.1,13.4,3.2,51.7,0.0,33,Yes,No,No,No,No,Yes,No,9.3,11.3,1,0,0,0,0,0,0,0,0,30,0,0,0,0,0,0,0,0,0,0,0,0,0,0,0,0,0,0,0,0,6275,1917,1750,93,2.5,236.2,257.6,217.6,86.7,118.6,81.0,2.4,48.0,0.6,0.5,0.5,0.5,4.24,4.65,3.85,3.66,8.44,12.31,1.26,0.02,4.15,0.08,2.72,0,0,0.0,0.0,63,93,4.7,77.2,0,
4.7.2026,1:5:13.234,16031,29962,34.8,11229,21453,34.3,0.0,13312,0,1.325,1.325,1.325,1.325,1.325,1.325,1.325,1.325,1.325,4117.6,4117.6,4117.6,4117.6,4117.6,4117.6,4117.6,4117.6,4117.6,99.8,669.6,2551.7,1102.8,1092.0,762.8,576.3,711.4,382.2,631.1,197.8,198.2,411.7,414.0,287.7,278.2,633.3,482.9,669.6,13.8,27.8,26.5,26.0,17.8,13.5,16.8,8.9,14.9,4.6,4.6,9.7,9.8,6.4,6.5,15.1,11.5,27.8,13.8,15.7,31.7,30.2,29.6,20.3,15.4,19.1,10.2,17.0,5.3,5.3,11.0,11.1,7.4,7.4,17.1,12.9,15.7,41.2,41.2,41.2,41.2,41.2,41.2,41.2,41.2,41.2,0.0,49.0,62.4,57.7,53.2,50.9,37.2,44.9,41.4,44.8,51.0,37.6,42.3,46.8,49.1,62.8,55.1,58.6,55.2,0.0,0.0,0.0,0.0,0.0,0.0,0.0,0.0,0.0,1197.8,12.00,16,16,16,39,55,661,1,65.9,59.4,59.5,56.6,58.3,57.6,57.2,56.3,55.3,56.1,55.3,56.5,54.3,54.4,54.2,49.2,45.1,1.337,1.025,1.331,7.556,10.236,7.552,43.509,29.458,2.398,3.377,3.097,2.524,2.245,1.641,2.109,1.828,2.362,10.046,10.521,20.567,29.487,1197.8,1197.8,4083.8,4097.2,4070.4,4399.9,33.5,12.6,48.3,62.5,52.2,No,No,No,0.772,0.135,3.9,44,95.0,100.0,No,No,90859,98745,31,99.0,No,No,3320,0.0,0.4,0.4,0.003,0.127,12390,10240,0.0,0.0,0.0,0.000,0.000,50,0,36.1,48.6,83.0,0.669,12.127,12.168,12.145,12.069,1127,21.304,8.153,10.399,1.752,19.870,14.084,5.777,0.336,10.399,11.576,1.366,5.970,220.000,240.000,375.0,101.2,555.0,480.0,600.0,29.0,20.0,50.0,3.0,23.7,14.8,9.1,2.8,47.2,0.0,33,Yes,No,No,No,No,Yes,No,10.0,11.6,1,0,0,0,0,0,0,0,0,32,0,0,0,0,0,0,0,0,0,0,0,0,0,0,0,0,0,0,0,0,6252,1940,1774,93,2.5,218.1,271.9,116.0,25.9,23.9,23.9,11.5,21.2,7.6,7.5,7.5,7.5,4.58,8.69,3.64,3.59,41.94,41.94,1.05,0.09,4.50,0.08,6.22,0,0,0.0,0.0,63,94,40.4,87.5,0,
4.7.2026,1:5:15.225,16026,29968,34.8,11229,21453,34.3,0.0,13312,0,1.091,1.331,1.056,1.056,1.056,1.056,1.056,1.056,1.056,4052.1,3593.5,4117.6,4117.6,4117.6,4117.6,4117.6,4117.6,4117.6,99.8,590.2,2509.2,940.8,1073.9,685.7,506.1,654.8,312.2,527.5,140.6,123.8,294.3,340.2,206.8,193.5,440.0,493.3,590.2,12.3,27.9,22.9,26.0,16.3,12.2,15.9,7.6,12.8,3.7,3.3,7.3,8.4,5.0,4.9,10.8,12.2,27.9,12.3,13.5,31.4,25.7,29.1,18.2,13.5,17.6,8.2,14.1,3.7,3.2,7.8,9.0,5.2,5.1,11.8,13.3,13.5,40.6,36.0,41.2,41.2,41.2,41.2,41.2,41.2,41.2,0.0,47.4,61.3,57.2,52.5,49.5,34.9,42.2,39.2,42.7,52.6,38.7,42.8,47.5,50.5,65.1,57.8,60.8,57.3,0.0,0.0,0.0,0.0,0.0,0.0,0.0,0.0,0.0,1197.8,12.00,16,16,16,39,55,661,1,72.1,59.5,61.2,56.3,58.5,57.6,57.0,55.9,55.0,55.6,54.8,55.8,54.2,54.3,54.0,47.5,44.9,1.306,1.025,1.312,7.170,10.005,7.175,42.122,28.700,2.293,3.365,3.027,2.452,2.132,1.536,1.925,1.688,2.222,9.532,10.283,19.815,28.751,1197.8,1197.8,4084.5,4098.8,4070.3,4398.6,32.7,12.0,46.8,62.6,51.7,No,No,No,0.831,0.136,3.8,44,95.0,100.0,No,No,90859,98745,31,99.0,No,No,3320,0.0,0.3,0.3,0.000,0.018,12390,10240,0.0,0.0,0.0,0.000,0.000,50,0,36.0,48.5,83.0,0.669,12.129,12.170,12.147,12.070,1127,21.351,8.158,10.474,1.679,19.897,14.062,5.819,0.336,10.474,11.444,1.328,6.067,220.000,240.000,315.0,101.2,555.0,435.0,600.0,25.0,17.0,50.0,3.0,23.7,14.8,8.5,3.0,47.7,0.0,33,Yes,No,No,No,No,Yes,No,10.0,11.6,1,0,0,0,0,0,0,0,0,34,0,0,0,0,0,0,0,0,0,0,0,0,0,0,0,0,0,0,0,0,6252,1940,1774,93,2.5,206.8,254.5,52.5,48.8,48.4,48.4,1.2,17.2,0.6,0.6,0.6,0.6,4.84,19.04,3.89,3.89,20.68,20.68,0.87,0.10,4.76,0.07,7.73,0,0,0.0,0.0,63,94,1.9,230.3,0,
4.7.2026,1:5:17.238,16024,29969,34.8,11228,21454,34.3,0.0,13312,0,1.227,1.319,1.056,1.056,1.056,1.331,1.331,1.331,1.331,4117.6,4117.6,4117.6,4117.6,4117.6,4117.6,4117.6,4117.6,4117.6,99.8,576.5,2387.2,954.5,1026.2,675.0,459.4,607.1,343.9,467.5,127.3,140.2,291.6,365.7,217.7,206.3,559.0,395.6,576.5,11.9,24.4,23.3,24.7,16.1,11.0,14.7,8.3,11.3,3.3,3.6,7.2,9.1,5.2,5.1,13.6,9.7,24.7,11.9,13.1,27.4,26.0,27.7,18.0,12.2,16.3,9.1,12.4,3.3,3.7,7.7,9.7,5.5,5.4,15.1,10.5,13.1,41.2,41.2,41.2,41.2,41.2,41.2,41.2,41.2,41.2,0.0,46.7,58.4,56.7,50.8,48.6,35.0,42.3,39.1,42.5,53.3,41.6,43.3,49.2,51.4,65.0,57.7,60.9,57.5,0.0,0.0,0.0,0.0,0.0,0.0,0.0,0.0,0.0,1197.8,12.00,16,16,16,39,55,661,1,68.9,58.6,60.0,56.0,57.5,57.2,56.5,55.7,54.9,55.5,54.7,55.9,54.1,54.2,54.0,46.5,44.9,1.331,1.031,1.331,6.912,10.098,6.913,41.405,28.383,2.235,3.078,3.021,2.333,2.076,1.535,1.937,1.690,2.213,9.160,10.378,19.538,28.457,1197.8,1197.8,4082.2,4096.5,4068.0,4400.0,32.3,11.5,46.0,61.7,51.0,No,No,No,0.718,0.137,3.7,44,95.0,100.0,No,No,90859,98745,31,99.0,No,No,3320,0.0,0.4,0.4,0.032,0.177,12390,10240,0.0,0.0,0.0,0.000,0.000,50,0,36.1,48.4,83.0,0.669,12.126,12.165,12.144,12.068,1128,20.730,8.098,10.374,1.727,19.721,13.951,5.763,0.336,10.374,11.421,1.337,5.975,220.000,240.000,480.0,202.5,555.0,351.3,600.0,24.0,17.0,49.0,2.0,23.7,16.2,11.4,3.1,50.2,0.0,33,Yes,No,No,No,No,Yes,No,9.9,12.5,1,0,0,0,0,0,0,0,0,35,0,0,0,0,0,0,0,0,0,0,0,0,0,0,0,0,0,0,0,0,6252,1940,1774,93,5.0,239.6,265.9,219.0,218.4,218.3,218.3,5.0,80.1,1.4,1.3,1.3,1.3,4.17,4.62,3.73,3.65,4.63,4.63,0.73,0.01,4.09,0.08,5.23,0,0,0.0,0.0,63,94,1.4,84.1,0,
4.7.2026,1:5:19.239,16019,29975,34.8,11216,21466,34.3,0.0,13312,0,1.232,1.056,1.337,1.337,1.337,1.337,1.337,1.056,1.056,3790.0,4117.6,3593.5,3593.5,3593.5,3593.5,3593.5,4117.6,4117.6,99.8,627.5,2457.2,700.9,1246.0,735.5,694.5,580.4,398.4,533.4,172.6,193.1,355.4,351.0,260.9,209.0,553.4,598.9,627.5,12.7,30.4,16.2,29.5,16.8,16.1,13.3,8.9,12.1,3.6,4.1,7.9,7.8,5.5,4.4,12.8,14.0,30.4,12.7,14.9,34.8,18.9,34.0,19.5,18.7,15.5,10.6,14.2,4.6,5.1,9.4,9.3,6.6,5.5,14.9,16.1,14.9,38.0,41.2,36.0,36.0,36.0,36.0,36.0,41.2,41.2,0.0,49.2,60.0,61.2,54.3,50.9,37.4,44.2,40.9,44.6,50.8,40.0,38.8,45.7,49.1,62.6,55.8,59.1,55.4,0.0,0.0,0.0,0.0,0.0,0.0,0.0,0.0,0.0,1197.8,12.00,16,16,16,39,55,661,1,66.1,59.5,61.2,56.3,57.9,58.1,56.8,56.0,55.0,55.7,54.9,56.2,54.1,54.2,54.0,49.0,45.1,1.331,1.025,1.331,7.463,9.619,7.459,43.729,28.688,2.379,3.218,3.291,2.544,2.196,1.640,2.018,1.773,2.349,9.939,9.892,19.831,28.753,1197.8,1197.8,4090.9,4102.5,4079.2,4399.0,32.7,12.4,48.6,62.6,52.0,No,No,No,0.784,0.137,3.9,44,95.0,100.0,No,No,90859,98745,31,99.0,No,No,3320,0.1,0.9,1.1,0.130,1.040,12390,10242,0.0,0.0,0.0,0.000,0.000,50,0,35.9,48.2,83.0,0.669,12.128,12.166,12.147,12.072,1131,20.487,7.902,10.392,1.886,18.645,12.868,5.773,0.336,10.392,10.489,1.466,6.769,220.000,240.000,345.0,101.2,555.0,418.2,600.0,47.0,36.0,56.0,3.0,23.6,15.6,10.4,3.1,48.9,0.0,33,Yes,No,No,No,No,Yes,No,9.4,11.7,1,0,0,0,0,0,0,0,0,36,0,0,0,0,0,0,0,0,0,0,0,0,0,0,0,0,0,0,0,0,6256,1936,1770,93,2.5,81.0,708.0,6.3,4.9,4.8,4.8,1.6,116.4,0.5,0.5,0.5,0.5,12.35,160.37,0.75,0.45,209.99,209.99,2.49,0.01,11.87,0.48,2.88,0,0,0.0,0.0,63,94,1.5,95.0,0,
4.7.2026,1:5:21.238,16015,29979,34.8,11212,21470,34.3,0.0,13312,0,1.324,1.325,1.325,1.325,1.325,1.325,1.325,1.325,1.319,4117.6,4117.6,4117.6,4117.6,4117.6,4117.6,4117.6,4117.6,4117.6,99.8,651.2,2396.4,617.8,970.0,793.2,685.2,524.3,420.1,522.3,149.8,184.6,382.1,395.6,301.2,217.6,1217.4,641.3,651.2,14.2,31.9,15.0,23.4,19.0,16.6,12.7,10.2,12.6,3.8,4.7,9.4,9.7,7.3,5.4,29.6,15.5,31.9,14.2,15.7,35.8,16.7,26.3,21.2,18.5,14.0,11.3,13.9,4.0,4.9,10.2,10.5,7.9,5.7,33.4,17.2,15.7,41.2,41.2,41.2,41.2,41.2,41.2,41.2,41.2,41.2,0.0,49.4,58.7,57.0,52.4,50.1,36.4,44.1,40.7,56.0,50.6,41.3,43.0,47.6,49.9,63.6,55.9,59.3,44.0,0.0,0.0,0.0,0.0,0.0,0.0,0.0,0.0,0.0,1197.8,12.00,16,16,16,39,55,661,1,73.8,63.5,61.8,57.5,58.3,58.2,57.5,57.0,55.5,57.3,55.8,60.6,54.5,54.6,54.4,49.8,46.2,1.344,1.025,1.337,8.692,10.099,8.694,43.942,30.952,2.700,3.277,3.207,2.588,2.428,1.689,2.268,1.966,4.173,11.713,10.386,22.099,31.028,1197.8,1197.8,4083.5,4092.3,4074.7,4364.2,35.3,14.5,48.8,66.8,54.0,No,No,No,0.774,0.134,4.0,44,95.0,100.0,No,No,90859,98745,31,99.0,No,No,3320,0.0,0.1,0.1,0.000,0.006,12390,10242,0.0,0.0,0.0,0.000,0.000,50,0,37.4,50.9,83.0,0.919,12.118,12.156,12.139,12.058,1132,19.930,17.289,27.710,6.686,37.934,22.525,15.394,0.336,27.710,17.266,3.364,13.961,220.000,240.000,1725.0,1750.2,1515.0,345.0,1635.0,8.0,2.0,18.0,1.0,23.6,14.8,11.5,2.7,45.2,0.0,33,Yes,No,No,No,No,Yes,No,20.4,24.2,1,0,0,0,0,0,0,0,0,37,0,0,0,0,0,0,0,0,0,0,0,0,0,0,0,0,0,0,0,0,6258,1934,1768,93,8.0,239.7,256.7,219.9,214.9,215.1,214.7,10.6,114.1,3.0,2.9,2.9,2.9,4.17,4.61,3.86,3.83,4.70,4.72,0.17,0.48,4.09,0.08,2.71,0,0,0.0,0.0,63,95,1.4,80.4,0,
4.7.2026,1:5:23.229,16028,29966,34.8,11216,21466,34.3,0.0,13312,0,1.335,1.319,1.337,1.337,1.337,1.337,1.337,1.337,1.337,4117.6,4117.6,4117.6,4117.6,4117.6,4117.6,4117.6,4117.6,4117.6,99.8,559.3,2328.3,573.3,1074.8,795.6,623.0,602.6,406.6,437.7,112.9,143.7,316.1,319.7,224.7,206.8,400.5,382.5,559.3,11.9,32.4,13.7,25.8,18.9,14.9,14.4,9.7,10.4,2.8,3.6,7.6,7.8,5.2,5.0,9.6,9.3,32.4,11.9,13.3,36.5,15.4,29.2,21.2,16.7,16.2,10.9,11.6,3.0,3.8,8.4,8.5,5.7,5.4,10.6,10.2,13.3,41.2,41.2,41.2,41.2,41.2,41.2,41.2,41.2,41.2,0.0,46.4,57.0,57.5,52.0,48.7,34.5,42.0,38.8,40.4,53.6,43.0,42.5,48.0,51.3,65.5,58.0,61.2,59.6,0.0,0.0,0.0,0.0,0.0,0.0,0.0,0.0,0.0,1197.8,12.00,16,16,16,39,55,661,1,70.6,58.6,60.2,56.0,57.5,57.3,56.7,55.8,54.7,55.3,54.7,55.6,54.0,54.2,53.9,48.5,45.6,1.337,1.019,1.337,6.916,10.569,6.916,41.020,28.884,2.238,3.091,3.110,2.464,2.118,1.496,1.884,1.682,2.060,9.156,10.859,20.015,28.940,1197.8,1197.8,4072.4,4092.1,4052.7,4400.0,32.9,11.5,45.6,61.6,50.9,No,No,No,0.763,0.136,3.7,44,95.0,100.0,No,No,90859,98745,31,99.0,No,No,3320,0.0,0.5,0.5,0.000,0.065,12390,10242,0.0,0.0,0.0,0.000,0.000,50,0,38.2,52.2,83.0,0.919,12.122,12.163,12.143,12.061,1128,44.609,17.348,27.768,6.580,37.960,22.517,15.427,0.336,27.768,17.119,3.437,14.565,220.000,240.000,1725.0,1750.2,1515.0,1724.7,1635.0,8.0,2.0,18.0,1.0,23.4,5.4,3.2,1.1,17.3,0.0,33,Yes,No,No,No,No,Yes,No,20.4,24.7,1,0,0,0,0,0,0,0,0,37,0,0,0,0,0,0,0,0,0,0,0,0,0,0,0,0,0,0,0,0,6277,1915,1749,93,8.0,232.0,259.1,152.0,53.5,68.9,48.8,7.2,58.2,2.1,2.0,2.0,2.0,4.31,6.61,3.83,3.76,14.51,20.45,0.17,0.51,4.23,0.08,2.52,0,0,0.0,0.0,63,95,3.0,91.1,0,
4.7.2026,1:5:25.238,15985,30008,34.7,11193,21489,34.2,0.0,13312,0,1.330,1.319,1.331,1.331,1.331,1.331,1.331,1.331,1.331,4117.6,4117.6,4117.6,4117.6,4117.6,4117.6,4117.6,4117.6,4117.6,99.8,672.0,2426.2,819.1,1180.9,850.0,700.2,612.9,504.2,536.0,243.2,279.8,457.9,416.1,293.6,316.8,477.7,636.8,672.0,14.3,30.9,19.7,28.5,20.2,16.7,14.5,12.0,12.7,5.8,6.7,11.0,9.9,6.7,7.5,11.4,15.3,30.9,14.3,16.2,35.0,22.2,32.1,22.7,18.8,16.5,13.6,14.3,6.6,7.6,12.3,11.1,7.5,8.5,12.8,17.2,16.2,41.2,41.2,41.2,41.2,41.2,41.2,41.2,41.2,41.2,0.0,49.0,59.3,58.7,53.0,50.2,39.0,44.7,41.6,45.2,51.0,40.7,41.3,47.0,49.8,61.0,55.3,58.4,54.8,0.0,0.0,0.0,0.0,0.0,0.0,0.0,0.0,0.0,1197.8,12.00,16,16,16,39,55,661,1,67.9,59.6,60.0,56.5,58.2,57.8,57.1,56.2,55.4,55.9,55.2,56.1,54.1,54.2,54.0,48.2,45.1,1.331,1.025,1.331,7.635,10.318,7.633,43.348,29.644,2.425,3.305,3.244,2.548,2.248,1.759,2.095,1.866,2.339,10.153,10.608,20.761,29.691,1197.8,1197.8,4078.3,4094.0,4062.6,4398.7,33.7,12.7,48.2,62.7,52.1,No,No,No,0.862,0.136,3.9,44,95.0,100.0,No,No,90859,98745,31,99.0,No,No,3320,0.0,0.4,0.4,0.000,0.116,12390,10242,0.0,0.0,0.0,0.000,0.000,50,0,36.5,49.3,83.0,0.669,12.125,12.164,12.144,12.068,1132,34.903,8.384,10.815,1.910,19.953,13.938,6.008,0.336,10.815,11.391,1.938,6.737,220.000,240.000,495.0,202.5,825.0,1575.3,900.0,21.0,18.0,33.0,2.0,23.7,7.7,5.4,1.5,23.9,0.0,33,Yes,No,No,No,No,Yes,No,10.1,12.7,1,0,0,0,0,0,0,0,0,38,0,0,0,0,0,0,0,0,0,0,0,0,0,0,0,0,0,0,0,0,6249,1943,1777,93,5.0,233.2,262.6,144.7,122.4,120.3,120.3,24.0,115.7,8.5,8.3,8.3,8.3,4.29,6.92,3.75,3.67,8.30,8.30,0.63,0.01,4.20,0.09,3.26,0,0,0.0,0.0,63,95,1.5,88.9,0,
4.7.2026,1:5:27.226,15984,30009,34.7,11193,21489,34.2,0.0,13312,0,1.320,1.331,1.319,1.319,1.319,1.319,1.319,1.319,1.319,4117.6,4117.6,4117.6,4117.6,4117.6,4117.6,4117.6,4117.6,4117.6,99.8,582.1,2377.1,633.0,1096.3,775.2,656.3,462.7,445.2,439.2,129.3,176.3,328.9,313.3,238.2,273.3,398.7,570.1,582.1,12.2,31.8,15.2,26.4,17.9,15.9,11.2,10.2,10.7,2.7,3.8,7.5,7.1,5.7,6.1,9.1,13.5,31.8,12.2,13.8,35.5,17.0,29.8,20.7,17.6,12.3,12.0,11.6,3.4,4.7,8.7,8.3,6.0,7.3,10.6,15.4,13.8,41.2,41.2,41.2,41.2,41.2,41.2,41.2,41.2,41.2,0.0,47.9,58.2,59.5,51.8,49.9,36.0,42.8,41.1,43.4,52.1,41.8,40.5,48.2,50.1,64.0,57.2,58.9,56.6,0.0,0.0,0.0,0.0,0.0,0.0,0.0,0.0,0.0,1197.8,12.00,16,16,16,39,55,661,1,65.0,58.6,61.2,56.0,57.4,57.3,56.5,55.8,54.9,55.4,54.8,55.7,54.0,54.1,53.9,49.8,45.9,1.344,1.025,1.344,7.071,10.087,7.069,42.476,28.570,2.270,3.112,3.107,2.369,2.177,1.557,1.912,1.750,2.178,9.367,10.366,19.732,28.651,1197.8,1197.8,4083.2,4098.6,4067.7,4400.0,32.6,11.8,47.2,61.7,51.3,No,No,No,0.736,0.134,3.8,44,95.0,100.0,No,No,90859,98745,31,99.0,No,No,3320,0.0,0.6,0.6,0.000,0.046,12390,10243,0.0,0.0,0.0,0.000,0.000,50,0,36.3,48.7,83.0,0.669,12.125,12.162,12.145,12.070,1131,21.766,7.778,10.152,1.703,18.496,12.842,5.640,0.336,10.152,10.393,1.630,6.434,220.000,240.000,315.0,101.2,555.0,416.6,600.0,25.0,17.0,33.0,3.0,23.7,10.6,7.6,2.1,32.7,0.0,33,Yes,No,No,No,No,Yes,No,9.3,11.5,1,0,0,0,0,0,0,0,0,39,0,0,0,0,0,0,0,0,0,0,0,0,0,0,0,0,0,0,0,0,6249,1943,1777,93,2.5,229.9,256.3,127.9,51.6,68.3,48.0,4.0,58.5,1.2,1.2,1.2,1.2,4.35,7.82,3.87,3.85,14.63,20.83,1.23,0.09,4.27,0.08,6.03,0,0,0.0,0.0,63,95,2.1,94.6,0,
4.7.2026,1:5:29.225,15988,30006,34.7,11197,21484,34.2,0.0,13312,0,1.325,1.325,1.325,1.325,1.325,1.325,1.325,1.325,1.325,4014.6,4117.6,4117.6,4117.6,4117.6,4117.6,3294.1,4117.6,4117.6,99.8,573.2,2377.9,514.8,965.1,772.3,573.0,496.2,369.0,485.8,142.3,184.7,335.4,313.4,235.0,195.5,560.8,650.7,573.2,12.4,32.3,12.0,23.0,18.7,13.5,11.5,9.4,11.3,4.0,5.1,8.0,8.1,5.2,5.2,14.0,16.3,32.3,12.4,13.6,36.6,13.8,26.1,20.6,15.3,13.1,9.9,12.9,3.8,4.9,9.0,8.2,5.9,5.1,15.1,17.6,13.6,40.2,41.2,41.2,41.2,41.2,41.2,33.0,41.2,41.2,0.0,47.6,58.1,56.5,51.1,49.4,36.6,42.9,40.0,45.9,52.4,41.9,43.5,48.9,50.6,63.4,57.1,60.0,54.1,0.0,0.0,0.0,0.0,0.0,0.0,0.0,0.0,0.0,1197.8,12.00,16,16,16,39,55,661,1,62.4,58.4,59.5,55.9,57.2,57.0,56.2,55.5,54.8,55.3,54.7,56.1,53.9,54.0,53.8,48.8,45.1,1.331,1.025,1.331,7.090,10.034,7.093,42.263,28.616,2.270,3.065,2.955,2.336,2.116,1.596,1.924,1.710,2.462,9.428,10.314,19.741,28.667,1197.8,1197.8,4089.8,4100.6,4079.0,4400.0,32.6,11.8,47.0,61.4,51.7,No,No,No,0.727,0.131,3.8,44,95.0,100.0,No,No,90859,98745,31,99.0,No,No,3320,0.0,0.3,0.3,0.000,0.010,12390,10243,0.0,0.0,0.0,0.000,0.000,50,0,36.2,48.6,83.0,0.669,12.122,12.158,12.141,12.065,1128,21.434,8.067,10.327,1.702,19.608,13.863,5.737,0.336,10.327,11.321,1.360,6.086,220.000,240.000,450.0,202.5,555.0,442.5,600.0,25.0,17.0,49.0,2.0,23.7,14.9,9.0,3.0,47.8,0.0,33,Yes,No,No,No,No,Yes,No,9.8,12.4,1,0,0,0,0,0,0,0,0,40,0,0,0,0,0,0,0,0,0,0,0,0,0,0,0,0,0,0,0,0,6249,1943,1777,92,5.0,184.8,255.3,34.8,27.5,26.8,26.8,1.3,17.7,0.7,0.7,0.7,0.7,5.41,28.78,3.89,3.88,37.25,37.25,0.87,0.01,5.32,0.09,3.14,0,0,0.0,0.0,63,95,1.7,99.7,0,
4.7.2026,1:5:31.236,15983,30010,34.7,11190,21491,34.2,0.0,13312,0,1.307,1.312,1.306,1.306,1.306,1.306,1.306,1.306,1.306,4117.6,4117.6,4117.6,4117.6,4117.6,4117.6,4117.6,4117.6,4117.6,99.8,592.7,2502.5,785.2,1110.3,812.4,662.6,518.9,410.4,479.5,150.9,141.3,296.4,348.8,220.0,291.7,374.7,377.8,592.7,11.9,30.5,18.3,26.2,18.7,15.4,11.8,9.3,10.8,3.1,2.8,7.3,7.8,4.4,6.4,8.4,8.6,30.5,11.9,13.8,34.9,21.3,30.2,21.6,17.8,13.8,11.1,12.7,4.0,3.7,7.8,9.2,5.5,7.8,9.9,10.0,13.8,41.2,41.2,41.2,41.2,41.2,41.2,41.2,41.2,41.2,0.0,47.8,61.1,59.4,52.7,50.3,35.5,42.7,40.6,40.1,52.2,38.9,40.6,47.3,49.7,64.5,57.3,59.4,59.9,0.0,0.0,0.0,0.0,0.0,0.0,0.0,0.0,0.0,1197.8,12.00,16,16,16,39,55,661,1,70.2,58.9,61.5,55.8,58.0,57.2,56.4,55.5,54.7,55.1,54.6,55.2,53.8,54.0,53.7,48.2,44.6,1.319,1.025,1.331,7.121,9.545,7.125,42.450,28.148,2.284,3.349,3.113,2.423,2.150,1.542,1.921,1.742,2.033,9.443,9.815,19.257,28.188,1197.8,1197.8,4085.5,4100.7,4070.4,4399.0,32.0,11.9,47.2,62.0,51.5,No,No,No,0.812,0.136,3.8,44,95.0,100.0,No,No,90859,98745,31,99.0,No,No,3320,0.0,0.4,0.4,0.000,0.014,12390,10243,0.0,0.0,0.0,0.000,0.000,50,0,36.0,48.4,83.0,0.669,12.123,12.159,12.143,12.068,1129,19.779,7.901,10.361,1.848,18.857,13.094,5.756,0.336,10.361,10.695,1.316,6.386,220.000,240.000,300.0,101.2,555.0,309.8,600.0,42.0,35.0,57.0,3.0,23.4,17.3,13.6,3.5,51.9,0.0,33,Yes,No,No,No,No,Yes,No,9.6,11.3,1,0,0,0,0,0,0,0,0,41,0,0,0,0,0,0,0,0,0,0,0,0,0,0,0,0,0,0,0,0,6277,1915,1749,92,2.5,228.7,301.9,119.0,63.2,79.8,60.1,3.0,170.6,0.6,0.5,0.5,0.5,4.37,8.95,2.01,0.47,12.80,16.65,1.30,0.01,4.21,0.16,5.72,0,0,0.0,0.0,63,95,1.8,80.7,0,
4.7.2026,1:5:33.238,15949,30045,34.6,11188,21494,34.2,0.0,13312,0,1.088,1.306,1.056,1.056,1.056,1.056,1.056,1.056,1.056,4117.6,4117.6,4117.6,4117.6,4117.6,4117.6,4117.6,4117.6,4117.6,99.8,570.1,2406.5,656.5,1093.5,785.3,629.5,496.6,354.3,443.3,129.3,164.5,351.8,342.7,206.0,201.0,450.3,411.2,570.1,11.9,30.9,15.6,26.1,18.5,15.0,11.7,8.4,10.4,3.1,4.0,8.4,8.2,4.7,4.8,10.7,9.9,30.9,11.9,13.4,35.0,17.7,29.7,21.0,16.9,13.2,9.5,11.7,3.4,4.4,9.4,9.1,5.2,5.3,12.0,11.0,13.4,41.2,41.2,41.2,41.2,41.2,41.2,41.2,41.2,41.2,0.0,47.0,58.7,59.3,51.9,48.6,35.3,42.7,38.6,41.0,53.0,41.3,40.7,48.1,51.4,64.7,57.3,61.4,59.0,0.0,0.0,0.0,0.0,0.0,0.0,0.0,0.0,0.0,1197.8,12.00,16,16,16,39,55,661,1,67.0,58.2,59.8,55.6,57.1,57.0,56.2,55.3,54.5,55.2,54.4,55.3,53.7,53.9,53.6,48.0,45.1,1.337,1.031,1.331,6.958,9.534,6.954,41.897,27.856,2.244,3.095,3.101,2.395,2.067,1.539,1.952,1.675,2.131,9.237,9.800,19.037,27.946,1197.8,1197.8,4094.1,4107.0,4081.1,4400.0,31.8,11.6,46.6,61.2,51.2,No,No,No,0.715,0.137,3.8,44,95.0,100.0,No,No,90859,98745,31,99.0,No,No,3320,0.0,0.3,0.3,0.000,0.099,12390,10243,0.0,0.0,0.0,0.000,0.000,50,0,35.9,48.2,83.0,0.669,12.128,12.166,12.147,12.071,1131,19.925,7.637,9.861,1.752,18.221,12.735,5.478,0.336,9.861,10.464,1.307,6.350,220.000,240.000,390.0,101.2,555.0,375.0,600.0,41.0,35.0,55.0,3.0,23.4,17.2,13.8,3.2,51.6,0.0,33,Yes,No,No,No,No,Yes,No,9.2,11.1,1,0,0,0,0,0,0,0,0,41,0,0,0,0,0,0,0,0,0,0,0,0,0,0,0,0,0,0,0,0,6277,1915,1749,92,2.5,231.9,265.3,167.8,49.5,68.6,47.3,1.8,23.5,0.6,0.6,0.6,0.6,4.31,9.64,2.17,0.62,15.83,21.18,1.31,0.03,4.20,0.12,5.06,0,0,0.0,0.0,63,96,1.6,89.1,0,
4.7.2026,1:5:35.225,15948,30046,34.6,11182,21500,34.2,0.0,13312,0,1.330,1.319,1.331,1.331,1.331,1.331,1.331,1.331,1.331,4117.6,4117.6,4117.6,4117.6,4117.6,4117.6,4117.6,4117.6,4117.6,99.8,580.8,2388.3,791.7,1062.9,823.6,667.6,424.7,413.8,411.8,129.8,117.6,361.6,282.6,231.2,196.7,499.0,489.9,580.8,12.4,28.0,18.8,26.0,20.0,16.5,10.6,9.8,9.6,3.0,2.7,9.3,7.4,5.9,5.2,12.6,12.5,28.0,12.4,13.5,30.9,21.5,28.8,22.0,17.9,11.3,11.1,10.9,3.4,3.1,9.6,7.4,5.8,5.2,13.4,13.1,13.5,41.2,41.2,41.2,41.2,41.2,41.2,41.2,41.2,41.2,0.0,47.2,58.5,59.2,51.3,48.9,34.8,42.4,39.4,42.9,52.8,41.5,40.8,48.7,51.1,65.2,57.6,60.6,57.1,0.0,0.0,0.0,0.0,0.0,0.0,0.0,0.0,0.0,1197.8,12.00,16,16,16,39,55,661,1,64.4,58.7,59.8,55.6,57.3,57.2,56.1,55.2,54.4,55.1,54.3,55.4,53.6,53.8,53.5,48.0,45.0,1.337,1.025,1.337,7.017,10.158,7.013,41.688,28.587,2.244,3.117,3.168,2.329,2.062,1.485,1.901,1.669,2.222,9.282,10.439,19.721,28.634,1197.8,1197.8,4073.2,4089.3,4057.0,4399.6,32.5,11.7,46.3,61.8,51.5,No,No,No,0.744,0.135,3.8,44,95.0,100.0,No,No,90859,98745,31,99.0,No,No,3320,0.0,0.1,0.1,0.000,0.006,12390,10243,0.0,0.0,0.0,0.000,0.000,50,0,36.0,48.4,83.0,0.669,12.131,12.172,12.149,12.073,1129,21.126,8.052,10.136,1.704,19.634,13.992,5.631,0.336,10.136,11.548,1.411,5.989,220.000,240.000,435.0,202.5,555.0,414.4,600.0,25.0,18.0,49.0,2.0,23.4,15.3,9.8,2.8,48.4,0.0,33,Yes,No,No,No,No,Yes,No,9.9,12.4,1,0,0,0,0,0,0,0,0,42,0,0,0,0,0,0,0,0,0,0,0,0,0,0,0,0,0,0,0,0,6277,1915,1749,92,5.0,177.7,259.4,33.0,27.1,26.6,26.6,2.6,20.6,1.4,1.4,1.4,1.4,5.63,30.34,3.82,3.79,37.65,37.65,0.80,0.01,5.55,0.08,6.03,0,0,0.0,0.0,63,96,1.5,91.4,0,
4.7.2026,1:5:37.233,15944,30050,34.6,11186,21495,34.2,0.0,13312,0,1.325,1.325,1.325,1.325,1.325,1.325,1.325,1.325,1.325,4117.6,4117.6,4117.6,4117.6,4117.6,4117.6,4117.6,4117.6,4117.6,99.8,653.3,2406.3,715.2,1148.0,770.4,710.8,463.4,416.0,575.2,188.0,184.1,440.5,365.3,257.1,301.4,995.3,516.6,653.3,13.6,29.1,17.3,27.1,17.8,16.4,10.4,10.0,13.9,4.7,4.7,10.1,8.3,5.4,6.7,23.7,11.8,29.1,13.6,15.6,33.4,19.4,31.2,20.6,19.1,12.4,11.1,15.5,5.0,4.9,11.8,9.7,6.6,8.1,27.2,13.8,15.6,41.2,41.2,41.2,41.2,41.2,41.2,41.2,41.2,41.2,0.0,49.5,58.7,59.7,52.6,51.0,36.8,44.7,40.9,51.6,50.5,41.3,40.3,47.4,49.0,63.2,55.3,59.1,48.4,0.0,0.0,0.0,0.0,0.0,0.0,0.0,0.0,0.0,1197.8,12.00,16,16,16,39,55,661,1,71.9,62.5,60.2,57.1,57.8,58.0,56.9,56.9,55.3,57.0,55.4,59.3,54.1,54.2,54.0,47.2,45.0,1.325,1.038,1.331,8.517,9.500,8.524,44.238,30.105,2.666,3.250,3.318,2.576,2.505,1.761,2.288,1.981,3.653,11.466,9.774,21.240,30.171,1197.8,1197.8,4098.3,4106.8,4089.7,4378.4,34.3,14.2,49.2,65.8,53.5,No,No,No,0.745,0.135,4.0,44,95.0,100.0,No,No,90859,98745,31,99.0,No,No,3320,0.0,0.5,0.5,0.000,0.026,12390,10243,0.0,0.0,0.0,0.000,0.000,50,0,35.8,48.2,83.0,0.669,12.123,12.158,12.143,12.067,1129,19.727,7.603,9.904,1.544,18.153,12.646,5.502,0.336,9.904,10.141,1.307,6.593,220.000,240.000,330.0,101.2,555.0,329.2,600.0,45.0,36.0,55.0,3.0,23.4,16.5,12.6,3.0,50.2,0.0,33,Yes,No,No,No,No,Yes,No,9.1,12.0,1,0,0,0,0,0,0,0,0,43,0,0,0,0,0,0,0,0,0,0,0,0,0,0,0,0,0,0,0,0,6277,1915,1749,92,2.5,234.9,1485.2,85.7,79.3,80.0,79.1,11.0,76.9,4.2,4.1,4.1,4.1,4.26,12.55,0.19,0.08,13.44,14.24,1.53,0.03,4.04,0.22,2.90,0,0,0.0,0.0,63,96,1.8,83.5,0,
4.7.2026,1:5:39.235,15950,30044,34.6,11187,21495,34.2,0.0,13312,0,1.325,1.325,1.325,1.325,1.325,1.325,1.325,1.325,1.325,3659.0,4117.6,3593.5,3593.5,3593.5,3593.5,3593.5,3593.5,3593.5,99.8,605.1,2383.4,718.4,1215.5,707.3,669.1,447.9,458.2,428.5,176.7,164.1,376.3,285.1,261.4,213.0,464.1,712.8,605.1,12.7,29.5,17.2,29.2,16.7,16.0,10.6,11.0,10.2,4.3,4.0,9.1,6.8,6.0,5.1,11.1,17.3,29.5,12.7,14.3,33.3,19.5,33.1,18.8,17.9,12.0,12.3,11.4,4.7,4.3,10.0,7.5,6.6,5.6,12.3,19.4,14.3,36.7,41.2,36.0,36.0,36.0,36.0,36.0,36.0,36.0,0.0,47.6,58.3,58.8,51.5,49.2,36.3,42.1,39.6,45.2,52.4,41.7,41.2,48.5,50.8,63.7,57.9,60.4,54.8,0.0,0.0,0.0,0.0,0.0,0.0,0.0,0.0,0.0,1197.8,12.00,16,16,16,39,55,661,1,68.8,58.3,56.5,55.6,57.1,56.8,56.1,55.4,54.5,55.0,54.4,55.7,53.6,53.8,53.5,46.8,44.9,1.344,1.031,1.337,6.999,9.517,6.996,42.161,27.919,2.266,3.025,3.046,2.366,2.107,1.582,1.904,1.720,2.376,9.279,9.788,19.067,27.982,1197.8,1197.8,4079.1,4094.2,4063.9,4400.0,31.8,11.7,46.8,61.4,50.9,No,No,No,0.740,0.137,3.8,44,95.0,100.0,No,No,90859,98745,31,99.0,No,No,3320,0.0,0.2,0.2,0.000,0.014,12390,10243,0.0,0.0,0.0,0.000,0.000,50,0,35.8,48.1,83.0,0.669,12.125,12.163,12.144,12.069,1131,19.814,7.799,10.462,1.703,18.520,12.708,5.812,0.336,10.462,10.118,1.305,6.569,220.000,240.000,420.0,101.2,555.0,391.8,600.0,37.0,35.0,54.0,3.0,23.4,17.3,13.9,3.3,52.2,0.0,33,Yes,No,No,No,No,Yes,No,9.1,11.9,1,0,0,0,0,0,0,0,0,43,0,0,0,0,0,0,0,0,0,0,0,0,0,0,0,0,0,0,0,0,6277,1915,1749,92,2.5,227.0,259.1,220.2,30.3,47.4,26.6,17.1,23.8,13.4,13.3,13.3,13.3,4.40,4.58,3.79,3.77,21.12,37.65,1.07,0.05,4.32,0.08,0.17,0,0,0.0,0.0,63,96,2.0,96.6,0,
4.7.2026,1:5:41.228,15948,30046,34.6,11188,21494,34.2,0.0,13312,0,1.314,1.325,1.312,1.312,1.312,1.312,1.312,1.312,1.312,4117.6,4117.6,4117.6,4117.6,4117.6,4117.6,4117.6,4117.6,4117.6,99.8,587.5,2367.2,762.0,1209.8,757.6,650.7,443.4,416.1,425.5,158.5,159.7,375.0,278.8,249.5,220.8,423.7,501.2,587.5,12.4,29.1,18.3,29.1,18.0,15.6,10.6,10.0,10.2,4.0,4.0,9.2,6.8,5.9,5.4,10.3,12.3,29.1,12.4,13.8,32.8,20.7,33.0,20.2,17.4,11.8,11.1,11.3,4.2,4.2,10.0,7.3,6.3,5.8,11.3,13.5,13.8,41.2,41.2,41.2,41.2,41.2,41.2,41.2,41.2,41.2,0.0,46.7,57.8,59.1,50.5,48.0,35.3,41.6,39.1,42.1,53.3,42.2,40.9,49.5,52.0,64.7,58.4,60.9,57.9,0.0,0.0,0.0,0.0,0.0,0.0,0.0,0.0,0.0,1197.8,12.00,16,16,16,39,55,661,1,65.8,58.5,59.8,55.6,57.2,57.2,56.1,55.3,54.5,55.0,54.4,55.3,53.6,53.8,53.5,47.8,45.1,1.331,1.019,1.331,7.097,9.647,7.092,41.530,28.179,2.271,3.143,3.197,2.365,2.072,1.562,1.905,1.732,2.192,9.424,9.918,19.343,28.254,1197.8,1197.8,4090.5,4104.1,4076.9,4399.1,32.1,11.8,46.1,61.6,51.7,No,No,No,0.780,0.136,3.7,44,95.0,100.0,No,No,90859,98745,31,99.0,No,No,3320,0.0,0.6,0.6,0.000,0.346,12390,10243,0.0,0.0,0.0,0.000,0.000,50,0,35.8,47.8,83.0,0.669,12.126,12.163,12.146,12.070,1131,19.876,7.664,10.021,1.630,18.243,12.673,5.567,0.336,10.021,10.195,1.380,6.574,220.000,240.000,405.0,101.2,555.0,420.0,600.0,32.0,32.0,53.0,3.0,23.4,16.9,13.0,3.2,51.5,0.0,33,Yes,No,No,No,No,Yes,No,9.0,12.2,1,0,0,0,0,0,0,0,0,43,0,0,0,0,0,0,0,0,0,0,0,0,0,0,0,0,0,0,0,0,6277,1915,1749,92,2.5,232.6,257.7,223.8,41.0,59.4,34.3,3.0,8.6,1.9,1.8,1.8,1.8,4.30,4.70,3.81,1.19,18.49,29.17,1.26,0.01,4.20,0.10,9.17,0,0,0.0,0.0,63,96,1.6,80.7,0,
4.7.2026,1:5:43.230,15981,30013,34.7,11185,21496,34.2,0.0,13312,0,1.267,1.337,1.337,1.337,1.337,1.337,1.337,1.056,1.056,3855.5,4117.6,3593.5,3593.5,3593.5,3593.5,4117.6,4117.6,4117.6,99.8,663.1,2422.8,843.0,1287.5,842.8,741.4,542.4,539.5,489.5,229.3,226.2,462.4,446.5,338.0,281.7,437.8,479.6,663.1,14.2,30.7,20.3,31.0,20.1,17.8,13.0,13.0,11.7,5.6,5.6,11.2,10.8,7.9,6.8,10.5,11.6,31.0,14.2,15.9,34.6,22.9,35.1,22.7,20.0,14.6,14.6,13.1,6.1,6.1,12.4,12.0,8.8,7.5,11.7,12.8,15.9,38.6,41.2,36.0,36.0,36.0,36.0,41.2,41.2,41.2,0.0,48.7,59.2,60.7,52.7,50.1,37.8,45.1,41.4,42.3,51.3,40.8,39.3,47.3,49.9,62.2,54.9,58.6,57.7,0.0,0.0,0.0,0.0,0.0,0.0,0.0,0.0,0.0,1197.8,12.00,16,16,16,39,55,661,1,63.1,58.1,60.8,55.7,57.1,57.0,56.2,55.5,54.6,55.2,54.5,55.2,53.6,53.7,53.4,48.5,44.7,1.337,1.031,1.337,7.316,10.101,7.317,43.126,28.921,2.344,3.145,3.201,2.458,2.227,1.656,2.081,1.833,2.155,9.698,10.384,20.081,29.005,1197.8,1197.8,4078.6,4095.7,4061.5,4399.9,33.0,12.2,47.9,61.2,51.5,No,No,No,0.772,0.135,3.9,44,95.0,100.0,No,No,90859,98745,31,99.0,No,No,3320,0.0,0.1,0.1,0.000,0.058,12390,10244,0.0,0.0,0.0,0.000,0.000,50,0,35.8,48.3,83.0,0.669,12.125,12.163,12.144,12.067,1131,21.246,7.901,10.183,1.460,19.308,13.636,5.657,0.336,10.183,10.930,1.305,6.010,220.000,240.000,450.0,202.5,555.0,438.4,600.0,21.0,17.0,49.0,2.0,23.3,15.0,9.3,3.1,47.5,0.0,33,Yes,No,No,No,No,Yes,No,9.6,12.9,2,0,0,0,0,0,0,0,0,44,0,0,0,0,0,0,0,0,0,0,0,0,0,0,0,0,0,0,0,0,6281,1911,1745,92,5.0,239.7,255.2,222.1,216.4,218.5,216.1,2.5,12.3,1.4,1.4,1.4,1.4,4.17,4.59,3.87,3.85,4.63,4.65,0.86,0.03,4.09,0.08,5.95,0,0,0.0,0.0,63,96,6.5,86.3,0,
4.7.2026,1:5:45.238,15983,30010,34.7,11190,21492,34.2,0.0,13312,0,1.323,1.312,1.325,1.325,1.325,1.325,1.325,1.325,1.325,4052.1,3593.5,4117.6,4117.6,4117.6,4117.6,4117.6,4117.6,4117.6,99.8,570.9,2358.0,768.6,1005.2,731.3,650.7,418.1,407.2,427.7,157.3,155.9,409.6,288.5,241.9,223.7,409.2,481.3,570.9,12.0,28.5,18.0,24.0,17.7,15.7,10.1,9.9,10.3,3.3,4.0,10.1,7.1,5.7,5.5,10.0,11.8,28.5,12.0,13.3,32.0,20.9,26.9,19.6,17.4,11.2,10.9,11.4,4.2,4.1,10.9,7.6,6.1,5.9,10.9,12.9,13.3,40.6,36.0,41.2,41.2,41.2,41.2,41.2,41.2,41.2,0.0,46.0,57.7,55.3,49.7,47.5,35.5,42.1,39.0,41.6,54.0,42.3,44.7,50.3,52.5,64.5,57.9,61.0,58.4,0.0,0.0,0.0,0.0,0.0,0.0,0.0,0.0,0.0,1197.8,12.00,16,16,16,39,55,661,1,61.1,58.1,58.8,55.5,57.1,56.6,56.0,55.2,54.6,55.1,54.4,55.3,53.7,53.8,53.5,48.2,44.7,1.337,1.025,1.337,6.751,9.780,6.751,40.810,27.886,2.215,3.093,2.944,2.294,2.065,1.556,1.912,1.712,2.141,8.945,10.054,18.999,27.912,1197.8,1197.8,4081.3,4096.2,4066.4,4400.0,31.7,11.3,45.3,61.2,50.3,No,No,No,0.712,0.136,3.7,44,95.0,100.0,No,No,90859,98745,31,99.0,No,No,3320,0.0,0.2,0.2,0.000,0.018,12390,10244,0.0,0.0,0.0,0.000,0.000,50,0,35.7,48.0,83.0,0.669,12.129,12.169,12.147,12.072,1129,20.091,7.642,10.059,1.606,18.196,12.603,5.588,0.336,10.059,10.089,1.474,6.407,220.000,240.000,495.0,202.5,555.0,349.3,600.0,48.0,39.0,57.0,2.0,23.7,17.8,15.2,3.2,52.7,0.0,33,Yes,No,No,No,No,Yes,No,9.2,12.3,2,0,0,0,0,0,0,0,0,45,0,0,0,0,0,0,0,0,0,0,0,0,0,0,0,0,0,0,0,0,6249,1943,1777,93,5.0,240.0,254.0,224.7,223.5,223.4,223.4,12.0,12.0,12.0,12.0,12.0,12.0,4.17,5.33,2.91,2.55,5.66,5.66,1.40,0.01,4.03,0.14,8.40,0,0,0.0,0.0,63,97,15.6,85.2,0,
4.7.2026,1:5:47.237,15976,30017,34.7,11185,21496,34.2,0.0,13312,0,1.338,1.319,1.344,1.344,1.344,1.337,1.337,1.337,1.337,4114.5,4117.6,4117.6,4117.6,4092.6,4117.6,4117.6,4117.6,4117.6,99.8,566.3,2404.6,717.4,918.8,753.3,650.2,427.9,409.5,410.4,155.8,148.2,381.8,279.2,237.2,193.8,516.2,456.9,566.3,11.4,29.5,17.4,21.5,17.3,14.9,9.6,9.2,9.2,4.0,3.0,8.7,6.2,4.9,4.1,11.9,10.5,29.5,11.4,13.2,33.9,19.5,24.8,20.0,17.4,11.4,11.0,10.9,4.1,3.9,10.2,7.4,6.0,5.1,13.9,12.2,13.2,41.2,41.2,41.2,41.2,41.0,41.2,41.2,41.2,41.2,0.0,45.9,58.7,54.2,50.4,47.7,34.5,41.2,38.1,41.9,54.1,41.3,45.8,49.6,52.3,65.5,58.8,61.9,58.1,0.0,0.0,0.0,0.0,0.0,0.0,0.0,0.0,0.0,1197.8,12.00,16,16,16,39,55,661,1,67.5,58.4,59.2,55.5,57.4,56.5,56.0,55.0,54.4,54.9,54.2,55.3,53.5,53.7,53.4,48.5,44.5,1.344,1.025,1.344,6.884,9.898,6.886,40.705,28.186,2.227,3.206,2.901,2.329,2.038,1.538,1.903,1.676,2.227,9.133,10.174,19.308,28.231,1197.8,1197.8,4083.0,4099.1,4066.9,4399.5,32.1,11.5,45.2,61.4,51.0,No,No,No,0.784,0.130,3.7,43,95.0,100.0,No,No,90859,98745,31,99.0,No,No,3320,0.0,0.4,0.4,0.000,0.052,12390,10244,0.0,0.0,0.0,0.000,0.000,50,0,35.7,47.8,83.0,0.669,12.129,12.168,12.147,12.072,1129,21.286,7.488,9.850,1.606,17.844,12.362,5.472,0.336,9.850,9.949,1.308,6.299,220.000,240.000,345.0,101.2,555.0,495.0,600.0,36.0,33.0,55.0,3.0,23.7,14.5,7.9,2.8,47.1,0.0,33,Yes,No,No,No,No,Yes,No,9.0,11.8,2,0,0,0,0,0,0,0,0,47,0,0,0,0,0,0,0,0,0,0,0,0,0,0,0,0,0,0,0,0,6249,1943,1777,93,2.5,241.4,252.3,228.2,228.0,228.0,228.0,0.0,0.0,0.0,0.0,0.0,0.0,4.14,4.41,3.92,3.92,4.41,4.41,0.66,0.01,4.06,0.08,0.00,0,0,0.0,0.0,63,97,16.4,74.2,0,
4.7.2026,1:5:49.237,15977,30017,34.7,11186,21495,34.2,0.0,13312,0,1.310,1.312,1.319,1.319,1.306,1.306,1.306,1.306,1.306,3911.7,4117.6,3294.1,4117.6,4117.6,4117.6,3294.1,4117.6,4117.6,99.8,602.4,2328.2,708.9,1051.0,787.1,684.9,456.5,447.5,423.6,186.4,162.1,422.5,279.0,380.2,226.6,436.9,657.4,602.4,12.8,29.6,17.0,25.2,18.7,16.4,10.8,10.7,10.1,4.5,3.9,10.2,6.7,8.9,5.3,10.4,16.0,29.6,12.8,14.3,33.4,19.2,28.5,21.1,18.4,12.2,12.0,11.3,4.9,4.3,11.3,7.3,9.9,5.9,11.6,17.8,14.3,39.2,41.2,33.0,41.2,41.2,41.2,33.0,41.2,41.2,0.0,47.2,57.0,57.6,50.6,48.1,36.4,42.4,41.5,43.8,52.8,43.0,42.4,49.4,51.9,63.6,57.6,58.5,56.2,0.0,0.0,0.0,0.0,0.0,0.0,0.0,0.0,0.0,1197.8,12.00,16,16,16,39,55,661,1,64.8,58.2,59.2,55.6,57.0,56.6,56.0,55.2,54.6,55.0,54.5,55.5,53.6,53.7,53.5,48.5,44.7,1.325,1.025,1.319,7.051,10.018,7.053,41.749,28.495,2.265,3.095,2.927,2.369,2.089,1.609,1.928,1.810,2.296,9.340,10.295,19.635,28.557,1197.8,1197.8,4077.8,4092.9,4062.6,4400.0,32.5,11.8,46.4,61.3,51.3,No,No,No,0.755,0.137,3.8,44,95.0,100.0,No,No,90859,98745,31,99.0,No,No,3320,0.0,0.3,0.3,0.000,0.028,12390,10244,0.0,0.0,0.0,0.000,0.000,50,0,35.7,48.2,83.0,0.669,12.122,12.160,12.141,12.066,1131,19.982,7.855,9.810,1.544,19.231,13.767,5.450,0.336,9.810,11.308,1.309,5.989,220.000,240.000,450.0,202.5,555.0,331.6,600.0,21.0,17.0,49.0,2.0,23.7,16.2,11.8,3.2,49.9,0.0,33,Yes,No,No,No,No,Yes,No,9.6,12.4,2,0,0,0,0,0,0,0,0,48,0,0,0,0,0,0,0,0,0,0,0,0,0,0,0,0,0,0,0,0,6249,1943,1777,93,5.0,239.1,248.7,226.4,226.1,226.0,226.0,0.0,0.0,0.0,0.0,0.0,0.0,4.19,4.47,4.01,4.01,4.48,4.48,1.14,0.01,4.11,0.08,0.00,0,0,0.0,0.0,63,97,3.9,93.5,0,
4.7.2026,1:5:51.232,15973,30021,34.7,11180,21501,34.2,0.0,13312,0,1.334,1.356,1.331,1.331,1.331,1.331,1.331,1.331,1.331,4117.6,4117.6,4117.6,4117.6,4117.6,4117.6,4117.6,4117.6,4117.6,99.8,603.3,2341.8,1016.9,1128.3,725.8,517.4,578.1,350.3,537.4,245.4,181.5,351.9,343.6,233.9,223.4,385.3,491.2,603.3,12.3,23.6,24.5,27.0,17.2,12.2,13.8,8.2,12.8,5.9,4.3,8.4,8.2,5.3,5.3,9.1,11.8,27.0,12.3,13.9,26.7,27.7,30.7,19.4,13.8,15.5,9.3,14.4,6.6,4.8,9.3,9.1,5.9,5.9,10.2,13.1,13.9,41.2,41.2,41.2,41.2,41.2,41.2,41.2,41.2,41.2,0.0,46.7,57.2,59.0,50.6,48.3,36.6,42.0,38.4,41.3,53.3,42.8,41.0,49.4,51.7,63.4,58.0,61.6,58.7,0.0,0.0,0.0,0.0,0.0,0.0,0.0,0.0,0.0,1197.8,12.00,16,16,16,39,55,661,1,62.4,58.2,69.2,55.4,56.9,56.6,56.0,55.1,54.7,54.9,54.2,55.1,53.4,53.6,53.3,46.8,44.3,1.325,1.031,1.337,7.051,9.674,7.038,41.504,28.083,2.274,3.118,3.045,2.366,2.098,1.724,1.971,1.700,2.169,9.364,9.946,19.310,28.208,1197.8,1197.8,4087.8,4102.0,4073.6,4400.0,32.1,11.7,46.1,61.2,51.3,No,No,No,0.715,0.135,3.7,43,95.0,100.0,No,No,90859,98745,31,99.0,No,No,3320,0.0,0.2,0.2,0.000,0.006,12390,10244,0.0,0.0,0.0,0.000,0.000,50,0,35.6,47.8,83.0,0.669,12.127,12.165,12.146,12.071,1131,20.296,7.498,9.880,1.557,17.818,12.324,5.489,0.336,9.880,9.847,1.571,6.275,220.000,240.000,315.0,101.2,555.0,450.0,600.0,37.0,33.0,55.0,3.0,23.7,15.6,10.2,2.9,49.2,0.0,33,Yes,No,No,No,No,Yes,No,9.0,11.5,2,0,0,0,0,0,0,0,0,49,0,0,0,0,0,0,0,0,0,0,0,0,0,0,0,0,0,0,0,0,6249,1943,1777,93,2.5,239.8,262.1,215.9,195.1,203.6,192.9,3.3,9.8,2.4,2.4,2.4,2.4,4.17,5.00,3.09,0.97,6.47,8.99,1.24,0.01,4.06,0.11,4.11,0,0,0.0,0.0,63,97,4.0,82.7,0,
4.7.2026,1:5:53.233,15985,30008,34.7,11183,21499,34.2,0.0,13312,0,1.318,1.312,1.319,1.319,1.319,1.319,1.319,1.319,1.319,4117.6,4117.6,4117.6,4117.6,4117.6,4117.6,4117.6,4117.6,4117.6,99.8,629.2,2349.9,951.2,1216.9,814.0,528.8,639.8,420.8,525.6,195.7,184.5,370.5,324.2,272.3,273.4,427.0,572.6,629.2,13.3,24.3,23.2,29.5,19.5,12.7,15.6,10.3,12.8,5.0,4.7,9.2,8.1,6.5,6.8,10.5,14.1,29.5,13.3,14.6,27.2,25.9,33.2,21.8,14.1,17.3,11.2,14.1,5.2,4.9,9.8,8.6,6.9,7.3,11.3,15.4,14.6,41.2,41.2,41.2,41.2,41.2,41.2,41.2,41.2,41.2,0.0,47.5,57.5,59.7,51.0,49.0,36.7,42.7,40.6,43.1,52.5,42.5,40.3,49.0,51.0,63.3,57.3,59.4,56.9,0.0,0.0,0.0,0.0,0.0,0.0,0.0,0.0,0.0,1197.8,12.00,16,16,16,39,55,661,1,68.9,58.9,59.8,55.8,57.2,57.5,56.1,55.5,54.6,55.2,54.7,55.6,53.6,53.7,53.5,47.0,44.6,1.319,1.031,1.331,7.324,10.185,7.333,42.107,29.099,2.341,3.114,3.320,2.402,2.189,1.607,1.944,1.852,2.301,9.716,10.469,20.184,29.118,1197.8,1197.8,4078.1,4095.7,4060.4,4398.3,33.1,12.2,46.8,62.0,51.7,No,No,No,0.793,0.136,3.8,44,95.0,100.0,No,No,90859,98745,31,99.0,No,No,3320,0.0,0.4,0.4,0.000,0.093,12390,10244,0.0,0.0,0.0,0.000,0.000,50,0,35.7,48.0,83.0,0.669,12.127,12.167,12.146,12.069,1132,21.364,7.990,10.186,1.582,19.457,13.795,5.659,0.336,10.186,11.204,1.505,5.989,220.000,240.000,450.0,202.5,555.0,373.9,600.0,21.0,17.0,49.0,2.0,23.7,15.4,9.9,3.0,48.7,0.0,33,Yes,No,No,No,No,Yes,No,9.7,12.6,2,0,0,0,0,0,0,0,0,50,0,0,0,0,0,0,0,0,0,0,0,0,0,0,0,0,0,0,0,0,6249,1943,1777,93,5.0,239.8,259.8,219.6,217.6,218.4,217.3,3.6,15.0,2.0,2.0,2.0,2.0,4.17,4.57,3.82,3.79,4.62,4.64,0.93,0.01,4.09,0.08,3.37,0,0,0.0,0.0,63,97,9.5,88.7,0,
4.7.2026,1:5:55.229,16029,29964,34.8,11209,21472,34.2,0.0,13312,0,1.322,1.319,1.325,1.325,1.325,1.325,1.319,1.319,1.319,4114.5,4117.6,4117.6,4117.6,4117.6,4092.6,4117.6,4117.6,4117.6,99.8,634.5,2369.5,947.9,1173.2,781.6,543.9,626.5,378.6,540.0,138.9,154.9,394.3,324.1,277.7,238.8,589.7,672.9,634.5,13.1,23.2,22.9,28.2,18.6,12.9,15.1,9.1,12.9,3.5,3.9,9.6,7.9,6.5,5.8,14.2,16.3,28.2,13.1,14.7,26.2,25.8,31.9,20.8,14.5,16.9,10.1,14.5,3.7,4.1,10.5,8.6,7.1,6.3,15.9,18.2,14.7,41.2,41.2,41.2,41.2,41.2,41.0,41.2,41.2,41.2,0.0,48.4,57.8,59.5,52.4,50.0,36.4,43.8,40.7,46.3,51.6,42.2,40.5,47.6,50.0,63.6,56.2,59.3,53.7,0.0,0.0,0.0,0.0,0.0,0.0,0.0,0.0,0.0,1197.8,12.00,16,16,16,39,55,661,1,66.0,58.9,60.5,55.6,56.9,57.0,56.0,55.3,54.3,55.1,54.3,56.1,53.5,53.6,53.4,48.2,44.6,1.344,1.025,1.337,7.468,9.651,7.469,43.107,28.732,2.357,3.064,3.217,2.434,2.193,1.565,2.001,1.776,2.607,9.941,9.924,19.865,28.787,1197.8,1197.8,4090.9,4105.9,4075.9,4400.0,32.7,12.4,47.9,62.0,52.5,No,No,No,0.784,0.137,3.9,44,95.0,100.0,No,No,90859,98745,31,99.0,No,No,3320,0.0,0.3,0.3,0.000,0.030,12390,10244,0.0,0.0,0.0,0.000,0.000,50,0,35.5,47.7,83.0,0.669,12.127,12.165,12.146,12.070,1129,19.967,7.502,9.996,1.618,17.866,12.300,5.553,0.336,9.996,9.829,1.314,6.215,220.000,240.000,405.0,101.2,555.0,389.3,600.0,35.0,34.0,55.0,3.0,23.6,16.9,13.5,3.1,51.0,0.0,33,Yes,No,No,No,No,Yes,No,9.0,11.4,2,0,0,0,0,0,0,0,0,51,0,0,0,0,0,0,0,0,0,0,0,0,0,0,0,0,0,0,0,0,6259,1933,1767,94,2.5,239.8,259.9,221.4,219.6,220.2,219.2,0.0,0.0,0.0,0.0,0.0,0.0,4.18,4.64,3.78,3.54,4.69,4.73,1.21,0.01,4.09,0.08,0.00,0,0,0.0,0.0,63,97,1.5,81.3,0,
4.7.2026,1:5:57.232,16004,29990,34.7,11199,21482,34.2,0.0,13312,0,1.317,1.325,1.312,1.312,1.312,1.312,1.312,1.325,1.325,4014.6,4117.6,4117.6,4117.6,4117.6,3294.1,4117.6,4117.6,4117.6,99.8,621.7,2444.1,1013.5,1104.6,762.4,547.2,679.5,401.6,503.6,180.0,178.4,400.0,325.1,233.9,229.6,405.8,538.4,621.7,12.6,25.3,24.4,26.3,17.8,12.7,16.1,9.3,11.8,4.1,4.1,9.3,7.6,5.1,5.2,9.4,12.7,26.3,12.6,14.3,28.8,27.6,30.0,20.3,14.5,18.3,10.7,13.4,4.8,4.7,10.6,8.6,5.9,6.0,10.8,14.5,14.3,40.2,41.2,41.2,41.2,41.2,33.0,41.2,41.2,41.2,0.0,48.4,59.8,59.2,53.1,50.0,37.2,43.6,40.9,43.2,51.6,40.2,40.8,46.9,50.0,62.8,56.4,59.1,56.8,0.0,0.0,0.0,0.0,0.0,0.0,0.0,0.0,0.0,1197.8,12.00,16,16,16,39,55,661,1,63.2,58.4,60.2,55.5,57.3,56.8,56.1,55.1,54.4,54.8,54.2,55.0,53.4,53.6,53.3,48.2,44.5,1.331,1.031,1.331,7.182,10.148,7.183,42.801,28.797,2.284,3.232,3.132,2.457,2.121,1.575,1.941,1.706,2.109,9.507,10.430,19.937,28.861,1197.8,1197.8,4079.2,4093.2,4065.2,4399.6,32.8,12.0,47.6,61.5,51.8,No,No,No,0.789,0.136,3.9,43,95.0,100.0,No,No,90859,98745,31,99.0,No,No,3320,0.0,0.6,0.6,0.000,0.102,12390,10244,0.0,0.0,0.0,0.000,0.000,50,0,35.6,48.0,83.0,0.669,12.124,12.162,12.143,12.066,1128,21.401,7.927,10.161,1.532,19.343,13.695,5.645,0.336,10.161,11.067,1.380,5.948,220.000,240.000,450.0,202.5,555.0,429.5,600.0,22.0,17.0,49.0,2.0,23.6,15.3,9.4,3.2,48.6,0.0,33,Yes,No,No,No,No,Yes,No,9.7,12.6,2,0,0,0,0,0,0,0,0,52,0,0,0,0,0,0,0,0,0,0,0,0,0,0,0,0,0,0,0,0,6259,1933,1767,93,5.0,239.7,270.2,214.7,201.6,205.8,200.0,1.8,1.8,1.8,1.8,1.8,1.8,4.17,4.65,3.65,3.31,4.85,5.03,0.91,0.01,4.08,0.09,6.90,0,0,0.0,0.0,63,98,1.5,86.2,0,
4.7.2026,1:5:59.235,16004,29990,34.7,11202,21479,34.2,0.0,13312,0,1.322,1.325,1.312,1.312,1.325,1.325,1.325,1.325,1.325,3544.2,4117.6,3274.1,3294.1,3294.1,3593.5,3593.5,3593.5,3593.5,99.8,641.0,2515.8,965.5,1264.1,727.9,552.5,685.7,427.3,518.9,148.9,152.1,381.8,317.0,230.6,192.2,587.8,587.3,641.0,13.3,26.6,23.3,30.4,17.3,13.1,16.5,10.2,12.4,3.7,3.7,9.2,7.7,5.3,4.7,14.2,14.2,30.4,13.3,14.9,30.1,26.3,34.4,19.3,14.7,18.5,11.4,13.9,4.0,4.0,10.1,8.4,5.8,5.1,15.9,15.9,14.9,35.5,41.2,32.8,33.0,33.0,36.0,36.0,36.0,36.0,0.0,49.4,61.4,61.3,54.1,51.6,36.3,44.4,40.3,45.9,50.6,38.6,38.7,45.9,48.4,63.7,55.6,59.7,54.1,0.0,0.0,0.0,0.0,0.0,0.0,0.0,0.0,0.0,1197.8,12.00,16,16,16,39,55,661,1,61.2,58.8,61.0,55.6,57.2,57.2,56.1,55.4,54.4,55.1,54.1,55.6,53.5,53.6,53.4,47.2,44.2,1.337,1.019,1.331,7.426,9.918,7.425,44.017,28.928,2.371,3.261,3.356,2.489,2.236,1.557,1.997,1.694,2.376,9.876,10.196,20.072,28.996,1197.8,1197.8,4091.3,4105.9,4076.7,4400.0,33.0,12.4,48.9,61.9,51.8,No,No,No,0.846,0.135,4.0,44,95.0,100.0,No,No,90859,98745,31,99.0,No,No,3320,0.0,0.3,0.3,0.000,0.018,12390,10244,0.0,0.0,0.0,0.000,0.000,50,0,35.5,47.8,83.0,0.669,12.124,12.162,12.143,12.067,1131,20.179,7.939,10.095,1.581,19.393,13.781,5.608,0.336,10.095,11.231,1.304,5.964,220.000,240.000,435.0,202.5,555.0,338.7,600.0,23.0,18.0,49.0,2.0,23.6,16.5,12.7,3.0,50.3,0.0,33,Yes,No,No,No,No,Yes,No,9.7,12.5,2,0,0,0,0,0,0,0,0,54,0,0,0,0,0,0,0,0,0,0,0,0,0,0,0,0,0,0,0,0,6263,1929,1763,93,5.0,239.7,270.2,214.7,201.6,205.8,200.0,1.8,1.8,1.8,1.8,1.8,1.8,4.17,4.65,3.65,3.31,4.85,5.03,0.91,0.01,4.08,0.09,6.90,0,0,0.0,0.0,63,98,2.4,92.3,0,
4.7.2026,1:6:1.231,16003,29991,34.7,11204,21478,34.2,0.0,13312,0,1.326,1.331,1.325,1.325,1.325,1.325,1.325,1.325,1.325,4117.6,4117.6,4117.6,4117.6,4117.6,4117.6,4117.6,4117.6,4117.6,99.8,583.7,2351.9,947.2,1108.9,733.3,571.3,587.0,338.6,460.9,125.1,165.5,302.1,318.0,210.6,202.6,495.6,420.5,583.7,11.6,21.9,22.7,26.4,17.1,13.3,13.9,7.7,10.7,2.8,3.8,7.0,7.5,4.6,4.6,11.7,9.9,26.4,11.6,13.2,25.0,25.8,30.1,19.5,15.2,15.8,8.9,12.3,3.3,4.4,8.0,8.4,5.3,5.3,13.3,11.2,13.2,41.2,41.2,41.2,41.2,41.2,41.2,41.2,41.2,41.2,0.0,46.8,57.5,58.5,52.3,48.4,35.0,41.9,39.3,41.7,53.2,42.5,41.5,47.7,51.6,65.0,58.1,60.7,58.3,0.0,0.0,0.0,0.0,0.0,0.0,0.0,0.0,0.0,1197.8,12.00,16,16,16,39,55,661,1,59.5,57.7,60.0,55.2,56.5,56.4,55.8,54.9,54.2,54.7,54.0,55.0,53.3,53.5,53.2,46.8,44.3,1.331,1.038,1.331,6.882,9.789,6.882,41.489,28.019,2.212,2.957,3.046,2.402,2.050,1.519,1.869,1.674,2.177,9.111,10.061,19.172,28.085,1197.8,1197.8,4082.9,4096.4,4069.4,4400.0,31.9,11.5,46.1,60.7,51.3,No,No,No,0.710,0.135,3.7,44,95.0,100.0,No,No,90859,98745,31,99.0,No,No,3320,0.0,0.6,0.6,0.000,0.057,12390,10244,0.0,0.0,0.0,0.000,0.000,50,0,35.3,47.6,83.0,0.669,12.123,12.159,12.142,12.068,1131,20.737,7.432,9.778,1.483,17.776,12.333,5.432,0.336,9.778,9.824,1.421,6.161,220.000,240.000,315.0,101.2,555.0,435.0,600.0,37.0,34.0,57.0,3.0,23.4,14.8,8.6,2.8,47.7,0.0,33,Yes,No,No,No,No,Yes,No,9.0,11.4,2,0,0,0,0,0,0,0,0,55,0,0,0,0,0,0,0,0,0,0,0,0,0,0,0,0,0,0,0,0,6274,1918,1752,92,2.5,239.7,268.4,216.4,181.0,192.4,174.3,0.0,0.0,0.0,0.0,0.0,0.0,4.16,4.71,2.24,0.54,7.81,9.41,1.25,0.05,4.04,0.11,0.00,0,0,0.0,0.0,63,98,1.4,82.8,0,
4.7.2026,1:6:3.230,15991,30003,34.7,11202,21479,34.2,0.0,13312,0,1.326,1.331,1.325,1.325,1.325,1.325,1.325,1.325,1.325,4117.6,4117.6,4117.6,4117.6,4117.6,4117.6,4117.6,4117.6,4117.6,99.8,681.1,2498.1,1100.3,1151.4,973.4,589.2,701.3,468.2,553.2,196.7,215.3,433.7,391.6,322.0,254.5,595.0,453.7,681.1,14.4,26.0,26.7,27.8,23.4,14.2,17.0,11.3,13.5,5.0,5.5,10.7,9.6,7.7,6.3,14.6,11.2,27.8,14.4,16.0,29.3,30.0,31.3,26.2,15.7,19.0,12.5,14.8,5.3,5.8,11.6,10.5,8.3,6.8,16.1,12.1,16.0,41.2,41.2,41.2,41.2,41.2,41.2,41.2,41.2,41.2,0.0,49.5,61.0,61.6,53.7,51.7,37.6,44.7,41.4,44.3,50.5,39.0,38.4,46.3,48.3,62.4,55.3,58.6,55.7,0.0,0.0,0.0,0.0,0.0,0.0,0.0,0.0,0.0,1197.8,12.00,16,16,16,39,55,661,1,66.6,58.9,59.0,55.8,57.2,57.8,56.2,55.6,54.5,55.1,54.4,55.3,53.5,53.6,53.3,46.8,44.6,1.331,1.025,1.331,7.629,9.827,7.627,44.034,29.072,2.395,3.217,3.424,2.503,2.235,1.633,2.045,1.818,2.283,10.127,10.106,20.233,29.156,1197.8,1197.8,4087.3,4103.8,4070.8,4399.3,33.1,12.7,48.9,62.0,52.6,No,No,No,0.857,0.138,4.0,44,95.0,100.0,No,No,90859,98745,31,99.0,No,No,3320,0.0,0.3,0.3,0.000,0.044,12390,10244,0.0,0.0,0.0,0.000,0.000,50,0,35.4,47.6,83.0,0.669,12.124,12.160,12.144,12.068,1128,19.819,7.838,10.303,1.727,18.726,12.997,5.724,0.336,10.303,10.504,1.641,6.124,220.000,240.000,375.0,101.2,555.0,315.0,600.0,37.0,34.0,55.0,4.0,23.4,17.5,14.9,3.3,51.9,0.0,33,Yes,No,No,No,No,Yes,No,9.5,11.4,2,0,0,0,0,0,0,0,0,55,0,0,0,0,0,0,0,0,0,0,0,0,0,0,0,0,0,0,0,0,6275,1917,1751,92,2.5,239.7,268.4,216.4,181.0,192.4,174.3,0.0,0.0,0.0,0.0,0.0,0.0,4.16,4.71,2.24,0.54,7.81,9.41,1.25,0.05,4.04,0.11,0.00,0,0,0.0,0.0,63,98,1.4,86.3,0,
4.7.2026,1:6:5.234,15990,30004,34.7,11205,21476,34.2,0.0,13312,0,1.317,1.312,1.319,1.319,1.319,1.319,1.319,1.319,1.312,4114.5,4117.6,4117.6,4117.6,4117.6,4117.6,4117.6,4092.6,4117.6,99.8,578.6,2378.3,905.3,1021.0,739.8,518.0,540.3,343.6,492.2,134.1,144.7,356.9,345.9,206.1,194.8,507.4,429.8,578.6,11.6,23.9,21.6,24.1,17.3,12.1,12.7,7.9,11.5,3.1,3.3,8.3,8.2,4.5,4.4,12.1,10.2,24.1,11.6,13.2,27.3,24.6,27.3,19.7,13.7,14.4,9.0,13.1,3.5,3.8,9.4,9.2,5.1,5.0,13.7,11.5,13.2,41.2,41.2,41.2,41.2,41.2,41.2,41.2,41.0,41.2,0.0,46.7,58.1,56.8,50.9,49.0,34.7,42.6,39.2,42.3,53.3,41.9,43.2,49.1,51.0,65.3,57.4,60.8,57.7,0.0,0.0,0.0,0.0,0.0,0.0,0.0,0.0,0.0,1197.8,12.00,16,16,16,39,55,661,1,63.9,57.6,60.0,55.1,56.6,56.1,55.5,54.9,54.1,54.7,53.9,55.1,53.3,53.4,53.1,48.8,44.7,1.331,1.025,1.331,6.935,9.954,6.937,41.473,28.297,2.218,3.076,2.924,2.303,2.110,1.511,1.938,1.660,2.218,9.194,10.231,19.425,28.343,1197.8,1197.8,4087.3,4099.5,4075.1,4400.0,32.2,11.6,46.1,60.7,51.6,No,No,No,0.726,0.134,3.7,43,95.0,100.0,No,No,90859,98745,31,99.0,No,No,3320,0.0,0.5,0.5,0.016,0.048,12390,10245,0.0,0.0,0.0,0.000,0.000,50,0,35.4,47.5,83.0,0.669,12.125,12.162,12.145,12.069,1131,21.440,7.619,9.997,1.593,18.217,12.649,5.554,0.336,9.997,10.157,1.594,6.094,220.000,240.000,315.0,101.2,555.0,431.6,600.0,25.0,19.0,49.0,3.0,23.4,14.5,8.1,2.8,47.0,0.0,33,Yes,No,No,No,No,Yes,No,9.2,11.2,2,0,0,0,0,0,0,0,0,57,0,0,0,0,0,0,0,0,0,0,0,0,0,0,0,0,0,0,0,0,6275,1917,1751,92,2.5,238.9,247.1,227.5,227.4,227.3,227.3,0.0,0.0,0.0,0.0,0.0,0.0,4.19,4.41,4.06,4.06,4.41,4.41,0.78,0.01,4.10,0.09,0.00,0,0,0.0,0.0,63,98,1.4,83.6,0,
4.7.2026,1:6:7.225,16007,29987,34.8,11205,21477,34.2,0.0,13312,0,1.323,1.312,1.325,1.325,1.325,1.325,1.325,1.325,1.325,4117.6,4117.6,4117.6,4117.6,4117.6,4117.6,4117.6,4117.6,4117.6,99.8,662.9,2380.8,960.1,1022.9,842.9,526.7,623.6,425.2,473.3,169.5,274.9,456.8,429.0,264.7,306.3,717.6,732.0,662.9,13.9,23.7,23.2,24.8,20.0,12.5,15.1,10.2,11.4,4.2,6.8,11.2,10.4,6.2,7.5,17.3,17.7,24.8,13.9,15.5,26.7,26.1,28.0,22.5,14.0,16.9,11.4,12.6,4.5,7.4,12.4,11.5,6.8,8.3,19.4,19.8,15.5,41.2,41.2,41.2,41.2,41.2,41.2,41.2,41.2,41.2,0.0,49.2,58.2,58.9,52.3,49.7,38.0,45.6,41.5,49.5,50.8,41.8,41.1,47.7,50.3,62.0,54.4,58.5,50.5,0.0,0.0,0.0,0.0,0.0,0.0,0.0,0.0,0.0,1197.8,12.00,16,16,16,39,55,661,1,71.2,61.3,60.0,56.4,57.2,57.3,56.3,55.6,55.3,56.4,55.1,58.1,53.5,53.7,53.4,48.5,44.2,1.331,1.025,1.331,8.268,9.643,8.267,43.766,29.882,2.596,3.181,3.296,2.515,2.266,1.884,2.394,2.004,3.226,11.091,9.919,21.010,29.921,1197.8,1197.8,4088.7,4098.9,4078.5,4393.8,34.0,13.8,48.6,64.5,53.2,No,No,No,0.721,0.131,3.9,44,95.0,100.0,No,No,90859,98745,31,99.0,No,No,3320,0.0,0.2,0.2,0.000,0.042,12390,10245,0.0,0.0,0.0,0.000,0.000,50,0,35.3,47.5,83.0,0.669,12.125,12.162,12.145,12.069,1131,19.815,7.802,10.406,1.727,18.630,12.841,5.781,0.336,10.406,10.295,1.502,6.099,220.000,240.000,360.0,101.2,555.0,295.6,600.0,36.0,34.0,56.0,3.0,23.6,17.4,14.1,3.2,52.1,0.0,33,Yes,No,No,No,No,Yes,No,9.4,11.6,2,0,0,0,0,0,0,0,0,57,0,0,0,0,0,0,0,0,0,0,0,0,0,0,0,0,0,0,0,0,6256,1936,1770,93,2.5,239.8,264.4,219.3,192.0,202.3,188.6,3.7,4.7,3.0,3.0,3.0,3.0,4.17,6.52,1.47,0.39,8.31,9.20,1.29,0.01,4.03,0.14,7.17,0,0,0.0,0.0,63,98,3.6,78.9,0,
4.7.2026,1:6:9.238,16009,29984,34.8,11204,21478,34.2,0.0,13312,0,1.318,1.319,1.312,1.319,1.319,1.319,1.319,1.319,1.319,4117.6,4117.6,4117.6,4117.6,4117.6,4117.6,4117.6,4117.6,4117.6,99.8,658.2,2505.1,973.3,1281.9,742.7,593.1,674.9,374.1,531.2,222.0,290.6,380.8,332.1,252.4,216.5,505.9,653.9,658.2,13.2,25.5,23.1,30.4,17.1,13.6,15.8,8.4,12.2,5.0,6.6,8.7,7.5,5.3,4.7,11.7,15.4,30.4,13.2,15.3,29.3,26.5,34.9,19.8,15.8,18.2,9.9,14.2,5.9,7.9,10.1,8.8,6.4,5.7,13.6,17.7,15.3,41.2,41.2,41.2,41.2,41.2,41.2,41.2,41.2,41.2,0.0,50.2,61.1,63.0,54.7,51.3,39.2,44.8,41.3,46.6,49.8,38.9,37.0,45.3,48.7,60.8,55.2,58.7,53.4,0.0,0.0,0.0,0.0,0.0,0.0,0.0,0.0,0.0,1197.8,12.00,16,16,16,39,55,661,1,68.2,59.1,58.8,55.8,57.4,57.5,56.3,55.3,54.7,55.2,54.4,55.7,53.6,53.7,53.4,47.8,44.7,1.325,1.031,1.331,7.560,10.155,7.558,44.784,29.337,2.392,3.205,3.324,2.529,2.159,1.756,2.009,1.755,2.397,10.063,10.439,20.502,29.429,1197.8,1197.8,4096.6,4106.7,4086.5,4399.5,33.4,12.6,49.8,62.2,52.4,No,No,No,0.852,0.136,4.0,44,95.0,100.0,No,No,90859,98745,31,99.0,No,No,3320,0.0,0.4,0.4,0.000,0.022,12390,10245,0.0,0.0,0.0,0.000,0.000,50,0,35.4,47.8,83.0,0.669,12.124,12.162,12.144,12.067,1131,21.430,7.986,10.048,1.605,19.418,13.829,5.582,0.336,10.048,11.327,1.732,5.932,220.000,240.000,450.0,202.5,555.0,424.2,600.0,21.0,17.0,49.0,2.0,23.6,15.2,9.9,2.9,48.2,0.0,33,Yes,No,No,No,No,Yes,No,9.7,12.4,2,0,0,0,0,0,0,0,0,58,0,0,0,0,0,0,0,0,0,0,0,0,0,0,0,0,0,0,0,0,6256,1936,1770,93,5.0,239.7,256.9,218.6,213.1,215.4,212.4,0.0,0.0,0.0,0.0,0.0,0.0,4.17,4.64,3.85,3.63,4.73,4.81,0.85,0.01,4.09,0.08,0.00,0,0,0.0,0.0,63,99,1.6,92.9,0,
4.7.2026,1:6:11.225,16010,29983,34.8,11205,21477,34.2,0.0,13312,0,1.320,1.288,1.325,1.325,1.325,1.325,1.325,1.325,1.325,4052.1,3593.5,4117.6,4117.6,4117.6,4117.6,4117.6,4117.6,4117.6,99.8,595.4,2366.8,941.2,1175.8,714.1,561.7,561.7,400.9,460.7,156.6,136.7,373.9,284.0,261.8,203.7,399.3,527.5,595.4,12.7,24.1,23.2,28.7,17.4,13.8,13.9,10.0,11.5,4.3,3.9,9.5,7.3,6.5,5.4,10.0,13.2,28.7,12.7,13.6,26.7,25.6,32.0,19.0,14.9,15.1,10.7,12.3,4.1,3.6,9.9,7.5,6.7,5.3,10.6,14.2,13.6,40.6,36.0,41.2,41.2,41.2,41.2,41.2,41.2,41.2,0.0,47.0,57.9,58.8,51.2,48.8,35.3,41.8,39.4,42.4,53.0,42.1,41.2,48.8,51.2,64.7,58.2,60.6,57.6,0.0,0.0,0.0,0.0,0.0,0.0,0.0,0.0,0.0,1197.8,12.00,16,16,16,39,55,661,1,65.1,57.7,58.8,55.2,56.6,56.4,55.7,55.0,54.1,54.7,54.1,55.0,53.3,53.4,53.2,47.8,44.1,1.350,1.025,1.337,6.911,9.556,6.916,41.610,27.872,2.221,2.983,3.065,2.358,2.083,1.512,1.888,1.707,2.173,9.149,9.824,18.974,27.893,1197.8,1197.8,4081.3,4096.1,4066.5,4400.0,31.7,11.5,46.2,60.8,51.3,No,No,No,0.720,0.138,3.8,43,95.0,100.0,No,No,90859,98745,31,99.0,No,No,3320,0.0,0.4,0.4,0.000,0.022,12390,10245,0.0,0.0,0.0,0.000,0.000,50,0,35.2,47.5,83.0,0.669,12.126,12.161,12.146,12.072,1127,19.762,7.539,9.960,1.471,17.976,12.434,5.533,0.336,9.960,9.830,1.701,6.188,220.000,240.000,315.0,101.2,555.0,341.5,600.0,34.0,32.0,54.0,3.0,23.6,16.5,12.4,3.0,50.6,0.0,33,Yes,No,No,No,No,Yes,No,9.0,11.3,2,0,0,0,0,0,0,0,0,59,0,0,0,0,0,0,0,0,0,0,0,0,0,0,0,0,0,0,0,0,6256,1936,1770,93,2.5,238.4,289.3,207.0,105.8,131.1,96.6,2.3,2.3,2.3,2.3,2.3,2.3,4.20,6.17,1.57,0.34,11.33,14.23,1.35,0.01,4.03,0.17,6.29,0,0,0.0,0.0,63,99,2.0,92.5,0,
4.7.2026,1:6:13.237,16015,29979,34.8,11214,21468,34.3,0.0,13312,0,1.312,1.312,1.312,1.312,1.312,1.312,1.312,1.312,1.312,4117.6,4117.6,4117.6,4117.6,4117.6,4117.6,4117.6,4117.6,4117.6,99.8,607.2,2427.6,1025.5,1164.9,767.4,521.0,607.1,382.2,470.9,154.8,209.9,375.4,296.6,266.6,201.1,390.8,453.7,607.2,11.9,23.6,24.3,27.6,17.7,11.7,14.1,8.6,10.7,3.2,4.5,8.5,6.6,5.6,4.2,8.8,10.4,27.6,11.9,13.9,27.2,28.0,31.7,20.4,13.8,16.4,10.2,12.6,4.1,5.6,10.0,7.8,6.8,5.3,10.4,12.1,13.9,41.2,41.2,41.2,41.2,41.2,41.2,41.2,41.2,41.2,0.0,46.9,59.2,58.3,51.2,48.4,36.2,41.7,39.2,41.1,53.1,40.8,41.7,48.8,51.6,63.8,58.3,60.8,58.9,0.0,0.0,0.0,0.0,0.0,0.0,0.0,0.0,0.0,1197.8,12.00,16,16,16,39,55,661,1,71.5,58.0,58.8,55.2,56.9,56.7,55.7,54.9,54.2,54.6,54.0,54.7,53.2,53.4,53.1,48.5,44.2,1.344,1.031,1.331,7.056,9.567,7.058,41.728,28.020,2.257,3.186,3.151,2.354,2.080,1.579,1.900,1.705,2.104,9.358,9.837,19.194,28.113,1197.8,1197.8,4088.0,4102.5,4073.5,4399.6,31.9,11.8,46.4,61.1,51.6,No,No,No,0.760,0.136,3.8,43,95.0,100.0,No,No,90859,98745,31,99.0,No,No,3320,0.0,0.5,0.5,0.000,0.118,12390,10245,0.0,0.0,0.0,0.000,0.000,50,0,35.2,47.3,83.0,0.669,12.125,12.161,12.144,12.069,1129,19.911,7.515,9.983,1.520,17.912,12.359,5.546,0.336,9.983,9.802,1.578,6.129,220.000,240.000,360.0,101.2,555.0,326.2,600.0,36.0,34.0,56.0,3.0,23.6,17.4,14.4,3.4,51.8,0.0,33,Yes,No,No,No,No,Yes,No,9.0,11.3,2,0,0,0,0,0,0,0,0,59,0,0,0,0,0,0,0,0,0,0,0,0,0,0,0,0,0,0,0,0,6256,1936,1770,93,2.5,239.7,262.5,216.1,178.8,192.2,174.8,2.2,2.2,2.2,2.2,2.2,2.2,4.17,5.07,2.78,0.59,7.33,9.48,1.18,0.01,4.04,0.13,4.60,0,0,0.0,0.0,63,99,2.0,93.4,0,
4.7.2026,1:6:15.234,16004,29989,34.7,11200,21482,34.2,0.0,13312,0,1.325,1.325,1.325,1.325,1.325,1.325,1.325,1.325,1.325,4117.6,4117.6,4117.6,4117.6,4117.6,4117.6,4117.6,4117.6,4117.6,99.8,587.2,2314.3,970.4,1063.6,666.1,513.5,565.4,408.3,452.6,161.2,167.2,393.4,272.2,254.1,223.5,414.2,555.6,587.2,12.4,24.3,23.6,25.8,16.0,12.5,13.8,10.1,11.0,4.2,4.4,9.8,6.8,6.1,5.6,10.1,13.6,25.8,12.4,13.5,27.2,26.3,28.9,17.7,13.7,15.2,10.9,12.0,4.3,4.4,10.5,7.2,6.4,5.9,11.0,14.9,13.5,41.2,41.2,41.2,41.2,41.2,41.2,41.2,41.2,41.2,0.0,46.0,56.7,56.0,49.7,47.5,35.5,41.1,38.7,42.4,54.0,43.3,44.0,50.3,52.5,64.5,58.9,61.3,57.6,0.0,0.0,0.0,0.0,0.0,0.0,0.0,0.0,0.0,1197.8,12.00,16,16,16,39,55,661,1,68.4,57.3,58.2,54.9,56.5,55.7,55.5,54.7,54.0,54.4,53.8,54.7,53.1,53.2,53.0,48.2,45.0,1.325,1.025,1.331,6.640,9.865,6.639,40.538,27.794,2.171,3.043,2.786,2.270,2.033,1.536,1.848,1.676,2.172,8.783,10.138,18.921,27.831,1197.8,1197.8,4068.5,4088.4,4048.6,4400.0,31.6,11.1,45.0,60.3,50.3,No,No,No,0.746,0.136,3.7,43,95.0,100.0,No,No,90859,98745,31,99.0,No,No,3320,0.0,0.3,0.3,0.000,0.014,12390,10245,0.0,0.0,0.0,0.000,0.000,50,0,35.3,47.5,83.0,0.669,12.127,12.165,12.146,12.070,1131,19.946,7.831,10.140,1.569,19.105,13.458,5.633,0.336,10.140,10.872,1.290,5.767,220.000,240.000,435.0,202.5,555.0,390.5,600.0,40.0,35.0,59.0,2.0,23.6,17.0,13.6,3.3,51.2,0.0,33,Yes,No,No,No,No,Yes,No,9.6,12.6,2,0,0,0,0,0,0,0,0,60,0,0,0,0,0,0,0,0,0,0,0,0,0,0,0,0,0,0,0,0,6256,1936,1770,93,5.0,239.7,253.8,222.0,220.0,220.5,219.6,0.0,0.0,0.0,0.0,0.0,0.0,4.17,4.55,3.91,3.84,4.57,4.58,0.81,0.01,4.10,0.08,0.00,0,0,0.0,0.0,63,99,2.0,223.7,0,
4.7.2026,1:6:17.237,15999,29994,34.7,11201,21480,34.2,0.0,13312,0,1.324,1.319,1.325,1.325,1.325,1.325,1.325,1.325,1.325,4117.6,4117.6,4117.6,4117.6,4117.6,4117.6,4117.6,4117.6,4117.6,99.8,575.2,2283.7,943.4,1105.3,666.5,544.0,541.0,375.5,421.7,141.6,140.0,365.1,263.0,233.4,202.5,413.4,563.6,575.2,11.5,21.8,22.6,26.4,15.5,12.7,12.7,8.7,9.7,3.2,3.2,8.6,6.1,5.1,4.6,9.7,13.5,26.4,11.5,13.1,24.9,25.6,30.0,17.6,14.5,14.5,10.0,11.2,3.7,3.7,9.7,6.9,5.9,5.3,11.0,15.2,13.1,41.2,41.2,41.2,41.2,41.2,41.2,41.2,41.2,41.2,0.0,45.8,55.9,55.8,50.1,47.4,34.8,41.3,38.5,42.6,54.2,44.1,44.2,49.9,52.6,65.2,58.7,61.5,57.4,0.0,0.0,0.0,0.0,0.0,0.0,0.0,0.0,0.0,1197.8,12.00,16,16,16,39,55,661,1,65.2,57.3,57.8,54.9,56.2,55.9,55.4,54.6,53.8,54.4,53.8,54.8,53.1,53.2,52.9,46.5,44.0,1.331,1.025,1.331,6.677,9.833,6.678,40.552,27.800,2.166,2.928,2.911,2.291,2.015,1.489,1.848,1.651,2.196,8.830,10.106,18.935,27.847,1197.8,1197.8,4080.3,4095.6,4064.9,4400.0,31.6,11.1,45.1,60.3,50.7,No,No,No,0.710,0.135,3.7,44,95.0,100.0,No,No,90859,98745,31,99.0,No,No,3320,0.0,0.3,0.3,0.000,0.010,12390,10245,0.0,0.0,0.0,0.000,0.000,50,0,35.2,47.5,83.0,0.669,12.127,12.165,12.146,12.071,1128,21.077,7.576,10.111,1.606,18.158,12.529,5.617,0.336,10.111,10.001,1.293,5.999,220.000,240.000,315.0,101.2,555.0,393.4,600.0,39.0,34.0,56.0,3.0,23.4,14.9,8.8,2.8,47.9,0.0,33,Yes,No,No,No,No,Yes,No,9.1,11.4,2,0,0,0,0,0,0,0,0,61,0,0,0,0,0,0,0,0,0,0,0,0,0,0,0,0,0,0,0,0,6274,1918,1751,93,2.5,239.7,253.8,222.0,220.0,220.5,219.6,0.0,0.0,0.0,0.0,0.0,0.0,4.17,4.55,3.91,3.84,4.57,4.58,0.81,0.01,4.10,0.08,0.00,0,0,0.0,0.0,63,100,1.5,84.8,0,
4.7.2026,1:6:19.225,15981,30013,34.7,11199,21483,34.2,0.0,13312,0,1.321,1.306,1.325,1.325,1.325,1.325,1.325,1.319,1.319,4117.6,4117.6,4117.6,4117.6,4117.6,4117.6,4117.6,4117.6,4117.6,99.8,639.7,2401.9,939.4,1124.8,857.6,630.6,580.9,400.7,536.6,238.5,192.7,480.6,303.9,282.9,226.1,501.9,536.0,639.7,13.6,25.6,22.8,27.3,20.6,15.3,14.2,9.8,13.1,6.1,5.0,11.9,7.6,6.9,5.7,12.3,13.2,27.3,13.6,14.9,28.6,25.5,30.6,23.0,16.9,15.6,10.7,14.4,6.4,5.1,12.9,8.1,7.2,5.9,13.4,14.4,14.9,41.2,41.2,41.2,41.2,41.2,41.2,41.2,41.2,41.2,0.0,48.1,58.7,58.7,52.2,49.4,38.1,43.7,40.4,43.9,51.9,41.3,41.3,47.8,50.6,61.9,56.3,59.6,56.1,0.0,0.0,0.0,0.0,0.0,0.0,0.0,0.0,0.0,1197.8,12.00,16,16,16,39,55,661,1,71.6,58.0,60.0,55.1,56.5,56.5,55.5,54.7,54.1,54.6,53.9,54.9,53.0,53.2,52.9,48.5,44.8,1.312,1.038,1.325,7.300,9.592,7.301,42.648,28.394,2.296,3.084,3.202,2.392,2.095,1.622,1.986,1.725,2.263,9.669,9.864,19.533,28.450,1197.8,1197.8,4080.9,4096.2,4065.6,4399.6,32.3,12.2,47.4,61.1,52.4,No,No,No,0.779,0.138,3.9,43,95.0,100.0,No,No,90859,98745,31,99.0,No,No,3320,0.0,0.6,0.6,0.000,0.028,12390,10245,0.0,0.0,0.0,0.000,0.000,50,0,35.1,47.3,83.0,0.669,12.126,12.163,12.145,12.070,1129,19.914,7.494,9.927,1.472,17.902,12.384,5.515,0.336,9.927,9.793,1.581,6.102,220.000,240.000,360.0,101.2,555.0,341.3,600.0,36.0,34.0,57.0,3.0,23.4,17.3,13.9,3.2,51.9,0.0,33,Yes,No,No,No,No,Yes,No,9.0,11.9,2,0,0,0,0,0,0,0,0,61,0,0,0,0,0,0,0,0,0,0,0,0,0,0,0,0,0,0,0,0,6275,1917,1751,93,2.5,239.7,253.8,222.0,220.0,220.5,219.6,0.0,0.0,0.0,0.0,0.0,0.0,4.17,4.55,3.91,3.84,4.57,4.58,0.81,0.01,4.10,0.08,0.00,0,0,0.0,0.0,63,100,2.1,94.6,0,
4.7.2026,1:6:21.230,16001,29992,34.7,11202,21479,34.2,0.0,13312,0,1.318,1.312,1.319,1.319,1.319,1.319,1.319,1.319,1.319,3752.6,4117.6,4117.6,4117.6,3294.1,3593.5,3593.5,3593.5,3593.5,99.8,707.0,2703.4,899.9,1347.5,786.3,878.9,574.4,594.7,529.5,238.3,212.6,548.0,417.7,344.0,265.0,518.4,453.6,707.0,15.0,36.2,21.5,32.2,18.5,20.9,13.6,14.2,12.5,5.7,5.0,13.1,9.9,7.8,6.2,12.3,10.8,36.2,15.0,16.9,41.0,24.3,36.5,20.9,23.6,15.3,15.9,14.1,6.3,5.6,14.6,11.2,8.7,6.9,13.9,12.0,16.9,37.6,41.2,41.2,41.2,33.0,36.0,36.0,36.0,36.0,0.0,54.5,66.0,65.0,60.0,57.0,42.9,51.1,47.1,47.1,45.5,34.0,35.0,40.0,43.0,57.1,48.9,52.9,52.9,0.0,0.0,0.0,0.0,0.0,0.0,0.0,0.0,0.0,1197.8,12.00,16,16,16,39,55,661,1,68.5,58.3,58.5,55.7,57.4,56.8,56.5,55.5,54.5,55.3,54.3,55.2,53.4,53.6,53.3,48.2,44.3,1.325,1.019,1.325,7.972,10.110,7.971,48.567,29.825,2.520,3.532,3.339,2.754,2.406,1.747,2.212,1.898,2.268,10.578,10.395,20.973,29.910,1197.8,1197.8,4095.2,4105.7,4084.8,4400.0,34.0,13.3,54.0,61.4,52.2,No,No,No,0.875,0.151,4.4,43,95.0,100.0,No,No,90859,98745,31,99.0,No,No,3320,0.0,0.3,0.3,0.000,0.040,12390,10245,0.0,0.0,0.0,0.000,0.000,50,0,35.4,47.5,83.0,0.669,12.125,12.164,12.144,12.067,1131,21.026,8.549,11.166,2.177,20.451,14.239,6.203,0.336,11.166,11.816,1.465,6.475,220.000,240.000,810.0,202.5,705.0,480.0,765.0,55.0,26.0,50.0,2.0,23.5,16.6,13.8,3.0,49.6,0.0,33,Yes,No,No,No,No,Yes,No,10.5,13.4,2,0,0,0,0,0,0,0,0,62,0,0,0,0,0,0,0,0,0,0,0,0,0,0,0,0,0,0,0,0,6267,1925,1759,93,5.0,40.7,259.4,2.4,1.9,1.8,1.8,0.0,0.0,0.0,0.0,0.0,0.0,24.55,411.52,3.81,3.80,554.53,554.53,0.55,0.01,24.47,0.08,0.00,0,0,0.0,0.0,63,100,1.6,99.6,0,
4.7.2026,1:6:23.233,15992,30002,34.7,11200,21482,34.2,0.0,13312,0,1.323,1.312,1.325,1.325,1.325,1.325,1.325,1.325,1.325,4117.6,4117.6,4117.6,4117.6,4117.6,4117.6,4117.6,4117.6,4117.6,99.8,727.5,2417.8,835.2,1191.2,827.1,780.8,622.2,571.2,476.6,310.6,355.0,636.7,389.9,364.1,340.0,710.7,810.7,727.5,15.5,32.2,19.7,28.3,19.3,18.3,14.4,13.3,10.9,7.1,8.2,15.0,8.9,8.2,7.7,16.7,19.2,32.2,15.5,17.9,36.7,22.6,32.4,22.3,21.1,16.8,15.5,12.8,8.4,9.6,17.2,10.5,9.6,9.1,19.2,22.0,17.9,41.2,41.2,41.2,41.2,41.2,41.2,41.2,41.2,41.2,0.0,50.1,59.2,59.3,53.4,49.7,40.3,46.0,42.4,50.4,49.9,40.8,40.7,46.6,50.3,59.7,54.0,57.6,49.6,0.0,0.0,0.0,0.0,0.0,0.0,0.0,0.0,0.0,1197.8,12.00,16,16,16,39,55,661,1,66.5,61.1,60.2,56.6,57.9,57.3,57.0,55.7,55.6,56.3,55.1,57.7,53.5,53.6,53.4,48.8,45.1,1.337,1.038,1.331,8.636,10.288,8.634,44.529,31.011,2.680,3.480,3.283,2.732,2.340,2.056,2.400,2.032,3.114,11.571,10.579,22.150,31.066,1197.8,1197.8,4086.4,4100.1,4072.7,4398.9,35.3,14.4,49.5,64.3,53.8,No,No,No,0.747,0.135,4.0,43,95.0,100.0,No,No,90859,98745,31,99.0,No,No,3320,0.0,0.5,0.5,0.000,0.110,12390,10245,0.0,0.0,0.0,0.000,0.000,50,0,35.2,47.8,83.0,0.669,12.127,12.166,12.145,12.069,1131,22.331,8.022,10.293,1.788,19.506,13.783,5.718,0.336,10.293,11.355,1.352,5.800,220.000,240.000,540.0,202.5,555.0,719.5,600.0,19.0,16.0,49.0,2.0,23.5,12.0,7.1,2.4,38.6,0.0,33,Yes,No,No,No,No,Yes,No,9.9,12.5,2,0,0,0,0,0,0,0,0,62,0,0,0,0,0,0,0,0,0,0,0,0,0,0,0,0,0,0,0,0,6268,1924,1758,93,5.0,239.7,257.8,219.3,184.7,197.2,180.2,1.7,1.7,1.7,1.7,1.7,1.7,4.17,4.59,3.24,0.63,7.11,9.62,0.87,0.01,4.06,0.11,3.37,0,0,0.0,0.0,63,100,1.5,85.1,0,
4.7.2026,1:6:25.237,15950,30043,34.6,11183,21499,34.2,0.0,13312,0,1.325,1.325,1.325,1.325,1.325,1.325,1.325,1.325,1.325,3911.7,4117.6,4117.6,4117.6,4117.6,3294.1,3294.1,4117.6,4117.6,99.8,571.4,2355.3,687.8,939.5,773.4,681.1,419.0,503.3,405.2,155.5,129.1,452.7,243.5,249.8,203.5,538.0,405.8,571.4,12.0,30.7,16.4,22.5,18.3,16.3,9.9,12.1,9.6,3.8,3.1,11.0,5.7,5.7,4.8,13.0,9.8,30.7,12.0,13.5,34.6,18.6,25.4,20.6,18.3,11.1,13.5,10.8,4.1,3.4,12.1,6.4,6.3,5.3,14.5,10.8,13.5,39.2,41.2,41.2,41.2,41.2,33.0,33.0,41.2,41.2,0.0,46.2,57.7,54.9,50.3,48.5,34.9,42.2,38.8,42.1,53.8,42.3,45.1,49.7,51.5,65.1,57.8,61.2,57.9,0.0,0.0,0.0,0.0,0.0,0.0,0.0,0.0,0.0,1197.8,12.00,16,16,16,39,55,661,1,63.9,58.3,60.0,55.3,57.0,56.7,55.6,55.0,54.1,54.8,54.0,55.0,53.3,53.4,53.1,47.0,44.1,1.319,1.025,1.319,6.936,10.037,6.932,40.895,28.306,2.228,3.135,2.990,2.306,2.143,1.510,1.916,1.680,2.149,9.177,10.316,19.493,28.406,1197.8,1197.8,4080.0,4094.8,4065.3,4399.6,32.3,11.6,45.4,61.3,51.2,No,No,No,0.798,0.130,3.7,44,95.0,100.0,No,No,90859,98745,31,99.0,No,No,3320,0.0,0.3,0.3,0.000,0.040,12390,10245,0.0,0.0,0.0,0.000,0.000,50,0,35.2,47.6,83.0,0.669,12.128,12.168,12.146,12.069,1131,20.878,7.922,9.915,1.728,19.336,13.820,5.508,0.336,9.915,11.493,1.372,5.800,220.000,240.000,435.0,202.5,555.0,423.0,600.0,20.0,16.0,49.0,2.0,23.5,15.4,10.2,2.9,48.6,0.0,33,Yes,No,No,No,No,Yes,No,9.7,12.4,2,0,0,0,0,0,0,0,0,64,0,0,0,0,0,0,0,0,0,0,0,0,0,0,0,0,0,0,0,0,6267,1925,1758,93,5.0,239.7,257.1,221.3,219.0,219.7,218.7,0.0,0.0,0.0,0.0,0.0,0.0,4.17,4.57,3.88,3.70,4.59,4.60,0.72,0.01,4.09,0.08,0.00,0,0,0.0,0.0,63,100,1.3,87.3,0,
4.7.2026,1:6:27.236,15947,30047,34.6,11168,21513,34.1,0.0,13312,0,1.257,1.319,1.056,1.056,1.325,1.325,1.325,1.325,1.325,4117.6,4117.6,4117.6,4117.6,4117.6,4117.6,4117.6,4117.6,4117.6,99.8,600.4,2448.6,819.1,912.7,937.8,686.8,451.1,501.6,380.0,161.7,148.6,429.9,254.6,270.3,214.5,422.4,566.1,600.4,12.6,29.6,19.6,21.9,22.4,16.5,10.7,12.1,9.0,4.0,3.7,10.5,6.2,6.3,5.2,10.2,13.8,29.6,12.6,14.0,33.4,22.2,24.6,25.3,18.4,12.0,13.5,10.0,4.3,3.9,11.5,6.7,6.9,5.6,11.2,15.3,14.0,41.2,41.2,41.2,41.2,41.2,41.2,41.2,41.2,41.2,0.0,47.3,59.7,57.5,51.4,48.6,36.0,42.1,39.6,43.2,52.7,40.3,42.5,48.6,51.4,64.0,57.9,60.4,56.8,0.0,0.0,0.0,0.0,0.0,0.0,0.0,0.0,0.0,1197.8,12.00,16,16,16,39,55,661,1,61.6,57.6,59.0,55.0,56.6,56.1,55.5,54.7,53.9,54.5,53.8,54.7,53.1,53.2,52.9,46.5,44.3,1.325,1.031,1.325,7.028,9.797,7.034,41.980,28.294,2.240,3.123,3.033,2.351,2.087,1.536,1.901,1.700,2.191,9.313,10.073,19.386,28.310,1197.8,1197.8,4086.3,4100.4,4072.2,4400.0,32.2,11.7,46.6,60.6,51.7,No,No,No,0.744,0.137,3.8,43,95.0,100.0,No,No,90859,98745,31,99.0,No,No,3320,0.0,0.1,0.1,0.000,0.050,12390,10246,0.0,0.0,0.0,0.000,0.000,50,0,35.1,47.3,83.0,0.669,12.127,12.165,12.145,12.070,1132,21.074,7.448,9.909,1.508,17.781,12.263,5.505,0.336,9.909,9.722,1.468,6.078,220.000,240.000,315.0,101.2,555.0,363.7,600.0,33.0,32.0,54.0,3.0,23.4,15.1,9.6,2.9,48.1,0.0,33,Yes,No,No,No,No,Yes,No,8.9,11.6,2,0,0,0,0,0,0,0,0,65,0,0,0,0,0,0,0,0,0,0,0,0,0,0,0,0,0,0,0,0,6271,1921,1754,93,2.5,239.7,254.9,225.0,223.0,223.7,222.9,1.1,1.1,1.1,1.1,1.1,1.1,4.17,4.48,3.74,2.44,5.08,6.25,1.38,0.03,4.08,0.09,3.46,0,0,0.0,0.0,63,101,1.9,91.0,0,
4.7.2026,1:6:29.229,15952,30042,34.6,11180,21502,34.2,0.0,13312,0,1.329,1.312,1.331,1.331,1.331,1.331,1.331,1.331,1.331,4117.6,4117.6,4117.6,4117.6,4117.6,4117.6,4117.6,4117.6,4117.6,99.8,632.6,2482.7,906.4,1075.2,842.8,666.8,459.3,491.7,382.4,211.5,177.3,429.8,243.6,303.9,221.1,614.2,612.6,632.6,13.4,28.1,22.0,25.8,20.3,16.2,11.1,12.0,9.3,5.4,4.5,10.6,6.0,7.3,5.5,15.0,15.0,28.1,13.4,14.8,31.5,24.7,28.8,22.7,17.9,12.2,13.2,10.1,5.6,4.7,11.4,6.4,7.8,5.8,16.6,16.5,14.8,41.2,41.2,41.2,41.2,41.2,41.2,41.2,41.2,41.2,0.0,48.0,60.6,58.1,51.3,48.8,37.2,42.6,40.5,45.2,52.0,39.4,41.9,48.7,51.2,62.8,57.4,59.5,54.8,0.0,0.0,0.0,0.0,0.0,0.0,0.0,0.0,0.0,1197.8,12.00,16,16,16,39,55,661,1,69.2,58.3,59.5,55.2,56.8,56.6,55.5,54.7,54.1,54.6,53.9,55.1,53.1,53.2,53.0,47.5,44.5,1.337,1.025,1.331,7.237,9.977,7.235,42.558,28.678,2.296,3.207,3.144,2.333,2.097,1.596,1.902,1.747,2.340,9.582,10.256,19.838,28.753,1197.8,1197.8,4081.4,4096.7,4066.1,4399.2,32.7,12.1,47.3,61.4,51.9,No,No,No,0.790,0.136,3.8,43,95.0,100.0,No,No,90859,98745,31,99.0,No,No,3320,0.0,0.1,0.1,0.000,0.022,12390,10246,0.0,0.0,0.0,0.000,0.000,50,0,35.2,47.4,83.0,0.669,12.128,12.168,12.146,12.069,1132,20.318,7.950,10.183,1.655,19.397,13.735,5.657,0.336,10.183,11.210,1.360,5.786,220.000,240.000,495.0,202.5,555.0,412.3,600.0,19.0,16.0,49.0,2.0,23.5,17.1,13.0,3.4,51.9,0.0,33,Yes,No,No,No,No,Yes,No,9.7,12.4,2,0,0,0,0,0,0,0,0,66,0,0,0,0,0,0,0,0,0,0,0,0,0,0,0,0,0,0,0,0,6267,1925,1759,93,5.0,239.7,254.9,225.0,223.0,223.7,222.9,1.1,1.1,1.1,1.1,1.1,1.1,4.17,4.48,3.74,2.44,5.08,6.25,1.38,0.03,4.08,0.09,3.46,0,0,0.0,0.0,63,101,4.5,92.8,0,
4.7.2026,1:6:31.233,15946,30048,34.6,11174,21508,34.1,0.0,13312,0,1.051,1.056,1.050,1.050,1.050,1.050,1.050,1.050,1.050,4117.6,4117.6,4117.6,4117.6,4117.6,4117.6,4117.6,4117.6,4117.6,99.8,561.7,2340.1,689.7,898.7,865.8,662.6,412.5,422.2,328.9,150.5,135.9,437.1,232.6,247.7,224.2,396.0,542.0,561.7,11.6,27.9,16.4,21.4,20.4,15.8,9.6,10.0,7.6,3.6,3.2,10.5,5.4,5.6,5.3,9.4,13.1,27.9,11.6,13.1,31.6,18.6,24.3,23.3,17.8,10.8,11.3,8.7,4.0,3.6,11.7,6.1,6.3,5.9,10.5,14.6,13.1,41.2,41.2,41.2,41.2,41.2,41.2,41.2,41.2,41.2,0.0,45.7,57.2,56.0,49.3,46.4,34.5,41.7,38.8,41.5,54.3,42.8,44.0,50.7,53.6,65.5,58.3,61.2,58.5,0.0,0.0,0.0,0.0,0.0,0.0,0.0,0.0,0.0,1197.8,12.00,16,16,16,39,55,661,1,66.1,57.2,59.2,54.7,56.1,55.7,55.4,54.4,53.8,54.4,53.6,54.6,52.9,53.0,52.8,48.2,44.4,1.319,1.031,1.325,6.684,9.734,6.685,40.532,27.697,2.164,2.966,2.867,2.278,1.971,1.491,1.897,1.673,2.173,8.843,10.007,18.850,27.764,1197.8,1197.8,4087.0,4100.0,4074.0,4400.0,31.5,11.1,45.0,60.2,50.8,No,No,No,0.725,0.136,3.7,43,95.0,100.0,No,No,90859,98745,31,99.0,No,No,3320,0.0,0.3,0.3,0.000,0.098,12390,10246,0.0,0.0,0.0,0.000,0.000,50,0,35.0,47.3,83.0,0.669,12.132,12.171,12.149,12.074,1128,21.004,7.473,9.902,1.509,17.787,12.279,5.501,0.336,9.902,9.744,1.727,6.043,220.000,240.000,360.0,101.2,555.0,409.5,600.0,33.0,32.0,54.0,3.0,23.5,15.2,9.5,2.9,48.2,0.0,33,Yes,No,No,No,No,Yes,No,8.9,11.5,2,0,0,0,0,0,0,0,0,67,0,0,0,0,0,0,0,0,0,0,0,0,0,0,0,0,0,0,0,0,6267,1925,1759,93,2.5,239.7,254.9,225.0,223.0,223.7,222.9,1.1,1.1,1.1,1.1,1.1,1.1,4.17,4.48,3.74,2.44,5.08,6.25,1.38,0.03,4.08,0.09,3.46,0,0,0.0,0.0,63,101,2.9,86.2,0,
4.7.2026,1:6:33.227,15954,30040,34.6,11180,21502,34.2,0.0,13312,0,1.318,1.325,1.312,1.312,1.319,1.319,1.319,1.319,1.319,4117.6,4117.6,4117.6,4117.6,4117.6,4117.6,4117.6,4117.6,4117.6,99.8,562.5,2318.7,638.3,890.7,901.4,658.6,407.5,462.0,320.4,179.2,131.3,434.6,239.6,281.4,189.2,541.3,405.1,562.5,11.8,29.2,15.4,21.5,21.5,15.9,9.8,11.2,7.7,3.8,2.6,10.7,5.9,6.7,4.7,13.1,9.9,29.2,11.8,13.2,32.8,17.2,24.0,24.2,17.7,10.8,12.3,8.5,4.8,3.5,11.6,6.3,7.2,4.9,14.6,10.7,13.2,41.2,41.2,41.2,41.2,41.2,41.2,41.2,41.2,41.2,0.0,45.5,56.7,55.6,49.3,46.5,35.0,41.0,38.6,41.6,54.5,43.3,44.4,50.7,53.5,65.0,59.0,61.4,58.4,0.0,0.0,0.0,0.0,0.0,0.0,0.0,0.0,0.0,1197.8,12.00,16,16,16,39,55,661,1,63.2,56.9,58.5,54.6,55.9,55.5,55.1,54.3,53.7,54.2,53.6,54.5,52.8,52.9,52.7,46.0,43.9,1.325,1.025,1.331,6.707,9.488,6.709,40.315,27.455,2.156,2.916,2.826,2.264,2.005,1.516,1.893,1.687,2.143,8.871,9.756,18.627,27.534,1197.8,1197.8,4079.6,4094.9,4064.3,4400.0,31.3,11.2,44.8,59.8,51.2,No,No,No,0.688,0.135,3.6,43,95.0,100.0,No,No,90859,98745,31,99.0,No,No,3320,0.0,0.3,0.3,0.000,0.050,12390,10246,0.0,0.0,0.0,0.000,0.000,50,0,35.0,47.0,83.0,0.669,12.128,12.165,12.146,12.072,1131,19.773,7.460,9.886,1.545,17.794,12.289,5.492,0.336,9.886,9.793,1.422,6.153,220.000,240.000,345.0,101.2,555.0,345.7,600.0,32.0,32.0,55.0,3.0,23.5,17.0,12.9,3.2,51.8,0.0,33,Yes,No,No,No,No,Yes,No,8.9,11.3,2,0,0,0,0,0,0,0,0,67,0,0,0,0,0,0,0,0,0,0,0,0,0,0,0,0,0,0,0,0,6267,1925,1759,93,2.5,239.7,254.9,225.0,223.0,223.7,222.9,1.1,1.1,1.1,1.1,1.1,1.1,4.17,4.48,3.74,2.44,5.08,6.25,1.38,0.03,4.08,0.09,3.46,0,0,0.0,0.0,63,101,3.3,90.8,0,
4.7.2026,1:6:35.227,15985,30008,34.7,11180,21502,34.2,0.0,13312,0,1.316,1.288,1.325,1.319,1.319,1.319,1.319,1.319,1.319,4014.6,3294.1,4117.6,4117.6,4117.6,4117.6,4117.6,4117.6,4117.6,99.8,604.9,2467.5,788.3,1090.5,838.3,735.8,435.2,552.3,310.8,207.2,139.7,475.2,261.6,321.4,242.9,396.7,415.6,604.9,12.5,30.2,18.8,25.9,19.8,16.9,10.3,12.5,7.2,5.0,3.3,11.5,6.2,7.4,5.0,9.4,10.0,30.2,12.5,14.2,34.3,21.4,29.2,22.5,19.8,11.6,14.8,8.2,5.5,3.6,12.8,6.9,8.3,6.4,10.5,11.0,14.2,40.2,33.0,41.2,41.2,41.2,41.2,41.2,41.2,41.2,0.0,47.4,60.2,57.8,51.7,48.6,36.0,43.1,40.9,41.1,52.6,39.8,42.2,48.3,51.4,64.0,56.9,59.1,58.9,0.0,0.0,0.0,0.0,0.0,0.0,0.0,0.0,0.0,1197.8,12.00,16,16,16,39,55,661,1,69.9,57.7,57.8,54.9,56.5,56.4,55.4,54.6,53.8,54.4,53.7,54.4,52.9,53.0,52.8,46.0,44.1,1.331,1.031,1.331,7.035,10.118,7.032,42.130,28.593,2.257,3.153,3.159,2.362,2.069,1.553,1.973,1.746,2.043,9.313,10.399,19.713,28.622,1197.8,1197.8,4082.9,4100.3,4065.6,4399.1,32.5,11.7,46.8,60.8,51.3,No,No,No,0.773,0.137,3.8,43,95.0,100.0,No,No,90859,98745,31,99.0,No,No,3320,0.0,0.4,0.4,0.000,0.045,12390,10246,0.0,0.0,0.0,0.000,0.000,50,0,35.1,47.5,83.0,0.669,12.128,12.167,12.146,12.069,1129,20.910,8.034,10.300,1.618,19.397,13.662,5.722,0.336,10.300,11.053,2.055,5.894,220.000,240.000,555.0,202.5,555.0,509.9,600.0,19.0,16.0,49.0,2.0,23.8,16.6,13.0,3.2,50.2,0.0,33,Yes,No,No,No,No,Yes,No,9.7,12.7,2,0,0,0,0,0,0,0,0,68,0,0,0,0,0,0,0,0,0,0,0,0,0,0,0,0,0,0,0,0,6238,1954,1787,94,5.0,239.7,273.0,218.7,205.5,211.1,204.1,0.0,0.0,0.0,0.0,0.0,0.0,4.17,4.65,3.63,3.52,4.82,4.99,0.90,0.05,4.09,0.08,0.00,0,0,0.0,0.0,63,101,8.9,89.2,0,
4.7.2026,1:6:37.230,15977,30017,34.7,11176,21506,34.1,0.0,13312,0,1.323,1.312,1.325,1.325,1.325,1.325,1.325,1.325,1.325,4117.6,4117.6,4117.6,4117.6,4117.6,4117.6,4117.6,4117.6,4117.6,99.8,573.2,2388.4,700.4,970.3,828.0,697.5,436.9,502.4,312.7,177.3,152.0,425.1,227.9,282.7,181.3,417.4,470.9,573.2,12.0,29.7,16.6,22.9,19.7,17.2,10.2,12.5,7.2,4.2,3.6,10.2,5.3,6.4,4.9,9.8,11.2,29.7,12.0,13.4,33.8,18.9,25.9,22.4,18.8,11.6,13.5,8.3,4.7,4.0,11.3,6.0,7.2,4.7,11.1,12.6,13.4,41.2,41.2,41.2,41.2,41.2,41.2,41.2,41.2,41.2,0.0,46.1,58.3,55.7,50.4,47.3,35.4,41.0,38.7,41.5,53.9,41.7,44.3,49.6,52.7,64.6,59.0,61.3,58.5,0.0,0.0,0.0,0.0,0.0,0.0,0.0,0.0,0.0,1197.8,12.00,16,16,16,39,55,661,1,66.8,57.2,57.5,54.7,56.1,55.7,55.2,54.3,53.8,54.1,53.6,54.4,52.8,52.9,52.7,47.0,44.2,1.312,1.025,1.300,6.837,9.640,6.837,40.913,27.804,2.180,2.997,2.899,2.302,2.016,1.558,1.856,1.673,2.142,9.042,9.911,18.953,27.868,1197.8,1197.8,4083.5,4101.6,4065.4,4400.0,31.7,11.4,45.5,60.2,51.6,No,No,No,0.780,0.136,3.7,43,95.0,100.0,No,No,90859,98745,31,99.0,No,No,3320,0.0,0.2,0.2,0.000,0.008,12390,10246,0.0,0.0,0.0,0.000,0.000,50,0,35.0,47.3,83.0,0.669,12.131,12.170,12.149,12.074,1129,20.285,7.506,10.131,1.594,17.932,12.291,5.628,0.336,10.131,9.736,1.300,5.983,220.000,240.000,390.0,101.2,555.0,372.1,600.0,31.0,32.0,55.0,3.0,23.8,15.9,10.8,3.0,49.6,0.0,33,Yes,No,No,No,No,Yes,No,9.0,11.5,2,0,0,0,0,0,0,0,0,69,0,0,0,0,0,0,0,0,0,0,0,0,0,0,0,0,0,0,0,0,6242,1950,1783,92,2.5,239.7,273.0,218.7,205.5,211.1,204.1,0.0,0.0,0.0,0.0,0.0,0.0,4.17,4.65,3.63,3.52,4.82,4.99,0.90,0.05,4.09,0.08,0.00,0,0,0.0,0.0,63,101,2.8,90.8,0,
4.7.2026,1:6:39.227,15977,30017,34.7,11174,21507,34.1,0.0,13312,0,1.166,1.319,1.050,1.050,1.050,1.050,1.269,1.269,1.269,3921.1,3593.5,3593.5,3593.5,4117.6,4117.6,4117.6,4117.6,4117.6,99.8,699.2,2471.2,814.7,1100.1,922.1,832.1,497.4,639.7,434.0,314.8,236.0,590.6,363.3,414.1,310.3,617.5,629.5,699.2,15.1,32.4,19.6,26.4,22.0,20.0,11.8,15.4,10.3,7.7,6.4,14.3,8.7,9.8,7.4,14.9,15.2,32.4,15.1,17.0,36.6,22.1,29.7,24.9,22.5,13.3,17.3,11.6,8.5,6.3,15.9,9.7,10.9,8.3,16.7,17.0,17.0,39.3,36.0,36.0,36.0,41.2,41.2,41.2,41.2,41.2,0.0,49.9,60.4,59.0,53.0,50.7,39.7,46.0,43.4,46.6,50.1,39.6,41.0,47.0,49.3,60.3,54.0,56.6,53.4,0.0,0.0,0.0,0.0,0.0,0.0,0.0,0.0,0.0,1197.8,12.00,16,16,16,39,55,661,1,64.1,58.5,59.0,55.5,56.5,56.9,55.9,55.1,54.5,55.3,54.5,55.7,53.1,53.2,53.0,48.2,44.3,1.319,1.025,1.325,7.700,10.206,7.701,44.184,29.590,2.446,3.100,3.258,2.508,2.244,1.805,2.218,1.964,2.467,10.230,10.490,20.720,29.639,1197.8,1197.8,4082.5,4093.9,4071.0,4399.9,33.7,12.8,49.1,61.6,52.1,No,No,No,0.778,0.136,4.0,43,95.0,100.0,No,No,90859,98745,31,99.0,No,No,3320,0.0,0.7,0.7,0.000,0.034,12390,10246,0.0,0.0,0.0,0.000,0.000,50,0,35.1,47.3,83.0,0.669,12.128,12.168,12.146,12.070,1129,21.035,7.980,10.509,1.570,19.471,13.615,5.838,0.336,10.509,10.876,1.397,5.684,220.000,240.000,540.0,202.5,555.0,531.5,600.0,19.0,16.0,49.0,2.0,23.8,15.9,10.9,3.1,49.5,0.0,33,Yes,No,No,No,No,Yes,No,9.7,12.7,2,0,0,0,0,0,0,0,0,70,0,0,0,0,0,0,0,0,0,0,0,0,0,0,0,0,0,0,0,0,6242,1950,1783,91,5.0,239.7,273.0,218.7,205.5,211.1,204.1,0.0,0.0,0.0,0.0,0.0,0.0,4.17,4.65,3.63,3.52,4.82,4.99,0.90,0.05,4.09,0.08,0.00,0,0,0.0,0.0,63,102,2.8,95.0,0,
4.7.2026,1:6:41.225,15968,30026,34.7,11167,21515,34.1,0.0,13312,0,1.319,1.319,1.319,1.319,1.319,1.319,1.319,1.319,1.319,4117.6,4117.6,4117.6,4117.6,4117.6,4117.6,4117.6,4117.6,4117.6,99.8,578.5,2342.0,724.5,1050.8,825.8,705.7,393.8,497.2,327.2,174.7,136.3,459.2,221.7,287.7,190.7,524.8,394.5,578.5,11.8,28.8,16.9,24.9,19.2,16.5,8.8,11.4,7.2,4.5,2.8,10.7,4.8,6.3,4.0,12.2,9.0,28.8,11.8,13.6,32.9,19.6,28.5,22.1,19.0,10.4,13.3,8.6,4.6,3.6,12.3,5.8,7.4,5.0,14.1,10.5,13.6,41.2,41.2,41.2,41.2,41.2,41.2,41.2,41.2,41.2,0.0,45.9,57.3,56.4,49.6,47.2,35.1,41.4,38.9,41.4,54.1,42.7,43.6,50.4,52.8,64.9,58.6,61.1,58.6,0.0,0.0,0.0,0.0,0.0,0.0,0.0,0.0,0.0,1197.8,12.00,16,16,16,39,55,661,1,62.0,57.9,58.8,54.9,56.6,56.4,55.4,54.5,53.8,54.3,53.6,54.6,52.9,53.0,52.7,47.8,44.0,1.325,1.025,1.331,6.926,10.299,6.923,40.613,28.572,2.221,3.081,3.125,2.307,2.027,1.531,1.883,1.676,2.137,9.162,10.582,19.745,28.656,1197.8,1197.8,4074.3,4092.3,4056.2,4399.8,32.6,11.5,45.1,60.9,51.3,No,No,No,0.793,0.135,3.7,43,95.0,100.0,No,No,90859,98745,31,99.0,No,No,3320,0.0,0.3,0.3,0.000,0.016,12390,10246,0.0,0.0,0.0,0.000,0.000,50,0,36.9,50.8,83.0,0.919,12.115,12.151,12.136,12.056,1128,29.688,16.984,27.095,6.185,37.392,22.317,15.053,0.336,27.095,16.828,3.760,13.775,220.000,240.000,1725.0,1750.2,1515.0,1169.2,1635.0,5.0,2.0,18.0,1.0,23.7,11.9,7.8,2.3,37.5,0.0,33,Yes,No,No,No,No,Yes,No,20.0,24.8,2,0,0,0,0,0,0,0,0,72,0,0,0,0,0,0,0,0,0,0,0,0,0,0,0,0,0,0,0,0,6248,1944,1778,91,8.0,239.7,253.9,223.6,213.2,213.2,213.1,2.7,2.9,2.6,2.6,2.6,2.6,4.17,4.55,3.92,3.63,4.77,4.81,0.16,0.50,4.09,0.08,10.50,0,0,0.0,0.0,63,102,6.6,83.4,0,
4.7.2026,1:6:43.238,15968,30026,34.7,11173,21509,34.1,0.0,13312,0,1.345,1.325,1.337,1.350,1.350,1.350,1.350,1.350,1.350,4117.6,4117.6,4117.6,4117.6,4117.6,4117.6,4117.6,4117.6,4117.6,99.8,559.4,2242.0,678.1,976.0,800.7,698.1,388.1,479.1,314.3,200.3,133.9,428.3,221.8,274.0,220.0,491.7,404.3,559.4,11.8,28.2,16.1,23.5,18.9,16.8,9.1,11.5,7.4,4.9,3.2,10.4,5.2,6.3,5.2,11.8,9.7,28.2,11.8,13.2,31.7,18.3,26.4,21.4,18.8,10.3,12.8,8.3,5.3,3.5,11.4,5.8,7.0,5.8,13.2,10.7,13.2,41.2,41.2,41.2,41.2,41.2,41.2,41.2,41.2,41.2,0.0,44.7,55.0,53.5,48.2,45.6,35.2,40.5,38.4,40.9,55.3,45.0,46.5,51.8,54.4,64.8,59.5,61.6,59.1,0.0,0.0,0.0,0.0,0.0,0.0,0.0,0.0,0.0,1197.8,12.00,16,16,16,39,55,661,1,59.8,56.8,59.5,54.4,55.8,55.3,55.0,54.2,53.5,54.0,53.5,54.3,52.7,52.8,52.6,47.2,44.0,1.331,1.031,1.331,6.596,10.562,6.589,39.323,28.316,2.131,2.917,2.839,2.261,1.968,1.507,1.805,1.685,2.072,8.688,10.850,19.538,28.435,1197.8,1197.8,4062.4,4084.8,4040.1,4400.0,32.3,11.0,43.7,59.8,50.7,No,No,No,0.714,0.134,3.6,43,95.0,100.0,No,No,90859,98745,31,99.0,No,No,3320,0.0,0.2,0.2,0.000,0.071,12390,10246,0.0,0.0,0.0,0.000,0.000,50,0,37.3,51.4,83.0,0.919,12.114,12.149,12.136,12.055,1132,44.252,17.031,27.263,6.293,37.524,22.363,15.146,0.336,27.263,16.895,3.323,13.905,220.000,240.000,1725.0,1750.2,1515.0,1724.7,1635.0,5.0,2.0,18.0,1.0,23.6,5.2,2.6,1.1,17.1,0.0,33,Yes,No,No,No,No,Yes,No,20.1,24.3,2,0,0,0,0,0,0,0,0,72,0,0,0,0,0,0,0,0,0,0,0,0,0,0,0,0,0,0,0,0,6258,1934,1768,91,8.0,239.7,259.6,225.0,221.9,222.9,221.8,0.0,0.0,0.0,0.0,0.0,0.0,4.17,4.51,3.86,3.70,4.55,4.57,0.19,0.51,4.10,0.08,0.00,0,0,0.0,0.0,63,102,1.8,90.6,0,
4.7.2026,1:6:45.226,15955,30038,34.6,11170,21512,34.1,0.0,13312,0,1.313,1.319,1.312,1.312,1.312,1.312,1.312,1.312,1.312,4117.6,4117.6,4117.6,4117.6,4117.6,4117.6,4117.6,4117.6,4117.6,99.8,559.4,2306.4,717.8,941.0,723.8,675.4,381.2,602.2,305.8,154.5,118.5,455.3,231.4,288.5,193.1,445.7,410.2,559.4,11.8,27.3,17.7,23.1,17.7,16.7,9.6,15.1,7.1,3.7,2.8,11.6,5.4,6.6,4.5,10.6,9.8,27.3,11.8,13.0,30.2,19.4,25.4,19.3,18.1,10.1,16.3,8.1,4.1,3.1,12.2,6.1,7.4,5.0,11.9,10.9,13.0,41.2,41.2,41.2,41.2,41.2,41.2,41.2,41.2,41.2,0.0,45.3,56.4,53.3,49.4,48.1,34.5,41.5,38.9,40.7,54.7,43.6,46.7,50.6,51.9,65.5,58.5,61.1,59.3,0.0,0.0,0.0,0.0,0.0,0.0,0.0,0.0,0.0,1197.8,12.00,16,16,16,39,55,661,1,70.9,57.3,58.8,54.7,56.3,55.8,55.1,54.5,53.6,54.2,53.6,54.5,52.8,52.9,52.7,47.8,44.3,1.337,1.025,1.325,6.753,10.234,6.765,40.159,28.376,2.177,3.012,2.895,2.272,2.067,1.473,1.882,1.689,2.125,8.932,10.516,19.448,28.375,1197.8,1197.8,4074.9,4094.3,4055.6,4399.6,32.2,11.3,44.6,60.3,51.0,No,No,No,0.740,0.130,3.6,43,95.0,100.0,No,No,90859,98745,31,99.0,No,No,3320,0.0,0.2,0.2,0.000,0.012,12390,10246,0.0,0.0,0.0,0.000,0.000,50,0,35.6,48.1,83.0,0.669,12.126,12.165,12.146,12.069,1131,25.141,8.187,10.568,1.679,19.591,13.710,5.871,0.336,10.568,11.051,2.217,6.275,220.000,240.000,450.0,202.5,825.0,576.5,900.0,17.0,16.0,33.0,2.0,23.6,8.3,5.4,1.6,26.3,0.0,33,Yes,No,No,No,No,Yes,No,9.8,12.5,3,0,0,0,0,0,0,0,0,73,0,0,0,0,0,0,0,0,0,0,0,0,0,0,0,0,0,0,0,0,6260,1932,1765,90,5.0,239.7,259.6,225.0,221.9,222.9,221.8,0.0,0.0,0.0,0.0,0.0,0.0,4.17,4.51,3.86,3.70,4.55,4.57,0.19,0.51,4.10,0.08,0.00,0,0,0.0,0.0,63,102,1.5,88.6,0,
4.7.2026,1:6:47.239,15949,30045,34.6,11165,21516,34.1,0.0,13312,0,1.122,1.319,1.056,1.056,1.056,1.056,1.056,1.056,1.319,4117.6,4117.6,4117.6,4117.6,4117.6,4117.6,4117.6,4117.6,4117.6,99.8,564.4,2291.2,575.5,931.1,850.0,702.8,406.2,486.0,385.5,171.3,155.4,434.1,237.0,265.7,178.5,505.5,454.3,564.4,11.8,30.3,13.1,21.9,19.6,16.3,9.0,11.1,9.3,4.3,3.9,10.0,5.7,6.2,4.3,12.3,11.1,30.3,11.8,13.4,34.6,15.4,25.2,22.8,18.9,10.8,13.0,10.3,4.5,4.1,11.6,6.2,6.7,4.6,13.5,12.1,13.4,41.2,41.2,41.2,41.2,41.2,41.2,41.2,41.2,41.2,0.0,45.9,56.1,55.7,50.0,47.5,35.5,41.6,38.5,42.0,54.1,43.9,44.3,50.0,52.5,64.5,58.4,61.5,58.0,0.0,0.0,0.0,0.0,0.0,0.0,0.0,0.0,0.0,1197.8,12.00,16,16,16,39,55,661,1,67.8,57.2,57.8,54.6,55.9,55.7,55.1,54.3,53.6,54.1,53.4,54.4,52.7,52.8,52.6,46.5,43.6,1.325,1.031,1.325,6.664,9.741,6.668,40.487,27.681,2.154,2.916,2.842,2.269,2.026,1.515,1.856,1.640,2.170,8.798,10.013,18.811,27.727,1197.8,1197.8,4071.1,4088.7,4053.4,4400.0,31.5,11.1,45.0,60.2,50.8,No,No,No,0.741,0.137,3.7,43,95.0,100.0,No,No,90859,98745,31,99.0,No,No,3320,0.0,0.5,0.5,0.000,0.091,12390,10246,0.0,0.0,0.0,0.000,0.000,50,0,35.3,47.7,83.0,0.669,12.123,12.158,12.143,12.068,1129,21.055,7.453,9.862,1.520,17.802,12.321,5.479,0.336,9.862,9.806,1.460,6.086,220.000,240.000,345.0,101.2,555.0,336.8,600.0,33.0,32.0,54.0,3.0,23.6,12.7,9.7,2.4,38.8,0.0,33,Yes,No,No,No,No,Yes,No,8.9,11.4,3,0,0,0,0,0,0,0,0,74,0,0,0,0,0,0,0,0,0,0,0,0,0,0,0,0,0,0,0,0,6258,1934,1768,91,2.5,239.7,259.6,225.0,221.9,222.9,221.8,0.0,0.0,0.0,0.0,0.0,0.0,4.17,4.51,3.86,3.70,4.55,4.57,0.19,0.51,4.10,0.08,0.00,0,0,0.0,0.0,63,102,2.0,92.0,0,
4.7.2026,1:6:49.230,15949,30044,34.6,11167,21515,34.1,0.0,13312,0,1.325,1.325,1.325,1.325,1.325,1.325,1.325,1.325,1.325,4117.6,4117.6,4117.6,4117.6,4117.6,4117.6,4117.6,4117.6,4117.6,99.8,604.0,2442.9,583.4,1093.1,873.3,771.6,409.3,533.6,342.5,226.7,303.2,408.5,248.9,333.6,180.3,561.5,351.0,604.0,13.0,33.5,14.0,26.4,20.8,18.6,9.8,12.9,8.3,5.7,7.6,10.0,6.1,8.0,4.4,13.8,8.6,33.5,13.0,14.4,37.8,15.7,29.7,23.4,20.8,10.8,14.3,9.1,6.1,8.2,10.9,6.5,8.6,4.7,15.1,9.2,14.4,41.2,41.2,41.2,41.2,41.2,41.2,41.2,41.2,41.2,0.0,47.9,59.6,58.3,52.5,49.4,38.2,42.4,40.2,42.4,52.1,40.4,41.7,47.5,50.6,61.8,57.6,59.8,57.6,0.0,0.0,0.0,0.0,0.0,0.0,0.0,0.0,0.0,1197.8,12.00,16,16,16,39,55,661,1,64.8,57.2,61.5,54.7,56.1,55.7,55.3,54.4,53.9,54.2,53.5,54.3,52.7,52.8,52.6,47.5,43.9,1.325,1.031,1.325,7.049,10.140,7.043,42.570,28.579,2.251,3.034,3.052,2.419,2.087,1.705,1.872,1.706,2.132,9.335,10.423,19.758,28.660,1197.8,1197.8,4086.7,4102.8,4070.6,4400.0,32.6,11.7,47.3,60.2,51.6,No,No,No,0.752,0.135,3.8,43,95.0,100.0,No,No,90859,98745,31,99.0,No,No,3320,0.0,0.3,0.3,0.000,0.018,12390,10246,0.0,0.0,0.0,0.000,0.000,50,0,35.3,47.9,83.0,0.669,12.129,12.168,12.147,12.071,1133,20.771,7.973,10.347,1.643,19.436,13.676,5.748,0.336,10.347,11.084,1.357,5.759,220.000,240.000,435.0,202.5,555.0,411.8,600.0,19.0,16.0,49.0,2.0,23.6,15.9,11.2,3.0,49.4,0.0,33,Yes,No,No,No,No,Yes,No,9.7,12.4,3,0,0,0,0,0,0,0,0,75,0,0,0,0,0,0,0,0,0,0,0,0,0,0,0,0,0,0,0,0,6258,1934,1768,92,5.0,239.7,259.6,225.0,221.9,222.9,221.8,0.0,0.0,0.0,0.0,0.0,0.0,4.17,4.51,3.86,3.70,4.55,4.57,0.19,0.51,4.10,0.08,0.00,0,0,0.0,0.0,63,102,1.5,93.7,0,
4.7.2026,1:6:51.230,15953,30041,34.6,11173,21509,34.1,0.0,13312,0,1.324,1.319,1.325,1.325,1.325,1.325,1.325,1.325,1.325,4117.6,4117.6,4117.6,4117.6,4117.6,4117.6,4117.6,4117.6,4117.6,99.8,580.7,2351.5,756.6,975.9,781.7,716.4,389.7,466.5,332.2,171.4,149.0,462.2,268.7,293.3,215.3,508.9,452.2,580.7,12.2,30.2,18.0,23.5,18.4,17.2,9.1,11.1,7.7,4.1,3.5,11.1,6.3,6.7,5.0,12.2,10.7,30.2,12.2,13.7,34.0,20.5,26.4,20.9,19.3,10.3,12.5,8.8,4.5,3.9,12.4,7.1,7.5,5.6,13.6,12.1,13.7,41.2,41.2,41.2,41.2,41.2,41.2,41.2,41.2,41.2,0.0,45.7,57.6,54.2,49.2,46.0,35.4,41.8,39.2,42.2,54.3,42.4,45.8,50.8,54.0,64.6,58.2,60.8,57.8,0.0,0.0,0.0,0.0,0.0,0.0,0.0,0.0,0.0,1197.8,12.00,16,16,16,39,55,661,1,71.1,57.6,58.0,54.5,56.3,55.7,55.0,54.2,53.5,54.1,53.4,54.3,52.6,52.7,52.5,47.2,44.3,1.325,1.025,1.325,6.712,10.212,6.714,40.284,28.185,2.179,3.030,2.956,2.259,1.967,1.498,1.903,1.681,2.140,8.854,10.493,19.348,28.260,1197.8,1197.8,4066.2,4085.6,4046.7,4399.5,32.1,11.2,44.8,60.6,50.6,No,No,No,0.750,0.136,3.7,43,95.0,100.0,No,No,90859,98745,31,99.0,No,No,3320,0.0,0.2,0.2,0.000,0.055,12390,10247,0.0,0.0,0.0,0.000,0.000,50,0,37.0,50.7,83.0,0.919,12.117,12.154,12.138,12.058,1131,23.899,17.088,27.511,6.272,37.617,22.307,15.284,0.336,27.511,16.718,3.333,13.995,220.000,240.000,1725.0,1750.2,1515.0,744.8,1635.0,5.0,2.0,18.0,1.0,23.5,13.0,8.6,2.7,40.8,0.0,33,Yes,No,No,No,No,Yes,No,20.1,24.0,3,0,0,0,0,0,0,0,0,77,0,0,0,0,0,0,0,0,0,0,0,0,0,0,0,0,0,0,0,0,6267,1925,1758,92,8.0,239.7,259.6,225.0,221.9,222.9,221.8,0.0,0.0,0.0,0.0,0.0,0.0,4.17,4.51,3.86,3.70,4.55,4.57,0.19,0.51,4.10,0.08,0.00,0,0,0.0,0.0,63,103,1.5,85.1,0,
4.7.2026,1:6:53.226,15934,30060,34.6,11169,21512,34.1,0.0,13312,0,1.328,1.319,1.331,1.331,1.331,1.331,1.331,1.331,1.319,4117.6,4117.6,4117.6,4117.6,4117.6,4117.6,4117.6,4117.6,4117.6,99.8,547.2,2236.5,915.3,932.0,672.7,497.6,531.5,400.0,385.7,148.3,236.0,378.5,220.9,243.7,190.8,416.1,350.4,547.2,11.4,23.1,22.3,22.7,16.1,12.1,13.0,9.8,9.4,3.8,6.0,9.4,5.5,5.9,4.6,10.2,8.5,23.1,11.4,12.4,25.8,24.9,25.2,17.8,13.2,14.2,10.6,10.3,3.9,6.4,10.0,5.8,6.2,4.8,10.9,9.1,12.4,41.2,41.2,41.2,41.2,41.2,41.2,41.2,41.2,41.2,0.0,43.5,54.8,50.9,47.1,45.4,34.7,39.6,37.0,38.3,56.5,45.2,49.1,52.9,54.6,65.3,60.4,63.0,61.7,0.0,0.0,0.0,0.0,0.0,0.0,0.0,0.0,0.0,1197.8,12.00,16,16,16,39,55,661,1,68.0,56.5,65.2,54.2,55.7,55.0,54.8,54.0,53.5,53.6,53.2,53.9,52.5,52.6,52.4,47.8,43.8,1.344,1.038,1.356,6.353,10.553,6.346,38.232,28.035,2.069,2.914,2.708,2.171,1.948,1.514,1.763,1.586,1.949,8.352,10.840,19.191,28.091,1197.8,1197.8,4061.8,4081.6,4042.0,4400.0,31.9,10.6,42.5,59.5,50.3,No,No,No,0.748,0.134,3.5,43,95.0,100.0,No,No,90859,98745,31,99.0,No,No,3320,0.0,0.3,0.3,0.000,0.048,12390,10247,0.0,0.0,0.0,0.000,0.000,50,0,37.5,51.4,83.0,0.919,12.118,12.156,12.139,12.058,1129,44.635,17.175,27.205,6.309,37.547,22.416,15.114,0.336,27.205,16.995,4.546,14.077,220.000,240.000,1725.0,1750.2,1515.0,1724.7,1635.0,5.0,2.0,18.0,1.0,23.5,5.4,3.1,1.1,17.3,0.0,33,Yes,No,No,No,No,Yes,No,20.1,25.0,3,0,0,0,0,0,0,0,0,77,0,0,0,0,0,0,0,0,0,0,0,0,0,0,0,0,0,0,0,0,6267,1925,1758,92,8.0,239.7,259.6,225.0,221.9,222.9,221.8,0.0,0.0,0.0,0.0,0.0,0.0,4.17,4.51,3.86,3.70,4.55,4.57,0.19,0.51,4.10,0.08,0.00,0,0,0.0,0.0,63,103,1.9,91.7,0,
4.7.2026,1:6:55.239,16001,29993,34.7,11200,21482,34.2,0.0,13312,0,1.347,1.325,1.350,1.350,1.350,1.350,1.350,1.350,1.350,4052.1,3593.5,4117.6,4117.6,4117.6,4117.6,4117.6,4117.6,4117.6,99.8,653.4,2374.4,910.9,1009.4,874.3,619.7,579.3,460.8,454.1,266.8,258.3,456.6,385.3,306.0,282.5,613.2,601.8,653.4,13.4,24.8,21.7,24.0,20.4,14.5,13.5,10.7,10.5,6.2,5.9,10.7,8.9,6.8,6.6,14.6,14.3,24.8,13.4,15.4,28.3,24.7,27.3,23.5,16.6,15.5,12.3,12.1,7.2,6.9,12.2,10.3,7.9,7.7,16.7,16.4,15.4,40.6,36.0,41.2,41.2,41.2,41.2,41.2,41.2,41.2,0.0,48.5,58.1,57.3,51.7,48.8,39.0,44.7,41.7,46.5,51.5,41.9,42.7,48.3,51.2,61.0,55.3,58.3,53.5,0.0,0.0,0.0,0.0,0.0,0.0,0.0,0.0,0.0,1197.8,12.00,16,16,16,39,55,661,1,65.4,58.9,60.5,55.2,56.3,55.9,55.6,54.6,54.5,55.0,54.1,55.7,52.9,53.0,52.8,47.8,44.0,1.344,1.038,1.350,7.683,10.288,7.679,42.975,29.626,2.419,3.087,3.037,2.470,2.161,1.884,2.150,1.893,2.669,10.233,10.574,20.807,29.715,1197.8,1197.8,4079.6,4093.0,4066.3,4399.6,33.8,12.8,47.7,62.0,52.6,No,No,No,0.778,0.135,3.9,43,95.0,100.0,No,No,90859,98745,31,99.0,No,No,3320,0.0,0.4,0.4,0.000,0.096,12390,10247,0.0,0.0,0.0,0.000,0.000,50,0,35.8,48.4,83.0,0.669,12.128,12.167,12.146,12.070,1131,25.341,8.116,10.316,1.703,19.494,13.747,5.731,0.336,10.316,11.222,1.931,6.364,220.000,240.000,465.0,202.5,825.0,622.4,900.0,15.0,16.0,33.0,1.0,23.7,8.5,5.6,1.7,26.7,0.0,33,Yes,No,No,No,No,Yes,No,9.8,12.5,3,0,0,0,0,0,0,0,0,78,0,0,0,0,0,0,0,0,0,0,0,0,0,0,0,0,0,0,0,0,6249,1943,1777,92,5.0,239.7,259.6,225.0,221.9,222.9,221.8,0.0,0.0,0.0,0.0,0.0,0.0,4.17,4.51,3.86,3.70,4.55,4.57,0.19,0.51,4.10,0.08,0.00,0,0,0.0,0.0,64,103,11.1,77.0,0,
4.7.2026,1:6:57.236,15996,29998,34.7,11195,21487,34.2,0.0,13312,0,1.320,1.325,1.319,1.319,1.319,1.319,1.319,1.319,1.319,4117.6,4117.6,4117.6,4117.6,4117.6,4117.6,4117.6,4117.6,4117.6,99.8,680.9,2544.3,950.7,1063.0,1004.0,660.6,708.5,516.7,488.8,293.5,222.1,445.4,363.8,328.5,300.9,496.3,507.8,680.9,14.5,29.7,22.9,25.6,24.0,15.8,17.0,12.5,11.7,7.3,5.5,10.9,8.8,7.8,7.3,12.1,12.3,29.7,14.5,16.1,33.6,25.8,28.8,27.1,17.7,19.1,13.9,13.1,7.9,5.9,11.9,9.7,8.5,8.1,13.3,13.6,16.1,41.2,41.2,41.2,41.2,41.2,41.2,41.2,41.2,41.2,0.0,49.8,62.0,60.2,54.8,51.7,38.8,44.7,42.6,43.7,50.2,38.0,39.8,45.2,48.3,61.2,55.3,57.4,56.3,0.0,0.0,0.0,0.0,0.0,0.0,0.0,0.0,0.0,1197.8,12.00,16,16,16,39,55,661,1,62.9,57.8,59.0,55.0,56.8,56.4,55.7,54.8,54.0,54.4,53.9,54.5,52.8,52.9,52.7,48.0,44.1,1.331,1.025,1.331,7.516,9.871,7.525,44.328,29.008,2.371,3.324,3.201,2.547,2.216,1.679,2.005,1.820,2.179,9.960,10.147,20.107,29.046,1197.8,1197.8,4089.5,4104.1,4074.8,4399.5,33.0,12.5,49.3,60.9,52.3,No,No,No,0.853,0.137,4.0,43,95.0,100.0,No,No,90859,98745,31,99.0,No,No,3320,0.0,0.5,0.5,0.000,0.048,12390,10247,0.0,0.0,0.0,0.000,0.000,50,0,35.5,47.8,83.0,0.669,12.130,12.169,12.148,12.072,1130,21.434,7.497,9.940,1.533,17.858,12.326,5.522,0.336,9.940,9.789,1.458,6.264,220.000,240.000,315.0,101.2,555.0,336.2,600.0,33.0,31.0,55.0,3.0,23.7,12.3,9.5,2.4,37.4,0.0,33,Yes,No,No,No,No,Yes,No,9.0,11.2,3,0,0,0,0,0,0,0,0,79,0,0,0,0,0,0,0,0,0,0,0,0,0,0,0,0,0,0,0,0,6249,1943,1777,92,2.5,239.7,259.6,225.0,221.9,222.9,221.8,0.0,0.0,0.0,0.0,0.0,0.0,4.17,4.51,3.86,3.70,4.55,4.57,0.19,0.51,4.10,0.08,0.00,0,0,0.0,0.0,64,103,4.9,85.5,0,
4.7.2026,1:6:59.233,16003,29991,34.7,11204,21478,34.2,0.0,13312,0,1.327,1.325,1.325,1.325,1.325,1.325,1.325,1.331,1.331,4114.5,4117.6,4117.6,4117.6,4117.6,4117.6,4092.6,4117.6,4117.6,99.8,769.2,2813.4,1084.3,1496.8,855.7,798.4,753.0,606.2,645.8,282.4,251.6,568.0,394.6,407.2,361.9,532.1,455.7,769.2,16.2,34.6,25.8,35.9,20.1,18.8,17.8,14.2,15.3,6.7,5.9,13.4,9.2,9.3,8.5,12.6,10.7,35.9,16.2,18.4,39.3,29.4,40.8,22.9,21.4,20.3,16.2,17.4,7.5,6.7,15.2,10.5,10.5,9.7,14.2,12.1,18.4,41.2,41.2,41.2,41.2,41.2,41.2,41.0,41.2,41.2,0.0,56.0,68.5,67.5,60.8,58.5,44.6,51.6,49.2,47.4,44.0,31.5,32.5,39.2,41.5,55.4,48.4,50.8,52.6,0.0,0.0,0.0,0.0,0.0,0.0,0.0,0.0,0.0,1197.8,12.00,16,16,16,39,55,661,1,61.9,59.1,60.2,55.7,57.5,57.6,56.5,55.6,54.5,55.0,54.4,54.8,53.2,53.3,53.0,46.0,44.0,1.319,1.025,1.331,8.552,10.122,8.549,49.909,30.621,2.641,3.687,3.733,2.850,2.523,1.803,2.228,2.053,2.252,11.346,10.410,21.755,30.693,1197.8,1197.8,4097.0,4107.1,4086.9,4400.0,34.9,14.2,55.5,62.2,53.5,No,No,No,0.923,0.184,4.5,43,95.0,100.0,No,No,90859,98745,31,99.0,No,No,3320,0.0,0.1,0.1,0.000,0.012,12390,10247,0.0,0.0,0.0,0.000,0.000,50,0,36.8,50.0,83.0,0.919,12.118,12.156,12.140,12.058,1131,20.010,17.540,28.314,7.050,38.494,22.754,15.730,0.336,28.314,17.584,3.269,13.552,220.000,240.000,1725.0,1750.2,1515.0,352.3,1635.0,29.0,6.0,23.0,1.0,23.7,17.1,15.8,3.1,49.6,0.0,33,Yes,No,No,No,No,Yes,No,20.9,25.6,3,0,0,0,0,0,0,0,0,80,0,0,0,0,0,0,0,0,0,0,0,0,0,0,0,0,0,0,0,0,6248,1944,1777,91,8.0,45.9,267.9,5.2,4.4,4.4,4.4,10.1,77.5,2.2,2.1,2.1,2.1,21.67,191.35,1.55,0.52,229.27,229.27,0.72,0.60,21.45,0.22,1.35,0,0,0.0,0.0,64,103,2.2,118.0,0,
4.7.2026,1:7:1.227,16014,29980,34.8,11201,21480,34.2,0.0,13312,0,1.320,1.312,1.325,1.325,1.325,1.325,1.325,1.312,1.312,4052.1,4117.6,4117.6,4117.6,4117.6,3593.5,4117.6,4117.6,4117.6,99.8,658.9,2515.4,1013.8,1107.0,869.9,606.6,719.4,475.4,513.9,212.3,156.2,438.7,364.7,331.2,238.2,460.9,519.7,658.9,14.1,29.1,24.6,26.9,20.9,14.7,17.6,11.7,12.6,5.5,4.1,10.9,9.1,8.0,5.9,11.4,12.8,29.1,14.1,15.5,32.7,27.5,30.0,23.3,16.2,19.5,12.7,13.8,5.6,4.1,11.7,9.7,8.5,6.2,12.2,13.9,15.5,40.6,41.2,41.2,41.2,41.2,36.0,41.2,41.2,41.2,0.0,49.9,61.5,59.7,54.4,51.3,39.1,45.6,42.9,44.8,50.1,38.5,40.3,45.6,48.7,60.9,54.4,57.1,55.2,0.0,0.0,0.0,0.0,0.0,0.0,0.0,0.0,0.0,1197.8,12.00,16,16,16,39,55,661,1,60.0,57.8,59.0,55.1,56.8,56.3,56.0,54.9,54.0,54.6,53.8,54.6,53.1,53.2,52.9,47.8,43.9,1.331,1.025,1.331,7.475,10.458,7.476,44.263,29.510,2.357,3.349,3.189,2.552,2.182,1.603,2.038,1.788,2.157,9.880,10.748,20.627,29.556,1197.8,1197.8,4080.9,4097.2,4064.5,4400.0,33.6,12.5,49.2,60.8,52.2,No,No,No,0.806,0.140,4.0,43,95.0,100.0,No,No,90859,98745,31,99.0,No,No,3320,0.0,0.5,0.6,0.016,0.087,12390,10247,0.0,0.0,0.0,0.000,0.000,50,0,36.2,49.1,83.0,0.669,12.127,12.166,12.146,12.069,1131,45.667,8.391,11.135,2.032,20.016,13.818,6.186,0.336,11.135,11.263,1.451,6.539,220.000,240.000,780.0,202.5,825.0,1599.9,900.0,12.0,15.0,33.0,2.0,23.7,6.4,4.2,1.4,20.0,0.0,33,Yes,No,No,No,No,Yes,No,10.2,13.2,3,0,0,0,0,0,0,0,0,81,0,0,0,0,0,0,0,0,0,0,0,0,0,0,0,0,0,0,0,0,6247,1945,1778,91,5.0,239.7,254.4,225.2,224.3,224.3,224.3,1.2,1.2,1.2,1.2,1.2,1.2,4.17,4.49,3.89,3.81,4.50,4.51,0.40,0.26,4.09,0.08,4.05,0,0,0.0,0.0,64,104,1.6,317.2,0,
4.7.2026,1:7:3.229,16012,29982,34.8,11204,21478,34.2,0.0,13312,0,1.322,1.319,1.319,1.319,1.319,1.325,1.325,1.325,1.325,3855.5,4117.6,4117.6,4117.6,4117.6,3593.5,3593.5,3593.5,3593.5,99.8,598.6,2441.4,943.8,910.0,881.8,538.0,612.5,420.7,437.8,166.5,132.5,412.1,273.2,262.8,187.0,460.1,497.3,598.6,12.2,25.8,22.6,21.8,20.9,12.7,14.6,10.0,10.4,4.0,3.1,9.9,6.4,6.0,4.4,11.0,11.9,25.8,12.2,13.8,29.3,25.6,24.6,23.6,14.4,16.5,11.2,11.7,4.4,3.5,11.0,7.2,6.7,4.9,12.3,13.4,13.8,38.6,41.2,41.2,41.2,41.2,36.0,36.0,36.0,36.0,0.0,46.8,59.6,56.0,51.3,48.5,35.0,41.9,39.1,42.7,53.2,40.4,44.0,48.7,51.5,65.0,58.1,60.9,57.3,0.0,0.0,0.0,0.0,0.0,0.0,0.0,0.0,0.0,1197.8,12.00,16,16,16,39,55,661,1,66.2,57.6,58.8,54.7,56.2,56.1,55.2,54.4,53.6,54.2,53.5,54.4,52.8,52.9,52.6,45.8,43.5,1.312,1.038,1.325,6.947,10.247,6.945,41.448,28.559,2.229,3.156,3.058,2.332,2.064,1.507,1.905,1.665,2.146,9.189,10.530,19.719,28.633,1197.8,1197.8,4079.7,4096.6,4062.7,4399.4,32.5,11.6,46.1,60.7,51.3,No,No,No,0.799,0.133,3.7,43,95.0,100.0,No,No,90859,98745,31,99.0,No,No,3320,0.0,0.3,0.3,0.000,0.120,12390,10247,0.0,0.0,0.0,0.000,0.000,50,0,35.8,48.2,83.0,0.669,12.128,12.169,12.147,12.070,1129,22.085,8.165,10.575,1.789,19.593,13.711,5.875,0.336,10.575,11.155,1.458,6.583,220.000,240.000,480.0,202.5,555.0,584.0,600.0,18.0,17.0,34.0,2.0,23.7,10.3,7.5,2.0,31.5,0.0,33,Yes,No,No,No,No,Yes,No,9.9,12.5,3,0,0,0,0,0,0,0,0,81,0,0,0,0,0,0,0,0,0,0,0,0,0,0,0,0,0,0,0,0,6248,1944,1778,90,5.0,239.7,254.7,225.8,215.8,219.6,213.9,2.9,2.9,2.9,2.9,2.9,2.9,4.17,4.49,3.89,3.78,4.59,4.69,0.58,0.01,4.10,0.08,0.90,0,0,0.0,0.0,64,104,7.1,75.0,0,
4.7.2026,1:7:5.237,16002,29991,34.7,11201,21481,34.2,0.0,13312,0,1.314,1.312,1.312,1.312,1.312,1.312,1.312,1.319,1.319,4117.6,4117.6,4117.6,4117.6,4117.6,4117.6,4117.6,4117.6,4117.6,99.8,575.2,2311.4,858.1,973.7,677.1,543.2,542.8,409.9,384.1,161.0,143.4,384.7,286.1,261.5,237.3,586.1,442.9,575.2,11.4,24.7,20.3,23.0,15.4,12.5,12.5,9.3,8.6,3.4,3.0,8.9,6.4,5.6,5.2,13.8,10.2,24.7,11.4,13.3,28.3,23.3,26.4,17.8,14.5,14.6,10.9,10.2,4.2,3.7,10.2,7.5,6.7,6.3,15.8,11.8,13.3,41.2,41.2,41.2,41.2,41.2,41.2,41.2,41.2,41.2,0.0,45.4,56.6,52.8,49.3,46.2,35.1,41.2,39.0,43.1,54.6,43.4,47.2,50.7,53.8,64.9,58.8,61.0,56.9,0.0,0.0,0.0,0.0,0.0,0.0,0.0,0.0,0.0,1197.8,12.00,16,16,16,39,55,661,1,63.4,57.0,58.5,54.5,55.6,55.5,55.0,54.1,53.5,54.0,53.4,54.4,52.6,52.8,52.5,47.5,43.9,1.337,1.031,1.331,6.644,10.175,6.645,40.039,28.109,2.139,2.857,2.816,2.268,1.962,1.487,1.845,1.678,2.200,8.770,10.455,19.225,28.134,1197.8,1197.8,4070.5,4086.6,4054.4,4400.0,32.0,11.1,44.5,60.0,51.0,No,No,No,0.721,0.132,3.6,43,95.0,100.0,No,No,90859,98745,31,99.0,No,No,3320,0.0,0.3,0.3,0.000,0.057,12390,10247,0.0,0.0,0.0,0.000,0.000,50,0,35.7,48.0,83.0,0.669,12.127,12.167,12.146,12.069,1129,21.377,7.955,10.131,1.679,19.409,13.770,5.628,0.336,10.131,11.299,1.309,5.856,220.000,240.000,450.0,202.5,555.0,448.4,600.0,19.0,15.0,49.0,2.0,23.7,14.7,8.3,2.8,47.8,0.0,33,Yes,No,No,No,No,Yes,No,9.7,12.3,3,0,0,0,0,0,0,0,0,83,0,0,0,0,0,0,0,0,0,0,0,0,0,0,0,0,0,0,0,0,6248,1944,1778,91,5.0,239.7,254.7,225.8,215.8,219.6,213.9,2.9,2.9,2.9,2.9,2.9,2.9,4.17,4.49,3.89,3.78,4.59,4.69,0.58,0.01,4.10,0.08,0.90,0,0,0.0,0.0,64,104,1.5,89.2,0,
4.7.2026,1:7:7.239,16008,29985,34.8,11208,21474,34.2,0.0,13312,0,1.323,1.312,1.325,1.325,1.325,1.325,1.325,1.325,1.325,4117.6,4117.6,4117.6,4117.6,4117.6,4117.6,4117.6,4117.6,4117.6,99.8,605.4,2551.5,946.1,936.0,835.9,535.2,601.6,422.5,428.3,168.7,141.8,412.6,271.8,252.3,207.6,441.5,532.6,605.4,12.5,29.2,22.7,22.5,19.8,12.7,14.4,10.1,10.3,4.2,3.6,10.0,6.5,5.9,5.0,10.7,12.9,29.2,12.5,14.0,33.1,25.7,25.3,22.4,14.3,16.1,11.3,11.4,4.5,3.7,11.0,7.2,6.4,5.5,11.7,14.3,14.0,41.2,41.2,41.2,41.2,41.2,41.2,41.2,41.2,41.2,0.0,47.3,62.1,56.2,51.6,48.5,35.8,42.2,39.5,42.6,52.7,37.9,43.8,48.4,51.5,64.2,57.8,60.5,57.4,0.0,0.0,0.0,0.0,0.0,0.0,0.0,0.0,0.0,1197.8,12.00,16,16,16,39,55,661,1,70.4,58.0,59.8,54.8,57.1,55.8,55.3,54.4,53.7,54.2,53.5,54.6,52.7,52.9,52.6,47.5,43.7,1.337,1.031,1.331,7.123,9.548,7.126,42.129,28.125,2.276,3.425,2.974,2.351,2.077,1.542,1.918,1.702,2.218,9.448,9.816,19.265,28.187,1197.8,1197.8,4090.4,4105.4,4075.4,4399.2,32.0,11.9,46.8,61.1,51.7,No,No,No,0.846,0.138,3.8,43,95.0,100.0,No,No,90859,98745,31,99.0,No,No,3320,0.0,0.3,0.3,0.000,0.042,12390,10248,0.0,0.0,0.0,0.000,0.000,50,0,35.4,47.6,83.0,0.669,12.125,12.163,12.144,12.069,1131,20.007,7.404,9.668,1.447,17.767,12.395,5.371,0.336,9.668,9.890,1.301,6.199,220.000,240.000,330.0,101.2,555.0,297.5,600.0,31.0,32.0,53.0,3.0,23.7,16.3,11.7,3.1,50.4,0.0,33,Yes,No,No,No,No,Yes,No,8.9,11.2,3,0,0,0,0,0,0,0,0,84,0,0,0,0,0,0,0,0,0,0,0,0,0,0,0,0,0,0,0,0,6248,1944,1778,91,2.5,239.7,254.7,225.8,215.8,219.6,213.9,2.9,2.9,2.9,2.9,2.9,2.9,4.17,4.49,3.89,3.78,4.59,4.69,0.58,0.01,4.10,0.08,0.90,0,0,0.0,0.0,64,104,1.9,90.4,0,
4.7.2026,1:7:9.231,16005,29988,34.7,11204,21478,34.2,0.0,13312,0,1.375,1.375,1.375,1.375,1.375,1.375,1.375,1.375,1.375,3808.8,4117.6,4117.6,4117.6,4117.6,3294.1,3294.1,3294.1,4117.6,99.8,689.6,2522.5,897.2,1074.7,1028.9,625.5,637.3,432.5,563.6,210.7,207.1,374.4,340.8,275.6,257.9,731.3,854.0,689.6,14.7,30.2,21.6,25.9,24.6,15.0,15.3,10.4,13.6,5.2,5.1,9.1,8.3,6.4,6.2,17.7,20.7,30.2,14.7,16.4,34.2,24.4,29.2,27.8,16.8,17.1,11.6,15.1,5.6,5.5,9.9,9.0,7.0,6.8,19.8,23.3,16.4,38.2,41.2,41.2,41.2,41.2,33.0,33.0,33.0,41.2,0.0,50.4,61.5,62.1,53.3,50.6,38.6,44.3,41.7,51.3,49.6,38.5,37.9,46.7,49.4,61.4,55.7,58.3,48.7,0.0,0.0,0.0,0.0,0.0,0.0,0.0,0.0,0.0,1197.8,12.00,16,16,16,39,55,661,1,67.6,58.8,71.2,55.2,56.4,56.2,55.6,54.8,53.9,54.5,53.7,56.2,52.8,52.9,52.7,45.5,43.5,1.375,1.044,1.381,7.838,9.628,7.825,44.875,29.086,2.466,3.236,3.203,2.532,2.255,1.686,1.974,1.793,3.051,10.456,9.902,20.357,29.261,1197.8,1197.8,4091.0,4104.9,4077.2,4397.9,33.3,13.0,49.9,61.9,52.8,No,No,No,0.834,0.136,4.0,43,95.0,100.0,No,No,90859,98745,31,99.0,No,No,3320,0.0,0.3,0.3,0.016,0.081,12390,10248,0.0,0.0,0.0,0.000,0.000,50,0,35.4,47.6,83.0,0.669,12.131,12.172,12.149,12.073,1131,19.859,7.830,10.183,1.753,18.418,12.762,5.657,0.336,10.183,10.339,1.752,6.915,220.000,240.000,360.0,101.2,555.0,335.1,600.0,37.0,35.0,57.0,3.0,23.7,17.3,14.3,3.2,51.8,0.0,33,Yes,No,No,No,No,Yes,No,9.3,11.5,3,0,0,0,0,0,0,0,0,84,0,0,0,0,0,0,0,0,0,0,0,0,0,0,0,0,0,0,0,0,6248,1944,1778,91,2.5,239.7,253.7,222.7,211.9,210.8,210.8,4.3,4.3,4.3,4.3,4.3,4.3,4.17,4.54,3.90,3.89,4.91,4.91,1.33,0.01,4.09,0.08,16.95,0,0,0.0,0.0,64,105,2.7,92.4,0,
4.7.2026,1:7:11.233,16002,29992,34.7,11203,21479,34.2,0.0,13312,0,1.319,1.319,1.319,1.319,1.319,1.319,1.319,1.319,1.319,4048.9,3593.5,4117.6,4117.6,4117.6,4117.6,4117.6,4117.6,4092.6,99.8,611.2,2403.3,936.9,897.7,769.7,489.2,622.0,366.6,473.7,195.9,163.9,339.0,302.0,233.5,220.3,583.1,782.3,611.2,12.7,26.7,22.5,21.5,18.1,11.6,14.9,8.7,11.3,4.7,3.9,8.2,7.1,5.4,5.2,14.0,18.9,26.7,12.7,14.2,30.2,25.4,24.2,20.6,13.1,16.7,9.8,12.6,5.2,4.3,9.0,7.9,6.0,5.8,15.7,21.3,14.2,40.6,36.0,41.2,41.2,41.2,41.2,41.2,41.2,41.0,0.0,47.2,58.8,54.9,50.7,47.9,35.9,41.7,38.7,49.0,52.8,41.2,45.1,49.3,52.1,64.1,58.3,61.3,51.0,0.0,0.0,0.0,0.0,0.0,0.0,0.0,0.0,0.0,1197.8,12.00,16,16,16,39,55,661,1,65.4,59.9,59.0,55.4,56.6,56.0,55.5,54.9,53.9,55.0,53.8,57.6,53.1,53.2,53.0,47.0,44.3,1.306,1.031,1.325,7.596,9.971,7.605,41.955,29.370,2.399,3.149,2.922,2.388,2.117,1.584,1.931,1.739,3.364,10.159,10.251,20.410,29.332,1197.8,1197.8,4087.1,4098.0,4076.3,4378.3,33.3,12.7,46.6,63.1,52.7,No,No,No,0.698,0.136,3.8,43,95.0,100.0,No,No,90859,98745,31,99.0,No,No,3320,0.0,0.3,0.3,0.000,0.052,12390,10248,0.0,0.0,0.0,0.000,0.000,50,0,35.4,47.7,83.0,0.669,12.129,12.170,12.147,12.071,1129,20.401,7.877,10.021,1.546,19.302,13.724,5.567,0.336,10.021,11.163,1.302,5.789,220.000,240.000,435.0,202.5,555.0,415.4,600.0,18.0,15.0,49.0,2.0,23.5,16.2,11.3,3.1,50.4,0.0,33,Yes,No,No,No,No,Yes,No,9.6,12.3,3,0,0,0,0,0,0,0,0,85,0,0,0,0,0,0,0,0,0,0,0,0,0,0,0,0,0,0,0,0,6266,1926,1759,91,5.0,239.7,253.7,222.7,211.9,210.8,210.8,4.3,4.3,4.3,4.3,4.3,4.3,4.17,4.54,3.90,3.89,4.91,4.91,1.33,0.01,4.09,0.08,16.95,0,0,0.0,0.0,64,105,1.6,87.0,0,
4.7.2026,1:7:13.229,16000,29993,34.7,11199,21483,34.2,0.0,13312,0,1.319,1.319,1.319,1.319,1.319,1.319,1.319,1.319,1.319,3808.8,4117.6,4117.6,4117.6,4117.6,3294.1,3294.1,3294.1,4117.6,99.8,601.6,2428.3,977.0,924.8,808.0,505.9,682.6,363.3,496.4,180.2,231.8,324.9,353.0,255.8,264.0,442.0,387.9,601.6,12.4,25.7,23.6,22.3,19.1,12.1,16.4,8.8,11.9,3.8,5.1,8.0,8.6,6.1,6.4,10.7,9.4,25.7,12.4,13.8,29.0,26.6,25.0,21.5,13.5,18.4,9.7,13.3,4.8,6.2,8.6,9.4,6.5,6.9,11.8,10.3,13.8,38.2,41.2,41.2,41.2,41.2,33.0,33.0,33.0,41.2,0.0,46.3,59.3,54.3,51.2,47.6,36.6,41.4,39.4,40.9,53.7,40.7,45.7,48.8,52.4,63.4,58.6,60.6,59.1,0.0,0.0,0.0,0.0,0.0,0.0,0.0,0.0,0.0,1197.8,12.00,16,16,16,39,55,661,1,62.6,57.1,57.8,54.5,56.1,55.4,55.0,54.3,53.6,53.9,53.5,54.1,52.6,52.7,52.5,45.8,43.7,1.325,1.025,1.325,6.808,9.718,6.809,41.009,27.813,2.184,3.046,2.898,2.297,2.034,1.622,1.866,1.698,2.009,8.985,9.989,18.973,27.888,1197.8,1197.8,4080.2,4093.4,4067.0,4399.7,31.7,11.3,45.6,60.1,51.2,No,No,No,0.784,0.136,3.7,43,95.0,100.0,No,No,90859,98745,31,99.0,No,No,3320,0.0,0.2,0.2,0.000,0.050,12390,10248,0.0,0.0,0.0,0.000,0.000,50,0,35.2,47.5,83.0,0.669,12.130,12.170,12.147,12.072,1128,20.896,7.386,9.533,1.473,17.674,12.374,5.296,0.336,9.533,9.961,1.303,6.380,220.000,240.000,315.0,101.2,555.0,360.6,600.0,30.0,31.0,54.0,3.0,23.5,15.5,10.1,3.0,48.9,0.0,33,Yes,No,No,No,No,Yes,No,8.9,11.6,3,0,0,0,0,0,0,0,0,86,0,0,0,0,0,0,0,0,0,0,0,0,0,0,0,0,0,0,0,0,6266,1926,1759,91,2.5,239.7,253.7,221.7,217.8,219.3,217.2,0.0,0.0,0.0,0.0,0.0,0.0,4.17,4.61,3.83,3.79,4.66,4.70,1.34,0.01,4.09,0.08,0.00,0,0,0.0,0.0,64,105,4.7,91.6,0,
4.7.2026,1:7:15.225,16002,29992,34.7,11202,21480,34.2,0.0,13312,0,1.321,1.325,1.319,1.319,1.319,1.319,1.319,1.325,1.325,4117.6,4117.6,4117.6,4117.6,4117.6,4117.6,4117.6,4117.6,4117.6,99.8,672.3,2490.4,1016.5,1106.4,927.8,555.1,712.2,431.1,583.4,214.2,238.8,452.0,402.6,320.5,302.2,574.9,429.5,672.3,14.2,28.3,24.5,26.7,22.0,13.3,17.1,9.6,13.9,6.0,6.5,11.0,9.7,7.5,7.2,14.0,10.3,28.3,14.2,15.9,32.0,27.7,30.1,24.9,14.9,19.2,11.6,15.7,5.7,6.4,12.2,10.7,8.3,8.0,15.5,11.4,15.9,41.2,41.2,41.2,41.2,41.2,41.2,41.2,41.2,41.2,0.0,48.5,60.8,58.4,52.4,50.2,37.6,44.2,41.2,42.9,51.5,39.2,41.6,47.6,49.8,62.4,55.8,58.8,57.1,0.0,0.0,0.0,0.0,0.0,0.0,0.0,0.0,0.0,1197.8,12.00,16,16,16,39,55,661,1,69.8,57.2,58.8,54.7,56.2,55.9,55.3,54.5,53.7,54.2,53.5,54.2,52.6,52.7,52.5,47.2,43.8,1.319,1.025,1.325,7.272,10.008,7.273,43.020,28.766,2.304,3.181,3.125,2.405,2.168,1.615,1.992,1.785,2.159,9.623,10.288,19.911,28.825,1197.8,1197.8,4085.4,4099.4,4071.5,4400.0,32.8,12.1,47.8,60.2,52.0,No,No,No,0.776,0.138,3.9,43,95.0,100.0,No,No,90859,98745,31,99.0,No,No,3320,0.0,0.2,0.2,0.008,0.058,12390,10248,0.0,0.0,0.0,0.000,0.000,50,0,35.4,47.7,83.0,0.669,12.128,12.167,12.146,12.070,1129,19.798,7.917,10.161,1.570,19.301,13.651,5.645,0.336,10.161,11.055,1.303,5.991,220.000,240.000,450.0,202.5,555.0,366.1,600.0,19.0,16.0,49.0,2.0,23.7,17.1,14.0,3.4,51.0,0.0,33,Yes,No,No,No,No,Yes,No,9.6,12.5,3,0,0,0,0,0,0,0,0,87,0,0,0,0,0,0,0,0,0,0,0,0,0,0,0,0,0,0,0,0,6251,1941,1775,92,5.0,239.8,254.9,225.4,214.4,218.8,212.8,1.7,1.7,1.7,1.7,1.7,1.7,4.17,4.48,3.90,3.88,4.62,4.75,0.69,0.01,4.09,0.08,0.36,0,0,0.0,0.0,64,105,3.4,225.6,0,
4.7.2026,1:7:17.238,16002,29992,34.7,11202,21480,34.2,0.0,13312,0,1.320,1.325,1.319,1.319,1.319,1.319,1.319,1.319,1.319,4117.6,4117.6,4117.6,4117.6,4117.6,4117.6,4117.6,4117.6,4117.6,99.8,587.3,2385.1,885.0,839.9,961.8,487.9,637.3,375.4,475.5,159.9,160.4,379.9,292.9,211.6,237.8,493.9,412.5,587.3,11.8,26.2,20.9,19.8,22.5,11.2,14.9,9.3,10.9,3.5,3.5,8.8,6.6,4.4,5.3,11.4,9.4,26.2,11.8,13.6,30.0,24.0,22.6,25.9,13.0,17.1,10.0,12.7,4.2,4.2,10.1,7.7,5.3,6.2,13.2,11.0,13.6,41.2,41.2,41.2,41.2,41.2,41.2,41.2,41.2,41.2,0.0,46.1,58.3,55.6,50.2,47.5,35.5,41.8,38.8,41.5,53.9,41.7,44.4,49.8,52.5,64.5,58.2,61.2,58.5,0.0,0.0,0.0,0.0,0.0,0.0,0.0,0.0,0.0,1197.8,12.00,16,16,16,39,55,661,1,66.6,56.8,59.2,54.3,55.9,55.3,54.9,54.0,53.4,53.8,53.2,54.2,52.5,52.6,52.4,48.0,44.3,1.319,1.031,1.331,6.674,9.792,6.675,40.866,27.735,2.166,3.065,2.842,2.298,2.009,1.517,1.853,1.636,2.109,8.813,10.063,18.876,27.784,1197.8,1197.8,4082.6,4095.7,4069.5,4400.0,31.6,11.1,45.4,59.8,50.6,No,No,No,0.714,0.136,3.7,43,95.0,100.0,No,No,90859,98745,31,99.0,No,No,3320,0.0,0.6,0.6,0.000,0.018,12390,10248,0.0,0.0,0.0,0.000,0.000,50,0,35.2,47.4,83.0,0.669,12.129,12.167,12.147,12.072,1131,21.034,7.380,9.562,1.423,17.711,12.386,5.312,0.336,9.562,9.915,1.293,6.302,220.000,240.000,300.0,101.2,555.0,403.6,600.0,31.0,31.0,54.0,3.0,23.7,15.1,9.3,2.9,48.3,0.0,33,Yes,No,No,No,No,Yes,No,8.9,13.0,3,0,0,0,0,0,0,0,0,88,0,0,0,0,0,0,0,0,0,0,0,0,0,0,0,0,0,0,0,0,6251,1941,1775,92,2.5,239.7,256.9,223.3,216.1,219.2,215.3,1.5,1.5,1.5,1.5,1.5,1.5,4.23,6.64,2.64,1.50,8.16,9.66,1.69,0.01,4.05,0.18,19.28,0,0,0.0,0.0,64,106,1.4,78.7,0,
4.7.2026,1:7:19.228,15999,29995,34.7,11203,21478,34.2,0.0,13312,0,1.088,1.306,1.056,1.056,1.056,1.056,1.056,1.056,1.056,4117.6,4117.6,4117.6,4117.6,4117.6,4117.6,4117.6,4117.6,4117.6,99.8,623.5,2465.7,925.4,965.0,904.1,540.0,670.2,409.4,473.6,162.3,172.7,331.3,323.3,284.5,252.8,531.8,563.4,623.5,13.1,26.6,22.5,23.4,21.6,13.1,16.3,10.0,11.5,4.2,4.4,8.2,8.0,6.8,6.2,13.0,13.7,26.6,13.1,14.4,29.9,25.2,26.1,24.2,14.5,18.0,10.9,12.6,4.3,4.5,8.8,8.5,7.3,6.6,14.2,15.2,14.4,41.2,41.2,41.2,41.2,41.2,41.2,41.2,41.2,41.2,0.0,47.6,60.2,57.4,52.4,48.7,36.3,42.0,40.4,43.6,52.4,39.8,42.6,47.6,51.3,63.7,58.0,59.6,56.4,0.0,0.0,0.0,0.0,0.0,0.0,0.0,0.0,0.0,1197.8,12.00,16,16,16,39,55,661,1,63.9,57.5,59.5,54.4,55.9,55.9,54.9,54.2,53.3,53.8,53.3,54.3,52.4,52.5,52.3,46.2,43.8,1.306,1.019,1.300,7.020,9.595,7.020,42.279,28.001,2.243,3.116,3.036,2.346,2.059,1.541,1.857,1.729,2.255,9.290,9.864,19.154,28.068,1197.8,1197.8,4083.4,4099.9,4066.9,4399.4,31.9,11.7,47.0,60.5,51.5,No,No,No,0.812,0.136,3.8,43,95.0,100.0,No,No,90859,98745,31,99.0,No,No,3320,0.0,0.7,0.7,0.000,0.087,12390,10248,0.0,0.0,0.0,0.000,0.000,50,0,35.2,47.4,83.0,0.669,12.128,12.165,12.147,12.072,1129,19.771,7.453,9.636,1.630,17.698,12.337,5.353,0.336,9.636,10.044,1.564,6.294,220.000,240.000,405.0,101.2,555.0,392.1,600.0,31.0,31.0,54.0,3.0,23.7,17.6,14.8,3.3,52.5,0.0,33,Yes,No,No,No,No,Yes,No,8.9,11.5,3,0,0,0,0,0,0,0,0,88,0,0,0,0,0,0,0,0,0,0,0,0,0,0,0,0,0,0,0,0,6251,1941,1775,92,2.5,239.7,256.9,223.3,216.1,219.2,215.3,1.5,1.5,1.5,1.5,1.5,1.5,4.23,6.64,2.64,1.50,8.16,9.66,1.69,0.01,4.05,0.18,19.28,0,0,0.0,0.0,64,106,1.4,93.1,0,
4.7.2026,1:7:21.236,15991,30002,34.7,11191,21491,34.2,0.0,13312,0,1.309,1.306,1.288,1.312,1.312,1.312,1.312,1.312,1.312,4117.6,4117.6,4117.6,4117.6,4117.6,4117.6,4117.6,4117.6,4117.6,99.8,568.0,2483.0,849.1,883.1,750.5,513.2,560.8,341.5,430.0,133.4,137.6,339.4,299.2,204.2,209.2,573.9,379.8,568.0,11.3,28.8,20.0,20.8,17.1,11.8,12.9,7.8,9.8,2.9,3.0,7.9,6.8,4.3,4.7,13.6,8.8,28.8,11.3,13.1,33.0,23.0,23.8,19.7,13.7,15.0,9.1,11.4,3.5,3.7,9.1,7.9,5.1,5.5,15.5,10.1,13.1,41.2,41.2,41.2,41.2,41.2,41.2,41.2,41.2,41.2,0.0,46.4,60.5,54.5,50.6,47.7,34.7,41.5,38.8,42.6,53.6,39.5,45.5,49.4,52.3,65.3,58.5,61.2,57.4,0.0,0.0,0.0,0.0,0.0,0.0,0.0,0.0,0.0,1197.8,12.00,16,16,16,39,55,661,1,61.4,56.9,58.5,54.3,56.1,55.0,54.9,53.9,53.2,53.8,53.1,54.1,52.5,52.6,52.3,46.2,43.4,1.325,1.025,1.325,6.698,9.547,6.698,41.342,27.513,2.171,3.186,2.760,2.284,2.001,1.478,1.864,1.633,2.162,8.866,9.813,18.679,27.582,1197.8,1197.8,4093.2,4107.7,4078.6,4400.0,31.3,11.2,45.9,59.9,50.8,No,No,No,0.692,0.133,3.7,43,95.0,100.0,No,No,90859,98745,31,99.0,No,No,3320,0.0,0.5,0.5,0.000,0.022,12390,10248,0.0,0.0,0.0,0.000,0.000,50,0,35.2,47.2,83.0,0.669,12.125,12.160,12.145,12.069,1128,19.819,7.700,9.751,1.544,17.743,12.323,5.417,0.336,9.751,9.881,3.917,6.340,220.000,240.000,375.0,101.2,555.0,402.8,600.0,29.0,31.0,54.0,3.0,23.6,17.0,13.1,3.2,51.8,0.0,33,Yes,No,No,No,No,Yes,No,8.9,11.7,3,0,0,0,0,0,0,0,0,88,0,0,0,0,0,0,0,0,0,0,0,0,0,0,0,0,0,0,0,0,6261,1931,1765,92,2.5,239.7,256.9,223.3,216.1,219.2,215.3,1.5,1.5,1.5,1.5,1.5,1.5,4.23,6.64,2.64,1.50,8.16,9.66,1.69,0.01,4.05,0.18,19.28,0,0,0.0,0.0,64,106,1.9,85.7,0,
4.7.2026,1:7:23.237,16012,29982,34.8,11205,21477,34.2,0.0,13312,0,1.274,1.050,1.306,1.306,1.306,1.306,1.306,1.306,1.306,4117.6,4117.6,4117.6,4117.6,4117.6,4117.6,4117.6,4117.6,4117.6,99.8,581.3,2493.8,778.9,919.9,824.9,657.5,482.7,440.2,400.1,164.2,153.4,375.1,267.6,237.2,209.0,530.6,365.5,581.3,12.1,31.3,18.6,22.1,19.7,15.7,11.5,10.6,9.4,4.0,3.7,9.1,6.4,5.4,5.0,12.8,8.7,31.3,12.1,13.6,35.3,21.1,24.9,22.3,17.6,12.8,11.8,10.6,4.4,4.0,10.0,7.0,6.0,5.4,14.2,9.6,13.6,41.2,41.2,41.2,41.2,41.2,41.2,41.2,41.2,41.2,0.0,47.0,61.0,56.3,51.3,48.7,35.5,42.1,39.1,42.1,53.0,39.0,43.7,48.7,51.3,64.5,57.9,60.9,57.9,0.0,0.0,0.0,0.0,0.0,0.0,0.0,0.0,0.0,1197.8,12.00,16,16,16,39,55,661,1,68.8,57.0,57.2,54.2,56.3,55.2,54.8,53.8,53.3,53.6,53.1,53.8,52.3,52.5,52.2,47.5,43.9,1.337,1.025,1.325,6.796,10.102,6.796,41.639,28.187,2.189,3.259,2.889,2.320,2.006,1.503,1.830,1.642,2.064,8.959,10.381,19.340,28.251,1197.8,1197.8,4077.9,4096.5,4059.2,4399.4,32.1,11.3,46.3,60.0,50.9,No,No,No,0.790,0.134,3.8,43,95.0,100.0,No,No,90859,98745,31,99.0,No,No,3320,0.0,0.1,0.1,0.008,0.103,12390,10248,0.0,0.0,0.0,0.000,0.000,50,0,35.2,47.7,83.0,0.669,12.127,12.167,12.146,12.069,1127,20.216,7.820,9.875,1.399,19.203,13.711,5.486,0.336,9.875,11.076,1.289,5.948,220.000,240.000,450.0,202.5,555.0,384.9,600.0,19.0,15.0,49.0,2.0,23.8,16.5,12.2,3.3,50.7,0.0,33,Yes,No,No,No,No,Yes,No,9.5,12.3,3,0,0,0,0,0,0,0,0,89,0,0,0,0,0,0,0,0,0,0,0,0,0,0,0,0,0,0,0,0,6244,1948,1781,92,5.0,239.7,256.9,223.3,216.1,219.2,215.3,1.5,1.5,1.5,1.5,1.5,1.5,4.23,6.64,2.64,1.50,8.16,9.66,1.69,0.01,4.05,0.18,19.28,0,0,0.0,0.0,64,106,1.5,89.7,0,
4.7.2026,1:7:25.235,16003,29991,34.7,11196,21486,34.2,0.0,13312,0,1.384,1.369,1.381,1.387,1.387,1.387,1.387,1.387,1.387,4014.6,4117.6,4117.6,4117.6,4117.6,4117.6,4117.6,3294.1,4117.6,99.8,621.7,2469.9,656.6,858.9,882.2,689.8,552.5,525.8,458.1,242.3,166.2,372.4,307.8,291.8,203.9,551.1,717.6,621.7,13.3,32.9,15.7,20.6,21.0,16.6,13.2,12.7,10.9,6.1,4.2,9.1,7.5,6.9,4.9,13.3,17.4,32.9,13.3,14.8,37.1,17.7,23.1,23.7,18.6,14.8,14.2,12.2,6.6,4.4,9.9,8.1,7.6,5.3,14.8,19.5,14.8,40.2,41.2,41.2,41.2,41.2,41.2,41.2,33.0,41.2,0.0,48.6,60.3,56.9,53.5,50.8,36.8,42.8,40.3,47.7,51.4,39.7,43.1,46.5,49.2,63.2,57.2,59.7,52.3,0.0,0.0,0.0,0.0,0.0,0.0,0.0,0.0,0.0,1197.8,12.00,16,16,16,39,55,661,1,76.0,59.2,73.0,55.0,56.2,55.7,55.7,54.6,53.8,54.4,53.5,56.2,52.6,52.7,52.5,45.5,43.6,1.388,1.031,1.387,7.767,9.811,7.756,43.313,29.239,2.450,3.172,3.044,2.608,2.278,1.691,1.998,1.785,3.026,10.372,10.087,20.459,29.352,1197.8,1197.8,4092.7,4104.4,4081.1,4397.3,33.4,12.9,48.1,62.3,52.7,No,No,No,0.735,0.135,3.9,43,95.0,100.0,No,No,90859,98745,31,99.0,No,No,3320,0.0,0.5,0.5,0.000,0.069,12390,10249,0.0,0.0,0.0,0.000,0.000,50,0,35.0,47.3,83.0,0.669,12.132,12.171,12.150,12.075,1132,20.743,7.497,9.715,1.534,17.861,12.461,5.397,0.336,9.715,10.027,1.398,6.523,220.000,240.000,330.0,101.2,555.0,375.8,600.0,31.0,31.0,54.0,3.0,23.8,15.4,10.1,2.9,48.7,0.0,33,Yes,No,No,No,No,Yes,No,9.0,12.0,3,0,0,0,0,0,0,0,0,90,0,0,0,0,0,0,0,0,0,0,0,0,0,0,0,0,0,0,0,0,6244,1948,1781,92,2.5,32.4,326.0,10.0,10.0,10.0,10.0,0.0,0.0,0.0,0.0,0.0,0.0,30.90,99.98,2.23,2.21,100.01,100.01,4.50,0.01,30.06,0.84,0.00,0,0,0.0,0.0,64,106,1.8,88.2,0,
4.7.2026,1:7:27.226,16006,29988,34.8,11201,21481,34.2,0.0,13312,0,1.306,1.306,1.306,1.306,1.306,1.306,1.306,1.306,1.306,4117.6,4117.6,4117.6,4117.6,4117.6,4117.6,4117.6,4117.6,4117.6,99.8,576.2,2260.3,553.8,834.6,744.1,610.4,461.2,458.5,443.6,154.5,158.8,413.8,284.2,322.1,220.8,583.8,715.5,576.2,12.6,31.5,13.4,20.4,17.9,15.0,11.3,11.3,10.9,3.3,3.4,10.4,7.1,7.9,5.5,14.4,17.5,31.5,12.6,13.8,35.0,14.9,22.5,19.8,16.4,12.3,12.3,11.9,4.1,4.2,11.1,7.4,8.4,5.7,15.7,19.4,13.8,41.2,41.2,41.2,41.2,41.2,41.2,41.2,41.2,41.2,0.0,45.4,55.5,51.2,47.9,47.0,35.1,41.0,39.4,46.2,54.6,44.5,48.8,52.1,53.0,64.9,59.0,60.6,53.8,0.0,0.0,0.0,0.0,0.0,0.0,0.0,0.0,0.0,1197.8,12.00,16,16,16,39,55,661,1,72.9,58.5,59.0,54.8,55.7,55.5,55.0,54.6,53.6,54.5,53.5,56.2,52.7,52.8,52.6,47.2,43.7,1.325,1.031,1.331,7.009,10.575,7.018,39.850,29.078,2.266,2.929,2.773,2.270,2.182,1.520,1.912,1.697,2.843,9.305,10.866,20.171,29.092,1197.8,1197.8,4055.9,4075.5,4036.3,4394.9,33.1,11.7,44.3,61.5,51.1,No,No,No,0.715,0.134,3.6,43,95.0,100.0,No,No,90859,98745,31,99.0,No,No,3320,0.0,0.3,0.3,0.000,0.044,12390,10249,0.0,0.0,0.0,0.000,0.000,50,0,37.2,50.9,83.0,0.919,12.117,12.154,12.138,12.057,1129,40.493,17.065,26.939,6.320,37.469,22.487,14.966,0.336,26.939,17.203,3.281,14.714,220.000,240.000,1725.0,1750.2,1515.0,1724.5,1635.0,5.0,2.0,18.0,1.0,23.8,8.6,6.1,1.7,26.6,0.0,33,Yes,No,No,No,No,Yes,No,20.1,25.1,3,0,0,0,0,0,0,0,0,91,0,0,0,0,0,0,0,0,0,0,0,0,0,0,0,0,0,0,0,0,6244,1948,1781,92,8.0,32.4,326.0,10.0,10.0,10.0,10.0,0.0,0.0,0.0,0.0,0.0,0.0,30.90,99.98,2.23,2.21,100.01,100.01,4.50,0.01,30.06,0.84,0.00,0,0,0.0,0.0,64,106,1.6,91.4,0,
4.7.2026,1:7:29.230,16006,29988,34.8,11204,21478,34.2,0.0,13312,0,1.283,1.050,1.312,1.312,1.312,1.319,1.319,1.319,1.319,4117.6,4117.6,4117.6,4117.6,4117.6,4117.6,4117.6,4117.6,4117.6,99.8,593.9,2355.4,642.9,893.0,953.9,751.3,476.5,509.8,398.5,181.4,175.3,412.0,272.4,252.7,221.1,570.3,435.9,593.9,12.6,31.8,15.1,21.3,22.6,17.9,11.2,12.1,9.2,5.0,4.8,9.9,6.3,5.7,5.1,13.6,10.2,31.8,12.6,14.2,36.0,17.3,24.1,25.7,20.3,12.7,13.7,10.5,4.8,4.6,11.0,7.1,6.5,5.7,15.3,11.6,14.2,41.2,41.2,41.2,41.2,41.2,41.2,41.2,41.2,41.2,0.0,46.8,57.6,56.2,50.9,48.2,36.8,42.3,39.3,43.0,53.2,42.4,43.8,49.1,51.8,63.2,57.7,60.7,57.0,0.0,0.0,0.0,0.0,0.0,0.0,0.0,0.0,0.0,1197.8,12.00,16,16,16,39,55,661,1,69.9,57.4,59.8,54.4,56.0,55.8,55.0,54.1,53.3,53.8,53.3,54.1,52.4,52.5,52.3,47.2,43.8,1.331,1.025,1.337,6.923,10.586,6.919,41.400,28.902,2.229,3.109,3.067,2.340,2.051,1.571,1.868,1.663,2.160,9.151,10.878,20.029,28.940,1197.8,1197.8,4075.9,4093.8,4058.0,4399.6,32.9,11.5,46.0,60.4,51.1,No,No,No,0.821,0.135,3.7,43,95.0,100.0,No,No,90859,98745,31,99.0,No,No,3320,0.0,0.4,0.4,0.008,0.100,12390,10249,0.0,0.0,0.0,0.000,0.000,50,0,37.6,51.6,83.0,0.919,12.117,12.154,12.139,12.058,1129,44.653,17.208,27.286,6.393,37.703,22.525,15.159,0.336,27.286,17.152,3.446,14.792,220.000,240.000,1725.0,1750.2,1515.0,1724.7,1635.0,6.0,2.0,18.0,1.0,23.5,5.3,3.0,1.1,17.0,0.0,33,Yes,No,No,No,No,Yes,No,20.2,25.1,3,0,0,0,0,0,0,0,0,91,0,0,0,0,0,0,0,0,0,0,0,0,0,0,0,0,0,0,0,0,6263,1929,1763,92,8.0,239.7,254.1,226.2,224.9,224.8,224.8,2.3,2.3,2.3,2.3,2.3,2.3,4.17,4.44,3.88,3.88,4.46,4.46,0.16,0.48,4.09,0.08,12.04,0,0,0.0,0.0,64,107,1.6,91.6,0,
4.7.2026,1:7:31.228,16001,29993,34.7,11196,21486,34.2,0.0,13312,0,1.313,1.319,1.312,1.312,1.312,1.312,1.312,1.312,1.312,4117.6,4117.6,4117.6,4117.6,4117.6,4117.6,4117.6,4117.6,4117.6,99.8,563.9,2403.8,690.8,883.5,753.7,688.0,481.8,477.7,409.8,145.9,152.1,390.6,274.2,251.8,202.2,432.4,384.1,563.9,11.9,31.6,15.9,21.3,17.9,16.6,11.5,11.6,9.1,3.7,3.8,9.7,6.7,6.0,4.9,10.6,9.3,31.6,11.9,13.3,35.5,18.7,23.9,20.0,18.6,12.8,12.9,10.9,3.8,4.0,10.5,7.2,6.4,5.2,11.5,10.2,13.3,41.2,41.2,41.2,41.2,41.2,41.2,41.2,41.2,41.2,0.0,45.5,58.8,53.0,50.6,47.6,34.7,40.9,38.4,40.0,54.5,41.2,47.0,49.4,52.4,65.3,59.1,61.6,60.0,0.0,0.0,0.0,0.0,0.0,0.0,0.0,0.0,0.0,1197.8,12.00,16,16,16,39,55,661,1,66.8,56.6,63.0,54.1,55.5,54.9,54.8,54.0,53.1,53.6,53.0,53.8,52.3,52.4,52.2,48.0,43.9,1.344,1.019,1.337,6.589,10.242,6.593,40.123,28.068,2.134,2.978,2.769,2.349,2.029,1.465,1.841,1.635,2.010,8.692,10.523,19.215,28.126,1197.8,1197.8,4067.0,4087.6,4046.3,4400.0,32.0,11.0,44.6,59.6,50.7,No,No,No,0.711,0.136,3.6,43,95.0,100.0,No,No,90859,98745,31,99.0,No,No,3320,0.0,0.2,0.2,0.000,0.010,12390,10249,0.0,0.0,0.0,0.000,0.000,50,0,35.7,48.3,83.0,0.669,12.124,12.162,12.143,12.067,1130,25.609,8.213,10.730,1.763,19.672,13.708,5.961,0.336,10.730,11.058,1.576,6.596,220.000,240.000,450.0,202.5,825.0,623.2,900.0,16.0,15.0,33.0,2.0,23.5,9.1,6.6,1.7,28.1,0.0,33,Yes,No,No,No,No,Yes,No,9.9,12.7,3,0,0,0,0,0,0,0,0,92,0,0,0,0,0,0,0,0,0,0,0,0,0,0,0,0,0,0,0,0,6267,1925,1759,91,5.0,239.7,254.1,226.2,224.9,224.8,224.8,2.3,2.3,2.3,2.3,2.3,2.3,4.17,4.44,3.88,3.88,4.46,4.46,0.16,0.48,4.09,0.08,12.04,0,0,0.0,0.0,64,107,1.4,86.3,0,
4.7.2026,1:7:33.239,15982,30011,34.7,11197,21485,34.2,0.0,13312,0,1.322,1.319,1.306,1.325,1.325,1.325,1.325,1.325,1.325,4117.6,4117.6,4117.6,4117.6,4117.6,4117.6,4117.6,4117.6,4117.6,99.8,567.1,2388.0,614.7,888.3,870.4,588.1,483.0,469.0,393.3,165.6,153.0,380.2,270.7,281.5,295.0,465.8,366.6,567.1,11.6,32.0,14.8,21.0,20.2,13.6,11.0,10.7,9.6,3.5,3.2,8.7,5.9,6.1,6.5,10.7,8.3,32.0,11.6,13.4,36.5,16.5,24.0,23.3,15.8,12.8,12.6,10.4,4.4,4.0,10.1,7.1,7.2,7.8,12.4,9.7,13.4,41.2,41.2,41.2,41.2,41.2,41.2,41.2,41.2,41.2,0.0,46.4,58.4,55.5,50.1,47.8,35.5,41.7,40.9,41.0,53.6,41.6,44.5,49.9,52.2,64.5,58.3,59.1,59.0,0.0,0.0,0.0,0.0,0.0,0.0,0.0,0.0,0.0,1197.8,12.00,16,16,16,39,55,661,1,63.6,56.4,57.5,54.1,55.6,55.0,54.6,53.8,53.1,53.6,53.1,53.7,52.3,52.4,52.2,46.2,43.5,1.337,1.031,1.331,6.629,9.736,6.627,41.071,27.607,2.143,2.970,2.847,2.235,2.018,1.504,1.820,1.721,2.026,8.740,10.008,18.748,27.652,1197.8,1197.8,4084.3,4096.8,4071.9,4400.0,31.4,11.0,45.6,59.4,50.8,No,No,No,0.730,0.135,3.7,43,95.0,100.0,No,No,90859,98745,31,99.0,No,No,3320,0.0,0.2,0.2,0.000,0.046,12390,10249,0.0,0.0,0.0,0.000,0.000,50,0,35.5,47.8,83.0,0.669,12.126,12.163,12.146,12.070,1132,20.498,7.403,9.643,1.496,17.721,12.360,5.357,0.336,9.643,9.925,1.392,6.159,220.000,240.000,315.0,101.2,555.0,336.2,600.0,35.0,32.0,55.0,3.0,23.5,12.9,9.6,2.5,39.7,0.0,33,Yes,No,No,No,No,Yes,No,9.0,11.1,3,0,0,0,0,0,0,0,0,93,0,0,0,0,0,0,0,0,0,0,0,0,0,0,0,0,0,0,0,0,6269,1923,1757,91,2.5,239.7,259.8,220.4,208.8,213.5,207.8,0.8,0.8,0.8,0.8,0.8,0.8,4.17,5.28,2.92,2.60,5.56,5.87,1.32,0.01,4.07,0.10,11.74,0,0,0.0,0.0,64,107,1.6,90.1,0,
4.7.2026,1:7:35.229,16009,29984,34.8,11198,21484,34.2,0.0,13312,0,1.323,1.312,1.325,1.325,1.325,1.325,1.325,1.325,1.325,4048.9,3593.5,4117.6,4117.6,4117.6,4117.6,4117.6,4117.6,4092.6,99.8,592.8,2479.8,716.8,1046.8,736.3,639.6,493.4,503.8,358.2,173.1,150.1,397.8,291.7,284.6,220.0,577.1,416.0,592.8,12.7,32.1,17.3,25.4,17.6,15.5,12.0,12.3,8.7,4.5,3.9,10.0,7.2,6.9,5.5,14.2,10.2,32.1,12.7,14.0,36.0,19.4,28.4,19.5,17.2,13.1,13.6,9.4,4.6,3.9,10.7,7.7,7.3,5.7,15.6,11.0,14.0,40.6,36.0,41.2,41.2,41.2,41.2,41.2,41.2,41.0,0.0,47.2,60.5,56.1,51.4,48.7,35.9,42.3,39.9,43.1,52.8,39.5,43.9,48.6,51.3,64.1,57.7,60.1,56.9,0.0,0.0,0.0,0.0,0.0,0.0,0.0,0.0,0.0,1197.8,12.00,16,16,16,39,55,661,1,61.1,57.3,59.0,54.3,56.1,55.2,54.9,54.0,53.2,53.7,53.1,54.0,52.3,52.4,52.2,47.2,43.8,1.325,1.025,1.325,6.943,9.952,6.945,41.899,28.241,2.223,3.192,2.934,2.338,2.033,1.523,1.885,1.699,2.182,9.178,10.228,19.406,28.319,1197.8,1197.8,4080.1,4097.2,4062.9,4399.7,32.2,11.6,46.6,60.3,51.4,No,No,No,0.786,0.136,3.8,43,95.0,100.0,No,No,90859,98745,31,99.0,No,No,3320,0.0,0.4,0.4,0.000,0.093,12390,10249,0.0,0.0,0.0,0.000,0.000,50,0,35.5,47.8,83.0,0.669,12.127,12.166,12.145,12.068,1131,20.318,8.084,10.408,1.728,19.650,13.867,5.782,0.336,10.408,11.322,1.351,5.991,220.000,240.000,435.0,202.5,555.0,384.9,600.0,23.0,18.0,49.0,2.0,23.5,17.2,14.0,3.2,51.6,0.0,33,Yes,No,No,No,No,Yes,No,9.9,12.5,3,0,0,0,0,0,0,0,0,94,0,0,0,0,0,0,0,0,0,0,0,0,0,0,0,0,0,0,0,0,6269,1923,1757,91,5.0,239.8,256.1,224.9,222.2,221.9,221.9,3.3,3.3,3.3,3.3,3.3,3.3,4.17,4.49,3.85,3.76,4.56,4.56,0.67,0.01,4.10,0.07,0.20,0,0,0.0,0.0,64,107,5.0,88.3,0,
4.7.2026,1:7:37.226,16005,29988,34.7,11198,21484,34.2,0.0,13312,0,1.295,1.319,1.288,1.288,1.288,1.288,1.288,1.288,1.319,4117.6,4117.6,4117.6,4117.6,4117.6,4117.6,4117.6,4117.6,4117.6,99.8,655.1,2458.9,618.6,1266.8,810.0,725.5,582.4,583.0,449.6,238.1,221.3,506.2,345.3,330.6,282.4,500.8,561.6,655.1,14.4,36.0,14.8,30.7,19.3,17.6,14.0,14.2,10.9,6.0,4.8,12.5,8.4,7.9,6.9,12.2,13.7,36.0,14.4,16.0,40.5,16.7,34.6,21.6,19.6,15.6,15.8,12.0,6.4,5.9,13.6,9.1,8.6,7.5,13.4,15.1,16.0,41.2,41.2,41.2,41.2,41.2,41.2,41.2,41.2,41.2,0.0,48.8,60.1,59.1,52.9,49.8,37.8,44.2,41.7,44.6,51.2,39.9,40.9,47.1,50.2,62.2,55.8,58.3,55.4,0.0,0.0,0.0,0.0,0.0,0.0,0.0,0.0,0.0,1197.8,12.00,16,16,16,39,55,661,1,59.5,57.0,58.0,54.5,55.9,55.7,55.1,54.3,53.4,54.0,53.3,54.3,52.4,52.6,52.3,46.2,43.9,1.319,1.025,1.325,7.271,9.954,7.268,43.247,28.683,2.299,3.100,3.090,2.447,2.149,1.622,1.987,1.779,2.220,9.611,10.233,19.844,28.753,1197.8,1197.8,4082.8,4098.3,4067.2,4400.0,32.7,12.1,48.1,60.0,52.0,No,No,No,0.778,0.138,3.9,43,95.0,100.0,No,No,90859,98745,31,99.0,No,No,3320,0.0,0.2,0.2,0.016,0.071,12390,10249,0.0,0.0,0.0,0.000,0.000,50,0,35.3,47.6,83.0,0.669,12.127,12.165,12.145,12.070,1129,20.741,7.507,9.879,1.533,17.829,12.336,5.488,0.336,9.879,9.829,1.672,6.288,220.000,240.000,315.0,101.2,555.0,419.9,600.0,34.0,31.0,54.0,3.0,23.8,15.1,9.6,3.0,48.0,0.0,33,Yes,No,No,No,No,Yes,No,9.0,11.2,3,0,0,0,0,0,0,0,0,95,0,0,0,0,0,0,0,0,0,0,0,0,0,0,0,0,0,0,0,0,6241,1951,1785,91,2.5,239.7,264.3,221.6,204.1,212.9,200.9,2.6,19.5,1.0,1.0,1.0,1.0,4.17,4.61,3.74,3.35,4.86,5.05,1.21,0.01,4.09,0.08,9.65,0,0,0.0,0.0,64,107,4.3,89.4,0,
4.7.2026,1:7:39.235,16014,29979,34.8,11205,21477,34.2,0.0,13312,0,1.314,1.319,1.319,1.312,1.312,1.312,1.312,1.312,1.312,4117.6,4117.6,4117.6,4117.6,4117.6,4117.6,4117.6,4117.6,4117.6,99.8,661.3,2544.5,718.5,1116.3,972.0,703.0,512.4,548.3,438.5,275.4,210.4,507.3,321.3,436.0,254.9,563.9,458.7,661.3,13.8,33.6,16.8,26.5,22.7,16.4,11.7,12.7,10.0,6.4,5.4,11.9,7.2,9.9,5.6,13.2,10.6,33.6,13.8,15.9,38.4,19.4,30.3,26.1,18.9,13.7,14.8,11.7,7.4,5.6,13.7,8.5,11.5,6.7,15.2,12.2,15.9,41.2,41.2,41.2,41.2,41.2,41.2,41.2,41.2,41.2,0.0,50.1,62.0,61.2,53.2,50.9,39.6,45.4,43.6,45.2,49.9,38.0,38.8,46.8,49.1,60.4,54.6,56.4,54.8,0.0,0.0,0.0,0.0,0.0,0.0,0.0,0.0,0.0,1197.8,12.00,16,16,16,39,55,661,1,68.4,57.6,64.2,54.6,55.9,56.3,54.9,54.3,53.4,54.0,53.4,54.1,52.3,52.4,52.2,44.8,43.1,1.331,1.019,1.337,7.562,10.186,7.555,44.586,29.289,2.384,3.201,3.445,2.440,2.182,1.668,2.058,1.855,2.220,10.016,10.469,20.485,29.395,1197.8,1197.8,4090.9,4103.2,4078.6,4399.5,33.4,12.6,49.5,60.7,52.3,No,No,No,0.844,0.136,4.0,43,95.0,100.0,No,No,90859,98745,31,99.0,No,No,3320,0.0,0.5,0.5,0.000,0.055,12390,10249,0.0,0.0,0.0,0.000,0.000,50,0,35.4,47.8,83.0,0.669,12.121,12.158,12.140,12.064,1131,21.305,7.978,10.068,1.593,19.400,13.801,5.593,0.336,10.068,11.269,1.699,5.954,220.000,240.000,435.0,202.5,555.0,435.0,600.0,20.0,16.0,49.0,2.0,23.8,15.4,10.1,3.0,48.4,0.0,33,Yes,No,No,No,No,Yes,No,9.7,12.3,3,0,0,0,0,0,0,0,0,96,0,0,0,0,0,0,0,0,0,0,0,0,0,0,0,0,0,0,0,0,6243,1949,1783,90,5.0,239.6,252.5,224.3,222.6,222.5,222.5,2.8,4.6,2.0,2.0,2.0,2.0,4.19,4.66,3.93,3.92,5.39,5.39,0.88,0.05,4.09,0.09,1.15,0,0,0.0,0.0,64,108,3.6,87.4,0,
4.7.2026,1:7:41.230,16014,29980,34.8,11209,21473,34.2,0.0,13312,0,1.318,1.319,1.325,1.325,1.325,1.312,1.312,1.312,1.312,4117.6,4117.6,4117.6,4117.6,4117.6,4117.6,4117.6,4117.6,4117.6,99.8,681.0,2567.7,701.7,1371.2,1066.4,792.6,513.9,562.9,478.4,208.1,174.7,453.8,360.3,355.7,238.6,499.2,551.0,681.0,14.6,34.4,16.7,33.1,25.5,19.0,12.2,13.6,11.4,5.1,4.2,11.0,8.6,8.4,5.7,12.1,13.3,34.4,14.6,16.4,38.8,18.9,37.5,28.9,21.4,13.6,15.2,12.7,5.5,4.6,12.1,9.5,9.3,6.2,13.3,14.8,16.4,41.2,41.2,41.2,41.2,41.2,41.2,41.2,41.2,41.2,0.0,51.3,62.7,67.2,55.0,52.6,38.6,45.9,43.1,45.4,48.7,37.3,32.8,45.0,47.4,61.4,54.1,56.9,54.6,0.0,0.0,0.0,0.0,0.0,0.0,0.0,0.0,0.0,1197.8,12.00,16,16,16,39,55,661,1,65.5,59.1,58.2,55.2,56.3,57.3,55.5,55.0,53.7,54.6,53.8,55.3,52.8,53.0,52.7,46.5,43.9,1.331,1.031,1.331,7.845,10.002,7.852,45.581,29.601,2.501,3.225,3.937,2.530,2.264,1.625,2.074,1.874,2.476,10.410,10.283,20.693,29.628,1197.8,1197.8,4082.8,4097.1,4068.6,4399.0,33.7,13.1,50.6,62.2,51.8,No,No,No,0.854,0.134,4.1,43,95.0,100.0,No,No,90859,98745,31,99.0,No,No,3320,0.1,0.3,0.4,0.081,0.437,12390,10250,0.0,0.0,0.0,0.000,0.000,50,0,35.3,47.6,83.0,0.669,12.124,12.163,12.143,12.067,1130,20.411,7.790,9.684,1.447,19.137,13.757,5.380,0.336,9.684,11.249,1.350,5.878,220.000,240.000,450.0,202.5,555.0,331.0,600.0,22.0,17.0,49.0,2.0,23.8,17.0,13.7,3.4,50.7,0.0,33,Yes,No,No,No,No,Yes,No,9.5,12.3,3,0,0,0,0,0,0,0,0,98,0,0,0,0,0,0,0,0,0,0,0,0,0,0,0,0,0,0,0,0,6241,1951,1785,91,5.0,239.8,255.8,224.1,213.2,218.8,211.0,3.3,3.3,3.3,3.3,3.3,3.3,4.17,4.51,3.89,3.68,4.61,4.76,0.71,0.01,4.09,0.08,0.93,0,0,0.0,0.0,64,108,12.9,79.5,0,
4.7.2026,1:7:43.234,16016,29978,34.8,11211,21471,34.3,0.0,13312,0,1.155,1.319,1.056,1.056,1.056,1.056,1.056,1.319,1.319,4117.6,4117.6,4117.6,4117.6,4117.6,4117.6,4117.6,4117.6,4117.6,99.8,561.5,2388.2,626.6,962.4,750.9,613.2,442.0,486.3,360.0,162.6,155.5,468.1,280.1,257.0,212.2,430.3,388.7,561.5,11.8,31.0,14.9,23.1,17.7,14.7,10.4,11.7,8.5,4.0,3.8,11.4,6.7,6.0,5.1,10.4,9.3,31.0,11.8,13.2,35.0,16.9,26.0,19.9,16.5,11.7,13.1,9.5,4.3,4.1,12.6,7.4,6.6,5.5,11.4,10.3,13.2,41.2,41.2,41.2,41.2,41.2,41.2,41.2,41.2,41.2,0.0,46.3,58.3,55.1,50.2,48.6,35.3,43.1,39.2,40.7,53.7,41.7,44.9,49.8,51.4,64.7,56.9,60.8,59.3,0.0,0.0,0.0,0.0,0.0,0.0,0.0,0.0,0.0,1197.8,12.00,16,16,16,39,55,661,1,62.4,56.6,58.5,54.2,55.6,55.2,54.6,53.9,53.3,53.8,53.1,53.9,52.4,52.5,52.3,46.2,44.3,1.331,1.031,1.331,6.744,9.820,6.747,41.074,27.858,2.157,3.014,2.894,2.225,2.005,1.512,1.894,1.657,2.052,8.905,10.094,18.999,27.912,1197.8,1197.8,4084.1,4096.3,4072.0,4400.0,31.7,11.2,45.6,59.6,51.4,No,No,No,0.723,0.132,3.7,43,95.0,100.0,No,No,90859,98745,31,99.0,No,No,3320,0.0,0.4,0.5,0.032,0.197,12390,10251,0.0,0.0,0.0,0.000,0.000,50,0,35.2,47.4,83.0,0.669,12.124,12.161,12.143,12.068,1131,20.648,7.436,9.636,1.544,17.827,12.466,5.353,0.336,9.636,10.076,1.303,6.183,220.000,240.000,345.0,101.2,555.0,430.5,600.0,34.0,32.0,55.0,3.0,23.8,15.3,10.1,2.9,48.2,0.0,33,Yes,No,No,No,No,Yes,No,9.0,11.4,3,0,0,0,0,0,0,0,0,99,0,0,0,0,0,0,0,0,0,0,0,0,0,0,0,0,0,0,0,0,6241,1951,1785,91,2.5,239.8,255.8,224.1,213.2,218.8,211.0,3.3,3.3,3.3,3.3,3.3,3.3,4.17,4.51,3.89,3.68,4.61,4.76,0.71,0.01,4.09,0.08,0.93,0,0,0.0,0.0,64,108,35.5,80.0,0,
4.7.2026,1:7:45.233,16013,29981,34.8,11209,21473,34.2,0.0,13312,0,1.084,1.319,1.050,1.050,1.050,1.050,1.050,1.050,1.050,3649.7,4117.6,3294.1,4117.6,3294.1,3593.5,3593.5,3593.5,3593.5,99.8,593.6,2516.3,674.5,1015.3,833.2,677.1,499.0,475.4,466.5,129.9,150.8,395.9,284.9,242.0,212.2,429.0,496.3,593.6,12.4,33.3,16.0,24.3,19.7,16.2,11.7,11.3,11.0,3.1,3.6,9.5,6.7,5.5,5.0,10.3,11.9,33.3,12.4,14.0,37.7,18.2,27.6,22.2,18.3,13.2,12.8,12.4,3.4,4.0,10.6,7.5,6.1,5.5,11.4,13.3,14.0,36.6,41.2,33.0,41.2,33.0,36.0,36.0,36.0,36.0,0.0,48.1,61.4,58.1,52.5,50.7,36.0,43.2,40.4,42.5,51.9,38.6,41.9,47.5,49.3,64.0,56.8,59.6,57.5,0.0,0.0,0.0,0.0,0.0,0.0,0.0,0.0,0.0,1197.8,12.00,16,16,16,39,55,661,1,69.9,57.2,55.8,54.4,56.2,55.8,54.9,54.1,53.2,53.8,53.1,54.0,52.4,52.5,52.3,47.8,43.7,1.331,1.025,1.325,6.897,9.593,6.895,42.744,27.832,2.232,3.169,3.044,2.370,2.124,1.488,1.894,1.673,2.098,9.115,9.863,18.978,27.888,1197.8,1197.8,4085.9,4102.4,4069.5,4399.7,31.7,11.5,47.5,60.2,50.8,No,No,No,0.793,0.137,3.8,43,95.0,100.0,No,No,90859,98745,31,99.0,No,No,3320,0.0,0.3,0.3,0.000,0.010,12390,10251,0.0,0.0,0.0,0.000,0.000,50,0,35.2,47.3,83.0,0.669,12.122,12.158,12.142,12.067,1131,19.891,7.437,9.695,1.593,17.800,12.405,5.386,0.336,9.695,10.042,1.307,6.115,220.000,240.000,420.0,101.2,555.0,349.4,600.0,40.0,36.0,56.0,4.0,23.8,17.8,14.8,3.4,52.8,0.0,33,Yes,No,No,No,No,Yes,No,9.0,11.5,3,0,0,0,0,0,0,0,0,99,0,0,0,0,0,0,0,0,0,0,0,0,0,0,0,0,0,0,0,0,6241,1951,1785,91,2.5,239.3,258.0,226.0,225.9,225.9,225.9,0.0,0.0,0.0,0.0,0.0,0.0,4.18,4.45,3.89,3.88,4.46,4.46,1.31,0.01,4.09,0.09,0.00,0,0,0.0,0.0,64,108,5.4,82.4,0,
4.7.2026,1:7:47.232,16018,29975,34.8,11214,21468,34.3,0.0,13312,0,1.299,1.319,1.319,1.319,1.288,1.288,1.288,1.288,1.288,4114.5,4117.6,4092.6,4117.6,4117.6,4117.6,4117.6,4117.6,4117.6,99.8,569.8,2460.1,668.6,905.6,755.0,651.5,469.2,446.4,401.6,154.6,124.4,395.2,268.3,253.6,213.9,546.9,401.9,569.8,11.7,31.4,15.7,21.5,17.6,15.4,10.9,10.5,9.2,3.6,2.8,9.4,6.2,5.7,4.9,13.1,9.4,31.4,11.7,13.3,35.7,18.0,24.5,20.0,17.5,12.4,12.0,10.6,4.1,3.3,10.6,7.0,6.5,5.6,14.7,10.7,13.3,41.2,41.2,41.0,41.2,41.2,41.2,41.2,41.2,41.2,0.0,47.0,60.0,54.9,52.0,49.1,34.9,42.2,40.0,42.6,53.0,40.0,45.1,48.0,50.9,65.1,57.8,60.0,57.4,0.0,0.0,0.0,0.0,0.0,0.0,0.0,0.0,0.0,1197.8,12.00,16,16,16,39,55,661,1,66.8,56.5,58.8,54.1,55.8,54.8,54.6,53.9,53.0,53.6,53.0,54.0,52.3,52.4,52.2,46.2,44.1,1.331,1.025,1.325,6.751,10.174,6.754,41.789,28.220,2.178,3.063,2.827,2.312,2.061,1.471,1.869,1.674,2.146,8.926,10.456,19.382,28.290,1197.8,1197.8,4088.9,4105.3,4072.5,4400.0,32.1,11.3,46.4,59.5,51.0,No,No,No,0.723,0.135,3.8,43,95.0,100.0,No,No,90859,98745,31,99.0,No,No,3320,0.0,0.3,0.3,0.000,0.020,12390,10251,0.0,0.0,0.0,0.000,0.000,50,0,35.2,47.5,83.0,0.669,12.123,12.162,12.142,12.066,1130,20.903,7.840,9.796,1.569,19.173,13.719,5.442,0.336,9.796,11.286,1.487,5.800,220.000,240.000,450.0,202.5,555.0,436.3,600.0,20.0,16.0,49.0,2.0,23.8,15.8,10.9,3.0,49.1,0.0,33,Yes,No,No,No,No,Yes,No,9.6,12.3,3,0,0,0,0,0,0,0,0,100,0,0,0,0,0,0,0,0,0,0,0,0,0,0,0,0,0,0,0,0,6241,1951,1785,91,5.0,239.3,258.0,226.0,225.9,225.9,225.9,0.0,0.0,0.0,0.0,0.0,0.0,4.18,4.45,3.89,3.88,4.46,4.46,1.31,0.01,4.09,0.09,0.00,0,0,0.0,0.0,64,108,14.4,90.0,0,
4.7.2026,1:7:49.236,16017,29976,34.8,11206,21476,34.2,0.0,13312,0,1.345,1.350,1.344,1.344,1.344,1.344,1.344,1.344,1.344,4117.6,4117.6,4117.6,4117.6,4117.6,4117.6,4117.6,4117.6,4117.6,99.8,612.4,2498.9,701.4,1028.9,925.1,689.8,569.7,451.8,457.3,140.3,167.7,396.0,285.7,243.5,219.9,572.3,450.0,612.4,13.0,31.9,16.8,24.8,22.1,16.6,13.6,11.0,10.9,3.6,4.2,9.7,6.9,5.7,5.3,13.9,10.9,31.9,13.0,14.5,36.0,18.9,27.9,24.8,18.6,15.2,12.2,12.1,3.7,4.4,10.6,7.5,6.2,5.7,15.4,12.0,14.5,41.2,41.2,41.2,41.2,41.2,41.2,41.2,41.2,41.2,0.0,48.6,60.9,59.6,54.0,50.4,36.2,42.9,40.3,44.2,51.4,39.1,40.4,46.0,49.6,63.8,57.1,59.7,55.8,0.0,0.0,0.0,0.0,0.0,0.0,0.0,0.0,0.0,1197.8,12.00,16,16,16,39,55,661,1,63.8,56.8,58.5,54.1,55.5,55.2,54.8,53.8,53.1,53.6,52.9,54.1,52.2,52.3,52.1,47.8,43.3,1.344,1.025,1.344,6.920,9.642,6.912,43.210,27.875,2.236,3.100,2.953,2.383,2.082,1.507,1.893,1.679,2.293,9.156,9.912,19.068,27.966,1197.8,1197.8,4090.0,4104.1,4075.9,4400.0,31.8,11.5,48.0,59.8,50.9,No,No,No,0.737,0.136,3.9,43,95.0,100.0,No,No,90859,98745,31,99.0,No,No,3320,0.0,0.5,0.5,0.000,0.032,12390,10251,0.0,0.0,0.0,0.000,0.000,50,0,35.1,47.3,83.0,0.669,12.122,12.158,12.141,12.067,1132,19.865,7.485,9.997,1.520,17.896,12.332,5.554,0.336,9.997,9.761,1.289,6.170,220.000,240.000,375.0,101.2,555.0,355.0,600.0,35.0,32.0,55.0,3.0,23.8,16.4,12.5,3.0,50.2,0.0,33,Yes,No,No,No,No,Yes,No,9.0,11.5,3,0,0,0,0,0,0,0,0,101,0,0,0,0,0,0,0,0,0,0,0,0,0,0,0,0,0,0,0,0,6241,1951,1785,92,2.5,239.3,258.0,226.0,225.9,225.9,225.9,0.0,0.0,0.0,0.0,0.0,0.0,4.18,4.45,3.89,3.88,4.46,4.46,1.31,0.01,4.09,0.09,0.00,0,0,0.0,0.0,64,108,14.2,80.7,0,
4.7.2026,1:7:51.229,16021,29973,34.8,11214,21467,34.3,0.0,13312,0,1.323,1.319,1.325,1.325,1.325,1.325,1.325,1.325,1.319,4117.6,4117.6,4117.6,4117.6,4117.6,4117.6,4117.6,4117.6,4117.6,99.8,678.9,2551.9,722.4,1136.3,884.6,702.6,612.7,510.0,585.5,250.7,266.0,549.3,477.1,314.8,334.8,511.2,452.1,678.9,14.7,36.5,17.1,27.3,21.0,16.9,14.5,12.2,13.9,6.0,6.4,13.2,11.4,7.3,7.9,12.3,10.8,36.5,14.7,16.6,41.4,19.5,31.0,23.7,19.1,16.4,13.8,15.7,6.8,7.1,14.9,12.8,8.2,8.9,13.7,12.1,16.6,41.2,41.2,41.2,41.2,41.2,41.2,41.2,41.2,41.2,0.0,49.3,62.3,58.2,52.7,50.7,38.8,46.7,41.9,42.7,50.7,37.7,41.8,47.3,49.3,61.2,53.3,58.1,57.3,0.0,0.0,0.0,0.0,0.0,0.0,0.0,0.0,0.0,1197.8,12.00,16,16,16,39,55,661,1,61.5,58.0,57.5,54.8,57.0,56.0,55.4,54.6,53.8,54.3,53.6,54.1,52.5,52.6,52.4,47.5,43.7,1.325,1.025,1.325,7.556,10.044,7.563,43.735,29.218,2.374,3.395,3.117,2.450,2.205,1.685,2.165,1.830,2.141,10.005,10.323,20.328,29.261,1197.8,1197.8,4085.6,4100.0,4071.1,4399.7,33.3,12.6,48.6,61.0,52.5,No,No,No,0.917,0.137,3.9,43,95.0,100.0,No,No,90859,98745,31,99.0,No,No,3320,0.0,0.4,0.4,0.008,0.196,12390,10251,0.0,0.0,0.0,0.000,0.000,50,0,35.2,47.5,83.0,0.669,12.123,12.161,12.142,12.066,1130,20.467,7.884,9.925,1.642,19.244,13.719,5.514,0.336,9.925,11.303,1.408,5.824,220.000,240.000,540.0,202.5,555.0,377.2,600.0,19.0,16.0,50.0,2.0,23.8,17.2,14.0,3.2,51.6,0.0,33,Yes,No,No,No,No,Yes,No,9.6,12.4,4,0,0,0,0,0,0,0,0,102,0,0,0,0,0,0,0,0,0,0,0,0,0,0,0,0,0,0,0,0,6241,1951,1785,92,5.0,239.7,254.2,226.0,215.3,219.8,213.9,0.0,0.0,0.0,0.0,0.0,0.0,4.17,4.69,3.82,2.69,5.25,5.76,0.88,0.01,4.08,0.09,0.00,0,0,0.0,0.0,64,108,8.9,82.9,0,
4.7.2026,1:7:53.238,16022,29972,34.8,11213,21468,34.3,0.0,13312,0,1.325,1.325,1.325,1.325,1.325,1.325,1.325,1.325,1.325,4117.6,4117.6,4117.6,4117.6,4117.6,4117.6,4117.6,4117.6,4117.6,99.8,593.2,2445.4,870.7,915.0,817.0,502.5,645.5,323.0,529.7,152.2,185.6,326.8,340.8,247.7,232.4,520.1,436.6,593.2,11.9,27.6,20.6,21.6,19.0,11.7,15.1,7.4,12.3,3.4,4.2,7.6,7.8,5.4,5.1,12.2,10.2,27.6,11.9,13.7,31.6,23.6,24.8,21.7,13.5,17.3,8.6,14.1,4.0,4.9,8.7,9.0,6.3,6.1,14.0,11.6,13.7,41.2,41.2,41.2,41.2,41.2,41.2,41.2,41.2,41.2,0.0,46.7,59.7,55.2,51.3,48.4,35.3,41.9,39.3,42.3,53.3,40.3,44.8,48.7,51.6,64.7,58.1,60.7,57.7,0.0,0.0,0.0,0.0,0.0,0.0,0.0,0.0,0.0,1197.8,12.00,16,16,16,39,55,661,1,59.6,56.7,57.8,54.0,55.7,54.9,54.7,53.8,53.1,53.5,52.9,53.8,52.2,52.3,52.1,46.2,43.6,1.331,1.025,1.331,6.827,9.851,6.825,41.406,28.006,2.188,3.119,2.816,2.339,2.043,1.519,1.856,1.667,2.143,9.018,10.125,19.143,28.047,1197.8,1197.8,4084.6,4097.7,4071.5,4400.0,31.9,11.4,46.0,59.7,51.3,No,No,No,0.721,0.136,3.7,43,95.0,100.0,No,No,90859,98745,31,99.0,No,No,3320,0.0,0.2,0.2,0.000,0.057,12390,10251,0.0,0.0,0.0,0.000,0.000,50,0,35.0,47.3,83.0,0.669,12.124,12.161,12.143,12.067,1130,20.462,7.523,9.952,1.617,17.971,12.429,5.529,0.336,9.952,9.980,1.316,6.148,220.000,240.000,360.0,101.2,555.0,516.2,600.0,36.0,33.0,54.0,3.0,23.8,15.4,10.1,2.9,48.4,0.0,33,Yes,No,No,No,No,Yes,No,9.1,11.4,4,0,0,0,0,0,0,0,0,103,0,0,0,0,0,0,0,0,0,0,0,0,0,0,0,0,0,0,0,0,6241,1951,1785,92,2.5,239.8,258.3,223.0,212.7,216.7,211.5,0.0,0.0,0.0,0.0,0.0,0.0,4.17,4.71,3.57,3.16,5.06,5.37,1.22,0.01,4.08,0.09,0.00,0,0,0.0,0.0,64,109,40.9,86.8,0,
4.7.2026,1:7:55.232,16026,29968,34.8,11216,21466,34.3,0.0,13312,0,1.123,1.050,1.325,1.325,1.056,1.056,1.056,1.056,1.056,4052.1,4117.6,3593.5,4117.6,4117.6,4117.6,4117.6,4117.6,4117.6,99.8,606.7,2474.3,921.3,982.8,874.1,419.8,720.1,272.2,575.4,116.2,188.4,309.7,364.5,204.0,255.6,417.7,611.1,606.7,12.8,28.2,22.4,23.8,21.0,10.2,17.5,6.7,14.0,3.1,4.8,7.7,9.0,4.9,6.4,10.3,15.0,28.2,12.8,14.1,31.8,25.0,26.7,23.4,11.2,19.3,7.2,15.4,3.0,5.0,8.2,9.6,5.1,6.7,11.1,16.5,14.1,40.6,41.2,36.0,41.2,41.2,41.2,41.2,41.2,41.2,0.0,47.0,60.4,57.3,50.8,47.7,35.6,41.5,39.2,43.1,53.0,39.6,42.7,49.2,52.3,64.4,58.5,60.8,56.9,0.0,0.0,0.0,0.0,0.0,0.0,0.0,0.0,0.0,1197.8,12.00,16,16,16,39,55,661,1,67.9,57.0,57.2,54.1,56.1,55.2,54.6,53.7,53.0,53.6,52.8,53.9,52.2,52.3,52.0,46.8,43.7,1.319,1.038,1.325,6.868,9.822,6.867,41.676,27.999,2.199,3.241,2.898,2.283,2.006,1.488,1.862,1.640,2.170,9.070,10.094,19.164,28.069,1197.8,1197.8,4082.1,4099.6,4064.5,4399.9,31.9,11.4,46.3,60.0,51.3,No,No,No,0.762,0.139,3.8,43,95.0,100.0,No,No,90859,98745,31,99.0,No,No,3320,0.1,0.7,0.8,0.016,0.097,12390,10251,0.0,0.0,0.0,0.000,0.000,50,0,35.0,47.2,83.0,0.669,12.124,12.161,12.143,12.069,1128,19.761,7.439,9.799,1.654,17.729,12.286,5.444,0.336,9.799,9.932,1.284,6.129,220.000,240.000,405.0,101.2,555.0,405.0,600.0,34.0,32.0,57.0,3.0,23.8,17.7,14.9,3.1,52.8,0.0,33,Yes,No,No,No,No,Yes,No,8.9,11.6,4,0,0,0,0,0,0,0,0,103,0,0,0,0,0,0,0,0,0,0,0,0,0,0,0,0,0,0,0,0,6241,1951,1785,92,2.5,239.8,258.3,223.0,212.7,216.7,211.5,0.0,0.0,0.0,0.0,0.0,0.0,4.17,4.71,3.57,3.16,5.06,5.37,1.22,0.01,4.08,0.09,0.00,0,0,0.0,0.0,64,109,13.3,77.2,0,
4.7.2026,1:7:57.238,16033,29961,34.8,11231,21451,34.3,0.0,13312,0,1.291,1.050,1.325,1.325,1.325,1.325,1.325,1.325,1.325,4114.5,4117.6,4117.6,4117.6,4117.6,4117.6,4117.6,4117.6,4092.6,99.8,595.3,2376.6,876.1,811.4,827.1,441.5,709.0,267.8,550.3,143.9,143.3,273.7,344.2,254.8,212.1,630.3,663.6,595.3,12.0,25.9,20.7,19.1,19.3,10.1,16.7,6.0,12.8,3.2,3.2,6.3,8.0,5.6,4.7,15.0,15.7,25.9,12.0,13.8,29.6,23.7,21.9,22.0,11.8,19.1,7.1,14.6,3.8,3.8,7.2,9.1,6.6,5.5,17.0,18.0,13.8,41.2,41.2,41.2,41.2,41.2,41.2,41.2,41.2,41.0,0.0,46.7,58.1,54.3,51.1,48.4,35.0,41.6,39.4,45.8,53.3,41.9,45.7,48.9,51.6,65.0,58.4,60.6,54.2,0.0,0.0,0.0,0.0,0.0,0.0,0.0,0.0,0.0,1197.8,12.00,16,16,16,39,55,661,1,65.1,57.8,60.2,54.5,55.8,55.2,54.9,54.1,53.3,53.9,53.3,55.2,52.4,52.5,52.3,45.8,43.7,1.325,1.025,1.325,7.181,10.604,7.179,41.413,29.270,2.268,3.130,2.869,2.383,2.077,1.522,1.856,1.747,2.565,9.534,10.896,20.430,29.337,1197.8,1197.8,4080.1,4094.6,4065.5,4399.2,33.3,12.0,46.0,60.9,52.3,No,No,No,0.765,0.134,3.7,43,95.0,100.0,No,No,90859,98745,31,99.0,No,No,3320,0.0,0.3,0.3,0.000,0.051,12390,10251,0.0,0.0,0.0,0.000,0.000,50,0,37.2,51.0,83.0,0.919,12.115,12.151,12.136,12.057,1130,44.194,17.188,27.095,6.391,37.513,22.437,15.053,0.336,27.095,17.148,4.345,14.464,220.000,240.000,1725.0,1750.2,1515.0,1724.7,1635.0,5.0,2.0,18.0,1.0,23.8,6.9,4.8,1.4,21.7,0.0,33,Yes,No,No,No,No,Yes,No,20.1,24.4,4,0,0,0,0,0,0,0,0,104,0,0,0,0,0,0,0,0,0,0,0,0,0,0,0,0,0,0,0,0,6241,1951,1785,92,8.0,239.8,258.3,223.0,212.7,216.7,211.5,0.0,0.0,0.0,0.0,0.0,0.0,4.17,4.71,3.57,3.16,5.06,5.37,1.22,0.01,4.08,0.09,0.00,0,0,0.0,0.0,64,109,14.5,77.7,0,
4.7.2026,1:7:59.238,16020,29974,34.8,11215,21467,34.3,0.0,13312,0,1.331,1.331,1.331,1.331,1.331,1.331,1.331,1.331,1.331,4117.6,4117.6,4117.6,4117.6,4117.6,4117.6,4117.6,4117.6,4117.6,99.8,609.6,2416.2,1069.1,983.7,848.0,429.4,724.5,311.8,590.2,140.8,185.5,291.8,368.3,202.3,253.0,439.9,499.2,609.6,12.4,23.4,25.8,23.7,20.1,10.1,17.4,7.4,14.1,3.4,4.4,6.9,8.8,4.5,6.0,10.6,11.9,25.8,12.4,13.9,26.3,29.1,26.8,22.6,11.4,19.4,8.3,15.8,3.7,4.9,7.7,9.7,5.1,6.7,11.7,13.4,13.9,41.2,41.2,41.2,41.2,41.2,41.2,41.2,41.2,41.2,0.0,46.8,59.3,56.8,50.8,48.5,35.7,41.7,39.4,42.2,53.2,40.7,43.2,49.2,51.5,64.3,58.3,60.6,57.8,0.0,0.0,0.0,0.0,0.0,0.0,0.0,0.0,0.0,1197.8,12.00,16,16,16,39,55,661,1,62.2,56.6,61.0,54.1,55.7,55.2,54.7,53.9,53.1,53.6,53.0,53.9,52.3,52.4,52.2,46.2,43.8,1.344,1.025,1.350,6.699,10.399,6.693,41.213,28.285,2.167,3.017,2.957,2.284,2.038,1.487,1.826,1.624,2.100,8.818,10.684,19.502,28.404,1197.8,1197.8,4065.5,4086.1,4044.8,4400.0,32.3,11.2,45.8,59.6,50.6,No,No,No,0.766,0.135,3.7,43,95.0,100.0,No,No,90859,98745,31,99.0,No,No,3320,0.1,0.6,0.7,0.008,0.061,12391,10252,0.0,0.0,0.0,0.000,0.000,50,0,35.8,48.5,83.0,0.669,12.121,12.159,12.141,12.065,1131,33.595,8.274,10.800,1.885,19.704,13.694,6.000,0.336,10.800,11.135,1.838,6.550,220.000,240.000,675.0,202.5,825.0,1634.1,900.0,13.0,15.0,33.0,2.0,23.8,6.8,4.0,1.4,21.8,0.0,33,Yes,No,No,No,No,Yes,No,10.0,12.6,4,0,0,0,0,0,0,0,0,105,0,0,0,0,0,0,0,0,0,0,0,0,0,0,0,0,0,0,0,0,6241,1951,1785,92,5.0,239.8,258.3,223.0,212.7,216.7,211.5,0.0,0.0,0.0,0.0,0.0,0.0,4.17,4.71,3.57,3.16,5.06,5.37,1.22,0.01,4.08,0.09,0.00,0,0,0.0,0.0,64,109,17.1,81.1,0,
4.7.2026,1:8:1.238,16043,29951,34.8,11213,21469,34.3,0.0,13312,0,1.317,1.306,1.319,1.319,1.319,1.319,1.319,1.319,1.319,4117.6,4117.6,4117.6,4117.6,4117.6,4117.6,4117.6,4117.6,4117.6,99.8,634.4,2526.4,1188.7,814.3,979.0,416.0,758.1,271.9,600.4,130.5,181.9,324.1,368.3,223.8,250.0,662.1,454.2,634.4,12.7,22.1,28.5,19.4,23.1,9.7,18.0,6.3,14.2,3.1,4.4,7.7,8.7,5.1,5.9,15.9,10.8,28.5,12.7,14.3,25.1,32.4,22.0,26.2,11.1,20.3,7.2,16.0,3.5,4.8,8.6,9.8,5.7,6.6,18.0,12.1,14.3,41.2,41.2,41.2,41.2,41.2,41.2,41.2,41.2,41.2,0.0,48.5,61.6,57.5,53.2,50.4,35.9,43.5,40.8,45.1,51.5,38.4,42.5,46.8,49.6,64.1,56.5,59.2,54.9,0.0,0.0,0.0,0.0,0.0,0.0,0.0,0.0,0.0,1197.8,12.00,16,16,16,39,55,661,1,69.9,57.7,59.5,54.7,56.3,56.0,55.2,54.4,53.5,54.2,53.4,54.7,52.6,52.7,52.5,46.0,43.5,1.337,1.031,1.331,7.252,10.055,7.263,43.170,28.889,2.301,3.185,3.141,2.419,2.103,1.529,1.938,1.720,2.374,9.619,10.334,19.953,28.887,1197.8,1197.8,4092.1,4103.4,4080.8,4399.5,32.8,12.1,48.0,60.8,52.0,No,No,No,0.815,0.131,3.9,43,95.0,100.0,No,No,90859,98745,31,99.0,No,No,3320,0.0,0.2,0.2,0.000,0.010,12391,10252,0.0,0.0,0.0,0.000,0.000,50,0,35.4,47.7,83.0,0.669,12.124,12.160,12.143,12.068,1128,21.447,7.485,9.695,1.520,17.935,12.539,5.386,0.336,9.695,10.104,1.478,6.167,220.000,240.000,345.0,101.2,555.0,418.8,600.0,20.0,16.0,34.0,3.0,24.0,10.8,8.2,2.0,33.0,0.0,33,Yes,No,No,No,No,Yes,No,9.0,11.8,4,0,0,0,0,0,0,0,0,106,0,0,0,0,0,0,0,0,0,0,0,0,0,0,0,0,0,0,0,0,6227,1965,1799,92,2.5,239.9,258.5,213.7,204.2,203.2,203.2,0.0,0.0,0.0,0.0,0.0,0.0,4.17,4.73,3.84,3.63,4.89,4.89,0.78,0.01,4.09,0.08,0.00,0,0,0.0,0.0,64,109,13.6,77.6,0,
4.7.2026,1:8:3.238,16046,29947,34.8,11211,21471,34.3,0.0,13312,0,1.320,1.325,1.319,1.319,1.319,1.319,1.319,1.319,1.319,4117.6,4117.6,4117.6,4117.6,4117.6,4117.6,4117.6,4117.6,4117.6,99.8,597.5,2435.7,1110.6,757.6,927.0,347.0,767.0,254.9,576.5,147.7,245.2,306.6,407.9,200.3,263.8,386.8,425.6,597.5,12.2,22.6,26.9,18.3,22.1,8.3,18.5,6.1,13.9,3.7,6.1,7.5,10.0,4.7,6.4,9.4,10.4,26.9,12.2,13.5,25.4,30.2,20.5,24.7,9.2,20.6,6.8,15.4,3.9,6.6,8.2,10.9,5.0,6.9,10.2,11.3,13.5,41.2,41.2,41.2,41.2,41.2,41.2,41.2,41.2,41.2,0.0,46.7,59.6,54.9,50.9,48.1,36.7,42.3,39.7,41.1,53.3,40.4,45.1,49.1,51.9,63.3,57.7,60.3,58.9,0.0,0.0,0.0,0.0,0.0,0.0,0.0,0.0,0.0,1197.8,12.00,16,16,16,39,55,661,1,66.8,56.7,55.0,54.2,55.8,55.0,54.7,53.9,53.3,53.8,53.1,53.7,52.4,52.5,52.3,45.8,43.5,1.337,1.031,1.325,6.635,9.990,6.629,41.214,27.840,2.150,3.074,2.797,2.266,1.998,1.535,1.879,1.642,2.005,8.742,10.266,19.008,27.904,1197.8,1197.8,4073.0,4089.5,4056.6,4400.0,31.7,11.0,45.8,59.7,50.6,No,No,No,0.716,0.135,3.7,43,95.0,100.0,No,No,90859,98745,31,99.0,No,No,3320,0.0,0.7,0.7,0.000,0.085,12391,10252,0.0,0.0,0.0,0.000,0.000,50,0,35.3,47.6,83.0,0.669,12.123,12.160,12.142,12.067,1132,20.412,7.804,9.747,1.520,19.088,13.672,5.415,0.336,9.747,11.217,1.384,5.913,220.000,240.000,450.0,202.5,555.0,369.5,600.0,20.0,16.0,49.0,2.0,24.0,17.2,14.4,3.3,51.2,0.0,33,Yes,No,No,No,No,Yes,No,9.5,12.4,4,0,0,0,0,0,0,0,0,107,0,0,0,0,0,0,0,0,0,0,0,0,0,0,0,0,0,0,0,0,6227,1965,1799,91,5.0,239.9,258.5,213.7,204.2,203.2,203.2,0.0,0.0,0.0,0.0,0.0,0.0,4.17,4.73,3.84,3.63,4.89,4.89,0.78,0.01,4.09,0.08,0.00,0,0,0.0,0.0,64,109,8.6,87.7,0,
4.7.2026,1:8:5.238,16034,29960,34.8,11211,21471,34.3,0.0,13312,0,1.313,1.319,1.312,1.312,1.312,1.312,1.312,1.312,1.312,4117.6,4117.6,4117.6,4117.6,4117.6,4117.6,4117.6,4117.6,4117.6,99.8,595.5,2460.4,1110.9,792.1,887.9,411.4,698.7,271.9,566.4,139.1,183.0,394.7,353.3,200.9,263.0,410.0,383.8,595.5,11.8,21.4,26.7,18.9,20.9,9.6,16.5,6.4,13.3,3.3,4.4,9.4,8.4,4.5,6.2,9.8,9.1,26.7,11.8,13.3,24.4,30.2,21.5,23.6,11.0,18.7,7.2,15.1,3.7,4.9,10.6,9.4,5.0,7.0,10.9,10.2,13.3,41.2,41.2,41.2,41.2,41.2,41.2,41.2,41.2,41.2,0.0,46.9,60.0,55.1,51.6,49.1,35.4,43.5,39.9,40.2,53.1,40.0,44.9,48.4,50.9,64.6,56.5,60.1,59.8,0.0,0.0,0.0,0.0,0.0,0.0,0.0,0.0,0.0,1197.8,12.00,16,16,16,39,55,661,1,63.6,56.4,56.5,54.2,55.7,55.1,54.7,54.0,53.3,53.8,53.1,53.8,52.4,52.5,52.3,46.0,43.8,1.319,1.025,1.319,6.800,9.800,6.802,41.622,27.908,2.167,3.051,2.821,2.306,2.039,1.527,1.900,1.671,2.019,8.980,10.073,19.052,27.964,1197.8,1197.8,4085.3,4099.8,4070.9,4400.0,31.8,11.3,46.2,59.4,51.6,No,No,No,0.733,0.135,3.7,43,95.0,100.0,No,No,90859,98745,31,99.0,No,No,3320,0.1,0.5,0.6,0.016,0.081,12391,10252,0.0,0.0,0.0,0.000,0.000,50,0,35.2,47.5,83.0,0.669,12.123,12.160,12.143,12.067,1130,20.395,7.333,9.358,1.459,17.534,12.333,5.199,0.336,9.358,9.990,1.761,5.999,220.000,240.000,315.0,101.2,555.0,430.6,600.0,35.0,32.0,57.0,3.0,24.0,15.8,10.3,2.9,49.9,0.0,33,Yes,No,No,No,No,Yes,No,8.8,11.3,4,0,0,0,0,0,0,0,0,108,0,0,0,0,0,0,0,0,0,0,0,0,0,0,0,0,0,0,0,0,6227,1965,1799,92,2.5,239.9,258.5,213.7,204.2,203.2,203.2,0.0,0.0,0.0,0.0,0.0,0.0,4.17,4.73,3.84,3.63,4.89,4.89,0.78,0.01,4.09,0.08,0.00,0,0,0.0,0.0,64,110,15.0,89.9,0,
4.7.2026,1:8:7.230,16034,29960,34.8,11211,21471,34.3,0.0,13312,0,1.318,1.312,1.319,1.319,1.319,1.319,1.319,1.319,1.319,4117.6,4117.6,4117.6,4117.6,4117.6,4117.6,4117.6,4117.6,4117.6,99.8,656.9,2607.3,1342.2,830.0,985.1,430.7,769.1,374.4,627.0,131.3,211.2,295.5,394.8,214.8,293.4,500.1,503.0,656.9,13.2,22.1,32.2,20.3,23.7,10.6,18.8,8.7,14.7,2.9,4.9,6.8,9.3,5.4,6.7,11.8,12.5,32.2,13.2,14.8,24.5,36.7,22.5,26.3,11.5,20.7,10.1,16.8,3.5,5.6,7.8,10.5,5.4,7.8,13.4,13.5,14.8,41.2,41.2,41.2,41.2,41.2,41.2,41.2,41.2,41.2,0.0,48.7,63.6,57.2,53.0,51.0,36.7,43.1,41.0,43.6,51.3,36.4,42.8,47.0,49.0,63.3,56.9,59.0,56.4,0.0,0.0,0.0,0.0,0.0,0.0,0.0,0.0,0.0,1197.8,12.00,16,16,16,39,55,661,1,70.5,58.1,59.8,54.6,56.9,55.8,55.2,54.5,53.4,53.9,53.3,54.2,52.5,52.7,52.4,48.5,44.4,1.312,1.038,1.312,7.263,9.937,7.261,43.239,28.677,2.307,3.452,3.071,2.383,2.196,1.551,1.890,1.731,2.182,9.618,10.214,19.832,28.748,1197.8,1197.8,4086.2,4101.6,4070.7,4399.3,32.7,12.1,48.0,61.1,51.9,No,No,No,0.895,0.139,3.9,43,95.0,100.0,No,No,90859,98745,31,99.0,No,No,3320,0.0,0.2,0.2,0.000,0.012,12391,10252,0.0,0.0,0.0,0.000,0.000,50,0,35.2,47.5,83.0,0.669,12.122,12.158,12.142,12.066,1129,19.916,7.664,9.623,1.447,18.783,13.429,5.346,0.336,9.623,10.951,1.294,5.808,220.000,240.000,435.0,202.5,555.0,321.5,600.0,42.0,36.0,58.0,2.0,23.9,18.2,15.8,3.5,53.3,0.0,33,Yes,No,No,No,No,Yes,No,9.4,12.4,4,0,0,0,0,0,0,0,0,109,0,0,0,0,0,0,0,0,0,0,0,0,0,0,0,0,0,0,0,0,6236,1956,1790,92,5.0,239.7,271.2,210.6,207.8,208.1,207.6,5.5,5.5,5.5,5.5,5.5,5.5,4.17,4.81,3.64,3.59,4.83,4.84,1.01,0.01,4.09,0.08,8.60,0,0,0.0,0.0,64,110,7.3,91.4,0,
4.7.2026,1:8:9.229,16010,29983,34.8,11194,21488,34.2,0.0,13312,0,1.323,1.312,1.325,1.325,1.325,1.325,1.325,1.325,1.325,4117.6,4117.6,4117.6,4117.6,4117.6,4117.6,4117.6,4117.6,4117.6,99.8,723.0,2645.2,1176.2,1016.2,1033.2,545.2,883.6,395.0,745.0,212.4,255.7,387.2,495.7,331.9,307.8,640.5,497.5,723.0,15.1,28.7,28.3,23.8,24.5,12.9,20.5,9.4,18.4,5.1,6.2,9.2,12.6,7.7,7.3,15.4,11.2,28.7,15.1,17.1,32.6,32.1,27.7,27.7,14.6,23.9,10.6,20.0,5.7,6.9,10.3,13.3,8.7,8.2,17.3,13.3,17.1,41.2,41.2,41.2,41.2,41.2,41.2,41.2,41.2,41.2,0.0,51.2,64.5,60.7,55.7,53.3,39.1,46.4,43.3,46.2,48.8,35.5,39.3,44.3,46.7,60.9,53.6,56.7,53.8,0.0,0.0,0.0,0.0,0.0,0.0,0.0,0.0,0.0,1197.8,12.00,16,16,16,39,55,661,1,67.5,58.2,58.8,55.1,56.9,56.1,55.8,54.8,54.0,54.5,53.9,55.0,52.8,52.9,52.7,47.5,43.6,1.325,1.019,1.325,7.780,10.052,7.781,45.606,29.531,2.423,3.462,3.014,2.581,2.313,1.695,2.100,1.869,2.348,10.334,10.334,20.668,29.593,1197.8,1197.8,4094.7,4107.3,4082.2,4399.8,33.6,13.0,50.7,61.2,53.1,No,No,No,0.830,0.135,4.1,43,95.0,100.0,No,No,90859,98745,31,99.0,No,No,3320,0.1,0.3,0.4,0.008,0.254,12391,10252,0.0,0.0,0.0,0.000,0.000,50,0,35.1,47.2,83.0,0.669,12.118,12.152,12.139,12.065,1132,20.870,7.326,9.436,1.495,17.517,12.270,5.242,0.336,9.436,9.919,1.439,6.170,220.000,240.000,315.0,101.2,555.0,435.0,600.0,37.0,32.0,57.0,3.0,23.8,15.1,9.1,2.9,48.3,0.0,33,Yes,No,No,No,No,Yes,No,8.8,11.4,4,0,0,0,0,0,0,0,0,110,0,0,0,0,0,0,0,0,0,0,0,0,0,0,0,0,0,0,0,0,6242,1950,1784,91,2.5,239.7,271.2,210.6,207.8,208.1,207.6,5.5,5.5,5.5,5.5,5.5,5.5,4.17,4.81,3.64,3.59,4.83,4.84,1.01,0.01,4.09,0.08,8.60,0,0,0.0,0.0,64,110,4.6,91.7,0,
4.7.2026,1:8:11.238,16020,29974,34.8,11204,21478,34.2,0.0,13312,0,1.313,1.319,1.312,1.312,1.312,1.312,1.312,1.312,1.312,4117.6,4117.6,4117.6,4117.6,4117.6,4117.6,4117.6,4117.6,4117.6,99.8,653.7,2480.8,1073.0,936.9,942.7,438.6,754.3,301.4,637.1,142.5,240.2,349.9,378.0,260.1,262.9,761.9,499.5,653.7,13.3,23.3,25.9,22.6,21.9,9.8,18.2,7.3,14.7,3.6,6.1,8.6,8.5,5.4,6.4,18.6,12.1,25.9,13.3,15.1,27.0,29.1,25.4,25.2,11.6,20.3,8.0,17.1,3.8,6.4,9.3,10.0,6.7,6.9,20.7,13.4,15.1,41.2,41.2,41.2,41.2,41.2,41.2,41.2,41.2,41.2,0.0,49.1,60.5,58.8,53.0,50.5,37.8,44.1,41.8,46.5,50.9,39.5,41.2,47.0,49.5,62.2,55.9,58.2,53.5,0.0,0.0,0.0,0.0,0.0,0.0,0.0,0.0,0.0,1197.8,12.00,16,16,16,39,55,661,1,64.4,57.8,58.0,54.9,56.5,56.0,55.4,54.6,53.8,54.3,53.6,55.0,52.8,52.9,52.7,47.0,44.1,1.331,1.038,1.325,7.276,9.997,7.276,43.662,28.780,2.308,3.197,3.021,2.391,2.164,1.599,1.948,1.752,2.396,9.644,10.277,19.921,28.836,1197.8,1197.8,4090.2,4101.4,4078.9,4400.0,32.8,12.1,48.5,60.8,52.0,No,No,No,0.766,0.136,3.9,43,95.0,100.0,No,No,90859,98745,31,99.0,No,No,3320,0.0,0.3,0.3,0.000,0.032,12391,10253,0.0,0.0,0.0,0.000,0.000,50,0,35.1,47.5,83.0,0.669,12.123,12.161,12.143,12.066,1131,20.061,7.804,9.747,1.630,19.089,13.659,5.415,0.336,9.747,11.321,1.312,5.789,220.000,240.000,465.0,202.5,555.0,324.4,600.0,24.0,18.0,53.0,2.0,23.9,17.8,14.3,3.2,53.6,0.0,33,Yes,No,No,No,No,Yes,No,9.6,12.5,4,0,0,0,0,0,0,0,0,111,0,0,0,0,0,0,0,0,0,0,0,0,0,0,0,0,0,0,0,0,6236,1956,1789,92,5.0,239.8,262.6,220.3,216.0,217.7,215.2,2.9,4.6,2.2,2.1,2.1,2.1,4.17,4.56,3.76,3.70,4.64,4.70,0.93,0.03,4.09,0.08,0.46,0,0,0.0,0.0,64,110,8.2,85.3,0,
4.7.2026,1:8:13.237,16013,29980,34.8,11198,21484,34.2,0.0,13312,0,1.305,1.294,1.306,1.306,1.306,1.306,1.306,1.306,1.306,3911.7,4117.6,3294.1,4117.6,4117.6,3294.1,4117.6,4117.6,4117.6,99.8,711.2,2518.9,1169.2,977.2,974.7,446.1,803.0,301.0,608.2,147.6,203.2,329.6,386.9,224.1,290.0,625.2,1374.9,711.2,14.8,22.2,28.3,23.6,23.3,10.7,19.4,7.3,14.7,3.7,5.1,8.0,9.4,5.3,7.1,15.1,33.5,33.5,14.8,16.5,25.0,31.8,26.6,26.1,11.9,21.6,8.0,16.3,3.9,5.4,8.7,10.3,5.7,7.7,16.8,37.8,16.5,39.2,41.2,33.0,41.2,41.2,33.0,41.2,41.2,41.2,0.0,51.3,61.6,60.6,54.2,50.7,38.0,44.9,42.3,58.3,48.7,38.4,39.4,45.8,49.3,62.0,55.1,57.7,41.7,0.0,0.0,0.0,0.0,0.0,0.0,0.0,0.0,0.0,1197.8,12.00,16,16,16,39,55,661,1,71.6,61.6,57.8,56.3,57.1,57.6,56.0,55.3,54.4,55.9,54.3,60.0,53.3,53.4,53.2,47.5,43.9,1.331,1.025,1.331,8.713,9.859,8.713,45.688,30.733,2.718,3.348,3.437,2.574,2.243,1.712,2.108,1.889,4.436,11.723,10.144,21.867,30.795,1197.8,1197.8,4086.3,4097.3,4075.3,4338.2,35.0,14.5,50.8,64.9,53.7,No,No,No,0.873,0.138,4.1,43,95.0,100.0,No,No,90859,98745,31,99.0,No,No,3320,0.0,0.5,0.5,0.000,0.024,12391,10253,0.0,0.0,0.0,0.000,0.000,50,0,34.9,47.2,83.0,0.669,12.124,12.160,12.143,12.068,1130,20.717,7.410,9.639,1.484,17.742,12.382,5.355,0.336,9.639,9.933,1.350,6.237,220.000,240.000,330.0,101.2,555.0,465.0,600.0,35.0,32.0,57.0,3.0,23.7,15.7,10.2,3.4,49.1,0.0,33,Yes,No,No,No,No,Yes,No,8.9,11.5,4,0,0,0,0,0,0,0,0,112,0,0,0,0,0,0,0,0,0,0,0,0,0,0,0,0,0,0,0,0,6252,1940,1773,92,2.5,239.8,262.6,220.3,216.0,217.7,215.2,2.9,4.6,2.2,2.1,2.1,2.1,4.17,4.56,3.76,3.70,4.64,4.70,0.93,0.03,4.09,0.08,0.46,0,0,0.0,0.0,64,110,11.7,128.8,0,
4.7.2026,1:8:15.230,16000,29994,34.7,11203,21479,34.2,0.0,13312,0,1.319,1.319,1.319,1.319,1.319,1.319,1.319,1.319,1.319,4052.1,3593.5,4117.6,4117.6,4117.6,4117.6,4117.6,4117.6,4117.6,99.8,607.2,2520.9,1186.9,863.2,881.9,376.8,735.3,254.9,551.5,117.6,158.0,312.8,349.9,211.9,220.6,552.4,420.7,607.2,12.1,22.1,28.7,20.9,21.0,9.1,17.8,5.5,13.3,2.4,3.4,7.1,8.7,5.1,5.5,12.9,9.7,28.7,12.1,13.6,24.9,32.3,23.4,23.5,10.0,19.8,6.7,14.7,3.1,4.2,8.3,9.3,5.3,5.8,14.9,11.3,13.6,40.6,36.0,41.2,41.2,41.2,41.2,41.2,41.2,41.2,0.0,47.2,61.5,56.2,51.7,48.9,35.2,42.2,39.4,42.5,52.8,38.5,43.8,48.3,51.1,64.8,57.8,60.6,57.5,0.0,0.0,0.0,0.0,0.0,0.0,0.0,0.0,0.0,1197.8,12.00,16,16,16,39,55,661,1,68.5,56.9,58.0,54.6,56.3,55.5,55.2,54.2,53.5,54.1,53.4,54.3,52.7,52.9,52.6,46.8,43.8,1.331,1.031,1.331,6.840,9.560,6.843,41.962,27.750,2.197,3.163,2.887,2.328,2.020,1.480,1.887,1.641,2.169,9.050,9.829,18.879,27.795,1197.8,1197.8,4091.0,4102.0,4080.0,4400.0,31.6,11.4,46.6,59.9,51.3,No,No,No,0.765,0.136,3.8,43,95.0,100.0,No,No,90859,98745,31,99.0,No,No,3320,0.0,0.2,0.2,0.016,0.046,12391,10253,0.0,0.0,0.0,0.000,0.000,50,0,34.9,47.0,83.0,0.669,12.119,12.153,12.140,12.065,1132,19.837,7.444,9.877,1.519,17.797,12.294,5.487,0.336,9.877,9.789,1.466,5.994,220.000,240.000,420.0,101.2,555.0,364.3,600.0,34.0,32.0,55.0,3.0,23.7,18.5,16.0,3.5,54.4,0.0,33,Yes,No,No,No,No,Yes,No,8.9,11.4,4,0,0,0,0,0,0,0,0,112,0,0,0,0,0,0,0,0,0,0,0,0,0,0,0,0,0,0,0,0,6252,1940,1773,92,2.5,239.8,262.6,220.3,216.0,217.7,215.2,2.9,4.6,2.2,2.1,2.1,2.1,4.17,4.56,3.76,3.70,4.64,4.70,0.93,0.03,4.09,0.08,0.46,0,0,0.0,0.0,64,111,5.5,180.0,0,
4.7.2026,1:8:17.228,15990,30003,34.7,11177,21504,34.2,0.0,13312,0,1.324,1.319,1.325,1.325,1.325,1.325,1.325,1.325,1.325,4117.6,4117.6,4117.6,4117.6,4117.6,4117.6,4117.6,4117.6,4117.6,99.8,739.4,2514.9,1269.8,1138.0,1063.1,516.4,914.4,416.8,767.1,210.5,288.6,481.9,471.4,334.0,349.1,612.2,481.8,739.4,15.7,24.1,30.6,27.2,25.4,12.2,21.9,10.6,18.3,5.7,7.7,12.2,11.3,7.7,8.3,15.3,12.2,30.6,15.7,17.4,27.3,34.6,30.9,28.7,13.8,24.8,11.2,20.7,5.6,7.8,13.0,12.6,8.7,9.3,16.5,12.9,17.4,41.2,41.2,41.2,41.2,41.2,41.2,41.2,41.2,41.2,0.0,50.1,61.4,60.6,54.7,52.0,38.4,45.7,42.8,45.0,49.9,38.6,39.4,45.3,48.0,61.6,54.3,57.2,55.0,0.0,0.0,0.0,0.0,0.0,0.0,0.0,0.0,0.0,1197.8,12.00,16,16,16,39,55,661,1,65.6,58.5,65.5,55.3,56.8,57.1,55.7,55.0,54.1,54.7,53.9,54.7,52.9,53.0,52.7,47.2,43.9,1.344,1.031,1.356,7.704,10.161,7.675,44.444,29.323,2.432,3.321,3.363,2.560,2.298,1.669,2.104,1.865,2.274,10.214,10.445,20.659,29.542,1197.8,1197.8,4083.6,4098.9,4068.4,4399.4,33.6,12.8,49.4,61.5,52.3,No,No,No,0.884,0.137,4.0,43,95.0,100.0,No,No,90859,98745,31,99.0,No,No,3320,0.1,0.6,0.6,0.008,0.073,12391,10253,0.0,0.0,0.0,0.000,0.000,50,0,35.0,47.5,83.0,0.669,12.123,12.160,12.142,12.066,1130,20.790,7.977,10.267,1.678,19.439,13.731,5.704,0.336,10.267,11.192,1.381,5.778,220.000,240.000,630.0,202.5,555.0,450.2,600.0,22.0,18.0,50.0,2.0,23.6,16.8,13.0,3.0,51.3,0.0,33,Yes,No,No,No,No,Yes,No,9.8,12.4,4,0,0,0,0,0,0,0,0,113,0,0,0,0,0,0,0,0,0,0,0,0,0,0,0,0,0,0,0,0,6258,1934,1768,91,5.0,236.1,242.8,229.4,229.3,229.3,229.3,0.0,0.0,0.0,0.0,0.0,0.0,4.25,4.38,4.12,4.12,4.38,4.38,0.88,0.01,4.15,0.10,0.00,0,0,0.0,0.0,64,111,1.6,83.2,0,
4.7.2026,1:8:19.233,16012,29981,34.8,11192,21490,34.2,0.0,13312,0,1.316,1.319,1.312,1.312,1.312,1.312,1.312,1.312,1.331,4117.6,4117.6,4117.6,4117.6,4117.6,4117.6,4117.6,4117.6,4117.6,99.8,637.5,2378.1,1158.0,904.8,973.5,433.0,795.5,291.1,623.1,192.1,209.5,376.6,366.7,286.0,254.1,526.1,431.4,637.5,12.8,20.9,27.7,21.2,23.1,10.0,18.9,6.7,14.7,4.5,4.9,8.9,8.6,6.4,5.9,12.5,10.1,27.7,12.8,14.6,23.9,31.6,24.2,26.3,11.6,21.5,7.7,16.7,5.2,5.6,10.1,9.8,7.4,6.7,14.2,11.5,14.6,41.2,41.2,41.2,41.2,41.2,41.2,41.2,41.2,41.2,0.0,46.9,58.0,55.7,51.4,48.8,36.3,42.7,39.9,42.6,53.1,42.0,44.3,48.6,51.2,63.7,57.3,60.1,57.4,0.0,0.0,0.0,0.0,0.0,0.0,0.0,0.0,0.0,1197.8,12.00,16,16,16,39,55,661,1,62.8,57.5,58.0,55.0,56.4,56.1,55.7,54.7,54.0,54.5,53.8,54.7,53.0,53.1,52.9,46.0,43.7,1.331,1.019,1.331,7.113,10.244,7.138,41.625,28.992,2.260,3.057,3.070,2.390,2.101,1.594,1.940,1.749,2.175,9.420,10.529,19.948,28.901,1197.8,1197.8,4083.0,4098.0,4068.1,4399.9,32.8,11.9,46.3,60.5,51.8,No,No,No,0.792,0.133,3.8,43,95.0,100.0,No,No,90859,98745,31,99.0,No,No,3320,0.2,0.4,0.6,0.084,0.998,12391,10255,0.0,0.0,0.0,0.000,0.000,50,0,35.0,47.4,83.0,0.669,12.122,12.159,12.142,12.066,1129,21.213,7.873,9.855,1.593,19.221,13.743,5.475,0.336,9.855,11.309,1.656,5.689,220.000,240.000,435.0,202.5,555.0,557.1,600.0,19.0,16.0,49.0,2.0,24.0,14.7,8.6,2.9,47.5,0.0,33,Yes,No,No,No,No,Yes,No,9.7,12.3,4,0,0,0,0,0,0,0,0,115,0,0,0,0,0,0,0,0,0,0,0,0,0,0,0,0,0,0,0,0,6225,1967,1800,96,5.0,236.1,242.8,229.4,229.3,229.3,229.3,0.0,0.0,0.0,0.0,0.0,0.0,4.25,4.38,4.12,4.12,4.38,4.38,0.88,0.01,4.15,0.10,0.00,0,0,0.0,0.0,64,111,2.8,99.7,0,
4.7.2026,1:8:21.229,16018,29976,34.8,11189,21492,34.2,0.0,13312,0,1.318,1.312,1.319,1.319,1.319,1.319,1.319,1.319,1.319,4117.6,4117.6,4117.6,4117.6,4117.6,4117.6,4117.6,4117.6,4117.6,99.8,646.4,2449.6,1124.1,972.9,874.3,427.8,758.4,257.8,608.4,162.1,235.2,397.4,436.6,258.2,316.5,531.4,532.6,646.4,13.3,23.0,27.1,23.1,20.8,10.2,18.2,6.1,14.6,4.0,5.8,9.7,10.6,6.0,7.6,12.8,12.9,27.1,13.3,14.8,26.0,30.6,26.1,23.4,11.4,20.4,6.8,16.3,4.3,6.3,10.6,11.7,6.6,8.4,14.2,14.3,14.8,41.2,41.2,41.2,41.2,41.2,41.2,41.2,41.2,41.2,0.0,47.6,59.7,56.2,51.3,48.4,37.0,43.6,40.9,43.4,52.4,40.3,43.8,48.7,51.6,63.0,56.4,59.1,56.6,0.0,0.0,0.0,0.0,0.0,0.0,0.0,0.0,0.0,1197.8,12.00,16,16,16,39,55,661,1,60.4,57.5,59.5,54.8,56.2,55.9,55.4,54.3,53.9,54.4,53.7,54.7,52.8,52.9,52.7,46.2,43.7,1.325,1.019,1.325,7.143,9.721,7.143,42.222,28.301,2.269,3.129,2.979,2.381,2.046,1.603,1.995,1.770,2.248,9.464,9.994,19.458,28.373,1197.8,1197.8,4082.6,4099.9,4065.2,4400.0,32.2,11.9,46.9,60.5,51.9,No,No,No,0.757,0.135,3.8,43,95.0,100.0,No,No,90859,98745,31,99.0,No,No,3320,0.0,0.3,0.3,0.000,0.054,12391,10255,0.0,0.0,0.0,0.000,0.000,50,0,34.8,46.9,83.0,0.669,12.119,12.154,12.139,12.065,1132,19.956,7.414,9.700,1.471,17.651,12.246,5.389,0.336,9.700,9.768,1.831,6.048,220.000,240.000,330.0,101.2,555.0,390.1,600.0,34.0,31.0,57.0,3.0,23.9,16.4,11.8,3.5,50.3,0.0,33,Yes,No,No,No,No,Yes,No,8.8,11.3,4,0,0,0,0,0,0,0,0,116,0,0,0,0,0,0,0,0,0,0,0,0,0,0,0,0,0,0,0,0,6235,1957,1791,96,2.5,239.8,254.4,222.0,221.7,221.7,221.7,1.0,1.0,1.0,1.0,1.0,1.0,4.17,4.55,3.88,3.85,4.56,4.56,1.27,0.01,4.09,0.08,4.11,0,0,0.0,0.0,64,111,3.2,96.0,0,
4.7.2026,1:8:23.238,15971,30023,34.7,11174,21507,34.1,0.0,13312,0,1.316,1.319,1.319,1.319,1.319,1.312,1.312,1.312,1.312,3808.8,4117.6,4117.6,4117.6,4117.6,3294.1,4117.6,3294.1,3294.1,99.8,610.5,2373.2,1187.4,908.4,913.1,390.1,747.8,257.5,580.8,132.9,178.5,340.7,355.7,223.2,273.8,513.4,391.1,610.5,12.1,20.1,28.5,21.5,21.5,8.9,17.7,5.8,13.6,2.9,4.0,7.9,8.3,4.8,6.3,12.1,9.1,28.5,12.1,13.8,23.0,32.4,24.6,24.5,10.3,20.2,6.8,15.5,3.5,4.7,9.0,9.4,5.6,7.2,13.8,10.4,13.8,38.2,41.2,41.2,41.2,41.2,33.0,41.2,33.0,33.0,0.0,46.1,58.1,55.0,49.9,47.3,35.4,42.0,39.3,41.6,53.9,41.9,45.0,50.1,52.7,64.6,58.0,60.7,58.4,0.0,0.0,0.0,0.0,0.0,0.0,0.0,0.0,0.0,1197.8,12.00,16,16,16,39,55,661,1,68.1,57.4,59.8,54.7,56.4,56.0,55.1,54.3,53.6,54.2,53.5,54.3,52.7,52.9,52.6,48.0,44.4,1.331,1.025,1.331,6.962,10.571,6.963,40.760,28.901,2.212,3.134,3.034,2.294,2.026,1.510,1.896,1.691,2.114,9.195,10.861,20.055,28.971,1197.8,1197.8,4071.6,4093.5,4049.7,4399.7,32.9,11.6,45.3,60.5,51.7,No,No,No,0.806,0.135,3.7,43,95.0,100.0,No,No,90859,98745,31,99.0,No,No,3320,0.0,0.1,0.1,0.000,0.040,12391,10255,0.0,0.0,0.0,0.000,0.000,50,0,36.8,50.8,83.0,0.919,12.109,12.144,12.131,12.053,1131,42.081,17.003,26.771,6.339,37.207,22.323,14.872,0.336,26.771,17.131,4.428,13.853,220.000,240.000,1725.0,1750.2,1515.0,1132.7,1635.0,5.0,2.0,18.0,1.0,23.7,10.9,8.8,2.5,32.1,0.0,33,Yes,No,No,No,No,Yes,No,20.0,23.9,4,0,0,0,0,0,0,0,0,117,0,0,0,0,0,0,0,0,0,0,0,0,0,0,0,0,0,0,0,0,6254,1938,1772,96,8.0,239.8,252.8,226.2,217.4,221.0,216.6,1.5,4.1,0.9,0.9,0.9,0.9,4.17,4.46,3.91,3.78,4.56,4.64,0.20,0.45,4.09,0.08,7.06,0,0,0.0,0.0,64,111,2.7,94.4,0,
4.7.2026,1:8:25.232,15949,30044,34.6,11168,21513,34.1,0.0,13312,0,1.323,1.319,1.319,1.325,1.325,1.325,1.325,1.325,1.325,4117.6,4117.6,4117.6,4117.6,4117.6,4117.6,4117.6,4117.6,4117.6,99.8,636.0,2369.0,930.5,884.0,943.9,577.9,653.5,439.7,557.0,196.3,244.6,500.5,367.1,318.4,312.3,437.3,443.7,636.0,13.6,28.4,22.6,21.4,22.6,14.0,15.8,10.7,13.4,5.0,6.1,12.3,9.0,7.7,7.7,10.6,10.8,28.4,13.6,15.1,31.9,25.3,23.9,25.3,15.6,17.6,11.9,14.9,5.2,6.6,13.5,9.7,8.3,8.3,11.6,11.8,15.1,41.2,41.2,41.2,41.2,41.2,41.2,41.2,41.2,41.2,0.0,46.6,58.0,54.0,50.3,47.9,37.2,43.3,40.5,41.3,53.4,42.0,46.0,49.7,52.1,62.8,56.7,59.5,58.7,0.0,0.0,0.0,0.0,0.0,0.0,0.0,0.0,0.0,1197.8,12.00,16,16,16,39,55,661,1,65.0,57.2,58.8,54.8,56.3,55.8,55.4,54.6,53.9,54.4,53.9,54.4,52.8,52.9,52.7,46.8,43.9,1.306,1.025,1.306,6.956,10.555,6.957,40.995,28.903,2.242,3.077,2.915,2.347,2.121,1.613,1.992,1.799,2.072,9.185,10.845,20.030,28.948,1197.8,1197.8,4064.7,4084.7,4044.7,4400.0,32.9,11.6,45.6,60.3,51.0,No,No,No,0.776,0.136,3.7,43,95.0,100.0,No,No,90859,98745,31,99.0,No,No,3320,0.0,0.7,0.7,0.008,0.264,12391,10255,0.0,0.0,0.0,0.000,0.000,50,0,37.2,51.2,83.0,0.919,12.111,12.146,12.133,12.054,1130,44.338,16.941,26.895,6.255,37.320,22.361,14.941,0.336,26.895,17.032,3.522,13.857,220.000,240.000,1725.0,1750.2,1515.0,1724.7,1635.0,5.0,2.0,18.0,1.0,23.5,5.4,3.4,1.1,17.1,0.0,33,Yes,No,No,No,No,Yes,No,20.0,24.0,4,0,0,0,0,0,0,0,0,117,0,0,0,0,0,0,0,0,0,0,0,0,0,0,0,0,0,0,0,0,6266,1926,1760,91,8.0,239.8,252.8,226.2,217.4,221.0,216.6,1.5,4.1,0.9,0.9,0.9,0.9,4.17,4.46,3.91,3.78,4.56,4.64,0.20,0.45,4.09,0.08,7.06,0,0,0.0,0.0,64,112,2.4,98.4,0,
4.7.2026,1:8:27.229,15940,30054,34.6,11170,21512,34.1,0.0,13312,0,1.375,1.375,1.375,1.375,1.375,1.375,1.375,1.375,1.375,4117.6,4117.6,4117.6,4117.6,4117.6,4117.6,4117.6,4117.6,4117.6,99.8,592.9,2339.0,797.5,896.7,902.1,513.1,557.4,300.9,491.0,151.5,180.3,341.1,314.3,263.4,254.3,643.7,540.1,592.9,11.9,25.4,18.7,21.2,21.2,11.9,12.9,6.7,11.3,3.3,4.0,7.9,7.1,5.7,5.7,15.2,12.6,25.4,11.9,13.8,29.0,21.6,24.3,24.2,13.8,14.8,8.0,13.0,4.0,4.8,9.1,8.2,6.8,6.7,17.4,14.5,13.8,41.2,41.2,41.2,41.2,41.2,41.2,41.2,41.2,41.2,0.0,46.7,57.3,56.2,49.8,47.2,36.0,41.6,40.0,45.6,53.3,42.7,43.8,50.2,52.8,64.0,58.4,60.0,54.4,0.0,0.0,0.0,0.0,0.0,0.0,0.0,0.0,0.0,1197.8,12.00,16,16,16,39,55,661,1,71.8,57.4,69.2,54.6,55.9,55.6,55.0,54.2,53.6,54.2,53.6,55.0,52.7,52.8,52.6,46.5,44.1,1.388,1.038,1.381,6.940,10.260,6.932,41.384,28.495,2.218,2.967,2.936,2.266,2.001,1.533,1.864,1.725,2.454,9.177,10.544,19.721,28.620,1197.8,1197.8,4077.0,4093.8,4060.1,4399.7,32.5,11.6,46.0,60.4,51.5,No,No,No,0.720,0.135,3.7,43,95.0,100.0,No,No,90859,98745,31,99.0,No,No,3320,0.0,0.2,0.2,0.000,0.010,12391,10255,0.0,0.0,0.0,0.000,0.000,50,0,35.3,47.8,83.0,0.669,12.121,12.159,12.140,12.064,1133,21.604,8.314,10.312,1.690,19.740,13.994,5.729,0.336,10.312,11.457,3.225,6.342,220.000,240.000,390.0,202.5,825.0,615.7,900.0,21.0,17.0,34.0,2.0,23.5,9.5,6.4,1.8,29.9,0.0,33,Yes,No,No,No,No,Yes,No,9.9,12.6,4,0,0,0,0,0,0,0,0,118,0,0,0,0,0,0,0,0,0,0,0,0,0,0,0,0,0,0,0,0,6266,1926,1759,91,5.0,239.7,254.5,222.5,211.6,213.7,210.5,0.0,0.0,0.0,0.0,0.0,0.0,4.17,4.54,3.89,3.65,4.72,4.79,0.63,0.03,4.09,0.08,0.00,0,0,0.0,0.0,64,112,3.6,90.8,0,
4.7.2026,1:8:29.254,15937,30057,34.6,11164,21517,34.1,0.0,13312,0,1.320,1.325,1.319,1.319,1.319,1.319,1.319,1.319,1.319,4117.6,4117.6,4117.6,4117.6,4117.6,4117.6,4117.6,4117.6,4117.6,99.8,666.0,2444.9,908.7,1020.7,844.4,522.1,591.5,309.3,480.3,139.0,179.1,340.7,319.0,256.8,263.4,1417.2,619.4,666.0,14.0,27.0,21.8,24.5,20.0,12.5,14.1,7.4,11.4,3.4,4.4,8.2,7.7,6.1,6.3,34.4,14.7,34.4,14.0,15.7,30.6,24.7,27.8,22.5,14.0,15.8,8.3,12.8,3.7,4.8,9.1,8.4,6.6,6.9,39.0,16.6,15.7,41.2,41.2,41.2,41.2,41.2,41.2,41.2,41.2,41.2,0.0,49.1,59.7,57.9,51.1,47.5,36.1,41.7,40.2,58.7,50.9,40.3,42.1,48.9,52.5,63.9,58.3,59.8,41.3,0.0,0.0,0.0,0.0,0.0,0.0,0.0,0.0,0.0,1197.8,12.00,16,16,16,39,55,661,1,69.6,61.7,59.2,56.2,57.0,57.1,55.8,55.1,54.3,55.8,54.4,60.1,53.4,53.4,53.3,47.2,44.0,1.325,1.031,1.331,8.415,9.586,8.423,43.805,30.151,2.625,3.254,3.278,2.451,2.117,1.626,2.013,1.865,4.395,11.358,9.862,21.220,30.150,1197.8,1197.8,4093.2,4100.9,4085.4,4361.2,34.3,14.0,48.7,65.0,53.8,No,No,No,0.779,0.135,3.9,43,95.0,100.0,No,No,90859,98745,31,99.0,No,No,3320,0.0,0.6,0.6,0.000,0.058,12391,10256,0.0,0.0,0.0,0.000,0.000,50,0,35.0,47.2,83.0,0.669,12.124,12.162,12.144,12.068,1132,19.928,7.418,9.594,1.496,17.766,12.430,5.330,0.336,9.594,10.015,1.695,5.924,220.000,240.000,375.0,101.2,555.0,344.9,600.0,34.0,31.0,57.0,3.0,23.5,15.0,12.3,3.3,44.3,0.0,33,Yes,No,No,No,No,Yes,No,8.9,11.3,4,0,0,0,0,0,0,0,0,119,0,0,0,0,0,0,0,0,0,0,0,0,0,0,0,0,0,0,0,0,6266,1926,1759,91,2.5,239.7,254.5,222.5,211.6,213.7,210.5,0.0,0.0,0.0,0.0,0.0,0.0,4.17,4.54,3.89,3.65,4.72,4.79,0.63,0.03,4.09,0.08,0.00,0,0,0.0,0.0,64,112,3.9,94.4,0,
4.7.2026,1:8:31.249,15935,30058,34.6,11165,21516,34.1,0.0,13312,0,1.324,1.319,1.325,1.325,1.325,1.325,1.325,1.325,1.325,4117.6,4117.6,4117.6,4117.6,4117.6,4117.6,4117.6,4117.6,4117.6,99.8,595.3,2405.3,786.2,834.4,827.6,570.3,559.4,354.8,457.6,163.0,184.6,364.4,390.7,224.5,238.9,509.2,654.0,595.3,12.8,28.9,19.1,20.3,19.9,14.0,13.6,8.8,11.2,4.3,4.9,9.2,9.8,5.5,6.0,12.7,16.2,28.9,12.8,13.9,32.3,21.3,22.5,22.0,15.4,14.9,9.5,12.1,4.3,4.9,9.7,10.4,5.7,6.3,13.6,17.7,13.9,41.2,41.2,41.2,41.2,41.2,41.2,41.2,41.2,41.2,0.0,47.1,58.9,54.3,51.1,47.6,36.7,43.5,39.9,44.6,52.9,41.1,45.7,48.9,52.4,63.3,56.5,60.1,55.4,0.0,0.0,0.0,0.0,0.0,0.0,0.0,0.0,0.0,1197.8,12.00,16,16,16,39,55,661,1,66.5,57.3,59.8,54.7,56.2,55.5,55.2,54.3,53.8,54.3,53.5,54.9,52.8,52.9,52.8,46.2,43.8,1.312,1.019,1.312,6.874,10.117,6.869,41.603,28.294,2.203,2.980,2.831,2.326,2.006,1.556,1.922,1.671,2.333,9.081,10.396,19.477,28.381,1197.8,1197.8,4076.5,4091.5,4061.6,4400.0,32.3,11.4,46.2,60.4,51.3,No,No,No,0.756,0.135,3.8,43,95.0,100.0,No,No,90859,98745,31,99.0,No,No,3320,0.0,0.3,0.3,0.000,0.038,12391,10256,0.0,0.0,0.0,0.000,0.000,50,0,35.2,47.4,83.0,0.669,12.122,12.160,12.142,12.065,1130,20.396,7.936,10.098,1.629,19.403,13.790,5.610,0.336,10.098,11.283,1.393,5.721,220.000,240.000,435.0,202.5,555.0,377.5,600.0,20.0,16.0,49.0,2.0,23.5,16.7,11.3,4.5,50.9,0.0,33,Yes,No,No,No,No,Yes,No,9.7,12.1,4,0,0,0,0,0,0,0,0,120,0,0,0,0,0,0,0,0,0,0,0,0,0,0,0,0,0,0,0,0,6270,1922,1755,91,5.0,239.7,254.5,222.5,211.6,213.7,210.5,0.0,0.0,0.0,0.0,0.0,0.0,4.17,4.54,3.89,3.65,4.72,4.79,0.63,0.03,4.09,0.08,0.00,0,0,0.0,0.0,64,112,2.0,89.7,0,
4.7.2026,1:8:33.241,15945,30048,34.6,11169,21513,34.1,0.0,13312,0,1.326,1.331,1.325,1.325,1.325,1.325,1.325,1.325,1.325,4117.6,4117.6,4117.6,4117.6,4117.6,4117.6,4117.6,4117.6,4117.6,99.8,767.5,2786.3,1039.6,1053.2,1250.1,879.8,698.1,630.6,588.5,274.1,328.0,637.1,415.1,398.6,350.6,455.7,495.0,767.5,16.2,35.7,24.2,25.1,29.8,21.0,16.6,15.1,14.0,6.0,7.3,14.7,9.3,9.3,7.7,10.9,11.8,35.7,16.2,18.4,40.5,28.0,28.3,33.7,23.7,18.6,17.0,15.6,7.3,8.8,17.0,11.0,10.3,9.2,12.1,13.1,18.4,41.2,41.2,41.2,41.2,41.2,41.2,41.2,41.2,41.2,0.0,55.6,67.8,64.5,60.0,57.5,45.6,51.8,49.2,48.3,44.4,32.2,35.5,40.0,42.5,54.4,48.2,50.8,51.7,0.0,0.0,0.0,0.0,0.0,0.0,0.0,0.0,0.0,1197.8,12.00,16,16,16,39,55,661,1,73.1,58.6,60.5,55.6,57.5,57.0,56.2,55.4,54.5,55.0,54.3,54.9,53.2,53.3,53.0,47.2,44.8,1.344,1.025,1.337,8.358,10.107,8.350,49.542,30.274,2.604,3.688,3.532,2.779,2.460,1.851,2.282,2.010,2.227,11.098,10.391,21.489,30.416,1197.8,1197.8,4096.4,4105.9,4086.8,4399.1,34.6,13.9,55.0,61.7,53.1,No,No,No,0.878,0.148,4.4,43,95.0,100.0,No,No,90859,98745,31,99.0,No,No,3320,0.1,0.4,0.5,0.008,0.144,12391,10256,0.0,0.0,0.0,0.000,0.000,50,0,34.9,47.0,83.0,0.669,12.125,12.162,12.144,12.068,1132,20.045,7.264,9.128,1.472,17.560,12.479,5.071,0.336,9.128,10.247,1.282,5.935,220.000,240.000,330.0,101.2,555.0,390.3,600.0,33.0,31.0,56.0,3.0,23.5,16.1,10.9,3.7,49.7,0.0,33,Yes,No,No,No,No,Yes,No,8.8,11.1,4,0,0,0,0,0,0,0,0,121,0,0,0,0,0,0,0,0,0,0,0,0,0,0,0,0,0,0,0,0,6270,1922,1755,91,2.5,239.6,254.7,222.6,221.5,221.4,221.4,0.0,0.0,0.0,0.0,0.0,0.0,4.17,4.74,3.74,3.34,5.39,5.39,1.35,0.01,4.08,0.09,0.00,0,0,0.0,0.0,64,112,1.7,90.1,0,
4.7.2026,1:8:35.246,15943,30050,34.6,11168,21514,34.1,0.0,13312,0,1.324,1.319,1.325,1.325,1.325,1.325,1.325,1.325,1.325,4117.6,4117.6,4117.6,4117.6,4117.6,4117.6,4117.6,4117.6,4117.6,99.8,822.8,2764.1,1128.1,1083.7,1234.5,852.9,837.8,748.7,608.8,305.6,353.6,680.6,475.9,509.8,413.7,565.0,602.5,822.8,17.9,35.2,27.4,25.8,29.4,20.2,19.8,17.9,14.3,8.0,9.1,17.0,11.9,11.8,10.4,13.3,14.2,35.2,17.9,19.9,39.9,30.5,29.2,33.2,22.9,22.4,20.3,16.2,8.2,9.4,18.4,12.6,13.4,10.9,15.1,16.0,19.9,41.2,41.2,41.2,41.2,41.2,41.2,41.2,41.2,41.2,0.0,57.4,67.5,64.7,61.5,59.5,47.8,54.3,51.9,51.8,42.6,32.5,35.3,38.5,40.5,52.2,45.7,48.1,48.2,0.0,0.0,0.0,0.0,0.0,0.0,0.0,0.0,0.0,1197.8,12.00,16,16,16,39,55,661,1,70.0,58.8,57.2,56.2,58.1,57.2,57.0,56.0,55.1,55.7,55.0,55.6,53.8,53.9,53.6,46.0,44.3,1.337,1.025,1.331,8.550,10.825,8.563,50.758,31.436,2.665,3.674,3.379,2.876,2.572,1.915,2.418,2.145,2.341,11.318,11.124,22.442,31.417,1197.8,1197.8,4081.1,4092.2,4070.1,4400.0,35.7,14.3,56.4,61.9,52.9,No,No,No,0.943,0.146,4.6,43,95.0,100.0,No,No,90859,98745,31,99.0,No,No,3320,0.0,0.4,0.4,0.000,0.028,12391,10256,0.0,0.0,0.0,0.000,0.000,50,0,37.3,51.6,83.0,0.919,12.110,12.143,12.133,12.054,1129,46.164,17.331,27.234,6.594,38.109,22.963,15.129,0.336,27.234,17.828,3.253,14.628,220.000,240.000,1725.0,1750.2,1515.0,1724.3,1635.0,12.0,3.0,18.0,1.0,23.6,6.6,5.9,1.3,19.3,0.0,33,Yes,No,No,No,No,Yes,No,20.5,24.1,4,0,0,0,0,0,0,0,0,122,0,0,0,0,0,0,0,0,0,0,0,0,0,0,0,0,0,0,0,0,6262,1930,1764,91,8.0,238.6,256.2,215.2,214.8,214.8,214.8,239.7,240.9,238.9,238.8,238.8,238.8,4.19,4.67,3.90,3.89,4.68,4.68,0.29,3.88,4.10,0.09,0.15,0,0,0.0,0.0,64,113,6.7,92.5,0,
4.7.2026,1:8:37.246,15945,30049,34.6,11164,21517,34.1,0.0,13312,0,1.315,1.312,1.306,1.306,1.319,1.319,1.319,1.319,1.319,4117.6,4117.6,4117.6,4117.6,4117.6,4117.6,4117.6,4117.6,4117.6,99.8,694.5,2701.0,1094.7,1032.9,980.2,736.6,675.1,528.1,603.5,187.3,195.9,464.5,412.0,316.0,276.6,425.4,483.0,694.5,13.9,31.0,25.7,24.2,22.7,17.0,15.5,12.1,13.7,4.0,4.1,10.6,9.2,6.7,6.0,9.6,11.0,31.0,13.9,16.3,35.6,29.7,28.0,26.1,19.8,18.0,14.2,16.1,5.0,5.2,12.4,10.9,8.1,7.3,11.3,12.9,16.3,41.2,41.2,41.2,41.2,41.2,41.2,41.2,41.2,41.2,0.0,52.4,65.8,61.6,57.6,55.2,40.3,48.4,45.1,45.3,47.6,34.2,38.4,42.4,44.8,59.7,51.6,54.9,54.7,0.0,0.0,0.0,0.0,0.0,0.0,0.0,0.0,0.0,1197.8,12.00,16,16,16,39,55,661,1,66.9,58.3,60.2,55.5,57.4,56.6,56.2,55.3,54.4,55.0,54.3,54.9,53.3,53.5,53.2,47.8,45.1,1.331,1.038,1.331,7.894,10.475,7.893,46.707,30.101,2.454,3.469,3.291,2.668,2.386,1.648,2.151,1.852,2.163,10.470,10.768,21.238,30.166,1197.8,1197.8,4091.9,4105.6,4078.2,4400.0,34.3,13.2,51.9,61.3,53.1,No,No,No,0.807,0.140,4.2,43,95.0,100.0,No,No,90859,98745,31,99.0,No,No,3320,0.0,0.4,0.4,0.000,0.050,12391,10256,0.0,0.0,0.0,0.000,0.000,50,0,35.8,48.4,83.0,0.669,12.118,12.156,12.138,12.061,1132,34.774,8.637,11.126,1.957,20.744,14.558,6.181,0.336,11.126,11.923,1.580,6.839,220.000,240.000,660.0,202.5,825.0,1651.4,900.0,21.0,22.0,34.0,2.0,23.6,7.4,5.5,1.4,22.8,0.0,33,Yes,No,No,No,No,Yes,No,10.5,13.5,4,0,0,0,0,0,0,0,0,123,0,0,0,0,0,0,0,0,0,0,0,0,0,0,0,0,0,0,0,0,6262,1930,1763,92,5.0,173.6,0.0,32.3,12.2,16.0,10.9,30.7,244.7,5.9,5.4,5.3,5.3,5.76,30.99,0.09,0.08,62.36,91.52,0.76,0.03,5.63,0.13,2.39,0,0,0.0,0.0,64,113,2.1,108.6,0,
4.7.2026,1:8:39.242,15968,30026,34.7,11181,21501,34.2,0.0,13312,0,1.325,1.325,1.325,1.325,1.325,1.325,1.325,1.325,1.325,4117.6,4117.6,4117.6,4117.6,4117.6,4117.6,4117.6,4117.6,4117.6,99.8,970.1,3117.5,1415.6,1142.1,1504.9,1038.3,915.8,838.5,761.5,369.4,406.7,798.1,527.7,551.6,494.8,696.6,942.0,970.1,20.5,37.3,33.4,26.9,35.5,24.5,21.4,19.9,17.8,8.7,9.5,19.0,12.3,12.7,11.5,16.2,22.0,37.3,20.5,23.4,42.4,38.0,30.7,40.4,27.9,24.3,22.7,20.2,9.9,10.7,21.5,13.9,14.4,13.1,18.4,25.1,23.4,41.2,41.2,41.2,41.2,41.2,41.2,41.2,41.2,41.2,0.0,65.2,75.8,73.0,69.7,67.2,54.9,61.3,58.9,61.1,34.8,24.2,27.0,30.3,32.8,45.1,38.7,41.1,38.9,0.0,0.0,0.0,0.0,0.0,0.0,0.0,0.0,0.0,1197.8,12.00,16,16,16,39,55,661,1,73.5,60.4,63.2,57.3,59.3,58.9,58.1,57.0,55.8,56.5,55.8,56.8,54.2,54.4,54.1,45.8,44.1,1.337,1.025,1.344,10.052,10.702,10.051,58.304,33.336,3.056,4.190,3.990,3.288,2.907,2.152,2.636,2.406,2.880,13.421,11.007,24.428,33.406,1197.8,1197.8,4104.8,4111.1,4098.5,4398.9,38.0,16.8,64.8,63.6,54.7,No,No,No,1.106,0.139,5.2,43,95.0,100.0,No,No,90859,98745,31,99.0,No,No,3320,0.0,0.2,0.2,0.032,0.184,12391,10256,0.0,0.0,0.0,0.000,0.000,50,0,35.5,48.1,83.0,0.669,12.120,12.157,12.140,12.063,1132,22.288,8.290,10.762,1.763,19.970,13.982,5.979,0.336,10.762,11.324,1.427,6.596,220.000,240.000,540.0,202.5,825.0,615.2,900.0,28.0,19.0,34.0,2.0,23.6,11.0,9.7,2.0,32.3,0.0,33,Yes,No,No,No,No,Yes,No,10.0,13.1,4,0,0,0,0,0,0,0,0,123,0,0,0,0,0,0,0,0,0,0,0,0,0,0,0,0,0,0,0,0,6260,1932,1765,93,5.0,105.2,256.8,6.9,4.5,4.4,4.4,10.7,120.2,3.0,2.9,2.9,2.9,9.50,144.77,3.84,3.80,229.24,229.24,0.42,0.27,9.42,0.08,0.15,0,0,0.0,0.0,64,113,2.4,93.3,0,
4.7.2026,1:8:41.252,15954,30040,34.6,11168,21513,34.1,0.0,13312,0,1.322,1.319,1.325,1.325,1.325,1.325,1.319,1.319,1.319,4052.1,3593.5,4117.6,4117.6,4117.6,4117.6,4117.6,4117.6,4117.6,99.8,662.4,2467.3,835.8,852.3,941.5,627.1,679.9,491.6,615.5,179.9,206.2,499.6,408.2,385.3,319.9,565.3,523.3,662.4,14.2,30.5,20.1,20.6,22.5,15.1,16.4,12.0,14.8,4.5,5.2,12.2,10.0,9.3,7.8,13.8,12.6,30.5,14.2,15.7,34.3,22.5,23.0,25.1,16.8,18.2,13.2,16.4,4.7,5.4,13.4,10.8,10.1,8.4,15.1,13.8,15.7,40.6,36.0,41.2,41.2,41.2,41.2,41.2,41.2,41.2,0.0,50.2,60.3,56.2,54.2,52.8,39.9,47.2,45.0,46.1,49.8,39.7,43.8,45.8,47.2,60.1,52.8,55.0,53.9,0.0,0.0,0.0,0.0,0.0,0.0,0.0,0.0,0.0,1197.8,12.00,16,16,16,39,55,661,1,70.4,58.1,60.8,55.6,57.1,56.4,56.2,55.5,54.5,55.2,54.5,55.4,53.5,53.6,53.4,47.5,44.9,1.350,1.031,1.344,7.480,10.676,7.473,44.498,29.717,2.382,3.230,2.933,2.506,2.387,1.639,2.130,1.905,2.324,9.917,10.969,20.886,29.803,1197.8,1197.8,4081.6,4096.0,4067.2,4400.0,33.9,12.5,49.4,61.1,51.8,No,No,No,0.794,0.138,4.0,43,95.0,100.0,No,No,90859,98745,31,99.0,No,No,3320,0.1,0.3,0.4,0.008,0.109,12391,10257,0.0,0.0,0.0,0.000,0.000,50,0,37.5,51.6,83.0,0.919,12.110,12.144,12.132,12.054,1129,44.177,17.062,26.791,6.412,37.307,22.409,14.884,0.336,26.791,17.285,4.357,14.047,220.000,240.000,1725.0,1750.2,1515.0,1724.7,1635.0,5.0,2.0,18.0,1.0,23.6,5.8,3.5,1.2,18.4,0.0,33,Yes,No,No,No,No,Yes,No,20.0,24.3,4,0,0,0,0,0,0,0,0,124,0,0,0,0,0,0,0,0,0,0,0,0,0,0,0,0,0,0,0,0,6260,1932,1765,92,8.0,191.5,260.3,171.1,6.6,10.6,5.6,1.3,3.8,0.8,0.8,0.8,0.8,5.22,5.89,3.80,3.74,94.10,179.69,0.17,0.32,5.14,0.08,0.22,0,0,0.0,0.0,64,113,1.7,99.4,0,
4.7.2026,1:8:43.254,15954,30039,34.6,11170,21511,34.1,0.0,13312,0,1.324,1.319,1.325,1.325,1.325,1.325,1.325,1.325,1.325,4117.6,4117.6,4117.6,4117.6,4117.6,4117.6,4117.6,4117.6,4117.6,99.8,840.5,2778.1,1164.0,878.7,1427.0,846.6,795.0,720.9,664.3,361.1,360.0,688.3,552.7,486.8,423.4,594.9,706.5,840.5,17.9,33.8,27.8,20.9,34.1,20.1,18.8,17.2,15.7,8.6,8.5,16.5,13.1,11.3,9.9,14.1,16.8,34.1,17.9,20.4,38.4,31.6,23.6,38.6,22.9,21.4,19.6,17.8,9.8,9.6,18.7,14.8,12.8,11.3,15.9,19.0,20.4,41.2,41.2,41.2,41.2,41.2,41.2,41.2,41.2,41.2,0.0,56.1,67.8,65.3,60.4,58.0,45.7,52.6,49.4,49.6,43.9,32.2,34.7,39.6,42.0,54.3,47.4,50.6,50.4,0.0,0.0,0.0,0.0,0.0,0.0,0.0,0.0,0.0,1197.8,12.00,16,16,16,39,55,661,1,67.5,59.6,61.2,56.7,58.3,57.8,57.3,56.6,55.6,56.2,55.3,56.1,53.9,54.1,53.8,47.2,44.6,1.344,1.025,1.337,8.862,10.519,8.864,49.804,31.468,2.752,3.749,3.560,2.910,2.675,2.019,2.475,2.132,2.499,11.796,10.817,22.613,31.569,1197.8,1197.8,4088.3,4098.7,4078.0,4400.0,35.9,14.8,55.3,62.8,53.4,No,No,No,0.945,0.140,4.5,43,95.0,100.0,No,No,90859,98745,31,99.0,No,No,3320,0.0,0.3,0.3,0.000,0.018,12391,10257,0.0,0.0,0.0,0.000,0.000,50,0,36.0,48.7,83.0,0.669,12.120,12.158,12.139,12.063,1132,35.421,8.576,11.101,2.043,20.600,14.427,6.167,0.336,11.101,11.897,1.551,6.537,220.000,240.000,765.0,202.5,825.0,1666.7,900.0,12.0,19.0,33.0,2.0,23.5,7.3,4.7,1.5,22.9,0.0,33,Yes,No,No,No,No,Yes,No,10.5,13.2,4,0,0,0,0,0,0,0,0,125,0,0,0,0,0,0,0,0,0,0,0,0,0,0,0,0,0,0,0,0,6270,1922,1756,92,5.0,161.0,257.8,19.2,7.7,7.2,7.2,4.3,118.2,1.4,1.4,1.4,1.4,6.21,52.06,3.84,3.83,138.15,138.15,0.29,0.01,6.13,0.08,1.29,0,0,0.0,0.0,64,114,5.5,199.6,0,
4.7.2026,1:8:45.253,15949,30044,34.6,11181,21501,34.2,0.0,13312,0,1.313,1.319,1.312,1.312,1.312,1.312,1.312,1.312,1.312,4117.6,4117.6,4117.6,4117.6,4117.6,4117.6,4117.6,4117.6,4117.6,99.8,635.8,2608.6,1048.1,884.6,1059.7,637.4,630.7,415.0,495.3,150.9,175.4,401.7,327.2,247.1,230.7,425.3,434.9,635.8,13.2,29.0,25.3,21.3,25.4,15.4,15.1,10.1,11.9,3.8,4.4,9.8,7.9,5.8,5.6,10.3,10.6,29.0,13.2,14.7,32.6,28.5,24.0,28.5,17.1,16.9,11.1,13.1,4.0,4.7,10.8,8.6,6.3,6.1,11.3,11.6,14.7,41.2,41.2,41.2,41.2,41.2,41.2,41.2,41.2,41.2,0.0,49.0,63.8,60.0,54.0,50.4,37.0,44.2,41.1,41.6,51.0,36.2,40.0,46.0,49.6,63.0,55.8,58.9,58.4,0.0,0.0,0.0,0.0,0.0,0.0,0.0,0.0,0.0,1197.8,12.00,16,16,16,39,55,661,1,64.6,58.8,57.0,55.8,57.9,57.3,56.6,55.4,54.6,55.0,54.3,55.1,53.7,53.8,53.5,47.5,44.3,1.344,1.031,1.331,7.388,10.242,7.392,43.459,29.223,2.346,3.473,3.208,2.558,2.158,1.580,1.972,1.726,2.093,9.784,10.527,20.311,29.246,1197.8,1197.8,4080.6,4096.8,4064.4,4399.5,33.2,12.3,48.3,61.9,51.9,No,No,No,0.831,0.135,3.9,43,95.0,100.0,No,No,90859,98745,31,99.0,No,No,3320,0.1,0.5,0.6,0.002,0.075,12391,10257,0.0,0.0,0.0,0.000,0.000,50,0,35.7,48.2,83.0,0.669,12.124,12.164,12.142,12.066,1129,22.747,8.400,10.602,1.800,20.387,14.479,5.890,0.336,10.602,11.929,1.432,6.545,220.000,240.000,495.0,202.5,825.0,673.2,900.0,22.0,23.0,34.0,2.0,23.5,10.3,7.4,2.0,31.7,0.0,33,Yes,No,No,No,No,Yes,No,10.2,12.9,4,0,0,0,0,0,0,0,0,125,0,0,0,0,0,0,0,0,0,0,0,0,0,0,0,0,0,0,0,0,6270,1922,1756,90,5.0,239.8,260.0,217.9,193.3,204.1,189.6,1.3,1.3,1.3,1.3,1.3,1.3,4.17,4.66,3.78,3.14,4.97,5.38,0.80,0.04,4.09,0.08,1.17,0,0,0.0,0.0,64,114,1.4,83.8,0,
4.7.2026,1:8:47.241,15973,30020,34.7,11170,21511,34.1,0.0,13312,0,1.319,1.319,1.319,1.319,1.319,1.319,1.319,1.319,1.319,4117.6,4117.6,4117.6,4117.6,4117.6,4117.6,4117.6,4117.6,4117.6,99.8,779.8,2854.2,1490.8,993.7,1185.0,607.6,1006.9,458.3,773.8,250.2,235.9,476.0,418.2,319.0,331.6,487.3,587.6,779.8,16.2,26.5,36.0,23.9,28.3,14.5,24.3,11.0,18.7,6.2,5.9,11.6,10.2,7.5,8.1,11.8,14.2,36.0,16.2,18.1,29.9,40.8,26.9,31.9,16.2,27.3,12.2,20.9,6.7,6.3,12.7,11.1,8.1,8.8,13.0,15.8,18.1,41.2,41.2,41.2,41.2,41.2,41.2,41.2,41.2,41.2,0.0,55.4,69.5,65.1,61.9,58.8,41.9,50.7,47.2,47.9,44.6,30.5,34.9,38.1,41.2,58.1,49.3,52.8,52.1,0.0,0.0,0.0,0.0,0.0,0.0,0.0,0.0,0.0,1197.8,12.00,16,16,16,39,55,661,1,62.5,59.1,60.8,56.2,58.0,57.5,57.0,56.0,54.9,55.5,54.8,55.6,53.7,53.9,53.6,47.8,44.9,1.337,1.031,1.331,8.331,10.414,8.328,49.461,30.672,2.597,3.688,3.451,2.884,2.509,1.770,2.179,1.954,2.339,11.085,10.708,21.793,30.727,1197.8,1197.8,4099.5,4111.1,4087.9,4400.0,34.9,13.9,55.0,62.2,53.1,No,No,No,0.869,0.144,4.4,43,95.0,100.0,No,No,90859,98745,31,99.0,No,No,3320,0.0,0.7,0.7,0.000,0.048,12391,10257,0.0,0.0,0.0,0.000,0.000,50,0,35.7,48.2,83.0,0.669,12.123,12.163,12.142,12.064,1130,22.425,8.750,10.856,1.995,21.115,15.068,6.031,0.336,10.856,12.597,1.495,7.152,220.000,240.000,585.0,202.5,555.0,453.1,600.0,45.0,26.0,50.0,2.0,23.8,15.1,10.9,3.1,46.6,0.0,33,Yes,No,No,No,No,Yes,No,10.7,13.4,4,0,0,0,0,0,0,0,0,127,0,0,0,0,0,0,0,0,0,0,0,0,0,0,0,0,0,0,0,0,6242,1950,1784,90,5.0,114.6,258.2,6.5,4.8,5.4,4.7,4.3,10.4,3.2,3.2,3.2,3.2,8.72,153.89,3.86,3.78,185.54,212.50,0.68,0.01,8.64,0.08,141.63,0,0,0.0,0.0,64,114,6.7,84.7,0,
4.7.2026,1:8:49.243,15971,30023,34.7,11161,21521,34.1,0.0,13312,0,1.318,1.319,1.325,1.325,1.325,1.312,1.312,1.312,1.312,4117.6,4117.6,4117.6,4117.6,4117.6,4117.6,4117.6,4117.6,4117.6,99.8,673.4,2646.5,1343.9,914.4,994.6,498.8,802.6,383.6,587.0,160.3,185.3,378.5,376.4,311.9,236.0,444.4,510.4,673.4,13.1,22.5,32.0,21.4,23.2,11.3,18.8,8.6,13.5,3.4,3.9,8.6,8.5,6.7,5.1,10.2,11.8,32.0,13.1,15.2,25.9,36.7,24.7,26.6,13.2,21.7,10.2,15.7,4.2,4.9,10.1,10.0,8.0,6.2,11.8,13.7,15.2,41.2,41.2,41.2,41.2,41.2,41.2,41.2,41.2,41.2,0.0,50.7,64.5,59.6,55.7,52.7,38.5,46.0,43.6,44.8,49.3,35.5,40.4,44.3,47.3,61.5,54.0,56.4,55.2,0.0,0.0,0.0,0.0,0.0,0.0,0.0,0.0,0.0,1197.8,12.00,16,16,16,39,55,661,1,70.5,59.0,59.8,55.8,57.6,57.5,56.5,55.5,54.6,55.1,54.5,55.3,53.7,53.8,53.5,47.8,44.9,1.344,1.031,1.337,7.659,10.342,7.660,45.044,29.665,2.399,3.384,3.297,2.593,2.237,1.616,2.041,1.822,2.201,10.168,10.630,20.798,29.728,1197.8,1197.8,4086.7,4100.7,4072.7,4398.8,33.8,12.8,50.0,62.1,52.8,No,No,No,0.820,0.141,4.1,43,95.0,100.0,No,No,90859,98745,31,99.0,No,No,3320,0.0,0.3,0.3,0.000,0.026,12391,10257,0.0,0.0,0.0,0.000,0.000,50,0,35.6,47.9,83.0,0.669,12.124,12.163,12.144,12.066,1132,22.458,8.170,10.539,1.788,19.794,13.925,5.855,0.336,10.539,11.387,1.443,6.097,220.000,240.000,780.0,202.5,675.0,702.5,735.0,16.0,15.0,41.0,2.0,23.8,13.3,8.9,2.5,42.0,0.0,33,Yes,No,No,No,No,Yes,No,10.0,12.9,4,0,0,0,0,0,0,0,0,127,0,0,0,0,0,0,0,0,0,0,0,0,0,0,0,0,0,0,0,0,6244,1948,1782,89,5.0,239.8,265.9,216.4,205.3,207.9,204.1,1.7,7.9,1.0,1.0,1.0,1.0,4.17,4.69,3.72,3.52,4.88,4.98,0.82,0.01,4.09,0.08,2.52,0,0,0.0,0.0,64,114,6.3,88.4,0,
4.7.2026,1:8:51.245,15971,30023,34.7,11173,21508,34.1,0.0,13312,0,1.322,1.312,1.325,1.325,1.325,1.325,1.325,1.319,1.319,4117.6,4117.6,4117.6,4117.6,4117.6,4117.6,4117.6,4117.6,4117.6,99.8,634.6,2552.2,1278.9,707.3,992.0,491.0,651.5,308.0,512.3,137.0,188.9,344.7,309.6,227.4,186.5,533.7,732.2,634.6,12.9,21.7,31.2,17.3,23.9,12.1,16.0,7.8,12.0,3.2,4.4,8.1,7.9,5.7,4.2,12.6,17.5,31.2,12.9,14.2,24.1,34.9,19.0,26.5,13.0,17.5,8.1,13.6,3.6,5.1,9.1,8.2,5.7,4.9,14.3,19.9,14.2,41.2,41.2,41.2,41.2,41.2,41.2,41.2,41.2,41.2,0.0,48.1,62.2,56.1,52.6,49.6,36.0,42.7,39.7,46.0,51.9,37.8,43.9,47.4,50.4,64.0,57.3,60.3,54.0,0.0,0.0,0.0,0.0,0.0,0.0,0.0,0.0,0.0,1197.8,12.00,16,16,16,39,55,661,1,67.4,58.3,59.2,55.5,57.1,56.3,56.0,55.0,54.4,55.1,54.2,55.7,53.5,53.6,53.4,48.0,44.6,1.337,1.031,1.331,7.239,9.867,7.245,42.853,28.652,2.296,3.278,2.930,2.426,2.098,1.559,1.924,1.684,2.474,9.627,10.145,19.772,28.704,1197.8,1197.8,4093.0,4106.4,4079.6,4400.0,32.6,12.1,47.6,61.4,52.2,No,No,No,0.784,0.135,3.8,43,95.0,100.0,No,No,90859,98745,31,99.0,No,No,3320,0.1,0.3,0.4,0.008,0.061,12391,10257,0.0,0.0,0.0,0.000,0.000,50,0,35.3,47.8,83.0,0.669,12.124,12.160,12.144,12.068,1130,21.387,7.541,9.992,1.508,18.119,12.563,5.551,0.336,9.992,9.992,1.313,6.048,220.000,240.000,405.0,101.2,555.0,668.7,600.0,31.0,31.0,54.0,3.0,23.8,13.9,8.8,2.8,44.0,0.0,33,Yes,No,No,No,No,Yes,No,9.1,11.4,4,0,0,0,0,0,0,0,0,128,0,0,0,0,0,0,0,0,0,0,0,0,0,0,0,0,0,0,0,0,6242,1950,1784,90,2.5,238.5,262.4,220.9,92.9,119.3,81.8,0.0,0.0,0.0,0.0,0.0,0.0,4.19,4.57,2.59,0.79,10.22,15.87,1.05,0.01,4.05,0.15,0.00,0,0,0.0,0.0,64,114,1.6,85.9,0,
4.7.2026,1:8:53.255,16006,29988,34.8,11187,21495,34.2,0.0,13312,0,1.330,1.325,1.331,1.331,1.331,1.331,1.331,1.331,1.331,4117.6,4117.6,4117.6,4117.6,4117.6,4117.6,4117.6,4117.6,4117.6,99.8,638.0,2511.2,1190.0,687.3,1059.0,478.0,700.0,327.4,556.6,172.2,177.5,370.5,373.8,275.0,260.7,524.6,544.7,638.0,12.8,22.4,28.4,15.9,24.8,10.9,16.4,7.3,13.5,4.4,4.6,9.2,8.6,5.8,6.5,12.9,13.3,28.4,12.8,14.5,25.8,32.5,18.4,28.5,12.7,18.8,8.6,14.9,4.6,4.7,9.8,10.0,7.0,6.9,14.1,14.6,14.5,41.2,41.2,41.2,41.2,41.2,41.2,41.2,41.2,41.2,0.0,48.4,61.3,56.3,52.1,49.6,37.1,44.0,41.8,45.0,51.6,38.7,43.7,47.9,50.4,62.9,56.0,58.2,55.0,0.0,0.0,0.0,0.0,0.0,0.0,0.0,0.0,0.0,1197.8,12.00,16,16,16,39,55,661,1,64.5,58.6,58.0,55.5,57.2,56.7,55.9,55.2,54.4,55.0,54.3,55.4,53.5,53.6,53.3,48.5,45.0,1.337,1.025,1.331,7.262,10.250,7.256,42.901,28.991,2.314,3.214,3.037,2.399,2.149,1.594,1.969,1.791,2.360,9.621,10.536,20.157,29.065,1197.8,1197.8,4081.4,4095.4,4067.4,4400.0,33.0,12.1,47.7,61.7,51.7,No,No,No,0.748,0.135,3.9,43,95.0,100.0,No,No,90859,98745,31,99.0,No,No,3320,0.0,0.3,0.3,0.000,0.063,12391,10257,0.0,0.0,0.0,0.000,0.000,50,0,35.4,47.8,83.0,0.669,12.120,12.156,12.140,12.064,1132,21.237,7.909,9.751,1.629,19.376,13.958,5.417,0.336,9.751,11.611,1.439,5.827,220.000,240.000,480.0,202.5,555.0,438.8,600.0,19.0,15.0,49.0,2.0,23.8,15.5,10.0,3.0,48.9,0.0,33,Yes,No,No,No,No,Yes,No,9.7,12.4,4,0,0,0,0,0,0,0,0,129,0,0,0,0,0,0,0,0,0,0,0,0,0,0,0,0,0,0,0,0,6242,1950,1784,90,5.0,239.8,271.4,220.5,215.6,218.2,214.3,0.7,0.7,0.7,0.7,0.7,0.7,4.17,4.59,3.67,3.59,4.64,4.71,1.06,0.01,4.09,0.08,11.07,0,0,0.0,0.0,64,114,2.1,88.9,0,
4.7.2026,1:8:55.246,16008,29985,34.8,11193,21489,34.2,0.0,13312,0,1.323,1.312,1.325,1.325,1.325,1.325,1.325,1.325,1.325,4117.6,4117.6,4117.6,4117.6,4117.6,4117.6,4117.6,4117.6,4117.6,99.8,587.7,2446.0,1221.1,865.0,803.9,464.6,672.1,336.6,473.5,123.4,170.0,342.1,289.2,241.9,189.1,382.6,381.9,587.7,11.9,21.6,29.7,21.0,19.2,11.2,16.3,8.2,11.5,2.5,3.7,8.5,7.2,5.9,4.8,9.5,9.4,29.7,11.9,13.1,24.2,33.3,23.4,21.4,12.3,18.1,8.9,12.6,3.2,4.6,9.1,7.6,6.2,5.0,10.2,10.1,13.1,41.2,41.2,41.2,41.2,41.2,41.2,41.2,41.2,41.2,0.0,46.0,59.8,54.4,50.7,47.7,34.9,41.7,38.7,39.8,54.0,40.2,45.6,49.3,52.3,65.1,58.3,61.3,60.2,0.0,0.0,0.0,0.0,0.0,0.0,0.0,0.0,0.0,1197.8,12.00,16,16,16,39,55,661,1,71.6,58.2,58.5,55.3,57.5,56.4,55.9,55.0,54.3,54.7,54.1,54.7,53.4,53.5,53.2,47.8,44.8,1.337,1.031,1.331,6.915,10.606,6.921,40.770,28.937,2.221,3.366,2.897,2.348,2.064,1.534,1.870,1.658,2.029,9.155,10.898,20.053,28.980,1197.8,1197.8,4079.6,4097.8,4061.4,4399.6,32.9,11.5,45.3,61.3,51.3,No,No,No,0.791,0.135,3.7,43,95.0,100.0,No,No,90859,98745,31,99.0,No,No,3320,0.0,0.4,0.4,0.000,0.026,12391,10257,0.0,0.0,0.0,0.000,0.000,50,0,37.3,51.3,83.0,0.919,12.112,12.146,12.134,12.055,1128,42.110,17.045,27.029,6.328,37.530,22.507,15.016,0.336,27.029,17.173,3.431,14.069,220.000,240.000,1725.0,1750.2,1515.0,1147.3,1635.0,5.0,2.0,18.0,1.0,23.8,8.7,5.6,1.7,27.6,0.0,33,Yes,No,No,No,No,Yes,No,20.1,24.1,5,0,0,0,0,0,0,0,0,131,0,0,0,0,0,0,0,0,0,0,0,0,0,0,0,0,0,0,0,0,6242,1950,1784,90,8.0,239.8,271.4,220.5,215.6,218.2,214.3,0.7,0.7,0.7,0.7,0.7,0.7,4.17,4.59,3.67,3.59,4.64,4.71,1.06,0.01,4.09,0.08,11.07,0,0,0.0,0.0,64,115,1.4,89.0,0,
4.7.2026,1:8:57.242,16003,29991,34.7,11190,21491,34.2,0.0,13312,0,1.152,1.319,1.325,1.325,1.050,1.050,1.050,1.050,1.050,4052.1,4117.6,3593.5,4117.6,4117.6,4117.6,4117.6,4117.6,4117.6,99.8,584.1,2333.5,1124.2,819.2,785.5,473.3,564.5,334.7,449.8,141.1,153.9,332.0,331.6,246.1,196.4,410.1,650.3,584.1,11.4,19.7,26.9,19.3,18.2,10.7,13.1,7.5,10.3,3.7,4.0,7.5,7.5,5.2,4.2,9.4,15.3,26.9,11.4,13.1,22.6,30.7,22.1,20.9,12.5,15.1,8.8,12.0,3.7,4.1,8.8,8.8,6.2,5.2,10.9,17.6,13.1,40.6,41.2,36.0,41.2,41.2,41.2,41.2,41.2,41.2,0.0,45.7,57.2,52.7,48.9,46.6,35.4,41.5,39.5,43.7,54.3,42.8,47.3,51.1,53.4,64.6,58.5,60.5,56.3,0.0,0.0,0.0,0.0,0.0,0.0,0.0,0.0,0.0,1197.8,12.00,16,16,16,39,55,661,1,68.5,57.5,59.2,55.0,56.5,56.1,55.4,54.8,54.0,54.6,53.9,55.0,53.2,53.4,53.1,47.5,44.5,1.319,1.031,1.312,6.693,10.505,6.691,40.137,28.476,2.161,2.971,2.883,2.234,1.989,1.494,1.863,1.648,2.203,8.830,10.794,19.624,28.534,1197.8,1197.8,4063.2,4080.0,4046.5,4400.0,32.4,11.2,44.6,60.5,50.8,No,No,No,0.719,0.135,3.7,43,95.0,100.0,No,No,90859,98745,31,99.0,No,No,3320,0.0,0.2,0.2,0.000,0.150,12391,10257,0.0,0.0,0.0,0.000,0.000,50,0,37.6,51.8,83.0,0.919,12.112,12.147,12.135,12.055,1129,44.334,17.106,27.133,6.462,37.544,22.459,15.074,0.336,27.133,17.226,3.382,14.311,220.000,240.000,1725.0,1750.2,1515.0,1724.7,1635.0,5.0,2.0,18.0,1.0,23.8,5.5,3.7,1.1,17.3,0.0,33,Yes,No,No,No,No,Yes,No,20.2,24.8,5,0,0,0,0,0,0,0,0,131,0,0,0,0,0,0,0,0,0,0,0,0,0,0,0,0,0,0,0,0,6242,1950,1784,90,8.0,239.8,271.4,220.5,215.6,218.2,214.3,0.7,0.7,0.7,0.7,0.7,0.7,4.17,4.59,3.67,3.59,4.64,4.71,1.06,0.01,4.09,0.08,11.07,0,0,0.0,0.0,64,115,2.2,87.4,0,
4.7.2026,1:8:59.241,16005,29989,34.7,11189,21493,34.2,0.0,13312,0,1.312,1.300,1.325,1.312,1.312,1.312,1.312,1.312,1.312,4117.6,4117.6,4117.6,4117.6,4117.6,4117.6,4117.6,4117.6,4117.6,99.8,626.1,2417.5,1145.9,881.1,852.2,486.6,622.5,354.9,453.6,148.4,156.7,358.2,291.0,244.4,184.0,799.1,621.2,626.1,12.6,19.8,27.7,21.2,20.1,11.5,14.9,8.4,10.8,3.6,3.8,8.6,7.0,5.7,4.4,19.3,14.9,27.7,12.6,14.1,22.3,31.2,23.8,22.7,12.9,16.7,9.4,12.1,3.9,4.2,9.5,7.7,6.2,4.8,21.8,16.7,14.1,41.2,41.2,41.2,41.2,41.2,41.2,41.2,41.2,41.2,0.0,47.9,59.1,56.8,51.3,48.7,35.3,42.2,39.3,50.2,52.1,40.9,43.2,48.7,51.3,64.7,57.8,60.7,49.8,0.0,0.0,0.0,0.0,0.0,0.0,0.0,0.0,0.0,1197.8,12.00,16,16,16,39,55,661,1,65.8,59.9,59.5,55.8,56.9,56.7,56.0,55.3,54.4,55.3,54.2,57.4,53.5,53.6,53.4,47.0,44.8,1.325,1.031,1.331,7.600,10.274,7.600,42.407,29.524,2.391,3.118,3.115,2.400,2.122,1.579,1.941,1.708,3.144,10.142,10.560,20.702,29.617,1197.8,1197.8,4082.3,4093.7,4071.0,4397.6,33.7,12.7,47.1,63.0,52.8,No,No,No,0.713,0.134,3.8,43,95.0,100.0,No,No,90859,98745,31,99.0,No,No,3320,0.0,0.3,0.3,0.000,0.052,12391,10258,0.0,0.0,0.0,0.000,0.000,50,0,35.8,48.3,83.0,0.669,12.119,12.154,12.140,12.063,1132,22.045,8.166,10.339,1.762,19.630,13.885,5.744,0.336,10.339,11.399,1.535,6.693,220.000,240.000,390.0,202.5,825.0,615.0,900.0,17.0,15.0,33.0,2.0,23.5,9.8,6.6,1.9,30.6,0.0,33,Yes,No,No,No,No,Yes,No,9.9,12.8,5,0,0,0,0,0,0,0,0,132,0,0,0,0,0,0,0,0,0,0,0,0,0,0,0,0,0,0,0,0,6270,1922,1756,90,5.0,239.8,271.4,220.5,215.6,218.2,214.3,0.7,0.7,0.7,0.7,0.7,0.7,4.17,4.59,3.67,3.59,4.64,4.71,1.06,0.01,4.09,0.08,11.07,0,0,0.0,0.0,64,115,1.6,87.1,0,
4.7.2026,1:9:1.245,15986,30008,34.7,11199,21483,34.2,0.0,13312,0,1.329,1.312,1.331,1.331,1.331,1.331,1.331,1.331,1.331,4114.5,4092.6,4117.6,4117.6,4117.6,4117.6,4117.6,4117.6,4117.6,99.8,737.9,2680.8,1225.0,1089.1,853.1,694.5,784.2,518.7,706.2,281.2,246.6,486.2,398.4,362.0,293.5,648.5,538.6,737.9,15.4,30.0,29.4,26.0,20.1,16.4,18.7,12.2,16.8,6.7,5.8,11.6,9.4,8.3,6.9,15.5,12.8,30.0,15.4,17.5,34.2,33.5,29.6,22.8,18.7,21.2,13.9,19.1,7.6,6.6,13.1,10.6,9.4,7.9,17.6,14.5,17.5,41.2,41.0,41.2,41.2,41.2,41.2,41.2,41.2,41.2,0.0,50.9,65.3,58.0,55.9,53.3,39.5,45.9,43.0,46.6,49.1,34.7,42.0,44.1,46.7,60.5,54.1,57.0,53.4,0.0,0.0,0.0,0.0,0.0,0.0,0.0,0.0,0.0,1197.8,12.00,16,16,16,39,55,661,1,73.9,59.2,60.2,56.3,58.2,57.3,57.1,55.9,55.0,55.5,55.0,56.0,53.8,53.9,53.6,48.5,44.4,1.325,1.025,1.331,8.026,9.801,8.021,45.347,29.648,2.512,3.607,3.192,2.696,2.377,1.755,2.104,1.919,2.444,10.683,10.078,20.761,29.691,1197.8,1197.8,4090.6,4104.0,4077.2,4399.0,33.7,13.4,50.4,62.3,52.9,No,No,No,0.939,0.131,4.1,43,95.0,100.0,No,No,90859,98745,31,99.0,No,No,3320,0.1,0.2,0.3,0.016,0.047,12391,10258,0.0,0.0,0.0,0.000,0.000,50,0,35.5,47.7,83.0,0.669,12.121,12.156,12.141,12.065,1129,20.953,7.601,9.808,1.714,18.126,12.669,5.449,0.336,9.808,10.382,1.391,6.329,220.000,240.000,360.0,101.2,555.0,336.1,600.0,40.0,35.0,56.0,3.0,23.4,13.8,11.3,2.6,41.4,0.0,33,Yes,No,No,No,No,Yes,No,9.2,11.6,5,0,0,0,0,0,0,0,0,133,0,0,0,0,0,0,0,0,0,0,0,0,0,0,0,0,0,0,0,0,6274,1918,1752,90,2.5,240.0,256.4,220.9,219.2,219.0,219.0,0.0,0.0,0.0,0.0,0.0,0.0,4.16,4.58,3.87,3.86,4.63,4.63,1.38,0.01,4.09,0.08,0.00,0,0,0.0,0.0,64,115,1.5,86.8,0,
4.7.2026,1:9:3.241,15978,30016,34.7,11192,21489,34.2,0.0,13312,0,1.218,1.319,1.319,1.319,1.319,1.319,1.050,1.050,1.050,3790.0,3593.5,3593.5,3593.5,3593.5,3593.5,4117.6,4117.6,4117.6,99.8,594.4,2487.6,1214.0,791.7,820.5,487.3,656.7,382.7,465.0,140.3,141.2,327.8,301.9,230.8,179.4,407.1,476.2,594.4,11.8,20.7,29.4,18.9,19.3,11.5,15.7,9.1,11.1,3.5,3.5,7.9,7.3,5.3,4.3,9.8,11.5,29.4,11.8,13.2,23.3,33.2,21.2,21.8,12.9,17.7,10.1,12.4,3.7,3.7,8.7,8.0,5.8,4.7,10.8,12.8,13.2,38.0,36.0,36.0,36.0,36.0,36.0,41.2,41.2,41.2,0.0,46.7,60.7,54.1,52.1,49.4,34.9,42.0,39.2,41.6,53.3,39.3,45.9,47.9,50.6,65.1,58.0,60.8,58.4,0.0,0.0,0.0,0.0,0.0,0.0,0.0,0.0,0.0,1197.8,12.00,16,16,16,39,55,661,1,70.8,57.6,59.2,55.2,56.7,56.1,55.8,54.9,54.2,54.7,54.0,55.0,53.4,53.5,53.3,46.2,44.3,1.312,1.038,1.331,6.916,10.135,6.918,41.488,28.425,2.206,3.096,2.888,2.377,2.087,1.516,1.878,1.651,2.156,9.164,10.415,19.579,28.495,1197.8,1197.8,4084.0,4098.3,4069.6,4400.0,32.4,11.5,46.1,60.6,51.7,No,No,No,0.735,0.135,3.7,43,95.0,100.0,No,No,90859,98745,31,99.0,No,No,3320,0.0,0.3,0.3,0.000,0.048,12391,10258,0.0,0.0,0.0,0.000,0.000,50,0,35.5,48.0,83.0,0.669,12.118,12.153,12.138,12.062,1130,20.867,7.903,9.888,1.580,19.324,13.823,5.493,0.336,9.888,11.368,1.411,5.921,220.000,240.000,450.0,202.5,555.0,372.9,600.0,19.0,16.0,49.0,2.0,23.4,15.9,10.8,3.1,49.5,0.0,33,Yes,No,No,No,No,Yes,No,9.7,12.6,5,0,0,0,0,0,0,0,0,134,0,0,0,0,0,0,0,0,0,0,0,0,0,0,0,0,0,0,0,0,6274,1918,1752,89,5.0,239.5,279.8,204.4,190.6,189.1,189.1,0.0,0.0,0.0,0.0,0.0,0.0,4.17,4.97,3.50,3.06,5.39,5.39,0.71,0.01,4.09,0.08,0.00,0,0,0.0,0.0,64,115,1.5,84.5,0,
4.7.2026,1:9:5.251,15980,30014,34.7,11191,21490,34.2,0.0,13312,0,1.330,1.325,1.331,1.331,1.331,1.331,1.331,1.331,1.331,4117.6,4117.6,4117.6,4117.6,4117.6,4117.6,4117.6,4117.6,4117.6,99.8,616.8,2580.0,1273.6,932.8,824.2,564.2,670.8,414.8,446.0,155.3,146.8,342.1,294.1,235.5,181.6,412.5,394.7,616.8,12.5,22.1,31.0,22.5,19.6,13.5,16.3,10.0,10.8,4.0,3.8,8.5,7.3,5.6,4.5,10.2,9.7,31.0,12.5,13.7,24.9,34.9,25.2,21.9,15.0,18.1,11.0,11.9,4.1,3.9,9.1,7.8,5.9,4.7,11.0,10.5,13.7,41.2,41.2,41.2,41.2,41.2,41.2,41.2,41.2,41.2,0.0,47.6,62.9,56.9,53.2,49.6,35.2,42.4,39.7,40.7,52.4,37.1,43.1,46.8,50.4,64.8,57.6,60.3,59.3,0.0,0.0,0.0,0.0,0.0,0.0,0.0,0.0,0.0,1197.8,12.00,16,16,16,39,55,661,1,67.9,58.5,58.0,55.4,57.5,56.5,56.3,55.0,54.3,54.8,54.1,54.9,53.4,53.5,53.3,48.5,44.2,1.331,1.025,1.331,7.155,9.606,7.159,42.347,28.244,2.275,3.369,2.986,2.518,2.114,1.561,1.901,1.685,2.068,9.493,9.876,19.369,28.294,1197.8,1197.8,4089.8,4104.6,4075.0,4399.5,32.2,11.9,47.1,61.6,51.9,No,No,No,0.760,0.137,3.8,43,95.0,100.0,No,No,90859,98745,31,99.0,No,No,3320,0.0,0.1,0.1,0.000,0.077,12391,10258,0.0,0.0,0.0,0.000,0.000,50,0,35.3,47.5,83.0,0.669,12.121,12.156,12.141,12.065,1128,20.428,7.583,9.855,1.580,18.054,12.572,5.475,0.336,9.855,10.130,1.648,6.329,220.000,240.000,360.0,101.2,555.0,404.3,600.0,33.0,31.0,54.0,3.0,23.4,15.8,10.7,3.0,49.6,0.0,33,Yes,No,No,No,No,Yes,No,9.0,11.5,5,0,0,0,0,0,0,0,0,135,0,0,0,0,0,0,0,0,0,0,0,0,0,0,0,0,0,0,0,0,6274,1918,1752,89,2.5,239.5,279.8,204.4,190.6,189.1,189.1,0.0,0.0,0.0,0.0,0.0,0.0,4.17,4.97,3.50,3.06,5.39,5.39,0.71,0.01,4.09,0.08,0.00,0,0,0.0,0.0,64,115,1.8,90.1,0,
4.7.2026,1:9:7.244,15971,30022,34.7,11194,21488,34.2,0.0,13312,0,1.314,1.325,1.312,1.312,1.312,1.312,1.312,1.312,1.312,4117.6,4117.6,4117.6,4117.6,4117.6,4117.6,4117.6,4117.6,4117.6,99.8,589.6,2483.2,1200.9,791.7,794.8,494.7,603.5,378.4,450.0,152.7,143.5,308.8,300.0,260.5,169.2,486.6,414.6,589.6,11.4,21.8,28.8,18.6,18.4,11.3,14.1,8.6,10.4,3.3,3.1,7.0,6.9,5.6,3.6,11.4,9.5,28.8,11.4,13.2,25.0,32.9,21.3,21.1,13.1,16.2,10.0,12.0,4.0,3.8,8.1,7.9,6.6,4.4,13.1,11.0,13.2,41.2,41.2,41.2,41.2,41.2,41.2,41.2,41.2,41.2,0.0,46.3,60.7,53.8,51.0,48.1,35.1,41.0,39.1,41.7,53.7,39.3,46.2,49.0,51.9,64.9,59.0,60.9,58.3,0.0,0.0,0.0,0.0,0.0,0.0,0.0,0.0,0.0,1197.8,12.00,16,16,16,39,55,661,1,64.9,57.7,60.0,55.1,57.0,55.9,55.8,54.8,54.2,54.5,54.1,54.9,53.3,53.5,53.2,47.0,44.5,1.331,1.031,1.331,6.797,9.524,6.792,40.991,27.622,2.180,3.148,2.784,2.315,2.033,1.517,1.837,1.658,2.144,8.982,9.791,18.774,27.681,1197.8,1197.8,4077.7,4093.8,4061.6,4400.0,31.5,11.3,45.5,60.7,51.3,No,No,No,0.733,0.135,3.7,43,95.0,100.0,No,No,90859,98745,31,99.0,No,No,3320,0.0,0.4,0.4,0.000,0.010,12391,10258,0.0,0.0,0.0,0.000,0.000,50,0,35.2,47.4,83.0,0.669,12.122,12.158,12.141,12.066,1130,19.980,7.521,9.882,1.447,17.993,12.500,5.490,0.336,9.882,9.910,1.594,6.178,220.000,240.000,375.0,101.2,555.0,353.0,600.0,33.0,32.0,54.0,3.0,23.4,16.9,13.3,3.2,51.1,0.0,33,Yes,No,No,No,No,Yes,No,9.0,11.7,5,0,0,0,0,0,0,0,0,135,0,0,0,0,0,0,0,0,0,0,0,0,0,0,0,0,0,0,0,0,6274,1918,1752,89,2.5,239.5,279.8,204.4,190.6,189.1,189.1,0.0,0.0,0.0,0.0,0.0,0.0,4.17,4.97,3.50,3.06,5.39,5.39,0.71,0.01,4.09,0.08,0.00,0,0,0.0,0.0,64,116,1.5,89.6,0,
4.7.2026,1:9:9.251,15968,30025,34.7,11188,21494,34.2,0.0,13312,0,1.322,1.300,1.325,1.325,1.325,1.325,1.325,1.325,1.325,3808.8,4117.6,4117.6,4117.6,4117.6,3294.1,4117.6,3294.1,3294.1,99.8,631.6,2547.8,1130.3,1082.1,796.4,502.2,632.7,381.9,479.9,175.9,170.0,361.0,318.5,251.3,176.5,501.5,597.3,631.6,12.9,23.5,27.4,26.0,18.8,11.9,15.2,9.2,11.6,4.4,4.3,8.8,7.8,5.9,4.3,12.2,14.5,27.4,12.9,14.3,26.5,30.9,29.4,21.2,13.3,17.0,10.1,12.8,4.7,4.5,9.6,8.4,6.3,4.6,13.5,16.1,14.3,38.2,41.2,41.2,41.2,41.2,33.0,41.2,33.0,33.0,0.0,48.6,62.0,58.6,52.5,49.8,36.6,43.3,40.5,45.2,51.4,38.0,41.4,47.5,50.2,63.4,56.7,59.5,54.8,0.0,0.0,0.0,0.0,0.0,0.0,0.0,0.0,0.0,1197.8,12.00,16,16,16,39,55,661,1,62.6,58.0,65.2,55.4,56.8,56.4,55.9,55.1,54.4,55.0,54.2,55.5,53.4,53.6,53.3,45.8,44.0,1.331,1.025,1.331,7.336,9.586,7.338,43.313,28.469,2.297,3.111,3.083,2.411,2.127,1.604,1.972,1.713,2.358,9.759,9.857,19.616,28.538,1197.8,1197.8,4097.3,4108.8,4085.8,4400.0,32.4,12.2,48.1,61.0,52.9,No,No,No,0.750,0.135,3.9,43,95.0,100.0,No,No,90859,98745,31,99.0,No,No,3320,0.0,0.1,0.1,0.000,0.028,12391,10258,0.0,0.0,0.0,0.000,0.000,50,0,35.2,47.5,83.0,0.669,12.123,12.160,12.142,12.066,1132,19.927,7.482,9.661,1.508,17.910,12.537,5.367,0.336,9.661,10.104,1.430,6.307,220.000,240.000,375.0,101.2,555.0,365.9,600.0,31.0,31.0,53.0,3.0,23.4,17.1,13.9,3.3,51.1,0.0,33,Yes,No,No,No,No,Yes,No,9.0,11.5,5,0,0,0,0,0,0,0,0,135,0,0,0,0,0,0,0,0,0,0,0,0,0,0,0,0,0,0,0,0,6272,1920,1754,90,2.5,239.5,279.8,204.4,190.6,189.1,189.1,0.0,0.0,0.0,0.0,0.0,0.0,4.17,4.97,3.50,3.06,5.39,5.39,0.71,0.01,4.09,0.08,0.00,0,0,0.0,0.0,64,116,1.5,91.1,0,
4.7.2026,1:9:11.247,15990,30003,34.7,11201,21480,34.2,0.0,13312,0,1.324,1.325,1.325,1.325,1.325,1.325,1.325,1.325,1.319,4114.5,4117.6,4117.6,4117.6,4117.6,4117.6,4117.6,4092.6,4117.6,99.8,660.3,2499.3,1219.5,964.7,909.9,520.4,656.3,401.6,478.3,206.2,180.6,431.3,319.9,327.4,229.7,594.5,624.9,660.3,13.7,22.2,29.7,23.4,21.8,12.6,16.0,9.8,11.7,5.3,3.9,10.7,8.0,7.9,5.7,14.6,15.3,29.7,13.7,15.1,24.9,33.4,26.1,24.4,13.8,17.7,10.7,12.8,5.5,4.8,11.5,8.5,8.4,6.1,16.0,16.9,15.1,41.2,41.2,41.2,41.2,41.2,41.2,41.2,41.0,41.2,0.0,48.6,61.0,58.3,51.9,48.8,37.2,43.6,41.6,46.4,51.4,39.0,41.7,48.1,51.2,62.8,56.4,58.4,53.6,0.0,0.0,0.0,0.0,0.0,0.0,0.0,0.0,0.0,1197.8,12.00,16,16,16,39,55,661,1,69.9,58.8,59.8,55.6,57.1,57.2,56.1,55.2,54.4,55.0,54.4,55.7,53.5,53.7,53.4,46.8,44.4,1.331,1.031,1.331,7.418,9.593,7.415,43.200,28.576,2.344,3.193,3.225,2.433,2.096,1.614,1.965,1.789,2.440,9.848,9.864,19.712,28.633,1197.8,1197.8,4086.4,4102.7,4070.0,4398.9,32.5,12.4,48.0,61.8,52.3,No,No,No,0.826,0.138,3.9,43,95.0,100.0,No,No,90859,98745,31,99.0,No,No,3320,0.1,0.5,0.6,0.008,0.044,12391,10258,0.0,0.0,0.0,0.000,0.000,50,0,35.1,47.5,83.0,0.669,12.123,12.160,12.142,12.067,1130,20.054,7.549,9.870,1.544,18.056,12.573,5.483,0.336,9.870,10.077,1.289,6.391,220.000,240.000,405.0,101.2,555.0,371.3,600.0,31.0,31.0,53.0,3.0,23.5,17.5,14.3,3.3,52.4,0.0,33,Yes,No,No,No,No,Yes,No,9.1,11.4,5,0,0,0,0,0,0,0,0,135,0,0,0,0,0,0,0,0,0,0,0,0,0,0,0,0,0,0,0,0,6268,1924,1758,91,2.5,239.5,279.8,204.4,190.6,189.1,189.1,0.0,0.0,0.0,0.0,0.0,0.0,4.17,4.97,3.50,3.06,5.39,5.39,0.71,0.01,4.09,0.08,0.00,0,0,0.0,0.0,64,116,2.0,87.8,0,
4.7.2026,1:9:13.251,15976,30017,34.7,11192,21490,34.2,0.0,13312,0,1.320,1.319,1.325,1.319,1.319,1.319,1.319,1.319,1.319,4114.5,4117.6,4092.6,4117.6,4117.6,4117.6,4117.6,4117.6,4117.6,99.8,595.2,2418.6,1195.8,795.2,852.7,491.0,619.9,390.0,455.6,165.6,181.0,340.0,406.9,254.4,195.4,377.4,383.4,595.2,11.7,19.9,28.8,18.8,20.0,11.4,14.6,9.1,10.7,3.8,5.0,8.0,9.6,5.6,4.5,8.9,9.0,28.8,11.7,13.3,22.7,32.7,21.3,22.8,13.1,16.7,10.4,12.2,4.3,4.9,9.0,10.9,6.4,5.1,10.0,10.2,13.3,41.2,41.2,41.0,41.2,41.2,41.2,41.2,41.2,41.2,0.0,46.0,59.0,54.2,50.9,48.1,35.0,42.6,38.8,39.8,54.0,41.0,45.8,49.1,51.9,65.0,57.4,61.2,60.2,0.0,0.0,0.0,0.0,0.0,0.0,0.0,0.0,0.0,1197.8,12.00,16,16,16,39,55,661,1,66.8,57.9,59.0,55.3,57.0,56.3,55.8,55.0,54.3,54.8,54.1,54.8,53.4,53.6,53.3,47.8,44.5,1.331,1.031,1.331,6.904,10.164,6.903,40.907,28.432,2.209,3.125,2.910,2.332,2.102,1.566,1.937,1.678,2.019,9.136,10.445,19.581,28.495,1197.8,1197.8,4083.1,4101.9,4064.3,4400.0,32.4,11.5,45.5,60.9,51.5,No,No,No,0.750,0.136,3.7,43,95.0,100.0,No,No,90859,98745,31,99.0,No,No,3320,0.0,0.3,0.3,0.000,0.122,12391,10258,0.0,0.0,0.0,0.000,0.000,50,0,35.2,47.5,83.0,0.669,12.120,12.157,12.140,12.064,1132,20.895,7.931,10.075,1.520,19.436,13.825,5.597,0.336,10.075,11.221,1.288,5.935,220.000,240.000,450.0,202.5,555.0,411.3,600.0,23.0,18.0,50.0,2.0,23.5,15.9,11.3,3.2,49.1,0.0,33,Yes,No,No,No,No,Yes,No,9.7,12.4,5,0,0,0,0,0,0,0,0,136,0,0,0,0,0,0,0,0,0,0,0,0,0,0,0,0,0,0,0,0,6268,1924,1758,91,5.0,239.3,252.2,229.4,229.2,229.1,229.1,0.0,0.0,0.0,0.0,0.0,0.0,4.18,4.40,3.93,3.92,4.40,4.40,0.64,0.01,4.10,0.08,0.00,0,0,0.0,0.0,64,116,1.5,168.7,0,
4.7.2026,1:9:15.244,15984,30010,34.7,11196,21485,34.2,0.0,13312,0,1.325,1.325,1.325,1.325,1.325,1.325,1.325,1.325,1.325,4117.6,4117.6,4117.6,4117.6,4117.6,4117.6,4117.6,4117.6,4117.6,99.8,651.7,2457.5,975.8,957.4,765.7,634.7,495.3,417.2,436.5,373.5,166.6,406.4,370.9,417.0,231.7,600.4,720.7,651.7,13.8,27.4,23.2,23.2,18.3,15.5,12.0,10.2,10.7,9.4,3.6,10.1,9.3,10.2,5.8,14.7,17.6,27.4,13.8,15.3,30.6,26.6,25.9,20.4,17.1,13.2,11.1,11.7,10.1,4.4,10.8,9.9,11.0,6.2,16.2,19.5,15.3,41.2,41.2,41.2,41.2,41.2,41.2,41.2,41.2,41.2,0.0,48.0,60.1,54.8,50.5,47.3,38.9,42.8,41.8,47.5,52.0,39.9,45.2,49.5,52.7,61.1,57.2,58.2,52.5,0.0,0.0,0.0,0.0,0.0,0.0,0.0,0.0,0.0,1197.8,12.00,16,16,16,39,55,661,1,64.6,61.2,59.5,56.5,58.0,57.2,56.6,55.5,55.6,55.9,55.8,57.8,53.7,53.8,53.6,48.0,45.3,1.319,1.031,1.325,8.229,10.216,8.236,42.618,30.389,2.556,3.338,3.141,2.501,2.152,1.967,2.150,2.157,3.041,11.024,10.504,21.528,30.453,1197.8,1197.8,4082.2,4092.8,4071.6,4397.7,34.6,13.7,47.4,64.5,53.7,No,No,No,0.698,0.135,3.8,43,95.0,100.0,No,No,90859,98745,31,99.0,No,No,3320,0.0,0.6,0.6,0.000,0.026,12391,10258,0.0,0.0,0.0,0.000,0.000,50,0,35.2,47.6,83.0,0.669,12.123,12.161,12.142,12.065,1129,21.204,7.954,10.014,1.581,19.475,13.899,5.563,0.336,10.014,11.391,1.374,5.897,220.000,240.000,450.0,202.5,555.0,417.3,600.0,18.0,15.0,49.0,2.0,23.5,15.0,8.8,3.6,47.6,0.0,33,Yes,No,No,No,No,Yes,No,9.7,12.5,5,0,0,0,0,0,0,0,0,138,0,0,0,0,0,0,0,0,0,0,0,0,0,0,0,0,0,0,0,0,6268,1924,1758,91,5.0,239.3,252.2,229.4,229.2,229.1,229.1,0.0,0.0,0.0,0.0,0.0,0.0,4.18,4.40,3.93,3.92,4.40,4.40,0.64,0.01,4.10,0.08,0.00,0,0,0.0,0.0,64,117,1.8,134.4,0,
4.7.2026,1:9:17.251,15978,30015,34.7,11191,21491,34.2,0.0,13312,0,1.325,1.325,1.325,1.325,1.325,1.325,1.325,1.325,1.325,4117.6,4117.6,4117.6,4117.6,4117.6,4117.6,4117.6,4117.6,4117.6,99.8,673.4,2595.1,1068.9,981.4,951.0,777.3,525.1,546.2,469.7,246.2,190.0,527.4,344.4,355.6,257.4,450.6,487.7,673.4,13.9,30.3,26.0,23.2,22.3,18.3,12.1,12.7,10.9,5.6,5.0,12.4,7.9,7.9,5.8,10.5,11.4,30.3,13.9,15.9,34.6,29.3,26.6,25.6,21.0,14.1,14.7,12.6,6.6,5.1,14.2,9.2,9.2,6.9,12.0,13.1,15.9,41.2,41.2,41.2,41.2,41.2,41.2,41.2,41.2,41.2,0.0,48.8,63.2,57.3,52.8,50.2,37.2,44.9,41.7,42.9,51.2,36.8,42.7,47.2,49.8,62.8,55.1,58.3,57.1,0.0,0.0,0.0,0.0,0.0,0.0,0.0,0.0,0.0,1197.8,12.00,16,16,16,39,55,661,1,71.6,58.9,59.5,55.9,58.1,56.9,56.5,55.5,54.8,55.3,54.7,55.3,53.6,53.7,53.5,49.2,45.6,1.337,1.025,1.331,7.766,10.115,7.762,43.464,29.578,2.395,3.503,3.087,2.511,2.227,1.680,2.094,1.861,2.197,10.327,10.399,20.726,29.646,1197.8,1197.8,4090.8,4106.4,4075.2,4398.8,33.7,12.9,48.3,62.0,53.7,No,No,No,0.831,0.136,3.9,43,95.0,100.0,No,No,90859,98745,31,99.0,No,No,3320,0.0,0.2,0.2,0.000,0.006,12391,10258,0.0,0.0,0.0,0.000,0.000,50,0,35.1,47.5,83.0,0.669,12.121,12.158,12.141,12.064,1130,20.772,7.928,9.880,1.544,19.462,13.970,5.489,0.336,9.880,11.475,1.291,5.948,220.000,240.000,450.0,202.5,555.0,397.2,600.0,19.0,15.0,49.0,2.0,23.4,15.7,11.1,3.0,48.9,0.0,33,Yes,No,No,No,No,Yes,No,9.7,12.7,5,0,0,0,0,0,0,0,0,140,0,0,0,0,0,0,0,0,0,0,0,0,0,0,0,0,0,0,0,0,6271,1921,1754,90,5.0,239.6,252.1,222.6,221.7,221.6,221.6,0.0,0.0,0.0,0.0,0.0,0.0,4.17,4.52,3.91,3.84,4.55,4.55,0.79,0.01,4.10,0.08,0.00,0,0,0.0,0.0,64,117,1.6,83.6,0,
4.7.2026,1:9:19.245,15975,30018,34.7,11187,21495,34.2,0.0,13312,0,1.320,1.325,1.319,1.319,1.319,1.319,1.319,1.319,1.319,4117.6,4117.6,4117.6,4117.6,4117.6,4117.6,4117.6,4117.6,4117.6,99.8,561.3,2293.9,606.4,806.2,875.8,625.2,419.5,509.8,352.9,174.9,148.2,426.5,279.6,323.8,177.0,438.5,522.4,561.3,11.9,30.3,14.1,19.0,21.0,15.3,10.2,12.5,8.7,3.8,3.9,10.7,6.3,7.1,4.5,10.9,12.2,30.3,11.9,13.3,33.9,16.3,21.7,23.4,16.8,11.1,13.7,9.4,4.6,3.9,11.4,7.4,8.3,4.6,11.7,14.0,13.3,41.2,41.2,41.2,41.2,41.2,41.2,41.2,41.2,41.2,0.0,45.3,56.2,53.3,48.8,46.7,35.3,41.3,39.1,42.0,54.7,43.8,46.7,51.2,53.3,64.7,58.7,60.9,58.0,0.0,0.0,0.0,0.0,0.0,0.0,0.0,0.0,0.0,1197.8,12.00,16,16,16,39,55,661,1,68.5,57.7,63.0,55.2,56.6,56.3,55.7,55.0,54.3,54.8,54.2,55.1,53.4,53.5,53.3,48.8,44.7,1.337,1.031,1.337,6.835,9.856,6.829,40.014,27.979,2.184,2.930,2.902,2.261,2.049,1.547,1.903,1.700,2.180,9.040,10.130,19.170,28.077,1197.8,1197.8,4072.4,4087.8,4056.9,4400.0,31.9,11.4,44.5,60.7,51.5,No,No,No,0.730,0.129,3.6,43,95.0,100.0,No,No,90859,98745,31,99.0,No,No,3320,0.1,0.6,0.7,0.008,0.099,12391,10259,0.0,0.0,0.0,0.000,0.000,50,0,35.0,47.1,83.0,0.669,12.122,12.159,12.141,12.066,1130,21.217,7.541,9.695,1.544,17.787,12.392,5.386,0.336,9.695,9.983,2.393,6.194,220.000,240.000,330.0,101.2,555.0,450.0,600.0,35.0,33.0,55.0,3.0,23.4,15.4,9.6,3.0,48.9,0.0,33,Yes,No,No,No,No,Yes,No,8.9,11.4,5,0,0,0,0,0,0,0,0,141,0,0,0,0,0,0,0,0,0,0,0,0,0,0,0,0,0,0,0,0,6274,1918,1752,90,2.5,239.6,252.1,222.6,221.7,221.6,221.6,0.0,0.0,0.0,0.0,0.0,0.0,4.17,4.52,3.91,3.84,4.55,4.55,0.79,0.01,4.10,0.08,0.00,0,0,0.0,0.0,64,117,1.4,83.3,0,
4.7.2026,1:9:21.247,16054,29939,34.9,11250,21432,34.4,0.0,13312,0,1.324,1.306,1.331,1.331,1.325,1.325,1.325,1.325,1.325,4117.6,4117.6,4117.6,4117.6,4117.6,4117.6,4117.6,4117.6,4117.6,99.8,795.5,2901.0,1142.4,1174.5,1080.5,940.8,641.5,754.7,463.5,259.5,241.6,607.8,519.9,434.0,305.2,535.1,726.4,795.5,17.1,37.0,27.8,28.5,25.7,22.4,15.1,17.9,10.9,6.9,5.0,14.5,13.0,10.6,7.2,12.7,18.0,37.0,17.1,19.1,41.9,31.0,31.6,29.1,25.3,17.2,20.3,12.3,6.8,6.4,16.3,13.9,11.1,8.1,14.3,19.6,19.1,41.2,41.2,41.2,41.2,41.2,41.2,41.2,41.2,41.2,0.0,57.7,70.6,66.6,62.0,58.7,45.9,54.6,50.4,52.4,42.3,29.4,33.4,38.0,41.3,54.1,45.4,49.6,47.6,0.0,0.0,0.0,0.0,0.0,0.0,0.0,0.0,0.0,1197.8,12.00,16,16,16,39,55,661,1,65.6,60.0,70.0,56.6,58.7,58.1,57.5,56.3,55.1,56.1,55.2,56.2,54.0,54.1,53.8,49.5,45.6,1.337,1.031,1.337,8.929,10.326,8.923,51.458,31.336,2.735,3.922,3.577,2.955,2.551,1.844,2.428,2.075,2.526,11.874,10.618,22.492,31.438,1197.8,1197.8,4100.5,4108.8,4092.1,4399.7,35.7,14.9,57.2,63.2,54.1,No,No,No,0.948,0.196,4.6,43,95.0,100.0,No,No,90859,98745,31,99.0,No,No,3320,0.0,0.3,0.3,0.000,0.022,12391,10259,0.0,0.0,0.0,0.000,0.000,50,0,36.6,50.3,83.0,0.919,12.113,12.149,12.135,12.056,1130,19.609,17.066,27.061,6.354,37.618,22.569,15.034,0.336,27.061,17.252,3.202,14.177,220.000,240.000,1725.0,1750.2,1515.0,327.4,1635.0,16.0,2.0,18.0,1.0,23.4,15.7,13.1,3.2,46.5,0.0,33,Yes,No,No,No,No,Yes,No,20.1,24.8,5,0,0,0,0,0,0,0,0,142,0,0,0,0,0,0,0,0,0,0,0,0,0,0,0,0,0,0,0,0,6274,1918,1752,90,8.0,3.9,223.4,1.6,1.6,1.6,1.6,0.9,0.9,0.9,0.9,0.9,0.9,257.54,630.53,4.48,4.37,638.30,638.30,0.15,0.01,257.44,0.11,0.25,0,0,0.0,0.0,64,117,1.5,116.6,0,
4.7.2026,1:9:23.244,15939,30055,34.6,11166,21516,34.1,0.0,13312,0,1.320,1.325,1.319,1.319,1.319,1.319,1.319,1.319,1.319,4117.6,4117.6,4117.6,4117.6,4117.6,4117.6,4117.6,4117.6,4117.6,99.8,817.1,2782.1,1039.0,1272.4,1079.1,968.4,666.8,843.7,569.6,373.4,271.9,659.7,444.5,527.7,333.5,630.6,611.4,817.1,17.1,36.6,24.1,30.0,25.0,22.5,15.2,19.7,12.9,8.3,6.6,15.3,10.0,11.8,7.3,14.5,13.8,36.6,17.1,19.8,42.0,28.0,34.4,28.9,26.0,17.8,22.8,15.1,9.9,7.2,17.7,11.8,13.8,8.8,16.8,16.1,19.8,41.2,41.2,41.2,41.2,41.2,41.2,41.2,41.2,41.2,0.0,57.2,67.8,65.5,60.4,59.4,47.6,53.7,50.7,52.6,42.8,32.2,34.5,39.6,40.6,52.4,46.3,49.3,47.4,0.0,0.0,0.0,0.0,0.0,0.0,0.0,0.0,0.0,1197.8,12.00,16,16,16,39,55,661,1,63.4,60.0,59.2,57.0,58.7,58.6,57.6,56.8,55.8,56.4,55.6,56.4,54.3,54.4,54.1,48.2,44.7,1.344,1.025,1.344,8.951,10.847,8.964,50.905,32.074,2.752,3.746,3.700,2.896,2.676,1.964,2.425,2.136,2.474,11.922,11.151,23.073,32.052,1197.8,1197.8,4091.6,4102.8,4080.3,4399.8,36.4,14.9,56.6,63.1,53.9,No,No,No,0.976,0.139,4.6,43,95.0,100.0,No,No,90859,98745,31,99.0,No,No,3320,0.0,0.5,0.5,0.000,0.083,12391,10259,0.0,0.0,0.0,0.000,0.000,50,0,37.4,51.4,83.0,0.919,12.107,12.140,12.129,12.053,1129,45.080,17.693,28.000,6.823,38.280,22.707,15.555,0.336,28.000,17.449,3.270,16.509,220.000,240.000,1725.0,1750.2,1515.0,1724.5,1635.0,17.0,3.0,18.0,1.0,23.4,5.7,4.6,1.1,17.1,0.0,33,Yes,No,No,No,No,Yes,No,20.7,24.4,5,0,0,0,0,0,0,0,0,142,0,0,0,0,0,0,0,0,0,0,0,0,0,0,0,0,0,0,0,0,6275,1917,1751,90,8.0,3.9,223.4,1.6,1.6,1.6,1.6,0.9,0.9,0.9,0.9,0.9,0.9,257.54,630.53,4.48,4.37,638.30,638.30,0.15,0.01,257.44,0.11,0.25,0,0,0.0,0.0,64,117,1.5,116.6,0,
4.7.2026,1:9:25.254,15941,30053,34.6,11172,21510,34.1,0.0,13312,0,1.291,1.056,1.325,1.325,1.325,1.325,1.325,1.325,1.325,3659.0,4117.6,3593.5,3593.5,3593.5,3593.5,3593.5,3593.5,3593.5,99.8,554.7,2306.6,720.2,781.6,812.2,653.9,430.3,405.9,364.7,154.9,158.9,343.0,312.6,306.0,173.8,465.1,485.7,554.7,11.8,29.6,17.3,18.9,19.4,15.8,10.4,9.8,8.9,3.9,4.0,8.5,7.7,7.3,4.3,11.4,11.7,29.6,11.8,13.0,33.0,19.5,21.0,21.7,17.6,11.5,10.8,9.7,4.0,4.2,9.1,8.3,7.8,4.6,12.4,12.9,13.0,36.7,41.2,36.0,36.0,36.0,36.0,36.0,36.0,36.0,0.0,45.2,56.6,52.1,49.0,45.8,35.9,41.6,39.4,41.5,54.8,43.4,47.9,51.0,54.2,64.1,58.4,60.6,58.5,0.0,0.0,0.0,0.0,0.0,0.0,0.0,0.0,0.0,1197.8,12.00,16,16,16,39,55,661,1,61.1,58.0,60.0,55.4,57.0,56.2,56.0,55.0,54.5,55.0,54.4,55.3,53.6,53.7,53.5,49.0,45.4,1.344,1.031,1.337,6.810,10.351,6.807,39.887,28.472,2.174,2.964,2.796,2.307,1.988,1.552,1.892,1.694,2.198,8.998,10.635,19.633,28.544,1197.8,1197.8,4071.1,4084.7,4057.5,4400.0,32.4,11.3,44.3,61.0,51.5,No,No,No,0.720,0.135,3.6,43,95.0,100.0,No,No,90859,98745,31,99.0,No,No,3320,0.0,0.4,0.4,0.000,0.095,12391,10259,0.0,0.0,0.0,0.000,0.000,50,0,35.7,48.1,83.0,0.669,12.123,12.161,12.142,12.066,1129,34.111,8.203,10.613,1.897,19.476,13.574,5.896,0.336,10.613,11.105,1.930,6.588,220.000,240.000,600.0,202.5,825.0,1669.5,900.0,12.0,15.0,33.0,2.0,23.4,7.5,4.1,1.5,24.4,0.0,33,Yes,No,No,No,No,Yes,No,9.9,12.8,5,0,0,0,0,0,0,0,0,143,0,0,0,0,0,0,0,0,0,0,0,0,0,0,0,0,0,0,0,0,6275,1917,1751,90,5.0,47.9,0.0,7.3,6.5,6.5,6.5,17.4,120.1,6.6,6.3,6.3,6.3,20.87,137.92,0.08,0.08,154.51,154.51,0.19,0.56,20.78,0.09,34.86,0,0,0.0,0.0,64,117,1.6,92.6,0,
4.7.2026,1:9:27.254,15941,30053,34.6,11172,21510,34.1,0.0,13312,0,1.291,1.056,1.325,1.325,1.325,1.325,1.325,1.325,1.325,3659.0,4117.6,3593.5,3593.5,3593.5,3593.5,3593.5,3593.5,3593.5,99.8,554.7,2306.6,720.2,781.6,812.2,653.9,430.3,405.9,364.7,154.9,158.9,343.0,312.6,306.0,173.8,465.1,485.7,554.7,11.8,29.6,17.3,18.9,19.4,15.8,10.4,9.8,8.9,3.9,4.0,8.5,7.7,7.3,4.3,11.4,11.7,29.6,11.8,13.0,33.0,19.5,21.0,21.7,17.6,11.5,10.8,9.7,4.0,4.2,9.1,8.3,7.8,4.6,12.4,12.9,13.0,36.7,41.2,36.0,36.0,36.0,36.0,36.0,36.0,36.0,0.0,45.2,56.6,52.1,49.0,45.8,35.9,41.6,39.4,41.5,54.8,43.4,47.9,51.0,54.2,64.1,58.4,60.6,58.5,0.0,0.0,0.0,0.0,0.0,0.0,0.0,0.0,0.0,1197.8,12.00,16,16,16,39,55,661,1,61.1,58.0,60.0,55.4,57.0,56.2,56.0,55.0,54.5,55.0,54.4,55.3,53.6,53.7,53.5,49.0,45.4,1.344,1.031,1.337,6.810,10.351,6.807,39.887,28.472,2.174,2.964,2.796,2.307,1.988,1.552,1.892,1.694,2.198,8.998,10.635,19.633,28.544,1197.8,1197.8,4071.1,4084.7,4057.5,4400.0,32.4,11.3,44.3,61.0,51.5,No,No,No,0.720,0.135,3.6,43,95.0,100.0,No,No,90859,98745,31,99.0,No,No,3320,0.0,0.4,0.4,0.000,0.095,12391,10259,0.0,0.0,0.0,0.000,0.000,50,0,35.3,47.8,83.0,0.669,12.121,12.156,12.141,12.066,1133,21.409,7.837,10.249,1.775,18.648,12.946,5.694,0.336,10.249,10.522,1.312,6.639,220.000,240.000,375.0,101.2,555.0,520.1,600.0,29.0,18.0,33.0,3.0,23.8,10.8,8.0,2.1,32.9,0.0,33,Yes,No,No,No,No,Yes,No,9.4,11.7,5,0,0,0,0,0,0,0,0,144,0,0,0,0,0,0,0,0,0,0,0,0,0,0,0,0,0,0,0,0,6243,1949,1783,90,2.5,239.8,255.3,225.1,220.2,219.7,219.7,0.0,0.0,0.0,0.0,0.0,0.0,4.17,4.48,3.88,3.82,4.55,4.55,0.30,0.01,4.09,0.08,0.00,0,0,0.0,0.0,64,117,1.8,93.8,0,
4.7.2026,1:9:29.251,15968,30026,34.7,11165,21516,34.1,0.0,13312,0,1.324,1.325,1.319,1.325,1.325,1.325,1.325,1.325,1.325,4014.6,4117.6,3294.1,4117.6,4117.6,4117.6,4117.6,4117.6,4117.6,99.8,662.7,2590.3,958.1,995.3,865.9,730.7,523.1,561.9,420.9,228.7,182.9,506.1,323.5,328.6,208.8,564.6,614.3,662.7,13.8,30.1,22.9,23.8,20.4,17.4,12.4,13.3,10.0,5.5,4.4,12.2,7.7,7.6,4.9,13.5,14.5,30.1,13.8,15.5,34.1,26.0,26.9,23.0,19.6,14.0,15.0,11.2,6.1,4.9,13.6,8.6,8.4,5.5,15.1,16.4,15.5,40.2,41.2,33.0,41.2,41.2,41.2,41.2,41.2,41.2,0.0,49.9,63.2,57.3,54.0,51.1,39.6,45.8,42.3,46.2,50.1,36.8,42.7,46.0,48.9,60.4,54.2,57.7,53.8,0.0,0.0,0.0,0.0,0.0,0.0,0.0,0.0,0.0,1197.8,12.00,16,16,16,39,55,661,1,68.2,59.1,63.8,55.9,58.0,56.9,56.4,55.5,54.8,55.3,54.6,55.8,53.8,53.9,53.6,48.0,45.3,1.331,1.044,1.344,7.623,10.333,7.617,44.352,29.589,2.395,3.421,3.085,2.490,2.243,1.680,2.042,1.797,2.405,10.133,10.623,20.756,29.676,1197.8,1197.8,4090.2,4100.2,4080.1,4399.2,33.7,12.7,49.3,62.2,52.7,No,No,No,0.805,0.136,4.0,43,95.0,100.0,No,No,90859,98745,31,99.0,No,No,3320,0.0,0.1,0.1,0.000,0.046,12391,10259,0.0,0.0,0.0,0.000,0.000,50,0,35.2,47.5,83.0,0.669,12.124,12.160,12.143,12.068,1130,21.006,7.486,9.427,1.544,17.875,12.635,5.237,0.336,9.427,10.335,1.497,6.550,220.000,240.000,270.0,101.2,555.0,431.5,600.0,20.0,15.0,49.0,3.0,23.8,14.5,7.5,2.9,47.5,0.0,33,Yes,No,No,No,No,Yes,No,9.0,11.7,5,0,0,0,0,0,0,0,0,146,0,0,0,0,0,0,0,0,0,0,0,0,0,0,0,0,0,0,0,0,6243,1949,1783,90,2.5,91.8,250.6,12.5,11.0,10.9,10.9,5.5,5.5,5.5,5.5,5.5,5.5,10.90,80.05,3.97,3.96,92.10,92.10,1.07,0.09,10.82,0.08,0.59,0,0,0.0,0.0,64,118,12.5,90.1,0,
4.7.2026,1:9:31.245,15971,30023,34.7,11168,21514,34.1,0.0,13312,0,1.329,1.331,1.325,1.325,1.325,1.331,1.331,1.331,1.331,4117.6,4117.6,4117.6,4117.6,4117.6,4117.6,4117.6,4117.6,4117.6,99.8,597.5,2429.4,764.5,799.8,796.9,644.5,471.8,543.4,325.4,172.0,155.3,388.7,350.8,283.2,203.1,506.4,724.7,597.5,12.6,29.8,18.4,19.3,18.9,15.6,11.3,13.2,7.8,4.3,3.9,9.5,8.5,6.7,5.0,12.3,17.6,29.8,12.6,14.0,33.5,20.8,21.5,21.2,17.3,12.6,14.6,8.6,4.5,4.1,10.3,9.4,7.2,5.4,13.5,19.6,14.0,41.2,41.2,41.2,41.2,41.2,41.2,41.2,41.2,41.2,0.0,47.1,59.4,53.1,50.7,48.3,36.3,43.2,39.7,45.8,52.9,40.6,46.9,49.3,51.7,63.7,56.8,60.3,54.2,0.0,0.0,0.0,0.0,0.0,0.0,0.0,0.0,0.0,1197.8,12.00,16,16,16,39,55,661,1,65.4,58.8,68.2,55.7,57.1,56.3,56.4,55.4,54.6,55.5,54.5,56.0,53.6,53.7,53.5,47.8,44.9,1.344,1.038,1.350,7.334,10.043,7.320,41.829,28.814,2.321,3.121,2.804,2.464,2.173,1.623,2.076,1.766,2.541,9.747,10.322,20.069,28.969,1197.8,1197.8,4086.5,4101.7,4071.2,4400.0,32.9,12.2,46.5,61.8,52.3,No,No,No,0.746,0.135,3.8,43,95.0,100.0,No,No,90859,98745,31,99.0,No,No,3320,0.0,0.7,0.7,0.000,0.152,12391,10259,0.0,0.0,0.0,0.000,0.000,50,0,37.2,51.1,83.0,0.919,12.113,12.149,12.135,12.056,1129,34.540,17.245,27.218,6.487,37.799,22.665,15.121,0.336,27.218,17.413,3.271,14.919,220.000,240.000,1725.0,1750.2,1515.0,600.6,1635.0,5.0,2.0,18.0,1.0,23.8,10.8,8.4,2.3,32.4,0.0,33,Yes,No,No,No,No,Yes,No,20.3,24.0,5,0,0,0,0,0,0,0,0,147,0,0,0,0,0,0,0,0,0,0,0,0,0,0,0,0,0,0,0,0,6243,1949,1783,90,8.0,239.7,256.1,223.0,217.5,219.9,216.8,0.8,0.8,0.8,0.8,0.8,0.8,4.17,4.51,3.86,3.82,4.56,4.63,0.93,0.01,4.09,0.08,10.67,0,0,0.0,0.0,64,118,13.0,87.6,0,
4.7.2026,1:9:33.243,15973,30020,34.7,11172,21509,34.1,0.0,13312,0,1.334,1.312,1.337,1.337,1.337,1.337,1.337,1.337,1.337,4117.6,4117.6,4117.6,4117.6,4117.6,4117.6,4117.6,4117.6,4117.6,99.8,670.2,2391.0,660.9,836.3,869.0,746.9,420.7,528.1,317.0,219.9,192.9,419.8,306.0,305.5,318.2,836.5,1353.9,670.2,14.1,31.9,15.4,19.7,20.3,17.5,9.5,12.2,7.1,4.8,4.2,9.7,6.8,6.7,7.2,19.7,32.4,32.4,14.1,16.3,36.4,17.9,22.5,23.4,20.1,11.2,14.1,8.4,5.8,5.2,11.2,8.1,7.8,8.6,22.6,37.1,16.3,41.2,41.2,41.2,41.2,41.2,41.2,41.2,41.2,41.2,0.0,49.4,58.4,54.9,51.0,48.1,38.4,43.6,42.1,58.8,50.6,41.6,45.1,49.0,51.9,61.6,56.4,57.9,41.2,0.0,0.0,0.0,0.0,0.0,0.0,0.0,0.0,0.0,1197.8,12.00,16,16,16,39,55,661,1,72.8,62.2,62.0,57.1,58.0,57.5,56.8,55.9,55.4,56.8,55.9,60.5,54.2,54.3,54.1,48.8,44.9,1.344,1.038,1.350,8.666,10.587,8.673,44.002,31.478,2.667,3.281,3.081,2.526,2.184,1.766,2.135,2.098,4.265,11.677,10.884,22.561,31.497,1197.8,1197.8,4088.2,4097.8,4078.6,4369.7,35.8,14.5,48.9,65.5,54.5,No,No,No,0.774,0.137,4.0,43,95.0,100.0,No,No,90859,98745,31,99.0,No,No,3320,0.0,0.3,0.3,0.000,0.024,12391,10259,0.0,0.0,0.0,0.000,0.000,50,0,37.2,51.2,83.0,0.669,12.110,12.144,12.132,12.054,1129,44.209,17.789,28.674,7.238,38.593,22.650,15.929,0.336,28.674,17.501,3.265,15.034,220.000,240.000,705.0,202.5,825.0,1724.7,900.0,5.0,2.0,18.0,2.0,23.8,5.4,3.2,1.1,17.3,0.0,33,Yes,No,No,No,No,Yes,No,21.0,12.9,5,0,0,0,0,0,0,0,0,148,0,0,0,0,0,0,0,0,0,0,0,0,0,0,0,0,0,0,0,0,6243,1949,1783,90,5.0,239.6,257.5,222.8,222.4,222.4,222.4,3.2,3.2,3.2,3.2,3.2,3.2,4.17,4.49,3.82,3.74,4.51,4.51,0.25,0.51,4.09,0.09,8.74,0,0,0.0,0.0,64,118,12.9,93.8,0,
4.7.2026,1:9:35.256,15972,30022,34.7,11173,21509,34.1,0.0,13312,0,1.362,1.356,1.363,1.363,1.363,1.363,1.363,1.363,1.363,4117.6,4117.6,4117.6,4117.6,4117.6,4117.6,4117.6,4117.6,4117.6,99.8,641.6,2359.9,743.6,887.3,878.4,739.2,477.1,560.5,422.5,310.2,231.2,541.8,287.7,334.5,239.8,568.3,683.3,641.6,13.9,31.8,17.9,21.3,21.0,17.8,11.4,13.5,10.1,7.6,5.6,13.2,6.9,7.8,5.7,13.7,16.3,31.8,13.9,15.5,35.8,20.2,23.9,23.6,19.9,12.8,15.1,11.3,8.3,6.2,14.6,7.6,8.6,6.4,15.2,18.3,15.5,41.2,41.2,41.2,41.2,41.2,41.2,41.2,41.2,41.2,0.0,47.2,57.7,53.4,49.8,47.8,39.2,43.5,40.3,45.5,52.8,42.3,46.6,50.2,52.2,60.8,56.5,59.7,54.5,0.0,0.0,0.0,0.0,0.0,0.0,0.0,0.0,0.0,1197.8,12.00,16,16,16,39,55,661,1,69.8,58.8,65.2,56.0,57.6,57.2,56.4,55.5,55.0,55.6,54.7,56.0,53.8,53.9,53.7,47.8,45.0,1.356,1.025,1.369,7.477,10.540,7.482,41.714,29.640,2.360,3.175,3.006,2.412,2.153,1.759,2.074,1.790,2.508,9.935,10.830,20.766,29.700,1197.8,1197.8,4076.0,4090.2,4061.8,4399.1,33.8,12.5,46.3,61.9,52.4,No,No,No,0.831,0.134,3.8,43,95.0,100.0,No,No,90859,98745,31,99.0,No,No,3320,0.0,0.6,0.6,0.000,0.099,12391,10260,0.0,0.0,0.0,0.000,0.000,50,0,35.6,48.1,83.0,0.669,12.121,12.157,12.141,12.065,1131,21.726,8.258,10.512,1.751,19.789,13.947,5.840,0.336,10.512,11.379,1.454,7.058,220.000,240.000,390.0,202.5,825.0,610.2,900.0,42.0,19.0,34.0,2.0,23.8,10.2,7.4,2.0,31.6,0.0,33,Yes,No,No,No,No,Yes,No,9.9,13.1,5,0,0,0,0,0,0,0,0,148,0,0,0,0,0,0,0,0,0,0,0,0,0,0,0,0,0,0,0,0,6243,1949,1783,90,5.0,239.7,256.5,224.1,219.2,221.2,218.6,0.0,0.0,0.0,0.0,0.0,0.0,4.17,4.53,3.85,3.76,4.55,4.57,0.21,0.42,4.09,0.08,0.00,0,0,0.0,0.0,64,118,3.3,94.1,0,
4.7.2026,1:9:37.252,15969,30024,34.7,11169,21512,34.1,0.0,13312,0,1.345,1.350,1.344,1.344,1.344,1.344,1.344,1.344,1.344,4117.6,4117.6,4117.6,4117.6,4117.6,4117.6,4117.6,4117.6,4117.6,99.8,774.6,2815.8,1039.0,1038.6,1044.0,1011.9,527.2,805.8,424.0,335.1,233.8,675.8,378.5,519.2,260.6,675.0,609.5,774.6,16.5,36.1,24.7,24.8,24.6,24.2,12.4,19.4,10.0,8.1,5.7,16.3,9.1,12.2,6.2,16.1,14.3,36.1,16.5,18.5,40.9,27.9,27.8,27.7,27.2,13.8,21.7,11.1,8.9,6.2,18.1,10.0,13.5,6.8,18.0,15.9,18.5,41.2,41.2,41.2,41.2,41.2,41.2,41.2,41.2,41.2,0.0,57.3,68.5,63.3,61.5,59.2,47.5,53.7,51.1,53.7,42.7,31.5,36.7,38.5,40.8,52.5,46.3,48.9,46.3,0.0,0.0,0.0,0.0,0.0,0.0,0.0,0.0,0.0,1197.8,12.00,16,16,16,39,55,661,1,66.8,58.8,67.8,56.5,58.2,57.3,57.1,56.2,55.3,55.9,55.3,56.3,54.1,54.2,53.9,49.0,45.6,1.362,1.031,1.363,8.673,10.411,8.673,51.149,31.113,2.657,3.660,3.296,2.850,2.547,1.914,2.310,2.111,2.568,11.553,10.703,22.256,31.203,1197.8,1197.8,4100.3,4108.5,4092.1,4400.0,35.5,14.5,56.8,61.9,54.1,No,No,No,0.846,0.139,4.6,43,95.0,100.0,No,No,90859,98745,31,99.0,No,No,3320,0.0,0.4,0.4,0.000,0.012,12391,10260,0.0,0.0,0.0,0.000,0.000,50,0,35.6,48.1,83.0,0.669,12.115,12.150,12.136,12.059,1132,21.621,9.059,11.580,2.260,21.760,15.316,6.433,0.336,11.580,12.786,1.401,7.139,220.000,240.000,585.0,202.5,555.0,559.4,600.0,42.0,19.0,49.0,2.0,23.6,14.5,9.4,2.7,45.8,0.0,33,Yes,No,No,No,No,Yes,No,11.1,14.0,5,0,0,0,0,0,0,0,0,150,0,0,0,0,0,0,0,0,0,0,0,0,0,0,0,0,0,0,0,0,6255,1937,1771,89,5.0,9.4,30.4,5.1,5.1,5.1,5.1,0.0,0.0,0.0,0.0,0.0,0.0,106.66,194.15,32.92,32.90,195.88,195.88,3.39,0.01,106.53,0.12,0.00,0,0,0.0,0.0,64,118,1.6,95.2,0,
4.7.2026,1:9:39.243,15975,30018,34.7,11169,21513,34.1,0.0,13312,0,1.326,1.331,1.325,1.325,1.325,1.325,1.325,1.325,1.325,4117.6,4117.6,4117.6,4117.6,4117.6,4117.6,4117.6,4117.6,4117.6,99.8,842.1,2882.4,1160.3,1083.6,1194.5,1004.5,649.8,845.0,505.3,416.9,312.8,802.0,401.5,554.5,310.2,662.0,689.0,842.1,18.0,35.6,27.8,25.8,28.4,24.0,15.4,20.3,12.0,10.1,6.9,19.3,9.6,13.0,7.4,15.8,16.3,35.6,18.0,20.3,40.3,31.5,29.2,32.1,27.1,17.3,22.8,13.4,11.2,8.3,21.7,10.6,14.5,8.2,17.7,18.3,20.3,41.2,41.2,41.2,41.2,41.2,41.2,41.2,41.2,41.2,0.0,58.7,70.1,65.7,62.7,60.6,48.8,55.9,52.2,53.5,41.3,29.9,34.3,37.3,39.4,51.2,44.1,47.8,46.5,0.0,0.0,0.0,0.0,0.0,0.0,0.0,0.0,0.0,1197.8,12.00,16,16,16,39,55,661,1,64.4,59.9,63.8,57.1,59.0,58.1,57.8,56.8,55.9,56.6,55.8,56.8,54.4,54.5,54.3,48.5,45.3,1.344,1.025,1.344,9.080,10.587,9.075,52.380,31.904,2.798,3.856,3.523,2.965,2.651,2.054,2.491,2.200,2.641,12.113,10.885,22.999,31.951,1197.8,1197.8,4101.1,4109.6,4092.6,4400.0,36.3,15.1,58.2,63.0,53.9,No,No,No,0.974,0.148,4.7,43,95.0,100.0,No,No,90859,98745,31,99.0,No,No,3320,0.0,0.3,0.3,0.000,0.226,12391,10260,0.0,0.0,0.0,0.000,0.000,50,0,37.2,51.4,83.0,0.844,12.108,12.141,12.130,12.053,1129,41.677,15.914,23.381,5.621,36.076,23.082,12.989,0.336,23.381,18.666,2.992,12.618,220.000,240.000,1560.0,1750.2,1380.0,1559.3,1485.0,17.0,3.0,20.0,1.0,23.7,6.8,5.2,1.4,20.8,0.0,33,Yes,No,No,No,No,Yes,No,19.1,23.3,5,0,0,0,0,0,0,0,0,151,0,0,0,0,0,0,0,0,0,0,0,0,0,0,0,0,0,0,0,0,6251,1941,1775,90,8.0,128.2,1512.0,16.0,6.7,9.1,6.3,237.1,242.7,210.5,125.6,120.2,120.2,7.84,62.50,2.59,0.33,110.38,158.17,0.80,3.42,4.86,2.98,0.25,0,0,0.0,0.0,64,119,2.6,126.4,0,
4.7.2026,1:9:41.257,15986,30008,34.7,11172,21509,34.1,0.0,13312,0,1.329,1.312,1.331,1.331,1.331,1.331,1.331,1.331,1.331,4117.6,4117.6,4117.6,4117.6,4117.6,4117.6,4117.6,4117.6,4117.6,99.8,830.2,2854.9,1114.4,1154.8,1205.1,857.1,833.2,748.3,743.7,302.1,263.1,692.5,504.8,535.6,376.4,523.2,574.6,830.2,17.6,37.6,26.3,27.2,28.4,19.9,19.5,17.5,17.4,6.8,6.5,16.2,11.6,12.1,8.5,12.1,13.3,37.6,17.6,20.2,43.0,30.2,31.1,32.5,22.9,22.4,20.2,20.1,8.0,7.0,18.6,13.5,13.9,10.0,13.9,15.3,20.2,41.2,41.2,41.2,41.2,41.2,41.2,41.2,41.2,41.2,0.0,58.6,69.7,67.0,62.9,61.6,47.7,55.9,53.0,50.9,41.4,30.3,33.0,37.1,38.4,52.3,44.1,47.0,49.1,0.0,0.0,0.0,0.0,0.0,0.0,0.0,0.0,0.0,1197.8,12.00,16,16,16,39,55,661,1,71.4,60.4,62.0,57.3,59.1,58.9,58.0,57.3,55.9,56.7,55.9,56.5,54.6,54.7,54.4,49.2,45.4,1.331,1.025,1.331,8.978,10.836,8.986,52.090,32.007,2.763,3.785,3.646,2.946,2.779,1.901,2.487,2.185,2.374,11.934,11.139,23.073,32.049,1197.8,1197.8,4091.6,4101.4,4081.8,4398.6,36.4,15.0,57.9,63.6,53.8,No,No,No,0.986,0.147,4.7,43,95.0,100.0,No,No,90859,98745,31,99.0,No,No,3320,0.1,0.1,0.2,0.032,0.110,12391,10260,0.0,0.0,0.0,0.000,0.000,50,0,35.9,48.7,83.0,0.669,12.119,12.156,12.139,12.063,1130,29.868,8.861,11.189,2.139,21.183,14.958,6.216,0.336,11.189,12.476,1.627,7.298,220.000,240.000,645.0,202.5,825.0,696.3,900.0,23.0,21.0,33.0,2.0,23.4,8.5,5.6,1.6,26.9,0.0,33,Yes,No,No,No,No,Yes,No,10.8,13.3,5,0,0,0,0,0,0,0,0,152,0,0,0,0,0,0,0,0,0,0,0,0,0,0,0,0,0,0,0,0,6272,1920,1753,91,5.0,239.1,289.3,201.9,201.0,200.9,200.9,239.7,242.9,237.7,237.7,237.7,237.7,4.18,4.97,3.46,3.33,5.02,5.02,0.39,3.78,4.09,0.09,0.19,0,0,0.0,0.0,64,119,1.9,175.4,0,
4.7.2026,1:9:43.240,15981,30012,34.7,11171,21510,34.1,0.0,13312,0,1.327,1.331,1.331,1.325,1.325,1.325,1.325,1.325,1.325,4117.6,4117.6,4117.6,4117.6,4117.6,4117.6,4117.6,4117.6,4117.6,99.8,849.2,3072.3,1443.8,1194.8,1010.0,793.2,980.8,640.5,692.7,290.0,289.0,597.2,474.3,435.4,340.0,648.5,685.4,849.2,17.9,35.1,34.8,28.4,23.9,18.9,23.5,15.2,16.6,7.1,7.2,14.3,11.4,10.1,8.3,15.7,16.5,35.1,17.9,20.1,39.8,39.5,32.0,26.9,21.2,26.5,17.0,18.6,7.7,7.7,15.9,12.6,11.1,9.0,17.4,18.4,20.1,41.2,41.2,41.2,41.2,41.2,41.2,41.2,41.2,41.2,0.0,60.9,74.7,68.7,67.6,64.5,48.3,56.9,53.8,53.0,39.1,25.3,31.3,32.4,35.5,51.7,43.1,46.2,47.0,0.0,0.0,0.0,0.0,0.0,0.0,0.0,0.0,0.0,1197.8,12.00,16,16,16,39,55,661,1,68.4,60.4,63.2,57.4,59.7,58.2,58.5,57.0,56.1,56.7,56.0,56.8,54.6,54.8,54.4,48.8,45.1,1.350,1.031,1.344,9.328,10.676,9.324,54.538,32.265,2.841,4.191,3.519,3.171,2.732,1.970,2.417,2.158,2.570,12.450,10.978,23.428,32.385,1197.8,1197.8,4108.5,4114.5,4102.5,4400.0,36.8,15.5,60.6,63.6,54.6,No,No,No,0.919,0.144,4.9,43,95.0,100.0,No,No,90859,98745,31,99.0,No,No,3320,0.0,0.4,0.4,0.000,0.046,12391,10260,0.0,0.0,0.0,0.000,0.000,50,0,35.7,48.2,83.0,0.669,12.118,12.154,12.138,12.062,1132,23.403,8.740,11.074,1.957,21.060,14.896,6.152,0.336,11.074,12.296,1.937,6.620,220.000,240.000,585.0,202.5,825.0,598.6,900.0,31.0,23.0,34.0,2.0,23.3,11.4,11.1,2.0,32.4,0.0,33,Yes,No,No,No,No,Yes,No,10.6,13.3,5,0,0,0,0,0,0,0,0,152,0,0,0,0,0,0,0,0,0,0,0,0,0,0,0,0,0,0,0,0,6284,1908,1741,88,5.0,97.0,254.3,4.2,4.1,4.1,4.1,18.8,211.0,3.2,3.1,3.0,3.0,10.31,238.62,3.88,3.87,246.17,246.17,0.59,0.01,10.22,0.09,25.24,0,0,0.0,0.0,64,119,1.6,80.6,0,
4.7.2026,1:9:45.250,15979,30015,34.7,11173,21509,34.1,0.0,13312,0,1.326,1.319,1.325,1.325,1.325,1.325,1.325,1.331,1.331,4014.6,4117.6,4117.6,4117.6,4117.6,3294.1,4117.6,4117.6,4117.6,99.8,794.6,3026.3,1489.4,1229.1,883.7,715.9,957.6,599.5,635.6,276.7,260.6,565.0,398.6,403.6,251.8,578.0,442.1,794.6,16.5,32.4,36.0,29.3,20.9,16.9,23.1,14.3,15.2,6.7,6.4,13.5,9.6,9.2,6.0,14.0,10.5,36.0,16.5,18.6,36.8,40.8,33.1,23.7,19.1,26.1,16.0,17.1,7.3,7.0,15.1,10.6,10.2,6.6,15.6,11.7,18.6,40.2,41.2,41.2,41.2,41.2,33.0,41.2,41.2,41.2,0.0,58.7,73.6,66.9,65.4,61.6,46.3,54.6,51.6,50.0,41.3,26.4,33.1,34.6,38.4,53.7,45.4,48.4,50.0,0.0,0.0,0.0,0.0,0.0,0.0,0.0,0.0,0.0,1197.8,12.00,16,16,16,39,55,661,1,65.6,60.5,61.0,57.3,59.7,58.5,58.5,56.9,55.9,56.4,55.7,56.4,54.6,54.8,54.4,48.2,45.4,1.331,1.019,1.325,8.892,10.525,8.893,52.590,31.610,2.740,4.124,3.517,3.062,2.608,1.900,2.325,2.034,2.346,11.851,10.823,22.673,31.633,1197.8,1197.8,4110.4,4114.8,4105.9,4398.7,35.9,14.8,58.4,63.7,53.8,No,No,No,0.929,0.147,4.7,43,95.0,100.0,No,No,90859,98745,31,99.0,No,No,3320,0.0,0.3,0.3,0.000,0.040,12391,10260,0.0,0.0,0.0,0.000,0.000,50,0,35.6,48.2,83.0,0.669,12.118,12.154,12.138,12.061,1132,22.741,8.570,11.187,1.969,20.585,14.365,6.215,0.336,11.187,11.710,1.819,6.326,220.000,240.000,900.0,202.5,795.0,585.0,600.0,61.0,23.0,47.0,3.0,23.3,11.9,12.0,2.1,33.6,0.0,33,Yes,No,No,No,No,Yes,No,10.4,12.9,5,0,0,0,0,0,0,0,0,152,0,0,0,0,0,0,0,0,0,0,0,0,0,0,0,0,0,0,0,0,6282,1910,1743,90,5.0,47.2,257.5,6.8,6.4,6.3,6.3,5.5,6.8,4.6,4.6,4.6,4.6,21.19,147.64,3.85,3.83,158.57,158.57,1.50,0.01,21.11,0.09,0.01,0,0,0.0,0.0,64,119,1.7,89.6,0,
4.7.2026,1:9:47.243,15941,30053,34.6,11173,21508,34.1,0.0,13312,0,1.320,1.325,1.319,1.319,1.319,1.319,1.319,1.319,1.319,4117.6,4117.6,4117.6,4117.6,4117.6,4117.6,4117.6,4117.6,4117.6,99.8,787.2,2911.6,1298.7,1292.0,903.8,676.5,874.5,586.7,650.5,359.7,339.5,516.7,472.7,332.3,318.8,452.0,609.7,787.2,16.1,31.4,31.0,30.6,21.1,15.7,20.6,13.6,15.2,8.3,7.9,12.0,10.9,7.2,7.3,10.4,14.2,31.4,16.1,18.5,35.9,35.5,35.0,24.3,18.0,23.7,15.7,17.5,9.6,9.2,13.8,12.7,8.4,8.5,12.0,16.4,18.5,41.2,41.2,41.2,41.2,41.2,41.2,41.2,41.2,41.2,0.0,57.5,70.8,67.5,62.6,60.1,47.2,53.7,49.0,49.1,42.5,29.2,32.5,37.4,39.9,52.8,46.3,51.0,50.9,0.0,0.0,0.0,0.0,0.0,0.0,0.0,0.0,0.0,1197.8,12.00,16,16,16,39,55,661,1,63.9,61.4,60.5,57.6,59.6,59.0,58.4,57.2,56.8,56.9,56.0,56.8,54.6,54.8,54.5,47.5,45.0,1.337,1.025,1.331,9.234,10.442,9.242,51.419,32.027,2.836,4.004,3.780,3.004,2.670,2.275,2.442,2.058,2.456,12.359,10.738,23.097,32.064,1197.8,1197.8,4103.9,4110.8,4096.9,4399.0,36.4,15.4,57.1,64.6,54.3,No,No,No,0.898,0.180,4.6,43,95.0,100.0,No,No,90859,98745,31,99.0,No,No,3320,0.0,0.6,0.6,0.000,0.157,12391,10261,0.0,0.0,0.0,0.000,0.000,50,0,36.5,50.0,83.0,0.756,12.111,12.146,12.133,12.055,1130,27.040,13.340,17.320,3.753,32.177,22.542,9.622,0.336,17.320,18.953,2.262,9.117,220.000,240.000,1320.0,1750.2,1155.0,1044.7,1245.0,19.0,2.0,23.0,1.0,23.4,10.6,8.9,2.0,31.4,0.0,33,Yes,No,No,No,No,Yes,No,16.5,20.9,5,0,0,0,0,0,0,0,0,153,0,0,0,0,0,0,0,0,0,0,0,0,0,0,0,0,0,0,0,0,6272,1920,1754,90,8.0,119.4,0.0,8.0,6.7,7.1,6.7,19.2,110.5,3.1,2.8,2.7,2.7,8.38,125.44,0.06,0.05,141.81,150.04,0.62,0.01,8.30,0.08,0.09,0,0,0.0,0.0,64,120,1.5,128.8,0,
4.7.2026,1:9:49.245,15950,30043,34.6,11170,21512,34.1,0.0,13312,0,1.324,1.319,1.325,1.325,1.325,1.325,1.325,1.325,1.325,4117.6,4117.6,4117.6,4117.6,4117.6,4117.6,4117.6,4117.6,4117.6,99.8,823.7,2934.6,1368.8,1272.7,966.0,716.3,937.4,632.8,704.7,284.3,269.8,549.5,506.7,435.4,341.6,603.2,654.8,823.7,17.0,33.1,32.6,30.0,22.6,16.5,22.2,14.7,16.5,6.5,6.2,12.8,11.8,9.6,7.8,14.1,15.3,33.1,17.0,19.5,37.9,37.4,34.3,25.9,19.0,25.4,16.9,19.0,7.5,7.2,14.6,13.6,11.1,9.1,16.2,17.6,19.5,41.2,41.2,41.2,41.2,41.2,41.2,41.2,41.2,41.2,0.0,59.2,71.4,67.7,64.2,61.9,47.7,55.2,52.4,53.3,40.8,28.6,32.3,35.8,38.1,52.3,44.8,47.6,46.7,0.0,0.0,0.0,0.0,0.0,0.0,0.0,0.0,0.0,1197.8,12.00,16,16,16,39,55,661,1,62.4,60.4,61.8,57.4,59.4,58.6,58.3,57.3,56.1,56.7,56.0,56.9,54.7,54.9,54.5,48.5,46.2,1.331,1.025,1.331,9.074,10.655,9.068,52.889,31.902,2.795,3.963,3.657,3.038,2.697,1.931,2.414,2.136,2.527,12.096,10.955,23.051,32.001,1197.8,1197.8,4102.7,4109.5,4095.9,4400.0,36.4,15.1,58.8,63.5,53.9,No,No,No,0.897,0.157,4.7,43,95.0,100.0,No,No,90859,98745,31,99.0,No,No,3320,0.0,0.4,0.4,0.016,0.202,12391,10261,0.0,0.0,0.0,0.000,0.000,50,0,35.9,48.5,83.0,0.669,12.124,12.162,12.143,12.066,1129,30.756,8.891,11.866,2.262,20.764,14.166,6.592,0.336,11.866,11.501,2.592,6.966,220.000,240.000,795.0,202.5,825.0,1054.5,900.0,29.0,19.0,34.0,2.0,23.4,8.3,6.7,1.5,25.1,0.0,33,Yes,No,No,No,No,Yes,No,10.6,13.1,5,0,0,0,0,0,0,0,0,154,0,0,0,0,0,0,0,0,0,0,0,0,0,0,0,0,0,0,0,0,6272,1920,1754,90,5.0,25.5,262.8,3.7,3.6,3.6,3.6,8.2,40.0,3.5,3.4,3.4,3.4,39.22,270.51,3.76,3.72,279.20,279.20,0.60,0.36,39.14,0.09,15.14,0,0,0.0,0.0,64,120,1.8,100.0,0,
4.7.2026,1:9:51.250,15942,30052,34.6,11167,21514,34.1,0.0,13312,0,1.325,1.325,1.325,1.325,1.325,1.325,1.325,1.325,1.325,4117.6,4117.6,4117.6,4117.6,4117.6,4117.6,4117.6,4117.6,4117.6,99.8,905.3,3141.0,1579.2,1242.3,1180.6,824.6,1083.1,685.6,839.7,346.5,335.0,605.2,580.9,467.8,372.4,611.9,588.9,905.3,19.2,36.4,38.0,29.5,28.1,19.5,26.0,16.3,20.2,8.5,8.2,14.5,14.0,10.9,9.0,14.8,14.1,38.0,19.2,21.6,41.4,43.2,33.3,31.8,22.0,29.4,18.3,22.7,9.2,9.0,16.1,15.6,11.9,9.9,16.4,15.7,21.6,41.2,41.2,41.2,41.2,41.2,41.2,41.2,41.2,41.2,0.0,62.7,76.3,71.1,69.3,66.2,50.3,58.9,55.5,53.7,37.3,23.7,28.9,30.7,33.8,49.7,41.1,44.5,46.3,0.0,0.0,0.0,0.0,0.0,0.0,0.0,0.0,0.0,1197.8,12.00,16,16,16,39,55,661,1,70.1,61.4,63.0,58.0,60.6,59.4,59.2,57.8,56.6,57.2,56.5,57.1,54.9,55.1,54.7,48.5,45.7,1.337,1.025,1.344,9.786,10.698,9.787,56.225,33.027,2.978,4.386,3.779,3.314,2.895,2.083,2.563,2.246,2.555,13.092,11.002,24.094,33.070,1197.8,1197.8,4114.8,4118.7,4110.9,4398.7,37.6,16.3,62.5,64.6,54.8,No,No,No,1.020,0.150,5.0,43,95.0,100.0,No,No,90859,98745,31,99.0,No,No,3320,0.0,0.5,0.5,0.000,0.026,12391,10261,0.0,0.0,0.0,0.000,0.000,50,0,37.8,52.2,83.0,0.919,12.109,12.141,12.132,12.054,1129,45.929,18.160,29.012,7.442,39.221,23.095,16.117,0.336,29.012,18.006,4.278,15.079,220.000,240.000,1725.0,1750.2,1515.0,1724.6,1635.0,19.0,3.0,18.0,1.0,23.4,7.1,6.0,1.4,21.2,0.0,33,Yes,No,No,No,No,Yes,No,21.4,25.8,5,0,0,0,0,0,0,0,0,155,0,0,0,0,0,0,0,0,0,0,0,0,0,0,0,0,0,0,0,0,6272,1920,1754,90,8.0,54.1,262.6,4.8,4.5,4.5,4.5,8.6,119.7,2.4,2.4,2.4,2.4,18.47,210.33,3.78,3.65,221.38,221.38,0.32,0.37,18.39,0.08,11.57,0,0,0.0,0.0,64,120,1.8,81.0,0,
4.7.2026,1:9:53.249,15933,30060,34.6,11164,21517,34.1,0.0,13312,0,1.323,1.325,1.325,1.325,1.325,1.325,1.319,1.319,1.319,4117.6,4117.6,4117.6,4117.6,4117.6,4117.6,4117.6,4117.6,4117.6,99.8,820.4,2742.2,1132.9,1125.6,1140.0,757.1,865.4,560.3,784.5,333.8,313.2,543.8,596.1,448.1,384.1,672.0,727.7,820.4,17.7,34.0,27.2,27.0,27.2,18.1,20.9,13.4,19.0,8.3,7.0,13.2,14.5,10.6,9.3,16.2,17.6,34.0,17.7,19.8,38.3,30.6,30.2,30.6,20.2,23.4,14.9,21.3,8.9,8.4,14.5,16.0,11.5,10.2,18.0,19.6,19.8,41.2,41.2,41.2,41.2,41.2,41.2,41.2,41.2,41.2,0.0,56.5,66.9,63.5,60.3,58.2,47.2,53.0,50.0,52.7,43.5,33.1,36.5,39.7,41.8,52.8,47.0,50.0,47.3,0.0,0.0,0.0,0.0,0.0,0.0,0.0,0.0,0.0,1197.8,12.00,16,16,16,39,55,661,1,67.1,60.3,61.8,57.6,59.5,58.5,58.3,57.3,56.4,57.1,56.3,57.3,55.0,55.1,54.8,49.2,46.0,1.331,1.031,1.331,8.848,10.824,8.847,50.098,31.787,2.712,3.703,3.418,2.858,2.621,1.973,2.418,2.126,2.576,11.780,11.127,22.907,31.865,1197.8,1197.8,4085.2,4096.8,4073.7,4400.0,36.2,14.7,55.7,63.5,54.1,No,No,No,0.905,0.145,4.5,43,95.0,100.0,No,No,90859,98745,31,99.0,No,No,3320,0.0,0.3,0.3,0.000,0.008,12391,10261,0.0,0.0,0.0,0.000,0.000,50,0,37.1,50.5,83.0,0.669,12.122,12.160,12.142,12.064,1130,45.281,9.727,13.524,2.700,22.754,15.225,7.513,0.336,13.524,12.266,1.766,7.665,220.000,240.000,705.0,202.5,825.0,1675.6,900.0,9.0,10.0,25.0,2.0,23.3,5.5,3.3,1.1,17.8,0.0,33,Yes,No,No,No,No,Yes,No,11.7,13.5,5,0,0,0,0,0,0,0,0,156,0,0,0,0,0,0,0,0,0,0,0,0,0,0,0,0,0,0,0,0,6281,1911,1745,90,5.0,239.5,659.4,164.4,142.6,150.9,139.9,237.9,241.8,237.2,127.4,158.6,119.1,4.18,6.09,1.49,0.55,6.65,7.19,0.30,3.89,4.08,0.09,0.38,0,0,0.0,0.0,64,120,1.4,85.8,0,
4.7.2026,1:9:55.247,15975,30018,34.7,11183,21498,34.2,0.0,13312,0,1.322,1.325,1.319,1.319,1.319,1.319,1.325,1.325,1.325,4117.6,4117.6,4117.6,4117.6,4117.6,4117.6,4117.6,4117.6,4117.6,99.8,583.1,2364.0,699.6,940.3,803.9,684.2,482.9,528.7,377.6,180.3,161.7,434.5,242.2,296.5,188.3,526.5,418.3,583.1,12.1,30.5,16.2,22.7,19.2,16.5,11.0,12.1,8.4,3.8,4.1,10.0,5.9,7.0,3.9,12.2,9.5,30.5,12.1,13.8,34.3,19.0,25.4,21.5,18.4,13.0,14.1,10.1,4.7,4.3,11.6,6.3,7.6,5.0,14.1,11.1,13.8,41.2,41.2,41.2,41.2,41.2,41.2,41.2,41.2,41.2,0.0,46.5,57.8,54.8,50.8,48.5,36.2,42.4,39.5,42.0,53.5,42.2,45.2,49.2,51.5,63.8,57.6,60.5,58.0,0.0,0.0,0.0,0.0,0.0,0.0,0.0,0.0,0.0,1197.8,12.00,16,16,16,39,55,661,1,64.5,59.2,61.2,56.4,58.1,57.5,57.2,56.2,55.4,55.7,55.2,56.2,54.3,54.5,54.2,48.5,45.5,1.337,1.025,1.331,7.204,10.566,7.210,41.212,29.307,2.297,3.185,2.980,2.463,2.198,1.602,1.950,1.764,2.236,9.567,10.856,20.423,29.358,1197.8,1197.8,4079.9,4096.2,4063.6,4400.0,33.4,12.0,45.8,62.4,51.8,No,No,No,0.765,0.134,3.7,43,95.0,100.0,No,No,90859,98745,31,99.0,No,No,3320,0.0,0.5,0.5,0.000,0.111,12391,10261,0.0,0.0,0.0,0.000,0.000,50,0,36.0,48.9,83.0,0.669,12.124,12.162,12.143,12.066,1128,23.225,8.630,10.883,1.849,20.460,14.406,6.046,0.336,10.883,11.777,3.186,6.472,220.000,240.000,540.0,202.5,825.0,501.9,900.0,22.0,22.0,34.0,2.0,23.3,9.7,6.5,1.9,30.4,0.0,33,Yes,No,No,No,No,Yes,No,10.3,13.2,5,0,0,0,0,0,0,0,0,158,0,0,0,0,0,0,0,0,0,0,0,0,0,0,0,0,0,0,0,0,6287,1905,1739,90,5.0,235.6,255.5,219.4,58.1,99.6,47.8,2.1,76.2,0.7,0.7,0.7,0.7,4.24,4.60,3.88,3.86,10.05,20.92,0.22,0.35,4.16,0.08,6.42,0,0,0.0,0.0,64,120,1.7,93.5,0,
4.7.2026,1:9:57.249,16003,29990,34.7,11190,21492,34.2,0.0,13312,0,1.324,1.325,1.319,1.325,1.325,1.325,1.325,1.325,1.325,4117.6,4117.6,4117.6,4117.6,4117.6,4117.6,4117.6,4117.6,4117.6,99.8,762.5,2738.8,1031.5,1108.5,1085.7,918.8,603.8,763.8,465.6,343.3,274.6,608.4,406.2,464.1,286.6,563.7,536.2,762.5,16.5,35.1,24.7,25.8,25.7,21.9,15.0,18.9,11.0,8.3,7.3,15.3,9.7,10.8,7.5,14.2,13.4,35.1,16.5,18.4,40.4,28.1,29.9,29.2,24.8,16.2,20.6,12.5,9.2,7.3,16.4,10.8,12.1,7.6,15.1,14.3,18.4,41.2,41.2,41.2,41.2,41.2,41.2,41.2,41.2,41.2,0.0,53.6,66.7,62.7,58.0,55.2,43.2,49.5,46.6,47.3,46.4,33.3,37.3,42.0,44.8,56.8,50.5,53.4,52.7,0.0,0.0,0.0,0.0,0.0,0.0,0.0,0.0,0.0,1197.8,12.00,16,16,16,39,55,661,1,71.0,60.4,62.5,57.2,59.2,58.6,58.1,57.0,56.0,56.5,55.8,56.6,54.6,54.7,54.4,49.2,45.3,1.337,1.038,1.337,8.537,10.445,8.530,47.774,30.974,2.631,3.702,3.474,2.791,2.491,1.886,2.269,2.042,2.394,11.388,10.737,22.124,31.063,1197.8,1197.8,4091.5,4104.6,4078.3,4398.6,35.3,14.2,53.1,63.6,53.9,No,No,No,0.918,0.141,4.3,43,95.0,100.0,No,No,90859,98745,31,99.0,No,No,3320,0.0,0.3,0.3,0.000,0.012,12391,10261,0.0,0.0,0.0,0.000,0.000,50,0,35.9,48.5,83.0,0.669,12.122,12.162,12.141,12.064,1130,22.544,8.691,10.887,2.007,21.077,15.020,6.048,0.336,10.887,12.538,1.513,6.599,220.000,240.000,390.0,202.5,825.0,480.4,900.0,43.0,27.0,34.0,2.0,23.9,10.6,8.6,2.0,31.7,0.0,33,Yes,No,No,No,No,Yes,No,10.6,13.4,5,0,0,0,0,0,0,0,0,158,0,0,0,0,0,0,0,0,0,0,0,0,0,0,0,0,0,0,0,0,6230,1962,1796,90,5.0,237.3,266.1,214.4,214.0,214.0,214.0,239.9,241.9,238.5,238.5,238.5,238.5,4.21,4.69,3.73,3.72,4.70,4.70,0.63,3.53,4.13,0.09,0.25,0,0,0.0,0.0,64,120,6.4,98.7,0,
4.7.2026,1:9:59.260,16027,29967,34.8,11194,21487,34.2,0.0,13312,0,1.314,1.325,1.312,1.312,1.312,1.312,1.312,1.312,1.312,4117.6,4117.6,4117.6,4117.6,4117.6,4117.6,4117.6,4117.6,4117.6,99.8,679.5,2623.2,820.0,1033.3,980.7,859.4,556.0,673.7,387.2,208.5,157.9,520.3,308.9,348.3,216.1,574.3,604.8,679.5,14.3,33.8,20.0,25.1,23.1,20.4,13.0,16.0,9.7,5.5,3.6,12.3,7.1,7.9,4.2,13.6,14.3,33.8,14.3,16.2,37.8,22.2,27.9,26.4,23.2,14.9,18.2,10.3,5.5,4.2,13.9,8.1,8.9,5.7,15.4,16.3,16.2,41.2,41.2,41.2,41.2,41.2,41.2,41.2,41.2,41.2,0.0,52.1,64.0,61.3,57.5,53.9,39.8,47.8,44.2,48.3,47.9,36.0,38.7,42.5,46.1,60.2,52.2,55.8,51.7,0.0,0.0,0.0,0.0,0.0,0.0,0.0,0.0,0.0,1197.8,12.00,16,16,16,39,55,661,1,67.9,59.9,62.2,56.9,58.7,58.0,57.8,56.6,55.5,56.2,55.4,56.8,54.5,54.7,54.4,48.2,45.6,1.344,1.031,1.337,8.012,10.313,8.012,46.427,30.156,2.511,3.455,3.276,2.779,2.386,1.696,2.154,1.886,2.457,10.674,10.603,21.277,30.217,1197.8,1197.8,4094.9,4105.6,4084.3,4400.0,34.3,13.4,51.6,63.0,52.9,No,No,No,0.814,0.152,4.2,43,95.0,100.0,No,No,90859,98745,31,99.0,No,No,3320,0.0,0.7,0.7,0.000,0.030,12391,10261,0.0,0.0,0.0,0.000,0.000,50,0,35.9,48.3,83.0,0.669,12.119,12.157,12.139,12.062,1130,22.702,8.540,10.840,1.884,20.927,14.896,6.022,0.336,10.840,12.323,1.416,5.916,220.000,240.000,630.0,202.5,555.0,617.9,600.0,32.0,25.0,50.0,2.0,23.8,14.6,10.9,2.8,44.8,0.0,33,Yes,No,No,No,No,Yes,No,10.5,12.8,6,0,0,0,0,0,0,0,0,160,0,0,0,0,0,0,0,0,0,0,0,0,0,0,0,0,0,0,0,0,6246,1946,1779,91,5.0,82.2,284.2,6.9,6.2,6.2,6.2,7.7,114.1,1.8,1.7,1.7,1.7,12.17,144.03,3.19,2.68,159.64,159.64,0.83,0.06,11.86,0.31,1.36,0,0,0.0,0.0,64,121,5.8,102.3,0,
4.7.2026,1:10:1.240,16022,29972,34.8,11189,21493,34.2,0.0,13312,0,1.325,1.325,1.325,1.325,1.325,1.325,1.325,1.325,1.325,4117.6,4117.6,4117.6,4117.6,4117.6,4117.6,4117.6,4117.6,4117.6,99.8,725.8,2839.7,868.7,1384.0,958.1,951.1,548.8,791.0,356.4,239.3,161.0,618.2,281.6,440.9,217.4,506.4,450.6,725.8,15.3,38.0,20.5,33.1,22.5,22.5,12.7,18.7,8.1,5.5,3.7,14.6,6.4,10.0,5.6,12.0,10.5,38.0,15.3,17.4,43.4,23.6,37.8,25.7,25.7,14.7,21.4,9.4,6.3,4.3,16.6,7.4,11.5,5.7,13.6,12.0,17.4,41.2,41.2,41.2,41.2,41.2,41.2,41.2,41.2,41.2,0.0,54.9,69.1,68.0,60.6,56.8,41.5,50.1,47.1,46.2,45.1,30.9,32.0,39.4,43.2,58.5,49.9,52.9,53.8,0.0,0.0,0.0,0.0,0.0,0.0,0.0,0.0,0.0,1197.8,12.00,16,16,16,39,55,661,1,65.5,60.7,60.8,57.3,59.1,59.5,58.1,57.1,55.7,56.4,55.7,56.5,54.6,54.8,54.4,49.0,46.0,1.344,1.025,1.344,8.759,10.412,8.760,49.086,31.264,2.701,3.760,4.054,2.943,2.524,1.753,2.274,2.012,2.289,11.680,10.704,22.383,31.332,1197.8,1197.8,4102.3,4112.4,4092.2,4400.0,35.6,14.6,54.5,63.9,53.8,No,No,No,0.830,0.179,4.4,43,95.0,100.0,No,No,90859,98745,31,99.0,No,No,3320,0.0,0.4,0.4,0.000,0.053,12391,10262,0.0,0.0,0.0,0.000,0.000,50,0,36.1,49.0,83.0,0.700,12.123,12.163,12.143,12.065,1130,23.035,8.920,12.352,2.262,21.237,14.357,6.862,0.336,12.352,11.493,1.423,6.529,220.000,240.000,1140.0,1250.2,990.0,795.5,1080.0,52.0,24.0,37.0,1.0,23.8,13.5,10.5,2.5,40.9,0.0,33,Yes,No,No,No,No,Yes,No,10.8,18.8,6,0,0,0,0,0,0,0,0,161,0,0,0,0,0,0,0,0,0,0,0,0,0,0,0,0,0,0,0,0,6242,1950,1784,91,8.0,166.6,256.4,16.7,8.7,9.1,8.6,16.4,210.0,5.2,4.9,4.9,4.9,6.00,59.95,3.88,3.86,110.36,116.68,0.82,0.06,5.93,0.08,0.64,0,0,0.0,0.0,64,121,2.0,168.5,0,
4.7.2026,1:10:3.243,16014,29980,34.8,11186,21495,34.2,0.0,13312,0,1.325,1.325,1.325,1.325,1.325,1.325,1.325,1.325,1.325,4052.1,3593.5,4117.6,4117.6,4117.6,4117.6,4117.6,4117.6,4117.6,99.8,844.8,3045.2,914.7,1404.3,1050.8,1126.6,540.5,952.6,404.9,343.9,264.1,711.8,369.5,565.7,246.5,737.4,838.7,844.8,18.4,45.4,21.7,33.6,24.9,26.8,12.6,22.8,9.4,8.1,6.2,17.0,8.6,13.1,5.7,17.6,20.0,45.4,18.4,20.8,51.7,24.8,38.1,28.4,30.4,14.4,25.8,10.7,9.1,7.1,19.1,9.7,14.8,6.5,19.9,22.7,20.8,40.6,36.0,41.2,41.2,41.2,41.2,41.2,41.2,41.2,0.0,59.7,74.1,70.1,63.2,60.7,47.2,54.9,51.1,56.1,40.3,25.9,29.9,36.8,39.3,52.8,45.1,48.9,43.9,0.0,0.0,0.0,0.0,0.0,0.0,0.0,0.0,0.0,1197.8,12.00,16,16,16,39,55,661,1,72.0,63.0,62.0,58.7,60.8,60.7,59.2,58.3,56.9,57.9,56.7,58.8,55.2,55.4,55.0,49.8,46.1,1.337,1.025,1.337,9.978,10.607,9.970,53.343,33.174,3.047,4.281,4.169,3.121,2.833,2.071,2.574,2.250,3.075,13.405,10.910,24.315,33.276,1197.8,1197.8,4100.7,4111.1,4090.4,4394.5,37.8,16.6,59.3,66.3,54.8,No,No,No,1.051,0.192,4.8,43,95.0,100.0,No,No,90859,98745,31,99.0,No,No,3320,0.0,0.4,0.4,0.000,0.159,12391,10262,0.0,0.0,0.0,0.000,0.000,50,0,36.0,48.6,83.0,0.669,12.125,12.164,12.143,12.066,1132,31.590,8.540,11.547,1.983,20.377,13.961,6.415,0.336,11.547,11.163,1.543,6.526,220.000,240.000,675.0,202.5,825.0,1074.4,900.0,20.0,16.0,32.0,2.0,23.8,8.2,4.6,1.7,26.6,0.0,33,Yes,No,No,No,No,Yes,No,10.3,12.6,6,0,0,0,0,0,0,0,0,162,0,0,0,0,0,0,0,0,0,0,0,0,0,0,0,0,0,0,0,0,6246,1946,1780,90,5.0,78.3,252.8,7.5,1.9,1.8,1.8,16.8,110.9,2.0,1.8,1.8,1.8,12.77,134.07,3.91,3.90,563.16,563.16,0.35,0.01,12.69,0.08,0.09,0,0,0.0,0.0,64,121,2.7,97.0,0,
4.7.2026,1:10:5.246,16019,29975,34.8,11193,21489,34.2,0.0,13312,0,1.323,1.325,1.325,1.325,1.325,1.325,1.319,1.319,1.319,4117.6,4117.6,4117.6,4117.6,4117.6,4117.6,4117.6,4117.6,4117.6,99.8,633.4,2591.0,570.8,1320.5,677.1,948.9,454.4,657.6,323.7,223.0,148.4,518.1,259.4,366.6,190.3,453.5,430.9,633.4,13.6,38.8,13.5,31.6,15.9,22.6,10.7,15.6,7.5,5.3,3.5,12.4,6.1,8.4,4.4,10.8,10.2,38.8,13.6,15.3,44.0,15.3,35.9,18.0,25.6,12.1,17.6,8.5,5.9,3.9,13.8,6.8,9.4,5.0,12.1,11.4,15.3,41.2,41.2,41.2,41.2,41.2,41.2,41.2,41.2,41.2,0.0,51.1,63.2,62.0,57.2,53.4,39.0,46.5,43.8,44.0,48.9,36.8,38.0,42.8,46.6,61.0,53.5,56.2,56.0,0.0,0.0,0.0,0.0,0.0,0.0,0.0,0.0,0.0,1197.8,12.00,16,16,16,39,55,661,1,68.9,59.7,60.8,57.0,58.9,58.2,58.0,56.7,55.7,56.2,55.7,56.4,54.7,54.8,54.5,48.5,45.5,1.356,1.025,1.337,7.851,10.512,7.861,45.486,30.158,2.467,3.482,3.251,2.795,2.318,1.690,2.086,1.884,2.232,10.442,10.804,21.247,30.200,1197.8,1197.8,4091.8,4102.9,4080.6,4400.0,34.3,13.1,50.5,62.9,52.7,No,No,No,0.777,0.142,4.1,43,95.0,100.0,No,No,90859,98745,31,99.0,No,No,3320,0.0,0.2,0.2,0.000,0.049,12391,10262,0.0,0.0,0.0,0.000,0.000,50,0,35.7,47.9,83.0,0.669,12.127,12.168,12.145,12.069,1130,21.684,7.737,10.370,1.716,18.363,12.600,5.761,0.336,10.370,10.059,1.844,5.948,220.000,240.000,420.0,101.2,555.0,478.4,600.0,31.0,31.0,53.0,3.0,23.8,11.3,7.4,2.2,35.6,0.0,33,Yes,No,No,No,No,Yes,No,9.3,12.8,6,0,0,0,0,0,0,0,0,163,0,0,0,0,0,0,0,0,0,0,0,0,0,0,0,0,0,0,0,0,6246,1946,1780,90,2.5,215.5,254.7,122.8,13.8,26.6,11.4,5.5,79.0,1.5,1.5,1.5,1.5,4.64,8.15,3.90,3.83,37.64,87.40,0.49,0.06,4.56,0.08,11.70,0,0,0.0,0.0,64,122,1.5,314.6,0,
4.7.2026,1:10:7.241,16002,29992,34.7,11182,21500,34.2,0.0,13312,0,1.328,1.325,1.331,1.331,1.331,1.331,1.331,1.331,1.312,3946.0,3593.5,4117.6,4117.6,4117.6,3294.1,4117.6,4092.6,4117.6,99.8,561.2,2400.8,671.1,887.1,818.5,696.0,395.7,541.4,303.2,162.8,127.0,436.1,256.5,260.7,179.9,430.6,411.7,561.2,11.6,31.5,15.8,21.1,19.2,16.5,9.1,12.8,6.9,3.7,2.9,10.4,5.9,5.7,4.0,10.2,9.7,31.5,11.6,13.2,35.7,18.2,23.9,21.8,18.7,10.5,14.5,8.0,4.3,3.4,11.6,6.8,6.6,4.7,11.5,10.9,13.2,39.5,36.0,41.2,41.2,41.2,33.0,41.2,41.0,41.2,0.0,45.6,58.7,54.0,49.5,47.1,34.4,41.6,38.4,40.6,54.4,41.3,46.0,50.5,52.9,65.6,58.4,61.6,59.4,0.0,0.0,0.0,0.0,0.0,0.0,0.0,0.0,0.0,1197.8,12.00,16,16,16,39,55,661,1,65.9,59.3,60.8,56.3,58.4,57.6,56.9,55.9,55.1,55.6,55.0,55.9,54.3,54.4,54.2,47.5,45.6,1.319,1.025,1.331,7.065,10.133,7.067,40.324,28.684,2.243,3.235,3.001,2.336,2.082,1.549,1.929,1.699,2.118,9.360,10.416,19.776,28.700,1197.8,1197.8,4078.3,4093.8,4062.8,4398.8,32.6,11.8,44.8,62.5,51.9,No,No,No,0.750,0.131,3.6,43,95.0,100.0,No,No,90859,98745,31,99.0,No,No,3320,0.0,0.2,0.2,0.000,0.008,12391,10262,0.0,0.0,0.0,0.000,0.000,50,0,35.6,48.2,83.0,0.669,12.124,12.164,12.143,12.067,1127,21.486,8.023,10.251,1.545,19.501,13.804,5.695,0.336,10.251,11.149,1.843,5.859,220.000,240.000,285.0,101.2,555.0,435.0,600.0,20.0,16.0,49.0,3.0,23.8,14.7,8.7,2.9,47.3,0.0,33,Yes,No,No,No,No,Yes,No,9.7,11.4,6,0,0,0,0,0,0,0,0,165,0,0,0,0,0,0,0,0,0,0,0,0,0,0,0,0,0,0,0,0,6246,1946,1777,89,2.5,236.5,262.4,213.7,74.0,106.5,67.1,3.1,114.3,0.7,0.7,0.7,0.7,4.23,4.70,3.72,0.79,10.57,18.43,1.00,0.02,4.08,0.14,11.83,0,0,0.0,0.0,64,122,1.4,79.0,0,
4.7.2026,1:10:9.241,16006,29988,34.8,11189,21493,34.2,0.0,13312,0,1.328,1.325,1.331,1.331,1.331,1.331,1.325,1.325,1.325,4117.6,4117.6,4117.6,4117.6,4117.6,4117.6,4117.6,4117.6,4117.6,99.8,552.8,2388.9,524.5,999.8,769.0,700.0,385.6,470.3,309.5,155.1,128.7,408.0,247.0,237.4,169.8,422.4,529.0,552.8,11.8,33.7,12.6,24.0,18.2,16.8,9.2,11.3,7.3,3.9,3.3,9.9,6.0,5.5,4.1,10.3,12.8,33.7,11.8,13.1,38.1,14.1,27.1,20.4,18.8,10.2,12.6,8.1,4.1,3.4,10.9,6.5,5.9,4.4,11.2,14.2,13.1,41.2,41.2,41.2,41.2,41.2,41.2,41.2,41.2,41.2,0.0,46.3,58.3,55.6,51.1,47.6,34.9,41.7,38.5,42.4,53.7,41.7,44.4,48.9,52.4,65.1,58.3,61.5,57.6,0.0,0.0,0.0,0.0,0.0,0.0,0.0,0.0,0.0,1197.8,12.00,16,16,16,39,55,661,1,63.2,58.5,60.2,56.1,57.5,57.2,56.7,55.7,54.9,55.6,54.9,56.0,54.2,54.3,54.1,48.0,45.2,1.331,1.025,1.337,7.019,10.013,7.023,41.122,28.494,2.237,3.061,3.002,2.367,2.057,1.546,1.942,1.690,2.236,9.322,10.292,19.614,28.542,1197.8,1197.8,4089.5,4101.5,4077.4,4400.0,32.4,11.7,45.7,61.6,51.8,No,No,No,0.739,0.134,3.7,43,95.0,100.0,No,No,90859,98745,31,99.0,No,No,3320,0.0,0.3,0.3,0.000,0.050,12391,10262,0.0,0.0,0.0,0.000,0.000,50,0,35.4,47.7,83.0,0.669,12.129,12.168,12.147,12.071,1132,20.352,7.640,10.167,1.679,18.232,12.578,5.648,0.336,10.167,10.093,1.342,6.159,220.000,240.000,420.0,101.2,555.0,396.9,600.0,31.0,32.0,53.0,3.0,23.5,17.5,15.1,3.3,51.7,0.0,33,Yes,No,No,No,No,Yes,No,9.2,11.5,6,0,0,0,0,0,0,0,0,165,0,0,0,0,0,0,0,0,0,0,0,0,0,0,0,0,0,0,0,0,6271,1921,1755,90,2.5,238.6,253.8,221.2,133.1,171.6,120.0,1.6,59.6,0.5,0.5,0.5,0.5,4.19,4.62,3.85,1.57,6.71,8.34,1.00,0.01,4.10,0.09,0.22,0,0,0.0,0.0,64,122,1.7,93.7,0,
4.7.2026,1:10:11.255,16007,29986,34.8,11187,21494,34.2,0.0,13312,0,1.321,1.331,1.325,1.319,1.319,1.319,1.319,1.319,1.319,4117.6,4117.6,4117.6,4117.6,4117.6,4117.6,4117.6,4117.6,4117.6,99.8,655.5,2529.0,644.6,1283.6,882.1,813.7,459.8,619.8,358.4,216.8,171.0,493.4,281.7,324.3,212.4,545.9,650.8,655.5,14.1,34.4,15.4,30.9,21.0,19.5,10.9,14.9,8.5,5.3,4.2,11.9,6.7,7.5,5.1,13.2,15.7,34.4,14.1,15.8,38.9,17.4,35.0,23.6,21.9,12.2,16.7,9.5,5.7,4.5,13.2,7.4,8.2,5.6,14.6,17.6,15.7,41.2,41.2,41.2,41.2,41.2,41.2,41.2,41.2,41.2,0.0,50.9,61.7,63.3,54.5,51.7,39.2,46.0,42.8,47.6,49.1,38.3,36.7,45.5,48.3,60.8,54.0,57.2,52.4,0.0,0.0,0.0,0.0,0.0,0.0,0.0,0.0,0.0,1197.8,12.00,16,16,16,39,55,661,1,61.5,59.5,61.0,56.6,58.2,58.1,57.1,56.3,55.3,56.0,55.2,56.5,54.4,54.5,54.2,48.5,45.5,1.344,1.025,1.337,7.762,9.798,7.753,45.234,29.196,2.429,3.242,3.348,2.544,2.261,1.684,2.063,1.838,2.450,10.327,10.076,20.404,29.323,1197.8,1197.8,4090.1,4101.2,4079.0,4400.0,33.3,12.9,50.3,62.6,52.9,No,No,No,0.807,0.147,4.1,43,95.0,100.0,No,No,90859,98745,31,99.0,No,No,3320,0.0,0.2,0.2,0.000,0.056,12391,10262,0.0,0.0,0.0,0.000,0.000,50,0,36.7,50.3,83.0,0.787,12.118,12.157,12.139,12.059,1129,30.670,14.174,19.373,4.291,33.722,22.936,10.763,0.336,19.373,18.981,2.215,9.747,220.000,240.000,1410.0,1750.2,1230.0,1165.7,1335.0,16.0,3.0,22.0,1.0,23.5,12.1,10.2,2.2,35.8,0.0,33,Yes,No,No,No,No,Yes,No,17.1,21.1,6,0,0,0,0,0,0,0,0,167,0,0,0,0,0,0,0,0,0,0,0,0,0,0,0,0,0,0,0,0,6267,1925,1759,92,8.0,201.9,267.7,34.3,30.5,31.9,29.9,4.3,114.4,1.0,1.0,1.0,1.0,4.95,26.10,3.42,0.79,30.75,32.38,1.16,0.01,4.78,0.17,2.73,0,0,0.0,0.0,64,122,1.6,93.1,0,
4.7.2026,1:10:13.253,16010,29984,34.8,11193,21489,34.2,0.0,13312,0,1.302,1.056,1.337,1.337,1.337,1.337,1.337,1.337,1.337,4117.6,4117.6,4117.6,4117.6,4117.6,4117.6,4117.6,4117.6,4117.6,99.8,860.2,2863.3,911.2,1226.7,1189.8,1088.0,676.6,878.5,541.2,371.8,350.5,777.3,509.2,503.1,375.4,664.3,836.9,860.2,18.9,43.3,21.7,29.3,28.4,26.0,16.0,21.1,12.8,8.9,8.4,18.7,12.1,11.7,8.9,15.8,20.0,43.3,18.9,21.4,49.1,24.6,33.2,32.1,29.5,18.0,23.8,14.4,9.9,9.3,21.0,13.6,13.1,9.9,17.8,22.6,21.4,41.2,41.2,41.2,41.2,41.2,41.2,41.2,41.2,41.2,0.0,58.4,69.8,66.1,62.4,59.8,47.7,55.5,51.0,55.1,41.6,30.2,33.9,37.6,40.2,52.3,44.5,49.0,44.9,0.0,0.0,0.0,0.0,0.0,0.0,0.0,0.0,0.0,1197.8,12.00,16,16,16,39,55,661,1,68.5,61.7,56.2,58.1,60.0,59.6,58.8,57.7,56.6,57.7,56.5,57.9,55.1,55.2,54.9,47.5,45.7,1.337,1.031,1.337,9.427,10.755,9.432,52.016,32.619,2.883,3.930,3.732,3.058,2.697,2.046,2.601,2.184,2.815,12.595,11.060,23.655,32.636,1197.8,1197.8,4095.1,4103.3,4086.9,4398.7,37.1,15.7,57.8,64.9,54.4,No,No,No,1.072,0.144,4.7,43,95.0,100.0,No,No,90859,98745,31,99.0,No,No,3320,0.1,0.2,0.3,0.014,0.052,12391,10262,0.0,0.0,0.0,0.000,0.000,50,0,35.8,48.5,83.0,0.669,12.124,12.161,12.143,12.066,1132,29.574,8.190,10.426,1.800,19.757,13.961,5.792,0.336,10.426,11.478,1.433,6.488,220.000,240.000,465.0,202.5,825.0,765.5,900.0,15.0,20.0,33.0,2.0,23.5,7.8,4.1,1.6,25.4,0.0,33,Yes,No,No,No,No,Yes,No,10.0,12.7,6,0,0,0,0,0,0,0,0,168,0,0,0,0,0,0,0,0,0,0,0,0,0,0,0,0,0,0,0,0,6267,1925,1759,91,5.0,239.8,263.1,217.7,212.7,215.1,211.6,0.0,0.0,0.0,0.0,0.0,0.0,4.17,4.63,3.80,3.76,4.68,4.76,0.18,0.49,4.09,0.08,0.00,0,0,0.0,0.0,64,123,2.1,89.3,0,
4.7.2026,1:10:15.247,15994,29999,34.7,11193,21489,34.2,0.0,13312,0,1.319,1.319,1.319,1.319,1.319,1.319,1.319,1.319,1.319,4117.6,4117.6,4117.6,4117.6,4117.6,4117.6,4117.6,4117.6,4117.6,99.8,556.7,2301.6,578.1,921.4,752.7,596.0,448.4,448.7,375.1,169.5,149.2,421.7,260.0,281.3,238.3,483.5,481.1,556.7,11.9,31.2,14.0,22.4,18.0,14.5,10.8,11.0,9.1,3.5,3.8,10.4,6.4,6.8,5.9,11.8,11.6,31.2,11.9,13.2,35.0,15.6,25.0,20.0,16.0,11.9,12.1,9.9,4.5,3.9,11.3,6.8,7.2,6.3,12.9,12.7,13.2,41.2,41.2,41.2,41.2,41.2,41.2,41.2,41.2,41.2,0.0,45.5,56.4,53.5,48.7,46.5,35.7,41.6,39.4,42.2,54.5,43.6,46.5,51.3,53.5,64.3,58.4,60.6,57.8,0.0,0.0,0.0,0.0,0.0,0.0,0.0,0.0,0.0,1197.8,12.00,16,16,16,39,55,661,1,65.6,58.6,60.2,56.2,57.6,57.1,56.7,55.9,55.2,55.6,55.2,56.1,54.3,54.4,54.2,49.5,45.5,1.344,1.031,1.350,6.877,10.407,6.875,40.056,28.619,2.207,3.025,2.823,2.284,2.084,1.564,1.910,1.754,2.213,9.097,10.694,19.791,28.708,1197.8,1197.8,4064.7,4080.8,4048.7,4400.0,32.6,11.5,44.5,61.7,51.3,No,No,No,0.708,0.135,3.6,43,95.0,100.0,No,No,90859,98745,31,99.0,No,No,3320,0.0,0.4,0.4,0.000,0.085,12391,10262,0.0,0.0,0.0,0.000,0.000,50,0,35.5,48.0,83.0,0.669,12.127,12.167,12.146,12.069,1130,21.864,8.181,10.374,1.728,19.761,13.988,5.763,0.336,10.374,11.459,1.627,6.404,220.000,240.000,300.0,202.5,825.0,343.0,900.0,21.0,20.0,34.0,2.0,23.5,10.1,6.8,1.9,31.8,0.0,33,Yes,No,No,No,No,Yes,No,9.9,12.8,6,0,0,0,0,0,0,0,0,168,0,0,0,0,0,0,0,0,0,0,0,0,0,0,0,0,0,0,0,0,6267,1925,1759,91,5.0,239.8,258.8,224.3,220.4,222.0,220.0,0.0,0.0,0.0,0.0,0.0,0.0,4.17,4.50,3.80,3.75,4.55,4.61,0.64,0.06,4.10,0.08,0.00,0,0,0.0,0.0,65,123,44.7,118.8,0,
4.7.2026,1:10:17.241,15991,30002,34.7,11193,21489,34.2,0.0,13312,0,1.306,1.325,1.300,1.300,1.300,1.300,1.300,1.300,1.325,4117.6,4117.6,4117.6,4117.6,4117.6,4117.6,4117.6,4117.6,4117.6,99.8,566.4,2304.8,729.9,924.6,826.5,463.8,587.1,366.3,431.9,139.1,166.2,381.6,273.1,220.7,224.9,464.2,557.6,566.4,11.4,26.1,17.2,21.9,19.3,10.6,13.7,8.3,9.9,3.7,3.6,8.9,6.1,4.6,5.0,10.8,13.0,26.1,11.4,13.1,29.9,19.7,25.1,22.0,12.4,15.7,9.8,11.5,3.6,4.4,10.2,7.2,5.5,5.9,12.3,14.9,13.1,41.2,41.2,41.2,41.2,41.2,41.2,41.2,41.2,41.2,0.0,45.9,56.4,55.3,49.9,47.0,35.4,41.5,38.9,43.1,54.1,43.6,44.7,50.1,53.0,64.6,58.5,61.1,56.9,0.0,0.0,0.0,0.0,0.0,0.0,0.0,0.0,0.0,1197.8,12.00,16,16,16,39,55,661,1,63.1,58.7,62.2,56.1,57.4,57.2,56.6,55.8,55.2,55.7,54.9,56.2,54.2,54.3,54.1,48.8,45.3,1.344,1.025,1.356,6.994,10.155,6.997,40.584,28.589,2.220,2.944,2.946,2.305,2.056,1.587,1.924,1.694,2.303,9.269,10.435,19.703,28.630,1197.8,1197.8,4076.3,4089.1,4063.4,4400.0,32.5,11.7,45.1,61.8,52.0,No,No,No,0.711,0.134,3.7,43,95.0,100.0,No,No,90859,98745,31,99.0,No,No,3320,0.0,0.3,0.3,0.000,0.046,12391,10263,0.0,0.0,0.0,0.000,0.000,50,0,35.4,47.5,83.0,0.669,12.128,12.165,12.147,12.071,1130,20.018,7.536,10.033,1.667,17.989,12.409,5.574,0.336,10.033,9.962,1.336,6.024,220.000,240.000,405.0,101.2,555.0,400.7,600.0,32.0,33.0,55.0,3.0,23.5,16.4,12.5,3.2,49.7,0.0,33,Yes,No,No,No,No,Yes,No,9.1,11.8,6,0,0,0,0,0,0,0,0,169,0,0,0,0,0,0,0,0,0,0,0,0,0,0,0,0,0,0,0,0,6267,1925,1759,90,2.5,239.8,257.2,224.4,216.6,219.9,215.5,1.0,1.8,0.7,0.7,0.7,0.7,4.17,4.55,3.80,2.71,4.97,5.59,0.99,0.01,4.08,0.09,4.54,0,0,0.0,0.0,65,123,5.3,78.2,0,
4.7.2026,1:10:19.241,15995,29999,34.7,11197,21485,34.2,0.0,13312,0,1.329,1.319,1.325,1.331,1.331,1.331,1.331,1.331,1.331,4117.6,4117.6,4117.6,4117.6,4117.6,4117.6,4117.6,4117.6,4117.6,99.8,717.7,2482.1,980.7,1095.3,929.6,649.7,780.4,416.8,570.9,318.7,223.5,472.4,385.0,329.6,367.0,694.5,787.2,717.7,15.5,30.2,23.7,26.5,22.2,15.6,18.8,10.1,13.8,7.9,5.6,11.6,9.3,7.8,9.0,16.8,19.0,30.2,15.5,17.3,34.1,26.7,29.8,24.9,17.5,21.1,11.2,15.3,8.6,6.0,12.7,10.3,8.6,9.9,18.7,21.3,17.3,41.2,41.2,41.2,41.2,41.2,41.2,41.2,41.2,41.2,0.0,50.3,60.6,58.9,54.6,49.7,40.1,45.1,42.9,50.2,49.7,39.4,41.1,45.4,50.3,59.9,54.9,57.1,49.8,0.0,0.0,0.0,0.0,0.0,0.0,0.0,0.0,0.0,1197.8,12.00,16,16,16,39,55,661,1,70.4,62.3,60.0,57.7,59.5,58.8,58.8,57.0,56.3,56.9,56.2,58.2,54.7,54.8,54.6,49.5,45.4,1.350,1.025,1.350,8.602,9.653,8.603,44.757,30.301,2.663,3.587,3.363,2.910,2.323,1.911,2.199,2.037,2.970,11.535,9.930,21.465,30.401,1197.8,1197.8,4091.2,4101.7,4080.6,4394.8,34.5,14.3,49.7,65.6,53.9,No,No,No,0.845,0.135,4.0,43,95.0,100.0,No,No,90859,98745,31,99.0,No,No,3320,0.0,0.2,0.2,0.000,0.008,12391,10263,0.0,0.0,0.0,0.000,0.000,50,0,35.4,48.0,83.0,0.669,12.127,12.166,12.146,12.069,1128,21.091,7.937,10.370,1.594,19.361,13.590,5.761,0.336,10.370,10.932,1.320,5.737,220.000,240.000,465.0,202.5,555.0,461.5,600.0,19.0,16.0,49.0,2.0,23.5,15.6,10.5,3.0,48.9,0.0,33,Yes,No,No,No,No,Yes,No,9.7,12.5,6,0,0,0,0,0,0,0,0,170,0,0,0,0,0,0,0,0,0,0,0,0,0,0,0,0,0,0,0,0,6267,1925,1759,90,5.0,239.7,258.9,224.7,202.5,214.1,198.0,0.6,0.6,0.6,0.6,0.6,0.6,4.17,4.49,3.74,1.02,5.92,8.76,1.23,0.01,4.07,0.10,6.97,0,0,0.0,0.0,65,123,2.0,90.7,0,
4.7.2026,1:10:21.243,16000,29994,34.7,11180,21502,34.2,0.0,13312,0,1.090,1.325,1.056,1.056,1.056,1.056,1.056,1.056,1.056,4117.6,4117.6,4117.6,4117.6,4117.6,4117.6,4117.6,4117.6,4117.6,99.8,573.5,2274.9,788.4,931.9,772.7,419.4,634.7,345.5,434.8,153.0,130.1,354.8,277.3,235.5,222.4,541.7,658.0,573.5,11.8,24.7,19.0,22.3,18.3,9.9,15.2,8.2,10.3,3.6,3.1,8.5,6.5,5.3,5.3,13.0,15.7,24.7,11.8,13.3,27.9,21.4,25.3,20.5,11.2,17.1,9.2,11.5,4.0,3.4,9.4,7.3,5.9,5.9,14.5,17.7,13.3,41.2,41.2,41.2,41.2,41.2,41.2,41.2,41.2,41.2,0.0,46.0,55.8,55.1,49.5,47.0,35.4,41.3,39.0,45.2,54.0,44.2,44.9,50.5,53.0,64.6,58.7,61.0,54.8,0.0,0.0,0.0,0.0,0.0,0.0,0.0,0.0,0.0,1197.8,12.00,16,16,16,39,55,661,1,67.2,58.8,61.5,56.2,57.5,57.2,56.6,55.8,55.1,55.8,55.1,56.6,54.3,54.4,54.2,49.2,45.7,1.350,1.031,1.356,6.981,10.230,6.982,40.601,28.658,2.230,2.934,2.883,2.311,2.041,1.547,1.907,1.740,2.476,9.252,10.510,19.763,28.683,1197.8,1197.8,4072.3,4085.6,4059.0,4400.0,32.6,11.6,45.1,61.9,51.6,No,No,No,0.705,0.135,3.7,43,95.0,100.0,No,No,90859,98745,31,99.0,No,No,3320,0.0,0.6,0.6,0.000,0.147,12391,10263,0.0,0.0,0.0,0.000,0.000,50,0,35.3,47.7,83.0,0.669,12.130,12.170,12.149,12.072,1132,20.531,7.906,10.192,1.594,19.304,13.629,5.662,0.336,10.192,11.056,1.391,5.708,220.000,240.000,435.0,202.5,555.0,405.9,600.0,19.0,16.0,49.0,2.0,23.7,15.8,10.3,3.3,49.6,0.0,33,Yes,No,No,No,No,Yes,No,9.7,12.5,6,0,0,0,0,0,0,0,0,172,0,0,0,0,0,0,0,0,0,0,0,0,0,0,0,0,0,0,0,0,6254,1938,1772,90,5.0,239.8,255.2,222.9,212.0,217.8,209.6,0.6,0.6,0.6,0.6,0.6,0.6,4.17,4.52,3.88,3.67,4.65,4.85,0.73,0.01,4.09,0.08,6.59,0,0,0.0,0.0,65,123,2.7,91.5,0,
4.7.2026,1:10:23.251,16001,29993,34.7,11188,21494,34.2,0.0,13312,0,1.273,1.331,1.056,1.300,1.300,1.300,1.300,1.300,1.300,4117.6,4117.6,4117.6,4117.6,4117.6,4117.6,4117.6,4117.6,4117.6,99.8,628.0,2373.8,792.4,929.1,901.7,463.6,632.3,355.3,492.3,184.0,204.7,412.9,367.8,255.8,240.6,615.3,827.0,628.0,13.2,27.0,19.0,22.3,21.5,11.0,15.1,8.5,11.8,4.5,5.0,10.0,8.8,5.9,5.8,14.8,19.9,27.0,13.2,14.8,30.5,21.5,25.2,24.2,12.3,17.0,9.4,13.1,4.8,5.5,11.0,9.8,6.5,6.3,16.5,22.4,14.8,41.2,41.2,41.2,41.2,41.2,41.2,41.2,41.2,41.2,0.0,48.2,58.0,57.4,50.9,48.2,38.1,43.9,40.3,48.8,51.8,42.0,42.6,49.1,51.8,61.9,56.1,59.7,51.2,0.0,0.0,0.0,0.0,0.0,0.0,0.0,0.0,0.0,1197.8,12.00,16,16,16,39,55,661,1,74.4,60.0,60.0,56.7,58.2,57.9,57.1,56.1,55.5,56.3,55.3,57.3,54.4,54.5,54.4,48.5,45.5,1.344,1.031,1.350,7.604,10.086,7.604,42.843,29.374,2.392,3.184,3.130,2.400,2.132,1.689,2.083,1.800,2.720,10.143,10.369,20.512,29.440,1197.8,1197.8,4088.5,4101.0,4075.9,4398.6,33.5,12.7,47.6,63.1,52.8,No,No,No,0.795,0.136,3.9,43,95.0,100.0,No,No,90859,98745,31,99.0,No,No,3320,0.0,0.3,0.3,0.000,0.040,12391,10263,0.0,0.0,0.0,0.000,0.000,50,0,35.2,47.3,83.0,0.669,12.126,12.164,12.145,12.070,1129,20.677,7.381,9.594,1.545,17.720,12.384,5.330,0.336,9.594,10.023,1.386,5.897,220.000,240.000,270.0,101.2,555.0,345.8,600.0,34.0,32.0,54.0,3.0,23.7,15.1,9.2,2.9,48.4,0.0,33,Yes,No,No,No,No,Yes,No,8.9,11.6,6,0,0,0,0,0,0,0,0,173,0,0,0,0,0,0,0,0,0,0,0,0,0,0,0,0,0,0,0,0,6254,1938,1772,90,2.5,239.8,257.4,225.3,220.3,223.1,219.2,0.0,0.0,0.0,0.0,0.0,0.0,4.17,4.48,3.83,3.60,4.63,4.77,0.95,0.01,4.09,0.08,0.00,0,0,0.0,0.0,65,123,2.3,91.2,0,
4.7.2026,1:10:25.250,16006,29988,34.7,11188,21494,34.2,0.0,13312,0,1.337,1.331,1.337,1.337,1.337,1.337,1.337,1.337,1.337,4117.6,4117.6,4117.6,4117.6,4117.6,4117.6,4117.6,4117.6,4117.6,99.8,589.7,2335.8,852.0,1030.6,752.8,477.8,635.8,372.4,441.4,150.9,149.3,344.5,293.5,263.2,239.9,553.4,541.9,589.7,12.4,25.6,20.8,24.5,18.1,11.6,15.5,9.2,10.7,3.9,3.9,8.6,7.2,6.3,5.9,13.5,13.2,25.6,12.4,13.6,28.7,23.2,27.4,20.1,12.7,17.1,10.0,11.7,3.9,4.0,9.1,7.7,6.7,6.3,14.8,14.4,13.6,41.2,41.2,41.2,41.2,41.2,41.2,41.2,41.2,41.2,0.0,46.3,57.2,55.3,50.1,47.3,35.8,41.2,39.5,44.1,53.7,42.8,44.7,49.9,52.7,64.2,58.8,60.5,55.9,0.0,0.0,0.0,0.0,0.0,0.0,0.0,0.0,0.0,1197.8,12.00,16,16,16,39,55,661,1,71.2,58.7,60.8,56.2,57.7,57.0,56.9,55.8,55.1,55.6,55.2,56.4,54.3,54.4,54.1,47.2,45.4,1.344,1.025,1.350,7.091,9.806,7.085,40.980,28.330,2.245,3.058,2.843,2.387,2.066,1.566,1.893,1.774,2.377,9.401,10.083,19.484,28.398,1197.8,1197.8,4078.9,4092.0,4065.8,4400.0,32.3,11.8,45.5,61.8,52.1,No,No,No,0.735,0.134,3.7,43,95.0,100.0,No,No,90859,98745,31,99.0,No,No,3320,0.0,0.6,0.6,0.000,0.068,12391,10263,0.0,0.0,0.0,0.000,0.000,50,0,35.0,47.3,83.0,0.669,12.128,12.166,12.147,12.072,1132,19.824,7.378,9.769,1.533,17.675,12.229,5.427,0.336,9.769,9.776,1.366,5.902,220.000,240.000,330.0,101.2,555.0,328.3,600.0,33.0,32.0,55.0,3.0,23.9,17.5,14.3,3.4,52.1,0.0,33,Yes,No,No,No,No,Yes,No,8.9,11.7,6,0,0,0,0,0,0,0,0,173,0,0,0,0,0,0,0,0,0,0,0,0,0,0,0,0,0,0,0,0,6235,1957,1791,90,2.5,239.7,256.0,226.2,212.1,215.8,209.7,0.6,0.6,0.6,0.6,0.6,0.6,4.17,4.58,3.83,1.52,6.07,7.36,1.14,0.04,4.07,0.10,9.27,0,0,0.0,0.0,65,124,1.8,90.1,0,
4.7.2026,1:10:27.255,16021,29973,34.8,11183,21498,34.2,0.0,13312,0,1.325,1.325,1.325,1.325,1.325,1.325,1.325,1.325,1.325,4117.6,4117.6,4117.6,4117.6,4117.6,4117.6,4117.6,4117.6,4117.6,99.8,679.3,2550.0,938.2,946.2,951.3,577.2,741.4,460.2,549.8,231.7,209.6,461.2,374.8,377.4,321.1,577.9,601.7,679.3,13.6,29.0,21.8,22.5,21.8,13.0,17.1,10.2,12.4,4.9,4.4,10.4,8.3,8.1,7.0,13.2,13.6,29.0,13.6,16.0,33.5,25.3,26.0,25.2,15.3,19.9,12.2,14.7,6.1,5.5,12.3,9.9,9.7,8.5,15.3,15.9,16.0,41.2,41.2,41.2,41.2,41.2,41.2,41.2,41.2,41.2,0.0,51.8,62.1,59.1,56.0,53.3,41.3,47.5,46.5,48.9,48.2,37.9,40.9,44.0,46.7,58.7,52.5,53.5,51.1,0.0,0.0,0.0,0.0,0.0,0.0,0.0,0.0,0.0,1197.8,12.00,16,16,16,39,55,661,1,68.1,59.1,61.0,56.6,58.1,57.7,57.4,56.3,55.6,56.1,55.5,56.6,54.4,54.5,54.3,49.2,45.6,1.350,1.025,1.350,7.887,9.794,7.884,46.227,29.401,2.487,3.349,3.183,2.657,2.328,1.763,2.150,1.980,2.482,10.513,10.071,20.584,29.517,1197.8,1197.8,4096.6,4107.2,4086.1,4400.0,33.5,13.1,51.4,62.2,52.7,No,No,No,0.826,0.133,4.1,43,95.0,100.0,No,No,90859,98745,31,99.0,No,No,3320,0.0,0.4,0.4,0.000,0.084,12391,10263,0.0,0.0,0.0,0.000,0.000,50,0,37.2,51.1,83.0,0.919,12.115,12.152,12.137,12.056,1130,39.585,17.278,27.520,6.562,37.696,22.389,15.288,0.336,27.520,17.082,3.548,14.840,220.000,240.000,1725.0,1750.2,1515.0,1579.8,1635.0,9.0,2.0,18.0,1.0,23.8,10.8,9.0,2.1,32.0,0.0,33,Yes,No,No,No,No,Yes,No,20.3,24.5,6,0,0,0,0,0,0,0,0,175,0,0,0,0,0,0,0,0,0,0,0,0,0,0,0,0,0,0,0,0,6242,1950,1784,90,8.0,181.8,256.9,18.4,15.9,15.9,15.9,1.3,1.3,1.3,1.3,1.3,1.3,5.50,50.05,3.85,3.62,70.42,78.09,1.42,0.07,5.20,0.30,8.51,0,0,0.0,0.0,65,124,4.8,78.4,0,
4.7.2026,1:10:29.254,16032,29962,34.8,11190,21492,34.2,0.0,13312,0,1.318,1.312,1.319,1.319,1.319,1.319,1.319,1.319,1.319,4052.1,3593.5,4117.6,4117.6,4117.6,4117.6,4117.6,4117.6,4117.6,99.8,893.0,2933.6,1243.8,1361.0,1149.8,782.7,965.0,569.2,908.2,304.4,375.3,538.8,616.3,415.5,472.8,718.5,932.7,893.0,19.4,36.2,30.0,32.7,27.5,18.7,23.4,13.7,22.0,7.6,9.3,13.1,15.1,9.8,11.6,17.3,22.5,36.2,19.4,21.6,40.8,33.7,36.8,30.9,20.9,26.1,15.1,24.6,8.0,10.0,14.3,16.6,10.6,12.6,19.1,25.1,21.6,40.6,36.0,41.2,41.2,41.2,41.2,41.2,41.2,41.2,0.0,61.0,71.4,69.2,64.7,62.8,50.8,56.9,53.8,58.1,39.0,28.6,30.8,35.3,37.2,49.2,43.1,46.2,41.9,0.0,0.0,0.0,0.0,0.0,0.0,0.0,0.0,0.0,1197.8,12.00,16,16,16,39,55,661,1,65.4,61.3,61.2,58.2,60.1,59.6,58.8,58.1,56.7,57.6,56.6,58.1,55.2,55.4,55.0,48.5,45.6,1.344,1.031,1.344,9.606,10.861,9.607,54.290,32.980,2.937,4.008,3.814,3.066,2.837,2.060,2.544,2.253,2.917,12.843,11.169,24.012,32.986,1197.8,1197.8,4096.4,4103.8,4089.1,4399.2,37.5,16.0,60.3,64.5,54.4,No,No,No,0.998,0.151,4.9,43,95.0,100.0,No,No,90859,98745,31,99.0,No,No,3320,0.0,0.6,0.6,0.000,0.046,12391,10263,0.0,0.0,0.0,0.000,0.000,50,0,37.5,51.5,83.0,0.919,12.116,12.152,12.137,12.058,1130,44.431,17.140,27.090,6.489,37.565,22.499,15.050,0.336,27.090,17.305,3.388,14.583,220.000,240.000,1725.0,1750.2,1515.0,1724.7,1635.0,6.0,2.0,18.0,1.0,23.8,5.3,3.1,1.1,17.0,0.0,33,Yes,No,No,No,No,Yes,No,20.1,24.6,6,0,0,0,0,0,0,0,0,175,0,0,0,0,0,0,0,0,0,0,0,0,0,0,0,0,0,0,0,0,6242,1950,1784,90,8.0,74.4,252.9,5.9,5.3,5.2,5.2,13.3,159.6,5.2,5.1,5.1,5.1,13.45,170.13,3.92,3.89,192.14,192.14,0.18,0.48,13.36,0.09,40.03,0,0,0.0,0.0,65,124,1.8,86.8,0,
4.7.2026,1:10:31.259,16010,29983,34.8,11183,21499,34.2,0.0,13312,0,1.324,1.319,1.325,1.325,1.325,1.325,1.325,1.325,1.325,4117.6,4117.6,4117.6,4117.6,4117.6,4117.6,4117.6,4117.6,4117.6,99.8,737.6,2601.8,1151.7,1061.2,1028.4,592.5,822.0,462.4,687.2,244.1,253.3,474.3,470.6,318.0,352.4,654.5,626.3,737.6,15.6,28.5,27.7,25.4,24.6,14.0,19.8,11.0,16.6,6.0,6.3,11.5,11.5,7.4,8.6,15.7,14.9,28.5,15.6,17.4,32.2,31.2,28.6,27.6,15.7,22.1,12.2,18.5,6.4,6.7,12.6,12.6,8.0,9.4,17.5,16.6,17.4,41.2,41.2,41.2,41.2,41.2,41.2,41.2,41.2,41.2,0.0,53.7,63.4,61.6,57.4,55.8,43.8,50.2,47.0,50.8,46.3,36.6,38.4,42.6,44.2,56.2,49.8,53.0,49.2,0.0,0.0,0.0,0.0,0.0,0.0,0.0,0.0,0.0,1197.8,12.00,16,16,16,39,55,661,1,62.9,59.8,60.8,57.2,58.8,58.2,57.9,56.9,55.9,56.7,55.9,57.1,54.7,54.8,54.6,49.8,45.9,1.356,1.019,1.350,8.363,10.743,8.361,47.800,31.023,2.592,3.505,3.312,2.733,2.479,1.851,2.280,2.005,2.567,11.144,11.038,22.182,31.127,1197.8,1197.8,4091.8,4101.2,4082.4,4400.0,35.4,13.9,53.1,62.9,53.5,No,No,No,0.835,0.142,4.3,43,95.0,100.0,No,No,90859,98745,31,99.0,No,No,3320,0.0,0.1,0.1,0.000,0.010,12391,10263,0.0,0.0,0.0,0.000,0.000,50,0,35.9,48.7,83.0,0.669,12.123,12.162,12.142,12.065,1130,29.387,8.873,12.042,2.299,20.921,14.212,6.690,0.336,12.042,11.517,1.670,7.004,220.000,240.000,945.0,202.5,825.0,1089.4,900.0,33.0,21.0,34.0,2.0,23.9,8.0,6.3,1.5,24.3,0.0,33,Yes,No,No,No,No,Yes,No,10.6,12.8,6,0,0,0,0,0,0,0,0,178,0,0,0,0,0,0,0,0,0,0,0,0,0,0,0,0,0,0,0,0,6235,1957,1791,90,5.0,119.9,0.0,8.1,4.4,5.3,4.1,9.2,120.4,3.5,3.5,3.5,3.5,8.35,123.84,0.07,0.06,188.02,242.20,0.26,0.45,8.26,0.09,26.87,0,0,0.0,0.0,65,124,1.6,90.0,0,
4.7.2026,1:10:33.299,16488,29506,35.8,11384,21297,34.8,0.0,13312,0,1.312,1.312,1.312,1.312,1.312,1.312,1.312,1.312,1.312,4042.7,4042.7,4042.7,4042.7,4042.7,4042.7,4042.7,4042.7,4042.7,99.8,1748.7,3561.1,1927.6,2742.2,1948.2,1699.7,1745.7,1419.9,1737.5,1110.1,1239.3,1430.1,1524.5,1315.2,1364.4,1416.7,1797.3,1748.7,40.7,62.6,46.8,66.4,46.8,41.2,42.2,34.4,42.3,26.7,29.8,34.4,36.8,31.2,32.9,33.6,43.3,66.4,40.7,46.2,70.8,52.8,75.7,53.3,46.4,47.6,38.8,47.7,30.3,33.9,39.1,41.8,35.6,37.4,38.2,49.2,46.2,40.5,40.5,40.5,40.5,40.5,40.5,40.5,40.5,40.5,0.0,77.5,87.2,89.8,78.9,76.9,68.5,73.7,71.4,73.3,22.5,12.8,10.2,21.1,23.1,31.5,26.3,28.6,26.7,0.0,0.0,0.0,0.0,0.0,0.0,0.0,0.0,0.0,1197.8,12.00,16,16,16,39,55,661,1,72.9,67.4,76.8,63.1,64.8,66.0,63.4,62.9,61.1,62.4,61.1,62.6,56.7,56.9,56.6,49.8,46.6,1.337,1.031,1.344,16.390,11.007,16.361,69.532,42.137,4.674,5.711,6.288,4.709,4.462,3.672,4.266,3.873,4.412,22.012,11.348,33.359,42.406,1197.8,1197.8,4104.4,4109.3,4099.6,4331.9,48.2,27.3,77.3,71.0,58.7,No,No,No,1.857,0.196,6.2,43,95.0,100.0,No,No,90859,98745,31,99.0,No,No,3320,61.7,0.2,61.8,49.607,0.193,12486,10264,0.0,0.0,0.0,0.000,0.000,50,0,35.8,48.4,83.0,0.681,12.115,12.150,12.136,12.060,1129,23.560,8.917,12.042,2.418,21.044,14.351,6.690,0.336,12.042,11.774,1.507,6.966,220.000,240.000,1080.0,202.5,945.0,968.1,1020.0,43.0,28.0,33.0,2.0,23.5,10.9,9.6,2.0,31.9,0.0,33,Yes,No,No,No,No,Yes,No,10.8,13.6,6,0,0,0,0,0,0,0,0,178,0,0,0,0,0,0,0,0,0,0,0,0,0,0,0,0,0,0,0,0,6271,1921,1755,91,5.0,60.8,523.2,2.9,1.7,1.6,1.6,61.0,243.2,2.9,1.7,1.6,1.6,16.44,347.75,1.53,1.52,623.54,623.54,0.54,15.84,16.08,0.35,24.83,0,0,0.0,0.0,65,124,1.5,91.2,0,
4.7.2026,1:10:35.258,16666,29328,36.2,11694,20988,35.7,0.0,13312,0,1.305,1.306,1.300,1.300,1.300,1.300,1.306,1.331,1.300,4045.8,4042.7,4042.7,4042.7,4042.7,4042.7,4067.7,4042.7,4042.7,99.8,3011.7,4025.4,3113.0,3498.9,3176.5,3107.5,3043.3,2927.5,3035.5,2593.2,2691.7,2788.9,2900.3,2673.3,2681.7,2819.9,3110.2,3011.7,73.0,88.2,76.3,85.9,78.1,75.9,74.5,71.4,74.3,63.2,65.8,67.9,70.9,65.2,65.3,69.0,76.2,88.2,73.0,82.3,99.4,86.0,96.8,88.0,85.5,84.0,80.5,83.7,71.1,74.1,76.5,79.8,73.4,73.6,77.7,85.8,82.2,40.5,40.5,40.5,40.5,40.5,40.5,40.8,40.5,40.5,0.0,96.0,98.9,98.6,96.9,96.4,93.2,94.7,93.6,96.0,4.0,1.1,1.4,3.1,3.6,6.8,5.3,6.4,4.0,0.0,0.0,0.0,0.0,0.0,0.0,0.0,0.0,0.0,1197.8,12.00,16,16,16,39,55,661,1,73.6,74.1,76.0,70.3,70.9,71.9,70.9,70.3,68.8,70.0,68.1,71.3,60.3,60.4,60.2,52.0,47.8,1.325,1.025,1.337,24.105,11.470,24.099,86.443,53.109,6.637,7.057,7.429,6.786,6.630,6.005,6.392,5.894,6.902,32.195,11.862,44.057,53.292,1197.8,1197.8,4069.0,4069.0,4069.0,4069.0,60.6,40.2,96.0,78.0,60.6,No,No,No,2.805,0.224,7.7,43,95.0,100.0,No,No,90859,98745,31,99.0,No,No,3320,20.4,0.1,20.5,68.070,0.451,12621,10265,0.0,0.0,0.0,0.000,0.000,50,0,36.4,49.7,83.0,0.669,12.110,12.146,12.131,12.054,1129,32.764,11.968,15.086,3.061,29.393,20.998,8.381,0.336,15.086,17.714,1.770,7.857,220.000,240.000,855.0,202.5,825.0,1184.3,900.0,24.0,3.0,26.0,2.0,23.5,8.3,6.0,1.6,25.7,0.0,33,Yes,No,No,No,No,Yes,No,14.9,13.2,6,0,0,0,0,0,0,0,0,180,0,0,0,0,0,0,0,0,0,0,0,0,0,0,0,0,0,0,0,0,6266,1926,1760,92,5.0,230.0,418.2,99.7,78.2,81.6,76.9,225.5,246.8,119.3,83.8,95.7,79.9,4.37,10.09,1.46,0.82,12.17,12.93,0.62,3.79,1.01,3.36,0.93,0,0,0.0,0.0,65,124,2.2,90.8,0,
4.7.2026,1:10:37.252,16782,29211,36.4,11936,20746,36.5,0.0,13312,0,1.332,1.337,1.331,1.331,1.331,1.331,1.331,1.331,1.331,4095.7,4117.6,4092.6,4092.6,4092.6,4092.6,4092.6,4092.6,4092.6,99.8,2218.3,3981.2,2927.6,3134.1,3228.4,2466.1,2257.7,2322.2,2045.9,1450.2,1322.7,2163.2,1643.0,1761.5,1497.0,1652.1,1640.0,2218.3,52.8,78.5,71.0,76.1,78.9,59.9,54.5,56.4,49.9,35.2,32.2,52.7,40.1,42.6,36.6,40.2,39.7,78.9,52.8,59.8,89.0,80.4,86.2,89.5,67.9,61.8,63.9,56.4,39.8,36.4,59.6,45.3,48.2,41.4,45.5,45.0,59.8,41.0,41.2,41.0,41.0,41.0,41.0,41.0,41.0,41.0,0.0,90.5,97.3,97.6,93.6,92.3,83.2,88.9,86.2,84.7,9.5,2.7,2.4,6.4,7.7,16.8,11.1,13.8,15.3,0.0,0.0,0.0,0.0,0.0,0.0,0.0,0.0,0.0,1197.8,12.00,16,16,16,39,55,661,1,73.5,73.0,67.8,67.9,70.9,71.3,69.4,68.3,65.6,66.9,65.3,65.7,60.6,60.9,60.2,49.5,47.2,1.350,1.025,1.356,19.652,11.399,19.678,81.424,47.504,5.467,7.006,7.326,5.861,5.543,4.118,5.012,4.455,4.414,26.359,11.766,38.125,47.353,1197.8,1197.8,4092.7,4092.9,4092.6,4092.9,53.8,32.8,90.5,76.8,59.8,No,No,No,2.222,0.207,7.2,43,95.0,100.0,No,No,90859,98745,31,99.0,No,No,3320,13.4,0.5,13.9,40.898,4.190,12697,10272,0.0,0.0,0.0,0.000,0.000,50,0,35.7,48.3,83.0,0.669,12.115,12.149,12.136,12.059,1130,22.816,8.553,11.601,1.992,20.315,13.856,6.445,0.336,11.601,11.051,1.433,6.899,220.000,240.000,750.0,202.5,825.0,794.4,900.0,37.0,22.0,34.0,2.0,23.5,11.2,10.6,2.0,32.2,0.0,33,Yes,No,No,No,No,Yes,No,10.3,14.1,6,0,0,0,0,0,0,0,0,180,0,0,0,0,0,0,0,0,0,0,0,0,0,0,0,0,0,0,0,0,6267,1925,1759,91,5.0,2.3,248.9,0.6,0.6,0.6,0.6,0.6,0.6,0.6,0.6,0.6,0.6,440.96,1632.26,4.02,4.02,1680.42,1680.42,3.44,0.00,440.84,0.11,75.63,0,0,0.0,0.0,65,125,6.6,95.9,0,
4.7.2026,1:10:39.252,16952,29042,36.8,12118,20564,37.0,0.0,13312,0,1.315,1.325,1.325,1.306,1.306,1.306,1.312,1.319,1.319,4058.3,4067.7,4067.7,4042.7,4042.7,4042.7,4067.7,4067.7,4067.7,99.8,2473.0,3980.1,2979.6,3242.2,3245.8,2695.2,2685.4,2528.2,2344.8,1856.0,1714.9,2333.1,2001.0,2042.6,1875.5,2017.4,2025.8,2473.0,58.7,77.9,72.7,79.2,79.3,65.0,65.1,61.0,56.6,44.8,41.4,56.2,48.0,48.8,45.1,48.7,48.7,79.3,58.7,66.5,88.3,82.4,89.7,89.8,73.7,73.8,69.2,64.1,50.7,46.9,63.6,54.5,55.3,51.1,55.2,55.2,66.5,40.7,40.8,40.8,40.5,40.5,40.5,40.8,40.8,40.8,0.0,90.1,97.4,97.3,93.9,91.6,83.2,87.5,85.5,84.5,9.9,2.6,2.7,6.1,8.4,16.8,12.5,14.5,15.5,0.0,0.0,0.0,0.0,0.0,0.0,0.0,0.0,0.0,1197.8,12.00,16,16,16,39,55,661,1,74.0,73.7,75.0,68.6,70.8,71.6,70.5,69.1,66.3,67.5,65.9,66.9,60.4,60.7,60.2,52.2,48.6,1.319,1.044,1.337,20.931,11.212,20.911,81.099,48.518,5.852,6.969,7.527,6.458,5.952,4.655,5.379,4.821,5.057,28.009,11.578,39.587,48.774,1197.8,1197.8,4088.5,4088.7,4088.2,4088.7,55.4,34.9,90.1,77.6,59.9,No,No,No,2.549,0.215,7.2,43,95.0,100.0,No,No,90859,98745,31,99.0,No,No,3320,12.3,0.2,12.4,18.213,1.496,12732,10275,0.0,0.0,0.0,0.000,0.000,50,0,35.7,48.2,83.0,0.669,12.116,12.151,12.137,12.060,1133,22.767,8.647,11.452,2.102,20.487,14.122,6.362,0.336,11.452,11.487,1.433,7.233,220.000,240.000,840.0,202.5,735.0,836.8,795.0,34.0,22.0,38.0,2.0,23.4,12.5,11.2,2.3,36.4,0.0,33,Yes,No,No,No,No,Yes,No,10.4,14.0,6,0,0,0,0,0,0,0,0,180,0,0,0,0,0,0,0,0,0,0,0,0,0,0,0,0,0,0,0,0,6272,1920,1754,92,5.0,72.9,407.3,10.2,8.4,8.3,8.3,14.9,120.5,5.0,4.9,4.9,4.9,13.72,98.06,2.43,0.64,120.77,120.77,0.82,0.47,13.57,0.15,7.74,0,0,0.0,0.0,65,125,4.9,98.1,0,
4.7.2026,1:10:41.245,17100,28894,37.1,12330,20351,37.7,0.0,13312,0,1.305,1.319,1.300,1.300,1.300,1.300,1.300,1.312,1.312,4048.9,4042.7,4042.7,4042.7,4067.7,4042.7,4067.7,4042.7,4042.7,99.8,3044.4,4015.1,3480.6,3685.2,3593.5,3184.4,3138.9,3066.0,2968.3,2660.7,2509.2,3012.3,2822.6,2628.0,2593.8,2619.4,2732.5,3044.4,74.1,86.7,85.5,90.5,88.5,78.1,77.1,75.3,72.9,65.3,62.0,74.2,69.4,64.4,63.8,64.3,67.2,90.5,74.1,83.2,97.6,96.3,102.0,99.7,87.9,86.7,84.7,81.9,73.3,69.5,83.4,77.9,72.2,71.5,72.1,75.4,83.2,40.6,40.5,40.5,40.5,40.8,40.5,40.8,40.5,40.5,0.0,94.8,98.7,99.3,96.7,95.4,91.0,94.1,91.6,91.4,5.2,1.3,0.7,3.3,4.6,9.0,5.9,8.4,8.6,0.0,0.0,0.0,0.0,0.0,0.0,0.0,0.0,0.0,1197.8,12.00,16,16,16,39,55,661,1,74.2,75.0,74.0,71.3,72.4,73.4,72.4,71.5,69.9,71.4,69.1,70.2,62.1,62.3,61.9,53.5,48.9,1.325,1.038,1.337,23.722,11.412,23.726,85.300,52.663,6.515,7.125,7.678,6.883,6.579,5.811,6.515,5.638,5.893,31.631,11.800,43.431,52.726,1197.8,1197.8,4068.5,4068.8,4068.3,4068.8,59.9,39.5,94.8,78.9,60.5,No,No,No,2.965,0.237,7.6,43,95.0,100.0,No,No,90859,98745,31,99.0,No,No,3320,16.5,2.2,18.7,21.872,9.467,12773,10293,0.0,0.0,0.0,0.000,0.000,50,0,35.7,48.0,83.0,0.669,12.116,12.151,12.136,12.060,1130,23.081,8.500,11.515,2.090,20.073,13.664,6.397,0.336,11.515,10.998,1.434,6.982,220.000,240.000,960.0,202.5,825.0,960.0,900.0,20.0,17.0,34.0,2.0,23.4,11.1,9.2,2.1,33.0,0.0,33,Yes,No,No,No,No,Yes,No,10.3,13.2,6,0,0,0,0,0,0,0,0,180,0,0,0,0,0,0,0,0,0,0,0,0,0,0,0,0,0,0,0,0,6272,1920,1754,92,5.0,71.5,0.0,8.7,5.4,5.1,5.1,19.6,173.7,4.4,4.0,4.0,4.0,13.99,114.27,0.15,0.15,194.17,194.17,0.73,0.31,13.84,0.15,16.69,0,0,0.0,0.0,65,125,2.5,97.5,0,
4.7.2026,1:10:43.241,17225,28769,37.4,12496,20186,38.2,0.0,13312,0,1.306,1.312,1.281,1.281,1.312,1.312,1.312,1.319,1.319,4039.6,4042.7,4017.8,4042.7,4042.7,4042.7,4042.7,4042.7,4042.7,99.8,3683.1,4042.5,3811.4,3801.9,3822.0,3758.8,3659.9,3748.7,3691.7,3534.2,3522.8,3671.0,3615.0,3576.9,3503.0,3598.6,3570.9,3683.1,90.7,95.7,94.2,94.0,94.5,92.8,90.4,92.7,91.3,87.4,86.9,90.7,89.4,88.3,86.4,88.8,88.2,95.7,90.7,101.9,107.5,105.8,105.5,106.2,104.3,101.5,104.1,102.5,98.1,97.5,101.9,100.3,99.1,97.1,99.7,99.1,101.9,40.5,40.5,40.2,40.5,40.5,40.5,40.5,40.5,40.5,0.0,99.4,99.8,99.9,99.7,99.7,98.8,99.4,98.8,98.9,0.6,0.2,0.1,0.3,0.3,1.2,0.6,1.2,1.1,0.0,0.0,0.0,0.0,0.0,0.0,0.0,0.0,0.0,1197.8,12.00,16,16,16,39,55,661,1,75.8,76.6,79.5,74.1,74.2,74.3,74.4,74.2,74.1,74.5,72.8,74.2,63.5,63.5,63.4,51.5,48.8,1.344,1.038,1.344,27.137,11.492,27.125,89.425,57.018,7.380,7.369,7.442,7.499,7.550,7.313,7.547,6.932,7.386,36.007,11.898,47.905,57.225,1197.8,1197.8,4048.9,4048.9,4048.9,4048.9,65.0,45.2,99.4,80.6,60.9,No,No,No,3.117,0.172,7.9,43,95.0,100.0,No,No,90859,98745,31,99.0,No,No,3320,9.5,0.3,9.9,18.886,2.034,12810,10297,0.0,0.0,0.0,0.000,0.000,50,0,35.5,48.0,83.0,0.669,12.117,12.154,12.138,12.061,1130,22.073,8.318,10.917,1.835,19.906,13.834,6.065,0.336,10.917,11.174,2.047,6.145,220.000,240.000,600.0,202.5,555.0,680.7,600.0,34.0,18.0,49.0,2.0,23.4,13.2,8.2,2.7,42.0,0.0,33,Yes,No,No,No,No,Yes,No,10.0,12.6,6,0,0,0,0,0,0,0,0,180,0,0,0,0,0,0,0,0,0,0,0,0,0,0,0,0,0,0,0,0,6272,1920,1754,92,5.0,198.7,260.2,33.4,17.3,19.9,15.9,23.9,120.2,6.0,5.5,5.4,5.4,5.03,29.97,3.81,3.69,50.16,62.76,0.77,0.19,4.86,0.17,0.81,0,0,0.0,0.0,65,125,279.6,74.5,0,
4.7.2026,1:10:45.248,17357,28637,37.7,12642,20040,38.6,0.0,13312,0,1.310,1.319,1.319,1.312,1.306,1.306,1.306,1.306,1.306,4055.2,4067.7,4067.7,4092.6,4042.7,4042.7,4042.7,4042.7,4042.7,99.8,2575.5,4030.4,3330.8,2892.3,3456.5,2655.5,2759.8,2440.1,2595.0,2075.5,1871.8,2265.2,2468.0,2206.2,2010.2,2088.0,2063.0,2575.5,61.9,75.0,82.1,71.3,85.3,65.5,67.6,60.3,63.7,51.2,46.0,55.3,61.1,54.2,49.5,51.2,50.5,85.3,61.9,69.4,84.1,92.2,79.9,95.8,73.3,75.8,67.4,71.6,57.5,51.7,62.1,68.6,60.9,55.6,57.6,56.7,69.5,40.6,40.8,40.8,41.0,40.5,40.5,40.5,40.5,40.5,0.0,93.7,99.3,99.5,96.0,94.5,89.0,92.6,90.6,88.2,6.3,0.7,0.5,4.0,5.5,11.0,7.4,9.4,11.8,0.0,0.0,0.0,0.0,0.0,0.0,0.0,0.0,0.0,1197.8,12.00,16,16,16,39,55,661,1,76.2,77.8,78.0,73.0,75.7,75.8,74.7,73.5,71.0,72.4,70.6,70.5,63.2,63.4,62.9,53.2,49.3,1.337,1.031,1.337,23.216,11.207,23.229,84.341,51.692,6.393,7.781,7.891,6.854,6.521,5.281,6.143,5.464,5.207,30.829,11.587,42.416,51.700,1197.8,1197.8,4057.5,4058.1,4056.9,4058.1,58.7,38.7,93.7,81.9,60.0,No,No,No,3.036,0.162,7.5,43,95.0,100.0,No,No,90859,98745,31,99.0,No,No,3320,5.4,0.3,5.7,17.896,1.774,12844,10300,0.0,0.0,0.0,0.000,0.000,50,0,35.5,47.9,83.0,0.669,12.117,12.151,12.137,12.061,1130,22.105,8.091,10.476,1.677,19.638,13.810,5.820,0.336,10.476,11.192,1.302,6.183,220.000,240.000,555.0,202.5,555.0,576.8,600.0,35.0,20.0,49.0,2.0,23.4,14.9,9.9,2.8,46.9,0.0,33,Yes,No,No,No,No,Yes,No,9.8,12.7,6,0,0,0,0,0,0,0,0,180,0,0,0,0,0,0,0,0,0,0,0,0,0,0,0,0,0,0,0,0,6272,1920,1754,93,5.0,110.2,5239.0,15.4,5.5,7.6,5.1,31.5,153.3,5.3,5.0,5.0,5.0,9.08,65.07,0.33,0.13,131.20,195.54,0.78,0.10,8.95,0.13,2.45,0,0,0.0,0.0,65,125,2.0,86.7,0,
4.7.2026,1:10:47.257,17662,28332,38.4,12938,19744,39.5,0.0,13312,0,1.324,1.312,1.319,1.306,1.306,1.337,1.337,1.337,1.337,4067.7,4067.7,4067.7,4067.7,4067.7,4067.7,4067.7,4067.7,4067.7,99.8,2308.7,4013.0,2972.5,2679.9,3252.4,2492.2,2570.6,2359.7,2191.2,1623.0,1555.4,2107.6,1930.3,1846.3,1715.5,1854.7,1775.8,2308.7,55.0,76.4,72.7,65.4,80.0,60.5,63.3,57.4,53.7,39.3,38.0,51.6,47.0,44.7,41.8,45.2,43.2,80.0,55.0,61.9,86.1,81.9,73.7,90.1,68.2,71.3,64.6,60.4,44.2,42.7,58.1,52.9,50.2,47.0,50.8,48.6,61.9,40.8,40.8,40.8,40.8,40.8,40.8,40.8,40.8,40.8,0.0,92.6,98.7,99.2,96.5,94.5,86.2,91.3,88.3,86.1,7.4,1.3,0.8,3.5,5.5,13.8,8.7,11.7,13.9,0.0,0.0,0.0,0.0,0.0,0.0,0.0,0.0,0.0,1197.8,12.00,16,16,16,39,55,661,1,76.4,77.3,77.5,71.7,74.7,75.5,74.6,72.8,68.7,70.2,68.7,68.7,62.6,62.9,62.3,52.2,49.1,1.331,1.031,1.344,22.039,11.122,22.039,83.333,49.991,6.161,7.635,8.135,7.113,6.391,4.626,5.536,5.014,4.839,29.372,11.494,40.866,50.100,1197.8,1197.8,4066.5,4067.7,4065.4,4067.7,56.9,36.7,92.6,81.3,59.4,No,No,No,2.675,0.171,7.4,44,95.0,100.0,No,No,90859,98745,31,99.0,No,No,3320,6.8,0.3,7.1,5.963,1.520,12855,10303,0.0,0.0,0.0,0.000,0.000,50,0,35.4,47.8,83.0,0.669,12.118,12.154,12.139,12.062,1132,21.670,8.182,10.658,1.775,19.823,13.896,5.921,0.336,10.658,11.285,1.304,6.167,220.000,240.000,495.0,202.5,555.0,570.0,600.0,33.0,18.0,49.0,2.0,23.4,14.5,8.4,2.8,46.9,0.0,33,Yes,No,No,No,No,Yes,No,10.0,12.7,6,0,0,0,0,0,0,0,0,180,0,0,0,0,0,0,0,0,0,0,0,0,0,0,0,0,0,0,0,0,6272,1920,1754,93,5.0,83.9,709.1,12.1,8.8,8.6,8.6,24.7,120.2,8.6,8.3,8.3,8.3,11.91,82.54,0.85,0.58,116.83,116.83,0.96,0.27,11.74,0.17,4.22,0,0,0.0,0.0,79,126,7094.1,209.4,0,
4.7.2026,1:10:49.257,17756,28237,38.6,13048,19633,39.9,0.0,13312,0,1.299,1.337,1.294,1.294,1.294,1.294,1.294,1.294,1.294,4045.8,4067.7,4042.7,4042.7,4042.7,4042.7,4042.7,4042.7,4042.7,99.8,1943.3,4040.7,3137.8,2705.6,2779.4,2315.8,1932.6,2141.3,1524.4,1027.6,1130.5,1644.8,1363.3,1299.4,1193.4,1277.5,1579.0,1943.3,44.4,55.8,76.9,66.0,68.5,56.3,46.7,51.7,37.0,24.4,27.2,39.6,32.6,30.8,28.7,30.5,38.1,76.9,44.4,50.1,63.0,86.8,74.5,77.2,63.5,52.7,58.3,41.8,27.5,30.7,44.6,36.7,34.7,32.3,34.3,42.9,50.1,40.5,40.8,40.5,40.5,40.5,40.5,40.5,40.5,40.5,0.0,87.7,99.2,99.0,95.1,89.9,77.2,83.5,79.6,78.2,12.3,0.8,1.0,4.9,10.1,22.8,16.5,20.4,21.8,0.0,0.0,0.0,0.0,0.0,0.0,0.0,0.0,0.0,1197.8,12.00,16,16,16,39,55,661,1,77.5,79.3,74.5,71.4,76.9,77.4,74.8,72.1,66.8,68.9,66.6,67.8,62.2,62.6,61.9,53.8,49.6,1.325,1.044,1.337,20.559,10.889,20.564,78.952,47.818,5.861,8.417,8.708,6.834,5.792,3.797,4.815,4.091,4.432,27.476,11.249,38.725,47.874,1197.8,1197.8,4072.7,4073.0,4072.3,4073.0,54.4,34.3,87.7,83.5,58.4,No,No,No,1.939,0.146,7.0,44,95.0,100.0,No,No,90859,98745,31,99.0,No,No,3320,2.9,0.1,3.0,1.902,0.601,12859,10304,0.0,0.0,0.0,0.000,0.000,50,0,35.4,47.9,83.0,0.669,12.122,12.160,12.141,12.064,1130,22.483,8.354,10.953,1.873,19.947,13.862,6.085,0.336,10.953,11.223,1.831,6.475,220.000,240.000,750.0,202.5,675.0,721.3,735.0,33.0,19.0,41.0,2.0,23.4,13.8,9.7,2.6,42.7,0.0,33,Yes,No,No,No,No,Yes,No,10.1,13.1,6,0,0,0,0,0,0,0,0,180,0,0,0,0,0,0,0,0,0,0,0,0,0,0,0,0,0,0,0,0,6272,1920,1754,93,5.0,67.0,0.0,6.5,5.9,5.8,5.8,13.1,119.4,5.0,4.9,4.9,4.9,14.93,153.08,0.10,0.09,171.08,171.08,0.86,0.07,14.82,0.11,0.76,0,0,0.0,0.0,80,126,328.1,88.3,0,
4.7.2026,1:10:51.243,17791,28202,38.6,13036,19645,39.8,0.0,13312,0,1.301,1.312,1.300,1.300,1.300,1.300,1.300,1.300,1.294,4042.7,4042.7,4042.7,4042.7,4042.7,4042.7,4042.7,4042.7,4042.7,99.8,1824.0,3993.9,3006.2,2003.1,2991.2,1733.6,2134.3,1825.7,1576.9,995.6,1101.9,1565.7,1349.1,1257.7,1190.7,1184.2,1274.0,1824.0,41.4,55.1,73.5,48.7,73.1,41.8,51.5,44.0,37.9,23.9,26.7,37.4,32.7,29.8,28.5,28.2,30.5,73.5,41.4,46.7,62.2,83.1,54.9,82.6,47.2,58.2,49.6,42.7,26.8,30.0,42.2,36.8,33.5,32.0,31.7,34.2,46.7,40.5,40.5,40.5,40.5,40.5,40.5,40.5,40.5,40.5,0.0,87.6,97.8,96.3,91.1,88.6,79.8,85.5,82.5,79.2,12.4,2.2,3.7,8.9,11.4,20.2,14.5,17.5,20.8,0.0,0.0,0.0,0.0,0.0,0.0,0.0,0.0,0.0,1197.8,12.00,16,16,16,39,55,661,1,76.5,75.8,72.2,69.3,74.0,73.6,71.3,69.5,66.5,67.5,66.0,66.0,61.9,62.3,61.6,53.2,49.8,1.350,1.031,1.344,18.128,10.995,18.129,78.831,44.686,5.199,7.331,7.466,5.637,5.053,3.723,4.530,3.970,3.880,24.251,11.346,35.597,44.754,1197.8,1197.8,4083.4,4084.3,4082.4,4084.3,50.9,30.2,87.6,79.8,58.1,No,No,No,2.124,0.171,7.0,44,95.0,100.0,No,No,90859,98745,31,99.0,No,No,3320,2.6,1.5,4.1,9.510,15.579,12877,10334,0.0,0.0,0.0,0.000,0.000,50,0,35.4,47.8,83.0,0.669,12.118,12.154,12.138,12.061,1132,22.272,8.374,10.863,1.933,20.137,14.100,6.035,0.336,10.863,11.554,1.326,6.596,220.000,240.000,690.0,202.5,600.0,699.1,660.0,37.0,21.0,46.0,2.0,23.8,13.5,10.2,2.6,41.4,0.0,33,Yes,No,No,No,No,Yes,No,10.0,12.7,6,0,0,0,0,0,0,0,0,180,0,0,0,0,0,0,0,0,0,0,0,0,0,0,0,0,0,0,0,0,6240,1952,1786,94,5.0,92.0,260.4,7.7,4.8,4.6,4.6,15.3,269.4,4.2,4.0,4.0,4.0,10.87,129.41,3.84,3.82,216.97,216.97,1.08,0.01,10.76,0.12,8.62,0,0,0.0,0.0,80,126,9.7,89.9,0,
4.7.2026,1:10:53.242,17788,28206,38.6,13036,19645,39.8,0.0,13312,0,1.363,1.369,1.363,1.363,1.363,1.363,1.363,1.363,1.363,3942.3,4167.5,4192.4,3354.0,3354.0,4117.6,4117.6,4117.6,4117.6,99.8,1482.8,3578.7,1775.9,2359.9,1902.3,1460.4,1659.6,1345.6,1341.0,774.1,858.6,1314.8,1067.9,993.1,935.1,1183.2,1174.4,1482.8,33.7,55.9,42.7,57.1,45.9,34.9,39.8,32.2,32.2,18.5,20.7,31.5,25.5,23.5,22.6,28.6,28.3,57.1,33.7,38.2,63.4,48.5,64.9,52.2,39.6,45.1,36.5,36.4,20.9,23.3,35.7,28.9,26.5,25.5,32.1,31.8,38.2,39.5,41.8,42.0,33.6,33.6,41.2,41.2,41.2,41.2,0.0,77.1,87.4,90.8,80.5,77.7,66.4,73.3,70.0,70.5,22.9,12.6,9.2,19.5,22.3,33.6,26.7,30.0,29.5,0.0,0.0,0.0,0.0,0.0,0.0,0.0,0.0,0.0,1197.8,12.00,16,16,16,39,55,661,1,74.4,72.0,64.2,66.9,69.8,70.4,68.3,66.9,64.5,65.7,64.3,65.3,61.2,61.5,60.9,52.8,49.0,1.356,1.038,1.369,15.394,10.784,15.417,69.219,41.033,4.508,5.934,6.530,4.794,4.322,3.225,3.982,3.466,3.814,20.717,11.119,31.836,40.982,1197.8,1197.8,4097.1,4104.0,4090.2,4110.8,46.6,25.7,76.9,75.8,57.2,No,No,No,1.653,0.152,6.2,44,95.0,100.0,No,No,90859,98745,31,99.0,No,No,3320,0.4,0.3,0.7,0.292,0.270,12878,10335,0.0,0.0,0.0,0.000,0.000,50,0,35.2,47.5,83.0,0.669,12.124,12.161,12.143,12.068,1130,21.384,7.807,10.474,1.739,18.628,12.804,5.819,0.336,10.474,10.242,1.289,6.264,220.000,240.000,420.0,101.2,555.0,540.9,600.0,19.0,15.0,49.0,3.0,23.8,13.9,7.8,2.7,45.3,0.0,33,Yes,No,No,No,No,Yes,No,9.4,11.6,6,0,0,0,0,0,0,0,0,181,0,0,0,0,0,0,0,0,0,0,0,0,0,0,0,0,0,0,0,0,6242,1950,1784,89,2.5,195.0,263.9,40.6,13.2,17.8,11.9,12.8,80.7,2.3,2.1,2.1,2.1,5.13,24.64,3.71,3.39,56.31,83.89,0.74,0.04,5.02,0.11,1.02,0,0,0.0,0.0,80,126,6.2,89.0,0,
4.7.2026,1:10:55.253,17864,28129,38.8,13047,19635,39.9,0.0,13312,0,1.346,1.337,1.344,1.344,1.344,1.350,1.350,1.350,1.350,4117.6,4117.6,4117.6,4117.6,4117.6,4117.6,4117.6,4117.6,4117.6,99.8,660.6,2711.1,877.0,926.5,889.2,505.3,776.2,415.2,621.9,192.1,200.4,375.1,380.8,248.3,238.7,623.7,588.5,660.6,13.9,35.4,20.9,22.0,20.9,12.1,18.7,9.9,15.0,4.5,4.8,8.8,9.1,5.6,5.6,14.9,14.0,35.4,13.9,15.6,40.4,23.7,25.0,23.7,13.5,20.8,11.0,16.6,5.1,5.4,9.9,10.1,6.2,6.3,16.8,15.7,15.6,41.2,41.2,41.2,41.2,41.2,41.2,41.2,41.2,41.2,0.0,50.4,66.0,58.4,54.8,52.3,38.4,44.8,41.3,46.8,49.6,34.0,41.6,45.2,47.7,61.6,55.2,58.7,53.2,0.0,0.0,0.0,0.0,0.0,0.0,0.0,0.0,0.0,1197.8,12.00,16,16,16,39,55,661,1,71.8,65.3,71.2,61.6,64.3,62.3,62.5,61.0,60.3,60.7,59.9,61.4,58.8,59.1,58.6,52.5,49.2,1.362,1.031,1.356,8.693,9.984,8.685,44.871,30.866,2.731,4.170,3.306,2.849,2.508,1.915,2.296,2.016,2.786,11.737,10.272,22.009,30.970,1197.8,1197.8,4095.1,4113.6,4076.6,4377.2,35.2,14.5,49.9,68.7,53.5,No,No,No,0.828,0.137,4.0,44,95.0,100.0,No,No,90859,98745,31,99.0,No,No,3320,0.1,0.5,0.6,0.089,0.422,12878,10336,0.0,0.0,0.0,0.000,0.000,50,0,35.2,47.8,83.0,0.669,12.116,12.150,12.137,12.061,1129,21.019,8.267,10.705,1.786,19.929,13.967,5.947,0.336,10.705,11.354,1.865,6.078,220.000,240.000,480.0,202.5,555.0,464.7,600.0,19.0,15.0,49.0,2.0,23.8,16.0,11.6,3.1,49.4,0.0,33,Yes,No,No,No,No,Yes,No,10.0,12.5,6,0,0,0,0,0,0,0,0,182,0,0,0,0,0,0,0,0,0,0,0,0,0,0,0,0,0,0,0,0,6240,1952,1786,91,5.0,134.5,256.5,216.8,2.8,4.8,2.4,3.3,70.5,1.7,1.7,1.7,1.7,7.44,6.46,2.68,1.76,207.88,409.10,0.92,0.08,7.32,0.12,6.73,0,0,0.0,0.0,80,126,1.6,89.3,0,
4.7.2026,1:10:57.242,17776,28218,38.6,13026,19656,39.8,0.0,13312,0,1.341,1.369,1.331,1.337,1.337,1.337,1.337,1.337,1.337,3922.9,4167.5,4117.6,3314.0,3314.0,4117.6,4117.6,4117.6,4117.6,99.8,1054.4,3461.8,1311.0,2024.8,1125.3,926.9,1292.5,774.6,1034.4,373.5,442.8,693.9,743.1,517.6,536.9,715.2,896.0,1054.4,23.4,53.1,31.6,49.2,27.0,22.4,31.5,18.7,25.1,8.8,10.6,16.5,17.7,12.0,12.7,17.0,21.3,53.1,23.4,26.4,60.5,36.0,55.6,30.4,24.9,35.2,20.9,28.1,9.9,11.9,18.7,20.0,13.5,14.4,19.2,24.1,26.4,39.3,41.8,41.2,33.2,33.2,41.2,41.2,41.2,41.2,0.0,66.7,84.1,80.0,71.6,67.7,53.1,60.9,56.8,59.1,33.3,15.9,20.0,28.4,32.3,46.9,39.1,43.2,40.9,0.0,0.0,0.0,0.0,0.0,0.0,0.0,0.0,0.0,1197.8,12.00,16,16,16,39,55,661,1,70.8,69.8,67.8,63.7,67.8,66.2,64.8,63.5,61.5,62.2,61.0,62.2,59.2,59.5,58.9,52.2,49.0,1.369,1.025,1.369,12.444,10.602,12.436,59.793,36.708,3.718,5.836,5.317,3.909,3.409,2.433,3.050,2.634,3.153,16.845,10.917,27.763,36.825,1197.8,1197.8,4110.2,4118.5,4102.0,4354.8,41.8,20.7,66.4,73.4,56.5,No,No,No,1.856,0.157,5.3,44,95.0,100.0,No,No,90859,98745,31,99.0,No,No,3320,0.2,0.5,0.7,0.178,0.500,12878,10336,0.0,0.0,0.0,0.000,0.000,50,0,35.3,47.6,83.0,0.669,12.123,12.161,12.143,12.066,1129,21.777,8.183,10.696,1.824,19.817,13.864,5.942,0.336,10.696,11.290,1.290,6.078,220.000,240.000,585.0,202.5,555.0,511.4,600.0,41.0,19.0,49.0,2.0,23.8,15.0,10.4,2.8,46.8,0.0,33,Yes,No,No,No,No,Yes,No,10.0,12.4,6,0,0,0,0,0,0,0,0,182,0,0,0,0,0,0,0,0,0,0,0,0,0,0,0,0,0,0,0,0,6240,1952,1786,90,5.0,174.5,272.7,24.0,17.7,19.2,17.1,33.6,192.3,5.3,4.6,4.5,4.5,5.73,41.69,3.60,0.62,52.02,58.52,0.75,0.01,5.62,0.11,0.42,0,0,0.0,0.0,80,127,6.5,117.9,0,
4.7.2026,1:10:59.258,17780,28214,38.6,13030,19651,39.8,0.0,13312,0,1.331,1.331,1.331,1.331,1.331,1.331,1.331,1.331,1.331,4117.6,4117.6,4117.6,4117.6,4117.6,4117.6,4117.6,4117.6,4117.6,99.8,892.8,3316.3,881.1,1515.8,1032.5,1016.0,826.3,777.3,623.7,317.6,336.7,719.2,547.8,474.6,389.8,640.2,870.4,892.8,19.9,50.1,20.3,37.6,25.4,27.6,22.0,20.6,16.5,7.2,7.7,16.6,12.6,10.5,8.8,14.6,20.2,50.1,19.9,21.9,57.8,23.7,40.9,27.6,27.6,21.9,20.8,16.5,8.4,9.0,19.1,14.6,12.2,10.3,16.9,23.3,21.9,41.2,41.2,41.2,41.2,41.2,41.2,41.2,41.2,41.2,0.0,68.1,79.9,77.7,74.7,71.3,55.0,64.6,60.1,61.6,31.9,20.1,22.3,25.3,28.7,45.0,35.4,39.9,38.4,0.0,0.0,0.0,0.0,0.0,0.0,0.0,0.0,0.0,1197.8,12.00,16,16,16,39,55,661,1,69.2,66.3,63.0,62.7,65.3,63.9,63.9,62.2,61.1,61.9,60.9,62.1,59.2,59.5,59.0,52.8,48.9,1.369,1.031,1.356,11.254,10.603,11.265,61.180,35.177,3.381,4.904,4.347,3.658,3.150,2.359,2.963,2.544,3.123,15.266,10.909,26.175,35.209,1197.8,1197.8,4133.1,4154.5,4111.8,4199.9,40.0,18.8,68.0,69.8,56.2,No,No,No,1.021,0.146,5.4,44,95.0,100.0,No,No,90859,98745,31,99.0,No,No,3320,0.2,0.7,0.9,0.867,3.164,12880,10343,0.0,0.0,0.0,0.000,0.000,50,0,35.2,47.5,83.0,0.669,12.124,12.161,12.143,12.067,1129,21.856,7.963,10.228,1.605,19.296,13.600,5.682,0.336,10.228,11.019,1.755,5.881,220.000,240.000,630.0,202.5,555.0,603.6,600.0,19.0,16.0,49.0,2.0,23.8,14.6,8.8,2.8,46.8,0.0,33,Yes,No,No,No,No,Yes,No,9.7,12.7,6,0,0,0,0,0,0,0,0,182,0,0,0,0,0,0,0,0,0,0,0,0,0,0,0,0,0,0,0,0,6240,1952,1786,90,5.0,175.4,263.2,21.0,10.1,10.2,10.0,13.3,111.3,2.3,2.1,2.1,2.1,5.70,47.66,3.76,3.60,97.78,99.86,0.82,0.03,5.62,0.08,0.90,0,0,0.0,0.0,80,127,4.6,73.6,0,
4.7.2026,1:11:1.249,17774,28220,38.6,13025,19657,39.8,0.0,13312,0,1.342,1.331,1.344,1.344,1.344,1.344,1.344,1.344,1.344,4117.6,4117.6,4117.6,4117.6,4117.6,4117.6,4117.6,4117.6,4117.6,99.8,940.6,3248.1,1114.1,1496.3,1285.4,1078.1,966.1,812.5,748.1,345.8,358.7,681.5,570.3,492.6,445.2,678.7,728.2,940.6,20.7,47.4,26.8,36.0,30.6,25.9,23.1,19.6,17.9,8.7,9.0,16.5,13.2,11.8,10.9,16.4,17.4,47.4,20.7,23.1,53.7,30.1,40.6,34.4,29.1,25.7,21.8,19.8,9.2,9.5,18.2,15.1,12.7,11.8,18.0,19.2,23.1,41.2,41.2,41.2,41.2,41.2,41.2,41.2,41.2,41.2,0.0,67.0,79.0,77.1,72.4,69.5,55.1,62.7,59.4,60.6,33.0,21.0,22.9,27.6,30.5,44.9,37.3,40.6,39.4,0.0,0.0,0.0,0.0,0.0,0.0,0.0,0.0,0.0,1197.8,12.00,16,16,16,39,55,661,1,76.8,66.3,65.5,62.3,64.8,64.7,63.3,62.1,60.6,61.3,60.5,61.4,58.7,59.0,58.5,50.8,49.0,1.350,1.031,1.363,11.221,10.574,11.220,59.951,34.949,3.405,4.814,4.677,3.716,3.239,2.348,2.891,2.561,2.996,15.143,10.885,26.028,35.042,1197.8,1197.8,4109.1,4113.7,4104.5,4391.6,39.8,18.7,66.6,69.8,55.4,No,No,No,1.047,0.144,5.4,44,95.0,100.0,No,No,90859,98745,31,99.0,No,No,3320,0.0,0.2,0.2,0.000,1.121,12880,10345,0.0,0.0,0.0,0.000,0.000,50,0,35.2,47.7,83.0,0.669,12.122,12.160,12.142,12.065,1128,22.043,8.151,10.555,1.812,19.670,13.802,5.864,0.336,10.555,11.280,1.348,6.286,220.000,240.000,690.0,202.5,600.0,690.0,660.0,17.0,15.0,45.0,2.0,23.9,13.8,8.7,2.6,44.1,0.0,33,Yes,No,No,No,No,Yes,No,9.9,12.7,6,0,0,0,0,0,0,0,0,182,0,0,0,0,0,0,0,0,0,0,0,0,0,0,0,0,0,0,0,0,6236,1956,1790,91,5.0,133.4,261.7,9.0,4.7,5.6,4.5,6.9,56.4,3.3,3.3,3.3,3.3,7.50,110.72,3.79,3.69,177.68,221.54,0.85,0.02,7.41,0.09,0.38,0,0,0.0,0.0,80,127,2.8,85.6,0,
4.7.2026,1:11:3.241,17776,28217,38.6,13017,19665,39.8,0.0,13312,0,1.327,1.344,1.325,1.325,1.325,1.325,1.325,1.325,1.325,4117.6,4117.6,4117.6,4117.6,4117.6,4117.6,4117.6,4117.6,4117.6,99.8,835.8,3081.5,863.1,1270.2,1074.6,906.0,844.6,661.0,667.6,304.0,291.5,543.4,502.1,357.0,346.8,799.4,860.5,835.8,17.9,45.7,20.0,30.7,25.7,21.8,19.9,15.7,15.6,6.8,6.5,12.5,12.1,7.7,7.7,18.6,20.0,45.7,17.9,20.5,52.4,23.2,34.4,28.7,24.4,22.5,17.7,17.7,8.1,7.8,14.5,13.3,9.1,9.2,21.5,23.1,20.5,41.2,41.2,41.2,41.2,41.2,41.2,41.2,41.2,41.2,0.0,61.8,74.8,70.6,67.5,64.1,49.1,57.0,52.9,58.7,38.2,25.2,29.4,32.5,35.9,50.9,43.0,47.1,41.3,0.0,0.0,0.0,0.0,0.0,0.0,0.0,0.0,0.0,1197.8,12.00,16,16,16,39,55,661,1,73.8,65.7,63.0,61.8,64.4,63.0,62.9,61.4,60.2,61.0,60.0,61.9,58.6,58.8,58.3,51.8,48.3,1.350,1.025,1.356,10.438,10.482,10.445,55.419,33.905,3.175,4.570,4.026,3.434,2.973,2.169,2.677,2.323,3.225,14.126,10.786,24.912,33.919,1197.8,1197.8,4112.7,4124.1,4101.4,4392.6,38.5,17.4,61.6,69.2,55.4,No,No,No,0.946,0.144,4.9,44,95.0,100.0,No,No,90859,98745,31,99.0,No,No,3320,0.1,0.7,0.8,0.391,3.639,12881,10352,0.0,0.0,0.0,0.000,0.000,50,0,35.1,47.3,83.0,0.669,12.123,12.159,12.143,12.068,1128,21.367,7.478,9.535,1.629,17.863,12.563,5.297,0.336,9.535,10.309,1.381,6.329,220.000,240.000,405.0,101.2,555.0,484.0,600.0,22.0,17.0,49.0,3.0,23.8,14.4,8.1,2.8,46.9,0.0,33,Yes,No,No,No,No,Yes,No,9.0,11.4,6,0,0,0,0,0,0,0,0,183,0,0,0,0,0,0,0,0,0,0,0,0,0,0,0,0,0,0,0,0,6240,1952,1786,89,2.5,215.2,263.1,81.2,21.7,28.6,21.7,13.7,120.3,2.9,2.8,2.8,2.8,4.65,12.35,3.76,1.63,34.94,46.15,0.71,0.03,4.56,0.08,6.60,0,0,0.0,0.0,80,127,1.6,91.2,0,
4.7.2026,1:11:5.250,17761,28232,38.6,12999,19683,39.7,0.0,13312,0,1.326,1.331,1.325,1.325,1.325,1.325,1.325,1.325,1.325,4117.6,4117.6,4117.6,4117.6,4117.6,4117.6,4117.6,4117.6,4117.6,99.8,707.1,2617.0,734.2,945.8,878.2,658.4,624.6,578.5,544.0,240.7,258.8,459.6,402.5,307.5,255.2,843.6,965.8,707.1,15.4,35.5,17.7,22.8,20.9,16.0,15.0,14.1,13.2,6.0,6.5,11.3,9.8,7.3,6.3,20.5,23.4,35.5,15.4,17.1,40.0,19.8,25.5,23.4,17.7,16.6,15.6,14.5,6.4,7.0,12.3,10.7,7.9,6.8,22.8,26.2,17.1,41.2,41.2,41.2,41.2,41.2,41.2,41.2,41.2,41.2,0.0,53.8,64.0,59.9,56.1,54.8,43.3,49.1,45.6,57.3,46.2,36.0,40.1,43.9,45.2,56.7,50.9,54.4,42.7,0.0,0.0,0.0,0.0,0.0,0.0,0.0,0.0,0.0,1197.8,12.00,16,16,16,39,55,661,1,71.4,65.7,65.2,61.0,62.3,61.9,61.2,60.6,59.5,60.4,59.1,63.0,57.8,57.9,57.6,50.0,48.2,1.362,1.031,1.369,9.272,10.163,9.266,47.890,31.820,2.894,3.717,3.462,2.866,2.695,2.073,2.379,2.087,3.870,12.500,10.453,22.953,31.907,1197.8,1197.8,4086.2,4094.9,4077.5,4342.7,36.3,15.4,53.2,69.2,53.8,No,No,No,0.794,0.133,4.3,44,95.0,100.0,No,No,90859,98745,31,99.0,No,No,3320,0.0,0.2,0.2,0.024,0.134,12881,10352,0.0,0.0,0.0,0.000,0.000,50,0,35.1,47.5,83.0,0.669,12.122,12.158,12.142,12.066,1130,21.251,7.868,10.001,1.568,19.135,13.562,5.556,0.336,10.001,11.051,1.392,6.080,220.000,240.000,495.0,202.5,555.0,484.4,600.0,21.0,16.0,49.0,2.0,23.5,15.0,9.9,2.9,47.5,0.0,33,Yes,No,No,No,No,Yes,No,9.6,12.0,6,0,0,0,0,0,0,0,0,184,0,0,0,0,0,0,0,0,0,0,0,0,0,0,0,0,0,0,0,0,6268,1924,1758,89,5.0,239.7,277.2,217.4,153.8,184.1,143.8,2.6,3.6,2.1,2.0,2.0,2.0,4.17,4.65,3.41,0.60,6.74,10.78,1.10,0.01,4.06,0.11,9.73,0,0,0.0,0.0,80,127,1.6,91.1,0,
4.7.2026,1:11:7.254,17750,28244,38.5,12994,19687,39.7,0.0,13312,0,1.341,1.325,1.344,1.344,1.344,1.344,1.344,1.344,1.344,4114.5,4117.6,4092.6,4117.6,4117.6,4117.6,4117.6,4117.6,4117.6,99.8,974.1,3307.2,971.8,1675.0,1145.3,1169.5,948.1,950.2,773.8,368.0,346.0,739.9,614.7,526.9,423.9,785.5,840.4,974.1,21.2,53.0,22.8,39.8,26.7,27.5,22.0,22.3,17.9,8.5,7.9,17.3,14.2,11.8,9.7,18.3,19.5,53.0,21.2,24.3,60.6,26.2,45.5,30.6,31.6,25.3,25.6,20.6,9.8,9.2,19.9,16.3,13.7,11.2,20.9,22.4,24.3,41.2,41.2,41.0,41.2,41.2,41.2,41.2,41.2,41.2,0.0,67.6,80.4,77.5,73.1,70.6,54.9,63.7,59.5,61.3,32.4,19.6,22.5,26.9,29.4,45.1,36.3,40.5,38.7,0.0,0.0,0.0,0.0,0.0,0.0,0.0,0.0,0.0,1197.8,12.00,16,16,16,39,55,661,1,69.6,66.2,63.8,62.0,64.7,64.0,63.1,62.0,60.1,61.2,59.9,61.3,58.2,58.5,58.0,50.2,47.8,1.362,1.031,1.363,11.292,10.584,11.295,60.663,35.084,3.426,4.873,4.584,3.742,3.310,2.304,2.934,2.532,3.131,15.246,10.892,26.138,35.157,1197.8,1197.8,4114.2,4117.6,4110.8,4385.3,40.0,18.8,67.4,69.7,55.4,No,No,No,1.091,0.145,5.4,44,95.0,100.0,No,No,90859,98745,31,99.0,No,No,3320,0.4,0.3,0.7,0.269,0.729,12881,10353,0.0,0.0,0.0,0.000,0.000,50,0,35.1,47.6,83.0,0.669,12.118,12.153,12.139,12.063,1129,21.467,7.968,10.066,1.726,19.276,13.679,5.592,0.336,10.066,11.277,1.551,6.110,220.000,240.000,600.0,202.5,555.0,600.0,600.0,37.0,19.0,49.0,2.0,23.5,14.8,9.6,2.8,46.8,0.0,33,Yes,No,No,No,No,Yes,No,9.7,12.1,6,0,0,0,0,0,0,0,0,184,0,0,0,0,0,0,0,0,0,0,0,0,0,0,0,0,0,0,0,0,6268,1924,1758,90,5.0,102.9,260.1,10.3,5.7,5.5,5.5,16.6,120.0,3.3,3.0,3.0,3.0,9.72,96.98,3.81,3.72,183.37,183.37,0.88,0.03,9.63,0.10,1.70,0,0,0.0,0.0,80,128,1.9,89.8,0,
4.7.2026,1:11:9.256,17726,28268,38.5,13000,19681,39.7,0.0,13312,0,1.338,1.337,1.337,1.337,1.337,1.337,1.337,1.337,1.337,4117.6,4117.6,4117.6,4117.6,4117.6,4117.6,4117.6,4117.6,4117.6,99.8,833.3,3134.0,781.3,1448.9,1024.5,1043.8,770.7,758.2,603.3,284.3,282.3,568.4,456.3,399.6,309.3,717.5,750.3,833.3,18.1,47.8,18.6,34.6,24.2,24.9,18.1,18.1,14.3,6.8,6.9,13.6,10.9,9.2,7.4,17.1,17.8,47.8,18.1,20.4,54.4,20.9,39.3,27.3,28.2,20.4,20.4,16.0,7.5,7.5,15.2,12.0,10.2,8.1,19.1,20.0,20.4,41.2,41.2,41.2,41.2,41.2,41.2,41.2,41.2,41.2,0.0,63.5,76.1,73.2,69.8,66.4,50.4,58.8,55.0,58.0,36.5,23.9,26.8,30.2,33.6,49.6,41.2,45.0,42.0,0.0,0.0,0.0,0.0,0.0,0.0,0.0,0.0,0.0,1197.8,12.00,16,16,16,39,55,661,1,67.6,64.5,63.5,61.1,63.4,62.7,62.1,60.8,59.5,60.2,59.2,60.7,57.9,58.2,57.7,49.8,47.6,1.356,1.025,1.356,10.234,10.498,10.233,56.874,33.503,3.115,4.394,4.167,3.443,2.944,2.123,2.595,2.277,2.975,13.790,10.798,24.588,33.580,1197.8,1197.8,4110.0,4115.8,4104.1,4398.4,38.2,17.1,63.2,67.8,55.1,No,No,No,0.946,0.142,5.1,44,95.0,100.0,No,No,90859,98745,31,99.0,No,No,3320,0.0,0.2,0.2,0.000,0.069,12881,10353,0.0,0.0,0.0,0.000,0.000,50,0,35.1,47.5,83.0,0.669,12.122,12.158,12.142,12.066,1129,21.263,7.826,9.722,1.617,19.075,13.658,5.401,0.336,9.722,11.318,1.554,5.859,220.000,240.000,480.0,202.5,555.0,531.3,600.0,27.0,17.0,49.0,2.0,23.5,14.6,8.6,2.8,46.9,0.0,33,Yes,No,No,No,No,Yes,No,9.6,12.1,6,0,0,0,0,0,0,0,0,184,0,0,0,0,0,0,0,0,0,0,0,0,0,0,0,0,0,0,0,0,6268,1924,1758,90,5.0,133.6,261.8,16.5,8.5,10.4,8.0,37.0,120.2,7.9,7.8,7.7,7.7,7.48,60.67,3.79,3.78,96.08,125.51,0.90,0.01,7.40,0.09,0.62,0,0,0.0,0.0,80,128,2.3,90.7,0,
4.7.2026,1:11:11.246,17743,28250,38.5,13022,19660,39.8,0.0,13312,0,1.331,1.337,1.337,1.337,1.337,1.325,1.325,1.325,1.325,4117.6,4117.6,4117.6,4117.6,4117.6,4117.6,4117.6,4117.6,4117.6,99.8,971.6,3284.3,1259.1,1829.9,1212.0,1101.7,929.2,884.1,751.3,325.8,339.9,681.9,590.7,606.2,398.1,719.1,632.0,971.6,21.1,45.7,30.2,44.1,29.0,26.3,22.1,21.1,17.8,7.8,8.2,16.3,14.0,14.2,9.4,17.2,14.9,45.7,21.1,24.0,52.0,34.4,50.3,33.0,29.9,25.0,24.0,20.1,8.7,9.1,18.4,15.8,16.1,10.6,19.4,16.8,24.0,41.2,41.2,41.2,41.2,41.2,41.2,41.2,41.2,41.2,0.0,64.9,79.7,79.9,70.3,67.2,50.7,59.5,56.3,55.8,35.1,20.3,20.1,29.7,32.8,49.3,40.5,43.7,44.2,0.0,0.0,0.0,0.0,0.0,0.0,0.0,0.0,0.0,1197.8,12.00,16,16,16,39,55,661,1,67.1,66.6,64.8,61.9,64.8,64.8,62.9,61.9,59.8,60.8,59.7,60.8,58.0,58.3,57.8,49.5,47.7,1.362,1.031,1.350,11.368,10.469,11.370,58.267,35.060,3.412,4.897,5.029,3.645,3.232,2.226,2.851,2.515,2.901,15.332,10.777,26.109,35.128,1197.8,1197.8,4114.0,4119.0,4109.1,4395.2,39.9,19.0,64.7,70.1,56.0,No,No,No,1.202,0.141,5.2,43,95.0,100.0,No,No,90859,98745,31,99.0,No,No,3320,0.2,0.4,0.6,0.211,0.359,12882,10354,0.0,0.0,0.0,0.000,0.000,50,0,35.1,47.6,83.0,0.669,12.121,12.157,12.140,12.064,1130,21.110,8.403,11.027,2.030,20.214,14.079,6.126,0.336,11.027,11.555,1.629,6.002,220.000,240.000,705.0,202.5,600.0,631.2,660.0,22.0,16.0,45.0,2.0,23.6,15.0,10.2,3.0,46.8,0.0,33,Yes,No,No,No,No,Yes,No,9.9,12.5,6,0,0,0,0,0,0,0,0,186,0,0,0,0,0,0,0,0,0,0,0,0,0,0,0,0,0,0,0,0,6258,1934,1767,90,5.0,216.1,262.4,59.5,35.4,42.3,34.3,14.6,119.7,6.5,6.5,6.5,6.5,4.63,16.82,3.77,3.55,23.65,29.12,0.83,0.03,4.53,0.10,0.11,0,0,0.0,0.0,80,128,10.5,94.5,0,
4.7.2026,1:11:13.241,17754,28239,38.6,13018,19664,39.8,0.0,13312,0,1.336,1.325,1.337,1.337,1.337,1.337,1.337,1.337,1.337,3649.7,4117.6,4117.6,3294.1,3294.1,3593.5,3593.5,3593.5,3593.5,99.8,867.8,2926.8,906.4,1599.5,957.0,889.0,736.3,780.0,611.6,355.3,292.7,570.4,514.5,506.4,371.4,995.4,872.3,867.8,18.4,40.6,21.1,38.0,22.1,20.7,16.8,18.2,13.9,7.9,6.4,13.1,11.6,11.3,8.2,23.4,20.2,40.6,18.4,21.4,46.6,24.5,43.7,25.7,24.1,19.7,21.2,16.3,9.5,7.8,15.4,13.7,13.3,9.9,27.0,23.5,21.4,36.6,41.2,41.2,33.0,33.0,36.0,36.0,36.0,36.0,0.0,59.9,71.3,72.1,63.1,60.7,47.7,54.3,51.3,58.9,40.1,28.7,27.9,36.9,39.3,52.3,45.7,48.7,41.1,0.0,0.0,0.0,0.0,0.0,0.0,0.0,0.0,0.0,1197.8,12.00,16,16,16,39,55,661,1,74.9,65.5,63.8,61.4,63.1,63.6,62.0,61.3,59.5,60.5,59.4,61.6,57.9,58.1,57.7,51.5,48.4,1.362,1.019,1.363,10.517,10.417,10.508,53.664,33.817,3.175,4.228,4.388,3.226,2.977,2.164,2.630,2.355,3.432,14.206,10.721,24.927,33.912,1197.8,1197.8,4104.6,4114.2,4095.1,4390.2,38.5,17.5,59.6,68.9,55.7,No,No,No,1.045,0.145,4.8,44,95.0,100.0,No,No,90859,98745,31,99.0,No,No,3320,0.6,0.5,1.1,0.277,0.238,12882,10355,0.0,0.0,0.0,0.000,0.000,50,0,35.1,47.5,83.0,0.669,12.126,12.164,12.145,12.068,1129,21.270,8.168,10.627,1.812,19.857,13.951,5.904,0.336,10.627,11.396,1.314,5.859,220.000,240.000,510.0,202.5,555.0,554.3,600.0,36.0,20.0,50.0,2.0,23.8,14.3,8.6,2.8,45.7,0.0,33,Yes,No,No,No,No,Yes,No,9.7,12.6,6,0,0,0,0,0,0,0,0,186,0,0,0,0,0,0,0,0,0,0,0,0,0,0,0,0,0,0,0,0,6239,1953,1787,90,5.0,197.1,266.9,33.0,29.8,29.9,29.8,31.3,120.0,9.0,8.5,8.5,8.5,5.07,30.36,3.70,3.59,33.46,33.51,0.90,0.01,4.98,0.09,0.90,0,0,0.0,0.0,80,128,6.1,91.4,0,
4.7.2026,1:11:15.253,17771,28223,38.6,13014,19667,39.8,0.0,13312,0,1.338,1.337,1.337,1.337,1.337,1.337,1.337,1.337,1.337,4117.6,4117.6,4117.6,4117.6,4117.6,4117.6,4117.6,4117.6,4117.6,99.8,701.4,2652.9,722.3,1347.6,774.7,723.0,673.9,576.7,562.1,218.5,201.7,459.6,384.0,344.6,248.1,601.1,732.1,701.4,15.5,38.5,17.5,32.7,18.6,17.6,16.2,14.1,13.7,5.6,5.2,11.4,9.5,8.3,6.3,14.7,17.8,38.5,15.5,17.0,43.2,19.4,36.7,20.7,19.5,17.9,15.5,15.0,5.8,5.3,12.3,10.1,8.8,6.5,16.0,19.6,17.0,41.2,41.2,41.2,41.2,41.2,41.2,41.2,41.2,41.2,0.0,54.0,64.8,64.9,58.4,56.4,41.9,49.1,45.9,51.0,46.0,35.2,35.1,41.6,43.6,58.1,50.9,54.1,49.0,0.0,0.0,0.0,0.0,0.0,0.0,0.0,0.0,0.0,1197.8,12.00,16,16,16,39,55,661,1,71.8,63.3,64.2,60.0,61.7,61.5,60.8,59.8,58.6,59.4,58.3,60.0,57.2,57.4,57.0,50.0,47.8,1.344,1.031,1.344,8.840,10.346,8.844,48.113,31.423,2.754,3.762,3.714,2.903,2.611,1.875,2.309,2.048,2.813,11.862,10.642,22.504,31.478,1197.8,1197.8,4092.4,4102.7,4082.0,4399.7,35.8,14.7,53.5,66.7,53.6,No,No,No,0.858,0.141,4.3,43,95.0,100.0,No,No,90859,98745,31,99.0,No,No,3320,0.1,0.8,0.8,0.089,0.210,12882,10355,0.0,0.0,0.0,0.000,0.000,50,0,35.2,47.5,83.0,0.669,12.119,12.156,12.139,12.063,1129,21.449,8.330,10.609,1.981,20.175,14.271,5.894,0.336,10.609,11.893,1.427,6.105,220.000,240.000,585.0,202.5,555.0,527.8,600.0,40.0,23.0,50.0,2.0,23.8,14.9,9.8,2.8,47.1,0.0,33,Yes,No,No,No,No,Yes,No,10.2,12.8,6,0,0,0,0,0,0,0,0,186,0,0,0,0,0,0,0,0,0,0,0,0,0,0,0,0,0,0,0,0,6242,1950,1784,89,5.0,157.5,0.0,18.4,6.7,8.4,6.2,18.4,119.9,6.0,6.0,6.0,6.0,6.35,54.27,0.08,0.05,118.72,162.02,0.79,0.02,6.27,0.08,9.53,0,0,0.0,0.0,80,128,6.3,116.7,0,
4.7.2026,1:11:17.253,17758,28236,38.6,12991,19691,39.7,0.0,13312,0,1.356,1.350,1.363,1.356,1.356,1.356,1.356,1.356,1.356,4117.6,4117.6,4117.6,4117.6,4117.6,4117.6,4117.6,4117.6,4117.6,99.8,855.4,3067.3,1245.2,1156.2,1286.0,705.2,1108.7,531.9,819.3,308.3,280.0,517.9,563.2,412.9,361.2,668.2,655.4,855.4,18.1,38.4,29.7,27.4,30.4,16.6,26.3,12.4,19.3,7.3,6.6,12.3,13.3,9.4,8.5,15.8,15.4,38.4,18.1,20.5,43.8,33.8,31.1,34.6,18.9,29.9,14.1,21.9,8.2,7.4,13.8,15.0,10.6,9.6,17.8,17.3,20.5,41.2,41.2,41.2,41.2,41.2,41.2,41.2,41.2,41.2,0.0,62.3,74.6,73.3,68.2,64.9,49.9,57.9,54.4,55.6,37.7,25.4,26.7,31.8,35.1,50.1,42.1,45.6,44.4,0.0,0.0,0.0,0.0,0.0,0.0,0.0,0.0,0.0,1197.8,12.00,16,16,16,39,55,661,1,78.2,64.4,65.2,60.7,63.0,62.4,61.7,60.5,59.1,59.8,58.9,60.0,57.5,57.7,57.3,51.0,48.1,1.369,1.025,1.363,10.168,10.506,10.163,55.852,33.384,3.096,4.436,4.187,3.407,2.906,2.109,2.593,2.304,2.824,13.685,10.809,24.494,33.475,1197.8,1197.8,4109.9,4115.3,4104.4,4396.2,38.0,16.9,62.1,67.8,55.1,No,No,No,0.944,0.146,5.0,44,95.0,100.0,No,No,90859,98745,31,99.0,No,No,3320,0.1,0.3,0.3,0.071,0.178,12883,10355,0.0,0.0,0.0,0.000,0.000,50,0,35.0,47.4,83.0,0.669,12.126,12.165,12.145,12.068,1129,21.466,8.088,10.086,1.788,19.261,13.649,5.603,0.336,10.086,11.309,2.804,5.962,220.000,240.000,585.0,202.5,555.0,585.0,600.0,23.0,17.0,49.0,2.0,23.8,14.3,8.5,2.7,46.1,0.0,33,Yes,No,No,No,No,Yes,No,9.7,12.8,6,0,0,0,0,0,0,0,0,186,0,0,0,0,0,0,0,0,0,0,0,0,0,0,0,0,0,0,0,0,6239,1953,1786,90,5.0,103.4,259.0,15.0,15.0,15.0,15.0,24.0,526.1,7.4,7.1,7.1,7.1,9.67,66.50,3.83,3.77,66.67,66.67,1.16,0.01,9.58,0.09,2.98,0,0,0.0,0.0,80,128,6.2,79.2,0,
4.7.2026,1:11:19.253,17768,28226,38.6,13013,19668,39.8,0.0,13312,0,1.337,1.331,1.337,1.337,1.337,1.337,1.337,1.337,1.337,4117.6,4117.6,4117.6,4117.6,4117.6,4117.6,4117.6,4117.6,4117.6,99.8,802.8,2854.3,1460.7,936.9,1306.4,522.2,990.4,413.4,796.4,278.5,292.8,445.5,519.9,345.3,353.0,666.5,663.5,802.8,16.3,28.5,34.9,21.9,30.9,11.9,23.3,9.3,18.7,6.2,6.6,10.2,12.0,7.5,8.0,15.5,15.3,34.9,16.3,18.8,32.7,40.0,25.2,35.4,13.9,26.7,11.0,21.5,7.4,7.8,11.9,13.9,8.8,9.4,17.8,17.6,18.8,41.2,41.2,41.2,41.2,41.2,41.2,41.2,41.2,41.2,0.0,56.1,69.5,65.9,60.2,57.4,44.9,50.8,48.4,51.3,43.9,30.5,34.1,39.8,42.6,55.1,49.2,51.6,48.7,0.0,0.0,0.0,0.0,0.0,0.0,0.0,0.0,0.0,1197.8,12.00,16,16,16,39,55,661,1,75.1,63.6,64.0,60.1,62.6,61.4,60.9,59.8,58.8,59.3,58.5,59.8,57.2,57.4,57.0,51.5,48.0,1.356,1.019,1.350,9.353,10.439,9.360,49.950,32.213,2.870,4.239,3.733,3.003,2.649,2.013,2.414,2.142,2.767,12.557,10.735,23.293,32.278,1197.8,1197.8,4094.1,4104.0,4084.1,4399.0,36.7,15.6,55.5,66.9,54.5,No,No,No,0.923,0.141,4.5,44,95.0,100.0,No,No,90859,98745,31,99.0,No,No,3320,0.0,0.5,0.5,0.008,0.110,12883,10356,0.0,0.0,0.0,0.000,0.000,50,0,35.1,47.5,83.0,0.669,12.117,12.153,12.138,12.062,1130,21.518,8.017,10.334,1.786,19.409,13.666,5.741,0.336,10.334,11.212,1.696,5.654,220.000,240.000,675.0,202.5,585.0,582.7,630.0,28.0,19.0,47.0,2.0,23.8,14.4,9.1,2.8,45.8,0.0,33,Yes,No,No,No,No,Yes,No,9.8,12.8,6,0,0,0,0,0,0,0,0,186,0,0,0,0,0,0,0,0,0,0,0,0,0,0,0,0,0,0,0,0,6240,1952,1786,90,5.0,189.5,0.0,18.7,10.3,11.7,9.6,13.8,113.0,5.0,4.9,4.9,4.9,5.28,53.36,0.06,0.05,85.32,104.00,0.79,0.03,5.20,0.08,0.83,0,0,0.0,0.0,80,129,11.4,52.1,0,
4.7.2026,1:11:21.244,17772,28222,38.6,13012,19669,39.8,0.0,13312,0,1.333,1.344,1.331,1.331,1.331,1.331,1.331,1.331,1.331,4117.6,4117.6,4117.6,4117.6,4117.6,4117.6,4117.6,4117.6,4117.6,99.8,1097.2,3255.0,1622.0,1273.1,1531.6,810.6,1444.1,696.1,1223.5,488.8,595.4,740.2,868.6,550.1,621.2,862.3,972.9,1097.2,23.7,39.3,38.9,30.2,36.5,19.1,34.4,16.4,29.2,11.6,14.3,17.6,20.7,12.7,14.7,20.4,23.1,39.3,23.7,26.9,44.7,44.3,34.3,41.6,21.7,39.1,18.6,33.2,13.2,16.2,20.0,23.5,14.4,16.7,23.1,26.1,26.9,41.2,41.2,41.2,41.2,41.2,41.2,41.2,41.2,41.2,0.0,67.9,79.2,75.7,72.8,71.1,56.9,64.2,59.8,63.0,32.1,20.8,24.3,27.2,28.9,43.1,35.8,40.2,37.0,0.0,0.0,0.0,0.0,0.0,0.0,0.0,0.0,0.0,1197.8,12.00,16,16,16,39,55,661,1,73.1,68.2,64.0,62.7,64.5,63.9,63.6,62.6,61.0,62.2,60.6,63.1,58.0,58.2,57.8,50.5,47.6,1.369,1.025,1.363,12.527,10.547,12.528,60.918,36.741,3.738,4.948,4.582,4.007,3.658,2.721,3.319,2.824,3.842,16.935,10.861,27.796,36.805,1197.8,1197.8,4106.5,4109.5,4103.5,4315.5,41.8,20.9,67.7,71.8,56.4,No,No,No,1.049,0.148,5.4,44,95.0,100.0,No,No,90859,98745,31,99.0,No,No,3320,0.0,0.3,0.3,0.008,0.090,12883,10356,0.0,0.0,0.0,0.000,0.000,50,0,35.1,47.3,83.0,0.669,12.121,12.158,12.140,12.064,1130,21.706,8.091,10.309,1.812,19.545,13.813,5.727,0.336,10.309,11.403,1.780,5.875,220.000,240.000,570.0,202.5,555.0,690.0,600.0,30.0,18.0,45.0,2.0,23.8,13.7,8.7,2.6,43.6,0.0,33,Yes,No,No,No,No,Yes,No,9.9,12.9,6,0,0,0,0,0,0,0,0,186,0,0,0,0,0,0,0,0,0,0,0,0,0,0,0,0,0,0,0,0,6240,1952,1786,90,5.0,120.9,258.7,9.2,7.6,7.9,7.5,22.6,108.3,4.9,4.6,4.5,4.5,8.27,108.40,3.77,3.49,127.25,133.37,1.06,0.08,8.16,0.11,0.56,0,0,0.0,0.0,80,129,11.8,72.8,0,
4.7.2026,1:11:23.254,17781,28212,38.6,13027,19655,39.8,0.0,13312,0,1.332,1.337,1.331,1.331,1.331,1.331,1.331,1.331,1.331,4117.6,4117.6,4117.6,4117.6,4117.6,4117.6,4117.6,4117.6,4117.6,99.8,916.6,3108.6,1865.9,1118.8,1165.4,608.0,1219.5,489.2,873.9,303.5,333.2,490.2,574.7,396.3,430.8,805.2,882.7,916.6,19.2,29.3,45.2,26.8,27.9,14.6,29.2,11.8,21.1,7.5,8.3,11.9,13.9,9.3,10.5,19.4,21.2,45.2,19.2,21.5,33.1,51.3,30.1,31.4,16.2,32.8,13.0,23.5,8.0,8.9,13.0,15.3,10.2,11.5,21.6,23.7,21.5,41.2,41.2,41.2,41.2,41.2,41.2,41.2,41.2,41.2,0.0,61.2,75.6,70.1,65.7,63.1,49.0,56.2,53.2,57.0,38.8,24.4,29.9,34.3,36.9,51.0,43.8,46.8,43.0,0.0,0.0,0.0,0.0,0.0,0.0,0.0,0.0,0.0,1197.8,12.00,16,16,16,39,55,661,1,79.8,65.2,60.8,61.1,64.3,62.1,62.6,60.6,59.4,60.0,59.2,60.6,57.7,57.9,57.4,51.0,47.5,1.362,1.031,1.350,10.318,10.465,10.322,54.692,33.633,3.142,4.871,3.787,3.446,2.912,2.156,2.586,2.326,3.054,13.909,10.765,24.673,33.681,1197.8,1197.8,4100.3,4108.7,4091.9,4384.6,38.3,17.2,60.8,68.6,55.1,No,No,No,1.096,0.144,4.9,43,95.0,100.0,No,No,90859,98745,31,99.0,No,No,3320,0.0,0.2,0.3,0.008,0.067,12883,10356,0.0,0.0,0.0,0.000,0.000,50,0,35.0,47.5,83.0,0.669,12.127,12.167,12.146,12.069,1130,21.320,7.904,10.086,1.703,19.287,13.674,5.603,0.336,10.086,11.253,1.281,5.727,220.000,240.000,480.0,202.5,555.0,526.0,600.0,29.0,19.0,49.0,2.0,23.8,14.4,8.5,2.8,46.5,0.0,33,Yes,No,No,No,No,Yes,No,9.7,12.4,6,0,0,0,0,0,0,0,0,186,0,0,0,0,0,0,0,0,0,0,0,0,0,0,0,0,0,0,0,0,6240,1952,1786,90,5.0,115.8,265.6,18.8,4.3,6.5,3.9,26.5,120.6,3.9,3.6,3.5,3.5,8.64,53.12,3.71,0.50,154.35,254.62,0.82,0.01,8.55,0.09,0.76,0,0,0.0,0.0,80,129,3.5,88.4,0,
4.7.2026,1:11:25.246,17731,28263,38.5,12993,19689,39.7,0.0,13312,0,1.338,1.331,1.344,1.337,1.337,1.337,1.337,1.337,1.337,4117.6,4117.6,4117.6,4117.6,4117.6,4117.6,4117.6,4117.6,4117.6,99.8,800.0,2889.2,1341.7,996.2,1179.1,538.9,1064.5,443.0,791.4,215.3,242.0,462.3,487.9,328.1,320.2,734.4,765.2,800.0,16.4,29.5,32.1,23.6,27.4,12.6,25.2,10.2,18.8,5.0,5.7,10.9,11.5,7.3,7.5,17.4,17.9,32.1,16.4,18.7,33.6,36.6,26.8,31.2,14.4,28.7,11.6,21.4,5.7,6.5,12.3,12.9,8.3,8.5,19.7,20.3,18.7,41.2,41.2,41.2,41.2,41.2,41.2,41.2,41.2,41.2,0.0,57.8,70.2,66.2,63.2,59.9,45.2,53.3,49.6,55.0,42.2,29.8,33.8,36.8,40.1,54.8,46.7,50.4,45.0,0.0,0.0,0.0,0.0,0.0,0.0,0.0,0.0,0.0,1197.8,12.00,16,16,16,39,55,661,1,76.6,63.5,64.5,60.2,62.2,61.5,61.2,59.9,58.6,59.4,58.5,60.1,57.2,57.4,57.0,49.5,47.3,1.356,1.031,1.363,9.442,10.380,9.430,51.721,32.196,2.922,4.115,3.813,3.157,2.737,1.963,2.448,2.148,2.998,12.708,10.677,23.385,32.343,1197.8,1197.8,4103.3,4111.9,4094.8,4398.9,36.8,15.7,57.5,66.8,54.2,No,No,No,0.915,0.137,4.6,43,95.0,100.0,No,No,90859,98745,31,99.0,No,No,3320,0.0,0.4,0.4,0.000,0.073,12883,10356,0.0,0.0,0.0,0.000,0.000,50,0,35.0,47.5,83.0,0.669,12.123,12.161,12.142,12.065,1129,21.044,7.887,10.064,1.617,19.306,13.706,5.591,0.336,10.064,11.204,1.280,5.705,220.000,240.000,480.0,202.5,555.0,446.1,600.0,41.0,21.0,49.0,2.0,23.7,15.1,10.1,2.8,47.4,0.0,33,Yes,No,No,No,No,Yes,No,9.7,12.5,6,0,0,0,0,0,0,0,0,188,0,0,0,0,0,0,0,0,0,0,0,0,0,0,0,0,0,0,0,0,6253,1939,1773,90,5.0,146.4,0.0,18.4,11.9,14.1,11.4,24.6,120.1,7.8,7.7,7.7,7.7,6.84,54.41,0.06,0.05,71.09,87.76,0.91,0.06,6.75,0.09,2.41,0,0,0.0,0.0,80,129,10.4,91.9,0,
4.7.2026,1:11:27.242,17743,28251,38.5,12996,19686,39.7,0.0,13312,0,1.330,1.319,1.331,1.331,1.331,1.331,1.331,1.331,1.331,4117.6,4117.6,4117.6,4117.6,4117.6,4117.6,4117.6,4117.6,4117.6,99.8,847.1,3014.4,1510.1,1027.3,1292.9,573.7,1127.2,511.9,817.6,252.9,285.2,464.6,584.4,351.4,392.3,728.1,620.0,847.1,17.4,31.6,35.7,24.1,30.8,13.2,26.4,11.9,19.0,5.8,6.6,10.8,13.6,7.7,9.1,17.1,14.4,35.7,17.4,19.8,36.0,40.8,27.5,35.2,15.1,30.2,13.6,21.7,6.6,7.5,12.2,15.5,8.8,10.4,19.5,16.4,19.8,41.2,41.2,41.2,41.2,41.2,41.2,41.2,41.2,41.2,0.0,60.7,73.3,70.0,66.1,63.1,47.9,56.2,52.7,55.9,39.3,26.7,30.0,33.9,36.9,52.1,43.8,47.3,44.1,0.0,0.0,0.0,0.0,0.0,0.0,0.0,0.0,0.0,1197.8,12.00,16,16,16,39,55,661,1,73.5,63.4,67.0,60.1,62.3,61.3,61.1,59.8,58.6,59.4,58.4,59.7,57.0,57.3,56.8,49.2,47.5,1.344,1.031,1.350,9.757,10.390,9.752,54.224,32.670,2.998,4.342,3.848,3.272,2.827,2.044,2.546,2.242,2.864,13.107,10.689,23.796,32.768,1197.8,1197.8,4103.3,4111.1,4095.6,4399.3,37.2,16.3,60.2,66.7,54.5,No,No,No,0.883,0.143,4.9,43,95.0,100.0,No,No,90859,98745,31,99.0,No,No,3320,0.1,0.4,0.4,0.032,0.108,12883,10356,0.0,0.0,0.0,0.000,0.000,50,0,35.1,47.3,83.0,0.669,12.123,12.162,12.143,12.066,1129,21.976,8.144,10.775,1.873,19.659,13.658,5.986,0.336,10.775,11.100,1.321,5.962,220.000,240.000,720.0,202.5,630.0,620.3,690.0,27.0,18.0,43.0,2.0,23.7,14.2,9.7,2.6,44.6,0.0,33,Yes,No,No,No,No,Yes,No,9.9,12.9,6,0,0,0,0,0,0,0,0,188,0,0,0,0,0,0,0,0,0,0,0,0,0,0,0,0,0,0,0,0,6253,1939,1773,90,5.0,123.4,265.4,14.1,14.1,14.1,14.1,20.2,119.9,7.2,6.9,6.8,6.8,8.10,71.08,3.74,0.44,71.12,71.14,0.68,0.01,8.02,0.08,9.38,0,0,0.0,0.0,80,129,4.2,90.1,0,
4.7.2026,1:11:29.251,17725,28268,38.5,12985,19697,39.7,0.0,13312,0,1.302,1.056,1.337,1.337,1.337,1.337,1.337,1.337,1.337,4117.6,4117.6,4117.6,4117.6,4117.6,4117.6,4117.6,4117.6,4117.6,99.8,894.0,3104.3,1495.0,1187.8,1252.9,581.9,1188.2,513.8,888.9,313.4,280.5,512.6,564.1,429.5,411.5,770.6,808.6,894.0,18.7,33.7,36.1,28.2,29.7,13.7,28.3,12.2,21.2,7.4,6.7,12.2,13.5,9.9,9.8,18.2,19.2,36.1,18.7,21.2,38.4,41.1,32.0,33.7,15.5,32.2,13.7,24.1,8.3,7.5,13.7,15.1,11.0,11.0,20.6,21.7,21.2,41.2,41.2,41.2,41.2,41.2,41.2,41.2,41.2,41.2,0.0,63.0,75.4,71.7,67.8,65.0,51.5,58.0,55.5,59.3,37.0,24.6,28.3,32.2,35.0,48.5,42.0,44.5,40.7,0.0,0.0,0.0,0.0,0.0,0.0,0.0,0.0,0.0,1197.8,12.00,16,16,16,39,55,661,1,70.5,63.7,63.2,60.4,62.8,61.8,61.4,60.2,59.0,59.6,58.8,60.0,57.2,57.5,57.0,50.2,47.3,1.356,1.025,1.356,10.125,10.510,10.135,56.449,33.474,3.087,4.397,3.944,3.327,2.951,2.173,2.587,2.356,2.958,13.617,10.810,24.427,33.430,1197.8,1197.8,4110.6,4114.0,4107.2,4396.6,38.0,16.9,62.7,67.1,54.9,No,No,No,1.000,0.145,5.0,43,95.0,100.0,No,No,90859,98745,31,99.0,No,No,3320,0.0,0.2,0.2,0.000,0.067,12883,10356,0.0,0.0,0.0,0.000,0.000,50,0,35.0,47.5,83.0,0.669,12.122,12.160,12.142,12.065,1130,22.112,8.332,11.049,2.092,19.997,13.850,6.138,0.336,11.049,11.388,1.346,6.070,220.000,240.000,765.0,202.5,675.0,693.8,735.0,36.0,20.0,41.0,2.0,23.7,13.7,10.5,2.6,41.8,0.0,33,Yes,No,No,No,No,Yes,No,10.2,12.7,6,0,0,0,0,0,0,0,0,188,0,0,0,0,0,0,0,0,0,0,0,0,0,0,0,0,0,0,0,0,6253,1939,1773,90,5.0,130.6,254.7,10.7,10.0,10.2,10.0,32.7,120.3,9.7,9.6,9.6,9.6,7.66,93.35,3.89,3.66,97.99,100.13,0.75,0.03,7.57,0.09,3.72,0,0,0.0,0.0,80,129,6.2,92.7,0,
Date,Time,"Virtual Memory Committed [MB]","Virtual Memory Available [MB]","Virtual Memory Load [%]","Physical Memory Used [MB]","Physical Memory Available [MB]","Physical Memory Load [%]","Page File Usage [%]","Page File Total [MB]","Page File Used [MB]","Core VIDs (avg) [V]","Core 0 VID [V]","Core 1 VID [V]","Core 2 VID [V]","Core 3 VID [V]","Core 4 VID [V]","Core 5 VID [V]","Core 6 VID [V]","Core 7 VID [V]","Core Clocks (avg) [MHz]","Core 0 Clock (perf #1/4) [MHz]","Core 1 Clock (perf #1/3) [MHz]","Core 2 Clock (perf #2/6) [MHz]","Core 3 Clock (perf #3/5) [MHz]","Core 4 Clock (perf #6/8) [MHz]","Core 5 Clock (perf #4/2) [MHz]","Core 6 Clock (perf #5/1) [MHz]","Core 7 Clock (perf #7/7) [MHz]","Bus Clock [MHz]","Core Effective Clocks (avg) [MHz]","Core 0 T0 Effective Clock [MHz]","Core 0 T1 Effective Clock [MHz]","Core 1 T0 Effective Clock [MHz]","Core 1 T1 Effective Clock [MHz]","Core 2 T0 Effective Clock [MHz]","Core 2 T1 Effective Clock [MHz]","Core 3 T0 Effective Clock [MHz]","Core 3 T1 Effective Clock [MHz]","Core 4 T0 Effective Clock [MHz]","Core 4 T1 Effective Clock [MHz]","Core 5 T0 Effective Clock [MHz]","Core 5 T1 Effective Clock [MHz]","Core 6 T0 Effective Clock [MHz]","Core 6 T1 Effective Clock [MHz]","Core 7 T0 Effective Clock [MHz]","Core 7 T1 Effective Clock [MHz]","Average Effective Clock [MHz]","Core Usage (avg) [%]","Core 0 T0 Usage [%]","Core 0 T1 Usage [%]","Core 1 T0 Usage [%]","Core 1 T1 Usage [%]","Core 2 T0 Usage [%]","Core 2 T1 Usage [%]","Core 3 T0 Usage [%]","Core 3 T1 Usage [%]","Core 4 T0 Usage [%]","Core 4 T1 Usage [%]","Core 5 T0 Usage [%]","Core 5 T1 Usage [%]","Core 6 T0 Usage [%]","Core 6 T1 Usage [%]","Core 7 T0 Usage [%]","Core 7 T1 Usage [%]","Max CPU/Thread Usage [%]","Total CPU Usage [%]","Core Utility (avg) [%]","Core 0 T0 Utility [%]","Core 0 T1 Utility [%]","Core 1 T0 Utility [%]","Core 1 T1 Utility [%]","Core 2 T0 Utility [%]","Core 2 T1 Utility [%]","Core 3 T0 Utility [%]","Core 3 T1 Utility [%]","Core 4 T0 Utility [%]","Core 4 T1 Utility [%]","Core 5 T0 Utility [%]","Core 5 T1 Utility [%]","Core 6 T0 Utility [%]","Core 6 T1 Utility [%]","Core 7 T0 Utility [%]","Core 7 T1 Utility [%]","Total CPU Utility [%]","Core Ratios (avg) [x]","Core 0 Ratio [x]","Core 1 Ratio [x]","Core 2 Ratio [x]","Core 3 Ratio [x]","Core 4 Ratio [x]","Core 5 Ratio [x]","Core 6 Ratio [x]","Core 7 Ratio [x]","Package C6 Residency [%]","Core C0 Residency (avg) [%]","Core 0 C0 Residency [%]","Core 1 C0 Residency [%]","Core 2 C0 Residency [%]","Core 3 C0 Residency [%]","Core 4 C0 Residency [%]","Core 5 C0 Residency [%]","Core 6 C0 Residency [%]","Core 7 C0 Residency [%]","Core C1 Residency (avg) [%]","Core 0 C1 Residency [%]","Core 1 C1 Residency [%]","Core 2 C1 Residency [%]","Core 3 C1 Residency [%]","Core 4 C1 Residency [%]","Core 5 C1 Residency [%]","Core 6 C1 Residency [%]","Core 7 C1 Residency [%]","Core C6 Residency (avg) [%]","Core 0 C6 Residency [%]","Core 1 C6 Residency [%]","Core 2 C6 Residency [%]","Core 3 C6 Residency [%]","Core 4 C6 Residency [%]","Core 5 C6 Residency [%]","Core 6 C6 Residency [%]","Core 7 C6 Residency [%]","Memory Clock [MHz]","Memory Clock Ratio [x]","Tcas [T]","Trcd [T]","Trp [T]","Tras [T]","Trc [T]","Trfc [T]","Command Rate [T]","CPU (Tctl/Tdie) [°C]","CPU Die (average) [°C]","CPU CCD1 (Tdie) [°C]","Core Temperatures (avg) [°C]","Core0 (CCD1) [°C]","Core1 (CCD1) [°C]","Core2 (CCD1) [°C]","Core3 (CCD1) [°C]","Core4 (CCD1) [°C]","Core5 (CCD1) [°C]","Core6 (CCD1) [°C]","Core7 (CCD1) [°C]","L3 Temperatures (avg) [°C]","L3 Cache (CCD1:CCX1) [°C]","L3 Cache (CCD1:CCX2) [°C]","CPU IOD Hotspot [°C]","CPU IOD Average [°C]","CPU Core Voltage (SVI2 TFN) [V]","SoC Voltage (SVI2 TFN) [V]","CPU Core VID (Effective) [V]","CPU Core Current (SVI2 TFN) [A]","SoC Current (SVI2 TFN) [A]","CPU TDC [A]","CPU EDC [A]","CPU Package Power [W]","Core Powers (avg) [W]","Core 0 Power [W]","Core 1 Power [W]","Core 2 Power [W]","Core 3 Power [W]","Core 4 Power [W]","Core 5 Power [W]","Core 6 Power [W]","Core 7 Power [W]","CPU Core Power (SVI2 TFN) [W]","CPU SoC Power (SVI2 TFN) [W]","Core+SoC Power (SVI2 TFN) [W]","CPU PPT [W]","Infinity Fabric Clock (FCLK) [MHz]","Memory Controller Clock (UCLK) [MHz]","L3 Clocks (avg) [MHz]","L3 Cache (CCD1:CCX1) [MHz]","L3 Cache (CCD1:CCX2) [MHz]","Frequency Limit - Global [MHz]","CPU PPT Limit [%]","CPU TDC Limit [%]","CPU EDC Limit [%]","Thermal Limit [%]","Power Reporting Deviation (Accuracy) [%]","Thermal Throttling (HTC) [Yes/No]","Thermal Throttling (PROCHOT CPU) [Yes/No]","Thermal Throttling (PROCHOT EXT) [Yes/No]","DRAM Read Bandwidth [Gbps]","DRAM Write Bandwidth [Gbps]","Average Active Core Count []","Drive Temperature [°C]","Drive Remaining Life [%]","Drive Available Spare [%]","Drive Failure [Yes/No]","Drive Warning [Yes/No]","Total Host Writes [GB]","Total Host Reads [GB]","Drive Airflow Temperature [°C]","Drive Remaining Life [%]","Drive Failure [Yes/No]","Drive Warning [Yes/No]","Total Host Writes [GB]","Read Activity [%]","Write Activity [%]","Total Activity [%]","Read Rate [MB/s]","Write Rate [MB/s]","Read Total [MB]","Write Total [MB]","Read Activity [%]","Write Activity [%]","Total Activity [%]","Read Rate [MB/s]","Write Rate [MB/s]","Read Total [MB]","Write Total [MB]","GPU Temperature [°C]","GPU Hot Spot Temperature [°C]","GPU Thermal Limit [°C]","GPU Core Voltage [V]","GPU Rail Voltages (avg) [V]","GPU PCIe +12V Input Voltage [V]","GPU 8-pin #1 Input Voltage [V]","GPU Misc0 Input Voltage [V]","GPU Fan1 [RPM]","GPU Power [W]","GPU Rail Powers (avg) [W]","GPU Core (NVVDD) Input Power (sum) [W]","GPU PCIe +12V Input Power [W]","GPU 8-pin #1 Input Power [W]","GPU Misc0 Input Power [W]","GPU Core (NVVDD1) Input Power (sum) [W]","GPU PCIe +3.3V Input Power (est) [W]","GPU Core (NVVDD) Input Power (sum) [W]","GPU Input PP Source Power (sum) [W]","GPU Core (NVVDD) Output Power [W]","GPU Core (NVVDD) Output Power [W]","GPU Power Limit (rated) [W]","GPU Power Limit (max) [W]","GPU Clock [MHz]","GPU Memory Clock [MHz]","GPU Video Clock [MHz]","GPU Effective Clock [MHz]","GPU Crossbar Clock [MHz]","GPU Core Load [%]","GPU Memory Controller Load [%]","GPU Video Engine Load [%]","GPU Bus Load [%]","GPU Memory Usage [%]","GPU D3D Usages (avg) [%]","GPU D3D Usage [%]","GPU Video Decode 0 Usage [%]","GPU Video Encode 0 Usage [%]","GPU VR Usage [%]","GPU Fan1 [%]","GPU Performance Limiters (avg) [Yes/No]","Performance Limit - Power [Yes/No]","Performance Limit - Thermal [Yes/No]","Performance Limit - Reliability Voltage [Yes/No]","Performance Limit - Max Operating Voltage [Yes/No]","Performance Limit - Utilization [Yes/No]","Performance Limit - SLI GPUBoost Sync [Yes/No]","Total GPU Power [% of TDP] [%]","Total GPU Power (normalized) [% of TDP] [%]","PCI Express Error Counters (avg) []","Receiver Errors []","Replay Count []","Replay Rollover Count []","Bad DLLP Count []","Bad TLP Count []","LCRC Error Count []","NAKs Sent Count []","NAKs Received Count []","Recovery Count []","Correctable Error Count []","Non-Fatal Error Count []","Fatal Error Count []","Unsupported Request Count []","PCIe Lane 0 Errors []","PCIe Lane 1 Errors []","PCIe Lane 2 Errors []","PCIe Lane 3 Errors []","PCIe Lane 4 Errors []","PCIe Lane 5 Errors []","PCIe Lane 6 Errors []","PCIe Lane 7 Errors []","PCIe Lane 8 Errors []","PCIe Lane 9 Errors []","PCIe Lane 10 Errors []","PCIe Lane 11 Errors []","PCIe Lane 12 Errors []","PCIe Lane 13 Errors []","PCIe Lane 14 Errors []","PCIe Lane 15 Errors []","GPU Memory Available [MB]","GPU Memory Allocated [MB]","GPU D3D Memory Dedicated [MB]","GPU D3D Memory Dynamic [MB]","PCIe Link Speed [GT/s]","Framerate Presented (avg) [FPS]","Framerate Presented (99%) [FPS]","Framerate Presented (1%) [FPS]","Framerate Presented (0.1%) [FPS]","Framerate Presented (1% low) [FPS]","Framerate Presented (0.1% low) [FPS]","Framerate Displayed (avg) [FPS]","Framerate Displayed (99%) [FPS]","Framerate Displayed (1%) [FPS]","Framerate Displayed (0.1%) [FPS]","Framerate Displayed (1% low) [FPS]","Framerate Displayed (0.1% low) [FPS]","Frame Time Presented (avg) [ms]","Frame Time Presented (99%) [ms]","Frame Time Presented (1%) [ms]","Frame Time Presented (0.1%) [ms]","Frame Time Displayed (1% high) [ms]","Frame Time Displayed (0.1% high) [ms]","GPU Busy (avg) [ms]","GPU Wait (avg) [ms]","CPU Busy (avg) [ms]","CPU Wait (avg) [ms]","Animation Error (avg) [ms]","Total DL [MB]","Total UP [MB]","Current DL rate [KB/s]","Current UP rate [KB/s]","Total DL [MB]","Total UP [MB]","Current DL rate [KB/s]","Current UP rate [KB/s]","Total Errors []",
,,System: HP OMEN 25L Desktop GT12-0xxx,System: HP OMEN 25L Desktop GT12-0xxx,System: HP OMEN 25L Desktop GT12-0xxx,System: HP OMEN 25L Desktop GT12-0xxx,System: HP OMEN 25L Desktop GT12-0xxx,System: HP OMEN 25L Desktop GT12-0xxx,System: HP OMEN 25L Desktop GT12-0xxx,System: HP OMEN 25L Desktop GT12-0xxx,System: HP OMEN 25L Desktop GT12-0xxx,CPU [#0]: AMD Ryzen 7 3700X,CPU [#0]: AMD Ryzen 7 3700X,CPU [#0]: AMD Ryzen 7 3700X,CPU [#0]: AMD Ryzen 7 3700X,CPU [#0]: AMD Ryzen 7 3700X,CPU [#0]: AMD Ryzen 7 3700X,CPU [#0]: AMD Ryzen 7 3700X,CPU [#0]: AMD Ryzen 7 3700X,CPU [#0]: AMD Ryzen 7 3700X,CPU [#0]: AMD Ryzen 7 3700X,CPU [#0]: AMD Ryzen 7 3700X,CPU [#0]: AMD Ryzen 7 3700X,CPU [#0]: AMD Ryzen 7 3700X,CPU [#0]: AMD Ryzen 7 3700X,CPU [#0]: AMD Ryzen 7 3700X,CPU [#0]: AMD Ryzen 7 3700X,CPU [#0]: AMD Ryzen 7 3700X,CPU [#0]: AMD Ryzen 7 3700X,CPU [#0]: AMD Ryzen 7 3700X,CPU [#0]: AMD Ryzen 7 3700X,CPU [#0]: AMD Ryzen 7 3700X,CPU [#0]: AMD Ryzen 7 3700X,CPU [#0]: AMD Ryzen 7 3700X,CPU [#0]: AMD Ryzen 7 3700X,CPU [#0]: AMD Ryzen 7 3700X,CPU [#0]: AMD Ryzen 7 3700X,CPU [#0]: AMD Ryzen 7 3700X,CPU [#0]: AMD Ryzen 7 3700X,CPU [#0]: AMD Ryzen 7 3700X,CPU [#0]: AMD Ryzen 7 3700X,CPU [#0]: AMD Ryzen 7 3700X,CPU [#0]: AMD Ryzen 7 3700X,CPU [#0]: AMD Ryzen 7 3700X,CPU [#0]: AMD Ryzen 7 3700X,CPU [#0]: AMD Ryzen 7 3700X,CPU [#0]: AMD Ryzen 7 3700X,CPU [#0]: AMD Ryzen 7 3700X,CPU [#0]: AMD Ryzen 7 3700X,CPU [#0]: AMD Ryzen 7 3700X,CPU [#0]: AMD Ryzen 7 3700X,CPU [#0]: AMD Ryzen 7 3700X,CPU [#0]: AMD Ryzen 7 3700X,CPU [#0]: AMD Ryzen 7 3700X,CPU [#0]: AMD Ryzen 7 3700X,CPU [#0]: AMD Ryzen 7 3700X,CPU [#0]: AMD Ryzen 7 3700X,CPU [#0]: AMD Ryzen 7 3700X,CPU [#0]: AMD Ryzen 7 3700X,CPU [#0]: AMD Ryzen 7 3700X,CPU [#0]: AMD Ryzen 7 3700X,CPU [#0]: AMD Ryzen 7 3700X,CPU [#0]: AMD Ryzen 7 3700X,CPU [#0]: AMD Ryzen 7 3700X,CPU [#0]: AMD Ryzen 7 3700X,CPU [#0]: AMD Ryzen 7 3700X,CPU [#0]: AMD Ryzen 7 3700X,CPU [#0]: AMD Ryzen 7 3700X,CPU [#0]: AMD Ryzen 7 3700X,CPU [#0]: AMD Ryzen 7 3700X,CPU [#0]: AMD Ryzen 7 3700X,CPU [#0]: AMD Ryzen 7 3700X,CPU [#0]: AMD Ryzen 7 3700X,CPU [#0]: AMD Ryzen 7 3700X,CPU [#0]: AMD Ryzen 7 3700X,CPU [#0]: AMD Ryzen 7 3700X,CPU [#0]: AMD Ryzen 7 3700X,CPU [#0]: AMD Ryzen 7 3700X,CPU [#0]: AMD Ryzen 7 3700X,CPU [#0]: AMD Ryzen 7 3700X,CPU [#0]: AMD Ryzen 7 3700X,CPU [#0]: AMD Ryzen 7 3700X,CPU [#0]: AMD Ryzen 7 3700X,CPU [#0]: AMD Ryzen 7 3700X,CPU [#0]: AMD Ryzen 7 3700X,CPU [#0]: AMD Ryzen 7 3700X,CPU [#0]: AMD Ryzen 7 3700X,CPU [#0]: AMD Ryzen 7 3700X,CPU [#0]: AMD Ryzen 7 3700X,CPU [#0]: AMD Ryzen 7 3700X,CPU [#0]: AMD Ryzen 7 3700X,CPU [#0]: AMD Ryzen 7 3700X,CPU [#0]: AMD Ryzen 7 3700X,CPU [#0]: AMD Ryzen 7 3700X,CPU [#0]: AMD Ryzen 7 3700X: C-State Residency,CPU [#0]: AMD Ryzen 7 3700X: C-State Residency,CPU [#0]: AMD Ryzen 7 3700X: C-State Residency,CPU [#0]: AMD Ryzen 7 3700X: C-State Residency,CPU [#0]: AMD Ryzen 7 3700X: C-State Residency,CPU [#0]: AMD Ryzen 7 3700X: C-State Residency,CPU [#0]: AMD Ryzen 7 3700X: C-State Residency,CPU [#0]: AMD Ryzen 7 3700X: C-State Residency,CPU [#0]: AMD Ryzen 7 3700X: C-State Residency,CPU [#0]: AMD Ryzen 7 3700X: C-State Residency,CPU [#0]: AMD Ryzen 7 3700X: C-State Residency,CPU [#0]: AMD Ryzen 7 3700X: C-State Residency,CPU [#0]: AMD Ryzen 7 3700X: C-State Residency,CPU [#0]: AMD Ryzen 7 3700X: C-State Residency,CPU [#0]: AMD Ryzen 7 3700X: C-State Residency,CPU [#0]: AMD Ryzen 7 3700X: C-State Residency,CPU [#0]: AMD Ryzen 7 3700X: C-State Residency,CPU [#0]: AMD Ryzen 7 3700X: C-State Residency,CPU [#0]: AMD Ryzen 7 3700X: C-State Residency,CPU [#0]: AMD Ryzen 7 3700X: C-State Residency,CPU [#0]: AMD Ryzen 7 3700X: C-State Residency,CPU [#0]: AMD Ryzen 7 3700X: C-State Residency,CPU [#0]: AMD Ryzen 7 3700X: C-State Residency,CPU [#0]: AMD Ryzen 7 3700X: C-State Residency,CPU [#0]: AMD Ryzen 7 3700X: C-State Residency,CPU [#0]: AMD Ryzen 7 3700X: C-State Residency,CPU [#0]: AMD Ryzen 7 3700X: C-State Residency,CPU [#0]: AMD Ryzen 7 3700X: C-State Residency,Memory Timings,Memory Timings,Memory Timings,Memory Timings,Memory Timings,Memory Timings,Memory Timings,Memory Timings,Memory Timings,CPU [#0]: AMD Ryzen 7 3700X: Enhanced,CPU [#0]: AMD Ryzen 7 3700X: Enhanced,CPU [#0]: AMD Ryzen 7 3700X: Enhanced,CPU [#0]: AMD Ryzen 7 3700X: Enhanced,CPU [#0]: AMD Ryzen 7 3700X: Enhanced,CPU [#0]: AMD Ryzen 7 3700X: Enhanced,CPU [#0]: AMD Ryzen 7 3700X: Enhanced,CPU [#0]: AMD Ryzen 7 3700X: Enhanced,CPU [#0]: AMD Ryzen 7 3700X: Enhanced,CPU [#0]: AMD Ryzen 7 3700X: Enhanced,CPU [#0]: AMD Ryzen 7 3700X: Enhanced,CPU [#0]: AMD Ryzen 7 3700X: Enhanced,CPU [#0]: AMD Ryzen 7 3700X: Enhanced,CPU [#0]: AMD Ryzen 7 3700X: Enhanced,CPU [#0]: AMD Ryzen 7 3700X: Enhanced,CPU [#0]: AMD Ryzen 7 3700X: Enhanced,CPU [#0]: AMD Ryzen 7 3700X: Enhanced,CPU [#0]: AMD Ryzen 7 3700X: Enhanced,CPU [#0]: AMD Ryzen 7 3700X: Enhanced,CPU [#0]: AMD Ryzen 7 3700X: Enhanced,CPU [#0]: AMD Ryzen 7 3700X: Enhanced,CPU [#0]: AMD Ryzen 7 3700X: Enhanced,CPU [#0]: AMD Ryzen 7 3700X: Enhanced,CPU [#0]: AMD Ryzen 7 3700X: Enhanced,CPU [#0]: AMD Ryzen 7 3700X: Enhanced,CPU [#0]: AMD Ryzen 7 3700X: Enhanced,CPU [#0]: AMD Ryzen 7 3700X: Enhanced,CPU [#0]: AMD Ryzen 7 3700X: Enhanced,CPU [#0]: AMD Ryzen 7 3700X: Enhanced,CPU [#0]: AMD Ryzen 7 3700X: Enhanced,CPU [#0]: AMD Ryzen 7 3700X: Enhanced,CPU [#0]: AMD Ryzen 7 3700X: Enhanced,CPU [#0]: AMD Ryzen 7 3700X: Enhanced,CPU [#0]: AMD Ryzen 7 3700X: Enhanced,CPU [#0]: AMD Ryzen 7 3700X: Enhanced,CPU [#0]: AMD Ryzen 7 3700X: Enhanced,CPU [#0]: AMD Ryzen 7 3700X: Enhanced,CPU [#0]: AMD Ryzen 7 3700X: Enhanced,CPU [#0]: AMD Ryzen 7 3700X: Enhanced,CPU [#0]: AMD Ryzen 7 3700X: Enhanced,CPU [#0]: AMD Ryzen 7 3700X: Enhanced,CPU [#0]: AMD Ryzen 7 3700X: Enhanced,CPU [#0]: AMD Ryzen 7 3700X: Enhanced,CPU [#0]: AMD Ryzen 7 3700X: Enhanced,CPU [#0]: AMD Ryzen 7 3700X: Enhanced,CPU [#0]: AMD Ryzen 7 3700X: Enhanced,CPU [#0]: AMD Ryzen 7 3700X: Enhanced,CPU [#0]: AMD Ryzen 7 3700X: Enhanced,CPU [#0]: AMD Ryzen 7 3700X: Enhanced,CPU [#0]: AMD Ryzen 7 3700X: Enhanced,CPU [#0]: AMD Ryzen 7 3700X: Enhanced,CPU [#0]: AMD Ryzen 7 3700X: Enhanced,CPU [#0]: AMD Ryzen 7 3700X: Enhanced,CPU [#0]: AMD Ryzen 7 3700X: Enhanced,CPU [#0]: AMD Ryzen 7 3700X: Enhanced,S.M.A.R.T.: WDBRPG0010BNC-WRSN (21110V802526) [C:],S.M.A.R.T.: WDBRPG0010BNC-WRSN (21110V802526) [C:],S.M.A.R.T.: WDBRPG0010BNC-WRSN (21110V802526) [C:],S.M.A.R.T.: WDBRPG0010BNC-WRSN (21110V802526) [C:],S.M.A.R.T.: WDBRPG0010BNC-WRSN (21110V802526) [C:],S.M.A.R.T.: WDBRPG0010BNC-WRSN (21110V802526) [C:],S.M.A.R.T.: WDBRPG0010BNC-WRSN (21110V802526) [C:],S.M.A.R.T.: Samsung Portable SSD T1 500GB (S25NNAAGA11564A) [D:],S.M.A.R.T.: Samsung Portable SSD T1 500GB (S25NNAAGA11564A) [D:],S.M.A.R.T.: Samsung Portable SSD T1 500GB (S25NNAAGA11564A) [D:],S.M.A.R.T.: Samsung Portable SSD T1 500GB (S25NNAAGA11564A) [D:],S.M.A.R.T.: Samsung Portable SSD T1 500GB (S25NNAAGA11564A) [D:],Drive: WDBRPG0010BNC-WRSN (21110V802526) [C:],Drive: WDBRPG0010BNC-WRSN (21110V802526) [C:],Drive: WDBRPG0010BNC-WRSN (21110V802526) [C:],Drive: WDBRPG0010BNC-WRSN (21110V802526) [C:],Drive: WDBRPG0010BNC-WRSN (21110V802526) [C:],Drive: WDBRPG0010BNC-WRSN (21110V802526) [C:],Drive: WDBRPG0010BNC-WRSN (21110V802526) [C:],Drive: Samsung Portable SSD T1 500GB (S25NNAAGA11564A) [D:],Drive: Samsung Portable SSD T1 500GB (S25NNAAGA11564A) [D:],Drive: Samsung Portable SSD T1 500GB (S25NNAAGA11564A) [D:],Drive: Samsung Portable SSD T1 500GB (S25NNAAGA11564A) [D:],Drive: Samsung Portable SSD T1 500GB (S25NNAAGA11564A) [D:],Drive: Samsung Portable SSD T1 500GB (S25NNAAGA11564A) [D:],Drive: Samsung Portable SSD T1 500GB (S25NNAAGA11564A) [D:],dGPU [#0]: NVIDIA GeForce RTX 3070: HP GeForce RTX 3070,dGPU [#0]: NVIDIA GeForce RTX 3070: HP GeForce RTX 3070,dGPU [#0]: NVIDIA GeForce RTX 3070: HP GeForce RTX 3070,dGPU [#0]: NVIDIA GeForce RTX 3070: HP GeForce RTX 3070,dGPU [#0]: NVIDIA GeForce RTX 3070: HP GeForce RTX 3070,dGPU [#0]: NVIDIA GeForce RTX 3070: HP GeForce RTX 3070,dGPU [#0]: NVIDIA GeForce RTX 3070: HP GeForce RTX 3070,dGPU [#0]: NVIDIA GeForce RTX 3070: HP GeForce RTX 3070,dGPU [#0]: NVIDIA GeForce RTX 3070: HP GeForce RTX 3070,dGPU [#0]: NVIDIA GeForce RTX 3070: HP GeForce RTX 3070,dGPU [#0]: NVIDIA GeForce RTX 3070: HP GeForce RTX 3070,dGPU [#0]: NVIDIA GeForce RTX 3070: HP GeForce RTX 3070,dGPU [#0]: NVIDIA GeForce RTX 3070: HP GeForce RTX 3070,dGPU [#0]: NVIDIA GeForce RTX 3070: HP GeForce RTX 3070,dGPU [#0]: NVIDIA GeForce RTX 3070: HP GeForce RTX 3070,dGPU [#0]: NVIDIA GeForce RTX 3070: HP GeForce RTX 3070,dGPU [#0]: NVIDIA GeForce RTX 3070: HP GeForce RTX 3070,dGPU [#0]: NVIDIA GeForce RTX 3070: HP GeForce RTX 3070,dGPU [#0]: NVIDIA GeForce RTX 3070: HP GeForce RTX 3070,dGPU [#0]: NVIDIA GeForce RTX 3070: HP GeForce RTX 3070,dGPU [#0]: NVIDIA GeForce RTX 3070: HP GeForce RTX 3070,dGPU [#0]: NVIDIA GeForce RTX 3070: HP GeForce RTX 3070,dGPU [#0]: NVIDIA GeForce RTX 3070: HP GeForce RTX 3070,dGPU [#0]: NVIDIA GeForce RTX 3070: HP GeForce RTX 3070,dGPU [#0]: NVIDIA GeForce RTX 3070: HP GeForce RTX 3070,dGPU [#0]: NVIDIA GeForce RTX 3070: HP GeForce RTX 3070,dGPU [#0]: NVIDIA GeForce RTX 3070: HP GeForce RTX 3070,dGPU [#0]: NVIDIA GeForce RTX 3070: HP GeForce RTX 3070,dGPU [#0]: NVIDIA GeForce RTX 3070: HP GeForce RTX 3070,dGPU [#0]: NVIDIA GeForce RTX 3070: HP GeForce RTX 3070,dGPU [#0]: NVIDIA GeForce RTX 3070: HP GeForce RTX 3070,dGPU [#0]: NVIDIA GeForce RTX 3070: HP GeForce RTX 3070,dGPU [#0]: NVIDIA GeForce RTX 3070: HP GeForce RTX 3070,dGPU [#0]: NVIDIA GeForce RTX 3070: HP GeForce RTX 3070,dGPU [#0]: NVIDIA GeForce RTX 3070: HP GeForce RTX 3070,dGPU [#0]: NVIDIA GeForce RTX 3070: HP GeForce RTX 3070,dGPU [#0]: NVIDIA GeForce RTX 3070: HP GeForce RTX 3070,dGPU [#0]: NVIDIA GeForce RTX 3070: HP GeForce RTX 3070,dGPU [#0]: NVIDIA GeForce RTX 3070: HP GeForce RTX 3070,dGPU [#0]: NVIDIA GeForce RTX 3070: HP GeForce RTX 3070,dGPU [#0]: NVIDIA GeForce RTX 3070: HP GeForce RTX 3070,dGPU [#0]: NVIDIA GeForce RTX 3070: HP GeForce RTX 3070,dGPU [#0]: NVIDIA GeForce RTX 3070: HP GeForce RTX 3070,dGPU [#0]: NVIDIA GeForce RTX 3070: HP GeForce RTX 3070,dGPU [#0]: NVIDIA GeForce RTX 3070: HP GeForce RTX 3070,dGPU [#0]: NVIDIA GeForce RTX 3070: HP GeForce RTX 3070,dGPU [#0]: NVIDIA GeForce RTX 3070: HP GeForce RTX 3070,dGPU [#0]: NVIDIA GeForce RTX 3070: HP GeForce RTX 3070,dGPU [#0]: NVIDIA GeForce RTX 3070: HP GeForce RTX 3070,dGPU [#0]: NVIDIA GeForce RTX 3070: HP GeForce RTX 3070,dGPU [#0]: NVIDIA GeForce RTX 3070: HP GeForce RTX 3070,dGPU [#0]: NVIDIA GeForce RTX 3070: HP GeForce RTX 3070,dGPU [#0]: NVIDIA GeForce RTX 3070: HP GeForce RTX 3070,dGPU [#0]: NVIDIA GeForce RTX 3070: HP GeForce RTX 3070,dGPU [#0]: NVIDIA GeForce RTX 3070: HP GeForce RTX 3070,dGPU [#0]: NVIDIA GeForce RTX 3070: HP GeForce RTX 3070,dGPU [#0]: NVIDIA GeForce RTX 3070: HP GeForce RTX 3070,dGPU [#0]: NVIDIA GeForce RTX 3070: HP GeForce RTX 3070,dGPU [#0]: NVIDIA GeForce RTX 3070: HP GeForce RTX 3070,dGPU [#0]: NVIDIA GeForce RTX 3070: HP GeForce RTX 3070,dGPU [#0]: NVIDIA GeForce RTX 3070: HP GeForce RTX 3070,dGPU [#0]: NVIDIA GeForce RTX 3070: HP GeForce RTX 3070,dGPU [#0]: NVIDIA GeForce RTX 3070: HP GeForce RTX 3070,dGPU [#0]: NVIDIA GeForce RTX 3070: HP GeForce RTX 3070,dGPU [#0]: NVIDIA GeForce RTX 3070: HP GeForce RTX 3070,dGPU [#0]: NVIDIA GeForce RTX 3070: HP GeForce RTX 3070,dGPU [#0]: NVIDIA GeForce RTX 3070: HP GeForce RTX 3070,dGPU [#0]: NVIDIA GeForce RTX 3070: HP GeForce RTX 3070,dGPU [#0]: NVIDIA GeForce RTX 3070: HP GeForce RTX 3070,dGPU [#0]: NVIDIA GeForce RTX 3070: HP GeForce RTX 3070,dGPU [#0]: NVIDIA GeForce RTX 3070: HP GeForce RTX 3070,dGPU [#0]: NVIDIA GeForce RTX 3070: HP GeForce RTX 3070,dGPU [#0]: NVIDIA GeForce RTX 3070: HP GeForce RTX 3070,dGPU [#0]: NVIDIA GeForce RTX 3070: HP GeForce RTX 3070,dGPU [#0]: NVIDIA GeForce RTX 3070: HP GeForce RTX 3070,dGPU [#0]: NVIDIA GeForce RTX 3070: HP GeForce RTX 3070,dGPU [#0]: NVIDIA GeForce RTX 3070: HP GeForce RTX 3070,dGPU [#0]: NVIDIA GeForce RTX 3070: HP GeForce RTX 3070,dGPU [#0]: NVIDIA GeForce RTX 3070: HP GeForce RTX 3070,dGPU [#0]: NVIDIA GeForce RTX 3070: HP GeForce RTX 3070,dGPU [#0]: NVIDIA GeForce RTX 3070: HP GeForce RTX 3070,dGPU [#0]: NVIDIA GeForce RTX 3070: HP GeForce RTX 3070,dGPU [#0]: NVIDIA GeForce RTX 3070: HP GeForce RTX 3070,PresentMon [msedgewebview2.exe],PresentMon [msedgewebview2.exe],PresentMon [msedgewebview2.exe],PresentMon [msedgewebview2.exe],PresentMon [msedgewebview2.exe],PresentMon [msedgewebview2.exe],PresentMon [msedgewebview2.exe],PresentMon [msedgewebview2.exe],PresentMon [msedgewebview2.exe],PresentMon [msedgewebview2.exe],PresentMon [msedgewebview2.exe],PresentMon [msedgewebview2.exe],PresentMon [msedgewebview2.exe],PresentMon [msedgewebview2.exe],PresentMon [msedgewebview2.exe],PresentMon [msedgewebview2.exe],PresentMon [msedgewebview2.exe],PresentMon [msedgewebview2.exe],PresentMon [msedgewebview2.exe],PresentMon [msedgewebview2.exe],PresentMon [msedgewebview2.exe],PresentMon [msedgewebview2.exe],PresentMon [msedgewebview2.exe],Network: RealTek Semiconductor RTL8822CE Wireless LAN 802.11ac PCI-E NIC - Wi-Fi,Network: RealTek Semiconductor RTL8822CE Wireless LAN 802.11ac PCI-E NIC - Wi-Fi,Network: RealTek Semiconductor RTL8822CE Wireless LAN 802.11ac PCI-E NIC - Wi-Fi,Network: RealTek Semiconductor RTL8822CE Wireless LAN 802.11ac PCI-E NIC - Wi-Fi,Network: RealTek Semiconductor RTL8168/8111 PCI-E Gigabit Ethernet NIC - Ethernet,Network: RealTek Semiconductor RTL8168/8111 PCI-E Gigabit Ethernet NIC - Ethernet,Network: RealTek Semiconductor RTL8168/8111 PCI-E Gigabit Ethernet NIC - Ethernet,Network: RealTek Semiconductor RTL8168/8111 PCI-E Gigabit Ethernet NIC - Ethernet,Windows Hardware Errors (WHEA),
