Date,Time,"Virtual Memory Committed [MB]","Virtual Memory Available [MB]","Virtual Memory Load [%]","Physical Memory Used [MB]","Physical Memory Available [MB]","Physical Memory Load [%]","Page File Usage [%]","Page File Total [MB]","Page File Used [MB]","Core VIDs (avg) [V]","Core 0 VID [V]","Core 1 VID [V]","Core 2 VID [V]","Core 3 VID [V]","Core 4 VID [V]","Core 5 VID [V]","Core 6 VID [V]","Core 7 VID [V]","Core Clocks (avg) [MHz]","Core 0 Clock (perf #1/4) [MHz]","Core 1 Clock (perf #1/3) [MHz]","Core 2 Clock (perf #2/6) [MHz]","Core 3 Clock (perf #3/5) [MHz]","Core 4 Clock (perf #6/8) [MHz]","Core 5 Clock (perf #4/2) [MHz]","Core 6 Clock (perf #5/1) [MHz]","Core 7 Clock (perf #7/7) [MHz]","Bus Clock [MHz]","Core Effective Clocks (avg) [MHz]","Core 0 T0 Effective Clock [MHz]","Core 0 T1 Effective Clock [MHz]","Core 1 T0 Effective Clock [MHz]","Core 1 T1 Effective Clock [MHz]","Core 2 T0 Effective Clock [MHz]","Core 2 T1 Effective Clock [MHz]","Core 3 T0 Effective Clock [MHz]","Core 3 T1 Effective Clock [MHz]","Core 4 T0 Effective Clock [MHz]","Core 4 T1 Effective Clock [MHz]","Core 5 T0 Effective Clock [MHz]","Core 5 T1 Effective Clock [MHz]","Core 6 T0 Effective Clock [MHz]","Core 6 T1 Effective Clock [MHz]","Core 7 T0 Effective Clock [MHz]","Core 7 T1 Effective Clock [MHz]","Average Effective Clock [MHz]","Core Usage (avg) [%]","Core 0 T0 Usage [%]","Core 0 T1 Usage [%]","Core 1 T0 Usage [%]","Core 1 T1 Usage [%]","Core 2 T0 Usage [%]","Core 2 T1 Usage [%]","Core 3 T0 Usage [%]","Core 3 T1 Usage [%]","Core 4 T0 Usage [%]","Core 4 T1 Usage [%]","Core 5 T0 Usage [%]","Core 5 T1 Usage [%]","Core 6 T0 Usage [%]","Core 6 T1 Usage [%]","Core 7 T0 Usage [%]","Core 7 T1 Usage [%]","Max CPU/Thread Usage [%]","Total CPU Usage [%]","Core Utility (avg) [%]","Core 0 T0 Utility [%]","Core 0 T1 Utility [%]","Core 1 T0 Utility [%]","Core 1 T1 Utility [%]","Core 2 T0 Utility [%]","Core 2 T1 Utility [%]","Core 3 T0 Utility [%]","Core 3 T1 Utility [%]","Core 4 T0 Utility [%]","Core 4 T1 Utility [%]","Core 5 T0 Utility [%]","Core 5 T1 Utility [%]","Core 6 T0 Utility [%]","Core 6 T1 Utility [%]","Core 7 T0 Utility [%]","Core 7 T1 Utility [%]","Total CPU Utility [%]","Core Ratios (avg) [x]","Core 0 Ratio [x]","Core 1 Ratio [x]","Core 2 Ratio [x]","Core 3 Ratio [x]","Core 4 Ratio [x]","Core 5 Ratio [x]","Core 6 Ratio [x]","Core 7 Ratio [x]","Package C6 Residency [%]","Core C0 Residency (avg) [%]","Core 0 C0 Residency [%]","Core 1 C0 Residency [%]","Core 2 C0 Residency [%]","Core 3 C0 Residency [%]","Core 4 C0 Residency [%]","Core 5 C0 Residency [%]","Core 6 C0 Residency [%]","Core 7 C0 Residency [%]","Core C1 Residency (avg) [%]","Core 0 C1 Residency [%]","Core 1 C1 Residency [%]","Core 2 C1 Residency [%]","Core 3 C1 Residency [%]","Core 4 C1 Residency [%]","Core 5 C1 Residency [%]","Core 6 C1 Residency [%]","Core 7 C1 Residency [%]","Core C6 Residency (avg) [%]","Core 0 C6 Residency [%]","Core 1 C6 Residency [%]","Core 2 C6 Residency [%]","Core 3 C6 Residency [%]","Core 4 C6 Residency [%]","Core 5 C6 Residency [%]","Core 6 C6 Residency [%]","Core 7 C6 Residency [%]","Memory Clock [MHz]","Memory Clock Ratio [x]","Tcas [T]","Trcd [T]","Trp [T]","Tras [T]","Trc [T]","Trfc [T]","Command Rate [T]","CPU (Tctl/Tdie) [°C]","CPU Die (average) [°C]","CPU CCD1 (Tdie) [°C]","Core Temperatures (avg) [°C]","Core0 (CCD1) [°C]","Core1 (CCD1) [°C]","Core2 (CCD1) [°C]","Core3 (CCD1) [°C]","Core4 (CCD1) [°C]","Core5 (CCD1) [°C]","Core6 (CCD1) [°C]","Core7 (CCD1) [°C]","L3 Temperatures (avg) [°C]","L3 Cache (CCD1:CCX1) [°C]","L3 Cache (CCD1:CCX2) [°C]","CPU IOD Hotspot [°C]","CPU IOD Average [°C]","CPU Core Voltage (SVI2 TFN) [V]","SoC Voltage (SVI2 TFN) [V]","CPU Core VID (Effective) [V]","CPU Core Current (SVI2 TFN) [A]","SoC Current (SVI2 TFN) [A]","CPU TDC [A]","CPU EDC [A]","CPU Package Power [W]","Core Powers (avg) [W]","Core 0 Power [W]","Core 1 Power [W]","Core 2 Power [W]","Core 3 Power [W]","Core 4 Power [W]","Core 5 Power [W]","Core 6 Power [W]","Core 7 Power [W]","CPU Core Power (SVI2 TFN) [W]","CPU SoC Power (SVI2 TFN) [W]","Core+SoC Power (SVI2 TFN) [W]","CPU PPT [W]","Infinity Fabric Clock (FCLK) [MHz]","Memory Controller Clock (UCLK) [MHz]","L3 Clocks (avg) [MHz]","L3 Cache (CCD1:CCX1) [MHz]","L3 Cache (CCD1:CCX2) [MHz]","Frequency Limit - Global [MHz]","CPU PPT Limit [%]","CPU TDC Limit [%]","CPU EDC Limit [%]","Thermal Limit [%]","Power Reporting Deviation (Accuracy) [%]","Thermal Throttling (HTC) [Yes/No]","Thermal Throttling (PROCHOT CPU) [Yes/No]","Thermal Throttling (PROCHOT EXT) [Yes/No]","DRAM Read Bandwidth [Gbps]","DRAM Write Bandwidth [Gbps]","Average Active Core Count []","Drive Temperature [°C]","Drive Remaining Life [%]","Drive Available Spare [%]","Drive Failure [Yes/No]","Drive Warning [Yes/No]","Total Host Writes [GB]","Total Host Reads [GB]","Drive Airflow Temperature [°C]","Drive Remaining Life [%]","Drive Failure [Yes/No]","Drive Warning [Yes/No]","Total Host Writes [GB]","Read Activity [%]","Write Activity [%]","Total Activity [%]","Read Rate [MB/s]","Write Rate [MB/s]","Read Total [MB]","Write Total [MB]","Read Activity [%]","Write Activity [%]","Total Activity [%]","Read Rate [MB/s]","Write Rate [MB/s]","Read Total [MB]","Write Total [MB]","GPU Temperature [°C]","GPU Hot Spot Temperature [°C]","GPU Thermal Limit [°C]","GPU Core Voltage [V]","GPU Rail Voltages (avg) [V]","GPU PCIe +12V Input Voltage [V]","GPU 8-pin #1 Input Voltage [V]","GPU Misc0 Input Voltage [V]","GPU Fan1 [RPM]","GPU Power [W]","GPU Rail Powers (avg) [W]","GPU Core (NVVDD) Input Power (sum) [W]","GPU PCIe +12V Input Power [W]","GPU 8-pin #1 Input Power [W]","GPU Misc0 Input Power [W]","GPU Core (NVVDD1) Input Power (sum) [W]","GPU PCIe +3.3V Input Power (est) [W]","GPU Core (NVVDD) Input Power (sum) [W]","GPU Input PP Source Power (sum) [W]","GPU Core (NVVDD) Output Power [W]","GPU Core (NVVDD) Output Power [W]","GPU Power Limit (rated) [W]","GPU Power Limit (max) [W]","GPU Clock [MHz]","GPU Memory Clock [MHz]","GPU Video Clock [MHz]","GPU Effective Clock [MHz]","GPU Crossbar Clock [MHz]","GPU Core Load [%]","GPU Memory Controller Load [%]","GPU Video Engine Load [%]","GPU Bus Load [%]","GPU Memory Usage [%]","GPU D3D Usages (avg) [%]","GPU D3D Usage [%]","GPU Video Decode 0 Usage [%]","GPU Video Encode 0 Usage [%]","GPU VR Usage [%]","GPU Fan1 [%]","GPU Performance Limiters (avg) [Yes/No]","Performance Limit - Power [Yes/No]","Performance Limit - Thermal [Yes/No]","Performance Limit - Reliability Voltage [Yes/No]","Performance Limit - Max Operating Voltage [Yes/No]","Performance Limit - Utilization [Yes/No]","Performance Limit - SLI GPUBoost Sync [Yes/No]","Total GPU Power [% of TDP] [%]","Total GPU Power (normalized) [% of TDP] [%]","PCI Express Error Counters (avg) []","Receiver Errors []","Replay Count []","Replay Rollover Count []","Bad DLLP Count []","Bad TLP Count []","LCRC Error Count []","NAKs Sent Count []","NAKs Received Count []","Recovery Count []","Correctable Error Count []","Non-Fatal Error Count []","Fatal Error Count []","Unsupported Request Count []","PCIe Lane 0 Errors []","PCIe Lane 1 Errors []","PCIe Lane 2 Errors []","PCIe Lane 3 Errors []","PCIe Lane 4 Errors []","PCIe Lane 5 Errors []","PCIe Lane 6 Errors []","PCIe Lane 7 Errors []","PCIe Lane 8 Errors []","PCIe Lane 9 Errors []","PCIe Lane 10 Errors []","PCIe Lane 11 Errors []","PCIe Lane 12 Errors []","PCIe Lane 13 Errors []","PCIe Lane 14 Errors []","PCIe Lane 15 Errors []","GPU Memory Available [MB]","GPU Memory Allocated [MB]","GPU D3D Memory Dedicated [MB]","GPU D3D Memory Dynamic [MB]","PCIe Link Speed [GT/s]","Framerate Presented (avg) [FPS]","Framerate Presented (99%) [FPS]","Framerate Presented (1%) [FPS]","Framerate Presented (0.1%) [FPS]","Framerate Presented (1% low) [FPS]","Framerate Presented (0.1% low) [FPS]","Framerate Displayed (avg) [FPS]","Framerate Displayed (99%) [FPS]","Framerate Displayed (1%) [FPS]","Framerate Displayed (0.1%) [FPS]","Framerate Displayed (1% low) [FPS]","Framerate Displayed (0.1% low) [FPS]","Frame Time Presented (avg) [ms]","Frame Time Presented (99%) [ms]","Frame Time Presented (1%) [ms]","Frame Time Presented (0.1%) [ms]","Frame Time Displayed (1% high) [ms]","Frame Time Displayed (0.1% high) [ms]","GPU Busy (avg) [ms]","GPU Wait (avg) [ms]","CPU Busy (avg) [ms]","CPU Wait (avg) [ms]","Animation Error (avg) [ms]","Total DL [MB]","Total UP [MB]","Current DL rate [KB/s]","Current UP rate [KB/s]","Total DL [MB]","Total UP [MB]","Current DL rate [KB/s]","Current UP rate [KB/s]","Total Errors []",
7.7.2026,19:57:52.051,22015,23978,47.8,15302,17380,46.8,0.0,13312,0,1.293,1.288,1.294,1.294,1.294,1.294,1.294,1.294,1.294,4020.9,4042.7,4017.8,4017.8,4017.8,4017.8,4017.8,4017.8,4017.8,99.8,4011.3,4024.9,4010.4,4010.8,4010.9,4010.5,4010.9,4011.4,4011.6,4009.3,4009.4,4009.7,4010.2,4009.9,4010.0,4010.2,4010.5,4011.3,100.0,100.0,100.0,100.0,100.0,100.0,100.0,100.0,100.0,100.0,100.0,100.0,100.0,100.0,100.0,100.0,100.0,100.0,100.0,111.6,111.6,111.6,111.6,111.6,111.6,111.6,111.6,111.7,111.6,111.6,111.6,111.6,111.6,111.6,111.6,111.6,111.6,40.3,40.5,40.2,40.2,40.2,40.2,40.2,40.2,40.2,0.0,100.0,100.0,100.0,100.0,100.0,100.0,100.0,100.0,100.0,0.0,0.0,0.0,0.0,0.0,0.0,0.0,0.0,0.0,0.0,0.0,0.0,0.0,0.0,0.0,0.0,0.0,0.0,1197.8,12.00,16,16,16,39,55,661,1,82.1,82.8,83.2,79.3,79.0,78.9,80.7,80.4,78.8,78.7,78.2,79.7,68.4,68.5,68.3,59.0,53.9,1.337,1.038,1.350,24.183,11.746,24.187,90.000,53.373,6.742,6.697,6.636,7.053,7.010,6.648,6.441,6.597,6.852,31.858,12.158,44.016,53.445,1197.8,1197.8,4024.9,4024.9,4024.9,4024.9,60.7,40.3,100.0,87.2,58.9,No,No,No,4.535,0.089,8.0,47,95.0,100.0,No,No,91255,99036,29,99.0,No,No,3320,0.1,1.0,1.2,0.117,1.166,17661,14691,0.0,0.0,0.0,0.000,0.000,50,0,39.2,52.9,83.0,0.694,12.126,12.170,12.144,12.063,1134,33.975,12.731,15.882,3.164,30.774,21.942,8.823,0.336,15.882,18.400,1.770,10.335,220.000,240.000,480.0,1250.2,780.0,684.0,1065.0,37.0,6.0,0.0,0.0,48.4,2.7,10.8,0.0,0.0,0.0,33,Yes,No,No,No,No,Yes,No,15.6,19.8,4,0,0,0,0,0,0,0,0,121,0,0,0,0,0,0,0,0,0,0,0,0,0,0,0,0,0,0,0,0,4228,3964,3806,796,8.0,238.3,263.9,207.4,130.5,152.3,121.3,51.6,60.4,18.3,15.3,15.0,15.0,4.20,4.82,3.74,3.32,6.58,8.29,0.57,0.50,4.03,0.17,2.28,0,0,0.0,0.0,7926,152,7.2,2.9,0,
7.7.2026,19:57:54.050,22015,23978,47.8,15302,17380,46.8,0.0,13312,0,1.293,1.288,1.294,1.294,1.294,1.294,1.294,1.294,1.294,4020.9,4042.7,4017.8,4017.8,4017.8,4017.8,4017.8,4017.8,4017.8,99.8,4011.3,4024.9,4010.4,4010.8,4010.9,4010.5,4010.9,4011.4,4011.6,4009.3,4009.4,4009.7,4010.2,4009.9,4010.0,4010.2,4010.5,4011.3,100.0,100.0,100.0,100.0,100.0,100.0,100.0,100.0,100.0,100.0,100.0,100.0,100.0,100.0,100.0,100.0,100.0,100.0,100.0,111.6,111.6,111.6,111.6,111.6,111.6,111.6,111.6,111.7,111.6,111.6,111.6,111.6,111.6,111.6,111.6,111.6,111.6,40.3,40.5,40.2,40.2,40.2,40.2,40.2,40.2,40.2,0.0,100.0,100.0,100.0,100.0,100.0,100.0,100.0,100.0,100.0,0.0,0.0,0.0,0.0,0.0,0.0,0.0,0.0,0.0,0.0,0.0,0.0,0.0,0.0,0.0,0.0,0.0,0.0,1197.8,12.00,16,16,16,39,55,661,1,82.1,82.8,83.2,79.3,79.0,78.9,80.7,80.4,78.8,78.7,78.2,79.7,68.4,68.5,68.3,59.0,53.9,1.337,1.038,1.350,24.183,11.746,24.187,90.000,53.373,6.742,6.697,6.636,7.053,7.010,6.648,6.441,6.597,6.852,31.858,12.158,44.016,53.445,1197.8,1197.8,4024.9,4024.9,4024.9,4024.9,60.7,40.3,100.0,87.2,58.9,No,No,No,4.535,0.089,8.0,47,95.0,100.0,No,No,91255,99036,29,99.0,No,No,3320,0.1,1.0,1.2,0.117,1.166,17661,14691,0.0,0.0,0.0,0.000,0.000,50,0,38.4,51.0,83.0,0.669,12.136,12.180,12.152,12.075,1130,26.214,9.013,12.966,2.180,21.327,14.116,7.203,0.336,12.966,10.885,1.687,6.466,220.000,240.000,780.0,202.5,780.0,780.0,900.0,8.0,13.0,0.0,0.0,48.4,5.4,21.5,0.0,0.0,0.0,33,Yes,No,No,No,No,Yes,No,10.7,13.5,4,0,0,0,0,0,0,0,0,122,0,0,0,0,0,0,0,0,0,0,0,0,0,0,0,0,0,0,0,0,4227,3965,3807,797,5.0,238.3,263.9,207.4,130.5,152.3,121.3,51.6,60.4,18.3,15.3,15.0,15.0,4.20,4.82,3.74,3.32,6.58,8.29,0.57,0.50,4.03,0.17,2.28,0,0,0.0,0.0,7926,152,7.2,2.9,0,
7.7.2026,19:57:56.053,22107,23886,48.0,15381,17301,47.0,0.0,13312,0,1.304,1.312,1.288,1.288,1.294,1.312,1.319,1.325,1.294,4027.1,4017.8,4017.8,4017.8,4017.8,4042.7,4042.7,4042.7,4017.8,99.8,4014.6,4029.7,4013.6,4014.1,4014.0,4013.7,4014.0,4014.5,4014.6,4012.6,4012.7,4013.2,4014.0,4013.0,4013.2,4013.7,4013.8,4014.6,100.0,100.0,100.0,100.0,100.0,100.0,100.0,100.0,100.0,100.0,100.0,100.0,100.0,100.0,100.0,100.0,100.0,100.0,100.0,111.7,111.7,111.7,111.7,111.7,111.7,111.7,111.7,111.7,111.7,111.7,111.7,111.7,111.7,111.7,111.7,111.7,111.7,40.3,40.2,40.2,40.2,40.2,40.5,40.5,40.5,40.2,0.0,100.0,100.0,100.0,100.0,100.0,100.0,100.0,100.0,100.0,0.0,0.0,0.0,0.0,0.0,0.0,0.0,0.0,0.0,0.0,0.0,0.0,0.0,0.0,0.0,0.0,0.0,0.0,1197.8,12.00,16,16,16,39,55,661,1,81.4,80.9,79.2,77.0,79.1,78.8,78.1,77.6,75.9,75.0,75.7,75.7,67.5,67.7,67.3,57.0,53.9,1.306,1.038,1.319,21.316,11.515,21.319,90.000,49.313,6.098,7.112,7.153,6.206,6.074,5.570,5.100,5.899,5.666,28.094,11.905,39.999,49.409,1197.8,1197.8,4029.7,4029.7,4029.7,4029.7,56.1,35.5,100.0,85.1,57.9,No,No,No,4.696,0.050,8.0,47,95.0,100.0,No,No,91255,99036,29,99.0,No,No,3320,0.3,0.6,0.9,0.521,1.937,17663,14697,0.0,0.0,0.0,0.000,0.000,50,0,39.5,53.5,83.0,0.694,12.126,12.169,12.145,12.064,1128,32.674,14.090,19.059,4.539,32.766,22.161,10.588,0.336,19.059,18.579,1.867,11.944,220.000,240.000,780.0,1250.2,780.0,780.0,1065.0,31.0,7.0,0.0,1.0,48.8,7.2,28.9,0.0,0.0,0.0,33,Yes,No,No,No,No,Yes,No,17.3,21.9,4,0,0,0,0,0,0,0,0,123,0,0,0,0,0,0,0,0,0,0,0,0,0,0,0,0,0,0,0,0,4193,3999,3846,797,8.0,239.7,293.1,203.0,178.3,187.3,176.5,37.3,245.1,3.1,1.2,1.1,1.1,4.17,5.21,3.33,2.82,5.38,5.47,0.52,0.19,3.92,0.25,2.33,0,0,0.0,0.0,7926,152,253.0,18.0,0,
7.7.2026,19:57:58.052,22058,23935,47.9,15309,17373,46.8,0.0,13312,0,1.293,1.275,1.294,1.294,1.300,1.294,1.294,1.300,1.294,4005.3,3992.8,4017.8,3992.8,3992.8,3992.8,4017.8,4017.8,4017.8,99.8,4008.0,4023.4,4008.2,4007.9,4007.9,4007.5,4007.7,4007.7,4007.9,4005.7,4006.0,4006.5,4007.0,4006.0,4006.2,4006.3,4005.4,4008.0,100.0,100.0,100.0,100.0,100.0,100.0,100.0,100.0,100.0,100.0,100.0,100.0,100.0,100.0,100.0,100.0,100.0,100.0,100.0,111.6,111.6,111.6,111.6,111.6,111.6,111.6,111.6,111.6,111.6,111.6,111.6,111.6,111.6,111.6,111.6,111.6,111.6,40.1,40.0,40.2,40.0,40.0,40.0,40.2,40.2,40.2,0.0,100.0,100.0,100.0,100.0,100.0,100.0,100.0,100.0,100.0,0.0,0.0,0.0,0.0,0.0,0.0,0.0,0.0,0.0,0.0,0.0,0.0,0.0,0.0,0.0,0.0,0.0,0.0,1197.8,12.00,16,16,16,39,55,661,1,90.6,82.7,86.0,79.0,78.6,78.7,79.1,78.9,78.0,80.1,78.5,80.4,67.8,67.9,67.6,58.8,54.2,1.319,1.031,1.337,24.201,11.741,24.182,90.000,53.108,6.977,6.772,6.796,6.833,6.711,6.487,7.366,7.090,7.757,31.849,12.156,44.005,53.383,1197.8,1197.8,4023.4,4023.4,4023.4,4023.4,60.7,40.3,100.0,87.1,59.4,No,No,No,4.492,0.082,8.0,47,95.0,100.0,No,No,91255,99036,29,99.0,No,No,3320,0.2,1.0,1.2,0.306,13.265,17663,14718,0.0,0.0,0.0,0.000,0.000,50,0,39.5,53.4,83.0,0.694,12.125,12.169,12.144,12.063,1128,36.191,13.338,17.292,3.858,31.781,22.148,9.607,0.336,17.292,18.681,1.729,10.657,220.000,240.000,600.0,1250.2,780.0,671.7,1065.0,33.0,6.0,0.0,0.0,49.0,3.9,15.8,0.0,0.0,0.0,33,Yes,No,No,No,No,Yes,No,16.4,20.3,4,0,0,0,0,0,0,0,0,123,0,0,0,0,0,0,0,0,0,0,0,0,0,0,0,0,0,0,0,0,4182,4010,3852,797,8.0,239.8,285.4,204.6,176.0,189.4,170.9,68.8,242.3,30.0,30.0,30.0,30.0,4.17,4.98,3.43,2.47,5.33,5.85,0.32,0.40,3.98,0.19,0.89,0,0,0.0,0.0,7929,152,1366.5,29.1,0,
7.7.2026,19:58:0.055,22068,23925,47.9,15330,17352,46.9,0.0,13312,0,1.295,1.288,1.300,1.306,1.294,1.300,1.300,1.288,1.288,4008.4,3992.8,3992.8,3992.8,4017.8,4017.8,4017.8,4017.8,4017.8,99.8,4010.3,4023.1,4009.3,4009.6,4009.8,4009.8,4009.8,4010.4,4010.7,4007.7,4007.8,4008.9,4010.1,4009.0,4009.1,4010.0,4010.4,4010.3,100.0,100.0,100.0,100.0,100.0,100.0,100.0,100.0,100.0,100.0,100.0,100.0,100.0,100.0,100.0,100.0,100.0,100.0,100.0,111.6,111.6,111.6,111.6,111.6,111.6,111.6,111.6,111.6,111.6,111.6,111.6,111.6,111.6,111.6,111.6,111.6,111.6,40.2,40.0,40.0,40.0,40.2,40.2,40.2,40.2,40.2,0.0,100.0,100.0,100.0,100.0,100.0,100.0,100.0,100.0,100.0,0.0,0.0,0.0,0.0,0.0,0.0,0.0,0.0,0.0,0.0,0.0,0.0,0.0,0.0,0.0,0.0,0.0,0.0,1197.8,12.00,16,16,16,39,55,661,1,87.5,84.6,80.2,80.1,79.9,79.2,83.4,81.4,80.6,78.6,78.8,78.9,68.4,68.5,68.2,59.0,54.3,1.319,1.038,1.325,24.954,11.801,24.967,90.000,54.476,6.630,6.743,6.655,8.150,7.379,6.825,5.620,5.894,5.772,32.836,12.220,45.055,54.489,1197.8,1197.8,4023.1,4023.1,4023.1,4023.1,61.9,41.6,100.0,89.0,59.2,No,No,No,4.592,0.077,8.0,47,95.0,100.0,No,No,91255,99036,29,99.0,No,No,3320,0.1,0.2,0.2,0.077,1.371,17663,14721,0.0,0.0,0.0,0.000,0.000,50,0,38.8,51.8,83.0,0.669,12.129,12.171,12.147,12.070,1128,31.327,10.972,16.174,3.505,24.707,15.715,8.986,0.336,16.174,12.388,1.602,10.128,220.000,240.000,780.0,202.5,780.0,672.8,930.0,53.0,39.0,0.0,1.0,49.0,7.3,29.1,0.0,0.0,0.0,33,Yes,No,No,No,No,Yes,No,13.0,16.3,4,0,0,0,0,0,0,0,0,124,0,0,0,0,0,0,0,0,0,0,0,0,0,0,0,0,0,0,0,0,4182,4010,3852,797,5.0,239.7,282.3,208.8,205.7,207.0,205.3,73.3,288.9,38.9,32.4,31.8,31.8,4.17,4.81,3.51,1.61,5.32,6.19,0.47,0.04,3.93,0.24,1.56,0,0,0.0,0.0,7929,152,1.5,0.9,0,
7.7.2026,19:58:2.083,22152,23842,48.1,15398,17284,47.1,0.0,13312,0,1.288,1.300,1.275,1.281,1.288,1.294,1.300,1.294,1.275,4005.3,4017.8,3992.8,3992.8,4017.8,3992.8,4017.8,4017.8,3992.8,99.8,4010.1,4025.1,4009.9,4010.1,4010.1,4009.8,4010.2,4010.5,4010.4,4007.7,4007.8,4008.6,4008.6,4007.5,4008.1,4008.5,4008.3,4010.1,100.0,100.0,100.0,100.0,100.0,100.0,100.0,100.0,100.0,100.0,100.0,100.0,100.0,100.0,100.0,100.0,100.0,100.0,100.0,111.6,111.6,111.6,111.6,111.6,111.6,111.6,111.6,111.6,111.6,111.6,111.6,111.6,111.6,111.6,111.6,111.6,111.6,40.1,40.2,40.0,40.0,40.2,40.0,40.2,40.2,40.0,0.0,100.0,100.0,100.0,100.0,100.0,100.0,100.0,100.0,100.0,0.0,0.0,0.0,0.0,0.0,0.0,0.0,0.0,0.0,0.0,0.0,0.0,0.0,0.0,0.0,0.0,0.0,0.0,1197.8,12.00,16,16,16,39,55,661,1,85.4,82.4,88.8,77.6,77.8,76.6,80.1,77.6,79.4,76.5,76.8,76.1,67.4,67.6,67.3,57.5,54.3,1.319,1.044,1.331,21.884,11.492,21.883,90.000,50.024,6.450,6.331,6.211,6.968,6.190,7.169,6.533,6.103,6.093,28.828,11.887,40.715,50.094,1197.8,1197.8,4025.1,4025.1,4025.1,4025.1,56.9,36.5,100.0,86.7,58.3,No,No,No,4.559,0.068,8.0,47,95.0,100.0,No,No,91255,99036,29,99.0,No,No,3320,0.0,0.1,0.1,0.020,0.137,17664,14721,0.0,0.0,0.0,0.000,0.000,50,0,38.8,51.8,83.0,0.669,12.128,12.169,12.146,12.068,1131,28.344,10.754,15.351,3.274,23.892,15.351,8.528,0.336,15.351,12.153,3.883,9.418,220.000,240.000,780.0,202.5,780.0,780.0,900.0,44.0,33.0,0.0,1.0,49.0,8.0,32.2,0.0,0.0,0.0,33,Yes,No,No,No,No,Yes,No,12.4,15.2,4,0,0,0,0,0,0,0,0,124,0,0,0,0,0,0,0,0,0,0,0,0,0,0,0,0,0,0,0,0,4178,4014,3856,797,5.0,210.7,0.0,45.2,33.1,37.3,32.2,49.0,172.5,15.4,14.2,14.1,14.1,4.75,22.02,0.17,0.07,26.75,30.98,1.00,0.07,4.55,0.20,2.10,0,0,0.0,0.0,7929,152,4.9,6.2,0,
7.7.2026,19:58:4.091,22145,23849,48.1,15379,17302,47.0,0.0,13312,0,1.295,1.294,1.288,1.288,1.312,1.288,1.288,1.319,1.288,4027.1,4017.8,4017.8,4042.7,4017.8,4042.7,4017.8,4042.7,4017.8,99.8,4011.3,4023.7,4008.9,4009.3,4009.5,4009.9,4010.1,4010.2,4010.8,4009.4,4009.4,4011.0,4012.0,4010.8,4011.3,4012.0,4012.3,4011.3,100.0,100.0,100.0,100.0,100.0,100.0,100.0,100.0,100.0,100.0,100.0,100.0,100.0,100.0,100.0,100.0,100.0,100.0,100.0,111.6,111.6,111.6,111.6,111.6,111.6,111.6,111.6,111.6,111.6,111.6,111.6,111.6,111.6,111.6,111.6,111.6,111.6,40.3,40.2,40.2,40.5,40.2,40.5,40.2,40.5,40.2,0.0,100.0,100.0,100.0,100.0,100.0,100.0,100.0,100.0,100.0,0.0,0.0,0.0,0.0,0.0,0.0,0.0,0.0,0.0,0.0,0.0,0.0,0.0,0.0,0.0,0.0,0.0,0.0,1197.8,12.00,16,16,16,39,55,661,1,83.8,83.8,78.0,79.5,79.1,78.5,80.9,79.9,79.0,79.6,78.7,80.0,68.0,68.1,68.0,57.5,53.8,1.312,1.031,1.319,24.680,11.453,24.683,90.000,53.673,6.517,6.744,6.625,7.312,7.114,5.745,5.384,6.644,6.570,32.491,11.862,44.353,53.770,1197.8,1197.8,4023.7,4023.7,4023.7,4023.7,61.1,41.1,100.0,88.2,59.0,No,No,No,4.549,0.066,8.0,47,95.0,100.0,No,No,91255,99036,29,99.0,No,No,3320,0.0,0.1,0.1,0.165,0.418,17664,14722,0.0,0.0,0.0,0.000,0.000,50,0,38.7,51.4,83.0,0.669,12.132,12.175,12.149,12.071,1131,27.176,10.476,15.099,3.239,23.837,15.439,8.388,0.336,15.099,12.323,1.651,9.353,220.000,240.000,780.0,202.5,780.0,780.0,900.0,49.0,35.0,0.0,1.0,49.0,6.7,26.8,0.0,0.0,0.0,33,Yes,No,No,No,No,Yes,No,12.5,15.1,4,0,0,0,0,0,0,0,0,124,0,0,0,0,0,0,0,0,0,0,0,0,0,0,0,0,0,0,0,0,4182,4010,3852,796,5.0,237.2,293.7,196.5,77.5,98.4,76.6,69.4,241.8,18.2,15.2,15.0,15.0,4.22,5.04,3.28,0.28,10.09,12.70,0.35,0.04,3.89,0.33,1.39,0,0,0.0,0.0,7929,152,0.9,0.3,0,
7.7.2026,19:58:6.086,22145,23849,48.1,15379,17302,47.0,0.0,13312,0,1.295,1.294,1.288,1.288,1.312,1.288,1.288,1.319,1.288,4027.1,4017.8,4017.8,4042.7,4017.8,4042.7,4017.8,4042.7,4017.8,99.8,4011.3,4023.7,4008.9,4009.3,4009.5,4009.9,4010.1,4010.2,4010.8,4009.4,4009.4,4011.0,4012.0,4010.8,4011.3,4012.0,4012.3,4011.3,100.0,100.0,100.0,100.0,100.0,100.0,100.0,100.0,100.0,100.0,100.0,100.0,100.0,100.0,100.0,100.0,100.0,100.0,100.0,111.6,111.6,111.6,111.6,111.6,111.6,111.6,111.6,111.6,111.6,111.6,111.6,111.6,111.6,111.6,111.6,111.6,111.6,40.3,40.2,40.2,40.5,40.2,40.5,40.2,40.5,40.2,0.0,100.0,100.0,100.0,100.0,100.0,100.0,100.0,100.0,100.0,0.0,0.0,0.0,0.0,0.0,0.0,0.0,0.0,0.0,0.0,0.0,0.0,0.0,0.0,0.0,0.0,0.0,0.0,1197.8,12.00,16,16,16,39,55,661,1,83.8,83.8,78.0,79.5,79.1,78.5,80.9,79.9,79.0,79.6,78.7,80.0,68.0,68.1,68.0,57.5,53.8,1.312,1.031,1.319,24.680,11.453,24.683,90.000,53.673,6.517,6.744,6.625,7.312,7.114,5.745,5.384,6.644,6.570,32.491,11.862,44.353,53.770,1197.8,1197.8,4023.7,4023.7,4023.7,4023.7,61.1,41.1,100.0,88.2,59.0,No,No,No,4.549,0.066,8.0,47,95.0,100.0,No,No,91255,99036,29,99.0,No,No,3320,0.0,0.1,0.1,0.165,0.418,17664,14722,0.0,0.0,0.0,0.000,0.000,50,0,38.7,51.7,83.0,0.669,12.128,12.170,12.146,12.068,1130,27.271,11.062,15.250,3.164,23.842,15.350,8.472,0.336,15.250,12.091,6.513,10.352,220.000,240.000,780.0,202.5,780.0,780.0,900.0,45.0,32.0,0.0,1.0,49.0,7.4,29.5,0.0,0.0,0.0,33,Yes,No,No,No,No,Yes,No,12.4,15.2,4,0,0,0,0,0,0,0,0,124,0,0,0,0,0,0,0,0,0,0,0,0,0,0,0,0,0,0,0,0,4182,4010,3852,796,5.0,237.2,293.7,196.5,77.5,98.4,76.6,69.4,241.8,18.2,15.2,15.0,15.0,4.22,5.04,3.28,0.28,10.09,12.70,0.35,0.04,3.89,0.33,1.39,0,0,0.0,0.0,7929,152,0.9,0.3,0,
7.7.2026,19:58:8.095,22075,23919,47.9,15328,17353,46.9,0.0,13312,0,1.286,1.281,1.294,1.288,1.269,1.288,1.294,1.288,1.288,4014.6,4017.8,4017.8,4017.8,3992.8,4017.8,4017.8,4017.8,4017.8,99.8,4011.9,4024.5,4010.6,4010.9,4010.8,4011.1,4011.3,4011.6,4012.0,4009.7,4009.8,4010.8,4011.9,4010.8,4011.1,4011.7,4011.7,4011.9,100.0,100.0,100.0,100.0,100.0,100.0,100.0,100.0,100.0,100.0,100.0,100.0,100.0,100.0,100.0,100.0,100.0,100.0,100.0,111.6,111.6,111.6,111.6,111.6,111.7,111.6,111.6,111.6,111.6,111.6,111.6,111.6,111.6,111.6,111.6,111.6,111.6,40.2,40.2,40.2,40.2,40.0,40.2,40.2,40.2,40.2,0.0,100.0,100.0,100.0,100.0,100.0,100.0,100.0,100.0,100.0,0.0,0.0,0.0,0.0,0.0,0.0,0.0,0.0,0.0,0.0,0.0,0.0,0.0,0.0,0.0,0.0,0.0,0.0,1197.8,12.00,16,16,16,39,55,661,1,83.8,84.6,86.8,80.7,81.6,81.6,82.7,82.3,78.7,79.2,78.9,80.4,68.3,68.5,68.2,59.0,54.1,1.344,1.044,1.350,26.372,11.405,26.372,90.000,55.807,7.294,7.881,7.930,8.066,8.122,6.467,6.208,6.745,6.936,34.701,11.816,46.517,55.939,1197.8,1197.8,4024.5,4024.5,4024.5,4024.5,63.6,44.0,100.0,89.0,59.7,No,No,No,4.566,0.042,8.0,47,95.0,100.0,No,No,91255,99036,29,99.0,No,No,3320,0.1,0.0,0.1,0.167,0.000,17677,14722,0.0,0.0,0.0,0.000,0.000,50,0,38.3,50.9,83.0,0.669,12.127,12.167,12.145,12.069,1130,23.522,8.830,12.482,2.020,21.084,14.145,6.934,0.336,12.482,10.978,1.537,6.304,220.000,240.000,780.0,202.5,705.0,780.0,765.0,15.0,13.0,0.0,0.0,49.0,1.9,7.8,0.0,0.0,0.0,33,Yes,No,No,No,No,Yes,No,10.7,13.5,4,0,0,0,0,0,0,0,0,124,0,0,0,0,0,0,0,0,0,0,0,0,0,0,0,0,0,0,0,0,4182,4010,3852,797,5.0,239.8,288.9,205.0,181.3,193.7,175.4,64.6,885.3,18.9,17.6,17.4,17.4,4.17,5.05,3.17,2.42,5.23,5.57,0.27,0.02,3.88,0.29,2.12,0,0,0.0,0.0,7929,152,12.2,10.3,0,
7.7.2026,19:58:10.084,22039,23955,47.9,15310,17372,46.8,0.0,13312,0,1.288,1.294,1.269,1.294,1.294,1.294,1.294,1.288,1.275,4011.5,4017.8,3992.8,4017.8,4017.8,4017.8,4017.8,4017.8,3992.8,99.8,4008.7,4022.9,4008.8,4008.8,4009.1,4008.8,4009.0,4009.2,4008.9,4006.7,4006.9,4007.5,4007.2,4006.0,4006.3,4006.7,4006.4,4008.7,100.0,100.0,100.0,100.0,100.0,100.0,100.0,100.0,100.0,100.0,100.0,100.0,100.0,100.0,100.0,100.0,100.0,100.0,100.0,111.6,111.6,111.6,111.6,111.6,111.6,111.6,111.6,111.6,111.6,111.6,111.6,111.6,111.6,111.6,111.6,111.6,111.6,40.2,40.2,40.0,40.2,40.2,40.2,40.2,40.2,40.0,0.0,100.0,100.0,100.0,100.0,100.0,100.0,100.0,100.0,100.0,0.0,0.0,0.0,0.0,0.0,0.0,0.0,0.0,0.0,0.0,0.0,0.0,0.0,0.0,0.0,0.0,0.0,0.0,1197.8,12.00,16,16,16,39,55,661,1,85.2,85.0,89.2,81.4,82.6,81.8,83.2,83.1,81.0,81.2,79.0,79.4,68.7,68.9,68.5,56.5,53.9,1.319,1.038,1.337,27.260,10.823,27.252,90.000,56.320,7.547,8.004,7.619,7.873,8.173,7.495,7.463,6.880,6.867,35.834,11.225,47.059,56.470,1197.8,1197.8,4022.9,4022.9,4022.9,4022.9,64.2,45.4,100.0,89.5,60.3,No,No,No,4.425,0.026,8.0,47,95.0,100.0,No,No,91255,99036,29,99.0,No,No,3320,0.1,0.1,0.1,0.088,0.286,17677,14723,0.0,0.0,0.0,0.000,0.000,50,0,38.0,50.2,83.0,0.669,12.129,12.170,12.147,12.072,1130,21.269,8.038,11.623,1.606,19.155,12.688,6.457,0.336,11.623,9.492,1.387,6.018,220.000,240.000,285.0,101.2,555.0,339.2,600.0,25.0,26.0,0.0,0.0,49.0,1.1,4.3,0.0,0.0,0.0,33,Yes,No,No,No,No,Yes,No,9.6,12.2,4,0,0,0,0,0,0,0,0,125,0,0,0,0,0,0,0,0,0,0,0,0,0,0,0,0,0,0,0,0,4182,4010,3852,797,2.5,238.8,269.7,219.5,98.9,143.1,85.0,61.9,120.5,21.0,20.1,20.0,20.0,4.19,4.58,3.70,1.35,7.01,11.75,0.79,0.53,4.01,0.18,1.64,0,0,0.0,0.0,7929,152,2.4,1.1,0,
7.7.2026,19:58:12.085,22269,23724,48.4,15448,17234,47.2,0.0,13312,0,1.285,1.294,1.275,1.275,1.300,1.269,1.300,1.269,1.300,4011.5,4017.8,4017.8,3992.8,4017.8,4017.8,4017.8,3992.8,4017.8,99.8,3997.3,4014.3,3996.3,3997.2,3997.4,3997.4,3997.5,3997.8,3997.0,3995.6,3995.7,3996.5,3996.1,3992.9,3993.7,3995.6,3996.3,3997.3,100.0,100.0,100.0,100.0,100.0,100.0,100.0,100.0,100.0,100.0,100.0,100.0,100.0,100.0,100.0,100.0,100.0,100.0,100.0,111.3,111.3,111.3,111.3,111.3,111.3,111.3,111.3,111.3,111.3,111.3,111.3,111.3,111.3,111.3,111.3,111.3,111.3,40.2,40.2,40.2,40.0,40.2,40.2,40.2,40.0,40.2,0.0,100.0,100.0,100.0,100.0,100.0,100.0,100.0,100.0,100.0,0.0,0.0,0.0,0.0,0.0,0.0,0.0,0.0,0.0,0.0,0.0,0.0,0.0,0.0,0.0,0.0,0.0,0.0,1197.8,12.00,16,16,16,39,55,661,1,87.0,87.8,85.2,84.9,84.3,85.1,84.7,85.7,83.8,86.3,83.0,86.3,70.0,70.1,70.0,57.5,55.0,1.294,1.031,1.306,31.745,10.619,31.744,90.000,61.951,8.441,8.153,8.517,8.299,8.662,8.210,8.984,7.765,8.940,41.566,11.038,52.604,62.069,1197.8,1197.8,4014.4,4014.4,4014.4,4014.4,70.5,52.9,100.0,92.5,61.7,No,No,No,4.451,0.058,8.0,47,95.0,100.0,No,No,91255,99036,29,99.0,No,No,3320,8.9,0.3,9.2,51.806,2.951,17782,14729,0.0,0.0,0.0,0.000,0.000,50,0,38.8,52.1,83.0,0.694,12.122,12.165,12.141,12.060,1130,26.645,12.324,15.542,3.151,30.242,21.588,8.634,0.336,15.542,18.186,1.713,8.308,220.000,240.000,780.0,1250.2,780.0,306.0,1065.0,29.0,6.0,0.0,0.0,49.5,4.1,16.3,0.0,0.0,0.0,33,Yes,No,No,No,No,Yes,No,15.4,19.5,4,0,0,0,0,0,0,0,0,126,0,0,0,0,0,0,0,0,0,0,0,0,0,0,0,0,0,0,0,0,4137,4055,3897,832,8.0,235.6,1048.8,114.9,57.9,80.3,51.2,67.6,241.2,27.3,24.3,24.0,24.0,4.25,8.61,1.16,0.31,12.31,19.52,0.42,0.62,4.01,0.23,1.47,0,0,0.0,0.0,7929,152,9.5,30.6,0,
7.7.2026,19:58:14.118,22517,23477,48.9,15732,16950,48.1,0.0,13312,0,1.291,1.288,1.294,1.288,1.294,1.294,1.294,1.288,1.294,4017.8,4017.8,4017.8,4017.8,4017.8,4017.8,4017.8,4017.8,4017.8,99.8,4008.2,4020.3,4004.5,4004.8,4004.7,4004.8,4005.2,4005.9,4006.3,4005.7,4007.9,4008.7,4010.3,4010.0,4010.6,4010.8,4010.5,4008.2,100.0,100.0,100.0,100.0,100.0,100.0,100.0,100.0,100.0,100.0,100.0,100.0,100.0,100.0,100.0,100.0,100.0,100.0,100.0,111.5,111.5,111.5,111.5,111.5,111.5,111.5,111.5,111.5,111.5,111.5,111.5,111.5,111.5,111.5,111.5,111.5,111.5,40.2,40.2,40.2,40.2,40.2,40.2,40.2,40.2,40.2,0.0,100.0,100.0,100.0,100.0,100.0,100.0,100.0,100.0,100.0,0.0,0.0,0.0,0.0,0.0,0.0,0.0,0.0,0.0,0.0,0.0,0.0,0.0,0.0,0.0,0.0,0.0,0.0,1197.8,12.00,16,16,16,39,55,661,1,86.5,85.6,87.0,81.9,81.8,81.5,84.0,83.1,80.9,82.5,79.9,81.7,69.7,69.8,69.5,59.5,54.8,1.319,1.038,1.331,26.674,11.823,26.685,90.000,56.740,7.026,7.041,7.067,8.135,7.897,6.867,6.908,6.198,6.096,35.027,12.252,47.278,56.804,1197.8,1197.8,4020.3,4020.3,4020.3,4020.3,64.6,44.5,100.0,90.1,59.6,No,No,No,5.444,0.078,8.0,47,95.0,100.0,No,No,91255,99036,29,99.0,No,No,3320,0.3,0.4,0.7,1.495,0.075,17785,14729,0.0,0.0,0.0,0.000,0.000,50,0,38.7,52.2,83.0,0.694,12.127,12.173,12.144,12.063,1130,32.450,11.447,14.204,2.374,28.612,20.712,7.891,0.336,14.204,17.129,1.806,7.199,220.000,240.000,495.0,1250.2,780.0,753.7,1065.0,11.0,2.0,0.0,0.0,49.5,1.5,6.2,0.0,0.0,0.0,33,Yes,No,No,No,No,Yes,No,14.2,18.1,4,0,0,0,0,0,0,0,0,126,0,0,0,0,0,0,0,0,0,0,0,0,0,0,0,0,0,0,0,0,4137,4055,3898,832,8.0,239.8,270.2,216.0,205.8,210.1,204.5,66.4,147.7,20.4,18.6,18.4,18.4,4.17,4.67,3.74,3.54,4.74,4.77,0.14,0.02,3.87,0.31,1.28,0,0,0.0,0.0,7929,152,0.3,1.0,0,
7.7.2026,19:58:16.111,22517,23477,48.9,15732,16950,48.1,0.0,13312,0,1.291,1.288,1.294,1.288,1.294,1.294,1.294,1.288,1.294,4017.8,4017.8,4017.8,4017.8,4017.8,4017.8,4017.8,4017.8,4017.8,99.8,4008.2,4020.3,4004.5,4004.8,4004.7,4004.8,4005.2,4005.9,4006.3,4005.7,4007.9,4008.7,4010.3,4010.0,4010.6,4010.8,4010.5,4008.2,100.0,100.0,100.0,100.0,100.0,100.0,100.0,100.0,100.0,100.0,100.0,100.0,100.0,100.0,100.0,100.0,100.0,100.0,100.0,111.5,111.5,111.5,111.5,111.5,111.5,111.5,111.5,111.5,111.5,111.5,111.5,111.5,111.5,111.5,111.5,111.5,111.5,40.2,40.2,40.2,40.2,40.2,40.2,40.2,40.2,40.2,0.0,100.0,100.0,100.0,100.0,100.0,100.0,100.0,100.0,100.0,0.0,0.0,0.0,0.0,0.0,0.0,0.0,0.0,0.0,0.0,0.0,0.0,0.0,0.0,0.0,0.0,0.0,0.0,1197.8,12.00,16,16,16,39,55,661,1,86.5,85.6,87.0,81.9,81.8,81.5,84.0,83.1,80.9,82.5,79.9,81.7,69.7,69.8,69.5,59.5,54.8,1.319,1.038,1.331,26.674,11.823,26.685,90.000,56.740,7.026,7.041,7.067,8.135,7.897,6.867,6.908,6.198,6.096,35.027,12.252,47.278,56.804,1197.8,1197.8,4020.3,4020.3,4020.3,4020.3,64.6,44.5,100.0,90.1,59.6,No,No,No,5.444,0.078,8.0,47,95.0,100.0,No,No,91255,99036,29,99.0,No,No,3320,0.3,0.4,0.7,1.495,0.075,17785,14729,0.0,0.0,0.0,0.000,0.000,50,0,38.2,50.6,83.0,0.669,12.131,12.173,12.148,12.072,1130,24.624,8.772,12.282,1.948,20.906,14.063,6.823,0.336,12.282,10.920,1.642,6.512,220.000,240.000,615.0,202.5,780.0,458.3,900.0,13.0,13.0,0.0,0.0,49.5,1.9,7.5,0.0,0.0,0.0,33,Yes,No,No,No,No,Yes,No,10.4,13.4,4,0,0,0,0,0,0,0,0,127,0,0,0,0,0,0,0,0,0,0,0,0,0,0,0,0,0,0,0,0,4137,4055,3898,832,5.0,239.8,270.2,216.0,205.8,210.1,204.5,66.4,147.7,20.4,18.6,18.4,18.4,4.17,4.67,3.74,3.54,4.74,4.77,0.14,0.02,3.87,0.31,1.28,0,0,0.0,0.0,7929,152,0.3,1.0,0,
7.7.2026,19:58:18.139,22884,23109,49.7,15872,16810,48.5,0.0,13312,0,1.293,1.294,1.275,1.300,1.294,1.288,1.288,1.306,1.300,4005.3,4017.8,3967.8,3992.8,4017.8,4017.8,4017.8,3992.8,4017.8,99.8,4011.3,4025.3,4011.7,4011.9,4012.4,4011.7,4012.0,4012.3,4012.8,4010.1,4009.8,4009.5,4009.5,4007.8,4008.0,4008.3,4008.0,4011.3,100.0,100.0,100.0,100.0,100.0,100.0,100.0,100.0,100.0,100.0,100.0,100.0,100.0,100.0,100.0,100.0,100.0,100.0,100.0,111.7,111.7,111.7,111.7,111.7,111.7,111.7,111.7,111.7,111.6,111.6,111.6,111.6,111.6,111.6,111.6,111.6,111.7,40.1,40.2,39.8,40.0,40.2,40.2,40.2,40.0,40.2,0.0,100.0,100.0,100.0,100.0,100.0,100.0,100.0,100.0,100.0,0.0,0.0,0.0,0.0,0.0,0.0,0.0,0.0,0.0,0.0,0.0,0.0,0.0,0.0,0.0,0.0,0.0,0.0,1197.8,12.00,16,16,16,39,55,661,1,84.8,84.4,83.2,80.0,81.3,80.2,83.3,81.8,78.3,78.8,77.1,78.9,68.5,68.6,68.3,59.5,54.7,1.312,1.031,1.325,24.420,11.473,24.416,90.000,53.311,7.100,7.257,7.061,7.712,7.415,6.667,6.968,6.665,7.056,32.135,11.881,44.016,53.430,1197.8,1197.8,4025.3,4025.3,4025.3,4025.3,60.7,40.7,100.0,88.8,58.9,No,No,No,4.712,0.177,8.0,47,95.0,100.0,No,No,91255,99036,29,99.0,No,No,3320,0.1,0.4,0.5,0.052,0.656,17870,14730,0.0,0.0,0.0,0.000,0.000,50,0,38.3,51.2,83.0,0.669,12.131,12.174,12.148,12.070,1128,25.228,10.214,14.608,2.934,23.276,15.148,8.116,0.336,14.608,11.945,1.593,9.577,220.000,240.000,780.0,202.5,780.0,637.1,885.0,47.0,32.0,0.0,3.0,51.1,3.8,15.3,0.0,0.0,0.0,33,Yes,No,No,No,No,Yes,No,11.9,15.2,4,0,0,0,0,0,0,0,0,127,0,0,0,0,0,0,0,0,0,0,0,0,0,0,0,0,0,0,0,0,4009,4183,4026,843,5.0,226.0,12777.9,74.3,46.3,54.9,44.5,66.7,281.2,26.8,24.2,23.9,23.9,4.43,13.36,0.22,0.11,18.19,22.45,0.43,0.08,4.18,0.24,3.48,0,0,0.0,0.0,7929,152,17.8,1.3,0,
7.7.2026,19:58:20.264,23717,22276,51.5,15989,16692,48.9,0.0,13312,0,1.297,1.294,1.294,1.288,1.300,1.300,1.300,1.300,1.300,4017.8,4017.8,4017.8,4017.8,4017.8,4017.8,4017.8,4017.8,4017.8,99.8,4010.4,4024.4,4009.5,4010.0,4010.0,4010.0,4009.8,4010.7,4010.6,4008.2,4008.7,4009.5,4009.6,4008.0,4008.4,4009.3,4010.0,4010.4,100.0,100.0,100.0,100.0,100.0,100.0,100.0,100.0,100.0,100.0,100.0,100.0,100.0,100.0,100.0,100.0,100.0,100.0,100.0,111.6,111.6,111.6,111.6,111.6,111.6,111.6,111.6,111.6,111.6,111.6,111.6,111.6,111.6,111.6,111.6,111.6,111.6,40.2,40.2,40.2,40.2,40.2,40.2,40.2,40.2,40.2,0.0,100.0,100.0,100.0,100.0,100.0,100.0,100.0,100.0,100.0,0.0,0.0,0.0,0.0,0.0,0.0,0.0,0.0,0.0,0.0,0.0,0.0,0.0,0.0,0.0,0.0,0.0,0.0,1197.8,12.00,16,16,16,39,55,661,1,84.1,83.8,83.2,80.0,80.8,80.3,82.7,80.8,79.2,79.2,77.8,79.4,68.5,68.6,68.4,58.5,54.7,1.312,1.044,1.331,24.566,11.487,24.581,90.000,53.618,6.768,7.193,6.987,7.555,6.892,6.552,6.263,6.105,6.594,32.325,11.899,44.224,53.669,1197.8,1197.8,4024.4,4024.4,4024.4,4024.4,61.0,41.0,100.0,88.2,58.9,No,No,No,4.666,0.185,8.0,47,95.0,100.0,No,No,91255,99036,29,99.0,No,No,3320,6.0,0.1,6.1,13.833,0.729,17895,14731,0.0,0.0,0.0,0.000,0.000,50,0,38.4,51.1,83.0,0.669,12.132,12.176,12.149,12.072,1128,25.426,10.160,13.953,2.666,22.780,15.017,7.752,0.336,13.953,11.841,1.633,11.672,220.000,240.000,780.0,202.5,780.0,780.0,930.0,25.0,20.0,0.0,1.0,59.0,5.9,23.8,0.0,0.0,0.0,33,Yes,No,No,No,No,Yes,No,14.0,17.2,4,0,0,0,0,0,0,0,0,127,0,0,0,0,0,0,0,0,0,0,0,0,0,0,0,0,0,0,0,0,3358,4834,4677,864,5.0,220.4,2177.6,52.7,39.6,42.5,38.4,79.5,423.4,34.3,34.2,34.2,34.2,4.55,18.90,0.45,0.22,23.48,25.92,0.67,0.15,4.35,0.19,2.25,0,0,0.0,0.0,7931,152,1129.5,19.5,0,
7.7.2026,19:58:22.113,24124,21870,52.4,16294,16388,49.8,0.0,13312,0,1.295,1.294,1.294,1.300,1.288,1.294,1.300,1.294,1.294,4020.9,4017.8,4017.8,4017.8,4042.7,4017.8,4017.8,4017.8,4017.8,99.8,4010.5,4025.0,4009.2,4009.7,4010.1,4009.8,4009.5,4010.4,4011.0,4007.6,4008.9,4009.1,4010.0,4008.6,4008.4,4010.2,4010.8,4010.5,100.0,100.0,100.0,100.0,100.0,100.0,100.0,100.0,100.0,100.0,100.0,100.0,100.0,100.0,100.0,100.0,100.0,100.0,100.0,111.6,111.6,111.6,111.6,111.6,111.6,111.6,111.6,111.6,111.6,111.6,111.6,111.6,111.6,111.6,111.6,111.6,111.6,40.3,40.2,40.2,40.2,40.5,40.2,40.2,40.2,40.2,0.0,100.0,100.0,100.0,100.0,100.0,100.0,100.0,100.0,100.0,0.0,0.0,0.0,0.0,0.0,0.0,0.0,0.0,0.0,0.0,0.0,0.0,0.0,0.0,0.0,0.0,0.0,0.0,1197.8,12.00,16,16,16,39,55,661,1,83.2,82.3,82.8,80.0,78.0,77.4,80.7,78.7,78.9,79.7,78.1,79.6,68.5,68.2,68.1,59.0,54.2,1.312,1.031,1.325,23.436,12.026,23.419,90.000,52.645,6.768,6.358,6.193,7.115,6.535,6.882,7.027,6.489,6.738,30.882,12.446,43.328,52.822,1197.8,1197.8,4024.4,4025.0,4025.0,4025.0,61.0,41.0,100.0,88.2,58.9,No,No,No,4.666,0.185,8.0,47,95.0,100.0,No,No,91255,99036,29,99.0,No,No,3320,6.0,0.1,6.1,13.833,0.729,17895,14731,0.0,0.0,0.0,0.000,0.000,50,0,47.3,65.3,83.0,1.081,12.132,12.126,12.121,12.019,1131,98.217,10.160,82.305,29.515,72.448,26.250,46.093,0.336,82.305,19.790,5.799,69.204,220.000,240.000,1935.0,1750.2,1695.0,1922.0,1830.0,74.0,14.0,0.0,6.0,58.8,5.9,51.3,0.0,0.0,0.0,33,Yes,No,No,No,No,Yes,No,14.0,17.2,4,0,0,0,0,0,0,0,0,127,0,0,0,0,0,0,0,0,0,0,0,0,0,0,0,0,0,0,0,0,3358,4834,4677,864,5.0,220.4,2177.6,52.7,39.6,42.5,38.4,79.5,423.4,34.3,34.2,34.2,34.2,4.55,18.90,0.45,0.22,23.48,25.92,0.67,0.15,4.35,0.19,2.25,0,0,0.0,0.0,7931,152,1129.5,19.5,0,
7.7.2026,19:58:24.104,24124,21870,52.4,16294,16388,49.8,0.0,13312,0,1.295,1.294,1.294,1.300,1.288,1.294,1.300,1.294,1.294,4020.9,4017.8,4017.8,4017.8,4042.7,4017.8,4017.8,4017.8,4017.8,99.8,4010.5,4025.0,4009.2,4009.7,4010.1,4009.8,4009.5,4010.4,4011.0,4007.6,4008.9,4009.1,4010.0,4008.6,4008.4,4010.2,4010.8,4010.5,100.0,100.0,100.0,100.0,100.0,100.0,100.0,100.0,100.0,100.0,100.0,100.0,100.0,100.0,100.0,100.0,100.0,100.0,100.0,111.6,111.6,111.6,111.6,111.6,111.6,111.6,111.6,111.6,111.6,111.6,111.6,111.6,111.6,111.6,111.6,111.6,111.6,40.3,40.2,40.2,40.2,40.5,40.2,40.2,40.2,40.2,0.0,100.0,100.0,100.0,100.0,100.0,100.0,100.0,100.0,100.0,0.0,0.0,0.0,0.0,0.0,0.0,0.0,0.0,0.0,0.0,0.0,0.0,0.0,0.0,0.0,0.0,0.0,0.0,1197.8,12.00,16,16,16,39,55,661,1,83.2,82.3,82.8,78.9,78.0,77.4,80.7,78.7,78.9,79.7,78.1,79.6,68.2,68.2,68.1,59.0,54.2,1.312,1.031,1.325,23.436,12.026,23.419,90.000,52.645,6.667,6.358,6.193,7.115,6.535,6.882,7.027,6.489,6.738,30.882,12.446,43.328,52.822,1197.8,1197.8,4025.0,4025.0,4025.0,4025.0,60.0,39.0,100.0,86.7,57.9,No,No,No,5.567,0.728,8.0,47,95.0,100.0,No,No,91255,99036,29,99.0,No,No,3320,12.4,1.2,13.6,41.113,8.010,18013,14754,0.0,0.0,0.0,0.000,0.000,50,0,47.3,65.3,83.0,1.081,12.089,12.126,12.121,12.019,1131,98.217,43.405,82.305,29.515,72.448,26.250,46.093,0.336,82.305,19.790,5.799,69.204,220.000,240.000,1935.0,1750.2,1695.0,1922.0,1830.0,74.0,14.0,0.0,6.0,58.8,12.8,51.3,0.0,0.0,0.0,33,Yes,No,No,Yes,Yes,No,No,44.6,46.8,4,0,0,0,0,0,0,0,0,128,0,0,0,0,0,0,0,0,0,0,0,0,0,0,0,0,0,0,0,0,3375,4817,4661,891,8.0,236.9,1630.4,133.3,75.8,90.7,69.1,40.2,119.5,12.0,12.0,12.0,12.0,4.24,8.42,0.70,0.48,11.55,14.28,1.92,0.31,3.25,0.99,3.41,0,0,0.0,0.0,7937,152,2141.7,45.3,0,
7.7.2026,19:58:26.391,24244,21750,52.7,16370,16312,50.0,0.0,13312,0,1.287,1.294,1.288,1.300,1.294,1.275,1.275,1.294,1.275,4011.5,4017.8,4017.8,4017.8,4017.8,3992.8,3992.8,4017.8,4017.8,99.8,4011.8,4027.0,4011.4,4011.9,4011.8,4010.9,4011.5,4011.8,4012.1,4009.5,4009.9,4010.6,4010.7,4010.0,4010.0,4010.0,4009.5,4011.8,100.0,100.0,100.0,100.0,100.0,100.0,100.0,100.0,100.0,100.0,100.0,100.0,100.0,100.0,100.0,100.0,100.0,100.0,100.0,111.7,111.7,111.7,111.7,111.7,111.7,111.7,111.7,111.7,111.7,111.7,111.7,111.7,111.7,111.7,111.7,111.7,111.7,40.2,40.2,40.2,40.2,40.2,40.0,40.0,40.2,40.2,0.0,100.0,100.0,100.0,100.0,100.0,100.0,100.0,100.0,100.0,0.0,0.0,0.0,0.0,0.0,0.0,0.0,0.0,0.0,0.0,0.0,0.0,0.0,0.0,0.0,0.0,0.0,0.0,1197.8,12.00,16,16,16,39,55,661,1,82.4,82.4,83.2,78.9,78.8,78.3,81.5,80.4,78.3,79.0,77.0,78.0,68.0,68.1,67.9,57.0,54.2,1.312,1.038,1.331,23.877,11.980,23.876,90.000,53.258,6.946,6.643,6.608,7.688,7.654,6.950,7.035,6.316,6.673,31.474,12.397,43.871,53.343,1197.8,1197.8,4027.0,4027.0,4027.0,4027.0,60.6,39.8,100.0,86.8,57.8,No,No,No,5.060,0.577,8.0,47,95.0,100.0,No,No,91255,99036,29,99.0,No,No,3320,2.2,0.4,2.6,1.222,1.832,18172,14760,0.0,0.0,0.0,0.000,0.000,50,0,43.8,59.4,83.0,0.919,12.116,12.156,12.139,12.055,1130,57.212,22.677,41.690,10.806,45.447,22.278,23.160,0.336,41.690,14.920,5.386,21.058,220.000,240.000,1725.0,1750.2,1500.0,1920.2,1620.0,4.0,1.0,0.0,0.0,60.6,0.6,2.3,0.0,0.0,0.0,33,Yes,No,No,No,No,Yes,No,25.1,25.0,4,0,0,0,0,0,0,0,0,128,0,0,0,0,0,0,0,0,0,0,0,0,0,0,0,0,0,0,0,0,3228,4964,4808,899,8.0,238.7,288.8,204.2,100.6,135.6,90.3,63.1,172.9,16.8,15.2,15.0,15.0,4.19,4.90,3.47,1.18,7.36,11.08,0.26,0.16,4.01,0.18,1.43,0,0,0.0,0.0,7942,152,0.2,0.1,0,
7.7.2026,19:58:28.119,24305,21689,52.8,16428,16254,50.2,0.0,13312,0,1.277,1.275,1.288,1.275,1.269,1.269,1.269,1.300,1.269,4002.2,4017.8,4017.8,3992.8,3992.8,3992.8,3992.8,4017.8,3992.8,99.8,4004.1,4018.9,4003.8,4003.9,4004.3,4004.5,4004.4,4004.9,4004.7,4002.3,4003.1,4003.0,4002.3,4001.1,4001.4,4001.8,4001.9,4004.1,100.0,100.0,100.0,100.0,100.0,100.0,100.0,100.0,100.0,100.0,100.0,100.0,100.0,100.0,100.0,100.0,100.0,100.0,100.0,111.5,111.5,111.5,111.5,111.5,111.5,111.5,111.5,111.5,111.4,111.4,111.4,111.4,111.4,111.4,111.4,111.4,111.5,40.1,40.2,40.2,40.0,40.0,40.0,40.0,40.2,40.0,0.0,100.0,100.0,100.0,100.0,100.0,100.0,100.0,100.0,100.0,0.0,0.0,0.0,0.0,0.0,0.0,0.0,0.0,0.0,0.0,0.0,0.0,0.0,0.0,0.0,0.0,0.0,0.0,1197.8,12.00,16,16,16,39,55,661,1,85.1,86.0,84.5,82.6,82.2,83.9,82.0,84.5,81.5,82.8,80.7,83.4,69.1,69.1,69.0,58.5,54.6,1.306,1.038,1.325,28.528,11.644,28.519,90.000,58.728,7.822,7.582,8.239,7.089,8.454,7.647,7.617,7.687,8.257,37.450,12.075,49.525,58.917,1197.8,1197.8,4018.9,4018.9,4018.9,4018.9,67.0,47.5,100.0,90.5,60.6,No,No,No,4.069,0.070,8.0,46,95.0,100.0,No,No,91255,99036,29,99.0,No,No,3320,9.3,0.7,9.9,3.840,4.644,18179,14770,0.0,0.0,0.0,0.000,0.000,50,0,46.8,63.6,83.0,1.081,12.116,12.137,12.127,12.028,1126,56.391,22.677,70.844,24.055,64.587,25.139,39.356,0.336,70.844,17.964,5.827,54.370,220.000,240.000,1935.0,1750.2,1695.0,1752.3,1830.0,40.0,8.0,0.0,3.0,60.6,0.6,16.9,0.0,0.0,0.0,33,Yes,No,No,Yes,Yes,No,No,25.1,25.0,4,0,0,0,0,0,0,0,0,128,0,0,0,0,0,0,0,0,0,0,0,0,0,0,0,0,0,0,0,0,3228,4964,4808,899,8.0,233.0,357.9,118.0,50.2,71.1,45.2,67.0,251.6,21.8,21.8,21.8,21.8,4.30,10.23,0.77,0.73,15.76,25.39,0.55,0.32,3.92,0.38,3.25,0,0,0.0,0.0,7951,152,4062.1,69.1,0,
7.7.2026,19:58:30.115,24305,21689,52.8,16428,16254,50.2,0.0,13312,0,1.277,1.275,1.288,1.275,1.269,1.269,1.269,1.300,1.269,4002.2,4017.8,4017.8,3992.8,3992.8,3992.8,3992.8,4017.8,3992.8,99.8,4004.1,4018.9,4003.8,4003.9,4004.3,4004.5,4004.4,4004.9,4004.7,4002.3,4003.1,4003.0,4002.3,4001.1,4001.4,4001.8,4001.9,4004.1,100.0,100.0,100.0,100.0,100.0,100.0,100.0,100.0,100.0,100.0,100.0,100.0,100.0,100.0,100.0,100.0,100.0,100.0,100.0,111.5,111.5,111.5,111.5,111.5,111.5,111.5,111.5,111.5,111.4,111.4,111.4,111.4,111.4,111.4,111.4,111.4,111.5,40.1,40.2,40.2,40.0,40.0,40.0,40.0,40.2,40.0,0.0,100.0,100.0,100.0,100.0,100.0,100.0,100.0,100.0,100.0,0.0,0.0,0.0,0.0,0.0,0.0,0.0,0.0,0.0,0.0,0.0,0.0,0.0,0.0,0.0,0.0,0.0,0.0,1197.8,12.00,16,16,16,39,55,661,1,85.1,86.0,84.5,82.6,82.2,83.9,82.0,84.5,81.5,82.8,80.7,83.4,69.1,69.1,69.0,58.5,54.6,1.306,1.038,1.325,28.528,11.644,28.519,90.000,58.728,7.822,7.582,8.239,7.089,8.454,7.647,7.617,7.687,8.257,37.450,12.075,49.525,58.917,1197.8,1197.8,4018.9,4018.9,4018.9,4018.9,67.0,47.5,100.0,90.5,60.6,No,No,No,4.069,0.070,8.0,46,95.0,100.0,No,No,91255,99037,31,99.0,No,No,3320,9.3,0.7,9.9,3.840,4.644,18179,14770,0.0,0.0,0.0,0.000,0.000,50,0,46.8,63.6,83.0,1.081,12.097,12.137,12.127,12.028,1126,56.391,37.332,70.844,24.055,64.587,25.139,39.356,0.336,70.844,17.964,5.827,54.370,220.000,240.000,1935.0,1750.2,1695.0,1752.3,1830.0,40.0,8.0,0.0,3.0,60.6,4.2,16.9,0.0,0.0,0.0,33,Yes,No,No,Yes,Yes,No,No,43.3,46.5,4,0,0,0,0,0,0,0,0,128,0,0,0,0,0,0,0,0,0,0,0,0,0,0,0,0,0,0,0,0,3231,4961,4806,930,8.0,233.0,357.9,118.0,50.2,71.1,45.2,67.0,251.6,21.8,21.8,21.8,21.8,4.30,10.23,0.77,0.73,15.76,25.39,0.55,0.32,3.92,0.38,3.25,0,0,0.0,0.0,7951,152,4062.1,69.1,0,
7.7.2026,19:58:32.117,25524,20469,55.4,17493,15189,53.5,0.0,13312,0,1.299,1.294,1.288,1.306,1.294,1.300,1.300,1.319,1.294,4027.1,4017.8,4017.8,4042.7,4017.8,4017.8,4017.8,4042.7,4042.7,99.8,4009.2,4022.0,4006.9,4007.4,4007.8,4007.4,4007.9,4008.7,4009.4,4006.4,4007.1,4007.7,4009.4,4009.0,4009.4,4010.1,4011.2,4009.2,100.0,100.0,100.0,100.0,100.0,100.0,100.0,100.0,100.0,100.0,100.0,100.0,100.0,100.0,100.0,100.0,100.0,100.0,100.0,111.6,111.6,111.6,111.6,111.6,111.6,111.6,111.6,111.6,111.6,111.6,111.6,111.6,111.6,111.6,111.6,111.6,111.6,40.3,40.2,40.2,40.5,40.2,40.2,40.2,40.5,40.5,0.0,100.0,100.0,100.0,100.0,100.0,100.0,100.0,100.0,100.0,0.0,0.0,0.0,0.0,0.0,0.0,0.0,0.0,0.0,0.0,0.0,0.0,0.0,0.0,0.0,0.0,0.0,0.0,1197.8,12.00,16,16,16,39,55,661,1,82.6,82.9,81.8,79.8,79.1,78.7,80.1,78.8,80.0,81.1,79.3,81.1,68.9,68.9,68.9,59.5,54.4,1.319,1.031,1.325,24.151,12.050,24.162,90.000,53.866,6.715,6.627,6.671,6.990,6.421,6.811,6.957,6.491,6.749,31.775,12.472,44.248,53.785,1197.8,1197.8,4022.0,4022.0,4022.0,4022.0,61.1,40.3,100.0,87.3,58.1,No,No,No,5.389,0.714,8.0,46,95.0,100.0,No,No,91255,99037,31,99.0,No,No,3320,18.8,0.6,19.4,64.843,5.575,18403,14789,0.0,0.0,0.0,0.000,0.000,50,0,50.8,68.9,83.0,1.075,12.081,12.124,12.120,12.014,1127,95.758,47.586,89.380,32.408,76.599,26.826,49.653,0.336,89.380,19.723,5.666,68.628,220.000,240.000,1950.0,1750.2,1710.0,1934.4,1845.0,63.0,13.0,0.0,5.0,64.2,13.6,39.3,0.0,0.0,0.0,33,Yes,No,No,Yes,No,No,No,50.9,47.3,4,0,0,0,0,0,0,0,0,128,0,0,0,0,0,0,0,0,0,0,0,0,0,0,0,0,0,0,0,0,3122,5070,4914,930,8.0,226.0,2206.7,64.8,46.8,49.2,45.9,27.5,120.9,6.8,6.2,6.1,6.1,4.43,15.35,0.43,0.31,20.33,21.87,1.14,0.24,3.58,0.84,4.94,0,0,0.0,0.0,7961,153,2610.3,41.6,0,
7.7.2026,19:58:34.115,25775,20219,56.0,17617,15064,53.9,0.0,13312,0,1.296,1.262,1.312,1.319,1.288,1.269,1.312,1.312,1.294,4020.9,3992.8,4042.7,4017.8,4042.7,3992.8,4017.8,4042.7,4017.8,99.8,4013.2,4028.8,4011.9,4012.4,4012.4,4011.8,4012.5,4012.7,4013.2,4011.1,4011.1,4011.7,4012.5,4011.2,4011.8,4012.5,4012.9,4013.2,100.0,100.0,100.0,100.0,100.0,100.0,100.0,100.0,100.0,100.0,100.0,100.0,100.0,100.0,100.0,100.0,100.0,100.0,100.0,111.7,111.7,111.7,111.7,111.7,111.7,111.7,111.7,111.7,111.7,111.7,111.7,111.7,111.7,111.7,111.7,111.7,111.7,40.3,40.0,40.5,40.2,40.5,40.0,40.2,40.5,40.2,0.0,100.0,100.0,100.0,100.0,100.0,100.0,100.0,100.0,100.0,0.0,0.0,0.0,0.0,0.0,0.0,0.0,0.0,0.0,0.0,0.0,0.0,0.0,0.0,0.0,0.0,0.0,0.0,1197.8,12.00,16,16,16,39,55,661,1,80.8,81.2,78.8,78.0,78.6,77.8,80.2,78.5,77.1,76.6,76.9,77.9,67.8,67.9,67.7,57.0,54.2,1.306,1.031,1.319,22.579,12.039,22.576,90.000,51.427,6.655,7.722,8.102,6.896,6.367,6.256,5.882,6.191,5.826,29.797,12.452,42.250,51.705,1197.8,1197.8,4028.8,4028.8,4028.8,4028.8,58.8,37.6,100.0,85.5,55.1,No,No,No,4.790,0.816,8.0,46,95.0,100.0,No,No,91255,99037,31,99.0,No,No,3320,22.1,1.1,23.2,27.667,8.159,18454,14804,0.0,0.0,0.0,0.000,0.000,50,0,50.8,68.9,83.0,1.075,12.086,12.124,12.120,12.014,1127,95.758,45.860,89.380,32.408,76.599,26.826,49.653,0.336,89.380,19.723,5.666,68.628,220.000,240.000,1950.0,1750.2,1710.0,1934.4,1845.0,63.0,13.0,0.0,5.0,64.2,9.8,39.3,0.0,0.0,0.0,33,Yes,No,No,Yes,No,No,No,49.6,49.8,4,0,0,0,0,0,0,0,0,128,0,0,0,0,0,0,0,0,0,0,0,0,0,0,0,0,0,0,0,0,2931,5261,5105,930,8.0,232.2,2213.6,95.2,90.4,92.6,89.6,25.4,191.9,6.5,6.5,6.5,6.5,4.28,10.49,0.39,0.36,10.98,11.36,1.73,0.13,3.22,1.06,5.31,0,0,0.0,0.0,7968,153,5402.5,100.8,0,
7.7.2026,19:58:36.143,26152,19842,56.8,17725,14957,54.2,0.0,13312,0,1.308,1.319,1.306,1.288,1.319,1.294,1.325,1.294,1.319,4024.0,4042.7,4042.7,4017.8,4017.8,4017.8,4017.8,4017.8,4017.8,99.8,4014.2,4029.1,4013.4,4013.9,4014.0,4013.3,4013.4,4014.3,4014.7,4011.8,4012.3,4013.0,4012.8,4012.8,4012.8,4012.7,4012.9,4014.2,100.0,100.0,100.0,100.0,100.0,100.0,100.0,100.0,100.0,100.0,100.0,100.0,100.0,100.0,100.0,100.0,100.0,100.0,100.0,111.7,111.7,111.7,111.7,111.7,111.7,111.7,111.7,111.7,111.7,111.7,111.7,111.7,111.7,111.7,111.7,111.7,111.7,40.3,40.5,40.5,40.2,40.2,40.2,40.2,40.2,40.2,0.0,100.0,100.0,100.0,100.0,100.0,100.0,100.0,100.0,100.0,0.0,0.0,0.0,0.0,0.0,0.0,0.0,0.0,0.0,0.0,0.0,0.0,0.0,0.0,0.0,0.0,0.0,0.0,1197.8,12.00,16,16,16,39,55,661,1,80.4,79.1,82.0,76.7,76.9,76.5,77.5,76.0,77.2,77.1,76.0,76.1,67.5,67.5,67.4,59.2,54.6,1.312,1.031,1.325,21.024,12.138,21.030,90.000,49.807,6.519,6.982,6.859,6.679,6.971,6.435,6.359,5.980,5.889,27.747,12.545,40.292,49.794,1197.8,1197.8,4029.1,4029.1,4029.1,4029.1,56.6,35.0,100.0,83.2,53.6,No,No,No,5.378,0.849,8.0,46,95.0,100.0,No,No,91255,99037,31,99.0,No,No,3320,12.9,0.9,13.9,24.183,7.880,18495,14817,0.0,0.0,0.0,0.000,0.000,50,0,51.4,69.5,83.0,1.075,12.094,12.133,12.125,12.024,1132,104.899,40.813,76.862,27.009,68.897,25.742,43.044,0.336,76.862,19.175,6.425,63.778,220.000,240.000,1950.0,1750.2,1710.0,1934.1,1845.0,50.0,10.0,0.0,6.0,65.3,9.9,39.6,0.0,0.0,0.0,33,Yes,No,No,Yes,No,No,No,42.7,46.1,4,0,0,0,0,0,0,0,0,128,0,0,0,0,0,0,0,0,0,0,0,0,0,0,0,0,0,0,0,0,2845,5347,5193,930,8.0,228.2,2312.8,80.9,64.4,71.2,62.2,37.2,120.0,9.9,8.4,8.3,8.3,4.38,15.07,0.38,0.34,15.77,16.15,1.41,0.30,3.54,0.84,5.98,0,0,0.0,0.0,7979,153,5580.6,66.5,0,
7.7.2026,19:58:38.155,25654,20340,55.7,17179,15503,52.5,0.0,13312,0,1.295,1.288,1.294,1.294,1.300,1.300,1.294,1.294,1.294,4017.8,4017.8,4017.8,4017.8,4017.8,4017.8,4017.8,4017.8,4017.8,99.8,4010.3,4026.4,4010.7,4010.8,4011.2,4007.9,4009.0,4010.5,4011.1,4007.7,4008.1,4009.1,4009.8,4006.5,4007.9,4008.9,4009.1,4010.3,100.0,100.0,100.0,100.0,100.0,100.0,100.0,100.0,100.0,100.0,100.0,100.0,100.0,100.0,100.0,100.0,100.0,100.0,100.0,111.7,111.7,111.7,111.7,111.7,111.7,111.7,111.7,111.7,111.6,111.6,111.6,111.6,111.6,111.6,111.6,111.6,111.7,40.2,40.2,40.2,40.2,40.2,40.2,40.2,40.2,40.2,0.0,100.0,100.0,100.0,100.0,100.0,100.0,100.0,100.0,100.0,0.0,0.0,0.0,0.0,0.0,0.0,0.0,0.0,0.0,0.0,0.0,0.0,0.0,0.0,0.0,0.0,0.0,0.0,1197.8,12.00,16,16,16,39,55,661,1,88.0,82.7,82.5,79.3,78.7,78.4,81.2,81.0,79.1,79.8,77.6,78.3,67.9,68.0,67.9,57.2,54.4,1.325,1.050,1.331,24.407,12.019,24.397,90.000,53.843,7.172,6.914,6.864,7.746,7.697,7.275,7.230,6.700,6.950,32.166,12.443,44.609,54.069,1197.8,1197.8,4026.4,4026.4,4026.4,4026.4,61.4,40.7,100.0,87.1,57.4,No,No,No,4.982,0.757,8.0,47,95.0,100.0,No,No,91255,99037,31,99.0,No,No,3320,19.6,1.2,20.9,41.651,10.104,18576,14837,0.0,0.0,0.0,0.000,0.000,50,0,52.1,70.3,83.0,1.075,12.099,12.140,12.129,12.026,1128,94.381,42.285,80.518,27.594,71.308,26.109,45.093,0.336,80.518,18.519,6.865,65.987,220.000,240.000,1950.0,1750.2,1710.0,1939.5,1845.0,65.0,13.0,0.0,5.0,68.4,11.1,44.4,0.0,0.0,0.0,33,Yes,No,No,Yes,No,No,No,57.5,55.4,4,0,0,0,0,0,0,0,0,128,0,0,0,0,0,0,0,0,0,0,0,0,0,0,0,0,0,0,0,0,2589,5603,5449,930,8.0,213.6,0.0,51.2,26.3,34.6,24.1,41.4,269.1,9.9,9.6,9.6,9.6,4.65,14.74,0.18,0.15,30.99,41.46,1.63,0.26,3.62,1.03,4.93,0,0,0.0,0.0,7995,153,8184.0,109.1,0,
7.7.2026,19:58:40.206,25674,20320,55.8,17046,15635,52.1,0.0,13312,0,1.293,1.288,1.288,1.294,1.294,1.294,1.294,1.300,1.294,4017.8,4017.8,4017.8,4017.8,4017.8,4017.8,4017.8,4017.8,4017.8,99.8,4010.6,4023.7,4009.3,4009.5,4009.7,4010.1,4010.3,4010.5,4010.8,4007.6,4008.3,4009.2,4009.8,4009.9,4009.9,4009.9,4010.5,4010.6,100.0,100.0,100.0,100.0,100.0,100.0,100.0,100.0,100.0,100.0,100.0,100.0,100.0,100.0,100.0,100.0,100.0,100.0,100.0,111.6,111.6,111.6,111.6,111.6,111.6,111.6,111.6,111.6,111.6,111.6,111.6,111.6,111.6,111.6,111.6,111.6,111.6,40.2,40.2,40.2,40.2,40.2,40.2,40.2,40.2,40.2,0.0,100.0,100.0,100.0,100.0,100.0,100.0,100.0,100.0,100.0,0.0,0.0,0.0,0.0,0.0,0.0,0.0,0.0,0.0,0.0,0.0,0.0,0.0,0.0,0.0,0.0,0.0,0.0,1197.8,12.00,16,16,16,39,55,661,1,85.0,82.9,82.8,79.8,78.7,78.7,81.0,80.9,78.8,79.5,79.3,81.4,68.6,68.6,68.5,59.0,54.4,1.312,1.038,1.331,24.782,12.139,24.792,90.000,54.763,6.951,6.783,7.014,7.206,7.111,6.583,6.491,6.971,7.447,32.645,12.569,45.214,54.748,1197.8,1197.8,4023.7,4023.7,4023.7,4023.7,62.2,41.3,100.0,87.3,57.4,No,No,No,5.124,0.994,8.0,47,95.0,100.0,No,No,91255,99037,31,99.0,No,No,3320,20.2,3.9,24.1,55.516,44.637,18691,14929,0.0,0.0,0.0,0.000,0.000,50,0,53.2,71.2,83.0,1.075,12.088,12.129,12.121,12.014,1130,111.697,45.350,87.181,31.267,75.818,26.491,49.203,0.336,87.181,20.003,6.136,69.879,220.000,240.000,1950.0,1750.2,1710.0,1941.3,1845.0,55.0,11.0,0.0,6.0,70.0,12.8,51.3,0.0,0.0,0.0,33,Yes,No,No,Yes,No,No,No,53.0,57.0,4,0,0,0,0,0,0,0,0,128,0,0,0,0,0,0,0,0,0,0,0,0,0,0,0,0,0,0,0,0,2461,5731,5577,893,8.0,223.8,1724.2,57.9,38.1,42.9,36.0,36.5,487.5,15.4,15.0,15.0,15.0,4.47,13.98,0.50,0.48,20.94,23.11,1.38,0.27,3.60,0.87,5.27,0,0,0.0,0.0,8068,154,33483.9,354.8,0,
7.7.2026,19:58:42.133,26064,19930,56.6,17020,15662,52.0,0.0,13312,0,1.296,1.294,1.312,1.288,1.288,1.288,1.288,1.319,1.294,4024.0,3992.8,4042.7,4042.7,3992.8,4042.7,4017.8,4042.7,4017.8,99.8,4011.5,4025.8,4010.6,4010.6,4010.9,4011.0,4010.9,4011.1,4011.6,4008.8,4009.5,4010.1,4010.6,4009.9,4010.5,4011.0,4011.4,4011.5,100.0,100.0,100.0,100.0,100.0,100.0,100.0,100.0,100.0,100.0,100.0,100.0,100.0,100.0,100.0,100.0,100.0,100.0,100.0,111.7,111.7,111.7,111.7,111.7,111.7,111.7,111.7,111.7,111.6,111.6,111.6,111.6,111.6,111.6,111.6,111.6,111.6,40.3,40.0,40.5,40.5,40.0,40.5,40.2,40.5,40.2,0.0,100.0,100.0,100.0,100.0,100.0,100.0,100.0,100.0,100.0,0.0,0.0,0.0,0.0,0.0,0.0,0.0,0.0,0.0,0.0,0.0,0.0,0.0,0.0,0.0,0.0,0.0,0.0,1197.8,12.00,16,16,16,39,55,661,1,82.0,81.4,83.5,78.7,78.0,78.2,80.0,78.8,78.3,78.6,78.3,79.8,68.3,68.3,68.2,59.0,54.4,1.306,1.025,1.319,23.407,12.180,23.407,90.000,52.976,6.547,6.704,6.922,6.877,6.435,6.603,6.428,6.325,6.079,30.870,12.604,43.474,52.989,1197.8,1197.8,4025.8,4025.8,4025.8,4025.8,60.2,39.0,100.0,85.7,56.7,No,No,No,5.159,1.033,8.0,47,95.0,100.0,No,No,91255,99037,31,99.0,No,No,3320,40.3,11.1,51.3,96.912,43.512,18935,15039,0.0,0.0,0.0,0.000,0.000,50,0,53.9,72.2,83.0,1.075,12.084,12.125,12.120,12.008,1127,103.648,50.267,96.638,36.059,82.659,27.522,54.979,0.336,96.638,22.091,6.147,79.606,220.000,240.000,1950.0,1750.2,1710.0,1941.5,1845.0,64.0,13.0,0.0,6.0,74.6,11.6,46.3,0.0,0.0,0.0,33,Yes,No,No,Yes,No,No,No,54.0,41.3,4,0,0,0,0,0,0,0,0,128,0,0,0,0,0,0,0,0,0,0,0,0,0,0,0,0,0,0,0,0,2077,6115,5963,895,8.0,234.2,2080.9,95.2,80.5,85.3,79.9,31.5,232.2,5.3,5.0,5.0,5.0,4.27,10.45,0.42,0.37,10.59,10.66,1.62,0.31,3.38,0.89,5.53,0,0,0.0,0.0,8130,155,25872.1,281.7,0,
7.7.2026,19:58:44.162,26265,19728,57.1,17093,15588,52.3,0.0,13312,0,1.295,1.294,1.319,1.294,1.294,1.294,1.294,1.288,1.288,4017.8,4017.8,4017.8,4017.8,4017.8,4017.8,4017.8,4017.8,4017.8,99.8,4013.2,4027.5,4012.1,4012.5,4012.5,4012.5,4012.2,4013.2,4013.2,4010.7,4011.4,4011.8,4012.2,4011.9,4012.1,4012.3,4012.7,4013.2,100.0,100.0,100.0,100.0,100.0,100.0,100.0,100.0,100.0,100.0,100.0,100.0,100.0,100.0,100.0,100.0,100.0,100.0,100.0,111.7,111.7,111.7,111.7,111.7,111.7,111.7,111.7,111.7,111.7,111.7,111.7,111.7,111.7,111.7,111.7,111.7,111.7,40.2,40.2,40.2,40.2,40.2,40.2,40.2,40.2,40.2,0.0,100.0,100.0,100.0,100.0,100.0,100.0,100.0,100.0,100.0,0.0,0.0,0.0,0.0,0.0,0.0,0.0,0.0,0.0,0.0,0.0,0.0,0.0,0.0,0.0,0.0,0.0,0.0,1197.8,12.00,16,16,16,39,55,661,1,82.1,80.0,81.5,77.4,77.2,76.9,78.7,77.5,77.8,78.0,76.4,76.6,67.8,67.9,67.7,59.2,54.6,1.312,1.031,1.325,22.018,12.201,22.007,90.000,50.954,6.773,6.805,7.279,6.950,7.172,6.698,6.858,6.427,5.993,29.050,12.615,41.665,51.173,1197.8,1197.8,4027.5,4027.5,4027.5,4027.5,58.2,36.7,100.0,84.2,55.7,No,No,No,5.400,1.030,8.0,47,95.0,100.0,No,No,91255,99037,31,99.0,No,No,3320,100.0,3.1,100.0,151.912,35.121,19076,15071,0.0,0.0,0.0,0.000,0.000,50,0,54.4,73.2,83.0,1.075,12.090,12.130,12.123,12.016,1130,110.185,44.264,87.271,30.290,75.815,26.424,49.260,0.336,87.271,18.904,24.143,42.930,220.000,240.000,1950.0,1750.2,1710.0,1941.3,1845.0,76.0,15.0,0.0,7.0,76.1,11.4,45.7,0.0,0.0,0.0,33,Yes,No,No,Yes,No,No,No,48.3,48.0,4,0,0,0,0,0,0,0,0,128,0,0,0,0,0,0,0,0,0,0,0,0,0,0,0,0,0,0,0,0,1957,6235,6084,895,8.0,235.8,1674.9,100.4,85.6,91.0,83.6,59.9,187.2,16.5,11.3,10.9,10.9,4.24,11.59,0.48,0.35,12.21,12.78,1.83,0.27,3.26,0.98,5.49,0,0,0.0,0.0,8176,155,28553.8,297.9,0,
7.7.2026,19:58:46.150,26305,19689,57.1,16897,15784,51.7,0.0,13312,0,1.286,1.294,1.294,1.262,1.275,1.294,1.300,1.300,1.269,4011.5,4017.8,4017.8,3992.8,4017.8,4017.8,4017.8,4017.8,3992.8,99.8,4009.3,4025.6,4010.7,4010.1,4009.5,4009.4,4009.4,4009.2,4009.2,4006.1,4006.5,4007.0,4007.3,4006.6,4006.8,4007.3,4007.2,4009.3,100.0,100.0,100.0,100.0,100.0,100.0,100.0,100.0,100.0,100.0,100.0,100.0,100.0,100.0,100.0,100.0,100.0,100.0,100.0,111.7,111.7,111.7,111.7,111.7,111.7,111.7,111.7,111.7,111.6,111.6,111.6,111.6,111.6,111.6,111.6,111.6,111.7,40.2,40.2,40.2,40.0,40.2,40.2,40.2,40.2,40.0,0.0,100.0,100.0,100.0,100.0,100.0,100.0,100.0,100.0,100.0,0.0,0.0,0.0,0.0,0.0,0.0,0.0,0.0,0.0,0.0,0.0,0.0,0.0,0.0,0.0,0.0,0.0,0.0,1197.8,12.00,16,16,16,39,55,661,1,83.6,83.1,87.5,80.1,78.7,79.4,81.2,81.9,79.7,81.0,78.8,79.9,68.5,68.6,68.4,59.5,55.7,1.331,1.031,1.337,25.428,12.127,25.424,90.000,55.430,7.553,7.088,7.538,7.627,8.063,7.530,7.948,7.035,7.591,33.512,12.562,46.073,55.593,1197.8,1197.8,4025.6,4025.6,4025.6,4025.6,63.2,42.4,100.0,87.5,57.4,No,No,No,5.136,1.053,8.0,47,95.0,100.0,No,No,91255,99037,31,99.0,No,No,3320,22.6,2.8,25.5,58.908,32.089,19208,15143,0.0,0.0,0.0,0.000,0.000,50,0,56.2,74.9,83.0,1.069,12.082,12.123,12.117,12.006,1132,120.055,54.631,93.674,33.798,82.265,27.589,54.539,0.336,93.674,22.462,33.751,104.219,220.000,240.000,1935.0,1750.2,1695.0,1926.7,1830.0,68.0,14.0,0.0,6.0,79.2,14.0,56.0,0.0,0.0,0.0,33,Yes,No,No,Yes,No,No,No,52.8,66.4,4,0,0,0,0,0,0,0,0,128,0,0,0,0,0,0,0,0,0,0,0,0,0,0,0,0,0,0,0,0,1700,6492,6341,895,8.0,232.9,2275.3,85.6,69.4,73.6,69.1,52.5,164.8,14.1,14.0,14.0,14.0,4.29,12.55,0.39,0.30,14.72,18.12,1.29,0.16,3.48,0.82,4.88,0,0,0.0,0.0,8217,155,25296.0,278.5,0,
7.7.2026,19:58:48.133,26365,19629,57.3,16850,15832,51.5,0.0,13312,0,1.289,1.294,1.269,1.300,1.288,1.288,1.294,1.288,1.294,4011.5,4017.8,4017.8,3992.8,3992.8,4017.8,4017.8,4017.8,4017.8,99.8,4001.4,4017.2,4001.8,4000.9,4000.2,4000.3,4000.6,4001.6,4001.6,3997.8,3998.8,3999.3,3999.8,3999.6,4000.2,4000.7,4001.5,4001.4,100.0,100.0,100.0,100.0,100.0,100.0,100.0,100.0,100.0,100.0,100.0,100.0,100.0,100.0,100.0,100.0,100.0,100.0,100.0,111.4,111.4,111.4,111.4,111.4,111.4,111.4,111.4,111.4,111.4,111.4,111.4,111.4,111.4,111.4,111.4,111.4,111.4,40.2,40.2,40.2,40.0,40.0,40.2,40.2,40.2,40.2,0.0,100.0,100.0,100.0,100.0,100.0,100.0,100.0,100.0,100.0,0.0,0.0,0.0,0.0,0.0,0.0,0.0,0.0,0.0,0.0,0.0,0.0,0.0,0.0,0.0,0.0,0.0,0.0,1197.8,12.00,16,16,16,39,55,661,1,84.9,86.2,83.2,82.8,80.2,81.3,83.1,84.4,82.4,84.5,81.6,85.0,69.5,69.6,69.5,58.0,55.2,1.331,1.031,1.331,28.721,12.078,28.721,90.000,59.665,7.911,6.788,6.963,8.038,8.666,7.943,8.624,7.758,8.507,37.727,12.527,50.253,59.790,1197.8,1197.8,4017.2,4017.2,4017.2,4017.2,67.9,47.9,100.0,90.7,59.6,No,No,No,4.808,1.128,8.0,47,95.0,100.0,No,No,91256,99038,31,99.0,No,No,3320,50.0,9.1,59.1,69.630,43.521,19325,15217,0.0,0.0,0.0,0.000,0.000,50,0,56.6,75.2,83.0,1.069,12.087,12.127,12.122,12.012,1130,114.169,46.957,92.294,32.986,79.422,27.207,52.091,0.336,92.294,20.194,6.083,66.663,220.000,240.000,1935.0,1750.2,1695.0,1925.5,1830.0,73.0,15.0,0.0,7.0,82.4,14.5,58.1,0.0,0.0,0.0,33,Yes,No,No,Yes,No,No,No,52.5,51.0,4,0,0,0,0,0,0,0,0,128,0,0,0,0,0,0,0,0,0,0,0,0,0,0,0,0,0,0,0,0,1443,6749,6600,895,8.0,226.3,2378.0,83.6,63.4,73.4,59.6,65.9,478.0,19.2,16.5,16.3,16.3,4.42,12.20,0.40,0.38,14.44,16.97,1.87,0.26,3.61,0.81,4.83,0,0,0.0,0.0,8295,156,39848.8,380.9,0,
7.7.2026,19:58:50.141,26546,19448,57.7,16894,15787,51.6,0.0,13312,0,1.279,1.281,1.281,1.275,1.275,1.294,1.275,1.275,1.275,3999.0,3992.8,4017.8,3992.8,3992.8,3992.8,4017.8,3992.8,3992.8,99.8,4008.0,4022.0,4009.0,4008.4,4007.8,4008.4,4008.4,4008.6,4008.2,4004.9,4005.1,4005.6,4006.3,4005.8,4006.1,4006.3,4006.9,4008.0,100.0,100.0,100.0,100.0,100.0,100.0,100.0,100.0,100.0,100.0,100.0,100.0,100.0,100.0,100.0,100.0,100.0,100.0,100.0,111.6,111.6,111.6,111.6,111.6,111.6,111.6,111.6,111.6,111.6,111.6,111.6,111.6,111.6,111.6,111.6,111.6,111.6,40.1,40.0,40.2,40.0,40.0,40.0,40.2,40.0,40.0,0.0,100.0,100.0,100.0,100.0,100.0,100.0,100.0,100.0,100.0,0.0,0.0,0.0,0.0,0.0,0.0,0.0,0.0,0.0,0.0,0.0,0.0,0.0,0.0,0.0,0.0,0.0,0.0,1197.8,12.00,16,16,16,39,55,661,1,83.9,83.5,87.2,80.6,78.7,79.4,80.5,81.1,81.3,82.1,79.7,81.6,69.2,69.3,69.2,59.2,54.9,1.325,1.050,1.337,25.259,12.179,25.261,90.000,55.361,7.102,6.690,7.375,6.891,6.913,7.410,7.591,6.776,7.170,33.248,12.616,45.864,55.418,1197.8,1197.8,4022.0,4022.0,4022.0,4022.0,63.0,42.1,100.0,87.8,57.7,No,No,No,5.236,1.121,8.0,47,95.0,100.0,No,No,91256,99038,31,99.0,No,No,3320,17.7,5.6,23.4,54.784,85.567,19422,15368,0.0,0.0,0.0,0.000,0.000,50,0,52.0,68.3,83.0,1.069,12.123,12.165,12.146,12.058,1134,92.255,24.376,45.315,12.177,47.807,22.621,25.173,0.336,45.315,15.024,6.069,23.917,220.000,240.000,1935.0,1750.2,1695.0,1928.8,1830.0,9.0,2.0,0.0,0.0,82.4,8.2,32.7,0.0,0.0,0.0,33,Yes,No,No,Yes,No,No,No,27.4,31.5,4,0,0,0,0,0,0,0,0,128,0,0,0,0,0,0,0,0,0,0,0,0,0,0,0,0,0,0,0,0,1443,6749,6600,895,8.0,227.3,2745.2,92.2,44.7,50.5,41.8,72.5,241.5,27.2,24.3,24.0,24.0,4.40,13.90,0.50,0.12,18.93,23.88,1.08,0.65,3.73,0.67,4.20,0,0,0.0,0.0,8418,158,77408.5,1047.7,0,
7.7.2026,19:58:52.149,26546,19448,57.7,16894,15787,51.6,0.0,13312,0,1.279,1.281,1.281,1.275,1.275,1.294,1.275,1.275,1.275,3999.0,3992.8,4017.8,3992.8,3992.8,3992.8,4017.8,3992.8,3992.8,99.8,4008.0,4022.0,4009.0,4008.4,4007.8,4008.4,4008.4,4008.6,4008.2,4004.9,4005.1,4005.6,4006.3,4005.8,4006.1,4006.3,4006.9,4008.0,100.0,100.0,100.0,100.0,100.0,100.0,100.0,100.0,100.0,100.0,100.0,100.0,100.0,100.0,100.0,100.0,100.0,100.0,100.0,111.6,111.6,111.6,111.6,111.6,111.6,111.6,111.6,111.6,111.6,111.6,111.6,111.6,111.6,111.6,111.6,111.6,111.6,40.1,40.0,40.2,40.0,40.0,40.0,40.2,40.0,40.0,0.0,100.0,100.0,100.0,100.0,100.0,100.0,100.0,100.0,100.0,0.0,0.0,0.0,0.0,0.0,0.0,0.0,0.0,0.0,0.0,0.0,0.0,0.0,0.0,0.0,0.0,0.0,0.0,1197.8,12.00,16,16,16,39,55,661,1,83.9,83.5,87.2,80.6,78.7,79.4,80.5,81.1,81.3,82.1,79.7,81.6,69.2,69.3,69.2,59.2,54.9,1.325,1.050,1.337,25.259,12.179,25.261,90.000,55.361,7.102,6.690,7.375,6.891,6.913,7.410,7.591,6.776,7.170,33.248,12.616,45.864,55.418,1197.8,1197.8,4022.0,4022.0,4022.0,4022.0,63.0,42.1,100.0,87.8,57.7,No,No,No,5.236,1.121,8.0,47,95.0,100.0,No,No,91256,99038,31,99.0,No,No,3320,17.7,5.6,23.4,54.784,85.567,19422,15368,0.0,0.0,0.0,0.000,0.000,50,0,57.0,75.4,83.0,1.069,12.080,12.122,12.116,12.002,1129,117.023,50.786,99.872,36.741,85.444,28.048,57.259,0.336,99.872,22.378,7.135,70.779,220.000,240.000,1935.0,1750.2,1695.0,1929.8,1830.0,56.0,11.0,0.0,4.0,82.4,8.9,35.7,0.0,0.0,0.0,33,Yes,No,No,Yes,No,No,No,51.7,49.1,4,0,0,0,0,0,0,0,0,128,0,0,0,0,0,0,0,0,0,0,0,0,0,0,0,0,0,0,0,0,1443,6749,6600,895,8.0,227.3,2745.2,92.2,44.7,50.5,41.8,72.5,241.5,27.2,24.3,24.0,24.0,4.40,13.90,0.50,0.12,18.93,23.88,1.08,0.65,3.73,0.67,4.20,0,0,0.0,0.0,8418,158,77408.5,1047.7,0,
7.7.2026,19:58:54.391,26794,19199,58.2,17032,15649,52.1,0.0,13312,0,1.301,1.300,1.312,1.294,1.312,1.294,1.288,1.312,1.294,4024.0,4017.8,4017.8,4017.8,4042.7,4017.8,4017.8,4042.7,4017.8,99.8,4012.3,4025.6,4011.3,4011.4,4011.6,4011.8,4011.9,4012.3,4012.6,4009.6,4010.2,4010.5,4012.1,4010.9,4011.5,4011.9,4012.1,4012.3,100.0,100.0,100.0,100.0,100.0,100.0,100.0,100.0,100.0,100.0,100.0,100.0,100.0,100.0,100.0,100.0,100.0,100.0,100.0,111.7,111.7,111.7,111.7,111.7,111.7,111.7,111.7,111.7,111.7,111.7,111.7,111.7,111.7,111.7,111.7,111.7,111.7,40.3,40.2,40.2,40.2,40.5,40.2,40.2,40.5,40.2,0.0,100.0,100.0,100.0,100.0,100.0,100.0,100.0,100.0,100.0,0.0,0.0,0.0,0.0,0.0,0.0,0.0,0.0,0.0,0.0,0.0,0.0,0.0,0.0,0.0,0.0,0.0,0.0,1197.8,12.00,16,16,16,39,55,661,1,81.5,81.1,80.0,78.3,78.3,78.4,79.6,78.4,78.0,77.7,77.7,78.4,68.5,68.6,68.4,57.0,54.5,1.306,1.025,1.325,22.232,12.140,22.240,90.000,51.526,6.174,6.712,6.792,6.525,6.120,6.006,5.599,5.840,5.800,29.303,12.556,41.859,51.371,1197.8,1197.8,4025.6,4025.6,4025.6,4025.6,58.4,37.1,100.0,85.4,56.4,No,No,No,5.068,0.964,8.0,47,95.0,100.0,No,No,91256,99038,31,99.0,No,No,3320,4.9,4.9,9.9,24.996,66.211,19557,15711,0.0,0.0,0.0,0.000,0.000,50,0,57.8,76.6,83.0,1.069,12.087,12.129,12.122,12.012,1129,118.686,51.670,90.083,32.189,79.373,27.207,52.051,0.336,90.083,21.588,26.463,97.330,220.000,240.000,1935.0,1750.2,1695.0,1929.5,1830.0,65.0,14.0,0.0,5.0,84.0,13.7,54.8,0.0,0.0,0.0,33,Yes,No,No,Yes,No,No,No,54.5,66.4,4,0,0,0,0,0,0,0,0,128,0,0,0,0,0,0,0,0,0,0,0,0,0,0,0,0,0,0,0,0,1315,6877,6728,895,8.0,218.2,2143.4,72.4,61.8,65.1,61.6,27.5,123.3,5.2,4.6,4.5,4.5,4.58,16.03,0.40,0.36,17.28,19.09,1.93,0.26,3.42,1.16,7.15,0,0,0.0,0.0,8698,162,49838.1,583.1,0,
7.7.2026,19:58:56.155,26909,19085,58.5,17140,15542,52.4,0.0,13312,0,1.294,1.300,1.294,1.294,1.269,1.300,1.300,1.300,1.294,4011.5,3992.8,4017.8,4017.8,3992.8,4017.8,4017.8,4017.8,4017.8,99.8,4011.4,4027.8,4010.8,4011.0,4011.1,4011.5,4011.7,4012.3,4012.3,4008.9,4008.9,4009.4,4010.4,4008.9,4009.1,4009.1,4009.2,4011.4,100.0,100.0,100.0,100.0,100.0,100.0,100.0,100.0,100.0,100.0,100.0,100.0,100.0,100.0,100.0,100.0,100.0,100.0,100.0,111.7,111.7,111.7,111.7,111.7,111.7,111.7,111.7,111.7,111.7,111.7,111.7,111.7,111.7,111.7,111.7,111.7,111.7,40.2,40.0,40.2,40.2,40.0,40.2,40.2,40.2,40.2,0.0,100.0,100.0,100.0,100.0,100.0,100.0,100.0,100.0,100.0,0.0,0.0,0.0,0.0,0.0,0.0,0.0,0.0,0.0,0.0,0.0,0.0,0.0,0.0,0.0,0.0,0.0,0.0,1197.8,12.00,16,16,16,39,55,661,1,82.0,81.5,83.8,78.3,78.4,78.3,80.4,78.7,78.3,78.4,76.9,77.0,68.0,68.1,67.9,59.5,54.6,1.319,1.031,1.331,22.768,12.111,22.761,90.000,51.473,6.784,6.879,7.327,7.230,6.584,6.815,6.730,6.340,6.363,30.024,12.530,42.554,52.020,1197.8,1197.8,4027.8,4027.8,4027.8,4027.8,59.1,37.9,100.0,85.8,56.4,No,No,No,4.799,1.077,8.0,47,95.0,100.0,No,No,91256,99038,31,99.0,No,No,3320,5.8,0.3,6.1,17.326,3.389,19585,15717,0.0,0.0,0.0,0.000,0.000,50,0,59.7,79.3,83.0,1.069,12.071,12.114,12.110,11.991,1130,124.567,54.678,105.564,38.230,92.408,28.922,63.343,0.336,105.564,25.151,6.533,80.726,220.000,240.000,1935.0,1750.2,1695.0,1928.9,1830.0,82.0,17.0,0.0,7.0,84.0,16.7,66.8,0.0,0.0,0.0,33,Yes,No,No,Yes,No,No,No,58.3,57.8,4,0,0,0,0,0,0,0,0,128,0,0,0,0,0,0,0,0,0,0,0,0,0,0,0,0,0,0,0,0,1315,6877,6729,895,8.0,196.7,2447.4,36.1,30.2,32.3,29.2,50.7,121.5,16.0,16.0,16.0,16.0,5.08,30.49,0.36,0.34,32.74,34.37,2.60,0.13,3.23,1.85,8.66,0,0,0.0,0.0,8698,162,281.8,8.4,0,
7.7.2026,19:58:58.148,26703,19291,58.0,16948,15733,51.8,0.0,13312,0,1.295,1.319,1.294,1.300,1.288,1.294,1.294,1.275,1.300,4014.6,4017.8,4017.8,4017.8,4017.8,4017.8,4017.8,3992.8,4017.8,99.8,4008.2,4022.3,4007.2,4007.3,4007.5,4007.5,4007.8,4008.7,4008.7,4004.8,4005.4,4006.3,4007.6,4006.7,4007.1,4008.0,4008.3,4008.2,100.0,100.0,100.0,100.0,100.0,100.0,100.0,100.0,100.0,100.0,100.0,100.0,100.0,100.0,100.0,100.0,100.0,100.0,100.0,111.6,111.6,111.6,111.6,111.6,111.6,111.6,111.6,111.6,111.5,111.5,111.5,111.5,111.5,111.5,111.5,111.5,111.6,40.2,40.2,40.2,40.2,40.2,40.2,40.2,40.0,40.2,0.0,100.0,100.0,100.0,100.0,100.0,100.0,100.0,100.0,100.0,0.0,0.0,0.0,0.0,0.0,0.0,0.0,0.0,0.0,0.0,0.0,0.0,0.0,0.0,0.0,0.0,0.0,0.0,1197.8,12.00,16,16,16,39,55,661,1,82.5,83.3,81.8,80.0,79.0,78.9,80.9,80.7,79.6,80.1,79.5,81.6,68.7,68.7,68.6,59.8,54.8,1.306,1.038,1.319,24.518,12.126,24.526,90.000,54.263,6.956,6.678,6.527,7.192,7.259,6.823,6.728,7.038,7.402,32.287,12.555,44.842,54.346,1197.8,1197.8,4022.3,4022.3,4022.3,4022.3,61.8,40.9,100.0,87.6,57.5,No,No,No,4.817,1.063,8.0,47,95.0,100.0,No,No,91256,99038,31,99.0,No,No,3320,1.6,0.2,1.8,6.971,0.238,19596,15717,0.0,0.0,0.0,0.000,0.000,50,0,60.0,79.4,83.0,1.069,12.080,12.122,12.116,12.002,1129,128.469,53.935,103.175,37.226,86.851,28.025,58.697,0.336,103.175,20.988,12.786,88.096,220.000,240.000,1935.0,1750.2,1695.0,1928.5,1830.0,78.0,16.0,0.0,6.0,84.0,17.2,68.8,0.0,0.0,0.0,33,Yes,No,No,Yes,No,No,No,56.4,56.3,4,0,0,0,0,0,0,0,0,128,0,0,0,0,0,0,0,0,0,0,0,0,0,0,0,0,0,0,0,0,1315,6877,6729,895,8.0,209.5,2718.0,76.5,48.3,56.9,46.9,70.6,250.5,40.0,40.0,40.0,40.0,4.79,15.61,0.36,0.32,18.21,20.69,2.16,0.24,3.30,1.49,7.55,0,0,0.0,0.0,8698,162,0.6,0.3,0,
7.7.2026,19:59:0.152,26819,19174,58.3,17055,15627,52.1,0.0,13312,0,1.294,1.288,1.294,1.294,1.294,1.294,1.300,1.294,1.294,4014.6,4017.8,4017.8,4017.8,4017.8,4017.8,3992.8,4017.8,4017.8,99.8,4012.9,4028.8,4011.9,4012.2,4012.2,4012.4,4012.6,4013.3,4013.7,4010.0,4010.3,4010.9,4011.8,4011.1,4011.4,4012.0,4012.4,4012.9,100.0,100.0,100.0,100.0,100.0,100.0,100.0,100.0,100.0,100.0,100.0,100.0,100.0,100.0,100.0,100.0,100.0,100.0,100.0,111.7,111.7,111.7,111.7,111.7,111.7,111.7,111.7,111.7,111.7,111.7,111.7,111.7,111.7,111.7,111.7,111.7,111.7,40.2,40.2,40.2,40.2,40.2,40.2,40.0,40.2,40.2,0.0,100.0,100.0,100.0,100.0,100.0,100.0,100.0,100.0,100.0,0.0,0.0,0.0,0.0,0.0,0.0,0.0,0.0,0.0,0.0,0.0,0.0,0.0,0.0,0.0,0.0,0.0,0.0,1197.8,12.00,16,16,16,39,55,661,1,82.2,81.7,82.2,78.1,78.3,78.0,80.9,79.5,77.4,76.7,76.9,76.9,68.1,68.2,68.0,59.8,54.7,1.312,1.044,1.325,22.350,12.085,22.346,90.000,51.326,6.611,6.860,6.996,7.392,7.030,6.370,6.049,6.214,5.978,29.470,12.502,41.972,51.451,1197.8,1197.8,4028.8,4028.8,4028.8,4028.8,58.5,37.2,100.0,86.0,56.3,No,No,No,4.984,0.972,8.0,47,95.0,100.0,No,No,91256,99038,31,99.0,No,No,3320,15.7,0.1,15.8,35.309,0.156,19685,15718,0.0,0.0,0.0,0.000,0.000,50,0,59.6,78.4,83.0,1.069,12.079,12.120,12.116,12.002,1127,122.672,52.610,99.585,35.584,84.943,27.726,57.094,0.336,99.585,21.044,27.072,73.131,220.000,240.000,1935.0,1750.2,1695.0,1929.0,1830.0,71.0,15.0,0.0,6.0,84.0,14.7,58.8,0.0,0.0,0.0,33,Yes,No,No,Yes,No,No,No,49.5,44.7,4,0,0,0,0,0,0,0,0,128,0,0,0,0,0,0,0,0,0,0,0,0,0,0,0,0,0,0,0,0,1315,6877,6729,896,8.0,211.5,2831.9,85.9,81.0,81.4,80.7,69.4,240.9,34.8,30.4,30.0,30.0,4.73,12.37,0.35,0.30,12.44,12.46,1.60,0.16,3.22,1.51,5.98,0,0,0.0,0.0,8698,162,0.2,0.3,0,
7.7.2026,19:59:2.157,26905,19088,58.4,17007,15675,52.0,0.0,13312,0,1.294,1.294,1.319,1.294,1.300,1.275,1.269,1.306,1.294,4014.6,4017.8,4042.7,4017.8,4017.8,3992.8,3992.8,4017.8,4017.8,99.8,4010.2,4024.5,4009.4,4010.2,4010.1,4010.0,4010.2,4011.0,4011.0,4006.6,4007.3,4008.4,4009.3,4008.3,4008.5,4009.3,4009.9,4010.2,100.0,100.0,100.0,100.0,100.0,100.0,100.0,100.0,100.0,100.0,100.0,100.0,100.0,100.0,100.0,100.0,100.0,100.0,100.0,111.6,111.6,111.6,111.6,111.6,111.6,111.6,111.6,111.6,111.6,111.6,111.6,111.6,111.6,111.6,111.6,111.6,111.6,40.2,40.2,40.5,40.2,40.2,40.0,40.0,40.2,40.2,0.0,100.0,100.0,100.0,100.0,100.0,100.0,100.0,100.0,100.0,0.0,0.0,0.0,0.0,0.0,0.0,0.0,0.0,0.0,0.0,0.0,0.0,0.0,0.0,0.0,0.0,0.0,0.0,1197.8,12.00,16,16,16,39,55,661,1,82.2,82.9,82.2,79.5,78.6,78.6,79.8,79.6,79.6,80.7,78.6,80.3,68.5,68.5,68.4,57.2,54.3,1.306,1.044,1.325,24.054,12.024,24.051,90.000,53.489,6.993,6.825,7.020,6.847,6.692,6.976,7.242,6.947,7.394,31.712,12.447,44.159,53.630,1197.8,1197.8,4024.5,4024.5,4024.5,4024.5,60.9,40.1,100.0,87.2,56.8,No,No,No,4.733,0.956,8.0,47,95.0,100.0,No,No,91256,99038,31,99.0,No,No,3320,1.8,0.9,2.8,10.801,0.411,19702,15718,0.0,0.0,0.0,0.000,0.000,50,0,61.2,80.8,83.0,1.081,12.080,12.122,12.117,12.000,1129,125.059,56.715,104.360,37.566,89.651,28.285,61.220,0.336,104.360,22.931,45.754,72.682,220.000,240.000,1920.0,1750.2,1695.0,1928.7,1830.0,81.0,17.0,0.0,7.0,85.6,16.1,64.4,0.0,0.0,0.0,33,Yes,No,No,Yes,No,No,No,59.7,57.0,4,0,0,0,0,0,0,0,0,128,0,0,0,0,0,0,0,0,0,0,0,0,0,0,0,0,0,0,0,0,1183,7009,6861,898,8.0,227.3,2253.3,80.9,72.4,75.5,71.9,70.9,121.1,38.0,34.6,34.2,34.2,4.40,11.95,0.37,0.29,12.83,14.01,1.77,0.19,3.35,1.05,5.66,0,0,0.0,0.0,8698,162,0.8,0.5,0,
7.7.2026,19:59:4.146,26905,19088,58.4,17007,15675,52.0,0.0,13312,0,1.294,1.294,1.319,1.294,1.300,1.275,1.269,1.306,1.294,4014.6,4017.8,4042.7,4017.8,4017.8,3992.8,3992.8,4017.8,4017.8,99.8,4010.2,4024.5,4009.4,4010.2,4010.1,4010.0,4010.2,4011.0,4011.0,4006.6,4007.3,4008.4,4009.3,4008.3,4008.5,4009.3,4009.9,4010.2,100.0,100.0,100.0,100.0,100.0,100.0,100.0,100.0,100.0,100.0,100.0,100.0,100.0,100.0,100.0,100.0,100.0,100.0,100.0,111.6,111.6,111.6,111.6,111.6,111.6,111.6,111.6,111.6,111.6,111.6,111.6,111.6,111.6,111.6,111.6,111.6,111.6,40.2,40.2,40.5,40.2,40.2,40.0,40.0,40.2,40.2,0.0,100.0,100.0,100.0,100.0,100.0,100.0,100.0,100.0,100.0,0.0,0.0,0.0,0.0,0.0,0.0,0.0,0.0,0.0,0.0,0.0,0.0,0.0,0.0,0.0,0.0,0.0,0.0,1197.8,12.00,16,16,16,39,55,661,1,82.2,82.9,82.2,79.5,78.6,78.6,79.8,79.6,79.6,80.7,78.6,80.3,68.5,68.5,68.4,57.2,54.3,1.306,1.044,1.325,24.054,12.024,24.051,90.000,53.489,6.993,6.825,7.020,6.847,6.692,6.976,7.242,6.947,7.394,31.712,12.447,44.159,53.630,1197.8,1197.8,4024.5,4024.5,4024.5,4024.5,60.9,40.1,100.0,87.2,56.8,No,No,No,4.733,0.956,8.0,48,95.0,100.0,No,No,91256,99038,31,99.0,No,No,3320,1.8,0.9,2.8,10.801,0.411,19702,15718,0.0,0.0,0.0,0.000,0.000,50,0,61.2,80.2,83.0,1.081,12.083,12.125,12.120,12.004,1129,120.762,55.042,104.967,38.545,88.427,28.114,60.181,0.336,104.967,22.058,10.697,92.127,220.000,240.000,1920.0,1750.2,1695.0,1915.9,1830.0,74.0,15.0,0.0,5.0,85.5,15.2,60.6,0.0,0.0,0.0,33,Yes,No,No,Yes,No,No,No,50.7,68.3,4,0,0,0,0,0,0,0,0,128,0,0,0,0,0,0,0,0,0,0,0,0,0,0,0,0,0,0,0,0,1187,7005,6857,897,8.0,227.3,2253.3,80.9,72.4,75.5,71.9,70.9,121.1,38.0,34.6,34.2,34.2,4.40,11.95,0.37,0.29,12.83,14.01,1.77,0.19,3.35,1.05,5.66,0,0,0.0,0.0,8698,162,0.8,0.5,0,
7.7.2026,19:59:6.183,27018,18976,58.7,17103,15579,52.3,0.0,13312,0,1.306,1.288,1.319,1.300,1.319,1.294,1.325,1.312,1.294,4036.5,4042.7,4042.7,4042.7,4042.7,4017.8,4017.8,4042.7,4042.7,99.8,4012.4,4026.7,4011.4,4011.6,4012.1,4011.6,4011.9,4012.2,4012.7,4010.0,4010.3,4011.0,4011.6,4010.7,4010.9,4011.6,4011.8,4012.4,100.0,100.0,100.0,100.0,100.0,100.0,100.0,100.0,100.0,100.0,100.0,100.0,100.0,100.0,100.0,100.0,100.0,100.0,100.0,111.7,111.7,111.7,111.7,111.7,111.7,111.7,111.7,111.7,111.7,111.7,111.7,111.7,111.7,111.7,111.7,111.7,111.7,40.4,40.5,40.5,40.5,40.5,40.2,40.2,40.5,40.5,0.0,100.0,100.0,100.0,100.0,100.0,100.0,100.0,100.0,100.0,0.0,0.0,0.0,0.0,0.0,0.0,0.0,0.0,0.0,0.0,0.0,0.0,0.0,0.0,0.0,0.0,0.0,0.0,1197.8,12.00,16,16,16,39,55,661,1,81.5,81.8,81.5,78.7,78.5,78.4,80.2,79.0,78.5,78.8,77.6,78.7,68.3,68.4,68.3,60.0,54.9,1.312,1.044,1.331,23.077,12.024,23.080,90.000,52.290,6.550,6.999,7.115,6.783,6.333,6.481,6.239,6.304,6.144,30.429,12.444,42.873,52.359,1197.8,1197.8,4026.7,4026.7,4026.7,4026.7,59.5,38.5,100.0,86.1,56.4,No,No,No,4.895,0.893,8.0,48,95.0,100.0,No,No,91256,99038,31,99.0,No,No,3320,0.7,0.2,0.9,3.205,1.283,19710,15722,0.0,0.0,0.0,0.000,0.000,50,0,60.0,78.0,83.0,1.081,12.077,12.117,12.115,11.999,1134,100.964,58.547,103.405,38.387,87.467,28.041,59.289,0.336,103.405,22.496,53.635,89.013,220.000,240.000,1920.0,1750.2,1695.0,1917.9,1830.0,72.0,15.0,0.0,5.0,85.5,7.4,29.5,0.0,0.0,0.0,33,Yes,No,No,Yes,No,No,No,57.2,33.6,4,0,0,0,0,0,0,0,0,128,0,0,0,0,0,0,0,0,0,0,0,0,0,0,0,0,0,0,0,0,1187,7005,6857,898,8.0,215.4,2673.7,46.8,26.2,32.4,25.0,56.0,200.4,16.7,13.6,13.3,13.3,4.65,21.94,0.33,0.24,32.24,43.75,1.33,0.12,3.87,0.78,4.47,0,0,0.0,0.0,8699,163,534.8,67.8,0,
7.7.2026,19:59:8.199,27164,18830,59.0,17255,15426,52.7,0.0,13312,0,1.298,1.288,1.294,1.294,1.294,1.300,1.312,1.306,1.294,4020.9,4017.8,4017.8,4017.8,4017.8,4017.8,4042.7,4017.8,4017.8,99.8,4012.4,4026.7,4012.1,4012.3,4012.6,4011.7,4012.0,4012.8,4012.9,4009.0,4009.3,4010.9,4011.8,4010.6,4010.8,4011.5,4011.3,4012.4,100.0,100.0,100.0,100.0,100.0,100.0,100.0,100.0,100.0,100.0,100.0,100.0,100.0,100.0,100.0,100.0,100.0,100.0,100.0,111.7,111.7,111.7,111.7,111.7,111.7,111.7,111.7,111.7,111.7,111.7,111.7,111.7,111.7,111.7,111.7,111.7,111.7,40.3,40.2,40.2,40.2,40.2,40.2,40.5,40.2,40.2,0.0,100.0,100.0,100.0,100.0,100.0,100.0,100.0,100.0,100.0,0.0,0.0,0.0,0.0,0.0,0.0,0.0,0.0,0.0,0.0,0.0,0.0,0.0,0.0,0.0,0.0,0.0,0.0,1197.8,12.00,16,16,16,39,55,661,1,81.4,81.2,84.2,78.1,79.0,78.8,78.2,77.5,78.5,77.8,78.0,77.4,67.9,68.0,67.9,57.2,54.6,1.325,1.031,1.331,22.301,11.958,22.298,90.000,51.035,6.717,7.118,6.996,6.392,6.593,6.700,6.506,6.868,6.563,29.407,12.370,41.777,51.209,1197.8,1197.8,4026.8,4026.8,4026.8,4026.8,58.2,37.2,100.0,85.4,56.2,No,No,No,4.795,0.583,8.0,48,95.0,100.0,No,No,91256,99038,31,99.0,No,No,3320,1.5,0.1,1.6,7.411,0.118,19725,15722,0.0,0.0,0.0,0.000,0.000,50,0,62.5,82.2,83.0,1.081,12.079,12.121,12.117,11.999,1129,123.407,58.871,108.291,39.126,92.333,28.677,63.529,0.336,108.291,23.257,37.085,87.785,220.000,240.000,1920.0,1750.2,1695.0,1915.8,1830.0,77.0,16.0,0.0,7.0,85.5,16.2,64.7,0.0,0.0,0.0,33,Yes,No,No,Yes,No,No,No,60.3,62.0,4,0,0,0,0,0,0,0,0,128,0,0,0,0,0,0,0,0,0,0,0,0,0,0,0,0,0,0,0,0,1187,7005,6857,898,8.0,219.6,2154.9,80.4,70.3,75.5,68.2,54.6,122.5,15.0,15.0,15.0,15.0,4.55,12.34,0.38,0.24,13.21,14.58,1.90,0.19,3.26,1.30,5.52,0,0,0.0,0.0,8699,163,0.8,0.3,0,
7.7.2026,19:59:10.204,26956,19038,58.6,17065,15616,52.2,0.0,13312,0,1.295,1.294,1.288,1.294,1.300,1.300,1.294,1.294,1.294,4017.8,4017.8,4017.8,4017.8,4017.8,4017.8,4017.8,4017.8,4017.8,99.8,4010.3,4024.2,4009.7,4009.7,4009.9,4009.6,4009.9,4010.3,4010.8,4007.3,4007.4,4008.6,4009.6,4008.5,4008.6,4009.5,4010.2,4010.3,100.0,100.0,100.0,100.0,100.0,100.0,100.0,100.0,100.0,100.0,100.0,100.0,100.0,100.0,100.0,100.0,100.0,100.0,100.0,111.6,111.6,111.6,111.6,111.6,111.6,111.6,111.6,111.6,111.6,111.6,111.6,111.6,111.6,111.6,111.6,111.6,111.6,40.2,40.2,40.2,40.2,40.2,40.2,40.2,40.2,40.2,0.0,100.0,100.0,100.0,100.0,100.0,100.0,100.0,100.0,100.0,0.0,0.0,0.0,0.0,0.0,0.0,0.0,0.0,0.0,0.0,0.0,0.0,0.0,0.0,0.0,0.0,0.0,0.0,1197.8,12.00,16,16,16,39,55,661,1,81.6,82.5,78.8,79.2,78.2,77.4,80.0,78.9,79.0,79.4,79.4,81.2,68.3,68.3,68.3,58.5,54.4,1.325,1.031,1.325,23.698,12.065,23.700,90.000,53.068,7.075,7.092,7.357,7.261,6.706,6.746,6.604,7.155,7.679,31.256,12.488,43.744,53.222,1197.8,1197.8,4024.2,4024.2,4024.2,4024.2,60.5,39.5,100.0,86.9,55.8,No,No,No,4.771,0.992,8.0,48,95.0,100.0,No,No,91256,99038,31,99.0,No,No,3320,3.5,0.7,4.2,23.151,0.439,19762,15722,0.0,0.0,0.0,0.000,0.000,50,0,64.2,84.9,83.0,1.081,12.068,12.111,12.108,11.984,1131,137.733,65.804,116.792,42.206,98.645,29.469,69.035,0.336,116.792,24.136,42.625,118.003,220.000,240.000,1920.0,1750.2,1695.0,1914.9,1830.0,84.0,18.0,0.0,5.0,85.5,19.1,76.3,0.0,0.0,0.0,34,Yes,No,No,Yes,No,No,No,64.1,58.6,4,0,0,0,0,0,0,0,0,128,0,0,0,0,0,0,0,0,0,0,0,0,0,0,0,0,0,0,0,0,1187,7005,6857,898,8.0,187.0,2674.0,51.4,42.7,45.6,41.3,63.5,154.9,25.8,22.1,21.8,21.8,5.35,21.30,0.34,0.27,25.85,29.73,2.67,0.20,3.28,2.07,6.76,0,0,0.0,0.0,8699,163,0.9,2.3,0,
7.7.2026,19:59:12.186,27047,18946,58.8,17165,15516,52.5,0.0,13312,0,1.295,1.288,1.294,1.294,1.300,1.319,1.288,1.294,1.288,4020.9,4017.8,4017.8,4017.8,3992.8,4042.7,4017.8,4017.8,4042.7,99.8,4011.4,4025.2,4010.4,4010.7,4010.8,4010.4,4010.8,4011.4,4011.7,4008.4,4009.3,4009.9,4011.1,4009.6,4010.2,4010.9,4011.4,4011.4,100.0,100.0,100.0,100.0,100.0,100.0,100.0,100.0,100.0,100.0,100.0,100.0,100.0,100.0,100.0,100.0,100.0,100.0,100.0,111.7,111.7,111.7,111.7,111.7,111.7,111.7,111.7,111.7,111.6,111.6,111.6,111.6,111.6,111.6,111.6,111.6,111.6,40.3,40.2,40.2,40.2,40.0,40.5,40.2,40.2,40.5,0.0,100.0,100.0,100.0,100.0,100.0,100.0,100.0,100.0,100.0,0.0,0.0,0.0,0.0,0.0,0.0,0.0,0.0,0.0,0.0,0.0,0.0,0.0,0.0,0.0,0.0,0.0,0.0,1197.8,12.00,16,16,16,39,55,661,1,81.6,82.1,81.5,79.1,78.2,77.5,80.1,79.2,79.0,79.6,78.8,80.5,68.5,68.6,68.5,58.8,54.3,1.312,1.038,1.325,23.567,11.973,23.569,90.000,52.975,6.737,6.743,6.515,6.858,6.582,6.622,6.550,6.805,7.218,31.082,12.391,43.474,52.953,1197.8,1197.8,4025.2,4025.2,4025.2,4025.2,60.2,39.3,100.0,86.4,56.7,No,No,No,4.813,0.832,8.0,48,95.0,100.0,No,No,91256,99038,31,99.0,No,No,3320,0.1,0.4,0.5,0.229,0.170,19763,15723,0.0,0.0,0.0,0.000,0.000,50,0,61.8,80.6,83.0,1.081,12.109,12.152,12.139,12.035,1163,128.909,41.539,77.994,26.272,69.009,25.599,43.329,0.336,77.994,17.453,6.950,70.459,220.000,240.000,1920.0,1750.2,1695.0,1915.7,1830.0,54.0,11.0,0.0,3.0,85.5,13.9,55.5,0.0,0.0,0.0,35,Yes,No,No,Yes,No,No,No,43.4,33.3,4,0,0,0,0,0,0,0,0,128,0,0,0,0,0,0,0,0,0,0,0,0,0,0,0,0,0,0,0,0,1190,7002,6854,890,8.0,206.2,2327.6,75.8,22.0,28.2,19.3,61.0,159.2,16.6,11.8,11.4,11.4,4.85,13.29,0.39,0.31,36.17,51.76,1.99,0.15,3.39,1.46,6.58,0,0,0.0,0.0,8699,163,0.1,0.0,0,
7.7.2026,19:59:14.178,27162,18832,59.0,17219,15463,52.6,0.0,13312,0,1.293,1.288,1.294,1.288,1.294,1.312,1.294,1.275,1.300,4011.5,4017.8,4017.8,4017.8,4017.8,4017.8,4017.8,3992.8,3992.8,99.8,4013.3,4028.2,4012.1,4012.4,4012.7,4012.3,4012.4,4013.0,4013.4,4011.2,4011.7,4012.0,4012.8,4011.7,4012.0,4012.6,4012.4,4013.3,100.0,100.0,100.0,100.0,100.0,100.0,100.0,100.0,100.0,100.0,100.0,100.0,100.0,100.0,100.0,100.0,100.0,100.0,100.0,111.7,111.7,111.7,111.7,111.7,111.7,111.7,111.7,111.7,111.7,111.7,111.7,111.7,111.7,111.7,111.7,111.7,111.7,40.2,40.2,40.2,40.2,40.2,40.2,40.2,40.0,40.0,0.0,100.0,100.0,100.0,100.0,100.0,100.0,100.0,100.0,100.0,0.0,0.0,0.0,0.0,0.0,0.0,0.0,0.0,0.0,0.0,0.0,0.0,0.0,0.0,0.0,0.0,0.0,0.0,1197.8,12.00,16,16,16,39,55,661,1,81.8,80.4,82.8,77.5,78.1,77.8,78.6,77.9,77.4,77.3,76.4,76.6,68.0,68.1,67.9,58.5,54.2,1.344,1.038,1.350,21.624,11.918,21.624,90.000,50.174,6.497,7.085,7.115,6.778,7.094,6.273,5.909,5.975,5.745,28.538,12.324,40.862,50.288,1197.8,1197.8,4028.2,4028.2,4028.2,4028.2,57.1,36.0,100.0,84.7,54.4,No,No,No,4.492,0.573,8.0,49,95.0,100.0,No,No,91256,99038,31,99.0,No,No,3320,1.0,0.1,1.1,2.643,0.449,19769,15724,0.0,0.0,0.0,0.000,0.000,50,0,57.6,73.4,83.0,1.081,12.132,12.177,12.155,12.064,1179,63.010,25.549,48.186,12.786,49.506,22.728,26.769,0.336,48.186,14.463,6.432,26.093,220.000,240.000,1920.0,1750.2,1695.0,1919.6,1830.0,5.0,1.0,0.0,0.0,85.5,2.6,10.4,0.0,0.0,0.0,35,Yes,No,No,Yes,No,No,No,28.5,45.2,4,0,0,0,0,0,0,0,0,128,0,0,0,0,0,0,0,0,0,0,0,0,0,0,0,0,0,0,0,0,1190,7002,6854,890,8.0,236.6,368.9,133.4,73.6,92.1,67.3,52.9,241.8,7.5,5.7,5.6,5.6,4.23,9.02,1.05,0.67,11.84,14.72,0.29,0.60,3.91,0.31,1.71,0,0,0.0,0.0,8699,163,0.8,0.7,0,
7.7.2026,19:59:16.177,26996,18997,58.6,17074,15608,52.2,0.0,13312,0,1.292,1.294,1.294,1.294,1.300,1.294,1.275,1.294,1.294,4011.5,4017.8,4017.8,4017.8,3992.8,4017.8,3992.8,4017.8,4017.8,99.8,4007.9,4023.0,4007.1,4007.4,4008.1,4007.8,4007.0,4008.0,4008.2,4005.2,4005.3,4007.0,4007.3,4005.8,4006.2,4006.7,4006.5,4007.9,100.0,100.0,100.0,100.0,100.0,100.0,100.0,100.0,100.0,100.0,100.0,100.0,100.0,100.0,100.0,100.0,100.0,100.0,100.0,111.6,111.6,111.6,111.6,111.6,111.6,111.6,111.6,111.6,111.5,111.5,111.6,111.6,111.5,111.6,111.6,111.6,111.6,40.2,40.2,40.2,40.2,40.0,40.2,40.0,40.2,40.2,0.0,100.0,100.0,100.0,100.0,100.0,100.0,100.0,100.0,100.0,0.0,0.0,0.0,0.0,0.0,0.0,0.0,0.0,0.0,0.0,0.0,0.0,0.0,0.0,0.0,0.0,0.0,0.0,1197.8,12.00,16,16,16,39,55,661,1,83.5,84.2,85.0,80.2,80.2,79.8,82.2,81.5,79.1,79.1,79.1,80.3,68.2,68.3,68.2,58.5,55.3,1.325,1.038,1.331,24.816,11.640,24.807,90.000,53.903,7.288,6.928,6.829,8.035,8.150,6.769,6.724,7.194,7.674,32.650,12.058,44.708,54.069,1197.8,1197.8,4023.0,4023.0,4023.0,4023.0,61.4,41.3,100.0,88.6,58.1,No,No,No,4.356,0.045,8.0,48,95.0,100.0,No,No,91256,99038,31,99.0,No,No,3320,0.2,0.0,0.2,1.712,0.303,19772,15724,0.0,0.0,0.0,0.000,0.000,50,0,53.9,68.2,83.0,0.688,12.145,12.196,12.161,12.079,1184,33.428,12.433,16.157,2.683,30.062,21.078,8.976,0.336,16.157,16.935,2.393,9.557,220.000,240.000,420.0,202.5,825.0,619.2,900.0,14.0,2.0,0.0,0.0,85.5,0.6,2.6,0.0,0.0,0.0,35,Yes,No,No,No,No,Yes,No,15.1,14.5,4,0,0,0,0,0,0,0,0,128,0,0,0,0,0,0,0,0,0,0,0,0,0,0,0,0,0,0,0,0,1190,7002,6854,890,5.0,239.8,280.6,203.7,196.8,198.6,196.6,82.6,373.5,46.1,40.5,40.0,40.0,4.17,4.97,3.36,3.28,5.03,5.13,0.30,0.69,3.96,0.21,1.91,0,0,0.0,0.0,8699,163,0.1,0.1,0,
7.7.2026,19:59:18.178,27030,18964,58.7,17108,15573,52.3,0.0,13312,0,1.292,1.294,1.288,1.294,1.294,1.275,1.300,1.294,1.300,4017.8,4017.8,4017.8,4017.8,4017.8,4017.8,4017.8,4017.8,4017.8,99.8,4009.6,4022.8,4008.2,4008.7,4009.1,4008.8,4008.8,4009.3,4010.1,4007.3,4007.6,4009.0,4009.3,4007.9,4008.2,4009.1,4009.9,4009.6,100.0,100.0,100.0,100.0,100.0,100.0,100.0,100.0,100.0,100.0,100.0,100.0,100.0,100.0,100.0,100.0,100.0,100.0,100.0,111.6,111.6,111.6,111.6,111.6,111.6,111.6,111.6,111.6,111.6,111.6,111.6,111.6,111.6,111.6,111.6,111.6,111.6,40.2,40.2,40.2,40.2,40.2,40.2,40.2,40.2,40.2,0.0,100.0,100.0,100.0,100.0,100.0,100.0,100.0,100.0,100.0,0.0,0.0,0.0,0.0,0.0,0.0,0.0,0.0,0.0,0.0,0.0,0.0,0.0,0.0,0.0,0.0,0.0,0.0,1197.8,12.00,16,16,16,39,55,661,1,83.9,85.3,86.8,80.7,81.7,81.4,84.1,79.6,80.9,80.2,78.8,79.2,68.8,68.9,68.8,58.8,54.7,1.325,1.038,1.325,25.089,11.579,25.099,90.000,54.369,6.968,7.791,8.114,7.859,6.190,6.970,6.391,6.311,6.118,33.001,11.991,44.992,54.395,1197.8,1197.8,4022.8,4022.8,4022.8,4022.8,61.8,41.8,100.0,89.7,57.9,No,No,No,4.419,0.034,8.0,48,95.0,100.0,No,No,91256,99038,31,99.0,No,No,3320,2.9,0.0,3.0,16.796,0.017,19802,15724,0.0,0.0,0.0,0.000,0.000,50,0,52.4,65.7,83.0,0.669,12.147,12.191,12.162,12.086,1181,24.732,9.506,13.630,2.109,21.965,14.383,7.572,0.336,13.630,10.792,2.114,8.529,220.000,240.000,270.0,202.5,825.0,352.8,900.0,16.0,11.0,0.0,0.0,85.5,0.7,2.9,0.0,0.0,0.0,34,Yes,No,No,No,No,Yes,No,11.1,14.2,4,0,0,0,0,0,0,0,0,129,0,0,0,0,0,0,0,0,0,0,0,0,0,0,0,0,0,0,0,0,1190,7002,6854,890,5.0,237.7,280.7,211.1,87.1,130.9,74.6,74.5,342.1,40.3,30.8,30.0,30.0,4.21,4.84,3.57,2.61,7.76,13.40,0.54,0.01,3.98,0.22,1.19,0,0,0.0,0.0,8699,163,0.2,0.2,0,
7.7.2026,19:59:20.190,26870,19124,58.4,16947,15735,51.8,0.0,13312,0,1.280,1.275,1.300,1.294,1.269,1.275,1.269,1.294,1.269,4002.2,3992.8,4017.8,4017.8,3992.8,3992.8,3992.8,4017.8,3992.8,99.8,4003.9,4020.4,4005.2,4005.2,4004.6,4003.5,4003.7,4004.2,4004.0,4000.9,4001.2,4002.4,4002.4,4001.1,4001.4,4001.7,4001.0,4003.9,100.0,100.0,100.0,100.0,100.0,100.0,100.0,100.0,100.0,100.0,100.0,100.0,100.0,100.0,100.0,100.0,100.0,100.0,100.0,111.5,111.5,111.5,111.5,111.5,111.5,111.5,111.5,111.5,111.5,111.5,111.5,111.5,111.5,111.5,111.5,111.5,111.5,40.1,40.0,40.2,40.2,40.0,40.0,40.0,40.2,40.0,0.0,100.0,100.0,100.0,100.0,100.0,100.0,100.0,100.0,100.0,0.0,0.0,0.0,0.0,0.0,0.0,0.0,0.0,0.0,0.0,0.0,0.0,0.0,0.0,0.0,0.0,0.0,0.0,1197.8,12.00,16,16,16,39,55,661,1,86.5,86.0,91.0,81.9,82.5,81.9,84.8,83.5,80.2,80.6,80.4,81.7,69.0,69.1,68.9,57.5,54.6,1.312,1.044,1.312,27.175,11.232,27.159,90.000,56.461,7.754,7.760,7.835,8.439,8.250,7.062,7.273,7.521,7.895,35.690,11.647,47.337,56.702,1197.8,1197.8,4020.4,4020.4,4020.4,4020.4,64.4,45.3,100.0,90.6,59.6,No,No,No,4.102,0.052,8.0,48,95.0,100.0,No,No,91256,99038,31,99.0,No,No,3320,1.7,0.0,1.8,11.257,0.021,19829,15724,0.0,0.0,0.0,0.000,0.000,50,0,51.7,64.5,83.0,0.669,12.143,12.186,12.159,12.083,1177,22.800,10.370,15.191,2.669,22.689,14.234,8.440,0.336,15.191,10.514,2.964,11.472,220.000,240.000,300.0,101.2,555.0,232.7,600.0,56.0,37.0,0.0,4.0,86.0,2.4,9.7,0.0,0.0,0.0,34,Yes,No,No,No,No,Yes,No,11.7,15.1,4,0,0,0,0,0,0,0,0,130,0,0,0,0,0,0,0,0,0,0,0,0,0,0,0,0,0,0,0,0,1145,7047,6899,890,2.5,239.8,255.8,222.5,213.7,216.5,213.6,76.9,241.7,29.9,26.9,26.6,26.6,4.17,4.48,3.89,3.63,4.60,4.68,0.96,0.01,4.00,0.17,2.02,0,0,0.0,0.0,8699,163,0.3,0.4,0,
7.7.2026,19:59:22.186,26469,19524,57.5,16556,16126,50.6,0.0,13312,0,1.290,1.269,1.275,1.294,1.294,1.300,1.294,1.300,1.294,4014.6,3992.8,4017.8,4017.8,4017.8,4017.8,4017.8,4017.8,4017.8,99.8,3994.1,4008.2,3993.4,3993.5,3993.4,3993.3,3993.4,3993.7,3993.9,3992.2,3992.2,3993.0,3993.5,3992.1,3992.7,3993.5,3993.8,3994.1,100.0,100.0,100.0,100.0,100.0,100.0,100.0,100.0,100.0,100.0,100.0,100.0,100.0,100.0,100.0,100.0,100.0,100.0,100.0,111.2,111.2,111.2,111.2,111.2,111.2,111.2,111.2,111.2,111.2,111.2,111.2,111.2,111.2,111.1,111.2,111.2,111.2,40.2,40.0,40.2,40.2,40.2,40.2,40.2,40.2,40.2,0.0,100.0,100.0,100.0,100.0,100.0,100.0,100.0,100.0,100.0,0.0,0.0,0.0,0.0,0.0,0.0,0.0,0.0,0.0,0.0,0.0,0.0,0.0,0.0,0.0,0.0,0.0,0.0,1197.8,12.00,16,16,16,39,55,661,1,87.0,89.5,84.2,86.2,84.6,85.1,86.7,87.3,85.1,87.8,84.9,88.4,70.9,70.9,70.9,59.5,55.1,1.325,1.025,1.331,32.536,10.789,32.537,90.000,63.255,8.486,7.904,7.992,8.645,8.975,8.271,8.958,8.224,8.922,42.447,11.220,53.668,63.094,1197.8,1197.8,4008.2,4008.2,4008.2,4008.2,71.7,54.2,100.0,94.2,61.8,No,No,No,3.721,0.161,8.0,48,95.0,100.0,No,No,91256,99038,31,99.0,No,No,3320,5.1,0.2,5.3,26.623,2.656,19872,15729,0.0,0.0,0.0,0.000,0.000,50,0,61.2,79.8,83.0,1.075,12.080,12.122,12.117,12.000,1163,117.194,53.818,105.719,37.943,89.763,28.548,61.087,0.336,105.719,22.052,7.021,79.991,220.000,240.000,1920.0,1750.2,1695.0,1898.7,1830.0,78.0,16.0,0.0,4.0,84.4,12.3,49.3,0.0,0.0,0.0,34,Yes,No,No,Yes,No,No,No,58.1,68.4,5,0,0,0,0,0,0,0,0,131,0,0,0,0,0,0,0,0,0,0,0,0,0,0,0,0,0,0,0,0,1279,6913,6764,890,8.0,100.7,0.0,6.4,3.0,3.9,2.8,28.0,203.0,2.9,2.5,2.5,2.5,9.83,156.39,0.06,0.06,253.76,348.84,1.11,0.32,9.13,0.70,8.95,0,0,0.0,0.0,8699,163,1.2,56.6,0,
7.7.2026,19:59:24.187,26556,19438,57.7,16676,16006,51.0,0.0,13312,0,1.291,1.288,1.294,1.294,1.269,1.269,1.300,1.319,1.294,4017.8,4017.8,4042.7,4017.8,4017.8,3992.8,4017.8,4042.7,3992.8,99.8,4009.8,4022.7,4009.4,4009.6,4010.0,4009.0,4009.8,4010.4,4010.7,4006.6,4007.1,4008.2,4009.3,4008.1,4008.0,4008.6,4009.0,4009.8,100.0,100.0,100.0,100.0,100.0,100.0,100.0,100.0,100.0,100.0,100.0,100.0,100.0,100.0,100.0,100.0,100.0,100.0,100.0,111.6,111.6,111.6,111.6,111.6,111.6,111.6,111.6,111.6,111.6,111.6,111.6,111.6,111.6,111.6,111.6,111.6,111.6,40.2,40.2,40.5,40.2,40.2,40.0,40.2,40.5,40.0,0.0,100.0,100.0,100.0,100.0,100.0,100.0,100.0,100.0,100.0,0.0,0.0,0.0,0.0,0.0,0.0,0.0,0.0,0.0,0.0,0.0,0.0,0.0,0.0,0.0,0.0,0.0,0.0,1197.8,12.00,16,16,16,39,55,661,1,83.8,82.2,85.8,79.6,79.2,78.6,80.7,79.4,80.2,80.4,78.8,79.5,69.5,69.5,69.4,57.8,55.0,1.306,1.038,1.312,22.956,12.026,22.973,90.000,52.682,6.480,6.699,6.427,6.355,5.909,6.875,6.896,6.372,6.310,30.221,12.443,42.665,52.196,1197.8,1197.8,4022.7,4022.7,4022.7,4022.7,59.3,38.3,100.0,86.6,56.6,No,No,No,5.071,0.785,8.0,48,95.0,100.0,No,No,91256,99038,31,99.0,No,No,3320,4.2,0.3,4.5,28.595,1.780,19939,15733,0.0,0.0,0.0,0.000,0.000,50,0,62.2,81.5,83.0,1.075,12.078,12.119,12.116,11.999,1160,122.142,55.076,105.157,38.563,89.996,28.618,61.227,0.336,105.157,23.441,8.552,89.713,220.000,240.000,1920.0,1750.2,1695.0,1915.6,1830.0,82.0,17.0,0.0,5.0,83.9,15.9,63.5,0.0,0.0,0.0,34,Yes,No,No,Yes,No,No,No,58.5,54.6,5,0,0,0,0,0,0,0,0,131,0,0,0,0,0,0,0,0,0,0,0,0,0,0,0,0,0,0,0,0,1320,6872,6724,890,8.0,141.5,1990.3,59.2,58.4,58.7,58.3,141.3,244.1,59.9,59.8,59.9,59.8,7.07,16.88,0.50,0.29,17.05,17.14,1.08,5.35,7.07,0.00,9.06,0,0,0.0,0.0,8699,163,0.5,0.9,0,
7.7.2026,19:59:26.179,26514,19480,57.6,16703,15979,51.1,0.0,13312,0,1.279,1.281,1.294,1.275,1.262,1.294,1.275,1.275,1.275,4002.2,3992.8,4017.8,3992.8,4017.8,4017.8,3992.8,3992.8,3992.8,99.8,4007.2,4022.4,4007.2,4007.5,4007.2,4007.1,4007.5,4008.2,4008.2,4002.1,4003.5,4005.0,4006.6,4004.7,4005.7,4006.2,4006.4,4007.2,100.0,100.0,100.0,100.0,100.0,100.0,100.0,100.0,100.0,100.0,100.0,100.0,100.0,100.0,100.0,100.0,100.0,100.0,100.0,111.6,111.6,111.6,111.6,111.6,111.6,111.6,111.6,111.6,111.5,111.5,111.5,111.5,111.5,111.5,111.5,111.5,111.6,40.1,40.0,40.2,40.0,40.2,40.2,40.0,40.0,40.0,0.0,100.0,100.0,100.0,100.0,100.0,100.0,100.0,100.0,100.0,0.0,0.0,0.0,0.0,0.0,0.0,0.0,0.0,0.0,0.0,0.0,0.0,0.0,0.0,0.0,0.0,0.0,0.0,1197.8,12.00,16,16,16,39,55,661,1,83.6,82.3,85.5,79.1,78.4,77.4,79.3,77.4,80.2,80.4,79.2,80.6,68.7,68.7,68.7,57.0,54.6,1.319,1.031,1.331,22.996,11.985,22.989,90.000,52.029,6.765,6.551,6.457,6.531,5.854,7.166,7.229,6.906,7.430,30.297,12.404,42.701,52.163,1197.8,1197.8,4022.4,4022.4,4022.4,4022.4,59.3,38.3,100.0,86.6,57.1,No,No,No,4.797,0.816,8.0,48,95.0,100.0,No,No,91256,99038,31,99.0,No,No,3320,1.8,0.7,2.4,11.594,13.770,19954,15751,0.0,0.0,0.0,0.000,0.000,50,0,61.6,80.0,83.0,1.075,12.099,12.140,12.131,12.025,1163,116.745,46.885,85.640,30.180,74.463,26.396,47.959,0.336,85.640,19.131,6.564,92.546,220.000,240.000,1920.0,1750.2,1695.0,1915.7,1830.0,54.0,11.0,0.0,3.0,83.9,13.5,53.9,0.0,0.0,0.0,34,Yes,No,No,Yes,No,No,No,43.1,52.8,5,0,0,0,0,0,0,0,0,131,0,0,0,0,0,0,0,0,0,0,0,0,0,0,0,0,0,0,0,0,1320,6872,6724,890,8.0,144.3,2122.7,41.4,36.0,37.9,35.4,144.4,250.3,49.0,40.7,43.6,40.0,6.93,24.14,0.47,0.47,26.39,28.22,1.28,5.29,6.93,0.00,8.75,0,0,0.0,0.0,8699,163,3.2,2.2,0,
7.7.2026,19:59:28.187,26448,19546,57.5,16732,15949,51.1,0.0,13312,0,1.296,1.300,1.294,1.300,1.300,1.300,1.275,1.300,1.300,4014.6,4017.8,4017.8,4017.8,4017.8,4017.8,3992.8,4017.8,4017.8,99.8,4005.2,4019.3,4004.2,4004.8,4005.3,4004.7,4004.9,4005.4,4005.8,4002.2,4002.5,4003.4,4004.0,4003.1,4003.6,4004.4,4004.8,4005.2,100.0,100.0,100.0,100.0,100.0,100.0,100.0,100.0,100.0,100.0,100.0,100.0,100.0,100.0,100.0,100.0,100.0,100.0,100.0,111.5,111.5,111.5,111.5,111.5,111.5,111.5,111.5,111.5,111.5,111.5,111.5,111.5,111.5,111.5,111.5,111.5,111.5,40.2,40.2,40.2,40.2,40.2,40.2,40.0,40.2,40.2,0.0,100.0,100.0,100.0,100.0,100.0,100.0,100.0,100.0,100.0,0.0,0.0,0.0,0.0,0.0,0.0,0.0,0.0,0.0,0.0,0.0,0.0,0.0,0.0,0.0,0.0,0.0,0.0,1197.8,12.00,16,16,16,39,55,661,1,84.1,85.2,82.5,82.2,80.8,81.3,82.7,82.3,81.7,83.0,81.4,84.0,69.6,69.6,69.6,57.8,55.1,1.319,1.031,1.325,27.064,11.925,27.064,90.000,57.357,7.602,7.412,7.716,7.736,7.596,7.244,7.480,7.440,8.189,35.583,12.362,47.945,57.443,1197.8,1197.8,4019.3,4019.3,4019.3,4019.3,65.3,45.1,100.0,89.7,57.5,No,No,No,4.830,0.662,8.0,48,95.0,100.0,No,No,91256,99038,31,99.0,No,No,3320,65.6,0.1,65.7,52.211,0.093,20066,15752,0.0,0.0,0.0,0.000,0.000,50,0,61.9,80.4,83.0,1.075,12.096,12.137,12.130,12.021,1160,113.730,51.728,91.971,33.181,78.592,26.964,51.506,0.336,91.971,19.903,42.819,80.043,220.000,240.000,1920.0,1750.2,1695.0,1916.3,1830.0,53.0,11.0,0.0,2.0,82.3,10.8,43.1,0.0,0.0,0.0,34,Yes,No,No,Yes,No,No,No,52.1,57.6,5,0,0,0,0,0,0,0,0,131,0,0,0,0,0,0,0,0,0,0,0,0,0,0,0,0,0,0,0,0,1448,6744,6596,890,8.0,115.2,2034.9,19.2,13.9,15.7,13.5,115.2,246.3,20.5,14.6,16.5,14.1,8.68,52.10,0.49,0.44,63.83,74.34,0.98,6.62,8.68,0.00,12.24,0,0,0.0,0.0,8699,163,0.6,2.2,0,
7.7.2026,19:59:30.185,26407,19587,57.4,16694,15988,51.0,0.0,13312,0,1.296,1.319,1.294,1.294,1.294,1.288,1.294,1.288,1.300,4020.9,4042.7,4017.8,4017.8,4017.8,4017.8,4017.8,4017.8,4017.8,99.8,4011.2,4024.5,4009.7,4010.4,4010.6,4010.6,4010.7,4011.5,4011.8,4008.0,4009.1,4009.8,4011.1,4009.3,4010.3,4011.1,4011.2,4011.2,100.0,100.0,100.0,100.0,100.0,100.0,100.0,100.0,100.0,100.0,100.0,100.0,100.0,100.0,100.0,100.0,100.0,100.0,100.0,111.6,111.6,111.6,111.6,111.6,111.6,111.6,111.6,111.6,111.6,111.6,111.6,111.6,111.6,111.6,111.6,111.6,111.6,40.3,40.5,40.2,40.2,40.2,40.2,40.2,40.2,40.2,0.0,100.0,100.0,100.0,100.0,100.0,100.0,100.0,100.0,100.0,0.0,0.0,0.0,0.0,0.0,0.0,0.0,0.0,0.0,0.0,0.0,0.0,0.0,0.0,0.0,0.0,0.0,0.0,1197.8,12.00,16,16,16,39,55,661,1,82.8,81.4,85.8,78.5,79.6,79.0,79.7,76.9,78.4,78.1,78.0,78.4,68.8,68.8,68.7,59.8,54.9,1.312,1.031,1.331,21.834,11.962,21.841,90.000,50.593,6.349,6.935,6.769,6.720,5.931,6.352,6.019,6.175,5.893,28.765,12.373,41.138,50.607,1197.8,1197.8,4024.5,4024.5,4024.5,4024.5,57.5,36.4,100.0,85.7,57.0,No,No,No,4.963,0.536,8.0,48,95.0,100.0,No,No,91256,99038,31,99.0,No,No,3320,0.2,0.0,0.3,0.550,0.050,20067,15752,0.0,0.0,0.0,0.000,0.000,50,0,63.4,82.5,83.0,1.075,12.084,12.123,12.121,12.006,1162,120.406,52.799,104.377,38.563,87.759,28.251,59.382,0.336,104.377,22.016,7.470,75.463,220.000,240.000,1920.0,1750.2,1695.0,1915.9,1830.0,78.0,17.0,0.0,4.0,82.3,13.2,52.8,0.0,0.0,0.0,34,Yes,No,No,Yes,No,No,No,57.8,37.2,5,0,0,0,0,0,0,0,0,131,0,0,0,0,0,0,0,0,0,0,0,0,0,0,0,0,0,0,0,0,1448,6744,6596,868,8.0,127.2,2101.7,27.5,19.0,21.0,18.4,127.6,248.7,30.3,20.6,22.8,20.0,7.86,36.32,0.48,0.45,47.66,54.40,1.00,6.42,7.86,0.00,10.65,0,0,0.0,0.0,8699,163,2.9,0.6,0,
7.7.2026,19:59:32.195,26296,19697,57.1,16592,16089,50.7,0.0,13312,0,1.294,1.294,1.294,1.300,1.300,1.294,1.294,1.288,1.288,4017.8,4017.8,4017.8,4017.8,4017.8,4017.8,4017.8,4017.8,4017.8,99.8,4006.2,4022.9,4005.8,4005.0,4005.4,4005.0,4005.5,4005.8,4006.3,4002.7,4003.4,4004.8,4005.7,4004.8,4004.8,4005.5,4005.7,4006.2,100.0,100.0,100.0,100.0,100.0,100.0,100.0,100.0,100.0,100.0,100.0,100.0,100.0,100.0,100.0,100.0,100.0,100.0,100.0,111.5,111.6,111.6,111.6,111.6,111.6,111.6,111.6,111.6,111.5,111.5,111.5,111.5,111.5,111.5,111.5,111.5,111.5,40.2,40.2,40.2,40.2,40.2,40.2,40.2,40.2,40.2,0.0,100.0,100.0,100.0,100.0,100.0,100.0,100.0,100.0,100.0,0.0,0.0,0.0,0.0,0.0,0.0,0.0,0.0,0.0,0.0,0.0,0.0,0.0,0.0,0.0,0.0,0.0,0.0,1197.8,12.00,16,16,16,39,55,661,1,83.4,84.1,83.5,80.3,80.2,79.9,82.2,82.6,79.5,79.3,78.8,79.7,68.8,68.9,68.7,60.0,55.6,1.325,1.031,1.331,24.624,11.853,24.620,90.000,53.918,7.235,6.977,7.133,7.461,8.139,7.166,6.888,6.898,7.220,32.391,12.274,44.665,54.094,1197.8,1197.8,4022.9,4022.9,4022.9,4022.9,61.5,41.0,100.0,88.5,58.3,No,No,No,4.550,0.463,8.0,48,95.0,100.0,No,No,91256,99038,31,99.0,No,No,3320,2.9,0.4,3.3,18.487,0.869,20088,15753,0.0,0.0,0.0,0.000,0.000,50,0,57.3,73.3,83.0,0.800,12.134,12.178,12.154,12.069,1169,73.676,22.284,35.387,10.559,45.190,25.501,19.660,0.336,35.387,20.679,6.584,23.558,220.000,240.000,1215.0,1750.2,1215.0,1844.8,1320.0,51.0,9.0,0.0,3.0,83.9,5.7,22.7,0.0,0.0,0.0,34,Yes,No,No,No,No,Yes,No,25.8,28.7,5,0,0,0,0,0,0,0,0,131,0,0,0,0,0,0,0,0,0,0,0,0,0,0,0,0,0,0,0,0,1320,6872,6724,868,8.0,109.8,1820.8,24.3,14.5,13.9,13.9,109.9,246.8,26.2,14.8,14.1,14.1,9.10,41.16,0.55,0.52,72.15,72.15,0.60,6.56,9.10,0.00,13.02,0,0,0.0,0.0,8700,163,146.9,33.6,0,
7.7.2026,19:59:34.185,26403,19591,57.4,16699,15983,51.0,0.0,13312,0,1.293,1.275,1.294,1.294,1.294,1.294,1.294,1.300,1.300,4014.6,3992.8,4017.8,4017.8,4017.8,4017.8,4017.8,4017.8,4017.8,99.8,4011.3,4025.2,4009.9,4010.2,4010.2,4010.3,4010.7,4011.3,4011.6,4009.0,4009.5,4010.2,4010.8,4009.8,4010.0,4010.6,4011.0,4011.3,100.0,100.0,100.0,100.0,100.0,100.0,100.0,100.0,100.0,100.0,100.0,100.0,100.0,100.0,100.0,100.0,100.0,100.0,100.0,111.6,111.6,111.6,111.6,111.6,111.6,111.6,111.6,111.6,111.6,111.6,111.6,111.6,111.6,111.6,111.6,111.6,111.6,40.2,40.0,40.2,40.2,40.2,40.2,40.2,40.2,40.2,0.0,100.0,100.0,100.0,100.0,100.0,100.0,100.0,100.0,100.0,0.0,0.0,0.0,0.0,0.0,0.0,0.0,0.0,0.0,0.0,0.0,0.0,0.0,0.0,0.0,0.0,0.0,0.0,1197.8,12.00,16,16,16,39,55,661,1,81.9,81.1,78.8,78.2,78.2,77.6,80.1,78.9,77.5,77.1,77.5,78.5,68.7,68.8,68.6,59.0,54.8,1.294,1.031,1.300,21.635,12.011,21.642,90.000,50.401,6.277,6.569,6.372,6.687,6.368,5.858,5.347,6.428,6.587,28.509,12.418,40.927,50.432,1197.8,1197.8,4025.2,4025.2,4025.2,4025.2,57.3,36.1,100.0,85.4,56.2,No,No,No,5.419,0.449,8.0,48,95.0,100.0,No,No,91256,99038,31,99.0,No,No,3320,6.4,0.1,6.5,34.997,0.256,20164,15753,0.0,0.0,0.0,0.000,0.000,50,0,56.5,72.0,83.0,0.781,12.132,12.177,12.152,12.067,1162,53.059,23.394,35.059,10.082,44.660,25.159,19.477,0.336,35.059,19.995,19.925,24.191,220.000,240.000,1245.0,1750.2,1245.0,1248.7,1350.0,46.0,9.0,0.0,3.0,83.9,8.7,35.0,0.0,0.0,0.0,34,Yes,No,No,No,No,Yes,No,26.2,27.4,5,0,0,0,0,0,0,0,0,131,0,0,0,0,0,0,0,0,0,0,0,0,0,0,0,0,0,0,0,0,1320,6872,6724,868,8.0,101.3,1889.0,16.2,13.7,13.5,13.5,101.9,245.5,17.4,14.4,14.1,14.1,9.87,61.60,0.53,0.48,74.08,74.08,0.74,8.09,9.87,0.00,14.40,0,0,0.0,0.0,8700,163,0.6,0.8,0,
7.7.2026,19:59:36.194,26464,19529,57.5,16770,15912,51.3,0.0,13312,0,1.291,1.294,1.275,1.294,1.294,1.294,1.294,1.294,1.294,4017.8,4017.8,4017.8,4017.8,4017.8,4017.8,4017.8,4017.8,4017.8,99.8,4011.5,4026.4,4010.5,4010.4,4010.6,4010.8,4010.9,4011.5,4011.8,4008.8,4009.1,4010.2,4011.0,4009.9,4010.0,4011.0,4011.4,4011.5,100.0,100.0,100.0,100.0,100.0,100.0,100.0,100.0,100.0,100.0,100.0,100.0,100.0,100.0,100.0,100.0,100.0,100.0,100.0,111.7,111.7,111.7,111.7,111.7,111.7,111.7,111.7,111.7,111.6,111.7,111.6,111.6,111.6,111.6,111.6,111.6,111.6,40.2,40.2,40.2,40.2,40.2,40.2,40.2,40.2,40.2,0.0,100.0,100.0,100.0,100.0,100.0,100.0,100.0,100.0,100.0,0.0,0.0,0.0,0.0,0.0,0.0,0.0,0.0,0.0,0.0,0.0,0.0,0.0,0.0,0.0,0.0,0.0,0.0,1197.8,12.00,16,16,16,39,55,661,1,81.4,80.7,84.0,77.6,77.9,77.2,79.1,77.1,77.7,77.9,76.7,77.4,68.2,68.2,68.1,59.5,55.1,1.319,1.031,1.325,21.451,11.975,21.450,90.000,50.013,6.243,6.528,6.463,6.431,5.760,6.473,6.507,5.997,5.784,28.284,12.379,40.663,50.126,1197.8,1197.8,4026.4,4026.4,4026.4,4026.4,57.0,35.8,100.0,85.0,56.6,No,No,No,5.139,0.425,8.0,48,95.0,100.0,No,No,91256,99038,31,99.0,No,No,3320,2.8,0.0,2.8,15.184,0.050,20201,15753,0.0,0.0,0.0,0.000,0.000,50,0,56.2,71.7,83.0,0.775,12.130,12.175,12.150,12.066,1160,56.689,20.709,31.268,8.851,42.429,25.037,17.370,0.336,31.268,20.342,3.138,27.053,220.000,240.000,1230.0,1750.2,1230.0,1297.6,1335.0,49.0,9.0,0.0,2.0,83.9,8.6,34.5,0.0,0.0,0.0,34,Yes,No,No,No,No,Yes,No,25.4,28.9,5,0,0,0,0,0,0,0,0,131,0,0,0,0,0,0,0,0,0,0,0,0,0,0,0,0,0,0,0,0,1320,6872,6724,868,8.0,138.1,1936.6,48.6,32.5,37.7,31.0,138.7,243.6,59.9,36.3,43.6,34.3,7.24,20.58,0.52,0.50,26.51,32.31,0.87,5.97,7.24,0.00,9.17,0,0,0.0,0.0,8700,163,1.7,87.2,0,
7.7.2026,19:59:38.197,26478,19516,57.5,16840,15842,51.5,0.0,13312,0,1.295,1.294,1.300,1.294,1.281,1.300,1.294,1.275,1.319,4011.5,4017.8,4017.8,4017.8,3992.8,4017.8,4017.8,3992.8,4017.8,99.8,4010.9,4025.7,4009.7,4009.8,4010.1,4010.4,4010.3,4010.8,4011.3,4008.5,4008.9,4009.6,4010.5,4009.6,4009.5,4010.2,4010.3,4010.9,100.0,100.0,100.0,100.0,100.0,100.0,100.0,100.0,100.0,100.0,100.0,100.0,100.0,100.0,100.0,100.0,100.0,100.0,100.0,111.6,111.6,111.6,111.6,111.6,111.6,111.6,111.6,111.6,111.6,111.6,111.6,111.6,111.6,111.6,111.6,111.6,111.6,40.2,40.2,40.2,40.2,40.0,40.2,40.2,40.0,40.2,0.0,100.0,100.0,100.0,100.0,100.0,100.0,100.0,100.0,100.0,0.0,0.0,0.0,0.0,0.0,0.0,0.0,0.0,0.0,0.0,0.0,0.0,0.0,0.0,0.0,0.0,0.0,0.0,1197.8,12.00,16,16,16,39,55,661,1,81.1,81.5,82.5,78.3,78.5,78.4,80.3,79.1,78.5,78.3,76.4,77.1,68.4,68.5,68.3,59.2,54.5,1.300,1.038,1.325,22.163,11.930,22.164,90.000,50.980,6.342,6.600,6.593,6.820,6.159,6.461,6.139,5.997,5.964,29.204,12.341,41.545,50.995,1197.8,1197.8,4025.7,4025.7,4025.7,4025.7,57.9,36.9,100.0,85.8,56.7,No,No,No,4.847,0.411,8.0,48,95.0,100.0,No,No,91256,99038,31,99.0,No,No,3320,0.2,0.2,0.4,1.840,2.138,20204,15758,0.0,0.0,0.0,0.000,0.000,50,0,55.6,70.9,83.0,0.769,12.131,12.175,12.151,12.067,1160,53.920,20.255,31.382,9.010,42.602,25.135,17.435,0.336,31.382,20.556,3.055,21.663,220.000,240.000,1200.0,1750.2,1200.0,1226.3,1305.0,53.0,9.0,0.0,2.0,83.9,8.9,35.7,0.0,0.0,0.0,34,Yes,No,No,No,No,Yes,No,23.6,26.5,5,0,0,0,0,0,0,0,0,131,0,0,0,0,0,0,0,0,0,0,0,0,0,0,0,0,0,0,0,0,1320,6872,6724,855,8.0,113.4,2030.3,17.2,15.3,16.1,15.2,113.4,247.5,18.6,16.2,17.1,16.0,8.82,58.20,0.49,0.49,62.28,65.98,0.70,7.79,8.82,0.00,12.59,0,0,0.0,0.0,8700,163,0.3,0.3,0,
7.7.2026,19:59:40.179,26537,19456,57.6,16997,15684,52.0,0.0,13312,0,1.298,1.319,1.294,1.294,1.294,1.294,1.288,1.288,1.319,4017.8,4017.8,4017.8,4017.8,4017.8,4017.8,3992.8,4017.8,4042.7,99.8,4010.8,4025.6,4009.4,4009.4,4009.2,4009.8,4010.1,4010.7,4011.4,4008.6,4009.0,4009.6,4010.5,4009.0,4009.7,4010.4,4010.6,4010.8,100.0,100.0,100.0,100.0,100.0,100.0,100.0,100.0,100.0,100.0,100.0,100.0,100.0,100.0,100.0,100.0,100.0,100.0,100.0,111.6,111.6,111.6,111.6,111.6,111.6,111.6,111.6,111.6,111.6,111.6,111.6,111.6,111.6,111.6,111.6,111.6,111.6,40.2,40.2,40.2,40.2,40.2,40.2,40.0,40.2,40.5,0.0,100.0,100.0,100.0,100.0,100.0,100.0,100.0,100.0,100.0,0.0,0.0,0.0,0.0,0.0,0.0,0.0,0.0,0.0,0.0,0.0,0.0,0.0,0.0,0.0,0.0,0.0,0.0,1197.8,12.00,16,16,16,39,55,661,1,80.6,80.2,78.5,76.9,77.0,75.6,78.9,75.7,77.5,76.7,76.6,77.4,67.8,67.8,67.7,59.2,54.7,1.337,1.031,1.344,20.337,11.970,20.334,90.000,48.412,5.932,6.209,5.799,6.113,5.332,5.970,5.621,6.191,6.217,26.811,12.370,39.181,48.606,1197.8,1197.8,4025.6,4025.6,4025.6,4025.6,55.2,33.9,100.0,84.4,56.2,No,No,No,4.842,0.387,8.0,48,95.0,100.0,No,No,91256,99038,31,99.0,No,No,3320,0.0,0.0,0.1,0.068,0.027,20204,15758,0.0,0.0,0.0,0.000,0.000,50,0,55.7,71.1,83.0,0.769,12.131,12.175,12.152,12.067,1161,55.157,21.399,33.850,10.288,44.975,26.138,18.805,0.336,33.850,21.728,2.972,21.051,220.000,240.000,1200.0,1750.2,1200.0,1206.8,1305.0,59.0,10.0,0.0,2.0,83.9,9.6,38.2,0.0,0.0,0.0,34,Yes,No,No,No,No,Yes,No,26.1,29.5,5,0,0,0,0,0,0,0,0,131,0,0,0,0,0,0,0,0,0,0,0,0,0,0,0,0,0,0,0,0,1320,6872,6724,863,8.0,121.6,1957.6,24.7,24.2,24.2,24.2,122.0,253.3,27.1,26.6,26.7,26.6,8.23,40.55,0.51,0.51,41.26,41.34,0.84,7.24,8.23,0.00,11.22,0,0,0.0,0.0,8700,163,0.1,0.2,0,
7.7.2026,19:59:42.186,26497,19497,57.6,16807,15874,51.4,0.0,13312,0,1.295,1.319,1.288,1.312,1.294,1.281,1.288,1.288,1.288,4024.0,4042.7,4017.8,4042.7,4017.8,4017.8,4017.8,4017.8,4017.8,99.8,4013.3,4028.6,4011.8,4011.9,4012.2,4012.2,4012.5,4013.1,4013.3,4010.7,4011.1,4011.7,4012.5,4012.2,4012.3,4013.0,4013.5,4013.3,100.0,100.0,100.0,100.0,100.0,100.0,100.0,100.0,100.0,100.0,100.0,100.0,100.0,100.0,100.0,100.0,100.0,100.0,100.0,111.7,111.7,111.7,111.7,111.7,111.7,111.7,111.7,111.7,111.7,111.7,111.7,111.7,111.7,111.7,111.7,111.7,111.7,40.3,40.5,40.2,40.5,40.2,40.2,40.2,40.2,40.2,0.0,100.0,100.0,100.0,100.0,100.0,100.0,100.0,100.0,100.0,0.0,0.0,0.0,0.0,0.0,0.0,0.0,0.0,0.0,0.0,0.0,0.0,0.0,0.0,0.0,0.0,0.0,0.0,1197.8,12.00,16,16,16,39,55,661,1,80.4,80.4,76.8,76.8,77.0,76.1,78.9,78.4,76.3,75.5,76.1,76.4,67.7,67.8,67.6,57.5,54.3,1.312,1.038,1.319,20.830,11.963,20.826,90.000,49.149,6.092,6.253,5.962,6.597,6.537,5.938,5.495,6.150,5.809,27.468,12.364,39.832,49.253,1197.8,1197.8,4028.6,4028.6,4028.6,4028.6,56.0,34.7,100.0,84.6,56.3,No,No,No,4.695,0.428,8.0,48,95.0,100.0,No,No,91256,99038,31,99.0,No,No,3320,41.2,0.1,41.3,109.895,0.271,20369,15758,0.0,0.0,0.0,0.000,0.000,50,0,55.2,70.8,83.0,0.750,12.131,12.175,12.152,12.067,1155,55.524,21.000,31.048,8.961,42.786,25.521,17.247,0.336,31.048,21.030,3.095,28.930,220.000,240.000,1170.0,1750.2,1170.0,1206.2,1260.0,56.0,10.0,0.0,2.0,83.9,8.8,35.3,0.0,0.0,0.0,34,Yes,No,No,No,No,Yes,No,24.2,25.6,5,0,0,0,0,0,0,0,0,131,0,0,0,0,0,0,0,0,0,0,0,0,0,0,0,0,0,0,0,0,1320,6872,6724,865,8.0,133.4,1993.0,32.3,22.7,25.5,21.8,133.9,243.5,35.7,24.9,28.2,24.0,7.50,31.01,0.50,0.50,39.16,45.79,0.76,6.66,7.50,0.00,9.74,0,0,0.0,0.0,8700,163,0.3,0.6,0,
7.7.2026,19:59:44.176,26538,19456,57.6,16866,15816,51.6,0.0,13312,0,1.291,1.300,1.294,1.294,1.294,1.288,1.269,1.288,1.300,4011.5,4017.8,3992.8,4017.8,4017.8,4017.8,3992.8,4017.8,4017.8,99.8,4012.0,4027.5,4011.1,4011.4,4011.2,4011.5,4011.6,4012.3,4012.4,4009.1,4009.8,4010.2,4011.0,4010.0,4010.5,4011.1,4011.4,4012.0,100.0,100.0,100.0,100.0,100.0,100.0,100.0,100.0,100.0,100.0,100.0,100.0,100.0,100.0,100.0,100.0,100.0,100.0,100.0,111.7,111.7,111.7,111.7,111.7,111.7,111.7,111.7,111.7,111.7,111.7,111.7,111.7,111.7,111.7,111.7,111.7,111.7,40.2,40.2,40.0,40.2,40.2,40.2,40.0,40.2,40.2,0.0,100.0,100.0,100.0,100.0,100.0,100.0,100.0,100.0,100.0,0.0,0.0,0.0,0.0,0.0,0.0,0.0,0.0,0.0,0.0,0.0,0.0,0.0,0.0,0.0,0.0,0.0,0.0,1197.8,12.00,16,16,16,39,55,661,1,80.1,79.9,79.0,76.9,77.1,76.4,78.8,76.4,77.4,77.1,76.3,76.0,67.9,67.9,67.8,59.2,54.8,1.325,1.031,1.325,20.821,12.004,20.834,90.000,49.285,6.112,6.281,6.205,6.575,5.606,6.391,6.124,6.062,5.650,27.461,12.407,39.868,49.353,1197.8,1197.8,4027.5,4027.5,4027.5,4027.5,56.1,34.7,100.0,84.1,56.2,No,No,No,5.202,0.494,8.0,48,95.0,100.0,No,No,91256,99039,31,99.0,No,No,3320,100.0,34.3,100.0,25.544,0.059,20422,15758,0.0,0.0,0.0,0.000,0.000,50,0,55.5,70.9,83.0,0.800,12.129,12.173,12.150,12.065,1155,54.560,23.752,37.014,11.211,46.570,25.976,20.563,0.336,37.014,21.078,6.782,30.973,220.000,240.000,1290.0,1750.2,1290.0,1238.5,1395.0,56.0,10.0,0.0,2.0,83.9,8.7,35.0,0.0,0.0,0.0,34,Yes,No,No,No,No,Yes,No,27.3,30.7,5,0,0,0,0,0,0,0,0,131,0,0,0,0,0,0,0,0,0,0,0,0,0,0,0,0,0,0,0,0,1320,6872,6724,865,8.0,133.6,1924.0,25.1,19.4,21.3,18.9,133.6,244.0,27.3,20.6,22.8,20.0,7.49,39.89,0.52,0.52,46.85,53.04,0.83,6.33,7.49,0.00,9.81,0,0,0.0,0.0,8700,163,0.4,4.5,0,
7.7.2026,19:59:46.212,26642,19352,57.9,16980,15701,51.9,0.0,13312,0,1.291,1.294,1.300,1.300,1.294,1.275,1.275,1.294,1.294,4020.9,4017.8,4017.8,4017.8,4042.7,4017.8,4017.8,4017.8,4017.8,99.8,4011.2,4025.7,4009.9,4009.9,4010.3,4010.5,4010.5,4011.1,4011.6,4008.8,4009.0,4009.8,4010.7,4009.5,4009.9,4010.5,4011.0,4011.2,100.0,100.0,100.0,100.0,100.0,100.0,100.0,100.0,100.0,100.0,100.0,100.0,100.0,100.0,100.0,100.0,100.0,100.0,100.0,111.6,111.7,111.7,111.7,111.7,111.7,111.7,111.7,111.7,111.6,111.6,111.6,111.6,111.6,111.6,111.6,111.6,111.6,40.3,40.2,40.2,40.2,40.5,40.2,40.2,40.2,40.2,0.0,100.0,100.0,100.0,100.0,100.0,100.0,100.0,100.0,100.0,0.0,0.0,0.0,0.0,0.0,0.0,0.0,0.0,0.0,0.0,0.0,0.0,0.0,0.0,0.0,0.0,0.0,0.0,1197.8,12.00,16,16,16,39,55,661,1,81.0,81.5,81.2,78.2,77.6,76.9,79.3,77.7,78.7,79.5,77.3,78.6,68.2,68.2,68.1,59.2,55.0,1.344,1.031,1.350,22.557,11.928,22.549,90.000,51.386,6.564,6.469,6.348,6.709,6.215,6.962,7.035,6.388,6.391,29.735,12.342,42.077,51.503,1197.8,1197.8,4025.7,4025.7,4025.7,4025.7,58.5,37.6,100.0,85.8,57.2,No,No,No,4.642,0.419,8.0,48,95.0,100.0,No,No,91256,99039,31,99.0,No,No,3320,17.3,0.2,17.6,1.335,0.781,20425,15760,0.0,0.0,0.0,0.000,0.000,50,0,55.5,70.9,83.0,0.800,12.129,12.173,12.150,12.065,1155,54.560,23.752,37.014,11.211,46.570,25.976,20.563,0.336,37.014,21.078,6.782,30.973,220.000,240.000,1290.0,1750.2,1290.0,1238.5,1395.0,56.0,10.0,0.0,2.0,83.9,8.7,35.0,0.0,0.0,0.0,34,Yes,No,No,No,No,Yes,No,27.3,30.7,5,0,0,0,0,0,0,0,0,131,0,0,0,0,0,0,0,0,0,0,0,0,0,0,0,0,0,0,0,0,1320,6872,6724,865,8.0,97.2,0.0,12.7,11.1,11.7,10.9,3.8,10.9,2.5,2.5,2.5,2.5,10.44,78.90,0.08,0.05,85.30,91.94,1.31,0.18,10.10,0.34,3.12,0,0,0.0,0.0,8700,163,15.1,4.9,0,
7.7.2026,19:59:48.197,26644,19350,57.9,16981,15701,51.9,0.0,13312,0,1.296,1.312,1.288,1.312,1.281,1.319,1.275,1.294,1.288,4030.2,4042.7,4017.8,4042.7,4017.8,4042.7,3992.8,4042.7,4042.7,99.8,4011.8,4026.3,4010.5,4010.5,4010.8,4010.8,4011.3,4011.6,4012.1,4009.2,4009.4,4010.6,4011.4,4010.6,4010.8,4011.0,4011.4,4011.8,100.0,100.0,100.0,100.0,100.0,100.0,100.0,100.0,100.0,100.0,100.0,100.0,100.0,100.0,100.0,100.0,100.0,100.0,100.0,111.6,111.7,111.7,111.7,111.7,111.7,111.7,111.7,111.7,111.6,111.6,111.6,111.6,111.6,111.6,111.6,111.6,111.7,40.4,40.5,40.2,40.5,40.2,40.5,40.0,40.5,40.5,0.0,100.0,100.0,100.0,100.0,100.0,100.0,100.0,100.0,100.0,0.0,0.0,0.0,0.0,0.0,0.0,0.0,0.0,0.0,0.0,0.0,0.0,0.0,0.0,0.0,0.0,0.0,0.0,1197.8,12.00,16,16,16,39,55,661,1,81.2,81.0,82.5,78.1,77.8,77.2,79.8,78.4,77.9,77.7,77.5,78.3,68.3,68.3,68.2,59.2,54.9,1.319,1.038,1.325,22.218,11.948,22.215,90.000,51.000,6.455,6.396,6.276,7.007,6.530,6.356,6.002,6.536,6.533,29.291,12.357,41.648,51.104,1197.8,1197.8,4026.3,4026.3,4026.3,4026.3,58.1,37.0,100.0,85.3,56.6,No,No,No,5.031,0.391,8.0,48,95.0,100.0,No,No,91256,99039,31,99.0,No,No,3320,2.4,1.8,4.1,0.856,0.249,20426,15760,0.0,0.0,0.0,0.000,0.000,50,0,55.0,70.4,83.0,0.769,12.128,12.171,12.148,12.064,1150,54.629,22.463,34.299,10.199,45.009,25.937,19.055,0.336,34.299,21.230,3.081,31.181,220.000,240.000,1230.0,1750.2,1230.0,1220.3,1350.0,61.0,10.0,0.0,2.0,83.9,8.6,34.5,0.0,0.0,0.0,34,Yes,No,No,No,No,Yes,No,25.2,29.7,5,0,0,0,0,0,0,0,0,131,0,0,0,0,0,0,0,0,0,0,0,0,0,0,0,0,0,0,0,0,1320,6872,6724,865,8.0,75.1,438.3,34.3,33.9,33.9,33.9,0.0,0.0,0.0,0.0,0.0,0.0,13.31,26.64,3.98,3.96,29.01,29.01,3.71,0.22,12.78,0.53,0.00,0,0,0.0,0.0,8700,163,11.0,1.3,0,
7.7.2026,19:59:50.317,26693,19300,58.0,17039,15643,52.1,0.0,13312,0,1.296,1.294,1.288,1.275,1.325,1.294,1.288,1.312,1.300,4030.2,4017.8,4017.8,4042.7,4017.8,4017.8,4017.8,4042.7,4017.8,99.8,4011.8,4027.6,4011.3,4011.8,4011.7,4010.9,4011.1,4012.0,4012.5,4009.9,4010.1,4011.4,4012.0,4010.9,4010.9,4011.4,4011.5,4012.3,100.0,100.0,100.0,100.0,100.0,100.0,100.0,100.0,100.0,100.0,100.0,100.0,100.0,100.0,100.0,100.0,100.0,100.0,100.0,111.6,111.7,111.7,111.7,111.7,111.7,111.7,111.7,111.7,111.7,111.7,111.7,111.7,111.7,111.7,111.7,111.7,111.7,40.4,40.5,40.2,40.5,40.2,40.5,40.0,40.5,40.5,0.0,100.0,100.0,100.0,100.0,100.0,100.0,100.0,100.0,100.0,0.0,0.0,0.0,0.0,0.0,0.0,0.0,0.0,0.0,0.0,0.0,0.0,0.0,0.0,0.0,0.0,0.0,0.0,1197.8,12.00,16,16,16,39,55,661,1,81.2,81.0,82.5,78.1,77.8,77.2,79.8,78.4,77.9,77.7,77.5,78.3,68.3,68.3,68.2,59.2,54.9,1.319,1.038,1.325,22.218,11.948,22.215,90.000,51.000,6.455,6.396,6.276,7.007,6.530,6.356,6.002,6.536,6.533,29.291,12.357,41.648,51.104,1197.8,1197.8,4026.3,4026.3,4026.3,4026.3,58.1,37.0,100.0,85.3,56.6,No,No,No,5.031,0.391,8.0,48,95.0,100.0,No,No,91256,99039,31,99.0,No,No,3320,2.4,1.8,4.1,0.856,0.249,20426,15760,0.0,0.0,0.0,0.000,0.000,50,0,54.6,70.4,83.0,0.769,12.128,12.171,12.148,12.064,1150,54.629,22.463,34.299,10.199,45.009,25.937,19.055,0.336,34.299,21.230,3.081,31.181,220.000,240.000,1230.0,1750.2,1230.0,1220.3,1350.0,61.0,10.0,0.0,2.0,83.9,8.6,34.5,0.0,0.0,0.0,34,Yes,No,No,No,No,Yes,No,25.2,29.7,5,0,0,0,0,0,0,0,0,131,0,0,0,0,0,0,0,0,0,0,0,0,0,0,0,0,0,0,0,0,1320,6872,6724,865,8.0,75.1,438.3,34.3,33.9,33.9,33.9,0.0,0.0,0.0,0.0,0.0,0.0,13.31,26.64,3.98,3.96,29.01,29.01,3.71,0.22,12.78,0.53,0.00,0,0,0.0,0.0,8700,163,11.0,1.3,0,
7.7.2026,19:59:52.221,26693,19300,58.0,17039,15643,52.1,0.0,13312,0,1.297,1.294,1.288,1.275,1.325,1.294,1.288,1.312,1.300,4024.0,4017.8,4017.8,4042.7,4017.8,4017.8,4017.8,4042.7,4017.8,99.8,4012.3,4027.6,4011.3,4011.8,4011.7,4010.9,4011.1,4012.0,4012.5,4009.9,4010.1,4011.4,4012.0,4010.9,4010.9,4011.4,4011.5,4012.3,100.0,100.0,100.0,100.0,100.0,100.0,100.0,100.0,100.0,100.0,100.0,100.0,100.0,100.0,100.0,100.0,100.0,100.0,100.0,111.7,111.7,111.7,111.7,111.7,111.7,111.7,111.7,111.7,111.7,111.7,111.7,111.7,111.7,111.7,111.7,111.7,111.7,40.3,40.2,40.2,40.5,40.2,40.2,40.2,40.5,40.2,0.0,100.0,100.0,100.0,100.0,100.0,100.0,100.0,100.0,100.0,0.0,0.0,0.0,0.0,0.0,0.0,0.0,0.0,0.0,0.0,0.0,0.0,0.0,0.0,0.0,0.0,0.0,0.0,1197.8,12.00,16,16,16,39,55,661,1,81.2,81.0,82.5,78.1,77.8,77.2,79.8,78.4,77.9,77.7,77.5,78.3,68.3,68.3,68.2,59.2,54.9,1.319,1.038,1.325,22.218,11.948,22.215,90.000,51.000,6.455,6.396,6.276,7.007,6.530,6.356,6.002,6.536,6.533,29.291,12.357,41.648,51.104,1197.8,1197.8,4026.3,4026.3,4026.3,4026.3,58.1,37.0,100.0,85.3,56.6,No,No,No,5.031,0.391,8.0,48,95.0,100.0,No,No,91256,99039,31,99.0,No,No,3320,2.4,1.8,4.1,0.856,0.249,20426,15760,0.0,0.0,0.0,0.000,0.000,50,0,54.6,70.0,83.0,0.769,12.128,12.171,12.148,12.064,1150,54.629,22.463,34.299,10.199,45.009,25.937,19.055,0.336,34.299,21.230,3.081,31.181,220.000,240.000,1230.0,1750.2,1230.0,1220.3,1350.0,61.0,10.0,0.0,2.0,83.9,8.6,34.5,0.0,0.0,0.0,34,Yes,No,No,No,No,Yes,No,25.2,29.7,5,0,0,0,0,0,0,0,0,131,0,0,0,0,0,0,0,0,0,0,0,0,0,0,0,0,0,0,0,0,1320,6872,6724,865,8.0,75.1,438.3,34.3,33.9,33.9,33.9,0.0,0.0,0.0,0.0,0.0,0.0,13.31,26.64,3.98,3.96,29.01,29.01,3.71,0.22,12.78,0.53,0.00,0,0,0.0,0.0,8700,163,11.0,1.3,0,
7.7.2026,19:59:55.317,26695,19299,58.0,17052,15629,52.1,0.0,13312,0,1.292,1.269,1.294,1.300,1.294,1.300,1.294,1.294,1.294,4011.5,3992.8,4017.8,3992.8,4017.8,4017.8,4017.8,4017.8,4017.8,99.8,4011.4,4026.8,4010.3,4010.6,4010.8,4010.7,4010.8,4011.4,4011.8,4009.3,4009.5,4010.3,4010.9,4009.3,4009.5,4010.3,4010.7,4011.4,100.0,100.0,100.0,100.0,100.0,100.0,100.0,100.0,100.0,100.0,100.0,100.0,100.0,100.0,100.0,100.0,100.0,100.0,100.0,111.7,111.7,111.7,111.7,111.7,111.7,111.7,111.7,111.7,111.6,111.6,111.6,111.6,111.6,111.6,111.6,111.6,111.7,40.2,40.0,40.2,40.0,40.2,40.2,40.2,40.2,40.2,0.0,100.0,100.0,100.0,100.0,100.0,100.0,100.0,100.0,100.0,0.0,0.0,0.0,0.0,0.0,0.0,0.0,0.0,0.0,0.0,0.0,0.0,0.0,0.0,0.0,0.0,0.0,0.0,1197.8,12.00,16,16,16,39,55,661,1,81.5,81.2,82.2,77.9,78.2,77.6,79.5,77.9,78.2,78.3,76.5,76.8,68.0,68.1,67.9,57.0,54.4,1.337,1.031,1.325,22.146,11.933,22.140,90.000,50.825,6.452,6.641,6.591,6.869,6.297,6.624,6.460,6.194,5.938,29.192,12.342,41.534,50.967,1197.8,1197.8,4026.8,4026.8,4026.8,4026.8,57.9,36.9,100.0,85.4,56.9,No,No,No,4.849,0.387,8.0,48,95.0,100.0,No,No,91256,99039,31,99.0,No,No,3320,2.0,1.5,3.4,4.525,9.891,20436,15789,0.0,0.0,0.0,0.000,0.000,50,0,54.6,70.0,83.0,0.775,12.127,12.170,12.148,12.064,1141,55.992,21.550,33.764,10.028,44.680,25.902,18.756,0.336,33.764,21.263,3.163,23.844,220.000,240.000,1215.0,1750.2,1215.0,1211.3,1320.0,59.0,10.0,0.0,2.0,83.9,8.3,33.3,0.0,0.0,0.0,33,Yes,No,No,No,No,Yes,No,25.0,28.8,5,0,0,0,0,0,0,0,0,131,0,0,0,0,0,0,0,0,0,0,0,0,0,0,0,0,0,0,0,0,1320,6872,6725,865,8.0,126.6,1913.6,36.9,34.8,35.2,34.7,127.1,243.9,41.7,40.0,40.0,40.0,7.90,27.08,0.52,0.51,28.38,28.81,0.92,6.94,7.90,0.00,10.74,0,0,0.0,0.0,8700,163,40.6,18.1,0,
7.7.2026,19:59:58.644,26821,19173,58.3,17176,15505,52.5,0.0,13312,0,1.290,1.269,1.294,1.294,1.269,1.275,1.319,1.300,1.300,4011.5,3992.8,4017.8,4017.8,3992.8,3992.8,4042.7,4017.8,4017.8,99.8,4012.1,4026.8,4010.9,4011.2,4011.3,4011.2,4011.4,4012.4,4013.0,4009.4,4010.1,4011.0,4011.4,4010.1,4010.4,4011.3,4011.7,4012.1,100.0,100.0,100.0,100.0,100.0,100.0,100.0,100.0,100.0,100.0,100.0,100.0,100.0,100.0,100.0,100.0,100.0,100.0,100.0,111.7,111.7,111.7,111.7,111.7,111.7,111.7,111.7,111.7,111.7,111.7,111.7,111.7,111.7,111.7,111.7,111.7,111.7,40.2,40.0,40.2,40.2,40.0,40.0,40.5,40.2,40.2,0.0,100.0,100.0,100.0,100.0,100.0,100.0,100.0,100.0,100.0,0.0,0.0,0.0,0.0,0.0,0.0,0.0,0.0,0.0,0.0,0.0,0.0,0.0,0.0,0.0,0.0,0.0,0.0,1197.8,12.00,16,16,16,39,55,661,1,80.1,80.1,79.5,77.1,76.8,75.8,78.7,76.6,77.7,77.9,76.6,76.7,67.8,67.9,67.8,59.2,54.5,1.344,1.031,1.344,21.123,11.922,21.123,90.000,49.537,6.174,6.178,5.948,6.517,5.792,6.561,6.545,6.189,5.659,27.849,12.326,40.175,49.616,1197.8,1197.8,4026.9,4026.9,4026.9,4026.9,56.4,35.2,100.0,84.3,56.7,No,No,No,4.888,0.403,8.0,48,95.0,100.0,No,No,91256,99039,31,99.0,No,No,3320,1.2,0.3,1.5,0.785,2.122,20447,15811,0.0,0.0,0.0,0.000,0.000,50,0,54.4,70.2,83.0,0.781,12.126,12.168,12.147,12.062,1136,56.286,22.413,34.145,10.282,45.040,26.043,18.969,0.336,34.145,21.503,3.029,30.634,220.000,240.000,1245.0,1750.2,1245.0,1226.2,1350.0,61.0,11.0,0.0,3.0,84.0,9.0,35.8,0.0,0.0,0.0,33,Yes,No,No,No,No,Yes,No,25.3,30.0,5,0,0,0,0,0,0,0,0,131,0,0,0,0,0,0,0,0,0,0,0,0,0,0,0,0,0,0,0,0,1312,6880,6733,869,8.0,100.5,0.0,22.2,20.1,20.8,19.9,1.0,1.0,1.0,1.0,1.0,1.0,10.06,43.82,0.11,0.10,47.34,50.24,1.06,0.08,9.65,0.41,1.02,0,0,0.0,0.0,8700,163,0.1,0.1,0,
7.7.2026,20:0:0.235,26869,19125,58.4,17200,15482,52.6,0.0,13312,0,1.297,1.294,1.294,1.300,1.294,1.294,1.312,1.294,1.294,4017.8,4017.8,4017.8,4017.8,4017.8,4017.8,4017.8,4017.8,4017.8,99.8,4012.6,4028.3,4011.4,4011.8,4011.9,4011.5,4011.3,4012.0,4012.7,4010.0,4011.1,4011.4,4012.4,4011.1,4011.3,4011.8,4012.1,4012.6,100.0,100.0,100.0,100.0,100.0,100.0,100.0,100.0,100.0,100.0,100.0,100.0,100.0,100.0,100.0,100.0,100.0,100.0,100.0,111.7,111.7,111.7,111.7,111.7,111.7,111.7,111.7,111.7,111.7,111.7,111.7,111.7,111.7,111.7,111.7,111.7,111.7,40.2,40.2,40.2,40.2,40.2,40.2,40.2,40.2,40.2,0.0,100.0,100.0,100.0,100.0,100.0,100.0,100.0,100.0,100.0,0.0,0.0,0.0,0.0,0.0,0.0,0.0,0.0,0.0,0.0,0.0,0.0,0.0,0.0,0.0,0.0,0.0,0.0,1197.8,12.00,16,16,16,39,55,661,1,80.5,80.4,80.5,76.9,77.1,76.1,79.7,77.1,76.7,76.2,76.3,76.2,67.7,67.8,67.6,57.5,54.3,1.325,1.031,1.325,21.141,11.910,21.131,90.000,49.419,6.238,6.282,6.105,7.103,6.060,6.197,5.686,6.335,6.136,27.874,12.311,40.185,49.608,1197.8,1197.8,4028.3,4028.3,4028.3,4028.3,56.4,35.2,100.0,84.6,56.6,No,No,No,4.798,0.413,8.0,48,95.0,100.0,No,No,91256,99039,31,99.0,No,No,3320,2.5,0.3,2.8,1.853,0.803,20450,15813,0.0,0.0,0.0,0.000,0.000,50,0,54.4,69.9,83.0,0.775,12.129,12.172,12.149,12.066,1129,57.120,21.527,33.298,9.677,44.212,25.675,18.499,0.336,33.298,20.901,3.001,26.375,220.000,240.000,1215.0,1750.2,1215.0,1285.4,1320.0,61.0,11.0,0.0,2.0,84.4,8.8,35.1,0.0,0.0,0.0,33,Yes,No,No,No,No,Yes,No,24.6,30.7,5,0,0,0,0,0,0,0,0,131,0,0,0,0,0,0,0,0,0,0,0,0,0,0,0,0,0,0,0,0,1280,6912,6765,896,8.0,106.0,0.0,28.9,19.4,18.7,18.7,4.9,11.8,3.1,3.0,3.0,3.0,9.54,34.63,0.05,0.05,53.57,53.57,1.29,0.05,9.17,0.37,4.27,0,0,0.0,0.0,8700,163,5.8,1.3,0,
7.7.2026,20:0:2.785,26854,19139,58.3,17169,15513,52.5,0.0,13312,0,1.305,1.294,1.319,1.294,1.319,1.319,1.312,1.294,1.294,4024.0,4017.8,4017.8,4017.8,4042.7,4042.7,4017.8,4017.8,4017.8,99.8,4011.2,4026.0,4010.0,4010.5,4010.3,4010.1,4010.6,4011.2,4011.8,4007.8,4008.7,4010.1,4011.0,4009.8,4010.2,4010.4,4010.8,4011.2,100.0,100.0,100.0,100.0,100.0,100.0,100.0,100.0,100.0,100.0,100.0,100.0,100.0,100.0,100.0,100.0,100.0,100.0,100.0,111.6,111.7,111.7,111.7,111.7,111.7,111.7,111.7,111.7,111.6,111.6,111.6,111.6,111.6,111.6,111.6,111.6,111.6,40.3,40.2,40.2,40.2,40.5,40.5,40.2,40.2,40.2,0.0,100.0,100.0,100.0,100.0,100.0,100.0,100.0,100.0,100.0,0.0,0.0,0.0,0.0,0.0,0.0,0.0,0.0,0.0,0.0,0.0,0.0,0.0,0.0,0.0,0.0,0.0,0.0,1197.8,12.00,16,16,16,39,55,661,1,80.5,81.3,83.0,78.0,78.4,78.1,79.7,78.4,77.1,76.5,77.4,78.7,68.1,68.1,68.0,56.8,54.0,1.344,1.044,1.350,22.434,11.885,22.434,90.000,51.184,6.380,6.840,6.863,6.769,6.289,6.082,5.630,6.410,6.157,29.579,12.293,41.872,51.314,1197.8,1197.8,4026.0,4026.0,4026.0,4026.0,58.3,37.4,100.0,85.5,57.2,No,No,No,4.759,0.410,8.0,48,95.0,100.0,No,No,91256,99039,31,99.0,No,No,3320,5.0,0.3,5.3,1.100,1.871,20452,15816,0.0,0.0,0.0,0.000,0.000,50,0,54.3,69.9,83.0,0.787,12.125,12.166,12.146,12.062,1129,54.646,23.033,36.316,10.743,46.071,25.862,20.176,0.336,36.316,20.815,3.216,30.483,220.000,240.000,1260.0,1750.2,1260.0,1223.2,1365.0,60.0,11.0,0.0,2.0,84.4,9.2,36.9,0.0,0.0,0.0,33,Yes,No,No,No,No,Yes,No,26.0,28.5,5,0,0,0,0,0,0,0,0,131,0,0,0,0,0,0,0,0,0,0,0,0,0,0,0,0,0,0,0,0,1276,6916,6769,899,8.0,101.8,0.0,23.9,23.8,23.8,23.8,13.3,53.9,7.6,7.5,7.5,7.5,9.91,41.95,0.11,0.10,42.06,42.06,1.73,0.22,9.70,0.21,15.93,0,0,0.0,0.0,8700,163,8.1,1.9,0,
7.7.2026,20:0:5.266,26751,19243,58.1,17026,15655,52.0,0.0,13312,0,1.295,1.288,1.275,1.294,1.294,1.300,1.319,1.294,1.294,4014.6,3992.8,4017.8,4017.8,4017.8,4017.8,4017.8,4017.8,4017.8,99.8,4011.4,4026.4,4010.4,4010.4,4010.4,4010.2,4010.4,4011.5,4011.7,4008.8,4009.4,4010.1,4011.1,4009.7,4010.0,4010.9,4011.4,4011.4,100.0,100.0,100.0,100.0,100.0,100.0,100.0,100.0,100.0,100.0,100.0,100.0,100.0,100.0,100.0,100.0,100.0,100.0,100.0,111.6,111.7,111.7,111.7,111.7,111.7,111.7,111.6,111.7,111.6,111.6,111.6,111.6,111.6,111.6,111.6,111.6,111.6,40.2,40.0,40.2,40.2,40.2,40.2,40.2,40.2,40.2,0.0,100.0,100.0,100.0,100.0,100.0,100.0,100.0,100.0,100.0,0.0,0.0,0.0,0.0,0.0,0.0,0.0,0.0,0.0,0.0,0.0,0.0,0.0,0.0,0.0,0.0,0.0,0.0,1197.8,12.00,16,16,16,39,55,661,1,80.0,80.5,80.0,77.5,77.3,76.6,78.8,77.2,78.3,78.1,76.8,77.2,68.0,68.1,67.9,58.5,54.4,1.300,1.038,1.300,21.581,11.949,21.587,90.000,50.245,6.209,6.431,6.253,6.506,5.871,6.639,6.363,6.002,5.602,28.452,12.353,40.805,50.261,1197.8,1197.8,4026.4,4026.4,4026.4,4026.4,57.1,36.0,100.0,84.7,56.7,No,No,No,4.886,0.401,8.0,48,95.0,100.0,No,No,91256,99039,31,99.0,No,No,3320,0.9,0.1,1.0,0.426,0.534,20453,15818,0.0,0.0,0.0,0.000,0.000,50,0,54.2,69.7,83.0,0.781,12.126,12.169,12.147,12.063,1129,54.897,21.975,34.494,10.210,44.968,25.778,19.162,0.336,34.494,21.008,6.092,23.206,220.000,240.000,1245.0,1750.2,1245.0,1216.5,1350.0,57.0,10.0,0.0,3.0,84.4,8.6,34.3,0.0,0.0,0.0,33,Yes,No,No,No,No,Yes,No,25.7,28.6,5,0,0,0,0,0,0,0,0,131,0,0,0,0,0,0,0,0,0,0,0,0,0,0,0,0,0,0,0,0,1280,6912,6765,898,8.0,108.3,1879.0,19.9,15.6,15.2,15.2,108.7,245.7,21.5,16.4,16.0,16.0,9.23,50.20,0.53,0.53,65.87,65.87,0.80,8.32,9.23,0.00,13.14,0,0,0.0,0.0,8700,163,0.3,0.2,0,
7.7.2026,20:0:6.199,26593,19400,57.8,16943,15738,51.8,0.0,13312,0,1.302,1.294,1.294,1.294,1.325,1.294,1.319,1.294,1.306,4027.1,4017.8,4017.8,4017.8,4042.7,4017.8,4042.7,4017.8,4042.7,99.8,4011.0,4026.9,4010.2,4010.3,4010.5,4010.1,4010.2,4011.0,4011.7,4008.3,4008.9,4009.7,4010.6,4009.2,4009.3,4009.8,4009.7,4011.0,100.0,100.0,100.0,100.0,100.0,100.0,100.0,100.0,100.0,100.0,100.0,100.0,100.0,100.0,100.0,100.0,100.0,100.0,100.0,111.6,111.7,111.7,111.7,111.7,111.7,111.7,111.7,111.7,111.6,111.6,111.6,111.6,111.6,111.6,111.6,111.6,111.6,40.3,40.2,40.2,40.2,40.5,40.2,40.5,40.2,40.5,0.0,100.0,100.0,100.0,100.0,100.0,100.0,100.0,100.0,100.0,0.0,0.0,0.0,0.0,0.0,0.0,0.0,0.0,0.0,0.0,0.0,0.0,0.0,0.0,0.0,0.0,0.0,0.0,1197.8,12.00,16,16,16,39,55,661,1,80.0,79.6,77.2,76.8,76.9,76.1,77.9,76.5,77.0,77.0,76.4,76.9,67.7,67.7,67.6,59.2,55.0,1.350,1.044,1.350,20.878,11.952,20.878,90.000,49.222,6.141,6.291,6.037,6.326,5.784,6.201,5.962,6.264,6.264,27.530,12.352,39.882,49.338,1197.8,1197.8,4026.8,4026.8,4026.8,4026.8,56.1,34.8,100.0,83.8,56.5,No,No,No,5.148,0.377,8.0,48,95.0,100.0,No,No,91256,99039,31,99.0,No,No,3320,0.9,0.3,1.3,0.881,1.025,20454,15819,0.0,0.0,0.0,0.000,0.000,50,0,54.2,70.0,83.0,0.769,12.126,12.168,12.147,12.063,1128,56.184,22.256,34.717,10.428,45.477,26.165,19.287,0.336,34.717,21.508,3.097,26.828,220.000,240.000,1200.0,1750.2,1200.0,1258.5,1305.0,63.0,11.0,0.0,3.0,83.0,9.5,38.2,0.0,0.0,0.0,33,Yes,No,No,No,No,Yes,No,25.6,30.7,5,0,0,0,0,0,0,0,0,131,0,0,0,0,0,0,0,0,0,0,0,0,0,0,0,0,0,0,0,0,1389,6803,6656,898,8.0,101.9,1889.1,13.6,12.2,12.0,12.0,102.3,243.2,14.1,12.8,12.6,12.6,9.81,73.68,0.53,0.34,83.00,83.00,0.77,7.41,9.81,0.00,14.09,0,0,0.0,0.0,8700,163,0.8,0.8,0,
7.7.2026,20:0:8.197,26590,19404,57.8,16948,15734,51.8,0.0,13312,0,1.301,1.294,1.300,1.294,1.294,1.319,1.300,1.294,1.312,4020.9,4017.8,4017.8,4017.8,4017.8,4017.8,4017.8,4017.8,4042.7,99.8,4012.9,4027.6,4011.9,4012.3,4012.3,4012.3,4012.2,4012.9,4013.5,4010.0,4010.9,4011.3,4012.2,4011.0,4011.6,4012.1,4012.7,4012.9,100.0,100.0,100.0,100.0,100.0,100.0,100.0,100.0,100.0,100.0,100.0,100.0,100.0,100.0,100.0,100.0,100.0,100.0,100.0,111.7,111.7,111.7,111.7,111.7,111.7,111.7,111.7,111.7,111.7,111.7,111.7,111.7,111.7,111.7,111.7,111.7,111.7,40.3,40.2,40.2,40.2,40.2,40.2,40.2,40.2,40.5,0.0,100.0,100.0,100.0,100.0,100.0,100.0,100.0,100.0,100.0,0.0,0.0,0.0,0.0,0.0,0.0,0.0,0.0,0.0,0.0,0.0,0.0,0.0,0.0,0.0,0.0,0.0,0.0,1197.8,12.00,16,16,16,39,55,661,1,80.4,80.9,79.2,77.6,77.4,77.0,79.6,78.3,77.4,77.1,76.6,77.4,67.9,67.9,67.8,58.8,54.7,1.312,1.031,1.325,22.078,11.938,22.071,90.000,50.750,6.413,6.412,6.387,7.044,6.560,6.446,6.119,6.290,6.048,29.119,12.349,41.468,50.908,1197.8,1197.8,4027.6,4027.6,4027.6,4027.6,57.9,36.8,100.0,85.2,56.9,No,No,No,4.822,0.502,8.0,48,95.0,100.0,No,No,91256,99039,31,99.0,No,No,3320,0.9,0.2,1.0,0.733,0.312,20456,15820,0.0,0.0,0.0,0.000,0.000,50,0,54.2,69.9,83.0,0.787,12.123,12.164,12.144,12.061,1129,55.651,22.457,35.619,10.461,45.687,25.870,19.787,0.336,35.619,20.847,3.207,27.134,220.000,240.000,1260.0,1750.2,1260.0,1221.1,1365.0,58.0,10.0,0.0,2.0,83.0,10.3,41.3,0.0,0.0,0.0,33,Yes,No,No,No,No,Yes,No,25.7,31.1,5,0,0,0,0,0,0,0,0,131,0,0,0,0,0,0,0,0,0,0,0,0,0,0,0,0,0,0,0,0,1389,6803,6656,899,8.0,141.4,1991.3,29.4,24.4,25.3,24.1,141.4,245.4,33.4,27.1,28.3,26.7,7.07,34.04,0.50,0.50,39.53,41.45,0.91,6.11,7.07,0.00,8.93,0,0,0.0,0.0,8700,163,0.9,0.4,0,
7.7.2026,20:0:10.193,26332,19662,57.2,16783,15899,51.3,0.0,13312,0,1.306,1.294,1.319,1.319,1.312,1.294,1.288,1.331,1.294,4030.2,4017.8,4042.7,4017.8,4042.7,4017.8,4017.8,4067.7,4017.8,99.8,4011.2,4025.6,4009.9,4010.1,4010.1,4010.4,4010.5,4011.2,4011.6,4008.8,4009.0,4009.7,4010.5,4009.8,4009.7,4010.7,4011.2,4011.2,100.0,100.0,100.0,100.0,100.0,100.0,100.0,100.0,100.0,100.0,100.0,100.0,100.0,100.0,100.0,100.0,100.0,100.0,100.0,111.6,111.6,111.6,111.6,111.6,111.6,111.6,111.6,111.6,111.6,111.6,111.6,111.6,111.6,111.6,111.6,111.6,111.6,40.4,40.2,40.5,40.2,40.5,40.2,40.2,40.8,40.2,0.0,100.0,100.0,100.0,100.0,100.0,100.0,100.0,100.0,100.0,0.0,0.0,0.0,0.0,0.0,0.0,0.0,0.0,0.0,0.0,0.0,0.0,0.0,0.0,0.0,0.0,0.0,0.0,1197.8,12.00,16,16,16,39,55,661,1,80.2,81.2,78.0,78.3,78.2,77.9,79.5,77.7,78.6,79.3,77.0,78.3,68.2,68.3,68.1,56.8,54.3,1.294,1.025,1.300,22.635,11.923,22.643,90.000,51.620,6.388,6.716,6.662,6.593,5.789,6.590,6.701,6.133,5.916,29.833,12.331,42.163,51.626,1197.8,1197.8,4025.6,4025.6,4025.6,4025.6,58.7,37.7,100.0,85.5,57.0,No,No,No,4.877,0.401,8.0,48,95.0,100.0,No,No,91256,99039,31,99.0,No,No,3320,11.3,0.0,11.4,8.502,0.135,20474,15820,0.0,0.0,0.0,0.000,0.000,50,0,54.1,69.6,83.0,0.794,12.125,12.167,12.147,12.062,1131,55.107,23.093,36.234,10.792,46.121,25.957,20.130,0.336,36.234,20.989,3.035,31.100,220.000,240.000,1275.0,1750.2,1275.0,1229.9,1380.0,59.0,11.0,0.0,3.0,83.0,9.0,35.9,0.0,0.0,0.0,33,Yes,No,No,No,No,Yes,No,26.1,29.5,5,0,0,0,0,0,0,0,0,131,0,0,0,0,0,0,0,0,0,0,0,0,0,0,0,0,0,0,0,0,1389,6803,6656,899,8.0,149.5,1972.3,48.5,31.6,37.4,30.4,149.5,243.9,59.9,35.9,43.6,34.3,6.69,20.60,0.51,0.47,26.76,32.92,0.80,5.89,6.69,0.00,8.19,0,0,0.0,0.0,8700,163,12.5,8.5,0,
7.7.2026,20:0:12.194,26332,19662,57.2,16783,15899,51.3,0.0,13312,0,1.306,1.294,1.319,1.319,1.312,1.294,1.288,1.331,1.294,4030.2,4017.8,4042.7,4017.8,4042.7,4017.8,4017.8,4067.7,4017.8,99.8,4011.2,4025.6,4009.9,4010.1,4010.1,4010.4,4010.5,4011.2,4011.6,4008.8,4009.0,4009.7,4010.5,4009.8,4009.7,4010.7,4011.2,4011.2,100.0,100.0,100.0,100.0,100.0,100.0,100.0,100.0,100.0,100.0,100.0,100.0,100.0,100.0,100.0,100.0,100.0,100.0,100.0,111.6,111.6,111.6,111.6,111.6,111.6,111.6,111.6,111.6,111.6,111.6,111.6,111.6,111.6,111.6,111.6,111.6,111.6,40.4,40.2,40.5,40.2,40.5,40.2,40.2,40.8,40.2,0.0,100.0,100.0,100.0,100.0,100.0,100.0,100.0,100.0,100.0,0.0,0.0,0.0,0.0,0.0,0.0,0.0,0.0,0.0,0.0,0.0,0.0,0.0,0.0,0.0,0.0,0.0,0.0,1197.8,12.00,16,16,16,39,55,661,1,80.2,81.2,78.0,78.3,78.2,77.9,79.5,77.7,78.6,79.3,77.0,78.3,68.2,68.3,68.1,56.8,54.3,1.294,1.025,1.300,22.635,11.923,22.643,90.000,51.620,6.388,6.716,6.662,6.593,5.789,6.590,6.701,6.133,5.916,29.833,12.331,42.163,51.626,1197.8,1197.8,4025.6,4025.6,4025.6,4025.6,58.7,37.7,100.0,85.5,57.0,No,No,No,4.877,0.401,8.0,48,95.0,100.0,No,No,91256,99039,31,99.0,No,No,3320,11.3,0.0,11.4,8.502,0.135,20474,15820,0.0,0.0,0.0,0.000,0.000,50,0,54.0,69.7,83.0,0.794,12.124,12.165,12.145,12.061,1129,57.244,22.889,35.732,10.596,45.630,25.751,19.852,0.336,35.732,20.806,3.306,31.146,220.000,240.000,1275.0,1750.2,1275.0,1260.7,1380.0,58.0,10.0,0.0,2.0,83.0,9.9,39.5,0.0,0.0,0.0,33,Yes,No,No,No,No,Yes,No,25.7,29.7,5,0,0,0,0,0,0,0,0,131,0,0,0,0,0,0,0,0,0,0,0,0,0,0,0,0,0,0,0,0,1389,6803,6656,899,8.0,149.5,1972.3,48.5,31.6,37.4,30.4,149.5,243.9,59.9,35.9,43.6,34.3,6.69,20.60,0.51,0.47,26.76,32.92,0.80,5.89,6.69,0.00,8.19,0,0,0.0,0.0,8700,163,12.5,8.5,0,
7.7.2026,20:0:14.201,26347,19647,57.2,16785,15897,51.3,0.0,13312,0,1.296,1.294,1.288,1.312,1.319,1.275,1.294,1.294,1.294,4020.9,4017.8,4017.8,4017.8,4042.7,3992.8,4017.8,4042.7,4017.8,99.8,4012.0,4027.9,4010.7,4011.0,4010.9,4011.0,4011.2,4012.0,4012.2,4009.7,4009.9,4010.7,4011.5,4010.4,4010.7,4011.4,4011.6,4012.0,100.0,100.0,100.0,100.0,100.0,100.0,100.0,100.0,100.0,100.0,100.0,100.0,100.0,100.0,100.0,100.0,100.0,100.0,100.0,111.7,111.7,111.7,111.7,111.7,111.7,111.7,111.7,111.7,111.7,111.7,111.7,111.7,111.7,111.7,111.7,111.7,111.7,40.3,40.2,40.2,40.2,40.5,40.0,40.2,40.5,40.2,0.0,100.0,100.0,100.0,100.0,100.0,100.0,100.0,100.0,100.0,0.0,0.0,0.0,0.0,0.0,0.0,0.0,0.0,0.0,0.0,0.0,0.0,0.0,0.0,0.0,0.0,0.0,0.0,1197.8,12.00,16,16,16,39,55,661,1,80.2,79.4,82.8,76.4,77.0,76.3,77.6,75.9,76.5,75.6,76.1,76.2,67.5,67.6,67.4,57.2,54.3,1.312,1.038,1.325,20.594,11.940,20.587,90.000,48.748,6.060,6.540,6.427,6.138,5.580,6.010,5.576,6.264,5.947,27.155,12.340,39.496,48.920,1197.8,1197.8,4027.9,4027.9,4027.9,4027.9,55.6,34.3,100.0,83.6,56.3,No,No,No,4.847,0.402,8.0,48,95.0,100.0,No,No,91256,99039,31,99.0,No,No,3320,3.8,0.2,3.9,3.949,0.338,20484,15821,0.0,0.0,0.0,0.000,0.000,50,0,53.8,69.5,83.0,0.781,12.130,12.174,12.150,12.065,1128,55.986,22.285,35.057,10.372,45.381,25.880,19.474,0.336,35.057,21.013,3.122,27.162,220.000,240.000,1245.0,1750.2,1245.0,1243.6,1350.0,53.0,9.0,0.0,2.0,83.0,8.4,33.7,0.0,0.0,0.0,33,Yes,No,No,No,No,Yes,No,25.5,29.9,5,0,0,0,0,0,0,0,0,131,0,0,0,0,0,0,0,0,0,0,0,0,0,0,0,0,0,0,0,0,1389,6803,6656,899,8.0,144.9,1974.9,51.7,23.5,30.6,22.0,144.9,245.2,62.3,25.7,34.2,24.0,6.90,19.36,0.51,0.48,32.65,45.43,0.82,6.08,6.90,0.00,8.61,0,0,0.0,0.0,8700,163,3.7,0.5,0,
7.7.2026,20:0:18.123,26418,19576,57.4,16864,15817,51.6,0.0,13312,0,1.287,1.269,1.288,1.294,1.269,1.294,1.294,1.294,1.294,4017.8,3992.8,4042.7,4017.8,4017.8,4017.8,4017.8,4017.8,4017.8,99.8,4013.2,4029.6,4012.3,4012.1,4012.2,4011.9,4012.0,4012.3,4013.2,4011.0,4011.7,4012.2,4012.9,4011.4,4011.7,4012.4,4012.7,4013.2,100.0,100.0,100.0,100.0,100.0,100.0,100.0,100.0,100.0,100.0,100.0,100.0,100.0,100.0,100.0,100.0,100.0,100.0,100.0,111.7,111.7,111.7,111.7,111.7,111.7,111.7,111.7,111.7,111.7,111.7,111.7,111.7,111.7,111.7,111.7,111.7,111.7,40.2,40.0,40.5,40.2,40.2,40.2,40.2,40.2,40.2,0.0,100.0,100.0,100.0,100.0,100.0,100.0,100.0,100.0,100.0,0.0,0.0,0.0,0.0,0.0,0.0,0.0,0.0,0.0,0.0,0.0,0.0,0.0,0.0,0.0,0.0,0.0,0.0,1197.8,12.00,16,16,16,39,55,661,1,80.5,80.1,81.5,76.5,76.8,75.8,79.7,77.3,75.7,74.8,75.7,76.2,67.4,67.6,67.3,59.2,54.4,1.306,1.038,1.319,20.847,11.956,20.846,90.000,49.192,6.096,6.269,6.066,7.074,6.203,5.784,5.168,6.108,6.093,27.502,12.355,39.857,49.289,1197.8,1197.8,4029.6,4029.6,4029.6,4029.6,56.0,34.7,100.0,84.3,56.7,No,No,No,4.793,0.428,8.0,48,95.0,100.0,No,No,91256,99039,31,99.0,No,No,3320,2.1,0.3,2.4,1.756,0.592,20493,15822,0.0,0.0,0.0,0.000,0.000,50,0,53.7,69.6,83.0,0.775,12.123,12.164,12.145,12.061,1132,55.320,22.055,34.295,10.352,45.277,26.196,19.053,0.336,34.295,21.649,4.379,24.720,220.000,240.000,1215.0,1750.2,1215.0,1209.8,1320.0,62.0,11.0,0.0,3.0,83.0,9.2,36.7,0.0,0.0,0.0,33,Yes,No,No,No,No,Yes,No,25.6,30.2,5,0,0,0,0,0,0,0,0,131,0,0,0,0,0,0,0,0,0,0,0,0,0,0,0,0,0,0,0,0,1389,6803,6656,899,8.0,125.9,1937.2,37.4,23.3,27.5,22.3,126.4,242.1,42.3,25.2,30.0,24.0,7.94,26.73,0.52,0.50,36.39,44.82,0.81,7.02,7.94,0.00,10.76,0,0,0.0,0.0,8700,163,0.8,0.4,0,
7.7.2026,20:0:20.331,26418,19576,57.4,16864,15817,51.6,0.0,13312,0,1.287,1.269,1.288,1.294,1.269,1.294,1.294,1.294,1.294,4017.8,3992.8,4042.7,4017.8,4017.8,4017.8,4017.8,4017.8,4017.8,99.8,4013.2,4029.6,4012.3,4012.1,4012.2,4011.9,4012.0,4012.3,4013.2,4011.0,4011.7,4012.2,4012.9,4011.4,4011.7,4012.4,4012.7,4013.2,100.0,100.0,100.0,100.0,100.0,100.0,100.0,100.0,100.0,100.0,100.0,100.0,100.0,100.0,100.0,100.0,100.0,100.0,100.0,111.7,111.7,111.7,111.7,111.7,111.7,111.7,111.7,111.7,111.7,111.7,111.7,111.7,111.7,111.7,111.7,111.7,111.7,40.2,40.0,40.5,40.2,40.2,40.2,40.2,40.2,40.2,0.0,100.0,100.0,100.0,100.0,100.0,100.0,100.0,100.0,100.0,0.0,0.0,0.0,0.0,0.0,0.0,0.0,0.0,0.0,0.0,0.0,0.0,0.0,0.0,0.0,0.0,0.0,0.0,1197.8,12.00,16,16,16,39,55,661,1,80.5,80.1,81.5,76.5,76.8,75.8,79.7,77.3,75.7,74.8,75.7,76.2,67.4,67.6,67.3,59.2,54.4,1.306,1.038,1.319,20.847,11.956,20.846,90.000,49.192,6.096,6.269,6.066,7.074,6.203,5.784,5.168,6.108,6.093,27.502,12.355,39.857,49.289,1197.8,1197.8,4029.6,4029.6,4029.6,4029.6,56.0,34.7,100.0,84.3,56.7,No,No,No,4.793,0.428,8.0,48,95.0,100.0,No,No,91256,99039,31,99.0,No,No,3320,2.1,0.3,2.4,1.756,0.592,20493,15822,0.0,0.0,0.0,0.000,0.000,50,0,53.7,69.6,83.0,0.775,12.123,12.164,12.145,12.061,1132,55.320,22.055,34.295,10.352,45.277,26.196,19.053,0.336,34.295,21.649,4.379,24.720,220.000,240.000,1215.0,1750.2,1215.0,1209.8,1320.0,62.0,11.0,0.0,3.0,83.0,9.2,36.7,0.0,0.0,0.0,33,Yes,No,No,No,No,Yes,No,25.6,30.2,5,0,0,0,0,0,0,0,0,131,0,0,0,0,0,0,0,0,0,0,0,0,0,0,0,0,0,0,0,0,1389,6803,6656,899,8.0,116.0,1922.3,31.7,10.3,14.7,9.6,116.0,242.1,34.7,10.8,15.5,10.0,8.62,31.59,0.52,0.52,68.02,104.14,0.74,7.63,8.62,0.00,12.16,0,0,0.0,0.0,8700,163,5.2,2.8,0,
7.7.2026,20:0:27.264,26579,19414,57.7,17038,15644,52.1,0.0,13312,0,1.296,1.319,1.294,1.294,1.294,1.294,1.312,1.294,1.269,4027.1,4042.7,3992.8,4017.8,4042.7,4042.7,4042.7,4017.8,4017.8,99.8,4014.3,4028.2,4012.5,4012.6,4013.0,4013.0,4013.2,4013.4,4013.8,4011.9,4012.3,4013.7,4014.6,4013.6,4013.8,4014.7,4015.3,4014.3,100.0,100.0,100.0,100.0,100.0,100.0,100.0,100.0,100.0,100.0,100.0,100.0,100.0,100.0,100.0,100.0,100.0,100.0,100.0,111.7,111.7,111.7,111.7,111.7,111.7,111.7,111.7,111.7,111.7,111.7,111.7,111.7,111.7,111.7,111.7,111.7,111.7,40.3,40.5,40.0,40.2,40.5,40.5,40.5,40.2,40.2,0.0,100.0,100.0,100.0,100.0,100.0,100.0,100.0,100.0,100.0,0.0,0.0,0.0,0.0,0.0,0.0,0.0,0.0,0.0,0.0,0.0,0.0,0.0,0.0,0.0,0.0,0.0,0.0,1197.8,12.00,16,16,16,39,55,661,1,79.9,80.2,76.5,76.9,77.1,76.2,79.4,76.6,77.1,77.3,75.7,76.0,67.7,67.8,67.6,58.5,54.3,1.350,1.044,1.344,20.908,12.006,20.908,90.000,49.333,5.894,6.281,5.941,6.873,5.767,5.979,5.623,5.643,5.049,27.571,12.412,39.983,49.433,1197.8,1197.8,4028.2,4028.2,4028.2,4028.2,56.2,34.8,100.0,84.5,56.4,No,No,No,5.101,0.362,8.0,48,95.0,100.0,No,No,91256,99039,31,99.0,No,No,3320,6.4,0.1,6.5,1.705,0.149,20503,15824,0.0,0.0,0.0,0.000,0.000,50,0,53.2,69.0,83.0,0.775,12.131,12.175,12.152,12.067,1129,54.814,21.896,33.839,9.996,44.792,25.969,18.799,0.336,33.839,21.263,2.977,27.153,220.000,240.000,1215.0,1750.2,1215.0,1215.0,1320.0,58.0,10.0,0.0,2.0,83.0,8.5,34.0,0.0,0.0,0.0,33,Yes,No,No,No,No,Yes,No,24.6,30.2,5,0,0,0,0,0,0,0,0,131,0,0,0,0,0,0,0,0,0,0,0,0,0,0,0,0,0,0,0,0,1389,6803,6656,900,8.0,130.9,1932.1,41.2,40.2,40.6,40.1,131.4,245.2,48.0,47.9,47.9,47.9,7.64,24.27,0.52,0.48,24.63,24.94,0.76,6.80,7.64,0.00,10.08,0,0,0.0,0.0,8700,163,16.7,1.0,0,
7.7.2026,20:0:28.376,26667,19326,57.9,17137,15545,52.4,0.0,13312,0,1.296,1.294,1.294,1.288,1.294,1.294,1.300,1.294,1.312,4027.1,4042.7,4017.8,4017.8,4042.7,4017.8,4017.8,4017.8,4042.7,99.8,4017.3,4033.0,4016.2,4017.1,4017.3,4017.3,4017.8,4017.8,4018.0,4015.3,4015.7,4015.9,4016.1,4014.6,4014.8,4015.0,4015.1,4017.3,100.0,100.0,100.0,100.0,100.0,100.0,100.0,100.0,100.0,100.0,100.0,100.0,100.0,100.0,100.0,100.0,100.0,100.0,100.0,111.8,111.8,111.8,111.8,111.8,111.8,111.8,111.8,111.8,111.8,111.8,111.8,111.8,111.8,111.8,111.8,111.8,111.8,40.3,40.5,40.2,40.2,40.5,40.2,40.2,40.2,40.5,0.0,100.0,100.0,100.0,100.0,100.0,100.0,100.0,100.0,100.0,0.0,0.0,0.0,0.0,0.0,0.0,0.0,0.0,0.0,0.0,0.0,0.0,0.0,0.0,0.0,0.0,0.0,0.0,1197.8,12.00,16,16,16,39,55,661,1,79.2,78.6,79.8,75.1,76.0,74.6,78.1,75.4,74.9,73.7,74.4,73.6,67.0,67.1,66.9,57.8,54.1,1.344,1.031,1.356,18.756,11.994,18.757,90.000,46.483,5.698,6.107,5.885,5.924,5.032,5.626,5.296,6.196,5.517,24.760,12.383,37.143,46.567,1197.8,1197.8,4033.0,4033.0,4033.0,4033.0,52.9,31.3,100.0,82.7,55.4,No,No,No,4.935,0.399,8.0,48,95.0,100.0,No,No,91256,99039,31,99.0,No,No,3320,0.5,0.2,0.6,0.654,0.284,20504,15825,0.0,0.0,0.0,0.000,0.000,50,0,53.4,69.0,83.0,0.781,12.129,12.172,12.149,12.065,1129,55.287,24.893,35.306,10.444,45.646,26.000,19.613,0.336,35.306,21.103,23.536,31.636,220.000,240.000,1230.0,1750.2,1230.0,1215.0,1350.0,58.0,10.0,0.0,2.0,83.0,9.4,37.7,0.0,0.0,0.0,33,Yes,No,No,No,No,Yes,No,25.2,28.4,5,0,0,0,0,0,0,0,0,131,0,0,0,0,0,0,0,0,0,0,0,0,0,0,0,0,0,0,0,0,1389,6803,6656,900,8.0,120.0,2124.1,28.0,16.9,20.3,16.2,120.4,242.8,31.1,18.0,21.9,17.2,8.33,35.71,0.47,0.46,49.38,61.90,0.78,6.82,8.33,0.00,11.54,0,0,0.0,0.0,8700,163,9.7,2.2,0,
7.7.2026,20:0:30.194,26601,19392,57.8,17044,15638,52.1,0.0,13312,0,1.288,1.281,1.294,1.275,1.300,1.288,1.275,1.312,1.281,4008.4,4017.8,4017.8,3992.8,3992.8,4017.8,3992.8,4042.7,3992.8,99.8,4011.3,4029.0,4012.8,4011.5,4011.7,4011.8,4012.1,4012.7,4012.0,4007.6,4008.4,4009.0,4009.4,4008.0,4008.5,4008.5,4008.2,4011.3,100.0,100.0,100.0,100.0,100.0,100.0,100.0,100.0,100.0,100.0,100.0,100.0,100.0,100.0,100.0,100.0,100.0,100.0,100.0,111.7,111.7,111.7,111.7,111.7,111.7,111.7,111.7,111.7,111.7,111.7,111.7,111.7,111.7,111.7,111.7,111.7,111.7,40.2,40.2,40.2,40.0,40.0,40.2,40.0,40.5,40.0,0.0,100.0,100.0,100.0,100.0,100.0,100.0,100.0,100.0,100.0,0.0,0.0,0.0,0.0,0.0,0.0,0.0,0.0,0.0,0.0,0.0,0.0,0.0,0.0,0.0,0.0,0.0,0.0,1197.8,12.00,16,16,16,39,55,661,1,88.1,79.7,82.5,76.5,76.3,75.7,77.7,77.0,76.2,75.9,76.7,76.5,67.1,67.1,67.0,58.8,54.5,1.319,1.031,1.331,21.104,11.929,21.096,90.000,49.390,6.598,6.318,6.198,6.662,6.662,6.424,6.090,7.125,7.305,27.829,12.331,40.159,49.569,1197.8,1197.8,4029.0,4029.0,4029.0,4029.0,56.3,35.2,100.0,83.9,56.6,No,No,No,4.774,0.435,8.0,48,95.0,100.0,No,No,91256,99039,31,99.0,No,No,3320,2.9,0.6,3.5,9.380,12.241,20517,15842,0.0,0.0,0.0,0.000,0.000,50,0,53.4,69.0,83.0,0.781,12.129,12.172,12.149,12.065,1129,55.287,24.893,35.306,10.444,45.646,26.000,19.613,0.336,35.306,21.103,23.536,31.636,220.000,240.000,1230.0,1750.2,1230.0,1215.0,1350.0,58.0,10.0,0.0,2.0,83.0,9.4,37.7,0.0,0.0,0.0,33,Yes,No,No,No,No,Yes,No,25.2,28.4,5,0,0,0,0,0,0,0,0,131,0,0,0,0,0,0,0,0,0,0,0,0,0,0,0,0,0,0,0,0,1389,6803,6656,900,8.0,84.7,0.0,17.7,16.1,16.0,16.0,2.4,2.4,2.4,2.4,2.4,2.4,11.96,57.74,0.12,0.10,64.24,64.24,2.25,0.13,11.65,0.31,2.79,0,0,0.0,0.0,8700,163,0.4,0.4,0,
7.7.2026,20:0:32.190,26410,19584,57.4,16831,15851,51.4,0.0,13312,0,1.293,1.300,1.288,1.300,1.288,1.288,1.281,1.300,1.300,4014.6,4017.8,4017.8,4017.8,4017.8,4017.8,3992.8,4017.8,4017.8,99.8,4011.1,4024.8,4009.7,4009.9,4010.3,4010.4,4010.5,4011.0,4011.4,4008.0,4008.9,4009.7,4010.5,4009.7,4010.1,4011.3,4011.3,4011.1,100.0,100.0,100.0,100.0,100.0,100.0,100.0,100.0,100.0,100.0,100.0,100.0,100.0,100.0,100.0,100.0,100.0,100.0,100.0,111.6,111.6,111.6,111.6,111.6,111.6,111.6,111.6,111.6,111.6,111.6,111.6,111.6,111.6,111.6,111.6,111.6,111.6,40.2,40.2,40.2,40.2,40.2,40.2,40.0,40.2,40.2,0.0,100.0,100.0,100.0,100.0,100.0,100.0,100.0,100.0,100.0,0.0,0.0,0.0,0.0,0.0,0.0,0.0,0.0,0.0,0.0,0.0,0.0,0.0,0.0,0.0,0.0,0.0,0.0,1197.8,12.00,16,16,16,39,55,661,1,85.8,82.8,83.2,79.1,77.9,77.4,80.6,80.2,78.4,78.8,79.0,80.5,68.0,68.0,67.9,58.2,54.2,1.325,1.031,1.325,24.034,11.880,24.030,90.000,53.225,6.899,6.442,6.164,7.294,7.232,6.658,6.689,7.183,7.526,31.678,12.296,43.974,53.401,1197.8,1197.8,4024.8,4024.8,4024.8,4024.8,60.7,40.1,100.0,87.1,57.7,No,No,No,4.634,0.402,8.0,48,95.0,100.0,No,No,91256,99039,31,99.0,No,No,3320,0.1,0.1,0.2,0.032,1.316,20517,15844,0.0,0.0,0.0,0.000,0.000,50,0,53.2,68.6,83.0,0.787,12.128,12.171,12.149,12.064,1132,55.439,22.674,33.772,9.652,44.150,25.359,18.761,0.336,33.772,20.350,10.635,29.953,220.000,240.000,1260.0,1750.2,1260.0,1230.0,1365.0,60.0,11.0,0.0,3.0,83.1,8.3,33.2,0.0,0.0,0.0,33,Yes,No,No,No,No,Yes,No,24.6,26.2,5,0,0,0,0,0,0,0,0,131,0,0,0,0,0,0,0,0,0,0,0,0,0,0,0,0,0,0,0,0,1388,6804,6657,900,8.0,114.8,2030.9,20.8,15.6,15.2,15.2,114.9,243.7,23.0,16.5,16.0,16.0,8.71,48.02,0.49,0.42,65.92,65.92,0.74,7.14,8.71,0.00,12.33,0,0,0.0,0.0,8700,163,1.7,4.3,0,
7.7.2026,20:0:34.213,26539,19455,57.7,16978,15704,51.9,0.0,13312,0,1.298,1.294,1.294,1.294,1.294,1.288,1.319,1.288,1.312,4024.0,4017.8,4017.8,4017.8,4017.8,4042.7,4042.7,4017.8,4017.8,99.8,4011.4,4024.9,4010.0,4010.1,4010.4,4010.6,4010.8,4011.2,4011.9,4008.7,4009.3,4010.2,4010.9,4010.2,4010.3,4010.9,4011.7,4011.4,100.0,100.0,100.0,100.0,100.0,100.0,100.0,100.0,100.0,100.0,100.0,100.0,100.0,100.0,100.0,100.0,100.0,100.0,100.0,111.6,111.6,111.6,111.6,111.6,111.6,111.6,111.6,111.6,111.6,111.6,111.6,111.6,111.6,111.6,111.6,111.6,111.6,40.3,40.2,40.2,40.2,40.2,40.5,40.5,40.2,40.2,0.0,100.0,100.0,100.0,100.0,100.0,100.0,100.0,100.0,100.0,0.0,0.0,0.0,0.0,0.0,0.0,0.0,0.0,0.0,0.0,0.0,0.0,0.0,0.0,0.0,0.0,0.0,0.0,1197.8,12.00,16,16,16,39,55,661,1,83.9,82.2,82.0,78.9,78.3,78.1,79.9,78.0,78.5,79.6,78.3,80.3,68.4,68.4,68.4,59.0,54.5,1.331,1.038,1.344,23.611,11.908,23.614,90.000,52.886,6.720,6.620,6.537,7.000,6.141,6.705,6.775,6.912,7.070,31.120,12.326,43.447,52.912,1197.8,1197.8,4024.9,4024.9,4024.9,4024.9,60.1,39.4,100.0,86.5,57.4,No,No,No,4.849,0.413,8.0,48,95.0,100.0,No,No,91256,99039,31,99.0,No,No,3320,0.7,0.1,0.8,0.392,1.304,20518,15846,0.0,0.0,0.0,0.000,0.000,50,0,53.0,68.4,83.0,0.781,12.127,12.169,12.148,12.064,1128,51.437,23.818,34.387,10.198,44.948,25.816,19.104,0.336,34.387,21.080,16.373,31.556,220.000,240.000,1230.0,1750.2,1230.0,1227.4,1350.0,60.0,11.0,0.0,3.0,83.1,8.4,33.8,0.0,0.0,0.0,33,Yes,No,No,No,No,Yes,No,24.8,28.4,5,0,0,0,0,0,0,0,0,131,0,0,0,0,0,0,0,0,0,0,0,0,0,0,0,0,0,0,0,0,1388,6804,6657,900,8.0,96.1,2005.2,17.8,10.1,9.6,9.6,96.1,242.4,19.1,10.5,10.0,10.0,10.41,56.09,0.50,0.49,103.69,103.69,0.75,8.24,10.41,0.00,15.68,0,0,0.0,0.0,8700,163,2.9,1.6,0,
7.7.2026,20:0:36.204,26427,19567,57.4,16886,15796,51.6,0.0,13312,0,1.289,1.294,1.300,1.300,1.294,1.275,1.294,1.294,1.262,4008.4,4017.8,4017.8,3992.8,4017.8,3992.8,4017.8,4017.8,3992.8,99.8,4013.7,4029.2,4012.7,4013.2,4013.1,4013.1,4013.4,4013.8,4014.3,4010.9,4011.4,4012.2,4013.2,4012.2,4012.0,4012.3,4012.6,4013.7,100.0,100.0,100.0,100.0,100.0,100.0,100.0,100.0,100.0,100.0,100.0,100.0,100.0,100.0,100.0,100.0,100.0,100.0,100.0,111.7,111.7,111.7,111.7,111.7,111.7,111.7,111.7,111.7,111.7,111.7,111.7,111.7,111.7,111.7,111.7,111.7,111.7,40.2,40.2,40.2,40.0,40.2,40.0,40.2,40.2,40.0,0.0,100.0,100.0,100.0,100.0,100.0,100.0,100.0,100.0,100.0,0.0,0.0,0.0,0.0,0.0,0.0,0.0,0.0,0.0,0.0,0.0,0.0,0.0,0.0,0.0,0.0,0.0,0.0,1197.8,12.00,16,16,16,39,55,661,1,82.4,81.3,79.8,77.6,77.8,77.4,80.6,78.8,76.9,76.6,76.3,76.5,67.8,67.9,67.7,57.2,54.3,1.350,1.031,1.356,21.977,11.948,21.980,90.000,50.684,6.301,6.445,6.298,7.228,6.655,6.050,5.734,6.103,5.896,28.987,12.355,41.342,50.790,1197.8,1197.8,4029.2,4029.2,4029.2,4029.2,57.7,36.6,100.0,85.6,56.5,No,No,No,4.983,0.360,8.0,48,95.0,100.0,No,No,91256,99039,31,99.0,No,No,3320,0.7,0.5,1.2,0.668,10.198,20519,15866,0.0,0.0,0.0,0.000,0.000,50,0,53.0,68.4,83.0,0.781,12.127,12.169,12.148,12.064,1128,51.437,23.818,34.387,10.198,44.948,25.816,19.104,0.336,34.387,21.080,16.373,31.556,220.000,240.000,1230.0,1750.2,1230.0,1227.4,1350.0,60.0,11.0,0.0,3.0,83.1,8.4,33.8,0.0,0.0,0.0,33,Yes,No,No,No,No,Yes,No,24.8,28.4,5,0,0,0,0,0,0,0,0,131,0,0,0,0,0,0,0,0,0,0,0,0,0,0,0,0,0,0,0,0,1388,6804,6657,900,8.0,91.3,371.1,73.2,72.7,72.6,72.6,0.0,0.0,0.0,0.0,0.0,0.0,11.01,13.65,5.40,5.24,13.76,13.76,3.91,0.46,10.44,0.58,0.00,0,0,0.0,0.0,8700,163,3.1,1.5,0,
7.7.2026,20:0:38.200,26621,19373,57.8,17066,15616,52.2,0.0,13312,0,1.306,1.294,1.337,1.294,1.319,1.319,1.312,1.288,1.288,4030.2,4017.8,4067.7,4017.8,4017.8,4017.8,4042.7,4017.8,4042.7,99.8,4014.2,4028.5,4012.5,4013.0,4012.9,4013.2,4013.3,4013.9,4014.4,4011.7,4012.2,4013.2,4014.0,4012.8,4013.3,4013.8,4014.2,4014.2,100.0,100.0,100.0,100.0,100.0,100.0,100.0,100.0,100.0,100.0,100.0,100.0,100.0,100.0,100.0,100.0,100.0,100.0,100.0,111.7,111.7,111.7,111.7,111.7,111.7,111.7,111.7,111.7,111.7,111.7,111.7,111.7,111.7,111.7,111.7,111.7,111.7,40.4,40.2,40.8,40.2,40.2,40.2,40.5,40.2,40.5,0.0,100.0,100.0,100.0,100.0,100.0,100.0,100.0,100.0,100.0,0.0,0.0,0.0,0.0,0.0,0.0,0.0,0.0,0.0,0.0,0.0,0.0,0.0,0.0,0.0,0.0,0.0,0.0,1197.8,12.00,16,16,16,39,55,661,1,79.8,78.6,81.8,76.2,76.2,75.3,76.8,75.9,76.1,75.7,76.2,77.2,67.4,67.5,67.4,59.0,54.0,1.319,1.031,1.325,20.401,11.960,20.405,90.000,48.625,5.986,6.198,5.831,6.150,5.797,6.005,5.570,6.290,6.049,26.911,12.359,39.270,48.715,1197.8,1197.8,4028.5,4028.5,4028.5,4028.5,55.4,34.0,100.0,82.8,55.7,No,No,No,4.986,0.388,8.0,48,95.0,100.0,No,No,91256,99039,31,99.0,No,No,3320,0.1,0.1,0.2,0.158,0.146,20519,15867,0.0,0.0,0.0,0.000,0.000,50,0,53.0,68.8,83.0,0.769,12.125,12.167,12.146,12.063,1129,53.673,22.103,33.758,9.807,44.650,25.863,18.755,0.336,33.758,21.015,2.935,30.150,220.000,240.000,1200.0,1750.2,1200.0,1234.7,1305.0,57.0,10.0,0.0,2.0,83.1,9.1,36.4,0.0,0.0,0.0,33,Yes,No,No,No,No,Yes,No,25.9,29.7,5,0,0,0,0,0,0,0,0,131,0,0,0,0,0,0,0,0,0,0,0,0,0,0,0,0,0,0,0,0,1388,6804,6657,874,8.0,119.9,1860.2,14.2,12.8,13.1,12.7,119.9,249.9,15.0,13.4,13.7,13.3,8.34,70.46,0.54,0.53,76.50,78.65,0.78,6.90,8.34,0.00,11.54,0,0,0.0,0.0,8700,163,2.0,1.1,0,
7.7.2026,20:0:40.206,26678,19315,58.0,17132,15550,52.4,0.0,13312,0,1.288,1.294,1.281,1.288,1.288,1.288,1.281,1.288,1.300,4020.9,4017.8,4017.8,4017.8,4042.7,4017.8,4017.8,4017.8,4017.8,99.8,4013.6,4029.2,4012.9,4013.0,4013.1,4013.4,4013.4,4013.7,4014.2,4010.8,4011.6,4012.0,4013.1,4011.4,4011.8,4012.2,4011.2,4013.6,100.0,100.0,100.0,100.0,100.0,100.0,100.0,100.0,100.0,100.0,100.0,100.0,100.0,100.0,100.0,100.0,100.0,100.0,100.0,111.7,111.7,111.7,111.7,111.7,111.7,111.7,111.7,111.7,111.7,111.7,111.7,111.7,111.7,111.7,111.7,111.7,111.7,40.3,40.2,40.2,40.2,40.5,40.2,40.2,40.2,40.2,0.0,100.0,100.0,100.0,100.0,100.0,100.0,100.0,100.0,100.0,0.0,0.0,0.0,0.0,0.0,0.0,0.0,0.0,0.0,0.0,0.0,0.0,0.0,0.0,0.0,0.0,0.0,0.0,1197.8,12.00,16,16,16,39,55,661,1,80.6,79.6,83.2,76.7,76.6,75.8,78.0,77.2,77.0,77.2,75.6,76.0,67.2,67.3,67.2,58.5,54.3,1.325,1.031,1.331,21.260,11.963,21.255,90.000,49.613,6.343,6.278,6.125,6.520,6.348,6.558,6.474,6.221,6.217,28.053,12.368,40.421,49.852,1197.8,1197.8,4029.1,4029.1,4029.1,4029.1,56.7,35.4,100.0,83.8,56.4,No,No,No,5.030,0.364,8.0,48,95.0,100.0,No,No,91256,99039,31,99.0,No,No,3320,1.0,0.2,1.2,0.095,0.376,20520,15867,0.0,0.0,0.0,0.000,0.000,50,0,53.1,68.7,83.0,0.756,12.125,12.165,12.146,12.062,1127,56.240,22.103,32.978,9.756,44.344,26.005,18.320,0.336,32.978,21.444,3.036,31.371,220.000,240.000,1200.0,1750.2,1200.0,1234.7,1305.0,57.0,10.0,0.0,2.0,83.1,9.1,36.4,0.0,0.0,0.0,33,Yes,No,No,No,No,Yes,No,25.9,29.7,5,0,0,0,0,0,0,0,0,131,0,0,0,0,0,0,0,0,0,0,0,0,0,0,0,0,0,0,0,0,1388,6804,6657,874,8.0,100.7,1952.9,13.2,8.6,8.3,8.3,101.0,243.9,13.9,8.9,8.6,8.6,9.93,75.78,0.51,0.51,120.86,120.86,0.80,8.10,9.93,0.00,14.64,0,0,0.0,0.0,8700,163,0.5,0.2,0,
7.7.2026,20:0:42.201,26480,19514,57.5,16942,15740,51.8,0.0,13312,0,1.290,1.288,1.294,1.294,1.288,1.269,1.312,1.300,1.275,4011.5,4017.8,3992.8,4017.8,4017.8,3992.8,3992.8,4017.8,4042.7,99.8,4011.4,4026.3,4010.2,4010.6,4010.5,4010.7,4011.0,4011.2,4011.4,4008.8,4009.3,4010.2,4011.0,4009.8,4010.0,4010.5,4011.1,4011.4,100.0,100.0,100.0,100.0,100.0,100.0,100.0,100.0,100.0,100.0,100.0,100.0,100.0,100.0,100.0,100.0,100.0,100.0,100.0,111.6,111.7,111.7,111.7,111.7,111.7,111.7,111.7,111.7,111.6,111.6,111.6,111.6,111.6,111.6,111.6,111.6,111.7,40.2,40.2,40.0,40.2,40.2,40.0,40.0,40.2,40.5,0.0,100.0,100.0,100.0,100.0,100.0,100.0,100.0,100.0,100.0,0.0,0.0,0.0,0.0,0.0,0.0,0.0,0.0,0.0,0.0,0.0,0.0,0.0,0.0,0.0,0.0,0.0,0.0,1197.8,12.00,16,16,16,39,55,661,1,80.1,81.9,79.8,78.3,78.0,77.5,80.0,79.4,77.4,77.5,77.6,79.2,67.9,68.0,67.8,58.5,54.0,1.344,1.025,1.344,23.144,11.887,23.152,90.000,52.283,6.595,6.592,6.378,7.180,6.974,6.314,5.933,6.613,6.779,30.514,12.298,42.812,52.261,1197.8,1197.8,4026.3,4026.3,4026.3,4026.3,59.4,38.6,100.0,86.2,57.2,No,No,No,4.763,0.411,8.0,48,95.0,100.0,No,No,91256,99039,31,99.0,No,No,3320,6.0,0.0,6.0,1.509,0.121,20522,15867,0.0,0.0,0.0,0.000,0.000,50,0,53.1,68.7,83.0,0.756,12.124,12.165,12.146,12.062,1127,56.240,22.057,32.978,9.756,44.344,26.005,18.320,0.336,32.978,21.444,3.036,31.371,220.000,240.000,1185.0,1750.2,1185.0,1229.2,1275.0,54.0,10.0,0.0,2.0,83.1,9.3,37.3,0.0,0.0,0.0,33,Yes,No,No,No,No,Yes,No,24.7,27.3,5,0,0,0,0,0,0,0,0,131,0,0,0,0,0,0,0,0,0,0,0,0,0,0,0,0,0,0,0,0,1388,6804,6657,876,8.0,98.0,1865.5,12.1,11.6,11.5,11.5,97.6,247.8,12.5,12.0,12.0,12.0,10.20,82.92,0.54,0.51,86.85,86.85,0.82,8.79,10.20,0.00,15.52,0,0,0.0,0.0,8700,163,0.5,0.3,0,
7.7.2026,20:0:44.197,26438,19556,57.4,16907,15775,51.7,0.0,13312,0,1.293,1.306,1.294,1.294,1.294,1.294,1.294,1.275,1.294,4020.9,4017.8,4017.8,4017.8,4017.8,4017.8,4042.7,4017.8,4017.8,99.8,4011.5,4027.1,4010.4,4010.9,4010.7,4010.9,4011.2,4011.8,4011.8,4008.5,4009.0,4009.7,4010.8,4009.4,4009.9,4010.5,4011.0,4011.5,100.0,100.0,100.0,100.0,100.0,100.0,100.0,100.0,100.0,100.0,100.0,100.0,100.0,100.0,100.0,100.0,100.0,100.0,100.0,111.7,111.7,111.7,111.7,111.7,111.7,111.7,111.7,111.7,111.7,111.7,111.7,111.7,111.7,111.7,111.7,111.7,111.7,40.3,40.2,40.2,40.2,40.2,40.2,40.5,40.2,40.2,0.0,100.0,100.0,100.0,100.0,100.0,100.0,100.0,100.0,100.0,0.0,0.0,0.0,0.0,0.0,0.0,0.0,0.0,0.0,0.0,0.0,0.0,0.0,0.0,0.0,0.0,0.0,0.0,1197.8,12.00,16,16,16,39,55,661,1,81.1,80.0,83.0,76.6,76.4,75.2,77.8,75.3,77.0,77.1,76.5,77.8,67.4,67.4,67.3,56.8,54.0,1.319,1.031,1.325,21.117,11.933,21.110,90.000,49.456,6.342,6.224,5.782,6.297,5.426,6.593,6.607,6.614,7.193,27.854,12.335,40.189,49.608,1197.8,1197.8,4027.1,4027.1,4027.1,4027.1,56.4,35.2,100.0,84.3,56.2,No,No,No,4.811,0.408,8.0,48,95.0,100.0,No,No,91256,99039,31,99.0,No,No,3320,8.8,0.1,8.9,0.550,0.108,20524,15868,0.0,0.0,0.0,0.000,0.000,50,0,52.9,68.5,83.0,0.775,12.128,12.172,12.148,12.065,1131,54.559,21.663,32.510,9.348,43.710,25.625,18.061,0.336,32.510,20.866,3.111,30.550,220.000,240.000,1215.0,1750.2,1215.0,1201.5,1320.0,57.0,10.0,0.0,2.0,83.1,9.5,38.0,0.0,0.0,0.0,33,Yes,No,No,No,No,Yes,No,25.5,29.8,5,0,0,0,0,0,0,0,0,131,0,0,0,0,0,0,0,0,0,0,0,0,0,0,0,0,0,0,0,0,1388,6804,6657,884,8.0,121.0,2063.5,19.3,14.6,16.1,14.2,121.0,242.8,20.8,15.4,17.1,15.0,8.27,51.88,0.48,0.46,62.03,70.31,0.80,7.25,8.27,0.00,11.31,0,0,0.0,0.0,8700,163,0.3,0.3,0,
7.7.2026,20:0:46.205,26352,19641,57.2,16819,15863,51.4,0.0,13312,0,1.292,1.288,1.294,1.288,1.294,1.294,1.288,1.294,1.300,4014.6,4017.8,4017.8,4017.8,4017.8,4017.8,4017.8,3992.8,4017.8,99.8,4012.0,4025.8,4010.9,4011.1,4011.4,4011.4,4011.5,4012.1,4012.9,4009.1,4009.7,4010.6,4011.4,4010.5,4010.6,4011.5,4011.8,4012.0,100.0,100.0,100.0,100.0,100.0,100.0,100.0,100.0,100.0,100.0,100.0,100.0,100.0,100.0,100.0,100.0,100.0,100.0,100.0,111.7,111.7,111.7,111.7,111.7,111.7,111.7,111.7,111.7,111.6,111.6,111.7,111.7,111.7,111.7,111.6,111.7,111.7,40.2,40.2,40.2,40.2,40.2,40.2,40.2,40.0,40.2,0.0,100.0,100.0,100.0,100.0,100.0,100.0,100.0,100.0,100.0,0.0,0.0,0.0,0.0,0.0,0.0,0.0,0.0,0.0,0.0,0.0,0.0,0.0,0.0,0.0,0.0,0.0,0.0,1197.8,12.00,16,16,16,39,55,661,1,81.8,82.5,84.2,79.1,77.9,77.7,80.2,80.3,79.2,80.2,77.9,79.5,68.1,68.2,68.1,59.0,54.3,1.325,1.038,1.331,24.111,11.875,24.108,90.000,53.401,6.805,6.543,6.449,7.148,7.076,7.086,7.132,6.557,6.451,31.786,12.294,44.080,53.520,1197.8,1197.8,4025.8,4025.8,4025.8,4025.8,60.8,40.2,100.0,86.9,57.8,No,No,No,4.678,0.415,8.0,48,95.0,100.0,No,No,91256,99039,31,99.0,No,No,3320,8.7,0.1,8.7,0.601,0.238,20525,15868,0.0,0.0,0.0,0.000,0.000,50,0,52.8,68.3,83.0,0.787,12.124,12.167,12.145,12.061,1131,55.900,22.523,32.362,9.198,43.138,25.135,17.979,0.336,32.362,20.298,21.392,23.028,220.000,240.000,1260.0,1750.2,1260.0,1237.4,1365.0,54.0,10.0,0.0,2.0,83.1,9.1,36.2,0.0,0.0,0.0,33,Yes,No,No,No,No,Yes,No,23.9,28.6,5,0,0,0,0,0,0,0,0,131,0,0,0,0,0,0,0,0,0,0,0,0,0,0,0,0,0,0,0,0,1388,6804,6657,884,8.0,150.0,2148.0,44.0,31.2,34.5,30.1,150.7,245.4,52.3,35.8,40.0,34.3,6.67,22.73,0.47,0.38,28.97,33.27,0.76,5.54,6.67,0.00,8.10,0,0,0.0,0.0,8700,163,2.7,2.2,0,
7.7.2026,20:0:48.210,26273,19721,57.1,16748,15933,51.2,0.0,13312,0,1.294,1.294,1.275,1.300,1.300,1.294,1.294,1.294,1.300,4014.6,4017.8,3992.8,4017.8,4017.8,4017.8,4017.8,4017.8,4017.8,99.8,4006.2,4021.0,4005.9,4005.5,4005.8,4005.8,4005.7,4006.2,4006.5,4002.6,4003.2,4004.6,4005.5,4004.1,4004.7,4005.8,4006.1,4006.2,100.0,100.0,100.0,100.0,100.0,100.0,100.0,100.0,100.0,100.0,100.0,100.0,100.0,100.0,100.0,100.0,100.0,100.0,100.0,111.5,111.5,111.5,111.5,111.5,111.5,111.5,111.5,111.5,111.5,111.5,111.5,111.5,111.5,111.5,111.5,111.5,111.5,40.2,40.2,40.0,40.2,40.2,40.2,40.2,40.2,40.2,0.0,100.0,100.0,100.0,100.0,100.0,100.0,100.0,100.0,100.0,0.0,0.0,0.0,0.0,0.0,0.0,0.0,0.0,0.0,0.0,0.0,0.0,0.0,0.0,0.0,0.0,0.0,0.0,1197.8,12.00,16,16,16,39,55,661,1,83.1,83.8,84.8,80.1,78.7,78.5,80.9,80.0,79.0,80.5,79.9,83.2,68.6,68.6,68.5,59.5,54.9,1.325,1.044,1.331,25.265,11.855,25.266,90.000,54.897,7.188,6.703,6.602,7.267,7.005,6.831,7.077,7.559,8.459,33.266,12.279,45.545,55.004,1197.8,1197.8,4021.0,4021.0,4021.0,4021.0,62.5,42.1,100.0,88.2,58.2,No,No,No,4.682,0.440,8.0,48,95.0,100.0,No,No,91256,99039,31,99.0,No,No,3320,5.1,0.1,5.2,2.667,0.550,20531,15869,0.0,0.0,0.0,0.000,0.000,50,0,53.3,69.0,83.0,0.794,12.121,12.161,12.142,12.059,1131,57.407,25.491,37.617,11.383,47.246,26.324,20.897,0.336,37.617,21.326,19.467,32.694,220.000,240.000,1200.0,1750.2,1200.0,1260.0,1305.0,63.0,11.0,0.0,3.0,83.1,9.2,36.6,0.0,0.0,0.0,33,Yes,No,No,No,No,Yes,No,26.8,30.0,5,0,0,0,0,0,0,0,0,131,0,0,0,0,0,0,0,0,0,0,0,0,0,0,0,0,0,0,0,0,1388,6804,6657,884,8.0,117.2,2114.7,20.4,17.5,18.6,17.2,117.2,243.3,21.9,18.8,20.0,18.5,8.53,48.96,0.47,0.47,53.73,58.16,0.80,6.62,8.53,0.00,11.99,0,0,0.0,0.0,8700,163,2.8,3.9,0,
7.7.2026,20:0:50.206,26417,19576,57.4,16872,15810,51.6,0.0,13312,0,1.291,1.288,1.275,1.294,1.288,1.294,1.288,1.288,1.319,4017.8,4017.8,3992.8,4017.8,4042.7,4017.8,4017.8,4017.8,4017.8,99.8,4008.0,4021.6,4006.1,4006.7,4006.4,4007.0,4007.3,4007.5,4008.4,4005.3,4005.8,4006.8,4007.6,4007.2,4007.3,4007.9,4008.8,4008.0,100.0,100.0,100.0,100.0,100.0,100.0,100.0,100.0,100.0,100.0,100.0,100.0,100.0,100.0,100.0,100.0,100.0,100.0,100.0,111.5,111.5,111.5,111.5,111.5,111.5,111.5,111.5,111.5,111.5,111.5,111.5,111.5,111.5,111.5,111.5,111.5,111.5,40.2,40.2,40.0,40.2,40.5,40.2,40.2,40.2,40.2,0.0,100.0,100.0,100.0,100.0,100.0,100.0,100.0,100.0,100.0,0.0,0.0,0.0,0.0,0.0,0.0,0.0,0.0,0.0,0.0,0.0,0.0,0.0,0.0,0.0,0.0,0.0,0.0,1197.8,12.00,16,16,16,39,55,661,1,82.6,82.9,79.5,79.4,78.3,78.2,79.1,78.9,79.0,80.2,79.4,82.0,68.5,68.5,68.6,57.0,54.2,1.312,1.038,1.325,24.092,11.864,24.098,90.000,53.383,6.696,6.559,6.390,6.473,6.449,6.637,6.755,7.043,7.266,31.725,12.280,44.006,53.452,1197.8,1197.8,4021.7,4021.7,4021.7,4021.7,60.7,40.2,100.0,87.3,57.7,No,No,No,4.540,0.395,8.0,48,95.0,100.0,No,No,91256,99039,31,99.0,No,No,3320,1.8,0.3,2.1,6.341,5.092,20542,15878,0.0,0.0,0.0,0.000,0.000,50,0,52.8,68.4,83.0,0.781,12.125,12.167,12.146,12.062,1128,52.969,22.385,34.139,9.929,44.794,25.801,18.966,0.336,34.139,20.900,3.785,31.058,220.000,240.000,1230.0,1750.2,1230.0,1230.0,1350.0,56.0,10.0,0.0,2.0,83.1,8.3,33.4,0.0,0.0,0.0,33,Yes,No,No,No,No,Yes,No,24.9,23.1,5,0,0,0,0,0,0,0,0,131,0,0,0,0,0,0,0,0,0,0,0,0,0,0,0,0,0,0,0,0,1388,6804,6657,884,8.0,101.3,0.0,13.3,10.8,11.5,10.5,9.1,60.1,2.6,2.5,2.5,2.5,10.07,72.90,0.07,0.05,87.23,95.57,1.23,0.38,9.57,0.49,14.48,0,0,0.0,0.0,8700,163,0.8,1.0,0,
7.7.2026,20:0:52.209,26545,19449,57.7,16994,15687,51.9,0.0,13312,0,1.294,1.281,1.294,1.300,1.294,1.294,1.294,1.300,1.294,4020.9,4042.7,4017.8,4017.8,4017.8,4017.8,4017.8,4017.8,4017.8,99.8,4011.8,4027.0,4010.7,4010.9,4011.3,4011.0,4010.8,4010.8,4011.4,4009.8,4010.2,4010.8,4011.8,4010.8,4010.3,4010.9,4010.8,4011.8,100.0,100.0,100.0,100.0,100.0,100.0,100.0,100.0,100.0,100.0,100.0,100.0,100.0,100.0,100.0,100.0,100.0,100.0,100.0,111.7,111.7,111.7,111.7,111.7,111.7,111.7,111.7,111.7,111.7,111.7,111.7,111.7,111.7,111.7,111.7,111.7,111.7,40.3,40.5,40.2,40.2,40.2,40.2,40.2,40.2,40.2,0.0,100.0,100.0,100.0,100.0,100.0,100.0,100.0,100.0,100.0,0.0,0.0,0.0,0.0,0.0,0.0,0.0,0.0,0.0,0.0,0.0,0.0,0.0,0.0,0.0,0.0,0.0,0.0,1197.8,12.00,16,16,16,39,55,661,1,82.4,81.8,80.8,78.8,78.6,78.1,81.0,78.9,78.6,79.2,77.7,78.3,68.2,68.3,68.1,56.5,53.8,1.319,1.031,1.325,23.494,11.817,23.491,90.000,52.524,6.783,6.722,6.630,7.385,6.726,6.707,6.756,6.764,6.572,30.970,12.231,43.201,52.624,1197.8,1197.8,4027.0,4027.0,4027.0,4027.0,59.8,39.2,100.0,86.1,57.1,No,No,No,4.547,0.387,8.0,48,95.0,100.0,No,No,91256,99039,31,99.0,No,No,3320,7.8,0.1,7.9,0.714,2.017,20543,15882,0.0,0.0,0.0,0.000,0.000,50,0,52.8,68.3,83.0,0.794,12.124,12.166,12.146,12.061,1130,54.519,22.339,35.077,10.365,45.316,25.799,19.488,0.336,35.077,20.917,5.898,25.121,220.000,240.000,1275.0,1750.2,1275.0,1215.8,1380.0,55.0,10.0,0.0,2.0,83.1,8.9,35.5,0.0,0.0,0.0,33,Yes,No,No,No,No,Yes,No,25.5,27.3,5,0,0,0,0,0,0,0,0,131,0,0,0,0,0,0,0,0,0,0,0,0,0,0,0,0,0,0,0,0,1388,6804,6657,884,8.0,133.2,2004.1,34.4,22.7,25.5,21.9,133.7,242.7,39.4,25.0,28.2,24.0,7.51,29.07,0.50,0.48,39.19,45.65,0.80,6.49,7.51,0.00,9.91,0,0,0.0,0.0,8700,163,87.1,12.5,0,
7.7.2026,20:0:54.202,26603,19390,57.8,17065,15616,52.2,0.0,13312,0,1.298,1.319,1.319,1.288,1.275,1.294,1.294,1.306,1.288,4024.0,4042.7,4042.7,4017.8,3992.8,4042.7,4017.8,4017.8,4017.8,99.8,4012.7,4027.1,4011.8,4011.9,4012.4,4012.0,4012.2,4012.6,4013.2,4009.5,4010.2,4011.3,4012.0,4011.2,4011.2,4012.2,4012.8,4012.7,100.0,100.0,100.0,100.0,100.0,100.0,100.0,100.0,100.0,100.0,100.0,100.0,100.0,100.0,100.0,100.0,100.0,100.0,100.0,111.7,111.7,111.7,111.7,111.7,111.7,111.7,111.7,111.7,111.7,111.7,111.7,111.7,111.7,111.7,111.7,111.7,111.7,40.3,40.5,40.5,40.2,40.0,40.5,40.2,40.2,40.2,0.0,100.0,100.0,100.0,100.0,100.0,100.0,100.0,100.0,100.0,0.0,0.0,0.0,0.0,0.0,0.0,0.0,0.0,0.0,0.0,0.0,0.0,0.0,0.0,0.0,0.0,0.0,0.0,1197.8,12.00,16,16,16,39,55,661,1,80.9,81.6,77.8,78.2,77.7,77.1,80.4,79.0,78.3,78.7,76.8,77.5,68.1,68.2,68.0,58.8,54.2,1.306,1.038,1.319,22.589,11.898,22.599,90.000,51.567,6.434,6.421,6.256,7.019,6.577,6.558,6.437,6.144,6.060,29.785,12.309,42.094,51.568,1197.8,1197.8,4027.1,4027.1,4027.1,4027.1,58.6,37.7,100.0,85.9,56.8,No,No,No,5.051,0.402,8.0,48,95.0,100.0,No,No,91256,99039,31,99.0,No,No,3320,0.1,0.3,0.4,0.140,6.677,20544,15898,0.0,0.0,0.0,0.000,0.000,50,0,52.8,68.3,83.0,0.781,12.128,12.172,12.149,12.065,1130,54.825,23.765,34.862,10.175,45.207,25.806,19.367,0.336,34.862,20.841,20.240,25.956,220.000,240.000,1230.0,1750.2,1230.0,1266.1,1350.0,54.0,10.0,0.0,2.0,83.1,8.4,33.6,0.0,0.0,0.0,33,Yes,No,No,No,No,Yes,No,24.6,28.0,5,0,0,0,0,0,0,0,0,131,0,0,0,0,0,0,0,0,0,0,0,0,0,0,0,0,0,0,0,0,1388,6804,6657,884,8.0,102.9,1775.6,17.1,15.4,15.2,15.2,102.9,244.3,18.1,16.2,16.0,16.0,9.72,58.32,0.56,0.56,65.68,65.68,0.86,8.85,9.72,0.00,14.42,0,0,0.0,0.0,8700,163,17.1,2.3,0,
7.7.2026,20:0:56.204,26666,19327,57.9,17132,15549,52.4,0.0,13312,0,1.289,1.300,1.294,1.294,1.294,1.294,1.269,1.275,1.294,4011.5,4017.8,4017.8,4017.8,4017.8,4017.8,3992.8,3992.8,4017.8,99.8,4016.0,4030.8,4014.9,4015.0,4015.4,4015.1,4015.4,4015.3,4015.8,4012.9,4014.0,4015.2,4016.1,4014.8,4015.1,4015.5,4014.9,4016.0,100.0,100.0,100.0,100.0,100.0,100.0,100.0,100.0,100.0,100.0,100.0,100.0,100.0,100.0,100.0,100.0,100.0,100.0,100.0,111.8,111.8,111.8,111.8,111.8,111.8,111.8,111.8,111.8,111.8,111.8,111.8,111.8,111.8,111.8,111.8,111.8,111.8,40.2,40.2,40.2,40.2,40.2,40.2,40.0,40.0,40.2,0.0,100.0,100.0,100.0,100.0,100.0,100.0,100.0,100.0,100.0,0.0,0.0,0.0,0.0,0.0,0.0,0.0,0.0,0.0,0.0,0.0,0.0,0.0,0.0,0.0,0.0,0.0,0.0,1197.8,12.00,16,16,16,39,55,661,1,80.0,78.4,77.2,75.7,76.1,74.8,77.4,75.1,75.8,75.5,75.2,75.4,67.3,67.4,67.2,56.2,54.1,1.312,1.031,1.319,19.628,11.913,19.630,90.000,47.545,5.844,6.048,5.618,6.355,5.520,5.961,5.726,5.967,5.554,25.910,12.305,38.214,47.667,1197.8,1197.8,4030.8,4030.8,4030.8,4030.8,54.2,32.7,100.0,82.5,55.3,No,No,No,5.255,0.343,8.0,49,95.0,100.0,No,No,91256,99039,31,99.0,No,No,3320,0.1,0.0,0.1,0.031,0.062,20544,15898,0.0,0.0,0.0,0.000,0.000,50,0,52.3,67.8,83.0,0.769,12.129,12.173,12.150,12.066,1130,50.919,21.727,32.217,9.288,43.569,25.652,17.898,0.336,32.217,20.971,9.176,25.950,220.000,240.000,1230.0,1750.2,1230.0,1227.5,1350.0,53.0,10.0,0.0,2.0,83.1,8.3,33.2,0.0,0.0,0.0,33,Yes,No,No,No,No,Yes,No,24.7,27.8,5,0,0,0,0,0,0,0,0,131,0,0,0,0,0,0,0,0,0,0,0,0,0,0,0,0,0,0,0,0,1388,6804,6657,884,8.0,120.2,1909.9,20.2,15.2,16.1,15.0,120.4,241.9,21.7,16.2,17.1,16.0,8.32,49.50,0.52,0.49,62.08,66.75,0.74,7.05,8.32,0.00,11.41,0,0,0.0,0.0,8700,163,25.2,6.3,0,
7.7.2026,20:0:58.199,26684,19309,58.0,17162,15520,52.5,0.0,13312,0,1.297,1.312,1.269,1.319,1.288,1.312,1.294,1.288,1.294,4020.9,4017.8,3992.8,4042.7,4017.8,4042.7,4017.8,4017.8,4017.8,99.8,4013.4,4029.3,4012.4,4012.5,4012.4,4012.4,4012.6,4013.2,4013.8,4010.3,4010.9,4011.7,4012.9,4011.6,4012.4,4012.6,4013.0,4013.4,100.0,100.0,100.0,100.0,100.0,100.0,100.0,100.0,100.0,100.0,100.0,100.0,100.0,100.0,100.0,100.0,100.0,100.0,100.0,111.7,111.7,111.7,111.7,111.7,111.7,111.7,111.7,111.7,111.7,111.7,111.7,111.7,111.7,111.7,111.7,111.7,111.7,40.3,40.2,40.0,40.5,40.2,40.5,40.2,40.2,40.2,0.0,100.0,100.0,100.0,100.0,100.0,100.0,100.0,100.0,100.0,0.0,0.0,0.0,0.0,0.0,0.0,0.0,0.0,0.0,0.0,0.0,0.0,0.0,0.0,0.0,0.0,0.0,0.0,1197.8,12.00,16,16,16,39,55,661,1,79.9,79.1,82.2,76.0,76.2,75.0,77.5,75.3,76.5,76.7,75.4,75.8,67.2,67.2,67.1,57.2,54.0,1.300,1.031,1.306,20.517,11.873,20.513,90.000,48.650,6.006,6.218,5.954,6.139,5.323,6.253,6.107,6.131,5.924,27.074,12.266,39.341,48.768,1197.8,1197.8,4029.3,4029.3,4029.3,4029.3,55.4,34.2,100.0,83.3,56.3,No,No,No,4.952,0.403,8.0,48,95.0,100.0,No,No,91256,99039,31,99.0,No,No,3320,0.1,0.1,0.2,0.060,0.089,20544,15899,0.0,0.0,0.0,0.000,0.000,50,0,52.5,68.1,83.0,0.769,12.128,12.171,12.148,12.064,1131,55.397,21.869,30.667,8.507,42.226,25.166,17.036,0.336,30.667,20.402,17.245,26.434,220.000,240.000,1200.0,1750.2,1200.0,1230.7,1305.0,59.0,10.0,0.0,2.0,83.1,9.9,39.5,0.0,0.0,0.0,33,Yes,No,No,No,No,Yes,No,24.0,28.6,5,0,0,0,0,0,0,0,0,131,0,0,0,0,0,0,0,0,0,0,0,0,0,0,0,0,0,0,0,0,1388,6804,6657,884,8.0,128.1,1915.0,26.4,12.8,16.1,12.0,128.1,245.8,29.2,13.4,17.1,12.6,7.81,37.81,0.52,0.48,62.17,83.22,0.73,6.91,7.81,0.00,10.53,0,0,0.0,0.0,8700,163,23.7,1.7,0,
7.7.2026,20:1:0.195,26697,19296,58.0,17166,15516,52.5,0.0,13312,0,1.297,1.294,1.294,1.312,1.312,1.288,1.312,1.269,1.294,4027.1,4017.8,4017.8,4042.7,4042.7,4042.7,4017.8,3992.8,4042.7,99.8,4013.0,4028.4,4011.6,4011.6,4011.8,4012.1,4012.2,4012.7,4013.0,4010.6,4011.0,4012.0,4012.6,4011.2,4011.5,4012.2,4012.8,4013.0,100.0,100.0,100.0,100.0,100.0,100.0,100.0,100.0,100.0,100.0,100.0,100.0,100.0,100.0,100.0,100.0,100.0,100.0,100.0,111.7,111.7,111.7,111.7,111.7,111.7,111.7,111.7,111.7,111.7,111.7,111.7,111.7,111.7,111.7,111.7,111.7,111.7,40.3,40.2,40.2,40.5,40.5,40.5,40.2,40.0,40.5,0.0,100.0,100.0,100.0,100.0,100.0,100.0,100.0,100.0,100.0,0.0,0.0,0.0,0.0,0.0,0.0,0.0,0.0,0.0,0.0,0.0,0.0,0.0,0.0,0.0,0.0,0.0,0.0,1197.8,12.00,16,16,16,39,55,661,1,79.6,80.0,78.5,76.8,76.8,76.2,78.3,76.9,76.6,76.9,75.9,76.7,67.3,67.3,67.2,58.5,54.4,1.312,1.038,1.325,21.557,11.846,21.560,90.000,50.035,6.244,6.399,6.238,6.521,5.990,6.274,6.202,6.274,6.057,28.433,12.249,40.682,50.112,1197.8,1197.8,4028.4,4028.4,4028.4,4028.4,56.9,35.9,100.0,84.2,56.6,No,No,No,4.816,0.379,8.0,48,95.0,100.0,No,No,91256,99039,31,99.0,No,No,3320,0.3,0.0,0.4,0.295,0.061,20544,15899,0.0,0.0,0.0,0.000,0.000,50,0,52.6,68.3,83.0,0.781,12.126,12.168,12.146,12.062,1131,55.578,21.319,32.720,9.309,43.557,25.355,18.178,0.336,32.720,20.465,4.661,25.892,220.000,240.000,1245.0,1750.2,1245.0,1232.3,1350.0,54.0,9.0,0.0,2.0,83.1,9.7,38.9,0.0,0.0,0.0,33,Yes,No,No,No,No,Yes,No,24.2,28.8,5,0,0,0,0,0,0,0,0,131,0,0,0,0,0,0,0,0,0,0,0,0,0,0,0,0,0,0,0,0,1388,6804,6657,884,8.0,118.8,2056.5,24.9,13.4,16.7,12.7,119.3,243.8,27.0,14.1,17.8,13.3,8.42,40.14,0.49,0.47,59.76,78.85,0.75,7.35,8.42,0.00,11.77,0,0,0.0,0.0,8700,163,131.0,21.8,0,
7.7.2026,20:1:2.190,26673,19320,57.9,17128,15553,52.4,0.0,13312,0,1.302,1.319,1.312,1.269,1.319,1.294,1.312,1.312,1.275,4024.0,4042.7,3992.8,4017.8,4042.7,4017.8,4042.7,4042.7,3992.8,99.8,4013.2,4028.7,4012.5,4012.4,4012.6,4012.2,4012.4,4012.8,4013.3,4010.0,4010.7,4012.0,4013.0,4011.2,4011.8,4012.5,4012.7,4013.2,100.0,100.0,100.0,100.0,100.0,100.0,100.0,100.0,100.0,100.0,100.0,100.0,100.0,100.0,100.0,100.0,100.0,100.0,100.0,111.7,111.7,111.7,111.7,111.7,111.7,111.7,111.7,111.7,111.7,111.7,111.7,111.7,111.7,111.7,111.7,111.7,111.7,40.3,40.5,40.0,40.2,40.5,40.2,40.5,40.5,40.0,0.0,100.0,100.0,100.0,100.0,100.0,100.0,100.0,100.0,100.0,0.0,0.0,0.0,0.0,0.0,0.0,0.0,0.0,0.0,0.0,0.0,0.0,0.0,0.0,0.0,0.0,0.0,0.0,1197.8,12.00,16,16,16,39,55,661,1,79.5,79.6,78.5,76.4,76.8,76.1,78.0,75.6,75.6,74.9,76.4,77.5,67.2,67.3,67.1,58.5,53.7,1.281,1.038,1.300,20.843,11.878,20.845,90.000,49.148,6.113,6.460,6.355,6.448,5.576,5.749,5.159,6.528,6.628,27.505,12.278,39.783,49.222,1197.8,1197.8,4028.7,4028.7,4028.7,4028.7,55.9,34.7,100.0,83.8,56.2,No,No,No,5.018,0.368,8.0,48,95.0,100.0,No,No,91256,99039,31,99.0,No,No,3320,0.1,0.0,0.2,0.197,0.155,20545,15899,0.0,0.0,0.0,0.000,0.000,50,0,52.6,68.2,83.0,0.781,12.126,12.168,12.146,12.063,1130,53.839,24.201,34.620,10.051,45.245,25.983,19.232,0.336,34.620,21.003,21.577,29.340,220.000,240.000,1245.0,1750.2,1245.0,1229.2,1350.0,59.0,10.0,0.0,2.0,83.1,8.9,35.6,0.0,0.0,0.0,33,Yes,No,No,No,No,Yes,No,25.3,28.7,5,0,0,0,0,0,0,0,0,131,0,0,0,0,0,0,0,0,0,0,0,0,0,0,0,0,0,0,0,0,1384,6808,6661,884,8.0,135.4,2000.1,47.6,42.5,44.4,41.9,136.0,245.2,51.1,47.9,48.0,47.9,7.38,21.01,0.50,0.32,22.51,23.85,0.82,6.03,7.38,0.00,9.59,0,0,0.0,0.0,8700,163,21.4,1.3,0,
7.7.2026,20:1:4.190,26673,19320,57.9,17128,15553,52.4,0.0,13312,0,1.302,1.319,1.312,1.269,1.319,1.294,1.312,1.312,1.275,4024.0,4042.7,3992.8,4017.8,4042.7,4017.8,4042.7,4042.7,3992.8,99.8,4013.2,4028.7,4012.5,4012.4,4012.6,4012.2,4012.4,4012.8,4013.3,4010.0,4010.7,4012.0,4013.0,4011.2,4011.8,4012.5,4012.7,4013.2,100.0,100.0,100.0,100.0,100.0,100.0,100.0,100.0,100.0,100.0,100.0,100.0,100.0,100.0,100.0,100.0,100.0,100.0,100.0,111.7,111.7,111.7,111.7,111.7,111.7,111.7,111.7,111.7,111.7,111.7,111.7,111.7,111.7,111.7,111.7,111.7,111.7,40.3,40.5,40.0,40.2,40.5,40.2,40.5,40.5,40.0,0.0,100.0,100.0,100.0,100.0,100.0,100.0,100.0,100.0,100.0,0.0,0.0,0.0,0.0,0.0,0.0,0.0,0.0,0.0,0.0,0.0,0.0,0.0,0.0,0.0,0.0,0.0,0.0,1197.8,12.00,16,16,16,39,55,661,1,79.5,79.6,78.5,76.4,76.8,76.1,78.0,75.6,75.6,74.9,76.4,77.5,67.2,67.3,67.1,58.5,53.7,1.281,1.038,1.300,20.843,11.878,20.845,90.000,49.148,6.113,6.460,6.355,6.448,5.576,5.749,5.159,6.528,6.628,27.505,12.278,39.783,49.222,1197.8,1197.8,4028.7,4028.7,4028.7,4028.7,55.9,34.7,100.0,83.8,56.2,No,No,No,5.018,0.368,8.0,48,95.0,100.0,No,No,91256,99039,31,99.0,No,No,3320,0.1,0.0,0.2,0.197,0.155,20545,15899,0.0,0.0,0.0,0.000,0.000,50,0,52.6,68.3,83.0,0.781,12.130,12.174,12.151,12.066,1131,54.505,22.600,34.677,10.299,45.274,25.978,19.265,0.336,34.677,21.214,3.038,31.239,220.000,240.000,1230.0,1750.2,1230.0,1230.0,1350.0,55.0,10.0,0.0,2.0,83.1,8.9,35.6,0.0,0.0,0.0,33,Yes,No,No,No,No,Yes,No,26.1,28.5,5,0,0,0,0,0,0,0,0,131,0,0,0,0,0,0,0,0,0,0,0,0,0,0,0,0,0,0,0,0,1388,6804,6657,885,8.0,135.4,2000.1,47.6,42.5,44.4,41.9,136.0,245.2,51.1,47.9,48.0,47.9,7.38,21.01,0.50,0.32,22.51,23.85,0.82,6.03,7.38,0.00,9.59,0,0,0.0,0.0,8700,163,21.4,1.3,0,
7.7.2026,20:1:6.196,26793,19200,58.2,17259,15422,52.8,0.0,13312,0,1.299,1.294,1.294,1.294,1.300,1.312,1.294,1.294,1.312,4017.8,4017.8,4017.8,4017.8,4017.8,4017.8,4017.8,4017.8,4017.8,99.8,4012.5,4026.9,4011.8,4012.1,4012.4,4011.9,4012.0,4012.4,4012.9,4009.8,4010.2,4011.1,4011.8,4010.5,4011.2,4011.6,4012.1,4012.5,100.0,100.0,100.0,100.0,100.0,100.0,100.0,100.0,100.0,100.0,100.0,100.0,100.0,100.0,100.0,100.0,100.0,100.0,100.0,111.7,111.7,111.7,111.7,111.7,111.7,111.7,111.7,111.7,111.6,111.6,111.6,111.6,111.6,111.6,111.6,111.6,111.7,40.2,40.2,40.2,40.2,40.2,40.2,40.2,40.2,40.2,0.0,100.0,100.0,100.0,100.0,100.0,100.0,100.0,100.0,100.0,0.0,0.0,0.0,0.0,0.0,0.0,0.0,0.0,0.0,0.0,0.0,0.0,0.0,0.0,0.0,0.0,0.0,0.0,1197.8,12.00,16,16,16,39,55,661,1,86.9,82.2,84.5,78.2,77.4,76.8,80.3,80.4,77.6,77.7,77.2,78.6,67.6,67.7,67.6,58.5,54.7,1.319,1.031,1.319,23.177,11.832,23.178,90.000,52.068,6.658,6.392,6.184,7.598,7.539,6.371,6.050,6.462,6.664,30.554,12.244,42.798,52.235,1197.8,1197.8,4026.9,4026.9,4026.9,4026.9,59.4,38.6,100.0,86.5,57.4,No,No,No,4.798,0.397,8.0,48,95.0,100.0,No,No,91256,99039,31,99.0,No,No,3320,0.2,0.1,0.3,0.371,0.205,20549,15900,0.0,0.0,0.0,0.000,0.000,50,0,52.5,68.1,83.0,0.781,12.128,12.171,12.149,12.065,1131,55.178,21.531,33.847,9.773,44.417,25.589,18.804,0.336,33.847,20.659,3.110,24.927,220.000,240.000,1230.0,1750.2,1230.0,1230.0,1350.0,55.0,10.0,0.0,3.0,83.0,8.7,34.9,0.0,0.0,0.0,33,Yes,No,No,No,No,Yes,No,24.8,26.1,5,0,0,0,0,0,0,0,0,131,0,0,0,0,0,0,0,0,0,0,0,0,0,0,0,0,0,0,0,0,1389,6803,6656,885,8.0,121.5,1956.6,23.7,12.7,15.6,12.1,122.0,247.2,25.8,13.4,16.6,12.6,8.23,42.11,0.51,0.50,63.97,82.91,0.68,6.86,8.23,0.00,11.37,0,0,0.0,0.0,8701,163,0.0,0.1,0,
7.7.2026,20:1:8.201,26643,19351,57.9,17122,15560,52.3,0.0,13312,0,1.298,1.325,1.294,1.319,1.288,1.294,1.294,1.281,1.288,4024.0,4042.7,4017.8,4017.8,4017.8,4017.8,4017.8,4042.7,4017.8,99.8,4013.9,4029.4,4012.8,4013.0,4012.9,4012.7,4012.9,4013.4,4014.1,4011.2,4011.6,4012.8,4013.7,4012.2,4012.8,4013.3,4013.6,4013.9,100.0,100.0,100.0,100.0,100.0,100.0,100.0,100.0,100.0,100.0,100.0,100.0,100.0,100.0,100.0,100.0,100.0,100.0,100.0,111.7,111.7,111.7,111.7,111.7,111.7,111.7,111.7,111.7,111.7,111.7,111.7,111.7,111.7,111.7,111.7,111.7,111.7,40.3,40.5,40.2,40.2,40.2,40.2,40.2,40.5,40.2,0.0,100.0,100.0,100.0,100.0,100.0,100.0,100.0,100.0,100.0,0.0,0.0,0.0,0.0,0.0,0.0,0.0,0.0,0.0,0.0,0.0,0.0,0.0,0.0,0.0,0.0,0.0,0.0,1197.8,12.00,16,16,16,39,55,661,1,83.9,79.7,83.8,76.5,77.0,76.1,78.5,77.1,76.0,75.2,76.1,76.3,67.4,67.5,67.3,58.5,54.0,1.325,1.044,1.331,20.867,11.848,20.878,90.000,49.534,6.108,6.448,6.219,6.438,6.022,5.948,5.437,6.308,6.040,27.519,12.247,39.766,49.213,1197.8,1197.8,4029.4,4029.4,4029.4,4029.4,55.9,34.8,100.0,83.9,56.3,No,No,No,4.825,0.381,8.0,48,95.0,100.0,No,No,91256,99039,31,99.0,No,No,3320,0.2,0.2,0.4,0.367,0.839,20550,15902,0.0,0.0,0.0,0.000,0.000,50,0,52.5,68.4,83.0,0.787,12.126,12.169,12.147,12.063,1132,55.112,22.034,34.295,9.906,44.542,25.466,19.053,0.336,34.295,20.470,3.095,28.877,220.000,240.000,1260.0,1750.2,1260.0,1222.5,1365.0,58.0,10.0,0.0,2.0,83.0,9.1,36.6,0.0,0.0,0.0,33,Yes,No,No,No,No,Yes,No,24.9,28.7,5,0,0,0,0,0,0,0,0,131,0,0,0,0,0,0,0,0,0,0,0,0,0,0,0,0,0,0,0,0,1389,6803,6656,863,8.0,124.6,2061.3,23.4,17.8,19.5,17.4,124.6,248.6,25.3,19.0,20.9,18.5,8.02,42.74,0.49,0.46,51.16,57.60,0.79,6.21,8.02,0.00,10.95,0,0,0.0,0.0,8701,163,7.8,6.5,0,
7.7.2026,20:1:10.196,26241,19752,57.0,16738,15943,51.2,0.0,13312,0,1.295,1.294,1.319,1.294,1.288,1.294,1.294,1.294,1.281,4017.8,4017.8,4017.8,4017.8,4017.8,4017.8,4017.8,4017.8,4017.8,99.8,4011.9,4027.2,4010.9,4011.2,4011.6,4011.1,4011.1,4011.7,4012.5,4009.4,4010.0,4010.6,4011.2,4009.7,4010.5,4010.7,4010.9,4011.9,100.0,100.0,100.0,100.0,100.0,100.0,100.0,100.0,100.0,100.0,100.0,100.0,100.0,100.0,100.0,100.0,100.0,100.0,100.0,111.7,111.7,111.7,111.7,111.7,111.7,111.7,111.7,111.7,111.7,111.7,111.7,111.7,111.7,111.7,111.7,111.7,111.7,40.2,40.2,40.2,40.2,40.2,40.2,40.2,40.2,40.2,0.0,100.0,100.0,100.0,100.0,100.0,100.0,100.0,100.0,100.0,0.0,0.0,0.0,0.0,0.0,0.0,0.0,0.0,0.0,0.0,0.0,0.0,0.0,0.0,0.0,0.0,0.0,0.0,1197.8,12.00,16,16,16,39,55,661,1,83.1,81.3,81.8,78.1,77.4,77.1,79.0,78.7,78.2,78.9,76.8,78.5,67.6,67.7,67.6,58.5,54.0,1.312,1.038,1.331,23.102,11.824,23.093,90.000,51.942,6.716,6.514,6.398,6.865,6.791,6.812,6.825,6.593,6.932,30.470,12.233,42.703,52.110,1197.8,1197.8,4027.2,4027.2,4027.2,4027.2,59.2,38.5,100.0,85.6,57.2,No,No,No,4.536,0.433,8.0,48,95.0,100.0,No,No,91256,99039,31,99.0,No,No,3320,0.7,0.0,0.7,0.428,0.065,20550,15902,0.0,0.0,0.0,0.000,0.000,50,0,52.4,68.1,83.0,0.781,12.128,12.171,12.149,12.065,1132,53.847,23.265,34.935,10.333,45.414,25.976,19.408,0.336,34.935,21.133,8.887,31.296,220.000,240.000,1230.0,1750.2,1230.0,1188.1,1350.0,59.0,10.0,0.0,2.0,83.0,9.7,38.9,0.0,0.0,0.0,33,Yes,No,No,No,No,Yes,No,25.5,28.6,5,0,0,0,0,0,0,0,0,131,0,0,0,0,0,0,0,0,0,0,0,0,0,0,0,0,0,0,0,0,1391,6801,6654,865,8.0,122.9,2050.3,20.7,20.0,20.0,20.0,123.0,243.1,22.6,21.8,21.8,21.8,8.14,48.20,0.49,0.47,49.89,50.06,0.69,6.73,8.14,0.00,11.25,0,0,0.0,0.0,8701,163,4.4,3.0,0,
7.7.2026,20:1:12.264,26241,19752,57.0,16738,15943,51.2,0.0,13312,0,1.295,1.294,1.319,1.294,1.288,1.294,1.294,1.294,1.281,4017.8,4017.8,4017.8,4017.8,4017.8,4017.8,4017.8,4017.8,4017.8,99.8,4011.9,4027.2,4010.9,4011.2,4011.6,4011.1,4011.1,4011.7,4012.5,4009.4,4010.0,4010.6,4011.2,4009.7,4010.5,4010.7,4010.9,4011.9,100.0,100.0,100.0,100.0,100.0,100.0,100.0,100.0,100.0,100.0,100.0,100.0,100.0,100.0,100.0,100.0,100.0,100.0,100.0,111.7,111.7,111.7,111.7,111.7,111.7,111.7,111.7,111.7,111.7,111.7,111.7,111.7,111.7,111.7,111.7,111.7,111.7,40.2,40.2,40.2,40.2,40.2,40.2,40.2,40.2,40.2,0.0,100.0,100.0,100.0,100.0,100.0,100.0,100.0,100.0,100.0,0.0,0.0,0.0,0.0,0.0,0.0,0.0,0.0,0.0,0.0,0.0,0.0,0.0,0.0,0.0,0.0,0.0,0.0,1197.8,12.00,16,16,16,39,55,661,1,83.1,81.3,81.8,78.1,77.4,77.1,79.0,78.7,78.2,78.9,76.8,78.5,67.6,67.7,67.6,58.5,54.0,1.312,1.038,1.331,23.102,11.824,23.093,90.000,51.942,6.716,6.514,6.398,6.865,6.791,6.812,6.825,6.593,6.932,30.470,12.233,42.703,52.110,1197.8,1197.8,4027.2,4027.2,4027.2,4027.2,59.2,38.5,100.0,85.6,57.2,No,No,No,4.536,0.433,8.0,48,95.0,100.0,No,No,91256,99039,31,99.0,No,No,3320,0.7,0.0,0.7,0.428,0.065,20550,15902,0.0,0.0,0.0,0.000,0.000,50,0,52.2,67.6,83.0,0.781,12.126,12.168,12.148,12.064,1131,49.370,21.050,33.260,9.868,44.448,25.937,18.478,0.336,33.260,21.377,3.058,20.481,220.000,240.000,1230.0,1750.2,1230.0,1224.9,1350.0,56.0,10.0,0.0,2.0,83.0,7.9,31.7,0.0,0.0,0.0,33,Yes,No,No,No,No,Yes,No,24.8,28.6,5,0,0,0,0,0,0,0,0,131,0,0,0,0,0,0,0,0,0,0,0,0,0,0,0,0,0,0,0,0,1393,6799,6652,865,8.0,122.9,2050.3,20.7,20.0,20.0,20.0,123.0,243.1,22.6,21.8,21.8,21.8,8.14,48.20,0.49,0.47,49.89,50.06,0.69,6.73,8.14,0.00,11.25,0,0,0.0,0.0,8701,163,4.4,3.0,0,
7.7.2026,20:1:14.194,26207,19787,56.9,16680,16001,51.0,0.0,13312,0,1.300,1.294,1.288,1.294,1.325,1.294,1.319,1.294,1.294,4020.9,4017.8,4017.8,4017.8,4017.8,4017.8,4042.7,4017.8,4017.8,99.8,4013.4,4026.0,4010.8,4011.1,4011.2,4011.0,4011.4,4011.8,4011.3,4008.6,4008.7,4009.4,4047.4,4007.9,4008.4,4009.2,4009.9,4013.4,100.0,100.0,100.0,100.0,100.0,100.0,100.0,100.0,100.0,100.0,100.0,100.0,100.0,100.0,100.0,100.0,100.0,100.0,100.0,111.7,111.7,111.7,111.7,111.7,111.7,111.7,111.7,111.7,111.7,111.7,111.7,111.7,111.7,111.7,111.7,111.7,111.7,40.3,40.2,40.2,40.2,40.2,40.2,40.5,40.2,40.2,0.0,100.0,100.0,100.0,100.0,100.0,100.0,100.0,100.0,100.0,0.0,0.0,0.0,0.0,0.0,0.0,0.0,0.0,0.0,0.0,0.0,0.0,0.0,0.0,0.0,0.0,0.0,0.0,1197.8,12.00,16,16,16,39,55,661,1,82.1,81.7,83.2,78.5,77.8,77.9,79.9,79.5,77.5,77.9,78.0,79.8,68.1,68.2,68.0,58.2,54.1,1.300,1.038,1.331,23.485,11.827,23.489,90.000,52.590,6.613,6.635,6.626,6.962,7.063,6.152,5.806,6.668,6.994,30.967,12.240,43.208,52.667,1197.8,1197.8,4026.0,4026.0,4026.0,4026.0,59.8,39.1,100.0,86.0,57.4,No,No,No,4.785,0.367,8.0,48,95.0,100.0,No,No,91256,99039,31,99.0,No,No,3320,6.1,2.4,8.5,1.469,21.706,20560,15930,0.0,0.0,0.0,0.000,0.000,50,0,52.4,68.2,83.0,0.787,12.124,12.165,12.146,12.062,1128,55.103,24.589,35.756,10.681,45.959,26.066,19.864,0.336,35.756,21.196,24.965,25.313,220.000,240.000,1260.0,1750.2,1260.0,1231.6,1365.0,57.0,10.0,0.0,2.0,83.0,9.8,39.2,0.0,0.0,0.0,33,Yes,No,No,No,No,Yes,No,25.6,29.3,5,0,0,0,0,0,0,0,0,131,0,0,0,0,0,0,0,0,0,0,0,0,0,0,0,0,0,0,0,0,1393,6799,6652,865,8.0,120.0,2044.5,15.5,14.3,14.4,14.3,119.9,244.5,16.2,15.0,15.0,15.0,8.34,64.52,0.49,0.49,69.68,69.89,0.76,6.30,8.34,0.00,11.53,0,0,0.0,0.0,8701,163,9.2,21.2,0,
7.7.2026,20:1:16.211,26226,19768,57.0,16801,15880,51.4,0.0,13312,0,1.302,1.294,1.319,1.300,1.312,1.294,1.294,1.319,1.281,4024.0,4042.7,4042.7,3992.8,4017.8,4017.8,4017.8,4042.7,4017.8,99.8,4010.7,4025.8,4009.4,4009.7,4009.7,4009.3,4009.5,4010.8,4011.2,4007.9,4008.5,4009.1,4010.2,4009.3,4009.6,4010.1,4011.0,4010.7,100.0,100.0,100.0,100.0,100.0,100.0,100.0,100.0,100.0,100.0,100.0,100.0,100.0,100.0,100.0,100.0,100.0,100.0,100.0,111.6,111.6,111.6,111.6,111.6,111.6,111.6,111.6,111.6,111.6,111.6,111.6,111.6,111.6,111.6,111.6,111.6,111.6,40.3,40.5,40.5,40.0,40.2,40.2,40.2,40.5,40.2,0.0,100.0,100.0,100.0,100.0,100.0,100.0,100.0,100.0,100.0,0.0,0.0,0.0,0.0,0.0,0.0,0.0,0.0,0.0,0.0,0.0,0.0,0.0,0.0,0.0,0.0,0.0,0.0,1197.8,12.00,16,16,16,39,55,661,1,81.1,80.8,78.8,77.9,77.3,77.1,78.4,77.6,77.6,77.5,78.2,79.3,67.9,67.9,67.9,58.5,54.3,1.294,1.038,1.300,22.547,11.842,22.545,90.000,51.324,6.431,6.554,6.444,6.378,6.143,6.273,5.946,6.829,6.879,29.731,12.253,41.983,51.415,1197.8,1197.8,4025.8,4025.8,4025.8,4025.8,58.4,37.6,100.0,85.1,56.9,No,No,No,4.701,0.376,8.0,48,95.0,100.0,No,No,91256,99039,31,99.0,No,No,3320,5.5,0.3,5.8,7.164,0.945,20580,15933,0.0,0.0,0.0,0.000,0.000,50,0,52.6,68.3,83.0,0.806,12.126,12.168,12.147,12.062,1131,54.940,25.334,37.246,10.902,46.401,25.680,20.693,0.336,37.246,20.373,22.320,32.138,220.000,240.000,1215.0,1750.2,1215.0,1232.2,1320.0,55.0,10.0,0.0,2.0,83.0,9.5,38.2,0.0,0.0,0.0,33,Yes,No,No,No,No,Yes,No,26.2,27.3,5,0,0,0,0,0,0,0,0,131,0,0,0,0,0,0,0,0,0,0,0,0,0,0,0,0,0,0,0,0,1393,6799,6652,865,8.0,92.2,1842.0,15.8,15.2,15.1,15.1,92.6,242.3,16.9,16.1,16.0,16.0,10.85,63.24,0.54,0.52,66.28,66.28,0.77,9.94,10.85,0.00,16.36,0,0,0.0,0.0,8701,163,6.6,4.0,0,
7.7.2026,20:1:18.192,26286,19707,57.1,16854,15827,51.5,0.0,13312,0,1.295,1.294,1.275,1.275,1.294,1.294,1.319,1.319,1.294,4020.9,4017.8,4017.8,3992.8,4017.8,4017.8,4042.7,4042.7,4017.8,99.8,4012.5,4027.4,4011.1,4010.9,4011.7,4010.8,4011.2,4011.9,4012.8,4010.0,4010.3,4011.5,4012.3,4011.4,4011.7,4012.4,4012.6,4012.5,100.0,100.0,100.0,100.0,100.0,100.0,100.0,100.0,100.0,100.0,100.0,100.0,100.0,100.0,100.0,100.0,100.0,100.0,100.0,111.7,111.7,111.7,111.7,111.7,111.7,111.7,111.7,111.7,111.7,111.7,111.7,111.7,111.7,111.7,111.7,111.7,111.7,40.3,40.2,40.2,40.0,40.2,40.2,40.5,40.5,40.2,0.0,100.0,100.0,100.0,100.0,100.0,100.0,100.0,100.0,100.0,0.0,0.0,0.0,0.0,0.0,0.0,0.0,0.0,0.0,0.0,0.0,0.0,0.0,0.0,0.0,0.0,0.0,0.0,1197.8,12.00,16,16,16,39,55,661,1,80.6,79.5,80.8,76.6,76.4,75.5,77.3,75.6,76.9,77.0,76.5,77.4,67.5,67.5,67.4,58.2,53.8,1.325,1.031,1.331,20.980,11.876,20.982,90.000,49.285,6.157,6.241,6.004,6.237,5.385,6.321,6.141,6.488,6.443,27.671,12.278,39.949,49.385,1197.8,1197.8,4027.4,4027.4,4027.4,4027.4,56.1,35.0,100.0,83.7,55.9,No,No,No,4.827,0.358,8.0,49,95.0,100.0,No,No,91256,99039,31,99.0,No,No,3320,0.9,0.2,1.2,1.077,0.595,20581,15933,0.0,0.0,0.0,0.000,0.000,50,0,52.3,67.8,83.0,0.781,12.127,12.169,12.148,12.064,1130,54.192,21.858,34.086,9.808,44.536,25.575,18.935,0.336,34.086,20.575,3.011,27.634,220.000,240.000,1230.0,1750.2,1230.0,1224.0,1350.0,55.0,10.0,0.0,2.0,83.0,9.3,37.2,0.0,0.0,0.0,33,Yes,No,No,No,No,Yes,No,25.4,28.4,5,0,0,0,0,0,0,0,0,131,0,0,0,0,0,0,0,0,0,0,0,0,0,0,0,0,0,0,0,0,1393,6799,6652,865,8.0,114.8,1878.5,18.6,15.6,15.3,15.3,115.3,257.4,20.0,16.3,16.0,16.0,8.71,53.81,0.53,0.53,65.39,65.39,0.77,7.37,8.71,0.00,11.98,0,0,0.0,0.0,8701,163,1.8,1.7,0,
7.7.2026,20:1:20.205,26341,19653,57.2,16902,15779,51.7,0.0,13312,0,1.290,1.288,1.269,1.319,1.275,1.294,1.294,1.294,1.288,4011.5,4017.8,3992.8,4017.8,3992.8,4017.8,4017.8,4017.8,4017.8,99.8,4014.0,4029.4,4013.2,4013.3,4013.4,4013.2,4013.3,4014.1,4014.5,4011.5,4012.0,4012.6,4012.9,4011.8,4012.3,4013.1,4013.5,4014.0,100.0,100.0,100.0,100.0,100.0,100.0,100.0,100.0,100.0,100.0,100.0,100.0,100.0,100.0,100.0,100.0,100.0,100.0,100.0,111.7,111.7,111.7,111.7,111.7,111.7,111.7,111.7,111.7,111.7,111.7,111.7,111.7,111.7,111.7,111.7,111.7,111.7,40.2,40.2,40.0,40.2,40.0,40.2,40.2,40.2,40.2,0.0,100.0,100.0,100.0,100.0,100.0,100.0,100.0,100.0,100.0,0.0,0.0,0.0,0.0,0.0,0.0,0.0,0.0,0.0,0.0,0.0,0.0,0.0,0.0,0.0,0.0,0.0,0.0,1197.8,12.00,16,16,16,39,55,661,1,80.0,79.1,80.8,76.2,76.6,76.1,77.0,76.3,76.0,75.7,75.5,76.3,67.2,67.3,67.1,58.8,54.4,1.319,1.025,1.319,20.622,11.870,20.623,90.000,48.807,6.085,6.615,6.486,6.093,5.788,5.996,5.686,6.025,5.993,27.207,12.266,39.473,48.900,1197.8,1197.8,4029.4,4029.4,4029.4,4029.4,55.6,34.4,100.0,83.2,56.0,No,No,No,4.843,0.351,8.0,49,95.0,100.0,No,No,91256,99039,31,99.0,No,No,3320,2.2,0.3,2.5,0.346,0.722,20582,15935,0.0,0.0,0.0,0.000,0.000,50,0,52.0,67.5,83.0,0.769,12.128,12.171,12.148,12.065,1131,52.880,21.473,31.069,8.824,42.955,25.674,17.261,0.336,31.069,21.034,15.793,20.719,220.000,240.000,1200.0,1750.2,1200.0,1233.9,1305.0,54.0,9.0,0.0,2.0,83.0,9.4,37.8,0.0,0.0,0.0,33,Yes,No,No,No,No,Yes,No,24.5,29.4,5,0,0,0,0,0,0,0,0,131,0,0,0,0,0,0,0,0,0,0,0,0,0,0,0,0,0,0,0,0,1393,6799,6652,865,8.0,77.2,120.9,63.6,62.9,62.8,62.8,76.8,120.1,59.6,59.5,59.5,59.5,12.96,15.71,8.33,6.56,15.94,15.94,7.01,5.97,12.29,0.67,2.45,0,0,0.0,0.0,8701,163,5.8,3.1,0,
7.7.2026,20:1:22.200,26396,19598,57.3,16941,15740,51.8,0.0,13312,0,1.298,1.294,1.294,1.294,1.312,1.288,1.319,1.294,1.288,4027.1,4017.8,4017.8,4017.8,4067.7,4042.7,4017.8,4017.8,4017.8,99.8,4016.3,4031.7,4015.0,4015.2,4015.5,4014.8,4015.0,4015.8,4016.4,4014.1,4014.7,4015.4,4016.2,4014.9,4014.6,4016.1,4015.8,4016.3,100.0,100.0,100.0,100.0,100.0,100.0,100.0,100.0,100.0,100.0,100.0,100.0,100.0,100.0,100.0,100.0,100.0,100.0,100.0,111.8,111.8,111.8,111.8,111.8,111.8,111.8,111.8,111.8,111.8,111.8,111.8,111.8,111.8,111.8,111.8,111.8,111.8,40.3,40.2,40.2,40.2,40.8,40.5,40.2,40.2,40.2,0.0,100.0,100.0,100.0,100.0,100.0,100.0,100.0,100.0,100.0,0.0,0.0,0.0,0.0,0.0,0.0,0.0,0.0,0.0,0.0,0.0,0.0,0.0,0.0,0.0,0.0,0.0,0.0,1197.8,12.00,16,16,16,39,55,661,1,79.6,78.8,85.2,75.7,76.0,75.2,77.4,76.6,75.6,75.0,75.1,74.9,67.0,67.1,66.9,56.8,53.8,1.319,1.031,1.319,20.273,11.902,20.282,90.000,48.500,5.943,6.253,5.948,6.377,6.097,6.064,5.549,5.895,5.364,26.768,12.297,39.064,48.501,1197.8,1197.8,4031.7,4031.7,4031.7,4031.7,55.1,33.8,100.0,82.9,55.9,No,No,No,4.801,0.370,8.0,49,95.0,100.0,No,No,91256,99039,31,99.0,No,No,3320,0.2,1.9,2.2,0.603,0.932,20583,15937,0.0,0.0,0.0,0.000,0.000,50,0,52.2,67.8,83.0,0.781,12.128,12.171,12.149,12.065,1131,53.603,21.479,33.494,9.774,44.161,25.529,18.608,0.336,33.494,20.756,3.021,25.619,220.000,240.000,1230.0,1750.2,1230.0,1211.2,1350.0,53.0,9.0,0.0,2.0,83.0,8.7,34.6,0.0,0.0,0.0,33,Yes,No,No,No,No,Yes,No,24.4,28.2,5,0,0,0,0,0,0,0,0,131,0,0,0,0,0,0,0,0,0,0,0,0,0,0,0,0,0,0,0,0,1393,6799,6652,865,8.0,130.8,2109.9,29.8,22.9,25.4,22.2,130.8,243.9,34.2,24.9,28.2,24.0,7.64,33.56,0.47,0.46,39.38,45.04,0.71,6.82,7.64,0.00,10.22,0,0,0.0,0.0,8703,163,910.1,17.7,0,
7.7.2026,20:1:24.202,26450,19544,57.5,17010,15672,52.0,0.0,13312,0,1.298,1.300,1.294,1.294,1.294,1.294,1.294,1.300,1.312,4024.0,4017.8,4042.7,4017.8,4017.8,4017.8,4017.8,4017.8,4042.7,99.8,4011.3,4026.8,4010.5,4010.8,4011.0,4010.6,4010.8,4010.7,4011.2,4009.3,4009.7,4010.1,4010.9,4008.7,4009.0,4009.9,4010.2,4011.3,100.0,100.0,100.0,100.0,100.0,100.0,100.0,100.0,100.0,100.0,100.0,100.0,100.0,100.0,100.0,100.0,100.0,100.0,100.0,111.6,111.7,111.7,111.7,111.7,111.7,111.7,111.7,111.7,111.6,111.6,111.6,111.6,111.6,111.6,111.7,111.6,111.6,40.3,40.2,40.5,40.2,40.2,40.2,40.2,40.2,40.5,0.0,100.0,100.0,100.0,100.0,100.0,100.0,100.0,100.0,100.0,0.0,0.0,0.0,0.0,0.0,0.0,0.0,0.0,0.0,0.0,0.0,0.0,0.0,0.0,0.0,0.0,0.0,0.0,1197.8,12.00,16,16,16,39,55,661,1,80.1,81.3,86.5,77.5,76.8,76.1,79.4,77.1,77.2,77.2,77.2,79.0,67.4,67.4,67.3,56.5,54.3,1.306,1.031,1.325,22.371,11.882,22.365,90.000,51.032,6.521,6.344,6.238,6.885,6.099,6.432,6.086,6.788,7.293,29.510,12.292,41.801,51.227,1197.8,1197.8,4026.8,4026.8,4026.8,4026.8,58.2,37.3,100.0,85.6,57.0,No,No,No,4.881,0.352,8.0,49,95.0,100.0,No,No,91256,99039,31,99.0,No,No,3320,9.9,16.1,25.9,0.819,5.119,20585,15946,0.0,0.0,0.0,0.000,0.000,50,0,52.2,67.8,83.0,0.781,12.126,12.168,12.147,12.064,1130,51.485,20.896,33.083,9.454,43.850,25.442,18.380,0.336,33.083,20.539,3.116,21.672,220.000,240.000,1245.0,1750.2,1245.0,1215.7,1350.0,49.0,9.0,0.0,2.0,83.0,8.4,33.6,0.0,0.0,0.0,33,Yes,No,No,No,No,Yes,No,24.4,25.8,5,0,0,0,0,0,0,0,0,131,0,0,0,0,0,0,0,0,0,0,0,0,0,0,0,0,0,0,0,0,1393,6799,6652,865,8.0,239.2,1029.0,150.1,138.8,142.2,138.0,65.4,240.8,20.0,20.0,20.0,20.0,4.18,7.18,0.89,0.84,7.77,8.20,0.63,0.09,3.88,0.30,2.47,0,0,0.0,0.0,8711,164,4654.9,78.4,0,
7.7.2026,20:1:26.197,26400,19593,57.3,16955,15727,51.8,0.0,13312,0,1.299,1.294,1.300,1.275,1.319,1.294,1.300,1.294,1.319,4017.8,4017.8,4017.8,3992.8,4017.8,4017.8,4017.8,4017.8,4042.7,99.8,4012.2,4026.8,4011.5,4011.6,4011.7,4011.0,4011.2,4012.0,4012.7,4009.5,4010.4,4011.4,4012.1,4009.7,4011.1,4011.5,4011.7,4012.2,100.0,100.0,100.0,100.0,100.0,100.0,100.0,100.0,100.0,100.0,100.0,100.0,100.0,100.0,100.0,100.0,100.0,100.0,100.0,111.7,111.7,111.7,111.7,111.7,111.7,111.7,111.7,111.7,111.7,111.7,111.7,111.7,111.7,111.7,111.7,111.7,111.7,40.2,40.2,40.2,40.0,40.2,40.2,40.2,40.2,40.5,0.0,100.0,100.0,100.0,100.0,100.0,100.0,100.0,100.0,100.0,0.0,0.0,0.0,0.0,0.0,0.0,0.0,0.0,0.0,0.0,0.0,0.0,0.0,0.0,0.0,0.0,0.0,0.0,1197.8,12.00,16,16,16,39,55,661,1,79.8,80.0,81.2,76.6,76.1,75.1,77.5,75.1,76.6,76.8,77.1,78.7,67.3,67.3,67.3,58.0,53.6,1.331,1.031,1.331,21.248,11.898,21.255,90.000,49.691,6.200,6.165,5.865,6.336,5.408,6.203,5.966,6.691,6.965,28.034,12.302,40.336,49.775,1197.8,1197.8,4026.8,4026.8,4026.8,4026.8,56.6,35.4,100.0,84.2,56.5,No,No,No,4.804,0.373,8.0,49,95.0,100.0,No,No,91256,99039,31,99.0,No,No,3320,2.5,0.2,2.7,5.788,0.736,20597,15948,0.0,0.0,0.0,0.000,0.000,50,0,52.0,67.5,83.0,0.781,12.126,12.167,12.146,12.063,1130,53.147,21.153,33.293,9.746,44.407,25.887,18.494,0.336,33.293,21.185,2.861,22.028,220.000,240.000,1245.0,1750.2,1245.0,1210.5,1350.0,57.0,10.0,0.0,2.0,83.0,9.1,36.5,0.0,0.0,0.0,33,Yes,No,No,No,No,Yes,No,24.1,27.6,5,0,0,0,0,0,0,0,0,131,0,0,0,0,0,0,0,0,0,0,0,0,0,0,0,0,0,0,0,0,1393,6799,6652,865,8.0,226.8,0.0,62.8,23.1,34.2,20.0,60.2,153.7,17.3,16.1,16.0,16.0,4.42,17.70,0.09,0.06,29.35,48.02,0.32,0.08,4.13,0.29,2.12,0,0,0.0,0.0,8711,164,0.4,0.3,0,
7.7.2026,20:1:28.193,26318,19675,57.2,16885,15797,51.6,0.0,13312,0,1.295,1.288,1.294,1.319,1.294,1.262,1.294,1.319,1.294,4014.6,4017.8,4017.8,4017.8,4017.8,3992.8,4017.8,4017.8,4017.8,99.8,4012.2,4027.2,4011.0,4011.3,4011.1,4011.1,4011.7,4012.2,4012.5,4009.9,4009.9,4010.7,4011.6,4011.3,4010.5,4011.3,4011.9,4012.2,100.0,100.0,100.0,100.0,100.0,100.0,100.0,100.0,100.0,100.0,100.0,100.0,100.0,100.0,100.0,100.0,100.0,100.0,100.0,111.7,111.7,111.7,111.7,111.7,111.7,111.7,111.7,111.7,111.7,111.7,111.7,111.7,111.7,111.7,111.7,111.7,111.7,40.2,40.2,40.2,40.2,40.2,40.0,40.2,40.2,40.2,0.0,100.0,100.0,100.0,100.0,100.0,100.0,100.0,100.0,100.0,0.0,0.0,0.0,0.0,0.0,0.0,0.0,0.0,0.0,0.0,0.0,0.0,0.0,0.0,0.0,0.0,0.0,0.0,1197.8,12.00,16,16,16,39,55,661,1,80.6,81.1,84.2,77.9,77.2,76.9,78.8,78.3,77.5,78.4,77.0,79.0,67.6,67.6,67.5,58.8,54.1,1.319,1.031,1.325,23.053,11.852,23.038,90.000,51.885,6.674,6.454,6.431,6.873,6.655,6.633,6.778,6.600,6.968,30.412,12.266,42.678,52.093,1197.8,1197.8,4027.2,4027.2,4027.2,4027.2,59.2,38.4,100.0,85.3,57.6,No,No,No,4.695,0.392,8.0,49,95.0,100.0,No,No,91256,99039,31,99.0,No,No,3320,0.2,0.1,0.4,0.253,0.282,20597,15948,0.0,0.0,0.0,0.000,0.000,50,0,52.2,67.8,83.0,0.781,12.120,12.160,12.142,12.059,1130,53.482,21.433,34.045,9.886,44.720,25.782,18.914,0.336,34.045,20.893,3.172,22.538,220.000,240.000,1230.0,1750.2,1230.0,1191.0,1350.0,57.0,10.0,0.0,2.0,83.0,8.8,35.2,0.0,0.0,0.0,33,Yes,No,No,No,No,Yes,No,23.9,28.7,5,0,0,0,0,0,0,0,0,131,0,0,0,0,0,0,0,0,0,0,0,0,0,0,0,0,0,0,0,0,1393,6799,6652,865,8.0,237.6,813.8,134.6,89.4,105.7,84.7,67.7,148.9,28.6,26.8,26.6,26.6,4.21,7.50,0.76,0.44,9.52,11.83,1.51,0.14,3.68,0.52,2.54,0,0,0.0,0.0,8711,164,0.5,0.3,0,
7.7.2026,20:1:30.210,26347,19647,57.2,16909,15772,51.7,0.0,13312,0,1.295,1.275,1.294,1.300,1.294,1.312,1.294,1.294,1.294,4024.0,4017.8,4042.7,4017.8,4017.8,4042.7,4017.8,4017.8,4017.8,99.8,4011.6,4026.8,4011.6,4011.9,4011.6,4011.5,4011.7,4012.6,4013.0,4010.6,4011.0,4011.8,4012.6,4011.6,3993.5,4011.9,4012.4,4011.6,100.0,100.0,100.0,100.0,100.0,100.0,100.0,100.0,100.0,100.0,100.0,100.0,100.0,100.0,100.0,100.0,100.0,100.0,100.0,111.7,111.7,111.7,111.7,111.7,111.7,111.7,111.7,111.7,111.7,111.7,111.7,111.7,111.7,111.7,111.7,111.7,111.7,40.3,40.2,40.5,40.2,40.2,40.5,40.2,40.2,40.2,0.0,100.0,100.0,100.0,100.0,100.0,100.0,100.0,100.0,100.0,0.0,0.0,0.0,0.0,0.0,0.0,0.0,0.0,0.0,0.0,0.0,0.0,0.0,0.0,0.0,0.0,0.0,0.0,1197.8,12.00,16,16,16,39,55,661,1,81.0,81.9,81.2,78.6,77.3,77.1,80.2,79.7,78.4,79.4,77.3,79.5,68.0,68.0,67.9,59.0,54.0,1.319,1.038,1.331,23.891,11.855,23.892,90.000,53.122,6.750,6.369,6.093,7.287,7.145,6.796,6.870,6.564,6.877,31.501,12.271,43.772,53.226,1197.8,1197.8,4026.8,4026.8,4026.8,4026.8,60.5,39.8,100.0,86.2,57.7,No,No,No,4.741,0.407,8.0,48,95.0,100.0,No,No,91256,99039,31,99.0,No,No,3320,0.7,0.1,0.8,5.049,2.312,20607,15953,0.0,0.0,0.0,0.000,0.000,50,0,52.2,67.9,83.0,0.781,12.124,12.166,12.146,12.061,1130,54.321,22.232,34.338,10.000,44.696,25.594,19.076,0.336,34.338,20.672,3.415,29.855,220.000,240.000,1245.0,1750.2,1245.0,1200.1,1350.0,56.0,10.0,0.0,2.0,83.0,8.9,35.8,0.0,0.0,0.0,33,Yes,No,No,No,No,Yes,No,25.4,30.6,5,0,0,0,0,0,0,0,0,131,0,0,0,0,0,0,0,0,0,0,0,0,0,0,0,0,0,0,0,0,1393,6799,6652,865,8.0,239.7,613.8,160.5,150.2,155.1,148.2,64.5,197.3,19.3,18.5,18.4,18.4,4.17,6.62,0.96,0.87,6.84,6.96,1.62,0.33,3.66,0.51,2.51,0,0,0.0,0.0,8711,164,3.9,3.2,0,
7.7.2026,20:1:32.214,26326,19667,57.2,16903,15778,51.7,0.0,13312,0,1.296,1.281,1.300,1.306,1.319,1.269,1.294,1.300,1.300,4008.4,3992.8,4017.8,4017.8,3992.8,3992.8,4017.8,4017.8,4017.8,99.8,4012.9,4026.8,4011.0,4011.2,4011.4,4011.4,4011.5,4012.1,4012.5,4009.5,4009.7,4010.8,4011.4,4010.0,4025.0,4011.2,4011.5,4012.9,100.0,100.0,100.0,100.0,100.0,100.0,100.0,100.0,100.0,100.0,100.0,100.0,100.0,100.0,100.0,100.0,100.0,100.0,100.0,111.7,111.7,111.7,111.7,111.7,111.7,111.7,111.7,111.7,111.7,111.7,111.7,111.7,111.7,111.7,111.7,111.7,111.7,40.2,40.0,40.2,40.2,40.0,40.0,40.2,40.2,40.2,0.0,100.0,100.0,100.0,100.0,100.0,100.0,100.0,100.0,100.0,0.0,0.0,0.0,0.0,0.0,0.0,0.0,0.0,0.0,0.0,0.0,0.0,0.0,0.0,0.0,0.0,0.0,0.0,1197.8,12.00,16,16,16,39,55,661,1,80.9,81.7,80.0,78.7,78.2,77.6,80.5,79.5,78.1,78.9,77.5,78.9,68.1,68.2,68.0,58.5,54.0,1.319,1.031,1.325,23.584,11.860,23.594,90.000,52.774,6.712,6.572,6.292,7.130,6.960,6.446,6.478,6.739,7.078,31.098,12.274,43.372,52.838,1197.8,1197.8,4026.8,4026.8,4026.8,4026.8,60.0,39.3,100.0,86.1,57.2,No,No,No,4.774,0.417,8.0,49,95.0,100.0,No,No,91256,99039,31,99.0,No,No,3320,1.3,0.4,1.7,11.856,6.967,20632,15968,0.0,0.0,0.0,0.000,0.000,50,0,52.0,67.6,83.0,0.775,12.132,12.176,12.152,12.068,1132,54.353,21.806,33.960,9.789,44.672,25.777,18.867,0.336,33.960,20.820,2.951,26.925,220.000,240.000,1215.0,1750.2,1215.0,1212.7,1320.0,58.0,10.0,0.0,2.0,83.0,9.0,36.2,0.0,0.0,0.0,33,Yes,No,No,No,No,Yes,No,24.9,29.7,5,0,0,0,0,0,0,0,0,131,0,0,0,0,0,0,0,0,0,0,0,0,0,0,0,0,0,0,0,0,1393,6799,6652,865,8.0,214.7,1735.2,58.8,53.0,55.6,52.2,59.4,155.9,19.3,18.5,18.4,18.4,4.66,17.56,0.45,0.11,18.78,21.00,0.80,0.20,4.34,0.32,2.85,0,0,0.0,0.0,8711,164,2.9,1.7,0,
7.7.2026,20:1:34.214,26366,19628,57.3,16960,15721,51.8,0.0,13312,0,1.296,1.319,1.294,1.288,1.312,1.288,1.288,1.288,1.294,4027.1,4042.7,4017.8,4042.7,4042.7,4017.8,4017.8,4017.8,4017.8,99.8,4011.8,4026.8,4010.1,4010.4,4010.6,4010.7,4011.0,4011.8,4012.1,4009.7,4009.8,4010.3,4011.4,4010.3,4010.4,4011.3,4011.9,4011.8,100.0,100.0,100.0,100.0,100.0,100.0,100.0,100.0,100.0,100.0,100.0,100.0,100.0,100.0,100.0,100.0,100.0,100.0,100.0,111.7,111.7,111.7,111.7,111.7,111.7,111.7,111.7,111.7,111.6,111.6,111.6,111.6,111.6,111.6,111.6,111.6,111.7,40.3,40.5,40.2,40.5,40.5,40.2,40.2,40.2,40.2,0.0,100.0,100.0,100.0,100.0,100.0,100.0,100.0,100.0,100.0,0.0,0.0,0.0,0.0,0.0,0.0,0.0,0.0,0.0,0.0,0.0,0.0,0.0,0.0,0.0,0.0,0.0,0.0,1197.8,12.00,16,16,16,39,55,661,1,80.5,79.9,82.0,76.7,76.6,76.3,77.6,76.6,75.6,75.0,77.3,78.5,67.4,67.5,67.3,58.2,54.1,1.312,1.031,1.325,21.033,11.931,21.033,90.000,49.418,6.096,6.363,6.325,6.318,5.689,5.702,5.097,6.638,6.641,27.743,12.334,40.077,49.519,1197.8,1197.8,4026.8,4026.8,4026.8,4026.8,56.3,35.1,100.0,84.1,56.5,No,No,No,4.989,0.357,8.0,49,95.0,100.0,No,No,91256,99039,31,99.0,No,No,3320,1.5,0.2,1.7,1.018,1.346,20634,15970,0.0,0.0,0.0,0.000,0.000,50,0,51.8,67.2,83.0,0.775,12.125,12.167,12.146,12.062,1131,52.769,21.320,32.158,9.137,43.335,25.439,17.865,0.336,32.158,20.626,3.800,28.341,220.000,240.000,1215.0,1750.2,1215.0,1215.0,1320.0,48.0,8.0,0.0,2.0,83.0,9.5,38.2,0.0,0.0,0.0,33,Yes,No,No,No,No,Yes,No,24.0,29.5,5,0,0,0,0,0,0,0,0,131,0,0,0,0,0,0,0,0,0,0,0,0,0,0,0,0,0,0,0,0,1393,6799,6652,865,8.0,238.8,659.6,150.3,98.5,122.0,89.6,63.2,148.5,21.5,18.7,18.5,18.5,4.19,6.59,1.53,0.82,8.12,11.13,1.03,0.11,3.90,0.29,1.89,0,0,0.0,0.0,8711,164,0.8,0.7,0,
7.7.2026,20:1:36.215,26453,19540,57.5,16894,15788,51.6,0.0,13312,0,1.296,1.294,1.300,1.300,1.294,1.288,1.300,1.300,1.294,4020.9,4017.8,4017.8,4042.7,4017.8,4017.8,4017.8,4017.8,4017.8,99.8,4011.8,4026.8,4010.9,4010.8,4011.1,4011.2,4011.2,4011.6,4012.0,4009.2,4009.9,4010.7,4011.2,4010.0,4010.3,4010.9,4011.2,4011.8,100.0,100.0,100.0,100.0,100.0,100.0,100.0,100.0,100.0,100.0,100.0,100.0,100.0,100.0,100.0,100.0,100.0,100.0,100.0,111.7,111.7,111.7,111.7,111.7,111.7,111.7,111.7,111.7,111.7,111.7,111.7,111.7,111.7,111.7,111.7,111.7,111.7,40.3,40.2,40.2,40.5,40.2,40.2,40.2,40.2,40.2,0.0,100.0,100.0,100.0,100.0,100.0,100.0,100.0,100.0,100.0,0.0,0.0,0.0,0.0,0.0,0.0,0.0,0.0,0.0,0.0,0.0,0.0,0.0,0.0,0.0,0.0,0.0,0.0,1197.8,12.00,16,16,16,39,55,661,1,81.0,82.2,82.8,78.5,78.1,77.5,80.2,79.2,77.7,78.0,77.9,79.4,67.7,67.8,67.7,59.0,54.3,1.312,1.038,1.325,23.487,11.871,23.476,90.000,52.450,6.725,6.604,6.392,7.144,6.556,6.522,6.424,6.918,7.241,30.969,12.284,43.253,52.681,1197.8,1197.8,4026.8,4026.8,4026.8,4026.8,59.9,39.1,100.0,86.6,57.4,No,No,No,4.825,0.396,8.0,49,95.0,100.0,No,No,91256,99039,31,99.0,No,No,3320,0.4,0.5,0.9,1.763,11.535,20638,15998,0.0,0.0,0.0,0.000,0.000,50,0,51.7,67.2,83.0,0.769,12.125,12.168,12.146,12.062,1132,52.716,20.861,32.984,9.467,44.053,25.705,18.325,0.336,32.984,20.857,2.918,20.978,220.000,240.000,1200.0,1750.2,1200.0,1192.6,1305.0,58.0,10.0,0.0,2.0,82.8,8.5,33.9,0.0,0.0,0.0,33,Yes,No,No,No,No,Yes,No,25.0,28.3,5,0,0,0,0,0,0,0,0,131,0,0,0,0,0,0,0,0,0,0,0,0,0,0,0,0,0,0,0,0,1411,6781,6634,865,8.0,227.3,509.8,145.2,23.4,45.6,19.3,48.6,120.9,11.0,10.5,10.4,10.4,4.40,7.09,1.22,0.92,21.97,51.59,1.51,0.23,3.90,0.50,2.18,0,0,0.0,0.0,8711,164,0.8,0.7,0,
7.7.2026,20:1:38.220,26730,19264,58.1,17105,15577,52.3,0.0,13312,0,1.293,1.300,1.300,1.294,1.275,1.300,1.294,1.288,1.294,4014.6,4017.8,4017.8,4017.8,3992.8,3992.8,4017.8,4017.8,4042.7,99.8,4010.0,4024.3,4008.7,4009.4,4009.5,4009.3,4009.3,4009.7,4010.4,4007.5,4007.9,4008.7,4009.6,4008.6,4008.6,4009.2,4009.5,4010.0,100.0,100.0,100.0,100.0,100.0,100.0,100.0,100.0,100.0,100.0,100.0,100.0,100.0,100.0,100.0,100.0,100.0,100.0,100.0,111.6,111.6,111.6,111.6,111.6,111.6,111.6,111.6,111.6,111.6,111.6,111.6,111.6,111.6,111.6,111.6,111.6,111.6,40.2,40.2,40.2,40.2,40.0,40.0,40.2,40.2,40.5,0.0,100.0,100.0,100.0,100.0,100.0,100.0,100.0,100.0,100.0,0.0,0.0,0.0,0.0,0.0,0.0,0.0,0.0,0.0,0.0,0.0,0.0,0.0,0.0,0.0,0.0,0.0,0.0,1197.8,12.00,16,16,16,39,55,661,1,82.0,82.7,83.5,79.0,78.0,76.9,81.2,77.6,78.7,79.7,78.8,81.1,68.0,68.0,68.0,57.2,54.4,1.306,1.044,1.325,23.934,11.833,23.932,90.000,53.077,6.930,6.478,6.238,7.437,6.300,6.915,7.006,7.257,7.809,31.546,12.250,43.797,53.249,1197.8,1197.8,4024.3,4024.3,4024.3,4024.3,60.5,39.9,100.0,87.1,57.8,No,No,No,4.873,0.407,8.0,49,95.0,100.0,No,No,91256,99039,31,99.0,No,No,3320,0.1,0.6,0.7,0.272,10.953,20639,16014,0.0,0.0,0.0,0.000,0.000,50,0,52.0,67.8,83.0,0.781,12.125,12.168,12.146,12.063,1132,55.081,20.415,31.608,8.736,42.839,25.259,17.560,0.336,31.608,20.289,3.002,22.913,220.000,240.000,1245.0,1750.2,1245.0,1227.7,1350.0,55.0,10.0,0.0,2.0,82.8,8.2,32.9,0.0,0.0,0.0,33,Yes,No,No,No,No,Yes,No,24.9,26.8,5,0,0,0,0,0,0,0,0,131,0,0,0,0,0,0,0,0,0,0,0,0,0,0,0,0,0,0,0,0,1411,6781,6634,853,8.0,239.6,928.7,145.9,131.6,137.6,129.5,76.8,240.5,48.5,48.0,48.0,48.0,4.17,7.01,1.02,0.71,7.33,7.65,1.19,0.37,3.81,0.37,2.52,0,0,0.0,0.0,8711,164,0.7,2.4,0,
7.7.2026,20:1:40.228,26419,19574,57.4,17046,15636,52.1,0.0,13312,0,1.298,1.294,1.300,1.300,1.294,1.288,1.325,1.294,1.294,4020.9,4017.8,4017.8,3992.8,4042.7,4017.8,4017.8,4042.7,4017.8,99.8,4011.9,4025.6,4010.5,4010.9,4011.0,4010.7,4011.1,4011.5,4012.2,4009.6,4010.1,4011.1,4011.7,4010.7,4010.6,4011.4,4011.8,4011.9,100.0,100.0,100.0,100.0,100.0,100.0,100.0,100.0,100.0,100.0,100.0,100.0,100.0,100.0,100.0,100.0,100.0,100.0,100.0,111.7,111.7,111.7,111.7,111.7,111.7,111.7,111.7,111.7,111.6,111.6,111.6,111.6,111.6,111.6,111.6,111.6,111.7,40.3,40.2,40.2,40.0,40.5,40.2,40.2,40.5,40.2,0.0,100.0,100.0,100.0,100.0,100.0,100.0,100.0,100.0,100.0,0.0,0.0,0.0,0.0,0.0,0.0,0.0,0.0,0.0,0.0,0.0,0.0,0.0,0.0,0.0,0.0,0.0,0.0,1197.8,12.00,16,16,16,39,55,661,1,82.1,82.6,85.5,79.4,78.8,78.3,81.5,79.9,78.9,79.8,78.7,79.5,68.3,68.3,68.2,59.5,54.5,1.312,1.044,1.331,24.216,11.887,24.224,90.000,53.660,6.863,6.644,6.654,7.577,6.844,6.895,7.001,6.741,6.549,31.915,12.306,44.221,53.697,1197.8,1197.8,4025.6,4025.6,4025.6,4025.6,61.0,40.4,100.0,87.0,58.1,No,No,No,5.033,0.350,8.0,49,95.0,100.0,No,No,91256,99039,31,99.0,No,No,3320,0.0,0.1,0.1,0.000,0.111,20639,16015,0.0,0.0,0.0,0.000,0.000,50,0,51.8,67.6,83.0,0.756,12.127,12.171,12.148,12.064,1130,52.550,20.273,30.569,8.605,42.505,25.503,16.981,0.336,30.569,20.864,2.707,24.092,220.000,240.000,1200.0,1750.2,1200.0,1194.1,1305.0,56.0,10.0,0.0,2.0,82.8,8.3,33.4,0.0,0.0,0.0,33,Yes,No,No,No,No,Yes,No,23.4,27.6,5,0,0,0,0,0,0,0,0,131,0,0,0,0,0,0,0,0,0,0,0,0,0,0,0,0,0,0,0,0,1411,6781,6634,862,8.0,237.1,491.0,162.7,86.6,116.9,77.5,67.4,239.7,16.9,15.2,15.0,15.0,4.22,6.83,0.94,0.84,8.83,12.76,1.62,0.35,3.63,0.59,2.38,0,0,0.0,0.0,8711,164,0.7,2.4,0,
7.7.2026,20:1:42.222,26412,19581,57.4,17042,15640,52.1,0.0,13312,0,1.297,1.294,1.294,1.319,1.294,1.288,1.294,1.294,1.300,4020.9,4017.8,4017.8,4017.8,4017.8,4042.7,4017.8,4017.8,4017.8,99.8,4012.3,4026.0,4010.9,4010.9,4011.3,4011.1,4011.5,4011.8,4012.4,4010.1,4010.5,4011.1,4012.0,4011.4,4011.3,4011.9,4012.2,4012.3,100.0,100.0,100.0,100.0,100.0,100.0,100.0,100.0,100.0,100.0,100.0,100.0,100.0,100.0,100.0,100.0,100.0,100.0,100.0,111.7,111.7,111.7,111.7,111.7,111.7,111.7,111.7,111.7,111.7,111.7,111.7,111.7,111.7,111.7,111.7,111.7,111.7,40.3,40.2,40.2,40.2,40.2,40.5,40.2,40.2,40.2,0.0,100.0,100.0,100.0,100.0,100.0,100.0,100.0,100.0,100.0,0.0,0.0,0.0,0.0,0.0,0.0,0.0,0.0,0.0,0.0,0.0,0.0,0.0,0.0,0.0,0.0,0.0,0.0,1197.8,12.00,16,16,16,39,55,661,1,82.2,83.6,83.5,79.5,78.9,78.1,83.2,80.2,78.2,78.7,78.5,79.8,68.3,68.4,68.2,56.8,54.2,1.312,1.031,1.325,24.336,11.858,24.337,90.000,53.713,6.753,6.708,6.566,7.877,6.931,6.303,6.106,6.692,6.837,32.068,12.276,44.344,53.790,1197.8,1197.8,4026.0,4026.0,4026.0,4026.0,61.1,40.6,100.0,88.0,57.6,No,No,No,4.703,0.391,8.0,49,95.0,100.0,No,No,91256,99039,31,99.0,No,No,3320,0.2,0.8,1.1,0.545,5.329,20639,16023,0.0,0.0,0.0,0.000,0.000,50,0,51.9,67.4,83.0,0.781,12.125,12.167,12.146,12.062,1128,54.066,21.171,32.695,9.381,43.700,25.511,18.162,0.336,32.695,20.707,2.823,25.702,220.000,240.000,1245.0,1750.2,1245.0,1197.2,1350.0,58.0,10.0,0.0,3.0,82.8,8.2,32.8,0.0,0.0,0.0,33,Yes,No,No,No,No,Yes,No,25.0,29.1,5,0,0,0,0,0,0,0,0,131,0,0,0,0,0,0,0,0,0,0,0,0,0,0,0,0,0,0,0,0,1411,6781,6634,862,8.0,236.7,2823.5,93.0,79.1,82.2,78.9,61.6,125.9,16.6,16.0,16.0,16.0,4.23,10.46,0.48,0.12,12.11,12.71,1.07,0.27,3.78,0.45,2.59,0,0,0.0,0.0,8711,164,5.5,0.6,0,
7.7.2026,20:1:44.217,26422,19572,57.4,17055,15626,52.1,0.0,13312,0,1.298,1.288,1.312,1.294,1.294,1.294,1.288,1.300,1.312,4027.1,4017.8,4017.8,4042.7,4042.7,4017.8,4017.8,4017.8,4042.7,99.8,4013.3,4028.4,4012.1,4012.5,4012.6,4012.5,4012.7,4013.0,4013.7,4010.8,4011.1,4012.1,4012.6,4011.4,4011.6,4012.4,4012.7,4013.3,100.0,100.0,100.0,100.0,100.0,100.0,100.0,100.0,100.0,100.0,100.0,100.0,100.0,100.0,100.0,100.0,100.0,100.0,100.0,111.7,111.7,111.7,111.7,111.7,111.7,111.7,111.7,111.7,111.7,111.7,111.7,111.7,111.7,111.7,111.7,111.7,111.7,40.3,40.2,40.2,40.5,40.5,40.2,40.2,40.2,40.5,0.0,100.0,100.0,100.0,100.0,100.0,100.0,100.0,100.0,100.0,0.0,0.0,0.0,0.0,0.0,0.0,0.0,0.0,0.0,0.0,0.0,0.0,0.0,0.0,0.0,0.0,0.0,0.0,1197.8,12.00,16,16,16,39,55,661,1,82.2,83.6,83.2,78.4,77.9,76.8,83.2,81.4,76.7,75.9,77.4,78.0,67.9,68.1,67.8,56.5,53.6,1.319,1.031,1.331,23.166,11.854,23.162,90.000,52.083,6.653,6.307,6.167,8.394,7.880,5.921,5.397,6.562,6.600,30.529,12.266,42.796,52.233,1197.8,1197.8,4028.4,4028.4,4028.4,4028.4,59.4,38.6,100.0,88.0,58.0,No,No,No,4.780,0.411,8.0,48,95.0,100.0,No,No,91256,99039,31,99.0,No,No,3320,0.5,1.6,2.1,0.650,8.888,20641,16042,0.0,0.0,0.0,0.000,0.000,50,0,51.9,67.6,83.0,0.769,12.123,12.163,12.144,12.061,1128,53.493,21.526,32.549,9.390,43.998,25.882,18.083,0.336,32.549,21.159,2.863,28.447,220.000,240.000,1200.0,1750.2,1200.0,1214.2,1305.0,58.0,10.0,0.0,2.0,82.8,8.9,35.5,0.0,0.0,0.0,33,Yes,No,No,No,No,Yes,No,24.4,28.3,5,0,0,0,0,0,0,0,0,131,0,0,0,0,0,0,0,0,0,0,0,0,0,0,0,0,0,0,0,0,1411,6781,6634,862,8.0,234.7,504.2,124.2,57.0,74.2,52.8,61.2,152.5,20.0,20.0,20.0,20.0,4.26,7.56,0.70,0.30,13.12,18.94,1.57,0.32,3.76,0.50,2.04,0,0,0.0,0.0,8711,164,2.2,4.5,0,
7.7.2026,20:1:46.227,26490,19504,57.5,17121,15561,52.3,0.0,13312,0,1.299,1.337,1.294,1.294,1.294,1.294,1.294,1.294,1.294,4027.1,4042.7,4042.7,4017.8,4017.8,4017.8,4017.8,4017.8,4042.7,99.8,4011.4,4025.5,4010.7,4010.4,4011.0,4010.7,4010.5,4011.6,4012.0,4008.5,4008.9,4009.9,4011.0,4009.7,4009.8,4010.7,4011.0,4011.4,100.0,100.0,100.0,100.0,100.0,100.0,100.0,100.0,100.0,100.0,100.0,100.0,100.0,100.0,100.0,100.0,100.0,100.0,100.0,111.7,111.7,111.7,111.7,111.7,111.7,111.7,111.7,111.7,111.6,111.6,111.6,111.6,111.6,111.6,111.6,111.6,111.7,40.3,40.5,40.5,40.2,40.2,40.2,40.2,40.2,40.5,0.0,100.0,100.0,100.0,100.0,100.0,100.0,100.0,100.0,100.0,0.0,0.0,0.0,0.0,0.0,0.0,0.0,0.0,0.0,0.0,0.0,0.0,0.0,0.0,0.0,0.0,0.0,0.0,1197.8,12.00,16,16,16,39,55,661,1,82.1,82.5,82.0,79.2,78.8,78.7,81.3,80.7,77.4,77.5,78.7,80.2,68.2,68.4,68.1,58.8,54.2,1.319,1.038,1.325,24.139,11.846,24.137,90.000,53.400,6.829,6.848,6.877,7.318,7.259,6.167,5.963,6.943,7.260,31.810,12.262,44.071,53.521,1197.8,1197.8,4025.5,4025.5,4025.5,4025.5,60.8,40.2,100.0,86.8,58.0,No,No,No,4.742,0.412,8.0,49,95.0,100.0,No,No,91256,99039,31,99.0,No,No,3320,0.3,1.0,1.3,0.682,6.242,20642,16052,0.0,0.0,0.0,0.000,0.000,50,0,51.8,67.4,83.0,0.756,12.123,12.164,12.144,12.061,1128,54.284,21.372,32.236,9.293,43.853,25.931,17.909,0.336,32.236,21.241,2.718,27.968,220.000,240.000,1185.0,1750.2,1185.0,1221.8,1275.0,59.0,10.0,0.0,2.0,82.8,9.6,38.3,0.0,0.0,0.0,33,Yes,No,No,No,No,Yes,No,23.7,29.9,5,0,0,0,0,0,0,0,0,131,0,0,0,0,0,0,0,0,0,0,0,0,0,0,0,0,0,0,0,0,1411,6781,6634,862,8.0,239.7,450.0,169.2,160.1,164.6,158.1,66.6,240.8,19.7,14.5,14.1,14.1,4.17,6.47,0.83,0.77,6.99,7.39,1.36,0.46,3.73,0.44,2.20,0,0,0.0,0.0,8711,164,3.9,2.3,0,
7.7.2026,20:1:48.235,26538,19456,57.6,17166,15515,52.5,0.0,13312,0,1.300,1.319,1.294,1.294,1.294,1.312,1.312,1.294,1.281,4027.1,4042.7,4017.8,4017.8,4017.8,4042.7,4042.7,4017.8,4017.8,99.8,4013.1,4027.8,4011.7,4011.9,4011.9,4011.8,4012.1,4012.9,4013.2,4010.7,4011.2,4011.7,4012.7,4011.9,4012.1,4012.5,4012.8,4013.1,100.0,100.0,100.0,100.0,100.0,100.0,100.0,100.0,100.0,100.0,100.0,100.0,100.0,100.0,100.0,100.0,100.0,100.0,100.0,111.7,111.7,111.7,111.7,111.7,111.7,111.7,111.7,111.7,111.7,111.7,111.7,111.7,111.7,111.7,111.7,111.7,111.7,40.3,40.5,40.2,40.2,40.2,40.5,40.5,40.2,40.2,0.0,100.0,100.0,100.0,100.0,100.0,100.0,100.0,100.0,100.0,0.0,0.0,0.0,0.0,0.0,0.0,0.0,0.0,0.0,0.0,0.0,0.0,0.0,0.0,0.0,0.0,0.0,0.0,1197.8,12.00,16,16,16,39,55,661,1,81.0,81.2,78.2,77.8,77.8,77.1,80.4,78.2,77.0,77.8,76.6,77.7,67.9,68.0,67.8,58.0,53.9,1.294,1.025,1.300,22.205,11.877,22.218,90.000,50.980,6.249,6.393,6.130,7.038,6.122,6.004,6.115,6.096,6.096,29.276,12.285,41.561,51.018,1197.8,1197.8,4027.8,4027.8,4027.8,4027.8,58.0,37.0,100.0,85.4,57.0,No,No,No,4.814,0.394,8.0,49,95.0,100.0,No,No,91256,99039,31,99.0,No,No,3320,0.8,0.6,1.4,3.310,3.162,20650,16060,0.0,0.0,0.0,0.000,0.000,50,0,51.7,67.2,83.0,0.750,12.129,12.173,12.149,12.065,1127,51.917,21.568,31.484,9.081,43.469,25.964,17.490,0.336,31.484,21.399,15.022,19.953,220.000,240.000,1185.0,1750.2,1185.0,1171.6,1275.0,59.0,10.0,0.0,2.0,82.8,8.6,34.5,0.0,0.0,0.0,33,Yes,No,No,No,No,Yes,No,24.0,27.8,5,0,0,0,0,0,0,0,0,131,0,0,0,0,0,0,0,0,0,0,0,0,0,0,0,0,0,0,0,0,1411,6781,6634,862,8.0,232.2,691.1,144.8,37.7,61.2,32.5,31.8,120.2,18.4,18.4,18.4,18.4,4.31,6.95,1.26,0.76,15.60,31.12,1.25,0.08,3.87,0.44,2.45,0,0,0.0,0.0,8712,164,1.1,0.3,0,
7.7.2026,20:1:50.229,26505,19489,57.6,17139,15543,52.4,0.0,13312,0,1.293,1.294,1.294,1.294,1.294,1.288,1.288,1.294,1.300,4020.9,4017.8,4017.8,4042.7,4017.8,4017.8,4017.8,4017.8,4017.8,99.8,4011.5,4027.3,4010.9,4010.7,4011.2,4010.6,4011.0,4011.3,4011.8,4009.4,4009.7,4010.3,4010.9,4009.3,4009.8,4010.3,4010.5,4011.5,100.0,100.0,100.0,100.0,100.0,100.0,100.0,100.0,100.0,100.0,100.0,100.0,100.0,100.0,100.0,100.0,100.0,100.0,100.0,111.7,111.7,111.7,111.7,111.7,111.7,111.7,111.7,111.7,111.7,111.7,111.7,111.7,111.7,111.7,111.7,111.7,111.7,40.3,40.2,40.2,40.5,40.2,40.2,40.2,40.2,40.2,0.0,100.0,100.0,100.0,100.0,100.0,100.0,100.0,100.0,100.0,0.0,0.0,0.0,0.0,0.0,0.0,0.0,0.0,0.0,0.0,0.0,0.0,0.0,0.0,0.0,0.0,0.0,0.0,1197.8,12.00,16,16,16,39,55,661,1,81.0,80.0,83.2,77.1,77.3,77.0,77.7,75.6,77.3,77.9,76.4,77.4,67.4,67.5,67.4,56.5,53.8,1.319,1.038,1.325,21.724,11.843,21.715,90.000,50.166,6.415,6.525,6.707,6.193,5.515,6.723,6.821,6.385,6.455,28.650,12.246,40.896,50.310,1197.8,1197.8,4027.3,4027.3,4027.3,4027.3,57.2,36.2,100.0,84.2,56.9,No,No,No,4.750,0.395,8.0,49,95.0,100.0,No,No,91256,99039,32,99.0,No,No,3320,0.1,0.5,0.7,0.173,2.483,20650,16064,0.0,0.0,0.0,0.000,0.000,50,0,51.9,67.4,83.0,0.775,12.125,12.167,12.145,12.062,1130,53.418,22.348,32.056,9.272,43.359,25.524,17.809,0.336,32.056,20.893,13.530,28.647,220.000,240.000,1215.0,1750.2,1215.0,1205.2,1320.0,55.0,10.0,0.0,2.0,82.8,8.5,34.0,0.0,0.0,0.0,33,Yes,No,No,No,No,Yes,No,24.8,25.6,5,0,0,0,0,0,0,0,0,131,0,0,0,0,0,0,0,0,0,0,0,0,0,0,0,0,0,0,0,0,1411,6781,6634,862,8.0,239.6,763.2,153.7,102.2,125.3,94.2,71.9,120.8,37.8,34.5,34.2,34.2,4.17,6.60,0.84,0.49,9.10,13.60,0.91,0.24,3.77,0.40,2.73,0,0,0.0,0.0,8712,164,2.9,1.7,0,
7.7.2026,20:1:52.238,26505,19489,57.6,17139,15543,52.4,0.0,13312,0,1.293,1.294,1.294,1.294,1.294,1.288,1.288,1.294,1.300,4020.9,4017.8,4017.8,4042.7,4017.8,4017.8,4017.8,4017.8,4017.8,99.8,4011.5,4027.3,4010.9,4010.7,4011.2,4010.6,4011.0,4011.3,4011.8,4009.4,4009.7,4010.3,4010.9,4009.3,4009.8,4010.3,4010.5,4011.5,100.0,100.0,100.0,100.0,100.0,100.0,100.0,100.0,100.0,100.0,100.0,100.0,100.0,100.0,100.0,100.0,100.0,100.0,100.0,111.7,111.7,111.7,111.7,111.7,111.7,111.7,111.7,111.7,111.7,111.7,111.7,111.7,111.7,111.7,111.7,111.7,111.7,40.3,40.2,40.2,40.5,40.2,40.2,40.2,40.2,40.2,0.0,100.0,100.0,100.0,100.0,100.0,100.0,100.0,100.0,100.0,0.0,0.0,0.0,0.0,0.0,0.0,0.0,0.0,0.0,0.0,0.0,0.0,0.0,0.0,0.0,0.0,0.0,0.0,1197.8,12.00,16,16,16,39,55,661,1,81.0,80.0,83.2,77.1,77.3,77.0,77.7,75.6,77.3,77.9,76.4,77.4,67.4,67.5,67.4,56.5,53.8,1.319,1.038,1.325,21.724,11.843,21.715,90.000,50.166,6.415,6.525,6.707,6.193,5.515,6.723,6.821,6.385,6.455,28.650,12.246,40.896,50.310,1197.8,1197.8,4027.3,4027.3,4027.3,4027.3,57.2,36.2,100.0,84.2,56.9,No,No,No,4.750,0.395,8.0,48,95.0,100.0,No,No,91256,99039,32,99.0,No,No,3320,0.1,0.5,0.7,0.173,2.483,20650,16064,0.0,0.0,0.0,0.000,0.000,50,0,51.7,67.1,83.0,0.750,12.130,12.174,12.150,12.066,1130,51.472,19.903,30.424,8.729,42.636,25.701,16.902,0.336,30.424,21.260,2.780,19.838,220.000,240.000,1170.0,1750.2,1170.0,1213.5,1260.0,58.0,10.0,0.0,2.0,82.8,8.3,33.2,0.0,0.0,0.0,33,Yes,No,No,No,No,Yes,No,23.5,28.6,5,0,0,0,0,0,0,0,0,131,0,0,0,0,0,0,0,0,0,0,0,0,0,0,0,0,0,0,0,0,1411,6781,6634,862,8.0,239.6,763.2,153.7,102.2,125.3,94.2,71.9,120.8,37.8,34.5,34.2,34.2,4.17,6.60,0.84,0.49,9.10,13.60,0.91,0.24,3.77,0.40,2.73,0,0,0.0,0.0,8712,164,2.9,1.7,0,
7.7.2026,20:1:54.241,26497,19496,57.6,17134,15548,52.4,0.0,13312,0,1.300,1.269,1.312,1.319,1.294,1.312,1.288,1.312,1.294,4030.2,3992.8,4042.7,4042.7,4017.8,4042.7,4017.8,4042.7,4042.7,99.8,4014.0,4027.8,4012.6,4013.2,4013.4,4013.0,4013.2,4013.6,4014.1,4011.6,4012.2,4012.8,4013.7,4012.6,4012.9,4013.4,4013.8,4014.0,100.0,100.0,100.0,100.0,100.0,100.0,100.0,100.0,100.0,100.0,100.0,100.0,100.0,100.0,100.0,100.0,100.0,100.0,100.0,111.7,111.7,111.7,111.7,111.7,111.7,111.7,111.7,111.7,111.7,111.7,111.7,111.7,111.7,111.7,111.7,111.7,111.7,40.4,40.0,40.5,40.5,40.2,40.5,40.2,40.5,40.5,0.0,100.0,100.0,100.0,100.0,100.0,100.0,100.0,100.0,100.0,0.0,0.0,0.0,0.0,0.0,0.0,0.0,0.0,0.0,0.0,0.0,0.0,0.0,0.0,0.0,0.0,0.0,0.0,1197.8,12.00,16,16,16,39,55,661,1,81.2,81.8,88.0,78.5,78.7,78.4,80.3,78.6,78.4,79.2,76.9,77.6,68.0,68.0,67.9,58.5,54.0,1.306,1.031,1.325,23.400,11.836,23.404,90.000,52.480,6.602,6.755,6.654,7.242,6.510,6.692,6.752,6.215,5.994,30.854,12.251,43.105,52.557,1197.8,1197.8,4027.8,4027.8,4027.8,4027.8,59.7,39.0,100.0,86.1,57.5,No,No,No,4.895,0.340,8.0,49,95.0,100.0,No,No,91256,99039,32,99.0,No,No,3320,0.1,0.4,0.6,0.445,2.487,20651,16070,0.0,0.0,0.0,0.000,0.000,50,0,51.8,67.3,83.0,0.769,12.126,12.169,12.146,12.063,1129,52.824,20.634,31.706,8.944,43.046,25.404,17.614,0.336,31.706,20.606,6.175,20.800,220.000,240.000,1200.0,1750.2,1200.0,1188.8,1305.0,55.0,10.0,0.0,2.0,82.8,8.2,32.7,0.0,0.0,0.0,33,Yes,No,No,No,No,Yes,No,23.8,28.9,5,0,0,0,0,0,0,0,0,131,0,0,0,0,0,0,0,0,0,0,0,0,0,0,0,0,0,0,0,0,1411,6781,6634,862,8.0,237.2,857.6,142.8,74.2,87.3,67.9,69.2,240.4,22.0,18.7,18.4,18.4,4.22,7.94,0.68,0.57,11.47,14.68,1.17,0.15,3.75,0.47,2.30,0,0,0.0,0.0,8712,164,2.1,0.9,0,
7.7.2026,20:1:56.238,26366,19628,57.3,17004,15677,52.0,0.0,13312,0,1.289,1.288,1.288,1.294,1.294,1.281,1.288,1.294,1.288,4024.0,4042.7,4017.8,4017.8,4017.8,4042.7,4017.8,4017.8,4017.8,99.8,4012.1,4025.7,4010.9,4011.0,4011.1,4011.4,4011.4,4012.2,4013.0,4009.8,4010.2,4010.8,4011.4,4010.1,4010.7,4011.5,4012.3,4012.1,100.0,100.0,100.0,100.0,100.0,100.0,100.0,100.0,100.0,100.0,100.0,100.0,100.0,100.0,100.0,100.0,100.0,100.0,100.0,111.7,111.7,111.7,111.7,111.7,111.7,111.7,111.7,111.7,111.6,111.6,111.6,111.6,111.6,111.6,111.6,111.6,111.7,40.3,40.5,40.2,40.2,40.2,40.5,40.2,40.2,40.2,0.0,100.0,100.0,100.0,100.0,100.0,100.0,100.0,100.0,100.0,0.0,0.0,0.0,0.0,0.0,0.0,0.0,0.0,0.0,0.0,0.0,0.0,0.0,0.0,0.0,0.0,0.0,0.0,1197.8,12.00,16,16,16,39,55,661,1,82.2,82.7,82.2,78.1,78.6,78.6,81.3,81.1,78.6,79.9,78.0,79.5,67.8,67.9,67.7,58.0,54.1,1.319,1.050,1.331,22.967,11.861,22.963,90.000,51.837,6.729,6.556,6.335,7.604,7.197,6.955,6.919,6.173,6.090,30.280,12.273,42.554,51.983,1197.8,1197.8,4029.1,4029.1,4029.1,4029.1,59.1,38.3,100.0,86.6,57.6,No,No,No,4.688,0.400,8.0,49,95.0,100.0,No,No,91256,99039,32,99.0,No,No,3320,1.0,1.1,2.1,0.499,5.958,20652,16083,0.0,0.0,0.0,0.000,0.000,50,0,51.7,67.2,83.0,0.750,12.124,12.166,12.144,12.061,1131,53.493,20.911,31.057,9.003,43.161,25.884,17.254,0.336,31.057,21.433,2.674,27.255,220.000,240.000,1170.0,1750.2,1170.0,1190.3,1260.0,58.0,10.0,0.0,2.0,82.8,9.0,36.1,0.0,0.0,0.0,33,Yes,No,No,No,No,Yes,No,23.9,27.9,5,0,0,0,0,0,0,0,0,131,0,0,0,0,0,0,0,0,0,0,0,0,0,0,0,0,0,0,0,0,1411,6781,6634,862,8.0,233.0,1780.3,116.5,57.5,75.0,53.9,60.2,127.1,19.2,18.5,18.4,18.4,4.29,10.77,0.53,0.47,13.99,18.44,0.94,0.25,3.84,0.45,2.33,0,0,0.0,0.0,8712,164,15.8,5.5,0,
7.7.2026,20:1:58.244,26438,19556,57.4,17039,15643,52.1,0.0,13312,0,1.291,1.294,1.294,1.294,1.294,1.294,1.281,1.294,1.288,4017.8,4017.8,4017.8,4017.8,4017.8,4017.8,4017.8,4017.8,4017.8,99.8,4011.6,4025.7,4011.1,4011.1,4011.1,4011.4,4011.2,4011.8,4012.3,4008.9,4009.0,4010.2,4011.0,4009.1,4010.1,4010.4,4010.6,4011.6,100.0,100.0,100.0,100.0,100.0,100.0,100.0,100.0,100.0,100.0,100.0,100.0,100.0,100.0,100.0,100.0,100.0,100.0,100.0,111.7,111.7,111.7,111.7,111.7,111.7,111.7,111.7,111.7,111.6,111.7,111.6,111.6,111.6,111.6,111.6,111.6,111.7,40.2,40.2,40.2,40.2,40.2,40.2,40.2,40.2,40.2,0.0,100.0,100.0,100.0,100.0,100.0,100.0,100.0,100.0,100.0,0.0,0.0,0.0,0.0,0.0,0.0,0.0,0.0,0.0,0.0,0.0,0.0,0.0,0.0,0.0,0.0,0.0,0.0,1197.8,12.00,16,16,16,39,55,661,1,82.4,82.8,81.8,79.4,78.7,78.4,81.8,80.8,78.6,79.7,77.8,79.6,68.3,68.4,68.2,57.8,54.2,1.312,1.044,1.325,24.627,11.813,24.623,90.000,54.012,6.975,6.648,6.565,7.796,7.454,6.727,6.914,6.641,7.054,32.450,12.232,44.681,54.133,1197.8,1197.8,4025.7,4025.7,4025.7,4025.7,61.5,41.0,100.0,87.2,58.3,No,No,No,4.797,0.387,8.0,49,95.0,100.0,No,No,91256,99039,32,99.0,No,No,3320,0.1,0.2,0.3,0.237,0.901,20653,16088,0.0,0.0,0.0,0.000,0.000,50,0,51.9,67.5,83.0,0.750,12.124,12.166,12.146,12.062,1129,53.105,20.911,31.404,9.148,43.311,25.837,17.445,0.336,31.404,21.389,18.200,22.409,220.000,240.000,1170.0,1750.2,1170.0,1175.2,1260.0,58.0,10.0,0.0,2.0,82.8,9.0,32.1,0.0,0.0,0.0,33,Yes,No,No,No,No,Yes,No,23.9,27.9,5,0,0,0,0,0,0,0,0,131,0,0,0,0,0,0,0,0,0,0,0,0,0,0,0,0,0,0,0,0,1411,6781,6634,862,8.0,230.6,0.0,76.4,43.5,54.9,39.9,71.2,244.4,24.0,24.0,24.0,24.0,4.34,13.02,0.21,0.15,18.19,25.08,1.05,0.43,3.93,0.41,2.72,0,0,0.0,0.0,8712,164,3.6,2.8,0,
7.7.2026,20:2:0.247,26352,19642,57.2,16946,15736,51.8,0.0,13312,0,1.290,1.294,1.288,1.294,1.269,1.294,1.294,1.294,1.294,4017.8,4017.8,4017.8,4017.8,4017.8,4017.8,4017.8,4017.8,4017.8,99.8,4006.9,4021.0,4005.9,4006.0,4006.4,4006.4,4007.0,4007.0,4007.4,4004.4,4004.8,4005.5,4006.3,4005.2,4005.4,4005.5,4005.8,4006.9,100.0,100.0,100.0,100.0,100.0,100.0,100.0,100.0,100.0,100.0,100.0,100.0,100.0,100.0,100.0,100.0,100.0,100.0,100.0,111.5,111.5,111.5,111.5,111.5,111.5,111.5,111.5,111.5,111.5,111.5,111.5,111.5,111.5,111.5,111.5,111.5,111.5,40.2,40.2,40.2,40.2,40.2,40.2,40.2,40.2,40.2,0.0,100.0,100.0,100.0,100.0,100.0,100.0,100.0,100.0,100.0,0.0,0.0,0.0,0.0,0.0,0.0,0.0,0.0,0.0,0.0,0.0,0.0,0.0,0.0,0.0,0.0,0.0,0.0,1197.8,12.00,16,16,16,39,55,661,1,84.8,85.3,85.0,82.0,80.3,81.0,83.7,84.0,81.1,83.2,79.8,83.0,69.1,69.2,69.0,59.2,54.5,1.319,1.038,1.325,28.116,11.766,28.104,90.000,58.433,7.793,7.129,7.320,8.334,8.568,7.629,8.283,7.179,7.903,36.968,12.200,49.169,58.621,1197.8,1197.8,4021.1,4021.1,4021.1,4021.1,66.6,46.8,100.0,89.8,59.7,No,No,No,4.490,0.428,8.0,48,95.0,100.0,No,No,91256,99039,32,99.0,No,No,3320,0.1,0.2,0.3,0.237,0.901,20653,16088,0.0,0.0,0.0,0.000,0.000,50,0,52.1,67.7,83.0,0.775,12.124,12.165,12.145,12.062,1129,54.980,22.110,34.225,9.890,44.741,25.703,19.013,0.336,34.225,20.720,3.580,28.668,220.000,240.000,1215.0,1750.2,1215.0,1200.0,1320.0,58.0,10.0,0.0,3.0,82.8,9.2,36.7,0.0,0.0,0.0,33,Yes,No,No,No,No,Yes,No,25.6,29.1,5,0,0,0,0,0,0,0,0,131,0,0,0,0,0,0,0,0,0,0,0,0,0,0,0,0,0,0,0,0,1411,6781,6634,862,8.0,236.1,433.3,153.1,114.8,129.3,110.6,63.0,127.9,18.8,17.3,17.1,17.1,4.23,7.34,0.82,0.71,9.33,13.03,1.57,0.46,3.70,0.53,2.65,0,0,0.0,0.0,8712,164,1.1,0.3,0,
7.7.2026,20:2:2.264,26352,19642,57.2,16946,15736,51.8,0.0,13312,0,1.290,1.294,1.288,1.294,1.269,1.294,1.294,1.294,1.294,4017.8,4017.8,4017.8,4017.8,4017.8,4017.8,4017.8,4017.8,4017.8,99.8,4006.9,4021.0,4005.9,4006.0,4006.4,4006.4,4007.0,4007.0,4007.4,4004.4,4004.8,4005.5,4006.3,4005.2,4005.4,4005.5,4005.8,4006.9,100.0,100.0,100.0,100.0,100.0,100.0,100.0,100.0,100.0,100.0,100.0,100.0,100.0,100.0,100.0,100.0,100.0,100.0,100.0,111.5,111.5,111.5,111.5,111.5,111.5,111.5,111.5,111.5,111.5,111.5,111.5,111.5,111.5,111.5,111.5,111.5,111.5,40.2,40.2,40.2,40.2,40.2,40.2,40.2,40.2,40.2,0.0,100.0,100.0,100.0,100.0,100.0,100.0,100.0,100.0,100.0,0.0,0.0,0.0,0.0,0.0,0.0,0.0,0.0,0.0,0.0,0.0,0.0,0.0,0.0,0.0,0.0,0.0,0.0,1197.8,12.00,16,16,16,39,55,661,1,84.8,85.3,85.0,82.0,80.3,81.0,83.7,84.0,81.1,83.2,79.8,83.0,69.1,69.2,69.0,59.2,54.5,1.319,1.038,1.325,28.116,11.766,28.104,90.000,58.433,7.793,7.129,7.320,8.334,8.568,7.629,8.283,7.179,7.903,36.968,12.200,49.169,58.621,1197.8,1197.8,4021.1,4021.1,4021.1,4021.1,66.6,46.8,100.0,89.8,59.7,No,No,No,4.490,0.428,8.0,49,95.0,100.0,No,No,91256,99039,32,99.0,No,No,3320,0.1,0.8,0.9,0.065,4.238,20653,16096,0.0,0.0,0.0,0.000,0.000,50,0,51.8,67.2,83.0,0.769,12.123,12.164,12.144,12.061,1132,52.710,21.825,33.153,9.646,44.279,25.835,18.418,0.336,33.153,21.085,2.933,29.413,220.000,240.000,1200.0,1750.2,1200.0,1169.3,1305.0,57.0,10.0,0.0,2.0,82.8,8.3,33.1,0.0,0.0,0.0,33,Yes,No,No,No,No,Yes,No,24.7,29.3,5,0,0,0,0,0,0,0,0,131,0,0,0,0,0,0,0,0,0,0,0,0,0,0,0,0,0,0,0,0,1407,6785,6638,865,8.0,238.3,496.9,164.2,114.6,137.7,105.6,55.7,120.8,14.5,14.1,14.1,14.1,4.20,7.00,0.92,0.78,7.93,9.42,1.60,0.11,3.72,0.48,2.32,0,0,0.0,0.0,8712,164,4.2,4.6,0,
7.7.2026,20:2:4.259,26528,19466,57.6,17125,15556,52.4,0.0,13312,0,1.292,1.294,1.288,1.294,1.294,1.300,1.300,1.275,1.294,4020.9,4017.8,4017.8,4017.8,4042.7,4017.8,4017.8,4017.8,4017.8,99.8,4010.9,4023.9,4009.5,4009.9,4010.0,4010.1,4010.5,4010.7,4011.3,4008.4,4008.9,4009.6,4010.6,4010.0,4010.1,4010.6,4010.8,4010.9,100.0,100.0,100.0,100.0,100.0,100.0,100.0,100.0,100.0,100.0,100.0,100.0,100.0,100.0,100.0,100.0,100.0,100.0,100.0,111.6,111.6,111.6,111.6,111.6,111.6,111.6,111.6,111.6,111.6,111.6,111.6,111.6,111.6,111.6,111.6,111.6,111.6,40.3,40.2,40.2,40.2,40.5,40.2,40.2,40.2,40.2,0.0,100.0,100.0,100.0,100.0,100.0,100.0,100.0,100.0,100.0,0.0,0.0,0.0,0.0,0.0,0.0,0.0,0.0,0.0,0.0,0.0,0.0,0.0,0.0,0.0,0.0,0.0,0.0,1197.8,12.00,16,16,16,39,55,661,1,83.6,84.7,81.8,80.7,79.8,79.3,84.0,82.4,79.8,81.0,78.9,80.6,69.2,69.3,69.1,59.2,54.5,1.319,1.038,1.325,25.436,11.838,25.451,90.000,55.237,6.951,6.817,6.660,8.016,7.341,6.893,6.837,6.613,6.434,33.481,12.262,45.743,55.232,1197.8,1197.8,4023.9,4023.9,4023.9,4023.9,62.8,42.4,100.0,89.2,58.2,No,No,No,4.706,0.417,8.0,48,95.0,100.0,No,No,91256,99039,32,99.0,No,No,3320,0.1,0.7,0.8,0.049,3.096,20653,16104,0.0,0.0,0.0,0.000,0.000,50,0,51.8,67.4,83.0,0.781,12.123,12.165,12.144,12.061,1129,54.704,21.912,33.433,9.854,44.544,25.944,18.574,0.336,33.433,21.277,3.171,28.556,220.000,240.000,1230.0,1750.2,1230.0,1242.2,1350.0,60.0,10.0,0.0,2.0,82.8,8.3,33.1,0.0,0.0,0.0,33,Yes,No,No,No,No,Yes,No,25.0,28.2,5,0,0,0,0,0,0,0,0,131,0,0,0,0,0,0,0,0,0,0,0,0,0,0,0,0,0,0,0,0,1411,6781,6634,865,8.0,239.3,1850.4,143.3,138.2,140.7,137.3,65.1,243.7,23.2,20.3,20.0,20.0,4.18,6.91,0.55,0.46,7.07,7.26,0.71,0.09,3.82,0.36,3.38,0,0,0.0,0.0,8712,164,1.5,0.3,0,
7.7.2026,20:2:6.257,26531,19463,57.6,17117,15565,52.3,0.0,13312,0,1.295,1.294,1.294,1.294,1.300,1.281,1.275,1.300,1.319,4014.6,4017.8,3992.8,4017.8,4017.8,3992.8,4017.8,4017.8,4042.7,99.8,4010.7,4025.8,4009.8,4009.6,4009.7,4010.0,4010.0,4011.0,4011.3,4008.0,4008.6,4009.2,4010.1,4008.7,4009.0,4009.4,4010.5,4010.7,100.0,100.0,100.0,100.0,100.0,100.0,100.0,100.0,100.0,100.0,100.0,100.0,100.0,100.0,100.0,100.0,100.0,100.0,100.0,111.6,111.6,111.6,111.6,111.6,111.6,111.6,111.6,111.6,111.6,111.6,111.6,111.6,111.6,111.6,111.6,111.6,111.6,40.2,40.2,40.0,40.2,40.2,40.0,40.2,40.2,40.5,0.0,100.0,100.0,100.0,100.0,100.0,100.0,100.0,100.0,100.0,0.0,0.0,0.0,0.0,0.0,0.0,0.0,0.0,0.0,0.0,0.0,0.0,0.0,0.0,0.0,0.0,0.0,0.0,1197.8,12.00,16,16,16,39,55,661,1,82.2,80.7,80.5,77.4,77.7,76.6,79.4,76.6,78.2,76.6,77.0,77.0,67.9,68.0,67.8,57.0,54.2,1.312,1.044,1.325,21.350,11.913,21.351,90.000,49.813,6.192,6.419,6.230,6.620,5.469,6.460,5.753,6.298,6.286,28.147,12.318,40.466,49.900,1197.8,1197.8,4025.8,4025.8,4025.8,4025.8,56.7,35.6,100.0,85.0,56.8,No,No,No,4.816,0.384,8.0,48,95.0,100.0,No,No,91256,99039,32,99.0,No,No,3320,0.0,0.3,0.3,0.009,1.616,20653,16107,0.0,0.0,0.0,0.000,0.000,50,0,51.8,67.4,83.0,0.787,12.122,12.163,12.143,12.060,1131,54.000,22.020,34.491,10.119,44.577,25.398,19.160,0.336,34.491,20.525,2.918,28.181,220.000,240.000,1260.0,1750.2,1260.0,1184.1,1365.0,55.0,10.0,0.0,3.0,82.8,8.9,35.5,0.0,0.0,0.0,33,Yes,No,No,No,No,Yes,No,25.0,31.2,5,0,0,0,0,0,0,0,0,131,0,0,0,0,0,0,0,0,0,0,0,0,0,0,0,0,0,0,0,0,1411,6781,6634,865,8.0,239.5,661.0,158.3,137.8,148.3,136.5,75.0,328.6,32.0,22.5,21.8,21.8,4.18,7.08,0.89,0.76,7.49,7.81,1.39,0.31,3.68,0.50,2.71,0,0,0.0,0.0,8712,164,0.2,0.3,0,
7.7.2026,20:2:9.108,26566,19428,57.7,17167,15514,52.5,0.0,13312,0,1.291,1.294,1.300,1.300,1.294,1.275,1.275,1.294,1.300,4014.6,4017.8,4017.8,4017.8,4017.8,3992.8,4017.8,4017.8,4017.8,99.8,4009.2,4024.0,4008.5,4008.8,4008.9,4009.0,4009.3,4009.4,4009.9,4006.0,4006.4,4006.6,4008.4,4007.2,4007.9,4008.4,4008.6,4009.2,100.0,100.0,100.0,100.0,100.0,100.0,100.0,100.0,100.0,100.0,100.0,100.0,100.0,100.0,100.0,100.0,100.0,100.0,100.0,111.6,111.6,111.6,111.6,111.6,111.6,111.6,111.6,111.6,111.6,111.6,111.6,111.6,111.6,111.6,111.6,111.6,111.6,40.2,40.2,40.2,40.2,40.2,40.0,40.2,40.2,40.2,0.0,100.0,100.0,100.0,100.0,100.0,100.0,100.0,100.0,100.0,0.0,0.0,0.0,0.0,0.0,0.0,0.0,0.0,0.0,0.0,0.0,0.0,0.0,0.0,0.0,0.0,0.0,0.0,1197.8,12.00,16,16,16,39,55,661,1,82.2,82.2,82.5,78.4,77.9,77.0,79.5,76.8,80.7,80.6,77.3,77.6,68.0,68.0,68.0,57.0,54.2,1.319,1.031,1.325,22.866,11.875,22.868,90.000,51.775,6.608,6.446,6.275,6.872,5.827,7.451,7.582,6.236,6.174,30.142,12.287,42.430,51.875,1197.8,1197.8,4024.0,4024.0,4024.0,4024.0,58.9,38.1,100.0,86.5,57.2,No,No,No,4.884,0.386,8.0,49,95.0,100.0,No,No,91256,99039,32,99.0,No,No,3320,0.4,0.3,0.7,2.146,1.687,20657,16109,0.0,0.0,0.0,0.000,0.000,50,0,50.9,66.0,83.0,0.781,12.130,12.177,12.149,12.065,1131,54.563,15.304,22.513,4.639,35.050,22.526,12.507,0.336,22.513,17.522,2.911,12.518,220.000,240.000,1245.0,1750.2,1245.0,1252.6,1350.0,34.0,6.0,0.0,1.0,82.8,8.3,33.4,0.0,0.0,0.0,33,Yes,No,No,No,No,Yes,No,18.2,23.3,5,0,0,0,0,0,0,0,0,131,0,0,0,0,0,0,0,0,0,0,0,0,0,0,0,0,0,0,0,0,1412,6780,6641,859,8.0,239.7,563.8,161.7,152.0,155.7,151.1,75.7,243.4,30.0,30.0,30.0,30.0,4.17,6.73,0.81,0.69,6.78,6.82,1.60,0.31,3.60,0.57,2.49,0,0,0.0,0.0,8712,164,0.7,1.3,0,
7.7.2026,20:2:10.295,26899,19094,58.4,17399,15282,53.2,0.0,13312,0,1.302,1.288,1.294,1.294,1.325,1.319,1.294,1.288,1.312,4017.8,4017.8,4017.8,4017.8,4017.8,3992.8,4017.8,4017.8,4042.7,99.8,4010.5,4026.3,4007.6,4008.4,4009.3,4009.7,4009.7,4010.3,4010.9,4008.5,4008.3,4009.6,4010.3,4009.2,4009.3,4009.9,4010.3,4010.5,100.0,100.0,100.0,100.0,100.0,100.0,100.0,100.0,100.0,100.0,100.0,100.0,100.0,100.0,100.0,100.0,100.0,100.0,100.0,111.6,111.6,111.6,111.6,111.6,111.6,111.6,111.6,111.6,111.6,111.6,111.6,111.6,111.6,111.6,111.6,111.6,111.6,40.2,40.2,40.2,40.2,40.2,40.0,40.2,40.2,40.5,0.0,100.0,100.0,100.0,100.0,100.0,100.0,100.0,100.0,100.0,0.0,0.0,0.0,0.0,0.0,0.0,0.0,0.0,0.0,0.0,0.0,0.0,0.0,0.0,0.0,0.0,0.0,0.0,1197.8,12.00,16,16,16,39,55,661,1,82.4,80.7,85.0,77.6,78.1,77.2,78.8,76.1,78.3,77.8,77.0,77.3,67.7,67.8,67.6,59.2,54.4,1.312,1.044,1.331,21.935,11.834,21.932,90.000,50.432,6.359,6.720,6.480,6.704,5.626,6.468,6.271,6.365,6.236,28.919,12.238,41.157,50.578,1197.8,1197.8,4026.3,4026.3,4026.3,4026.3,57.5,36.6,100.0,84.9,56.8,No,No,No,4.763,0.353,8.0,48,95.0,100.0,No,No,91256,99039,32,99.0,No,No,3320,0.5,1.5,1.9,0.612,3.709,20658,16119,0.0,0.0,0.0,0.000,0.000,50,0,51.1,66.4,83.0,0.688,12.124,12.165,12.144,12.062,1131,46.966,19.055,26.377,7.506,39.822,25.149,14.653,0.336,26.377,21.282,8.129,20.924,220.000,240.000,780.0,1250.2,780.0,1245.0,1080.0,76.0,15.0,0.0,4.0,82.4,4.1,16.3,0.0,0.0,0.0,33,Yes,No,No,No,No,Yes,No,21.7,25.9,5,0,0,0,0,0,0,0,0,131,0,0,0,0,0,0,0,0,0,0,0,0,0,0,0,0,0,0,0,0,1440,6752,6605,937,8.0,231.1,515.8,122.2,118.6,118.2,118.2,80.2,229.9,40.6,40.0,39.9,39.9,4.26,8.80,1.38,1.28,9.19,9.19,0.18,0.41,3.60,0.66,4.94,0,0,0.0,0.0,8712,164,4.5,4.4,0,
7.7.2026,20:2:12.277,26838,19155,58.3,17363,15319,53.1,0.0,13312,0,1.291,1.294,1.294,1.275,1.269,1.294,1.288,1.319,1.294,4014.6,4017.8,4017.8,3992.8,3992.8,4017.8,4017.8,4042.7,4017.8,99.8,4008.9,4022.9,4007.7,4008.2,4008.6,4008.2,4008.3,4008.5,4009.0,4006.8,4006.9,4007.6,4008.5,4007.2,4007.2,4008.4,4008.6,4008.9,100.0,100.0,100.0,100.0,100.0,100.0,100.0,100.0,100.0,100.0,100.0,100.0,100.0,100.0,100.0,100.0,100.0,100.0,100.0,111.6,111.6,111.6,111.6,111.6,111.6,111.6,111.6,111.6,111.6,111.6,111.6,111.6,111.6,111.6,111.6,111.6,111.6,40.2,40.2,40.2,40.0,40.0,40.2,40.2,40.5,40.2,0.0,100.0,100.0,100.0,100.0,100.0,100.0,100.0,100.0,100.0,0.0,0.0,0.0,0.0,0.0,0.0,0.0,0.0,0.0,0.0,0.0,0.0,0.0,0.0,0.0,0.0,0.0,0.0,1197.8,12.00,16,16,16,39,55,661,1,82.8,84.5,83.2,80.9,81.7,81.1,82.5,82.0,79.3,80.3,79.5,81.1,68.6,68.7,68.4,59.2,54.4,1.312,1.025,1.325,26.174,11.693,26.172,90.000,55.855,7.271,7.484,7.228,7.848,7.824,6.501,6.741,7.093,7.452,34.429,12.116,46.545,55.975,1197.8,1197.8,4022.9,4022.9,4022.9,4022.9,63.6,43.6,100.0,88.9,59.2,No,No,No,4.571,0.297,8.0,49,95.0,100.0,No,No,91256,99039,32,99.0,No,No,3320,0.5,6.1,6.6,1.296,47.436,20660,16182,0.0,0.0,0.0,0.000,0.000,50,0,56.0,73.0,83.0,1.069,12.124,12.133,12.126,12.025,1130,93.439,19.055,77.567,26.693,68.425,25.229,43.093,0.336,77.567,17.676,6.004,65.661,220.000,240.000,1935.0,1750.2,1695.0,1942.8,1830.0,42.0,10.0,0.0,2.0,82.4,4.1,23.8,0.0,0.0,0.0,33,Yes,No,No,Yes,No,No,No,21.7,25.9,5,0,0,0,0,0,0,0,0,131,0,0,0,0,0,0,0,0,0,0,0,0,0,0,0,0,0,0,0,0,1440,6752,6605,937,8.0,28.7,158.0,2.1,0.7,0.6,0.6,28.8,217.0,2.1,0.7,0.6,0.6,34.80,484.27,6.52,6.36,1639.20,1639.20,7.97,26.69,33.01,1.79,48.43,0,0,0.0,0.0,8712,164,0.3,0.4,0,
7.7.2026,20:2:14.268,26773,19221,58.2,17364,15318,53.1,0.0,13312,0,1.291,1.281,1.269,1.312,1.288,1.312,1.294,1.275,1.294,4027.1,4017.8,4017.8,4042.7,4017.8,4042.7,4017.8,4042.7,4017.8,99.8,4012.6,4027.0,4011.5,4011.4,4011.5,4011.7,4012.0,4012.2,4012.9,4009.8,4010.5,4011.2,4012.2,4010.9,4011.2,4012.3,4012.9,4012.6,100.0,100.0,100.0,100.0,100.0,100.0,100.0,100.0,100.0,100.0,100.0,100.0,100.0,100.0,100.0,100.0,100.0,100.0,100.0,111.7,111.7,111.7,111.7,111.7,111.7,111.7,111.7,111.7,111.7,111.7,111.7,111.7,111.7,111.7,111.7,111.7,111.7,40.3,40.2,40.2,40.5,40.2,40.5,40.2,40.5,40.2,0.0,100.0,100.0,100.0,100.0,100.0,100.0,100.0,100.0,100.0,0.0,0.0,0.0,0.0,0.0,0.0,0.0,0.0,0.0,0.0,0.0,0.0,0.0,0.0,0.0,0.0,0.0,0.0,1197.8,12.00,16,16,16,39,55,661,1,81.9,81.3,83.2,78.0,79.3,79.5,78.4,76.3,77.9,78.0,76.9,77.4,68.2,68.3,68.0,57.8,54.3,1.344,1.031,1.350,22.243,11.857,22.246,90.000,50.963,6.285,7.028,7.274,6.182,5.350,6.340,6.211,6.069,5.829,29.321,12.264,41.586,51.044,1197.8,1197.8,4027.0,4027.0,4027.0,4027.0,58.0,37.1,100.0,85.5,57.2,No,No,No,4.896,0.340,8.0,49,95.0,100.0,No,No,91257,99039,32,99.0,No,No,3320,0.3,1.5,1.8,0.710,7.529,20662,16197,0.0,0.0,0.0,0.000,0.000,50,0,56.0,73.0,83.0,1.069,12.095,12.133,12.126,12.025,1130,93.439,40.825,77.567,26.693,68.425,25.229,43.093,0.336,77.567,17.676,6.004,65.661,220.000,240.000,1935.0,1750.2,1695.0,1942.8,1830.0,42.0,10.0,0.0,2.0,82.4,5.9,23.8,0.0,0.0,0.0,33,Yes,No,No,Yes,No,No,No,41.6,45.6,5,0,0,0,0,0,0,0,0,131,0,0,0,0,0,0,0,0,0,0,0,0,0,0,0,0,0,0,0,0,1440,6752,6605,938,8.0,83.3,111.6,65.3,59.5,58.9,58.9,83.3,259.7,57.4,54.4,54.1,54.1,12.00,17.94,7.83,7.56,19.67,19.67,5.50,6.50,11.02,0.98,2.58,0,0,0.0,0.0,8712,164,0.0,0.1,0,
7.7.2026,20:2:16.269,26661,19332,57.9,17271,15411,52.8,0.0,13312,0,1.290,1.319,1.269,1.300,1.288,1.300,1.294,1.269,1.281,4005.3,4017.8,3992.8,4017.8,3992.8,4017.8,4017.8,3992.8,3992.8,99.8,4012.9,4028.1,4012.0,4012.4,4012.5,4012.3,4012.1,4012.6,4013.1,4010.4,4011.0,4011.9,4012.5,4011.2,4011.2,4011.8,4012.1,4012.9,100.0,100.0,100.0,100.0,100.0,100.0,100.0,100.0,100.0,100.0,100.0,100.0,100.0,100.0,100.0,100.0,100.0,100.0,100.0,111.7,111.7,111.7,111.7,111.7,111.7,111.7,111.7,111.7,111.7,111.7,111.7,111.7,111.7,111.7,111.7,111.7,111.7,40.1,40.2,40.0,40.2,40.0,40.2,40.2,40.0,40.0,0.0,100.0,100.0,100.0,100.0,100.0,100.0,100.0,100.0,100.0,0.0,0.0,0.0,0.0,0.0,0.0,0.0,0.0,0.0,0.0,0.0,0.0,0.0,0.0,0.0,0.0,0.0,0.0,1197.8,12.00,16,16,16,39,55,661,1,82.4,82.5,82.5,78.6,80.0,80.0,80.7,80.3,77.1,76.1,77.1,77.4,67.9,68.2,67.7,56.8,54.1,1.344,1.031,1.350,23.435,11.809,23.435,90.000,52.396,6.762,7.269,7.214,7.431,7.394,6.054,5.478,6.579,6.680,30.882,12.220,43.102,52.548,1197.8,1197.8,4028.1,4028.1,4028.1,4028.1,59.7,39.1,100.0,86.9,58.1,No,No,No,4.926,0.306,8.0,48,95.0,100.0,No,No,91257,99039,32,99.0,No,No,3320,1.1,3.3,4.5,7.033,8.741,20676,16215,0.0,0.0,0.0,0.000,0.000,50,0,56.2,73.2,83.0,1.069,12.098,12.136,12.128,12.030,1126,89.801,39.095,73.513,24.551,65.732,24.807,40.840,0.336,73.513,16.939,6.349,64.373,220.000,240.000,1935.0,1750.2,1695.0,1931.4,1830.0,43.0,10.0,0.0,2.0,82.4,3.8,15.3,0.0,0.0,0.0,33,Yes,No,No,Yes,No,No,No,41.1,45.0,5,0,0,0,0,0,0,0,0,131,0,0,0,0,0,0,0,0,0,0,0,0,0,0,0,0,0,0,0,0,1440,6752,6605,938,8.0,81.3,126.8,58.2,53.9,53.4,53.4,81.3,134.9,58.1,54.0,53.6,53.6,12.29,17.16,7.91,7.45,18.65,18.65,5.23,7.07,11.54,0.76,1.97,0,0,0.0,0.0,8712,164,0.3,0.4,0,
7.7.2026,20:2:18.257,26323,19670,57.2,16932,15749,51.8,0.0,13312,0,1.297,1.288,1.300,1.294,1.312,1.294,1.294,1.294,1.300,4017.8,4017.8,4017.8,4017.8,4042.7,4017.8,4017.8,3992.8,4017.8,99.8,4011.2,4024.7,4010.4,4010.4,4010.8,4010.7,4010.9,4011.1,4011.8,4008.4,4008.9,4009.9,4010.7,4009.3,4009.3,4010.4,4010.6,4011.2,100.0,100.0,100.0,100.0,100.0,100.0,100.0,100.0,100.0,100.0,100.0,100.0,100.0,100.0,100.0,100.0,100.0,100.0,100.0,111.6,111.7,111.7,111.7,111.7,111.7,111.7,111.7,111.7,111.6,111.6,111.6,111.6,111.6,111.6,111.6,111.6,111.6,40.2,40.2,40.2,40.2,40.5,40.2,40.2,40.0,40.2,0.0,100.0,100.0,100.0,100.0,100.0,100.0,100.0,100.0,100.0,0.0,0.0,0.0,0.0,0.0,0.0,0.0,0.0,0.0,0.0,0.0,0.0,0.0,0.0,0.0,0.0,0.0,0.0,1197.8,12.00,16,16,16,39,55,661,1,82.2,82.6,85.5,79.6,79.8,79.6,80.5,79.8,78.9,79.7,78.3,80.1,68.4,68.6,68.3,59.0,54.4,1.312,1.038,1.331,24.246,11.828,24.244,90.000,53.548,6.810,7.137,7.057,7.048,6.720,6.665,6.733,6.515,6.605,31.945,12.247,44.192,53.641,1197.8,1197.8,4024.7,4024.7,4024.7,4024.7,61.0,40.4,100.0,86.9,58.0,No,No,No,4.817,0.315,8.0,49,95.0,100.0,No,No,91257,99039,32,99.0,No,No,3320,0.4,2.8,3.1,0.812,10.742,20677,16232,0.0,0.0,0.0,0.000,0.000,50,0,55.9,72.7,83.0,1.069,12.100,12.138,12.130,12.032,1129,88.838,38.189,75.459,25.309,66.741,24.739,41.921,0.336,75.459,16.759,6.151,49.011,220.000,240.000,1935.0,1750.2,1695.0,1931.4,1830.0,38.0,9.0,0.0,2.0,82.4,3.6,14.5,0.0,0.0,0.0,33,Yes,No,No,Yes,No,No,No,41.9,34.0,5,0,0,0,0,0,0,0,0,131,0,0,0,0,0,0,0,0,0,0,0,0,0,0,0,0,0,0,0,0,1440,6752,6605,938,8.0,75.0,87.2,60.5,60.4,60.4,60.4,74.9,97.8,61.3,60.3,60.2,60.2,13.33,16.33,11.42,11.36,16.62,16.62,5.39,7.94,12.54,0.79,1.21,0,0,0.0,0.0,8712,164,0.1,0.0,0,
7.7.2026,20:2:20.253,26520,19474,57.6,17129,15553,52.4,0.0,13312,0,1.292,1.294,1.294,1.294,1.288,1.288,1.288,1.300,1.294,4017.8,4017.8,4017.8,4017.8,4017.8,4017.8,4017.8,4017.8,4017.8,99.8,4012.0,4026.7,4011.0,4011.3,4011.5,4011.4,4011.3,4011.6,4012.1,4009.8,4010.1,4010.6,4011.7,4010.6,4010.2,4011.1,4011.7,4012.0,100.0,100.0,100.0,100.0,100.0,100.0,100.0,100.0,100.0,100.0,100.0,100.0,100.0,100.0,100.0,100.0,100.0,100.0,100.0,111.7,111.7,111.7,111.7,111.7,111.7,111.7,111.7,111.7,111.7,111.7,111.7,111.7,111.7,111.7,111.7,111.7,111.7,40.2,40.2,40.2,40.2,40.2,40.2,40.2,40.2,40.2,0.0,100.0,100.0,100.0,100.0,100.0,100.0,100.0,100.0,100.0,0.0,0.0,0.0,0.0,0.0,0.0,0.0,0.0,0.0,0.0,0.0,0.0,0.0,0.0,0.0,0.0,0.0,0.0,1197.8,12.00,16,16,16,39,55,661,1,82.4,82.5,80.2,78.9,79.3,79.3,81.1,80.1,78.2,77.6,77.6,78.0,68.1,68.3,68.0,59.0,53.7,1.319,1.031,1.325,23.183,11.803,23.186,90.000,52.112,6.608,6.951,6.967,7.088,6.881,6.364,5.941,6.295,6.377,30.544,12.215,42.759,52.197,1197.8,1197.8,4026.7,4026.7,4026.7,4026.7,59.3,38.6,100.0,86.8,57.7,No,No,No,4.854,0.300,8.0,49,95.0,100.0,No,No,91257,99039,32,99.0,No,No,3320,0.0,0.1,0.2,0.070,0.354,20677,16233,0.0,0.0,0.0,0.000,0.000,50,0,57.0,74.0,83.0,1.069,12.100,12.138,12.130,12.031,1130,90.852,39.923,75.040,25.101,66.751,24.976,41.686,0.336,75.040,16.981,14.706,58.617,220.000,240.000,1935.0,1750.2,1695.0,1931.4,1830.0,41.0,10.0,0.0,2.0,82.4,4.5,17.9,0.0,0.0,0.0,33,Yes,No,No,Yes,No,No,No,41.8,45.7,5,0,0,0,0,0,0,0,0,131,0,0,0,0,0,0,0,0,0,0,0,0,0,0,0,0,0,0,0,0,1440,6752,6605,938,8.0,80.9,97.1,65.6,63.4,63.1,63.1,80.9,105.6,57.8,52.2,51.6,51.6,12.36,15.42,10.41,10.23,15.98,15.98,5.33,7.03,11.62,0.75,1.64,0,0,0.0,0.0,8712,164,2.6,4.0,0,
7.7.2026,20:2:22.261,26636,19357,57.9,17237,15445,52.7,0.0,13312,0,1.299,1.294,1.312,1.294,1.312,1.300,1.294,1.294,1.294,4014.6,4017.8,4017.8,3992.8,4017.8,4017.8,4017.8,4017.8,4017.8,99.8,4009.6,4023.7,4008.8,4008.9,4008.9,4009.0,4009.1,4009.6,4010.2,4007.3,4006.9,4008.2,4008.9,4008.0,4008.0,4008.7,4008.8,4009.6,100.0,100.0,100.0,100.0,100.0,100.0,100.0,100.0,100.0,100.0,100.0,100.0,100.0,100.0,100.0,100.0,100.0,100.0,100.0,111.6,111.6,111.6,111.6,111.6,111.6,111.6,111.6,111.6,111.6,111.6,111.6,111.6,111.6,111.6,111.6,111.6,111.6,40.2,40.2,40.2,40.0,40.2,40.2,40.2,40.2,40.2,0.0,100.0,100.0,100.0,100.0,100.0,100.0,100.0,100.0,100.0,0.0,0.0,0.0,0.0,0.0,0.0,0.0,0.0,0.0,0.0,0.0,0.0,0.0,0.0,0.0,0.0,0.0,0.0,1197.8,12.00,16,16,16,39,55,661,1,82.5,82.4,79.2,79.1,79.1,78.5,80.3,78.5,78.9,79.2,78.0,80.3,68.2,68.3,68.1,59.0,54.1,1.325,1.031,1.325,23.515,11.810,23.516,90.000,52.564,6.663,6.929,6.760,6.939,6.294,6.635,6.412,6.267,7.067,30.978,12.224,43.202,52.654,1197.8,1197.8,4023.7,4023.7,4023.7,4023.7,59.8,39.2,100.0,86.8,57.8,No,No,No,5.050,0.303,8.0,49,95.0,100.0,No,No,91257,99039,32,99.0,No,No,3320,0.0,0.5,0.6,0.008,2.583,20677,16237,0.0,0.0,0.0,0.000,0.000,50,0,57.3,74.1,83.0,1.069,12.103,12.142,12.133,12.035,1129,87.640,37.548,73.312,24.393,65.601,24.779,40.728,0.336,73.312,16.840,9.710,46.472,220.000,240.000,1935.0,1750.2,1695.0,1931.6,1830.0,41.0,10.0,0.0,2.0,82.4,4.2,16.9,0.0,0.0,0.0,33,Yes,No,No,Yes,No,No,No,41.0,41.0,5,0,0,0,0,0,0,0,0,131,0,0,0,0,0,0,0,0,0,0,0,0,0,0,0,0,0,0,0,0,1440,6752,6605,938,8.0,75.9,93.4,59.3,56.2,55.9,55.9,76.2,122.8,55.9,55.2,55.1,55.1,13.17,16.93,10.63,10.53,18.18,18.18,5.35,7.83,12.37,0.80,1.98,0,0,0.0,0.0,8712,164,0.6,0.2,0,
7.7.2026,20:2:24.257,26482,19512,57.5,17126,15556,52.4,0.0,13312,0,1.294,1.294,1.306,1.294,1.288,1.294,1.288,1.300,1.288,4011.5,4017.8,3992.8,4017.8,4017.8,4017.8,4017.8,3992.8,4017.8,99.8,4009.9,4024.8,4009.0,4009.3,4009.5,4008.7,4009.6,4010.7,4010.9,4007.9,4005.7,4007.8,4008.7,4007.4,4008.3,4009.7,4009.9,4009.9,100.0,100.0,100.0,100.0,100.0,100.0,100.0,100.0,100.0,100.0,99.9,100.0,100.0,100.0,100.0,100.0,100.0,100.0,100.0,111.6,111.6,111.6,111.6,111.6,111.6,111.6,111.6,111.6,111.6,111.5,111.6,111.6,111.6,111.6,111.6,111.6,111.6,40.2,40.2,40.0,40.2,40.2,40.2,40.2,40.0,40.2,0.0,100.0,100.0,100.0,100.0,100.0,100.0,100.0,100.0,100.0,0.0,0.0,0.0,0.0,0.0,0.0,0.0,0.0,0.0,0.0,0.0,0.0,0.0,0.0,0.0,0.0,0.0,0.0,1197.8,12.00,16,16,16,39,55,661,1,82.5,82.7,83.0,79.0,79.3,78.5,81.0,78.5,78.6,79.1,77.7,79.2,68.0,68.2,67.9,57.2,54.2,1.319,1.031,1.331,23.110,11.789,23.107,90.000,51.946,6.620,6.913,6.786,7.164,6.247,6.450,6.542,6.232,6.628,30.445,12.201,42.646,52.075,1197.8,1197.8,4024.8,4024.8,4024.8,4024.8,59.2,38.5,100.0,87.0,57.6,No,No,No,4.951,0.293,8.0,48,95.0,100.0,No,No,91257,99039,32,99.0,No,No,3320,0.0,0.5,0.5,0.066,2.465,20677,16242,0.0,0.0,0.0,0.000,0.000,50,0,57.2,74.0,83.0,1.069,12.108,12.148,12.136,12.039,1129,88.974,36.564,70.646,23.166,63.801,24.475,39.246,0.336,70.646,16.505,11.236,45.586,220.000,240.000,1935.0,1750.2,1695.0,1931.5,1830.0,38.0,9.0,0.0,2.0,82.4,3.9,15.6,0.0,0.0,0.0,33,Yes,No,No,Yes,No,No,No,39.6,45.8,5,0,0,0,0,0,0,0,0,131,0,0,0,0,0,0,0,0,0,0,0,0,0,0,0,0,0,0,0,0,1440,6752,6605,938,8.0,72.8,86.9,41.6,38.4,38.1,38.1,72.8,113.3,38.2,37.9,37.8,37.8,13.73,24.24,11.44,11.14,26.46,26.46,5.32,8.42,12.93,0.80,2.20,0,0,0.0,0.0,8712,164,0.6,1.6,0,
7.7.2026,20:2:26.264,26471,19523,57.5,17112,15570,52.3,0.0,13312,0,1.291,1.294,1.294,1.269,1.300,1.300,1.294,1.275,1.300,4011.5,4017.8,4017.8,3992.8,4017.8,4017.8,4017.8,3992.8,4017.8,99.8,4005.0,4020.3,4004.2,4004.4,4004.7,4004.6,4004.5,4005.1,4005.5,4002.6,4002.6,4003.0,4004.0,4003.1,4003.0,4003.9,4004.2,4005.0,100.0,100.0,100.0,100.0,100.0,100.0,100.0,100.0,100.0,100.0,100.0,100.0,100.0,100.0,100.0,100.0,100.0,100.0,100.0,111.5,111.5,111.5,111.5,111.5,111.5,111.5,111.5,111.5,111.5,111.5,111.5,111.5,111.5,111.5,111.5,111.5,111.5,40.2,40.2,40.2,40.0,40.2,40.2,40.2,40.0,40.2,0.0,100.0,100.0,100.0,100.0,100.0,100.0,100.0,100.0,100.0,0.0,0.0,0.0,0.0,0.0,0.0,0.0,0.0,0.0,0.0,0.0,0.0,0.0,0.0,0.0,0.0,0.0,0.0,1197.8,12.00,16,16,16,39,55,661,1,83.2,84.3,83.5,80.2,79.5,78.9,82.1,80.0,79.0,79.4,79.8,82.5,68.3,68.4,68.1,57.5,54.6,1.325,1.031,1.331,24.614,11.732,24.615,90.000,53.820,6.973,6.920,6.727,7.435,6.782,6.454,6.379,7.086,8.002,32.389,12.148,44.538,53.941,1197.8,1197.8,4020.3,4020.3,4020.3,4020.3,61.3,41.0,100.0,88.8,58.1,No,No,No,4.404,0.327,8.0,49,95.0,100.0,No,No,91257,99039,32,99.0,No,No,3320,0.0,0.3,0.4,0.070,1.907,20678,16246,0.0,0.0,0.0,0.000,0.000,50,0,58.2,75.3,83.0,1.069,12.098,12.136,12.128,12.030,1130,93.376,38.760,74.504,25.000,66.339,24.867,41.391,0.336,74.504,17.005,6.987,56.666,220.000,240.000,1935.0,1750.2,1695.0,1931.2,1830.0,42.0,10.0,0.0,2.0,82.4,4.9,19.7,0.0,0.0,0.0,33,Yes,No,No,Yes,No,No,No,41.6,44.3,5,0,0,0,0,0,0,0,0,131,0,0,0,0,0,0,0,0,0,0,0,0,0,0,0,0,0,0,0,0,1440,6752,6605,938,8.0,86.5,111.0,67.1,54.3,53.2,53.2,86.3,155.6,59.1,52.3,51.6,51.6,11.56,15.05,9.08,6.29,18.70,18.70,5.20,6.36,10.86,0.70,1.70,0,0,0.0,0.0,8712,164,0.3,0.3,0,
7.7.2026,20:2:28.280,26502,19492,57.6,17155,15527,52.4,0.0,13312,0,1.292,1.300,1.275,1.300,1.269,1.300,1.300,1.300,1.294,4008.4,4017.8,3992.8,4017.8,4017.8,3992.8,4017.8,4017.8,3992.8,99.8,3998.1,4014.5,3996.9,3997.2,3997.3,3997.5,3997.4,3997.8,3998.5,3995.8,3995.6,3996.4,3997.7,3996.3,3996.5,3997.3,3997.6,3998.1,100.0,100.0,100.0,100.0,100.0,100.0,100.0,100.0,100.0,100.0,100.0,100.0,100.0,100.0,100.0,100.0,100.0,100.0,100.0,111.3,111.3,111.3,111.3,111.3,111.3,111.3,111.3,111.3,111.3,111.3,111.3,111.3,111.3,111.3,111.3,111.3,111.3,40.2,40.2,40.0,40.2,40.2,40.0,40.2,40.2,40.0,0.0,100.0,100.0,100.0,100.0,100.0,100.0,100.0,100.0,100.0,0.0,0.0,0.0,0.0,0.0,0.0,0.0,0.0,0.0,0.0,0.0,0.0,0.0,0.0,0.0,0.0,0.0,0.0,1197.8,12.00,16,16,16,39,55,661,1,85.1,86.6,86.8,82.2,80.4,80.6,82.6,82.1,80.7,82.2,82.6,86.1,69.1,69.1,69.1,58.8,54.6,1.331,1.044,1.337,27.324,11.723,27.312,90.000,57.275,7.552,6.974,7.059,7.492,7.381,6.855,7.233,8.119,9.306,35.860,12.154,48.014,57.433,1197.8,1197.8,4014.5,4014.5,4014.5,4014.5,65.3,45.5,100.0,91.1,59.3,No,No,No,4.412,0.341,8.0,48,95.0,100.0,No,No,91257,99039,32,99.0,No,No,3320,0.1,0.5,0.6,0.296,3.728,20678,16253,0.0,0.0,0.0,0.000,0.000,50,0,58.0,75.0,83.0,1.069,12.097,12.136,12.128,12.029,1129,93.968,39.389,76.961,26.140,67.939,25.092,42.755,0.336,76.961,17.268,8.756,51.679,220.000,240.000,1935.0,1750.2,1695.0,1931.1,1830.0,40.0,10.0,0.0,2.0,82.4,4.3,17.4,0.0,0.0,0.0,33,Yes,No,No,Yes,No,No,No,40.0,44.6,5,0,0,0,0,0,0,0,0,131,0,0,0,0,0,0,0,0,0,0,0,0,0,0,0,0,0,0,0,0,1440,6752,6605,938,8.0,87.5,103.6,75.0,72.1,71.8,71.8,87.5,120.0,62.8,62.7,62.7,62.7,11.43,13.64,9.67,9.45,13.95,13.95,5.15,6.28,10.71,0.72,1.40,0,0,0.0,0.0,8712,164,0.7,0.3,0,
7.7.2026,20:2:30.275,26396,19598,57.3,17047,15635,52.1,0.0,13312,0,1.286,1.300,1.288,1.269,1.294,1.300,1.275,1.269,1.294,4005.3,3992.8,4017.8,3992.8,3992.8,4017.8,4017.8,3992.8,4017.8,99.8,3999.1,4015.1,3997.9,3997.9,3998.5,3998.3,3998.4,3998.6,3999.0,3997.2,3997.2,3997.7,3998.5,3997.3,3997.7,3998.3,3998.5,3999.1,100.0,100.0,100.0,100.0,100.0,100.0,100.0,100.0,100.0,100.0,100.0,100.0,100.0,100.0,100.0,100.0,100.0,100.0,100.0,111.3,111.3,111.3,111.3,111.3,111.3,111.3,111.3,111.3,111.3,111.3,111.3,111.3,111.3,111.3,111.3,111.3,111.3,40.1,40.0,40.2,40.0,40.0,40.2,40.2,40.0,40.2,0.0,100.0,100.0,100.0,100.0,100.0,100.0,100.0,100.0,100.0,0.0,0.0,0.0,0.0,0.0,0.0,0.0,0.0,0.0,0.0,0.0,0.0,0.0,0.0,0.0,0.0,0.0,0.0,1197.8,12.00,16,16,16,39,55,661,1,86.9,87.5,89.2,84.3,82.7,83.8,85.2,86.1,83.1,85.1,82.2,86.0,70.2,70.3,70.1,59.2,54.9,1.312,1.038,1.331,30.334,11.698,30.328,90.000,61.248,8.242,7.644,8.025,8.471,8.916,7.918,8.440,7.672,8.847,39.774,12.145,51.919,61.405,1197.8,1197.8,4015.1,4015.1,4015.1,4015.1,69.8,50.5,100.0,92.1,60.3,No,No,No,4.681,0.305,8.0,48,95.0,100.0,No,No,91257,99039,32,99.0,No,No,3320,0.0,0.3,0.4,0.075,1.824,20678,16257,0.0,0.0,0.0,0.000,0.000,50,0,58.9,76.2,83.0,1.069,12.096,12.133,12.127,12.026,1131,93.093,41.560,79.927,27.179,69.827,25.327,44.401,0.336,79.927,17.218,6.753,64.706,220.000,240.000,1935.0,1750.2,1695.0,1931.4,1830.0,45.0,11.0,0.0,2.0,82.4,5.0,19.9,0.0,0.0,0.0,33,Yes,No,No,Yes,No,No,No,44.2,43.9,5,0,0,0,0,0,0,0,0,131,0,0,0,0,0,0,0,0,0,0,0,0,0,0,0,0,0,0,0,0,1440,6752,6605,938,8.0,87.5,122.1,74.4,72.0,71.7,71.7,87.5,227.5,57.9,53.6,53.1,53.1,11.43,13.48,8.18,7.99,14.00,14.00,5.28,6.15,10.73,0.70,2.68,0,0,0.0,0.0,8712,164,0.4,0.3,0,
7.7.2026,20:2:32.274,26364,19630,57.3,17032,15650,52.1,0.0,13312,0,1.279,1.275,1.269,1.288,1.294,1.294,1.269,1.269,1.275,4005.3,4017.8,4017.8,3992.8,3992.8,3992.8,4017.8,3992.8,4017.8,99.8,3995.6,4011.5,3993.7,3993.5,3994.1,3993.8,3994.0,3994.4,3995.4,3993.7,3994.0,3994.6,3995.6,3994.2,3994.9,3995.6,3996.0,3995.6,100.0,100.0,100.0,100.0,100.0,100.0,100.0,100.0,100.0,100.0,100.0,100.0,100.0,100.0,100.0,100.0,100.0,100.0,100.0,111.2,111.2,111.2,111.2,111.2,111.2,111.2,111.2,111.2,111.2,111.2,111.2,111.2,111.2,111.2,111.2,111.2,111.2,40.1,40.2,40.2,40.0,40.0,40.0,40.2,40.0,40.2,0.0,100.0,100.0,100.0,100.0,100.0,100.0,100.0,100.0,100.0,0.0,0.0,0.0,0.0,0.0,0.0,0.0,0.0,0.0,0.0,0.0,0.0,0.0,0.0,0.0,0.0,0.0,0.0,1197.8,12.00,16,16,16,39,55,661,1,87.5,88.9,86.0,85.7,83.5,84.7,87.0,87.6,84.3,87.0,83.8,87.7,71.1,71.2,71.0,60.0,55.3,1.325,1.044,1.337,31.715,11.698,31.713,90.000,63.124,8.374,7.615,8.006,8.726,9.068,7.993,8.672,7.946,8.965,41.498,12.152,53.650,63.166,1197.8,1197.8,4011.5,4011.5,4011.5,4011.5,71.8,52.9,100.0,93.6,60.7,No,No,No,4.647,0.312,8.0,48,95.0,100.0,No,No,91257,99039,32,99.0,No,No,3320,0.1,0.4,0.5,0.158,2.583,20679,16263,0.0,0.0,0.0,0.000,0.000,50,0,58.4,75.5,83.0,1.069,12.107,12.147,12.135,12.038,1131,88.763,37.399,71.395,23.358,64.317,24.581,39.663,0.336,71.395,16.462,6.473,56.009,220.000,240.000,1935.0,1750.2,1695.0,1931.3,1830.0,35.0,8.0,0.0,1.0,82.4,4.0,16.2,0.0,0.0,0.0,33,Yes,No,No,Yes,No,No,No,40.4,40.1,5,0,0,0,0,0,0,0,0,131,0,0,0,0,0,0,0,0,0,0,0,0,0,0,0,0,0,0,0,0,1440,6752,6605,938,8.0,75.2,104.5,46.9,39.7,39.0,39.0,74.8,164.7,47.0,40.2,39.6,39.6,13.30,21.38,9.59,7.60,25.72,25.72,5.30,8.00,12.52,0.78,2.56,0,0,0.0,0.0,8712,164,0.6,0.3,0,
7.7.2026,20:2:34.276,26263,19731,57.1,16916,15765,51.7,0.0,13312,0,1.284,1.294,1.300,1.275,1.269,1.294,1.294,1.269,1.275,4008.4,4017.8,4017.8,3992.8,3992.8,4017.8,4017.8,4017.8,3992.8,99.8,3997.9,4014.3,3996.8,3997.3,3997.7,3997.0,3997.4,3998.0,3997.8,3994.7,3995.5,3996.3,3997.1,3996.0,3996.0,3996.8,3997.5,3997.9,100.0,100.0,100.0,100.0,100.0,100.0,100.0,100.0,100.0,100.0,100.0,100.0,100.0,100.0,100.0,100.0,100.0,100.0,100.0,111.3,111.3,111.3,111.3,111.3,111.3,111.3,111.3,111.3,111.3,111.3,111.3,111.3,111.3,111.3,111.3,111.3,111.3,40.2,40.2,40.2,40.0,40.0,40.2,40.2,40.2,40.0,0.0,100.0,100.0,100.0,100.0,100.0,100.0,100.0,100.0,100.0,0.0,0.0,0.0,0.0,0.0,0.0,0.0,0.0,0.0,0.0,0.0,0.0,0.0,0.0,0.0,0.0,0.0,0.0,1197.8,12.00,16,16,16,39,55,661,1,87.5,87.0,87.5,83.8,82.4,83.2,85.2,85.5,82.4,84.5,82.1,85.3,70.6,70.7,70.4,59.5,55.3,1.319,1.038,1.337,28.644,11.735,28.646,90.000,59.057,7.911,7.294,7.612,8.259,8.492,7.432,8.149,7.570,8.477,37.543,12.174,49.717,59.220,1197.8,1197.8,4014.3,4014.3,4014.3,4014.3,67.3,47.7,100.0,91.5,60.0,No,No,No,4.837,0.326,8.0,49,95.0,100.0,No,No,91257,99039,32,99.0,No,No,3320,0.5,3.5,3.9,0.779,28.125,20680,16300,0.0,0.0,0.0,0.000,0.000,50,0,58.9,76.0,83.0,1.069,12.099,12.137,12.130,12.031,1126,89.759,38.666,74.681,25.039,66.472,24.904,41.489,0.336,74.681,16.995,16.036,46.027,220.000,240.000,1935.0,1750.2,1695.0,1923.0,1830.0,42.0,10.0,0.0,2.0,82.4,4.7,18.7,0.0,0.0,0.0,33,Yes,No,No,Yes,No,No,No,41.7,45.6,5,0,0,0,0,0,0,0,0,131,0,0,0,0,0,0,0,0,0,0,0,0,0,0,0,0,0,0,0,0,1440,6752,6605,937,8.0,82.3,144.6,47.4,29.8,28.6,28.6,82.0,165.9,45.7,28.4,27.2,27.2,12.14,20.94,7.09,6.74,34.71,34.71,5.19,6.95,11.38,0.76,2.50,0,0,0.0,0.0,8712,164,0.2,0.3,0,
7.7.2026,20:2:36.272,26428,19566,57.4,17066,15616,52.2,0.0,13312,0,1.295,1.294,1.294,1.294,1.294,1.294,1.300,1.300,1.294,4011.5,3992.8,4017.8,4017.8,4017.8,4017.8,3992.8,4017.8,4017.8,99.8,3997.9,4013.2,3996.0,3996.1,3996.2,3996.1,3996.2,3997.0,3997.9,3995.5,3996.2,3996.8,3997.9,3996.9,3997.2,3998.3,3998.8,3997.9,100.0,100.0,100.0,100.0,100.0,100.0,100.0,100.0,100.0,100.0,100.0,100.0,100.0,100.0,100.0,100.0,100.0,100.0,100.0,111.3,111.3,111.3,111.3,111.3,111.3,111.3,111.3,111.3,111.2,111.2,111.2,111.2,111.2,111.2,111.2,111.2,111.2,40.2,40.0,40.2,40.2,40.2,40.2,40.0,40.2,40.2,0.0,100.0,100.0,100.0,100.0,100.0,100.0,100.0,100.0,100.0,0.0,0.0,0.0,0.0,0.0,0.0,0.0,0.0,0.0,0.0,0.0,0.0,0.0,0.0,0.0,0.0,0.0,0.0,1197.8,12.00,16,16,16,39,55,661,1,86.6,87.7,83.2,84.5,82.7,83.5,85.8,86.2,83.2,85.8,82.6,86.3,70.9,71.0,70.8,57.8,55.2,1.300,1.031,1.325,29.727,11.822,29.745,90.000,60.733,7.938,7.370,7.562,8.506,8.659,7.625,8.309,7.333,8.144,38.943,12.269,51.212,60.774,1197.8,1197.8,4013.2,4013.2,4013.2,4013.2,69.1,49.6,100.0,92.3,60.1,No,No,No,4.933,0.538,8.0,49,95.0,100.0,No,No,91257,99039,32,99.0,No,No,3320,19.6,10.2,29.9,21.145,207.170,20727,16759,0.0,0.0,0.0,0.000,0.000,50,0,59.1,76.1,83.0,1.069,12.103,12.142,12.133,12.034,1132,91.841,41.440,73.130,24.163,65.360,24.646,40.626,0.336,73.130,16.552,50.463,45.992,220.000,240.000,1935.0,1750.2,1695.0,1931.3,1830.0,38.0,9.0,0.0,2.0,82.4,4.5,18.1,0.0,0.0,0.0,33,Yes,No,No,Yes,No,No,No,41.7,43.4,5,0,0,0,0,0,0,0,0,131,0,0,0,0,0,0,0,0,0,0,0,0,0,0,0,0,0,0,0,0,1440,6752,6605,937,8.0,79.2,94.3,61.9,47.0,45.8,45.8,79.2,128.1,54.8,46.9,46.1,46.1,12.63,16.33,10.70,10.11,21.70,21.70,5.24,7.38,11.84,0.79,1.95,0,0,0.0,0.0,8712,164,0.2,0.3,0,
7.7.2026,20:2:38.280,26459,19535,57.5,17093,15589,52.3,0.0,13312,0,1.300,1.319,1.294,1.319,1.294,1.294,1.294,1.294,1.294,4017.8,4017.8,4017.8,4017.8,4017.8,4017.8,4017.8,4017.8,4017.8,99.8,4011.8,4026.0,4010.5,4010.7,4011.4,4010.7,4010.8,4011.7,4012.2,4009.6,4010.2,4010.8,4011.6,4009.8,4010.2,4011.0,4011.5,4011.8,100.0,100.0,100.0,100.0,100.0,100.0,100.0,100.0,100.0,100.0,100.0,100.0,100.0,100.0,100.0,100.0,100.0,100.0,100.0,111.6,111.6,111.6,111.6,111.6,111.6,111.6,111.6,111.6,111.6,111.6,111.6,111.6,111.6,111.6,111.6,111.6,111.6,40.2,40.2,40.2,40.2,40.2,40.2,40.2,40.2,40.2,0.0,100.0,100.0,100.0,100.0,100.0,100.0,100.0,100.0,100.0,0.0,0.0,0.0,0.0,0.0,0.0,0.0,0.0,0.0,0.0,0.0,0.0,0.0,0.0,0.0,0.0,0.0,0.0,1197.8,12.00,16,16,16,39,55,661,1,83.8,81.0,78.0,77.9,79.1,78.6,80.2,78.5,77.2,76.4,76.5,76.5,68.8,69.0,68.7,59.5,55.0,1.312,1.044,1.319,20.713,11.920,20.720,90.000,49.066,6.002,6.694,6.639,6.649,6.075,5.633,5.211,5.718,5.396,27.275,12.321,39.596,49.065,1197.8,1197.8,4026.0,4026.0,4026.0,4026.0,55.8,34.5,100.0,85.3,56.3,No,No,No,5.091,0.308,8.0,49,95.0,100.0,No,No,91257,99039,32,99.0,No,No,3320,0.8,0.1,1.0,0.485,0.282,20728,16759,0.0,0.0,0.0,0.000,0.000,50,0,59.0,75.6,83.0,1.038,12.107,12.147,12.136,12.039,1132,87.953,37.268,68.915,22.969,63.254,24.896,38.284,0.336,68.915,17.499,6.292,61.320,220.000,240.000,1905.0,1750.2,1665.0,1899.5,1800.0,40.0,9.0,0.0,2.0,82.4,4.7,19.0,0.0,0.0,0.0,33,Yes,No,No,No,No,Yes,No,39.4,41.2,5,0,0,0,0,0,0,0,0,131,0,0,0,0,0,0,0,0,0,0,0,0,0,0,0,0,0,0,0,0,1440,6752,6605,937,8.0,77.4,142.1,55.6,49.3,48.7,48.7,77.4,252.5,48.0,39.3,38.5,38.5,12.92,18.04,7.08,6.86,20.62,20.62,5.40,7.53,12.08,0.84,2.83,0,0,0.0,0.0,8712,164,0.3,0.1,0,
7.7.2026,20:2:40.285,26646,19348,57.9,17285,15396,52.8,0.0,13312,0,1.291,1.294,1.269,1.275,1.300,1.300,1.294,1.300,1.300,4014.6,4017.8,3992.8,3992.8,4017.8,4017.8,4042.7,4017.8,4017.8,99.8,4010.6,4025.5,4009.7,4009.7,4010.3,4009.7,4010.1,4010.7,4011.1,4008.2,4008.5,4009.2,4010.2,4008.8,4008.6,4009.6,4009.9,4010.6,100.0,100.0,100.0,100.0,100.0,100.0,100.0,100.0,100.0,100.0,100.0,100.0,100.0,100.0,100.0,100.0,100.0,100.0,100.0,111.6,111.6,111.6,111.6,111.6,111.6,111.6,111.6,111.6,111.6,111.6,111.6,111.6,111.6,111.6,111.6,111.6,111.6,40.2,40.2,40.0,40.0,40.2,40.2,40.5,40.2,40.2,0.0,100.0,100.0,100.0,100.0,100.0,100.0,100.0,100.0,100.0,0.0,0.0,0.0,0.0,0.0,0.0,0.0,0.0,0.0,0.0,0.0,0.0,0.0,0.0,0.0,0.0,0.0,0.0,1197.8,12.00,16,16,16,39,55,661,1,82.2,81.0,81.2,77.6,77.7,76.7,79.6,76.9,77.1,76.3,77.8,78.3,68.1,68.2,68.0,59.5,55.2,1.312,1.038,1.331,21.023,11.853,21.020,90.000,49.294,6.063,6.309,6.061,6.442,5.420,6.045,5.534,6.393,6.297,27.707,12.257,39.964,49.388,1197.8,1197.8,4025.5,4025.5,4025.5,4025.5,56.1,35.0,100.0,85.3,56.5,No,No,No,4.892,0.283,8.0,49,95.0,100.0,No,No,91257,99039,32,99.0,No,No,3320,0.5,0.1,0.7,0.354,0.252,20728,16760,0.0,0.0,0.0,0.000,0.000,50,0,59.6,76.6,83.0,1.069,12.105,12.145,12.136,12.035,1130,87.245,39.530,77.023,25.954,67.887,24.998,42.788,0.336,77.023,16.976,6.373,55.947,220.000,240.000,1935.0,1750.2,1695.0,1912.4,1830.0,41.0,10.0,0.0,2.0,82.4,4.4,17.5,0.0,0.0,0.0,33,Yes,No,No,Yes,No,No,No,42.0,46.3,5,0,0,0,0,0,0,0,0,131,0,0,0,0,0,0,0,0,0,0,0,0,0,0,0,0,0,0,0,0,1440,6752,6605,873,8.0,79.6,92.2,67.9,66.6,66.5,66.5,79.3,163.1,56.4,53.7,53.4,53.4,12.56,14.85,10.94,10.53,15.18,15.18,5.27,7.28,11.75,0.81,2.39,0,0,0.0,0.0,8712,164,0.3,0.2,0,
7.7.2026,20:2:42.274,26498,19496,57.6,17144,15538,52.4,0.0,13312,0,1.291,1.294,1.294,1.288,1.294,1.300,1.275,1.294,1.294,4024.0,4042.7,4017.8,4017.8,4017.8,4017.8,4017.8,4017.8,4042.7,99.8,4009.4,4023.8,4008.7,4009.1,4009.3,4008.7,4008.9,4009.1,4010.0,4007.3,4007.6,4008.4,4008.4,4007.0,4007.2,4008.2,4008.4,4009.4,100.0,100.0,100.0,100.0,100.0,100.0,100.0,100.0,100.0,100.0,100.0,100.0,100.0,100.0,100.0,100.0,100.0,100.0,100.0,111.6,111.6,111.6,111.6,111.6,111.6,111.6,111.6,111.6,111.6,111.6,111.6,111.6,111.6,111.6,111.6,111.6,111.6,40.3,40.5,40.2,40.2,40.2,40.2,40.2,40.2,40.5,0.0,100.0,100.0,100.0,100.0,100.0,100.0,100.0,100.0,100.0,0.0,0.0,0.0,0.0,0.0,0.0,0.0,0.0,0.0,0.0,0.0,0.0,0.0,0.0,0.0,0.0,0.0,0.0,1197.8,12.00,16,16,16,39,55,661,1,82.5,82.0,85.0,78.4,78.1,77.5,78.3,77.5,80.1,80.7,77.5,77.8,68.3,68.3,68.2,58.2,54.5,1.325,1.019,1.325,22.292,11.812,22.286,90.000,50.826,6.501,6.547,6.344,6.185,6.029,7.341,7.534,6.016,6.013,29.375,12.220,41.595,51.015,1197.8,1197.8,4023.8,4023.8,4023.8,4023.8,58.0,37.1,100.0,86.3,57.5,No,No,No,4.792,0.292,8.0,50,95.0,100.0,No,No,91257,99039,32,99.0,No,No,3320,0.0,0.1,0.1,0.019,0.123,20728,16760,0.0,0.0,0.0,0.000,0.000,50,0,59.9,77.0,83.0,1.069,12.106,12.145,12.135,12.036,1129,91.789,41.373,73.349,24.400,65.699,24.867,40.749,0.336,73.349,16.923,42.350,51.705,220.000,240.000,1935.0,1750.2,1695.0,1931.2,1830.0,40.0,10.0,0.0,2.0,82.4,4.2,17.0,0.0,0.0,0.0,33,Yes,No,No,Yes,No,No,No,42.7,44.8,5,0,0,0,0,0,0,0,0,131,0,0,0,0,0,0,0,0,0,0,0,0,0,0,0,0,0,0,0,0,1440,6752,6605,873,8.0,80.5,127.1,57.5,57.2,57.2,57.2,80.4,146.0,57.3,57.1,57.0,57.0,12.43,17.31,7.84,6.95,17.41,17.41,5.24,7.19,11.64,0.79,2.46,0,0,0.0,0.0,8712,164,0.5,0.3,0,
7.7.2026,20:2:44.306,26802,19191,58.2,17237,15445,52.7,0.0,13312,0,1.291,1.294,1.275,1.300,1.312,1.288,1.288,1.294,1.275,4017.8,4017.8,4017.8,4017.8,4042.7,4017.8,4017.8,4017.8,3992.8,99.8,4009.7,4023.9,4008.8,4009.0,4009.1,4008.7,4009.1,4010.1,4010.5,4007.3,4007.7,4008.6,4009.2,4007.4,4007.5,4008.8,4009.2,4009.7,100.0,100.0,100.0,100.0,100.0,100.0,100.0,100.0,100.0,100.0,100.0,100.0,100.0,100.0,100.0,100.0,100.0,100.0,100.0,111.6,111.6,111.6,111.6,111.6,111.6,111.6,111.6,111.6,111.6,111.6,111.6,111.6,111.6,111.6,111.6,111.6,111.6,40.2,40.2,40.2,40.2,40.5,40.2,40.2,40.2,40.0,0.0,100.0,100.0,100.0,100.0,100.0,100.0,100.0,100.0,100.0,0.0,0.0,0.0,0.0,0.0,0.0,0.0,0.0,0.0,0.0,0.0,0.0,0.0,0.0,0.0,0.0,0.0,0.0,1197.8,12.00,16,16,16,39,55,661,1,82.8,82.7,83.5,79.2,78.9,78.1,80.5,79.4,79.5,79.3,79.4,78.7,68.4,68.5,68.4,59.5,55.0,1.294,1.038,1.306,23.189,11.833,23.184,90.000,52.061,6.549,6.642,6.397,6.987,6.594,6.719,6.540,6.695,5.821,30.546,12.245,42.791,52.222,1197.8,1197.8,4023.9,4023.9,4023.9,4023.9,59.3,38.6,100.0,87.1,57.8,No,No,No,4.855,0.294,8.0,50,95.0,100.0,No,No,91257,99039,32,99.0,No,No,3320,0.1,0.1,0.3,0.078,0.504,20729,16761,0.0,0.0,0.0,0.000,0.000,50,0,59.6,76.5,83.0,1.069,12.105,12.145,12.135,12.036,1127,91.930,40.006,75.558,25.129,66.975,24.914,41.974,0.336,75.558,16.709,6.628,66.285,220.000,240.000,1935.0,1750.2,1695.0,1931.3,1830.0,41.0,10.0,0.0,2.0,82.4,4.3,17.2,0.0,0.0,0.0,33,Yes,No,No,Yes,No,No,No,36.8,35.2,5,0,0,0,0,0,0,0,0,131,0,0,0,0,0,0,0,0,0,0,0,0,0,0,0,0,0,0,0,0,1440,6752,6605,873,8.0,73.8,94.4,35.1,34.2,34.1,34.1,73.8,115.5,35.6,34.6,34.5,34.5,13.54,28.39,10.63,10.18,29.36,29.36,5.30,8.24,12.75,0.79,3.16,0,0,0.0,0.0,8712,164,65.1,6.3,0,
7.7.2026,20:2:46.343,26812,19181,58.2,17242,15440,52.7,0.0,13312,0,1.290,1.325,1.269,1.300,1.269,1.294,1.294,1.275,1.294,4014.6,4017.8,4017.8,4017.8,4017.8,4017.8,4017.8,4017.8,3992.8,99.8,4006.4,4021.3,4006.3,4006.4,4006.8,4005.5,4005.9,4006.6,4007.0,4003.5,4004.1,4004.9,4005.6,4004.2,4004.3,4005.2,4004.5,4006.4,100.0,100.0,100.0,100.0,100.0,100.0,100.0,100.0,100.0,100.0,100.0,100.0,100.0,100.0,100.0,100.0,100.0,100.0,100.0,111.5,111.5,111.5,111.5,111.5,111.5,111.5,111.5,111.5,111.5,111.5,111.5,111.5,111.5,111.5,111.5,111.5,111.5,40.2,40.2,40.2,40.2,40.2,40.2,40.2,40.2,40.0,0.0,100.0,100.0,100.0,100.0,100.0,100.0,100.0,100.0,100.0,0.0,0.0,0.0,0.0,0.0,0.0,0.0,0.0,0.0,0.0,0.0,0.0,0.0,0.0,0.0,0.0,0.0,0.0,1197.8,12.00,16,16,16,39,55,661,1,83.8,84.8,87.0,81.1,80.5,80.5,82.9,82.2,80.1,80.8,80.3,81.3,68.9,69.1,68.8,59.0,54.9,1.312,1.044,1.312,25.618,11.810,25.616,90.000,55.245,7.199,7.018,7.114,7.798,7.627,6.960,7.031,6.924,7.122,33.684,12.235,45.919,55.366,1197.8,1197.8,4021.3,4021.3,4021.3,4021.3,62.9,42.7,100.0,89.3,58.9,No,No,No,4.811,0.292,8.0,50,95.0,100.0,No,No,91257,99039,32,99.0,No,No,3320,0.1,0.1,0.2,0.050,1.114,20729,16763,0.0,0.0,0.0,0.000,0.000,50,0,60.3,77.6,83.0,1.069,12.103,12.143,12.133,12.033,1125,92.601,44.278,75.417,25.160,67.048,25.065,41.898,0.336,75.417,16.943,58.843,56.649,220.000,240.000,1935.0,1750.2,1695.0,1931.2,1830.0,40.0,10.0,0.0,2.0,82.4,4.6,18.3,0.0,0.0,0.0,33,Yes,No,No,Yes,No,No,No,42.3,46.6,5,0,0,0,0,0,0,0,0,131,0,0,0,0,0,0,0,0,0,0,0,0,0,0,0,0,0,0,0,0,1440,6752,6605,873,8.0,82.2,93.4,68.6,66.5,66.3,66.3,82.7,142.6,57.9,53.1,52.7,52.7,12.16,14.52,10.64,10.60,15.11,15.11,5.21,6.94,11.40,0.76,1.73,0,0,0.0,0.0,8712,164,6.8,3.5,0,
7.7.2026,20:2:48.314,26722,19272,58.0,17191,15491,52.6,0.0,13312,0,1.288,1.294,1.269,1.275,1.300,1.294,1.288,1.294,1.294,4008.4,4017.8,4017.8,3992.8,3992.8,4017.8,4017.8,4017.8,3992.8,99.8,3998.9,4015.0,3998.0,3998.1,3998.5,3998.0,3998.0,3998.2,3998.8,3996.3,3996.7,3997.7,3998.3,3997.1,3997.4,3998.3,3998.5,3998.9,100.0,100.0,100.0,100.0,100.0,100.0,100.0,100.0,100.0,100.0,100.0,100.0,100.0,100.0,100.0,100.0,100.0,100.0,100.0,111.3,111.3,111.3,111.3,111.3,111.3,111.3,111.3,111.3,111.3,111.3,111.3,111.3,111.3,111.3,111.3,111.3,111.3,40.2,40.2,40.2,40.0,40.0,40.2,40.2,40.2,40.0,0.0,100.0,100.0,100.0,100.0,100.0,100.0,100.0,100.0,100.0,0.0,0.0,0.0,0.0,0.0,0.0,0.0,0.0,0.0,0.0,0.0,0.0,0.0,0.0,0.0,0.0,0.0,0.0,1197.8,12.00,16,16,16,39,55,661,1,85.8,86.8,87.2,83.4,81.4,81.6,84.6,84.9,82.7,84.8,81.9,85.2,69.9,70.0,69.9,57.8,55.1,1.294,1.031,1.312,28.764,11.751,28.759,90.000,59.222,7.887,7.047,6.971,8.355,8.651,7.758,8.293,7.521,8.501,37.717,12.190,49.907,59.375,1197.8,1197.8,4015.0,4015.0,4015.0,4015.0,67.5,47.9,100.0,91.3,60.2,No,No,No,4.629,0.325,8.0,50,95.0,100.0,No,No,91257,99039,32,99.0,No,No,3320,0.1,0.3,0.4,0.186,3.601,20729,16770,0.0,0.0,0.0,0.000,0.000,50,0,60.9,78.3,83.0,1.069,12.100,12.138,12.130,12.031,1130,93.548,40.167,76.250,25.575,67.578,25.133,42.359,0.336,76.250,17.063,6.543,64.585,220.000,240.000,1935.0,1750.2,1695.0,1931.0,1830.0,42.0,10.0,0.0,2.0,82.4,4.6,18.4,0.0,0.0,0.0,33,Yes,No,No,Yes,No,No,No,42.4,45.6,5,0,0,0,0,0,0,0,0,131,0,0,0,0,0,0,0,0,0,0,0,0,0,0,0,0,0,0,0,0,1439,6753,6606,874,8.0,85.8,108.6,71.5,68.0,67.7,67.7,85.9,172.8,59.0,55.9,55.5,55.5,11.66,14.31,9.14,8.22,14.83,14.83,5.15,6.52,10.93,0.73,2.50,0,0,0.0,0.0,8712,164,1.9,0.2,0,
7.7.2026,20:2:50.306,26610,19384,57.8,17121,15560,52.3,0.0,13312,0,1.280,1.275,1.294,1.269,1.269,1.294,1.294,1.275,1.269,3999.0,3992.8,4017.8,3992.8,3992.8,3992.8,3992.8,4017.8,3992.8,99.8,3994.7,4012.1,3993.8,3994.0,3994.1,3993.1,3993.7,3994.3,3994.3,3992.0,3992.4,3993.6,3994.0,3992.6,3992.7,3993.8,3994.1,3994.7,100.0,100.0,100.0,100.0,100.0,100.0,100.0,100.0,100.0,100.0,100.0,100.0,100.0,100.0,100.0,100.0,100.0,100.0,100.0,111.2,111.2,111.2,111.2,111.2,111.2,111.2,111.2,111.2,111.2,111.2,111.2,111.2,111.2,111.2,111.2,111.2,111.2,40.1,40.0,40.2,40.0,40.0,40.0,40.0,40.2,40.0,0.0,100.0,100.0,100.0,100.0,100.0,100.0,100.0,100.0,100.0,0.0,0.0,0.0,0.0,0.0,0.0,0.0,0.0,0.0,0.0,0.0,0.0,0.0,0.0,0.0,0.0,0.0,0.0,1197.8,12.00,16,16,16,39,55,661,1,87.4,88.2,90.2,85.0,83.0,83.7,85.8,86.6,83.6,86.5,83.2,87.3,70.9,70.9,70.8,58.5,55.3,1.294,1.044,1.312,30.721,11.768,30.717,90.000,61.805,8.331,7.449,7.738,8.521,8.956,7.990,8.873,7.933,9.191,40.231,12.220,52.451,61.961,1197.8,1197.8,4012.1,4012.1,4012.1,4012.1,70.4,51.2,100.0,92.9,60.5,No,No,No,4.719,0.333,8.0,50,95.0,100.0,No,No,91257,99039,32,99.0,No,No,3320,0.1,0.7,0.8,0.099,5.749,20729,16783,0.0,0.0,0.0,0.000,0.000,50,0,61.0,78.3,83.0,1.075,12.101,12.140,12.131,12.031,1130,94.269,39.737,75.617,25.361,67.156,25.050,42.008,0.336,75.617,17.055,12.166,56.999,220.000,240.000,1920.0,1750.2,1695.0,1930.9,1830.0,42.0,10.0,0.0,2.0,82.4,4.7,18.8,0.0,0.0,0.0,33,Yes,No,No,Yes,No,No,No,42.9,45.8,5,0,0,0,0,0,0,0,0,131,0,0,0,0,0,0,0,0,0,0,0,0,0,0,0,0,0,0,0,0,1439,6753,6606,906,8.0,83.5,110.7,64.2,53.9,52.9,52.9,83.5,163.8,59.2,56.4,56.1,56.1,11.97,15.34,9.12,8.96,18.77,18.77,5.20,6.78,11.23,0.75,2.58,0,0,0.0,0.0,8712,164,1.0,1.1,0,
7.7.2026,20:2:52.461,26853,19140,58.3,17381,15301,53.1,0.0,13312,0,1.292,1.281,1.300,1.294,1.306,1.300,1.269,1.294,1.294,4011.5,3992.8,4017.8,4017.8,4017.8,3992.8,4017.8,4017.8,4017.8,99.8,3993.5,4010.0,3991.8,3992.3,3992.7,3992.4,3992.4,3993.0,3993.1,3990.4,3991.1,3991.9,3992.6,3991.8,3992.4,3993.4,3994.0,3993.5,100.0,100.0,100.0,100.0,100.0,100.0,100.0,100.0,100.0,100.0,100.0,100.0,100.0,100.0,100.0,100.0,100.0,100.0,100.0,111.1,111.1,111.1,111.1,111.1,111.1,111.1,111.1,111.1,111.1,111.1,111.1,111.1,111.1,111.1,111.1,111.1,111.1,40.2,40.0,40.2,40.2,40.2,40.0,40.2,40.2,40.2,0.0,100.0,100.0,100.0,100.0,100.0,100.0,100.0,100.0,100.0,0.0,0.0,0.0,0.0,0.0,0.0,0.0,0.0,0.0,0.0,0.0,0.0,0.0,0.0,0.0,0.0,0.0,0.0,1197.8,12.00,16,16,16,39,55,661,1,87.9,89.1,85.5,86.0,83.8,85.3,86.3,87.5,84.9,87.4,84.3,88.5,71.5,71.5,71.4,58.2,55.7,1.319,1.038,1.331,31.668,11.749,31.667,90.000,63.024,8.443,7.617,8.123,8.488,9.033,8.236,8.903,8.065,9.082,41.418,12.205,53.622,63.160,1197.8,1197.8,4010.0,4010.0,4010.0,4010.0,71.8,52.8,100.0,93.8,60.8,No,No,No,4.902,0.326,8.0,50,95.0,100.0,No,No,91257,99039,32,99.0,No,No,3320,0.2,1.1,1.3,0.036,9.843,20729,16804,0.0,0.0,0.0,0.000,0.000,50,0,61.1,78.4,83.0,1.075,12.107,12.146,12.137,12.037,1131,93.599,40.093,75.558,25.301,67.104,25.037,41.974,0.336,75.558,17.014,6.697,66.354,220.000,240.000,1920.0,1750.2,1695.0,1917.1,1830.0,40.0,10.0,0.0,2.0,82.4,4.9,19.5,0.0,0.0,0.0,33,Yes,No,No,Yes,No,No,No,43.3,42.9,5,0,0,0,0,0,0,0,0,131,0,0,0,0,0,0,0,0,0,0,0,0,0,0,0,0,0,0,0,0,1439,6753,6606,906,8.0,82.5,108.7,57.2,56.5,56.4,56.4,82.5,152.7,51.4,41.0,40.1,40.1,12.11,17.32,9.22,7.56,17.85,17.85,5.14,6.97,11.35,0.76,2.44,0,0,0.0,0.0,8712,164,8.5,5.0,0,
7.7.2026,20:2:54.314,26876,19118,58.4,17463,15218,53.4,0.0,13312,0,1.282,1.300,1.275,1.275,1.275,1.294,1.294,1.269,1.275,4005.3,4017.8,3992.8,4017.8,3992.8,4017.8,4017.8,3992.8,3992.8,99.8,3996.8,4012.8,3995.4,3995.6,3995.9,3995.4,3995.9,3996.6,3997.1,3994.5,3995.3,3995.9,3996.5,3994.9,3995.2,3996.0,3996.0,3996.8,100.0,100.0,100.0,100.0,100.0,100.0,100.0,100.0,100.0,100.0,100.0,100.0,100.0,100.0,100.0,100.0,100.0,100.0,100.0,111.2,111.2,111.2,111.2,111.2,111.2,111.2,111.2,111.2,111.2,111.2,111.2,111.2,111.2,111.2,111.2,111.2,111.2,40.1,40.2,40.0,40.2,40.0,40.2,40.2,40.0,40.0,0.0,100.0,100.0,100.0,100.0,100.0,100.0,100.0,100.0,100.0,0.0,0.0,0.0,0.0,0.0,0.0,0.0,0.0,0.0,0.0,0.0,0.0,0.0,0.0,0.0,0.0,0.0,0.0,1197.8,12.00,16,16,16,39,55,661,1,87.8,87.2,87.2,84.2,82.8,83.3,84.6,85.0,83.4,85.8,82.5,86.1,71.0,71.0,70.9,60.8,56.1,1.331,1.050,1.337,28.816,11.766,28.818,90.000,59.340,7.845,7.361,7.476,7.928,8.081,7.684,8.418,7.391,8.417,37.740,12.207,49.948,59.464,1197.8,1197.8,4012.8,4012.8,4012.8,4012.8,67.6,48.0,100.0,91.8,59.8,No,No,No,4.898,0.321,8.0,50,95.0,100.0,No,No,91257,99039,32,99.0,No,No,3320,0.3,0.4,0.7,0.783,3.776,20730,16809,0.0,0.0,0.0,0.000,0.000,50,0,61.3,78.6,83.0,1.075,12.102,12.142,12.134,12.032,1131,93.831,41.452,78.976,26.857,69.417,25.448,43.874,0.336,78.976,17.447,6.737,66.454,220.000,240.000,1920.0,1750.2,1695.0,1917.2,1830.0,42.0,10.0,0.0,2.0,82.4,4.7,18.9,0.0,0.0,0.0,33,Yes,No,No,Yes,No,No,No,43.8,45.7,5,0,0,0,0,0,0,0,0,131,0,0,0,0,0,0,0,0,0,0,0,0,0,0,0,0,0,0,0,0,1439,6753,6606,906,8.0,83.7,117.9,47.6,39.2,38.4,38.4,83.3,187.8,46.6,39.3,38.7,38.7,11.95,20.84,8.46,7.27,25.87,25.87,5.21,6.73,11.18,0.77,3.00,0,0,0.0,0.0,8712,164,27.1,3.1,0,
7.7.2026,20:2:56.310,26968,19026,58.6,17562,15120,53.7,0.0,13312,0,1.284,1.300,1.306,1.269,1.269,1.294,1.294,1.262,1.275,4005.3,4017.8,3992.8,3992.8,3992.8,4017.8,4017.8,3992.8,4017.8,99.8,3993.5,4010.4,3992.3,3992.5,3993.0,3992.4,3992.7,3992.9,3993.3,3990.8,3991.4,3992.3,3993.1,3991.7,3991.7,3992.6,3992.8,3993.5,100.0,100.0,100.0,100.0,100.0,100.0,100.0,100.0,100.0,100.0,100.0,100.0,100.0,100.0,100.0,100.0,100.0,100.0,100.0,111.1,111.2,111.2,111.2,111.2,111.2,111.2,111.2,111.2,111.1,111.1,111.1,111.1,111.1,111.1,111.1,111.1,111.2,40.1,40.2,40.0,40.0,40.0,40.2,40.2,40.0,40.2,0.0,100.0,100.0,100.0,100.0,100.0,100.0,100.0,100.0,100.0,0.0,0.0,0.0,0.0,0.0,0.0,0.0,0.0,0.0,0.0,0.0,0.0,0.0,0.0,0.0,0.0,0.0,0.0,1197.8,12.00,16,16,16,39,55,661,1,88.4,88.9,90.0,85.7,83.4,84.4,86.7,87.5,84.5,87.4,83.7,88.0,71.4,71.5,71.4,61.0,56.5,1.331,1.038,1.337,31.251,11.736,31.252,90.000,62.352,8.387,7.469,7.759,8.634,9.068,8.081,8.977,7.884,9.224,40.871,12.191,53.062,62.586,1197.8,1197.8,4010.4,4010.4,4010.4,4010.4,71.1,52.1,100.0,93.5,60.8,No,No,No,4.695,0.331,8.0,50,95.0,100.0,No,No,91257,99039,32,99.0,No,No,3320,0.4,0.5,0.9,1.705,5.690,20734,16822,0.0,0.0,0.0,0.000,0.000,50,0,61.6,79.0,83.0,1.075,12.100,12.139,12.130,12.031,1131,94.342,38.527,75.976,25.455,67.335,25.024,42.207,0.336,75.976,16.963,6.677,49.327,220.000,240.000,1920.0,1750.2,1695.0,1917.1,1830.0,41.0,10.0,0.0,2.0,82.4,5.4,21.7,0.0,0.0,0.0,33,Yes,No,No,Yes,No,No,No,44.1,46.3,5,0,0,0,0,0,0,0,0,131,0,0,0,0,0,0,0,0,0,0,0,0,0,0,0,0,0,0,0,0,1439,6753,6606,906,8.0,82.7,105.8,48.5,22.7,21.4,21.4,82.7,180.3,42.2,22.6,21.4,21.4,12.09,20.75,9.50,9.47,46.63,46.63,5.22,6.87,11.36,0.73,3.08,0,0,0.0,0.0,8712,164,6.3,2.0,0,
7.7.2026,20:2:58.304,27247,18747,59.2,17839,14843,54.5,0.0,13312,0,1.293,1.294,1.294,1.300,1.300,1.294,1.288,1.300,1.275,4014.6,4017.8,4017.8,4017.8,4017.8,4017.8,4017.8,4017.8,3992.8,99.8,4003.0,4013.4,4000.1,4000.5,4001.3,4001.3,4001.3,4002.2,4003.1,4001.6,4001.5,4002.9,4003.6,4002.7,4003.0,4004.5,4005.4,4003.0,100.0,100.0,100.0,100.0,100.0,100.0,100.0,100.0,100.0,100.0,100.0,100.0,100.0,100.0,100.0,100.0,100.0,100.0,100.0,111.4,111.4,111.4,111.4,111.4,111.4,111.4,111.4,111.4,111.4,111.4,111.4,111.4,111.4,111.4,111.4,111.4,111.3,40.2,40.2,40.2,40.2,40.2,40.2,40.2,40.2,40.0,0.0,100.0,100.0,100.0,100.0,100.0,100.0,100.0,100.0,100.0,0.0,0.0,0.0,0.0,0.0,0.0,0.0,0.0,0.0,0.0,0.0,0.0,0.0,0.0,0.0,0.0,0.0,0.0,1197.8,12.00,16,16,16,39,55,661,1,85.5,87.8,78.8,84.5,83.4,83.9,86.1,85.6,83.6,85.5,82.8,85.2,71.4,71.5,71.3,58.2,55.6,1.331,1.031,1.325,28.791,11.797,28.805,90.000,59.731,7.201,7.457,7.375,7.982,7.221,6.964,7.240,6.770,6.602,37.694,12.238,49.932,59.470,1197.8,1197.8,4013.4,4013.4,4013.4,4013.4,67.6,48.0,100.0,92.4,59.6,No,No,No,4.991,0.281,8.0,49,95.0,100.0,No,No,91257,99039,32,99.0,No,No,3320,0.1,0.4,0.5,0.089,2.042,20735,16828,0.0,0.0,0.0,0.000,0.000,50,0,61.5,78.7,83.0,1.075,12.107,12.147,12.136,12.037,1130,91.095,38.340,73.580,24.416,65.815,24.845,40.876,0.336,73.580,16.805,6.701,56.450,220.000,240.000,1920.0,1750.2,1695.0,1917.5,1830.0,38.0,9.0,0.0,1.0,82.4,4.9,19.6,0.0,0.0,0.0,33,Yes,No,No,Yes,No,No,No,41.8,39.2,5,0,0,0,0,0,0,0,0,131,0,0,0,0,0,0,0,0,0,0,0,0,0,0,0,0,0,0,0,0,1439,6753,6606,906,8.0,74.0,133.2,32.1,29.1,28.8,28.8,74.0,142.0,30.8,30.1,30.0,30.0,13.51,31.17,7.47,6.97,34.69,34.69,5.49,8.02,12.72,0.79,3.49,0,0,0.0,0.0,8712,164,8.2,4.8,0,
7.7.2026,20:3:0.300,27013,18981,58.7,17644,15038,53.9,0.0,13312,0,1.289,1.269,1.275,1.275,1.275,1.294,1.319,1.294,1.312,4020.9,4042.7,4017.8,3992.8,4017.8,4017.8,4042.7,4017.8,4017.8,99.8,4010.7,4024.9,4010.7,4010.6,4010.9,4010.3,4010.3,4011.1,4011.4,4008.4,4008.3,4008.9,4009.6,4008.7,4008.5,4009.2,4009.7,4010.7,100.0,100.0,100.0,100.0,100.0,100.0,100.0,100.0,100.0,100.0,100.0,100.0,100.0,100.0,100.0,100.0,100.0,100.0,100.0,111.7,111.7,111.7,111.7,111.7,111.7,111.7,111.7,111.7,111.6,111.6,111.6,111.6,111.6,111.6,111.6,111.6,111.7,40.3,40.5,40.2,40.0,40.2,40.2,40.5,40.2,40.2,0.0,100.0,100.0,100.0,100.0,100.0,100.0,100.0,100.0,100.0,0.0,0.0,0.0,0.0,0.0,0.0,0.0,0.0,0.0,0.0,0.0,0.0,0.0,0.0,0.0,0.0,0.0,0.0,1197.8,12.00,16,16,16,39,55,661,1,84.1,81.2,81.2,77.8,78.9,77.1,80.6,76.5,78.0,77.4,76.9,76.6,68.9,69.0,68.8,60.0,55.5,1.325,1.031,1.325,20.061,11.928,20.064,90.000,48.180,5.824,6.385,5.883,6.238,5.077,5.990,5.601,5.819,5.598,26.419,12.325,38.744,48.193,1197.8,1197.8,4024.9,4024.9,4024.9,4024.9,54.8,33.4,100.0,85.5,56.1,No,No,No,5.076,0.261,8.0,50,95.0,100.0,No,No,91257,99039,32,99.0,No,No,3320,0.0,0.0,0.0,0.000,0.052,20735,16828,0.0,0.0,0.0,0.000,0.000,50,0,61.3,78.2,83.0,1.075,12.109,12.151,12.138,12.039,1130,91.046,38.292,74.432,24.775,66.252,24.800,41.350,0.336,74.432,16.745,6.868,52.934,220.000,240.000,1920.0,1750.2,1695.0,1917.5,1830.0,34.0,8.0,0.0,1.0,82.4,5.5,22.0,0.0,0.0,0.0,33,Yes,No,No,No,No,Yes,No,40.9,39.7,5,0,0,0,0,0,0,0,0,131,0,0,0,0,0,0,0,0,0,0,0,0,0,0,0,0,0,0,0,0,1439,6753,6606,906,8.0,70.1,144.9,23.7,22.7,22.6,22.6,70.1,154.5,24.7,24.3,24.3,24.3,14.26,42.19,6.87,6.81,44.26,44.26,5.50,8.76,13.44,0.82,5.03,0,0,0.0,0.0,8712,164,0.1,0.1,0,
7.7.2026,20:3:2.308,26980,19014,58.6,17616,15066,53.9,0.0,13312,0,1.293,1.294,1.294,1.269,1.300,1.294,1.300,1.300,1.294,4008.4,4017.8,4017.8,4017.8,3992.8,4017.8,4017.8,3992.8,3992.8,99.8,4006.8,4021.1,4006.4,4006.5,4006.9,4006.5,4006.7,4007.3,4007.2,4003.5,4003.8,4004.5,4005.9,4004.6,4004.9,4006.1,4006.4,4006.8,100.0,100.0,100.0,100.0,100.0,100.0,100.0,100.0,100.0,100.0,100.0,100.0,100.0,100.0,100.0,100.0,100.0,100.0,100.0,111.5,111.5,111.5,111.5,111.5,111.5,111.5,111.5,111.5,111.5,111.5,111.5,111.5,111.5,111.5,111.5,111.5,111.5,40.2,40.2,40.2,40.2,40.0,40.2,40.2,40.0,40.0,0.0,100.0,100.0,100.0,100.0,100.0,100.0,100.0,100.0,100.0,0.0,0.0,0.0,0.0,0.0,0.0,0.0,0.0,0.0,0.0,0.0,0.0,0.0,0.0,0.0,0.0,0.0,0.0,1197.8,12.00,16,16,16,39,55,661,1,83.2,84.1,82.8,80.2,79.4,78.3,82.5,81.0,79.2,80.1,79.5,81.4,68.9,69.0,68.9,58.5,55.3,1.300,1.038,1.325,24.277,11.834,24.274,90.000,53.456,6.884,6.621,6.181,7.646,7.253,6.610,6.757,6.871,7.134,31.934,12.255,44.188,53.627,1197.8,1197.8,4021.1,4021.1,4021.1,4021.1,60.9,40.5,100.0,88.5,58.3,No,No,No,4.828,0.287,8.0,50,95.0,100.0,No,No,91257,99039,32,99.0,No,No,3320,0.1,0.1,0.2,0.067,0.107,20735,16828,0.0,0.0,0.0,0.000,0.000,50,0,61.3,78.1,83.0,1.075,12.109,12.150,12.138,12.039,1127,89.742,36.873,71.978,23.535,64.612,24.548,39.986,0.336,71.978,16.344,7.669,47.744,220.000,240.000,1920.0,1750.2,1695.0,1917.6,1830.0,32.0,8.0,0.0,1.0,82.5,4.8,19.3,0.0,0.0,0.0,33,Yes,No,No,Yes,No,No,No,40.1,39.6,5,0,0,0,0,0,0,0,0,131,0,0,0,0,0,0,0,0,0,0,0,0,0,0,0,0,0,0,0,0,1435,6757,6610,909,8.0,66.0,81.2,34.0,23.1,22.3,22.3,66.4,169.2,32.0,22.9,22.2,22.2,15.15,29.51,12.31,12.31,45.04,45.04,5.55,9.61,14.26,0.89,3.37,0,0,0.0,0.0,8712,164,0.1,0.1,0,
7.7.2026,20:3:4.306,27082,18911,58.8,17691,14991,54.1,0.0,13312,0,1.292,1.300,1.300,1.294,1.275,1.275,1.319,1.275,1.300,4011.5,4017.8,4017.8,3992.8,4017.8,3992.8,4017.8,4017.8,4017.8,99.8,4009.9,4025.0,4009.0,4009.1,4009.4,4009.3,4009.3,4009.7,4010.2,4007.0,4006.9,4008.3,4009.4,4008.5,4008.3,4009.2,4009.2,4009.9,100.0,100.0,100.0,100.0,100.0,100.0,100.0,100.0,100.0,100.0,100.0,100.0,100.0,100.0,100.0,100.0,100.0,100.0,100.0,111.6,111.6,111.6,111.6,111.6,111.6,111.6,111.6,111.6,111.6,111.6,111.6,111.6,111.6,111.6,111.6,111.6,111.6,40.2,40.2,40.2,40.0,40.2,40.0,40.2,40.2,40.2,0.0,100.0,100.0,100.0,100.0,100.0,100.0,100.0,100.0,100.0,0.0,0.0,0.0,0.0,0.0,0.0,0.0,0.0,0.0,0.0,0.0,0.0,0.0,0.0,0.0,0.0,0.0,0.0,1197.8,12.00,16,16,16,39,55,661,1,83.0,81.7,82.8,78.3,78.9,77.7,79.8,77.8,78.1,77.8,78.5,77.9,68.6,68.7,68.5,59.5,55.3,1.325,1.038,1.331,21.472,11.911,21.477,90.000,50.121,6.209,6.639,6.279,6.442,5.763,6.176,5.831,6.366,6.173,28.282,12.317,40.598,50.053,1197.8,1197.8,4025.0,4025.0,4025.0,4025.0,56.9,35.8,100.0,86.0,56.9,No,No,No,5.118,0.262,8.0,50,95.0,100.0,No,No,91257,99039,32,99.0,No,No,3320,0.1,2.6,2.7,0.150,27.005,20735,16880,0.0,0.0,0.0,0.000,0.000,50,0,61.2,78.0,83.0,1.075,12.102,12.142,12.132,12.032,1129,90.089,38.917,76.725,25.753,67.819,25.098,42.623,0.336,76.725,16.988,6.961,50.140,220.000,240.000,1920.0,1750.2,1695.0,1910.1,1830.0,39.0,9.0,0.0,2.0,82.4,5.0,19.8,0.0,0.0,0.0,33,Yes,No,No,Yes,No,No,No,37.5,40.1,5,0,0,0,0,0,0,0,0,131,0,0,0,0,0,0,0,0,0,0,0,0,0,0,0,0,0,0,0,0,1439,6753,6606,908,8.0,64.1,91.7,22.0,21.5,21.4,21.4,64.1,161.3,20.2,20.1,20.1,20.1,15.59,45.53,10.84,10.47,46.61,46.61,5.54,10.05,14.78,0.82,6.00,0,0,0.0,0.0,8712,164,1.0,0.5,0,
7.7.2026,20:3:6.300,26858,19136,58.3,17498,15184,53.5,0.0,13312,0,1.296,1.300,1.294,1.294,1.294,1.300,1.300,1.294,1.294,4017.8,4017.8,4017.8,4017.8,4017.8,4017.8,4017.8,4017.8,4017.8,99.8,4004.4,4018.4,4003.9,4004.1,4004.4,4004.3,4004.3,4004.8,4004.8,4001.6,4001.5,4002.7,4003.5,4002.5,4002.5,4003.7,4003.9,4004.4,100.0,100.0,100.0,100.0,100.0,100.0,100.0,100.0,100.0,100.0,100.0,100.0,100.0,100.0,100.0,100.0,100.0,100.0,100.0,111.4,111.5,111.5,111.5,111.5,111.5,111.5,111.5,111.5,111.4,111.4,111.4,111.4,111.4,111.4,111.4,111.4,111.4,40.2,40.2,40.2,40.2,40.2,40.2,40.2,40.2,40.2,0.0,100.0,100.0,100.0,100.0,100.0,100.0,100.0,100.0,100.0,0.0,0.0,0.0,0.0,0.0,0.0,0.0,0.0,0.0,0.0,0.0,0.0,0.0,0.0,0.0,0.0,0.0,0.0,1197.8,12.00,16,16,16,39,55,661,1,83.8,84.7,83.2,81.1,80.0,79.8,82.4,81.4,80.3,81.0,81.1,83.1,69.0,69.0,68.9,57.5,54.7,1.325,1.038,1.331,25.540,11.834,25.527,90.000,54.475,7.121,6.719,6.746,7.758,7.184,6.802,6.914,7.262,7.584,33.557,12.260,45.817,55.248,1197.8,1197.8,4018.4,4018.4,4018.4,4018.4,62.8,42.5,100.0,89.2,59.1,No,No,No,4.815,0.316,8.0,49,95.0,100.0,No,No,91257,99039,32,99.0,No,No,3320,3.7,5.6,9.3,11.212,49.671,20754,16964,0.0,0.0,0.0,0.000,0.000,50,0,61.5,78.5,83.0,1.075,12.104,12.144,12.134,12.035,1129,77.951,39.300,76.628,25.600,67.783,25.116,42.569,0.336,76.628,16.907,12.452,48.981,220.000,240.000,1920.0,1750.2,1695.0,1814.1,1830.0,32.0,8.0,0.0,1.0,82.4,4.7,18.7,0.0,0.0,0.0,33,Yes,No,No,Yes,No,No,No,42.5,40.8,5,0,0,0,0,0,0,0,0,131,0,0,0,0,0,0,0,0,0,0,0,0,0,0,0,0,0,0,0,0,1441,6751,6604,910,8.0,71.7,115.1,30.4,19.8,19.1,19.1,71.9,140.8,29.1,20.7,20.0,20.0,13.95,32.82,8.78,7.68,52.38,52.38,5.34,8.61,13.15,0.80,3.84,0,0,0.0,0.0,8712,164,0.1,0.2,0,
7.7.2026,20:3:8.421,26958,19036,58.6,17620,15062,53.9,0.0,13312,0,1.294,1.294,1.306,1.275,1.294,1.319,1.275,1.294,1.294,4017.8,4017.8,4017.8,4017.8,4017.8,4042.7,3992.8,4017.8,4017.8,99.8,4010.1,4024.2,4009.4,4010.0,4010.0,4009.9,4010.1,4010.5,4010.9,4007.3,4007.4,4008.4,4009.3,4008.1,4008.3,4009.1,4009.3,4010.1,100.0,100.0,100.0,100.0,100.0,100.0,100.0,100.0,100.0,100.0,100.0,100.0,100.0,100.0,100.0,100.0,100.0,100.0,100.0,111.6,111.6,111.6,111.6,111.6,111.6,111.6,111.6,111.6,111.6,111.6,111.6,111.6,111.6,111.6,111.6,111.6,111.6,40.2,40.2,40.2,40.2,40.2,40.5,40.0,40.2,40.2,0.0,100.0,100.0,100.0,100.0,100.0,100.0,100.0,100.0,100.0,0.0,0.0,0.0,0.0,0.0,0.0,0.0,0.0,0.0,0.0,0.0,0.0,0.0,0.0,0.0,0.0,0.0,0.0,1197.8,12.00,16,16,16,39,55,661,1,83.2,82.6,82.0,79.0,79.1,78.2,81.2,78.9,79.1,78.3,78.8,78.6,68.8,68.9,68.7,59.2,55.0,1.306,1.038,1.325,22.417,11.906,22.428,90.000,51.766,6.321,6.629,6.278,6.920,5.952,6.359,5.765,6.526,6.143,29.528,12.317,41.845,51.328,1197.8,1197.8,4024.2,4024.2,4024.2,4024.2,58.3,37.4,100.0,87.0,57.3,No,No,No,5.282,0.288,8.0,49,95.0,100.0,No,No,91257,99039,32,99.0,No,No,3320,0.0,4.2,4.3,0.012,27.468,20754,17031,0.0,0.0,0.0,0.000,0.000,50,0,61.7,78.7,83.0,1.062,12.105,12.145,12.135,12.035,1130,86.674,45.341,74.383,24.630,66.377,24.973,41.324,0.336,74.383,16.800,64.076,66.125,220.000,240.000,1920.0,1750.2,1680.0,1901.0,1815.0,38.0,9.0,0.0,2.0,82.4,4.4,17.6,0.0,0.0,0.0,33,Yes,No,No,Yes,No,No,No,41.4,40.9,5,0,0,0,0,0,0,0,0,131,0,0,0,0,0,0,0,0,0,0,0,0,0,0,0,0,0,0,0,0,1443,6749,6602,910,8.0,77.2,98.0,48.8,41.2,40.5,40.5,77.2,159.0,54.8,44.8,43.9,43.9,12.96,20.38,10.37,9.80,24.75,24.75,5.32,7.64,12.17,0.79,2.61,0,0,0.0,0.0,8712,164,0.3,0.2,0,
7.7.2026,20:3:10.309,26953,19040,58.6,17644,15038,53.9,0.0,13312,0,1.292,1.275,1.300,1.300,1.288,1.288,1.294,1.294,1.300,4017.8,4017.8,4017.8,4017.8,4017.8,4017.8,4017.8,4017.8,4017.8,99.8,4008.6,4022.6,4007.5,4007.8,4008.1,4008.1,4008.2,4009.1,4009.2,4005.8,4006.5,4007.4,4008.2,4007.0,4006.9,4007.8,4008.2,4008.6,100.0,100.0,100.0,100.0,100.0,100.0,100.0,100.0,100.0,100.0,100.0,100.0,100.0,100.0,100.0,100.0,100.0,100.0,100.0,111.6,111.6,111.6,111.6,111.6,111.6,111.6,111.6,111.6,111.5,111.5,111.5,111.5,111.5,111.5,111.5,111.5,111.6,40.2,40.2,40.2,40.2,40.2,40.2,40.2,40.2,40.2,0.0,100.0,100.0,100.0,100.0,100.0,100.0,100.0,100.0,100.0,0.0,0.0,0.0,0.0,0.0,0.0,0.0,0.0,0.0,0.0,0.0,0.0,0.0,0.0,0.0,0.0,0.0,0.0,1197.8,12.00,16,16,16,39,55,661,1,83.2,82.8,79.0,79.0,78.3,77.0,80.9,78.1,78.8,78.1,80.3,80.3,68.4,68.5,68.3,59.8,54.8,1.337,1.038,1.350,22.848,11.878,22.841,90.000,51.636,6.631,6.418,6.036,6.965,6.068,6.615,6.462,7.367,7.117,30.081,12.292,42.373,51.813,1197.8,1197.8,4022.6,4022.6,4022.6,4022.6,58.9,38.1,100.0,87.2,57.9,No,No,No,5.004,0.355,8.0,50,95.0,100.0,No,No,91257,99039,32,99.0,No,No,3320,0.1,2.6,2.7,0.420,39.646,20755,17097,0.0,0.0,0.0,0.000,0.000,50,0,62.0,79.1,83.0,1.075,12.104,12.144,12.135,12.034,1130,92.165,39.476,76.841,25.623,67.881,25.103,42.685,0.336,76.841,16.821,6.672,55.953,220.000,240.000,1920.0,1750.2,1695.0,1917.1,1830.0,37.0,9.0,0.0,1.0,82.3,5.4,21.6,0.0,0.0,0.0,33,Yes,No,No,Yes,No,No,No,42.6,45.3,5,0,0,0,0,0,0,0,0,131,0,0,0,0,0,0,0,0,0,0,0,0,0,0,0,0,0,0,0,0,1448,6744,6597,910,8.0,70.1,93.5,44.3,37.4,36.8,36.8,70.1,159.1,38.1,36.5,36.4,36.4,14.26,22.89,10.61,10.24,27.49,27.49,5.47,8.80,13.39,0.87,3.34,0,0,0.0,0.0,8712,164,1.8,1.3,0,
7.7.2026,20:3:12.404,26882,19111,58.4,17564,15118,53.7,0.0,13312,0,1.296,1.288,1.294,1.294,1.288,1.319,1.294,1.300,1.294,4017.8,4017.8,4017.8,4017.8,4017.8,4017.8,4017.8,4017.8,4017.8,99.8,4011.1,4023.7,4009.1,4009.8,4010.7,4010.2,4010.3,4010.9,4011.9,4008.2,4009.5,4009.9,4011.1,4009.8,4010.2,4011.0,4011.6,4011.1,100.0,100.0,100.0,100.0,100.0,100.0,100.0,100.0,100.0,100.0,100.0,100.0,100.0,100.0,100.0,100.0,100.0,100.0,100.0,111.6,111.6,111.6,111.6,111.6,111.6,111.6,111.6,111.6,111.6,111.6,111.6,111.6,111.6,111.6,111.6,111.6,111.6,40.2,40.2,40.2,40.2,40.2,40.2,40.2,40.2,40.2,0.0,100.0,100.0,100.0,100.0,100.0,100.0,100.0,100.0,100.0,0.0,0.0,0.0,0.0,0.0,0.0,0.0,0.0,0.0,0.0,0.0,0.0,0.0,0.0,0.0,0.0,0.0,0.0,1197.8,12.00,16,16,16,39,55,661,1,83.2,83.2,82.8,79.4,78.7,77.8,81.5,78.5,80.0,80.6,79.0,79.1,68.6,68.6,68.5,57.2,54.5,1.312,1.038,1.331,23.425,11.915,23.427,90.000,52.541,6.580,6.470,6.364,7.304,6.254,6.927,7.117,6.271,5.935,30.852,12.329,43.181,52.646,1197.8,1197.8,4023.7,4023.7,4023.7,4023.7,59.8,39.0,100.0,87.6,57.7,No,No,No,5.159,0.314,8.0,50,95.0,100.0,No,No,91257,99039,32,99.0,No,No,3320,0.7,0.9,1.6,0.379,15.887,20755,17117,0.0,0.0,0.0,0.000,0.000,50,0,62.4,79.5,83.0,1.075,12.106,12.145,12.137,12.035,1129,90.545,40.569,76.781,25.650,67.822,25.069,42.656,0.336,76.781,16.836,6.703,67.059,220.000,240.000,1920.0,1750.2,1680.0,1910.1,1815.0,41.0,10.0,0.0,2.0,82.3,4.7,18.7,0.0,0.0,0.0,33,Yes,No,No,Yes,No,No,No,42.5,43.4,5,0,0,0,0,0,0,0,0,131,0,0,0,0,0,0,0,0,0,0,0,0,0,0,0,0,0,0,0,0,1448,6744,6597,910,8.0,79.2,107.3,59.8,58.9,58.8,58.8,79.2,221.3,57.7,57.1,57.0,57.0,12.63,16.81,9.15,7.52,17.04,17.04,5.29,7.33,11.83,0.79,2.76,0,0,0.0,0.0,8712,164,0.1,0.0,0,
7.7.2026,20:3:14.318,26451,19542,57.5,17050,15632,52.1,0.0,13312,0,1.295,1.319,1.300,1.269,1.294,1.294,1.294,1.294,1.294,4014.6,4042.7,4017.8,3992.8,4017.8,4017.8,3992.8,4017.8,4017.8,99.8,4011.2,4026.1,4010.5,4010.5,4011.0,4011.0,4010.8,4011.2,4011.5,4008.4,4009.1,4009.8,4010.6,4009.2,4009.1,4010.1,4010.2,4011.2,100.0,100.0,100.0,100.0,100.0,100.0,100.0,100.0,100.0,100.0,100.0,100.0,100.0,100.0,100.0,100.0,100.0,100.0,100.0,111.7,111.7,111.7,111.7,111.7,111.7,111.7,111.7,111.7,111.6,111.6,111.6,111.6,111.6,111.6,111.6,111.6,111.7,40.2,40.5,40.2,40.0,40.2,40.2,40.0,40.2,40.2,0.0,100.0,100.0,100.0,100.0,100.0,100.0,100.0,100.0,100.0,0.0,0.0,0.0,0.0,0.0,0.0,0.0,0.0,0.0,0.0,0.0,0.0,0.0,0.0,0.0,0.0,0.0,0.0,1197.8,12.00,16,16,16,39,55,661,1,83.4,84.0,83.8,79.4,79.8,79.3,83.3,81.9,77.5,76.8,77.7,78.8,68.5,68.6,68.3,57.5,54.9,1.325,1.031,1.331,23.770,11.849,23.772,90.000,52.930,6.798,6.962,6.775,8.043,7.522,6.029,5.535,6.665,6.850,31.306,12.266,43.571,53.007,1197.8,1197.8,4026.1,4026.1,4026.1,4026.1,60.2,39.6,100.0,88.4,58.1,No,No,No,4.708,0.301,8.0,50,95.0,100.0,No,No,91257,99039,32,99.0,No,No,3320,0.4,0.4,0.8,0.763,1.593,20757,17120,0.0,0.0,0.0,0.000,0.000,50,0,62.7,80.2,83.0,1.075,12.112,12.152,12.141,12.041,1127,94.353,40.570,76.727,25.666,67.846,25.129,42.625,0.336,76.727,16.939,6.721,66.981,220.000,240.000,1920.0,1750.2,1695.0,1916.0,1830.0,40.0,9.0,0.0,2.0,82.3,5.6,22.2,0.0,0.0,0.0,33,Yes,No,No,Yes,No,No,No,43.0,41.6,5,0,0,0,0,0,0,0,0,131,0,0,0,0,0,0,0,0,0,0,0,0,0,0,0,0,0,0,0,0,1448,6744,6597,910,8.0,81.0,105.7,68.4,65.1,64.8,64.8,81.0,298.3,52.1,50.5,50.3,50.3,12.34,14.61,9.20,8.86,15.42,15.42,5.30,7.03,11.59,0.75,3.59,0,0,0.0,0.0,8712,164,0.6,0.2,0,
7.7.2026,20:3:16.327,26427,19567,57.4,17022,15659,52.0,0.0,13312,0,1.298,1.288,1.294,1.300,1.319,1.294,1.300,1.294,1.294,4020.9,4017.8,4017.8,4017.8,4017.8,4042.7,4017.8,4017.8,4017.8,99.8,4010.1,4022.6,4008.1,4008.9,4009.2,4008.9,4009.1,4010.1,4011.1,4008.0,4007.9,4008.7,4009.8,4008.9,4009.5,4010.3,4010.6,4010.1,100.0,100.0,100.0,100.0,100.0,100.0,100.0,100.0,100.0,100.0,100.0,100.0,100.0,100.0,100.0,100.0,100.0,100.0,100.0,111.6,111.6,111.6,111.6,111.6,111.6,111.6,111.6,111.6,111.6,111.6,111.6,111.6,111.6,111.6,111.6,111.6,111.6,40.3,40.2,40.2,40.2,40.2,40.5,40.2,40.2,40.2,0.0,100.0,100.0,100.0,100.0,100.0,100.0,100.0,100.0,100.0,0.0,0.0,0.0,0.0,0.0,0.0,0.0,0.0,0.0,0.0,0.0,0.0,0.0,0.0,0.0,0.0,0.0,0.0,1197.8,12.00,16,16,16,39,55,661,1,83.0,83.1,78.2,79.5,78.3,77.2,80.2,78.6,80.1,81.0,79.4,81.1,68.6,68.6,68.5,59.0,54.4,1.306,1.031,1.319,23.899,11.847,23.896,90.000,53.054,6.696,6.396,6.016,6.813,6.268,7.021,7.178,6.750,7.127,31.480,12.265,43.745,53.190,1197.8,1197.8,4022.7,4022.7,4022.7,4022.7,60.4,39.8,100.0,87.4,57.8,No,No,No,4.880,0.294,8.0,49,95.0,100.0,No,No,91257,99039,32,99.0,No,No,3320,0.0,0.1,0.1,0.038,0.227,20757,17121,0.0,0.0,0.0,0.000,0.000,50,0,62.6,80.1,83.0,1.075,12.112,12.152,12.142,12.041,1130,92.906,39.259,77.117,25.641,67.923,24.996,42.839,0.336,77.117,16.606,6.858,53.159,220.000,240.000,1920.0,1750.2,1695.0,1917.2,1830.0,39.0,9.0,0.0,2.0,82.3,5.2,20.7,0.0,0.0,0.0,33,Yes,No,No,Yes,No,No,No,42.6,43.1,5,0,0,0,0,0,0,0,0,131,0,0,0,0,0,0,0,0,0,0,0,0,0,0,0,0,0,0,0,0,1448,6744,6597,911,8.0,78.8,100.8,62.5,59.5,59.2,59.2,78.8,167.4,58.6,56.4,56.2,56.2,12.70,16.21,9.90,8.80,16.94,16.94,5.30,7.40,11.91,0.78,2.39,0,0,0.0,0.0,8712,164,0.1,0.1,0,
7.7.2026,20:3:18.343,26493,19501,57.6,17098,15584,52.3,0.0,13312,0,1.295,1.294,1.319,1.294,1.312,1.294,1.269,1.294,1.288,4014.6,4017.8,3992.8,4042.7,4017.8,4017.8,3992.8,4017.8,4017.8,99.8,4012.1,4026.8,4011.1,4011.2,4011.7,4011.3,4011.4,4012.3,4012.3,4009.6,4009.6,4010.7,4011.6,4010.1,4010.4,4011.6,4011.5,4012.1,100.0,100.0,100.0,100.0,100.0,100.0,100.0,100.0,100.0,100.0,100.0,100.0,100.0,100.0,100.0,100.0,100.0,100.0,100.0,111.7,111.7,111.7,111.7,111.7,111.7,111.7,111.7,111.7,111.7,111.7,111.7,111.7,111.7,111.7,111.7,111.7,111.7,40.2,40.2,40.0,40.5,40.2,40.2,40.0,40.2,40.2,0.0,100.0,100.0,100.0,100.0,100.0,100.0,100.0,100.0,100.0,0.0,0.0,0.0,0.0,0.0,0.0,0.0,0.0,0.0,0.0,0.0,0.0,0.0,0.0,0.0,0.0,0.0,0.0,1197.8,12.00,16,16,16,39,55,661,1,82.5,81.6,82.8,77.8,77.8,76.1,80.6,77.2,78.3,78.8,76.8,77.0,68.0,68.1,67.9,58.5,54.6,1.306,1.038,1.325,21.763,11.870,21.769,90.000,50.363,6.237,6.331,5.784,7.068,5.793,6.561,6.732,6.167,5.457,28.701,12.276,40.977,50.417,1197.8,1197.8,4026.8,4026.8,4026.8,4026.8,57.3,36.3,100.0,85.9,57.0,No,No,No,4.932,0.285,8.0,50,95.0,100.0,No,No,91257,99039,32,99.0,No,No,3320,0.3,0.0,0.3,0.360,0.038,20758,17121,0.0,0.0,0.0,0.000,0.000,50,0,62.6,79.7,83.0,1.075,12.106,12.145,12.136,12.036,1136,93.221,39.006,76.951,25.674,67.988,25.155,42.752,0.336,76.951,16.869,7.057,50.326,220.000,240.000,1920.0,1750.2,1695.0,1916.0,1830.0,38.0,9.0,0.0,2.0,82.3,5.4,21.6,0.0,0.0,0.0,34,Yes,No,No,Yes,No,No,No,42.6,43.7,5,0,0,0,0,0,0,0,0,131,0,0,0,0,0,0,0,0,0,0,0,0,0,0,0,0,0,0,0,0,1448,6744,6597,889,8.0,79.3,99.2,62.8,62.1,62.0,62.0,79.3,215.3,56.9,52.5,52.1,52.1,12.62,15.87,10.12,9.46,16.06,16.06,5.30,7.31,11.85,0.77,2.78,0,0,0.0,0.0,8712,164,0.1,0.1,0,
7.7.2026,20:3:20.337,26495,19499,57.6,17105,15576,52.3,0.0,13312,0,1.295,1.294,1.294,1.275,1.325,1.294,1.300,1.294,1.288,4017.8,4017.8,4042.7,3992.8,4017.8,4017.8,4017.8,4017.8,4017.8,99.8,4012.1,4027.3,4011.2,4011.4,4011.9,4011.5,4011.7,4012.2,4012.5,4008.9,4009.7,4010.3,4011.4,4010.4,4010.7,4011.2,4011.6,4012.1,100.0,100.0,100.0,100.0,100.0,100.0,100.0,100.0,100.0,100.0,100.0,100.0,100.0,100.0,100.0,100.0,100.0,100.0,100.0,111.7,111.7,111.7,111.7,111.7,111.7,111.7,111.7,111.7,111.7,111.7,111.7,111.7,111.7,111.7,111.7,111.7,111.7,40.2,40.2,40.5,40.0,40.2,40.2,40.2,40.2,40.2,0.0,100.0,100.0,100.0,100.0,100.0,100.0,100.0,100.0,100.0,0.0,0.0,0.0,0.0,0.0,0.0,0.0,0.0,0.0,0.0,0.0,0.0,0.0,0.0,0.0,0.0,0.0,0.0,1197.8,12.00,16,16,16,39,55,661,1,82.2,82.0,82.8,78.1,78.0,76.9,81.0,79.1,77.7,77.1,77.4,77.4,68.0,68.1,67.8,59.5,54.6,1.306,1.050,1.325,22.463,11.857,22.462,90.000,51.167,6.419,6.454,6.106,7.197,6.521,6.242,5.908,6.536,6.392,29.612,12.266,41.878,51.300,1197.8,1197.8,4027.3,4027.3,4027.3,4027.3,58.3,37.4,100.0,86.3,57.6,No,No,No,4.784,0.289,8.0,50,95.0,100.0,No,No,91257,99039,32,99.0,No,No,3320,0.6,0.1,0.7,0.899,0.081,20760,17121,0.0,0.0,0.0,0.000,0.000,50,0,63.1,80.7,83.0,1.075,12.106,12.145,12.136,12.036,1147,92.979,43.300,76.598,25.396,67.696,25.047,42.555,0.336,76.598,16.652,37.218,64.905,220.000,240.000,1920.0,1750.2,1695.0,1916.9,1830.0,40.0,9.0,0.0,2.0,82.3,4.9,19.7,0.0,0.0,0.0,34,Yes,No,No,Yes,No,No,No,42.4,44.1,5,0,0,0,0,0,0,0,0,131,0,0,0,0,0,0,0,0,0,0,0,0,0,0,0,0,0,0,0,0,1448,6744,6597,867,8.0,80.0,143.8,54.8,37.4,36.1,36.1,80.0,156.0,51.6,37.6,36.5,36.5,12.50,18.29,6.96,6.55,27.57,27.57,5.33,7.18,11.73,0.77,1.93,0,0,0.0,0.0,8712,164,0.3,0.3,0,
7.7.2026,20:3:22.340,26384,19609,57.3,16984,15697,51.9,0.0,13312,0,1.295,1.300,1.288,1.294,1.300,1.294,1.269,1.319,1.300,4020.9,4017.8,4017.8,4017.8,4017.8,4017.8,4017.8,4042.7,4017.8,99.8,4012.4,4025.6,4010.7,4011.5,4012.0,4011.9,4012.0,4012.6,4013.1,4010.0,4010.1,4011.2,4012.2,4010.3,4010.7,4011.7,4012.1,4012.4,100.0,100.0,100.0,100.0,100.0,100.0,100.0,100.0,100.0,100.0,100.0,100.0,100.0,100.0,100.0,100.0,100.0,100.0,100.0,111.7,111.7,111.7,111.7,111.7,111.7,111.7,111.7,111.7,111.6,111.6,111.6,111.6,111.6,111.6,111.6,111.6,111.7,40.3,40.2,40.2,40.2,40.2,40.2,40.2,40.5,40.2,0.0,100.0,100.0,100.0,100.0,100.0,100.0,100.0,100.0,100.0,0.0,0.0,0.0,0.0,0.0,0.0,0.0,0.0,0.0,0.0,0.0,0.0,0.0,0.0,0.0,0.0,0.0,0.0,1197.8,12.00,16,16,16,39,55,661,1,82.1,82.4,79.0,78.9,78.9,78.8,80.8,79.4,77.5,77.7,78.2,79.6,68.0,68.2,67.9,58.2,54.0,1.312,1.038,1.319,23.557,11.828,23.557,90.000,52.615,6.782,6.951,6.964,7.427,6.840,6.363,6.196,6.692,6.823,31.041,12.243,43.284,52.713,1197.8,1197.8,4025.6,4025.6,4025.6,4025.6,59.9,39.3,100.0,86.7,58.0,No,No,No,4.786,0.293,8.0,50,95.0,100.0,No,No,91257,99039,32,99.0,No,No,3320,0.1,0.1,0.2,0.244,0.119,20760,17121,0.0,0.0,0.0,0.000,0.000,50,0,62.8,80.0,83.0,1.075,12.106,12.145,12.136,12.035,1156,93.021,40.380,77.335,25.687,68.084,25.034,42.964,0.336,77.335,16.585,6.904,63.539,220.000,240.000,1920.0,1750.2,1695.0,1917.2,1830.0,39.0,9.0,0.0,2.0,82.3,5.3,21.4,0.0,0.0,0.0,34,Yes,No,No,Yes,No,No,No,42.7,40.8,5,0,0,0,0,0,0,0,0,131,0,0,0,0,0,0,0,0,0,0,0,0,0,0,0,0,0,0,0,0,1448,6744,6597,867,8.0,77.6,151.3,36.0,27.6,26.9,26.9,77.8,196.3,37.3,30.6,30.0,30.0,12.88,27.88,6.60,6.38,37.27,37.27,5.29,7.59,12.10,0.78,3.85,0,0,0.0,0.0,8712,164,0.0,0.0,0,
7.7.2026,20:3:24.341,26531,19463,57.6,17115,15567,52.3,0.0,13312,0,1.301,1.294,1.294,1.288,1.312,1.294,1.312,1.319,1.294,4030.2,4017.8,4017.8,4042.7,4042.7,4017.8,4042.7,4042.7,4017.8,99.8,4013.1,4027.6,4012.0,4012.1,4012.6,4012.2,4012.4,4013.0,4013.2,4010.5,4010.7,4011.5,4012.3,4011.5,4011.7,4012.5,4013.0,4013.1,100.0,100.0,100.0,100.0,100.0,100.0,100.0,100.0,100.0,100.0,100.0,100.0,100.0,100.0,100.0,100.0,100.0,100.0,100.0,111.7,111.7,111.7,111.7,111.7,111.7,111.7,111.7,111.7,111.7,111.7,111.7,111.7,111.7,111.7,111.7,111.7,111.7,40.4,40.2,40.2,40.5,40.5,40.2,40.5,40.5,40.2,0.0,100.0,100.0,100.0,100.0,100.0,100.0,100.0,100.0,100.0,0.0,0.0,0.0,0.0,0.0,0.0,0.0,0.0,0.0,0.0,0.0,0.0,0.0,0.0,0.0,0.0,0.0,0.0,1197.8,12.00,16,16,16,39,55,661,1,82.0,81.5,83.2,78.0,78.3,77.5,80.5,77.8,78.4,78.2,76.6,76.4,67.9,68.0,67.8,58.5,54.1,1.331,1.038,1.319,22.492,11.861,22.492,90.000,51.244,6.367,6.728,6.551,7.144,6.078,6.590,6.244,5.990,5.614,29.658,12.274,41.932,51.367,1197.8,1197.8,4027.6,4027.6,4027.6,4027.6,58.4,37.5,100.0,85.8,57.5,No,No,No,4.890,0.293,8.0,50,95.0,100.0,No,No,91257,99039,32,99.0,No,No,3320,0.1,0.1,0.2,0.177,0.306,20761,17122,0.0,0.0,0.0,0.000,0.000,50,0,63.0,80.2,83.0,1.075,12.110,12.150,12.140,12.039,1162,92.923,40.239,76.416,25.504,67.633,25.089,42.451,0.336,76.416,16.872,6.876,64.801,220.000,240.000,1920.0,1750.2,1695.0,1917.3,1830.0,39.0,9.0,0.0,2.0,82.3,5.2,20.6,0.0,0.0,0.0,34,Yes,No,No,Yes,No,No,No,42.4,39.9,5,0,0,0,0,0,0,0,0,131,0,0,0,0,0,0,0,0,0,0,0,0,0,0,0,0,0,0,0,0,1448,6744,6597,867,8.0,75.8,107.8,55.1,51.2,50.8,50.8,75.5,170.3,57.5,56.9,56.8,56.8,13.18,18.25,9.30,8.89,19.79,19.79,5.36,7.82,12.36,0.82,2.69,0,0,0.0,0.0,8712,164,6.2,5.9,0,
7.7.2026,20:3:26.336,26507,19487,57.6,17060,15622,52.2,0.0,13312,0,1.288,1.288,1.300,1.269,1.288,1.288,1.288,1.294,1.294,4017.8,4017.8,4017.8,4017.8,4017.8,4017.8,4017.8,4017.8,4017.8,99.8,4013.3,4028.9,4011.7,4012.4,4012.2,4012.2,4012.6,4013.1,4014.0,4011.8,4011.7,4012.3,4013.0,4011.1,4011.2,4012.3,4012.7,4013.3,100.0,100.0,100.0,100.0,100.0,100.0,100.0,100.0,100.0,100.0,100.0,100.0,100.0,100.0,100.0,100.0,100.0,100.0,100.0,111.7,111.7,111.7,111.7,111.7,111.7,111.7,111.7,111.7,111.7,111.7,111.7,111.7,111.7,111.7,111.7,111.7,111.7,40.2,40.2,40.2,40.2,40.2,40.2,40.2,40.2,40.2,0.0,100.0,100.0,100.0,100.0,100.0,100.0,100.0,100.0,100.0,0.0,0.0,0.0,0.0,0.0,0.0,0.0,0.0,0.0,0.0,0.0,0.0,0.0,0.0,0.0,0.0,0.0,0.0,1197.8,12.00,16,16,16,39,55,661,1,82.1,82.2,80.5,77.9,78.2,77.4,81.3,79.3,77.2,76.5,76.9,76.6,67.7,67.8,67.5,59.2,54.5,1.312,1.044,1.325,22.525,11.842,22.522,90.000,51.258,6.476,6.606,6.319,7.420,6.681,6.083,5.727,6.751,6.223,29.700,12.249,41.949,51.370,1197.8,1197.8,4028.9,4028.9,4028.9,4028.9,58.4,37.5,100.0,86.5,57.6,No,No,No,4.885,0.281,8.0,50,95.0,100.0,No,No,91257,99039,32,99.0,No,No,3320,0.1,0.5,0.6,0.223,0.197,20761,17122,0.0,0.0,0.0,0.000,0.000,50,0,63.2,80.5,83.0,1.075,12.110,12.151,12.139,12.039,1170,91.313,38.251,73.080,23.742,65.379,24.705,40.598,0.336,73.080,16.221,6.827,58.543,220.000,240.000,1920.0,1750.2,1695.0,1907.0,1830.0,35.0,8.0,0.0,1.0,82.3,4.9,19.7,0.0,0.0,0.0,34,Yes,No,No,Yes,No,No,No,41.4,38.0,5,0,0,0,0,0,0,0,0,131,0,0,0,0,0,0,0,0,0,0,0,0,0,0,0,0,0,0,0,0,1448,6744,6597,867,8.0,78.0,142.6,48.2,37.8,37.0,37.0,77.5,233.6,38.9,36.7,36.5,36.5,12.83,20.68,7.04,6.83,26.95,26.95,5.37,7.46,12.04,0.79,3.85,0,0,0.0,0.0,8712,164,0.3,0.2,0,
7.7.2026,20:3:28.332,26591,19403,57.8,17148,15533,52.4,0.0,13312,0,1.295,1.294,1.300,1.306,1.275,1.294,1.294,1.294,1.300,4024.0,4042.7,4017.8,4042.7,4017.8,4017.8,4017.8,4017.8,4017.8,99.8,4011.6,4026.8,4010.3,4011.0,4011.2,4011.4,4011.5,4011.7,4012.0,4008.8,4009.0,4009.7,4010.9,4009.6,4009.5,4010.6,4010.9,4011.6,100.0,100.0,100.0,100.0,100.0,100.0,100.0,100.0,100.0,100.0,100.0,100.0,100.0,100.0,100.0,100.0,100.0,100.0,100.0,111.7,111.7,111.7,111.7,111.7,111.7,111.7,111.7,111.7,111.6,111.6,111.6,111.6,111.6,111.6,111.6,111.6,111.7,40.3,40.5,40.2,40.5,40.2,40.2,40.2,40.2,40.2,0.0,100.0,100.0,100.0,100.0,100.0,100.0,100.0,100.0,100.0,0.0,0.0,0.0,0.0,0.0,0.0,0.0,0.0,0.0,0.0,0.0,0.0,0.0,0.0,0.0,0.0,0.0,0.0,1197.8,12.00,16,16,16,39,55,661,1,81.1,80.8,79.5,77.4,77.4,76.4,79.6,77.2,77.1,76.1,77.6,78.1,67.6,67.7,67.5,58.5,54.2,1.337,1.031,1.350,21.837,11.874,21.843,90.000,50.474,6.216,6.420,6.086,6.691,5.813,6.011,5.533,6.623,6.546,28.791,12.278,41.069,50.505,1197.8,1197.8,4026.8,4026.8,4026.8,4026.8,57.4,36.4,100.0,85.1,57.1,No,No,No,4.937,0.275,8.0,50,95.0,100.0,No,No,91257,99039,32,99.0,No,No,3320,0.1,0.0,0.2,0.208,0.082,20761,17122,0.0,0.0,0.0,0.000,0.000,50,0,63.1,80.3,83.0,1.062,12.109,12.149,12.138,12.039,1175,90.310,40.225,73.592,24.309,66.019,25.053,40.884,0.336,73.592,16.912,24.328,57.225,220.000,240.000,1920.0,1750.2,1695.0,1910.7,1830.0,40.0,10.0,0.0,2.0,82.3,5.4,21.5,0.0,0.0,0.0,34,Yes,No,No,Yes,No,No,No,42.7,45.4,5,0,0,0,0,0,0,0,0,131,0,0,0,0,0,0,0,0,0,0,0,0,0,0,0,0,0,0,0,0,1449,6743,6596,867,8.0,76.0,101.3,54.3,44.2,43.3,43.3,76.2,202.7,58.0,55.7,55.5,55.5,13.16,18.56,9.95,9.51,23.21,23.21,5.35,7.80,12.33,0.83,3.31,0,0,0.0,0.0,8712,164,0.5,0.1,0,
7.7.2026,20:3:30.339,26596,19398,57.8,17143,15539,52.4,0.0,13312,0,1.302,1.300,1.325,1.306,1.294,1.294,1.300,1.294,1.300,4020.9,4017.8,4042.7,4017.8,4017.8,4017.8,4017.8,4017.8,4017.8,99.8,4010.4,4025.7,4009.5,4009.5,4009.9,4009.7,4010.1,4010.8,4011.1,4007.3,4007.9,4008.3,4009.5,4008.4,4008.7,4009.4,4010.0,4010.4,100.0,100.0,100.0,100.0,100.0,100.0,100.0,100.0,100.0,100.0,100.0,100.0,100.0,100.0,100.0,100.0,100.0,100.0,100.0,111.6,111.6,111.6,111.6,111.6,111.6,111.6,111.6,111.6,111.6,111.6,111.6,111.6,111.6,111.6,111.6,111.6,111.6,40.3,40.2,40.5,40.2,40.2,40.2,40.2,40.2,40.2,0.0,100.0,100.0,100.0,100.0,100.0,100.0,100.0,100.0,100.0,0.0,0.0,0.0,0.0,0.0,0.0,0.0,0.0,0.0,0.0,0.0,0.0,0.0,0.0,0.0,0.0,0.0,0.0,1197.8,12.00,16,16,16,39,55,661,1,81.8,81.4,81.5,77.5,77.2,76.0,78.0,75.8,77.9,77.9,78.3,78.9,67.4,67.5,67.4,57.5,54.5,1.325,1.038,1.325,22.057,11.852,22.050,90.000,50.544,6.452,6.506,6.229,6.198,5.466,6.818,6.820,6.862,6.718,29.086,12.259,41.345,50.747,1197.8,1197.8,4025.7,4025.7,4025.7,4025.7,57.7,36.8,100.0,85.7,57.5,No,No,No,4.796,0.291,8.0,50,95.0,100.0,No,No,91257,99039,32,99.0,No,No,3320,0.1,0.0,0.1,0.114,0.018,20762,17122,0.0,0.0,0.0,0.000,0.000,50,0,63.4,80.8,83.0,1.075,12.106,12.146,12.137,12.035,1177,94.580,40.493,76.969,25.568,67.928,25.081,42.760,0.336,76.969,16.688,6.948,65.684,220.000,240.000,1920.0,1750.2,1695.0,1917.1,1830.0,38.0,9.0,0.0,2.0,82.3,5.2,20.9,0.0,0.0,0.0,35,Yes,No,No,Yes,No,No,No,42.6,44.5,5,0,0,0,0,0,0,0,0,131,0,0,0,0,0,0,0,0,0,0,0,0,0,0,0,0,0,0,0,0,1450,6742,6595,867,8.0,81.7,103.4,68.3,68.1,68.1,68.1,81.7,219.2,58.0,56.1,55.9,55.9,12.24,14.53,9.61,8.96,14.54,14.54,5.28,6.97,11.51,0.74,2.77,0,0,0.0,0.0,8712,164,0.3,0.4,0,
7.7.2026,20:3:32.332,26636,19358,57.9,17200,15481,52.6,0.0,13312,0,1.295,1.288,1.294,1.288,1.294,1.288,1.319,1.294,1.294,4020.9,4017.8,4017.8,4017.8,4017.8,4042.7,4017.8,4017.8,4017.8,99.8,4012.4,4026.6,4011.0,4011.4,4011.8,4012.0,4011.9,4012.4,4012.8,4009.7,4010.2,4011.2,4011.9,4010.6,4010.9,4011.8,4011.9,4012.4,100.0,100.0,100.0,100.0,100.0,100.0,100.0,100.0,100.0,100.0,100.0,100.0,100.0,100.0,100.0,100.0,100.0,100.0,100.0,111.7,111.7,111.7,111.7,111.7,111.7,111.7,111.7,111.7,111.7,111.7,111.7,111.7,111.7,111.7,111.7,111.7,111.7,40.3,40.2,40.2,40.2,40.2,40.5,40.2,40.2,40.2,0.0,100.0,100.0,100.0,100.0,100.0,100.0,100.0,100.0,100.0,0.0,0.0,0.0,0.0,0.0,0.0,0.0,0.0,0.0,0.0,0.0,0.0,0.0,0.0,0.0,0.0,0.0,0.0,1197.8,12.00,16,16,16,39,55,661,1,81.8,82.1,83.0,78.5,78.2,78.0,79.5,78.0,78.6,79.2,78.0,78.6,67.7,67.7,67.6,57.0,54.2,1.319,1.031,1.331,23.372,11.835,23.378,90.000,52.555,6.680,6.756,6.623,7.207,6.505,6.354,6.487,6.752,6.758,30.826,12.250,43.076,52.510,1197.8,1197.8,4026.6,4026.6,4026.6,4026.6,59.7,39.0,100.0,86.4,57.7,No,No,No,4.870,0.302,8.0,50,95.0,100.0,No,No,91257,99039,32,99.0,No,No,3320,1.1,0.1,1.2,0.184,0.426,20762,17123,0.0,0.0,0.0,0.000,0.000,50,0,63.5,80.8,83.0,1.075,12.110,12.151,12.140,12.039,1185,94.232,40.250,77.621,25.869,68.253,25.040,43.120,0.336,77.621,16.654,17.784,50.196,220.000,240.000,1920.0,1750.2,1695.0,1917.2,1830.0,40.0,9.0,0.0,2.0,82.3,5.5,22.1,0.0,0.0,0.0,35,Yes,No,No,Yes,No,No,No,42.9,46.9,5,0,0,0,0,0,0,0,0,131,0,0,0,0,0,0,0,0,0,0,0,0,0,0,0,0,0,0,0,0,1450,6742,6595,867,8.0,78.7,93.1,64.1,57.9,57.3,57.3,79.1,232.6,56.5,55.5,55.4,55.4,12.70,15.56,10.72,10.59,17.59,17.59,5.28,7.43,11.91,0.79,2.74,0,0,0.0,0.0,8712,164,1.5,0.1,0,
7.7.2026,20:3:34.337,26602,19392,57.8,17146,15535,52.4,0.0,13312,0,1.297,1.312,1.288,1.288,1.319,1.294,1.294,1.294,1.288,4024.0,4042.7,4017.8,4017.8,4042.7,4017.8,4017.8,4017.8,4017.8,99.8,4010.3,4025.2,4009.1,4009.3,4009.8,4009.5,4010.0,4010.3,4010.6,4006.7,4007.5,4008.8,4009.7,4008.8,4009.1,4010.3,4010.9,4010.3,100.0,100.0,100.0,100.0,100.0,100.0,100.0,100.0,100.0,100.0,100.0,100.0,100.0,100.0,100.0,100.0,100.0,100.0,100.0,111.6,111.6,111.6,111.6,111.6,111.6,111.6,111.6,111.6,111.6,111.6,111.6,111.6,111.6,111.6,111.6,111.6,111.6,40.3,40.5,40.2,40.2,40.5,40.2,40.2,40.2,40.2,0.0,100.0,100.0,100.0,100.0,100.0,100.0,100.0,100.0,100.0,0.0,0.0,0.0,0.0,0.0,0.0,0.0,0.0,0.0,0.0,0.0,0.0,0.0,0.0,0.0,0.0,0.0,0.0,1197.8,12.00,16,16,16,39,55,661,1,81.6,82.5,81.8,78.2,78.2,78.0,79.0,78.3,76.3,75.9,79.3,80.6,67.6,67.7,67.5,58.5,53.8,1.312,1.025,1.325,23.172,11.843,23.167,90.000,52.056,6.562,6.950,6.841,6.603,6.480,5.623,5.060,7.354,7.584,30.551,12.256,42.807,52.238,1197.8,1197.8,4025.2,4025.2,4025.2,4025.2,59.4,38.6,100.0,86.8,57.3,No,No,No,4.980,0.291,8.0,50,95.0,100.0,No,No,91257,99039,32,99.0,No,No,3320,0.0,0.1,0.1,0.029,0.253,20762,17124,0.0,0.0,0.0,0.000,0.000,50,0,63.4,80.6,83.0,1.075,12.112,12.153,12.141,12.042,1194,92.686,36.206,70.546,22.605,63.653,24.397,39.189,0.336,70.546,15.915,6.895,47.973,220.000,240.000,1920.0,1750.2,1695.0,1917.2,1830.0,31.0,7.0,0.0,1.0,82.3,5.5,22.0,0.0,0.0,0.0,35,Yes,No,No,Yes,No,No,No,39.3,43.8,5,0,0,0,0,0,0,0,0,131,0,0,0,0,0,0,0,0,0,0,0,0,0,0,0,0,0,0,0,0,1450,6742,6595,867,8.0,77.0,88.4,59.9,59.3,59.3,59.3,77.0,140.1,52.0,51.9,51.9,51.9,12.98,16.63,11.43,11.29,16.90,16.90,5.34,7.64,12.19,0.79,2.20,0,0,0.0,0.0,8712,164,2.1,0.4,0,
7.7.2026,20:3:36.353,26602,19392,57.8,17146,15535,52.4,0.0,13312,0,1.297,1.312,1.288,1.288,1.319,1.294,1.294,1.294,1.288,4024.0,4042.7,4017.8,4017.8,4042.7,4017.8,4017.8,4017.8,4017.8,99.8,4010.3,4025.2,4009.1,4009.3,4009.8,4009.5,4010.0,4010.3,4010.6,4006.7,4007.5,4008.8,4009.7,4008.8,4009.1,4010.3,4010.9,4010.3,100.0,100.0,100.0,100.0,100.0,100.0,100.0,100.0,100.0,100.0,100.0,100.0,100.0,100.0,100.0,100.0,100.0,100.0,100.0,111.6,111.6,111.6,111.6,111.6,111.6,111.6,111.6,111.6,111.6,111.6,111.6,111.6,111.6,111.6,111.6,111.6,111.6,40.3,40.5,40.2,40.2,40.5,40.2,40.2,40.2,40.2,0.0,100.0,100.0,100.0,100.0,100.0,100.0,100.0,100.0,100.0,0.0,0.0,0.0,0.0,0.0,0.0,0.0,0.0,0.0,0.0,0.0,0.0,0.0,0.0,0.0,0.0,0.0,0.0,1197.8,12.00,16,16,16,39,55,661,1,81.6,82.5,81.8,78.2,78.2,78.0,79.0,78.3,76.3,75.9,79.3,80.6,67.6,67.7,67.5,58.5,53.8,1.312,1.025,1.325,23.172,11.843,23.167,90.000,52.056,6.562,6.950,6.841,6.603,6.480,5.623,5.060,7.354,7.584,30.551,12.256,42.807,52.238,1197.8,1197.8,4025.2,4025.2,4025.2,4025.2,59.4,38.6,100.0,86.8,57.3,No,No,No,4.980,0.291,8.0,50,95.0,100.0,No,No,91257,99039,32,99.0,No,No,3320,0.0,0.1,0.1,0.029,0.253,20762,17124,0.0,0.0,0.0,0.000,0.000,50,0,61.7,77.8,83.0,1.075,12.131,12.176,12.155,12.064,1202,87.117,26.175,49.935,13.113,49.955,22.198,27.742,0.336,49.935,13.487,6.994,28.061,220.000,240.000,1920.0,1750.2,1695.0,1914.5,1830.0,3.0,1.0,0.0,0.0,82.3,4.3,17.4,0.0,0.0,0.0,35,Yes,No,No,Yes,No,No,No,28.6,32.3,5,0,0,0,0,0,0,0,0,131,0,0,0,0,0,0,0,0,0,0,0,0,0,0,0,0,0,0,0,0,1450,6742,6595,867,8.0,77.0,88.4,59.9,59.3,59.3,59.3,77.0,140.1,52.0,51.9,51.9,51.9,12.98,16.63,11.43,11.29,16.90,16.90,5.34,7.64,12.19,0.79,2.20,0,0,0.0,0.0,8712,164,2.1,0.4,0,
7.7.2026,20:3:38.352,26499,19495,57.6,17073,15608,52.2,0.0,13312,0,1.283,1.294,1.294,1.269,1.269,1.269,1.294,1.288,1.288,4011.5,4017.8,4017.8,3992.8,3992.8,4017.8,4017.8,4017.8,4017.8,99.8,4012.0,4026.6,4011.1,4011.2,4011.4,4011.0,4011.1,4011.6,4012.1,4008.8,4009.6,4010.4,4011.3,4010.4,4011.1,4012.0,4012.5,4012.0,100.0,100.0,100.0,100.0,100.0,100.0,100.0,100.0,100.0,100.0,100.0,100.0,100.0,100.0,100.0,100.0,100.0,100.0,100.0,111.7,111.7,111.7,111.7,111.7,111.7,111.7,111.7,111.7,111.6,111.6,111.6,111.6,111.6,111.6,111.6,111.6,111.7,40.2,40.2,40.2,40.0,40.0,40.2,40.2,40.2,40.2,0.0,100.0,100.0,100.0,100.0,100.0,100.0,100.0,100.0,100.0,0.0,0.0,0.0,0.0,0.0,0.0,0.0,0.0,0.0,0.0,0.0,0.0,0.0,0.0,0.0,0.0,0.0,0.0,1197.8,12.00,16,16,16,39,55,661,1,81.2,81.1,79.0,77.5,77.4,76.0,77.7,75.9,78.6,79.5,78.0,76.9,67.3,67.4,67.2,58.5,54.2,1.331,1.031,1.350,22.262,11.822,22.261,90.000,50.848,6.207,6.521,5.731,6.037,5.394,7.009,7.407,6.189,5.367,29.358,12.229,41.588,51.000,1197.8,1197.8,4026.6,4026.6,4026.6,4026.6,58.0,37.1,100.0,85.3,57.5,No,No,No,4.834,0.222,8.0,50,95.0,100.0,No,No,91257,99039,32,99.0,No,No,3320,0.4,0.1,0.5,0.327,0.171,20763,17124,0.0,0.0,0.0,0.000,0.000,50,0,62.5,79.2,83.0,1.012,12.112,12.152,12.140,12.044,1204,80.227,34.519,66.416,21.729,61.693,24.726,36.896,0.336,66.416,17.226,7.374,42.378,220.000,240.000,1875.0,1750.2,1635.0,1840.6,1770.0,38.0,9.0,0.0,2.0,82.3,5.9,23.6,0.0,0.0,0.0,35,Yes,No,No,No,No,Yes,No,38.4,41.9,5,0,0,0,0,0,0,0,0,131,0,0,0,0,0,0,0,0,0,0,0,0,0,0,0,0,0,0,0,0,1450,6742,6595,852,8.0,76.4,93.8,61.5,61.3,61.3,61.3,76.8,243.8,52.5,48.8,48.4,48.4,13.08,16.37,10.74,10.71,16.41,16.41,5.51,7.57,12.26,0.82,3.35,0,0,0.0,0.0,8712,164,0.1,0.1,0,
7.7.2026,20:3:40.353,26634,19359,57.9,17200,15482,52.6,0.0,13312,0,1.291,1.294,1.294,1.294,1.294,1.269,1.281,1.300,1.306,4011.5,4017.8,4017.8,4017.8,4017.8,3992.8,3992.8,4017.8,4017.8,99.8,4013.3,4028.4,4012.4,4012.4,4013.1,4012.6,4012.8,4013.2,4013.6,4010.1,4010.9,4011.8,4012.8,4011.4,4011.4,4012.4,4012.7,4013.3,100.0,100.0,100.0,100.0,100.0,100.0,100.0,100.0,100.0,100.0,100.0,100.0,100.0,100.0,100.0,100.0,100.0,100.0,100.0,111.7,111.7,111.7,111.7,111.7,111.7,111.7,111.7,111.7,111.7,111.7,111.7,111.7,111.7,111.7,111.7,111.7,111.7,40.2,40.2,40.2,40.2,40.2,40.0,40.0,40.2,40.2,0.0,100.0,100.0,100.0,100.0,100.0,100.0,100.0,100.0,100.0,0.0,0.0,0.0,0.0,0.0,0.0,0.0,0.0,0.0,0.0,0.0,0.0,0.0,0.0,0.0,0.0,0.0,0.0,1197.8,12.00,16,16,16,39,55,661,1,81.5,81.6,83.2,77.6,77.0,75.8,80.3,78.6,77.0,76.6,77.3,77.8,67.2,67.3,67.2,59.0,54.5,1.344,1.031,1.350,22.616,11.877,22.609,90.000,51.398,6.467,6.294,5.848,7.363,6.896,6.205,5.852,6.667,6.615,29.826,12.287,42.113,51.530,1197.8,1197.8,4028.4,4028.4,4028.4,4028.4,58.6,37.7,100.0,85.9,57.8,No,No,No,4.962,0.294,8.0,50,95.0,100.0,No,No,91257,99039,32,99.0,No,No,3320,1.5,0.3,1.8,1.702,5.881,20766,17137,0.0,0.0,0.0,0.000,0.000,50,0,63.6,81.0,83.0,1.075,12.104,12.143,12.135,12.034,1201,91.295,45.253,77.480,25.902,68.284,25.152,43.042,0.336,77.480,16.872,55.100,62.881,220.000,240.000,1920.0,1750.2,1695.0,1905.2,1830.0,40.0,10.0,0.0,2.0,82.3,5.3,21.2,0.0,0.0,0.0,35,Yes,No,No,Yes,No,No,No,42.9,41.2,5,0,0,0,0,0,0,0,0,131,0,0,0,0,0,0,0,0,0,0,0,0,0,0,0,0,0,0,0,0,1450,6742,6595,860,8.0,80.3,93.5,63.2,60.2,59.9,59.9,79.8,215.2,59.0,58.7,58.7,58.7,12.45,15.86,10.56,10.52,16.80,16.80,5.27,7.18,11.65,0.79,2.84,0,0,0.0,0.0,8712,164,0.2,0.3,0,
7.7.2026,20:3:42.363,26597,19396,57.8,17173,15509,52.5,0.0,13312,0,1.296,1.294,1.319,1.262,1.300,1.294,1.294,1.294,1.312,4027.1,4042.7,4017.8,4042.7,4042.7,3992.8,4017.8,4017.8,4042.7,99.8,4013.4,4029.2,4012.3,4012.7,4012.8,4012.8,4012.8,4013.0,4013.6,4009.9,4010.6,4012.0,4013.2,4011.7,4012.2,4012.9,4013.4,4013.4,100.0,100.0,100.0,100.0,100.0,100.0,100.0,100.0,100.0,100.0,100.0,100.0,100.0,100.0,100.0,100.0,100.0,100.0,100.0,111.7,111.7,111.7,111.7,111.7,111.7,111.7,111.7,111.7,111.7,111.7,111.7,111.7,111.7,111.7,111.7,111.7,111.7,40.3,40.5,40.2,40.5,40.5,40.0,40.2,40.2,40.5,0.0,100.0,100.0,100.0,100.0,100.0,100.0,100.0,100.0,100.0,0.0,0.0,0.0,0.0,0.0,0.0,0.0,0.0,0.0,0.0,0.0,0.0,0.0,0.0,0.0,0.0,0.0,0.0,1197.8,12.00,16,16,16,39,55,661,1,81.5,82.2,79.5,78.1,78.5,78.6,80.9,80.5,76.4,75.6,76.9,77.3,67.5,67.7,67.3,58.8,54.1,1.325,1.031,1.325,23.233,11.875,23.241,90.000,52.282,6.521,6.897,6.942,7.409,7.333,5.866,5.331,6.296,6.096,30.625,12.285,42.911,52.356,1197.8,1197.8,4029.2,4029.2,4029.2,4029.2,59.5,38.7,100.0,86.5,58.1,No,No,No,4.955,0.279,8.0,49,95.0,100.0,No,No,91257,99039,32,99.0,No,No,3320,0.4,0.1,0.5,0.635,0.156,20767,17137,0.0,0.0,0.0,0.000,0.000,50,0,63.7,80.9,83.0,1.062,12.110,12.151,12.140,12.039,1208,89.919,38.494,75.796,25.274,67.414,25.221,42.105,0.336,75.796,17.060,8.939,46.995,220.000,240.000,1920.0,1750.2,1680.0,1917.5,1815.0,40.0,9.0,0.0,2.0,82.3,4.6,18.3,0.0,0.0,0.0,35,Yes,No,No,Yes,No,No,No,42.2,40.3,5,0,0,0,0,0,0,0,0,131,0,0,0,0,0,0,0,0,0,0,0,0,0,0,0,0,0,0,0,0,1450,6742,6595,860,8.0,66.8,83.5,46.2,43.0,42.6,42.6,66.8,81.9,46.1,42.9,42.6,42.6,14.96,21.68,11.90,11.86,23.44,23.44,5.35,9.61,14.07,0.89,2.32,0,0,0.0,0.0,8712,164,0.0,0.0,0,
7.7.2026,20:3:44.634,26597,19396,57.8,17173,15509,52.5,0.0,13312,0,1.296,1.294,1.319,1.262,1.300,1.294,1.294,1.294,1.312,4027.1,4042.7,4017.8,4042.7,4042.7,3992.8,4017.8,4017.8,4042.7,99.8,4013.4,4029.2,4012.3,4012.7,4012.8,4012.8,4012.8,4013.0,4013.6,4009.9,4010.6,4012.0,4013.2,4011.7,4012.2,4012.9,4013.4,4013.4,100.0,100.0,100.0,100.0,100.0,100.0,100.0,100.0,100.0,100.0,100.0,100.0,100.0,100.0,100.0,100.0,100.0,100.0,100.0,111.7,111.7,111.7,111.7,111.7,111.7,111.7,111.7,111.7,111.7,111.7,111.7,111.7,111.7,111.7,111.7,111.7,111.7,40.3,40.5,40.2,40.5,40.5,40.0,40.2,40.2,40.5,0.0,100.0,100.0,100.0,100.0,100.0,100.0,100.0,100.0,100.0,0.0,0.0,0.0,0.0,0.0,0.0,0.0,0.0,0.0,0.0,0.0,0.0,0.0,0.0,0.0,0.0,0.0,0.0,1197.8,12.00,16,16,16,39,55,661,1,81.5,82.2,79.5,78.1,78.5,78.6,80.9,80.5,76.4,75.6,76.9,77.3,67.5,67.7,67.3,58.8,54.1,1.325,1.031,1.325,23.233,11.875,23.241,90.000,52.282,6.521,6.897,6.942,7.409,7.333,5.866,5.331,6.296,6.096,30.625,12.285,42.911,52.356,1197.8,1197.8,4029.2,4029.2,4029.2,4029.2,59.5,38.7,100.0,86.5,58.1,No,No,No,4.955,0.279,8.0,50,95.0,100.0,No,No,91257,99039,32,99.0,No,No,3320,0.4,0.1,0.5,0.635,0.156,20767,17137,0.0,0.0,0.0,0.000,0.000,50,0,63.6,80.8,83.0,1.075,12.111,12.152,12.140,12.040,1209,90.963,39.940,75.376,24.937,67.095,25.139,41.873,0.336,75.376,16.827,6.773,65.668,220.000,240.000,1920.0,1750.2,1695.0,1909.7,1830.0,41.0,10.0,0.0,2.0,82.3,5.6,22.4,0.0,0.0,0.0,35,Yes,No,No,Yes,No,No,No,41.9,43.3,5,0,0,0,0,0,0,0,0,131,0,0,0,0,0,0,0,0,0,0,0,0,0,0,0,0,0,0,0,0,1450,6742,6595,861,8.0,66.8,83.5,46.2,43.0,42.6,42.6,66.8,81.9,46.1,42.9,42.6,42.6,14.96,21.68,11.90,11.86,23.44,23.44,5.35,9.61,14.07,0.89,2.32,0,0,0.0,0.0,8712,164,0.0,0.0,0,
7.7.2026,20:3:46.349,26439,19554,57.4,17022,15660,52.0,0.0,13312,0,1.301,1.312,1.300,1.300,1.300,1.300,1.300,1.300,1.294,4020.9,4042.7,4017.8,4017.8,4017.8,4017.8,4017.8,4017.8,4017.8,99.8,4011.3,4027.3,4010.7,4010.9,4011.1,4010.8,4010.9,4011.3,4011.3,4009.1,4009.0,4009.9,4010.4,4009.0,4009.3,4010.3,4010.2,4011.3,100.0,100.0,100.0,100.0,100.0,100.0,100.0,100.0,100.0,100.0,100.0,100.0,100.0,100.0,100.0,100.0,100.0,100.0,100.0,111.7,111.7,111.7,111.7,111.7,111.7,111.7,111.7,111.7,111.7,111.7,111.7,111.7,111.7,111.7,111.7,111.7,111.7,40.3,40.5,40.2,40.2,40.2,40.2,40.2,40.2,40.2,0.0,100.0,100.0,100.0,100.0,100.0,100.0,100.0,100.0,100.0,0.0,0.0,0.0,0.0,0.0,0.0,0.0,0.0,0.0,0.0,0.0,0.0,0.0,0.0,0.0,0.0,0.0,0.0,1197.8,12.00,16,16,16,39,55,661,1,81.4,80.7,84.2,77.1,76.6,75.4,77.6,76.0,77.9,77.9,77.9,77.6,67.0,67.1,67.0,58.0,53.7,1.300,1.019,1.306,22.186,11.881,22.172,90.000,50.777,6.528,6.374,5.969,6.470,6.119,6.808,6.797,6.797,6.893,29.265,12.290,41.555,50.956,1197.8,1197.8,4027.3,4027.3,4027.3,4027.3,57.9,37.0,100.0,84.9,57.8,No,No,No,4.841,0.307,8.0,50,95.0,100.0,No,No,91257,99039,32,99.0,No,No,3320,0.7,0.1,0.8,1.010,0.251,20774,17150,0.0,0.0,0.0,0.000,0.000,50,0,64.4,82.5,83.0,1.075,12.111,12.140,12.132,12.026,1209,100.861,39.940,85.860,29.586,73.388,25.568,47.700,0.336,85.860,17.200,7.265,65.848,220.000,240.000,1920.0,1750.2,1695.0,1916.9,1830.0,42.0,9.0,0.0,2.0,82.3,5.6,22.2,0.0,0.0,0.0,36,Yes,No,No,Yes,No,No,No,41.9,43.3,5,0,0,0,0,0,0,0,0,131,0,0,0,0,0,0,0,0,0,0,0,0,0,0,0,0,0,0,0,0,1450,6742,6595,861,8.0,78.9,116.9,55.0,53.6,53.4,53.4,79.0,238.8,48.3,44.8,44.4,44.4,12.66,18.26,8.38,7.50,18.80,18.80,5.72,6.93,11.87,0.79,3.98,0,0,0.0,0.0,8712,164,0.0,0.0,0,
7.7.2026,20:3:48.370,26439,19554,57.4,17022,15660,52.0,0.0,13312,0,1.301,1.312,1.300,1.300,1.300,1.300,1.300,1.300,1.294,4020.9,4042.7,4017.8,4017.8,4017.8,4017.8,4017.8,4017.8,4017.8,99.8,4011.3,4027.3,4010.7,4010.9,4011.1,4010.8,4010.9,4011.3,4011.3,4009.1,4009.0,4009.9,4010.4,4009.0,4009.3,4010.3,4010.2,4011.3,100.0,100.0,100.0,100.0,100.0,100.0,100.0,100.0,100.0,100.0,100.0,100.0,100.0,100.0,100.0,100.0,100.0,100.0,100.0,111.7,111.7,111.7,111.7,111.7,111.7,111.7,111.7,111.7,111.7,111.7,111.7,111.7,111.7,111.7,111.7,111.7,111.7,40.3,40.5,40.2,40.2,40.2,40.2,40.2,40.2,40.2,0.0,100.0,100.0,100.0,100.0,100.0,100.0,100.0,100.0,100.0,0.0,0.0,0.0,0.0,0.0,0.0,0.0,0.0,0.0,0.0,0.0,0.0,0.0,0.0,0.0,0.0,0.0,0.0,1197.8,12.00,16,16,16,39,55,661,1,81.4,80.7,84.2,77.1,76.6,75.4,77.6,76.0,77.9,77.9,77.9,77.6,67.0,67.1,67.0,58.0,53.7,1.300,1.019,1.306,22.186,11.881,22.172,90.000,50.777,6.528,6.374,5.969,6.470,6.119,6.808,6.797,6.797,6.893,29.265,12.290,41.555,50.956,1197.8,1197.8,4027.3,4027.3,4027.3,4027.3,57.9,37.0,100.0,84.9,57.8,No,No,No,4.841,0.307,8.0,50,95.0,100.0,No,No,91257,99039,32,99.0,No,No,3320,0.7,0.1,0.8,1.010,0.251,20774,17150,0.0,0.0,0.0,0.000,0.000,50,0,64.7,82.4,83.0,1.075,12.100,12.139,12.130,12.024,1224,101.799,43.861,85.441,29.401,73.180,25.600,47.465,0.336,85.441,17.230,7.197,56.549,220.000,240.000,1920.0,1750.2,1695.0,1916.9,1830.0,42.0,9.0,0.0,2.0,82.3,5.6,22.2,0.0,0.0,0.0,36,Yes,No,No,Yes,No,No,No,47.7,46.6,5,0,0,0,0,0,0,0,0,131,0,0,0,0,0,0,0,0,0,0,0,0,0,0,0,0,0,0,0,0,1450,6742,6595,861,8.0,78.9,116.9,55.0,53.6,53.4,53.4,79.0,238.8,48.3,44.8,44.4,44.4,12.66,18.26,8.38,7.50,18.80,18.80,5.72,6.93,11.87,0.79,3.98,0,0,0.0,0.0,8712,164,0.0,0.0,0,
7.7.2026,20:3:50.351,26449,19545,57.5,17034,15647,52.1,0.0,13312,0,1.296,1.275,1.294,1.294,1.319,1.294,1.294,1.312,1.288,4027.1,4017.8,4017.8,4017.8,4042.7,4017.8,4017.8,4042.7,4042.7,99.8,4014.1,4028.7,4012.2,4012.1,4012.3,4012.6,4012.8,4013.5,4014.1,4011.8,4012.0,4013.0,4013.9,4012.8,4013.1,4014.5,4015.5,4014.1,100.0,100.0,100.0,100.0,100.0,100.0,100.0,100.0,100.0,100.0,100.0,100.0,100.0,100.0,100.0,100.0,100.0,100.0,100.0,111.7,111.7,111.7,111.7,111.7,111.7,111.7,111.7,111.7,111.7,111.7,111.7,111.7,111.7,111.7,111.7,111.7,111.7,40.3,40.2,40.2,40.2,40.5,40.2,40.2,40.5,40.5,0.0,100.0,100.0,100.0,100.0,100.0,100.0,100.0,100.0,100.0,0.0,0.0,0.0,0.0,0.0,0.0,0.0,0.0,0.0,0.0,0.0,0.0,0.0,0.0,0.0,0.0,0.0,0.0,1197.8,12.00,16,16,16,39,55,661,1,80.6,80.1,79.5,76.7,77.3,76.6,78.4,76.7,76.1,75.5,76.6,76.5,67.1,67.2,67.0,57.5,53.5,1.319,1.038,1.344,21.551,11.912,21.550,90.000,50.113,6.038,6.599,6.415,6.460,5.887,5.983,5.496,6.153,5.308,28.421,12.316,40.736,50.184,1197.8,1197.8,4028.7,4028.7,4028.7,4028.7,57.0,35.9,100.0,84.3,57.5,No,No,No,5.259,0.311,8.0,50,95.0,100.0,No,No,91257,99039,32,99.0,No,No,3320,2.4,0.1,2.4,0.563,0.133,20778,17150,0.0,0.0,0.0,0.000,0.000,50,0,64.7,82.4,83.0,1.075,12.098,12.139,12.130,12.024,1224,101.799,42.784,85.441,29.401,73.180,25.600,47.465,0.336,85.441,17.230,7.197,56.549,220.000,240.000,1920.0,1750.2,1695.0,1916.9,1830.0,37.0,8.0,0.0,2.0,82.3,5.6,22.4,0.0,0.0,0.0,36,Yes,No,No,Yes,No,No,No,45.9,47.8,5,0,0,0,0,0,0,0,0,131,0,0,0,0,0,0,0,0,0,0,0,0,0,0,0,0,0,0,0,0,1450,6742,6595,861,8.0,76.5,100.6,64.0,63.4,63.3,63.3,76.5,106.1,64.5,64.4,64.3,64.3,13.07,15.73,10.02,9.72,15.85,15.85,6.04,7.03,12.23,0.83,1.25,0,0,0.0,0.0,8712,164,0.5,0.4,0,
7.7.2026,20:3:52.368,26516,19477,57.6,17107,15574,52.3,0.0,13312,0,1.295,1.294,1.288,1.288,1.300,1.281,1.294,1.319,1.294,4024.0,4017.8,4017.8,4017.8,4017.8,4017.8,4017.8,4042.7,4042.7,99.8,4015.1,4031.2,4014.0,4014.3,4014.6,4014.5,4014.7,4015.1,4015.3,4012.1,4012.7,4013.6,4014.4,4013.2,4013.3,4013.8,4014.0,4015.1,100.0,100.0,100.0,100.0,100.0,100.0,100.0,100.0,100.0,100.0,100.0,100.0,100.0,100.0,100.0,100.0,100.0,100.0,100.0,111.8,111.8,111.8,111.8,111.8,111.8,111.8,111.8,111.8,111.7,111.7,111.7,111.7,111.7,111.7,111.7,111.7,111.8,40.3,40.2,40.2,40.2,40.2,40.2,40.2,40.5,40.5,0.0,100.0,100.0,100.0,100.0,100.0,100.0,100.0,100.0,100.0,0.0,0.0,0.0,0.0,0.0,0.0,0.0,0.0,0.0,0.0,0.0,0.0,0.0,0.0,0.0,0.0,0.0,0.0,1197.8,12.00,16,16,16,39,55,661,1,80.8,80.0,79.2,76.5,77.1,76.5,78.8,77.1,76.4,76.3,75.3,74.3,66.8,67.0,66.7,57.8,53.4,1.344,1.031,1.350,21.521,11.901,21.512,90.000,49.939,6.250,6.622,6.373,6.949,6.469,6.368,6.415,5.741,5.063,28.399,12.299,40.698,50.118,1197.8,1197.8,4031.2,4031.2,4031.2,4031.2,57.0,35.9,100.0,84.2,57.5,No,No,No,5.080,0.318,8.0,50,95.0,100.0,No,No,91257,99039,32,99.0,No,No,3320,1.0,0.1,1.1,1.314,0.401,20781,17151,0.0,0.0,0.0,0.000,0.000,50,0,65.9,84.7,83.0,1.075,12.098,12.138,12.131,12.024,1244,101.700,49.222,88.243,30.722,74.909,25.767,49.021,0.336,88.243,17.474,53.199,64.308,220.000,240.000,1920.0,1750.2,1695.0,1916.9,1830.0,41.0,9.0,0.0,3.0,82.3,4.6,18.5,0.0,0.0,0.0,37,Yes,No,No,Yes,No,No,No,48.1,42.9,5,0,0,0,0,0,0,0,0,131,0,0,0,0,0,0,0,0,0,0,0,0,0,0,0,0,0,0,0,0,1450,6742,6595,861,8.0,73.6,97.9,58.8,57.8,57.7,57.7,73.6,94.8,58.1,57.5,57.4,57.4,13.58,16.99,10.29,10.20,17.42,17.42,6.04,7.55,12.74,0.84,1.21,0,0,0.0,0.0,8712,164,4.9,4.5,0,
7.7.2026,20:3:54.427,26405,19589,57.4,17005,15677,52.0,0.0,13312,0,1.312,1.275,1.294,1.337,1.331,1.325,1.337,1.288,1.312,4030.2,4017.8,4017.8,4042.7,4042.7,4042.7,4017.8,4017.8,4042.7,99.8,4012.2,4027.8,4011.0,4011.0,4011.8,4011.3,4011.4,4012.2,4012.4,4009.2,4009.7,4010.7,4011.9,4010.7,4010.9,4011.8,4012.2,4012.2,100.0,100.0,100.0,100.0,100.0,100.0,100.0,100.0,100.0,100.0,100.0,100.0,100.0,100.0,100.0,100.0,100.0,100.0,100.0,111.7,111.7,111.7,111.7,111.7,111.7,111.7,111.7,111.7,111.7,111.7,111.7,111.7,111.7,111.7,111.7,111.7,111.7,40.4,40.2,40.2,40.5,40.5,40.5,40.2,40.2,40.5,0.0,100.0,100.0,100.0,100.0,100.0,100.0,100.0,100.0,100.0,0.0,0.0,0.0,0.0,0.0,0.0,0.0,0.0,0.0,0.0,0.0,0.0,0.0,0.0,0.0,0.0,0.0,0.0,1197.8,12.00,16,16,16,39,55,661,1,81.2,81.9,78.5,78.0,77.4,77.0,80.1,79.1,77.1,77.3,77.8,78.3,67.3,67.4,67.2,56.2,53.2,1.319,1.031,1.344,23.324,11.884,23.331,90.000,52.422,6.555,6.574,6.411,7.145,6.799,6.296,6.128,6.640,6.448,30.749,12.299,43.048,52.487,1197.8,1197.8,4027.8,4027.8,4027.8,4027.8,59.6,38.9,100.0,86.2,58.1,No,No,No,4.813,0.352,8.0,50,95.0,100.0,No,No,91257,99039,32,99.0,No,No,3320,1.0,0.1,1.2,1.140,0.380,20783,17152,0.0,0.0,0.0,0.000,0.000,50,0,66.3,85.1,83.0,1.075,12.102,12.144,12.136,12.027,1285,108.476,47.362,91.072,32.230,77.114,25.990,51.004,0.336,91.072,18.340,7.161,79.299,220.000,240.000,1920.0,1750.2,1680.0,1908.4,1815.0,44.0,10.0,0.0,2.0,82.3,5.7,22.8,0.0,0.0,0.0,38,Yes,No,No,Yes,Yes,No,No,49.8,44.4,5,0,0,0,0,0,0,0,0,131,0,0,0,0,0,0,0,0,0,0,0,0,0,0,0,0,0,0,0,0,1450,6742,6595,861,8.0,79.0,101.5,64.3,58.9,58.4,58.4,78.9,94.6,66.4,60.9,60.3,60.3,12.66,15.73,9.80,8.23,17.20,17.20,6.05,6.61,11.84,0.82,1.33,0,0,0.0,0.0,8712,164,3.9,2.1,0,
7.7.2026,20:3:56.460,26508,19486,57.6,17081,15601,52.2,0.0,13312,0,1.301,1.312,1.319,1.312,1.288,1.294,1.300,1.288,1.294,4030.2,4017.8,4042.7,4042.7,4042.7,4017.8,4042.7,4017.8,4017.8,99.8,4013.7,4029.1,4012.4,4012.7,4013.3,4013.3,4013.4,4013.8,4014.3,4011.1,4011.4,4012.1,4013.1,4011.6,4012.1,4012.5,4012.9,4013.7,100.0,100.0,100.0,100.0,100.0,100.0,100.0,100.0,100.0,100.0,100.0,100.0,100.0,100.0,100.0,100.0,100.0,100.0,100.0,111.7,111.7,111.7,111.7,111.7,111.7,111.7,111.7,111.7,111.7,111.7,111.7,111.7,111.7,111.7,111.7,111.7,111.7,40.4,40.2,40.5,40.5,40.5,40.2,40.5,40.2,40.2,0.0,100.0,100.0,100.0,100.0,100.0,100.0,100.0,100.0,100.0,0.0,0.0,0.0,0.0,0.0,0.0,0.0,0.0,0.0,0.0,0.0,0.0,0.0,0.0,0.0,0.0,0.0,0.0,1197.8,12.00,16,16,16,39,55,661,1,80.5,79.7,80.5,76.3,76.5,75.8,77.8,75.8,76.2,75.1,76.5,76.1,66.8,66.9,66.7,56.0,53.5,1.325,1.044,1.325,21.087,11.923,21.089,90.000,49.465,6.030,6.500,6.334,6.398,5.713,5.944,5.329,6.224,5.795,27.821,12.327,40.148,49.573,1197.8,1197.8,4029.1,4029.1,4029.1,4029.1,56.3,35.1,100.0,83.9,57.3,No,No,No,4.965,0.338,8.0,50,95.0,100.0,No,No,91257,99039,32,99.0,No,No,3320,0.9,0.4,1.3,1.101,0.518,20785,17153,0.0,0.0,0.0,0.000,0.000,50,0,66.4,85.4,83.0,1.075,12.100,12.141,12.134,12.025,1305,107.835,47.732,91.197,32.187,77.102,25.889,51.072,0.336,91.197,18.137,7.201,82.997,220.000,240.000,1920.0,1750.2,1680.0,1908.6,1815.0,45.0,10.0,0.0,2.0,82.3,5.4,21.8,0.0,0.0,0.0,39,Yes,No,No,Yes,Yes,No,No,49.7,45.8,5,0,0,0,0,0,0,0,0,131,0,0,0,0,0,0,0,0,0,0,0,0,0,0,0,0,0,0,0,0,1450,6742,6595,862,8.0,77.5,136.2,41.2,25.3,24.2,24.2,77.5,134.0,41.7,25.8,24.7,24.7,12.90,24.37,7.28,6.45,41.38,41.38,6.04,6.86,12.10,0.80,1.80,0,0,0.0,0.0,8712,164,12.9,4.2,0,
7.7.2026,20:3:58.370,26483,19511,57.5,17064,15618,52.2,0.0,13312,2,1.301,1.275,1.312,1.294,1.319,1.288,1.312,1.294,1.312,4020.9,3992.8,4042.7,4017.8,4042.7,3992.8,4017.8,4017.8,4042.7,99.8,4011.7,4027.2,4010.6,4011.0,4011.3,4011.0,4011.1,4011.5,4011.9,4009.6,4010.0,4010.5,4011.1,4009.4,4009.7,4010.5,4010.5,4011.7,100.0,100.0,100.0,100.0,100.0,100.0,100.0,100.0,100.0,100.0,100.0,100.0,100.0,100.0,100.0,100.0,100.0,100.0,100.0,111.7,111.7,111.7,111.7,111.7,111.7,111.7,111.7,111.7,111.6,111.6,111.6,111.6,111.6,111.6,111.6,111.6,111.7,40.3,40.0,40.5,40.2,40.5,40.0,40.2,40.2,40.5,0.0,100.0,100.0,100.0,100.0,100.0,100.0,100.0,100.0,100.0,0.0,0.0,0.0,0.0,0.0,0.0,0.0,0.0,0.0,0.0,0.0,0.0,0.0,0.0,0.0,0.0,0.0,0.0,1197.8,12.00,16,16,16,39,55,661,1,80.4,80.6,80.0,76.9,77.1,76.5,77.7,75.2,76.6,76.3,77.5,78.2,66.8,66.9,66.8,56.8,53.6,1.312,1.038,1.325,21.904,11.905,21.888,90.000,50.473,6.275,6.716,6.618,6.146,5.314,6.174,5.858,6.757,6.617,28.880,12.313,41.194,50.592,1197.8,1197.8,4027.2,4027.2,4027.2,4027.2,57.5,36.5,100.0,84.9,57.8,No,No,No,4.923,0.313,8.0,50,95.0,100.0,No,No,91257,99039,32,99.0,No,No,3320,0.9,0.9,1.8,1.208,0.787,20787,17154,0.0,0.0,0.0,0.000,0.000,50,0,66.4,85.3,83.0,1.075,12.100,12.140,12.134,12.025,1325,104.660,47.732,92.159,32.755,77.890,26.130,51.610,0.336,92.159,18.532,7.215,67.686,220.000,240.000,1920.0,1750.2,1680.0,1908.1,1815.0,46.0,11.0,0.0,2.0,82.3,5.4,20.8,0.0,0.0,0.0,39,Yes,No,No,Yes,Yes,No,No,49.7,45.8,5,0,0,0,0,0,0,0,0,131,0,0,0,0,0,0,0,0,0,0,0,0,0,0,0,0,0,0,0,0,1450,6742,6595,862,8.0,67.8,84.3,37.8,25.5,24.6,24.6,67.7,82.1,37.9,25.5,24.6,24.6,14.76,26.55,11.77,11.49,40.64,40.64,6.14,8.63,13.88,0.88,2.41,0,0,0.0,0.0,8712,164,1.1,0.0,0,
7.7.2026,20:4:0.385,26497,19496,57.6,17045,15637,52.1,0.1,13312,14,1.302,1.319,1.294,1.312,1.294,1.319,1.294,1.294,1.288,4024.0,4017.8,4017.8,4042.7,4017.8,4042.7,4017.8,4017.8,4017.8,99.8,4012.2,4027.1,4010.9,4010.9,4011.5,4011.4,4011.4,4012.0,4012.4,4009.6,4009.7,4010.9,4012.0,4010.6,4010.9,4012.1,4012.4,4012.2,100.0,100.0,100.0,100.0,100.0,100.0,100.0,100.0,100.0,100.0,100.0,100.0,100.0,100.0,100.0,100.0,100.0,100.0,100.0,111.7,111.7,111.7,111.7,111.7,111.7,111.7,111.7,111.7,111.7,111.7,111.7,111.7,111.7,111.7,111.7,111.7,111.7,40.3,40.2,40.2,40.5,40.2,40.5,40.2,40.2,40.2,0.0,100.0,100.0,100.0,100.0,100.0,100.0,100.0,100.0,100.0,0.0,0.0,0.0,0.0,0.0,0.0,0.0,0.0,0.0,0.0,0.0,0.0,0.0,0.0,0.0,0.0,0.0,0.0,1197.8,12.00,16,16,16,39,55,661,1,80.2,80.4,78.8,77.0,76.7,76.3,76.7,76.4,77.0,77.1,77.3,78.5,67.0,67.0,66.9,56.5,53.8,1.306,1.031,1.319,22.196,11.887,22.213,90.000,50.980,6.281,6.567,6.365,5.921,5.849,6.305,6.107,6.504,6.634,29.289,12.296,41.585,51.033,1197.8,1197.8,4027.1,4027.1,4027.1,4027.1,58.0,37.0,100.0,84.6,57.8,No,No,No,4.938,0.320,8.0,50,95.0,100.0,No,No,91257,99039,32,99.0,No,No,3320,1.6,2.7,4.2,1.318,5.862,20790,17167,0.0,0.0,0.0,0.000,0.000,50,0,66.8,85.9,83.0,1.075,12.097,12.138,12.131,12.023,1332,111.025,47.885,88.899,31.268,75.796,25.885,49.787,0.336,88.899,18.237,19.204,80.540,220.000,240.000,1920.0,1750.2,1680.0,1908.3,1815.0,47.0,11.0,0.0,2.0,82.3,6.4,25.6,0.0,0.0,0.0,39,Yes,No,No,Yes,Yes,No,No,48.7,57.2,5,0,0,0,0,0,0,0,0,131,0,0,0,0,0,0,0,0,0,0,0,0,0,0,0,0,0,0,0,0,1450,6742,6595,864,8.0,78.7,94.9,65.0,59.9,59.3,59.3,78.7,91.5,66.5,60.3,59.7,59.7,12.70,15.53,10.56,10.37,16.94,16.94,6.17,6.54,11.89,0.82,1.04,0,0,0.0,0.0,8712,164,0.9,0.6,0,
7.7.2026,20:4:2.385,26561,19433,57.7,17062,15620,52.2,0.2,13312,27,1.303,1.306,1.319,1.319,1.312,1.269,1.312,1.300,1.288,4027.1,4042.7,4042.7,4042.7,4042.7,3992.8,4042.7,3992.8,4017.8,99.8,4014.4,4030.4,4013.1,4013.3,4013.8,4013.7,4013.8,4014.3,4014.8,4011.6,4011.8,4012.9,4014.1,4012.8,4012.9,4013.5,4013.9,4014.4,100.0,100.0,100.0,100.0,100.0,100.0,100.0,100.0,100.0,100.0,100.0,100.0,100.0,100.0,100.0,100.0,100.0,100.0,100.0,111.7,111.7,111.7,111.7,111.7,111.7,111.7,111.7,111.7,111.7,111.7,111.7,111.7,111.7,111.7,111.7,111.7,111.7,40.3,40.5,40.5,40.5,40.5,40.0,40.5,40.0,40.2,0.0,100.0,100.0,100.0,100.0,100.0,100.0,100.0,100.0,100.0,0.0,0.0,0.0,0.0,0.0,0.0,0.0,0.0,0.0,0.0,0.0,0.0,0.0,0.0,0.0,0.0,0.0,0.0,1197.8,12.00,16,16,16,39,55,661,1,80.1,79.9,82.0,76.5,76.5,75.9,78.2,76.8,75.8,75.6,76.1,76.7,66.9,66.9,66.8,55.8,53.2,1.362,1.019,1.363,21.590,11.876,21.585,90.000,50.069,6.163,6.510,6.233,6.791,6.143,5.838,5.433,6.256,6.102,28.498,12.279,40.778,50.192,1197.8,1197.8,4030.4,4030.4,4030.4,4030.4,57.0,36.0,100.0,84.1,57.3,No,No,No,4.875,0.330,8.0,50,95.0,100.0,No,No,91257,99039,32,99.0,No,No,3320,0.9,2.9,3.8,1.362,7.799,20793,17181,0.0,0.0,0.0,0.000,0.000,50,0,66.8,85.8,83.0,1.075,12.097,12.140,12.134,12.024,1346,109.264,47.885,93.211,32.766,78.022,26.104,51.781,0.336,93.211,17.625,17.066,66.817,220.000,240.000,1920.0,1750.2,1680.0,1908.3,1815.0,47.0,11.0,0.0,2.0,82.3,6.4,25.6,0.0,0.0,0.0,39,Yes,No,No,Yes,Yes,No,No,48.7,57.2,5,0,0,0,0,0,0,0,0,131,0,0,0,0,0,0,0,0,0,0,0,0,0,0,0,0,0,0,0,0,1450,6742,6595,864,8.0,77.8,96.7,61.9,53.3,52.5,52.5,77.8,89.9,61.1,52.6,51.9,51.9,12.85,16.20,10.50,9.47,18.69,18.69,6.14,6.71,12.03,0.83,1.12,0,0,0.0,0.0,8712,164,1.1,0.3,0,
7.7.2026,20:4:4.364,26589,19404,57.8,17026,15656,52.0,0.6,13312,75,1.295,1.306,1.294,1.300,1.300,1.294,1.294,1.281,1.294,4024.0,4017.8,4017.8,4017.8,4017.8,4042.7,4017.8,4017.8,4042.7,99.8,4013.0,4028.5,4011.4,4011.5,4012.0,4012.2,4012.1,4012.7,4012.9,4010.5,4010.7,4011.9,4012.8,4011.5,4011.7,4012.8,4013.1,4013.0,100.0,100.0,100.0,100.0,100.0,100.0,100.0,100.0,100.0,100.0,100.0,100.0,100.0,100.0,100.0,100.0,100.0,100.0,100.0,111.7,111.7,111.7,111.7,111.7,111.7,111.7,111.7,111.7,111.7,111.7,111.7,111.7,111.7,111.7,111.7,111.7,111.7,40.3,40.2,40.2,40.2,40.2,40.5,40.2,40.2,40.5,0.0,100.0,100.0,100.0,100.0,100.0,100.0,100.0,100.0,100.0,0.0,0.0,0.0,0.0,0.0,0.0,0.0,0.0,0.0,0.0,0.0,0.0,0.0,0.0,0.0,0.0,0.0,0.0,1197.8,12.00,16,16,16,39,55,661,1,80.0,79.2,79.8,76.0,76.6,75.6,77.3,74.7,75.8,75.4,76.0,76.7,66.6,66.6,66.5,56.2,53.4,1.312,1.031,1.325,21.066,11.912,21.073,90.000,49.423,6.078,6.598,6.285,6.126,5.301,6.161,5.780,6.342,6.035,27.787,12.316,40.103,49.532,1197.8,1197.8,4028.5,4028.5,4028.5,4028.5,56.3,35.1,100.0,83.4,57.4,No,No,No,4.937,0.359,8.0,50,95.0,100.0,No,No,91258,99039,32,99.0,No,No,3320,1.4,1.2,2.5,1.278,26.534,20795,17229,0.0,0.0,0.0,0.000,0.000,50,0,66.1,84.6,83.0,1.075,12.099,12.140,12.134,12.024,1346,109.264,47.694,93.211,32.766,78.022,26.104,51.781,0.336,93.211,17.625,17.066,66.817,220.000,240.000,1920.0,1750.2,1680.0,1908.5,1815.0,47.0,11.0,0.0,2.0,82.3,5.9,23.6,0.0,0.0,0.0,40,Yes,No,No,Yes,Yes,No,No,49.6,53.9,5,0,0,0,0,0,0,0,0,131,0,0,0,0,0,0,0,0,0,0,0,0,0,0,0,0,0,0,0,0,1446,6746,6599,865,8.0,73.0,98.8,33.7,19.4,18.6,18.6,73.0,95.0,34.2,19.7,18.8,18.8,13.71,29.63,10.31,9.69,53.85,53.85,6.16,7.54,12.89,0.82,2.32,0,0,0.0,0.0,8712,164,0.2,0.2,0,
7.7.2026,20:4:6.373,26566,19428,57.7,16979,15703,51.9,0.6,13312,75,1.309,1.312,1.288,1.312,1.294,1.337,1.319,1.294,1.319,4036.5,4042.7,4042.7,4042.7,4017.8,4067.7,4042.7,4017.8,4017.8,99.8,4014.2,4029.9,4012.4,4012.9,4012.9,4013.5,4013.5,4013.9,4014.8,4011.6,4011.8,4013.0,4013.9,4012.6,4012.9,4013.6,4013.9,4014.2,100.0,100.0,100.0,100.0,100.0,100.0,100.0,100.0,100.0,100.0,100.0,100.0,100.0,100.0,100.0,100.0,100.0,100.0,100.0,111.7,111.7,111.7,111.7,111.7,111.7,111.7,111.7,111.7,111.7,111.7,111.7,111.7,111.7,111.7,111.7,111.7,111.7,40.4,40.5,40.5,40.5,40.2,40.8,40.5,40.2,40.2,0.0,100.0,100.0,100.0,100.0,100.0,100.0,100.0,100.0,100.0,0.0,0.0,0.0,0.0,0.0,0.0,0.0,0.0,0.0,0.0,0.0,0.0,0.0,0.0,0.0,0.0,0.0,0.0,1197.8,12.00,16,16,16,39,55,661,1,79.6,80.0,77.2,76.7,77.0,76.2,78.3,76.8,77.1,77.8,75.5,75.1,66.9,67.0,66.8,57.8,53.5,1.319,1.031,1.319,21.993,11.913,21.986,90.000,50.624,6.207,6.567,6.364,6.647,6.057,6.432,6.530,5.882,5.178,29.016,12.319,41.336,50.759,1197.8,1197.8,4029.9,4029.9,4029.9,4029.9,57.7,36.6,100.0,84.2,57.6,No,No,No,5.068,0.310,8.0,50,95.0,100.0,No,No,91258,99039,32,99.0,No,No,3320,1.9,0.1,2.0,1.507,0.324,20798,17230,0.0,0.0,0.0,0.000,0.000,50,0,66.9,86.3,83.0,1.075,12.108,12.147,12.139,12.030,1366,108.808,46.160,91.712,32.504,77.559,26.068,51.361,0.336,91.712,18.407,10.827,72.245,220.000,240.000,1920.0,1750.2,1680.0,1908.5,1815.0,39.0,9.0,0.0,2.0,82.3,5.6,22.3,0.0,0.0,0.0,40,Yes,No,No,Yes,Yes,No,No,46.8,45.4,5,0,0,0,0,0,0,0,0,131,0,0,0,0,0,0,0,0,0,0,0,0,0,0,0,0,0,0,0,0,1450,6742,6595,864,8.0,77.8,103.8,61.0,54.4,53.8,53.8,77.8,101.0,61.5,53.4,52.6,52.6,12.85,16.22,9.74,8.26,18.52,18.52,6.05,6.81,12.04,0.81,1.19,0,0,0.0,0.0,8712,164,4.9,3.1,0,
7.7.2026,20:4:8.384,26693,19301,58.0,17081,15601,52.2,0.6,13312,76,1.302,1.294,1.312,1.300,1.294,1.312,1.294,1.306,1.300,4017.8,4017.8,4042.7,4017.8,3992.8,4017.8,4017.8,4017.8,4017.8,99.8,4015.9,4031.3,4014.8,4014.8,4014.8,4015.2,4015.2,4015.9,4016.1,4013.8,4014.2,4014.8,4015.7,4013.9,4014.0,4014.9,4015.2,4015.9,100.0,100.0,100.0,100.0,100.0,100.0,100.0,100.0,100.0,100.0,100.0,100.0,100.0,100.0,100.0,100.0,100.0,100.0,100.0,111.8,111.8,111.8,111.8,111.8,111.8,111.8,111.8,111.8,111.8,111.8,111.8,111.8,111.8,111.8,111.8,111.8,111.8,40.2,40.2,40.5,40.2,40.0,40.2,40.2,40.2,40.2,0.0,100.0,100.0,100.0,100.0,100.0,100.0,100.0,100.0,100.0,0.0,0.0,0.0,0.0,0.0,0.0,0.0,0.0,0.0,0.0,0.0,0.0,0.0,0.0,0.0,0.0,0.0,0.0,1197.8,12.00,16,16,16,39,55,661,1,79.4,78.7,79.2,75.5,76.0,75.3,77.2,74.9,75.4,75.0,75.0,74.9,66.5,66.5,66.4,57.0,53.1,1.350,1.031,1.344,20.366,11.901,20.374,90.000,48.614,5.904,6.361,6.224,6.196,5.396,5.823,5.382,6.019,5.828,26.883,12.300,39.183,48.610,1197.8,1197.8,4031.3,4031.3,4031.3,4031.3,55.2,34.0,100.0,82.8,57.0,No,No,No,4.964,0.335,8.0,50,95.0,100.0,No,No,91258,99039,32,99.0,No,No,3320,0.7,0.0,0.7,0.938,0.384,20800,17231,0.0,0.0,0.0,0.000,0.000,50,0,66.9,86.3,83.0,1.075,12.105,12.147,12.139,12.030,1366,108.808,47.273,91.712,32.504,77.559,26.068,51.361,0.336,91.712,18.407,10.827,72.245,220.000,240.000,1920.0,1750.2,1680.0,1908.2,1815.0,46.0,10.0,0.0,2.0,82.3,5.4,21.6,0.0,0.0,0.0,40,Yes,No,No,Yes,Yes,No,No,50.1,44.9,5,0,0,0,0,0,0,0,0,131,0,0,0,0,0,0,0,0,0,0,0,0,0,0,0,0,0,0,0,0,1450,6742,6595,864,8.0,78.8,94.7,69.6,68.7,68.6,68.6,78.8,97.5,70.4,68.1,67.9,67.9,12.69,14.52,10.65,10.04,14.73,14.73,6.02,6.67,11.89,0.80,0.79,0,0,0.0,0.0,8712,164,0.1,0.1,0,
7.7.2026,20:4:10.372,26554,19439,57.7,16923,15759,51.7,0.6,13312,78,1.301,1.300,1.294,1.294,1.294,1.319,1.312,1.300,1.294,4017.8,3992.8,4017.8,4017.8,4017.8,4017.8,4042.7,4017.8,4017.8,99.8,4013.2,4028.7,4011.9,4012.1,4012.4,4012.4,4012.4,4013.2,4013.3,4010.8,4010.7,4011.9,4012.7,4011.8,4011.8,4012.3,4012.5,4013.2,100.0,100.0,100.0,100.0,100.0,100.0,100.0,100.0,100.0,100.0,100.0,100.0,100.0,100.0,100.0,100.0,100.0,100.0,100.0,111.7,111.7,111.7,111.7,111.7,111.7,111.7,111.7,111.7,111.7,111.7,111.7,111.7,111.7,111.7,111.7,111.7,111.7,40.2,40.0,40.2,40.2,40.2,40.2,40.5,40.2,40.2,0.0,100.0,100.0,100.0,100.0,100.0,100.0,100.0,100.0,100.0,0.0,0.0,0.0,0.0,0.0,0.0,0.0,0.0,0.0,0.0,0.0,0.0,0.0,0.0,0.0,0.0,0.0,0.0,1197.8,12.00,16,16,16,39,55,661,1,79.8,80.4,79.8,76.7,76.4,75.5,78.0,76.9,76.2,75.9,77.1,77.9,66.7,66.8,66.6,56.2,53.6,1.344,1.031,1.350,22.238,11.870,22.230,90.000,50.859,6.396,6.482,6.132,6.709,6.387,6.203,5.802,6.815,6.637,29.351,12.278,41.629,51.032,1197.8,1197.8,4028.7,4028.7,4028.7,4028.7,58.0,37.0,100.0,84.6,57.8,No,No,No,4.755,0.351,8.0,50,95.0,100.0,No,No,91258,99039,32,99.0,No,No,3320,0.6,0.1,0.7,0.314,1.272,20800,17233,0.0,0.0,0.0,0.000,0.000,50,0,67.3,86.7,83.0,1.075,12.098,12.139,12.132,12.022,1370,109.939,48.319,91.664,32.109,77.877,26.003,51.740,0.336,91.664,18.377,7.461,85.964,220.000,240.000,1920.0,1750.2,1680.0,1908.5,1815.0,48.0,11.0,0.0,2.0,82.3,5.2,21.0,0.0,0.0,0.0,40,Yes,No,No,Yes,Yes,No,No,50.0,50.4,5,0,0,0,0,0,0,0,0,131,0,0,0,0,0,0,0,0,0,0,0,0,0,0,0,0,0,0,0,0,1450,6742,6595,864,8.0,80.3,109.6,65.1,57.0,56.2,56.2,80.3,108.5,64.3,53.6,52.6,52.6,12.45,15.41,9.07,9.03,17.65,17.65,6.01,6.45,11.65,0.80,1.22,0,0,0.0,0.0,8712,164,2.8,1.2,0,
7.7.2026,20:4:12.372,26554,19439,57.7,16923,15759,51.7,0.6,13312,78,1.301,1.300,1.294,1.294,1.294,1.319,1.312,1.300,1.294,4017.8,3992.8,4017.8,4017.8,4017.8,4017.8,4042.7,4017.8,4017.8,99.8,4013.2,4028.7,4011.9,4012.1,4012.4,4012.4,4012.4,4013.2,4013.3,4010.8,4010.7,4011.9,4012.7,4011.8,4011.8,4012.3,4012.5,4013.2,100.0,100.0,100.0,100.0,100.0,100.0,100.0,100.0,100.0,100.0,100.0,100.0,100.0,100.0,100.0,100.0,100.0,100.0,100.0,111.7,111.7,111.7,111.7,111.7,111.7,111.7,111.7,111.7,111.7,111.7,111.7,111.7,111.7,111.7,111.7,111.7,111.7,40.2,40.0,40.2,40.2,40.2,40.2,40.5,40.2,40.2,0.0,100.0,100.0,100.0,100.0,100.0,100.0,100.0,100.0,100.0,0.0,0.0,0.0,0.0,0.0,0.0,0.0,0.0,0.0,0.0,0.0,0.0,0.0,0.0,0.0,0.0,0.0,0.0,1197.8,12.00,16,16,16,39,55,661,1,79.8,80.4,79.8,76.7,76.4,75.5,78.0,76.9,76.2,75.9,77.1,77.9,66.7,66.8,66.6,56.2,53.6,1.344,1.031,1.350,22.238,11.870,22.230,90.000,50.859,6.396,6.482,6.132,6.709,6.387,6.203,5.802,6.815,6.637,29.351,12.278,41.629,51.032,1197.8,1197.8,4028.7,4028.7,4028.7,4028.7,58.0,37.0,100.0,84.6,57.8,No,No,No,4.755,0.351,8.0,50,95.0,100.0,No,No,91258,99039,32,99.0,No,No,3320,0.6,0.1,0.7,0.314,1.272,20800,17233,0.0,0.0,0.0,0.000,0.000,50,0,66.5,85.3,83.0,1.075,12.100,12.141,12.133,12.026,1377,108.618,44.476,88.914,30.971,75.288,25.771,49.394,0.336,88.914,17.415,7.256,60.498,220.000,240.000,1920.0,1750.2,1680.0,1908.1,1815.0,41.0,9.0,0.0,2.0,82.3,5.3,21.0,0.0,0.0,0.0,40,Yes,No,No,Yes,Yes,No,No,48.3,44.6,5,0,0,0,0,0,0,0,0,131,0,0,0,0,0,0,0,0,0,0,0,0,0,0,0,0,0,0,0,0,1450,6742,6595,864,8.0,80.3,109.6,65.1,57.0,56.2,56.2,80.3,108.5,64.3,53.6,52.6,52.6,12.45,15.41,9.07,9.03,17.65,17.65,6.01,6.45,11.65,0.80,1.22,0,0,0.0,0.0,8712,164,2.8,1.2,0,
7.7.2026,20:4:14.368,26516,19477,57.6,16858,15824,51.5,0.6,13312,82,1.292,1.288,1.288,1.294,1.294,1.275,1.319,1.288,1.294,4014.6,4017.8,4017.8,3992.8,4017.8,3992.8,4042.7,4017.8,4017.8,99.8,4016.2,4030.5,4014.0,4013.8,4014.3,4014.8,4015.5,4015.9,4016.6,4015.0,4015.0,4015.7,4016.2,4015.1,4015.3,4015.7,4015.8,4016.2,100.0,100.0,100.0,100.0,100.0,100.0,100.0,100.0,100.0,100.0,100.0,100.0,100.0,100.0,100.0,100.0,100.0,100.0,100.0,111.7,111.8,111.8,111.8,111.8,111.8,111.8,111.8,111.8,111.7,111.7,111.7,111.7,111.7,111.7,111.7,111.7,111.8,40.2,40.2,40.2,40.0,40.2,40.0,40.5,40.2,40.2,0.0,100.0,100.0,100.0,100.0,100.0,100.0,100.0,100.0,100.0,0.0,0.0,0.0,0.0,0.0,0.0,0.0,0.0,0.0,0.0,0.0,0.0,0.0,0.0,0.0,0.0,0.0,0.0,1197.8,12.00,16,16,16,39,55,661,1,79.5,79.8,78.0,76.5,77.4,77.3,77.4,76.5,76.5,76.3,75.7,74.9,66.9,67.0,66.8,58.2,53.7,1.337,1.031,1.344,21.576,11.873,21.569,90.000,50.068,6.107,6.859,6.836,6.267,5.946,5.953,5.881,5.956,5.156,28.465,12.276,40.741,50.147,1197.8,1197.8,4030.5,4030.5,4030.5,4030.5,57.0,35.9,100.0,84.0,57.4,No,No,No,4.771,0.341,8.0,49,95.0,100.0,No,No,91258,99039,32,99.0,No,No,3320,0.2,0.0,0.3,0.053,0.160,20801,17238,0.0,0.0,0.0,0.000,0.000,50,0,66.4,85.3,83.0,1.075,12.102,12.143,12.134,12.029,1389,109.183,41.756,84.960,28.852,72.588,25.284,47.200,0.336,84.960,16.584,7.321,49.474,220.000,240.000,1920.0,1750.2,1680.0,1908.7,1815.0,43.0,10.0,0.0,2.0,82.3,5.0,20.0,0.0,0.0,0.0,40,Yes,No,No,Yes,Yes,No,No,53.2,47.5,5,0,0,0,0,0,0,0,0,131,0,0,0,0,0,0,0,0,0,0,0,0,0,0,0,0,0,0,0,0,1450,6742,6595,865,8.0,78.3,97.4,63.8,63.6,63.6,63.6,78.3,97.7,63.6,61.9,61.7,61.7,12.77,15.55,10.21,9.90,15.67,15.67,6.04,6.72,11.94,0.82,1.21,0,0,0.0,0.0,8712,164,0.4,0.4,0,
7.7.2026,20:4:16.374,26615,19379,57.8,16824,15857,51.4,0.6,13312,82,1.295,1.294,1.319,1.269,1.275,1.300,1.294,1.319,1.288,4020.9,4017.8,4017.8,3992.8,4017.8,4017.8,4042.7,4042.7,4017.8,99.8,4013.2,4028.1,4011.8,4012.1,4012.4,4012.0,4012.3,4012.8,4013.2,4010.6,4011.5,4012.2,4013.4,4011.7,4011.8,4012.6,4012.6,4013.2,100.0,100.0,100.0,100.0,100.0,100.0,100.0,100.0,100.0,100.0,100.0,100.0,100.0,100.0,100.0,100.0,100.0,100.0,100.0,111.7,111.7,111.7,111.7,111.7,111.7,111.7,111.7,111.7,111.7,111.7,111.7,111.7,111.7,111.7,111.7,111.7,111.7,40.3,40.2,40.2,40.0,40.2,40.2,40.5,40.5,40.2,0.0,100.0,100.0,100.0,100.0,100.0,100.0,100.0,100.0,100.0,0.0,0.0,0.0,0.0,0.0,0.0,0.0,0.0,0.0,0.0,0.0,0.0,0.0,0.0,0.0,0.0,0.0,0.0,1197.8,12.00,16,16,16,39,55,661,1,79.9,80.2,79.2,76.6,77.0,76.7,76.8,75.4,75.8,75.4,77.2,78.3,66.8,66.8,66.7,58.0,53.4,1.312,1.038,1.325,21.830,11.849,21.833,90.000,50.390,6.268,6.761,6.556,6.068,5.688,5.885,5.316,6.861,7.005,28.805,12.256,41.061,50.484,1197.8,1197.8,4028.1,4028.1,4028.1,4028.1,57.4,36.4,100.0,84.4,57.6,No,No,No,4.826,0.341,8.0,50,95.0,100.0,No,No,91258,99039,32,99.0,No,No,3320,0.6,0.0,0.7,0.225,0.089,20802,17238,0.0,0.0,0.0,0.000,0.000,50,0,66.8,85.7,83.0,1.075,12.101,12.142,12.135,12.027,1395,109.452,44.390,88.544,30.574,74.945,25.629,49.191,0.336,88.544,17.053,7.360,61.722,220.000,240.000,1920.0,1750.2,1680.0,1907.9,1815.0,46.0,10.0,0.0,2.0,82.3,5.7,22.8,0.0,0.0,0.0,41,Yes,No,No,Yes,Yes,No,No,48.0,54.6,5,0,0,0,0,0,0,0,0,131,0,0,0,0,0,0,0,0,0,0,0,0,0,0,0,0,0,0,0,0,1450,6742,6595,865,8.0,74.8,97.1,47.2,42.8,42.3,42.3,74.8,96.1,47.4,44.1,43.8,43.8,13.38,21.20,10.32,10.03,23.29,23.29,6.10,7.26,12.55,0.82,1.89,0,0,0.0,0.0,8712,164,0.4,0.4,0,
7.7.2026,20:4:18.387,26556,19438,57.7,16885,15797,51.6,0.6,13312,82,1.293,1.288,1.294,1.294,1.300,1.294,1.288,1.294,1.294,4017.8,4017.8,4017.8,4017.8,4017.8,4017.8,4017.8,4017.8,4017.8,99.8,4013.2,4028.0,4011.6,4012.3,4012.7,4012.3,4012.6,4012.9,4013.6,4010.6,4010.9,4012.2,4012.8,4011.2,4011.3,4012.3,4012.9,4013.2,100.0,100.0,100.0,100.0,100.0,100.0,100.0,100.0,100.0,100.0,100.0,100.0,100.0,100.0,100.0,100.0,100.0,100.0,100.0,111.7,111.7,111.7,111.7,111.7,111.7,111.7,111.7,111.7,111.7,111.7,111.7,111.7,111.7,111.7,111.7,111.7,111.7,40.2,40.2,40.2,40.2,40.2,40.2,40.2,40.2,40.2,0.0,100.0,100.0,100.0,100.0,100.0,100.0,100.0,100.0,100.0,0.0,0.0,0.0,0.0,0.0,0.0,0.0,0.0,0.0,0.0,0.0,0.0,0.0,0.0,0.0,0.0,0.0,0.0,1197.8,12.00,16,16,16,39,55,661,1,80.1,80.9,80.8,77.0,76.5,75.5,79.2,77.3,76.2,75.8,77.3,78.5,67.0,67.0,67.0,57.8,53.3,1.319,1.031,1.319,22.353,11.884,22.357,90.000,51.219,6.320,6.322,5.855,6.962,6.464,5.974,5.626,6.663,6.693,29.497,12.293,41.790,51.247,1197.8,1197.8,4028.0,4028.0,4028.0,4028.0,58.2,37.3,100.0,85.1,57.8,No,No,No,5.186,0.351,8.0,50,95.0,100.0,No,No,91258,99039,32,99.0,No,No,3320,0.6,0.0,0.6,0.981,0.045,20803,17238,0.0,0.0,0.0,0.000,0.000,50,0,66.7,85.3,83.0,1.075,12.101,12.142,12.134,12.028,1399,109.562,48.665,86.990,30.076,74.055,25.619,48.328,0.336,86.990,17.229,57.565,59.464,220.000,240.000,1920.0,1750.2,1680.0,1907.9,1815.0,40.0,9.0,0.0,3.0,82.3,5.2,20.6,0.0,0.0,0.0,41,Yes,No,No,Yes,Yes,No,No,48.2,46.1,5,0,0,0,0,0,0,0,0,131,0,0,0,0,0,0,0,0,0,0,0,0,0,0,0,0,0,0,0,0,1450,6742,6595,865,8.0,75.0,90.6,42.7,35.1,34.4,34.4,75.1,95.6,43.7,35.1,34.3,34.3,13.32,23.62,10.87,10.86,29.14,29.14,6.16,7.16,12.52,0.81,1.90,0,0,0.0,0.0,8712,164,5.5,3.5,0,
7.7.2026,20:4:20.389,26504,19490,57.6,16845,15837,51.5,0.6,13312,82,1.300,1.294,1.312,1.325,1.294,1.312,1.294,1.294,1.275,4024.0,4017.8,4042.7,4042.7,3992.8,4042.7,4042.7,4017.8,3992.8,99.8,4014.7,4030.9,4013.4,4013.8,4014.1,4013.7,4013.9,4014.5,4014.9,4012.1,4012.4,4013.4,4014.0,4012.7,4012.7,4014.1,4014.1,4014.7,100.0,100.0,100.0,100.0,100.0,100.0,100.0,100.0,100.0,100.0,100.0,100.0,100.0,100.0,100.0,100.0,100.0,100.0,100.0,111.7,111.7,111.7,111.7,111.7,111.7,111.7,111.7,111.7,111.7,111.7,111.7,111.7,111.7,111.7,111.7,111.7,111.7,40.3,40.2,40.5,40.5,40.0,40.5,40.5,40.2,40.0,0.0,100.0,100.0,100.0,100.0,100.0,100.0,100.0,100.0,100.0,0.0,0.0,0.0,0.0,0.0,0.0,0.0,0.0,0.0,0.0,0.0,0.0,0.0,0.0,0.0,0.0,0.0,0.0,1197.8,12.00,16,16,16,39,55,661,1,80.5,81.2,77.0,76.8,76.4,75.3,80.3,78.5,76.6,76.7,75.2,75.1,66.9,67.0,66.8,58.8,53.9,1.312,1.031,1.319,21.837,11.862,21.834,90.000,50.356,6.193,6.207,5.797,7.482,6.824,6.396,6.336,5.583,4.920,28.821,12.267,41.087,50.508,1197.8,1197.8,4030.9,4030.9,4030.9,4030.9,57.4,36.4,100.0,85.5,57.6,No,No,No,4.923,0.361,8.0,50,95.0,100.0,No,No,91258,99039,32,99.0,No,No,3320,3.4,0.0,3.4,15.430,0.048,20833,17238,0.0,0.0,0.0,0.000,0.000,50,0,67.5,86.7,83.0,1.075,12.098,12.140,12.133,12.021,1401,108.127,47.999,92.702,33.093,78.134,26.075,51.914,0.336,92.702,18.556,7.358,79.122,220.000,240.000,1920.0,1750.2,1680.0,1908.5,1815.0,46.0,11.0,0.0,2.0,80.7,5.6,22.3,0.0,0.0,0.0,41,Yes,No,No,Yes,Yes,No,No,51.1,53.3,5,0,0,0,0,0,0,0,0,131,0,0,0,0,0,0,0,0,0,0,0,0,0,0,0,0,0,0,0,0,1578,6614,6467,865,8.0,78.3,94.9,66.1,63.7,63.4,63.4,78.3,94.7,66.4,61.2,60.7,60.7,12.78,15.24,9.85,9.73,16.09,16.09,6.05,6.73,11.92,0.85,1.09,0,0,0.0,0.0,8712,164,3.4,2.2,0,
7.7.2026,20:4:22.393,26573,19421,57.7,16908,15774,51.7,0.6,13312,82,1.304,1.312,1.294,1.319,1.325,1.294,1.319,1.294,1.275,4027.1,4042.7,4017.8,4017.8,4017.8,4017.8,4042.7,4017.8,4042.7,99.8,4013.0,4028.9,4012.2,4012.3,4012.6,4012.1,4012.3,4012.7,4013.2,4010.3,4010.5,4011.4,4012.6,4011.3,4011.2,4012.1,4012.8,4013.0,100.0,100.0,100.0,100.0,100.0,100.0,100.0,100.0,100.0,100.0,100.0,100.0,100.0,100.0,100.0,100.0,100.0,100.0,100.0,111.7,111.7,111.7,111.7,111.7,111.7,111.7,111.7,111.7,111.7,111.7,111.7,111.7,111.7,111.7,111.7,111.7,111.7,40.3,40.5,40.2,40.2,40.2,40.2,40.5,40.2,40.5,0.0,100.0,100.0,100.0,100.0,100.0,100.0,100.0,100.0,100.0,0.0,0.0,0.0,0.0,0.0,0.0,0.0,0.0,0.0,0.0,0.0,0.0,0.0,0.0,0.0,0.0,0.0,0.0,1197.8,12.00,16,16,16,39,55,661,1,80.1,79.6,82.0,76.3,76.6,75.7,78.0,75.2,76.3,76.3,75.8,76.2,66.8,66.8,66.7,57.5,53.7,1.319,1.038,1.325,21.114,11.880,21.112,90.000,49.350,6.134,6.392,6.244,6.561,5.482,6.289,5.962,6.107,6.035,27.857,12.283,40.140,49.566,1197.8,1197.8,4028.9,4028.9,4028.9,4028.9,56.3,35.2,100.0,83.8,57.1,No,No,No,5.031,0.355,8.0,50,95.0,100.0,No,No,91258,99039,32,99.0,No,No,3320,1.2,0.1,1.3,3.597,0.270,20840,17239,0.0,0.0,0.0,0.000,0.000,50,0,67.2,86.2,83.0,1.075,12.100,12.142,12.134,12.025,1409,109.990,48.109,91.743,32.504,77.463,25.962,51.376,0.336,91.743,18.293,7.573,84.100,220.000,240.000,1920.0,1750.2,1680.0,1908.5,1815.0,44.0,10.0,0.0,2.0,80.7,5.6,22.5,0.0,0.0,0.0,41,Yes,No,No,Yes,Yes,No,No,50.6,57.2,5,0,0,0,0,0,0,0,0,131,0,0,0,0,0,0,0,0,0,0,0,0,0,0,0,0,0,0,0,0,1578,6614,6467,865,8.0,68.7,122.5,36.6,32.4,32.0,32.0,68.7,116.2,37.6,33.2,32.8,32.8,14.56,27.22,8.30,7.27,31.23,31.23,6.17,8.40,13.71,0.85,3.43,0,0,0.0,0.0,8712,164,3.4,4.8,0,
7.7.2026,20:4:24.387,26573,19421,57.7,16908,15774,51.7,0.6,13312,82,1.304,1.312,1.294,1.319,1.325,1.294,1.319,1.294,1.275,4027.1,4042.7,4017.8,4017.8,4017.8,4017.8,4042.7,4017.8,4042.7,99.8,4013.0,4028.9,4012.2,4012.3,4012.6,4012.1,4012.3,4012.7,4013.2,4010.3,4010.5,4011.4,4012.6,4011.3,4011.2,4012.1,4012.8,4013.0,100.0,100.0,100.0,100.0,100.0,100.0,100.0,100.0,100.0,100.0,100.0,100.0,100.0,100.0,100.0,100.0,100.0,100.0,100.0,111.7,111.7,111.7,111.7,111.7,111.7,111.7,111.7,111.7,111.7,111.7,111.7,111.7,111.7,111.7,111.7,111.7,111.7,40.3,40.5,40.2,40.2,40.2,40.2,40.5,40.2,40.5,0.0,100.0,100.0,100.0,100.0,100.0,100.0,100.0,100.0,100.0,0.0,0.0,0.0,0.0,0.0,0.0,0.0,0.0,0.0,0.0,0.0,0.0,0.0,0.0,0.0,0.0,0.0,0.0,1197.8,12.00,16,16,16,39,55,661,1,80.1,79.6,82.0,76.3,76.6,75.7,78.0,75.2,76.3,76.3,75.8,76.2,66.8,66.8,66.7,57.5,53.7,1.319,1.038,1.325,21.114,11.880,21.112,90.000,49.350,6.134,6.392,6.244,6.561,5.482,6.289,5.962,6.107,6.035,27.857,12.283,40.140,49.566,1197.8,1197.8,4028.9,4028.9,4028.9,4028.9,56.3,35.2,100.0,83.8,57.1,No,No,No,5.031,0.355,8.0,50,95.0,100.0,No,No,91258,99039,32,99.0,No,No,3320,1.2,0.1,1.3,3.597,0.270,20840,17239,0.0,0.0,0.0,0.000,0.000,50,0,66.8,85.5,83.0,1.075,12.100,12.140,12.133,12.026,1407,105.118,43.832,87.498,30.302,74.301,25.579,48.608,0.336,87.498,17.196,9.207,57.795,220.000,240.000,1920.0,1750.2,1680.0,1908.6,1815.0,42.0,9.0,0.0,2.0,80.7,4.9,19.6,0.0,0.0,0.0,41,Yes,No,No,Yes,Yes,No,No,49.6,54.7,5,0,0,0,0,0,0,0,0,131,0,0,0,0,0,0,0,0,0,0,0,0,0,0,0,0,0,0,0,0,1578,6614,6467,865,8.0,68.7,122.5,36.6,32.4,32.0,32.0,68.7,116.2,37.6,33.2,32.8,32.8,14.56,27.22,8.30,7.27,31.23,31.23,6.17,8.40,13.71,0.85,3.43,0,0,0.0,0.0,8712,164,3.4,4.8,0,
7.7.2026,20:4:26.382,26409,19584,57.4,16774,15908,51.3,0.6,13312,82,1.295,1.288,1.294,1.269,1.294,1.294,1.312,1.294,1.319,4024.0,4017.8,4017.8,3992.8,4017.8,4042.7,4042.7,4017.8,4042.7,99.8,4013.7,4029.0,4012.4,4012.7,4013.2,4012.9,4013.1,4013.9,4013.9,4011.1,4011.3,4011.9,4013.1,4011.6,4012.2,4013.1,4014.0,4013.7,100.0,100.0,100.0,100.0,100.0,100.0,100.0,100.0,100.0,100.0,100.0,100.0,100.0,100.0,100.0,100.0,100.0,100.0,100.0,111.7,111.7,111.7,111.7,111.7,111.7,111.7,111.7,111.7,111.7,111.7,111.7,111.7,111.7,111.7,111.7,111.7,111.7,40.3,40.2,40.2,40.0,40.2,40.5,40.5,40.2,40.5,0.0,100.0,100.0,100.0,100.0,100.0,100.0,100.0,100.0,100.0,0.0,0.0,0.0,0.0,0.0,0.0,0.0,0.0,0.0,0.0,0.0,0.0,0.0,0.0,0.0,0.0,0.0,0.0,1197.8,12.00,16,16,16,39,55,661,1,80.1,80.6,80.2,76.9,76.8,76.2,78.5,77.5,76.7,76.8,76.2,76.7,66.9,67.0,66.8,58.8,53.8,1.319,1.025,1.325,21.882,11.855,21.883,90.000,50.527,6.353,6.513,6.293,6.782,6.470,6.179,6.254,6.258,6.073,28.873,12.263,41.136,50.554,1197.8,1197.8,4029.0,4029.0,4029.0,4029.0,57.4,36.5,100.0,84.9,57.1,No,No,No,4.843,0.346,8.0,50,95.0,100.0,No,No,91258,99039,32,99.0,No,No,3320,0.1,0.1,0.2,0.191,0.169,20840,17239,0.0,0.0,0.0,0.000,0.000,50,0,67.6,86.7,83.0,1.075,12.100,12.141,12.135,12.025,1414,109.447,45.864,91.978,32.804,77.823,26.179,51.510,0.336,91.978,18.705,7.464,59.867,220.000,240.000,1920.0,1750.2,1680.0,1908.4,1815.0,45.0,10.0,0.0,2.0,80.7,5.7,22.6,0.0,0.0,0.0,41,Yes,No,No,Yes,Yes,No,No,49.9,56.2,5,0,0,0,0,0,0,0,0,131,0,0,0,0,0,0,0,0,0,0,0,0,0,0,0,0,0,0,0,0,1578,6614,6467,865,8.0,79.7,100.8,64.1,53.5,52.5,52.5,79.7,97.4,64.0,53.5,52.6,52.6,12.55,15.85,10.04,9.52,19.18,19.18,6.03,6.52,11.75,0.80,1.08,0,0,0.0,0.0,8712,164,0.1,0.0,0,
7.7.2026,20:4:28.386,26391,19603,57.3,16868,15814,51.6,0.6,13312,82,1.295,1.300,1.288,1.288,1.294,1.288,1.288,1.319,1.300,4017.8,4017.8,4017.8,4017.8,3992.8,4017.8,4017.8,4042.7,4017.8,99.8,4013.7,4028.9,4012.8,4013.1,4013.7,4013.0,4013.3,4014.0,4014.3,4010.8,4011.1,4011.9,4013.2,4011.7,4011.8,4012.8,4013.2,4013.7,100.0,100.0,100.0,100.0,100.0,100.0,100.0,100.0,100.0,100.0,100.0,100.0,100.0,100.0,100.0,100.0,100.0,100.0,100.0,111.7,111.7,111.7,111.7,111.7,111.7,111.7,111.7,111.7,111.7,111.7,111.7,111.7,111.7,111.7,111.7,111.7,111.7,40.2,40.2,40.2,40.2,40.0,40.2,40.2,40.5,40.2,0.0,100.0,100.0,100.0,100.0,100.0,100.0,100.0,100.0,100.0,0.0,0.0,0.0,0.0,0.0,0.0,0.0,0.0,0.0,0.0,0.0,0.0,0.0,0.0,0.0,0.0,0.0,0.0,1197.8,12.00,16,16,16,39,55,661,1,79.4,79.6,77.2,76.3,76.1,75.2,77.3,76.1,77.3,78.1,75.1,75.3,67.0,67.1,66.9,56.0,53.5,1.306,1.031,1.319,21.154,11.860,21.153,90.000,49.441,6.008,6.154,5.718,6.267,5.874,6.563,6.781,5.567,5.139,27.913,12.263,40.176,49.603,1197.8,1197.8,4028.9,4028.9,4028.9,4028.9,56.4,35.3,100.0,83.8,57.2,No,No,No,4.996,0.332,8.0,50,95.0,100.0,No,No,91258,99039,32,99.0,No,No,3320,0.0,0.0,0.0,0.007,0.031,20840,17239,0.0,0.0,0.0,0.000,0.000,50,0,67.3,86.3,83.0,1.075,12.098,12.139,12.132,12.023,1420,110.332,45.401,92.073,32.047,77.196,25.922,51.153,0.336,92.073,17.234,7.626,58.349,220.000,240.000,1920.0,1750.2,1680.0,1908.0,1815.0,47.0,11.0,0.0,2.0,80.7,5.6,22.4,0.0,0.0,0.0,41,Yes,No,No,Yes,Yes,No,No,49.7,50.2,5,0,0,0,0,0,0,0,0,131,0,0,0,0,0,0,0,0,0,0,0,0,0,0,0,0,0,0,0,0,1578,6614,6467,865,8.0,76.2,93.3,49.3,36.4,35.4,35.4,76.2,99.7,51.0,37.5,36.4,36.4,13.13,19.89,10.98,10.73,28.40,28.40,6.09,7.03,12.32,0.82,1.43,0,0,0.0,0.0,8712,164,0.2,0.1,0,
7.7.2026,20:4:30.384,26391,19603,57.3,16868,15814,51.6,0.6,13312,82,1.295,1.300,1.288,1.288,1.294,1.288,1.288,1.319,1.300,4017.8,4017.8,4017.8,4017.8,3992.8,4017.8,4017.8,4042.7,4017.8,99.8,4013.7,4028.9,4012.8,4013.1,4013.7,4013.0,4013.3,4014.0,4014.3,4010.8,4011.1,4011.9,4013.2,4011.7,4011.8,4012.8,4013.2,4013.7,100.0,100.0,100.0,100.0,100.0,100.0,100.0,100.0,100.0,100.0,100.0,100.0,100.0,100.0,100.0,100.0,100.0,100.0,100.0,111.7,111.7,111.7,111.7,111.7,111.7,111.7,111.7,111.7,111.7,111.7,111.7,111.7,111.7,111.7,111.7,111.7,111.7,40.2,40.2,40.2,40.2,40.0,40.2,40.2,40.5,40.2,0.0,100.0,100.0,100.0,100.0,100.0,100.0,100.0,100.0,100.0,0.0,0.0,0.0,0.0,0.0,0.0,0.0,0.0,0.0,0.0,0.0,0.0,0.0,0.0,0.0,0.0,0.0,0.0,1197.8,12.00,16,16,16,39,55,661,1,79.4,79.6,77.2,76.3,76.1,75.2,77.3,76.1,77.3,78.1,75.1,75.3,67.0,67.1,66.9,56.0,53.5,1.306,1.031,1.319,21.154,11.860,21.153,90.000,49.441,6.008,6.154,5.718,6.267,5.874,6.563,6.781,5.567,5.139,27.913,12.263,40.176,49.603,1197.8,1197.8,4028.9,4028.9,4028.9,4028.9,56.4,35.3,100.0,83.8,57.2,No,No,No,4.996,0.332,8.0,50,95.0,100.0,No,No,91258,99039,32,99.0,No,No,3320,0.0,0.0,0.0,0.007,0.031,20840,17239,0.0,0.0,0.0,0.000,0.000,50,0,67.6,86.8,83.0,1.075,12.102,12.143,12.135,12.027,1420,108.261,45.688,89.437,31.183,76.001,25.785,50.087,0.336,89.437,17.821,7.549,69.239,220.000,240.000,1920.0,1750.2,1680.0,1908.1,1815.0,47.0,11.0,0.0,2.0,80.7,4.9,19.7,0.0,0.0,0.0,41,Yes,No,No,Yes,Yes,No,No,48.8,46.2,5,0,0,0,0,0,0,0,0,131,0,0,0,0,0,0,0,0,0,0,0,0,0,0,0,0,0,0,0,0,1578,6614,6467,865,8.0,76.2,93.3,49.3,36.4,35.4,35.4,76.2,99.7,51.0,37.5,36.4,36.4,13.13,19.89,10.98,10.73,28.40,28.40,6.09,7.03,12.32,0.82,1.43,0,0,0.0,0.0,8712,164,0.2,0.1,0,
7.7.2026,20:4:32.404,26461,19533,57.5,16952,15730,51.8,0.6,13312,82,1.298,1.294,1.300,1.325,1.300,1.288,1.294,1.294,1.294,4024.0,3992.8,4042.7,4042.7,3992.8,4067.7,4017.8,4017.8,4017.8,99.8,4014.3,4029.2,4012.9,4013.6,4013.8,4013.6,4013.7,4014.4,4014.4,4011.8,4012.1,4013.3,4013.8,4011.8,4012.4,4013.7,4014.0,4014.3,100.0,100.0,100.0,100.0,100.0,100.0,100.0,100.0,100.0,100.0,100.0,100.0,100.0,100.0,100.0,100.0,100.0,100.0,100.0,111.7,111.7,111.7,111.7,111.7,111.7,111.7,111.7,111.7,111.7,111.7,111.7,111.7,111.7,111.7,111.7,111.7,111.7,40.3,40.0,40.5,40.5,40.0,40.8,40.2,40.2,40.2,0.0,100.0,100.0,100.0,100.0,100.0,100.0,100.0,100.0,100.0,0.0,0.0,0.0,0.0,0.0,0.0,0.0,0.0,0.0,0.0,0.0,0.0,0.0,0.0,0.0,0.0,0.0,0.0,1197.8,12.00,16,16,16,39,55,661,1,79.1,79.2,77.2,75.7,76.0,74.7,76.7,74.8,75.5,75.1,75.8,76.8,66.7,66.7,66.6,57.2,53.5,1.306,1.038,1.319,20.278,11.859,20.278,90.000,48.345,5.936,6.240,5.837,5.977,5.270,5.955,5.542,6.266,6.397,26.756,12.256,39.012,48.431,1197.8,1197.8,4029.2,4029.2,4029.2,4029.2,55.0,33.8,100.0,83.3,56.4,No,No,No,4.993,0.338,8.0,50,95.0,100.0,No,No,91258,99039,32,99.0,No,No,3320,0.0,0.1,0.1,0.000,0.073,20840,17239,0.0,0.0,0.0,0.000,0.000,50,0,67.7,86.8,83.0,1.075,12.104,12.146,12.138,12.028,1425,109.260,46.168,92.281,32.502,77.864,26.053,51.676,0.336,92.281,18.143,7.601,62.946,220.000,240.000,1920.0,1750.2,1680.0,1908.0,1815.0,46.0,11.0,0.0,2.0,80.7,5.3,21.2,0.0,0.0,0.0,42,Yes,No,No,Yes,Yes,No,No,50.2,50.9,5,0,0,0,0,0,0,0,0,131,0,0,0,0,0,0,0,0,0,0,0,0,0,0,0,0,0,0,0,0,1578,6614,6467,865,8.0,77.4,142.2,48.4,32.4,31.2,31.2,77.4,131.2,48.0,32.7,31.6,31.6,12.91,20.60,6.97,6.64,31.92,31.92,6.04,6.88,12.09,0.83,1.71,0,0,0.0,0.0,8712,164,0.2,0.3,0,
7.7.2026,20:4:34.416,26425,19569,57.4,16928,15754,51.7,0.6,13312,82,1.301,1.325,1.319,1.288,1.319,1.288,1.300,1.275,1.294,4020.9,4042.7,4017.8,4017.8,4042.7,4017.8,4017.8,3992.8,4017.8,99.8,4013.3,4028.6,4012.7,4012.9,4013.6,4012.6,4012.7,4013.3,4014.1,4010.5,4011.1,4011.7,4012.8,4010.7,4011.0,4012.3,4012.9,4013.3,100.0,100.0,100.0,100.0,100.0,100.0,100.0,100.0,100.0,100.0,100.0,100.0,100.0,100.0,100.0,100.0,100.0,100.0,100.0,111.7,111.7,111.7,111.7,111.7,111.7,111.7,111.7,111.7,111.7,111.7,111.7,111.7,111.7,111.7,111.7,111.7,111.7,40.3,40.5,40.2,40.2,40.5,40.2,40.2,40.0,40.2,0.0,100.0,100.0,100.0,100.0,100.0,100.0,100.0,100.0,100.0,0.0,0.0,0.0,0.0,0.0,0.0,0.0,0.0,0.0,0.0,0.0,0.0,0.0,0.0,0.0,0.0,0.0,0.0,1197.8,12.00,16,16,16,39,55,661,1,80.0,80.0,82.0,76.4,76.8,75.7,77.7,75.9,76.3,76.1,75.8,77.2,66.7,66.8,66.7,57.8,53.9,1.337,1.031,1.325,21.288,11.823,21.285,90.000,49.607,6.249,6.540,6.164,6.542,5.869,6.264,5.848,6.336,6.431,28.089,12.226,40.315,49.720,1197.8,1197.8,4028.6,4028.6,4028.6,4028.6,56.5,35.5,100.0,84.2,57.1,No,No,No,4.830,0.344,8.0,50,95.0,100.0,No,No,91258,99039,32,99.0,No,No,3320,0.1,0.0,0.1,0.090,0.076,20840,17240,0.0,0.0,0.0,0.000,0.000,50,0,67.6,86.8,83.0,1.075,12.099,12.140,12.134,12.024,1427,110.847,48.852,92.598,33.009,78.602,26.211,52.264,0.336,92.598,19.067,7.477,86.357,220.000,240.000,1920.0,1750.2,1680.0,1908.2,1815.0,47.0,11.0,0.0,2.0,80.7,5.6,22.6,0.0,0.0,0.0,42,Yes,No,No,Yes,Yes,No,No,50.5,52.5,5,0,0,0,0,0,0,0,0,131,0,0,0,0,0,0,0,0,0,0,0,0,0,0,0,0,0,0,0,0,1578,6614,6467,865,8.0,80.3,162.2,38.7,37.1,36.9,36.9,80.2,161.5,38.8,38.3,38.2,38.2,12.46,25.79,6.17,6.05,27.13,27.13,6.04,6.43,11.67,0.79,2.27,0,0,0.0,0.0,8712,164,0.5,0.0,0,
7.7.2026,20:4:36.413,26472,19522,57.5,16973,15708,51.9,0.6,13312,82,1.297,1.294,1.294,1.312,1.300,1.294,1.294,1.294,1.294,4020.9,4017.8,4017.8,4042.7,4017.8,4017.8,4017.8,4017.8,4017.8,99.8,4012.8,4028.1,4011.7,4012.0,4012.5,4012.0,4012.1,4013.0,4013.4,4009.9,4010.1,4011.2,4012.4,4010.9,4011.0,4012.0,4011.8,4012.8,100.0,100.0,100.0,100.0,100.0,100.0,100.0,100.0,100.0,100.0,100.0,100.0,100.0,100.0,100.0,100.0,100.0,100.0,100.0,111.7,111.7,111.7,111.7,111.7,111.7,111.7,111.7,111.7,111.7,111.7,111.7,111.7,111.7,111.7,111.7,111.7,111.7,40.3,40.2,40.2,40.5,40.2,40.2,40.2,40.2,40.2,0.0,100.0,100.0,100.0,100.0,100.0,100.0,100.0,100.0,100.0,0.0,0.0,0.0,0.0,0.0,0.0,0.0,0.0,0.0,0.0,0.0,0.0,0.0,0.0,0.0,0.0,0.0,0.0,1197.8,12.00,16,16,16,39,55,661,1,80.1,81.4,84.5,77.7,77.7,77.0,79.8,78.6,77.0,76.1,77.7,77.8,67.3,67.4,67.2,57.8,53.8,1.325,1.031,1.319,22.737,11.843,22.737,90.000,51.563,6.461,6.586,6.410,7.086,6.730,6.055,5.593,6.701,6.526,29.992,12.252,42.244,51.674,1197.8,1197.8,4028.1,4028.1,4028.1,4028.1,58.7,37.9,100.0,85.7,57.4,No,No,No,4.871,0.340,8.0,50,95.0,100.0,No,No,91258,99039,32,99.0,No,No,3320,0.1,0.0,0.1,0.157,0.148,20841,17240,0.0,0.0,0.0,0.000,0.000,50,0,67.7,87.0,83.0,1.075,12.098,12.139,12.132,12.024,1433,109.409,47.469,88.984,31.465,76.079,25.731,50.225,0.336,88.984,18.633,8.019,86.236,220.000,240.000,1920.0,1750.2,1680.0,1908.0,1815.0,45.0,10.0,0.0,2.0,80.7,5.0,19.9,0.0,0.0,0.0,42,Yes,No,No,Yes,Yes,No,No,51.0,48.4,5,0,0,0,0,0,0,0,0,131,0,0,0,0,0,0,0,0,0,0,0,0,0,0,0,0,0,0,0,0,1578,6614,6467,865,8.0,76.0,150.5,33.5,29.5,29.1,29.1,76.0,136.9,34.4,29.9,29.5,29.5,13.15,29.83,6.56,6.34,34.40,34.40,6.06,7.10,12.35,0.80,2.81,0,0,0.0,0.0,8712,164,0.3,0.4,0,
7.7.2026,20:4:38.413,26478,19515,57.5,16976,15706,51.9,0.6,13312,82,1.299,1.294,1.294,1.275,1.319,1.325,1.300,1.294,1.294,4020.9,4017.8,4042.7,3992.8,4042.7,4017.8,4017.8,4017.8,4017.8,99.8,4013.1,4028.6,4012.0,4012.6,4013.1,4012.4,4012.6,4013.1,4013.6,4010.1,4010.4,4011.4,4012.4,4010.5,4011.3,4012.9,4012.9,4013.1,100.0,100.0,100.0,100.0,100.0,100.0,100.0,100.0,100.0,100.0,100.0,100.0,100.0,100.0,100.0,100.0,100.0,100.0,100.0,111.7,111.7,111.7,111.7,111.7,111.7,111.7,111.7,111.7,111.7,111.7,111.7,111.7,111.7,111.7,111.7,111.7,111.7,40.3,40.2,40.5,40.0,40.5,40.2,40.2,40.2,40.2,0.0,100.0,100.0,100.0,100.0,100.0,100.0,100.0,100.0,100.0,0.0,0.0,0.0,0.0,0.0,0.0,0.0,0.0,0.0,0.0,0.0,0.0,0.0,0.0,0.0,0.0,0.0,0.0,1197.8,12.00,16,16,16,39,55,661,1,80.1,80.9,81.5,77.3,78.1,77.7,78.4,77.3,76.8,75.8,77.4,76.5,67.2,67.4,67.1,57.8,53.9,1.325,1.031,1.325,22.006,11.833,22.004,90.000,50.545,6.292,7.014,6.930,6.444,6.102,6.065,5.559,6.390,5.831,29.025,12.240,41.265,50.682,1197.8,1197.8,4028.6,4028.6,4028.6,4028.6,57.6,36.7,100.0,85.2,57.2,No,No,No,4.836,0.341,8.0,50,95.0,100.0,No,No,91258,99039,32,99.0,No,No,3320,0.1,0.6,0.6,0.098,0.240,20841,17240,0.0,0.0,0.0,0.000,0.000,50,0,67.8,86.8,83.0,1.075,12.101,12.142,12.134,12.027,1437,109.635,46.240,87.080,30.331,74.542,25.654,48.766,0.336,87.080,17.874,7.350,83.386,220.000,240.000,1920.0,1750.2,1680.0,1907.7,1815.0,42.0,10.0,0.0,2.0,80.7,5.8,23.3,0.0,0.0,0.0,42,Yes,No,No,Yes,Yes,No,No,46.5,43.9,5,0,0,0,0,0,0,0,0,131,0,0,0,0,0,0,0,0,0,0,0,0,0,0,0,0,0,0,0,0,1578,6614,6467,865,8.0,73.6,112.4,35.5,29.8,29.3,29.3,73.6,110.0,34.5,29.8,29.4,29.4,13.58,28.02,9.00,6.53,34.11,34.11,6.11,7.47,12.76,0.82,2.64,0,0,0.0,0.0,8712,164,3.5,1.6,0,
7.7.2026,20:4:40.412,26481,19512,57.5,16849,15832,51.5,0.6,13312,82,1.303,1.312,1.294,1.331,1.294,1.294,1.312,1.294,1.294,4020.9,4042.7,3992.8,4017.8,4017.8,4017.8,4042.7,4017.8,4017.8,99.8,4011.7,4026.6,4010.7,4011.0,4011.4,4011.0,4011.3,4011.7,4012.0,4009.0,4009.7,4010.1,4011.2,4009.8,4010.1,4011.0,4011.2,4011.7,100.0,100.0,100.0,100.0,100.0,100.0,100.0,100.0,100.0,100.0,100.0,100.0,100.0,100.0,100.0,100.0,100.0,100.0,100.0,111.7,111.7,111.7,111.7,111.7,111.7,111.7,111.7,111.7,111.6,111.6,111.6,111.6,111.6,111.6,111.6,111.6,111.7,40.3,40.5,40.0,40.2,40.2,40.2,40.5,40.2,40.2,0.0,100.0,100.0,100.0,100.0,100.0,100.0,100.0,100.0,100.0,0.0,0.0,0.0,0.0,0.0,0.0,0.0,0.0,0.0,0.0,0.0,0.0,0.0,0.0,0.0,0.0,0.0,0.0,1197.8,12.00,16,16,16,39,55,661,1,80.5,81.6,83.0,78.2,78.1,77.3,79.3,77.2,78.3,78.9,78.4,77.9,67.6,67.7,67.5,57.5,54.0,1.319,1.031,1.331,22.912,11.848,22.910,90.000,51.840,6.579,6.757,6.572,6.903,6.115,6.595,6.738,6.698,6.251,30.214,12.259,42.473,51.907,1197.8,1197.8,4026.6,4026.6,4026.6,4026.6,59.0,38.2,100.0,85.9,57.6,No,No,No,5.017,0.340,8.0,50,95.0,100.0,No,No,91258,99039,32,99.0,No,No,3320,0.0,0.0,0.0,0.000,0.090,20841,17240,0.0,0.0,0.0,0.000,0.000,50,0,68.2,87.7,83.0,1.075,12.096,12.136,12.131,12.021,1437,109.266,47.505,93.884,33.156,78.430,26.146,52.158,0.336,93.884,17.771,7.940,71.350,220.000,240.000,1920.0,1750.2,1680.0,1907.9,1815.0,49.0,11.0,0.0,2.0,80.7,4.8,19.1,0.0,0.0,0.0,42,Yes,No,No,Yes,Yes,No,No,50.8,51.4,5,0,0,0,0,0,0,0,0,131,0,0,0,0,0,0,0,0,0,0,0,0,0,0,0,0,0,0,0,0,1578,6614,6467,860,8.0,78.0,97.3,43.8,39.1,38.6,38.6,78.0,98.1,43.4,39.8,39.4,39.4,12.81,22.77,10.21,9.70,25.79,25.79,6.07,6.76,12.04,0.77,1.57,0,0,0.0,0.0,8712,164,0.3,0.3,0,
7.7.2026,20:4:42.441,26617,19377,57.8,16994,15688,51.9,0.6,13312,82,1.291,1.275,1.300,1.294,1.288,1.294,1.288,1.300,1.294,4011.5,3992.8,4017.8,4017.8,4017.8,4017.8,4017.8,3992.8,4017.8,99.8,4010.0,4024.1,4009.2,4009.5,4010.0,4009.6,4009.8,4010.2,4010.4,4007.0,4007.5,4008.2,4009.2,4008.1,4008.1,4009.0,4009.5,4010.0,100.0,100.0,100.0,100.0,100.0,100.0,100.0,100.0,100.0,100.0,100.0,100.0,100.0,100.0,100.0,100.0,100.0,100.0,100.0,111.6,111.6,111.6,111.6,111.6,111.6,111.6,111.6,111.6,111.6,111.6,111.6,111.6,111.6,111.6,111.6,111.6,111.6,40.2,40.0,40.2,40.2,40.2,40.2,40.2,40.0,40.2,0.0,100.0,100.0,100.0,100.0,100.0,100.0,100.0,100.0,100.0,0.0,0.0,0.0,0.0,0.0,0.0,0.0,0.0,0.0,0.0,0.0,0.0,0.0,0.0,0.0,0.0,0.0,0.0,1197.8,12.00,16,16,16,39,55,661,1,81.6,82.8,81.8,79.2,78.0,77.4,80.6,79.7,78.7,79.4,78.9,80.7,67.9,68.0,67.8,57.0,54.2,1.319,1.038,1.325,24.151,11.861,24.151,90.000,53.380,6.875,6.531,6.172,7.295,7.030,6.670,6.678,7.097,7.528,31.824,12.282,44.106,53.561,1197.8,1197.8,4024.2,4024.2,4024.2,4024.2,60.9,40.3,100.0,87.1,57.9,No,No,No,5.084,0.359,8.0,50,95.0,100.0,No,No,91258,99039,32,99.0,No,No,3320,0.1,0.0,0.1,0.134,0.025,20841,17240,0.0,0.0,0.0,0.000,0.000,50,0,67.8,87.1,83.0,1.075,12.093,12.133,12.128,12.018,1443,107.772,52.258,93.935,32.869,78.845,26.103,52.606,0.336,93.935,17.840,53.909,72.202,220.000,240.000,1920.0,1750.2,1680.0,1907.6,1815.0,48.0,11.0,0.0,2.0,80.7,5.0,20.0,0.0,0.0,0.0,42,Yes,No,No,Yes,Yes,No,No,50.6,51.3,5,0,0,0,0,0,0,0,0,131,0,0,0,0,0,0,0,0,0,0,0,0,0,0,0,0,0,0,0,0,1578,6614,6467,861,8.0,74.8,100.6,55.4,52.0,51.6,51.6,74.8,106.0,54.8,53.0,52.8,52.8,13.37,18.08,9.93,7.84,19.31,19.31,6.03,7.33,12.55,0.82,1.50,0,0,0.0,0.0,8712,164,0.2,0.2,0,
7.7.2026,20:4:44.432,26562,19431,57.7,16692,15989,51.0,0.6,13312,82,1.298,1.294,1.325,1.325,1.294,1.269,1.288,1.294,1.294,4024.0,4017.8,4042.7,4042.7,4042.7,3992.8,4017.8,4017.8,4017.8,99.8,4010.6,4027.7,4008.2,4010.1,4010.8,4010.6,4011.3,4009.5,4012.2,4005.8,4006.7,4009.5,4011.1,4009.2,4003.2,4011.3,4012.2,4010.6,99.9,99.9,99.9,100.0,100.0,100.0,100.0,99.9,100.0,99.9,99.9,99.9,100.0,100.0,99.8,100.0,100.0,100.0,99.9,111.6,111.6,111.6,111.6,111.6,111.6,111.7,111.6,111.7,111.5,111.6,111.6,111.6,111.6,111.4,111.7,111.7,111.6,40.3,40.2,40.5,40.5,40.5,40.0,40.2,40.2,40.2,0.0,100.0,100.0,100.0,100.0,100.0,100.0,100.0,100.0,100.0,0.0,0.0,0.0,0.0,0.0,0.0,0.0,0.0,0.0,0.0,0.0,0.0,0.0,0.0,0.0,0.0,0.0,0.0,1197.8,12.00,16,16,16,39,55,661,1,80.6,80.6,81.0,77.1,77.2,76.2,79.4,77.5,76.6,76.2,76.5,77.1,67.6,67.7,67.5,59.0,54.7,1.337,1.038,1.350,21.225,11.935,21.238,89.999,49.839,6.085,6.299,5.930,6.647,5.941,5.970,5.633,6.167,6.095,27.989,12.338,40.327,49.789,1197.8,1197.8,4027.7,4027.7,4027.7,4027.7,56.6,35.4,100.0,84.9,56.6,No,No,No,5.032,0.439,8.0,50,95.0,100.0,No,No,91258,99039,32,99.0,No,No,3320,0.1,4.5,4.6,0.128,90.874,20841,17445,0.0,0.0,0.0,0.000,0.000,50,0,67.5,86.8,83.0,1.075,12.096,12.136,12.131,12.021,1449,108.078,47.856,93.095,33.022,78.381,26.110,52.137,0.336,93.095,18.375,7.301,76.713,220.000,240.000,1920.0,1750.2,1680.0,1907.4,1815.0,45.0,10.0,0.0,2.0,82.3,5.2,20.7,0.0,0.0,0.0,42,Yes,No,No,Yes,Yes,No,No,50.3,44.8,5,0,0,0,0,0,0,0,0,131,0,0,0,0,0,0,0,0,0,0,0,0,0,0,0,0,0,0,0,0,1450,6742,6595,861,8.0,73.8,124.7,34.8,27.2,26.5,26.5,73.7,120.5,35.8,27.7,27.0,27.0,13.56,28.63,8.07,7.93,37.03,37.03,6.20,7.36,12.70,0.86,2.52,0,0,0.0,0.0,8712,164,0.4,0.0,0,
7.7.2026,20:4:46.459,26690,19303,58.0,16691,15991,51.0,0.6,13312,82,1.295,1.300,1.288,1.294,1.294,1.288,1.294,1.312,1.288,4020.9,4017.8,4017.8,4017.8,4017.8,4017.8,4017.8,4042.7,4017.8,99.8,4012.1,4027.5,4010.9,4011.2,4011.7,4011.5,4011.6,4012.2,4012.6,4009.4,4010.0,4010.5,4011.3,4010.1,4010.1,4011.3,4011.4,4012.1,100.0,100.0,100.0,100.0,100.0,100.0,100.0,100.0,100.0,100.0,100.0,100.0,100.0,100.0,100.0,100.0,100.0,100.0,100.0,111.7,111.7,111.7,111.7,111.7,111.7,111.7,111.7,111.7,111.7,111.7,111.7,111.7,111.7,111.7,111.7,111.7,111.7,40.3,40.2,40.2,40.2,40.2,40.2,40.2,40.5,40.2,0.0,100.0,100.0,100.0,100.0,100.0,100.0,100.0,100.0,100.0,0.0,0.0,0.0,0.0,0.0,0.0,0.0,0.0,0.0,0.0,0.0,0.0,0.0,0.0,0.0,0.0,0.0,0.0,1197.8,12.00,16,16,16,39,55,661,1,80.8,79.9,84.0,76.5,76.8,76.2,77.6,75.0,77.1,77.0,76.3,76.2,67.1,67.2,67.1,58.8,54.4,1.344,1.031,1.350,20.879,11.899,20.871,90.000,49.030,6.155,6.435,6.259,6.364,5.470,6.270,6.183,6.272,5.990,27.535,12.302,39.836,49.240,1197.8,1197.8,4027.5,4027.5,4027.5,4027.5,56.0,34.8,100.0,84.1,56.8,No,No,No,4.849,0.365,8.0,50,95.0,100.0,No,No,91258,99039,32,99.0,No,No,3320,0.0,0.0,0.1,0.051,0.104,20841,17445,0.0,0.0,0.0,0.000,0.000,50,0,67.6,86.5,83.0,1.075,12.099,12.140,12.133,12.025,1445,107.593,46.595,87.513,30.581,74.761,25.625,49.009,0.336,87.513,17.911,7.575,85.125,220.000,240.000,1920.0,1750.2,1680.0,1907.7,1815.0,42.0,10.0,0.0,2.0,82.3,5.6,22.2,0.0,0.0,0.0,42,Yes,No,No,Yes,Yes,No,No,47.9,45.7,5,0,0,0,0,0,0,0,0,131,0,0,0,0,0,0,0,0,0,0,0,0,0,0,0,0,0,0,0,0,1450,6742,6595,861,8.0,72.1,93.9,38.4,37.2,37.1,37.1,72.1,91.7,38.2,37.1,37.0,37.0,13.88,26.18,10.56,10.55,27.00,27.00,6.07,7.79,13.05,0.83,2.11,0,0,0.0,0.0,8712,164,0.5,0.3,0,
7.7.2026,20:4:48.448,26459,19534,57.5,16594,16088,50.7,0.6,13312,82,1.295,1.312,1.275,1.275,1.319,1.275,1.294,1.331,1.275,4020.9,4042.7,4017.8,3992.8,4042.7,4017.8,4017.8,4042.7,3992.8,99.8,4010.6,4024.9,4009.7,4010.0,4010.3,4010.0,4010.1,4010.4,4010.8,4007.5,4007.9,4009.2,4010.3,4008.7,4008.8,4010.0,4010.2,4010.6,100.0,100.0,100.0,100.0,100.0,100.0,100.0,100.0,100.0,100.0,100.0,100.0,100.0,100.0,100.0,100.0,100.0,100.0,100.0,111.6,111.6,111.6,111.6,111.6,111.6,111.6,111.6,111.6,111.6,111.6,111.6,111.6,111.6,111.6,111.6,111.6,111.6,40.3,40.5,40.2,40.0,40.5,40.2,40.2,40.5,40.0,0.0,100.0,100.0,100.0,100.0,100.0,100.0,100.0,100.0,100.0,0.0,0.0,0.0,0.0,0.0,0.0,0.0,0.0,0.0,0.0,0.0,0.0,0.0,0.0,0.0,0.0,0.0,0.0,1197.8,12.00,16,16,16,39,55,661,1,80.6,82.2,81.5,78.6,78.2,77.6,79.8,78.9,78.0,78.6,77.9,79.7,67.8,67.9,67.8,59.0,54.2,1.325,1.031,1.325,23.324,11.893,23.329,90.000,52.523,6.568,6.627,6.360,6.786,6.454,6.479,6.286,6.647,6.901,30.736,12.310,43.046,52.501,1197.8,1197.8,4024.9,4024.9,4024.9,4024.9,59.7,38.9,100.0,86.5,57.8,No,No,No,5.026,0.364,8.0,50,95.0,100.0,No,No,91258,99039,32,99.0,No,No,3320,0.0,0.1,0.1,0.016,0.111,20841,17445,0.0,0.0,0.0,0.000,0.000,50,0,68.1,87.5,83.0,1.075,12.097,12.138,12.132,12.022,1447,110.158,48.651,92.807,32.882,78.190,26.088,51.971,0.336,92.807,18.335,7.691,85.401,220.000,240.000,1920.0,1750.2,1680.0,1907.6,1815.0,48.0,11.0,0.0,2.0,80.7,5.9,23.6,0.0,0.0,0.0,42,Yes,No,No,Yes,Yes,No,No,50.5,46.4,5,0,0,0,0,0,0,0,0,131,0,0,0,0,0,0,0,0,0,0,0,0,0,0,0,0,0,0,0,0,1578,6614,6467,861,8.0,75.5,104.2,38.0,31.5,30.9,30.9,75.5,100.7,38.6,32.0,31.4,31.4,13.25,26.45,9.52,9.24,32.56,32.56,6.24,7.01,12.40,0.85,2.72,0,0,0.0,0.0,8712,164,7.1,0.8,0,
7.7.2026,20:4:50.444,26544,19450,57.7,16677,16004,51.0,0.6,13312,82,1.296,1.300,1.288,1.319,1.294,1.294,1.312,1.275,1.288,4024.0,4017.8,4017.8,4042.7,4017.8,4017.8,4042.7,4017.8,4017.8,99.8,4014.0,4028.9,4012.4,4012.6,4013.1,4012.8,4012.9,4013.9,4014.4,4012.1,4012.1,4013.1,4013.9,4012.4,4012.6,4013.6,4013.8,4014.0,100.0,100.0,100.0,100.0,100.0,100.0,100.0,100.0,100.0,100.0,100.0,100.0,100.0,100.0,100.0,100.0,100.0,100.0,100.0,111.7,111.7,111.7,111.7,111.7,111.7,111.7,111.7,111.7,111.7,111.7,111.7,111.7,111.7,111.7,111.7,111.7,111.7,40.3,40.2,40.2,40.5,40.2,40.2,40.5,40.2,40.2,0.0,100.0,100.0,100.0,100.0,100.0,100.0,100.0,100.0,100.0,0.0,0.0,0.0,0.0,0.0,0.0,0.0,0.0,0.0,0.0,0.0,0.0,0.0,0.0,0.0,0.0,0.0,0.0,1197.8,12.00,16,16,16,39,55,661,1,79.8,78.7,80.0,75.7,76.4,75.1,77.3,74.6,76.2,75.4,75.5,75.4,67.1,67.2,67.0,58.8,54.5,1.337,1.025,1.337,19.667,11.936,19.673,90.000,47.639,5.757,6.240,5.877,6.120,5.071,5.930,5.488,5.855,5.475,25.947,12.330,38.277,47.732,1197.8,1197.8,4028.9,4028.9,4028.9,4028.9,54.2,32.8,100.0,82.9,55.7,No,No,No,5.336,0.331,8.0,50,95.0,100.0,No,No,91258,99039,32,99.0,No,No,3320,0.2,0.0,0.2,0.177,0.084,20842,17445,0.0,0.0,0.0,0.000,0.000,50,0,67.3,86.3,83.0,1.075,12.106,12.148,12.139,12.032,1450,101.808,44.051,87.858,30.492,75.094,25.772,49.203,0.336,87.858,17.814,7.855,58.223,220.000,240.000,1920.0,1750.2,1680.0,1908.0,1815.0,43.0,10.0,0.0,2.0,80.7,4.7,18.8,0.0,0.0,0.0,42,Yes,No,No,Yes,Yes,No,No,48.0,49.4,5,0,0,0,0,0,0,0,0,131,0,0,0,0,0,0,0,0,0,0,0,0,0,0,0,0,0,0,0,0,1578,6614,6467,862,8.0,65.3,88.4,39.1,39.0,39.0,39.0,65.3,86.4,40.5,39.5,39.3,39.3,15.30,25.48,11.11,10.67,25.52,25.52,6.24,9.07,14.37,0.93,3.18,0,0,0.0,0.0,8712,164,0.2,0.3,0,
7.7.2026,20:4:52.441,26692,19301,58.0,16792,15890,51.3,0.6,13312,82,1.301,1.288,1.294,1.319,1.319,1.288,1.294,1.288,1.319,4024.0,4017.8,4017.8,4042.7,4017.8,4042.7,4017.8,4042.7,3992.8,99.8,4017.1,4032.9,4016.0,4016.4,4016.5,4016.2,4016.6,4017.0,4017.2,4014.3,4014.9,4016.2,4016.6,4015.1,4015.2,4016.3,4016.7,4017.1,100.0,100.0,100.0,100.0,100.0,100.0,100.0,100.0,100.0,100.0,100.0,100.0,100.0,100.0,100.0,100.0,100.0,100.0,100.0,111.8,111.8,111.8,111.8,111.8,111.8,111.8,111.8,111.8,111.8,111.8,111.8,111.8,111.8,111.8,111.8,111.8,111.8,40.3,40.2,40.2,40.5,40.2,40.5,40.2,40.5,40.0,0.0,100.0,100.0,100.0,100.0,100.0,100.0,100.0,100.0,100.0,0.0,0.0,0.0,0.0,0.0,0.0,0.0,0.0,0.0,0.0,0.0,0.0,0.0,0.0,0.0,0.0,0.0,0.0,1197.8,12.00,16,16,16,39,55,661,1,79.5,78.9,82.8,75.2,76.2,74.9,78.0,75.2,74.9,74.0,74.5,73.7,66.7,66.8,66.6,56.8,53.8,1.312,1.031,1.325,19.329,11.920,19.318,90.000,47.104,5.670,6.211,5.845,6.557,5.497,5.614,5.041,5.531,5.066,25.524,12.311,37.835,47.259,1197.8,1197.8,4032.9,4032.9,4032.9,4032.9,53.7,32.2,100.0,83.0,56.1,No,No,No,5.321,0.352,8.0,50,95.0,100.0,No,No,91258,99039,32,99.0,No,No,3320,0.1,0.0,0.2,0.165,0.075,20842,17446,0.0,0.0,0.0,0.000,0.000,50,0,66.8,85.2,83.0,1.075,12.115,12.159,12.145,12.042,1456,97.900,40.892,76.234,25.168,67.078,24.627,42.352,0.336,76.234,16.155,22.194,58.539,220.000,240.000,1920.0,1750.2,1680.0,1908.2,1815.0,27.0,6.0,0.0,1.0,82.3,5.1,20.3,0.0,0.0,0.0,42,Yes,No,No,Yes,Yes,No,No,42.0,46.6,5,0,0,0,0,0,0,0,0,131,0,0,0,0,0,0,0,0,0,0,0,0,0,0,0,0,0,0,0,0,1450,6742,6595,863,8.0,58.9,122.8,30.0,30.0,30.0,30.0,43.6,65.4,19.7,19.5,19.5,19.5,16.99,33.31,8.24,1.02,33.33,33.33,1.07,1.22,16.79,0.20,6.14,0,0,0.0,0.0,8712,164,2.1,4.0,0,
7.7.2026,20:4:54.446,26471,19522,57.5,16704,15978,51.1,0.6,13312,82,1.293,1.281,1.300,1.294,1.294,1.294,1.288,1.300,1.294,4014.6,3992.8,4017.8,4017.8,4017.8,4017.8,4017.8,4017.8,4017.8,99.8,4010.8,4026.0,4010.2,4010.5,4011.1,4010.8,4011.0,4011.0,4011.3,4008.3,4008.4,4009.1,4009.7,4008.2,4008.3,4009.4,4008.8,4010.8,100.0,100.0,100.0,100.0,100.0,100.0,100.0,100.0,100.0,100.0,100.0,100.0,100.0,100.0,100.0,100.0,100.0,100.0,100.0,111.6,111.7,111.7,111.7,111.7,111.7,111.7,111.7,111.7,111.6,111.6,111.6,111.6,111.6,111.6,111.6,111.6,111.6,40.2,40.0,40.2,40.2,40.2,40.2,40.2,40.2,40.2,0.0,100.0,100.0,100.0,100.0,100.0,100.0,100.0,100.0,100.0,0.0,0.0,0.0,0.0,0.0,0.0,0.0,0.0,0.0,0.0,0.0,0.0,0.0,0.0,0.0,0.0,0.0,0.0,1197.8,12.00,16,16,16,39,55,661,1,86.9,83.0,82.8,78.8,78.6,78.2,81.6,80.5,77.4,77.0,77.8,79.2,67.6,67.7,67.4,59.0,54.5,1.312,1.031,1.325,23.665,11.826,23.659,90.000,52.697,6.773,6.755,6.652,7.529,7.083,6.244,5.878,6.827,7.214,31.177,12.243,43.420,52.849,1197.8,1197.8,4026.0,4026.0,4026.0,4026.0,60.1,39.4,100.0,87.4,58.3,No,No,No,5.050,0.344,8.0,50,95.0,100.0,No,No,91258,99039,32,99.0,No,No,3320,0.0,0.0,0.0,0.000,0.110,20842,17446,0.0,0.0,0.0,0.000,0.000,50,0,67.5,86.5,83.0,1.075,12.102,12.144,12.135,12.027,1452,105.326,43.638,86.712,30.371,74.594,25.546,48.944,0.336,86.712,18.347,7.688,57.133,220.000,240.000,1920.0,1750.2,1680.0,1908.1,1815.0,42.0,10.0,0.0,2.0,80.7,5.2,20.8,0.0,0.0,0.0,42,Yes,No,No,Yes,Yes,No,No,47.8,51.9,5,0,0,0,0,0,0,0,0,131,0,0,0,0,0,0,0,0,0,0,0,0,0,0,0,0,0,0,0,0,1578,6614,6467,863,8.0,73.6,161.5,37.2,30.5,29.9,29.9,73.5,146.5,37.7,30.6,29.9,29.9,13.59,26.95,6.21,6.18,33.44,33.44,6.00,7.61,12.74,0.85,2.77,0,0,0.0,0.0,8712,164,0.3,3.5,0,
7.7.2026,20:4:56.432,26569,19424,57.7,16836,15846,51.5,0.6,13312,82,1.287,1.275,1.275,1.319,1.294,1.269,1.288,1.294,1.288,4014.6,3992.8,3992.8,4042.7,4017.8,3992.8,4042.7,4017.8,4017.8,99.8,4011.0,4025.2,4009.1,4009.6,4010.1,4010.0,4010.0,4010.8,4011.2,4008.3,4008.7,4009.8,4011.0,4009.7,4009.8,4010.8,4011.2,4011.0,100.0,100.0,100.0,100.0,100.0,100.0,100.0,100.0,100.0,100.0,100.0,100.0,100.0,100.0,100.0,100.0,100.0,100.0,100.0,111.6,111.6,111.6,111.6,111.6,111.6,111.6,111.6,111.6,111.6,111.6,111.6,111.6,111.6,111.6,111.6,111.6,111.6,40.2,40.0,40.0,40.5,40.2,40.0,40.5,40.2,40.2,0.0,100.0,100.0,100.0,100.0,100.0,100.0,100.0,100.0,100.0,0.0,0.0,0.0,0.0,0.0,0.0,0.0,0.0,0.0,0.0,0.0,0.0,0.0,0.0,0.0,0.0,0.0,0.0,1197.8,12.00,16,16,16,39,55,661,1,83.5,82.1,82.2,78.6,78.4,77.6,80.7,77.9,78.1,78.6,78.8,79.0,68.0,68.1,68.0,58.2,54.5,1.312,1.025,1.319,22.974,11.884,22.981,90.000,51.974,6.364,6.585,6.434,6.916,5.919,6.399,6.225,6.517,5.920,30.275,12.300,42.575,52.032,1197.8,1197.8,4025.2,4025.2,4025.2,4025.2,59.1,38.3,100.0,86.4,57.5,No,No,No,5.027,0.363,8.0,50,95.0,100.0,No,No,91258,99039,32,99.0,No,No,3320,0.0,0.1,0.1,0.002,0.555,20842,17447,0.0,0.0,0.0,0.000,0.000,50,0,67.5,86.3,83.0,1.075,12.104,12.145,12.136,12.029,1456,108.243,49.100,86.924,29.963,73.910,25.501,48.287,0.336,86.924,17.039,63.938,58.176,220.000,240.000,1920.0,1750.2,1680.0,1907.6,1815.0,40.0,9.0,0.0,2.0,80.7,4.8,19.2,0.0,0.0,0.0,42,Yes,No,No,Yes,Yes,No,No,47.3,50.9,5,0,0,0,0,0,0,0,0,131,0,0,0,0,0,0,0,0,0,0,0,0,0,0,0,0,0,0,0,0,1578,6614,6467,863,8.0,67.9,132.9,32.1,31.4,31.4,31.4,68.0,124.1,33.1,32.5,32.5,32.5,14.72,31.25,7.59,7.24,31.99,31.99,6.14,8.57,13.78,0.94,2.79,0,0,0.0,0.0,8712,164,10.1,2.3,0,
7.7.2026,20:4:58.433,26742,19252,58.1,16856,15826,51.5,0.6,13312,82,1.290,1.294,1.269,1.300,1.312,1.294,1.294,1.269,1.288,4017.8,4017.8,4017.8,4017.8,4042.7,4017.8,4017.8,3992.8,4017.8,99.8,4013.6,4028.9,4012.2,4012.9,4013.3,4012.7,4013.1,4013.4,4013.8,4011.4,4011.0,4012.6,4013.3,4011.7,4011.5,4012.8,4013.6,4013.6,100.0,100.0,100.0,100.0,100.0,100.0,100.0,100.0,100.0,100.0,100.0,100.0,100.0,100.0,100.0,100.0,100.0,100.0,100.0,111.7,111.7,111.7,111.7,111.7,111.7,111.7,111.7,111.7,111.7,111.7,111.7,111.7,111.7,111.7,111.7,111.7,111.7,40.2,40.2,40.2,40.2,40.5,40.2,40.2,40.0,40.2,0.0,100.0,100.0,100.0,100.0,100.0,100.0,100.0,100.0,100.0,0.0,0.0,0.0,0.0,0.0,0.0,0.0,0.0,0.0,0.0,0.0,0.0,0.0,0.0,0.0,0.0,0.0,0.0,1197.8,12.00,16,16,16,39,55,661,1,82.8,80.7,80.2,77.0,77.1,76.2,79.3,77.2,77.1,76.4,77.0,75.5,67.4,67.5,67.3,58.5,54.5,1.344,1.031,1.350,21.084,11.904,21.087,90.000,49.464,6.156,6.372,6.008,7.048,6.326,5.954,5.693,6.462,5.386,27.816,12.305,40.120,49.561,1197.8,1197.8,4028.9,4028.9,4028.9,4028.9,56.3,35.1,100.0,84.9,56.7,No,No,No,5.184,0.306,8.0,50,95.0,100.0,No,No,91258,99039,32,99.0,No,No,3320,0.1,2.0,2.0,0.095,41.634,20842,17503,0.0,0.0,0.0,0.000,0.000,50,0,67.8,87.0,83.0,1.075,12.098,12.140,12.132,12.022,1458,108.902,46.941,91.501,32.413,77.840,26.064,51.643,0.336,91.501,18.811,7.574,71.726,220.000,240.000,1920.0,1750.2,1680.0,1907.9,1815.0,45.0,10.0,0.0,2.0,82.3,5.6,22.3,0.0,0.0,0.0,42,Yes,No,No,Yes,Yes,No,No,50.1,46.9,5,0,0,0,0,0,0,0,0,131,0,0,0,0,0,0,0,0,0,0,0,0,0,0,0,0,0,0,0,0,1450,6742,6595,863,8.0,76.3,102.9,49.0,41.8,41.1,41.1,76.4,99.5,51.9,43.0,42.2,42.2,13.11,20.42,9.56,8.92,24.47,24.47,6.17,6.91,12.28,0.83,1.73,0,0,0.0,0.0,8712,164,0.9,0.1,0,
7.7.2026,20:5:0.446,26485,19509,57.5,16713,15969,51.1,0.6,13312,82,1.299,1.300,1.288,1.306,1.281,1.275,1.325,1.300,1.319,4020.9,4017.8,4017.8,4017.8,4017.8,3992.8,4042.7,4017.8,4042.7,99.8,4013.7,4029.8,4012.6,4012.8,4013.4,4013.3,4013.5,4013.7,4013.8,4010.5,4011.0,4012.3,4013.5,4011.6,4011.9,4012.8,4013.0,4013.7,100.0,100.0,100.0,100.0,100.0,100.0,100.0,100.0,100.0,100.0,100.0,100.0,100.0,100.0,100.0,100.0,100.0,100.0,100.0,111.7,111.7,111.7,111.7,111.7,111.7,111.7,111.7,111.7,111.7,111.7,111.7,111.7,111.7,111.7,111.7,111.7,111.7,40.3,40.2,40.2,40.2,40.2,40.0,40.5,40.2,40.5,0.0,100.0,100.0,100.0,100.0,100.0,100.0,100.0,100.0,100.0,0.0,0.0,0.0,0.0,0.0,0.0,0.0,0.0,0.0,0.0,0.0,0.0,0.0,0.0,0.0,0.0,0.0,0.0,1197.8,12.00,16,16,16,39,55,661,1,81.9,81.2,79.0,76.8,77.1,76.1,80.5,78.2,75.8,74.5,76.8,75.5,67.3,67.5,67.1,58.2,54.3,1.350,1.031,1.344,21.083,11.907,21.082,90.000,49.443,6.102,6.283,6.052,7.209,6.465,5.681,5.005,6.361,5.759,27.806,12.310,40.115,49.541,1197.8,1197.8,4029.8,4029.8,4029.8,4029.8,56.3,35.1,100.0,85.5,57.0,No,No,No,4.946,0.410,8.0,50,95.0,100.0,No,No,91258,99039,32,99.0,No,No,3320,0.1,0.6,0.7,0.186,2.092,20843,17507,0.0,0.0,0.0,0.000,0.000,50,0,67.8,87.0,83.0,1.075,12.098,12.140,12.132,12.022,1456,110.870,48.153,91.051,32.146,77.452,25.932,51.392,0.336,91.051,18.605,8.095,85.466,220.000,240.000,1920.0,1750.2,1680.0,1908.0,1815.0,46.0,11.0,0.0,2.0,80.7,6.0,23.9,0.0,0.0,0.0,42,Yes,No,No,Yes,Yes,No,No,50.4,52.5,5,0,0,0,0,0,0,0,0,131,0,0,0,0,0,0,0,0,0,0,0,0,0,0,0,0,0,0,0,0,1580,6612,6464,865,8.0,79.3,97.7,67.2,66.5,66.5,66.5,79.3,97.0,67.2,66.3,66.3,66.3,12.61,14.92,10.11,9.99,15.03,15.03,6.02,6.59,11.82,0.79,0.97,0,0,0.0,0.0,8712,164,0.9,0.4,0,
7.7.2026,20:5:2.438,26565,19429,57.7,16917,15765,51.7,0.6,13312,82,1.300,1.300,1.294,1.306,1.319,1.294,1.300,1.294,1.294,4011.5,4017.8,4017.8,4017.8,4017.8,3992.8,3992.8,4017.8,4017.8,99.8,4008.6,4023.9,4007.7,4008.1,4008.2,4008.4,4008.6,4009.5,4009.6,4005.8,4006.4,4006.8,4008.2,4005.8,4006.1,4007.5,4007.5,4008.6,100.0,100.0,100.0,100.0,100.0,100.0,100.0,100.0,100.0,100.0,100.0,100.0,100.0,100.0,100.0,100.0,100.0,100.0,100.0,111.6,111.6,111.6,111.6,111.6,111.6,111.6,111.6,111.6,111.6,111.6,111.6,111.6,111.6,111.6,111.6,111.6,111.6,40.2,40.2,40.2,40.2,40.2,40.0,40.0,40.2,40.2,0.0,100.0,100.0,100.0,100.0,100.0,100.0,100.0,100.0,100.0,0.0,0.0,0.0,0.0,0.0,0.0,0.0,0.0,0.0,0.0,0.0,0.0,0.0,0.0,0.0,0.0,0.0,0.0,1197.8,12.00,16,16,16,39,55,661,1,82.2,81.8,80.8,77.9,77.7,76.7,78.5,76.0,77.4,78.0,79.1,80.2,67.6,67.7,67.6,56.5,54.5,1.319,1.031,1.325,22.238,11.855,22.237,90.000,50.868,6.444,6.563,6.282,6.282,5.406,6.152,6.232,7.269,7.363,29.309,12.265,41.574,50.989,1197.8,1197.8,4023.9,4023.9,4023.9,4023.9,57.9,37.1,100.0,86.1,57.5,No,No,No,4.756,0.360,8.0,50,95.0,100.0,No,No,91258,99039,32,99.0,No,No,3320,0.1,0.1,0.2,0.118,0.146,20843,17508,0.0,0.0,0.0,0.000,0.000,50,0,68.1,87.7,83.0,1.075,12.091,12.132,12.127,12.015,1456,111.596,47.934,97.079,34.527,80.461,26.384,53.929,0.336,97.079,17.945,7.628,63.971,220.000,240.000,1920.0,1750.2,1680.0,1907.7,1815.0,47.0,11.0,0.0,2.0,80.7,5.8,23.2,0.0,0.0,0.0,42,Yes,No,No,Yes,Yes,No,No,50.7,48.4,5,0,0,0,0,0,0,0,0,131,0,0,0,0,0,0,0,0,0,0,0,0,0,0,0,0,0,0,0,0,1578,6614,6467,868,8.0,82.3,141.5,54.3,37.3,36.0,36.0,82.3,138.7,56.4,38.5,37.2,37.2,12.15,18.57,6.96,6.20,27.94,27.94,5.99,6.16,11.41,0.74,1.55,0,0,0.0,0.0,8712,164,15.3,4.5,0,
7.7.2026,20:5:4.429,26495,19498,57.6,16740,15941,51.2,0.6,13312,82,1.299,1.288,1.294,1.325,1.300,1.294,1.306,1.319,1.269,4024.0,4042.7,4017.8,4017.8,4017.8,4017.8,4042.7,4042.7,3992.8,99.8,4010.2,4023.5,4008.9,4008.9,4009.1,4009.5,4009.7,4009.9,4010.4,4007.2,4007.8,4009.4,4010.3,4008.7,4009.1,4009.9,4010.3,4010.2,100.0,100.0,100.0,100.0,100.0,100.0,100.0,100.0,100.0,100.0,100.0,100.0,100.0,100.0,100.0,100.0,100.0,100.0,100.0,111.6,111.6,111.6,111.6,111.6,111.6,111.6,111.6,111.6,111.6,111.6,111.6,111.6,111.6,111.6,111.6,111.6,111.6,40.3,40.5,40.2,40.2,40.2,40.2,40.5,40.5,40.0,0.0,100.0,100.0,100.0,100.0,100.0,100.0,100.0,100.0,100.0,0.0,0.0,0.0,0.0,0.0,0.0,0.0,0.0,0.0,0.0,0.0,0.0,0.0,0.0,0.0,0.0,0.0,0.0,1197.8,12.00,16,16,16,39,55,661,1,82.5,83.1,81.5,79.6,79.0,78.6,80.4,79.4,79.2,79.8,79.6,80.8,68.2,68.3,68.1,59.0,54.5,1.319,1.038,1.319,24.242,11.864,24.238,90.000,53.503,6.842,6.829,6.660,7.151,6.876,6.732,6.694,6.946,6.848,31.938,12.284,44.222,53.641,1197.8,1197.8,4023.5,4023.5,4023.5,4023.5,61.0,40.4,100.0,87.5,58.1,No,No,No,4.613,0.363,8.0,50,95.0,100.0,No,No,91258,99039,32,99.0,No,No,3320,0.0,0.1,0.2,0.008,0.247,20843,17508,0.0,0.0,0.0,0.000,0.000,50,0,67.8,86.8,83.0,1.075,12.107,12.149,12.139,12.033,1460,110.334,46.369,84.250,28.841,72.276,25.354,46.806,0.336,84.250,16.967,46.475,58.137,220.000,240.000,1920.0,1750.2,1680.0,1908.2,1815.0,41.0,9.0,0.0,2.0,82.3,5.5,22.2,0.0,0.0,0.0,43,Yes,No,No,Yes,Yes,No,No,48.9,44.2,5,0,0,0,0,0,0,0,0,131,0,0,0,0,0,0,0,0,0,0,0,0,0,0,0,0,0,0,0,0,1454,6738,6591,867,8.0,74.9,102.5,41.6,37.9,37.5,37.5,74.9,99.7,41.7,38.1,37.7,37.7,13.36,24.01,9.70,8.29,26.77,26.77,6.18,7.18,12.53,0.83,2.02,0,0,0.0,0.0,8712,164,0.5,0.4,0,
7.7.2026,20:5:6.431,26643,19350,57.9,16768,15914,51.3,0.6,13312,82,1.296,1.294,1.294,1.294,1.294,1.294,1.294,1.319,1.288,4024.0,4042.7,4017.8,4017.8,4042.7,4017.8,4017.8,4017.8,4017.8,99.8,4011.3,4026.4,4010.1,4010.4,4010.9,4010.8,4011.0,4011.5,4011.8,4008.9,4009.5,4009.7,4010.2,4008.9,4009.2,4010.2,4010.8,4011.3,100.0,100.0,100.0,100.0,100.0,100.0,100.0,100.0,100.0,100.0,100.0,100.0,100.0,100.0,100.0,100.0,100.0,100.0,100.0,111.6,111.7,111.7,111.7,111.7,111.7,111.7,111.7,111.7,111.6,111.6,111.6,111.6,111.6,111.6,111.6,111.6,111.7,40.3,40.5,40.2,40.2,40.5,40.2,40.2,40.2,40.2,0.0,100.0,100.0,100.0,100.0,100.0,100.0,100.0,100.0,100.0,0.0,0.0,0.0,0.0,0.0,0.0,0.0,0.0,0.0,0.0,0.0,0.0,0.0,0.0,0.0,0.0,0.0,0.0,1197.8,12.00,16,16,16,39,55,661,1,81.6,80.9,82.8,77.8,78.3,77.6,79.5,77.2,77.8,77.6,77.1,77.5,68.0,68.1,67.9,59.5,54.8,1.319,1.031,1.325,21.796,11.958,21.799,90.000,50.524,6.196,6.511,6.312,6.497,5.654,6.315,6.092,6.143,6.041,28.730,12.363,41.093,50.554,1197.8,1197.8,4026.4,4026.4,4026.4,4026.4,57.4,36.3,100.0,85.2,57.0,No,No,No,5.141,0.362,8.0,50,95.0,100.0,No,No,91258,99039,32,99.0,No,No,3320,0.4,0.2,0.6,1.158,0.678,20845,17510,0.0,0.0,0.0,0.000,0.000,50,0,67.7,86.6,83.0,1.075,12.101,12.143,12.135,12.027,1469,106.830,44.356,87.214,30.539,74.642,25.678,48.843,0.336,87.214,18.054,7.626,63.417,220.000,240.000,1920.0,1750.2,1680.0,1908.5,1815.0,40.0,9.0,0.0,2.0,82.3,5.3,21.2,0.0,0.0,0.0,43,Yes,No,No,Yes,Yes,No,No,47.0,56.0,5,0,0,0,0,0,0,0,0,131,0,0,0,0,0,0,0,0,0,0,0,0,0,0,0,0,0,0,0,0,1454,6738,6591,867,8.0,70.0,106.6,44.3,43.5,43.4,43.4,69.9,100.9,44.3,43.5,43.4,43.4,14.29,22.62,9.33,8.87,23.04,23.04,6.19,8.11,13.43,0.86,2.85,0,0,0.0,0.0,8712,164,1.8,1.3,0,
7.7.2026,20:5:8.435,26523,19471,57.6,16772,15909,51.3,0.6,13312,82,1.295,1.294,1.294,1.294,1.275,1.319,1.300,1.288,1.294,4017.8,4017.8,4017.8,4017.8,3992.8,4042.7,4017.8,4017.8,4017.8,99.8,4011.8,4026.4,4010.6,4011.2,4011.2,4011.5,4011.6,4012.2,4012.4,4009.1,4009.3,4010.4,4010.9,4009.5,4009.8,4011.0,4011.2,4011.8,100.0,100.0,100.0,100.0,100.0,100.0,100.0,100.0,100.0,100.0,100.0,100.0,100.0,100.0,100.0,100.0,100.0,100.0,100.0,111.7,111.7,111.7,111.7,111.7,111.7,111.7,111.7,111.7,111.6,111.6,111.6,111.6,111.6,111.6,111.6,111.6,111.7,40.2,40.2,40.2,40.2,40.0,40.5,40.2,40.2,40.2,0.0,100.0,100.0,100.0,100.0,100.0,100.0,100.0,100.0,100.0,0.0,0.0,0.0,0.0,0.0,0.0,0.0,0.0,0.0,0.0,0.0,0.0,0.0,0.0,0.0,0.0,0.0,0.0,1197.8,12.00,16,16,16,39,55,661,1,81.4,81.1,80.0,77.9,78.1,77.9,79.3,77.9,77.7,77.4,77.1,77.7,67.9,68.0,67.8,57.0,54.5,1.319,1.038,1.325,22.117,11.912,22.115,90.000,50.764,6.430,6.686,6.572,6.946,6.371,6.438,6.151,6.264,6.012,29.150,12.322,41.472,50.913,1197.8,1197.8,4026.4,4026.4,4026.4,4026.4,57.9,36.9,100.0,85.4,57.5,No,No,No,5.021,0.346,8.0,50,95.0,100.0,No,No,91258,99039,32,99.0,No,No,3320,0.5,0.1,0.6,0.507,0.154,20846,17510,0.0,0.0,0.0,0.000,0.000,50,0,68.0,87.2,83.0,1.075,12.099,12.141,12.133,12.024,1469,110.148,47.588,90.434,31.821,76.597,25.828,50.646,0.336,90.434,18.053,8.033,83.702,220.000,240.000,1920.0,1750.2,1680.0,1907.6,1815.0,46.0,11.0,0.0,2.0,80.7,6.0,24.1,0.0,0.0,0.0,43,Yes,No,No,Yes,Yes,No,No,49.3,56.2,5,0,0,0,0,0,0,0,0,131,0,0,0,0,0,0,0,0,0,0,0,0,0,0,0,0,0,0,0,0,1582,6610,6463,867,8.0,79.6,109.3,60.8,51.5,50.6,50.6,79.8,110.4,59.9,52.5,51.8,51.8,12.55,16.54,9.33,8.57,19.76,19.76,6.11,6.43,11.76,0.79,1.23,0,0,0.0,0.0,8712,164,0.4,0.1,0,
7.7.2026,20:5:10.435,26467,19526,57.5,16839,15843,51.5,0.6,13312,82,1.302,1.300,1.319,1.319,1.275,1.294,1.319,1.300,1.294,4020.9,4017.8,4042.7,3992.8,3992.8,4017.8,4042.7,4042.7,4017.8,99.8,4010.4,4025.6,4009.3,4009.8,4009.8,4009.9,4009.8,4010.2,4010.6,4007.9,4007.8,4009.2,4010.2,4008.1,4008.8,4009.8,4010.1,4010.4,100.0,100.0,100.0,100.0,100.0,100.0,100.0,100.0,100.0,100.0,100.0,100.0,100.0,100.0,100.0,100.0,100.0,100.0,100.0,111.6,111.6,111.6,111.6,111.6,111.6,111.6,111.6,111.6,111.6,111.6,111.6,111.6,111.6,111.6,111.6,111.6,111.6,40.3,40.2,40.5,40.0,40.0,40.2,40.5,40.5,40.2,0.0,100.0,100.0,100.0,100.0,100.0,100.0,100.0,100.0,100.0,0.0,0.0,0.0,0.0,0.0,0.0,0.0,0.0,0.0,0.0,0.0,0.0,0.0,0.0,0.0,0.0,0.0,0.0,1197.8,12.00,16,16,16,39,55,661,1,81.2,81.2,81.2,77.8,77.6,76.3,79.9,78.0,77.5,77.6,77.5,78.4,68.0,68.1,68.0,58.8,54.3,1.325,1.019,1.331,21.901,11.920,21.903,90.000,50.558,6.215,6.375,5.856,6.890,6.013,6.089,5.650,6.291,6.554,28.872,12.332,41.204,50.644,1197.8,1197.8,4025.6,4025.6,4025.6,4025.6,57.5,36.5,100.0,85.4,57.0,No,No,No,4.871,0.346,8.0,50,95.0,100.0,No,No,91258,99039,32,99.0,No,No,3320,1.0,0.1,1.1,1.106,0.178,20848,17510,0.0,0.0,0.0,0.000,0.000,50,0,68.2,87.7,83.0,1.075,12.097,12.138,12.132,12.022,1469,109.906,48.379,92.952,32.821,78.228,26.039,52.056,0.336,92.952,18.155,7.521,82.724,220.000,240.000,1920.0,1750.2,1680.0,1907.8,1815.0,45.0,10.0,0.0,2.0,80.7,5.4,21.6,0.0,0.0,0.0,43,Yes,No,No,Yes,Yes,No,No,50.9,51.6,5,0,0,0,0,0,0,0,0,131,0,0,0,0,0,0,0,0,0,0,0,0,0,0,0,0,0,0,0,0,1582,6610,6463,868,8.0,80.6,112.2,69.1,67.6,67.4,67.4,80.6,122.4,69.1,68.9,68.9,68.9,12.41,14.34,9.04,8.25,14.60,14.60,6.08,6.32,11.61,0.79,0.92,0,0,0.0,0.0,8712,164,0.7,0.9,0,
7.7.2026,20:5:12.578,26646,19348,57.9,16901,15780,51.7,0.6,13312,82,1.298,1.294,1.294,1.288,1.300,1.294,1.319,1.294,1.300,4014.6,4017.8,4017.8,4017.8,3992.8,4017.8,4017.8,4017.8,4017.8,99.8,4011.6,4026.0,4010.1,4010.1,4010.4,4010.9,4011.3,4011.9,4012.1,4008.9,4009.3,4010.3,4011.2,4009.7,4010.1,4011.2,4011.5,4011.6,100.0,100.0,100.0,100.0,100.0,100.0,100.0,100.0,100.0,100.0,100.0,100.0,100.0,100.0,100.0,100.0,100.0,100.0,100.0,111.6,111.7,111.7,111.7,111.7,111.7,111.7,111.7,111.7,111.6,111.6,111.6,111.6,111.6,111.6,111.6,111.6,111.7,40.2,40.2,40.2,40.2,40.0,40.2,40.2,40.2,40.2,0.0,100.0,100.0,100.0,100.0,100.0,100.0,100.0,100.0,100.0,0.0,0.0,0.0,0.0,0.0,0.0,0.0,0.0,0.0,0.0,0.0,0.0,0.0,0.0,0.0,0.0,0.0,0.0,1197.8,12.00,16,16,16,39,55,661,1,81.4,81.9,80.8,78.3,78.6,77.6,80.3,78.6,77.8,77.4,77.6,78.6,68.1,68.2,68.0,57.0,54.2,1.312,1.038,1.325,22.578,11.875,22.581,90.000,51.311,6.511,6.777,6.494,7.020,6.523,6.369,6.101,6.398,6.409,29.759,12.288,42.048,51.478,1197.8,1197.8,4026.0,4026.0,4026.0,4026.0,58.5,37.6,100.0,86.2,57.4,No,No,No,4.702,0.356,8.0,50,95.0,100.0,No,No,91258,99039,32,99.0,No,No,3320,1.6,0.1,1.7,2.189,0.309,20853,17511,0.0,0.0,0.0,0.000,0.000,50,0,67.9,87.0,83.0,1.075,12.100,12.141,12.134,12.025,1467,109.605,47.656,90.123,31.735,76.467,25.865,50.468,0.336,90.123,18.140,7.386,85.916,220.000,240.000,1920.0,1750.2,1680.0,1907.8,1815.0,43.0,10.0,0.0,3.0,80.7,6.1,24.4,0.0,0.0,0.0,43,Yes,No,No,Yes,Yes,No,No,48.3,51.2,5,0,0,0,0,0,0,0,0,131,0,0,0,0,0,0,0,0,0,0,0,0,0,0,0,0,0,0,0,0,1582,6610,6463,868,8.0,72.1,92.9,39.2,33.0,32.5,32.5,72.2,92.0,39.8,33.3,32.7,32.7,13.87,25.27,10.85,10.70,30.87,30.87,6.27,7.59,13.02,0.84,2.17,0,0,0.0,0.0,8712,164,2.4,0.9,0,
7.7.2026,20:5:14.446,27181,18813,59.0,17019,15662,52.0,0.6,13312,82,1.295,1.294,1.294,1.294,1.294,1.294,1.288,1.306,1.300,4024.0,4017.8,4042.7,4017.8,4017.8,4017.8,4042.7,4017.8,4017.8,99.8,4011.7,4026.5,4010.1,4010.4,4011.3,4010.2,4011.2,4011.4,4012.2,4009.2,4009.9,4011.0,4011.4,4009.8,4010.1,4011.0,4011.2,4011.7,100.0,100.0,100.0,100.0,100.0,100.0,100.0,100.0,100.0,100.0,100.0,100.0,100.0,100.0,100.0,100.0,100.0,100.0,100.0,111.7,111.7,111.7,111.7,111.7,111.7,111.7,111.7,111.7,111.7,111.7,111.7,111.7,111.7,111.7,111.7,111.7,111.7,40.3,40.2,40.5,40.2,40.2,40.2,40.5,40.2,40.2,0.0,100.0,100.0,100.0,100.0,100.0,100.0,100.0,100.0,100.0,0.0,0.0,0.0,0.0,0.0,0.0,0.0,0.0,0.0,0.0,0.0,0.0,0.0,0.0,0.0,0.0,0.0,0.0,1197.8,12.00,16,16,16,39,55,661,1,81.5,81.2,83.8,78.0,79.0,77.7,79.8,77.4,78.3,78.1,77.0,76.7,68.1,68.2,68.0,58.8,54.5,1.300,1.038,1.306,22.061,11.882,22.056,90.000,50.706,6.261,6.981,6.615,6.754,5.813,6.373,6.032,5.960,5.557,29.081,12.290,41.370,50.809,1197.8,1197.8,4026.5,4026.5,4026.5,4026.5,57.7,36.8,100.0,85.5,57.4,No,No,No,5.033,0.242,8.0,50,95.0,100.0,No,No,91258,99039,32,99.0,No,No,3320,8.9,1.3,10.2,14.250,1.936,20886,17515,0.0,0.0,0.0,0.000,0.000,50,0,64.9,81.5,83.0,1.075,12.115,12.158,12.143,12.044,1471,87.299,33.138,67.874,21.216,61.539,23.750,37.706,0.336,67.874,15.059,7.262,28.766,220.000,240.000,1920.0,1750.2,1680.0,1908.7,1815.0,21.0,5.0,0.0,1.0,87.4,2.8,11.4,0.0,0.0,0.0,43,Yes,No,No,Yes,Yes,No,No,34.5,52.0,5,0,0,0,0,0,0,0,0,131,0,0,0,0,0,0,0,0,0,0,0,0,0,0,0,0,0,0,0,0,1029,7163,6834,882,8.0,60.2,129.9,12.4,7.7,7.4,7.4,62.1,223.5,13.7,9.1,8.8,8.8,16.65,82.94,7.64,7.46,134.90,134.90,7.01,9.50,14.07,2.59,23.97,0,0,0.0,0.0,8712,164,113.9,8.5,0,
7.7.2026,20:5:16.478,26908,19085,58.5,16918,15763,51.7,0.6,13312,79,1.289,1.294,1.300,1.269,1.294,1.288,1.294,1.288,1.288,4011.5,4017.8,4017.8,3992.8,4017.8,4017.8,4017.8,4017.8,3992.8,99.8,4008.2,4023.2,4007.7,4007.8,4008.2,4008.0,4008.0,4008.2,4008.5,4005.1,4005.6,4006.6,4006.9,4006.3,4006.5,4007.3,4007.7,4008.2,100.0,100.0,100.0,100.0,100.0,100.0,100.0,100.0,100.0,100.0,100.0,100.0,100.0,100.0,100.0,100.0,100.0,100.0,100.0,111.6,111.6,111.6,111.6,111.6,111.6,111.6,111.6,111.6,111.5,111.5,111.5,111.5,111.5,111.5,111.5,111.5,111.6,40.2,40.2,40.2,40.0,40.2,40.2,40.2,40.2,40.0,0.0,100.0,100.0,100.0,100.0,100.0,100.0,100.0,100.0,100.0,0.0,0.0,0.0,0.0,0.0,0.0,0.0,0.0,0.0,0.0,0.0,0.0,0.0,0.0,0.0,0.0,0.0,0.0,1197.8,12.00,16,16,16,39,55,661,1,82.5,82.7,82.2,79.0,78.9,77.9,81.1,79.5,77.9,77.5,78.8,80.2,68.3,68.4,68.2,58.0,54.6,1.331,1.025,1.331,23.432,11.895,23.440,90.000,52.514,6.812,6.702,6.262,7.360,6.904,6.382,6.122,7.209,7.556,30.848,12.309,43.158,52.620,1197.8,1197.8,4023.2,4023.2,4023.2,4023.2,59.8,39.1,100.0,87.1,58.4,No,No,No,4.917,0.386,8.0,50,95.0,100.0,No,No,91258,99039,32,99.0,No,No,3320,14.2,3.3,17.6,38.527,21.250,20962,17558,0.0,0.0,0.0,0.000,0.000,50,0,66.5,84.4,83.0,1.075,12.099,12.140,12.132,12.025,1473,95.166,44.177,84.488,29.293,72.779,25.350,47.318,0.336,84.488,17.674,7.268,72.772,220.000,240.000,1920.0,1750.2,1680.0,1908.2,1815.0,35.0,8.0,0.0,2.0,84.7,5.7,22.8,0.0,0.0,0.0,43,Yes,No,No,Yes,Yes,No,No,46.4,43.0,5,0,0,0,0,0,0,0,0,131,0,0,0,0,0,0,0,0,0,0,0,0,0,0,0,0,0,0,0,0,1257,6935,6788,873,8.0,61.8,116.9,35.6,34.6,34.5,34.5,61.8,108.4,35.3,34.2,34.1,34.1,16.18,28.19,8.64,7.67,29.14,29.14,6.30,9.87,15.08,1.10,4.12,0,0,0.0,0.0,8741,164,13481.0,221.2,0,
7.7.2026,20:5:18.442,26978,19016,58.6,17045,15637,52.1,0.6,13312,79,1.297,1.288,1.300,1.300,1.325,1.275,1.319,1.275,1.294,4011.5,3992.8,3992.8,4017.8,4042.7,4017.8,4017.8,3992.8,4017.8,99.8,4009.9,4024.2,4009.2,4009.3,4009.5,4009.1,4009.1,4009.6,4009.8,4007.4,4007.9,4008.9,4009.5,4008.6,4008.4,4009.1,4009.2,4009.9,100.0,100.0,100.0,100.0,100.0,100.0,100.0,100.0,100.0,100.0,100.0,100.0,100.0,100.0,100.0,100.0,100.0,100.0,100.0,111.6,111.6,111.6,111.6,111.6,111.6,111.6,111.6,111.6,111.6,111.6,111.6,111.6,111.6,111.6,111.6,111.6,111.6,40.2,40.0,40.0,40.2,40.5,40.2,40.2,40.0,40.2,0.0,100.0,100.0,100.0,100.0,100.0,100.0,100.0,100.0,100.0,0.0,0.0,0.0,0.0,0.0,0.0,0.0,0.0,0.0,0.0,0.0,0.0,0.0,0.0,0.0,0.0,0.0,0.0,1197.8,12.00,16,16,16,39,55,661,1,81.0,81.1,76.8,78.4,78.6,78.0,79.1,77.4,78.7,78.4,78.3,78.3,68.5,68.6,68.4,59.5,54.6,1.306,1.025,1.319,22.361,11.988,22.362,90.000,51.358,6.043,6.589,6.350,6.287,5.562,6.276,5.941,5.980,5.354,29.449,12.400,41.849,51.353,1197.8,1197.8,4024.2,4024.2,4024.2,4024.2,58.4,37.3,100.0,85.4,57.7,No,No,No,5.389,0.405,8.0,50,95.0,100.0,No,No,91258,99039,32,99.0,No,No,3320,28.7,2.0,30.7,43.085,18.282,21031,17587,0.0,0.0,0.0,0.000,0.000,50,0,65.8,83.4,83.0,1.075,12.114,12.157,12.142,12.042,1475,90.812,38.684,71.015,22.807,63.528,24.001,39.451,0.336,71.015,15.502,7.600,71.583,220.000,240.000,1920.0,1750.2,1680.0,1854.3,1815.0,31.0,7.0,0.0,2.0,83.1,4.6,18.4,0.0,0.0,0.0,43,Yes,No,No,Yes,Yes,No,No,39.3,47.5,5,0,0,0,0,0,0,0,0,131,0,0,0,0,0,0,0,0,0,0,0,0,0,0,0,0,0,0,0,0,1385,6807,6661,873,8.0,60.0,89.4,45.2,39.9,39.4,39.4,36.3,68.5,7.6,6.8,6.7,6.7,16.67,22.17,11.24,8.54,25.32,25.32,0.16,0.03,16.25,0.42,4.26,0,0,0.0,0.0,8760,165,11382.1,145.6,0,
7.7.2026,20:5:21.101,26786,19207,58.2,17113,15569,52.3,0.6,13312,79,1.294,1.312,1.300,1.300,1.288,1.288,1.294,1.294,1.275,4011.5,4042.7,3992.8,3992.8,4017.8,4017.8,4017.8,4017.8,3992.8,99.8,4011.6,4026.7,4010.6,4010.5,4011.1,4010.9,4011.1,4011.0,4011.7,4008.8,4009.3,4009.9,4011.0,4010.2,4010.2,4011.3,4011.4,4011.6,100.0,100.0,100.0,100.0,100.0,100.0,100.0,100.0,100.0,100.0,100.0,100.0,100.0,100.0,100.0,100.0,100.0,100.0,100.0,111.6,111.7,111.7,111.7,111.7,111.7,111.7,111.7,111.7,111.6,111.6,111.6,111.6,111.6,111.6,111.6,111.6,111.6,40.2,40.5,40.0,40.0,40.2,40.2,40.2,40.2,40.0,0.0,100.0,100.0,100.0,100.0,100.0,100.0,100.0,100.0,100.0,0.0,0.0,0.0,0.0,0.0,0.0,0.0,0.0,0.0,0.0,0.0,0.0,0.0,0.0,0.0,0.0,0.0,0.0,1197.8,12.00,16,16,16,39,55,661,1,80.5,79.2,80.0,76.6,77.2,76.1,77.8,75.7,77.2,76.6,76.9,75.6,67.8,67.8,67.7,58.0,54.5,1.312,1.031,1.325,20.332,12.019,20.326,90.000,48.551,6.066,6.242,5.990,6.329,5.649,6.328,6.000,6.275,5.717,26.801,12.422,39.223,48.696,1197.8,1197.8,4026.7,4026.7,4026.7,4026.7,55.3,33.9,100.0,83.3,56.2,No,No,No,5.477,0.477,8.0,50,95.0,100.0,No,No,91258,99039,32,99.0,No,No,3320,24.2,3.2,27.4,69.478,35.529,21184,17665,0.0,0.0,0.0,0.000,0.000,50,0,66.2,84.1,83.0,1.075,12.102,12.143,12.134,12.029,1475,97.499,43.224,82.762,28.707,71.714,25.248,46.349,0.336,82.762,17.739,7.161,69.464,220.000,240.000,1920.0,1750.2,1680.0,1909.3,1815.0,35.0,8.0,0.0,2.0,80.0,4.6,18.4,0.0,0.0,0.0,43,Yes,No,No,Yes,Yes,No,No,36.5,51.7,5,0,0,0,0,0,0,0,0,131,0,0,0,0,0,0,0,0,0,0,0,0,0,0,0,0,0,0,0,0,1641,6551,6406,873,8.0,60.0,64.7,55.4,54.7,54.6,54.6,34.1,68.6,12.0,12.0,12.0,12.0,16.65,17.95,15.43,14.85,18.16,18.16,0.17,0.04,16.21,0.44,3.48,0,0,0.0,0.0,8820,165,29274.3,314.4,0,
7.7.2026,20:5:22.461,26608,19386,57.8,17078,15604,52.2,0.6,13312,79,1.299,1.300,1.294,1.300,1.306,1.319,1.288,1.288,1.300,4020.9,4017.8,4042.7,4017.8,4017.8,4017.8,4017.8,4017.8,4017.8,99.8,4012.7,4027.3,4011.7,4011.7,4012.1,4011.4,4011.8,4012.0,4012.4,4010.6,4011.2,4012.1,4012.6,4010.8,4011.3,4011.9,4012.3,4012.7,100.0,100.0,100.0,100.0,100.0,100.0,100.0,100.0,100.0,100.0,100.0,100.0,100.0,100.0,100.0,100.0,100.0,100.0,100.0,111.7,111.7,111.7,111.7,111.7,111.7,111.7,111.7,111.7,111.7,111.7,111.7,111.7,111.7,111.7,111.7,111.7,111.7,40.3,40.2,40.5,40.2,40.2,40.2,40.2,40.2,40.2,0.0,100.0,100.0,100.0,100.0,100.0,100.0,100.0,100.0,100.0,0.0,0.0,0.0,0.0,0.0,0.0,0.0,0.0,0.0,0.0,0.0,0.0,0.0,0.0,0.0,0.0,0.0,0.0,1197.8,12.00,16,16,16,39,55,661,1,80.8,81.0,78.5,78.0,78.7,78.4,79.5,78.6,77.6,77.0,77.3,76.6,68.1,68.2,67.9,58.8,54.7,1.319,1.050,1.319,21.999,11.959,22.001,90.000,50.750,6.322,6.697,6.643,6.870,6.589,6.095,5.715,6.304,5.663,28.996,12.369,41.365,50.836,1197.8,1197.8,4027.3,4027.3,4027.3,4027.3,57.8,36.7,100.0,85.3,56.9,No,No,No,5.232,0.477,8.0,50,95.0,100.0,No,No,91258,99039,32,99.0,No,No,3320,10.4,5.3,15.7,36.778,35.477,21237,17716,0.0,0.0,0.0,0.000,0.000,50,0,66.0,83.9,83.0,1.075,12.103,12.144,12.135,12.029,1473,89.557,43.244,86.034,29.764,73.322,25.404,47.797,0.336,86.034,17.144,7.412,59.196,220.000,240.000,1920.0,1750.2,1680.0,1845.7,1815.0,38.0,8.0,0.0,2.0,79.9,4.3,17.2,0.0,0.0,0.0,43,Yes,No,No,Yes,Yes,No,No,46.9,42.5,5,0,0,0,0,0,0,0,0,131,0,0,0,0,0,0,0,0,0,0,0,0,0,0,0,0,0,0,0,0,1644,6548,6404,873,8.0,64.4,113.9,30.5,30.4,30.4,30.4,64.5,114.1,30.8,30.6,30.6,30.6,15.52,32.78,8.76,7.59,32.85,32.85,6.12,9.38,14.66,0.86,4.53,0,0,0.0,0.0,8856,166,22281.9,254.8,0,
7.7.2026,20:5:24.451,26653,19341,57.9,17113,15569,52.3,0.6,13312,79,1.295,1.294,1.281,1.306,1.275,1.294,1.294,1.325,1.294,4014.6,4017.8,3992.8,4017.8,3992.8,4017.8,4017.8,4042.7,4017.8,99.8,4008.5,4024.0,4008.2,4008.0,4008.1,4008.1,4008.2,4008.5,4008.9,4006.1,4006.0,4007.1,4008.0,4006.1,4006.3,4007.2,4007.0,4008.5,100.0,100.0,100.0,100.0,100.0,100.0,100.0,100.0,100.0,100.0,100.0,100.0,100.0,100.0,100.0,100.0,100.0,100.0,100.0,111.6,111.6,111.6,111.6,111.6,111.6,111.6,111.6,111.6,111.6,111.6,111.6,111.6,111.6,111.6,111.6,111.6,111.6,40.2,40.2,40.0,40.2,40.0,40.2,40.2,40.5,40.2,0.0,100.0,100.0,100.0,100.0,100.0,100.0,100.0,100.0,100.0,0.0,0.0,0.0,0.0,0.0,0.0,0.0,0.0,0.0,0.0,0.0,0.0,0.0,0.0,0.0,0.0,0.0,0.0,1197.8,12.00,16,16,16,39,55,661,1,81.6,82.1,82.5,78.7,77.9,77.1,80.1,78.7,79.1,78.9,78.9,79.2,68.3,68.4,68.2,58.0,54.7,1.319,1.031,1.331,22.740,11.922,22.737,90.000,51.595,6.543,6.313,5.896,6.949,6.457,6.697,6.423,6.763,6.848,29.965,12.332,42.297,51.741,1197.8,1197.8,4024.0,4024.0,4024.0,4024.0,58.8,37.9,100.0,86.4,57.5,No,No,No,5.034,0.335,8.0,50,95.0,100.0,No,No,91258,99039,32,99.0,No,No,3320,4.8,2.2,6.9,10.765,10.349,21262,17740,0.0,0.0,0.0,0.000,0.000,50,0,66.3,84.5,83.0,1.075,12.101,12.141,12.134,12.026,1471,99.831,46.661,90.320,31.725,76.167,25.868,50.176,0.336,90.320,17.639,7.203,76.860,220.000,240.000,1920.0,1750.2,1680.0,1891.7,1815.0,41.0,9.0,0.0,2.0,79.9,5.0,20.0,0.0,0.0,0.0,43,Yes,No,No,Yes,Yes,No,No,49.1,46.1,5,0,0,0,0,0,0,0,0,131,0,0,0,0,0,0,0,0,0,0,0,0,0,0,0,0,0,0,0,0,1644,6548,6404,873,8.0,73.1,132.1,40.3,37.5,37.2,37.2,73.1,121.6,41.2,37.4,37.0,37.0,13.68,24.99,7.52,7.14,26.91,26.91,6.00,7.59,12.85,0.83,3.11,0,0,0.0,0.0,8876,166,8546.8,103.9,0,
7.7.2026,20:5:26.460,26585,19409,57.8,17055,15626,52.1,0.6,13312,79,1.290,1.275,1.294,1.294,1.294,1.281,1.300,1.288,1.294,4017.8,3992.8,4017.8,4017.8,4017.8,4042.7,4017.8,4017.8,4017.8,99.8,4008.9,4022.2,4007.6,4008.1,4008.2,4008.2,4008.3,4008.7,4009.4,4006.6,4007.0,4007.9,4008.4,4006.9,4007.2,4008.3,4009.6,4008.9,100.0,100.0,100.0,100.0,100.0,100.0,100.0,100.0,100.0,100.0,100.0,100.0,100.0,100.0,100.0,100.0,100.0,100.0,100.0,111.6,111.6,111.6,111.6,111.6,111.6,111.6,111.6,111.6,111.5,111.5,111.5,111.5,111.5,111.5,111.5,111.5,111.6,40.2,40.0,40.2,40.2,40.2,40.5,40.2,40.2,40.2,0.0,100.0,100.0,100.0,100.0,100.0,100.0,100.0,100.0,100.0,0.0,0.0,0.0,0.0,0.0,0.0,0.0,0.0,0.0,0.0,0.0,0.0,0.0,0.0,0.0,0.0,0.0,0.0,1197.8,12.00,16,16,16,39,55,661,1,81.5,81.8,83.2,78.1,78.0,77.6,78.2,76.1,77.7,77.0,79.2,80.9,68.3,68.4,68.3,59.5,54.7,1.306,1.038,1.325,21.754,11.935,21.759,90.000,50.390,6.296,6.472,6.419,6.409,5.526,6.108,5.361,6.970,7.103,28.660,12.343,41.003,50.461,1197.8,1197.8,4022.2,4022.2,4022.2,4022.2,57.3,36.3,100.0,86.2,56.6,No,No,No,4.980,0.411,8.0,50,95.0,100.0,No,No,91258,99039,32,99.0,No,No,3320,5.4,2.9,8.3,32.253,33.376,21313,17793,0.0,0.0,0.0,0.000,0.000,50,0,66.7,85.2,83.0,1.075,12.105,12.147,12.137,12.031,1471,104.131,44.270,85.556,29.409,73.007,25.362,47.529,0.336,85.556,16.939,7.211,71.795,220.000,240.000,1920.0,1750.2,1680.0,1909.1,1815.0,41.0,9.0,0.0,2.0,79.9,5.5,22.0,0.0,0.0,0.0,43,Yes,No,No,Yes,Yes,No,No,46.8,44.8,5,0,0,0,0,0,0,0,0,131,0,0,0,0,0,0,0,0,0,0,0,0,0,0,0,0,0,0,0,0,1644,6548,6404,873,8.0,71.7,129.8,45.4,40.0,39.5,39.5,71.8,116.9,44.9,41.1,40.7,40.7,13.94,21.71,7.79,6.78,25.16,25.16,6.04,7.88,13.13,0.81,3.02,0,0,0.0,0.0,8909,166,21930.9,233.6,0,
7.7.2026,20:5:28.632,26588,19405,57.8,16931,15751,51.8,0.6,13312,79,1.294,1.300,1.275,1.294,1.294,1.300,1.300,1.294,1.294,4017.8,4017.8,4017.8,4017.8,4017.8,4017.8,4017.8,4017.8,4017.8,99.8,4010.8,4025.9,4010.4,4010.3,4010.4,4010.6,4010.6,4011.0,4011.5,4008.0,4008.7,4009.0,4009.7,4008.3,4008.9,4009.4,4009.8,4010.8,100.0,100.0,100.0,100.0,100.0,100.0,100.0,100.0,100.0,100.0,100.0,100.0,100.0,100.0,100.0,100.0,100.0,100.0,100.0,111.6,111.7,111.7,111.7,111.7,111.7,111.7,111.7,111.7,111.6,111.6,111.6,111.6,111.6,111.6,111.6,111.6,111.7,40.2,40.2,40.2,40.2,40.2,40.2,40.2,40.2,40.2,0.0,100.0,100.0,100.0,100.0,100.0,100.0,100.0,100.0,100.0,0.0,0.0,0.0,0.0,0.0,0.0,0.0,0.0,0.0,0.0,0.0,0.0,0.0,0.0,0.0,0.0,0.0,0.0,1197.8,12.00,16,16,16,39,55,661,1,82.2,82.3,83.2,78.8,78.6,78.5,80.5,80.3,79.0,78.3,77.5,77.3,68.5,68.6,68.4,59.0,54.9,1.325,1.031,1.325,22.973,11.927,22.969,90.000,51.910,6.601,6.596,6.522,7.321,7.192,6.920,6.722,6.063,5.470,30.276,12.341,42.617,52.060,1197.8,1197.8,4025.9,4025.9,4025.9,4025.9,59.2,38.3,100.0,86.7,57.6,No,No,No,4.793,0.422,8.0,50,95.0,100.0,No,No,91258,99040,32,99.0,No,No,3320,9.0,8.8,17.8,15.607,17.784,21344,17828,0.0,0.0,0.0,0.000,0.000,50,0,67.0,85.8,83.0,1.075,12.099,12.140,12.132,12.025,1469,107.163,45.901,86.181,29.961,73.809,25.422,48.263,0.336,86.181,17.658,7.343,83.857,220.000,240.000,1920.0,1750.2,1680.0,1908.4,1815.0,41.0,9.0,0.0,2.0,81.5,6.2,24.8,0.0,0.0,0.0,43,Yes,No,No,Yes,Yes,No,No,47.2,43.7,5,0,0,0,0,0,0,0,0,131,0,0,0,0,0,0,0,0,0,0,0,0,0,0,0,0,0,0,0,0,1516,6676,6532,873,8.0,80.4,108.4,50.7,39.4,38.4,38.4,80.4,108.8,50.9,39.8,38.9,38.9,12.44,19.65,9.14,8.07,25.76,25.76,5.88,6.56,11.65,0.79,1.36,0,0,0.0,0.0,8934,166,12328.2,128.2,0,
7.7.2026,20:5:30.445,26738,19255,58.1,16959,15723,51.8,0.6,13312,79,1.291,1.275,1.300,1.294,1.294,1.288,1.288,1.294,1.294,4020.9,3992.8,4017.8,4017.8,4042.7,4042.7,4017.8,4017.8,4017.8,99.8,4009.8,4023.3,4008.6,4008.7,4009.3,4009.3,4009.0,4009.6,4010.3,4007.2,4007.7,4008.4,4009.1,4008.1,4008.4,4009.4,4009.9,4009.8,100.0,100.0,100.0,100.0,100.0,100.0,100.0,100.0,100.0,100.0,100.0,100.0,100.0,100.0,100.0,100.0,100.0,100.0,100.0,111.6,111.6,111.6,111.6,111.6,111.6,111.6,111.6,111.6,111.6,111.6,111.6,111.6,111.6,111.6,111.6,111.6,111.6,40.3,40.0,40.2,40.2,40.5,40.5,40.2,40.2,40.2,0.0,100.0,100.0,100.0,100.0,100.0,100.0,100.0,100.0,100.0,0.0,0.0,0.0,0.0,0.0,0.0,0.0,0.0,0.0,0.0,0.0,0.0,0.0,0.0,0.0,0.0,0.0,0.0,1197.8,12.00,16,16,16,39,55,661,1,82.4,83.1,84.0,79.7,79.6,79.5,81.6,79.5,79.7,80.0,78.4,79.2,68.9,69.0,68.8,59.0,54.9,1.325,1.031,1.325,23.646,11.894,23.651,90.000,52.896,6.717,6.719,6.783,7.278,6.504,6.646,6.637,6.509,6.656,31.142,12.313,43.455,52.924,1197.8,1197.8,4023.3,4023.3,4023.3,4023.3,60.1,39.4,100.0,87.5,57.4,No,No,No,4.855,0.436,8.0,50,95.0,100.0,No,No,91258,99040,32,99.0,No,No,3320,5.8,1.9,7.8,19.237,19.491,21392,17877,0.0,0.0,0.0,0.000,0.000,50,0,67.0,85.8,83.0,1.075,12.097,12.139,12.131,12.022,1473,105.992,44.772,90.283,31.572,76.062,25.776,50.156,0.336,90.283,17.412,7.399,58.444,220.000,240.000,1920.0,1750.2,1680.0,1908.9,1815.0,42.0,9.0,0.0,2.0,83.1,5.7,22.8,0.0,0.0,0.0,43,Yes,No,No,Yes,Yes,No,No,49.0,50.1,5,0,0,0,0,0,0,0,0,131,0,0,0,0,0,0,0,0,0,0,0,0,0,0,0,0,0,0,0,0,1388,6804,6660,873,8.0,78.9,104.1,57.3,43.3,42.2,42.2,78.8,103.2,54.1,43.6,42.7,42.7,12.68,17.34,9.78,9.50,23.76,23.76,5.85,6.84,11.88,0.80,1.39,0,0,0.0,0.0,8934,166,12328.2,128.2,0,
7.7.2026,20:5:32.461,26865,19129,58.4,17082,15600,52.2,0.6,13312,79,1.287,1.294,1.294,1.294,1.269,1.269,1.294,1.294,1.294,4017.8,4017.8,4017.8,4017.8,4017.8,4017.8,4017.8,4017.8,4017.8,99.8,4010.4,4025.0,4010.1,4010.2,4010.6,4010.4,4010.6,4010.9,4011.4,4008.2,4008.7,4009.2,4009.9,4007.7,4007.7,4008.3,4008.1,4010.4,100.0,100.0,100.0,100.0,100.0,100.0,100.0,100.0,100.0,100.0,100.0,100.0,100.0,100.0,100.0,100.0,100.0,100.0,100.0,111.6,111.7,111.7,111.7,111.7,111.7,111.7,111.7,111.7,111.6,111.6,111.6,111.6,111.6,111.6,111.6,111.6,111.6,40.2,40.2,40.2,40.2,40.2,40.2,40.2,40.2,40.2,0.0,100.0,100.0,100.0,100.0,100.0,100.0,100.0,100.0,100.0,0.0,0.0,0.0,0.0,0.0,0.0,0.0,0.0,0.0,0.0,0.0,0.0,0.0,0.0,0.0,0.0,0.0,0.0,1197.8,12.00,16,16,16,39,55,661,1,82.9,83.0,88.8,79.6,79.6,79.7,81.9,80.6,79.0,79.1,78.2,78.9,68.8,69.0,68.7,58.0,55.1,1.325,1.038,1.331,23.648,11.882,23.643,90.000,52.722,6.849,6.935,7.091,7.540,7.079,6.607,6.417,6.496,6.627,31.145,12.300,43.445,52.890,1197.8,1197.8,4025.0,4025.0,4025.0,4025.0,60.1,39.4,100.0,87.3,57.6,No,No,No,4.775,0.403,8.0,51,95.0,100.0,No,No,91258,99040,32,99.0,No,No,3320,16.1,2.3,18.4,27.737,28.439,21431,17917,0.0,0.0,0.0,0.000,0.000,50,0,67.3,86.3,83.0,1.075,12.097,12.138,12.130,12.023,1473,105.969,43.515,86.403,30.139,73.984,25.465,48.389,0.336,86.403,17.788,7.476,58.768,220.000,240.000,1920.0,1750.2,1680.0,1908.3,1815.0,43.0,10.0,0.0,2.0,83.1,6.2,24.8,0.0,0.0,0.0,43,Yes,No,No,Yes,Yes,No,No,47.4,51.3,5,0,0,0,0,0,0,0,0,131,0,0,0,0,0,0,0,0,0,0,0,0,0,0,0,0,0,0,0,0,1388,6804,6661,873,8.0,76.9,151.4,46.9,43.8,43.5,43.5,77.0,136.2,47.8,46.4,46.3,46.3,13.00,21.30,6.67,5.94,23.02,23.02,5.94,7.06,12.23,0.77,2.66,0,0,0.0,0.0,8993,167,26584.8,300.7,0,
7.7.2026,20:5:34.445,26773,19221,58.2,16869,15813,51.6,0.6,13312,79,1.279,1.269,1.275,1.269,1.300,1.275,1.275,1.275,1.294,4002.2,4017.8,3992.8,3992.8,3992.8,4017.8,3992.8,3992.8,4017.8,99.8,3999.2,4016.3,3998.5,3998.4,3998.8,3998.5,3998.6,3999.4,3999.4,3996.9,3997.3,3997.9,3998.2,3996.9,3996.6,3997.5,3998.1,3999.2,100.0,100.0,100.0,100.0,100.0,100.0,100.0,100.0,100.0,100.0,100.0,100.0,100.0,100.0,100.0,100.0,100.0,100.0,100.0,111.3,111.3,111.3,111.3,111.3,111.3,111.3,111.3,111.3,111.3,111.3,111.3,111.3,111.3,111.3,111.3,111.3,111.3,40.1,40.2,40.0,40.0,40.0,40.2,40.0,40.0,40.2,0.0,100.0,100.0,100.0,100.0,100.0,100.0,100.0,100.0,100.0,0.0,0.0,0.0,0.0,0.0,0.0,0.0,0.0,0.0,0.0,0.0,0.0,0.0,0.0,0.0,0.0,0.0,0.0,1197.8,12.00,16,16,16,39,55,661,1,85.9,86.6,87.0,83.0,80.9,81.4,84.2,84.6,82.3,84.5,81.6,84.4,69.9,70.0,69.8,59.2,55.3,1.319,1.025,1.337,28.228,11.830,28.215,90.000,58.532,7.934,6.900,7.022,8.273,8.547,7.852,8.605,7.786,8.486,37.028,12.271,49.299,58.767,1197.8,1197.8,4016.3,4016.3,4016.3,4016.3,66.8,47.0,100.0,91.1,59.7,No,No,No,4.598,0.470,8.0,51,95.0,100.0,No,No,91258,99040,32,99.0,No,No,3320,18.4,1.6,20.0,14.677,16.009,21461,17949,0.0,0.0,0.0,0.000,0.000,50,0,67.9,87.2,83.0,1.075,12.087,12.126,12.122,12.013,1469,109.461,48.179,92.707,32.437,77.542,25.899,51.503,0.336,92.707,17.324,8.047,83.291,220.000,240.000,1920.0,1750.2,1680.0,1908.1,1815.0,46.0,10.0,0.0,2.0,84.6,6.1,24.4,0.0,0.0,0.0,43,Yes,No,No,Yes,Yes,No,No,50.1,54.7,5,0,0,0,0,0,0,0,0,131,0,0,0,0,0,0,0,0,0,0,0,0,0,0,0,0,0,0,0,0,1259,6933,6790,873,8.0,83.0,106.9,59.7,53.5,52.9,52.9,82.9,109.1,63.0,55.6,54.8,54.8,12.05,16.78,9.46,9.29,19.09,19.09,5.81,6.26,11.31,0.75,1.48,0,0,0.0,0.0,9016,167,10531.0,118.3,0,
7.7.2026,20:5:36.452,26772,19221,58.2,16900,15781,51.7,0.6,13312,79,1.284,1.269,1.275,1.300,1.300,1.294,1.269,1.294,1.269,4002.2,3992.8,3992.8,3992.8,4017.8,4017.8,3992.8,4017.8,3992.8,99.8,3994.2,4010.6,3992.9,3992.8,3993.0,3992.7,3993.2,3993.7,3994.0,3992.4,3992.7,3993.3,3993.9,3992.1,3992.4,3993.3,3993.8,3994.2,100.0,100.0,100.0,100.0,100.0,100.0,100.0,100.0,100.0,100.0,100.0,100.0,100.0,100.0,100.0,100.0,100.0,100.0,100.0,111.2,111.2,111.2,111.2,111.2,111.2,111.2,111.2,111.2,111.2,111.2,111.2,111.2,111.2,111.2,111.2,111.2,111.2,40.1,40.0,40.0,40.0,40.2,40.2,40.0,40.2,40.0,0.0,100.0,100.0,100.0,100.0,100.0,100.0,100.0,100.0,100.0,0.0,0.0,0.0,0.0,0.0,0.0,0.0,0.0,0.0,0.0,0.0,0.0,0.0,0.0,0.0,0.0,0.0,0.0,1197.8,12.00,16,16,16,39,55,661,1,87.9,88.8,84.5,85.4,83.0,84.2,85.2,86.9,84.4,87.3,84.0,88.1,71.2,71.2,71.2,60.2,56.1,1.325,1.031,1.331,31.010,11.801,31.009,90.000,62.262,8.340,7.431,7.796,8.140,8.793,8.153,8.978,8.169,9.258,40.568,12.259,52.827,62.354,1197.8,1197.8,4010.6,4010.6,4010.6,4010.6,70.9,51.7,100.0,93.4,60.8,No,No,No,4.705,0.426,8.0,50,95.0,100.0,No,No,91258,99040,32,99.0,No,No,3320,2.9,2.5,5.4,10.289,36.939,21481,18022,0.0,0.0,0.0,0.000,0.000,50,0,67.5,86.8,83.0,1.075,12.092,12.132,12.126,12.018,1475,107.575,44.926,87.188,30.693,74.949,25.610,49.212,0.336,87.188,18.522,7.686,67.877,220.000,240.000,1920.0,1750.2,1680.0,1907.9,1815.0,46.0,10.0,0.0,2.0,84.6,6.3,25.1,0.0,0.0,0.0,43,Yes,No,No,Yes,Yes,No,No,48.0,51.3,5,0,0,0,0,0,0,0,0,131,0,0,0,0,0,0,0,0,0,0,0,0,0,0,0,0,0,0,0,0,1259,6933,6790,874,8.0,77.8,121.8,44.5,41.5,41.2,41.2,77.8,117.7,45.3,41.4,41.0,41.0,12.86,22.39,8.36,6.91,24.42,24.42,5.86,6.99,12.08,0.78,2.15,0,0,0.0,0.0,9032,168,8142.1,94.7,0,
7.7.2026,20:5:38.452,26890,19104,58.4,16920,15762,51.7,0.6,13312,79,1.287,1.269,1.294,1.300,1.294,1.294,1.300,1.275,1.269,4008.4,3992.8,4017.8,4017.8,4017.8,4017.8,4017.8,3992.8,3992.8,99.8,3996.6,4012.4,3995.5,3995.2,3995.8,3995.4,3995.6,3996.1,3996.2,3994.6,3994.9,3995.8,3996.3,3995.0,3995.4,3995.7,3995.7,3996.6,100.0,100.0,100.0,100.0,100.0,100.0,100.0,100.0,100.0,100.0,100.0,100.0,100.0,100.0,100.0,100.0,100.0,100.0,100.0,111.2,111.2,111.2,111.2,111.2,111.2,111.2,111.2,111.2,111.2,111.2,111.2,111.2,111.2,111.2,111.2,111.2,111.2,40.2,40.0,40.2,40.2,40.2,40.2,40.2,40.0,40.0,0.0,100.0,100.0,100.0,100.0,100.0,100.0,100.0,100.0,100.0,0.0,0.0,0.0,0.0,0.0,0.0,0.0,0.0,0.0,0.0,0.0,0.0,0.0,0.0,0.0,0.0,0.0,0.0,1197.8,12.00,16,16,16,39,55,661,1,87.8,87.6,87.5,84.5,83.0,83.9,85.1,86.2,83.0,85.0,83.4,86.4,71.2,71.3,71.2,59.5,55.9,1.300,1.044,1.312,29.294,11.836,29.300,90.000,60.075,7.857,7.406,7.693,8.035,8.574,7.357,7.625,7.689,8.473,38.356,12.284,50.640,60.175,1197.8,1197.8,4012.4,4012.4,4012.4,4012.4,68.4,48.8,100.0,92.2,60.2,No,No,No,4.830,0.430,8.0,51,95.0,100.0,No,No,91258,99040,32,99.0,No,No,3320,3.4,1.6,4.9,14.828,13.758,21512,18050,0.0,0.0,0.0,0.000,0.000,50,0,67.2,85.9,83.0,1.075,12.095,12.136,12.128,12.022,1475,105.105,44.998,85.413,29.332,72.888,25.319,47.453,0.336,85.413,16.895,7.791,79.143,220.000,240.000,1920.0,1750.2,1680.0,1908.0,1815.0,41.0,9.0,0.0,2.0,86.2,5.4,21.7,0.0,0.0,0.0,43,Yes,No,No,Yes,Yes,No,No,48.6,44.6,5,0,0,0,0,0,0,0,0,131,0,0,0,0,0,0,0,0,0,0,0,0,0,0,0,0,0,0,0,0,1131,7061,6918,861,8.0,72.5,151.4,47.0,44.2,43.9,43.9,72.5,131.1,47.0,44.3,44.0,44.0,13.80,21.25,6.52,6.34,22.76,22.76,5.89,7.91,12.97,0.82,2.31,0,0,0.0,0.0,9052,168,8564.1,111.6,0,
7.7.2026,20:5:40.456,26869,19125,58.4,16898,15783,51.7,0.6,13312,79,1.285,1.300,1.269,1.294,1.300,1.269,1.300,1.275,1.275,3992.8,3992.8,3992.8,3992.8,3992.8,3992.8,3992.8,3992.8,3992.8,99.8,3993.2,4009.4,3992.4,3992.3,3992.9,3992.6,3992.3,3992.8,3993.4,3991.1,3991.7,3991.8,3992.2,3990.8,3990.9,3992.2,3992.3,3993.2,100.0,100.0,100.0,100.0,100.0,100.0,100.0,100.0,100.0,100.0,100.0,100.0,100.0,100.0,100.0,100.0,100.0,100.0,100.0,111.2,111.2,111.2,111.2,111.2,111.2,111.2,111.2,111.2,111.1,111.1,111.2,111.2,111.2,111.2,111.2,111.1,111.1,40.0,40.0,40.0,40.0,40.0,40.0,40.0,40.0,40.0,0.0,100.0,100.0,100.0,100.0,100.0,100.0,100.0,100.0,100.0,0.0,0.0,0.0,0.0,0.0,0.0,0.0,0.0,0.0,0.0,0.0,0.0,0.0,0.0,0.0,0.0,0.0,0.0,1197.8,12.00,16,16,16,39,55,661,1,88.1,88.9,83.0,85.6,83.6,84.8,85.8,87.0,84.6,87.1,84.1,88.1,71.7,71.7,71.6,61.0,56.3,1.319,1.038,1.331,30.638,11.839,30.633,90.000,61.696,8.288,7.435,7.802,8.264,8.827,8.031,8.957,7.984,9.002,40.042,12.292,52.334,61.868,1197.8,1197.8,4009.4,4009.4,4009.4,4009.4,70.3,51.1,100.0,93.5,60.6,No,No,No,4.883,0.421,8.0,51,95.0,100.0,No,No,91258,99040,32,99.0,No,No,3320,4.5,2.0,6.6,19.591,20.701,21538,18078,0.0,0.0,0.0,0.000,0.000,50,0,67.9,87.2,83.0,1.075,12.095,12.136,12.130,12.020,1473,110.570,48.250,94.996,33.726,79.102,26.192,52.773,0.336,94.996,17.881,7.415,75.086,220.000,240.000,1920.0,1750.2,1680.0,1908.0,1815.0,49.0,11.0,0.0,3.0,86.2,5.9,23.6,0.0,0.0,0.0,43,Yes,No,No,Yes,Yes,No,No,51.3,52.3,5,0,0,0,0,0,0,0,0,131,0,0,0,0,0,0,0,0,0,0,0,0,0,0,0,0,0,0,0,0,1131,7061,6918,861,8.0,82.0,157.0,28.1,20.2,19.5,19.5,82.0,143.9,28.5,20.7,20.1,20.1,12.19,35.53,6.30,6.14,51.09,51.09,5.79,6.41,11.48,0.71,3.44,0,0,0.0,0.0,9068,168,14905.1,188.0,0,
7.7.2026,20:5:42.458,27070,18923,58.8,17081,15601,52.2,0.6,13312,79,1.298,1.294,1.294,1.300,1.300,1.294,1.294,1.300,1.306,4014.6,4017.8,4017.8,4017.8,4017.8,4017.8,4017.8,3992.8,4017.8,99.8,4007.6,4020.5,4005.8,4006.3,4006.4,4005.9,4005.9,4007.2,4007.9,4005.3,4006.1,4007.3,4008.0,4006.6,4006.9,4007.8,4008.3,4007.6,100.0,100.0,100.0,100.0,100.0,100.0,100.0,100.0,100.0,100.0,100.0,100.0,100.0,100.0,100.0,100.0,100.0,100.0,100.0,111.5,111.5,111.5,111.5,111.5,111.5,111.5,111.5,111.5,111.5,111.5,111.5,111.5,111.5,111.5,111.5,111.5,111.5,40.2,40.2,40.2,40.2,40.2,40.2,40.2,40.0,40.2,0.0,100.0,100.0,100.0,100.0,100.0,100.0,100.0,100.0,100.0,0.0,0.0,0.0,0.0,0.0,0.0,0.0,0.0,0.0,0.0,0.0,0.0,0.0,0.0,0.0,0.0,0.0,0.0,1197.8,12.00,16,16,16,39,55,661,1,84.6,82.7,83.2,80.1,80.3,79.6,81.1,79.0,80.0,80.4,79.6,80.6,70.2,70.3,70.2,60.5,56.3,1.325,1.044,1.331,22.461,11.980,22.483,90.000,51.475,6.330,6.677,6.533,6.529,5.649,6.283,6.035,6.453,6.479,29.535,12.396,41.932,51.445,1197.8,1197.8,4020.5,4020.5,4020.5,4020.5,58.5,37.5,100.0,87.0,56.8,No,No,No,5.051,0.376,8.0,51,95.0,100.0,No,No,91258,99040,32,99.0,No,No,3320,0.1,0.1,0.2,0.095,1.698,21538,18082,0.0,0.0,0.0,0.000,0.000,50,0,67.0,85.6,83.0,1.075,12.108,12.149,12.140,12.034,1480,104.678,44.920,85.259,29.305,72.866,25.380,47.366,0.336,85.259,16.996,15.115,71.319,220.000,240.000,1920.0,1750.2,1680.0,1908.1,1815.0,38.0,9.0,0.0,2.0,86.2,6.0,24.2,0.0,0.0,0.0,43,Yes,No,No,Yes,Yes,No,No,49.4,52.4,5,0,0,0,0,0,0,0,0,131,0,0,0,0,0,0,0,0,0,0,0,0,0,0,0,0,0,0,0,0,1131,7061,6918,861,8.0,67.8,90.1,36.1,33.1,32.8,32.8,67.7,85.2,36.3,32.8,32.5,32.5,14.76,27.58,10.99,10.45,30.34,30.34,6.02,8.76,13.85,0.92,2.75,0,0,0.0,0.0,9069,168,16.5,0.9,0,
7.7.2026,20:5:44.464,27092,18901,58.9,17101,15581,52.3,0.6,13312,79,1.289,1.275,1.300,1.275,1.294,1.300,1.294,1.275,1.300,4011.5,3992.8,4017.8,4017.8,4017.8,4017.8,4017.8,3992.8,4017.8,99.8,4008.5,4022.4,4007.4,4008.1,4008.4,4007.4,4007.8,4008.7,4009.2,4005.7,4006.2,4007.3,4008.0,4006.4,4006.5,4007.7,4008.1,4008.5,100.0,100.0,100.0,100.0,100.0,100.0,100.0,100.0,100.0,100.0,100.0,100.0,100.0,100.0,100.0,100.0,100.0,100.0,100.0,111.6,111.6,111.6,111.6,111.6,111.6,111.6,111.6,111.6,111.5,111.5,111.6,111.6,111.6,111.6,111.5,111.5,111.5,40.2,40.0,40.2,40.2,40.2,40.2,40.2,40.0,40.2,0.0,100.0,100.0,100.0,100.0,100.0,100.0,100.0,100.0,100.0,0.0,0.0,0.0,0.0,0.0,0.0,0.0,0.0,0.0,0.0,0.0,0.0,0.0,0.0,0.0,0.0,0.0,0.0,1197.8,12.00,16,16,16,39,55,661,1,83.0,82.1,80.5,79.0,79.2,77.8,80.4,78.5,78.4,78.2,79.2,80.3,69.2,69.3,69.1,59.5,56.1,1.319,1.038,1.325,21.828,11.953,21.822,90.000,50.427,6.364,6.420,6.018,6.767,6.029,6.231,5.775,6.723,6.947,28.742,12.360,41.103,50.554,1197.8,1197.8,4022.3,4022.3,4022.3,4022.3,57.4,36.4,100.0,86.4,56.8,No,No,No,5.053,0.340,8.0,51,95.0,100.0,No,No,91258,99040,32,99.0,No,No,3320,0.2,0.1,0.3,0.115,2.160,21538,18086,0.0,0.0,0.0,0.000,0.000,50,0,67.8,86.9,83.0,1.075,12.101,12.143,12.135,12.025,1476,111.097,47.557,90.566,31.658,76.667,25.831,50.716,0.336,90.566,17.826,7.690,83.715,220.000,240.000,1920.0,1750.2,1680.0,1908.2,1815.0,45.0,10.0,0.0,2.0,86.2,6.6,26.5,0.0,0.0,0.0,43,Yes,No,No,Yes,Yes,No,No,49.6,46.7,5,0,0,0,0,0,0,0,0,131,0,0,0,0,0,0,0,0,0,0,0,0,0,0,0,0,0,0,0,0,1131,7061,6918,861,8.0,83.6,111.4,67.8,64.7,64.4,64.4,83.7,111.8,69.4,67.3,67.0,67.0,11.96,14.64,8.90,8.87,15.61,15.61,5.83,6.11,11.17,0.79,1.35,0,0,0.0,0.0,9069,168,0.8,0.2,0,
7.7.2026,20:5:46.466,27038,18955,58.7,17063,15619,52.2,0.6,13312,79,1.298,1.294,1.294,1.294,1.294,1.300,1.319,1.294,1.300,4017.8,4017.8,3992.8,4017.8,4017.8,4017.8,4042.7,4017.8,4017.8,99.8,4009.9,4024.0,4009.4,4009.1,4009.8,4009.2,4009.2,4009.8,4010.2,4007.2,4007.5,4008.6,4009.5,4007.8,4008.3,4009.3,4009.9,4009.9,100.0,100.0,100.0,100.0,100.0,100.0,100.0,100.0,100.0,100.0,100.0,100.0,100.0,100.0,100.0,100.0,100.0,100.0,100.0,111.6,111.6,111.6,111.6,111.6,111.6,111.6,111.6,111.6,111.6,111.6,111.6,111.6,111.6,111.6,111.6,111.6,111.7,40.2,40.2,40.0,40.2,40.2,40.2,40.5,40.2,40.2,0.0,100.0,100.0,100.0,100.0,100.0,100.0,100.0,100.0,100.0,0.0,0.0,0.0,0.0,0.0,0.0,0.0,0.0,0.0,0.0,0.0,0.0,0.0,0.0,0.0,0.0,0.0,0.0,1197.8,12.00,16,16,16,39,55,661,1,82.5,81.4,82.5,78.5,78.6,77.6,80.0,78.4,78.4,77.8,78.3,78.5,69.0,69.1,69.0,58.8,56.3,1.300,1.038,1.306,21.275,11.969,21.273,90.000,49.762,6.242,6.266,5.970,6.734,6.291,6.192,5.767,6.491,6.228,28.024,12.376,40.400,49.852,1197.8,1197.8,4023.9,4023.9,4023.9,4023.9,56.7,35.5,100.0,85.7,56.3,No,No,No,4.897,0.374,8.0,52,95.0,100.0,No,No,91258,99040,32,99.0,No,No,3320,1.2,0.1,1.3,1.014,1.200,21540,18088,0.0,0.0,0.0,0.000,0.000,50,0,68.0,87.3,83.0,1.075,12.098,12.140,12.132,12.022,1473,111.338,47.848,90.470,32.062,77.438,25.836,51.464,0.336,90.470,19.083,7.493,83.827,220.000,240.000,1920.0,1750.2,1680.0,1908.1,1815.0,45.0,10.0,0.0,2.0,86.2,5.9,23.7,0.0,0.0,0.0,43,Yes,No,No,Yes,Yes,No,No,51.6,50.2,5,0,0,0,0,0,0,0,0,131,0,0,0,0,0,0,0,0,0,0,0,0,0,0,0,0,0,0,0,0,1131,7061,6918,861,8.0,85.0,111.0,65.4,56.4,55.6,55.6,85.0,109.4,63.8,58.3,57.8,57.8,11.76,15.20,8.90,8.73,18.17,18.17,5.84,5.93,10.99,0.77,1.23,0,0,0.0,0.0,9069,168,2.5,1.3,0,
7.7.2026,20:5:48.463,27119,18874,58.9,17122,15560,52.3,0.6,13312,79,1.293,1.294,1.306,1.294,1.294,1.294,1.275,1.294,1.294,4011.5,4017.8,3992.8,4017.8,4017.8,4017.8,3992.8,4017.8,4017.8,99.8,4011.4,4024.1,4010.3,4010.7,4010.6,4010.4,4010.8,4011.5,4012.4,4009.0,4009.4,4010.4,4011.4,4009.1,4010.0,4011.3,4011.2,4011.4,100.0,100.0,100.0,100.0,100.0,100.0,100.0,100.0,100.0,100.0,100.0,100.0,100.0,100.0,100.0,100.0,100.0,100.0,100.0,111.6,111.7,111.7,111.7,111.7,111.7,111.7,111.7,111.7,111.6,111.6,111.6,111.6,111.6,111.6,111.6,111.6,111.6,40.2,40.2,40.0,40.2,40.2,40.2,40.0,40.2,40.2,0.0,100.0,100.0,100.0,100.0,100.0,100.0,100.0,100.0,100.0,0.0,0.0,0.0,0.0,0.0,0.0,0.0,0.0,0.0,0.0,0.0,0.0,0.0,0.0,0.0,0.0,0.0,0.0,1197.8,12.00,16,16,16,39,55,661,1,82.2,82.2,81.8,79.1,79.2,78.5,80.9,79.9,79.0,78.9,78.4,78.0,69.1,69.3,69.0,59.2,55.6,1.312,1.031,1.325,22.194,11.948,22.195,90.000,50.933,6.350,6.498,6.360,6.944,6.516,6.463,6.446,6.124,5.452,29.230,12.361,41.591,51.040,1197.8,1197.8,4024.2,4024.2,4024.2,4024.2,58.0,37.0,100.0,86.5,57.0,No,No,No,4.864,0.385,8.0,51,95.0,100.0,No,No,91258,99040,32,99.0,No,No,3320,0.4,0.1,0.4,0.066,1.422,21541,18090,0.0,0.0,0.0,0.000,0.000,50,0,67.8,87.1,83.0,1.075,12.092,12.132,12.127,12.017,1480,109.992,48.161,94.174,32.963,78.496,26.052,52.319,0.336,94.174,17.339,22.575,63.180,220.000,240.000,1920.0,1750.2,1680.0,1907.9,1815.0,47.0,10.0,0.0,2.0,86.2,6.5,25.8,0.0,0.0,0.0,43,Yes,No,No,Yes,Yes,No,No,50.7,35.6,5,0,0,0,0,0,0,0,0,131,0,0,0,0,0,0,0,0,0,0,0,0,0,0,0,0,0,0,0,0,1131,7061,6918,861,8.0,82.8,127.5,49.5,40.3,39.5,39.5,82.9,128.4,51.4,39.7,38.7,38.7,12.08,20.25,7.87,6.53,25.07,25.07,5.86,6.21,11.28,0.80,1.99,0,0,0.0,0.0,9069,168,0.6,0.0,0,
7.7.2026,20:5:50.478,26916,19078,58.5,16919,15762,51.7,0.6,13312,79,1.294,1.300,1.275,1.300,1.300,1.300,1.294,1.300,1.281,4014.6,4017.8,3992.8,4017.8,4017.8,4017.8,4017.8,4017.8,4017.8,99.8,4008.2,4022.2,4007.3,4007.5,4007.7,4007.4,4007.5,4008.1,4008.6,4005.8,4006.2,4007.2,4007.8,4005.6,4006.4,4007.6,4007.5,4008.2,100.0,100.0,100.0,100.0,100.0,100.0,100.0,100.0,100.0,100.0,100.0,100.0,100.0,100.0,100.0,100.0,100.0,100.0,100.0,111.6,111.6,111.6,111.6,111.6,111.6,111.6,111.6,111.6,111.6,111.6,111.6,111.6,111.6,111.6,111.6,111.6,111.6,40.2,40.2,40.0,40.2,40.2,40.2,40.2,40.2,40.2,0.0,100.0,100.0,100.0,100.0,100.0,100.0,100.0,100.0,100.0,0.0,0.0,0.0,0.0,0.0,0.0,0.0,0.0,0.0,0.0,0.0,0.0,0.0,0.0,0.0,0.0,0.0,0.0,1197.8,12.00,16,16,16,39,55,661,1,82.9,83.1,82.8,80.0,80.3,80.0,81.6,80.1,79.2,79.4,79.1,79.9,69.4,69.5,69.3,59.5,55.6,1.325,1.044,1.325,23.104,11.931,23.105,90.000,52.125,6.634,6.886,6.752,7.147,6.586,6.275,6.138,6.660,6.630,30.398,12.346,42.743,52.197,1197.8,1197.8,4022.2,4022.2,4022.2,4022.2,59.3,38.5,100.0,87.5,57.3,No,No,No,4.757,0.375,8.0,52,95.0,100.0,No,No,91258,99040,32,99.0,No,No,3320,0.2,0.6,0.8,0.161,8.876,21541,18105,0.0,0.0,0.0,0.000,0.000,50,0,68.5,88.0,83.0,1.075,12.092,12.132,12.127,12.017,1480,109.992,48.161,94.174,32.963,78.496,26.052,52.319,0.336,94.174,17.339,22.575,63.180,220.000,240.000,1920.0,1750.2,1680.0,1907.9,1815.0,47.0,10.0,0.0,2.0,86.2,6.5,25.8,0.0,0.0,0.0,43,Yes,No,No,Yes,Yes,No,No,50.7,35.6,5,0,0,0,0,0,0,0,0,131,0,0,0,0,0,0,0,0,0,0,0,0,0,0,0,0,0,0,0,0,1131,7061,6918,861,8.0,86.5,123.7,67.5,64.5,64.1,64.1,86.5,121.7,68.9,68.4,68.4,68.4,11.56,14.72,8.09,7.73,15.33,15.33,5.87,5.69,10.79,0.77,1.19,0,0,0.0,0.0,9069,168,0.9,8.9,0,
7.7.2026,20:5:52.467,26995,18998,58.6,17000,15682,52.0,0.6,13312,79,1.295,1.275,1.294,1.294,1.294,1.294,1.312,1.294,1.300,4020.9,4017.8,4017.8,4017.8,4017.8,4042.7,4017.8,4017.8,4017.8,99.8,4008.2,4022.0,4006.9,4006.9,4008.1,4007.4,4007.7,4008.1,4008.6,4005.9,4005.9,4007.0,4007.7,4006.4,4006.7,4007.8,4008.0,4008.2,100.0,100.0,100.0,100.0,100.0,100.0,100.0,100.0,100.0,100.0,100.0,100.0,100.0,100.0,100.0,100.0,100.0,100.0,100.0,111.5,111.6,111.6,111.6,111.6,111.6,111.6,111.6,111.6,111.5,111.5,111.5,111.5,111.5,111.5,111.5,111.5,111.5,40.3,40.2,40.2,40.2,40.2,40.5,40.2,40.2,40.2,0.0,100.0,100.0,100.0,100.0,100.0,100.0,100.0,100.0,100.0,0.0,0.0,0.0,0.0,0.0,0.0,0.0,0.0,0.0,0.0,0.0,0.0,0.0,0.0,0.0,0.0,0.0,0.0,1197.8,12.00,16,16,16,39,55,661,1,82.4,82.6,81.8,79.2,78.8,77.6,81.1,78.4,78.9,79.3,79.2,80.7,69.2,69.3,69.1,58.5,56.2,1.306,1.031,1.325,22.312,11.957,22.306,90.000,51.025,6.379,6.321,6.025,7.077,5.878,6.267,6.095,6.597,6.772,29.372,12.370,41.742,51.195,1197.8,1197.8,4022.0,4022.0,4022.0,4022.0,58.2,37.2,100.0,86.9,56.7,No,No,No,4.948,0.383,8.0,52,95.0,100.0,No,No,91258,99040,32,99.0,No,No,3320,0.1,0.1,0.2,0.130,0.133,21541,18105,0.0,0.0,0.0,0.000,0.000,50,0,68.5,88.0,83.0,1.075,12.090,12.131,12.126,12.014,1480,111.376,48.852,96.244,33.808,79.824,26.215,53.468,0.336,96.244,17.437,14.873,70.065,220.000,240.000,1920.0,1750.2,1680.0,1907.9,1815.0,46.0,10.0,0.0,2.0,86.2,6.0,24.2,0.0,0.0,0.0,43,Yes,No,No,Yes,Yes,No,No,51.7,53.9,5,0,0,0,0,0,0,0,0,131,0,0,0,0,0,0,0,0,0,0,0,0,0,0,0,0,0,0,0,0,1131,7061,6918,861,8.0,83.0,109.7,64.0,53.8,52.8,52.8,83.1,108.3,63.5,54.6,53.7,53.7,12.04,15.63,9.14,8.15,18.93,18.93,5.91,6.13,11.24,0.81,1.20,0,0,0.0,0.0,9069,168,0.1,0.1,0,
7.7.2026,20:5:54.464,27034,18959,58.7,17018,15663,52.0,0.6,13312,79,1.297,1.294,1.288,1.294,1.312,1.312,1.294,1.288,1.294,4020.9,4017.8,4017.8,4042.7,4017.8,4017.8,4017.8,4017.8,4017.8,99.8,4010.5,4024.0,4009.4,4009.6,4010.2,4009.8,4009.4,4010.1,4010.7,4007.8,4008.5,4009.5,4010.4,4008.6,4009.0,4010.3,4011.3,4010.5,100.0,100.0,100.0,100.0,100.0,100.0,100.0,100.0,100.0,100.0,100.0,100.0,100.0,100.0,100.0,100.0,100.0,100.0,100.0,111.6,111.6,111.6,111.6,111.6,111.6,111.6,111.6,111.6,111.6,111.6,111.6,111.6,111.6,111.6,111.6,111.6,111.6,40.3,40.2,40.2,40.5,40.2,40.2,40.2,40.2,40.2,0.0,100.0,100.0,100.0,100.0,100.0,100.0,100.0,100.0,100.0,0.0,0.0,0.0,0.0,0.0,0.0,0.0,0.0,0.0,0.0,0.0,0.0,0.0,0.0,0.0,0.0,0.0,0.0,1197.8,12.00,16,16,16,39,55,661,1,82.5,82.0,84.8,79.0,79.1,78.3,80.5,78.3,78.8,79.2,78.5,79.1,69.1,69.2,69.0,58.8,55.9,1.319,1.038,1.325,21.984,11.952,21.986,90.000,50.721,6.423,6.512,6.350,6.721,6.005,6.534,6.511,6.552,6.201,28.967,12.363,41.330,50.793,1197.8,1197.8,4024.0,4024.0,4024.0,4024.0,57.7,36.6,100.0,86.4,56.4,No,No,No,4.988,0.381,8.0,52,95.0,100.0,No,No,91258,99040,32,99.0,No,No,3320,0.1,0.1,0.1,0.189,0.133,21541,18106,0.0,0.0,0.0,0.000,0.000,50,0,68.4,87.8,83.0,1.075,12.093,12.133,12.128,12.016,1478,108.451,49.338,93.813,33.682,79.776,26.268,53.367,0.336,93.813,19.686,8.962,83.671,220.000,240.000,1920.0,1750.2,1680.0,1907.7,1815.0,46.0,11.0,0.0,2.0,86.2,6.2,24.8,0.0,0.0,0.0,43,Yes,No,No,Yes,Yes,No,No,51.6,54.0,5,0,0,0,0,0,0,0,0,131,0,0,0,0,0,0,0,0,0,0,0,0,0,0,0,0,0,0,0,0,1131,7061,6918,862,8.0,80.2,107.3,45.4,41.1,40.7,40.7,80.2,112.0,46.8,41.1,40.6,40.6,12.47,22.15,9.47,9.43,24.64,24.64,5.85,6.61,11.65,0.82,1.76,0,0,0.0,0.0,9069,168,0.5,0.7,0,
7.7.2026,20:5:56.470,27170,18823,59.0,17168,15514,52.5,0.6,13312,79,1.298,1.300,1.300,1.300,1.300,1.319,1.275,1.300,1.294,4011.5,3992.8,3992.8,4017.8,4017.8,4042.7,3992.8,4017.8,4017.8,99.8,4010.9,4024.6,4010.1,4010.3,4010.5,4010.5,4010.7,4011.2,4011.6,4008.5,4008.7,4010.1,4010.6,4008.9,4009.3,4009.8,4009.8,4010.9,100.0,100.0,100.0,100.0,100.0,100.0,100.0,100.0,100.0,100.0,100.0,100.0,100.0,100.0,100.0,100.0,100.0,100.0,100.0,111.6,111.7,111.7,111.7,111.7,111.7,111.7,111.7,111.7,111.6,111.6,111.6,111.6,111.6,111.6,111.6,111.6,111.6,40.2,40.0,40.0,40.2,40.2,40.5,40.0,40.2,40.2,0.0,100.0,100.0,100.0,100.0,100.0,100.0,100.0,100.0,100.0,0.0,0.0,0.0,0.0,0.0,0.0,0.0,0.0,0.0,0.0,0.0,0.0,0.0,0.0,0.0,0.0,0.0,0.0,1197.8,12.00,16,16,16,39,55,661,1,82.4,82.8,80.2,79.1,79.2,78.4,81.9,80.0,78.7,78.7,77.6,78.2,69.2,69.3,69.0,60.0,55.9,1.325,1.031,1.325,22.093,11.961,22.091,90.000,50.790,6.355,6.486,6.369,7.166,6.525,6.467,6.264,5.861,5.703,29.096,12.373,41.469,50.928,1197.8,1197.8,4024.6,4024.6,4024.6,4024.6,57.9,36.8,100.0,87.1,57.3,No,No,No,5.071,0.358,8.0,52,95.0,100.0,No,No,91258,99040,32,99.0,No,No,3320,0.0,0.1,0.1,0.078,0.078,21542,18106,0.0,0.0,0.0,0.000,0.000,50,0,67.5,86.3,83.0,1.075,12.099,12.141,12.133,12.025,1484,103.415,47.693,88.907,30.873,75.246,25.733,49.390,0.336,88.907,17.289,34.258,65.991,220.000,240.000,1920.0,1750.2,1680.0,1907.8,1815.0,35.0,8.0,0.0,2.0,86.2,4.6,18.6,0.0,0.0,0.0,43,Yes,No,No,Yes,Yes,No,No,48.3,47.2,5,0,0,0,0,0,0,0,0,131,0,0,0,0,0,0,0,0,0,0,0,0,0,0,0,0,0,0,0,0,1131,7061,6918,862,8.0,75.0,108.1,45.3,45.1,45.1,45.1,75.1,101.4,47.1,47.0,47.0,47.0,13.33,22.01,9.22,6.53,22.23,22.23,5.80,7.52,12.47,0.86,2.05,0,0,0.0,0.0,9069,168,6.4,35.7,0,
7.7.2026,20:5:58.478,26974,19020,58.6,16985,15697,51.9,0.6,13312,79,1.288,1.294,1.294,1.294,1.294,1.275,1.275,1.288,1.294,4017.8,4017.8,4017.8,4042.7,4017.8,4017.8,3992.8,4017.8,4017.8,99.8,4008.2,4022.2,4007.8,4008.2,4008.5,4008.0,4008.1,4008.8,4009.1,4005.6,4005.9,4006.6,4007.5,4005.7,4005.9,4006.5,4007.5,4008.2,100.0,100.0,100.0,100.0,100.0,100.0,100.0,100.0,100.0,100.0,100.0,100.0,100.0,100.0,100.0,100.0,100.0,100.0,100.0,111.6,111.6,111.6,111.6,111.6,111.6,111.6,111.6,111.6,111.5,111.5,111.5,111.5,111.5,111.5,111.5,111.5,111.6,40.2,40.2,40.2,40.5,40.2,40.2,40.0,40.2,40.2,0.0,100.0,100.0,100.0,100.0,100.0,100.0,100.0,100.0,100.0,0.0,0.0,0.0,0.0,0.0,0.0,0.0,0.0,0.0,0.0,0.0,0.0,0.0,0.0,0.0,0.0,0.0,0.0,1197.8,12.00,16,16,16,39,55,661,1,82.2,81.9,83.0,78.5,78.4,76.7,80.2,77.3,78.8,78.0,79.4,79.0,68.9,69.0,68.8,60.0,55.5,1.319,1.031,1.319,21.061,11.953,21.065,90.000,49.504,6.094,6.187,5.718,6.548,5.662,6.207,5.820,6.555,6.059,27.726,12.357,40.083,49.545,1197.8,1197.8,4022.2,4022.2,4022.2,4022.2,56.3,35.1,100.0,86.2,57.0,No,No,No,5.183,0.338,8.0,51,95.0,100.0,No,No,91258,99040,32,99.0,No,No,3320,0.1,0.1,0.1,0.083,0.205,21542,18106,0.0,0.0,0.0,0.000,0.000,50,0,68.3,87.8,83.0,1.075,12.093,12.133,12.128,12.017,1484,111.853,49.244,94.442,33.633,79.703,26.257,53.306,0.336,94.442,18.942,10.161,81.224,220.000,240.000,1920.0,1750.2,1680.0,1907.4,1815.0,47.0,11.0,0.0,2.0,86.2,6.4,25.4,0.0,0.0,0.0,43,Yes,No,No,Yes,Yes,No,No,51.5,52.9,5,0,0,0,0,0,0,0,0,131,0,0,0,0,0,0,0,0,0,0,0,0,0,0,0,0,0,0,0,0,1131,7061,6918,862,8.0,84.8,106.2,66.8,65.8,65.7,65.7,84.9,108.3,66.8,64.4,64.2,64.2,11.79,14.84,9.49,9.04,15.17,15.17,5.85,5.93,11.02,0.76,1.09,0,0,0.0,0.0,9069,168,2.9,4.2,0,
7.7.2026,20:6:0.478,27012,18982,58.7,17011,15670,52.0,0.6,13312,79,1.284,1.269,1.281,1.294,1.269,1.300,1.288,1.294,1.275,4014.6,3992.8,3992.8,4017.8,4017.8,4017.8,4042.7,4017.8,4017.8,99.8,4008.8,4023.1,4008.5,4008.6,4009.3,4008.4,4008.2,4008.9,4009.3,4006.3,4006.4,4007.7,4008.5,4006.0,4006.7,4007.8,4007.8,4008.8,100.0,100.0,100.0,100.0,100.0,100.0,100.0,100.0,100.0,100.0,100.0,100.0,100.0,100.0,100.0,100.0,100.0,100.0,100.0,111.6,111.6,111.6,111.6,111.6,111.6,111.6,111.6,111.6,111.6,111.6,111.6,111.6,111.6,111.6,111.6,111.6,111.6,40.2,40.0,40.0,40.2,40.2,40.2,40.5,40.2,40.2,0.0,100.0,100.0,100.0,100.0,100.0,100.0,100.0,100.0,100.0,0.0,0.0,0.0,0.0,0.0,0.0,0.0,0.0,0.0,0.0,0.0,0.0,0.0,0.0,0.0,0.0,0.0,0.0,1197.8,12.00,16,16,16,39,55,661,1,83.2,82.4,86.2,79.2,79.0,78.5,79.9,79.5,78.8,78.6,79.9,79.6,69.0,69.1,69.0,60.2,56.1,1.319,1.038,1.331,22.224,11.941,22.215,90.000,50.869,6.482,6.508,6.302,6.691,6.615,6.260,6.033,7.008,6.442,29.262,12.350,41.611,51.040,1197.8,1197.8,4023.1,4023.1,4023.1,4023.1,58.0,37.0,100.0,86.8,56.8,No,No,No,4.756,0.379,8.0,51,95.0,100.0,No,No,91258,99040,32,99.0,No,No,3320,0.4,0.2,0.6,0.433,0.467,21543,18107,0.0,0.0,0.0,0.000,0.000,50,0,68.6,88.6,83.0,1.075,12.093,12.127,12.123,12.012,1487,113.675,49.244,93.424,33.132,78.905,26.030,52.729,0.336,93.424,18.650,45.622,85.354,220.000,240.000,1920.0,1750.2,1680.0,1907.4,1815.0,47.0,11.0,0.0,2.0,86.2,6.4,25.4,0.0,0.0,0.0,43,Yes,No,No,Yes,Yes,No,No,51.5,52.9,5,0,0,0,0,0,0,0,0,131,0,0,0,0,0,0,0,0,0,0,0,0,0,0,0,0,0,0,0,0,1131,7061,6918,862,8.0,85.3,124.0,55.9,31.8,30.4,30.4,85.3,123.9,53.5,32.3,30.9,30.9,11.72,17.91,7.93,7.12,32.86,32.86,5.86,5.86,10.96,0.76,1.67,0,0,0.0,0.0,9069,168,3.2,0.5,0,
7.7.2026,20:6:2.477,26802,19192,58.2,16808,15874,51.4,0.6,13312,79,1.290,1.281,1.294,1.294,1.288,1.300,1.300,1.269,1.294,4014.6,4017.8,3992.8,4017.8,4017.8,4017.8,4017.8,4017.8,4017.8,99.8,4001.2,4016.3,4000.2,4000.8,4001.3,4000.6,4000.6,4001.2,4002.0,3999.0,3999.3,4000.4,4000.3,3997.3,3999.1,4000.1,4000.3,4001.2,100.0,100.0,100.0,100.0,100.0,100.0,100.0,100.0,100.0,100.0,100.0,100.0,100.0,100.0,100.0,100.0,100.0,100.0,100.0,111.4,111.4,111.4,111.4,111.4,111.4,111.4,111.4,111.4,111.4,111.4,111.3,111.4,111.4,111.4,111.4,111.4,111.4,40.2,40.2,40.0,40.2,40.2,40.2,40.2,40.2,40.2,0.0,100.0,100.0,100.0,100.0,100.0,100.0,100.0,100.0,100.0,0.0,0.0,0.0,0.0,0.0,0.0,0.0,0.0,0.0,0.0,0.0,0.0,0.0,0.0,0.0,0.0,0.0,0.0,1197.8,12.00,16,16,16,39,55,661,1,84.4,85.9,83.5,82.3,81.1,80.9,83.2,82.0,81.8,83.3,82.2,83.5,70.1,70.2,70.0,60.8,56.1,1.325,1.038,1.331,25.941,11.886,25.950,90.000,55.794,7.225,6.923,6.797,7.549,7.121,7.221,7.670,7.208,7.313,34.055,12.316,46.371,55.843,1197.8,1197.8,4016.3,4016.3,4016.3,4016.3,63.5,43.2,100.0,90.5,58.6,No,No,No,4.610,0.394,8.0,51,95.0,100.0,No,No,91258,99040,32,99.0,No,No,3320,1.2,0.2,1.5,1.626,0.718,21546,18109,0.0,0.0,0.0,0.000,0.000,50,0,68.6,88.6,83.0,1.075,12.087,12.127,12.123,12.012,1487,113.675,52.761,93.424,33.132,78.905,26.030,52.729,0.336,93.424,18.650,45.622,85.354,220.000,240.000,1920.0,1750.2,1680.0,1907.8,1815.0,48.0,11.0,0.0,2.0,86.2,6.6,26.2,0.0,0.0,0.0,43,Yes,No,No,Yes,Yes,No,No,52.4,56.7,5,0,0,0,0,0,0,0,0,131,0,0,0,0,0,0,0,0,0,0,0,0,0,0,0,0,0,0,0,0,1131,7061,6918,862,8.0,87.0,119.4,62.1,46.9,45.6,45.6,87.0,111.0,62.8,46.3,45.0,45.0,11.50,16.03,8.27,8.20,22.02,22.02,5.81,5.68,10.73,0.77,1.42,0,0,0.0,0.0,9069,168,35.6,4.4,0,
7.7.2026,20:6:4.464,26872,19122,58.4,16885,15797,51.6,0.6,13312,79,1.289,1.300,1.275,1.300,1.300,1.275,1.300,1.294,1.269,4008.4,3992.8,3992.8,4017.8,4017.8,3992.8,4017.8,4017.8,4017.8,99.8,4000.9,4016.3,4000.5,4000.6,4000.7,4000.5,4000.6,4000.9,4001.0,3998.0,3998.1,3999.6,4000.0,3999.5,3998.7,3999.5,3999.7,4000.9,100.0,100.0,100.0,100.0,100.0,100.0,100.0,100.0,100.0,100.0,100.0,100.0,100.0,100.0,100.0,100.0,100.0,100.0,100.0,111.4,111.4,111.4,111.4,111.4,111.4,111.4,111.4,111.4,111.4,111.4,111.4,111.4,111.4,111.4,111.4,111.4,111.4,40.2,40.0,40.0,40.2,40.2,40.0,40.2,40.2,40.2,0.0,100.0,100.0,100.0,100.0,100.0,100.0,100.0,100.0,100.0,0.0,0.0,0.0,0.0,0.0,0.0,0.0,0.0,0.0,0.0,0.0,0.0,0.0,0.0,0.0,0.0,0.0,0.0,1197.8,12.00,16,16,16,39,55,661,1,85.5,85.7,88.5,82.6,82.3,82.5,83.5,83.7,81.0,81.8,81.9,83.8,70.4,70.5,70.3,58.8,56.0,1.294,1.050,1.312,26.297,11.900,26.287,90.000,56.119,7.448,7.367,7.421,7.776,7.876,6.789,6.680,7.541,8.135,34.515,12.331,46.846,56.317,1197.8,1197.8,4016.3,4016.3,4016.3,4016.3,64.0,43.8,100.0,90.2,58.5,No,No,No,4.766,0.396,8.0,51,95.0,100.0,No,No,91258,99040,32,99.0,No,No,3320,1.6,0.1,1.7,4.604,0.329,21554,18109,0.0,0.0,0.0,0.000,0.000,50,0,68.6,88.3,83.0,1.075,12.094,12.133,12.129,12.019,1487,112.386,48.482,92.537,32.832,78.802,26.020,52.642,0.336,92.537,19.146,16.142,73.819,220.000,240.000,1920.0,1750.2,1680.0,1907.6,1815.0,47.0,11.0,0.0,2.0,86.2,6.5,26.0,0.0,0.0,0.0,43,Yes,No,No,Yes,Yes,No,No,50.8,46.9,5,0,0,0,0,0,0,0,0,131,0,0,0,0,0,0,0,0,0,0,0,0,0,0,0,0,0,0,0,0,1127,7065,6922,863,8.0,87.8,111.3,66.3,55.8,54.8,54.8,87.8,105.1,66.6,59.4,58.7,58.7,11.38,15.14,8.98,8.95,18.15,18.15,5.83,5.56,10.64,0.74,1.25,0,0,0.0,0.0,9069,168,5.2,1.7,0,
7.7.2026,20:6:6.463,26770,19224,58.2,16788,15893,51.3,0.6,13312,79,1.287,1.294,1.306,1.275,1.294,1.275,1.275,1.300,1.275,4002.2,3992.8,4017.8,3992.8,3992.8,3992.8,4017.8,4017.8,3992.8,99.8,3996.4,4012.0,3995.0,3995.2,3996.0,3995.4,3995.3,3996.2,3996.8,3993.8,3994.3,3995.2,3996.3,3994.2,3994.9,3995.8,3995.5,3996.4,100.0,100.0,100.0,100.0,100.0,100.0,100.0,100.0,100.0,100.0,100.0,100.0,100.0,100.0,100.0,100.0,100.0,100.0,100.0,111.2,111.2,111.2,111.2,111.2,111.2,111.2,111.2,111.2,111.2,111.2,111.2,111.2,111.2,111.2,111.2,111.2,111.2,40.1,40.0,40.2,40.0,40.0,40.0,40.2,40.2,40.0,0.0,100.0,100.0,100.0,100.0,100.0,100.0,100.0,100.0,100.0,0.0,0.0,0.0,0.0,0.0,0.0,0.0,0.0,0.0,0.0,0.0,0.0,0.0,0.0,0.0,0.0,0.0,0.0,1197.8,12.00,16,16,16,39,55,661,1,86.5,87.7,89.8,84.0,83.0,83.6,85.8,86.4,81.4,82.3,83.3,86.1,71.1,71.2,71.0,61.0,56.4,1.325,1.038,1.337,28.021,11.877,28.016,90.000,58.338,7.703,7.452,7.636,8.476,8.799,6.496,6.409,7.745,8.614,36.700,12.318,49.018,58.512,1197.8,1197.8,4012.0,4012.0,4012.0,4012.0,66.5,46.7,100.0,92.3,59.4,No,No,No,4.667,0.420,8.0,51,95.0,100.0,No,No,91258,99040,32,99.0,No,No,3320,1.9,0.4,2.3,4.521,8.776,21562,18124,0.0,0.0,0.0,0.000,0.000,50,0,68.8,88.4,83.0,1.075,12.089,12.129,12.124,12.013,1491,113.962,49.511,99.201,34.748,81.997,26.320,55.554,0.336,99.201,17.609,7.540,72.608,220.000,240.000,1920.0,1750.2,1680.0,1907.5,1815.0,50.0,11.0,0.0,3.0,86.2,6.9,27.7,0.0,0.0,0.0,43,Yes,No,No,Yes,Yes,No,No,52.2,54.1,5,0,0,0,0,0,0,0,0,131,0,0,0,0,0,0,0,0,0,0,0,0,0,0,0,0,0,0,0,0,1131,7061,6918,863,8.0,89.9,140.8,69.3,49.7,48.2,48.2,89.8,135.5,67.0,49.6,48.2,48.2,11.13,14.43,7.10,6.45,20.73,20.73,5.75,5.38,10.40,0.72,1.10,0,0,0.0,0.0,9069,168,0.9,0.4,0,
7.7.2026,20:6:8.477,26733,19261,58.1,16769,15912,51.3,0.6,13312,79,1.270,1.269,1.269,1.275,1.269,1.269,1.275,1.269,1.269,3995.9,3992.8,3992.8,3992.8,3992.8,3992.8,4017.8,3992.8,3992.8,99.8,3992.6,4008.0,3991.5,3991.6,3991.8,3991.7,3991.9,3992.6,3993.1,3989.6,3990.7,3991.5,3992.3,3990.2,3990.5,3991.9,3992.4,3992.6,100.0,100.0,100.0,100.0,100.0,100.0,100.0,100.0,100.0,100.0,100.0,100.0,100.0,100.0,100.0,100.0,100.0,100.0,100.0,111.1,111.1,111.1,111.1,111.1,111.1,111.1,111.1,111.1,111.1,111.1,111.1,111.1,111.1,111.1,111.1,111.1,111.1,40.0,40.0,40.0,40.0,40.0,40.0,40.2,40.0,40.0,0.0,100.0,100.0,100.0,100.0,100.0,100.0,100.0,100.0,100.0,0.0,0.0,0.0,0.0,0.0,0.0,0.0,0.0,0.0,0.0,0.0,0.0,0.0,0.0,0.0,0.0,0.0,0.0,1197.8,12.00,16,16,16,39,55,661,1,88.4,89.2,90.2,85.7,84.1,85.0,86.5,87.4,83.7,86.0,84.5,88.5,71.9,72.0,71.8,61.0,56.9,1.294,1.031,1.312,30.146,11.852,30.142,90.000,61.064,8.250,7.706,7.966,8.567,8.928,7.463,8.057,8.053,9.259,39.387,12.304,51.692,61.206,1197.8,1197.8,4008.0,4008.0,4008.0,4008.0,69.6,50.2,100.0,93.9,60.0,No,No,No,4.566,0.429,8.0,51,95.0,100.0,No,No,91258,99040,32,99.0,No,No,3320,0.4,0.3,0.7,0.352,5.429,21563,18135,0.0,0.0,0.0,0.000,0.000,50,0,68.6,88.2,83.0,1.075,12.089,12.128,12.125,12.014,1491,112.912,48.905,96.106,34.129,80.277,26.322,53.820,0.336,96.106,18.356,7.460,76.137,220.000,240.000,1920.0,1750.2,1680.0,1907.5,1815.0,46.0,11.0,0.0,2.0,86.2,6.9,27.5,0.0,0.0,0.0,43,Yes,No,No,Yes,Yes,No,No,52.0,57.2,5,0,0,0,0,0,0,0,0,131,0,0,0,0,0,0,0,0,0,0,0,0,0,0,0,0,0,0,0,0,1131,7061,6918,863,8.0,89.9,103.0,73.2,65.8,65.1,65.1,89.9,104.1,75.1,67.0,66.2,66.2,11.13,13.65,9.70,9.58,15.32,15.32,5.76,5.36,10.43,0.70,0.97,0,0,0.0,0.0,9069,168,0.3,0.6,0,
7.7.2026,20:6:10.481,26827,19167,58.3,16859,15823,51.5,0.6,13312,79,1.278,1.262,1.281,1.269,1.294,1.294,1.275,1.275,1.275,3992.8,3992.8,3992.8,3992.8,3992.8,3992.8,3992.8,3992.8,3992.8,99.8,3991.5,4006.2,3989.7,3990.1,3990.6,3989.8,3990.6,3990.8,3991.7,3988.9,3990.0,3991.2,3991.9,3989.0,3990.0,3991.4,3992.0,3991.5,100.0,100.0,100.0,100.0,100.0,100.0,100.0,100.0,100.0,100.0,100.0,100.0,100.0,100.0,100.0,100.0,100.0,100.0,100.0,111.1,111.1,111.1,111.1,111.1,111.1,111.1,111.1,111.1,111.1,111.1,111.1,111.1,111.1,111.1,111.1,111.1,111.1,40.0,40.0,40.0,40.0,40.0,40.0,40.0,40.0,40.0,0.0,100.0,100.0,100.0,100.0,100.0,100.0,100.0,100.0,100.0,0.0,0.0,0.0,0.0,0.0,0.0,0.0,0.0,0.0,0.0,0.0,0.0,0.0,0.0,0.0,0.0,0.0,0.0,1197.8,12.00,16,16,16,39,55,661,1,89.0,90.0,88.8,86.6,84.1,85.3,87.0,88.0,85.3,88.6,84.7,89.4,72.6,72.7,72.6,61.0,57.3,1.300,1.038,1.312,30.768,11.852,30.777,90.000,62.007,8.168,7.458,7.711,8.316,8.756,7.789,8.622,7.771,8.920,40.155,12.307,52.462,62.015,1197.8,1197.8,4006.2,4006.2,4006.2,4006.2,70.5,51.3,100.0,94.7,59.9,No,No,No,4.623,0.413,8.0,51,95.0,100.0,No,No,91258,99040,32,99.0,No,No,3320,0.1,0.2,0.3,0.146,2.449,21563,18139,0.0,0.0,0.0,0.000,0.000,50,0,69.2,89.2,83.0,1.075,12.086,12.126,12.122,12.011,1496,114.496,50.449,97.702,34.535,81.377,26.520,54.713,0.336,97.702,18.242,7.574,85.786,220.000,240.000,1920.0,1750.2,1680.0,1907.4,1815.0,51.0,12.0,0.0,3.0,86.2,7.4,29.7,0.0,0.0,0.0,44,Yes,No,No,Yes,Yes,No,No,52.9,55.7,5,0,0,0,0,0,0,0,0,131,0,0,0,0,0,0,0,0,0,0,0,0,0,0,0,0,0,0,0,0,1131,7061,6918,863,8.0,78.8,102.2,47.6,46.2,46.1,46.1,78.9,101.4,49.6,47.7,47.5,47.5,12.68,21.17,9.75,9.57,21.83,21.83,5.84,6.84,11.91,0.77,1.63,0,0,0.0,0.0,9069,168,7.0,111.2,0,
7.7.2026,20:6:12.499,26791,19203,58.2,16829,15853,51.4,0.6,13312,79,1.277,1.306,1.275,1.269,1.269,1.269,1.269,1.275,1.281,3992.8,3992.8,3992.8,3992.8,3992.8,3992.8,3992.8,3992.8,3992.8,99.8,3991.6,4007.6,3990.4,3990.7,3990.8,3990.9,3990.6,3991.6,3991.5,3989.1,3989.3,3990.5,3991.0,3989.5,3989.8,3990.5,3991.0,3991.6,100.0,100.0,100.0,100.0,100.0,100.0,100.0,100.0,100.0,100.0,100.0,100.0,100.0,100.0,100.0,100.0,100.0,100.0,100.0,111.1,111.1,111.1,111.1,111.1,111.1,111.1,111.1,111.1,111.1,111.1,111.1,111.1,111.1,111.1,111.1,111.1,111.1,40.0,40.0,40.0,40.0,40.0,40.0,40.0,40.0,40.0,0.0,100.0,100.0,100.0,100.0,100.0,100.0,100.0,100.0,100.0,0.0,0.0,0.0,0.0,0.0,0.0,0.0,0.0,0.0,0.0,0.0,0.0,0.0,0.0,0.0,0.0,0.0,0.0,1197.8,12.00,16,16,16,39,55,661,1,89.5,89.2,90.5,86.0,84.2,85.2,87.0,87.7,84.7,87.2,84.1,88.1,72.4,72.5,72.3,60.0,57.0,1.294,1.038,1.312,29.785,11.857,29.770,90.000,60.469,8.246,7.423,7.732,8.575,8.805,7.941,8.705,7.787,9.002,38.888,12.308,51.196,60.719,1197.8,1197.8,4007.6,4007.6,4007.6,4007.6,69.0,49.6,100.0,93.8,59.9,No,No,No,4.911,0.381,8.0,51,95.0,100.0,No,No,91258,99040,32,99.0,No,No,3320,0.5,0.3,0.8,1.789,3.404,21566,18146,0.0,0.0,0.0,0.000,0.000,50,0,69.0,88.7,83.0,1.075,12.086,12.126,12.122,12.011,1500,106.899,49.678,96.508,34.073,80.150,26.401,53.617,0.336,96.508,17.754,7.468,83.961,220.000,240.000,1920.0,1750.2,1680.0,1907.7,1815.0,44.0,10.0,0.0,2.0,86.2,5.7,22.8,0.0,0.0,0.0,44,Yes,No,No,Yes,Yes,No,No,54.5,55.4,5,0,0,0,0,0,0,0,0,131,0,0,0,0,0,0,0,0,0,0,0,0,0,0,0,0,0,0,0,0,1131,7061,6917,865,8.0,88.2,145.6,47.3,46.0,45.9,45.9,88.2,145.5,49.0,48.0,47.9,47.9,11.34,21.29,6.67,5.84,21.90,21.90,5.76,5.57,10.61,0.73,1.72,0,0,0.0,0.0,9069,168,3.6,1.5,0,
7.7.2026,20:6:14.487,27013,18981,58.7,17054,15628,52.1,0.6,13312,79,1.302,1.300,1.294,1.319,1.325,1.300,1.275,1.300,1.300,4017.8,4017.8,4017.8,4017.8,4042.7,4017.8,3992.8,4017.8,4017.8,99.8,3998.4,4010.6,3994.5,3994.9,3995.6,3995.8,3996.9,3997.7,3999.4,3996.9,3997.6,3998.4,3999.6,3997.9,3998.3,3999.3,4000.6,3998.4,100.0,100.0,100.0,100.0,100.0,100.0,100.0,100.0,100.0,100.0,100.0,100.0,100.0,100.0,100.0,100.0,100.0,100.0,100.0,111.2,111.2,111.2,111.2,111.2,111.2,111.2,111.2,111.2,111.2,111.2,111.2,111.2,111.2,111.2,111.2,111.2,111.2,40.2,40.2,40.2,40.2,40.5,40.2,40.0,40.2,40.2,0.0,100.0,100.0,100.0,100.0,100.0,100.0,100.0,100.0,100.0,0.0,0.0,0.0,0.0,0.0,0.0,0.0,0.0,0.0,0.0,0.0,0.0,0.0,0.0,0.0,0.0,0.0,0.0,1197.8,12.00,16,16,16,39,55,661,1,86.8,87.9,78.2,84.4,83.3,83.5,85.5,85.1,83.5,85.0,83.1,85.7,72.4,72.5,72.3,60.8,57.0,1.300,1.038,1.300,26.963,11.953,26.993,90.000,57.352,6.984,7.081,7.105,7.383,7.063,6.605,6.724,6.782,7.126,35.252,12.392,47.644,57.214,1197.8,1197.8,4010.6,4010.6,4010.6,4010.6,65.0,45.0,100.0,92.5,58.6,No,No,No,4.841,0.413,8.0,51,95.0,100.0,No,No,91258,99040,32,99.0,No,No,3320,3.3,1.9,5.2,1.904,4.665,21571,18158,0.0,0.0,0.0,0.000,0.000,50,0,68.5,87.9,83.0,1.075,12.091,12.131,12.125,12.017,1502,114.580,49.628,91.720,31.771,76.972,25.885,50.953,0.336,91.720,17.086,45.312,64.525,220.000,240.000,1920.0,1750.2,1680.0,1907.4,1815.0,46.0,10.0,0.0,2.0,86.2,7.4,29.5,0.0,0.0,0.0,44,Yes,No,No,Yes,Yes,No,No,50.9,47.0,5,0,0,0,0,0,0,0,0,131,0,0,0,0,0,0,0,0,0,0,0,0,0,0,0,0,0,0,0,0,1131,7061,6917,865,8.0,78.6,94.6,61.6,59.2,58.9,58.9,78.6,93.8,62.3,61.1,61.0,61.0,12.72,16.23,10.47,10.47,16.80,16.80,6.00,6.73,11.85,0.87,1.38,0,0,0.0,0.0,9069,168,0.2,0.2,0,
7.7.2026,20:6:16.477,27105,18889,58.9,17136,15545,52.4,0.6,13312,79,1.295,1.294,1.294,1.300,1.294,1.288,1.294,1.300,1.294,4017.8,4017.8,4017.8,4017.8,4017.8,4017.8,4017.8,4017.8,4017.8,99.8,4008.1,4021.7,4007.1,4007.6,4008.1,4007.9,4007.6,4008.6,4008.8,4006.1,4006.5,4007.0,4007.9,4006.2,4004.0,4007.2,4006.8,4008.1,100.0,100.0,100.0,100.0,100.0,100.0,100.0,100.0,100.0,100.0,100.0,100.0,100.0,100.0,100.0,100.0,100.0,100.0,100.0,111.6,111.6,111.6,111.6,111.6,111.6,111.6,111.6,111.6,111.5,111.6,111.6,111.6,111.6,111.6,111.5,111.6,111.6,40.2,40.2,40.2,40.2,40.2,40.2,40.2,40.2,40.2,0.0,100.0,100.0,100.0,100.0,100.0,100.0,100.0,100.0,100.0,0.0,0.0,0.0,0.0,0.0,0.0,0.0,0.0,0.0,0.0,0.0,0.0,0.0,0.0,0.0,0.0,0.0,0.0,1197.8,12.00,16,16,16,39,55,661,1,85.0,80.8,82.0,78.0,79.1,77.6,79.9,76.6,78.2,77.2,77.8,77.7,69.8,69.9,69.7,60.5,57.1,1.325,1.031,1.325,18.913,12.019,18.911,90.000,46.636,5.709,6.206,5.757,6.246,4.932,5.864,5.280,5.841,5.542,24.889,12.413,37.303,46.762,1197.8,1197.8,4021.7,4021.7,4021.7,4021.7,53.1,31.5,100.0,85.1,55.3,No,No,No,5.177,0.327,8.0,51,95.0,100.0,No,No,91258,99040,32,99.0,No,No,3320,0.1,0.0,0.1,0.119,0.014,21571,18158,0.0,0.0,0.0,0.000,0.000,50,0,67.9,87.0,83.0,1.075,12.102,12.144,12.134,12.030,1502,108.426,41.322,81.394,27.493,70.447,25.118,45.218,0.336,81.394,16.639,7.633,57.544,220.000,240.000,1920.0,1750.2,1680.0,1907.9,1815.0,37.0,8.0,0.0,1.0,86.2,5.5,22.1,0.0,0.0,0.0,44,Yes,No,No,Yes,Yes,No,No,44.6,50.9,5,0,0,0,0,0,0,0,0,131,0,0,0,0,0,0,0,0,0,0,0,0,0,0,0,0,0,0,0,0,1131,7061,6917,865,8.0,72.1,145.7,34.0,30.7,30.4,30.4,72.1,155.5,34.0,30.6,30.3,30.3,13.87,29.50,6.81,6.19,32.79,32.79,5.85,8.03,13.00,0.87,2.76,0,0,0.0,0.0,9069,168,0.1,0.3,0,
7.7.2026,20:6:18.579,27041,18953,58.7,17079,15602,52.2,0.6,13312,79,1.291,1.269,1.294,1.294,1.294,1.294,1.300,1.281,1.300,4017.8,4017.8,4017.8,4017.8,4017.8,4017.8,4017.8,4017.8,4017.8,99.8,4002.4,4017.6,4000.7,4000.6,4001.3,4001.2,4001.3,4001.8,4002.3,3999.7,4000.3,4001.4,4002.3,4000.8,4002.5,4001.7,4002.0,4002.4,100.0,100.0,100.0,100.0,100.0,100.0,100.0,100.0,100.0,100.0,100.0,100.0,100.0,100.0,100.0,100.0,100.0,100.0,100.0,111.4,111.4,111.4,111.4,111.4,111.4,111.4,111.4,111.4,111.4,111.4,111.4,111.4,111.4,111.4,111.4,111.4,111.4,40.2,40.2,40.2,40.2,40.2,40.2,40.2,40.2,40.2,0.0,100.0,100.0,100.0,100.0,100.0,100.0,100.0,100.0,100.0,0.0,0.0,0.0,0.0,0.0,0.0,0.0,0.0,0.0,0.0,0.0,0.0,0.0,0.0,0.0,0.0,0.0,0.0,1197.8,12.00,16,16,16,39,55,661,1,84.8,84.3,80.2,81.1,81.3,80.7,82.6,80.2,80.7,81.8,80.1,81.7,70.3,70.4,70.2,61.8,57.1,1.331,1.031,1.325,23.490,11.929,23.480,90.000,52.481,6.674,6.867,6.845,7.080,6.032,6.561,6.685,6.532,6.794,30.854,12.350,43.204,52.654,1197.8,1197.8,4017.6,4017.6,4017.6,4017.6,59.8,39.1,100.0,88.7,57.4,No,No,No,4.818,0.386,8.0,51,95.0,100.0,No,No,91258,99040,32,99.0,No,No,3320,0.2,0.3,0.5,0.135,0.985,21571,18159,0.0,0.0,0.0,0.000,0.000,50,0,68.7,88.3,83.0,1.075,12.095,12.135,12.129,12.019,1502,111.120,48.505,93.294,32.085,78.380,25.998,52.246,0.336,93.294,17.236,7.909,84.268,220.000,240.000,1920.0,1750.2,1680.0,1907.9,1815.0,49.0,11.0,0.0,3.0,86.2,5.2,20.8,0.0,0.0,0.0,44,Yes,No,No,Yes,Yes,No,No,50.2,54.5,5,0,0,0,0,0,0,0,0,131,0,0,0,0,0,0,0,0,0,0,0,0,0,0,0,0,0,0,0,0,1131,7061,6917,865,8.0,84.8,158.9,58.6,49.6,48.8,48.8,84.8,165.7,58.7,49.3,48.5,48.5,11.80,17.03,6.29,5.71,20.58,20.58,5.81,5.98,11.00,0.80,1.27,0,0,0.0,0.0,9069,168,4.4,1.2,0,
7.7.2026,20:6:20.478,27075,18919,58.8,17110,15572,52.3,0.6,13312,79,1.295,1.300,1.294,1.300,1.300,1.294,1.294,1.275,1.306,4011.5,4017.8,4017.8,4017.8,3992.8,4017.8,4017.8,3992.8,4017.8,99.8,4005.3,4019.9,4004.4,4004.8,4005.1,4004.9,4004.9,4005.5,4005.8,4003.0,4003.7,4004.4,4004.9,4002.5,4003.1,4004.0,4004.4,4005.3,100.0,100.0,100.0,100.0,100.0,100.0,100.0,100.0,100.0,100.0,100.0,100.0,100.0,100.0,100.0,100.0,100.0,100.0,100.0,111.5,111.5,111.5,111.5,111.5,111.5,111.5,111.5,111.5,111.5,111.5,111.5,111.5,111.5,111.5,111.5,111.5,111.5,40.2,40.2,40.2,40.2,40.0,40.2,40.2,40.0,40.2,0.0,100.0,100.0,100.0,100.0,100.0,100.0,100.0,100.0,100.0,0.0,0.0,0.0,0.0,0.0,0.0,0.0,0.0,0.0,0.0,0.0,0.0,0.0,0.0,0.0,0.0,0.0,0.0,1197.8,12.00,16,16,16,39,55,661,1,84.2,83.3,86.8,79.8,79.9,78.8,81.7,80.9,78.8,78.3,79.9,80.3,70.0,70.1,69.9,61.2,56.8,1.319,1.044,1.337,21.638,11.959,21.643,90.000,50.180,6.295,6.433,6.030,6.737,6.593,5.891,5.399,6.628,6.651,28.443,12.370,40.813,50.272,1197.8,1197.8,4019.9,4019.9,4019.9,4019.9,57.1,36.1,100.0,87.7,57.0,No,No,No,4.825,0.381,8.0,51,95.0,100.0,No,No,91258,99040,32,99.0,No,No,3320,0.5,0.3,0.8,0.373,0.679,21572,18161,0.0,0.0,0.0,0.000,0.000,50,0,68.8,88.3,83.0,1.075,12.090,12.130,12.125,12.014,1502,110.599,48.856,96.496,34.157,80.123,26.370,53.609,0.336,96.496,17.822,7.575,75.575,220.000,240.000,1920.0,1750.2,1680.0,1907.9,1815.0,47.0,11.0,0.0,2.0,86.2,6.2,25.0,0.0,0.0,0.0,44,Yes,No,No,Yes,Yes,No,No,50.1,46.9,5,0,0,0,0,0,0,0,0,131,0,0,0,0,0,0,0,0,0,0,0,0,0,0,0,0,0,0,0,0,1131,7061,6917,865,8.0,86.7,108.4,70.0,63.4,62.7,62.7,86.8,108.3,70.1,69.8,69.8,69.8,11.53,14.34,9.15,9.10,15.86,15.86,5.83,5.70,10.77,0.76,1.10,0,0,0.0,0.0,9069,168,4.7,1.6,0,
7.7.2026,20:6:22.484,26993,19001,58.6,17042,15639,52.1,0.6,13312,79,1.288,1.275,1.294,1.294,1.294,1.300,1.300,1.275,1.275,4014.6,4017.8,4017.8,4017.8,4017.8,4017.8,4017.8,3992.8,4017.8,99.8,3998.2,4013.1,3996.4,3996.6,3997.1,3996.5,3996.7,3997.1,3998.1,3995.7,3996.6,3997.5,3998.2,3995.8,3996.4,3998.3,4000.4,3998.2,100.0,100.0,100.0,100.0,100.0,100.0,100.0,100.0,100.0,100.0,100.0,100.0,100.0,100.0,100.0,100.0,100.0,100.0,100.0,111.3,111.3,111.3,111.3,111.3,111.3,111.3,111.3,111.3,111.3,111.3,111.3,111.3,111.3,111.3,111.3,111.3,111.3,40.2,40.2,40.2,40.2,40.2,40.2,40.2,40.0,40.2,0.0,100.0,100.0,100.0,100.0,100.0,100.0,100.0,100.0,100.0,0.0,0.0,0.0,0.0,0.0,0.0,0.0,0.0,0.0,0.0,0.0,0.0,0.0,0.0,0.0,0.0,0.0,0.0,1197.8,12.00,16,16,16,39,55,661,1,85.0,86.2,82.5,82.4,80.5,80.1,82.7,81.7,82.8,83.7,82.8,84.5,70.6,70.6,70.6,60.0,56.4,1.325,1.031,1.319,25.099,11.907,25.100,90.000,54.612,6.978,6.411,6.146,7.129,6.790,7.284,7.415,7.333,7.314,32.905,12.337,45.242,54.705,1197.8,1197.8,4013.1,4013.1,4013.1,4013.1,62.2,41.8,100.0,90.7,58.1,No,No,No,4.630,0.400,8.0,51,95.0,100.0,No,No,91258,99040,32,99.0,No,No,3320,0.3,0.1,0.5,0.095,0.230,21572,18161,0.0,0.0,0.0,0.000,0.000,50,0,69.0,88.7,83.0,1.075,12.098,12.140,12.133,12.022,1509,113.678,48.064,91.914,32.184,78.086,26.076,51.878,0.336,91.914,18.416,7.774,82.058,220.000,240.000,1920.0,1750.2,1680.0,1908.2,1815.0,48.0,11.0,0.0,2.0,86.2,6.0,24.0,0.0,0.0,0.0,44,Yes,No,No,Yes,Yes,No,No,50.2,56.2,5,0,0,0,0,0,0,0,0,131,0,0,0,0,0,0,0,0,0,0,0,0,0,0,0,0,0,0,0,0,1131,7061,6917,865,8.0,83.8,102.0,68.0,57.9,57.0,57.0,83.9,97.7,68.6,59.4,58.6,58.6,11.94,14.80,9.86,9.55,17.67,17.67,5.87,6.05,11.14,0.80,1.11,0,0,0.0,0.0,9069,168,36.6,5.2,0,
7.7.2026,20:6:24.501,26908,19086,58.5,16958,15723,51.8,0.6,13312,79,1.294,1.275,1.294,1.294,1.294,1.300,1.300,1.294,1.300,4011.5,4017.8,4017.8,4017.8,4017.8,4017.8,3992.8,4017.8,3992.8,99.8,4008.0,4021.6,4007.0,4007.3,4007.6,4007.5,4007.7,4008.3,4008.6,4005.9,4005.9,4006.6,4007.0,4006.2,4006.7,4007.6,4007.3,4008.0,100.0,100.0,100.0,100.0,100.0,100.0,100.0,100.0,100.0,100.0,100.0,100.0,100.0,100.0,100.0,100.0,100.0,100.0,100.0,111.6,111.6,111.6,111.6,111.6,111.6,111.6,111.6,111.6,111.5,111.5,111.5,111.6,111.5,111.5,111.5,111.5,111.6,40.2,40.2,40.2,40.2,40.2,40.2,40.0,40.2,40.0,0.0,100.0,100.0,100.0,100.0,100.0,100.0,100.0,100.0,100.0,0.0,0.0,0.0,0.0,0.0,0.0,0.0,0.0,0.0,0.0,0.0,0.0,0.0,0.0,0.0,0.0,0.0,0.0,1197.8,12.00,16,16,16,39,55,661,1,84.5,83.7,89.5,80.0,81.0,80.8,82.1,81.5,79.4,78.4,78.6,78.1,70.0,70.1,69.8,61.0,56.5,1.331,1.031,1.331,22.013,11.985,22.012,90.000,50.671,6.353,6.909,6.990,6.845,6.773,6.039,5.454,6.092,5.719,28.948,12.395,41.343,50.796,1197.8,1197.8,4021.6,4021.6,4021.6,4021.6,57.7,36.7,100.0,88.1,57.2,No,No,No,4.792,0.393,8.0,51,95.0,100.0,No,No,91258,99040,32,99.0,No,No,3320,0.2,1.1,1.4,0.751,22.855,21573,18195,0.0,0.0,0.0,0.000,0.000,50,0,68.9,88.5,83.0,1.075,12.100,12.140,12.133,12.026,1507,111.169,43.188,86.489,29.695,73.657,25.495,48.048,0.336,86.489,16.951,7.479,57.241,220.000,240.000,1920.0,1750.2,1680.0,1907.9,1815.0,44.0,10.0,0.0,2.0,86.2,5.5,22.2,0.0,0.0,0.0,44,Yes,No,No,Yes,Yes,No,No,52.3,55.4,5,0,0,0,0,0,0,0,0,131,0,0,0,0,0,0,0,0,0,0,0,0,0,0,0,0,0,0,0,0,1131,7061,6917,865,8.0,82.3,169.8,52.3,42.7,41.9,41.9,82.3,155.9,53.3,42.9,42.0,42.0,12.15,19.14,5.79,5.77,23.88,23.88,5.85,6.30,11.40,0.75,2.58,0,0,0.0,0.0,9087,169,11942.4,158.5,0,
7.7.2026,20:6:26.494,26876,19117,58.4,16925,15757,51.7,0.6,13312,79,1.294,1.294,1.294,1.294,1.294,1.294,1.294,1.294,1.294,4017.8,4017.8,4017.8,4017.8,4017.8,4017.8,4017.8,4017.8,4017.8,99.8,3999.7,4015.1,3998.3,3998.7,3998.6,3998.5,3998.8,3999.1,3999.9,3996.5,3997.8,3998.8,3999.9,3997.9,3998.4,3999.6,3999.8,3999.7,100.0,100.0,100.0,100.0,100.0,100.0,100.0,100.0,100.0,100.0,100.0,100.0,100.0,100.0,100.0,100.0,100.0,100.0,100.0,111.3,111.3,111.3,111.3,111.3,111.3,111.3,111.3,111.3,111.3,111.3,111.3,111.3,111.3,111.3,111.3,111.3,111.3,40.2,40.2,40.2,40.2,40.2,40.2,40.2,40.2,40.2,0.0,100.0,100.0,100.0,100.0,100.0,100.0,100.0,100.0,100.0,0.0,0.0,0.0,0.0,0.0,0.0,0.0,0.0,0.0,0.0,0.0,0.0,0.0,0.0,0.0,0.0,0.0,0.0,1197.8,12.00,16,16,16,39,55,661,1,84.8,85.6,82.0,81.5,81.0,80.2,82.0,80.5,81.3,82.3,81.1,83.6,70.4,70.5,70.3,58.8,56.0,1.325,1.038,1.325,24.067,11.961,24.067,90.000,53.357,6.810,6.711,6.495,6.807,6.288,6.844,6.873,6.987,7.472,31.582,12.385,43.967,53.440,1197.8,1197.8,4015.1,4015.1,4015.1,4015.1,60.7,40.1,100.0,90.1,57.8,No,No,No,4.785,0.446,8.0,51,95.0,100.0,No,No,91259,99040,32,99.0,No,No,3320,3.3,3.4,6.7,24.025,25.986,21618,18244,0.0,0.0,0.0,0.000,0.000,50,0,69.0,88.9,83.0,1.075,12.094,12.134,12.130,12.017,1514,111.566,52.327,95.814,34.401,81.123,26.473,54.506,0.336,95.814,19.752,43.169,71.877,220.000,240.000,1920.0,1750.2,1680.0,1908.0,1815.0,51.0,12.0,0.0,2.0,86.2,5.6,22.5,0.0,0.0,0.0,44,Yes,No,No,Yes,Yes,No,No,51.0,50.5,5,0,0,0,0,0,0,0,0,131,0,0,0,0,0,0,0,0,0,0,0,0,0,0,0,0,0,0,0,0,1131,7061,6917,865,8.0,85.1,107.4,70.9,68.2,67.9,67.9,85.0,109.5,72.5,71.5,71.4,71.4,11.75,14.13,9.32,8.45,14.73,14.73,5.96,5.80,11.01,0.74,1.02,0,0,0.0,0.0,9106,169,10127.0,102.5,0,
7.7.2026,20:6:28.493,26959,19035,58.6,17011,15671,52.0,0.6,13312,79,1.289,1.294,1.300,1.294,1.294,1.288,1.294,1.275,1.275,4011.5,4017.8,4017.8,4017.8,4017.8,4017.8,4017.8,3992.8,3992.8,99.8,4010.6,4023.5,4009.8,4010.0,4010.4,4010.2,4010.6,4011.0,4011.1,4007.9,4008.7,4009.1,4010.1,4008.1,4008.8,4009.7,4009.9,4010.6,100.0,100.0,100.0,100.0,100.0,100.0,100.0,100.0,100.0,100.0,100.0,100.0,100.0,100.0,100.0,100.0,100.0,100.0,100.0,111.6,111.6,111.6,111.6,111.6,111.6,111.6,111.6,111.6,111.6,111.6,111.6,111.6,111.6,111.6,111.6,111.6,111.6,40.2,40.2,40.2,40.2,40.2,40.2,40.2,40.0,40.0,0.0,100.0,100.0,100.0,100.0,100.0,100.0,100.0,100.0,100.0,0.0,0.0,0.0,0.0,0.0,0.0,0.0,0.0,0.0,0.0,0.0,0.0,0.0,0.0,0.0,0.0,0.0,0.0,1197.8,12.00,16,16,16,39,55,661,1,84.4,84.2,82.5,80.1,81.1,80.9,83.0,81.8,79.1,78.2,78.5,78.2,69.9,70.1,69.8,61.2,56.8,1.331,1.038,1.331,22.577,11.983,22.581,90.000,51.535,6.486,6.959,7.069,7.306,6.890,6.067,5.565,6.132,5.902,29.704,12.399,42.103,51.582,1197.8,1197.8,4023.5,4023.5,4023.5,4023.5,58.6,37.6,100.0,88.7,57.0,No,No,No,4.967,0.407,8.0,51,95.0,100.0,No,No,91259,99040,32,99.0,No,No,3320,1.6,1.2,2.8,16.897,17.104,21656,18282,0.0,0.0,0.0,0.000,0.000,50,0,68.7,88.1,83.0,1.075,12.098,12.138,12.132,12.023,1514,111.844,48.138,91.743,32.422,77.499,26.006,51.376,0.336,91.743,18.255,7.684,84.320,220.000,240.000,1920.0,1750.2,1680.0,1908.1,1815.0,47.0,10.0,0.0,2.0,86.2,6.0,24.0,0.0,0.0,0.0,44,Yes,No,No,Yes,Yes,No,No,50.0,55.2,5,0,0,0,0,0,0,0,0,131,0,0,0,0,0,0,0,0,0,0,0,0,0,0,0,0,0,0,0,0,1131,7061,6917,865,8.0,84.1,112.9,54.4,51.6,51.3,51.3,84.1,114.8,57.1,52.8,52.4,52.4,11.90,18.34,9.00,8.74,19.30,19.30,5.88,6.01,11.11,0.78,1.47,0,0,0.0,0.0,9106,169,0.4,0.0,0,
7.7.2026,20:6:30.504,27090,18904,58.8,17142,15540,52.4,0.6,13312,79,1.295,1.275,1.300,1.300,1.275,1.319,1.300,1.300,1.294,4017.8,3992.8,4042.7,4017.8,3992.8,4042.7,4017.8,4017.8,4017.8,99.8,4006.5,4020.2,4005.1,4005.4,4005.9,4005.5,4005.7,4006.2,4006.7,4003.8,4004.4,4005.7,4006.4,4004.7,4005.0,4006.1,4006.9,4006.5,100.0,100.0,100.0,100.0,100.0,100.0,100.0,100.0,100.0,100.0,100.0,100.0,100.0,100.0,100.0,100.0,100.0,100.0,100.0,111.5,111.5,111.5,111.5,111.5,111.5,111.5,111.5,111.5,111.5,111.5,111.5,111.5,111.5,111.5,111.5,111.5,111.5,40.2,40.0,40.5,40.2,40.0,40.5,40.2,40.2,40.2,0.0,100.0,100.0,100.0,100.0,100.0,100.0,100.0,100.0,100.0,0.0,0.0,0.0,0.0,0.0,0.0,0.0,0.0,0.0,0.0,0.0,0.0,0.0,0.0,0.0,0.0,0.0,0.0,1197.8,12.00,16,16,16,39,55,661,1,82.2,82.6,81.5,79.2,79.0,77.8,81.1,78.5,78.9,78.4,79.3,80.6,69.7,69.7,69.6,60.2,56.7,1.319,1.025,1.319,21.305,11.970,21.312,90.000,49.876,6.014,6.215,5.851,6.410,5.624,6.003,5.539,6.196,6.278,28.029,12.380,40.409,49.882,1197.8,1197.8,4020.2,4020.2,4020.2,4020.2,56.7,35.5,100.0,87.0,56.5,No,No,No,5.002,0.373,8.0,51,95.0,100.0,No,No,91259,99040,32,99.0,No,No,3320,1.6,1.2,2.8,16.897,17.104,21656,18282,0.0,0.0,0.0,0.000,0.000,50,0,69.2,89.2,83.0,1.075,12.092,12.132,12.128,12.016,1514,110.231,52.458,95.653,33.994,80.491,26.363,53.991,0.336,95.653,18.883,59.085,60.130,220.000,240.000,1920.0,1750.2,1680.0,1907.6,1815.0,48.0,11.0,0.0,2.0,86.2,5.3,21.2,0.0,0.0,0.0,44,Yes,No,No,Yes,Yes,No,No,52.1,46.9,5,0,0,0,0,0,0,0,0,131,0,0,0,0,0,0,0,0,0,0,0,0,0,0,0,0,0,0,0,0,1131,7061,6917,865,8.0,84.1,112.9,54.4,51.6,51.3,51.3,84.1,114.8,57.1,52.8,52.4,52.4,11.90,18.34,9.00,8.74,19.30,19.30,5.88,6.01,11.11,0.78,1.47,0,0,0.0,0.0,9106,169,0.4,0.0,0,
7.7.2026,20:6:32.514,27083,18911,58.8,17153,15529,52.4,0.6,13312,79,1.291,1.294,1.294,1.294,1.281,1.294,1.294,1.294,1.281,4011.5,3992.8,4017.8,4017.8,4017.8,4017.8,4017.8,3992.8,4017.8,99.8,4010.9,4024.6,4010.0,4010.3,4011.0,4010.3,4010.5,4011.1,4011.5,4008.0,4009.4,4010.0,4010.5,4008.4,4009.1,4010.2,4010.3,4010.9,100.0,100.0,100.0,100.0,100.0,100.0,100.0,100.0,100.0,100.0,100.0,100.0,100.0,100.0,100.0,100.0,100.0,100.0,100.0,111.6,111.6,111.6,111.6,111.6,111.6,111.6,111.6,111.6,111.6,111.6,111.6,111.6,111.6,111.6,111.6,111.6,111.7,40.2,40.0,40.2,40.2,40.2,40.2,40.2,40.0,40.2,0.0,100.0,100.0,100.0,100.0,100.0,100.0,100.0,100.0,100.0,0.0,0.0,0.0,0.0,0.0,0.0,0.0,0.0,0.0,0.0,0.0,0.0,0.0,0.0,0.0,0.0,0.0,0.0,1197.8,12.00,16,16,16,39,55,661,1,82.5,81.3,82.2,77.8,78.4,77.2,79.4,79.3,77.7,76.6,77.0,76.7,69.0,69.1,68.9,60.8,56.8,1.294,1.025,1.306,20.030,11.935,20.021,90.000,47.917,6.016,6.275,5.775,6.503,6.805,6.188,5.675,5.735,5.172,26.378,12.334,38.712,48.139,1197.8,1197.8,4024.6,4024.6,4024.6,4024.6,54.7,33.4,100.0,85.6,56.2,No,No,No,4.899,0.385,8.0,51,95.0,100.0,No,No,91259,99040,32,99.0,No,No,3320,1.7,2.6,4.3,8.221,15.302,21668,18310,0.0,0.0,0.0,0.000,0.000,50,0,68.9,88.7,83.0,1.075,12.095,12.136,12.130,12.018,1518,110.653,50.728,94.149,33.069,79.935,26.236,53.563,0.336,94.149,18.901,48.406,58.539,220.000,240.000,1920.0,1750.2,1680.0,1907.6,1815.0,50.0,11.0,0.0,3.0,86.2,5.5,22.0,0.0,0.0,0.0,44,Yes,No,No,Yes,Yes,No,No,51.4,53.0,5,0,0,0,0,0,0,0,0,131,0,0,0,0,0,0,0,0,0,0,0,0,0,0,0,0,0,0,0,0,1131,7061,6917,865,8.0,83.4,160.3,38.7,30.3,29.6,29.6,83.4,142.7,39.6,30.9,30.2,30.2,11.99,25.81,6.22,6.09,33.75,33.75,5.79,6.20,11.21,0.79,2.41,0,0,0.0,0.0,9106,169,0.8,0.1,0,
7.7.2026,20:6:34.521,27168,18826,59.0,17292,15390,52.9,0.6,13312,79,1.287,1.275,1.275,1.281,1.306,1.294,1.300,1.294,1.269,4005.3,3992.8,3992.8,4017.8,4017.8,4017.8,3992.8,4017.8,3992.8,99.8,4003.4,4018.9,4002.5,4002.7,4003.0,4002.9,4002.9,4003.4,4003.6,4000.8,4001.1,4001.9,4002.9,4000.8,4001.5,4002.3,4002.7,4003.4,100.0,100.0,100.0,100.0,100.0,100.0,100.0,100.0,100.0,100.0,100.0,100.0,100.0,100.0,100.0,100.0,100.0,100.0,100.0,111.4,111.4,111.4,111.4,111.4,111.4,111.4,111.4,111.4,111.4,111.4,111.4,111.4,111.4,111.4,111.4,111.4,111.4,40.1,40.0,40.0,40.2,40.2,40.2,40.0,40.2,40.0,0.0,100.0,100.0,100.0,100.0,100.0,100.0,100.0,100.0,100.0,0.0,0.0,0.0,0.0,0.0,0.0,0.0,0.0,0.0,0.0,0.0,0.0,0.0,0.0,0.0,0.0,0.0,0.0,1197.8,12.00,16,16,16,39,55,661,1,83.4,84.3,84.0,80.9,80.4,80.1,82.5,80.7,81.3,81.6,79.7,80.8,69.7,69.8,69.6,60.5,56.3,1.325,1.044,1.331,23.916,11.912,23.903,90.000,53.064,6.817,6.774,6.713,7.100,6.463,7.026,6.931,6.697,6.836,31.426,12.333,43.759,53.195,1197.8,1197.8,4018.8,4018.8,4018.8,4018.8,60.4,39.8,100.0,88.7,57.9,No,No,No,4.692,0.427,8.0,51,95.0,100.0,No,No,91259,99040,32,99.0,No,No,3320,2.2,3.8,6.0,9.146,19.444,21683,18343,0.0,0.0,0.0,0.000,0.000,50,0,69.0,88.8,83.0,1.075,12.095,12.136,12.129,12.020,1521,113.049,46.666,91.751,32.136,77.920,26.000,51.784,0.336,91.751,18.365,8.029,68.586,220.000,240.000,1920.0,1750.2,1680.0,1907.7,1815.0,48.0,11.0,0.0,2.0,86.2,5.2,20.8,0.0,0.0,0.0,44,Yes,No,No,Yes,Yes,No,No,50.1,55.5,5,0,0,0,0,0,0,0,0,131,0,0,0,0,0,0,0,0,0,0,0,0,0,0,0,0,0,0,0,0,1131,7061,6917,865,8.0,86.0,105.4,63.6,42.8,41.3,41.3,86.0,111.7,63.3,44.0,42.5,42.5,11.62,15.68,9.52,9.34,23.91,23.91,5.82,5.81,10.86,0.76,1.30,0,0,0.0,0.0,9106,169,0.1,0.1,0,
7.7.2026,20:6:36.506,26991,19003,58.6,17144,15538,52.4,0.6,13312,79,1.295,1.294,1.300,1.294,1.294,1.294,1.300,1.294,1.294,4017.8,4017.8,4017.8,4017.8,4017.8,4017.8,4017.8,4017.8,4017.8,99.8,4006.0,4020.1,4004.5,4004.7,4005.4,4005.3,4005.4,4006.1,4006.7,4003.1,4003.6,4004.8,4005.9,4004.1,4004.2,4005.7,4006.2,4006.0,100.0,100.0,100.0,100.0,100.0,100.0,100.0,100.0,100.0,100.0,100.0,100.0,100.0,100.0,100.0,100.0,100.0,100.0,100.0,111.5,111.5,111.5,111.5,111.5,111.5,111.5,111.5,111.5,111.5,111.5,111.5,111.5,111.5,111.5,111.5,111.5,111.5,40.2,40.2,40.2,40.2,40.2,40.2,40.2,40.2,40.2,0.0,100.0,100.0,100.0,100.0,100.0,100.0,100.0,100.0,100.0,0.0,0.0,0.0,0.0,0.0,0.0,0.0,0.0,0.0,0.0,0.0,0.0,0.0,0.0,0.0,0.0,0.0,0.0,1197.8,12.00,16,16,16,39,55,661,1,83.5,84.0,85.8,80.5,80.4,79.9,82.2,80.9,80.3,80.6,79.2,80.3,69.8,69.9,69.7,60.5,56.6,1.325,1.019,1.331,23.098,11.930,23.108,90.000,52.073,6.567,6.763,6.585,7.008,6.599,6.648,6.482,6.246,6.208,30.363,12.347,42.710,52.177,1197.8,1197.8,4020.1,4020.1,4020.1,4020.1,59.3,38.5,100.0,88.5,57.4,No,No,No,4.756,0.402,8.0,51,95.0,100.0,No,No,91259,99040,32,99.0,No,No,3320,0.4,4.3,4.7,0.599,10.272,21684,18366,0.0,0.0,0.0,0.000,0.000,50,0,68.9,88.6,83.0,1.075,12.098,12.138,12.133,12.022,1518,113.009,53.240,97.150,34.570,80.505,26.400,53.969,0.336,97.150,17.972,49.194,75.156,220.000,240.000,1920.0,1750.2,1680.0,1907.5,1815.0,48.0,11.0,0.0,2.0,86.2,5.2,20.9,0.0,0.0,0.0,44,Yes,No,No,Yes,Yes,No,No,52.3,49.8,5,0,0,0,0,0,0,0,0,131,0,0,0,0,0,0,0,0,0,0,0,0,0,0,0,0,0,0,0,0,1134,7058,6915,865,8.0,85.6,118.5,73.5,72.6,72.5,72.5,85.5,113.6,74.7,73.9,73.8,73.8,11.69,13.66,8.61,8.50,14.10,14.10,5.85,5.84,10.90,0.79,1.17,0,0,0.0,0.0,9106,169,0.2,0.3,0,
7.7.2026,20:6:38.531,27125,18869,58.9,17241,15441,52.7,0.6,13312,79,1.292,1.294,1.300,1.300,1.294,1.275,1.275,1.300,1.300,4011.5,4017.8,4017.8,4017.8,4017.8,3992.8,3992.8,4017.8,4017.8,99.8,4008.5,4022.6,4007.9,4008.2,4008.5,4008.3,4008.1,4008.9,4009.1,4006.2,4006.2,4007.3,4007.9,4006.1,4006.3,4007.1,4007.4,4008.5,100.0,100.0,100.0,100.0,100.0,100.0,100.0,100.0,100.0,100.0,100.0,100.0,100.0,100.0,100.0,100.0,100.0,100.0,100.0,111.6,111.6,111.6,111.6,111.6,111.6,111.6,111.6,111.6,111.6,111.6,111.6,111.6,111.6,111.6,111.6,111.6,111.6,40.2,40.2,40.2,40.2,40.2,40.0,40.0,40.2,40.2,0.0,100.0,100.0,100.0,100.0,100.0,100.0,100.0,100.0,100.0,0.0,0.0,0.0,0.0,0.0,0.0,0.0,0.0,0.0,0.0,0.0,0.0,0.0,0.0,0.0,0.0,0.0,0.0,1197.8,12.00,16,16,16,39,55,661,1,83.4,83.6,82.2,79.6,79.4,78.6,83.0,81.2,78.8,78.1,78.7,79.2,69.5,69.6,69.4,60.5,56.1,1.337,1.031,1.350,22.340,11.944,22.342,90.000,51.169,6.430,6.280,6.046,7.574,7.098,6.128,5.702,6.346,6.262,29.398,12.357,41.755,51.230,1197.8,1197.8,4022.6,4022.6,4022.6,4022.6,58.2,37.2,100.0,88.0,57.1,No,No,No,5.123,0.355,8.0,51,95.0,100.0,No,No,91259,99040,32,99.0,No,No,3320,0.1,4.6,4.7,0.221,9.758,21684,18382,0.0,0.0,0.0,0.000,0.000,50,0,68.4,87.7,83.0,1.075,12.103,12.145,12.135,12.028,1528,109.947,46.253,87.934,30.337,74.476,25.512,48.851,0.336,87.934,16.966,7.704,82.478,220.000,240.000,1920.0,1750.2,1680.0,1907.7,1815.0,40.0,9.0,0.0,2.0,86.1,5.2,21.0,0.0,0.0,0.0,44,Yes,No,No,Yes,Yes,No,No,47.4,54.8,5,0,0,0,0,0,0,0,0,131,0,0,0,0,0,0,0,0,0,0,0,0,0,0,0,0,0,0,0,0,1139,7053,6910,852,8.0,71.5,134.4,35.9,32.1,31.7,31.7,71.4,135.5,36.3,32.8,32.5,32.5,14.00,27.79,7.45,6.80,31.46,31.46,5.89,8.11,13.11,0.89,2.42,0,0,0.0,0.0,9106,169,0.9,0.1,0,
7.7.2026,20:6:40.518,27217,18777,59.1,17383,15298,53.1,0.6,13312,79,1.295,1.294,1.300,1.294,1.294,1.294,1.281,1.306,1.294,4017.8,4017.8,4017.8,4017.8,4017.8,4017.8,4017.8,4017.8,4017.8,99.8,4010.1,4024.3,4009.1,4009.4,4009.6,4009.5,4009.3,4010.4,4010.7,4007.8,4008.1,4009.0,4009.8,4008.0,4008.1,4009.2,4009.5,4010.1,100.0,100.0,100.0,100.0,100.0,100.0,100.0,100.0,100.0,100.0,100.0,100.0,100.0,100.0,100.0,100.0,100.0,100.0,100.0,111.6,111.6,111.6,111.6,111.6,111.6,111.6,111.6,111.6,111.6,111.6,111.6,111.6,111.6,111.6,111.6,111.6,111.6,40.2,40.2,40.2,40.2,40.2,40.2,40.2,40.2,40.2,0.0,100.0,100.0,100.0,100.0,100.0,100.0,100.0,100.0,100.0,0.0,0.0,0.0,0.0,0.0,0.0,0.0,0.0,0.0,0.0,0.0,0.0,0.0,0.0,0.0,0.0,0.0,0.0,1197.8,12.00,16,16,16,39,55,661,1,83.0,82.5,83.2,78.8,79.5,78.6,81.3,79.1,78.4,77.4,78.4,78.0,69.1,69.2,69.0,60.5,56.3,1.319,1.031,1.325,21.456,11.973,21.456,90.000,49.992,6.195,6.618,6.453,6.833,6.050,6.096,5.555,6.217,5.734,28.255,12.381,40.636,50.102,1197.8,1197.8,4024.3,4024.3,4024.3,4024.3,56.9,35.8,100.0,86.9,56.9,No,No,No,5.197,0.372,8.0,51,95.0,100.0,No,No,91259,99040,32,99.0,No,No,3320,1.0,3.1,4.1,8.642,11.246,21707,18412,0.0,0.0,0.0,0.000,0.000,50,0,68.8,88.2,83.0,1.075,12.096,12.136,12.132,12.020,1530,111.046,53.615,95.262,33.483,79.365,26.313,52.919,0.336,95.262,17.643,69.329,66.233,220.000,240.000,1920.0,1750.2,1680.0,1907.8,1815.0,47.0,11.0,0.0,2.0,86.1,5.2,20.9,0.0,0.0,0.0,44,Yes,No,No,Yes,Yes,No,No,51.0,54.5,5,0,0,0,0,0,0,0,0,131,0,0,0,0,0,0,0,0,0,0,0,0,0,0,0,0,0,0,0,0,1139,7053,6910,860,8.0,82.7,131.5,48.0,38.4,37.5,37.5,82.7,124.0,48.7,39.0,38.2,38.2,12.09,20.91,7.63,6.60,26.85,26.85,5.81,6.29,11.32,0.77,1.91,0,0,0.0,0.0,9106,169,0.6,0.3,0,
7.7.2026,20:6:42.509,27131,18863,58.9,17304,15378,52.9,0.6,13312,79,1.287,1.281,1.294,1.275,1.275,1.300,1.275,1.300,1.294,4008.4,3992.8,4017.8,3992.8,3992.8,4017.8,4017.8,4017.8,4017.8,99.8,4007.4,4021.9,4006.3,4007.1,4007.2,4006.8,4007.0,4007.4,4007.8,4004.4,4004.9,4006.0,4007.1,4005.4,4005.8,4006.8,4007.2,4007.4,100.0,100.0,100.0,100.0,100.0,100.0,100.0,100.0,100.0,100.0,100.0,100.0,100.0,100.0,100.0,100.0,100.0,100.0,100.0,111.5,111.6,111.6,111.6,111.6,111.6,111.6,111.6,111.6,111.5,111.5,111.5,111.5,111.5,111.5,111.5,111.5,111.5,40.2,40.0,40.2,40.0,40.0,40.2,40.2,40.2,40.2,0.0,100.0,100.0,100.0,100.0,100.0,100.0,100.0,100.0,100.0,0.0,0.0,0.0,0.0,0.0,0.0,0.0,0.0,0.0,0.0,0.0,0.0,0.0,0.0,0.0,0.0,0.0,0.0,1197.8,12.00,16,16,16,39,55,661,1,83.0,82.6,81.8,79.2,78.8,78.1,78.9,78.2,80.1,80.5,79.9,79.2,69.1,69.1,69.1,58.2,55.8,1.312,1.044,1.325,22.064,11.941,22.060,90.000,50.675,6.455,6.523,6.245,5.912,5.878,6.809,6.900,6.881,6.492,29.052,12.355,41.407,50.846,1197.8,1197.8,4021.9,4021.9,4021.9,4021.9,57.8,36.8,100.0,86.9,56.9,No,No,No,4.850,0.384,8.0,51,95.0,100.0,No,No,91259,99040,32,99.0,No,No,3320,0.1,9.0,9.1,0.202,0.832,21707,18413,0.0,0.0,0.0,0.000,0.000,50,0,69.2,89.0,83.0,1.075,12.096,12.137,12.131,12.020,1528,111.586,49.540,94.079,33.436,79.970,26.323,53.520,0.336,94.079,19.380,20.009,74.273,220.000,240.000,1920.0,1750.2,1680.0,1907.8,1815.0,47.0,11.0,0.0,2.0,86.1,5.0,20.0,0.0,0.0,0.0,44,Yes,No,No,Yes,Yes,No,No,51.6,46.6,5,0,0,0,0,0,0,0,0,131,0,0,0,0,0,0,0,0,0,0,0,0,0,0,0,0,0,0,0,0,1139,7053,6910,861,8.0,84.3,101.2,71.1,71.1,71.1,71.1,84.2,98.6,70.3,69.9,69.8,69.8,11.86,13.96,9.87,9.61,14.19,14.19,5.85,6.03,11.08,0.78,0.95,0,0,0.0,0.0,9106,169,3.3,0.0,0,
7.7.2026,20:6:44.508,27004,18990,58.7,17198,15484,52.6,0.6,13312,79,1.298,1.294,1.300,1.319,1.294,1.294,1.294,1.294,1.294,4017.8,3992.8,4017.8,4042.7,4017.8,4017.8,4017.8,4017.8,4017.8,99.8,4005.9,4020.4,4004.6,4004.6,4005.1,4005.2,4005.5,4005.9,4006.5,4003.3,4003.7,4004.7,4005.6,4003.6,4004.1,4005.2,4005.6,4005.9,100.0,100.0,100.0,100.0,100.0,100.0,100.0,100.0,100.0,100.0,100.0,100.0,100.0,100.0,100.0,100.0,100.0,100.0,100.0,111.5,111.5,111.5,111.5,111.5,111.5,111.5,111.5,111.5,111.5,111.5,111.5,111.5,111.5,111.5,111.5,111.5,111.5,40.2,40.0,40.2,40.5,40.2,40.2,40.2,40.2,40.2,0.0,100.0,100.0,100.0,100.0,100.0,100.0,100.0,100.0,100.0,0.0,0.0,0.0,0.0,0.0,0.0,0.0,0.0,0.0,0.0,0.0,0.0,0.0,0.0,0.0,0.0,0.0,0.0,1197.8,12.00,16,16,16,39,55,661,1,83.4,84.2,81.2,80.7,80.3,79.7,82.7,81.3,79.7,79.4,80.7,81.4,69.5,69.6,69.4,60.2,55.9,1.319,1.031,1.325,23.945,11.920,23.946,90.000,53.212,6.766,6.762,6.420,7.443,6.981,6.378,5.922,7.066,7.153,31.488,12.340,43.828,53.306,1197.8,1197.8,4020.4,4020.4,4020.4,4020.4,60.6,39.9,100.0,88.7,57.7,No,No,No,5.093,0.383,8.0,51,95.0,100.0,No,No,91259,99040,32,99.0,No,No,3320,1.2,2.4,3.6,2.347,11.642,21713,18440,0.0,0.0,0.0,0.000,0.000,50,0,69.2,89.1,83.0,1.075,12.098,12.139,12.132,12.023,1528,112.024,45.860,92.790,32.254,78.084,25.993,51.968,0.336,92.790,17.609,7.849,58.928,220.000,240.000,1920.0,1750.2,1680.0,1908.0,1815.0,47.0,10.0,0.0,2.0,86.1,5.8,23.1,0.0,0.0,0.0,44,Yes,No,No,Yes,Yes,No,No,49.9,52.5,5,0,0,0,0,0,0,0,0,131,0,0,0,0,0,0,0,0,0,0,0,0,0,0,0,0,0,0,0,0,1139,7053,6910,861,8.0,82.9,153.6,59.1,56.8,56.5,56.5,82.9,128.8,61.2,60.1,60.0,60.0,12.06,17.00,6.65,6.59,17.34,17.34,5.87,6.19,11.27,0.79,1.70,0,0,0.0,0.0,9106,169,1.3,0.1,0,
7.7.2026,20:6:46.510,27091,18903,58.9,17285,15396,52.8,0.6,13312,79,1.295,1.294,1.300,1.294,1.275,1.294,1.306,1.300,1.300,4011.5,4017.8,4017.8,4017.8,3992.8,4017.8,4017.8,3992.8,4017.8,99.8,4008.5,4021.8,4007.4,4007.7,4008.2,4008.5,4008.5,4009.1,4009.4,4006.0,4006.3,4007.3,4008.1,4006.2,4006.5,4007.7,4007.9,4008.5,100.0,100.0,100.0,100.0,100.0,100.0,100.0,100.0,100.0,100.0,100.0,100.0,100.0,100.0,100.0,100.0,100.0,100.0,100.0,111.6,111.6,111.6,111.6,111.6,111.6,111.6,111.6,111.6,111.5,111.5,111.5,111.5,111.5,111.5,111.5,111.5,111.6,40.2,40.2,40.2,40.2,40.0,40.2,40.2,40.0,40.2,0.0,100.0,100.0,100.0,100.0,100.0,100.0,100.0,100.0,100.0,0.0,0.0,0.0,0.0,0.0,0.0,0.0,0.0,0.0,0.0,0.0,0.0,0.0,0.0,0.0,0.0,0.0,0.0,1197.8,12.00,16,16,16,39,55,661,1,82.9,83.0,80.2,79.2,78.9,78.1,80.9,79.5,78.3,77.2,80.5,80.2,69.3,69.3,69.2,59.5,55.6,1.312,1.044,1.325,21.944,11.933,21.949,90.000,50.611,6.168,6.340,6.230,6.577,5.997,5.869,5.110,6.840,6.383,28.884,12.341,41.225,50.683,1197.8,1197.8,4021.8,4021.8,4021.8,4021.8,57.6,36.6,100.0,87.4,56.8,No,No,No,4.932,0.370,8.0,51,95.0,100.0,No,No,91259,99040,32,99.0,No,No,3320,1.8,0.2,2.1,0.699,0.669,21714,18441,0.0,0.0,0.0,0.000,0.000,50,0,68.8,88.4,83.0,1.075,12.093,12.133,12.128,12.017,1528,110.829,48.351,96.746,34.095,80.715,26.401,54.178,0.336,96.746,18.111,7.767,68.413,220.000,240.000,1920.0,1750.2,1680.0,1907.5,1815.0,47.0,11.0,0.0,2.0,86.1,5.3,21.3,0.0,0.0,0.0,44,Yes,No,No,Yes,Yes,No,No,52.2,50.3,5,0,0,0,0,0,0,0,0,131,0,0,0,0,0,0,0,0,0,0,0,0,0,0,0,0,0,0,0,0,1139,7053,6910,861,8.0,83.9,111.3,67.1,64.7,64.5,64.5,83.9,120.9,64.9,64.3,64.3,64.3,11.92,14.91,9.20,8.96,15.77,15.77,5.89,6.03,11.10,0.82,1.50,0,0,0.0,0.0,9106,169,1.1,0.2,0,
7.7.2026,20:6:48.521,27091,18903,58.9,17285,15396,52.8,0.6,13312,79,1.295,1.294,1.300,1.294,1.275,1.294,1.306,1.300,1.300,4011.5,4017.8,4017.8,4017.8,3992.8,4017.8,4017.8,3992.8,4017.8,99.8,4008.5,4021.8,4007.4,4007.7,4008.2,4008.5,4008.5,4009.1,4009.4,4006.0,4006.3,4007.3,4008.1,4006.2,4006.5,4007.7,4007.9,4008.5,100.0,100.0,100.0,100.0,100.0,100.0,100.0,100.0,100.0,100.0,100.0,100.0,100.0,100.0,100.0,100.0,100.0,100.0,100.0,111.6,111.6,111.6,111.6,111.6,111.6,111.6,111.6,111.6,111.5,111.5,111.5,111.5,111.5,111.5,111.5,111.5,111.6,40.2,40.2,40.2,40.2,40.0,40.2,40.2,40.0,40.2,0.0,100.0,100.0,100.0,100.0,100.0,100.0,100.0,100.0,100.0,0.0,0.0,0.0,0.0,0.0,0.0,0.0,0.0,0.0,0.0,0.0,0.0,0.0,0.0,0.0,0.0,0.0,0.0,1197.8,12.00,16,16,16,39,55,661,1,82.9,83.0,80.2,79.2,78.9,78.1,80.9,79.5,78.3,77.2,80.5,80.2,69.3,69.3,69.2,59.5,55.6,1.312,1.044,1.325,21.944,11.933,21.949,90.000,50.611,6.168,6.340,6.230,6.577,5.997,5.869,5.110,6.840,6.383,28.884,12.341,41.225,50.683,1197.8,1197.8,4021.8,4021.8,4021.8,4021.8,57.6,36.6,100.0,87.4,56.8,No,No,No,4.932,0.370,8.0,51,95.0,100.0,No,No,91259,99040,32,99.0,No,No,3320,1.8,0.2,2.1,0.699,0.669,21714,18441,0.0,0.0,0.0,0.000,0.000,50,0,69.2,89.1,83.0,1.075,12.094,12.135,12.129,12.020,1530,111.572,48.000,91.466,32.000,77.285,25.938,51.225,0.336,91.466,17.878,8.108,84.299,220.000,240.000,1920.0,1750.2,1680.0,1907.4,1815.0,46.0,10.0,0.0,2.0,86.1,5.2,20.7,0.0,0.0,0.0,44,Yes,No,No,Yes,Yes,No,No,49.7,53.8,5,0,0,0,0,0,0,0,0,131,0,0,0,0,0,0,0,0,0,0,0,0,0,0,0,0,0,0,0,0,1139,7053,6910,861,8.0,83.9,111.3,67.1,64.7,64.5,64.5,83.9,120.9,64.9,64.3,64.3,64.3,11.92,14.91,9.20,8.96,15.77,15.77,5.89,6.03,11.10,0.82,1.50,0,0,0.0,0.0,9106,169,1.1,0.2,0,
7.7.2026,20:6:50.511,27066,18928,58.8,17260,15422,52.8,0.6,13312,79,1.291,1.288,1.275,1.294,1.294,1.294,1.294,1.294,1.294,4014.6,4017.8,3992.8,4017.8,4017.8,4017.8,4017.8,4017.8,4017.8,99.8,4005.2,4018.0,4002.0,4002.4,4002.4,4002.1,4004.4,4005.2,4006.0,4003.4,4003.4,4004.8,4006.0,4004.4,4004.7,4005.5,4008.0,4005.2,100.0,100.0,100.0,100.0,100.0,100.0,100.0,100.0,100.0,100.0,100.0,100.0,100.0,100.0,100.0,100.0,100.0,100.0,100.0,111.4,111.4,111.4,111.4,111.4,111.4,111.4,111.4,111.4,111.4,111.4,111.4,111.4,111.4,111.4,111.4,111.4,111.4,40.2,40.2,40.0,40.2,40.2,40.2,40.2,40.2,40.2,0.0,100.0,100.0,100.0,100.0,100.0,100.0,100.0,100.0,100.0,0.0,0.0,0.0,0.0,0.0,0.0,0.0,0.0,0.0,0.0,0.0,0.0,0.0,0.0,0.0,0.0,0.0,0.0,1197.8,12.00,16,16,16,39,55,661,1,83.4,84.2,80.0,80.8,81.1,81.0,80.2,79.2,80.7,81.8,80.1,82.4,69.4,69.5,69.4,59.2,56.0,1.312,1.038,1.325,24.255,11.873,24.258,90.000,53.531,6.682,7.226,7.308,6.432,6.493,6.193,5.884,6.783,7.140,31.870,12.295,44.165,53.615,1197.8,1197.8,4018.0,4018.0,4018.0,4018.0,60.9,40.4,100.0,88.6,58.8,No,No,No,4.782,0.384,8.0,51,95.0,100.0,No,No,91259,99040,32,99.0,No,No,3320,0.7,1.2,1.9,0.552,1.755,21716,18445,0.0,0.0,0.0,0.000,0.000,50,0,69.2,89.3,83.0,1.075,12.097,12.138,12.132,12.021,1532,112.987,48.358,94.963,33.293,79.986,26.253,53.600,0.336,94.963,18.385,8.002,73.802,220.000,240.000,1920.0,1750.2,1680.0,1907.6,1815.0,50.0,11.0,0.0,2.0,86.1,4.7,19.0,0.0,0.0,0.0,44,Yes,No,No,Yes,Yes,No,No,51.5,55.2,5,0,0,0,0,0,0,0,0,131,0,0,0,0,0,0,0,0,0,0,0,0,0,0,0,0,0,0,0,0,1139,7053,6910,862,8.0,85.3,151.2,44.4,33.9,33.0,33.0,85.3,145.4,43.9,34.7,33.9,33.9,11.73,22.53,6.53,6.43,30.22,30.22,5.84,5.88,10.97,0.76,1.85,0,0,0.0,0.0,9106,169,1.6,0.0,0,
7.7.2026,20:6:52.513,26947,19047,58.5,17152,15530,52.4,0.6,13312,79,1.291,1.294,1.300,1.275,1.275,1.294,1.294,1.300,1.294,4020.9,4017.8,4017.8,4017.8,4017.8,4017.8,4017.8,4017.8,4042.7,99.8,4010.2,4024.1,4009.0,4009.3,4009.7,4009.4,4009.7,4010.3,4010.8,4008.0,4008.1,4008.9,4010.1,4008.1,4008.6,4009.7,4009.8,4010.2,100.0,100.0,100.0,100.0,100.0,100.0,100.0,100.0,100.0,100.0,100.0,100.0,100.0,100.0,100.0,100.0,100.0,100.0,100.0,111.6,111.6,111.6,111.6,111.6,111.6,111.6,111.6,111.6,111.6,111.6,111.6,111.6,111.6,111.6,111.6,111.6,111.6,40.3,40.2,40.2,40.2,40.2,40.2,40.2,40.2,40.5,0.0,100.0,100.0,100.0,100.0,100.0,100.0,100.0,100.0,100.0,0.0,0.0,0.0,0.0,0.0,0.0,0.0,0.0,0.0,0.0,0.0,0.0,0.0,0.0,0.0,0.0,0.0,0.0,1197.8,12.00,16,16,16,39,55,661,1,82.4,83.1,79.5,79.4,79.5,79.3,81.5,80.9,78.5,78.5,78.3,78.9,69.2,69.4,69.1,59.0,56.2,1.325,1.031,1.325,22.564,11.927,22.570,90.000,51.424,6.399,6.674,6.590,6.800,6.598,6.142,5.892,6.299,6.199,29.703,12.340,42.043,51.510,1197.8,1197.8,4024.1,4024.1,4024.1,4024.1,58.5,37.6,100.0,87.5,57.1,No,No,No,4.919,0.374,8.0,51,95.0,100.0,No,No,91259,99040,32,99.0,No,No,3320,1.3,0.9,2.2,1.985,2.822,21720,18451,0.0,0.0,0.0,0.000,0.000,50,0,69.2,89.0,83.0,1.075,12.100,12.140,12.134,12.025,1530,112.125,49.066,91.533,32.268,77.415,26.021,51.258,0.336,91.533,18.213,20.862,81.224,220.000,240.000,1920.0,1750.2,1680.0,1907.5,1815.0,47.0,11.0,0.0,2.0,86.1,5.3,21.4,0.0,0.0,0.0,45,Yes,No,No,Yes,Yes,No,No,49.9,51.0,5,0,0,0,0,0,0,0,0,131,0,0,0,0,0,0,0,0,0,0,0,0,0,0,0,0,0,0,0,0,1139,7053,6910,862,8.0,80.8,117.2,52.7,39.0,37.9,37.9,80.8,104.1,52.8,37.5,36.3,36.3,12.38,18.60,8.68,7.78,26.24,26.24,5.91,6.46,11.53,0.85,1.72,0,0,0.0,0.0,9106,169,2.0,3.2,0,
7.7.2026,20:6:54.531,26994,19000,58.6,17211,15471,52.6,0.6,13312,79,1.291,1.300,1.300,1.275,1.288,1.275,1.300,1.294,1.300,4014.6,4017.8,4017.8,4017.8,3992.8,4017.8,4017.8,4017.8,4017.8,99.8,4011.0,4025.5,4010.0,4009.9,4010.6,4010.3,4010.3,4010.7,4011.2,4008.5,4009.3,4010.0,4010.9,4009.2,4009.1,4010.2,4010.5,4011.0,100.0,100.0,100.0,100.0,100.0,100.0,100.0,100.0,100.0,100.0,100.0,100.0,100.0,100.0,100.0,100.0,100.0,100.0,100.0,111.6,111.6,111.6,111.6,111.6,111.6,111.6,111.6,111.6,111.6,111.6,111.6,111.6,111.6,111.6,111.6,111.6,111.6,40.2,40.2,40.2,40.2,40.0,40.2,40.2,40.2,40.2,0.0,100.0,100.0,100.0,100.0,100.0,100.0,100.0,100.0,100.0,0.0,0.0,0.0,0.0,0.0,0.0,0.0,0.0,0.0,0.0,0.0,0.0,0.0,0.0,0.0,0.0,0.0,0.0,1197.8,12.00,16,16,16,39,55,661,1,81.8,80.2,83.2,77.1,77.7,76.7,78.7,76.3,77.1,76.7,77.0,77.1,68.4,68.5,68.3,57.8,55.1,1.312,1.038,1.325,19.984,11.954,19.976,90.000,48.001,5.915,6.316,6.037,6.234,5.296,5.925,5.559,6.167,5.787,26.331,12.353,38.683,48.112,1197.8,1197.8,4025.5,4025.5,4025.5,4025.5,54.7,33.3,100.0,84.4,56.1,No,No,No,4.977,0.360,8.0,51,95.0,100.0,No,No,91259,99040,32,99.0,No,No,3320,0.7,0.6,1.3,0.848,1.576,21722,18454,0.0,0.0,0.0,0.000,0.000,50,0,69.2,88.9,83.0,1.075,12.103,12.145,12.136,12.027,1535,110.152,46.477,92.088,31.880,77.260,25.965,51.157,0.336,92.088,17.109,7.578,69.308,220.000,240.000,1920.0,1750.2,1680.0,1907.7,1815.0,45.0,10.0,0.0,2.0,86.1,5.1,20.3,0.0,0.0,0.0,45,Yes,No,No,Yes,Yes,No,No,50.0,53.7,5,0,0,0,0,0,0,0,0,131,0,0,0,0,0,0,0,0,0,0,0,0,0,0,0,0,0,0,0,0,1139,7053,6910,862,8.0,83.1,157.9,45.8,35.8,34.9,34.9,83.1,151.1,48.1,36.8,35.9,35.9,12.03,21.90,6.39,6.01,28.71,28.71,5.88,6.16,11.25,0.78,1.96,0,0,0.0,0.0,9106,169,0.7,0.4,0,
7.7.2026,20:6:56.521,27057,18937,58.8,17264,15418,52.8,0.6,13312,79,1.295,1.294,1.294,1.294,1.300,1.294,1.294,1.300,1.294,4014.6,4017.8,4017.8,3992.8,4017.8,4017.8,4017.8,4017.8,4017.8,99.8,4009.9,4023.2,4008.5,4008.7,4009.1,4008.8,4009.2,4009.8,4010.2,4007.9,4007.7,4008.6,4009.6,4008.2,4008.7,4009.4,4009.9,4009.9,100.0,100.0,100.0,100.0,100.0,100.0,100.0,100.0,100.0,100.0,100.0,100.0,100.0,100.0,100.0,100.0,100.0,100.0,100.0,111.6,111.6,111.6,111.6,111.6,111.6,111.6,111.6,111.6,111.6,111.6,111.6,111.6,111.6,111.6,111.6,111.6,111.6,40.2,40.2,40.2,40.0,40.2,40.2,40.2,40.2,40.2,0.0,100.0,100.0,100.0,100.0,100.0,100.0,100.0,100.0,100.0,0.0,0.0,0.0,0.0,0.0,0.0,0.0,0.0,0.0,0.0,0.0,0.0,0.0,0.0,0.0,0.0,0.0,0.0,1197.8,12.00,16,16,16,39,55,661,1,81.9,82.4,80.5,79.2,79.3,78.3,80.6,78.4,79.3,79.6,78.5,79.3,68.9,69.0,68.9,60.0,55.4,1.319,1.038,1.325,22.580,11.902,22.590,90.000,51.420,6.511,6.771,6.450,6.780,6.052,6.610,6.546,6.435,6.447,29.734,12.316,42.050,51.499,1197.8,1197.8,4023.2,4023.2,4023.2,4023.2,58.5,37.6,100.0,86.8,57.2,No,No,No,4.726,0.378,8.0,51,95.0,100.0,No,No,91259,99040,32,99.0,No,No,3320,0.8,0.5,1.3,0.796,1.947,21724,18458,0.0,0.0,0.0,0.000,0.000,50,0,69.3,89.1,83.0,1.075,12.098,12.140,12.133,12.022,1535,112.227,49.864,96.142,33.918,80.842,26.436,54.260,0.336,96.142,18.668,7.560,84.338,220.000,240.000,1920.0,1750.2,1680.0,1907.5,1815.0,48.0,11.0,0.0,2.0,86.1,4.9,19.8,0.0,0.0,0.0,45,Yes,No,No,Yes,Yes,No,No,52.5,54.2,5,0,0,0,0,0,0,0,0,131,0,0,0,0,0,0,0,0,0,0,0,0,0,0,0,0,0,0,0,0,1139,7053,6910,862,8.0,82.6,128.6,38.2,34.4,34.0,34.0,82.7,136.8,38.8,35.8,35.4,35.4,12.10,26.17,7.51,7.49,29.57,29.57,5.85,6.24,11.32,0.78,2.17,0,0,0.0,0.0,9106,169,0.3,0.3,0,
7.7.2026,20:6:58.537,26980,19014,58.6,17192,15490,52.6,0.6,13312,79,1.292,1.300,1.275,1.275,1.281,1.300,1.294,1.294,1.319,4008.4,4017.8,3992.8,3992.8,3992.8,4017.8,4017.8,4017.8,4017.8,99.8,4009.2,4023.4,4008.7,4008.5,4008.7,4008.8,4008.9,4009.4,4009.9,4006.4,4006.6,4007.9,4008.6,4006.7,4007.2,4008.3,4008.6,4009.2,100.0,100.0,100.0,100.0,100.0,100.0,100.0,100.0,100.0,100.0,100.0,100.0,100.0,100.0,100.0,100.0,100.0,100.0,100.0,111.6,111.6,111.6,111.6,111.6,111.6,111.6,111.6,111.6,111.6,111.6,111.6,111.6,111.6,111.6,111.6,111.6,111.6,40.2,40.2,40.0,40.0,40.0,40.2,40.2,40.2,40.2,0.0,100.0,100.0,100.0,100.0,100.0,100.0,100.0,100.0,100.0,0.0,0.0,0.0,0.0,0.0,0.0,0.0,0.0,0.0,0.0,0.0,0.0,0.0,0.0,0.0,0.0,0.0,0.0,1197.8,12.00,16,16,16,39,55,661,1,82.2,83.2,81.5,79.9,79.7,79.4,81.6,81.6,79.0,79.5,78.5,80.0,69.2,69.3,69.1,59.2,55.6,1.312,1.038,1.325,23.561,11.915,23.556,90.000,52.663,6.677,6.704,6.581,7.174,7.231,6.433,6.310,6.411,6.568,31.012,12.332,43.344,52.795,1197.8,1197.8,4023.4,4023.4,4023.4,4023.4,60.0,39.3,100.0,87.6,57.7,No,No,No,4.857,0.387,8.0,51,95.0,100.0,No,No,91259,99040,32,99.0,No,No,3320,1.2,0.5,1.7,0.429,1.499,21724,18460,0.0,0.0,0.0,0.000,0.000,50,0,69.2,88.9,83.0,1.075,12.096,12.136,12.130,12.021,1535,113.020,48.450,93.974,33.035,78.714,25.965,52.628,0.336,93.974,17.836,7.657,80.376,220.000,240.000,1920.0,1750.2,1680.0,1907.5,1815.0,47.0,10.0,0.0,3.0,86.1,5.1,20.3,0.0,0.0,0.0,45,Yes,No,No,Yes,Yes,No,No,50.8,54.7,5,0,0,0,0,0,0,0,0,131,0,0,0,0,0,0,0,0,0,0,0,0,0,0,0,0,0,0,0,0,1139,7053,6910,862,8.0,84.8,130.2,65.8,61.3,60.8,60.8,84.7,129.3,64.0,60.5,60.1,60.1,11.80,15.23,7.65,7.38,16.71,16.71,5.91,5.90,10.99,0.81,1.57,0,0,0.0,0.0,9106,169,0.8,0.4,0,
7.7.2026,20:7:0.537,26980,19014,58.6,17192,15490,52.6,0.6,13312,79,1.292,1.300,1.275,1.275,1.281,1.300,1.294,1.294,1.319,4008.4,4017.8,3992.8,3992.8,3992.8,4017.8,4017.8,4017.8,4017.8,99.8,4009.2,4023.4,4008.7,4008.5,4008.7,4008.8,4008.9,4009.4,4009.9,4006.4,4006.6,4007.9,4008.6,4006.7,4007.2,4008.3,4008.6,4009.2,100.0,100.0,100.0,100.0,100.0,100.0,100.0,100.0,100.0,100.0,100.0,100.0,100.0,100.0,100.0,100.0,100.0,100.0,100.0,111.6,111.6,111.6,111.6,111.6,111.6,111.6,111.6,111.6,111.6,111.6,111.6,111.6,111.6,111.6,111.6,111.6,111.6,40.2,40.2,40.0,40.0,40.0,40.2,40.2,40.2,40.2,0.0,100.0,100.0,100.0,100.0,100.0,100.0,100.0,100.0,100.0,0.0,0.0,0.0,0.0,0.0,0.0,0.0,0.0,0.0,0.0,0.0,0.0,0.0,0.0,0.0,0.0,0.0,0.0,1197.8,12.00,16,16,16,39,55,661,1,82.2,83.2,81.5,79.9,79.7,79.4,81.6,81.6,79.0,79.5,78.5,80.0,69.2,69.3,69.1,59.2,55.6,1.312,1.038,1.325,23.561,11.915,23.556,90.000,52.663,6.677,6.704,6.581,7.174,7.231,6.433,6.310,6.411,6.568,31.012,12.332,43.344,52.795,1197.8,1197.8,4023.4,4023.4,4023.4,4023.4,60.0,39.3,100.0,87.6,57.7,No,No,No,4.857,0.387,8.0,51,95.0,100.0,No,No,91259,99040,32,99.0,No,No,3320,1.2,0.5,1.7,0.429,1.499,21724,18460,0.0,0.0,0.0,0.000,0.000,50,0,69.0,88.5,83.0,1.075,12.098,12.139,12.132,12.022,1537,110.914,47.437,90.266,31.926,77.426,25.944,51.351,0.336,90.266,19.144,7.953,79.757,220.000,240.000,1920.0,1750.2,1680.0,1907.4,1815.0,46.0,10.0,0.0,2.0,86.1,5.4,21.7,0.0,0.0,0.0,45,Yes,No,No,Yes,Yes,No,No,50.1,56.0,5,0,0,0,0,0,0,0,0,131,0,0,0,0,0,0,0,0,0,0,0,0,0,0,0,0,0,0,0,0,1139,7053,6910,862,8.0,84.8,130.2,65.8,61.3,60.8,60.8,84.7,129.3,64.0,60.5,60.1,60.1,11.80,15.23,7.65,7.38,16.71,16.71,5.91,5.90,10.99,0.81,1.57,0,0,0.0,0.0,9106,169,0.8,0.4,0,
7.7.2026,20:7:2.552,27106,18887,58.9,17310,15372,52.9,0.6,13312,79,1.298,1.294,1.294,1.294,1.294,1.319,1.294,1.294,1.300,4024.0,4017.8,4017.8,4017.8,4042.7,4017.8,4042.7,4017.8,4017.8,99.8,4010.1,4024.3,4008.7,4009.1,4009.5,4009.4,4009.5,4010.2,4010.4,4007.8,4008.2,4008.9,4009.9,4008.1,4008.3,4009.3,4009.3,4010.1,100.0,100.0,100.0,100.0,100.0,100.0,100.0,100.0,100.0,100.0,100.0,100.0,100.0,100.0,100.0,100.0,100.0,100.0,100.0,111.6,111.6,111.6,111.6,111.6,111.6,111.6,111.6,111.6,111.6,111.6,111.6,111.6,111.6,111.6,111.6,111.6,111.6,40.3,40.2,40.2,40.2,40.5,40.2,40.5,40.2,40.2,0.0,100.0,100.0,100.0,100.0,100.0,100.0,100.0,100.0,100.0,0.0,0.0,0.0,0.0,0.0,0.0,0.0,0.0,0.0,0.0,0.0,0.0,0.0,0.0,0.0,0.0,0.0,0.0,1197.8,12.00,16,16,16,39,55,661,1,81.4,81.0,85.2,78.0,78.2,77.7,79.0,76.8,77.8,77.4,78.1,79.0,68.4,68.5,68.3,58.0,55.4,1.312,1.044,1.331,21.313,11.948,21.302,90.000,49.716,6.193,6.445,6.329,6.323,5.532,6.147,5.783,6.524,6.462,28.082,12.355,40.437,49.870,1197.8,1197.8,4024.3,4024.3,4024.3,4024.3,56.7,35.5,100.0,85.3,56.8,No,No,No,5.049,0.351,8.0,51,95.0,100.0,No,No,91259,99040,32,99.0,No,No,3320,0.6,0.1,0.6,1.126,0.106,21729,18466,0.0,0.0,0.0,0.000,0.000,50,0,68.4,87.6,83.0,1.075,12.105,12.147,12.137,12.030,1537,112.179,48.092,87.739,29.966,74.378,25.516,48.741,0.336,87.739,16.680,52.219,57.605,220.000,240.000,1920.0,1750.2,1680.0,1907.7,1815.0,42.0,10.0,0.0,2.0,86.2,5.6,22.6,0.0,0.0,0.0,45,Yes,No,No,Yes,Yes,No,No,47.5,46.4,5,0,0,0,0,0,0,0,0,131,0,0,0,0,0,0,0,0,0,0,0,0,0,0,0,0,0,0,0,0,1135,7057,6914,865,8.0,73.4,99.6,47.7,45.6,45.3,45.3,73.3,114.7,47.1,44.4,44.1,44.1,13.62,20.74,10.21,10.04,21.97,21.97,5.89,7.75,12.76,0.86,2.29,0,0,0.0,0.0,9106,169,0.2,0.1,0,
7.7.2026,20:7:4.561,27084,18910,58.8,17301,15381,52.9,0.6,13312,79,1.292,1.294,1.294,1.275,1.294,1.294,1.319,1.294,1.275,4011.5,4017.8,4017.8,3992.8,4017.8,3992.8,4017.8,4017.8,4017.8,99.8,4005.4,4019.8,4004.6,4004.9,4005.0,4004.9,4004.9,4005.4,4005.9,4003.4,4003.3,4003.9,4005.0,4003.0,4003.2,4004.6,4004.9,4005.4,100.0,100.0,100.0,100.0,100.0,100.0,100.0,100.0,100.0,100.0,100.0,100.0,100.0,100.0,100.0,100.0,100.0,100.0,100.0,111.5,111.5,111.5,111.5,111.5,111.5,111.5,111.5,111.5,111.5,111.5,111.5,111.5,111.5,111.5,111.5,111.5,111.5,40.2,40.2,40.2,40.0,40.2,40.0,40.2,40.2,40.2,0.0,100.0,100.0,100.0,100.0,100.0,100.0,100.0,100.0,100.0,0.0,0.0,0.0,0.0,0.0,0.0,0.0,0.0,0.0,0.0,0.0,0.0,0.0,0.0,0.0,0.0,0.0,0.0,1197.8,12.00,16,16,16,39,55,661,1,82.9,83.8,83.5,80.2,79.0,78.1,81.2,78.5,80.4,81.5,80.9,82.0,69.0,69.0,69.0,59.5,55.6,1.319,1.038,1.331,23.836,11.904,23.839,90.000,52.929,6.791,6.481,6.131,6.974,6.033,6.950,7.101,7.283,7.372,31.357,12.323,43.680,53.129,1197.8,1197.8,4019.8,4019.8,4019.8,4019.8,60.4,39.7,100.0,88.2,57.9,No,No,No,4.817,0.381,8.0,51,95.0,100.0,No,No,91259,99040,32,99.0,No,No,3320,0.9,0.2,1.1,1.613,0.586,21732,18467,0.0,0.0,0.0,0.000,0.000,50,0,68.9,88.7,83.0,1.075,12.103,12.146,12.136,12.027,1542,110.456,47.190,92.484,32.029,77.406,25.895,51.376,0.336,92.484,17.014,7.669,75.207,220.000,240.000,1920.0,1750.2,1680.0,1907.7,1815.0,46.0,11.0,0.0,2.0,86.1,5.0,19.8,0.0,0.0,0.0,45,Yes,No,No,Yes,Yes,No,No,49.9,53.4,5,0,0,0,0,0,0,0,0,131,0,0,0,0,0,0,0,0,0,0,0,0,0,0,0,0,0,0,0,0,1139,7053,6910,864,8.0,84.8,119.0,55.9,32.4,31.0,31.0,84.8,124.2,51.0,32.9,31.7,31.7,11.79,17.79,8.62,7.55,32.33,32.33,5.83,5.95,11.01,0.77,2.16,0,0,0.0,0.0,9106,169,0.2,0.1,0,
7.7.2026,20:7:6.567,27062,18932,58.8,17250,15432,52.7,0.6,13312,79,1.291,1.319,1.294,1.294,1.281,1.281,1.300,1.269,1.288,4020.9,4042.7,4017.8,4017.8,4017.8,4017.8,4017.8,4017.8,4017.8,99.8,4007.8,4022.0,4006.5,4006.7,4007.5,4007.5,4007.7,4008.1,4008.4,4005.3,4005.5,4006.2,4007.3,4005.4,4005.8,4007.0,4007.4,4007.8,100.0,100.0,100.0,100.0,100.0,100.0,100.0,100.0,100.0,100.0,100.0,100.0,100.0,100.0,100.0,100.0,100.0,100.0,100.0,111.5,111.6,111.6,111.6,111.6,111.6,111.6,111.6,111.6,111.5,111.5,111.5,111.5,111.5,111.5,111.5,111.5,111.5,40.3,40.5,40.2,40.2,40.2,40.2,40.2,40.2,40.2,0.0,100.0,100.0,100.0,100.0,100.0,100.0,100.0,100.0,100.0,0.0,0.0,0.0,0.0,0.0,0.0,0.0,0.0,0.0,0.0,0.0,0.0,0.0,0.0,0.0,0.0,0.0,0.0,1197.8,12.00,16,16,16,39,55,661,1,83.1,83.4,82.0,79.8,79.5,79.2,81.3,79.8,78.7,78.2,80.9,80.9,69.1,69.2,69.0,59.2,55.3,1.312,1.031,1.325,23.259,11.933,23.267,90.000,52.423,6.520,6.652,6.643,6.853,6.328,5.988,5.583,7.147,6.964,30.614,12.350,42.964,52.427,1197.8,1197.8,4022.0,4022.0,4022.0,4022.0,59.6,38.8,100.0,87.8,57.6,No,No,No,4.873,0.387,8.0,51,95.0,100.0,No,No,91259,99040,32,99.0,No,No,3320,1.2,0.3,1.5,1.697,0.980,21735,18469,0.0,0.0,0.0,0.000,0.000,50,0,69.2,88.9,83.0,1.075,12.096,12.137,12.131,12.019,1539,113.269,48.263,96.409,33.778,79.978,26.287,53.559,0.336,96.409,17.389,7.857,70.632,220.000,240.000,1920.0,1750.2,1680.0,1907.5,1815.0,47.0,10.0,0.0,2.0,86.1,5.0,19.8,0.0,0.0,0.0,45,Yes,No,No,Yes,Yes,No,No,51.7,42.9,5,0,0,0,0,0,0,0,0,131,0,0,0,0,0,0,0,0,0,0,0,0,0,0,0,0,0,0,0,0,1139,7053,6910,864,8.0,82.5,154.7,42.1,34.3,33.6,33.6,82.9,247.1,42.5,34.7,34.0,34.0,12.11,23.83,6.45,6.33,29.67,29.67,5.90,6.21,11.32,0.79,3.32,0,0,0.0,0.0,9106,169,0.4,0.5,0,
7.7.2026,20:7:8.574,27034,18960,58.7,17227,15455,52.7,0.6,13312,79,1.283,1.275,1.275,1.269,1.294,1.269,1.294,1.275,1.312,4011.5,3992.8,3992.8,3992.8,4017.8,4042.7,4017.8,3992.8,4042.7,99.8,4009.7,4023.9,4008.8,4009.0,4009.4,4008.6,4008.7,4009.6,4010.2,4007.5,4007.7,4008.5,4009.5,4007.6,4007.8,4008.8,4009.1,4009.7,100.0,100.0,100.0,100.0,100.0,100.0,100.0,100.0,100.0,100.0,100.0,100.0,100.0,100.0,100.0,100.0,100.0,100.0,100.0,111.6,111.6,111.6,111.6,111.6,111.6,111.6,111.6,111.6,111.6,111.6,111.6,111.6,111.6,111.6,111.6,111.6,111.6,40.2,40.0,40.0,40.0,40.2,40.5,40.2,40.0,40.5,0.0,100.0,100.0,100.0,100.0,100.0,100.0,100.0,100.0,100.0,0.0,0.0,0.0,0.0,0.0,0.0,0.0,0.0,0.0,0.0,0.0,0.0,0.0,0.0,0.0,0.0,0.0,0.0,1197.8,12.00,16,16,16,39,55,661,1,82.5,81.9,80.0,79.8,78.5,77.4,79.9,78.0,77.5,76.4,79.4,79.3,69.1,68.6,68.5,57.8,54.7,1.312,1.038,1.325,21.383,11.969,21.387,90.000,49.924,6.520,6.449,6.153,6.509,5.860,5.726,5.121,6.755,6.304,28.171,12.376,40.547,49.998,1197.8,1197.8,4022.0,4023.9,4023.9,4023.9,59.6,38.8,100.0,87.8,57.6,No,No,No,4.873,0.387,8.0,51,95.0,100.0,No,No,91259,99040,32,99.0,No,No,3320,1.2,0.3,1.5,1.697,0.980,21735,18469,0.0,0.0,0.0,0.000,0.000,50,0,68.5,87.5,83.0,1.075,12.110,12.153,12.142,12.036,1547,106.157,45.935,82.768,27.977,71.247,25.156,45.978,0.336,82.768,16.566,49.257,57.298,220.000,240.000,1920.0,1750.2,1680.0,1908.0,1815.0,37.0,8.0,0.0,2.0,86.1,4.4,17.6,0.0,0.0,0.0,45,Yes,No,No,Yes,Yes,No,No,50.3,49.1,5,0,0,0,0,0,0,0,0,131,0,0,0,0,0,0,0,0,0,0,0,0,0,0,0,0,0,0,0,0,1139,7053,6910,864,8.0,82.5,154.7,42.1,34.3,33.6,33.6,82.9,247.1,42.5,34.7,34.0,34.0,12.11,23.83,6.45,6.33,29.67,29.67,5.90,6.21,11.32,0.79,3.32,0,0,0.0,0.0,9106,169,0.5,0.2,0,
7.7.2026,20:7:10.557,27101,18893,58.9,17293,15388,52.9,0.6,13312,79,1.293,1.294,1.288,1.294,1.294,1.294,1.294,1.294,1.294,4020.9,4017.8,4042.7,4017.8,4017.8,4017.8,4017.8,4017.8,4017.8,99.8,4010.9,4024.7,4009.8,4010.3,4010.7,4010.3,4010.7,4011.1,4011.3,4008.0,4007.8,4009.6,4010.6,4009.0,4009.4,4010.3,4010.7,4010.9,100.0,100.0,100.0,100.0,100.0,100.0,100.0,100.0,100.0,100.0,100.0,100.0,100.0,100.0,100.0,100.0,100.0,100.0,100.0,111.6,111.6,111.6,111.6,111.6,111.6,111.6,111.6,111.6,111.6,111.6,111.6,111.6,111.6,111.6,111.6,111.6,111.6,40.3,40.2,40.5,40.2,40.2,40.2,40.2,40.2,40.2,0.0,100.0,100.0,100.0,100.0,100.0,100.0,100.0,100.0,100.0,0.0,0.0,0.0,0.0,0.0,0.0,0.0,0.0,0.0,0.0,0.0,0.0,0.0,0.0,0.0,0.0,0.0,0.0,1197.8,12.00,16,16,16,39,55,661,1,82.4,81.7,84.0,78.4,79.1,78.2,79.9,76.6,78.9,78.6,78.4,77.7,68.4,68.5,68.4,59.5,56.1,1.319,1.031,1.331,21.799,11.970,21.798,90.000,50.441,6.345,6.681,6.610,6.626,5.371,6.628,6.354,6.530,5.960,28.725,12.380,41.105,50.543,1197.8,1197.8,4024.7,4024.7,4024.7,4024.7,57.4,36.3,100.0,86.1,57.0,No,No,No,4.972,0.343,8.0,52,95.0,100.0,No,No,91259,99040,32,99.0,No,No,3320,0.0,0.1,0.1,0.032,0.187,21737,18470,0.0,0.0,0.0,0.000,0.000,50,0,68.6,87.7,83.0,1.075,12.099,12.139,12.131,12.025,1542,105.971,47.852,87.209,30.021,74.136,25.565,48.450,0.336,87.209,17.036,50.409,58.154,220.000,240.000,1920.0,1750.2,1680.0,1907.9,1815.0,41.0,9.0,0.0,2.0,86.1,4.5,17.8,0.0,0.0,0.0,45,Yes,No,No,Yes,Yes,No,No,47.4,43.1,5,0,0,0,0,0,0,0,0,131,0,0,0,0,0,0,0,0,0,0,0,0,0,0,0,0,0,0,0,0,1139,7053,6910,864,8.0,81.6,153.0,39.8,39.0,39.0,39.0,81.5,175.6,42.8,40.6,40.3,40.3,12.25,25.22,6.63,6.08,25.99,25.99,5.84,6.42,11.45,0.80,2.76,0,0,0.0,0.0,9106,169,5.6,5.1,0,
7.7.2026,20:7:12.555,27101,18893,58.9,17293,15388,52.9,0.6,13312,79,1.293,1.294,1.288,1.294,1.294,1.294,1.294,1.294,1.294,4020.9,4017.8,4042.7,4017.8,4017.8,4017.8,4017.8,4017.8,4017.8,99.8,4010.9,4024.7,4009.8,4010.3,4010.7,4010.3,4010.7,4011.1,4011.3,4008.0,4007.8,4009.6,4010.6,4009.0,4009.4,4010.3,4010.7,4010.9,100.0,100.0,100.0,100.0,100.0,100.0,100.0,100.0,100.0,100.0,100.0,100.0,100.0,100.0,100.0,100.0,100.0,100.0,100.0,111.6,111.6,111.6,111.6,111.6,111.6,111.6,111.6,111.6,111.6,111.6,111.6,111.6,111.6,111.6,111.6,111.6,111.6,40.3,40.2,40.5,40.2,40.2,40.2,40.2,40.2,40.2,0.0,100.0,100.0,100.0,100.0,100.0,100.0,100.0,100.0,100.0,0.0,0.0,0.0,0.0,0.0,0.0,0.0,0.0,0.0,0.0,0.0,0.0,0.0,0.0,0.0,0.0,0.0,0.0,1197.8,12.00,16,16,16,39,55,661,1,82.4,81.7,84.0,78.4,79.1,78.2,79.9,76.6,78.9,78.6,78.4,77.7,68.4,68.5,68.4,59.5,56.1,1.319,1.031,1.331,21.799,11.970,21.798,90.000,50.441,6.345,6.681,6.610,6.626,5.371,6.628,6.354,6.530,5.960,28.725,12.380,41.105,50.543,1197.8,1197.8,4024.7,4024.7,4024.7,4024.7,57.4,36.3,100.0,86.1,57.0,No,No,No,4.972,0.343,8.0,52,95.0,100.0,No,No,91259,99040,32,99.0,No,No,3320,0.0,0.1,0.1,0.032,0.187,21737,18470,0.0,0.0,0.0,0.000,0.000,50,0,69.2,88.8,83.0,1.075,12.097,12.138,12.131,12.023,1542,111.597,49.093,91.712,32.154,77.507,26.017,51.363,0.336,91.712,18.022,17.854,84.251,220.000,240.000,1920.0,1750.2,1680.0,1907.4,1815.0,47.0,11.0,0.0,2.0,86.1,5.2,20.6,0.0,0.0,0.0,45,Yes,No,No,Yes,Yes,No,No,49.9,53.8,5,0,0,0,0,0,0,0,0,131,0,0,0,0,0,0,0,0,0,0,0,0,0,0,0,0,0,0,0,0,1139,7053,6910,865,8.0,81.6,153.0,39.8,39.0,39.0,39.0,81.5,175.6,42.8,40.6,40.3,40.3,12.25,25.22,6.63,6.08,25.99,25.99,5.84,6.42,11.45,0.80,2.76,0,0,0.0,0.0,9106,169,5.6,5.1,0,
7.7.2026,20:7:14.562,27083,18910,58.8,17273,15408,52.8,0.6,13312,79,1.295,1.306,1.294,1.288,1.312,1.294,1.294,1.275,1.294,4014.6,4017.8,4017.8,4017.8,4017.8,4017.8,4017.8,3992.8,4017.8,99.8,4010.2,4024.3,4009.0,4009.6,4010.1,4009.4,4009.6,4010.0,4010.5,4007.7,4008.1,4008.8,4009.6,4008.2,4008.2,4009.5,4009.8,4010.2,100.0,100.0,100.0,100.0,100.0,100.0,100.0,100.0,100.0,100.0,100.0,100.0,100.0,100.0,100.0,100.0,100.0,100.0,100.0,111.6,111.6,111.6,111.6,111.6,111.6,111.6,111.6,111.6,111.6,111.6,111.6,111.6,111.6,111.6,111.6,111.6,111.6,40.2,40.2,40.2,40.2,40.2,40.2,40.2,40.0,40.2,0.0,100.0,100.0,100.0,100.0,100.0,100.0,100.0,100.0,100.0,0.0,0.0,0.0,0.0,0.0,0.0,0.0,0.0,0.0,0.0,0.0,0.0,0.0,0.0,0.0,0.0,0.0,0.0,1197.8,12.00,16,16,16,39,55,661,1,90.0,83.0,86.8,79.4,79.2,78.4,81.8,79.9,79.0,79.6,78.1,79.0,68.9,69.0,68.8,59.8,55.5,1.319,1.044,1.331,23.096,11.916,23.094,90.000,52.078,6.593,6.566,6.280,7.339,6.697,6.568,6.766,6.263,6.264,30.415,12.332,42.747,52.194,1197.8,1197.8,4024.3,4024.3,4024.3,4024.3,59.3,38.5,100.0,87.4,57.6,No,No,No,4.832,0.392,8.0,51,95.0,100.0,No,No,91259,99040,32,99.0,No,No,3320,0.2,0.1,0.3,0.259,0.226,21738,18470,0.0,0.0,0.0,0.000,0.000,50,0,69.2,88.9,83.0,1.075,12.099,12.142,12.133,12.023,1542,112.504,47.813,92.977,32.055,78.343,26.139,52.068,0.336,92.977,17.473,8.148,77.616,220.000,240.000,1920.0,1750.2,1680.0,1907.2,1815.0,47.0,11.0,0.0,2.0,86.1,5.2,21.0,0.0,0.0,0.0,45,Yes,No,No,Yes,Yes,No,No,50.2,53.7,5,0,0,0,0,0,0,0,0,131,0,0,0,0,0,0,0,0,0,0,0,0,0,0,0,0,0,0,0,0,1139,7053,6910,865,8.0,84.0,101.3,65.5,60.0,59.4,59.4,83.9,173.4,58.8,57.3,57.2,57.2,11.90,15.32,9.87,9.63,16.85,16.85,5.87,6.04,11.13,0.77,2.04,0,0,0.0,0.0,9106,169,0.4,0.1,0,
7.7.2026,20:7:16.568,27037,18956,58.7,17239,15443,52.7,0.6,13312,79,1.298,1.294,1.300,1.294,1.294,1.288,1.319,1.294,1.300,4020.9,4017.8,4017.8,4017.8,4017.8,4017.8,4042.7,4017.8,4017.8,99.8,4012.5,4026.4,4011.4,4011.2,4011.8,4012.0,4012.0,4012.7,4013.2,4010.4,4010.9,4011.7,4012.4,4010.3,4010.5,4011.8,4011.8,4012.5,100.0,100.0,100.0,100.0,100.0,100.0,100.0,100.0,100.0,100.0,100.0,100.0,100.0,100.0,100.0,100.0,100.0,100.0,100.0,111.7,111.7,111.7,111.7,111.7,111.7,111.7,111.7,111.7,111.7,111.7,111.7,111.7,111.7,111.7,111.7,111.7,111.7,40.3,40.2,40.2,40.2,40.2,40.2,40.5,40.2,40.2,0.0,100.0,100.0,100.0,100.0,100.0,100.0,100.0,100.0,100.0,0.0,0.0,0.0,0.0,0.0,0.0,0.0,0.0,0.0,0.0,0.0,0.0,0.0,0.0,0.0,0.0,0.0,0.0,1197.8,12.00,16,16,16,39,55,661,1,84.4,81.3,81.0,77.7,78.2,77.2,80.0,78.6,77.1,76.3,77.1,77.2,68.4,68.5,68.3,60.2,55.6,1.312,1.038,1.325,20.951,11.967,20.956,90.000,49.353,6.054,6.381,6.237,6.758,6.269,5.804,5.221,6.044,5.721,27.614,12.371,39.985,49.434,1197.8,1197.8,4026.4,4026.4,4026.4,4026.4,56.2,34.9,100.0,85.6,56.4,No,No,No,4.947,0.373,8.0,51,95.0,100.0,No,No,91259,99040,32,99.0,No,No,3320,1.7,0.9,2.6,3.142,11.958,21741,18484,0.0,0.0,0.0,0.000,0.000,50,0,69.2,88.9,83.0,1.075,12.105,12.146,12.139,12.030,1551,109.917,46.406,91.019,32.176,77.510,26.010,51.373,0.336,91.019,18.736,7.721,68.166,220.000,240.000,1920.0,1750.2,1680.0,1907.8,1815.0,45.0,10.0,0.0,2.0,86.1,4.5,18.1,0.0,0.0,0.0,45,Yes,No,No,Yes,Yes,No,No,49.9,47.6,5,0,0,0,0,0,0,0,0,131,0,0,0,0,0,0,0,0,0,0,0,0,0,0,0,0,0,0,0,0,1139,7053,6910,865,8.0,80.6,153.5,35.2,33.1,32.9,32.9,80.6,182.1,35.5,33.0,32.7,32.7,12.41,28.49,6.55,6.25,30.42,30.42,5.79,6.61,11.62,0.79,2.85,0,0,0.0,0.0,9106,169,0.2,0.2,0,
7.7.2026,20:7:18.568,27037,18956,58.7,17239,15443,52.7,0.6,13312,79,1.298,1.294,1.300,1.294,1.294,1.288,1.319,1.294,1.300,4020.9,4017.8,4017.8,4017.8,4017.8,4017.8,4042.7,4017.8,4017.8,99.8,4012.5,4026.4,4011.4,4011.2,4011.8,4012.0,4012.0,4012.7,4013.2,4010.4,4010.9,4011.7,4012.4,4010.3,4010.5,4011.8,4011.8,4012.5,100.0,100.0,100.0,100.0,100.0,100.0,100.0,100.0,100.0,100.0,100.0,100.0,100.0,100.0,100.0,100.0,100.0,100.0,100.0,111.7,111.7,111.7,111.7,111.7,111.7,111.7,111.7,111.7,111.7,111.7,111.7,111.7,111.7,111.7,111.7,111.7,111.7,40.3,40.2,40.2,40.2,40.2,40.2,40.5,40.2,40.2,0.0,100.0,100.0,100.0,100.0,100.0,100.0,100.0,100.0,100.0,0.0,0.0,0.0,0.0,0.0,0.0,0.0,0.0,0.0,0.0,0.0,0.0,0.0,0.0,0.0,0.0,0.0,0.0,1197.8,12.00,16,16,16,39,55,661,1,84.4,81.3,81.0,77.7,78.2,77.2,80.0,78.6,77.1,76.3,77.1,77.2,68.4,68.5,68.3,60.2,55.6,1.312,1.038,1.325,20.951,11.967,20.956,90.000,49.353,6.054,6.381,6.237,6.758,6.269,5.804,5.221,6.044,5.721,27.614,12.371,39.985,49.434,1197.8,1197.8,4026.4,4026.4,4026.4,4026.4,56.2,34.9,100.0,85.6,56.4,No,No,No,4.947,0.373,8.0,51,95.0,100.0,No,No,91259,99040,32,99.0,No,No,3320,1.7,0.9,2.6,3.142,11.958,21741,18484,0.0,0.0,0.0,0.000,0.000,50,0,68.9,88.4,83.0,1.075,12.100,12.142,12.134,12.024,1547,111.124,48.539,92.262,32.286,78.265,26.057,52.077,0.336,92.262,18.343,8.091,85.410,220.000,240.000,1920.0,1750.2,1680.0,1907.4,1815.0,45.0,11.0,0.0,2.0,86.1,5.3,21.2,0.0,0.0,0.0,45,Yes,No,No,Yes,Yes,No,No,50.6,48.4,5,0,0,0,0,0,0,0,0,131,0,0,0,0,0,0,0,0,0,0,0,0,0,0,0,0,0,0,0,0,1139,7053,6910,866,8.0,80.1,122.1,39.1,36.4,36.1,36.1,79.9,148.4,36.2,34.0,33.8,33.8,12.49,25.89,8.17,7.26,27.97,27.97,5.89,6.62,11.67,0.82,2.81,0,0,0.0,0.0,9106,169,0.9,0.2,0,
7.7.2026,20:7:20.567,27188,18806,59.1,17450,15232,53.3,0.6,13312,79,1.291,1.288,1.288,1.294,1.294,1.294,1.275,1.294,1.300,4017.8,4042.7,4017.8,3992.8,4017.8,4042.7,3992.8,4017.8,4017.8,99.8,4011.5,4026.3,4010.7,4010.9,4010.9,4010.7,4010.8,4011.5,4011.8,4009.1,4009.6,4010.5,4011.2,4009.4,4009.9,4010.6,4010.6,4011.5,100.0,100.0,100.0,100.0,100.0,100.0,100.0,100.0,100.0,100.0,100.0,100.0,100.0,100.0,100.0,100.0,100.0,100.0,100.0,111.7,111.7,111.7,111.7,111.7,111.7,111.7,111.7,111.7,111.6,111.6,111.6,111.6,111.6,111.6,111.6,111.6,111.7,40.2,40.5,40.2,40.0,40.2,40.5,40.0,40.2,40.2,0.0,100.0,100.0,100.0,100.0,100.0,100.0,100.0,100.0,100.0,0.0,0.0,0.0,0.0,0.0,0.0,0.0,0.0,0.0,0.0,0.0,0.0,0.0,0.0,0.0,0.0,0.0,0.0,1197.8,12.00,16,16,16,39,55,661,1,82.9,81.4,81.2,77.9,77.9,77.0,80.4,77.9,77.7,77.8,77.1,77.2,68.3,68.4,68.2,57.8,55.2,1.325,1.031,1.325,21.380,11.954,21.384,90.000,49.922,6.188,6.348,6.098,6.937,6.063,6.026,5.827,6.155,6.050,28.176,12.363,40.538,49.988,1197.8,1197.8,4026.3,4026.3,4026.3,4026.3,56.8,35.6,100.0,85.7,56.8,No,No,No,5.010,0.373,8.0,51,95.0,100.0,No,No,91259,99040,32,99.0,No,No,3320,3.3,0.5,3.8,0.773,2.872,21743,18490,0.0,0.0,0.0,0.000,0.000,50,0,68.7,88.2,83.0,1.075,12.095,12.136,12.130,12.019,1544,104.704,48.274,96.000,33.919,80.529,26.213,54.183,0.336,96.000,18.516,11.406,65.641,220.000,240.000,1920.0,1750.2,1680.0,1907.7,1815.0,46.0,11.0,0.0,3.0,86.1,4.8,19.2,0.0,0.0,0.0,45,Yes,No,No,Yes,Yes,No,No,50.7,54.9,5,0,0,0,0,0,0,0,0,131,0,0,0,0,0,0,0,0,0,0,0,0,0,0,0,0,0,0,0,0,1139,7053,6910,865,8.0,75.5,116.6,40.1,39.7,39.6,39.6,75.5,137.7,42.3,41.7,41.7,41.7,13.25,24.90,8.41,7.12,25.31,25.31,5.85,7.40,12.38,0.87,2.83,0,0,0.0,0.0,9106,169,2.8,3.5,0,
7.7.2026,20:7:22.556,27155,18839,59.0,17411,15270,53.2,0.6,13312,79,1.291,1.300,1.275,1.275,1.300,1.294,1.288,1.294,1.300,4011.5,4017.8,3992.8,3992.8,4017.8,4017.8,4017.8,4017.8,4017.8,99.8,4009.4,4024.1,4008.7,4008.9,4008.9,4008.6,4008.8,4008.7,4009.6,4006.6,4007.3,4008.2,4009.0,4007.0,4008.1,4009.0,4009.5,4009.4,100.0,100.0,100.0,100.0,100.0,100.0,100.0,100.0,100.0,100.0,100.0,100.0,100.0,100.0,100.0,100.0,100.0,100.0,100.0,111.6,111.6,111.6,111.6,111.6,111.6,111.6,111.6,111.6,111.6,111.6,111.6,111.6,111.6,111.6,111.6,111.6,111.6,40.2,40.2,40.0,40.0,40.2,40.2,40.2,40.2,40.2,0.0,100.0,100.0,100.0,100.0,100.0,100.0,100.0,100.0,100.0,0.0,0.0,0.0,0.0,0.0,0.0,0.0,0.0,0.0,0.0,0.0,0.0,0.0,0.0,0.0,0.0,0.0,0.0,1197.8,12.00,16,16,16,39,55,661,1,82.9,82.4,83.0,79.0,78.5,78.0,80.6,79.1,78.9,79.5,78.3,79.4,68.5,68.6,68.4,59.0,54.9,1.312,1.038,1.325,22.919,11.929,22.906,90.000,51.644,6.520,6.502,6.390,6.866,6.315,6.685,6.515,6.405,6.479,30.180,12.346,42.526,51.955,1197.8,1197.8,4024.1,4024.1,4024.1,4024.1,59.0,38.2,100.0,86.7,58.4,No,No,No,4.990,0.357,8.0,51,95.0,100.0,No,No,91259,99040,32,99.0,No,No,3320,0.3,0.3,0.6,0.260,5.501,21744,18505,0.0,0.0,0.0,0.000,0.000,50,0,68.8,88.1,83.0,1.075,12.103,12.145,12.135,12.029,1549,110.474,45.749,85.813,29.804,73.734,25.549,48.056,0.336,85.813,17.808,7.662,82.919,220.000,240.000,1920.0,1750.2,1680.0,1907.4,1815.0,44.0,10.0,0.0,2.0,86.1,5.3,21.3,0.0,0.0,0.0,45,Yes,No,No,Yes,Yes,No,No,52.4,55.1,5,0,0,0,0,0,0,0,0,131,0,0,0,0,0,0,0,0,0,0,0,0,0,0,0,0,0,0,0,0,1139,7053,6910,865,8.0,81.6,121.3,45.3,40.0,39.5,39.5,81.3,140.6,46.4,40.8,40.3,40.3,12.25,22.06,8.20,8.05,25.34,25.34,5.87,6.39,11.47,0.78,2.81,0,0,0.0,0.0,9106,169,0.2,0.3,0,
7.7.2026,20:7:24.557,27069,18925,58.8,17319,15363,52.9,0.6,13312,79,1.296,1.300,1.294,1.294,1.300,1.294,1.294,1.300,1.294,4017.8,4017.8,4017.8,4017.8,4017.8,4017.8,4017.8,4017.8,4017.8,99.8,4010.5,4023.1,4008.6,4008.7,4009.8,4009.6,4009.9,4011.6,4011.7,4008.3,4009.7,4010.3,4010.5,4008.3,4008.7,4009.6,4009.6,4010.5,100.0,100.0,100.0,100.0,100.0,100.0,100.0,100.0,100.0,100.0,100.0,100.0,100.0,100.0,100.0,100.0,100.0,100.0,100.0,111.6,111.6,111.6,111.6,111.6,111.6,111.6,111.6,111.6,111.6,111.6,111.6,111.6,111.6,111.6,111.6,111.6,111.6,40.2,40.2,40.2,40.2,40.2,40.2,40.2,40.2,40.2,0.0,100.0,100.0,100.0,100.0,100.0,100.0,100.0,100.0,100.0,0.0,0.0,0.0,0.0,0.0,0.0,0.0,0.0,0.0,0.0,0.0,0.0,0.0,0.0,0.0,0.0,0.0,0.0,1197.8,12.00,16,16,16,39,55,661,1,82.8,82.1,82.2,78.6,78.6,77.6,79.9,78.1,77.6,77.0,79.2,80.7,68.5,68.6,68.4,59.8,55.1,1.319,1.031,1.325,22.201,11.875,22.212,90.000,51.109,6.164,6.592,6.290,6.322,5.894,5.638,5.215,6.641,6.720,29.252,12.286,41.538,50.977,1197.8,1197.8,4023.1,4023.1,4023.1,4023.1,57.9,37.0,100.0,86.4,58.0,No,No,No,4.728,0.339,8.0,51,95.0,100.0,No,No,91259,99040,32,99.0,No,No,3320,0.6,0.6,1.2,2.518,7.846,21746,18513,0.0,0.0,0.0,0.000,0.000,50,0,68.5,88.1,83.0,1.075,12.100,12.141,12.134,12.024,1547,101.622,46.358,91.939,32.600,78.069,26.044,51.890,0.336,91.939,18.785,7.676,64.304,220.000,240.000,1920.0,1750.2,1680.0,1908.1,1815.0,47.0,10.0,0.0,2.0,86.1,4.7,18.8,0.0,0.0,0.0,45,Yes,No,No,Yes,Yes,No,No,50.7,54.5,5,0,0,0,0,0,0,0,0,131,0,0,0,0,0,0,0,0,0,0,0,0,0,0,0,0,0,0,0,0,1139,7053,6910,865,8.0,62.1,158.9,19.3,14.8,14.4,14.4,62.0,139.7,19.7,15.0,14.6,14.6,16.11,52.12,6.28,6.04,69.73,69.73,5.87,10.25,15.32,0.78,6.78,0,0,0.0,0.0,9106,169,0.1,0.0,0,
7.7.2026,20:7:26.559,26598,19395,57.8,16824,15858,51.4,0.6,13312,79,1.295,1.294,1.294,1.300,1.294,1.294,1.294,1.300,1.294,4008.4,3992.8,3992.8,3992.8,4017.8,4017.8,4017.8,4017.8,4017.8,99.8,4009.2,4023.7,4008.2,4008.2,4008.4,4008.3,4008.7,4009.3,4009.9,4006.4,4006.5,4007.9,4008.9,4007.0,4007.5,4008.7,4009.2,4009.2,100.0,100.0,100.0,100.0,100.0,100.0,100.0,100.0,100.0,100.0,100.0,100.0,100.0,100.0,100.0,100.0,100.0,100.0,100.0,111.6,111.6,111.6,111.6,111.6,111.6,111.6,111.6,111.6,111.6,111.6,111.6,111.6,111.6,111.6,111.6,111.6,111.6,40.2,40.0,40.0,40.0,40.2,40.2,40.2,40.2,40.2,0.0,100.0,100.0,100.0,100.0,100.0,100.0,100.0,100.0,100.0,0.0,0.0,0.0,0.0,0.0,0.0,0.0,0.0,0.0,0.0,0.0,0.0,0.0,0.0,0.0,0.0,0.0,0.0,1197.8,12.00,16,16,16,39,55,661,1,82.5,82.3,81.5,78.7,78.3,77.2,80.7,78.1,78.5,78.1,79.1,79.6,68.4,68.5,68.3,60.0,55.4,1.306,1.038,1.325,22.518,11.920,22.506,90.000,51.299,6.467,6.402,6.166,7.011,6.121,6.395,6.050,6.801,6.788,29.666,12.334,42.000,51.418,1197.8,1197.8,4023.8,4023.8,4023.8,4023.8,58.4,37.5,100.0,86.6,57.2,No,No,No,4.763,0.382,8.0,51,95.0,100.0,No,No,91259,99040,32,99.0,No,No,3320,1.8,0.9,2.7,4.259,3.142,21755,18528,0.0,0.0,0.0,0.000,0.000,50,0,69.2,88.8,83.0,1.075,12.102,12.144,12.136,12.028,1549,110.468,47.274,88.710,30.907,75.412,25.607,49.682,0.336,88.710,17.668,7.878,87.832,220.000,240.000,1920.0,1750.2,1680.0,1908.2,1815.0,44.0,10.0,0.0,2.0,86.1,4.8,19.1,0.0,0.0,0.0,45,Yes,No,No,Yes,Yes,No,No,53.0,53.8,5,0,0,0,0,0,0,0,0,131,0,0,0,0,0,0,0,0,0,0,0,0,0,0,0,0,0,0,0,0,1139,7053,6910,865,8.0,83.3,123.5,56.3,37.0,35.7,35.7,83.3,172.6,51.8,43.5,42.7,42.7,12.00,17.77,8.32,7.81,27.66,27.66,6.00,6.00,11.24,0.76,2.72,0,0,0.0,0.0,9106,169,2.1,22.6,0,
7.7.2026,20:7:28.565,26592,19402,57.8,16738,15943,51.2,0.6,13312,79,1.295,1.294,1.288,1.294,1.294,1.300,1.300,1.300,1.294,4014.6,4017.8,4017.8,4017.8,4017.8,3992.8,4017.8,4017.8,4017.8,99.8,4007.1,4021.2,4004.8,4006.0,4006.5,4006.6,4007.1,4007.0,4007.9,4005.2,4005.2,4006.1,4006.7,4004.9,4005.4,4006.3,4006.8,4007.1,100.0,100.0,100.0,100.0,100.0,100.0,100.0,100.0,100.0,100.0,100.0,100.0,100.0,100.0,100.0,100.0,100.0,100.0,100.0,111.5,111.5,111.5,111.5,111.5,111.5,111.5,111.5,111.5,111.5,111.5,111.5,111.5,111.5,111.5,111.5,111.5,111.5,40.2,40.2,40.2,40.2,40.2,40.0,40.2,40.2,40.2,0.0,100.0,100.0,100.0,100.0,100.0,100.0,100.0,100.0,100.0,0.0,0.0,0.0,0.0,0.0,0.0,0.0,0.0,0.0,0.0,0.0,0.0,0.0,0.0,0.0,0.0,0.0,0.0,1197.8,12.00,16,16,16,39,55,661,1,82.9,83.9,81.2,80.6,80.7,79.7,81.5,79.8,81.2,80.6,81.0,80.0,69.1,69.2,69.0,59.0,54.9,1.306,1.038,1.319,24.557,11.795,24.571,90.000,53.887,6.880,7.124,6.832,7.088,6.365,7.227,6.936,6.974,6.494,32.305,12.213,44.518,53.957,1197.8,1197.8,4021.2,4021.2,4021.2,4021.2,61.3,41.0,100.0,88.3,58.2,No,No,No,4.472,0.240,8.0,51,95.0,100.0,No,No,91259,99040,32,99.0,No,No,3320,0.3,4.1,4.4,0.372,4.716,21756,18537,0.0,0.0,0.0,0.000,0.000,50,0,67.7,86.2,83.0,1.075,12.101,12.143,12.134,12.026,1549,82.411,46.390,88.289,30.649,75.040,25.868,49.049,0.336,88.289,17.467,8.044,80.873,220.000,240.000,1920.0,1750.2,1680.0,1908.8,1815.0,41.0,10.0,0.0,2.0,85.9,4.2,16.7,0.0,0.0,0.0,45,Yes,No,No,Yes,Yes,No,No,48.1,51.6,5,0,0,0,0,0,0,0,0,131,0,0,0,0,0,0,0,0,0,0,0,0,0,0,0,0,0,0,0,0,1151,7041,6897,870,8.0,77.7,121.5,45.0,44.4,44.4,44.4,79.3,182.5,44.1,37.9,37.3,37.3,12.91,24.95,6.51,6.29,26.80,26.80,5.74,7.09,10.11,2.80,4.24,0,0,0.0,0.0,9106,169,0.6,0.1,0,
7.7.2026,20:7:30.553,26592,19402,57.8,16738,15943,51.2,0.6,13312,79,1.295,1.294,1.288,1.294,1.294,1.300,1.300,1.300,1.294,4014.6,4017.8,4017.8,4017.8,4017.8,3992.8,4017.8,4017.8,4017.8,99.8,4007.1,4021.2,4004.8,4006.0,4006.5,4006.6,4007.1,4007.0,4007.9,4005.2,4005.2,4006.1,4006.7,4004.9,4005.4,4006.3,4006.8,4007.1,100.0,100.0,100.0,100.0,100.0,100.0,100.0,100.0,100.0,100.0,100.0,100.0,100.0,100.0,100.0,100.0,100.0,100.0,100.0,111.5,111.5,111.5,111.5,111.5,111.5,111.5,111.5,111.5,111.5,111.5,111.5,111.5,111.5,111.5,111.5,111.5,111.5,40.2,40.2,40.2,40.2,40.2,40.0,40.2,40.2,40.2,0.0,100.0,100.0,100.0,100.0,100.0,100.0,100.0,100.0,100.0,0.0,0.0,0.0,0.0,0.0,0.0,0.0,0.0,0.0,0.0,0.0,0.0,0.0,0.0,0.0,0.0,0.0,0.0,1197.8,12.00,16,16,16,39,55,661,1,82.9,83.9,81.2,80.6,80.7,79.7,81.5,79.8,81.2,80.6,81.0,80.0,69.1,69.2,69.0,59.0,54.9,1.306,1.038,1.319,24.557,11.795,24.571,90.000,53.887,6.880,7.124,6.832,7.088,6.365,7.227,6.936,6.974,6.494,32.305,12.213,44.518,53.957,1197.8,1197.8,4021.2,4021.2,4021.2,4021.2,61.3,41.0,100.0,88.3,58.2,No,No,No,4.472,0.240,8.0,51,95.0,100.0,No,No,91259,99040,32,99.0,No,No,3320,0.3,4.1,4.4,0.372,4.716,21756,18537,0.0,0.0,0.0,0.000,0.000,50,0,68.3,87.7,83.0,1.075,12.101,12.143,12.135,12.026,1547,106.698,45.954,89.916,31.414,76.025,25.941,49.953,0.336,89.916,17.579,8.463,70.000,220.000,240.000,1920.0,1750.2,1680.0,1908.3,1815.0,43.0,10.0,0.0,2.0,85.9,5.2,20.9,0.0,0.0,0.0,45,Yes,No,No,Yes,Yes,No,No,48.9,53.8,5,0,0,0,0,0,0,0,0,131,0,0,0,0,0,0,0,0,0,0,0,0,0,0,0,0,0,0,0,0,1151,7041,6897,870,8.0,77.7,121.5,45.0,44.4,44.4,44.4,79.3,182.5,44.1,37.9,37.3,37.3,12.91,24.95,6.51,6.29,26.80,26.80,5.74,7.09,10.11,2.80,4.24,0,0,0.0,0.0,9106,169,0.6,0.1,0,
7.7.2026,20:7:32.550,26566,19428,57.7,16788,15894,51.3,0.6,13312,79,1.295,1.300,1.300,1.300,1.288,1.294,1.294,1.294,1.294,4014.6,4017.8,4017.8,4017.8,3992.8,4017.8,4017.8,4017.8,4017.8,99.8,4010.0,4024.0,4008.7,4008.9,4009.3,4009.3,4009.5,4009.9,4010.6,4007.9,4007.8,4008.8,4009.8,4007.9,4008.4,4009.7,4009.9,4010.0,100.0,100.0,100.0,100.0,100.0,100.0,100.0,100.0,100.0,100.0,100.0,100.0,100.0,100.0,100.0,100.0,100.0,100.0,100.0,111.6,111.6,111.6,111.6,111.6,111.6,111.6,111.6,111.6,111.6,111.6,111.6,111.6,111.6,111.6,111.6,111.6,111.6,40.2,40.2,40.2,40.2,40.0,40.2,40.2,40.2,40.2,0.0,100.0,100.0,100.0,100.0,100.0,100.0,100.0,100.0,100.0,0.0,0.0,0.0,0.0,0.0,0.0,0.0,0.0,0.0,0.0,0.0,0.0,0.0,0.0,0.0,0.0,0.0,0.0,1197.8,12.00,16,16,16,39,55,661,1,82.4,82.1,82.2,78.6,78.6,77.4,80.1,78.7,78.3,77.9,78.5,79.5,68.7,68.8,68.6,59.2,55.0,1.319,1.031,1.325,22.378,11.887,22.382,90.000,51.139,6.372,6.538,6.094,6.757,6.302,6.181,5.801,6.568,6.738,29.479,12.300,41.779,51.236,1197.8,1197.8,4024.0,4024.0,4024.0,4024.0,58.2,37.3,100.0,86.4,57.4,No,No,No,4.777,0.334,8.0,51,95.0,100.0,No,No,91259,99040,32,99.0,No,No,3320,0.0,1.1,1.1,0.051,5.612,21756,18551,0.0,0.0,0.0,0.000,0.000,50,0,68.4,87.6,83.0,1.075,12.101,12.143,12.135,12.026,1547,106.798,45.014,89.858,31.170,75.817,25.773,49.921,0.336,89.858,17.191,7.451,62.769,220.000,240.000,1920.0,1750.2,1680.0,1907.9,1815.0,44.0,10.0,0.0,2.0,85.9,4.5,17.9,0.0,0.0,0.0,45,Yes,No,No,Yes,Yes,No,No,48.7,54.5,5,0,0,0,0,0,0,0,0,131,0,0,0,0,0,0,0,0,0,0,0,0,0,0,0,0,0,0,0,0,1151,7041,6897,870,8.0,79.6,96.1,55.7,45.3,44.3,44.3,79.6,114.3,55.4,51.3,50.9,50.9,12.56,18.02,10.38,9.63,22.43,22.43,5.66,6.90,11.74,0.82,1.67,0,0,0.0,0.0,9106,169,0.4,0.3,0,
7.7.2026,20:7:34.569,26499,19495,57.6,16715,15967,51.1,0.6,13312,79,1.295,1.300,1.288,1.294,1.288,1.294,1.294,1.300,1.300,4014.6,4017.8,4017.8,4017.8,4017.8,4017.8,4017.8,3992.8,4017.8,99.8,4012.8,4026.9,4011.3,4011.5,4011.9,4011.8,4012.3,4012.7,4013.1,4010.7,4010.9,4011.3,4012.4,4011.1,4011.7,4012.2,4012.5,4012.8,100.0,100.0,100.0,100.0,100.0,100.0,100.0,100.0,100.0,100.0,100.0,100.0,100.0,100.0,100.0,100.0,100.0,100.0,100.0,111.7,111.7,111.7,111.7,111.7,111.7,111.7,111.7,111.7,111.7,111.7,111.7,111.7,111.7,111.7,111.7,111.7,111.7,40.2,40.2,40.2,40.2,40.2,40.2,40.2,40.0,40.2,0.0,100.0,100.0,100.0,100.0,100.0,100.0,100.0,100.0,100.0,0.0,0.0,0.0,0.0,0.0,0.0,0.0,0.0,0.0,0.0,0.0,0.0,0.0,0.0,0.0,0.0,0.0,0.0,1197.8,12.00,16,16,16,39,55,661,1,82.2,82.3,84.0,78.5,79.3,79.2,80.3,79.2,78.0,78.0,76.9,77.1,68.5,68.6,68.4,58.5,54.6,1.306,1.038,1.325,22.325,11.902,22.316,90.000,51.010,6.385,6.885,6.882,6.945,6.428,6.262,6.063,6.031,5.586,29.423,12.311,41.735,51.164,1197.8,1197.8,4026.9,4026.9,4026.9,4026.9,58.1,37.2,100.0,86.6,57.3,No,No,No,4.869,0.331,8.0,51,95.0,100.0,No,No,91259,99040,32,99.0,No,No,3320,0.4,1.4,1.7,1.201,11.424,21758,18573,0.0,0.0,0.0,0.000,0.000,50,0,68.1,87.2,83.0,1.075,12.099,12.141,12.133,12.024,1549,107.249,46.959,89.142,31.359,76.036,25.984,49.921,0.336,89.142,18.311,7.437,81.920,220.000,240.000,1920.0,1750.2,1680.0,1907.5,1815.0,40.0,9.0,0.0,2.0,85.9,4.5,18.2,0.0,0.0,0.0,45,Yes,No,No,Yes,Yes,No,No,46.5,51.8,5,0,0,0,0,0,0,0,0,131,0,0,0,0,0,0,0,0,0,0,0,0,0,0,0,0,0,0,0,0,1151,7041,6897,870,8.0,78.1,92.8,44.4,30.8,29.8,29.8,78.1,123.9,42.9,30.9,30.0,30.0,12.80,22.79,10.82,10.67,33.80,33.80,5.65,7.15,11.99,0.81,2.58,0,0,0.0,0.0,9106,169,0.5,0.0,0,
7.7.2026,20:7:36.632,26552,19442,57.7,16753,15929,51.2,0.6,13312,79,1.298,1.319,1.294,1.300,1.300,1.294,1.288,1.294,1.300,4014.6,4017.8,3992.8,3992.8,4017.8,4017.8,4042.7,4017.8,4017.8,99.8,4010.9,4025.2,4010.1,4010.2,4010.8,4010.3,4010.7,4010.9,4011.2,4008.8,4008.8,4009.1,4010.1,4008.8,4008.7,4009.9,4010.4,4010.9,100.0,100.0,100.0,100.0,100.0,100.0,100.0,100.0,100.0,100.0,100.0,100.0,100.0,100.0,100.0,100.0,100.0,100.0,100.0,111.6,111.7,111.7,111.7,111.7,111.7,111.7,111.7,111.7,111.6,111.6,111.6,111.6,111.6,111.6,111.6,111.6,111.6,40.2,40.2,40.0,40.0,40.2,40.2,40.5,40.2,40.2,0.0,100.0,100.0,100.0,100.0,100.0,100.0,100.0,100.0,100.0,0.0,0.0,0.0,0.0,0.0,0.0,0.0,0.0,0.0,0.0,0.0,0.0,0.0,0.0,0.0,0.0,0.0,0.0,1197.8,12.00,16,16,16,39,55,661,1,82.2,82.6,83.2,78.9,79.3,78.8,80.9,78.8,79.5,79.7,77.0,77.0,68.6,68.7,68.5,59.0,54.9,1.312,1.031,1.325,22.707,11.907,22.707,90.000,51.590,6.555,6.864,6.749,7.037,6.102,6.927,6.897,6.074,5.788,29.921,12.316,42.237,51.677,1197.8,1197.8,4025.2,4025.2,4025.2,4025.2,58.7,37.8,100.0,87.0,57.3,No,No,No,4.818,0.332,8.0,51,95.0,100.0,No,No,91259,99040,32,99.0,No,No,3320,0.0,0.1,0.1,0.000,1.562,21758,18576,0.0,0.0,0.0,0.000,0.000,50,0,68.3,87.8,83.0,1.075,12.100,12.142,12.133,12.025,1549,106.625,43.891,87.888,30.392,74.668,25.722,48.822,0.336,87.888,17.247,10.216,55.736,220.000,240.000,1920.0,1750.2,1680.0,1907.6,1815.0,45.0,10.0,0.0,2.0,86.0,4.9,19.6,0.0,0.0,0.0,45,Yes,No,No,Yes,Yes,No,No,47.5,50.5,5,0,0,0,0,0,0,0,0,131,0,0,0,0,0,0,0,0,0,0,0,0,0,0,0,0,0,0,0,0,1150,7042,6898,870,8.0,80.0,109.7,63.6,63.0,63.0,63.0,79.9,138.1,59.6,58.8,58.7,58.7,12.50,15.79,9.11,8.38,16.12,16.12,5.67,6.85,11.69,0.81,2.25,0,0,0.0,0.0,9106,169,0.3,0.4,0,
7.7.2026,20:7:38.555,26547,19446,57.7,16740,15941,51.2,0.6,13312,79,1.291,1.300,1.294,1.294,1.294,1.275,1.294,1.300,1.275,4008.4,4017.8,4017.8,4017.8,4017.8,3992.8,3992.8,4017.8,3992.8,99.8,4009.4,4023.8,4008.4,4008.9,4009.2,4008.6,4008.3,4009.3,4009.8,4007.2,4007.4,4007.9,4009.1,4007.5,4007.7,4008.5,4009.0,4009.4,100.0,100.0,100.0,100.0,100.0,100.0,100.0,100.0,100.0,100.0,100.0,100.0,100.0,100.0,100.0,100.0,100.0,100.0,100.0,111.6,111.6,111.6,111.6,111.6,111.6,111.6,111.6,111.6,111.6,111.6,111.6,111.6,111.6,111.6,111.6,111.6,111.6,40.2,40.2,40.2,40.2,40.2,40.0,40.0,40.2,40.0,0.0,100.0,100.0,100.0,100.0,100.0,100.0,100.0,100.0,100.0,0.0,0.0,0.0,0.0,0.0,0.0,0.0,0.0,0.0,0.0,0.0,0.0,0.0,0.0,0.0,0.0,0.0,0.0,1197.8,12.00,16,16,16,39,55,661,1,82.0,82.1,81.5,78.4,78.3,77.6,80.5,78.6,77.6,77.4,77.8,79.4,68.5,68.6,68.4,59.5,55.2,1.306,1.038,1.325,21.962,11.913,21.969,90.000,50.633,6.277,6.445,6.236,6.627,6.152,5.797,5.630,6.528,6.798,28.930,12.322,41.252,50.696,1197.8,1197.8,4023.8,4023.8,4023.8,4023.8,57.6,36.6,100.0,86.4,57.0,No,No,No,4.855,0.317,8.0,51,95.0,100.0,No,No,91259,99040,32,99.0,No,No,3320,0.1,0.1,0.2,0.070,2.940,21758,18581,0.0,0.0,0.0,0.000,0.000,50,0,68.2,87.3,83.0,1.075,12.103,12.145,12.137,12.027,1554,107.211,46.849,89.179,31.371,75.842,25.774,49.941,0.336,89.179,18.087,7.415,81.362,220.000,240.000,1920.0,1750.2,1680.0,1908.0,1815.0,41.0,9.0,0.0,2.0,86.0,4.4,17.4,0.0,0.0,0.0,45,Yes,No,No,Yes,Yes,No,No,48.6,50.9,5,0,0,0,0,0,0,0,0,131,0,0,0,0,0,0,0,0,0,0,0,0,0,0,0,0,0,0,0,0,1150,7042,6898,852,8.0,78.7,97.6,66.9,63.3,62.9,62.9,78.6,133.1,57.4,51.7,51.1,51.1,12.71,14.89,10.02,9.80,15.85,15.85,5.63,7.07,11.87,0.83,1.82,0,0,0.0,0.0,9106,169,1.6,3.0,0,
7.7.2026,20:7:40.575,26564,19430,57.7,16760,15922,51.2,0.6,13312,79,1.292,1.281,1.294,1.300,1.300,1.300,1.275,1.294,1.294,4020.9,4017.8,4017.8,4017.8,4017.8,4017.8,4042.7,4017.8,4017.8,99.8,4011.0,4025.1,4009.9,4010.1,4010.5,4010.2,4010.4,4011.0,4011.6,4008.7,4009.0,4010.1,4010.8,4009.0,4009.3,4010.4,4010.5,4011.0,100.0,100.0,100.0,100.0,100.0,100.0,100.0,100.0,100.0,100.0,100.0,100.0,100.0,100.0,100.0,100.0,100.0,100.0,100.0,111.6,111.6,111.6,111.6,111.6,111.6,111.6,111.6,111.6,111.6,111.6,111.6,111.6,111.6,111.6,111.6,111.6,111.6,40.3,40.2,40.2,40.2,40.2,40.2,40.5,40.2,40.2,0.0,100.0,100.0,100.0,100.0,100.0,100.0,100.0,100.0,100.0,0.0,0.0,0.0,0.0,0.0,0.0,0.0,0.0,0.0,0.0,0.0,0.0,0.0,0.0,0.0,0.0,0.0,0.0,1197.8,12.00,16,16,16,39,55,661,1,81.9,81.5,78.2,78.1,78.0,77.4,78.9,78.3,78.0,78.1,77.5,78.4,68.3,68.4,68.2,59.8,55.4,1.288,1.025,1.300,21.808,11.917,21.802,90.000,50.318,6.308,6.476,6.216,6.497,6.349,6.344,6.114,6.149,6.314,28.749,12.323,41.072,50.502,1197.8,1197.8,4025.2,4025.2,4025.2,4025.2,57.4,36.3,100.0,85.7,56.9,No,No,No,4.929,0.332,8.0,51,95.0,100.0,No,No,91259,99040,32,99.0,No,No,3320,0.0,0.1,0.1,0.009,1.221,21758,18583,0.0,0.0,0.0,0.000,0.000,50,0,68.3,87.3,83.0,1.075,12.100,12.140,12.134,12.026,1554,106.877,47.414,91.147,31.723,76.664,25.904,50.634,0.336,91.147,17.309,7.460,81.820,220.000,240.000,1920.0,1750.2,1680.0,1908.1,1815.0,43.0,10.0,0.0,2.0,86.0,5.2,20.8,0.0,0.0,0.0,45,Yes,No,No,Yes,Yes,No,No,49.3,53.2,5,0,0,0,0,0,0,0,0,131,0,0,0,0,0,0,0,0,0,0,0,0,0,0,0,0,0,0,0,0,1150,7042,6898,861,8.0,78.2,146.4,46.6,30.4,29.3,29.3,78.3,156.3,44.2,33.7,32.9,32.9,12.78,21.30,6.73,6.70,34.07,34.07,5.75,6.95,11.96,0.82,2.67,0,0,0.0,0.0,9106,169,0.6,0.1,0,
7.7.2026,20:7:42.563,26664,19329,57.9,16866,15816,51.6,0.6,13312,79,1.300,1.319,1.312,1.275,1.275,1.294,1.325,1.300,1.300,4011.5,4017.8,4017.8,3992.8,3992.8,4017.8,4017.8,4017.8,4017.8,99.8,4012.2,4027.2,4011.5,4011.7,4012.2,4011.3,4011.5,4012.1,4012.4,4009.7,4009.8,4010.9,4011.7,4009.6,4010.3,4011.2,4011.7,4012.2,100.0,100.0,100.0,100.0,100.0,100.0,100.0,100.0,100.0,100.0,100.0,100.0,100.0,100.0,100.0,100.0,100.0,100.0,100.0,111.7,111.7,111.7,111.7,111.7,111.7,111.7,111.7,111.7,111.7,111.7,111.7,111.7,111.7,111.7,111.7,111.7,111.7,40.2,40.2,40.2,40.0,40.0,40.2,40.2,40.2,40.2,0.0,100.0,100.0,100.0,100.0,100.0,100.0,100.0,100.0,100.0,0.0,0.0,0.0,0.0,0.0,0.0,0.0,0.0,0.0,0.0,0.0,0.0,0.0,0.0,0.0,0.0,0.0,0.0,1197.8,12.00,16,16,16,39,55,661,1,81.6,81.1,82.2,77.4,77.5,76.5,79.8,78.0,77.3,76.8,76.5,76.8,68.1,68.2,68.0,59.0,54.7,1.319,1.031,1.319,20.833,11.921,20.836,90.000,49.142,6.046,6.193,5.819,6.662,6.162,6.001,5.613,6.031,5.891,27.472,12.323,39.795,49.231,1197.8,1197.8,4027.2,4027.2,4027.2,4027.2,55.9,34.7,100.0,85.4,56.4,No,No,No,4.953,0.325,8.0,51,95.0,100.0,No,No,91259,99040,32,99.0,No,No,3320,0.2,0.1,0.3,0.168,2.454,21759,18589,0.0,0.0,0.0,0.000,0.000,50,0,68.2,87.7,83.0,1.075,12.098,12.139,12.132,12.023,1551,104.247,46.515,90.030,31.354,76.091,25.946,50.014,0.336,90.030,17.474,7.559,76.319,220.000,240.000,1920.0,1750.2,1680.0,1908.2,1815.0,42.0,10.0,0.0,2.0,86.0,4.9,19.6,0.0,0.0,0.0,45,Yes,No,No,Yes,Yes,No,No,48.9,47.5,5,0,0,0,0,0,0,0,0,131,0,0,0,0,0,0,0,0,0,0,0,0,0,0,0,0,0,0,0,0,1150,7042,6898,861,8.0,72.0,153.7,27.4,13.3,12.6,12.6,71.8,150.4,26.3,13.3,12.6,12.6,13.89,36.69,6.56,6.52,79.55,79.55,5.68,8.21,13.06,0.82,4.04,0,0,0.0,0.0,9106,169,0.3,0.3,0,
7.7.2026,20:7:44.555,26681,19313,58.0,16861,15821,51.5,0.6,13312,79,1.291,1.275,1.294,1.300,1.294,1.288,1.294,1.294,1.294,4011.5,3992.8,4017.8,4017.8,4017.8,4017.8,4017.8,3992.8,4017.8,99.8,4011.1,4026.8,4010.2,4010.4,4010.5,4010.2,4010.5,4010.9,4011.6,4009.1,4009.0,4009.7,4010.6,4009.0,4009.3,4010.2,4010.0,4011.1,100.0,100.0,100.0,100.0,100.0,100.0,100.0,100.0,100.0,100.0,100.0,100.0,100.0,100.0,100.0,100.0,100.0,100.0,100.0,111.6,111.7,111.7,111.7,111.7,111.7,111.7,111.7,111.7,111.6,111.6,111.6,111.6,111.6,111.6,111.6,111.6,111.6,40.2,40.0,40.2,40.2,40.2,40.2,40.2,40.0,40.2,0.0,100.0,100.0,100.0,100.0,100.0,100.0,100.0,100.0,100.0,0.0,0.0,0.0,0.0,0.0,0.0,0.0,0.0,0.0,0.0,0.0,0.0,0.0,0.0,0.0,0.0,0.0,0.0,1197.8,12.00,16,16,16,39,55,661,1,81.8,81.4,84.2,77.8,78.5,78.3,79.8,77.8,77.4,77.4,76.6,77.0,68.1,68.2,68.0,58.5,55.2,1.281,1.031,1.306,21.460,11.897,21.458,90.000,49.949,6.289,6.657,6.572,6.409,5.718,6.254,6.280,6.378,6.047,28.283,12.301,40.583,50.006,1197.8,1197.8,4026.8,4026.8,4026.8,4026.8,56.8,35.8,100.0,85.7,56.8,No,No,No,4.859,0.316,8.0,51,95.0,100.0,No,No,91259,99040,32,99.0,No,No,3320,0.5,0.4,0.8,0.838,2.702,21760,18594,0.0,0.0,0.0,0.000,0.000,50,0,68.4,87.7,83.0,1.075,12.101,12.143,12.134,12.026,1547,105.076,46.771,88.702,31.086,75.631,25.832,49.674,0.336,88.702,18.078,7.829,81.838,220.000,240.000,1920.0,1750.2,1680.0,1907.9,1815.0,42.0,10.0,0.0,2.0,86.0,4.9,19.5,0.0,0.0,0.0,45,Yes,No,No,Yes,Yes,No,No,48.5,46.5,5,0,0,0,0,0,0,0,0,131,0,0,0,0,0,0,0,0,0,0,0,0,0,0,0,0,0,0,0,0,1150,7042,6898,861,8.0,74.3,139.1,35.5,34.6,34.6,34.6,74.2,167.6,34.7,31.8,31.5,31.5,13.46,28.02,7.10,6.68,29.02,29.02,5.66,7.82,12.66,0.80,3.69,0,0,0.0,0.0,9106,169,53.1,5.2,0,
7.7.2026,20:7:46.553,26658,19336,57.9,16853,15829,51.5,0.6,13312,79,1.299,1.300,1.319,1.288,1.300,1.294,1.325,1.294,1.275,4017.8,4017.8,4017.8,4017.8,4017.8,4017.8,4017.8,4017.8,4017.8,99.8,4008.5,4022.4,4007.0,4007.8,4008.1,4008.0,4008.3,4008.5,4009.0,4006.2,4006.7,4007.3,4008.0,4006.4,4006.7,4007.6,4008.1,4008.5,100.0,100.0,100.0,100.0,100.0,100.0,100.0,100.0,100.0,100.0,100.0,100.0,100.0,100.0,100.0,100.0,100.0,100.0,100.0,111.6,111.6,111.6,111.6,111.6,111.6,111.6,111.6,111.6,111.6,111.6,111.6,111.6,111.6,111.6,111.5,111.5,111.6,40.2,40.2,40.2,40.2,40.2,40.2,40.2,40.2,40.2,0.0,100.0,100.0,100.0,100.0,100.0,100.0,100.0,100.0,100.0,0.0,0.0,0.0,0.0,0.0,0.0,0.0,0.0,0.0,0.0,0.0,0.0,0.0,0.0,0.0,0.0,0.0,0.0,1197.8,12.00,16,16,16,39,55,661,1,82.1,82.6,84.0,78.8,78.3,77.8,78.5,76.5,79.0,79.2,80.6,80.8,68.3,68.4,68.3,59.0,55.2,1.325,1.031,1.331,22.715,11.890,22.718,90.000,51.530,6.453,6.564,6.540,6.271,5.406,6.222,6.136,7.251,7.235,29.918,12.302,42.220,51.656,1197.8,1197.8,4022.4,4022.4,4022.4,4022.4,58.7,37.9,100.0,86.9,57.6,No,No,No,4.872,0.308,8.0,51,95.0,100.0,No,No,91259,99040,32,99.0,No,No,3320,0.2,0.1,0.3,0.148,2.105,21761,18599,0.0,0.0,0.0,0.000,0.000,50,0,68.2,87.2,83.0,1.075,12.102,12.143,12.135,12.028,1554,101.900,44.988,84.477,29.240,72.881,25.451,47.310,0.336,84.477,17.732,7.558,80.415,220.000,240.000,1920.0,1750.2,1680.0,1907.9,1815.0,41.0,9.0,0.0,2.0,86.0,4.7,18.7,0.0,0.0,0.0,45,Yes,No,No,Yes,Yes,No,No,46.5,46.2,5,0,0,0,0,0,0,0,0,131,0,0,0,0,0,0,0,0,0,0,0,0,0,0,0,0,0,0,0,0,1150,7042,6898,862,8.0,68.0,117.7,38.9,34.5,34.1,34.1,68.1,135.2,38.3,32.8,32.2,32.2,14.70,25.49,8.48,7.27,28.92,28.92,5.73,8.95,13.86,0.84,3.44,0,0,0.0,0.0,9106,169,0.2,0.3,0,
7.7.2026,20:7:48.557,26678,19315,58.0,16876,15806,51.6,0.6,13312,79,1.292,1.288,1.294,1.294,1.294,1.288,1.294,1.294,1.294,4017.8,4017.8,4017.8,4017.8,4017.8,4017.8,4017.8,4017.8,4017.8,99.8,4009.8,4023.5,4008.5,4008.8,4009.0,4008.9,4009.3,4009.4,4010.0,4007.2,4007.5,4008.1,4009.4,4008.2,4008.6,4009.7,4010.0,4009.8,100.0,100.0,100.0,100.0,100.0,100.0,100.0,100.0,100.0,100.0,100.0,100.0,100.0,100.0,100.0,100.0,100.0,100.0,100.0,111.6,111.6,111.6,111.6,111.6,111.6,111.6,111.6,111.6,111.6,111.6,111.6,111.6,111.6,111.6,111.6,111.6,111.6,40.2,40.2,40.2,40.2,40.2,40.2,40.2,40.2,40.2,0.0,100.0,100.0,100.0,100.0,100.0,100.0,100.0,100.0,100.0,0.0,0.0,0.0,0.0,0.0,0.0,0.0,0.0,0.0,0.0,0.0,0.0,0.0,0.0,0.0,0.0,0.0,0.0,1197.8,12.00,16,16,16,39,55,661,1,83.0,83.9,79.5,79.8,79.8,79.3,82.3,80.7,78.2,77.7,80.6,79.9,68.5,68.6,68.4,58.2,55.2,1.312,1.044,1.325,23.852,11.844,23.844,90.000,52.886,6.660,6.898,6.674,7.602,7.107,5.878,5.608,6.946,6.566,31.390,12.261,43.650,53.064,1197.8,1197.8,4023.5,4023.5,4023.5,4023.5,60.3,39.7,100.0,88.3,58.4,No,No,No,4.794,0.238,8.0,51,95.0,100.0,No,No,91259,99040,32,99.0,No,No,3320,0.2,0.1,0.3,0.101,1.801,21761,18603,0.0,0.0,0.0,0.000,0.000,50,0,67.6,86.6,83.0,1.075,12.097,12.139,12.130,12.022,1554,102.263,46.441,88.731,31.161,75.597,25.776,49.690,0.336,88.731,18.084,7.508,78.797,220.000,240.000,1920.0,1750.2,1680.0,1908.5,1815.0,39.0,9.0,0.0,2.0,86.0,3.8,15.4,0.0,0.0,0.0,45,Yes,No,No,Yes,Yes,No,No,48.6,50.4,5,0,0,0,0,0,0,0,0,131,0,0,0,0,0,0,0,0,0,0,0,0,0,0,0,0,0,0,0,0,1150,7042,6898,863,8.0,75.4,120.5,40.7,38.0,37.7,37.7,74.9,133.1,40.6,38.6,38.4,38.4,13.27,24.56,8.35,7.52,26.53,26.53,5.67,7.61,12.45,0.82,2.94,0,0,0.0,0.0,9106,169,0.2,0.2,0,
7.7.2026,20:7:50.556,26716,19278,58.0,16912,15769,51.7,0.6,13312,79,1.301,1.294,1.300,1.294,1.300,1.294,1.325,1.312,1.288,4017.8,4017.8,4017.8,4017.8,3992.8,4017.8,4042.7,4017.8,4017.8,99.8,4010.5,4025.2,4010.1,4010.3,4011.0,4011.0,4011.1,4011.5,4010.6,4007.7,4007.9,4008.9,4009.7,4007.7,4008.1,4008.7,4008.7,4010.5,100.0,100.0,100.0,100.0,100.0,100.0,100.0,100.0,100.0,100.0,100.0,100.0,100.0,100.0,100.0,100.0,100.0,100.0,100.0,111.6,111.7,111.7,111.7,111.7,111.7,111.7,111.7,111.7,111.6,111.6,111.6,111.6,111.6,111.6,111.6,111.6,111.6,40.2,40.2,40.2,40.2,40.0,40.2,40.5,40.2,40.2,0.0,100.0,100.0,100.0,100.0,100.0,100.0,100.0,100.0,100.0,0.0,0.0,0.0,0.0,0.0,0.0,0.0,0.0,0.0,0.0,0.0,0.0,0.0,0.0,0.0,0.0,0.0,0.0,1197.8,12.00,16,16,16,39,55,661,1,83.0,83.5,81.2,78.9,78.4,77.5,82.3,80.8,78.0,77.7,77.9,78.6,68.5,68.6,68.3,58.8,54.9,1.325,1.031,1.331,22.588,11.916,22.597,90.000,51.485,6.431,6.400,5.946,7.190,6.740,6.382,6.259,6.381,6.147,29.758,12.327,42.085,51.526,1197.8,1197.8,4025.2,4025.2,4025.2,4025.2,58.6,37.7,100.0,87.9,57.6,No,No,No,4.808,0.318,8.0,51,95.0,100.0,No,No,91259,99040,32,99.0,No,No,3320,0.1,0.1,0.1,0.156,1.738,21761,18605,0.0,0.0,0.0,0.000,0.000,50,0,68.2,87.2,83.0,1.075,12.097,12.139,12.131,12.023,1552,106.639,46.661,89.750,31.234,75.793,25.813,49.860,0.336,89.750,17.346,7.554,79.178,220.000,240.000,1920.0,1750.2,1680.0,1908.1,1815.0,40.0,9.0,0.0,2.0,86.0,4.9,19.4,0.0,0.0,0.0,45,Yes,No,No,Yes,Yes,No,No,48.6,47.3,5,0,0,0,0,0,0,0,0,131,0,0,0,0,0,0,0,0,0,0,0,0,0,0,0,0,0,0,0,0,1150,7042,6898,863,8.0,77.5,151.1,40.5,37.1,36.8,36.8,77.6,182.2,45.2,38.1,37.5,37.5,12.90,24.71,6.74,6.39,27.45,27.45,5.66,7.23,12.07,0.83,3.15,0,0,0.0,0.0,9106,169,0.2,0.1,0,
7.7.2026,20:7:52.564,26764,19230,58.1,16931,15750,51.8,0.6,13312,79,1.290,1.275,1.275,1.319,1.269,1.294,1.294,1.300,1.294,4011.5,3992.8,4017.8,4042.7,3992.8,4017.8,4017.8,3992.8,4017.8,99.8,4009.9,4024.0,4008.0,4008.3,4008.5,4008.9,4009.1,4010.0,4010.8,4008.0,4008.1,4008.9,4009.5,4008.6,4008.8,4009.1,4009.4,4009.9,100.0,100.0,100.0,100.0,100.0,100.0,100.0,100.0,100.0,100.0,100.0,100.0,100.0,100.0,100.0,100.0,100.0,100.0,100.0,111.6,111.6,111.6,111.6,111.6,111.6,111.6,111.6,111.6,111.6,111.6,111.6,111.6,111.6,111.6,111.6,111.6,111.6,40.2,40.0,40.2,40.5,40.0,40.2,40.2,40.0,40.2,0.0,100.0,100.0,100.0,100.0,100.0,100.0,100.0,100.0,100.0,0.0,0.0,0.0,0.0,0.0,0.0,0.0,0.0,0.0,0.0,0.0,0.0,0.0,0.0,0.0,0.0,0.0,0.0,1197.8,12.00,16,16,16,39,55,661,1,81.6,81.2,79.2,78.0,77.9,76.8,78.4,75.9,79.2,79.3,78.1,78.2,68.2,68.3,68.2,58.8,54.7,1.319,1.031,1.325,21.721,11.952,21.725,90.000,50.349,6.175,6.418,6.131,6.191,5.274,6.612,6.450,6.271,6.053,28.620,12.361,40.981,50.424,1197.8,1197.8,4024.0,4024.0,4024.0,4024.0,57.3,36.2,100.0,85.5,57.3,No,No,No,4.896,0.338,8.0,51,95.0,100.0,No,No,91259,99040,32,99.0,No,No,3320,0.4,1.2,1.5,0.828,8.670,21763,18624,0.0,0.0,0.0,0.000,0.000,50,0,68.2,87.7,83.0,1.075,12.101,12.143,12.135,12.026,1554,106.659,46.700,89.164,31.317,75.914,25.855,49.933,0.336,89.164,18.129,7.674,79.515,220.000,240.000,1920.0,1750.2,1680.0,1908.3,1815.0,44.0,10.0,0.0,2.0,86.0,5.5,21.8,0.0,0.0,0.0,45,Yes,No,No,Yes,Yes,No,No,48.8,48.5,5,0,0,0,0,0,0,0,0,131,0,0,0,0,0,0,0,0,0,0,0,0,0,0,0,0,0,0,0,0,1150,7042,6898,863,8.0,78.1,98.1,62.4,57.9,57.5,57.5,78.1,204.3,51.9,50.9,50.8,50.8,12.80,16.08,10.31,7.96,17.28,17.28,5.69,7.11,11.96,0.84,3.04,0,0,0.0,0.0,9106,169,2.7,4.3,0,
7.7.2026,20:7:54.560,26842,19152,58.3,17007,15675,52.0,0.6,13312,79,1.292,1.294,1.300,1.269,1.294,1.294,1.275,1.288,1.325,4014.6,4017.8,4017.8,3992.8,4017.8,3992.8,3992.8,4042.7,4042.7,99.8,4010.3,4025.8,4009.3,4009.1,4009.3,4009.0,4009.4,4010.2,4010.9,4007.9,4008.5,4009.1,4009.9,4008.0,4008.9,4009.7,4010.2,4010.3,100.0,100.0,100.0,100.0,100.0,100.0,100.0,100.0,100.0,100.0,100.0,100.0,100.0,100.0,100.0,100.0,100.0,100.0,100.0,111.6,111.6,111.6,111.6,111.6,111.6,111.6,111.6,111.6,111.6,111.6,111.6,111.6,111.6,111.6,111.6,111.6,111.6,40.2,40.2,40.2,40.0,40.2,40.0,40.0,40.5,40.5,0.0,100.0,100.0,100.0,100.0,100.0,100.0,100.0,100.0,100.0,0.0,0.0,0.0,0.0,0.0,0.0,0.0,0.0,0.0,0.0,0.0,0.0,0.0,0.0,0.0,0.0,0.0,0.0,1197.8,12.00,16,16,16,39,55,661,1,81.5,80.4,81.8,77.1,77.7,76.9,78.4,76.0,77.5,76.8,76.8,77.0,67.9,67.9,67.8,59.0,54.8,1.337,1.031,1.344,20.954,11.982,20.946,90.000,49.331,6.103,6.502,6.419,6.315,5.282,6.170,5.701,6.418,6.020,27.622,12.387,40.009,49.434,1197.8,1197.8,4025.9,4025.9,4025.9,4025.9,56.2,34.9,100.0,84.6,56.5,No,No,No,4.951,0.336,8.0,51,95.0,100.0,No,No,91259,99040,32,99.0,No,No,3320,1.7,0.8,2.5,3.599,7.325,21769,18636,0.0,0.0,0.0,0.000,0.000,50,0,68.2,87.4,83.0,1.075,12.103,12.144,12.136,12.027,1549,107.053,47.193,90.167,31.441,76.495,25.883,50.493,0.336,90.167,17.849,7.655,81.448,220.000,240.000,1920.0,1750.2,1680.0,1908.1,1815.0,44.0,10.0,0.0,2.0,86.0,4.8,19.4,0.0,0.0,0.0,45,Yes,No,No,Yes,Yes,No,No,49.1,46.0,5,0,0,0,0,0,0,0,0,131,0,0,0,0,0,0,0,0,0,0,0,0,0,0,0,0,0,0,0,0,1150,7042,6898,863,8.0,79.0,152.0,44.8,29.6,28.5,28.5,79.0,179.8,43.6,31.0,30.0,30.0,12.65,22.31,6.74,6.64,34.97,34.97,5.63,7.03,11.82,0.83,3.01,0,0,0.0,0.0,9106,169,11.7,1.9,0,
7.7.2026,20:7:56.566,26858,19136,58.3,17029,15653,52.1,0.6,13312,79,1.297,1.319,1.300,1.294,1.294,1.294,1.288,1.294,1.294,4017.8,4017.8,4017.8,4017.8,4017.8,4017.8,4017.8,4017.8,4017.8,99.8,4013.0,4028.0,4011.6,4011.7,4012.1,4012.0,4012.4,4013.0,4013.3,4011.0,4011.2,4012.0,4012.6,4010.9,4011.5,4012.4,4012.6,4013.0,100.0,100.0,100.0,100.0,100.0,100.0,100.0,100.0,100.0,100.0,100.0,100.0,100.0,100.0,100.0,100.0,100.0,100.0,100.0,111.7,111.7,111.7,111.7,111.7,111.7,111.7,111.7,111.7,111.7,111.7,111.7,111.7,111.7,111.7,111.7,111.7,111.7,40.2,40.2,40.2,40.2,40.2,40.2,40.2,40.2,40.2,0.0,100.0,100.0,100.0,100.0,100.0,100.0,100.0,100.0,100.0,0.0,0.0,0.0,0.0,0.0,0.0,0.0,0.0,0.0,0.0,0.0,0.0,0.0,0.0,0.0,0.0,0.0,0.0,1197.8,12.00,16,16,16,39,55,661,1,81.5,81.4,81.0,77.5,78.4,77.4,80.3,78.3,77.0,76.1,76.4,76.1,67.8,68.0,67.7,58.8,54.9,1.312,1.031,1.325,21.451,11.979,21.445,90.000,49.922,6.239,6.678,6.504,6.920,6.324,6.153,5.594,6.026,5.710,28.279,12.384,40.663,50.078,1197.8,1197.8,4028.0,4028.0,4028.0,4028.0,56.9,35.7,100.0,85.7,57.0,No,No,No,4.826,0.339,8.0,51,95.0,100.0,No,No,91259,99040,32,99.0,No,No,3320,0.1,0.1,0.1,0.064,0.272,21769,18636,0.0,0.0,0.0,0.000,0.000,50,0,68.2,87.3,83.0,1.075,12.103,12.138,12.130,12.022,1552,107.826,47.193,90.640,31.545,76.930,26.039,50.759,0.336,90.640,17.887,7.566,55.901,220.000,240.000,1920.0,1750.2,1680.0,1908.1,1815.0,44.0,10.0,0.0,2.0,86.0,4.8,19.4,0.0,0.0,0.0,45,Yes,No,No,Yes,Yes,No,No,49.1,46.0,5,0,0,0,0,0,0,0,0,131,0,0,0,0,0,0,0,0,0,0,0,0,0,0,0,0,0,0,0,0,1150,7042,6898,863,8.0,80.0,109.0,64.5,62.9,62.8,62.8,80.1,165.9,53.1,50.3,50.0,50.0,12.49,15.31,9.23,7.84,15.45,15.45,5.60,6.88,11.68,0.81,2.57,0,0,0.0,0.0,9106,169,1.1,0.8,0,
7.7.2026,20:7:58.558,26782,19212,58.2,16958,15723,51.8,0.6,13312,79,1.296,1.300,1.269,1.300,1.300,1.294,1.319,1.294,1.294,4017.8,4017.8,3992.8,4017.8,4017.8,4017.8,4042.7,4017.8,4017.8,99.8,4010.6,4024.6,4009.9,4009.6,4010.1,4010.0,4010.3,4010.9,4011.0,4008.5,4008.6,4009.2,4010.0,4008.5,4008.9,4009.6,4009.9,4010.6,100.0,100.0,100.0,100.0,100.0,100.0,100.0,100.0,100.0,100.0,100.0,100.0,100.0,100.0,100.0,100.0,100.0,100.0,100.0,111.6,111.6,111.6,111.6,111.6,111.6,111.6,111.6,111.6,111.6,111.6,111.6,111.6,111.6,111.6,111.6,111.6,111.6,40.2,40.2,40.0,40.2,40.2,40.2,40.5,40.2,40.2,0.0,100.0,100.0,100.0,100.0,100.0,100.0,100.0,100.0,100.0,0.0,0.0,0.0,0.0,0.0,0.0,0.0,0.0,0.0,0.0,0.0,0.0,0.0,0.0,0.0,0.0,0.0,0.0,1197.8,12.00,16,16,16,39,55,661,1,81.6,82.3,78.5,78.9,78.5,77.5,80.5,78.8,79.1,79.0,78.4,79.6,68.3,68.4,68.2,59.2,54.8,1.294,1.031,1.300,23.074,11.957,23.082,90.000,52.161,6.563,6.540,6.224,7.025,6.378,6.685,6.425,6.526,6.697,30.402,12.372,42.774,52.220,1197.8,1197.8,4024.6,4024.6,4024.6,4024.6,59.3,38.5,100.0,86.6,57.6,No,No,No,4.814,0.342,8.0,51,95.0,100.0,No,No,91259,99040,32,99.0,No,No,3320,1.0,0.2,1.1,1.268,0.410,21771,18637,0.0,0.0,0.0,0.000,0.000,50,0,68.1,87.2,83.0,1.075,12.095,12.136,12.129,12.021,1554,106.808,44.467,89.332,31.286,75.660,25.906,49.629,0.336,89.332,17.679,7.455,58.059,220.000,240.000,1920.0,1750.2,1680.0,1907.7,1815.0,41.0,10.0,0.0,2.0,86.0,5.1,20.3,0.0,0.0,0.0,45,Yes,No,No,Yes,Yes,No,No,48.6,51.2,5,0,0,0,0,0,0,0,0,131,0,0,0,0,0,0,0,0,0,0,0,0,0,0,0,0,0,0,0,0,1151,7041,6898,866,8.0,79.3,117.7,47.3,36.3,35.4,35.4,79.3,162.9,47.0,36.1,35.2,35.2,12.61,21.11,8.59,6.64,28.08,28.08,5.65,6.97,11.81,0.80,2.93,0,0,0.0,0.0,9106,169,3.1,2.0,0,
7.7.2026,20:8:0.558,26795,19198,58.2,16970,15712,51.9,0.6,13312,79,1.297,1.300,1.294,1.300,1.294,1.288,1.312,1.294,1.294,4020.9,4017.8,4017.8,4017.8,4017.8,4017.8,4042.7,4017.8,4017.8,99.8,4011.4,4025.9,4009.8,4010.1,4010.5,4010.3,4010.5,4011.0,4011.8,4009.2,4009.7,4010.2,4011.2,4009.7,4009.9,4011.0,4011.2,4011.4,100.0,100.0,100.0,100.0,100.0,100.0,100.0,100.0,100.0,100.0,100.0,100.0,100.0,100.0,100.0,100.0,100.0,100.0,100.0,111.6,111.6,111.6,111.6,111.6,111.6,111.6,111.6,111.6,111.6,111.6,111.6,111.6,111.6,111.6,111.6,111.6,111.6,40.3,40.2,40.2,40.2,40.2,40.2,40.5,40.2,40.2,0.0,100.0,100.0,100.0,100.0,100.0,100.0,100.0,100.0,100.0,0.0,0.0,0.0,0.0,0.0,0.0,0.0,0.0,0.0,0.0,0.0,0.0,0.0,0.0,0.0,0.0,0.0,0.0,1197.8,12.00,16,16,16,39,55,661,1,81.4,80.9,82.8,77.7,78.4,77.8,78.4,76.2,78.3,79.0,76.6,77.1,68.0,68.1,68.0,56.8,54.2,1.337,1.031,1.325,21.585,11.989,21.581,90.000,50.169,6.177,6.682,6.564,6.320,5.371,6.483,6.544,5.961,5.496,28.454,12.396,40.850,50.279,1197.8,1197.8,4025.9,4025.9,4025.9,4025.9,57.1,36.0,100.0,85.1,57.1,No,No,No,4.908,0.325,8.0,51,95.0,100.0,No,No,91259,99040,32,99.0,No,No,3320,0.1,0.1,0.2,0.234,0.175,21772,18638,0.0,0.0,0.0,0.000,0.000,50,0,68.0,87.3,83.0,1.075,12.095,12.140,12.133,12.023,1554,106.680,44.467,91.618,32.208,77.215,26.187,50.898,0.336,91.618,17.850,46.829,55.870,220.000,240.000,1920.0,1750.2,1680.0,1907.7,1815.0,43.0,10.0,0.0,2.0,86.0,5.1,22.2,0.0,0.0,0.0,45,Yes,No,No,Yes,Yes,No,No,48.6,51.2,5,0,0,0,0,0,0,0,0,131,0,0,0,0,0,0,0,0,0,0,0,0,0,0,0,0,0,0,0,0,1151,7041,6898,866,8.0,81.0,101.0,69.2,67.2,67.0,67.0,81.0,187.2,54.4,53.1,52.9,52.9,12.35,15.31,9.92,9.26,17.47,17.47,5.63,6.72,11.49,0.85,2.49,0,0,0.0,0.0,9106,169,0.8,0.4,0,
7.7.2026,20:8:2.555,27048,18946,58.8,17166,15516,52.5,0.6,13312,79,1.288,1.275,1.294,1.288,1.300,1.275,1.275,1.300,1.300,4011.5,4017.8,4017.8,4017.8,4017.8,3992.8,3992.8,4017.8,4017.8,99.8,4010.7,4026.1,4009.4,4009.5,4009.9,4009.5,4009.8,4011.0,4011.0,4008.6,4008.6,4009.7,4010.6,4009.0,4009.3,4009.7,4010.2,4010.7,100.0,100.0,100.0,100.0,100.0,100.0,100.0,100.0,100.0,100.0,100.0,100.0,100.0,100.0,100.0,100.0,100.0,100.0,100.0,111.6,111.6,111.6,111.6,111.6,111.6,111.6,111.6,111.6,111.6,111.6,111.6,111.6,111.6,111.6,111.6,111.6,111.6,40.2,40.2,40.2,40.2,40.2,40.0,40.0,40.2,40.2,0.0,100.0,100.0,100.0,100.0,100.0,100.0,100.0,100.0,100.0,0.0,0.0,0.0,0.0,0.0,0.0,0.0,0.0,0.0,0.0,0.0,0.0,0.0,0.0,0.0,0.0,0.0,0.0,1197.8,12.00,16,16,16,39,55,661,1,90.9,80.7,83.8,77.5,78.2,77.1,79.0,76.1,77.5,77.1,77.2,77.8,67.9,67.9,67.8,59.2,55.0,1.319,1.031,1.331,21.511,11.958,21.509,90.000,49.907,6.285,6.689,6.393,6.625,5.376,6.246,5.925,6.436,6.594,28.361,12.364,40.725,50.149,1197.8,1197.8,4026.1,4026.1,4026.1,4026.1,57.0,35.8,100.0,84.9,56.8,No,No,No,4.845,0.332,8.0,51,95.0,100.0,No,No,91259,99040,32,99.0,No,No,3320,0.2,0.1,0.3,0.120,0.174,21772,18638,0.0,0.0,0.0,0.000,0.000,50,0,68.2,87.3,83.0,1.075,12.099,12.147,12.138,12.031,1552,107.963,49.063,86.087,29.577,73.650,25.709,47.825,0.336,86.087,17.226,7.505,59.460,220.000,240.000,1920.0,1750.2,1680.0,1907.7,1815.0,43.0,10.0,0.0,2.0,86.0,5.6,22.2,0.0,0.0,0.0,45,Yes,No,No,Yes,Yes,No,No,49.6,55.2,5,0,0,0,0,0,0,0,0,131,0,0,0,0,0,0,0,0,0,0,0,0,0,0,0,0,0,0,0,0,1151,7041,6898,868,8.0,78.7,136.0,34.5,15.3,14.4,14.4,78.7,163.4,31.7,15.2,14.4,14.4,12.71,29.00,7.20,6.68,69.67,69.67,5.64,7.07,11.92,0.79,4.51,0,0,0.0,0.0,9106,169,2.3,0.9,0,
7.7.2026,20:8:4.561,26881,19113,58.4,17006,15675,52.0,0.6,13312,79,1.292,1.294,1.294,1.300,1.300,1.300,1.275,1.306,1.269,4014.6,4017.8,4017.8,4017.8,4017.8,4017.8,3992.8,4017.8,4017.8,99.8,4010.4,4024.1,4009.4,4009.5,4009.9,4009.9,4010.2,4010.7,4011.1,4008.2,4008.4,4009.2,4009.9,4008.5,4008.6,4009.4,4009.9,4010.4,100.0,100.0,100.0,100.0,100.0,100.0,100.0,100.0,100.0,100.0,100.0,100.0,100.0,100.0,100.0,100.0,100.0,100.0,100.0,111.6,111.6,111.6,111.6,111.6,111.6,111.6,111.6,111.6,111.6,111.6,111.6,111.6,111.6,111.6,111.6,111.6,111.6,40.2,40.2,40.2,40.2,40.2,40.2,40.0,40.2,40.2,0.0,100.0,100.0,100.0,100.0,100.0,100.0,100.0,100.0,100.0,0.0,0.0,0.0,0.0,0.0,0.0,0.0,0.0,0.0,0.0,0.0,0.0,0.0,0.0,0.0,0.0,0.0,0.0,1197.8,12.00,16,16,16,39,55,661,1,88.0,83.7,81.5,80.0,80.4,80.2,81.3,81.8,79.9,80.3,77.9,78.7,68.6,68.7,68.5,58.2,54.4,1.319,1.031,1.331,24.500,11.893,24.501,90.000,53.925,6.871,7.187,7.107,7.164,7.348,6.938,6.807,6.290,6.127,32.249,12.312,44.562,53.997,1197.8,1197.8,4024.1,4024.1,4024.1,4024.1,61.4,40.8,100.0,88.1,58.4,No,No,No,4.677,0.340,8.0,51,95.0,100.0,No,No,91259,99040,32,99.0,No,No,3320,0.0,0.1,0.1,0.017,0.218,21772,18638,0.0,0.0,0.0,0.000,0.000,50,0,67.4,86.0,83.0,1.075,12.105,12.147,12.137,12.031,1554,102.517,43.346,84.615,29.176,72.762,25.637,47.006,0.336,84.615,17.415,7.434,75.601,220.000,240.000,1920.0,1750.2,1680.0,1908.0,1815.0,37.0,9.0,0.0,2.0,86.0,4.6,18.9,0.0,0.0,0.0,45,Yes,No,No,Yes,Yes,No,No,50.0,47.5,5,0,0,0,0,0,0,0,0,131,0,0,0,0,0,0,0,0,0,0,0,0,0,0,0,0,0,0,0,0,1138,7054,6910,877,8.0,80.8,131.0,44.3,40.8,40.4,40.4,80.7,174.0,44.0,33.6,32.7,32.7,12.37,22.76,7.61,6.41,24.71,24.71,5.64,6.75,11.60,0.77,3.01,0,0,0.0,0.0,9106,169,0.5,0.1,0,
7.7.2026,20:8:6.563,26814,19179,58.2,16975,15707,51.9,0.6,13312,79,1.290,1.300,1.300,1.300,1.288,1.294,1.294,1.269,1.275,4011.5,4017.8,4017.8,4017.8,4017.8,4017.8,4017.8,3992.8,3992.8,99.8,4007.7,4022.1,4006.5,4006.8,4007.2,4006.8,4006.7,4007.4,4008.0,4005.3,4005.8,4006.2,4007.5,4006.3,4006.3,4006.9,4007.5,4007.7,100.0,100.0,100.0,100.0,100.0,100.0,100.0,100.0,100.0,100.0,100.0,100.0,100.0,100.0,100.0,100.0,100.0,100.0,100.0,111.5,111.5,111.5,111.6,111.6,111.5,111.5,111.5,111.5,111.5,111.5,111.5,111.5,111.5,111.5,111.5,111.5,111.5,40.2,40.2,40.2,40.2,40.2,40.2,40.2,40.0,40.0,0.0,100.0,100.0,100.0,100.0,100.0,100.0,100.0,100.0,100.0,0.0,0.0,0.0,0.0,0.0,0.0,0.0,0.0,0.0,0.0,0.0,0.0,0.0,0.0,0.0,0.0,0.0,0.0,1197.8,12.00,16,16,16,39,55,661,1,84.6,82.4,82.8,78.8,78.5,77.4,79.8,76.9,80.3,78.9,78.8,79.7,68.4,68.5,68.3,58.5,54.8,1.319,1.031,1.319,22.559,11.934,22.565,90.000,51.448,6.380,6.515,6.242,6.584,5.600,6.791,6.122,6.500,6.685,29.709,12.347,42.056,51.509,1197.8,1197.8,4022.1,4022.1,4022.1,4022.1,58.5,37.6,100.0,86.7,57.9,No,No,No,5.039,0.308,8.0,51,95.0,100.0,No,No,91259,99040,32,99.0,No,No,3320,0.1,0.2,0.3,0.158,0.283,21772,18639,0.0,0.0,0.0,0.000,0.000,50,0,67.9,87.2,83.0,1.075,12.105,12.135,12.128,12.018,1554,107.036,44.460,92.917,32.594,78.043,26.295,51.618,0.336,92.917,17.770,62.221,56.450,220.000,240.000,1920.0,1750.2,1680.0,1907.9,1815.0,45.0,10.0,0.0,2.0,86.0,4.7,18.2,0.0,0.0,0.0,45,Yes,No,No,Yes,Yes,No,No,46.4,53.1,5,0,0,0,0,0,0,0,0,131,0,0,0,0,0,0,0,0,0,0,0,0,0,0,0,0,0,0,0,0,1151,7041,6898,868,8.0,78.4,108.7,60.1,60.1,60.1,60.1,79.0,187.1,52.5,51.4,51.3,51.3,12.76,16.69,9.43,8.75,16.78,16.78,5.65,7.09,11.93,0.83,3.11,0,0,0.0,0.0,9106,169,0.2,0.2,0,
7.7.2026,20:8:8.565,26776,19218,58.2,16951,15730,51.8,0.6,13312,79,1.293,1.294,1.294,1.294,1.294,1.288,1.294,1.294,1.294,4017.8,4017.8,4017.8,4017.8,4017.8,4017.8,4017.8,4017.8,4017.8,99.8,4008.3,4022.1,4007.3,4007.6,4008.2,4007.6,4007.8,4008.3,4008.8,4005.9,4006.3,4007.1,4007.8,4006.6,4006.6,4007.3,4007.5,4008.3,100.0,100.0,100.0,100.0,100.0,100.0,100.0,100.0,100.0,100.0,100.0,100.0,100.0,100.0,100.0,100.0,100.0,100.0,100.0,111.6,111.6,111.6,111.6,111.6,111.6,111.6,111.6,111.6,111.5,111.5,111.5,111.5,111.5,111.5,111.5,111.5,111.5,40.2,40.2,40.2,40.2,40.2,40.2,40.2,40.2,40.2,0.0,100.0,100.0,100.0,100.0,100.0,100.0,100.0,100.0,100.0,0.0,0.0,0.0,0.0,0.0,0.0,0.0,0.0,0.0,0.0,0.0,0.0,0.0,0.0,0.0,0.0,0.0,0.0,1197.8,12.00,16,16,16,39,55,661,1,83.6,82.8,84.8,79.4,79.0,78.3,80.6,79.7,80.3,79.4,78.5,79.5,68.3,68.4,68.2,57.2,54.9,1.312,1.044,1.331,23.676,11.875,23.671,90.000,52.717,6.693,6.754,6.527,6.830,6.612,7.227,6.701,6.426,6.470,31.167,12.289,43.456,52.872,1197.8,1197.8,4022.1,4022.1,4022.1,4022.1,60.1,39.5,100.0,87.2,58.2,No,No,No,4.661,0.341,8.0,51,95.0,100.0,No,No,91259,99040,32,99.0,No,No,3320,0.8,0.5,1.3,2.541,2.167,21777,18643,0.0,0.0,0.0,0.000,0.000,50,0,67.9,87.2,83.0,1.075,12.094,12.135,12.128,12.018,1554,107.036,51.116,92.917,32.594,78.043,26.295,51.618,0.336,92.917,17.770,62.221,56.450,220.000,240.000,1920.0,1750.2,1680.0,1907.9,1815.0,45.0,10.0,0.0,2.0,86.0,4.6,18.2,0.0,0.0,0.0,45,Yes,No,No,Yes,Yes,No,No,50.3,46.6,5,0,0,0,0,0,0,0,0,131,0,0,0,0,0,0,0,0,0,0,0,0,0,0,0,0,0,0,0,0,1151,7041,6898,868,8.0,80.7,98.6,54.3,50.8,50.4,50.4,80.8,200.2,47.6,38.9,38.1,38.1,12.39,18.51,10.01,9.40,19.95,19.95,5.67,6.72,11.63,0.76,2.60,0,0,0.0,0.0,9106,169,0.2,0.1,0,
7.7.2026,20:8:10.562,27217,18777,59.1,17132,15550,52.4,0.6,13312,79,1.291,1.294,1.300,1.300,1.294,1.294,1.300,1.269,1.275,4011.5,4017.8,4017.8,4017.8,4017.8,4017.8,4017.8,3992.8,3992.8,99.8,4009.7,4024.2,4008.6,4009.0,4009.4,4008.9,4009.1,4009.5,4010.0,4007.1,4007.8,4008.1,4009.1,4008.0,4008.1,4008.7,4009.2,4009.7,100.0,100.0,100.0,100.0,100.0,100.0,100.0,100.0,100.0,100.0,100.0,100.0,100.0,100.0,100.0,100.0,100.0,100.0,100.0,111.6,111.6,111.6,111.6,111.6,111.6,111.6,111.6,111.6,111.6,111.6,111.6,111.6,111.6,111.6,111.6,111.6,111.6,40.2,40.2,40.2,40.2,40.2,40.2,40.2,40.0,40.0,0.0,100.0,100.0,100.0,100.0,100.0,100.0,100.0,100.0,100.0,0.0,0.0,0.0,0.0,0.0,0.0,0.0,0.0,0.0,0.0,0.0,0.0,0.0,0.0,0.0,0.0,0.0,0.0,1197.8,12.00,16,16,16,39,55,661,1,82.1,81.8,81.5,78.4,78.7,77.5,80.1,77.7,78.3,77.7,78.1,79.1,68.2,68.3,68.2,59.5,54.6,1.319,1.031,1.325,22.201,11.897,22.204,90.000,50.950,6.311,6.547,6.165,6.791,5.944,6.244,5.743,6.421,6.631,29.248,12.307,41.555,50.997,1197.8,1197.8,4024.2,4024.2,4024.2,4024.2,58.0,37.0,100.0,86.1,57.5,No,No,No,4.943,0.326,8.0,51,95.0,100.0,No,No,91259,99040,32,99.0,No,No,3320,0.1,0.3,0.4,0.194,2.472,21778,18649,0.0,0.0,0.0,0.000,0.000,50,0,68.1,87.2,83.0,1.075,12.105,12.147,12.138,12.031,1552,106.367,43.092,84.564,29.323,73.060,25.578,47.354,0.336,84.564,17.906,7.644,60.593,220.000,240.000,1920.0,1750.2,1680.0,1907.7,1815.0,42.0,10.0,0.0,2.0,86.0,5.3,21.1,0.0,0.0,0.0,45,Yes,No,No,Yes,Yes,No,No,46.6,50.1,5,0,0,0,0,0,0,0,0,131,0,0,0,0,0,0,0,0,0,0,0,0,0,0,0,0,0,0,0,0,1151,7041,6898,868,8.0,78.5,93.6,54.9,36.5,35.2,35.2,78.5,204.0,41.7,29.6,28.7,28.7,12.74,18.19,10.68,10.24,28.27,28.27,5.61,7.13,11.92,0.82,3.06,0,0,0.0,0.0,9106,169,0.3,0.3,0,
7.7.2026,20:8:12.557,27193,18801,59.1,17150,15532,52.4,0.6,13312,79,1.295,1.294,1.300,1.300,1.281,1.294,1.300,1.294,1.294,4020.9,4017.8,4017.8,4017.8,4017.8,4017.8,4017.8,4017.8,4042.7,99.8,4009.4,4024.2,4008.7,4009.0,4009.4,4009.0,4009.0,4009.2,4009.8,4007.0,4007.4,4008.3,4008.9,4007.2,4007.3,4007.9,4008.3,4009.4,100.0,100.0,100.0,100.0,100.0,100.0,100.0,100.0,100.0,100.0,100.0,100.0,100.0,100.0,100.0,100.0,100.0,100.0,100.0,111.6,111.6,111.6,111.6,111.6,111.6,111.6,111.6,111.6,111.6,111.6,111.6,111.6,111.6,111.6,111.6,111.6,111.6,40.3,40.2,40.2,40.2,40.2,40.2,40.2,40.2,40.5,0.0,100.0,100.0,100.0,100.0,100.0,100.0,100.0,100.0,100.0,0.0,0.0,0.0,0.0,0.0,0.0,0.0,0.0,0.0,0.0,0.0,0.0,0.0,0.0,0.0,0.0,0.0,0.0,1197.8,12.00,16,16,16,39,55,661,1,82.9,82.3,81.5,78.8,78.5,77.8,80.9,79.4,78.8,78.8,77.7,78.9,68.2,68.3,68.1,60.0,55.3,1.294,1.031,1.306,23.007,11.864,23.000,90.000,51.814,6.695,6.557,6.457,7.190,6.891,6.846,6.650,6.344,6.625,30.295,12.277,42.572,51.989,1197.8,1197.8,4024.2,4024.2,4024.2,4024.2,59.1,38.3,100.0,86.6,57.8,No,No,No,4.784,0.331,8.0,51,95.0,100.0,No,No,91259,99040,32,99.0,No,No,3320,0.1,3.3,3.4,0.092,93.862,21778,18827,0.0,0.0,0.0,0.000,0.000,50,0,68.2,87.2,83.0,1.075,12.097,12.137,12.131,12.022,1554,106.209,46.342,89.400,31.497,76.318,26.112,50.066,0.336,89.400,18.474,7.671,74.148,220.000,240.000,1920.0,1750.2,1680.0,1908.3,1815.0,45.0,11.0,0.0,2.0,86.1,5.1,20.3,0.0,0.0,0.0,45,Yes,No,No,Yes,Yes,No,No,49.0,50.6,5,0,0,0,0,0,0,0,0,131,0,0,0,0,0,0,0,0,0,0,0,0,0,0,0,0,0,0,0,0,1142,7050,6906,876,8.0,81.0,126.3,64.3,57.3,56.7,56.7,81.0,216.9,56.9,53.7,53.3,53.3,12.34,15.62,8.06,7.93,17.56,17.56,5.64,6.71,11.53,0.81,2.76,0,0,0.0,0.0,9107,169,1.5,1.2,0,
7.7.2026,20:8:14.558,27241,18752,59.2,17215,15467,52.6,0.6,13312,79,1.291,1.288,1.294,1.319,1.269,1.294,1.275,1.294,1.294,4024.0,4017.8,4017.8,4042.7,4042.7,4017.8,4017.8,4017.8,4017.8,99.8,4011.0,4024.7,4009.1,4009.5,4009.6,4009.9,4010.1,4011.4,4012.0,4009.1,4009.2,4009.6,4010.6,4009.4,4009.9,4010.5,4010.7,4011.0,100.0,100.0,100.0,100.0,100.0,100.0,100.0,100.0,100.0,100.0,100.0,100.0,100.0,100.0,100.0,100.0,100.0,100.0,100.0,111.6,111.6,111.6,111.6,111.6,111.6,111.6,111.6,111.6,111.6,111.6,111.6,111.6,111.6,111.6,111.6,111.6,111.6,40.3,40.2,40.2,40.5,40.5,40.2,40.2,40.2,40.2,0.0,100.0,100.0,100.0,100.0,100.0,100.0,100.0,100.0,100.0,0.0,0.0,0.0,0.0,0.0,0.0,0.0,0.0,0.0,0.0,0.0,0.0,0.0,0.0,0.0,0.0,0.0,0.0,1197.8,12.00,16,16,16,39,55,661,1,82.0,81.8,80.5,78.5,78.7,77.9,80.0,78.1,79.0,78.0,77.8,78.6,68.3,68.4,68.2,57.0,54.4,1.350,1.031,1.344,22.407,11.984,22.418,90.000,51.349,6.241,6.621,6.485,6.563,5.589,6.159,5.709,6.479,6.321,29.529,12.396,41.925,51.392,1197.8,1197.8,4024.7,4024.7,4024.7,4024.7,58.4,37.4,100.0,86.1,57.0,No,No,No,4.999,0.427,8.0,51,95.0,100.0,No,No,91259,99040,32,99.0,No,No,3320,0.1,0.4,0.5,0.146,6.478,21778,18838,0.0,0.0,0.0,0.000,0.000,50,0,67.8,86.7,83.0,1.075,12.101,12.142,12.135,12.026,1552,106.005,47.087,89.882,31.618,76.172,26.109,49.933,0.336,89.882,17.978,7.614,81.345,220.000,240.000,1920.0,1750.2,1680.0,1907.6,1815.0,41.0,10.0,0.0,2.0,86.1,5.1,20.6,0.0,0.0,0.0,45,Yes,No,No,Yes,Yes,No,No,48.8,52.6,5,0,0,0,0,0,0,0,0,131,0,0,0,0,0,0,0,0,0,0,0,0,0,0,0,0,0,0,0,0,1142,7050,6906,876,8.0,74.7,88.2,51.7,40.8,39.9,39.9,74.6,179.5,46.8,40.9,40.3,40.3,13.39,19.68,11.21,11.20,25.08,25.08,5.64,7.76,12.55,0.84,2.78,0,0,0.0,0.0,9107,169,0.0,0.0,0,
7.7.2026,20:8:16.555,27387,18607,59.5,17368,15313,53.1,0.6,13312,79,1.287,1.288,1.294,1.288,1.275,1.275,1.300,1.288,1.294,4017.8,4017.8,4017.8,4017.8,4017.8,4017.8,4017.8,4017.8,4017.8,99.8,4011.2,4026.5,4009.9,4010.2,4010.7,4010.4,4010.5,4011.0,4011.2,4008.9,4009.2,4009.6,4010.7,4009.4,4009.5,4010.3,4010.6,4011.2,100.0,100.0,100.0,100.0,100.0,100.0,100.0,100.0,100.0,100.0,100.0,100.0,100.0,100.0,100.0,100.0,100.0,100.0,100.0,111.6,111.7,111.7,111.7,111.7,111.7,111.7,111.7,111.7,111.6,111.6,111.6,111.6,111.6,111.6,111.6,111.6,111.6,40.2,40.2,40.2,40.2,40.2,40.2,40.2,40.2,40.2,0.0,100.0,100.0,100.0,100.0,100.0,100.0,100.0,100.0,100.0,0.0,0.0,0.0,0.0,0.0,0.0,0.0,0.0,0.0,0.0,0.0,0.0,0.0,0.0,0.0,0.0,0.0,0.0,1197.8,12.00,16,16,16,39,55,661,1,90.1,81.1,81.8,77.6,78.4,77.4,79.5,77.6,77.7,76.3,77.0,77.0,67.8,67.9,67.7,59.5,54.8,1.325,1.031,1.325,21.640,11.947,21.635,90.000,50.154,6.338,6.722,6.441,6.795,6.401,6.257,5.708,6.285,6.099,28.528,12.355,40.883,50.322,1197.8,1197.8,4026.5,4026.5,4026.5,4026.5,57.2,36.1,100.0,85.4,57.0,No,No,No,5.182,0.310,8.0,51,95.0,100.0,No,No,91259,99040,32,99.0,No,No,3320,0.0,0.1,0.1,0.074,0.589,21778,18840,0.0,0.0,0.0,0.000,0.000,50,0,68.3,87.7,83.0,1.075,12.096,12.137,12.130,12.022,1554,102.418,46.432,89.330,31.701,76.165,26.015,50.026,0.336,89.330,18.607,7.930,74.879,220.000,240.000,1920.0,1750.2,1680.0,1908.0,1815.0,44.0,10.0,0.0,2.0,86.0,5.1,20.2,0.0,0.0,0.0,45,Yes,No,No,Yes,Yes,No,No,49.1,46.5,5,0,0,0,0,0,0,0,0,131,0,0,0,0,0,0,0,0,0,0,0,0,0,0,0,0,0,0,0,0,1144,7048,6905,877,8.0,70.4,99.4,37.8,34.4,34.1,34.1,70.5,185.4,31.8,30.6,30.5,30.5,14.19,26.32,10.21,8.75,29.43,29.43,5.65,8.54,13.39,0.80,4.31,0,0,0.0,0.0,9107,169,0.2,0.3,0,
7.7.2026,20:8:18.558,27489,18504,59.7,17550,15132,53.6,0.6,13312,79,1.298,1.325,1.300,1.294,1.300,1.281,1.294,1.294,1.294,4017.8,4042.7,4017.8,4017.8,4017.8,3992.8,4017.8,4017.8,4017.8,99.8,4009.7,4024.1,4008.5,4008.7,4009.0,4008.8,4009.1,4009.7,4009.9,4007.5,4007.8,4008.5,4009.3,4008.4,4008.3,4009.0,4009.3,4009.7,100.0,100.0,100.0,100.0,100.0,100.0,100.0,100.0,100.0,100.0,100.0,100.0,100.0,100.0,100.0,100.0,100.0,100.0,100.0,111.6,111.6,111.6,111.6,111.6,111.6,111.6,111.6,111.6,111.6,111.6,111.6,111.6,111.6,111.6,111.6,111.6,111.6,40.2,40.5,40.2,40.2,40.2,40.0,40.2,40.2,40.2,0.0,100.0,100.0,100.0,100.0,100.0,100.0,100.0,100.0,100.0,0.0,0.0,0.0,0.0,0.0,0.0,0.0,0.0,0.0,0.0,0.0,0.0,0.0,0.0,0.0,0.0,0.0,0.0,1197.8,12.00,16,16,16,39,55,661,1,87.2,82.5,78.8,78.9,78.4,77.4,80.4,78.9,79.2,79.4,78.2,79.1,68.2,68.3,68.2,57.5,55.0,1.300,1.031,1.300,22.831,11.923,22.839,90.000,51.906,6.470,6.459,6.010,6.677,6.069,6.742,6.605,6.596,6.606,30.087,12.340,42.427,51.894,1197.8,1197.8,4024.1,4024.1,4024.1,4024.1,59.0,38.1,100.0,86.9,57.5,No,No,No,5.247,0.289,8.0,52,95.0,100.0,No,No,91259,99040,32,99.0,No,No,3320,0.1,0.2,0.3,0.087,2.036,21778,18843,0.0,0.0,0.0,0.000,0.000,50,0,67.8,87.0,83.0,1.075,12.097,12.137,12.132,12.023,1554,100.991,47.381,91.063,31.968,76.710,25.994,50.589,0.336,91.063,17.675,7.330,81.076,220.000,240.000,1920.0,1750.2,1680.0,1907.9,1815.0,39.0,9.0,0.0,2.0,86.1,4.3,17.1,0.0,0.0,0.0,45,Yes,No,No,Yes,Yes,No,No,49.4,44.4,5,0,0,0,0,0,0,0,0,131,0,0,0,0,0,0,0,0,0,0,0,0,0,0,0,0,0,0,0,0,1142,7050,6906,877,8.0,76.0,92.9,40.8,39.6,39.4,39.4,76.0,207.3,38.0,33.3,32.8,32.8,13.16,24.40,10.70,10.32,25.31,25.31,5.67,7.49,12.33,0.83,3.90,0,0,0.0,0.0,9107,169,0.7,0.2,0,
7.7.2026,20:8:20.560,27775,18219,60.3,17829,14852,54.5,0.6,13312,79,1.295,1.312,1.288,1.294,1.319,1.294,1.288,1.269,1.294,4014.6,4017.8,4017.8,4017.8,4017.8,4017.8,4017.8,3992.8,4017.8,99.8,4011.5,4026.0,4010.2,4010.1,4011.0,4010.7,4010.7,4011.8,4012.0,4009.3,4009.6,4010.4,4011.3,4009.6,4010.1,4011.0,4010.9,4011.5,100.0,100.0,100.0,100.0,100.0,100.0,100.0,100.0,100.0,100.0,100.0,100.0,100.0,100.0,100.0,100.0,100.0,100.0,100.0,111.6,111.7,111.7,111.7,111.7,111.7,111.7,111.7,111.7,111.6,111.6,111.6,111.6,111.6,111.6,111.6,111.6,111.6,40.2,40.2,40.2,40.2,40.2,40.2,40.2,40.0,40.2,0.0,100.0,100.0,100.0,100.0,100.0,100.0,100.0,100.0,100.0,0.0,0.0,0.0,0.0,0.0,0.0,0.0,0.0,0.0,0.0,0.0,0.0,0.0,0.0,0.0,0.0,0.0,0.0,1197.8,12.00,16,16,16,39,55,661,1,84.4,81.1,84.2,77.6,78.0,77.1,79.7,76.9,77.2,76.2,77.7,78.4,67.9,68.0,67.9,57.0,54.8,1.312,1.038,1.325,21.541,11.886,21.539,90.000,50.016,6.168,6.518,6.436,6.947,5.848,5.814,5.094,6.400,6.288,28.403,12.293,40.695,50.131,1197.8,1197.8,4026.0,4026.0,4026.0,4026.0,57.0,35.9,100.0,85.4,56.8,No,No,No,5.010,0.299,8.0,51,95.0,100.0,No,No,91259,99040,32,99.0,No,No,3320,0.1,0.3,0.3,0.144,4.119,21779,18853,0.0,0.0,0.0,0.000,0.000,50,0,67.9,86.8,83.0,1.075,12.100,12.141,12.134,12.026,1556,104.358,48.129,87.997,30.546,74.852,25.843,48.883,0.336,87.997,17.480,51.675,55.684,220.000,240.000,1920.0,1750.2,1680.0,1907.9,1815.0,41.0,9.0,0.0,2.0,86.0,5.4,21.5,0.0,0.0,0.0,45,Yes,No,No,Yes,Yes,No,No,47.9,43.6,5,0,0,0,0,0,0,0,0,131,0,0,0,0,0,0,0,0,0,0,0,0,0,0,0,0,0,0,0,0,1144,7048,6905,877,8.0,61.8,82.6,21.5,20.0,19.8,19.8,61.8,124.0,20.5,18.0,17.7,17.7,16.17,46.79,12.07,12.04,51.01,51.01,5.65,10.53,15.33,0.84,5.19,0,0,0.0,0.0,9107,169,0.7,0.2,0,
7.7.2026,20:8:22.550,27543,18450,59.8,17650,15032,54.0,0.6,13312,79,1.293,1.319,1.294,1.275,1.300,1.288,1.300,1.294,1.275,4014.6,4017.8,4017.8,4017.8,4017.8,4017.8,4017.8,4017.8,3992.8,99.8,4009.8,4024.8,4009.5,4009.5,4009.9,4009.8,4009.8,4009.7,4009.9,4007.6,4007.9,4008.4,4008.8,4007.9,4008.0,4007.8,4007.6,4009.8,100.0,100.0,100.0,100.0,100.0,100.0,100.0,100.0,100.0,100.0,100.0,100.0,100.0,100.0,100.0,100.0,100.0,100.0,100.0,111.6,111.6,111.6,111.6,111.6,111.6,111.6,111.6,111.6,111.6,111.6,111.6,111.6,111.6,111.6,111.6,111.6,111.6,40.2,40.2,40.2,40.2,40.2,40.2,40.2,40.2,40.0,0.0,100.0,100.0,100.0,100.0,100.0,100.0,100.0,100.0,100.0,0.0,0.0,0.0,0.0,0.0,0.0,0.0,0.0,0.0,0.0,0.0,0.0,0.0,0.0,0.0,0.0,0.0,0.0,1197.8,12.00,16,16,16,39,55,661,1,84.1,83.1,85.2,79.5,79.7,79.8,81.1,80.1,79.5,79.4,77.9,78.2,68.3,68.4,68.2,59.0,54.4,1.344,1.031,1.337,23.801,11.851,23.801,90.000,52.963,6.919,7.085,7.207,7.168,6.890,7.213,7.185,6.301,6.305,31.344,12.265,43.609,53.052,1197.8,1197.8,4024.8,4024.8,4024.8,4024.8,60.3,39.7,100.0,87.4,57.9,No,No,No,4.962,0.292,8.0,51,95.0,100.0,No,No,91259,99040,32,99.0,No,No,3320,0.0,0.3,0.3,0.057,2.774,21779,18856,0.0,0.0,0.0,0.000,0.000,50,0,67.6,86.5,83.0,1.075,12.102,12.143,12.134,12.029,1554,102.958,42.176,82.495,28.173,71.285,25.345,45.830,0.336,82.495,17.063,7.330,61.406,220.000,240.000,1920.0,1750.2,1680.0,1908.3,1815.0,39.0,9.0,0.0,2.0,86.1,4.8,19.0,0.0,0.0,0.0,45,Yes,No,No,Yes,Yes,No,No,48.6,43.3,5,0,0,0,0,0,0,0,0,131,0,0,0,0,0,0,0,0,0,0,0,0,0,0,0,0,0,0,0,0,1142,7050,6906,877,8.0,76.4,144.8,28.9,25.3,25.0,25.0,76.4,253.9,29.1,25.4,25.0,25.0,13.10,34.62,6.92,6.41,39.98,39.98,5.61,7.48,12.32,0.78,4.61,0,0,0.0,0.0,9107,169,1.3,0.3,0,
7.7.2026,20:8:24.550,27543,18450,59.8,17650,15032,54.0,0.6,13312,79,1.293,1.319,1.294,1.275,1.300,1.288,1.300,1.294,1.275,4014.6,4017.8,4017.8,4017.8,4017.8,4017.8,4017.8,4017.8,3992.8,99.8,4009.8,4024.8,4009.5,4009.5,4009.9,4009.8,4009.8,4009.7,4009.9,4007.6,4007.9,4008.4,4008.8,4007.9,4008.0,4007.8,4007.6,4009.8,100.0,100.0,100.0,100.0,100.0,100.0,100.0,100.0,100.0,100.0,100.0,100.0,100.0,100.0,100.0,100.0,100.0,100.0,100.0,111.6,111.6,111.6,111.6,111.6,111.6,111.6,111.6,111.6,111.6,111.6,111.6,111.6,111.6,111.6,111.6,111.6,111.6,40.2,40.2,40.2,40.2,40.2,40.2,40.2,40.2,40.0,0.0,100.0,100.0,100.0,100.0,100.0,100.0,100.0,100.0,100.0,0.0,0.0,0.0,0.0,0.0,0.0,0.0,0.0,0.0,0.0,0.0,0.0,0.0,0.0,0.0,0.0,0.0,0.0,1197.8,12.00,16,16,16,39,55,661,1,84.1,83.1,85.2,79.5,79.7,79.8,81.1,80.1,79.5,79.4,77.9,78.2,68.3,68.4,68.2,59.0,54.4,1.344,1.031,1.337,23.801,11.851,23.801,90.000,52.963,6.919,7.085,7.207,7.168,6.890,7.213,7.185,6.301,6.305,31.344,12.265,43.609,53.052,1197.8,1197.8,4024.8,4024.8,4024.8,4024.8,60.3,39.7,100.0,87.4,57.9,No,No,No,4.962,0.292,8.0,51,95.0,100.0,No,No,91259,99040,32,99.0,No,No,3320,0.0,0.3,0.3,0.057,2.774,21779,18856,0.0,0.0,0.0,0.000,0.000,50,0,67.5,86.2,83.0,1.075,12.095,12.136,12.129,12.021,1554,103.581,44.295,89.206,31.214,75.649,25.965,49.556,0.336,89.206,17.717,7.468,56.636,220.000,240.000,1920.0,1750.2,1680.0,1908.2,1815.0,42.0,10.0,0.0,2.0,86.1,5.0,20.1,0.0,0.0,0.0,45,Yes,No,No,Yes,Yes,No,No,48.6,44.8,5,0,0,0,0,0,0,0,0,131,0,0,0,0,0,0,0,0,0,0,0,0,0,0,0,0,0,0,0,0,1142,7050,6906,877,8.0,76.4,144.8,28.9,25.3,25.0,25.0,76.4,253.9,29.1,25.4,25.0,25.0,13.10,34.62,6.92,6.41,39.98,39.98,5.61,7.48,12.32,0.78,4.61,0,0,0.0,0.0,9107,169,1.3,0.3,0,
7.7.2026,20:8:26.550,27695,18298,60.2,17798,14884,54.4,0.6,13312,79,1.299,1.294,1.294,1.294,1.331,1.312,1.300,1.275,1.294,4014.6,4017.8,3992.8,3992.8,4042.7,4042.7,4017.8,3992.8,4017.8,99.8,4010.4,4025.0,4009.4,4009.5,4009.8,4010.2,4010.2,4010.5,4010.7,4008.3,4008.5,4008.9,4009.7,4008.4,4008.8,4009.4,4009.6,4010.4,100.0,100.0,100.0,100.0,100.0,100.0,100.0,100.0,100.0,100.0,100.0,100.0,100.0,100.0,100.0,100.0,100.0,100.0,100.0,111.6,111.6,111.6,111.6,111.6,111.6,111.6,111.6,111.6,111.6,111.6,111.6,111.6,111.6,111.6,111.6,111.6,111.6,40.2,40.2,40.0,40.0,40.5,40.5,40.2,40.0,40.2,0.0,100.0,100.0,100.0,100.0,100.0,100.0,100.0,100.0,100.0,0.0,0.0,0.0,0.0,0.0,0.0,0.0,0.0,0.0,0.0,0.0,0.0,0.0,0.0,0.0,0.0,0.0,0.0,1197.8,12.00,16,16,16,39,55,661,1,81.4,80.5,77.0,77.5,78.1,77.4,77.3,75.5,78.1,77.7,77.3,78.3,68.0,68.1,68.0,58.2,54.5,1.306,1.038,1.319,21.097,11.918,21.100,90.000,49.529,5.980,6.610,6.530,5.765,4.896,6.368,5.961,5.922,5.786,27.805,12.320,40.125,49.587,1197.8,1197.8,4025.0,4025.0,4025.0,4025.0,56.3,35.2,100.0,84.8,56.8,No,No,No,5.303,0.296,8.0,51,95.0,100.0,No,No,91259,99040,32,99.0,No,No,3320,0.1,0.2,0.3,0.070,1.611,21779,18861,0.0,0.0,0.0,0.000,0.000,50,0,67.4,86.4,83.0,1.075,12.103,12.145,12.134,12.031,1554,103.454,40.183,79.631,26.853,69.493,25.144,44.240,0.336,79.631,16.825,7.374,52.302,220.000,240.000,1920.0,1750.2,1680.0,1908.5,1815.0,35.0,8.0,0.0,1.0,86.0,4.2,16.6,0.0,0.0,0.0,45,Yes,No,No,Yes,Yes,No,No,44.2,43.1,5,0,0,0,0,0,0,0,0,131,0,0,0,0,0,0,0,0,0,0,0,0,0,0,0,0,0,0,0,0,1144,7048,6905,877,8.0,74.0,97.7,44.1,42.1,41.9,41.9,74.3,210.8,42.0,35.1,34.5,34.5,13.52,22.69,10.03,9.98,23.80,23.80,5.72,7.80,12.65,0.87,3.80,0,0,0.0,0.0,9107,169,0.9,10.5,0,
7.7.2026,20:8:28.553,27524,18469,59.8,17758,14923,54.3,0.6,13312,79,1.290,1.294,1.294,1.294,1.275,1.294,1.288,1.288,1.294,4017.8,4017.8,4017.8,4017.8,4017.8,4017.8,4017.8,4017.8,4017.8,99.8,4010.3,4025.8,4009.8,4010.0,4009.8,4009.6,4009.9,4010.4,4010.4,4008.0,4008.3,4009.0,4009.6,4007.7,4008.1,4009.2,4009.8,4010.3,100.0,100.0,100.0,100.0,100.0,100.0,100.0,100.0,100.0,100.0,100.0,100.0,100.0,100.0,100.0,100.0,100.0,100.0,100.0,111.6,111.6,111.6,111.6,111.6,111.6,111.6,111.6,111.6,111.6,111.6,111.6,111.6,111.6,111.6,111.6,111.6,111.6,40.2,40.2,40.2,40.2,40.2,40.2,40.2,40.2,40.2,0.0,100.0,100.0,100.0,100.0,100.0,100.0,100.0,100.0,100.0,0.0,0.0,0.0,0.0,0.0,0.0,0.0,0.0,0.0,0.0,0.0,0.0,0.0,0.0,0.0,0.0,0.0,0.0,1197.8,12.00,16,16,16,39,55,661,1,81.9,81.5,82.8,78.3,79.2,78.8,79.1,78.5,78.7,77.8,77.4,77.2,67.9,67.9,67.8,59.8,55.1,1.306,1.038,1.325,22.594,11.849,22.586,90.000,51.292,6.609,6.961,6.883,6.565,6.457,6.850,6.377,6.505,6.278,29.774,12.257,42.031,51.450,1197.8,1197.8,4025.8,4025.8,4025.8,4025.8,58.5,37.6,100.0,85.8,57.6,No,No,No,4.923,0.308,8.0,51,95.0,100.0,No,No,91259,99040,32,99.0,No,No,3320,0.2,1.3,1.5,0.185,22.567,21780,18983,0.0,0.0,0.0,0.000,0.000,50,0,67.1,85.8,83.0,1.075,12.098,12.139,12.131,12.025,1554,94.896,44.366,84.078,28.891,72.371,25.541,46.707,0.336,84.078,17.258,7.789,76.613,220.000,240.000,1920.0,1750.2,1680.0,1908.9,1815.0,42.0,10.0,0.0,2.0,86.1,4.7,18.8,0.0,0.0,0.0,45,Yes,No,No,Yes,Yes,No,No,46.1,51.4,5,0,0,0,0,0,0,0,0,131,0,0,0,0,0,0,0,0,0,0,0,0,0,0,0,0,0,0,0,0,1142,7050,6906,877,8.0,60.0,66.1,55.2,54.3,54.2,54.2,60.0,66.4,54.6,50.9,50.5,50.5,16.67,18.33,14.94,14.82,18.36,18.36,0.48,1.26,16.38,0.29,0.53,0,0,0.0,0.0,9107,169,0.3,0.2,0,
7.7.2026,20:8:30.573,27189,18805,59.1,17394,15288,53.2,0.6,13312,79,1.298,1.300,1.300,1.294,1.294,1.294,1.294,1.294,1.319,4014.6,4017.8,3992.8,4017.8,4017.8,4017.8,4017.8,4017.8,4017.8,99.8,4006.0,4020.7,4005.2,4005.2,4005.7,4005.3,4005.6,4005.9,4006.2,4003.6,4003.5,4004.4,4005.3,4003.7,4004.2,4005.0,4005.7,4006.0,100.0,100.0,100.0,100.0,100.0,100.0,100.0,100.0,100.0,100.0,100.0,100.0,100.0,100.0,100.0,100.0,100.0,100.0,100.0,111.5,111.5,111.5,111.5,111.5,111.5,111.5,111.5,111.5,111.5,111.5,111.5,111.5,111.5,111.5,111.5,111.5,111.5,40.2,40.2,40.0,40.2,40.2,40.2,40.2,40.2,40.2,0.0,100.0,100.0,100.0,100.0,100.0,100.0,100.0,100.0,100.0,0.0,0.0,0.0,0.0,0.0,0.0,0.0,0.0,0.0,0.0,0.0,0.0,0.0,0.0,0.0,0.0,0.0,0.0,1197.8,12.00,16,16,16,39,55,661,1,83.0,84.3,84.2,80.6,80.0,79.7,81.6,80.5,80.8,81.5,79.5,81.4,68.7,68.8,68.6,57.2,54.5,1.331,1.025,1.325,25.251,11.840,25.263,90.000,54.879,7.122,7.078,6.993,7.359,6.868,7.525,7.556,6.711,6.890,33.219,12.265,45.484,54.942,1197.8,1197.8,4020.7,4020.7,4020.7,4020.7,62.4,42.1,100.0,88.8,58.5,No,No,No,4.645,0.365,8.0,51,95.0,100.0,No,No,91259,99040,33,99.0,No,No,3320,0.3,2.6,2.9,0.330,13.963,21780,19009,0.0,0.0,0.0,0.000,0.000,50,0,67.4,86.3,83.0,1.075,12.094,12.135,12.128,12.020,1549,110.987,44.083,88.017,30.677,75.171,25.747,49.293,0.336,88.017,17.887,7.492,58.193,220.000,240.000,1920.0,1750.2,1680.0,1908.3,1815.0,43.0,10.0,0.0,2.0,86.1,5.9,23.6,0.0,0.0,0.0,45,Yes,No,No,Yes,Yes,No,No,48.1,45.5,5,0,0,0,0,0,0,0,0,131,0,0,0,0,0,0,0,0,0,0,0,0,0,0,0,0,0,0,0,0,1142,7050,6906,877,8.0,70.5,103.9,36.7,35.0,34.9,34.9,70.4,198.6,36.2,33.2,32.8,32.8,14.20,27.34,9.69,9.11,28.66,28.66,5.68,8.52,13.41,0.79,4.36,0,0,0.0,0.0,9107,169,0.2,0.3,0,
7.7.2026,20:8:32.553,27189,18805,59.1,17394,15288,53.2,0.6,13312,79,1.298,1.300,1.300,1.294,1.294,1.294,1.294,1.294,1.319,4014.6,4017.8,3992.8,4017.8,4017.8,4017.8,4017.8,4017.8,4017.8,99.8,4006.0,4020.7,4005.2,4005.2,4005.7,4005.3,4005.6,4005.9,4006.2,4003.6,4003.5,4004.4,4005.3,4003.7,4004.2,4005.0,4005.7,4006.0,100.0,100.0,100.0,100.0,100.0,100.0,100.0,100.0,100.0,100.0,100.0,100.0,100.0,100.0,100.0,100.0,100.0,100.0,100.0,111.5,111.5,111.5,111.5,111.5,111.5,111.5,111.5,111.5,111.5,111.5,111.5,111.5,111.5,111.5,111.5,111.5,111.5,40.2,40.2,40.0,40.2,40.2,40.2,40.2,40.2,40.2,0.0,100.0,100.0,100.0,100.0,100.0,100.0,100.0,100.0,100.0,0.0,0.0,0.0,0.0,0.0,0.0,0.0,0.0,0.0,0.0,0.0,0.0,0.0,0.0,0.0,0.0,0.0,0.0,1197.8,12.00,16,16,16,39,55,661,1,83.0,84.3,84.2,80.6,80.0,79.7,81.6,80.5,80.8,81.5,79.5,81.4,68.7,68.8,68.6,57.2,54.5,1.331,1.025,1.325,25.251,11.840,25.263,90.000,54.879,7.122,7.078,6.993,7.359,6.868,7.525,7.556,6.711,6.890,33.219,12.265,45.484,54.942,1197.8,1197.8,4020.7,4020.7,4020.7,4020.7,62.4,42.1,100.0,88.8,58.5,No,No,No,4.645,0.365,8.0,51,95.0,100.0,No,No,91259,99040,33,99.0,No,No,3320,0.3,2.6,2.9,0.330,13.963,21780,19009,0.0,0.0,0.0,0.000,0.000,50,0,67.4,86.1,83.0,1.075,12.096,12.137,12.130,12.022,1554,104.074,50.604,88.926,31.229,75.863,25.931,49.799,0.336,88.926,18.236,49.869,76.929,220.000,240.000,1920.0,1750.2,1680.0,1908.7,1815.0,41.0,9.0,0.0,2.0,86.0,5.4,21.6,0.0,0.0,0.0,45,Yes,No,No,Yes,Yes,No,No,46.9,52.5,5,0,0,0,0,0,0,0,0,131,0,0,0,0,0,0,0,0,0,0,0,0,0,0,0,0,0,0,0,0,1151,7041,6906,870,8.0,70.5,103.9,36.7,35.0,34.9,34.9,70.4,198.6,36.2,33.2,32.8,32.8,14.20,27.34,9.69,9.11,28.66,28.66,5.68,8.52,13.41,0.79,4.36,0,0,0.0,0.0,9107,169,0.2,0.3,0,
7.7.2026,20:8:34.562,27163,18830,59.0,17381,15301,53.1,0.6,13312,79,1.290,1.294,1.288,1.300,1.269,1.294,1.300,1.275,1.300,4011.5,4017.8,4017.8,4017.8,3992.8,4017.8,4017.8,3992.8,4017.8,99.8,4010.0,4024.7,4009.6,4009.6,4010.1,4009.7,4009.5,4010.7,4010.5,4007.5,4007.8,4008.5,4009.4,4008.2,4008.1,4008.3,4007.2,4010.0,100.0,100.0,100.0,100.0,100.0,100.0,100.0,100.0,100.0,100.0,100.0,100.0,100.0,100.0,100.0,100.0,100.0,100.0,100.0,111.6,111.6,111.6,111.6,111.6,111.6,111.6,111.6,111.6,111.6,111.6,111.6,111.6,111.6,111.6,111.6,111.6,111.6,40.2,40.2,40.2,40.2,40.0,40.2,40.2,40.0,40.2,0.0,100.0,100.0,100.0,100.0,100.0,100.0,100.0,100.0,100.0,0.0,0.0,0.0,0.0,0.0,0.0,0.0,0.0,0.0,0.0,0.0,0.0,0.0,0.0,0.0,0.0,0.0,0.0,1197.8,12.00,16,16,16,39,55,661,1,83.1,82.6,84.8,79.1,79.1,79.1,81.3,79.4,77.7,78.1,77.9,80.0,68.3,68.5,68.2,58.0,55.3,1.312,1.044,1.331,23.471,11.872,23.465,90.000,52.508,6.794,6.833,6.914,7.284,6.431,6.262,6.195,7.021,7.414,30.924,12.286,43.210,52.642,1197.8,1197.8,4024.7,4024.7,4024.7,4024.7,59.8,39.1,100.0,87.0,57.6,No,No,No,4.837,0.346,8.0,51,95.0,100.0,No,No,91259,99040,33,99.0,No,No,3320,0.0,0.2,0.2,0.000,5.452,21780,19032,0.0,0.0,0.0,0.000,0.000,50,0,68.0,87.3,83.0,1.075,12.093,12.133,12.128,12.017,1554,107.164,48.916,92.407,32.819,78.115,26.234,51.752,0.336,92.407,18.580,29.469,67.037,220.000,240.000,1920.0,1750.2,1680.0,1908.1,1815.0,46.0,11.0,0.0,2.0,86.0,5.2,20.8,0.0,0.0,0.0,45,Yes,No,No,Yes,Yes,No,No,49.9,49.8,5,0,0,0,0,0,0,0,0,131,0,0,0,0,0,0,0,0,0,0,0,0,0,0,0,0,0,0,0,0,1151,7041,6898,869,8.0,81.4,136.8,47.5,42.9,42.5,42.5,81.4,295.9,49.3,45.5,45.1,45.1,12.27,20.91,7.38,6.39,23.50,23.50,5.61,6.67,11.52,0.75,2.99,0,0,0.0,0.0,9107,169,3.0,0.8,0,
7.7.2026,20:8:36.563,27116,18878,58.9,17309,15373,52.9,0.6,13312,79,1.295,1.281,1.294,1.294,1.294,1.294,1.294,1.294,1.319,4014.6,3992.8,4017.8,4017.8,4017.8,4017.8,4017.8,4017.8,4017.8,99.8,4002.8,4017.1,4001.5,4002.1,4002.4,4002.2,4002.1,4002.5,4003.2,4000.3,4000.5,4001.5,4002.6,4000.9,4001.4,4002.4,4002.8,4002.8,100.0,100.0,100.0,100.0,100.0,100.0,100.0,100.0,100.0,100.0,100.0,100.0,100.0,100.0,100.0,100.0,100.0,100.0,100.0,111.4,111.4,111.4,111.4,111.4,111.4,111.4,111.4,111.4,111.4,111.4,111.4,111.4,111.4,111.4,111.4,111.4,111.4,40.2,40.0,40.2,40.2,40.2,40.2,40.2,40.2,40.2,0.0,100.0,100.0,100.0,100.0,100.0,100.0,100.0,100.0,100.0,0.0,0.0,0.0,0.0,0.0,0.0,0.0,0.0,0.0,0.0,0.0,0.0,0.0,0.0,0.0,0.0,0.0,0.0,1197.8,12.00,16,16,16,39,55,661,1,84.1,85.3,86.0,81.4,80.2,80.3,80.5,81.4,80.7,82.6,81.1,84.5,69.1,69.1,69.1,59.8,55.2,1.306,1.031,1.331,26.148,11.828,26.148,90.000,55.979,7.242,7.049,6.882,6.777,7.296,6.907,7.326,7.420,8.279,34.358,12.257,46.615,56.070,1197.8,1197.8,4017.1,4017.1,4017.1,4017.1,63.7,43.6,100.0,89.8,59.0,No,No,No,4.696,0.352,8.0,51,95.0,100.0,No,No,91259,99040,33,99.0,No,No,3320,0.1,0.1,0.2,0.067,3.673,21780,19039,0.0,0.0,0.0,0.000,0.000,50,0,68.0,87.3,83.0,1.075,12.091,12.131,12.125,12.017,1554,108.526,46.870,89.922,31.722,76.521,26.028,50.362,0.336,89.922,18.367,7.976,77.539,220.000,240.000,1920.0,1750.2,1680.0,1907.9,1815.0,45.0,10.0,0.0,2.0,86.1,5.7,22.9,0.0,0.0,0.0,45,Yes,No,No,Yes,Yes,No,No,49.6,48.7,5,0,0,0,0,0,0,0,0,131,0,0,0,0,0,0,0,0,0,0,0,0,0,0,0,0,0,0,0,0,1142,7050,6898,869,8.0,82.5,98.7,68.2,68.0,68.0,68.0,82.8,259.2,52.0,51.2,51.1,51.1,12.12,14.61,10.09,9.86,14.67,14.67,5.71,6.40,11.35,0.77,2.90,0,0,0.0,0.0,9107,169,1.0,1.4,0,
7.7.2026,20:8:38.551,27261,18732,59.2,17460,15222,53.4,0.6,13312,79,1.299,1.300,1.294,1.300,1.325,1.294,1.300,1.294,1.288,4017.8,4017.8,4017.8,4017.8,4042.7,4017.8,4017.8,4017.8,3992.8,99.8,4010.7,4024.1,4009.6,4010.0,4010.6,4010.3,4010.6,4010.7,4011.2,4008.4,4008.7,4009.2,4009.8,4008.8,4009.2,4009.9,4010.3,4010.7,100.0,100.0,100.0,100.0,100.0,100.0,100.0,100.0,100.0,100.0,100.0,100.0,100.0,100.0,100.0,100.0,100.0,100.0,100.0,111.6,111.6,111.6,111.6,111.6,111.6,111.6,111.6,111.6,111.6,111.6,111.6,111.6,111.6,111.6,111.6,111.6,111.6,40.2,40.2,40.2,40.2,40.5,40.2,40.2,40.2,40.0,0.0,100.0,100.0,100.0,100.0,100.0,100.0,100.0,100.0,100.0,0.0,0.0,0.0,0.0,0.0,0.0,0.0,0.0,0.0,0.0,0.0,0.0,0.0,0.0,0.0,0.0,0.0,0.0,1197.8,12.00,16,16,16,39,55,661,1,82.9,83.3,82.5,79.9,80.0,79.7,82.3,80.7,79.0,79.7,78.1,79.5,69.0,69.1,68.9,59.0,54.9,1.331,1.031,1.331,23.849,11.874,23.851,90.000,53.103,6.725,6.965,6.970,7.433,6.744,6.417,6.471,6.295,6.505,31.401,12.294,43.695,53.154,1197.8,1197.8,4024.1,4024.1,4024.1,4024.1,60.4,39.8,100.0,87.7,57.6,No,No,No,4.861,0.332,8.0,51,95.0,100.0,No,No,91259,99040,33,99.0,No,No,3320,0.1,0.2,0.3,0.128,5.918,21781,19051,0.0,0.0,0.0,0.000,0.000,50,0,67.7,86.8,83.0,1.075,12.095,12.137,12.129,12.020,1549,107.181,45.114,89.954,31.374,76.521,25.999,50.378,0.336,89.954,17.977,7.564,61.078,220.000,240.000,1920.0,1750.2,1680.0,1907.8,1815.0,41.0,10.0,0.0,2.0,86.1,5.1,20.4,0.0,0.0,0.0,45,Yes,No,No,Yes,Yes,No,No,49.1,46.0,5,0,0,0,0,0,0,0,0,131,0,0,0,0,0,0,0,0,0,0,0,0,0,0,0,0,0,0,0,0,1142,7050,6906,861,8.0,75.6,129.4,45.8,34.4,33.5,33.5,75.6,223.9,43.4,35.5,34.8,34.8,13.22,21.66,7.83,6.24,29.84,29.84,5.70,7.52,12.38,0.84,2.40,0,0,0.0,0.0,9107,169,3.0,3.7,0,
7.7.2026,20:8:40.555,27244,18749,59.2,17474,15207,53.4,0.6,13312,79,1.302,1.300,1.319,1.294,1.275,1.312,1.325,1.294,1.294,4024.0,3992.8,4042.7,4017.8,4017.8,4042.7,4042.7,4017.8,4017.8,99.8,4010.6,4025.4,4009.7,4009.7,4009.9,4009.9,4010.1,4010.6,4011.3,4008.1,4008.3,4008.8,4010.2,4008.6,4009.2,4010.1,4010.4,4010.6,100.0,100.0,100.0,100.0,100.0,100.0,100.0,100.0,100.0,100.0,100.0,100.0,100.0,100.0,100.0,100.0,100.0,100.0,100.0,111.6,111.6,111.6,111.6,111.6,111.6,111.6,111.6,111.6,111.6,111.6,111.6,111.6,111.6,111.6,111.6,111.6,111.6,40.3,40.0,40.5,40.2,40.2,40.5,40.5,40.2,40.2,0.0,100.0,100.0,100.0,100.0,100.0,100.0,100.0,100.0,100.0,0.0,0.0,0.0,0.0,0.0,0.0,0.0,0.0,0.0,0.0,0.0,0.0,0.0,0.0,0.0,0.0,0.0,0.0,1197.8,12.00,16,16,16,39,55,661,1,81.6,80.6,81.8,77.2,77.9,77.2,77.7,75.5,78.3,78.5,76.1,76.7,68.0,68.1,67.9,57.2,54.6,1.331,1.031,1.344,20.581,11.952,20.586,90.000,48.852,5.924,6.502,6.446,5.750,4.954,6.394,6.300,5.615,5.433,27.135,12.349,39.484,48.934,1197.8,1197.8,4025.4,4025.4,4025.4,4025.4,55.6,34.3,100.0,84.9,56.3,No,No,No,5.173,0.311,8.0,51,95.0,100.0,No,No,91259,99040,33,99.0,No,No,3320,0.1,0.2,0.3,0.128,5.918,21781,19051,0.0,0.0,0.0,0.000,0.000,50,0,67.7,86.8,83.0,1.075,12.095,12.136,12.129,12.020,1557,104.927,46.252,90.280,31.736,76.670,25.976,50.556,0.336,90.280,18.185,7.720,70.779,220.000,240.000,1920.0,1750.2,1680.0,1907.6,1815.0,43.0,10.0,0.0,2.0,86.0,4.7,18.7,0.0,0.0,0.0,45,Yes,No,No,Yes,Yes,No,No,50.1,43.4,5,0,0,0,0,0,0,0,0,131,0,0,0,0,0,0,0,0,0,0,0,0,0,0,0,0,0,0,0,0,1144,7048,6898,862,8.0,75.6,129.4,45.8,34.4,33.5,33.5,75.6,223.9,43.4,35.5,34.8,34.8,13.22,21.66,7.83,6.24,29.84,29.84,5.70,7.52,12.38,0.84,2.40,0,0,0.0,0.0,9107,169,3.0,3.7,0,
7.7.2026,20:8:42.555,27232,18762,59.2,17464,15218,53.4,0.6,13312,79,1.296,1.300,1.300,1.300,1.294,1.288,1.294,1.294,1.300,4020.9,4017.8,4017.8,4017.8,4017.8,4042.7,4017.8,4017.8,4017.8,99.8,4010.7,4025.7,4010.1,4010.2,4010.5,4010.1,4010.3,4010.9,4011.1,4008.1,4008.3,4009.0,4009.8,4008.5,4008.7,4009.5,4010.0,4010.7,100.0,100.0,100.0,100.0,100.0,100.0,100.0,100.0,100.0,100.0,100.0,100.0,100.0,100.0,100.0,100.0,100.0,100.0,100.0,111.6,111.6,111.6,111.6,111.6,111.6,111.6,111.6,111.6,111.6,111.6,111.6,111.6,111.6,111.6,111.6,111.6,111.6,40.3,40.2,40.2,40.2,40.2,40.5,40.2,40.2,40.2,0.0,100.0,100.0,100.0,100.0,100.0,100.0,100.0,100.0,100.0,0.0,0.0,0.0,0.0,0.0,0.0,0.0,0.0,0.0,0.0,0.0,0.0,0.0,0.0,0.0,0.0,0.0,0.0,1197.8,12.00,16,16,16,39,55,661,1,82.1,81.7,82.8,77.7,78.0,77.0,79.9,77.7,77.1,77.2,76.7,78.0,67.8,67.9,67.7,58.8,54.7,1.312,1.031,1.331,21.667,11.895,21.662,90.000,50.109,6.367,6.573,6.213,6.938,6.254,5.879,5.637,6.400,7.041,28.558,12.303,40.860,50.273,1197.8,1197.8,4025.8,4025.8,4025.8,4025.8,57.1,36.1,100.0,86.0,57.0,No,No,No,4.773,0.346,8.0,51,95.0,100.0,No,No,91259,99040,33,99.0,No,No,3320,0.0,0.6,0.6,0.010,6.150,21781,19115,0.0,0.0,0.0,0.000,0.000,50,0,67.9,87.0,83.0,1.075,12.092,12.133,12.127,12.018,1552,107.811,47.601,90.508,31.642,76.897,26.078,50.686,0.336,90.508,18.079,8.067,83.213,220.000,240.000,1920.0,1750.2,1680.0,1907.5,1815.0,45.0,11.0,0.0,2.0,86.0,5.5,21.8,0.0,0.0,0.0,45,Yes,No,No,Yes,Yes,No,No,49.4,55.2,5,0,0,0,0,0,0,0,0,131,0,0,0,0,0,0,0,0,0,0,0,0,0,0,0,0,0,0,0,0,1151,7041,6898,862,8.0,79.8,97.5,46.6,40.0,39.3,39.3,79.9,244.0,48.9,32.4,31.2,31.2,12.53,21.47,10.35,10.04,25.66,25.66,5.63,6.90,11.74,0.78,2.19,0,0,0.0,0.0,9107,169,0.1,0.1,0,
7.7.2026,20:8:44.556,27226,18768,59.1,17452,15230,53.3,0.6,13312,79,1.292,1.294,1.294,1.294,1.294,1.294,1.300,1.275,1.294,4011.5,4017.8,4017.8,4017.8,4017.8,3992.8,4017.8,3992.8,4017.8,99.8,4010.5,4024.3,4009.7,4010.2,4009.0,4010.3,4010.6,4010.8,4011.5,4007.8,4008.2,4009.0,4010.0,4008.1,4008.7,4009.7,4010.0,4010.5,100.0,100.0,100.0,100.0,100.0,100.0,100.0,100.0,100.0,100.0,100.0,100.0,100.0,100.0,100.0,100.0,100.0,100.0,100.0,111.6,111.6,111.6,111.6,111.6,111.6,111.6,111.6,111.6,111.6,111.6,111.6,111.6,111.6,111.6,111.6,111.6,111.6,40.2,40.2,40.2,40.2,40.2,40.0,40.2,40.0,40.2,0.0,100.0,100.0,100.0,100.0,100.0,100.0,100.0,100.0,100.0,0.0,0.0,0.0,0.0,0.0,0.0,0.0,0.0,0.0,0.0,0.0,0.0,0.0,0.0,0.0,0.0,0.0,0.0,1197.8,12.00,16,16,16,39,55,661,1,82.2,82.7,83.0,79.3,79.3,79.5,80.5,79.7,78.6,78.6,78.5,80.1,68.4,68.5,68.3,58.8,55.4,1.319,1.044,1.331,23.616,11.873,23.613,90.000,52.739,6.715,6.940,7.029,6.833,6.535,6.421,6.164,6.793,7.005,31.108,12.291,43.399,52.839,1197.8,1197.8,4024.3,4024.3,4024.3,4024.3,60.0,39.4,100.0,87.0,57.8,No,No,No,4.889,0.360,8.0,51,95.0,100.0,No,No,91259,99040,33,99.0,No,No,3320,0.1,0.4,0.4,0.088,8.600,21781,19132,0.0,0.0,0.0,0.000,0.000,50,0,67.8,87.1,83.0,1.075,12.088,12.128,12.123,12.014,1554,108.033,47.425,92.325,32.490,77.573,26.154,51.289,0.336,92.325,17.790,8.025,75.943,220.000,240.000,1920.0,1750.2,1680.0,1907.5,1815.0,46.0,11.0,0.0,2.0,86.0,5.0,20.0,0.0,0.0,0.0,45,Yes,No,No,Yes,Yes,No,No,50.1,53.9,5,0,0,0,0,0,0,0,0,131,0,0,0,0,0,0,0,0,0,0,0,0,0,0,0,0,0,0,0,0,1151,7041,6898,863,8.0,83.3,100.5,71.7,66.5,65.9,65.9,83.2,274.3,54.1,50.4,50.0,50.0,12.00,14.25,9.99,9.26,15.15,15.15,5.55,6.44,11.25,0.75,3.68,0,0,0.0,0.0,9107,169,0.5,0.0,0,
7.7.2026,20:8:46.552,27056,18937,58.8,17282,15399,52.8,0.6,13312,79,1.286,1.300,1.269,1.281,1.300,1.294,1.294,1.275,1.275,4008.4,4017.8,4017.8,4017.8,3992.8,4017.8,4017.8,3992.8,3992.8,99.8,4003.2,4018.5,4002.7,4002.9,4002.9,4003.1,4002.9,4003.7,4004.2,3999.4,4000.1,4001.8,4002.9,4001.5,4001.8,4001.9,4000.9,4003.2,100.0,100.0,100.0,100.0,100.0,100.0,100.0,100.0,100.0,100.0,100.0,100.0,100.0,100.0,100.0,100.0,100.0,100.0,100.0,111.4,111.4,111.5,111.4,111.4,111.5,111.4,111.5,111.5,111.4,111.4,111.4,111.4,111.4,111.4,111.4,111.4,111.4,40.2,40.2,40.2,40.2,40.0,40.2,40.2,40.0,40.0,0.0,100.0,100.0,100.0,100.0,100.0,100.0,100.0,100.0,100.0,0.0,0.0,0.0,0.0,0.0,0.0,0.0,0.0,0.0,0.0,0.0,0.0,0.0,0.0,0.0,0.0,0.0,0.0,1197.8,12.00,16,16,16,39,55,661,1,84.2,85.7,83.8,82.3,81.0,81.7,83.1,83.7,81.6,83.7,80.4,83.4,69.4,69.5,69.2,59.2,54.9,1.325,1.044,1.331,27.588,11.807,27.585,90.000,57.746,7.607,7.275,7.459,7.714,8.073,7.456,7.973,7.068,7.838,36.236,12.243,48.479,57.914,1197.8,1197.8,4018.5,4018.5,4018.5,4018.5,65.8,46.0,100.0,90.2,59.6,No,No,No,4.325,0.358,8.0,51,95.0,100.0,No,No,91259,99040,33,99.0,No,No,3320,0.0,0.1,0.2,0.067,3.136,21781,19138,0.0,0.0,0.0,0.000,0.000,50,0,67.6,86.8,83.0,1.075,12.090,12.130,12.124,12.015,1549,109.885,52.260,91.017,32.107,77.608,26.097,51.374,0.336,91.017,18.738,53.611,80.696,220.000,240.000,1920.0,1750.2,1680.0,1907.6,1815.0,44.0,10.0,0.0,2.0,86.0,4.8,19.4,0.0,0.0,0.0,45,Yes,No,No,Yes,Yes,No,No,49.9,51.2,5,0,0,0,0,0,0,0,0,131,0,0,0,0,0,0,0,0,0,0,0,0,0,0,0,0,0,0,0,0,1151,7041,6898,863,8.0,81.6,113.7,44.6,43.9,43.9,43.9,81.5,114.7,45.7,45.7,45.7,45.7,12.25,22.38,8.73,8.55,22.69,22.69,5.61,6.66,11.51,0.74,1.60,0,0,0.0,0.0,9107,169,0.3,0.4,0,
7.7.2026,20:8:48.561,27094,18900,58.9,17325,15356,53.0,0.6,13312,79,1.293,1.275,1.300,1.300,1.294,1.294,1.294,1.294,1.294,4011.5,3992.8,4017.8,4017.8,4017.8,4017.8,4017.8,4017.8,3992.8,99.8,3894.9,4015.5,3935.7,3946.3,3952.8,3910.6,3930.7,3931.7,3929.0,3798.6,3788.3,3871.6,3890.5,3844.2,3838.4,3855.4,3878.8,3894.9,97.3,98.3,98.3,98.6,98.7,97.7,98.2,98.2,98.3,95.2,95.0,96.9,97.4,96.4,96.3,96.7,97.3,98.7,97.3,108.4,109.5,109.4,109.8,109.9,108.7,109.3,109.3,109.4,106.0,105.8,107.9,108.5,107.3,107.2,107.6,108.3,108.4,40.2,40.0,40.2,40.2,40.2,40.2,40.2,40.2,40.0,0.0,100.0,100.0,100.0,100.0,100.0,99.9,100.0,99.9,100.0,0.0,0.0,0.0,0.0,0.0,0.1,0.0,0.1,0.0,0.0,0.0,0.0,0.0,0.0,0.0,0.0,0.0,0.0,1197.8,12.00,16,16,16,39,55,661,1,84.5,85.8,85.8,82.2,80.9,81.1,82.5,81.7,82.2,83.4,81.5,84.6,69.6,69.6,69.5,60.0,55.4,1.319,1.038,1.337,26.792,11.843,26.795,89.961,56.791,7.373,7.003,7.058,7.379,7.204,7.441,7.711,7.260,7.925,35.166,12.277,47.443,56.877,1197.8,1197.8,4015.6,4015.6,4015.6,4015.6,64.6,44.7,100.0,90.3,59.4,No,No,No,4.230,0.407,8.0,51,95.0,100.0,No,No,91259,99040,33,99.0,No,No,3320,0.2,0.5,0.7,0.601,10.576,21782,19156,0.0,0.0,0.0,0.000,0.000,50,0,68.5,88.1,83.0,1.075,12.084,12.123,12.120,12.010,1554,110.501,47.546,93.881,33.289,79.121,26.410,52.576,0.336,93.881,18.575,8.774,68.616,220.000,240.000,1920.0,1750.2,1680.0,1907.1,1815.0,48.0,11.0,0.0,2.0,86.0,5.6,22.4,0.0,0.0,0.0,45,Yes,No,No,Yes,Yes,No,No,51.1,48.6,5,0,0,0,0,0,0,0,0,131,0,0,0,0,0,0,0,0,0,0,0,0,0,0,0,0,0,0,0,0,1151,7041,6898,863,8.0,90.2,127.9,76.5,73.8,73.5,73.5,90.2,128.9,79.0,77.1,76.8,76.8,11.09,13.21,7.76,6.94,13.47,13.47,5.51,5.58,10.44,0.65,1.02,0,0,0.0,0.0,9107,169,0.3,0.8,0,
7.7.2026,20:8:50.553,27118,18876,58.9,17343,15339,53.0,0.6,13312,79,1.298,1.294,1.294,1.312,1.300,1.300,1.294,1.294,1.294,4020.9,4017.8,4017.8,4042.7,4017.8,4017.8,4017.8,4017.8,4017.8,99.8,3779.9,4019.1,3883.5,3884.9,3915.3,3849.5,3855.7,3827.8,3875.8,3590.0,3595.4,3721.6,3774.0,3660.8,3651.9,3653.1,3720.5,3779.9,94.0,96.7,96.7,96.8,97.6,95.9,96.0,95.3,96.6,89.4,89.7,92.6,94.1,91.0,91.1,91.2,92.9,97.6,94.0,104.7,107.8,107.8,107.9,108.8,106.9,107.0,106.3,107.7,99.6,99.9,103.2,104.9,101.4,101.5,101.6,103.5,104.7,40.3,40.2,40.2,40.5,40.2,40.2,40.2,40.2,40.2,0.0,99.9,100.0,100.0,99.9,99.9,99.7,99.8,99.7,99.8,0.1,0.0,0.0,0.1,0.1,0.3,0.2,0.3,0.2,0.0,0.0,0.0,0.0,0.0,0.0,0.0,0.0,0.0,1197.8,12.00,16,16,16,39,55,661,1,83.8,83.8,83.0,80.6,80.4,80.1,81.3,80.5,80.4,80.8,79.4,81.7,69.2,69.2,69.1,58.5,54.6,1.331,1.031,1.331,24.220,11.874,24.230,89.870,53.481,6.806,6.852,6.836,6.906,6.796,6.784,6.861,6.461,6.955,31.839,12.294,44.134,53.550,1197.8,1197.8,4019.6,4019.6,4019.6,4019.6,60.9,40.4,99.9,88.2,58.3,No,No,No,4.190,0.379,8.0,51,95.0,100.0,No,No,91259,99040,33,99.0,No,No,3320,0.6,0.9,1.5,0.943,6.452,21784,19169,0.0,0.0,0.0,0.000,0.000,50,0,68.4,88.2,83.0,1.075,12.094,12.135,12.128,12.019,1557,110.599,48.431,90.610,31.734,77.245,25.961,51.144,0.336,90.610,18.410,36.593,61.666,220.000,240.000,1920.0,1750.2,1680.0,1907.4,1815.0,47.0,11.0,0.0,2.0,86.0,5.5,21.8,0.0,0.0,0.0,45,Yes,No,No,Yes,Yes,No,No,49.6,50.7,5,0,0,0,0,0,0,0,0,131,0,0,0,0,0,0,0,0,0,0,0,0,0,0,0,0,0,0,0,0,1151,7041,6898,863,8.0,81.7,102.2,45.3,41.6,41.2,41.2,81.7,99.1,46.8,43.2,42.9,42.9,12.24,22.10,9.92,9.53,24.35,24.35,5.65,6.58,11.56,0.68,1.39,0,0,0.0,0.0,9107,169,0.2,0.3,0,
7.7.2026,20:8:52.554,27300,18693,59.3,17489,15192,53.5,0.6,13312,79,1.295,1.300,1.294,1.294,1.300,1.300,1.300,1.300,1.269,4005.3,4017.8,4017.8,4017.8,3992.8,3992.8,3992.8,3992.8,4017.8,99.8,3748.4,4022.0,3866.1,3882.0,3903.2,3835.1,3843.4,3815.8,3846.1,3508.8,3539.3,3692.6,3750.3,3620.5,3603.7,3635.4,3609.6,3748.4,93.0,96.3,96.2,96.6,97.2,95.4,95.7,95.0,95.7,87.2,87.7,91.8,93.2,90.0,89.4,90.4,89.8,97.2,93.0,103.7,107.5,107.3,107.8,108.4,106.4,106.7,106.0,106.8,97.3,97.9,102.5,104.0,100.4,99.8,100.8,100.2,103.7,40.1,40.2,40.2,40.2,40.0,40.0,40.0,40.0,40.2,0.0,99.8,100.0,100.0,99.9,99.9,99.6,99.9,99.6,99.7,0.2,0.0,0.0,0.1,0.1,0.4,0.1,0.4,0.3,0.0,0.0,0.0,0.0,0.0,0.0,0.0,0.0,0.0,1197.8,12.00,16,16,16,39,55,661,1,83.4,83.1,84.8,80.0,80.1,79.9,81.3,80.2,79.5,79.9,79.2,80.4,68.7,68.8,68.6,59.0,54.7,1.294,1.031,1.306,23.968,11.845,23.959,89.832,53.035,6.738,6.783,6.764,7.020,6.788,6.562,6.690,6.605,6.694,31.537,12.262,43.799,53.189,1197.8,1197.8,4022.3,4022.3,4022.3,4022.3,60.4,39.9,99.8,87.5,58.4,No,No,No,4.274,0.380,8.0,51,95.0,100.0,No,No,91259,99040,33,99.0,No,No,3320,0.0,0.2,0.2,0.000,4.713,21784,19178,0.0,0.0,0.0,0.000,0.000,50,0,68.4,87.8,83.0,1.075,12.089,12.128,12.123,12.016,1554,110.423,46.616,89.280,31.024,75.977,25.846,50.001,0.336,89.280,17.779,7.634,79.005,220.000,240.000,1920.0,1750.2,1680.0,1907.6,1815.0,45.0,11.0,0.0,2.0,86.0,5.5,22.2,0.0,0.0,0.0,45,Yes,No,No,Yes,Yes,No,No,51.5,52.1,5,0,0,0,0,0,0,0,0,131,0,0,0,0,0,0,0,0,0,0,0,0,0,0,0,0,0,0,0,0,1151,7041,6898,863,8.0,86.0,122.1,65.1,45.2,43.7,43.7,85.9,124.4,66.1,47.5,46.0,46.0,11.63,15.46,8.02,7.86,22.89,22.89,5.52,6.12,10.95,0.68,1.13,0,0,0.0,0.0,9107,169,2.9,4.1,0,
7.7.2026,20:8:54.551,27421,18573,59.6,17623,15059,53.9,0.6,13312,79,1.296,1.300,1.294,1.294,1.294,1.294,1.294,1.300,1.300,4017.8,4017.8,4017.8,4017.8,4017.8,4017.8,4017.8,4017.8,4017.8,99.8,3834.5,4022.7,3907.0,3918.1,3949.9,3872.6,3902.5,3905.1,3918.6,3659.8,3694.2,3811.6,3844.0,3703.2,3768.2,3729.3,3745.8,3834.5,95.3,97.2,97.2,97.6,98.4,96.4,97.1,97.2,97.6,91.0,91.9,94.8,95.7,92.1,93.9,92.9,93.2,98.4,95.3,106.3,108.4,108.5,108.9,109.8,107.5,108.3,108.5,108.9,101.5,102.5,105.7,106.7,102.7,104.7,103.6,104.0,106.3,40.2,40.2,40.2,40.2,40.2,40.2,40.2,40.2,40.2,0.0,99.9,100.0,100.0,99.9,100.0,99.7,99.9,99.7,99.8,0.1,0.0,0.0,0.1,0.0,0.3,0.1,0.3,0.2,0.0,0.0,0.0,0.0,0.0,0.0,0.0,0.0,0.0,1197.8,12.00,16,16,16,39,55,661,1,82.9,82.6,81.8,79.7,79.5,79.3,80.7,80.2,79.3,79.8,78.8,80.1,68.8,68.9,68.8,60.0,55.0,1.312,1.031,1.325,23.566,11.864,23.570,89.881,52.651,6.607,6.604,6.528,6.781,6.777,6.504,6.627,6.447,6.586,31.016,12.279,43.295,52.716,1197.8,1197.8,4022.7,4022.7,4022.7,4022.7,59.9,39.3,99.9,86.9,58.5,No,No,No,4.452,0.367,8.0,51,95.0,100.0,No,No,91259,99040,33,99.0,No,No,3320,0.1,0.1,0.2,0.172,2.540,21784,19183,0.0,0.0,0.0,0.000,0.000,50,0,68.4,87.7,83.0,1.075,12.089,12.129,12.124,12.014,1557,109.779,45.937,91.239,32.142,77.349,26.119,51.094,0.336,91.239,18.302,7.958,63.595,220.000,240.000,1920.0,1750.2,1680.0,1907.6,1815.0,44.0,10.0,0.0,2.0,86.0,4.9,19.6,0.0,0.0,0.0,45,Yes,No,No,Yes,Yes,No,No,49.8,45.8,5,0,0,0,0,0,0,0,0,131,0,0,0,0,0,0,0,0,0,0,0,0,0,0,0,0,0,0,0,0,1151,7041,6898,863,8.0,83.0,115.4,44.6,43.2,43.1,43.1,83.0,110.4,46.2,45.0,44.9,44.9,12.05,22.42,8.81,8.65,23.19,23.19,5.54,6.52,11.34,0.72,1.46,0,0,0.0,0.0,9107,169,6.0,3.0,0,
7.7.2026,20:8:56.550,27163,18830,59.0,17369,15313,53.1,0.6,13312,79,1.299,1.288,1.294,1.294,1.294,1.319,1.319,1.294,1.294,4017.8,4017.8,4017.8,4017.8,4017.8,4017.8,4017.8,4017.8,4017.8,99.8,3653.7,4023.4,3830.7,3821.3,3889.8,3726.2,3787.9,3755.7,3763.8,3370.7,3360.1,3567.0,3650.5,3433.3,3551.0,3435.0,3493.6,3653.7,90.6,94.9,95.2,95.1,96.8,92.6,94.2,93.6,93.7,83.8,83.7,88.9,90.8,85.3,88.4,85.6,87.0,96.8,90.6,101.1,106.0,106.2,106.1,108.0,103.3,105.2,104.4,104.5,93.4,93.3,99.1,101.3,95.2,98.5,95.5,97.1,101.1,40.2,40.2,40.2,40.2,40.2,40.2,40.2,40.2,40.2,0.0,99.7,100.0,100.0,99.8,99.9,99.1,99.7,99.4,99.3,0.3,0.0,0.0,0.2,0.1,0.9,0.3,0.6,0.7,0.0,0.0,0.0,0.0,0.0,0.0,0.0,0.0,0.0,1197.8,12.00,16,16,16,39,55,661,1,82.6,82.4,81.2,79.4,79.8,79.7,80.5,80.2,78.7,79.1,78.1,79.1,68.6,68.7,68.5,59.8,55.1,1.312,1.038,1.325,23.212,11.832,23.211,89.687,52.110,6.594,6.810,6.816,6.897,6.903,6.322,6.520,6.260,6.229,30.570,12.245,42.815,52.225,1197.8,1197.8,4024.7,4024.7,4024.7,4024.7,59.3,38.7,99.7,86.7,57.8,No,No,No,4.428,0.379,8.0,51,95.0,100.0,No,No,91259,99040,33,99.0,No,No,3320,0.1,0.3,0.4,0.123,6.030,21784,19194,0.0,0.0,0.0,0.000,0.000,50,0,68.6,88.2,83.0,1.075,12.092,12.133,12.127,12.017,1554,110.512,47.831,92.419,32.250,78.763,26.065,52.578,0.336,92.419,18.654,7.669,77.158,220.000,240.000,1920.0,1750.2,1680.0,1907.5,1815.0,44.0,10.0,0.0,2.0,86.0,5.8,23.1,0.0,0.0,0.0,45,Yes,No,No,Yes,Yes,No,No,50.5,53.2,5,0,0,0,0,0,0,0,0,131,0,0,0,0,0,0,0,0,0,0,0,0,0,0,0,0,0,0,0,0,1149,7043,6899,863,8.0,86.4,128.0,44.5,44.0,44.0,44.0,86.5,117.0,46.5,46.5,46.5,46.5,11.57,22.48,7.93,7.73,22.88,22.88,5.52,6.05,10.90,0.67,1.38,0,0,0.0,0.0,9107,169,0.7,0.2,0,
7.7.2026,20:8:58.549,27276,18717,59.3,17466,15216,53.4,0.6,13312,79,1.294,1.294,1.294,1.294,1.294,1.294,1.294,1.294,1.294,4017.8,4017.8,4017.8,4017.8,4017.8,4017.8,4017.8,4017.8,4017.8,99.8,3344.3,4020.4,3692.1,3699.6,3751.1,3499.0,3561.9,3438.8,3515.2,2865.7,2955.0,3166.3,3252.8,3072.7,3076.3,2852.0,3089.6,3344.3,82.2,90.0,91.5,91.8,93.2,86.6,88.3,85.0,87.3,70.8,72.9,78.1,80.6,76.0,75.9,70.5,76.6,93.2,82.2,91.9,100.6,102.2,102.6,104.0,96.8,98.6,95.0,97.5,79.2,81.5,87.3,90.0,84.9,84.9,78.9,85.6,91.9,40.2,40.2,40.2,40.2,40.2,40.2,40.2,40.2,40.2,0.0,99.1,99.9,100.0,99.7,99.6,98.0,99.1,98.4,97.8,0.9,0.1,0.0,0.3,0.4,2.0,0.9,1.6,2.2,0.0,0.0,0.0,0.0,0.0,0.0,0.0,0.0,0.0,1197.8,12.00,16,16,16,39,55,661,1,82.6,82.8,82.8,79.7,80.6,80.4,81.1,80.0,78.9,79.0,78.6,78.7,68.7,68.8,68.6,57.5,54.8,1.312,1.038,1.325,23.491,11.808,23.495,89.153,52.428,6.690,7.070,7.101,7.028,6.817,6.339,6.542,6.435,6.192,30.923,12.221,43.144,52.528,1197.8,1197.8,4024.2,4024.2,4024.2,4024.2,59.7,39.2,99.1,87.2,57.6,No,No,No,3.835,0.419,7.9,51,95.0,100.0,No,No,91259,99040,33,99.0,No,No,3320,0.0,0.1,0.1,0.000,2.084,21784,19198,0.0,0.0,0.0,0.000,0.000,50,0,68.9,88.8,83.0,1.075,12.088,12.128,12.124,12.011,1557,113.983,49.858,98.840,35.136,82.684,26.736,55.790,0.336,98.840,18.997,7.680,73.538,220.000,240.000,1920.0,1750.2,1680.0,1907.9,1815.0,52.0,12.0,0.0,3.0,86.0,4.8,19.4,0.0,0.0,0.0,45,Yes,No,No,Yes,Yes,No,No,53.6,43.5,5,0,0,0,0,0,0,0,0,131,0,0,0,0,0,0,0,0,0,0,0,0,0,0,0,0,0,0,0,0,1149,7043,6899,863,8.0,94.5,129.4,46.3,45.4,45.3,45.3,94.5,120.9,49.7,47.1,46.8,46.8,10.58,21.53,7.79,7.56,22.40,22.40,5.50,5.09,9.98,0.59,1.37,0,0,0.0,0.0,9107,169,0.5,0.3,0,
7.7.2026,20:9:0.551,27153,18841,59.0,17358,15323,53.1,0.6,13312,79,1.295,1.288,1.294,1.294,1.294,1.300,1.300,1.294,1.294,4020.9,4042.7,4017.8,4017.8,4017.8,4017.8,4017.8,4017.8,4017.8,99.8,3100.6,4019.1,3543.3,3586.1,3492.4,3291.5,3327.9,3182.0,3265.5,2652.8,2587.8,2933.7,2918.1,2733.2,2878.7,2507.6,2689.5,3100.6,75.9,88.0,87.6,89.0,86.4,81.4,82.2,78.6,80.7,65.6,63.9,72.2,72.3,67.3,71.0,62.0,66.3,89.0,75.9,84.6,98.2,97.8,99.3,96.5,90.8,91.7,87.7,90.1,73.1,71.1,80.5,80.6,75.0,79.1,69.0,73.8,84.6,40.3,40.5,40.2,40.2,40.2,40.2,40.2,40.2,40.2,0.0,98.5,99.8,99.8,99.5,99.4,97.0,98.4,97.9,96.4,1.5,0.2,0.2,0.5,0.6,3.0,1.6,2.1,3.6,0.0,0.0,0.0,0.0,0.0,0.0,0.0,0.0,0.0,1197.8,12.00,16,16,16,39,55,661,1,82.6,82.2,80.0,79.0,80.2,79.8,80.2,79.5,78.2,78.3,78.1,77.7,68.6,68.7,68.5,58.8,54.7,1.306,1.044,1.325,22.755,11.793,22.751,88.667,51.464,6.550,6.995,7.013,6.852,6.700,6.136,6.386,6.298,6.019,29.976,12.203,42.179,51.562,1197.8,1197.8,4026.3,4026.3,4026.3,4026.3,58.6,37.9,98.5,86.5,57.1,No,No,No,3.920,0.465,7.9,51,95.0,100.0,No,No,91259,99040,33,99.0,No,No,3320,0.4,0.1,0.5,0.085,0.115,21785,19198,0.0,0.0,0.0,0.000,0.000,50,0,69.2,89.2,83.0,1.075,12.083,12.124,12.120,12.006,1557,116.792,56.604,100.495,35.960,84.321,26.988,57.167,0.336,100.495,19.793,59.797,80.687,220.000,240.000,1920.0,1750.2,1680.0,1907.9,1815.0,53.0,13.0,0.0,3.0,86.0,5.2,20.8,0.0,0.0,0.0,45,Yes,No,No,Yes,Yes,No,No,54.7,43.9,5,0,0,0,0,0,0,0,0,131,0,0,0,0,0,0,0,0,0,0,0,0,0,0,0,0,0,0,0,0,1149,7043,6899,863,8.0,94.5,131.4,49.2,34.9,33.8,33.8,94.5,124.2,52.5,35.9,34.7,34.7,10.58,20.41,7.69,7.33,29.77,29.77,5.50,5.08,10.01,0.57,1.55,0,0,0.0,0.0,9107,169,0.3,0.3,0,
7.7.2026,20:9:2.549,27110,18884,58.9,17302,15379,52.9,0.6,13312,79,1.298,1.319,1.306,1.306,1.306,1.294,1.294,1.281,1.281,4020.9,4042.7,4017.8,4017.8,4017.8,4017.8,4017.8,4017.8,4017.8,99.8,2809.3,4012.7,3240.7,3437.5,3173.3,3108.9,2991.0,2932.6,2892.2,2229.1,2274.3,2635.6,2698.0,2391.0,2603.3,2085.1,2244.1,2809.3,68.4,85.1,80.1,85.1,78.4,76.7,73.8,72.3,71.4,54.6,56.1,64.9,66.4,58.5,64.3,51.2,55.4,85.1,68.4,76.4,95.1,89.5,95.1,87.6,85.7,82.5,80.8,79.8,61.0,62.7,72.5,74.2,65.4,71.9,57.2,61.9,76.4,40.3,40.5,40.2,40.2,40.2,40.2,40.2,40.2,40.2,0.0,97.0,99.6,99.6,99.1,98.5,94.0,97.1,95.7,92.8,3.0,0.4,0.4,0.9,1.5,6.0,2.9,4.3,7.2,0.0,0.0,0.0,0.0,0.0,0.0,0.0,0.0,0.0,1197.8,12.00,16,16,16,39,55,661,1,82.0,81.0,80.0,77.2,78.5,78.5,78.7,77.9,75.7,76.5,76.2,75.5,68.1,68.2,67.9,58.5,54.1,1.306,1.038,1.319,20.472,11.811,20.484,87.328,48.505,6.008,6.548,6.691,6.345,6.283,5.281,5.917,5.819,5.181,26.977,12.208,39.185,48.573,1197.8,1197.8,4029.5,4029.5,4029.5,4029.5,55.2,34.1,97.0,85.3,55.9,No,No,No,3.874,0.515,7.8,51,95.0,100.0,No,No,91259,99040,33,99.0,No,No,3320,0.1,0.1,0.2,0.165,0.397,21785,19199,0.0,0.0,0.0,0.000,0.000,50,0,69.3,89.4,83.0,1.075,12.089,12.128,12.125,12.012,1559,119.231,50.550,97.407,35.427,82.379,26.823,55.412,0.336,97.407,20.415,7.629,82.266,220.000,240.000,1920.0,1750.2,1680.0,1907.6,1815.0,49.0,12.0,0.0,3.0,86.0,5.2,20.8,0.0,0.0,0.0,45,Yes,No,No,Yes,Yes,No,No,53.6,50.8,5,0,0,0,0,0,0,0,0,131,0,0,0,0,0,0,0,0,0,0,0,0,0,0,0,0,0,0,0,0,1145,7047,6903,864,8.0,101.6,142.5,65.7,59.1,58.5,58.5,101.6,142.5,68.3,61.5,60.8,60.8,9.85,15.30,7.05,7.02,17.20,17.20,5.40,4.44,9.32,0.53,1.28,0,0,0.0,0.0,9107,169,0.6,0.1,0,
7.7.2026,20:9:4.550,27243,18751,59.2,17411,15271,53.2,0.6,13312,79,1.289,1.288,1.312,1.288,1.281,1.281,1.281,1.288,1.294,4020.9,4017.8,4042.7,4017.8,4017.8,4017.8,4017.8,4017.8,4017.8,99.8,2704.0,4011.3,3212.5,3354.6,3243.3,2948.1,2914.6,2921.9,2656.5,2206.3,2035.4,2530.8,2601.0,2360.8,2385.4,2029.7,1852.5,2704.0,65.5,83.2,79.3,83.0,80.1,72.5,71.8,72.0,65.4,54.1,49.8,62.1,64.0,57.7,58.6,49.7,45.5,83.2,65.5,73.2,92.9,88.6,92.7,89.4,81.0,80.2,80.5,73.0,60.4,55.6,69.4,71.5,64.5,65.4,55.4,50.7,73.2,40.3,40.2,40.5,40.2,40.2,40.2,40.2,40.2,40.2,0.0,96.6,99.5,99.5,98.6,98.4,93.1,96.8,95.1,92.0,3.4,0.5,0.5,1.4,1.6,6.9,3.2,4.9,8.0,0.0,0.0,0.0,0.0,0.0,0.0,0.0,0.0,0.0,1197.8,12.00,16,16,16,39,55,661,1,82.0,81.5,83.0,77.2,79.1,79.1,78.9,78.1,75.6,76.4,75.8,74.8,67.8,68.0,67.6,58.2,54.9,1.325,1.031,1.325,20.919,11.800,20.907,86.963,48.974,6.138,6.811,7.035,6.654,6.402,5.312,6.036,5.781,5.070,27.574,12.197,39.771,49.103,1197.8,1197.8,4030.6,4030.6,4030.6,4030.6,55.8,34.8,96.6,85.8,56.0,No,No,No,3.548,0.539,7.7,51,95.0,100.0,No,No,91259,99040,33,99.0,No,No,3320,0.0,0.1,0.1,0.016,0.207,21785,19199,0.0,0.0,0.0,0.000,0.000,50,0,69.9,90.7,83.0,1.075,12.083,12.123,12.120,12.004,1557,120.274,52.672,103.518,37.049,86.294,27.238,58.891,0.336,103.518,19.815,7.678,82.378,220.000,240.000,1920.0,1750.2,1680.0,1907.6,1815.0,54.0,13.0,0.0,3.0,86.0,5.0,20.1,0.0,0.0,0.0,45,Yes,No,No,Yes,Yes,No,No,56.1,56.6,5,0,0,0,0,0,0,0,0,131,0,0,0,0,0,0,0,0,0,0,0,0,0,0,0,0,0,0,0,0,1149,7043,6899,863,8.0,100.4,127.3,76.0,44.3,42.3,42.3,100.3,136.3,73.6,47.1,45.3,45.3,9.96,13.17,7.72,7.00,23.74,23.74,5.46,4.50,9.45,0.52,1.21,0,0,0.0,0.0,9107,169,0.3,0.3,0,
7.7.2026,20:9:6.549,27360,18634,59.4,17535,15147,53.6,0.6,13312,79,1.301,1.300,1.294,1.294,1.306,1.306,1.306,1.306,1.294,4030.2,4017.8,4017.8,4017.8,4042.7,4042.7,4042.7,4042.7,4017.8,99.8,2991.5,4012.3,3424.1,3410.2,3435.7,3131.6,3167.6,3001.0,3044.8,2493.0,2422.6,2854.0,2736.8,2728.9,2596.2,2811.3,2593.5,2991.5,73.1,87.2,84.7,84.6,85.0,77.3,78.2,74.0,75.3,61.4,59.5,70.4,67.5,67.3,64.0,69.4,64.1,87.2,73.1,81.7,97.4,94.5,94.4,94.9,86.4,87.4,82.7,84.1,68.6,66.5,78.6,75.4,75.2,71.5,77.5,71.6,81.7,40.4,40.2,40.2,40.2,40.5,40.5,40.5,40.5,40.2,0.0,98.1,99.8,99.6,99.0,98.8,95.8,97.8,97.1,97.2,1.9,0.2,0.4,1.0,1.2,4.2,2.2,2.9,2.8,0.0,0.0,0.0,0.0,0.0,0.0,0.0,0.0,0.0,1197.8,12.00,16,16,16,39,55,661,1,82.4,83.2,81.8,79.3,80.2,79.8,79.8,78.9,77.7,79.1,77.8,81.0,68.3,68.4,68.2,57.5,54.6,1.319,1.038,1.319,23.079,11.850,23.085,88.316,51.937,6.637,7.135,7.005,6.675,6.503,5.945,6.498,6.178,7.157,30.389,12.266,42.655,52.028,1197.8,1197.8,4022.3,4022.3,4022.3,4022.3,59.1,38.5,98.1,87.6,57.1,No,No,No,3.771,0.515,7.9,51,95.0,100.0,No,No,91259,99040,33,99.0,No,No,3320,0.0,0.3,0.3,0.000,3.393,21785,19206,0.0,0.0,0.0,0.000,0.000,50,0,69.5,89.8,83.0,1.075,12.085,12.125,12.121,12.009,1559,117.327,52.530,98.880,34.494,82.081,26.563,55.377,0.336,98.880,17.734,29.965,80.990,220.000,240.000,1920.0,1750.2,1680.0,1907.9,1815.0,53.0,12.0,0.0,3.0,86.0,4.8,19.1,0.0,0.0,0.0,45,Yes,No,No,Yes,Yes,No,No,53.0,54.1,5,0,0,0,0,0,0,0,0,131,0,0,0,0,0,0,0,0,0,0,0,0,0,0,0,0,0,0,0,0,1149,7043,6899,863,8.0,100.7,140.4,84.0,81.8,81.5,81.5,100.7,138.1,79.9,75.3,74.8,74.8,9.93,11.93,6.87,6.39,12.17,12.17,5.51,4.42,9.38,0.55,1.24,0,0,0.0,0.0,9107,169,2.2,1.7,0,
7.7.2026,20:9:8.548,27383,18611,59.5,17567,15114,53.7,0.6,13312,79,1.285,1.312,1.312,1.312,1.269,1.269,1.269,1.269,1.269,4008.4,4042.7,4017.8,4042.7,3992.8,3992.8,3992.8,3992.8,3992.8,99.8,2648.3,4007.5,3078.0,3152.8,3233.2,2817.1,3042.1,2845.5,2700.8,2081.3,2046.3,2637.6,2350.1,2419.8,2241.6,1986.1,1733.1,2648.3,64.2,81.3,75.9,78.0,79.9,69.5,75.1,70.4,66.6,51.1,50.3,65.0,57.9,59.4,55.2,49.0,42.5,81.3,64.2,71.6,90.8,84.8,87.1,89.3,77.6,83.9,78.6,74.4,56.9,56.1,72.5,64.5,66.2,61.5,54.6,47.3,71.6,40.2,40.5,40.2,40.5,40.0,40.0,40.0,40.0,40.0,0.0,96.3,99.4,99.6,98.7,98.2,92.9,96.2,94.7,90.6,3.7,0.6,0.4,1.3,1.8,7.1,3.8,5.3,9.4,0.0,0.0,0.0,0.0,0.0,0.0,0.0,0.0,0.0,1197.8,12.00,16,16,16,39,55,661,1,82.4,82.0,78.8,77.5,79.6,79.3,79.5,78.6,75.7,76.3,76.0,74.8,67.9,68.1,67.8,57.8,54.7,1.312,1.031,1.319,20.873,11.809,20.878,86.666,48.974,6.104,7.009,7.011,6.673,6.464,5.213,5.842,5.678,4.944,27.506,12.208,39.714,49.068,1197.8,1197.8,4030.5,4030.5,4030.5,4030.5,55.8,34.8,96.3,86.3,56.2,No,No,No,3.541,0.540,7.7,51,95.0,100.0,No,No,91260,99040,33,99.0,No,No,3320,0.0,0.1,0.2,0.071,1.140,21785,19208,0.0,0.0,0.0,0.000,0.000,50,0,70.2,91.1,83.0,1.075,12.086,12.127,12.123,12.007,1554,121.361,56.489,102.823,36.660,85.808,27.148,58.498,0.336,102.823,19.643,36.626,94.527,220.000,240.000,1920.0,1750.2,1680.0,1907.4,1815.0,53.0,13.0,0.0,3.0,86.0,5.1,20.3,0.0,0.0,0.0,45,Yes,No,No,Yes,Yes,No,No,55.7,55.0,5,0,0,0,0,0,0,0,0,131,0,0,0,0,0,0,0,0,0,0,0,0,0,0,0,0,0,0,0,0,1149,7043,6899,863,8.0,104.1,161.5,86.5,50.1,61.6,47.9,104.1,152.4,86.0,55.0,65.5,52.9,9.60,11.77,6.13,5.62,16.33,20.88,5.43,4.17,9.06,0.54,1.31,0,0,0.0,0.0,9107,169,6.0,2.5,0,
7.7.2026,20:9:10.549,27459,18535,59.7,17634,15048,53.9,0.6,13312,79,1.309,1.312,1.288,1.319,1.294,1.319,1.312,1.319,1.306,4033.4,3992.8,4017.8,4042.7,4042.7,4042.7,4042.7,4042.7,4042.7,99.8,2577.9,4004.8,3092.4,3230.9,3189.7,2870.4,2810.6,2645.6,2768.8,2002.4,1915.8,2546.9,2340.9,2400.6,2040.2,1742.4,1643.9,2577.9,62.2,79.8,76.2,79.8,78.5,70.7,69.1,65.2,68.4,49.2,46.7,62.7,57.4,59.0,49.6,42.7,39.7,79.8,62.2,69.5,89.2,85.3,89.2,87.8,79.0,77.3,72.9,76.5,55.0,52.3,70.1,64.2,65.9,55.5,47.8,44.4,69.5,40.4,40.0,40.2,40.5,40.5,40.5,40.5,40.5,40.5,0.0,95.6,99.3,99.5,98.4,97.9,91.6,96.0,93.4,88.9,4.4,0.7,0.5,1.6,2.1,8.4,4.0,6.6,11.1,0.0,0.0,0.0,0.0,0.0,0.0,0.0,0.0,0.0,1197.8,12.00,16,16,16,39,55,661,1,81.0,79.3,79.8,75.0,76.5,76.6,76.5,75.7,73.9,74.6,73.5,72.8,67.1,67.2,66.9,57.2,54.1,1.337,1.025,1.344,18.247,11.822,18.252,86.062,45.591,5.466,6.105,6.152,5.828,5.824,4.870,5.487,4.967,4.498,24.067,12.207,36.274,45.630,1197.8,1197.8,4033.2,4033.2,4033.2,4033.2,51.9,30.4,95.6,83.4,54.9,No,No,No,3.856,0.518,7.7,51,95.0,100.0,No,No,91260,99040,33,99.0,No,No,3320,0.1,0.1,0.2,0.131,2.129,21785,19212,0.0,0.0,0.0,0.000,0.000,50,0,70.2,90.8,83.0,1.075,12.088,12.129,12.124,12.010,1564,118.587,57.564,101.419,36.289,84.991,27.142,57.694,0.336,101.419,19.873,50.964,95.518,220.000,240.000,1920.0,1750.2,1680.0,1907.4,1815.0,53.0,12.0,0.0,3.0,86.0,5.7,22.8,0.0,0.0,0.0,45,Yes,No,No,Yes,Yes,No,No,55.1,54.9,5,0,0,0,0,0,0,0,0,131,0,0,0,0,0,0,0,0,0,0,0,0,0,0,0,0,0,0,0,0,1149,7043,6899,863,8.0,100.6,131.6,73.6,52.5,50.8,50.8,100.6,127.4,72.3,58.5,57.3,57.3,9.94,13.84,7.59,5.32,20.05,20.05,5.42,4.52,9.40,0.54,1.09,0,0,0.0,0.0,9107,169,0.2,0.2,0,
7.7.2026,20:9:12.548,27528,18465,59.8,17697,14985,54.1,0.6,13312,79,1.296,1.306,1.300,1.294,1.294,1.294,1.294,1.294,1.294,4020.9,4042.7,4017.8,4017.8,4017.8,4017.8,4017.8,4017.8,4017.8,99.8,2579.2,4008.4,3047.0,3213.4,3092.6,2880.7,2820.1,2812.2,2585.6,1822.9,2166.5,2374.1,2447.5,2238.3,2235.1,1629.9,1892.5,2579.2,62.6,80.6,75.3,79.7,76.6,71.0,69.9,69.4,63.9,45.1,53.5,58.7,60.5,55.3,55.1,40.3,46.8,80.6,62.6,69.8,90.0,84.0,88.9,85.5,79.2,78.0,77.4,71.2,50.1,59.5,65.4,67.4,61.6,61.4,44.7,52.0,69.8,40.3,40.5,40.2,40.2,40.2,40.2,40.2,40.2,40.2,0.0,95.8,99.4,99.2,98.4,97.9,92.3,95.7,93.7,90.0,4.2,0.6,0.8,1.6,2.1,7.7,4.3,6.3,10.0,0.0,0.0,0.0,0.0,0.0,0.0,0.0,0.0,0.0,1197.8,12.00,16,16,16,39,55,661,1,81.0,80.2,81.0,75.8,77.6,77.4,77.9,76.5,74.3,75.0,74.3,73.1,67.0,67.2,66.9,58.5,54.5,1.312,1.038,1.319,19.462,11.746,19.451,86.242,46.978,5.750,6.419,6.596,6.405,6.042,5.046,5.644,5.291,4.560,25.670,12.136,37.806,47.132,1197.8,1197.8,4033.2,4033.2,4033.2,4033.2,53.6,32.4,95.8,84.4,55.6,No,No,No,3.685,0.534,7.7,51,95.0,100.0,No,No,91260,99040,33,99.0,No,No,3320,0.0,0.0,0.0,0.000,1.058,21785,19214,0.0,0.0,0.0,0.000,0.000,50,0,70.5,91.2,83.0,1.075,12.087,12.128,12.123,12.009,1561,122.388,53.820,99.613,35.511,84.622,26.912,57.560,0.336,99.613,20.543,30.607,82.884,220.000,240.000,1920.0,1750.2,1680.0,1907.2,1815.0,57.0,14.0,0.0,3.0,86.0,5.0,19.8,0.0,0.0,0.0,46,Yes,No,No,Yes,Yes,No,No,55.9,54.4,5,0,0,0,0,0,0,0,0,131,0,0,0,0,0,0,0,0,0,0,0,0,0,0,0,0,0,0,0,0,1149,7043,6899,864,8.0,104.1,161.5,64.7,53.6,58.0,52.6,104.1,165.8,68.2,58.3,62.3,57.4,9.60,15.35,6.03,5.90,17.15,18.94,5.42,4.18,9.07,0.53,1.53,0,0,0.0,0.0,9107,169,1.0,1.1,0,
7.7.2026,20:9:14.549,27496,18498,59.7,17679,15002,54.0,0.6,13312,79,1.297,1.281,1.312,1.300,1.319,1.319,1.281,1.281,1.281,4027.1,4017.8,4042.7,4042.7,4042.7,4017.8,4017.8,4017.8,4017.8,99.8,2417.8,3999.9,2771.8,3082.9,3060.5,2690.2,2754.2,2535.3,2580.0,1529.4,1940.7,2130.5,2455.3,1832.3,2249.0,1275.1,1797.9,2417.8,58.1,81.1,68.1,76.2,75.4,66.5,67.6,62.4,63.0,36.7,47.2,52.0,59.9,44.4,55.2,30.9,43.7,81.1,58.1,65.1,90.9,76.2,85.3,84.4,74.4,75.6,69.9,70.8,41.6,52.7,58.2,67.3,49.7,61.8,34.5,48.8,65.1,40.3,40.2,40.5,40.5,40.5,40.2,40.2,40.2,40.2,0.0,94.3,99.1,99.2,98.1,97.0,88.9,94.1,91.3,87.0,5.7,0.9,0.8,1.9,3.0,11.1,5.9,8.7,13.0,0.0,0.0,0.0,0.0,0.0,0.0,0.0,0.0,0.0,1197.8,12.00,16,16,16,39,55,661,1,80.8,80.4,79.8,75.6,77.6,77.6,77.7,76.7,73.8,74.8,73.9,72.8,67.1,67.3,66.9,57.8,54.2,1.375,1.031,1.381,19.136,11.690,19.140,84.898,46.624,5.717,6.558,6.577,6.365,6.112,4.819,5.628,5.207,4.470,25.294,12.076,37.370,46.708,1197.8,1197.8,4037.9,4037.9,4037.9,4037.9,53.1,31.9,94.3,84.6,55.2,No,No,No,3.552,0.560,7.5,51,95.0,100.0,No,No,91260,99040,33,99.0,No,No,3320,0.0,0.1,0.1,0.000,2.110,21785,19218,0.0,0.0,0.0,0.000,0.000,50,0,70.8,91.8,83.0,1.075,12.080,12.121,12.119,12.002,1566,122.687,53.615,105.764,37.491,87.727,27.400,60.166,0.336,105.764,19.451,7.801,84.247,220.000,240.000,1920.0,1750.2,1680.0,1907.1,1815.0,58.0,14.0,0.0,4.0,86.0,5.5,21.9,0.0,0.0,0.0,46,Yes,No,No,Yes,Yes,No,No,56.9,64.7,5,0,0,0,0,0,0,0,0,131,0,0,0,0,0,0,0,0,0,0,0,0,0,0,0,0,0,0,0,0,1148,7044,6901,864,8.0,106.1,148.7,87.9,50.8,62.5,48.5,106.1,144.0,91.4,55.0,66.8,52.7,9.42,11.36,6.70,6.60,16.05,20.74,5.44,3.98,8.94,0.49,1.19,0,0,0.0,0.0,9107,169,0.1,0.1,0,
7.7.2026,20:9:16.549,27507,18487,59.8,17678,15004,54.0,0.6,13312,79,1.297,1.300,1.312,1.275,1.300,1.306,1.294,1.294,1.294,4017.8,4017.8,4017.8,4017.8,4017.8,4017.8,4017.8,4017.8,4017.8,99.8,2294.2,3994.0,2887.4,2811.3,3174.1,2428.1,2847.1,2245.6,2642.3,1479.0,1636.1,1922.9,2337.6,1771.6,1880.4,1277.1,1373.2,2294.2,54.4,71.3,70.9,68.9,78.3,59.4,69.9,54.9,65.1,36.4,39.4,46.8,57.5,42.7,45.7,30.5,33.3,78.3,54.4,61.1,79.8,79.6,77.4,87.9,66.8,78.5,61.7,72.8,40.5,44.4,52.6,64.2,48.0,51.4,34.4,37.5,61.1,40.2,40.2,40.2,40.2,40.2,40.2,40.2,40.2,40.2,0.0,93.1,98.7,99.2,97.8,96.3,86.8,92.4,88.9,84.3,6.9,1.3,0.8,2.2,3.7,13.2,7.6,11.1,15.7,0.0,0.0,0.0,0.0,0.0,0.0,0.0,0.0,0.0,1197.8,12.00,16,16,16,39,55,661,1,81.0,81.1,82.2,75.5,78.4,78.3,78.7,76.9,73.2,74.1,73.0,71.9,66.9,67.1,66.6,57.5,53.8,1.337,1.044,1.350,19.248,11.651,19.244,83.753,46.760,5.768,7.004,6.970,6.732,6.209,4.668,5.433,4.936,4.194,25.546,12.036,37.582,46.875,1197.8,1197.8,4045.4,4045.4,4045.4,4045.4,53.3,32.1,93.1,85.4,55.2,No,No,No,3.118,0.579,7.4,51,95.0,100.0,No,No,91260,99040,33,99.0,No,No,3320,0.0,0.0,0.1,0.067,1.056,21785,19220,0.0,0.0,0.0,0.000,0.000,50,0,70.6,91.2,83.0,1.075,12.082,12.122,12.119,12.004,1574,122.563,53.101,102.057,36.403,85.221,27.008,58.058,0.336,102.057,19.576,12.549,87.741,220.000,240.000,1920.0,1750.2,1680.0,1907.0,1815.0,52.0,12.0,0.0,3.0,86.0,5.0,20.0,0.0,0.0,0.0,46,Yes,No,No,Yes,Yes,No,No,55.3,60.9,5,0,0,0,0,0,0,0,0,131,0,0,0,0,0,0,0,0,0,0,0,0,0,0,0,0,0,0,0,0,1148,7044,6901,864,8.0,109.0,156.3,64.2,55.6,58.9,54.7,109.0,161.0,67.9,64.2,65.7,63.8,9.17,15.67,6.35,6.17,17.09,18.42,5.35,3.83,8.70,0.47,1.10,0,0,0.0,0.0,9107,169,0.2,0.2,0,
7.7.2026,20:9:18.548,27666,18327,60.1,17823,14859,54.5,0.6,13312,79,1.309,1.306,1.300,1.319,1.306,1.306,1.306,1.312,1.312,4042.7,4042.7,4042.7,4042.7,4042.7,4042.7,4042.7,4042.7,4042.7,99.8,2345.8,3997.0,3065.7,2917.4,3009.9,2505.9,2794.2,2339.2,2574.7,1636.6,1584.0,2154.3,2208.0,1888.6,1937.8,1459.4,1459.5,2345.8,56.0,73.2,75.5,71.9,74.1,61.7,68.7,57.4,63.2,39.8,38.8,52.7,54.1,46.0,47.4,35.8,35.5,75.5,56.0,62.7,82.0,84.6,80.6,83.1,69.1,77.0,64.3,70.9,44.6,43.4,59.1,60.6,51.6,53.1,40.2,39.7,62.8,40.5,40.5,40.5,40.5,40.5,40.5,40.5,40.5,40.5,0.0,93.5,98.9,98.9,97.8,96.0,87.3,92.6,90.1,86.4,6.5,1.1,1.1,2.2,4.0,12.7,7.4,9.9,13.6,0.0,0.0,0.0,0.0,0.0,0.0,0.0,0.0,0.0,1197.8,12.00,16,16,16,39,55,661,1,81.2,82.1,80.0,76.5,79.7,79.8,79.4,77.7,74.0,74.9,73.9,72.7,67.2,67.4,66.9,56.8,54.4,1.350,1.025,1.344,20.457,11.644,20.456,84.154,48.359,6.056,7.372,7.648,6.926,6.431,4.797,5.614,5.189,4.467,27.114,12.036,39.150,48.460,1197.8,1197.8,4041.8,4041.8,4041.8,4041.8,55.1,34.1,93.5,86.4,55.8,No,No,No,3.202,0.593,7.5,51,95.0,100.0,No,No,91260,99040,33,99.0,No,No,3320,0.1,0.1,0.1,0.134,2.182,21786,19224,0.0,0.0,0.0,0.000,0.000,50,0,70.9,91.7,83.0,1.069,12.079,12.119,12.117,12.001,1581,122.334,52.909,102.291,37.182,87.046,27.327,59.556,0.336,102.291,21.941,7.802,83.321,220.000,240.000,1905.0,1750.2,1665.0,1893.1,1800.0,55.0,13.0,0.0,3.0,86.0,5.9,23.6,0.0,0.0,0.0,46,Yes,No,No,Yes,No,No,No,56.5,56.0,5,0,0,0,0,0,0,0,0,131,0,0,0,0,0,0,0,0,0,0,0,0,0,0,0,0,0,0,0,0,1148,7044,6901,864,8.0,107.4,155.7,66.5,46.5,53.4,45.0,107.4,162.0,71.0,48.3,56.1,46.6,9.31,14.96,6.34,6.19,18.62,22.12,5.41,3.91,8.83,0.48,1.29,0,0,0.0,0.0,9107,169,0.6,0.2,0,
7.7.2026,20:9:20.547,27298,18696,59.3,17481,15201,53.4,0.6,13312,79,1.312,1.306,1.312,1.312,1.312,1.312,1.312,1.312,1.312,4042.7,4042.7,4042.7,4042.7,4042.7,4042.7,4042.7,4042.7,4042.7,99.8,2198.6,3978.3,2746.1,3109.3,2641.2,2617.7,2419.2,2341.1,2301.3,1485.0,1478.8,2142.0,1897.9,1934.1,1571.2,1291.8,1222.3,2198.6,52.1,72.6,67.3,76.7,64.4,63.8,59.6,57.0,56.5,36.0,35.7,52.2,46.3,47.0,38.1,31.2,29.5,76.7,52.1,58.5,81.4,75.6,86.1,72.3,71.6,66.9,64.1,63.5,40.5,40.2,58.6,52.0,52.8,42.8,35.1,33.1,58.5,40.5,40.5,40.5,40.5,40.5,40.5,40.5,40.5,40.5,0.0,92.2,98.4,98.9,96.9,94.8,85.9,91.1,88.3,83.7,7.8,1.6,1.1,3.1,5.2,14.1,8.9,11.7,16.3,0.0,0.0,0.0,0.0,0.0,0.0,0.0,0.0,0.0,1197.8,12.00,16,16,16,39,55,661,1,81.2,81.6,82.0,76.0,79.4,79.4,79.2,77.4,73.0,74.4,73.3,72.1,67.1,67.3,66.8,58.5,54.1,1.325,1.031,1.337,19.769,11.571,19.773,83.014,47.392,5.916,7.279,7.679,6.969,6.251,4.515,5.489,4.965,4.183,26.228,11.956,38.185,47.497,1197.8,1197.8,4045.4,4045.4,4045.4,4045.4,54.0,33.0,92.2,85.9,55.3,No,No,No,3.145,0.598,7.4,51,95.0,100.0,No,No,91260,99040,33,99.0,No,No,3320,0.0,0.0,0.0,0.000,1.048,21786,19226,0.0,0.0,0.0,0.000,0.000,50,0,70.7,91.6,83.0,1.069,12.087,12.127,12.123,12.009,1589,123.213,50.679,98.913,34.526,82.799,26.829,55.828,0.336,98.913,18.443,7.996,82.212,220.000,240.000,1905.0,1750.2,1665.0,1893.4,1800.0,59.0,14.0,0.0,4.0,86.0,5.0,20.0,0.0,0.0,0.0,46,Yes,No,No,Yes,No,No,No,53.3,57.2,5,0,0,0,0,0,0,0,0,131,0,0,0,0,0,0,0,0,0,0,0,0,0,0,0,0,0,0,0,0,1146,7046,6902,864,8.0,112.1,182.0,91.8,67.5,76.4,65.4,112.0,188.8,92.9,71.2,79.3,69.3,8.92,11.13,5.50,4.73,13.16,15.16,5.35,3.58,8.46,0.46,1.06,0,0,0.0,0.0,9107,169,0.2,0.3,0,
7.7.2026,20:9:22.550,27211,18782,59.1,17389,15292,53.2,0.6,13312,79,1.305,1.269,1.312,1.306,1.306,1.312,1.312,1.312,1.312,4036.5,4042.7,4042.7,4042.7,4042.7,4042.7,4042.7,4042.7,3992.8,99.8,2150.8,3975.9,2411.7,3130.7,2350.0,2673.2,2127.7,2478.4,2052.0,1532.2,1415.8,2115.4,1800.0,1748.7,1612.9,1634.2,1353.2,2150.8,51.2,77.7,59.0,77.2,57.5,65.8,51.5,60.9,49.8,37.1,34.1,51.5,43.5,42.2,38.9,39.4,32.6,77.7,51.2,57.4,87.1,66.2,86.6,64.5,73.8,57.8,68.2,55.9,41.7,38.3,57.8,48.9,47.4,43.7,44.3,36.6,57.4,40.4,40.5,40.5,40.5,40.5,40.5,40.5,40.5,40.0,0.0,92.2,98.4,97.8,95.6,94.2,86.4,89.7,88.2,87.2,7.8,1.6,2.2,4.4,5.8,13.6,10.3,11.8,12.8,0.0,0.0,0.0,0.0,0.0,0.0,0.0,0.0,0.0,1197.8,12.00,16,16,16,39,55,661,1,81.2,81.1,80.8,75.9,78.8,78.8,77.8,76.4,73.6,74.4,73.3,73.9,66.9,67.2,66.7,57.8,53.9,1.319,1.019,1.344,19.708,11.509,19.707,82.967,47.227,5.914,7.315,7.470,6.442,6.068,4.708,5.332,5.012,4.968,26.153,11.893,38.046,47.339,1197.8,1197.8,4041.3,4041.3,4041.3,4041.3,53.8,32.8,92.2,85.4,55.2,No,No,No,2.999,0.619,7.4,51,95.0,100.0,No,No,91260,99040,33,99.0,No,No,3320,0.1,1.2,1.3,0.140,9.180,21786,19244,0.0,0.0,0.0,0.000,0.000,50,0,71.0,91.8,83.0,1.069,12.079,12.121,12.118,11.999,1599,124.886,57.834,106.417,38.011,89.258,27.598,61.486,0.336,106.417,20.843,35.275,92.695,220.000,240.000,1905.0,1750.2,1665.0,1893.1,1800.0,60.0,14.0,0.0,4.0,86.0,5.2,20.8,0.0,0.0,0.0,47,Yes,No,No,Yes,No,No,No,57.8,58.8,5,0,0,0,0,0,0,0,0,131,0,0,0,0,0,0,0,0,0,0,0,0,0,0,0,0,0,0,0,0,1146,7046,6902,864,8.0,110.4,179.7,88.0,68.1,75.6,66.4,110.5,178.5,90.5,74.4,80.7,72.9,9.05,11.52,5.59,5.06,13.29,15.06,5.43,3.62,8.59,0.46,1.17,0,0,0.0,0.0,9107,169,2.5,2.0,0,
7.7.2026,20:9:24.562,27014,18980,58.7,17182,15500,52.5,0.6,13312,79,1.301,1.288,1.294,1.319,1.319,1.312,1.294,1.294,1.288,4030.2,4042.7,4017.8,4042.7,4042.7,4042.7,4017.8,4017.8,4017.8,99.8,2376.3,3967.6,2506.2,3265.0,2574.0,2723.1,2419.8,2441.0,2393.6,1650.2,1701.5,2225.7,2041.2,1927.9,1846.4,2545.1,1792.7,2376.3,57.4,79.4,61.7,81.0,63.3,67.2,59.5,60.1,58.9,40.6,41.7,54.8,50.2,47.4,45.0,63.1,44.0,81.0,57.4,63.9,88.6,68.8,90.4,70.6,75.0,66.4,67.1,65.7,45.0,46.3,61.0,55.8,52.6,50.0,70.3,48.9,63.9,40.4,40.5,40.2,40.5,40.5,40.5,40.2,40.2,40.2,0.0,93.9,98.4,98.6,96.4,94.4,87.9,91.3,89.0,95.1,6.1,1.6,1.4,3.6,5.6,12.1,8.7,11.0,4.9,0.0,0.0,0.0,0.0,0.0,0.0,0.0,0.0,0.0,1197.8,12.00,16,16,16,39,55,661,1,81.1,81.0,82.8,76.6,78.6,79.0,78.4,76.8,74.0,75.5,73.8,77.1,67.1,67.3,67.0,59.2,54.7,1.312,1.031,1.325,20.584,11.584,20.578,84.496,48.418,6.115,7.149,7.500,6.541,6.132,4.829,5.486,5.032,6.252,27.224,11.978,39.202,48.549,1197.8,1197.8,4032.5,4032.5,4032.5,4032.5,55.2,34.3,93.9,85.3,55.5,No,No,No,3.821,0.503,7.5,51,95.0,100.0,No,No,91260,99040,33,99.0,No,No,3320,0.1,0.1,0.3,0.286,0.191,21787,19244,0.0,0.0,0.0,0.000,0.000,50,0,70.2,90.3,83.0,1.069,12.089,12.130,12.125,12.012,1607,114.419,56.532,96.532,35.153,82.438,26.955,55.343,0.336,96.532,21.086,51.210,99.734,220.000,240.000,1905.0,1750.2,1665.0,1893.1,1800.0,38.0,9.0,0.0,2.0,86.0,5.1,20.4,0.0,0.0,0.0,47,Yes,No,No,Yes,No,No,No,53.5,53.2,5,0,0,0,0,0,0,0,0,131,0,0,0,0,0,0,0,0,0,0,0,0,0,0,0,0,0,0,0,0,1144,7048,6904,866,8.0,88.5,140.8,37.2,23.4,22.5,22.5,88.5,148.8,38.3,23.2,22.2,22.2,11.30,26.85,6.86,6.17,44.18,44.18,5.46,5.84,10.80,0.50,2.86,0,0,0.0,0.0,9107,169,0.6,0.0,0,
7.7.2026,20:9:26.559,27014,18980,58.7,17182,15500,52.5,0.6,13312,79,1.301,1.288,1.294,1.319,1.319,1.312,1.294,1.294,1.288,4030.2,4042.7,4017.8,4042.7,4042.7,4042.7,4017.8,4017.8,4017.8,99.8,2376.3,3967.6,2506.2,3265.0,2574.0,2723.1,2419.8,2441.0,2393.6,1650.2,1701.5,2225.7,2041.2,1927.9,1846.4,2545.1,1792.7,2376.3,57.4,79.4,61.7,81.0,63.3,67.2,59.5,60.1,58.9,40.6,41.7,54.8,50.2,47.4,45.0,63.1,44.0,81.0,57.4,63.9,88.6,68.8,90.4,70.6,75.0,66.4,67.1,65.7,45.0,46.3,61.0,55.8,52.6,50.0,70.3,48.9,63.9,40.4,40.5,40.2,40.5,40.5,40.5,40.2,40.2,40.2,0.0,93.9,98.4,98.6,96.4,94.4,87.9,91.3,89.0,95.1,6.1,1.6,1.4,3.6,5.6,12.1,8.7,11.0,4.9,0.0,0.0,0.0,0.0,0.0,0.0,0.0,0.0,0.0,1197.8,12.00,16,16,16,39,55,661,1,81.1,81.0,82.8,76.6,78.6,79.0,78.4,76.8,74.0,75.5,73.8,77.1,67.1,67.3,67.0,59.2,54.7,1.312,1.031,1.325,20.584,11.584,20.578,84.496,48.418,6.115,7.149,7.500,6.541,6.132,4.829,5.486,5.032,6.252,27.224,11.978,39.202,48.549,1197.8,1197.8,4032.5,4032.5,4032.5,4032.5,55.2,34.3,93.9,85.3,55.5,No,No,No,3.821,0.503,7.5,51,95.0,100.0,No,No,91260,99040,33,99.0,No,No,3320,0.1,0.1,0.3,0.286,0.191,21787,19244,0.0,0.0,0.0,0.000,0.000,50,0,69.3,88.7,83.0,1.069,12.094,12.135,12.128,12.020,1614,107.019,44.613,89.606,31.466,75.971,26.046,49.783,0.336,89.606,17.875,7.539,57.900,220.000,240.000,1905.0,1750.2,1665.0,1893.5,1800.0,40.0,10.0,0.0,2.0,86.0,4.7,18.6,0.0,0.0,0.0,47,Yes,No,No,Yes,No,No,No,48.9,47.8,5,0,0,0,0,0,0,0,0,131,0,0,0,0,0,0,0,0,0,0,0,0,0,0,0,0,0,0,0,0,1144,7048,6904,866,8.0,88.5,140.8,37.2,23.4,22.5,22.5,88.5,148.8,38.3,23.2,22.2,22.2,11.30,26.85,6.86,6.17,44.18,44.18,5.46,5.84,10.80,0.50,2.86,0,0,0.0,0.0,9107,169,0.6,0.0,0,
7.7.2026,20:9:28.639,27279,18714,59.3,17402,15279,53.2,0.6,13312,79,1.293,1.294,1.294,1.294,1.275,1.294,1.294,1.300,1.300,4017.8,4042.7,4017.8,4017.8,3992.8,4017.8,4017.8,4017.8,4017.8,99.8,3849.6,4019.6,3852.4,3927.1,3858.1,3887.4,3801.1,3861.7,3821.7,3803.0,3766.6,3877.6,3806.8,3864.8,3855.1,3798.7,3791.9,3849.6,95.0,97.9,96.0,97.9,96.0,96.7,94.4,96.0,94.2,93.6,92.4,95.7,93.1,95.1,94.9,92.9,92.7,97.9,95.0,106.0,109.2,107.1,109.2,107.1,107.9,105.3,107.1,105.1,104.4,103.1,106.8,103.9,106.1,105.9,103.6,103.5,106.0,40.2,40.5,40.2,40.2,40.0,40.2,40.2,40.2,40.2,0.0,99.5,99.9,99.9,99.9,99.8,99.0,99.6,99.5,98.7,0.5,0.1,0.1,0.1,0.2,1.0,0.4,0.5,1.3,0.0,0.0,0.0,0.0,0.0,0.0,0.0,0.0,0.0,1197.8,12.00,16,16,16,39,55,661,1,82.2,83.5,81.8,80.3,79.6,79.8,80.9,80.5,79.5,80.6,79.6,81.6,68.4,68.5,68.4,57.0,54.1,1.344,1.031,1.325,25.526,11.846,25.524,89.591,55.244,7.064,7.019,7.051,7.328,7.203,6.729,7.040,6.888,7.254,33.595,12.272,45.868,55.327,1197.8,1197.8,4022.9,4022.9,4022.9,4022.9,62.9,42.5,99.5,87.9,58.4,No,No,No,4.863,0.337,8.0,51,95.0,100.0,No,No,91260,99040,33,99.0,No,No,3320,0.4,0.7,1.0,1.238,14.482,21790,19282,0.0,0.0,0.0,0.000,0.000,50,0,69.7,89.4,83.0,1.069,12.086,12.126,12.122,12.010,1614,106.763,47.051,95.476,34.182,80.066,26.446,53.466,0.336,95.476,18.795,7.621,58.643,220.000,240.000,1905.0,1750.2,1665.0,1893.3,1800.0,46.0,11.0,0.0,2.0,86.0,4.4,17.5,0.0,0.0,0.0,47,Yes,No,No,Yes,No,No,No,51.9,56.5,5,0,0,0,0,0,0,0,0,131,0,0,0,0,0,0,0,0,0,0,0,0,0,0,0,0,0,0,0,0,1144,7048,6904,866,8.0,69.6,89.7,44.5,39.5,39.0,39.0,69.6,89.5,44.4,38.9,38.4,38.4,14.37,22.57,11.03,10.95,25.82,25.82,6.02,8.36,13.47,0.90,2.03,0,0,0.0,0.0,9107,169,0.4,0.6,0,
7.7.2026,20:9:30.581,27476,18518,59.7,17515,15167,53.5,0.6,13312,79,1.292,1.294,1.281,1.288,1.294,1.300,1.294,1.294,1.294,4020.9,4017.8,4017.8,4017.8,4017.8,4017.8,4017.8,4017.8,4042.7,99.8,4012.2,4025.2,4008.8,4010.2,4010.7,4010.1,4010.7,4011.1,4013.2,4010.6,4010.7,4011.9,4012.8,4012.0,4011.3,4012.3,4013.1,4012.2,100.0,100.0,100.0,100.0,100.0,100.0,100.0,100.0,100.0,100.0,100.0,100.0,100.0,100.0,100.0,100.0,100.0,100.0,100.0,111.6,111.6,111.6,111.6,111.6,111.6,111.6,111.6,111.6,111.6,111.6,111.6,111.6,111.6,111.6,111.6,111.6,111.6,40.3,40.2,40.2,40.2,40.2,40.2,40.2,40.2,40.5,0.0,100.0,100.0,100.0,100.0,100.0,100.0,100.0,100.0,100.0,0.0,0.0,0.0,0.0,0.0,0.0,0.0,0.0,0.0,0.0,0.0,0.0,0.0,0.0,0.0,0.0,0.0,0.0,1197.8,12.00,16,16,16,39,55,661,1,81.5,81.4,80.2,77.6,78.0,77.5,77.9,75.8,79.2,77.8,77.4,77.2,67.6,67.6,67.5,59.0,54.6,1.344,1.031,1.350,22.001,11.851,22.001,90.000,50.533,6.277,6.594,6.640,6.251,5.600,6.121,6.118,6.384,6.505,29.006,12.257,41.263,50.674,1197.8,1197.8,4025.3,4025.3,4025.3,4025.3,57.6,36.7,100.0,85.7,57.8,No,No,No,4.801,0.214,8.0,51,95.0,100.0,No,No,91260,99040,33,99.0,No,No,3320,0.0,2.4,2.4,0.000,7.472,21790,19290,0.0,0.0,0.0,0.000,0.000,50,0,68.2,87.4,83.0,1.075,12.093,12.131,12.127,12.021,1617,86.496,43.340,86.644,29.988,73.741,25.485,48.134,0.336,86.644,17.170,7.550,57.704,220.000,240.000,1920.0,1750.2,1680.0,1905.9,1815.0,39.0,8.0,0.0,2.0,85.3,3.5,14.0,0.0,0.0,0.0,47,Yes,No,No,Yes,Yes,No,No,46.9,48.5,5,0,0,0,0,0,0,0,0,131,0,0,0,0,0,0,0,0,0,0,0,0,0,0,0,0,0,0,0,0,1203,6989,6846,871,8.0,77.4,129.4,44.6,38.5,37.9,37.9,77.8,137.6,36.5,32.4,32.0,32.0,12.86,27.89,6.78,6.64,31.25,31.25,5.39,7.47,11.02,1.84,2.98,0,0,0.0,0.0,9107,169,0.6,0.7,0,
7.7.2026,20:9:32.569,27156,18837,59.0,17412,15270,53.2,0.6,13312,79,1.288,1.300,1.269,1.269,1.275,1.300,1.300,1.294,1.300,4008.4,4017.8,3992.8,3992.8,3992.8,4017.8,4017.8,4017.8,4017.8,99.8,3871.0,4025.0,3940.7,3943.9,3947.8,3915.7,3925.0,3866.3,3906.3,3766.3,3745.0,3841.2,3834.1,3800.1,3830.9,3803.5,3843.6,3871.0,96.4,98.4,98.1,98.2,98.3,97.4,97.8,96.3,97.3,94.0,93.5,95.7,95.6,94.8,95.6,95.0,95.9,98.4,96.4,107.6,109.9,109.5,109.7,109.7,108.8,109.2,107.5,108.6,104.9,104.3,106.8,106.7,105.8,106.7,106.0,107.1,107.6,40.2,40.2,40.0,40.0,40.0,40.2,40.2,40.2,40.2,0.0,99.9,100.0,100.0,99.9,99.9,99.7,99.8,99.8,99.9,0.1,0.0,0.0,0.1,0.1,0.3,0.2,0.2,0.1,0.0,0.0,0.0,0.0,0.0,0.0,0.0,0.0,0.0,1197.8,12.00,16,16,16,39,55,661,1,81.9,82.5,81.8,79.5,79.6,79.6,80.6,79.7,78.7,79.6,78.1,79.6,68.3,68.5,68.2,58.5,54.3,1.312,1.031,1.325,24.388,11.941,24.376,89.910,53.773,6.857,6.969,7.070,7.197,6.869,6.580,6.705,6.640,6.824,32.131,12.364,44.495,53.937,1197.8,1197.8,4025.4,4025.4,4025.4,4025.4,61.3,40.6,99.9,86.8,58.6,No,No,No,4.774,0.341,8.0,51,95.0,100.0,No,No,91260,99040,33,99.0,No,No,3320,0.0,2.3,2.3,0.000,5.087,21790,19299,0.0,0.0,0.0,0.000,0.000,50,0,68.7,88.0,83.0,1.075,12.092,12.130,12.126,12.019,1615,102.728,44.157,89.050,31.163,75.288,25.697,49.471,0.336,89.050,17.480,7.909,56.130,220.000,240.000,1920.0,1750.2,1680.0,1907.5,1815.0,42.0,8.0,0.0,2.0,85.3,5.6,22.4,0.0,0.0,0.0,47,Yes,No,No,Yes,Yes,No,No,48.4,50.8,5,0,0,0,0,0,0,0,0,131,0,0,0,0,0,0,0,0,0,0,0,0,0,0,0,0,0,0,0,0,1203,6989,6846,871,8.0,85.5,119.3,69.9,69.0,68.8,68.8,85.5,131.6,70.8,70.0,69.9,69.9,11.69,14.28,8.22,7.12,14.33,14.33,5.34,6.35,10.99,0.70,1.05,0,0,0.0,0.0,9107,169,1.9,0.2,0,
7.7.2026,20:9:34.568,26950,19044,58.5,17201,15480,52.6,0.6,13312,79,1.298,1.294,1.294,1.300,1.300,1.300,1.300,1.300,1.300,4017.8,4017.8,4017.8,4017.8,4017.8,4017.8,4017.8,4017.8,4017.8,99.8,3061.8,4017.9,3505.6,3510.5,3604.4,3269.1,3379.8,3177.1,3237.2,2558.1,2474.2,3047.0,2762.3,2776.9,2738.7,2477.7,2453.0,3061.8,74.9,85.4,86.7,86.9,89.3,80.8,83.6,78.6,80.1,63.2,61.1,75.3,68.3,68.5,67.8,61.3,60.7,89.3,74.9,83.7,95.4,96.9,97.1,99.7,90.3,93.4,87.9,89.6,70.7,68.3,84.2,76.4,76.6,75.8,68.6,67.9,83.7,40.2,40.2,40.2,40.2,40.2,40.2,40.2,40.2,40.2,0.0,98.1,99.8,99.9,99.4,99.3,96.0,98.5,97.6,94.7,1.9,0.2,0.1,0.6,0.7,4.0,1.5,2.4,5.3,0.0,0.0,0.0,0.0,0.0,0.0,0.0,0.0,0.0,1197.8,12.00,16,16,16,39,55,661,1,82.1,83.5,82.5,79.7,80.9,81.3,81.7,80.8,78.0,79.0,78.5,77.9,68.5,68.7,68.3,57.8,54.9,1.331,1.038,1.344,24.275,11.765,24.292,88.331,53.525,6.862,7.327,7.625,7.426,7.298,6.044,6.653,6.537,5.987,31.961,12.181,44.142,53.554,1197.8,1197.8,4026.9,4026.9,4026.9,4026.9,60.9,40.5,98.1,87.9,58.0,No,No,No,3.868,0.384,7.9,51,95.0,100.0,No,No,91260,99040,33,99.0,No,No,3320,0.0,0.2,0.2,0.067,4.379,21790,19308,0.0,0.0,0.0,0.000,0.000,50,0,68.9,88.4,83.0,1.075,12.091,12.130,12.126,12.018,1617,108.101,48.686,91.660,32.289,76.937,25.886,50.921,0.336,91.660,17.636,36.253,63.283,220.000,240.000,1920.0,1750.2,1680.0,1908.0,1815.0,47.0,10.0,0.0,3.0,85.3,3.9,15.7,0.0,0.0,0.0,47,Yes,No,No,Yes,Yes,No,No,49.3,50.1,5,0,0,0,0,0,0,0,0,131,0,0,0,0,0,0,0,0,0,0,0,0,0,0,0,0,0,0,0,0,1203,6989,6846,871,8.0,94.9,134.4,83.8,83.7,83.7,83.7,95.0,133.4,81.6,80.7,80.6,80.6,10.54,11.95,7.21,7.16,12.01,12.01,5.20,5.32,9.97,0.57,1.06,0,0,0.0,0.0,9107,169,0.1,0.0,0,
7.7.2026,20:9:36.577,27060,18933,58.8,17262,15419,52.8,0.6,13312,79,1.311,1.319,1.288,1.319,1.300,1.325,1.306,1.312,1.319,4033.4,4017.8,4017.8,4042.7,4042.7,4042.7,4042.7,4042.7,4017.8,99.8,3542.9,4021.8,3705.8,3766.4,3716.0,3601.7,3675.4,3633.3,3572.6,3409.9,3251.2,3531.5,3457.5,3408.7,3370.6,3338.2,3225.3,3542.9,87.3,93.6,92.0,93.6,92.2,89.2,91.1,89.9,88.5,84.1,80.2,87.4,85.3,84.2,83.1,82.4,79.6,93.6,87.3,97.5,104.6,102.8,104.6,103.0,99.7,101.8,100.5,98.9,94.0,89.6,97.6,95.3,94.0,92.9,92.0,88.9,97.5,40.4,40.2,40.2,40.5,40.5,40.5,40.5,40.5,40.2,0.0,99.1,99.9,99.9,99.6,99.7,98.5,99.3,98.5,97.9,0.9,0.1,0.1,0.4,0.3,1.5,0.7,1.5,2.1,0.0,0.0,0.0,0.0,0.0,0.0,0.0,0.0,0.0,1197.8,12.00,16,16,16,39,55,661,1,81.8,80.9,80.0,77.3,78.3,77.9,78.7,77.8,76.7,76.8,76.3,76.3,67.9,68.0,67.8,58.2,54.8,1.325,1.031,1.325,21.338,11.896,21.342,89.234,49.706,6.065,6.592,6.496,6.266,6.217,5.695,5.848,5.825,5.580,28.103,12.299,40.402,49.778,1197.8,1197.8,4027.8,4027.8,4027.8,4027.8,56.6,35.6,99.1,85.2,57.7,No,No,No,3.880,0.352,7.9,51,95.0,100.0,No,No,91260,99040,33,99.0,No,No,3320,1.1,0.1,1.1,1.919,1.589,21794,19311,0.0,0.0,0.0,0.000,0.000,50,0,68.1,86.9,83.0,1.075,12.097,12.136,12.130,12.025,1615,99.423,44.497,84.788,29.224,72.573,25.350,47.105,0.336,84.788,17.109,7.993,75.705,220.000,240.000,1920.0,1750.2,1680.0,1908.1,1815.0,45.0,9.0,0.0,2.0,85.3,5.0,20.1,0.0,0.0,0.0,47,Yes,No,No,Yes,Yes,No,No,46.3,45.6,5,0,0,0,0,0,0,0,0,131,0,0,0,0,0,0,0,0,0,0,0,0,0,0,0,0,0,0,0,0,1203,6989,6846,871,8.0,80.6,111.7,40.0,39.9,39.8,39.8,80.6,106.2,39.5,39.3,39.3,39.3,12.41,25.08,8.81,8.64,25.16,25.16,5.29,7.11,11.74,0.67,2.16,0,0,0.0,0.0,9107,169,0.6,1.4,0,
7.7.2026,20:9:38.658,27060,18933,58.8,17262,15419,52.8,0.6,13312,79,1.311,1.319,1.288,1.319,1.300,1.325,1.306,1.312,1.319,4033.4,4017.8,4017.8,4042.7,4042.7,4042.7,4042.7,4042.7,4017.8,99.8,3542.9,4021.8,3705.8,3766.4,3716.0,3601.7,3675.4,3633.3,3572.6,3409.9,3251.2,3531.5,3457.5,3408.7,3370.6,3338.2,3225.3,3542.9,87.3,93.6,92.0,93.6,92.2,89.2,91.1,89.9,88.5,84.1,80.2,87.4,85.3,84.2,83.1,82.4,79.6,93.6,87.3,97.5,104.6,102.8,104.6,103.0,99.7,101.8,100.5,98.9,94.0,89.6,97.6,95.3,94.0,92.9,92.0,88.9,97.5,40.4,40.2,40.2,40.5,40.5,40.5,40.5,40.5,40.2,0.0,99.1,99.9,99.9,99.6,99.7,98.5,99.3,98.5,97.9,0.9,0.1,0.1,0.4,0.3,1.5,0.7,1.5,2.1,0.0,0.0,0.0,0.0,0.0,0.0,0.0,0.0,0.0,1197.8,12.00,16,16,16,39,55,661,1,81.8,80.9,80.0,77.3,78.3,77.9,78.7,77.8,76.7,76.8,76.3,76.3,67.9,68.0,67.8,58.2,54.8,1.325,1.031,1.325,21.338,11.896,21.342,89.234,49.706,6.065,6.592,6.496,6.266,6.217,5.695,5.848,5.825,5.580,28.103,12.299,40.402,49.778,1197.8,1197.8,4027.8,4027.8,4027.8,4027.8,56.6,35.6,99.1,85.2,57.7,No,No,No,3.880,0.352,7.9,51,95.0,100.0,No,No,91260,99040,33,99.0,No,No,3320,1.1,0.1,1.1,1.919,1.589,21794,19311,0.0,0.0,0.0,0.000,0.000,50,0,67.8,86.6,83.0,1.075,12.096,12.136,12.129,12.024,1617,104.326,44.008,83.961,28.908,72.059,25.299,46.643,0.336,83.961,17.094,7.603,74.213,220.000,240.000,1920.0,1750.2,1680.0,1907.9,1815.0,39.0,8.0,0.0,2.0,85.3,4.4,17.8,0.0,0.0,0.0,47,Yes,No,No,Yes,Yes,No,No,45.9,50.6,5,0,0,0,0,0,0,0,0,131,0,0,0,0,0,0,0,0,0,0,0,0,0,0,0,0,0,0,0,0,1203,6989,6846,852,8.0,80.6,111.7,40.0,39.9,39.8,39.8,80.6,106.2,39.5,39.3,39.3,39.3,12.41,25.08,8.81,8.64,25.16,25.16,5.29,7.11,11.74,0.67,2.16,0,0,0.0,0.0,9107,169,0.6,1.4,0,
7.7.2026,20:9:40.589,27209,18785,59.1,17441,15241,53.3,0.6,13312,79,1.296,1.294,1.294,1.306,1.300,1.294,1.294,1.294,1.294,4017.8,4017.8,4017.8,4017.8,4017.8,4017.8,4017.8,4017.8,4017.8,99.8,4010.3,4025.6,4009.3,4009.5,4010.0,4009.4,4009.5,4010.0,4010.4,4008.1,4008.4,4009.3,4009.7,4007.9,4008.2,4009.5,4009.8,4010.3,100.0,100.0,100.0,100.0,100.0,100.0,100.0,100.0,100.0,100.0,100.0,100.0,100.0,100.0,100.0,100.0,100.0,100.0,100.0,111.6,111.6,111.6,111.6,111.6,111.6,111.6,111.6,111.6,111.6,111.6,111.6,111.6,111.6,111.6,111.6,111.6,111.6,40.2,40.2,40.2,40.2,40.2,40.2,40.2,40.2,40.2,0.0,100.0,100.0,100.0,100.0,100.0,100.0,100.0,100.0,100.0,0.0,0.0,0.0,0.0,0.0,0.0,0.0,0.0,0.0,0.0,0.0,0.0,0.0,0.0,0.0,0.0,0.0,0.0,1197.8,12.00,16,16,16,39,55,661,1,82.5,81.9,83.2,78.0,77.8,76.4,80.1,78.6,77.3,76.5,78.8,78.3,68.1,68.2,68.0,59.5,54.9,1.337,1.031,1.331,21.539,11.938,21.537,90.000,50.022,6.227,6.299,5.798,6.817,6.487,5.902,5.412,6.684,6.413,28.380,12.344,40.723,50.147,1197.8,1197.8,4025.6,4025.6,4025.6,4025.6,57.0,35.9,100.0,86.2,57.0,No,No,No,4.882,0.301,8.0,51,95.0,100.0,No,No,91260,99040,33,99.0,No,No,3320,0.0,0.2,0.3,0.009,2.123,21797,19321,0.0,0.0,0.0,0.000,0.000,50,0,67.8,86.3,83.0,1.075,12.099,12.139,12.131,12.027,1615,100.217,45.737,81.579,27.603,70.554,25.113,45.321,0.336,81.579,16.688,51.706,56.887,220.000,240.000,1920.0,1750.2,1680.0,1907.5,1815.0,38.0,8.0,0.0,2.0,85.3,4.5,17.9,0.0,0.0,0.0,47,Yes,No,No,Yes,Yes,No,No,44.7,50.2,5,0,0,0,0,0,0,0,0,131,0,0,0,0,0,0,0,0,0,0,0,0,0,0,0,0,0,0,0,0,1203,6989,6846,862,8.0,76.7,161.4,32.9,28.4,28.0,28.0,76.7,147.9,33.9,29.2,28.7,28.7,13.05,30.31,6.12,6.07,35.60,35.60,5.39,7.57,12.22,0.83,3.01,0,0,0.0,0.0,9107,169,0.9,0.5,0,
7.7.2026,20:9:42.573,27209,18785,59.1,17441,15241,53.3,0.6,13312,79,1.296,1.294,1.294,1.306,1.300,1.294,1.294,1.294,1.294,4017.8,4017.8,4017.8,4017.8,4017.8,4017.8,4017.8,4017.8,4017.8,99.8,4010.3,4025.6,4009.3,4009.5,4010.0,4009.4,4009.5,4010.0,4010.4,4008.1,4008.4,4009.3,4009.7,4007.9,4008.2,4009.5,4009.8,4010.3,100.0,100.0,100.0,100.0,100.0,100.0,100.0,100.0,100.0,100.0,100.0,100.0,100.0,100.0,100.0,100.0,100.0,100.0,100.0,111.6,111.6,111.6,111.6,111.6,111.6,111.6,111.6,111.6,111.6,111.6,111.6,111.6,111.6,111.6,111.6,111.6,111.6,40.2,40.2,40.2,40.2,40.2,40.2,40.2,40.2,40.2,0.0,100.0,100.0,100.0,100.0,100.0,100.0,100.0,100.0,100.0,0.0,0.0,0.0,0.0,0.0,0.0,0.0,0.0,0.0,0.0,0.0,0.0,0.0,0.0,0.0,0.0,0.0,0.0,1197.8,12.00,16,16,16,39,55,661,1,82.5,81.9,83.2,78.0,77.8,76.4,80.1,78.6,77.3,76.5,78.8,78.3,68.1,68.2,68.0,59.5,54.9,1.337,1.031,1.331,21.539,11.938,21.537,90.000,50.022,6.227,6.299,5.798,6.817,6.487,5.902,5.412,6.684,6.413,28.380,12.344,40.723,50.147,1197.8,1197.8,4025.6,4025.6,4025.6,4025.6,57.0,35.9,100.0,86.2,57.0,No,No,No,4.882,0.301,8.0,51,95.0,100.0,No,No,91260,99040,33,99.0,No,No,3320,0.0,0.2,0.3,0.009,2.123,21797,19321,0.0,0.0,0.0,0.000,0.000,50,0,64.9,81.9,83.0,1.075,12.118,12.158,12.143,12.052,1617,91.841,29.297,58.085,16.511,55.066,22.766,32.268,0.336,58.085,13.810,7.135,28.904,220.000,240.000,1920.0,1750.2,1680.0,1908.2,1815.0,5.0,1.0,0.0,0.0,85.3,3.9,15.5,0.0,0.0,0.0,47,Yes,No,No,Yes,Yes,No,No,32.7,33.5,5,0,0,0,0,0,0,0,0,131,0,0,0,0,0,0,0,0,0,0,0,0,0,0,0,0,0,0,0,0,1203,6989,6846,862,8.0,76.7,161.4,32.9,28.4,28.0,28.0,76.7,147.9,33.9,29.2,28.7,28.7,13.05,30.31,6.12,6.07,35.60,35.60,5.39,7.57,12.22,0.83,3.01,0,0,0.0,0.0,9107,169,0.9,0.5,0,
7.7.2026,20:9:44.572,27241,18753,59.2,17462,15220,53.4,0.6,13312,79,1.301,1.312,1.300,1.300,1.294,1.294,1.312,1.300,1.294,4017.8,4017.8,4017.8,4017.8,4017.8,4017.8,4017.8,4017.8,4017.8,99.8,4007.9,4022.0,4006.9,4007.3,4007.9,4007.0,4007.1,4007.6,4008.1,4004.6,4005.2,4007.0,4008.0,4005.9,4006.3,4007.6,4008.2,4007.9,100.0,100.0,100.0,100.0,100.0,100.0,100.0,100.0,100.0,100.0,100.0,100.0,100.0,100.0,100.0,100.0,100.0,100.0,100.0,111.5,111.5,111.5,111.5,111.5,111.5,111.5,111.5,111.5,111.5,111.5,111.5,111.5,111.5,111.5,111.5,111.5,111.5,40.2,40.2,40.2,40.2,40.2,40.2,40.2,40.2,40.2,0.0,100.0,100.0,100.0,100.0,100.0,100.0,100.0,100.0,100.0,0.0,0.0,0.0,0.0,0.0,0.0,0.0,0.0,0.0,0.0,0.0,0.0,0.0,0.0,0.0,0.0,0.0,0.0,1197.8,12.00,16,16,16,39,55,661,1,83.1,84.0,83.0,80.0,79.4,78.2,82.5,79.3,80.3,79.3,81.1,80.3,68.5,68.6,68.4,59.5,55.0,1.331,1.031,1.331,24.346,11.837,24.355,90.000,53.655,6.699,6.521,6.162,7.426,6.436,6.935,6.242,7.224,6.646,32.027,12.255,44.282,53.706,1197.8,1197.8,4022.0,4022.0,4022.0,4022.0,61.0,40.6,100.0,88.4,58.8,No,No,No,4.634,0.187,8.0,51,95.0,100.0,No,No,91260,99040,33,99.0,No,No,3320,0.1,0.1,0.2,0.136,1.818,21798,19325,0.0,0.0,0.0,0.000,0.000,50,0,65.0,82.1,83.0,1.075,12.110,12.150,12.137,12.044,1615,84.093,32.627,59.053,19.464,58.063,25.195,32.807,0.336,59.053,18.723,5.780,47.796,220.000,240.000,1920.0,1750.2,1680.0,1864.0,1815.0,43.0,8.0,0.0,2.0,85.3,2.8,11.1,0.0,0.0,0.0,47,Yes,No,No,Yes,Yes,No,No,35.4,45.1,5,0,0,0,0,0,0,0,0,131,0,0,0,0,0,0,0,0,0,0,0,0,0,0,0,0,0,0,0,0,1203,6989,6846,862,8.0,60.0,61.9,57.8,57.7,57.7,57.7,46.4,60.3,13.1,12.3,12.2,12.2,16.67,17.26,16.12,16.11,17.29,17.29,0.54,0.67,16.31,0.36,0.18,0,0,0.0,0.0,9107,169,0.4,0.7,0,
7.7.2026,20:9:46.578,27361,18633,59.4,17577,15105,53.7,0.6,13312,79,1.289,1.300,1.288,1.288,1.281,1.294,1.288,1.288,1.288,4011.5,4017.8,3992.8,3992.8,3992.8,4017.8,4042.7,4017.8,4017.8,99.8,4009.9,4025.1,4009.2,4009.3,4009.8,4009.3,4009.5,4010.1,4010.2,4006.8,4007.5,4008.4,4009.6,4007.2,4007.8,4008.9,4009.5,4009.9,100.0,100.0,100.0,100.0,100.0,100.0,100.0,100.0,100.0,100.0,100.0,100.0,100.0,100.0,100.0,100.0,100.0,100.0,100.0,111.6,111.6,111.6,111.6,111.6,111.6,111.6,111.6,111.6,111.6,111.6,111.6,111.6,111.6,111.6,111.6,111.6,111.6,40.2,40.2,40.0,40.0,40.0,40.2,40.5,40.2,40.2,0.0,100.0,100.0,100.0,100.0,100.0,100.0,100.0,100.0,100.0,0.0,0.0,0.0,0.0,0.0,0.0,0.0,0.0,0.0,0.0,0.0,0.0,0.0,0.0,0.0,0.0,0.0,0.0,1197.8,12.00,16,16,16,39,55,661,1,81.8,80.9,85.2,77.4,77.2,76.4,79.2,77.0,76.9,76.0,77.7,78.8,67.8,67.8,67.7,59.2,54.6,1.312,1.044,1.331,21.315,11.957,21.317,90.000,49.787,6.177,6.179,5.965,6.547,5.769,5.875,5.293,6.728,7.065,28.094,12.366,40.460,49.898,1197.8,1197.8,4025.1,4025.1,4025.1,4025.1,56.7,35.5,100.0,85.1,56.9,No,No,No,4.952,0.388,8.0,51,95.0,100.0,No,No,91260,99040,33,99.0,No,No,3320,0.0,0.1,0.1,0.000,2.102,21798,19330,0.0,0.0,0.0,0.000,0.000,50,0,67.0,85.4,83.0,1.075,12.099,12.138,12.131,12.027,1612,99.224,43.075,83.284,28.404,71.510,25.137,46.265,0.336,83.284,16.757,7.269,68.504,220.000,240.000,1920.0,1750.2,1680.0,1908.1,1815.0,43.0,8.0,0.0,2.0,85.3,4.9,19.6,0.0,0.0,0.0,47,Yes,No,No,Yes,Yes,No,No,45.5,47.5,5,0,0,0,0,0,0,0,0,131,0,0,0,0,0,0,0,0,0,0,0,0,0,0,0,0,0,0,0,0,1203,6989,6846,862,8.0,92.3,139.1,77.7,76.5,76.3,76.3,92.3,129.2,78.2,76.3,76.1,76.1,10.83,13.03,7.17,6.89,13.42,13.42,4.97,5.86,10.05,0.77,1.24,0,0,0.0,0.0,9107,169,0.6,0.0,0,
7.7.2026,20:9:48.567,27281,18712,59.3,17519,15162,53.6,0.6,13312,79,1.296,1.300,1.300,1.294,1.294,1.300,1.294,1.294,1.294,4017.8,4017.8,4017.8,4017.8,4017.8,4017.8,4017.8,4017.8,4017.8,99.8,3976.7,4024.3,3983.9,3986.1,3996.2,3978.7,3986.3,3993.7,3996.6,3934.4,3944.3,3974.9,3981.5,3948.4,3960.3,3956.1,3982.3,3976.7,99.1,99.4,99.3,99.4,99.7,99.2,99.4,99.6,99.6,98.2,98.4,99.1,99.3,98.5,98.8,98.8,99.3,99.7,99.1,110.6,110.9,110.8,110.9,111.2,110.7,110.9,111.1,111.2,109.6,109.8,110.6,110.8,110.0,110.3,110.3,110.8,110.6,40.2,40.2,40.2,40.2,40.2,40.2,40.2,40.2,40.2,0.0,100.0,100.0,100.0,100.0,100.0,100.0,100.0,100.0,100.0,0.0,0.0,0.0,0.0,0.0,0.0,0.0,0.0,0.0,0.0,0.0,0.0,0.0,0.0,0.0,0.0,0.0,0.0,1197.8,12.00,16,16,16,39,55,661,1,81.8,81.9,83.0,78.3,78.0,77.8,79.2,78.4,77.9,78.2,77.7,79.4,68.0,68.1,67.9,56.8,54.2,1.319,1.044,1.331,22.381,11.922,22.370,89.994,51.114,6.392,6.428,6.436,6.626,6.267,6.281,6.177,6.329,6.597,29.486,12.332,41.818,51.232,1197.8,1197.8,4024.3,4024.3,4024.3,4024.3,58.2,37.3,100.0,86.2,57.5,No,No,No,4.799,0.420,8.0,51,95.0,100.0,No,No,91260,99040,33,99.0,No,No,3320,0.1,0.0,0.1,0.073,0.000,21798,19330,0.0,0.0,0.0,0.000,0.000,50,0,67.0,85.9,83.0,1.075,12.098,12.137,12.130,12.026,1615,101.315,43.130,84.621,29.128,72.403,25.291,47.011,0.336,84.621,17.050,7.275,63.560,220.000,240.000,1920.0,1750.2,1680.0,1908.3,1815.0,44.0,8.0,0.0,2.0,85.3,5.9,23.5,0.0,0.0,0.0,47,Yes,No,No,Yes,Yes,No,No,46.2,47.5,5,0,0,0,0,0,0,0,0,131,0,0,0,0,0,0,0,0,0,0,0,0,0,0,0,0,0,0,0,0,1203,6989,6846,862,8.0,95.4,132.4,74.8,49.4,47.6,47.6,95.4,138.7,77.3,49.2,47.3,47.3,10.48,13.58,7.56,7.16,21.00,21.00,4.96,5.52,9.77,0.72,1.34,0,0,0.0,0.0,9107,169,6.5,7.6,0,
7.7.2026,20:9:50.566,26972,19022,58.6,17242,15440,52.7,0.6,13312,79,1.299,1.288,1.294,1.294,1.294,1.294,1.294,1.319,1.319,4027.1,4017.8,4017.8,4017.8,4042.7,4042.7,4042.7,4017.8,4017.8,99.8,3419.7,4021.3,3725.1,3731.6,3766.7,3579.9,3545.5,3543.5,3490.5,3028.1,3147.4,3406.3,3305.1,3096.9,3275.6,3006.4,3046.0,3419.7,84.6,91.3,92.6,92.8,93.7,88.9,88.2,88.2,86.9,75.3,78.4,84.8,82.3,77.1,81.7,75.1,76.1,93.7,84.6,94.4,101.9,103.3,103.6,104.6,99.2,98.4,98.4,97.0,84.0,87.4,94.6,91.8,86.0,91.1,83.6,84.8,94.4,40.3,40.2,40.2,40.2,40.5,40.5,40.5,40.2,40.2,0.0,98.5,99.9,100.0,99.6,99.7,97.2,99.2,98.1,93.9,1.5,0.1,0.0,0.4,0.3,2.8,0.8,1.9,6.1,0.0,0.0,0.0,0.0,0.0,0.0,0.0,0.0,0.0,1197.8,12.00,16,16,16,39,55,661,1,82.5,83.7,83.2,80.2,80.6,81.2,81.5,81.2,79.1,80.2,78.3,79.3,68.5,68.6,68.4,57.2,54.5,1.312,1.038,1.325,24.274,11.752,24.283,88.621,53.420,6.828,7.138,7.369,7.121,7.161,6.407,6.887,6.358,6.182,31.939,12.170,44.110,53.497,1197.8,1197.8,4024.1,4024.1,4024.1,4024.1,60.8,40.5,98.5,88.1,58.3,No,No,No,4.004,0.320,7.9,51,95.0,100.0,No,No,91260,99040,33,99.0,No,No,3320,0.6,0.0,0.7,0.885,0.172,21799,19331,0.0,0.0,0.0,0.000,0.000,50,0,65.1,82.0,83.0,1.075,12.113,12.155,12.139,12.045,1612,93.247,35.208,62.046,18.645,57.853,23.331,34.471,0.336,62.046,14.694,6.973,71.683,220.000,240.000,1920.0,1750.2,1680.0,1908.3,1815.0,9.0,2.0,0.0,0.0,85.3,4.0,16.1,0.0,0.0,0.0,47,Yes,No,No,Yes,Yes,No,No,34.9,34.9,5,0,0,0,0,0,0,0,0,131,0,0,0,0,0,0,0,0,0,0,0,0,0,0,0,0,0,0,0,0,1203,6989,6846,862,8.0,60.0,62.3,57.2,56.9,56.8,56.8,49.3,60.5,30.0,30.0,30.0,30.0,16.66,17.55,15.91,15.80,17.58,17.58,0.17,0.05,16.24,0.42,7.40,0,0,0.0,0.0,9107,169,8.1,29.5,0,
7.7.2026,20:9:52.577,26972,19022,58.6,17242,15440,52.7,0.6,13312,79,1.299,1.288,1.294,1.294,1.294,1.294,1.294,1.319,1.319,4027.1,4017.8,4017.8,4017.8,4042.7,4042.7,4042.7,4017.8,4017.8,99.8,3419.7,4021.3,3725.1,3731.6,3766.7,3579.9,3545.5,3543.5,3490.5,3028.1,3147.4,3406.3,3305.1,3096.9,3275.6,3006.4,3046.0,3419.7,84.6,91.3,92.6,92.8,93.7,88.9,88.2,88.2,86.9,75.3,78.4,84.8,82.3,77.1,81.7,75.1,76.1,93.7,84.6,94.4,101.9,103.3,103.6,104.6,99.2,98.4,98.4,97.0,84.0,87.4,94.6,91.8,86.0,91.1,83.6,84.8,94.4,40.3,40.2,40.2,40.2,40.5,40.5,40.5,40.2,40.2,0.0,98.5,99.9,100.0,99.6,99.7,97.2,99.2,98.1,93.9,1.5,0.1,0.0,0.4,0.3,2.8,0.8,1.9,6.1,0.0,0.0,0.0,0.0,0.0,0.0,0.0,0.0,0.0,1197.8,12.00,16,16,16,39,55,661,1,82.5,83.7,83.2,80.2,80.6,81.2,81.5,81.2,79.1,80.2,78.3,79.3,68.5,68.6,68.4,57.2,54.5,1.312,1.038,1.325,24.274,11.752,24.283,88.621,53.420,6.828,7.138,7.369,7.121,7.161,6.407,6.887,6.358,6.182,31.939,12.170,44.110,53.497,1197.8,1197.8,4024.1,4024.1,4024.1,4024.1,60.8,40.5,98.5,88.1,58.3,No,No,No,4.004,0.320,7.9,51,95.0,100.0,No,No,91260,99040,33,99.0,No,No,3320,0.6,0.0,0.7,0.885,0.172,21799,19331,0.0,0.0,0.0,0.000,0.000,50,0,70.9,92.3,83.0,1.081,12.054,12.099,12.095,11.968,1612,139.671,60.635,115.896,41.426,99.273,27.944,71.087,0.336,115.896,24.682,7.817,101.988,220.000,240.000,1905.0,1750.2,1680.0,1907.1,1815.0,70.0,14.0,0.0,3.0,85.3,9.7,38.7,0.0,0.0,0.0,47,Yes,No,No,Yes,No,No,No,65.2,64.7,5,0,0,0,0,0,0,0,0,131,0,0,0,0,0,0,0,0,0,0,0,0,0,0,0,0,0,0,0,0,1203,6989,6846,862,8.0,60.0,62.3,57.2,56.9,56.8,56.8,49.3,60.5,30.0,30.0,30.0,30.0,16.66,17.55,15.91,15.80,17.58,17.58,0.17,0.05,16.24,0.42,7.40,0,0,0.0,0.0,9107,169,8.1,29.5,0,
7.7.2026,20:9:54.599,27096,18898,58.9,17305,15377,52.9,0.6,13312,79,1.291,1.294,1.294,1.294,1.325,1.294,1.269,1.294,1.269,4014.6,4017.8,4017.8,4017.8,4042.7,4017.8,3992.8,4017.8,3992.8,99.8,3976.1,4016.1,3976.9,3983.5,3986.4,3985.3,3984.5,3980.1,3972.7,3956.7,3957.7,3963.2,3977.6,3967.6,3976.3,3966.2,3967.2,3976.1,99.2,99.7,99.4,99.6,99.6,99.6,99.5,99.3,99.1,98.7,98.7,98.9,99.3,99.0,99.1,98.8,98.8,99.7,99.2,110.4,111.0,110.7,110.9,110.9,110.9,110.8,110.6,110.4,109.9,109.9,110.1,110.5,110.2,110.3,110.0,110.0,110.4,40.2,40.2,40.2,40.2,40.5,40.2,40.0,40.2,40.0,0.0,100.0,100.0,100.0,100.0,100.0,100.0,100.0,100.0,99.9,0.0,0.0,0.0,0.0,0.0,0.0,0.0,0.0,0.1,0.0,0.0,0.0,0.0,0.0,0.0,0.0,0.0,0.0,1197.8,12.00,16,16,16,39,55,661,1,84.8,86.7,84.5,83.7,82.3,83.1,84.4,85.0,82.9,85.1,82.0,85.0,70.0,70.1,70.0,59.0,55.2,1.319,1.038,1.331,29.799,11.823,29.789,89.978,60.645,8.024,7.586,7.799,8.085,8.598,7.795,8.471,7.537,8.322,39.079,12.272,51.351,60.822,1197.8,1197.8,4016.2,4016.2,4016.2,4016.2,69.1,49.6,100.0,91.3,60.4,No,No,No,4.366,0.509,8.0,51,95.0,100.0,No,No,91260,99040,33,99.0,No,No,3320,0.7,0.0,0.8,1.932,0.195,21804,19331,0.0,0.0,0.0,0.000,0.000,50,0,71.1,92.8,83.0,1.081,12.068,12.112,12.108,11.984,1612,134.802,58.660,111.077,40.054,93.670,27.276,66.159,0.336,111.077,22.534,7.976,106.447,220.000,240.000,1905.0,1750.2,1680.0,1899.4,1815.0,67.0,12.0,0.0,3.0,85.3,10.5,42.2,0.0,0.0,0.0,47,Yes,No,No,Yes,No,No,No,61.7,55.2,5,0,0,0,0,0,0,0,0,131,0,0,0,0,0,0,0,0,0,0,0,0,0,0,0,0,0,0,0,0,1203,6989,6846,862,8.0,68.3,83.9,51.7,50.7,50.6,50.6,68.4,88.0,45.7,44.5,44.4,44.4,14.64,19.35,11.82,11.27,19.84,19.84,10.58,4.04,13.92,0.72,1.76,0,0,0.0,0.0,9107,169,5.1,5.6,0,
7.7.2026,20:9:56.603,27106,18888,58.9,17372,15310,53.1,0.6,13312,79,1.295,1.319,1.275,1.275,1.319,1.269,1.294,1.319,1.294,4024.0,4042.7,3992.8,3992.8,4042.7,3992.8,4017.8,4042.7,4067.7,99.8,4012.1,4027.1,4010.8,4010.6,4011.3,4010.8,4011.0,4011.9,4012.1,4009.6,4009.8,4011.1,4012.1,4010.6,4011.0,4011.8,4012.3,4012.1,100.0,100.0,100.0,100.0,100.0,100.0,100.0,100.0,100.0,100.0,100.0,100.0,100.0,100.0,100.0,100.0,100.0,100.0,100.0,111.7,111.7,111.7,111.7,111.7,111.7,111.7,111.7,111.7,111.7,111.7,111.7,111.7,111.7,111.7,111.7,111.7,111.7,40.3,40.5,40.0,40.0,40.5,40.0,40.2,40.5,40.8,0.0,100.0,100.0,100.0,100.0,100.0,100.0,100.0,100.0,100.0,0.0,0.0,0.0,0.0,0.0,0.0,0.0,0.0,0.0,0.0,0.0,0.0,0.0,0.0,0.0,0.0,0.0,0.0,1197.8,12.00,16,16,16,39,55,661,1,82.2,80.4,83.2,77.0,78.1,77.1,79.2,77.1,76.8,75.8,76.2,76.0,68.0,68.1,67.9,57.2,54.9,1.319,1.031,1.325,20.254,11.999,20.261,90.000,48.487,5.904,6.440,6.210,6.502,5.862,5.763,5.173,5.802,5.476,26.697,12.401,39.098,48.548,1197.8,1197.8,4027.1,4027.1,4027.1,4027.1,55.2,33.8,100.0,84.6,56.2,No,No,No,5.021,0.485,8.0,51,95.0,100.0,No,No,91260,99040,33,99.0,No,No,3320,0.1,0.0,0.1,0.087,1.213,21804,19335,0.0,0.0,0.0,0.000,0.000,50,0,71.1,92.4,83.0,1.081,12.072,12.115,12.113,11.988,1609,126.745,61.570,113.982,40.598,95.338,27.752,67.383,0.336,113.982,21.899,51.083,83.351,220.000,240.000,1905.0,1750.2,1680.0,1900.0,1815.0,71.0,13.0,0.0,3.0,85.3,9.1,36.3,0.0,0.0,0.0,47,Yes,No,No,Yes,No,No,No,61.1,64.1,5,0,0,0,0,0,0,0,0,131,0,0,0,0,0,0,0,0,0,0,0,0,0,0,0,0,0,0,0,0,1203,6989,6846,862,8.0,66.2,81.8,34.2,25.0,24.3,24.3,66.1,90.6,33.6,25.8,25.1,25.1,15.12,29.31,12.22,12.04,41.10,41.10,10.43,4.69,14.33,0.78,2.39,0,0,0.0,0.0,9107,169,2.5,0.4,0,
7.7.2026,20:9:58.600,27125,18868,58.9,17395,15286,53.2,0.6,13312,79,1.291,1.275,1.281,1.300,1.300,1.300,1.300,1.300,1.275,3995.9,3992.8,3992.8,4017.8,3992.8,3992.8,3992.8,3992.8,3992.8,99.8,3895.0,4019.1,3951.2,3981.7,3988.3,3944.1,3948.9,3922.6,3932.6,3789.2,3772.7,3833.3,3879.1,3790.1,3822.0,3863.7,3882.0,3895.0,97.3,98.8,98.6,99.4,99.6,98.5,98.6,98.0,98.2,94.7,94.4,95.9,97.0,94.9,95.6,96.7,97.2,99.6,97.3,108.4,110.1,109.9,110.8,111.0,109.8,109.9,109.2,109.4,105.5,105.1,106.8,108.0,105.7,106.5,107.8,108.2,108.4,40.0,40.0,40.0,40.2,40.0,40.0,40.0,40.0,40.0,0.0,99.9,100.0,100.0,100.0,100.0,99.8,99.9,99.8,99.9,0.1,0.0,0.0,0.0,0.0,0.2,0.1,0.2,0.1,0.0,0.0,0.0,0.0,0.0,0.0,0.0,0.0,0.0,1197.8,12.00,16,16,16,39,55,661,1,83.4,84.3,85.8,80.2,79.4,79.3,81.5,80.9,79.2,79.3,79.8,82.1,68.4,68.5,68.3,58.8,54.9,1.331,1.031,1.337,24.247,11.868,24.232,89.932,53.388,6.832,6.605,6.573,7.284,7.023,6.393,6.279,6.848,7.654,31.873,12.288,44.161,53.559,1197.8,1197.8,4019.1,4019.1,4019.1,4019.1,60.9,40.4,99.9,88.7,58.6,No,No,No,4.699,0.378,8.0,51,95.0,100.0,No,No,91260,99040,33,99.0,No,No,3320,0.1,0.0,0.1,0.103,1.122,21804,19337,0.0,0.0,0.0,0.000,0.000,50,0,66.4,84.7,83.0,1.081,12.127,12.170,12.151,12.061,1612,129.480,27.569,52.923,14.191,51.812,22.397,29.402,0.336,52.923,13.436,7.856,30.413,220.000,240.000,1905.0,1750.2,1680.0,1899.7,1815.0,32.0,6.0,0.0,1.0,85.3,7.7,30.7,0.0,0.0,0.0,47,Yes,No,No,Yes,No,No,No,30.2,33.5,5,0,0,0,0,0,0,0,0,131,0,0,0,0,0,0,0,0,0,0,0,0,0,0,0,0,0,0,0,0,1203,6989,6846,862,8.0,60.0,77.8,48.8,41.6,41.0,41.0,50.2,60.3,30.0,30.0,30.0,30.0,16.67,20.46,12.86,9.31,24.40,24.40,1.94,3.18,16.49,0.18,2.65,0,0,0.0,0.0,9107,169,0.7,0.6,0,
7.7.2026,20:10:0.601,27254,18740,59.2,17187,15495,52.5,0.6,13312,79,1.293,1.288,1.294,1.294,1.294,1.294,1.294,1.294,1.294,4017.8,4017.8,4017.8,4017.8,4017.8,4017.8,4017.8,4017.8,4017.8,99.8,3351.0,4013.3,3588.2,3650.0,3699.6,3490.2,3482.4,3433.3,3419.5,2943.5,2976.7,3248.9,3272.8,3107.8,3135.5,3093.0,3061.6,3351.0,82.7,90.6,89.1,90.8,91.9,86.7,86.4,85.3,85.0,73.0,73.9,80.7,81.2,77.1,77.9,76.9,76.5,91.9,82.7,92.2,101.0,99.3,101.2,102.5,96.7,96.4,95.1,94.7,81.4,82.4,89.9,90.5,85.9,86.9,85.7,85.2,92.2,40.2,40.2,40.2,40.2,40.2,40.2,40.2,40.2,40.2,0.0,99.1,99.8,99.9,99.6,99.4,98.1,99.2,98.7,98.4,0.9,0.2,0.1,0.4,0.6,1.9,0.8,1.3,1.6,0.0,0.0,0.0,0.0,0.0,0.0,0.0,0.0,0.0,1197.8,12.00,16,16,16,39,55,661,1,83.5,84.2,81.2,80.3,80.5,80.7,81.5,80.8,78.9,80.2,78.3,81.4,68.9,69.0,68.8,57.2,54.5,1.350,1.031,1.350,23.897,11.913,23.903,89.225,53.099,6.788,6.974,7.110,7.117,6.999,6.173,6.695,6.226,7.008,31.424,12.332,43.756,53.176,1197.8,1197.8,4020.5,4020.5,4020.5,4020.5,60.4,39.8,99.1,88.6,57.7,No,No,No,4.223,0.557,7.9,51,95.0,100.0,No,No,91260,99040,33,99.0,No,No,3320,12.6,0.2,12.8,44.194,2.559,21888,19342,0.0,0.0,0.0,0.000,0.000,50,0,68.6,87.9,83.0,1.075,12.091,12.130,12.126,12.018,1615,106.863,47.655,93.276,32.920,77.980,26.030,51.820,0.336,93.276,17.681,7.478,75.757,220.000,240.000,1920.0,1750.2,1680.0,1907.2,1815.0,50.0,10.0,0.0,3.0,86.6,6.2,24.8,0.0,0.0,0.0,47,Yes,No,No,Yes,Yes,No,No,48.6,44.5,5,0,0,0,0,0,0,0,0,131,0,0,0,0,0,0,0,0,0,0,0,0,0,0,0,0,0,0,0,0,1098,7094,6951,864,8.0,88.5,126.6,38.0,32.0,31.5,31.5,88.3,152.3,38.1,32.5,32.0,32.0,11.29,26.24,7.93,7.51,31.93,31.93,6.57,4.75,10.73,0.57,2.08,0,0,0.0,0.0,9107,169,1.1,1.4,0,
7.7.2026,20:10:2.600,27519,18475,59.8,17584,15097,53.8,0.6,13312,79,1.293,1.294,1.294,1.294,1.294,1.294,1.294,1.294,1.288,4020.9,4017.8,4017.8,4017.8,4017.8,4017.8,4017.8,4017.8,4042.7,99.8,3192.2,4017.7,3545.4,3634.5,3557.9,3390.5,3334.5,3354.0,3309.9,2789.1,2726.3,3128.2,3044.5,2943.1,2922.1,2715.3,2662.8,3192.2,78.4,88.2,87.8,90.3,88.3,84.0,82.6,83.3,82.0,69.2,67.4,77.5,75.5,72.9,72.2,67.3,65.9,90.3,78.4,87.4,98.4,98.0,100.7,98.5,93.7,92.2,92.9,91.5,77.1,75.1,86.5,84.1,81.3,80.5,75.0,73.5,87.4,40.3,40.2,40.2,40.2,40.2,40.2,40.2,40.2,40.5,0.0,98.2,99.8,99.9,99.5,99.3,96.1,98.3,97.2,95.1,1.8,0.2,0.1,0.5,0.7,3.9,1.7,2.8,4.9,0.0,0.0,0.0,0.0,0.0,0.0,0.0,0.0,0.0,1197.8,12.00,16,16,16,39,55,661,1,83.2,83.7,83.2,79.5,81.1,80.6,81.5,80.5,78.3,78.7,77.8,77.4,68.6,68.8,68.5,59.5,55.1,1.319,1.038,1.325,23.188,11.834,23.186,88.339,52.040,6.634,7.297,7.288,7.197,6.970,6.078,6.417,6.110,5.716,30.522,12.250,42.772,52.155,1197.8,1197.8,4025.7,4025.7,4025.7,4025.7,59.3,38.6,98.2,88.1,57.3,No,No,No,3.919,0.455,7.9,51,95.0,100.0,No,No,91260,99040,33,99.0,No,No,3320,17.3,0.3,17.6,64.028,1.629,22011,19345,0.0,0.0,0.0,0.000,0.000,50,0,67.0,85.2,83.0,1.075,12.098,12.137,12.130,12.027,1617,100.419,43.385,80.552,27.115,69.832,24.969,44.750,0.336,80.552,16.514,33.299,55.935,220.000,240.000,1920.0,1750.2,1680.0,1907.9,1815.0,37.0,8.0,0.0,3.0,87.4,8.3,33.2,0.0,0.0,0.0,47,Yes,No,No,Yes,Yes,No,No,44.1,42.6,5,0,0,0,0,0,0,0,0,131,0,0,0,0,0,0,0,0,0,0,0,0,0,0,0,0,0,0,0,0,1031,7161,7018,865,8.0,64.1,128.4,28.3,27.1,27.0,27.0,64.0,123.7,28.3,27.3,27.1,27.1,15.61,35.28,8.03,7.69,36.83,36.83,5.77,9.85,14.96,0.65,4.97,0,0,0.0,0.0,9107,169,2.4,1.1,0,
7.7.2026,20:10:4.600,27745,18249,60.3,17783,14898,54.4,0.6,13312,79,1.290,1.312,1.275,1.269,1.288,1.294,1.294,1.294,1.294,4014.6,4017.8,3992.8,4017.8,4017.8,4017.8,4017.8,4017.8,4017.8,99.8,2977.2,4016.8,3314.1,3448.6,3375.3,3152.2,3074.9,3082.8,3099.3,2540.2,2537.1,2833.2,2840.0,2675.8,2728.6,2435.2,2481.8,2977.2,72.4,86.4,81.7,85.3,83.2,77.6,75.6,76.0,76.3,62.2,62.1,69.6,69.7,65.6,67.1,59.7,61.0,86.4,72.4,81.1,96.6,91.4,95.4,93.1,86.9,84.6,85.0,85.4,69.7,69.6,77.9,78.0,73.5,75.1,67.0,68.4,81.1,40.2,40.2,40.0,40.2,40.2,40.2,40.2,40.2,40.2,0.0,97.8,99.7,99.7,98.8,98.9,95.8,98.0,97.2,94.5,2.2,0.3,0.3,1.2,1.1,4.2,2.0,2.8,5.5,0.0,0.0,0.0,0.0,0.0,0.0,0.0,0.0,0.0,1197.8,12.00,16,16,16,39,55,661,1,82.9,81.9,81.5,78.1,79.7,79.4,79.6,79.0,76.9,77.6,76.8,75.9,68.2,68.3,68.0,59.0,55.0,1.337,1.019,1.350,21.565,11.819,21.569,88.037,49.913,6.245,6.868,6.907,6.617,6.525,5.741,6.172,5.828,5.302,28.414,12.223,40.637,50.029,1197.8,1197.8,4028.5,4028.5,4028.5,4028.5,56.9,35.9,97.8,86.2,56.7,No,No,No,4.145,0.432,7.8,51,95.0,100.0,No,No,91260,99040,33,99.0,No,No,3320,19.0,0.1,19.1,60.100,2.279,22126,19349,0.0,0.0,0.0,0.000,0.000,50,0,67.9,87.1,83.0,1.075,12.089,12.128,12.123,12.017,1612,97.612,45.103,89.434,31.121,75.563,25.752,49.681,0.336,89.434,17.324,7.551,64.836,220.000,240.000,1920.0,1750.2,1680.0,1908.0,1815.0,45.0,9.0,0.0,2.0,86.9,6.2,24.7,0.0,0.0,0.0,47,Yes,No,No,Yes,Yes,No,No,48.5,50.7,5,0,0,0,0,0,0,0,0,131,0,0,0,0,0,0,0,0,0,0,0,0,0,0,0,0,0,0,0,0,1071,7121,6978,865,8.0,84.1,135.1,44.0,42.5,42.3,42.3,84.1,130.2,44.3,43.4,43.3,43.3,11.88,22.65,7.50,7.29,23.16,23.16,5.47,6.42,11.30,0.58,2.43,0,0,0.0,0.0,9107,169,1.8,0.0,0,
7.7.2026,20:10:6.597,27917,18076,60.6,17891,14791,54.7,0.6,13312,79,1.304,1.312,1.300,1.300,1.300,1.306,1.306,1.306,1.300,4017.8,4017.8,4017.8,4017.8,4017.8,4017.8,4017.8,4017.8,4017.8,99.8,2743.2,3999.1,3150.8,3168.5,3308.7,2961.9,2971.5,2908.4,2817.8,2094.7,2267.8,2595.4,2629.6,2346.2,2502.4,2000.2,2168.6,2743.2,66.5,80.9,77.6,78.3,81.8,73.0,73.2,71.7,69.5,51.6,55.7,63.7,64.9,57.6,61.6,49.4,53.4,81.8,66.5,74.3,90.5,86.7,87.5,91.4,81.6,81.8,80.1,77.7,57.6,62.2,71.2,72.5,64.3,68.8,55.1,59.6,74.3,40.2,40.2,40.2,40.2,40.2,40.2,40.2,40.2,40.2,0.0,96.1,99.2,99.1,98.2,97.7,92.8,96.0,94.4,91.4,3.9,0.8,0.9,1.8,2.3,7.2,4.0,5.6,8.6,0.0,0.0,0.0,0.0,0.0,0.0,0.0,0.0,0.0,1197.8,12.00,16,16,16,39,55,661,1,82.6,82.4,81.5,78.4,80.2,79.9,80.3,79.4,76.8,77.7,77.0,76.0,68.3,68.4,68.1,58.5,54.7,1.312,1.031,1.319,21.791,11.737,21.799,86.509,50.241,6.344,7.086,7.152,6.905,6.733,5.558,6.232,5.863,5.220,28.757,12.141,40.898,50.287,1197.8,1197.8,4031.4,4031.4,4031.4,4031.4,57.1,36.3,96.1,86.7,56.5,No,No,No,3.922,0.484,7.7,51,95.0,100.0,No,No,91260,99040,33,99.0,No,No,3320,22.9,0.1,23.0,70.091,1.230,22260,19352,0.0,0.0,0.0,0.000,0.000,50,0,67.9,86.8,83.0,1.075,12.091,12.130,12.125,12.020,1609,99.388,48.496,88.243,30.663,74.763,25.626,49.021,0.336,88.243,17.279,46.288,64.499,220.000,240.000,1920.0,1750.2,1680.0,1908.1,1815.0,44.0,9.0,0.0,3.0,86.9,6.9,27.6,0.0,0.0,0.0,47,Yes,No,No,Yes,Yes,No,No,48.0,51.9,5,0,0,0,0,0,0,0,0,131,0,0,0,0,0,0,0,0,0,0,0,0,0,0,0,0,0,0,0,0,1070,7122,6978,865,8.0,87.8,151.2,36.4,34.1,33.9,33.9,87.8,152.1,36.8,34.0,33.7,33.7,11.39,27.22,6.42,5.79,29.47,29.47,5.38,6.01,10.88,0.51,3.09,0,0,0.0,0.0,9107,169,1.2,0.4,0,
7.7.2026,20:10:8.620,27917,18076,60.6,17891,14791,54.7,0.6,13312,79,1.304,1.312,1.300,1.300,1.300,1.306,1.306,1.306,1.300,4017.8,4017.8,4017.8,4017.8,4017.8,4017.8,4017.8,4017.8,4017.8,99.8,2743.2,3999.1,3150.8,3168.5,3308.7,2961.9,2971.5,2908.4,2817.8,2094.7,2267.8,2595.4,2629.6,2346.2,2502.4,2000.2,2168.6,2743.2,66.5,80.9,77.6,78.3,81.8,73.0,73.2,71.7,69.5,51.6,55.7,63.7,64.9,57.6,61.6,49.4,53.4,81.8,66.5,74.3,90.5,86.7,87.5,91.4,81.6,81.8,80.1,77.7,57.6,62.2,71.2,72.5,64.3,68.8,55.1,59.6,74.3,40.2,40.2,40.2,40.2,40.2,40.2,40.2,40.2,40.2,0.0,96.1,99.2,99.1,98.2,97.7,92.8,96.0,94.4,91.4,3.9,0.8,0.9,1.8,2.3,7.2,4.0,5.6,8.6,0.0,0.0,0.0,0.0,0.0,0.0,0.0,0.0,0.0,1197.8,12.00,16,16,16,39,55,661,1,82.6,82.4,81.5,78.4,80.2,79.9,80.3,79.4,76.8,77.7,77.0,76.0,68.3,68.4,68.1,58.5,54.7,1.312,1.031,1.319,21.791,11.737,21.799,86.509,50.241,6.344,7.086,7.152,6.905,6.733,5.558,6.232,5.863,5.220,28.757,12.141,40.898,50.287,1197.8,1197.8,4031.4,4031.4,4031.4,4031.4,57.1,36.3,96.1,86.7,56.5,No,No,No,3.922,0.484,7.7,51,95.0,100.0,No,No,91260,99040,33,99.0,No,No,3320,22.9,0.1,23.0,70.091,1.230,22260,19352,0.0,0.0,0.0,0.000,0.000,50,0,67.2,85.8,83.0,1.075,12.091,12.129,12.123,12.021,1612,104.044,47.546,83.281,28.320,71.611,25.231,46.263,0.336,83.281,16.751,56.486,63.902,220.000,240.000,1920.0,1750.2,1680.0,1907.8,1815.0,40.0,8.0,0.0,2.0,88.5,6.3,25.1,0.0,0.0,0.0,47,Yes,No,No,Yes,Yes,No,No,45.5,43.0,5,0,0,0,0,0,0,0,0,131,0,0,0,0,0,0,0,0,0,0,0,0,0,0,0,0,0,0,0,0,942,7250,7106,866,8.0,87.8,151.2,36.4,34.1,33.9,33.9,87.8,152.1,36.8,34.0,33.7,33.7,11.39,27.22,6.42,5.79,29.47,29.47,5.38,6.01,10.88,0.51,3.09,0,0,0.0,0.0,9107,169,1.2,0.4,0,
7.7.2026,20:10:10.622,28122,17872,61.1,18102,14580,55.3,0.6,13312,79,1.296,1.294,1.275,1.300,1.294,1.300,1.275,1.312,1.319,4017.8,4017.8,3992.8,4017.8,4017.8,4017.8,3992.8,4042.7,4042.7,99.8,3545.1,4003.4,3548.9,3686.7,3690.8,3591.1,3606.6,3530.8,3597.0,3381.0,3380.1,3498.0,3519.9,3474.3,3444.2,3375.2,3393.1,3545.1,87.0,94.9,88.3,91.5,91.4,88.9,89.2,87.3,88.9,83.4,83.3,86.3,86.2,85.0,84.1,81.9,81.5,94.9,87.0,97.2,106.0,98.6,102.2,102.1,99.3,99.7,97.5,99.3,93.1,93.0,96.4,96.2,94.8,93.9,91.5,91.0,97.2,40.2,40.2,40.0,40.2,40.2,40.2,40.0,40.5,40.5,0.0,97.9,99.4,99.4,98.7,98.4,96.8,97.7,97.0,95.9,2.1,0.6,0.6,1.3,1.6,3.2,2.3,3.0,4.1,0.0,0.0,0.0,0.0,0.0,0.0,0.0,0.0,0.0,1197.8,12.00,16,16,16,39,55,661,1,82.8,82.8,79.5,79.1,79.8,79.6,80.6,79.2,78.3,78.1,78.3,78.9,68.5,68.6,68.3,59.2,55.1,1.325,1.031,1.325,23.443,11.808,23.445,88.131,52.451,6.711,7.089,7.184,7.059,6.592,6.331,6.178,6.592,6.666,30.912,12.221,43.133,52.556,1197.8,1197.8,4028.1,4028.1,4028.1,4028.1,59.7,39.1,97.9,87.1,57.1,No,No,No,4.414,0.376,7.8,51,95.0,100.0,No,No,91260,99040,33,99.0,No,No,3320,5.8,0.1,5.9,11.266,2.236,22286,19357,0.0,0.0,0.0,0.000,0.000,50,0,67.1,85.7,83.0,1.075,12.102,12.142,12.134,12.030,1609,97.461,41.649,82.488,27.902,71.116,25.178,45.823,0.336,82.488,16.630,7.484,57.047,220.000,240.000,1920.0,1750.2,1680.0,1907.8,1815.0,39.0,8.0,0.0,2.0,88.5,4.8,19.4,0.0,0.0,0.0,47,Yes,No,No,Yes,Yes,No,No,45.1,47.2,5,0,0,0,0,0,0,0,0,131,0,0,0,0,0,0,0,0,0,0,0,0,0,0,0,0,0,0,0,0,942,7250,7106,866,8.0,71.2,90.8,40.8,36.5,36.1,36.1,71.2,90.0,41.2,36.4,36.0,36.0,14.04,24.38,11.09,10.27,27.53,27.53,5.65,8.39,13.18,0.86,2.02,0,0,0.0,0.0,9107,169,9.2,3.8,0,
7.7.2026,20:10:12.621,28204,17789,61.3,18181,14501,55.6,0.6,13312,79,1.298,1.300,1.288,1.319,1.294,1.312,1.294,1.288,1.288,4030.2,4042.7,4042.7,4042.7,4017.8,4042.7,4017.8,4017.8,4017.8,99.8,4012.2,4027.9,4010.2,4010.8,4011.7,4011.4,4011.3,4011.9,4012.5,4009.7,4010.4,4011.3,4011.9,4009.9,4010.7,4011.7,4012.2,4012.2,100.0,100.0,100.0,100.0,100.0,100.0,100.0,100.0,100.0,100.0,100.0,100.0,100.0,100.0,100.0,100.0,100.0,100.0,100.0,111.7,111.7,111.7,111.7,111.7,111.7,111.7,111.7,111.7,111.6,111.7,111.7,111.7,111.6,111.7,111.7,111.7,111.7,40.4,40.5,40.5,40.5,40.2,40.5,40.2,40.2,40.2,0.0,100.0,100.0,100.0,100.0,100.0,100.0,100.0,100.0,100.0,0.0,0.0,0.0,0.0,0.0,0.0,0.0,0.0,0.0,0.0,0.0,0.0,0.0,0.0,0.0,0.0,0.0,0.0,1197.8,12.00,16,16,16,39,55,661,1,81.8,80.2,82.2,76.4,77.3,75.8,79.5,75.7,76.3,74.9,76.0,75.5,67.7,67.9,67.6,57.8,55.0,1.306,1.038,1.325,19.719,11.954,19.715,90.000,47.650,5.793,6.240,5.929,6.703,5.327,5.705,5.079,5.873,5.488,25.992,12.351,38.343,47.758,1197.8,1197.8,4027.9,4027.9,4027.9,4027.9,54.3,32.9,100.0,84.4,56.0,No,No,No,4.924,0.271,8.0,51,95.0,100.0,No,No,91260,99040,33,99.0,No,No,3320,0.0,0.0,0.0,0.000,1.093,22286,19359,0.0,0.0,0.0,0.000,0.000,50,0,65.8,83.5,83.0,0.981,12.110,12.152,12.139,12.041,1612,88.927,35.215,67.032,22.360,62.344,25.033,37.240,0.336,67.032,17.863,6.267,46.642,220.000,240.000,1830.0,1750.2,1590.0,1876.2,1725.0,39.0,8.0,0.0,2.0,88.5,4.2,16.8,0.0,0.0,0.0,47,Yes,No,No,No,No,Yes,No,38.3,41.6,5,0,0,0,0,0,0,0,0,131,0,0,0,0,0,0,0,0,0,0,0,0,0,0,0,0,0,0,0,0,942,7250,7106,866,8.0,70.9,106.8,50.5,42.3,41.6,41.6,70.9,100.9,50.9,42.4,41.6,41.6,14.11,19.66,9.28,8.54,24.01,24.01,5.60,8.50,13.26,0.85,1.61,0,0,0.0,0.0,9107,169,23.4,4.1,0,
7.7.2026,20:10:14.640,28102,17892,61.0,18066,14616,55.2,0.6,13312,79,1.294,1.294,1.294,1.294,1.288,1.300,1.294,1.294,1.294,4017.8,4017.8,4017.8,4017.8,4017.8,4017.8,4017.8,4017.8,4017.8,99.8,4009.7,4023.7,4008.5,4008.7,4009.1,4008.6,4009.1,4009.6,4009.9,4007.4,4007.8,4008.5,4009.1,4007.8,4008.1,4009.1,4009.7,4009.7,100.0,100.0,100.0,100.0,100.0,100.0,100.0,100.0,100.0,100.0,100.0,100.0,100.0,100.0,100.0,100.0,100.0,100.0,100.0,111.6,111.6,111.6,111.6,111.6,111.6,111.6,111.6,111.6,111.6,111.6,111.6,111.6,111.6,111.6,111.6,111.6,111.6,40.2,40.2,40.2,40.2,40.2,40.2,40.2,40.2,40.2,0.0,100.0,100.0,100.0,100.0,100.0,100.0,100.0,100.0,100.0,0.0,0.0,0.0,0.0,0.0,0.0,0.0,0.0,0.0,0.0,0.0,0.0,0.0,0.0,0.0,0.0,0.0,0.0,1197.8,12.00,16,16,16,39,55,661,1,82.2,82.8,81.5,79.1,78.9,78.7,79.7,79.6,78.2,79.5,78.2,80.4,68.3,68.3,68.2,57.5,55.1,1.325,1.031,1.325,23.409,11.879,23.404,90.000,52.393,6.618,6.719,6.557,6.652,6.739,6.383,6.630,6.452,6.808,30.831,12.294,43.125,52.539,1197.8,1197.8,4023.7,4023.7,4023.7,4023.7,59.7,39.0,100.0,87.2,58.0,No,No,No,4.701,0.269,8.0,51,95.0,100.0,No,No,91260,99040,33,99.0,No,No,3320,0.1,0.7,0.8,0.077,8.454,22286,19378,0.0,0.0,0.0,0.000,0.000,50,0,64.1,81.2,83.0,0.931,12.117,12.159,12.143,12.050,1612,75.138,31.179,54.758,17.508,55.419,24.955,30.420,0.336,54.758,18.426,5.190,50.023,220.000,240.000,1755.0,1750.2,1545.0,1793.2,1665.0,40.0,8.0,0.0,2.0,88.5,4.7,18.6,0.0,0.0,0.0,47,Yes,No,No,No,No,Yes,No,34.0,33.9,5,0,0,0,0,0,0,0,0,131,0,0,0,0,0,0,0,0,0,0,0,0,0,0,0,0,0,0,0,0,942,7250,7106,866,8.0,65.4,81.3,37.2,36.0,35.9,35.9,65.4,82.1,37.4,36.1,36.0,36.0,15.29,26.78,12.17,11.11,27.83,27.83,5.83,9.45,14.46,0.84,1.81,0,0,0.0,0.0,9107,169,2.1,2.2,0,
7.7.2026,20:10:16.631,28261,17733,61.4,18227,14454,55.7,0.6,13312,79,1.300,1.294,1.269,1.300,1.312,1.312,1.312,1.300,1.300,4024.0,4017.8,3992.8,4017.8,4042.7,4042.7,4042.7,4017.8,4017.8,99.8,4012.5,4027.5,4011.6,4011.6,4012.3,4011.5,4011.6,4012.2,4012.6,4010.4,4010.8,4011.6,4011.7,4010.6,4010.7,4011.9,4011.3,4012.5,100.0,100.0,100.0,100.0,100.0,100.0,100.0,100.0,100.0,100.0,100.0,100.0,100.0,100.0,100.0,100.0,100.0,100.0,100.0,111.7,111.7,111.7,111.7,111.7,111.7,111.7,111.7,111.7,111.7,111.7,111.7,111.7,111.7,111.7,111.7,111.7,111.7,40.3,40.2,40.0,40.2,40.5,40.5,40.5,40.2,40.2,0.0,100.0,100.0,100.0,100.0,100.0,100.0,100.0,100.0,100.0,0.0,0.0,0.0,0.0,0.0,0.0,0.0,0.0,0.0,0.0,0.0,0.0,0.0,0.0,0.0,0.0,0.0,0.0,1197.8,12.00,16,16,16,39,55,661,1,81.6,80.8,82.0,77.2,78.0,77.2,79.5,77.0,77.2,76.9,76.1,76.0,67.9,68.0,67.8,58.0,54.6,1.319,1.031,1.325,20.761,11.920,20.762,90.000,49.044,6.008,6.483,6.210,6.489,5.641,6.053,5.808,5.883,5.494,27.367,12.318,39.686,49.107,1197.8,1197.8,4027.5,4027.5,4027.5,4027.5,55.8,34.6,100.0,85.1,56.8,No,No,No,4.886,0.246,8.0,51,95.0,100.0,No,No,91260,99040,33,99.0,No,No,3320,0.0,0.1,0.1,0.081,0.194,22286,19378,0.0,0.0,0.0,0.000,0.000,50,0,64.1,81.2,83.0,0.938,12.110,12.151,12.136,12.042,1612,75.833,32.629,57.279,18.652,56.930,25.048,31.820,0.336,57.279,18.533,5.696,54.720,220.000,240.000,1770.0,1750.2,1560.0,1781.3,1680.0,39.0,8.0,0.0,1.0,88.5,4.3,17.4,0.0,0.0,0.0,47,Yes,No,No,No,No,Yes,No,34.5,38.7,5,0,0,0,0,0,0,0,0,131,0,0,0,0,0,0,0,0,0,0,0,0,0,0,0,0,0,0,0,0,942,7250,7106,866,8.0,70.8,86.8,59.4,58.9,58.9,58.9,70.7,90.9,59.6,59.0,59.0,59.0,14.13,16.79,11.55,11.52,16.96,16.96,5.88,8.27,13.28,0.85,1.53,0,0,0.0,0.0,9107,169,0.2,0.2,0,
7.7.2026,20:10:18.622,28161,17832,61.2,18135,14546,55.4,0.6,13312,79,1.292,1.294,1.300,1.294,1.294,1.294,1.275,1.294,1.294,4017.8,4042.7,4017.8,4017.8,4017.8,4017.8,3992.8,4017.8,4017.8,99.8,4008.6,4022.6,4007.6,4008.1,4008.1,4007.8,4007.8,4008.4,4008.8,4006.2,4006.7,4007.2,4007.9,4006.6,4007.1,4007.7,4008.3,4008.6,100.0,100.0,100.0,100.0,100.0,100.0,100.0,100.0,100.0,100.0,100.0,100.0,100.0,100.0,100.0,100.0,100.0,100.0,100.0,111.6,111.6,111.6,111.6,111.6,111.6,111.6,111.6,111.6,111.6,111.6,111.6,111.6,111.6,111.6,111.6,111.6,111.6,40.2,40.5,40.2,40.2,40.2,40.2,40.0,40.2,40.2,0.0,100.0,100.0,100.0,100.0,100.0,100.0,100.0,100.0,100.0,0.0,0.0,0.0,0.0,0.0,0.0,0.0,0.0,0.0,0.0,0.0,0.0,0.0,0.0,0.0,0.0,0.0,0.0,1197.8,12.00,16,16,16,39,55,661,1,82.4,83.4,83.0,79.4,78.5,78.2,80.5,79.8,79.2,79.5,79.2,80.4,68.3,68.3,68.2,59.2,55.0,1.319,1.038,1.331,23.593,11.858,23.589,90.000,52.593,6.664,6.581,6.393,6.875,6.640,6.615,6.560,6.708,6.943,31.051,12.276,43.326,52.741,1197.8,1197.8,4022.6,4022.6,4022.6,4022.6,59.9,39.3,100.0,87.8,58.0,No,No,No,4.751,0.263,8.0,51,95.0,100.0,No,No,91260,99040,33,99.0,No,No,3320,0.0,0.1,0.1,0.069,0.216,22286,19379,0.0,0.0,0.0,0.000,0.000,50,0,65.2,82.7,83.0,1.038,12.101,12.140,12.131,12.032,1607,87.121,38.440,73.404,24.523,65.835,24.966,40.777,0.336,73.404,17.121,6.849,57.183,220.000,240.000,1890.0,1750.2,1650.0,1777.8,1785.0,36.0,7.0,0.0,1.0,88.5,4.7,18.8,0.0,0.0,0.0,46,Yes,No,No,No,No,Yes,No,41.1,44.0,5,0,0,0,0,0,0,0,0,131,0,0,0,0,0,0,0,0,0,0,0,0,0,0,0,0,0,0,0,0,942,7250,7106,866,8.0,65.5,98.9,34.2,26.6,25.9,25.9,65.5,100.0,34.2,26.8,26.2,26.2,15.26,29.29,10.07,8.33,38.76,38.76,5.96,9.30,14.42,0.84,2.57,0,0,0.0,0.0,9107,169,0.4,0.4,0,
7.7.2026,20:10:20.619,28272,17721,61.4,18248,14434,55.8,0.6,13312,79,1.301,1.294,1.294,1.300,1.294,1.294,1.294,1.319,1.319,4024.0,4017.8,4017.8,4017.8,4017.8,4017.8,4017.8,4042.7,4042.7,99.8,4010.4,4025.1,4009.1,4009.3,4009.8,4009.6,4009.6,4010.4,4010.7,4007.6,4008.4,4009.0,4010.0,4008.5,4008.6,4010.0,4010.3,4010.4,100.0,100.0,100.0,100.0,100.0,100.0,100.0,100.0,100.0,100.0,100.0,100.0,100.0,100.0,100.0,100.0,100.0,100.0,100.0,111.6,111.6,111.6,111.6,111.6,111.6,111.6,111.6,111.6,111.6,111.6,111.6,111.6,111.6,111.6,111.6,111.6,111.6,40.3,40.2,40.2,40.2,40.2,40.2,40.2,40.5,40.5,0.0,100.0,100.0,100.0,100.0,100.0,100.0,100.0,100.0,100.0,0.0,0.0,0.0,0.0,0.0,0.0,0.0,0.0,0.0,0.0,0.0,0.0,0.0,0.0,0.0,0.0,0.0,0.0,1197.8,12.00,16,16,16,39,55,661,1,81.8,80.9,78.2,77.6,78.0,77.0,78.9,77.2,77.6,76.9,77.3,77.9,68.1,68.2,68.0,58.8,55.1,1.294,1.031,1.300,21.223,11.943,21.226,90.000,49.660,6.100,6.531,6.264,6.391,5.876,6.102,5.568,6.102,5.968,27.970,12.345,40.315,49.748,1197.8,1197.8,4025.1,4025.1,4025.1,4025.1,56.5,35.4,100.0,85.2,56.8,No,No,No,4.935,0.283,8.0,51,95.0,100.0,No,No,91260,99040,33,99.0,No,No,3320,0.0,0.1,0.1,0.000,0.095,22286,19379,0.0,0.0,0.0,0.000,0.000,50,0,65.8,84.0,83.0,1.075,12.096,12.134,12.128,12.025,1604,97.322,41.644,82.307,28.127,70.975,25.131,45.723,0.336,82.307,16.897,7.282,57.354,220.000,240.000,1920.0,1750.2,1680.0,1907.1,1815.0,40.0,8.0,0.0,2.0,88.5,4.2,17.0,0.0,0.0,0.0,46,Yes,No,No,Yes,Yes,No,No,45.1,42.5,5,0,0,0,0,0,0,0,0,131,0,0,0,0,0,0,0,0,0,0,0,0,0,0,0,0,0,0,0,0,942,7250,7106,866,8.0,71.8,106.3,48.7,43.5,43.0,43.0,71.8,98.2,49.1,43.2,42.6,42.6,13.93,20.42,9.44,7.29,23.60,23.60,5.67,8.26,13.09,0.84,1.77,0,0,0.0,0.0,9107,169,0.1,0.1,0,
7.7.2026,20:10:22.629,28147,17847,61.1,18142,14539,55.5,0.6,13312,79,1.309,1.325,1.294,1.312,1.294,1.319,1.288,1.319,1.319,4017.8,3992.8,4017.8,4017.8,4017.8,4042.7,4017.8,4017.8,4017.8,99.8,4011.6,4026.5,4010.5,4010.9,4011.7,4010.4,4011.1,4011.8,4012.0,4008.3,4009.1,4010.1,4011.1,4009.7,4010.0,4011.1,4011.4,4011.6,100.0,100.0,100.0,100.0,100.0,100.0,100.0,100.0,100.0,100.0,100.0,100.0,100.0,100.0,100.0,100.0,100.0,100.0,100.0,111.7,111.7,111.7,111.7,111.7,111.7,111.7,111.7,111.7,111.6,111.6,111.6,111.6,111.6,111.6,111.6,111.6,111.7,40.2,40.0,40.2,40.2,40.2,40.5,40.2,40.2,40.2,0.0,100.0,100.0,100.0,100.0,100.0,100.0,100.0,100.0,100.0,0.0,0.0,0.0,0.0,0.0,0.0,0.0,0.0,0.0,0.0,0.0,0.0,0.0,0.0,0.0,0.0,0.0,0.0,1197.8,12.00,16,16,16,39,55,661,1,81.1,81.0,82.5,77.6,77.8,76.8,79.5,77.1,78.1,77.3,77.5,76.8,67.9,68.0,67.8,59.5,55.1,1.312,1.038,1.325,21.433,11.933,21.436,90.000,49.934,6.209,6.441,6.101,6.678,5.776,6.397,6.057,6.424,5.802,28.260,12.339,40.599,50.027,1197.8,1197.8,4026.5,4026.5,4026.5,4026.5,56.8,35.7,100.0,85.3,56.8,No,No,No,4.850,0.306,8.0,51,95.0,100.0,No,No,91260,99040,33,99.0,No,No,3320,0.0,0.1,0.1,0.001,0.206,22286,19379,0.0,0.0,0.0,0.000,0.000,50,0,65.8,84.2,83.0,1.075,12.097,12.136,12.129,12.025,1604,97.640,43.403,82.176,27.973,70.989,25.229,45.650,0.336,82.176,16.893,8.500,74.109,220.000,240.000,1920.0,1750.2,1680.0,1908.2,1815.0,39.0,8.0,0.0,2.0,88.5,4.5,18.0,0.0,0.0,0.0,46,Yes,No,No,Yes,Yes,No,No,45.0,47.4,5,0,0,0,0,0,0,0,0,131,0,0,0,0,0,0,0,0,0,0,0,0,0,0,0,0,0,0,0,0,942,7250,7106,866,8.0,75.4,94.6,63.2,61.3,61.1,61.1,75.3,92.3,64.1,61.5,61.3,61.3,13.27,15.92,10.74,10.40,16.32,16.32,5.57,7.71,12.45,0.82,1.55,0,0,0.0,0.0,9107,169,0.6,0.7,0,
7.7.2026,20:10:24.679,28114,17880,61.1,18118,14564,55.4,0.6,13312,79,1.288,1.294,1.300,1.300,1.294,1.262,1.275,1.300,1.275,4011.5,4017.8,4017.8,4017.8,4017.8,3992.8,4017.8,3992.8,4017.8,99.8,4009.4,4024.1,4008.9,4009.2,4009.6,4008.9,4008.7,4009.7,4009.9,4007.2,4007.0,4008.0,4008.8,4007.0,4007.8,4008.6,4007.2,4009.4,100.0,100.0,100.0,100.0,100.0,100.0,100.0,100.0,100.0,100.0,100.0,100.0,100.0,100.0,100.0,100.0,100.0,100.0,100.0,111.6,111.6,111.6,111.6,111.6,111.6,111.6,111.6,111.6,111.6,111.6,111.6,111.6,111.6,111.6,111.6,111.6,111.6,40.2,40.2,40.2,40.2,40.2,40.0,40.2,40.0,40.2,0.0,100.0,100.0,100.0,100.0,100.0,100.0,100.0,100.0,100.0,0.0,0.0,0.0,0.0,0.0,0.0,0.0,0.0,0.0,0.0,0.0,0.0,0.0,0.0,0.0,0.0,0.0,0.0,1197.8,12.00,16,16,16,39,55,661,1,82.0,82.5,84.0,78.8,78.5,77.6,80.6,78.9,78.6,78.7,78.0,79.5,68.2,68.2,68.1,60.0,55.4,1.312,1.038,1.331,23.124,11.904,23.118,90.000,52.021,6.603,6.609,6.278,7.028,6.477,6.660,6.422,6.584,6.762,30.461,12.316,42.776,52.198,1197.8,1197.8,4024.1,4024.1,4024.1,4024.1,59.3,38.5,100.0,86.9,57.7,No,No,No,4.766,0.302,8.0,51,95.0,100.0,No,No,91260,99040,33,99.0,No,No,3320,0.4,0.0,0.4,0.543,0.123,22287,19379,0.0,0.0,0.0,0.000,0.000,50,0,65.2,83.1,83.0,1.075,12.106,12.147,12.137,12.035,1599,95.273,41.270,76.866,25.568,67.483,24.684,42.701,0.336,76.866,16.323,7.168,74.710,220.000,240.000,1920.0,1750.2,1680.0,1908.4,1815.0,23.0,5.0,0.0,1.0,88.5,3.6,14.5,0.0,0.0,0.0,46,Yes,No,No,Yes,Yes,No,No,42.4,50.2,5,0,0,0,0,0,0,0,0,131,0,0,0,0,0,0,0,0,0,0,0,0,0,0,0,0,0,0,0,0,942,7250,7106,866,8.0,73.5,91.5,49.8,40.8,40.0,40.0,73.6,93.7,51.4,41.6,40.8,40.8,13.61,20.12,10.96,10.70,25.16,25.16,5.56,8.03,12.81,0.80,1.61,0,0,0.0,0.0,9107,169,0.3,0.5,0,
7.7.2026,20:10:26.648,28139,17855,61.1,18140,14541,55.5,0.6,13312,79,1.303,1.294,1.331,1.325,1.300,1.294,1.294,1.275,1.312,4024.0,4017.8,4042.7,4042.7,4017.8,4017.8,4017.8,3992.8,4042.7,99.8,4012.8,4026.8,4011.2,4011.7,4012.2,4011.4,4011.6,4012.2,4013.0,4010.8,4011.1,4011.8,4012.9,4010.8,4011.5,4012.3,4012.6,4012.8,100.0,100.0,100.0,100.0,100.0,100.0,100.0,100.0,100.0,100.0,100.0,100.0,100.0,100.0,100.0,100.0,100.0,100.0,100.0,111.7,111.7,111.7,111.7,111.7,111.7,111.7,111.7,111.7,111.7,111.7,111.7,111.7,111.7,111.7,111.7,111.7,111.7,40.3,40.2,40.5,40.5,40.2,40.2,40.2,40.0,40.5,0.0,100.0,100.0,100.0,100.0,100.0,100.0,100.0,100.0,100.0,0.0,0.0,0.0,0.0,0.0,0.0,0.0,0.0,0.0,0.0,0.0,0.0,0.0,0.0,0.0,0.0,0.0,0.0,1197.8,12.00,16,16,16,39,55,661,1,80.9,80.9,84.8,77.3,77.5,76.5,79.4,77.6,76.7,76.0,76.9,77.6,67.9,68.0,67.8,58.8,55.1,1.319,1.038,1.325,20.797,11.944,20.806,90.000,49.205,5.960,6.243,5.936,6.671,6.068,5.640,5.137,5.916,6.072,27.417,12.343,39.760,49.210,1197.8,1197.8,4026.8,4026.8,4026.8,4026.8,55.9,34.7,100.0,85.1,56.5,No,No,No,5.074,0.284,8.0,51,95.0,100.0,No,No,91260,99040,33,99.0,No,No,3320,0.0,0.1,0.1,0.054,0.128,22287,19380,0.0,0.0,0.0,0.000,0.000,50,0,64.1,81.3,83.0,0.969,12.112,12.153,12.138,12.044,1599,84.348,34.433,61.212,20.271,59.029,24.954,34.008,0.336,61.212,18.300,5.803,59.202,220.000,240.000,1815.0,1750.2,1590.0,1908.5,1710.0,41.0,8.0,0.0,2.0,88.5,4.7,18.7,0.0,0.0,0.0,46,Yes,No,No,No,No,Yes,No,36.7,38.6,5,0,0,0,0,0,0,0,0,131,0,0,0,0,0,0,0,0,0,0,0,0,0,0,0,0,0,0,0,0,942,7250,7106,866,8.0,64.4,158.7,23.3,16.9,16.4,16.4,64.4,142.8,23.5,17.0,16.5,16.5,15.54,42.69,6.29,6.27,60.59,60.59,5.66,9.87,14.66,0.88,4.36,0,0,0.0,0.0,9107,169,0.5,0.3,0,
7.7.2026,20:10:28.642,28298,17695,61.5,18299,14383,55.9,0.6,13312,79,1.289,1.288,1.294,1.300,1.275,1.269,1.300,1.294,1.294,4014.6,4017.8,4042.7,4017.8,4017.8,3992.8,3992.8,4017.8,4017.8,99.8,4010.9,4027.4,4009.7,4010.3,4011.0,4010.3,4010.5,4010.8,4011.3,4008.2,4008.9,4009.7,4009.8,4008.5,4008.5,4009.5,4009.7,4010.9,100.0,100.0,100.0,100.0,100.0,100.0,100.0,100.0,100.0,100.0,100.0,100.0,100.0,100.0,100.0,100.0,100.0,100.0,100.0,111.6,111.6,111.6,111.6,111.6,111.6,111.6,111.6,111.6,111.6,111.6,111.6,111.6,111.6,111.6,111.6,111.6,111.6,40.2,40.2,40.5,40.2,40.2,40.0,40.0,40.2,40.2,0.0,100.0,100.0,100.0,100.0,100.0,100.0,100.0,100.0,100.0,0.0,0.0,0.0,0.0,0.0,0.0,0.0,0.0,0.0,0.0,0.0,0.0,0.0,0.0,0.0,0.0,0.0,0.0,1197.8,12.00,16,16,16,39,55,661,1,80.9,80.7,83.0,76.8,77.3,76.0,79.8,76.5,76.7,76.1,76.0,76.4,67.4,67.5,67.3,57.0,54.3,1.312,1.038,1.325,20.746,11.935,20.739,90.000,48.958,6.090,6.310,6.005,6.989,5.720,6.048,5.703,6.092,5.854,27.351,12.337,39.688,49.093,1197.8,1197.8,4027.4,4027.4,4027.4,4027.4,55.8,34.6,100.0,84.9,56.8,No,No,No,4.940,0.280,8.0,51,95.0,100.0,No,No,91260,99040,33,99.0,No,No,3320,0.0,0.0,0.0,0.000,0.050,22287,19380,0.0,0.0,0.0,0.000,0.000,50,0,65.4,83.7,83.0,1.075,12.094,12.133,12.126,12.024,1597,98.749,41.258,79.796,26.971,69.311,24.867,44.330,0.336,79.796,16.591,7.563,63.020,220.000,240.000,1920.0,1750.2,1680.0,1884.1,1815.0,40.0,8.0,0.0,2.0,88.5,4.5,18.0,0.0,0.0,0.0,46,Yes,No,No,Yes,Yes,No,No,44.2,42.1,5,0,0,0,0,0,0,0,0,131,0,0,0,0,0,0,0,0,0,0,0,0,0,0,0,0,0,0,0,0,942,7250,7106,866,8.0,71.2,139.1,31.8,30.8,30.6,30.6,71.3,145.0,31.5,31.4,31.4,31.4,14.03,31.25,7.05,7.02,32.40,32.40,5.70,8.34,13.22,0.81,2.79,0,0,0.0,0.0,9107,169,8.6,2.3,0,
7.7.2026,20:10:30.637,28117,17877,61.1,18120,14561,55.4,0.6,13312,79,1.292,1.288,1.288,1.281,1.269,1.281,1.325,1.312,1.294,4020.9,4017.8,4017.8,4017.8,3992.8,4017.8,4042.7,4042.7,4017.8,99.8,4010.8,4025.0,4009.4,4010.1,4010.0,4009.5,4010.0,4010.5,4011.0,4008.1,4008.9,4009.8,4010.5,4009.1,4009.1,4010.5,4010.7,4010.8,100.0,100.0,100.0,100.0,100.0,100.0,100.0,100.0,100.0,100.0,100.0,100.0,100.0,100.0,100.0,100.0,100.0,100.0,100.0,111.6,111.6,111.6,111.6,111.6,111.6,111.6,111.6,111.6,111.6,111.6,111.6,111.6,111.6,111.6,111.6,111.6,111.6,40.3,40.2,40.2,40.2,40.0,40.2,40.5,40.5,40.2,0.0,100.0,100.0,100.0,100.0,100.0,100.0,100.0,100.0,100.0,0.0,0.0,0.0,0.0,0.0,0.0,0.0,0.0,0.0,0.0,0.0,0.0,0.0,0.0,0.0,0.0,0.0,0.0,1197.8,12.00,16,16,16,39,55,661,1,81.2,82.1,80.0,78.7,78.5,77.7,80.3,78.7,78.3,78.8,78.1,79.3,68.1,68.1,68.0,58.0,54.6,1.325,1.031,1.325,23.060,11.903,23.056,90.000,51.990,6.590,6.627,6.336,6.857,6.395,6.496,6.466,6.727,6.819,30.391,12.316,42.708,52.122,1197.8,1197.8,4025.0,4025.0,4025.0,4025.0,59.2,38.4,100.0,86.5,57.7,No,No,No,4.720,0.289,8.0,51,95.0,100.0,No,No,91260,99040,33,99.0,No,No,3320,0.1,0.1,0.2,0.031,0.153,22287,19380,0.0,0.0,0.0,0.000,0.000,50,0,65.4,83.6,83.0,1.075,12.101,12.141,12.132,12.031,1594,96.591,38.844,76.316,25.386,67.112,24.604,42.398,0.336,76.316,16.309,7.603,52.056,220.000,240.000,1920.0,1750.2,1680.0,1908.5,1815.0,37.0,8.0,0.0,2.0,88.5,4.2,16.8,0.0,0.0,0.0,46,Yes,No,No,Yes,Yes,No,No,45.8,47.3,5,0,0,0,0,0,0,0,0,131,0,0,0,0,0,0,0,0,0,0,0,0,0,0,0,0,0,0,0,0,942,7250,7106,866,8.0,68.4,97.4,38.6,34.8,34.4,34.4,68.5,95.5,39.2,35.0,34.6,34.6,14.61,25.75,10.02,9.73,28.93,28.93,5.68,8.93,13.77,0.84,2.96,0,0,0.0,0.0,9107,169,0.6,0.5,0,
7.7.2026,20:10:32.645,28019,17974,60.9,18042,14639,55.2,0.6,13312,79,1.301,1.300,1.300,1.294,1.319,1.294,1.319,1.288,1.294,4020.9,4017.8,4017.8,4017.8,4042.7,4017.8,3992.8,4042.7,4017.8,99.8,4011.1,4025.9,4010.0,4010.4,4010.7,4010.5,4010.7,4011.0,4011.3,4008.1,4009.2,4009.6,4010.7,4008.8,4009.6,4010.5,4010.8,4011.1,100.0,100.0,100.0,100.0,100.0,100.0,100.0,100.0,100.0,100.0,100.0,100.0,100.0,100.0,100.0,100.0,100.0,100.0,100.0,111.6,111.7,111.7,111.7,111.7,111.7,111.7,111.7,111.7,111.6,111.6,111.6,111.6,111.6,111.6,111.6,111.6,111.6,40.3,40.2,40.2,40.2,40.5,40.2,40.0,40.5,40.2,0.0,100.0,100.0,100.0,100.0,100.0,100.0,100.0,100.0,100.0,0.0,0.0,0.0,0.0,0.0,0.0,0.0,0.0,0.0,0.0,0.0,0.0,0.0,0.0,0.0,0.0,0.0,0.0,1197.8,12.00,16,16,16,39,55,661,1,80.9,81.0,79.2,77.8,77.6,77.3,78.7,77.9,77.5,77.9,77.0,78.2,67.9,68.0,67.8,59.0,55.0,1.325,1.031,1.325,21.662,11.930,21.668,90.000,50.210,6.166,6.426,6.249,6.282,5.967,6.162,5.987,6.078,6.176,28.548,12.339,40.887,50.315,1197.8,1197.8,4025.9,4025.9,4025.9,4025.9,57.2,36.1,100.0,85.2,57.3,No,No,No,4.847,0.284,8.0,51,95.0,100.0,No,No,91260,99040,33,99.0,No,No,3320,0.1,0.0,0.1,0.145,0.010,22288,19380,0.0,0.0,0.0,0.000,0.000,50,0,65.5,83.7,83.0,1.075,12.101,12.141,12.132,12.029,1594,97.577,40.738,79.526,26.844,69.151,24.865,44.181,0.336,79.526,16.588,7.082,59.283,220.000,240.000,1920.0,1750.2,1680.0,1892.7,1815.0,40.0,8.0,0.0,2.0,88.5,5.0,20.1,0.0,0.0,0.0,46,Yes,No,No,Yes,Yes,No,No,43.7,41.5,5,0,0,0,0,0,0,0,0,131,0,0,0,0,0,0,0,0,0,0,0,0,0,0,0,0,0,0,0,0,942,7250,7106,866,8.0,71.1,88.9,48.8,39.3,38.4,38.4,71.2,89.7,48.9,39.3,38.5,38.5,14.06,20.79,11.29,10.58,26.17,26.17,5.63,8.41,13.23,0.83,1.55,0,0,0.0,0.0,9107,169,0.9,1.2,0,
7.7.2026,20:10:34.633,28147,17847,61.1,18170,14512,55.5,0.6,13312,79,1.293,1.275,1.300,1.294,1.294,1.294,1.294,1.294,1.300,4014.6,4017.8,3992.8,4017.8,4017.8,4017.8,4017.8,4017.8,4017.8,99.8,4010.1,4025.2,4009.2,4009.6,4010.1,4009.7,4009.8,4010.1,4010.6,4007.0,4007.6,4008.8,4009.6,4007.3,4007.8,4009.2,4009.4,4010.1,100.0,100.0,100.0,100.0,100.0,100.0,100.0,100.0,100.0,100.0,100.0,100.0,100.0,100.0,100.0,100.0,100.0,100.0,100.0,111.6,111.6,111.6,111.6,111.6,111.6,111.6,111.6,111.6,111.6,111.6,111.6,111.6,111.6,111.6,111.6,111.6,111.6,40.2,40.2,40.0,40.2,40.2,40.2,40.2,40.2,40.2,0.0,100.0,100.0,100.0,100.0,100.0,100.0,100.0,100.0,100.0,0.0,0.0,0.0,0.0,0.0,0.0,0.0,0.0,0.0,0.0,0.0,0.0,0.0,0.0,0.0,0.0,0.0,0.0,1197.8,12.00,16,16,16,39,55,661,1,81.4,80.9,82.8,77.6,77.9,77.3,78.0,76.8,77.9,76.7,78.3,78.1,67.7,67.8,67.6,58.2,54.4,1.319,1.031,1.331,21.607,11.933,21.606,90.000,50.116,6.256,6.531,6.371,6.216,5.835,6.280,5.690,6.574,6.554,28.479,12.338,40.817,50.232,1197.8,1197.8,4025.2,4025.2,4025.2,4025.2,57.1,36.0,100.0,85.2,57.4,No,No,No,4.818,0.309,8.0,51,95.0,100.0,No,No,91260,99040,33,99.0,No,No,3320,0.1,0.0,0.1,0.110,0.108,22288,19380,0.0,0.0,0.0,0.000,0.000,50,0,65.8,84.3,83.0,1.075,12.096,12.135,12.128,12.024,1594,99.329,43.048,83.711,28.675,71.908,25.287,46.505,0.336,83.711,16.958,7.116,66.272,220.000,240.000,1920.0,1750.2,1680.0,1908.5,1815.0,40.0,8.0,0.0,2.0,88.5,4.8,19.0,0.0,0.0,0.0,46,Yes,No,No,Yes,Yes,No,No,45.8,48.7,5,0,0,0,0,0,0,0,0,131,0,0,0,0,0,0,0,0,0,0,0,0,0,0,0,0,0,0,0,0,942,7250,7106,866,8.0,74.5,102.9,52.0,40.6,39.6,39.6,74.5,99.2,53.0,42.3,41.3,41.3,13.42,19.12,9.71,9.55,24.90,24.90,5.54,7.88,12.61,0.81,1.43,0,0,0.0,0.0,9107,169,0.4,0.7,0,
7.7.2026,20:10:36.648,28048,17946,60.9,18075,14607,55.3,0.6,13312,79,1.295,1.294,1.294,1.294,1.294,1.294,1.300,1.294,1.300,4017.8,4017.8,4017.8,4017.8,4017.8,4017.8,4017.8,4017.8,4017.8,99.8,4008.3,4022.6,4007.1,4007.6,4008.2,4007.7,4007.5,4008.3,4009.1,4005.7,4006.0,4006.8,4007.7,4006.1,4006.4,4007.3,4008.1,4008.3,100.0,100.0,100.0,100.0,100.0,100.0,100.0,100.0,100.0,100.0,100.0,100.0,100.0,100.0,100.0,100.0,100.0,100.0,100.0,111.6,111.6,111.6,111.6,111.6,111.6,111.6,111.6,111.6,111.5,111.5,111.5,111.5,111.5,111.5,111.5,111.5,111.6,40.2,40.2,40.2,40.2,40.2,40.2,40.2,40.2,40.2,0.0,100.0,100.0,100.0,100.0,100.0,100.0,100.0,100.0,100.0,0.0,0.0,0.0,0.0,0.0,0.0,0.0,0.0,0.0,0.0,0.0,0.0,0.0,0.0,0.0,0.0,0.0,0.0,1197.8,12.00,16,16,16,39,55,661,1,82.0,82.9,83.0,79.6,79.1,78.9,80.5,78.4,80.2,80.1,79.2,80.2,68.4,68.4,68.3,59.2,54.6,1.325,1.038,1.325,23.773,11.878,23.771,90.000,53.043,6.684,6.748,6.707,6.831,6.090,6.921,6.615,6.720,6.839,31.309,12.295,43.604,53.031,1197.8,1197.8,4022.6,4022.6,4022.6,4022.6,60.3,39.6,100.0,87.3,58.3,No,No,No,4.764,0.323,8.0,51,95.0,100.0,No,No,91260,99040,33,99.0,No,No,3320,0.0,0.0,0.0,0.000,0.010,22288,19380,0.0,0.0,0.0,0.000,0.000,50,0,65.5,83.7,83.0,1.075,12.091,12.129,12.124,12.021,1594,98.162,44.860,82.365,28.080,71.034,25.160,45.761,0.336,82.365,16.848,44.471,52.181,220.000,240.000,1920.0,1750.2,1680.0,1908.6,1815.0,40.0,8.0,0.0,2.0,88.5,4.7,18.9,0.0,0.0,0.0,46,Yes,No,No,Yes,Yes,No,No,45.1,41.3,5,0,0,0,0,0,0,0,0,131,0,0,0,0,0,0,0,0,0,0,0,0,0,0,0,0,0,0,0,0,942,7250,7106,866,8.0,75.3,104.8,56.1,52.4,52.0,52.0,75.3,105.2,54.3,52.0,51.7,51.7,13.28,17.86,9.43,9.03,19.18,19.18,5.51,7.77,12.48,0.79,1.69,0,0,0.0,0.0,9107,169,2.8,1.6,0,
7.7.2026,20:10:38.636,28017,17976,60.9,18043,14639,55.2,0.6,13312,79,1.298,1.319,1.294,1.294,1.294,1.294,1.300,1.300,1.294,4020.9,4042.7,4017.8,4017.8,4017.8,4017.8,4017.8,4017.8,4017.8,99.8,4010.8,4025.0,4009.6,4009.9,4010.2,4010.1,4010.4,4011.0,4011.6,4008.1,4008.8,4009.4,4010.4,4008.4,4009.1,4010.0,4010.5,4010.8,100.0,100.0,100.0,100.0,100.0,100.0,100.0,100.0,100.0,100.0,100.0,100.0,100.0,100.0,100.0,100.0,100.0,100.0,100.0,111.6,111.6,111.6,111.6,111.6,111.6,111.6,111.6,111.6,111.6,111.6,111.6,111.6,111.6,111.6,111.6,111.6,111.6,40.3,40.5,40.2,40.2,40.2,40.2,40.2,40.2,40.2,0.0,100.0,100.0,100.0,100.0,100.0,100.0,100.0,100.0,100.0,0.0,0.0,0.0,0.0,0.0,0.0,0.0,0.0,0.0,0.0,0.0,0.0,0.0,0.0,0.0,0.0,0.0,0.0,1197.8,12.00,16,16,16,39,55,661,1,81.6,81.7,79.5,78.4,78.7,78.2,79.7,77.4,78.3,78.0,78.2,79.1,68.2,68.2,68.1,59.2,54.6,1.312,1.031,1.325,22.462,11.901,22.462,90.000,51.235,6.449,6.784,6.787,6.506,5.679,6.229,5.991,6.779,6.836,29.600,12.311,41.911,51.348,1197.8,1197.8,4025.0,4025.0,4025.0,4025.0,58.4,37.4,100.0,86.0,57.1,No,No,No,4.932,0.313,8.0,51,95.0,100.0,No,No,91260,99040,33,99.0,No,No,3320,0.0,0.1,0.1,0.000,0.085,22288,19381,0.0,0.0,0.0,0.000,0.000,50,0,65.4,83.5,83.0,1.075,12.099,12.139,12.130,12.027,1589,97.258,40.803,81.270,27.494,70.271,25.005,45.147,0.336,81.270,16.595,7.388,53.258,220.000,240.000,1920.0,1750.2,1680.0,1909.0,1815.0,39.0,8.0,0.0,2.0,88.5,5.0,20.1,0.0,0.0,0.0,46,Yes,No,No,Yes,Yes,No,No,44.5,50.1,5,0,0,0,0,0,0,0,0,131,0,0,0,0,0,0,0,0,0,0,0,0,0,0,0,0,0,0,0,0,942,7250,7106,852,8.0,74.5,112.0,47.2,40.1,39.4,39.4,74.4,106.8,47.8,40.0,39.3,39.3,13.43,21.11,8.76,6.43,25.25,25.25,5.55,7.88,12.58,0.84,1.88,0,0,0.0,0.0,9107,169,1.3,0.4,0,
7.7.2026,20:10:40.644,28142,17851,61.1,18155,14527,55.5,0.6,13312,79,1.301,1.294,1.312,1.312,1.294,1.294,1.312,1.294,1.294,4024.0,4017.8,4042.7,4017.8,4042.7,4017.8,4017.8,4017.8,4017.8,99.8,4011.3,4026.1,4010.3,4010.6,4011.2,4010.3,4010.5,4011.2,4011.7,4008.9,4009.0,4009.8,4010.7,4009.0,4009.2,4010.9,4010.8,4011.3,100.0,100.0,100.0,100.0,100.0,100.0,100.0,100.0,100.0,100.0,100.0,100.0,100.0,100.0,100.0,100.0,100.0,100.0,100.0,111.6,111.7,111.7,111.7,111.7,111.7,111.7,111.7,111.7,111.6,111.6,111.6,111.6,111.6,111.6,111.6,111.6,111.6,40.3,40.2,40.5,40.2,40.5,40.2,40.2,40.2,40.2,0.0,100.0,100.0,100.0,100.0,100.0,100.0,100.0,100.0,100.0,0.0,0.0,0.0,0.0,0.0,0.0,0.0,0.0,0.0,0.0,0.0,0.0,0.0,0.0,0.0,0.0,0.0,0.0,1197.8,12.00,16,16,16,39,55,661,1,81.6,81.4,82.5,77.7,78.3,77.5,79.6,77.8,77.8,76.2,77.1,77.2,67.9,68.0,67.8,58.5,54.7,1.319,1.031,1.325,21.494,11.911,21.491,90.000,49.953,6.139,6.572,6.419,6.746,6.164,6.132,5.413,5.878,5.787,28.326,12.319,40.644,50.066,1197.8,1197.8,4026.1,4026.1,4026.1,4026.1,56.9,35.8,100.0,85.7,57.0,No,No,No,4.912,0.303,8.0,51,95.0,100.0,No,No,91260,99040,33,99.0,No,No,3320,0.1,0.0,0.1,0.133,0.067,22288,19381,0.0,0.0,0.0,0.000,0.000,50,0,65.0,82.8,83.0,1.075,12.101,12.141,12.133,12.030,1589,91.000,40.901,79.922,26.928,69.487,24.974,44.400,0.336,79.922,16.612,7.414,59.010,220.000,240.000,1920.0,1750.2,1680.0,1877.5,1815.0,36.0,7.0,0.0,2.0,88.5,5.0,20.0,0.0,0.0,0.0,46,Yes,No,No,Yes,Yes,No,No,43.9,42.5,5,0,0,0,0,0,0,0,0,131,0,0,0,0,0,0,0,0,0,0,0,0,0,0,0,0,0,0,0,0,942,7250,7106,861,8.0,68.2,94.3,35.0,33.7,33.5,33.5,68.2,95.2,35.7,33.7,33.5,33.5,14.66,28.61,10.54,9.34,29.88,29.88,5.63,9.04,13.82,0.84,2.54,0,0,0.0,0.0,9107,169,4.6,1.1,0,
7.7.2026,20:10:42.634,28100,17894,61.0,18115,14566,55.4,0.6,13312,79,1.298,1.294,1.319,1.337,1.269,1.306,1.269,1.300,1.294,4014.6,4042.7,3992.8,4042.7,3992.8,4017.8,3992.8,4017.8,4017.8,99.8,4011.3,4026.4,4010.5,4010.6,4011.1,4010.4,4010.6,4011.2,4011.7,4009.0,4009.4,4010.1,4010.8,4008.8,4009.3,4010.3,4010.9,4011.3,100.0,100.0,100.0,100.0,100.0,100.0,100.0,100.0,100.0,100.0,100.0,100.0,100.0,100.0,100.0,100.0,100.0,100.0,100.0,111.7,111.7,111.7,111.7,111.7,111.7,111.7,111.7,111.7,111.6,111.6,111.6,111.6,111.6,111.6,111.6,111.6,111.7,40.2,40.5,40.0,40.5,40.0,40.2,40.0,40.2,40.2,0.0,100.0,100.0,100.0,100.0,100.0,100.0,100.0,100.0,100.0,0.0,0.0,0.0,0.0,0.0,0.0,0.0,0.0,0.0,0.0,0.0,0.0,0.0,0.0,0.0,0.0,0.0,0.0,1197.8,12.00,16,16,16,39,55,661,1,81.1,80.5,80.8,77.3,78.0,77.2,78.2,76.7,77.5,77.6,76.5,76.8,67.8,67.9,67.7,57.0,54.5,1.325,1.031,1.325,21.032,11.922,21.036,90.000,49.408,6.050,6.549,6.324,6.155,5.692,6.211,6.068,5.779,5.626,27.719,12.326,40.045,49.470,1197.8,1197.8,4026.4,4026.4,4026.4,4026.4,56.2,35.1,100.0,84.8,56.9,No,No,No,4.877,0.299,8.0,51,95.0,100.0,No,No,91260,99040,33,99.0,No,No,3320,0.0,0.0,0.0,0.000,0.014,22288,19381,0.0,0.0,0.0,0.000,0.000,50,0,65.5,83.9,83.0,1.075,12.099,12.139,12.131,12.028,1586,98.470,40.561,80.510,27.154,69.739,24.897,44.726,0.336,80.510,16.491,7.284,53.959,220.000,240.000,1920.0,1750.2,1680.0,1908.7,1815.0,38.0,8.0,0.0,2.0,88.5,4.8,19.2,0.0,0.0,0.0,46,Yes,No,No,Yes,Yes,No,No,44.1,46.5,5,0,0,0,0,0,0,0,0,131,0,0,0,0,0,0,0,0,0,0,0,0,0,0,0,0,0,0,0,0,942,7250,7106,861,8.0,71.3,95.3,49.5,38.7,37.7,37.7,71.3,89.1,49.7,40.4,39.6,39.6,14.04,20.37,10.43,10.40,26.43,26.43,5.68,8.35,13.18,0.86,1.72,0,0,0.0,0.0,9107,169,0.3,0.4,0,
7.7.2026,20:10:44.673,28156,17838,61.2,18161,14521,55.5,0.6,13312,79,1.297,1.275,1.319,1.294,1.294,1.294,1.294,1.294,1.312,4017.8,4017.8,4017.8,4017.8,4017.8,4017.8,4017.8,4017.8,4017.8,99.8,4010.4,4024.8,4009.3,4009.6,4010.3,4010.0,4010.0,4010.6,4011.0,4007.4,4008.1,4009.1,4009.9,4008.2,4008.7,4009.9,4009.7,4010.4,100.0,100.0,100.0,100.0,100.0,100.0,100.0,100.0,100.0,100.0,100.0,100.0,100.0,100.0,100.0,100.0,100.0,100.0,100.0,111.6,111.6,111.6,111.6,111.6,111.6,111.6,111.6,111.6,111.6,111.6,111.6,111.6,111.6,111.6,111.6,111.6,111.6,40.2,40.2,40.2,40.2,40.2,40.2,40.2,40.2,40.2,0.0,100.0,100.0,100.0,100.0,100.0,100.0,100.0,100.0,100.0,0.0,0.0,0.0,0.0,0.0,0.0,0.0,0.0,0.0,0.0,0.0,0.0,0.0,0.0,0.0,0.0,0.0,0.0,1197.8,12.00,16,16,16,39,55,661,1,81.5,81.6,83.0,78.1,78.4,78.1,78.3,76.3,78.7,79.4,77.2,78.6,68.0,68.0,67.9,56.2,54.2,1.306,1.038,1.325,22.305,11.908,22.305,90.000,51.021,6.406,6.755,6.733,6.136,5.379,6.826,6.913,6.197,6.310,29.399,12.319,41.718,51.143,1197.8,1197.8,4024.8,4024.8,4024.8,4024.8,58.1,37.2,100.0,85.9,57.5,No,No,No,4.801,0.306,8.0,51,95.0,100.0,No,No,91260,99040,33,99.0,No,No,3320,0.1,0.0,0.1,0.084,0.018,22288,19381,0.0,0.0,0.0,0.000,0.000,50,0,65.2,83.2,83.0,1.075,12.101,12.140,12.132,12.030,1584,95.131,42.253,79.223,26.720,69.131,25.010,44.014,0.336,79.223,16.748,7.142,74.987,220.000,240.000,1920.0,1750.2,1680.0,1909.0,1815.0,37.0,8.0,0.0,2.0,88.5,4.3,17.1,0.0,0.0,0.0,46,Yes,No,No,Yes,Yes,No,No,43.6,50.1,5,0,0,0,0,0,0,0,0,131,0,0,0,0,0,0,0,0,0,0,0,0,0,0,0,0,0,0,0,0,942,7250,7106,862,8.0,72.1,109.8,52.3,43.5,42.7,42.7,72.0,114.0,51.3,43.6,42.9,42.9,13.87,19.10,9.22,6.21,23.28,23.28,5.71,8.18,13.06,0.81,2.00,0,0,0.0,0.0,9107,169,0.2,0.2,0,
7.7.2026,20:10:46.634,28124,17869,61.1,18133,14548,55.4,0.6,13312,79,1.300,1.294,1.288,1.312,1.294,1.319,1.288,1.319,1.288,4027.1,3992.8,4017.8,4042.7,4017.8,4042.7,4042.7,4042.7,4017.8,99.8,4012.4,4027.1,4010.9,4011.7,4011.7,4011.5,4011.4,4012.0,4012.5,4009.7,4010.2,4011.0,4012.0,4010.4,4010.8,4011.8,4013.1,4012.4,100.0,100.0,100.0,100.0,100.0,100.0,100.0,100.0,100.0,100.0,100.0,100.0,100.0,100.0,100.0,100.0,100.0,100.0,100.0,111.7,111.7,111.7,111.7,111.7,111.7,111.7,111.7,111.7,111.7,111.7,111.7,111.7,111.7,111.7,111.7,111.7,111.7,40.3,40.0,40.2,40.5,40.2,40.5,40.5,40.5,40.2,0.0,100.0,100.0,100.0,100.0,100.0,100.0,100.0,100.0,100.0,0.0,0.0,0.0,0.0,0.0,0.0,0.0,0.0,0.0,0.0,0.0,0.0,0.0,0.0,0.0,0.0,0.0,0.0,1197.8,12.00,16,16,16,39,55,661,1,81.0,81.1,77.8,77.5,77.7,77.1,79.4,77.9,77.0,76.6,77.0,77.2,67.9,67.9,67.8,59.0,54.1,1.306,1.038,1.319,21.288,11.926,21.288,90.000,49.744,6.101,6.372,6.211,6.612,6.087,6.030,5.768,6.024,5.706,28.058,12.330,40.388,49.814,1197.8,1197.8,4027.1,4027.1,4027.1,4027.1,56.6,35.5,100.0,85.4,57.0,No,No,No,4.926,0.291,8.0,50,95.0,100.0,No,No,91260,99040,33,99.0,No,No,3320,0.0,0.0,0.0,0.000,0.023,22288,19381,0.0,0.0,0.0,0.000,0.000,50,0,65.0,82.8,83.0,1.056,12.100,12.140,12.131,12.029,1579,95.277,40.729,78.256,26.502,68.712,25.129,43.476,0.336,78.256,17.083,7.322,62.219,220.000,240.000,1905.0,1750.2,1665.0,1907.3,1800.0,39.0,8.0,0.0,2.0,88.5,5.0,19.8,0.0,0.0,0.0,46,Yes,No,No,No,No,Yes,No,43.3,49.7,5,0,0,0,0,0,0,0,0,131,0,0,0,0,0,0,0,0,0,0,0,0,0,0,0,0,0,0,0,0,942,7250,7106,862,8.0,64.6,88.3,24.4,17.2,16.7,16.7,64.6,89.8,24.7,17.2,16.6,16.6,15.49,41.06,11.23,10.58,60.17,60.17,5.73,9.74,14.63,0.86,2.83,0,0,0.0,0.0,9107,169,3.6,17.6,0,
7.7.2026,20:10:48.631,28125,17869,61.1,18144,14538,55.5,0.6,13312,79,1.294,1.294,1.294,1.288,1.269,1.325,1.294,1.294,1.294,4014.6,4017.8,4017.8,4017.8,3992.8,4017.8,4017.8,4017.8,4017.8,99.8,4013.9,4029.2,4012.5,4013.1,4013.8,4012.8,4013.1,4013.7,4014.1,4011.4,4011.8,4012.5,4013.5,4011.9,4012.1,4013.6,4013.0,4013.9,100.0,100.0,100.0,100.0,100.0,100.0,100.0,100.0,100.0,100.0,100.0,100.0,100.0,100.0,100.0,100.0,100.0,100.0,100.0,111.7,111.7,111.7,111.7,111.7,111.7,111.7,111.7,111.7,111.7,111.7,111.7,111.7,111.7,111.7,111.7,111.7,111.7,40.2,40.2,40.2,40.2,40.0,40.2,40.2,40.2,40.2,0.0,100.0,100.0,100.0,100.0,100.0,100.0,100.0,100.0,100.0,0.0,0.0,0.0,0.0,0.0,0.0,0.0,0.0,0.0,0.0,0.0,0.0,0.0,0.0,0.0,0.0,0.0,0.0,1197.8,12.00,16,16,16,39,55,661,1,80.8,80.4,79.8,76.6,77.3,76.1,78.9,77.1,76.6,76.1,75.4,74.9,67.4,67.5,67.3,57.0,54.0,1.300,1.038,1.319,20.462,11.889,20.458,90.000,48.569,5.952,6.392,5.962,6.589,6.035,6.035,5.770,5.668,5.164,26.975,12.287,39.262,48.664,1197.8,1197.8,4029.2,4029.2,4029.2,4029.2,55.3,34.1,100.0,84.7,56.8,No,No,No,4.818,0.254,8.0,51,95.0,100.0,No,No,91260,99040,33,99.0,No,No,3320,0.1,0.1,0.2,0.144,0.194,22288,19381,0.0,0.0,0.0,0.000,0.000,50,0,62.0,78.0,83.0,1.075,12.121,12.164,12.145,12.055,1587,64.124,27.022,52.318,14.195,51.616,22.518,29.065,0.336,52.318,13.803,6.679,27.369,220.000,240.000,1920.0,1750.2,1680.0,1910.9,1815.0,1.0,1.0,0.0,0.0,90.0,1.7,6.7,0.0,0.0,0.0,46,Yes,No,No,Yes,Yes,No,No,31.6,29.3,5,0,0,0,0,0,0,0,0,131,0,0,0,0,0,0,0,0,0,0,0,0,0,0,0,0,0,0,0,0,822,7370,7226,879,8.0,65.7,87.5,33.6,30.7,30.4,30.4,65.6,83.9,33.7,30.8,30.5,30.5,15.22,29.64,11.42,11.04,32.79,32.79,5.86,9.39,14.40,0.82,2.20,0,0,0.0,0.0,9107,169,2.8,0.6,0,
7.7.2026,20:10:50.631,28411,17582,61.7,18249,14432,55.8,0.6,13312,79,1.292,1.288,1.294,1.294,1.288,1.294,1.288,1.300,1.294,4020.9,4017.8,4017.8,4017.8,4042.7,4017.8,4017.8,4017.8,4017.8,99.8,4009.4,4022.3,4006.4,4008.4,4009.2,4009.0,4009.1,4009.4,4009.8,4007.7,4007.7,4008.9,4009.2,4007.8,4008.1,4008.8,4009.2,4009.4,100.0,100.0,100.0,100.0,100.0,100.0,100.0,100.0,100.0,100.0,100.0,100.0,100.0,100.0,100.0,100.0,100.0,100.0,100.0,111.6,111.6,111.6,111.6,111.6,111.6,111.6,111.6,111.6,111.6,111.6,111.6,111.6,111.6,111.6,111.6,111.6,111.6,40.3,40.2,40.2,40.2,40.5,40.2,40.2,40.2,40.2,0.0,100.0,100.0,100.0,100.0,100.0,100.0,100.0,100.0,100.0,0.0,0.0,0.0,0.0,0.0,0.0,0.0,0.0,0.0,0.0,0.0,0.0,0.0,0.0,0.0,0.0,0.0,0.0,1197.8,12.00,16,16,16,39,55,661,1,87.1,84.0,83.8,80.5,80.7,79.9,81.9,80.4,80.5,80.6,79.7,80.3,68.3,68.4,68.2,60.0,54.4,1.306,1.038,1.319,25.497,11.690,25.487,90.000,54.764,6.968,7.101,6.936,7.488,6.958,7.053,7.013,6.655,6.544,33.528,12.107,45.635,55.011,1197.8,1197.8,4022.3,4022.3,4022.3,4022.3,62.5,42.5,100.0,88.4,59.5,No,No,No,4.379,0.078,8.0,51,95.0,100.0,No,No,91260,99040,33,99.0,No,No,3320,2.1,2.5,4.6,5.945,3.713,22302,19389,0.0,0.0,0.0,0.000,0.000,50,0,62.0,78.0,83.0,1.075,12.121,12.164,12.145,12.055,1587,64.124,27.022,52.318,14.195,51.616,22.518,29.065,0.336,52.318,13.803,6.679,27.369,220.000,240.000,1920.0,1750.2,1680.0,1910.9,1815.0,1.0,1.0,0.0,0.0,90.0,1.7,6.7,0.0,0.0,0.0,46,Yes,No,No,Yes,Yes,No,No,31.6,29.3,5,0,0,0,0,0,0,0,0,131,0,0,0,0,0,0,0,0,0,0,0,0,0,0,0,0,0,0,0,0,822,7370,7226,879,8.0,9.2,25.0,4.4,4.3,4.3,4.3,2.5,3.4,2.0,2.0,2.0,2.0,137.28,338.95,40.54,40.39,345.81,345.81,0.32,136.71,108.22,29.06,182.30,0,0,0.0,0.0,9110,169,1349.6,22.3,0,
7.7.2026,20:10:52.630,28390,17603,61.7,18248,14434,55.8,0.6,13312,79,1.297,1.300,1.300,1.300,1.294,1.269,1.300,1.319,1.294,4011.5,4017.8,4017.8,4017.8,4017.8,3992.8,3992.8,4017.8,4017.8,99.8,4012.5,4027.8,4011.6,4011.9,4012.4,4011.5,4011.8,4012.3,4012.7,4008.9,4009.6,4011.3,4011.9,4010.7,4010.8,4011.9,4012.1,4012.5,100.0,100.0,100.0,100.0,100.0,100.0,100.0,100.0,100.0,100.0,100.0,100.0,100.0,100.0,100.0,100.0,100.0,100.0,100.0,111.7,111.7,111.7,111.7,111.7,111.7,111.7,111.7,111.7,111.7,111.7,111.7,111.7,111.7,111.7,111.7,111.7,111.7,40.2,40.2,40.2,40.2,40.2,40.0,40.0,40.2,40.2,0.0,100.0,100.0,100.0,100.0,100.0,100.0,100.0,100.0,100.0,0.0,0.0,0.0,0.0,0.0,0.0,0.0,0.0,0.0,0.0,0.0,0.0,0.0,0.0,0.0,0.0,0.0,0.0,1197.8,12.00,16,16,16,39,55,661,1,84.0,81.7,88.2,78.2,80.0,79.2,80.4,78.6,77.6,77.1,76.7,76.0,68.3,68.5,68.1,58.8,54.2,1.306,1.038,1.319,22.056,11.867,22.075,90.000,50.743,6.211,6.984,6.702,6.859,6.174,6.120,5.806,5.769,5.276,29.047,12.271,41.318,50.775,1197.8,1197.8,4027.8,4027.8,4027.8,4027.8,57.7,36.8,100.0,86.0,57.9,No,No,No,4.788,0.181,8.0,51,95.0,100.0,No,No,91260,99040,33,99.0,No,No,3320,3.1,1.0,4.1,6.336,2.917,22318,19397,0.0,0.0,0.0,0.000,0.000,50,0,60.4,75.7,83.0,0.906,12.133,12.180,12.153,12.065,1582,59.815,19.382,32.421,7.795,40.361,22.333,18.010,0.336,32.421,16.088,4.715,19.334,220.000,240.000,1725.0,1750.2,1500.0,1721.8,1620.0,6.0,2.0,0.0,0.0,87.8,2.6,10.2,0.0,0.0,0.0,46,Yes,No,No,No,No,Yes,No,22.1,26.0,5,0,0,0,0,0,0,0,0,131,0,0,0,0,0,0,0,0,0,0,0,0,0,0,0,0,0,0,0,0,998,7194,7052,869,8.0,60.0,62.9,57.7,57.2,57.1,57.1,56.8,60.2,30.0,30.0,30.0,30.0,16.67,17.68,15.72,15.49,17.92,17.92,0.19,0.05,16.28,0.39,0.34,0,0,0.0,0.0,9110,169,59.6,14.3,0,
7.7.2026,20:10:54.641,28312,17681,61.5,18330,14352,56.0,0.6,13312,79,1.284,1.275,1.275,1.294,1.275,1.281,1.294,1.306,1.275,4008.4,4017.8,4017.8,3992.8,3992.8,3992.8,4017.8,4017.8,4017.8,99.8,4007.5,4023.4,4007.6,4008.5,4008.6,4008.0,4008.0,4008.0,4008.0,4005.8,4006.3,4006.1,4005.9,4004.2,4004.3,4004.4,4003.0,4007.5,100.0,100.0,100.0,100.0,100.0,100.0,100.0,100.0,100.0,100.0,100.0,100.0,100.0,100.0,100.0,100.0,100.0,100.0,100.0,111.6,111.6,111.6,111.6,111.6,111.6,111.6,111.6,111.6,111.6,111.6,111.6,111.6,111.6,111.6,111.6,111.6,111.6,40.2,40.2,40.2,40.0,40.0,40.0,40.2,40.2,40.2,0.0,100.0,100.0,100.0,100.0,100.0,100.0,100.0,100.0,100.0,0.0,0.0,0.0,0.0,0.0,0.0,0.0,0.0,0.0,0.0,0.0,0.0,0.0,0.0,0.0,0.0,0.0,0.0,1197.8,12.00,16,16,16,39,55,661,1,84.2,83.3,85.8,79.2,80.3,78.2,80.7,79.2,79.2,78.9,78.4,78.7,67.9,68.0,67.8,58.2,54.4,1.312,1.038,1.331,23.364,11.677,23.348,90.000,51.958,6.751,6.878,6.043,6.968,6.675,6.563,6.622,6.976,7.280,30.737,12.085,42.822,52.168,1197.8,1197.8,4023.4,4023.4,4023.4,4023.4,59.3,38.9,100.0,87.6,58.5,No,No,No,4.451,0.019,8.0,51,95.0,100.0,No,No,91260,99040,33,99.0,No,No,3320,0.2,0.1,0.3,0.309,0.335,22319,19397,0.0,0.0,0.0,0.000,0.000,50,0,59.5,74.2,83.0,0.906,12.130,12.177,12.150,12.063,1577,48.170,19.188,32.000,7.599,40.072,22.281,17.778,0.336,32.000,16.021,4.768,19.025,220.000,240.000,1725.0,1750.2,1500.0,1724.9,1620.0,3.0,1.0,0.0,0.0,87.8,0.2,0.9,0.0,0.0,0.0,45,Yes,No,No,No,No,Yes,No,21.8,26.8,5,0,0,0,0,0,0,0,0,131,0,0,0,0,0,0,0,0,0,0,0,0,0,0,0,0,0,0,0,0,998,7194,7052,871,8.0,60.0,63.2,56.7,56.6,56.6,56.6,56.5,60.2,30.0,30.0,30.0,30.0,16.67,17.69,15.76,15.55,17.82,17.82,0.22,0.06,16.35,0.32,0.38,0,0,0.0,0.0,9110,169,31.1,15.9,0,
7.7.2026,20:10:56.627,28236,17757,61.3,18264,14418,55.8,0.6,13312,79,1.288,1.275,1.300,1.294,1.294,1.294,1.275,1.300,1.275,4011.5,4017.8,4017.8,4017.8,4017.8,4017.8,3992.8,3992.8,4017.8,99.8,3787.1,4019.5,3914.6,3948.4,3989.1,3886.2,3903.0,3889.5,3864.0,3553.1,3556.4,3745.2,3766.8,3568.2,3663.5,3665.9,3659.6,3787.1,94.6,97.1,97.7,98.6,99.6,97.1,97.5,97.2,96.6,89.1,89.2,93.8,94.4,89.8,92.1,92.3,92.2,99.6,94.6,105.4,108.2,108.9,109.9,111.0,108.1,108.6,108.3,107.6,99.0,99.1,104.4,105.1,99.8,102.4,102.7,102.6,105.4,40.2,40.2,40.2,40.2,40.2,40.2,40.0,40.0,40.2,0.0,99.9,100.0,100.0,100.0,100.0,99.7,99.9,99.6,99.9,0.1,0.0,0.0,0.0,0.0,0.3,0.1,0.4,0.1,0.0,0.0,0.0,0.0,0.0,0.0,0.0,0.0,0.0,1197.8,12.00,16,16,16,39,55,661,1,83.8,83.6,85.2,79.2,78.6,77.8,80.0,79.4,78.9,79.1,78.6,81.3,68.2,68.2,68.1,58.8,54.6,1.294,1.025,1.306,22.609,11.712,22.611,89.895,51.175,6.365,6.092,5.748,6.519,6.531,6.232,6.186,6.448,7.161,29.745,12.118,41.863,51.242,1197.8,1197.8,4020.4,4020.4,4020.4,4020.4,58.2,37.7,99.9,88.0,58.1,No,No,No,4.632,0.018,8.0,51,95.0,100.0,No,No,91260,99040,33,99.0,No,No,3320,0.1,0.1,0.2,0.108,0.228,22319,19398,0.0,0.0,0.0,0.000,0.000,50,0,58.9,73.9,83.0,0.906,12.127,12.173,12.148,12.061,1569,47.758,19.224,32.196,7.669,40.162,22.265,17.886,0.336,32.196,15.983,4.669,18.878,220.000,240.000,1725.0,1750.2,1500.0,1724.9,1620.0,3.0,1.0,0.0,0.0,87.8,0.5,2.1,0.0,0.0,0.0,45,Yes,No,No,No,No,Yes,No,21.9,25.7,5,0,0,0,0,0,0,0,0,131,0,0,0,0,0,0,0,0,0,0,0,0,0,0,0,0,0,0,0,0,998,7194,7052,871,8.0,60.0,64.3,57.0,56.4,56.4,56.4,60.0,60.4,59.4,59.4,59.4,59.4,16.66,17.69,15.38,15.09,17.87,17.87,0.21,0.07,16.29,0.37,0.45,0,0,0.0,0.0,9110,169,0.7,2.2,0,
7.7.2026,20:10:58.627,28202,17792,61.3,18216,14465,55.7,0.6,13312,79,1.295,1.281,1.294,1.294,1.294,1.294,1.300,1.300,1.300,4014.6,3992.8,4017.8,4017.8,4017.8,4017.8,4017.8,4017.8,4017.8,99.8,3426.3,4013.2,3798.6,3813.4,3912.8,3548.6,3665.4,3476.3,3431.5,2888.5,3056.0,3233.5,3246.2,2985.8,3200.4,3262.5,3287.4,3426.3,85.1,90.8,94.8,95.2,97.8,88.7,91.6,86.8,85.7,72.4,76.5,80.7,81.6,75.1,80.0,82.0,82.4,97.8,85.1,94.8,101.1,105.5,106.0,108.9,98.7,101.9,96.7,95.4,80.6,85.1,89.8,90.8,83.5,89.1,91.2,91.7,94.8,40.2,40.0,40.2,40.2,40.2,40.2,40.2,40.2,40.2,0.0,99.4,99.9,99.9,99.8,99.7,97.8,99.4,98.7,99.6,0.6,0.1,0.1,0.2,0.3,2.2,0.6,1.3,0.4,0.0,0.0,0.0,0.0,0.0,0.0,0.0,0.0,0.0,1197.8,12.00,16,16,16,39,55,661,1,83.9,85.2,83.0,80.9,80.8,80.6,81.6,80.1,80.1,80.7,79.5,83.8,68.4,68.5,68.3,57.0,54.1,1.312,1.038,1.331,24.655,11.642,24.657,89.438,53.652,6.812,6.742,6.743,6.978,6.575,6.508,6.517,6.468,7.967,32.381,12.055,44.436,53.769,1197.8,1197.8,4016.1,4016.1,4016.1,4016.1,61.1,41.1,99.4,89.7,59.3,No,No,No,3.983,0.018,8.0,51,95.0,100.0,No,No,91260,99040,33,99.0,No,No,3320,0.1,0.0,0.1,0.141,0.098,22319,19398,0.0,0.0,0.0,0.000,0.000,50,0,58.5,73.2,83.0,0.906,12.126,12.171,12.147,12.061,1559,47.697,19.059,31.840,7.558,39.939,22.240,17.689,0.336,31.840,16.006,4.489,18.654,220.000,240.000,1725.0,1750.2,1500.0,1724.9,1620.0,3.0,1.0,0.0,0.0,87.8,0.2,0.6,0.0,0.0,0.0,45,Yes,No,No,No,No,Yes,No,22.0,26.0,5,0,0,0,0,0,0,0,0,131,0,0,0,0,0,0,0,0,0,0,0,0,0,0,0,0,0,0,0,0,998,7194,7052,871,8.0,60.0,62.8,57.2,56.9,56.9,56.9,60.0,60.3,59.8,59.7,59.7,59.7,16.67,17.52,15.78,15.75,17.53,17.53,0.23,0.10,16.36,0.31,0.40,0,0,0.0,0.0,9110,169,2.5,0.4,0,
7.7.2026,20:11:0.641,27972,18022,60.8,18028,14654,55.1,0.6,13312,79,1.302,1.312,1.300,1.300,1.300,1.300,1.300,1.300,1.300,4020.9,4042.7,4017.8,4017.8,4017.8,4017.8,4017.8,4017.8,4017.8,99.8,2333.5,4003.6,2737.5,3272.4,2953.6,2608.6,2827.4,2576.6,2560.9,1422.0,1673.2,2261.8,2062.6,1931.0,1779.3,1236.9,1429.2,2333.5,56.9,76.0,67.7,80.9,73.5,64.7,70.4,64.3,64.0,35.8,41.4,56.9,51.9,48.8,45.0,32.0,36.7,80.9,56.9,63.6,85.0,75.8,90.5,82.2,72.4,78.8,71.9,71.7,40.1,46.3,63.7,58.0,54.5,50.4,35.8,41.0,63.6,40.3,40.5,40.2,40.2,40.2,40.2,40.2,40.2,40.2,0.0,91.1,99.2,99.6,98.4,98.1,78.7,94.0,86.2,74.4,8.9,0.8,0.4,1.6,1.9,21.3,6.0,13.8,25.6,0.0,0.0,0.0,0.0,0.0,0.0,0.0,0.0,0.0,1197.8,12.00,16,16,16,39,55,661,1,84.0,83.8,81.8,78.1,81.0,81.4,81.0,79.8,75.0,77.2,75.8,74.0,68.0,68.2,67.7,59.2,55.0,1.350,1.038,1.356,21.290,11.467,21.292,81.971,49.206,6.050,7.367,7.639,6.957,6.595,4.531,5.953,5.278,4.083,28.103,11.859,39.962,49.254,1197.8,1197.8,4035.2,4035.3,4035.1,4035.3,56.0,35.5,91.1,88.2,57.7,No,No,No,3.403,0.024,7.3,50,95.0,100.0,No,No,91260,99041,33,99.0,No,No,3320,0.0,0.2,0.3,0.082,2.549,22319,19403,0.0,0.0,0.0,0.000,0.000,50,0,58.1,72.7,83.0,0.906,12.127,12.172,12.147,12.061,1550,47.564,19.041,31.898,7.559,39.916,22.179,17.720,0.336,31.898,15.935,4.585,18.386,220.000,240.000,1725.0,1750.2,1500.0,1724.9,1620.0,4.0,1.0,0.0,0.0,87.8,0.4,1.5,0.0,0.0,0.0,44,Yes,No,No,No,No,Yes,No,21.9,25.7,5,0,0,0,0,0,0,0,0,131,0,0,0,0,0,0,0,0,0,0,0,0,0,0,0,0,0,0,0,0,998,7194,7052,871,8.0,60.0,61.9,57.8,57.7,57.7,57.7,60.0,60.2,59.8,59.8,59.8,59.8,16.66,17.35,16.00,15.98,17.38,17.38,0.19,0.05,16.38,0.28,0.29,0,0,0.0,0.0,9110,169,0.2,0.2,0,
7.7.2026,20:11:2.630,27670,18323,60.1,17692,14990,54.1,0.6,13312,79,1.279,1.306,1.275,1.275,1.275,1.269,1.269,1.269,1.294,4011.5,4042.7,3992.8,3992.8,3992.8,4017.8,4017.8,4017.8,4017.8,99.8,2792.5,4019.4,3147.2,3324.2,3332.4,2966.7,3047.2,2915.9,3034.3,2041.6,2322.8,2701.5,2645.2,2448.8,2519.2,1991.7,2222.9,2792.5,67.8,83.7,77.8,82.6,82.2,73.2,75.1,71.9,74.8,49.9,57.5,66.7,64.9,59.8,62.2,48.6,54.5,83.7,67.8,75.8,93.5,86.9,92.4,91.9,81.9,83.9,80.3,83.6,55.7,64.2,74.5,72.5,66.9,69.4,54.3,60.8,75.8,40.2,40.5,40.0,40.0,40.0,40.2,40.2,40.2,40.2,0.0,95.7,99.7,99.7,98.7,98.7,90.1,97.3,93.6,88.1,4.3,0.3,0.3,1.3,1.3,9.9,2.7,6.4,11.9,0.0,0.0,0.0,0.0,0.0,0.0,0.0,0.0,0.0,1197.8,12.00,16,16,16,39,55,661,1,82.0,80.6,79.8,76.9,78.5,78.4,78.7,77.9,75.3,76.4,75.4,74.4,67.7,67.9,67.5,58.8,54.9,1.344,1.031,1.350,20.574,11.817,20.577,86.158,48.665,5.917,6.580,6.654,6.447,6.278,5.116,5.912,5.525,4.823,27.161,12.213,39.373,48.790,1197.8,1197.8,4033.2,4033.2,4033.2,4033.2,55.4,34.3,95.7,84.8,57.1,No,No,No,4.796,0.335,7.7,51,95.0,100.0,No,No,91260,99041,33,99.0,No,No,3320,23.0,0.1,23.1,82.052,1.167,22475,19405,0.0,0.0,0.0,0.000,0.000,50,0,61.3,78.0,83.0,1.075,12.105,12.146,12.134,12.037,1526,79.229,36.417,68.722,21.911,62.269,24.025,38.178,0.336,68.722,15.664,6.736,57.600,220.000,240.000,1920.0,1750.2,1695.0,1789.2,1830.0,30.0,8.0,0.0,1.0,87.6,5.5,22.0,0.0,0.0,0.0,44,Yes,No,No,Yes,No,No,No,38.4,45.1,5,0,0,0,0,0,0,0,0,131,0,0,0,0,0,0,0,0,0,0,0,0,0,0,0,0,0,0,0,0,1020,7172,7030,873,8.0,71.1,97.2,49.8,46.7,46.4,46.4,71.1,100.3,51.0,47.7,47.3,47.3,14.07,20.62,10.17,10.10,21.78,21.78,5.57,8.50,13.42,0.65,2.27,0,0,0.0,0.0,9110,169,0.9,2.6,0,
7.7.2026,20:11:4.629,27884,18109,60.6,17968,14714,54.9,0.6,13312,79,1.293,1.288,1.300,1.288,1.294,1.294,1.294,1.294,1.294,4017.8,4017.8,4017.8,4017.8,4017.8,4017.8,4017.8,4017.8,4017.8,99.8,3427.6,4021.5,3687.9,3697.6,3689.4,3508.6,3576.3,3501.9,3472.9,3049.5,3185.1,3364.8,3350.5,3255.4,3287.7,3045.7,3147.3,3427.6,84.6,90.9,91.6,92.0,91.7,87.1,88.8,87.0,86.3,75.8,79.1,83.6,83.3,80.9,81.7,75.7,78.3,92.0,84.6,94.5,101.6,102.3,102.7,102.4,97.3,99.2,97.2,96.4,84.7,88.4,93.4,93.0,90.4,91.3,84.5,87.4,94.5,40.2,40.2,40.2,40.2,40.2,40.2,40.2,40.2,40.2,0.0,98.9,99.9,99.9,99.6,99.5,97.4,99.2,98.8,97.3,1.1,0.1,0.1,0.4,0.5,2.6,0.8,1.2,2.7,0.0,0.0,0.0,0.0,0.0,0.0,0.0,0.0,0.0,1197.8,12.00,16,16,16,39,55,661,1,81.6,81.4,80.0,78.3,78.7,78.6,80.1,78.6,77.5,77.9,77.4,77.3,67.9,68.1,67.8,58.8,54.5,1.344,1.038,1.344,22.682,11.858,22.680,89.042,51.481,6.403,6.654,6.654,6.832,6.440,6.079,6.423,6.222,5.920,29.879,12.268,42.147,51.570,1197.8,1197.8,4027.2,4027.2,4027.2,4027.2,58.6,37.8,98.9,85.7,58.2,No,No,No,4.733,0.312,7.9,50,95.0,100.0,No,No,91260,99041,33,99.0,No,No,3320,12.4,0.8,13.3,49.558,6.172,22570,19417,0.0,0.0,0.0,0.000,0.000,50,0,59.9,76.0,83.0,0.906,12.115,12.157,12.139,12.049,1519,70.484,28.527,48.735,15.209,51.666,24.556,27.073,0.336,48.735,18.415,4.718,45.831,220.000,240.000,1725.0,1750.2,1500.0,1809.5,1620.0,37.0,9.0,0.0,2.0,87.1,5.2,20.8,0.0,0.0,0.0,44,Yes,No,No,No,No,Yes,No,30.5,34.6,5,0,0,0,0,0,0,0,0,131,0,0,0,0,0,0,0,0,0,0,0,0,0,0,0,0,0,0,0,0,1056,7136,6993,872,8.0,60.7,109.4,34.0,30.6,30.3,30.3,60.6,113.4,34.0,30.7,30.3,30.3,16.48,29.40,9.24,7.41,32.96,32.96,5.11,11.39,15.57,0.91,3.60,0,0,0.0,0.0,9113,169,1422.4,26.5,0,
7.7.2026,20:11:6.636,28054,17940,60.9,18095,14587,55.3,0.6,13312,79,1.292,1.294,1.288,1.294,1.288,1.294,1.294,1.294,1.294,4017.8,4017.8,4017.8,4017.8,4017.8,4017.8,4017.8,4017.8,4017.8,99.8,3028.7,4014.7,3478.0,3430.0,3589.6,3204.1,3233.1,3152.4,3053.3,2534.3,2564.8,2838.5,2923.4,2680.2,2764.2,2372.2,2626.0,3028.7,73.7,84.3,85.9,84.8,88.7,78.9,79.6,77.6,75.2,62.3,62.9,69.7,72.0,65.7,67.9,58.1,64.6,88.7,73.7,82.3,94.2,95.9,94.8,99.1,88.2,89.0,86.8,84.1,69.6,70.4,78.0,80.5,73.5,76.0,65.1,72.2,82.3,40.2,40.2,40.2,40.2,40.2,40.2,40.2,40.2,40.2,0.0,98.4,99.7,99.8,99.2,99.2,96.9,98.4,97.7,96.1,1.6,0.3,0.2,0.8,0.8,3.1,1.6,2.3,3.9,0.0,0.0,0.0,0.0,0.0,0.0,0.0,0.0,0.0,1197.8,12.00,16,16,16,39,55,661,1,81.8,82.0,80.2,78.4,79.7,80.1,79.7,78.9,77.3,77.6,76.8,76.8,68.1,68.3,68.0,57.5,54.5,1.319,1.031,1.325,22.355,11.819,22.352,88.535,50.922,6.438,7.051,7.281,6.816,6.601,5.879,6.261,5.948,5.663,29.448,12.226,41.674,51.058,1197.8,1197.8,4027.8,4027.8,4027.8,4027.8,58.0,37.3,98.4,86.3,57.1,No,No,No,4.196,0.368,7.9,51,95.0,100.0,No,No,91260,99041,33,99.0,No,No,3320,16.0,0.1,16.1,56.320,0.199,22678,19417,0.0,0.0,0.0,0.000,0.000,50,0,59.7,75.5,83.0,0.906,12.118,12.160,12.141,12.052,1512,68.154,26.407,46.716,14.191,50.264,24.273,25.952,0.336,46.716,18.018,4.918,32.689,220.000,240.000,1725.0,1750.2,1500.0,1720.3,1620.0,35.0,9.0,0.0,2.0,87.5,5.8,23.3,0.0,0.0,0.0,44,Yes,No,No,No,No,Yes,No,29.4,31.3,5,0,0,0,0,0,0,0,0,131,0,0,0,0,0,0,0,0,0,0,0,0,0,0,0,0,0,0,0,0,1024,7168,7025,873,8.0,75.2,107.3,57.5,52.8,52.4,52.4,75.2,107.2,57.3,52.9,52.5,52.5,13.30,17.46,9.70,8.64,19.14,19.14,4.83,8.47,12.67,0.63,1.49,0,0,0.0,0.0,9113,169,0.4,0.4,0,
7.7.2026,20:11:9.090,27468,18525,59.7,18271,14411,55.9,0.6,13312,79,1.326,1.325,1.325,1.325,1.325,1.325,1.325,1.331,1.325,4067.7,4067.7,4067.7,4067.7,4067.7,4067.7,4067.7,4067.7,4067.7,99.8,2329.3,4016.6,3195.3,3037.4,2961.7,2507.1,2584.9,2331.7,2241.9,1764.2,1611.8,2033.1,2007.2,1856.6,1854.6,1636.3,1628.1,2329.3,55.6,75.0,78.5,74.9,72.8,61.4,63.3,57.2,55.0,43.3,39.4,49.8,49.2,45.3,45.3,40.1,39.8,78.5,55.6,62.1,84.0,88.0,83.9,81.5,68.7,70.8,63.9,61.3,48.3,43.8,55.5,54.8,50.5,50.5,44.7,44.3,62.2,40.8,40.8,40.8,40.8,40.8,40.8,40.8,40.8,40.8,0.0,87.3,99.3,99.1,92.2,88.2,78.8,82.5,80.4,78.3,12.7,0.7,0.9,7.8,11.8,21.2,17.5,19.6,21.7,0.0,0.0,0.0,0.0,0.0,0.0,0.0,0.0,0.0,1197.8,12.00,16,16,16,39,55,661,1,81.8,81.8,81.5,77.9,79.3,79.2,79.8,78.7,76.5,77.5,76.1,75.9,67.9,68.0,67.7,59.0,54.5,1.325,1.031,1.325,22.050,11.844,22.051,88.326,50.649,6.341,6.952,7.043,6.833,6.640,5.723,6.292,5.776,5.469,29.081,12.250,41.331,50.754,1197.8,1197.8,4030.3,4030.3,4030.3,4030.3,57.7,36.8,98.1,86.1,57.1,No,No,No,4.548,0.512,7.9,51,95.0,100.0,No,No,91260,99041,33,99.0,No,No,3320,8.6,0.0,8.6,33.008,0.024,22741,19417,0.0,0.0,0.0,0.000,0.000,50,0,66.7,87.5,83.0,1.075,12.053,12.099,12.095,11.964,1501,114.929,63.727,122.934,44.173,103.984,28.343,75.402,0.336,122.934,25.127,14.297,99.734,220.000,240.000,1920.0,1750.2,1680.0,1917.0,1815.0,81.0,16.0,0.0,5.0,79.7,8.4,33.5,0.0,0.0,0.0,44,Yes,No,No,Yes,Yes,No,No,67.3,73.3,5,0,0,0,0,0,0,0,0,131,0,0,0,0,0,0,0,0,0,0,0,0,0,0,0,0,0,0,0,0,1664,6528,6385,874,8.0,70.1,101.4,23.6,20.6,20.3,20.3,69.7,104.4,23.4,20.7,20.4,20.4,14.27,42.24,9.46,9.28,48.90,48.90,8.25,6.10,13.48,0.79,3.12,0,0,0.0,0.0,9113,169,0.3,0.5,0,
7.7.2026,20:11:10.784,26893,19100,58.4,18277,14404,55.9,0.6,13312,79,1.313,1.319,1.312,1.312,1.312,1.312,1.312,1.312,1.312,4042.7,4042.7,4042.7,4042.7,4042.7,4042.7,4042.7,4042.7,4042.7,99.8,2351.0,3994.7,2691.3,3176.5,2678.3,2591.5,2522.8,2563.2,2221.9,1856.9,1736.6,2352.0,2013.2,2089.1,1903.0,1595.2,1629.7,2351.0,55.8,79.6,65.4,77.9,65.1,62.8,61.1,62.2,53.5,44.6,41.6,56.9,48.4,50.2,45.8,38.2,39.2,79.6,55.8,62.7,89.2,73.5,87.4,73.2,70.6,68.6,69.9,60.2,50.3,46.9,63.9,54.5,56.5,51.5,43.1,44.3,62.7,40.5,40.5,40.5,40.5,40.5,40.5,40.5,40.5,40.5,0.0,95.3,98.9,98.8,97.2,96.5,92.4,94.5,93.5,90.4,4.7,1.1,1.2,2.8,3.5,7.6,5.5,6.5,9.6,0.0,0.0,0.0,0.0,0.0,0.0,0.0,0.0,0.0,1197.8,12.00,16,16,16,39,55,661,1,81.5,80.6,80.0,76.1,78.5,78.7,78.0,76.9,74.3,74.9,74.2,73.5,67.5,67.8,67.2,58.8,54.2,1.337,1.031,1.344,20.912,11.589,20.904,85.746,48.619,6.087,7.236,7.406,6.647,6.344,5.124,5.737,5.438,4.765,27.661,11.981,39.642,48.947,1197.8,1197.8,4038.9,4039.3,4038.5,4039.3,55.6,34.8,95.3,84.8,56.6,No,No,No,2.608,0.657,7.6,51,95.0,100.0,No,No,91260,99041,33,99.0,No,No,3320,0.1,3.5,3.6,0.110,9.076,22743,19524,0.0,0.0,0.0,0.000,0.000,50,0,62.7,80.0,83.0,1.075,12.085,12.124,12.120,12.013,1503,88.778,50.004,89.428,31.389,76.039,26.223,49.681,0.336,89.428,18.063,49.807,69.650,220.000,240.000,1920.0,1750.2,1695.0,1908.9,1830.0,42.0,8.0,0.0,3.0,77.3,7.1,28.5,0.0,0.0,0.0,44,Yes,No,No,Yes,No,No,No,48.9,45.6,5,0,0,0,0,0,0,0,0,131,0,0,0,0,0,0,0,0,0,0,0,0,0,0,0,0,0,0,0,0,1863,6329,6186,894,8.0,239.5,282.2,204.8,204.7,204.8,204.7,41.6,122.2,7.7,6.4,6.3,6.3,4.18,5.18,3.26,2.59,5.30,5.41,0.37,0.11,3.94,0.24,3.13,0,0,0.0,0.0,9124,170,0.4,0.7,0,
Date,Time,"Virtual Memory Committed [MB]","Virtual Memory Available [MB]","Virtual Memory Load [%]","Physical Memory Used [MB]","Physical Memory Available [MB]","Physical Memory Load [%]","Page File Usage [%]","Page File Total [MB]","Page File Used [MB]","Core VIDs (avg) [V]","Core 0 VID [V]","Core 1 VID [V]","Core 2 VID [V]","Core 3 VID [V]","Core 4 VID [V]","Core 5 VID [V]","Core 6 VID [V]","Core 7 VID [V]","Core Clocks (avg) [MHz]","Core 0 Clock (perf #1/4) [MHz]","Core 1 Clock (perf #1/3) [MHz]","Core 2 Clock (perf #2/6) [MHz]","Core 3 Clock (perf #3/5) [MHz]","Core 4 Clock (perf #6/8) [MHz]","Core 5 Clock (perf #4/2) [MHz]","Core 6 Clock (perf #5/1) [MHz]","Core 7 Clock (perf #7/7) [MHz]","Bus Clock [MHz]","Core Effective Clocks (avg) [MHz]","Core 0 T0 Effective Clock [MHz]","Core 0 T1 Effective Clock [MHz]","Core 1 T0 Effective Clock [MHz]","Core 1 T1 Effective Clock [MHz]","Core 2 T0 Effective Clock [MHz]","Core 2 T1 Effective Clock [MHz]","Core 3 T0 Effective Clock [MHz]","Core 3 T1 Effective Clock [MHz]","Core 4 T0 Effective Clock [MHz]","Core 4 T1 Effective Clock [MHz]","Core 5 T0 Effective Clock [MHz]","Core 5 T1 Effective Clock [MHz]","Core 6 T0 Effective Clock [MHz]","Core 6 T1 Effective Clock [MHz]","Core 7 T0 Effective Clock [MHz]","Core 7 T1 Effective Clock [MHz]","Average Effective Clock [MHz]","Core Usage (avg) [%]","Core 0 T0 Usage [%]","Core 0 T1 Usage [%]","Core 1 T0 Usage [%]","Core 1 T1 Usage [%]","Core 2 T0 Usage [%]","Core 2 T1 Usage [%]","Core 3 T0 Usage [%]","Core 3 T1 Usage [%]","Core 4 T0 Usage [%]","Core 4 T1 Usage [%]","Core 5 T0 Usage [%]","Core 5 T1 Usage [%]","Core 6 T0 Usage [%]","Core 6 T1 Usage [%]","Core 7 T0 Usage [%]","Core 7 T1 Usage [%]","Max CPU/Thread Usage [%]","Total CPU Usage [%]","Core Utility (avg) [%]","Core 0 T0 Utility [%]","Core 0 T1 Utility [%]","Core 1 T0 Utility [%]","Core 1 T1 Utility [%]","Core 2 T0 Utility [%]","Core 2 T1 Utility [%]","Core 3 T0 Utility [%]","Core 3 T1 Utility [%]","Core 4 T0 Utility [%]","Core 4 T1 Utility [%]","Core 5 T0 Utility [%]","Core 5 T1 Utility [%]","Core 6 T0 Utility [%]","Core 6 T1 Utility [%]","Core 7 T0 Utility [%]","Core 7 T1 Utility [%]","Total CPU Utility [%]","Core Ratios (avg) [x]","Core 0 Ratio [x]","Core 1 Ratio [x]","Core 2 Ratio [x]","Core 3 Ratio [x]","Core 4 Ratio [x]","Core 5 Ratio [x]","Core 6 Ratio [x]","Core 7 Ratio [x]","Package C6 Residency [%]","Core C0 Residency (avg) [%]","Core 0 C0 Residency [%]","Core 1 C0 Residency [%]","Core 2 C0 Residency [%]","Core 3 C0 Residency [%]","Core 4 C0 Residency [%]","Core 5 C0 Residency [%]","Core 6 C0 Residency [%]","Core 7 C0 Residency [%]","Core C1 Residency (avg) [%]","Core 0 C1 Residency [%]","Core 1 C1 Residency [%]","Core 2 C1 Residency [%]","Core 3 C1 Residency [%]","Core 4 C1 Residency [%]","Core 5 C1 Residency [%]","Core 6 C1 Residency [%]","Core 7 C1 Residency [%]","Core C6 Residency (avg) [%]","Core 0 C6 Residency [%]","Core 1 C6 Residency [%]","Core 2 C6 Residency [%]","Core 3 C6 Residency [%]","Core 4 C6 Residency [%]","Core 5 C6 Residency [%]","Core 6 C6 Residency [%]","Core 7 C6 Residency [%]","Memory Clock [MHz]","Memory Clock Ratio [x]","Tcas [T]","Trcd [T]","Trp [T]","Tras [T]","Trc [T]","Trfc [T]","Command Rate [T]","CPU (Tctl/Tdie) [°C]","CPU Die (average) [°C]","CPU CCD1 (Tdie) [°C]","Core Temperatures (avg) [°C]","Core0 (CCD1) [°C]","Core1 (CCD1) [°C]","Core2 (CCD1) [°C]","Core3 (CCD1) [°C]","Core4 (CCD1) [°C]","Core5 (CCD1) [°C]","Core6 (CCD1) [°C]","Core7 (CCD1) [°C]","L3 Temperatures (avg) [°C]","L3 Cache (CCD1:CCX1) [°C]","L3 Cache (CCD1:CCX2) [°C]","CPU IOD Hotspot [°C]","CPU IOD Average [°C]","CPU Core Voltage (SVI2 TFN) [V]","SoC Voltage (SVI2 TFN) [V]","CPU Core VID (Effective) [V]","CPU Core Current (SVI2 TFN) [A]","SoC Current (SVI2 TFN) [A]","CPU TDC [A]","CPU EDC [A]","CPU Package Power [W]","Core Powers (avg) [W]","Core 0 Power [W]","Core 1 Power [W]","Core 2 Power [W]","Core 3 Power [W]","Core 4 Power [W]","Core 5 Power [W]","Core 6 Power [W]","Core 7 Power [W]","CPU Core Power (SVI2 TFN) [W]","CPU SoC Power (SVI2 TFN) [W]","Core+SoC Power (SVI2 TFN) [W]","CPU PPT [W]","Infinity Fabric Clock (FCLK) [MHz]","Memory Controller Clock (UCLK) [MHz]","L3 Clocks (avg) [MHz]","L3 Cache (CCD1:CCX1) [MHz]","L3 Cache (CCD1:CCX2) [MHz]","Frequency Limit - Global [MHz]","CPU PPT Limit [%]","CPU TDC Limit [%]","CPU EDC Limit [%]","Thermal Limit [%]","Power Reporting Deviation (Accuracy) [%]","Thermal Throttling (HTC) [Yes/No]","Thermal Throttling (PROCHOT CPU) [Yes/No]","Thermal Throttling (PROCHOT EXT) [Yes/No]","DRAM Read Bandwidth [Gbps]","DRAM Write Bandwidth [Gbps]","Average Active Core Count []","Drive Temperature [°C]","Drive Remaining Life [%]","Drive Available Spare [%]","Drive Failure [Yes/No]","Drive Warning [Yes/No]","Total Host Writes [GB]","Total Host Reads [GB]","Drive Airflow Temperature [°C]","Drive Remaining Life [%]","Drive Failure [Yes/No]","Drive Warning [Yes/No]","Total Host Writes [GB]","Read Activity [%]","Write Activity [%]","Total Activity [%]","Read Rate [MB/s]","Write Rate [MB/s]","Read Total [MB]","Write Total [MB]","Read Activity [%]","Write Activity [%]","Total Activity [%]","Read Rate [MB/s]","Write Rate [MB/s]","Read Total [MB]","Write Total [MB]","GPU Temperature [°C]","GPU Hot Spot Temperature [°C]","GPU Thermal Limit [°C]","GPU Core Voltage [V]","GPU Rail Voltages (avg) [V]","GPU PCIe +12V Input Voltage [V]","GPU 8-pin #1 Input Voltage [V]","GPU Misc0 Input Voltage [V]","GPU Fan1 [RPM]","GPU Power [W]","GPU Rail Powers (avg) [W]","GPU Core (NVVDD) Input Power (sum) [W]","GPU PCIe +12V Input Power [W]","GPU 8-pin #1 Input Power [W]","GPU Misc0 Input Power [W]","GPU Core (NVVDD1) Input Power (sum) [W]","GPU PCIe +3.3V Input Power (est) [W]","GPU Core (NVVDD) Input Power (sum) [W]","GPU Input PP Source Power (sum) [W]","GPU Core (NVVDD) Output Power [W]","GPU Core (NVVDD) Output Power [W]","GPU Power Limit (rated) [W]","GPU Power Limit (max) [W]","GPU Clock [MHz]","GPU Memory Clock [MHz]","GPU Video Clock [MHz]","GPU Effective Clock [MHz]","GPU Crossbar Clock [MHz]","GPU Core Load [%]","GPU Memory Controller Load [%]","GPU Video Engine Load [%]","GPU Bus Load [%]","GPU Memory Usage [%]","GPU D3D Usages (avg) [%]","GPU D3D Usage [%]","GPU Video Decode 0 Usage [%]","GPU Video Encode 0 Usage [%]","GPU VR Usage [%]","GPU Fan1 [%]","GPU Performance Limiters (avg) [Yes/No]","Performance Limit - Power [Yes/No]","Performance Limit - Thermal [Yes/No]","Performance Limit - Reliability Voltage [Yes/No]","Performance Limit - Max Operating Voltage [Yes/No]","Performance Limit - Utilization [Yes/No]","Performance Limit - SLI GPUBoost Sync [Yes/No]","Total GPU Power [% of TDP] [%]","Total GPU Power (normalized) [% of TDP] [%]","PCI Express Error Counters (avg) []","Receiver Errors []","Replay Count []","Replay Rollover Count []","Bad DLLP Count []","Bad TLP Count []","LCRC Error Count []","NAKs Sent Count []","NAKs Received Count []","Recovery Count []","Correctable Error Count []","Non-Fatal Error Count []","Fatal Error Count []","Unsupported Request Count []","PCIe Lane 0 Errors []","PCIe Lane 1 Errors []","PCIe Lane 2 Errors []","PCIe Lane 3 Errors []","PCIe Lane 4 Errors []","PCIe Lane 5 Errors []","PCIe Lane 6 Errors []","PCIe Lane 7 Errors []","PCIe Lane 8 Errors []","PCIe Lane 9 Errors []","PCIe Lane 10 Errors []","PCIe Lane 11 Errors []","PCIe Lane 12 Errors []","PCIe Lane 13 Errors []","PCIe Lane 14 Errors []","PCIe Lane 15 Errors []","GPU Memory Available [MB]","GPU Memory Allocated [MB]","GPU D3D Memory Dedicated [MB]","GPU D3D Memory Dynamic [MB]","PCIe Link Speed [GT/s]","Framerate Presented (avg) [FPS]","Framerate Presented (99%) [FPS]","Framerate Presented (1%) [FPS]","Framerate Presented (0.1%) [FPS]","Framerate Presented (1% low) [FPS]","Framerate Presented (0.1% low) [FPS]","Framerate Displayed (avg) [FPS]","Framerate Displayed (99%) [FPS]","Framerate Displayed (1%) [FPS]","Framerate Displayed (0.1%) [FPS]","Framerate Displayed (1% low) [FPS]","Framerate Displayed (0.1% low) [FPS]","Frame Time Presented (avg) [ms]","Frame Time Presented (99%) [ms]","Frame Time Presented (1%) [ms]","Frame Time Presented (0.1%) [ms]","Frame Time Displayed (1% high) [ms]","Frame Time Displayed (0.1% high) [ms]","GPU Busy (avg) [ms]","GPU Wait (avg) [ms]","CPU Busy (avg) [ms]","CPU Wait (avg) [ms]","Animation Error (avg) [ms]","Total DL [MB]","Total UP [MB]","Current DL rate [KB/s]","Current UP rate [KB/s]","Total DL [MB]","Total UP [MB]","Current DL rate [KB/s]","Current UP rate [KB/s]","Total Errors []",
,,System: HP OMEN 25L Desktop GT12-0xxx,System: HP OMEN 25L Desktop GT12-0xxx,System: HP OMEN 25L Desktop GT12-0xxx,System: HP OMEN 25L Desktop GT12-0xxx,System: HP OMEN 25L Desktop GT12-0xxx,System: HP OMEN 25L Desktop GT12-0xxx,System: HP OMEN 25L Desktop GT12-0xxx,System: HP OMEN 25L Desktop GT12-0xxx,System: HP OMEN 25L Desktop GT12-0xxx,CPU [#0]: AMD Ryzen 7 3700X,CPU [#0]: AMD Ryzen 7 3700X,CPU [#0]: AMD Ryzen 7 3700X,CPU [#0]: AMD Ryzen 7 3700X,CPU [#0]: AMD Ryzen 7 3700X,CPU [#0]: AMD Ryzen 7 3700X,CPU [#0]: AMD Ryzen 7 3700X,CPU [#0]: AMD Ryzen 7 3700X,CPU [#0]: AMD Ryzen 7 3700X,CPU [#0]: AMD Ryzen 7 3700X,CPU [#0]: AMD Ryzen 7 3700X,CPU [#0]: AMD Ryzen 7 3700X,CPU [#0]: AMD Ryzen 7 3700X,CPU [#0]: AMD Ryzen 7 3700X,CPU [#0]: AMD Ryzen 7 3700X,CPU [#0]: AMD Ryzen 7 3700X,CPU [#0]: AMD Ryzen 7 3700X,CPU [#0]: AMD Ryzen 7 3700X,CPU [#0]: AMD Ryzen 7 3700X,CPU [#0]: AMD Ryzen 7 3700X,CPU [#0]: AMD Ryzen 7 3700X,CPU [#0]: AMD Ryzen 7 3700X,CPU [#0]: AMD Ryzen 7 3700X,CPU [#0]: AMD Ryzen 7 3700X,CPU [#0]: AMD Ryzen 7 3700X,CPU [#0]: AMD Ryzen 7 3700X,CPU [#0]: AMD Ryzen 7 3700X,CPU [#0]: AMD Ryzen 7 3700X,CPU [#0]: AMD Ryzen 7 3700X,CPU [#0]: AMD Ryzen 7 3700X,CPU [#0]: AMD Ryzen 7 3700X,CPU [#0]: AMD Ryzen 7 3700X,CPU [#0]: AMD Ryzen 7 3700X,CPU [#0]: AMD Ryzen 7 3700X,CPU [#0]: AMD Ryzen 7 3700X,CPU [#0]: AMD Ryzen 7 3700X,CPU [#0]: AMD Ryzen 7 3700X,CPU [#0]: AMD Ryzen 7 3700X,CPU [#0]: AMD Ryzen 7 3700X,CPU [#0]: AMD Ryzen 7 3700X,CPU [#0]: AMD Ryzen 7 3700X,CPU [#0]: AMD Ryzen 7 3700X,CPU [#0]: AMD Ryzen 7 3700X,CPU [#0]: AMD Ryzen 7 3700X,CPU [#0]: AMD Ryzen 7 3700X,CPU [#0]: AMD Ryzen 7 3700X,CPU [#0]: AMD Ryzen 7 3700X,CPU [#0]: AMD Ryzen 7 3700X,CPU [#0]: AMD Ryzen 7 3700X,CPU [#0]: AMD Ryzen 7 3700X,CPU [#0]: AMD Ryzen 7 3700X,CPU [#0]: AMD Ryzen 7 3700X,CPU [#0]: AMD Ryzen 7 3700X,CPU [#0]: AMD Ryzen 7 3700X,CPU [#0]: AMD Ryzen 7 3700X,CPU [#0]: AMD Ryzen 7 3700X,CPU [#0]: AMD Ryzen 7 3700X,CPU [#0]: AMD Ryzen 7 3700X,CPU [#0]: AMD Ryzen 7 3700X,CPU [#0]: AMD Ryzen 7 3700X,CPU [#0]: AMD Ryzen 7 3700X,CPU [#0]: AMD Ryzen 7 3700X,CPU [#0]: AMD Ryzen 7 3700X,CPU [#0]: AMD Ryzen 7 3700X,CPU [#0]: AMD Ryzen 7 3700X,CPU [#0]: AMD Ryzen 7 3700X,CPU [#0]: AMD Ryzen 7 3700X,CPU [#0]: AMD Ryzen 7 3700X,CPU [#0]: AMD Ryzen 7 3700X,CPU [#0]: AMD Ryzen 7 3700X,CPU [#0]: AMD Ryzen 7 3700X,CPU [#0]: AMD Ryzen 7 3700X,CPU [#0]: AMD Ryzen 7 3700X,CPU [#0]: AMD Ryzen 7 3700X,CPU [#0]: AMD Ryzen 7 3700X,CPU [#0]: AMD Ryzen 7 3700X,CPU [#0]: AMD Ryzen 7 3700X,CPU [#0]: AMD Ryzen 7 3700X,CPU [#0]: AMD Ryzen 7 3700X,CPU [#0]: AMD Ryzen 7 3700X,CPU [#0]: AMD Ryzen 7 3700X,CPU [#0]: AMD Ryzen 7 3700X,CPU [#0]: AMD Ryzen 7 3700X,CPU [#0]: AMD Ryzen 7 3700X: C-State Residency,CPU [#0]: AMD Ryzen 7 3700X: C-State Residency,CPU [#0]: AMD Ryzen 7 3700X: C-State Residency,CPU [#0]: AMD Ryzen 7 3700X: C-State Residency,CPU [#0]: AMD Ryzen 7 3700X: C-State Residency,CPU [#0]: AMD Ryzen 7 3700X: C-State Residency,CPU [#0]: AMD Ryzen 7 3700X: C-State Residency,CPU [#0]: AMD Ryzen 7 3700X: C-State Residency,CPU [#0]: AMD Ryzen 7 3700X: C-State Residency,CPU [#0]: AMD Ryzen 7 3700X: C-State Residency,CPU [#0]: AMD Ryzen 7 3700X: C-State Residency,CPU [#0]: AMD Ryzen 7 3700X: C-State Residency,CPU [#0]: AMD Ryzen 7 3700X: C-State Residency,CPU [#0]: AMD Ryzen 7 3700X: C-State Residency,CPU [#0]: AMD Ryzen 7 3700X: C-State Residency,CPU [#0]: AMD Ryzen 7 3700X: C-State Residency,CPU [#0]: AMD Ryzen 7 3700X: C-State Residency,CPU [#0]: AMD Ryzen 7 3700X: C-State Residency,CPU [#0]: AMD Ryzen 7 3700X: C-State Residency,CPU [#0]: AMD Ryzen 7 3700X: C-State Residency,CPU [#0]: AMD Ryzen 7 3700X: C-State Residency,CPU [#0]: AMD Ryzen 7 3700X: C-State Residency,CPU [#0]: AMD Ryzen 7 3700X: C-State Residency,CPU [#0]: AMD Ryzen 7 3700X: C-State Residency,CPU [#0]: AMD Ryzen 7 3700X: C-State Residency,CPU [#0]: AMD Ryzen 7 3700X: C-State Residency,CPU [#0]: AMD Ryzen 7 3700X: C-State Residency,CPU [#0]: AMD Ryzen 7 3700X: C-State Residency,Memory Timings,Memory Timings,Memory Timings,Memory Timings,Memory Timings,Memory Timings,Memory Timings,Memory Timings,Memory Timings,CPU [#0]: AMD Ryzen 7 3700X: Enhanced,CPU [#0]: AMD Ryzen 7 3700X: Enhanced,CPU [#0]: AMD Ryzen 7 3700X: Enhanced,CPU [#0]: AMD Ryzen 7 3700X: Enhanced,CPU [#0]: AMD Ryzen 7 3700X: Enhanced,CPU [#0]: AMD Ryzen 7 3700X: Enhanced,CPU [#0]: AMD Ryzen 7 3700X: Enhanced,CPU [#0]: AMD Ryzen 7 3700X: Enhanced,CPU [#0]: AMD Ryzen 7 3700X: Enhanced,CPU [#0]: AMD Ryzen 7 3700X: Enhanced,CPU [#0]: AMD Ryzen 7 3700X: Enhanced,CPU [#0]: AMD Ryzen 7 3700X: Enhanced,CPU [#0]: AMD Ryzen 7 3700X: Enhanced,CPU [#0]: AMD Ryzen 7 3700X: Enhanced,CPU [#0]: AMD Ryzen 7 3700X: Enhanced,CPU [#0]: AMD Ryzen 7 3700X: Enhanced,CPU [#0]: AMD Ryzen 7 3700X: Enhanced,CPU [#0]: AMD Ryzen 7 3700X: Enhanced,CPU [#0]: AMD Ryzen 7 3700X: Enhanced,CPU [#0]: AMD Ryzen 7 3700X: Enhanced,CPU [#0]: AMD Ryzen 7 3700X: Enhanced,CPU [#0]: AMD Ryzen 7 3700X: Enhanced,CPU [#0]: AMD Ryzen 7 3700X: Enhanced,CPU [#0]: AMD Ryzen 7 3700X: Enhanced,CPU [#0]: AMD Ryzen 7 3700X: Enhanced,CPU [#0]: AMD Ryzen 7 3700X: Enhanced,CPU [#0]: AMD Ryzen 7 3700X: Enhanced,CPU [#0]: AMD Ryzen 7 3700X: Enhanced,CPU [#0]: AMD Ryzen 7 3700X: Enhanced,CPU [#0]: AMD Ryzen 7 3700X: Enhanced,CPU [#0]: AMD Ryzen 7 3700X: Enhanced,CPU [#0]: AMD Ryzen 7 3700X: Enhanced,CPU [#0]: AMD Ryzen 7 3700X: Enhanced,CPU [#0]: AMD Ryzen 7 3700X: Enhanced,CPU [#0]: AMD Ryzen 7 3700X: Enhanced,CPU [#0]: AMD Ryzen 7 3700X: Enhanced,CPU [#0]: AMD Ryzen 7 3700X: Enhanced,CPU [#0]: AMD Ryzen 7 3700X: Enhanced,CPU [#0]: AMD Ryzen 7 3700X: Enhanced,CPU [#0]: AMD Ryzen 7 3700X: Enhanced,CPU [#0]: AMD Ryzen 7 3700X: Enhanced,CPU [#0]: AMD Ryzen 7 3700X: Enhanced,CPU [#0]: AMD Ryzen 7 3700X: Enhanced,CPU [#0]: AMD Ryzen 7 3700X: Enhanced,CPU [#0]: AMD Ryzen 7 3700X: Enhanced,CPU [#0]: AMD Ryzen 7 3700X: Enhanced,CPU [#0]: AMD Ryzen 7 3700X: Enhanced,CPU [#0]: AMD Ryzen 7 3700X: Enhanced,CPU [#0]: AMD Ryzen 7 3700X: Enhanced,CPU [#0]: AMD Ryzen 7 3700X: Enhanced,CPU [#0]: AMD Ryzen 7 3700X: Enhanced,CPU [#0]: AMD Ryzen 7 3700X: Enhanced,CPU [#0]: AMD Ryzen 7 3700X: Enhanced,CPU [#0]: AMD Ryzen 7 3700X: Enhanced,CPU [#0]: AMD Ryzen 7 3700X: Enhanced,S.M.A.R.T.: WDBRPG0010BNC-WRSN (21110V802526) [C:],S.M.A.R.T.: WDBRPG0010BNC-WRSN (21110V802526) [C:],S.M.A.R.T.: WDBRPG0010BNC-WRSN (21110V802526) [C:],S.M.A.R.T.: WDBRPG0010BNC-WRSN (21110V802526) [C:],S.M.A.R.T.: WDBRPG0010BNC-WRSN (21110V802526) [C:],S.M.A.R.T.: WDBRPG0010BNC-WRSN (21110V802526) [C:],S.M.A.R.T.: WDBRPG0010BNC-WRSN (21110V802526) [C:],S.M.A.R.T.: Samsung Portable SSD T1 500GB (S25NNAAGA11564A) [D:],S.M.A.R.T.: Samsung Portable SSD T1 500GB (S25NNAAGA11564A) [D:],S.M.A.R.T.: Samsung Portable SSD T1 500GB (S25NNAAGA11564A) [D:],S.M.A.R.T.: Samsung Portable SSD T1 500GB (S25NNAAGA11564A) [D:],S.M.A.R.T.: Samsung Portable SSD T1 500GB (S25NNAAGA11564A) [D:],Drive: WDBRPG0010BNC-WRSN (21110V802526) [C:],Drive: WDBRPG0010BNC-WRSN (21110V802526) [C:],Drive: WDBRPG0010BNC-WRSN (21110V802526) [C:],Drive: WDBRPG0010BNC-WRSN (21110V802526) [C:],Drive: WDBRPG0010BNC-WRSN (21110V802526) [C:],Drive: WDBRPG0010BNC-WRSN (21110V802526) [C:],Drive: WDBRPG0010BNC-WRSN (21110V802526) [C:],Drive: Samsung Portable SSD T1 500GB (S25NNAAGA11564A) [D:],Drive: Samsung Portable SSD T1 500GB (S25NNAAGA11564A) [D:],Drive: Samsung Portable SSD T1 500GB (S25NNAAGA11564A) [D:],Drive: Samsung Portable SSD T1 500GB (S25NNAAGA11564A) [D:],Drive: Samsung Portable SSD T1 500GB (S25NNAAGA11564A) [D:],Drive: Samsung Portable SSD T1 500GB (S25NNAAGA11564A) [D:],Drive: Samsung Portable SSD T1 500GB (S25NNAAGA11564A) [D:],dGPU [#0]: NVIDIA GeForce RTX 3070: HP GeForce RTX 3070,dGPU [#0]: NVIDIA GeForce RTX 3070: HP GeForce RTX 3070,dGPU [#0]: NVIDIA GeForce RTX 3070: HP GeForce RTX 3070,dGPU [#0]: NVIDIA GeForce RTX 3070: HP GeForce RTX 3070,dGPU [#0]: NVIDIA GeForce RTX 3070: HP GeForce RTX 3070,dGPU [#0]: NVIDIA GeForce RTX 3070: HP GeForce RTX 3070,dGPU [#0]: NVIDIA GeForce RTX 3070: HP GeForce RTX 3070,dGPU [#0]: NVIDIA GeForce RTX 3070: HP GeForce RTX 3070,dGPU [#0]: NVIDIA GeForce RTX 3070: HP GeForce RTX 3070,dGPU [#0]: NVIDIA GeForce RTX 3070: HP GeForce RTX 3070,dGPU [#0]: NVIDIA GeForce RTX 3070: HP GeForce RTX 3070,dGPU [#0]: NVIDIA GeForce RTX 3070: HP GeForce RTX 3070,dGPU [#0]: NVIDIA GeForce RTX 3070: HP GeForce RTX 3070,dGPU [#0]: NVIDIA GeForce RTX 3070: HP GeForce RTX 3070,dGPU [#0]: NVIDIA GeForce RTX 3070: HP GeForce RTX 3070,dGPU [#0]: NVIDIA GeForce RTX 3070: HP GeForce RTX 3070,dGPU [#0]: NVIDIA GeForce RTX 3070: HP GeForce RTX 3070,dGPU [#0]: NVIDIA GeForce RTX 3070: HP GeForce RTX 3070,dGPU [#0]: NVIDIA GeForce RTX 3070: HP GeForce RTX 3070,dGPU [#0]: NVIDIA GeForce RTX 3070: HP GeForce RTX 3070,dGPU [#0]: NVIDIA GeForce RTX 3070: HP GeForce RTX 3070,dGPU [#0]: NVIDIA GeForce RTX 3070: HP GeForce RTX 3070,dGPU [#0]: NVIDIA GeForce RTX 3070: HP GeForce RTX 3070,dGPU [#0]: NVIDIA GeForce RTX 3070: HP GeForce RTX 3070,dGPU [#0]: NVIDIA GeForce RTX 3070: HP GeForce RTX 3070,dGPU [#0]: NVIDIA GeForce RTX 3070: HP GeForce RTX 3070,dGPU [#0]: NVIDIA GeForce RTX 3070: HP GeForce RTX 3070,dGPU [#0]: NVIDIA GeForce RTX 3070: HP GeForce RTX 3070,dGPU [#0]: NVIDIA GeForce RTX 3070: HP GeForce RTX 3070,dGPU [#0]: NVIDIA GeForce RTX 3070: HP GeForce RTX 3070,dGPU [#0]: NVIDIA GeForce RTX 3070: HP GeForce RTX 3070,dGPU [#0]: NVIDIA GeForce RTX 3070: HP GeForce RTX 3070,dGPU [#0]: NVIDIA GeForce RTX 3070: HP GeForce RTX 3070,dGPU [#0]: NVIDIA GeForce RTX 3070: HP GeForce RTX 3070,dGPU [#0]: NVIDIA GeForce RTX 3070: HP GeForce RTX 3070,dGPU [#0]: NVIDIA GeForce RTX 3070: HP GeForce RTX 3070,dGPU [#0]: NVIDIA GeForce RTX 3070: HP GeForce RTX 3070,dGPU [#0]: NVIDIA GeForce RTX 3070: HP GeForce RTX 3070,dGPU [#0]: NVIDIA GeForce RTX 3070: HP GeForce RTX 3070,dGPU [#0]: NVIDIA GeForce RTX 3070: HP GeForce RTX 3070,dGPU [#0]: NVIDIA GeForce RTX 3070: HP GeForce RTX 3070,dGPU [#0]: NVIDIA GeForce RTX 3070: HP GeForce RTX 3070,dGPU [#0]: NVIDIA GeForce RTX 3070: HP GeForce RTX 3070,dGPU [#0]: NVIDIA GeForce RTX 3070: HP GeForce RTX 3070,dGPU [#0]: NVIDIA GeForce RTX 3070: HP GeForce RTX 3070,dGPU [#0]: NVIDIA GeForce RTX 3070: HP GeForce RTX 3070,dGPU [#0]: NVIDIA GeForce RTX 3070: HP GeForce RTX 3070,dGPU [#0]: NVIDIA GeForce RTX 3070: HP GeForce RTX 3070,dGPU [#0]: NVIDIA GeForce RTX 3070: HP GeForce RTX 3070,dGPU [#0]: NVIDIA GeForce RTX 3070: HP GeForce RTX 3070,dGPU [#0]: NVIDIA GeForce RTX 3070: HP GeForce RTX 3070,dGPU [#0]: NVIDIA GeForce RTX 3070: HP GeForce RTX 3070,dGPU [#0]: NVIDIA GeForce RTX 3070: HP GeForce RTX 3070,dGPU [#0]: NVIDIA GeForce RTX 3070: HP GeForce RTX 3070,dGPU [#0]: NVIDIA GeForce RTX 3070: HP GeForce RTX 3070,dGPU [#0]: NVIDIA GeForce RTX 3070: HP GeForce RTX 3070,dGPU [#0]: NVIDIA GeForce RTX 3070: HP GeForce RTX 3070,dGPU [#0]: NVIDIA GeForce RTX 3070: HP GeForce RTX 3070,dGPU [#0]: NVIDIA GeForce RTX 3070: HP GeForce RTX 3070,dGPU [#0]: NVIDIA GeForce RTX 3070: HP GeForce RTX 3070,dGPU [#0]: NVIDIA GeForce RTX 3070: HP GeForce RTX 3070,dGPU [#0]: NVIDIA GeForce RTX 3070: HP GeForce RTX 3070,dGPU [#0]: NVIDIA GeForce RTX 3070: HP GeForce RTX 3070,dGPU [#0]: NVIDIA GeForce RTX 3070: HP GeForce RTX 3070,dGPU [#0]: NVIDIA GeForce RTX 3070: HP GeForce RTX 3070,dGPU [#0]: NVIDIA GeForce RTX 3070: HP GeForce RTX 3070,dGPU [#0]: NVIDIA GeForce RTX 3070: HP GeForce RTX 3070,dGPU [#0]: NVIDIA GeForce RTX 3070: HP GeForce RTX 3070,dGPU [#0]: NVIDIA GeForce RTX 3070: HP GeForce RTX 3070,dGPU [#0]: NVIDIA GeForce RTX 3070: HP GeForce RTX 3070,dGPU [#0]: NVIDIA GeForce RTX 3070: HP GeForce RTX 3070,dGPU [#0]: NVIDIA GeForce RTX 3070: HP GeForce RTX 3070,dGPU [#0]: NVIDIA GeForce RTX 3070: HP GeForce RTX 3070,dGPU [#0]: NVIDIA GeForce RTX 3070: HP GeForce RTX 3070,dGPU [#0]: NVIDIA GeForce RTX 3070: HP GeForce RTX 3070,dGPU [#0]: NVIDIA GeForce RTX 3070: HP GeForce RTX 3070,dGPU [#0]: NVIDIA GeForce RTX 3070: HP GeForce RTX 3070,dGPU [#0]: NVIDIA GeForce RTX 3070: HP GeForce RTX 3070,dGPU [#0]: NVIDIA GeForce RTX 3070: HP GeForce RTX 3070,dGPU [#0]: NVIDIA GeForce RTX 3070: HP GeForce RTX 3070,dGPU [#0]: NVIDIA GeForce RTX 3070: HP GeForce RTX 3070,dGPU [#0]: NVIDIA GeForce RTX 3070: HP GeForce RTX 3070,dGPU [#0]: NVIDIA GeForce RTX 3070: HP GeForce RTX 3070,PresentMon [msedgewebview2.exe],PresentMon [msedgewebview2.exe],PresentMon [msedgewebview2.exe],PresentMon [msedgewebview2.exe],PresentMon [msedgewebview2.exe],PresentMon [msedgewebview2.exe],PresentMon [msedgewebview2.exe],PresentMon [msedgewebview2.exe],PresentMon [msedgewebview2.exe],PresentMon [msedgewebview2.exe],PresentMon [msedgewebview2.exe],PresentMon [msedgewebview2.exe],PresentMon [msedgewebview2.exe],PresentMon [msedgewebview2.exe],PresentMon [msedgewebview2.exe],PresentMon [msedgewebview2.exe],PresentMon [msedgewebview2.exe],PresentMon [msedgewebview2.exe],PresentMon [msedgewebview2.exe],PresentMon [msedgewebview2.exe],PresentMon [msedgewebview2.exe],PresentMon [msedgewebview2.exe],PresentMon [msedgewebview2.exe],Network: RealTek Semiconductor RTL8822CE Wireless LAN 802.11ac PCI-E NIC - Wi-Fi,Network: RealTek Semiconductor RTL8822CE Wireless LAN 802.11ac PCI-E NIC - Wi-Fi,Network: RealTek Semiconductor RTL8822CE Wireless LAN 802.11ac PCI-E NIC - Wi-Fi,Network: RealTek Semiconductor RTL8822CE Wireless LAN 802.11ac PCI-E NIC - Wi-Fi,Network: RealTek Semiconductor RTL8168/8111 PCI-E Gigabit Ethernet NIC - Ethernet,Network: RealTek Semiconductor RTL8168/8111 PCI-E Gigabit Ethernet NIC - Ethernet,Network: RealTek Semiconductor RTL8168/8111 PCI-E Gigabit Ethernet NIC - Ethernet,Network: RealTek Semiconductor RTL8168/8111 PCI-E Gigabit Ethernet NIC - Ethernet,Windows Hardware Errors (WHEA),
