Date,Time,"Virtual Memory Committed [MB]","Virtual Memory Available [MB]","Virtual Memory Load [%]","Physical Memory Used [MB]","Physical Memory Available [MB]","Physical Memory Load [%]","Page File Usage [%]","Page File Total [MB]","Page File Used [MB]","Core VIDs (avg) [V]","Core 0 VID [V]","Core 1 VID [V]","Core 2 VID [V]","Core 3 VID [V]","Core 4 VID [V]","Core 5 VID [V]","Core 6 VID [V]","Core 7 VID [V]","Core Clocks (avg) [MHz]","Core 0 Clock (perf #1/4) [MHz]","Core 1 Clock (perf #1/3) [MHz]","Core 2 Clock (perf #2/6) [MHz]","Core 3 Clock (perf #3/5) [MHz]","Core 4 Clock (perf #6/8) [MHz]","Core 5 Clock (perf #4/2) [MHz]","Core 6 Clock (perf #5/1) [MHz]","Core 7 Clock (perf #7/7) [MHz]","Bus Clock [MHz]","Core Effective Clocks (avg) [MHz]","Core 0 T0 Effective Clock [MHz]","Core 0 T1 Effective Clock [MHz]","Core 1 T0 Effective Clock [MHz]","Core 1 T1 Effective Clock [MHz]","Core 2 T0 Effective Clock [MHz]","Core 2 T1 Effective Clock [MHz]","Core 3 T0 Effective Clock [MHz]","Core 3 T1 Effective Clock [MHz]","Core 4 T0 Effective Clock [MHz]","Core 4 T1 Effective Clock [MHz]","Core 5 T0 Effective Clock [MHz]","Core 5 T1 Effective Clock [MHz]","Core 6 T0 Effective Clock [MHz]","Core 6 T1 Effective Clock [MHz]","Core 7 T0 Effective Clock [MHz]","Core 7 T1 Effective Clock [MHz]","Average Effective Clock [MHz]","Core Usage (avg) [%]","Core 0 T0 Usage [%]","Core 0 T1 Usage [%]","Core 1 T0 Usage [%]","Core 1 T1 Usage [%]","Core 2 T0 Usage [%]","Core 2 T1 Usage [%]","Core 3 T0 Usage [%]","Core 3 T1 Usage [%]","Core 4 T0 Usage [%]","Core 4 T1 Usage [%]","Core 5 T0 Usage [%]","Core 5 T1 Usage [%]","Core 6 T0 Usage [%]","Core 6 T1 Usage [%]","Core 7 T0 Usage [%]","Core 7 T1 Usage [%]","Max CPU/Thread Usage [%]","Total CPU Usage [%]","Core Utility (avg) [%]","Core 0 T0 Utility [%]","Core 0 T1 Utility [%]","Core 1 T0 Utility [%]","Core 1 T1 Utility [%]","Core 2 T0 Utility [%]","Core 2 T1 Utility [%]","Core 3 T0 Utility [%]","Core 3 T1 Utility [%]","Core 4 T0 Utility [%]","Core 4 T1 Utility [%]","Core 5 T0 Utility [%]","Core 5 T1 Utility [%]","Core 6 T0 Utility [%]","Core 6 T1 Utility [%]","Core 7 T0 Utility [%]","Core 7 T1 Utility [%]","Total CPU Utility [%]","Core Ratios (avg) [x]","Core 0 Ratio [x]","Core 1 Ratio [x]","Core 2 Ratio [x]","Core 3 Ratio [x]","Core 4 Ratio [x]","Core 5 Ratio [x]","Core 6 Ratio [x]","Core 7 Ratio [x]","Package C6 Residency [%]","Core C0 Residency (avg) [%]","Core 0 C0 Residency [%]","Core 1 C0 Residency [%]","Core 2 C0 Residency [%]","Core 3 C0 Residency [%]","Core 4 C0 Residency [%]","Core 5 C0 Residency [%]","Core 6 C0 Residency [%]","Core 7 C0 Residency [%]","Core C1 Residency (avg) [%]","Core 0 C1 Residency [%]","Core 1 C1 Residency [%]","Core 2 C1 Residency [%]","Core 3 C1 Residency [%]","Core 4 C1 Residency [%]","Core 5 C1 Residency [%]","Core 6 C1 Residency [%]","Core 7 C1 Residency [%]","Core C6 Residency (avg) [%]","Core 0 C6 Residency [%]","Core 1 C6 Residency [%]","Core 2 C6 Residency [%]","Core 3 C6 Residency [%]","Core 4 C6 Residency [%]","Core 5 C6 Residency [%]","Core 6 C6 Residency [%]","Core 7 C6 Residency [%]","Memory Clock [MHz]","Memory Clock Ratio [x]","Tcas [T]","Trcd [T]","Trp [T]","Tras [T]","Trc [T]","Trfc [T]","Command Rate [T]","CPU (Tctl/Tdie) [°C]","CPU Die (average) [°C]","CPU CCD1 (Tdie) [°C]","Core Temperatures (avg) [°C]","Core0 (CCD1) [°C]","Core1 (CCD1) [°C]","Core2 (CCD1) [°C]","Core3 (CCD1) [°C]","Core4 (CCD1) [°C]","Core5 (CCD1) [°C]","Core6 (CCD1) [°C]","Core7 (CCD1) [°C]","L3 Temperatures (avg) [°C]","L3 Cache (CCD1:CCX1) [°C]","L3 Cache (CCD1:CCX2) [°C]","CPU IOD Hotspot [°C]","CPU IOD Average [°C]","CPU Core Voltage (SVI2 TFN) [V]","SoC Voltage (SVI2 TFN) [V]","CPU Core VID (Effective) [V]","CPU Core Current (SVI2 TFN) [A]","SoC Current (SVI2 TFN) [A]","CPU TDC [A]","CPU EDC [A]","CPU Package Power [W]","Core Powers (avg) [W]","Core 0 Power [W]","Core 1 Power [W]","Core 2 Power [W]","Core 3 Power [W]","Core 4 Power [W]","Core 5 Power [W]","Core 6 Power [W]","Core 7 Power [W]","CPU Core Power (SVI2 TFN) [W]","CPU SoC Power (SVI2 TFN) [W]","Core+SoC Power (SVI2 TFN) [W]","CPU PPT [W]","Infinity Fabric Clock (FCLK) [MHz]","Memory Controller Clock (UCLK) [MHz]","L3 Clocks (avg) [MHz]","L3 Cache (CCD1:CCX1) [MHz]","L3 Cache (CCD1:CCX2) [MHz]","Frequency Limit - Global [MHz]","CPU PPT Limit [%]","CPU TDC Limit [%]","CPU EDC Limit [%]","Thermal Limit [%]","Power Reporting Deviation (Accuracy) [%]","Thermal Throttling (HTC) [Yes/No]","Thermal Throttling (PROCHOT CPU) [Yes/No]","Thermal Throttling (PROCHOT EXT) [Yes/No]","DRAM Read Bandwidth [Gbps]","DRAM Write Bandwidth [Gbps]","Average Active Core Count []","Drive Temperature [°C]","Drive Remaining Life [%]","Drive Available Spare [%]","Drive Failure [Yes/No]","Drive Warning [Yes/No]","Total Host Writes [GB]","Total Host Reads [GB]","Drive Airflow Temperature [°C]","Drive Remaining Life [%]","Drive Failure [Yes/No]","Drive Warning [Yes/No]","Total Host Writes [GB]","Read Activity [%]","Write Activity [%]","Total Activity [%]","Read Rate [MB/s]","Write Rate [MB/s]","Read Total [MB]","Write Total [MB]","Read Activity [%]","Write Activity [%]","Total Activity [%]","Read Rate [MB/s]","Write Rate [MB/s]","Read Total [MB]","Write Total [MB]","GPU Temperature [°C]","GPU Hot Spot Temperature [°C]","GPU Thermal Limit [°C]","GPU Core Voltage [V]","GPU Rail Voltages (avg) [V]","GPU PCIe +12V Input Voltage [V]","GPU 8-pin #1 Input Voltage [V]","GPU Misc0 Input Voltage [V]","GPU Fan1 [RPM]","GPU Power [W]","GPU Rail Powers (avg) [W]","GPU Core (NVVDD) Input Power (sum) [W]","GPU PCIe +12V Input Power [W]","GPU 8-pin #1 Input Power [W]","GPU Misc0 Input Power [W]","GPU Core (NVVDD1) Input Power (sum) [W]","GPU PCIe +3.3V Input Power (est) [W]","GPU Core (NVVDD) Input Power (sum) [W]","GPU Input PP Source Power (sum) [W]","GPU Core (NVVDD) Output Power [W]","GPU Core (NVVDD) Output Power [W]","GPU Power Limit (rated) [W]","GPU Power Limit (max) [W]","GPU Clock [MHz]","GPU Memory Clock [MHz]","GPU Video Clock [MHz]","GPU Effective Clock [MHz]","GPU Crossbar Clock [MHz]","GPU Core Load [%]","GPU Memory Controller Load [%]","GPU Video Engine Load [%]","GPU Bus Load [%]","GPU Memory Usage [%]","GPU D3D Usages (avg) [%]","GPU D3D Usage [%]","GPU Video Decode 0 Usage [%]","GPU Video Encode 0 Usage [%]","GPU VR Usage [%]","GPU Fan1 [%]","GPU Performance Limiters (avg) [Yes/No]","Performance Limit - Power [Yes/No]","Performance Limit - Thermal [Yes/No]","Performance Limit - Reliability Voltage [Yes/No]","Performance Limit - Max Operating Voltage [Yes/No]","Performance Limit - Utilization [Yes/No]","Performance Limit - SLI GPUBoost Sync [Yes/No]","Total GPU Power [% of TDP] [%]","Total GPU Power (normalized) [% of TDP] [%]","PCI Express Error Counters (avg) []","Receiver Errors []","Replay Count []","Replay Rollover Count []","Bad DLLP Count []","Bad TLP Count []","LCRC Error Count []","NAKs Sent Count []","NAKs Received Count []","Recovery Count []","Correctable Error Count []","Non-Fatal Error Count []","Fatal Error Count []","Unsupported Request Count []","PCIe Lane 0 Errors []","PCIe Lane 1 Errors []","PCIe Lane 2 Errors []","PCIe Lane 3 Errors []","PCIe Lane 4 Errors []","PCIe Lane 5 Errors []","PCIe Lane 6 Errors []","PCIe Lane 7 Errors []","PCIe Lane 8 Errors []","PCIe Lane 9 Errors []","PCIe Lane 10 Errors []","PCIe Lane 11 Errors []","PCIe Lane 12 Errors []","PCIe Lane 13 Errors []","PCIe Lane 14 Errors []","PCIe Lane 15 Errors []","GPU Memory Available [MB]","GPU Memory Allocated [MB]","GPU D3D Memory Dedicated [MB]","GPU D3D Memory Dynamic [MB]","PCIe Link Speed [GT/s]","Framerate Presented (avg) [FPS]","Framerate Presented (99%) [FPS]","Framerate Presented (1%) [FPS]","Framerate Presented (0.1%) [FPS]","Framerate Presented (1% low) [FPS]","Framerate Presented (0.1% low) [FPS]","Framerate Displayed (avg) [FPS]","Framerate Displayed (99%) [FPS]","Framerate Displayed (1%) [FPS]","Framerate Displayed (0.1%) [FPS]","Framerate Displayed (1% low) [FPS]","Framerate Displayed (0.1% low) [FPS]","Frame Time Presented (avg) [ms]","Frame Time Presented (99%) [ms]","Frame Time Presented (1%) [ms]","Frame Time Presented (0.1%) [ms]","Frame Time Displayed (1% high) [ms]","Frame Time Displayed (0.1% high) [ms]","GPU Busy (avg) [ms]","GPU Wait (avg) [ms]","CPU Busy (avg) [ms]","CPU Wait (avg) [ms]","Animation Error (avg) [ms]","Total DL [MB]","Total UP [MB]","Current DL rate [KB/s]","Current UP rate [KB/s]","Total DL [MB]","Total UP [MB]","Current DL rate [KB/s]","Current UP rate [KB/s]","Total Errors []",
3.7.2026,22:51:9.867,29425,16568,63.9,15469,17212,47.3,0.5,13312,69,1.316,1.294,1.319,1.319,1.319,1.319,1.319,1.319,1.319,4039.6,4017.8,4042.7,4042.7,4042.7,4042.7,4042.7,4042.7,4042.7,99.8,1429.3,3461.1,1987.1,1869.3,2574.4,1640.2,1590.4,1379.8,1297.2,814.7,753.4,1112.3,1040.9,1018.9,907.3,668.6,753.0,1429.3,32.8,51.5,48.5,46.0,63.3,40.1,38.6,33.8,31.2,19.4,18.4,27.2,25.5,24.8,22.2,16.4,17.9,63.3,32.8,36.9,57.7,54.8,51.6,71.4,45.0,43.7,37.7,35.5,22.3,20.5,30.4,28.4,27.7,24.8,18.2,20.6,36.9,40.5,40.2,40.5,40.5,40.5,40.5,40.5,40.5,40.5,0.0,72.2,85.4,92.7,75.9,72.0,60.9,66.0,64.6,59.9,27.8,14.6,7.3,24.1,28.0,39.1,34.0,35.4,40.1,0.0,0.0,0.0,0.0,0.0,0.0,0.0,0.0,0.0,1197.8,12.00,16,16,16,39,55,661,1,81.2,80.7,78.0,73.6,76.9,78.7,75.1,74.0,71.1,71.7,70.9,70.6,66.5,66.8,66.3,59.2,55.7,1.331,1.038,1.337,14.786,12.726,14.771,64.961,42.337,4.450,5.852,6.556,4.865,4.377,3.317,3.727,3.600,3.304,19.804,13.103,32.908,42.457,1197.8,1197.8,4057.3,4061.9,4052.7,4061.9,48.2,24.6,72.2,84.9,55.5,No,No,No,1.138,8.134,5.8,50,95.0,100.0,No,No,90848,98730,34,99.0,No,No,3320,3.5,0.0,3.5,7.301,0.073,45481,35273,0.0,0.1,0.1,0.000,0.016,151,0,67.1,86.2,83.0,1.069,12.092,12.127,12.126,12.023,2029,105.640,46.104,88.408,32.172,75.606,26.006,49.511,0.336,88.408,19.523,7.125,73.945,220.000,240.000,1905.0,1750.2,1665.0,1889.5,1800.0,71.0,9.0,0.0,45.0,94.5,15.2,61.0,0.0,0.0,0.0,57,Yes,No,No,Yes,No,No,No,49.1,47.5,4,0,0,0,0,0,0,0,0,105,0,0,0,0,0,0,0,0,0,0,0,0,0,0,0,0,0,0,0,0,449,7743,7582,1725,8.0,0.0,0.0,0.0,0.0,0.0,0.0,0.0,0.0,0.0,0.0,0.0,0.0,0.00,0.00,0.00,0.00,0.00,0.00,0.00,0.00,0.00,0.00,0.00,0,0,0.0,0.0,3176,248,18.9,0.9,0,
3.7.2026,22:51:11.865,29443,16550,64.0,15483,17198,47.3,0.5,13312,69,1.305,1.319,1.312,1.288,1.288,1.312,1.294,1.312,1.312,4033.4,4042.7,4042.7,4017.8,4017.8,4017.8,4042.7,4042.7,4042.7,99.8,1489.7,3597.9,1788.8,2010.8,2485.9,1790.8,1542.7,1460.5,1471.4,838.7,893.1,1206.0,1136.0,1113.4,986.6,656.8,855.6,1489.7,34.9,64.3,44.2,49.5,61.6,43.4,38.0,35.5,36.0,20.6,21.5,28.9,27.3,26.7,23.7,15.7,21.0,64.3,34.9,39.0,72.3,49.2,55.6,68.9,48.8,42.1,39.9,39.9,22.5,24.2,32.5,30.7,30.1,26.6,17.7,22.9,39.0,40.4,40.5,40.5,40.2,40.2,40.2,40.5,40.5,40.5,0.0,75.0,88.7,92.6,78.6,76.4,64.3,69.3,68.0,62.2,25.0,11.3,7.4,21.4,23.6,35.7,30.7,32.0,37.8,0.0,0.0,0.0,0.0,0.0,0.0,0.0,0.0,0.0,1197.8,12.00,16,16,16,39,55,661,1,81.0,80.3,84.0,73.2,77.2,78.2,74.5,73.3,70.9,71.5,70.7,69.6,66.5,66.7,66.2,59.5,55.8,1.306,1.044,1.325,14.729,12.899,14.729,67.512,42.479,4.430,6.094,6.436,4.802,4.361,3.323,3.817,3.592,3.012,19.676,13.277,32.953,42.572,1197.8,1197.8,4057.5,4059.8,4055.2,4059.8,48.4,24.5,75.0,84.5,55.5,No,No,No,1.229,8.866,6.0,50,95.0,100.0,No,No,90848,98730,34,99.0,No,No,3320,0.7,0.1,0.9,1.009,0.829,45483,35275,0.0,0.0,0.0,0.000,0.000,151,0,68.7,89.4,83.0,1.069,12.077,12.113,12.114,12.003,2004,122.367,56.771,101.750,36.846,87.582,27.320,60.147,0.336,101.750,22.806,34.867,94.311,220.000,240.000,1905.0,1750.2,1665.0,1889.2,1800.0,100.0,12.0,0.0,61.0,94.5,19.0,76.1,0.0,0.0,0.0,57,Yes,No,No,Yes,No,No,No,56.6,57.6,4,0,0,0,0,0,0,0,0,105,0,0,0,0,0,0,0,0,0,0,0,0,0,0,0,0,0,0,0,0,448,7744,7583,1725,8.0,0.0,0.0,0.0,0.0,0.0,0.0,0.0,0.0,0.0,0.0,0.0,0.0,0.00,0.00,0.00,0.00,0.00,0.00,0.00,0.00,0.00,0.00,0.00,0,0,0.0,0.0,3176,248,16.2,1.4,0,
3.7.2026,22:51:13.880,29437,16557,64.0,15478,17203,47.3,0.5,13312,69,1.311,1.325,1.325,1.325,1.312,1.300,1.300,1.300,1.300,4042.7,4042.7,4042.7,4042.7,4042.7,4042.7,4042.7,4042.7,4042.7,99.8,1781.7,3871.3,2279.5,2267.8,2704.2,2070.2,1953.8,1756.0,1804.4,1016.0,1184.6,1449.6,1625.5,1237.2,1441.3,779.4,1066.9,1781.7,42.2,69.3,56.0,55.9,66.7,51.2,48.0,43.1,44.4,25.0,29.0,35.7,40.1,30.3,35.4,18.9,26.3,69.3,42.2,47.6,77.9,63.1,62.9,75.1,57.6,54.1,48.6,50.0,28.3,32.8,40.3,45.2,34.2,39.9,21.5,29.7,47.6,40.5,40.5,40.5,40.5,40.5,40.5,40.5,40.5,40.5,0.0,83.4,95.6,95.4,88.2,85.1,74.1,80.3,77.6,70.9,16.6,4.4,4.6,11.8,14.9,25.9,19.7,22.4,29.1,0.0,0.0,0.0,0.0,0.0,0.0,0.0,0.0,0.0,1197.8,12.00,16,16,16,39,55,661,1,81.0,81.1,79.8,74.1,78.2,78.5,75.7,74.5,71.6,72.7,71.5,70.5,66.7,66.9,66.5,60.0,55.9,1.331,1.031,1.337,16.155,13.294,16.166,75.064,44.911,4.807,6.460,6.594,5.275,4.867,3.654,4.355,3.963,3.290,21.502,13.690,35.192,44.981,1197.8,1197.8,4050.0,4050.1,4049.9,4050.1,51.1,26.9,83.4,85.3,55.6,No,No,No,1.536,10.876,6.7,50,95.0,100.0,No,No,90848,98730,34,99.0,No,No,3320,0.3,0.1,0.4,0.501,0.129,45484,35275,0.0,0.0,0.0,0.000,0.004,151,0,68.6,88.9,83.0,1.069,12.080,12.115,12.116,12.007,1984,124.295,54.073,100.431,36.649,86.500,27.016,59.367,0.336,100.431,22.845,17.018,90.138,220.000,240.000,1905.0,1750.2,1665.0,1889.3,1800.0,100.0,13.0,0.0,61.0,94.5,21.3,85.2,0.0,0.0,0.0,57,Yes,No,No,Yes,No,No,No,56.6,57.9,4,0,0,0,0,0,0,0,0,105,0,0,0,0,0,0,0,0,0,0,0,0,0,0,0,0,0,0,0,0,448,7744,7582,1725,8.0,0.0,0.0,0.0,0.0,0.0,0.0,0.0,0.0,0.0,0.0,0.0,0.0,0.00,0.00,0.00,0.00,0.00,0.00,0.00,0.00,0.00,0.00,0.00,0,0,0.0,0.0,3176,248,16.1,1.1,0,
3.7.2026,22:51:15.866,29296,16698,63.6,15349,17333,46.9,0.5,13312,69,1.318,1.319,1.312,1.325,1.325,1.325,1.312,1.312,1.312,4045.8,4067.7,4042.7,4042.7,4042.7,4042.7,4042.7,4042.7,4042.7,99.8,1731.9,3706.7,2870.4,1698.5,3290.8,1640.7,2143.7,1300.8,1964.8,836.7,1130.2,1211.6,1564.8,1070.3,1361.9,791.7,1126.2,1731.9,39.8,48.3,65.7,41.5,83.8,40.3,52.3,32.1,47.8,20.6,28.1,30.1,37.9,26.7,33.5,19.9,27.9,83.8,39.8,44.6,54.2,73.8,46.6,94.2,45.2,58.7,36.0,53.6,23.1,31.5,33.7,42.5,29.9,37.5,22.3,31.2,44.6,40.5,40.8,40.5,40.5,40.5,40.5,40.5,40.5,40.5,0.0,81.0,91.4,97.0,85.6,81.9,70.0,76.6,74.8,70.9,19.0,8.6,3.0,14.4,18.1,30.0,23.4,25.2,29.1,0.0,0.0,0.0,0.0,0.0,0.0,0.0,0.0,0.0,1197.8,12.00,16,16,16,39,55,661,1,81.6,81.3,78.0,73.5,76.0,80.0,74.6,73.7,70.8,71.8,70.8,70.2,66.5,66.7,66.3,58.8,55.1,1.350,1.031,1.337,15.306,13.317,15.304,72.926,43.803,4.569,5.819,6.854,4.935,4.517,3.403,4.031,3.716,3.278,20.416,13.707,34.122,43.893,1197.8,1197.8,4054.5,4055.1,4053.8,4055.1,49.9,25.5,81.0,85.6,55.3,No,No,No,1.330,11.192,6.5,50,95.0,100.0,No,No,90848,98730,34,99.0,No,No,3320,0.3,0.3,0.6,0.747,1.904,45485,35279,0.0,0.0,0.0,0.000,0.000,151,0,69.1,89.8,83.0,1.069,12.071,12.107,12.111,11.997,1965,124.722,56.193,105.006,37.845,89.886,27.689,62.074,0.336,105.006,22.836,16.966,94.285,220.000,240.000,1905.0,1750.2,1665.0,1889.1,1800.0,100.0,13.0,0.0,59.0,94.5,22.3,89.0,0.0,0.0,0.0,57,Yes,No,No,Yes,No,No,No,59.7,59.5,4,0,0,0,0,0,0,0,0,105,0,0,0,0,0,0,0,0,0,0,0,0,0,0,0,0,0,0,0,0,448,7744,7582,1725,8.0,0.0,0.0,0.0,0.0,0.0,0.0,0.0,0.0,0.0,0.0,0.0,0.0,0.00,0.00,0.00,0.00,0.00,0.00,0.00,0.00,0.00,0.00,0.00,0,0,0.0,0.0,3176,248,17.3,2.5,0,
3.7.2026,22:51:17.867,29299,16694,63.7,15342,17339,46.9,0.5,13312,69,1.311,1.306,1.306,1.312,1.312,1.312,1.312,1.312,1.312,4042.7,4042.7,4042.7,4042.7,4042.7,4042.7,4042.7,4042.7,4042.7,99.8,1877.8,3918.4,2976.7,1901.1,3330.6,1819.5,2353.2,1439.1,2143.6,929.8,1418.8,1310.4,1870.8,1185.0,1526.6,800.2,1120.7,1877.8,43.0,53.9,78.2,46.1,79.8,43.6,57.4,34.3,52.5,22.1,33.0,31.2,44.9,27.6,36.7,18.8,27.3,79.8,43.0,48.2,60.4,87.9,51.7,89.6,48.9,64.4,38.4,58.9,24.7,36.9,35.0,50.4,30.9,41.1,21.0,30.6,48.2,40.5,40.5,40.5,40.5,40.5,40.5,40.5,40.5,40.5,0.0,84.9,96.7,97.2,89.2,86.2,75.6,82.2,78.3,73.6,15.1,3.3,2.8,10.8,13.8,24.4,17.8,21.7,26.4,0.0,0.0,0.0,0.0,0.0,0.0,0.0,0.0,0.0,1197.8,12.00,16,16,16,39,55,661,1,81.6,82.0,80.2,73.9,78.1,79.1,75.3,73.8,71.4,72.3,71.1,70.3,66.7,66.9,66.5,59.2,55.5,1.319,1.025,1.331,16.306,13.232,16.305,76.394,44.942,4.944,6.643,7.294,5.278,4.775,3.750,4.441,3.985,3.385,21.689,13.628,35.317,45.053,1197.8,1197.8,4050.1,4050.1,4050.1,4050.1,51.2,27.2,84.9,86.3,55.7,No,No,No,1.559,10.215,6.8,50,95.0,100.0,No,No,90848,98730,34,99.0,No,No,3320,0.1,0.1,0.2,0.247,0.157,45486,35280,0.0,0.0,0.0,0.000,0.000,151,0,69.2,90.0,83.0,1.069,12.073,12.111,12.112,11.995,1965,129.851,56.235,105.205,38.948,91.363,28.105,63.128,0.336,105.205,25.191,16.879,87.988,220.000,240.000,1905.0,1750.2,1665.0,1889.0,1800.0,98.0,14.0,0.0,53.0,94.5,21.4,85.4,0.0,0.0,0.0,56,Yes,No,No,Yes,No,No,No,59.1,57.8,4,0,0,0,0,0,0,0,0,105,0,0,0,0,0,0,0,0,0,0,0,0,0,0,0,0,0,0,0,0,450,7742,7581,1725,8.0,0.0,0.0,0.0,0.0,0.0,0.0,0.0,0.0,0.0,0.0,0.0,0.0,0.00,0.00,0.00,0.00,0.00,0.00,0.00,0.00,0.00,0.00,0.00,0,0,0.0,0.0,3176,248,15.0,1.6,0,
3.7.2026,22:51:19.867,29347,16646,63.8,15390,17291,47.0,0.5,13312,69,1.303,1.325,1.312,1.306,1.300,1.300,1.294,1.294,1.294,4020.9,4017.8,4042.7,4017.8,4017.8,4017.8,4017.8,4017.8,4017.8,99.8,1995.8,3954.8,2550.5,2176.9,3381.2,2237.4,2098.1,2137.8,1903.8,1266.7,1333.1,1802.1,1692.7,1617.9,1486.1,1100.0,1193.5,1995.8,46.9,72.4,62.8,54.0,83.2,54.4,51.1,51.8,46.0,29.9,31.9,43.4,40.9,38.7,35.8,26.2,28.4,83.2,46.9,52.9,81.4,70.7,60.9,93.5,61.3,57.6,58.3,51.9,34.0,36.1,49.0,46.2,43.8,40.5,29.7,32.3,52.9,40.3,40.2,40.5,40.2,40.2,40.2,40.2,40.2,40.2,0.0,88.4,97.7,99.0,91.5,90.1,81.1,85.6,83.6,78.7,11.6,2.3,1.0,8.5,9.9,18.9,14.4,16.4,21.3,0.0,0.0,0.0,0.0,0.0,0.0,0.0,0.0,0.0,1197.8,12.00,16,16,16,39,55,661,1,81.8,82.1,80.2,74.3,77.7,80.5,75.1,74.5,71.7,72.7,71.7,70.8,66.8,67.0,66.6,59.2,55.3,1.344,1.025,1.344,17.035,13.163,17.028,79.565,45.756,5.021,6.588,7.280,5.210,4.978,3.842,4.512,4.203,3.557,22.628,13.559,36.188,45.881,1197.8,1197.8,4047.3,4047.4,4047.2,4047.4,52.1,28.4,88.4,86.5,56.4,No,No,No,1.681,9.331,7.1,50,95.0,100.0,No,No,90848,98730,34,99.0,No,No,3320,0.2,0.0,0.2,0.418,0.017,45487,35280,0.0,0.0,0.0,0.000,0.000,151,0,70.4,91.5,83.0,1.069,12.060,12.102,12.101,11.978,1961,136.055,61.575,114.909,41.920,98.792,29.166,69.464,0.336,114.909,25.823,17.079,103.352,220.000,240.000,1905.0,1750.2,1665.0,1888.7,1800.0,95.0,17.0,0.0,49.0,94.5,20.6,82.4,0.0,0.0,0.0,56,Yes,No,No,Yes,No,No,No,64.0,62.6,4,0,0,0,0,0,0,0,0,105,0,0,0,0,0,0,0,0,0,0,0,0,0,0,0,0,0,0,0,0,449,7743,7582,1727,8.0,0.0,0.0,0.0,0.0,0.0,0.0,0.0,0.0,0.0,0.0,0.0,0.0,0.00,0.00,0.00,0.00,0.00,0.00,0.00,0.00,0.00,0.00,0.00,0,0,0.0,0.0,3176,248,15.7,2.2,0,
3.7.2026,22:51:21.883,29368,16626,63.8,15404,17278,47.1,0.5,13312,69,1.307,1.306,1.312,1.306,1.306,1.306,1.306,1.306,1.306,4042.7,4042.7,4042.7,4042.7,4042.7,4042.7,4042.7,4042.7,4042.7,99.8,1988.9,3920.6,2083.0,2401.9,3388.7,2461.3,1976.3,2211.5,1792.6,1329.1,1359.3,1845.5,1643.9,1680.1,1466.5,1092.0,1170.4,1988.9,48.5,79.6,51.3,59.7,84.0,61.3,49.1,54.9,45.3,33.6,34.0,46.3,41.1,42.2,36.5,27.4,29.2,84.0,48.5,54.2,89.3,57.4,66.9,94.2,68.6,54.9,61.5,50.6,37.5,38.0,51.8,45.9,47.2,40.8,30.5,32.6,54.2,40.5,40.5,40.5,40.5,40.5,40.5,40.5,40.5,40.5,0.0,89.6,96.9,99.7,92.6,90.6,83.5,87.1,85.5,80.7,10.4,3.1,0.3,7.4,9.4,16.5,12.9,14.5,19.3,0.0,0.0,0.0,0.0,0.0,0.0,0.0,0.0,0.0,1197.8,12.00,16,16,16,39,55,661,1,82.0,82.5,79.8,74.6,76.1,82.1,75.6,74.9,72.1,73.0,71.9,71.2,67.0,67.2,66.7,59.5,55.4,1.331,1.031,1.331,17.438,13.155,17.443,80.609,46.345,5.081,6.078,7.815,5.415,4.986,3.983,4.520,4.239,3.611,23.167,13.556,36.723,46.419,1197.8,1197.8,4046.8,4047.0,4046.7,4047.0,52.7,29.1,89.6,86.8,56.6,No,No,No,1.685,9.096,7.2,50,95.0,100.0,No,No,90848,98730,34,99.0,No,No,3320,0.3,0.0,0.3,0.453,0.051,45488,35280,0.0,0.0,0.0,0.000,0.000,151,0,70.3,91.8,83.0,1.069,12.064,12.105,12.103,11.982,1961,138.991,60.282,112.790,41.025,97.287,28.948,68.178,0.336,112.790,25.548,18.199,97.718,220.000,240.000,1905.0,1750.2,1665.0,1888.6,1800.0,100.0,16.0,0.0,55.0,94.4,21.1,84.2,0.0,0.0,0.0,56,Yes,No,No,Yes,No,No,No,62.9,60.9,4,0,0,0,0,0,0,0,0,105,0,0,0,0,0,0,0,0,0,0,0,0,0,0,0,0,0,0,0,0,459,7733,7572,1727,8.0,0.0,0.0,0.0,0.0,0.0,0.0,0.0,0.0,0.0,0.0,0.0,0.0,0.00,0.00,0.00,0.00,0.00,0.00,0.00,0.00,0.00,0.00,0.00,0,0,0.0,0.0,3176,248,10.6,2.3,0,
3.7.2026,22:51:23.888,29359,16635,63.8,15387,17295,47.0,0.5,13312,69,1.292,1.312,1.275,1.288,1.288,1.294,1.294,1.294,1.294,4017.8,4042.7,3992.8,4017.8,4017.8,4017.8,4017.8,4017.8,4017.8,99.8,1925.8,3928.5,2068.3,1998.5,3567.9,2479.0,1835.3,2171.9,1750.1,1213.4,1271.1,1785.7,1596.0,1590.1,1432.6,978.8,1145.3,1925.8,46.4,79.3,51.2,49.5,88.8,61.1,45.4,53.8,42.6,29.8,31.2,43.9,39.3,38.8,35.3,23.9,27.9,88.8,46.4,51.9,89.0,57.3,55.4,99.7,68.5,50.8,60.3,47.7,33.3,34.9,49.1,43.9,43.4,39.5,26.6,31.2,51.9,40.2,40.5,40.0,40.2,40.2,40.2,40.2,40.2,40.2,0.0,88.4,97.0,99.2,91.8,89.3,80.8,85.9,83.9,78.9,11.6,3.0,0.8,8.2,10.7,19.2,14.1,16.1,21.1,0.0,0.0,0.0,0.0,0.0,0.0,0.0,0.0,0.0,1197.8,12.00,16,16,16,39,55,661,1,82.0,82.3,82.8,74.3,76.6,81.3,75.4,74.4,71.6,72.6,71.8,70.7,66.8,67.1,66.6,57.5,55.6,1.344,1.025,1.344,16.862,13.185,16.859,79.524,45.610,5.002,6.185,7.533,5.346,4.922,3.810,4.470,4.224,3.525,22.407,13.584,35.991,45.704,1197.8,1197.8,4048.0,4048.0,4048.0,4048.0,51.9,28.1,88.4,86.6,55.9,No,No,No,1.622,9.670,7.1,50,95.0,100.0,No,No,90848,98730,34,99.0,No,No,3320,0.1,0.1,0.2,0.268,0.113,45488,35280,0.0,0.0,0.0,0.000,0.000,151,0,70.2,91.6,83.0,1.069,12.067,12.108,12.107,11.985,1950,136.370,63.589,111.114,40.902,96.190,28.873,67.168,0.336,111.114,26.024,53.115,101.057,220.000,240.000,1905.0,1750.2,1665.0,1888.8,1800.0,99.0,17.0,0.0,54.0,94.4,20.3,81.2,0.0,0.0,0.0,56,Yes,No,No,Yes,No,No,No,62.3,62.6,4,0,0,0,0,0,0,0,0,105,0,0,0,0,0,0,0,0,0,0,0,0,0,0,0,0,0,0,0,0,455,7737,7576,1729,8.0,0.0,0.0,0.0,0.0,0.0,0.0,0.0,0.0,0.0,0.0,0.0,0.0,0.00,0.00,0.00,0.00,0.00,0.00,0.00,0.00,0.00,0.00,0.00,0,0,0.0,0.0,3177,248,6.3,1.8,0,
3.7.2026,22:51:25.889,29343,16651,63.7,15382,17299,47.0,0.5,13312,69,1.308,1.306,1.312,1.312,1.306,1.306,1.306,1.306,1.306,4042.7,4042.7,4042.7,4042.7,4042.7,4042.7,4042.7,4042.7,4042.7,99.8,1954.5,3950.5,3071.3,2091.8,3171.2,1949.1,2245.5,1840.7,2003.3,1247.8,1260.7,1627.4,1703.0,1491.2,1499.2,1073.2,1045.6,1954.5,45.4,59.7,75.7,49.6,80.1,47.1,55.7,44.6,49.0,29.9,30.6,39.3,41.8,36.3,36.2,25.4,25.3,80.1,45.4,51.3,67.3,85.1,56.0,89.9,53.1,62.8,50.4,55.3,34.0,34.7,44.4,47.2,41.1,41.0,29.0,28.8,51.3,40.5,40.5,40.5,40.5,40.5,40.5,40.5,40.5,40.5,0.0,87.0,97.7,97.2,89.8,88.4,79.2,83.9,82.1,77.6,13.0,2.3,2.8,10.2,11.6,20.8,16.1,17.9,22.4,0.0,0.0,0.0,0.0,0.0,0.0,0.0,0.0,0.0,1197.8,12.00,16,16,16,39,55,661,1,82.1,82.2,80.2,74.5,79.1,78.5,75.5,74.3,72.3,72.8,72.3,71.0,66.8,67.0,66.6,59.2,55.4,1.337,1.031,1.331,17.046,13.143,17.043,78.273,45.778,5.031,6.906,6.805,5.217,4.969,3.924,4.503,4.292,3.635,22.635,13.537,36.172,45.879,1197.8,1197.8,4045.5,4045.5,4045.5,4045.5,52.1,28.4,87.0,86.6,56.1,No,No,No,1.607,9.657,7.0,50,95.0,100.0,No,No,90848,98730,34,99.0,No,No,3320,0.1,0.0,0.1,0.188,0.092,45488,35280,0.0,0.0,0.0,0.000,0.000,151,0,70.2,91.2,83.0,1.069,12.065,12.103,12.104,11.987,1950,132.740,60.667,109.382,39.711,93.640,28.362,65.149,0.336,109.382,24.060,41.544,95.106,220.000,240.000,1905.0,1750.2,1665.0,1889.0,1800.0,99.0,15.0,0.0,55.0,94.4,20.2,80.9,0.0,0.0,0.0,56,Yes,No,No,Yes,No,No,No,60.7,60.6,4,0,0,0,0,0,0,0,0,105,0,0,0,0,0,0,0,0,0,0,0,0,0,0,0,0,0,0,0,0,456,7736,7575,1729,8.0,0.0,0.0,0.0,0.0,0.0,0.0,0.0,0.0,0.0,0.0,0.0,0.0,0.00,0.00,0.00,0.00,0.00,0.00,0.00,0.00,0.00,0.00,0.00,0,0,0.0,0.0,3177,248,4.8,7.9,0,
3.7.2026,22:51:27.898,29343,16651,63.7,15384,17297,47.0,0.5,13312,69,1.316,1.312,1.312,1.306,1.325,1.325,1.325,1.312,1.312,4045.8,4042.7,4042.7,4067.7,4042.7,4042.7,4042.7,4042.7,4042.7,99.8,1910.7,3910.6,3125.2,2132.2,3274.0,1915.5,2194.6,1763.5,1928.5,1184.9,1164.9,1588.6,1597.5,1459.7,1308.5,991.3,1031.7,1910.7,44.9,57.7,76.7,54.6,79.8,48.1,53.8,43.9,47.4,29.5,28.7,39.9,39.3,35.9,32.6,24.8,25.2,79.8,44.9,50.3,64.7,86.1,61.3,89.6,54.0,60.4,49.2,53.1,33.1,32.2,44.8,44.1,40.3,36.5,27.8,28.2,50.3,40.5,40.5,40.5,40.8,40.5,40.5,40.5,40.5,40.5,0.0,86.3,96.6,98.5,90.1,87.8,78.0,82.8,80.9,75.8,13.7,3.4,1.5,9.9,12.2,22.0,17.2,19.1,24.2,0.0,0.0,0.0,0.0,0.0,0.0,0.0,0.0,0.0,1197.8,12.00,16,16,16,39,55,661,1,82.1,81.9,79.5,73.9,77.6,79.8,74.8,73.9,71.4,72.2,71.3,70.4,66.6,66.8,66.4,57.5,55.2,1.319,1.031,1.331,16.565,13.188,16.572,77.671,45.244,4.884,6.614,7.143,5.161,4.767,3.710,4.293,3.984,3.400,22.015,13.583,35.598,45.327,1197.8,1197.8,4048.6,4048.6,4048.6,4048.6,51.5,27.6,86.3,86.2,55.9,No,No,No,1.561,9.890,6.9,50,95.0,100.0,No,No,90848,98730,34,99.0,No,No,3320,0.1,0.1,0.2,0.260,0.154,45489,35280,0.0,0.0,0.0,0.000,0.000,151,0,70.5,92.1,83.0,1.069,12.063,12.104,12.104,11.980,1946,138.957,61.952,117.481,42.329,100.428,29.254,71.015,0.336,117.481,25.316,20.083,95.794,220.000,240.000,1905.0,1750.2,1665.0,1888.6,1800.0,98.0,17.0,0.0,50.0,94.4,20.8,83.3,0.0,0.0,0.0,56,Yes,No,No,Yes,No,No,No,64.9,65.6,4,0,0,0,0,0,0,0,0,105,0,0,0,0,0,0,0,0,0,0,0,0,0,0,0,0,0,0,0,0,456,7736,7575,1728,8.0,0.0,0.0,0.0,0.0,0.0,0.0,0.0,0.0,0.0,0.0,0.0,0.0,0.00,0.00,0.00,0.00,0.00,0.00,0.00,0.00,0.00,0.00,0.00,0,0,0.0,0.0,3177,248,3.1,1.2,0,
3.7.2026,22:51:29.898,29385,16609,63.8,15419,17263,47.1,0.5,13312,69,1.306,1.306,1.306,1.306,1.306,1.306,1.306,1.306,1.306,4042.7,4042.7,4042.7,4042.7,4042.7,4042.7,4042.7,4042.7,4042.7,99.8,2008.7,3931.7,2488.7,2057.6,3572.7,2399.5,1976.7,2172.3,1881.0,1307.1,1323.3,1918.4,1596.0,1743.4,1418.8,1186.7,1164.8,2008.7,47.8,71.8,62.7,50.8,87.1,58.4,48.9,53.6,45.9,32.1,32.5,46.6,39.4,42.6,34.9,29.0,28.6,87.1,47.8,53.7,80.6,70.4,57.1,97.9,65.6,54.9,60.2,51.6,36.0,36.5,52.4,44.2,47.8,39.2,32.5,32.1,53.7,40.5,40.5,40.5,40.5,40.5,40.5,40.5,40.5,40.5,0.0,89.4,97.1,99.4,92.3,90.7,82.7,86.9,85.5,81.0,10.6,2.9,0.6,7.7,9.3,17.3,13.1,14.5,19.0,0.0,0.0,0.0,0.0,0.0,0.0,0.0,0.0,0.0,1197.8,12.00,16,16,16,39,55,661,1,82.1,81.9,80.2,74.3,76.4,80.9,75.1,74.4,71.8,72.7,71.9,70.9,66.7,67.0,66.5,59.2,55.3,1.337,1.025,1.337,17.201,13.112,17.205,80.502,45.984,5.047,6.233,7.560,5.295,4.943,3.897,4.544,4.282,3.623,22.852,13.511,36.362,46.040,1197.8,1197.8,4047.8,4047.8,4047.8,4047.8,52.3,28.7,89.4,86.3,56.5,No,No,No,1.780,8.694,7.2,50,95.0,100.0,No,No,90848,98730,34,99.0,No,No,3320,0.6,0.0,0.7,2.019,0.019,45493,35280,0.0,0.0,0.0,0.000,0.000,151,0,70.9,92.4,83.0,1.069,12.061,12.104,12.102,11.977,1938,141.641,61.040,115.939,42.230,99.434,29.176,70.082,0.336,115.939,25.715,17.035,94.507,220.000,240.000,1905.0,1750.2,1665.0,1888.4,1800.0,92.0,16.0,0.0,45.0,94.5,19.5,78.0,0.0,0.0,0.0,56,Yes,No,No,Yes,No,No,No,64.4,64.3,4,0,0,0,0,0,0,0,0,105,0,0,0,0,0,0,0,0,0,0,0,0,0,0,0,0,0,0,0,0,448,7744,7583,1729,8.0,0.0,0.0,0.0,0.0,0.0,0.0,0.0,0.0,0.0,0.0,0.0,0.0,0.00,0.00,0.00,0.00,0.00,0.00,0.00,0.00,0.00,0.00,0.00,0,0,0.0,0.0,3177,248,8.6,12.0,0,
3.7.2026,22:51:31.899,29503,16490,64.1,15548,17133,47.5,0.5,13312,69,1.305,1.300,1.306,1.306,1.306,1.306,1.306,1.306,1.306,4039.6,4017.8,4042.7,4042.7,4042.7,4042.7,4042.7,4042.7,4042.7,99.8,2047.9,3979.8,2348.7,2265.0,3268.3,2551.4,1956.8,2209.5,1880.5,1451.4,1326.2,2004.3,1666.9,1792.6,1483.2,1278.7,1303.3,2047.9,49.2,80.0,58.0,56.1,81.6,62.9,48.0,53.9,47.0,35.4,32.4,49.3,40.7,43.5,36.2,31.3,31.7,81.6,49.2,55.2,89.7,65.1,62.9,91.6,70.5,53.9,60.4,52.7,39.7,36.3,55.3,45.7,48.7,40.6,35.1,35.5,55.2,40.5,40.2,40.5,40.5,40.5,40.5,40.5,40.5,40.5,0.0,89.0,98.4,98.8,92.1,89.7,81.7,86.6,84.3,80.8,11.0,1.6,1.2,7.9,10.3,18.3,13.4,15.7,19.2,0.0,0.0,0.0,0.0,0.0,0.0,0.0,0.0,0.0,1197.8,12.00,16,16,16,39,55,661,1,82.2,82.1,78.2,74.7,77.7,80.1,76.0,74.7,72.1,73.2,72.1,71.5,66.8,67.0,66.6,57.0,54.7,1.325,1.031,1.337,17.371,13.141,17.367,80.136,46.165,5.107,6.516,7.204,5.411,4.994,3.958,4.687,4.334,3.749,23.040,13.541,36.581,46.263,1197.8,1197.8,4045.8,4045.8,4045.8,4045.8,52.6,28.9,89.0,86.4,56.4,No,No,No,1.923,8.828,7.1,50,95.0,100.0,No,No,90848,98730,34,99.0,No,No,3320,12.4,0.1,12.5,41.746,0.179,45570,35281,0.0,0.0,0.0,0.000,0.000,151,0,70.3,91.7,83.0,1.069,12.067,12.109,12.107,11.985,1942,138.214,57.490,109.006,39.669,94.736,28.668,65.897,0.336,109.006,25.390,17.053,85.141,220.000,240.000,1905.0,1750.2,1665.0,1888.6,1800.0,85.0,15.0,0.0,42.0,94.5,19.8,79.0,0.0,0.0,0.0,56,Yes,No,No,Yes,No,No,No,61.9,62.1,4,0,0,0,0,0,0,0,0,105,0,0,0,0,0,0,0,0,0,0,0,0,0,0,0,0,0,0,0,0,452,7740,7578,1728,8.0,0.0,0.0,0.0,0.0,0.0,0.0,0.0,0.0,0.0,0.0,0.0,0.0,0.00,0.00,0.00,0.00,0.00,0.00,0.00,0.00,0.00,0.00,0.00,0,0,0.0,0.0,3177,248,5.9,3.3,0,
3.7.2026,22:51:33.900,29500,16493,64.1,15545,17137,47.5,0.5,13312,69,1.311,1.306,1.306,1.312,1.312,1.312,1.312,1.312,1.312,4042.7,4042.7,4042.7,4042.7,4042.7,4042.7,4042.7,4042.7,4042.7,99.8,1895.8,3964.5,2190.4,2216.6,3246.0,2393.8,1789.9,2040.6,1808.5,1225.2,1207.5,1709.9,1584.1,1585.6,1358.0,1069.9,941.9,1895.8,45.5,78.7,54.1,54.9,80.0,59.5,43.7,50.7,44.4,30.1,29.5,42.3,38.8,39.6,33.1,26.0,22.8,80.0,45.5,51.1,88.4,60.7,61.7,89.9,66.8,49.1,56.9,49.9,33.8,33.1,47.5,43.6,44.5,37.2,29.2,25.6,51.1,40.5,40.5,40.5,40.5,40.5,40.5,40.5,40.5,40.5,0.0,88.1,97.9,99.2,90.8,89.3,80.5,85.0,83.6,78.3,11.9,2.1,0.8,9.2,10.7,19.5,15.0,16.4,21.7,0.0,0.0,0.0,0.0,0.0,0.0,0.0,0.0,0.0,1197.8,12.00,16,16,16,39,55,661,1,82.1,81.8,78.2,73.9,77.3,80.0,75.1,73.9,71.4,72.2,71.4,70.3,66.6,66.9,66.4,58.0,54.9,1.319,1.038,1.325,16.727,13.018,16.728,79.278,45.183,4.917,6.503,7.278,5.124,4.806,3.753,4.367,4.093,3.411,22.224,13.413,35.637,45.269,1197.8,1197.8,4049.2,4049.2,4049.2,4049.2,51.4,27.9,88.1,86.1,56.2,No,No,No,1.647,8.245,7.0,50,95.0,100.0,No,No,90848,98730,34,99.0,No,No,3320,0.1,0.1,0.1,0.224,0.058,45571,35281,0.0,0.0,0.0,0.000,0.000,151,0,70.3,91.3,83.0,1.069,12.062,12.104,12.102,11.978,1938,133.624,60.119,113.560,41.373,97.833,29.024,68.645,0.336,113.560,25.651,17.037,94.174,220.000,240.000,1905.0,1750.2,1665.0,1888.7,1800.0,93.0,17.0,0.0,45.0,94.5,19.5,78.2,0.0,0.0,0.0,56,Yes,No,No,Yes,No,No,No,63.3,59.5,4,0,0,0,0,0,0,0,0,105,0,0,0,0,0,0,0,0,0,0,0,0,0,0,0,0,0,0,0,0,452,7740,7578,1728,8.0,0.0,0.0,0.0,0.0,0.0,0.0,0.0,0.0,0.0,0.0,0.0,0.0,0.00,0.00,0.00,0.00,0.00,0.00,0.00,0.00,0.00,0.00,0.00,0,0,0.0,0.0,3177,248,5.9,1.8,0,
3.7.2026,22:51:35.898,29532,16461,64.2,15584,17098,47.6,0.5,13312,69,1.316,1.319,1.319,1.319,1.319,1.312,1.312,1.312,1.312,4042.7,4042.7,4042.7,4042.7,4042.7,4042.7,4042.7,4042.7,4042.7,99.8,2153.0,3945.9,3293.0,2782.4,2990.6,2100.9,2446.5,1994.2,2271.4,1379.2,1534.7,1815.6,1879.5,1709.6,1634.0,1394.0,1276.7,2153.0,50.8,59.6,81.6,69.1,75.3,52.1,60.0,49.4,55.2,34.1,37.7,44.8,46.3,42.1,40.2,34.1,31.3,81.6,50.8,56.6,66.5,91.5,77.3,84.4,58.1,67.0,55.0,61.7,37.7,41.8,49.8,51.5,46.8,44.6,37.8,34.6,56.6,40.5,40.5,40.5,40.5,40.5,40.5,40.5,40.5,40.5,0.0,89.4,97.5,99.6,92.4,90.6,83.0,86.6,84.8,81.1,10.6,2.5,0.4,7.6,9.4,17.0,13.4,15.2,18.9,0.0,0.0,0.0,0.0,0.0,0.0,0.0,0.0,0.0,1197.8,12.00,16,16,16,39,55,661,1,82.0,82.2,76.8,74.6,77.4,81.1,75.2,74.6,72.1,72.9,72.1,71.4,66.8,67.0,66.5,57.5,55.1,1.344,1.038,1.337,17.651,13.066,17.648,80.501,46.406,5.144,6.503,7.561,5.292,5.050,4.054,4.557,4.348,3.788,23.430,13.465,36.895,46.540,1197.8,1197.8,4046.9,4046.9,4046.9,4046.9,52.9,29.4,89.4,86.5,56.9,No,No,No,1.793,8.329,7.2,50,95.0,100.0,No,No,90848,98730,34,99.0,No,No,3320,0.5,0.0,0.6,2.821,0.110,45576,35281,0.0,0.0,0.0,0.000,0.000,151,0,69.7,90.7,83.0,1.069,12.073,12.111,12.111,11.998,1942,128.954,58.571,105.313,37.955,90.176,27.331,62.724,0.336,105.313,22.942,43.207,90.412,220.000,240.000,1905.0,1750.2,1665.0,1889.1,1800.0,99.0,13.0,0.0,57.0,94.5,20.7,82.7,0.0,0.0,0.0,56,Yes,No,No,Yes,No,No,No,57.7,59.2,4,0,0,0,0,0,0,0,0,105,0,0,0,0,0,0,0,0,0,0,0,0,0,0,0,0,0,0,0,0,453,7739,7578,1727,8.0,0.0,0.0,0.0,0.0,0.0,0.0,0.0,0.0,0.0,0.0,0.0,0.0,0.00,0.00,0.00,0.00,0.00,0.00,0.00,0.00,0.00,0.00,0.00,0,0,0.0,0.0,3177,248,6.5,10.8,0,
3.7.2026,22:51:37.902,29538,16455,64.2,15599,17083,47.7,0.5,13312,69,1.297,1.306,1.312,1.319,1.288,1.288,1.288,1.288,1.288,4027.1,4042.7,4042.7,4042.7,4017.8,4017.8,4017.8,4017.8,4017.8,99.8,1922.7,3904.4,3168.7,1992.6,3475.1,2001.3,2088.0,1687.4,1998.1,1189.0,1149.6,1571.0,1677.7,1456.1,1417.7,1038.6,947.0,1922.7,44.6,54.0,78.3,49.4,83.8,48.1,52.8,41.1,49.6,29.8,27.8,39.0,40.4,35.5,35.5,25.6,23.0,83.8,44.6,50.1,60.7,88.0,55.4,94.2,54.0,59.3,46.1,55.7,33.5,31.3,43.8,45.4,39.9,39.8,28.7,25.8,50.1,40.3,40.5,40.5,40.5,40.2,40.2,40.2,40.2,40.2,0.0,86.4,96.4,98.8,89.5,87.8,78.1,83.6,81.7,75.5,13.6,3.6,1.2,10.5,12.2,21.9,16.4,18.3,24.5,0.0,0.0,0.0,0.0,0.0,0.0,0.0,0.0,0.0,1197.8,12.00,16,16,16,39,55,661,1,81.9,81.7,80.2,73.9,76.9,80.3,74.9,73.9,71.2,72.1,71.4,70.1,66.4,66.7,66.2,58.8,54.9,1.331,1.025,1.337,16.692,13.272,16.696,77.768,45.543,4.928,6.433,7.363,5.215,4.847,3.674,4.398,4.117,3.376,22.186,13.669,35.855,45.615,1197.8,1197.8,4049.6,4049.7,4049.5,4049.7,51.8,27.8,86.4,86.0,56.0,No,No,No,1.509,10.495,6.9,50,95.0,100.0,No,No,90848,98730,34,99.0,No,No,3320,0.3,0.1,0.4,1.216,0.120,45579,35281,0.0,0.0,0.0,0.000,0.000,151,0,70.0,91.0,83.0,1.069,12.072,12.109,12.110,11.998,1938,131.289,56.816,103.787,37.963,90.174,27.763,62.282,0.336,103.787,24.447,21.176,96.444,220.000,240.000,1905.0,1750.2,1665.0,1888.9,1800.0,99.0,14.0,0.0,58.0,94.4,21.6,86.3,0.0,0.0,0.0,56,Yes,No,No,Yes,No,No,No,58.3,55.9,4,0,0,0,0,0,0,0,0,105,0,0,0,0,0,0,0,0,0,0,0,0,0,0,0,0,0,0,0,0,456,7736,7575,1727,8.0,0.0,0.0,0.0,0.0,0.0,0.0,0.0,0.0,0.0,0.0,0.0,0.0,0.00,0.00,0.00,0.00,0.00,0.00,0.00,0.00,0.00,0.00,0.00,0,0,0.0,0.0,3177,248,5.0,3.0,0,
3.7.2026,22:51:39.908,29535,16459,64.2,15594,17087,47.7,0.5,13312,69,1.312,1.306,1.294,1.306,1.306,1.306,1.325,1.325,1.325,4039.6,4017.8,4017.8,4042.7,4042.7,4067.7,4042.7,4042.7,4042.7,99.8,2006.8,3906.6,2452.4,1999.6,3558.1,2162.7,2206.1,2044.5,1947.5,1357.8,1264.6,1762.8,1732.0,1637.3,1510.3,1318.9,1247.6,2006.8,46.9,70.7,60.3,49.2,88.6,53.1,53.4,48.1,48.1,31.3,30.0,41.7,42.6,39.3,36.0,30.8,27.0,88.6,46.9,53.0,79.6,67.9,55.5,99.6,59.9,60.2,54.3,54.4,35.6,34.1,47.2,48.1,44.5,40.8,35.0,30.7,53.0,40.5,40.2,40.2,40.5,40.5,40.8,40.5,40.5,40.5,0.0,87.9,96.5,99.2,91.4,89.1,79.5,85.1,82.9,79.1,12.1,3.5,0.8,8.6,10.9,20.5,14.9,17.1,20.9,0.0,0.0,0.0,0.0,0.0,0.0,0.0,0.0,0.0,1197.8,12.00,16,16,16,39,55,661,1,81.9,81.9,78.8,74.2,76.7,80.6,75.1,74.6,71.6,72.5,71.8,71.0,66.4,66.6,66.2,57.0,54.7,1.331,1.025,1.337,17.134,13.275,17.125,79.074,46.033,5.128,6.330,7.480,5.361,5.170,3.922,4.551,4.375,3.837,22.771,13.674,36.445,46.180,1197.8,1197.8,4048.1,4048.1,4048.1,4048.1,52.5,28.5,87.9,86.2,55.7,No,No,No,1.518,10.408,7.0,50,95.0,100.0,No,No,90848,98730,34,99.0,No,No,3320,0.2,0.1,0.2,0.326,0.117,45579,35282,0.0,0.0,0.0,0.000,0.000,151,0,69.7,90.3,83.0,1.069,12.072,12.108,12.110,11.997,1931,126.756,56.255,105.911,38.613,90.536,27.797,62.610,0.336,105.911,23.329,18.926,88.578,220.000,240.000,1905.0,1750.2,1665.0,1889.2,1800.0,99.0,13.0,0.0,59.0,94.4,22.0,88.2,0.0,0.0,0.0,56,Yes,No,No,Yes,No,No,No,58.7,59.6,4,0,0,0,0,0,0,0,0,105,0,0,0,0,0,0,0,0,0,0,0,0,0,0,0,0,0,0,0,0,455,7737,7576,1729,8.0,0.0,0.0,0.0,0.0,0.0,0.0,0.0,0.0,0.0,0.0,0.0,0.0,0.00,0.00,0.00,0.00,0.00,0.00,0.00,0.00,0.00,0.00,0.00,0,0,0.0,0.0,3177,248,6.3,4.5,0,
3.7.2026,22:51:41.903,29542,16452,64.2,15601,17081,47.7,0.5,13312,69,1.296,1.294,1.312,1.312,1.288,1.288,1.288,1.294,1.294,4017.8,4017.8,4017.8,4017.8,4017.8,4017.8,4017.8,4017.8,4017.8,99.8,1815.4,3940.9,2124.9,2661.2,2517.3,2409.3,1590.0,2049.9,1602.4,1218.9,1058.9,1766.5,1367.4,1586.1,1190.5,1107.3,855.5,1815.4,44.2,78.3,52.3,65.8,66.1,59.5,39.4,51.5,39.3,30.6,26.6,43.8,34.5,39.1,29.7,27.6,23.5,78.3,44.2,49.6,87.9,58.8,73.9,74.3,66.8,44.2,57.8,44.1,34.3,29.8,49.2,38.7,43.8,33.3,30.9,26.3,49.6,40.2,40.2,40.2,40.2,40.2,40.2,40.2,40.2,40.2,0.0,86.3,97.3,98.3,89.4,87.5,77.7,83.4,81.0,76.3,13.7,2.7,1.7,10.6,12.5,22.3,16.6,19.0,23.7,0.0,0.0,0.0,0.0,0.0,0.0,0.0,0.0,0.0,1197.8,12.00,16,16,16,39,55,661,1,81.6,81.5,80.0,73.6,77.9,78.6,74.5,73.8,71.1,71.9,71.0,70.2,66.3,66.6,66.1,57.2,54.7,1.319,1.031,1.337,16.257,13.232,16.265,77.713,44.983,4.862,6.660,6.973,5.074,4.800,3.668,4.301,4.042,3.377,21.612,13.630,35.242,44.985,1197.8,1197.8,4049.6,4049.6,4049.6,4049.6,51.1,27.1,86.3,85.8,55.2,No,No,No,1.533,10.198,6.9,50,95.0,100.0,No,No,90848,98730,34,99.0,No,No,3320,0.1,0.0,0.2,0.273,0.074,45580,35282,0.0,0.0,0.0,0.000,0.000,151,0,70.3,91.5,83.0,1.069,12.072,12.111,12.111,11.994,1931,133.820,58.267,108.850,39.653,93.705,28.258,65.315,0.336,108.850,24.603,17.365,95.734,220.000,240.000,1905.0,1750.2,1665.0,1889.0,1800.0,99.0,15.0,0.0,55.0,94.4,21.1,84.5,0.0,0.0,0.0,56,Yes,No,No,Yes,No,No,No,60.7,60.7,4,0,0,0,0,0,0,0,0,105,0,0,0,0,0,0,0,0,0,0,0,0,0,0,0,0,0,0,0,0,455,7737,7575,1728,8.0,0.0,0.0,0.0,0.0,0.0,0.0,0.0,0.0,0.0,0.0,0.0,0.0,0.00,0.00,0.00,0.00,0.00,0.00,0.00,0.00,0.00,0.00,0.00,0,0,0.0,0.0,3177,248,13.0,5.9,0,
3.7.2026,22:51:43.909,29540,16454,64.2,15598,17084,47.7,0.5,13312,69,1.310,1.306,1.312,1.306,1.306,1.312,1.312,1.306,1.319,4045.8,4067.7,4042.7,4042.7,4042.7,4042.7,4042.7,4042.7,4042.7,99.8,1851.6,3910.7,2371.3,2086.7,3308.7,2459.6,1674.1,1962.7,1626.6,1228.8,1014.9,1734.3,1442.4,1584.2,1242.7,1029.6,947.6,1851.6,44.2,71.7,58.7,52.0,81.1,60.6,41.3,48.9,40.0,30.8,25.0,43.0,35.5,39.6,30.6,25.6,23.6,81.1,44.2,49.4,80.4,65.7,58.1,91.1,67.9,46.2,54.7,44.6,34.2,27.7,48.1,39.6,44.2,34.0,28.4,26.1,49.4,40.5,40.8,40.5,40.5,40.5,40.5,40.5,40.5,40.5,0.0,86.6,96.5,98.5,90.6,87.3,77.7,83.8,81.9,76.1,13.4,3.5,1.5,9.4,12.7,22.3,16.2,18.1,23.9,0.0,0.0,0.0,0.0,0.0,0.0,0.0,0.0,0.0,1197.8,12.00,16,16,16,39,55,661,1,81.6,81.4,78.2,73.5,77.1,79.4,74.6,73.3,70.9,71.7,71.1,69.9,66.2,66.5,66.0,59.2,55.2,1.300,1.038,1.306,16.328,13.260,16.322,77.929,44.927,4.862,6.480,7.237,5.187,4.660,3.614,4.292,4.080,3.347,21.708,13.656,35.364,45.092,1197.8,1197.8,4050.7,4050.7,4050.7,4050.7,51.2,27.2,86.6,85.7,55.5,No,No,No,1.476,10.316,6.9,50,95.0,100.0,No,No,90848,98730,34,99.0,No,No,3320,0.2,0.0,0.2,0.633,0.037,45581,35282,0.0,0.0,0.0,0.000,0.000,151,0,70.1,91.1,83.0,1.069,12.064,12.103,12.105,11.984,1923,130.046,58.977,112.312,40.751,96.356,28.810,67.394,0.336,112.312,24.846,17.551,89.100,220.000,240.000,1905.0,1750.2,1665.0,1889.0,1800.0,98.0,15.0,0.0,54.0,94.4,21.4,85.5,0.0,0.0,0.0,55,Yes,No,No,Yes,No,No,No,62.3,61.8,4,0,0,0,0,0,0,0,0,105,0,0,0,0,0,0,0,0,0,0,0,0,0,0,0,0,0,0,0,0,456,7736,7574,1728,8.0,0.0,0.0,0.0,0.0,0.0,0.0,0.0,0.0,0.0,0.0,0.0,0.0,0.00,0.00,0.00,0.00,0.00,0.00,0.00,0.00,0.00,0.00,0.00,0,0,0.0,0.0,3177,248,16.5,1.8,0,
3.7.2026,22:51:45.900,29540,16453,64.2,15594,17088,47.7,0.5,13312,69,1.292,1.300,1.312,1.312,1.288,1.288,1.300,1.269,1.269,4014.6,4042.7,4042.7,4017.8,4017.8,4017.8,3992.8,3992.8,3992.8,99.8,1938.6,3954.7,3249.1,1952.0,3405.7,1991.5,2139.7,1765.0,1980.5,1192.2,1179.0,1622.5,1617.4,1487.0,1446.6,1038.0,997.3,1938.6,44.7,55.6,80.1,48.3,84.4,49.1,52.2,42.6,48.4,28.7,28.1,39.2,39.5,36.0,34.9,24.8,23.7,84.4,44.7,50.4,62.6,90.1,54.4,94.9,55.3,58.8,48.0,54.4,32.5,31.8,44.2,44.6,40.6,39.4,28.1,26.8,50.4,40.2,40.5,40.5,40.2,40.2,40.2,40.0,40.0,40.0,0.0,87.5,97.6,98.6,90.4,88.5,80.1,84.4,82.9,77.7,12.5,2.4,1.4,9.6,11.5,19.9,15.6,17.1,22.3,0.0,0.0,0.0,0.0,0.0,0.0,0.0,0.0,0.0,1197.8,12.00,16,16,16,39,55,661,1,81.5,81.6,78.5,73.8,77.8,79.5,74.8,73.7,71.2,71.9,71.2,70.1,66.3,66.6,66.1,59.2,55.6,1.300,1.025,1.300,16.799,13.105,16.799,78.774,45.398,4.962,6.778,7.196,5.159,4.846,3.771,4.367,4.141,3.438,22.330,13.499,35.830,45.513,1197.8,1197.8,4050.2,4050.2,4050.2,4050.2,51.7,28.0,87.5,85.9,56.2,No,No,No,1.539,9.293,7.0,50,95.0,100.0,No,No,90848,98730,34,99.0,No,No,3320,0.2,0.0,0.2,0.662,0.014,45582,35282,0.0,0.0,0.0,0.000,0.000,151,0,71.7,93.2,83.0,1.069,12.061,12.105,12.103,11.975,1923,142.003,63.878,118.619,43.808,103.260,29.793,73.284,0.336,118.619,28.426,17.355,105.276,220.000,240.000,1905.0,1750.2,1665.0,1888.3,1800.0,93.0,17.0,0.0,46.0,94.4,21.2,84.8,0.0,0.0,0.0,55,Yes,No,No,Yes,No,No,No,66.8,66.9,4,0,0,0,0,0,0,0,0,105,0,0,0,0,0,0,0,0,0,0,0,0,0,0,0,0,0,0,0,0,457,7735,7574,1734,8.0,0.0,0.0,0.0,0.0,0.0,0.0,0.0,0.0,0.0,0.0,0.0,0.0,0.00,0.00,0.00,0.00,0.00,0.00,0.00,0.00,0.00,0.00,0.00,0,0,0.0,0.0,3177,248,12.9,6.0,0,
3.7.2026,22:51:47.903,29345,16649,63.8,15402,17280,47.1,0.5,13312,69,1.294,1.300,1.312,1.306,1.281,1.288,1.288,1.288,1.288,4027.1,4042.7,4042.7,4042.7,4017.8,4017.8,4017.8,4017.8,4017.8,99.8,2090.1,3990.5,3539.5,2616.2,3012.7,2135.9,2309.4,1904.4,2097.0,1346.9,1340.4,1785.8,1777.3,1648.0,1555.1,1217.9,1164.6,2090.1,48.9,54.4,87.7,64.6,72.2,53.5,56.9,46.9,52.3,33.1,34.0,44.5,43.7,41.0,39.0,30.1,29.1,87.7,48.9,54.8,60.9,98.4,72.5,80.9,59.9,63.7,52.5,58.6,36.9,38.0,49.8,48.9,45.9,43.5,33.6,32.5,54.8,40.3,40.5,40.5,40.5,40.2,40.2,40.2,40.2,40.2,0.0,89.2,98.6,98.8,91.8,89.9,82.5,86.7,84.9,80.4,10.8,1.4,1.2,8.2,10.1,17.5,13.3,15.1,19.6,0.0,0.0,0.0,0.0,0.0,0.0,0.0,0.0,0.0,1197.8,12.00,16,16,16,39,55,661,1,81.5,81.7,80.2,74.2,78.5,79.0,75.2,74.2,71.7,72.3,71.7,70.7,66.5,66.7,66.2,58.0,54.9,1.331,1.038,1.337,17.371,13.032,17.374,80.282,46.069,5.068,6.934,7.033,5.297,4.965,3.916,4.505,4.262,3.628,23.075,13.426,36.501,46.141,1197.8,1197.8,4048.2,4048.2,4048.2,4048.2,52.4,29.0,89.2,86.0,56.7,No,No,No,1.838,8.088,7.1,50,95.0,100.0,No,No,90848,98730,34,99.0,No,No,3320,1.3,0.0,1.3,5.507,0.044,45594,35282,0.0,0.0,0.0,0.000,0.000,151,0,71.5,93.2,83.0,1.069,12.059,12.102,12.100,11.975,1923,146.621,63.192,117.576,42.830,101.824,29.518,72.114,0.336,117.576,27.037,17.816,105.298,220.000,240.000,1905.0,1750.2,1665.0,1888.5,1800.0,96.0,18.0,0.0,47.0,94.5,19.8,79.1,0.0,0.0,0.0,55,Yes,No,No,Yes,No,No,No,65.7,63.8,4,0,0,0,0,0,0,0,0,105,0,0,0,0,0,0,0,0,0,0,0,0,0,0,0,0,0,0,0,0,448,7744,7583,1759,8.0,0.0,0.0,0.0,0.0,0.0,0.0,0.0,0.0,0.0,0.0,0.0,0.0,0.00,0.00,0.00,0.00,0.00,0.00,0.00,0.00,0.00,0.00,0.00,0,0,0.0,0.0,3177,248,3.8,13.3,0,
3.7.2026,22:51:49.901,29305,16688,63.7,15372,17310,47.0,0.5,13312,69,1.296,1.306,1.312,1.300,1.300,1.288,1.288,1.288,1.288,4024.0,4042.7,4042.7,4017.8,4017.8,4017.8,4017.8,4017.8,4017.8,99.8,2175.2,3974.6,3144.4,2978.4,2917.0,2800.5,1982.1,2334.8,1975.8,1484.0,1373.3,1966.8,1764.7,1954.6,1571.4,1267.9,1312.3,2175.2,51.0,62.8,77.8,71.9,74.5,65.7,50.4,56.2,49.0,36.2,32.5,48.1,43.0,47.2,37.8,30.8,31.3,77.8,51.0,57.4,70.7,87.4,80.8,83.7,73.9,56.8,63.3,55.2,40.9,36.7,54.1,48.5,53.1,42.6,34.9,35.4,57.4,40.3,40.5,40.5,40.2,40.2,40.2,40.2,40.2,40.2,0.0,90.7,98.2,99.8,94.4,92.1,84.1,88.3,86.8,81.9,9.3,1.8,0.2,5.6,7.9,15.9,11.7,13.2,18.1,0.0,0.0,0.0,0.0,0.0,0.0,0.0,0.0,0.0,1197.8,12.00,16,16,16,39,55,661,1,81.8,82.2,82.0,75.0,78.4,80.8,76.4,75.4,72.2,73.0,72.5,71.1,66.7,66.9,66.4,59.0,55.3,1.337,1.025,1.337,18.354,12.969,18.349,81.640,47.227,5.354,6.803,7.634,5.818,5.333,4.129,4.708,4.627,3.778,24.371,13.365,37.736,47.324,1197.8,1197.8,4046.7,4046.7,4046.7,4046.7,53.8,30.6,90.7,86.6,57.1,No,No,No,1.741,7.456,7.3,50,95.0,100.0,No,No,90848,98730,34,99.0,No,No,3320,0.3,0.1,0.4,1.167,0.151,45596,35282,0.0,0.0,0.0,0.000,0.000,151,0,71.4,93.3,83.0,1.069,12.059,12.105,12.101,11.971,1923,144.621,60.268,112.493,41.712,98.429,29.675,68.499,0.336,112.493,27.450,18.090,93.503,220.000,240.000,1905.0,1750.2,1665.0,1888.4,1800.0,67.0,18.0,0.0,22.0,94.5,17.6,70.5,0.0,0.0,0.0,55,Yes,No,No,Yes,No,No,No,63.6,67.9,4,0,0,0,0,0,0,0,0,105,0,0,0,0,0,0,0,0,0,0,0,0,0,0,0,0,0,0,0,0,448,7744,7583,1759,8.0,0.0,0.0,0.0,0.0,0.0,0.0,0.0,0.0,0.0,0.0,0.0,0.0,0.00,0.00,0.00,0.00,0.00,0.00,0.00,0.00,0.00,0.00,0.00,0,0,0.0,0.0,3177,248,4.4,15.9,0,
3.7.2026,22:51:51.909,29337,16657,63.7,15407,17275,47.1,0.5,13312,69,1.293,1.294,1.306,1.306,1.288,1.288,1.288,1.288,1.288,4024.0,4017.8,4042.7,4042.7,4017.8,4017.8,4017.8,4017.8,4017.8,99.8,2173.4,3990.8,2344.8,2726.9,3217.8,2963.4,1993.2,2589.0,1860.4,1507.5,1464.7,2164.5,1716.0,1935.9,1671.4,1299.1,1329.2,2173.4,52.1,80.9,57.5,69.4,78.9,74.4,46.5,63.4,44.7,36.4,35.3,52.4,42.3,47.6,40.2,31.2,31.8,80.9,52.1,58.5,91.0,64.9,78.2,88.6,83.5,52.3,71.2,50.2,40.9,39.7,58.8,47.5,53.5,45.2,35.1,35.8,58.5,40.3,40.2,40.5,40.5,40.2,40.2,40.2,40.2,40.2,0.0,91.4,98.7,99.8,96.2,92.6,84.6,89.0,87.7,82.6,8.6,1.3,0.2,3.8,7.4,15.4,11.0,12.3,17.4,0.0,0.0,0.0,0.0,0.0,0.0,0.0,0.0,0.0,1197.8,12.00,16,16,16,39,55,661,1,82.2,82.9,80.8,75.9,78.7,81.8,78.2,76.4,72.9,73.9,73.1,71.8,67.1,67.3,66.8,58.5,55.0,1.344,1.031,1.344,19.442,12.521,19.440,82.253,48.009,5.572,6.749,7.865,6.251,5.651,4.302,5.034,4.773,3.951,25.796,12.916,38.712,48.137,1197.8,1197.8,4044.8,4044.8,4044.8,4044.8,54.7,32.4,91.4,87.3,58.0,No,No,No,1.859,4.402,7.3,50,95.0,100.0,No,No,90848,98730,34,99.0,No,No,3320,1.9,0.0,1.9,5.549,0.031,45606,35282,0.0,0.0,0.0,0.000,0.000,151,0,71.0,92.6,83.0,1.069,12.052,12.099,12.095,11.960,1919,139.938,62.818,119.545,44.476,103.897,30.331,73.320,0.336,119.545,28.659,14.642,93.430,220.000,240.000,1905.0,1750.2,1665.0,1888.4,1800.0,69.0,19.0,0.0,23.0,94.5,15.1,60.5,0.0,0.0,0.0,55,Yes,No,No,Yes,No,No,No,67.4,63.4,4,0,0,0,0,0,0,0,0,105,0,0,0,0,0,0,0,0,0,0,0,0,0,0,0,0,0,0,0,0,454,7738,7576,1692,8.0,0.0,0.0,0.0,0.0,0.0,0.0,0.0,0.0,0.0,0.0,0.0,0.0,0.00,0.00,0.00,0.00,0.00,0.00,0.00,0.00,0.00,0.00,0.00,0,0,0.0,0.0,3177,248,6.1,13.5,0,
3.7.2026,22:51:53.898,29330,16664,63.7,15400,17282,47.1,0.5,13312,69,1.309,1.306,1.306,1.306,1.312,1.312,1.312,1.312,1.300,4042.7,4042.7,4042.7,4042.7,4042.7,4042.7,4042.7,4042.7,4042.7,99.8,2188.2,4010.4,3327.3,2515.1,3461.4,2589.5,2276.8,2375.6,1954.1,1426.6,1440.5,2064.7,1706.8,1923.9,1479.2,1208.2,1251.4,2188.2,52.1,60.2,82.6,62.8,85.1,66.5,55.1,59.6,48.6,36.0,35.5,51.9,42.1,48.0,37.1,30.3,31.4,85.1,52.1,58.0,67.0,92.4,69.8,95.4,74.4,61.6,66.6,54.1,40.0,39.4,57.9,46.8,53.5,41.1,33.6,34.8,58.0,40.5,40.5,40.5,40.5,40.5,40.5,40.5,40.5,40.5,0.0,91.2,99.1,99.8,96.3,92.6,84.1,88.3,87.0,82.3,8.8,0.9,0.2,3.7,7.4,15.9,11.7,13.0,17.7,0.0,0.0,0.0,0.0,0.0,0.0,0.0,0.0,0.0,1197.8,12.00,16,16,16,39,55,661,1,82.4,82.9,80.5,75.9,79.2,82.2,78.2,76.2,72.7,73.6,72.9,71.8,67.1,67.4,66.9,57.0,55.0,1.331,1.031,1.337,19.242,12.504,19.247,82.070,47.785,5.508,7.020,7.902,6.216,5.462,4.169,4.863,4.592,3.835,25.534,12.899,38.433,47.854,1197.8,1197.8,4045.0,4045.0,4045.0,4045.0,54.4,32.1,91.2,87.3,57.6,No,No,No,1.816,4.227,7.3,50,95.0,100.0,No,No,90848,98730,34,99.0,No,No,3320,0.1,0.1,0.1,0.152,0.088,45606,35282,0.0,0.0,0.0,0.000,0.000,151,0,71.2,93.0,83.0,1.069,12.055,12.101,12.099,11.966,1919,140.765,63.462,119.054,44.109,102.576,30.370,71.969,0.336,119.054,27.484,17.074,102.591,220.000,240.000,1905.0,1750.2,1665.0,1888.4,1800.0,63.0,16.0,0.0,21.0,94.5,15.3,61.1,0.0,0.0,0.0,55,Yes,No,No,Yes,No,No,No,66.6,66.7,4,0,0,0,0,0,0,0,0,105,0,0,0,0,0,0,0,0,0,0,0,0,0,0,0,0,0,0,0,0,455,7737,7576,1700,8.0,0.0,0.0,0.0,0.0,0.0,0.0,0.0,0.0,0.0,0.0,0.0,0.0,0.00,0.00,0.00,0.00,0.00,0.00,0.00,0.00,0.00,0.00,0.00,0,0,0.0,0.0,3177,248,5.6,4.3,0,
3.7.2026,22:51:55.897,29336,16657,63.7,15404,17277,47.1,0.5,13312,69,1.308,1.306,1.312,1.306,1.300,1.306,1.306,1.312,1.312,4039.6,4042.7,4042.7,4017.8,4042.7,4042.7,4042.7,4042.7,4042.7,99.8,2264.6,4007.2,3608.0,2705.1,3308.7,1917.4,3051.9,2096.8,2280.1,1434.5,1542.8,1831.3,2019.5,1705.2,1866.5,1478.7,1379.1,2264.6,52.9,56.1,89.4,67.2,83.3,46.2,76.0,51.8,55.0,34.8,37.6,44.6,49.2,41.8,45.1,35.4,32.7,89.4,52.9,59.3,63.0,100.2,75.4,93.4,51.8,85.2,58.1,61.7,39.1,42.2,50.0,55.2,46.9,50.6,39.7,36.8,59.3,40.5,40.5,40.5,40.2,40.5,40.5,40.5,40.5,40.5,0.0,91.5,99.2,99.8,95.9,92.4,85.0,88.4,87.5,84.3,8.5,0.8,0.2,4.1,7.6,15.0,11.6,12.5,15.7,0.0,0.0,0.0,0.0,0.0,0.0,0.0,0.0,0.0,1197.8,12.00,16,16,16,39,55,661,1,82.5,83.2,84.0,76.4,80.1,81.7,78.7,76.6,73.4,74.3,73.6,73.2,67.2,67.4,67.0,58.2,54.9,1.306,1.044,1.319,19.957,12.510,19.957,82.388,48.689,5.689,7.202,7.782,6.257,5.557,4.392,5.030,4.820,4.470,26.461,12.911,39.372,48.800,1197.8,1197.8,4041.3,4041.3,4041.3,4041.3,55.5,33.3,91.5,87.6,58.2,No,No,No,1.779,4.463,7.3,50,95.0,100.0,No,No,90848,98730,34,99.0,No,No,3320,0.3,0.0,0.3,1.388,0.039,45608,35282,0.0,0.0,0.0,0.000,0.000,151,0,71.8,93.6,83.0,1.069,12.053,12.100,12.097,11.963,1916,140.881,62.721,118.201,43.729,103.887,30.612,73.023,0.336,118.201,29.227,7.890,102.108,220.000,240.000,1905.0,1750.2,1665.0,1888.3,1800.0,76.0,21.0,0.0,27.0,94.5,15.7,62.7,0.0,0.0,0.0,55,Yes,No,No,Yes,No,No,No,67.0,63.7,4,0,0,0,0,0,0,0,0,105,0,0,0,0,0,0,0,0,0,0,0,0,0,0,0,0,0,0,0,0,455,7737,7576,1726,8.0,0.0,0.0,0.0,0.0,0.0,0.0,0.0,0.0,0.0,0.0,0.0,0.0,0.00,0.00,0.00,0.00,0.00,0.00,0.00,0.00,0.00,0.00,0.00,0,0,0.0,0.0,3177,248,7.4,2.5,0,
3.7.2026,22:51:57.903,29340,16654,63.7,15405,17276,47.1,0.5,13312,69,1.311,1.300,1.312,1.312,1.312,1.312,1.312,1.312,1.312,4042.7,4042.7,4042.7,4042.7,4042.7,4042.7,4042.7,4042.7,4042.7,99.8,2136.5,3999.1,3333.8,2713.4,3253.2,2144.0,2754.5,1995.6,2193.4,1244.8,1391.5,1679.1,1948.0,1583.7,1648.8,1068.9,1232.6,2136.5,49.9,58.1,82.6,65.4,79.4,50.4,70.7,49.2,54.0,30.3,34.0,41.2,47.6,38.7,40.6,26.2,29.8,82.6,49.9,56.2,65.3,92.7,73.5,89.2,56.7,79.5,55.5,60.8,34.3,38.4,46.5,53.6,43.7,45.8,29.8,33.7,56.2,40.5,40.5,40.5,40.5,40.5,40.5,40.5,40.5,40.5,0.0,90.4,98.9,99.7,96.6,91.4,82.7,87.5,85.6,80.8,9.6,1.1,0.3,3.4,8.6,17.3,12.5,14.4,19.2,0.0,0.0,0.0,0.0,0.0,0.0,0.0,0.0,0.0,1197.8,12.00,16,16,16,39,55,661,1,82.6,82.7,82.5,75.6,79.5,81.0,78.5,75.8,72.3,73.4,72.5,71.3,67.1,67.4,66.9,57.8,55.1,1.306,1.038,1.312,18.658,12.607,18.654,81.363,47.111,5.383,7.005,7.647,6.259,5.287,3.990,4.748,4.420,3.705,24.750,13.001,37.750,47.195,1197.8,1197.8,4045.0,4045.0,4045.0,4045.0,53.6,31.1,90.4,87.1,57.2,No,No,No,1.765,4.962,7.2,50,95.0,100.0,No,No,90848,98730,34,99.0,No,No,3320,0.0,0.1,0.1,0.064,0.060,45609,35283,0.0,0.0,0.0,0.000,0.000,151,0,72.1,93.8,83.0,1.069,12.064,12.109,12.105,11.979,1919,144.211,58.916,113.936,41.424,99.021,29.456,69.373,0.336,113.936,26.457,8.228,86.992,220.000,240.000,1905.0,1750.2,1665.0,1888.4,1800.0,89.0,18.0,0.0,41.0,94.5,18.1,72.5,0.0,0.0,0.0,55,Yes,No,No,Yes,No,No,No,63.8,66.1,4,0,0,0,0,0,0,0,0,105,0,0,0,0,0,0,0,0,0,0,0,0,0,0,0,0,0,0,0,0,450,7742,7580,1727,8.0,0.0,0.0,0.0,0.0,0.0,0.0,0.0,0.0,0.0,0.0,0.0,0.0,0.00,0.00,0.00,0.00,0.00,0.00,0.00,0.00,0.00,0.00,0.00,0,0,0.0,0.0,3177,248,5.4,2.0,0,
3.7.2026,22:51:59.907,29341,16653,63.7,15416,17265,47.1,0.5,13312,69,1.314,1.312,1.312,1.312,1.312,1.312,1.312,1.319,1.319,4042.7,4042.7,4042.7,4042.7,4042.7,4042.7,4042.7,4042.7,4042.7,99.8,2035.0,4022.9,2415.5,3201.0,2327.6,2714.0,2141.0,2069.4,1983.5,1255.2,1304.4,1807.3,1767.8,1552.0,1587.7,1106.3,1304.8,2035.0,49.5,80.2,59.8,80.2,62.4,67.1,53.4,50.7,49.8,30.9,32.3,44.2,44.5,38.4,39.1,26.8,31.9,80.2,49.5,55.4,89.9,67.0,89.9,69.9,75.3,59.8,56.8,55.8,34.4,36.1,49.4,49.8,42.9,43.7,29.9,35.6,55.4,40.5,40.5,40.5,40.5,40.5,40.5,40.5,40.5,40.5,0.0,89.4,99.4,99.7,95.8,89.9,80.4,86.4,83.6,79.6,10.6,0.6,0.3,4.2,10.1,19.6,13.6,16.4,20.4,0.0,0.0,0.0,0.0,0.0,0.0,0.0,0.0,0.0,1197.8,12.00,16,16,16,39,55,661,1,82.6,82.5,81.0,75.2,80.0,80.1,78.3,75.1,71.9,73.0,71.9,71.1,66.9,67.1,66.7,58.0,55.0,1.325,1.025,1.331,18.185,12.857,18.193,80.421,47.025,5.292,7.139,7.521,6.247,5.071,3.839,4.619,4.233,3.664,24.137,13.255,37.392,46.971,1197.8,1197.8,4046.6,4046.6,4046.6,4046.6,53.4,30.3,89.4,86.9,56.7,No,No,No,1.706,7.077,7.1,50,95.0,100.0,No,No,90848,98730,34,99.0,No,No,3320,0.0,0.0,0.1,0.069,0.010,45609,35283,0.0,0.0,0.0,0.000,0.000,151,0,72.0,93.8,83.0,1.069,12.058,12.101,12.099,11.972,1916,140.092,61.742,116.400,42.741,100.897,29.822,70.878,0.336,116.400,27.164,7.873,104.904,220.000,240.000,1905.0,1750.2,1665.0,1888.7,1800.0,88.0,17.0,0.0,41.0,94.5,19.2,76.8,0.0,0.0,0.0,55,Yes,No,No,Yes,No,No,No,65.3,66.9,4,0,0,0,0,0,0,0,0,105,0,0,0,0,0,0,0,0,0,0,0,0,0,0,0,0,0,0,0,0,452,7740,7579,1727,8.0,0.0,0.0,0.0,0.0,0.0,0.0,0.0,0.0,0.0,0.0,0.0,0.0,0.00,0.00,0.00,0.00,0.00,0.00,0.00,0.00,0.00,0.00,0.00,0,0,0.0,0.0,3177,248,9.6,1.1,0,
3.7.2026,22:52:1.907,29349,16645,63.8,15408,17274,47.1,0.5,13312,69,1.312,1.306,1.319,1.312,1.312,1.312,1.312,1.312,1.312,4067.7,4042.7,4042.7,4042.7,4042.7,4092.6,4092.6,4092.6,4092.6,99.8,1720.4,4001.7,2053.7,1935.4,3280.1,2004.5,1793.3,1691.0,1655.6,972.5,1040.4,1437.9,1429.7,1319.3,1212.6,727.8,971.3,1720.4,41.4,80.4,50.9,48.2,80.9,50.0,44.4,41.9,41.0,24.0,25.7,35.5,35.4,32.6,30.0,18.0,23.9,80.9,41.4,46.3,90.3,57.0,54.0,90.8,56.0,49.7,46.9,45.8,26.7,28.6,39.6,39.5,36.4,33.4,19.9,26.6,46.3,40.8,40.5,40.5,40.5,40.5,41.0,41.0,41.0,41.0,0.0,83.7,98.8,99.1,86.8,84.3,73.4,79.6,76.8,70.8,16.3,1.2,0.9,13.2,15.7,26.6,20.4,23.2,29.2,0.0,0.0,0.0,0.0,0.0,0.0,0.0,0.0,0.0,1197.8,12.00,16,16,16,39,55,661,1,82.0,81.4,78.5,73.2,76.8,80.0,74.2,72.9,70.6,71.5,70.5,69.5,66.3,66.5,66.0,58.0,54.6,1.319,1.031,1.331,15.823,12.812,15.823,75.339,43.724,4.704,6.490,7.363,4.843,4.417,3.456,4.103,3.792,3.165,21.039,13.193,34.232,43.790,1197.8,1197.8,4051.3,4051.5,4051.2,4051.5,49.8,26.4,83.7,85.6,55.7,No,No,No,1.590,7.332,6.7,50,95.0,100.0,No,No,90848,98730,34,99.0,No,No,3320,0.0,0.0,0.0,0.000,0.039,45609,35283,0.0,0.0,0.0,0.000,0.000,151,0,71.2,92.7,83.0,1.069,12.063,12.104,12.102,11.981,1908,139.596,57.235,110.777,39.629,95.670,29.019,66.476,0.336,110.777,24.486,11.074,84.106,220.000,240.000,1905.0,1750.2,1665.0,1888.6,1800.0,89.0,18.0,0.0,41.0,94.5,20.0,80.1,0.0,0.0,0.0,55,Yes,No,No,Yes,No,No,No,61.5,62.8,4,0,0,0,0,0,0,0,0,105,0,0,0,0,0,0,0,0,0,0,0,0,0,0,0,0,0,0,0,0,448,7744,7583,1727,8.0,0.0,0.0,0.0,0.0,0.0,0.0,0.0,0.0,0.0,0.0,0.0,0.0,0.00,0.00,0.00,0.00,0.00,0.00,0.00,0.00,0.00,0.00,0.00,0,0,0.0,0.0,3177,248,10.7,12.6,0,
3.7.2026,22:52:3.907,29364,16630,63.8,15424,17258,47.1,0.5,13312,69,1.307,1.312,1.306,1.306,1.306,1.306,1.306,1.306,1.306,4045.8,4067.7,4042.7,4042.7,4042.7,4042.7,4042.7,4042.7,4042.7,99.8,1867.4,4012.3,2830.5,2888.6,2510.3,2011.7,1927.8,1599.4,1945.5,980.5,1275.8,1426.5,1682.4,1292.9,1457.7,854.2,1182.6,1867.4,43.8,65.3,69.6,71.3,63.1,49.3,47.3,39.0,47.7,24.1,31.0,35.2,41.0,31.6,35.5,20.7,29.0,71.3,43.8,49.2,73.4,78.2,80.1,71.0,55.4,53.2,43.8,53.7,27.1,34.9,39.6,46.1,35.5,39.9,23.3,32.6,49.2,40.5,40.8,40.5,40.5,40.5,40.5,40.5,40.5,40.5,0.0,84.9,99.0,98.9,87.7,85.1,75.2,81.2,78.5,73.5,15.1,1.0,1.1,12.3,14.9,24.8,18.8,21.5,26.5,0.0,0.0,0.0,0.0,0.0,0.0,0.0,0.0,0.0,1197.8,12.00,16,16,16,39,55,661,1,81.6,81.4,77.5,73.2,78.8,77.8,74.3,72.7,70.8,71.3,70.6,69.6,66.0,66.3,65.8,58.2,54.6,1.344,1.025,1.331,16.296,12.872,16.296,76.408,44.435,4.810,7.077,6.923,4.954,4.519,3.580,4.193,3.911,3.326,21.679,13.257,34.936,44.530,1197.8,1197.8,4052.1,4052.5,4051.7,4052.5,50.6,27.2,84.9,85.7,56.2,No,No,No,1.632,7.815,6.8,50,95.0,100.0,No,No,90848,98730,34,99.0,No,No,3320,0.0,0.0,0.0,0.000,0.205,45609,35283,0.0,0.0,0.0,0.000,0.000,151,0,72.0,93.5,83.0,1.069,12.053,12.098,12.096,11.966,1908,145.913,66.532,121.885,44.048,104.832,30.417,74.217,0.336,121.885,26.937,39.964,100.805,220.000,240.000,1905.0,1750.2,1665.0,1888.6,1800.0,97.0,19.0,0.0,47.0,94.5,20.6,82.5,0.0,0.0,0.0,55,Yes,No,No,Yes,No,No,No,67.6,65.1,4,0,0,0,0,0,0,0,0,105,0,0,0,0,0,0,0,0,0,0,0,0,0,0,0,0,0,0,0,0,448,7744,7583,1727,8.0,0.0,0.0,0.0,0.0,0.0,0.0,0.0,0.0,0.0,0.0,0.0,0.0,0.00,0.00,0.00,0.00,0.00,0.00,0.00,0.00,0.00,0.00,0.00,0,0,0.0,0.0,3177,248,4.1,10.8,0,
3.7.2026,22:52:5.898,29359,16635,63.8,15429,17252,47.2,0.5,13312,69,1.317,1.306,1.306,1.319,1.319,1.319,1.319,1.325,1.325,4042.7,4042.7,4042.7,4042.7,4042.7,4042.7,4042.7,4042.7,4042.7,99.8,1805.7,3999.2,3315.4,1923.2,3461.8,1685.9,2116.2,1403.4,1928.1,835.7,1161.6,1191.3,1627.2,1121.5,1403.0,672.5,1045.8,1805.7,41.5,53.2,81.8,48.6,84.5,41.2,52.1,34.2,47.2,20.3,28.8,29.1,40.0,27.3,34.6,16.3,25.6,84.5,41.5,46.6,59.7,92.0,54.6,95.0,46.2,58.6,38.4,53.0,22.7,32.2,32.6,44.8,30.6,38.8,18.2,28.6,46.6,40.5,40.5,40.5,40.5,40.5,40.5,40.5,40.5,40.5,0.0,83.9,98.6,98.8,87.2,84.6,73.5,79.7,77.5,71.7,16.1,1.4,1.2,12.8,15.4,26.5,20.3,22.5,28.3,0.0,0.0,0.0,0.0,0.0,0.0,0.0,0.0,0.0,1197.8,12.00,16,16,16,39,55,661,1,81.2,81.1,77.8,72.8,77.2,79.1,73.7,72.4,70.1,70.9,70.2,69.1,65.8,66.1,65.6,58.5,54.9,1.312,1.038,1.312,15.866,12.826,15.867,75.554,43.814,4.732,6.813,7.299,4.863,4.435,3.435,4.028,3.796,3.187,21.125,13.210,34.335,43.917,1197.8,1197.8,4054.9,4055.1,4054.6,4055.1,49.9,26.4,83.9,85.4,55.7,No,No,No,1.597,7.725,6.7,50,95.0,100.0,No,No,90848,98730,34,99.0,No,No,3320,0.0,0.0,0.1,0.031,0.017,45609,35283,0.0,0.0,0.0,0.000,0.000,151,0,72.5,93.9,83.0,1.069,12.057,12.100,12.098,11.972,1905,142.479,62.784,117.906,42.991,101.794,29.811,71.793,0.336,117.906,26.836,15.896,102.570,220.000,240.000,1905.0,1750.2,1665.0,1888.6,1800.0,94.0,19.0,0.0,45.0,94.5,20.7,82.9,0.0,0.0,0.0,55,Yes,No,No,Yes,No,No,No,65.8,70.1,4,0,0,0,0,0,0,0,0,105,0,0,0,0,0,0,0,0,0,0,0,0,0,0,0,0,0,0,0,0,448,7744,7583,1727,8.0,0.0,0.0,0.0,0.0,0.0,0.0,0.0,0.0,0.0,0.0,0.0,0.0,0.00,0.00,0.00,0.00,0.00,0.00,0.00,0.00,0.00,0.00,0.00,0,0,0.0,0.0,3177,248,5.7,12.5,0,
3.7.2026,22:52:7.899,29359,16634,63.8,15428,17254,47.2,0.5,13312,69,1.295,1.312,1.306,1.306,1.288,1.288,1.288,1.288,1.288,4042.7,4042.7,4042.7,4042.7,4042.7,4042.7,4042.7,4042.7,4042.7,99.8,1835.1,4000.6,3234.5,1575.1,3815.8,1709.1,2126.0,1379.1,2114.2,875.0,1231.5,1173.1,1761.7,1080.9,1485.4,693.1,1106.1,1835.1,42.1,52.6,80.1,37.4,95.5,41.6,52.5,33.8,52.1,21.0,29.9,28.6,43.2,26.3,36.0,16.7,26.8,95.5,42.1,47.6,59.3,90.1,42.3,107.3,47.0,59.2,38.3,58.8,23.9,33.8,32.5,48.8,29.9,40.8,19.1,30.4,47.6,40.5,40.5,40.5,40.5,40.5,40.5,40.5,40.5,40.5,0.0,84.6,98.7,99.7,87.0,85.3,74.9,80.5,77.8,72.8,15.4,1.3,0.3,13.0,14.7,25.1,19.5,22.2,27.2,0.0,0.0,0.0,0.0,0.0,0.0,0.0,0.0,0.0,1197.8,12.00,16,16,16,39,55,661,1,81.0,80.9,80.2,72.9,76.0,80.2,73.6,72.9,70.2,71.0,70.1,69.2,65.8,66.0,65.5,58.8,54.4,1.350,1.031,1.350,15.967,12.896,15.964,76.129,43.997,4.741,6.426,7.553,4.855,4.532,3.491,4.059,3.800,3.211,21.232,13.282,34.514,44.097,1197.8,1197.8,4053.1,4053.2,4053.0,4053.2,50.1,26.6,84.6,85.2,55.8,No,No,No,1.636,7.808,6.8,50,95.0,100.0,No,No,90848,98730,34,99.0,No,No,3320,0.0,0.2,0.2,0.000,0.490,45609,35284,0.0,0.0,0.0,0.000,0.000,151,0,71.7,93.2,83.0,1.069,12.060,12.102,12.102,11.977,1908,141.560,61.466,114.499,42.236,98.499,29.606,68.707,0.336,114.499,26.182,17.601,102.493,220.000,240.000,1905.0,1750.2,1665.0,1888.6,1800.0,88.0,18.0,0.0,41.0,94.5,20.2,80.7,0.0,0.0,0.0,55,Yes,No,No,Yes,No,No,No,63.9,64.0,4,0,0,0,0,0,0,0,0,105,0,0,0,0,0,0,0,0,0,0,0,0,0,0,0,0,0,0,0,0,448,7744,7583,1727,8.0,0.0,0.0,0.0,0.0,0.0,0.0,0.0,0.0,0.0,0.0,0.0,0.0,0.00,0.00,0.00,0.00,0.00,0.00,0.00,0.00,0.00,0.00,0.00,0,0,0.0,0.0,3177,248,5.8,13.5,0,
3.7.2026,22:52:9.907,29356,16637,63.8,15423,17258,47.1,0.5,13312,69,1.316,1.319,1.319,1.325,1.312,1.312,1.312,1.312,1.312,4042.7,4042.7,4042.7,4042.7,4042.7,4042.7,4042.7,4042.7,4042.7,99.8,1779.0,3984.8,2210.4,2187.3,3172.0,1722.9,2163.9,1417.0,2089.1,854.4,1235.5,1204.5,1772.8,1094.0,1447.3,700.0,1208.6,1779.0,42.3,73.4,55.4,52.0,81.1,42.8,52.7,33.6,52.2,21.4,30.7,29.8,43.9,26.6,36.1,17.2,27.2,81.1,42.3,47.2,82.4,62.0,58.1,91.0,47.8,58.9,37.4,58.4,23.6,34.0,33.1,49.0,29.5,40.1,18.8,30.2,47.2,40.5,40.5,40.5,40.5,40.5,40.5,40.5,40.5,40.5,0.0,83.9,98.3,99.6,86.9,84.5,73.6,79.8,77.0,71.7,16.1,1.7,0.4,13.1,15.5,26.4,20.2,23.0,28.3,0.0,0.0,0.0,0.0,0.0,0.0,0.0,0.0,0.0,1197.8,12.00,16,16,16,39,55,661,1,80.8,80.6,81.2,72.8,76.6,79.2,73.7,72.6,70.2,71.0,69.9,69.2,65.7,66.0,65.5,58.5,54.3,1.350,1.031,1.337,15.923,12.791,15.929,75.539,43.859,4.722,6.513,7.336,4.856,4.530,3.469,4.102,3.743,3.225,21.186,13.175,34.361,43.918,1197.8,1197.8,4053.9,4054.0,4053.8,4054.0,49.9,26.5,83.9,84.9,56.1,No,No,No,1.659,7.161,6.7,50,95.0,100.0,No,No,90848,98730,34,99.0,No,No,3320,0.0,0.0,0.1,0.029,0.022,45609,35284,0.0,0.0,0.0,0.000,0.000,151,0,72.0,93.0,83.0,1.069,12.064,12.107,12.105,11.980,1905,133.572,59.791,112.680,41.598,97.990,29.184,68.610,0.336,112.680,26.849,8.024,99.962,220.000,240.000,1905.0,1750.2,1665.0,1888.7,1800.0,86.0,17.0,0.0,41.0,94.5,19.0,75.9,0.0,0.0,0.0,55,Yes,No,No,Yes,No,No,No,63.4,66.4,4,0,0,0,0,0,0,0,0,105,0,0,0,0,0,0,0,0,0,0,0,0,0,0,0,0,0,0,0,0,448,7744,7583,1728,8.0,0.0,0.0,0.0,0.0,0.0,0.0,0.0,0.0,0.0,0.0,0.0,0.0,0.00,0.00,0.00,0.00,0.00,0.00,0.00,0.00,0.00,0.00,0.00,0,0,0.0,0.0,3177,248,20.0,10.8,0,
3.7.2026,22:52:11.899,29362,16632,63.8,15430,17251,47.2,0.5,13312,69,1.305,1.281,1.306,1.306,1.306,1.306,1.306,1.312,1.312,4036.5,3992.8,4042.7,4042.7,4042.7,4042.7,4042.7,4042.7,4042.7,99.8,1812.1,3995.6,1893.2,2194.6,3161.1,1905.8,2092.8,1565.0,2086.0,948.3,1234.5,1294.2,1736.6,1246.6,1494.7,928.5,1215.6,1812.1,44.0,84.7,45.9,56.7,76.9,47.0,52.0,39.6,50.8,23.4,30.1,31.5,42.8,30.2,36.9,22.6,32.8,84.7,44.0,49.4,95.1,51.6,63.7,86.3,52.8,58.4,44.5,57.1,26.2,33.9,35.5,48.1,33.9,41.4,25.4,36.8,49.4,40.4,40.0,40.5,40.5,40.5,40.5,40.5,40.5,40.5,0.0,85.7,98.7,99.5,88.6,86.7,75.8,81.4,79.0,76.2,14.3,1.3,0.5,11.4,13.3,24.2,18.6,21.0,23.8,0.0,0.0,0.0,0.0,0.0,0.0,0.0,0.0,0.0,1197.8,12.00,16,16,16,39,55,661,1,80.9,81.0,80.0,73.4,76.4,79.5,74.3,73.6,70.8,71.7,70.5,70.6,65.8,66.0,65.5,58.0,54.2,1.319,1.025,1.331,16.893,12.867,16.887,77.146,45.139,4.933,6.460,7.254,5.153,4.809,3.742,4.342,3.990,3.713,22.452,13.255,35.708,45.271,1197.8,1197.8,4049.8,4049.8,4049.8,4049.8,51.4,28.1,85.7,85.2,56.7,No,No,No,1.604,7.572,6.9,50,95.0,100.0,No,No,90848,98730,34,99.0,No,No,3320,0.0,0.0,0.0,0.000,0.022,45609,35284,0.0,0.0,0.0,0.000,0.000,151,0,71.8,93.4,83.0,1.069,12.060,12.102,12.101,11.977,1901,140.424,60.658,114.957,41.874,99.146,29.488,69.488,0.336,114.957,26.039,8.152,102.138,220.000,240.000,1905.0,1750.2,1665.0,1888.6,1800.0,90.0,18.0,0.0,43.0,94.5,20.3,81.1,0.0,0.0,0.0,55,Yes,No,No,Yes,No,No,No,65.5,64.6,4,0,0,0,0,0,0,0,0,105,0,0,0,0,0,0,0,0,0,0,0,0,0,0,0,0,0,0,0,0,452,7740,7578,1728,8.0,0.0,0.0,0.0,0.0,0.0,0.0,0.0,0.0,0.0,0.0,0.0,0.0,0.00,0.00,0.00,0.00,0.00,0.00,0.00,0.00,0.00,0.00,0.00,0,0,0.0,0.0,3177,248,7.5,6.0,0,
3.7.2026,22:52:13.909,29370,16623,63.8,15436,17246,47.2,0.5,13312,69,1.316,1.306,1.325,1.325,1.325,1.312,1.312,1.312,1.312,4042.7,4042.7,4042.7,4042.7,4042.7,4042.7,4042.7,4042.7,4042.7,99.8,1821.8,3944.9,2198.4,2083.3,3295.6,1984.0,2085.7,1542.4,2072.1,901.3,1301.0,1375.0,1735.7,1250.1,1522.1,797.0,1059.5,1821.8,43.4,74.0,54.0,51.2,82.0,48.2,51.8,38.1,50.5,22.1,32.1,33.6,42.8,30.6,37.3,19.5,26.1,82.0,43.4,48.7,83.1,60.7,57.5,92.1,54.1,58.1,42.8,56.7,24.8,36.1,37.8,48.1,34.3,41.9,22.0,29.3,48.7,40.5,40.5,40.5,40.5,40.5,40.5,40.5,40.5,40.5,0.0,86.5,97.3,99.6,89.7,87.1,77.9,83.5,81.4,75.6,13.5,2.7,0.4,10.3,12.9,22.1,16.5,18.6,24.4,0.0,0.0,0.0,0.0,0.0,0.0,0.0,0.0,0.0,1197.8,12.00,16,16,16,39,55,661,1,80.9,80.9,78.8,73.0,75.9,79.5,74.0,72.8,70.5,71.3,70.5,69.4,65.8,66.0,65.5,58.2,54.1,1.319,1.025,1.331,16.463,12.676,16.460,77.856,44.346,4.851,6.339,7.407,5.096,4.690,3.641,4.282,4.031,3.323,21.888,13.060,34.948,44.449,1197.8,1197.8,4052.6,4052.8,4052.5,4052.8,50.5,27.4,86.5,85.2,56.2,No,No,No,1.675,6.227,6.9,50,95.0,100.0,No,No,90848,98730,34,99.0,No,No,3320,0.0,0.0,0.0,0.000,0.031,45609,35284,0.0,0.0,0.0,0.000,0.000,151,0,71.8,93.4,83.0,1.069,12.060,12.106,12.103,11.973,1905,143.571,60.658,114.910,42.212,99.219,30.040,68.951,0.336,114.910,26.364,7.802,82.614,220.000,240.000,1905.0,1750.2,1665.0,1888.2,1800.0,69.0,19.0,0.0,25.0,94.5,20.3,65.6,0.0,0.0,0.0,55,Yes,No,No,Yes,No,No,No,65.5,64.6,4,0,0,0,0,0,0,0,0,105,0,0,0,0,0,0,0,0,0,0,0,0,0,0,0,0,0,0,0,0,452,7740,7578,1728,8.0,0.0,0.0,0.0,0.0,0.0,0.0,0.0,0.0,0.0,0.0,0.0,0.0,0.00,0.00,0.00,0.00,0.00,0.00,0.00,0.00,0.00,0.00,0.00,0,0,0.0,0.0,3177,248,9.7,3.6,0,
3.7.2026,22:52:15.902,29397,16596,63.9,15469,17212,47.3,0.5,13312,69,1.309,1.306,1.306,1.312,1.312,1.306,1.312,1.306,1.306,4045.8,4067.7,4042.7,4042.7,4042.7,4042.7,4042.7,4042.7,4042.7,99.8,1919.6,3954.6,3432.4,2142.3,3292.0,1621.1,2477.3,1477.7,2178.5,945.5,1328.0,1303.4,1863.1,1177.7,1521.7,893.3,1105.3,1919.6,43.8,49.1,85.0,54.5,78.0,40.1,60.4,35.4,53.7,22.4,32.2,31.7,44.7,28.7,36.6,21.0,26.7,85.0,43.8,49.4,55.4,95.6,61.4,87.8,45.3,68.1,40.1,60.6,25.6,36.5,35.9,50.5,32.6,41.4,24.0,30.4,49.4,40.5,40.8,40.5,40.5,40.5,40.5,40.5,40.5,40.5,0.0,86.6,97.6,99.4,90.1,87.3,77.7,83.3,80.7,76.4,13.4,2.4,0.6,9.9,12.7,22.3,16.7,19.3,23.6,0.0,0.0,0.0,0.0,0.0,0.0,0.0,0.0,0.0,1197.8,12.00,16,16,16,39,55,661,1,80.9,80.9,79.5,73.3,76.4,80.0,74.4,73.4,70.6,71.5,70.3,69.7,65.9,66.1,65.6,58.2,54.3,1.337,1.031,1.331,16.910,12.470,16.917,77.915,44.677,4.939,6.499,7.528,5.218,4.815,3.688,4.347,3.979,3.441,22.482,12.851,35.333,44.773,1197.8,1197.8,4052.3,4052.4,4052.2,4052.4,50.9,28.2,86.6,85.2,56.8,No,No,No,1.751,4.936,6.9,50,95.0,100.0,No,No,90848,98730,34,99.0,No,No,3320,1.5,0.0,1.5,7.133,0.043,45623,35284,0.0,0.0,0.0,0.000,0.000,151,0,72.2,93.8,83.0,1.069,12.060,12.113,12.105,11.973,1905,141.290,58.736,116.163,42.297,100.411,30.447,69.703,0.336,116.163,26.340,7.823,92.344,220.000,240.000,1905.0,1750.2,1665.0,1888.2,1800.0,69.0,19.0,0.0,25.0,94.5,16.4,65.6,0.0,0.0,0.0,55,Yes,No,No,Yes,No,No,No,64.2,55.1,4,0,0,0,0,0,0,0,0,105,0,0,0,0,0,0,0,0,0,0,0,0,0,0,0,0,0,0,0,0,453,7739,7578,1729,8.0,0.0,0.0,0.0,0.0,0.0,0.0,0.0,0.0,0.0,0.0,0.0,0.0,0.00,0.00,0.00,0.00,0.00,0.00,0.00,0.00,0.00,0.00,0.00,0,0,0.0,0.0,3177,248,17.4,2.9,0,
3.7.2026,22:52:17.897,29416,16578,63.9,15487,17194,47.3,0.5,13312,69,1.312,1.306,1.325,1.319,1.312,1.312,1.312,1.312,1.300,4045.8,4042.7,4067.7,4042.7,4042.7,4042.7,4042.7,4042.7,4042.7,99.8,1904.7,3942.1,3460.1,1605.6,3793.8,1762.8,2263.6,1518.2,2054.9,1024.4,1239.1,1370.4,1726.8,1288.1,1477.8,876.4,1071.1,1904.7,43.8,47.6,85.5,39.8,93.5,43.2,55.7,37.5,50.5,25.0,30.4,33.2,43.1,31.2,36.9,21.7,25.7,93.5,43.8,49.1,53.4,96.0,44.6,105.1,48.4,62.5,41.9,56.6,27.9,33.9,37.1,48.3,34.9,41.3,24.1,28.7,49.1,40.5,40.5,40.8,40.5,40.5,40.5,40.5,40.5,40.5,0.0,86.9,97.3,99.6,89.5,87.0,79.1,83.1,82.1,77.2,13.1,2.7,0.4,10.5,13.0,20.9,16.9,17.9,22.8,0.0,0.0,0.0,0.0,0.0,0.0,0.0,0.0,0.0,1197.8,12.00,16,16,16,39,55,661,1,80.9,81.0,80.0,73.4,76.0,80.4,74.5,73.4,70.7,71.5,70.7,69.6,65.9,66.2,65.7,56.5,54.0,1.331,1.025,1.331,17.134,12.081,17.128,78.171,44.462,4.974,6.483,7.599,5.240,4.804,3.748,4.348,4.104,3.461,22.775,12.460,35.235,44.533,1197.8,1197.8,4052.4,4052.5,4052.2,4052.5,50.6,28.5,86.9,85.2,57.1,No,No,No,1.849,2.673,6.9,50,95.0,100.0,No,No,90848,98730,34,99.0,No,No,3320,0.4,0.0,0.5,1.831,0.040,45627,35284,0.0,0.0,0.0,0.000,0.000,151,0,72.2,93.8,83.0,1.069,12.063,12.113,12.105,11.973,1905,141.290,60.203,116.163,42.297,100.411,30.447,69.703,0.336,116.163,26.340,7.823,92.344,220.000,240.000,1905.0,1750.2,1665.0,1888.2,1800.0,72.0,22.0,0.0,22.0,94.5,15.8,63.3,0.0,0.0,0.0,55,Yes,No,No,Yes,No,No,No,64.8,69.5,4,0,0,0,0,0,0,0,0,105,0,0,0,0,0,0,0,0,0,0,0,0,0,0,0,0,0,0,0,0,453,7739,7578,1857,8.0,0.0,0.0,0.0,0.0,0.0,0.0,0.0,0.0,0.0,0.0,0.0,0.0,0.00,0.00,0.00,0.00,0.00,0.00,0.00,0.00,0.00,0.00,0.00,0,0,0.0,0.0,3177,248,4.3,15.1,0,
3.7.2026,22:52:19.898,29472,16522,64.0,15535,17146,47.5,0.5,13312,69,1.309,1.300,1.306,1.306,1.306,1.312,1.312,1.312,1.312,4042.7,4042.7,4042.7,4042.7,4042.7,4042.7,4042.7,4042.7,4042.7,99.8,1961.4,3954.0,2787.6,2348.4,2942.8,2284.9,2059.5,1884.3,2023.0,1238.4,1246.2,1663.8,1706.3,1502.8,1461.7,1109.4,1168.6,1961.4,46.0,64.1,69.1,57.9,76.6,54.2,51.6,44.7,50.1,29.4,30.3,40.2,41.8,36.1,35.3,25.9,28.1,76.6,46.0,51.7,72.1,77.7,65.1,86.1,61.0,58.0,50.3,56.3,33.1,34.1,45.2,47.1,40.6,39.8,29.2,31.6,51.7,40.5,40.5,40.5,40.5,40.5,40.5,40.5,40.5,40.5,0.0,88.1,97.6,99.3,91.2,88.7,80.5,85.1,83.2,79.1,11.9,2.4,0.7,8.8,11.3,19.5,14.9,16.8,20.9,0.0,0.0,0.0,0.0,0.0,0.0,0.0,0.0,0.0,1197.8,12.00,16,16,16,39,55,661,1,81.0,81.2,80.2,73.7,76.6,80.3,74.8,73.8,70.9,72.1,71.0,70.1,66.1,66.3,65.8,58.5,54.1,1.306,1.025,1.312,17.572,12.015,17.571,79.277,44.937,5.126,6.572,7.507,5.519,5.073,3.878,4.590,4.243,3.626,23.370,12.394,35.763,45.041,1197.8,1197.8,4052.0,4052.0,4052.0,4052.0,51.2,29.3,88.1,85.4,57.1,No,No,No,1.920,2.092,7.0,50,95.0,100.0,No,No,90848,98730,34,99.0,No,No,3320,0.0,0.0,0.0,0.000,0.009,45627,35284,0.0,0.0,0.0,0.000,0.000,151,0,72.4,94.0,83.0,1.069,12.062,12.112,12.103,11.970,1905,145.514,59.193,114.279,41.981,99.861,31.039,68.575,0.336,114.279,27.373,21.347,72.859,220.000,240.000,1905.0,1750.2,1665.0,1887.9,1800.0,58.0,24.0,0.0,8.0,94.5,12.8,51.2,0.0,0.0,0.0,55,Yes,No,No,Yes,No,No,No,64.4,64.8,4,0,0,0,0,0,0,0,0,105,0,0,0,0,0,0,0,0,0,0,0,0,0,0,0,0,0,0,0,0,453,7739,7578,1857,8.0,0.0,0.0,0.0,0.0,0.0,0.0,0.0,0.0,0.0,0.0,0.0,0.0,0.00,0.00,0.00,0.00,0.00,0.00,0.00,0.00,0.00,0.00,0.00,0,0,0.0,0.0,3177,248,4.5,12.5,0,
3.7.2026,22:52:21.902,29467,16527,64.0,15526,17155,47.5,0.5,13312,69,1.307,1.306,1.312,1.306,1.306,1.306,1.306,1.306,1.306,4042.7,4042.7,4042.7,4042.7,4042.7,4042.7,4042.7,4042.7,4042.7,99.8,1835.6,3953.1,1981.5,2081.4,3365.5,2050.0,2059.7,1912.7,1763.6,1159.7,1149.1,1631.5,1530.2,1457.1,1354.7,915.3,1004.3,1835.6,44.4,81.0,48.9,51.8,82.7,51.1,50.8,47.4,43.8,28.9,28.6,40.4,37.9,36.2,33.7,22.7,24.9,82.7,44.4,49.6,90.9,54.7,57.9,92.9,57.2,56.8,53.0,48.9,32.1,31.8,45.1,42.2,40.3,37.5,25.1,27.6,49.6,40.5,40.5,40.5,40.5,40.5,40.5,40.5,40.5,40.5,0.0,87.8,97.5,99.6,90.8,88.7,80.3,84.7,82.8,77.9,12.2,2.5,0.4,9.2,11.3,19.7,15.3,17.2,22.1,0.0,0.0,0.0,0.0,0.0,0.0,0.0,0.0,0.0,1197.8,12.00,16,16,16,39,55,661,1,81.0,81.1,81.2,73.3,75.8,80.2,74.3,73.6,70.7,71.5,70.7,69.6,66.0,66.2,65.7,56.8,54.6,1.325,1.031,1.331,17.028,12.343,17.035,78.992,44.689,4.970,6.377,7.528,5.227,4.900,3.771,4.400,4.136,3.420,22.649,12.725,35.374,44.751,1197.8,1197.8,4052.8,4052.8,4052.8,4052.8,50.9,28.4,87.8,85.3,56.7,No,No,No,1.745,3.710,7.0,50,95.0,100.0,No,No,90848,98730,34,99.0,No,No,3320,0.0,0.0,0.1,0.079,0.050,45627,35285,0.0,0.0,0.0,0.000,0.000,151,0,72.5,94.3,83.0,1.069,12.055,12.105,12.099,11.962,1905,146.774,66.264,119.701,44.751,104.424,31.270,72.884,0.336,119.701,29.248,47.731,92.592,220.000,240.000,1905.0,1750.2,1665.0,1888.1,1800.0,62.0,23.0,0.0,13.0,94.5,12.6,50.2,0.0,0.0,0.0,55,Yes,No,No,Yes,No,No,No,67.7,68.4,4,0,0,0,0,0,0,0,0,105,0,0,0,0,0,0,0,0,0,0,0,0,0,0,0,0,0,0,0,0,453,7739,7578,1859,8.0,0.0,0.0,0.0,0.0,0.0,0.0,0.0,0.0,0.0,0.0,0.0,0.0,0.00,0.00,0.00,0.00,0.00,0.00,0.00,0.00,0.00,0.00,0.00,0,0,0.0,0.0,3177,248,9.0,3.0,0,
3.7.2026,22:52:23.905,29467,16527,64.0,15531,17150,47.5,0.5,13312,69,1.312,1.306,1.312,1.319,1.319,1.319,1.319,1.300,1.300,4042.7,4042.7,4042.7,4042.7,4042.7,4042.7,4042.7,4042.7,4042.7,99.8,1856.6,3945.0,2433.4,2696.9,2647.5,2295.3,1919.0,1954.5,1717.5,1153.4,1097.6,1688.8,1494.4,1485.6,1256.3,956.4,964.5,1856.6,43.8,70.5,59.3,65.4,67.4,56.1,47.1,47.9,41.6,27.5,26.4,41.2,36.4,35.9,30.5,23.6,23.4,70.5,43.8,49.4,79.4,66.9,73.8,75.9,63.4,53.3,54.2,47.2,31.5,30.2,46.7,40.8,40.8,34.2,26.4,26.2,49.4,40.5,40.5,40.5,40.5,40.5,40.5,40.5,40.5,40.5,0.0,87.3,97.3,99.3,91.0,88.2,79.2,84.0,82.0,77.4,12.7,2.7,0.7,9.0,11.8,20.8,16.0,18.0,22.6,0.0,0.0,0.0,0.0,0.0,0.0,0.0,0.0,0.0,1197.8,12.00,16,16,16,39,55,661,1,81.0,81.0,81.2,73.0,76.5,79.2,74.1,72.9,70.3,71.3,70.2,69.4,65.8,66.0,65.5,56.0,54.0,1.337,1.025,1.337,16.645,12.565,16.641,78.569,44.395,4.875,6.524,7.278,5.226,4.698,3.642,4.301,3.971,3.363,22.138,12.950,35.088,44.517,1197.8,1197.8,4053.5,4053.5,4053.5,4053.5,50.6,27.7,87.3,85.2,56.6,No,No,No,1.736,5.009,7.0,50,95.0,100.0,No,No,90848,98730,34,99.0,No,No,3320,0.0,0.1,0.1,0.024,0.180,45627,35285,0.0,0.0,0.0,0.000,0.000,151,0,73.4,95.6,83.0,1.069,12.044,12.094,12.091,11.948,1894,150.521,69.115,131.568,48.546,114.159,32.020,81.861,0.336,131.568,30.895,17.264,102.929,220.000,240.000,1905.0,1750.2,1665.0,1887.9,1800.0,80.0,23.0,0.0,27.0,94.5,16.3,65.2,0.0,0.0,0.0,55,Yes,No,No,Yes,No,No,No,73.8,67.9,4,0,0,0,0,0,0,0,0,105,0,0,0,0,0,0,0,0,0,0,0,0,0,0,0,0,0,0,0,0,453,7739,7578,1859,8.0,0.0,0.0,0.0,0.0,0.0,0.0,0.0,0.0,0.0,0.0,0.0,0.0,0.00,0.00,0.00,0.00,0.00,0.00,0.00,0.00,0.00,0.00,0.00,0,0,0.0,0.0,3177,248,6.5,2.0,0,
3.7.2026,22:52:25.898,29489,16504,64.1,15536,17146,47.5,0.5,13312,69,1.307,1.306,1.312,1.306,1.306,1.306,1.306,1.306,1.306,4058.3,4042.7,4042.7,4067.7,4067.7,4067.7,4067.7,4067.7,4042.7,99.8,1910.2,3980.6,3521.9,1655.5,3510.3,1744.9,2358.4,1847.6,1780.9,1126.2,1173.1,1589.2,1565.4,1484.7,1321.3,998.3,904.8,1910.2,43.8,47.7,87.1,42.1,86.5,43.7,57.4,45.5,43.6,28.0,28.7,39.3,38.1,36.4,32.0,23.5,21.6,87.1,43.8,49.3,53.5,97.8,47.2,97.1,49.0,64.4,50.9,48.8,31.3,32.0,44.0,43.2,40.8,36.4,26.9,24.8,49.3,40.7,40.5,40.5,40.8,40.8,40.8,40.8,40.8,40.5,0.0,87.5,98.2,98.7,90.3,87.6,80.0,84.6,82.7,78.1,12.5,1.8,1.3,9.7,12.4,20.0,15.4,17.3,21.9,0.0,0.0,0.0,0.0,0.0,0.0,0.0,0.0,0.0,1197.8,12.00,16,16,16,39,55,661,1,81.0,81.1,81.5,73.1,78.8,77.5,74.5,72.6,70.6,71.2,70.5,69.3,65.8,66.0,65.5,58.2,53.6,1.319,1.038,1.331,16.862,12.316,16.856,78.785,44.324,4.946,7.149,6.845,5.215,4.752,3.736,4.375,4.089,3.409,22.432,12.693,35.125,44.455,1197.8,1197.8,4053.0,4053.1,4052.9,4053.1,50.5,28.1,87.5,85.3,56.6,No,No,No,1.791,3.325,7.0,50,95.0,100.0,No,No,90848,98730,34,99.0,No,No,3320,0.0,0.0,0.0,0.002,0.008,45627,35285,0.0,0.0,0.0,0.000,0.000,151,0,73.9,96.5,83.0,1.069,12.050,12.102,12.095,11.953,1894,160.713,72.964,129.093,47.148,112.160,31.555,80.319,0.336,129.093,29.965,64.606,105.366,220.000,240.000,1905.0,1750.2,1665.0,1887.3,1800.0,83.0,24.0,0.0,27.0,94.5,18.1,72.6,0.0,0.0,0.0,55,Yes,No,No,Yes,No,No,No,72.3,76.7,4,0,0,0,0,0,0,0,0,105,0,0,0,0,0,0,0,0,0,0,0,0,0,0,0,0,0,0,0,0,453,7739,7578,1859,8.0,0.0,0.0,0.0,0.0,0.0,0.0,0.0,0.0,0.0,0.0,0.0,0.0,0.00,0.00,0.00,0.00,0.00,0.00,0.00,0.00,0.00,0.00,0.00,0,0,0.0,0.0,3177,248,5.7,3.3,0,
3.7.2026,22:52:27.904,29501,16493,64.1,15548,17134,47.5,0.5,13312,69,1.306,1.312,1.306,1.312,1.294,1.306,1.306,1.306,1.306,4036.5,4042.7,4042.7,4017.8,4017.8,4042.7,4042.7,4042.7,4042.7,99.8,2033.9,3964.0,3226.2,2029.9,3539.7,2021.9,2327.6,2002.6,1884.8,1285.4,1267.6,1710.7,1734.4,1610.1,1486.1,1311.6,1140.2,2033.9,47.5,55.2,80.1,51.2,86.7,49.1,57.6,49.3,46.3,31.6,30.9,41.9,42.8,39.9,36.5,32.2,27.9,86.7,47.5,53.0,61.7,89.9,57.3,97.3,54.9,64.5,55.2,51.7,35.1,34.4,46.8,47.8,44.5,40.7,35.8,31.0,53.0,40.4,40.5,40.5,40.2,40.2,40.5,40.5,40.5,40.5,0.0,88.6,97.9,99.3,91.0,88.8,81.1,85.8,84.2,80.4,11.4,2.1,0.7,9.0,11.2,18.9,14.2,15.8,19.6,0.0,0.0,0.0,0.0,0.0,0.0,0.0,0.0,0.0,1197.8,12.00,16,16,16,39,55,661,1,81.0,81.2,77.5,73.8,77.1,79.5,74.8,73.6,71.3,72.1,71.3,70.8,66.0,66.3,65.8,57.2,53.8,1.319,1.044,1.337,17.666,12.397,17.666,79.695,45.547,5.129,6.676,7.362,5.395,4.946,3.908,4.554,4.315,3.874,23.475,12.783,36.257,45.615,1197.8,1197.8,4049.4,4049.4,4049.4,4049.4,51.8,29.4,88.6,85.5,57.2,No,No,No,1.836,3.496,7.1,50,95.0,100.0,No,No,90848,98730,34,99.0,No,No,3320,0.0,0.0,0.0,0.000,0.064,45627,35285,0.0,0.0,0.0,0.000,0.000,151,0,73.7,96.1,83.0,1.069,12.049,12.100,12.095,11.952,1897,156.860,70.078,129.385,47.383,111.511,31.863,79.362,0.336,129.385,29.245,45.542,96.769,220.000,240.000,1905.0,1750.2,1665.0,1887.5,1800.0,70.0,25.0,0.0,16.0,94.6,14.2,56.8,0.0,0.0,0.0,55,Yes,No,No,Yes,No,No,No,72.1,69.9,4,0,0,0,0,0,0,0,0,105,0,0,0,0,0,0,0,0,0,0,0,0,0,0,0,0,0,0,0,0,442,7750,7589,1859,8.0,0.0,0.0,0.0,0.0,0.0,0.0,0.0,0.0,0.0,0.0,0.0,0.0,0.00,0.00,0.00,0.00,0.00,0.00,0.00,0.00,0.00,0.00,0.00,0,0,0.0,0.0,3177,248,5.8,4.1,0,
3.7.2026,22:52:29.904,29490,16503,64.1,15541,17141,47.5,0.5,13312,69,1.311,1.325,1.325,1.312,1.312,1.312,1.300,1.300,1.300,4042.7,4042.7,4042.7,4042.7,4042.7,4042.7,4042.7,4042.7,4042.7,99.8,1783.2,4014.0,1766.4,1733.4,3611.8,2154.1,1842.1,1994.7,1569.5,1244.7,987.4,1678.8,1398.3,1487.2,1139.1,1094.8,815.1,1783.2,43.3,88.6,43.9,42.9,88.7,53.3,45.7,49.1,38.9,30.5,24.5,41.5,34.3,36.6,28.0,26.8,19.9,88.7,43.3,48.8,99.6,49.5,48.3,99.7,60.0,51.5,55.4,43.8,34.4,27.7,46.7,38.8,41.3,31.7,30.2,22.5,48.8,40.5,40.5,40.5,40.5,40.5,40.5,40.5,40.5,40.5,0.0,86.7,99.0,99.3,89.5,86.9,78.6,83.3,80.4,76.5,13.3,1.0,0.7,10.5,13.1,21.4,16.7,19.6,23.5,0.0,0.0,0.0,0.0,0.0,0.0,0.0,0.0,0.0,1197.8,12.00,16,16,16,39,55,661,1,80.8,80.6,79.5,72.9,77.4,78.2,74.2,72.8,70.5,71.1,70.1,69.2,65.7,66.0,65.4,57.2,54.0,1.331,1.025,1.331,16.614,12.415,16.621,78.020,44.210,4.861,6.813,7.130,5.075,4.706,3.672,4.230,3.916,3.345,22.096,12.793,34.889,44.275,1197.8,1197.8,4052.9,4053.2,4052.7,4053.2,50.3,27.7,86.7,84.8,56.6,No,No,No,1.828,4.019,6.9,50,95.0,100.0,No,No,90848,98730,34,99.0,No,No,3320,0.0,0.0,0.0,0.000,0.007,45627,35285,0.0,0.0,0.0,0.000,0.000,151,0,74.5,96.9,83.0,1.069,12.045,12.098,12.092,11.946,1897,164.114,72.945,132.328,48.902,115.718,32.505,82.928,0.336,132.328,32.041,39.779,112.586,220.000,240.000,1905.0,1750.2,1665.0,1887.1,1800.0,79.0,26.0,0.0,23.0,94.6,17.2,68.6,0.0,0.0,0.0,55,Yes,No,No,Yes,No,No,No,73.8,75.0,4,0,0,0,0,0,0,0,0,105,0,0,0,0,0,0,0,0,0,0,0,0,0,0,0,0,0,0,0,0,442,7750,7589,1859,8.0,0.0,0.0,0.0,0.0,0.0,0.0,0.0,0.0,0.0,0.0,0.0,0.0,0.00,0.00,0.00,0.00,0.00,0.00,0.00,0.00,0.00,0.00,0.00,0,0,0.0,0.0,3177,248,3.2,0.7,0,
3.7.2026,22:52:31.909,29493,16501,64.1,15537,17145,47.5,0.5,13312,69,1.311,1.306,1.306,1.312,1.312,1.312,1.312,1.312,1.312,4042.7,4042.7,4042.7,4042.7,4042.7,4042.7,4042.7,4042.7,4042.7,99.8,1764.4,3982.2,1835.0,2397.2,3209.8,2063.6,1738.6,2023.9,1419.4,1162.2,940.1,1673.6,1313.6,1579.5,1070.2,1042.9,778.3,1764.4,42.4,83.4,45.3,59.4,75.2,51.4,43.0,50.4,34.8,28.9,23.3,41.8,31.8,38.5,26.9,26.0,19.0,83.4,42.4,47.8,93.8,51.0,66.8,84.6,57.9,48.5,56.8,39.3,32.6,26.4,47.1,35.8,43.4,30.4,29.4,21.5,47.8,40.5,40.5,40.5,40.5,40.5,40.5,40.5,40.5,40.5,0.0,85.6,98.2,99.6,87.6,85.9,77.1,81.9,79.8,74.8,14.4,1.8,0.4,12.4,14.1,22.9,18.1,20.2,25.2,0.0,0.0,0.0,0.0,0.0,0.0,0.0,0.0,0.0,1197.8,12.00,16,16,16,39,55,661,1,80.8,80.7,77.0,72.8,75.9,79.7,73.6,72.8,70.1,71.0,70.1,69.1,65.6,65.8,65.3,57.5,54.1,1.331,1.025,1.331,16.509,12.361,16.509,77.055,43.957,4.807,6.441,7.543,4.903,4.635,3.551,4.197,3.906,3.276,21.958,12.737,34.695,44.054,1197.8,1197.8,4054.1,4054.3,4054.0,4054.3,50.1,27.5,85.6,84.9,56.7,No,No,No,1.717,3.885,6.8,50,95.0,100.0,No,No,90848,98730,34,99.0,No,No,3320,0.0,0.0,0.0,0.000,0.018,45627,35285,0.0,0.0,0.0,0.000,0.000,151,0,74.0,96.7,83.0,1.069,12.053,12.104,12.097,11.958,1890,157.121,69.703,126.813,46.081,109.724,31.663,77.783,0.336,126.813,28.755,41.581,107.486,220.000,240.000,1905.0,1750.2,1665.0,1887.5,1800.0,76.0,24.0,0.0,21.0,94.6,16.3,65.3,0.0,0.0,0.0,55,Yes,No,No,Yes,No,No,No,70.7,70.0,4,0,0,0,0,0,0,0,0,105,0,0,0,0,0,0,0,0,0,0,0,0,0,0,0,0,0,0,0,0,442,7750,7589,1858,8.0,0.0,0.0,0.0,0.0,0.0,0.0,0.0,0.0,0.0,0.0,0.0,0.0,0.00,0.00,0.00,0.00,0.00,0.00,0.00,0.00,0.00,0.00,0.00,0,0,0.0,0.0,3177,248,7.9,1.2,0,
3.7.2026,22:52:33.907,29496,16498,64.1,15546,17135,47.5,0.5,13312,69,1.312,1.325,1.306,1.306,1.312,1.312,1.312,1.312,1.312,4045.8,4067.7,4042.7,4042.7,4042.7,4042.7,4042.7,4042.7,4042.7,99.8,1798.2,3952.6,2338.1,2172.0,2809.5,2197.5,1885.9,2031.3,1522.3,1216.7,949.8,1708.7,1348.5,1594.5,1171.4,1076.3,795.4,1798.2,42.8,71.7,56.7,52.8,78.6,54.2,44.1,50.3,36.2,29.6,22.8,41.7,33.3,39.7,27.4,25.9,19.1,78.6,42.8,47.7,80.5,63.4,59.0,88.1,60.6,49.1,56.2,40.3,32.7,25.1,46.4,37.0,44.2,30.3,28.6,20.9,47.6,40.5,40.8,40.5,40.5,40.5,40.5,40.5,40.5,40.5,0.0,86.1,97.5,99.2,89.2,86.3,77.5,82.6,80.8,76.0,13.9,2.5,0.8,10.8,13.7,22.5,17.4,19.2,24.0,0.0,0.0,0.0,0.0,0.0,0.0,0.0,0.0,0.0,1197.8,12.00,16,16,16,39,55,661,1,80.8,80.6,77.2,72.6,76.0,78.9,73.8,72.6,69.9,70.9,69.9,69.0,65.5,65.8,65.2,58.2,53.9,1.331,1.025,1.331,16.566,12.395,16.567,77.518,44.079,4.872,6.475,7.259,5.234,4.714,3.633,4.275,4.012,3.374,22.044,12.774,34.818,44.181,1197.8,1197.8,4054.8,4055.0,4054.7,4055.0,50.2,27.6,86.1,84.8,56.9,No,No,No,1.694,3.903,6.9,50,95.0,100.0,No,No,90848,98730,34,99.0,No,No,3320,0.0,0.0,0.0,0.000,0.007,45627,35285,0.0,0.0,0.0,0.000,0.000,151,0,74.2,96.5,83.0,1.069,12.051,12.100,12.095,11.958,1894,157.607,64.785,123.245,45.085,106.893,31.030,75.596,0.336,123.245,28.502,8.410,105.503,220.000,240.000,1905.0,1750.2,1665.0,1887.4,1800.0,73.0,24.0,0.0,21.0,94.6,16.5,65.9,0.0,0.0,0.0,55,Yes,No,No,Yes,No,No,No,69.0,69.8,4,0,0,0,0,0,0,0,0,105,0,0,0,0,0,0,0,0,0,0,0,0,0,0,0,0,0,0,0,0,442,7750,7589,1858,8.0,0.0,0.0,0.0,0.0,0.0,0.0,0.0,0.0,0.0,0.0,0.0,0.0,0.00,0.00,0.00,0.00,0.00,0.00,0.00,0.00,0.00,0.00,0.00,0,0,0.0,0.0,3177,248,12.9,1.7,0,
3.7.2026,22:52:35.899,29502,16492,64.1,15553,17129,47.5,0.5,13312,69,1.292,1.306,1.325,1.288,1.288,1.288,1.281,1.281,1.281,4024.0,4042.7,4042.7,4017.8,4017.8,4017.8,4017.8,4017.8,4017.8,99.8,1931.0,3951.6,3411.1,1966.9,3479.6,1909.8,2295.0,1762.6,1909.4,1194.1,1089.8,1545.4,1627.0,1479.1,1288.2,1126.0,860.1,1931.0,44.7,47.9,84.8,50.2,83.2,47.2,57.6,43.8,47.2,29.6,27.3,38.6,40.0,36.7,32.0,28.1,21.6,84.8,44.7,50.2,53.7,95.3,56.4,93.5,53.0,64.7,49.2,53.0,33.2,30.7,43.4,44.9,41.3,35.9,31.6,24.2,50.3,40.3,40.5,40.5,40.2,40.2,40.2,40.2,40.2,40.2,0.0,87.4,97.5,99.4,91.3,87.7,79.3,84.1,81.8,77.9,12.6,2.5,0.6,8.7,12.3,20.7,15.9,18.2,22.1,0.0,0.0,0.0,0.0,0.0,0.0,0.0,0.0,0.0,1197.8,12.00,16,16,16,39,55,661,1,80.8,80.8,78.5,73.1,75.7,80.0,74.1,73.1,70.5,71.3,70.2,69.5,65.6,65.8,65.3,58.2,54.1,1.306,1.031,1.312,17.282,12.043,17.273,78.636,44.546,4.978,6.417,7.658,5.302,4.837,3.750,4.368,4.055,3.432,22.989,12.419,35.407,44.653,1197.8,1197.8,4053.9,4053.9,4053.9,4053.9,50.7,28.8,87.4,85.0,57.4,No,No,No,1.849,1.885,7.0,50,95.0,100.0,No,No,90848,98730,34,99.0,No,No,3320,0.0,0.0,0.0,0.001,0.042,45627,35285,0.0,0.0,0.0,0.000,0.000,151,0,73.6,95.2,83.0,1.069,12.058,12.107,12.101,11.966,1898,148.080,61.188,117.741,43.320,102.398,30.967,71.169,0.336,117.741,27.770,8.467,91.972,220.000,240.000,1905.0,1750.2,1665.0,1887.5,1800.0,58.0,23.0,0.0,9.0,94.6,14.5,58.2,0.0,0.0,0.0,55,Yes,No,No,Yes,No,No,No,66.1,68.5,4,0,0,0,0,0,0,0,0,105,0,0,0,0,0,0,0,0,0,0,0,0,0,0,0,0,0,0,0,0,442,7750,7589,1858,8.0,0.0,0.0,0.0,0.0,0.0,0.0,0.0,0.0,0.0,0.0,0.0,0.0,0.00,0.00,0.00,0.00,0.00,0.00,0.00,0.00,0.00,0.00,0.00,0,0,0.0,0.0,3177,248,29.8,2.8,0,
3.7.2026,22:52:37.905,29515,16479,64.1,15553,17129,47.5,0.5,13312,69,1.309,1.331,1.306,1.306,1.306,1.306,1.306,1.306,1.306,4045.8,4042.7,4067.7,4042.7,4042.7,4042.7,4042.7,4042.7,4042.7,99.8,1864.0,3916.3,3245.8,1779.5,3492.9,1828.2,2174.4,1697.4,1907.1,1142.4,1014.3,1497.3,1578.9,1469.2,1220.9,1069.1,789.6,1864.0,42.5,48.9,80.2,44.0,87.2,45.3,52.1,41.5,46.0,27.6,24.2,36.3,37.9,35.7,29.1,25.4,18.5,87.2,42.5,47.8,55.0,90.1,49.5,98.0,50.9,58.6,46.7,51.8,31.1,27.3,40.9,42.7,40.3,32.8,28.6,20.9,47.8,40.5,40.5,40.8,40.5,40.5,40.5,40.5,40.5,40.5,0.0,86.2,96.6,99.5,89.3,87.1,78.0,82.4,81.1,75.9,13.8,3.4,0.5,10.7,12.9,22.0,17.6,18.9,24.1,0.0,0.0,0.0,0.0,0.0,0.0,0.0,0.0,0.0,1197.8,12.00,16,16,16,39,55,661,1,80.8,80.5,80.0,72.8,75.0,80.3,73.6,73.2,70.0,70.9,70.0,69.0,65.5,65.8,65.2,58.5,54.0,1.331,1.031,1.350,16.741,11.887,16.745,77.614,43.690,4.914,6.272,7.639,5.164,4.877,3.644,4.318,4.015,3.382,22.271,12.255,34.526,43.764,1197.8,1197.8,4055.1,4055.1,4055.1,4055.1,49.7,27.9,86.2,84.7,56.7,No,No,No,1.807,1.628,6.9,50,95.0,100.0,No,No,90848,98730,34,99.0,No,No,3320,0.0,0.0,0.0,0.000,0.069,45627,35285,0.0,0.0,0.0,0.000,0.000,151,0,72.9,94.7,83.0,1.069,12.069,12.116,12.110,11.980,1898,140.536,62.323,112.430,41.656,96.799,30.621,65.956,0.336,112.430,25.889,47.858,89.258,220.000,240.000,1905.0,1750.2,1665.0,1888.0,1800.0,55.0,21.0,0.0,8.0,94.6,12.1,48.4,0.0,0.0,0.0,55,Yes,No,No,Yes,No,No,No,62.9,59.2,4,0,0,0,0,0,0,0,0,105,0,0,0,0,0,0,0,0,0,0,0,0,0,0,0,0,0,0,0,0,442,7750,7589,1858,8.0,0.0,0.0,0.0,0.0,0.0,0.0,0.0,0.0,0.0,0.0,0.0,0.0,0.00,0.00,0.00,0.00,0.00,0.00,0.00,0.00,0.00,0.00,0.00,0,0,0.0,0.0,3177,248,10.2,1.2,0,
3.7.2026,22:52:39.898,29516,16478,64.1,15556,17125,47.6,0.5,13312,69,1.311,1.312,1.300,1.319,1.319,1.319,1.306,1.306,1.306,4042.7,4042.7,4042.7,4042.7,4042.7,4042.7,4042.7,4042.7,4042.7,99.8,1812.8,3953.8,2279.7,1451.8,3882.6,2006.4,2035.5,1773.1,1833.6,1142.8,1026.6,1521.4,1551.7,1458.4,1220.5,1026.2,840.8,1812.8,43.2,73.5,56.2,36.0,96.1,48.9,50.8,43.7,45.2,28.2,25.1,37.1,38.6,36.1,29.9,25.1,20.7,96.1,43.2,48.5,82.6,63.0,40.4,108.0,54.9,57.1,49.1,50.8,31.6,28.1,41.6,43.3,40.5,33.6,28.1,23.1,48.5,40.5,40.5,40.5,40.5,40.5,40.5,40.5,40.5,40.5,0.0,87.6,97.5,99.6,90.2,88.5,79.6,84.7,82.6,78.1,12.4,2.5,0.4,9.8,11.5,20.4,15.3,17.4,21.9,0.0,0.0,0.0,0.0,0.0,0.0,0.0,0.0,0.0,1197.8,12.00,16,16,16,39,55,661,1,80.8,80.6,83.5,72.8,75.4,79.9,73.8,72.9,70.1,71.0,70.2,69.2,65.6,65.8,65.3,56.8,53.8,1.319,1.031,1.337,16.931,11.972,16.933,78.834,44.036,4.924,6.420,7.596,5.172,4.797,3.679,4.306,4.034,3.388,22.529,12.343,34.872,44.124,1197.8,1197.8,4055.3,4055.3,4055.3,4055.3,50.1,28.2,87.6,84.8,56.9,No,No,No,1.820,1.813,7.0,50,95.0,100.0,No,No,90848,98730,34,99.0,No,No,3320,0.0,0.0,0.0,0.000,0.064,45627,35285,0.0,0.0,0.0,0.000,0.000,151,0,73.8,96.1,83.0,1.069,12.054,12.105,12.098,11.960,1901,151.789,63.968,122.551,44.970,106.258,31.920,74.077,0.336,122.551,28.483,15.601,92.930,220.000,240.000,1905.0,1750.2,1665.0,1887.8,1800.0,62.0,25.0,0.0,10.0,94.6,13.3,53.2,0.0,0.0,0.0,55,Yes,No,No,Yes,No,No,No,68.7,65.7,4,0,0,0,0,0,0,0,0,105,0,0,0,0,0,0,0,0,0,0,0,0,0,0,0,0,0,0,0,0,439,7753,7593,1858,8.0,0.0,0.0,0.0,0.0,0.0,0.0,0.0,0.0,0.0,0.0,0.0,0.0,0.00,0.00,0.00,0.00,0.00,0.00,0.00,0.00,0.00,0.00,0.00,0,0,0.0,0.0,3177,248,12.0,1.9,0,
3.7.2026,22:52:41.904,29523,16471,64.1,15560,17122,47.6,0.5,13312,69,1.307,1.319,1.294,1.312,1.306,1.306,1.306,1.306,1.306,4024.0,4042.7,4017.8,4042.7,4017.8,4017.8,4017.8,4017.8,4017.8,99.8,1823.2,3927.8,1948.2,1878.0,3502.0,2154.3,1931.5,1860.6,1802.7,1163.6,1079.4,1583.2,1516.8,1495.5,1276.6,1108.0,943.8,1823.2,43.1,78.2,47.8,46.3,85.7,52.4,47.2,45.0,44.3,28.2,25.5,39.1,36.4,35.5,30.6,25.7,21.5,85.7,43.1,48.6,88.0,53.9,52.3,96.4,59.1,53.2,50.8,50.0,31.9,28.9,44.2,41.1,40.1,34.6,29.1,24.4,48.6,40.3,40.5,40.2,40.5,40.2,40.2,40.2,40.2,40.2,0.0,86.8,96.9,99.5,89.9,87.8,78.9,83.5,81.3,76.9,13.2,3.1,0.5,10.1,12.2,21.1,16.5,18.7,23.1,0.0,0.0,0.0,0.0,0.0,0.0,0.0,0.0,0.0,1197.8,12.00,16,16,16,39,55,661,1,80.8,80.5,82.2,72.8,75.5,79.5,73.7,73.0,70.1,71.1,70.0,69.2,65.5,65.7,65.2,57.8,53.7,1.344,1.038,1.344,16.710,12.411,16.703,78.146,44.285,4.930,6.222,7.462,5.218,4.792,3.702,4.338,4.098,3.604,22.225,12.791,35.016,44.386,1197.8,1197.8,4054.4,4054.4,4054.4,4054.4,50.4,27.8,86.8,84.7,56.9,No,No,No,1.729,4.203,6.9,50,95.0,100.0,No,No,90848,98730,34,99.0,No,No,3320,0.0,0.0,0.0,0.030,0.013,45627,35285,0.0,0.0,0.0,0.000,0.000,151,0,74.0,96.1,83.0,1.069,12.057,12.107,12.100,11.964,1897,151.538,64.909,120.561,44.082,105.233,31.010,73.950,0.336,120.561,28.519,8.230,116.605,220.000,240.000,1905.0,1750.2,1665.0,1887.8,1800.0,74.0,25.0,0.0,20.0,94.7,13.2,52.8,0.0,0.0,0.0,55,Yes,No,No,Yes,No,No,No,67.8,65.7,4,0,0,0,0,0,0,0,0,105,0,0,0,0,0,0,0,0,0,0,0,0,0,0,0,0,0,0,0,0,438,7754,7593,1858,8.0,0.0,0.0,0.0,0.0,0.0,0.0,0.0,0.0,0.0,0.0,0.0,0.0,0.00,0.00,0.00,0.00,0.00,0.00,0.00,0.00,0.00,0.00,0.00,0,0,0.0,0.0,3177,248,19.9,7.6,0,
3.7.2026,22:52:43.900,29551,16442,64.2,15590,17091,47.7,0.5,13312,69,1.298,1.306,1.319,1.300,1.306,1.288,1.288,1.288,1.288,4008.4,4042.7,4042.7,4017.8,3992.8,3992.8,3992.8,3992.8,3992.8,99.8,1836.0,3950.9,2312.2,2379.5,2945.2,2056.5,2068.1,1791.3,1891.7,1102.5,1147.9,1493.6,1611.2,1356.2,1352.8,904.4,1012.4,1836.0,44.3,73.0,54.8,58.8,77.2,52.2,50.7,44.5,46.2,27.7,28.3,37.1,40.0,34.7,33.3,24.1,25.7,77.2,44.3,49.5,81.9,61.4,65.9,86.6,58.4,56.7,49.8,51.7,30.9,31.5,41.4,44.7,38.8,37.2,26.8,28.7,49.5,40.2,40.5,40.5,40.2,40.0,40.0,40.0,40.0,40.0,0.0,87.0,97.5,99.4,90.4,87.7,78.7,83.4,81.6,77.4,13.0,2.5,0.6,9.6,12.3,21.3,16.6,18.4,22.6,0.0,0.0,0.0,0.0,0.0,0.0,0.0,0.0,0.0,1197.8,12.00,16,16,16,39,55,661,1,80.8,81.0,80.5,73.3,76.4,79.6,74.6,73.5,70.4,71.4,70.5,70.0,65.6,65.8,65.3,58.0,53.4,1.306,1.025,1.319,17.134,12.353,17.141,78.300,44.810,4.925,6.463,7.382,5.325,4.881,3.664,4.305,4.000,3.377,22.778,12.734,35.512,44.885,1197.8,1197.8,4052.4,4052.4,4052.4,4052.4,51.0,28.6,87.0,85.3,56.8,No,No,No,1.729,3.898,7.0,50,95.0,100.0,No,No,90848,98730,34,99.0,No,No,3320,0.4,0.0,0.5,2.418,0.024,45631,35285,0.0,0.0,0.0,0.000,0.000,151,0,73.6,95.5,83.0,1.069,12.064,12.112,12.106,11.973,1894,148.599,63.057,119.018,43.457,102.476,30.280,71.950,0.336,119.018,26.725,18.095,99.218,220.000,240.000,1905.0,1750.2,1665.0,1888.0,1800.0,72.0,20.0,0.0,23.0,94.5,16.8,67.2,0.0,0.0,0.0,55,Yes,No,No,Yes,No,No,No,66.2,73.2,4,0,0,0,0,0,0,0,0,105,0,0,0,0,0,0,0,0,0,0,0,0,0,0,0,0,0,0,0,0,447,7745,7584,1858,8.0,0.0,0.0,0.0,0.0,0.0,0.0,0.0,0.0,0.0,0.0,0.0,0.0,0.00,0.00,0.00,0.00,0.00,0.00,0.00,0.00,0.00,0.00,0.00,0,0,0.0,0.0,3177,248,21.4,4.7,0,
3.7.2026,22:52:45.898,29542,16451,64.2,15594,17088,47.7,0.5,13312,69,1.309,1.306,1.300,1.306,1.312,1.312,1.312,1.312,1.312,4042.7,4067.7,4042.7,4042.7,4042.7,4042.7,4042.7,4042.7,4017.8,99.8,1913.7,3951.3,3315.8,2003.3,3480.3,1706.2,2404.9,1593.4,2009.3,1089.5,1196.6,1423.8,1699.5,1314.7,1514.5,871.7,1043.7,1913.7,43.7,48.4,82.9,50.2,84.2,42.3,58.2,39.3,48.6,26.0,29.1,34.5,41.1,31.7,36.4,20.9,24.8,84.2,43.7,49.2,54.5,93.2,56.6,94.6,47.7,65.5,44.4,54.8,29.4,32.9,38.9,46.4,35.8,41.0,23.7,28.1,49.2,40.5,40.8,40.5,40.5,40.5,40.5,40.5,40.5,40.2,0.0,87.8,97.5,99.2,90.9,88.2,80.4,84.4,83.2,78.3,12.2,2.5,0.8,9.1,11.8,19.6,15.6,16.8,21.7,0.0,0.0,0.0,0.0,0.0,0.0,0.0,0.0,0.0,1197.8,12.00,16,16,16,39,55,661,1,80.6,80.6,78.2,72.8,76.3,79.0,73.9,72.7,70.4,71.0,70.2,69.1,65.5,65.8,65.2,57.2,54.0,1.300,1.025,1.312,16.822,12.193,16.822,78.990,44.182,4.958,6.576,7.487,5.203,4.790,3.736,4.358,4.101,3.417,22.376,12.569,34.945,44.253,1197.8,1197.8,4054.3,4054.3,4054.3,4054.3,50.3,28.0,87.8,84.8,56.5,No,No,No,1.751,2.899,7.0,50,95.0,100.0,No,No,90848,98730,34,99.0,No,No,3320,0.1,0.0,0.1,0.069,0.065,45631,35286,0.0,0.0,0.0,0.000,0.000,151,0,73.8,95.6,83.0,1.069,12.056,12.105,12.099,11.963,1898,146.131,64.716,122.085,44.378,104.937,30.876,73.798,0.336,122.085,27.015,32.055,89.591,220.000,240.000,1905.0,1750.2,1665.0,1888.2,1800.0,69.0,23.0,0.0,17.0,94.5,14.8,59.2,0.0,0.0,0.0,55,Yes,No,No,Yes,No,No,No,67.8,70.9,4,0,0,0,0,0,0,0,0,105,0,0,0,0,0,0,0,0,0,0,0,0,0,0,0,0,0,0,0,0,449,7743,7582,1858,8.0,0.0,0.0,0.0,0.0,0.0,0.0,0.0,0.0,0.0,0.0,0.0,0.0,0.00,0.00,0.00,0.00,0.00,0.00,0.00,0.00,0.00,0.00,0.00,0,0,0.0,0.0,3177,248,8.6,2.7,0,
3.7.2026,22:52:47.898,29554,16439,64.2,15609,17073,47.7,0.5,13312,69,1.313,1.306,1.325,1.325,1.325,1.306,1.306,1.306,1.306,4045.8,4067.7,4042.7,4042.7,4042.7,4042.7,4042.7,4042.7,4042.7,99.8,1959.3,3968.0,3197.4,2032.3,3441.4,1772.5,2473.9,1703.2,2076.1,1103.3,1289.1,1540.9,1742.1,1329.5,1524.7,1043.1,1111.5,1959.3,45.8,55.6,79.0,50.3,85.6,43.5,61.2,42.1,51.0,27.4,31.7,38.3,42.8,33.0,37.7,25.7,27.1,85.6,45.8,51.3,62.4,88.7,56.4,96.1,48.7,68.7,47.2,57.2,30.7,35.4,42.8,48.0,36.9,42.2,28.7,30.3,51.3,40.5,40.8,40.5,40.5,40.5,40.5,40.5,40.5,40.5,0.0,88.5,97.9,99.4,91.6,88.9,81.5,85.5,83.4,79.8,11.5,2.1,0.6,8.4,11.1,18.5,14.5,16.6,20.2,0.0,0.0,0.0,0.0,0.0,0.0,0.0,0.0,0.0,1197.8,12.00,16,16,16,39,55,661,1,80.8,80.6,80.0,73.1,76.0,79.6,74.3,73.3,70.3,71.4,70.2,69.6,65.6,65.9,65.3,58.2,54.0,1.344,1.031,1.331,17.559,11.952,17.560,79.651,44.832,5.042,6.585,7.523,5.341,4.908,3.801,4.464,4.123,3.595,23.351,12.331,35.682,44.948,1197.8,1197.8,4054.1,4054.1,4054.1,4054.1,51.1,29.3,88.5,84.9,57.7,No,No,No,1.916,1.855,7.1,49,95.0,100.0,No,No,90848,98730,34,99.0,No,No,3320,0.1,0.0,0.1,0.200,0.058,45632,35286,0.0,0.0,0.0,0.000,0.000,151,0,74.2,96.7,83.0,1.069,12.052,12.103,12.096,11.958,1897,153.974,64.453,120.900,45.048,106.121,31.700,74.156,0.336,120.900,30.044,8.580,106.747,220.000,240.000,1905.0,1750.2,1665.0,1887.6,1800.0,63.0,23.0,0.0,11.0,94.5,14.5,57.9,0.0,0.0,0.0,55,Yes,No,No,Yes,No,No,No,68.6,72.7,4,0,0,0,0,0,0,0,0,105,0,0,0,0,0,0,0,0,0,0,0,0,0,0,0,0,0,0,0,0,449,7743,7582,1858,8.0,0.0,0.0,0.0,0.0,0.0,0.0,0.0,0.0,0.0,0.0,0.0,0.0,0.00,0.00,0.00,0.00,0.00,0.00,0.00,0.00,0.00,0.00,0.00,0,0,0.0,0.0,3177,248,5.5,2.5,0,
3.7.2026,22:52:49.899,29563,16430,64.2,15606,17075,47.7,0.5,13312,69,1.310,1.319,1.306,1.312,1.312,1.312,1.306,1.306,1.306,4045.8,4067.7,4042.7,4042.7,4042.7,4042.7,4042.7,4042.7,4042.7,99.8,1864.4,3967.2,2357.9,2202.0,3144.4,2110.3,2057.1,1752.6,1946.8,1135.3,1157.7,1530.4,1642.4,1425.4,1364.2,992.9,1043.9,1864.4,44.2,71.4,58.3,54.6,77.7,51.9,50.5,43.0,47.9,27.6,28.2,37.5,40.2,34.9,33.2,24.1,25.3,77.7,44.2,49.6,80.2,65.4,61.4,87.3,58.3,56.7,48.3,53.8,31.0,31.7,42.1,45.1,39.1,37.3,27.0,28.4,49.6,40.5,40.8,40.5,40.5,40.5,40.5,40.5,40.5,40.5,0.0,87.9,97.9,99.2,91.2,88.5,80.4,84.8,82.8,78.7,12.1,2.1,0.8,8.8,11.5,19.6,15.2,17.2,21.3,0.0,0.0,0.0,0.0,0.0,0.0,0.0,0.0,0.0,1197.8,12.00,16,16,16,39,55,661,1,80.8,80.4,79.8,73.0,76.0,79.3,74.3,73.1,70.3,71.3,70.2,69.3,65.5,65.8,65.3,58.0,53.6,1.331,1.025,1.337,17.076,12.118,17.072,79.131,44.360,4.983,6.476,7.415,5.402,4.858,3.717,4.431,4.086,3.481,22.713,12.495,35.208,44.500,1197.8,1197.8,4054.1,4054.2,4053.9,4054.2,50.6,28.5,87.9,84.6,56.9,No,No,No,1.821,2.628,7.0,50,95.0,100.0,No,No,90848,98730,34,99.0,No,No,3320,0.0,0.0,0.0,0.032,0.046,45632,35286,0.0,0.0,0.0,0.000,0.000,151,0,74.0,95.8,83.0,1.069,12.059,12.109,12.101,11.966,1894,149.174,64.940,118.701,43.482,103.139,31.147,71.756,0.336,118.701,27.746,39.295,95.093,220.000,240.000,1905.0,1750.2,1665.0,1887.7,1800.0,62.0,24.0,0.0,9.0,94.5,12.9,51.6,0.0,0.0,0.0,55,Yes,No,No,Yes,No,No,No,66.6,65.7,4,0,0,0,0,0,0,0,0,105,0,0,0,0,0,0,0,0,0,0,0,0,0,0,0,0,0,0,0,0,449,7743,7582,1858,8.0,0.0,0.0,0.0,0.0,0.0,0.0,0.0,0.0,0.0,0.0,0.0,0.0,0.00,0.00,0.00,0.00,0.00,0.00,0.00,0.00,0.00,0.00,0.00,0,0,0.0,0.0,3177,248,13.6,4.3,0,
3.7.2026,22:52:51.901,29568,16426,64.2,15611,17071,47.7,0.5,13312,69,1.310,1.312,1.306,1.319,1.306,1.306,1.306,1.312,1.312,4036.5,4042.7,4042.7,4042.7,4042.7,4042.7,4042.7,4017.8,4017.8,99.8,1834.6,3938.8,1910.9,1496.9,3845.9,2312.7,1874.1,2071.8,1670.4,1162.7,1096.6,1659.9,1544.1,1527.8,1321.0,913.9,1006.6,1834.6,43.8,79.5,46.9,36.9,95.1,56.8,45.9,51.1,40.6,28.2,26.5,40.7,37.6,36.9,32.2,22.0,24.2,95.1,43.8,49.3,89.4,52.8,41.6,106.9,63.9,51.7,57.5,45.7,31.8,29.9,45.8,42.4,41.6,36.3,24.8,27.3,49.3,40.4,40.5,40.5,40.5,40.5,40.5,40.5,40.2,40.2,0.0,87.7,97.1,99.6,90.9,88.7,79.8,84.8,82.7,77.6,12.3,2.9,0.4,9.1,11.3,20.2,15.2,17.3,22.4,0.0,0.0,0.0,0.0,0.0,0.0,0.0,0.0,0.0,1197.8,12.00,16,16,16,39,55,661,1,80.8,80.4,78.2,72.7,74.9,80.0,73.7,72.8,69.9,71.0,70.1,69.0,65.3,65.6,65.1,57.0,53.6,1.300,1.031,1.306,16.924,12.422,16.929,78.896,44.671,4.920,6.174,7.598,5.222,4.823,3.669,4.360,4.109,3.401,22.526,12.802,35.329,44.710,1197.8,1197.8,4055.9,4056.0,4055.8,4056.0,50.8,28.2,87.7,84.7,57.1,No,No,No,1.720,4.100,7.0,50,95.0,100.0,No,No,90848,98730,34,99.0,No,No,3320,0.0,0.0,0.1,0.064,0.022,45632,35286,0.0,0.0,0.0,0.000,0.000,151,0,73.5,95.4,83.0,1.069,12.062,12.108,12.104,11.974,1898,146.886,62.421,116.362,42.547,100.508,29.948,70.338,0.336,116.362,26.579,12.213,109.021,220.000,240.000,1905.0,1750.2,1665.0,1887.9,1800.0,78.0,20.0,0.0,29.0,94.6,15.6,62.4,0.0,0.0,0.0,55,Yes,No,No,Yes,No,No,No,65.0,69.1,4,0,0,0,0,0,0,0,0,105,0,0,0,0,0,0,0,0,0,0,0,0,0,0,0,0,0,0,0,0,440,7752,7591,1859,8.0,0.0,0.0,0.0,0.0,0.0,0.0,0.0,0.0,0.0,0.0,0.0,0.0,0.00,0.00,0.00,0.00,0.00,0.00,0.00,0.00,0.00,0.00,0.00,0,0,0.0,0.0,3177,248,4.8,3.9,0,
3.7.2026,22:52:53.915,29559,16434,64.2,15607,17075,47.7,0.5,13312,69,1.317,1.331,1.331,1.312,1.312,1.312,1.312,1.312,1.312,4042.7,4042.7,4042.7,4042.7,4042.7,4042.7,4042.7,4042.7,4042.7,99.8,1831.0,3951.8,2187.6,1858.1,3466.8,2249.9,1808.0,1990.0,1639.8,1159.7,1113.3,1650.7,1505.8,1450.5,1355.4,899.3,1010.0,1831.0,43.7,74.3,54.0,46.1,86.2,55.9,44.3,49.0,40.3,28.7,27.3,40.7,37.1,36.2,33.0,22.1,24.7,86.2,43.7,49.1,83.5,60.6,51.7,96.8,62.8,49.7,55.1,45.2,32.1,30.6,45.7,41.6,40.6,37.1,24.8,27.7,49.1,40.5,40.5,40.5,40.5,40.5,40.5,40.5,40.5,40.5,0.0,87.2,97.5,99.0,90.1,87.7,79.6,84.0,82.6,77.1,12.8,2.5,1.0,9.9,12.3,20.4,16.0,17.4,22.9,0.0,0.0,0.0,0.0,0.0,0.0,0.0,0.0,0.0,1197.8,12.00,16,16,16,39,55,661,1,80.8,80.4,78.8,72.6,75.5,79.1,73.6,72.4,70.0,70.8,70.0,69.0,65.3,65.6,65.0,57.2,53.7,1.325,1.031,1.331,16.624,12.487,16.621,78.488,44.277,4.873,6.362,7.372,5.117,4.701,3.679,4.334,4.034,3.387,22.121,12.867,34.988,44.384,1197.8,1197.8,4055.1,4055.2,4055.0,4055.2,50.4,27.7,87.2,84.7,56.5,No,No,No,1.694,4.572,7.0,50,95.0,100.0,No,No,90848,98730,34,99.0,No,No,3320,0.0,0.0,0.0,0.033,0.020,45632,35286,0.0,0.0,0.0,0.000,0.000,151,0,73.5,95.5,83.0,1.069,12.069,12.115,12.110,11.981,1894,144.855,64.374,116.043,42.235,99.809,29.952,69.633,0.336,116.043,25.874,49.373,94.443,220.000,240.000,1905.0,1750.2,1665.0,1888.0,1800.0,75.0,20.0,0.0,27.0,94.5,15.0,60.2,0.0,0.0,0.0,55,Yes,No,No,Yes,No,No,No,64.5,66.4,4,0,0,0,0,0,0,0,0,105,0,0,0,0,0,0,0,0,0,0,0,0,0,0,0,0,0,0,0,0,450,7742,7581,1794,8.0,0.0,0.0,0.0,0.0,0.0,0.0,0.0,0.0,0.0,0.0,0.0,0.0,0.00,0.00,0.00,0.00,0.00,0.00,0.00,0.00,0.00,0.00,0.00,0,0,0.0,0.0,3177,248,8.5,2.1,0,
3.7.2026,22:52:55.915,29565,16429,64.2,15605,17077,47.7,0.5,13312,69,1.317,1.319,1.325,1.306,1.306,1.306,1.306,1.306,1.306,4042.7,4067.7,4042.7,4042.7,4042.7,4042.7,4042.7,4042.7,4042.7,99.8,1831.0,3958.7,3408.0,1806.4,3740.9,1801.3,2272.1,1739.6,1868.6,1074.1,1169.1,1505.7,1642.3,1354.8,1384.2,852.7,1041.5,1913.7,43.7,48.3,84.3,44.8,90.5,45.6,56.8,43.1,47.6,27.9,28.9,38.0,41.8,34.9,34.7,21.8,26.1,90.5,44.7,49.1,54.2,94.7,50.2,101.7,51.1,63.7,48.3,53.3,31.2,32.3,42.5,46.8,39.1,38.9,24.3,29.1,50.1,40.5,40.5,40.5,40.5,40.5,40.5,40.5,40.5,40.5,0.0,87.2,97.5,99.0,90.1,87.7,79.6,84.0,82.6,77.1,12.8,2.5,1.0,9.9,12.3,20.4,16.0,17.4,22.9,0.0,0.0,0.0,0.0,0.0,0.0,0.0,0.0,0.0,1197.8,12.00,16,16,16,39,55,661,1,80.8,80.4,78.8,72.6,75.5,79.1,73.6,72.4,70.0,70.8,70.0,69.0,65.3,65.6,65.0,57.2,53.7,1.325,1.031,1.331,16.624,12.487,16.621,78.488,44.277,4.873,6.362,7.372,5.117,4.701,3.679,4.334,4.034,3.387,22.121,12.867,34.988,44.384,1197.8,1197.8,4055.1,4055.2,4055.0,4055.2,50.4,27.7,87.2,84.7,56.5,No,No,No,1.694,4.572,7.0,50,95.0,100.0,No,No,90848,98730,34,99.0,No,No,3320,0.0,0.0,0.0,0.033,0.020,45632,35286,0.0,0.0,0.0,0.000,0.000,151,0,73.6,95.8,83.0,1.069,12.058,12.107,12.101,11.967,1897,147.568,63.185,122.317,44.625,104.894,30.719,73.938,0.336,122.317,27.031,8.319,97.350,220.000,240.000,1905.0,1750.2,1665.0,1888.0,1800.0,75.0,21.0,0.0,25.0,94.5,16.6,66.3,0.0,0.0,0.0,55,Yes,No,No,Yes,No,No,No,65.3,61.1,4,0,0,0,0,0,0,0,0,105,0,0,0,0,0,0,0,0,0,0,0,0,0,0,0,0,0,0,0,0,452,7740,7579,1797,8.0,0.0,0.0,0.0,0.0,0.0,0.0,0.0,0.0,0.0,0.0,0.0,0.0,0.00,0.00,0.00,0.00,0.00,0.00,0.00,0.00,0.00,0.00,0.00,0,0,0.0,0.0,3177,248,8.5,2.1,0,
3.7.2026,22:52:57.916,29563,16430,64.2,15507,17174,47.4,0.5,13312,69,1.312,1.294,1.319,1.294,1.319,1.319,1.319,1.319,1.319,4024.0,4042.7,4042.7,4017.8,4017.8,4017.8,4017.8,4017.8,4017.8,99.8,1975.7,3939.5,3373.7,1376.1,4006.0,1806.1,2337.6,1789.9,1915.3,1182.1,1332.0,1567.9,1688.6,1465.7,1532.3,989.2,1309.0,1975.7,44.1,46.9,83.2,33.8,99.5,43.3,56.7,43.2,45.4,26.3,30.5,37.3,39.4,33.0,35.3,21.8,29.1,99.5,44.1,49.6,52.7,93.5,38.5,111.7,48.6,63.6,48.5,50.9,30.1,34.8,41.8,44.7,37.1,40.2,24.5,32.6,49.6,40.3,40.5,40.5,40.2,40.2,40.2,40.2,40.2,40.2,0.0,87.5,97.2,99.9,89.7,87.5,80.4,83.9,82.5,78.6,12.5,2.8,0.1,10.3,12.5,19.6,16.1,17.5,21.4,0.0,0.0,0.0,0.0,0.0,0.0,0.0,0.0,0.0,1197.8,12.00,16,16,16,39,55,661,1,80.8,80.7,79.0,73.1,75.1,80.6,73.5,73.0,70.7,71.4,70.6,70.2,65.4,65.6,65.1,55.5,53.1,1.319,1.031,1.325,17.498,12.241,17.497,78.728,45.094,5.196,6.349,7.784,5.214,4.923,4.127,4.580,4.483,4.107,23.283,12.623,35.906,45.213,1197.8,1197.8,4052.3,4052.3,4052.3,4052.3,51.4,29.2,87.5,84.9,57.2,No,No,No,1.663,3.055,7.0,50,95.0,100.0,No,No,90848,98730,34,99.0,No,No,3320,0.0,0.0,0.0,0.000,0.053,45632,35286,0.0,0.0,0.0,0.000,0.000,151,0,74.1,96.2,83.0,1.069,12.055,12.106,12.099,11.960,1898,146.513,64.186,124.324,45.651,107.499,30.988,76.252,0.336,124.324,28.635,8.373,95.478,220.000,240.000,1905.0,1750.2,1665.0,1888.0,1800.0,65.0,21.0,0.0,12.0,94.6,13.9,55.5,0.0,0.0,0.0,55,Yes,No,No,Yes,No,No,No,66.8,62.2,4,0,0,0,0,0,0,0,0,105,0,0,0,0,0,0,0,0,0,0,0,0,0,0,0,0,0,0,0,0,446,7746,7585,1798,8.0,0.0,0.0,0.0,0.0,0.0,0.0,0.0,0.0,0.0,0.0,0.0,0.0,0.00,0.00,0.00,0.00,0.00,0.00,0.00,0.00,0.00,0.00,0.00,0,0,0.0,0.0,3177,248,17.6,1.1,0,
3.7.2026,22:52:59.932,29556,16438,64.2,15513,17168,47.4,0.5,13312,69,1.322,1.331,1.306,1.331,1.325,1.325,1.319,1.319,1.319,4064.5,4067.7,4042.7,4067.7,4067.7,4067.7,4067.7,4067.7,4067.7,99.8,1960.1,4007.8,2465.4,2501.8,3080.4,2229.8,2170.8,1972.1,1827.6,1229.7,1253.0,1725.3,1644.6,1567.0,1439.4,1061.2,1186.4,1960.1,46.6,73.2,61.4,61.7,76.6,54.5,53.1,47.8,44.7,30.2,30.8,41.9,40.6,38.2,35.8,25.7,28.9,76.6,46.6,52.3,82.3,69.0,69.0,86.1,61.3,59.8,53.8,50.3,33.4,34.2,47.2,45.2,43.0,39.8,29.0,32.6,52.3,40.7,40.8,40.5,40.8,40.8,40.8,40.8,40.8,40.8,0.0,88.8,98.9,99.8,92.2,88.7,81.3,85.4,84.0,79.8,11.2,1.1,0.2,7.8,11.3,18.7,14.6,16.0,20.2,0.0,0.0,0.0,0.0,0.0,0.0,0.0,0.0,0.0,1197.8,12.00,16,16,16,39,55,661,1,80.8,80.6,83.0,73.3,77.2,79.0,74.7,72.9,70.5,71.5,70.6,69.8,65.6,65.8,65.3,57.2,54.0,1.362,1.031,1.356,17.619,12.293,17.618,79.883,45.324,5.093,6.829,7.442,5.474,4.861,3.826,4.508,4.219,3.588,23.436,12.678,36.115,45.442,1197.8,1197.8,4053.0,4053.2,4052.8,4053.2,51.6,29.4,88.8,84.8,57.3,No,No,No,1.706,3.315,7.1,50,95.0,100.0,No,No,90848,98730,34,99.0,No,No,3320,0.0,0.0,0.0,0.000,0.008,45632,35286,0.0,0.0,0.0,0.000,0.000,151,0,74.0,96.5,83.0,1.069,12.058,12.108,12.101,11.965,1894,148.173,63.023,119.224,43.817,104.719,30.798,73.659,0.336,119.224,29.109,9.872,99.475,220.000,240.000,1905.0,1750.2,1665.0,1888.0,1800.0,68.0,22.0,0.0,17.0,94.4,15.1,60.3,0.0,0.0,0.0,55,Yes,No,No,Yes,No,No,No,67.4,69.9,4,0,0,0,0,0,0,0,0,105,0,0,0,0,0,0,0,0,0,0,0,0,0,0,0,0,0,0,0,0,456,7736,7575,1798,8.0,0.0,0.0,0.0,0.0,0.0,0.0,0.0,0.0,0.0,0.0,0.0,0.0,0.00,0.00,0.00,0.00,0.00,0.00,0.00,0.00,0.00,0.00,0.00,0,0,0.0,0.0,3177,249,13.5,2.0,0,
3.7.2026,22:53:1.949,29566,16427,64.2,15516,17165,47.4,0.5,13312,69,1.304,1.312,1.306,1.306,1.306,1.306,1.306,1.294,1.294,4027.1,4067.7,4042.7,4017.8,4017.8,4017.8,4017.8,4017.8,4017.8,99.8,2090.8,4005.1,3238.4,2162.5,3604.9,2773.1,2090.3,2259.0,1812.9,1320.6,1267.7,1964.1,1591.5,1643.7,1515.8,1007.2,1196.5,2090.8,49.1,61.2,79.6,53.7,88.7,67.8,52.4,56.1,44.3,32.3,31.2,48.4,38.7,40.7,36.8,24.8,29.3,88.7,49.1,55.4,68.9,89.6,60.6,99.7,76.4,59.0,63.3,50.0,36.6,35.3,54.6,43.7,45.9,41.6,28.1,33.2,55.4,40.3,40.8,40.5,40.2,40.2,40.2,40.2,40.2,40.2,0.0,90.0,98.8,99.9,96.3,90.9,82.2,86.7,85.1,80.3,10.0,1.2,0.1,3.7,9.1,17.8,13.3,14.9,19.7,0.0,0.0,0.0,0.0,0.0,0.0,0.0,0.0,0.0,1197.8,12.00,16,16,16,39,55,661,1,80.9,81.4,81.8,74.1,77.9,80.6,76.6,74.1,71.0,71.9,71.0,70.0,65.9,66.1,65.6,57.0,53.4,1.319,1.031,1.331,18.574,12.421,18.578,81.025,46.837,5.320,6.968,7.790,6.109,5.159,3.917,4.656,4.328,3.632,24.701,12.810,37.510,46.882,1197.8,1197.8,4052.8,4052.8,4052.8,4052.8,53.3,31.0,90.0,85.7,57.8,No,No,No,1.698,3.785,7.2,50,95.0,100.0,No,No,90848,98730,34,99.0,No,No,3320,0.0,0.0,0.0,0.000,0.017,45632,35286,0.0,0.0,0.0,0.000,0.000,151,0,74.0,96.3,83.0,1.069,12.058,12.104,12.102,11.967,1894,146.180,63.227,122.089,44.917,104.946,30.900,73.799,0.336,122.089,27.607,8.119,97.466,220.000,240.000,1905.0,1750.2,1665.0,1888.0,1800.0,73.0,22.0,0.0,21.0,94.4,15.1,60.6,0.0,0.0,0.0,55,Yes,No,No,Yes,No,No,No,68.0,70.2,4,0,0,0,0,0,0,0,0,105,0,0,0,0,0,0,0,0,0,0,0,0,0,0,0,0,0,0,0,0,456,7736,7575,1798,8.0,0.0,0.0,0.0,0.0,0.0,0.0,0.0,0.0,0.0,0.0,0.0,0.0,0.00,0.00,0.00,0.00,0.00,0.00,0.00,0.00,0.00,0.00,0.00,0,0,0.0,0.0,3177,249,14.4,2.9,0,
3.7.2026,22:53:3.946,29565,16428,64.2,15518,17163,47.4,0.5,13312,69,1.312,1.312,1.312,1.312,1.312,1.312,1.312,1.312,1.312,4042.7,4042.7,4042.7,4042.7,4042.7,4042.7,4042.7,4042.7,4042.7,99.8,2100.2,3993.3,3081.5,2379.5,3490.4,2554.5,2232.4,2336.7,1847.0,1309.7,1309.4,1932.2,1686.1,1641.1,1563.9,1059.1,1186.7,2100.2,49.7,64.2,76.7,55.8,90.5,65.4,52.9,58.1,44.7,32.4,32.1,47.9,40.8,39.8,38.9,25.9,29.1,90.5,49.7,55.6,72.0,86.1,62.5,101.7,73.3,59.3,65.1,50.0,36.1,35.7,53.6,45.6,44.5,43.4,28.7,32.4,55.6,40.5,40.5,40.5,40.5,40.5,40.5,40.5,40.5,40.5,0.0,90.4,98.5,99.9,95.6,91.7,83.3,87.7,85.7,81.1,9.6,1.5,0.1,4.4,8.3,16.7,12.3,14.3,18.9,0.0,0.0,0.0,0.0,0.0,0.0,0.0,0.0,0.0,1197.8,12.00,16,16,16,39,55,661,1,81.1,81.9,80.0,74.3,77.8,81.3,76.5,74.6,71.2,72.2,71.2,70.1,66.0,66.3,65.8,57.0,53.8,1.337,1.031,1.337,18.989,12.199,18.987,81.393,47.000,5.401,6.920,7.987,6.032,5.359,4.021,4.793,4.429,3.671,25.240,12.589,37.829,47.111,1197.8,1197.8,4052.1,4052.2,4051.9,4052.2,53.5,31.6,90.4,86.2,58.3,No,No,No,1.799,2.289,7.2,50,95.0,100.0,No,No,90848,98730,34,99.0,No,No,3320,0.0,0.0,0.0,0.000,0.032,45632,35286,0.0,0.0,0.0,0.000,0.000,151,0,74.7,96.9,83.0,1.069,12.058,12.107,12.103,11.963,1898,154.272,71.901,124.888,45.656,107.778,32.049,75.490,0.336,124.888,28.396,71.227,108.299,220.000,240.000,1905.0,1750.2,1665.0,1887.6,1800.0,71.0,25.0,0.0,16.0,94.4,16.0,63.9,0.0,0.0,0.0,55,Yes,No,No,Yes,No,No,No,69.7,72.7,4,0,0,0,0,0,0,0,0,105,0,0,0,0,0,0,0,0,0,0,0,0,0,0,0,0,0,0,0,0,456,7736,7575,1800,8.0,0.0,0.0,0.0,0.0,0.0,0.0,0.0,0.0,0.0,0.0,0.0,0.0,0.00,0.00,0.00,0.00,0.00,0.00,0.00,0.00,0.00,0.00,0.00,0,0,0.0,0.0,3177,249,13.3,6.8,0,
3.7.2026,22:53:5.959,29527,16467,64.1,15480,17202,47.3,0.5,13312,69,1.309,1.262,1.319,1.312,1.312,1.312,1.312,1.319,1.319,4039.6,3992.8,4067.7,4042.7,4042.7,4042.7,4042.7,4042.7,4042.7,99.8,2136.2,4011.2,3125.6,2652.9,3397.9,2194.8,2690.0,1966.5,2245.1,1220.6,1435.2,1722.1,1917.7,1537.6,1756.1,1014.9,1290.6,2136.2,50.2,64.1,77.2,67.6,79.0,53.1,67.2,48.9,55.4,29.9,34.8,42.1,47.7,38.3,42.2,24.7,31.4,79.0,50.2,56.5,72.1,86.7,76.0,88.9,59.8,75.6,55.0,62.4,33.7,39.3,47.4,53.7,43.2,47.6,27.9,35.4,56.5,40.5,40.0,40.8,40.5,40.5,40.5,40.5,40.5,40.5,0.0,90.5,99.0,99.8,96.4,91.3,82.7,87.7,85.7,81.0,9.5,1.0,0.2,3.6,8.7,17.3,12.3,14.3,19.0,0.0,0.0,0.0,0.0,0.0,0.0,0.0,0.0,0.0,1197.8,12.00,16,16,16,39,55,661,1,81.1,81.7,82.5,74.4,78.3,80.2,77.0,74.5,71.2,72.2,71.4,70.3,66.0,66.2,65.7,57.8,54.1,1.331,1.031,1.337,18.790,12.525,18.790,81.425,47.123,5.371,7.003,7.697,6.172,5.235,3.966,4.722,4.468,3.709,24.960,12.920,37.880,47.283,1197.8,1197.8,4051.0,4051.0,4051.0,4051.0,53.7,31.3,90.5,86.0,57.9,No,No,No,1.809,4.283,7.2,50,95.0,100.0,No,No,90848,98730,34,99.0,No,No,3320,4.4,0.0,4.5,13.964,0.015,45661,35286,0.0,0.0,0.0,0.000,0.000,151,0,75.1,97.6,83.0,1.069,12.054,12.104,12.100,11.959,1890,153.271,67.701,127.294,46.336,111.258,31.775,79.201,0.336,127.294,30.081,19.741,103.690,220.000,240.000,1905.0,1750.2,1665.0,1887.7,1800.0,76.0,25.0,0.0,21.0,94.4,14.6,58.5,0.0,0.0,0.0,55,Yes,No,No,Yes,No,No,No,71.5,70.7,4,0,0,0,0,0,0,0,0,105,0,0,0,0,0,0,0,0,0,0,0,0,0,0,0,0,0,0,0,0,456,7736,7575,1800,8.0,0.0,0.0,0.0,0.0,0.0,0.0,0.0,0.0,0.0,0.0,0.0,0.0,0.00,0.00,0.00,0.00,0.00,0.00,0.00,0.00,0.00,0.00,0.00,0,0,0.0,0.0,3177,249,6.8,13.8,0,
3.7.2026,22:53:7.949,29552,16442,64.2,15511,17171,47.4,0.5,13312,69,1.301,1.306,1.306,1.306,1.306,1.306,1.306,1.288,1.281,4036.5,4042.7,4042.7,4042.7,4042.7,4042.7,4042.7,4017.8,4017.8,99.8,2294.5,3997.2,2936.1,3008.7,3011.9,2418.1,2734.1,2278.5,2380.3,1463.9,1770.5,1872.7,2242.9,1827.2,1969.1,1257.2,1543.1,2294.5,54.5,71.1,72.4,74.5,78.5,59.2,67.1,54.4,58.3,35.1,42.8,45.9,54.2,43.6,48.2,30.0,37.2,78.5,54.5,61.1,79.7,81.2,83.5,88.1,66.4,75.3,61.0,65.4,39.2,47.9,51.4,60.7,48.8,54.0,33.5,41.7,61.1,40.4,40.5,40.5,40.5,40.5,40.5,40.5,40.2,40.2,0.0,92.6,98.7,99.8,96.8,93.7,87.0,90.7,89.2,84.8,7.4,1.3,0.2,3.2,6.3,13.0,9.3,10.8,15.2,0.0,0.0,0.0,0.0,0.0,0.0,0.0,0.0,0.0,1197.8,12.00,16,16,16,39,55,661,1,81.2,82.1,80.8,75.1,78.3,80.5,77.5,75.3,72.3,73.2,72.5,71.1,66.3,66.5,66.1,58.2,54.2,1.331,1.044,1.331,19.527,12.625,19.528,83.329,48.400,5.589,6.875,7.726,6.248,5.574,4.358,5.063,4.856,4.016,25.941,13.024,38.965,48.402,1197.8,1197.8,4048.8,4048.8,4048.8,4048.8,55.0,32.5,92.6,86.5,58.2,No,No,No,1.923,4.507,7.4,49,95.0,100.0,No,No,90848,98730,34,99.0,No,No,3320,0.1,0.0,0.1,0.289,0.038,45661,35286,0.0,0.0,0.0,0.000,0.000,151,0,74.8,97.4,83.0,1.069,12.058,12.107,12.102,11.966,1897,159.341,67.754,125.494,45.073,107.246,31.135,75.859,0.336,125.494,26.653,36.663,103.583,220.000,240.000,1905.0,1750.2,1665.0,1887.7,1800.0,82.0,23.0,0.0,27.0,94.4,18.5,73.8,0.0,0.0,0.0,55,Yes,No,No,Yes,No,No,No,69.2,69.2,4,0,0,0,0,0,0,0,0,105,0,0,0,0,0,0,0,0,0,0,0,0,0,0,0,0,0,0,0,0,456,7736,7575,1800,8.0,0.0,0.0,0.0,0.0,0.0,0.0,0.0,0.0,0.0,0.0,0.0,0.0,0.00,0.00,0.00,0.00,0.00,0.00,0.00,0.00,0.00,0.00,0.00,0,0,0.0,0.0,3177,249,8.3,13.7,0,
3.7.2026,22:53:9.947,29555,16438,64.2,15512,17169,47.4,0.5,13312,69,1.316,1.312,1.306,1.319,1.331,1.331,1.306,1.312,1.312,4045.8,4017.8,4042.7,4042.7,4067.7,4067.7,4042.7,4042.7,4042.7,99.8,2131.7,3996.1,2700.2,2596.5,3402.0,2717.7,2106.6,2290.6,1918.5,1338.6,1443.7,1870.9,1854.2,1778.1,1660.7,1163.8,1268.7,2131.7,50.7,72.3,66.1,63.7,84.6,67.1,52.2,56.3,46.9,32.8,35.3,45.6,45.8,44.0,40.6,28.2,30.4,84.6,50.7,57.0,81.2,74.3,71.5,95.1,75.3,58.6,63.2,52.6,36.8,39.6,51.2,51.4,49.4,45.5,31.7,34.2,57.0,40.5,40.2,40.5,40.5,40.8,40.8,40.5,40.5,40.5,0.0,91.7,98.7,99.9,96.1,92.2,85.4,89.5,88.4,83.4,8.3,1.3,0.1,3.9,7.8,14.6,10.5,11.6,16.6,0.0,0.0,0.0,0.0,0.0,0.0,0.0,0.0,0.0,1197.8,12.00,16,16,16,39,55,661,1,81.4,82.2,83.0,75.0,78.3,81.5,77.3,75.3,72.0,72.9,72.3,70.7,66.3,66.6,66.1,58.8,54.1,1.344,1.031,1.337,19.633,12.066,19.633,82.532,47.643,5.533,6.936,7.966,6.210,5.460,4.196,4.938,4.731,3.828,26.069,12.454,38.523,47.790,1197.8,1197.8,4049.0,4049.0,4049.0,4049.0,54.3,32.7,91.7,86.6,58.7,No,No,No,1.902,1.731,7.3,50,95.0,100.0,No,No,90848,98730,34,99.0,No,No,3320,0.1,0.0,0.1,0.097,0.040,45661,35286,0.0,0.0,0.0,0.000,0.000,151,0,73.8,95.8,83.0,1.069,12.067,12.114,12.107,11.979,1894,146.778,57.714,108.967,39.455,95.151,30.019,64.900,0.336,108.967,25.496,17.913,85.936,220.000,240.000,1905.0,1750.2,1665.0,1888.0,1800.0,59.0,22.0,0.0,9.0,94.4,15.4,61.5,0.0,0.0,0.0,55,Yes,No,No,Yes,No,No,No,61.1,61.6,4,0,0,0,0,0,0,0,0,105,0,0,0,0,0,0,0,0,0,0,0,0,0,0,0,0,0,0,0,0,456,7736,7575,1824,8.0,0.0,0.0,0.0,0.0,0.0,0.0,0.0,0.0,0.0,0.0,0.0,0.0,0.00,0.00,0.00,0.00,0.00,0.00,0.00,0.00,0.00,0.00,0.00,0,0,0.0,0.0,3178,249,8.6,8.0,0,
3.7.2026,22:53:11.947,29571,16423,64.2,15528,17154,47.5,0.5,13312,69,1.307,1.319,1.312,1.300,1.300,1.306,1.306,1.306,1.306,4048.9,4042.7,4042.7,4067.7,4067.7,4042.7,4042.7,4042.7,4042.7,99.8,1941.8,3962.8,2221.1,2292.6,3329.6,2292.8,2067.4,2003.2,1906.4,1284.8,1200.7,1712.8,1691.7,1595.3,1387.9,1055.0,1065.2,1941.8,46.6,76.0,55.9,58.1,80.5,56.6,51.4,49.9,46.7,31.5,29.4,42.2,41.8,38.8,34.2,25.9,26.3,80.5,46.6,52.3,85.3,62.8,65.3,90.4,63.5,57.7,56.0,52.4,35.4,33.0,47.4,46.9,43.6,38.4,29.0,29.5,52.3,40.6,40.5,40.5,40.8,40.8,40.5,40.5,40.5,40.5,0.0,89.3,97.8,99.6,93.0,90.2,82.5,86.9,84.5,80.2,10.7,2.2,0.4,7.0,9.8,17.5,13.1,15.5,19.8,0.0,0.0,0.0,0.0,0.0,0.0,0.0,0.0,0.0,1197.8,12.00,16,16,16,39,55,661,1,81.5,81.6,80.8,74.1,77.0,80.7,76.0,74.2,71.1,72.2,71.2,70.1,66.1,66.3,65.8,58.0,53.8,1.344,1.025,1.337,18.135,12.153,18.137,80.415,45.913,5.221,6.673,7.804,5.752,5.110,3.915,4.623,4.301,3.589,24.104,12.535,36.639,45.945,1197.8,1197.8,4051.4,4051.4,4051.4,4051.4,52.2,30.2,89.3,85.9,57.3,No,No,No,1.852,2.570,7.1,50,95.0,100.0,No,No,90848,98730,34,99.0,No,No,3320,0.3,0.0,0.3,2.047,0.036,45665,35287,0.0,0.0,0.0,0.000,0.000,151,0,73.2,95.0,83.0,1.069,12.063,12.110,12.105,11.975,1901,136.289,59.142,112.850,41.367,97.468,30.032,67.215,0.336,112.850,25.849,8.012,95.435,220.000,240.000,1905.0,1750.2,1665.0,1888.2,1800.0,62.0,19.0,0.0,16.0,94.4,12.1,48.2,0.0,0.0,0.0,55,Yes,No,No,Yes,No,No,No,63.0,64.2,4,0,0,0,0,0,0,0,0,105,0,0,0,0,0,0,0,0,0,0,0,0,0,0,0,0,0,0,0,0,456,7736,7575,1825,8.0,0.0,0.0,0.0,0.0,0.0,0.0,0.0,0.0,0.0,0.0,0.0,0.0,0.00,0.00,0.00,0.00,0.00,0.00,0.00,0.00,0.00,0.00,0.00,0,0,0.0,0.0,3178,249,13.7,1.9,0,
3.7.2026,22:53:13.947,29567,16427,64.2,15529,17152,47.5,0.5,13312,69,1.309,1.331,1.306,1.306,1.306,1.306,1.306,1.306,1.306,4045.8,4067.7,4042.7,4042.7,4042.7,4042.7,4042.7,4042.7,4042.7,99.8,1913.1,3953.7,2412.9,1968.3,3398.1,2186.2,2017.4,1893.5,1873.9,1232.6,1209.1,1604.2,1677.4,1536.6,1399.3,1102.7,1143.7,1913.1,45.4,73.1,59.2,48.7,84.8,54.5,49.1,46.3,46.1,29.8,29.4,39.3,40.9,37.6,34.1,26.4,27.5,84.8,45.4,51.1,82.1,66.6,54.8,95.2,61.4,55.2,52.1,51.9,33.6,33.2,44.2,46.0,42.4,38.5,29.8,31.1,51.1,40.5,40.8,40.5,40.5,40.5,40.5,40.5,40.5,40.5,0.0,88.4,97.6,99.3,91.2,88.9,81.0,85.2,84.2,80.1,11.6,2.4,0.7,8.8,11.1,19.0,14.8,15.8,19.9,0.0,0.0,0.0,0.0,0.0,0.0,0.0,0.0,0.0,1197.8,12.00,16,16,16,39,55,661,1,81.5,81.1,82.8,73.8,76.8,79.6,75.0,73.8,71.3,72.0,71.2,70.8,65.7,66.0,65.5,58.0,53.4,1.337,1.025,1.331,18.032,12.236,18.028,79.589,45.787,5.197,6.664,7.391,5.466,5.069,4.037,4.602,4.347,4.001,23.967,12.619,36.586,45.907,1197.8,1197.8,4049.5,4049.6,4049.4,4049.6,52.2,30.0,88.4,85.4,57.5,No,No,No,1.775,3.128,7.1,50,95.0,100.0,No,No,90848,98730,34,99.0,No,No,3320,0.0,0.1,0.1,0.016,0.106,45665,35287,0.0,0.0,0.0,0.000,0.000,151,0,74.0,96.0,83.0,1.069,12.060,12.107,12.103,11.971,1898,144.402,61.893,116.476,43.112,100.658,30.526,69.896,0.336,116.476,27.131,17.438,96.880,220.000,240.000,1905.0,1750.2,1665.0,1888.2,1800.0,71.0,21.0,0.0,23.0,94.4,13.8,55.1,0.0,0.0,0.0,55,Yes,No,No,Yes,No,No,No,68.1,69.7,4,0,0,0,0,0,0,0,0,105,0,0,0,0,0,0,0,0,0,0,0,0,0,0,0,0,0,0,0,0,456,7736,7575,1824,8.0,0.0,0.0,0.0,0.0,0.0,0.0,0.0,0.0,0.0,0.0,0.0,0.0,0.00,0.00,0.00,0.00,0.00,0.00,0.00,0.00,0.00,0.00,0.00,0,0,0.0,0.0,3178,249,16.8,1.3,0,
3.7.2026,22:53:15.947,29572,16421,64.2,15527,17155,47.5,0.5,13312,69,1.309,1.312,1.325,1.331,1.300,1.300,1.300,1.300,1.300,4045.8,4042.7,4067.7,4042.7,4042.7,4042.7,4042.7,4042.7,4042.7,99.8,1961.2,3958.6,3404.3,1684.0,3844.8,1978.8,2153.1,1752.5,2004.1,1129.3,1239.9,1468.6,1761.8,1382.5,1501.4,990.8,1124.2,1961.2,45.1,50.3,84.2,41.6,94.8,47.9,53.7,43.1,49.2,27.3,30.3,35.8,43.1,33.4,37.0,23.6,26.8,94.8,45.1,50.8,56.6,94.6,46.9,106.5,54.0,60.4,48.6,55.4,30.8,34.1,40.3,48.5,37.6,41.7,26.6,30.3,50.8,40.5,40.5,40.8,40.5,40.5,40.5,40.5,40.5,40.5,0.0,88.2,97.7,99.6,90.8,88.8,81.0,85.1,83.5,79.5,11.8,2.3,0.4,9.2,11.2,19.0,14.9,16.5,20.5,0.0,0.0,0.0,0.0,0.0,0.0,0.0,0.0,0.0,1197.8,12.00,16,16,16,39,55,661,1,81.5,81.1,81.2,73.3,76.3,80.3,74.3,73.4,70.6,71.5,70.7,69.7,65.8,66.1,65.6,58.8,53.9,1.319,1.025,1.337,17.474,12.099,17.478,79.423,44.953,5.065,6.618,7.705,5.275,4.932,3.815,4.421,4.173,3.580,23.242,12.476,35.718,45.013,1197.8,1197.8,4053.3,4053.3,4053.3,4053.3,51.2,29.1,88.2,85.4,57.2,No,No,No,1.874,2.331,7.1,50,95.0,100.0,No,No,90848,98730,34,99.0,No,No,3320,0.0,0.0,0.0,0.028,0.016,45665,35287,0.0,0.0,0.0,0.000,0.000,151,0,74.0,96.0,83.0,1.069,12.060,12.109,12.104,11.969,1894,143.678,65.150,117.949,43.216,102.095,31.071,70.775,0.336,117.949,27.182,49.449,91.481,220.000,240.000,1905.0,1750.2,1665.0,1888.0,1800.0,63.0,23.0,0.0,11.0,94.4,12.9,51.7,0.0,0.0,0.0,55,Yes,No,No,Yes,No,No,No,69.1,77.0,4,0,0,0,0,0,0,0,0,105,0,0,0,0,0,0,0,0,0,0,0,0,0,0,0,0,0,0,0,0,456,7736,7575,1824,8.0,0.0,0.0,0.0,0.0,0.0,0.0,0.0,0.0,0.0,0.0,0.0,0.0,0.00,0.00,0.00,0.00,0.00,0.00,0.00,0.00,0.00,0.00,0.00,0,0,0.0,0.0,3178,249,16.4,6.4,0,
3.7.2026,22:53:17.947,29594,16399,64.3,15552,17130,47.5,0.5,13312,69,1.309,1.288,1.312,1.312,1.312,1.312,1.312,1.312,1.312,4042.7,4017.8,4067.7,4042.7,4042.7,4042.7,4042.7,4042.7,4042.7,99.8,1903.1,3964.1,2921.2,1706.0,3727.4,1980.2,2145.8,1636.9,2043.7,1152.9,1189.3,1492.4,1700.0,1353.0,1439.6,997.3,999.4,1903.1,44.9,61.7,72.2,42.5,92.0,49.4,52.6,40.9,50.2,28.7,29.2,36.9,42.1,33.8,35.5,24.8,25.4,92.0,44.9,50.2,69.2,81.0,47.6,103.3,55.3,59.0,45.7,56.3,32.1,32.6,41.3,47.1,37.8,39.7,27.6,28.3,50.3,40.5,40.2,40.8,40.5,40.5,40.5,40.5,40.5,40.5,0.0,87.7,97.8,99.4,90.5,88.1,80.2,84.7,82.6,78.4,12.3,2.2,0.6,9.5,11.9,19.8,15.3,17.4,21.6,0.0,0.0,0.0,0.0,0.0,0.0,0.0,0.0,0.0,1197.8,12.00,16,16,16,39,55,661,1,81.4,80.8,79.0,73.2,76.7,79.4,74.5,73.3,70.6,71.4,70.5,69.6,65.7,65.9,65.4,56.2,53.7,1.319,1.025,1.331,17.318,12.074,17.312,78.951,44.664,5.031,6.658,7.472,5.356,4.885,3.820,4.425,4.135,3.500,23.027,12.454,35.480,44.757,1197.8,1197.8,4053.1,4053.3,4052.8,4053.3,50.9,28.9,87.7,85.0,57.0,No,No,No,2.032,2.154,7.0,50,95.0,100.0,No,No,90848,98731,34,99.0,No,No,3320,3.4,0.0,3.5,8.294,0.082,45682,35287,0.0,0.0,0.0,0.000,0.000,151,0,74.4,96.9,83.0,1.069,12.053,12.103,12.097,11.960,1894,152.089,63.414,121.029,44.660,105.490,31.538,73.696,0.336,121.029,28.923,8.571,98.872,220.000,240.000,1905.0,1750.2,1665.0,1887.6,1800.0,67.0,24.0,0.0,10.0,94.4,14.2,56.7,0.0,0.0,0.0,55,Yes,No,No,Yes,No,No,No,70.5,72.6,4,0,0,0,0,0,0,0,0,105,0,0,0,0,0,0,0,0,0,0,0,0,0,0,0,0,0,0,0,0,455,7737,7576,1826,8.0,0.0,0.0,0.0,0.0,0.0,0.0,0.0,0.0,0.0,0.0,0.0,0.0,0.00,0.00,0.00,0.00,0.00,0.00,0.00,0.00,0.00,0.00,0.00,0,0,0.0,0.0,3178,249,9.2,2.1,0,
3.7.2026,22:53:19.947,29643,16350,64.4,15584,17098,47.6,0.5,13312,69,1.312,1.312,1.312,1.306,1.306,1.306,1.306,1.325,1.325,4048.9,4042.7,4042.7,4042.7,4042.7,4042.7,4042.7,4067.7,4067.7,99.8,2010.0,3969.3,2878.5,2102.5,3382.6,2315.1,2067.7,1956.2,2028.1,1280.6,1326.2,1699.8,1777.6,1614.6,1467.0,1210.8,1083.0,2010.0,46.2,62.5,71.2,51.8,84.5,55.7,49.3,45.9,48.7,30.3,31.0,40.0,43.3,37.9,35.2,27.8,24.4,84.5,46.2,52.0,70.3,80.0,58.2,95.0,62.6,55.5,51.6,54.7,34.1,34.9,45.0,48.7,42.6,39.6,31.3,27.5,52.0,40.6,40.5,40.5,40.5,40.5,40.5,40.5,40.8,40.8,0.0,89.1,97.9,99.4,91.8,89.7,82.7,86.6,85.0,80.2,10.9,2.1,0.6,8.2,10.3,17.3,13.4,15.0,19.8,0.0,0.0,0.0,0.0,0.0,0.0,0.0,0.0,0.0,1197.8,12.00,16,16,16,39,55,661,1,81.4,81.2,81.5,73.7,76.9,79.7,75.1,73.6,71.1,72.0,71.0,69.9,65.8,66.1,65.6,57.2,53.8,1.331,1.025,1.337,17.904,11.964,17.910,80.227,45.319,5.226,6.720,7.521,5.596,5.112,4.046,4.724,4.373,3.716,23.811,12.341,36.152,45.424,1197.8,1197.8,4052.6,4052.6,4052.6,4052.6,51.6,29.9,89.1,85.4,57.3,No,No,No,2.005,1.682,7.1,50,95.0,100.0,No,No,90848,98731,34,99.0,No,No,3320,0.3,0.0,0.3,1.539,0.006,45685,35287,0.0,0.0,0.0,0.000,0.000,151,0,73.9,96.2,83.0,1.069,12.054,12.103,12.098,11.961,1901,150.890,66.703,121.089,44.406,104.221,30.777,73.193,0.336,121.089,27.364,46.315,98.244,220.000,240.000,1905.0,1750.2,1665.0,1887.6,1800.0,61.0,21.0,0.0,10.0,94.4,13.9,55.6,0.0,0.0,0.0,55,Yes,No,No,Yes,No,No,No,67.5,64.2,4,0,0,0,0,0,0,0,0,105,0,0,0,0,0,0,0,0,0,0,0,0,0,0,0,0,0,0,0,0,457,7735,7575,1850,8.0,0.0,0.0,0.0,0.0,0.0,0.0,0.0,0.0,0.0,0.0,0.0,0.0,0.00,0.00,0.00,0.00,0.00,0.00,0.00,0.00,0.00,0.00,0.00,0,0,0.0,0.0,3178,249,14.1,6.7,0,
3.7.2026,22:53:21.948,29872,16122,64.9,15765,16917,48.2,0.5,13312,69,1.304,1.312,1.319,1.288,1.288,1.288,1.312,1.312,1.312,4036.5,4017.8,4042.7,4017.8,4042.7,4042.7,4042.7,4042.7,4042.7,99.8,2088.9,3947.4,2148.8,2210.7,3496.5,2582.8,2014.4,2357.7,1798.2,1540.3,1271.0,2105.4,1572.8,1936.6,1452.1,1651.2,1336.4,2088.9,49.9,80.8,53.0,54.7,84.6,62.4,50.7,57.3,46.1,36.9,31.2,51.8,38.2,47.0,35.3,37.5,31.7,84.6,49.9,55.9,90.6,59.3,61.3,95.0,69.9,56.7,64.2,51.6,41.1,34.8,58.0,42.7,52.5,39.4,41.8,35.3,55.9,40.4,40.2,40.5,40.2,40.5,40.5,40.5,40.5,40.5,0.0,90.7,97.5,99.6,93.3,91.7,84.2,88.1,86.9,84.1,9.3,2.5,0.4,6.7,8.3,15.8,11.9,13.1,15.9,0.0,0.0,0.0,0.0,0.0,0.0,0.0,0.0,0.0,1197.8,12.00,16,16,16,39,55,661,1,81.4,81.6,80.2,74.3,76.2,80.9,75.3,74.6,71.5,72.7,71.8,71.7,66.0,66.2,65.7,58.2,53.9,1.331,1.025,1.337,18.904,11.897,18.902,81.606,46.567,5.466,6.429,7.762,5.737,5.344,4.232,4.892,4.704,4.625,25.131,12.279,37.410,46.675,1197.8,1197.8,4049.7,4049.7,4049.7,4049.7,53.0,31.5,90.7,85.9,57.9,No,No,No,2.266,1.388,7.3,50,95.0,100.0,No,No,90848,98731,34,99.0,No,No,3320,0.0,0.1,0.1,0.063,0.134,45685,35287,0.0,0.0,0.0,0.000,0.000,151,0,73.3,94.6,83.0,1.069,12.067,12.116,12.108,11.976,1901,138.361,58.174,114.154,41.764,98.241,30.025,67.990,0.336,114.154,25.695,8.279,81.097,220.000,240.000,1905.0,1750.2,1665.0,1888.1,1800.0,52.0,18.0,0.0,6.0,94.4,11.5,46.1,0.0,0.0,0.0,55,Yes,No,No,Yes,No,No,No,63.6,63.6,4,0,0,0,0,0,0,0,0,105,0,0,0,0,0,0,0,0,0,0,0,0,0,0,0,0,0,0,0,0,457,7735,7575,1850,8.0,0.0,0.0,0.0,0.0,0.0,0.0,0.0,0.0,0.0,0.0,0.0,0.0,0.00,0.00,0.00,0.00,0.00,0.00,0.00,0.00,0.00,0.00,0.00,0,0,0.0,0.0,3178,249,17.5,11.0,0,
3.7.2026,22:53:23.947,29896,16098,64.9,15798,16884,48.3,0.5,13312,69,1.322,1.319,1.306,1.325,1.325,1.325,1.325,1.325,1.325,4042.7,4042.7,4042.7,4042.7,4042.7,4042.7,4042.7,4042.7,4042.7,99.8,2140.0,3933.8,2486.9,2434.4,3398.5,2532.3,2020.2,2284.5,1832.9,1537.3,1418.8,2117.0,1701.3,1844.1,1425.2,1852.2,1421.0,2140.0,52.8,74.9,61.1,60.2,85.4,65.5,49.7,58.7,45.3,39.8,35.6,53.7,42.8,48.1,36.1,50.2,38.3,85.4,52.8,59.5,84.1,68.7,67.7,95.8,73.6,56.0,66.0,51.0,44.8,40.2,60.4,48.2,54.2,40.8,56.5,43.2,59.5,40.5,40.5,40.5,40.5,40.5,40.5,40.5,40.5,40.5,0.0,91.7,97.3,99.7,93.3,91.0,86.2,89.6,87.4,89.4,8.3,2.7,0.3,6.7,9.0,13.8,10.4,12.6,10.6,0.0,0.0,0.0,0.0,0.0,0.0,0.0,0.0,0.0,1197.8,12.00,16,16,16,39,55,661,1,81.6,82.1,78.8,75.3,76.8,81.2,75.7,74.7,72.6,74.1,72.7,74.2,66.4,66.6,66.3,58.5,54.0,1.337,1.031,1.331,19.497,11.938,19.501,82.561,47.455,5.452,6.512,7.780,5.541,5.136,4.359,4.975,4.516,4.798,25.893,12.324,38.217,47.519,1197.8,1197.8,4042.7,4042.7,4042.7,4042.7,54.0,32.5,91.7,86.4,57.8,No,No,No,2.534,1.435,7.3,50,95.0,100.0,No,No,90848,98731,34,99.0,No,No,3320,0.0,0.0,0.1,0.053,0.091,45685,35287,0.0,0.0,0.0,0.000,0.000,151,0,72.7,94.2,83.0,1.069,12.069,12.118,12.110,11.981,1901,131.629,58.156,111.680,40.157,95.208,29.461,65.517,0.336,111.680,23.533,8.043,95.944,220.000,240.000,1905.0,1750.2,1665.0,1888.4,1800.0,55.0,18.0,0.0,10.0,94.4,10.9,43.6,0.0,0.0,0.0,55,Yes,No,No,Yes,No,No,No,61.5,63.7,4,0,0,0,0,0,0,0,0,105,0,0,0,0,0,0,0,0,0,0,0,0,0,0,0,0,0,0,0,0,456,7736,7575,1851,8.0,0.0,0.0,0.0,0.0,0.0,0.0,0.0,0.0,0.0,0.0,0.0,0.0,0.00,0.00,0.00,0.00,0.00,0.00,0.00,0.00,0.00,0.00,0.00,0,0,0.0,0.0,3178,249,4.5,2.4,0,
3.7.2026,22:53:25.948,29896,16098,64.9,15798,16884,48.3,0.5,13312,69,1.322,1.319,1.306,1.325,1.325,1.325,1.325,1.325,1.325,4042.7,4042.7,4042.7,4042.7,4042.7,4042.7,4042.7,4042.7,4042.7,99.8,2140.0,3933.8,2486.9,2434.4,3398.5,2532.3,2020.2,2284.5,1832.9,1537.3,1418.8,2117.0,1701.3,1844.1,1425.2,1852.2,1421.0,2140.0,52.8,74.9,61.1,60.2,85.4,65.5,49.7,58.7,45.3,39.8,35.6,53.7,42.8,48.1,36.1,50.2,38.3,85.4,52.8,59.5,84.1,68.7,67.7,95.8,73.6,56.0,66.0,51.0,44.8,40.2,60.4,48.2,54.2,40.8,56.5,43.2,59.5,40.5,40.5,40.5,40.5,40.5,40.5,40.5,40.5,40.5,0.0,91.7,97.3,99.7,93.3,91.0,86.2,89.6,87.4,89.4,8.3,2.7,0.3,6.7,9.0,13.8,10.4,12.6,10.6,0.0,0.0,0.0,0.0,0.0,0.0,0.0,0.0,0.0,1197.8,12.00,16,16,16,39,55,661,1,81.6,82.1,78.8,75.3,76.8,81.2,75.7,74.7,72.6,74.1,72.7,74.2,66.4,66.6,66.3,58.5,54.0,1.337,1.031,1.331,19.497,11.938,19.501,82.561,47.455,5.452,6.512,7.780,5.541,5.136,4.359,4.975,4.516,4.798,25.893,12.324,38.217,47.519,1197.8,1197.8,4042.7,4042.7,4042.7,4042.7,54.0,32.5,91.7,86.4,57.8,No,No,No,2.534,1.435,7.3,50,95.0,100.0,No,No,90848,98731,34,99.0,No,No,3320,0.0,0.0,0.1,0.053,0.091,45685,35287,0.0,0.0,0.0,0.000,0.000,151,0,72.6,94.1,83.0,1.069,12.063,12.111,12.104,11.975,1898,136.010,57.379,108.859,39.313,94.336,29.280,64.841,0.336,108.859,24.673,8.213,95.076,220.000,240.000,1905.0,1750.2,1665.0,1888.2,1800.0,53.0,18.0,0.0,5.0,94.3,10.6,42.2,0.0,0.0,0.0,55,Yes,No,No,Yes,No,No,No,60.7,63.3,4,0,0,0,0,0,0,0,0,105,0,0,0,0,0,0,0,0,0,0,0,0,0,0,0,0,0,0,0,0,467,7725,7565,1851,8.0,0.0,0.0,0.0,0.0,0.0,0.0,0.0,0.0,0.0,0.0,0.0,0.0,0.00,0.00,0.00,0.00,0.00,0.00,0.00,0.00,0.00,0.00,0.00,0,0,0.0,0.0,3178,249,4.5,2.4,0,
3.7.2026,22:53:27.946,29901,16093,65.0,15798,16884,48.3,0.5,13312,69,1.314,1.306,1.312,1.312,1.312,1.312,1.319,1.319,1.319,4045.8,4042.7,4067.7,4042.7,4042.7,4042.7,4042.7,4042.7,4042.7,99.8,1923.8,3938.4,3083.4,1960.8,3501.4,2259.8,1873.5,2071.1,1644.9,1313.4,1044.7,1777.6,1420.2,1680.7,1159.1,1203.4,849.1,1923.8,44.9,56.5,76.3,59.0,77.9,54.1,47.7,50.5,40.6,32.4,25.5,43.6,35.4,41.5,28.6,28.9,20.0,77.9,44.9,50.3,63.3,85.6,66.2,87.4,60.7,53.4,56.6,45.5,36.2,28.5,48.8,39.7,46.5,32.0,32.4,22.4,50.3,40.5,40.5,40.8,40.5,40.5,40.5,40.5,40.5,40.5,0.0,88.1,97.2,99.7,90.8,88.3,81.3,85.1,83.3,79.1,11.9,2.8,0.3,9.2,11.7,18.7,14.9,16.7,20.9,0.0,0.0,0.0,0.0,0.0,0.0,0.0,0.0,0.0,1197.8,12.00,16,16,16,39,55,661,1,81.2,80.9,80.0,73.4,76.4,80.1,74.6,73.3,70.7,71.6,70.5,69.6,65.8,66.1,65.5,57.5,53.6,1.337,1.031,1.337,17.369,11.971,17.363,79.282,44.547,5.015,6.577,7.499,5.307,4.867,3.820,4.438,4.113,3.498,23.089,12.345,35.434,44.694,1197.8,1197.8,4052.6,4052.6,4052.6,4052.6,50.8,28.9,88.1,85.1,57.1,No,No,No,1.895,2.043,7.0,49,95.0,100.0,No,No,90848,98731,34,99.0,No,No,3320,0.3,0.1,0.4,1.580,1.415,45687,35292,0.0,0.0,0.0,0.000,0.000,151,0,73.0,94.6,83.0,1.069,12.062,12.109,12.103,11.973,1894,136.770,57.474,110.483,40.675,95.361,29.825,65.313,0.336,110.483,25.416,8.150,88.698,220.000,240.000,1905.0,1750.2,1665.0,1888.3,1800.0,55.0,19.0,0.0,9.0,94.3,10.9,43.6,0.0,0.0,0.0,55,Yes,No,No,Yes,No,No,No,61.8,62.9,4,0,0,0,0,0,0,0,0,105,0,0,0,0,0,0,0,0,0,0,0,0,0,0,0,0,0,0,0,0,467,7725,7565,1851,8.0,0.0,0.0,0.0,0.0,0.0,0.0,0.0,0.0,0.0,0.0,0.0,0.0,0.00,0.00,0.00,0.00,0.00,0.00,0.00,0.00,0.00,0.00,0.00,0,0,0.0,0.0,3178,249,10.2,2.0,0,
3.7.2026,22:53:29.947,29899,16095,65.0,15794,16887,48.3,0.5,13312,69,1.298,1.306,1.312,1.312,1.288,1.288,1.288,1.294,1.294,4027.1,4042.7,4042.7,4042.7,4017.8,4017.8,4017.8,4017.8,4017.8,99.8,1992.0,3966.8,2451.5,2196.6,3343.7,2388.1,1827.5,2290.4,1668.4,1513.1,1170.3,1908.3,1517.0,1789.2,1357.2,1459.5,1024.6,1992.0,47.4,74.7,58.8,55.6,81.9,58.8,44.8,56.3,41.0,36.7,28.3,46.6,36.9,44.2,32.9,35.7,24.7,81.9,47.4,53.1,83.8,66.0,62.4,92.0,65.9,50.3,63.1,45.9,41.1,31.7,52.2,41.3,49.5,36.9,39.9,27.6,53.1,40.3,40.5,40.5,40.5,40.2,40.2,40.2,40.2,40.2,0.0,88.7,97.9,99.8,90.1,89.1,81.9,85.4,84.2,80.9,11.3,2.1,0.2,9.9,10.9,18.1,14.6,15.8,19.1,0.0,0.0,0.0,0.0,0.0,0.0,0.0,0.0,0.0,1197.8,12.00,16,16,16,39,55,661,1,81.2,81.0,77.5,73.6,76.3,79.9,74.3,73.5,71.1,71.9,71.1,70.9,65.8,66.0,65.5,57.5,53.9,1.306,1.025,1.312,17.743,12.347,17.751,79.799,45.660,5.145,6.519,7.469,5.272,4.981,4.037,4.558,4.344,3.983,23.586,12.732,36.318,45.700,1197.8,1197.8,4050.0,4050.0,4050.0,4050.0,51.9,29.6,88.7,85.2,57.1,No,No,No,1.827,3.778,7.1,50,95.0,100.0,No,No,90848,98731,34,99.0,No,No,3320,0.0,0.3,0.3,0.033,4.185,45687,35300,0.0,0.0,0.0,0.000,0.000,151,0,72.9,94.4,83.0,1.069,12.061,12.105,12.103,11.976,1898,137.782,60.290,112.983,41.861,97.512,29.497,67.794,0.336,112.983,26.266,17.969,95.700,220.000,240.000,1905.0,1750.2,1665.0,1888.2,1800.0,71.0,18.0,0.0,24.0,94.6,12.7,50.9,0.0,0.0,0.0,55,Yes,No,No,Yes,No,No,No,63.3,60.2,4,0,0,0,0,0,0,0,0,105,0,0,0,0,0,0,0,0,0,0,0,0,0,0,0,0,0,0,0,0,445,7747,7586,1852,8.0,0.0,0.0,0.0,0.0,0.0,0.0,0.0,0.0,0.0,0.0,0.0,0.0,0.00,0.00,0.00,0.00,0.00,0.00,0.00,0.00,0.00,0.00,0.00,0,0,0.0,0.0,3178,249,8.6,2.1,0,
3.7.2026,22:53:31.948,29892,16101,64.9,15792,16890,48.3,0.5,13312,69,1.316,1.306,1.306,1.325,1.325,1.325,1.325,1.306,1.306,4039.6,4042.7,4042.7,4067.7,4017.8,4017.8,4042.7,4042.7,4042.7,99.8,1981.8,3971.1,2583.8,2437.3,3198.1,2463.3,1811.0,2276.8,1609.7,1471.1,1102.2,1915.6,1528.3,1835.9,1205.7,1323.2,975.0,1981.8,46.6,69.1,65.2,61.9,76.6,60.1,44.0,55.7,38.8,35.8,26.4,47.1,36.6,44.6,29.2,31.9,23.0,76.6,46.6,52.5,77.7,73.3,69.6,86.1,67.6,49.6,62.7,43.7,40.3,29.8,53.0,41.2,50.2,32.9,36.0,26.1,52.5,40.5,40.5,40.5,40.8,40.2,40.2,40.5,40.5,40.5,0.0,88.3,98.0,99.3,91.1,88.9,81.1,85.3,83.3,79.4,11.7,2.0,0.7,8.9,11.1,18.9,14.7,16.7,20.6,0.0,0.0,0.0,0.0,0.0,0.0,0.0,0.0,0.0,1197.8,12.00,16,16,16,39,55,661,1,81.2,81.2,79.5,73.4,77.1,79.1,74.4,73.3,70.9,71.8,70.8,69.8,65.8,66.0,65.5,58.5,53.8,1.331,1.025,1.337,17.400,12.467,17.395,79.480,45.224,5.090,6.689,7.442,5.352,4.937,3.882,4.536,4.265,3.615,23.139,12.851,35.990,45.383,1197.8,1197.8,4052.4,4052.4,4052.4,4052.4,51.6,29.0,88.3,85.5,56.9,No,No,No,1.942,4.136,7.1,50,95.0,100.0,No,No,90848,98731,34,99.0,No,No,3320,0.0,0.0,0.1,0.035,0.109,45688,35300,0.0,0.0,0.0,0.000,0.000,151,0,72.3,93.3,83.0,1.069,12.073,12.117,12.112,11.990,1898,130.900,56.491,108.175,39.015,92.872,28.728,63.944,0.336,108.175,23.616,7.890,92.160,220.000,240.000,1905.0,1750.2,1665.0,1888.4,1800.0,70.0,16.0,0.0,27.0,94.3,14.0,55.9,0.0,0.0,0.0,55,Yes,No,No,Yes,No,No,No,59.9,61.0,4,0,0,0,0,0,0,0,0,105,0,0,0,0,0,0,0,0,0,0,0,0,0,0,0,0,0,0,0,0,466,7726,7565,1850,8.0,0.0,0.0,0.0,0.0,0.0,0.0,0.0,0.0,0.0,0.0,0.0,0.0,0.00,0.00,0.00,0.00,0.00,0.00,0.00,0.00,0.00,0.00,0.00,0,0,0.0,0.0,3178,249,5.2,1.7,0,
3.7.2026,22:53:33.947,29880,16114,64.9,15787,16895,48.3,0.5,13312,69,1.309,1.306,1.325,1.306,1.306,1.306,1.306,1.306,1.306,4042.7,4042.7,4042.7,4042.7,4042.7,4042.7,4042.7,4042.7,4042.7,99.8,1866.2,3944.6,2263.0,2169.9,3333.1,2402.3,1699.5,2137.0,1560.4,1335.4,979.4,1846.2,1370.3,1660.2,1195.4,1115.1,847.7,1866.2,44.6,73.0,55.8,53.8,82.5,60.0,41.7,53.2,38.3,33.0,23.9,45.4,34.3,41.1,29.5,27.3,20.9,82.5,44.6,50.0,81.9,62.6,60.3,92.6,67.3,46.7,59.6,42.8,36.9,26.7,50.9,38.4,46.0,32.9,30.5,23.3,50.0,40.5,40.5,40.5,40.5,40.5,40.5,40.5,40.5,40.5,0.0,87.4,97.3,99.3,90.3,88.2,79.7,84.7,82.4,77.1,12.6,2.7,0.7,9.7,11.8,20.3,15.3,17.6,22.9,0.0,0.0,0.0,0.0,0.0,0.0,0.0,0.0,0.0,1197.8,12.00,16,16,16,39,55,661,1,80.9,80.7,80.0,72.9,75.3,80.0,73.8,73.1,70.2,71.1,70.2,69.2,65.5,65.8,65.2,55.8,53.3,1.331,1.025,1.337,16.949,12.396,16.956,78.628,44.678,4.936,6.265,7.569,5.180,4.827,3.730,4.394,4.107,3.414,22.548,12.778,35.326,44.730,1197.8,1197.8,4054.7,4054.7,4054.7,4054.7,50.8,28.3,87.4,85.0,56.9,No,No,No,1.785,4.291,7.0,50,95.0,100.0,No,No,90848,98731,34,99.0,No,No,3320,0.0,0.0,0.0,0.016,0.062,45688,35300,0.0,0.0,0.0,0.000,0.000,151,0,72.7,94.5,83.0,1.069,12.062,12.105,12.102,11.978,1894,136.545,58.183,113.527,40.951,96.612,29.274,67.111,0.336,113.527,23.907,7.863,88.719,220.000,240.000,1905.0,1750.2,1665.0,1888.2,1800.0,74.0,17.0,0.0,30.0,94.3,14.7,58.6,0.0,0.0,0.0,55,Yes,No,No,Yes,No,No,No,62.5,61.8,4,0,0,0,0,0,0,0,0,105,0,0,0,0,0,0,0,0,0,0,0,0,0,0,0,0,0,0,0,0,470,7722,7561,1850,8.0,0.0,0.0,0.0,0.0,0.0,0.0,0.0,0.0,0.0,0.0,0.0,0.0,0.00,0.00,0.00,0.00,0.00,0.00,0.00,0.00,0.00,0.00,0.00,0,0,0.0,0.0,3178,249,14.7,2.9,0,
3.7.2026,22:53:35.948,29887,16107,64.9,15791,16890,48.3,0.5,13312,69,1.318,1.306,1.325,1.319,1.319,1.319,1.319,1.319,1.319,4064.5,4042.7,4067.7,4067.7,4067.7,4067.7,4067.7,4067.7,4067.7,99.8,1919.0,3968.3,2898.2,2262.1,3308.8,2044.0,2109.1,1912.7,1801.1,1237.2,1094.5,1607.7,1611.5,1529.2,1319.2,1030.9,970.1,1919.0,44.8,60.9,71.6,54.3,83.5,50.4,51.7,47.5,43.8,30.1,26.6,39.6,39.1,37.5,31.9,25.1,23.2,83.5,44.8,50.5,68.5,80.5,61.2,93.8,56.8,58.3,53.5,49.4,34.1,30.1,44.7,44.2,42.4,36.1,28.4,26.3,50.5,40.7,40.5,40.8,40.8,40.8,40.8,40.8,40.8,40.8,0.0,87.7,97.9,99.5,90.6,88.3,79.9,84.5,83.0,77.6,12.3,2.1,0.5,9.4,11.7,20.1,15.5,17.0,22.4,0.0,0.0,0.0,0.0,0.0,0.0,0.0,0.0,0.0,1197.8,12.00,16,16,16,39,55,661,1,80.9,80.8,81.0,73.2,76.7,79.7,74.2,73.2,70.6,71.3,70.4,69.2,65.6,65.8,65.3,57.0,53.5,1.325,1.031,1.331,17.271,11.856,17.262,78.893,44.293,5.020,6.662,7.615,5.261,4.859,3.752,4.416,4.158,3.436,22.967,12.228,35.195,44.417,1197.8,1197.8,4053.6,4053.6,4053.6,4053.6,50.5,28.8,87.7,85.1,57.0,No,No,No,1.941,1.423,7.0,50,95.0,100.0,No,No,90848,98731,34,99.0,No,No,3320,0.2,0.0,0.3,0.731,0.103,45689,35300,0.0,0.0,0.0,0.000,0.000,151,0,71.8,93.2,83.0,1.069,12.061,12.107,12.102,11.974,1898,134.680,55.208,107.734,39.470,93.305,29.421,63.687,0.336,107.734,24.958,8.802,76.638,220.000,240.000,1905.0,1750.2,1665.0,1888.3,1800.0,57.0,18.0,0.0,8.0,94.4,12.8,51.2,0.0,0.0,0.0,55,Yes,No,No,Yes,No,No,No,60.3,60.4,4,0,0,0,0,0,0,0,0,105,0,0,0,0,0,0,0,0,0,0,0,0,0,0,0,0,0,0,0,0,457,7735,7575,1851,8.0,0.0,0.0,0.0,0.0,0.0,0.0,0.0,0.0,0.0,0.0,0.0,0.0,0.00,0.00,0.00,0.00,0.00,0.00,0.00,0.00,0.00,0.00,0.00,0,0,0.0,0.0,3178,249,22.7,13.8,0,
3.7.2026,22:53:37.947,29892,16102,64.9,15794,16888,48.3,0.5,13312,69,1.317,1.306,1.300,1.312,1.312,1.312,1.331,1.331,1.331,4055.2,4067.7,4042.7,4067.7,4067.7,4067.7,4042.7,4042.7,4042.7,99.8,1884.7,3932.9,3039.5,1676.9,3886.5,1943.1,2053.7,1713.6,1911.1,1111.6,1150.8,1492.8,1616.3,1348.9,1384.0,881.2,1012.6,1884.7,43.6,54.5,75.1,43.5,94.5,47.9,50.1,42.2,46.9,27.1,28.0,36.7,39.4,33.0,33.7,21.3,24.4,94.5,43.6,49.0,61.3,84.4,48.8,106.1,53.9,56.2,47.4,52.7,30.4,31.4,41.2,44.2,37.1,37.9,23.9,27.5,49.0,40.6,40.8,40.5,40.8,40.8,40.8,40.5,40.5,40.5,0.0,87.7,97.0,99.7,90.3,88.4,80.7,84.7,82.5,78.1,12.3,3.0,0.3,9.7,11.6,19.3,15.3,17.5,21.9,0.0,0.0,0.0,0.0,0.0,0.0,0.0,0.0,0.0,1197.8,12.00,16,16,16,39,55,661,1,80.8,80.6,79.5,73.0,75.8,80.1,73.8,73.1,70.3,71.3,70.2,69.1,65.6,65.8,65.3,58.2,53.9,1.325,1.038,1.331,17.219,11.867,17.217,78.909,44.311,5.003,6.523,7.704,5.205,4.885,3.766,4.416,4.114,3.414,22.907,12.238,35.145,44.374,1197.8,1197.8,4054.4,4054.4,4054.4,4054.4,50.4,28.7,87.7,84.9,57.1,No,No,No,1.821,1.517,7.0,50,95.0,100.0,No,No,90848,98731,34,99.0,No,No,3320,0.0,0.1,0.1,0.000,0.079,45689,35301,0.0,0.0,0.0,0.000,0.000,151,0,72.5,93.9,83.0,1.069,12.055,12.102,12.096,11.965,1897,135.010,59.306,113.742,41.281,97.774,30.320,67.237,0.336,113.742,25.184,7.937,95.504,220.000,240.000,1905.0,1750.2,1665.0,1888.3,1800.0,56.0,20.0,0.0,8.0,94.5,11.3,45.2,0.0,0.0,0.0,55,Yes,No,No,Yes,No,No,No,63.1,60.6,4,0,0,0,0,0,0,0,0,105,0,0,0,0,0,0,0,0,0,0,0,0,0,0,0,0,0,0,0,0,452,7740,7579,1851,8.0,0.0,0.0,0.0,0.0,0.0,0.0,0.0,0.0,0.0,0.0,0.0,0.0,0.00,0.00,0.00,0.00,0.00,0.00,0.00,0.00,0.00,0.00,0.00,0,0,0.0,0.0,3178,249,5.8,6.2,0,
3.7.2026,22:53:39.948,29897,16097,65.0,15800,16882,48.3,0.5,13312,69,1.313,1.337,1.306,1.325,1.306,1.306,1.306,1.306,1.306,4052.1,4067.7,4067.7,4067.7,4042.7,4042.7,4042.7,4042.7,4042.7,99.8,1882.1,3937.6,2369.3,2433.3,3002.1,2153.6,1945.3,1834.9,1921.5,1138.6,1177.2,1633.8,1589.3,1489.6,1425.3,1012.1,1050.6,1882.1,44.8,72.3,56.0,56.4,79.5,53.1,48.5,45.5,47.7,27.9,28.7,39.9,39.5,36.4,35.4,24.6,25.9,79.5,44.8,50.2,81.1,62.7,63.2,89.3,59.5,54.3,50.9,53.4,31.1,32.0,44.6,44.1,40.7,39.5,27.3,28.8,50.2,40.6,40.8,40.8,40.8,40.5,40.5,40.5,40.5,40.5,0.0,88.5,97.1,99.5,91.2,89.4,80.8,85.6,84.3,79.6,11.5,2.9,0.5,8.8,10.6,19.2,14.4,15.7,20.4,0.0,0.0,0.0,0.0,0.0,0.0,0.0,0.0,0.0,1197.8,12.00,16,16,16,39,55,661,1,80.8,80.7,79.5,73.0,75.4,80.0,74.1,73.0,70.2,71.3,70.5,69.3,65.5,65.8,65.3,56.0,53.8,1.325,1.025,1.331,17.246,12.181,17.256,79.606,44.735,4.983,6.340,7.538,5.264,4.856,3.745,4.419,4.215,3.485,22.938,12.562,35.500,44.813,1197.8,1197.8,4054.4,4054.5,4054.3,4054.5,50.9,28.8,88.5,84.9,57.2,No,No,No,1.810,2.662,7.1,50,95.0,100.0,No,No,90848,98731,34,99.0,No,No,3320,0.0,0.0,0.1,0.057,0.083,45689,35301,0.0,0.0,0.0,0.000,0.000,151,0,72.4,94.2,83.0,1.069,12.065,12.111,12.105,11.978,1890,139.349,57.372,108.807,39.300,95.121,29.610,65.294,0.336,108.807,25.502,8.705,92.242,220.000,240.000,1905.0,1750.2,1665.0,1888.0,1800.0,62.0,19.0,0.0,16.0,94.5,11.9,47.6,0.0,0.0,0.0,55,Yes,No,No,Yes,No,No,No,61.1,62.5,4,0,0,0,0,0,0,0,0,105,0,0,0,0,0,0,0,0,0,0,0,0,0,0,0,0,0,0,0,0,452,7740,7579,1851,8.0,0.0,0.0,0.0,0.0,0.0,0.0,0.0,0.0,0.0,0.0,0.0,0.0,0.00,0.00,0.00,0.00,0.00,0.00,0.00,0.00,0.00,0.00,0.00,0,0,0.0,0.0,3178,249,4.1,15.1,0,
3.7.2026,22:53:41.946,29897,16097,65.0,15800,16882,48.3,0.5,13312,69,1.313,1.337,1.306,1.325,1.306,1.306,1.306,1.306,1.306,4052.1,4067.7,4067.7,4067.7,4042.7,4042.7,4042.7,4042.7,4042.7,99.8,1882.1,3937.6,2369.3,2433.3,3002.1,2153.6,1945.3,1834.9,1921.5,1138.6,1177.2,1633.8,1589.3,1489.6,1425.3,1012.1,1050.6,1882.1,44.8,72.3,56.0,56.4,79.5,53.1,48.5,45.5,47.7,27.9,28.7,39.9,39.5,36.4,35.4,24.6,25.9,79.5,44.8,50.2,81.1,62.7,63.2,89.3,59.5,54.3,50.9,53.4,31.1,32.0,44.6,44.1,40.7,39.5,27.3,28.8,50.2,40.6,40.8,40.8,40.8,40.5,40.5,40.5,40.5,40.5,0.0,88.5,97.1,99.5,91.2,89.4,80.8,85.6,84.3,79.6,11.5,2.9,0.5,8.8,10.6,19.2,14.4,15.7,20.4,0.0,0.0,0.0,0.0,0.0,0.0,0.0,0.0,0.0,1197.8,12.00,16,16,16,39,55,661,1,80.8,80.7,79.5,73.0,75.4,80.0,74.1,73.0,70.2,71.3,70.5,69.3,65.5,65.8,65.3,56.0,53.8,1.325,1.025,1.331,17.246,12.181,17.256,79.606,44.735,4.983,6.340,7.538,5.264,4.856,3.745,4.419,4.215,3.485,22.938,12.562,35.500,44.813,1197.8,1197.8,4054.4,4054.5,4054.3,4054.5,50.9,28.8,88.5,84.9,57.2,No,No,No,1.810,2.662,7.1,50,95.0,100.0,No,No,90848,98731,34,99.0,No,No,3320,0.0,0.0,0.1,0.057,0.083,45689,35301,0.0,0.0,0.0,0.000,0.000,151,0,71.8,93.0,83.0,1.069,12.066,12.111,12.105,11.981,1894,138.335,54.138,103.222,38.040,90.379,29.138,61.022,0.336,103.222,25.055,8.062,82.901,220.000,240.000,1905.0,1750.2,1665.0,1888.1,1800.0,55.0,18.0,0.0,12.0,94.5,12.5,50.0,0.0,0.0,0.0,55,Yes,No,No,Yes,No,No,No,58.3,70.2,4,0,0,0,0,0,0,0,0,105,0,0,0,0,0,0,0,0,0,0,0,0,0,0,0,0,0,0,0,0,454,7738,7577,1851,8.0,0.0,0.0,0.0,0.0,0.0,0.0,0.0,0.0,0.0,0.0,0.0,0.0,0.00,0.00,0.00,0.00,0.00,0.00,0.00,0.00,0.00,0.00,0.00,0,0,0.0,0.0,3178,249,4.1,15.1,0,
3.7.2026,22:53:43.949,29897,16097,65.0,15803,16879,48.3,0.5,13312,69,1.309,1.312,1.325,1.306,1.306,1.306,1.306,1.306,1.306,4042.7,4042.7,4042.7,4042.7,4042.7,4042.7,4042.7,4042.7,4042.7,99.8,1878.0,3923.6,2162.4,1643.5,3883.6,2185.5,1885.0,1804.2,1941.5,1174.2,1240.0,1561.8,1675.3,1434.2,1479.7,965.8,1087.4,1878.0,44.8,73.9,52.4,40.6,96.6,55.7,45.8,45.4,47.3,28.7,30.2,38.2,41.6,35.4,36.0,23.1,25.8,96.6,44.8,50.5,83.2,59.0,45.8,108.6,62.7,51.7,51.1,53.4,32.5,34.2,43.1,46.9,40.0,40.7,26.2,29.2,50.5,40.5,40.5,40.5,40.5,40.5,40.5,40.5,40.5,40.5,0.0,88.2,96.7,99.7,90.9,89.2,81.3,85.5,83.5,78.5,11.8,3.3,0.3,9.1,10.8,18.7,14.5,16.5,21.5,0.0,0.0,0.0,0.0,0.0,0.0,0.0,0.0,0.0,1197.8,12.00,16,16,16,39,55,661,1,80.8,80.8,79.2,72.9,74.5,80.6,73.6,73.4,70.2,71.2,70.1,69.3,65.4,65.7,65.2,56.8,54.1,1.344,1.025,1.337,17.197,12.171,17.195,79.359,44.609,4.996,6.110,7.816,5.180,4.978,3.803,4.404,4.171,3.503,22.879,12.548,35.428,44.730,1197.8,1197.8,4055.4,4055.4,4055.4,4055.4,50.8,28.7,88.2,85.1,56.8,No,No,No,1.768,2.797,7.1,50,95.0,100.0,No,No,90848,98731,34,99.0,No,No,3320,0.1,0.0,0.1,0.116,0.077,45689,35302,0.0,0.0,0.0,0.000,0.000,151,0,72.7,94.2,83.0,1.069,12.058,12.107,12.101,11.967,1890,141.900,63.107,113.645,42.821,100.193,30.743,69.200,0.336,113.645,29.168,36.569,94.747,220.000,240.000,1905.0,1750.2,1665.0,1888.0,1800.0,58.0,20.0,0.0,11.0,94.4,12.1,48.5,0.0,0.0,0.0,55,Yes,No,No,Yes,No,No,No,64.9,64.6,4,0,0,0,0,0,0,0,0,105,0,0,0,0,0,0,0,0,0,0,0,0,0,0,0,0,0,0,0,0,456,7736,7575,1851,8.0,0.0,0.0,0.0,0.0,0.0,0.0,0.0,0.0,0.0,0.0,0.0,0.0,0.00,0.00,0.00,0.00,0.00,0.00,0.00,0.00,0.00,0.00,0.00,0,0,0.0,0.0,3178,249,18.1,14.1,0,
3.7.2026,22:53:45.946,29899,16095,65.0,15803,16878,48.3,0.5,13312,69,1.307,1.306,1.300,1.300,1.306,1.306,1.312,1.312,1.312,4045.8,4042.7,4067.7,4042.7,4042.7,4042.7,4042.7,4042.7,4042.7,99.8,1980.7,3940.1,3001.5,2016.1,3522.7,2026.5,2191.1,1703.1,2137.7,1186.7,1321.6,1584.4,1768.5,1436.2,1597.9,1034.4,1223.4,1980.7,46.3,57.7,74.6,49.9,88.1,50.0,53.3,41.5,52.4,29.1,32.4,39.1,43.2,35.4,39.3,25.4,29.7,88.1,46.3,51.8,64.6,83.7,55.8,98.9,55.9,59.6,46.3,58.7,32.4,36.0,43.7,48.3,39.4,43.8,28.2,33.0,51.8,40.5,40.5,40.8,40.5,40.5,40.5,40.5,40.5,40.5,0.0,88.5,97.3,99.4,90.7,88.8,81.5,85.5,84.4,80.1,11.5,2.7,0.6,9.3,11.2,18.5,14.5,15.6,19.9,0.0,0.0,0.0,0.0,0.0,0.0,0.0,0.0,0.0,1197.8,12.00,16,16,16,39,55,661,1,80.8,80.9,81.2,73.6,76.1,79.8,74.5,73.7,71.2,72.1,71.0,70.6,65.6,65.8,65.4,58.0,53.9,1.344,1.031,1.350,17.941,12.293,17.943,79.612,45.819,5.195,6.504,7.524,5.426,5.138,4.044,4.671,4.359,3.897,23.846,12.678,36.524,45.864,1197.8,1197.8,4050.7,4050.7,4050.7,4050.7,52.1,29.9,88.5,85.1,57.4,No,No,No,1.744,3.395,7.1,50,95.0,100.0,No,No,90848,98731,34,99.0,No,No,3320,0.0,0.0,0.0,0.000,0.008,45689,35302,0.0,0.0,0.0,0.000,0.000,151,0,72.1,93.2,83.0,1.069,12.065,12.111,12.104,11.978,1894,139.629,56.369,103.759,38.236,91.772,29.287,62.260,0.336,103.759,26.101,17.422,90.758,220.000,240.000,1905.0,1750.2,1665.0,1888.2,1800.0,47.0,16.0,0.0,9.0,94.4,12.6,50.4,0.0,0.0,0.0,55,Yes,No,No,Yes,No,No,No,59.0,55.6,4,0,0,0,0,0,0,0,0,105,0,0,0,0,0,0,0,0,0,0,0,0,0,0,0,0,0,0,0,0,456,7736,7575,1875,8.0,0.0,0.0,0.0,0.0,0.0,0.0,0.0,0.0,0.0,0.0,0.0,0.0,0.00,0.00,0.00,0.00,0.00,0.00,0.00,0.00,0.00,0.00,0.00,0,0,0.0,0.0,3178,249,12.9,11.3,0,
3.7.2026,22:53:47.945,29899,16095,65.0,15803,16878,48.3,0.5,13312,69,1.307,1.306,1.300,1.300,1.306,1.306,1.312,1.312,1.312,4045.8,4042.7,4067.7,4042.7,4042.7,4042.7,4042.7,4042.7,4042.7,99.8,1980.7,3940.1,3001.5,2016.1,3522.7,2026.5,2191.1,1703.1,2137.7,1186.7,1321.6,1584.4,1768.5,1436.2,1597.9,1034.4,1223.4,1980.7,46.3,57.7,74.6,49.9,88.1,50.0,53.3,41.5,52.4,29.1,32.4,39.1,43.2,35.4,39.3,25.4,29.7,88.1,46.3,51.8,64.6,83.7,55.8,98.9,55.9,59.6,46.3,58.7,32.4,36.0,43.7,48.3,39.4,43.8,28.2,33.0,51.8,40.5,40.5,40.8,40.5,40.5,40.5,40.5,40.5,40.5,0.0,88.5,97.3,99.4,90.7,88.8,81.5,85.5,84.4,80.1,11.5,2.7,0.6,9.3,11.2,18.5,14.5,15.6,19.9,0.0,0.0,0.0,0.0,0.0,0.0,0.0,0.0,0.0,1197.8,12.00,16,16,16,39,55,661,1,80.8,80.9,81.2,73.6,76.1,79.8,74.5,73.7,71.2,72.1,71.0,70.6,65.6,65.8,65.4,58.0,53.9,1.344,1.031,1.350,17.941,12.293,17.943,79.612,45.819,5.195,6.504,7.524,5.426,5.138,4.044,4.671,4.359,3.897,23.846,12.678,36.524,45.864,1197.8,1197.8,4050.7,4050.7,4050.7,4050.7,52.1,29.9,88.5,85.1,57.4,No,No,No,1.744,3.395,7.1,49,95.0,100.0,No,No,90848,98731,34,99.0,No,No,3320,0.0,0.0,0.0,0.000,0.008,45689,35302,0.0,0.0,0.0,0.000,0.000,151,0,73.1,94.7,83.0,1.069,12.056,12.102,12.099,11.967,1890,144.430,62.557,117.971,43.326,101.885,30.348,71.309,0.336,117.971,27.106,17.810,97.508,220.000,240.000,1905.0,1750.2,1665.0,1888.2,1800.0,77.0,20.0,0.0,27.0,94.4,15.7,62.8,0.0,0.0,0.0,55,Yes,No,No,Yes,No,No,No,65.9,67.7,4,0,0,0,0,0,0,0,0,105,0,0,0,0,0,0,0,0,0,0,0,0,0,0,0,0,0,0,0,0,456,7736,7575,1875,8.0,0.0,0.0,0.0,0.0,0.0,0.0,0.0,0.0,0.0,0.0,0.0,0.0,0.00,0.00,0.00,0.00,0.00,0.00,0.00,0.00,0.00,0.00,0.00,0,0,0.0,0.0,3178,249,12.9,11.3,0,
3.7.2026,22:53:49.955,29900,16094,65.0,15805,16876,48.3,0.5,13312,69,1.311,1.294,1.312,1.312,1.312,1.312,1.312,1.312,1.319,4042.7,4042.7,4042.7,4042.7,4042.7,4042.7,4042.7,4042.7,4042.7,99.8,2032.8,3929.4,2656.2,2099.6,3456.4,2307.6,2133.7,1942.3,2129.9,1289.5,1426.4,1727.0,1827.4,1574.0,1691.2,1066.8,1267.2,2032.8,47.1,65.9,65.5,51.9,89.1,52.7,53.5,44.3,53.3,29.5,33.1,40.5,44.7,36.7,40.2,23.8,29.5,89.1,47.1,53.0,74.1,73.6,58.4,100.1,59.3,60.1,49.8,59.9,33.2,37.3,45.6,50.2,41.3,45.2,26.8,33.2,53.0,40.5,40.5,40.5,40.5,40.5,40.5,40.5,40.5,40.5,0.0,88.5,96.9,99.5,91.2,89.7,81.5,85.7,84.3,79.1,11.5,3.1,0.5,8.8,10.3,18.5,14.3,15.7,20.9,0.0,0.0,0.0,0.0,0.0,0.0,0.0,0.0,0.0,1197.8,12.00,16,16,16,39,55,661,1,80.9,81.0,79.2,73.3,75.6,80.3,74.6,73.6,70.6,71.6,70.6,69.6,65.5,65.8,65.3,57.2,53.7,1.319,1.038,1.337,17.624,12.290,17.623,79.640,45.342,5.179,6.358,7.730,5.530,5.127,4.043,4.623,4.348,3.670,23.439,12.671,36.111,45.467,1197.8,1197.8,4053.6,4053.6,4053.6,4053.6,51.7,29.4,88.5,85.2,57.1,No,No,No,1.819,3.597,7.1,49,95.0,100.0,No,No,90848,98731,34,99.0,No,No,3320,0.0,0.1,0.1,0.000,0.050,45691,35302,0.0,0.0,0.0,0.000,0.000,151,0,72.7,94.1,83.0,1.069,12.067,12.113,12.108,11.982,1883,144.458,61.311,112.220,40.627,96.295,29.235,66.840,0.336,112.220,24.580,32.225,98.534,220.000,240.000,1905.0,1750.2,1665.0,1888.0,1800.0,73.0,19.0,0.0,26.0,94.5,14.0,56.1,0.0,0.0,0.0,55,Yes,No,No,Yes,No,No,No,65.0,65.9,4,0,0,0,0,0,0,0,0,105,0,0,0,0,0,0,0,0,0,0,0,0,0,0,0,0,0,0,0,0,452,7740,7579,1875,8.0,0.0,0.0,0.0,0.0,0.0,0.0,0.0,0.0,0.0,0.0,0.0,0.0,0.00,0.00,0.00,0.00,0.00,0.00,0.00,0.00,0.00,0.00,0.00,0,0,0.0,0.0,3178,249,14.1,1.5,0,
3.7.2026,22:53:51.946,29891,16102,64.9,15792,16889,48.3,0.5,13312,69,1.312,1.312,1.306,1.325,1.325,1.306,1.306,1.306,1.312,4048.9,4042.7,4042.7,4067.7,4067.7,4042.7,4042.7,4042.7,4042.7,99.8,2200.7,3979.7,2380.4,2248.9,3736.7,2436.5,2404.1,2349.7,2113.6,1499.8,1609.4,2135.3,1882.4,1903.4,1788.1,1222.5,1519.8,2200.7,53.2,78.9,58.7,55.6,92.3,59.7,60.1,57.4,52.7,37.2,39.6,52.4,46.9,47.2,44.3,30.2,37.7,92.3,53.2,59.6,88.6,65.8,62.3,103.6,66.9,67.4,64.3,59.1,41.6,44.3,58.7,52.5,52.9,49.6,33.8,42.2,59.6,40.6,40.5,40.5,40.8,40.8,40.5,40.5,40.5,40.5,0.0,92.9,98.3,99.9,95.7,94.3,87.7,91.8,90.0,85.8,7.1,1.7,0.1,4.3,5.7,12.3,8.2,10.0,14.2,0.0,0.0,0.0,0.0,0.0,0.0,0.0,0.0,0.0,1197.8,12.00,16,16,16,39,55,661,1,81.2,81.9,80.8,74.6,75.8,81.8,75.7,74.8,72.0,73.0,72.3,71.0,66.2,66.4,66.0,57.0,53.3,1.319,1.038,1.331,19.379,12.351,19.379,83.635,47.746,5.532,6.443,8.047,5.940,5.526,4.382,5.095,4.809,4.013,25.720,12.745,38.465,47.831,1197.8,1197.8,4047.9,4047.9,4047.9,4047.9,54.4,32.3,92.9,86.2,57.8,No,No,No,2.077,3.018,7.4,50,95.0,100.0,No,No,90848,98731,34,99.0,No,No,3320,0.0,0.1,0.1,0.000,0.092,45691,35302,0.0,0.0,0.0,0.000,0.000,151,0,71.6,92.6,83.0,1.069,12.066,12.109,12.105,11.983,1890,132.583,52.865,101.816,36.970,88.594,28.651,59.732,0.336,101.816,23.624,7.665,79.447,220.000,240.000,1905.0,1750.2,1665.0,1888.3,1800.0,54.0,17.0,0.0,13.0,94.5,12.6,50.3,0.0,0.0,0.0,55,Yes,No,No,Yes,No,No,No,57.2,53.7,4,0,0,0,0,0,0,0,0,105,0,0,0,0,0,0,0,0,0,0,0,0,0,0,0,0,0,0,0,0,448,7744,7584,1875,8.0,0.0,0.0,0.0,0.0,0.0,0.0,0.0,0.0,0.0,0.0,0.0,0.0,0.00,0.00,0.00,0.00,0.00,0.00,0.00,0.00,0.00,0.00,0.00,0,0,0.0,0.0,3178,249,12.6,11.4,0,
3.7.2026,22:53:53.948,29880,16114,64.9,15789,16893,48.3,0.5,13312,69,1.307,1.312,1.312,1.306,1.306,1.306,1.300,1.306,1.306,4048.9,4017.8,4042.7,4042.7,4042.7,4042.7,4067.7,4067.7,4067.7,99.8,1862.2,3913.0,2168.4,1717.1,3836.1,2128.7,1946.9,1885.7,1789.0,1046.0,1270.3,1533.2,1649.0,1413.6,1488.0,862.8,1147.3,1862.2,44.7,74.1,53.4,42.5,95.4,53.3,48.2,47.1,43.8,25.7,31.5,38.2,40.5,34.7,36.8,21.1,28.1,95.4,44.7,50.2,83.2,60.0,47.8,107.2,60.0,54.2,53.0,49.3,28.9,35.5,42.9,45.5,39.1,41.4,23.8,31.6,50.2,40.6,40.2,40.5,40.5,40.5,40.5,40.8,40.8,40.8,0.0,87.5,96.5,99.5,90.5,88.0,80.2,84.1,83.0,77.9,12.5,3.5,0.5,9.5,12.0,19.8,15.9,17.0,22.1,0.0,0.0,0.0,0.0,0.0,0.0,0.0,0.0,0.0,1197.8,12.00,16,16,16,39,55,661,1,81.1,81.0,81.8,73.1,75.4,80.5,73.9,73.3,70.5,71.5,70.4,69.6,65.7,66.0,65.4,58.0,53.8,1.344,1.031,1.344,17.112,12.255,17.111,78.722,44.652,4.990,6.262,7.748,5.221,4.836,3.773,4.406,4.160,3.515,22.765,12.633,35.398,44.721,1197.8,1197.8,4053.5,4053.5,4053.5,4053.5,50.8,28.5,87.5,85.3,56.6,No,No,No,1.749,3.103,7.0,49,95.0,100.0,No,No,90848,98731,34,99.0,No,No,3320,0.0,0.0,0.1,0.150,0.265,45691,35302,0.0,0.0,0.0,0.000,0.000,151,0,72.3,93.6,83.0,1.069,12.053,12.100,12.096,11.964,1887,131.221,62.390,117.472,43.064,101.596,30.316,71.013,0.336,117.472,26.972,7.844,107.811,220.000,240.000,1905.0,1750.2,1665.0,1888.4,1800.0,63.0,20.0,0.0,17.0,94.5,12.7,50.8,0.0,0.0,0.0,54,Yes,No,No,Yes,No,No,No,65.7,70.9,4,0,0,0,0,0,0,0,0,105,0,0,0,0,0,0,0,0,0,0,0,0,0,0,0,0,0,0,0,0,448,7744,7582,1735,8.0,0.0,0.0,0.0,0.0,0.0,0.0,0.0,0.0,0.0,0.0,0.0,0.0,0.00,0.00,0.00,0.00,0.00,0.00,0.00,0.00,0.00,0.00,0.00,0,0,0.0,0.0,3178,249,9.4,10.1,0,
3.7.2026,22:53:55.948,29870,16124,64.9,15787,16895,48.3,0.5,13312,69,1.309,1.325,1.306,1.306,1.306,1.306,1.306,1.306,1.312,4048.9,4067.7,4042.7,4042.7,4042.7,4042.7,4042.7,4042.7,4067.7,99.8,1888.3,3923.0,3180.4,2642.2,2924.1,1840.1,2162.5,1771.3,1834.1,996.9,1208.3,1423.4,1672.7,1181.9,1533.9,826.7,1091.9,1888.3,43.8,52.0,78.8,65.4,70.7,45.8,53.5,43.6,45.3,25.1,29.8,35.2,41.4,29.1,38.5,20.9,26.6,78.8,43.8,49.0,58.1,88.4,73.5,79.2,51.1,59.7,48.6,51.0,27.6,33.5,39.1,46.5,32.2,42.7,22.8,29.9,49.0,40.6,40.8,40.5,40.5,40.5,40.5,40.5,40.5,40.8,0.0,86.8,96.7,99.5,89.5,87.5,78.8,83.6,81.7,77.1,13.2,3.3,0.5,10.5,12.5,21.2,16.4,18.3,22.9,0.0,0.0,0.0,0.0,0.0,0.0,0.0,0.0,0.0,1197.8,12.00,16,16,16,39,55,661,1,81.0,80.5,81.8,72.6,75.2,80.1,73.4,72.6,69.9,70.9,69.9,69.0,65.4,65.6,65.1,58.2,53.9,1.350,1.038,1.350,16.802,12.232,16.807,78.126,44.219,4.914,6.380,7.719,5.084,4.742,3.654,4.319,4.021,3.390,22.363,12.608,34.971,44.307,1197.8,1197.8,4056.0,4056.0,4056.0,4056.0,50.3,28.0,86.8,84.8,56.7,No,No,No,1.732,3.299,6.9,50,95.0,100.0,No,No,90848,98731,34,99.0,No,No,3320,0.0,0.0,0.0,0.000,0.019,45691,35302,0.0,0.0,0.0,0.000,0.000,151,0,73.2,94.7,83.0,1.069,12.051,12.101,12.096,11.956,1890,145.242,66.014,123.799,46.322,107.797,31.587,75.936,0.336,123.799,30.068,7.890,112.603,220.000,240.000,1905.0,1750.2,1665.0,1888.1,1800.0,54.0,19.0,0.0,10.0,94.5,14.1,56.4,0.0,0.0,0.0,54,Yes,No,No,Yes,No,No,No,69.9,73.2,4,0,0,0,0,0,0,0,0,105,0,0,0,0,0,0,0,0,0,0,0,0,0,0,0,0,0,0,0,0,454,7738,7577,1739,8.0,0.0,0.0,0.0,0.0,0.0,0.0,0.0,0.0,0.0,0.0,0.0,0.0,0.00,0.00,0.00,0.00,0.00,0.00,0.00,0.00,0.00,0.00,0.00,0,0,0.0,0.0,3178,249,2.3,1.4,0,
3.7.2026,22:53:57.949,29878,16115,64.9,15793,16889,48.3,0.5,13312,69,1.298,1.306,1.306,1.306,1.319,1.300,1.281,1.281,1.281,4033.4,4067.7,4042.7,4042.7,4042.7,4017.8,4017.8,4017.8,4017.8,99.8,1889.2,3970.6,3253.6,1828.0,3487.5,1762.5,2235.0,1673.2,1907.2,1025.7,1267.8,1475.8,1663.5,1288.9,1490.6,771.3,1126.1,1889.2,43.4,53.2,80.2,45.5,86.7,42.6,54.9,40.9,46.8,24.4,30.6,35.5,40.8,30.9,35.9,18.0,27.5,86.7,43.4,48.9,60.0,90.2,50.9,97.5,48.2,62.0,46.4,52.4,27.9,34.1,40.2,45.6,35.1,40.7,20.7,30.7,48.9,40.4,40.8,40.5,40.5,40.5,40.2,40.2,40.2,40.2,0.0,87.2,97.9,99.4,89.7,87.7,79.7,84.1,82.2,77.2,12.8,2.1,0.6,10.3,12.3,20.3,15.9,17.8,22.8,0.0,0.0,0.0,0.0,0.0,0.0,0.0,0.0,0.0,1197.8,12.00,16,16,16,39,55,661,1,80.8,80.3,79.0,72.5,75.6,79.3,73.4,72.4,69.9,70.8,69.9,68.9,65.3,65.6,65.1,57.8,53.7,1.331,1.038,1.337,16.804,12.380,16.804,78.512,44.398,4.909,6.548,7.465,5.086,4.704,3.728,4.311,4.051,3.380,22.362,12.763,35.125,44.494,1197.8,1197.8,4055.9,4055.9,4055.9,4055.9,50.6,28.0,87.2,84.5,56.9,No,No,No,1.724,3.984,7.0,50,95.0,100.0,No,No,90848,98731,34,99.0,No,No,3320,0.0,0.0,0.1,0.050,0.075,45691,35303,0.0,0.0,0.0,0.000,0.000,151,0,73.7,95.8,83.0,1.069,12.044,12.094,12.089,11.949,1883,152.387,65.358,123.826,45.690,107.714,31.485,75.953,0.336,123.826,29.340,8.096,107.311,220.000,240.000,1905.0,1750.2,1665.0,1887.9,1800.0,65.0,23.0,0.0,13.0,94.4,15.6,62.4,0.0,0.0,0.0,54,Yes,No,No,Yes,No,No,No,69.6,72.6,4,0,0,0,0,0,0,0,0,105,0,0,0,0,0,0,0,0,0,0,0,0,0,0,0,0,0,0,0,0,456,7736,7575,1741,8.0,0.0,0.0,0.0,0.0,0.0,0.0,0.0,0.0,0.0,0.0,0.0,0.0,0.00,0.00,0.00,0.00,0.00,0.00,0.00,0.00,0.00,0.00,0.00,0,0,0.0,0.0,3178,249,13.9,5.1,0,
3.7.2026,22:53:59.966,29887,16107,64.9,15790,16892,48.3,0.5,13312,69,1.295,1.331,1.312,1.312,1.281,1.281,1.281,1.281,1.281,4042.7,4067.7,4067.7,4067.7,4017.8,4017.8,4017.8,4042.7,4042.7,99.8,1819.2,3935.7,2300.1,2176.5,3218.6,2055.2,1959.3,1834.4,1715.9,1022.6,1193.4,1532.4,1552.1,1334.2,1368.9,852.2,1056.2,1819.2,43.7,70.6,57.3,47.6,87.3,50.8,49.0,45.0,43.3,25.2,30.3,38.0,39.2,32.9,34.6,21.2,26.8,87.3,43.7,48.8,79.2,64.1,53.2,98.1,56.8,54.8,50.3,48.3,27.9,33.7,42.4,43.7,36.6,38.5,23.4,29.7,48.8,40.5,40.8,40.8,40.8,40.2,40.2,40.2,40.5,40.5,0.0,87.2,97.0,99.6,90.2,87.8,79.3,84.4,81.8,77.2,12.8,3.0,0.4,9.8,12.2,20.7,15.6,18.2,22.8,0.0,0.0,0.0,0.0,0.0,0.0,0.0,0.0,0.0,1197.8,12.00,16,16,16,39,55,661,1,80.6,80.4,79.5,72.6,75.1,79.8,73.5,72.7,69.8,71.0,69.8,69.0,65.3,65.6,65.0,56.0,53.6,1.331,1.031,1.337,17.059,12.156,17.060,78.446,44.462,4.933,6.351,7.650,5.192,4.797,3.683,4.360,4.022,3.409,22.710,12.534,35.243,44.547,1197.8,1197.8,4056.7,4056.7,4056.7,4056.7,50.6,28.4,87.2,84.6,57.3,No,No,No,1.777,2.794,7.0,49,95.0,100.0,No,No,90848,98731,34,99.0,No,No,3320,0.0,0.1,0.1,0.029,0.127,45691,35303,0.0,0.0,0.0,0.000,0.000,151,0,73.8,96.0,83.0,1.069,12.048,12.097,12.092,11.954,1887,152.523,69.882,123.072,45.026,106.978,31.211,75.487,0.336,123.072,28.686,56.919,108.038,220.000,240.000,1905.0,1750.2,1665.0,1887.7,1800.0,70.0,23.0,0.0,18.0,94.4,16.4,65.5,0.0,0.0,0.0,54,Yes,No,No,Yes,No,No,No,69.0,67.5,4,0,0,0,0,0,0,0,0,105,0,0,0,0,0,0,0,0,0,0,0,0,0,0,0,0,0,0,0,0,456,7736,7575,1741,8.0,0.0,0.0,0.0,0.0,0.0,0.0,0.0,0.0,0.0,0.0,0.0,0.0,0.00,0.00,0.00,0.00,0.00,0.00,0.00,0.00,0.00,0.00,0.00,0,0,0.0,0.0,3178,249,6.4,3.4,0,
3.7.2026,22:54:1.976,29902,16091,65.0,15799,16883,48.3,0.5,13312,69,1.324,1.312,1.312,1.312,1.331,1.331,1.331,1.331,1.331,4045.8,4042.7,4042.7,4067.7,4042.7,4042.7,4042.7,4042.7,4042.7,99.8,1989.7,3965.5,2577.3,2471.0,3015.2,2304.8,1937.8,2092.0,1829.0,1326.0,1277.2,1863.5,1593.4,1618.1,1452.5,1288.7,1224.0,1989.7,46.3,69.4,63.5,66.5,67.8,55.5,47.4,50.5,44.0,31.4,30.5,44.7,38.5,38.7,34.6,29.7,28.6,69.4,46.3,52.3,78.1,71.5,74.8,76.4,62.6,53.5,56.9,49.7,35.6,34.7,50.4,43.5,43.7,39.3,33.8,32.5,52.3,40.5,40.5,40.5,40.8,40.5,40.5,40.5,40.5,40.5,0.0,88.8,97.9,99.0,91.0,89.4,81.5,85.9,84.3,81.5,11.2,2.1,1.0,9.0,10.6,18.5,14.1,15.7,18.5,0.0,0.0,0.0,0.0,0.0,0.0,0.0,0.0,0.0,1197.8,12.00,16,16,16,39,55,661,1,80.8,80.9,80.5,73.5,77.0,78.8,74.2,73.1,71.0,72.1,70.8,70.9,65.5,65.7,65.2,57.2,53.4,1.325,1.038,1.331,18.131,12.129,18.127,79.932,45.790,5.239,6.770,7.246,5.367,5.044,4.094,4.777,4.409,4.202,24.105,12.509,36.614,45.904,1197.8,1197.8,4050.8,4050.8,4050.8,4050.8,52.2,30.2,88.8,85.1,57.8,No,No,No,1.890,2.471,7.1,50,95.0,100.0,No,No,90848,98731,34,99.0,No,No,3320,0.0,0.0,0.0,0.000,0.006,45691,35303,0.0,0.0,0.0,0.000,0.000,151,0,73.2,94.8,83.0,1.069,12.056,12.103,12.099,11.967,1887,145.420,62.572,114.644,42.350,99.928,30.384,69.304,0.336,114.644,27.449,29.146,97.534,220.000,240.000,1905.0,1750.2,1665.0,1888.0,1800.0,66.0,21.0,0.0,16.0,94.5,13.3,53.0,0.0,0.0,0.0,54,Yes,No,No,Yes,No,No,No,64.6,64.1,4,0,0,0,0,0,0,0,0,105,0,0,0,0,0,0,0,0,0,0,0,0,0,0,0,0,0,0,0,0,447,7745,7584,1741,8.0,0.0,0.0,0.0,0.0,0.0,0.0,0.0,0.0,0.0,0.0,0.0,0.0,0.00,0.00,0.00,0.00,0.00,0.00,0.00,0.00,0.00,0.00,0.00,0,0,0.0,0.0,3178,249,6.2,7.6,0,
3.7.2026,22:54:3.963,29901,16093,65.0,15797,16885,48.3,0.5,13312,69,1.308,1.319,1.306,1.306,1.306,1.306,1.306,1.306,1.306,4048.9,4067.7,4042.7,4042.7,4042.7,4042.7,4067.7,4042.7,4042.7,99.8,1812.4,3931.0,2002.5,2520.2,2801.8,2224.9,1876.2,1932.1,1730.8,1139.8,1064.0,1605.8,1540.9,1509.1,1226.0,951.9,941.1,1812.4,43.3,76.5,49.4,59.8,72.6,55.0,45.6,47.9,42.0,28.1,25.9,40.1,36.8,36.9,29.8,23.1,22.9,76.5,43.3,48.5,85.9,55.4,67.1,81.5,61.6,51.1,53.7,47.1,31.4,29.0,44.9,41.2,41.4,33.3,25.8,25.6,48.5,40.6,40.8,40.5,40.5,40.5,40.5,40.8,40.5,40.5,0.0,87.7,96.9,99.6,90.7,88.7,79.9,85.1,82.7,78.1,12.3,3.1,0.4,9.3,11.3,20.1,14.9,17.3,21.9,0.0,0.0,0.0,0.0,0.0,0.0,0.0,0.0,0.0,1197.8,12.00,16,16,16,39,55,661,1,80.6,80.3,82.2,72.6,74.8,79.7,73.5,72.9,69.9,71.0,69.8,69.0,65.3,65.6,65.0,57.5,53.8,1.350,1.031,1.350,17.026,12.045,17.032,78.939,44.277,4.960,6.271,7.594,5.295,4.906,3.700,4.422,4.077,3.416,22.656,12.420,35.076,44.355,1197.8,1197.8,4056.4,4056.4,4056.4,4056.4,50.4,28.4,87.7,84.5,57.1,No,No,No,1.795,2.241,7.0,50,95.0,100.0,No,No,90848,98731,34,99.0,No,No,3320,0.0,0.0,0.0,0.000,0.046,45691,35303,0.0,0.0,0.0,0.000,0.000,151,0,72.8,94.7,83.0,1.069,12.065,12.110,12.107,11.979,1883,143.816,57.089,110.298,40.036,94.989,30.068,64.704,0.336,110.298,24.602,11.858,83.700,220.000,240.000,1905.0,1750.2,1665.0,1887.8,1800.0,57.0,21.0,0.0,8.0,94.5,12.8,51.2,0.0,0.0,0.0,54,Yes,No,No,Yes,No,No,No,61.3,64.4,4,0,0,0,0,0,0,0,0,105,0,0,0,0,0,0,0,0,0,0,0,0,0,0,0,0,0,0,0,0,454,7738,7576,1740,8.0,0.0,0.0,0.0,0.0,0.0,0.0,0.0,0.0,0.0,0.0,0.0,0.0,0.00,0.00,0.00,0.00,0.00,0.00,0.00,0.00,0.00,0.00,0.00,0,0,0.0,0.0,3178,249,12.5,2.3,0,
3.7.2026,22:54:5.968,29880,16114,64.9,15800,16881,48.3,0.5,13312,69,1.307,1.319,1.306,1.300,1.306,1.306,1.306,1.306,1.306,4042.7,4042.7,4042.7,4042.7,4042.7,4042.7,4042.7,4042.7,4042.7,99.8,1939.6,3966.1,3225.6,1639.2,3787.1,2026.3,2183.8,1846.2,1856.7,1171.4,1163.8,1606.5,1623.5,1464.4,1415.3,1026.2,1031.5,1939.6,44.9,54.5,79.7,44.7,89.7,50.1,53.5,45.0,45.6,28.3,28.4,38.9,40.4,35.7,34.5,24.9,24.9,89.7,44.9,50.6,61.4,89.7,50.3,100.8,56.5,60.3,50.7,51.4,32.0,32.0,43.8,45.5,40.2,38.8,28.1,28.1,50.6,40.5,40.5,40.5,40.5,40.5,40.5,40.5,40.5,40.5,0.0,87.8,97.8,99.5,91.0,88.6,79.9,84.7,82.8,78.3,12.2,2.2,0.5,9.0,11.4,20.1,15.3,17.2,21.7,0.0,0.0,0.0,0.0,0.0,0.0,0.0,0.0,0.0,1197.8,12.00,16,16,16,39,55,661,1,80.6,80.5,77.5,72.9,75.6,79.7,74.0,72.9,70.1,71.1,70.1,69.3,65.4,65.6,65.1,55.5,53.5,1.306,1.025,1.312,17.246,12.114,17.245,79.047,44.652,5.013,6.539,7.549,5.308,4.863,3.757,4.426,4.157,3.506,22.950,12.491,35.442,44.720,1197.8,1197.8,4055.6,4055.6,4055.6,4055.6,50.8,28.7,87.8,84.7,57.0,No,No,No,1.829,2.352,7.0,49,95.0,100.0,No,No,90848,98731,34,99.0,No,No,3320,0.0,0.0,0.0,0.000,0.040,45691,35303,0.0,0.0,0.0,0.000,0.000,151,0,72.8,94.5,83.0,1.069,12.072,12.117,12.111,11.988,1883,146.267,57.693,101.997,36.715,89.780,28.831,60.752,0.336,101.997,24.405,41.960,90.151,220.000,240.000,1905.0,1750.2,1665.0,1888.0,1800.0,64.0,21.0,0.0,15.0,94.4,13.4,53.5,0.0,0.0,0.0,54,Yes,No,No,Yes,No,No,No,57.5,62.6,4,0,0,0,0,0,0,0,0,105,0,0,0,0,0,0,0,0,0,0,0,0,0,0,0,0,0,0,0,0,457,7735,7574,1742,8.0,0.0,0.0,0.0,0.0,0.0,0.0,0.0,0.0,0.0,0.0,0.0,0.0,0.00,0.00,0.00,0.00,0.00,0.00,0.00,0.00,0.00,0.00,0.00,0,0,0.0,0.0,3178,249,4.7,6.4,0,
3.7.2026,22:54:7.967,29893,16101,64.9,15809,16873,48.3,0.5,13312,69,1.309,1.319,1.306,1.300,1.300,1.312,1.312,1.312,1.312,4061.4,4042.7,4042.7,4067.7,4067.7,4067.7,4067.7,4067.7,4067.7,99.8,1838.8,3989.0,2612.8,1978.5,3359.6,1796.8,2190.8,1497.6,2112.1,1051.5,1137.4,1388.5,1641.8,1313.7,1424.1,898.2,1028.3,1838.8,43.5,67.5,64.4,48.6,84.1,44.5,54.0,37.1,51.8,26.1,27.9,34.5,40.3,32.5,35.0,22.0,25.2,84.1,43.5,48.8,75.8,72.3,54.6,94.5,49.9,60.6,41.7,58.2,29.3,31.3,38.7,45.2,36.5,39.3,24.7,28.3,48.8,40.7,40.5,40.5,40.8,40.8,40.8,40.8,40.8,40.8,0.0,87.5,98.4,99.5,90.2,88.1,79.4,83.9,82.3,77.9,12.5,1.6,0.5,9.8,11.9,20.6,16.1,17.7,22.1,0.0,0.0,0.0,0.0,0.0,0.0,0.0,0.0,0.0,1197.8,12.00,16,16,16,39,55,661,1,80.5,80.1,78.8,72.5,76.7,78.2,73.4,72.4,69.9,70.7,69.9,68.9,65.3,65.6,65.0,57.5,53.4,1.294,1.025,1.294,16.991,12.201,16.991,78.710,44.375,4.919,6.782,7.266,5.094,4.783,3.656,4.303,4.034,3.432,22.604,12.577,35.181,44.473,1197.8,1197.8,4055.9,4055.9,4055.9,4055.9,50.5,28.3,87.5,84.3,57.2,No,No,No,1.804,2.591,7.0,50,95.0,100.0,No,No,90848,98731,34,99.0,No,No,3320,0.0,0.0,0.0,0.000,0.010,45691,35303,0.0,0.0,0.0,0.000,0.000,151,0,73.8,95.6,83.0,1.069,12.050,12.098,12.094,11.957,1890,151.488,62.595,119.885,44.703,103.951,31.232,72.472,0.336,119.885,28.583,8.031,96.876,220.000,240.000,1905.0,1750.2,1665.0,1887.8,1800.0,65.0,23.0,0.0,13.0,94.4,13.9,55.4,0.0,0.0,0.0,54,Yes,No,No,Yes,No,No,No,67.5,70.3,4,0,0,0,0,0,0,0,0,105,0,0,0,0,0,0,0,0,0,0,0,0,0,0,0,0,0,0,0,0,456,7736,7575,1742,8.0,0.0,0.0,0.0,0.0,0.0,0.0,0.0,0.0,0.0,0.0,0.0,0.0,0.00,0.00,0.00,0.00,0.00,0.00,0.00,0.00,0.00,0.00,0.00,0,0,0.0,0.0,3178,249,8.6,5.7,0,
3.7.2026,22:54:9.969,29892,16102,64.9,15804,16878,48.3,0.5,13312,69,1.313,1.325,1.319,1.312,1.312,1.312,1.312,1.306,1.306,4052.1,4067.7,4042.7,4042.7,4042.7,4042.7,4042.7,4067.7,4067.7,99.8,1754.1,3979.5,2322.6,1587.9,3874.9,1909.2,1977.0,1551.1,1819.3,961.1,1064.5,1336.4,1508.3,1285.7,1198.5,838.7,850.0,1754.1,41.4,73.3,55.8,40.3,95.1,45.4,49.5,37.7,44.8,23.6,26.2,32.8,36.9,31.5,29.2,20.7,20.4,95.1,41.4,46.3,82.4,62.5,45.1,106.9,50.8,55.5,42.2,50.1,26.1,29.1,36.5,41.2,35.1,32.5,22.9,22.6,46.3,40.6,40.8,40.5,40.5,40.5,40.5,40.5,40.8,40.8,0.0,85.3,98.1,99.9,88.4,85.9,76.3,81.2,78.9,73.8,14.7,1.9,0.1,11.6,14.1,23.7,18.8,21.1,26.2,0.0,0.0,0.0,0.0,0.0,0.0,0.0,0.0,0.0,1197.8,12.00,16,16,16,39,55,661,1,80.5,80.3,81.8,72.2,75.6,79.2,73.3,72.0,69.4,70.2,69.2,68.4,65.0,65.3,64.7,58.0,53.6,1.325,1.025,1.331,16.548,12.167,16.544,76.772,43.724,4.829,6.560,7.575,5.121,4.610,3.542,4.125,3.847,3.252,22.030,12.541,34.571,43.845,1197.8,1197.8,4057.9,4057.9,4057.9,4057.9,49.8,27.6,85.3,84.6,57.1,No,No,No,1.697,2.698,6.8,49,95.0,100.0,No,No,90848,98731,34,99.0,No,No,3320,0.0,0.0,0.0,0.000,0.013,45691,35303,0.0,0.0,0.0,0.000,0.000,151,0,73.9,95.7,83.0,1.069,12.053,12.103,12.096,11.959,1887,145.682,63.161,121.150,44.780,104.550,31.071,73.235,0.336,121.150,28.023,8.434,98.881,220.000,240.000,1905.0,1750.2,1665.0,1888.0,1800.0,70.0,22.0,0.0,16.0,94.5,14.6,58.5,0.0,0.0,0.0,54,Yes,No,No,Yes,No,No,No,67.8,71.1,4,0,0,0,0,0,0,0,0,105,0,0,0,0,0,0,0,0,0,0,0,0,0,0,0,0,0,0,0,0,452,7740,7579,1743,8.0,0.0,0.0,0.0,0.0,0.0,0.0,0.0,0.0,0.0,0.0,0.0,0.0,0.00,0.00,0.00,0.00,0.00,0.00,0.00,0.00,0.00,0.00,0.00,0,0,0.0,0.0,3178,249,6.9,6.7,0,
3.7.2026,22:54:11.960,29898,16095,65.0,15809,16873,48.3,0.5,13312,69,1.306,1.312,1.312,1.325,1.300,1.300,1.300,1.300,1.300,4042.7,4042.7,4042.7,4042.7,4042.7,4042.7,4042.7,4042.7,4042.7,99.8,2126.2,4016.5,2992.8,2527.2,3513.4,2440.5,2447.9,2212.9,1927.9,1320.3,1404.2,1694.8,1866.9,1689.8,1533.7,1210.9,1219.2,2126.2,50.1,65.2,75.2,60.9,87.0,60.1,60.0,54.5,47.2,31.9,34.2,41.7,45.9,41.6,37.4,29.2,29.9,87.0,50.1,56.7,73.6,84.7,68.7,97.8,67.8,67.7,61.6,53.5,36.4,38.9,47.3,51.9,47.2,42.4,33.3,34.0,56.7,40.5,40.5,40.5,40.5,40.5,40.5,40.5,40.5,40.5,0.0,90.1,99.1,99.7,96.4,90.8,82.3,86.6,85.0,80.6,9.9,0.9,0.3,3.6,9.2,17.7,13.4,15.0,19.4,0.0,0.0,0.0,0.0,0.0,0.0,0.0,0.0,0.0,1197.8,12.00,16,16,16,39,55,661,1,80.6,81.8,80.5,74.1,78.4,79.3,77.2,74.1,71.1,71.8,70.9,69.8,65.6,65.9,65.4,55.5,53.4,1.337,1.025,1.337,18.825,12.311,18.823,81.054,46.948,5.397,7.125,7.722,6.333,5.231,4.009,4.705,4.362,3.687,25.025,12.701,37.727,47.025,1197.8,1197.8,4052.9,4052.9,4052.9,4052.9,53.4,31.4,90.1,86.1,57.8,No,No,No,1.814,2.669,7.2,50,95.0,100.0,No,No,90848,98731,34,99.0,No,No,3320,0.1,0.1,0.1,0.030,0.155,45691,35303,0.0,0.0,0.0,0.000,0.000,151,0,72.9,94.1,83.0,1.069,12.060,12.107,12.103,11.972,1880,139.694,59.103,113.575,42.411,98.151,30.300,67.645,0.336,113.575,26.874,8.173,89.993,220.000,240.000,1905.0,1750.2,1665.0,1888.1,1800.0,62.0,19.0,0.0,14.0,94.5,13.7,54.7,0.0,0.0,0.0,54,Yes,No,No,Yes,No,No,No,63.8,59.7,4,0,0,0,0,0,0,0,0,105,0,0,0,0,0,0,0,0,0,0,0,0,0,0,0,0,0,0,0,0,454,7738,7577,1743,8.0,0.0,0.0,0.0,0.0,0.0,0.0,0.0,0.0,0.0,0.0,0.0,0.0,0.00,0.00,0.00,0.00,0.00,0.00,0.00,0.00,0.00,0.00,0.00,0,0,0.0,0.0,3178,249,6.7,8.5,0,
3.7.2026,22:54:13.965,29900,16094,65.0,15811,16870,48.3,0.5,13312,69,1.306,1.300,1.300,1.312,1.312,1.306,1.306,1.306,1.306,4048.9,4042.7,4067.7,4067.7,4042.7,4042.7,4042.7,4042.7,4042.7,99.8,1944.0,4023.2,2282.8,2337.2,3318.5,2676.5,2076.6,1845.0,1897.1,1159.7,1247.9,1515.4,1738.0,1629.3,1325.6,1039.7,990.9,1944.0,47.2,83.2,56.7,57.8,83.8,67.5,50.1,45.9,46.9,28.8,30.8,37.5,42.9,40.1,33.0,25.6,24.4,83.8,47.2,52.7,93.4,63.5,64.7,94.1,75.7,56.1,51.2,52.4,32.0,34.2,41.8,47.9,44.8,36.6,28.3,27.0,52.7,40.6,40.5,40.8,40.8,40.5,40.5,40.5,40.5,40.5,0.0,88.1,99.2,100.0,96.0,88.1,79.0,83.8,82.3,76.6,11.9,0.8,0.0,4.0,11.9,21.0,16.2,17.7,23.4,0.0,0.0,0.0,0.0,0.0,0.0,0.0,0.0,0.0,1197.8,12.00,16,16,16,39,55,661,1,80.6,81.2,80.5,73.8,77.5,80.2,77.2,73.3,70.5,71.4,70.6,69.3,65.6,65.9,65.3,58.0,53.7,1.325,1.044,1.337,18.235,12.228,18.236,79.297,46.017,5.246,6.967,7.795,6.341,4.911,3.785,4.468,4.214,3.488,24.244,12.610,36.853,46.148,1197.8,1197.8,4053.9,4053.9,4053.9,4053.9,52.4,30.4,88.1,85.4,57.7,No,No,No,1.710,2.737,7.0,50,95.0,100.0,No,No,90848,98731,34,99.0,No,No,3320,0.0,0.1,0.1,0.000,0.219,45691,35304,0.0,0.0,0.0,0.000,0.000,151,0,73.1,94.9,83.0,1.069,12.051,12.099,12.094,11.960,1890,142.795,65.641,115.926,43.157,100.963,30.666,70.073,0.336,115.926,28.073,49.687,101.608,220.000,240.000,1905.0,1750.2,1665.0,1888.0,1800.0,63.0,20.0,0.0,14.0,94.4,14.1,56.3,0.0,0.0,0.0,54,Yes,No,No,Yes,No,No,No,65.5,71.4,4,0,0,0,0,0,0,0,0,105,0,0,0,0,0,0,0,0,0,0,0,0,0,0,0,0,0,0,0,0,456,7736,7574,1744,8.0,0.0,0.0,0.0,0.0,0.0,0.0,0.0,0.0,0.0,0.0,0.0,0.0,0.00,0.00,0.00,0.00,0.00,0.00,0.00,0.00,0.00,0.00,0.00,0,0,0.0,0.0,3178,249,5.0,7.0,0,
3.7.2026,22:54:15.968,29897,16097,65.0,15814,16868,48.3,0.5,13312,69,1.302,1.306,1.306,1.300,1.300,1.300,1.300,1.300,1.306,4045.8,4042.7,4067.7,4042.7,4042.7,4042.7,4042.7,4042.7,4042.7,99.8,2081.2,3992.8,2841.5,2250.7,3598.3,2279.7,2574.2,2016.5,2153.8,1305.4,1281.9,1668.0,1890.7,1647.4,1533.7,1179.7,1085.7,2081.2,49.3,68.4,69.7,56.5,88.1,55.3,64.6,49.8,52.8,31.8,31.6,41.1,45.9,40.6,37.2,28.9,26.5,88.1,49.3,55.4,76.9,78.4,63.5,99.0,62.2,72.6,56.0,59.4,35.8,35.5,46.2,51.6,45.7,41.8,32.6,29.8,55.4,40.5,40.5,40.8,40.5,40.5,40.5,40.5,40.5,40.5,0.0,90.4,98.5,99.8,96.4,91.4,83.0,87.1,85.8,81.1,9.6,1.5,0.2,3.6,8.6,17.0,12.9,14.2,18.9,0.0,0.0,0.0,0.0,0.0,0.0,0.0,0.0,0.0,1197.8,12.00,16,16,16,39,55,661,1,80.8,81.6,81.2,74.2,77.2,80.9,76.8,74.4,71.0,72.0,71.0,70.0,65.8,66.1,65.6,57.0,53.4,1.325,1.044,1.337,18.929,12.224,18.925,81.347,46.979,5.406,6.853,7.923,6.282,5.316,3.995,4.744,4.431,3.707,25.165,12.615,37.780,47.059,1197.8,1197.8,4052.8,4052.8,4052.8,4052.8,53.5,31.5,90.4,85.9,58.0,No,No,No,1.777,2.332,7.2,50,95.0,100.0,No,No,90848,98731,34,99.0,No,No,3320,0.0,0.0,0.0,0.000,0.030,45691,35304,0.0,0.0,0.0,0.000,0.000,151,0,73.1,94.6,83.0,1.069,12.058,12.106,12.099,11.969,1883,144.692,54.255,110.225,40.387,96.952,30.077,66.632,0.336,110.225,26.935,8.351,52.424,220.000,240.000,1905.0,1750.2,1665.0,1888.0,1800.0,64.0,20.0,0.0,14.0,94.4,14.2,56.8,0.0,0.0,0.0,54,Yes,No,No,Yes,No,No,No,62.3,70.7,4,0,0,0,0,0,0,0,0,105,0,0,0,0,0,0,0,0,0,0,0,0,0,0,0,0,0,0,0,0,457,7735,7574,1745,8.0,0.0,0.0,0.0,0.0,0.0,0.0,0.0,0.0,0.0,0.0,0.0,0.0,0.00,0.00,0.00,0.00,0.00,0.00,0.00,0.00,0.00,0.00,0.00,0,0,0.0,0.0,3178,249,4.4,12.4,0,
3.7.2026,22:54:17.966,29989,16005,65.2,15889,16793,48.6,0.5,13312,69,1.319,1.337,1.319,1.325,1.319,1.312,1.312,1.312,1.312,4042.7,4042.7,4042.7,4042.7,4042.7,4042.7,4042.7,4042.7,4042.7,99.8,2414.9,4012.4,3053.4,3387.6,2755.7,2372.6,2771.8,2169.1,2495.4,1689.6,1726.5,2113.4,2154.5,2017.0,1943.4,2124.0,1851.3,2414.9,58.0,71.7,76.0,83.1,69.5,59.7,67.9,53.8,61.2,42.2,42.2,52.4,53.6,50.0,48.3,52.0,45.2,83.1,58.0,65.0,80.3,85.2,93.0,77.9,66.8,76.0,60.3,68.5,47.3,47.2,58.6,60.0,55.9,54.0,58.2,50.5,65.0,40.5,40.5,40.5,40.5,40.5,40.5,40.5,40.5,40.5,0.0,93.5,99.3,99.9,96.5,93.4,87.7,91.2,89.6,90.0,6.5,0.7,0.1,3.5,6.6,12.3,8.8,10.4,10.0,0.0,0.0,0.0,0.0,0.0,0.0,0.0,0.0,0.0,1197.8,12.00,16,16,16,39,55,661,1,81.6,82.4,83.0,76.4,78.5,81.9,78.0,75.9,73.5,75.0,73.7,75.2,66.5,66.7,66.3,56.5,54.5,1.350,1.038,1.344,21.259,12.279,21.256,84.115,50.060,6.001,7.034,8.000,6.348,5.731,4.712,5.438,5.168,5.575,28.201,12.681,40.882,50.205,1197.8,1197.8,4040.4,4040.4,4040.4,4040.4,57.1,35.4,93.5,86.8,58.7,No,No,No,2.375,2.171,7.5,49,95.0,100.0,No,No,90848,98731,34,99.0,No,No,3320,0.0,0.1,0.1,0.000,0.167,45691,35304,0.0,0.0,0.0,0.000,0.000,151,0,73.3,95.2,83.0,1.069,12.054,12.102,12.096,11.964,1883,149.170,60.717,114.695,41.400,98.462,30.425,67.802,0.336,114.695,24.996,17.772,96.585,220.000,240.000,1905.0,1750.2,1665.0,1887.7,1800.0,63.0,22.0,0.0,12.0,94.5,13.8,55.4,0.0,0.0,0.0,54,Yes,No,No,Yes,No,No,No,63.5,64.5,4,0,0,0,0,0,0,0,0,105,0,0,0,0,0,0,0,0,0,0,0,0,0,0,0,0,0,0,0,0,455,7737,7576,1745,8.0,0.0,0.0,0.0,0.0,0.0,0.0,0.0,0.0,0.0,0.0,0.0,0.0,0.00,0.00,0.00,0.00,0.00,0.00,0.00,0.00,0.00,0.00,0.00,0,0,0.0,0.0,3178,249,6.5,8.0,0,
3.7.2026,22:54:19.963,30105,15889,65.4,15986,16695,48.9,0.5,13312,69,1.305,1.294,1.312,1.294,1.294,1.306,1.312,1.312,1.312,4039.6,4042.7,4042.7,4042.7,4042.7,4017.8,4042.7,4042.7,4042.7,99.8,2443.9,3977.8,3147.0,2907.3,3558.2,2624.4,2622.5,2485.5,2324.9,1778.3,1722.8,2200.7,2171.3,2071.4,1909.7,1870.3,1729.7,2443.9,58.6,71.0,76.9,73.3,86.6,64.9,65.3,61.2,58.1,43.6,43.1,53.7,54.3,51.0,47.1,46.3,41.9,86.6,58.6,65.8,79.7,86.2,82.2,97.1,72.8,73.3,68.7,65.2,49.0,48.4,60.4,61.0,57.3,53.0,52.0,47.1,65.8,40.5,40.5,40.5,40.5,40.5,40.2,40.5,40.5,40.5,0.0,93.5,98.4,99.9,96.8,94.0,88.5,91.7,90.0,88.6,6.5,1.6,0.1,3.2,6.0,11.5,8.3,10.0,11.4,0.0,0.0,0.0,0.0,0.0,0.0,0.0,0.0,0.0,1197.8,12.00,16,16,16,39,55,661,1,81.9,82.9,81.0,76.2,78.4,81.8,77.9,76.3,73.3,74.5,73.3,73.7,66.7,66.9,66.5,58.5,54.3,1.312,1.038,1.325,20.746,12.349,20.746,84.154,49.496,5.851,6.894,7.993,6.378,5.730,4.667,5.317,4.961,4.865,27.499,12.752,40.251,49.597,1197.8,1197.8,4041.9,4041.9,4041.9,4041.9,56.4,34.6,93.5,87.3,58.6,No,No,No,2.405,2.314,7.5,50,95.0,100.0,No,No,90848,98731,34,99.0,No,No,3320,0.0,0.1,0.1,0.062,0.092,45691,35304,0.0,0.0,0.0,0.000,0.000,151,0,72.9,94.7,83.0,1.069,12.066,12.111,12.105,11.982,1887,145.443,55.411,104.874,37.228,91.258,29.044,61.994,0.336,104.874,23.482,8.417,92.605,220.000,240.000,1905.0,1750.2,1665.0,1887.7,1800.0,58.0,18.0,0.0,14.0,94.5,13.4,53.6,0.0,0.0,0.0,54,Yes,No,No,Yes,No,No,No,63.0,62.3,4,0,0,0,0,0,0,0,0,105,0,0,0,0,0,0,0,0,0,0,0,0,0,0,0,0,0,0,0,0,452,7740,7579,1746,8.0,0.0,0.0,0.0,0.0,0.0,0.0,0.0,0.0,0.0,0.0,0.0,0.0,0.00,0.00,0.00,0.00,0.00,0.00,0.00,0.00,0.00,0.00,0.00,0,0,0.0,0.0,3178,249,2.0,9.6,0,
3.7.2026,22:54:21.966,29922,16072,65.0,15836,16845,48.4,0.5,13312,69,1.306,1.312,1.300,1.306,1.306,1.306,1.306,1.306,1.306,4042.7,4042.7,4042.7,4042.7,4042.7,4042.7,4042.7,4042.7,4042.7,99.8,2086.4,3993.9,2857.6,2257.4,3456.5,2568.6,1980.5,2355.8,1776.4,1487.7,1305.3,2051.9,1596.7,1916.5,1306.3,1403.3,1067.6,2086.4,50.4,69.1,71.2,54.8,88.2,63.4,50.2,58.1,44.8,37.0,32.6,51.3,40.0,48.1,33.3,35.9,28.5,88.2,50.4,56.4,77.5,79.9,61.4,99.0,71.0,56.2,65.1,50.1,41.3,36.3,57.4,44.7,53.8,37.1,40.0,31.7,56.4,40.5,40.5,40.5,40.5,40.5,40.5,40.5,40.5,40.5,0.0,91.0,98.6,99.8,94.1,91.7,84.7,89.0,86.8,83.4,9.0,1.4,0.2,5.9,8.3,15.3,11.0,13.2,16.6,0.0,0.0,0.0,0.0,0.0,0.0,0.0,0.0,0.0,1197.8,12.00,16,16,16,39,55,661,1,82.0,82.3,80.8,75.1,78.2,81.8,76.4,75.0,72.2,73.4,72.0,71.8,66.6,66.8,66.3,58.2,53.9,1.350,1.031,1.350,19.226,12.010,19.239,81.913,47.275,5.456,7.041,7.946,5.790,5.368,4.221,4.887,4.465,3.934,25.591,12.397,37.987,47.301,1197.8,1197.8,4050.3,4050.4,4050.1,4050.4,53.8,32.1,91.0,86.6,57.9,No,No,No,2.470,1.546,7.3,49,95.0,100.0,No,No,90848,98731,34,99.0,No,No,3320,0.0,0.2,0.2,0.033,2.363,45691,35309,0.0,0.0,0.0,0.000,0.000,151,0,72.7,94.6,83.0,1.069,12.059,12.104,12.102,11.971,1887,133.415,59.050,114.081,42.691,97.954,30.825,66.923,0.336,114.081,26.448,7.942,89.219,220.000,240.000,1905.0,1750.2,1665.0,1888.1,1800.0,52.0,19.0,0.0,8.0,94.5,11.8,47.4,0.0,0.0,0.0,54,Yes,No,No,Yes,No,No,No,63.9,68.4,4,0,0,0,0,0,0,0,0,105,0,0,0,0,0,0,0,0,0,0,0,0,0,0,0,0,0,0,0,0,453,7739,7578,1748,8.0,0.0,0.0,0.0,0.0,0.0,0.0,0.0,0.0,0.0,0.0,0.0,0.0,0.00,0.00,0.00,0.00,0.00,0.00,0.00,0.00,0.00,0.00,0.00,0,0,0.0,0.0,3178,249,8.3,3.5,0,
3.7.2026,22:54:23.976,29913,16080,65.0,15823,16859,48.4,0.5,13312,69,1.307,1.312,1.306,1.306,1.306,1.306,1.306,1.306,1.306,4061.4,4042.7,4042.7,4067.7,4067.7,4067.7,4067.7,4067.7,4067.7,99.8,1827.7,3963.3,2240.4,2049.1,3454.6,2243.9,1756.9,2122.5,1482.4,1260.7,937.4,1729.0,1323.7,1680.5,1063.7,1110.7,824.8,1827.7,43.3,73.0,55.7,52.2,82.4,55.8,43.2,52.7,36.0,30.8,22.6,42.3,32.6,41.5,25.6,26.9,20.2,82.4,43.3,48.9,82.1,62.8,58.8,92.7,62.9,48.8,59.4,40.7,34.9,25.7,47.7,36.9,46.8,29.1,30.5,23.0,48.9,40.7,40.5,40.5,40.8,40.8,40.8,40.8,40.8,40.8,0.0,88.2,97.8,99.6,90.8,88.8,80.6,84.9,83.7,79.6,11.8,2.2,0.4,9.2,11.2,19.4,15.1,16.3,20.4,0.0,0.0,0.0,0.0,0.0,0.0,0.0,0.0,0.0,1197.8,12.00,16,16,16,39,55,661,1,81.4,80.8,78.0,73.0,75.9,79.7,74.1,73.1,70.2,71.2,70.4,69.5,65.7,66.0,65.4,56.2,54.0,1.331,1.025,1.337,17.006,12.156,17.001,79.400,44.311,4.963,6.455,7.583,5.219,4.835,3.690,4.346,4.106,3.469,22.618,12.531,35.149,44.427,1197.8,1197.8,4054.1,4054.1,4054.1,4054.1,50.5,28.3,88.2,85.0,56.7,No,No,No,1.884,2.275,7.1,49,95.0,100.0,No,No,90848,98731,34,99.0,No,No,3320,0.0,0.3,0.4,0.100,3.953,45692,35317,0.0,0.0,0.0,0.000,0.000,151,0,73.8,95.8,83.0,1.069,12.049,12.101,12.093,11.952,1887,139.988,68.481,124.859,45.390,109.034,31.064,77.691,0.336,124.859,29.335,36.560,105.682,220.000,240.000,1905.0,1750.2,1665.0,1888.3,1800.0,68.0,23.0,0.0,13.0,94.5,12.6,50.6,0.0,0.0,0.0,54,Yes,No,No,Yes,No,No,No,70.1,68.4,4,0,0,0,0,0,0,0,0,105,0,0,0,0,0,0,0,0,0,0,0,0,0,0,0,0,0,0,0,0,448,7744,7582,1748,8.0,0.0,0.0,0.0,0.0,0.0,0.0,0.0,0.0,0.0,0.0,0.0,0.0,0.00,0.00,0.00,0.00,0.00,0.00,0.00,0.00,0.00,0.00,0.00,0,0,0.0,0.0,3178,249,10.8,4.1,0,
3.7.2026,22:54:25.977,29913,16080,65.0,15823,16859,48.4,0.5,13312,69,1.307,1.312,1.306,1.306,1.306,1.306,1.306,1.306,1.306,4061.4,4042.7,4042.7,4067.7,4067.7,4067.7,4067.7,4067.7,4067.7,99.8,1827.7,3963.3,2240.4,2049.1,3454.6,2243.9,1756.9,2122.5,1482.4,1260.7,937.4,1729.0,1323.7,1680.5,1063.7,1110.7,824.8,1827.7,43.3,73.0,55.7,52.2,82.4,55.8,43.2,52.7,36.0,30.8,22.6,42.3,32.6,41.5,25.6,26.9,20.2,82.4,43.3,48.9,82.1,62.8,58.8,92.7,62.9,48.8,59.4,40.7,34.9,25.7,47.7,36.9,46.8,29.1,30.5,23.0,48.9,40.7,40.5,40.5,40.8,40.8,40.8,40.8,40.8,40.8,0.0,88.2,97.8,99.6,90.8,88.8,80.6,84.9,83.7,79.6,11.8,2.2,0.4,9.2,11.2,19.4,15.1,16.3,20.4,0.0,0.0,0.0,0.0,0.0,0.0,0.0,0.0,0.0,1197.8,12.00,16,16,16,39,55,661,1,81.4,80.8,78.0,73.0,75.9,79.7,74.1,73.1,70.2,71.2,70.4,69.5,65.7,66.0,65.4,56.2,54.0,1.331,1.025,1.337,17.006,12.156,17.001,79.400,44.311,4.963,6.455,7.583,5.219,4.835,3.690,4.346,4.106,3.469,22.618,12.531,35.149,44.427,1197.8,1197.8,4054.1,4054.1,4054.1,4054.1,50.5,28.3,88.2,85.0,56.7,No,No,No,1.884,2.275,7.1,50,95.0,100.0,No,No,90848,98731,34,99.0,No,No,3320,0.0,0.3,0.4,0.100,3.953,45692,35317,0.0,0.0,0.0,0.000,0.000,151,0,72.6,94.3,83.0,1.069,12.076,12.123,12.114,11.990,1880,152.376,60.900,101.576,35.788,90.223,28.596,61.399,0.336,101.576,24.308,51.337,113.860,220.000,240.000,1905.0,1750.2,1665.0,1887.8,1800.0,58.0,19.0,0.0,13.0,94.5,14.5,58.1,0.0,0.0,0.0,54,Yes,No,No,Yes,No,No,No,57.2,68.3,4,0,0,0,0,0,0,0,0,105,0,0,0,0,0,0,0,0,0,0,0,0,0,0,0,0,0,0,0,0,449,7743,7581,1748,8.0,0.0,0.0,0.0,0.0,0.0,0.0,0.0,0.0,0.0,0.0,0.0,0.0,0.00,0.00,0.00,0.00,0.00,0.00,0.00,0.00,0.00,0.00,0.00,0,0,0.0,0.0,3178,249,10.8,4.1,0,
3.7.2026,22:54:27.981,29920,16073,65.0,15833,16848,48.4,0.5,13312,69,1.310,1.306,1.306,1.306,1.312,1.312,1.312,1.312,1.312,4058.3,4042.7,4042.7,4042.7,4067.7,4067.7,4067.7,4067.7,4067.7,99.8,1953.7,3955.3,3338.0,1721.2,3645.5,2111.9,2011.2,1954.9,1759.5,1310.7,1094.3,1770.4,1510.5,1646.8,1281.1,1140.0,1008.3,1953.7,45.6,53.3,82.4,42.7,92.6,53.3,48.7,48.8,43.0,31.5,27.4,44.1,36.2,41.2,31.1,29.3,23.6,92.6,45.6,51.1,59.8,92.6,47.9,104.0,59.8,54.7,54.8,48.3,35.4,30.6,49.5,40.6,46.2,34.9,32.8,26.5,51.1,40.7,40.5,40.5,40.5,40.8,40.8,40.8,40.8,40.8,0.0,87.9,97.6,99.3,90.4,88.1,80.9,84.7,83.3,78.8,12.1,2.4,0.7,9.6,11.9,19.1,15.3,16.7,21.2,0.0,0.0,0.0,0.0,0.0,0.0,0.0,0.0,0.0,1197.8,12.00,16,16,16,39,55,661,1,80.5,80.0,75.5,73.2,76.0,79.3,74.1,73.6,70.6,71.6,70.5,69.6,65.6,65.8,65.3,58.0,53.5,1.306,1.038,1.306,17.719,12.240,17.718,79.109,45.363,5.121,6.624,8.135,5.216,4.931,3.841,4.468,4.206,3.545,23.561,12.622,36.182,45.487,1197.8,1197.8,4053.3,4053.5,4053.2,4053.5,51.7,29.5,87.9,84.3,57.1,No,No,No,1.934,2.627,7.0,50,95.0,100.0,No,No,90848,98731,34,99.0,No,No,3320,0.3,0.1,0.4,1.677,0.158,45694,35322,0.0,0.0,0.0,0.000,0.000,151,0,72.9,94.6,83.0,1.069,12.062,12.110,12.104,11.972,1887,142.599,61.485,114.822,42.132,98.877,30.253,68.392,0.336,114.822,26.026,17.317,101.869,220.000,240.000,1905.0,1750.2,1665.0,1888.0,1800.0,63.0,20.0,0.0,14.0,94.5,13.6,54.3,0.0,0.0,0.0,54,Yes,No,No,Yes,No,No,No,64.0,68.1,4,0,0,0,0,0,0,0,0,105,0,0,0,0,0,0,0,0,0,0,0,0,0,0,0,0,0,0,0,0,450,7742,7581,1748,8.0,0.0,0.0,0.0,0.0,0.0,0.0,0.0,0.0,0.0,0.0,0.0,0.0,0.00,0.00,0.00,0.00,0.00,0.00,0.00,0.00,0.00,0.00,0.00,0,0,0.0,0.0,3178,249,16.1,13.5,0,
3.7.2026,22:54:29.977,29909,16084,65.0,15868,16814,48.5,0.5,13312,69,1.294,1.306,1.306,1.312,1.288,1.288,1.288,1.281,1.281,4027.1,4042.7,4042.7,4042.7,4017.8,4017.8,4017.8,4017.8,4017.8,99.8,1836.7,3928.2,2234.3,2131.6,3209.0,2266.9,1813.6,2087.7,1527.7,1188.5,1098.6,1682.6,1488.7,1541.1,1266.8,1001.6,920.2,1836.7,43.5,73.9,55.3,52.2,79.5,55.7,44.2,51.1,37.6,29.0,26.1,41.2,36.4,37.7,30.8,24.1,21.6,79.5,43.5,49.0,83.0,62.1,59.1,89.4,62.6,49.7,57.5,42.2,32.6,29.9,46.3,40.9,42.3,34.6,27.1,24.9,49.0,40.3,40.5,40.5,40.5,40.2,40.2,40.2,40.2,40.2,0.0,86.3,96.9,98.8,89.3,86.6,78.6,83.1,81.4,76.0,13.7,3.1,1.2,10.7,13.4,21.4,16.9,18.6,24.0,0.0,0.0,0.0,0.0,0.0,0.0,0.0,0.0,0.0,1197.8,12.00,16,16,16,39,55,661,1,80.1,79.6,75.5,72.7,75.5,78.9,73.6,73.0,70.2,71.0,70.1,69.1,65.4,65.6,65.1,55.8,53.4,1.300,1.031,1.306,17.121,12.290,17.117,77.699,44.680,4.983,6.499,7.919,5.099,4.801,3.734,4.345,4.069,3.401,22.763,12.672,35.436,44.759,1197.8,1197.8,4054.5,4054.6,4054.3,4054.6,50.9,28.5,86.3,83.8,57.0,No,No,No,1.813,3.247,6.9,50,95.0,100.0,No,No,90848,98731,34,99.0,No,No,3320,0.1,0.0,0.1,0.540,0.014,45695,35322,0.0,0.0,0.0,0.000,0.000,151,0,72.7,94.1,83.0,1.069,12.061,12.110,12.103,11.970,1883,138.322,60.086,114.912,41.937,99.446,30.247,68.951,0.336,114.912,26.309,9.064,94.747,220.000,240.000,1905.0,1750.2,1665.0,1888.1,1800.0,58.0,19.0,0.0,13.0,94.4,12.9,51.6,0.0,0.0,0.0,54,Yes,No,No,Yes,No,No,No,64.2,65.1,4,0,0,0,0,0,0,0,0,105,0,0,0,0,0,0,0,0,0,0,0,0,0,0,0,0,0,0,0,0,456,7736,7575,1748,8.0,0.0,0.0,0.0,0.0,0.0,0.0,0.0,0.0,0.0,0.0,0.0,0.0,0.00,0.00,0.00,0.00,0.00,0.00,0.00,0.00,0.00,0.00,0.00,0,0,0.0,0.0,3178,249,6.5,3.5,0,
3.7.2026,22:54:31.978,29907,16087,65.0,15830,16852,48.4,0.5,13312,69,1.325,1.319,1.312,1.325,1.325,1.325,1.331,1.331,1.331,4058.3,4067.7,4067.7,4067.7,4067.7,4067.7,4042.7,4042.7,4042.7,99.8,1867.7,3941.8,2000.5,1983.4,3417.7,2318.1,1838.8,1999.2,1669.9,1246.6,1166.1,1739.3,1508.6,1676.6,1281.2,1045.7,1050.5,1867.7,44.9,79.1,49.2,49.4,84.1,57.5,45.3,49.5,40.9,30.2,29.0,42.9,36.8,41.2,31.1,25.4,26.0,84.1,44.9,50.4,88.9,55.4,55.2,94.6,64.7,51.0,55.7,46.1,34.1,32.1,48.4,41.6,46.5,35.1,28.7,28.8,50.4,40.7,40.8,40.8,40.8,40.8,40.8,40.5,40.5,40.5,0.0,87.5,97.2,98.9,90.0,87.8,80.4,84.4,83.2,78.1,12.5,2.8,1.1,10.0,12.2,19.6,15.6,16.8,21.9,0.0,0.0,0.0,0.0,0.0,0.0,0.0,0.0,0.0,1197.8,12.00,16,16,16,39,55,661,1,80.0,79.8,77.0,72.8,75.5,78.8,74.0,73.3,70.4,71.2,70.3,69.3,65.4,65.6,65.1,57.2,54.0,1.331,1.025,1.337,17.390,12.274,17.395,78.749,44.994,5.034,6.447,7.840,5.260,4.833,3.842,4.384,4.180,3.485,23.122,12.656,35.778,45.095,1197.8,1197.8,4054.3,4054.4,4054.2,4054.4,51.2,29.0,87.5,84.0,57.2,No,No,No,1.861,2.840,7.0,50,95.0,100.0,No,No,90848,98731,34,99.0,No,No,3320,0.0,0.1,0.1,0.000,0.085,45695,35322,0.0,0.0,0.0,0.000,0.000,151,0,72.4,93.8,83.0,1.069,12.064,12.111,12.105,11.976,1883,134.866,58.402,111.180,41.007,96.500,29.546,66.715,0.336,111.180,26.155,7.844,93.563,220.000,240.000,1905.0,1750.2,1665.0,1888.2,1800.0,64.0,18.0,0.0,19.0,94.4,14.0,56.1,0.0,0.0,0.0,54,Yes,No,No,Yes,No,No,No,62.4,62.4,4,0,0,0,0,0,0,0,0,105,0,0,0,0,0,0,0,0,0,0,0,0,0,0,0,0,0,0,0,0,456,7736,7575,1748,8.0,0.0,0.0,0.0,0.0,0.0,0.0,0.0,0.0,0.0,0.0,0.0,0.0,0.00,0.00,0.00,0.00,0.00,0.00,0.00,0.00,0.00,0.00,0.00,0,0,0.0,0.0,3178,249,14.3,3.2,0,
3.7.2026,22:54:33.980,29917,16077,65.0,15985,16697,48.9,0.5,13312,69,1.290,1.288,1.306,1.288,1.288,1.288,1.288,1.288,1.288,4020.9,4017.8,4042.7,4017.8,4017.8,4017.8,4017.8,4017.8,4017.8,99.8,1905.4,3918.1,2168.8,2117.8,3331.5,2410.5,1833.8,2107.6,1660.2,1316.6,1147.4,1869.5,1502.3,1532.5,1299.1,1228.9,1041.5,1905.4,45.4,75.6,53.1,52.0,83.5,59.1,45.1,51.7,40.4,32.0,27.8,45.5,36.7,37.2,31.6,29.6,25.0,83.5,45.4,51.0,84.9,59.7,58.5,93.7,66.4,50.6,58.1,45.4,35.9,31.2,51.1,41.2,41.8,35.5,33.2,28.0,51.0,40.3,40.2,40.5,40.2,40.2,40.2,40.2,40.2,40.2,0.0,87.6,96.7,99.2,90.8,87.6,80.4,84.5,82.0,79.4,12.4,3.3,0.8,9.2,12.4,19.6,15.5,18.0,20.6,0.0,0.0,0.0,0.0,0.0,0.0,0.0,0.0,0.0,1197.8,12.00,16,16,16,39,55,661,1,79.8,79.3,76.8,73.1,75.6,78.5,74.4,73.4,70.6,71.8,70.2,70.5,65.4,65.7,65.2,57.8,53.6,1.300,1.038,1.312,17.593,12.301,17.596,78.819,45.340,5.121,6.379,7.724,5.393,4.948,3.912,4.608,4.090,3.916,23.395,12.683,36.078,45.408,1197.8,1197.8,4051.6,4051.6,4051.6,4051.6,51.6,29.3,87.6,83.4,57.1,No,No,No,1.801,3.153,7.0,50,95.0,100.0,No,No,90848,98731,34,99.0,No,No,3320,0.0,0.1,0.1,0.025,0.167,45695,35323,0.0,0.0,0.0,0.000,0.000,151,0,72.2,93.5,83.0,1.069,12.066,12.112,12.106,11.979,1883,135.085,57.554,110.498,40.332,95.833,29.313,66.306,0.336,110.498,25.546,7.840,89.035,220.000,240.000,1905.0,1750.2,1665.0,1888.3,1800.0,63.0,16.0,0.0,21.0,94.4,12.7,50.9,0.0,0.0,0.0,54,Yes,No,No,Yes,No,No,No,61.8,59.3,4,0,0,0,0,0,0,0,0,105,0,0,0,0,0,0,0,0,0,0,0,0,0,0,0,0,0,0,0,0,456,7736,7575,1748,8.0,0.0,0.0,0.0,0.0,0.0,0.0,0.0,0.0,0.0,0.0,0.0,0.0,0.00,0.00,0.00,0.00,0.00,0.00,0.00,0.00,0.00,0.00,0.00,0,0,0.0,0.0,3178,249,7.8,12.9,0,
3.7.2026,22:54:35.974,29911,16083,65.0,16016,16665,49.0,0.5,13312,69,1.295,1.306,1.300,1.306,1.294,1.294,1.294,1.281,1.281,4020.9,4042.7,4017.8,4017.8,4017.8,4017.8,4017.8,4017.8,4017.8,99.8,1978.8,3937.0,3012.6,2000.1,3501.2,2073.0,2291.5,2053.2,1828.8,1238.2,1230.1,1734.5,1627.9,1610.5,1392.8,1079.2,1050.7,1978.8,46.0,58.5,74.5,49.6,86.4,50.8,56.1,50.2,44.6,29.9,29.7,42.4,39.7,39.1,33.7,25.9,25.1,86.4,46.0,51.9,65.9,83.8,55.9,97.2,57.3,63.2,56.6,50.4,33.9,33.6,47.8,44.9,44.2,38.2,29.4,28.5,51.9,40.3,40.5,40.2,40.2,40.2,40.2,40.2,40.2,40.2,0.0,88.2,97.1,99.4,91.7,88.8,80.9,85.1,83.8,79.0,11.8,2.9,0.6,8.3,11.2,19.1,14.9,16.2,21.0,0.0,0.0,0.0,0.0,0.0,0.0,0.0,0.0,0.0,1197.8,12.00,16,16,16,39,55,661,1,79.6,79.3,77.2,73.0,76.0,78.3,74.6,73.5,70.4,71.3,70.5,69.4,65.5,65.8,65.2,57.8,53.7,1.312,1.031,1.312,17.902,12.243,17.889,79.402,45.590,5.123,6.615,7.773,5.518,4.968,3.820,4.493,4.235,3.560,23.800,12.627,36.427,45.700,1197.8,1197.8,4054.1,4054.1,4054.1,4054.1,51.9,29.8,88.2,83.5,57.9,No,No,No,1.903,2.425,7.1,50,95.0,100.0,No,No,90848,98731,34,99.0,No,No,3320,0.0,0.1,0.1,0.000,0.174,45695,35323,0.0,0.0,0.0,0.000,0.000,151,0,72.7,94.7,83.0,1.069,12.059,12.109,12.102,11.967,1880,134.884,66.968,115.092,42.368,100.978,30.659,70.078,0.336,115.092,28.101,68.280,98.697,220.000,240.000,1905.0,1750.2,1665.0,1888.2,1800.0,60.0,20.0,0.0,12.0,94.4,12.5,50.0,0.0,0.0,0.0,54,Yes,No,No,Yes,No,No,No,65.1,49.5,4,0,0,0,0,0,0,0,0,105,0,0,0,0,0,0,0,0,0,0,0,0,0,0,0,0,0,0,0,0,455,7737,7575,1748,8.0,0.0,0.0,0.0,0.0,0.0,0.0,0.0,0.0,0.0,0.0,0.0,0.0,0.00,0.00,0.00,0.00,0.00,0.00,0.00,0.00,0.00,0.00,0.00,0,0,0.0,0.0,3178,249,6.8,14.4,0,
3.7.2026,22:54:37.977,29919,16075,65.0,16023,16659,49.0,0.5,13312,69,1.318,1.331,1.306,1.325,1.325,1.312,1.312,1.306,1.325,4052.1,4042.7,4042.7,4067.7,4067.7,4042.7,4042.7,4067.7,4042.7,99.8,1943.2,3944.9,3282.5,1972.2,3428.1,1871.9,2312.9,1834.9,1925.6,1160.5,1236.5,1547.3,1720.3,1389.3,1469.0,920.4,1075.4,1943.2,45.0,51.5,81.3,49.2,83.1,46.4,57.2,45.6,47.4,28.9,30.6,37.8,42.2,34.1,36.2,22.8,26.4,83.1,45.0,50.3,57.7,91.2,55.0,93.4,51.8,64.0,50.9,53.0,32.1,34.0,42.2,47.2,38.0,40.4,25.2,29.2,50.3,40.6,40.5,40.5,40.8,40.8,40.5,40.5,40.8,40.5,0.0,87.1,97.3,99.0,90.3,87.6,79.8,83.7,81.8,77.3,12.9,2.7,1.0,9.7,12.4,20.2,16.3,18.2,22.7,0.0,0.0,0.0,0.0,0.0,0.0,0.0,0.0,0.0,1197.8,12.00,16,16,16,39,55,661,1,79.8,79.8,78.8,72.9,76.3,78.5,74.3,73.3,70.3,71.1,70.2,69.1,65.4,65.7,65.2,57.5,53.3,1.306,1.038,1.312,17.402,12.278,17.408,78.371,45.048,5.106,6.822,7.972,5.370,4.890,3.795,4.443,4.111,3.441,23.160,12.660,35.820,45.152,1197.8,1197.8,4054.9,4055.5,4054.3,4055.5,51.3,29.0,87.1,84.0,56.5,No,No,No,1.806,3.092,7.0,50,95.0,100.0,No,No,90848,98731,34,99.0,No,No,3320,0.0,0.1,0.2,0.029,0.286,45695,35324,0.0,0.0,0.0,0.000,0.000,151,0,72.9,94.3,83.0,1.069,12.059,12.106,12.102,11.971,1880,144.513,60.977,117.358,43.291,100.359,30.238,69.896,0.336,117.358,26.134,7.868,96.936,220.000,240.000,1905.0,1750.2,1665.0,1887.9,1800.0,70.0,20.0,0.0,22.0,94.4,13.3,53.1,0.0,0.0,0.0,54,Yes,No,No,Yes,No,No,No,65.2,64.8,4,0,0,0,0,0,0,0,0,105,0,0,0,0,0,0,0,0,0,0,0,0,0,0,0,0,0,0,0,0,455,7737,7576,1748,8.0,0.0,0.0,0.0,0.0,0.0,0.0,0.0,0.0,0.0,0.0,0.0,0.0,0.00,0.00,0.00,0.00,0.00,0.00,0.00,0.00,0.00,0.00,0.00,0,0,0.0,0.0,3178,249,4.1,7.3,0,
3.7.2026,22:54:39.976,29922,16072,65.0,16028,16653,49.0,0.5,13312,69,1.313,1.319,1.312,1.312,1.312,1.312,1.312,1.312,1.312,4042.7,4042.7,4042.7,4042.7,4042.7,4042.7,4042.7,4042.7,4042.7,99.8,1813.7,3948.9,2163.3,1792.1,3547.5,2073.0,2007.9,1771.3,1815.9,1016.7,1182.1,1508.5,1580.5,1307.8,1427.2,813.3,1063.7,1813.7,43.3,73.8,53.5,44.6,88.6,50.5,50.6,43.5,45.1,24.5,28.9,37.8,39.4,32.1,34.6,20.0,26.0,88.6,43.3,48.7,82.9,60.0,49.9,99.6,56.7,56.8,48.8,50.6,28.1,32.4,42.4,44.2,35.9,39.4,22.3,29.2,48.7,40.5,40.5,40.5,40.5,40.5,40.5,40.5,40.5,40.5,0.0,87.1,97.4,99.3,90.4,87.6,79.0,84.1,81.7,77.0,12.9,2.6,0.7,9.6,12.4,21.0,15.9,18.3,23.0,0.0,0.0,0.0,0.0,0.0,0.0,0.0,0.0,0.0,1197.8,12.00,16,16,16,39,55,661,1,79.8,80.0,76.0,72.7,75.7,78.9,74.1,73.2,70.1,71.0,69.9,69.0,65.4,65.7,65.1,57.5,53.4,1.294,1.038,1.306,17.157,12.142,17.161,78.347,44.572,5.052,6.643,8.172,5.303,4.823,3.678,4.360,4.067,3.371,22.836,12.518,35.354,44.643,1197.8,1197.8,4056.2,4056.2,4056.2,4056.2,50.7,28.6,87.1,84.2,56.3,No,No,No,1.823,2.442,7.0,49,95.0,100.0,No,No,90848,98731,34,99.0,No,No,3320,0.0,0.1,0.2,0.052,0.231,45695,35324,0.0,0.0,0.0,0.000,0.000,151,0,73.0,94.6,83.0,1.069,12.064,12.114,12.106,11.973,1883,141.971,60.064,116.466,42.132,100.107,30.495,69.368,0.336,116.466,25.606,7.947,91.716,220.000,240.000,1905.0,1750.2,1665.0,1887.9,1800.0,61.0,20.0,0.0,13.0,94.4,13.2,52.9,0.0,0.0,0.0,54,Yes,No,No,Yes,No,No,No,64.6,65.7,4,0,0,0,0,0,0,0,0,105,0,0,0,0,0,0,0,0,0,0,0,0,0,0,0,0,0,0,0,0,455,7737,7576,1749,8.0,0.0,0.0,0.0,0.0,0.0,0.0,0.0,0.0,0.0,0.0,0.0,0.0,0.00,0.00,0.00,0.00,0.00,0.00,0.00,0.00,0.00,0.00,0.00,0,0,0.0,0.0,3178,249,3.3,8.4,0,
3.7.2026,22:54:41.995,29921,16072,65.0,16020,16661,49.0,0.5,13312,69,1.293,1.312,1.325,1.306,1.275,1.281,1.281,1.281,1.281,4033.4,4067.7,4067.7,4042.7,4017.8,4017.8,4017.8,4017.8,4017.8,99.8,1889.6,3965.2,2078.7,1868.0,3659.0,2078.9,2016.5,1832.9,1871.1,1083.1,1382.5,1507.1,1754.4,1404.6,1547.5,943.8,1241.0,1889.6,45.4,80.9,50.9,46.0,90.2,51.0,49.7,45.2,45.9,27.3,33.6,36.7,43.2,34.4,38.6,23.1,30.0,90.2,45.4,51.3,91.0,57.6,52.1,101.5,57.6,56.2,51.1,51.9,30.4,38.1,41.6,48.8,39.0,43.2,26.3,34.1,51.3,40.4,40.8,40.8,40.5,40.2,40.2,40.2,40.2,40.2,0.0,86.9,97.8,99.7,88.9,87.1,79.1,83.2,82.0,77.1,13.1,2.2,0.3,11.1,12.9,20.9,16.8,18.0,22.9,0.0,0.0,0.0,0.0,0.0,0.0,0.0,0.0,0.0,1197.8,12.00,16,16,16,39,55,661,1,80.0,80.1,79.0,72.9,75.5,79.4,73.6,73.4,70.4,71.1,70.4,69.5,65.4,65.7,65.2,57.5,53.3,1.350,1.038,1.356,17.479,12.177,17.482,78.168,45.004,5.110,6.591,8.362,5.127,4.838,3.838,4.384,4.198,3.545,23.255,12.556,35.810,45.097,1197.8,1197.8,4055.2,4055.2,4055.2,4055.2,51.2,29.1,86.9,84.3,56.6,No,No,No,1.856,2.403,6.9,50,95.0,100.0,No,No,90848,98731,34,99.0,No,No,3320,0.0,0.0,0.0,0.000,0.037,45695,35324,0.0,0.0,0.0,0.000,0.000,151,0,72.7,94.2,83.0,1.069,12.060,12.107,12.102,11.971,1880,141.376,59.121,114.277,41.879,98.086,30.310,67.550,0.336,114.277,25.550,8.085,90.857,220.000,240.000,1905.0,1750.2,1665.0,1887.9,1800.0,59.0,19.0,0.0,13.0,94.5,13.3,53.0,0.0,0.0,0.0,54,Yes,No,No,Yes,No,No,No,63.6,65.3,4,0,0,0,0,0,0,0,0,105,0,0,0,0,0,0,0,0,0,0,0,0,0,0,0,0,0,0,0,0,452,7740,7579,1749,8.0,0.0,0.0,0.0,0.0,0.0,0.0,0.0,0.0,0.0,0.0,0.0,0.0,0.00,0.00,0.00,0.00,0.00,0.00,0.00,0.00,0.00,0.00,0.00,0,0,0.0,0.0,3178,249,7.7,8.1,0,
3.7.2026,22:54:43.998,29921,16072,65.0,16020,16661,49.0,0.5,13312,69,1.293,1.312,1.325,1.306,1.275,1.281,1.281,1.281,1.281,4033.4,4067.7,4067.7,4042.7,4017.8,4017.8,4017.8,4017.8,4017.8,99.8,1889.6,3965.2,2078.7,1868.0,3659.0,2078.9,2016.5,1832.9,1871.1,1083.1,1382.5,1507.1,1754.4,1404.6,1547.5,943.8,1241.0,1889.6,45.4,80.9,50.9,46.0,90.2,51.0,49.7,45.2,45.9,27.3,33.6,36.7,43.2,34.4,38.6,23.1,30.0,90.2,45.4,51.3,91.0,57.6,52.1,101.5,57.6,56.2,51.1,51.9,30.4,38.1,41.6,48.8,39.0,43.2,26.3,34.1,51.3,40.4,40.8,40.8,40.5,40.2,40.2,40.2,40.2,40.2,0.0,86.9,97.8,99.7,88.9,87.1,79.1,83.2,82.0,77.1,13.1,2.2,0.3,11.1,12.9,20.9,16.8,18.0,22.9,0.0,0.0,0.0,0.0,0.0,0.0,0.0,0.0,0.0,1197.8,12.00,16,16,16,39,55,661,1,80.0,80.1,79.0,72.9,75.5,79.4,73.6,73.4,70.4,71.1,70.4,69.5,65.4,65.7,65.2,57.5,53.3,1.350,1.038,1.356,17.479,12.177,17.482,78.168,45.004,5.110,6.591,8.362,5.127,4.838,3.838,4.384,4.198,3.545,23.255,12.556,35.810,45.097,1197.8,1197.8,4055.2,4055.2,4055.2,4055.2,51.2,29.1,86.9,84.3,56.6,No,No,No,1.856,2.403,6.9,50,95.0,100.0,No,No,90848,98731,34,99.0,No,No,3320,0.0,0.0,0.0,0.000,0.037,45695,35324,0.0,0.0,0.0,0.000,0.000,151,0,72.7,94.4,83.0,1.069,12.060,12.109,12.103,11.970,1880,140.456,60.458,117.494,43.252,100.960,30.762,69.986,0.336,117.494,26.587,8.211,89.497,220.000,240.000,1905.0,1750.2,1665.0,1888.0,1800.0,63.0,21.0,0.0,14.0,94.5,13.4,53.4,0.0,0.0,0.0,54,Yes,No,No,Yes,No,No,No,65.5,68.0,4,0,0,0,0,0,0,0,0,105,0,0,0,0,0,0,0,0,0,0,0,0,0,0,0,0,0,0,0,0,450,7742,7581,1749,8.0,0.0,0.0,0.0,0.0,0.0,0.0,0.0,0.0,0.0,0.0,0.0,0.0,0.00,0.00,0.00,0.00,0.00,0.00,0.00,0.00,0.00,0.00,0.00,0,0,0.0,0.0,3178,249,7.7,8.1,0,
3.7.2026,22:54:45.998,29919,16074,65.0,15833,16849,48.4,0.5,13312,69,1.323,1.319,1.319,1.331,1.331,1.331,1.319,1.319,1.319,4055.2,4067.7,4042.7,4067.7,4067.7,4067.7,4042.7,4042.7,4042.7,99.8,1868.4,3951.4,3393.2,1827.0,3678.2,1708.8,2260.2,1518.5,1962.7,909.2,1238.8,1326.1,1655.9,1197.8,1473.1,710.1,1083.0,1868.4,42.8,48.0,83.9,57.4,78.3,42.6,53.9,36.5,48.4,22.8,30.6,32.6,41.2,28.7,35.9,16.9,26.7,83.9,42.8,48.0,53.9,94.3,64.5,88.0,47.8,60.6,41.0,54.4,25.6,34.3,36.5,46.2,32.2,40.3,18.9,29.9,48.0,40.6,40.8,40.5,40.8,40.8,40.8,40.5,40.5,40.5,0.0,85.9,97.4,99.7,88.3,85.8,77.8,82.0,80.4,75.7,14.1,2.6,0.3,11.7,14.2,22.2,18.0,19.6,24.3,0.0,0.0,0.0,0.0,0.0,0.0,0.0,0.0,0.0,1197.8,12.00,16,16,16,39,55,661,1,80.0,80.2,78.5,72.3,75.0,79.7,73.1,72.3,69.5,70.5,69.4,68.5,65.0,65.3,64.7,57.0,53.2,1.319,1.025,1.312,16.689,12.145,16.686,77.283,43.896,4.867,6.440,7.604,5.086,4.698,3.608,4.226,3.964,3.313,22.212,12.517,34.729,44.008,1197.8,1197.8,4057.6,4057.8,4057.4,4057.8,50.0,27.8,85.9,84.4,56.8,No,No,No,1.884,2.469,6.9,50,95.0,100.0,No,No,90848,98731,34,99.0,No,No,3320,0.0,0.0,0.0,0.000,0.022,45695,35324,0.0,0.0,0.0,0.000,0.000,151,0,73.0,95.0,83.0,1.069,12.053,12.104,12.097,11.958,1876,148.239,67.379,122.701,44.942,106.189,31.796,74.175,0.336,122.701,28.290,45.593,97.072,220.000,240.000,1905.0,1750.2,1665.0,1887.9,1800.0,69.0,23.0,0.0,14.0,94.5,14.5,57.9,0.0,0.0,0.0,54,Yes,No,No,Yes,No,No,No,68.6,66.5,4,0,0,0,0,0,0,0,0,105,0,0,0,0,0,0,0,0,0,0,0,0,0,0,0,0,0,0,0,0,452,7740,7579,1748,8.0,0.0,0.0,0.0,0.0,0.0,0.0,0.0,0.0,0.0,0.0,0.0,0.0,0.00,0.00,0.00,0.00,0.00,0.00,0.00,0.00,0.00,0.00,0.00,0,0,0.0,0.0,3178,249,6.5,2.6,0,
3.7.2026,22:54:48.009,29844,16150,64.8,15763,16919,48.2,0.5,13312,69,1.302,1.281,1.300,1.300,1.300,1.300,1.300,1.319,1.319,4020.9,3992.8,4017.8,4017.8,4017.8,4017.8,4017.8,4042.7,4042.7,99.8,2039.6,3969.0,3419.9,1886.2,3498.2,1845.6,2467.7,1679.2,2269.2,1085.2,1495.5,1477.5,1961.2,1355.2,1724.3,1191.9,1307.4,2039.6,47.3,52.0,84.7,45.1,88.9,45.4,60.9,40.9,56.0,26.7,36.9,36.5,48.2,33.0,42.6,27.9,31.6,88.9,47.3,53.0,58.3,95.1,50.5,99.8,50.8,68.2,45.8,62.8,29.7,41.3,40.8,53.9,36.9,47.7,31.1,35.3,53.0,40.3,40.0,40.2,40.2,40.2,40.2,40.2,40.5,40.5,0.0,89.0,97.9,99.1,91.9,89.8,81.7,85.9,84.3,81.5,11.0,2.1,0.9,8.1,10.2,18.3,14.1,15.7,18.5,0.0,0.0,0.0,0.0,0.0,0.0,0.0,0.0,0.0,1197.8,12.00,16,16,16,39,55,661,1,80.0,80.4,82.2,73.1,76.6,78.6,74.1,73.0,70.6,71.5,70.5,70.2,65.3,65.6,65.1,56.2,53.4,1.344,1.038,1.344,17.904,12.284,17.898,80.130,45.695,5.168,6.726,7.228,5.401,5.021,3.958,4.590,4.333,4.091,23.806,12.667,36.473,45.775,1197.8,1197.8,4052.3,4052.3,4052.3,4052.3,52.0,29.8,89.0,84.6,57.7,No,No,No,1.946,2.650,7.1,50,95.0,100.0,No,No,90848,98731,34,99.0,No,No,3320,0.0,0.0,0.0,0.000,0.042,45695,35324,0.0,0.0,0.0,0.000,0.000,151,0,73.0,94.8,83.0,1.069,12.058,12.105,12.101,11.967,1880,144.376,63.891,117.763,43.371,101.249,30.887,70.138,0.336,117.763,26.720,36.387,94.294,220.000,240.000,1905.0,1750.2,1665.0,1888.0,1800.0,65.0,22.0,0.0,15.0,94.4,13.3,53.3,0.0,0.0,0.0,54,Yes,No,No,Yes,No,No,No,65.7,60.0,4,0,0,0,0,0,0,0,0,105,0,0,0,0,0,0,0,0,0,0,0,0,0,0,0,0,0,0,0,0,456,7736,7575,1748,8.0,0.0,0.0,0.0,0.0,0.0,0.0,0.0,0.0,0.0,0.0,0.0,0.0,0.00,0.00,0.00,0.00,0.00,0.00,0.00,0.00,0.00,0.00,0.00,0,0,0.0,0.0,3178,249,12.0,10.5,0,
3.7.2026,22:54:50.008,29666,16328,64.5,15597,17085,47.7,0.5,13312,69,1.310,1.312,1.300,1.306,1.312,1.312,1.312,1.312,1.312,4033.4,4017.8,4042.7,4042.7,4042.7,4042.7,4042.7,4017.8,4017.8,99.8,1851.0,3979.7,2689.5,2063.4,3250.1,1977.1,2040.8,1624.6,1914.9,912.5,1251.4,1427.0,1676.3,1244.0,1451.1,957.3,1156.4,1851.0,43.7,67.3,66.5,52.6,77.7,48.5,50.1,39.8,47.4,22.3,30.6,34.6,41.4,30.4,35.9,25.1,28.4,77.7,43.7,49.1,75.6,74.7,59.1,87.4,54.6,56.3,44.7,53.4,25.2,34.4,38.9,46.5,34.2,40.4,28.3,32.0,49.1,40.4,40.2,40.5,40.5,40.5,40.5,40.5,40.2,40.2,0.0,86.9,98.2,98.5,90.1,87.7,78.0,83.2,81.0,78.5,13.1,1.8,1.5,9.9,12.3,22.0,16.8,19.0,21.5,0.0,0.0,0.0,0.0,0.0,0.0,0.0,0.0,0.0,1197.8,12.00,16,16,16,39,55,661,1,80.1,80.4,77.5,72.9,76.8,78.1,74.0,72.6,70.1,71.2,70.2,70.5,65.2,65.5,65.0,56.0,53.1,1.319,1.031,1.312,17.246,12.084,17.256,78.223,44.659,4.977,6.794,7.055,5.186,4.759,3.702,4.417,4.064,3.842,22.942,12.458,35.400,44.684,1197.8,1197.8,4052.7,4052.7,4052.7,4052.7,50.8,28.8,86.9,84.6,57.1,No,No,No,1.847,2.247,7.0,50,95.0,100.0,No,No,90848,98731,34,99.0,No,No,3320,0.0,0.1,0.1,0.000,0.059,45695,35324,0.0,0.0,0.0,0.000,0.000,151,0,72.9,94.3,83.0,1.069,12.065,12.113,12.107,11.975,1879,139.114,63.304,114.480,41.389,99.118,30.728,68.183,0.336,114.480,25.921,43.116,95.285,220.000,240.000,1905.0,1750.2,1665.0,1888.1,1800.0,63.0,22.0,0.0,13.0,94.4,13.4,53.8,0.0,0.0,0.0,54,Yes,No,No,Yes,No,No,No,63.8,70.3,4,0,0,0,0,0,0,0,0,105,0,0,0,0,0,0,0,0,0,0,0,0,0,0,0,0,0,0,0,0,456,7736,7575,1750,8.0,0.0,0.0,0.0,0.0,0.0,0.0,0.0,0.0,0.0,0.0,0.0,0.0,0.00,0.00,0.00,0.00,0.00,0.00,0.00,0.00,0.00,0.00,0.00,0,0,0.0,0.0,3178,249,5.1,8.8,0,
3.7.2026,22:54:52.009,29617,16377,64.3,15544,17138,47.5,0.5,13312,69,1.290,1.312,1.306,1.281,1.288,1.288,1.281,1.281,1.281,4030.2,4067.7,4067.7,4017.8,4017.8,4017.8,4017.8,4017.8,4017.8,99.8,1793.7,3948.4,1760.7,1798.9,3624.6,1970.2,2010.5,1614.1,1950.5,950.2,1254.0,1445.0,1711.7,1322.0,1430.8,756.6,1151.0,1793.7,43.4,82.9,43.5,44.7,89.8,48.4,50.1,39.5,48.2,23.4,30.9,35.7,42.3,32.5,34.8,18.7,28.5,89.8,43.4,48.7,93.2,48.8,50.1,101.0,54.3,56.2,44.3,54.1,26.2,34.6,40.1,47.5,36.4,39.0,20.8,31.9,48.7,40.4,40.8,40.8,40.2,40.2,40.2,40.2,40.2,40.2,0.0,87.2,97.3,99.8,90.3,88.3,79.1,84.2,81.9,77.0,12.8,2.7,0.2,9.7,11.7,20.9,15.8,18.1,23.0,0.0,0.0,0.0,0.0,0.0,0.0,0.0,0.0,0.0,1197.8,12.00,16,16,16,39,55,661,1,80.1,80.1,75.2,72.3,74.8,79.4,73.0,72.3,69.7,70.8,69.7,68.7,65.1,65.4,64.8,57.5,53.3,1.325,1.038,1.337,16.810,12.128,16.813,78.503,44.027,4.879,6.287,7.497,5.066,4.741,3.661,4.376,4.054,3.351,22.377,12.504,34.881,44.149,1197.8,1197.8,4057.3,4057.3,4057.3,4057.3,50.2,28.0,87.2,84.3,57.1,No,No,No,1.802,2.172,7.0,50,95.0,100.0,No,No,90848,98731,34,99.0,No,No,3320,0.0,0.0,0.1,0.050,0.113,45696,35325,0.0,0.0,0.0,0.000,0.000,151,0,71.9,93.2,83.0,1.069,12.066,12.113,12.108,11.977,1880,132.982,61.928,109.952,41.522,96.089,30.399,65.489,0.336,109.952,27.568,48.420,89.557,220.000,240.000,1905.0,1750.2,1665.0,1888.4,1800.0,57.0,19.0,0.0,11.0,94.4,12.8,51.0,0.0,0.0,0.0,54,Yes,No,No,Yes,No,No,No,61.4,60.1,4,0,0,0,0,0,0,0,0,105,0,0,0,0,0,0,0,0,0,0,0,0,0,0,0,0,0,0,0,0,456,7736,7575,1750,8.0,0.0,0.0,0.0,0.0,0.0,0.0,0.0,0.0,0.0,0.0,0.0,0.0,0.00,0.00,0.00,0.00,0.00,0.00,0.00,0.00,0.00,0.00,0.00,0,0,0.0,0.0,3178,249,4.3,2.7,0,
3.7.2026,22:54:54.007,29570,16423,64.2,15496,17185,47.4,0.5,13312,69,1.311,1.306,1.312,1.312,1.312,1.312,1.312,1.312,1.306,4042.7,4042.7,4042.7,4042.7,4042.7,4042.7,4042.7,4042.7,4042.7,99.8,1775.9,3959.5,2077.4,1763.7,3580.2,1994.2,1955.3,1825.3,1710.2,951.8,1181.0,1462.2,1539.8,1291.7,1317.6,764.8,1039.6,1775.9,42.5,75.6,51.2,43.8,88.2,49.6,48.3,45.0,42.3,23.3,29.3,36.0,38.2,31.7,32.9,18.3,25.6,88.2,42.5,47.7,85.0,57.6,49.2,99.1,55.7,54.4,50.6,47.5,26.1,33.0,40.4,43.0,35.6,36.9,20.6,28.8,47.7,40.5,40.5,40.5,40.5,40.5,40.5,40.5,40.5,40.5,0.0,87.1,97.6,99.2,90.5,88.4,79.1,83.5,81.3,76.8,12.9,2.4,0.8,9.5,11.6,20.9,16.5,18.7,23.2,0.0,0.0,0.0,0.0,0.0,0.0,0.0,0.0,0.0,1197.8,12.00,16,16,16,39,55,661,1,80.1,79.9,83.2,72.2,75.1,78.8,73.0,72.3,69.6,70.6,69.6,68.6,65.0,65.3,64.8,57.2,53.2,1.337,1.025,1.331,16.528,12.124,16.521,78.367,43.646,4.836,6.392,7.309,5.062,4.742,3.629,4.276,3.952,3.329,21.995,12.498,34.493,43.754,1197.8,1197.8,4057.3,4057.3,4057.3,4057.3,49.7,27.5,87.1,84.1,56.5,No,No,No,1.789,2.322,7.0,50,95.0,100.0,No,No,90848,98731,34,99.0,No,No,3320,0.0,0.0,0.0,0.000,0.037,45696,35325,0.0,0.0,0.0,0.000,0.000,151,0,72.3,93.9,83.0,1.069,12.063,12.110,12.104,11.973,1876,137.344,58.071,112.196,42.035,97.670,30.640,66.825,0.336,112.196,27.401,8.019,83.392,220.000,240.000,1905.0,1750.2,1665.0,1888.3,1800.0,62.0,20.0,0.0,12.0,94.4,13.4,53.4,0.0,0.0,0.0,54,Yes,No,No,Yes,No,No,No,61.4,66.6,4,0,0,0,0,0,0,0,0,105,0,0,0,0,0,0,0,0,0,0,0,0,0,0,0,0,0,0,0,0,456,7736,7575,1741,8.0,0.0,0.0,0.0,0.0,0.0,0.0,0.0,0.0,0.0,0.0,0.0,0.0,0.00,0.00,0.00,0.00,0.00,0.00,0.00,0.00,0.00,0.00,0.00,0,0,0.0,0.0,3178,249,13.0,2.5,0,
3.7.2026,22:54:56.007,29531,16463,64.2,15460,17222,47.3,0.5,13312,69,1.297,1.306,1.331,1.306,1.281,1.288,1.288,1.288,1.288,4027.1,4067.7,4042.7,4017.8,4017.8,4017.8,4017.8,4017.8,4017.8,99.8,1858.4,3963.3,3108.1,1632.7,3739.8,1860.2,2110.6,1699.1,1821.9,1096.6,1138.9,1557.2,1471.9,1344.4,1328.4,881.5,980.2,1858.4,42.9,55.2,76.5,40.7,93.1,45.3,51.4,41.4,44.5,26.4,27.6,37.9,35.9,32.6,32.4,21.2,23.8,93.1,42.9,48.1,62.0,86.0,45.6,104.7,50.8,57.7,46.4,49.9,29.6,30.9,42.4,40.3,36.6,36.2,23.7,26.6,48.1,40.3,40.8,40.5,40.2,40.2,40.2,40.2,40.2,40.2,0.0,86.9,97.7,99.5,90.0,88.0,78.9,83.4,81.5,76.3,13.1,2.3,0.5,10.0,12.0,21.1,16.6,18.5,23.7,0.0,0.0,0.0,0.0,0.0,0.0,0.0,0.0,0.0,1197.8,12.00,16,16,16,39,55,661,1,80.1,79.9,76.2,72.3,75.9,78.6,73.4,72.4,69.7,70.5,69.5,68.6,65.0,65.3,64.7,57.5,53.5,1.344,1.025,1.331,16.956,11.996,16.960,78.218,44.107,4.907,6.605,7.330,5.211,4.778,3.709,4.282,3.986,3.355,22.561,12.370,34.930,44.180,1197.8,1197.8,4056.9,4057.0,4056.8,4057.0,50.2,28.3,86.9,84.1,57.5,No,No,No,1.837,1.847,7.0,50,95.0,100.0,No,No,90848,98731,34,99.0,No,No,3320,0.1,0.0,0.1,0.105,0.028,45696,35325,0.0,0.0,0.0,0.000,0.000,151,0,73.0,95.0,83.0,1.069,12.060,12.109,12.103,11.969,1876,147.069,59.471,116.216,42.600,100.966,31.011,69.737,0.336,116.216,27.217,8.330,82.084,220.000,240.000,1905.0,1750.2,1665.0,1888.3,1800.0,64.0,22.0,0.0,11.0,94.5,13.8,55.1,0.0,0.0,0.0,54,Yes,No,No,Yes,No,No,No,65.2,60.7,4,0,0,0,0,0,0,0,0,105,0,0,0,0,0,0,0,0,0,0,0,0,0,0,0,0,0,0,0,0,454,7738,7577,1743,8.0,0.0,0.0,0.0,0.0,0.0,0.0,0.0,0.0,0.0,0.0,0.0,0.0,0.00,0.00,0.00,0.00,0.00,0.00,0.00,0.00,0.00,0.00,0.00,0,0,0.0,0.0,3179,249,31.5,2.1,0,
3.7.2026,22:54:58.008,29531,16463,64.2,15460,17222,47.3,0.5,13312,69,1.297,1.306,1.331,1.306,1.281,1.288,1.288,1.288,1.288,4027.1,4067.7,4042.7,4017.8,4017.8,4017.8,4017.8,4017.8,4017.8,99.8,1858.4,3963.3,3108.1,1632.7,3739.8,1860.2,2110.6,1699.1,1821.9,1096.6,1138.9,1557.2,1471.9,1344.4,1328.4,881.5,980.2,1858.4,42.9,55.2,76.5,40.7,93.1,45.3,51.4,41.4,44.5,26.4,27.6,37.9,35.9,32.6,32.4,21.2,23.8,93.1,42.9,48.1,62.0,86.0,45.6,104.7,50.8,57.7,46.4,49.9,29.6,30.9,42.4,40.3,36.6,36.2,23.7,26.6,48.1,40.3,40.8,40.5,40.2,40.2,40.2,40.2,40.2,40.2,0.0,86.9,97.7,99.5,90.0,88.0,78.9,83.4,81.5,76.3,13.1,2.3,0.5,10.0,12.0,21.1,16.6,18.5,23.7,0.0,0.0,0.0,0.0,0.0,0.0,0.0,0.0,0.0,1197.8,12.00,16,16,16,39,55,661,1,80.1,79.9,76.2,72.3,75.9,78.6,73.4,72.4,69.7,70.5,69.5,68.6,65.0,65.3,64.7,57.5,53.5,1.344,1.025,1.331,16.956,11.996,16.960,78.218,44.107,4.907,6.605,7.330,5.211,4.778,3.709,4.282,3.986,3.355,22.561,12.370,34.930,44.180,1197.8,1197.8,4056.9,4057.0,4056.8,4057.0,50.2,28.3,86.9,84.1,57.5,No,No,No,1.837,1.847,7.0,50,95.0,100.0,No,No,90848,98731,34,99.0,No,No,3320,0.1,0.0,0.1,0.105,0.028,45696,35325,0.0,0.0,0.0,0.000,0.000,151,0,72.0,93.2,83.0,1.069,12.067,12.114,12.107,11.978,1873,132.148,56.377,108.610,40.049,95.141,29.730,65.173,0.336,108.610,26.410,8.051,81.661,220.000,240.000,1905.0,1750.2,1665.0,1888.3,1800.0,56.0,19.0,0.0,11.0,94.4,11.3,45.2,0.0,0.0,0.0,54,Yes,No,No,Yes,No,No,No,61.4,66.1,4,0,0,0,0,0,0,0,0,105,0,0,0,0,0,0,0,0,0,0,0,0,0,0,0,0,0,0,0,0,456,7736,7575,1743,8.0,0.0,0.0,0.0,0.0,0.0,0.0,0.0,0.0,0.0,0.0,0.0,0.0,0.00,0.00,0.00,0.00,0.00,0.00,0.00,0.00,0.00,0.00,0.00,0,0,0.0,0.0,3179,249,31.5,2.1,0,
3.7.2026,22:55:0.010,29466,16527,64.0,15401,17281,47.1,0.5,13312,69,1.306,1.331,1.300,1.306,1.306,1.306,1.300,1.300,1.300,4045.8,4067.7,4042.7,4042.7,4042.7,4042.7,4042.7,4042.7,4042.7,99.8,1602.4,3794.2,1916.1,3084.7,1528.6,1956.8,1665.1,1685.8,1467.0,924.1,970.4,1375.1,1315.0,1204.1,1139.8,802.8,809.1,1602.4,39.0,65.3,49.2,79.6,39.6,47.6,44.9,41.3,38.5,22.8,25.5,35.5,33.3,30.8,29.0,20.6,21.0,79.6,39.0,43.8,73.2,55.4,89.7,44.7,53.2,50.6,46.6,43.4,25.8,28.1,39.4,37.5,34.7,32.7,22.7,23.0,43.8,40.5,40.8,40.5,40.5,40.5,40.5,40.5,40.5,40.5,0.0,84.7,93.4,95.9,88.6,86.5,76.8,81.6,80.1,75.0,15.3,6.6,4.1,11.4,13.5,23.2,18.4,19.9,25.0,0.0,0.0,0.0,0.0,0.0,0.0,0.0,0.0,0.0,1197.8,12.00,16,16,16,39,55,661,1,78.0,75.9,73.8,71.0,73.5,74.6,72.6,71.4,69.1,69.7,69.0,68.1,64.7,65.1,64.4,57.5,53.2,1.319,1.038,1.331,15.408,12.098,15.416,76.260,42.257,4.431,5.817,5.954,4.847,4.461,3.425,4.024,3.733,3.187,20.538,12.462,33.000,42.273,1197.8,1197.8,4060.8,4060.8,4060.8,4060.8,48.0,25.7,84.7,79.9,56.3,No,No,No,1.776,2.243,6.8,50,95.0,100.0,No,No,90848,98731,34,99.0,No,No,3320,0.0,0.0,0.0,0.000,0.005,45696,35325,0.0,0.0,0.0,0.000,0.000,151,0,72.2,93.7,83.0,1.069,12.061,12.108,12.103,11.971,1880,138.888,62.828,113.645,42.283,98.554,30.108,68.194,0.336,113.645,26.985,47.697,86.834,220.000,240.000,1905.0,1750.2,1665.0,1888.1,1800.0,59.0,20.0,0.0,12.0,94.4,11.8,47.1,0.0,0.0,0.0,54,Yes,No,No,Yes,No,No,No,63.9,69.2,4,0,0,0,0,0,0,0,0,105,0,0,0,0,0,0,0,0,0,0,0,0,0,0,0,0,0,0,0,0,456,7736,7575,1743,8.0,0.0,0.0,0.0,0.0,0.0,0.0,0.0,0.0,0.0,0.0,0.0,0.0,0.00,0.00,0.00,0.00,0.00,0.00,0.00,0.00,0.00,0.00,0.00,0,0,0.0,0.0,3179,249,7.2,12.3,0,
3.7.2026,22:55:2.007,29476,16518,64.0,15401,17281,47.1,0.5,13312,69,1.320,1.325,1.319,1.319,1.319,1.319,1.319,1.319,1.319,4067.7,4067.7,4067.7,4067.7,4067.7,4067.7,4067.7,4067.7,4067.7,99.8,1738.9,3763.5,1965.1,3261.6,1695.9,2110.6,1757.5,1842.2,1623.7,1070.8,1120.1,1579.5,1437.6,1412.6,1267.7,943.2,970.7,1738.9,41.0,67.8,48.2,80.4,41.7,51.9,43.0,45.1,39.7,25.9,27.1,38.5,35.1,34.4,30.8,22.8,23.4,80.4,41.0,46.3,76.4,54.3,90.6,47.1,58.5,48.5,50.9,44.8,29.3,30.7,43.5,39.7,38.8,34.8,25.8,26.5,46.3,40.8,40.8,40.8,40.8,40.8,40.8,40.8,40.8,40.8,0.0,85.4,92.7,96.1,88.8,87.0,78.1,83.0,81.5,75.8,14.6,7.3,3.9,11.2,13.0,21.9,17.0,18.5,24.2,0.0,0.0,0.0,0.0,0.0,0.0,0.0,0.0,0.0,1197.8,12.00,16,16,16,39,55,661,1,76.2,74.6,72.5,70.7,72.9,73.5,72.2,71.1,69.1,69.7,69.1,68.2,64.5,64.8,64.3,55.2,53.2,1.350,1.019,1.344,15.608,12.154,15.608,76.840,42.488,4.548,5.618,6.051,4.995,4.603,3.607,4.192,3.970,3.351,20.800,12.525,33.324,42.591,1197.8,1197.8,4061.5,4061.5,4061.5,4061.5,48.4,26.0,85.4,78.5,57.0,No,No,No,1.854,2.200,6.8,50,95.0,100.0,No,No,90848,98731,34,99.0,No,No,3320,0.0,0.0,0.1,0.002,0.154,45696,35325,0.0,0.0,0.0,0.000,0.000,151,0,72.0,93.2,83.0,1.069,12.064,12.112,12.106,11.975,1873,137.329,62.959,113.683,42.936,97.758,30.308,67.204,0.336,113.683,26.808,49.005,87.873,220.000,240.000,1905.0,1750.2,1665.0,1888.1,1800.0,51.0,17.0,0.0,11.0,94.4,12.4,49.6,0.0,0.0,0.0,54,Yes,No,No,Yes,No,No,No,63.9,62.1,4,0,0,0,0,0,0,0,0,105,0,0,0,0,0,0,0,0,0,0,0,0,0,0,0,0,0,0,0,0,457,7735,7574,1744,8.0,0.0,0.0,0.0,0.0,0.0,0.0,0.0,0.0,0.0,0.0,0.0,0.0,0.00,0.00,0.00,0.00,0.00,0.00,0.00,0.00,0.00,0.00,0.00,0,0,0.0,0.0,3179,249,9.4,3.5,0,
3.7.2026,22:55:4.008,29466,16527,64.0,15401,17281,47.1,0.5,13312,69,1.300,1.300,1.300,1.300,1.300,1.300,1.300,1.300,1.300,4017.8,4017.8,4017.8,4017.8,4017.8,4017.8,4017.8,4017.8,4017.8,99.8,1686.3,3759.2,1986.9,2767.7,2059.2,2056.9,1773.4,1711.6,1569.9,1019.6,1028.8,1488.1,1412.5,1362.4,1127.9,984.4,872.1,1686.3,39.6,63.9,48.5,68.6,50.7,50.7,43.6,42.0,38.4,24.9,25.1,36.6,34.6,33.0,27.6,23.8,21.1,68.6,39.6,44.5,71.9,54.6,77.2,57.1,57.1,49.1,47.3,43.2,27.9,28.2,41.2,38.9,37.2,31.1,26.7,23.7,44.5,40.2,40.2,40.2,40.2,40.2,40.2,40.2,40.2,40.2,0.0,85.0,92.5,95.9,89.2,86.6,77.3,82.3,80.0,75.8,15.0,7.5,4.1,10.8,13.4,22.7,17.7,20.0,24.2,0.0,0.0,0.0,0.0,0.0,0.0,0.0,0.0,0.0,1197.8,12.00,16,16,16,39,55,661,1,75.4,74.7,80.2,70.6,72.9,73.1,72.4,70.7,68.8,69.6,68.9,68.2,64.3,64.5,64.1,57.5,53.1,1.350,1.031,1.356,15.376,12.323,15.367,76.462,42.372,4.546,5.676,5.981,5.074,4.536,3.568,4.190,3.916,3.429,20.502,12.694,33.195,42.493,1197.8,1197.8,4062.1,4062.1,4062.1,4062.1,48.3,25.6,85.0,78.6,56.2,No,No,No,1.807,3.052,6.8,50,95.0,100.0,No,No,90848,98731,34,99.0,No,No,3320,0.0,0.0,0.0,0.000,0.014,45696,35325,0.0,0.0,0.0,0.000,0.000,151,0,72.9,94.8,83.0,1.069,12.056,12.104,12.100,11.964,1876,143.537,67.314,120.482,44.472,104.160,30.509,73.362,0.336,120.482,27.900,43.801,107.632,220.000,240.000,1905.0,1750.2,1665.0,1888.2,1800.0,67.0,20.0,0.0,19.0,94.4,13.3,53.1,0.0,0.0,0.0,54,Yes,No,No,Yes,No,No,No,67.4,62.3,4,0,0,0,0,0,0,0,0,105,0,0,0,0,0,0,0,0,0,0,0,0,0,0,0,0,0,0,0,0,457,7735,7574,1743,8.0,0.0,0.0,0.0,0.0,0.0,0.0,0.0,0.0,0.0,0.0,0.0,0.0,0.00,0.00,0.00,0.00,0.00,0.00,0.00,0.00,0.00,0.00,0.00,0,0,0.0,0.0,3179,249,8.0,1.3,0,
3.7.2026,22:55:6.009,29461,16533,64.0,15395,17286,47.1,0.5,13312,69,1.317,1.325,1.325,1.312,1.312,1.312,1.312,1.319,1.319,4064.5,4042.7,4067.7,4067.7,4067.7,4067.7,4067.7,4067.7,4067.7,99.8,1643.9,3751.2,2428.5,1470.4,3295.1,1796.7,1775.8,1603.2,1582.6,957.7,950.9,1262.8,1423.5,1249.6,1042.1,921.4,791.0,1643.9,37.8,54.1,59.9,36.1,80.8,44.1,43.3,39.2,38.8,23.3,23.0,30.7,34.7,30.6,25.2,22.4,19.0,80.8,37.8,42.8,61.1,67.6,40.8,91.2,49.8,48.9,44.3,43.8,26.4,26.1,34.8,39.2,34.6,28.6,25.4,21.6,42.8,40.7,40.5,40.8,40.8,40.8,40.8,40.8,40.8,40.8,0.0,83.5,92.2,95.5,86.9,85.3,75.5,80.3,78.6,73.6,16.5,7.8,4.5,13.1,14.7,24.5,19.7,21.4,26.4,0.0,0.0,0.0,0.0,0.0,0.0,0.0,0.0,0.0,1197.8,12.00,16,16,16,39,55,661,1,75.0,74.6,74.0,70.4,72.8,73.1,71.7,70.7,68.8,69.4,68.7,68.3,64.4,64.6,64.1,56.5,53.3,1.350,1.025,1.344,15.007,12.402,15.019,75.122,42.181,4.441,5.640,5.992,4.765,4.452,3.508,4.046,3.758,3.367,20.067,12.773,32.840,42.201,1197.8,1197.8,4067.3,4067.3,4067.3,4067.3,48.0,25.0,83.5,78.5,56.3,No,No,No,1.715,3.771,6.7,49,95.0,100.0,No,No,90848,98731,34,99.0,No,No,3320,0.0,0.0,0.1,0.016,0.130,45696,35325,0.0,0.0,0.0,0.000,0.000,151,0,73.5,95.6,83.0,1.069,12.053,12.101,12.097,11.960,1865,151.840,66.652,122.174,45.392,106.369,30.631,75.482,0.336,122.174,29.380,28.613,105.973,220.000,240.000,1905.0,1750.2,1665.0,1887.9,1800.0,81.0,22.0,0.0,27.0,94.4,15.3,61.2,0.0,0.0,0.0,54,Yes,No,No,Yes,No,No,No,68.9,66.6,4,0,0,0,0,0,0,0,0,105,0,0,0,0,0,0,0,0,0,0,0,0,0,0,0,0,0,0,0,0,457,7735,7574,1743,8.0,0.0,0.0,0.0,0.0,0.0,0.0,0.0,0.0,0.0,0.0,0.0,0.0,0.00,0.00,0.00,0.00,0.00,0.00,0.00,0.00,0.00,0.00,0.00,0,0,0.0,0.0,3179,249,5.2,1.5,0,
3.7.2026,22:55:8.007,29490,16504,64.1,15396,17286,47.1,0.5,13312,69,1.312,1.306,1.306,1.312,1.312,1.312,1.312,1.312,1.325,4061.4,4042.7,4042.7,4067.7,4067.7,4067.7,4067.7,4067.7,4067.7,99.8,1658.2,3751.4,2529.1,1628.3,3132.5,1860.2,1714.7,1690.7,1505.7,1031.2,979.0,1426.1,1299.1,1284.0,1072.2,824.6,803.0,1658.2,38.0,51.1,62.3,40.1,77.4,45.8,42.0,41.5,36.7,25.0,23.7,35.0,31.7,31.3,26.0,19.8,19.3,77.4,38.0,43.0,57.7,70.3,45.3,87.2,51.7,47.5,46.8,41.4,28.3,26.8,39.5,35.8,35.4,29.4,22.5,21.8,43.0,40.7,40.5,40.5,40.8,40.8,40.8,40.8,40.8,40.8,0.0,83.6,92.2,95.7,86.5,85.3,76.4,80.3,79.0,73.7,16.4,7.8,4.3,13.5,14.7,23.6,19.7,21.0,26.3,0.0,0.0,0.0,0.0,0.0,0.0,0.0,0.0,0.0,1197.8,12.00,16,16,16,39,55,661,1,74.9,74.0,72.5,69.9,72.3,72.7,71.3,70.2,68.4,68.8,68.2,67.3,64.2,64.4,64.0,54.5,52.6,1.325,1.031,1.331,14.788,12.338,14.783,75.276,41.637,4.370,5.565,5.954,4.725,4.392,3.474,3.991,3.712,3.147,19.751,12.707,32.459,41.768,1197.8,1197.8,4067.1,4067.3,4067.0,4067.3,47.5,24.6,83.6,77.9,56.3,No,No,No,1.726,3.305,6.7,50,95.0,100.0,No,No,90848,98731,34,99.0,No,No,3320,0.0,0.0,0.0,0.000,0.020,45696,35325,0.0,0.0,0.0,0.000,0.000,151,0,73.2,95.1,83.0,1.069,12.060,12.108,12.103,11.970,1873,147.913,64.735,117.547,43.588,102.140,30.308,71.575,0.336,117.547,27.952,43.941,92.421,220.000,240.000,1905.0,1750.2,1665.0,1887.8,1800.0,68.0,20.0,0.0,21.0,94.4,15.2,60.8,0.0,0.0,0.0,54,Yes,No,No,Yes,No,No,No,66.1,68.5,4,0,0,0,0,0,0,0,0,105,0,0,0,0,0,0,0,0,0,0,0,0,0,0,0,0,0,0,0,0,456,7736,7574,1745,8.0,0.0,0.0,0.0,0.0,0.0,0.0,0.0,0.0,0.0,0.0,0.0,0.0,0.00,0.00,0.00,0.00,0.00,0.00,0.00,0.00,0.00,0.00,0.00,0,0,0.0,0.0,3179,249,11.9,6.6,0,
3.7.2026,22:55:10.025,29487,16507,64.1,15395,17286,47.1,0.5,13312,69,1.326,1.344,1.312,1.325,1.325,1.325,1.325,1.325,1.325,4067.7,4067.7,4067.7,4067.7,4067.7,4067.7,4067.7,4067.7,4067.7,99.8,1506.7,3900.3,1609.6,2299.1,1889.2,1782.9,1628.6,1523.9,1448.1,980.4,832.3,1337.2,1198.6,1249.6,958.1,801.8,667.5,1506.7,36.0,78.5,39.7,56.6,46.7,44.0,40.0,37.6,35.5,24.2,20.5,33.0,29.5,30.8,23.6,19.8,16.4,78.5,36.0,40.4,88.5,44.5,63.7,52.5,49.4,44.9,42.2,39.8,27.0,22.7,37.0,33.0,34.4,26.3,21.9,18.1,40.4,40.8,40.8,40.8,40.8,40.8,40.8,40.8,40.8,40.8,0.0,82.4,95.8,90.9,85.8,84.1,74.7,78.9,77.6,71.5,17.6,4.2,9.1,14.2,15.9,25.3,21.1,22.4,28.5,0.0,0.0,0.0,0.0,0.0,0.0,0.0,0.0,0.0,1197.8,12.00,16,16,16,39,55,661,1,74.5,73.5,76.2,69.5,72.8,71.2,71.1,69.6,68.1,68.4,68.0,67.0,64.1,64.3,63.9,56.0,53.1,1.331,1.038,1.325,14.159,12.313,14.162,74.167,40.900,4.269,5.935,5.317,4.645,4.259,3.374,3.891,3.657,3.078,18.969,12.677,31.646,40.970,1197.8,1197.8,4072.9,4073.3,4072.5,4073.3,46.6,23.6,82.4,77.4,55.4,No,No,No,1.637,3.543,6.6,49,95.0,100.0,No,No,90848,98731,34,99.0,No,No,3320,0.1,0.0,0.1,0.258,0.006,45696,35325,0.0,0.0,0.0,0.000,0.000,151,0,73.6,95.9,83.0,1.069,12.055,12.104,12.098,11.962,1876,148.649,63.505,119.850,44.579,105.190,30.874,74.047,0.336,119.850,29.673,17.635,93.015,220.000,240.000,1905.0,1750.2,1665.0,1887.7,1800.0,67.0,23.0,0.0,16.0,94.7,14.6,58.4,0.0,0.0,0.0,54,Yes,No,No,Yes,No,No,No,68.0,69.6,4,0,0,0,0,0,0,0,0,105,0,0,0,0,0,0,0,0,0,0,0,0,0,0,0,0,0,0,0,0,433,7759,7597,1746,8.0,0.0,0.0,0.0,0.0,0.0,0.0,0.0,0.0,0.0,0.0,0.0,0.0,0.00,0.00,0.00,0.00,0.00,0.00,0.00,0.00,0.00,0.00,0.00,0,0,0.0,0.0,3179,249,2.1,5.0,0,
3.7.2026,22:55:12.027,29489,16505,64.1,15399,17283,47.1,0.5,13312,69,1.320,1.319,1.306,1.306,1.325,1.325,1.325,1.325,1.325,4061.4,4067.7,4042.7,4042.7,4067.7,4067.7,4067.7,4067.7,4067.7,99.8,1606.4,3827.0,1574.4,2697.3,1813.8,1915.6,1756.0,1635.4,1550.2,1010.1,995.8,1337.2,1371.0,1317.4,1075.3,949.9,876.2,1606.4,38.3,76.9,38.5,66.5,44.5,47.2,42.8,40.1,37.8,24.7,24.2,32.8,33.5,32.2,26.2,23.1,21.2,76.9,38.3,43.2,86.7,43.4,75.0,50.2,53.2,48.3,45.3,42.6,27.9,27.4,37.0,37.8,36.4,29.5,26.1,23.9,43.2,40.7,40.8,40.5,40.5,40.8,40.8,40.8,40.8,40.8,0.0,83.6,94.1,92.8,87.3,85.2,76.4,79.5,78.9,74.7,16.4,5.9,7.2,12.7,14.8,23.6,20.5,21.1,25.3,0.0,0.0,0.0,0.0,0.0,0.0,0.0,0.0,0.0,1197.8,12.00,16,16,16,39,55,661,1,74.4,73.7,77.8,69.8,72.4,72.0,71.4,70.1,68.3,68.6,68.2,67.4,64.1,64.3,63.9,55.8,52.8,1.331,1.025,1.344,14.661,12.363,14.661,75.263,41.576,4.369,5.694,5.615,4.785,4.433,3.492,3.938,3.770,3.226,19.597,12.731,32.328,41.661,1197.8,1197.8,4068.5,4068.5,4068.5,4068.5,47.3,24.4,83.6,77.5,55.9,No,No,No,1.799,3.483,6.7,50,95.0,100.0,No,No,90848,98731,33,99.0,No,No,3320,0.1,0.0,0.2,0.331,0.018,45697,35326,0.0,0.0,0.0,0.000,0.000,151,0,73.3,95.3,83.0,1.069,12.051,12.100,12.096,11.957,1872,150.911,68.200,123.223,45.436,107.082,31.219,75.584,0.336,123.223,29.038,37.219,109.641,220.000,240.000,1905.0,1750.2,1665.0,1887.7,1800.0,71.0,24.0,0.0,17.0,94.7,15.4,61.8,0.0,0.0,0.0,54,Yes,No,No,Yes,No,No,No,69.2,66.3,4,0,0,0,0,0,0,0,0,105,0,0,0,0,0,0,0,0,0,0,0,0,0,0,0,0,0,0,0,0,433,7759,7597,1746,8.0,0.0,0.0,0.0,0.0,0.0,0.0,0.0,0.0,0.0,0.0,0.0,0.0,0.00,0.00,0.00,0.00,0.00,0.00,0.00,0.00,0.00,0.00,0.00,0,0,0.0,0.0,3179,249,3.7,1.9,0,
3.7.2026,22:55:14.028,29490,16503,64.1,15403,17279,47.1,0.5,13312,69,1.325,1.325,1.325,1.325,1.325,1.325,1.325,1.325,1.325,4067.7,4067.7,4067.7,4067.7,4067.7,4067.7,4067.7,4067.7,4067.7,99.8,1575.8,3884.0,2216.4,2319.4,1877.8,1889.7,1665.6,1617.3,1483.4,943.5,918.4,1312.3,1235.8,1281.2,1032.5,853.2,682.3,1575.8,36.6,66.3,54.2,57.1,45.9,46.3,40.5,39.5,36.0,22.8,22.0,32.0,29.8,31.1,24.9,20.5,16.2,66.3,36.6,41.4,74.9,61.3,64.5,52.0,52.4,45.9,44.8,40.8,26.0,25.1,36.3,33.9,35.2,28.3,23.3,18.5,41.5,40.8,40.8,40.8,40.8,40.8,40.8,40.8,40.8,40.8,0.0,82.4,95.4,90.4,86.2,84.6,74.1,78.4,78.3,72.0,17.6,4.6,9.6,13.8,15.4,25.9,21.6,21.7,28.0,0.0,0.0,0.0,0.0,0.0,0.0,0.0,0.0,0.0,1197.8,12.00,16,16,16,39,55,661,1,74.4,74.0,74.0,69.7,73.2,71.3,71.7,69.9,68.2,68.4,68.3,67.0,64.0,64.2,63.8,55.0,53.1,1.344,1.025,1.350,14.737,12.312,14.739,74.171,41.640,4.361,6.116,5.344,4.825,4.393,3.415,3.893,3.764,3.135,19.723,12.677,32.400,41.731,1197.8,1197.8,4072.0,4072.0,4072.0,4072.0,47.4,24.6,82.4,77.9,56.4,No,No,No,1.702,3.558,6.6,50,95.0,100.0,No,No,90848,98731,33,99.0,No,No,3320,0.0,0.0,0.0,0.032,0.010,45697,35326,0.0,0.0,0.0,0.000,0.000,151,0,73.3,95.4,83.0,1.069,12.060,12.110,12.104,11.966,1876,147.980,63.269,121.842,45.436,106.118,31.123,74.732,0.336,121.842,29.489,8.058,93.717,220.000,240.000,1905.0,1750.2,1665.0,1887.6,1800.0,62.0,21.0,0.0,13.0,94.7,14.9,59.6,0.0,0.0,0.0,54,Yes,No,No,Yes,No,No,No,65.8,69.9,4,0,0,0,0,0,0,0,0,105,0,0,0,0,0,0,0,0,0,0,0,0,0,0,0,0,0,0,0,0,433,7759,7597,1746,8.0,0.0,0.0,0.0,0.0,0.0,0.0,0.0,0.0,0.0,0.0,0.0,0.0,0.00,0.00,0.00,0.00,0.00,0.00,0.00,0.00,0.00,0.00,0.00,0,0,0.0,0.0,3179,249,15.0,1.8,0,
3.7.2026,22:55:16.028,29495,16499,64.1,15401,17281,47.1,0.5,13312,69,1.325,1.344,1.319,1.319,1.319,1.325,1.325,1.325,1.325,4070.8,4092.6,4067.7,4067.7,4067.7,4067.7,4067.7,4067.7,4067.7,99.8,1634.5,3884.1,3074.0,1809.1,2464.1,1766.7,1757.7,1550.4,1533.3,970.1,858.5,1295.2,1340.1,1287.2,998.0,869.1,693.5,1634.5,37.1,47.2,75.7,44.6,60.5,43.4,42.9,38.1,37.4,23.8,20.9,31.8,32.9,31.5,24.3,21.3,16.8,75.7,37.1,41.7,53.1,85.3,50.2,68.2,48.8,48.3,42.8,42.0,26.7,23.4,35.7,36.9,35.4,27.3,23.8,18.8,41.7,40.8,41.0,40.8,40.8,40.8,40.8,40.8,40.8,40.8,0.0,83.7,95.5,91.9,87.0,85.6,75.7,80.6,79.5,73.7,16.3,4.5,8.1,13.0,14.4,24.3,19.4,20.5,26.3,0.0,0.0,0.0,0.0,0.0,0.0,0.0,0.0,0.0,1197.8,12.00,16,16,16,39,55,661,1,74.2,73.9,72.8,69.8,73.1,71.4,71.5,69.9,68.2,68.6,68.2,67.1,64.0,64.2,63.8,55.0,52.8,1.350,1.031,1.350,14.771,12.216,14.766,75.302,41.509,4.403,6.153,5.482,4.797,4.421,3.442,3.994,3.778,3.153,19.739,12.580,32.319,41.605,1197.8,1197.8,4068.3,4068.3,4068.3,4068.3,47.3,24.6,83.7,77.8,55.9,No,No,No,1.749,2.883,6.7,50,95.0,100.0,No,No,90848,98731,33,99.0,No,No,3320,0.0,0.0,0.0,0.000,0.077,45697,35326,0.0,0.0,0.0,0.000,0.000,151,0,73.7,96.1,83.0,1.069,12.060,12.109,12.102,11.968,1872,150.071,63.177,117.821,42.746,101.670,30.183,71.224,0.336,117.821,26.374,30.191,93.400,220.000,240.000,1905.0,1750.2,1665.0,1887.6,1800.0,61.0,20.0,0.0,13.0,94.7,15.3,61.2,0.0,0.0,0.0,54,Yes,No,No,Yes,No,No,No,66.6,65.1,4,0,0,0,0,0,0,0,0,105,0,0,0,0,0,0,0,0,0,0,0,0,0,0,0,0,0,0,0,0,433,7759,7597,1746,8.0,0.0,0.0,0.0,0.0,0.0,0.0,0.0,0.0,0.0,0.0,0.0,0.0,0.00,0.00,0.00,0.00,0.00,0.00,0.00,0.00,0.00,0.00,0.00,0,0,0.0,0.0,3179,249,16.8,6.1,0,
3.7.2026,22:55:18.025,29480,16514,64.0,15400,17282,47.1,0.5,13312,69,1.309,1.319,1.306,1.306,1.306,1.306,1.306,1.306,1.312,4045.8,4067.7,4042.7,4042.7,4042.7,4042.7,4042.7,4042.7,4042.7,99.8,1613.4,3864.2,3021.0,1688.7,2548.5,1699.5,1817.4,1494.5,1557.2,965.3,831.0,1265.3,1321.0,1255.1,964.2,887.9,633.2,1613.4,36.7,46.5,74.2,41.7,63.0,41.9,44.5,36.9,38.2,23.8,20.4,31.3,32.5,30.8,23.7,21.8,15.4,74.2,36.7,41.2,52.3,83.6,46.8,70.9,47.1,50.0,41.5,42.9,26.6,22.8,35.0,36.4,34.6,26.5,24.3,17.1,41.1,40.5,40.8,40.5,40.5,40.5,40.5,40.5,40.5,40.5,0.0,83.1,95.0,91.4,86.8,85.1,75.4,79.7,78.2,72.8,16.9,5.0,8.6,13.2,14.9,24.6,20.3,21.8,27.2,0.0,0.0,0.0,0.0,0.0,0.0,0.0,0.0,0.0,1197.8,12.00,16,16,16,39,55,661,1,74.0,73.5,73.2,69.4,72.7,71.2,71.3,69.5,67.8,68.3,67.8,66.8,63.9,64.1,63.7,56.5,52.6,1.344,1.019,1.344,14.461,12.335,14.469,74.755,41.310,4.313,5.988,5.394,4.762,4.311,3.357,3.934,3.670,3.091,19.317,12.702,32.019,41.361,1197.8,1197.8,4068.5,4068.5,4068.5,4068.5,47.0,24.1,83.1,77.4,55.8,No,No,No,1.709,3.575,6.6,50,95.0,100.0,No,No,90848,98731,33,99.0,No,No,3320,0.0,0.0,0.0,0.000,0.022,45697,35326,0.0,0.0,0.0,0.000,0.000,151,0,74.6,96.7,83.0,1.069,12.051,12.101,12.096,11.956,1872,154.437,66.096,127.385,46.649,109.129,31.289,77.565,0.336,127.385,28.138,18.064,95.020,220.000,240.000,1905.0,1750.2,1665.0,1887.4,1800.0,76.0,23.0,0.0,22.0,94.5,14.9,59.6,0.0,0.0,0.0,54,Yes,No,No,Yes,No,No,No,70.7,66.2,4,0,0,0,0,0,0,0,0,105,0,0,0,0,0,0,0,0,0,0,0,0,0,0,0,0,0,0,0,0,452,7740,7579,1746,8.0,0.0,0.0,0.0,0.0,0.0,0.0,0.0,0.0,0.0,0.0,0.0,0.0,0.00,0.00,0.00,0.00,0.00,0.00,0.00,0.00,0.00,0.00,0.00,0,0,0.0,0.0,3179,249,5.5,16.5,0,
3.7.2026,22:55:20.029,29477,16516,64.0,15409,17272,47.1,0.5,13312,69,1.313,1.306,1.306,1.306,1.306,1.306,1.306,1.331,1.331,4070.8,4042.7,4067.7,4067.7,4067.7,4067.7,4067.7,4092.6,4092.6,99.8,1701.2,3759.5,2071.6,3119.7,1763.3,1920.9,1896.4,1657.1,1700.5,1107.3,987.4,1484.4,1403.4,1390.9,1079.1,1039.2,839.2,1701.2,39.6,62.7,51.2,76.4,43.3,47.0,46.2,40.4,41.2,26.9,23.8,36.1,34.1,33.9,26.0,25.1,20.1,76.4,39.6,44.8,70.7,57.8,86.1,48.9,53.0,52.2,45.7,46.5,30.4,26.9,40.8,38.5,38.3,29.4,28.5,22.8,44.8,40.8,40.5,40.8,40.8,40.8,40.8,40.8,41.0,41.0,0.0,84.9,92.5,96.0,88.6,86.7,77.6,81.9,80.0,76.2,15.1,7.5,4.0,11.4,13.3,22.4,18.1,20.0,23.8,0.0,0.0,0.0,0.0,0.0,0.0,0.0,0.0,0.0,1197.8,12.00,16,16,16,39,55,661,1,74.0,74.1,78.0,70.2,72.2,72.7,71.6,70.6,68.5,69.2,68.5,68.3,64.0,64.2,63.8,55.0,52.6,1.306,1.025,1.312,15.383,12.527,15.372,76.450,42.710,4.571,5.602,6.015,4.966,4.643,3.658,4.211,3.898,3.572,20.542,12.901,33.443,42.841,1197.8,1197.8,4065.2,4065.2,4065.2,4065.2,48.7,25.6,84.9,78.0,56.1,No,No,No,1.756,4.851,6.8,50,95.0,100.0,No,No,90848,98731,33,99.0,No,No,3320,0.0,0.1,0.1,0.016,0.168,45697,35326,0.0,0.0,0.0,0.000,0.000,151,0,74.8,96.9,83.0,1.069,12.050,12.101,12.095,11.955,1869,154.269,69.814,127.143,46.829,110.371,31.549,78.552,0.336,127.143,29.826,37.310,109.077,220.000,240.000,1905.0,1750.2,1665.0,1887.4,1800.0,78.0,23.0,0.0,24.0,94.5,15.7,62.7,0.0,0.0,0.0,54,Yes,No,No,Yes,No,No,No,71.3,67.5,4,0,0,0,0,0,0,0,0,105,0,0,0,0,0,0,0,0,0,0,0,0,0,0,0,0,0,0,0,0,452,7740,7579,1746,8.0,0.0,0.0,0.0,0.0,0.0,0.0,0.0,0.0,0.0,0.0,0.0,0.0,0.00,0.00,0.00,0.00,0.00,0.00,0.00,0.00,0.00,0.00,0.00,0,0,0.0,0.0,3179,249,12.7,2.6,0,
3.7.2026,22:55:22.026,29479,16515,64.0,15405,17277,47.1,0.5,13312,69,1.320,1.325,1.325,1.331,1.331,1.331,1.306,1.306,1.306,4067.7,4067.7,4067.7,4067.7,4067.7,4067.7,4067.7,4067.7,4067.7,99.8,1716.1,3926.6,1651.9,3670.4,1444.0,2078.4,1808.2,1742.0,1780.0,1010.1,1047.2,1494.5,1454.6,1344.4,1170.7,917.3,916.9,1716.1,41.0,82.8,40.3,90.6,35.5,50.7,44.2,42.4,43.5,24.6,25.2,36.5,35.3,32.7,28.3,22.1,22.0,90.6,41.0,46.5,93.3,45.6,102.0,40.2,57.3,50.0,48.1,49.2,28.0,28.8,41.3,40.1,37.1,32.2,25.2,25.1,46.5,40.8,40.8,40.8,40.8,40.8,40.8,40.8,40.8,40.8,0.0,86.4,96.6,98.2,89.5,88.3,78.1,83.6,80.9,76.2,13.6,3.4,1.8,10.5,11.7,21.9,16.4,19.1,23.8,0.0,0.0,0.0,0.0,0.0,0.0,0.0,0.0,0.0,1197.8,12.00,16,16,16,39,55,661,1,74.9,75.6,75.8,70.8,73.5,74.6,72.0,71.4,68.7,69.6,68.7,68.0,64.3,64.5,64.1,56.5,52.9,1.325,1.031,1.331,15.985,12.487,15.989,77.798,43.488,4.689,6.121,6.624,5.015,4.718,3.539,4.229,3.908,3.362,21.320,12.863,34.183,43.572,1197.8,1197.8,4063.1,4063.1,4063.1,4063.1,49.5,26.6,86.4,79.5,56.6,No,No,No,1.707,4.392,6.9,50,95.0,100.0,No,No,90848,98731,33,99.0,No,No,3320,0.0,0.2,0.2,0.000,0.359,45697,35327,0.0,0.0,0.0,0.000,0.000,151,0,74.0,96.4,83.0,1.069,12.054,12.102,12.098,11.963,1873,149.898,64.522,122.689,44.715,104.668,30.805,73.623,0.336,122.689,26.511,17.696,101.489,220.000,240.000,1905.0,1750.2,1665.0,1887.8,1800.0,76.0,22.0,0.0,24.0,94.5,17.6,70.5,0.0,0.0,0.0,54,Yes,No,No,Yes,No,No,No,67.8,68.0,4,0,0,0,0,0,0,0,0,105,0,0,0,0,0,0,0,0,0,0,0,0,0,0,0,0,0,0,0,0,452,7740,7579,1747,8.0,0.0,0.0,0.0,0.0,0.0,0.0,0.0,0.0,0.0,0.0,0.0,0.0,0.00,0.00,0.00,0.00,0.00,0.00,0.00,0.00,0.00,0.00,0.00,0,0,0.0,0.0,3179,249,8.6,2.2,0,
3.7.2026,22:55:24.028,29476,16517,64.0,15403,17279,47.1,0.5,13312,69,1.309,1.331,1.288,1.325,1.306,1.306,1.306,1.306,1.306,4042.7,4042.7,4017.8,4067.7,4042.7,4042.7,4042.7,4042.7,4042.7,99.8,1873.2,3951.3,2171.9,3226.5,2164.1,2201.5,1996.1,1845.6,1907.1,1116.9,1248.7,1548.8,1721.2,1484.0,1387.8,973.7,1026.2,1873.2,44.7,75.3,53.6,80.0,53.1,54.5,48.2,45.2,46.9,27.4,30.7,38.1,42.3,36.6,33.9,23.9,25.0,80.0,44.7,50.1,84.7,60.1,90.0,59.6,61.2,54.1,50.7,52.6,30.6,34.3,42.7,47.4,41.0,37.9,26.7,27.9,50.1,40.5,40.5,40.2,40.8,40.5,40.5,40.5,40.5,40.5,0.0,88.0,97.3,99.1,91.1,88.9,80.6,85.2,83.5,78.0,12.0,2.7,0.9,8.9,11.1,19.4,14.8,16.5,22.0,0.0,0.0,0.0,0.0,0.0,0.0,0.0,0.0,0.0,1197.8,12.00,16,16,16,39,55,661,1,75.4,76.2,76.5,71.3,74.0,75.4,72.6,71.6,69.2,70.0,69.3,68.2,64.5,64.7,64.3,57.2,52.9,1.319,1.038,1.331,16.541,12.447,16.542,79.160,44.154,4.842,6.210,6.885,5.152,4.791,3.734,4.386,4.147,3.429,22.049,12.825,34.874,44.243,1197.8,1197.8,4061.8,4061.8,4061.8,4061.8,50.3,27.6,88.0,80.2,56.8,No,No,No,1.734,3.982,7.0,50,95.0,100.0,No,No,90848,98731,33,99.0,No,No,3320,0.0,0.0,0.0,0.000,0.078,45697,35327,0.0,0.0,0.0,0.000,0.000,151,0,74.4,96.6,83.0,1.069,12.050,12.097,12.094,11.959,1876,144.060,66.761,124.232,45.703,107.917,30.890,76.752,0.336,124.232,29.165,17.603,110.778,220.000,240.000,1905.0,1750.2,1665.0,1887.9,1800.0,86.0,22.0,0.0,33.0,94.5,16.4,65.7,0.0,0.0,0.0,54,Yes,No,No,Yes,No,No,No,69.7,69.7,4,0,0,0,0,0,0,0,0,105,0,0,0,0,0,0,0,0,0,0,0,0,0,0,0,0,0,0,0,0,452,7740,7579,1747,8.0,0.0,0.0,0.0,0.0,0.0,0.0,0.0,0.0,0.0,0.0,0.0,0.0,0.00,0.00,0.00,0.00,0.00,0.00,0.00,0.00,0.00,0.00,0.00,0,0,0.0,0.0,3179,249,9.1,6.0,0,
3.7.2026,22:55:26.026,29470,16523,64.0,15404,17277,47.1,0.5,13312,69,1.298,1.319,1.306,1.281,1.281,1.288,1.306,1.306,1.300,4039.6,4067.7,4042.7,4017.8,4017.8,4042.7,4042.7,4042.7,4042.7,99.8,1816.3,3971.7,3276.0,2474.0,2767.5,1846.8,2050.3,1786.3,1610.4,1004.2,1024.1,1450.2,1487.4,1361.2,1221.8,860.7,868.2,1816.3,41.6,50.4,80.5,60.5,68.8,45.1,51.2,43.7,39.4,24.6,25.0,35.6,36.5,33.2,29.9,20.8,21.2,80.5,41.6,47.0,56.8,90.7,68.2,77.5,50.9,57.7,49.4,44.5,27.8,28.3,40.2,41.2,37.5,33.8,23.7,24.1,47.0,40.5,40.8,40.5,40.2,40.2,40.5,40.5,40.5,40.5,0.0,86.5,97.8,99.0,90.0,87.1,77.7,83.1,81.2,75.7,13.5,2.2,1.0,10.0,12.9,22.3,16.9,18.8,24.3,0.0,0.0,0.0,0.0,0.0,0.0,0.0,0.0,0.0,1197.8,12.00,16,16,16,39,55,661,1,75.5,76.3,76.2,71.3,74.7,75.5,72.9,71.3,69.1,69.9,69.0,68.0,64.6,64.9,64.3,55.8,53.0,1.325,1.038,1.331,16.348,12.211,16.345,77.809,43.576,4.783,6.548,6.887,5.115,4.615,3.570,4.276,3.967,3.290,21.791,12.587,34.378,43.650,1197.8,1197.8,4061.6,4061.6,4061.6,4061.6,49.6,27.2,86.5,80.4,56.7,No,No,No,1.716,2.508,6.9,50,95.0,100.0,No,No,90848,98731,33,99.0,No,No,3320,0.0,0.0,0.0,0.033,0.033,45697,35327,0.0,0.0,0.0,0.000,0.000,151,0,74.2,96.4,83.0,1.069,12.047,12.099,12.093,11.950,1869,149.567,66.436,127.593,46.859,110.578,32.038,78.260,0.336,127.593,29.594,8.435,103.070,220.000,240.000,1905.0,1750.2,1665.0,1887.4,1800.0,67.0,24.0,0.0,14.0,94.4,14.7,58.9,0.0,0.0,0.0,54,Yes,No,No,Yes,No,No,No,71.4,67.8,4,0,0,0,0,0,0,0,0,105,0,0,0,0,0,0,0,0,0,0,0,0,0,0,0,0,0,0,0,0,456,7736,7575,1747,8.0,0.0,0.0,0.0,0.0,0.0,0.0,0.0,0.0,0.0,0.0,0.0,0.0,0.00,0.00,0.00,0.00,0.00,0.00,0.00,0.00,0.00,0.00,0.00,0,0,0.0,0.0,3179,249,13.8,7.6,0,
3.7.2026,22:55:28.043,29470,16523,64.0,15404,17277,47.1,0.5,13312,69,1.298,1.319,1.306,1.281,1.281,1.288,1.306,1.306,1.300,4039.6,4067.7,4042.7,4017.8,4017.8,4042.7,4042.7,4042.7,4042.7,99.8,1816.3,3971.7,3276.0,2474.0,2767.5,1846.8,2050.3,1786.3,1610.4,1004.2,1024.1,1450.2,1487.4,1361.2,1221.8,860.7,868.2,1816.3,41.6,50.4,80.5,60.5,68.8,45.1,51.2,43.7,39.4,24.6,25.0,35.6,36.5,33.2,29.9,20.8,21.2,80.5,41.6,47.0,56.8,90.7,68.2,77.5,50.9,57.7,49.4,44.5,27.8,28.3,40.2,41.2,37.5,33.8,23.7,24.1,47.0,40.5,40.8,40.5,40.2,40.2,40.5,40.5,40.5,40.5,0.0,86.5,97.8,99.0,90.0,87.1,77.7,83.1,81.2,75.7,13.5,2.2,1.0,10.0,12.9,22.3,16.9,18.8,24.3,0.0,0.0,0.0,0.0,0.0,0.0,0.0,0.0,0.0,1197.8,12.00,16,16,16,39,55,661,1,75.5,76.3,76.2,71.3,74.7,75.5,72.9,71.3,69.1,69.9,69.0,68.0,64.6,64.9,64.3,55.8,53.0,1.325,1.038,1.331,16.348,12.211,16.345,77.809,43.576,4.783,6.548,6.887,5.115,4.615,3.570,4.276,3.967,3.290,21.791,12.587,34.378,43.650,1197.8,1197.8,4061.6,4061.6,4061.6,4061.6,49.6,27.2,86.5,80.4,56.7,No,No,No,1.716,2.508,6.9,50,95.0,100.0,No,No,90848,98731,33,99.0,No,No,3320,0.0,0.0,0.0,0.033,0.033,45697,35327,0.0,0.0,0.0,0.000,0.000,151,0,74.8,97.2,83.0,1.069,12.049,12.101,12.094,11.952,1869,154.399,66.404,126.155,46.189,109.644,31.972,77.376,0.336,126.155,29.421,9.323,107.469,220.000,240.000,1905.0,1750.2,1665.0,1887.4,1800.0,68.0,24.0,0.0,14.0,94.4,14.7,58.9,0.0,0.0,0.0,54,Yes,No,No,Yes,No,No,No,70.7,73.6,4,0,0,0,0,0,0,0,0,105,0,0,0,0,0,0,0,0,0,0,0,0,0,0,0,0,0,0,0,0,456,7736,7575,1747,8.0,0.0,0.0,0.0,0.0,0.0,0.0,0.0,0.0,0.0,0.0,0.0,0.0,0.00,0.00,0.00,0.00,0.00,0.00,0.00,0.00,0.00,0.00,0.00,0,0,0.0,0.0,3179,249,13.8,7.6,0,
3.7.2026,22:55:30.056,29460,16533,64.0,15396,17285,47.1,0.5,13312,69,1.312,1.319,1.319,1.294,1.312,1.319,1.312,1.312,1.312,4048.9,4067.7,4067.7,4042.7,4042.7,4042.7,4042.7,4042.7,4042.7,99.8,1755.0,3949.4,2317.0,1952.0,3173.8,2072.8,1850.2,1990.7,1505.5,1007.6,1041.5,1567.7,1361.5,1364.9,1209.2,829.0,886.7,1755.0,41.7,70.0,56.9,47.9,80.9,49.8,47.8,48.6,37.2,24.7,25.9,38.3,33.8,33.6,30.3,20.5,21.6,80.9,41.7,47.2,78.9,64.3,54.2,91.2,56.2,54.0,54.9,42.2,28.1,29.4,43.4,38.3,38.1,34.4,23.4,24.6,47.2,40.6,40.8,40.8,40.5,40.5,40.5,40.5,40.5,40.5,0.0,86.4,97.2,99.1,90.1,87.5,78.0,82.7,80.9,76.0,13.6,2.8,0.9,9.9,12.5,22.0,17.3,19.1,24.0,0.0,0.0,0.0,0.0,0.0,0.0,0.0,0.0,0.0,1197.8,12.00,16,16,16,39,55,661,1,75.6,76.4,75.8,71.3,74.3,75.6,72.8,71.6,69.0,69.8,69.1,67.9,64.6,64.8,64.3,56.8,52.7,1.325,1.025,1.337,16.279,12.285,16.278,77.794,43.571,4.712,6.294,6.851,5.027,4.646,3.549,4.194,3.903,3.234,21.699,12.661,34.360,43.670,1197.8,1197.8,4061.7,4061.7,4061.7,4061.7,49.6,27.1,86.4,80.4,57.0,No,No,No,1.726,3.193,6.9,50,95.0,100.0,No,No,90848,98731,33,99.0,No,No,3320,0.0,0.0,0.1,0.027,0.107,45697,35327,0.0,0.0,0.0,0.000,0.000,151,0,73.7,95.5,83.0,1.069,12.057,12.105,12.100,11.966,1869,147.659,61.356,117.755,43.337,102.357,30.921,71.181,0.336,117.755,27.735,8.395,93.785,220.000,240.000,1905.0,1750.2,1665.0,1887.8,1800.0,60.0,22.0,0.0,11.0,94.4,13.7,54.9,0.0,0.0,0.0,54,Yes,No,No,Yes,No,No,No,66.1,66.0,4,0,0,0,0,0,0,0,0,105,0,0,0,0,0,0,0,0,0,0,0,0,0,0,0,0,0,0,0,0,457,7735,7574,1746,8.0,0.0,0.0,0.0,0.0,0.0,0.0,0.0,0.0,0.0,0.0,0.0,0.0,0.00,0.00,0.00,0.00,0.00,0.00,0.00,0.00,0.00,0.00,0.00,0,0,0.0,0.0,3179,249,10.4,1.7,0,
3.7.2026,22:55:32.057,29469,16525,64.0,15402,17280,47.1,0.5,13312,69,1.315,1.325,1.300,1.300,1.319,1.319,1.319,1.319,1.319,4058.3,4092.6,4017.8,4017.8,4067.7,4067.7,4067.7,4067.7,4067.7,99.8,1738.1,3899.8,1794.2,3301.3,1791.8,2126.9,1862.9,2010.1,1585.5,1082.4,1037.0,1518.2,1392.0,1388.1,1211.0,834.6,973.0,1738.1,41.7,77.3,44.1,81.6,44.7,52.5,45.9,49.4,39.0,27.0,25.6,37.5,34.4,34.1,29.9,20.5,23.9,81.6,41.7,46.8,87.1,49.5,91.9,50.2,59.1,51.5,55.5,43.7,30.2,28.6,42.0,38.6,38.2,33.4,22.8,26.7,46.8,40.7,41.0,40.2,40.2,40.8,40.8,40.8,40.8,40.8,0.0,85.6,96.0,97.2,89.4,87.5,77.3,82.0,80.6,75.2,14.4,4.0,2.8,10.6,12.5,22.7,18.0,19.4,24.8,0.0,0.0,0.0,0.0,0.0,0.0,0.0,0.0,0.0,1197.8,12.00,16,16,16,39,55,661,1,75.2,75.3,71.2,70.7,73.0,74.4,72.1,71.2,68.8,69.4,68.7,67.8,64.5,64.7,64.2,55.0,53.1,1.337,1.025,1.331,15.436,12.930,15.440,77.078,43.384,4.558,5.839,6.519,4.920,4.574,3.489,4.051,3.841,3.230,20.591,13.313,33.903,43.453,1197.8,1197.8,4063.4,4063.4,4063.4,4063.4,49.4,25.7,85.6,79.2,56.2,No,No,No,1.623,7.152,6.9,50,95.0,100.0,No,No,90848,98731,33,99.0,No,No,3320,0.0,0.0,0.0,0.000,0.049,45697,35327,0.0,0.0,0.0,0.000,0.000,151,0,73.4,95.0,83.0,1.069,12.062,12.105,12.104,11.978,1873,137.495,66.091,114.385,41.534,98.695,29.369,69.142,0.336,114.385,25.809,67.685,99.573,220.000,240.000,1905.0,1750.2,1665.0,1888.5,1800.0,85.0,18.0,0.0,35.0,94.4,15.8,63.4,0.0,0.0,0.0,54,Yes,No,No,Yes,No,No,No,63.7,65.1,4,0,0,0,0,0,0,0,0,105,0,0,0,0,0,0,0,0,0,0,0,0,0,0,0,0,0,0,0,0,457,7735,7574,1746,8.0,0.0,0.0,0.0,0.0,0.0,0.0,0.0,0.0,0.0,0.0,0.0,0.0,0.00,0.00,0.00,0.00,0.00,0.00,0.00,0.00,0.00,0.00,0.00,0,0,0.0,0.0,3179,249,8.4,12.3,0,
3.7.2026,22:55:34.057,29470,16524,64.0,15401,17280,47.1,0.5,13312,69,1.324,1.337,1.319,1.319,1.319,1.319,1.319,1.331,1.331,4070.8,4092.6,4067.7,4067.7,4067.7,4067.7,4067.7,4067.7,4067.7,99.8,1588.2,3909.8,2001.5,2037.7,2308.0,1892.1,1708.6,1652.8,1482.3,947.0,945.1,1314.0,1326.3,1106.0,1166.2,759.7,853.4,1588.2,37.3,71.7,48.9,50.0,56.6,46.2,41.7,40.4,36.2,23.0,23.0,32.0,32.3,26.9,28.4,18.4,20.7,71.7,37.3,42.2,81.0,55.3,56.5,64.1,52.3,47.2,45.8,41.0,26.2,26.1,36.4,36.6,30.5,32.2,21.0,23.6,42.3,40.8,41.0,40.8,40.8,40.8,40.8,40.8,40.8,40.8,0.0,82.1,96.0,90.8,86.1,84.3,73.9,78.1,76.2,71.5,17.9,4.0,9.2,13.9,15.7,26.1,21.9,23.8,28.5,0.0,0.0,0.0,0.0,0.0,0.0,0.0,0.0,0.0,1197.8,12.00,16,16,16,39,55,661,1,74.1,73.6,73.2,69.8,72.8,71.5,71.5,69.9,68.3,68.7,68.2,67.4,64.2,64.4,64.0,57.8,53.3,1.356,1.025,1.363,14.273,12.850,14.269,73.923,41.784,4.265,5.809,5.298,4.675,4.266,3.392,3.896,3.636,3.150,19.137,13.224,32.362,41.881,1197.8,1197.8,4073.8,4073.8,4073.8,4073.8,47.6,23.8,82.1,77.4,55.9,No,No,No,1.598,7.000,6.6,50,95.0,100.0,No,No,90848,98731,33,99.0,No,No,3320,0.0,0.1,0.1,0.016,0.122,45697,35328,0.0,0.0,0.0,0.000,0.000,151,0,73.1,94.5,83.0,1.069,12.075,12.118,12.114,11.994,1880,142.530,55.995,108.147,38.183,92.948,28.366,64.413,0.336,108.147,22.983,17.304,79.122,220.000,240.000,1905.0,1750.2,1665.0,1888.3,1800.0,88.0,16.0,0.0,41.0,94.4,20.3,81.3,0.0,0.0,0.0,54,Yes,No,No,Yes,No,No,No,59.6,61.8,4,0,0,0,0,0,0,0,0,105,0,0,0,0,0,0,0,0,0,0,0,0,0,0,0,0,0,0,0,0,457,7735,7574,1746,8.0,0.0,0.0,0.0,0.0,0.0,0.0,0.0,0.0,0.0,0.0,0.0,0.0,0.00,0.00,0.00,0.00,0.00,0.00,0.00,0.00,0.00,0.00,0.00,0,0,0.0,0.0,3179,249,2.9,13.8,0,
3.7.2026,22:55:36.074,29467,16526,64.0,15401,17281,47.1,0.5,13312,69,1.324,1.300,1.325,1.325,1.331,1.331,1.331,1.325,1.325,4064.5,4042.7,4067.7,4067.7,4067.7,4067.7,4067.7,4067.7,4067.7,99.8,1695.8,3878.7,2987.8,1727.2,2706.1,1806.2,1895.4,1653.3,1567.5,990.1,972.3,1341.1,1421.7,1160.3,1209.9,804.5,1010.9,1695.8,38.8,49.9,73.8,42.5,66.7,44.3,46.6,40.6,38.5,24.3,23.9,32.9,34.9,28.3,29.8,19.6,24.7,73.8,38.8,43.6,56.1,83.0,47.7,75.0,49.8,52.4,45.6,43.2,27.2,26.8,36.9,39.2,31.7,33.4,21.9,27.7,43.6,40.7,40.5,40.8,40.8,40.8,40.8,40.8,40.8,40.8,0.0,84.8,95.5,92.8,88.4,86.6,77.2,81.9,79.8,76.2,15.2,4.5,7.2,11.6,13.4,22.8,18.1,20.2,23.8,0.0,0.0,0.0,0.0,0.0,0.0,0.0,0.0,0.0,1197.8,12.00,16,16,16,39,55,661,1,74.1,74.3,74.0,70.3,73.1,71.8,71.8,70.4,68.7,69.5,68.7,68.4,64.3,64.5,64.1,55.0,52.5,1.344,1.038,1.344,15.122,12.530,15.122,76.322,42.411,4.445,5.919,5.414,4.841,4.466,3.518,4.135,3.792,3.474,20.169,12.906,33.076,42.483,1197.8,1197.8,4062.1,4062.1,4062.1,4062.1,48.3,25.2,84.8,78.2,56.5,No,No,No,1.714,4.734,6.8,50,95.0,100.0,No,No,90848,98731,33,99.0,No,No,3320,0.0,0.0,0.1,0.008,0.067,45697,35328,0.0,0.0,0.0,0.000,0.000,151,0,75.0,97.2,83.0,1.069,12.053,12.099,12.097,11.963,1876,152.797,66.805,125.318,46.001,109.018,30.816,77.972,0.336,125.318,29.574,8.590,115.109,220.000,240.000,1905.0,1750.2,1665.0,1887.8,1800.0,93.0,23.0,0.0,38.0,94.4,20.2,81.0,0.0,0.0,0.0,54,Yes,No,No,Yes,No,No,No,70.4,72.1,4,0,0,0,0,0,0,0,0,105,0,0,0,0,0,0,0,0,0,0,0,0,0,0,0,0,0,0,0,0,457,7735,7574,1746,8.0,0.0,0.0,0.0,0.0,0.0,0.0,0.0,0.0,0.0,0.0,0.0,0.0,0.00,0.00,0.00,0.00,0.00,0.00,0.00,0.00,0.00,0.00,0.00,0,0,0.0,0.0,3179,250,3.8,12.3,0,
3.7.2026,22:55:38.070,29470,16524,64.0,15404,17278,47.1,0.5,13312,69,1.337,1.331,1.337,1.337,1.337,1.337,1.337,1.337,1.337,4067.7,4067.7,4067.7,4067.7,4067.7,4067.7,4067.7,4067.7,4067.7,99.8,1581.5,3890.7,3238.2,1600.8,2584.8,1701.5,1708.7,1400.4,1499.9,806.7,888.4,1157.7,1268.5,1027.7,1090.9,658.6,779.6,1581.5,35.5,42.1,79.8,39.4,63.8,41.8,41.9,34.4,36.8,19.8,21.8,28.4,31.3,25.1,26.8,16.1,19.1,79.8,35.5,39.9,47.3,90.0,44.3,71.9,47.0,47.1,38.6,41.4,22.2,24.4,31.9,35.1,28.1,30.1,17.9,21.3,39.9,40.8,40.8,40.8,40.8,40.8,40.8,40.8,40.8,40.8,0.0,82.3,95.6,90.6,85.8,84.1,74.0,78.7,77.2,72.2,17.7,4.4,9.4,14.2,15.9,26.0,21.3,22.8,27.8,0.0,0.0,0.0,0.0,0.0,0.0,0.0,0.0,0.0,1197.8,12.00,16,16,16,39,55,661,1,74.0,74.1,73.8,69.8,73.4,71.6,71.6,69.9,68.3,68.5,68.2,67.2,64.3,64.6,64.1,56.5,53.2,1.350,1.031,1.350,14.410,11.975,14.414,74.040,40.714,4.299,6.183,5.355,4.723,4.248,3.336,3.847,3.613,3.083,19.270,12.333,31.603,40.841,1197.8,1197.8,4069.1,4069.1,4069.1,4069.1,46.4,24.0,82.3,78.0,55.9,No,No,No,1.782,1.857,6.6,50,95.0,100.0,No,No,90848,98731,33,99.0,No,No,3320,0.0,0.1,0.1,0.000,0.127,45697,35328,0.0,0.0,0.0,0.000,0.000,151,0,74.1,96.3,83.0,1.069,12.059,12.108,12.102,11.968,1876,147.226,67.768,117.014,42.837,102.151,31.188,70.732,0.336,117.014,27.841,67.749,100.822,220.000,240.000,1905.0,1750.2,1665.0,1887.8,1800.0,64.0,23.0,0.0,11.0,94.4,14.7,58.9,0.0,0.0,0.0,54,Yes,No,No,Yes,No,No,No,65.8,67.8,4,0,0,0,0,0,0,0,0,105,0,0,0,0,0,0,0,0,0,0,0,0,0,0,0,0,0,0,0,0,457,7735,7574,1747,8.0,0.0,0.0,0.0,0.0,0.0,0.0,0.0,0.0,0.0,0.0,0.0,0.0,0.00,0.00,0.00,0.00,0.00,0.00,0.00,0.00,0.00,0.00,0.00,0,0,0.0,0.0,3179,250,1.7,1.8,0,
3.7.2026,22:55:40.077,29473,16521,64.0,15405,17276,47.1,0.5,13312,69,1.325,1.325,1.325,1.325,1.325,1.325,1.325,1.325,1.325,4067.7,4067.7,4067.7,4067.7,4067.7,4067.7,4067.7,4067.7,4067.7,99.8,1532.7,3736.0,1915.1,2799.1,1779.5,1721.3,1626.5,1501.2,1519.4,786.1,941.7,1251.9,1219.5,1031.3,1147.1,615.3,932.3,1532.7,35.6,61.5,47.2,68.5,43.8,41.9,40.0,36.6,37.2,19.0,22.9,30.6,29.7,24.9,28.0,14.7,22.6,68.5,35.6,40.2,69.4,53.3,77.4,49.4,47.3,45.2,41.4,42.0,21.5,25.9,34.5,33.6,28.1,31.7,16.6,25.5,40.2,40.8,40.8,40.8,40.8,40.8,40.8,40.8,40.8,40.8,0.0,82.7,91.8,94.3,85.6,85.1,74.8,78.9,77.8,73.7,17.3,8.2,5.7,14.4,14.9,25.2,21.1,22.2,26.3,0.0,0.0,0.0,0.0,0.0,0.0,0.0,0.0,0.0,1197.8,12.00,16,16,16,39,55,661,1,74.0,73.8,71.5,69.9,72.4,72.6,71.3,70.3,68.3,68.8,68.2,67.4,64.3,64.6,64.1,56.5,53.5,1.337,1.031,1.350,14.752,12.064,14.751,74.467,41.375,4.330,5.661,5.877,4.667,4.368,3.334,3.894,3.682,3.160,19.746,12.426,32.172,41.418,1197.8,1197.8,4070.5,4070.6,4070.4,4070.6,47.1,24.6,82.7,77.7,56.8,No,No,No,1.758,2.092,6.6,50,95.0,100.0,No,No,90848,98731,33,99.0,No,No,3320,0.0,0.0,0.0,0.000,0.004,45697,35328,0.0,0.0,0.0,0.000,0.000,151,0,75.1,97.6,83.0,1.069,12.047,12.099,12.093,11.950,1876,151.554,67.665,128.222,47.027,110.442,31.525,78.641,0.336,128.222,29.021,8.444,114.771,220.000,240.000,1905.0,1750.2,1665.0,1887.6,1800.0,71.0,25.0,0.0,13.0,94.4,14.2,56.7,0.0,0.0,0.0,54,Yes,No,No,Yes,No,No,No,71.5,76.3,4,0,0,0,0,0,0,0,0,105,0,0,0,0,0,0,0,0,0,0,0,0,0,0,0,0,0,0,0,0,457,7735,7574,1747,8.0,0.0,0.0,0.0,0.0,0.0,0.0,0.0,0.0,0.0,0.0,0.0,0.0,0.00,0.00,0.00,0.00,0.00,0.00,0.00,0.00,0.00,0.00,0.00,0,0,0.0,0.0,3179,250,2.1,1.8,0,
3.7.2026,22:55:42.074,29472,16521,64.0,15404,17278,47.1,0.5,13312,69,1.312,1.325,1.312,1.312,1.312,1.312,1.306,1.306,1.306,4045.8,4067.7,4042.7,4042.7,4042.7,4042.7,4042.7,4042.7,4042.7,99.8,1594.3,3786.7,1904.7,2869.8,1715.3,1692.5,1813.7,1471.8,1730.5,846.1,1072.0,1209.7,1445.4,1058.0,1247.2,662.3,983.1,1594.3,37.5,65.8,47.0,71.0,42.4,41.6,44.6,36.1,42.6,20.9,26.4,29.7,35.6,25.8,30.7,16.2,24.1,71.0,37.5,42.0,74.0,52.7,79.9,47.5,46.6,50.0,40.4,47.8,23.3,29.4,33.2,39.9,28.8,34.4,18.0,26.9,42.0,40.5,40.8,40.5,40.5,40.5,40.5,40.5,40.5,40.5,0.0,83.9,93.2,93.8,86.8,86.3,76.5,80.5,79.3,74.9,16.1,6.8,6.2,13.2,13.7,23.5,19.5,20.7,25.1,0.0,0.0,0.0,0.0,0.0,0.0,0.0,0.0,0.0,1197.8,12.00,16,16,16,39,55,661,1,74.0,74.0,72.0,70.2,72.7,72.6,71.5,70.7,68.5,69.0,68.5,67.7,64.4,64.7,64.2,56.2,53.3,1.325,1.031,1.331,14.912,11.908,14.911,75.528,41.281,4.381,5.726,5.797,4.703,4.494,3.452,3.977,3.712,3.189,19.894,12.267,32.161,41.389,1197.8,1197.8,4063.8,4063.8,4063.8,4063.8,47.0,24.9,83.9,77.9,56.6,No,No,No,1.811,1.666,6.7,50,95.0,100.0,No,No,90848,98731,33,99.0,No,No,3320,0.0,0.0,0.0,0.000,0.018,45697,35328,0.0,0.0,0.0,0.000,0.000,151,0,74.8,97.1,83.0,1.069,12.050,12.101,12.095,11.954,1876,150.646,68.965,126.520,46.225,108.887,31.594,77.032,0.336,126.520,28.391,48.664,95.482,220.000,240.000,1905.0,1750.2,1665.0,1887.7,1800.0,63.0,24.0,0.0,9.0,94.4,14.7,58.6,0.0,0.0,0.0,54,Yes,No,No,Yes,No,No,No,70.4,71.3,4,0,0,0,0,0,0,0,0,105,0,0,0,0,0,0,0,0,0,0,0,0,0,0,0,0,0,0,0,0,457,7735,7574,1748,8.0,0.0,0.0,0.0,0.0,0.0,0.0,0.0,0.0,0.0,0.0,0.0,0.0,0.00,0.00,0.00,0.00,0.00,0.00,0.00,0.00,0.00,0.00,0.00,0,0,0.0,0.0,3179,250,2.3,4.6,0,
3.7.2026,22:55:44.076,29479,16515,64.0,15411,17270,47.1,0.5,13312,69,1.326,1.325,1.325,1.325,1.331,1.325,1.325,1.325,1.325,4042.7,4067.7,4067.7,4067.7,4067.7,4017.8,4017.8,4017.8,4017.8,99.8,1601.1,3724.4,2059.4,2500.9,2251.8,1687.3,1898.3,1348.3,1766.5,819.3,1033.5,1207.0,1436.9,1034.3,1252.9,649.0,947.6,1601.1,37.1,59.1,50.6,61.6,55.3,41.2,46.5,32.8,43.2,19.8,25.1,29.5,35.1,24.8,30.7,15.6,22.9,61.6,37.1,41.9,66.7,57.1,69.4,62.5,46.5,52.4,37.1,48.8,22.5,28.4,33.3,39.7,28.0,34.6,17.7,25.9,41.9,40.5,40.8,40.8,40.8,40.8,40.2,40.2,40.2,40.2,0.0,83.8,91.6,95.9,87.3,85.7,76.1,80.2,79.1,74.5,16.2,8.4,4.1,12.7,14.3,23.9,19.8,20.9,25.5,0.0,0.0,0.0,0.0,0.0,0.0,0.0,0.0,0.0,1197.8,12.00,16,16,16,39,55,661,1,74.0,74.1,73.5,70.2,72.3,72.9,71.7,70.4,68.6,69.1,68.5,67.7,64.5,64.8,64.2,58.0,53.5,1.319,1.019,1.325,14.754,12.158,14.755,75.422,41.390,4.356,5.490,5.960,4.784,4.347,3.429,3.966,3.710,3.163,19.685,12.521,32.206,41.488,1197.8,1197.8,4064.2,4064.2,4064.2,4064.2,47.1,24.6,83.8,78.0,56.3,No,No,No,1.798,2.569,6.7,50,95.0,100.0,No,No,90848,98731,33,99.0,No,No,3320,0.0,0.0,0.0,0.002,0.089,45697,35328,0.0,0.0,0.0,0.000,0.000,151,0,75.1,97.4,83.0,1.069,12.055,12.105,12.099,11.960,1876,151.397,64.373,124.031,45.187,107.050,31.240,75.518,0.336,124.031,27.957,8.784,99.595,220.000,240.000,1905.0,1750.2,1665.0,1887.6,1800.0,67.0,24.0,0.0,12.0,94.4,14.4,57.5,0.0,0.0,0.0,54,Yes,No,No,Yes,No,No,No,69.0,69.5,4,0,0,0,0,0,0,0,0,105,0,0,0,0,0,0,0,0,0,0,0,0,0,0,0,0,0,0,0,0,456,7736,7574,1748,8.0,0.0,0.0,0.0,0.0,0.0,0.0,0.0,0.0,0.0,0.0,0.0,0.0,0.00,0.00,0.00,0.00,0.00,0.00,0.00,0.00,0.00,0.00,0.00,0,0,0.0,0.0,3179,250,6.8,4.5,0,
3.7.2026,22:55:46.073,29468,16526,64.0,15402,17279,47.1,0.5,13312,69,1.321,1.325,1.331,1.319,1.319,1.319,1.319,1.319,1.319,4064.5,4067.7,4042.7,4067.7,4067.7,4067.7,4067.7,4067.7,4067.7,99.8,1658.3,3793.3,2703.7,1552.8,3070.8,1487.7,2148.8,1282.0,1934.0,781.2,1124.1,1177.2,1581.8,996.2,1317.1,615.0,967.3,1658.3,37.7,49.9,66.4,38.0,75.7,36.0,52.8,30.9,47.3,18.7,27.3,28.5,38.5,23.9,31.9,14.5,23.2,75.7,37.7,42.7,56.4,74.9,43.0,85.4,40.8,59.6,35.1,53.6,21.4,31.0,32.3,43.6,27.2,36.3,16.7,26.5,42.7,40.7,40.8,40.5,40.8,40.8,40.8,40.8,40.8,40.8,0.0,84.2,93.3,94.7,88.0,86.4,76.9,81.3,79.1,74.2,15.8,6.7,5.3,12.0,13.6,23.1,18.7,20.9,25.8,0.0,0.0,0.0,0.0,0.0,0.0,0.0,0.0,0.0,1197.8,12.00,16,16,16,39,55,661,1,73.9,74.1,74.0,70.1,72.8,72.4,71.8,70.2,68.4,69.1,68.3,67.6,64.4,64.7,64.1,55.8,53.2,1.337,1.031,1.344,14.583,12.656,14.582,75.824,41.819,4.328,5.697,5.651,4.767,4.328,3.388,4.003,3.672,3.121,19.453,13.028,32.482,41.931,1197.8,1197.8,4063.5,4063.5,4063.5,4063.5,47.6,24.3,84.2,78.0,56.0,No,No,No,1.700,5.528,6.7,50,95.0,100.0,No,No,90848,98731,33,99.0,No,No,3320,0.0,0.0,0.0,0.000,0.018,45697,35328,0.0,0.0,0.0,0.000,0.000,151,0,75.4,97.5,83.0,1.069,12.051,12.096,12.095,11.962,1876,153.735,66.484,126.437,45.856,108.258,30.479,77.553,0.336,126.437,27.552,18.101,103.827,220.000,240.000,1905.0,1750.2,1665.0,1887.8,1800.0,97.0,20.0,0.0,40.0,94.4,16.7,66.7,0.0,0.0,0.0,54,Yes,No,No,Yes,No,No,No,68.9,69.1,4,0,0,0,0,0,0,0,0,105,0,0,0,0,0,0,0,0,0,0,0,0,0,0,0,0,0,0,0,0,456,7736,7574,1749,8.0,0.0,0.0,0.0,0.0,0.0,0.0,0.0,0.0,0.0,0.0,0.0,0.0,0.00,0.00,0.00,0.00,0.00,0.00,0.00,0.00,0.00,0.00,0.00,0,0,0.0,0.0,3179,250,6.2,1.9,0,
3.7.2026,22:55:48.072,29477,16517,64.0,15409,17272,47.1,0.5,13312,69,1.318,1.312,1.319,1.319,1.319,1.319,1.319,1.319,1.319,4064.5,4042.7,4067.7,4067.7,4067.7,4067.7,4067.7,4067.7,4067.7,99.8,1617.5,3757.2,2454.7,1468.1,3242.5,1477.4,2112.4,1270.6,1870.4,690.9,1079.2,1087.6,1512.8,963.4,1312.6,584.6,995.4,1617.5,37.0,51.0,60.5,36.0,80.0,36.0,52.1,30.9,45.9,16.6,26.3,26.4,37.2,23.2,32.2,14.0,24.2,80.0,37.0,41.8,57.5,68.2,40.6,90.2,40.6,58.7,34.9,51.8,18.9,29.7,29.8,41.9,26.2,36.3,15.8,27.3,41.8,40.7,40.5,40.8,40.8,40.8,40.8,40.8,40.8,40.8,0.0,84.6,92.5,95.7,88.7,87.0,76.4,81.2,80.1,75.4,15.4,7.5,4.3,11.3,13.0,23.6,18.8,19.9,24.6,0.0,0.0,0.0,0.0,0.0,0.0,0.0,0.0,0.0,1197.8,12.00,16,16,16,39,55,661,1,73.9,74.3,74.0,70.3,72.6,73.2,71.9,70.7,68.4,69.2,68.4,67.7,64.5,64.8,64.2,57.0,53.6,1.319,1.025,1.331,14.970,12.117,14.969,76.152,41.663,4.377,5.612,6.008,4.811,4.449,3.344,3.941,3.687,3.161,19.952,12.481,32.432,41.692,1197.8,1197.8,4062.7,4062.7,4062.7,4062.7,47.4,24.9,84.6,78.3,56.8,No,No,No,1.814,2.123,6.8,50,95.0,100.0,No,No,90848,98731,33,99.0,No,No,3320,0.0,0.0,0.0,0.016,0.076,45697,35328,0.0,0.0,0.0,0.000,0.000,151,0,75.0,97.2,83.0,1.069,12.062,12.110,12.105,11.970,1883,153.464,61.619,118.359,43.184,102.809,31.015,71.550,0.336,118.359,27.472,8.652,94.456,220.000,240.000,1905.0,1750.2,1665.0,1887.3,1800.0,65.0,24.0,0.0,10.0,94.4,16.6,66.2,0.0,0.0,0.0,54,Yes,No,No,Yes,No,No,No,66.3,66.8,4,0,0,0,0,0,0,0,0,105,0,0,0,0,0,0,0,0,0,0,0,0,0,0,0,0,0,0,0,0,457,7735,7574,1747,8.0,0.0,0.0,0.0,0.0,0.0,0.0,0.0,0.0,0.0,0.0,0.0,0.0,0.00,0.00,0.00,0.00,0.00,0.00,0.00,0.00,0.00,0.00,0.00,0,0,0.0,0.0,3179,250,3.7,1.7,0,
3.7.2026,22:55:50.078,29472,16522,64.0,15409,17273,47.1,0.5,13312,69,1.320,1.319,1.325,1.319,1.319,1.319,1.319,1.319,1.319,4067.7,4067.7,4067.7,4067.7,4067.7,4067.7,4067.7,4067.7,4067.7,99.8,1474.3,3880.6,1557.9,2302.9,1893.3,1577.3,1793.1,1297.0,1616.7,695.9,975.1,1127.8,1337.8,926.0,1221.6,519.4,866.9,1474.3,35.1,77.0,38.4,56.7,46.8,38.4,44.3,31.7,39.8,17.1,24.1,27.7,33.0,22.6,30.1,12.7,21.3,77.0,35.1,39.4,86.8,43.0,63.8,52.6,43.1,49.8,35.6,44.7,19.0,26.9,30.9,36.9,25.1,33.7,14.0,23.8,39.4,40.8,40.8,40.8,40.8,40.8,40.8,40.8,40.8,40.8,0.0,83.0,95.4,91.6,86.6,85.1,74.9,79.3,78.1,72.7,17.0,4.6,8.4,13.4,14.9,25.1,20.7,21.9,27.3,0.0,0.0,0.0,0.0,0.0,0.0,0.0,0.0,0.0,1197.8,12.00,16,16,16,39,55,661,1,73.9,74.1,72.2,70.0,73.1,72.0,71.7,70.2,68.4,69.0,68.4,67.5,64.5,64.8,64.2,56.5,53.0,1.337,1.031,1.344,14.422,11.938,14.421,74.665,40.689,4.287,5.911,5.452,4.719,4.287,3.312,3.901,3.660,3.051,19.280,12.296,31.576,40.805,1197.8,1197.8,4068.4,4068.4,4068.4,4068.4,46.4,24.0,83.0,78.0,56.0,No,No,No,1.737,1.848,6.6,50,95.0,100.0,No,No,90848,98731,33,99.0,No,No,3320,0.0,0.0,0.1,0.032,0.036,45697,35328,0.0,0.0,0.0,0.000,0.000,151,0,75.0,97.3,83.0,1.069,12.048,12.096,12.093,11.956,1880,151.189,69.883,121.191,45.216,105.858,31.252,74.337,0.336,121.191,29.658,65.962,103.831,220.000,240.000,1905.0,1750.2,1665.0,1887.5,1800.0,65.0,24.0,0.0,11.0,94.4,14.0,56.1,0.0,0.0,0.0,54,Yes,No,No,Yes,No,No,No,68.6,67.2,4,0,0,0,0,0,0,0,0,105,0,0,0,0,0,0,0,0,0,0,0,0,0,0,0,0,0,0,0,0,457,7735,7574,1747,8.0,0.0,0.0,0.0,0.0,0.0,0.0,0.0,0.0,0.0,0.0,0.0,0.0,0.00,0.00,0.00,0.00,0.00,0.00,0.00,0.00,0.00,0.00,0.00,0,0,0.0,0.0,3179,250,9.9,2.0,0,
3.7.2026,22:55:52.074,29474,16520,64.0,15408,17273,47.1,0.5,13312,69,1.311,1.325,1.281,1.281,1.294,1.325,1.331,1.331,1.319,4039.6,4067.7,4017.8,4017.8,4017.8,4067.7,4067.7,4017.8,4042.7,99.8,1577.8,3887.9,1637.3,2385.4,1958.3,1710.1,1840.3,1484.3,1666.5,876.9,1076.5,1285.8,1391.0,1037.7,1216.8,724.9,1065.2,1577.8,37.6,79.5,40.2,58.5,48.3,41.8,45.3,36.2,40.9,21.3,26.3,31.4,34.1,25.1,29.8,17.4,26.0,79.5,37.6,42.4,89.5,45.2,65.9,54.4,47.0,51.0,40.8,46.0,24.0,29.6,35.4,38.4,28.3,33.5,19.7,29.3,42.4,40.5,40.8,40.2,40.2,40.2,40.8,40.8,40.2,40.5,0.0,84.2,95.8,92.2,87.9,86.0,76.4,80.9,78.6,75.7,15.8,4.2,7.8,12.1,14.0,23.6,19.1,21.4,24.3,0.0,0.0,0.0,0.0,0.0,0.0,0.0,0.0,0.0,1197.8,12.00,16,16,16,39,55,661,1,81.8,75.1,74.8,70.8,73.7,72.5,72.1,71.0,69.3,69.7,68.9,69.0,64.7,64.9,64.4,55.5,53.2,1.337,1.025,1.344,15.305,12.277,15.309,75.766,42.297,4.482,6.057,5.523,4.781,4.519,3.589,4.106,3.746,3.534,20.411,12.646,33.057,42.367,1197.8,1197.8,4060.0,4060.0,4060.0,4060.0,48.1,25.5,84.2,79.0,56.8,No,No,No,1.730,3.038,6.7,50,95.0,100.0,No,No,90848,98731,33,99.0,No,No,3320,0.0,0.0,0.0,0.000,0.008,45697,35329,0.0,0.0,0.0,0.000,0.000,151,0,75.0,97.2,83.0,1.069,12.049,12.099,12.095,11.954,1880,147.024,67.527,126.730,46.375,109.581,31.583,77.735,0.336,126.730,29.015,29.507,97.684,220.000,240.000,1905.0,1750.2,1665.0,1887.7,1800.0,81.0,24.0,0.0,23.0,94.4,14.2,57.0,0.0,0.0,0.0,54,Yes,No,No,Yes,No,No,No,70.8,67.2,4,0,0,0,0,0,0,0,0,105,0,0,0,0,0,0,0,0,0,0,0,0,0,0,0,0,0,0,0,0,459,7733,7572,1747,8.0,0.0,0.0,0.0,0.0,0.0,0.0,0.0,0.0,0.0,0.0,0.0,0.0,0.00,0.00,0.00,0.00,0.00,0.00,0.00,0.00,0.00,0.00,0.00,0,0,0.0,0.0,3179,250,14.1,2.2,0,
3.7.2026,22:55:54.077,29533,16461,64.2,15441,17241,47.2,0.5,13312,69,1.325,1.312,1.331,1.331,1.325,1.325,1.325,1.325,1.325,4067.7,4067.7,4067.7,4067.7,4067.7,4067.7,4067.7,4067.7,4067.7,99.8,1567.0,3858.2,2124.9,2288.7,2101.7,1740.6,1778.5,1432.5,1591.1,862.5,951.7,1263.9,1300.5,1041.5,1203.6,688.3,843.2,1567.0,36.6,64.5,52.3,56.2,52.1,42.8,43.8,35.2,39.2,21.2,23.4,31.0,32.0,25.3,29.7,16.7,20.7,64.5,36.6,41.1,72.6,58.9,63.2,58.6,48.1,49.2,39.5,44.0,23.7,26.2,34.8,35.9,28.4,33.4,18.7,23.1,41.1,40.8,40.8,40.8,40.8,40.8,40.8,40.8,40.8,40.8,0.0,83.4,95.0,92.6,87.3,85.4,75.4,79.5,78.8,73.4,16.6,5.0,7.4,12.7,14.6,24.6,20.5,21.2,26.6,0.0,0.0,0.0,0.0,0.0,0.0,0.0,0.0,0.0,1197.8,12.00,16,16,16,39,55,661,1,78.8,74.3,73.2,70.4,73.1,72.5,72.1,70.6,68.8,69.2,68.8,67.8,64.7,65.0,64.4,57.8,53.7,1.337,1.031,1.331,14.616,12.360,14.620,75.081,41.489,4.332,5.828,5.550,4.787,4.359,3.404,3.890,3.696,3.138,19.500,12.724,32.225,41.579,1197.8,1197.8,4062.9,4062.9,4062.9,4062.9,47.2,24.4,83.4,78.3,56.1,No,No,No,1.745,3.740,6.7,50,95.0,100.0,No,No,90848,98731,33,99.0,No,No,3320,0.0,0.1,0.1,0.042,0.103,45697,35329,0.0,0.0,0.0,0.000,0.000,151,0,75.6,97.6,83.0,1.069,12.048,12.099,12.094,11.950,1883,152.832,70.781,127.458,46.570,111.637,32.051,79.302,0.336,127.458,30.505,43.040,109.449,220.000,240.000,1905.0,1750.2,1665.0,1887.4,1800.0,71.0,26.0,0.0,13.0,94.4,14.8,59.2,0.0,0.0,0.0,54,Yes,No,No,Yes,No,No,No,71.8,78.9,4,0,0,0,0,0,0,0,0,105,0,0,0,0,0,0,0,0,0,0,0,0,0,0,0,0,0,0,0,0,460,7732,7570,1717,8.0,0.0,0.0,0.0,0.0,0.0,0.0,0.0,0.0,0.0,0.0,0.0,0.0,0.00,0.00,0.00,0.00,0.00,0.00,0.00,0.00,0.00,0.00,0.00,0,0,0.0,0.0,3179,250,6.1,2.6,0,
3.7.2026,22:55:56.078,29529,16465,64.2,15442,17239,47.2,0.5,13312,69,1.308,1.306,1.312,1.312,1.306,1.306,1.306,1.306,1.306,4052.1,4042.7,4042.7,4042.7,4067.7,4067.7,4067.7,4067.7,4017.8,99.8,1636.9,3812.7,2860.0,1573.9,2833.3,1681.1,1850.1,1454.5,1657.1,884.5,963.4,1319.0,1386.7,1132.3,1183.0,753.2,846.2,1636.9,37.1,47.8,70.2,38.9,69.5,40.8,45.4,35.2,40.6,21.1,23.4,32.0,33.9,27.2,28.8,18.1,20.3,70.2,37.1,41.9,54.0,79.1,44.0,78.3,46.1,51.3,39.8,45.9,24.0,26.5,36.2,38.3,30.8,32.5,20.5,23.0,41.9,40.6,40.5,40.5,40.5,40.8,40.8,40.8,40.8,40.2,0.0,83.5,93.9,92.8,86.6,85.5,75.6,80.7,79.2,74.0,16.5,6.1,7.2,13.4,14.5,24.4,19.3,20.8,26.0,0.0,0.0,0.0,0.0,0.0,0.0,0.0,0.0,0.0,1197.8,12.00,16,16,16,39,55,661,1,76.5,74.4,73.0,70.4,73.3,72.6,72.0,70.7,68.7,69.3,68.7,67.9,64.6,64.9,64.4,57.5,53.3,1.312,1.025,1.312,14.717,12.358,14.713,75.184,41.615,4.355,5.879,5.611,4.733,4.395,3.397,3.978,3.693,3.156,19.625,12.727,32.352,41.694,1197.8,1197.8,4061.7,4061.7,4061.7,4061.7,47.4,24.5,83.5,78.4,56.1,No,No,No,1.692,3.747,6.7,50,95.0,100.0,No,No,90848,98731,33,99.0,No,No,3320,0.0,0.0,0.0,0.000,0.006,45697,35329,0.0,0.0,0.0,0.000,0.000,151,0,75.4,98.0,83.0,1.069,12.052,12.102,12.096,11.957,1880,156.391,68.617,125.821,46.132,109.782,31.232,78.286,0.336,125.821,29.882,32.049,106.828,220.000,240.000,1905.0,1750.2,1665.0,1887.8,1800.0,85.0,23.0,0.0,29.0,94.3,17.7,70.6,0.0,0.0,0.0,54,Yes,No,No,Yes,No,No,No,70.8,69.0,4,0,0,0,0,0,0,0,0,105,0,0,0,0,0,0,0,0,0,0,0,0,0,0,0,0,0,0,0,0,465,7727,7566,1719,8.0,0.0,0.0,0.0,0.0,0.0,0.0,0.0,0.0,0.0,0.0,0.0,0.0,0.00,0.00,0.00,0.00,0.00,0.00,0.00,0.00,0.00,0.00,0.00,0,0,0.0,0.0,3179,250,3.0,1.0,0,
3.7.2026,22:55:58.080,29515,16479,64.1,15439,17242,47.2,0.5,13312,69,1.327,1.337,1.325,1.325,1.325,1.325,1.325,1.325,1.325,4064.5,4042.7,4067.7,4067.7,4067.7,4067.7,4067.7,4067.7,4067.7,99.8,1613.7,3883.7,3113.6,1729.2,2519.9,1855.3,1610.1,1653.3,1395.1,954.2,842.1,1357.2,1231.8,1216.6,1006.5,770.1,680.4,1613.7,36.4,45.4,76.7,42.4,62.4,45.5,39.6,40.4,34.1,23.4,20.4,33.1,30.1,29.6,24.6,18.5,16.5,76.7,36.4,41.0,51.2,86.5,47.8,70.3,51.2,44.6,45.5,38.5,26.3,23.0,37.3,33.9,33.4,27.7,20.8,18.6,41.0,40.7,40.5,40.8,40.8,40.8,40.8,40.8,40.8,40.8,0.0,82.6,95.5,91.0,85.9,84.4,74.4,78.9,77.9,72.3,17.4,4.5,9.0,14.1,15.6,25.6,21.1,22.1,27.7,0.0,0.0,0.0,0.0,0.0,0.0,0.0,0.0,0.0,1197.8,12.00,16,16,16,39,55,661,1,75.8,74.5,73.0,70.3,73.8,71.9,71.9,70.3,68.8,69.1,68.7,67.7,64.7,65.0,64.4,57.5,53.7,1.350,1.038,1.350,14.568,12.390,14.564,74.297,41.476,4.311,6.110,5.334,4.676,4.312,3.376,3.927,3.666,3.085,19.475,12.759,32.234,41.577,1197.8,1197.8,4066.4,4066.5,4066.3,4066.5,47.2,24.3,82.6,78.4,56.3,No,No,No,1.692,3.806,6.6,50,95.0,100.0,No,No,90848,98731,33,99.0,No,No,3320,0.0,0.0,0.0,0.000,0.028,45697,35329,0.0,0.0,0.0,0.000,0.000,151,0,76.4,98.9,83.0,1.081,12.043,12.092,12.089,11.948,1880,156.957,70.511,132.819,48.114,114.135,31.208,82.638,0.336,132.819,29.186,8.638,125.213,220.000,240.000,1905.0,1750.2,1665.0,1887.4,1800.0,89.0,24.0,0.0,31.0,94.2,16.1,64.5,0.0,0.0,0.0,54,Yes,No,No,Yes,Yes,No,No,73.6,76.0,4,0,0,0,0,0,0,0,0,105,0,0,0,0,0,0,0,0,0,0,0,0,0,0,0,0,0,0,0,0,474,7718,7557,1719,8.0,0.0,0.0,0.0,0.0,0.0,0.0,0.0,0.0,0.0,0.0,0.0,0.0,0.00,0.00,0.00,0.00,0.00,0.00,0.00,0.00,0.00,0.00,0.00,0,0,0.0,0.0,3179,250,13.7,1.4,0,
3.7.2026,22:56:0.085,29528,16465,64.2,15455,17227,47.2,0.5,13312,69,1.305,1.306,1.294,1.312,1.306,1.306,1.306,1.306,1.306,4042.7,4042.7,4042.7,4042.7,4042.7,4042.7,4042.7,4042.7,4042.7,99.8,1676.8,3770.6,1893.4,2996.6,1815.8,2126.7,1692.2,1929.6,1454.3,1058.2,956.4,1615.9,1237.5,1424.9,1076.5,914.9,865.7,1676.8,39.6,67.1,47.2,73.6,45.0,52.1,41.6,47.3,35.7,25.9,23.4,39.7,30.5,34.5,26.3,22.2,21.1,73.6,39.6,44.4,75.4,53.0,82.8,50.5,58.6,46.7,53.2,40.0,29.0,26.2,44.5,34.3,38.8,29.5,24.8,23.6,44.4,40.5,40.5,40.5,40.5,40.5,40.5,40.5,40.5,40.5,0.0,84.8,92.9,95.7,88.4,86.7,77.3,82.1,80.2,75.3,15.2,7.1,4.3,11.6,13.3,22.7,17.9,19.8,24.7,0.0,0.0,0.0,0.0,0.0,0.0,0.0,0.0,0.0,1197.8,12.00,16,16,16,39,55,661,1,75.5,74.7,76.8,70.9,73.1,73.6,72.4,71.3,69.3,69.9,69.2,68.3,64.9,65.2,64.6,57.8,53.8,1.319,1.038,1.331,15.281,12.213,15.279,76.360,42.115,4.500,5.677,6.010,4.966,4.528,3.531,4.127,3.893,3.270,20.367,12.580,32.947,42.237,1197.8,1197.8,4060.1,4060.1,4060.1,4060.1,48.0,25.5,84.8,78.7,56.5,No,No,No,1.791,2.636,6.8,50,95.0,100.0,No,No,90848,98731,33,99.0,No,No,3320,0.0,0.0,0.1,0.082,0.109,45698,35329,0.0,0.0,0.0,0.000,0.000,151,0,76.5,98.8,83.0,1.081,12.040,12.091,12.088,11.943,1883,158.329,68.535,131.005,47.978,112.716,32.067,80.357,0.336,131.005,29.414,8.660,111.810,220.000,240.000,1905.0,1750.2,1665.0,1887.9,1800.0,69.0,26.0,0.0,13.0,94.2,15.7,62.8,0.0,0.0,0.0,55,Yes,No,No,Yes,Yes,No,No,72.9,69.2,4,0,0,0,0,0,0,0,0,105,0,0,0,0,0,0,0,0,0,0,0,0,0,0,0,0,0,0,0,0,474,7718,7557,1720,8.0,0.0,0.0,0.0,0.0,0.0,0.0,0.0,0.0,0.0,0.0,0.0,0.0,0.00,0.00,0.00,0.00,0.00,0.00,0.00,0.00,0.00,0.00,0.00,0,0,0.0,0.0,3179,250,10.8,4.3,0,
3.7.2026,22:56:2.075,29526,16467,64.1,15445,17237,47.2,0.5,13312,69,1.312,1.306,1.312,1.288,1.312,1.319,1.319,1.319,1.319,4042.7,4042.7,4042.7,4042.7,4042.7,4042.7,4042.7,4042.7,4042.7,99.8,1515.9,3835.5,1604.1,2805.1,1537.4,2099.6,1371.8,1786.5,1252.0,972.8,795.9,1409.0,1105.3,1239.6,924.2,816.3,699.3,1515.9,35.9,74.7,39.4,69.1,37.9,51.7,33.4,43.6,30.5,23.8,19.3,34.3,27.1,30.3,22.4,19.9,16.6,74.7,35.9,40.3,84.1,44.2,77.8,42.6,58.1,37.5,49.0,34.2,26.7,21.7,38.6,30.4,34.0,25.2,22.3,18.5,40.3,40.5,40.5,40.5,40.5,40.5,40.5,40.5,40.5,40.5,0.0,82.8,94.3,92.3,86.6,84.9,74.8,79.1,77.6,72.5,17.2,5.7,7.7,13.4,15.1,25.2,20.9,22.4,27.5,0.0,0.0,0.0,0.0,0.0,0.0,0.0,0.0,0.0,1197.8,12.00,16,16,16,39,55,661,1,75.0,74.2,74.8,70.4,73.2,72.4,72.1,70.7,68.9,69.3,68.7,67.9,64.9,65.2,64.5,55.5,53.2,1.344,1.038,1.350,14.537,12.178,14.533,74.496,41.148,4.314,5.769,5.559,4.730,4.372,3.400,3.882,3.665,3.136,19.432,12.543,31.974,41.254,1197.8,1197.8,4066.1,4066.1,4066.1,4066.1,46.9,24.2,82.8,78.1,56.1,No,No,No,1.749,2.638,6.6,50,95.0,100.0,No,No,90848,98731,33,99.0,No,No,3320,0.1,0.0,0.1,0.277,0.130,45698,35329,0.0,0.0,0.0,0.000,0.000,151,0,76.4,99.0,83.0,1.081,12.050,12.101,12.097,11.953,1887,157.167,69.407,131.611,47.666,112.800,31.782,80.725,0.336,131.611,28.601,13.571,115.365,220.000,240.000,1905.0,1750.2,1665.0,1887.9,1800.0,71.0,24.0,0.0,17.0,94.2,15.1,60.3,0.0,0.0,0.0,55,Yes,No,No,Yes,Yes,No,No,72.8,71.2,4,0,0,0,0,0,0,0,0,105,0,0,0,0,0,0,0,0,0,0,0,0,0,0,0,0,0,0,0,0,479,7713,7552,1721,8.0,0.0,0.0,0.0,0.0,0.0,0.0,0.0,0.0,0.0,0.0,0.0,0.0,0.00,0.00,0.00,0.00,0.00,0.00,0.00,0.00,0.00,0.00,0.00,0,0,0.0,0.0,3179,250,2.1,2.2,0,
3.7.2026,22:56:4.077,29542,16452,64.2,15444,17238,47.2,0.5,13312,69,1.309,1.288,1.288,1.288,1.288,1.331,1.331,1.331,1.331,4042.7,4017.8,4017.8,4017.8,4017.8,4067.7,4067.7,4067.7,4067.7,99.8,1634.2,3755.8,1981.8,2523.3,2246.1,2149.8,1534.5,1981.3,1298.7,1058.9,870.0,1544.2,1174.6,1390.7,974.3,960.7,701.7,1634.2,38.4,63.7,48.7,62.3,55.3,52.9,37.9,48.7,32.0,25.9,21.4,38.0,28.8,34.2,24.0,23.5,17.4,63.7,38.4,43.2,71.7,54.8,70.1,62.3,59.5,42.6,54.8,36.0,29.1,24.0,42.7,32.4,38.5,26.9,26.4,19.6,43.2,40.5,40.2,40.2,40.2,40.2,40.8,40.8,40.8,40.8,0.0,84.5,92.5,95.4,87.8,86.5,76.9,81.3,80.0,75.2,15.5,7.5,4.6,12.2,13.5,23.1,18.7,20.0,24.8,0.0,0.0,0.0,0.0,0.0,0.0,0.0,0.0,0.0,1197.8,12.00,16,16,16,39,55,661,1,75.0,74.8,73.8,71.0,73.2,73.6,72.6,71.4,69.4,70.1,69.2,68.5,65.1,65.4,64.8,55.8,53.5,1.306,1.025,1.306,15.208,12.124,15.220,76.019,42.044,4.470,5.675,5.939,4.907,4.574,3.502,4.105,3.802,3.256,20.278,12.490,32.769,42.059,1197.8,1197.8,4060.6,4060.7,4060.4,4060.7,47.8,25.4,84.5,78.7,56.5,No,No,No,1.873,2.165,6.8,50,95.0,100.0,No,No,90848,98731,33,99.0,No,No,3320,0.1,0.1,0.1,0.214,0.080,45699,35329,0.0,0.0,0.0,0.000,0.000,151,0,76.6,98.8,83.0,1.081,12.051,12.102,12.096,11.954,1894,158.670,71.864,127.710,46.558,110.399,31.786,78.334,0.336,127.710,29.017,56.676,110.110,220.000,240.000,1905.0,1750.2,1665.0,1887.6,1800.0,67.0,26.0,0.0,11.0,94.4,14.9,59.4,0.0,0.0,0.0,55,Yes,No,No,Yes,Yes,No,No,71.2,62.5,4,0,0,0,0,0,0,0,0,105,0,0,0,0,0,0,0,0,0,0,0,0,0,0,0,0,0,0,0,0,462,7730,7568,1720,8.0,0.0,0.0,0.0,0.0,0.0,0.0,0.0,0.0,0.0,0.0,0.0,0.0,0.00,0.00,0.00,0.00,0.00,0.00,0.00,0.00,0.00,0.00,0.00,0,0,0.0,0.0,3179,250,3.2,11.7,0,
3.7.2026,22:56:6.073,29546,16447,64.2,15445,17237,47.2,0.5,13312,69,1.309,1.325,1.312,1.306,1.306,1.306,1.306,1.306,1.306,4052.1,4067.7,4042.7,4042.7,4042.7,4042.7,4042.7,4067.7,4067.7,99.8,1571.1,3722.0,2204.9,1523.1,3131.8,1900.0,1577.9,1716.4,1397.3,962.8,782.2,1418.6,1127.6,1276.7,945.2,864.6,585.7,1571.1,36.4,55.3,54.0,37.5,77.7,46.6,39.0,42.1,34.4,23.7,19.2,34.9,27.7,31.3,23.2,21.2,14.3,77.7,36.4,40.8,62.2,60.7,42.0,87.4,52.3,43.8,47.3,38.5,26.5,21.4,39.0,31.0,35.0,25.9,23.6,15.9,40.8,40.6,40.8,40.5,40.5,40.5,40.5,40.5,40.8,40.8,0.0,83.7,91.7,95.7,87.6,85.9,75.7,80.1,79.3,73.4,16.3,8.3,4.3,12.4,14.1,24.3,19.9,20.7,26.6,0.0,0.0,0.0,0.0,0.0,0.0,0.0,0.0,0.0,1197.8,12.00,16,16,16,39,55,661,1,74.9,74.7,73.5,70.7,73.0,73.7,72.2,71.2,68.9,69.7,69.0,68.1,65.0,65.4,64.7,55.8,53.6,1.344,1.038,1.344,14.886,12.058,14.885,75.304,41.397,4.371,5.570,5.997,4.767,4.471,3.371,3.950,3.740,3.107,19.829,12.420,32.249,41.503,1197.8,1197.8,4059.6,4059.7,4059.5,4059.7,47.2,24.8,83.7,78.6,56.5,No,No,No,1.808,2.024,6.7,50,95.0,100.0,No,No,90848,98731,33,99.0,No,No,3320,0.0,0.0,0.0,0.000,0.006,45699,35329,0.0,0.0,0.0,0.000,0.000,151,0,76.7,99.5,83.0,1.081,12.044,12.096,12.091,11.945,1912,157.192,70.107,132.984,49.050,114.155,32.289,81.570,0.336,132.984,29.953,8.636,119.115,220.000,240.000,1905.0,1750.2,1665.0,1887.7,1800.0,65.0,25.0,0.0,11.0,94.4,13.9,55.7,0.0,0.0,0.0,55,Yes,No,No,Yes,Yes,No,No,74.1,73.7,4,0,0,0,0,0,0,0,0,105,0,0,0,0,0,0,0,0,0,0,0,0,0,0,0,0,0,0,0,0,462,7730,7568,1720,8.0,0.0,0.0,0.0,0.0,0.0,0.0,0.0,0.0,0.0,0.0,0.0,0.0,0.00,0.00,0.00,0.00,0.00,0.00,0.00,0.00,0.00,0.00,0.00,0,0,0.0,0.0,3179,250,3.2,11.7,0,
3.7.2026,22:56:8.075,29547,16447,64.2,15441,17241,47.2,0.5,13312,69,1.290,1.306,1.288,1.288,1.288,1.288,1.288,1.288,1.288,4020.9,4042.7,4017.8,4017.8,4017.8,4017.8,4017.8,4017.8,4017.8,99.8,1681.7,3753.0,2247.7,1617.7,3207.4,2051.7,1562.5,1917.2,1353.2,1142.7,888.7,1557.7,1246.9,1456.2,1022.5,1050.6,831.7,1681.7,39.0,58.5,55.5,39.8,78.9,50.3,38.0,47.0,33.0,27.6,21.4,38.0,30.4,35.5,24.7,25.4,19.8,78.9,39.0,44.0,65.9,62.5,44.9,88.7,56.7,42.9,53.0,37.3,31.2,24.3,42.8,34.3,40.1,28.0,28.7,22.5,44.0,40.3,40.5,40.2,40.2,40.2,40.2,40.2,40.2,40.2,0.0,85.3,92.6,96.6,88.1,86.9,78.1,82.3,80.8,77.3,14.7,7.4,3.4,11.9,13.1,21.9,17.7,19.2,22.7,0.0,0.0,0.0,0.0,0.0,0.0,0.0,0.0,0.0,1197.8,12.00,16,16,16,39,55,661,1,75.4,75.8,73.8,71.6,73.7,74.2,72.8,71.9,69.9,70.7,70.1,69.8,65.3,65.6,65.0,58.2,54.1,1.306,1.025,1.312,15.565,12.272,15.562,76.810,42.580,4.603,5.645,6.090,4.923,4.637,3.626,4.193,4.029,3.679,20.703,12.644,33.347,42.671,1197.8,1197.8,4053.5,4053.6,4053.4,4053.6,48.5,25.9,85.3,79.8,56.1,No,No,No,1.793,3.170,6.8,50,95.0,100.0,No,No,90848,98731,33,99.0,No,No,3320,0.0,0.0,0.0,0.000,0.047,45699,35329,0.0,0.0,0.0,0.000,0.000,151,0,76.8,99.4,83.0,1.081,12.040,12.093,12.087,11.940,1912,160.058,76.629,136.212,49.678,116.905,31.833,84.752,0.336,136.212,30.059,61.513,118.790,220.000,240.000,1905.0,1750.2,1665.0,1887.6,1800.0,67.0,25.0,0.0,13.0,94.5,14.1,56.5,0.0,0.0,0.0,55,Yes,No,No,Yes,Yes,No,No,75.6,72.7,4,0,0,0,0,0,0,0,0,105,0,0,0,0,0,0,0,0,0,0,0,0,0,0,0,0,0,0,0,0,454,7738,7577,1722,8.0,0.0,0.0,0.0,0.0,0.0,0.0,0.0,0.0,0.0,0.0,0.0,0.0,0.00,0.00,0.00,0.00,0.00,0.00,0.00,0.00,0.00,0.00,0.00,0,0,0.0,0.0,3179,250,5.2,1.9,0,
3.7.2026,22:56:10.087,29547,16447,64.2,15441,17241,47.2,0.5,13312,69,1.290,1.306,1.288,1.288,1.288,1.288,1.288,1.288,1.288,4020.9,4042.7,4017.8,4017.8,4017.8,4017.8,4017.8,4017.8,4017.8,99.8,1681.7,3753.0,2247.7,1617.7,3207.4,2051.7,1562.5,1917.2,1353.2,1142.7,888.7,1557.7,1246.9,1456.2,1022.5,1050.6,831.7,1681.7,39.0,58.5,55.5,39.8,78.9,50.3,38.0,47.0,33.0,27.6,21.4,38.0,30.4,35.5,24.7,25.4,19.8,78.9,39.0,44.0,65.9,62.5,44.9,88.7,56.7,42.9,53.0,37.3,31.2,24.3,42.8,34.3,40.1,28.0,28.7,22.5,44.0,40.3,40.5,40.2,40.2,40.2,40.2,40.2,40.2,40.2,0.0,85.3,92.6,96.6,88.1,86.9,78.1,82.3,80.8,77.3,14.7,7.4,3.4,11.9,13.1,21.9,17.7,19.2,22.7,0.0,0.0,0.0,0.0,0.0,0.0,0.0,0.0,0.0,1197.8,12.00,16,16,16,39,55,661,1,75.4,75.8,73.8,71.6,73.7,74.2,72.8,71.9,69.9,70.7,70.1,69.8,65.3,65.6,65.0,58.2,54.1,1.306,1.025,1.312,15.565,12.272,15.562,76.810,42.580,4.603,5.645,6.090,4.923,4.637,3.626,4.193,4.029,3.679,20.703,12.644,33.347,42.671,1197.8,1197.8,4053.5,4053.6,4053.4,4053.6,48.5,25.9,85.3,79.8,56.1,No,No,No,1.793,3.170,6.8,50,95.0,100.0,No,No,90848,98731,33,99.0,No,No,3320,0.0,0.0,0.0,0.000,0.047,45699,35329,0.0,0.0,0.0,0.000,0.000,151,0,77.0,99.6,83.0,1.081,12.037,12.091,12.085,11.937,1912,164.309,74.785,134.763,49.294,116.024,31.847,83.848,0.336,134.763,30.241,46.761,119.975,220.000,240.000,1905.0,1750.2,1665.0,1887.6,1800.0,72.0,25.0,0.0,15.0,93.8,16.0,64.0,0.0,0.0,0.0,56,Yes,No,No,Yes,Yes,No,No,75.0,72.9,4,0,0,0,0,0,0,0,0,105,0,0,0,0,0,0,0,0,0,0,0,0,0,0,0,0,0,0,0,0,512,7680,7519,1722,8.0,0.0,0.0,0.0,0.0,0.0,0.0,0.0,0.0,0.0,0.0,0.0,0.0,0.00,0.00,0.00,0.00,0.00,0.00,0.00,0.00,0.00,0.00,0.00,0,0,0.0,0.0,3179,250,5.2,1.9,0,
3.7.2026,22:56:12.090,29487,16507,64.1,15441,17241,47.2,0.5,13312,69,1.305,1.312,1.306,1.306,1.306,1.306,1.306,1.300,1.300,4045.8,4067.7,4042.7,4042.7,4042.7,4042.7,4042.7,4042.7,4042.7,99.8,1524.4,3866.6,1468.2,2515.9,1614.9,2128.8,1411.3,1888.6,1268.4,1078.4,736.5,1498.4,1119.8,1347.9,856.0,931.9,659.4,1524.4,36.6,80.5,36.1,62.9,39.5,52.6,34.8,46.3,31.2,26.5,18.0,36.9,27.3,33.1,21.0,22.9,16.0,80.5,36.6,41.2,90.7,40.5,70.8,44.5,59.2,39.1,52.1,35.1,29.8,20.2,41.5,30.7,37.2,23.6,25.7,17.9,41.2,40.5,40.8,40.5,40.5,40.5,40.5,40.5,40.5,40.5,0.0,82.2,95.1,89.7,86.3,84.5,73.8,78.9,76.9,72.2,17.8,4.9,10.3,13.7,15.5,26.2,21.1,23.1,27.8,0.0,0.0,0.0,0.0,0.0,0.0,0.0,0.0,0.0,1197.8,12.00,16,16,16,39,55,661,1,75.1,74.5,78.8,70.7,73.7,72.4,72.3,71.1,69.2,69.7,69.0,68.2,65.1,65.4,64.8,58.2,53.9,1.325,1.019,1.331,14.233,12.690,14.229,73.966,41.445,4.271,5.831,5.238,4.726,4.375,3.345,3.932,3.627,3.097,19.020,13.060,32.080,41.559,1197.8,1197.8,4064.3,4064.3,4064.3,4064.3,47.2,23.7,82.2,78.5,55.4,No,No,No,1.628,6.180,6.6,50,95.0,100.0,No,No,90848,98731,33,99.0,No,No,3320,0.0,0.0,0.0,0.000,0.047,45699,35330,0.0,0.0,0.0,0.000,0.000,151,0,77.1,99.7,83.0,1.081,12.038,12.088,12.085,11.941,1927,161.345,75.453,133.653,48.642,114.670,31.189,83.164,0.336,133.653,29.366,62.512,117.342,220.000,240.000,1905.0,1750.2,1665.0,1887.8,1800.0,75.0,22.0,0.0,22.0,93.8,15.1,60.4,0.0,0.0,0.0,56,Yes,No,No,Yes,Yes,No,No,74.3,70.7,4,0,0,0,0,0,0,0,0,105,0,0,0,0,0,0,0,0,0,0,0,0,0,0,0,0,0,0,0,0,512,7680,7519,1722,8.0,0.0,0.0,0.0,0.0,0.0,0.0,0.0,0.0,0.0,0.0,0.0,0.0,0.00,0.00,0.00,0.00,0.00,0.00,0.00,0.00,0.00,0.00,0.00,0,0,0.0,0.0,3179,250,4.8,2.1,0,
3.7.2026,22:56:14.088,29488,16505,64.1,15442,17240,47.2,0.5,13312,69,1.305,1.306,1.312,1.325,1.325,1.312,1.312,1.312,1.312,4045.8,4042.7,4067.7,4042.7,4042.7,3234.2,4042.7,4042.7,4042.7,99.8,1524.4,3839.0,2267.1,2342.7,2116.9,1987.1,1646.8,1837.8,1383.7,1126.3,804.2,1491.2,1239.6,1407.2,942.2,1030.6,734.4,1637.3,36.6,63.6,55.9,57.9,52.2,48.9,40.7,45.3,34.0,27.8,19.9,36.8,30.6,34.7,23.3,25.5,18.2,63.6,38.4,41.2,71.5,62.8,65.0,58.6,54.9,45.6,50.8,38.0,31.0,22.0,41.1,34.2,38.8,25.8,28.3,20.0,43.0,40.5,40.8,40.5,40.5,40.5,40.5,40.5,40.5,40.5,0.0,82.2,95.1,89.7,86.3,84.5,73.8,78.9,76.9,72.2,17.8,4.9,10.3,13.7,15.5,26.2,21.1,23.1,27.8,0.0,0.0,0.0,0.0,0.0,0.0,0.0,0.0,0.0,1197.8,12.00,16,16,16,39,55,661,1,75.1,74.5,78.8,70.7,73.7,72.4,72.3,71.1,69.2,69.7,69.0,68.2,65.1,65.4,64.8,58.2,53.9,1.325,1.019,1.331,14.233,12.690,14.229,73.966,41.445,4.271,5.831,5.238,4.726,4.375,3.345,3.932,3.627,3.097,19.020,13.060,32.080,41.559,1197.8,1197.8,4064.3,4064.3,4064.3,4064.3,47.2,23.7,82.2,78.5,55.4,No,No,No,1.628,6.180,6.6,50,95.0,100.0,No,No,90848,98731,33,99.0,No,No,3320,0.0,0.0,0.0,0.000,0.047,45699,35330,0.0,0.0,0.0,0.000,0.000,151,0,76.9,99.4,83.0,1.081,12.050,12.094,12.095,11.962,1941,153.731,67.891,128.195,46.671,109.848,29.858,79.763,0.336,128.195,28.222,18.442,109.384,220.000,240.000,1905.0,1750.2,1665.0,1888.7,1800.0,99.0,19.0,0.0,46.0,93.7,20.1,80.3,0.0,0.0,0.0,56,Yes,No,No,Yes,Yes,No,No,72.9,76.1,4,0,0,0,0,0,0,0,0,105,0,0,0,0,0,0,0,0,0,0,0,0,0,0,0,0,0,0,0,0,514,7678,7517,1722,8.0,0.0,0.0,0.0,0.0,0.0,0.0,0.0,0.0,0.0,0.0,0.0,0.0,0.00,0.00,0.00,0.00,0.00,0.00,0.00,0.00,0.00,0.00,0.00,0,0,0.0,0.0,3179,250,7.1,1.7,0,
3.7.2026,22:56:16.087,29488,16505,64.1,15442,17240,47.2,0.5,13312,69,1.315,1.306,1.312,1.325,1.325,1.312,1.312,1.312,1.312,3944.8,4042.7,4067.7,4042.7,4042.7,3234.2,4042.7,4042.7,4042.7,99.8,1637.3,3839.0,2267.1,2342.7,2116.9,1987.1,1646.8,1837.8,1383.7,1126.3,804.2,1491.2,1239.6,1407.2,942.2,1030.6,734.4,1637.3,38.4,63.6,55.9,57.9,52.2,48.9,40.7,45.3,34.0,27.8,19.9,36.8,30.6,34.7,23.3,25.5,18.2,63.6,38.4,43.0,71.5,62.8,65.0,58.6,54.9,45.6,50.8,38.0,31.0,22.0,41.1,34.2,38.8,25.8,28.3,20.0,43.0,39.5,40.5,40.8,40.5,40.5,32.4,40.5,40.5,40.5,0.0,82.7,94.4,91.4,86.0,84.7,75.0,79.2,77.8,73.3,17.3,5.6,8.6,14.0,15.3,25.0,20.8,22.2,26.7,0.0,0.0,0.0,0.0,0.0,0.0,0.0,0.0,0.0,1197.8,12.00,16,16,16,39,55,661,1,74.9,74.9,74.5,71.0,73.9,72.7,72.6,71.1,69.4,69.9,69.3,68.7,65.2,65.5,64.9,58.5,54.9,1.319,1.031,1.331,14.536,12.803,14.536,74.446,42.104,4.361,5.835,5.461,4.755,4.361,3.431,4.009,3.744,3.289,19.483,13.178,32.661,42.189,1197.8,1197.8,4068.2,4068.3,4068.1,4068.3,47.9,24.2,82.7,78.8,55.7,No,No,No,1.644,6.745,6.6,50,95.0,100.0,No,No,90848,98731,33,99.0,No,No,3320,0.0,0.0,0.0,0.000,0.026,45699,35330,0.0,0.0,0.0,0.000,0.000,151,0,76.9,99.4,83.0,1.081,12.044,12.095,12.090,11.948,1942,165.306,69.478,129.189,47.714,111.338,31.231,79.813,0.336,129.189,29.598,21.264,115.106,220.000,240.000,1905.0,1750.2,1665.0,1887.9,1800.0,68.0,23.0,0.0,16.0,93.7,18.0,71.8,0.0,0.0,0.0,56,Yes,No,No,Yes,Yes,No,No,72.2,71.4,4,0,0,0,0,0,0,0,0,105,0,0,0,0,0,0,0,0,0,0,0,0,0,0,0,0,0,0,0,0,514,7678,7517,1722,8.0,0.0,0.0,0.0,0.0,0.0,0.0,0.0,0.0,0.0,0.0,0.0,0.0,0.00,0.00,0.00,0.00,0.00,0.00,0.00,0.00,0.00,0.00,0.00,0,0,0.0,0.0,3179,250,7.0,1.4,0,
3.7.2026,22:56:18.087,29483,16511,64.1,15444,17238,47.2,0.5,13312,69,1.317,1.294,1.331,1.331,1.331,1.312,1.312,1.312,1.312,4039.6,4017.8,4042.7,4042.7,4042.7,4042.7,4042.7,4042.7,4042.7,99.8,1616.9,3830.4,2837.9,1872.6,2557.3,1879.5,1640.9,1705.3,1421.0,1045.2,731.4,1413.6,1175.5,1329.4,906.7,911.8,612.6,1616.9,36.6,48.2,69.9,46.0,63.2,46.0,40.1,41.7,34.6,25.3,17.6,34.4,28.6,32.4,21.8,22.0,14.6,69.9,36.6,41.4,54.4,78.7,51.9,71.2,51.9,45.2,47.0,39.1,28.7,19.9,38.9,32.3,36.6,24.7,24.9,16.6,41.4,40.5,40.2,40.5,40.5,40.5,40.5,40.5,40.5,40.5,0.0,83.0,94.3,93.2,86.5,85.1,74.8,79.3,78.2,72.4,17.0,5.7,6.8,13.5,14.9,25.2,20.7,21.8,27.6,0.0,0.0,0.0,0.0,0.0,0.0,0.0,0.0,0.0,1197.8,12.00,16,16,16,39,55,661,1,74.9,75.1,77.0,71.0,74.0,73.1,72.5,71.2,69.3,69.8,69.3,68.4,65.3,65.6,65.0,58.2,54.1,1.306,1.044,1.319,14.583,12.360,14.582,74.680,41.458,4.347,5.906,5.617,4.728,4.403,3.367,3.928,3.686,3.142,19.448,12.727,32.175,41.528,1197.8,1197.8,4060.4,4060.4,4060.4,4060.4,47.2,24.3,83.0,79.0,55.7,No,No,No,1.730,3.807,6.6,50,95.0,100.0,No,No,90848,98731,33,99.0,No,No,3320,0.0,0.0,0.1,0.016,0.081,45699,35330,0.0,0.0,0.0,0.000,0.000,151,0,77.8,100.7,83.0,1.081,12.043,12.095,12.089,11.944,1949,168.026,71.409,135.360,49.456,116.633,31.521,84.823,0.336,135.360,30.489,18.028,112.087,220.000,240.000,1905.0,1750.2,1665.0,1887.9,1800.0,83.0,23.0,0.0,27.0,93.7,18.0,72.2,0.0,0.0,0.0,57,Yes,No,No,Yes,Yes,No,No,75.4,76.6,4,0,0,0,0,0,0,0,0,105,0,0,0,0,0,0,0,0,0,0,0,0,0,0,0,0,0,0,0,0,516,7676,7515,1721,8.0,0.0,0.0,0.0,0.0,0.0,0.0,0.0,0.0,0.0,0.0,0.0,0.0,0.00,0.00,0.00,0.00,0.00,0.00,0.00,0.00,0.00,0.00,0.00,0,0,0.0,0.0,3179,250,4.5,1.6,0,
3.7.2026,22:56:20.100,29481,16513,64.0,15442,17240,47.2,0.5,13312,69,1.330,1.306,1.344,1.344,1.319,1.319,1.337,1.337,1.337,4077.0,4092.6,4067.7,4067.7,4092.6,4092.6,4067.7,4067.7,4067.7,99.8,1574.1,3702.9,1611.8,3241.4,1505.6,1944.7,1588.5,1664.2,1500.0,1058.5,804.4,1431.1,1231.7,1388.3,944.6,890.0,678.5,1574.1,37.6,68.8,39.9,80.2,37.6,48.1,39.5,41.2,37.2,26.4,20.1,35.4,30.6,34.5,23.5,22.2,17.0,80.2,37.6,41.9,77.2,44.5,90.0,41.8,53.7,43.9,45.9,41.4,29.2,22.0,39.4,33.9,38.3,25.9,24.3,18.4,41.9,40.8,41.0,40.8,40.8,41.0,41.0,40.8,40.8,40.8,0.0,83.0,91.2,95.6,86.2,84.7,75.3,79.5,78.3,73.4,17.0,8.8,4.4,13.8,15.3,24.7,20.5,21.7,26.6,0.0,0.0,0.0,0.0,0.0,0.0,0.0,0.0,0.0,1197.8,12.00,16,16,16,39,55,661,1,74.8,74.7,75.5,71.1,73.1,73.7,72.1,71.3,69.5,70.0,69.5,68.6,65.4,65.7,65.1,57.8,54.1,1.350,1.038,1.350,14.666,12.329,14.666,73.632,41.608,4.358,6.105,5.499,4.697,4.323,3.406,3.991,3.702,3.139,19.641,12.698,32.339,41.690,1197.8,1197.8,4067.2,4067.2,4067.2,4067.2,47.4,24.4,81.8,79.2,56.2,No,No,No,1.722,3.660,6.5,50,95.0,100.0,No,No,90848,98731,33,99.0,No,No,3320,0.0,0.0,0.0,0.000,0.036,45699,35330,0.0,0.0,0.0,0.000,0.000,151,0,77.8,100.8,83.0,1.081,12.047,12.101,12.093,11.947,1964,165.608,75.692,133.264,48.572,114.932,31.708,82.919,0.336,133.264,29.949,59.355,122.618,220.000,240.000,1905.0,1750.2,1665.0,1887.5,1800.0,68.0,24.0,0.0,14.0,93.7,15.2,60.8,0.0,0.0,0.0,57,Yes,No,No,Yes,Yes,No,No,74.2,75.6,4,0,0,0,0,0,0,0,0,105,0,0,0,0,0,0,0,0,0,0,0,0,0,0,0,0,0,0,0,0,516,7676,7515,1721,8.0,0.0,0.0,0.0,0.0,0.0,0.0,0.0,0.0,0.0,0.0,0.0,0.0,0.00,0.00,0.00,0.00,0.00,0.00,0.00,0.00,0.00,0.00,0.00,0,0,0.0,0.0,3179,250,4.6,1.6,0,
3.7.2026,22:56:22.107,29481,16513,64.0,15442,17240,47.2,0.5,13312,69,1.330,1.306,1.344,1.344,1.319,1.319,1.337,1.337,1.337,4077.0,4092.6,4067.7,4067.7,4092.6,4092.6,4067.7,4067.7,4067.7,99.8,1574.1,3702.9,1611.8,3241.4,1505.6,1944.7,1588.5,1664.2,1500.0,1058.5,804.4,1431.1,1231.7,1388.3,944.6,890.0,678.5,1574.1,37.6,68.8,39.9,80.2,37.6,48.1,39.5,41.2,37.2,26.4,20.1,35.4,30.6,34.5,23.5,22.2,17.0,80.2,37.6,41.9,77.2,44.5,90.0,41.8,53.7,43.9,45.9,41.4,29.2,22.0,39.4,33.9,38.3,25.9,24.3,18.4,41.9,40.8,41.0,40.8,40.8,41.0,41.0,40.8,40.8,40.8,0.0,83.0,91.2,95.6,86.2,84.7,75.3,79.5,78.3,73.4,17.0,8.8,4.4,13.8,15.3,24.7,20.5,21.7,26.6,0.0,0.0,0.0,0.0,0.0,0.0,0.0,0.0,0.0,1197.8,12.00,16,16,16,39,55,661,1,74.8,74.7,75.5,71.0,73.1,73.7,72.1,71.3,69.5,70.0,69.5,68.6,65.4,65.7,65.1,57.8,54.1,1.331,1.038,1.344,14.505,12.444,14.504,74.729,41.430,4.313,5.420,5.854,4.635,4.320,3.408,3.973,3.740,3.151,19.327,12.813,32.140,41.517,1197.8,1197.8,4057.7,4058.1,4057.3,4058.1,47.2,24.2,83.0,78.7,55.9,No,No,No,1.725,4.222,6.6,50,95.0,100.0,No,No,90848,98731,33,99.0,No,No,3320,0.0,0.1,0.1,0.000,0.051,45699,35330,0.0,0.0,0.0,0.000,0.000,151,0,78.2,101.3,83.0,1.081,12.045,12.099,12.092,11.946,1972,165.162,78.718,136.910,49.448,118.159,31.441,86.408,0.336,136.910,30.420,78.231,118.916,220.000,240.000,1905.0,1750.2,1665.0,1887.4,1800.0,84.0,23.0,0.0,27.0,93.7,18.6,74.6,0.0,0.0,0.0,57,Yes,No,No,Yes,Yes,No,No,76.1,76.5,4,0,0,0,0,0,0,0,0,105,0,0,0,0,0,0,0,0,0,0,0,0,0,0,0,0,0,0,0,0,516,7676,7515,1721,8.0,0.0,0.0,0.0,0.0,0.0,0.0,0.0,0.0,0.0,0.0,0.0,0.0,0.00,0.00,0.00,0.00,0.00,0.00,0.00,0.00,0.00,0.00,0.00,0,0,0.0,0.0,3179,250,4.0,1.5,0,
3.7.2026,22:56:24.108,29488,16506,64.1,15445,17236,47.2,0.5,13312,69,1.309,1.325,1.306,1.306,1.306,1.306,1.306,1.306,1.306,4042.7,4042.7,4042.7,4042.7,4042.7,4042.7,4042.7,4042.7,4042.7,99.8,1560.0,3680.0,1654.2,3323.1,1453.0,1916.6,1559.2,1656.6,1399.9,998.9,849.7,1364.3,1270.5,1288.3,990.1,862.0,693.3,1560.0,36.3,65.8,40.1,81.9,35.4,46.7,37.9,40.2,33.8,23.9,20.1,33.1,30.6,31.0,23.7,20.4,16.2,81.9,36.3,41.3,74.3,45.6,92.3,40.4,52.9,43.1,45.7,38.5,27.4,23.3,37.7,35.0,35.4,27.2,23.6,18.9,41.3,40.5,40.5,40.5,40.5,40.5,40.5,40.5,40.5,40.5,0.0,82.6,90.6,96.1,85.7,84.1,74.6,79.7,77.6,72.2,17.4,9.4,3.9,14.3,15.9,25.4,20.3,22.4,27.8,0.0,0.0,0.0,0.0,0.0,0.0,0.0,0.0,0.0,1197.8,12.00,16,16,16,39,55,661,1,74.8,74.8,76.8,71.0,72.9,74.0,72.3,71.3,69.4,70.3,69.4,68.7,65.4,65.7,65.1,58.2,54.3,1.300,1.031,1.306,14.506,12.530,14.509,74.318,41.609,4.331,5.330,6.028,4.669,4.348,3.404,4.006,3.711,3.150,19.367,12.898,32.265,41.689,1197.8,1197.8,4061.6,4061.6,4061.6,4061.6,47.4,24.2,82.6,78.8,55.7,No,No,No,1.694,4.856,6.6,50,95.0,100.0,No,No,90848,98731,33,99.0,No,No,3320,0.0,0.0,0.0,0.000,0.022,45699,35330,0.0,0.0,0.0,0.000,0.000,151,0,77.8,100.5,83.0,1.081,12.041,12.094,12.087,11.942,1992,162.712,72.600,131.484,48.580,114.219,31.502,82.398,0.336,131.484,31.009,51.503,103.484,220.000,240.000,1905.0,1750.2,1665.0,1887.8,1800.0,67.0,23.0,0.0,14.0,93.7,16.7,66.9,0.0,0.0,0.0,58,Yes,No,No,Yes,Yes,No,No,73.9,72.1,4,0,0,0,0,0,0,0,0,105,0,0,0,0,0,0,0,0,0,0,0,0,0,0,0,0,0,0,0,0,516,7676,7515,1722,8.0,0.0,0.0,0.0,0.0,0.0,0.0,0.0,0.0,0.0,0.0,0.0,0.0,0.00,0.00,0.00,0.00,0.00,0.00,0.00,0.00,0.00,0.00,0.00,0,0,0.0,0.0,3179,250,4.1,3.4,0,
3.7.2026,22:56:26.106,29489,16504,64.1,15446,17236,47.2,0.5,13312,69,1.327,1.331,1.331,1.325,1.325,1.319,1.319,1.319,1.344,4077.0,4067.7,4067.7,4067.7,4067.7,4092.6,4092.6,4092.6,4067.7,99.8,1688.6,3736.4,2055.9,2319.9,2461.4,1942.0,1711.1,1737.1,1518.6,1111.5,998.7,1423.1,1389.8,1346.1,1119.2,1107.6,1039.6,1688.6,39.6,61.9,50.6,57.3,60.8,47.8,42.1,42.7,37.3,27.2,24.4,34.9,34.2,33.0,27.3,27.1,25.4,61.9,39.6,44.5,69.5,56.8,64.3,68.3,53.7,47.3,47.9,41.9,30.5,27.4,39.1,38.3,37.0,30.6,30.3,28.4,44.5,40.8,40.8,40.8,40.8,40.8,41.0,41.0,41.0,40.8,0.0,84.7,92.2,95.9,87.0,85.9,77.5,80.9,80.1,78.0,15.3,7.8,4.1,13.0,14.1,22.5,19.1,19.9,22.0,0.0,0.0,0.0,0.0,0.0,0.0,0.0,0.0,0.0,1197.8,12.00,16,16,16,39,55,661,1,75.2,76.1,75.2,72.1,73.8,74.5,73.2,72.4,70.6,71.2,70.4,71.1,65.8,66.1,65.6,58.5,54.3,1.306,1.025,1.312,15.687,12.360,15.683,76.232,42.834,4.610,5.597,6.013,4.868,4.605,3.712,4.158,3.938,3.986,20.871,12.735,33.606,42.955,1197.8,1197.8,4050.6,4050.9,4050.4,4050.9,48.8,26.1,84.7,80.1,56.4,No,No,No,1.766,3.557,6.8,50,95.0,100.0,No,No,90848,98731,33,99.0,No,No,3320,0.1,0.1,0.1,0.064,0.184,45699,35330,0.0,0.0,0.0,0.000,0.000,151,0,78.0,101.0,83.0,1.081,12.043,12.099,12.090,11.941,1992,162.000,71.249,137.358,49.570,118.595,32.192,86.082,0.336,137.358,30.494,9.032,111.473,220.000,240.000,1905.0,1750.2,1665.0,1887.5,1800.0,70.0,25.0,0.0,14.0,93.6,16.4,65.8,0.0,0.0,0.0,58,Yes,No,No,Yes,Yes,No,No,76.3,74.4,4,0,0,0,0,0,0,0,0,105,0,0,0,0,0,0,0,0,0,0,0,0,0,0,0,0,0,0,0,0,520,7672,7511,1723,8.0,0.0,0.0,0.0,0.0,0.0,0.0,0.0,0.0,0.0,0.0,0.0,0.0,0.00,0.00,0.00,0.00,0.00,0.00,0.00,0.00,0.00,0.00,0.00,0,0,0.0,0.0,3179,250,7.0,4.1,0,
3.7.2026,22:56:28.100,29477,16516,64.0,15445,17237,47.2,0.5,13312,69,1.291,1.319,1.288,1.288,1.288,1.288,1.288,1.288,1.288,4024.0,4042.7,4042.7,4017.8,4017.8,4017.8,4017.8,4017.8,4017.8,99.8,1579.6,3660.1,2168.9,1536.1,3184.7,1694.7,1795.4,1513.9,1513.4,944.9,889.6,1290.0,1337.4,1179.6,1054.7,773.7,736.8,1579.6,36.9,54.3,53.7,38.3,78.6,41.8,44.4,37.4,37.6,23.5,22.1,32.1,33.3,29.1,26.3,19.2,18.3,78.6,36.9,41.0,60.9,60.1,42.7,88.4,46.6,49.5,41.7,41.8,25.9,24.2,35.6,36.9,32.2,29.0,21.0,19.9,41.0,40.3,40.5,40.5,40.2,40.2,40.2,40.2,40.2,40.2,0.0,81.9,90.1,95.5,85.3,83.4,73.7,78.6,77.1,71.9,18.1,9.9,4.5,14.7,16.6,26.3,21.4,22.9,28.1,0.0,0.0,0.0,0.0,0.0,0.0,0.0,0.0,0.0,1197.8,12.00,16,16,16,39,55,661,1,75.2,75.6,73.8,71.5,73.9,74.4,72.8,71.8,69.8,70.5,69.8,68.9,65.7,66.0,65.4,59.0,54.8,1.344,1.031,1.350,14.814,12.306,14.815,73.746,41.753,4.404,5.550,6.075,4.798,4.389,3.459,4.036,3.751,3.175,19.816,12.673,32.489,41.830,1197.8,1197.8,4063.9,4064.3,4063.5,4064.3,47.5,24.7,81.9,79.6,56.1,No,No,No,1.723,3.482,6.6,50,95.0,100.0,No,No,90848,98731,33,99.0,No,No,3320,0.0,0.0,0.0,0.000,0.022,45699,35330,0.0,0.0,0.0,0.000,0.000,151,0,77.5,100.0,83.0,1.081,12.045,12.097,12.091,11.948,2000,159.402,69.415,132.095,48.387,114.282,31.196,82.783,0.336,132.095,30.291,18.628,104.059,220.000,240.000,1905.0,1750.2,1665.0,1887.6,1800.0,77.0,22.0,0.0,24.0,93.6,16.3,65.4,0.0,0.0,0.0,58,Yes,No,No,Yes,Yes,No,No,73.8,72.3,4,0,0,0,0,0,0,0,0,105,0,0,0,0,0,0,0,0,0,0,0,0,0,0,0,0,0,0,0,0,520,7672,7511,1723,8.0,0.0,0.0,0.0,0.0,0.0,0.0,0.0,0.0,0.0,0.0,0.0,0.0,0.00,0.00,0.00,0.00,0.00,0.00,0.00,0.00,0.00,0.00,0.00,0,0,0.0,0.0,3179,250,5.4,1.9,0,
3.7.2026,22:56:30.106,29477,16516,64.0,15446,17236,47.2,0.5,13312,69,1.316,1.319,1.325,1.319,1.319,1.319,1.319,1.306,1.306,4052.1,4092.6,4067.7,4042.7,4042.7,4042.7,4042.7,4042.7,4042.7,99.8,1604.4,3719.9,2344.3,1685.1,2943.6,1846.4,1719.4,1585.1,1500.6,921.5,899.5,1314.2,1324.7,1228.3,1075.5,798.0,764.0,1604.4,37.0,53.4,57.8,41.4,72.9,45.2,42.4,38.8,36.8,22.4,22.0,32.1,32.4,29.8,26.2,19.4,18.5,72.9,37.0,41.6,60.1,65.1,46.6,82.0,50.9,47.7,43.7,41.4,25.2,24.7,36.2,36.5,33.6,29.5,21.8,20.8,41.6,40.6,41.0,40.8,40.5,40.5,40.5,40.5,40.5,40.5,0.0,82.8,91.6,94.7,86.4,84.6,74.8,79.5,78.2,72.9,17.2,8.4,5.3,13.6,15.4,25.2,20.5,21.8,27.1,0.0,0.0,0.0,0.0,0.0,0.0,0.0,0.0,0.0,1197.8,12.00,16,16,16,39,55,661,1,75.2,75.6,76.2,71.5,73.9,74.2,73.0,71.8,69.8,70.4,69.8,68.9,65.7,66.0,65.5,59.0,54.1,1.350,1.025,1.344,14.871,12.237,14.872,74.554,41.674,4.408,5.620,5.974,4.868,4.406,3.423,4.002,3.795,3.173,19.851,12.605,32.456,41.777,1197.8,1197.8,4060.4,4060.4,4060.4,4060.4,47.5,24.8,82.8,79.6,56.1,No,No,No,1.748,3.050,6.6,50,95.0,100.0,No,No,90848,98731,33,99.0,No,No,3320,0.0,0.1,0.1,0.008,0.239,45699,35331,0.0,0.0,0.0,0.000,0.000,151,0,77.4,100.4,83.0,1.081,12.050,12.100,12.094,11.955,2000,159.588,66.367,126.897,46.439,108.559,30.999,77.260,0.336,126.897,27.836,9.228,109.224,220.000,240.000,1905.0,1750.2,1665.0,1887.6,1800.0,61.0,23.0,0.0,10.0,93.6,14.3,57.2,0.0,0.0,0.0,58,Yes,No,No,Yes,Yes,No,No,70.3,70.8,4,0,0,0,0,0,0,0,0,105,0,0,0,0,0,0,0,0,0,0,0,0,0,0,0,0,0,0,0,0,520,7672,7511,1723,8.0,0.0,0.0,0.0,0.0,0.0,0.0,0.0,0.0,0.0,0.0,0.0,0.0,0.00,0.00,0.00,0.00,0.00,0.00,0.00,0.00,0.00,0.00,0.00,0,0,0.0,0.0,3179,250,3.8,1.3,0,
3.7.2026,22:56:32.107,29478,16516,64.0,15443,17238,47.2,0.5,13312,69,1.321,1.306,1.331,1.331,1.331,1.331,1.312,1.312,1.312,4064.5,4042.7,4067.7,4067.7,4067.7,4067.7,4067.7,4067.7,4067.7,99.8,1448.6,3850.8,1409.8,2537.0,1580.3,2008.7,1368.3,1675.0,1267.4,861.7,755.9,1317.6,1148.4,1099.1,945.0,658.0,694.9,1448.6,34.2,78.7,34.1,62.1,38.5,49.0,33.5,40.9,31.0,20.4,17.6,31.6,28.1,26.7,23.0,15.8,16.8,78.7,34.2,38.8,88.9,39.0,70.3,43.9,55.7,37.8,46.2,35.0,23.6,20.6,36.2,31.7,30.0,25.9,17.8,18.9,38.8,40.7,40.5,40.8,40.8,40.8,40.8,40.8,40.8,40.8,0.0,80.7,94.7,90.2,84.6,82.9,71.6,77.2,75.3,69.4,19.3,5.3,9.8,15.4,17.1,28.4,22.8,24.7,30.6,0.0,0.0,0.0,0.0,0.0,0.0,0.0,0.0,0.0,1197.8,12.00,16,16,16,39,55,661,1,75.2,75.4,77.2,71.2,74.4,73.2,72.9,71.5,69.7,70.3,69.5,68.6,65.7,66.0,65.4,58.0,54.4,1.337,1.031,1.331,14.362,12.120,14.358,72.654,40.946,4.293,5.963,5.423,4.725,4.358,3.294,3.930,3.609,3.043,19.246,12.481,31.728,41.014,1197.8,1197.8,4067.5,4067.5,4067.5,4067.5,46.6,23.9,80.7,79.4,55.8,No,No,No,1.672,2.784,6.5,50,95.0,100.0,No,No,90848,98731,33,99.0,No,No,3320,0.0,0.0,0.0,0.000,0.016,45699,35331,0.0,0.0,0.0,0.000,0.000,151,0,77.3,100.0,83.0,1.081,12.055,12.103,12.099,11.962,2004,154.016,69.020,131.381,47.360,112.602,30.001,82.329,0.336,131.381,28.385,9.228,117.195,220.000,240.000,1905.0,1750.2,1665.0,1887.8,1800.0,91.0,19.0,0.0,39.0,93.6,16.1,64.5,0.0,0.0,0.0,58,Yes,No,No,Yes,Yes,No,No,72.6,75.0,4,0,0,0,0,0,0,0,0,105,0,0,0,0,0,0,0,0,0,0,0,0,0,0,0,0,0,0,0,0,520,7672,7511,1723,8.0,0.0,0.0,0.0,0.0,0.0,0.0,0.0,0.0,0.0,0.0,0.0,0.0,0.00,0.00,0.00,0.00,0.00,0.00,0.00,0.00,0.00,0.00,0.00,0,0,0.0,0.0,3179,250,10.1,1.5,0,
3.7.2026,22:56:34.106,29482,16512,64.0,15455,17227,47.2,0.5,13312,69,1.312,1.319,1.306,1.325,1.337,1.288,1.288,1.306,1.331,4045.8,4042.7,4042.7,4067.7,4067.7,4017.8,4017.8,4042.7,4067.7,99.8,1680.2,3906.7,1521.0,3671.0,1414.3,2205.6,1668.6,2018.5,1430.0,1004.9,963.3,1572.4,1311.1,1345.8,1147.3,800.7,902.4,1680.2,40.2,84.1,37.6,89.3,36.3,54.0,40.7,49.3,34.1,24.7,23.6,38.4,31.5,32.1,27.8,19.0,20.8,89.3,40.2,45.2,94.5,42.0,100.3,40.5,60.5,46.1,55.6,38.6,27.4,26.1,42.9,35.7,36.3,31.5,21.7,23.7,45.2,40.5,40.5,40.5,40.8,40.8,40.2,40.2,40.5,40.8,0.0,84.4,96.3,97.5,88.0,85.6,75.5,80.8,78.6,73.1,15.6,3.7,2.5,12.0,14.4,24.5,19.2,21.4,26.9,0.0,0.0,0.0,0.0,0.0,0.0,0.0,0.0,0.0,1197.8,12.00,16,16,16,39,55,661,1,76.6,77.0,80.0,72.2,74.8,76.1,73.7,72.6,70.0,70.8,70.0,69.2,65.9,66.2,65.6,59.2,54.9,1.325,1.044,1.331,15.610,12.463,15.610,75.969,42.883,4.627,6.065,6.718,5.000,4.589,3.456,4.104,3.850,3.230,20.785,12.836,33.620,43.008,1197.8,1197.8,4055.8,4055.8,4055.8,4055.8,48.9,26.0,84.4,81.0,56.4,No,No,No,1.633,4.282,6.8,50,95.0,100.0,No,No,90848,98731,33,99.0,No,No,3320,0.0,0.0,0.0,0.000,0.076,45699,35331,0.0,0.0,0.0,0.000,0.000,151,0,76.2,98.2,83.0,1.081,12.056,12.105,12.100,11.965,2004,151.268,63.360,119.453,44.740,103.391,30.379,72.733,0.336,119.453,28.413,19.364,95.336,220.000,240.000,1905.0,1750.2,1665.0,1887.8,1800.0,56.0,19.0,0.0,11.0,93.6,13.6,54.5,0.0,0.0,0.0,58,Yes,No,No,Yes,Yes,No,No,67.2,77.5,4,0,0,0,0,0,0,0,0,105,0,0,0,0,0,0,0,0,0,0,0,0,0,0,0,0,0,0,0,0,520,7672,7511,1723,8.0,0.0,0.0,0.0,0.0,0.0,0.0,0.0,0.0,0.0,0.0,0.0,0.0,0.00,0.00,0.00,0.00,0.00,0.00,0.00,0.00,0.00,0.00,0.00,0,0,0.0,0.0,3179,250,20.3,2.3,0,
3.7.2026,22:56:36.108,29486,16507,64.1,15462,17220,47.3,0.5,13312,69,1.287,1.306,1.294,1.306,1.306,1.269,1.269,1.262,1.281,4024.0,4042.7,4042.7,4042.7,4042.7,3992.8,3992.8,4017.8,4017.8,99.8,2100.4,3973.5,2784.2,2339.0,3555.0,2208.8,2679.6,2228.9,1879.0,1362.4,1316.6,1976.0,1724.0,1781.4,1488.2,1112.0,1197.3,2100.4,48.5,64.8,68.8,65.0,78.0,54.9,61.9,54.1,44.9,32.1,31.1,47.6,40.8,42.4,35.2,25.8,28.8,78.0,48.5,54.3,72.7,77.2,72.9,87.5,61.5,69.4,60.6,50.3,35.8,34.7,53.3,45.6,47.4,39.4,28.8,32.2,54.3,40.3,40.5,40.5,40.5,40.5,40.0,40.0,40.2,40.2,0.0,89.6,98.1,99.8,94.9,89.9,82.2,87.1,84.8,79.9,10.4,1.9,0.2,5.1,10.1,17.8,12.9,15.2,20.1,0.0,0.0,0.0,0.0,0.0,0.0,0.0,0.0,0.0,1197.8,12.00,16,16,16,39,55,661,1,84.1,81.7,85.2,74.8,77.7,81.1,77.0,74.9,71.7,73.1,71.9,70.7,66.7,67.0,66.5,59.5,54.8,1.337,1.038,1.344,18.414,12.300,18.400,80.645,46.305,5.388,6.649,7.839,6.234,5.246,4.030,4.899,4.492,3.712,24.459,12.690,37.148,46.454,1197.8,1197.8,4049.2,4049.2,4049.2,4049.2,52.8,30.7,89.6,86.0,57.7,No,No,No,1.813,2.839,7.2,50,95.0,100.0,No,No,90848,98731,33,99.0,No,No,3320,0.3,0.0,0.3,1.430,0.007,45701,35331,0.0,0.0,0.0,0.000,0.000,151,0,76.6,98.8,83.0,1.081,12.053,12.105,12.098,11.956,2012,153.063,70.087,126.999,46.629,109.074,31.444,77.328,0.336,126.999,28.402,54.956,98.701,220.000,240.000,1905.0,1750.2,1665.0,1887.7,1800.0,61.0,23.0,0.0,10.0,93.6,13.9,55.7,0.0,0.0,0.0,58,Yes,No,No,Yes,Yes,No,No,70.6,73.3,4,0,0,0,0,0,0,0,0,105,0,0,0,0,0,0,0,0,0,0,0,0,0,0,0,0,0,0,0,0,520,7672,7511,1723,8.0,0.0,0.0,0.0,0.0,0.0,0.0,0.0,0.0,0.0,0.0,0.0,0.0,0.00,0.00,0.00,0.00,0.00,0.00,0.00,0.00,0.00,0.00,0.00,0,0,0.0,0.0,3179,250,6.8,1.3,0,
3.7.2026,22:56:38.107,29483,16510,64.1,15449,17232,47.2,0.5,13312,69,1.309,1.306,1.312,1.312,1.312,1.306,1.306,1.306,1.306,4042.7,4042.7,4042.7,4042.7,4042.7,4042.7,4042.7,4042.7,4042.7,99.8,2120.2,4007.0,3489.7,2450.9,3659.1,1737.3,3018.4,1947.1,2074.7,1272.6,1344.6,1686.0,1808.8,1492.9,1677.4,1063.3,1194.3,2120.2,49.3,53.9,86.5,61.0,88.2,43.1,76.2,49.2,49.6,31.1,32.6,41.3,44.3,36.6,40.1,26.1,29.5,88.2,49.3,55.6,60.7,97.1,68.6,99.0,48.6,85.6,55.4,55.9,35.2,36.9,46.6,50.0,41.3,45.2,29.6,33.4,55.5,40.5,40.5,40.5,40.5,40.5,40.5,40.5,40.5,40.5,0.0,89.9,99.0,99.8,95.8,90.1,82.5,86.4,84.7,80.7,10.1,1.0,0.2,4.2,9.9,17.5,13.6,15.3,19.3,0.0,0.0,0.0,0.0,0.0,0.0,0.0,0.0,0.0,1197.8,12.00,16,16,16,39,55,661,1,83.0,83.1,82.5,75.5,78.9,82.6,78.1,75.2,72.3,73.1,72.4,71.2,67.2,67.5,67.0,59.8,55.0,1.325,1.025,1.337,18.932,12.128,18.943,80.868,46.884,5.384,6.978,8.064,6.073,5.137,4.004,4.703,4.439,3.675,25.124,12.516,37.640,46.932,1197.8,1197.8,4046.5,4046.5,4046.5,4046.5,53.3,31.6,89.9,87.5,58.2,No,No,No,1.824,1.943,7.2,51,95.0,100.0,No,No,90848,98731,33,99.0,No,No,3320,0.0,0.1,0.1,0.020,0.086,45701,35331,0.0,0.0,0.0,0.000,0.000,151,0,76.8,98.7,83.0,1.081,12.056,12.107,12.100,11.960,2004,152.273,64.083,124.963,45.800,107.483,31.097,76.087,0.336,124.963,28.025,8.959,93.117,220.000,240.000,1905.0,1750.2,1665.0,1887.8,1800.0,62.0,23.0,0.0,12.0,93.7,12.7,50.9,0.0,0.0,0.0,58,Yes,No,No,Yes,Yes,No,No,69.5,63.6,4,0,0,0,0,0,0,0,0,105,0,0,0,0,0,0,0,0,0,0,0,0,0,0,0,0,0,0,0,0,516,7676,7515,1723,8.0,0.0,0.0,0.0,0.0,0.0,0.0,0.0,0.0,0.0,0.0,0.0,0.0,0.00,0.00,0.00,0.00,0.00,0.00,0.00,0.00,0.00,0.00,0.00,0,0,0.0,0.0,3179,250,3.7,1.6,0,
3.7.2026,22:56:40.106,29480,16514,64.0,15452,17230,47.2,0.5,13312,69,1.297,1.319,1.294,1.294,1.294,1.294,1.294,1.294,1.294,4017.8,4017.8,4017.8,4017.8,4017.8,4017.8,4017.8,4017.8,4017.8,99.8,2016.7,3978.5,3412.2,2651.1,2724.7,1899.3,2879.3,1771.3,2012.0,1162.5,1276.9,1601.3,1737.7,1463.2,1491.6,980.5,1225.6,2016.7,47.9,54.9,84.6,65.6,76.1,44.5,71.9,43.1,51.9,29.3,32.1,39.3,44.0,36.0,38.8,24.4,29.5,84.6,47.9,53.5,61.4,94.8,73.5,85.3,49.7,80.5,48.2,58.1,32.6,35.8,43.9,49.1,40.1,43.2,27.1,32.9,53.5,40.2,40.2,40.2,40.2,40.2,40.2,40.2,40.2,40.2,0.0,88.7,98.4,99.8,95.6,88.6,80.3,84.7,83.3,78.5,11.3,1.6,0.2,4.4,11.4,19.7,15.3,16.7,21.5,0.0,0.0,0.0,0.0,0.0,0.0,0.0,0.0,0.0,1197.8,12.00,16,16,16,39,55,661,1,83.0,82.6,88.5,75.5,80.2,80.8,78.2,75.0,72.4,73.3,72.3,71.6,67.3,67.5,67.1,58.8,55.5,1.331,1.038,1.337,18.410,12.285,18.405,79.786,46.296,5.291,7.135,7.562,6.268,4.903,3.879,4.571,4.234,3.777,24.409,12.672,37.081,46.412,1197.8,1197.8,4043.7,4043.7,4043.7,4043.7,52.7,30.7,88.7,87.0,57.5,No,No,No,1.772,3.076,7.1,50,95.0,100.0,No,No,90848,98731,33,99.0,No,No,3320,0.0,0.0,0.0,0.000,0.102,45701,35331,0.0,0.0,0.0,0.000,0.000,151,0,76.8,98.9,83.0,1.081,12.059,12.107,12.102,11.967,2004,155.556,65.326,124.260,45.426,106.343,30.432,75.659,0.336,124.260,27.337,9.002,110.210,220.000,240.000,1905.0,1750.2,1665.0,1887.7,1800.0,74.0,20.0,0.0,25.0,93.7,16.0,64.2,0.0,0.0,0.0,58,Yes,No,No,Yes,Yes,No,No,68.9,68.8,4,0,0,0,0,0,0,0,0,105,0,0,0,0,0,0,0,0,0,0,0,0,0,0,0,0,0,0,0,0,516,7676,7515,1723,8.0,0.0,0.0,0.0,0.0,0.0,0.0,0.0,0.0,0.0,0.0,0.0,0.0,0.00,0.00,0.00,0.00,0.00,0.00,0.00,0.00,0.00,0.00,0.00,0,0,0.0,0.0,3179,250,3.4,2.1,0,
3.7.2026,22:56:42.102,29266,16728,63.6,15239,17443,46.6,0.5,13312,69,1.300,1.312,1.312,1.288,1.312,1.312,1.288,1.288,1.288,4030.2,4042.7,4042.7,4017.8,4042.7,4042.7,4017.8,4017.8,4017.8,99.8,1963.8,3988.6,1865.6,2430.7,3307.9,3155.5,1600.9,2237.5,1687.2,1300.2,1272.1,1952.2,1465.7,1601.6,1436.8,958.3,1160.7,1963.8,47.9,87.4,46.1,60.8,81.4,78.3,39.7,55.2,41.6,32.0,31.4,48.3,36.6,38.8,36.0,23.5,28.9,87.4,47.9,53.8,98.0,51.8,68.3,91.3,87.9,44.6,62.0,46.7,36.0,35.3,54.2,41.1,43.6,40.5,26.5,32.5,53.8,40.4,40.5,40.5,40.2,40.5,40.5,40.2,40.2,40.2,0.0,88.8,98.6,99.9,96.1,89.4,80.1,85.0,83.0,78.0,11.2,1.4,0.1,3.9,10.6,19.9,15.0,17.0,22.0,0.0,0.0,0.0,0.0,0.0,0.0,0.0,0.0,0.0,1197.8,12.00,16,16,16,39,55,661,1,83.0,83.2,82.8,75.7,78.4,82.4,78.9,75.5,72.7,73.8,72.7,71.6,67.4,67.7,67.2,59.2,55.4,1.331,1.031,1.319,18.436,12.533,18.437,79.907,46.711,5.290,6.604,7.812,6.350,5.055,3.973,4.628,4.311,3.586,24.442,12.925,37.367,46.804,1197.8,1197.8,4043.5,4043.5,4043.5,4043.5,53.2,30.7,88.8,87.6,57.4,No,No,No,1.821,4.569,7.1,50,95.0,100.0,No,No,90848,98731,33,99.0,No,No,3320,1.5,0.0,1.5,4.352,0.051,45709,35332,0.0,0.0,0.0,0.000,0.000,151,0,76.5,99.0,83.0,1.081,12.056,12.105,12.099,11.964,2012,148.541,64.540,125.279,45.297,106.870,30.352,76.282,0.336,125.279,26.728,9.674,99.306,220.000,240.000,1905.0,1750.2,1665.0,1888.5,1800.0,78.0,21.0,0.0,27.0,93.7,16.7,66.6,0.0,0.0,0.0,58,Yes,No,No,Yes,Yes,No,No,70.5,73.4,4,0,0,0,0,0,0,0,0,105,0,0,0,0,0,0,0,0,0,0,0,0,0,0,0,0,0,0,0,0,516,7676,7515,1723,8.0,0.0,0.0,0.0,0.0,0.0,0.0,0.0,0.0,0.0,0.0,0.0,0.0,0.00,0.00,0.00,0.00,0.00,0.00,0.00,0.00,0.00,0.00,0.00,0,0,0.0,0.0,3179,250,2.8,1.0,0,
3.7.2026,22:56:44.107,29266,16728,63.6,15238,17444,46.6,0.5,13312,69,1.307,1.312,1.306,1.306,1.306,1.306,1.306,1.306,1.306,4042.7,4042.7,4042.7,4042.7,4042.7,4042.7,4042.7,4042.7,4042.7,99.8,1841.4,3965.2,1857.3,2110.2,3498.1,2677.1,1589.1,2092.1,1592.9,1064.6,1092.3,1729.7,1436.3,1473.0,1352.5,871.5,1061.1,1841.4,45.1,83.1,46.0,52.3,85.9,68.1,39.1,52.5,40.0,27.2,27.3,44.4,35.7,37.7,33.4,22.3,26.3,85.9,45.1,50.6,93.2,51.6,58.7,96.4,76.4,43.9,58.9,44.9,30.5,30.7,49.8,40.1,42.3,37.5,25.0,29.5,50.6,40.5,40.5,40.5,40.5,40.5,40.5,40.5,40.5,40.5,0.0,87.3,98.0,99.9,92.6,87.7,77.9,84.1,81.8,76.5,12.7,2.0,0.1,7.4,12.3,22.1,15.9,18.2,23.5,0.0,0.0,0.0,0.0,0.0,0.0,0.0,0.0,0.0,1197.8,12.00,16,16,16,39,55,661,1,83.0,82.8,81.2,75.2,78.4,82.0,77.4,75.1,72.1,73.2,72.2,71.1,67.4,67.7,67.2,58.2,55.3,1.306,1.031,1.312,17.575,12.542,17.587,78.573,45.666,5.064,6.588,7.895,5.676,4.803,3.621,4.400,4.124,3.405,23.309,12.929,36.238,45.684,1197.8,1197.8,4045.3,4045.3,4045.3,4045.3,51.9,29.3,87.3,87.1,56.8,No,No,No,1.681,4.770,7.0,50,95.0,100.0,No,No,90848,98731,33,99.0,No,No,3320,0.0,0.1,0.1,0.037,0.063,45709,35332,0.0,0.0,0.0,0.000,0.000,151,0,76.2,98.4,83.0,1.081,12.055,12.103,12.098,11.964,2008,150.725,68.273,123.101,44.587,105.527,30.340,74.949,0.336,123.101,26.874,46.253,107.658,220.000,240.000,1905.0,1750.2,1665.0,1888.5,1800.0,76.0,20.0,0.0,27.0,93.7,17.0,67.9,0.0,0.0,0.0,58,Yes,No,No,Yes,Yes,No,No,67.2,63.0,4,0,0,0,0,0,0,0,0,105,0,0,0,0,0,0,0,0,0,0,0,0,0,0,0,0,0,0,0,0,516,7676,7515,1723,8.0,0.0,0.0,0.0,0.0,0.0,0.0,0.0,0.0,0.0,0.0,0.0,0.0,0.00,0.00,0.00,0.00,0.00,0.00,0.00,0.00,0.00,0.00,0.00,0,0,0.0,0.0,3179,250,3.0,1.3,0,
3.7.2026,22:56:46.108,29271,16723,63.6,15238,17443,46.6,0.5,13312,69,1.292,1.312,1.312,1.281,1.281,1.288,1.288,1.288,1.288,4024.0,4042.7,4042.7,4017.8,4017.8,4017.8,4017.8,4017.8,4017.8,99.8,1770.6,3908.5,2621.9,1608.9,3755.7,1731.4,2138.3,1465.4,1904.4,915.9,1119.4,1233.7,1624.7,1123.9,1403.0,699.7,1074.4,1770.6,41.5,59.9,64.7,40.3,93.0,43.8,51.9,37.6,45.8,22.8,27.5,30.9,39.7,28.4,34.1,17.1,26.5,93.0,41.5,46.3,67.1,72.5,45.0,104.4,48.9,58.1,41.9,51.2,25.2,30.5,34.4,44.2,31.5,38.0,18.8,29.4,46.3,40.3,40.5,40.5,40.2,40.2,40.2,40.2,40.2,40.2,0.0,84.9,96.5,99.6,88.1,85.4,75.9,80.5,79.2,74.1,15.1,3.5,0.4,11.9,14.6,24.1,19.5,20.8,25.9,0.0,0.0,0.0,0.0,0.0,0.0,0.0,0.0,0.0,1197.8,12.00,16,16,16,39,55,661,1,82.6,82.3,80.2,73.9,76.5,81.6,74.7,73.8,71.2,72.0,71.1,70.3,67.0,67.3,66.8,59.0,55.4,1.325,1.038,1.337,16.192,12.576,16.182,76.415,43.760,4.763,6.241,7.613,4.964,4.516,3.513,4.103,3.879,3.272,21.503,12.957,34.460,43.884,1197.8,1197.8,4048.3,4048.3,4048.3,4048.3,49.9,27.0,84.9,86.6,56.3,No,No,No,1.667,4.969,6.8,51,95.0,100.0,No,No,90848,98731,33,99.0,No,No,3320,0.0,0.1,0.1,0.008,0.082,45709,35332,0.0,0.0,0.0,0.000,0.000,151,0,76.1,98.3,83.0,1.081,12.058,12.107,12.101,11.968,2012,155.115,61.779,118.330,43.790,102.060,30.302,71.532,0.336,118.330,27.389,8.983,96.737,220.000,240.000,1905.0,1750.2,1665.0,1888.3,1800.0,70.0,21.0,0.0,20.0,93.7,17.3,69.3,0.0,0.0,0.0,58,Yes,No,No,Yes,Yes,No,No,66.5,66.9,4,0,0,0,0,0,0,0,0,105,0,0,0,0,0,0,0,0,0,0,0,0,0,0,0,0,0,0,0,0,516,7676,7515,1723,8.0,0.0,0.0,0.0,0.0,0.0,0.0,0.0,0.0,0.0,0.0,0.0,0.0,0.00,0.00,0.00,0.00,0.00,0.00,0.00,0.00,0.00,0.00,0.00,0,0,0.0,0.0,3179,250,1.4,0.5,0,
3.7.2026,22:56:48.117,29268,16725,63.6,15235,17446,46.6,0.5,13312,69,1.312,1.319,1.306,1.319,1.306,1.312,1.312,1.312,1.312,4039.6,4042.7,4042.7,4042.7,4042.7,4042.7,4042.7,4042.7,4017.8,99.8,1793.5,3985.5,3320.5,1766.3,3376.3,1592.1,2292.8,1393.7,1967.1,811.9,1167.7,1196.2,1655.7,1078.6,1368.7,693.2,1029.7,1793.5,40.7,50.3,82.3,43.6,83.9,39.3,54.4,33.0,47.7,19.2,28.2,28.4,40.0,25.7,33.1,16.4,25.1,83.9,40.7,45.8,56.6,92.4,49.0,94.3,44.2,61.1,37.1,53.7,21.7,31.8,32.0,45.0,29.0,37.3,18.6,28.3,45.8,40.5,40.5,40.5,40.5,40.5,40.5,40.5,40.5,40.2,0.0,84.2,98.5,98.2,87.5,84.1,74.8,79.9,77.6,73.2,15.8,1.5,1.8,12.5,15.9,25.2,20.1,22.4,26.8,0.0,0.0,0.0,0.0,0.0,0.0,0.0,0.0,0.0,1197.8,12.00,16,16,16,39,55,661,1,82.5,82.3,77.5,74.0,80.3,78.1,75.2,73.4,71.4,71.9,71.1,70.4,67.0,67.3,66.8,57.5,54.8,1.288,1.031,1.294,16.130,12.383,16.133,75.799,43.480,4.802,7.236,6.828,5.069,4.539,3.512,4.124,3.815,3.295,21.421,12.760,34.180,43.554,1197.8,1197.8,4047.9,4047.9,4047.9,4047.9,49.5,26.9,84.2,86.6,56.1,No,No,No,1.677,3.852,6.7,50,95.0,100.0,No,No,90848,98731,33,99.0,No,No,3320,0.1,0.0,0.1,0.501,0.058,45710,35332,0.0,0.0,0.0,0.000,0.000,151,0,77.5,99.7,83.0,1.081,12.041,12.092,12.087,11.943,2008,158.644,71.534,136.523,49.262,116.582,31.947,84.344,0.336,136.523,29.062,16.106,114.656,220.000,240.000,1905.0,1750.2,1665.0,1887.6,1800.0,80.0,26.0,0.0,24.0,93.7,16.3,65.3,0.0,0.0,0.0,58,Yes,No,No,Yes,Yes,No,No,74.6,74.0,4,0,0,0,0,0,0,0,0,105,0,0,0,0,0,0,0,0,0,0,0,0,0,0,0,0,0,0,0,0,516,7676,7515,1724,8.0,0.0,0.0,0.0,0.0,0.0,0.0,0.0,0.0,0.0,0.0,0.0,0.0,0.00,0.00,0.00,0.00,0.00,0.00,0.00,0.00,0.00,0.00,0.00,0,0,0.0,0.0,3179,250,1.4,0.4,0,
3.7.2026,22:56:50.107,29273,16720,63.6,15241,17441,46.6,0.5,13312,69,1.303,1.306,1.281,1.306,1.306,1.306,1.306,1.306,1.306,4039.6,4042.7,4042.7,4042.7,4042.7,4042.7,4042.7,4042.7,4017.8,99.8,1785.3,3959.3,3279.3,1601.9,3547.6,1663.1,2215.6,1419.9,1964.4,819.5,1151.9,1187.3,1627.4,1042.9,1427.4,631.0,1026.3,1785.3,41.1,49.1,81.1,39.5,88.9,40.2,56.2,34.9,48.9,20.0,28.4,29.2,40.5,25.2,35.5,15.3,25.1,88.9,41.1,46.4,55.3,91.1,44.6,99.9,45.4,63.2,39.4,55.1,22.8,32.1,33.0,45.6,28.5,40.0,17.5,28.4,46.4,40.5,40.5,40.5,40.5,40.5,40.5,40.5,40.5,40.2,0.0,85.7,97.8,99.3,89.3,86.1,77.0,81.5,79.5,74.7,14.3,2.2,0.7,10.7,13.9,23.0,18.5,20.5,25.3,0.0,0.0,0.0,0.0,0.0,0.0,0.0,0.0,0.0,1197.8,12.00,16,16,16,39,55,661,1,82.5,82.3,82.2,74.3,78.2,80.9,75.5,74.1,71.5,72.2,71.5,70.4,67.2,67.4,66.9,58.8,55.1,1.325,1.031,1.337,16.719,12.235,16.719,77.089,44.046,4.848,6.767,7.400,5.140,4.602,3.552,4.161,3.926,3.239,22.192,12.612,34.804,44.127,1197.8,1197.8,4047.3,4047.5,4047.2,4047.5,50.1,27.9,85.7,86.6,56.8,No,No,No,1.770,2.914,6.9,50,95.0,100.0,No,No,90848,98731,33,99.0,No,No,3320,0.0,0.0,0.0,0.000,0.053,45710,35332,0.0,0.0,0.0,0.000,0.000,151,0,76.3,98.5,83.0,1.081,12.057,12.105,12.101,11.965,2004,155.389,61.804,119.682,43.613,103.244,30.642,72.345,0.336,119.682,26.968,8.696,92.836,220.000,240.000,1905.0,1750.2,1665.0,1887.8,1800.0,65.0,23.0,0.0,15.0,93.7,14.3,57.0,0.0,0.0,0.0,58,Yes,No,No,Yes,Yes,No,No,66.7,69.8,4,0,0,0,0,0,0,0,0,105,0,0,0,0,0,0,0,0,0,0,0,0,0,0,0,0,0,0,0,0,516,7676,7515,1724,8.0,0.0,0.0,0.0,0.0,0.0,0.0,0.0,0.0,0.0,0.0,0.0,0.0,0.00,0.00,0.00,0.00,0.00,0.00,0.00,0.00,0.00,0.00,0.00,0,0,0.0,0.0,3179,250,2.8,1.7,0,
3.7.2026,22:56:52.102,29237,16756,63.5,15210,17471,46.5,0.5,13312,69,1.286,1.306,1.281,1.281,1.281,1.281,1.281,1.288,1.288,4020.9,4042.7,4017.8,4017.8,4017.8,4017.8,4017.8,4017.8,4017.8,99.8,1727.3,3945.5,1780.6,1928.8,3377.7,2035.8,1840.2,1635.5,1766.7,917.5,1141.7,1400.1,1558.9,1193.6,1369.2,731.4,1013.0,1727.3,41.7,81.8,44.1,48.0,84.0,50.2,45.5,40.3,43.7,22.6,28.3,34.6,38.6,29.3,33.9,18.0,25.0,84.0,41.7,46.6,91.8,49.3,53.6,94.3,56.2,50.9,45.0,48.8,25.1,31.4,38.6,43.1,32.6,37.8,19.9,27.8,46.6,40.3,40.5,40.2,40.2,40.2,40.2,40.2,40.2,40.2,0.0,86.4,97.5,99.6,88.9,86.6,78.4,83.2,80.8,76.1,13.6,2.5,0.4,11.1,13.4,21.6,16.8,19.2,23.9,0.0,0.0,0.0,0.0,0.0,0.0,0.0,0.0,0.0,1197.8,12.00,16,16,16,39,55,661,1,82.5,82.3,79.0,74.3,77.5,81.1,75.0,74.0,71.7,72.7,71.7,70.8,67.3,67.5,67.0,59.8,55.5,1.312,1.038,1.319,16.687,12.176,16.684,77.745,43.906,4.880,6.477,7.490,5.078,4.647,3.658,4.318,4.001,3.372,22.148,12.552,34.700,44.009,1197.8,1197.8,4046.5,4046.5,4046.5,4046.5,50.0,27.8,86.4,86.7,56.5,No,No,No,1.815,2.576,6.9,50,95.0,100.0,No,No,90848,98731,33,99.0,No,No,3320,0.1,0.0,0.2,0.294,0.059,45711,35332,0.0,0.0,0.0,0.000,0.000,151,0,76.1,98.6,83.0,1.081,12.055,12.104,12.099,11.963,2004,145.475,62.774,119.156,43.649,103.677,30.888,72.556,0.336,119.156,28.023,8.624,101.676,220.000,240.000,1905.0,1750.2,1665.0,1888.1,1800.0,61.0,24.0,0.0,7.0,93.7,13.4,53.4,0.0,0.0,0.0,58,Yes,No,No,Yes,Yes,No,No,66.9,63.9,4,0,0,0,0,0,0,0,0,105,0,0,0,0,0,0,0,0,0,0,0,0,0,0,0,0,0,0,0,0,516,7676,7515,1724,8.0,0.0,0.0,0.0,0.0,0.0,0.0,0.0,0.0,0.0,0.0,0.0,0.0,0.00,0.00,0.00,0.00,0.00,0.00,0.00,0.00,0.00,0.00,0.00,0,0,0.0,0.0,3179,250,3.3,4.1,0,
3.7.2026,22:56:54.105,29238,16756,63.5,15212,17470,46.5,0.5,13312,69,1.306,1.306,1.300,1.312,1.306,1.306,1.306,1.306,1.306,4042.7,4042.7,4042.7,4042.7,4042.7,4042.7,4042.7,4042.7,4042.7,99.8,1695.1,3929.1,1539.6,2081.7,3273.5,2007.6,1813.8,1577.8,1800.4,929.5,1099.1,1346.0,1547.7,1177.7,1304.5,712.7,981.2,1695.1,41.2,87.0,38.1,51.9,80.7,49.5,44.8,38.8,44.3,22.9,27.2,33.3,38.2,29.0,32.1,17.5,24.2,87.0,41.2,46.1,97.6,42.6,58.2,90.6,55.5,50.1,43.4,49.6,25.5,30.3,37.2,42.7,32.4,35.9,19.4,27.0,46.1,40.5,40.5,40.5,40.5,40.5,40.5,40.5,40.5,40.5,0.0,85.8,97.1,99.8,88.5,86.5,77.1,82.2,79.6,75.2,14.2,2.9,0.2,11.5,13.5,22.9,17.8,20.4,24.8,0.0,0.0,0.0,0.0,0.0,0.0,0.0,0.0,0.0,1197.8,12.00,16,16,16,39,55,661,1,82.5,82.4,78.2,74.3,76.5,82.2,75.0,74.4,71.6,72.7,71.4,70.7,67.2,67.5,67.0,59.0,55.7,1.337,1.038,1.337,16.788,11.857,16.787,77.188,43.670,4.871,6.312,7.786,5.060,4.726,3.623,4.257,3.893,3.309,22.281,12.226,34.507,43.745,1197.8,1197.8,4047.2,4047.2,4047.2,4047.2,49.7,28.0,85.8,86.7,57.0,No,No,No,1.771,1.503,6.9,50,95.0,100.0,No,No,90848,98731,33,99.0,No,No,3320,0.0,0.0,0.0,0.064,0.010,45711,35332,0.0,0.0,0.0,0.000,0.000,151,0,77.5,100.2,83.0,1.081,12.040,12.093,12.087,11.940,2008,157.443,72.439,136.828,49.676,117.732,31.676,85.746,0.336,136.828,30.298,19.644,115.629,220.000,240.000,1905.0,1750.2,1665.0,1887.9,1800.0,74.0,25.0,0.0,13.0,93.7,14.5,57.8,0.0,0.0,0.0,58,Yes,No,No,Yes,Yes,No,No,76.0,78.5,4,0,0,0,0,0,0,0,0,105,0,0,0,0,0,0,0,0,0,0,0,0,0,0,0,0,0,0,0,0,516,7676,7514,1621,8.0,0.0,0.0,0.0,0.0,0.0,0.0,0.0,0.0,0.0,0.0,0.0,0.0,0.00,0.00,0.00,0.00,0.00,0.00,0.00,0.00,0.00,0.00,0.00,0,0,0.0,0.0,3179,250,3.0,2.1,0,
3.7.2026,22:56:56.117,29229,16765,63.5,15206,17475,46.5,0.5,13312,69,1.295,1.294,1.312,1.312,1.288,1.288,1.288,1.288,1.288,4024.0,4017.8,4042.7,4042.7,4017.8,4017.8,4017.8,4017.8,4017.8,99.8,1843.9,3913.2,2709.6,2016.4,3421.4,1901.6,2064.5,1578.7,1981.0,1036.7,1189.1,1403.3,1626.8,1211.1,1433.4,909.8,1105.5,1843.9,43.3,62.4,66.9,50.1,84.7,46.9,50.3,38.8,48.9,25.5,29.0,34.4,40.1,29.6,35.3,22.1,27.2,84.7,43.3,48.6,70.0,75.0,56.3,95.0,52.7,56.5,43.6,55.0,28.7,32.7,38.7,45.1,33.3,39.7,24.9,30.6,48.6,40.3,40.2,40.5,40.5,40.2,40.2,40.2,40.2,40.2,0.0,86.0,96.8,99.7,88.3,86.3,77.8,82.1,80.3,76.8,14.0,3.2,0.3,11.7,13.7,22.2,17.9,19.7,23.2,0.0,0.0,0.0,0.0,0.0,0.0,0.0,0.0,0.0,1197.8,12.00,16,16,16,39,55,661,1,82.6,82.8,80.2,74.9,77.0,82.4,75.3,75.1,72.2,73.2,72.2,72.0,67.3,67.6,67.1,60.0,55.7,1.325,1.031,1.337,17.281,12.282,17.282,77.405,44.811,5.036,6.391,7.759,5.169,4.918,3.811,4.381,4.116,3.741,22.923,12.665,35.588,44.923,1197.8,1197.8,4043.8,4043.8,4043.8,4043.8,51.0,28.8,86.0,87.2,56.7,No,No,No,1.745,3.107,6.9,50,95.0,100.0,No,No,90848,98731,33,99.0,No,No,3320,0.0,0.0,0.1,0.064,0.042,45711,35332,0.0,0.0,0.0,0.000,0.000,151,0,78.4,101.7,83.0,1.081,12.031,12.083,12.080,11.929,2008,174.056,75.464,143.871,52.211,123.714,31.958,91.432,0.336,143.871,31.765,9.931,125.555,220.000,240.000,1905.0,1750.2,1665.0,1887.0,1800.0,90.0,27.0,0.0,21.0,93.7,18.8,75.3,0.0,0.0,0.0,58,Yes,No,No,Yes,Yes,No,No,79.8,84.8,4,0,0,0,0,0,0,0,0,105,0,0,0,0,0,0,0,0,0,0,0,0,0,0,0,0,0,0,0,0,517,7675,7514,1621,8.0,0.0,0.0,0.0,0.0,0.0,0.0,0.0,0.0,0.0,0.0,0.0,0.0,0.00,0.00,0.00,0.00,0.00,0.00,0.00,0.00,0.00,0.00,0.00,0,0,0.0,0.0,3179,250,3.6,1.6,0,
3.7.2026,22:56:58.103,29233,16761,63.5,15209,17472,46.5,0.5,13312,69,1.315,1.312,1.306,1.325,1.325,1.312,1.312,1.312,1.312,4027.1,4042.7,4042.7,4042.7,4017.8,4017.8,4017.8,4017.8,4017.8,99.8,1840.0,3957.6,3610.5,1878.2,3320.9,1718.6,2188.9,1474.2,2009.9,886.4,1140.0,1338.0,1591.6,1148.2,1386.0,825.3,965.7,1840.0,41.7,43.2,89.5,46.4,82.4,42.3,53.6,36.0,49.2,21.3,27.9,32.8,38.8,27.6,33.8,19.8,23.2,89.5,41.7,47.0,48.7,100.4,52.3,92.6,47.6,60.4,40.6,55.4,24.2,31.6,37.0,43.8,31.2,38.1,22.5,26.3,47.0,40.3,40.5,40.5,40.5,40.2,40.2,40.2,40.2,40.2,0.0,85.5,97.8,98.9,88.4,86.1,76.8,81.5,79.5,75.1,14.5,2.2,1.1,11.6,13.9,23.2,18.5,20.5,24.9,0.0,0.0,0.0,0.0,0.0,0.0,0.0,0.0,0.0,1197.8,12.00,16,16,16,39,55,661,1,82.6,82.8,80.2,74.6,79.2,80.5,75.6,74.4,71.9,72.7,71.8,70.9,67.5,67.7,67.2,59.5,55.6,1.337,1.038,1.337,16.732,12.333,16.728,76.966,44.176,4.885,6.937,7.256,5.099,4.688,3.587,4.258,3.934,3.325,22.192,12.713,34.906,44.265,1197.8,1197.8,4045.3,4045.5,4045.0,4045.5,50.3,27.9,85.5,87.1,56.7,No,No,No,1.732,3.585,6.8,50,95.0,100.0,No,No,90848,98731,33,99.0,No,No,3320,0.4,0.0,0.4,0.857,0.057,45713,35332,0.0,0.0,0.0,0.000,0.000,151,0,79.0,102.2,83.0,1.081,12.038,12.090,12.087,11.938,2008,174.884,79.612,141.197,51.952,121.657,31.588,89.733,0.336,141.197,32.106,67.220,119.136,220.000,240.000,1905.0,1750.2,1665.0,1886.7,1800.0,85.0,25.0,0.0,19.0,93.7,18.1,72.3,0.0,0.0,0.0,59,Yes,No,No,Yes,Yes,No,No,78.8,81.2,4,0,0,0,0,0,0,0,0,105,0,0,0,0,0,0,0,0,0,0,0,0,0,0,0,0,0,0,0,0,517,7675,7514,1621,8.0,0.0,0.0,0.0,0.0,0.0,0.0,0.0,0.0,0.0,0.0,0.0,0.0,0.00,0.00,0.00,0.00,0.00,0.00,0.00,0.00,0.00,0.00,0.00,0,0,0.0,0.0,3179,250,3.2,1.4,0,
3.7.2026,22:57:0.119,29230,16763,63.5,15207,17475,46.5,0.5,13312,69,1.311,1.319,1.312,1.312,1.312,1.312,1.306,1.306,1.306,4042.7,4042.7,4042.7,4042.7,4042.7,4042.7,4042.7,4042.7,4042.7,99.8,1835.4,3928.4,3374.9,1371.2,3929.1,1776.0,2143.3,1544.2,1945.4,984.1,1099.9,1358.2,1641.0,1215.9,1333.5,780.2,940.7,1835.4,42.5,45.9,83.7,34.6,97.4,43.6,54.1,38.2,48.4,24.6,27.7,33.7,40.9,30.4,33.3,19.7,23.6,97.4,42.5,47.3,51.1,93.8,38.3,109.3,48.5,60.3,42.4,53.9,27.1,30.5,37.4,45.4,33.6,36.9,21.5,26.0,47.3,40.5,40.5,40.5,40.5,40.5,40.5,40.5,40.5,40.5,0.0,86.0,97.1,99.7,89.0,86.4,77.8,82.3,80.2,75.8,14.0,2.9,0.3,11.0,13.6,22.2,17.7,19.8,24.2,0.0,0.0,0.0,0.0,0.0,0.0,0.0,0.0,0.0,1197.8,12.00,16,16,16,39,55,661,1,82.6,82.6,82.5,74.5,76.9,82.4,75.4,74.6,71.8,72.8,71.6,70.9,67.4,67.7,67.2,58.8,55.9,1.344,1.025,1.337,16.700,12.346,16.704,77.436,44.157,4.885,6.315,7.724,5.097,4.751,3.645,4.299,3.931,3.323,22.156,12.726,34.883,44.241,1197.8,1197.8,4045.6,4045.7,4045.5,4045.7,50.3,27.8,86.0,86.9,56.5,No,No,No,1.727,3.361,6.9,51,95.0,100.0,No,No,90848,98731,33,99.0,No,No,3320,0.1,0.0,0.2,0.648,0.074,45714,35332,0.0,0.0,0.0,0.000,0.000,151,0,78.5,101.4,83.0,1.081,12.042,12.093,12.089,11.944,2040,169.703,73.945,136.090,48.771,116.747,31.151,85.279,0.336,136.090,29.161,61.983,93.840,220.000,240.000,1905.0,1750.2,1665.0,1886.9,1800.0,78.0,23.0,0.0,18.0,93.7,17.8,71.1,0.0,0.0,0.0,61,Yes,No,No,Yes,Yes,No,No,75.1,75.8,4,0,0,0,0,0,0,0,0,105,0,0,0,0,0,0,0,0,0,0,0,0,0,0,0,0,0,0,0,0,517,7675,7514,1622,8.0,0.0,0.0,0.0,0.0,0.0,0.0,0.0,0.0,0.0,0.0,0.0,0.0,0.00,0.00,0.00,0.00,0.00,0.00,0.00,0.00,0.00,0.00,0.00,0,0,0.0,0.0,3179,250,4.8,2.3,0,
3.7.2026,22:57:2.116,29233,16761,63.5,15208,17474,46.5,0.5,13312,69,1.312,1.300,1.319,1.319,1.319,1.319,1.306,1.306,1.306,4039.6,4017.8,4042.7,4042.7,4042.7,4042.7,4042.7,4042.7,4042.7,99.8,1736.9,3903.3,1726.0,1566.7,3846.0,2195.5,1779.6,1926.7,1513.2,1054.9,971.1,1550.5,1427.6,1408.8,1146.9,892.2,880.9,1736.9,42.0,80.6,42.6,38.6,94.5,54.8,44.4,47.4,37.8,26.2,23.8,38.0,35.7,35.2,27.9,22.2,22.4,94.5,42.0,47.2,90.3,47.7,43.7,106.1,61.4,49.8,53.1,42.9,29.3,27.2,42.5,40.5,39.5,31.8,24.8,25.0,47.2,40.5,40.2,40.5,40.5,40.5,40.5,40.5,40.5,40.5,0.0,86.3,96.5,99.7,89.9,86.5,77.8,82.7,80.9,76.3,13.7,3.5,0.3,10.1,13.5,22.2,17.3,19.1,23.7,0.0,0.0,0.0,0.0,0.0,0.0,0.0,0.0,0.0,1197.8,12.00,16,16,16,39,55,661,1,82.6,82.6,79.0,74.6,76.8,82.2,75.8,74.7,71.8,72.9,71.8,71.1,67.5,67.7,67.2,60.2,55.9,1.325,1.038,1.331,16.765,12.317,16.768,77.663,44.198,4.874,6.175,7.692,5.228,4.730,3.589,4.278,3.969,3.331,22.239,12.697,34.936,44.283,1197.8,1197.8,4045.5,4045.5,4045.5,4045.5,50.3,27.9,86.3,87.0,56.6,No,No,No,1.741,3.160,6.9,51,95.0,100.0,No,No,90848,98731,33,99.0,No,No,3320,0.1,0.1,0.1,0.135,0.086,45714,35333,0.0,0.0,0.0,0.000,0.000,151,0,78.5,101.3,83.0,1.081,12.045,12.096,12.092,11.946,2092,163.901,70.202,133.873,48.601,115.866,31.060,84.489,0.336,133.873,30.308,18.816,104.799,220.000,240.000,1905.0,1750.2,1665.0,1887.4,1800.0,80.0,22.0,0.0,18.0,93.7,16.7,67.0,0.0,0.0,0.0,62,Yes,No,No,Yes,Yes,No,No,74.6,76.9,4,0,0,0,0,0,0,0,0,105,0,0,0,0,0,0,0,0,0,0,0,0,0,0,0,0,0,0,0,0,513,7679,7518,1648,8.0,0.0,0.0,0.0,0.0,0.0,0.0,0.0,0.0,0.0,0.0,0.0,0.0,0.00,0.00,0.00,0.00,0.00,0.00,0.00,0.00,0.00,0.00,0.00,0,0,0.0,0.0,3179,250,3.2,1.4,0,
3.7.2026,22:57:4.116,29237,16757,63.5,15204,17478,46.5,0.5,13312,69,1.289,1.306,1.312,1.281,1.281,1.281,1.281,1.281,1.288,4027.1,4042.7,4042.7,4017.8,4017.8,4017.8,4017.8,4017.8,4042.7,99.8,1672.2,3916.3,1564.0,1635.0,3601.8,2101.6,1722.9,1888.9,1466.3,1002.3,955.9,1473.2,1352.5,1348.2,1089.9,918.7,717.0,1672.2,40.6,85.4,38.2,40.9,88.4,53.7,41.2,47.2,36.1,24.7,23.4,37.2,32.8,33.2,27.3,21.2,18.0,88.4,40.6,45.6,95.9,43.2,45.6,99.3,60.5,46.5,53.3,40.3,28.1,25.9,42.1,36.6,37.6,30.3,24.2,20.6,45.6,40.3,40.5,40.5,40.2,40.2,40.2,40.2,40.2,40.5,0.0,85.3,96.8,99.6,88.2,85.8,76.7,81.3,79.3,74.4,14.7,3.2,0.4,11.8,14.2,23.3,18.7,20.7,25.6,0.0,0.0,0.0,0.0,0.0,0.0,0.0,0.0,0.0,1197.8,12.00,16,16,16,39,55,661,1,82.6,82.4,83.0,74.5,77.3,81.5,75.7,74.5,71.7,72.7,71.8,70.7,67.4,67.7,67.2,60.0,55.6,1.325,1.025,1.331,16.501,12.230,16.507,76.736,43.770,4.793,6.358,7.497,5.076,4.617,3.532,4.172,3.858,3.230,21.893,12.603,34.496,43.833,1197.8,1197.8,4045.8,4045.9,4045.7,4045.9,49.8,27.5,85.3,86.7,56.5,No,No,No,1.658,3.082,6.8,51,95.0,100.0,No,No,90848,98731,33,99.0,No,No,3320,0.1,0.0,0.2,0.482,0.075,45715,35333,0.0,0.0,0.0,0.000,0.000,151,0,78.9,102.1,83.0,1.081,12.038,12.090,12.086,11.937,2114,169.366,73.106,138.681,50.765,120.353,31.275,88.760,0.336,138.681,32.130,9.157,120.923,220.000,240.000,1905.0,1750.2,1665.0,1887.1,1800.0,82.0,23.0,0.0,19.0,93.7,17.2,68.9,0.0,0.0,0.0,62,Yes,No,No,Yes,Yes,No,No,77.6,79.5,4,0,0,0,0,0,0,0,0,105,0,0,0,0,0,0,0,0,0,0,0,0,0,0,0,0,0,0,0,0,517,7675,7514,1671,8.0,0.0,0.0,0.0,0.0,0.0,0.0,0.0,0.0,0.0,0.0,0.0,0.0,0.00,0.00,0.00,0.00,0.00,0.00,0.00,0.00,0.00,0.00,0.00,0,0,0.0,0.0,3179,250,4.9,1.9,0,
3.7.2026,22:57:6.116,29241,16752,63.5,15214,17467,46.5,0.5,13312,69,1.312,1.319,1.288,1.319,1.319,1.319,1.312,1.312,1.312,4027.1,4017.8,4017.8,4042.7,4042.7,4042.7,4017.8,4017.8,4017.8,99.8,1871.3,3972.5,2679.7,1894.6,3098.0,2057.5,2070.0,2002.5,1783.3,1168.1,1146.7,1658.6,1545.0,1484.0,1317.7,1079.1,983.0,1871.3,43.1,64.7,66.3,47.0,83.8,49.2,48.8,47.6,41.2,27.1,26.5,38.7,36.5,34.5,30.5,25.6,21.0,83.8,43.1,48.2,72.5,74.3,52.6,94.0,55.1,54.7,53.3,46.1,30.3,29.6,43.2,40.8,38.6,34.1,28.6,23.4,48.2,40.3,40.2,40.2,40.5,40.5,40.5,40.2,40.2,40.2,0.0,85.9,98.2,99.4,88.5,86.3,77.1,82.1,79.9,75.5,14.1,1.8,0.6,11.5,13.7,22.9,17.9,20.1,24.5,0.0,0.0,0.0,0.0,0.0,0.0,0.0,0.0,0.0,1197.8,12.00,16,16,16,39,55,661,1,82.6,82.7,83.8,74.7,78.0,81.5,75.7,74.6,71.9,72.9,71.9,71.1,67.5,67.8,67.3,58.5,55.7,1.337,1.031,1.337,16.816,12.287,16.810,77.272,44.202,5.001,6.591,7.452,5.305,4.899,3.728,4.409,4.109,3.514,22.306,12.669,34.975,44.305,1197.8,1197.8,4045.3,4045.3,4045.3,4045.3,50.3,28.0,85.9,87.0,56.7,No,No,No,1.732,3.101,6.9,51,95.0,100.0,No,No,90848,98731,33,99.0,No,No,3320,0.0,0.0,0.0,0.000,0.008,45715,35333,0.0,0.0,0.0,0.000,0.000,151,0,78.8,101.9,83.0,1.081,12.030,12.082,12.080,11.928,2132,170.653,74.931,143.121,52.449,123.553,31.633,91.601,0.336,143.121,32.587,9.732,121.174,220.000,240.000,1905.0,1750.2,1665.0,1886.8,1800.0,78.0,22.0,0.0,17.0,93.7,17.5,70.2,0.0,0.0,0.0,63,Yes,No,No,Yes,Yes,No,No,79.9,71.8,4,0,0,0,0,0,0,0,0,105,0,0,0,0,0,0,0,0,0,0,0,0,0,0,0,0,0,0,0,0,517,7675,7514,1672,8.0,0.0,0.0,0.0,0.0,0.0,0.0,0.0,0.0,0.0,0.0,0.0,0.0,0.00,0.00,0.00,0.00,0.00,0.00,0.00,0.00,0.00,0.00,0.00,0,0,0.0,0.0,3179,250,6.9,3.1,0,
3.7.2026,22:57:8.119,29238,16756,63.5,15213,17469,46.5,0.5,13312,69,1.305,1.319,1.319,1.312,1.300,1.300,1.300,1.300,1.288,4020.9,4042.7,4042.7,3992.8,4017.8,4017.8,4017.8,4017.8,4017.8,99.8,1806.4,3957.3,3448.3,1449.6,3828.0,1792.1,2007.0,1783.2,1582.9,1063.5,977.8,1516.9,1331.4,1381.6,1114.3,939.5,728.0,1806.4,41.2,47.0,85.4,36.1,94.7,44.0,48.8,43.7,38.9,26.0,24.0,37.1,32.6,33.6,27.1,22.8,17.8,94.7,41.2,46.3,52.8,95.9,40.6,106.2,49.4,54.9,49.1,43.7,29.2,27.1,41.8,36.6,37.8,30.6,25.7,20.1,46.3,40.3,40.5,40.5,40.0,40.2,40.2,40.2,40.2,40.2,0.0,84.8,97.8,99.5,87.0,84.9,76.3,80.5,78.6,73.8,15.2,2.2,0.5,13.0,15.1,23.7,19.5,21.4,26.2,0.0,0.0,0.0,0.0,0.0,0.0,0.0,0.0,0.0,1197.8,12.00,16,16,16,39,55,661,1,82.6,82.5,77.8,74.5,78.4,81.2,75.3,74.3,71.8,72.7,71.6,70.7,67.5,67.7,67.2,59.8,55.9,1.319,1.025,1.331,16.518,12.293,16.518,76.323,43.805,4.825,6.744,7.435,4.945,4.613,3.591,4.172,3.851,3.250,21.908,12.671,34.579,43.921,1197.8,1197.8,4045.3,4045.6,4045.1,4045.6,49.9,27.5,84.8,86.9,56.6,No,No,No,1.709,3.240,6.8,51,95.0,100.0,No,No,90848,98731,33,99.0,No,No,3320,0.0,0.1,0.1,0.639,0.127,45717,35333,0.0,0.0,0.0,0.000,0.000,151,0,78.7,101.5,83.0,1.081,12.040,12.089,12.089,11.941,2173,167.206,72.847,137.321,50.256,118.228,31.275,86.670,0.336,137.321,30.954,19.215,116.896,220.000,240.000,1905.0,1750.2,1665.0,1887.4,1800.0,85.0,23.0,0.0,20.0,93.7,18.1,72.3,0.0,0.0,0.0,63,Yes,No,No,Yes,Yes,No,No,76.5,77.4,4,0,0,0,0,0,0,0,0,105,0,0,0,0,0,0,0,0,0,0,0,0,0,0,0,0,0,0,0,0,516,7676,7514,1673,8.0,0.0,0.0,0.0,0.0,0.0,0.0,0.0,0.0,0.0,0.0,0.0,0.0,0.00,0.00,0.00,0.00,0.00,0.00,0.00,0.00,0.00,0.00,0.00,0,0,0.0,0.0,3179,250,17.3,8.0,0,
3.7.2026,22:57:10.118,29232,16762,63.5,15210,17472,46.5,0.5,13312,69,1.312,1.319,1.288,1.319,1.319,1.319,1.319,1.306,1.306,4039.6,4042.7,4017.8,4042.7,4042.7,4042.7,4042.7,4042.7,4042.7,99.8,1793.7,3950.6,3231.1,2345.9,2847.4,1851.3,2053.5,1788.1,1582.9,1065.9,957.5,1534.8,1295.9,1403.4,1062.7,972.8,755.6,1793.7,41.4,51.0,80.0,57.8,71.5,45.7,51.2,44.0,38.8,26.3,23.4,37.9,31.8,34.5,26.1,23.7,18.2,80.0,41.4,46.4,57.2,89.8,64.9,80.2,51.3,57.4,49.4,43.6,29.5,26.3,42.5,35.8,38.7,29.3,26.7,20.5,46.4,40.5,40.5,40.2,40.5,40.5,40.5,40.5,40.5,40.5,0.0,84.9,97.7,98.6,88.4,85.1,75.9,80.6,78.8,74.0,15.1,2.3,1.4,11.6,14.9,24.1,19.4,21.2,26.0,0.0,0.0,0.0,0.0,0.0,0.0,0.0,0.0,0.0,1197.8,12.00,16,16,16,39,55,661,1,82.6,82.6,82.0,74.6,78.7,80.8,75.8,74.3,71.9,72.5,71.7,70.9,67.6,67.9,67.3,58.5,55.7,1.306,1.019,1.312,16.383,12.348,16.389,76.383,43.762,4.834,6.755,7.282,5.164,4.616,3.541,4.151,3.869,3.290,21.737,12.726,34.462,43.830,1197.8,1197.8,4045.1,4045.1,4045.1,4045.1,49.8,27.3,84.9,86.9,56.0,No,No,No,1.702,3.470,6.8,50,95.0,100.0,No,No,90848,98731,33,99.0,No,No,3320,0.0,0.0,0.1,0.073,0.036,45717,35333,0.0,0.0,0.0,0.000,0.000,151,0,78.6,101.4,83.0,1.081,12.039,12.089,12.087,11.940,2192,168.774,72.618,137.721,50.026,118.708,31.508,86.917,0.336,137.721,30.812,8.974,123.461,220.000,240.000,1905.0,1750.2,1665.0,1887.7,1800.0,80.0,22.0,0.0,19.0,93.7,17.9,71.4,0.0,0.0,0.0,64,Yes,No,No,Yes,Yes,No,No,76.6,75.5,4,0,0,0,0,0,0,0,0,105,0,0,0,0,0,0,0,0,0,0,0,0,0,0,0,0,0,0,0,0,516,7676,7514,1673,8.0,0.0,0.0,0.0,0.0,0.0,0.0,0.0,0.0,0.0,0.0,0.0,0.0,0.00,0.00,0.00,0.00,0.00,0.00,0.00,0.00,0.00,0.00,0.00,0,0,0.0,0.0,3179,250,3.8,1.3,0,
3.7.2026,22:57:12.118,29237,16757,63.5,15211,17470,46.5,0.5,13312,69,1.302,1.306,1.306,1.306,1.300,1.300,1.300,1.300,1.300,4027.1,4042.7,4042.7,4042.7,4017.8,4017.8,4017.8,4017.8,4017.8,99.8,1753.5,3947.3,1929.5,2159.6,3028.1,2318.2,1687.0,2050.4,1429.3,1118.9,950.6,1730.0,1273.8,1427.7,1102.4,1043.3,859.5,1753.5,42.5,80.2,47.9,53.2,76.2,57.5,41.8,50.7,35.4,28.0,23.6,42.9,31.6,35.8,27.3,26.1,21.4,80.2,42.5,47.3,89.8,53.4,59.4,85.3,64.2,46.5,56.6,39.3,31.0,26.0,47.7,35.1,39.7,30.2,28.9,23.6,47.3,40.3,40.5,40.5,40.5,40.2,40.2,40.2,40.2,40.2,0.0,85.3,97.7,99.0,89.1,85.6,76.3,81.5,78.5,75.1,14.7,2.3,1.0,10.9,14.4,23.7,18.5,21.5,24.9,0.0,0.0,0.0,0.0,0.0,0.0,0.0,0.0,0.0,1197.8,12.00,16,16,16,39,55,661,1,82.6,82.9,79.8,75.4,78.6,81.4,76.5,75.4,72.5,73.8,72.4,72.4,67.7,68.0,67.5,59.8,56.1,1.325,1.025,1.319,17.175,12.280,17.172,76.789,44.680,5.020,6.603,7.352,5.332,4.905,3.742,4.486,4.021,3.717,22.768,12.662,35.430,44.774,1197.8,1197.8,4042.2,4042.2,4042.2,4042.2,50.9,28.6,85.3,87.2,56.5,No,No,No,1.640,3.370,6.8,51,95.0,100.0,No,No,90848,98731,33,99.0,No,No,3320,0.0,0.0,0.1,0.140,0.057,45717,35333,0.0,0.0,0.0,0.000,0.000,151,0,78.7,101.8,83.0,1.081,12.039,12.091,12.088,11.938,2202,165.400,74.373,139.729,51.423,121.609,31.899,89.424,0.336,139.729,33.100,17.868,118.609,220.000,240.000,1905.0,1750.2,1665.0,1887.8,1800.0,84.0,23.0,0.0,20.0,93.7,18.1,72.3,0.0,0.0,0.0,64,Yes,No,No,Yes,Yes,No,No,78.6,79.5,4,0,0,0,0,0,0,0,0,105,0,0,0,0,0,0,0,0,0,0,0,0,0,0,0,0,0,0,0,0,516,7676,7514,1673,8.0,0.0,0.0,0.0,0.0,0.0,0.0,0.0,0.0,0.0,0.0,0.0,0.0,0.00,0.00,0.00,0.00,0.00,0.00,0.00,0.00,0.00,0.00,0.00,0,0,0.0,0.0,3179,250,2.4,2.3,0,
3.7.2026,22:57:14.117,29628,16366,64.4,15623,17059,47.8,0.5,13312,69,1.297,1.288,1.312,1.312,1.288,1.294,1.294,1.294,1.294,4039.6,4042.7,4042.7,4042.7,4017.8,4042.7,4042.7,4042.7,4042.7,99.8,2127.9,3963.8,2333.6,2719.3,3084.8,2583.0,2010.9,2417.4,1843.9,1603.9,1395.4,2083.3,1741.4,1911.8,1537.9,1537.1,1278.3,2127.9,52.6,84.7,57.7,68.2,73.2,65.1,50.7,60.2,47.3,41.1,36.2,52.9,44.6,48.5,39.3,39.6,32.8,84.7,52.6,59.0,94.8,64.7,76.4,81.9,72.9,56.8,67.4,53.0,46.1,40.6,59.3,50.0,54.3,44.1,44.5,36.8,59.0,40.5,40.5,40.5,40.5,40.2,40.5,40.5,40.5,40.5,0.0,88.1,98.3,98.9,90.8,88.7,80.1,85.8,83.1,79.3,11.9,1.7,1.1,9.2,11.3,19.9,14.2,16.9,20.7,0.0,0.0,0.0,0.0,0.0,0.0,0.0,0.0,0.0,1197.8,12.00,16,16,16,39,55,661,1,90.5,84.8,80.5,77.8,81.4,81.9,78.8,77.6,75.3,76.7,75.6,74.9,68.5,68.7,68.2,59.8,55.7,1.306,1.025,1.312,19.602,12.069,19.606,79.312,47.580,5.525,7.136,7.337,5.734,5.434,4.366,5.168,4.771,4.254,25.817,12.457,38.274,47.652,1197.8,1197.8,4034.2,4034.4,4033.9,4034.4,54.2,32.7,88.1,89.2,57.6,No,No,No,2.764,2.230,7.0,51,95.0,100.0,No,No,90848,98731,33,99.0,No,No,3320,28.3,0.0,28.3,117.526,0.020,45963,35333,0.0,0.0,0.0,0.000,0.000,151,0,75.9,98.6,83.0,1.081,12.060,12.110,12.103,11.967,2212,128.986,64.794,119.827,43.644,103.641,30.409,72.963,0.336,119.827,27.240,46.047,84.004,220.000,240.000,1905.0,1750.2,1665.0,1897.1,1800.0,53.0,22.0,0.0,7.0,93.7,9.0,36.1,0.0,0.0,0.0,64,Yes,No,No,Yes,Yes,No,No,68.9,70.0,4,0,0,0,0,0,0,0,0,105,0,0,0,0,0,0,0,0,0,0,0,0,0,0,0,0,0,0,0,0,516,7676,7514,1677,8.0,0.0,0.0,0.0,0.0,0.0,0.0,0.0,0.0,0.0,0.0,0.0,0.0,0.00,0.00,0.00,0.00,0.00,0.00,0.00,0.00,0.00,0.00,0.00,0,0,0.0,0.0,3179,250,2.2,0.8,0,
3.7.2026,22:57:16.114,29588,16406,64.3,15564,17118,47.6,0.5,13312,69,1.290,1.294,1.312,1.275,1.281,1.281,1.275,1.300,1.300,4011.5,4042.7,4042.7,3992.8,3992.8,3992.8,3992.8,4017.8,4017.8,99.8,1700.7,3887.6,2206.3,1554.5,3578.6,2004.1,1791.1,1876.2,1466.1,1104.1,851.9,1551.3,1299.3,1408.7,972.3,972.2,687.7,1700.7,38.9,65.8,54.3,38.6,89.1,48.9,41.9,46.4,33.1,25.8,19.0,37.3,29.4,33.2,22.2,21.8,15.0,89.1,38.9,43.6,73.7,60.9,43.3,99.9,54.8,47.0,52.1,37.1,28.9,21.2,41.8,32.9,37.2,24.8,24.4,16.8,43.6,40.2,40.5,40.5,40.0,40.0,40.0,40.0,40.2,40.2,0.0,85.2,96.1,99.6,88.6,85.9,76.2,81.9,79.4,73.8,14.8,3.9,0.4,11.4,14.1,23.8,18.1,20.6,26.2,0.0,0.0,0.0,0.0,0.0,0.0,0.0,0.0,0.0,1197.8,12.00,16,16,16,39,55,661,1,87.5,83.0,86.8,74.9,77.7,82.7,75.9,75.0,72.1,73.1,71.9,71.1,67.9,68.2,67.6,58.2,55.8,1.350,1.038,1.356,16.544,11.639,16.537,76.676,43.016,4.913,6.454,7.679,5.196,4.786,3.596,4.331,3.932,3.332,21.925,12.004,33.929,43.128,1197.8,1197.8,4043.1,4043.2,4043.0,4043.2,49.0,27.6,85.2,87.4,56.5,No,No,No,1.518,1.149,6.8,51,95.0,100.0,No,No,90848,98731,33,99.0,No,No,3320,0.3,0.0,0.3,0.774,0.016,45964,35333,0.0,0.0,0.0,0.000,0.000,151,0,77.5,100.7,83.0,1.081,12.037,12.090,12.087,11.934,2212,160.599,72.990,139.217,51.719,120.842,33.330,87.245,0.336,139.217,33.137,9.080,115.772,220.000,240.000,1905.0,1750.2,1665.0,1887.8,1800.0,67.0,27.0,0.0,9.0,93.7,12.7,51.0,0.0,0.0,0.0,64,Yes,No,No,Yes,Yes,No,No,78.0,75.9,4,0,0,0,0,0,0,0,0,105,0,0,0,0,0,0,0,0,0,0,0,0,0,0,0,0,0,0,0,0,516,7676,7514,1677,8.0,0.0,0.0,0.0,0.0,0.0,0.0,0.0,0.0,0.0,0.0,0.0,0.0,0.00,0.00,0.00,0.00,0.00,0.00,0.00,0.00,0.00,0.00,0.00,0,0,0.0,0.0,3179,250,1.7,2.0,0,
3.7.2026,22:57:18.116,29635,16359,64.4,15632,17050,47.8,0.5,13312,69,1.299,1.319,1.312,1.306,1.306,1.288,1.288,1.288,1.288,4030.2,4042.7,4042.7,4042.7,4042.7,4017.8,4017.8,4017.8,4017.8,99.8,1787.5,3953.7,3524.4,1401.9,3814.9,1796.2,1955.9,1560.2,1800.9,1005.8,912.0,1366.1,1404.0,1261.9,1136.1,926.1,779.4,1787.5,41.9,45.5,87.4,35.1,95.0,45.2,49.1,40.2,44.8,26.3,23.9,34.7,36.0,32.9,29.0,24.6,20.7,95.0,41.9,46.6,50.7,97.9,39.0,106.5,50.4,54.8,44.7,49.9,29.0,26.3,38.5,40.0,36.5,32.1,27.2,22.8,46.6,40.4,40.5,40.5,40.5,40.5,40.2,40.2,40.2,40.2,0.0,85.2,97.8,99.5,87.9,86.1,76.1,81.0,79.1,74.2,14.8,2.2,0.5,12.1,13.9,23.9,19.0,20.9,25.8,0.0,0.0,0.0,0.0,0.0,0.0,0.0,0.0,0.0,1197.8,12.00,16,16,16,39,55,661,1,85.0,83.4,82.2,75.6,79.2,82.7,76.6,75.6,72.7,73.5,72.8,72.0,68.0,68.3,67.7,59.8,56.2,1.319,1.044,1.331,17.284,11.713,17.286,76.697,44.108,4.968,6.932,7.658,5.221,4.796,3.592,4.216,3.953,3.373,22.879,12.084,34.963,44.202,1197.8,1197.8,4041.3,4041.6,4041.1,4041.6,50.2,28.8,85.2,87.8,56.8,No,No,No,1.788,1.307,6.8,51,95.0,100.0,No,No,90848,98731,33,99.0,No,No,3320,6.2,0.1,6.3,22.728,0.150,46005,35334,0.0,0.0,0.0,0.000,0.000,151,0,77.0,99.9,83.0,1.081,12.048,12.100,12.094,11.949,2212,158.610,68.410,131.176,47.420,112.982,31.665,81.040,0.336,131.176,29.007,9.166,110.132,220.000,240.000,1905.0,1750.2,1665.0,1887.8,1800.0,59.0,24.0,0.0,7.0,93.7,12.8,51.0,0.0,0.0,0.0,64,Yes,No,No,Yes,Yes,No,No,70.6,69.8,4,0,0,0,0,0,0,0,0,105,0,0,0,0,0,0,0,0,0,0,0,0,0,0,0,0,0,0,0,0,515,7677,7515,1677,8.0,0.0,0.0,0.0,0.0,0.0,0.0,0.0,0.0,0.0,0.0,0.0,0.0,0.00,0.00,0.00,0.00,0.00,0.00,0.00,0.00,0.00,0.00,0.00,0,0,0.0,0.0,3179,250,1.7,1.7,0,
3.7.2026,22:57:20.117,29636,16358,64.4,15631,17051,47.8,0.5,13312,69,1.301,1.294,1.306,1.306,1.300,1.300,1.300,1.300,1.300,4024.0,4042.7,4017.8,4042.7,4017.8,4017.8,4017.8,4017.8,4017.8,99.8,1699.1,3946.3,3392.6,1187.7,3877.7,1691.3,1915.0,1364.7,1727.6,869.3,866.1,1268.8,1430.6,1162.3,1061.6,792.1,631.9,1699.1,38.5,43.3,83.9,29.7,96.2,41.9,46.8,33.4,42.7,21.4,21.3,31.4,35.3,28.5,26.1,19.7,15.1,96.2,38.5,43.2,48.5,94.1,33.3,107.9,46.9,52.5,37.3,47.8,23.9,23.8,35.2,39.5,31.9,29.2,22.0,16.9,43.2,40.3,40.5,40.2,40.5,40.2,40.2,40.2,40.2,40.2,0.0,84.8,97.6,99.6,87.9,84.9,75.4,81.5,78.6,73.2,15.2,2.4,0.4,12.1,15.1,24.6,18.5,21.4,26.8,0.0,0.0,0.0,0.0,0.0,0.0,0.0,0.0,0.0,1197.8,12.00,16,16,16,39,55,661,1,83.5,82.7,80.5,74.7,77.8,82.2,75.5,74.3,71.9,72.9,71.8,70.9,67.8,68.1,67.5,60.0,56.5,1.312,1.019,1.312,16.403,11.879,16.406,76.345,43.186,4.777,6.632,7.520,4.997,4.488,3.451,4.173,3.792,3.161,21.749,12.250,33.998,43.252,1197.8,1197.8,4044.7,4044.8,4044.6,4044.8,49.2,27.3,84.8,87.0,56.7,No,No,No,1.510,1.924,6.8,51,95.0,100.0,No,No,90848,98731,33,99.0,No,No,3320,0.1,0.0,0.1,0.324,0.038,46006,35334,0.0,0.0,0.0,0.000,0.000,151,0,77.3,101.1,83.0,1.081,12.045,12.096,12.092,11.948,2217,164.556,69.512,132.504,48.688,114.485,31.733,82.446,0.336,132.504,30.385,8.859,113.177,220.000,240.000,1905.0,1750.2,1665.0,1887.2,1800.0,65.0,24.0,0.0,14.0,93.7,14.1,56.4,0.0,0.0,0.0,64,Yes,No,No,Yes,Yes,No,No,74.0,75.5,4,0,0,0,0,0,0,0,0,105,0,0,0,0,0,0,0,0,0,0,0,0,0,0,0,0,0,0,0,0,515,7677,7515,1677,8.0,0.0,0.0,0.0,0.0,0.0,0.0,0.0,0.0,0.0,0.0,0.0,0.0,0.00,0.00,0.00,0.00,0.00,0.00,0.00,0.00,0.00,0.00,0.00,0,0,0.0,0.0,3179,250,1.9,2.2,0,
3.7.2026,22:57:22.118,29690,16304,64.5,15674,17007,47.9,0.5,13312,69,1.289,1.294,1.294,1.288,1.288,1.288,1.288,1.288,1.288,4030.2,4017.8,4042.7,4042.7,4042.7,4042.7,4017.8,4017.8,4017.8,99.8,1771.4,3940.3,1665.2,1586.3,3727.8,2247.0,1812.4,1832.4,1700.7,1109.3,1031.8,1555.4,1499.9,1430.2,1282.2,988.7,932.0,1771.4,42.0,82.5,41.1,39.0,92.3,54.6,44.2,43.7,41.5,26.0,24.5,37.1,35.9,34.3,30.0,23.3,22.3,92.3,42.0,47.3,92.5,46.3,44.0,103.5,61.4,49.8,49.2,46.8,29.4,27.8,41.8,40.5,38.7,33.9,26.4,25.3,47.3,40.4,40.2,40.5,40.5,40.5,40.5,40.2,40.2,40.2,0.0,87.7,97.5,99.8,91.2,88.6,79.5,84.4,82.7,78.3,12.3,2.5,0.2,8.8,11.4,20.5,15.6,17.3,21.7,0.0,0.0,0.0,0.0,0.0,0.0,0.0,0.0,0.0,1197.8,12.00,16,16,16,39,55,661,1,83.2,83.0,79.5,75.2,77.5,82.7,76.1,75.0,72.4,73.4,72.4,71.7,68.0,68.3,67.7,60.8,56.6,1.294,1.025,1.294,17.042,12.113,17.043,78.968,44.265,5.008,6.372,7.669,5.324,4.868,3.743,4.442,4.133,3.515,22.587,12.490,35.077,44.384,1197.8,1197.8,4042.7,4042.8,4042.6,4042.8,50.4,28.4,87.7,87.4,56.6,No,No,No,1.620,2.516,7.0,51,95.0,100.0,No,No,90848,98731,33,99.0,No,No,3320,0.2,0.0,0.2,0.505,0.023,46007,35334,0.0,0.0,0.0,0.000,0.000,151,0,78.1,102.2,83.0,1.081,12.034,12.088,12.084,11.931,2217,159.408,79.660,142.987,51.796,123.519,32.929,90.245,0.336,142.987,31.977,58.041,121.783,220.000,240.000,1905.0,1750.2,1665.0,1887.9,1800.0,69.0,27.0,0.0,14.0,93.7,14.0,55.8,0.0,0.0,0.0,64,Yes,No,No,Yes,Yes,No,No,79.5,74.5,4,0,0,0,0,0,0,0,0,105,0,0,0,0,0,0,0,0,0,0,0,0,0,0,0,0,0,0,0,0,515,7677,7515,1679,8.0,0.0,0.0,0.0,0.0,0.0,0.0,0.0,0.0,0.0,0.0,0.0,0.0,0.00,0.00,0.00,0.00,0.00,0.00,0.00,0.00,0.00,0.00,0.00,0,0,0.0,0.0,3179,250,5.7,3.0,0,
3.7.2026,22:57:24.118,29706,16287,64.5,15687,16994,48.0,0.5,13312,69,1.295,1.312,1.312,1.300,1.288,1.288,1.288,1.288,1.288,4024.0,4042.7,4042.7,4017.8,4017.8,4017.8,4017.8,4017.8,4017.8,99.8,1698.5,3940.7,1867.1,1751.3,3590.3,2195.7,1575.8,1752.4,1544.8,1042.2,938.3,1461.4,1392.9,1317.8,1145.9,884.3,775.7,1698.5,41.8,79.6,46.0,43.9,87.6,55.0,40.2,45.5,38.3,27.5,24.4,38.1,35.5,34.0,29.9,23.4,20.4,87.6,41.8,46.6,89.1,51.3,48.9,98.2,61.4,44.8,50.7,42.7,30.5,27.0,42.5,39.4,37.7,33.2,25.8,22.5,46.6,40.3,40.5,40.5,40.2,40.2,40.2,40.2,40.2,40.2,0.0,87.0,97.5,99.4,90.0,87.8,79.0,84.1,81.7,76.5,13.0,2.5,0.6,10.0,12.2,21.0,15.9,18.3,23.5,0.0,0.0,0.0,0.0,0.0,0.0,0.0,0.0,0.0,1197.8,12.00,16,16,16,39,55,661,1,83.2,83.1,83.0,75.2,78.4,81.9,75.9,75.0,72.5,73.4,72.5,71.6,68.1,68.3,67.8,60.8,56.3,1.306,1.025,1.312,16.913,12.140,16.914,78.305,44.192,4.859,6.514,7.476,5.108,4.645,3.603,4.248,3.960,3.321,22.411,12.513,34.924,44.252,1197.8,1197.8,4042.4,4042.4,4042.4,4042.4,50.3,28.2,87.0,87.4,56.7,No,No,No,1.631,2.851,7.0,51,95.0,100.0,No,No,90848,98731,33,99.0,No,No,3320,0.1,0.0,0.2,0.324,0.079,46008,35334,0.0,0.0,0.0,0.000,0.000,151,0,75.5,98.0,83.0,1.081,12.067,12.113,12.108,11.979,2222,163.900,58.059,112.765,40.991,97.080,29.685,67.167,0.336,112.765,25.169,8.779,85.851,220.000,240.000,1905.0,1750.2,1665.0,1887.4,1800.0,56.0,19.0,0.0,12.0,93.7,14.3,57.4,0.0,0.0,0.0,64,Yes,No,No,Yes,Yes,No,No,62.7,69.7,4,0,0,0,0,0,0,0,0,105,0,0,0,0,0,0,0,0,0,0,0,0,0,0,0,0,0,0,0,0,515,7677,7515,1679,8.0,0.0,0.0,0.0,0.0,0.0,0.0,0.0,0.0,0.0,0.0,0.0,0.0,0.00,0.00,0.00,0.00,0.00,0.00,0.00,0.00,0.00,0.00,0.00,0,0,0.0,0.0,3179,250,1.7,2.1,0,
3.7.2026,22:57:26.118,29683,16310,64.5,15671,17010,47.9,0.5,13312,69,1.293,1.312,1.306,1.306,1.319,1.275,1.275,1.275,1.275,4030.2,4042.7,4042.7,4042.7,4042.7,4017.8,4017.8,4017.8,4017.8,99.8,1758.8,3966.6,3043.0,2505.8,2364.9,1891.1,2063.8,1607.0,1698.7,951.7,989.1,1355.6,1514.1,1279.3,1167.1,890.4,852.0,1758.8,40.4,53.4,75.4,60.9,67.5,48.1,46.3,39.2,40.5,23.3,22.8,32.9,36.2,30.9,28.0,21.0,19.8,75.4,40.4,45.3,59.9,84.5,68.3,75.7,54.0,51.9,44.0,45.5,26.1,25.6,36.9,40.6,34.7,31.5,23.6,22.3,45.3,40.4,40.5,40.5,40.5,40.5,40.2,40.2,40.2,40.2,0.0,85.0,98.1,99.3,89.0,85.3,75.2,81.3,78.6,73.3,15.0,1.9,0.7,11.0,14.7,24.8,18.7,21.4,26.7,0.0,0.0,0.0,0.0,0.0,0.0,0.0,0.0,0.0,1197.8,12.00,16,16,16,39,55,661,1,83.2,83.0,81.5,75.0,79.5,81.1,76.5,74.8,72.1,72.9,72.0,71.2,68.0,68.2,67.7,57.8,55.7,1.319,1.019,1.319,16.566,12.011,16.561,76.510,43.505,4.899,6.919,7.308,5.388,4.662,3.544,4.209,3.873,3.288,21.952,12.381,34.333,43.612,1197.8,1197.8,4043.1,4043.2,4042.9,4043.2,49.6,27.6,85.0,87.4,56.3,No,No,No,1.628,2.305,6.8,51,95.0,100.0,No,No,90848,98731,33,99.0,No,No,3320,0.1,0.0,0.1,0.195,0.058,46008,35334,0.0,0.0,0.0,0.000,0.000,151,0,75.6,98.2,83.0,1.081,12.060,12.108,12.103,11.968,2227,141.991,62.763,120.024,43.697,103.156,30.364,72.550,0.336,120.024,26.691,8.445,102.347,220.000,240.000,1905.0,1750.2,1665.0,1888.7,1800.0,61.0,20.0,0.0,13.0,93.6,12.8,51.2,0.0,0.0,0.0,64,Yes,No,No,Yes,Yes,No,No,66.7,62.8,4,0,0,0,0,0,0,0,0,105,0,0,0,0,0,0,0,0,0,0,0,0,0,0,0,0,0,0,0,0,526,7666,7505,1679,8.0,0.0,0.0,0.0,0.0,0.0,0.0,0.0,0.0,0.0,0.0,0.0,0.0,0.00,0.00,0.00,0.00,0.00,0.00,0.00,0.00,0.00,0.00,0.00,0,0,0.0,0.0,3179,250,2.9,1.4,0,
3.7.2026,22:57:28.119,29676,16318,64.5,15671,17010,47.9,0.5,13312,69,1.323,1.306,1.325,1.325,1.325,1.325,1.325,1.325,1.325,4064.5,4042.7,4067.7,4067.7,4067.7,4067.7,4067.7,4067.7,4067.7,99.8,1684.4,3973.2,3438.5,1661.8,3500.5,1596.6,1830.3,1431.8,1628.2,880.2,866.5,1179.4,1340.8,1121.7,1016.3,797.6,686.6,1684.4,38.5,45.1,85.2,39.3,87.9,39.2,46.8,35.9,40.1,21.9,21.8,29.6,33.2,27.7,25.5,19.9,17.0,87.9,38.5,43.1,50.6,95.6,44.0,98.7,43.9,52.5,40.2,44.9,24.4,24.3,33.1,37.2,31.0,28.5,22.2,18.9,43.1,40.7,40.5,40.8,40.8,40.8,40.8,40.8,40.8,40.8,0.0,82.9,98.2,99.8,85.5,83.5,72.6,77.9,75.3,70.1,17.1,1.8,0.2,14.5,16.5,27.4,22.1,24.7,29.9,0.0,0.0,0.0,0.0,0.0,0.0,0.0,0.0,0.0,1197.8,12.00,16,16,16,39,55,661,1,83.2,83.2,82.2,75.1,79.6,82.1,75.9,74.8,72.4,73.0,72.1,71.4,67.9,68.2,67.7,60.5,56.7,1.331,1.038,1.337,16.489,11.960,16.488,74.571,43.457,4.840,7.080,7.609,4.839,4.555,3.532,4.073,3.761,3.271,21.924,12.332,34.256,43.523,1197.8,1197.8,4047.5,4047.6,4047.4,4047.6,49.5,27.5,82.9,87.6,56.3,No,No,No,1.470,2.307,6.6,51,95.0,100.0,No,No,90848,98731,33,99.0,No,No,3320,0.1,0.0,0.2,0.312,0.054,46008,35334,0.0,0.0,0.0,0.000,0.000,151,0,74.9,97.5,83.0,1.081,12.057,12.105,12.101,11.966,2227,140.804,63.059,120.986,43.820,103.230,30.394,72.599,0.336,120.986,25.916,8.499,103.822,220.000,240.000,1905.0,1750.2,1665.0,1888.7,1800.0,61.0,20.0,0.0,13.0,93.6,12.8,51.1,0.0,0.0,0.0,64,Yes,No,No,Yes,Yes,No,No,66.8,70.9,4,0,0,0,0,0,0,0,0,105,0,0,0,0,0,0,0,0,0,0,0,0,0,0,0,0,0,0,0,0,526,7666,7505,1679,8.0,0.0,0.0,0.0,0.0,0.0,0.0,0.0,0.0,0.0,0.0,0.0,0.0,0.00,0.00,0.00,0.00,0.00,0.00,0.00,0.00,0.00,0.00,0.00,0,0,0.0,0.0,3179,250,0.7,0.6,0,
3.7.2026,22:57:30.116,29668,16326,64.5,15660,17021,47.9,0.5,13312,69,1.313,1.312,1.306,1.312,1.312,1.312,1.312,1.319,1.319,4042.7,4042.7,4042.7,4042.7,4042.7,4042.7,4042.7,4042.7,4042.7,99.8,1684.5,3964.9,2918.2,2052.8,3457.6,1814.9,1814.3,1416.4,1681.8,850.0,837.1,1188.1,1363.1,1086.9,1081.7,706.8,718.2,1684.5,37.9,55.6,72.2,53.5,72.7,40.5,47.2,33.7,42.1,20.3,21.0,28.0,33.1,26.5,26.2,17.1,17.3,72.7,37.9,42.9,62.7,81.2,60.4,81.8,45.8,53.2,38.2,47.5,23.3,24.0,31.8,37.6,30.2,29.8,19.7,19.9,42.9,40.5,40.5,40.5,40.5,40.5,40.5,40.5,40.5,40.5,0.0,83.5,98.0,99.0,86.7,84.4,73.4,78.7,76.4,71.4,16.5,2.0,1.0,13.3,15.6,26.6,21.3,23.6,28.6,0.0,0.0,0.0,0.0,0.0,0.0,0.0,0.0,0.0,1197.8,12.00,16,16,16,39,55,661,1,83.0,82.8,78.5,74.6,80.7,79.5,75.8,74.3,72.1,72.4,71.7,70.7,67.8,68.1,67.5,60.5,56.7,1.337,1.031,1.337,16.199,12.037,16.199,75.137,43.066,4.739,7.164,7.030,4.994,4.500,3.390,4.007,3.716,3.113,21.518,12.409,33.927,43.203,1197.8,1197.8,4046.4,4046.6,4046.3,4046.6,49.1,27.0,83.5,87.2,56.4,No,No,No,1.505,2.375,6.7,51,95.0,100.0,No,No,90848,98731,33,99.0,No,No,3320,0.1,0.0,0.1,0.317,0.034,46009,35334,0.0,0.0,0.0,0.000,0.000,151,0,74.7,96.8,83.0,1.081,12.064,12.111,12.107,11.974,2222,144.359,62.103,115.059,42.655,100.487,30.188,70.059,0.336,115.059,27.942,27.438,91.802,220.000,240.000,1905.0,1750.2,1665.0,1888.7,1800.0,58.0,19.0,0.0,12.0,93.6,13.1,52.3,0.0,0.0,0.0,64,Yes,No,No,Yes,Yes,No,No,65.0,65.5,4,0,0,0,0,0,0,0,0,105,0,0,0,0,0,0,0,0,0,0,0,0,0,0,0,0,0,0,0,0,526,7666,7505,1703,8.0,0.0,0.0,0.0,0.0,0.0,0.0,0.0,0.0,0.0,0.0,0.0,0.0,0.00,0.00,0.00,0.00,0.00,0.00,0.00,0.00,0.00,0.00,0.00,0,0,0.0,0.0,3179,250,1.6,0.7,0,
3.7.2026,22:57:32.116,29671,16323,64.5,15668,17014,47.9,0.5,13312,69,1.301,1.312,1.294,1.300,1.300,1.300,1.300,1.300,1.300,4039.6,4042.7,4017.8,4042.7,4042.7,4042.7,4042.7,4042.7,4042.7,99.8,1568.2,3902.1,1400.5,1477.4,2897.4,1934.9,1759.6,1616.7,1633.5,940.8,816.8,1377.9,1453.7,1166.8,1140.5,796.4,776.2,1568.2,38.4,84.2,34.8,35.7,92.7,49.5,41.1,37.3,40.5,22.1,19.7,31.6,34.5,27.5,26.7,18.4,18.0,92.7,38.4,42.7,94.3,38.6,39.6,104.0,55.2,45.6,41.4,45.0,24.2,22.2,34.9,38.3,30.3,29.4,20.0,19.7,42.7,40.5,40.5,40.2,40.5,40.5,40.5,40.5,40.5,40.5,0.0,84.1,96.4,100.0,87.8,84.9,74.1,80.2,77.3,72.2,15.9,3.6,0.0,12.2,15.1,25.9,19.8,22.7,27.8,0.0,0.0,0.0,0.0,0.0,0.0,0.0,0.0,0.0,1197.8,12.00,16,16,16,39,55,661,1,83.0,82.6,80.8,74.4,76.7,82.6,75.1,74.4,71.5,72.6,71.3,70.7,67.6,67.9,67.4,58.0,55.8,1.325,1.038,1.331,16.067,11.995,16.071,75.702,42.900,4.792,6.241,7.643,5.016,4.670,3.429,4.272,3.822,3.246,21.310,12.362,33.673,42.948,1197.8,1197.8,4045.8,4045.8,4045.8,4045.8,48.8,26.8,84.1,87.0,56.3,No,No,No,1.471,2.290,6.7,51,95.0,100.0,No,No,90848,98731,33,99.0,No,No,3320,0.1,0.0,0.1,0.402,0.025,46010,35334,0.0,0.0,0.0,0.000,0.000,151,0,74.3,96.7,83.0,1.081,12.060,12.106,12.103,11.970,2222,141.282,67.010,118.172,42.929,100.125,30.033,69.854,0.336,118.172,24.737,63.086,102.658,220.000,240.000,1905.0,1750.2,1665.0,1888.7,1800.0,59.0,19.0,0.0,12.0,93.6,12.6,50.5,0.0,0.0,0.0,64,Yes,No,No,Yes,Yes,No,No,65.0,65.0,4,0,0,0,0,0,0,0,0,105,0,0,0,0,0,0,0,0,0,0,0,0,0,0,0,0,0,0,0,0,526,7666,7505,1703,8.0,0.0,0.0,0.0,0.0,0.0,0.0,0.0,0.0,0.0,0.0,0.0,0.0,0.00,0.00,0.00,0.00,0.00,0.00,0.00,0.00,0.00,0.00,0.00,0,0,0.0,0.0,3179,250,0.8,0.6,0,
3.7.2026,22:57:34.130,29672,16322,64.5,15669,17012,47.9,0.5,13312,69,1.307,1.306,1.312,1.306,1.306,1.306,1.306,1.306,1.306,4042.7,4042.7,4042.7,4042.7,4042.7,4042.7,4042.7,4042.7,4042.7,99.8,1626.6,3907.5,1734.7,1718.3,3458.4,2101.0,1665.6,1653.9,1607.2,852.1,870.0,1342.7,1345.2,1116.1,1168.0,693.1,791.8,1626.6,39.0,77.6,42.7,44.4,82.6,52.6,40.9,40.3,40.6,21.5,22.0,33.1,33.9,27.5,29.0,17.3,18.8,82.6,39.0,43.7,87.0,47.9,49.7,92.6,58.9,45.9,45.1,45.5,24.0,24.0,37.0,37.9,30.8,32.4,19.3,21.7,43.7,40.5,40.5,40.5,40.5,40.5,40.5,40.5,40.5,40.5,0.0,85.3,96.6,99.0,89.6,86.9,75.8,81.7,79.1,73.9,14.7,3.4,1.0,10.4,13.1,24.2,18.3,20.9,26.1,0.0,0.0,0.0,0.0,0.0,0.0,0.0,0.0,0.0,1197.8,12.00,16,16,16,39,55,661,1,82.9,82.4,78.0,74.5,78.0,81.0,75.6,74.6,71.7,72.6,71.6,70.8,67.7,67.9,67.4,59.8,56.0,1.300,1.019,1.312,16.086,12.008,16.085,76.787,42.905,4.745,6.447,7.230,5.131,4.614,3.415,4.132,3.821,3.173,21.339,12.379,33.718,42.990,1197.8,1197.8,4045.5,4045.5,4045.5,4045.5,48.9,26.8,85.3,86.7,55.8,No,No,No,1.507,2.306,6.8,51,95.0,100.0,No,No,90848,98731,33,99.0,No,No,3320,0.2,0.1,0.2,0.385,0.166,46011,35335,0.0,0.0,0.0,0.000,0.000,151,0,74.2,96.4,83.0,1.081,12.063,12.109,12.105,11.974,2217,142.876,60.551,113.467,41.377,98.513,29.684,68.587,0.336,113.467,26.290,18.041,95.747,220.000,240.000,1905.0,1750.2,1665.0,1888.7,1800.0,59.0,19.0,0.0,13.0,93.6,12.9,51.7,0.0,0.0,0.0,63,Yes,No,No,Yes,Yes,No,No,63.5,67.6,4,0,0,0,0,0,0,0,0,105,0,0,0,0,0,0,0,0,0,0,0,0,0,0,0,0,0,0,0,0,526,7666,7505,1703,8.0,0.0,0.0,0.0,0.0,0.0,0.0,0.0,0.0,0.0,0.0,0.0,0.0,0.00,0.00,0.00,0.00,0.00,0.00,0.00,0.00,0.00,0.00,0.00,0,0,0.0,0.0,3179,250,0.9,0.5,0,
3.7.2026,22:57:36.117,29667,16326,64.5,15667,17015,47.9,0.5,13312,69,1.310,1.312,1.294,1.312,1.312,1.312,1.312,1.312,1.312,4042.7,4042.7,4042.7,4042.7,4042.7,4042.7,4042.7,4042.7,4042.7,99.8,1694.0,3947.5,2581.3,1959.8,3157.8,1938.8,1740.9,1700.6,1592.7,927.9,886.8,1435.6,1255.4,1220.0,1135.9,752.1,871.0,1694.0,39.0,61.6,63.6,44.6,84.6,47.7,41.8,41.3,37.7,21.8,21.1,34.6,29.7,29.0,27.4,17.3,20.9,84.6,39.0,44.1,69.4,71.6,50.4,95.1,53.8,47.3,46.7,42.7,24.9,24.1,39.2,33.7,33.0,31.1,19.9,23.2,44.1,40.5,40.5,40.5,40.5,40.5,40.5,40.5,40.5,40.5,0.0,85.1,97.6,99.2,88.1,86.0,75.9,81.2,79.4,73.6,14.9,2.4,0.8,11.9,14.0,24.1,18.8,20.6,26.4,0.0,0.0,0.0,0.0,0.0,0.0,0.0,0.0,0.0,1197.8,12.00,16,16,16,39,55,661,1,82.8,82.7,82.0,74.6,78.4,81.4,75.3,74.4,71.7,72.6,71.8,70.9,67.7,67.9,67.4,59.5,55.9,1.331,1.031,1.337,16.221,12.034,16.222,76.593,43.113,4.813,6.676,7.473,4.941,4.659,3.469,4.134,3.884,3.265,21.513,12.406,33.919,43.195,1197.8,1197.8,4045.3,4045.3,4045.3,4045.3,49.1,27.0,85.1,87.1,55.9,No,No,No,1.501,2.293,6.8,51,95.0,100.0,No,No,90848,98731,33,99.0,No,No,3320,0.1,0.0,0.1,0.244,0.015,46011,35335,0.0,0.0,0.0,0.000,0.000,151,0,74.0,96.3,83.0,1.081,12.059,12.105,12.101,11.971,2212,140.607,62.313,114.954,42.233,99.083,29.867,68.982,0.336,114.954,26.230,23.528,102.961,220.000,240.000,1905.0,1750.2,1665.0,1888.9,1800.0,57.0,19.0,0.0,12.0,93.6,12.8,51.1,0.0,0.0,0.0,63,Yes,No,No,Yes,Yes,No,No,64.8,67.3,4,0,0,0,0,0,0,0,0,105,0,0,0,0,0,0,0,0,0,0,0,0,0,0,0,0,0,0,0,0,526,7666,7505,1703,8.0,0.0,0.0,0.0,0.0,0.0,0.0,0.0,0.0,0.0,0.0,0.0,0.0,0.00,0.00,0.00,0.00,0.00,0.00,0.00,0.00,0.00,0.00,0.00,0,0,0.0,0.0,3179,250,2.1,0.9,0,
3.7.2026,22:57:38.132,29675,16318,64.5,15664,17018,47.9,0.5,13312,69,1.303,1.300,1.306,1.306,1.306,1.306,1.300,1.300,1.300,4039.6,4017.8,4042.7,4042.7,4042.7,4042.7,4042.7,4042.7,4042.7,99.8,1756.0,3989.1,3434.7,1483.6,3781.7,1608.7,2052.2,1599.8,1594.4,920.5,940.8,1348.6,1367.8,1126.1,1199.3,753.3,894.7,1756.0,40.4,48.4,85.1,41.2,87.2,40.0,51.7,40.2,39.7,23.1,23.1,34.3,33.4,28.4,29.2,19.4,22.5,87.2,40.4,45.4,54.4,95.5,46.3,97.8,45.0,58.1,45.2,44.7,26.0,26.0,38.5,37.5,32.0,32.9,21.9,25.4,45.4,40.5,40.2,40.5,40.5,40.5,40.5,40.5,40.5,40.5,0.0,85.4,98.7,99.0,88.4,85.9,75.8,81.4,79.2,74.9,14.6,1.3,1.0,11.6,14.1,24.2,18.6,20.8,25.1,0.0,0.0,0.0,0.0,0.0,0.0,0.0,0.0,0.0,1197.8,12.00,16,16,16,39,55,661,1,82.8,82.9,81.0,74.8,80.0,80.3,75.9,74.3,72.1,72.7,71.9,71.1,67.8,68.0,67.5,59.0,55.7,1.331,1.031,1.337,16.421,12.042,16.419,76.869,43.352,4.801,7.108,7.161,4.970,4.499,3.495,4.115,3.806,3.255,21.772,12.413,34.185,43.460,1197.8,1197.8,4043.6,4043.8,4043.3,4043.8,49.4,27.4,85.4,87.3,56.0,No,No,No,1.552,2.314,6.8,50,95.0,100.0,No,No,90848,98731,33,99.0,No,No,3320,0.7,0.1,0.7,1.207,0.089,46014,35335,0.0,0.0,0.0,0.000,0.000,151,0,73.9,96.3,83.0,1.081,12.057,12.105,12.100,11.966,2202,144.521,61.475,119.096,43.507,103.311,30.560,72.520,0.336,119.096,27.581,8.483,90.258,220.000,240.000,1905.0,1750.2,1665.0,1888.9,1800.0,62.0,20.0,0.0,13.0,93.6,13.1,52.2,0.0,0.0,0.0,63,Yes,No,No,Yes,Yes,No,No,66.7,65.7,4,0,0,0,0,0,0,0,0,105,0,0,0,0,0,0,0,0,0,0,0,0,0,0,0,0,0,0,0,0,526,7666,7505,1703,8.0,0.0,0.0,0.0,0.0,0.0,0.0,0.0,0.0,0.0,0.0,0.0,0.0,0.00,0.00,0.00,0.00,0.00,0.00,0.00,0.00,0.00,0.00,0.00,0,0,0.0,0.0,3179,250,0.7,0.4,0,
3.7.2026,22:57:40.136,29675,16318,64.5,15671,17011,47.9,0.5,13312,69,1.309,1.312,1.312,1.312,1.306,1.306,1.306,1.306,1.306,4042.7,4042.7,4042.7,4042.7,4042.7,4042.7,4042.7,4042.7,4042.7,99.8,1667.0,3957.6,3509.5,1594.3,3554.8,1584.1,1791.8,1550.0,1431.2,781.4,872.3,1280.2,1253.2,1060.9,1070.8,598.5,781.4,1667.0,37.8,41.9,86.7,39.7,90.6,38.4,44.4,37.5,35.5,19.7,21.7,30.3,31.6,25.3,27.1,14.9,19.4,90.6,37.8,42.4,47.0,97.4,44.6,101.8,43.1,49.8,42.1,39.9,22.0,24.3,34.0,35.4,28.3,30.4,16.7,21.7,42.4,40.5,40.5,40.5,40.5,40.5,40.5,40.5,40.5,40.5,0.0,82.4,97.6,99.8,84.8,82.6,71.8,77.8,75.1,69.5,17.6,2.4,0.2,15.2,17.4,28.2,22.2,24.9,30.5,0.0,0.0,0.0,0.0,0.0,0.0,0.0,0.0,0.0,1197.8,12.00,16,16,16,39,55,661,1,82.9,83.1,81.2,74.6,78.3,82.7,75.2,74.3,71.5,72.5,71.5,70.6,67.6,67.9,67.3,59.5,55.8,1.337,1.038,1.337,16.097,11.956,16.101,74.152,42.978,4.800,6.915,7.881,4.807,4.479,3.385,4.092,3.715,3.127,21.453,12.323,33.776,43.048,1197.8,1197.8,4053.2,4053.5,4053.0,4053.5,48.9,26.8,82.4,87.4,55.9,No,No,No,1.462,2.356,6.6,50,95.0,100.0,No,No,90848,98731,33,99.0,No,No,3320,0.1,0.0,0.1,0.249,0.072,46014,35335,0.0,0.0,0.0,0.000,0.000,151,0,73.2,95.6,83.0,1.081,12.065,12.111,12.107,11.978,2197,139.511,58.900,113.987,41.722,97.300,29.705,67.379,0.336,113.987,24.922,8.129,91.534,220.000,240.000,1905.0,1750.2,1665.0,1888.8,1800.0,56.0,18.0,0.0,12.0,93.6,12.6,50.2,0.0,0.0,0.0,63,Yes,No,No,Yes,Yes,No,No,61.8,62.4,4,0,0,0,0,0,0,0,0,105,0,0,0,0,0,0,0,0,0,0,0,0,0,0,0,0,0,0,0,0,526,7666,7505,1703,8.0,0.0,0.0,0.0,0.0,0.0,0.0,0.0,0.0,0.0,0.0,0.0,0.0,0.00,0.00,0.00,0.00,0.00,0.00,0.00,0.00,0.00,0.00,0.00,0,0,0.0,0.0,3179,250,2.1,1.0,0,
3.7.2026,22:57:42.157,29690,16304,64.5,15674,17008,47.9,0.5,13312,69,1.296,1.300,1.306,1.294,1.294,1.294,1.294,1.294,1.294,4024.0,4042.7,4042.7,4017.8,4017.8,4017.8,4017.8,4017.8,4017.8,99.8,1517.8,4000.7,1106.7,1054.8,4020.0,1866.2,1593.1,1654.7,1351.1,746.7,861.8,1308.1,1280.7,1025.6,1059.1,558.3,796.8,1517.8,37.0,93.0,28.4,26.5,99.5,44.0,39.7,40.4,33.0,18.5,21.2,32.7,31.3,25.1,26.2,13.7,19.7,99.5,37.0,41.4,104.5,31.6,29.5,111.9,49.2,44.4,45.1,36.8,20.5,23.5,36.4,34.8,27.9,29.1,15.0,21.7,41.4,40.3,40.5,40.5,40.2,40.2,40.2,40.2,40.2,40.2,0.0,82.6,98.7,99.9,84.9,82.6,71.7,78.3,74.8,69.7,17.4,1.3,0.1,15.1,17.4,28.3,21.7,25.2,30.3,0.0,0.0,0.0,0.0,0.0,0.0,0.0,0.0,0.0,1197.8,12.00,16,16,16,39,55,661,1,82.9,82.9,81.5,74.3,77.5,82.8,74.7,74.2,71.2,72.3,71.1,70.5,67.5,67.8,67.2,59.8,56.0,1.337,1.031,1.337,16.064,11.941,16.063,74.308,42.853,4.760,6.679,7.884,4.913,4.460,3.321,4.063,3.649,3.110,21.400,12.308,33.708,42.960,1197.8,1197.8,4053.2,4053.3,4053.1,4053.3,48.8,26.8,82.6,87.2,56.3,No,No,No,1.455,2.178,6.6,50,95.0,100.0,No,No,90848,98731,33,99.0,No,No,3320,0.1,0.0,0.1,0.169,0.129,46015,35335,0.0,0.0,0.0,0.000,0.000,151,0,72.7,94.5,83.0,1.081,12.065,12.110,12.106,11.979,2188,134.565,56.909,109.119,40.265,95.079,29.384,65.482,0.336,109.119,26.101,8.276,85.929,220.000,240.000,1905.0,1750.2,1680.0,1889.0,1815.0,55.0,18.0,0.0,12.0,93.7,11.8,47.3,0.0,0.0,0.0,63,Yes,No,No,Yes,No,No,No,61.5,67.5,4,0,0,0,0,0,0,0,0,105,0,0,0,0,0,0,0,0,0,0,0,0,0,0,0,0,0,0,0,0,515,7677,7515,1703,8.0,0.0,0.0,0.0,0.0,0.0,0.0,0.0,0.0,0.0,0.0,0.0,0.0,0.00,0.00,0.00,0.00,0.00,0.00,0.00,0.00,0.00,0.00,0.00,0,0,0.0,0.0,3179,250,1.2,8.1,0,
3.7.2026,22:57:44.148,29691,16302,64.5,15668,17013,47.9,0.5,13312,69,1.307,1.306,1.294,1.294,1.312,1.312,1.312,1.312,1.312,4027.1,4017.8,4017.8,4017.8,4017.8,4017.8,4042.7,4042.7,4042.7,99.8,1834.7,4004.5,2701.9,1689.1,3624.7,2232.4,2105.0,1848.6,1583.5,964.9,1001.5,1516.1,1383.7,1324.5,1269.3,1063.3,1042.3,1834.7,42.8,67.2,65.1,40.1,91.4,56.1,50.4,45.4,38.4,23.4,23.8,36.8,33.3,31.5,30.5,25.8,25.1,91.4,42.8,48.1,75.4,73.1,45.2,102.4,63.1,56.6,51.1,43.2,26.5,27.0,41.5,37.6,35.6,34.4,29.1,28.4,48.1,40.3,40.2,40.2,40.2,40.2,40.2,40.5,40.5,40.5,0.0,86.7,99.1,99.9,93.6,86.4,75.9,81.7,79.5,77.4,13.3,0.9,0.1,6.4,13.6,24.1,18.3,20.5,22.6,0.0,0.0,0.0,0.0,0.0,0.0,0.0,0.0,0.0,1197.8,12.00,16,16,16,39,55,661,1,83.1,83.3,85.0,75.9,79.7,82.5,78.9,75.1,72.3,73.6,72.4,73.2,67.8,68.1,67.6,60.0,56.5,1.325,1.038,1.337,17.925,11.971,17.920,78.016,45.241,5.227,7.066,7.692,6.149,4.797,3.596,4.364,4.083,4.072,23.743,12.349,36.091,45.346,1197.8,1197.8,4039.7,4039.7,4039.7,4039.7,51.5,29.9,86.7,87.7,56.7,No,No,No,1.451,2.175,6.9,50,95.0,100.0,No,No,90848,98731,33,99.0,No,No,3320,0.1,0.0,0.1,0.156,0.011,46015,35335,0.0,0.0,0.0,0.000,0.000,151,0,73.0,95.0,83.0,1.081,12.059,12.106,12.101,11.971,2183,137.874,58.680,114.600,41.450,98.857,29.856,68.770,0.336,114.600,25.572,8.425,84.333,220.000,240.000,1905.0,1750.2,1680.0,1898.6,1815.0,56.0,18.0,0.0,12.0,93.7,12.3,49.1,0.0,0.0,0.0,62,Yes,No,No,Yes,No,No,No,63.7,66.2,4,0,0,0,0,0,0,0,0,105,0,0,0,0,0,0,0,0,0,0,0,0,0,0,0,0,0,0,0,0,515,7677,7515,1705,8.0,0.0,0.0,0.0,0.0,0.0,0.0,0.0,0.0,0.0,0.0,0.0,0.0,0.00,0.00,0.00,0.00,0.00,0.00,0.00,0.00,0.00,0.00,0.00,0,0,0.0,0.0,3179,250,1.6,10.6,0,
3.7.2026,22:57:46.147,29696,16297,64.5,15680,17002,47.9,0.5,13312,69,1.309,1.306,1.319,1.312,1.312,1.312,1.312,1.312,1.281,4024.0,4042.7,4017.8,4042.7,4017.8,4017.8,4017.8,4017.8,4017.8,99.8,1990.5,4017.0,3534.3,2199.5,3341.6,1704.8,3068.7,1869.7,1848.3,1113.5,1198.7,1611.7,1572.3,1396.3,1449.8,851.8,1070.4,1990.5,46.7,51.6,87.8,57.0,80.6,45.8,72.5,46.8,46.2,27.9,30.1,40.5,39.5,35.4,36.0,21.8,27.2,87.8,46.7,52.0,57.5,98.3,63.6,90.2,51.1,81.1,52.1,51.4,30.9,33.4,45.1,43.9,39.4,40.0,24.0,30.1,52.0,40.3,40.5,40.2,40.5,40.2,40.2,40.2,40.2,40.2,0.0,88.7,99.4,99.8,97.0,88.7,79.9,84.6,82.8,77.2,11.3,0.6,0.2,3.0,11.3,20.1,15.4,17.2,22.8,0.0,0.0,0.0,0.0,0.0,0.0,0.0,0.0,0.0,1197.8,12.00,16,16,16,39,55,661,1,83.8,84.3,84.0,76.4,82.1,80.8,81.0,75.8,73.2,73.8,73.0,71.7,68.2,68.5,68.0,59.2,55.6,1.337,1.031,1.337,18.504,12.097,18.503,79.798,46.148,5.315,7.498,7.418,6.704,4.941,3.846,4.471,4.207,3.438,24.496,12.478,36.973,46.255,1197.8,1197.8,4040.1,4040.1,4040.1,4040.1,52.6,30.8,88.7,88.7,57.2,No,No,No,1.568,2.239,7.1,50,95.0,100.0,No,No,90848,98731,33,99.0,No,No,3320,0.1,0.0,0.2,0.316,0.015,46015,35335,0.0,0.0,0.0,0.000,0.000,151,0,73.0,95.2,83.0,1.081,12.061,12.106,12.103,11.973,2169,140.145,64.684,115.152,42.094,99.317,29.991,69.096,0.336,115.152,26.140,48.516,101.049,220.000,240.000,1905.0,1750.2,1680.0,1898.5,1815.0,59.0,19.0,0.0,13.0,93.7,12.5,50.1,0.0,0.0,0.0,62,Yes,No,No,Yes,No,No,No,64.2,66.4,4,0,0,0,0,0,0,0,0,105,0,0,0,0,0,0,0,0,0,0,0,0,0,0,0,0,0,0,0,0,516,7676,7515,1705,8.0,0.0,0.0,0.0,0.0,0.0,0.0,0.0,0.0,0.0,0.0,0.0,0.0,0.00,0.00,0.00,0.00,0.00,0.00,0.00,0.00,0.00,0.00,0.00,0,0,0.0,0.0,3179,250,1.1,7.4,0,
3.7.2026,22:57:48.151,29701,16293,64.5,15685,16996,47.9,0.5,13312,69,1.312,1.312,1.312,1.312,1.312,1.306,1.306,1.319,1.319,4036.5,4042.7,4042.7,4042.7,4042.7,4042.7,4042.7,4017.8,4017.8,99.8,1922.4,4004.8,3540.1,2404.7,3122.4,1636.2,2938.4,1703.2,1899.5,912.5,1160.3,1455.3,1579.3,1260.7,1417.8,759.4,964.4,1922.4,44.2,49.3,88.4,56.7,81.4,38.2,75.6,42.2,45.0,22.1,28.0,35.7,37.8,30.2,34.6,18.2,23.2,88.4,44.2,49.6,55.4,99.1,63.7,91.3,43.0,84.7,47.4,50.6,25.0,31.6,40.1,42.6,34.0,39.0,20.6,26.2,49.6,40.4,40.5,40.5,40.5,40.5,40.5,40.5,40.2,40.2,0.0,87.6,99.1,99.8,96.5,87.5,78.1,83.1,81.4,75.3,12.4,0.9,0.2,3.5,12.5,21.9,16.9,18.6,24.7,0.0,0.0,0.0,0.0,0.0,0.0,0.0,0.0,0.0,1197.8,12.00,16,16,16,39,55,661,1,83.5,84.3,80.2,76.2,82.2,81.6,80.1,75.5,72.8,73.3,72.7,71.4,68.2,68.4,67.9,59.8,56.4,1.337,1.038,1.337,18.119,12.059,18.120,78.844,45.605,5.265,7.509,7.668,6.457,4.892,3.686,4.401,4.151,3.359,23.983,12.442,36.425,45.702,1197.8,1197.8,4041.1,4041.1,4041.1,4041.1,51.9,30.2,87.6,88.7,57.0,No,No,No,1.496,2.263,7.0,50,95.0,100.0,No,No,90848,98731,33,99.0,No,No,3320,0.1,0.0,0.1,0.143,0.078,46016,35335,0.0,0.0,0.0,0.000,0.000,151,0,72.6,94.6,83.0,1.081,12.062,12.107,12.103,11.974,2164,139.157,60.664,113.880,41.831,98.534,29.971,68.338,0.336,113.880,26.357,11.480,102.031,220.000,240.000,1905.0,1750.2,1680.0,1898.8,1815.0,59.0,19.0,0.0,13.0,93.8,12.4,49.8,0.0,0.0,0.0,62,Yes,No,No,Yes,No,No,No,63.7,65.8,4,0,0,0,0,0,0,0,0,105,0,0,0,0,0,0,0,0,0,0,0,0,0,0,0,0,0,0,0,0,510,7682,7521,1705,8.0,0.0,0.0,0.0,0.0,0.0,0.0,0.0,0.0,0.0,0.0,0.0,0.0,0.00,0.00,0.00,0.00,0.00,0.00,0.00,0.00,0.00,0.00,0.00,0,0,0.0,0.0,3179,250,6.0,0.7,0,
3.7.2026,22:57:50.150,29713,16281,64.6,15686,16995,47.9,0.5,13312,69,1.305,1.288,1.319,1.312,1.319,1.319,1.294,1.294,1.294,4033.4,4042.7,4042.7,4042.7,4017.8,4017.8,4017.8,4042.7,4042.7,99.8,1980.0,4007.6,2835.9,2498.8,3159.7,2298.9,2461.2,1856.3,1964.8,1119.5,1256.8,1664.6,1601.6,1474.3,1459.9,898.6,1121.3,1980.0,47.3,68.0,70.4,63.0,78.1,56.5,60.4,46.0,48.9,27.9,31.5,41.5,40.2,36.8,36.4,22.5,28.0,78.1,47.3,52.6,76.0,78.6,70.4,87.3,63.0,67.5,51.3,54.4,30.8,34.9,46.2,44.6,40.9,40.3,24.8,30.9,52.6,40.4,40.5,40.5,40.5,40.2,40.2,40.2,40.5,40.5,0.0,88.5,99.2,99.9,96.0,89.0,79.4,84.5,83.1,76.8,11.5,0.8,0.1,4.0,11.0,20.6,15.5,16.9,23.2,0.0,0.0,0.0,0.0,0.0,0.0,0.0,0.0,0.0,1197.8,12.00,16,16,16,39,55,661,1,83.6,83.6,83.2,76.5,80.2,82.9,79.9,76.4,73.2,73.9,73.4,72.1,68.2,68.5,68.0,58.5,56.0,1.306,1.038,1.319,18.502,12.108,18.500,79.643,46.173,5.324,7.059,7.770,6.473,5.119,3.857,4.485,4.291,3.537,24.479,12.493,36.972,46.254,1197.8,1197.8,4040.0,4040.0,4040.0,4040.0,52.6,30.8,88.5,88.0,57.3,No,No,No,1.566,2.258,7.1,50,95.0,100.0,No,No,90848,98731,33,99.0,No,No,3320,0.1,0.1,0.1,0.162,0.115,46016,35336,0.0,0.0,0.0,0.000,0.000,151,0,72.1,94.1,83.0,1.081,12.064,12.110,12.106,11.977,2146,138.405,59.096,111.383,40.579,95.611,29.548,65.845,0.336,111.383,24.698,28.044,83.533,220.000,240.000,1905.0,1750.2,1680.0,1898.6,1815.0,58.0,19.0,0.0,12.0,93.7,12.4,49.6,0.0,0.0,0.0,61,Yes,No,No,Yes,No,No,No,61.9,66.6,4,0,0,0,0,0,0,0,0,105,0,0,0,0,0,0,0,0,0,0,0,0,0,0,0,0,0,0,0,0,514,7678,7517,1706,8.0,0.0,0.0,0.0,0.0,0.0,0.0,0.0,0.0,0.0,0.0,0.0,0.0,0.00,0.00,0.00,0.00,0.00,0.00,0.00,0.00,0.00,0.00,0.00,0,0,0.0,0.0,3179,250,1.0,8.2,0,
3.7.2026,22:57:52.148,29673,16320,64.5,15654,17027,47.8,0.5,13312,69,1.309,1.312,1.312,1.312,1.312,1.312,1.312,1.312,1.288,4036.5,4042.7,4042.7,4042.7,4042.7,4042.7,4017.8,4017.8,4042.7,99.8,1843.2,4004.8,1986.2,2199.2,3388.6,2975.0,1522.8,1939.4,1724.9,948.0,1196.9,1538.7,1537.1,1309.9,1429.6,764.1,1026.2,1843.2,44.3,83.2,48.1,55.6,81.2,72.3,40.3,47.7,42.4,23.4,28.9,37.7,37.5,32.3,34.5,18.4,25.0,83.2,44.3,49.9,93.2,54.2,62.5,91.1,81.1,45.4,53.7,47.8,26.6,32.7,42.5,42.3,36.5,38.9,21.0,28.4,49.9,40.4,40.5,40.5,40.5,40.5,40.5,40.2,40.2,40.5,0.0,87.9,99.1,99.8,95.8,88.5,78.4,83.9,82.0,75.8,12.1,0.9,0.2,4.2,11.5,21.6,16.1,18.0,24.2,0.0,0.0,0.0,0.0,0.0,0.0,0.0,0.0,0.0,1197.8,12.00,16,16,16,39,55,661,1,83.5,83.8,81.5,76.3,80.6,82.5,79.7,76.0,72.9,73.8,73.0,71.7,68.2,68.5,68.0,60.0,55.8,1.344,1.038,1.344,18.145,12.078,18.145,79.123,45.628,5.233,7.069,7.764,6.354,4.982,3.680,4.454,4.173,3.389,24.021,12.461,36.482,45.761,1197.8,1197.8,4040.8,4040.9,4040.7,4040.9,52.0,30.2,87.9,88.2,57.2,No,No,No,1.519,2.258,7.0,50,95.0,100.0,No,No,90848,98731,33,99.0,No,No,3320,0.1,0.0,0.1,0.239,0.065,46017,35336,0.0,0.0,0.0,0.000,0.000,151,0,72.3,94.2,83.0,1.081,12.060,12.106,12.101,11.971,2141,136.570,60.041,112.504,41.802,98.566,29.833,68.503,0.336,112.504,27.741,8.135,100.487,220.000,240.000,1905.0,1750.2,1680.0,1898.5,1815.0,56.0,18.0,0.0,12.0,93.8,12.4,49.5,0.0,0.0,0.0,61,Yes,No,No,Yes,No,No,No,63.7,65.2,4,0,0,0,0,0,0,0,0,105,0,0,0,0,0,0,0,0,0,0,0,0,0,0,0,0,0,0,0,0,510,7682,7521,1705,8.0,0.0,0.0,0.0,0.0,0.0,0.0,0.0,0.0,0.0,0.0,0.0,0.0,0.00,0.00,0.00,0.00,0.00,0.00,0.00,0.00,0.00,0.00,0.00,0,0,0.0,0.0,3180,250,3.1,0.9,0,
3.7.2026,22:57:54.152,29669,16325,64.5,15658,17024,47.9,0.5,13312,69,1.309,1.319,1.306,1.306,1.312,1.306,1.306,1.306,1.306,4039.6,4017.8,4042.7,4042.7,4042.7,4042.7,4042.7,4042.7,4042.7,99.8,1747.8,3996.0,2591.5,2095.9,3136.3,2189.2,1809.6,1718.6,1651.9,884.1,985.8,1356.8,1452.8,1213.4,1242.4,719.5,921.7,1747.8,42.0,68.6,65.2,51.1,81.7,58.8,42.4,42.9,41.0,22.1,25.2,34.0,36.1,30.0,31.4,18.0,23.0,81.7,42.0,46.8,76.9,72.9,57.0,91.5,65.7,47.3,47.8,45.7,24.3,27.9,37.8,40.1,33.3,34.9,19.7,25.4,46.8,40.5,40.2,40.5,40.5,40.5,40.5,40.5,40.5,40.5,0.0,85.4,98.8,99.6,91.1,86.0,75.0,81.0,79.0,73.0,14.6,1.2,0.4,8.9,14.0,25.0,19.0,21.0,27.0,0.0,0.0,0.0,0.0,0.0,0.0,0.0,0.0,0.0,1197.8,12.00,16,16,16,39,55,661,1,83.4,83.8,82.0,75.8,80.5,82.8,78.0,75.6,72.4,73.3,72.5,71.4,68.1,68.4,67.9,59.2,56.2,1.312,1.031,1.312,17.507,11.982,17.511,76.885,44.852,5.104,7.289,8.142,5.637,4.775,3.492,4.282,3.964,3.253,23.225,12.357,35.582,44.856,1197.8,1197.8,4045.0,4045.1,4044.9,4045.1,51.0,29.2,85.4,88.2,56.4,No,No,No,1.467,2.229,6.8,50,95.0,100.0,No,No,90848,98731,33,99.0,No,No,3320,0.1,0.0,0.1,0.154,0.012,46017,35336,0.0,0.0,0.0,0.000,0.000,151,0,71.9,93.9,83.0,1.081,12.059,12.105,12.101,11.972,2132,138.035,58.145,111.171,40.578,96.405,29.476,66.710,0.336,111.171,25.687,8.761,91.158,220.000,240.000,1905.0,1750.2,1680.0,1898.4,1815.0,56.0,18.0,0.0,12.0,93.7,12.5,49.9,0.0,0.0,0.0,61,Yes,No,No,Yes,No,No,No,62.2,66.4,4,0,0,0,0,0,0,0,0,105,0,0,0,0,0,0,0,0,0,0,0,0,0,0,0,0,0,0,0,0,513,7679,7517,1575,8.0,0.0,0.0,0.0,0.0,0.0,0.0,0.0,0.0,0.0,0.0,0.0,0.0,0.00,0.00,0.00,0.00,0.00,0.00,0.00,0.00,0.00,0.00,0.00,0,0,0.0,0.0,3180,250,10.0,0.4,0,
3.7.2026,22:57:56.150,29676,16318,64.5,15667,17015,47.9,0.5,13312,69,1.313,1.319,1.312,1.312,1.312,1.312,1.312,1.312,1.312,4042.7,4042.7,4042.7,4042.7,4042.7,4042.7,4042.7,4042.7,4042.7,99.8,1700.2,3953.6,2957.6,2515.5,2560.4,1658.6,2007.6,1408.5,1837.2,776.8,991.1,1225.4,1482.4,1024.8,1247.6,650.0,906.7,1700.2,39.1,54.1,73.0,61.3,64.4,40.9,49.2,34.8,45.0,18.8,24.2,30.3,36.0,25.1,30.5,15.8,22.1,73.0,39.1,44.0,60.8,82.0,68.8,72.4,46.0,55.3,39.2,50.7,21.3,27.4,34.1,40.6,28.3,34.4,18.0,25.0,44.0,40.5,40.5,40.5,40.5,40.5,40.5,40.5,40.5,40.5,0.0,84.5,97.7,99.2,87.8,85.6,74.5,80.8,77.7,73.0,15.5,2.3,0.8,12.2,14.4,25.5,19.2,22.3,27.0,0.0,0.0,0.0,0.0,0.0,0.0,0.0,0.0,0.0,1197.8,12.00,16,16,16,39,55,661,1,83.1,82.8,80.8,74.7,79.5,80.6,75.7,74.5,71.9,72.8,71.8,70.9,67.7,68.0,67.4,60.8,56.2,1.325,1.031,1.331,16.378,12.018,16.378,76.082,43.288,4.810,6.947,7.271,5.029,4.595,3.448,4.161,3.795,3.232,21.741,12.390,34.131,43.409,1197.8,1197.8,4046.2,4046.4,4046.1,4046.4,49.3,27.3,84.5,87.2,56.3,No,No,No,1.507,2.358,6.8,50,95.0,100.0,No,No,90848,98731,33,99.0,No,No,3320,0.1,0.0,0.1,0.198,0.071,46017,35336,0.0,0.0,0.0,0.000,0.000,151,0,72.5,94.8,83.0,1.081,12.059,12.105,12.102,11.971,2118,141.879,59.701,115.012,42.174,99.233,29.987,69.012,0.336,115.012,26.270,8.083,91.889,220.000,240.000,1905.0,1750.2,1680.0,1898.1,1815.0,59.0,19.0,0.0,13.0,93.7,13.4,53.6,0.0,0.0,0.0,60,Yes,No,No,Yes,No,No,No,64.2,61.0,4,0,0,0,0,0,0,0,0,105,0,0,0,0,0,0,0,0,0,0,0,0,0,0,0,0,0,0,0,0,515,7677,7515,1575,8.0,0.0,0.0,0.0,0.0,0.0,0.0,0.0,0.0,0.0,0.0,0.0,0.0,0.00,0.00,0.00,0.00,0.00,0.00,0.00,0.00,0.00,0.00,0.00,0,0,0.0,0.0,3180,250,3.8,0.4,0,
3.7.2026,22:57:58.150,29671,16323,64.5,15667,17015,47.9,0.5,13312,69,1.298,1.288,1.300,1.300,1.300,1.300,1.300,1.300,1.300,4011.5,4017.8,4017.8,4017.8,4017.8,4017.8,4017.8,4017.8,3967.8,99.8,1773.0,3926.5,3252.0,2197.4,2962.6,1566.4,2226.7,1366.5,2028.6,811.4,1062.2,1245.1,1581.7,1066.6,1345.9,766.4,961.5,1773.0,40.1,46.6,80.4,56.2,71.1,38.2,54.2,33.0,49.3,19.8,25.6,30.3,38.8,25.5,32.6,17.5,22.6,80.4,40.1,45.1,52.5,90.3,63.1,79.8,43.0,61.0,37.2,55.5,22.4,28.9,34.1,43.6,28.8,36.8,19.8,25.5,45.1,40.2,40.2,40.2,40.2,40.2,40.2,40.2,40.2,39.8,0.0,86.0,97.1,99.7,89.2,87.1,76.9,82.7,80.1,74.9,14.0,2.9,0.3,10.8,12.9,23.1,17.3,19.9,25.1,0.0,0.0,0.0,0.0,0.0,0.0,0.0,0.0,0.0,1197.8,12.00,16,16,16,39,55,661,1,82.9,82.7,83.8,74.9,78.1,82.2,75.9,74.8,71.9,73.1,72.0,71.4,67.6,67.9,67.3,59.0,55.8,1.319,1.031,1.331,16.908,12.026,16.903,77.360,43.978,4.955,6.700,7.574,5.176,4.788,3.557,4.325,3.965,3.557,22.415,12.402,34.817,44.085,1197.8,1197.8,4044.1,4044.1,4044.1,4044.1,50.1,28.2,86.0,87.0,56.6,No,No,No,1.518,2.279,6.9,50,95.0,100.0,No,No,90848,98731,33,99.0,No,No,3320,0.1,0.0,0.1,0.166,0.008,46017,35336,0.0,0.0,0.0,0.000,0.000,151,0,72.2,94.3,83.0,1.081,12.060,12.106,12.101,11.971,2101,140.349,62.740,112.540,40.641,97.487,29.725,67.528,0.336,112.540,25.452,48.331,92.823,220.000,240.000,1905.0,1750.2,1680.0,1898.7,1815.0,60.0,19.0,0.0,13.0,93.7,12.5,49.9,0.0,0.0,0.0,60,Yes,No,No,Yes,No,No,No,62.7,62.3,4,0,0,0,0,0,0,0,0,105,0,0,0,0,0,0,0,0,0,0,0,0,0,0,0,0,0,0,0,0,515,7677,7505,1602,8.0,0.0,0.0,0.0,0.0,0.0,0.0,0.0,0.0,0.0,0.0,0.0,0.0,0.00,0.00,0.00,0.00,0.00,0.00,0.00,0.00,0.00,0.00,0.00,0,0,0.0,0.0,3180,250,6.0,0.3,0,
3.7.2026,22:58:0.148,29690,16303,64.5,15673,17009,47.9,0.5,13312,69,1.310,1.312,1.312,1.306,1.312,1.312,1.312,1.306,1.306,4042.7,4042.7,4042.7,4042.7,4042.7,4042.7,4042.7,4042.7,4042.7,99.8,1756.2,3955.1,3252.0,1970.1,3209.3,1636.6,2074.9,1387.2,1922.1,870.6,1011.0,1289.0,1487.6,1139.1,1270.6,746.2,877.7,1756.2,40.3,49.0,80.5,48.9,79.3,40.1,51.0,34.1,47.5,21.3,24.9,31.6,36.3,27.5,31.2,19.1,22.2,80.5,40.3,45.2,54.9,90.3,54.8,89.0,44.9,57.2,38.2,53.3,23.9,27.9,35.4,40.7,30.9,35.0,21.4,24.8,45.2,40.5,40.5,40.5,40.5,40.5,40.5,40.5,40.5,40.5,0.0,85.2,97.8,99.8,88.1,86.2,75.4,81.4,79.1,74.1,14.8,2.2,0.2,11.9,13.8,24.6,18.6,20.9,25.9,0.0,0.0,0.0,0.0,0.0,0.0,0.0,0.0,0.0,1197.8,12.00,16,16,16,39,55,661,1,82.9,82.8,84.5,75.0,77.8,82.6,75.7,75.1,72.1,73.0,72.1,71.7,67.7,68.0,67.4,59.0,55.8,1.331,1.031,1.337,16.858,12.038,16.866,76.697,44.008,4.915,6.661,7.635,5.106,4.761,3.562,4.236,3.959,3.402,22.349,12.413,34.762,44.051,1197.8,1197.8,4043.5,4043.5,4043.5,4043.5,50.1,28.1,85.2,87.1,56.5,No,No,No,1.560,2.328,6.8,50,95.0,100.0,No,No,90848,98731,33,99.0,No,No,3320,0.1,0.0,0.1,0.127,0.049,46018,35336,0.0,0.0,0.0,0.000,0.000,151,0,72.0,94.4,83.0,1.081,12.064,12.109,12.106,11.977,2096,139.575,59.835,110.807,40.942,96.376,29.656,66.489,0.336,110.807,26.389,27.965,88.580,220.000,240.000,1905.0,1750.2,1680.0,1898.2,1815.0,56.0,18.0,0.0,12.0,93.7,12.9,51.5,0.0,0.0,0.0,60,Yes,No,No,Yes,No,No,No,62.4,57.6,4,0,0,0,0,0,0,0,0,105,0,0,0,0,0,0,0,0,0,0,0,0,0,0,0,0,0,0,0,0,519,7673,7511,1651,8.0,0.0,0.0,0.0,0.0,0.0,0.0,0.0,0.0,0.0,0.0,0.0,0.0,0.00,0.00,0.00,0.00,0.00,0.00,0.00,0.00,0.00,0.00,0.00,0,0,0.0,0.0,3180,250,9.0,6.0,0,
3.7.2026,22:58:2.152,29694,16299,64.5,15684,16997,47.9,0.5,13312,69,1.313,1.319,1.312,1.312,1.312,1.312,1.312,1.312,1.312,4042.7,4042.7,4042.7,4042.7,4042.7,4042.7,4042.7,4042.7,4042.7,99.8,1726.3,3910.9,1669.9,1474.2,3847.7,1995.9,1874.0,1673.3,1857.6,961.6,1086.8,1436.4,1468.8,1238.8,1297.2,791.0,1037.3,1726.3,41.8,82.8,41.3,36.9,95.5,49.1,46.2,41.4,45.5,23.9,26.7,35.4,36.3,30.7,32.0,19.6,25.7,95.5,41.8,46.6,92.9,46.0,41.1,107.1,54.8,51.5,46.2,50.8,26.5,29.6,39.4,40.4,34.2,35.6,21.6,28.4,46.6,40.5,40.5,40.5,40.5,40.5,40.5,40.5,40.5,40.5,0.0,86.0,96.7,99.7,89.0,87.6,77.4,82.3,80.1,75.6,14.0,3.3,0.3,11.0,12.4,22.6,17.7,19.9,24.4,0.0,0.0,0.0,0.0,0.0,0.0,0.0,0.0,0.0,1197.8,12.00,16,16,16,39,55,661,1,82.8,82.7,83.8,74.7,77.2,82.3,75.5,75.0,71.9,72.9,71.9,71.1,67.6,67.8,67.3,59.5,56.1,1.337,1.044,1.337,16.737,12.028,16.739,77.430,43.806,4.910,6.360,7.651,5.194,4.846,3.609,4.256,3.995,3.372,22.201,12.402,34.602,43.878,1197.8,1197.8,4045.5,4045.5,4045.5,4045.5,49.9,27.9,86.0,87.1,56.3,No,No,No,1.546,2.203,6.9,50,95.0,100.0,No,No,90848,98731,33,99.0,No,No,3320,0.1,0.0,0.1,0.195,0.006,46018,35336,0.0,0.0,0.0,0.000,0.000,151,0,71.8,93.8,83.0,1.081,12.061,12.105,12.102,11.975,2083,134.105,56.985,110.783,40.165,95.085,29.376,65.491,0.336,110.783,24.359,12.257,81.215,220.000,240.000,1905.0,1750.2,1680.0,1898.7,1815.0,51.0,16.0,0.0,11.0,93.7,12.1,48.5,0.0,0.0,0.0,59,Yes,No,No,Yes,No,No,No,61.4,63.8,4,0,0,0,0,0,0,0,0,105,0,0,0,0,0,0,0,0,0,0,0,0,0,0,0,0,0,0,0,0,515,7677,7516,1651,8.0,0.0,0.0,0.0,0.0,0.0,0.0,0.0,0.0,0.0,0.0,0.0,0.0,0.00,0.00,0.00,0.00,0.00,0.00,0.00,0.00,0.00,0.00,0.00,0,0,0.0,0.0,3180,250,9.7,11.3,0,
3.7.2026,22:58:4.159,29689,16305,64.5,15678,17004,47.9,0.5,13312,69,1.306,1.306,1.306,1.306,1.306,1.306,1.306,1.306,1.306,4042.7,4042.7,4042.7,4042.7,4042.7,4042.7,4042.7,4042.7,4042.7,99.8,1600.1,3954.3,1974.6,1602.1,3508.2,1874.8,1742.4,1409.7,1696.8,775.9,902.8,1255.1,1328.9,1028.9,1169.5,583.0,794.6,1600.1,37.5,74.4,48.6,39.5,85.3,46.1,42.1,34.0,41.4,18.7,21.7,30.4,32.3,24.1,28.4,14.1,19.0,85.3,37.5,42.4,83.7,54.8,44.7,95.8,52.0,47.6,38.6,46.8,21.3,24.7,34.3,36.5,27.4,32.2,16.2,21.6,42.4,40.5,40.5,40.5,40.5,40.5,40.5,40.5,40.5,40.5,0.0,84.3,97.7,99.4,87.8,85.1,74.3,80.4,77.6,71.9,15.7,2.3,0.6,12.2,14.9,25.7,19.6,22.4,28.1,0.0,0.0,0.0,0.0,0.0,0.0,0.0,0.0,0.0,1197.8,12.00,16,16,16,39,55,661,1,82.8,82.4,83.2,74.2,78.1,81.2,75.3,73.9,71.3,72.2,71.1,70.3,67.3,67.6,67.1,59.2,55.9,1.337,1.038,1.337,16.084,11.920,16.082,75.838,42.789,4.745,6.694,7.438,5.038,4.521,3.364,4.067,3.741,3.099,21.348,12.289,33.637,42.896,1197.8,1197.8,4047.2,4047.4,4047.1,4047.4,48.7,26.8,84.3,86.8,56.1,No,No,No,1.454,2.263,6.7,50,95.0,100.0,No,No,90848,98731,33,99.0,No,No,3320,0.1,0.0,0.1,0.177,0.012,46018,35336,0.0,0.0,0.0,0.000,0.000,151,0,71.8,93.9,83.0,1.081,12.058,12.104,12.099,11.971,2070,137.668,58.590,111.043,40.402,96.927,29.579,67.128,0.336,111.043,26.168,8.255,95.016,220.000,240.000,1905.0,1750.2,1680.0,1898.7,1815.0,57.0,18.0,0.0,12.0,93.7,12.6,50.4,0.0,0.0,0.0,59,Yes,No,No,Yes,No,No,No,61.4,61.6,4,0,0,0,0,0,0,0,0,105,0,0,0,0,0,0,0,0,0,0,0,0,0,0,0,0,0,0,0,0,519,7673,7512,1674,8.0,0.0,0.0,0.0,0.0,0.0,0.0,0.0,0.0,0.0,0.0,0.0,0.0,0.00,0.00,0.00,0.00,0.00,0.00,0.00,0.00,0.00,0.00,0.00,0,0,0.0,0.0,3180,250,13.1,0.4,0,
3.7.2026,22:58:6.148,29696,16297,64.5,15683,16999,47.9,0.5,13312,69,1.302,1.306,1.306,1.312,1.300,1.300,1.300,1.294,1.294,4036.5,4042.7,4042.7,4042.7,4042.7,4042.7,4042.7,4017.8,4017.8,99.8,1774.6,3943.5,2786.5,2056.0,3240.5,1721.7,2226.3,1509.4,1881.2,879.0,1058.2,1372.8,1486.0,1152.2,1324.6,794.3,961.3,1774.6,41.4,59.8,68.6,51.1,77.2,44.7,53.0,38.1,46.2,21.9,26.2,34.2,36.4,28.7,32.8,19.7,24.2,77.2,41.4,46.3,67.0,76.9,57.2,86.6,49.9,59.3,42.6,51.7,24.3,29.1,38.2,40.6,31.9,36.6,21.8,26.9,46.3,40.4,40.5,40.5,40.5,40.5,40.5,40.5,40.2,40.2,0.0,86.3,97.4,99.0,90.3,87.2,77.1,82.8,80.7,75.7,13.7,2.6,1.0,9.7,12.8,22.9,17.2,19.3,24.3,0.0,0.0,0.0,0.0,0.0,0.0,0.0,0.0,0.0,1197.8,12.00,16,16,16,39,55,661,1,82.8,82.5,82.2,74.5,78.1,81.1,75.7,74.4,71.6,72.5,71.6,70.8,67.4,67.6,67.1,60.2,55.9,1.337,1.031,1.337,16.795,12.014,16.793,77.663,43.852,4.903,6.744,7.403,5.283,4.748,3.556,4.226,3.916,3.348,22.285,12.387,34.672,43.947,1197.8,1197.8,4046.7,4046.7,4046.7,4046.7,49.9,28.0,86.3,86.9,56.5,No,No,No,1.547,2.280,6.9,50,95.0,100.0,No,No,90848,98731,33,99.0,No,No,3320,0.6,0.1,0.7,1.013,0.117,46021,35336,0.0,0.0,0.0,0.000,0.000,151,0,72.2,94.6,83.0,1.081,12.055,12.102,12.098,11.966,2057,139.543,61.977,116.122,42.431,100.543,30.119,70.194,0.336,116.122,26.724,20.724,96.452,220.000,240.000,1905.0,1750.2,1680.0,1898.5,1815.0,60.0,20.0,0.0,13.0,93.7,13.0,51.8,0.0,0.0,0.0,59,Yes,No,No,Yes,No,No,No,64.9,65.8,4,0,0,0,0,0,0,0,0,105,0,0,0,0,0,0,0,0,0,0,0,0,0,0,0,0,0,0,0,0,515,7677,7515,1675,8.0,0.0,0.0,0.0,0.0,0.0,0.0,0.0,0.0,0.0,0.0,0.0,0.0,0.00,0.00,0.00,0.00,0.00,0.00,0.00,0.00,0.00,0.00,0.00,0,0,0.0,0.0,3180,250,9.7,10.8,0,
3.7.2026,22:58:8.153,29694,16300,64.5,15685,16996,47.9,0.5,13312,69,1.314,1.312,1.312,1.319,1.319,1.319,1.319,1.306,1.306,4042.7,4042.7,4042.7,4042.7,4042.7,4042.7,4042.7,4042.7,4042.7,99.8,1715.8,3915.6,3292.4,1348.5,3640.7,1557.2,2189.7,1582.3,1639.0,868.9,933.0,1487.6,1199.9,1184.9,1095.1,772.4,745.1,1715.8,39.2,46.5,81.5,33.6,92.7,37.3,54.0,36.6,41.4,20.5,23.5,35.4,31.1,28.6,27.7,17.8,19.0,92.7,39.2,43.9,52.0,91.5,37.4,104.0,42.1,60.4,41.3,46.1,23.3,26.0,39.4,34.6,31.7,30.8,20.3,20.9,43.9,40.5,40.5,40.5,40.5,40.5,40.5,40.5,40.5,40.5,0.0,84.5,96.7,99.8,88.7,85.3,74.8,80.2,78.1,72.4,15.5,3.3,0.2,11.3,14.7,25.2,19.8,21.9,27.6,0.0,0.0,0.0,0.0,0.0,0.0,0.0,0.0,0.0,1197.8,12.00,16,16,16,39,55,661,1,82.5,82.2,78.8,74.2,77.3,82.0,75.4,74.0,71.2,72.3,71.2,70.4,67.2,67.5,66.9,59.0,55.2,1.306,1.044,1.312,16.485,11.996,16.487,76.041,43.414,4.823,6.595,7.617,5.157,4.602,3.456,4.144,3.809,3.201,21.880,12.367,34.247,43.519,1197.8,1197.8,4047.7,4047.8,4047.6,4047.8,49.5,27.5,84.5,86.5,56.7,No,No,No,1.488,2.332,6.8,50,95.0,100.0,No,No,90848,98731,33,99.0,No,No,3320,0.1,0.0,0.1,0.206,0.016,46021,35336,0.0,0.0,0.0,0.000,0.000,151,0,71.9,94.0,83.0,1.081,12.058,12.103,12.100,11.970,2041,138.014,63.124,113.133,41.600,97.900,29.769,67.887,0.336,113.133,26.223,39.711,101.547,220.000,240.000,1905.0,1750.2,1680.0,1898.6,1815.0,57.0,19.0,0.0,13.0,93.7,12.8,51.2,0.0,0.0,0.0,58,Yes,No,No,Yes,No,No,No,63.3,61.3,4,0,0,0,0,0,0,0,0,105,0,0,0,0,0,0,0,0,0,0,0,0,0,0,0,0,0,0,0,0,515,7677,7516,1700,8.0,0.0,0.0,0.0,0.0,0.0,0.0,0.0,0.0,0.0,0.0,0.0,0.0,0.00,0.00,0.00,0.00,0.00,0.00,0.00,0.00,0.00,0.00,0.00,0,0,0.0,0.0,3180,250,8.7,13.7,0,
3.7.2026,22:58:10.153,29694,16299,64.5,15686,16996,47.9,0.5,13312,69,1.312,1.312,1.312,1.312,1.312,1.312,1.312,1.312,1.312,4042.7,4042.7,4042.7,4042.7,4042.7,4042.7,4042.7,4042.7,4042.7,99.8,1761.4,3948.2,3357.0,1442.8,3774.6,1849.5,1937.5,1777.5,1522.2,934.3,954.4,1508.0,1247.0,1287.9,1061.9,859.9,719.5,1761.4,40.1,46.7,82.9,35.5,93.0,43.8,49.4,43.4,37.5,23.6,23.1,37.0,30.3,31.5,26.0,21.3,17.3,93.0,40.1,45.2,52.7,93.2,40.2,104.5,48.9,55.8,48.5,42.5,26.2,26.4,41.9,34.4,35.7,29.6,23.6,19.8,45.2,40.5,40.5,40.5,40.5,40.5,40.5,40.5,40.5,40.5,0.0,85.9,97.5,99.7,89.7,87.0,76.8,82.4,79.9,74.4,14.1,2.5,0.3,10.3,13.0,23.2,17.6,20.1,25.6,0.0,0.0,0.0,0.0,0.0,0.0,0.0,0.0,0.0,1197.8,12.00,16,16,16,39,55,661,1,82.5,82.2,79.5,74.3,77.4,81.7,75.2,74.2,71.4,72.4,71.3,70.5,67.2,67.5,67.0,59.2,55.3,1.306,1.025,1.312,16.713,12.086,16.712,77.344,43.868,4.853,6.618,7.588,5.146,4.664,3.506,4.193,3.850,3.258,22.184,12.459,34.644,43.945,1197.8,1197.8,4047.6,4047.6,4047.6,4047.6,49.9,27.9,85.9,86.6,56.9,No,No,No,1.552,2.722,6.9,50,95.0,100.0,No,No,90848,98731,33,99.0,No,No,3320,0.1,0.0,0.1,0.182,0.045,46021,35336,0.0,0.0,0.0,0.000,0.000,151,0,71.9,94.1,83.0,1.081,12.066,12.112,12.107,11.979,2041,152.463,58.175,109.701,40.417,96.199,29.661,66.313,0.336,109.701,26.787,9.044,93.593,220.000,240.000,1905.0,1750.2,1680.0,1896.7,1815.0,57.0,19.0,0.0,13.0,93.7,14.1,56.5,0.0,0.0,0.0,58,Yes,No,No,Yes,No,No,No,62.0,63.3,4,0,0,0,0,0,0,0,0,105,0,0,0,0,0,0,0,0,0,0,0,0,0,0,0,0,0,0,0,0,515,7677,7516,1700,8.0,0.0,0.0,0.0,0.0,0.0,0.0,0.0,0.0,0.0,0.0,0.0,0.0,0.00,0.00,0.00,0.00,0.00,0.00,0.00,0.00,0.00,0.00,0.00,0,0,0.0,0.0,3180,250,10.1,3.9,0,
3.7.2026,22:58:12.150,29703,16290,64.5,15692,16989,48.0,0.5,13312,69,1.298,1.325,1.312,1.306,1.300,1.300,1.281,1.281,1.281,4011.5,4042.7,4042.7,4042.7,3992.8,3992.8,3992.8,3992.8,3992.8,99.8,1545.0,3974.6,1398.8,2839.9,1863.6,2036.2,1520.6,1846.7,1247.7,906.8,834.8,1472.1,1122.1,1245.0,993.3,739.4,678.1,1545.0,37.8,91.1,32.6,70.1,53.0,51.0,36.6,45.4,30.7,21.8,20.7,36.2,27.4,30.4,24.0,18.4,16.2,91.1,37.8,42.5,102.3,36.7,78.7,59.6,57.3,41.1,51.0,34.5,24.5,23.2,40.7,30.8,34.2,26.9,20.7,18.2,42.5,40.2,40.5,40.5,40.5,40.0,40.0,40.0,40.0,40.0,0.0,83.9,98.1,98.5,87.3,84.7,74.0,80.1,77.3,71.4,16.1,1.9,1.5,12.7,15.3,26.0,19.9,22.7,28.6,0.0,0.0,0.0,0.0,0.0,0.0,0.0,0.0,0.0,1197.8,12.00,16,16,16,39,55,661,1,82.5,82.0,77.8,73.9,79.9,78.5,75.1,73.7,71.3,71.8,71.1,70.1,67.1,67.4,66.8,58.8,55.4,1.300,1.025,1.294,16.089,12.001,16.084,75.545,42.934,4.742,7.069,6.925,4.980,4.521,3.436,4.072,3.812,3.124,21.389,12.373,33.762,43.028,1197.8,1197.8,4050.1,4050.4,4049.9,4050.4,48.9,26.8,83.9,86.3,56.1,No,No,No,1.492,2.464,6.7,50,95.0,100.0,No,No,90848,98731,33,99.0,No,No,3320,0.1,0.0,0.1,0.216,0.121,46022,35337,0.0,0.0,0.0,0.000,0.000,151,0,71.7,93.6,83.0,1.081,12.067,12.112,12.108,11.982,2032,139.425,56.630,108.928,40.054,94.451,29.343,64.877,0.336,108.928,25.454,12.158,81.773,220.000,240.000,1905.0,1750.2,1680.0,1898.1,1815.0,54.0,18.0,0.0,12.0,93.7,12.7,50.7,0.0,0.0,0.0,58,Yes,No,No,Yes,No,No,No,61.1,57.5,4,0,0,0,0,0,0,0,0,105,0,0,0,0,0,0,0,0,0,0,0,0,0,0,0,0,0,0,0,0,519,7673,7512,1701,8.0,0.0,0.0,0.0,0.0,0.0,0.0,0.0,0.0,0.0,0.0,0.0,0.0,0.00,0.00,0.00,0.00,0.00,0.00,0.00,0.00,0.00,0.00,0.00,0,0,0.0,0.0,3180,250,11.5,2.4,0,
3.7.2026,22:58:14.149,29696,16298,64.5,15692,16989,48.0,0.5,13312,69,1.314,1.325,1.300,1.306,1.306,1.319,1.319,1.319,1.319,4039.6,4042.7,4017.8,4042.7,4042.7,4042.7,4042.7,4042.7,4042.7,99.8,1636.9,3946.6,1435.8,1284.2,3989.0,2061.8,1564.2,1827.2,1415.0,936.0,896.8,1487.7,1219.1,1277.4,1092.6,936.3,820.2,1636.9,39.5,85.1,36.8,32.6,97.0,50.9,38.2,44.7,34.8,23.2,22.2,36.7,29.5,31.1,26.1,22.8,19.9,97.0,39.5,44.1,95.4,41.0,36.4,108.9,57.0,42.7,49.9,38.8,25.7,24.6,40.9,32.8,34.6,29.0,25.2,22.0,44.0,40.5,40.5,40.2,40.5,40.5,40.5,40.5,40.5,40.5,0.0,85.2,97.5,99.8,87.8,85.9,75.8,81.2,78.6,74.6,14.8,2.5,0.2,12.2,14.1,24.2,18.8,21.4,25.4,0.0,0.0,0.0,0.0,0.0,0.0,0.0,0.0,0.0,1197.8,12.00,16,16,16,39,55,661,1,82.5,82.4,80.8,74.3,76.9,82.1,74.8,74.2,71.4,72.4,71.4,71.3,67.0,67.3,66.7,58.8,55.8,1.325,1.031,1.331,16.813,11.974,16.805,76.641,43.727,4.934,6.484,7.811,5.038,4.690,3.567,4.260,4.019,3.605,22.313,12.344,34.657,43.907,1197.8,1197.8,4045.9,4045.9,4045.9,4045.9,49.9,28.0,85.2,86.7,56.8,No,No,No,1.463,2.287,6.8,50,95.0,100.0,No,No,90848,98731,33,99.0,No,No,3320,0.1,0.0,0.1,0.179,0.009,46022,35337,0.0,0.0,0.0,0.000,0.000,151,0,71.9,93.7,83.0,1.081,12.062,12.108,12.104,11.975,2020,138.642,64.568,114.922,41.628,98.064,29.901,67.938,0.336,114.922,24.634,52.048,101.291,220.000,240.000,1905.0,1750.2,1680.0,1898.7,1815.0,57.0,19.0,0.0,13.0,93.7,12.5,49.9,0.0,0.0,0.0,58,Yes,No,No,Yes,No,No,No,63.4,67.1,4,0,0,0,0,0,0,0,0,105,0,0,0,0,0,0,0,0,0,0,0,0,0,0,0,0,0,0,0,0,519,7673,7511,1725,8.0,0.0,0.0,0.0,0.0,0.0,0.0,0.0,0.0,0.0,0.0,0.0,0.0,0.00,0.00,0.00,0.00,0.00,0.00,0.00,0.00,0.00,0.00,0.00,0,0,0.0,0.0,3180,250,2.2,0.4,0,
3.7.2026,22:58:16.152,29701,16293,64.5,15694,16988,48.0,0.5,13312,69,1.305,1.306,1.312,1.306,1.300,1.300,1.300,1.306,1.306,4042.7,4042.7,4042.7,4042.7,4042.7,4042.7,4042.7,4042.7,4042.7,99.8,1712.2,3983.7,3108.9,1747.7,3246.6,1991.5,1663.9,1874.7,1427.9,985.9,821.0,1443.1,1226.7,1332.4,990.6,869.7,681.4,1712.2,39.3,52.9,76.4,44.0,80.6,49.8,39.7,45.9,34.1,24.0,19.9,35.5,29.6,32.6,24.5,21.5,17.1,80.6,39.3,44.4,59.6,85.9,49.7,90.6,56.2,44.8,51.8,38.7,27.4,22.7,40.2,33.6,36.9,27.9,24.5,19.7,44.4,40.5,40.5,40.5,40.5,40.5,40.5,40.5,40.5,40.5,0.0,85.4,98.4,98.8,88.3,86.1,76.3,81.6,79.6,74.2,14.6,1.6,1.2,11.7,13.9,23.7,18.4,20.4,25.8,0.0,0.0,0.0,0.0,0.0,0.0,0.0,0.0,0.0,1197.8,12.00,16,16,16,39,55,661,1,82.5,82.3,81.2,74.2,79.3,79.8,75.3,73.9,71.4,72.2,71.5,70.5,67.1,67.4,66.8,59.8,55.3,1.331,1.031,1.312,16.738,12.010,16.747,76.876,43.882,4.825,7.089,7.180,5.034,4.697,3.480,4.111,3.824,3.188,22.223,12.382,34.605,43.893,1197.8,1197.8,4047.6,4047.7,4047.4,4047.7,49.9,27.9,85.4,86.7,56.9,No,No,No,1.496,2.446,6.8,50,95.0,100.0,No,No,90848,98731,33,99.0,No,No,3320,0.1,0.0,0.1,0.267,0.025,46023,35337,0.0,0.0,0.0,0.000,0.000,151,0,71.7,93.8,83.0,1.081,12.064,12.111,12.106,11.976,2012,140.877,63.119,113.275,41.494,98.590,29.893,68.471,0.336,113.275,26.683,49.583,89.597,220.000,240.000,1905.0,1750.2,1680.0,1898.4,1815.0,57.0,19.0,0.0,13.0,93.7,12.9,51.7,0.0,0.0,0.0,58,Yes,No,No,Yes,No,No,No,63.6,66.3,4,0,0,0,0,0,0,0,0,105,0,0,0,0,0,0,0,0,0,0,0,0,0,0,0,0,0,0,0,0,519,7673,7511,1749,8.0,0.0,0.0,0.0,0.0,0.0,0.0,0.0,0.0,0.0,0.0,0.0,0.0,0.00,0.00,0.00,0.00,0.00,0.00,0.00,0.00,0.00,0.00,0.00,0,0,0.0,0.0,3180,250,1.8,5.6,0,
3.7.2026,22:58:18.153,29717,16277,64.6,15701,16980,48.0,0.5,13312,69,1.316,1.312,1.306,1.319,1.319,1.319,1.319,1.319,1.319,4042.7,4042.7,4042.7,4042.7,4042.7,4042.7,4042.7,4042.7,4042.7,99.8,1803.4,3944.2,3214.6,2929.4,2362.3,1717.0,2155.6,1773.5,1619.8,1078.7,940.4,1557.0,1344.1,1354.4,1108.2,948.8,805.8,1803.4,41.6,50.3,80.0,71.8,58.5,42.6,52.2,44.4,39.4,26.7,23.2,38.3,33.1,33.7,27.3,23.7,19.8,80.0,41.6,46.3,56.2,89.7,80.5,65.4,47.5,58.3,49.5,43.8,29.5,25.5,42.6,36.8,37.4,30.1,26.1,21.7,46.3,40.5,40.5,40.5,40.5,40.5,40.5,40.5,40.5,40.5,0.0,85.9,97.4,100.0,89.2,86.6,76.9,82.6,80.1,74.7,14.1,2.6,0.0,10.8,13.4,23.1,17.4,19.9,25.3,0.0,0.0,0.0,0.0,0.0,0.0,0.0,0.0,0.0,1197.8,12.00,16,16,16,39,55,661,1,82.6,82.1,82.5,74.2,77.0,82.0,75.0,74.2,71.3,72.4,71.2,70.5,67.1,67.4,66.8,58.5,55.1,1.319,1.025,1.312,16.812,12.013,16.815,77.326,43.917,4.901,6.570,7.672,5.207,4.702,3.578,4.260,3.888,3.332,22.326,12.385,34.711,43.991,1197.8,1197.8,4048.6,4048.6,4048.6,4048.6,50.0,28.0,85.9,86.4,56.8,No,No,No,1.543,2.365,6.9,50,95.0,100.0,No,No,90848,98731,33,99.0,No,No,3320,0.1,0.0,0.1,0.196,0.052,46023,35337,0.0,0.0,0.0,0.000,0.000,151,0,72.3,94.8,83.0,1.081,12.060,12.107,12.103,11.969,2004,137.700,65.701,118.025,43.464,103.037,30.401,72.387,0.336,118.025,28.336,41.471,101.534,220.000,240.000,1905.0,1750.2,1680.0,1898.9,1815.0,62.0,20.0,0.0,15.0,93.8,12.8,51.1,0.0,0.0,0.0,58,Yes,No,No,Yes,No,No,No,66.5,66.9,4,0,0,0,0,0,0,0,0,105,0,0,0,0,0,0,0,0,0,0,0,0,0,0,0,0,0,0,0,0,511,7681,7520,1749,8.0,0.0,0.0,0.0,0.0,0.0,0.0,0.0,0.0,0.0,0.0,0.0,0.0,0.00,0.00,0.00,0.00,0.00,0.00,0.00,0.00,0.00,0.00,0.00,0,0,0.0,0.0,3180,250,1.7,8.5,0,
3.7.2026,22:58:20.156,29723,16271,64.6,15707,16975,48.0,0.5,13312,69,1.309,1.312,1.312,1.312,1.306,1.306,1.306,1.306,1.306,4042.7,4042.7,4042.7,4042.7,4042.7,4042.7,4042.7,4042.7,4042.7,99.8,1680.1,3953.4,2593.5,1359.8,3779.4,1780.6,1855.5,1716.7,1503.3,985.4,814.6,1449.7,1180.1,1307.9,964.2,935.2,701.9,1680.1,39.1,62.8,64.1,33.5,94.1,43.3,46.1,42.1,36.7,24.1,19.7,35.6,28.9,31.8,23.6,22.5,16.7,94.1,39.1,44.1,70.6,72.0,37.8,105.7,48.8,51.9,47.5,41.4,27.3,22.3,40.2,32.7,35.9,26.8,25.5,19.0,44.1,40.5,40.5,40.5,40.5,40.5,40.5,40.5,40.5,40.5,0.0,84.9,97.7,99.4,88.4,85.9,74.8,80.9,77.8,74.1,15.1,2.3,0.6,11.6,14.1,25.2,19.1,22.2,25.9,0.0,0.0,0.0,0.0,0.0,0.0,0.0,0.0,0.0,1197.8,12.00,16,16,16,39,55,661,1,82.5,81.8,79.5,74.0,78.6,79.8,75.0,73.8,71.2,72.0,71.1,70.4,67.0,67.3,66.7,57.0,54.8,1.325,1.025,1.312,16.399,12.052,16.399,76.383,43.378,4.801,6.900,7.245,4.998,4.625,3.463,4.075,3.779,3.322,21.773,12.425,34.199,43.478,1197.8,1197.8,4047.9,4047.9,4047.9,4047.9,49.4,27.3,84.9,86.1,56.5,No,No,No,1.520,2.487,6.8,50,95.0,100.0,No,No,90848,98731,33,99.0,No,No,3320,0.1,0.1,0.2,0.280,0.142,46024,35337,0.0,0.0,0.0,0.000,0.000,151,0,71.6,93.3,83.0,1.081,12.063,12.107,12.104,11.980,2004,138.617,59.808,108.362,39.457,93.829,29.074,64.539,0.336,108.362,24.827,49.998,79.299,220.000,240.000,1905.0,1750.2,1680.0,1898.4,1815.0,55.0,18.0,0.0,12.0,93.7,12.7,51.0,0.0,0.0,0.0,58,Yes,No,No,Yes,No,No,No,60.5,57.6,4,0,0,0,0,0,0,0,0,105,0,0,0,0,0,0,0,0,0,0,0,0,0,0,0,0,0,0,0,0,517,7675,7514,1750,8.0,0.0,0.0,0.0,0.0,0.0,0.0,0.0,0.0,0.0,0.0,0.0,0.0,0.00,0.00,0.00,0.00,0.00,0.00,0.00,0.00,0.00,0.00,0.00,0,0,0.0,0.0,3180,250,7.9,10.0,0,
3.7.2026,22:58:22.155,29799,16195,64.7,15768,16913,48.2,0.5,13312,69,1.308,1.306,1.306,1.312,1.312,1.306,1.306,1.306,1.306,4042.7,4042.7,4042.7,4042.7,4042.7,4042.7,4042.7,4042.7,4042.7,99.8,1678.4,3997.2,1637.5,1853.7,3407.2,2063.8,1681.1,1913.5,1422.4,1062.6,851.8,1567.1,1202.8,1432.1,996.0,942.8,822.2,1678.4,40.6,87.7,40.3,45.9,83.4,50.2,41.6,47.1,34.9,26.3,20.7,38.2,29.8,34.8,24.4,23.6,20.3,87.7,40.6,45.6,98.5,45.3,51.5,93.7,56.4,46.8,52.9,39.2,29.6,23.2,42.9,33.5,39.1,27.4,26.5,22.8,45.6,40.5,40.5,40.5,40.5,40.5,40.5,40.5,40.5,40.5,0.0,84.9,98.7,99.0,88.0,85.6,75.1,80.6,77.9,74.0,15.1,1.3,1.0,12.0,14.4,24.9,19.4,22.1,26.0,0.0,0.0,0.0,0.0,0.0,0.0,0.0,0.0,0.0,1197.8,12.00,16,16,16,39,55,661,1,82.5,82.4,79.0,74.3,78.0,81.2,75.2,74.3,71.4,72.3,71.3,70.7,67.1,67.3,66.8,59.0,55.4,1.337,1.025,1.331,16.886,11.984,16.882,76.371,43.929,4.918,6.842,7.538,5.106,4.761,3.540,4.233,3.936,3.388,22.467,12.357,34.823,44.087,1197.8,1197.8,4051.1,4051.1,4051.1,4051.1,50.1,28.1,84.9,86.7,56.9,No,No,No,1.568,2.281,6.8,50,95.0,100.0,No,No,90848,98731,33,99.0,No,No,3320,0.1,0.0,0.1,0.204,0.076,46024,35337,0.0,0.0,0.0,0.000,0.000,151,0,71.1,92.7,83.0,1.081,12.064,12.109,12.106,11.977,2008,137.943,58.002,112.056,41.342,96.483,29.513,66.744,0.336,112.056,25.641,8.153,87.694,220.000,240.000,1905.0,1750.2,1680.0,1898.8,1815.0,48.0,15.0,0.0,10.0,93.7,12.0,48.1,0.0,0.0,0.0,58,Yes,No,No,Yes,No,No,No,62.6,55.1,4,0,0,0,0,0,0,0,0,105,0,0,0,0,0,0,0,0,0,0,0,0,0,0,0,0,0,0,0,0,518,7674,7513,1750,8.0,0.0,0.0,0.0,0.0,0.0,0.0,0.0,0.0,0.0,0.0,0.0,0.0,0.00,0.00,0.00,0.00,0.00,0.00,0.00,0.00,0.00,0.00,0.00,0,0,0.0,0.0,3180,250,11.9,13.8,0,
3.7.2026,22:58:24.151,30100,15894,65.4,16048,16634,49.1,0.5,13312,69,1.301,1.306,1.300,1.300,1.300,1.300,1.300,1.300,1.300,4020.9,4042.7,4017.8,4017.8,4017.8,4017.8,4017.8,4017.8,4017.8,99.8,2015.6,3951.7,2008.5,2221.2,3267.6,2396.9,1932.9,2124.9,1786.4,1418.2,1191.4,1879.8,1516.4,1778.7,1429.5,1977.7,1367.4,2015.6,48.8,82.4,49.6,50.0,89.0,60.8,46.7,53.8,43.4,34.9,29.3,46.9,36.9,44.6,35.3,45.1,32.9,89.0,48.8,54.6,92.3,55.4,55.9,99.6,68.0,52.2,60.1,48.5,38.9,32.6,52.4,41.1,49.8,39.4,50.3,36.6,54.6,40.3,40.5,40.2,40.2,40.2,40.2,40.2,40.2,40.2,0.0,90.2,97.8,99.6,92.1,90.4,82.5,86.9,85.9,86.7,9.8,2.2,0.4,7.9,9.6,17.5,13.1,14.1,13.3,0.0,0.0,0.0,0.0,0.0,0.0,0.0,0.0,0.0,1197.8,12.00,16,16,16,39,55,661,1,82.6,82.9,82.5,75.8,77.7,82.0,76.3,75.8,72.9,74.2,73.1,74.6,67.4,67.6,67.3,59.5,55.8,1.344,1.031,1.350,18.856,12.166,18.854,81.210,46.821,5.441,6.529,7.643,5.473,5.174,4.127,4.701,4.596,5.289,25.000,12.556,37.556,46.888,1197.8,1197.8,4039.2,4039.2,4039.2,4039.2,53.3,31.4,90.2,87.2,57.5,No,No,No,2.135,2.390,7.2,50,95.0,100.0,No,No,90848,98731,33,99.0,No,No,3320,0.1,0.1,0.3,0.240,0.324,46024,35338,0.0,0.0,0.0,0.000,0.000,151,0,72.6,95.1,83.0,1.081,12.056,12.104,12.099,11.965,2000,147.705,63.296,119.831,43.659,104.219,30.439,73.496,0.336,119.831,27.817,9.607,103.722,220.000,240.000,1905.0,1750.2,1680.0,1898.0,1815.0,63.0,22.0,0.0,15.0,93.7,13.0,52.0,0.0,0.0,0.0,58,Yes,No,No,Yes,No,No,No,67.1,69.9,4,0,0,0,0,0,0,0,0,105,0,0,0,0,0,0,0,0,0,0,0,0,0,0,0,0,0,0,0,0,519,7673,7512,1752,8.0,0.0,0.0,0.0,0.0,0.0,0.0,0.0,0.0,0.0,0.0,0.0,0.0,0.00,0.00,0.00,0.00,0.00,0.00,0.00,0.00,0.00,0.00,0.00,0,0,0.0,0.0,3180,250,8.3,14.3,0,
3.7.2026,22:58:26.158,30110,15883,65.4,16074,16607,49.1,0.5,13312,69,1.293,1.294,1.300,1.275,1.288,1.288,1.300,1.300,1.300,4008.4,4017.8,4017.8,3992.8,4017.8,4042.7,3992.8,3992.8,3992.8,99.8,2053.7,3981.3,2894.5,2034.7,3348.1,2184.0,2276.4,1947.3,2046.5,1350.7,1295.3,1762.2,1720.2,1617.5,1437.3,1609.5,1353.5,2053.7,47.4,64.6,71.4,56.3,76.2,52.6,54.4,45.9,48.5,32.0,29.8,42.0,40.3,38.6,33.0,41.1,31.5,76.2,47.4,53.1,72.4,80.0,63.0,85.4,59.0,61.0,51.5,54.3,35.8,33.3,47.0,45.1,43.2,37.0,46.1,35.3,53.1,40.2,40.2,40.2,40.0,40.2,40.5,40.0,40.0,40.0,0.0,89.4,98.5,99.1,91.9,89.6,82.0,85.8,84.0,84.4,10.6,1.5,0.9,8.1,10.4,18.0,14.2,16.0,15.6,0.0,0.0,0.0,0.0,0.0,0.0,0.0,0.0,0.0,1197.8,12.00,16,16,16,39,55,661,1,82.8,82.8,84.8,75.4,79.7,80.1,76.4,74.9,72.7,73.6,72.6,73.6,67.5,67.7,67.3,59.0,55.6,1.300,1.038,1.306,18.220,12.295,18.219,80.490,46.063,5.260,7.059,7.050,5.564,5.104,4.032,4.624,4.332,4.319,24.145,12.683,36.829,46.191,1197.8,1197.8,4040.3,4040.3,4040.3,4040.3,52.5,30.4,89.4,87.1,57.6,No,No,No,2.308,2.761,7.2,50,95.0,100.0,No,No,90848,98731,33,99.0,No,No,3320,0.1,0.1,0.2,0.220,0.096,46025,35338,0.0,0.0,0.0,0.000,0.000,151,0,74.2,97.3,83.0,1.081,12.035,12.087,12.083,11.934,2000,152.401,72.891,138.429,50.391,119.551,32.460,86.748,0.336,138.429,31.185,21.133,110.249,220.000,240.000,1905.0,1750.2,1680.0,1897.1,1815.0,69.0,26.0,0.0,15.0,93.7,14.3,57.1,0.0,0.0,0.0,58,Yes,No,No,Yes,No,No,No,77.1,75.5,4,0,0,0,0,0,0,0,0,105,0,0,0,0,0,0,0,0,0,0,0,0,0,0,0,0,0,0,0,0,519,7673,7512,1752,8.0,0.0,0.0,0.0,0.0,0.0,0.0,0.0,0.0,0.0,0.0,0.0,0.0,0.00,0.00,0.00,0.00,0.00,0.00,0.00,0.00,0.00,0.00,0.00,0,0,0.0,0.0,3180,250,13.5,12.4,0,
3.7.2026,22:58:28.150,30028,15965,65.2,15991,16691,48.9,0.5,13312,69,1.311,1.312,1.306,1.306,1.312,1.312,1.312,1.312,1.312,4042.7,4042.7,4042.7,4042.7,4042.7,4042.7,4042.7,4042.7,4042.7,99.8,1817.5,3941.4,3192.0,1885.9,3519.3,1742.8,2207.4,1582.2,1918.5,1026.5,972.2,1398.6,1539.8,1312.0,1189.5,919.1,732.9,1817.5,42.7,51.0,79.1,46.9,86.7,43.3,55.4,40.2,48.0,26.4,25.0,35.6,38.5,33.4,30.5,24.3,19.4,86.7,42.7,48.0,57.2,88.7,52.7,97.3,48.6,62.2,45.1,53.9,29.7,28.1,39.9,43.2,37.5,34.2,27.3,21.8,48.0,40.5,40.5,40.5,40.5,40.5,40.5,40.5,40.5,40.5,0.0,86.3,97.4,99.5,90.3,87.2,77.5,82.9,80.4,74.9,13.7,2.6,0.5,9.7,12.8,22.5,17.1,19.6,25.1,0.0,0.0,0.0,0.0,0.0,0.0,0.0,0.0,0.0,1197.8,12.00,16,16,16,39,55,661,1,82.8,82.6,80.0,74.9,78.4,81.4,76.2,75.0,71.9,73.0,72.1,71.1,67.4,67.6,67.1,57.2,55.1,1.337,1.031,1.337,17.194,11.930,17.198,77.644,44.378,4.964,6.762,7.598,5.326,4.881,3.600,4.299,3.960,3.287,22.805,12.304,35.109,44.406,1197.8,1197.8,4045.5,4045.6,4045.4,4045.6,50.5,28.7,86.3,86.9,56.6,No,No,No,2.118,1.920,6.9,50,95.0,100.0,No,No,90848,98731,33,99.0,No,No,3320,0.1,0.1,0.2,0.191,1.030,46025,35340,0.0,0.0,0.0,0.000,0.000,151,0,74.2,97.4,83.0,1.081,12.045,12.096,12.091,11.947,1996,157.347,69.984,127.481,47.599,111.770,31.576,79.892,0.336,127.481,31.583,41.861,100.262,220.000,240.000,1905.0,1750.2,1680.0,1897.2,1815.0,58.0,25.0,0.0,7.0,93.6,12.5,50.0,0.0,0.0,0.0,57,Yes,No,No,Yes,No,No,No,72.3,68.9,4,0,0,0,0,0,0,0,0,105,0,0,0,0,0,0,0,0,0,0,0,0,0,0,0,0,0,0,0,0,523,7669,7508,1752,8.0,0.0,0.0,0.0,0.0,0.0,0.0,0.0,0.0,0.0,0.0,0.0,0.0,0.00,0.00,0.00,0.00,0.00,0.00,0.00,0.00,0.00,0.00,0.00,0,0,0.0,0.0,3180,250,5.4,4.2,0,
3.7.2026,22:58:30.156,30023,15971,65.2,15974,16708,48.8,0.5,13312,69,1.307,1.306,1.312,1.306,1.306,1.306,1.306,1.306,1.306,4039.6,4017.8,4042.7,4042.7,4042.7,4042.7,4042.7,4042.7,4042.7,99.8,1754.7,3951.4,2811.1,1485.5,3684.1,1809.5,1971.6,1556.1,1807.1,1029.7,926.3,1371.8,1470.6,1276.3,1166.5,983.1,774.6,1754.7,40.6,59.4,69.5,36.6,90.7,43.0,49.1,37.4,44.8,25.2,22.5,33.6,36.2,31.5,28.0,24.1,18.7,90.7,40.6,45.8,66.8,78.1,41.3,101.8,48.4,55.3,42.2,50.4,28.5,25.5,37.8,40.9,35.5,31.7,27.3,21.3,45.8,40.5,40.2,40.5,40.5,40.5,40.5,40.5,40.5,40.5,0.0,85.9,97.6,98.8,88.5,86.8,77.1,82.5,80.2,75.8,14.1,2.4,1.2,11.5,13.2,22.9,17.5,19.8,24.2,0.0,0.0,0.0,0.0,0.0,0.0,0.0,0.0,0.0,1197.8,12.00,16,16,16,39,55,661,1,82.5,82.2,79.8,74.4,78.4,80.5,75.5,74.2,71.7,72.5,71.5,70.9,67.0,67.3,66.7,58.8,55.4,1.331,1.031,1.337,17.058,11.830,17.057,77.326,43.984,4.968,6.872,7.342,5.222,4.833,3.648,4.284,4.018,3.525,22.642,12.204,34.845,44.068,1197.8,1197.8,4046.8,4046.8,4046.8,4046.8,50.1,28.4,85.9,86.5,56.8,No,No,No,1.569,1.494,6.9,50,95.0,100.0,No,No,90848,98731,33,99.0,No,No,3320,0.1,0.3,0.3,0.245,4.747,46026,35350,0.0,0.0,0.0,0.000,0.000,151,0,75.3,98.8,83.0,1.081,12.033,12.086,12.083,11.931,1988,166.325,73.225,139.322,51.621,121.515,33.265,87.933,0.336,139.322,33.505,8.574,116.862,220.000,240.000,1905.0,1750.2,1680.0,1896.3,1815.0,68.0,30.0,0.0,10.0,93.6,14.1,56.4,0.0,0.0,0.0,57,Yes,No,No,Yes,No,No,No,78.6,77.9,4,0,0,0,0,0,0,0,0,105,0,0,0,0,0,0,0,0,0,0,0,0,0,0,0,0,0,0,0,0,523,7669,7508,1755,8.0,0.0,0.0,0.0,0.0,0.0,0.0,0.0,0.0,0.0,0.0,0.0,0.0,0.00,0.00,0.00,0.00,0.00,0.00,0.00,0.00,0.00,0.00,0.00,0,0,0.0,0.0,3180,250,6.2,8.6,0,
3.7.2026,22:58:32.155,30034,15959,65.3,15986,16696,48.9,0.5,13312,69,1.308,1.344,1.325,1.325,1.294,1.294,1.294,1.294,1.294,4036.5,4067.7,4067.7,4067.7,4017.8,4017.8,4017.8,4017.8,4017.8,99.8,1584.2,3939.4,1947.0,1976.8,2846.5,2036.7,1574.3,1541.1,1515.0,879.2,805.5,1288.2,1278.2,1246.9,1025.0,793.5,654.7,1584.2,37.7,74.4,47.1,48.4,74.5,51.1,37.8,38.1,36.9,21.5,19.7,31.8,31.3,30.0,25.3,19.4,15.7,74.5,37.7,42.4,83.6,53.0,54.4,83.6,57.4,42.5,42.9,41.5,24.2,22.1,35.7,35.2,33.8,28.4,21.9,17.7,42.4,40.4,40.8,40.8,40.8,40.2,40.2,40.2,40.2,40.2,0.0,84.4,97.3,98.6,87.9,84.8,74.9,80.3,78.5,72.7,15.6,2.7,1.4,12.1,15.2,25.1,19.7,21.5,27.3,0.0,0.0,0.0,0.0,0.0,0.0,0.0,0.0,0.0,1197.8,12.00,16,16,16,39,55,661,1,82.4,81.9,77.8,73.8,78.3,80.0,74.9,73.5,70.9,71.8,70.9,70.0,66.8,67.1,66.6,57.0,55.2,1.312,1.025,1.319,16.355,11.643,16.356,75.946,42.831,4.761,6.776,7.254,5.053,4.489,3.409,4.083,3.849,3.171,21.722,12.008,33.730,42.931,1197.8,1197.8,4049.8,4049.9,4049.7,4049.9,48.8,27.3,84.4,86.2,56.8,No,No,No,1.494,1.263,6.8,50,95.0,100.0,No,No,90848,98731,33,99.0,No,No,3320,0.1,0.0,0.1,0.327,0.015,46026,35350,0.0,0.0,0.0,0.000,0.000,151,0,72.5,94.4,83.0,1.081,12.071,12.119,12.110,11.983,1996,148.132,57.122,107.384,38.950,94.449,29.334,64.913,0.336,107.384,25.924,8.239,94.311,220.000,240.000,1905.0,1750.2,1680.0,1897.9,1815.0,49.0,19.0,0.0,5.0,93.7,12.1,48.6,0.0,0.0,0.0,57,Yes,No,No,Yes,No,No,No,60.6,67.9,4,0,0,0,0,0,0,0,0,105,0,0,0,0,0,0,0,0,0,0,0,0,0,0,0,0,0,0,0,0,517,7675,7514,1755,8.0,0.0,0.0,0.0,0.0,0.0,0.0,0.0,0.0,0.0,0.0,0.0,0.0,0.00,0.00,0.00,0.00,0.00,0.00,0.00,0.00,0.00,0.00,0.00,0,0,0.0,0.0,3180,250,11.2,3.9,0,
3.7.2026,22:58:34.158,30027,15967,65.2,15975,16706,48.8,0.5,13312,69,1.308,1.306,1.306,1.312,1.312,1.306,1.306,1.306,1.306,4045.8,4067.7,4042.7,4042.7,4042.7,4042.7,4042.7,4042.7,4042.7,99.8,1570.5,3951.3,1484.5,1152.8,3954.6,1864.9,1653.8,1534.8,1594.5,854.9,892.3,1295.5,1269.1,1206.6,995.9,752.8,670.5,1570.5,38.0,83.1,37.5,29.6,96.5,46.1,41.1,38.8,38.7,21.5,22.0,31.7,31.7,30.3,24.6,18.8,16.7,96.5,38.0,42.5,93.3,41.8,33.0,108.5,51.6,46.0,43.4,43.2,23.8,24.4,35.4,35.4,33.7,27.3,20.7,18.4,42.5,40.5,40.8,40.5,40.5,40.5,40.5,40.5,40.5,40.5,0.0,84.9,97.5,99.8,87.7,86.0,75.5,81.1,78.9,72.8,15.1,2.5,0.2,12.3,14.0,24.5,18.9,21.1,27.2,0.0,0.0,0.0,0.0,0.0,0.0,0.0,0.0,0.0,1197.8,12.00,16,16,16,39,55,661,1,82.0,81.8,78.8,73.6,76.7,81.6,74.4,73.7,70.7,71.6,70.7,69.8,66.7,67.0,66.5,58.0,55.2,1.300,1.031,1.312,16.395,11.557,16.393,76.425,42.775,4.773,6.562,7.686,4.929,4.603,3.428,4.080,3.773,3.122,21.791,11.919,33.710,42.891,1197.8,1197.8,4050.9,4051.0,4050.8,4051.0,48.7,27.3,84.9,86.1,56.8,No,No,No,1.464,1.046,6.8,50,95.0,100.0,No,No,90848,98731,33,99.0,No,No,3320,0.1,0.0,0.1,0.201,0.166,46027,35350,0.0,0.0,0.0,0.000,0.000,151,0,73.9,96.9,83.0,1.081,12.055,12.106,12.098,11.961,1992,154.988,65.732,118.683,42.783,104.502,30.920,73.326,0.336,118.683,28.394,30.585,109.107,220.000,240.000,1905.0,1750.2,1680.0,1898.0,1815.0,63.0,26.0,0.0,11.0,93.7,12.7,50.9,0.0,0.0,0.0,57,Yes,No,No,Yes,No,No,No,66.9,68.9,4,0,0,0,0,0,0,0,0,105,0,0,0,0,0,0,0,0,0,0,0,0,0,0,0,0,0,0,0,0,517,7675,7514,1755,8.0,0.0,0.0,0.0,0.0,0.0,0.0,0.0,0.0,0.0,0.0,0.0,0.0,0.00,0.00,0.00,0.00,0.00,0.00,0.00,0.00,0.00,0.00,0.00,0,0,0.0,0.0,3180,250,4.7,0.8,0,
3.7.2026,22:58:36.155,30040,15954,65.3,15981,16700,48.9,0.5,13312,69,1.304,1.306,1.288,1.306,1.306,1.306,1.306,1.306,1.306,4039.6,4042.7,4017.8,4042.7,4042.7,4042.7,4042.7,4042.7,4042.7,99.8,1748.0,3944.2,2229.7,2019.4,2996.1,1847.2,2026.7,1570.7,1796.5,1028.9,1104.8,1372.7,1543.0,1302.6,1318.7,931.6,934.7,1748.0,39.4,70.4,54.8,49.8,77.3,44.5,45.2,36.4,41.4,22.6,24.2,32.1,34.3,29.4,28.8,20.1,19.6,77.3,39.4,44.4,79.1,61.6,56.1,86.8,50.1,51.0,41.1,46.6,25.6,27.3,36.3,38.7,33.2,32.5,22.8,22.2,44.4,40.5,40.5,40.2,40.5,40.5,40.5,40.5,40.5,40.5,0.0,85.0,97.4,99.6,88.2,85.4,75.8,81.4,79.1,73.3,15.0,2.6,0.4,11.8,14.6,24.2,18.6,20.9,26.7,0.0,0.0,0.0,0.0,0.0,0.0,0.0,0.0,0.0,1197.8,12.00,16,16,16,39,55,661,1,82.0,81.6,80.5,73.6,77.2,80.6,74.4,73.4,70.8,71.7,70.5,69.8,66.6,66.9,66.4,59.0,54.7,1.319,1.031,1.337,16.528,11.761,16.512,76.530,43.098,4.892,6.697,7.457,5.099,4.679,3.618,4.236,3.985,3.365,21.951,12.128,34.080,43.273,1197.8,1197.8,4050.1,4050.1,4050.1,4050.1,49.2,27.5,85.0,85.9,57.0,No,No,No,1.513,1.496,6.8,50,95.0,100.0,No,No,90848,98731,33,99.0,No,No,3320,0.1,0.0,0.1,0.185,0.023,46027,35350,0.0,0.0,0.0,0.000,0.000,151,0,74.3,97.4,83.0,1.081,12.043,12.095,12.090,11.943,1992,158.828,73.164,133.561,48.901,115.336,32.556,82.511,0.336,133.561,30.478,39.839,114.565,220.000,240.000,1905.0,1750.2,1680.0,1897.0,1815.0,66.0,27.0,0.0,8.0,93.8,13.7,54.8,0.0,0.0,0.0,57,Yes,No,No,Yes,No,No,No,74.6,71.6,4,0,0,0,0,0,0,0,0,105,0,0,0,0,0,0,0,0,0,0,0,0,0,0,0,0,0,0,0,0,507,7685,7524,1755,8.0,0.0,0.0,0.0,0.0,0.0,0.0,0.0,0.0,0.0,0.0,0.0,0.0,0.00,0.00,0.00,0.00,0.00,0.00,0.00,0.00,0.00,0.00,0.00,0,0,0.0,0.0,3180,250,6.3,6.0,0,
3.7.2026,22:58:38.159,30094,15900,65.4,16044,16637,49.0,0.5,13312,69,1.307,1.319,1.300,1.306,1.306,1.306,1.306,1.306,1.306,4045.8,4042.7,4067.7,4042.7,4042.7,4042.7,4042.7,4042.7,4042.7,99.8,1804.6,3946.2,3190.1,1766.7,3546.1,1716.1,2074.1,1511.0,1877.8,966.4,1043.0,1335.9,1540.4,1228.9,1278.6,972.6,879.5,1804.6,42.9,51.9,78.9,43.9,88.5,43.2,53.0,38.7,47.6,25.7,27.4,34.4,39.4,31.7,33.0,25.7,23.2,88.5,42.9,48.0,58.1,88.6,49.2,99.4,48.4,59.5,43.3,53.3,28.7,30.6,38.5,44.1,35.5,36.9,28.7,25.9,48.1,40.5,40.5,40.8,40.5,40.5,40.5,40.5,40.5,40.5,0.0,86.3,97.5,99.5,89.6,87.0,77.3,82.6,80.5,76.5,13.7,2.5,0.5,10.4,13.0,22.7,17.4,19.5,23.5,0.0,0.0,0.0,0.0,0.0,0.0,0.0,0.0,0.0,1197.8,12.00,16,16,16,39,55,661,1,82.1,82.2,80.5,74.5,77.4,81.7,75.1,74.4,71.7,72.7,71.6,71.0,67.0,67.2,66.7,59.0,54.6,1.331,1.038,1.331,17.410,11.800,17.426,77.668,44.544,4.926,6.684,7.686,5.068,4.706,3.619,4.253,3.959,3.434,23.091,12.173,35.263,44.514,1197.8,1197.8,4047.1,4047.1,4047.1,4047.1,50.6,29.0,86.3,86.5,57.7,No,No,No,1.690,1.395,6.9,50,95.0,100.0,No,No,90848,98731,33,99.0,No,No,3320,3.9,0.1,4.0,14.712,0.064,46054,35350,0.0,0.0,0.0,0.000,0.000,151,0,75.4,98.6,83.0,1.081,12.048,12.102,12.095,11.949,1992,169.890,70.166,131.719,48.275,114.585,32.345,81.955,0.336,131.719,30.912,26.125,103.692,220.000,240.000,1905.0,1750.2,1665.0,1896.0,1800.0,64.0,27.0,0.0,6.0,93.6,14.3,57.1,0.0,0.0,0.0,57,Yes,No,No,Yes,Yes,No,No,73.9,72.1,4,0,0,0,0,0,0,0,0,105,0,0,0,0,0,0,0,0,0,0,0,0,0,0,0,0,0,0,0,0,521,7671,7510,1756,8.0,0.0,0.0,0.0,0.0,0.0,0.0,0.0,0.0,0.0,0.0,0.0,0.0,0.00,0.00,0.00,0.00,0.00,0.00,0.00,0.00,0.00,0.00,0.00,0,0,0.0,0.0,3180,250,4.2,14.3,0,
3.7.2026,22:58:40.147,30097,15896,65.4,16044,16637,49.0,0.5,13312,69,1.311,1.306,1.306,1.312,1.312,1.312,1.312,1.312,1.312,4042.7,4042.7,4042.7,4042.7,4042.7,4042.7,4042.7,4042.7,4042.7,99.8,1696.6,3957.0,3143.0,1412.1,3624.4,1644.5,2106.2,1437.1,1736.5,823.4,913.9,1230.8,1407.0,1139.1,1096.8,764.8,709.4,1696.6,38.7,50.3,77.7,34.8,89.6,40.6,51.7,34.7,42.9,19.8,22.2,30.4,34.7,28.1,27.4,18.4,16.7,89.6,38.7,43.4,56.2,87.2,39.3,100.6,45.3,57.8,39.2,47.9,22.5,25.2,33.7,38.6,31.1,30.3,20.9,18.9,43.4,40.5,40.5,40.5,40.5,40.5,40.5,40.5,40.5,40.5,0.0,84.8,97.7,98.6,89.0,85.8,75.2,80.5,78.2,73.3,15.2,2.3,1.4,11.0,14.2,24.8,19.5,21.8,26.7,0.0,0.0,0.0,0.0,0.0,0.0,0.0,0.0,0.0,1197.8,12.00,16,16,16,39,55,661,1,82.0,81.7,80.8,73.6,77.8,80.2,75.0,73.6,70.6,71.6,70.5,69.8,66.7,67.0,66.4,58.2,55.2,1.350,1.031,1.337,16.504,11.630,16.502,76.316,43.017,4.799,6.813,7.341,5.176,4.600,3.424,4.101,3.748,3.190,21.926,11.994,33.920,43.115,1197.8,1197.8,4051.2,4051.2,4051.2,4051.2,49.0,27.5,84.8,86.0,57.0,No,No,No,1.511,1.221,6.8,50,95.0,100.0,No,No,90848,98731,33,99.0,No,No,3320,0.1,0.0,0.1,0.128,0.014,46054,35350,0.0,0.0,0.0,0.000,0.000,151,0,75.8,99.2,83.0,1.081,12.039,12.092,12.087,11.939,1984,172.575,76.551,136.001,50.036,117.586,32.664,84.617,0.336,136.001,31.321,61.442,115.508,220.000,240.000,1905.0,1750.2,1665.0,1887.7,1800.0,63.0,27.0,0.0,8.0,93.6,14.5,58.1,0.0,0.0,0.0,57,Yes,No,No,Yes,Yes,No,No,75.7,70.3,4,0,0,0,0,0,0,0,0,105,0,0,0,0,0,0,0,0,0,0,0,0,0,0,0,0,0,0,0,0,521,7671,7510,1756,8.0,0.0,0.0,0.0,0.0,0.0,0.0,0.0,0.0,0.0,0.0,0.0,0.0,0.00,0.00,0.00,0.00,0.00,0.00,0.00,0.00,0.00,0.00,0.00,0,0,0.0,0.0,3180,250,5.7,9.4,0,
3.7.2026,22:58:42.145,30090,15903,65.4,16046,16636,49.0,0.5,13312,69,1.305,1.288,1.306,1.312,1.312,1.306,1.306,1.306,1.306,4052.1,4017.8,4042.7,4042.7,4042.7,4067.7,4067.7,4067.7,4067.7,99.8,1585.8,3980.9,1489.3,1423.5,3762.4,1820.8,1756.5,1793.0,1282.4,938.5,795.6,1406.1,1217.9,1242.1,974.6,778.6,710.3,1585.8,38.8,86.9,37.0,35.7,92.8,45.5,43.0,44.8,31.9,23.9,20.3,34.9,30.2,30.9,24.0,19.8,18.5,92.8,38.8,43.3,97.7,41.6,39.6,104.3,51.2,48.3,49.8,35.8,26.2,22.1,39.2,33.9,34.8,27.0,21.6,20.1,43.3,40.6,40.2,40.5,40.5,40.5,40.8,40.8,40.8,40.8,0.0,84.4,98.3,99.9,87.3,84.5,74.6,80.3,77.6,72.7,15.6,1.7,0.1,12.7,15.5,25.4,19.7,22.4,27.3,0.0,0.0,0.0,0.0,0.0,0.0,0.0,0.0,0.0,1197.8,12.00,16,16,16,39,55,661,1,81.8,81.5,81.2,73.4,76.8,80.9,74.4,73.3,70.6,71.4,70.5,69.6,66.5,66.8,66.3,57.0,55.0,1.325,1.031,1.337,16.467,11.700,16.475,75.953,43.095,4.745,6.645,7.608,4.941,4.453,3.396,4.047,3.739,3.134,21.883,12.067,33.950,43.164,1197.8,1197.8,4050.9,4051.0,4050.8,4051.0,49.0,27.5,84.4,85.8,57.2,No,No,No,1.529,1.332,6.8,50,95.0,100.0,No,No,90848,98731,33,99.0,No,No,3320,0.1,0.0,0.1,0.253,0.163,46055,35351,0.0,0.0,0.0,0.000,0.000,151,0,74.8,97.5,83.0,1.081,12.065,12.113,12.106,11.976,1992,157.249,60.237,111.491,39.647,97.719,29.570,67.886,0.336,111.491,25.674,8.205,110.352,220.000,240.000,1905.0,1750.2,1665.0,1887.8,1800.0,54.0,22.0,0.0,7.0,93.6,12.3,49.3,0.0,0.0,0.0,57,Yes,No,No,Yes,Yes,No,No,72.6,74.3,4,0,0,0,0,0,0,0,0,105,0,0,0,0,0,0,0,0,0,0,0,0,0,0,0,0,0,0,0,0,521,7671,7510,1756,8.0,0.0,0.0,0.0,0.0,0.0,0.0,0.0,0.0,0.0,0.0,0.0,0.0,0.00,0.00,0.00,0.00,0.00,0.00,0.00,0.00,0.00,0.00,0.00,0,0,0.0,0.0,3180,250,17.6,8.5,0,
3.7.2026,22:58:44.147,30088,15905,65.4,16046,16636,49.0,0.5,13312,69,1.309,1.306,1.306,1.306,1.312,1.312,1.312,1.306,1.306,4042.7,4042.7,4042.7,4042.7,4042.7,4042.7,4042.7,4042.7,4042.7,99.8,1598.2,4011.1,1761.8,1516.7,3591.7,1833.5,1745.5,1694.0,1355.5,932.2,788.0,1377.8,1238.9,1173.3,1031.0,759.8,761.0,1598.2,38.0,81.9,43.4,37.5,87.7,45.0,43.0,41.3,33.0,22.6,18.8,33.8,29.8,28.5,24.9,18.5,18.1,87.7,38.0,42.9,92.1,49.0,42.3,98.6,50.7,48.6,46.6,37.3,25.7,21.5,38.2,33.7,32.3,28.3,21.0,20.6,42.9,40.5,40.5,40.5,40.5,40.5,40.5,40.5,40.5,40.5,0.0,84.5,99.0,99.3,87.5,84.6,74.7,80.1,77.4,73.1,15.5,1.0,0.7,12.5,15.4,25.3,19.9,22.6,26.9,0.0,0.0,0.0,0.0,0.0,0.0,0.0,0.0,0.0,1197.8,12.00,16,16,16,39,55,661,1,81.5,81.3,80.8,73.2,77.1,80.3,74.2,72.9,70.3,71.2,70.3,69.4,66.3,66.6,66.0,58.0,55.0,1.331,1.038,1.331,16.180,11.763,16.180,76.019,42.762,4.719,6.771,7.415,4.888,4.426,3.376,4.031,3.712,3.137,21.508,12.127,33.635,42.842,1197.8,1197.8,4051.8,4051.9,4051.6,4051.9,48.7,27.0,84.5,85.6,56.8,No,No,No,1.521,1.491,6.8,50,95.0,100.0,No,No,90848,98731,33,99.0,No,No,3320,0.1,0.0,0.1,0.174,0.051,46055,35351,0.0,0.0,0.0,0.000,0.000,151,0,74.8,97.8,83.0,1.081,12.046,12.096,12.092,11.948,1992,158.010,74.830,131.268,48.180,112.664,31.843,80.516,0.336,131.268,29.272,64.767,118.189,220.000,240.000,1905.0,1750.2,1665.0,1887.8,1800.0,60.0,25.0,0.0,8.0,93.6,13.0,52.2,0.0,0.0,0.0,57,Yes,No,No,Yes,Yes,No,No,72.1,71.4,4,0,0,0,0,0,0,0,0,105,0,0,0,0,0,0,0,0,0,0,0,0,0,0,0,0,0,0,0,0,521,7671,7510,1756,8.0,0.0,0.0,0.0,0.0,0.0,0.0,0.0,0.0,0.0,0.0,0.0,0.0,0.00,0.00,0.00,0.00,0.00,0.00,0.00,0.00,0.00,0.00,0.00,0,0,0.0,0.0,3180,250,12.4,2.3,0,
3.7.2026,22:58:46.153,30098,15895,65.4,16052,16630,49.1,0.5,13312,69,1.301,1.319,1.312,1.300,1.312,1.312,1.312,1.269,1.269,4042.7,4042.7,4042.7,4042.7,4042.7,4042.7,4042.7,4042.7,4042.7,99.8,1741.9,3963.5,2237.9,1441.4,3835.7,1885.5,1817.0,1787.8,1509.6,1018.3,1006.9,1408.8,1379.2,1260.7,1144.4,1012.0,1161.9,1741.9,40.1,71.1,55.1,35.7,96.0,45.3,42.7,43.5,34.8,24.1,23.1,33.6,32.5,29.3,26.5,22.9,25.6,96.0,40.1,45.2,79.8,62.0,40.3,107.8,51.0,48.1,48.9,39.2,27.2,26.1,37.9,36.7,33.0,29.9,25.9,28.9,45.2,40.5,40.5,40.5,40.5,40.5,40.5,40.5,40.5,40.5,0.0,85.4,98.0,100.0,87.2,85.3,76.2,81.1,78.2,77.0,14.6,2.0,0.0,12.8,14.7,23.8,18.9,21.8,23.0,0.0,0.0,0.0,0.0,0.0,0.0,0.0,0.0,0.0,1197.8,12.00,16,16,16,39,55,661,1,81.5,81.9,80.8,74.0,76.6,81.8,74.4,73.6,71.1,72.2,70.8,71.9,66.6,66.8,66.3,59.5,55.1,1.337,1.038,1.337,17.041,11.752,17.036,76.835,43.822,5.046,6.594,7.794,5.094,4.685,3.698,4.294,3.962,4.247,22.631,12.121,34.752,43.959,1197.8,1197.8,4046.2,4046.5,4046.0,4046.5,50.0,28.4,85.4,86.2,56.8,No,No,No,1.525,1.520,6.8,50,95.0,100.0,No,No,90848,98731,33,99.0,No,No,3320,0.1,0.0,0.1,0.162,0.015,46055,35351,0.0,0.0,0.0,0.000,0.000,151,0,75.2,98.3,83.0,1.081,12.046,12.097,12.093,11.948,1992,161.414,75.030,131.135,48.000,113.046,31.722,81.012,0.336,131.135,29.608,62.275,122.030,220.000,240.000,1905.0,1750.2,1665.0,1887.8,1800.0,61.0,26.0,0.0,9.0,93.6,13.3,53.1,0.0,0.0,0.0,57,Yes,No,No,Yes,Yes,No,No,73.2,77.3,4,0,0,0,0,0,0,0,0,105,0,0,0,0,0,0,0,0,0,0,0,0,0,0,0,0,0,0,0,0,521,7671,7510,1755,8.0,0.0,0.0,0.0,0.0,0.0,0.0,0.0,0.0,0.0,0.0,0.0,0.0,0.00,0.00,0.00,0.00,0.00,0.00,0.00,0.00,0.00,0.00,0.00,0,0,0.0,0.0,3180,250,7.6,5.8,0,
3.7.2026,22:58:48.156,30109,15884,65.4,16055,16627,49.1,0.5,13312,69,1.293,1.312,1.319,1.269,1.269,1.294,1.294,1.294,1.294,4024.0,4042.7,4042.7,4017.8,4017.8,4017.8,4017.8,4017.8,4017.8,99.8,1684.2,3993.6,2940.3,1474.5,3549.8,1665.0,1890.7,1628.9,1498.8,875.4,947.4,1300.5,1365.5,1165.9,1113.8,667.4,870.5,1684.2,39.4,58.0,73.0,36.7,88.2,41.2,47.5,40.5,37.5,22.1,23.7,32.4,34.1,29.3,27.9,16.9,22.1,88.2,39.4,44.1,65.0,81.9,41.0,99.0,46.0,53.2,45.3,41.8,24.4,26.2,36.1,38.0,32.7,31.0,18.6,24.5,44.1,40.3,40.5,40.5,40.2,40.2,40.2,40.2,40.2,40.2,0.0,84.5,98.6,98.8,87.1,84.7,75.3,80.5,78.1,72.9,15.5,1.4,1.2,12.9,15.3,24.7,19.5,21.9,27.1,0.0,0.0,0.0,0.0,0.0,0.0,0.0,0.0,0.0,1197.8,12.00,16,16,16,39,55,661,1,81.5,81.3,80.0,73.4,78.2,79.5,74.1,73.1,70.6,71.4,70.5,69.5,66.4,66.7,66.2,58.2,55.0,1.344,1.038,1.350,16.327,11.770,16.329,76.041,42.946,4.753,7.023,7.217,4.863,4.478,3.428,4.089,3.774,3.152,21.700,12.137,33.836,43.056,1197.8,1197.8,4051.1,4051.5,4050.7,4051.5,48.9,27.2,84.5,85.6,56.8,No,No,No,1.568,1.555,6.8,50,95.0,100.0,No,No,90848,98731,33,99.0,No,No,3320,0.1,0.0,0.1,0.183,0.099,46056,35351,0.0,0.0,0.0,0.000,0.000,151,0,76.1,99.5,83.0,1.081,12.040,12.091,12.087,11.940,1992,161.741,70.679,135.725,49.478,117.090,32.333,84.446,0.336,135.725,30.556,8.958,112.147,220.000,240.000,1905.0,1750.2,1665.0,1887.8,1800.0,65.0,28.0,0.0,9.0,93.7,13.5,54.1,0.0,0.0,0.0,57,Yes,No,No,Yes,Yes,No,No,75.6,75.9,4,0,0,0,0,0,0,0,0,105,0,0,0,0,0,0,0,0,0,0,0,0,0,0,0,0,0,0,0,0,513,7679,7518,1755,8.0,0.0,0.0,0.0,0.0,0.0,0.0,0.0,0.0,0.0,0.0,0.0,0.0,0.00,0.00,0.00,0.00,0.00,0.00,0.00,0.00,0.00,0.00,0.00,0,0,0.0,0.0,3180,250,3.0,6.4,0,
3.7.2026,22:58:50.149,30109,15885,65.4,16062,16620,49.1,0.5,13312,69,1.309,1.312,1.306,1.319,1.306,1.306,1.306,1.306,1.306,4042.7,4042.7,4042.7,4042.7,4042.7,4042.7,4042.7,4042.7,4042.7,99.8,1659.0,3993.1,2300.1,2017.5,3138.1,1659.6,1911.5,1529.7,1557.4,829.3,1012.5,1284.7,1373.1,1115.5,1219.4,729.6,872.4,1659.0,39.0,70.7,56.8,50.0,77.4,40.8,47.0,37.4,38.1,20.3,24.6,31.4,33.8,27.1,29.9,17.6,21.2,77.4,39.0,43.9,79.5,63.9,56.2,87.0,45.9,52.9,42.2,42.9,22.9,27.7,35.4,38.1,30.6,33.7,19.9,23.9,43.9,40.5,40.5,40.5,40.5,40.5,40.5,40.5,40.5,40.5,0.0,84.4,98.6,98.5,87.1,84.3,74.9,80.3,78.0,73.3,15.6,1.4,1.5,12.9,15.7,25.1,19.7,22.0,26.7,0.0,0.0,0.0,0.0,0.0,0.0,0.0,0.0,0.0,1197.8,12.00,16,16,16,39,55,661,1,81.5,81.2,79.5,73.2,79.0,78.1,74.4,72.8,70.7,71.1,70.4,69.5,66.4,66.6,66.1,56.8,54.7,1.325,1.031,1.331,16.363,11.799,16.362,75.918,43.060,4.751,7.100,7.027,4.932,4.468,3.460,4.018,3.792,3.208,21.743,12.166,33.909,43.129,1197.8,1197.8,4050.9,4051.2,4050.5,4051.2,49.0,27.3,84.4,85.5,57.0,No,No,No,1.583,1.613,6.7,50,95.0,100.0,No,No,90848,98731,33,99.0,No,No,3320,0.1,0.1,0.1,0.213,0.057,46056,35351,0.0,0.0,0.0,0.000,0.000,151,0,75.4,98.8,83.0,1.081,12.051,12.101,12.096,11.957,1988,163.117,65.201,123.746,44.859,107.180,30.993,75.899,0.336,123.746,28.020,8.898,108.337,220.000,240.000,1905.0,1750.2,1665.0,1887.6,1800.0,60.0,25.0,0.0,8.0,93.7,13.6,54.3,0.0,0.0,0.0,57,Yes,No,No,Yes,Yes,No,No,69.0,72.9,4,0,0,0,0,0,0,0,0,105,0,0,0,0,0,0,0,0,0,0,0,0,0,0,0,0,0,0,0,0,513,7679,7518,1755,8.0,0.0,0.0,0.0,0.0,0.0,0.0,0.0,0.0,0.0,0.0,0.0,0.0,0.00,0.00,0.00,0.00,0.00,0.00,0.00,0.00,0.00,0.00,0.00,0,0,0.0,0.0,3180,250,3.0,1.1,0,
3.7.2026,22:58:52.153,30117,15877,65.4,16063,16618,49.1,0.5,13312,69,1.313,1.312,1.300,1.300,1.319,1.319,1.319,1.319,1.319,4036.5,4042.7,4017.8,4017.8,4042.7,4042.7,4042.7,4042.7,4042.7,99.8,1722.6,3952.9,2696.1,2715.4,2377.0,2047.2,1749.0,1725.2,1555.4,818.8,1050.5,1482.8,1333.0,1263.2,1182.6,648.7,963.1,1722.6,40.1,63.8,62.9,66.0,61.7,49.9,43.7,42.0,38.2,20.0,25.9,36.0,32.9,31.3,28.9,15.8,23.5,66.0,40.1,45.2,71.7,70.7,74.2,69.4,56.1,49.2,47.2,43.0,22.5,29.2,40.5,37.1,35.3,32.5,17.9,26.5,45.2,40.4,40.5,40.2,40.2,40.5,40.5,40.5,40.5,40.5,0.0,86.0,97.6,98.9,89.5,86.5,76.8,82.6,80.6,75.4,14.0,2.4,1.1,10.5,13.5,23.2,17.4,19.4,24.6,0.0,0.0,0.0,0.0,0.0,0.0,0.0,0.0,0.0,1197.8,12.00,16,16,16,39,55,661,1,81.5,81.5,78.2,73.4,77.6,79.6,74.6,73.4,70.6,71.5,70.7,69.6,66.4,66.7,66.1,56.8,54.2,1.306,1.038,1.312,16.678,11.775,16.671,77.386,43.423,4.827,6.762,7.129,5.156,4.676,3.497,4.217,3.925,3.254,22.167,12.142,34.309,43.519,1197.8,1197.8,4051.5,4051.5,4051.5,4051.5,49.5,27.8,86.0,85.8,56.9,No,No,No,1.577,1.492,6.9,50,95.0,100.0,No,No,90848,98731,33,99.0,No,No,3320,0.1,0.0,0.1,0.178,0.040,46056,35351,0.0,0.0,0.0,0.000,0.000,151,0,75.2,98.4,83.0,1.081,12.068,12.116,12.108,11.981,1988,160.012,64.306,107.505,37.620,96.136,28.982,66.887,0.336,107.505,26.050,62.050,109.989,220.000,240.000,1905.0,1750.2,1665.0,1887.8,1800.0,73.0,27.0,0.0,16.0,93.7,13.1,52.5,0.0,0.0,0.0,57,Yes,No,No,Yes,Yes,No,No,60.7,71.8,4,0,0,0,0,0,0,0,0,105,0,0,0,0,0,0,0,0,0,0,0,0,0,0,0,0,0,0,0,0,515,7677,7516,1755,8.0,0.0,0.0,0.0,0.0,0.0,0.0,0.0,0.0,0.0,0.0,0.0,0.0,0.00,0.00,0.00,0.00,0.00,0.00,0.00,0.00,0.00,0.00,0.00,0,0,0.0,0.0,3180,250,5.2,3.5,0,
3.7.2026,22:58:54.152,30088,15906,65.4,16042,16639,49.0,0.5,13312,69,1.316,1.312,1.312,1.312,1.319,1.319,1.319,1.319,1.319,4042.7,4042.7,4042.7,4042.7,4042.7,4042.7,4042.7,4042.7,4042.7,99.8,2051.1,3999.4,2921.2,2445.7,3209.8,2251.5,2512.2,2112.3,1921.1,1188.8,1322.1,1795.5,1705.3,1660.3,1461.3,1048.2,1263.6,2051.1,47.9,62.7,75.3,59.5,78.8,57.7,56.2,52.2,46.4,28.6,32.2,44.2,41.5,39.6,35.7,25.3,31.1,78.8,47.9,53.8,70.4,84.5,66.8,88.4,64.8,63.1,58.6,52.1,32.1,36.2,49.6,46.6,44.4,40.1,28.4,34.9,53.8,40.5,40.5,40.5,40.5,40.5,40.5,40.5,40.5,40.5,0.0,89.3,98.8,99.2,94.6,90.3,80.9,86.5,84.3,79.7,10.7,1.2,0.8,5.4,9.7,19.1,13.5,15.7,20.3,0.0,0.0,0.0,0.0,0.0,0.0,0.0,0.0,0.0,1197.8,12.00,16,16,16,39,55,661,1,81.9,82.3,84.8,75.0,79.7,80.1,77.3,74.8,71.9,73.1,72.0,71.1,66.8,67.1,66.6,58.8,54.8,1.325,1.031,1.331,18.610,12.183,18.615,80.375,46.497,5.351,7.159,7.577,6.218,5.163,3.907,4.692,4.376,3.718,24.693,12.569,37.261,46.573,1197.8,1197.8,4046.8,4046.8,4046.8,4046.8,52.9,31.0,89.3,86.7,58.2,No,No,No,1.647,2.694,7.1,50,95.0,100.0,No,No,90848,98731,33,99.0,No,No,3320,0.1,0.2,0.3,0.132,0.375,46057,35352,0.0,0.0,0.0,0.000,0.000,151,0,74.2,96.7,83.0,1.081,12.062,12.109,12.105,11.973,1988,150.359,64.501,116.543,42.382,100.870,30.184,70.447,0.336,116.543,26.572,45.655,95.474,220.000,240.000,1905.0,1750.2,1665.0,1888.2,1800.0,60.0,20.0,0.0,14.0,93.7,13.8,55.2,0.0,0.0,0.0,57,Yes,No,No,Yes,Yes,No,No,65.1,68.8,4,0,0,0,0,0,0,0,0,105,0,0,0,0,0,0,0,0,0,0,0,0,0,0,0,0,0,0,0,0,518,7674,7513,1549,8.0,0.0,0.0,0.0,0.0,0.0,0.0,0.0,0.0,0.0,0.0,0.0,0.0,0.00,0.00,0.00,0.00,0.00,0.00,0.00,0.00,0.00,0.00,0.00,0,0,0.0,0.0,3180,250,5.1,3.3,0,
3.7.2026,22:58:56.148,30088,15905,65.4,16041,16640,49.0,0.5,13312,69,1.310,1.306,1.312,1.312,1.306,1.306,1.312,1.312,1.312,4039.6,4042.7,4042.7,4017.8,4042.7,4042.7,4042.7,4042.7,4042.7,99.8,1946.1,4006.4,2816.5,2183.1,3244.4,2379.1,2289.0,1904.7,1935.6,1077.8,1233.5,1636.2,1712.1,1426.4,1418.7,823.8,1051.1,1946.1,45.2,65.3,69.4,57.8,75.0,54.7,61.0,44.8,47.3,25.9,29.0,39.9,39.8,34.6,34.0,19.2,25.0,75.0,45.2,50.7,73.3,77.9,64.9,84.3,61.5,68.5,50.3,53.1,29.0,32.6,44.8,44.6,38.8,38.2,21.5,28.0,50.7,40.5,40.5,40.5,40.2,40.5,40.5,40.5,40.5,40.5,0.0,88.7,99.0,99.7,96.5,89.1,80.1,85.4,82.6,77.2,11.3,1.0,0.3,3.5,10.9,19.9,14.6,17.4,22.8,0.0,0.0,0.0,0.0,0.0,0.0,0.0,0.0,0.0,1197.8,12.00,16,16,16,39,55,661,1,81.9,82.2,82.0,75.0,79.1,81.3,78.5,74.8,71.8,72.8,71.6,70.3,67.0,67.2,66.7,57.2,54.9,1.337,1.038,1.344,18.414,12.132,18.410,79.830,46.135,5.287,7.050,7.622,6.355,5.145,3.837,4.666,4.190,3.430,24.439,12.517,36.956,46.243,1197.8,1197.8,4047.9,4047.9,4047.9,4047.9,52.5,30.7,88.7,86.6,57.9,No,No,No,1.512,2.657,7.1,50,95.0,100.0,No,No,90848,98731,33,99.0,No,No,3320,0.1,0.0,0.1,0.195,0.044,46057,35352,0.0,0.0,0.0,0.000,0.000,151,0,75.6,98.9,83.0,1.081,12.047,12.096,12.093,11.952,1988,144.069,67.963,128.408,47.393,111.714,31.529,79.893,0.336,128.408,30.455,8.420,113.068,220.000,240.000,1905.0,1750.2,1665.0,1888.9,1800.0,68.0,22.0,0.0,16.0,93.6,13.7,54.8,0.0,0.0,0.0,57,Yes,No,No,Yes,Yes,No,No,72.2,75.1,4,0,0,0,0,0,0,0,0,105,0,0,0,0,0,0,0,0,0,0,0,0,0,0,0,0,0,0,0,0,525,7667,7505,1573,8.0,0.0,0.0,0.0,0.0,0.0,0.0,0.0,0.0,0.0,0.0,0.0,0.0,0.00,0.00,0.00,0.00,0.00,0.00,0.00,0.00,0.00,0.00,0.00,0,0,0.0,0.0,3180,250,4.8,0.7,0,
3.7.2026,22:58:58.148,30071,15922,65.3,16042,16640,49.0,0.5,13312,69,1.297,1.306,1.306,1.294,1.294,1.294,1.294,1.294,1.294,4042.7,4042.7,4042.7,4042.7,4042.7,4042.7,4042.7,4042.7,4042.7,99.8,1943.6,4001.4,2494.2,2917.5,2770.2,2036.6,2656.4,1699.8,2172.0,1007.5,1255.9,1450.1,1809.0,1317.2,1563.9,823.1,1122.5,1943.6,46.5,73.0,62.2,70.8,69.9,52.0,64.0,42.7,53.1,25.4,31.1,35.6,45.8,32.9,37.4,20.5,27.6,73.0,46.5,52.1,82.0,69.7,79.5,78.4,58.3,71.8,47.9,59.6,28.4,34.8,39.8,51.3,36.8,41.9,22.8,30.8,52.1,40.5,40.5,40.5,40.5,40.5,40.5,40.5,40.5,40.5,0.0,89.2,98.9,100.0,96.2,90.2,80.3,85.9,83.6,78.2,10.8,1.1,0.0,3.8,9.8,19.7,14.1,16.4,21.8,0.0,0.0,0.0,0.0,0.0,0.0,0.0,0.0,0.0,1197.8,12.00,16,16,16,39,55,661,1,82.0,82.8,81.0,75.2,79.6,81.3,78.1,75.2,71.9,73.0,71.8,70.8,67.1,67.3,66.8,58.8,55.5,1.319,1.031,1.337,18.485,12.249,18.486,80.236,46.375,5.276,7.034,7.786,6.246,5.119,3.784,4.541,4.226,3.475,24.528,12.635,37.163,46.489,1197.8,1197.8,4046.9,4046.9,4046.9,4046.9,52.8,30.8,89.2,87.2,57.9,No,No,No,1.591,3.095,7.1,50,95.0,100.0,No,No,90848,98731,33,99.0,No,No,3320,0.1,0.0,0.1,0.198,0.016,46057,35352,0.0,0.0,0.0,0.000,0.000,151,0,76.5,100.0,83.0,1.081,12.046,12.095,12.093,11.949,1988,161.715,71.120,134.895,49.010,116.167,31.952,83.933,0.336,134.895,30.046,8.618,121.347,220.000,240.000,1905.0,1750.2,1665.0,1888.1,1800.0,72.0,24.0,0.0,18.0,93.6,15.4,61.8,0.0,0.0,0.0,57,Yes,No,No,Yes,Yes,No,No,75.0,75.9,4,0,0,0,0,0,0,0,0,105,0,0,0,0,0,0,0,0,0,0,0,0,0,0,0,0,0,0,0,0,526,7666,7505,1575,8.0,0.0,0.0,0.0,0.0,0.0,0.0,0.0,0.0,0.0,0.0,0.0,0.0,0.00,0.00,0.00,0.00,0.00,0.00,0.00,0.00,0.00,0.00,0.00,0,0,0.0,0.0,3180,250,13.4,0.4,0,
3.7.2026,22:59:0.150,30085,15909,65.4,16045,16637,49.0,0.5,13312,69,1.307,1.306,1.312,1.300,1.300,1.312,1.312,1.312,1.300,4039.6,4042.7,4042.7,4042.7,4042.7,4042.7,4042.7,4042.7,4017.8,99.8,1958.0,3992.4,2997.0,2205.4,3405.2,2473.6,2170.3,1749.5,2100.5,948.1,1311.4,1351.3,1899.4,1213.7,1655.9,726.9,1128.0,1958.0,46.0,60.8,72.7,53.6,84.8,61.1,54.4,43.2,52.2,23.0,32.4,34.0,46.5,29.8,41.8,18.3,27.8,84.8,46.0,51.8,68.4,81.7,60.3,95.2,68.7,61.2,48.6,58.7,26.1,36.6,38.4,52.4,33.7,47.1,20.8,31.4,51.8,40.5,40.5,40.5,40.5,40.5,40.5,40.5,40.5,40.2,0.0,89.5,98.7,99.9,96.5,90.4,81.1,86.1,84.6,78.6,10.5,1.3,0.1,3.5,9.6,18.9,13.9,15.4,21.4,0.0,0.0,0.0,0.0,0.0,0.0,0.0,0.0,0.0,1197.8,12.00,16,16,16,39,55,661,1,82.2,82.8,82.0,75.3,78.9,81.5,78.7,75.1,71.9,73.0,72.2,70.7,67.1,67.4,66.8,57.5,54.7,1.319,1.031,1.319,18.598,12.220,18.594,80.518,46.500,5.281,6.914,7.732,6.353,5.123,3.813,4.607,4.271,3.433,24.674,12.609,37.283,46.604,1197.8,1197.8,4046.8,4047.0,4046.7,4047.0,53.0,31.0,89.5,87.2,58.0,No,No,No,1.571,3.095,7.2,50,95.0,100.0,No,No,90848,98731,33,99.0,No,No,3320,0.1,0.0,0.1,0.159,0.009,46058,35352,0.0,0.0,0.0,0.000,0.000,151,0,76.0,99.5,83.0,1.081,12.043,12.095,12.090,11.943,1984,163.495,69.660,133.159,48.792,116.331,31.972,84.041,0.336,133.159,31.648,8.708,108.449,220.000,240.000,1905.0,1750.2,1665.0,1888.0,1800.0,69.0,26.0,0.0,14.0,93.6,14.9,59.6,0.0,0.0,0.0,57,Yes,No,No,Yes,Yes,No,No,74.9,69.0,4,0,0,0,0,0,0,0,0,105,0,0,0,0,0,0,0,0,0,0,0,0,0,0,0,0,0,0,0,0,522,7670,7509,1600,8.0,0.0,0.0,0.0,0.0,0.0,0.0,0.0,0.0,0.0,0.0,0.0,0.0,0.00,0.00,0.00,0.00,0.00,0.00,0.00,0.00,0.00,0.00,0.00,0,0,0.0,0.0,3180,250,1.6,6.1,0,
3.7.2026,22:59:2.148,30098,15895,65.4,16058,16623,49.1,0.5,13312,69,1.302,1.312,1.306,1.306,1.306,1.281,1.281,1.312,1.312,4033.4,4042.7,4042.7,4042.7,4042.7,4042.7,4017.8,4017.8,4017.8,99.8,2053.9,4010.2,3135.3,2582.6,3008.9,2470.1,2236.9,1998.4,2031.2,1106.1,1422.2,1545.9,1870.8,1422.4,1683.2,991.9,1346.0,2053.9,48.4,60.8,79.0,64.9,76.7,60.8,55.4,48.4,50.0,27.4,35.0,37.7,46.4,34.3,41.0,23.9,32.9,79.0,48.4,54.0,67.9,88.4,72.6,85.9,68.0,61.8,54.0,55.8,30.3,38.8,41.9,51.7,38.1,45.6,26.3,36.4,54.0,40.4,40.5,40.5,40.5,40.5,40.5,40.2,40.2,40.2,0.0,89.9,99.2,99.8,96.0,90.6,82.0,86.2,84.6,80.4,10.1,0.8,0.2,4.0,9.4,18.0,13.8,15.4,19.6,0.0,0.0,0.0,0.0,0.0,0.0,0.0,0.0,0.0,1197.8,12.00,16,16,16,39,55,661,1,82.5,83.3,82.5,76.3,80.5,82.2,78.8,76.3,73.0,74.0,73.0,72.6,67.4,67.6,67.2,57.8,54.8,1.306,1.019,1.312,19.447,11.922,19.452,80.872,47.272,5.582,7.307,7.858,6.360,5.495,4.129,4.838,4.568,4.102,25.781,12.308,38.088,47.344,1197.8,1197.8,4042.2,4042.3,4042.1,4042.3,53.8,32.4,89.9,87.7,58.0,No,No,No,1.591,1.742,7.2,50,95.0,100.0,No,No,90848,98731,33,99.0,No,No,3320,0.1,0.0,0.1,0.212,0.042,46058,35352,0.0,0.0,0.0,0.000,0.000,151,0,74.5,97.2,83.0,1.081,12.047,12.099,12.093,11.948,1992,156.000,68.933,129.802,47.623,112.745,31.675,80.765,0.336,129.802,30.268,9.757,116.559,220.000,240.000,1905.0,1750.2,1665.0,1887.7,1800.0,56.0,24.0,0.0,7.0,93.7,12.1,48.5,0.0,0.0,0.0,57,Yes,No,No,Yes,Yes,No,No,72.8,78.6,4,0,0,0,0,0,0,0,0,105,0,0,0,0,0,0,0,0,0,0,0,0,0,0,0,0,0,0,0,0,518,7674,7513,1602,8.0,0.0,0.0,0.0,0.0,0.0,0.0,0.0,0.0,0.0,0.0,0.0,0.0,0.00,0.00,0.00,0.00,0.00,0.00,0.00,0.00,0.00,0.00,0.00,0,0,0.0,0.0,3180,250,8.4,7.9,0,
3.7.2026,22:59:4.150,30098,15895,65.4,16053,16628,49.1,0.5,13312,69,1.309,1.319,1.312,1.306,1.306,1.306,1.306,1.306,1.306,4024.0,4042.7,4042.7,4017.8,4017.8,4017.8,4017.8,4017.8,4017.8,99.8,1852.3,3997.7,2832.4,1954.0,3454.9,2174.3,2171.8,1723.8,1808.1,906.2,1208.7,1450.8,1526.2,1331.2,1379.4,680.6,1036.5,1852.3,43.4,64.2,69.8,50.0,82.7,53.2,54.6,43.0,44.4,22.0,29.3,35.1,37.7,32.4,34.2,16.5,25.1,82.7,43.4,48.9,72.2,78.5,56.3,93.0,59.9,61.5,48.5,50.1,25.0,33.2,39.7,42.6,36.6,38.6,18.9,28.5,48.9,40.3,40.5,40.5,40.2,40.2,40.2,40.2,40.2,40.2,0.0,87.6,98.8,99.6,94.0,87.9,78.7,83.6,82.5,75.9,12.4,1.2,0.4,6.0,12.1,21.3,16.4,17.5,24.1,0.0,0.0,0.0,0.0,0.0,0.0,0.0,0.0,0.0,1197.8,12.00,16,16,16,39,55,661,1,82.5,82.8,80.0,75.1,80.1,81.0,78.2,74.9,71.9,72.5,72.0,70.5,67.2,67.5,66.9,59.2,55.0,1.337,1.038,1.319,18.145,11.817,18.137,78.880,45.319,5.200,7.239,7.809,6.058,4.949,3.694,4.367,4.154,3.332,24.067,12.194,36.261,45.471,1197.8,1197.8,4046.2,4046.4,4046.0,4046.4,51.7,30.2,87.6,87.2,57.5,No,No,No,1.524,1.467,7.0,50,95.0,100.0,No,No,90848,98731,33,99.0,No,No,3320,0.1,0.0,0.1,0.129,0.009,46058,35352,0.0,0.0,0.0,0.000,0.000,151,0,77.0,100.7,83.0,1.081,12.039,12.092,12.088,11.936,1996,168.084,74.313,141.472,51.634,121.555,33.218,88.025,0.336,141.472,31.428,14.307,119.686,220.000,240.000,1905.0,1750.2,1665.0,1887.6,1800.0,65.0,28.0,0.0,9.0,93.7,14.0,56.0,0.0,0.0,0.0,57,Yes,No,No,Yes,Yes,No,No,78.6,77.0,4,0,0,0,0,0,0,0,0,105,0,0,0,0,0,0,0,0,0,0,0,0,0,0,0,0,0,0,0,0,520,7672,7511,1602,8.0,0.0,0.0,0.0,0.0,0.0,0.0,0.0,0.0,0.0,0.0,0.0,0.0,0.00,0.00,0.00,0.00,0.00,0.00,0.00,0.00,0.00,0.00,0.00,0,0,0.0,0.0,3180,250,5.7,3.1,0,
3.7.2026,22:59:6.156,30146,15848,65.5,16097,16584,49.2,0.5,13312,69,1.321,1.312,1.312,1.312,1.312,1.331,1.331,1.331,1.325,4058.3,4042.7,4042.7,4042.7,4067.7,4067.7,4067.7,4067.7,4067.7,99.8,1679.1,3960.2,2710.2,1469.5,3727.5,1736.7,1856.4,1342.0,1772.8,785.0,1040.2,1118.5,1477.0,1029.1,1235.8,673.2,931.0,1679.1,39.0,60.6,66.7,36.2,92.6,43.4,44.6,33.1,43.3,19.5,25.7,27.6,36.1,25.2,30.2,16.0,23.0,92.6,39.0,43.8,68.2,75.0,40.8,104.0,48.8,50.2,37.2,48.7,21.9,28.9,31.1,40.6,28.4,33.9,18.0,25.9,43.8,40.7,40.5,40.5,40.5,40.8,40.8,40.8,40.8,40.8,0.0,83.7,97.7,99.6,86.8,84.4,73.5,79.4,76.6,71.8,16.3,2.3,0.4,13.2,15.6,26.5,20.6,23.4,28.2,0.0,0.0,0.0,0.0,0.0,0.0,0.0,0.0,0.0,1197.8,12.00,16,16,16,39,55,661,1,82.2,82.0,81.2,73.9,77.5,81.5,74.7,73.7,71.1,71.8,70.8,70.0,66.7,67.0,66.4,59.0,55.0,1.331,1.038,1.331,16.710,11.626,16.721,75.346,43.431,4.836,6.816,7.693,5.001,4.563,3.490,4.080,3.794,3.248,22.222,11.991,34.214,43.433,1197.8,1197.8,4051.9,4052.1,4051.7,4052.1,49.4,27.9,83.7,86.3,57.2,No,No,No,1.557,1.288,6.7,50,95.0,100.0,No,No,90848,98731,33,99.0,No,No,3320,0.2,0.0,0.3,1.220,0.038,46061,35352,0.0,0.0,0.0,0.000,0.000,151,0,75.3,97.8,83.0,1.081,12.062,12.112,12.106,11.969,1992,150.327,64.398,119.402,43.265,103.055,30.652,72.174,0.336,119.402,26.780,25.289,103.627,220.000,240.000,1905.0,1750.2,1665.0,1888.5,1800.0,57.0,22.0,0.0,6.0,93.6,12.4,49.6,0.0,0.0,0.0,57,Yes,No,No,Yes,Yes,No,No,66.4,67.4,4,0,0,0,0,0,0,0,0,105,0,0,0,0,0,0,0,0,0,0,0,0,0,0,0,0,0,0,0,0,522,7670,7509,1699,8.0,0.0,0.0,0.0,0.0,0.0,0.0,0.0,0.0,0.0,0.0,0.0,0.0,0.00,0.00,0.00,0.00,0.00,0.00,0.00,0.00,0.00,0.00,0.00,0,0,0.0,0.0,3180,250,2.9,1.8,0,
3.7.2026,22:59:8.157,30139,15855,65.5,16094,16587,49.2,0.5,13312,69,1.309,1.325,1.312,1.306,1.306,1.306,1.306,1.306,1.306,4042.7,4042.7,4042.7,4042.7,4042.7,4042.7,4042.7,4042.7,4042.7,99.8,1708.2,3916.3,2671.3,2079.1,3170.8,1557.0,2180.3,1254.7,1982.7,792.4,1050.9,1131.0,1572.5,1107.8,1270.2,678.6,915.0,1708.2,39.7,58.7,66.3,51.7,75.8,38.4,54.6,30.8,49.1,19.6,25.8,27.9,38.4,26.8,31.1,17.2,22.7,75.8,39.7,44.2,65.7,74.3,57.8,85.0,42.8,61.0,34.3,54.8,21.6,28.6,30.9,42.8,29.7,34.6,18.8,25.1,44.2,40.5,40.5,40.5,40.5,40.5,40.5,40.5,40.5,40.5,0.0,85.2,96.7,99.4,88.7,85.9,76.0,81.6,79.4,74.3,14.8,3.3,0.6,11.3,14.1,24.0,18.4,20.6,25.7,0.0,0.0,0.0,0.0,0.0,0.0,0.0,0.0,0.0,1197.8,12.00,16,16,16,39,55,661,1,81.9,81.3,81.8,73.4,77.6,80.0,74.8,73.2,70.5,71.4,70.5,69.5,66.4,66.7,66.1,59.0,54.9,1.344,1.025,1.337,16.506,11.543,16.506,76.710,42.921,4.822,6.701,7.390,5.158,4.600,3.477,4.161,3.857,3.230,21.931,11.903,33.833,43.017,1197.8,1197.8,4051.0,4051.2,4050.8,4051.2,48.9,27.5,85.2,85.6,56.7,No,No,No,1.528,0.997,6.8,50,95.0,100.0,No,No,90848,98731,33,99.0,No,No,3320,0.1,0.0,0.1,0.259,0.016,46061,35352,0.0,0.0,0.0,0.000,0.000,151,0,77.0,100.3,83.0,1.081,12.039,12.092,12.088,11.938,1988,153.506,75.780,140.031,51.125,120.699,33.272,87.125,0.336,140.031,31.531,41.046,112.601,220.000,240.000,1905.0,1750.2,1665.0,1888.4,1800.0,68.0,29.0,0.0,10.0,93.6,13.0,52.0,0.0,0.0,0.0,57,Yes,No,No,Yes,Yes,No,No,79.1,79.8,4,0,0,0,0,0,0,0,0,105,0,0,0,0,0,0,0,0,0,0,0,0,0,0,0,0,0,0,0,0,521,7671,7509,1698,8.0,0.0,0.0,0.0,0.0,0.0,0.0,0.0,0.0,0.0,0.0,0.0,0.0,0.00,0.00,0.00,0.00,0.00,0.00,0.00,0.00,0.00,0.00,0.00,0,0,0.0,0.0,3180,250,7.0,9.2,0,
3.7.2026,22:59:10.147,30142,15852,65.5,16102,16579,49.2,0.5,13312,69,1.309,1.312,1.312,1.312,1.312,1.306,1.306,1.306,1.306,4042.7,4042.7,4042.7,4042.7,4042.7,4042.7,4042.7,4042.7,4042.7,99.8,1811.3,3934.1,2990.5,1590.5,3567.9,1638.5,2287.8,1405.2,2136.5,946.1,1147.8,1308.3,1642.3,1205.4,1393.8,768.0,1018.1,1811.3,41.7,53.4,73.9,38.2,91.6,39.7,55.5,33.8,51.6,22.8,28.0,31.5,40.4,29.5,34.0,18.4,24.4,91.6,41.7,46.8,59.9,83.0,42.8,102.9,44.5,62.2,38.0,57.9,25.5,31.4,35.4,45.4,33.1,38.1,20.6,27.4,46.8,40.5,40.5,40.5,40.5,40.5,40.5,40.5,40.5,40.5,0.0,86.5,97.1,99.2,90.0,87.6,78.2,83.3,81.1,75.8,13.5,2.9,0.8,10.0,12.4,21.8,16.7,18.9,24.2,0.0,0.0,0.0,0.0,0.0,0.0,0.0,0.0,0.0,1197.8,12.00,16,16,16,39,55,661,1,81.6,81.5,81.2,73.7,77.3,80.3,74.6,73.9,71.0,71.8,70.9,69.9,66.5,66.7,66.2,56.8,54.9,1.325,1.031,1.331,17.067,11.798,17.070,77.889,43.960,4.944,6.707,7.425,5.202,4.856,3.625,4.315,4.063,3.355,22.671,12.168,34.839,44.061,1197.8,1197.8,4050.3,4050.4,4050.2,4050.4,50.1,28.5,86.5,85.7,57.4,No,No,No,1.600,1.410,6.9,50,95.0,100.0,No,No,90848,98731,33,99.0,No,No,3320,0.1,0.0,0.1,0.151,0.004,46061,35352,0.0,0.0,0.0,0.000,0.000,151,0,77.0,100.6,83.0,1.081,12.041,12.094,12.089,11.940,1992,163.254,71.123,135.526,49.367,117.469,32.860,84.325,0.336,135.526,31.054,9.020,115.750,220.000,240.000,1905.0,1750.2,1665.0,1887.8,1800.0,66.0,28.0,0.0,8.0,93.6,13.9,55.6,0.0,0.0,0.0,57,Yes,No,No,Yes,Yes,No,No,78.2,77.1,4,0,0,0,0,0,0,0,0,105,0,0,0,0,0,0,0,0,0,0,0,0,0,0,0,0,0,0,0,0,521,7671,7509,1698,8.0,0.0,0.0,0.0,0.0,0.0,0.0,0.0,0.0,0.0,0.0,0.0,0.0,0.00,0.00,0.00,0.00,0.00,0.00,0.00,0.00,0.00,0.00,0.00,0,0,0.0,0.0,3180,250,4.3,2.3,0,
3.7.2026,22:59:12.146,30142,15851,65.5,16105,16577,49.2,0.5,13312,69,1.309,1.312,1.306,1.306,1.312,1.312,1.312,1.306,1.306,4042.7,4042.7,4042.7,4042.7,4042.7,4042.7,4042.7,4042.7,4042.7,99.8,1604.1,3930.3,1954.5,1761.0,3342.9,1834.1,1716.1,1333.8,1826.8,747.6,927.2,1199.6,1392.6,1080.9,1188.3,619.1,810.9,1604.1,37.9,74.5,46.4,42.8,83.6,44.8,42.4,32.5,45.3,18.3,22.6,29.4,34.2,25.9,29.0,14.7,19.7,83.6,37.9,42.6,83.7,52.2,48.2,94.0,50.4,47.7,36.6,50.9,20.6,25.5,33.1,38.4,29.2,32.7,16.6,22.2,42.6,40.5,40.5,40.5,40.5,40.5,40.5,40.5,40.5,40.5,0.0,84.3,97.0,99.2,87.9,85.4,74.0,80.3,78.3,72.3,15.7,3.0,0.8,12.1,14.6,26.0,19.7,21.7,27.7,0.0,0.0,0.0,0.0,0.0,0.0,0.0,0.0,0.0,1197.8,12.00,16,16,16,39,55,661,1,81.6,81.6,79.8,73.3,77.0,80.5,74.4,73.2,70.3,71.3,70.3,69.4,66.4,66.6,66.1,58.5,54.4,1.312,1.038,1.331,16.393,11.710,16.389,75.870,42.965,4.753,6.612,7.451,5.043,4.590,3.348,4.065,3.793,3.123,21.783,12.072,33.854,43.044,1197.8,1197.8,4051.7,4052.0,4051.3,4052.0,48.9,27.3,84.3,85.9,57.0,No,No,No,1.489,1.294,6.7,50,95.0,100.0,No,No,90848,98731,33,99.0,No,No,3320,0.1,0.0,0.1,0.193,0.038,46062,35352,0.0,0.0,0.0,0.000,0.000,151,0,74.7,97.7,83.0,1.081,12.053,12.104,12.099,11.957,1988,160.335,67.382,129.270,46.673,110.988,31.410,79.292,0.336,129.270,28.117,8.645,109.820,220.000,240.000,1905.0,1750.2,1665.0,1887.5,1800.0,50.0,21.0,0.0,7.0,93.6,12.7,51.0,0.0,0.0,0.0,57,Yes,No,No,Yes,Yes,No,No,57.4,56.6,4,0,0,0,0,0,0,0,0,105,0,0,0,0,0,0,0,0,0,0,0,0,0,0,0,0,0,0,0,0,521,7671,7510,1698,8.0,0.0,0.0,0.0,0.0,0.0,0.0,0.0,0.0,0.0,0.0,0.0,0.0,0.00,0.00,0.00,0.00,0.00,0.00,0.00,0.00,0.00,0.00,0.00,0,0,0.0,0.0,3180,250,2.7,9.9,0,
3.7.2026,22:59:14.148,30147,15846,65.5,16112,16570,49.2,0.5,13312,69,1.309,1.325,1.306,1.306,1.306,1.306,1.306,1.306,1.306,4042.7,4042.7,4042.7,4042.7,4042.7,4042.7,4042.7,4042.7,4042.7,99.8,1608.8,3978.7,1716.2,1970.9,3128.3,1867.6,1718.0,1407.3,1730.0,824.9,952.4,1257.8,1408.3,1090.8,1191.4,660.6,836.8,1608.8,38.8,80.5,44.2,41.2,85.7,45.8,43.1,33.2,43.8,20.3,23.6,30.6,35.2,26.9,29.4,16.4,20.6,85.7,38.8,43.6,90.5,49.7,46.3,96.3,51.5,48.4,37.3,49.2,22.8,26.5,34.3,39.6,30.3,33.1,18.4,23.1,43.6,40.5,40.5,40.5,40.5,40.5,40.5,40.5,40.5,40.5,0.0,85.0,98.2,99.7,88.5,85.6,75.2,81.1,78.4,73.1,15.0,1.8,0.3,11.5,14.4,24.8,18.9,21.6,26.9,0.0,0.0,0.0,0.0,0.0,0.0,0.0,0.0,0.0,1197.8,12.00,16,16,16,39,55,661,1,81.4,81.3,82.2,73.1,76.6,80.4,74.0,72.8,70.4,71.4,70.2,69.3,66.2,66.5,65.9,56.5,54.2,1.325,1.031,1.331,16.246,11.993,16.250,76.479,43.135,4.743,6.580,7.534,4.935,4.481,3.412,4.086,3.785,3.130,21.601,12.363,33.964,43.227,1197.8,1197.8,4052.3,4052.3,4052.3,4052.3,49.1,27.1,85.0,85.6,56.6,No,No,No,1.531,2.359,6.8,50,95.0,100.0,No,No,90848,98731,33,99.0,No,No,3320,0.1,0.0,0.1,0.225,0.061,46062,35352,0.0,0.0,0.0,0.000,0.000,151,0,76.6,100.3,83.0,1.081,12.046,12.096,12.093,11.949,1992,168.125,71.350,134.218,48.770,115.093,31.881,82.921,0.336,134.218,29.399,19.134,117.528,220.000,240.000,1905.0,1750.2,1665.0,1886.3,1800.0,69.0,23.0,0.0,17.0,93.6,15.0,60.2,0.0,0.0,0.0,57,Yes,No,No,Yes,Yes,No,No,74.4,74.9,4,0,0,0,0,0,0,0,0,105,0,0,0,0,0,0,0,0,0,0,0,0,0,0,0,0,0,0,0,0,521,7671,7510,1698,8.0,0.0,0.0,0.0,0.0,0.0,0.0,0.0,0.0,0.0,0.0,0.0,0.0,0.00,0.00,0.00,0.00,0.00,0.00,0.00,0.00,0.00,0.00,0.00,0,0,0.0,0.0,3180,250,1.8,1.1,0,
3.7.2026,22:59:16.149,30142,15851,65.5,16104,16578,49.2,0.5,13312,69,1.313,1.312,1.319,1.312,1.312,1.312,1.312,1.312,1.312,4045.8,4042.7,4067.7,4042.7,4042.7,4042.7,4042.7,4042.7,4042.7,99.8,1610.4,3994.1,2056.4,1933.4,3262.6,1658.0,1777.4,1560.7,1525.4,804.4,881.9,1302.4,1302.6,1111.0,1144.3,646.1,806.6,1610.4,37.6,74.7,50.5,57.7,68.0,41.5,41.7,38.5,36.5,19.4,21.2,31.6,31.1,26.8,27.7,15.3,19.2,74.7,37.6,42.5,84.1,57.0,65.0,76.6,46.9,47.2,43.6,41.3,22.1,24.1,35.8,35.2,30.4,31.5,17.5,21.9,42.5,40.5,40.5,40.8,40.5,40.5,40.5,40.5,40.5,40.5,0.0,84.2,98.5,99.7,86.7,85.0,74.0,80.2,77.5,72.0,15.8,1.5,0.3,13.3,15.0,26.0,19.8,22.5,28.0,0.0,0.0,0.0,0.0,0.0,0.0,0.0,0.0,0.0,1197.8,12.00,16,16,16,39,55,661,1,81.2,80.9,80.8,72.8,76.3,80.2,73.5,72.7,69.9,70.8,70.0,69.1,66.1,66.3,65.8,58.8,55.0,1.331,1.031,1.331,16.050,12.191,16.050,75.789,43.122,4.689,6.610,7.498,4.767,4.456,3.322,4.022,3.738,3.101,21.338,12.564,33.903,43.218,1197.8,1197.8,4053.3,4053.3,4053.3,4053.3,49.1,26.7,84.2,85.1,56.8,No,No,No,1.491,3.356,6.7,50,95.0,100.0,No,No,90848,98731,33,99.0,No,No,3320,0.1,0.0,0.1,0.148,0.128,46062,35353,0.0,0.0,0.0,0.000,0.000,151,0,77.3,101.1,83.0,1.081,12.048,12.098,12.095,11.950,1988,170.251,74.598,133.382,48.947,115.157,31.872,82.995,0.336,133.382,30.476,43.988,125.447,220.000,240.000,1905.0,1750.2,1665.0,1887.8,1800.0,69.0,23.0,0.0,17.0,93.6,16.1,64.3,0.0,0.0,0.0,57,Yes,No,No,Yes,Yes,No,No,74.5,74.9,4,0,0,0,0,0,0,0,0,105,0,0,0,0,0,0,0,0,0,0,0,0,0,0,0,0,0,0,0,0,521,7671,7509,1698,8.0,0.0,0.0,0.0,0.0,0.0,0.0,0.0,0.0,0.0,0.0,0.0,0.0,0.00,0.00,0.00,0.00,0.00,0.00,0.00,0.00,0.00,0.00,0.00,0,0,0.0,0.0,3180,250,1.2,0.6,0,
3.7.2026,22:59:18.158,30158,15836,65.5,16125,16557,49.3,0.5,13312,69,1.312,1.312,1.312,1.312,1.312,1.312,1.312,1.312,1.312,4042.7,4042.7,4042.7,4042.7,4042.7,4042.7,4042.7,4042.7,4042.7,99.8,1936.1,3968.2,2920.0,1689.7,3763.6,2052.0,2114.8,1757.0,1773.0,1207.6,1238.3,1593.9,1577.3,1395.3,1321.1,1230.0,1375.3,1936.1,45.2,61.1,72.5,42.2,94.0,49.3,52.1,42.9,43.3,29.3,30.0,38.9,38.7,33.7,32.3,29.3,33.0,94.0,45.2,50.3,68.2,81.2,47.0,105.4,55.0,58.1,47.8,48.3,32.4,33.2,43.2,43.1,37.4,35.9,32.4,36.6,50.3,40.5,40.5,40.5,40.5,40.5,40.5,40.5,40.5,40.5,0.0,87.5,98.1,99.4,90.5,87.2,79.6,84.0,80.8,80.2,12.5,1.9,0.6,9.5,12.8,20.4,16.0,19.2,19.8,0.0,0.0,0.0,0.0,0.0,0.0,0.0,0.0,0.0,1197.8,12.00,16,16,16,39,55,661,1,81.5,81.7,80.0,74.5,78.0,80.3,75.6,73.9,71.8,72.9,71.2,72.4,66.5,66.8,66.3,58.0,54.7,1.319,1.031,1.319,17.932,12.242,17.924,78.718,45.617,5.228,6.861,7.483,5.560,4.787,4.014,4.569,4.110,4.437,23.819,12.626,36.445,45.779,1197.8,1197.8,4045.7,4045.7,4045.7,4045.7,52.0,29.9,87.5,86.0,57.3,No,No,No,1.814,3.269,7.0,50,95.0,100.0,No,No,90848,98731,33,99.0,No,No,3320,0.1,0.0,0.1,0.206,0.036,46063,35353,0.0,0.0,0.0,0.000,0.000,151,0,76.4,99.9,83.0,1.081,12.049,12.097,12.095,11.953,1992,160.078,70.832,131.819,47.338,112.678,31.545,80.852,0.336,131.819,27.964,29.159,114.811,220.000,240.000,1905.0,1750.2,1665.0,1887.9,1800.0,69.0,23.0,0.0,17.0,93.6,15.3,61.3,0.0,0.0,0.0,57,Yes,No,No,Yes,Yes,No,No,72.6,68.3,4,0,0,0,0,0,0,0,0,105,0,0,0,0,0,0,0,0,0,0,0,0,0,0,0,0,0,0,0,0,521,7671,7509,1701,8.0,0.0,0.0,0.0,0.0,0.0,0.0,0.0,0.0,0.0,0.0,0.0,0.0,0.00,0.00,0.00,0.00,0.00,0.00,0.00,0.00,0.00,0.00,0.00,0,0,0.0,0.0,3180,250,4.2,2.3,0,
3.7.2026,22:59:20.148,30180,15814,65.6,16143,16539,49.3,0.5,13312,69,1.312,1.319,1.300,1.312,1.312,1.312,1.312,1.312,1.312,4045.8,4067.7,4042.7,4042.7,4042.7,4042.7,4042.7,4042.7,4042.7,99.8,1959.4,3973.4,3049.5,2118.8,3376.8,1972.3,2032.3,1817.3,1715.5,1131.0,1249.3,1528.0,1500.5,1393.8,1349.0,1234.8,1907.2,1959.4,46.3,60.9,75.6,52.5,83.0,49.1,50.4,44.9,42.6,28.3,31.2,37.8,37.4,34.6,33.6,30.8,48.8,83.0,46.3,52.0,68.3,84.8,58.9,93.1,55.1,56.6,50.4,47.8,31.8,35.1,42.4,42.1,38.9,37.8,34.6,54.7,52.0,40.5,40.8,40.5,40.5,40.5,40.5,40.5,40.5,40.5,0.0,88.0,98.3,98.9,89.8,87.1,79.3,82.7,81.3,86.7,12.0,1.7,1.1,10.2,12.9,20.7,17.3,18.7,13.3,0.0,0.0,0.0,0.0,0.0,0.0,0.0,0.0,0.0,1197.8,12.00,16,16,16,39,55,661,1,81.5,82.0,78.8,74.8,79.5,78.8,75.3,74.2,72.1,72.9,71.6,74.2,66.7,66.9,66.5,56.8,54.8,1.337,1.031,1.337,17.888,12.333,17.890,79.214,45.819,5.157,7.105,7.088,5.166,4.762,3.853,4.284,4.051,4.948,23.745,12.722,36.467,45.840,1197.8,1197.8,4040.8,4040.8,4040.8,4040.8,52.1,29.8,88.0,86.3,57.1,No,No,No,2.155,3.228,7.0,50,95.0,100.0,No,No,90848,98731,33,99.0,No,No,3320,0.1,0.0,0.1,0.194,0.036,46063,35353,0.0,0.0,0.0,0.000,0.000,151,0,77.0,100.6,83.0,1.081,12.042,12.092,12.089,11.945,1996,165.338,71.774,134.055,48.609,115.521,31.808,83.412,0.336,134.055,29.814,37.678,102.451,220.000,240.000,1905.0,1750.2,1665.0,1887.9,1800.0,70.0,24.0,0.0,18.0,93.6,15.5,62.0,0.0,0.0,0.0,57,Yes,No,No,Yes,Yes,No,No,74.5,72.8,4,0,0,0,0,0,0,0,0,105,0,0,0,0,0,0,0,0,0,0,0,0,0,0,0,0,0,0,0,0,521,7671,7509,1701,8.0,0.0,0.0,0.0,0.0,0.0,0.0,0.0,0.0,0.0,0.0,0.0,0.0,0.00,0.00,0.00,0.00,0.00,0.00,0.00,0.00,0.00,0.00,0.00,0,0,0.0,0.0,3180,250,6.9,4.0,0,
3.7.2026,22:59:22.158,30181,15813,65.6,16160,16522,49.4,0.5,13312,69,1.307,1.312,1.306,1.306,1.306,1.306,1.306,1.306,1.306,4064.5,4042.7,4067.7,4067.7,4067.7,4067.7,4067.7,4067.7,4067.7,99.8,1871.4,3969.8,2503.6,2175.9,2989.1,2246.0,1858.8,1986.9,1714.2,1103.6,1092.4,1603.8,1454.8,1490.6,1269.7,1193.2,1289.5,1871.4,44.0,70.3,61.7,53.7,75.3,54.5,45.5,48.4,41.5,26.6,26.2,39.0,35.1,35.9,30.7,28.7,30.8,75.3,44.0,49.5,79.0,69.4,60.4,84.5,61.3,51.1,54.4,46.7,30.0,29.6,43.9,39.5,40.4,34.5,32.3,34.6,49.5,40.7,40.5,40.8,40.8,40.8,40.8,40.8,40.8,40.8,0.0,87.5,98.1,98.3,90.5,88.5,78.7,83.6,82.2,80.3,12.5,1.9,1.7,9.5,11.5,21.3,16.4,17.8,19.7,0.0,0.0,0.0,0.0,0.0,0.0,0.0,0.0,0.0,1197.8,12.00,16,16,16,39,55,661,1,81.6,82.0,79.8,74.2,78.0,79.6,75.2,74.3,71.2,72.4,71.2,71.8,66.6,66.8,66.4,57.2,54.2,1.331,1.031,1.337,17.420,12.196,17.420,78.779,44.940,5.054,6.748,7.160,5.281,4.975,3.680,4.342,4.092,4.155,23.132,12.576,35.709,45.061,1197.8,1197.8,4046.3,4046.4,4046.2,4046.4,51.2,29.0,87.5,86.3,57.3,No,No,No,2.304,2.764,7.0,50,95.0,100.0,No,No,90848,98731,33,99.0,No,No,3320,0.1,0.1,0.2,0.205,1.196,46064,35355,0.0,0.0,0.0,0.000,0.000,151,0,76.1,98.8,83.0,1.081,12.057,12.107,12.100,11.964,1996,163.291,63.105,119.682,43.429,104.290,30.628,73.411,0.336,119.682,27.841,10.553,101.196,220.000,240.000,1905.0,1750.2,1665.0,1887.6,1800.0,55.0,22.0,0.0,7.0,93.7,12.8,51.3,0.0,0.0,0.0,57,Yes,No,No,Yes,Yes,No,No,67.1,45.7,4,0,0,0,0,0,0,0,0,105,0,0,0,0,0,0,0,0,0,0,0,0,0,0,0,0,0,0,0,0,517,7675,7512,1707,8.0,0.0,0.0,0.0,0.0,0.0,0.0,0.0,0.0,0.0,0.0,0.0,0.0,0.00,0.00,0.00,0.00,0.00,0.00,0.00,0.00,0.00,0.00,0.00,0,0,0.0,0.0,3180,250,2.8,1.7,0,
3.7.2026,22:59:24.148,30162,15831,65.5,16140,16542,49.3,0.5,13312,69,1.314,1.319,1.319,1.312,1.312,1.312,1.312,1.312,1.312,4042.7,4042.7,4042.7,4042.7,4042.7,4042.7,4042.7,4042.7,4042.7,99.8,1736.8,3962.0,2735.7,2990.3,2513.1,2170.4,1564.6,1906.6,1383.5,978.9,892.2,1574.0,1199.4,1392.6,976.2,859.4,689.4,1736.8,40.2,60.8,67.6,74.1,51.6,54.3,39.1,46.1,35.2,24.9,22.0,39.3,29.5,35.0,24.3,21.6,17.1,74.1,40.2,44.9,68.2,75.9,83.2,57.8,60.9,43.7,51.6,39.3,27.8,24.4,44.0,32.9,39.1,27.1,24.1,19.0,44.9,40.5,40.5,40.5,40.5,40.5,40.5,40.5,40.5,40.5,0.0,86.0,97.8,98.7,89.5,86.9,77.1,82.8,80.4,75.0,14.0,2.2,1.3,10.5,13.1,22.9,17.2,19.6,25.0,0.0,0.0,0.0,0.0,0.0,0.0,0.0,0.0,0.0,1197.8,12.00,16,16,16,39,55,661,1,81.6,81.7,80.8,73.5,78.8,78.5,74.6,73.2,70.9,71.5,70.6,69.6,66.4,66.7,66.1,59.0,54.8,1.331,1.038,1.337,16.789,11.707,16.792,77.425,43.524,4.836,7.037,7.065,5.066,4.698,3.525,4.214,3.877,3.210,22.307,12.074,34.381,43.588,1197.8,1197.8,4050.9,4051.0,4050.8,4051.0,49.5,28.0,86.0,86.0,57.2,No,No,No,1.586,1.231,6.9,50,95.0,100.0,No,No,90848,98731,33,99.0,No,No,3320,0.1,0.3,0.4,0.157,3.947,46064,35365,0.0,0.0,0.0,0.000,0.000,151,0,75.3,97.7,83.0,1.081,12.060,12.111,12.104,11.967,1996,151.236,63.517,120.305,43.804,103.583,30.598,72.726,0.336,120.305,26.861,24.036,92.616,220.000,240.000,1905.0,1750.2,1665.0,1888.1,1800.0,54.0,22.0,0.0,7.0,93.7,12.0,47.9,0.0,0.0,0.0,57,Yes,No,No,Yes,Yes,No,No,66.9,60.5,4,0,0,0,0,0,0,0,0,105,0,0,0,0,0,0,0,0,0,0,0,0,0,0,0,0,0,0,0,0,517,7675,7513,1707,8.0,0.0,0.0,0.0,0.0,0.0,0.0,0.0,0.0,0.0,0.0,0.0,0.0,0.00,0.00,0.00,0.00,0.00,0.00,0.00,0.00,0.00,0.00,0.00,0,0,0.0,0.0,3180,250,6.0,2.6,0,
3.7.2026,22:59:26.150,30000,15993,65.2,15957,16724,48.8,0.5,13312,69,1.310,1.306,1.306,1.312,1.312,1.312,1.312,1.312,1.306,4042.7,4042.7,4042.7,4042.7,4042.7,4042.7,4042.7,4042.7,4042.7,99.8,1667.5,3922.8,2166.7,2188.7,2767.8,1904.3,1888.1,1816.2,1476.2,968.9,803.6,1574.2,1204.3,1366.0,1014.4,964.1,654.2,1667.5,39.4,68.6,53.2,54.1,75.8,48.3,43.3,46.5,33.7,23.3,20.1,38.5,29.0,33.0,24.1,22.8,15.9,75.8,39.4,44.4,77.2,59.9,60.9,85.2,54.4,48.9,52.5,38.0,26.4,22.8,43.5,32.8,37.3,27.4,25.8,18.1,44.4,40.5,40.5,40.5,40.5,40.5,40.5,40.5,40.5,40.5,0.0,85.8,96.8,99.9,89.5,86.7,76.4,82.3,79.8,75.1,14.2,3.2,0.1,10.5,13.3,23.6,17.7,20.2,24.9,0.0,0.0,0.0,0.0,0.0,0.0,0.0,0.0,0.0,1197.8,12.00,16,16,16,39,55,661,1,81.5,81.4,82.5,73.3,75.9,81.2,74.2,73.3,70.4,71.6,70.4,69.6,66.3,66.6,66.0,58.0,54.4,1.325,1.031,1.337,16.543,11.716,16.539,77.221,43.157,4.838,6.357,7.706,5.178,4.665,3.427,4.236,3.878,3.260,21.996,12.080,34.076,43.274,1197.8,1197.8,4052.3,4052.3,4052.3,4052.3,49.2,27.6,85.8,85.7,56.8,No,No,No,1.576,1.243,6.9,50,95.0,100.0,No,No,90848,98731,33,99.0,No,No,3320,0.2,0.0,0.2,0.516,0.034,46065,35365,0.0,0.0,0.0,0.000,0.000,151,0,69.2,88.1,83.0,1.081,12.113,12.150,12.138,12.050,2000,137.425,29.578,56.448,16.354,54.694,23.317,31.358,0.336,56.448,14.941,7.603,34.284,220.000,240.000,1905.0,1750.2,1680.0,1888.3,1815.0,14.0,3.0,0.0,3.0,93.8,8.9,35.7,0.0,0.0,0.0,57,Yes,No,No,Yes,No,No,No,32.5,35.2,4,0,0,0,0,0,0,0,0,105,0,0,0,0,0,0,0,0,0,0,0,0,0,0,0,0,0,0,0,0,509,7683,7531,1707,8.0,0.0,0.0,0.0,0.0,0.0,0.0,0.0,0.0,0.0,0.0,0.0,0.0,0.00,0.00,0.00,0.00,0.00,0.00,0.00,0.00,0.00,0.00,0.00,0,0,0.0,0.0,3180,250,2.9,1.9,0,
3.7.2026,22:59:28.155,29821,16173,64.8,15720,16962,48.0,0.5,13312,69,1.331,1.306,1.306,1.331,1.331,1.331,1.344,1.350,1.350,4067.7,4042.7,4042.7,4092.6,4092.6,4092.6,4092.6,4042.7,4042.7,99.8,2585.8,3857.6,3209.0,2443.4,3805.1,2561.4,2800.4,2512.8,2561.4,2056.3,2032.3,2400.2,2381.0,2432.9,2366.5,2017.9,1934.9,2585.8,61.6,67.1,79.8,61.1,94.9,62.3,68.4,61.2,62.7,50.0,49.3,58.3,58.2,59.2,57.3,48.8,46.6,94.9,61.6,68.5,74.7,89.0,68.0,106.2,69.3,76.2,68.0,69.8,55.5,54.6,64.8,64.7,65.8,63.6,54.1,51.6,68.5,40.8,40.5,40.5,41.0,41.0,41.0,41.0,40.5,40.5,0.0,90.8,95.6,100.0,92.8,91.7,85.0,89.3,88.5,83.6,9.2,4.4,0.0,7.2,8.3,15.0,10.7,11.5,16.4,0.0,0.0,0.0,0.0,0.0,0.0,0.0,0.0,0.0,1197.8,12.00,16,16,16,39,55,661,1,89.1,84.9,78.5,78.5,78.8,84.4,79.2,78.8,75.8,77.9,76.4,76.2,67.7,67.8,67.5,57.8,54.7,1.325,1.019,1.331,22.010,11.837,22.015,81.733,50.544,6.177,6.570,8.234,6.450,6.162,5.123,5.923,5.833,5.118,28.993,12.234,41.227,50.606,1197.8,1197.8,4033.9,4034.3,4033.6,4034.3,57.5,36.7,90.8,89.4,59.2,No,No,No,3.832,1.049,7.3,50,95.0,100.0,No,No,90848,98731,33,99.0,No,No,3320,2.5,0.2,2.7,12.175,0.321,46087,35365,0.0,0.0,0.0,0.000,0.000,151,0,77.4,100.8,83.0,1.081,12.026,12.083,12.076,11.918,1988,155.405,82.799,145.346,53.648,127.141,33.131,93.666,0.336,145.346,35.093,47.960,146.323,220.000,240.000,1905.0,1750.2,1665.0,1899.1,1800.0,69.0,30.0,0.0,6.0,93.8,9.6,38.2,0.0,0.0,0.0,57,Yes,No,No,Yes,Yes,No,No,82.0,80.8,4,0,0,0,0,0,0,0,0,105,0,0,0,0,0,0,0,0,0,0,0,0,0,0,0,0,0,0,0,0,506,7686,7525,1707,8.0,0.0,0.0,0.0,0.0,0.0,0.0,0.0,0.0,0.0,0.0,0.0,0.0,0.00,0.00,0.00,0.00,0.00,0.00,0.00,0.00,0.00,0.00,0.00,0,0,0.0,0.0,3180,250,5.2,3.6,0,
3.7.2026,22:59:30.159,30158,15836,65.5,16074,16608,49.1,0.5,13312,69,1.288,1.294,1.269,1.294,1.300,1.294,1.294,1.269,1.294,4008.4,4017.8,3992.8,4017.8,4017.8,4017.8,4017.8,3992.8,3992.8,99.8,1942.0,3841.5,2640.3,1719.5,3529.3,1970.8,2241.5,1848.4,1954.5,1242.8,1297.8,1701.6,1667.4,1634.4,1408.3,1268.7,1105.9,1942.0,43.8,61.8,64.8,40.8,87.1,46.7,53.5,43.4,45.8,28.7,29.3,39.8,38.6,37.2,31.4,28.3,24.1,87.1,43.8,49.5,69.6,72.9,46.0,97.8,52.7,60.3,49.0,51.6,32.6,33.2,44.9,43.6,42.1,35.6,32.1,27.5,49.5,40.2,40.2,40.0,40.2,40.2,40.2,40.2,40.0,40.0,0.0,86.2,94.9,97.1,89.6,87.3,78.6,83.8,81.3,76.9,13.8,5.1,2.9,10.4,12.7,21.4,16.2,18.7,23.1,0.0,0.0,0.0,0.0,0.0,0.0,0.0,0.0,0.0,1197.8,12.00,16,16,16,39,55,661,1,86.5,82.1,92.8,74.5,77.4,79.9,75.5,74.5,71.9,73.2,71.8,71.5,66.5,66.8,66.3,57.8,54.7,1.312,1.038,1.337,17.928,11.544,17.890,77.571,44.503,5.261,6.480,7.296,5.599,5.214,4.121,4.840,4.503,4.035,23.763,11.915,35.678,44.834,1197.8,1197.8,4048.1,4048.2,4048.0,4048.2,50.9,29.8,86.2,86.5,57.8,No,No,No,1.914,0.867,6.9,50,95.0,100.0,No,No,90848,98731,33,99.0,No,No,3320,0.1,0.0,0.2,0.405,0.031,46088,35365,0.0,0.0,0.0,0.000,0.000,151,0,70.2,89.1,83.0,1.081,12.119,12.158,12.144,12.054,2000,133.939,32.926,55.127,16.024,54.126,23.482,30.625,0.336,55.127,15.371,45.577,33.467,220.000,240.000,1905.0,1750.2,1680.0,1887.5,1815.0,20.0,3.0,0.0,11.0,93.8,9.4,37.6,0.0,0.0,0.0,57,Yes,No,No,Yes,No,No,No,32.0,66.6,4,0,0,0,0,0,0,0,0,105,0,0,0,0,0,0,0,0,0,0,0,0,0,0,0,0,0,0,0,0,506,7686,7525,1708,8.0,0.0,0.0,0.0,0.0,0.0,0.0,0.0,0.0,0.0,0.0,0.0,0.0,0.00,0.00,0.00,0.00,0.00,0.00,0.00,0.00,0.00,0.00,0.00,0,0,0.0,0.0,3180,250,5.5,4.1,0,
3.7.2026,22:59:32.147,30097,15896,65.4,16154,16528,49.4,0.5,13312,69,1.311,1.312,1.312,1.312,1.312,1.306,1.306,1.312,1.312,4052.1,4042.7,4067.7,4067.7,4067.7,4042.7,4042.7,4042.7,4042.7,99.8,2219.4,3973.3,3098.4,2826.2,3060.2,2512.4,2315.5,2126.2,2258.9,1543.8,1605.6,1962.3,1897.7,1788.8,1745.4,1436.8,1359.5,2219.4,55.0,68.8,76.5,70.4,78.0,63.9,59.0,54.8,57.7,40.2,42.2,50.8,49.2,47.0,46.0,38.7,36.6,78.0,55.0,61.4,76.9,85.5,78.7,87.2,71.4,65.8,61.2,64.4,44.7,47.0,56.7,54.8,52.4,51.2,43.0,40.7,61.4,40.6,40.5,40.8,40.8,40.8,40.5,40.5,40.5,40.5,0.0,90.9,98.4,99.2,93.6,91.3,85.2,88.6,87.3,83.5,9.1,1.6,0.8,6.4,8.7,14.8,11.4,12.7,16.5,0.0,0.0,0.0,0.0,0.0,0.0,0.0,0.0,0.0,1197.8,12.00,16,16,16,39,55,661,1,84.4,84.0,83.0,77.1,80.4,82.5,78.4,77.2,74.5,75.5,74.7,73.7,67.7,67.9,67.5,58.5,54.6,1.306,1.038,1.319,20.177,11.860,20.213,81.782,48.357,5.534,7.124,7.692,5.920,5.443,4.395,4.971,4.712,4.017,26.655,12.245,38.900,48.245,1197.8,1197.8,4038.7,4038.7,4038.7,4038.7,54.8,33.7,90.9,88.4,58.5,No,No,No,2.702,1.163,7.3,50,95.0,100.0,No,No,90848,98731,33,99.0,No,No,3320,1.5,0.0,1.6,2.547,0.095,46092,35366,0.0,0.0,0.0,0.000,0.000,151,0,76.8,99.7,83.0,1.081,12.043,12.096,12.090,11.942,1996,170.176,77.450,136.870,50.030,117.084,32.230,84.560,0.336,136.870,29.970,60.851,125.693,220.000,240.000,1905.0,1750.2,1665.0,1890.8,1800.0,62.0,25.0,0.0,6.0,93.8,13.3,53.2,0.0,0.0,0.0,57,Yes,No,No,Yes,Yes,No,No,75.8,78.6,4,0,0,0,0,0,0,0,0,105,0,0,0,0,0,0,0,0,0,0,0,0,0,0,0,0,0,0,0,0,506,7686,7525,1710,8.0,0.0,0.0,0.0,0.0,0.0,0.0,0.0,0.0,0.0,0.0,0.0,0.0,0.00,0.00,0.00,0.00,0.00,0.00,0.00,0.00,0.00,0.00,0.00,0,0,0.0,0.0,3180,250,3.7,5.4,0,
3.7.2026,22:59:34.155,30106,15888,65.4,16168,16514,49.4,0.5,13312,69,1.307,1.306,1.312,1.306,1.306,1.306,1.306,1.306,1.306,4042.7,4042.7,4042.7,4042.7,4042.7,4042.7,4042.7,4042.7,4042.7,99.8,1732.8,3951.0,2549.6,2222.9,2979.7,2056.3,1715.9,1686.2,1592.5,911.0,1019.7,1395.8,1384.0,1332.5,1129.7,997.6,801.2,1732.8,40.3,64.1,63.5,55.9,72.0,50.5,41.9,40.9,38.8,22.2,24.7,33.9,33.6,32.6,27.4,24.4,19.0,72.0,40.3,45.4,72.0,71.4,62.9,80.9,56.8,47.2,46.0,43.7,25.1,27.9,38.2,37.8,36.7,30.9,27.5,21.6,45.4,40.5,40.5,40.5,40.5,40.5,40.5,40.5,40.5,40.5,0.0,86.1,97.6,99.0,89.0,86.1,77.6,82.1,80.8,76.5,13.9,2.4,1.0,11.0,13.9,22.4,17.9,19.2,23.5,0.0,0.0,0.0,0.0,0.0,0.0,0.0,0.0,0.0,1197.8,12.00,16,16,16,39,55,661,1,82.9,82.2,80.0,74.3,78.9,80.1,75.6,74.1,71.5,72.4,71.5,70.7,66.7,67.0,66.5,56.8,54.2,1.331,1.031,1.337,17.212,11.611,17.211,77.479,43.942,5.008,6.965,7.428,5.282,4.868,3.631,4.325,4.064,3.504,22.854,11.977,34.832,44.039,1197.8,1197.8,4047.6,4047.6,4047.6,4047.6,50.0,28.7,86.1,86.6,56.9,No,No,No,1.779,1.073,6.9,50,95.0,100.0,No,No,90848,98731,33,99.0,No,No,3320,0.1,0.0,0.1,0.330,0.006,46093,35366,0.0,0.0,0.0,0.000,0.000,151,0,76.8,99.9,83.0,1.081,12.039,12.092,12.088,11.938,1988,168.447,75.626,139.038,50.435,118.465,32.280,85.897,0.336,139.038,29.633,53.521,107.619,220.000,240.000,1905.0,1750.2,1665.0,1888.1,1800.0,64.0,25.0,0.0,7.0,93.8,13.4,53.7,0.0,0.0,0.0,57,Yes,No,No,Yes,Yes,No,No,76.7,78.2,4,0,0,0,0,0,0,0,0,105,0,0,0,0,0,0,0,0,0,0,0,0,0,0,0,0,0,0,0,0,506,7686,7525,1710,8.0,0.0,0.0,0.0,0.0,0.0,0.0,0.0,0.0,0.0,0.0,0.0,0.0,0.00,0.00,0.00,0.00,0.00,0.00,0.00,0.00,0.00,0.00,0.00,0,0,0.0,0.0,3180,250,3.7,4.9,0,
3.7.2026,22:59:36.149,30109,15885,65.4,16171,16510,49.4,0.5,13312,69,1.307,1.312,1.306,1.306,1.306,1.306,1.306,1.306,1.306,4042.7,4042.7,4042.7,4042.7,4042.7,4042.7,4042.7,4042.7,4042.7,99.8,1624.1,3971.1,2106.8,1707.4,3335.5,2016.2,1646.5,1512.4,1611.5,814.7,914.3,1329.1,1305.5,1212.7,1051.5,771.4,679.2,1624.1,38.2,73.4,51.3,42.3,82.3,49.3,40.2,37.3,38.8,20.0,22.0,32.5,31.7,29.4,25.5,18.9,16.4,82.3,38.2,43.0,82.5,57.7,47.6,92.5,55.4,45.2,41.9,43.7,22.5,24.7,36.6,35.7,33.1,28.7,21.3,18.5,43.0,40.5,40.5,40.5,40.5,40.5,40.5,40.5,40.5,40.5,0.0,84.7,98.0,99.1,88.2,84.9,74.7,80.6,78.5,73.3,15.3,2.0,0.9,11.8,15.1,25.3,19.4,21.5,26.7,0.0,0.0,0.0,0.0,0.0,0.0,0.0,0.0,0.0,1197.8,12.00,16,16,16,39,55,661,1,81.9,81.5,78.8,73.4,77.6,80.0,74.8,73.3,70.5,71.5,70.5,69.4,66.4,66.7,66.1,57.2,55.1,1.337,1.038,1.337,16.482,11.623,16.479,76.208,43.004,4.810,6.827,7.369,5.187,4.615,3.409,4.103,3.837,3.135,21.904,11.985,33.889,43.087,1197.8,1197.8,4051.5,4051.5,4051.5,4051.5,49.0,27.5,84.7,85.8,56.7,No,No,No,1.756,1.102,6.8,50,95.0,100.0,No,No,90848,98731,33,99.0,No,No,3320,0.1,0.0,0.1,0.129,0.078,46093,35366,0.0,0.0,0.0,0.000,0.000,151,0,76.6,99.0,83.0,1.081,12.026,12.073,12.079,11.927,1992,160.091,79.766,149.133,59.555,122.012,33.585,88.156,0.336,149.133,32.169,47.351,116.234,220.000,240.000,1905.0,1750.2,1665.0,1888.3,1800.0,54.0,19.0,0.0,8.0,93.8,12.1,48.3,0.0,0.0,0.0,57,Yes,Yes,No,Yes,Yes,No,No,82.4,83.1,4,0,0,0,0,0,0,0,0,105,0,0,0,0,0,0,0,0,0,0,0,0,0,0,0,0,0,0,0,0,506,7686,7525,1712,8.0,0.0,0.0,0.0,0.0,0.0,0.0,0.0,0.0,0.0,0.0,0.0,0.0,0.00,0.00,0.00,0.00,0.00,0.00,0.00,0.00,0.00,0.00,0.00,0,0,0.0,0.0,3180,250,1.2,1.9,0,
3.7.2026,22:59:38.147,30170,15823,65.5,16251,16431,49.7,0.5,13312,69,1.303,1.294,1.288,1.312,1.306,1.306,1.306,1.306,1.306,4039.6,4042.7,4017.8,4042.7,4042.7,4042.7,4042.7,4042.7,4042.7,99.8,2007.1,3873.0,2752.9,2152.2,3393.9,2159.3,2333.8,1882.6,2078.4,1179.2,1393.5,1598.8,1917.5,1479.1,1572.1,1142.5,1204.1,2007.1,47.3,63.7,68.4,53.1,84.6,53.1,56.9,46.0,51.0,28.9,34.0,39.1,46.8,36.3,38.1,27.8,29.3,84.6,47.3,52.8,71.2,76.6,59.3,94.8,59.3,63.6,51.3,56.9,31.9,37.7,43.5,52.2,40.3,42.4,30.7,32.4,52.8,40.5,40.5,40.2,40.5,40.5,40.5,40.5,40.5,40.5,0.0,89.1,95.7,98.9,92.5,90.3,82.4,87.2,84.9,80.7,10.9,4.3,1.1,7.5,9.7,17.6,12.8,15.1,19.3,0.0,0.0,0.0,0.0,0.0,0.0,0.0,0.0,0.0,1197.8,12.00,16,16,16,39,55,661,1,82.0,82.2,82.2,74.7,77.6,80.7,76.1,75.0,71.9,73.2,72.1,71.2,66.8,67.1,66.6,56.8,54.7,1.337,1.031,1.344,18.138,11.703,18.133,80.154,45.243,5.227,6.578,7.484,5.657,5.186,3.982,4.765,4.379,3.786,24.071,12.080,36.151,45.385,1197.8,1197.8,4047.3,4047.3,4047.3,4047.3,51.6,30.2,89.1,86.6,57.7,No,No,No,2.077,1.069,7.1,50,95.0,100.0,No,No,90848,98731,33,99.0,No,No,3320,0.1,0.0,0.1,0.234,0.016,46094,35366,0.0,0.0,0.0,0.000,0.000,151,0,78.9,103.0,83.0,1.081,12.030,12.086,12.081,11.924,1988,189.014,84.060,147.716,53.950,126.290,32.731,93.233,0.336,147.716,32.204,53.869,152.560,220.000,240.000,1905.0,1750.2,1665.0,1887.5,1800.0,67.0,25.0,0.0,10.0,93.3,15.4,61.5,0.0,0.0,0.0,58,Yes,Yes,No,Yes,Yes,No,No,81.8,86.1,4,0,0,0,0,0,0,0,0,105,0,0,0,0,0,0,0,0,0,0,0,0,0,0,0,0,0,0,0,0,546,7646,7485,1712,8.0,0.0,0.0,0.0,0.0,0.0,0.0,0.0,0.0,0.0,0.0,0.0,0.0,0.00,0.00,0.00,0.00,0.00,0.00,0.00,0.00,0.00,0.00,0.00,0,0,0.0,0.0,3180,250,1.6,1.5,0,
3.7.2026,22:59:40.158,30121,15873,65.4,16227,16454,49.6,0.5,13312,69,1.307,1.306,1.312,1.306,1.306,1.306,1.306,1.306,1.306,4042.7,4042.7,4042.7,4042.7,4042.7,4042.7,4042.7,4042.7,4042.7,99.8,1981.5,3899.0,3137.1,1745.4,3682.1,1897.8,2417.3,1730.6,2179.8,1196.8,1312.7,1558.4,1816.5,1442.9,1530.6,1086.2,1070.5,1981.5,46.1,53.4,77.4,42.9,91.1,46.8,59.4,42.4,53.6,29.4,32.3,38.3,45.0,35.2,37.8,26.7,26.3,91.1,46.1,51.9,60.1,86.9,48.3,102.2,52.7,66.8,47.8,60.2,33.3,36.4,43.2,50.7,39.8,42.6,30.2,29.7,51.9,40.5,40.5,40.5,40.5,40.5,40.5,40.5,40.5,40.5,0.0,89.5,96.4,99.2,92.8,90.7,83.0,87.5,85.1,80.8,10.5,3.6,0.8,7.2,9.3,17.0,12.5,14.9,19.2,0.0,0.0,0.0,0.0,0.0,0.0,0.0,0.0,0.0,1197.8,12.00,16,16,16,39,55,661,1,82.2,82.7,78.5,75.2,77.6,81.5,76.5,75.3,72.4,73.7,72.6,71.7,67.0,67.2,66.8,57.5,54.3,1.325,1.038,1.337,18.545,11.684,18.557,80.506,45.889,5.285,6.566,7.661,5.720,5.239,4.071,4.798,4.462,3.765,24.573,12.062,36.635,45.910,1197.8,1197.8,4045.3,4045.3,4045.3,4045.3,52.2,30.9,89.5,87.0,57.8,No,No,No,2.242,1.134,7.2,50,95.0,100.0,No,No,90848,98731,33,99.0,No,No,3320,11.1,0.0,11.1,43.107,0.016,46177,35366,0.0,0.0,0.0,0.000,0.000,151,0,80.2,104.3,83.0,1.006,12.020,12.078,12.074,11.908,2087,191.573,85.034,156.540,57.590,136.082,35.641,100.180,0.336,156.540,36.994,30.370,140.065,220.000,240.000,1845.0,1750.2,1605.0,1872.4,1740.0,82.0,34.0,0.0,4.0,93.3,16.4,65.6,0.0,0.0,0.0,72,Yes,No,Yes,No,No,No,No,88.0,83.4,4,0,0,0,0,0,0,0,0,105,0,0,0,0,0,0,0,0,0,0,0,0,0,0,0,0,0,0,0,0,549,7643,7482,1711,8.0,0.0,0.0,0.0,0.0,0.0,0.0,0.0,0.0,0.0,0.0,0.0,0.0,0.00,0.00,0.00,0.00,0.00,0.00,0.00,0.00,0.00,0.00,0.00,0,0,0.0,0.0,3180,250,2.4,1.7,0,
3.7.2026,22:59:42.148,30100,15894,65.4,16374,16307,50.1,0.5,13312,69,1.310,1.288,1.306,1.325,1.312,1.312,1.312,1.312,1.312,4039.6,4017.8,4042.7,4042.7,4042.7,4042.7,4042.7,4042.7,4042.7,99.8,1705.5,3804.2,2102.9,1447.9,3870.6,1953.9,1893.6,1519.5,1790.5,945.9,960.9,1423.4,1429.8,1258.2,1132.9,974.2,779.3,1705.5,40.4,66.5,51.9,36.0,95.9,47.8,46.7,37.3,44.3,23.4,23.8,35.0,35.1,31.0,27.9,24.2,19.1,95.9,40.4,45.1,74.5,58.1,40.2,107.7,53.5,52.3,41.7,49.6,26.0,26.5,39.1,39.2,34.6,31.1,26.9,21.2,45.1,40.5,40.2,40.5,40.5,40.5,40.5,40.5,40.5,40.5,0.0,85.9,93.9,99.7,89.7,86.7,77.6,83.0,80.7,76.0,14.1,6.1,0.3,10.3,13.3,22.4,17.0,19.3,24.0,0.0,0.0,0.0,0.0,0.0,0.0,0.0,0.0,0.0,1197.8,12.00,16,16,16,39,55,661,1,82.0,81.9,81.8,73.7,75.9,81.6,75.0,74.0,70.8,71.9,70.7,70.1,66.5,66.7,66.2,59.0,54.6,1.331,1.031,1.331,17.039,11.502,17.035,77.340,43.558,4.891,6.130,7.756,5.329,4.767,3.567,4.279,3.928,3.374,22.623,11.864,34.487,43.678,1197.8,1197.8,4049.9,4049.9,4049.9,4049.9,49.6,28.4,85.9,86.2,57.6,No,No,No,1.766,0.917,6.9,50,95.0,100.0,No,No,90848,98731,33,99.0,No,No,3320,0.1,0.2,0.3,0.205,0.349,46178,35367,0.0,0.0,0.0,0.000,0.000,151,0,80.4,104.2,83.0,1.019,12.035,12.090,12.083,11.931,2341,187.107,78.461,140.858,50.148,121.991,32.154,89.522,0.336,140.858,31.017,71.917,105.807,220.000,240.000,1875.0,1750.2,1635.0,1844.8,1770.0,70.0,29.0,0.0,6.0,93.3,16.4,65.4,0.0,0.0,0.0,79,Yes,No,Yes,No,No,No,No,78.1,82.7,4,0,0,0,0,0,0,0,0,105,0,0,0,0,0,0,0,0,0,0,0,0,0,0,0,0,0,0,0,0,549,7643,7482,1711,8.0,0.0,0.0,0.0,0.0,0.0,0.0,0.0,0.0,0.0,0.0,0.0,0.0,0.00,0.00,0.00,0.00,0.00,0.00,0.00,0.00,0.00,0.00,0.00,0,0,0.0,0.0,3180,250,2.3,2.6,0,
3.7.2026,22:59:44.156,30180,15814,65.6,16457,16225,50.3,0.5,13312,69,1.306,1.300,1.288,1.312,1.312,1.306,1.306,1.312,1.312,4033.4,4042.7,4017.8,4042.7,4042.7,4042.7,4042.7,4017.8,4017.8,99.8,1720.5,3853.9,1695.5,1559.9,3728.8,2381.0,1526.2,1865.7,1595.3,1048.5,986.5,1530.0,1407.8,1400.6,1170.7,939.7,837.5,1720.5,40.7,77.2,41.4,38.4,91.6,57.2,37.6,45.1,38.8,25.4,23.6,36.7,33.8,34.1,27.4,22.7,20.2,91.6,40.7,45.9,86.8,46.7,43.3,102.9,64.4,42.4,50.8,43.8,28.8,26.8,41.4,38.2,38.5,31.1,25.8,22.9,45.9,40.4,40.5,40.2,40.5,40.5,40.5,40.5,40.2,40.2,0.0,86.9,95.2,99.8,90.2,88.1,78.9,83.9,81.9,77.4,13.1,4.8,0.2,9.8,11.9,21.1,16.1,18.1,22.6,0.0,0.0,0.0,0.0,0.0,0.0,0.0,0.0,0.0,1197.8,12.00,16,16,16,39,55,661,1,82.0,81.8,81.8,73.9,75.8,81.4,74.8,74.2,71.1,72.3,71.1,70.4,66.4,66.7,66.1,57.0,54.5,1.337,1.025,1.350,17.093,11.493,17.078,78.231,43.643,4.980,6.179,7.704,5.313,4.905,3.712,4.433,4.107,3.483,22.697,11.855,34.552,43.732,1197.8,1197.8,4049.5,4049.6,4049.4,4049.6,49.7,28.5,86.9,86.1,57.1,No,No,No,1.832,0.912,7.0,50,95.0,100.0,No,No,90848,98731,33,99.0,No,No,3320,9.2,0.1,9.3,28.916,0.222,46239,35367,0.0,0.0,0.0,0.000,0.000,151,0,77.7,102.1,83.0,1.062,12.015,12.074,12.070,11.901,2531,184.841,86.803,157.228,58.653,137.932,36.356,101.322,0.336,157.228,39.221,39.422,140.333,220.000,240.000,1890.0,1750.2,1650.0,1867.6,1785.0,88.0,35.0,0.0,7.0,93.3,16.1,64.2,0.0,0.0,0.0,81,Yes,Yes,Yes,Yes,Yes,No,No,72.7,81.7,4,0,0,0,0,0,0,0,0,105,0,0,0,0,0,0,0,0,0,0,0,0,0,0,0,0,0,0,0,0,548,7644,7482,1711,8.0,0.0,0.0,0.0,0.0,0.0,0.0,0.0,0.0,0.0,0.0,0.0,0.0,0.00,0.00,0.00,0.00,0.00,0.00,0.00,0.00,0.00,0.00,0.00,0,0,0.0,0.0,3180,250,2.0,1.3,0,
3.7.2026,22:59:46.150,30212,15782,65.6,16519,16163,50.5,0.5,13312,69,1.307,1.306,1.306,1.312,1.300,1.306,1.306,1.306,1.312,4042.7,4042.7,4042.7,4042.7,4042.7,4042.7,4042.7,4042.7,4042.7,99.8,1916.4,3903.1,1966.5,1754.6,3712.3,2466.2,1786.2,2098.5,1717.8,1300.2,1248.1,1782.1,1590.5,1639.0,1451.5,1143.1,1102.6,1916.4,46.4,79.1,48.5,43.6,92.7,62.2,43.2,51.9,42.3,32.1,30.7,44.3,39.6,40.1,36.2,28.1,27.0,92.7,46.4,51.8,88.7,54.3,48.8,104.0,69.7,48.3,58.1,47.2,35.8,34.2,49.5,44.1,44.8,40.4,31.3,30.1,51.8,40.5,40.5,40.5,40.5,40.5,40.5,40.5,40.5,40.5,0.0,88.3,96.5,99.7,91.2,89.2,81.0,85.7,83.9,78.8,11.7,3.5,0.3,8.8,10.8,19.0,14.3,16.1,21.2,0.0,0.0,0.0,0.0,0.0,0.0,0.0,0.0,0.0,1197.8,12.00,16,16,16,39,55,661,1,89.9,82.8,77.5,75.3,77.2,82.5,76.2,75.5,72.4,73.8,72.7,72.0,66.9,67.2,66.6,59.5,54.6,1.312,1.031,1.312,18.726,11.601,18.746,79.438,45.980,5.304,6.481,7.891,5.639,5.239,4.031,4.796,4.515,3.843,24.802,11.976,36.779,46.050,1197.8,1197.8,4045.2,4045.6,4044.9,4045.6,52.3,31.2,88.3,87.2,58.2,No,No,No,2.287,0.897,7.1,50,95.0,100.0,No,No,90848,98731,33,99.0,No,No,3320,22.5,0.1,22.6,86.368,0.097,46391,35367,0.0,0.0,0.0,0.000,0.000,151,0,73.3,95.2,83.0,1.075,12.081,12.125,12.120,11.998,2666,123.116,57.967,100.000,37.261,86.804,27.476,59.112,0.336,100.000,23.977,64.919,79.782,220.000,240.000,1905.0,1750.2,1665.0,1881.8,1800.0,43.0,14.0,0.0,3.0,93.3,8.7,34.7,0.0,0.0,0.0,81,Yes,No,No,Yes,Yes,No,No,57.0,55.6,4,0,0,0,0,0,0,0,0,105,0,0,0,0,0,0,0,0,0,0,0,0,0,0,0,0,0,0,0,0,548,7644,7482,1711,8.0,0.0,0.0,0.0,0.0,0.0,0.0,0.0,0.0,0.0,0.0,0.0,0.0,0.00,0.00,0.00,0.00,0.00,0.00,0.00,0.00,0.00,0.00,0.00,0,0,0.0,0.0,3180,250,1.4,1.6,0,
3.7.2026,22:59:48.151,29882,16111,64.9,16193,16489,49.5,0.5,13312,69,1.298,1.306,1.294,1.300,1.300,1.300,1.300,1.294,1.294,4020.9,4017.8,4042.7,4017.8,4017.8,4017.8,4017.8,4017.8,4017.8,99.8,1753.8,3831.1,2358.0,2176.9,2992.8,1984.8,1801.4,1827.0,1529.2,1024.2,1041.6,1569.2,1324.6,1342.9,1164.8,1151.5,941.3,1753.8,40.8,61.8,58.1,53.9,74.2,48.6,43.6,44.8,36.7,24.8,25.2,38.1,32.2,32.8,28.1,27.0,22.6,74.2,40.8,45.7,69.3,65.2,60.5,83.3,54.6,48.9,50.2,41.2,27.8,28.2,42.7,36.1,36.7,31.5,30.2,25.3,45.7,40.3,40.2,40.5,40.2,40.2,40.2,40.2,40.2,40.2,0.0,86.2,94.6,98.6,89.4,87.4,78.3,83.0,80.8,77.6,13.8,5.4,1.4,10.6,12.6,21.7,17.0,19.2,22.4,0.0,0.0,0.0,0.0,0.0,0.0,0.0,0.0,0.0,1197.8,12.00,16,16,16,39,55,661,1,86.9,81.9,82.2,74.1,76.3,80.9,74.9,74.2,71.4,72.4,71.1,71.7,66.6,66.8,66.3,58.5,54.7,1.344,1.038,1.350,17.172,11.529,17.165,77.595,43.756,5.020,6.255,7.515,5.244,4.869,3.782,4.390,4.052,4.054,22.817,11.893,34.711,43.892,1197.8,1197.8,4047.8,4048.1,4047.6,4048.1,49.9,28.6,86.2,86.3,57.1,No,No,No,1.789,0.773,6.9,50,95.0,100.0,No,No,90848,98731,33,99.0,No,No,3320,0.7,0.0,0.7,2.302,0.149,46395,35367,0.0,0.0,0.0,0.000,0.000,151,0,74.9,97.4,83.0,1.075,12.047,12.099,12.094,11.949,2717,137.597,66.065,126.563,47.003,110.925,31.331,79.314,0.336,126.563,31.130,9.026,98.457,220.000,240.000,1905.0,1750.2,1665.0,1887.6,1800.0,58.0,22.0,0.0,8.0,93.3,10.2,40.8,0.0,0.0,0.0,80,Yes,No,No,Yes,Yes,No,No,71.6,64.6,4,0,0,0,0,0,0,0,0,105,0,0,0,0,0,0,0,0,0,0,0,0,0,0,0,0,0,0,0,0,549,7643,7482,1711,8.0,0.0,0.0,0.0,0.0,0.0,0.0,0.0,0.0,0.0,0.0,0.0,0.0,0.00,0.00,0.00,0.00,0.00,0.00,0.00,0.00,0.00,0.00,0.00,0,0,0.0,0.0,3180,250,1.5,1.6,0,
3.7.2026,22:59:50.152,29779,16215,64.7,16098,16583,49.2,0.5,13312,69,1.309,1.306,1.306,1.306,1.306,1.312,1.312,1.312,1.312,4042.7,4042.7,4042.7,4042.7,4042.7,4042.7,4042.7,4042.7,4042.7,99.8,1819.5,3883.5,2978.0,1844.8,3499.3,1817.0,2083.4,1871.6,1559.7,1077.1,1066.3,1529.1,1407.8,1324.4,1224.7,1009.0,936.2,1819.5,42.2,52.7,73.5,45.6,87.0,44.6,51.1,45.9,38.5,26.6,26.1,37.7,34.6,32.2,30.1,25.7,22.8,87.0,42.2,47.4,59.2,82.6,51.2,97.7,50.1,57.4,51.5,43.2,29.9,29.3,42.3,38.8,36.2,33.9,28.9,25.7,47.4,40.5,40.5,40.5,40.5,40.5,40.5,40.5,40.5,40.5,0.0,87.7,96.0,99.4,90.4,88.5,80.4,84.9,82.8,79.3,12.3,4.0,0.6,9.6,11.5,19.6,15.1,17.2,20.7,0.0,0.0,0.0,0.0,0.0,0.0,0.0,0.0,0.0,1197.8,12.00,16,16,16,39,55,661,1,84.2,82.2,80.0,74.5,76.9,81.6,75.2,74.5,71.7,72.9,71.5,71.5,66.8,67.1,66.6,59.0,54.5,1.325,1.031,1.331,17.534,11.747,17.540,78.933,44.588,5.057,6.535,7.680,5.306,4.903,3.827,4.438,4.091,3.679,23.282,12.115,35.397,44.633,1197.8,1197.8,4046.7,4047.1,4046.4,4047.1,50.7,29.2,87.7,86.5,57.1,No,No,No,1.839,1.242,7.0,50,95.0,100.0,No,No,90848,98731,33,99.0,No,No,3320,2.6,0.0,2.7,10.779,0.027,46415,35367,0.0,0.0,0.0,0.000,0.000,151,0,74.5,97.2,83.0,1.075,12.053,12.102,12.098,11.960,2746,155.819,63.468,120.648,45.322,105.679,30.342,75.070,0.336,120.648,30.162,8.370,98.109,220.000,240.000,1905.0,1750.2,1665.0,1886.9,1800.0,55.0,20.0,0.0,5.0,93.3,12.2,48.7,0.0,0.0,0.0,80,Yes,No,No,Yes,Yes,No,No,68.5,74.9,4,0,0,0,0,0,0,0,0,105,0,0,0,0,0,0,0,0,0,0,0,0,0,0,0,0,0,0,0,0,549,7643,7482,1735,8.0,0.0,0.0,0.0,0.0,0.0,0.0,0.0,0.0,0.0,0.0,0.0,0.0,0.00,0.00,0.00,0.00,0.00,0.00,0.00,0.00,0.00,0.00,0.00,0,0,0.0,0.0,3180,250,1.2,1.2,0,
3.7.2026,22:59:52.149,29744,16250,64.6,16081,16601,49.2,0.5,13312,69,1.305,1.312,1.312,1.306,1.306,1.306,1.300,1.300,1.300,4042.7,4042.7,4042.7,4042.7,4042.7,4042.7,4042.7,4042.7,4042.7,99.8,1783.4,3933.7,3182.0,1882.4,3291.3,1896.1,1981.1,1865.5,1525.8,965.8,1018.2,1549.7,1306.8,1321.2,1147.1,821.4,845.7,1783.4,41.0,51.6,78.7,46.3,81.3,46.0,49.0,45.9,37.3,23.5,24.8,37.8,32.1,32.2,28.0,20.1,20.7,81.3,41.0,46.0,57.9,88.4,52.1,91.3,51.7,55.0,51.5,41.9,26.4,27.9,42.5,36.0,36.2,31.4,22.6,23.2,46.0,40.5,40.5,40.5,40.5,40.5,40.5,40.5,40.5,40.5,0.0,86.8,97.2,99.1,90.3,87.7,78.6,83.6,81.4,76.9,13.2,2.8,0.9,9.7,12.3,21.4,16.4,18.6,23.1,0.0,0.0,0.0,0.0,0.0,0.0,0.0,0.0,0.0,1197.8,12.00,16,16,16,39,55,661,1,82.9,82.0,81.5,74.1,77.8,80.5,75.4,74.0,71.3,72.1,71.2,70.4,66.7,67.0,66.4,59.5,54.7,1.325,1.038,1.337,16.946,11.645,16.942,78.155,43.628,4.951,6.773,7.438,5.273,4.788,3.653,4.313,3.985,3.384,22.509,12.009,34.518,43.737,1197.8,1197.8,4048.6,4048.8,4048.5,4048.8,49.7,28.2,86.8,86.3,56.7,No,No,No,1.938,1.104,6.9,50,95.0,100.0,No,No,90848,98731,33,99.0,No,No,3320,1.3,0.1,1.4,3.439,0.448,46422,35368,0.0,0.0,0.0,0.000,0.000,151,0,73.0,95.3,83.0,1.075,12.061,12.108,12.104,11.972,2762,146.493,63.598,111.152,41.301,98.199,29.763,68.177,0.336,111.152,28.148,55.879,91.874,220.000,240.000,1905.0,1750.2,1665.0,1886.8,1800.0,58.0,20.0,0.0,7.0,93.3,11.6,46.5,0.0,0.0,0.0,79,Yes,No,No,Yes,Yes,No,No,63.3,62.2,4,0,0,0,0,0,0,0,0,105,0,0,0,0,0,0,0,0,0,0,0,0,0,0,0,0,0,0,0,0,547,7645,7484,1714,8.0,0.0,0.0,0.0,0.0,0.0,0.0,0.0,0.0,0.0,0.0,0.0,0.0,0.00,0.00,0.00,0.00,0.00,0.00,0.00,0.00,0.00,0.00,0.00,0,0,0.0,0.0,3180,250,3.2,2.0,0,
3.7.2026,22:59:54.158,29756,16237,64.6,16090,16592,49.2,0.5,13312,69,1.313,1.312,1.306,1.312,1.312,1.312,1.312,1.319,1.319,4042.7,4042.7,4042.7,4042.7,4042.7,4042.7,4042.7,4042.7,4042.7,99.8,1712.6,3929.9,1949.7,2027.9,3242.0,2384.4,1525.4,2004.9,1380.4,998.2,1007.1,1549.3,1312.9,1302.7,1165.1,776.7,844.5,1712.6,40.9,75.8,47.7,50.1,78.0,59.0,37.6,49.8,34.1,25.0,25.2,38.7,32.2,32.4,28.7,19.5,21.0,78.0,40.9,45.7,85.2,53.8,56.4,87.7,66.4,41.8,55.6,37.9,27.6,27.8,43.1,35.7,36.0,31.8,21.5,23.1,45.7,40.5,40.5,40.5,40.5,40.5,40.5,40.5,40.5,40.5,0.0,87.1,97.1,99.2,90.7,88.1,79.4,84.1,81.9,76.3,12.9,2.9,0.8,9.3,11.9,20.6,15.9,18.1,23.7,0.0,0.0,0.0,0.0,0.0,0.0,0.0,0.0,0.0,1197.8,12.00,16,16,16,39,55,661,1,82.6,82.1,78.2,74.2,77.6,80.8,75.3,74.2,71.4,72.2,71.4,70.3,66.7,67.0,66.4,58.2,54.7,1.300,1.031,1.312,17.213,11.721,17.217,78.401,44.123,4.969,6.658,7.522,5.358,4.835,3.666,4.343,4.040,3.327,22.863,12.089,34.951,44.194,1197.8,1197.8,4048.9,4049.0,4048.8,4049.0,50.2,28.7,87.1,86.4,57.1,No,No,No,1.965,1.292,7.0,50,95.0,100.0,No,No,90848,98731,33,99.0,No,No,3320,0.5,0.1,0.6,1.437,0.158,46425,35369,0.0,0.0,0.0,0.000,0.000,151,0,72.2,94.2,83.0,1.075,12.061,12.109,12.103,11.970,2762,144.727,59.864,111.913,41.799,99.188,29.792,69.140,0.336,111.913,28.870,8.090,97.597,220.000,240.000,1905.0,1750.2,1665.0,1887.6,1800.0,51.0,19.0,0.0,6.0,93.3,10.6,42.4,0.0,0.0,0.0,79,Yes,No,No,Yes,Yes,No,No,64.0,63.7,4,0,0,0,0,0,0,0,0,105,0,0,0,0,0,0,0,0,0,0,0,0,0,0,0,0,0,0,0,0,547,7645,7484,1747,8.0,0.0,0.0,0.0,0.0,0.0,0.0,0.0,0.0,0.0,0.0,0.0,0.0,0.00,0.00,0.00,0.00,0.00,0.00,0.00,0.00,0.00,0.00,0.00,0,0,0.0,0.0,3180,250,2.5,2.1,0,
3.7.2026,22:59:56.156,29762,16232,64.7,16096,16585,49.2,0.5,13312,69,1.311,1.306,1.312,1.306,1.312,1.312,1.312,1.312,1.312,4042.7,4042.7,4042.7,4042.7,4042.7,4042.7,4042.7,4042.7,4042.7,99.8,1760.2,3918.7,1698.6,1834.7,3458.2,2411.8,1655.2,2131.4,1484.7,1026.5,1085.8,1673.5,1356.2,1393.5,1282.1,794.0,958.8,1760.2,42.0,80.5,42.0,45.7,87.0,59.5,39.9,51.5,35.8,24.9,26.1,40.2,33.2,33.4,31.0,18.9,22.9,87.0,42.0,47.3,90.3,46.8,51.1,97.6,66.6,45.0,58.0,40.5,28.1,29.5,45.3,37.5,37.7,35.0,21.5,26.0,47.3,40.5,40.5,40.5,40.5,40.5,40.5,40.5,40.5,40.5,0.0,88.0,96.8,99.6,91.9,89.2,80.4,85.0,83.3,78.0,12.0,3.2,0.4,8.1,10.8,19.6,15.0,16.7,22.0,0.0,0.0,0.0,0.0,0.0,0.0,0.0,0.0,0.0,1197.8,12.00,16,16,16,39,55,661,1,82.5,82.0,77.5,74.2,76.6,81.4,75.3,74.3,71.4,72.6,71.5,70.5,66.8,67.1,66.5,59.5,55.1,1.294,1.031,1.306,17.306,11.706,17.301,79.231,44.153,5.033,6.327,7.667,5.449,4.997,3.763,4.463,4.175,3.423,22.984,12.075,35.059,44.283,1197.8,1197.8,4048.9,4048.9,4048.9,4048.9,50.3,28.8,88.0,86.3,57.1,No,No,No,1.919,1.180,7.0,50,95.0,100.0,No,No,90848,98731,33,99.0,No,No,3320,0.4,0.0,0.5,1.155,0.063,46427,35369,0.0,0.0,0.0,0.000,0.000,151,0,72.6,94.4,83.0,1.075,12.057,12.105,12.101,11.964,2747,147.241,61.655,116.294,44.073,102.510,30.389,71.848,0.336,116.294,30.046,8.140,96.621,220.000,240.000,1905.0,1750.2,1665.0,1887.3,1800.0,53.0,20.0,0.0,8.0,93.3,11.3,45.2,0.0,0.0,0.0,78,Yes,No,No,Yes,Yes,No,No,66.5,62.7,4,0,0,0,0,0,0,0,0,105,0,0,0,0,0,0,0,0,0,0,0,0,0,0,0,0,0,0,0,0,547,7645,7483,1748,8.0,0.0,0.0,0.0,0.0,0.0,0.0,0.0,0.0,0.0,0.0,0.0,0.0,0.00,0.00,0.00,0.00,0.00,0.00,0.00,0.00,0.00,0.00,0.00,0,0,0.0,0.0,3180,250,2.5,1.6,0,
3.7.2026,22:59:58.151,29762,16232,64.7,16101,16581,49.2,0.5,13312,69,1.284,1.306,1.306,1.306,1.281,1.281,1.262,1.262,1.262,4005.3,4042.7,4017.8,4017.8,3992.8,3992.8,3992.8,3992.8,3992.8,99.8,1850.1,3961.7,2579.7,1800.5,3547.3,2188.9,1886.4,1960.1,1688.7,1046.1,1149.3,1630.5,1494.5,1386.5,1363.6,805.9,1112.1,1850.1,43.4,69.7,63.5,44.3,88.3,53.4,45.8,47.9,40.9,25.1,27.5,39.4,36.2,33.1,33.0,19.0,26.6,88.3,43.4,49.0,78.5,71.5,50.0,99.2,60.2,51.7,54.0,46.3,28.5,31.3,44.6,40.9,37.6,37.3,21.8,30.2,48.9,40.1,40.5,40.2,40.2,40.0,40.0,40.0,40.0,40.0,0.0,87.5,97.9,99.0,90.8,88.6,79.6,84.5,82.4,77.5,12.5,2.1,1.0,9.2,11.4,20.4,15.5,17.6,22.5,0.0,0.0,0.0,0.0,0.0,0.0,0.0,0.0,0.0,1197.8,12.00,16,16,16,39,55,661,1,82.5,82.1,80.0,74.5,77.9,81.1,75.8,74.6,71.7,72.6,71.7,70.7,66.9,67.2,66.6,58.8,55.2,1.331,1.031,1.337,17.494,11.780,17.497,78.779,44.564,5.083,6.784,7.568,5.385,5.003,3.788,4.456,4.179,3.501,23.227,12.154,35.380,44.630,1197.8,1197.8,4047.5,4047.5,4047.5,4047.5,50.7,29.2,87.5,86.5,57.1,No,No,No,1.982,1.338,7.0,50,95.0,100.0,No,No,90848,98731,33,99.0,No,No,3320,0.3,0.1,0.3,0.768,0.058,46428,35369,0.0,0.0,0.0,0.000,0.000,151,0,72.1,94.6,83.0,1.075,12.057,12.104,12.101,11.966,2731,144.024,60.516,115.582,43.065,100.694,30.048,70.377,0.336,115.582,27.973,11.901,89.599,220.000,240.000,1905.0,1750.2,1665.0,1887.4,1800.0,54.0,20.0,0.0,8.0,93.3,11.3,45.1,0.0,0.0,0.0,78,Yes,No,No,Yes,Yes,No,No,65.3,77.8,4,0,0,0,0,0,0,0,0,105,0,0,0,0,0,0,0,0,0,0,0,0,0,0,0,0,0,0,0,0,547,7645,7483,1748,8.0,0.0,0.0,0.0,0.0,0.0,0.0,0.0,0.0,0.0,0.0,0.0,0.0,0.00,0.00,0.00,0.00,0.00,0.00,0.00,0.00,0.00,0.00,0.00,0,0,0.0,0.0,3180,250,3.2,1.9,0,
3.7.2026,23:0:0.149,29765,16228,64.7,16103,16579,49.2,0.5,13312,69,1.302,1.312,1.294,1.337,1.288,1.288,1.300,1.300,1.294,4033.4,4042.7,4017.8,4067.7,4042.7,4042.7,4017.8,4017.8,4017.8,99.8,1966.7,3945.0,3384.7,1613.3,3889.4,1931.3,2333.9,1912.0,1872.6,1119.1,1266.8,1619.6,1658.3,1402.5,1485.5,920.6,1113.2,1966.7,44.9,50.6,83.8,40.3,96.3,46.9,57.3,46.2,45.3,26.1,30.5,39.0,40.0,33.6,35.1,21.6,26.5,96.3,44.9,50.1,56.3,94.0,44.7,108.1,52.2,64.0,51.4,50.4,29.3,33.6,43.2,44.4,37.1,39.5,23.6,29.1,50.1,40.4,40.5,40.2,40.8,40.5,40.5,40.2,40.2,40.2,0.0,88.4,97.5,99.6,91.6,89.1,81.2,85.6,83.6,79.1,11.6,2.5,0.4,8.4,10.9,18.8,14.4,16.4,20.9,0.0,0.0,0.0,0.0,0.0,0.0,0.0,0.0,0.0,1197.8,12.00,16,16,16,39,55,661,1,82.5,82.4,81.0,74.5,77.3,81.8,75.9,74.6,71.9,72.6,71.7,70.7,67.0,67.3,66.7,58.5,55.0,1.319,1.031,1.319,17.824,11.832,17.807,79.559,44.924,5.169,6.695,7.777,5.492,5.044,3.929,4.561,4.268,3.587,23.663,12.207,35.871,45.105,1197.8,1197.8,4047.7,4047.7,4047.7,4047.7,51.3,29.7,88.4,86.7,57.5,No,No,No,2.006,1.410,7.1,50,95.0,100.0,No,No,90848,98731,33,99.0,No,No,3320,0.2,0.1,0.2,0.422,0.081,46429,35369,0.0,0.0,0.0,0.000,0.000,151,0,72.1,94.7,83.0,1.075,12.048,12.098,12.094,11.952,2717,148.568,66.662,124.636,46.783,109.659,31.277,78.109,0.336,124.636,31.578,7.941,111.667,220.000,240.000,1905.0,1750.2,1665.0,1887.2,1800.0,59.0,22.0,0.0,8.0,93.3,12.2,48.7,0.0,0.0,0.0,77,Yes,No,No,Yes,Yes,No,No,71.0,61.9,4,0,0,0,0,0,0,0,0,105,0,0,0,0,0,0,0,0,0,0,0,0,0,0,0,0,0,0,0,0,547,7645,7483,1748,8.0,0.0,0.0,0.0,0.0,0.0,0.0,0.0,0.0,0.0,0.0,0.0,0.0,0.00,0.00,0.00,0.00,0.00,0.00,0.00,0.00,0.00,0.00,0.00,0,0,0.0,0.0,3180,250,8.2,2.4,0,
3.7.2026,23:0:2.157,29841,16153,64.8,16141,16541,49.3,0.5,13312,69,1.312,1.312,1.306,1.312,1.312,1.312,1.312,1.312,1.319,4042.7,4042.7,4042.7,4042.7,4042.7,4042.7,4042.7,4042.7,4042.7,99.8,1942.1,3970.3,3222.4,1846.0,3717.2,2077.7,2077.8,1937.7,1780.2,1157.1,1189.7,1679.5,1566.3,1462.7,1359.9,976.2,1053.4,1942.1,46.5,58.2,79.8,45.8,91.2,51.1,53.5,48.7,45.7,30.2,31.1,42.8,40.3,36.5,35.9,25.6,27.5,91.2,46.5,52.2,65.4,89.5,51.5,102.3,57.4,60.1,54.7,51.3,33.4,35.0,48.1,45.3,41.0,39.8,28.9,30.9,52.2,40.5,40.5,40.5,40.5,40.5,40.5,40.5,40.5,40.5,0.0,88.6,98.1,99.6,91.4,89.4,81.2,86.2,83.7,79.4,11.4,1.9,0.4,8.6,10.6,18.8,13.8,16.3,20.6,0.0,0.0,0.0,0.0,0.0,0.0,0.0,0.0,0.0,1197.8,12.00,16,16,16,39,55,661,1,82.6,82.7,81.2,75.2,78.4,82.0,76.1,75.3,72.4,73.5,72.2,71.5,67.2,67.4,66.9,58.8,54.8,1.337,1.025,1.337,18.062,11.819,18.079,79.773,45.434,5.164,6.869,7.742,5.376,5.007,3.900,4.600,4.207,3.612,23.963,12.198,36.162,45.449,1197.8,1197.8,4045.2,4045.2,4045.2,4045.2,51.6,30.1,88.6,87.1,57.1,No,No,No,2.179,1.346,7.1,50,95.0,100.0,No,No,90848,98731,33,99.0,No,No,3320,0.3,0.1,0.4,1.293,0.887,46432,35371,0.0,0.0,0.0,0.000,0.000,151,0,71.6,93.8,83.0,1.075,12.055,12.104,12.100,11.962,2695,138.428,64.116,118.465,44.675,103.926,30.468,73.187,0.336,118.465,29.921,8.433,113.279,220.000,240.000,1905.0,1750.2,1665.0,1887.7,1800.0,55.0,21.0,0.0,7.0,93.4,11.0,44.2,0.0,0.0,0.0,76,Yes,No,No,Yes,Yes,No,No,67.4,64.8,4,0,0,0,0,0,0,0,0,105,0,0,0,0,0,0,0,0,0,0,0,0,0,0,0,0,0,0,0,0,544,7648,7487,1786,8.0,0.0,0.0,0.0,0.0,0.0,0.0,0.0,0.0,0.0,0.0,0.0,0.0,0.00,0.00,0.00,0.00,0.00,0.00,0.00,0.00,0.00,0.00,0.00,0,0,0.0,0.0,3180,250,2.7,1.8,0,
3.7.2026,23:0:4.150,29785,16209,64.7,16118,16564,49.3,0.5,13312,69,1.303,1.294,1.312,1.306,1.306,1.306,1.300,1.300,1.300,4039.6,4017.8,4042.7,4042.7,4042.7,4042.7,4042.7,4042.7,4042.7,99.8,2044.4,3967.9,2316.0,2470.7,3256.6,2671.5,1996.3,2294.0,1910.5,1295.1,1359.2,1843.1,1680.8,1607.5,1566.7,1138.3,1336.7,2044.4,48.4,76.7,57.3,59.7,82.5,64.8,48.7,55.0,45.9,31.5,32.2,44.6,40.4,39.6,36.9,26.8,31.5,82.5,48.4,54.2,85.9,64.2,66.9,92.4,72.6,54.5,61.7,51.4,35.2,36.0,49.9,45.3,44.4,41.3,30.0,35.2,54.2,40.5,40.2,40.5,40.5,40.5,40.5,40.5,40.5,40.5,0.0,90.3,98.2,99.6,94.6,91.5,83.3,87.2,85.9,82.1,9.7,1.8,0.4,5.4,8.5,16.7,12.8,14.1,17.9,0.0,0.0,0.0,0.0,0.0,0.0,0.0,0.0,0.0,1197.8,12.00,16,16,16,39,55,661,1,83.0,83.1,84.8,75.9,78.8,81.8,77.8,76.2,72.9,74.0,73.2,72.7,67.4,67.6,67.1,57.8,55.3,1.331,1.025,1.337,19.127,11.725,19.126,81.276,46.541,5.531,6.811,7.839,6.115,5.525,4.226,4.898,4.648,4.190,25.342,12.102,37.444,46.679,1197.8,1197.8,4042.5,4042.5,4042.5,4042.5,53.0,31.9,90.3,87.4,57.9,No,No,No,1.880,1.146,7.2,50,95.0,100.0,No,No,90848,98731,33,99.0,No,No,3320,0.4,0.0,0.4,1.596,0.004,46435,35371,0.0,0.0,0.0,0.000,0.000,151,0,70.7,93.0,83.0,1.075,12.056,12.103,12.099,11.966,2680,143.141,58.971,112.005,41.539,99.402,29.938,69.197,0.336,112.005,28.724,7.865,88.700,220.000,240.000,1905.0,1750.2,1665.0,1887.5,1800.0,58.0,23.0,0.0,8.0,93.3,11.2,44.9,0.0,0.0,0.0,75,Yes,No,No,Yes,Yes,No,No,64.0,68.5,4,0,0,0,0,0,0,0,0,105,0,0,0,0,0,0,0,0,0,0,0,0,0,0,0,0,0,0,0,0,548,7644,7483,1786,8.0,0.0,0.0,0.0,0.0,0.0,0.0,0.0,0.0,0.0,0.0,0.0,0.0,0.00,0.00,0.00,0.00,0.00,0.00,0.00,0.00,0.00,0.00,0.00,0,0,0.0,0.0,3180,250,2.6,1.5,0,
3.7.2026,23:0:6.159,29780,16213,64.7,16129,16552,49.3,0.5,13312,69,1.308,1.319,1.312,1.319,1.288,1.288,1.312,1.312,1.312,4027.1,4042.7,4017.8,4017.8,4042.7,4042.7,4017.8,4017.8,4017.8,99.8,2031.3,3990.0,2258.7,2683.4,3262.0,3050.2,1613.1,2401.9,1747.1,1280.5,1278.7,1904.9,1666.2,1669.5,1531.8,1039.9,1122.9,2031.3,49.3,84.1,52.9,64.6,83.3,75.3,40.0,60.2,43.5,32.0,31.6,47.4,41.2,40.5,38.9,25.9,27.8,84.1,49.3,55.6,94.3,59.6,72.6,93.4,84.6,45.2,67.7,49.1,36.3,35.8,53.4,46.5,45.8,43.9,29.5,31.6,55.6,40.3,40.5,40.2,40.2,40.5,40.5,40.2,40.2,40.2,0.0,91.2,98.7,99.9,95.8,92.7,84.0,89.1,87.2,81.8,8.8,1.3,0.1,4.2,7.3,16.0,10.9,12.8,18.2,0.0,0.0,0.0,0.0,0.0,0.0,0.0,0.0,0.0,1197.8,12.00,16,16,16,39,55,661,1,83.2,83.7,83.8,76.1,78.9,83.4,78.1,76.7,72.9,74.2,73.0,71.9,67.7,68.0,67.5,59.8,54.9,1.337,1.031,1.337,19.157,11.790,19.155,82.045,46.708,5.445,6.832,8.040,6.111,5.423,4.058,4.869,4.536,3.694,25.386,12.170,37.556,46.793,1197.8,1197.8,4043.0,4043.0,4043.0,4043.0,53.2,31.9,91.2,88.1,57.7,No,No,No,1.810,1.177,7.3,50,95.0,100.0,No,No,90848,98731,33,99.0,No,No,3320,0.2,0.0,0.2,0.617,0.058,46436,35371,0.0,0.0,0.0,0.000,0.000,151,0,71.2,93.6,83.0,1.075,12.048,12.097,12.094,11.954,2659,146.715,70.794,122.487,45.991,106.874,30.926,75.675,0.336,122.487,30.146,59.463,113.554,220.000,240.000,1905.0,1750.2,1665.0,1887.3,1800.0,59.0,22.0,0.0,8.0,93.3,12.0,48.1,0.0,0.0,0.0,74,Yes,No,No,Yes,Yes,No,No,69.4,71.7,4,0,0,0,0,0,0,0,0,105,0,0,0,0,0,0,0,0,0,0,0,0,0,0,0,0,0,0,0,0,548,7644,7483,1786,8.0,0.0,0.0,0.0,0.0,0.0,0.0,0.0,0.0,0.0,0.0,0.0,0.0,0.00,0.00,0.00,0.00,0.00,0.00,0.00,0.00,0.00,0.00,0.00,0,0,0.0,0.0,3180,250,2.0,1.4,0,
3.7.2026,23:0:8.152,29598,16396,64.3,15884,16798,48.6,0.5,13312,69,1.292,1.288,1.306,1.306,1.288,1.288,1.288,1.288,1.288,4024.0,4017.8,4042.7,4042.7,4017.8,4017.8,4017.8,4017.8,4017.8,99.8,2052.6,3992.2,2333.8,2874.1,2822.4,2430.3,2275.5,2186.6,2005.6,1258.3,1434.4,1730.3,1900.8,1640.8,1577.5,1102.5,1275.7,2052.6,49.1,78.6,59.9,72.9,72.7,63.2,51.9,53.7,47.3,30.3,34.0,42.6,45.2,40.2,37.5,26.1,30.4,78.6,49.1,54.9,88.0,66.9,81.5,81.4,70.7,57.9,60.0,52.8,33.7,37.8,47.5,50.4,44.8,41.7,29.0,33.8,54.9,40.3,40.2,40.5,40.5,40.2,40.2,40.2,40.2,40.2,0.0,90.9,98.8,100.0,94.9,91.8,84.3,88.5,86.8,82.2,9.1,1.2,0.0,5.1,8.2,15.7,11.5,13.2,17.8,0.0,0.0,0.0,0.0,0.0,0.0,0.0,0.0,0.0,1197.8,12.00,16,16,16,39,55,661,1,83.2,83.3,84.2,75.9,80.1,82.1,77.8,76.0,73.0,73.9,72.9,71.8,67.7,67.9,67.4,60.2,55.7,1.312,1.031,1.312,18.891,11.731,18.896,81.805,46.319,5.438,7.112,7.801,5.952,5.379,4.104,4.838,4.491,3.830,25.029,12.109,37.138,46.383,1197.8,1197.8,4042.6,4042.6,4042.6,4042.6,52.7,31.5,90.9,87.6,57.7,No,No,No,1.894,1.053,7.3,50,95.0,100.0,No,No,90848,98731,33,99.0,No,No,3320,0.1,0.0,0.1,0.267,0.004,46436,35371,0.0,0.0,0.0,0.000,0.000,151,0,71.2,94.2,83.0,1.081,12.045,12.095,12.091,11.948,2624,146.192,66.009,125.353,46.578,110.574,31.159,79.111,0.336,125.353,31.531,7.999,102.100,220.000,240.000,1905.0,1750.2,1680.0,1895.8,1815.0,60.0,23.0,0.0,6.0,93.9,11.6,46.6,0.0,0.0,0.0,74,Yes,No,No,Yes,No,No,No,71.3,67.2,4,0,0,0,0,0,0,0,0,105,0,0,0,0,0,0,0,0,0,0,0,0,0,0,0,0,0,0,0,0,503,7689,7528,1792,8.0,0.0,0.0,0.0,0.0,0.0,0.0,0.0,0.0,0.0,0.0,0.0,0.0,0.00,0.00,0.00,0.00,0.00,0.00,0.00,0.00,0.00,0.00,0.00,0,0,0.0,0.0,3180,250,10.5,5.2,0,
3.7.2026,23:0:10.150,29609,16384,64.3,15893,16788,48.6,0.5,13312,69,1.295,1.294,1.281,1.319,1.294,1.294,1.294,1.294,1.294,4039.6,4042.7,4042.7,4017.8,4042.7,4042.7,4042.7,4042.7,4042.7,99.8,2183.6,3991.7,3370.5,2999.1,3049.0,1872.5,3018.5,2047.1,2347.3,1316.9,1460.1,1719.8,2078.6,1551.4,1755.8,1110.3,1248.8,2183.6,51.3,58.2,83.6,75.9,73.2,46.2,74.5,51.0,57.6,32.0,35.8,42.3,51.3,38.1,42.8,27.0,30.5,83.6,51.3,57.5,65.3,93.7,85.0,82.0,51.8,83.6,57.2,64.6,36.0,40.2,47.4,57.5,42.8,48.0,30.4,34.2,57.5,40.5,40.5,40.5,40.2,40.5,40.5,40.5,40.5,40.5,0.0,92.6,98.8,99.9,96.8,94.2,86.7,91.1,88.8,84.6,7.4,1.2,0.1,3.2,5.8,13.3,8.9,11.2,15.4,0.0,0.0,0.0,0.0,0.0,0.0,0.0,0.0,0.0,1197.8,12.00,16,16,16,39,55,661,1,83.2,83.7,83.5,76.5,80.1,82.4,79.0,77.0,73.4,74.4,73.1,72.4,67.9,68.2,67.7,58.0,55.0,1.312,1.031,1.319,19.626,11.868,19.621,83.352,47.329,5.586,7.096,7.920,6.270,5.608,4.253,5.054,4.581,3.902,26.000,12.253,38.253,47.499,1197.8,1197.8,4041.9,4041.9,4041.9,4041.9,54.0,32.7,92.6,88.1,58.2,No,No,No,1.893,1.207,7.4,49,95.0,100.0,No,No,90848,98731,33,99.0,No,No,3320,0.6,0.0,0.7,1.028,0.065,46438,35371,0.0,0.0,0.0,0.000,0.000,151,0,70.8,93.4,83.0,1.081,12.048,12.098,12.094,11.953,2590,157.924,64.171,122.599,45.367,106.655,30.624,75.741,0.336,122.599,29.181,7.931,100.677,220.000,240.000,1905.0,1750.2,1680.0,1898.6,1815.0,59.0,22.0,0.0,8.0,93.9,12.9,51.7,0.0,0.0,0.0,73,Yes,No,No,Yes,No,No,No,69.0,66.4,4,0,0,0,0,0,0,0,0,105,0,0,0,0,0,0,0,0,0,0,0,0,0,0,0,0,0,0,0,0,499,7693,7532,1792,8.0,0.0,0.0,0.0,0.0,0.0,0.0,0.0,0.0,0.0,0.0,0.0,0.0,0.00,0.00,0.00,0.00,0.00,0.00,0.00,0.00,0.00,0.00,0.00,0,0,0.0,0.0,3180,250,8.2,6.7,0,
3.7.2026,23:0:12.148,29609,16385,64.3,15901,16781,48.6,0.5,13312,69,1.308,1.306,1.300,1.306,1.306,1.306,1.312,1.312,1.312,4027.1,4017.8,4042.7,4042.7,3992.8,3992.8,4042.7,4042.7,4042.7,99.8,2130.6,4005.7,3599.8,2780.7,3204.2,2066.2,2725.4,2094.5,2055.2,1227.2,1394.9,1748.9,1831.6,1575.7,1555.9,1038.7,1184.5,2130.6,49.2,53.1,89.1,67.6,75.6,46.1,72.0,48.9,52.5,29.4,35.3,40.6,47.7,37.5,38.6,24.6,29.0,89.1,49.2,55.2,59.6,99.9,75.8,84.7,51.7,80.7,54.9,58.9,33.0,39.6,45.6,53.4,42.0,43.3,27.6,32.5,55.2,40.3,40.2,40.5,40.5,40.0,40.0,40.5,40.5,40.5,0.0,91.8,99.1,99.9,96.6,93.0,85.8,89.6,87.3,83.3,8.2,0.9,0.1,3.4,7.0,14.2,10.4,12.7,16.7,0.0,0.0,0.0,0.0,0.0,0.0,0.0,0.0,0.0,1197.8,12.00,16,16,16,39,55,661,1,83.2,83.5,83.0,76.4,81.2,81.9,79.1,76.2,73.3,74.1,73.0,72.1,67.9,68.1,67.7,60.0,56.0,1.337,1.031,1.337,19.460,11.792,19.457,82.632,47.121,5.529,7.406,7.781,6.336,5.402,4.136,4.883,4.491,3.798,25.793,12.176,37.970,47.208,1197.8,1197.8,4042.0,4042.0,4042.0,4042.0,53.6,32.4,91.8,87.9,58.3,No,No,No,1.822,1.123,7.3,50,95.0,100.0,No,No,90848,98731,33,99.0,No,No,3320,0.2,0.0,0.2,0.635,0.009,46440,35371,0.0,0.0,0.0,0.000,0.000,151,0,70.9,92.9,83.0,1.081,12.052,12.101,12.097,11.957,2570,143.592,64.429,122.131,45.247,106.683,30.945,75.451,0.336,122.131,29.550,7.873,103.938,220.000,240.000,1905.0,1750.2,1680.0,1899.3,1815.0,55.0,20.0,0.0,7.0,93.9,11.6,46.2,0.0,0.0,0.0,72,Yes,No,No,Yes,No,No,No,68.9,75.7,4,0,0,0,0,0,0,0,0,105,0,0,0,0,0,0,0,0,0,0,0,0,0,0,0,0,0,0,0,0,500,7692,7531,1792,8.0,0.0,0.0,0.0,0.0,0.0,0.0,0.0,0.0,0.0,0.0,0.0,0.0,0.00,0.00,0.00,0.00,0.00,0.00,0.00,0.00,0.00,0.00,0.00,0,0,0.0,0.0,3180,250,3.2,13.1,0,
3.7.2026,23:0:14.155,29607,16386,64.3,15906,16775,48.6,0.5,13312,69,1.308,1.312,1.312,1.306,1.306,1.306,1.306,1.306,1.306,4042.7,4042.7,4042.7,4042.7,4042.7,4042.7,4042.7,4042.7,4042.7,99.8,1910.2,3997.7,2537.9,2755.6,2982.1,2770.0,1613.4,2061.6,1622.7,1188.1,1089.3,1694.1,1443.7,1569.8,1320.9,968.9,947.4,1910.2,48.2,73.9,63.5,69.5,74.9,70.1,45.2,56.2,42.3,32.1,29.4,46.6,37.1,41.2,35.8,26.6,26.5,74.9,48.2,53.9,82.9,71.1,77.9,83.9,78.5,50.6,62.9,47.3,35.9,32.9,52.1,41.5,46.2,40.0,29.8,29.6,53.9,40.5,40.5,40.5,40.5,40.5,40.5,40.5,40.5,40.5,0.0,90.6,98.9,99.8,95.9,91.4,83.4,87.5,86.4,81.5,9.4,1.1,0.2,4.1,8.6,16.6,12.5,13.6,18.5,0.0,0.0,0.0,0.0,0.0,0.0,0.0,0.0,0.0,1197.8,12.00,16,16,16,39,55,661,1,83.1,83.6,80.8,76.5,80.9,82.2,79.1,76.7,73.2,74.1,73.4,72.1,67.9,68.1,67.6,59.5,55.6,1.306,1.031,1.312,19.178,11.776,19.187,81.545,46.804,5.344,7.248,8.022,5.940,5.079,3.912,4.602,4.367,3.583,25.414,12.160,37.575,46.827,1197.8,1197.8,4042.0,4042.2,4041.9,4042.2,53.2,32.0,90.6,88.0,57.5,No,No,No,1.849,1.176,7.2,49,95.0,100.0,No,No,90848,98731,33,99.0,No,No,3320,0.1,0.0,0.1,0.326,0.061,46441,35371,0.0,0.0,0.0,0.000,0.000,151,0,70.2,92.6,83.0,1.081,12.054,12.103,12.098,11.962,2544,152.914,66.793,117.549,44.066,102.507,29.594,72.624,0.336,117.549,28.792,58.818,96.093,220.000,240.000,1905.0,1750.2,1680.0,1898.5,1815.0,55.0,18.0,0.0,5.0,93.9,12.0,47.8,0.0,0.0,0.0,71,Yes,No,No,Yes,No,No,No,66.5,62.9,4,0,0,0,0,0,0,0,0,105,0,0,0,0,0,0,0,0,0,0,0,0,0,0,0,0,0,0,0,0,500,7692,7531,1792,8.0,0.0,0.0,0.0,0.0,0.0,0.0,0.0,0.0,0.0,0.0,0.0,0.0,0.00,0.00,0.00,0.00,0.00,0.00,0.00,0.00,0.00,0.00,0.00,0,0,0.0,0.0,3180,250,2.8,8.8,0,
3.7.2026,23:0:16.148,29615,16379,64.3,15912,16769,48.6,0.5,13312,69,1.297,1.312,1.312,1.312,1.288,1.288,1.288,1.288,1.288,4024.0,4042.7,4042.7,4017.8,4017.8,4017.8,4017.8,4017.8,4017.8,99.8,1634.0,3858.2,1458.2,2112.0,2892.2,2391.1,1437.7,1816.1,1468.2,958.0,955.2,1494.0,1289.8,1352.1,1066.5,794.9,800.4,1634.0,38.9,81.9,35.8,52.3,73.2,58.2,35.1,42.0,36.7,22.9,22.5,35.0,31.3,32.1,25.5,18.6,18.8,81.9,38.9,43.5,91.9,40.0,58.7,82.1,65.3,39.2,47.0,41.1,25.5,25.1,39.1,35.0,35.9,28.4,20.7,20.9,43.5,40.3,40.5,40.5,40.2,40.2,40.2,40.2,40.2,40.2,0.0,85.7,95.3,98.5,89.4,86.3,77.6,82.3,80.8,75.4,14.3,4.7,1.5,10.6,13.7,22.4,17.7,19.2,24.6,0.0,0.0,0.0,0.0,0.0,0.0,0.0,0.0,0.0,1197.8,12.00,16,16,16,39,55,661,1,82.8,82.2,80.8,74.1,76.7,81.2,75.1,74.1,71.4,72.2,71.4,70.4,67.2,67.5,66.9,58.8,55.3,1.325,1.038,1.337,16.568,11.439,16.571,77.130,42.913,4.849,6.239,7.444,5.251,4.765,3.576,4.244,3.961,3.314,21.992,11.801,33.793,42.986,1197.8,1197.8,4047.7,4047.8,4047.6,4047.8,48.8,27.6,85.7,86.5,57.0,No,No,No,1.602,0.802,6.9,49,95.0,100.0,No,No,90848,98731,33,99.0,No,No,3320,0.1,0.0,0.1,0.208,0.037,46441,35371,0.0,0.0,0.0,0.000,0.000,151,0,69.5,90.9,83.0,1.081,12.060,12.108,12.102,11.970,2512,133.915,65.558,112.067,41.541,98.259,29.758,68.238,0.336,112.067,27.524,73.941,91.846,220.000,240.000,1905.0,1750.2,1680.0,1899.7,1815.0,53.0,19.0,0.0,6.0,93.9,10.4,41.6,0.0,0.0,0.0,71,Yes,No,No,Yes,No,No,No,63.8,56.9,4,0,0,0,0,0,0,0,0,105,0,0,0,0,0,0,0,0,0,0,0,0,0,0,0,0,0,0,0,0,500,7692,7531,1792,8.0,0.0,0.0,0.0,0.0,0.0,0.0,0.0,0.0,0.0,0.0,0.0,0.0,0.00,0.00,0.00,0.00,0.00,0.00,0.00,0.00,0.00,0.00,0.00,0,0,0.0,0.0,3180,250,5.1,1.5,0,
3.7.2026,23:0:18.147,29630,16364,64.4,15919,16763,48.7,0.5,13312,69,1.309,1.312,1.319,1.281,1.306,1.312,1.312,1.312,1.312,4042.7,4042.7,4042.7,4042.7,4042.7,4042.7,4042.7,4042.7,4042.7,99.8,1830.3,3941.9,2379.2,1999.8,3257.3,2305.2,1756.2,1882.5,1744.6,1168.6,1037.2,1606.9,1524.9,1457.9,1236.5,1063.0,923.1,1830.3,43.0,70.6,58.4,49.3,82.6,57.2,41.3,46.8,40.9,28.0,25.2,39.1,36.5,35.6,29.8,24.9,22.2,82.6,43.0,48.5,79.4,65.7,55.5,92.7,64.3,46.6,52.7,46.1,31.6,28.5,44.1,41.2,40.1,33.6,28.2,25.2,48.5,40.5,40.5,40.5,40.5,40.5,40.5,40.5,40.5,40.5,0.0,88.0,97.4,99.3,91.1,88.7,80.5,85.3,83.0,78.9,12.0,2.6,0.7,8.9,11.3,19.5,14.7,17.0,21.1,0.0,0.0,0.0,0.0,0.0,0.0,0.0,0.0,0.0,1197.8,12.00,16,16,16,39,55,661,1,82.8,82.5,80.5,74.8,78.1,81.3,76.2,74.9,71.9,72.9,71.9,71.0,67.2,67.4,66.9,59.2,55.0,1.319,1.031,1.319,17.594,11.715,17.585,79.225,44.535,5.102,6.715,7.536,5.491,5.006,3.808,4.528,4.166,3.569,23.351,12.090,35.440,44.660,1197.8,1197.8,4046.6,4046.6,4046.6,4046.6,50.8,29.3,88.0,86.8,57.2,No,No,No,1.898,1.124,7.0,49,95.0,100.0,No,No,90848,98731,33,99.0,No,No,3320,0.1,0.0,0.1,0.265,0.108,46441,35372,0.0,0.0,0.0,0.000,0.000,151,0,70.2,92.3,83.0,1.081,12.050,12.100,12.095,11.955,2481,147.593,70.355,121.387,44.916,106.699,30.880,75.529,0.336,121.387,29.976,58.472,113.968,220.000,240.000,1905.0,1750.2,1680.0,1899.1,1815.0,58.0,22.0,0.0,7.0,93.9,11.6,46.3,0.0,0.0,0.0,69,Yes,No,No,Yes,No,No,No,68.8,66.1,4,0,0,0,0,0,0,0,0,105,0,0,0,0,0,0,0,0,0,0,0,0,0,0,0,0,0,0,0,0,500,7692,7531,1793,8.0,0.0,0.0,0.0,0.0,0.0,0.0,0.0,0.0,0.0,0.0,0.0,0.0,0.00,0.00,0.00,0.00,0.00,0.00,0.00,0.00,0.00,0.00,0.00,0,0,0.0,0.0,3180,250,3.1,3.4,0,
3.7.2026,23:0:20.152,29647,16347,64.4,15940,16741,48.7,0.5,13312,69,1.291,1.288,1.312,1.306,1.306,1.306,1.262,1.262,1.281,4014.6,4017.8,4042.7,4042.7,4042.7,4042.7,3967.8,3967.8,3992.8,99.8,2009.1,3934.0,3177.4,1777.6,3722.0,2107.7,2239.8,2019.5,1767.2,1365.5,1203.0,1832.5,1559.6,1662.0,1337.7,1361.3,1079.5,2009.1,46.7,55.5,78.5,44.0,92.8,51.6,55.1,48.9,43.6,33.0,29.1,44.7,38.4,40.4,32.4,32.9,26.1,92.8,46.7,52.3,62.2,87.9,49.3,104.0,57.9,61.7,54.8,48.8,37.0,32.6,50.1,43.0,45.3,36.3,36.9,29.3,52.3,40.2,40.2,40.5,40.5,40.5,40.5,39.8,39.8,40.0,0.0,89.2,97.3,99.5,92.2,89.6,82.1,86.8,84.6,81.3,10.8,2.7,0.5,7.8,10.4,17.9,13.2,15.4,18.7,0.0,0.0,0.0,0.0,0.0,0.0,0.0,0.0,0.0,1197.8,12.00,16,16,16,39,55,661,1,82.9,83.0,78.8,75.7,78.7,81.9,76.8,75.3,73.0,74.0,72.7,73.1,67.4,67.7,67.2,60.0,55.2,1.312,1.031,1.325,18.574,11.755,18.572,80.258,45.859,5.358,6.805,7.672,5.659,5.100,4.162,4.754,4.447,4.268,24.614,12.134,36.749,45.983,1197.8,1197.8,4041.3,4041.3,4041.3,4041.3,52.3,31.0,89.2,87.3,57.4,No,No,No,1.841,1.205,7.1,49,95.0,100.0,No,No,90848,98731,33,99.0,No,No,3320,0.4,0.2,0.5,1.497,0.350,46444,35372,0.0,0.0,0.0,0.000,0.000,151,0,69.7,91.4,83.0,1.081,12.059,12.108,12.102,11.968,2451,147.843,60.332,114.471,42.620,99.904,29.418,70.213,0.336,114.471,27.831,7.629,96.430,220.000,240.000,1905.0,1750.2,1680.0,1899.6,1815.0,53.0,19.0,0.0,6.0,93.8,11.6,46.5,0.0,0.0,0.0,69,Yes,No,No,Yes,No,No,No,64.7,69.5,4,0,0,0,0,0,0,0,0,105,0,0,0,0,0,0,0,0,0,0,0,0,0,0,0,0,0,0,0,0,504,7688,7527,1795,8.0,0.0,0.0,0.0,0.0,0.0,0.0,0.0,0.0,0.0,0.0,0.0,0.0,0.00,0.00,0.00,0.00,0.00,0.00,0.00,0.00,0.00,0.00,0.00,0,0,0.0,0.0,3180,251,3.2,10.6,0,
3.7.2026,23:0:22.147,29684,16310,64.5,15964,16718,48.8,0.5,13312,69,1.307,1.306,1.312,1.306,1.306,1.306,1.306,1.306,1.306,4030.2,4042.7,4042.7,4042.7,4042.7,4017.8,4017.8,4017.8,4017.8,99.8,1930.1,3941.5,3190.9,1807.0,3612.5,2120.2,2095.1,2007.0,1698.1,1263.2,1058.9,1773.5,1468.8,1605.3,1233.6,1124.0,882.4,1930.1,45.1,54.1,79.3,45.0,89.6,52.4,51.8,49.6,41.9,31.3,26.3,43.9,36.3,39.5,30.6,28.0,21.9,89.6,45.1,50.3,60.5,88.8,50.3,100.5,58.5,57.9,55.5,46.7,34.8,29.2,48.9,40.4,44.0,34.0,31.1,24.2,50.3,40.4,40.5,40.5,40.5,40.5,40.2,40.2,40.2,40.2,0.0,89.2,97.5,99.2,92.3,90.0,82.2,86.7,84.9,80.6,10.8,2.5,0.8,7.7,10.0,17.8,13.3,15.1,19.4,0.0,0.0,0.0,0.0,0.0,0.0,0.0,0.0,0.0,1197.8,12.00,16,16,16,39,55,661,1,82.9,82.9,82.2,75.1,78.1,81.9,76.1,75.2,72.4,73.3,72.3,71.5,67.5,67.8,67.3,58.8,55.0,1.337,1.038,1.337,17.801,11.755,17.802,80.256,44.917,5.142,6.629,7.629,5.479,5.054,3.888,4.587,4.263,3.608,23.616,12.130,35.746,44.990,1197.8,1197.8,4044.6,4044.6,4044.6,4044.6,51.1,29.7,89.2,87.2,57.2,No,No,No,1.868,1.205,7.1,49,95.0,100.0,No,No,90848,98731,33,99.0,No,No,3320,0.2,0.0,0.2,0.498,0.175,46445,35373,0.0,0.0,0.0,0.000,0.000,151,0,69.8,91.9,83.0,1.081,12.057,12.106,12.100,11.964,2421,148.344,62.583,118.506,44.173,103.313,30.340,72.684,0.336,118.506,28.730,20.570,88.675,220.000,240.000,1905.0,1750.2,1680.0,1899.2,1815.0,57.0,21.0,0.0,7.0,93.8,11.9,47.6,0.0,0.0,0.0,68,Yes,No,No,Yes,No,No,No,66.9,77.6,4,0,0,0,0,0,0,0,0,105,0,0,0,0,0,0,0,0,0,0,0,0,0,0,0,0,0,0,0,0,504,7688,7527,1796,8.0,0.0,0.0,0.0,0.0,0.0,0.0,0.0,0.0,0.0,0.0,0.0,0.0,0.00,0.00,0.00,0.00,0.00,0.00,0.00,0.00,0.00,0.00,0.00,0,0,0.0,0.0,3180,251,14.0,7.5,0,
3.7.2026,23:0:24.147,29679,16315,64.5,15963,16719,48.8,0.5,13312,69,1.312,1.319,1.306,1.312,1.312,1.312,1.312,1.312,1.312,4042.7,4042.7,4042.7,4042.7,4042.7,4042.7,4042.7,4042.7,4042.7,99.8,1795.7,3933.0,1816.1,2211.1,3141.1,2572.0,1554.3,2232.8,1350.2,1274.4,929.4,1896.6,1217.6,1673.1,1080.7,1079.2,769.4,1795.7,43.2,82.1,44.4,54.0,78.5,63.4,37.9,55.0,32.9,31.1,22.6,46.7,29.7,41.0,26.4,26.2,18.5,82.1,43.2,48.7,92.2,50.1,60.8,88.2,71.3,42.8,62.0,37.2,35.2,25.6,52.5,33.6,46.3,29.9,29.7,21.1,48.7,40.5,40.5,40.5,40.5,40.5,40.5,40.5,40.5,40.5,0.0,88.5,97.2,99.6,91.8,89.5,81.0,85.8,83.9,78.8,11.5,2.8,0.4,8.2,10.5,19.0,14.2,16.1,21.2,0.0,0.0,0.0,0.0,0.0,0.0,0.0,0.0,0.0,1197.8,12.00,16,16,16,39,55,661,1,82.9,82.6,82.2,74.8,77.2,82.1,75.8,74.7,72.0,73.0,72.1,71.0,67.3,67.6,67.1,59.0,55.1,1.325,1.031,1.337,17.477,11.777,17.480,79.611,44.509,5.063,6.410,7.684,5.427,4.913,3.821,4.523,4.220,3.501,23.192,12.151,35.343,44.583,1197.8,1197.8,4046.1,4046.2,4046.0,4046.2,50.7,29.1,88.5,86.9,57.0,No,No,No,1.859,1.187,7.1,49,95.0,100.0,No,No,90848,98731,33,99.0,No,No,3320,0.2,0.1,0.2,0.363,0.088,46446,35373,0.0,0.0,0.0,0.000,0.000,151,0,69.7,91.6,83.0,1.081,12.056,12.105,12.100,11.964,2392,147.403,61.539,116.140,43.347,102.471,29.923,72.267,0.336,116.140,29.434,7.710,97.620,220.000,240.000,1905.0,1750.2,1680.0,1899.3,1815.0,55.0,20.0,0.0,7.0,93.8,11.5,46.0,0.0,0.0,0.0,67,Yes,No,No,Yes,No,No,No,66.2,65.4,4,0,0,0,0,0,0,0,0,105,0,0,0,0,0,0,0,0,0,0,0,0,0,0,0,0,0,0,0,0,505,7687,7526,1794,8.0,0.0,0.0,0.0,0.0,0.0,0.0,0.0,0.0,0.0,0.0,0.0,0.0,0.00,0.00,0.00,0.00,0.00,0.00,0.00,0.00,0.00,0.00,0.00,0,0,0.0,0.0,3180,251,12.6,6.8,0,
3.7.2026,23:0:26.153,29680,16314,64.5,15965,16717,48.8,0.5,13312,69,1.312,1.306,1.306,1.312,1.312,1.312,1.312,1.319,1.319,4042.7,4042.7,4042.7,4042.7,4042.7,4042.7,4042.7,4042.7,4042.7,99.8,1732.5,3945.9,1793.6,2351.3,2918.3,2466.2,1414.5,2261.7,1227.8,1210.5,818.1,1880.4,1097.4,1672.7,900.5,1071.4,690.2,1732.5,41.8,81.4,44.4,59.0,70.2,61.0,34.7,55.6,30.4,30.3,20.2,46.4,27.2,41.5,22.2,26.7,17.3,81.4,41.8,46.6,91.3,49.5,66.0,78.7,68.3,38.7,62.2,33.8,33.7,22.3,51.8,30.2,46.3,24.5,29.6,19.0,46.6,40.5,40.5,40.5,40.5,40.5,40.5,40.5,40.5,40.5,0.0,87.5,97.5,98.3,90.2,88.7,79.5,84.9,82.9,77.9,12.5,2.5,1.7,9.8,11.3,20.5,15.1,17.1,22.1,0.0,0.0,0.0,0.0,0.0,0.0,0.0,0.0,0.0,1197.8,12.00,16,16,16,39,55,661,1,82.5,82.2,81.5,74.3,77.9,80.4,75.2,74.4,71.7,72.6,71.7,70.8,67.1,67.4,66.9,58.8,55.1,1.331,1.025,1.337,17.000,11.764,17.005,78.729,43.880,4.953,6.639,7.277,5.208,4.873,3.697,4.406,4.075,3.445,22.568,12.135,34.703,43.940,1197.8,1197.8,4047.1,4047.4,4046.7,4047.4,49.9,28.3,87.5,86.6,56.8,No,No,No,1.809,1.235,7.0,49,95.0,100.0,No,No,90848,98731,33,99.0,No,No,3320,0.1,0.0,0.1,0.257,0.107,46446,35373,0.0,0.0,0.0,0.000,0.000,151,0,70.4,92.4,83.0,1.081,12.055,12.104,12.100,11.962,2370,150.890,63.448,120.943,44.532,104.371,30.442,73.641,0.336,120.943,27.697,7.658,103.917,220.000,240.000,1905.0,1750.2,1680.0,1899.0,1815.0,57.0,21.0,0.0,8.0,93.8,12.2,48.7,0.0,0.0,0.0,67,Yes,No,No,Yes,No,No,No,67.6,64.8,4,0,0,0,0,0,0,0,0,105,0,0,0,0,0,0,0,0,0,0,0,0,0,0,0,0,0,0,0,0,506,7686,7525,1794,8.0,0.0,0.0,0.0,0.0,0.0,0.0,0.0,0.0,0.0,0.0,0.0,0.0,0.00,0.00,0.00,0.00,0.00,0.00,0.00,0.00,0.00,0.00,0.00,0,0,0.0,0.0,3180,251,11.6,3.2,0,
3.7.2026,23:0:28.147,29676,16317,64.5,15969,16713,48.8,0.5,13312,69,1.305,1.300,1.306,1.306,1.306,1.306,1.306,1.306,1.306,4042.7,4042.7,4042.7,4042.7,4042.7,4042.7,4042.7,4042.7,4042.7,99.8,1819.6,3961.0,2320.9,2290.6,2914.3,2337.9,1705.4,2188.7,1489.2,1287.5,946.4,1802.4,1315.0,1609.3,1051.2,1104.3,789.8,1819.6,42.9,71.9,56.9,56.3,73.9,57.5,41.1,53.9,35.7,31.2,22.8,44.1,31.6,39.0,25.2,26.7,18.7,73.9,42.9,48.3,80.7,64.0,63.2,83.0,64.6,46.3,60.6,40.2,35.2,25.7,49.6,35.6,43.9,28.5,30.1,21.2,48.3,40.5,40.5,40.5,40.5,40.5,40.5,40.5,40.5,40.5,0.0,88.7,97.9,99.3,91.6,89.9,81.4,86.3,83.5,79.6,11.3,2.1,0.7,8.4,10.1,18.6,13.7,16.5,20.4,0.0,0.0,0.0,0.0,0.0,0.0,0.0,0.0,0.0,1197.8,12.00,16,16,16,39,55,661,1,82.6,82.5,81.0,74.7,78.2,81.0,75.8,74.8,72.1,72.9,71.8,71.0,67.2,67.4,66.9,60.0,55.5,1.319,1.031,1.331,17.353,11.767,17.349,79.817,44.310,5.081,6.740,7.471,5.378,4.999,3.856,4.544,4.137,3.523,23.032,12.140,35.172,44.412,1197.8,1197.8,4046.3,4046.3,4046.3,4046.3,50.5,28.9,88.7,86.8,56.6,No,No,No,1.997,1.262,7.1,49,95.0,100.0,No,No,90848,98731,33,99.0,No,No,3320,0.1,0.0,0.1,0.275,0.032,46447,35373,0.0,0.0,0.0,0.000,0.000,151,0,69.9,91.9,83.0,1.081,12.058,12.107,12.102,11.966,2347,148.239,60.086,116.086,43.002,101.727,30.261,71.200,0.336,116.086,28.437,7.679,86.046,220.000,240.000,1905.0,1750.2,1680.0,1899.3,1815.0,59.0,20.0,0.0,9.0,93.8,11.7,47.0,0.0,0.0,0.0,66,Yes,No,No,Yes,No,No,No,65.7,59.0,4,0,0,0,0,0,0,0,0,105,0,0,0,0,0,0,0,0,0,0,0,0,0,0,0,0,0,0,0,0,508,7684,7522,1795,8.0,0.0,0.0,0.0,0.0,0.0,0.0,0.0,0.0,0.0,0.0,0.0,0.0,0.00,0.00,0.00,0.00,0.00,0.00,0.00,0.00,0.00,0.00,0.00,0,0,0.0,0.0,3180,251,9.4,2.4,0,
3.7.2026,23:0:30.150,29695,16299,64.5,15990,16692,48.9,0.5,13312,69,1.305,1.312,1.312,1.300,1.300,1.300,1.300,1.300,1.312,4042.7,4042.7,4042.7,4042.7,4042.7,4042.7,4042.7,4042.7,4042.7,99.8,1905.7,3968.3,3482.6,2207.3,3333.9,2043.5,2052.2,2029.4,1565.2,1233.4,932.5,1709.1,1379.7,1571.8,1112.6,1099.5,769.9,1905.7,43.7,48.6,86.3,54.4,77.2,49.6,51.9,50.3,39.2,30.0,22.8,42.4,34.1,39.0,27.5,27.6,18.9,86.3,43.7,49.0,54.5,96.8,61.0,86.6,55.7,58.2,56.4,44.0,33.6,25.5,47.5,38.2,43.7,30.8,30.9,21.1,49.0,40.5,40.5,40.5,40.5,40.5,40.5,40.5,40.5,40.5,0.0,88.0,98.1,99.0,91.8,89.0,79.9,85.0,83.0,78.4,12.0,1.9,1.0,8.2,11.0,20.1,15.0,17.0,21.6,0.0,0.0,0.0,0.0,0.0,0.0,0.0,0.0,0.0,1197.8,12.00,16,16,16,39,55,661,1,82.6,82.8,82.0,75.1,79.5,80.9,76.8,75.0,72.3,73.2,72.2,71.2,67.3,67.6,67.1,58.5,55.6,1.344,1.038,1.337,17.799,11.770,17.798,79.216,44.862,5.136,7.090,7.447,5.546,5.010,3.789,4.511,4.174,3.525,23.605,12.144,35.749,44.999,1197.8,1197.8,4045.1,4045.1,4045.1,4045.1,51.1,29.7,88.0,87.1,57.0,No,No,No,2.019,1.312,7.0,49,95.0,100.0,No,No,90848,98731,33,99.0,No,No,3320,1.6,0.0,1.6,4.805,0.015,46459,35373,0.0,0.0,0.0,0.000,0.000,151,0,69.7,91.1,83.0,1.081,12.062,12.110,12.104,11.971,2320,141.034,59.129,113.737,41.826,99.073,30.071,68.757,0.336,113.737,26.962,7.611,89.181,220.000,240.000,1905.0,1750.2,1680.0,1899.6,1815.0,53.0,19.0,0.0,7.0,93.7,10.5,42.1,0.0,0.0,0.0,66,Yes,No,No,Yes,No,No,No,64.0,74.6,4,0,0,0,0,0,0,0,0,105,0,0,0,0,0,0,0,0,0,0,0,0,0,0,0,0,0,0,0,0,513,7679,7518,1794,8.0,0.0,0.0,0.0,0.0,0.0,0.0,0.0,0.0,0.0,0.0,0.0,0.0,0.00,0.00,0.00,0.00,0.00,0.00,0.00,0.00,0.00,0.00,0.00,0,0,0.0,0.0,3180,251,5.0,6.6,0,
3.7.2026,23:0:32.156,29699,16294,64.5,15991,16691,48.9,0.5,13312,69,1.307,1.306,1.306,1.306,1.306,1.306,1.300,1.312,1.312,4042.7,4042.7,4042.7,4042.7,4042.7,4042.7,4042.7,4042.7,4042.7,99.8,1879.9,3943.6,3425.4,1950.7,3137.2,2029.2,2012.8,2005.0,1599.4,1223.7,994.0,1700.7,1431.8,1578.9,1149.7,1084.1,812.8,1879.9,43.5,49.9,84.9,48.4,85.2,50.6,48.6,49.2,38.1,30.4,23.9,41.4,34.4,38.3,27.8,26.2,19.5,85.2,43.5,48.7,55.8,95.2,54.1,95.5,56.7,54.3,55.0,42.6,33.9,26.6,46.2,38.4,42.7,31.0,29.2,21.7,48.7,40.5,40.5,40.5,40.5,40.5,40.5,40.5,40.5,40.5,0.0,87.5,97.5,99.2,90.4,88.1,79.7,84.8,82.6,77.4,12.5,2.5,0.8,9.6,11.9,20.3,15.2,17.4,22.6,0.0,0.0,0.0,0.0,0.0,0.0,0.0,0.0,0.0,1197.8,12.00,16,16,16,39,55,661,1,82.6,82.6,82.2,74.9,78.9,81.0,76.0,74.8,72.2,73.1,72.1,71.2,67.3,67.6,67.0,58.5,55.2,1.306,1.038,1.312,17.523,11.794,17.524,78.724,44.616,5.113,6.933,7.501,5.362,4.989,3.817,4.540,4.215,3.546,23.243,12.168,35.411,44.654,1197.8,1197.8,4045.1,4045.1,4045.1,4045.1,50.7,29.2,87.5,87.0,56.9,No,No,No,1.895,1.324,7.0,49,95.0,100.0,No,No,90848,98731,33,99.0,No,No,3320,1.5,0.0,1.5,4.656,0.018,46465,35373,0.0,0.0,0.0,0.000,0.000,151,0,68.7,89.6,83.0,1.081,12.067,12.113,12.108,11.981,2299,137.713,55.643,104.499,38.472,92.127,28.720,63.169,0.336,104.499,25.959,7.537,91.110,220.000,240.000,1905.0,1750.2,1680.0,1899.9,1815.0,48.0,17.0,0.0,7.0,93.8,10.8,43.3,0.0,0.0,0.0,65,Yes,No,No,Yes,No,No,No,59.3,54.4,4,0,0,0,0,0,0,0,0,105,0,0,0,0,0,0,0,0,0,0,0,0,0,0,0,0,0,0,0,0,509,7683,7522,1795,8.0,0.0,0.0,0.0,0.0,0.0,0.0,0.0,0.0,0.0,0.0,0.0,0.0,0.00,0.00,0.00,0.00,0.00,0.00,0.00,0.00,0.00,0.00,0.00,0,0,0.0,0.0,3180,251,9.5,1.7,0,
3.7.2026,23:0:34.153,29714,16280,64.6,16013,16668,48.9,0.5,13312,69,1.300,1.312,1.306,1.288,1.288,1.288,1.288,1.312,1.319,4042.7,4042.7,4042.7,4042.7,4042.7,4042.7,4042.7,4042.7,4042.7,99.8,1791.8,3965.3,1724.0,1982.1,3350.3,2417.1,1581.7,2259.2,1361.8,1291.1,967.6,1846.5,1263.7,1640.2,1088.2,1094.4,835.0,1791.8,41.4,84.5,42.3,49.7,78.4,58.0,37.1,54.4,30.3,29.5,21.3,43.5,28.9,37.8,24.1,24.4,17.8,84.5,41.4,46.5,94.8,47.5,55.9,88.0,65.1,41.7,61.1,34.1,33.2,24.0,49.0,32.6,42.5,27.1,27.4,20.0,46.5,40.5,40.5,40.5,40.5,40.5,40.5,40.5,40.5,40.5,0.0,87.1,98.0,99.1,89.9,88.0,79.0,84.4,81.6,76.8,12.9,2.0,0.9,10.1,12.0,21.0,15.6,18.4,23.2,0.0,0.0,0.0,0.0,0.0,0.0,0.0,0.0,0.0,1197.8,12.00,16,16,16,39,55,661,1,82.5,82.1,82.2,74.4,77.5,81.1,75.4,74.5,71.8,72.7,71.6,70.7,67.1,67.4,66.8,58.8,55.1,1.325,1.031,1.331,17.074,11.678,17.079,78.400,43.844,5.039,6.585,7.453,5.285,4.969,3.830,4.508,4.170,3.510,22.668,12.047,34.715,43.943,1197.8,1197.8,4046.9,4047.0,4046.8,4047.0,49.9,28.5,87.1,86.4,56.8,No,No,No,1.758,1.163,7.0,49,95.0,100.0,No,No,90848,98731,33,99.0,No,No,3320,0.2,0.1,0.3,0.560,0.125,46466,35373,0.0,0.0,0.0,0.000,0.000,151,0,68.2,89.0,83.0,1.081,12.072,12.115,12.111,11.989,2278,130.131,54.074,101.034,38.246,87.515,28.030,59.272,0.336,101.034,24.595,7.847,92.836,220.000,240.000,1905.0,1750.2,1680.0,1900.4,1815.0,43.0,14.0,0.0,5.0,93.8,9.5,37.8,0.0,0.0,0.0,64,Yes,No,No,Yes,No,No,No,57.1,62.5,4,0,0,0,0,0,0,0,0,105,0,0,0,0,0,0,0,0,0,0,0,0,0,0,0,0,0,0,0,0,509,7683,7522,1795,8.0,0.0,0.0,0.0,0.0,0.0,0.0,0.0,0.0,0.0,0.0,0.0,0.0,0.00,0.00,0.00,0.00,0.00,0.00,0.00,0.00,0.00,0.00,0.00,0,0,0.0,0.0,3180,251,12.4,2.7,0,
3.7.2026,23:0:36.155,29722,16272,64.6,16027,16654,49.0,0.5,13312,69,1.312,1.312,1.312,1.312,1.312,1.312,1.312,1.312,1.306,4033.4,4042.7,4042.7,4042.7,4042.7,4042.7,4042.7,3992.8,4017.8,99.8,1750.6,3951.6,1614.5,1832.5,3624.3,2397.9,1542.7,1964.7,1561.8,1105.6,997.8,1606.9,1383.3,1465.6,1117.2,1060.2,783.1,1750.6,44.2,87.6,39.6,45.4,89.4,59.6,39.9,52.5,38.6,30.6,26.1,42.0,35.8,39.9,29.6,28.8,21.3,89.4,44.2,49.5,98.2,44.4,50.9,100.3,66.9,44.8,58.9,43.3,34.3,29.2,47.1,40.1,44.7,33.2,32.2,23.9,49.5,40.4,40.5,40.5,40.5,40.5,40.5,40.5,40.0,40.2,0.0,88.3,97.7,99.7,90.7,89.3,80.9,85.4,83.7,79.4,11.7,2.3,0.3,9.3,10.7,19.1,14.6,16.3,20.6,0.0,0.0,0.0,0.0,0.0,0.0,0.0,0.0,0.0,1197.8,12.00,16,16,16,39,55,661,1,90.0,82.8,77.2,75.1,77.4,82.3,75.8,75.4,72.4,73.5,72.4,71.9,67.2,67.5,67.0,57.5,54.9,1.319,1.025,1.312,17.861,11.635,17.858,79.514,44.846,5.084,6.514,7.783,5.301,4.968,3.831,4.525,4.144,3.605,23.689,12.005,35.694,44.916,1197.8,1197.8,4044.3,4044.3,4044.3,4044.3,51.0,29.8,88.3,87.1,57.0,No,No,No,1.883,1.071,7.1,49,95.0,100.0,No,No,90848,98731,33,99.0,No,No,3320,0.1,0.0,0.1,0.342,0.011,46467,35373,0.0,0.0,0.0,0.000,0.000,151,0,68.6,89.3,83.0,1.081,12.063,12.111,12.104,11.974,2237,136.468,58.121,107.178,40.098,94.773,28.785,65.741,0.336,107.178,27.504,22.593,87.023,220.000,240.000,1905.0,1750.2,1680.0,1899.8,1815.0,49.0,18.0,0.0,5.0,93.8,10.0,40.1,0.0,0.0,0.0,63,Yes,No,No,Yes,No,No,No,61.2,57.0,4,0,0,0,0,0,0,0,0,105,0,0,0,0,0,0,0,0,0,0,0,0,0,0,0,0,0,0,0,0,509,7683,7522,1795,8.0,0.0,0.0,0.0,0.0,0.0,0.0,0.0,0.0,0.0,0.0,0.0,0.0,0.00,0.00,0.00,0.00,0.00,0.00,0.00,0.00,0.00,0.00,0.00,0,0,0.0,0.0,3180,251,3.0,14.1,0,
3.7.2026,23:0:38.159,29725,16269,64.6,16021,16661,49.0,0.5,13312,69,1.309,1.300,1.319,1.319,1.306,1.306,1.306,1.306,1.306,4042.7,4042.7,4042.7,4042.7,4042.7,4042.7,4042.7,4042.7,4042.7,99.8,1781.4,3944.3,2151.0,1946.8,3156.0,2031.2,1910.5,1854.8,1791.9,1081.2,1069.6,1587.3,1504.2,1386.6,1213.0,1020.3,852.8,1781.4,42.9,74.5,52.8,44.9,86.9,53.6,44.5,45.5,44.2,26.3,26.7,40.3,36.0,34.2,29.4,25.3,21.3,86.9,42.9,48.1,83.8,59.5,50.6,97.7,60.4,49.7,50.8,49.4,29.9,29.6,45.0,40.1,38.1,32.6,28.1,23.5,48.1,40.5,40.5,40.5,40.5,40.5,40.5,40.5,40.5,40.5,0.0,87.6,97.4,99.8,90.4,88.6,79.8,84.7,81.9,78.2,12.4,2.6,0.2,9.6,11.4,20.2,15.3,18.1,21.8,0.0,0.0,0.0,0.0,0.0,0.0,0.0,0.0,0.0,1197.8,12.00,16,16,16,39,55,661,1,87.6,81.9,78.8,74.3,76.4,81.7,75.0,74.6,71.7,72.6,71.4,70.7,67.0,67.3,66.8,59.0,55.3,1.331,1.025,1.337,17.358,11.642,17.359,78.837,44.156,5.048,6.342,8.305,5.167,4.913,3.758,4.402,4.029,3.467,23.046,12.013,35.059,44.271,1197.8,1197.8,4047.8,4048.0,4047.7,4048.0,50.3,28.9,87.6,86.2,56.9,No,No,No,1.789,0.960,7.0,49,95.0,100.0,No,No,90848,98731,33,99.0,No,No,3320,0.1,0.0,0.1,0.188,0.112,46467,35374,0.0,0.0,0.0,0.000,0.000,151,0,68.9,90.2,83.0,1.081,12.058,12.107,12.101,11.966,2202,137.452,63.434,113.995,42.205,99.904,29.724,69.916,0.336,113.995,27.914,42.990,93.359,220.000,240.000,1905.0,1750.2,1680.0,1900.0,1815.0,52.0,19.0,0.0,6.0,93.8,10.6,42.4,0.0,0.0,0.0,62,Yes,No,No,Yes,No,No,No,63.8,64.3,4,0,0,0,0,0,0,0,0,105,0,0,0,0,0,0,0,0,0,0,0,0,0,0,0,0,0,0,0,0,508,7684,7523,1795,8.0,0.0,0.0,0.0,0.0,0.0,0.0,0.0,0.0,0.0,0.0,0.0,0.0,0.00,0.00,0.00,0.00,0.00,0.00,0.00,0.00,0.00,0.00,0.00,0,0,0.0,0.0,3180,251,8.1,5.6,0,
3.7.2026,23:0:40.146,29730,16264,64.6,16049,16633,49.1,0.5,13312,69,1.311,1.306,1.312,1.306,1.312,1.312,1.312,1.312,1.312,4042.7,4042.7,4042.7,4042.7,4042.7,4042.7,4042.7,4042.7,4042.7,99.8,1808.2,3931.0,3349.2,1487.8,3747.5,1883.4,1947.1,1635.2,1782.5,1053.0,972.2,1365.0,1581.6,1340.7,1191.6,924.4,739.6,1808.2,41.4,47.9,82.9,41.2,88.9,46.4,47.9,39.8,43.7,26.3,23.6,33.1,38.5,32.7,28.9,22.6,17.9,88.9,41.4,46.3,53.4,92.9,45.7,99.7,51.6,53.7,44.7,49.1,28.8,26.5,37.2,43.2,36.7,32.4,25.4,20.1,46.3,40.5,40.5,40.5,40.5,40.5,40.5,40.5,40.5,40.5,0.0,87.0,97.1,98.9,89.7,88.0,78.8,84.3,82.1,76.8,13.0,2.9,1.1,10.3,12.0,21.2,15.7,17.9,23.2,0.0,0.0,0.0,0.0,0.0,0.0,0.0,0.0,0.0,1197.8,12.00,16,16,16,39,55,661,1,84.6,81.4,81.2,74.3,77.5,80.7,75.3,74.5,71.4,72.6,71.5,70.6,67.0,67.3,66.7,59.2,55.4,1.319,1.038,1.337,17.245,11.726,17.246,78.269,44.120,5.057,6.767,7.962,5.250,4.843,3.703,4.456,4.087,3.386,22.905,12.096,35.001,44.232,1197.8,1197.8,4048.6,4048.6,4048.6,4048.6,50.3,28.7,87.0,85.7,56.5,No,No,No,1.858,1.205,7.0,49,95.0,100.0,No,No,90848,98731,33,99.0,No,No,3320,0.1,0.0,0.2,0.429,0.070,46468,35374,0.0,0.0,0.0,0.000,0.000,151,0,70.3,92.4,83.0,1.081,12.047,12.098,12.092,11.952,2164,151.095,68.096,122.654,45.005,107.627,31.014,76.315,0.336,122.654,29.713,35.493,110.153,220.000,240.000,1905.0,1750.2,1680.0,1898.8,1815.0,60.0,24.0,0.0,8.0,93.9,11.9,47.7,0.0,0.0,0.0,61,Yes,No,No,Yes,No,No,No,68.3,69.0,4,0,0,0,0,0,0,0,0,105,0,0,0,0,0,0,0,0,0,0,0,0,0,0,0,0,0,0,0,0,503,7689,7528,1796,8.0,0.0,0.0,0.0,0.0,0.0,0.0,0.0,0.0,0.0,0.0,0.0,0.0,0.00,0.00,0.00,0.00,0.00,0.00,0.00,0.00,0.00,0.00,0.00,0,0,0.0,0.0,3180,251,11.7,6.5,0,
3.7.2026,23:0:42.150,29733,16261,64.6,16022,16660,49.0,0.5,13312,69,1.309,1.306,1.306,1.319,1.319,1.306,1.306,1.306,1.306,4042.7,4042.7,4042.7,4042.7,4042.7,4042.7,4042.7,4042.7,4042.7,99.8,1833.3,3950.4,3411.3,1558.0,3542.3,1827.8,2122.4,1663.8,1795.5,1051.8,1077.9,1405.5,1570.9,1364.1,1237.7,928.1,825.1,1833.3,41.8,47.9,84.4,38.3,88.3,44.7,51.8,40.7,43.5,25.4,26.1,34.3,38.6,33.0,30.2,22.4,19.8,88.3,41.8,47.1,54.0,94.8,43.2,99.1,50.3,58.3,45.9,49.0,28.7,29.5,38.7,43.6,37.2,34.1,25.4,22.4,47.1,40.5,40.5,40.5,40.5,40.5,40.5,40.5,40.5,40.5,0.0,87.9,97.6,98.1,90.7,88.4,81.3,85.7,83.4,78.2,12.1,2.4,1.9,9.3,11.6,18.7,14.3,16.6,21.8,0.0,0.0,0.0,0.0,0.0,0.0,0.0,0.0,0.0,1197.8,12.00,16,16,16,39,55,661,1,82.8,81.6,83.0,74.3,78.0,79.8,75.7,74.4,71.7,72.5,71.6,70.5,67.0,67.3,66.7,59.0,55.4,1.331,1.031,1.337,17.417,11.685,17.410,79.115,44.291,5.053,6.952,7.537,5.339,4.880,3.773,4.462,4.100,3.382,23.127,12.058,35.185,44.402,1197.8,1197.8,4047.9,4047.9,4047.9,4047.9,50.5,29.0,87.9,85.9,57.0,No,No,No,1.870,1.093,7.0,49,95.0,100.0,No,No,90848,98731,33,99.0,No,No,3320,0.3,0.0,0.3,1.511,0.006,46471,35374,0.0,0.0,0.0,0.000,0.000,151,0,69.5,91.3,83.0,1.081,12.057,12.105,12.100,11.966,2141,140.565,67.313,115.606,42.923,100.091,29.950,69.880,0.336,115.606,27.203,70.862,100.669,220.000,240.000,1905.0,1750.2,1680.0,1899.7,1815.0,53.0,19.0,0.0,6.0,93.9,11.5,46.2,0.0,0.0,0.0,60,Yes,No,No,Yes,No,No,No,64.3,65.4,4,0,0,0,0,0,0,0,0,105,0,0,0,0,0,0,0,0,0,0,0,0,0,0,0,0,0,0,0,0,503,7689,7528,1796,8.0,0.0,0.0,0.0,0.0,0.0,0.0,0.0,0.0,0.0,0.0,0.0,0.0,0.00,0.00,0.00,0.00,0.00,0.00,0.00,0.00,0.00,0.00,0.00,0,0,0.0,0.0,3181,251,10.1,10.3,0,
3.7.2026,23:0:44.154,29734,16260,64.6,16176,16506,49.4,0.5,13312,69,1.306,1.306,1.300,1.312,1.306,1.306,1.306,1.306,1.306,4045.8,4067.7,4042.7,4042.7,4042.7,4042.7,4042.7,4042.7,4042.7,99.8,1757.0,3934.7,1768.7,1706.9,3617.7,2295.2,1757.2,1789.5,1665.5,1056.8,1044.4,1506.5,1493.1,1430.7,1223.7,887.8,933.9,1757.0,41.9,82.3,43.5,42.2,87.7,56.4,42.7,43.7,40.8,25.6,24.8,36.2,36.8,35.1,29.5,21.3,22.6,87.7,41.9,47.2,92.4,48.9,47.5,98.5,63.4,48.1,49.2,45.9,28.9,28.0,40.8,41.4,39.5,33.3,24.1,25.5,47.2,40.5,40.8,40.5,40.5,40.5,40.5,40.5,40.5,40.5,0.0,87.4,97.2,99.0,90.8,87.9,79.2,84.7,82.9,77.3,12.6,2.8,1.0,9.2,12.1,20.8,15.3,17.1,22.7,0.0,0.0,0.0,0.0,0.0,0.0,0.0,0.0,0.0,1197.8,12.00,16,16,16,39,55,661,1,81.5,80.5,78.2,73.9,76.9,79.5,75.3,74.2,71.2,72.4,71.5,70.5,66.8,67.1,66.5,59.8,55.7,1.294,1.031,1.306,17.276,11.702,17.280,78.640,44.181,5.000,6.506,7.653,5.348,4.829,3.689,4.435,4.119,3.419,22.939,12.072,35.011,44.235,1197.8,1197.8,4049.2,4049.2,4049.2,4049.2,50.3,28.8,87.4,84.7,57.3,No,No,No,1.858,1.118,7.0,49,95.0,100.0,No,No,90848,98731,33,99.0,No,No,3320,0.1,0.0,0.1,0.249,0.024,46471,35374,0.0,0.0,0.0,0.000,0.000,151,0,70.8,93.2,83.0,1.081,12.046,12.097,12.091,11.950,2119,151.820,64.924,122.718,45.207,108.347,31.130,76.908,0.336,122.718,30.543,7.988,103.346,220.000,240.000,1905.0,1750.2,1680.0,1899.0,1815.0,61.0,24.0,0.0,8.0,93.9,11.9,47.6,0.0,0.0,0.0,60,Yes,No,No,Yes,No,No,No,69.7,74.0,4,0,0,0,0,0,0,0,0,105,0,0,0,0,0,0,0,0,0,0,0,0,0,0,0,0,0,0,0,0,501,7691,7530,1796,8.0,0.0,0.0,0.0,0.0,0.0,0.0,0.0,0.0,0.0,0.0,0.0,0.0,0.00,0.00,0.00,0.00,0.00,0.00,0.00,0.00,0.00,0.00,0.00,0,0,0.0,0.0,3181,251,11.2,3.3,0,
3.7.2026,23:0:46.155,29750,16243,64.6,16228,16454,49.6,0.5,13312,69,1.306,1.306,1.306,1.306,1.306,1.306,1.306,1.306,1.306,4042.7,4042.7,4042.7,4042.7,4042.7,4042.7,4042.7,4042.7,4042.7,99.8,1887.1,3930.0,1983.2,1758.4,3645.1,2439.1,1881.8,1981.6,1804.8,1243.6,1205.7,1664.2,1588.9,1552.3,1432.0,987.7,1094.9,1887.1,45.1,77.7,49.0,43.8,91.9,59.4,46.1,48.0,43.8,30.2,29.7,41.0,38.3,37.6,34.8,24.1,26.3,91.9,45.1,50.4,87.1,54.7,48.9,103.2,66.5,51.5,53.6,48.9,33.5,32.9,45.7,42.7,41.8,38.7,26.7,29.2,50.3,40.5,40.5,40.5,40.5,40.5,40.5,40.5,40.5,40.5,0.0,89.6,97.1,99.5,93.0,90.3,83.2,86.8,85.7,81.2,10.4,2.9,0.5,7.0,9.7,16.8,13.2,14.3,18.8,0.0,0.0,0.0,0.0,0.0,0.0,0.0,0.0,0.0,1197.8,12.00,16,16,16,39,55,661,1,81.5,81.0,80.8,74.3,76.7,80.3,75.6,74.9,71.9,72.7,71.8,70.9,67.0,67.2,66.7,58.8,54.9,1.337,1.031,1.337,18.090,11.767,18.088,80.649,45.325,5.245,6.494,7.956,5.628,5.127,4.014,4.660,4.406,3.672,24.037,12.141,36.178,45.412,1197.8,1197.8,4048.6,4048.6,4048.6,4048.6,51.6,30.1,89.6,85.2,57.4,No,No,No,1.866,1.161,7.2,49,95.0,100.0,No,No,90848,98731,33,99.0,No,No,3320,0.1,0.0,0.1,0.233,0.012,46472,35374,0.0,0.0,0.0,0.000,0.000,151,0,70.3,92.3,83.0,1.081,12.048,12.096,12.093,11.955,2096,142.103,65.992,122.103,44.561,105.187,30.557,74.349,0.336,122.103,27.386,25.488,107.853,220.000,240.000,1905.0,1750.2,1680.0,1899.6,1815.0,56.0,21.0,0.0,7.0,93.9,11.7,46.7,0.0,0.0,0.0,59,Yes,No,No,Yes,No,No,No,68.0,59.9,4,0,0,0,0,0,0,0,0,105,0,0,0,0,0,0,0,0,0,0,0,0,0,0,0,0,0,0,0,0,501,7691,7530,1795,8.0,0.0,0.0,0.0,0.0,0.0,0.0,0.0,0.0,0.0,0.0,0.0,0.0,0.00,0.00,0.00,0.00,0.00,0.00,0.00,0.00,0.00,0.00,0.00,0,0,0.0,0.0,3181,251,1.5,9.6,0,
3.7.2026,23:0:48.148,29755,16238,64.6,16240,16441,49.6,0.5,13312,69,1.305,1.312,1.312,1.312,1.300,1.300,1.300,1.300,1.300,4042.7,4042.7,4042.7,4042.7,4042.7,4042.7,4042.7,4042.7,4042.7,99.8,2013.7,3966.4,2744.7,2370.8,3216.4,2179.9,2305.6,1865.4,2072.9,1221.0,1390.4,1638.0,1804.3,1566.9,1580.4,1053.7,1242.7,2013.7,47.7,68.6,67.7,57.8,80.7,54.4,56.3,46.0,50.5,29.8,34.0,40.3,44.4,38.3,38.5,25.4,30.5,80.7,47.7,53.6,77.0,76.1,65.0,90.6,61.2,63.3,51.7,56.8,33.6,38.3,45.3,49.9,43.0,43.3,28.7,34.4,53.6,40.5,40.5,40.5,40.5,40.5,40.5,40.5,40.5,40.5,0.0,90.7,98.0,99.5,94.6,91.5,84.7,88.4,86.7,82.2,9.3,2.0,0.5,5.4,8.5,15.3,11.6,13.3,17.8,0.0,0.0,0.0,0.0,0.0,0.0,0.0,0.0,0.0,1197.8,12.00,16,16,16,39,55,661,1,82.0,82.3,80.5,75.4,78.7,81.0,77.2,75.8,72.7,73.6,72.7,71.6,67.3,67.6,67.1,59.8,55.0,1.337,1.038,1.337,18.890,11.776,18.894,81.627,46.345,5.507,7.072,8.231,6.029,5.363,4.180,4.851,4.524,3.808,25.080,12.153,37.233,46.494,1197.8,1197.8,4045.9,4045.9,4045.9,4045.9,52.8,31.5,90.7,86.7,56.7,No,No,No,2.051,1.155,7.3,49,95.0,100.0,No,No,90848,98731,33,99.0,No,No,3320,0.1,0.0,0.1,0.229,0.016,46472,35374,0.0,0.0,0.0,0.000,0.000,151,0,70.3,92.7,83.0,1.081,12.057,12.106,12.101,11.963,2079,146.093,65.411,122.452,44.466,105.414,30.565,74.561,0.336,122.452,27.171,20.737,105.958,220.000,240.000,1905.0,1750.2,1680.0,1899.2,1815.0,57.0,22.0,0.0,7.0,93.9,11.8,47.2,0.0,0.0,0.0,59,Yes,No,No,Yes,No,No,No,68.0,72.2,4,0,0,0,0,0,0,0,0,105,0,0,0,0,0,0,0,0,0,0,0,0,0,0,0,0,0,0,0,0,502,7690,7529,1795,8.0,0.0,0.0,0.0,0.0,0.0,0.0,0.0,0.0,0.0,0.0,0.0,0.0,0.00,0.00,0.00,0.00,0.00,0.00,0.00,0.00,0.00,0.00,0.00,0,0,0.0,0.0,3181,251,8.9,12.0,0,
3.7.2026,23:0:50.155,29747,16247,64.6,16222,16460,49.6,0.5,13312,69,1.305,1.300,1.312,1.312,1.312,1.312,1.312,1.288,1.288,4036.5,4042.7,4042.7,4042.7,4042.7,4042.7,4042.7,4017.8,4017.8,99.8,1870.4,3962.9,3526.8,1911.8,3479.9,1792.9,2173.8,1579.9,1881.9,943.9,1227.4,1308.3,1684.0,1254.0,1379.6,826.6,992.7,1870.4,42.7,44.9,87.2,48.3,85.5,43.9,53.6,38.5,46.4,23.0,29.9,31.9,41.3,30.2,33.9,20.1,24.0,87.2,42.7,48.2,50.6,98.0,54.5,96.0,49.5,60.4,43.5,52.4,26.2,33.9,36.1,46.6,34.2,38.4,22.9,27.3,48.1,40.4,40.5,40.5,40.5,40.5,40.5,40.5,40.2,40.2,0.0,87.4,97.9,99.4,90.5,87.6,79.9,84.2,82.2,77.4,12.6,2.1,0.6,9.5,12.4,20.1,15.8,17.8,22.6,0.0,0.0,0.0,0.0,0.0,0.0,0.0,0.0,0.0,1197.8,12.00,16,16,16,39,55,661,1,81.9,81.7,78.2,74.4,78.3,80.5,75.6,74.5,71.7,72.3,71.6,70.5,67.0,67.3,66.7,57.2,54.4,1.300,1.031,1.312,17.473,11.768,17.467,78.635,44.549,5.144,7.111,8.228,5.309,4.819,3.784,4.366,4.119,3.415,23.214,12.138,35.353,44.585,1197.8,1197.8,4048.7,4048.7,4048.7,4048.7,50.7,29.1,87.4,86.0,56.2,No,No,No,1.961,1.268,7.0,49,95.0,100.0,No,No,90848,98731,33,99.0,No,No,3320,0.3,0.1,0.4,0.763,0.358,46474,35375,0.0,0.0,0.0,0.000,0.000,151,0,70.8,93.1,83.0,1.081,12.053,12.102,12.098,11.960,2053,150.363,67.984,122.396,45.142,105.642,30.832,74.525,0.336,122.396,28.148,50.920,99.505,220.000,240.000,1905.0,1750.2,1680.0,1898.8,1815.0,56.0,21.0,0.0,7.0,93.8,12.6,50.3,0.0,0.0,0.0,58,Yes,No,No,Yes,No,No,No,68.4,62.7,4,0,0,0,0,0,0,0,0,105,0,0,0,0,0,0,0,0,0,0,0,0,0,0,0,0,0,0,0,0,508,7684,7523,1795,8.0,0.0,0.0,0.0,0.0,0.0,0.0,0.0,0.0,0.0,0.0,0.0,0.0,0.00,0.00,0.00,0.00,0.00,0.00,0.00,0.00,0.00,0.00,0.00,0,0,0.0,0.0,3181,251,14.2,5.8,0,
3.7.2026,23:0:52.152,29705,16288,64.5,16190,16492,49.5,0.5,13312,69,1.311,1.312,1.306,1.312,1.312,1.312,1.312,1.312,1.306,4042.7,4042.7,4042.7,4042.7,4042.7,4042.7,4042.7,4042.7,4042.7,99.8,1879.9,3990.2,3596.0,1909.7,3326.0,1675.4,2220.3,1640.9,1756.4,993.8,1093.1,1390.7,1608.2,1231.4,1373.5,1209.3,1064.0,1879.9,43.4,46.6,89.2,47.8,82.4,41.6,54.9,40.6,43.8,25.0,27.3,34.0,40.0,30.9,34.1,30.3,26.6,89.2,43.4,48.4,51.9,99.9,53.2,92.3,46.3,61.6,45.1,48.7,27.5,30.1,38.2,44.4,34.1,37.8,33.4,29.3,48.4,40.5,40.5,40.5,40.5,40.5,40.5,40.5,40.5,40.5,0.0,87.6,98.7,98.6,90.0,87.0,79.1,84.0,82.2,81.0,12.4,1.3,1.4,10.0,13.0,20.9,16.0,17.8,19.0,0.0,0.0,0.0,0.0,0.0,0.0,0.0,0.0,0.0,1197.8,12.00,16,16,16,39,55,661,1,81.9,81.9,80.8,75.0,79.2,80.0,75.9,74.6,72.1,73.4,72.0,73.1,67.0,67.3,66.8,58.8,55.1,1.337,1.031,1.337,18.188,11.771,18.189,78.829,45.376,5.309,7.523,7.882,5.287,4.851,3.797,4.548,4.207,4.381,24.140,12.148,36.287,45.522,1197.8,1197.8,4043.3,4043.3,4043.3,4043.3,51.7,30.3,87.6,86.2,56.6,No,No,No,1.905,1.290,7.0,49,95.0,100.0,No,No,90848,98731,33,99.0,No,No,3320,0.2,0.1,0.3,0.340,0.225,46474,35375,0.0,0.0,0.0,0.000,0.000,151,0,70.5,92.6,83.0,1.081,12.056,12.106,12.101,11.963,2045,150.520,62.605,121.994,44.562,106.245,30.588,75.373,0.336,121.994,28.562,8.079,88.321,220.000,240.000,1905.0,1750.2,1680.0,1898.7,1815.0,57.0,21.0,0.0,8.0,93.8,12.1,48.4,0.0,0.0,0.0,58,Yes,No,No,Yes,No,No,No,68.4,73.3,4,0,0,0,0,0,0,0,0,105,0,0,0,0,0,0,0,0,0,0,0,0,0,0,0,0,0,0,0,0,504,7688,7526,1463,8.0,0.0,0.0,0.0,0.0,0.0,0.0,0.0,0.0,0.0,0.0,0.0,0.0,0.00,0.00,0.00,0.00,0.00,0.00,0.00,0.00,0.00,0.00,0.00,0,0,0.0,0.0,3181,251,6.6,2.9,0,
3.7.2026,23:0:54.154,29699,16294,64.5,16009,16673,48.9,0.5,13312,69,1.309,1.312,1.312,1.312,1.306,1.306,1.306,1.306,1.306,4045.8,4042.7,4067.7,4042.7,4042.7,4042.7,4042.7,4042.7,4042.7,99.8,1624.7,3988.1,1459.8,1844.8,3424.1,1805.5,1720.7,1642.6,1484.5,874.1,993.7,1318.2,1401.9,1222.8,1193.9,685.3,934.6,1624.7,39.3,88.9,36.1,45.5,80.7,45.1,42.4,40.1,36.7,21.1,24.9,33.1,34.4,30.0,29.0,16.8,23.1,88.9,39.3,44.3,99.8,40.8,51.3,90.8,50.9,47.4,45.3,41.4,24.1,28.3,36.9,38.9,34.0,32.9,19.2,26.2,44.3,40.5,40.5,40.8,40.5,40.5,40.5,40.5,40.5,40.5,0.0,85.5,98.5,98.9,87.3,85.6,76.8,82.2,79.8,75.0,14.5,1.5,1.1,12.7,14.4,23.2,17.8,20.2,25.0,0.0,0.0,0.0,0.0,0.0,0.0,0.0,0.0,0.0,1197.8,12.00,16,16,16,39,55,661,1,81.8,81.4,77.2,73.9,77.8,80.0,74.7,73.8,71.3,72.2,71.4,70.2,66.7,67.0,66.5,56.5,54.6,1.325,1.031,1.331,16.782,11.710,16.788,76.965,43.564,4.901,7.026,7.529,4.917,4.603,3.590,4.253,3.985,3.302,22.290,12.076,34.366,43.596,1197.8,1197.8,4048.9,4048.9,4048.9,4048.9,49.5,28.0,85.5,85.7,56.5,No,No,No,1.883,1.218,6.8,50,95.0,100.0,No,No,90848,98731,33,99.0,No,No,3320,0.3,0.0,0.4,2.754,0.026,46481,35375,0.0,0.0,0.0,0.000,0.000,151,0,70.1,92.1,83.0,1.081,12.061,12.109,12.104,11.970,2028,144.127,60.588,117.782,42.732,100.862,29.912,70.673,0.336,117.782,25.569,7.822,92.408,220.000,240.000,1905.0,1750.2,1680.0,1899.4,1815.0,55.0,20.0,0.0,6.0,93.8,11.1,44.3,0.0,0.0,0.0,58,Yes,No,No,Yes,No,No,No,65.2,66.9,4,0,0,0,0,0,0,0,0,105,0,0,0,0,0,0,0,0,0,0,0,0,0,0,0,0,0,0,0,0,504,7688,7526,1468,8.0,0.0,0.0,0.0,0.0,0.0,0.0,0.0,0.0,0.0,0.0,0.0,0.0,0.00,0.00,0.00,0.00,0.00,0.00,0.00,0.00,0.00,0.00,0.00,0,0,0.0,0.0,3181,251,4.2,13.3,0,
3.7.2026,23:0:56.159,29698,16296,64.5,16000,16682,48.9,0.5,13312,69,1.302,1.319,1.306,1.294,1.294,1.294,1.294,1.306,1.306,4042.7,4042.7,4042.7,4042.7,4042.7,4042.7,4042.7,4042.7,4042.7,99.8,1584.1,3888.4,1376.6,1092.8,3942.2,1993.7,1598.0,1783.9,1404.8,889.4,906.7,1412.5,1244.0,1186.6,1115.0,659.7,852.0,1584.1,38.1,83.5,33.7,27.1,98.3,46.6,40.1,43.0,34.4,21.8,22.0,33.6,31.6,28.8,28.1,15.9,21.0,98.3,38.1,42.8,93.8,37.9,30.5,110.4,52.4,45.1,48.3,38.7,24.5,24.7,37.7,35.5,32.3,31.6,17.9,23.6,42.8,40.5,40.5,40.5,40.5,40.5,40.5,40.5,40.5,40.5,0.0,85.2,96.0,99.7,87.6,85.7,76.6,81.3,79.8,74.9,14.8,4.0,0.3,12.4,14.3,23.4,18.7,20.2,25.1,0.0,0.0,0.0,0.0,0.0,0.0,0.0,0.0,0.0,1197.8,12.00,16,16,16,39,55,661,1,81.8,81.5,77.5,73.3,75.3,81.4,74.0,73.4,70.7,71.6,70.6,69.8,66.4,66.7,66.1,59.0,54.9,1.325,1.038,1.337,16.207,11.466,16.207,76.678,42.456,4.769,6.094,7.651,5.016,4.594,3.509,4.160,3.874,3.254,21.539,11.821,33.360,42.547,1197.8,1197.8,4050.7,4051.0,4050.5,4051.0,48.3,27.0,85.2,85.8,56.3,No,No,No,1.654,0.904,6.8,50,95.0,100.0,No,No,90848,98731,33,99.0,No,No,3320,0.1,0.0,0.1,0.186,0.005,46482,35375,0.0,0.0,0.0,0.000,0.000,151,0,69.9,91.9,83.0,1.081,12.065,12.111,12.106,11.976,2008,135.242,62.191,110.080,40.670,95.759,28.971,66.540,0.336,110.080,26.177,49.956,93.338,220.000,240.000,1905.0,1750.2,1680.0,1899.9,1815.0,51.0,18.0,0.0,5.0,93.8,10.9,43.5,0.0,0.0,0.0,57,Yes,No,No,Yes,No,No,No,61.9,66.4,4,0,0,0,0,0,0,0,0,105,0,0,0,0,0,0,0,0,0,0,0,0,0,0,0,0,0,0,0,0,504,7688,7526,1477,8.0,0.0,0.0,0.0,0.0,0.0,0.0,0.0,0.0,0.0,0.0,0.0,0.0,0.00,0.00,0.00,0.00,0.00,0.00,0.00,0.00,0.00,0.00,0.00,0,0,0.0,0.0,3181,251,4.9,6.8,0,
3.7.2026,23:0:58.148,29689,16305,64.5,15993,16689,48.9,0.5,13312,69,1.307,1.312,1.306,1.306,1.306,1.306,1.306,1.306,1.306,4042.7,4042.7,4042.7,4042.7,4042.7,4042.7,4042.7,4042.7,4042.7,99.8,1820.3,3884.4,2277.1,1703.6,3669.3,2148.3,1906.4,1753.1,1781.0,1077.3,1174.3,1583.6,1504.3,1363.7,1365.4,846.9,1086.5,1820.3,43.1,69.2,56.0,42.3,90.8,53.1,46.3,43.0,43.8,26.3,28.9,38.6,37.0,33.4,33.3,20.7,26.7,90.8,43.1,48.3,77.7,62.8,47.4,102.0,59.6,51.9,48.2,49.1,29.4,32.4,43.3,41.4,37.4,37.3,23.2,29.8,48.3,40.5,40.5,40.5,40.5,40.5,40.5,40.5,40.5,40.5,0.0,87.5,95.9,99.1,90.7,88.3,80.2,85.1,83.0,78.0,12.5,4.1,0.9,9.3,11.7,19.8,14.9,17.0,22.0,0.0,0.0,0.0,0.0,0.0,0.0,0.0,0.0,0.0,1197.8,12.00,16,16,16,39,55,661,1,81.8,81.7,80.2,73.8,76.2,80.9,74.6,73.9,71.1,72.1,71.1,70.3,66.5,66.8,66.2,56.8,54.4,1.325,1.038,1.337,17.074,11.550,17.073,78.793,43.701,4.963,6.310,7.594,5.233,4.800,3.751,4.430,4.111,3.476,22.684,11.915,34.599,43.798,1197.8,1197.8,4050.2,4050.2,4050.2,4050.2,49.8,28.5,87.5,86.0,57.0,No,No,No,1.775,0.866,7.0,49,95.0,100.0,No,No,90848,98731,33,99.0,No,No,3320,0.1,0.0,0.1,0.261,0.064,46482,35375,0.0,0.0,0.0,0.000,0.000,151,0,71.0,93.0,83.0,1.081,12.051,12.101,12.096,11.956,1992,144.578,64.722,123.421,45.619,106.686,30.691,75.699,0.336,123.421,28.618,8.063,104.669,220.000,240.000,1905.0,1750.2,1680.0,1899.4,1815.0,58.0,22.0,0.0,6.0,93.8,11.5,45.9,0.0,0.0,0.0,57,Yes,No,No,Yes,No,No,No,69.1,68.8,4,0,0,0,0,0,0,0,0,105,0,0,0,0,0,0,0,0,0,0,0,0,0,0,0,0,0,0,0,0,505,7687,7526,1479,8.0,0.0,0.0,0.0,0.0,0.0,0.0,0.0,0.0,0.0,0.0,0.0,0.0,0.00,0.00,0.00,0.00,0.00,0.00,0.00,0.00,0.00,0.00,0.00,0,0,0.0,0.0,3181,251,2.1,9.7,0,
3.7.2026,23:1:0.147,29640,16354,64.4,15861,16821,48.5,0.5,13312,69,1.308,1.312,1.306,1.306,1.306,1.306,1.306,1.306,1.312,4042.7,4042.7,4042.7,4042.7,4042.7,4042.7,4042.7,4042.7,4042.7,99.8,1782.6,3928.0,3288.4,1564.7,3580.8,1628.5,2227.8,1548.3,1782.7,960.7,1020.4,1391.3,1447.9,1196.9,1240.1,781.5,934.7,1782.6,40.8,48.0,81.3,38.8,88.9,39.9,54.9,37.9,43.4,23.6,25.1,34.2,35.4,29.1,30.6,19.1,23.0,88.9,40.8,45.8,53.9,91.3,43.5,99.9,44.7,61.7,42.4,48.7,26.4,28.0,38.3,39.7,32.6,34.3,21.3,25.8,45.7,40.5,40.5,40.5,40.5,40.5,40.5,40.5,40.5,40.5,0.0,86.9,97.0,98.8,90.6,87.9,79.1,83.4,81.7,77.1,13.1,3.0,1.2,9.4,12.1,20.9,16.6,18.3,22.9,0.0,0.0,0.0,0.0,0.0,0.0,0.0,0.0,0.0,1197.8,12.00,16,16,16,39,55,661,1,81.8,81.3,79.2,73.6,77.3,80.0,74.7,73.4,70.9,71.7,70.8,69.9,66.4,66.7,66.1,58.8,54.9,1.337,1.038,1.337,16.705,11.586,16.705,78.236,43.257,4.895,6.680,7.291,5.264,4.718,3.614,4.272,3.954,3.368,22.204,11.949,34.153,43.353,1197.8,1197.8,4051.0,4051.0,4051.0,4051.0,49.3,27.8,86.9,85.6,56.6,No,No,No,1.737,1.002,7.0,50,95.0,100.0,No,No,90848,98731,33,99.0,No,No,3320,0.1,0.0,0.1,0.199,0.047,46482,35375,0.0,0.0,0.0,0.000,0.000,151,0,70.0,91.9,83.0,1.081,12.062,12.110,12.103,11.972,1980,146.160,58.937,112.154,40.678,97.457,29.391,67.796,0.336,112.154,25.750,7.774,95.877,220.000,240.000,1905.0,1750.2,1680.0,1899.2,1815.0,51.0,19.0,0.0,6.0,93.8,11.5,45.9,0.0,0.0,0.0,57,Yes,No,No,Yes,No,No,No,63.5,68.8,4,0,0,0,0,0,0,0,0,105,0,0,0,0,0,0,0,0,0,0,0,0,0,0,0,0,0,0,0,0,505,7687,7526,1479,8.0,0.0,0.0,0.0,0.0,0.0,0.0,0.0,0.0,0.0,0.0,0.0,0.0,0.00,0.00,0.00,0.00,0.00,0.00,0.00,0.00,0.00,0.00,0.00,0,0,0.0,0.0,3181,251,3.3,16.0,0,
3.7.2026,23:1:2.149,29597,16397,64.3,15778,16904,48.2,0.5,13312,69,1.312,1.306,1.312,1.312,1.312,1.312,1.312,1.312,1.312,4042.7,4042.7,4042.7,4042.7,4042.7,4042.7,4042.7,4042.7,4042.7,99.8,1821.4,3972.1,3501.5,1359.8,3965.1,1790.0,2028.1,1662.2,1680.4,976.6,1052.5,1420.7,1470.9,1248.7,1308.7,762.1,942.5,1821.4,41.5,45.0,86.6,33.6,98.1,43.6,50.0,40.6,41.7,23.8,25.6,34.6,36.2,30.5,32.3,18.6,22.8,98.1,41.5,46.6,50.5,97.3,37.7,110.3,49.0,56.2,45.6,46.9,26.8,28.7,38.9,40.7,34.3,36.3,21.0,25.6,46.6,40.5,40.5,40.5,40.5,40.5,40.5,40.5,40.5,40.5,0.0,87.4,98.0,99.8,90.4,88.3,79.1,84.1,82.4,76.8,12.6,2.0,0.2,9.6,11.7,20.9,15.9,17.6,23.2,0.0,0.0,0.0,0.0,0.0,0.0,0.0,0.0,0.0,1197.8,12.00,16,16,16,39,55,661,1,81.8,81.4,80.0,73.6,76.8,81.0,74.5,73.6,70.8,71.8,70.8,69.9,66.4,66.6,66.1,59.5,55.0,1.350,1.031,1.344,16.903,11.666,16.903,78.638,43.638,4.937,6.669,7.603,5.204,4.729,3.644,4.305,3.988,3.352,22.467,12.031,34.498,43.712,1197.8,1197.8,4051.4,4051.4,4051.4,4051.4,49.7,28.2,87.4,85.7,56.7,No,No,No,1.876,1.093,7.0,50,95.0,100.0,No,No,90848,98731,33,99.0,No,No,3320,0.1,0.0,0.1,0.218,0.078,46483,35375,0.0,0.0,0.0,0.000,0.000,151,0,71.6,94.0,83.0,1.081,12.055,12.105,12.100,11.960,1976,155.400,65.193,123.488,44.726,106.683,30.641,75.742,0.336,123.488,27.638,21.458,97.728,220.000,240.000,1905.0,1750.2,1680.0,1898.5,1815.0,56.0,22.0,0.0,7.0,93.9,12.3,49.1,0.0,0.0,0.0,57,Yes,No,No,Yes,No,No,No,66.9,70.6,4,0,0,0,0,0,0,0,0,105,0,0,0,0,0,0,0,0,0,0,0,0,0,0,0,0,0,0,0,0,501,7691,7530,1480,8.0,0.0,0.0,0.0,0.0,0.0,0.0,0.0,0.0,0.0,0.0,0.0,0.0,0.00,0.00,0.00,0.00,0.00,0.00,0.00,0.00,0.00,0.00,0.00,0,0,0.0,0.0,3181,251,2.7,14.9,0,
3.7.2026,23:1:4.156,29543,16451,64.2,15726,16955,48.1,0.5,13312,69,1.310,1.319,1.306,1.312,1.312,1.312,1.306,1.306,1.306,4042.7,4042.7,4042.7,4042.7,4042.7,4042.7,4042.7,4042.7,4042.7,99.8,1670.4,3963.5,1862.3,1452.2,3702.9,1981.3,1787.9,1856.3,1508.5,899.4,956.4,1499.9,1296.6,1221.8,1154.0,696.5,886.6,1670.4,40.2,77.4,46.0,36.1,90.7,48.9,44.9,46.0,37.6,22.7,24.3,37.4,32.3,30.3,28.7,17.5,22.8,90.7,40.2,45.0,86.9,51.5,40.3,101.9,54.8,50.3,51.5,42.1,25.3,27.1,41.9,36.0,33.8,32.0,19.4,25.3,45.0,40.5,40.5,40.5,40.5,40.5,40.5,40.5,40.5,40.5,0.0,87.0,97.8,99.0,90.6,88.8,78.4,83.9,81.2,76.7,13.0,2.2,1.0,9.4,11.2,21.6,16.1,18.8,23.3,0.0,0.0,0.0,0.0,0.0,0.0,0.0,0.0,0.0,1197.8,12.00,16,16,16,39,55,661,1,81.5,81.2,83.5,73.5,76.7,79.9,74.8,73.5,70.7,71.7,70.7,69.7,66.3,66.6,66.0,58.8,54.3,1.325,1.025,1.331,16.730,11.677,16.728,78.343,43.372,4.842,6.506,7.285,5.187,4.758,3.558,4.256,3.918,3.268,22.232,12.043,34.275,43.482,1197.8,1197.8,4051.5,4051.5,4051.5,4051.5,49.4,27.9,87.0,85.5,56.9,No,No,No,1.819,1.095,7.0,50,95.0,100.0,No,No,90848,98731,33,99.0,No,No,3320,0.1,0.0,0.1,0.186,0.113,46483,35376,0.0,0.0,0.0,0.000,0.000,151,0,70.4,91.7,83.0,1.081,12.065,12.112,12.108,11.976,1968,144.904,57.850,112.782,41.629,97.345,29.402,67.679,0.336,112.782,25.967,7.815,82.768,220.000,240.000,1905.0,1750.2,1680.0,1899.3,1815.0,49.0,19.0,0.0,5.0,93.8,11.1,44.4,0.0,0.0,0.0,57,Yes,No,No,Yes,No,No,No,63.1,62.8,4,0,0,0,0,0,0,0,0,105,0,0,0,0,0,0,0,0,0,0,0,0,0,0,0,0,0,0,0,0,505,7687,7526,1480,8.0,0.0,0.0,0.0,0.0,0.0,0.0,0.0,0.0,0.0,0.0,0.0,0.0,0.00,0.00,0.00,0.00,0.00,0.00,0.00,0.00,0.00,0.00,0.00,0,0,0.0,0.0,3181,251,8.9,12.9,0,
3.7.2026,23:1:6.146,29504,16490,64.1,15682,17000,47.9,0.5,13312,69,1.308,1.319,1.306,1.306,1.306,1.306,1.306,1.306,1.306,4042.7,4042.7,4042.7,4042.7,4042.7,4042.7,4042.7,4042.7,4042.7,99.8,1688.0,3970.0,1439.5,2124.9,2943.6,2111.1,1762.4,1832.9,1606.1,964.6,1021.3,1496.0,1386.9,1338.2,1288.3,804.4,917.3,1688.0,40.4,88.2,35.0,52.4,77.5,50.9,42.3,44.3,38.1,22.6,24.1,35.9,33.1,31.3,30.4,18.3,21.4,88.2,40.4,45.6,99.1,39.6,59.1,87.2,57.4,47.7,49.9,43.0,25.6,27.4,40.6,37.4,35.5,34.4,20.9,24.4,45.6,40.5,40.5,40.5,40.5,40.5,40.5,40.5,40.5,40.5,0.0,86.9,98.0,99.3,90.0,88.2,78.5,83.3,81.7,76.3,13.1,2.0,0.7,10.0,11.8,21.5,16.7,18.3,23.7,0.0,0.0,0.0,0.0,0.0,0.0,0.0,0.0,0.0,1197.8,12.00,16,16,16,39,55,661,1,81.5,81.2,80.5,73.7,77.4,79.7,74.8,73.5,70.8,71.9,71.1,69.9,66.3,66.5,66.0,57.8,54.7,1.312,1.031,1.325,17.083,11.727,17.074,78.222,43.887,4.992,6.669,7.346,5.392,4.864,3.692,4.359,4.196,3.418,22.699,12.097,34.796,44.008,1197.8,1197.8,4050.8,4050.8,4050.8,4050.8,50.0,28.5,86.9,85.5,57.3,No,No,No,1.921,1.245,7.0,50,95.0,100.0,No,No,90848,98731,33,99.0,No,No,3320,0.2,0.0,0.2,0.439,0.017,46484,35376,0.0,0.0,0.0,0.000,0.000,151,0,71.2,93.0,83.0,1.081,12.058,12.107,12.102,11.967,1972,147.577,64.085,117.356,43.440,101.872,30.156,71.454,0.336,117.356,27.756,38.358,92.763,220.000,240.000,1905.0,1750.2,1680.0,1899.0,1815.0,55.0,20.0,0.0,9.0,93.8,11.5,46.0,0.0,0.0,0.0,57,Yes,No,No,Yes,No,No,No,66.0,68.9,4,0,0,0,0,0,0,0,0,105,0,0,0,0,0,0,0,0,0,0,0,0,0,0,0,0,0,0,0,0,505,7687,7526,1481,8.0,0.0,0.0,0.0,0.0,0.0,0.0,0.0,0.0,0.0,0.0,0.0,0.0,0.00,0.00,0.00,0.00,0.00,0.00,0.00,0.00,0.00,0.00,0.00,0,0,0.0,0.0,3181,251,6.0,13.0,0,
3.7.2026,23:1:8.158,29446,16547,64.0,15622,17060,47.7,0.5,13312,69,1.305,1.294,1.306,1.306,1.306,1.306,1.306,1.306,1.312,4039.6,4042.7,4042.7,4042.7,4042.7,4042.7,4042.7,4042.7,4017.8,99.8,1830.4,3969.3,2070.7,2153.6,3240.6,2089.0,1955.7,1778.8,1806.5,1144.6,1162.8,1554.4,1598.8,1309.4,1404.7,969.4,1077.7,1830.4,43.9,78.7,51.0,53.5,80.2,51.5,48.1,43.6,44.4,28.2,28.6,38.3,39.3,31.9,34.4,23.6,26.4,80.2,43.9,49.1,88.2,57.1,59.9,90.0,57.7,53.9,48.8,49.7,31.5,31.9,42.8,43.9,35.6,38.5,26.2,29.5,49.1,40.5,40.5,40.5,40.5,40.5,40.5,40.5,40.5,40.2,0.0,88.4,98.1,99.7,91.3,89.6,81.2,85.5,82.9,79.3,11.6,1.9,0.3,8.7,10.4,18.8,14.5,17.1,20.7,0.0,0.0,0.0,0.0,0.0,0.0,0.0,0.0,0.0,1197.8,12.00,16,16,16,39,55,661,1,81.5,82.0,80.5,74.8,77.7,81.3,76.0,74.8,72.3,72.8,71.7,71.5,66.5,66.8,66.3,59.0,54.7,1.325,1.038,1.337,18.203,11.922,18.203,79.598,45.618,5.250,6.791,7.649,5.585,5.133,4.106,4.617,4.269,3.854,24.168,12.302,36.470,45.727,1197.8,1197.8,4046.1,4046.1,4046.1,4046.1,52.0,30.3,88.4,86.3,57.4,No,No,No,2.012,1.620,7.1,50,95.0,100.0,No,No,90848,98731,33,99.0,No,No,3320,0.2,0.1,0.3,0.530,0.089,46485,35376,0.0,0.0,0.0,0.000,0.000,151,0,71.7,93.6,83.0,1.081,12.058,12.106,12.102,11.967,1961,150.424,63.678,117.007,43.304,102.832,30.275,72.284,0.336,117.007,28.903,27.596,97.235,220.000,240.000,1905.0,1750.2,1680.0,1899.2,1815.0,54.0,20.0,0.0,9.0,93.9,12.2,49.0,0.0,0.0,0.0,57,Yes,No,No,Yes,No,No,No,66.3,63.2,4,0,0,0,0,0,0,0,0,105,0,0,0,0,0,0,0,0,0,0,0,0,0,0,0,0,0,0,0,0,500,7692,7531,1554,8.0,0.0,0.0,0.0,0.0,0.0,0.0,0.0,0.0,0.0,0.0,0.0,0.0,0.00,0.00,0.00,0.00,0.00,0.00,0.00,0.00,0.00,0.00,0.00,0,0,0.0,0.0,3181,251,17.6,13.5,0,
3.7.2026,23:1:10.147,29208,16785,63.5,15379,17303,47.0,0.5,13312,69,1.315,1.306,1.325,1.325,1.312,1.312,1.312,1.312,1.312,4042.7,4042.7,4042.7,4042.7,4042.7,4042.7,4042.7,4042.7,4042.7,99.8,1870.7,3869.6,3103.2,1846.3,3522.1,1698.6,2303.8,1460.6,2092.0,995.4,1237.9,1364.1,1721.5,1271.1,1474.4,887.1,1084.4,1870.7,43.3,49.8,76.8,45.5,87.4,41.8,56.8,36.0,51.6,24.4,30.4,33.4,42.6,31.1,36.4,22.0,26.5,87.4,43.3,48.5,55.8,86.2,51.0,98.2,46.8,63.7,40.3,57.9,27.3,34.0,37.4,47.8,34.8,40.7,24.5,29.7,48.5,40.5,40.5,40.5,40.5,40.5,40.5,40.5,40.5,40.5,0.0,87.4,95.6,98.9,90.5,88.6,80.1,84.5,83.2,78.2,12.6,4.4,1.1,9.5,11.4,19.9,15.5,16.8,21.8,0.0,0.0,0.0,0.0,0.0,0.0,0.0,0.0,0.0,1197.8,12.00,16,16,16,39,55,661,1,80.9,80.6,75.0,73.8,77.0,79.3,75.0,74.0,71.4,72.2,71.3,70.4,66.5,66.7,66.2,58.0,54.5,1.312,1.031,1.312,17.301,11.951,17.315,78.696,44.569,5.006,6.488,7.268,5.343,4.901,3.812,4.490,4.199,3.544,22.982,12.325,35.307,44.605,1197.8,1197.8,4049.0,4049.0,4049.0,4049.0,50.7,28.9,87.4,84.8,57.2,No,No,No,2.187,1.673,7.0,49,95.0,100.0,No,No,90848,98731,33,99.0,No,No,3320,0.1,0.0,0.1,0.260,0.061,46485,35376,0.0,0.0,0.0,0.000,0.000,151,0,72.3,94.7,83.0,1.081,12.048,12.098,12.095,11.950,1957,156.273,73.589,129.250,47.607,111.549,31.418,79.847,0.336,129.250,29.661,74.650,102.321,220.000,240.000,1905.0,1750.2,1680.0,1898.6,1815.0,61.0,22.0,0.0,8.0,93.9,13.0,52.1,0.0,0.0,0.0,56,Yes,No,No,Yes,No,No,No,72.2,71.9,4,0,0,0,0,0,0,0,0,105,0,0,0,0,0,0,0,0,0,0,0,0,0,0,0,0,0,0,0,0,500,7692,7530,1555,8.0,0.0,0.0,0.0,0.0,0.0,0.0,0.0,0.0,0.0,0.0,0.0,0.0,0.00,0.00,0.00,0.00,0.00,0.00,0.00,0.00,0.00,0.00,0.00,0,0,0.0,0.0,3181,251,15.6,10.9,0,
3.7.2026,23:1:12.152,29203,16791,63.4,15373,17309,47.0,0.5,13312,69,1.313,1.331,1.325,1.312,1.306,1.306,1.306,1.306,1.306,4039.6,4017.8,4042.7,4042.7,4042.7,4042.7,4042.7,4042.7,4042.7,99.8,1546.5,3696.9,2447.2,1389.5,3282.3,1471.8,1812.5,1212.9,1697.8,782.1,941.2,1073.7,1365.2,1002.7,1116.4,667.5,784.7,1546.5,35.0,47.6,60.1,34.3,80.8,35.8,44.2,29.3,41.4,18.9,22.8,26.0,33.2,24.2,27.1,15.9,18.9,80.8,35.0,39.6,53.7,67.7,38.8,90.9,40.4,49.9,33.2,46.8,21.6,26.0,29.5,37.6,27.5,30.8,18.2,21.6,39.6,40.5,40.2,40.5,40.5,40.5,40.5,40.5,40.5,40.5,0.0,83.2,91.2,95.9,85.8,85.2,75.6,80.4,78.2,73.0,16.8,8.8,4.1,14.2,14.8,24.4,19.6,21.8,27.0,0.0,0.0,0.0,0.0,0.0,0.0,0.0,0.0,0.0,1197.8,12.00,16,16,16,39,55,661,1,78.2,75.9,74.5,71.6,73.8,75.0,72.8,72.1,70.0,70.5,69.7,69.0,65.8,66.1,65.5,58.8,54.7,1.331,1.031,1.337,15.006,11.780,15.005,74.845,41.273,4.401,5.636,6.219,4.645,4.397,3.452,3.985,3.687,3.183,19.981,12.137,32.119,41.337,1197.8,1197.8,4055.2,4055.2,4055.2,4055.2,47.0,25.0,83.2,79.9,56.5,No,No,No,1.890,1.269,6.7,50,95.0,100.0,No,No,90848,98731,33,99.0,No,No,3320,0.1,0.0,0.1,0.195,0.006,46486,35376,0.0,0.0,0.0,0.000,0.000,151,0,72.2,94.6,83.0,1.081,12.060,12.109,12.104,11.966,1957,151.012,65.006,121.529,44.696,104.990,30.728,73.999,0.336,121.529,27.926,30.253,94.069,220.000,240.000,1905.0,1750.2,1680.0,1898.5,1815.0,59.0,22.0,0.0,7.0,93.9,12.7,50.7,0.0,0.0,0.0,56,Yes,No,No,Yes,No,No,No,67.9,66.0,4,0,0,0,0,0,0,0,0,105,0,0,0,0,0,0,0,0,0,0,0,0,0,0,0,0,0,0,0,0,500,7692,7530,1555,8.0,0.0,0.0,0.0,0.0,0.0,0.0,0.0,0.0,0.0,0.0,0.0,0.0,0.00,0.00,0.00,0.00,0.00,0.00,0.00,0.00,0.00,0.00,0.00,0,0,0.0,0.0,3181,251,12.8,7.5,0,
3.7.2026,23:1:14.153,29197,16796,63.4,15378,17303,47.0,0.5,13312,69,1.320,1.325,1.319,1.319,1.319,1.319,1.319,1.319,1.319,4045.8,4067.7,4042.7,4042.7,4042.7,4042.7,4042.7,4042.7,4042.7,99.8,1679.6,3875.5,1797.2,2906.2,2142.6,1914.0,1855.8,1600.1,1701.8,988.0,1050.3,1346.5,1474.7,1194.6,1225.7,842.2,958.8,1679.6,39.9,75.1,43.9,71.5,53.2,46.7,45.5,38.9,41.6,23.8,25.3,32.7,36.3,29.3,30.2,20.8,23.7,75.1,39.9,44.9,84.5,49.6,80.4,59.9,52.7,51.3,44.0,47.0,27.0,28.7,37.0,40.5,32.6,33.7,23.1,26.3,44.9,40.5,40.8,40.5,40.5,40.5,40.5,40.5,40.5,40.5,0.0,86.4,95.6,97.5,89.7,87.4,78.9,83.5,81.1,77.6,13.6,4.4,2.5,10.3,12.6,21.1,16.5,18.9,22.4,0.0,0.0,0.0,0.0,0.0,0.0,0.0,0.0,0.0,1197.8,12.00,16,16,16,39,55,661,1,77.6,76.5,78.8,72.0,74.6,75.6,73.4,72.3,70.2,70.7,70.0,69.3,65.7,66.0,65.4,58.0,54.3,1.319,1.038,1.331,15.945,11.793,15.940,77.771,42.332,4.665,6.047,6.515,5.034,4.604,3.633,4.203,3.883,3.404,21.210,12.155,33.365,42.577,1197.8,1197.8,4053.7,4053.7,4053.7,4053.7,48.4,26.6,86.4,80.5,56.8,No,No,No,1.941,1.113,6.9,50,95.0,100.0,No,No,90848,98731,33,99.0,No,No,3320,0.1,0.0,0.2,0.368,0.090,46487,35376,0.0,0.0,0.0,0.000,0.000,151,0,72.5,95.0,83.0,1.081,12.047,12.099,12.093,11.950,1957,149.673,68.039,126.082,46.812,109.984,31.799,77.890,0.336,126.082,30.449,26.994,103.960,220.000,240.000,1905.0,1750.2,1680.0,1899.0,1815.0,59.0,23.0,0.0,7.0,93.9,11.8,47.3,0.0,0.0,0.0,56,Yes,No,No,Yes,No,No,No,71.2,66.1,4,0,0,0,0,0,0,0,0,105,0,0,0,0,0,0,0,0,0,0,0,0,0,0,0,0,0,0,0,0,502,7690,7528,1555,8.0,0.0,0.0,0.0,0.0,0.0,0.0,0.0,0.0,0.0,0.0,0.0,0.0,0.00,0.00,0.00,0.00,0.00,0.00,0.00,0.00,0.00,0.00,0.00,0,0,0.0,0.0,3181,251,13.4,15.7,0,
3.7.2026,23:1:16.148,29197,16797,63.4,15376,17306,47.0,0.5,13312,69,1.309,1.325,1.306,1.306,1.306,1.306,1.306,1.306,1.306,4039.6,4017.8,4042.7,4042.7,4042.7,4042.7,4042.7,4042.7,4042.7,99.8,1861.7,3971.1,1833.7,3476.0,2256.9,2199.2,1951.4,1818.6,1882.3,1153.3,1224.5,1567.9,1588.7,1471.2,1372.3,1020.8,998.5,1861.7,44.8,86.8,45.6,86.4,50.0,52.9,48.5,45.1,46.2,28.8,30.7,38.8,38.8,35.4,33.9,24.7,24.1,86.8,44.8,50.2,97.4,50.8,96.9,55.8,59.1,54.2,50.3,51.6,31.9,34.0,43.1,43.8,39.9,38.3,27.9,27.2,50.2,40.5,40.2,40.5,40.5,40.5,40.5,40.5,40.5,40.5,0.0,87.6,98.0,99.5,90.0,88.1,80.4,84.2,82.5,78.2,12.4,2.0,0.5,10.0,11.9,19.6,15.8,17.5,21.8,0.0,0.0,0.0,0.0,0.0,0.0,0.0,0.0,0.0,1197.8,12.00,16,16,16,39,55,661,1,77.8,78.1,78.0,73.2,75.9,77.6,74.4,73.6,71.0,71.8,70.9,70.1,66.1,66.4,65.8,58.5,54.4,1.331,1.038,1.337,17.352,11.981,17.361,78.868,44.635,4.987,6.458,7.162,5.289,4.898,3.890,4.443,4.175,3.578,23.062,12.354,35.416,44.676,1197.8,1197.8,4051.2,4051.2,4051.2,4051.2,50.8,28.9,87.6,82.2,57.7,No,No,No,1.907,1.530,7.0,50,95.0,100.0,No,No,90848,98731,33,99.0,No,No,3320,0.1,0.0,0.1,0.214,0.005,46487,35376,0.0,0.0,0.0,0.000,0.000,151,0,73.4,96.2,83.0,1.081,12.044,12.095,12.090,11.945,1949,162.683,66.897,131.065,47.679,112.875,31.595,80.974,0.336,131.065,29.204,8.265,95.911,220.000,240.000,1905.0,1750.2,1680.0,1898.6,1815.0,62.0,24.0,0.0,10.0,93.9,13.3,53.2,0.0,0.0,0.0,56,Yes,No,No,Yes,No,No,No,72.9,73.2,4,0,0,0,0,0,0,0,0,105,0,0,0,0,0,0,0,0,0,0,0,0,0,0,0,0,0,0,0,0,502,7690,7528,1603,8.0,0.0,0.0,0.0,0.0,0.0,0.0,0.0,0.0,0.0,0.0,0.0,0.0,0.00,0.00,0.00,0.00,0.00,0.00,0.00,0.00,0.00,0.00,0.00,0,0,0.0,0.0,3181,251,8.1,3.6,0,
3.7.2026,23:1:18.147,29189,16805,63.4,15374,17307,47.0,0.5,13312,69,1.302,1.331,1.319,1.325,1.331,1.275,1.275,1.275,1.281,4036.5,4067.7,4067.7,4067.7,4017.8,4017.8,4017.8,4017.8,4017.8,99.8,1981.3,3930.7,2430.6,1896.6,3597.6,2272.3,2062.7,1992.3,2014.3,1241.6,1325.1,1704.5,1764.1,1612.5,1513.8,1155.6,1186.2,1981.3,46.5,71.3,59.8,46.9,89.9,57.8,48.9,48.1,49.0,29.6,31.4,40.9,42.2,39.2,35.4,26.6,26.4,89.9,46.5,52.0,80.0,67.0,52.5,100.8,64.8,54.7,53.8,54.8,33.0,35.1,45.7,47.2,43.8,39.5,29.6,29.4,52.0,40.4,40.8,40.8,40.8,40.2,40.2,40.2,40.2,40.2,0.0,89.2,97.1,99.3,92.2,90.3,82.6,86.4,85.0,80.8,10.8,2.9,0.7,7.8,9.7,17.4,13.6,15.0,19.2,0.0,0.0,0.0,0.0,0.0,0.0,0.0,0.0,0.0,1197.8,12.00,16,16,16,39,55,661,1,77.8,78.5,78.8,73.5,75.8,78.0,75.0,74.2,71.4,72.2,71.5,70.3,66.3,66.6,66.0,58.2,54.5,1.337,1.031,1.337,17.720,12.024,17.715,80.297,45.061,5.117,6.352,7.142,5.483,5.144,4.010,4.658,4.396,3.753,23.521,12.401,35.922,45.180,1197.8,1197.8,4049.3,4049.4,4049.1,4049.4,51.3,29.5,89.2,82.6,57.5,No,No,No,1.951,1.625,7.1,50,95.0,100.0,No,No,90848,98731,33,99.0,No,No,3320,0.1,0.0,0.2,0.288,0.161,46488,35376,0.0,0.0,0.0,0.000,0.000,151,0,73.2,96.2,83.0,1.081,12.051,12.102,12.097,11.954,1957,157.396,67.229,126.859,46.231,109.923,31.235,78.368,0.336,126.859,29.008,9.352,114.119,220.000,240.000,1905.0,1750.2,1680.0,1898.7,1815.0,61.0,23.0,0.0,9.0,93.8,13.1,52.3,0.0,0.0,0.0,56,Yes,No,No,Yes,No,No,No,70.8,74.4,4,0,0,0,0,0,0,0,0,105,0,0,0,0,0,0,0,0,0,0,0,0,0,0,0,0,0,0,0,0,509,7683,7522,1627,8.0,0.0,0.0,0.0,0.0,0.0,0.0,0.0,0.0,0.0,0.0,0.0,0.0,0.00,0.00,0.00,0.00,0.00,0.00,0.00,0.00,0.00,0.00,0.00,0,0,0.0,0.0,3181,251,10.9,4.0,0,
3.7.2026,23:1:20.148,29230,16763,63.5,15407,17275,47.1,0.5,13312,69,1.298,1.325,1.319,1.306,1.281,1.288,1.288,1.288,1.288,4036.5,4067.7,4067.7,4042.7,4017.8,4017.8,4017.8,4017.8,4042.7,99.8,1977.5,3951.5,3332.1,1602.2,3976.4,1958.9,2338.5,1739.3,2060.3,1137.4,1265.6,1509.0,1793.0,1429.4,1455.1,1072.5,1018.3,1977.5,46.9,52.9,82.5,40.0,98.6,48.7,58.4,43.8,51.6,28.9,32.2,38.6,45.0,36.2,37.0,28.1,27.5,98.6,46.9,52.6,59.4,92.6,44.9,110.7,54.7,65.6,49.2,57.9,32.5,36.1,43.3,50.6,40.6,41.5,31.6,30.9,52.6,40.4,40.8,40.8,40.5,40.2,40.2,40.2,40.2,40.5,0.0,89.5,97.6,99.8,92.4,90.1,82.9,86.8,85.1,81.5,10.5,2.4,0.2,7.6,9.9,17.1,13.2,14.9,18.5,0.0,0.0,0.0,0.0,0.0,0.0,0.0,0.0,0.0,1197.8,12.00,16,16,16,39,55,661,1,77.8,78.5,78.8,73.6,76.1,78.2,74.9,73.9,71.3,72.2,71.3,70.7,66.4,66.6,66.1,56.5,54.2,1.325,1.031,1.312,17.824,12.033,17.820,80.556,45.245,5.062,6.465,7.252,5.430,4.982,3.908,4.564,4.232,3.659,23.659,12.411,36.070,45.327,1197.8,1197.8,4048.9,4048.9,4048.9,4048.9,51.5,29.7,89.5,82.6,57.9,No,No,No,1.967,1.574,7.2,50,95.0,100.0,No,No,90848,98731,33,99.0,No,No,3320,0.1,0.1,0.2,0.236,0.099,46488,35377,0.0,0.0,0.0,0.000,0.000,151,0,73.5,96.0,83.0,1.081,12.052,12.103,12.097,11.956,1953,160.212,67.947,126.306,45.629,108.682,30.930,77.474,0.336,126.306,27.763,39.638,96.404,220.000,240.000,1905.0,1750.2,1680.0,1898.4,1815.0,61.0,23.0,0.0,9.0,93.8,13.7,54.9,0.0,0.0,0.0,56,Yes,No,No,Yes,No,No,No,70.0,67.4,4,0,0,0,0,0,0,0,0,105,0,0,0,0,0,0,0,0,0,0,0,0,0,0,0,0,0,0,0,0,509,7683,7522,1631,8.0,0.0,0.0,0.0,0.0,0.0,0.0,0.0,0.0,0.0,0.0,0.0,0.0,0.00,0.00,0.00,0.00,0.00,0.00,0.00,0.00,0.00,0.00,0.00,0,0,0.0,0.0,3181,251,8.8,9.6,0,
3.7.2026,23:1:22.155,29237,16757,63.5,15410,17272,47.1,0.5,13312,69,1.290,1.294,1.294,1.288,1.319,1.300,1.275,1.275,1.275,4008.4,4017.8,4017.8,4042.7,4017.8,3992.8,3992.8,3992.8,3992.8,99.8,1954.7,3974.1,2978.4,2773.0,2679.4,1940.8,2217.2,1747.7,2073.0,1223.6,1227.5,1574.4,1732.9,1525.7,1435.7,1108.0,1063.4,1954.7,45.7,62.3,73.8,67.6,69.3,47.7,54.7,42.5,50.7,29.5,29.5,38.1,42.6,36.9,34.9,26.3,25.3,73.8,45.7,51.5,70.0,82.9,76.0,77.8,53.7,61.5,47.8,57.0,33.3,33.3,42.9,48.0,41.6,39.4,29.8,28.6,51.5,40.2,40.2,40.2,40.5,40.2,40.0,40.0,40.0,40.0,0.0,89.2,98.2,99.4,91.5,89.9,82.6,86.6,84.9,80.7,10.8,1.8,0.6,8.5,10.1,17.4,13.4,15.1,19.3,0.0,0.0,0.0,0.0,0.0,0.0,0.0,0.0,0.0,1197.8,12.00,16,16,16,39,55,661,1,78.1,78.6,77.8,73.8,76.8,77.7,75.1,74.1,71.7,72.4,71.5,70.7,66.4,66.6,66.1,57.2,54.2,1.281,1.038,1.300,17.864,12.028,17.858,80.298,45.216,5.138,6.682,7.061,5.400,5.082,4.065,4.663,4.372,3.776,23.706,12.407,36.113,45.364,1197.8,1197.8,4047.3,4047.3,4047.3,4047.3,51.6,29.8,89.2,82.7,57.9,No,No,No,1.920,1.612,7.1,50,95.0,100.0,No,No,90848,98731,33,99.0,No,No,3320,0.1,0.1,0.1,0.240,0.034,46488,35377,0.0,0.0,0.0,0.000,0.000,151,0,73.3,95.6,83.0,1.081,12.053,12.106,12.098,11.954,1953,160.868,67.584,129.242,47.321,111.460,31.296,79.846,0.336,129.242,29.220,9.125,108.752,220.000,240.000,1905.0,1750.2,1680.0,1897.9,1815.0,60.0,22.0,0.0,8.0,93.8,13.5,54.1,0.0,0.0,0.0,56,Yes,No,No,Yes,No,No,No,72.0,67.7,4,0,0,0,0,0,0,0,0,105,0,0,0,0,0,0,0,0,0,0,0,0,0,0,0,0,0,0,0,0,508,7684,7523,1632,8.0,0.0,0.0,0.0,0.0,0.0,0.0,0.0,0.0,0.0,0.0,0.0,0.0,0.00,0.00,0.00,0.00,0.00,0.00,0.00,0.00,0.00,0.00,0.00,0,0,0.0,0.0,3181,251,12.9,12.9,0,
3.7.2026,23:1:24.156,29237,16757,63.5,15403,17278,47.1,0.5,13312,69,1.305,1.331,1.312,1.288,1.288,1.288,1.312,1.312,1.312,4055.2,4067.7,4042.7,4042.7,4042.7,4042.7,4067.7,4067.7,4067.7,99.8,1886.5,3981.5,2317.3,2689.0,2761.5,2321.9,1919.4,1990.0,1773.6,1230.0,1067.0,1698.1,1544.0,1603.8,1237.5,1101.0,948.2,1886.5,45.4,77.1,57.3,67.6,67.6,57.3,47.8,49.2,43.8,30.6,26.5,42.1,38.0,39.5,30.6,27.4,23.5,77.1,45.4,50.8,86.5,64.2,75.8,75.8,64.2,53.5,55.1,49.1,34.2,29.6,47.1,42.5,44.2,34.1,30.5,26.3,50.8,40.6,40.8,40.5,40.5,40.5,40.5,40.8,40.8,40.8,0.0,88.7,98.4,98.9,91.6,89.4,81.7,85.8,83.7,80.1,11.3,1.6,1.1,8.4,10.6,18.3,14.2,16.3,19.9,0.0,0.0,0.0,0.0,0.0,0.0,0.0,0.0,0.0,1197.8,12.00,16,16,16,39,55,661,1,78.6,78.9,77.0,73.9,77.2,77.7,75.4,74.3,71.7,72.3,71.6,71.0,66.5,66.7,66.2,57.0,54.3,1.312,1.025,1.306,17.700,11.884,17.711,79.839,44.938,5.110,6.804,7.135,5.505,5.024,3.878,4.562,4.253,3.719,23.489,12.257,35.746,45.001,1197.8,1197.8,4047.1,4047.1,4047.1,4047.1,51.1,29.5,88.7,83.1,57.1,No,No,No,1.907,1.303,7.1,50,95.0,100.0,No,No,90848,98731,33,99.0,No,No,3320,0.3,0.1,0.3,0.999,0.122,46490,35377,0.0,0.0,0.0,0.000,0.000,151,0,73.8,96.7,83.0,1.081,12.049,12.100,12.094,11.951,1945,155.967,73.355,127.682,46.671,110.409,31.229,78.883,0.336,127.682,29.130,63.861,117.666,220.000,240.000,1905.0,1750.2,1680.0,1898.8,1815.0,61.0,22.0,0.0,9.0,93.8,12.2,49.0,0.0,0.0,0.0,56,Yes,No,No,Yes,No,No,No,70.9,64.0,4,0,0,0,0,0,0,0,0,105,0,0,0,0,0,0,0,0,0,0,0,0,0,0,0,0,0,0,0,0,508,7684,7523,1680,8.0,0.0,0.0,0.0,0.0,0.0,0.0,0.0,0.0,0.0,0.0,0.0,0.0,0.00,0.00,0.00,0.00,0.00,0.00,0.00,0.00,0.00,0.00,0.00,0,0,0.0,0.0,3181,251,7.5,5.6,0,
3.7.2026,23:1:26.155,29239,16755,63.5,15406,17276,47.1,0.5,13312,69,1.314,1.325,1.312,1.312,1.312,1.312,1.312,1.312,1.312,4055.2,4067.7,4042.7,4042.7,4042.7,4042.7,4067.7,4067.7,4067.7,99.8,1664.2,3710.7,1840.5,3332.2,1569.8,2133.6,1560.9,1874.0,1404.8,1181.9,895.4,1568.0,1289.9,1476.7,991.0,1019.7,777.4,1664.2,39.5,65.5,45.4,82.4,39.3,53.1,38.4,46.5,34.6,29.3,22.2,38.8,32.0,36.5,24.5,24.6,19.2,82.4,39.5,44.2,73.5,50.8,92.7,43.9,59.4,42.9,52.0,38.6,32.6,24.6,43.3,35.7,40.8,27.3,28.0,21.2,44.2,40.6,40.8,40.5,40.5,40.5,40.5,40.8,40.8,40.8,0.0,85.3,91.6,96.8,88.1,86.6,78.9,82.8,81.3,76.6,14.7,8.4,3.2,11.9,13.4,21.1,17.2,18.7,23.4,0.0,0.0,0.0,0.0,0.0,0.0,0.0,0.0,0.0,1197.8,12.00,16,16,16,39,55,661,1,77.5,76.1,75.8,72.0,73.9,75.3,73.4,72.4,70.4,71.1,70.2,69.5,65.9,66.2,65.6,58.8,54.2,1.331,1.025,1.337,15.706,11.875,15.706,76.801,42.314,4.583,5.593,6.337,4.949,4.586,3.659,4.226,3.926,3.391,20.889,12.240,33.129,42.369,1197.8,1197.8,4052.6,4052.6,4052.6,4052.6,48.1,26.2,85.3,80.1,56.8,No,No,No,1.913,1.423,6.8,50,95.0,100.0,No,No,90848,98731,33,99.0,No,No,3320,0.2,0.0,0.2,1.321,0.010,46493,35377,0.0,0.0,0.0,0.000,0.000,151,0,74.2,97.1,83.0,1.075,12.047,12.099,12.094,11.947,1953,159.885,69.472,132.942,48.977,115.690,32.101,83.312,0.336,132.942,31.503,8.531,108.386,220.000,240.000,1905.0,1750.2,1665.0,1895.7,1800.0,65.0,23.0,0.0,8.0,93.8,13.3,53.3,0.0,0.0,0.0,56,Yes,No,No,Yes,Yes,No,No,74.7,74.7,4,0,0,0,0,0,0,0,0,105,0,0,0,0,0,0,0,0,0,0,0,0,0,0,0,0,0,0,0,0,508,7684,7523,1680,8.0,0.0,0.0,0.0,0.0,0.0,0.0,0.0,0.0,0.0,0.0,0.0,0.0,0.00,0.00,0.00,0.00,0.00,0.00,0.00,0.00,0.00,0.00,0.00,0,0,0.0,0.0,3181,251,11.4,2.8,0,
3.7.2026,23:1:28.147,29241,16753,63.5,15404,17278,47.1,0.5,13312,69,1.298,1.325,1.294,1.294,1.294,1.294,1.294,1.294,1.294,4036.5,4042.7,4017.8,4017.8,4042.7,4042.7,4042.7,4042.7,4042.7,99.8,1623.7,3768.8,2031.2,2708.7,2084.0,2031.6,1536.9,1724.6,1395.7,1060.1,905.8,1409.8,1278.9,1378.5,993.0,942.1,729.6,1623.7,38.3,64.9,50.1,67.3,51.5,50.5,37.6,42.7,34.2,26.0,22.0,34.8,31.4,33.9,24.2,23.6,17.7,67.3,38.3,43.0,72.9,56.3,75.3,57.9,56.7,42.3,48.0,38.5,29.2,24.8,39.1,35.3,38.1,27.2,25.8,19.8,43.0,40.4,40.5,40.2,40.2,40.5,40.5,40.5,40.5,40.5,0.0,84.1,92.9,95.3,87.4,85.4,76.9,80.6,79.5,74.8,15.9,7.1,4.7,12.6,14.6,23.1,19.4,20.5,25.2,0.0,0.0,0.0,0.0,0.0,0.0,0.0,0.0,0.0,1197.8,12.00,16,16,16,39,55,661,1,77.0,75.7,76.2,71.5,74.0,74.4,72.9,71.8,69.9,70.3,69.8,69.0,65.6,65.9,65.3,56.0,54.1,1.337,1.025,1.337,15.118,11.846,15.114,75.687,41.476,4.480,5.731,6.120,4.829,4.453,3.549,4.033,3.838,3.289,20.117,12.207,32.324,41.550,1197.8,1197.8,4054.7,4054.8,4054.6,4054.8,47.2,25.2,84.1,79.7,56.0,No,No,No,1.885,1.421,6.7,50,95.0,100.0,No,No,90848,98731,33,99.0,No,No,3320,0.1,0.1,0.1,0.227,0.058,46493,35377,0.0,0.0,0.0,0.000,0.000,151,0,74.1,96.5,83.0,1.075,12.057,12.106,12.101,11.962,1949,156.424,69.906,123.654,45.518,106.324,30.767,75.289,0.336,123.654,27.978,62.886,102.650,220.000,240.000,1905.0,1750.2,1665.0,1886.9,1800.0,56.0,20.0,0.0,7.0,93.8,13.1,52.4,0.0,0.0,0.0,56,Yes,No,No,Yes,Yes,No,No,68.9,72.0,4,0,0,0,0,0,0,0,0,105,0,0,0,0,0,0,0,0,0,0,0,0,0,0,0,0,0,0,0,0,506,7686,7524,1679,8.0,0.0,0.0,0.0,0.0,0.0,0.0,0.0,0.0,0.0,0.0,0.0,0.0,0.00,0.00,0.00,0.00,0.00,0.00,0.00,0.00,0.00,0.00,0.00,0,0,0.0,0.0,3181,251,3.7,9.2,0,
3.7.2026,23:1:30.154,29241,16752,63.5,15413,17269,47.1,0.5,13312,69,1.327,1.325,1.306,1.331,1.331,1.331,1.331,1.331,1.331,4061.4,4042.7,4042.7,4067.7,4067.7,4067.7,4067.7,4067.7,4067.7,99.8,1780.1,3809.2,2654.2,1758.4,3136.9,1994.2,1813.5,1871.1,1642.2,1130.7,1104.8,1483.8,1485.7,1421.4,1188.9,1075.1,912.2,1780.1,41.4,56.2,65.4,43.4,77.5,49.2,44.5,46.1,40.2,27.7,27.0,36.5,36.4,34.9,29.0,26.2,22.1,77.5,41.4,46.5,63.2,73.6,48.8,87.1,55.4,50.0,51.8,45.2,31.1,30.3,41.0,40.9,39.2,32.6,29.5,24.9,46.5,40.7,40.5,40.5,40.8,40.8,40.8,40.8,40.8,40.8,0.0,86.1,93.9,95.9,88.7,88.0,79.7,83.5,81.3,77.7,13.9,6.1,4.1,11.3,12.0,20.3,16.5,18.7,22.3,0.0,0.0,0.0,0.0,0.0,0.0,0.0,0.0,0.0,1197.8,12.00,16,16,16,39,55,661,1,76.9,76.0,73.8,72.0,74.4,74.8,73.3,72.4,70.3,70.9,70.2,69.5,65.8,66.1,65.5,58.2,54.1,1.337,1.031,1.331,15.978,11.943,15.983,77.491,42.752,4.671,5.972,6.150,4.996,4.779,3.737,4.272,3.975,3.486,21.272,12.310,33.582,42.844,1197.8,1197.8,4054.4,4054.5,4054.3,4054.5,48.7,26.6,86.1,80.0,56.8,No,No,No,2.059,1.525,6.9,50,95.0,100.0,No,No,90848,98731,33,99.0,No,No,3320,0.1,0.0,0.1,0.259,0.040,46494,35377,0.0,0.0,0.0,0.000,0.000,151,0,73.5,96.5,83.0,1.075,12.060,12.110,12.104,11.967,1945,166.797,64.926,120.002,43.281,103.671,30.348,73.065,0.336,120.002,26.768,38.819,92.962,220.000,240.000,1905.0,1750.2,1665.0,1886.5,1800.0,62.0,22.0,0.0,8.0,93.8,14.2,56.6,0.0,0.0,0.0,56,Yes,No,No,Yes,Yes,No,No,66.7,56.0,4,0,0,0,0,0,0,0,0,105,0,0,0,0,0,0,0,0,0,0,0,0,0,0,0,0,0,0,0,0,509,7683,7522,1679,8.0,0.0,0.0,0.0,0.0,0.0,0.0,0.0,0.0,0.0,0.0,0.0,0.0,0.00,0.00,0.00,0.00,0.00,0.00,0.00,0.00,0.00,0.00,0.00,0,0,0.0,0.0,3181,251,2.2,9.6,0,
3.7.2026,23:1:32.150,29244,16749,63.5,15416,17266,47.1,0.5,13312,69,1.323,1.319,1.325,1.331,1.331,1.319,1.319,1.319,1.319,4067.7,4067.7,4067.7,4067.7,4067.7,4067.7,4067.7,4067.7,4067.7,99.8,1711.0,3767.1,2560.4,1788.9,2981.1,1959.3,1776.2,1813.2,1500.9,1047.7,1015.8,1495.1,1361.5,1336.0,1121.9,1035.7,814.8,1711.0,39.3,54.2,62.8,43.9,73.7,48.2,43.2,44.5,36.3,25.2,24.4,36.4,33.0,32.4,27.0,24.9,19.3,73.7,39.3,44.7,61.2,70.9,49.8,83.0,54.5,49.0,50.4,41.3,29.0,28.0,41.4,37.6,36.9,30.9,28.6,22.3,44.7,40.8,40.8,40.8,40.8,40.8,40.8,40.8,40.8,40.8,0.0,84.1,92.9,94.9,87.7,85.8,76.7,80.9,79.0,75.0,15.9,7.1,5.1,12.3,14.2,23.3,19.1,21.0,25.0,0.0,0.0,0.0,0.0,0.0,0.0,0.0,0.0,0.0,1197.8,12.00,16,16,16,39,55,661,1,76.6,75.6,77.2,71.6,74.1,74.0,73.2,71.9,70.0,70.6,69.8,69.2,65.5,65.8,65.2,56.2,53.8,1.325,1.025,1.331,15.502,11.821,15.500,75.700,41.978,4.548,5.829,5.995,4.983,4.546,3.611,4.161,3.852,3.411,20.638,12.184,32.822,42.047,1197.8,1197.8,4055.9,4055.9,4055.9,4055.9,47.8,25.8,84.1,79.6,56.5,No,No,No,1.910,1.346,6.7,50,95.0,100.0,No,No,90848,98731,33,99.0,No,No,3320,0.1,0.1,0.1,0.206,0.179,46494,35378,0.0,0.0,0.0,0.000,0.000,151,0,73.9,96.5,83.0,1.075,12.056,12.106,12.101,11.962,1957,157.162,62.951,122.517,45.120,105.386,30.528,74.598,0.336,122.517,27.794,8.559,92.153,220.000,240.000,1905.0,1750.2,1665.0,1887.0,1800.0,58.0,20.0,0.0,7.0,93.8,13.1,52.2,0.0,0.0,0.0,56,Yes,No,No,Yes,Yes,No,No,68.3,67.2,4,0,0,0,0,0,0,0,0,105,0,0,0,0,0,0,0,0,0,0,0,0,0,0,0,0,0,0,0,0,509,7683,7522,1679,8.0,0.0,0.0,0.0,0.0,0.0,0.0,0.0,0.0,0.0,0.0,0.0,0.0,0.00,0.00,0.00,0.00,0.00,0.00,0.00,0.00,0.00,0.00,0.00,0,0,0.0,0.0,3181,251,5.1,8.9,0,
3.7.2026,23:1:34.147,29241,16753,63.5,15415,17267,47.1,0.5,13312,69,1.312,1.312,1.312,1.312,1.312,1.312,1.312,1.312,1.306,4045.8,4042.7,4042.7,4042.7,4042.7,4042.7,4042.7,4042.7,4067.7,99.8,1587.2,3840.8,1826.0,2524.2,2013.3,2054.8,1530.6,1805.7,1357.9,1006.7,862.4,1458.5,1210.7,1290.4,945.2,952.0,716.1,1587.2,37.6,72.8,45.1,62.3,49.5,50.7,37.4,44.6,33.2,24.7,20.9,35.8,29.6,31.5,23.0,23.2,17.4,72.8,37.6,42.2,81.9,50.7,70.0,55.7,57.0,42.0,50.1,37.2,27.7,23.5,40.2,33.2,35.4,25.8,26.0,19.4,42.2,40.5,40.5,40.5,40.5,40.5,40.5,40.5,40.5,40.8,0.0,84.2,94.7,93.4,87.8,86.2,76.4,81.0,79.2,75.1,15.8,5.3,6.6,12.2,13.8,23.6,19.0,20.8,24.9,0.0,0.0,0.0,0.0,0.0,0.0,0.0,0.0,0.0,1197.8,12.00,16,16,16,39,55,661,1,76.5,75.4,75.0,71.3,74.3,73.5,72.9,71.6,69.7,70.2,69.5,68.8,65.4,65.7,65.1,57.5,54.0,1.325,1.031,1.331,15.174,11.802,15.178,75.798,41.485,4.473,5.974,5.775,4.906,4.514,3.521,4.069,3.741,3.287,20.198,12.160,32.358,41.589,1197.8,1197.8,4056.0,4056.0,4056.0,4056.0,47.3,25.3,84.2,79.4,56.3,No,No,No,1.858,1.337,6.7,50,95.0,100.0,No,No,90848,98731,33,99.0,No,No,3320,0.1,0.0,0.1,0.293,0.004,46495,35378,0.0,0.0,0.0,0.000,0.000,151,0,70.2,91.4,83.0,1.075,12.129,12.173,12.153,12.061,1949,162.462,28.674,51.263,14.656,54.067,23.072,30.987,0.336,51.263,17.811,8.558,34.727,220.000,240.000,1905.0,1750.2,1665.0,1886.9,1800.0,62.0,22.0,0.0,8.0,93.8,12.3,49.0,0.0,0.0,0.0,56,Yes,No,No,Yes,Yes,No,No,31.4,34.6,4,0,0,0,0,0,0,0,0,105,0,0,0,0,0,0,0,0,0,0,0,0,0,0,0,0,0,0,0,0,508,7684,7522,1679,8.0,0.0,0.0,0.0,0.0,0.0,0.0,0.0,0.0,0.0,0.0,0.0,0.0,0.00,0.00,0.00,0.00,0.00,0.00,0.00,0.00,0.00,0.00,0.00,0,0,0.0,0.0,3181,251,5.1,9.7,0,
3.7.2026,23:1:36.152,30090,15904,65.4,16187,16495,49.5,0.5,13312,69,1.309,1.319,1.325,1.319,1.306,1.306,1.319,1.288,1.288,4042.7,4042.7,4067.7,4042.7,4042.7,4042.7,4017.8,4042.7,4042.7,99.8,2335.9,3904.6,2639.2,2939.0,2750.8,2611.3,2452.8,2467.0,2214.7,1773.2,1746.3,2241.4,2215.3,2141.1,1925.2,1686.7,1665.6,2335.9,57.1,84.3,65.6,72.9,68.5,64.7,61.0,61.3,54.8,44.1,43.3,55.6,55.0,53.1,47.6,41.4,40.8,84.3,57.1,63.7,94.4,73.3,81.5,76.5,72.3,68.0,68.4,61.1,49.1,48.2,62.0,61.3,59.2,53.0,46.1,45.5,63.7,40.5,40.5,40.8,40.5,40.5,40.5,40.2,40.5,40.5,0.0,86.1,96.5,91.4,88.2,87.1,80.5,84.1,82.7,78.1,13.9,3.5,8.6,11.8,12.9,19.5,15.9,17.3,21.9,0.0,0.0,0.0,0.0,0.0,0.0,0.0,0.0,0.0,1197.8,12.00,16,16,16,39,55,661,1,87.1,81.5,75.8,77.2,80.1,79.5,79.0,77.6,75.0,76.4,75.8,74.1,66.4,66.6,66.2,57.0,54.2,1.344,1.019,1.344,21.307,11.649,21.304,77.451,49.362,5.939,7.216,6.967,6.377,6.003,4.979,5.797,5.469,4.703,28.156,12.036,40.192,49.474,1197.8,1197.8,4043.4,4045.4,4041.3,4046.4,56.2,35.5,86.1,85.8,59.1,No,No,No,3.325,0.737,6.9,50,95.0,100.0,No,No,90848,98731,33,99.0,No,No,3320,0.2,0.1,0.3,0.843,0.068,46496,35378,0.0,0.0,0.0,0.000,0.000,151,0,71.5,92.6,83.0,1.081,12.041,12.087,12.090,11.946,1949,69.617,73.067,134.636,52.593,111.821,30.738,80.786,0.336,134.636,29.514,48.735,106.879,220.000,240.000,1905.0,1750.2,1680.0,1904.6,1815.0,45.0,13.0,0.0,4.0,93.5,2.6,10.5,0.0,0.0,0.0,56,Yes,No,No,Yes,No,No,No,74.6,80.3,4,0,0,0,0,0,0,0,0,105,0,0,0,0,0,0,0,0,0,0,0,0,0,0,0,0,0,0,0,0,531,7661,7500,1685,8.0,0.0,0.0,0.0,0.0,0.0,0.0,0.0,0.0,0.0,0.0,0.0,0.0,0.00,0.00,0.00,0.00,0.00,0.00,0.00,0.00,0.00,0.00,0.00,0,0,0.0,0.0,3181,251,3.4,10.1,0,
3.7.2026,23:1:38.152,30105,15889,65.4,16215,16467,49.6,0.5,13312,69,1.319,1.319,1.319,1.319,1.319,1.319,1.319,1.319,1.319,3966.0,4067.7,4067.7,4067.7,4067.7,3254.1,4067.7,4067.7,4067.7,99.8,1328.9,3403.8,1544.1,1794.5,1802.6,1710.2,1224.3,1416.8,1099.6,791.5,742.7,1150.7,1054.5,1053.7,873.9,762.5,836.6,1328.9,31.2,57.8,37.7,44.5,44.1,42.3,30.0,34.9,27.1,19.6,18.4,28.7,26.1,25.9,21.8,19.4,21.1,57.8,31.2,35.1,65.0,42.4,50.0,49.6,47.5,33.7,39.2,30.4,22.0,20.6,32.2,29.3,29.1,24.4,21.7,23.6,35.1,39.7,40.8,40.8,40.8,40.8,32.6,40.8,40.8,40.8,0.0,72.4,83.8,81.5,77.0,74.0,63.3,69.2,67.5,63.1,27.6,16.2,18.5,23.0,26.0,36.7,30.8,32.5,36.9,0.0,0.0,0.0,0.0,0.0,0.0,0.0,0.0,0.0,1197.8,12.00,16,16,16,39,55,661,1,84.0,74.7,73.5,70.9,73.0,72.4,72.3,71.0,69.6,70.2,69.7,69.2,65.6,65.9,65.4,56.2,54.1,1.350,1.025,1.350,13.451,11.394,13.453,65.095,38.881,4.000,5.115,4.929,4.342,4.004,3.171,3.743,3.496,3.197,18.012,11.738,29.750,38.939,1197.8,1197.8,4063.0,4064.6,4061.4,4069.4,44.2,22.4,72.3,78.6,55.8,No,No,No,1.903,0.818,5.8,50,95.0,100.0,No,No,90848,98731,33,99.0,No,No,3320,0.3,0.0,0.3,2.725,0.041,46501,35378,0.0,0.0,0.0,0.000,0.000,151,0,75.3,99.0,83.0,1.075,12.037,12.090,12.086,11.936,1942,168.720,76.741,138.960,51.055,119.663,31.023,88.310,0.336,138.960,31.481,39.466,128.157,220.000,240.000,1905.0,1750.2,1665.0,1887.1,1800.0,65.0,22.0,0.0,3.0,93.5,14.1,56.4,0.0,0.0,0.0,56,Yes,No,No,Yes,Yes,No,No,77.5,79.2,4,0,0,0,0,0,0,0,0,105,0,0,0,0,0,0,0,0,0,0,0,0,0,0,0,0,0,0,0,0,530,7662,7500,1685,8.0,0.0,0.0,0.0,0.0,0.0,0.0,0.0,0.0,0.0,0.0,0.0,0.0,0.00,0.00,0.00,0.00,0.00,0.00,0.00,0.00,0.00,0.00,0.00,0,0,0.0,0.0,3181,251,14.0,0.1,0,
3.7.2026,23:1:40.149,30090,15904,65.4,16216,16465,49.6,0.5,13312,69,1.336,1.350,1.331,1.331,1.331,1.331,1.337,1.337,1.337,4092.6,4092.6,4092.6,4092.6,4092.6,4092.6,4092.6,4092.6,4092.6,99.8,1187.7,3271.3,1542.1,1666.8,1601.6,1369.9,1347.3,1152.0,1094.4,646.4,643.8,936.9,949.8,930.1,745.0,501.0,604.7,1187.7,27.0,49.5,37.5,40.8,38.9,33.4,32.7,28.1,26.5,15.7,15.6,22.8,23.0,22.4,18.0,12.1,14.6,49.5,27.0,30.4,55.9,42.3,46.0,43.9,37.7,36.8,31.6,29.8,17.7,17.5,25.7,25.9,25.2,20.3,13.6,16.5,30.4,41.0,41.0,41.0,41.0,41.0,41.0,41.0,41.0,41.0,0.0,69.6,80.3,78.8,74.8,72.0,60.9,66.0,65.3,58.6,30.4,19.7,21.2,25.2,28.0,39.1,34.0,34.7,41.4,0.0,0.0,0.0,0.0,0.0,0.0,0.0,0.0,0.0,1197.8,12.00,16,16,16,39,55,661,1,80.9,73.0,73.2,69.8,72.1,71.0,71.4,70.0,68.5,68.8,68.6,67.7,64.8,65.1,64.5,58.2,53.7,1.331,1.031,1.350,12.855,11.217,12.862,62.480,37.939,3.876,5.083,4.745,4.297,3.920,3.078,3.577,3.414,2.893,17.299,11.554,28.853,37.967,1197.8,1197.8,4075.1,4076.7,4073.4,4084.5,43.1,21.4,69.4,76.9,55.6,No,No,No,1.309,0.469,5.6,50,95.0,100.0,No,No,90848,98731,33,99.0,No,No,3320,0.1,0.1,0.2,0.942,0.194,46503,35378,0.0,0.0,0.0,0.000,0.000,151,0,76.0,99.8,83.0,1.075,12.037,12.090,12.086,11.935,1945,171.323,76.668,139.697,51.263,120.158,31.056,88.777,0.336,139.697,31.456,38.914,125.323,220.000,240.000,1905.0,1750.2,1665.0,1886.8,1800.0,65.0,22.0,0.0,3.0,93.5,14.3,57.2,0.0,0.0,0.0,56,Yes,No,No,Yes,Yes,No,No,77.8,79.8,4,0,0,0,0,0,0,0,0,105,0,0,0,0,0,0,0,0,0,0,0,0,0,0,0,0,0,0,0,0,533,7659,7498,1685,8.0,0.0,0.0,0.0,0.0,0.0,0.0,0.0,0.0,0.0,0.0,0.0,0.0,0.00,0.00,0.00,0.00,0.00,0.00,0.00,0.00,0.00,0.00,0.00,0,0,0.0,0.0,3181,251,12.3,2.9,0,
3.7.2026,23:1:42.148,30076,15917,65.3,16204,16477,49.5,0.5,13312,69,1.336,1.331,1.337,1.337,1.337,1.337,1.337,1.337,1.331,4086.4,4067.7,4092.6,4092.6,4092.6,4092.6,4092.6,4092.6,4067.7,99.8,1144.0,3217.5,1718.3,1485.4,1672.5,1005.3,1498.4,841.5,1284.4,527.0,711.7,725.9,1037.9,709.4,849.5,444.1,574.9,1144.0,25.6,42.4,41.9,36.3,40.8,24.6,36.4,20.5,31.3,12.9,17.4,17.6,25.4,17.0,20.6,10.8,14.0,42.4,25.6,28.8,47.8,47.2,40.9,46.0,27.6,41.1,23.0,35.2,14.4,19.4,19.8,28.5,19.0,23.2,12.0,15.6,28.8,40.9,40.8,41.0,41.0,41.0,41.0,41.0,41.0,40.8,0.0,67.9,78.9,77.4,72.9,70.3,59.5,64.4,63.4,56.7,32.1,21.1,22.6,27.1,29.7,40.5,35.6,36.6,43.3,0.0,0.0,0.0,0.0,0.0,0.0,0.0,0.0,0.0,1197.8,12.00,16,16,16,39,55,661,1,77.8,72.3,73.2,69.2,71.5,70.5,70.5,69.4,68.1,68.5,68.0,67.2,64.4,64.7,64.2,55.5,53.5,1.337,1.025,1.350,12.462,11.198,12.464,60.940,37.332,3.772,4.994,4.643,4.115,3.816,3.035,3.481,3.301,2.794,16.798,11.532,28.331,37.432,1197.8,1197.8,4077.4,4079.4,4075.4,4090.8,42.5,20.8,67.7,76.1,55.5,No,No,No,1.289,0.476,5.4,50,95.0,100.0,No,No,90848,98731,33,99.0,No,No,3320,0.2,0.0,0.2,0.344,0.008,46504,35378,0.0,0.0,0.0,0.000,0.000,151,0,75.7,99.7,83.0,1.075,12.045,12.099,12.092,11.942,1949,169.729,72.783,139.209,50.610,119.884,31.098,88.473,0.336,139.209,31.017,8.715,119.278,220.000,240.000,1905.0,1750.2,1665.0,1886.9,1800.0,65.0,22.0,0.0,3.0,93.5,14.3,57.1,0.0,0.0,0.0,56,Yes,No,No,Yes,Yes,No,No,77.4,78.8,4,0,0,0,0,0,0,0,0,105,0,0,0,0,0,0,0,0,0,0,0,0,0,0,0,0,0,0,0,0,533,7659,7498,1685,8.0,0.0,0.0,0.0,0.0,0.0,0.0,0.0,0.0,0.0,0.0,0.0,0.0,0.00,0.00,0.00,0.00,0.00,0.00,0.00,0.00,0.00,0.00,0.00,0,0,0.0,0.0,3181,251,1.3,1.3,0,
3.7.2026,23:1:44.151,29569,16425,64.2,15734,16948,48.1,0.5,13312,69,1.321,1.337,1.319,1.319,1.319,1.319,1.319,1.319,1.319,4092.6,4092.6,4092.6,4092.6,4092.6,4092.6,4092.6,4092.6,4092.6,99.8,1218.6,3285.7,2095.8,1613.4,1632.8,1161.5,1384.0,1018.3,1204.2,587.7,709.2,850.6,965.5,805.5,832.3,660.2,690.4,1218.6,27.0,43.1,49.4,39.0,39.7,27.9,33.5,24.6,29.2,14.2,17.2,20.5,23.3,19.0,20.2,14.7,16.6,49.4,27.0,30.7,48.8,56.0,44.2,45.0,31.7,37.9,27.9,33.1,16.1,19.5,23.3,26.5,21.7,23.0,16.8,18.9,30.7,41.0,41.0,41.0,41.0,41.0,41.0,41.0,41.0,41.0,0.0,67.2,80.5,75.4,70.9,69.2,58.0,63.0,62.8,58.1,32.8,19.5,24.6,29.1,30.8,42.0,37.0,37.2,41.9,0.0,0.0,0.0,0.0,0.0,0.0,0.0,0.0,0.0,1197.8,12.00,16,16,16,39,55,661,1,75.6,72.6,73.0,69.0,71.6,70.3,70.5,69.3,67.7,68.0,67.8,67.1,64.3,64.5,64.0,58.2,53.7,1.344,1.025,1.356,12.856,11.170,12.854,60.398,37.815,3.831,5.233,4.701,4.149,3.834,2.994,3.433,3.275,3.031,17.291,11.505,28.795,37.896,1197.8,1197.8,4080.8,4083.1,4078.5,4090.1,43.1,21.4,67.1,76.4,56.1,No,No,No,1.492,0.268,5.4,50,95.0,100.0,No,No,90848,98731,33,99.0,No,No,3320,0.9,0.0,1.0,1.470,0.029,46507,35378,0.0,0.0,0.0,0.000,0.000,151,0,66.6,84.2,83.0,1.075,12.125,12.166,12.150,12.058,1957,69.156,29.185,54.930,16.108,54.236,23.694,30.515,0.336,54.930,15.744,7.562,33.791,220.000,240.000,1905.0,1750.2,1680.0,1902.4,1815.0,5.0,1.0,0.0,0.0,68.5,3.9,15.4,0.0,0.0,0.0,56,Yes,No,No,Yes,No,No,No,32.1,34.6,4,0,0,0,0,0,0,0,0,105,0,0,0,0,0,0,0,0,0,0,0,0,0,0,0,0,0,0,0,0,2584,5608,5445,987,8.0,0.0,0.0,0.0,0.0,0.0,0.0,0.0,0.0,0.0,0.0,0.0,0.0,0.00,0.00,0.00,0.00,0.00,0.00,0.00,0.00,0.00,0.00,0.00,0,0,0.0,0.0,3181,251,0.9,0.7,0,
Date,Time,"Virtual Memory Committed [MB]","Virtual Memory Available [MB]","Virtual Memory Load [%]","Physical Memory Used [MB]","Physical Memory Available [MB]","Physical Memory Load [%]","Page File Usage [%]","Page File Total [MB]","Page File Used [MB]","Core VIDs (avg) [V]","Core 0 VID [V]","Core 1 VID [V]","Core 2 VID [V]","Core 3 VID [V]","Core 4 VID [V]","Core 5 VID [V]","Core 6 VID [V]","Core 7 VID [V]","Core Clocks (avg) [MHz]","Core 0 Clock (perf #1/4) [MHz]","Core 1 Clock (perf #1/3) [MHz]","Core 2 Clock (perf #2/6) [MHz]","Core 3 Clock (perf #3/5) [MHz]","Core 4 Clock (perf #6/8) [MHz]","Core 5 Clock (perf #4/2) [MHz]","Core 6 Clock (perf #5/1) [MHz]","Core 7 Clock (perf #7/7) [MHz]","Bus Clock [MHz]","Core Effective Clocks (avg) [MHz]","Core 0 T0 Effective Clock [MHz]","Core 0 T1 Effective Clock [MHz]","Core 1 T0 Effective Clock [MHz]","Core 1 T1 Effective Clock [MHz]","Core 2 T0 Effective Clock [MHz]","Core 2 T1 Effective Clock [MHz]","Core 3 T0 Effective Clock [MHz]","Core 3 T1 Effective Clock [MHz]","Core 4 T0 Effective Clock [MHz]","Core 4 T1 Effective Clock [MHz]","Core 5 T0 Effective Clock [MHz]","Core 5 T1 Effective Clock [MHz]","Core 6 T0 Effective Clock [MHz]","Core 6 T1 Effective Clock [MHz]","Core 7 T0 Effective Clock [MHz]","Core 7 T1 Effective Clock [MHz]","Average Effective Clock [MHz]","Core Usage (avg) [%]","Core 0 T0 Usage [%]","Core 0 T1 Usage [%]","Core 1 T0 Usage [%]","Core 1 T1 Usage [%]","Core 2 T0 Usage [%]","Core 2 T1 Usage [%]","Core 3 T0 Usage [%]","Core 3 T1 Usage [%]","Core 4 T0 Usage [%]","Core 4 T1 Usage [%]","Core 5 T0 Usage [%]","Core 5 T1 Usage [%]","Core 6 T0 Usage [%]","Core 6 T1 Usage [%]","Core 7 T0 Usage [%]","Core 7 T1 Usage [%]","Max CPU/Thread Usage [%]","Total CPU Usage [%]","Core Utility (avg) [%]","Core 0 T0 Utility [%]","Core 0 T1 Utility [%]","Core 1 T0 Utility [%]","Core 1 T1 Utility [%]","Core 2 T0 Utility [%]","Core 2 T1 Utility [%]","Core 3 T0 Utility [%]","Core 3 T1 Utility [%]","Core 4 T0 Utility [%]","Core 4 T1 Utility [%]","Core 5 T0 Utility [%]","Core 5 T1 Utility [%]","Core 6 T0 Utility [%]","Core 6 T1 Utility [%]","Core 7 T0 Utility [%]","Core 7 T1 Utility [%]","Total CPU Utility [%]","Core Ratios (avg) [x]","Core 0 Ratio [x]","Core 1 Ratio [x]","Core 2 Ratio [x]","Core 3 Ratio [x]","Core 4 Ratio [x]","Core 5 Ratio [x]","Core 6 Ratio [x]","Core 7 Ratio [x]","Package C6 Residency [%]","Core C0 Residency (avg) [%]","Core 0 C0 Residency [%]","Core 1 C0 Residency [%]","Core 2 C0 Residency [%]","Core 3 C0 Residency [%]","Core 4 C0 Residency [%]","Core 5 C0 Residency [%]","Core 6 C0 Residency [%]","Core 7 C0 Residency [%]","Core C1 Residency (avg) [%]","Core 0 C1 Residency [%]","Core 1 C1 Residency [%]","Core 2 C1 Residency [%]","Core 3 C1 Residency [%]","Core 4 C1 Residency [%]","Core 5 C1 Residency [%]","Core 6 C1 Residency [%]","Core 7 C1 Residency [%]","Core C6 Residency (avg) [%]","Core 0 C6 Residency [%]","Core 1 C6 Residency [%]","Core 2 C6 Residency [%]","Core 3 C6 Residency [%]","Core 4 C6 Residency [%]","Core 5 C6 Residency [%]","Core 6 C6 Residency [%]","Core 7 C6 Residency [%]","Memory Clock [MHz]","Memory Clock Ratio [x]","Tcas [T]","Trcd [T]","Trp [T]","Tras [T]","Trc [T]","Trfc [T]","Command Rate [T]","CPU (Tctl/Tdie) [°C]","CPU Die (average) [°C]","CPU CCD1 (Tdie) [°C]","Core Temperatures (avg) [°C]","Core0 (CCD1) [°C]","Core1 (CCD1) [°C]","Core2 (CCD1) [°C]","Core3 (CCD1) [°C]","Core4 (CCD1) [°C]","Core5 (CCD1) [°C]","Core6 (CCD1) [°C]","Core7 (CCD1) [°C]","L3 Temperatures (avg) [°C]","L3 Cache (CCD1:CCX1) [°C]","L3 Cache (CCD1:CCX2) [°C]","CPU IOD Hotspot [°C]","CPU IOD Average [°C]","CPU Core Voltage (SVI2 TFN) [V]","SoC Voltage (SVI2 TFN) [V]","CPU Core VID (Effective) [V]","CPU Core Current (SVI2 TFN) [A]","SoC Current (SVI2 TFN) [A]","CPU TDC [A]","CPU EDC [A]","CPU Package Power [W]","Core Powers (avg) [W]","Core 0 Power [W]","Core 1 Power [W]","Core 2 Power [W]","Core 3 Power [W]","Core 4 Power [W]","Core 5 Power [W]","Core 6 Power [W]","Core 7 Power [W]","CPU Core Power (SVI2 TFN) [W]","CPU SoC Power (SVI2 TFN) [W]","Core+SoC Power (SVI2 TFN) [W]","CPU PPT [W]","Infinity Fabric Clock (FCLK) [MHz]","Memory Controller Clock (UCLK) [MHz]","L3 Clocks (avg) [MHz]","L3 Cache (CCD1:CCX1) [MHz]","L3 Cache (CCD1:CCX2) [MHz]","Frequency Limit - Global [MHz]","CPU PPT Limit [%]","CPU TDC Limit [%]","CPU EDC Limit [%]","Thermal Limit [%]","Power Reporting Deviation (Accuracy) [%]","Thermal Throttling (HTC) [Yes/No]","Thermal Throttling (PROCHOT CPU) [Yes/No]","Thermal Throttling (PROCHOT EXT) [Yes/No]","DRAM Read Bandwidth [Gbps]","DRAM Write Bandwidth [Gbps]","Average Active Core Count []","Drive Temperature [°C]","Drive Remaining Life [%]","Drive Available Spare [%]","Drive Failure [Yes/No]","Drive Warning [Yes/No]","Total Host Writes [GB]","Total Host Reads [GB]","Drive Airflow Temperature [°C]","Drive Remaining Life [%]","Drive Failure [Yes/No]","Drive Warning [Yes/No]","Total Host Writes [GB]","Read Activity [%]","Write Activity [%]","Total Activity [%]","Read Rate [MB/s]","Write Rate [MB/s]","Read Total [MB]","Write Total [MB]","Read Activity [%]","Write Activity [%]","Total Activity [%]","Read Rate [MB/s]","Write Rate [MB/s]","Read Total [MB]","Write Total [MB]","GPU Temperature [°C]","GPU Hot Spot Temperature [°C]","GPU Thermal Limit [°C]","GPU Core Voltage [V]","GPU Rail Voltages (avg) [V]","GPU PCIe +12V Input Voltage [V]","GPU 8-pin #1 Input Voltage [V]","GPU Misc0 Input Voltage [V]","GPU Fan1 [RPM]","GPU Power [W]","GPU Rail Powers (avg) [W]","GPU Core (NVVDD) Input Power (sum) [W]","GPU PCIe +12V Input Power [W]","GPU 8-pin #1 Input Power [W]","GPU Misc0 Input Power [W]","GPU Core (NVVDD1) Input Power (sum) [W]","GPU PCIe +3.3V Input Power (est) [W]","GPU Core (NVVDD) Input Power (sum) [W]","GPU Input PP Source Power (sum) [W]","GPU Core (NVVDD) Output Power [W]","GPU Core (NVVDD) Output Power [W]","GPU Power Limit (rated) [W]","GPU Power Limit (max) [W]","GPU Clock [MHz]","GPU Memory Clock [MHz]","GPU Video Clock [MHz]","GPU Effective Clock [MHz]","GPU Crossbar Clock [MHz]","GPU Core Load [%]","GPU Memory Controller Load [%]","GPU Video Engine Load [%]","GPU Bus Load [%]","GPU Memory Usage [%]","GPU D3D Usages (avg) [%]","GPU D3D Usage [%]","GPU Video Decode 0 Usage [%]","GPU Video Encode 0 Usage [%]","GPU VR Usage [%]","GPU Fan1 [%]","GPU Performance Limiters (avg) [Yes/No]","Performance Limit - Power [Yes/No]","Performance Limit - Thermal [Yes/No]","Performance Limit - Reliability Voltage [Yes/No]","Performance Limit - Max Operating Voltage [Yes/No]","Performance Limit - Utilization [Yes/No]","Performance Limit - SLI GPUBoost Sync [Yes/No]","Total GPU Power [% of TDP] [%]","Total GPU Power (normalized) [% of TDP] [%]","PCI Express Error Counters (avg) []","Receiver Errors []","Replay Count []","Replay Rollover Count []","Bad DLLP Count []","Bad TLP Count []","LCRC Error Count []","NAKs Sent Count []","NAKs Received Count []","Recovery Count []","Correctable Error Count []","Non-Fatal Error Count []","Fatal Error Count []","Unsupported Request Count []","PCIe Lane 0 Errors []","PCIe Lane 1 Errors []","PCIe Lane 2 Errors []","PCIe Lane 3 Errors []","PCIe Lane 4 Errors []","PCIe Lane 5 Errors []","PCIe Lane 6 Errors []","PCIe Lane 7 Errors []","PCIe Lane 8 Errors []","PCIe Lane 9 Errors []","PCIe Lane 10 Errors []","PCIe Lane 11 Errors []","PCIe Lane 12 Errors []","PCIe Lane 13 Errors []","PCIe Lane 14 Errors []","PCIe Lane 15 Errors []","GPU Memory Available [MB]","GPU Memory Allocated [MB]","GPU D3D Memory Dedicated [MB]","GPU D3D Memory Dynamic [MB]","PCIe Link Speed [GT/s]","Framerate Presented (avg) [FPS]","Framerate Presented (99%) [FPS]","Framerate Presented (1%) [FPS]","Framerate Presented (0.1%) [FPS]","Framerate Presented (1% low) [FPS]","Framerate Presented (0.1% low) [FPS]","Framerate Displayed (avg) [FPS]","Framerate Displayed (99%) [FPS]","Framerate Displayed (1%) [FPS]","Framerate Displayed (0.1%) [FPS]","Framerate Displayed (1% low) [FPS]","Framerate Displayed (0.1% low) [FPS]","Frame Time Presented (avg) [ms]","Frame Time Presented (99%) [ms]","Frame Time Presented (1%) [ms]","Frame Time Presented (0.1%) [ms]","Frame Time Displayed (1% high) [ms]","Frame Time Displayed (0.1% high) [ms]","GPU Busy (avg) [ms]","GPU Wait (avg) [ms]","CPU Busy (avg) [ms]","CPU Wait (avg) [ms]","Animation Error (avg) [ms]","Total DL [MB]","Total UP [MB]","Current DL rate [KB/s]","Current UP rate [KB/s]","Total DL [MB]","Total UP [MB]","Current DL rate [KB/s]","Current UP rate [KB/s]","Total Errors []",
,,System: HP OMEN 25L Desktop GT12-0xxx,System: HP OMEN 25L Desktop GT12-0xxx,System: HP OMEN 25L Desktop GT12-0xxx,System: HP OMEN 25L Desktop GT12-0xxx,System: HP OMEN 25L Desktop GT12-0xxx,System: HP OMEN 25L Desktop GT12-0xxx,System: HP OMEN 25L Desktop GT12-0xxx,System: HP OMEN 25L Desktop GT12-0xxx,System: HP OMEN 25L Desktop GT12-0xxx,CPU [#0]: AMD Ryzen 7 3700X,CPU [#0]: AMD Ryzen 7 3700X,CPU [#0]: AMD Ryzen 7 3700X,CPU [#0]: AMD Ryzen 7 3700X,CPU [#0]: AMD Ryzen 7 3700X,CPU [#0]: AMD Ryzen 7 3700X,CPU [#0]: AMD Ryzen 7 3700X,CPU [#0]: AMD Ryzen 7 3700X,CPU [#0]: AMD Ryzen 7 3700X,CPU [#0]: AMD Ryzen 7 3700X,CPU [#0]: AMD Ryzen 7 3700X,CPU [#0]: AMD Ryzen 7 3700X,CPU [#0]: AMD Ryzen 7 3700X,CPU [#0]: AMD Ryzen 7 3700X,CPU [#0]: AMD Ryzen 7 3700X,CPU [#0]: AMD Ryzen 7 3700X,CPU [#0]: AMD Ryzen 7 3700X,CPU [#0]: AMD Ryzen 7 3700X,CPU [#0]: AMD Ryzen 7 3700X,CPU [#0]: AMD Ryzen 7 3700X,CPU [#0]: AMD Ryzen 7 3700X,CPU [#0]: AMD Ryzen 7 3700X,CPU [#0]: AMD Ryzen 7 3700X,CPU [#0]: AMD Ryzen 7 3700X,CPU [#0]: AMD Ryzen 7 3700X,CPU [#0]: AMD Ryzen 7 3700X,CPU [#0]: AMD Ryzen 7 3700X,CPU [#0]: AMD Ryzen 7 3700X,CPU [#0]: AMD Ryzen 7 3700X,CPU [#0]: AMD Ryzen 7 3700X,CPU [#0]: AMD Ryzen 7 3700X,CPU [#0]: AMD Ryzen 7 3700X,CPU [#0]: AMD Ryzen 7 3700X,CPU [#0]: AMD Ryzen 7 3700X,CPU [#0]: AMD Ryzen 7 3700X,CPU [#0]: AMD Ryzen 7 3700X,CPU [#0]: AMD Ryzen 7 3700X,CPU [#0]: AMD Ryzen 7 3700X,CPU [#0]: AMD Ryzen 7 3700X,CPU [#0]: AMD Ryzen 7 3700X,CPU [#0]: AMD Ryzen 7 3700X,CPU [#0]: AMD Ryzen 7 3700X,CPU [#0]: AMD Ryzen 7 3700X,CPU [#0]: AMD Ryzen 7 3700X,CPU [#0]: AMD Ryzen 7 3700X,CPU [#0]: AMD Ryzen 7 3700X,CPU [#0]: AMD Ryzen 7 3700X,CPU [#0]: AMD Ryzen 7 3700X,CPU [#0]: AMD Ryzen 7 3700X,CPU [#0]: AMD Ryzen 7 3700X,CPU [#0]: AMD Ryzen 7 3700X,CPU [#0]: AMD Ryzen 7 3700X,CPU [#0]: AMD Ryzen 7 3700X,CPU [#0]: AMD Ryzen 7 3700X,CPU [#0]: AMD Ryzen 7 3700X,CPU [#0]: AMD Ryzen 7 3700X,CPU [#0]: AMD Ryzen 7 3700X,CPU [#0]: AMD Ryzen 7 3700X,CPU [#0]: AMD Ryzen 7 3700X,CPU [#0]: AMD Ryzen 7 3700X,CPU [#0]: AMD Ryzen 7 3700X,CPU [#0]: AMD Ryzen 7 3700X,CPU [#0]: AMD Ryzen 7 3700X,CPU [#0]: AMD Ryzen 7 3700X,CPU [#0]: AMD Ryzen 7 3700X,CPU [#0]: AMD Ryzen 7 3700X,CPU [#0]: AMD Ryzen 7 3700X,CPU [#0]: AMD Ryzen 7 3700X,CPU [#0]: AMD Ryzen 7 3700X,CPU [#0]: AMD Ryzen 7 3700X,CPU [#0]: AMD Ryzen 7 3700X,CPU [#0]: AMD Ryzen 7 3700X,CPU [#0]: AMD Ryzen 7 3700X,CPU [#0]: AMD Ryzen 7 3700X,CPU [#0]: AMD Ryzen 7 3700X,CPU [#0]: AMD Ryzen 7 3700X,CPU [#0]: AMD Ryzen 7 3700X,CPU [#0]: AMD Ryzen 7 3700X,CPU [#0]: AMD Ryzen 7 3700X,CPU [#0]: AMD Ryzen 7 3700X,CPU [#0]: AMD Ryzen 7 3700X,CPU [#0]: AMD Ryzen 7 3700X,CPU [#0]: AMD Ryzen 7 3700X,CPU [#0]: AMD Ryzen 7 3700X: C-State Residency,CPU [#0]: AMD Ryzen 7 3700X: C-State Residency,CPU [#0]: AMD Ryzen 7 3700X: C-State Residency,CPU [#0]: AMD Ryzen 7 3700X: C-State Residency,CPU [#0]: AMD Ryzen 7 3700X: C-State Residency,CPU [#0]: AMD Ryzen 7 3700X: C-State Residency,CPU [#0]: AMD Ryzen 7 3700X: C-State Residency,CPU [#0]: AMD Ryzen 7 3700X: C-State Residency,CPU [#0]: AMD Ryzen 7 3700X: C-State Residency,CPU [#0]: AMD Ryzen 7 3700X: C-State Residency,CPU [#0]: AMD Ryzen 7 3700X: C-State Residency,CPU [#0]: AMD Ryzen 7 3700X: C-State Residency,CPU [#0]: AMD Ryzen 7 3700X: C-State Residency,CPU [#0]: AMD Ryzen 7 3700X: C-State Residency,CPU [#0]: AMD Ryzen 7 3700X: C-State Residency,CPU [#0]: AMD Ryzen 7 3700X: C-State Residency,CPU [#0]: AMD Ryzen 7 3700X: C-State Residency,CPU [#0]: AMD Ryzen 7 3700X: C-State Residency,CPU [#0]: AMD Ryzen 7 3700X: C-State Residency,CPU [#0]: AMD Ryzen 7 3700X: C-State Residency,CPU [#0]: AMD Ryzen 7 3700X: C-State Residency,CPU [#0]: AMD Ryzen 7 3700X: C-State Residency,CPU [#0]: AMD Ryzen 7 3700X: C-State Residency,CPU [#0]: AMD Ryzen 7 3700X: C-State Residency,CPU [#0]: AMD Ryzen 7 3700X: C-State Residency,CPU [#0]: AMD Ryzen 7 3700X: C-State Residency,CPU [#0]: AMD Ryzen 7 3700X: C-State Residency,CPU [#0]: AMD Ryzen 7 3700X: C-State Residency,Memory Timings,Memory Timings,Memory Timings,Memory Timings,Memory Timings,Memory Timings,Memory Timings,Memory Timings,Memory Timings,CPU [#0]: AMD Ryzen 7 3700X: Enhanced,CPU [#0]: AMD Ryzen 7 3700X: Enhanced,CPU [#0]: AMD Ryzen 7 3700X: Enhanced,CPU [#0]: AMD Ryzen 7 3700X: Enhanced,CPU [#0]: AMD Ryzen 7 3700X: Enhanced,CPU [#0]: AMD Ryzen 7 3700X: Enhanced,CPU [#0]: AMD Ryzen 7 3700X: Enhanced,CPU [#0]: AMD Ryzen 7 3700X: Enhanced,CPU [#0]: AMD Ryzen 7 3700X: Enhanced,CPU [#0]: AMD Ryzen 7 3700X: Enhanced,CPU [#0]: AMD Ryzen 7 3700X: Enhanced,CPU [#0]: AMD Ryzen 7 3700X: Enhanced,CPU [#0]: AMD Ryzen 7 3700X: Enhanced,CPU [#0]: AMD Ryzen 7 3700X: Enhanced,CPU [#0]: AMD Ryzen 7 3700X: Enhanced,CPU [#0]: AMD Ryzen 7 3700X: Enhanced,CPU [#0]: AMD Ryzen 7 3700X: Enhanced,CPU [#0]: AMD Ryzen 7 3700X: Enhanced,CPU [#0]: AMD Ryzen 7 3700X: Enhanced,CPU [#0]: AMD Ryzen 7 3700X: Enhanced,CPU [#0]: AMD Ryzen 7 3700X: Enhanced,CPU [#0]: AMD Ryzen 7 3700X: Enhanced,CPU [#0]: AMD Ryzen 7 3700X: Enhanced,CPU [#0]: AMD Ryzen 7 3700X: Enhanced,CPU [#0]: AMD Ryzen 7 3700X: Enhanced,CPU [#0]: AMD Ryzen 7 3700X: Enhanced,CPU [#0]: AMD Ryzen 7 3700X: Enhanced,CPU [#0]: AMD Ryzen 7 3700X: Enhanced,CPU [#0]: AMD Ryzen 7 3700X: Enhanced,CPU [#0]: AMD Ryzen 7 3700X: Enhanced,CPU [#0]: AMD Ryzen 7 3700X: Enhanced,CPU [#0]: AMD Ryzen 7 3700X: Enhanced,CPU [#0]: AMD Ryzen 7 3700X: Enhanced,CPU [#0]: AMD Ryzen 7 3700X: Enhanced,CPU [#0]: AMD Ryzen 7 3700X: Enhanced,CPU [#0]: AMD Ryzen 7 3700X: Enhanced,CPU [#0]: AMD Ryzen 7 3700X: Enhanced,CPU [#0]: AMD Ryzen 7 3700X: Enhanced,CPU [#0]: AMD Ryzen 7 3700X: Enhanced,CPU [#0]: AMD Ryzen 7 3700X: Enhanced,CPU [#0]: AMD Ryzen 7 3700X: Enhanced,CPU [#0]: AMD Ryzen 7 3700X: Enhanced,CPU [#0]: AMD Ryzen 7 3700X: Enhanced,CPU [#0]: AMD Ryzen 7 3700X: Enhanced,CPU [#0]: AMD Ryzen 7 3700X: Enhanced,CPU [#0]: AMD Ryzen 7 3700X: Enhanced,CPU [#0]: AMD Ryzen 7 3700X: Enhanced,CPU [#0]: AMD Ryzen 7 3700X: Enhanced,CPU [#0]: AMD Ryzen 7 3700X: Enhanced,CPU [#0]: AMD Ryzen 7 3700X: Enhanced,CPU [#0]: AMD Ryzen 7 3700X: Enhanced,CPU [#0]: AMD Ryzen 7 3700X: Enhanced,CPU [#0]: AMD Ryzen 7 3700X: Enhanced,CPU [#0]: AMD Ryzen 7 3700X: Enhanced,CPU [#0]: AMD Ryzen 7 3700X: Enhanced,S.M.A.R.T.: WDBRPG0010BNC-WRSN (21110V802526) [C:],S.M.A.R.T.: WDBRPG0010BNC-WRSN (21110V802526) [C:],S.M.A.R.T.: WDBRPG0010BNC-WRSN (21110V802526) [C:],S.M.A.R.T.: WDBRPG0010BNC-WRSN (21110V802526) [C:],S.M.A.R.T.: WDBRPG0010BNC-WRSN (21110V802526) [C:],S.M.A.R.T.: WDBRPG0010BNC-WRSN (21110V802526) [C:],S.M.A.R.T.: WDBRPG0010BNC-WRSN (21110V802526) [C:],S.M.A.R.T.: Samsung Portable SSD T1 500GB (S25NNAAGA11564A) [D:],S.M.A.R.T.: Samsung Portable SSD T1 500GB (S25NNAAGA11564A) [D:],S.M.A.R.T.: Samsung Portable SSD T1 500GB (S25NNAAGA11564A) [D:],S.M.A.R.T.: Samsung Portable SSD T1 500GB (S25NNAAGA11564A) [D:],S.M.A.R.T.: Samsung Portable SSD T1 500GB (S25NNAAGA11564A) [D:],Drive: WDBRPG0010BNC-WRSN (21110V802526) [C:],Drive: WDBRPG0010BNC-WRSN (21110V802526) [C:],Drive: WDBRPG0010BNC-WRSN (21110V802526) [C:],Drive: WDBRPG0010BNC-WRSN (21110V802526) [C:],Drive: WDBRPG0010BNC-WRSN (21110V802526) [C:],Drive: WDBRPG0010BNC-WRSN (21110V802526) [C:],Drive: WDBRPG0010BNC-WRSN (21110V802526) [C:],Drive: Samsung Portable SSD T1 500GB (S25NNAAGA11564A) [D:],Drive: Samsung Portable SSD T1 500GB (S25NNAAGA11564A) [D:],Drive: Samsung Portable SSD T1 500GB (S25NNAAGA11564A) [D:],Drive: Samsung Portable SSD T1 500GB (S25NNAAGA11564A) [D:],Drive: Samsung Portable SSD T1 500GB (S25NNAAGA11564A) [D:],Drive: Samsung Portable SSD T1 500GB (S25NNAAGA11564A) [D:],Drive: Samsung Portable SSD T1 500GB (S25NNAAGA11564A) [D:],dGPU [#0]: NVIDIA GeForce RTX 3070: HP GeForce RTX 3070,dGPU [#0]: NVIDIA GeForce RTX 3070: HP GeForce RTX 3070,dGPU [#0]: NVIDIA GeForce RTX 3070: HP GeForce RTX 3070,dGPU [#0]: NVIDIA GeForce RTX 3070: HP GeForce RTX 3070,dGPU [#0]: NVIDIA GeForce RTX 3070: HP GeForce RTX 3070,dGPU [#0]: NVIDIA GeForce RTX 3070: HP GeForce RTX 3070,dGPU [#0]: NVIDIA GeForce RTX 3070: HP GeForce RTX 3070,dGPU [#0]: NVIDIA GeForce RTX 3070: HP GeForce RTX 3070,dGPU [#0]: NVIDIA GeForce RTX 3070: HP GeForce RTX 3070,dGPU [#0]: NVIDIA GeForce RTX 3070: HP GeForce RTX 3070,dGPU [#0]: NVIDIA GeForce RTX 3070: HP GeForce RTX 3070,dGPU [#0]: NVIDIA GeForce RTX 3070: HP GeForce RTX 3070,dGPU [#0]: NVIDIA GeForce RTX 3070: HP GeForce RTX 3070,dGPU [#0]: NVIDIA GeForce RTX 3070: HP GeForce RTX 3070,dGPU [#0]: NVIDIA GeForce RTX 3070: HP GeForce RTX 3070,dGPU [#0]: NVIDIA GeForce RTX 3070: HP GeForce RTX 3070,dGPU [#0]: NVIDIA GeForce RTX 3070: HP GeForce RTX 3070,dGPU [#0]: NVIDIA GeForce RTX 3070: HP GeForce RTX 3070,dGPU [#0]: NVIDIA GeForce RTX 3070: HP GeForce RTX 3070,dGPU [#0]: NVIDIA GeForce RTX 3070: HP GeForce RTX 3070,dGPU [#0]: NVIDIA GeForce RTX 3070: HP GeForce RTX 3070,dGPU [#0]: NVIDIA GeForce RTX 3070: HP GeForce RTX 3070,dGPU [#0]: NVIDIA GeForce RTX 3070: HP GeForce RTX 3070,dGPU [#0]: NVIDIA GeForce RTX 3070: HP GeForce RTX 3070,dGPU [#0]: NVIDIA GeForce RTX 3070: HP GeForce RTX 3070,dGPU [#0]: NVIDIA GeForce RTX 3070: HP GeForce RTX 3070,dGPU [#0]: NVIDIA GeForce RTX 3070: HP GeForce RTX 3070,dGPU [#0]: NVIDIA GeForce RTX 3070: HP GeForce RTX 3070,dGPU [#0]: NVIDIA GeForce RTX 3070: HP GeForce RTX 3070,dGPU [#0]: NVIDIA GeForce RTX 3070: HP GeForce RTX 3070,dGPU [#0]: NVIDIA GeForce RTX 3070: HP GeForce RTX 3070,dGPU [#0]: NVIDIA GeForce RTX 3070: HP GeForce RTX 3070,dGPU [#0]: NVIDIA GeForce RTX 3070: HP GeForce RTX 3070,dGPU [#0]: NVIDIA GeForce RTX 3070: HP GeForce RTX 3070,dGPU [#0]: NVIDIA GeForce RTX 3070: HP GeForce RTX 3070,dGPU [#0]: NVIDIA GeForce RTX 3070: HP GeForce RTX 3070,dGPU [#0]: NVIDIA GeForce RTX 3070: HP GeForce RTX 3070,dGPU [#0]: NVIDIA GeForce RTX 3070: HP GeForce RTX 3070,dGPU [#0]: NVIDIA GeForce RTX 3070: HP GeForce RTX 3070,dGPU [#0]: NVIDIA GeForce RTX 3070: HP GeForce RTX 3070,dGPU [#0]: NVIDIA GeForce RTX 3070: HP GeForce RTX 3070,dGPU [#0]: NVIDIA GeForce RTX 3070: HP GeForce RTX 3070,dGPU [#0]: NVIDIA GeForce RTX 3070: HP GeForce RTX 3070,dGPU [#0]: NVIDIA GeForce RTX 3070: HP GeForce RTX 3070,dGPU [#0]: NVIDIA GeForce RTX 3070: HP GeForce RTX 3070,dGPU [#0]: NVIDIA GeForce RTX 3070: HP GeForce RTX 3070,dGPU [#0]: NVIDIA GeForce RTX 3070: HP GeForce RTX 3070,dGPU [#0]: NVIDIA GeForce RTX 3070: HP GeForce RTX 3070,dGPU [#0]: NVIDIA GeForce RTX 3070: HP GeForce RTX 3070,dGPU [#0]: NVIDIA GeForce RTX 3070: HP GeForce RTX 3070,dGPU [#0]: NVIDIA GeForce RTX 3070: HP GeForce RTX 3070,dGPU [#0]: NVIDIA GeForce RTX 3070: HP GeForce RTX 3070,dGPU [#0]: NVIDIA GeForce RTX 3070: HP GeForce RTX 3070,dGPU [#0]: NVIDIA GeForce RTX 3070: HP GeForce RTX 3070,dGPU [#0]: NVIDIA GeForce RTX 3070: HP GeForce RTX 3070,dGPU [#0]: NVIDIA GeForce RTX 3070: HP GeForce RTX 3070,dGPU [#0]: NVIDIA GeForce RTX 3070: HP GeForce RTX 3070,dGPU [#0]: NVIDIA GeForce RTX 3070: HP GeForce RTX 3070,dGPU [#0]: NVIDIA GeForce RTX 3070: HP GeForce RTX 3070,dGPU [#0]: NVIDIA GeForce RTX 3070: HP GeForce RTX 3070,dGPU [#0]: NVIDIA GeForce RTX 3070: HP GeForce RTX 3070,dGPU [#0]: NVIDIA GeForce RTX 3070: HP GeForce RTX 3070,dGPU [#0]: NVIDIA GeForce RTX 3070: HP GeForce RTX 3070,dGPU [#0]: NVIDIA GeForce RTX 3070: HP GeForce RTX 3070,dGPU [#0]: NVIDIA GeForce RTX 3070: HP GeForce RTX 3070,dGPU [#0]: NVIDIA GeForce RTX 3070: HP GeForce RTX 3070,dGPU [#0]: NVIDIA GeForce RTX 3070: HP GeForce RTX 3070,dGPU [#0]: NVIDIA GeForce RTX 3070: HP GeForce RTX 3070,dGPU [#0]: NVIDIA GeForce RTX 3070: HP GeForce RTX 3070,dGPU [#0]: NVIDIA GeForce RTX 3070: HP GeForce RTX 3070,dGPU [#0]: NVIDIA GeForce RTX 3070: HP GeForce RTX 3070,dGPU [#0]: NVIDIA GeForce RTX 3070: HP GeForce RTX 3070,dGPU [#0]: NVIDIA GeForce RTX 3070: HP GeForce RTX 3070,dGPU [#0]: NVIDIA GeForce RTX 3070: HP GeForce RTX 3070,dGPU [#0]: NVIDIA GeForce RTX 3070: HP GeForce RTX 3070,dGPU [#0]: NVIDIA GeForce RTX 3070: HP GeForce RTX 3070,dGPU [#0]: NVIDIA GeForce RTX 3070: HP GeForce RTX 3070,dGPU [#0]: NVIDIA GeForce RTX 3070: HP GeForce RTX 3070,dGPU [#0]: NVIDIA GeForce RTX 3070: HP GeForce RTX 3070,dGPU [#0]: NVIDIA GeForce RTX 3070: HP GeForce RTX 3070,dGPU [#0]: NVIDIA GeForce RTX 3070: HP GeForce RTX 3070,dGPU [#0]: NVIDIA GeForce RTX 3070: HP GeForce RTX 3070,dGPU [#0]: NVIDIA GeForce RTX 3070: HP GeForce RTX 3070,PresentMon,PresentMon,PresentMon,PresentMon,PresentMon,PresentMon,PresentMon,PresentMon,PresentMon,PresentMon,PresentMon,PresentMon,PresentMon,PresentMon,PresentMon,PresentMon,PresentMon,PresentMon,PresentMon,PresentMon,PresentMon,PresentMon,PresentMon,Network: RealTek Semiconductor RTL8822CE Wireless LAN 802.11ac PCI-E NIC - Wi-Fi,Network: RealTek Semiconductor RTL8822CE Wireless LAN 802.11ac PCI-E NIC - Wi-Fi,Network: RealTek Semiconductor RTL8822CE Wireless LAN 802.11ac PCI-E NIC - Wi-Fi,Network: RealTek Semiconductor RTL8822CE Wireless LAN 802.11ac PCI-E NIC - Wi-Fi,Network: RealTek Semiconductor RTL8168/8111 PCI-E Gigabit Ethernet NIC - Ethernet,Network: RealTek Semiconductor RTL8168/8111 PCI-E Gigabit Ethernet NIC - Ethernet,Network: RealTek Semiconductor RTL8168/8111 PCI-E Gigabit Ethernet NIC - Ethernet,Network: RealTek Semiconductor RTL8168/8111 PCI-E Gigabit Ethernet NIC - Ethernet,Windows Hardware Errors (WHEA),
