Date,Time,"Virtual Memory Committed [MB]","Virtual Memory Available [MB]","Virtual Memory Load [%]","Physical Memory Used [MB]","Physical Memory Available [MB]","Physical Memory Load [%]","Page File Usage [%]","Page File Total [MB]","Page File Used [MB]","Core VIDs (avg) [V]","Core 0 VID [V]","Core 1 VID [V]","Core 2 VID [V]","Core 3 VID [V]","Core 4 VID [V]","Core 5 VID [V]","Core 6 VID [V]","Core 7 VID [V]","Core Clocks (avg) [MHz]","Core 0 Clock (perf #1/4) [MHz]","Core 1 Clock (perf #1/3) [MHz]","Core 2 Clock (perf #2/6) [MHz]","Core 3 Clock (perf #3/5) [MHz]","Core 4 Clock (perf #6/8) [MHz]","Core 5 Clock (perf #4/2) [MHz]","Core 6 Clock (perf #5/1) [MHz]","Core 7 Clock (perf #7/7) [MHz]","Bus Clock [MHz]","Core Effective Clocks (avg) [MHz]","Core 0 T0 Effective Clock [MHz]","Core 0 T1 Effective Clock [MHz]","Core 1 T0 Effective Clock [MHz]","Core 1 T1 Effective Clock [MHz]","Core 2 T0 Effective Clock [MHz]","Core 2 T1 Effective Clock [MHz]","Core 3 T0 Effective Clock [MHz]","Core 3 T1 Effective Clock [MHz]","Core 4 T0 Effective Clock [MHz]","Core 4 T1 Effective Clock [MHz]","Core 5 T0 Effective Clock [MHz]","Core 5 T1 Effective Clock [MHz]","Core 6 T0 Effective Clock [MHz]","Core 6 T1 Effective Clock [MHz]","Core 7 T0 Effective Clock [MHz]","Core 7 T1 Effective Clock [MHz]","Average Effective Clock [MHz]","Core Usage (avg) [%]","Core 0 T0 Usage [%]","Core 0 T1 Usage [%]","Core 1 T0 Usage [%]","Core 1 T1 Usage [%]","Core 2 T0 Usage [%]","Core 2 T1 Usage [%]","Core 3 T0 Usage [%]","Core 3 T1 Usage [%]","Core 4 T0 Usage [%]","Core 4 T1 Usage [%]","Core 5 T0 Usage [%]","Core 5 T1 Usage [%]","Core 6 T0 Usage [%]","Core 6 T1 Usage [%]","Core 7 T0 Usage [%]","Core 7 T1 Usage [%]","Max CPU/Thread Usage [%]","Total CPU Usage [%]","Core Utility (avg) [%]","Core 0 T0 Utility [%]","Core 0 T1 Utility [%]","Core 1 T0 Utility [%]","Core 1 T1 Utility [%]","Core 2 T0 Utility [%]","Core 2 T1 Utility [%]","Core 3 T0 Utility [%]","Core 3 T1 Utility [%]","Core 4 T0 Utility [%]","Core 4 T1 Utility [%]","Core 5 T0 Utility [%]","Core 5 T1 Utility [%]","Core 6 T0 Utility [%]","Core 6 T1 Utility [%]","Core 7 T0 Utility [%]","Core 7 T1 Utility [%]","Total CPU Utility [%]","Core Ratios (avg) [x]","Core 0 Ratio [x]","Core 1 Ratio [x]","Core 2 Ratio [x]","Core 3 Ratio [x]","Core 4 Ratio [x]","Core 5 Ratio [x]","Core 6 Ratio [x]","Core 7 Ratio [x]","Package C6 Residency [%]","Core C0 Residency (avg) [%]","Core 0 C0 Residency [%]","Core 1 C0 Residency [%]","Core 2 C0 Residency [%]","Core 3 C0 Residency [%]","Core 4 C0 Residency [%]","Core 5 C0 Residency [%]","Core 6 C0 Residency [%]","Core 7 C0 Residency [%]","Core C1 Residency (avg) [%]","Core 0 C1 Residency [%]","Core 1 C1 Residency [%]","Core 2 C1 Residency [%]","Core 3 C1 Residency [%]","Core 4 C1 Residency [%]","Core 5 C1 Residency [%]","Core 6 C1 Residency [%]","Core 7 C1 Residency [%]","Core C6 Residency (avg) [%]","Core 0 C6 Residency [%]","Core 1 C6 Residency [%]","Core 2 C6 Residency [%]","Core 3 C6 Residency [%]","Core 4 C6 Residency [%]","Core 5 C6 Residency [%]","Core 6 C6 Residency [%]","Core 7 C6 Residency [%]","Memory Clock [MHz]","Memory Clock Ratio [x]","Tcas [T]","Trcd [T]","Trp [T]","Tras [T]","Trc [T]","Trfc [T]","Command Rate [T]","CPU (Tctl/Tdie) [°C]","CPU Die (average) [°C]","CPU CCD1 (Tdie) [°C]","Core Temperatures (avg) [°C]","Core0 (CCD1) [°C]","Core1 (CCD1) [°C]","Core2 (CCD1) [°C]","Core3 (CCD1) [°C]","Core4 (CCD1) [°C]","Core5 (CCD1) [°C]","Core6 (CCD1) [°C]","Core7 (CCD1) [°C]","L3 Temperatures (avg) [°C]","L3 Cache (CCD1:CCX1) [°C]","L3 Cache (CCD1:CCX2) [°C]","CPU IOD Hotspot [°C]","CPU IOD Average [°C]","CPU Core Voltage (SVI2 TFN) [V]","SoC Voltage (SVI2 TFN) [V]","CPU Core VID (Effective) [V]","CPU Core Current (SVI2 TFN) [A]","SoC Current (SVI2 TFN) [A]","CPU TDC [A]","CPU EDC [A]","CPU Package Power [W]","Core Powers (avg) [W]","Core 0 Power [W]","Core 1 Power [W]","Core 2 Power [W]","Core 3 Power [W]","Core 4 Power [W]","Core 5 Power [W]","Core 6 Power [W]","Core 7 Power [W]","CPU Core Power (SVI2 TFN) [W]","CPU SoC Power (SVI2 TFN) [W]","Core+SoC Power (SVI2 TFN) [W]","CPU PPT [W]","Infinity Fabric Clock (FCLK) [MHz]","Memory Controller Clock (UCLK) [MHz]","L3 Clocks (avg) [MHz]","L3 Cache (CCD1:CCX1) [MHz]","L3 Cache (CCD1:CCX2) [MHz]","Frequency Limit - Global [MHz]","CPU PPT Limit [%]","CPU TDC Limit [%]","CPU EDC Limit [%]","Thermal Limit [%]","Power Reporting Deviation (Accuracy) [%]","Thermal Throttling (HTC) [Yes/No]","Thermal Throttling (PROCHOT CPU) [Yes/No]","Thermal Throttling (PROCHOT EXT) [Yes/No]","DRAM Read Bandwidth [Gbps]","DRAM Write Bandwidth [Gbps]","Average Active Core Count []","Drive Temperature [°C]","Drive Remaining Life [%]","Drive Available Spare [%]","Drive Failure [Yes/No]","Drive Warning [Yes/No]","Total Host Writes [GB]","Total Host Reads [GB]","Drive Airflow Temperature [°C]","Drive Remaining Life [%]","Drive Failure [Yes/No]","Drive Warning [Yes/No]","Total Host Writes [GB]","Read Activity [%]","Write Activity [%]","Total Activity [%]","Read Rate [MB/s]","Write Rate [MB/s]","Read Total [MB]","Write Total [MB]","Read Activity [%]","Write Activity [%]","Total Activity [%]","Read Rate [MB/s]","Write Rate [MB/s]","Read Total [MB]","Write Total [MB]","GPU Temperature [°C]","GPU Hot Spot Temperature [°C]","GPU Thermal Limit [°C]","GPU Core Voltage [V]","GPU Rail Voltages (avg) [V]","GPU PCIe +12V Input Voltage [V]","GPU 8-pin #1 Input Voltage [V]","GPU Misc0 Input Voltage [V]","GPU Fan1 [RPM]","GPU Power [W]","GPU Rail Powers (avg) [W]","GPU Core (NVVDD) Input Power (sum) [W]","GPU PCIe +12V Input Power [W]","GPU 8-pin #1 Input Power [W]","GPU Misc0 Input Power [W]","GPU Core (NVVDD1) Input Power (sum) [W]","GPU PCIe +3.3V Input Power (est) [W]","GPU Core (NVVDD) Input Power (sum) [W]","GPU Input PP Source Power (sum) [W]","GPU Core (NVVDD) Output Power [W]","GPU Core (NVVDD) Output Power [W]","GPU Power Limit (rated) [W]","GPU Power Limit (max) [W]","GPU Clock [MHz]","GPU Memory Clock [MHz]","GPU Video Clock [MHz]","GPU Effective Clock [MHz]","GPU Crossbar Clock [MHz]","GPU Core Load [%]","GPU Memory Controller Load [%]","GPU Video Engine Load [%]","GPU Bus Load [%]","GPU Memory Usage [%]","GPU D3D Usages (avg) [%]","GPU D3D Usage [%]","GPU Video Decode 0 Usage [%]","GPU Video Encode 0 Usage [%]","GPU VR Usage [%]","GPU Fan1 [%]","GPU Performance Limiters (avg) [Yes/No]","Performance Limit - Power [Yes/No]","Performance Limit - Thermal [Yes/No]","Performance Limit - Reliability Voltage [Yes/No]","Performance Limit - Max Operating Voltage [Yes/No]","Performance Limit - Utilization [Yes/No]","Performance Limit - SLI GPUBoost Sync [Yes/No]","Total GPU Power [% of TDP] [%]","Total GPU Power (normalized) [% of TDP] [%]","PCI Express Error Counters (avg) []","Receiver Errors []","Replay Count []","Replay Rollover Count []","Bad DLLP Count []","Bad TLP Count []","LCRC Error Count []","NAKs Sent Count []","NAKs Received Count []","Recovery Count []","Correctable Error Count []","Non-Fatal Error Count []","Fatal Error Count []","Unsupported Request Count []","PCIe Lane 0 Errors []","PCIe Lane 1 Errors []","PCIe Lane 2 Errors []","PCIe Lane 3 Errors []","PCIe Lane 4 Errors []","PCIe Lane 5 Errors []","PCIe Lane 6 Errors []","PCIe Lane 7 Errors []","PCIe Lane 8 Errors []","PCIe Lane 9 Errors []","PCIe Lane 10 Errors []","PCIe Lane 11 Errors []","PCIe Lane 12 Errors []","PCIe Lane 13 Errors []","PCIe Lane 14 Errors []","PCIe Lane 15 Errors []","GPU Memory Available [MB]","GPU Memory Allocated [MB]","GPU D3D Memory Dedicated [MB]","GPU D3D Memory Dynamic [MB]","PCIe Link Speed [GT/s]","Framerate Presented (avg) [FPS]","Framerate Presented (99%) [FPS]","Framerate Presented (1%) [FPS]","Framerate Presented (0.1%) [FPS]","Framerate Presented (1% low) [FPS]","Framerate Presented (0.1% low) [FPS]","Framerate Displayed (avg) [FPS]","Framerate Displayed (99%) [FPS]","Framerate Displayed (1%) [FPS]","Framerate Displayed (0.1%) [FPS]","Framerate Displayed (1% low) [FPS]","Framerate Displayed (0.1% low) [FPS]","Frame Time Presented (avg) [ms]","Frame Time Presented (99%) [ms]","Frame Time Presented (1%) [ms]","Frame Time Presented (0.1%) [ms]","Frame Time Displayed (1% high) [ms]","Frame Time Displayed (0.1% high) [ms]","GPU Busy (avg) [ms]","GPU Wait (avg) [ms]","CPU Busy (avg) [ms]","CPU Wait (avg) [ms]","Animation Error (avg) [ms]","Total DL [MB]","Total UP [MB]","Current DL rate [KB/s]","Current UP rate [KB/s]","Total DL [MB]","Total UP [MB]","Current DL rate [KB/s]","Current UP rate [KB/s]","Total Errors []",
5.7.2026,22:28:10.962,17559,28435,38.1,12850,19831,39.3,0.2,13312,23,1.341,1.363,1.337,1.337,1.337,1.337,1.337,1.337,1.337,4142.5,4142.5,4142.5,4142.5,4142.5,4142.5,4142.5,4142.5,4142.5,99.8,916.7,3129.2,1504.8,1550.6,1411.8,1251.7,931.9,1001.3,814.0,261.7,256.2,633.0,585.9,442.3,399.6,208.9,283.8,916.7,20.0,47.5,35.4,36.4,33.4,29.4,21.7,23.4,19.0,6.8,6.7,14.7,13.6,9.8,9.3,5.5,7.4,47.5,20.0,22.7,54.4,40.6,41.7,38.3,33.7,24.9,26.8,21.8,6.9,6.8,16.7,15.5,11.3,10.6,5.5,7.6,22.7,41.5,41.5,41.5,41.5,41.5,41.5,41.5,41.5,41.5,0.0,61.0,75.6,74.4,69.2,66.9,47.1,56.3,52.9,46.0,39.0,24.4,25.6,30.8,33.1,52.9,43.7,47.1,54.0,0.0,0.0,0.0,0.0,0.0,0.0,0.0,0.0,0.0,1197.8,12.00,16,16,16,39,55,661,1,68.4,65.8,65.5,62.4,65.2,64.2,64.0,62.8,60.7,61.4,60.7,60.1,59.1,59.4,58.7,53.0,48.9,1.356,1.038,1.369,11.981,11.608,11.972,54.668,37.136,3.248,4.841,4.490,3.772,3.372,2.156,2.831,2.471,2.055,16.325,11.935,28.260,37.254,1197.8,1197.8,4132.1,4140.7,4123.5,4155.9,42.3,20.0,60.7,69.2,62.6,No,No,No,1.021,0.078,4.9,47,95.0,100.0,No,No,91229,99001,32,99.0,No,No,3320,3.1,1.3,4.4,3.799,9.016,10978,8548,0.0,0.0,0.0,0.000,0.000,50,0,44.4,58.9,83.0,0.688,12.144,12.191,12.163,12.078,1130,34.080,12.113,12.798,3.438,29.811,22.683,7.110,0.336,12.798,20.796,1.927,9.435,220.000,240.000,615.0,1250.2,975.0,634.6,1050.0,27.0,6.0,15.0,0.0,23.9,7.0,12.6,15.5,0.0,0.0,33,Yes,No,No,No,No,Yes,No,15.3,19.6,0,0,0,0,0,0,0,0,0,0,0,0,0,0,0,0,0,0,0,0,0,0,0,0,0,0,0,0,0,0,6232,1960,1795,139,8.0,239.8,261.2,223.4,212.6,217.4,211.0,76.8,4293.0,59.8,59.8,59.7,59.7,4.17,4.52,3.82,3.69,4.63,4.72,0.45,0.73,4.07,0.10,1.64,0,0,0.0,0.0,166,27,582.6,12.4,0,
5.7.2026,22:28:12.825,17524,28470,38.1,12826,19856,39.2,0.2,13312,23,1.345,1.350,1.344,1.344,1.344,1.344,1.344,1.344,1.344,3763.8,4117.6,4192.4,4192.4,3354.0,3354.0,4192.4,3354.0,3354.0,99.8,849.2,2974.2,1373.2,1337.6,1405.1,1034.5,1031.7,845.4,749.7,251.2,262.2,578.4,509.3,391.9,371.5,228.8,241.9,849.2,17.9,42.3,32.1,31.2,33.1,24.0,23.9,19.4,17.1,5.5,5.8,13.2,11.5,8.4,8.2,5.0,5.3,42.3,17.9,20.8,48.7,37.1,36.1,38.2,27.9,27.7,22.6,20.0,6.6,6.9,15.3,13.4,10.0,9.8,6.1,6.4,20.8,37.7,41.2,42.0,42.0,33.6,33.6,42.0,33.6,33.6,0.0,56.9,71.8,69.8,64.9,62.0,43.6,52.0,49.1,41.9,43.1,28.2,30.2,35.1,38.0,56.4,48.0,50.9,58.1,0.0,0.0,0.0,0.0,0.0,0.0,0.0,0.0,0.0,1197.8,12.00,16,16,16,39,55,661,1,67.4,65.8,66.5,62.1,65.1,64.2,63.7,62.3,60.4,60.9,60.3,59.8,58.7,59.0,58.4,52.8,49.2,1.375,1.025,1.381,11.846,11.438,11.858,50.954,36.945,3.202,4.845,4.506,3.741,3.268,2.136,2.718,2.392,2.015,16.158,11.761,27.919,36.928,1197.8,1197.8,4132.6,4144.3,4120.9,4160.8,42.0,19.8,56.6,69.3,62.8,No,No,No,0.971,0.060,4.6,47,95.0,100.0,No,No,91229,99001,32,99.0,No,No,3320,0.3,0.2,0.4,0.774,2.077,10980,8552,0.0,0.0,0.0,0.000,0.000,50,0,44.7,59.0,83.0,0.744,12.142,12.190,12.161,12.076,1130,36.464,13.249,16.102,4.596,31.364,22.401,8.946,0.336,16.102,20.196,2.859,9.585,220.000,240.000,1275.0,1250.2,1125.0,1273.8,1215.0,21.0,7.0,14.0,0.0,23.2,7.0,12.4,15.8,0.0,0.0,33,Yes,No,No,No,No,Yes,No,16.5,19.0,0,0,0,0,0,0,0,0,0,2,0,0,0,0,0,0,0,0,0,0,0,0,0,0,0,0,0,0,0,0,6294,1898,1732,139,8.0,239.8,257.2,224.0,222.3,222.9,222.3,71.4,480.4,43.8,43.7,43.7,43.7,4.17,4.50,3.85,3.67,4.51,4.53,0.38,0.81,4.08,0.09,3.32,0,0,0.0,0.0,166,27,0.6,5.2,0,
5.7.2026,22:28:14.833,17469,28525,37.9,12810,19872,39.1,0.2,13312,23,1.338,1.337,1.337,1.337,1.337,1.337,1.337,1.337,1.337,4117.6,4117.6,4117.6,4117.6,4117.6,4117.6,4117.6,4117.6,4117.6,99.8,1105.6,3216.1,1702.2,2685.9,1031.9,1319.5,1335.6,1100.2,1022.7,418.1,408.2,840.1,742.9,627.4,582.5,296.9,359.1,1105.6,24.3,43.9,40.5,64.6,24.7,31.3,31.8,26.1,24.3,10.1,9.9,19.9,17.6,14.5,13.9,7.2,8.8,64.6,24.3,27.6,50.2,46.1,74.0,28.0,35.7,36.2,29.6,27.6,11.1,10.9,22.4,19.8,16.2,15.6,7.9,9.7,27.6,41.2,41.2,41.2,41.2,41.2,41.2,41.2,41.2,41.2,0.0,66.7,77.7,87.9,73.9,70.5,53.0,61.7,58.4,50.3,33.3,22.3,12.1,26.1,29.5,47.0,38.3,41.6,49.7,0.0,0.0,0.0,0.0,0.0,0.0,0.0,0.0,0.0,1197.8,12.00,16,16,16,39,55,661,1,67.6,68.3,74.5,63.5,65.9,67.4,65.4,64.1,61.3,62.2,61.4,60.7,59.1,59.4,58.8,51.8,49.1,1.331,1.025,1.331,13.878,11.577,13.859,59.958,39.606,3.779,5.237,5.956,4.427,3.816,2.481,3.201,2.855,2.260,18.895,11.910,30.805,39.784,1197.8,1197.8,4136.5,4141.1,4132.0,4144.2,45.2,23.1,66.6,71.9,62.3,No,No,No,0.918,0.113,5.3,47,95.0,100.0,No,No,91229,99001,32,99.0,No,No,3320,0.5,1.6,2.1,1.043,13.486,10982,8578,0.0,0.0,0.0,0.000,0.000,50,0,45.1,59.6,83.0,0.688,12.140,12.185,12.161,12.076,1131,37.798,14.097,16.227,5.154,33.077,24.030,9.015,0.336,16.227,22.329,2.023,12.552,220.000,240.000,1050.0,1250.2,975.0,938.6,1050.0,40.0,13.0,15.0,1.0,23.2,8.1,16.6,15.6,0.0,0.0,33,Yes,No,No,No,No,Yes,No,17.5,20.2,0,0,0,0,0,0,0,0,0,2,0,0,0,0,0,0,0,0,0,0,0,0,0,0,0,0,0,0,0,0,6290,1902,1736,121,8.0,239.8,270.5,217.3,201.3,208.7,198.3,129.3,10033.3,59.9,59.9,59.9,59.9,4.17,4.72,3.69,3.52,4.88,5.11,0.80,0.51,4.08,0.09,2.42,0,0,0.0,0.0,168,27,750.3,14.5,0,
5.7.2026,22:28:16.830,17555,28439,38.1,12817,19865,39.2,0.2,13312,23,1.327,1.325,1.331,1.331,1.331,1.325,1.325,1.325,1.325,4092.6,4092.6,4092.6,4092.6,4092.6,4092.6,4092.6,4092.6,4092.6,99.8,1519.7,3548.1,1954.3,3225.5,1349.6,1798.4,1881.8,1487.4,1523.3,694.5,712.5,1222.8,1238.7,990.3,968.8,845.7,873.2,1519.7,34.7,58.2,46.3,78.1,31.9,43.0,45.2,35.4,36.5,16.5,17.1,29.0,29.6,23.1,23.2,20.3,21.2,78.1,34.7,39.2,66.3,52.8,88.9,36.5,48.5,51.0,39.9,41.2,18.4,19.1,32.5,33.3,25.9,26.0,22.7,23.6,39.1,41.0,41.0,41.0,41.0,41.0,41.0,41.0,41.0,41.0,0.0,80.0,86.6,96.7,86.1,82.2,68.7,76.8,73.3,69.7,20.0,13.4,3.3,13.9,17.8,31.3,23.2,26.7,30.3,0.0,0.0,0.0,0.0,0.0,0.0,0.0,0.0,0.0,1197.8,12.00,16,16,16,39,55,661,1,74.8,71.4,71.0,66.1,67.5,69.9,68.0,66.5,63.4,65.1,63.7,64.6,60.0,60.3,59.7,52.8,49.5,1.350,1.019,1.350,16.820,11.809,16.822,72.018,43.766,4.529,5.578,6.662,5.290,4.517,3.075,4.011,3.550,3.546,22.639,12.167,34.806,43.876,1197.8,1197.8,4099.6,4103.3,4095.9,4103.3,49.9,28.0,80.0,75.2,62.3,No,No,No,1.340,0.149,6.4,47,95.0,100.0,No,No,91229,99001,32,99.0,No,No,3320,5.7,0.8,6.5,16.071,5.547,11013,8589,0.0,0.0,0.0,0.000,0.000,50,0,45.8,61.1,83.0,0.794,12.132,12.177,12.153,12.065,1130,40.969,18.447,25.827,8.560,40.055,25.674,14.348,0.336,25.827,23.104,2.700,18.038,220.000,240.000,1425.0,1750.2,1245.0,1252.2,1350.0,35.0,9.0,12.0,1.0,23.9,8.7,20.1,14.6,0.0,0.0,33,Yes,No,No,No,No,Yes,No,22.2,24.8,0,0,0,0,0,0,0,0,0,2,0,0,0,0,0,0,0,0,0,0,0,0,0,0,0,0,0,0,0,0,6230,1962,1796,121,8.0,239.8,259.9,221.4,215.0,218.3,213.4,145.3,627.2,60.0,59.9,59.9,59.9,4.17,4.55,3.81,3.72,4.67,4.73,0.65,0.60,4.06,0.11,2.64,0,0,0.0,0.0,169,27,868.9,20.6,0,
5.7.2026,22:28:18.821,17648,28346,38.3,12811,19871,39.1,0.2,13312,23,1.338,1.344,1.337,1.337,1.337,1.337,1.337,1.337,1.337,4114.5,4092.6,4117.6,4117.6,4117.6,4117.6,4117.6,4117.6,4117.6,99.8,1361.5,3593.6,2149.8,1994.7,1817.3,1382.0,1771.0,1091.2,1501.3,656.8,773.6,1080.4,1113.4,802.9,967.3,490.8,597.5,1361.5,29.8,49.1,51.8,47.6,43.8,32.3,42.2,25.1,35.6,15.0,18.0,25.0,26.2,17.9,22.6,10.9,13.7,51.8,29.8,34.1,55.7,58.8,54.0,49.6,37.1,48.2,29.0,40.8,17.4,20.9,28.8,30.1,20.8,26.1,12.9,16.1,34.2,41.2,41.0,41.2,41.2,41.2,41.2,41.2,41.2,41.2,0.0,77.3,87.5,87.5,82.9,79.9,68.4,74.8,71.2,65.8,22.7,12.5,12.5,17.1,20.1,31.6,25.2,28.8,34.2,0.0,0.0,0.0,0.0,0.0,0.0,0.0,0.0,0.0,1197.8,12.00,16,16,16,39,55,661,1,72.8,69.8,67.0,65.4,68.6,67.8,67.3,65.5,63.7,64.4,63.6,62.6,60.3,60.6,60.0,52.8,49.6,1.344,1.025,1.350,15.383,11.928,15.392,69.419,42.089,4.156,5.752,5.605,4.714,4.129,3.115,3.797,3.390,2.744,20.719,12.276,32.995,42.097,1197.8,1197.8,4103.9,4106.0,4101.9,4111.4,47.8,25.7,77.1,73.4,62.1,No,No,No,1.628,0.093,6.2,47,95.0,100.0,No,No,91229,99001,32,99.0,No,No,3320,0.5,1.7,2.2,0.460,14.921,11013,8617,0.0,0.0,0.0,0.000,0.000,50,0,45.0,59.6,83.0,0.688,12.143,12.189,12.162,12.078,1130,43.388,13.365,14.750,4.205,30.831,22.622,8.194,0.336,14.750,20.625,2.297,15.044,220.000,240.000,1005.0,1250.2,975.0,1438.9,1050.0,24.0,6.0,12.0,0.0,24.5,5.9,10.6,12.9,0.0,0.0,33,Yes,No,No,No,No,Yes,No,16.1,21.1,0,0,0,0,0,0,0,0,0,2,0,0,0,0,0,0,0,0,0,0,0,0,0,0,0,0,0,0,0,0,6183,2009,1843,121,8.0,239.8,260.7,223.8,213.6,218.0,212.1,70.3,395.2,46.6,46.4,46.4,46.4,4.17,4.52,3.81,3.69,4.63,4.73,0.27,0.84,4.07,0.10,2.67,0,0,0.0,0.0,169,27,8.4,1.5,0,
5.7.2026,22:28:20.832,17705,28288,38.4,12899,19783,39.4,0.2,13312,23,1.370,1.375,1.369,1.369,1.369,1.369,1.369,1.369,1.369,3854.9,4167.5,4167.5,4167.5,4167.5,3334.0,3334.0,4167.5,3334.0,99.8,1233.0,3399.8,1805.9,1809.5,1812.4,1291.1,1503.1,997.8,1278.7,583.5,594.1,972.5,941.1,768.5,829.5,482.6,658.2,1233.0,27.5,50.3,43.5,43.4,43.8,30.7,36.1,23.6,30.8,13.3,13.8,23.2,22.1,17.9,20.0,10.9,16.1,50.3,27.5,31.1,57.0,49.2,49.2,49.6,34.6,40.8,26.5,34.7,15.4,16.0,26.0,25.4,20.0,22.4,12.7,17.9,31.1,38.6,41.8,41.8,41.8,41.8,33.4,33.4,41.8,33.4,0.0,72.1,82.7,84.3,77.4,74.3,62.0,68.8,65.7,61.2,27.9,17.3,15.7,22.6,25.7,38.0,31.2,34.3,38.8,0.0,0.0,0.0,0.0,0.0,0.0,0.0,0.0,0.0,1197.8,12.00,16,16,16,39,55,661,1,71.5,68.9,65.5,64.6,67.3,67.3,66.2,64.5,62.8,63.5,62.9,62.2,59.9,60.2,59.6,50.8,49.4,1.369,1.025,1.369,14.458,11.830,14.461,64.612,40.702,3.889,5.386,5.450,4.337,3.805,2.816,3.490,3.180,2.650,19.548,12.173,31.722,40.783,1197.8,1197.8,4110.8,4115.3,4106.2,4126.9,46.3,24.1,71.8,72.6,62.6,No,No,No,1.430,0.067,5.8,47,95.0,100.0,No,No,91229,99001,32,99.0,No,No,3320,0.1,0.2,0.2,0.032,1.913,11013,8621,0.0,0.0,0.0,0.000,0.000,50,0,44.5,58.7,83.0,0.688,12.146,12.193,12.166,12.080,1131,35.401,12.619,13.567,3.573,30.159,22.602,7.537,0.336,13.567,20.496,1.923,12.429,220.000,240.000,795.0,1250.2,975.0,929.8,1050.0,25.0,7.0,17.0,0.0,24.3,9.4,11.3,26.2,0.0,0.0,33,Yes,No,No,No,No,Yes,No,15.5,20.7,0,0,0,0,0,0,0,0,0,2,0,0,0,0,0,0,0,0,0,0,0,0,0,0,0,0,0,0,0,0,6198,1994,1828,122,8.0,239.8,261.2,222.0,198.9,208.7,195.7,76.6,747.5,59.8,59.7,59.7,59.7,4.17,4.53,3.80,3.25,4.86,5.12,0.43,0.69,4.07,0.10,1.14,0,0,0.0,0.0,169,27,0.8,14.2,0,
5.7.2026,22:28:22.829,17694,28299,38.4,12890,19792,39.4,0.2,13312,23,1.369,1.369,1.369,1.369,1.369,1.369,1.369,1.369,1.369,4170.6,4192.4,4167.5,4167.5,4167.5,4167.5,4167.5,4167.5,4167.5,99.8,807.1,2735.4,1148.9,1455.2,1175.6,699.9,1088.3,673.0,791.5,290.9,244.4,537.0,524.6,417.8,435.4,343.5,352.2,807.1,17.2,37.2,26.9,34.4,27.7,16.1,25.7,15.4,18.4,7.2,6.2,12.4,12.9,9.1,10.0,8.5,8.0,37.2,17.2,19.8,42.7,30.9,39.6,32.0,18.8,29.6,17.9,21.4,7.7,6.5,14.3,14.1,10.7,11.7,9.2,9.5,19.8,41.8,42.0,41.8,41.8,41.8,41.8,41.8,41.8,41.8,0.0,54.6,66.4,68.4,60.8,58.3,42.7,49.6,47.4,43.5,45.4,33.6,31.6,39.2,41.7,57.3,50.4,52.6,56.5,0.0,0.0,0.0,0.0,0.0,0.0,0.0,0.0,0.0,1197.8,12.00,16,16,16,39,55,661,1,69.5,65.7,65.2,62.2,64.4,64.1,63.3,62.3,60.6,61.3,60.8,60.8,58.8,59.1,58.6,52.2,49.2,1.381,1.025,1.381,11.442,11.503,11.445,48.651,36.331,3.094,4.307,4.358,3.385,3.090,2.143,2.680,2.487,2.304,15.589,11.827,27.416,36.403,1197.8,1197.8,4115.6,4130.2,4101.0,4163.7,41.4,19.1,54.1,69.2,62.8,No,No,No,0.886,0.061,4.4,47,95.0,100.0,No,No,91229,99001,32,99.0,No,No,3320,0.1,0.4,0.5,0.065,1.529,11014,8624,0.0,0.0,0.0,0.000,0.000,50,0,44.4,58.9,83.0,0.688,12.143,12.189,12.162,12.077,1131,33.967,12.241,12.937,3.474,30.027,22.826,7.187,0.336,12.937,20.903,1.939,9.839,220.000,240.000,600.0,1250.2,975.0,642.9,1050.0,31.0,7.0,17.0,0.0,24.3,6.9,12.0,15.6,0.0,0.0,33,Yes,No,No,No,No,Yes,No,15.4,18.5,0,0,0,0,0,0,0,0,0,2,0,0,0,0,0,0,0,0,0,0,0,0,0,0,0,0,0,0,0,0,6205,1987,1822,122,8.0,239.8,263.3,218.5,207.9,212.9,205.5,72.2,303.7,45.7,45.5,45.5,45.5,4.17,4.61,3.76,3.61,4.71,4.87,0.46,0.63,4.07,0.10,2.90,0,0,0.0,0.0,169,27,4.8,4.0,0,
5.7.2026,22:28:24.823,17614,28380,38.2,12884,19797,39.4,0.2,13312,23,1.363,1.369,1.363,1.363,1.363,1.363,1.363,1.363,1.363,4095.7,3593.5,4167.5,4167.5,4167.5,4167.5,4167.5,4167.5,4167.5,99.8,689.1,2573.6,1010.5,1266.0,963.4,576.8,986.0,511.9,719.3,198.8,159.8,407.0,452.9,324.8,288.6,324.0,262.9,689.1,14.6,34.2,23.8,30.1,22.8,13.5,23.5,11.9,17.1,4.7,3.9,9.6,10.9,7.2,6.8,7.8,6.3,34.2,14.6,16.6,39.0,27.0,34.3,26.0,15.4,26.8,13.5,19.4,5.1,4.2,10.7,12.1,8.1,7.7,8.8,7.1,16.6,41.0,36.0,41.8,41.8,41.8,41.8,41.8,41.8,41.8,0.0,50.3,62.3,63.0,57.2,54.5,38.1,45.1,42.4,40.1,49.7,37.7,37.0,42.8,45.5,61.9,54.9,57.6,59.9,0.0,0.0,0.0,0.0,0.0,0.0,0.0,0.0,0.0,1197.8,12.00,16,16,16,39,55,661,1,67.0,64.3,64.8,61.2,63.4,62.9,62.6,61.4,59.9,60.4,59.7,59.7,58.5,58.7,58.2,49.8,48.2,1.388,1.025,1.375,10.457,11.358,10.460,44.727,34.855,2.834,4.049,3.983,3.205,2.844,1.939,2.419,2.184,2.048,14.285,11.673,25.958,34.921,1197.8,1197.8,4123.9,4139.3,4108.5,4177.9,39.7,17.4,49.7,67.6,62.8,No,No,No,0.694,0.061,4.0,48,95.0,100.0,No,No,91229,99001,32,99.0,No,No,3320,0.1,0.2,0.2,0.056,1.783,11014,8627,0.0,0.0,0.0,0.000,0.000,50,0,44.5,58.7,83.0,0.719,12.143,12.190,12.162,12.078,1129,32.198,12.682,14.877,4.108,30.734,22.452,8.265,0.336,14.877,20.300,2.045,8.822,220.000,240.000,1185.0,1250.2,1050.0,1078.3,1140.0,20.0,6.0,15.0,0.0,23.8,8.2,14.9,17.7,0.0,0.0,33,Yes,No,No,No,No,Yes,No,16.1,19.2,0,0,0,0,0,0,0,0,0,4,0,0,0,0,0,0,0,0,0,0,0,0,0,0,0,0,0,0,0,0,6242,1950,1784,121,8.0,239.7,256.5,221.5,216.0,218.8,214.7,77.8,928.6,59.9,59.9,59.9,59.9,4.17,4.55,3.85,3.80,4.63,4.75,0.44,0.74,4.09,0.08,1.36,0,0,0.0,0.0,169,27,2.9,0.2,0,
5.7.2026,22:28:26.836,17251,28743,37.5,12527,20155,38.3,0.2,13312,23,1.332,1.337,1.331,1.331,1.331,1.331,1.331,1.331,1.331,4052.1,3593.5,4117.6,4117.6,4117.6,4117.6,4117.6,4117.6,4117.6,99.8,1032.5,3150.4,1563.2,1537.0,1524.4,1126.2,1219.4,962.1,1136.8,469.5,390.1,771.2,734.6,613.5,646.2,315.0,361.2,1032.5,22.6,44.2,37.4,36.5,36.5,26.5,29.1,22.6,27.1,11.1,9.4,18.2,17.6,14.1,15.5,7.5,8.8,44.2,22.6,25.6,50.2,42.4,41.5,41.6,30.1,33.0,25.6,30.8,12.3,10.4,20.4,19.7,15.8,17.4,8.2,9.7,25.6,40.6,36.0,41.2,41.2,41.2,41.2,41.2,41.2,41.2,0.0,65.3,76.4,77.0,70.8,70.5,54.8,61.1,59.6,52.5,34.7,23.6,23.0,29.2,29.5,45.2,38.9,40.4,47.5,0.0,0.0,0.0,0.0,0.0,0.0,0.0,0.0,0.0,1197.8,12.00,16,16,16,39,55,661,1,75.4,66.8,67.2,62.7,65.4,65.1,64.0,63.1,61.0,61.7,61.1,60.4,58.8,59.1,58.5,51.8,49.4,1.350,1.038,1.356,12.935,11.719,12.922,58.353,38.489,3.500,4.954,4.783,3.897,3.677,2.474,3.070,2.848,2.302,17.548,12.053,29.601,38.615,1197.8,1197.8,4118.5,4128.2,4108.8,4151.8,43.9,21.5,64.8,70.3,62.4,No,No,No,1.353,0.065,5.2,48,95.0,100.0,No,No,91229,99001,32,99.0,No,No,3320,0.0,0.1,0.1,0.024,0.971,11014,8629,0.0,0.0,0.0,0.000,0.000,50,0,44.3,58.5,83.0,0.688,12.140,12.187,12.159,12.075,1133,34.796,12.222,13.277,3.656,30.191,22.809,7.376,0.336,13.277,20.914,2.281,8.103,220.000,240.000,705.0,1250.2,975.0,779.1,1050.0,32.0,7.0,16.0,0.0,23.5,6.8,11.6,15.6,0.0,0.0,33,Yes,No,No,No,No,Yes,No,15.5,21.0,0,0,0,0,0,0,0,0,0,4,0,0,0,0,0,0,0,0,0,0,0,0,0,0,0,0,0,0,0,0,6264,1928,1762,118,8.0,239.7,258.2,219.7,218.0,218.6,217.8,70.4,337.8,45.2,45.0,45.0,45.0,4.17,4.59,3.88,3.80,4.60,4.61,0.47,0.56,4.06,0.11,3.19,0,0,0.0,0.0,169,27,6.0,6.7,0,
5.7.2026,22:28:28.827,17159,28835,37.3,12502,20180,38.2,0.2,13312,23,1.365,1.381,1.363,1.363,1.363,1.363,1.363,1.363,1.363,4167.5,4167.5,4167.5,4167.5,4167.5,4167.5,4167.5,4167.5,4167.5,99.8,1060.1,3211.1,1434.7,1761.9,1382.2,1171.4,1221.4,949.7,1081.7,508.7,440.9,864.6,719.1,665.4,673.4,424.2,450.4,1060.1,23.3,47.9,34.1,41.7,33.0,27.5,29.1,22.3,25.8,12.0,9.9,20.4,17.2,15.3,16.1,10.1,10.9,47.9,23.3,26.5,54.5,38.7,47.5,37.5,31.2,33.0,25.2,29.3,13.4,11.9,23.0,19.3,17.2,18.2,11.2,12.1,26.5,41.8,41.8,41.8,41.8,41.8,41.8,41.8,41.8,41.8,0.0,67.1,77.9,79.1,73.0,70.9,56.6,63.0,61.0,55.3,32.9,22.1,20.9,27.0,29.1,43.4,37.0,39.0,44.7,0.0,0.0,0.0,0.0,0.0,0.0,0.0,0.0,0.0,1197.8,12.00,16,16,16,39,55,661,1,72.4,66.6,62.8,63.2,65.8,64.9,64.6,63.3,61.7,62.3,61.7,61.1,59.2,59.5,59.0,52.5,49.6,1.381,1.019,1.375,13.130,11.737,13.143,60.024,38.862,3.524,4.944,4.683,3.958,3.561,2.581,3.145,2.892,2.428,17.794,12.071,29.866,38.915,1197.8,1197.8,4118.3,4124.6,4112.0,4143.3,44.2,21.9,66.7,70.1,62.9,No,No,No,1.230,0.075,5.4,47,95.0,100.0,No,No,91229,99001,32,99.0,No,No,3320,0.4,1.0,1.4,0.758,9.591,11015,8648,0.0,0.0,0.0,0.000,0.000,50,0,44.1,58.5,83.0,0.669,12.146,12.193,12.165,12.080,1133,34.285,12.076,12.867,3.646,29.998,22.832,7.148,0.336,12.867,21.118,1.904,8.047,220.000,240.000,585.0,202.5,810.0,638.3,885.0,30.0,6.0,15.0,0.0,23.3,7.3,13.4,15.7,0.0,0.0,33,Yes,No,No,No,No,Yes,No,15.4,12.9,0,0,0,0,0,0,0,0,0,5,0,0,0,0,0,0,0,0,0,0,0,0,0,0,0,0,0,0,0,0,6286,1906,1740,121,5.0,239.8,259.2,222.8,219.4,220.6,219.4,75.5,1468.4,59.9,59.8,59.8,59.8,4.17,4.53,3.80,3.53,4.61,4.65,0.46,0.49,4.07,0.10,1.46,0,0,0.0,0.0,169,27,1.2,0.9,0,
5.7.2026,22:28:30.825,17133,28861,37.2,12476,20205,38.1,0.2,13312,23,1.330,1.062,1.369,1.369,1.369,1.369,1.369,1.369,1.369,4095.7,3593.5,4167.5,4167.5,4167.5,4167.5,4167.5,4167.5,4167.5,99.8,759.6,2757.0,1270.4,1324.7,1135.3,665.9,920.6,539.2,749.0,239.0,202.9,439.2,511.2,338.6,315.1,380.2,365.6,759.6,15.9,35.6,29.9,31.2,26.7,15.3,21.6,12.2,17.6,5.2,5.2,10.0,11.9,7.1,7.1,8.7,8.4,35.6,15.9,18.3,40.9,34.4,36.0,30.8,17.8,24.9,14.3,20.3,6.2,5.4,11.6,13.7,8.5,8.4,10.3,9.9,18.3,41.0,36.0,41.8,41.8,41.8,41.8,41.8,41.8,41.8,0.0,52.4,66.8,66.4,56.7,54.7,40.1,46.9,44.2,43.7,47.6,33.2,33.6,43.3,45.3,59.9,53.1,55.8,56.3,0.0,0.0,0.0,0.0,0.0,0.0,0.0,0.0,0.0,1197.8,12.00,16,16,16,39,55,661,1,70.2,65.5,65.5,61.7,64.5,63.8,62.7,61.6,60.1,60.7,59.9,60.2,58.6,58.8,58.3,51.0,49.1,1.369,1.025,1.381,10.989,11.379,10.989,46.644,35.617,2.984,4.540,4.306,3.179,2.862,2.028,2.501,2.238,2.215,14.994,11.697,26.691,35.667,1197.8,1197.8,4114.3,4134.7,4094.0,4171.8,40.5,18.3,51.8,69.0,62.6,No,No,No,0.898,0.061,4.2,47,95.0,100.0,No,No,91229,99001,32,99.0,No,No,3320,0.1,0.2,0.3,0.122,1.332,11015,8650,0.0,0.0,0.0,0.000,0.000,50,0,44.8,59.5,83.0,0.750,12.138,12.186,12.157,12.071,1130,39.713,15.031,19.441,5.995,35.206,24.382,10.800,0.336,19.441,22.088,2.270,10.349,220.000,240.000,1290.0,1750.2,1140.0,1288.4,1230.0,21.0,5.0,13.0,0.0,23.2,7.0,12.5,15.5,0.0,0.0,33,Yes,No,No,No,No,Yes,No,18.9,23.2,0,0,0,0,0,0,0,0,0,6,0,0,0,0,0,0,0,0,0,0,0,0,0,0,0,0,0,0,0,0,6292,1900,1734,121,8.0,239.7,256.5,222.2,214.7,217.4,214.3,72.7,406.5,44.6,44.4,44.4,44.4,4.17,4.53,3.85,3.53,4.65,4.77,0.25,0.83,4.08,0.09,3.32,0,0,0.0,0.0,169,27,5.0,0.7,0,
5.7.2026,22:28:32.837,17093,28900,37.1,12459,20223,38.1,0.2,13312,23,1.341,1.363,1.337,1.337,1.337,1.337,1.337,1.337,1.337,4139.4,4167.5,4142.5,4142.5,4142.5,4142.5,4142.5,4117.6,4117.6,99.8,665.2,2488.0,922.0,1195.2,887.9,574.0,889.8,538.6,676.6,194.8,184.4,375.3,476.5,385.7,298.0,291.8,264.1,665.2,14.5,35.0,21.9,28.6,21.3,13.8,21.5,12.8,16.4,4.9,4.8,9.2,11.8,9.0,7.3,7.2,6.5,35.0,14.5,16.1,39.5,24.6,32.3,24.0,15.3,24.1,14.3,18.2,5.0,4.9,9.8,12.8,9.8,7.9,7.8,7.1,16.1,41.5,41.8,41.5,41.5,41.5,41.5,41.5,41.2,41.2,0.0,49.2,60.4,61.0,54.6,52.8,37.6,44.4,43.0,40.2,50.8,39.6,39.0,45.4,47.2,62.4,55.6,57.0,59.8,0.0,0.0,0.0,0.0,0.0,0.0,0.0,0.0,0.0,1197.8,12.00,16,16,16,39,55,661,1,79.2,64.6,63.2,61.0,63.1,62.4,61.9,61.1,59.6,60.4,59.8,59.9,58.1,58.3,57.9,51.8,49.1,1.381,1.025,1.387,10.367,11.372,10.359,43.565,34.636,2.827,4.030,3.753,3.053,2.856,1.951,2.455,2.299,2.219,14.138,11.688,25.827,34.767,1197.8,1197.8,4111.0,4126.8,4095.3,4182.6,39.5,17.3,48.4,68.0,62.3,No,No,No,0.650,0.057,3.9,47,95.0,100.0,No,No,91229,99001,32,99.0,No,No,3320,0.2,0.2,0.4,0.195,0.737,11016,8651,0.0,0.0,0.0,0.000,0.000,50,0,44.2,58.4,83.0,0.688,12.142,12.188,12.162,12.077,1129,34.618,12.804,14.172,4.278,31.134,23.236,7.873,0.336,14.172,21.569,2.170,9.106,220.000,240.000,630.0,1250.2,975.0,695.4,1050.0,31.0,7.0,15.0,0.0,22.8,6.9,12.3,15.3,0.0,0.0,33,Yes,No,No,No,No,Yes,No,16.2,19.8,0,0,0,0,0,0,0,0,0,6,0,0,0,0,0,0,0,0,0,0,0,0,0,0,0,0,0,0,0,0,6324,1868,1702,121,8.0,239.8,260.0,223.5,222.1,222.6,221.8,76.6,10175.4,59.9,59.9,59.9,59.9,4.17,4.54,3.81,3.71,4.55,4.57,0.45,0.52,4.09,0.08,1.67,0,0,0.0,0.0,169,27,0.3,1.2,0,
5.7.2026,22:28:34.821,17079,28915,37.1,12457,20225,38.1,0.2,13312,23,1.371,1.369,1.375,1.375,1.375,1.369,1.369,1.369,1.369,4063.3,3334.0,4167.5,4167.5,4167.5,4167.5,4167.5,4167.5,4167.5,99.8,632.1,2441.6,872.2,1233.4,880.8,664.2,754.1,554.9,560.8,226.7,186.7,428.5,411.9,310.9,255.4,182.1,148.7,632.1,13.4,34.3,20.3,29.2,20.7,15.6,17.9,12.9,13.3,5.4,4.4,10.1,9.8,6.9,6.0,4.2,3.4,34.3,13.4,15.2,39.0,23.1,33.4,23.7,17.8,20.4,14.8,15.1,6.0,5.0,11.3,11.0,7.8,6.7,4.8,3.9,15.2,40.7,33.4,41.8,41.8,41.8,41.8,41.8,41.8,41.8,0.0,48.2,59.2,61.0,54.6,52.0,37.6,43.7,41.1,36.2,51.8,40.8,39.0,45.4,48.0,62.4,56.3,58.9,63.8,0.0,0.0,0.0,0.0,0.0,0.0,0.0,0.0,0.0,1197.8,12.00,16,16,16,39,55,661,1,76.1,63.4,64.5,60.5,62.7,62.0,61.7,60.6,59.3,59.8,59.2,58.9,57.9,58.1,57.6,52.8,49.1,1.388,1.025,1.387,9.979,11.393,9.985,42.599,34.254,2.707,3.931,3.734,3.008,2.700,1.933,2.355,2.129,1.869,13.622,11.707,25.329,34.285,1197.8,1197.8,4118.8,4135.4,4102.2,4190.3,39.0,16.6,47.3,66.7,62.6,No,No,No,0.638,0.057,3.9,47,95.0,100.0,No,No,91229,99001,32,99.0,No,No,3320,0.0,0.1,0.1,0.040,0.429,11016,8652,0.0,0.0,0.0,0.000,0.000,50,0,44.0,58.6,83.0,0.688,12.145,12.192,12.164,12.079,1131,34.565,13.134,13.772,4.109,31.115,23.445,7.651,0.336,13.772,21.791,6.153,9.195,220.000,240.000,525.0,1250.2,975.0,554.3,1050.0,35.0,7.0,16.0,0.0,22.5,7.7,14.9,16.1,0.0,0.0,33,Yes,No,No,No,No,Yes,No,16.2,20.6,0,0,0,0,0,0,0,0,0,6,0,0,0,0,0,0,0,0,0,0,0,0,0,0,0,0,0,0,0,0,6347,1845,1680,121,8.0,239.7,256.9,223.0,213.2,217.6,211.7,71.4,467.2,44.0,43.7,43.7,43.7,4.17,4.55,3.83,3.64,4.64,4.76,0.47,0.27,4.09,0.08,3.10,0,0,0.0,0.0,169,27,0.1,0.8,0,
5.7.2026,22:28:36.832,16952,29041,36.8,12358,20324,37.8,0.2,13312,23,1.364,1.375,1.363,1.363,1.363,1.363,1.363,1.363,1.363,4145.6,4167.5,4142.5,4142.5,4142.5,4142.5,4142.5,4142.5,4142.5,99.8,721.0,2522.6,921.6,1496.0,971.2,1025.7,575.3,806.1,489.2,291.3,215.8,560.2,397.7,443.3,302.6,257.6,259.0,721.0,15.9,36.9,21.8,35.9,23.3,24.8,13.7,19.4,11.7,7.2,5.4,13.6,9.7,10.4,7.4,6.3,6.3,36.9,15.9,17.7,41.7,24.6,40.8,26.3,27.9,15.4,21.7,13.1,7.7,5.8,15.0,10.6,11.5,8.0,6.9,7.0,17.7,41.5,41.8,41.5,41.5,41.5,41.5,41.5,41.5,41.5,0.0,50.5,61.3,65.3,56.1,53.7,39.2,45.6,43.6,39.1,49.5,38.7,34.7,43.9,46.3,60.8,54.4,56.4,60.9,0.0,0.0,0.0,0.0,0.0,0.0,0.0,0.0,0.0,1197.8,12.00,16,16,16,39,55,661,1,73.2,64.1,67.0,60.8,62.8,62.9,61.9,60.9,59.5,60.0,59.4,59.2,57.8,58.1,57.6,51.8,49.0,1.388,1.025,1.381,10.549,11.386,10.544,44.592,34.946,2.851,4.030,4.046,3.146,2.831,2.037,2.457,2.264,1.999,14.376,11.703,26.079,35.027,1197.8,1197.8,4111.8,4131.4,4092.3,4188.0,39.8,17.6,49.5,67.4,62.8,No,No,No,0.738,0.060,4.0,48,95.0,100.0,No,No,91229,99001,32,99.0,No,No,3320,0.1,0.1,0.2,0.114,0.417,11016,8653,0.0,0.0,0.0,0.000,0.000,50,0,44.3,58.5,83.0,0.719,12.148,12.195,12.166,12.082,1129,35.349,14.246,17.042,5.134,32.290,22.798,9.467,0.336,17.042,20.710,2.621,15.016,220.000,240.000,1185.0,1250.2,1050.0,1069.9,1140.0,21.0,6.0,14.0,0.0,22.5,8.2,15.9,16.8,0.0,0.0,33,Yes,No,No,No,No,Yes,No,17.2,18.4,0,0,0,0,0,0,0,0,0,8,0,0,0,0,0,0,0,0,0,0,0,0,0,0,0,0,0,0,0,0,6346,1846,1680,121,8.0,239.8,265.2,216.6,206.1,210.1,204.9,73.4,7323.9,47.6,47.3,47.3,47.3,4.17,4.61,3.74,3.37,4.82,4.97,0.41,0.75,4.08,0.09,2.11,0,0,0.0,0.0,169,27,6.0,3.4,0,
5.7.2026,22:28:38.839,16971,29023,36.8,12343,20339,37.7,0.2,13312,23,1.363,1.369,1.363,1.363,1.363,1.363,1.363,1.363,1.363,4167.5,4167.5,4167.5,4167.5,4167.5,4167.5,4167.5,4167.5,4167.5,99.8,741.6,2593.7,919.9,1446.6,1049.0,1033.8,621.9,838.1,486.4,357.2,261.7,587.5,390.4,433.5,315.5,239.1,291.2,741.6,16.3,38.9,21.9,34.7,25.2,25.0,14.8,20.2,11.7,8.1,5.8,14.3,8.8,10.2,7.7,5.9,7.2,38.9,16.3,18.3,44.0,24.5,39.4,28.5,28.1,16.6,22.6,13.0,9.5,7.0,15.7,10.3,11.2,8.4,6.3,7.9,18.3,41.8,41.8,41.8,41.8,41.8,41.8,41.8,41.8,41.8,0.0,51.7,63.0,65.7,57.3,54.6,41.3,47.0,44.4,40.2,48.3,37.0,34.3,42.7,45.4,58.7,53.0,55.6,59.8,0.0,0.0,0.0,0.0,0.0,0.0,0.0,0.0,0.0,1197.8,12.00,16,16,16,39,55,661,1,70.2,64.1,63.0,61.1,63.0,63.0,62.2,61.2,59.9,60.2,59.7,59.4,58.1,58.3,57.8,51.2,48.7,1.381,1.031,1.375,10.682,11.489,10.685,45.758,35.270,2.890,3.985,4.081,3.203,2.886,2.127,2.512,2.296,2.032,14.540,11.808,26.349,35.321,1197.8,1197.8,4117.4,4131.2,4103.6,4182.8,40.1,17.8,50.8,67.5,62.6,No,No,No,0.825,0.060,4.1,47,95.0,100.0,No,No,91229,99001,32,99.0,No,No,3320,0.0,0.1,0.1,0.040,0.158,11016,8653,0.0,0.0,0.0,0.000,0.000,50,0,44.0,58.2,83.0,0.688,12.149,12.196,12.167,12.084,1129,35.032,12.581,13.779,3.891,30.431,22.753,7.655,0.336,13.779,20.874,1.998,10.312,220.000,240.000,690.0,1250.2,975.0,786.2,1050.0,27.0,6.0,15.0,0.0,22.9,6.8,11.7,15.7,0.0,0.0,33,Yes,No,No,No,No,Yes,No,15.8,22.1,0,0,0,0,0,0,0,0,0,8,0,0,0,0,0,0,0,0,0,0,0,0,0,0,0,0,0,0,0,0,6314,1878,1712,121,8.0,239.8,260.2,224.4,210.9,215.6,210.4,75.8,559.5,43.9,43.7,43.7,43.7,4.17,4.53,3.79,3.58,4.71,4.80,0.43,0.64,4.09,0.08,2.02,0,0,0.0,0.0,169,27,1.2,1.0,0,
5.7.2026,22:28:40.823,17056,28938,37.0,12348,20334,37.7,0.2,13312,23,1.358,1.369,1.356,1.356,1.356,1.356,1.356,1.356,1.356,4142.5,4142.5,4142.5,4142.5,4142.5,4142.5,4142.5,4142.5,4142.5,99.8,856.0,2775.9,1126.7,1476.1,1270.4,1180.1,744.0,946.4,610.0,405.5,275.9,723.2,437.6,500.0,395.9,349.4,479.5,856.0,18.5,39.9,26.4,34.8,30.1,27.8,17.2,22.2,14.1,10.1,7.0,17.0,10.8,11.2,9.0,7.9,11.2,39.9,18.5,21.1,45.5,30.2,40.0,34.5,31.8,19.9,25.4,16.3,10.7,7.3,19.3,11.5,12.8,10.5,9.2,13.0,21.1,41.5,41.5,41.5,41.5,41.5,41.5,41.5,41.5,41.5,0.0,57.7,67.4,71.2,63.4,60.9,46.9,52.7,50.1,48.8,42.3,32.6,28.8,36.6,39.1,53.1,47.3,49.9,51.2,0.0,0.0,0.0,0.0,0.0,0.0,0.0,0.0,0.0,1197.8,12.00,16,16,16,39,55,661,1,68.1,64.8,67.8,61.5,63.6,63.7,62.7,61.5,60.1,60.6,59.9,59.9,58.2,58.4,57.9,52.0,48.7,1.362,1.025,1.369,11.558,11.521,11.556,51.229,36.403,3.128,4.316,4.372,3.535,3.116,2.257,2.723,2.442,2.261,15.720,11.842,27.563,36.544,1197.8,1197.8,4120.9,4133.0,4108.9,4173.3,41.5,19.3,56.9,68.2,62.6,No,No,No,0.893,0.066,4.6,48,95.0,100.0,No,No,91229,99001,32,99.0,No,No,3320,0.1,0.2,0.3,0.165,0.806,11017,8655,0.0,0.0,0.0,0.000,0.000,50,0,45.0,59.8,83.0,0.844,12.136,12.184,12.155,12.069,1131,34.792,17.232,25.501,7.810,38.106,23.908,14.167,0.336,25.501,20.729,3.130,13.131,220.000,240.000,1560.0,1750.2,1365.0,683.9,1470.0,17.0,6.0,12.0,0.0,23.7,8.8,18.2,17.0,0.0,0.0,33,Yes,No,No,No,No,Yes,No,21.0,22.6,0,0,0,0,0,0,0,0,0,10,0,0,0,0,0,0,0,0,0,0,0,0,0,0,0,0,0,0,0,0,6247,1945,1779,122,8.0,239.8,262.9,220.9,216.9,218.7,216.0,69.3,422.3,47.0,46.5,46.4,46.4,4.17,4.54,3.76,3.68,4.59,4.62,0.55,0.56,4.07,0.10,2.67,0,0,0.0,0.0,171,27,947.3,22.0,0,
5.7.2026,22:28:42.835,17032,28962,37.0,12356,20326,37.8,0.2,13312,23,1.362,1.356,1.363,1.363,1.363,1.363,1.363,1.363,1.363,4142.5,4142.5,4142.5,4142.5,4142.5,4142.5,4142.5,4142.5,4142.5,99.8,1127.2,3013.7,1335.5,3278.2,1028.2,1581.5,988.5,1271.1,789.9,622.7,354.4,1028.0,579.1,788.8,527.4,477.7,370.3,1127.2,25.3,46.4,31.8,79.1,24.6,37.8,23.5,30.4,18.8,14.9,8.5,24.5,13.7,18.4,12.6,11.3,8.1,79.1,25.3,28.6,52.5,36.0,90.7,28.0,42.8,26.5,34.3,21.2,16.5,9.4,27.5,15.4,20.7,14.1,12.6,9.9,28.6,41.5,41.5,41.5,41.5,41.5,41.5,41.5,41.5,41.5,0.0,66.8,73.5,94.7,70.9,67.4,55.0,60.9,58.3,53.8,33.2,26.6,5.3,29.1,32.6,45.0,39.1,41.7,46.2,0.0,0.0,0.0,0.0,0.0,0.0,0.0,0.0,0.0,1197.8,12.00,16,16,16,39,55,661,1,67.1,66.2,68.8,62.8,64.8,65.2,64.1,62.9,61.3,61.8,61.3,60.7,59.0,59.3,58.7,52.2,49.2,1.369,1.038,1.363,13.220,11.739,13.224,60.065,39.025,3.468,4.676,4.647,3.920,3.458,2.591,3.149,2.886,2.417,17.961,12.075,30.036,39.063,1197.8,1197.8,4120.7,4138.7,4102.7,4142.6,44.4,22.0,66.7,69.7,64.5,No,No,No,1.115,0.041,5.3,47,95.0,100.0,No,No,91229,99001,32,99.0,No,No,3320,0.0,0.1,0.1,0.048,0.646,11017,8656,0.0,0.0,0.0,0.000,0.000,50,0,44.0,58.1,83.0,0.688,12.145,12.193,12.164,12.080,1133,38.008,11.394,11.776,3.024,28.280,21.731,6.542,0.336,11.776,19.881,2.027,8.571,220.000,240.000,690.0,1250.2,975.0,1440.8,1050.0,13.0,3.0,15.0,0.0,23.4,4.0,3.8,12.1,0.0,0.0,33,Yes,No,No,No,No,Yes,No,14.2,18.0,0,0,0,0,0,0,0,0,0,10,0,0,0,0,0,0,0,0,0,0,0,0,0,0,0,0,0,0,0,0,6277,1915,1749,122,8.0,239.8,259.0,222.4,216.4,219.2,215.1,60.0,60.1,59.9,59.9,59.9,59.9,4.17,4.57,3.84,3.68,4.64,4.74,0.24,0.91,4.08,0.09,0.12,0,0,0.0,0.0,171,27,3.9,0.6,0,
5.7.2026,22:28:44.840,17046,28948,37.0,12363,20318,37.8,0.2,13312,23,1.387,1.381,1.387,1.387,1.387,1.387,1.387,1.387,1.387,4192.4,4192.4,4192.4,4192.4,4192.4,4192.4,4192.4,4192.4,4192.4,99.8,996.1,2778.5,1207.3,2358.4,1224.3,1241.4,897.4,1119.8,660.4,502.5,393.6,773.4,604.0,629.7,492.0,536.5,518.3,996.1,22.4,42.8,28.9,56.9,29.4,30.0,21.5,27.1,15.8,12.1,9.6,18.6,14.6,14.8,11.1,13.0,12.5,56.9,22.4,25.4,48.5,32.6,65.1,33.6,33.8,24.2,30.5,17.8,13.5,10.6,20.8,16.2,16.6,13.2,14.5,14.1,25.4,42.0,42.0,42.0,42.0,42.0,42.0,42.0,42.0,42.0,0.0,58.5,67.7,82.9,62.3,59.2,46.4,52.1,49.4,48.2,41.5,32.3,17.1,37.7,40.8,53.6,47.9,50.6,51.8,0.0,0.0,0.0,0.0,0.0,0.0,0.0,0.0,0.0,1197.8,12.00,16,16,16,39,55,661,1,74.6,67.6,66.8,62.9,64.6,66.4,63.8,63.1,61.0,61.9,60.8,61.3,58.8,59.1,58.6,52.0,48.4,1.394,1.025,1.394,12.890,11.445,12.884,52.275,38.203,3.433,4.474,5.409,3.679,3.309,2.438,2.929,2.625,2.598,17.550,11.772,29.322,38.319,1197.8,1197.8,4112.8,4135.4,4090.2,4158.4,43.5,21.5,58.1,71.1,63.7,No,No,No,1.140,0.065,4.7,47,95.0,100.0,No,No,91229,99001,32,99.0,No,No,3320,0.8,0.3,1.1,1.817,2.009,11020,8660,0.0,0.0,0.0,0.000,0.000,50,0,42.8,55.8,83.0,0.669,12.153,12.191,12.168,12.100,1129,24.257,8.494,9.112,2.231,20.163,15.088,5.062,0.336,9.112,13.624,1.746,8.462,220.000,240.000,480.0,202.5,825.0,538.0,900.0,25.0,20.0,20.0,0.0,23.5,6.3,7.2,18.1,0.0,0.0,33,Yes,No,No,No,No,Yes,No,10.3,13.0,0,0,0,0,0,0,0,0,0,11,0,0,0,0,0,0,0,0,0,0,0,0,0,0,0,0,0,0,0,0,6270,1922,1756,117,5.0,239.8,264.7,222.8,221.0,221.8,220.7,67.4,137.6,46.0,45.8,45.8,45.8,4.17,4.53,3.74,3.69,4.59,4.68,0.70,0.31,4.08,0.09,2.33,0,0,0.0,0.0,173,28,955.6,16.1,0,
5.7.2026,22:28:46.825,17391,28602,37.8,12552,20130,38.4,0.2,13312,23,1.312,1.312,1.312,1.312,1.312,1.312,1.312,1.312,1.312,4042.7,4042.7,4042.7,4042.7,4042.7,4042.7,4042.7,4042.7,4042.7,99.8,2452.9,3819.8,2725.4,3462.0,2787.8,2685.9,2556.0,2579.1,2363.2,1930.4,1857.8,2274.2,2296.1,2107.3,2061.2,1847.1,1892.8,2452.9,59.2,78.9,66.8,84.9,68.5,65.6,62.6,63.0,57.9,47.1,45.5,55.5,56.2,51.2,50.8,45.1,46.8,84.9,59.2,66.5,88.8,75.2,95.8,77.1,73.8,70.4,70.9,65.1,52.9,51.1,62.4,63.2,57.6,56.7,50.7,52.1,66.5,40.5,40.5,40.5,40.5,40.5,40.5,40.5,40.5,40.5,0.0,89.4,94.1,98.2,91.4,89.9,84.9,88.1,85.9,83.0,10.6,5.9,1.8,8.6,10.1,15.1,11.9,14.1,17.0,0.0,0.0,0.0,0.0,0.0,0.0,0.0,0.0,0.0,1197.8,12.00,16,16,16,39,55,661,1,82.9,77.8,75.2,73.4,74.5,76.8,74.5,74.3,71.2,73.1,71.2,71.7,62.0,62.2,61.8,52.8,49.3,1.331,1.038,1.344,26.152,11.720,26.138,80.474,55.856,6.775,7.413,8.359,7.167,6.960,5.770,6.594,6.125,5.808,34.774,12.122,46.896,56.035,1197.8,1197.8,4063.3,4067.5,4059.0,4067.8,63.7,43.6,89.4,81.9,64.0,No,No,No,2.105,0.134,7.2,47,95.0,100.0,No,No,91229,99001,32,99.0,No,No,3320,3.2,0.1,3.3,7.563,0.387,11035,8661,0.0,0.0,0.0,0.000,0.000,50,0,42.7,55.7,83.0,0.669,12.152,12.190,12.168,12.098,1131,23.296,8.681,9.823,2.499,20.661,15.195,5.457,0.336,9.823,13.686,1.662,7.673,220.000,240.000,705.0,202.5,825.0,439.3,900.0,30.0,22.0,20.0,0.0,25.8,8.0,11.3,20.6,0.0,0.0,33,Yes,No,No,No,No,Yes,No,10.7,13.5,0,0,0,0,0,0,0,0,0,11,0,0,0,0,0,0,0,0,0,0,0,0,0,0,0,0,0,0,0,0,6077,2115,1950,149,5.0,239.8,264.8,217.0,211.3,213.1,211.1,62.1,215.6,59.7,59.6,59.5,59.5,4.17,4.69,3.76,3.65,4.81,4.87,0.68,0.52,4.04,0.13,0.30,0,0,0.0,0.0,175,28,963.9,17.1,0,
5.7.2026,22:28:48.827,17550,28444,38.1,12735,19946,38.9,0.2,13312,23,1.366,1.350,1.369,1.369,1.369,1.369,1.369,1.369,1.369,4120.7,4117.6,4117.6,4117.6,4117.6,4117.6,4117.6,4117.6,4142.5,99.8,1260.6,3128.7,1362.2,3242.0,1195.6,1465.9,1342.6,1332.3,1044.2,707.0,504.2,1073.4,808.6,862.7,695.6,802.0,602.2,1260.6,28.8,51.7,32.6,78.9,28.7,35.2,32.2,32.2,25.0,16.9,11.9,25.7,19.2,20.2,16.5,19.3,14.5,78.9,28.8,32.6,58.4,36.9,89.7,32.7,39.8,36.4,36.2,28.3,19.0,13.5,29.0,21.7,22.8,18.7,21.8,16.3,32.6,41.3,41.2,41.2,41.2,41.2,41.2,41.2,41.2,41.5,0.0,69.7,76.8,97.2,74.1,70.3,57.1,64.2,60.6,57.3,30.3,23.2,2.8,25.9,29.7,42.9,35.8,39.4,42.7,0.0,0.0,0.0,0.0,0.0,0.0,0.0,0.0,0.0,1197.8,12.00,16,16,16,39,55,661,1,80.5,76.6,75.0,67.0,67.7,75.7,67.8,67.2,64.0,65.4,64.0,64.6,60.7,61.0,60.5,52.0,49.2,1.369,1.038,1.387,15.796,11.368,15.810,62.734,42.053,4.339,5.003,8.408,4.502,3.969,2.900,3.531,3.219,3.181,21.317,11.709,33.026,42.096,1197.8,1197.8,4087.0,4103.5,4070.6,4103.5,47.8,26.4,69.7,80.6,61.2,No,No,No,1.398,0.057,5.6,48,95.0,100.0,No,No,91229,99001,32,99.0,No,No,3320,2.7,0.4,3.1,13.737,2.290,11061,8665,0.0,0.0,0.0,0.000,0.000,50,0,42.6,55.4,83.0,0.669,12.149,12.187,12.164,12.095,1130,23.376,8.402,9.263,2.230,20.278,15.119,5.146,0.336,9.263,13.594,1.845,6.950,220.000,240.000,600.0,202.5,555.0,696.1,600.0,25.0,19.0,28.0,0.0,25.4,5.6,6.5,16.0,0.0,0.0,33,Yes,No,No,No,No,Yes,No,10.4,13.2,0,0,0,0,0,0,0,0,0,11,0,0,0,0,0,0,0,0,0,0,0,0,0,0,0,0,0,0,0,0,6109,2083,1918,160,5.0,239.8,264.7,220.1,212.8,215.4,212.3,61.0,117.3,57.6,55.3,55.0,55.0,4.17,4.60,3.76,3.50,4.69,4.81,0.40,0.54,4.08,0.09,0.48,0,0,0.0,0.0,175,28,9.3,3.3,0,
5.7.2026,22:28:50.827,17744,28250,38.5,12795,19887,39.1,0.2,13312,23,1.355,1.350,1.356,1.356,1.356,1.356,1.356,1.356,1.356,4098.9,4142.5,4092.6,4092.6,4092.6,4092.6,4092.6,4092.6,4092.6,99.8,1113.6,3182.3,1181.6,2764.6,1089.5,1512.2,985.2,1304.1,772.2,695.3,364.8,1004.6,634.2,790.0,523.6,597.2,416.6,1113.6,25.4,54.4,28.1,66.7,26.2,36.3,23.5,31.3,18.4,16.8,8.9,24.2,15.2,18.6,12.6,14.4,10.1,66.7,25.4,28.6,61.7,31.8,76.1,29.7,41.1,26.5,35.3,20.8,18.7,9.7,27.1,17.0,20.8,14.0,16.1,11.2,28.6,41.1,41.5,41.0,41.0,41.0,41.0,41.0,41.0,41.0,0.0,67.7,77.5,89.2,71.4,68.5,56.9,62.5,59.6,56.2,32.3,22.5,10.8,28.6,31.5,43.1,37.5,40.4,43.8,0.0,0.0,0.0,0.0,0.0,0.0,0.0,0.0,0.0,1197.8,12.00,16,16,16,39,55,661,1,77.4,70.8,76.5,64.7,66.8,69.5,65.7,64.9,62.6,63.3,62.4,62.2,59.9,60.2,59.7,52.8,48.8,1.337,1.025,1.350,14.165,11.399,14.164,60.855,39.961,3.854,4.978,6.463,4.129,3.650,2.732,3.277,2.981,2.618,19.235,11.730,30.965,40.004,1197.8,1197.8,4113.9,4125.4,4102.4,4130.5,45.5,23.6,67.6,74.5,62.2,No,No,No,1.314,0.045,5.4,48,95.0,100.0,No,No,91229,99001,32,99.0,No,No,3320,0.5,0.1,0.5,1.505,0.195,11064,8666,0.0,0.0,0.0,0.000,0.000,50,0,42.4,55.2,83.0,0.669,12.150,12.187,12.166,12.096,1129,23.482,8.563,9.889,2.401,20.548,15.048,5.494,0.336,9.889,13.401,1.661,6.963,220.000,240.000,750.0,202.5,645.0,620.5,705.0,37.0,23.0,25.0,0.0,26.9,7.3,10.8,18.3,0.0,0.0,33,Yes,No,No,No,No,Yes,No,10.6,13.2,0,0,0,0,0,0,0,0,0,11,0,0,0,0,0,0,0,0,0,0,0,0,0,0,0,0,0,0,0,0,5991,2201,2036,124,5.0,239.8,258.8,222.0,208.3,214.6,206.0,68.3,280.2,59.9,59.9,59.8,59.8,4.17,4.52,3.82,3.60,4.70,4.87,0.72,0.38,4.06,0.11,0.88,0,0,0.0,0.0,175,28,6.6,8.6,0,
5.7.2026,22:28:52.822,18031,27963,39.2,12990,19692,39.7,0.2,13312,23,1.337,1.331,1.337,1.337,1.337,1.337,1.337,1.337,1.337,4117.6,4117.6,4117.6,4117.6,4117.6,4117.6,4117.6,4117.6,4117.6,99.8,1389.7,3434.3,1561.8,2697.2,1554.8,1724.2,1418.8,1445.8,1278.7,876.1,699.7,1212.9,1059.3,1057.2,846.9,721.0,646.2,1389.7,32.0,62.0,37.5,65.3,37.3,41.4,34.0,34.7,30.6,20.9,16.6,28.9,25.3,24.9,20.2,17.1,15.4,65.3,32.0,36.3,70.3,42.5,74.3,42.4,46.9,38.6,39.3,34.8,23.6,18.9,32.7,28.7,28.1,22.8,19.4,17.4,36.3,41.2,41.2,41.2,41.2,41.2,41.2,41.2,41.2,41.2,0.0,73.7,83.9,90.2,77.7,75.3,64.3,70.2,66.1,62.0,26.3,16.1,9.8,22.3,24.7,35.7,29.8,33.9,38.0,0.0,0.0,0.0,0.0,0.0,0.0,0.0,0.0,0.0,1197.8,12.00,16,16,16,39,55,661,1,75.0,71.7,67.8,66.5,69.2,70.5,67.9,66.9,64.2,65.3,64.1,63.7,60.4,60.7,60.2,52.8,49.8,1.350,1.031,1.356,16.515,11.813,16.514,66.230,43.386,4.447,5.864,6.687,4.812,4.419,3.290,3.952,3.526,3.025,22.255,12.166,34.421,43.500,1197.8,1197.8,4098.8,4108.3,4089.4,4114.2,49.4,27.5,73.6,75.5,62.4,No,No,No,1.580,0.172,5.9,47,95.0,100.0,No,No,91229,99001,32,99.0,No,No,3320,0.6,0.2,0.7,1.328,0.869,11066,8667,0.0,0.0,0.0,0.000,0.000,50,0,46.2,61.7,83.0,0.919,12.126,12.170,12.148,12.059,1129,49.373,25.370,41.537,14.238,49.468,26.338,23.075,0.336,41.537,22.412,3.777,30.977,220.000,240.000,1725.0,1750.2,1515.0,1724.3,1635.0,35.0,11.0,0.0,3.0,28.7,3.8,8.0,7.2,0.0,0.0,33,Yes,No,No,No,No,Yes,No,29.1,32.3,0,0,0,0,0,0,0,0,0,12,0,0,0,0,0,0,0,0,0,0,0,0,0,0,0,0,0,0,0,0,5840,2352,2187,120,8.0,239.7,266.8,217.1,198.8,207.4,194.8,99.6,361.2,45.3,45.2,45.2,45.2,4.17,4.65,3.73,3.23,4.85,5.17,0.24,0.82,4.07,0.11,1.85,0,0,0.0,0.0,176,28,615.1,14.6,0,
5.7.2026,22:28:54.837,18042,27951,39.2,12969,19713,39.6,0.2,13312,23,1.330,1.325,1.331,1.331,1.331,1.331,1.331,1.331,1.331,4092.6,4092.6,4092.6,4092.6,4092.6,4092.6,4092.6,4092.6,4092.6,99.8,1221.4,3616.8,1143.1,3066.6,922.1,1963.4,1143.8,1185.9,1366.3,505.0,433.6,955.3,945.5,769.8,645.3,446.5,433.1,1221.4,27.9,64.4,27.0,74.4,22.1,47.4,27.3,28.4,32.8,12.1,10.4,22.8,22.6,17.9,15.4,10.7,10.5,74.4,27.9,31.5,73.3,30.6,84.7,25.0,53.9,30.9,32.1,37.2,13.5,11.5,25.7,25.5,20.0,17.2,11.9,11.6,31.5,41.0,41.0,41.0,41.0,41.0,41.0,41.0,41.0,41.0,0.0,76.6,87.9,94.9,86.5,82.1,61.9,72.3,66.7,60.2,23.4,12.1,5.1,13.5,17.9,38.1,27.7,33.3,39.8,0.0,0.0,0.0,0.0,0.0,0.0,0.0,0.0,0.0,1197.8,12.00,16,16,16,39,55,661,1,72.0,68.8,69.5,64.9,67.6,68.1,67.0,65.3,62.6,63.5,62.8,62.1,60.3,60.6,60.0,53.5,50.0,1.331,1.031,1.337,14.781,12.038,14.777,68.899,41.322,4.032,5.579,6.040,4.817,4.094,2.634,3.521,3.079,2.491,19.938,12.390,32.327,41.432,1197.8,1197.8,4113.8,4114.8,4112.9,4114.8,47.1,24.6,76.6,72.5,61.6,No,No,No,1.615,0.553,6.1,48,95.0,100.0,No,No,91229,99001,32,99.0,No,No,3320,0.6,1.2,1.7,1.076,6.884,11068,8680,0.0,0.0,0.0,0.000,0.000,50,0,49.8,66.3,83.0,1.069,12.113,12.154,12.141,12.045,1127,86.910,35.817,65.440,23.542,63.412,26.970,36.354,0.336,65.440,21.677,7.909,47.086,220.000,240.000,1920.0,1750.2,1680.0,1916.1,1815.0,47.0,15.0,0.0,3.0,29.1,6.1,24.6,0.0,0.0,0.0,33,Yes,No,No,Yes,No,No,No,39.6,42.6,0,0,0,0,0,0,0,0,0,12,0,0,0,0,0,0,0,0,0,0,0,0,0,0,0,0,0,0,0,0,5805,2387,2222,125,8.0,239.8,257.4,222.4,219.5,220.6,219.1,213.1,303.6,119.7,119.5,119.6,119.5,4.17,4.56,3.83,3.67,4.60,4.62,0.29,0.50,4.06,0.11,1.05,0,0,0.0,0.0,176,28,2.5,7.6,0,
5.7.2026,22:28:56.827,18012,27982,39.1,12970,19712,39.6,0.2,13312,23,1.350,1.350,1.350,1.350,1.350,1.350,1.350,1.350,1.350,4139.4,4117.6,4142.5,4142.5,4142.5,4142.5,4142.5,4142.5,4142.5,99.8,1284.5,3659.7,1961.2,2987.6,1104.6,1758.8,1312.7,1058.4,1449.1,601.2,419.3,1019.0,928.4,765.2,689.3,409.4,428.0,1284.5,28.5,51.8,47.1,72.4,26.4,42.3,31.3,25.2,34.7,14.3,9.9,24.2,22.1,17.6,16.4,9.7,10.2,72.4,28.5,32.3,59.0,53.6,82.4,30.0,48.2,35.6,28.6,39.5,16.1,11.1,27.4,25.0,19.9,18.5,10.9,11.5,32.3,41.5,41.2,41.5,41.5,41.5,41.5,41.5,41.5,41.5,0.0,76.6,89.0,94.9,85.5,81.6,62.5,72.4,67.0,59.8,23.4,11.0,5.1,14.5,18.4,37.5,27.6,33.0,40.2,0.0,0.0,0.0,0.0,0.0,0.0,0.0,0.0,0.0,1197.8,12.00,16,16,16,39,55,661,1,70.4,69.1,67.8,65.0,68.0,68.3,66.9,65.2,62.8,63.7,62.8,62.0,60.3,60.6,60.0,53.0,49.7,1.362,1.025,1.375,14.874,12.041,14.879,68.939,41.499,4.049,5.847,6.120,4.696,3.991,2.652,3.553,3.073,2.463,20.043,12.390,32.433,41.552,1197.8,1197.8,4110.1,4112.6,4107.7,4112.6,47.2,24.8,76.6,72.7,61.7,No,No,No,1.606,0.530,6.1,48,95.0,100.0,No,No,91229,99001,32,99.0,No,No,3320,0.0,0.1,0.1,0.040,0.166,11068,8681,0.0,0.0,0.0,0.000,0.000,50,0,49.7,65.9,83.0,1.069,12.129,12.173,12.152,12.062,1130,87.589,27.801,51.375,17.298,53.300,24.703,28.540,0.336,51.375,19.453,7.057,24.575,220.000,240.000,1920.0,1750.2,1680.0,1916.1,1815.0,42.0,16.0,0.0,4.0,28.8,5.8,23.2,0.0,0.0,0.0,33,Yes,No,No,Yes,No,No,No,32.2,40.4,0,0,0,0,0,0,0,0,0,12,0,0,0,0,0,0,0,0,0,0,0,0,0,0,0,0,0,0,0,0,5833,2359,2194,125,8.0,239.8,262.0,220.6,212.7,215.9,211.7,224.3,241.9,80.0,63.3,71.9,59.9,4.17,4.61,3.80,3.66,4.66,4.72,0.31,0.49,4.07,0.10,0.33,0,0,0.0,0.0,176,28,2.5,2.1,0,
5.7.2026,22:28:58.834,18007,27987,39.1,12964,19717,39.6,0.2,13312,23,1.344,1.344,1.344,1.344,1.344,1.344,1.344,1.344,1.344,3986.6,4117.6,4117.6,4117.6,4117.6,3593.5,3593.5,4117.6,4117.6,99.8,1128.0,3441.6,2132.1,2513.0,1269.7,1109.3,1542.2,882.6,1231.3,338.8,348.8,779.4,733.7,612.1,505.9,294.4,314.0,1128.0,24.1,38.1,51.2,60.9,30.6,26.6,37.1,21.1,29.6,7.4,7.7,18.6,17.5,14.1,11.5,6.4,6.9,60.9,24.1,27.5,43.3,58.3,69.5,34.8,30.1,42.2,23.8,33.6,9.0,9.3,20.9,19.7,15.8,13.5,7.8,8.5,27.5,39.9,41.2,41.2,41.2,41.2,36.0,36.0,41.2,41.2,0.0,69.9,83.6,90.8,78.8,74.3,54.1,65.1,60.0,52.5,30.1,16.4,9.2,21.2,25.7,45.9,34.9,40.0,47.5,0.0,0.0,0.0,0.0,0.0,0.0,0.0,0.0,0.0,1197.8,12.00,16,16,16,39,55,661,1,69.6,69.3,68.8,64.3,67.6,67.8,66.2,64.6,62.1,62.9,62.1,61.3,59.9,60.3,59.6,52.8,49.5,1.356,1.031,1.363,13.848,11.869,13.849,62.908,39.922,3.792,5.666,6.008,4.337,3.719,2.386,3.178,2.807,2.232,18.734,12.214,30.948,40.022,1197.8,1197.8,4115.6,4124.0,4107.2,4124.0,45.5,23.1,69.9,72.9,61.5,No,No,No,1.365,0.450,5.6,47,95.0,100.0,No,No,91229,99001,32,99.0,No,No,3320,0.2,1.5,1.7,0.247,5.775,11069,8692,0.0,0.0,0.0,0.000,0.000,50,0,48.3,64.2,83.0,0.969,12.138,12.186,12.158,12.071,1131,79.729,21.005,34.781,10.577,42.929,23.575,19.323,0.336,34.781,19.033,4.865,19.849,220.000,240.000,1800.0,1750.2,1590.0,1916.3,1710.0,20.0,7.0,0.0,2.0,29.0,4.5,18.0,0.0,0.0,0.0,33,Yes,No,No,No,No,Yes,No,26.7,33.1,0,0,0,0,0,0,0,0,0,12,0,0,0,0,0,0,0,0,0,0,0,0,0,0,0,0,0,0,0,0,5819,2373,2208,129,8.0,239.7,261.6,220.2,203.9,212.1,200.1,173.3,244.3,59.9,59.9,59.9,59.9,4.17,4.60,3.80,3.50,4.77,5.04,0.27,0.59,4.07,0.10,1.34,0,0,0.0,0.0,176,28,2.4,1.5,0,
5.7.2026,22:29:0.830,17950,28044,39.0,12901,19780,39.4,0.2,13312,23,1.339,1.344,1.344,1.344,1.344,1.331,1.331,1.337,1.337,4117.6,4117.6,4117.6,4117.6,4117.6,4117.6,4117.6,4117.6,4117.6,99.8,1223.6,3531.7,2158.2,2734.4,1191.9,809.7,2130.7,781.5,1585.9,355.1,454.2,741.5,934.6,539.1,687.8,363.3,578.6,1223.6,26.1,41.0,51.8,65.8,27.9,18.5,50.7,17.7,37.3,8.3,10.8,16.8,21.6,11.4,16.2,8.5,13.9,65.8,26.1,30.1,47.2,59.5,75.3,32.4,21.7,58.3,20.8,43.1,9.3,12.1,19.7,25.2,13.6,18.4,9.6,15.7,30.1,41.2,41.2,41.2,41.2,41.2,41.2,41.2,41.2,41.2,0.0,74.9,85.8,94.1,83.8,79.4,60.4,70.4,65.3,60.3,25.1,14.2,5.9,16.2,20.6,39.6,29.6,34.7,39.7,0.0,0.0,0.0,0.0,0.0,0.0,0.0,0.0,0.0,1197.8,12.00,16,16,16,39,55,661,1,69.0,68.8,68.8,64.6,67.5,67.8,66.7,64.9,62.4,63.3,62.3,61.9,60.1,60.4,59.7,52.2,49.5,1.344,1.025,1.350,14.447,11.969,14.446,67.432,40.861,3.927,5.583,5.956,4.625,3.953,2.538,3.347,2.931,2.480,19.518,12.315,31.833,40.929,1197.8,1197.8,4116.5,4118.8,4114.1,4118.8,46.5,24.1,74.9,72.4,62.0,No,No,No,1.541,0.525,6.0,47,95.0,100.0,No,No,91229,99001,32,99.0,No,No,3320,0.1,0.0,0.1,0.116,0.101,11069,8692,0.0,0.0,0.0,0.000,0.000,50,0,48.7,64.5,83.0,0.925,12.129,12.174,12.151,12.063,1130,61.522,25.509,42.215,14.365,49.748,26.249,23.451,0.336,42.215,22.169,3.941,30.400,220.000,240.000,1725.0,1750.2,1515.0,1668.6,1635.0,38.0,13.0,0.0,3.0,29.0,5.5,22.1,0.0,0.0,0.0,33,Yes,No,No,No,No,Yes,No,29.1,32.4,0,0,0,0,0,0,0,0,0,12,0,0,0,0,0,0,0,0,0,0,0,0,0,0,0,0,0,0,0,0,5820,2372,2207,126,8.0,239.7,263.3,220.7,214.9,216.9,214.0,189.1,242.7,119.3,119.2,119.3,119.2,4.17,4.56,3.72,3.59,4.63,4.69,0.28,0.54,4.07,0.10,2.06,0,0,0.0,0.0,176,28,3.8,2.8,0,
5.7.2026,22:29:2.827,17955,28039,39.0,12902,19780,39.4,0.2,13312,23,1.348,1.319,1.356,1.356,1.356,1.356,1.356,1.344,1.344,4089.5,4067.7,4092.6,4092.6,4092.6,4092.6,4092.6,4092.6,4092.6,99.8,1290.3,3717.7,1718.9,2505.1,1453.3,950.5,2248.9,899.6,1698.2,467.4,559.2,838.3,1147.9,676.9,853.1,403.2,505.7,1290.3,29.1,58.4,41.7,61.0,35.0,23.2,54.6,21.9,40.8,10.9,13.2,20.3,27.8,16.0,20.3,9.4,12.0,61.0,29.1,32.8,66.1,47.0,69.0,39.9,25.7,61.6,24.2,46.4,12.4,15.0,22.4,31.0,17.5,23.0,10.7,13.6,32.8,41.0,40.8,41.0,41.0,41.0,41.0,41.0,41.0,41.0,0.0,77.4,90.6,93.9,86.6,81.1,63.5,74.1,68.8,61.1,22.6,9.4,6.1,13.4,18.9,36.5,25.9,31.2,38.9,0.0,0.0,0.0,0.0,0.0,0.0,0.0,0.0,0.0,1197.8,12.00,16,16,16,39,55,661,1,79.0,73.5,76.5,66.3,71.6,69.5,68.7,66.6,63.4,64.1,63.8,62.7,60.4,60.7,60.0,53.8,50.2,1.350,1.025,1.344,15.822,11.930,15.816,69.704,42.543,4.329,6.587,6.180,5.118,4.344,2.793,3.614,3.323,2.673,21.305,12.284,33.589,42.663,1197.8,1197.8,4104.2,4106.1,4102.2,4106.1,48.5,26.4,77.4,77.3,61.3,No,No,No,1.368,0.443,6.2,48,95.0,100.0,No,No,91229,99001,32,99.0,No,No,3320,0.1,0.1,0.2,0.202,0.223,11069,8692,0.0,0.0,0.0,0.000,0.000,50,0,49.8,65.9,83.0,0.975,12.126,12.169,12.149,12.058,1127,68.220,30.062,50.594,17.718,54.928,26.745,28.108,0.336,50.594,22.247,11.976,37.371,220.000,240.000,1815.0,1750.2,1590.0,1733.9,1710.0,39.0,14.0,0.0,3.0,29.0,5.3,21.4,0.0,0.0,0.0,33,Yes,No,No,No,No,Yes,No,33.1,35.7,0,0,0,0,0,0,0,0,0,12,0,0,0,0,0,0,0,0,0,0,0,0,0,0,0,0,0,0,0,0,5814,2378,2213,127,8.0,239.8,266.4,218.9,211.6,215.2,209.9,211.9,242.3,119.7,119.4,119.5,119.4,4.17,4.63,3.72,3.66,4.71,4.86,0.30,0.49,4.07,0.10,1.19,0,0,0.0,0.0,176,28,4.4,2.8,0,
5.7.2026,22:29:4.823,17946,28048,39.0,12893,19788,39.4,0.2,13312,23,1.342,1.337,1.344,1.337,1.344,1.344,1.344,1.344,1.344,4117.6,4117.6,4117.6,4117.6,4117.6,4117.6,4117.6,4117.6,4117.6,99.8,1251.8,3641.6,1995.1,2618.4,1385.7,1161.1,1985.5,896.7,1570.3,376.8,478.6,877.6,975.7,597.5,720.8,378.9,368.1,1251.8,27.3,48.0,47.7,63.2,33.5,27.1,47.6,20.6,37.9,8.9,11.5,20.2,22.7,12.9,17.2,9.1,8.8,63.2,27.3,31.2,55.0,54.7,72.3,37.9,31.4,54.5,24.0,42.9,9.9,12.8,23.5,26.3,15.2,19.4,10.1,9.8,31.2,41.2,41.2,41.2,41.2,41.2,41.2,41.2,41.2,41.2,0.0,76.3,88.6,94.7,86.7,80.4,61.2,73.0,66.7,59.0,23.7,11.4,5.3,13.3,19.6,38.8,27.0,33.3,41.0,0.0,0.0,0.0,0.0,0.0,0.0,0.0,0.0,0.0,1197.8,12.00,16,16,16,39,55,661,1,76.9,72.1,67.2,65.9,70.4,69.9,68.4,66.0,63.1,64.0,63.1,62.2,60.6,60.9,60.2,53.5,49.3,1.344,1.019,1.350,15.089,11.944,15.096,68.653,41.674,4.124,6.133,6.230,5.005,4.071,2.589,3.547,3.030,2.389,20.339,12.292,32.630,41.726,1197.8,1197.8,4108.4,4109.9,4106.8,4109.9,47.4,25.2,76.3,75.8,61.4,No,No,No,1.397,0.459,6.1,48,95.0,100.0,No,No,91229,99001,32,99.0,No,No,3320,0.0,0.0,0.0,0.008,0.113,11069,8693,0.0,0.0,0.0,0.000,0.000,50,0,49.2,65.4,83.0,0.912,12.131,12.176,12.153,12.063,1131,65.387,28.454,41.341,14.039,49.305,26.286,22.966,0.336,41.341,22.255,35.876,30.799,220.000,240.000,1710.0,1750.2,1500.0,1765.8,1620.0,39.0,13.0,0.0,3.0,29.0,5.3,21.0,0.0,0.0,0.0,33,Yes,No,No,No,No,Yes,No,28.9,32.5,0,0,0,0,0,0,0,0,0,12,0,0,0,0,0,0,0,0,0,0,0,0,0,0,0,0,0,0,0,0,5817,2375,2210,127,8.0,239.8,264.3,220.0,204.9,210.8,203.3,202.6,242.9,119.3,119.3,119.3,119.3,4.17,4.57,3.78,3.45,4.82,5.05,0.29,0.55,4.07,0.10,1.57,0,0,0.0,0.0,176,28,5.6,3.6,0,
5.7.2026,22:29:6.827,18028,27966,39.1,12911,19771,39.5,0.2,13312,23,1.329,1.325,1.337,1.337,1.331,1.325,1.325,1.325,1.325,4092.6,4092.6,4092.6,4092.6,4092.6,4092.6,4092.6,4092.6,4092.6,99.8,1196.2,3596.6,1234.9,3091.9,961.2,1716.4,1212.8,1208.6,1306.7,453.9,408.4,969.8,909.7,724.0,611.0,370.4,362.3,1196.2,27.4,64.6,29.3,75.0,23.2,41.4,29.0,29.0,31.4,11.0,9.9,23.1,21.7,16.8,14.6,8.9,8.8,75.0,27.4,30.8,73.5,33.1,85.4,26.1,46.9,32.7,32.7,35.4,12.0,10.8,26.0,24.3,18.7,16.2,9.6,9.6,30.8,41.0,41.0,41.0,41.0,41.0,41.0,41.0,41.0,41.0,0.0,75.2,87.4,94.7,83.6,80.8,61.0,72.1,64.7,57.7,24.8,12.6,5.3,16.4,19.2,39.0,27.9,35.3,42.3,0.0,0.0,0.0,0.0,0.0,0.0,0.0,0.0,0.0,1197.8,12.00,16,16,16,39,55,661,1,74.1,68.6,70.2,64.7,67.4,68.0,66.4,65.2,62.5,63.5,62.6,61.9,60.2,60.6,59.9,53.8,49.7,1.337,1.025,1.350,14.406,11.994,14.397,67.722,40.670,3.923,5.605,5.937,4.471,4.007,2.556,3.454,2.978,2.375,19.431,12.343,31.773,40.858,1197.8,1197.8,4114.2,4115.1,4113.3,4115.6,46.4,24.0,75.2,72.3,61.8,No,No,No,1.513,0.462,6.0,47,95.0,100.0,No,No,91229,99001,32,99.0,No,No,3320,0.0,0.0,0.1,0.135,0.026,11070,8693,0.0,0.0,0.0,0.000,0.000,50,0,50.5,66.7,83.0,1.069,12.124,12.166,12.149,12.059,1129,67.659,31.715,53.712,19.039,57.584,27.687,29.839,0.336,53.712,23.154,13.660,38.428,220.000,240.000,1920.0,1750.2,1680.0,1747.8,1815.0,51.0,14.0,8.0,2.0,28.3,6.3,23.4,1.7,0.0,0.0,33,Yes,No,No,Yes,No,No,No,34.9,37.7,0,0,0,0,0,0,0,0,0,12,0,0,0,0,0,0,0,0,0,0,0,0,0,0,0,0,0,0,0,0,5876,2316,2151,139,8.0,239.7,260.6,216.8,209.2,212.3,208.0,200.8,242.4,119.3,119.1,119.2,119.1,4.17,4.60,3.82,3.50,4.72,4.83,0.34,0.44,4.06,0.11,1.53,0,0,0.0,0.0,176,28,2.4,3.6,0,
5.7.2026,22:29:8.825,17957,28037,39.0,12898,19784,39.4,0.2,13312,23,1.334,1.344,1.337,1.331,1.331,1.331,1.331,1.331,1.331,4111.3,4117.6,4092.6,4092.6,4117.6,4117.6,4117.6,4117.6,4117.6,99.8,1227.4,3595.8,1203.0,2962.7,986.1,2119.5,925.9,1670.3,840.4,601.2,469.3,1177.4,774.2,905.5,590.0,429.7,387.6,1227.4,27.6,65.0,28.1,71.7,23.1,50.8,21.4,39.8,19.4,13.8,10.6,27.7,17.9,20.7,13.5,9.8,8.8,71.7,27.6,31.9,74.2,32.4,81.8,26.7,58.1,24.9,45.7,22.6,16.1,12.5,31.9,20.8,23.9,15.8,11.6,10.5,31.9,41.2,41.2,41.0,41.0,41.2,41.2,41.2,41.2,41.2,0.0,76.1,87.5,93.8,84.1,80.9,63.3,72.0,66.8,60.1,23.9,12.5,6.2,15.9,19.1,36.7,28.0,33.2,39.9,0.0,0.0,0.0,0.0,0.0,0.0,0.0,0.0,0.0,1197.8,12.00,16,16,16,39,55,661,1,71.6,68.6,66.5,65.0,67.6,67.6,66.9,65.2,63.0,63.9,63.2,62.2,60.4,60.8,60.1,52.8,49.8,1.350,1.025,1.350,14.576,11.999,14.581,68.451,41.113,3.942,5.524,5.716,4.575,3.949,2.712,3.485,3.125,2.452,19.645,12.347,31.991,41.097,1197.8,1197.8,4111.1,4112.8,4109.4,4112.8,46.7,24.3,76.1,72.2,62.0,No,No,No,1.510,0.467,6.1,47,95.0,100.0,No,No,91229,99001,32,99.0,No,No,3320,0.1,0.0,0.2,0.228,0.022,11070,8693,0.0,0.0,0.0,0.000,0.000,50,0,52.2,68.7,83.0,1.069,12.125,12.168,12.151,12.056,1130,86.690,35.519,65.374,23.326,63.176,26.765,36.317,0.336,65.374,21.288,7.353,45.880,220.000,240.000,1920.0,1750.2,1680.0,1916.3,1815.0,41.0,13.0,9.0,3.0,26.9,7.9,22.3,9.4,0.0,0.0,33,Yes,No,No,Yes,No,No,No,39.4,40.1,0,0,0,0,0,0,0,0,0,12,0,0,0,0,0,0,0,0,0,0,0,0,0,0,0,0,0,0,0,0,5987,2205,2040,138,8.0,239.7,259.3,224.1,210.8,217.9,207.2,221.2,1000.9,119.4,119.0,119.2,118.9,4.17,4.50,3.82,3.58,4.64,4.88,0.29,0.40,4.07,0.11,1.37,0,0,0.0,0.0,178,28,754.4,14.5,0,
5.7.2026,22:29:10.835,17859,28135,38.8,12962,19719,39.6,0.2,13312,23,1.359,1.356,1.356,1.356,1.356,1.356,1.363,1.363,1.363,4126.9,4142.5,4142.5,4142.5,4117.6,4117.6,4117.6,4117.6,4117.6,99.8,1404.4,3593.5,1540.9,2628.4,1494.4,1781.4,1521.6,1594.8,1287.5,715.0,689.8,1229.3,1056.1,1077.8,837.8,716.6,705.4,1404.4,32.6,64.7,36.6,63.9,36.3,43.1,36.7,38.6,31.1,17.4,16.9,29.7,25.5,25.7,20.3,17.4,17.3,64.7,32.6,36.6,73.3,41.2,72.5,40.8,48.6,41.3,43.5,34.9,19.1,18.6,33.3,28.5,28.7,22.5,19.2,19.1,36.6,41.3,41.5,41.5,41.5,41.2,41.2,41.2,41.2,41.2,0.0,77.7,87.5,91.1,84.6,81.5,66.7,74.2,70.4,65.5,22.3,12.5,8.9,15.4,18.5,33.3,25.8,29.6,34.5,0.0,0.0,0.0,0.0,0.0,0.0,0.0,0.0,0.0,1197.8,12.00,16,16,16,39,55,661,1,70.5,69.5,70.5,65.7,68.4,68.3,67.5,66.1,63.8,64.6,64.0,63.3,60.7,61.0,60.4,51.8,49.6,1.362,1.025,1.363,15.647,11.983,15.653,69.833,42.426,4.240,5.771,5.761,4.871,4.333,3.032,3.796,3.458,2.899,21.062,12.338,33.400,42.519,1197.8,1197.8,4104.5,4106.7,4102.4,4111.5,48.3,26.1,77.6,73.1,61.9,No,No,No,1.620,0.330,6.2,48,95.0,100.0,No,No,91229,99001,32,99.0,No,No,3320,0.1,0.2,0.3,0.069,1.218,11070,8695,0.0,0.0,0.0,0.000,0.000,50,0,49.9,65.9,83.0,0.794,12.140,12.186,12.161,12.074,1131,71.080,25.144,43.712,13.685,48.109,23.798,24.283,0.336,43.712,18.400,5.564,29.838,220.000,240.000,1425.0,1750.2,1245.0,1917.7,1350.0,12.0,3.0,9.0,1.0,27.0,5.7,13.4,9.2,0.0,0.0,33,Yes,No,No,No,No,Yes,No,28.2,25.6,0,0,0,0,0,0,0,0,0,12,0,0,0,0,0,0,0,0,0,0,0,0,0,0,0,0,0,0,0,0,5977,2215,2050,139,8.0,239.8,266.1,220.3,208.4,214.9,205.1,89.2,333.6,45.5,45.1,45.0,45.0,4.17,4.58,3.75,3.50,4.71,4.94,0.22,0.77,4.06,0.11,3.09,0,0,0.0,0.0,178,28,15.0,5.7,0,
5.7.2026,22:29:12.835,17822,28172,38.7,12978,19704,39.7,0.2,13312,23,1.329,1.344,1.337,1.325,1.325,1.325,1.325,1.325,1.325,4117.6,4117.6,4117.6,4117.6,4117.6,4117.6,4117.6,4117.6,4117.6,99.8,1481.2,3730.4,1706.4,3037.6,1250.7,1635.1,1889.3,1534.2,1448.6,743.5,735.7,1356.4,1154.9,1080.6,973.5,718.7,704.1,1481.2,33.8,64.5,41.1,73.5,29.8,39.2,45.2,36.7,34.5,17.6,17.3,32.3,27.4,25.1,23.1,17.1,16.6,73.5,33.8,38.4,73.3,46.7,83.6,33.9,44.6,51.4,41.7,39.2,20.0,19.7,36.7,31.1,28.5,26.2,19.4,18.9,38.4,41.2,41.2,41.2,41.2,41.2,41.2,41.2,41.2,41.2,0.0,81.8,91.0,95.2,89.0,85.4,70.5,79.4,74.5,69.4,18.2,9.0,4.8,11.0,14.6,29.5,20.6,25.5,30.6,0.0,0.0,0.0,0.0,0.0,0.0,0.0,0.0,0.0,1197.8,12.00,16,16,16,39,55,661,1,70.1,70.4,68.0,66.5,69.2,68.9,68.5,66.8,64.3,65.5,64.5,64.2,61.2,61.5,60.9,52.8,50.0,1.356,1.025,1.363,16.431,12.096,16.431,73.620,43.611,4.434,5.986,5.996,5.128,4.483,3.100,4.046,3.599,3.136,22.101,12.458,34.558,43.699,1197.8,1197.8,4099.1,4100.3,4097.9,4100.3,49.7,27.4,81.8,74.1,62.2,No,No,No,1.687,0.518,6.5,48,95.0,100.0,No,No,91229,99001,32,99.0,No,No,3320,0.2,1.4,1.6,0.137,12.475,11071,8719,0.0,0.0,0.0,0.000,0.000,50,0,52.3,68.6,83.0,1.069,12.127,12.169,12.153,12.059,1130,78.663,34.504,63.548,22.708,62.149,26.759,35.302,0.336,63.548,21.499,7.468,41.728,220.000,240.000,1920.0,1750.2,1680.0,1835.1,1815.0,39.0,13.0,9.0,3.0,26.8,7.8,21.1,10.3,0.0,0.0,33,Yes,No,No,Yes,No,No,No,38.7,40.5,0,0,0,0,0,0,0,0,0,12,0,0,0,0,0,0,0,0,0,0,0,0,0,0,0,0,0,0,0,0,5998,2194,2036,140,8.0,239.7,268.1,215.3,205.1,209.9,203.1,199.4,1401.1,85.7,83.2,83.5,83.1,4.17,4.67,3.70,3.53,4.82,5.02,0.27,0.56,4.06,0.11,1.79,0,0,0.0,0.0,180,28,910.5,19.2,0,
5.7.2026,22:29:14.835,17807,28187,38.7,12960,19722,39.6,0.2,13312,23,1.340,1.337,1.331,1.331,1.344,1.344,1.344,1.344,1.344,4098.9,4117.6,4117.6,4117.6,4092.6,4067.7,4092.6,4092.6,4092.6,99.8,1237.8,3650.3,1262.1,3094.9,970.4,1460.9,1613.8,1463.5,1105.9,517.6,495.6,1108.4,808.1,842.8,676.9,373.2,361.1,1237.8,28.1,66.5,29.7,75.0,23.1,35.0,38.3,35.0,26.2,12.2,11.6,26.2,19.0,19.4,15.8,8.7,8.4,75.0,28.1,32.0,75.7,33.8,85.4,26.2,39.8,43.6,39.8,29.8,13.8,13.1,29.8,21.5,22.0,18.0,9.8,9.5,32.0,41.1,41.2,41.2,41.2,41.0,40.8,41.0,41.0,41.0,0.0,77.6,88.8,95.3,85.2,81.9,65.0,73.5,68.9,62.2,22.4,11.2,4.7,14.8,18.1,35.0,26.5,31.1,37.8,0.0,0.0,0.0,0.0,0.0,0.0,0.0,0.0,0.0,1197.8,12.00,16,16,16,39,55,661,1,69.2,69.0,68.0,65.3,68.0,68.2,67.3,65.7,63.2,63.9,63.4,62.6,60.7,61.1,60.4,52.5,50.1,1.356,1.025,1.350,14.696,12.027,14.690,69.839,41.205,4.010,5.639,5.847,4.666,4.076,2.714,3.497,3.171,2.467,19.821,12.377,32.199,41.300,1197.8,1197.8,4111.3,4112.0,4110.6,4112.0,46.9,24.5,77.6,72.6,61.6,No,No,No,1.529,0.505,6.2,48,95.0,100.0,No,No,91229,99001,32,99.0,No,No,3320,0.2,0.2,0.3,0.245,0.956,11071,8721,0.0,0.0,0.0,0.000,0.000,50,0,52.8,69.2,83.0,1.069,12.125,12.167,12.151,12.056,1130,83.052,33.618,61.573,21.901,60.683,26.391,34.207,0.336,61.573,21.187,6.244,42.082,220.000,240.000,1920.0,1750.2,1680.0,1916.6,1815.0,37.0,12.0,9.0,3.0,26.9,7.3,19.8,9.4,0.0,0.0,33,Yes,No,No,Yes,No,No,No,37.6,41.5,0,0,0,0,0,0,0,0,0,12,0,0,0,0,0,0,0,0,0,0,0,0,0,0,0,0,0,0,0,0,5991,2201,2036,140,8.0,239.8,267.0,218.9,207.4,212.9,204.8,184.8,627.2,114.3,98.6,98.9,98.4,4.17,4.57,3.74,3.62,4.73,4.90,0.30,0.61,4.06,0.11,2.23,0,0,0.0,0.0,181,28,752.9,14.7,0,
5.7.2026,22:29:16.830,17778,28215,38.6,12955,19726,39.6,0.2,13312,23,1.334,1.350,1.337,1.331,1.331,1.331,1.331,1.331,1.331,4092.6,4092.6,4092.6,4092.6,4092.6,4092.6,4092.6,4092.6,4092.6,99.8,1251.5,3665.6,1443.9,2949.8,1016.3,1933.3,1198.2,1595.3,958.2,529.5,490.1,1256.4,736.4,852.9,640.6,447.2,310.7,1251.5,27.7,61.7,33.8,71.2,23.8,46.0,28.0,37.8,22.0,11.9,11.0,29.4,16.8,19.0,14.5,10.0,6.7,71.2,27.7,31.9,70.5,38.8,81.2,27.5,52.7,32.3,43.4,25.5,13.9,12.9,33.8,19.5,22.0,17.0,11.9,8.1,31.9,41.0,41.0,41.0,41.0,41.0,41.0,41.0,41.0,41.0,0.0,78.5,89.2,94.5,86.6,82.8,66.0,75.5,70.1,63.2,21.5,10.8,5.5,13.4,17.2,34.0,24.5,29.9,36.8,0.0,0.0,0.0,0.0,0.0,0.0,0.0,0.0,0.0,1197.8,12.00,16,16,16,39,55,661,1,69.2,69.0,68.5,65.3,68.1,68.2,67.5,65.7,63.3,64.1,63.4,62.5,60.7,61.1,60.4,53.8,50.6,1.337,1.044,1.350,14.818,12.037,14.819,70.632,41.383,4.044,5.657,5.797,4.806,4.116,2.736,3.605,3.151,2.486,19.986,12.388,32.374,41.483,1197.8,1197.8,4111.6,4112.1,4111.1,4112.1,47.1,24.7,78.5,72.7,61.6,No,No,No,1.488,0.496,6.3,48,95.0,100.0,No,No,91229,99001,32,99.0,No,No,3320,0.2,0.2,0.4,0.219,1.357,11071,8723,0.0,0.0,0.0,0.000,0.000,50,0,53.7,70.4,83.0,1.081,12.121,12.164,12.149,12.051,1129,83.102,36.599,68.372,24.657,65.105,27.005,37.983,0.336,68.372,21.500,6.204,46.459,220.000,240.000,1950.0,1750.2,1710.0,1892.7,1845.0,41.0,14.0,9.0,3.0,26.9,7.5,20.7,9.3,0.0,0.0,33,Yes,No,No,Yes,Yes,No,No,40.9,41.6,0,0,0,0,0,0,0,0,0,12,0,0,0,0,0,0,0,0,0,0,0,0,0,0,0,0,0,0,0,0,5991,2201,2036,140,8.0,239.8,260.0,220.7,205.2,210.2,205.2,202.6,8856.6,119.2,86.3,96.3,81.0,4.17,4.61,3.79,3.45,4.82,4.94,0.30,0.51,4.06,0.11,1.98,0,0,0.0,0.0,181,28,2.6,3.9,0,
5.7.2026,22:29:18.830,17760,28234,38.6,12940,19742,39.5,0.2,13312,23,1.347,1.344,1.350,1.350,1.350,1.350,1.350,1.350,1.331,4092.6,4092.6,4092.6,4092.6,4092.6,4092.6,4092.6,4092.6,4092.6,99.8,1389.5,3658.1,2345.3,2831.2,1230.0,2015.3,1210.1,1583.3,1114.5,674.2,627.6,1332.3,786.5,936.8,729.7,629.9,527.1,1389.5,30.8,46.5,56.7,68.8,29.5,48.8,28.8,38.1,26.7,16.2,15.0,32.0,18.7,21.9,17.4,15.1,12.6,68.8,30.8,34.8,52.7,64.3,78.1,33.4,55.3,32.5,43.1,30.1,18.1,16.8,36.1,20.9,24.6,19.5,16.9,14.1,34.8,41.0,41.0,41.0,41.0,41.0,41.0,41.0,41.0,41.0,0.0,79.7,89.2,94.7,87.6,83.2,68.5,76.7,71.7,66.1,20.3,10.8,5.3,12.4,16.8,31.5,23.3,28.3,33.9,0.0,0.0,0.0,0.0,0.0,0.0,0.0,0.0,0.0,1197.8,12.00,16,16,16,39,55,661,1,78.8,70.6,69.0,66.3,68.9,68.5,68.1,66.3,64.6,65.1,64.6,64.0,61.0,61.4,60.7,51.8,49.7,1.362,1.025,1.363,15.635,12.059,15.632,71.748,42.512,4.254,5.819,5.778,4.894,4.224,3.151,3.805,3.395,2.963,21.060,12.415,33.475,42.587,1197.8,1197.8,4100.5,4101.1,4100.0,4101.1,48.4,26.1,79.7,74.3,61.7,No,No,No,1.550,0.524,6.4,48,95.0,100.0,No,No,91229,99001,32,99.0,No,No,3320,0.5,0.8,1.2,0.543,7.316,11073,8737,0.0,0.0,0.0,0.000,0.000,50,0,54.1,70.7,83.0,1.081,12.125,12.167,12.152,12.056,1127,88.277,36.025,66.102,23.799,63.589,26.765,36.722,0.336,66.102,21.414,6.274,49.141,220.000,240.000,1950.0,1750.2,1710.0,1935.2,1845.0,38.0,13.0,9.0,3.0,26.9,7.7,21.5,9.3,0.0,0.0,33,Yes,No,No,Yes,Yes,No,No,39.6,41.2,0,0,0,0,0,0,0,0,0,12,0,0,0,0,0,0,0,0,0,0,0,0,0,0,0,0,0,0,0,0,5991,2201,2036,140,8.0,239.8,266.9,216.7,206.2,211.2,203.8,196.2,469.5,119.3,119.2,119.2,119.1,4.17,4.68,3.73,3.52,4.76,4.87,0.30,0.56,4.06,0.11,1.85,0,0,0.0,0.0,183,28,829.4,18.8,0,
5.7.2026,22:29:20.829,17768,28225,38.6,12941,19741,39.5,0.2,13312,23,1.332,1.331,1.331,1.331,1.337,1.331,1.331,1.331,1.331,4108.2,4117.6,4092.6,4092.6,4092.6,4117.6,4117.6,4117.6,4117.6,99.8,1372.7,3682.2,2319.3,2933.3,1144.5,1763.4,1547.4,1321.9,1304.5,507.1,578.9,1210.0,904.2,833.5,831.1,638.7,443.5,1372.7,30.2,46.5,55.9,71.2,27.3,42.4,36.9,31.6,31.0,11.9,13.7,28.7,21.3,19.1,19.6,15.3,10.4,71.2,30.2,34.2,52.8,63.5,80.9,31.0,48.1,41.9,35.8,35.2,13.5,15.4,32.6,24.1,21.6,22.3,17.3,11.7,34.2,41.2,41.2,41.0,41.0,41.0,41.2,41.2,41.2,41.2,0.0,80.3,89.7,94.9,88.8,84.0,68.2,77.5,72.7,66.5,19.7,10.3,5.1,11.2,16.0,31.8,22.5,27.3,33.5,0.0,0.0,0.0,0.0,0.0,0.0,0.0,0.0,0.0,1197.8,12.00,16,16,16,39,55,661,1,75.6,69.8,70.0,65.9,68.6,68.8,68.2,66.2,63.7,64.7,64.0,63.1,61.1,61.4,60.8,53.5,50.6,1.362,1.031,1.363,15.241,12.060,15.246,72.281,41.952,4.140,5.687,5.927,4.963,4.163,2.791,3.680,3.281,2.624,20.510,12.415,32.925,42.053,1197.8,1197.8,4103.7,4103.9,4103.4,4103.9,47.8,25.4,80.3,73.5,61.7,No,No,No,1.650,0.443,6.4,48,95.0,100.0,No,No,91229,99001,32,99.0,No,No,3320,0.1,0.1,0.3,0.154,0.488,11073,8738,0.0,0.0,0.0,0.000,0.000,50,0,54.3,70.8,83.0,1.081,12.126,12.169,12.153,12.058,1130,85.247,34.835,64.464,23.048,62.525,26.624,35.811,0.336,64.464,21.278,6.373,43.427,220.000,240.000,1950.0,1750.2,1710.0,1935.2,1845.0,40.0,13.0,9.0,3.0,26.9,7.4,20.2,9.3,0.0,0.0,33,Yes,No,No,Yes,Yes,No,No,39.0,41.0,0,0,0,0,0,0,0,0,0,12,0,0,0,0,0,0,0,0,0,0,0,0,0,0,0,0,0,0,0,0,5991,2201,2036,139,8.0,239.7,268.0,223.0,208.9,215.4,206.6,205.6,4380.3,118.9,117.9,118.3,117.6,4.17,4.59,3.65,3.13,4.88,5.14,0.30,0.59,4.05,0.12,1.57,0,0,0.0,0.0,185,28,887.7,17.1,0,
5.7.2026,22:29:22.827,17731,28262,38.5,12901,19781,39.4,0.2,13312,23,1.323,1.325,1.319,1.319,1.319,1.325,1.325,1.325,1.325,4092.6,4092.6,4092.6,4092.6,4092.6,4092.6,4092.6,4092.6,4092.6,99.8,1314.1,3651.4,2325.0,2811.5,1058.6,1017.3,2214.5,825.0,1732.2,387.5,654.6,871.3,1119.9,674.5,860.8,400.9,420.2,1314.1,28.7,45.1,55.9,68.2,25.2,24.1,53.3,19.4,41.5,8.9,15.5,20.4,26.6,15.1,20.4,9.3,9.9,68.2,28.7,32.7,51.4,63.6,77.7,28.7,27.4,60.7,22.1,47.3,10.1,17.6,23.3,30.3,17.2,23.2,10.7,11.2,32.7,41.0,41.0,41.0,41.0,41.0,41.0,41.0,41.0,41.0,0.0,78.7,88.9,93.7,87.7,83.0,66.6,75.5,70.6,63.2,21.3,11.1,6.3,12.3,17.0,33.4,24.5,29.4,36.8,0.0,0.0,0.0,0.0,0.0,0.0,0.0,0.0,0.0,1197.8,12.00,16,16,16,39,55,661,1,73.1,69.5,69.8,65.8,68.6,68.4,68.1,66.1,63.6,64.5,63.8,63.0,61.1,61.4,60.7,53.8,50.2,1.350,1.025,1.356,15.051,12.052,15.049,70.796,41.751,4.077,5.742,5.718,4.921,4.146,2.767,3.607,3.189,2.528,20.294,12.404,32.698,41.812,1197.8,1197.8,4107.6,4108.0,4107.2,4108.0,47.5,25.1,78.7,73.2,62.0,No,No,No,1.554,0.504,6.3,48,95.0,100.0,No,No,91229,99001,32,99.0,No,No,3320,0.2,0.4,0.6,0.324,1.790,11073,8742,0.0,0.0,0.0,0.000,0.000,50,0,54.2,70.6,83.0,1.081,12.134,12.178,12.158,12.066,1130,85.326,34.073,56.178,19.253,56.693,25.423,31.209,0.336,56.178,20.009,40.494,34.959,220.000,240.000,1950.0,1750.2,1710.0,1935.5,1845.0,37.0,12.0,9.0,3.0,26.9,7.4,20.3,9.3,0.0,0.0,33,Yes,No,No,Yes,Yes,No,No,34.6,32.2,0,0,0,0,0,0,0,0,0,12,0,0,0,0,0,0,0,0,0,0,0,0,0,0,0,0,0,0,0,0,5989,2203,2038,139,8.0,239.7,264.1,220.5,213.1,215.7,212.8,193.1,619.4,94.6,91.9,92.9,91.3,4.17,4.59,3.75,3.54,4.65,4.69,0.31,0.54,4.06,0.11,2.00,0,0,0.0,0.0,185,28,2.5,3.9,0,
5.7.2026,22:29:24.828,17728,28265,38.5,12900,19782,39.4,0.2,13312,23,1.335,1.331,1.337,1.337,1.337,1.344,1.331,1.331,1.331,4102.0,4092.6,4117.6,4117.6,4117.6,4092.6,4092.6,4092.6,4092.6,99.8,1321.7,3663.2,2409.5,2920.7,1067.4,1033.8,2077.8,830.5,1715.3,406.9,690.6,890.0,1042.4,651.6,844.7,475.2,427.2,1321.7,28.7,43.5,58.2,70.6,25.4,24.3,49.8,19.4,41.0,9.3,16.4,20.8,24.6,14.5,19.9,11.1,9.9,70.6,28.7,32.6,49.5,66.2,80.4,28.9,27.7,56.7,22.1,46.6,10.7,18.6,23.7,28.0,16.5,22.7,12.7,11.3,32.6,41.1,41.0,41.2,41.2,41.2,41.0,41.0,41.0,41.0,0.0,78.2,89.2,94.1,85.6,81.8,66.8,73.8,70.1,63.8,21.8,10.8,5.9,14.4,18.2,33.2,26.2,29.9,36.2,0.0,0.0,0.0,0.0,0.0,0.0,0.0,0.0,0.0,1197.8,12.00,16,16,16,39,55,661,1,71.2,69.7,67.2,65.8,68.9,68.4,67.8,66.0,63.7,64.3,63.8,63.0,61.1,61.5,60.7,53.8,49.9,1.356,1.031,1.363,14.808,12.022,14.808,70.337,41.338,4.060,5.857,5.799,4.751,4.053,2.796,3.515,3.173,2.532,19.966,12.369,32.334,41.445,1197.8,1197.8,4107.0,4107.4,4106.6,4107.4,47.1,24.7,78.2,73.4,61.3,No,No,No,1.529,0.479,6.3,48,95.0,100.0,No,No,91229,99001,32,99.0,No,No,3320,0.5,0.3,0.8,0.632,1.921,11075,8745,0.0,0.0,0.0,0.000,0.000,50,0,54.5,70.8,83.0,1.062,12.131,12.174,12.156,12.064,1130,83.091,32.777,59.890,20.939,59.772,26.433,33.271,0.336,59.890,21.040,5.741,40.460,220.000,240.000,1935.0,1750.2,1695.0,1933.1,1830.0,38.0,12.0,9.0,3.0,26.9,7.0,18.4,9.4,0.0,0.0,33,Yes,No,No,No,No,Yes,No,36.8,37.7,0,0,0,0,0,0,0,0,0,12,0,0,0,0,0,0,0,0,0,0,0,0,0,0,0,0,0,0,0,0,5989,2203,2038,139,8.0,239.8,267.3,219.7,216.3,218.2,215.4,184.8,2618.8,119.3,83.8,94.8,78.8,4.17,4.59,3.74,3.64,4.62,4.63,0.29,0.60,4.06,0.11,2.21,0,0,0.0,0.0,186,28,716.2,14.8,0,
5.7.2026,22:29:26.828,17737,28257,38.5,12905,19776,39.4,0.2,13312,23,1.342,1.337,1.337,1.344,1.344,1.344,1.344,1.344,1.344,4117.6,4117.6,4117.6,4117.6,4117.6,4117.6,4117.6,4117.6,4117.6,99.8,1308.0,3648.2,2217.3,2969.8,1061.0,1488.7,1627.2,1022.9,1578.6,435.5,560.5,1067.8,987.4,727.8,781.3,370.4,383.5,1308.0,28.7,46.4,53.4,72.0,25.4,35.6,38.9,24.3,37.9,10.2,13.3,25.2,23.5,16.5,18.6,8.8,9.2,72.0,28.7,32.5,52.6,60.6,81.9,28.8,40.4,44.2,27.5,43.0,11.4,15.0,28.5,26.6,18.6,20.9,9.8,10.3,32.5,41.2,41.2,41.2,41.2,41.2,41.2,41.2,41.2,41.2,0.0,79.1,88.8,94.6,86.8,83.4,67.1,76.6,71.8,64.0,20.9,11.2,5.4,13.2,16.6,32.9,23.4,28.2,36.0,0.0,0.0,0.0,0.0,0.0,0.0,0.0,0.0,0.0,1197.8,12.00,16,16,16,39,55,661,1,70.2,69.4,68.2,65.7,68.5,68.5,67.6,66.2,63.6,64.5,63.8,62.8,61.1,61.5,60.7,54.0,50.7,1.369,1.025,1.363,14.915,12.032,14.914,71.225,41.529,4.067,5.716,5.835,4.722,4.171,2.746,3.677,3.202,2.467,20.104,12.384,32.488,41.604,1197.8,1197.8,4108.6,4108.9,4108.3,4108.9,47.3,24.9,79.1,73.0,61.6,No,No,No,1.542,0.519,6.3,48,95.0,100.0,No,No,91229,99001,32,99.0,No,No,3320,0.2,0.2,0.4,0.191,1.219,11075,8748,0.0,0.0,0.0,0.000,0.000,50,0,54.9,71.1,83.0,1.081,12.131,12.173,12.157,12.063,1130,83.811,33.560,62.840,22.058,61.342,26.359,34.910,0.336,62.840,20.766,6.392,37.753,220.000,240.000,1950.0,1750.2,1710.0,1929.7,1845.0,38.0,12.0,9.0,3.0,26.9,7.3,20.0,9.2,0.0,0.0,33,Yes,No,No,Yes,Yes,No,No,38.0,40.0,0,0,0,0,0,0,0,0,0,12,0,0,0,0,0,0,0,0,0,0,0,0,0,0,0,0,0,0,0,0,5989,2203,2038,140,8.0,239.7,258.8,217.6,212.2,214.0,212.1,197.3,820.5,104.0,88.5,89.5,87.9,4.17,4.64,3.84,3.72,4.72,4.74,0.31,0.38,4.06,0.11,2.07,0,0,0.0,0.0,187,28,677.5,18.6,0,
5.7.2026,22:29:28.822,17743,28250,38.5,12910,19772,39.5,0.2,13312,23,1.322,1.331,1.331,1.319,1.319,1.319,1.319,1.319,1.319,4111.3,4092.6,4092.6,4117.6,4117.6,4117.6,4117.6,4117.6,4117.6,99.8,1219.6,3592.4,1316.3,2985.8,924.2,1906.7,1205.2,1208.4,1327.5,467.0,445.1,1021.3,901.2,796.3,645.8,416.2,353.9,1219.6,27.5,62.2,31.0,72.4,21.9,45.8,28.5,28.6,31.6,10.8,10.3,24.0,21.2,18.1,15.1,9.6,8.2,72.4,27.5,31.3,70.8,35.3,82.3,25.0,52.1,32.5,32.6,36.0,12.3,11.8,27.3,24.1,20.6,17.2,11.0,9.4,31.3,41.2,41.0,41.0,41.2,41.2,41.2,41.2,41.2,41.2,0.0,77.7,87.5,93.8,86.2,82.2,65.2,74.4,69.2,63.0,22.3,12.5,6.2,13.8,17.8,34.8,25.6,30.8,37.0,0.0,0.0,0.0,0.0,0.0,0.0,0.0,0.0,0.0,1197.8,12.00,16,16,16,39,55,661,1,69.5,69.2,71.0,65.6,68.1,68.2,67.7,66.1,63.5,64.4,63.7,62.9,61.1,61.5,60.8,52.8,50.3,1.344,1.025,1.350,14.444,11.976,14.442,69.916,40.804,3.975,5.472,5.677,4.725,4.098,2.674,3.538,3.131,2.481,19.464,12.327,31.790,40.893,1197.8,1197.8,4107.0,4107.4,4106.6,4107.4,46.5,24.1,77.7,72.8,61.0,No,No,No,1.474,0.464,6.2,48,95.0,100.0,No,No,91229,99001,32,99.0,No,No,3320,0.0,0.1,0.1,0.020,0.121,11075,8748,0.0,0.0,0.0,0.000,0.000,50,0,53.9,69.9,83.0,0.969,12.136,12.180,12.159,12.070,1133,75.738,27.972,48.012,16.650,53.111,26.385,26.673,0.336,48.012,21.996,4.940,33.610,220.000,240.000,1830.0,1750.2,1590.0,1898.3,1725.0,39.0,12.0,10.0,3.0,26.9,7.1,18.8,9.5,0.0,0.0,33,Yes,No,No,No,No,Yes,No,31.8,33.6,0,0,0,0,0,0,0,0,0,12,0,0,0,0,0,0,0,0,0,0,0,0,0,0,0,0,0,0,0,0,5989,2203,2038,140,8.0,239.8,258.3,222.2,219.9,220.7,219.7,180.1,241.9,119.5,119.3,119.4,119.2,4.17,4.57,3.84,3.77,4.60,4.61,0.29,0.57,4.06,0.11,2.31,0,0,0.0,0.0,187,28,2.3,1.6,0,
5.7.2026,22:29:30.828,17745,28249,38.5,12909,19773,39.4,0.2,13312,23,1.334,1.344,1.344,1.325,1.325,1.325,1.325,1.344,1.344,4111.3,4117.6,4117.6,4117.6,4117.6,4117.6,4117.6,4092.6,4092.6,99.8,1226.3,3560.3,1255.3,3039.9,906.7,1968.3,1124.5,1107.8,1358.7,482.4,476.5,1003.8,946.8,788.9,653.1,545.9,401.4,1226.3,27.9,61.0,29.8,73.8,21.8,47.5,26.9,26.5,32.6,11.5,11.4,24.0,22.6,18.3,15.6,13.2,9.7,73.8,27.9,31.5,69.2,33.7,84.0,24.5,53.9,30.4,30.0,36.9,12.8,12.7,27.0,25.5,20.5,17.4,14.8,10.7,31.5,41.2,41.2,41.2,41.2,41.2,41.2,41.2,41.0,41.0,0.0,77.3,86.7,94.1,86.4,81.1,64.3,74.2,68.8,62.5,22.7,13.3,5.9,13.6,18.9,35.7,25.8,31.2,37.5,0.0,0.0,0.0,0.0,0.0,0.0,0.0,0.0,0.0,1197.8,12.00,16,16,16,39,55,661,1,69.4,69.3,69.0,65.6,68.0,68.5,67.7,65.9,63.5,64.4,63.6,63.1,61.1,61.4,60.7,54.2,50.3,1.344,1.031,1.356,14.597,12.035,14.602,69.518,41.099,3.980,5.360,5.853,4.756,4.006,2.684,3.518,3.120,2.546,19.685,12.383,32.068,41.185,1197.8,1197.8,4106.9,4108.6,4105.2,4109.4,46.8,24.3,77.2,72.9,61.6,No,No,No,1.536,0.511,6.2,48,95.0,100.0,No,No,91229,99001,32,99.0,No,No,3320,0.0,0.0,0.1,0.012,0.130,11075,8748,0.0,0.0,0.0,0.000,0.000,50,0,55.3,71.6,83.0,1.081,12.131,12.173,12.156,12.062,1129,81.567,34.660,64.338,22.861,62.411,26.585,35.743,0.336,64.338,21.123,6.059,42.805,220.000,240.000,1950.0,1750.2,1710.0,1883.3,1845.0,40.0,13.0,9.0,3.0,26.9,7.5,20.5,9.4,0.0,0.0,33,Yes,No,No,Yes,Yes,No,No,38.8,38.2,0,0,0,0,0,0,0,0,0,12,0,0,0,0,0,0,0,0,0,0,0,0,0,0,0,0,0,0,0,0,5989,2203,2038,140,8.0,239.8,258.2,218.4,213.7,215.3,213.5,208.6,1297.2,119.5,91.6,106.0,86.6,4.17,4.63,3.83,3.77,4.69,4.72,0.30,0.59,4.06,0.11,1.78,0,0,0.0,0.0,189,28,704.5,16.1,0,
5.7.2026,22:29:32.825,17747,28247,38.5,12912,19770,39.5,0.2,13312,23,1.337,1.331,1.337,1.337,1.337,1.337,1.337,1.337,1.337,4114.5,4092.6,4117.6,4117.6,4117.6,4117.6,4117.6,4117.6,4117.6,99.8,1286.1,3630.7,1419.8,3122.8,940.0,1242.6,1943.4,1084.2,1564.0,475.1,594.5,929.7,1124.7,770.7,805.1,512.4,418.7,1286.1,29.1,62.8,33.6,75.8,22.4,29.7,46.6,25.7,37.4,11.1,14.0,21.8,26.8,17.5,19.1,12.2,9.8,75.8,29.1,33.1,71.3,38.2,86.2,25.5,33.7,52.9,29.2,42.5,12.6,15.9,24.8,30.4,19.9,21.6,13.8,11.1,33.1,41.2,41.0,41.2,41.2,41.2,41.2,41.2,41.2,41.2,0.0,78.7,88.5,94.7,86.7,82.4,66.7,75.5,71.2,63.7,21.3,11.5,5.3,13.3,17.6,33.3,24.5,28.8,36.3,0.0,0.0,0.0,0.0,0.0,0.0,0.0,0.0,0.0,1197.8,12.00,16,16,16,39,55,661,1,69.6,69.7,69.5,65.9,68.6,68.6,68.0,66.3,63.8,64.8,64.0,63.3,61.2,61.6,60.9,54.5,50.5,1.344,1.025,1.344,14.953,12.055,14.951,70.797,41.575,4.078,5.644,5.853,4.745,4.157,2.777,3.657,3.206,2.581,20.137,12.407,32.544,41.658,1197.8,1197.8,4104.4,4104.5,4104.2,4104.5,47.3,24.9,78.7,73.3,61.5,No,No,No,1.552,0.520,6.3,48,95.0,100.0,No,No,91229,99001,32,99.0,No,No,3320,0.1,0.1,0.2,0.082,0.925,11075,8750,0.0,0.0,0.0,0.000,0.000,50,0,55.2,71.6,83.0,1.031,12.131,12.173,12.156,12.064,1131,82.753,32.349,57.947,20.536,58.821,26.565,32.192,0.336,57.947,21.623,7.420,40.105,220.000,240.000,1905.0,1750.2,1665.0,1935.7,1800.0,39.0,12.0,9.0,3.0,26.9,7.1,19.0,9.3,0.0,0.0,33,Yes,No,No,No,No,Yes,No,36.2,38.0,0,0,0,0,0,0,0,0,0,12,0,0,0,0,0,0,0,0,0,0,0,0,0,0,0,0,0,0,0,0,5989,2203,2038,140,8.0,239.7,265.9,218.1,215.2,216.0,215.2,166.0,264.4,119.1,84.6,95.8,80.1,4.17,4.65,3.73,3.34,4.69,4.74,0.29,0.51,4.06,0.11,2.82,0,0,0.0,0.0,190,28,663.6,16.4,0,
5.7.2026,22:29:34.826,17743,28251,38.5,12910,19771,39.5,0.2,13312,23,1.331,1.344,1.325,1.325,1.331,1.331,1.331,1.331,1.331,4095.7,4117.6,4092.6,4092.6,4092.6,4092.6,4092.6,4092.6,4092.6,99.8,1224.0,3556.7,1249.3,3033.0,928.5,1344.3,1761.2,1339.3,1120.5,457.8,503.2,988.6,863.0,813.0,649.4,551.8,424.2,1224.0,27.6,60.1,29.5,73.7,22.1,32.1,42.3,32.0,26.5,10.6,11.8,23.3,20.3,18.6,15.2,13.1,9.9,73.7,27.6,31.4,68.4,33.7,83.8,25.3,36.6,48.2,36.5,30.3,12.2,13.5,26.6,23.2,21.3,17.4,14.9,11.3,31.4,41.0,41.2,41.0,41.0,41.0,41.0,41.0,41.0,41.0,0.0,76.4,86.7,94.3,85.4,80.2,63.5,72.3,67.2,61.5,23.6,13.3,5.7,14.6,19.8,36.5,27.7,32.8,38.5,0.0,0.0,0.0,0.0,0.0,0.0,0.0,0.0,0.0,1197.8,12.00,16,16,16,39,55,661,1,78.0,70.2,69.0,65.9,68.2,68.6,67.8,66.1,63.7,64.6,64.0,64.0,61.1,61.5,60.8,54.0,50.5,1.362,1.038,1.363,14.764,12.051,14.765,68.754,41.309,4.024,5.400,5.871,4.731,4.013,2.722,3.470,3.126,2.861,19.884,12.404,32.289,41.403,1197.8,1197.8,4100.6,4102.3,4098.9,4102.3,47.0,24.6,76.4,73.9,61.6,No,No,No,1.546,0.574,6.1,48,95.0,100.0,No,No,91229,99001,32,99.0,No,No,3320,0.0,0.1,0.1,0.002,0.708,11075,8751,0.0,0.0,0.0,0.000,0.000,50,0,55.9,72.2,83.0,1.081,12.131,12.173,12.157,12.063,1129,80.469,34.873,64.081,22.788,62.291,26.611,35.600,0.336,64.081,21.197,8.302,43.440,220.000,240.000,1950.0,1750.2,1710.0,1901.0,1845.0,39.0,13.0,9.0,4.0,26.9,7.4,20.0,9.5,0.0,0.0,33,Yes,No,No,Yes,Yes,No,No,38.8,40.0,0,0,0,0,0,0,0,0,0,12,0,0,0,0,0,0,0,0,0,0,0,0,0,0,0,0,0,0,0,0,5989,2203,2038,140,8.0,239.8,262.2,219.0,210.9,214.5,209.6,196.4,1839.8,85.7,84.2,84.2,84.2,4.17,4.59,3.82,3.52,4.69,4.75,0.27,0.47,4.06,0.11,1.90,0,0,0.0,0.0,190,28,2.2,1.5,0,
5.7.2026,22:29:36.837,17746,28247,38.5,12910,19771,39.5,0.2,13312,23,1.331,1.337,1.325,1.331,1.331,1.331,1.331,1.331,1.331,4092.6,4092.6,4092.6,4092.6,4092.6,4092.6,4092.6,4092.6,4092.6,99.8,1192.0,3565.3,1266.3,3005.2,920.6,1667.1,1335.1,1453.1,969.4,461.5,434.2,1089.3,811.9,790.6,573.7,387.5,340.8,1192.0,26.8,60.7,29.9,73.0,21.9,40.0,31.8,34.7,22.9,10.7,10.1,25.7,19.1,18.0,13.4,9.0,7.9,73.0,26.8,30.5,69.1,34.1,83.1,25.0,45.5,36.3,39.5,26.1,12.2,11.6,29.3,21.7,20.5,15.3,10.3,9.1,30.5,41.0,41.0,41.0,41.0,41.0,41.0,41.0,41.0,41.0,0.0,76.1,86.8,94.5,84.6,80.1,63.1,72.9,67.5,59.6,23.9,13.2,5.5,15.4,19.9,36.9,27.1,32.5,40.4,0.0,0.0,0.0,0.0,0.0,0.0,0.0,0.0,0.0,1197.8,12.00,16,16,16,39,55,661,1,74.9,69.4,67.5,65.6,68.1,68.9,67.5,66.0,63.4,64.5,63.6,62.9,61.1,61.4,60.7,53.8,50.2,1.344,1.031,1.356,14.464,12.023,14.465,68.531,40.918,3.950,5.433,5.944,4.628,3.981,2.616,3.523,3.065,2.407,19.500,12.372,31.872,40.988,1197.8,1197.8,4107.9,4108.7,4107.1,4108.7,46.6,24.1,76.1,73.0,61.5,No,No,No,1.550,0.581,6.1,48,95.0,100.0,No,No,91229,99001,32,99.0,No,No,3320,0.1,0.1,0.2,0.059,1.013,11075,8753,0.0,0.0,0.0,0.000,0.000,50,0,56.3,72.7,83.0,1.081,12.128,12.170,12.155,12.060,1129,85.723,35.260,65.031,23.270,62.901,26.701,36.127,0.336,65.031,21.341,7.876,43.990,220.000,240.000,1950.0,1750.2,1710.0,1935.4,1845.0,39.0,13.0,9.0,4.0,26.9,7.4,20.1,9.4,0.0,0.0,33,Yes,No,No,Yes,Yes,No,No,39.3,40.7,0,0,0,0,0,0,0,0,0,12,0,0,0,0,0,0,0,0,0,0,0,0,0,0,0,0,0,0,0,0,5989,2203,2038,140,8.0,239.8,263.5,221.5,214.8,218.4,213.0,168.8,242.3,119.4,119.2,119.3,119.1,4.17,4.57,3.77,3.56,4.65,4.78,0.26,0.61,4.06,0.11,2.76,0,0,0.0,0.0,191,28,785.8,16.0,0,
5.7.2026,22:29:38.823,17753,28241,38.5,12930,19752,39.5,0.2,13312,23,1.325,1.325,1.325,1.325,1.325,1.325,1.325,1.325,1.325,4095.7,4117.6,4092.6,4092.6,4092.6,4092.6,4092.6,4092.6,4092.6,99.8,1286.1,3639.0,2013.9,2882.8,1130.0,1993.6,1154.0,1540.6,955.2,508.6,466.7,1239.1,702.4,849.8,637.8,431.2,433.1,1286.1,28.5,49.9,48.5,70.0,27.2,48.2,27.5,37.0,22.7,12.1,11.0,29.6,16.5,19.6,15.1,10.2,10.3,70.0,28.5,32.3,56.7,55.1,79.6,30.8,54.7,31.2,42.1,25.7,13.6,12.3,33.6,18.7,22.2,17.1,11.5,11.6,32.3,41.0,41.2,41.0,41.0,41.0,41.0,41.0,41.0,41.0,0.0,77.9,88.6,95.1,86.4,81.4,64.7,74.5,69.9,62.2,22.1,11.4,4.9,13.6,18.6,35.3,25.5,30.1,37.8,0.0,0.0,0.0,0.0,0.0,0.0,0.0,0.0,0.0,1197.8,12.00,16,16,16,39,55,661,1,72.4,69.6,69.2,65.8,68.6,68.7,68.0,66.1,63.7,64.6,64.0,63.0,61.2,61.5,60.8,54.0,50.4,1.350,1.025,1.356,14.741,12.061,14.738,70.069,41.291,4.027,5.576,5.891,4.818,4.003,2.706,3.580,3.154,2.490,19.866,12.410,32.276,41.392,1197.8,1197.8,4105.4,4106.1,4104.8,4106.4,47.0,24.6,77.9,73.2,61.5,No,No,No,1.614,0.580,6.2,48,95.0,100.0,No,No,91229,99001,32,99.0,No,No,3320,0.2,0.0,0.2,0.243,0.095,11076,8753,0.0,0.0,0.0,0.000,0.000,50,0,56.5,73.1,83.0,1.081,12.129,12.171,12.156,12.061,1130,86.032,35.190,65.865,23.320,63.369,26.716,36.591,0.336,65.865,21.037,6.189,42.614,220.000,240.000,1950.0,1750.2,1710.0,1935.5,1845.0,36.0,12.0,9.0,3.0,26.9,7.4,20.3,9.2,0.0,0.0,33,Yes,No,No,Yes,Yes,No,No,39.5,40.5,0,0,0,0,0,0,0,0,0,12,0,0,0,0,0,0,0,0,0,0,0,0,0,0,0,0,0,0,0,0,5989,2203,2038,140,8.0,239.8,261.1,220.7,205.0,212.6,201.7,192.0,3390.2,80.9,65.0,70.3,62.3,4.17,4.60,3.80,3.49,4.80,5.07,0.29,0.58,4.06,0.11,1.93,0,0,0.0,0.0,193,28,626.6,12.4,0,
5.7.2026,22:29:40.832,17743,28251,38.5,12911,19771,39.5,0.2,13312,23,1.339,1.350,1.337,1.337,1.337,1.337,1.337,1.337,1.337,4098.9,4117.6,4092.6,4092.6,4092.6,4092.6,4092.6,4092.6,4117.6,99.8,1275.8,3555.5,2198.3,2901.4,1101.9,2033.8,1070.5,1440.4,963.6,501.5,456.5,1177.1,684.7,807.4,589.6,589.7,340.7,1275.8,27.7,42.8,53.0,70.5,26.3,49.0,25.2,34.3,22.7,11.6,10.7,27.9,15.9,18.4,13.7,14.0,7.8,70.5,27.7,31.6,48.7,60.4,80.2,30.0,55.8,28.8,39.1,25.9,13.3,12.3,31.7,18.2,21.0,15.7,16.0,9.0,31.6,41.1,41.2,41.0,41.0,41.0,41.0,41.0,41.0,41.2,0.0,77.1,86.6,94.5,86.2,80.6,64.3,73.6,69.0,61.8,22.9,13.4,5.5,13.8,19.4,35.7,26.4,31.0,38.2,0.0,0.0,0.0,0.0,0.0,0.0,0.0,0.0,0.0,1197.8,12.00,16,16,16,39,55,661,1,70.5,69.7,67.2,65.8,68.5,68.9,68.0,66.0,63.7,64.6,63.8,63.2,61.2,61.6,60.9,53.8,50.4,1.344,1.031,1.356,14.582,12.052,14.584,69.357,41.098,4.004,5.555,5.979,4.782,3.956,2.668,3.466,3.104,2.517,19.662,12.400,32.061,41.183,1197.8,1197.8,4106.6,4107.2,4106.0,4107.2,46.8,24.3,77.1,73.3,61.2,No,No,No,1.585,0.587,6.2,48,95.0,100.0,No,No,91229,99001,32,99.0,No,No,3320,0.7,1.4,2.1,0.671,8.154,11077,8769,0.0,0.0,0.0,0.000,0.000,50,0,56.6,73.0,83.0,1.062,12.133,12.175,12.159,12.065,1129,85.968,33.506,61.174,21.696,60.722,26.665,33.987,0.336,61.174,21.459,7.538,40.313,220.000,240.000,1935.0,1750.2,1695.0,1935.3,1830.0,39.0,13.0,9.0,4.0,26.9,7.4,20.2,9.3,0.0,0.0,33,Yes,No,No,No,No,Yes,No,37.6,38.8,0,0,0,0,0,0,0,0,0,12,0,0,0,0,0,0,0,0,0,0,0,0,0,0,0,0,0,0,0,0,5989,2203,2038,140,8.0,239.8,260.0,221.0,219.8,220.3,219.6,179.6,493.9,119.4,119.2,119.2,119.2,4.17,4.59,3.81,3.69,4.63,4.65,0.26,0.56,4.06,0.11,2.37,0,0,0.0,0.0,193,28,2.1,1.4,0,
5.7.2026,22:29:42.833,17746,28248,38.5,12915,19767,39.5,0.2,13312,23,1.330,1.344,1.331,1.331,1.331,1.325,1.325,1.325,1.325,4108.2,4117.6,4092.6,4092.6,4092.6,4117.6,4117.6,4117.6,4117.6,99.8,1267.3,3555.4,2226.7,2932.7,1061.2,1443.8,1598.9,1320.0,1182.2,453.9,485.3,1062.5,768.9,737.3,644.7,447.5,355.0,1267.3,27.9,42.7,53.9,71.4,25.7,34.9,38.5,31.9,28.4,11.1,11.9,25.5,18.5,17.1,15.6,11.0,8.8,71.4,27.9,31.4,48.2,61.1,81.1,28.9,39.3,43.5,35.9,31.9,12.0,13.0,28.6,20.6,19.0,17.3,12.0,9.4,31.4,41.2,41.2,41.0,41.0,41.0,41.2,41.2,41.2,41.2,0.0,76.5,86.6,94.6,84.9,81.0,63.0,72.6,68.2,60.8,23.5,13.4,5.4,15.1,19.0,37.0,27.4,31.8,39.2,0.0,0.0,0.0,0.0,0.0,0.0,0.0,0.0,0.0,1197.8,12.00,16,16,16,39,55,661,1,70.2,69.7,67.8,65.9,68.6,69.1,67.8,66.2,63.6,64.5,63.8,63.1,61.2,61.6,60.9,52.0,50.4,1.344,1.031,1.350,14.596,12.057,14.595,68.819,41.112,3.986,5.586,5.958,4.638,4.044,2.655,3.454,3.074,2.482,19.667,12.408,32.075,41.194,1197.8,1197.8,4106.5,4106.7,4106.2,4106.7,46.8,24.3,76.5,73.4,61.5,No,No,No,1.573,0.591,6.1,48,95.0,100.0,No,No,91229,99001,32,99.0,No,No,3320,0.0,0.1,0.1,0.000,0.628,11077,8770,0.0,0.0,0.0,0.000,0.000,50,0,57.0,73.2,83.0,1.081,12.127,12.169,12.153,12.058,1129,85.788,40.473,65.130,23.134,63.040,26.781,36.182,0.336,65.130,21.230,57.973,45.797,220.000,240.000,1950.0,1750.2,1710.0,1931.5,1845.0,40.0,13.0,9.0,4.0,26.9,7.4,20.3,9.3,0.0,0.0,33,Yes,No,No,Yes,Yes,No,No,38.2,35.6,0,0,0,0,0,0,0,0,0,12,0,0,0,0,0,0,0,0,0,0,0,0,0,0,0,0,0,0,0,0,5989,2203,2038,140,8.0,239.8,257.2,221.9,218.0,219.7,217.3,184.0,6657.4,107.5,82.6,82.8,82.5,4.17,4.54,3.85,3.71,4.61,4.67,0.28,0.67,4.06,0.11,2.20,0,0,0.0,0.0,194,28,521.1,11.5,0,
5.7.2026,22:29:44.822,17735,28259,38.5,12902,19779,39.4,0.2,13312,23,1.336,1.344,1.344,1.325,1.325,1.337,1.337,1.337,1.337,4092.6,4092.6,4092.6,4092.6,4092.6,4092.6,4092.6,4092.6,4092.6,99.8,1316.7,3600.4,2240.4,2783.9,1262.7,1276.4,1876.0,1269.1,1326.5,482.2,557.9,1115.2,846.4,803.7,749.5,422.2,454.5,1316.7,28.9,45.7,54.0,67.6,30.3,30.5,45.1,30.2,31.7,11.2,13.1,26.4,19.9,18.3,17.7,9.9,10.7,67.6,28.9,32.9,51.9,61.4,76.9,34.4,34.6,51.3,34.4,36.0,12.8,14.8,30.0,22.7,20.8,20.1,11.3,12.2,32.9,41.0,41.0,41.0,41.0,41.0,41.0,41.0,41.0,41.0,0.0,78.1,87.8,94.8,86.4,82.5,65.3,74.7,70.3,62.7,21.9,12.2,5.2,13.6,17.5,34.7,25.3,29.7,37.3,0.0,0.0,0.0,0.0,0.0,0.0,0.0,0.0,0.0,1197.8,12.00,16,16,16,39,55,661,1,70.1,69.9,70.8,66.1,68.8,69.0,68.0,66.5,63.9,64.8,64.2,63.4,61.4,61.7,61.0,52.8,50.7,1.350,1.025,1.350,14.963,12.061,14.963,70.248,41.587,4.055,5.661,5.893,4.754,4.132,2.726,3.561,3.183,2.528,20.142,12.413,32.555,41.679,1197.8,1197.8,4102.9,4103.3,4102.5,4103.3,47.4,24.9,78.1,73.6,61.9,No,No,No,1.611,0.574,6.2,48,95.0,100.0,No,No,91229,99001,32,99.0,No,No,3320,0.2,0.1,0.2,0.136,0.183,11077,8770,0.0,0.0,0.0,0.000,0.000,50,0,57.2,74.0,83.0,1.081,12.130,12.172,12.156,12.061,1130,86.081,34.878,64.254,22.653,62.371,26.606,35.697,0.336,64.254,20.974,6.399,45.235,220.000,240.000,1950.0,1750.2,1710.0,1935.2,1845.0,38.0,12.0,9.0,3.0,26.9,7.2,19.7,9.3,0.0,0.0,33,Yes,No,No,Yes,Yes,No,No,38.6,40.3,0,0,0,0,0,0,0,0,0,12,0,0,0,0,0,0,0,0,0,0,0,0,0,0,0,0,0,0,0,0,5988,2204,2038,140,8.0,239.7,266.7,220.4,216.8,218.0,216.6,186.5,574.7,95.3,91.6,92.9,90.8,4.17,4.59,3.70,3.64,4.61,4.62,0.29,0.46,4.06,0.11,2.23,0,0,0.0,0.0,195,28,701.3,13.9,0,
5.7.2026,22:29:46.827,17733,28261,38.5,12898,19784,39.4,0.2,13312,23,1.326,1.331,1.325,1.325,1.325,1.325,1.325,1.325,1.325,4092.6,4092.6,4092.6,4092.6,4092.6,4092.6,4092.6,4092.6,4092.6,99.8,1274.7,3588.9,2224.3,2924.3,1096.5,1320.0,1718.7,1239.4,1253.0,460.1,483.6,1057.8,822.9,752.4,720.7,396.3,336.6,1274.7,27.8,44.9,53.6,71.0,26.3,31.5,41.1,29.5,29.8,10.7,11.4,25.0,19.4,17.0,17.0,9.2,7.8,71.0,27.8,31.6,51.0,61.0,80.8,29.9,35.8,46.8,33.5,33.9,12.1,13.0,28.4,22.0,19.3,19.3,10.5,8.9,31.6,41.0,41.0,41.0,41.0,41.0,41.0,41.0,41.0,41.0,0.0,77.6,87.4,95.3,85.6,81.7,64.8,73.8,70.9,61.6,22.4,12.6,4.7,14.4,18.3,35.2,26.2,29.1,38.4,0.0,0.0,0.0,0.0,0.0,0.0,0.0,0.0,0.0,1197.8,12.00,16,16,16,39,55,661,1,70.1,69.7,67.8,66.0,68.7,69.1,68.1,66.3,63.8,64.7,64.2,63.2,61.4,61.8,61.1,54.0,50.7,1.350,1.031,1.356,14.708,12.052,14.708,69.876,41.279,4.017,5.631,5.972,4.677,4.046,2.686,3.512,3.177,2.432,19.820,12.404,32.224,41.343,1197.8,1197.8,4104.7,4105.5,4104.0,4105.5,47.0,24.5,77.6,73.4,61.5,No,No,No,1.534,0.564,6.2,48,95.0,100.0,No,No,91229,99001,32,99.0,No,No,3320,0.2,0.2,0.4,0.268,1.405,11078,8773,0.0,0.0,0.0,0.000,0.000,50,0,56.8,73.0,83.0,1.031,12.131,12.173,12.157,12.064,1131,82.570,32.448,58.017,20.475,58.923,26.625,32.229,0.336,58.017,21.606,5.719,42.531,220.000,240.000,1905.0,1750.2,1665.0,1930.4,1800.0,39.0,12.0,9.0,4.0,26.9,7.2,19.6,9.3,0.0,0.0,33,Yes,No,No,No,No,Yes,No,36.1,36.5,0,0,0,0,0,0,0,0,0,12,0,0,0,0,0,0,0,0,0,0,0,0,0,0,0,0,0,0,0,0,5988,2204,2038,140,8.0,239.7,262.7,221.9,217.7,219.8,216.7,175.2,244.3,103.6,79.2,79.5,79.0,4.17,4.56,3.77,3.73,4.61,4.70,0.28,0.47,4.06,0.11,2.15,0,0,0.0,0.0,195,28,2.5,3.7,0,
5.7.2026,22:29:48.825,17682,28312,38.4,12870,19812,39.3,0.2,13312,23,1.331,1.331,1.331,1.331,1.331,1.331,1.331,1.331,1.331,4092.6,4092.6,4092.6,4092.6,4092.6,4092.6,4092.6,4092.6,4092.6,99.8,1230.8,3631.4,1333.2,2843.4,1055.9,1832.9,1208.0,1247.2,1268.3,521.0,540.7,1129.2,890.6,854.9,627.0,388.5,321.5,1230.8,27.6,62.5,31.4,68.9,25.0,43.8,28.5,29.4,30.0,11.9,12.5,26.5,20.8,19.3,14.5,8.8,7.3,68.9,27.6,31.6,71.2,35.9,78.4,28.7,50.0,32.6,33.6,34.4,13.8,14.5,30.3,23.9,22.2,16.7,10.3,8.5,31.6,41.0,41.0,41.0,41.0,41.0,41.0,41.0,41.0,41.0,0.0,78.3,88.5,93.7,85.6,82.3,66.6,76.0,71.0,62.8,21.7,11.5,6.3,14.4,17.7,33.4,24.0,29.0,37.2,0.0,0.0,0.0,0.0,0.0,0.0,0.0,0.0,0.0,1197.8,12.00,16,16,16,39,55,661,1,69.8,69.6,70.8,66.1,68.8,68.7,67.9,66.5,64.1,64.9,64.3,63.2,61.5,61.9,61.1,55.0,50.7,1.344,1.038,1.344,14.631,12.034,14.629,70.473,41.134,4.020,5.638,5.712,4.683,4.087,2.763,3.646,3.187,2.447,19.706,12.385,32.090,41.209,1197.8,1197.8,4103.2,4103.7,4102.6,4103.7,46.8,24.4,78.3,73.3,61.1,No,No,No,1.580,0.555,6.3,48,95.0,100.0,No,No,91229,99001,32,99.0,No,No,3320,0.0,0.1,0.1,0.057,0.175,11078,8773,0.0,0.0,0.0,0.000,0.000,50,0,56.9,73.1,83.0,1.044,12.135,12.178,12.159,12.067,1130,73.242,33.651,59.709,21.189,60.007,26.764,33.172,0.336,59.709,21.699,13.463,40.465,220.000,240.000,1920.0,1750.2,1680.0,1855.2,1815.0,40.0,13.0,9.0,4.0,26.9,7.2,19.3,9.6,0.0,0.0,33,Yes,No,No,No,No,Yes,No,37.1,39.3,0,0,0,0,0,0,0,0,0,12,0,0,0,0,0,0,0,0,0,0,0,0,0,0,0,0,0,0,0,0,5988,2204,2038,140,8.0,239.8,260.0,221.5,219.0,219.8,218.9,182.9,820.9,89.9,87.7,87.8,87.6,4.17,4.55,3.79,3.76,4.57,4.60,0.27,0.53,4.06,0.11,2.22,0,0,0.0,0.0,195,28,4.0,2.0,0,
5.7.2026,22:29:50.832,17681,28313,38.4,12871,19811,39.3,0.2,13312,23,1.316,1.331,1.312,1.312,1.312,1.312,1.312,1.312,1.319,4070.8,4092.6,4067.7,4067.7,4067.7,4067.7,4067.7,4067.7,4067.7,99.8,1263.5,3619.6,1176.3,3063.7,877.8,1846.2,1208.8,1248.1,1206.4,632.6,461.0,1047.0,833.9,873.4,561.3,947.6,611.9,1263.5,28.8,66.1,27.8,74.6,20.8,44.4,28.8,29.6,28.8,14.9,10.8,24.7,19.7,20.0,13.2,22.7,14.4,74.6,28.8,32.8,75.0,31.7,84.6,23.8,50.5,32.8,33.7,32.8,17.0,12.3,28.1,22.5,22.8,15.1,25.8,16.5,32.8,40.8,41.0,40.8,40.8,40.8,40.8,40.8,40.8,40.8,0.0,78.2,88.4,94.7,85.0,81.0,65.8,73.3,69.2,68.3,21.8,11.6,5.3,15.0,19.0,34.2,26.7,30.8,31.7,0.0,0.0,0.0,0.0,0.0,0.0,0.0,0.0,0.0,1197.8,12.00,16,16,16,39,55,661,1,76.9,71.3,74.0,66.7,69.1,69.3,68.3,66.7,64.6,65.4,64.4,65.6,61.6,62.0,61.3,54.2,50.6,1.325,1.038,1.337,15.193,12.011,15.186,70.404,41.785,4.176,5.676,5.879,4.734,4.063,2.944,3.523,3.149,3.438,20.464,12.362,32.826,41.939,1197.8,1197.8,4093.1,4093.9,4092.4,4093.9,47.7,25.3,78.2,75.1,61.1,No,No,No,1.571,0.577,6.3,48,95.0,100.0,No,No,91229,99001,32,99.0,No,No,3320,0.0,0.0,0.0,0.000,0.016,11078,8774,0.0,0.0,0.0,0.000,0.000,50,0,57.5,73.8,83.0,1.062,12.133,12.175,12.158,12.064,1131,83.269,34.138,63.156,22.073,61.679,26.518,35.087,0.336,63.156,20.804,6.362,42.209,220.000,240.000,1935.0,1750.2,1695.0,1918.0,1830.0,38.0,12.0,9.0,3.0,26.9,7.3,19.7,9.3,0.0,0.0,33,Yes,No,No,No,No,Yes,No,37.5,39.2,0,0,0,0,0,0,0,0,0,12,0,0,0,0,0,0,0,0,0,0,0,0,0,0,0,0,0,0,0,0,5988,2204,2038,140,8.0,239.7,264.4,216.0,205.8,209.1,205.7,175.4,243.6,119.5,118.0,118.6,117.7,4.17,4.66,3.80,3.58,4.83,4.94,0.30,0.46,4.06,0.11,2.42,0,0,0.0,0.0,195,28,2.6,2.5,0,
5.7.2026,22:29:52.827,17682,28312,38.4,12866,19816,39.3,0.2,13312,23,1.334,1.325,1.331,1.331,1.337,1.337,1.337,1.337,1.337,4092.6,4092.6,4092.6,4092.6,4092.6,4092.6,4092.6,4092.6,4092.6,99.8,1222.5,3614.1,1196.2,3051.0,919.7,1472.8,1601.8,1102.9,1349.8,510.8,453.2,988.6,929.8,845.7,680.7,500.0,343.1,1222.5,28.1,65.7,28.6,74.2,22.2,35.5,38.6,26.3,32.6,12.2,11.0,23.5,22.4,19.7,16.4,12.1,8.4,74.2,28.1,31.7,74.5,32.3,84.3,25.0,40.1,43.7,29.7,36.8,13.5,12.2,26.5,25.2,22.1,18.4,13.5,9.2,31.7,41.0,41.0,41.0,41.0,41.0,41.0,41.0,41.0,41.0,0.0,76.6,88.1,94.0,84.3,80.0,63.5,73.4,68.8,60.3,23.4,11.9,6.0,15.7,20.0,36.5,26.6,31.2,39.7,0.0,0.0,0.0,0.0,0.0,0.0,0.0,0.0,0.0,1197.8,12.00,16,16,16,39,55,661,1,74.0,70.0,72.2,66.2,68.9,69.2,68.3,66.5,64.1,65.0,64.3,63.5,61.6,61.9,61.2,55.0,50.4,1.344,1.025,1.350,14.617,12.006,14.627,68.907,41.118,4.003,5.594,5.865,4.693,3.976,2.685,3.557,3.183,2.475,19.679,12.355,32.034,41.165,1197.8,1197.8,4101.3,4101.9,4100.6,4101.9,46.8,24.4,76.6,73.7,61.2,No,No,No,1.565,0.572,6.1,48,95.0,100.0,No,No,91229,99001,32,99.0,No,No,3320,0.0,0.0,0.0,0.000,0.020,11078,8774,0.0,0.0,0.0,0.000,0.000,50,0,57.4,73.4,83.0,1.044,12.132,12.176,12.157,12.064,1130,82.530,32.770,59.411,20.736,59.338,26.264,33.005,0.336,59.411,20.875,5.892,42.427,220.000,240.000,1920.0,1750.2,1680.0,1920.7,1815.0,38.0,12.0,9.0,3.0,26.9,7.3,19.7,9.7,0.0,0.0,33,Yes,No,No,No,No,Yes,No,36.5,39.7,0,0,0,0,0,0,0,0,0,12,0,0,0,0,0,0,0,0,0,0,0,0,0,0,0,0,0,0,0,0,5987,2205,2040,140,8.0,239.8,257.4,222.8,220.8,221.6,220.6,189.3,1231.6,90.1,87.3,87.7,87.1,4.17,4.55,3.83,3.82,4.57,4.58,0.28,0.59,4.06,0.11,2.10,0,0,0.0,0.0,195,28,2.7,3.3,0,
5.7.2026,22:29:54.826,17685,28308,38.4,12874,19808,39.3,0.2,13312,23,1.336,1.337,1.331,1.331,1.337,1.337,1.337,1.337,1.337,3785.7,4092.6,4092.6,4092.6,4092.6,3274.1,3274.1,4092.6,3274.1,99.8,1252.7,3673.5,1420.5,3055.1,885.7,1313.1,1773.1,1003.8,1475.8,548.6,541.5,915.2,1056.3,794.8,720.7,429.5,435.5,1252.7,28.3,63.6,33.8,74.1,21.0,31.2,42.5,23.7,35.4,12.9,12.9,21.5,25.2,18.1,17.1,10.1,10.3,74.1,28.3,32.2,72.3,38.3,84.3,23.9,35.4,48.3,26.9,40.2,14.6,14.5,24.3,28.6,20.5,19.4,11.4,11.7,32.2,37.9,41.0,41.0,41.0,41.0,32.8,32.8,41.0,32.8,0.0,78.6,89.6,94.3,86.0,82.1,66.3,75.9,70.9,63.6,21.4,10.4,5.7,14.0,17.9,33.7,24.1,29.1,36.4,0.0,0.0,0.0,0.0,0.0,0.0,0.0,0.0,0.0,1197.8,12.00,16,16,16,39,55,661,1,71.8,70.0,70.2,66.2,69.2,69.0,68.2,66.4,64.2,65.1,64.3,63.5,61.6,62.0,61.3,55.0,50.8,1.350,1.038,1.350,14.914,11.994,14.916,70.729,41.490,4.054,5.744,5.774,4.723,4.039,2.798,3.608,3.192,2.550,20.085,12.345,32.431,41.550,1197.8,1197.8,4101.8,4102.2,4101.4,4102.2,47.2,24.9,78.6,73.7,61.7,No,No,No,1.528,0.459,6.3,48,95.0,100.0,No,No,91229,99001,32,99.0,No,No,3320,0.0,0.1,0.1,0.016,0.172,11078,8774,0.0,0.0,0.0,0.000,0.000,50,0,56.5,72.3,83.0,0.963,12.138,12.184,12.160,12.070,1133,78.110,27.232,45.973,15.766,51.754,26.169,25.538,0.336,45.973,21.826,5.035,33.953,220.000,240.000,1815.0,1750.2,1590.0,1916.5,1725.0,38.0,12.0,10.0,3.0,26.9,6.9,17.8,9.6,0.0,0.0,33,Yes,No,No,No,No,Yes,No,30.8,34.6,0,0,0,0,0,0,0,0,0,12,0,0,0,0,0,0,0,0,0,0,0,0,0,0,0,0,0,0,0,0,5987,2205,2040,140,8.0,239.7,257.1,221.1,209.8,215.0,207.8,175.7,242.8,119.3,85.0,95.9,80.3,4.17,4.56,3.82,3.60,4.68,4.80,0.30,0.53,4.06,0.11,2.29,0,0,0.0,0.0,195,28,2.1,2.0,0,
5.7.2026,22:29:56.823,17688,28305,38.4,12880,19801,39.4,0.2,13312,23,1.336,1.325,1.337,1.337,1.337,1.337,1.337,1.337,1.337,4092.6,4092.6,4092.6,4092.6,4092.6,4092.6,4092.6,4092.6,4092.6,99.8,1213.6,3585.5,1271.9,3051.2,925.4,1222.6,1755.0,1045.0,1447.1,458.6,570.4,864.4,1013.5,741.9,727.3,356.0,380.9,1213.6,27.5,62.2,30.3,74.1,22.2,29.2,42.2,24.8,34.7,10.8,13.7,20.3,24.3,16.9,17.4,8.4,9.2,74.1,27.5,31.2,70.6,34.3,84.3,25.1,33.0,47.9,28.1,39.3,12.1,15.3,22.9,27.4,19.1,19.6,9.4,10.2,31.2,41.0,41.0,41.0,41.0,41.0,41.0,41.0,41.0,41.0,0.0,76.5,87.4,94.1,84.3,80.7,64.3,72.8,68.6,60.2,23.5,12.6,5.9,15.7,19.3,35.7,27.2,31.4,39.8,0.0,0.0,0.0,0.0,0.0,0.0,0.0,0.0,0.0,1197.8,12.00,16,16,16,39,55,661,1,70.5,70.0,70.0,66.2,68.8,69.3,68.1,66.6,64.2,64.9,64.3,63.4,61.6,62.0,61.3,55.2,50.8,1.350,1.031,1.356,14.649,11.989,14.646,68.892,41.099,3.994,5.543,5.883,4.617,4.034,2.747,3.527,3.164,2.440,19.734,12.341,32.075,41.182,1197.8,1197.8,4102.8,4103.6,4102.0,4103.6,46.8,24.4,76.5,73.7,61.6,No,No,No,1.499,0.467,6.1,48,95.0,100.0,No,No,91229,99001,32,99.0,No,No,3320,0.0,0.1,0.2,0.016,0.614,11078,8775,0.0,0.0,0.0,0.000,0.000,50,0,56.1,71.9,83.0,0.963,12.131,12.176,12.155,12.063,1133,66.745,26.668,44.661,15.196,51.365,26.516,24.811,0.336,44.661,22.178,4.643,32.310,220.000,240.000,1815.0,1750.2,1590.0,1785.4,1725.0,41.0,13.0,10.0,3.0,27.0,7.1,18.3,10.0,0.0,0.0,33,Yes,No,No,No,No,Yes,No,30.4,35.8,0,0,0,0,0,0,0,0,0,12,0,0,0,0,0,0,0,0,0,0,0,0,0,0,0,0,0,0,0,0,5983,2209,2044,140,8.0,239.7,262.3,217.9,210.5,213.8,209.0,180.0,2058.7,85.7,82.9,83.9,82.4,4.17,4.63,3.76,3.62,4.77,5.01,0.31,0.56,4.06,0.11,2.21,0,0,0.0,0.0,195,28,7.5,7.5,0,
5.7.2026,22:29:58.830,17676,28318,38.4,12871,19810,39.3,0.2,13312,23,1.331,1.331,1.331,1.331,1.331,1.331,1.331,1.331,1.331,4092.6,4092.6,4092.6,4092.6,4092.6,4092.6,4092.6,4092.6,4092.6,99.8,1212.7,3586.1,1779.9,3059.9,878.5,1542.6,1374.5,1023.2,1345.1,453.8,448.2,974.0,801.8,775.8,608.8,441.2,309.1,1212.7,26.9,53.7,42.8,74.4,21.0,36.9,32.9,24.2,32.3,10.6,10.6,22.9,19.0,17.7,14.4,10.4,7.2,74.4,26.9,30.6,61.1,48.6,84.6,23.9,42.0,37.4,27.5,36.7,12.0,12.0,26.1,21.6,20.1,16.3,11.8,8.2,30.6,41.0,41.0,41.0,41.0,41.0,41.0,41.0,41.0,41.0,0.0,75.5,87.4,94.7,83.2,79.7,61.5,71.7,67.3,58.3,24.5,12.6,5.3,16.8,20.3,38.5,28.3,32.7,41.7,0.0,0.0,0.0,0.0,0.0,0.0,0.0,0.0,0.0,1197.8,12.00,16,16,16,39,55,661,1,70.1,70.0,68.8,66.2,69.2,69.1,68.2,66.4,64.0,64.8,64.1,63.3,61.7,62.0,61.3,54.0,50.9,1.362,1.025,1.356,14.367,11.977,14.367,67.924,40.721,3.947,5.756,5.866,4.543,3.902,2.630,3.411,3.057,2.414,19.348,12.328,31.676,40.795,1197.8,1197.8,4101.1,4102.6,4099.7,4102.6,46.4,23.9,75.5,73.7,61.1,No,No,No,1.547,0.588,6.0,48,95.0,100.0,No,No,91229,99001,32,99.0,No,No,3320,0.0,0.0,0.0,0.000,0.018,11078,8775,0.0,0.0,0.0,0.000,0.000,50,0,58.2,74.3,83.0,1.081,12.124,12.166,12.150,12.055,1129,84.747,35.225,65.372,23.030,62.899,26.510,36.317,0.336,65.372,20.757,6.948,44.712,220.000,240.000,1950.0,1750.2,1710.0,1912.9,1845.0,40.0,13.0,9.0,4.0,27.0,7.4,20.1,9.5,0.0,0.0,33,Yes,No,No,Yes,Yes,No,No,39.1,39.6,0,0,0,0,0,0,0,0,0,12,0,0,0,0,0,0,0,0,0,0,0,0,0,0,0,0,0,0,0,0,5983,2209,2044,140,8.0,239.8,258.9,221.7,215.4,217.5,214.7,173.0,242.3,119.3,119.2,119.2,119.1,4.17,4.55,3.82,3.61,4.63,4.72,0.29,0.46,4.06,0.11,2.69,0,0,0.0,0.0,195,28,2.2,1.5,0,
5.7.2026,22:30:0.830,17787,28207,38.6,12887,19794,39.4,0.2,13312,23,1.332,1.331,1.331,1.331,1.331,1.331,1.331,1.331,1.337,4089.5,4067.7,4092.6,4092.6,4092.6,4092.6,4092.6,4092.6,4092.6,99.8,1297.8,3594.1,2271.7,2993.2,1070.5,1655.9,1377.0,1183.4,1346.1,479.4,520.2,1064.6,853.2,797.0,668.3,498.9,390.9,1297.8,28.5,44.8,55.0,72.8,25.7,39.9,33.0,28.3,32.4,11.3,12.4,25.4,20.4,18.4,16.0,11.0,9.2,72.8,28.5,32.3,50.8,62.5,82.7,29.2,45.3,37.5,32.0,36.7,12.7,14.0,28.7,23.1,20.8,18.0,12.3,10.4,32.3,41.0,40.8,41.0,41.0,41.0,41.0,41.0,41.0,41.0,0.0,76.5,87.7,95.2,84.6,80.2,63.5,72.9,67.5,60.2,23.5,12.3,4.8,15.4,19.8,36.5,27.1,32.5,39.8,0.0,0.0,0.0,0.0,0.0,0.0,0.0,0.0,0.0,1197.8,12.00,16,16,16,39,55,661,1,70.1,70.8,71.0,66.5,69.6,69.7,68.7,66.8,64.3,65.3,64.4,63.6,61.8,62.1,61.4,55.5,51.6,1.337,1.025,1.350,14.776,11.983,14.775,68.812,41.261,4.059,5.832,5.982,4.757,4.018,2.705,3.545,3.124,2.510,19.882,12.333,32.215,41.345,1197.8,1197.8,4098.3,4099.8,4096.7,4100.1,47.0,24.6,76.5,74.5,61.1,No,No,No,1.700,0.574,6.1,48,95.0,100.0,No,No,91229,99001,32,99.0,No,No,3320,0.1,1.4,1.5,0.047,5.775,11078,8786,0.0,0.0,0.0,0.000,0.000,50,0,58.1,74.2,83.0,1.075,12.124,12.166,12.150,12.055,1130,82.820,34.607,64.078,22.568,62.038,26.363,35.597,0.336,64.078,20.718,6.456,43.834,220.000,240.000,1935.0,1750.2,1695.0,1919.9,1830.0,34.0,12.0,0.0,4.0,27.6,5.3,19.4,1.9,0.0,0.0,33,Yes,No,No,Yes,Yes,No,No,38.5,39.8,0,0,0,0,0,0,0,0,0,12,0,0,0,0,0,0,0,0,0,0,0,0,0,0,0,0,0,0,0,0,5932,2260,2095,128,8.0,239.8,270.7,215.4,207.1,210.4,206.1,172.6,243.6,119.3,119.0,119.1,119.0,4.17,4.68,3.69,3.62,4.80,4.87,0.29,0.54,4.06,0.11,2.55,0,0,0.0,0.0,195,28,3.1,4.8,0,
5.7.2026,22:30:2.824,18024,27969,39.1,12982,19700,39.7,0.2,13312,23,1.333,1.331,1.325,1.325,1.319,1.344,1.344,1.344,1.331,4095.7,4092.6,4092.6,4092.6,4117.6,4092.6,4092.6,4092.6,4092.6,99.8,1436.1,3685.1,2377.2,2853.4,1405.3,1815.2,1577.7,1574.5,1271.4,632.6,595.5,1420.4,856.2,1031.1,798.9,538.5,544.7,1436.1,31.9,50.5,57.4,69.2,33.6,43.6,37.5,37.5,30.0,14.6,13.8,33.7,20.1,23.7,18.7,13.3,12.7,69.2,31.9,36.5,57.5,65.3,78.7,38.4,49.7,42.9,42.9,34.4,16.9,16.0,38.5,23.1,27.2,21.6,15.5,14.7,36.5,41.0,41.0,41.0,41.0,41.2,41.0,41.0,41.0,41.0,0.0,79.9,89.9,94.6,88.0,83.5,67.9,77.1,71.9,66.1,20.1,10.1,5.4,12.0,16.5,32.1,22.9,28.1,33.9,0.0,0.0,0.0,0.0,0.0,0.0,0.0,0.0,0.0,1197.8,12.00,16,16,16,39,55,661,1,77.0,71.5,74.8,67.2,70.3,70.0,69.5,67.6,64.9,66.0,65.0,64.3,62.1,62.4,61.7,53.8,50.8,1.325,1.031,1.344,15.682,12.114,15.685,71.890,42.654,4.291,6.000,5.997,5.071,4.357,2.907,3.869,3.412,2.714,21.114,12.472,33.586,42.759,1197.8,1197.8,4096.5,4098.1,4094.8,4098.1,48.6,26.1,79.9,75.2,61.3,No,No,No,2.026,0.605,6.4,48,95.0,100.0,No,No,91229,99001,32,99.0,No,No,3320,0.2,0.1,0.3,1.354,1.148,11081,8789,0.0,0.0,0.0,0.000,0.000,50,0,58.4,74.8,83.0,1.075,12.127,12.170,12.153,12.059,1130,73.186,35.523,65.888,23.306,63.233,26.554,36.603,0.336,65.888,20.844,6.481,46.096,220.000,240.000,1935.0,1750.2,1695.0,1786.7,1830.0,40.0,13.0,0.0,3.0,29.0,4.9,19.6,0.0,0.0,0.0,33,Yes,No,No,Yes,Yes,No,No,39.4,41.3,0,0,0,0,0,0,0,0,0,12,0,0,0,0,0,0,0,0,0,0,0,0,0,0,0,0,0,0,0,0,5814,2378,2213,166,8.0,239.8,263.7,219.2,213.2,215.4,212.9,177.0,503.6,119.3,98.5,105.8,95.1,4.17,4.63,3.74,3.69,4.69,4.75,0.28,0.55,4.05,0.13,2.25,0,0,0.0,0.0,195,28,2.4,5.5,0,
5.7.2026,22:30:4.825,17959,28034,39.0,12955,19726,39.6,0.2,13312,23,1.305,1.331,1.306,1.306,1.300,1.300,1.300,1.300,1.300,4020.9,4042.7,4017.8,4017.8,4017.8,4017.8,4017.8,4017.8,4017.8,99.8,1225.3,3536.5,2219.3,2960.9,901.3,1085.0,1788.2,1072.8,1194.7,457.9,400.9,981.1,729.1,711.2,595.0,609.9,360.7,1225.3,27.0,40.9,54.0,72.3,22.0,26.2,43.4,25.9,29.1,11.3,10.1,23.7,17.8,16.8,14.7,15.1,9.0,72.3,27.0,30.1,46.0,60.9,81.8,24.4,29.3,48.9,28.8,32.5,12.2,10.8,26.3,19.6,18.5,16.0,16.5,9.5,30.1,40.3,40.5,40.2,40.2,40.2,40.2,40.2,40.2,40.2,0.0,75.4,86.4,93.8,83.7,79.0,61.4,71.2,66.7,60.7,24.6,13.6,6.2,16.3,21.0,38.6,28.8,33.3,39.3,0.0,0.0,0.0,0.0,0.0,0.0,0.0,0.0,0.0,1197.8,12.00,16,16,16,39,55,661,1,74.2,70.9,78.5,66.5,69.5,69.1,68.6,66.6,64.2,65.2,64.4,64.4,61.8,62.2,61.4,53.2,51.0,1.319,1.025,1.325,14.546,11.953,14.538,67.838,40.851,4.007,5.746,5.791,4.680,3.897,2.594,3.451,3.065,2.827,19.569,12.299,31.869,40.974,1197.8,1197.8,4094.8,4096.5,4093.1,4096.7,46.6,24.2,75.4,74.7,60.9,No,No,No,1.512,0.569,6.0,49,95.0,100.0,No,No,91229,99001,32,99.0,No,No,3320,0.0,0.1,0.1,0.000,0.092,11081,8789,0.0,0.0,0.0,0.000,0.000,50,0,56.9,72.6,83.0,0.912,12.140,12.185,12.161,12.073,1131,84.398,25.685,42.455,14.256,49.910,26.271,23.585,0.336,42.455,21.977,4.814,30.791,220.000,240.000,1725.0,1750.2,1515.0,1927.8,1635.0,36.0,11.0,0.0,3.0,29.2,4.7,18.9,0.0,0.0,0.0,33,Yes,No,No,No,No,Yes,No,29.3,30.9,0,0,0,0,0,0,0,0,0,12,0,0,0,0,0,0,0,0,0,0,0,0,0,0,0,0,0,0,0,0,5803,2389,2224,165,8.0,239.7,261.1,219.9,188.7,204.2,181.8,171.6,242.9,119.3,119.1,119.1,119.0,4.17,4.55,3.80,3.09,4.92,5.55,0.28,0.47,4.06,0.11,2.64,0,0,0.0,0.0,195,28,2.3,1.6,0,
5.7.2026,22:30:6.831,17901,28093,38.9,12908,19774,39.4,0.2,13312,23,1.338,1.337,1.344,1.344,1.344,1.344,1.331,1.331,1.331,4092.6,4092.6,4092.6,4092.6,4092.6,4092.6,4092.6,4092.6,4092.6,99.8,1157.8,3472.3,2161.3,2868.2,1022.9,1039.9,1673.5,1036.2,1120.1,413.1,374.1,889.7,668.6,594.4,546.3,350.1,294.4,1157.8,25.0,38.7,52.1,69.7,24.6,24.8,40.3,24.7,26.9,9.9,9.0,21.1,15.9,13.6,13.0,8.4,7.0,69.7,25.0,28.3,43.9,59.2,79.2,27.9,28.1,45.7,28.0,30.4,11.0,10.0,23.8,18.0,15.2,14.6,9.4,7.8,28.3,41.0,41.0,41.0,41.0,41.0,41.0,41.0,41.0,41.0,0.0,73.0,84.6,94.3,81.7,77.4,58.5,68.2,63.4,55.4,27.0,15.4,5.7,18.3,22.6,41.5,31.8,36.6,44.6,0.0,0.0,0.0,0.0,0.0,0.0,0.0,0.0,0.0,1197.8,12.00,16,16,16,39,55,661,1,72.1,70.0,71.8,66.0,68.8,69.3,68.0,66.4,63.8,64.7,63.9,63.3,61.7,62.1,61.3,53.5,51.0,1.356,1.038,1.363,13.931,11.910,13.936,65.658,40.090,3.827,5.476,5.911,4.451,3.815,2.503,3.261,2.880,2.319,18.765,12.256,31.021,40.130,1197.8,1197.8,4100.9,4103.9,4097.9,4103.9,45.6,23.2,73.0,73.7,61.1,No,No,No,1.440,0.496,5.8,49,95.0,100.0,No,No,91229,99001,32,99.0,No,No,3320,0.0,0.0,0.0,0.024,0.075,11081,8789,0.0,0.0,0.0,0.000,0.000,50,0,56.3,71.8,83.0,0.881,12.141,12.186,12.162,12.074,1129,61.026,27.326,39.386,13.235,48.440,26.514,21.882,0.336,39.386,22.562,34.728,26.787,220.000,240.000,1665.0,1750.2,1455.0,1669.6,1575.0,39.0,12.0,0.0,3.0,29.2,4.8,19.3,0.0,0.0,0.0,33,Yes,No,No,No,No,Yes,No,28.2,30.7,0,0,0,0,0,0,0,0,0,12,0,0,0,0,0,0,0,0,0,0,0,0,0,0,0,0,0,0,0,0,5803,2389,2224,149,8.0,239.8,259.7,225.1,218.8,221.4,217.7,178.3,242.5,119.3,119.2,119.2,119.2,4.17,4.54,3.86,3.72,4.60,4.63,0.30,0.41,4.06,0.11,2.30,0,0,0.0,0.0,195,28,2.1,1.9,0,
5.7.2026,22:30:8.830,17905,28089,38.9,12910,19772,39.5,0.2,13312,23,1.334,1.350,1.331,1.331,1.331,1.331,1.331,1.331,1.331,4095.7,4117.6,4092.6,4092.6,4092.6,4092.6,4092.6,4092.6,4092.6,99.8,1113.4,3454.8,1506.9,2960.8,893.2,1731.4,1040.8,1367.4,804.9,436.4,356.3,959.8,540.1,724.2,427.3,320.4,289.1,1113.4,24.1,49.5,35.8,71.7,20.9,41.2,24.3,32.1,18.6,9.7,7.9,22.3,12.1,16.1,9.5,6.9,6.2,71.7,24.1,27.8,56.6,41.2,81.8,24.3,47.2,28.2,37.0,21.7,11.5,9.5,25.8,14.3,18.8,11.4,8.5,7.7,27.8,41.0,41.2,41.0,41.0,41.0,41.0,41.0,41.0,41.0,0.0,72.6,84.2,93.3,81.9,77.9,58.2,67.3,63.1,54.9,27.4,15.8,6.7,18.1,22.1,41.8,32.7,36.9,45.1,0.0,0.0,0.0,0.0,0.0,0.0,0.0,0.0,0.0,1197.8,12.00,16,16,16,39,55,661,1,70.8,69.9,71.5,65.8,68.4,69.3,67.9,66.3,63.7,64.4,63.8,63.0,61.5,61.9,61.2,53.2,51.1,1.362,1.031,1.356,13.813,11.873,13.814,65.313,39.843,3.810,5.338,5.965,4.489,3.815,2.504,3.201,2.878,2.292,18.620,12.218,30.837,39.935,1197.8,1197.8,4104.4,4106.7,4102.0,4107.5,45.4,23.0,72.6,73.6,60.9,No,No,No,1.404,0.491,5.8,49,95.0,100.0,No,No,91229,99001,32,99.0,No,No,3320,0.0,0.0,0.0,0.000,0.024,11081,8789,0.0,0.0,0.0,0.000,0.000,50,0,55.6,71.0,83.0,0.844,12.141,12.187,12.162,12.075,1126,59.671,22.174,33.877,11.115,45.135,26.274,18.821,0.336,33.877,22.675,3.774,25.852,220.000,240.000,1575.0,1750.2,1395.0,1651.8,1500.0,38.0,11.0,0.0,3.0,29.2,5.2,20.7,0.0,0.0,0.0,33,Yes,No,No,No,No,Yes,No,25.7,28.2,0,0,0,0,0,0,0,0,0,12,0,0,0,0,0,0,0,0,0,0,0,0,0,0,0,0,0,0,0,0,5803,2389,2224,149,8.0,239.8,267.6,216.9,203.8,208.1,202.7,170.8,243.1,118.8,65.2,79.6,59.9,4.17,4.62,3.74,3.33,4.84,5.03,0.34,0.45,4.06,0.11,2.74,0,0,0.0,0.0,195,28,2.6,2.0,0,
5.7.2026,22:30:10.827,17905,28089,38.9,12907,19774,39.4,0.2,13312,23,1.336,1.325,1.337,1.337,1.337,1.337,1.337,1.337,1.337,4086.4,4092.6,4092.6,4092.6,4092.6,4092.6,4067.7,4067.7,4092.6,99.8,1117.8,3496.4,1146.0,2909.0,854.8,2073.8,794.4,1395.4,783.5,460.3,361.0,1106.4,536.0,722.1,407.2,539.6,299.2,1117.8,25.5,58.7,27.5,70.7,20.8,50.3,19.1,33.6,19.0,11.4,8.9,26.8,13.2,17.0,10.0,13.1,7.5,70.7,25.5,28.5,66.4,30.7,80.2,23.2,56.8,21.2,37.8,21.1,12.2,9.5,29.9,14.4,18.7,10.8,14.3,7.9,28.5,40.9,41.0,41.0,41.0,41.0,41.0,40.8,40.8,41.0,0.0,73.5,85.2,91.9,83.3,77.3,59.3,68.7,63.7,58.2,26.5,14.8,8.1,16.7,22.7,40.7,31.3,36.3,41.8,0.0,0.0,0.0,0.0,0.0,0.0,0.0,0.0,0.0,1197.8,12.00,16,16,16,39,55,661,1,70.2,70.0,70.2,66.0,68.8,69.0,68.3,66.2,63.8,64.7,63.8,63.5,61.7,62.0,61.3,53.2,51.0,1.331,1.031,1.344,14.070,11.868,14.069,66.117,40.181,3.858,5.411,5.761,4.663,3.847,2.552,3.324,2.866,2.438,18.960,12.211,31.172,40.272,1197.8,1197.8,4103.4,4105.1,4101.6,4105.1,45.8,23.4,73.5,73.7,61.3,No,No,No,1.436,0.497,5.9,49,95.0,100.0,No,No,91229,99001,32,99.0,No,No,3320,0.0,0.0,0.1,0.008,0.085,11081,8789,0.0,0.0,0.0,0.000,0.000,50,0,55.4,70.4,83.0,0.838,12.143,12.190,12.163,12.076,1132,54.976,20.987,31.956,10.313,43.556,25.769,17.753,0.336,31.956,22.215,3.719,22.297,220.000,240.000,1560.0,1750.2,1380.0,1556.5,1485.0,36.0,10.0,0.0,3.0,29.2,4.9,19.5,0.0,0.0,0.0,33,Yes,No,No,No,No,Yes,No,24.7,27.1,0,0,0,0,0,0,0,0,0,12,0,0,0,0,0,0,0,0,0,0,0,0,0,0,0,0,0,0,0,0,5803,2389,2224,151,8.0,239.8,255.5,221.3,213.9,216.5,213.0,171.5,272.4,101.8,62.4,68.5,59.8,4.17,4.59,3.87,3.73,4.66,4.72,0.35,0.33,4.07,0.11,2.26,0,0,0.0,0.0,195,28,2.0,1.4,0,
5.7.2026,22:30:12.834,17898,28096,38.9,12905,19776,39.4,0.2,13312,23,1.333,1.344,1.325,1.337,1.331,1.331,1.331,1.331,1.331,4092.6,4092.6,4092.6,4092.6,4092.6,4092.6,4092.6,4092.6,4092.6,99.8,1135.0,3455.2,1198.8,2902.9,915.7,2093.9,859.4,1412.5,851.4,447.4,373.0,1143.6,640.6,763.6,444.8,354.6,303.3,1135.0,25.1,54.8,28.1,70.3,21.5,50.3,19.8,33.4,19.8,10.3,8.6,26.9,14.9,17.3,10.2,8.3,6.9,70.3,25.1,28.8,62.4,32.2,80.0,24.7,57.4,22.8,38.2,22.8,11.9,10.0,30.8,17.2,19.9,11.8,9.8,8.1,28.8,41.0,41.0,41.0,41.0,41.0,41.0,41.0,41.0,41.0,0.0,74.5,84.2,92.8,84.4,79.0,60.7,71.6,65.2,58.0,25.5,15.8,7.2,15.6,21.0,39.3,28.4,34.8,42.0,0.0,0.0,0.0,0.0,0.0,0.0,0.0,0.0,0.0,1197.8,12.00,16,16,16,39,55,661,1,69.9,69.7,71.2,66.0,68.4,68.9,68.1,66.4,63.8,64.9,64.0,63.4,61.7,62.1,61.3,53.8,51.4,1.350,1.031,1.356,14.057,11.900,14.053,67.030,40.160,3.849,5.205,5.679,4.695,3.908,2.554,3.428,2.942,2.383,18.929,12.246,31.174,40.264,1197.8,1197.8,4101.9,4103.0,4100.7,4103.0,45.8,23.4,74.5,73.4,61.2,No,No,No,1.345,0.437,6.0,49,95.0,100.0,No,No,91229,99001,32,99.0,No,No,3320,0.0,0.0,0.0,0.000,0.026,11081,8789,0.0,0.0,0.0,0.000,0.000,50,0,55.5,71.0,83.0,0.844,12.139,12.186,12.160,12.071,1131,58.531,23.480,35.754,12.113,46.548,26.642,19.862,0.336,35.754,23.172,8.443,26.177,220.000,240.000,1575.0,1750.2,1395.0,1539.9,1500.0,39.0,12.0,0.0,3.0,29.2,5.7,22.6,0.0,0.0,0.0,33,Yes,No,No,No,No,Yes,No,26.8,29.5,0,0,0,0,0,0,0,0,0,12,0,0,0,0,0,0,0,0,0,0,0,0,0,0,0,0,0,0,0,0,5803,2389,2224,151,8.0,239.7,262.5,225.2,222.1,223.4,221.8,191.2,242.6,119.3,119.0,119.1,119.0,4.17,4.51,3.76,3.73,4.55,4.59,0.34,0.54,4.07,0.11,2.15,0,0,0.0,0.0,195,28,2.4,2.2,0,
5.7.2026,22:30:14.823,17892,28102,38.9,12900,19782,39.4,0.2,13312,23,1.321,1.337,1.319,1.319,1.319,1.319,1.319,1.319,1.319,4114.5,4092.6,4117.6,4117.6,4117.6,4117.6,4117.6,4117.6,4117.6,99.8,1101.7,3413.1,1086.0,3006.7,851.6,1259.2,1591.2,1195.9,980.7,407.2,372.7,909.5,667.4,681.2,536.1,351.1,317.7,1101.7,24.9,56.7,25.7,73.0,20.6,30.1,38.4,28.6,23.5,9.8,9.0,21.6,16.0,15.7,12.9,8.5,7.7,73.0,24.9,28.0,64.4,28.9,82.9,23.2,34.0,43.5,32.3,26.5,10.8,9.9,24.3,17.9,17.6,14.4,9.3,8.4,28.0,41.2,41.0,41.2,41.2,41.2,41.2,41.2,41.2,41.2,0.0,73.6,83.2,93.3,83.4,78.1,59.3,69.3,64.9,57.1,26.4,16.8,6.7,16.6,21.9,40.7,30.7,35.1,42.9,0.0,0.0,0.0,0.0,0.0,0.0,0.0,0.0,0.0,1197.8,12.00,16,16,16,39,55,661,1,69.9,69.7,70.8,65.9,68.3,69.1,67.9,66.3,63.7,64.6,64.0,63.3,61.6,62.0,61.3,53.2,51.2,1.337,1.038,1.350,13.973,11.906,13.975,66.211,40.091,3.816,5.165,5.869,4.553,3.821,2.514,3.285,2.957,2.368,18.817,12.251,31.069,40.167,1197.8,1197.8,4101.5,4104.0,4099.0,4104.0,45.6,23.3,73.6,73.4,61.4,No,No,No,1.362,0.450,5.9,49,95.0,100.0,No,No,91229,99001,32,99.0,No,No,3320,0.0,0.1,0.1,0.040,0.167,11081,8789,0.0,0.0,0.0,0.000,0.000,50,0,54.9,70.2,83.0,0.806,12.149,12.197,12.169,12.082,1133,54.408,20.284,29.659,9.733,42.676,26.158,16.477,0.336,29.659,23.040,3.311,21.792,220.000,240.000,1485.0,1750.2,1305.0,1535.9,1410.0,39.0,11.0,0.0,3.0,29.1,5.1,20.5,0.0,0.0,0.0,33,Yes,No,No,No,No,Yes,No,24.0,27.5,0,0,0,0,0,0,0,0,0,12,0,0,0,0,0,0,0,0,0,0,0,0,0,0,0,0,0,0,0,0,5807,2385,2220,151,8.0,239.7,259.0,220.8,212.4,216.0,211.3,180.3,242.2,119.5,119.3,119.3,119.3,4.17,4.57,3.82,3.50,4.65,4.75,0.33,0.42,4.07,0.11,2.09,0,0,0.0,0.0,195,28,2.8,2.5,0,
5.7.2026,22:30:16.825,17885,28109,38.8,12893,19788,39.4,0.2,13312,23,1.333,1.331,1.337,1.337,1.331,1.331,1.331,1.331,1.331,4092.6,4092.6,4092.6,4092.6,4092.6,4092.6,4092.6,4092.6,4092.6,99.8,1182.0,3559.0,1178.5,2874.6,990.9,1325.4,1768.9,1031.1,1371.6,463.6,511.5,860.4,958.1,696.3,663.5,324.8,334.3,1182.0,26.3,59.4,27.5,69.5,23.4,31.3,42.3,24.1,32.6,10.5,11.8,19.9,22.6,15.5,15.5,7.2,7.5,69.5,26.3,30.1,67.6,31.5,79.1,26.9,35.8,48.2,27.6,37.3,12.3,13.8,22.9,25.9,17.9,17.9,8.5,8.9,30.1,41.0,41.0,41.0,41.0,41.0,41.0,41.0,41.0,41.0,0.0,76.6,86.8,93.6,86.8,81.2,63.6,73.3,68.0,59.3,23.4,13.2,6.4,13.2,18.8,36.4,26.7,32.0,40.7,0.0,0.0,0.0,0.0,0.0,0.0,0.0,0.0,0.0,1197.8,12.00,16,16,16,39,55,661,1,69.9,70.0,70.5,66.3,68.7,69.0,68.7,66.7,64.3,65.1,64.4,63.4,61.9,62.2,61.5,52.8,50.6,1.350,1.025,1.356,14.380,11.926,14.384,68.921,40.669,3.973,5.364,5.746,4.862,4.060,2.721,3.540,3.101,2.391,19.348,12.272,31.621,40.731,1197.8,1197.8,4098.8,4099.9,4097.6,4099.9,46.3,24.0,76.6,73.7,60.7,No,No,No,1.409,0.423,6.1,49,95.0,100.0,No,No,91229,99001,32,99.0,No,No,3320,0.0,0.0,0.1,0.024,0.075,11081,8790,0.0,0.0,0.0,0.000,0.000,50,0,54.8,69.9,83.0,0.812,12.143,12.191,12.164,12.076,1133,51.950,20.919,30.052,9.899,42.852,26.133,16.695,0.336,30.052,23.008,8.121,22.044,220.000,240.000,1500.0,1750.2,1320.0,1463.5,1425.0,39.0,11.0,0.0,3.0,29.1,5.3,21.3,0.0,0.0,0.0,33,Yes,No,No,No,No,Yes,No,24.1,27.4,0,0,0,0,0,0,0,0,0,12,0,0,0,0,0,0,0,0,0,0,0,0,0,0,0,0,0,0,0,0,5807,2385,2220,151,8.0,239.7,260.1,224.4,218.6,221.3,217.5,182.1,242.6,119.3,119.1,119.2,119.1,4.17,4.49,3.84,3.77,4.54,4.58,0.35,0.46,4.06,0.11,2.08,0,0,0.0,0.0,195,28,5.5,2.1,0,
5.7.2026,22:30:18.834,17880,28113,38.8,12895,19787,39.4,0.2,13312,23,1.338,1.337,1.337,1.337,1.337,1.337,1.337,1.337,1.337,4083.3,4092.6,4092.6,4092.6,4092.6,4092.6,4092.6,4042.7,4067.7,99.8,1113.4,3478.4,1149.2,2951.7,895.4,1480.2,1379.8,884.1,1287.1,382.6,465.3,783.6,833.4,586.7,572.8,334.7,349.7,1113.4,25.2,58.5,27.3,71.8,21.6,35.6,33.3,21.0,31.1,9.3,11.4,18.6,20.2,13.4,13.8,8.1,8.3,71.8,25.2,28.3,66.3,30.8,81.5,24.3,40.2,37.6,23.6,35.1,10.1,12.5,20.7,22.6,14.9,15.4,8.8,9.0,28.3,40.9,41.0,41.0,41.0,41.0,41.0,41.0,40.5,40.8,0.0,73.4,84.8,92.8,83.1,77.1,59.7,69.0,63.7,57.0,26.6,15.2,7.2,16.9,22.9,40.3,31.0,36.3,43.0,0.0,0.0,0.0,0.0,0.0,0.0,0.0,0.0,0.0,1197.8,12.00,16,16,16,39,55,661,1,69.9,70.0,69.2,66.2,68.8,69.2,68.4,66.4,64.0,64.8,64.1,63.5,61.8,62.2,61.4,55.5,51.2,1.356,1.025,1.356,14.036,11.884,14.035,66.059,40.127,3.866,5.412,5.836,4.628,3.839,2.590,3.329,2.910,2.380,18.905,12.228,31.133,40.235,1197.8,1197.8,4101.0,4102.3,4099.7,4102.7,45.7,23.4,73.4,73.7,61.0,No,No,No,1.413,0.500,5.9,49,95.0,100.0,No,No,91229,99001,32,99.0,No,No,3320,0.0,0.0,0.0,0.000,0.046,11081,8790,0.0,0.0,0.0,0.000,0.000,50,0,54.8,70.2,83.0,0.838,12.138,12.185,12.159,12.072,1133,53.677,21.596,32.550,10.722,44.259,26.147,18.083,0.336,32.550,22.734,3.717,24.861,220.000,240.000,1560.0,1750.2,1380.0,1502.8,1485.0,39.0,11.0,0.0,3.0,29.1,5.0,19.9,0.0,0.0,0.0,33,Yes,No,No,No,No,Yes,No,25.1,28.7,0,0,0,0,0,0,0,0,0,12,0,0,0,0,0,0,0,0,0,0,0,0,0,0,0,0,0,0,0,0,5807,2385,2220,151,8.0,239.8,261.6,220.4,217.0,217.9,217.0,167.4,242.4,119.4,84.3,95.7,79.9,4.17,4.57,3.77,3.38,4.64,4.69,0.31,0.35,4.07,0.10,2.33,0,0,0.0,0.0,195,28,6.9,3.2,0,
5.7.2026,22:30:20.833,17886,28108,38.8,12905,19776,39.4,0.2,13312,23,1.334,1.325,1.337,1.337,1.337,1.337,1.331,1.331,1.331,4092.6,4092.6,4092.6,4092.6,4092.6,4092.6,4092.6,4092.6,4092.6,99.8,1206.4,3440.0,1875.2,2816.4,1089.3,1507.4,1340.5,1005.9,1214.5,419.1,389.9,965.6,796.4,674.3,603.4,689.0,475.6,1206.4,26.3,43.1,45.3,68.6,25.7,36.3,32.2,24.0,29.3,9.4,8.7,23.2,19.1,15.5,13.8,16.1,11.1,68.6,26.3,30.0,48.8,51.3,77.8,29.7,41.1,36.5,27.1,33.0,11.1,10.4,26.1,21.4,17.4,16.2,18.7,13.1,30.0,41.0,41.0,41.0,41.0,41.0,41.0,41.0,41.0,41.0,0.0,73.9,84.0,93.7,82.0,77.2,58.6,69.9,64.5,61.3,26.1,16.0,6.3,18.0,22.8,41.4,30.1,35.5,38.7,0.0,0.0,0.0,0.0,0.0,0.0,0.0,0.0,0.0,1197.8,12.00,16,16,16,39,55,661,1,79.0,71.7,71.0,66.8,69.1,69.8,68.4,66.8,64.2,66.0,64.5,65.6,61.9,62.2,61.5,53.2,51.0,1.344,1.025,1.356,14.797,11.889,14.801,66.499,41.241,4.046,5.491,5.923,4.599,3.876,2.604,3.636,3.053,3.188,19.939,12.236,32.175,41.281,1197.8,1197.8,4097.0,4097.5,4096.5,4097.5,46.9,24.7,73.9,75.4,61.4,No,No,No,1.423,0.474,5.9,49,95.0,100.0,No,No,91229,99001,32,99.0,No,No,3320,0.0,0.0,0.0,0.008,0.038,11081,8790,0.0,0.0,0.0,0.000,0.000,50,0,54.8,70.1,83.0,0.844,12.139,12.185,12.160,12.072,1129,56.253,21.851,33.613,11.150,45.030,26.318,18.674,0.336,33.613,22.864,3.607,23.307,220.000,240.000,1575.0,1750.2,1395.0,1558.4,1500.0,38.0,12.0,0.0,3.0,29.1,5.1,20.2,0.0,0.0,0.0,33,Yes,No,No,No,No,Yes,No,25.7,29.8,0,0,0,0,0,0,0,0,0,12,0,0,0,0,0,0,0,0,0,0,0,0,0,0,0,0,0,0,0,0,5807,2385,2220,151,8.0,239.8,265.6,219.0,205.5,211.5,202.8,177.0,278.0,119.2,119.2,119.2,119.1,4.17,4.69,3.73,3.53,4.82,4.98,0.29,0.54,4.07,0.10,2.28,0,0,0.0,0.0,195,28,2.2,2.0,0,
5.7.2026,22:30:22.835,17884,28109,38.8,12897,19785,39.4,0.2,13312,23,1.327,1.331,1.319,1.319,1.319,1.319,1.337,1.337,1.337,4092.6,4092.6,4092.6,4092.6,4092.6,4092.6,4092.6,4092.6,4092.6,99.8,1165.5,3441.4,2074.9,2834.1,1040.5,1425.9,1329.7,892.2,1269.6,353.4,422.5,838.1,737.8,612.3,585.2,468.5,322.1,1165.5,25.4,39.0,50.0,68.9,25.5,34.1,31.9,21.1,30.5,8.9,10.8,19.7,17.6,13.9,14.5,11.7,8.2,68.9,25.4,28.6,44.4,56.9,78.4,28.4,38.9,36.3,24.0,34.7,9.3,11.4,22.4,20.0,15.8,15.8,12.6,8.5,28.6,41.0,41.0,41.0,41.0,41.0,41.0,41.0,41.0,41.0,0.0,72.3,83.9,93.6,81.3,76.2,57.0,67.3,63.8,55.1,27.7,16.1,6.4,18.7,23.8,43.0,32.7,36.2,44.9,0.0,0.0,0.0,0.0,0.0,0.0,0.0,0.0,0.0,1197.8,12.00,16,16,16,39,55,661,1,75.9,70.2,71.8,66.2,69.0,69.4,68.3,66.6,64.0,64.9,64.2,63.6,61.9,62.2,61.5,55.0,51.0,1.344,1.025,1.344,14.011,11.910,14.004,65.048,40.101,3.842,5.408,5.869,4.514,3.808,2.508,3.282,2.945,2.398,18.887,12.254,31.140,40.230,1197.8,1197.8,4102.1,4104.1,4100.2,4104.1,45.7,23.3,72.3,73.9,61.3,No,No,No,1.439,0.485,5.8,49,95.0,100.0,No,No,91229,99001,32,99.0,No,No,3320,0.4,0.8,1.2,0.384,6.456,11082,8802,0.0,0.0,0.0,0.000,0.000,50,0,54.9,70.2,83.0,0.850,12.138,12.183,12.159,12.071,1131,56.083,22.423,34.269,11.269,45.244,26.159,19.038,0.336,34.269,22.533,7.382,23.736,220.000,240.000,1590.0,1750.2,1395.0,1570.5,1515.0,37.0,11.0,0.0,3.0,29.1,5.0,20.1,0.0,0.0,0.0,33,Yes,No,No,No,No,Yes,No,25.8,28.6,0,0,0,0,0,0,0,0,0,12,0,0,0,0,0,0,0,0,0,0,0,0,0,0,0,0,0,0,0,0,5807,2385,2220,151,8.0,239.7,259.6,222.5,201.5,211.7,197.0,176.7,243.0,119.1,65.5,79.7,59.9,4.17,4.54,3.81,3.42,4.77,5.13,0.32,0.39,4.07,0.10,2.34,0,0,0.0,0.0,195,28,2.6,2.3,0,
5.7.2026,22:30:24.835,17881,28113,38.8,12892,19790,39.4,0.2,13312,23,1.330,1.331,1.331,1.331,1.331,1.331,1.331,1.325,1.325,4092.6,4092.6,4092.6,4092.6,4092.6,4092.6,4092.6,4092.6,4092.6,99.8,1166.0,3433.5,2004.3,2816.0,1006.8,884.8,1979.0,709.2,1513.8,322.9,421.5,763.5,838.0,571.6,655.7,334.6,400.6,1166.0,25.2,40.1,48.1,68.4,24.0,20.8,47.6,16.5,36.3,7.4,9.9,17.9,19.8,12.7,15.5,7.9,9.6,68.4,25.2,28.6,45.6,54.7,77.7,27.4,23.7,54.1,18.9,41.2,8.4,11.3,20.3,22.5,14.5,17.6,9.0,10.9,28.6,41.0,41.0,41.0,41.0,41.0,41.0,41.0,41.0,41.0,0.0,73.7,83.8,93.2,83.2,78.1,59.0,68.4,66.1,57.5,26.3,16.2,6.8,16.8,21.9,41.0,31.6,33.9,42.5,0.0,0.0,0.0,0.0,0.0,0.0,0.0,0.0,0.0,1197.8,12.00,16,16,16,39,55,661,1,73.0,70.0,71.8,66.2,68.9,69.3,68.2,66.6,63.9,65.0,64.2,63.6,61.9,62.3,61.5,53.8,50.9,1.350,1.038,1.356,14.086,11.917,14.092,66.294,40.273,3.854,5.405,5.827,4.555,3.852,2.502,3.312,2.975,2.401,18.963,12.261,31.225,40.340,1197.8,1197.8,4100.5,4101.3,4099.8,4101.3,45.8,23.5,73.7,73.7,61.3,No,No,No,1.443,0.509,5.9,49,95.0,100.0,No,No,91229,99001,32,99.0,No,No,3320,0.0,0.0,0.1,0.032,0.135,11082,8802,0.0,0.0,0.0,0.000,0.000,50,0,54.6,70.0,83.0,0.825,12.139,12.185,12.160,12.072,1131,56.515,22.007,32.279,10.674,44.468,26.497,17.933,0.336,32.279,23.158,8.705,23.741,220.000,240.000,1530.0,1750.2,1350.0,1586.2,1455.0,40.0,12.0,0.0,3.0,29.1,5.3,21.3,0.0,0.0,0.0,33,Yes,No,No,No,No,Yes,No,25.2,28.4,0,0,0,0,0,0,0,0,0,12,0,0,0,0,0,0,0,0,0,0,0,0,0,0,0,0,0,0,0,0,5807,2385,2220,151,8.0,239.7,264.4,222.9,217.5,219.3,217.3,182.9,248.1,119.4,119.3,119.3,119.3,4.17,4.56,3.75,3.72,4.61,4.64,0.33,0.40,4.07,0.11,2.13,0,0,0.0,0.0,195,28,2.0,1.8,0,
5.7.2026,22:30:26.831,17885,28109,38.8,12893,19789,39.4,0.2,13312,23,1.332,1.337,1.331,1.331,1.331,1.331,1.331,1.331,1.331,4092.6,4092.6,4092.6,4092.6,4092.6,4092.6,4092.6,4092.6,4092.6,99.8,1175.2,3475.9,2068.6,2875.6,989.9,788.7,2128.1,713.1,1508.0,327.6,456.2,801.8,880.7,572.6,715.0,212.9,288.8,1175.2,25.4,40.6,49.7,69.9,23.6,18.5,51.3,16.5,36.3,7.5,10.8,18.8,21.0,12.7,17.0,4.8,6.7,69.9,25.4,28.9,46.2,56.5,79.5,26.9,21.0,58.3,18.9,41.2,8.6,12.3,21.4,23.9,14.5,19.3,5.5,7.7,28.9,41.0,41.0,41.0,41.0,41.0,41.0,41.0,41.0,41.0,0.0,74.0,84.8,93.5,84.0,78.3,59.4,69.3,67.1,55.8,26.0,15.2,6.5,16.0,21.7,40.6,30.7,32.9,44.2,0.0,0.0,0.0,0.0,0.0,0.0,0.0,0.0,0.0,1197.8,12.00,16,16,16,39,55,661,1,71.1,70.2,71.8,66.3,69.1,69.3,68.6,66.6,64.1,64.9,64.3,63.3,61.9,62.3,61.5,53.0,50.9,1.356,1.031,1.356,14.131,11.901,14.125,66.620,40.257,3.871,5.495,5.819,4.639,3.859,2.537,3.332,3.015,2.273,19.019,12.246,31.264,40.363,1197.8,1197.8,4100.2,4101.0,4099.4,4101.0,45.9,23.5,74.0,73.9,61.2,No,No,No,1.445,0.516,5.9,49,95.0,100.0,No,No,91229,99001,32,99.0,No,No,3320,0.0,0.1,0.1,0.032,0.196,11082,8803,0.0,0.0,0.0,0.000,0.000,50,0,54.7,69.9,83.0,0.844,12.142,12.188,12.162,12.074,1129,55.496,21.811,33.215,10.982,44.599,26.116,18.453,0.336,33.215,22.659,3.812,24.728,220.000,240.000,1575.0,1750.2,1395.0,1538.4,1500.0,39.0,11.0,0.0,3.0,29.1,5.4,21.6,0.0,0.0,0.0,33,Yes,No,No,No,No,Yes,No,25.4,29.4,0,0,0,0,0,0,0,0,0,12,0,0,0,0,0,0,0,0,0,0,0,0,0,0,0,0,0,0,0,0,5807,2385,2220,151,8.0,239.8,261.7,220.6,219.6,219.8,219.5,175.7,242.5,119.2,84.7,95.7,80.0,4.17,4.57,3.78,3.55,4.61,4.63,0.30,0.36,4.07,0.10,2.41,0,0,0.0,0.0,195,28,2.5,2.3,0,
5.7.2026,22:30:28.825,17884,28110,38.8,12895,19787,39.4,0.2,13312,23,1.336,1.325,1.337,1.337,1.337,1.337,1.337,1.337,1.337,4092.6,4092.6,4092.6,4092.6,4092.6,4092.6,4092.6,4092.6,4092.6,99.8,1158.3,3414.9,2027.1,2717.0,1112.0,939.3,1979.8,795.5,1449.8,310.7,397.8,764.1,883.5,567.9,612.6,281.6,279.6,1158.3,24.8,38.4,48.8,66.0,26.8,22.4,48.0,18.8,35.0,6.6,8.9,17.4,21.3,12.9,14.0,6.0,6.0,66.0,24.8,28.3,43.5,55.4,74.9,30.3,25.3,54.4,21.2,39.5,8.1,10.7,20.3,23.9,14.4,16.5,7.4,7.4,28.3,41.0,41.0,41.0,41.0,41.0,41.0,41.0,41.0,41.0,0.0,73.5,83.3,92.8,84.3,78.1,58.5,69.4,65.9,55.6,26.5,16.7,7.2,15.7,21.9,41.5,30.6,34.1,44.4,0.0,0.0,0.0,0.0,0.0,0.0,0.0,0.0,0.0,1197.8,12.00,16,16,16,39,55,661,1,70.8,70.1,71.0,66.2,68.7,69.4,68.5,66.7,64.0,64.9,64.2,63.5,61.9,62.3,61.5,55.0,51.6,1.356,1.025,1.356,14.103,11.909,14.102,66.149,40.271,3.847,5.288,5.843,4.662,3.882,2.481,3.368,2.945,2.310,18.984,12.254,31.238,40.343,1197.8,1197.8,4100.3,4101.4,4099.3,4101.4,45.8,23.5,73.5,73.8,61.5,No,No,No,1.431,0.521,5.9,49,95.0,100.0,No,No,91229,99001,32,99.0,No,No,3320,0.0,0.0,0.0,0.000,0.018,11082,8803,0.0,0.0,0.0,0.000,0.000,50,0,54.4,69.5,83.0,0.825,12.142,12.189,12.163,12.075,1129,55.230,20.802,30.965,10.299,43.618,26.385,17.203,0.336,30.965,23.250,3.440,21.562,220.000,240.000,1530.0,1750.2,1350.0,1554.8,1455.0,41.0,12.0,0.0,3.0,29.1,5.4,21.5,0.0,0.0,0.0,33,Yes,No,No,No,No,Yes,No,24.6,27.9,0,0,0,0,0,0,0,0,0,12,0,0,0,0,0,0,0,0,0,0,0,0,0,0,0,0,0,0,0,0,5807,2385,2220,151,8.0,239.8,257.7,224.9,217.7,221.3,216.0,177.2,243.8,119.2,118.8,118.8,118.7,4.17,4.49,3.85,3.72,4.54,4.62,0.32,0.43,4.06,0.11,2.46,0,0,0.0,0.0,195,28,4.8,5.2,0,
5.7.2026,22:30:30.822,17883,28111,38.8,12895,19787,39.4,0.2,13312,23,1.327,1.337,1.325,1.325,1.325,1.325,1.325,1.325,1.325,4092.6,4092.6,4092.6,4092.6,4092.6,4092.6,4092.6,4092.6,4092.6,99.8,1138.0,3480.3,1573.1,2972.1,888.9,1560.3,1179.9,1152.5,1133.2,389.6,336.4,959.4,700.4,674.9,494.5,392.9,319.1,1138.0,25.0,49.7,37.3,72.1,20.9,37.0,27.9,27.1,26.9,9.4,8.2,22.9,16.3,15.0,12.0,9.5,7.8,72.1,25.0,28.4,56.6,42.6,82.1,24.1,42.3,32.0,31.1,30.9,10.3,8.9,25.7,18.9,17.4,13.2,10.3,8.4,28.4,41.0,41.0,41.0,41.0,41.0,41.0,41.0,41.0,41.0,0.0,73.6,84.9,93.6,81.4,78.4,58.9,69.1,65.3,57.1,26.4,15.1,6.4,18.6,21.6,41.1,30.9,34.7,42.9,0.0,0.0,0.0,0.0,0.0,0.0,0.0,0.0,0.0,1197.8,12.00,16,16,16,39,55,661,1,70.4,70.0,69.0,66.2,68.9,69.3,68.0,66.7,63.9,65.0,64.1,63.5,61.8,62.2,61.5,55.5,51.4,1.350,1.038,1.356,13.990,11.912,13.993,66.244,40.104,3.846,5.483,5.798,4.422,3.909,2.485,3.353,2.938,2.376,18.836,12.256,31.092,40.199,1197.8,1197.8,4101.1,4101.7,4100.4,4101.7,45.7,23.3,73.6,73.7,61.1,No,No,No,1.419,0.510,5.9,49,95.0,100.0,No,No,91229,99001,32,99.0,No,No,3320,0.0,0.0,0.0,0.000,0.016,11082,8803,0.0,0.0,0.0,0.000,0.000,50,0,54.3,69.6,83.0,0.812,12.142,12.190,12.163,12.075,1132,55.635,21.205,29.958,9.813,42.680,25.997,16.644,0.336,29.958,22.827,10.474,23.365,220.000,240.000,1500.0,1750.2,1320.0,1556.5,1425.0,38.0,11.0,0.0,3.0,29.1,5.1,20.4,0.0,0.0,0.0,33,Yes,No,No,No,No,Yes,No,24.0,27.9,0,0,0,0,0,0,0,0,0,12,0,0,0,0,0,0,0,0,0,0,0,0,0,0,0,0,0,0,0,0,5807,2385,2220,151,8.0,239.8,256.3,227.1,220.0,223.6,218.3,175.4,242.0,119.2,119.1,119.1,119.1,4.17,4.48,3.85,3.77,4.56,4.62,0.31,0.53,4.06,0.11,2.44,0,0,0.0,0.0,195,28,2.7,2.2,0,
5.7.2026,22:30:32.839,17886,28108,38.8,12898,19784,39.4,0.2,13312,23,1.349,1.344,1.350,1.350,1.350,1.350,1.350,1.350,1.350,4117.6,4117.6,4117.6,4117.6,4117.6,4117.6,4117.6,4117.6,4117.6,99.8,1090.1,3468.8,1065.2,3024.9,799.3,1892.6,833.2,1455.3,724.3,410.8,319.8,1035.2,571.5,709.3,455.0,291.4,384.8,1090.1,24.8,60.1,25.5,73.6,19.2,45.8,19.9,35.1,17.3,9.9,7.8,24.9,13.7,16.5,10.9,7.3,9.5,73.6,24.8,28.0,68.3,28.7,83.7,21.6,51.9,22.4,39.7,19.4,10.9,8.6,28.0,15.2,18.5,12.1,7.9,10.5,28.0,41.2,41.2,41.2,41.2,41.2,41.2,41.2,41.2,41.2,0.0,72.2,84.5,93.2,80.8,76.8,57.5,66.8,63.0,54.9,27.8,15.5,6.8,19.2,23.2,42.5,33.2,37.0,45.1,0.0,0.0,0.0,0.0,0.0,0.0,0.0,0.0,0.0,1197.8,12.00,16,16,16,39,55,661,1,70.2,70.2,71.5,66.3,68.9,69.5,68.2,66.7,64.0,64.9,64.2,63.6,61.9,62.3,61.5,55.2,51.2,1.344,1.019,1.350,13.895,11.903,13.895,64.966,40.060,3.840,5.418,5.909,4.469,3.844,2.508,3.275,2.920,2.373,18.757,12.249,31.006,40.107,1197.8,1197.8,4106.0,4107.6,4104.4,4107.9,45.6,23.2,72.2,73.9,60.8,No,No,No,1.413,0.498,5.8,49,95.0,100.0,No,No,91229,99001,32,99.0,No,No,3320,0.0,0.0,0.0,0.000,0.116,11082,8803,0.0,0.0,0.0,0.000,0.000,50,0,54.5,69.8,83.0,0.831,12.142,12.188,12.162,12.075,1132,54.348,21.679,32.831,10.932,44.733,26.456,18.240,0.336,32.831,23.120,3.644,23.669,220.000,240.000,1545.0,1750.2,1365.0,1495.6,1470.0,38.0,12.0,0.0,3.0,29.1,5.1,20.5,0.0,0.0,0.0,33,Yes,No,No,No,No,Yes,No,25.4,28.3,0,0,0,0,0,0,0,0,0,12,0,0,0,0,0,0,0,0,0,0,0,0,0,0,0,0,0,0,0,0,5807,2385,2220,151,8.0,239.7,257.2,224.1,220.9,222.6,220.0,184.7,243.2,119.4,119.2,119.3,119.2,4.17,4.53,3.82,3.72,4.57,4.62,0.32,0.61,4.07,0.10,2.33,0,0,0.0,0.0,195,28,2.1,1.9,0,
5.7.2026,22:30:34.831,17887,28107,38.8,12895,19787,39.4,0.2,13312,23,1.344,1.344,1.344,1.344,1.344,1.344,1.344,1.344,1.344,4092.6,4092.6,4092.6,4092.6,4092.6,4092.6,4092.6,4092.6,4092.6,99.8,1068.9,3455.4,1060.7,3141.3,706.4,1460.1,1152.7,1277.8,872.3,369.4,271.1,846.9,704.6,656.4,463.3,342.5,322.1,1068.9,24.0,58.7,25.1,76.4,16.8,35.1,27.4,30.6,20.7,8.8,6.4,20.1,16.7,15.1,10.9,8.2,7.5,76.4,24.0,27.3,66.8,28.5,87.0,19.1,39.8,31.2,34.8,23.5,9.8,7.2,22.7,18.9,17.1,12.3,9.2,8.5,27.3,41.0,41.0,41.0,41.0,41.0,41.0,41.0,41.0,41.0,0.0,71.5,84.2,93.9,79.2,76.5,55.3,66.9,61.6,53.9,28.5,15.8,6.1,20.8,23.5,44.7,33.1,38.4,46.1,0.0,0.0,0.0,0.0,0.0,0.0,0.0,0.0,0.0,1197.8,12.00,16,16,16,39,55,661,1,70.2,70.1,70.8,66.1,68.7,69.5,67.8,66.5,63.7,64.9,64.0,63.4,61.8,62.2,61.4,53.8,51.6,1.344,1.031,1.356,13.905,11.914,13.903,64.305,40.000,3.796,5.411,5.915,4.342,3.804,2.405,3.297,2.876,2.316,18.772,12.260,31.031,40.124,1197.8,1197.8,4107.2,4109.2,4105.2,4109.2,45.6,23.2,71.5,73.8,61.6,No,No,No,1.383,0.489,5.7,49,95.0,100.0,No,No,91229,99001,32,99.0,No,No,3320,0.0,0.0,0.0,0.000,0.064,11082,8803,0.0,0.0,0.0,0.000,0.000,50,0,54.2,69.3,83.0,0.825,12.141,12.186,12.162,12.074,1130,55.464,20.628,30.373,9.920,43.077,26.165,16.874,0.336,30.373,22.925,3.465,22.773,220.000,240.000,1530.0,1750.2,1350.0,1541.5,1455.0,39.0,11.0,0.0,3.0,29.1,5.1,20.3,0.0,0.0,0.0,33,Yes,No,No,No,No,Yes,No,24.2,27.5,0,0,0,0,0,0,0,0,0,12,0,0,0,0,0,0,0,0,0,0,0,0,0,0,0,0,0,0,0,0,5807,2385,2220,151,8.0,239.7,260.5,226.0,221.1,223.8,219.8,181.9,241.8,119.4,119.0,119.2,118.9,4.17,4.48,3.77,3.73,4.52,4.58,0.33,0.34,4.07,0.10,2.14,0,0,0.0,0.0,195,28,2.0,1.4,0,
5.7.2026,22:30:36.823,17887,28107,38.8,12896,19786,39.4,0.2,13312,23,1.331,1.331,1.331,1.331,1.331,1.331,1.331,1.331,1.331,4092.6,4092.6,4092.6,4092.6,4092.6,4092.6,4092.6,4092.6,4092.6,99.8,1132.6,3475.9,1088.1,2993.6,833.8,1426.1,1368.9,1278.3,1030.1,359.2,416.9,802.9,745.9,678.5,514.3,451.0,658.1,1132.6,25.4,59.6,25.9,72.9,19.4,34.4,32.3,30.2,24.7,7.9,9.4,19.1,17.2,15.7,11.6,10.2,15.6,72.9,25.4,29.0,67.9,29.1,82.7,22.5,38.9,37.1,34.7,27.8,9.5,11.2,21.4,20.0,17.6,13.7,12.1,18.1,29.0,41.0,41.0,41.0,41.0,41.0,41.0,41.0,41.0,41.0,0.0,73.8,85.0,93.2,82.0,77.7,59.4,67.9,64.9,60.2,26.2,15.0,6.8,18.0,22.3,40.6,32.1,35.1,39.8,0.0,0.0,0.0,0.0,0.0,0.0,0.0,0.0,0.0,1197.8,12.00,16,16,16,39,55,661,1,79.0,71.5,69.2,66.7,68.9,69.6,68.2,67.1,64.2,65.3,64.4,65.6,62.0,62.3,61.6,55.2,51.3,1.344,1.025,1.356,14.451,11.901,14.453,66.401,40.728,3.961,5.333,5.807,4.506,3.990,2.598,3.285,2.972,3.196,19.444,12.250,31.694,40.798,1197.8,1197.8,4092.3,4093.2,4091.3,4093.2,46.4,24.1,73.8,75.2,61.2,No,No,No,1.404,0.481,5.9,49,95.0,100.0,No,No,91229,99001,32,99.0,No,No,3320,0.0,0.0,0.0,0.000,0.050,11082,8803,0.0,0.0,0.0,0.000,0.000,50,0,53.9,69.3,83.0,0.800,12.144,12.191,12.164,12.076,1129,52.823,20.756,28.550,9.265,42.208,26.315,15.861,0.336,28.550,23.231,14.140,19.105,220.000,240.000,1470.0,1750.2,1290.0,1500.5,1395.0,38.0,11.0,0.0,3.0,29.1,5.1,20.2,0.0,0.0,0.0,33,Yes,No,No,No,No,Yes,No,23.5,27.7,0,0,0,0,0,0,0,0,0,12,0,0,0,0,0,0,0,0,0,0,0,0,0,0,0,0,0,0,0,0,5807,2385,2220,151,8.0,239.8,260.1,220.2,209.0,213.8,207.3,170.1,257.5,119.4,119.3,119.3,119.3,4.17,4.56,3.80,3.60,4.69,4.80,0.36,0.46,4.07,0.10,2.40,0,0,0.0,0.0,195,28,2.9,2.6,0,
5.7.2026,22:30:38.827,17884,28109,38.8,12896,19786,39.4,0.2,13312,23,1.322,1.331,1.331,1.319,1.319,1.319,1.319,1.319,1.319,4070.8,4092.6,4067.7,4067.7,4067.7,4067.7,4067.7,4067.7,4067.7,99.8,1121.9,3458.1,1042.5,2946.5,961.3,1390.5,1376.3,1203.8,1062.1,407.3,393.3,847.3,783.4,638.6,541.7,497.9,399.2,1121.9,25.3,59.7,24.2,71.6,23.0,33.0,33.2,28.9,25.0,9.8,9.6,19.7,18.8,14.2,13.0,12.0,9.7,71.6,25.3,28.7,67.7,27.9,81.6,25.9,37.9,37.5,32.6,28.8,10.8,10.5,22.8,21.0,16.6,14.5,13.4,10.7,28.7,40.8,41.0,40.8,40.8,40.8,40.8,40.8,40.8,40.8,0.0,72.9,84.3,93.0,81.1,76.6,58.6,68.1,63.6,57.5,27.1,15.7,7.0,18.9,23.4,41.4,31.9,36.4,42.5,0.0,0.0,0.0,0.0,0.0,0.0,0.0,0.0,0.0,1197.8,12.00,16,16,16,39,55,661,1,75.9,70.1,74.2,66.2,68.7,69.4,68.1,66.7,64.0,64.9,64.2,63.8,61.8,62.2,61.5,55.5,51.7,1.350,1.031,1.350,14.031,11.898,14.025,65.541,40.159,3.835,5.284,5.790,4.509,3.916,2.515,3.298,2.913,2.456,18.909,12.241,31.151,40.244,1197.8,1197.8,4100.4,4102.9,4097.9,4104.5,45.7,23.4,72.8,73.8,61.4,No,No,No,1.457,0.493,5.8,49,95.0,100.0,No,No,91229,99001,32,99.0,No,No,3320,0.0,0.1,0.1,0.000,0.197,11082,8804,0.0,0.0,0.0,0.000,0.000,50,0,53.7,68.8,83.0,0.787,12.145,12.192,12.164,12.078,1133,49.754,19.035,26.326,8.583,40.884,26.233,14.625,0.336,26.326,23.456,2.964,20.616,220.000,240.000,1425.0,1750.2,1260.0,1450.9,1365.0,41.0,11.0,0.0,3.0,29.1,5.1,20.4,0.0,0.0,0.0,33,Yes,No,No,No,No,Yes,No,22.6,25.6,0,0,0,0,0,0,0,0,0,12,0,0,0,0,0,0,0,0,0,0,0,0,0,0,0,0,0,0,0,0,5807,2385,2220,151,8.0,239.8,271.5,217.3,213.5,214.6,213.0,162.6,243.5,98.2,62.3,68.4,59.8,4.17,4.65,3.63,3.34,4.71,4.76,0.33,0.50,4.07,0.10,2.52,0,0,0.0,0.0,195,28,2.5,2.6,0,
5.7.2026,22:30:40.832,17881,28112,38.8,12895,19787,39.4,0.2,13312,23,1.320,1.325,1.319,1.319,1.319,1.319,1.319,1.319,1.319,4092.6,4092.6,4092.6,4092.6,4092.6,4092.6,4092.6,4092.6,4092.6,99.8,1092.7,3496.0,1124.4,3026.2,864.0,1897.8,940.9,1428.4,799.8,381.0,295.0,1066.9,568.6,687.0,434.8,237.9,233.8,1092.7,24.5,59.3,26.6,73.5,20.4,45.8,22.1,34.2,18.8,8.9,6.8,25.2,13.3,15.6,10.1,5.5,5.4,73.5,24.5,27.8,67.4,30.2,83.5,23.3,52.0,25.2,38.9,21.4,10.1,7.8,28.7,15.1,17.7,11.5,6.3,6.2,27.8,41.0,41.0,41.0,41.0,41.0,41.0,41.0,41.0,41.0,0.0,73.4,85.3,93.3,82.5,78.2,59.3,69.2,63.4,56.0,26.6,14.7,6.7,17.5,21.8,40.7,30.8,36.6,44.0,0.0,0.0,0.0,0.0,0.0,0.0,0.0,0.0,0.0,1197.8,12.00,16,16,16,39,55,661,1,73.1,70.1,68.8,66.1,68.9,69.4,68.2,66.5,63.8,64.8,64.0,63.3,61.8,62.2,61.4,53.0,50.6,1.356,1.025,1.363,13.984,11.883,13.988,66.046,40.091,3.832,5.481,5.837,4.545,3.871,2.459,3.336,2.878,2.246,18.826,12.229,31.055,40.166,1197.8,1197.8,4101.1,4102.9,4099.3,4102.9,45.6,23.3,73.4,73.8,61.2,No,No,No,1.421,0.534,5.9,49,95.0,100.0,No,No,91229,99001,32,99.0,No,No,3320,0.0,0.0,0.0,0.000,0.004,11082,8804,0.0,0.0,0.0,0.000,0.000,50,0,53.9,69.1,83.0,0.819,12.145,12.193,12.165,12.078,1130,53.522,20.347,30.201,9.815,42.943,26.137,16.779,0.336,30.201,22.865,3.439,20.758,220.000,240.000,1515.0,1750.2,1335.0,1445.8,1440.0,38.0,11.0,0.0,3.0,29.1,5.2,20.8,0.0,0.0,0.0,33,Yes,No,No,No,No,Yes,No,24.1,27.6,0,0,0,0,0,0,0,0,0,12,0,0,0,0,0,0,0,0,0,0,0,0,0,0,0,0,0,0,0,0,5807,2385,2220,151,8.0,239.7,267.1,222.2,210.4,216.4,207.7,164.0,242.5,119.3,119.2,119.2,119.2,4.17,4.55,3.69,3.60,4.67,4.86,0.34,0.50,4.07,0.10,2.13,0,0,0.0,0.0,195,28,2.7,1.4,0,
5.7.2026,22:30:42.822,17899,28095,38.9,12905,19777,39.4,0.2,13312,23,1.335,1.331,1.331,1.331,1.337,1.337,1.337,1.337,1.337,4092.6,4092.6,4092.6,4092.6,4092.6,4092.6,4092.6,4092.6,4092.6,99.8,1221.2,3542.2,1975.5,2842.7,1091.3,1850.9,1079.1,1447.8,900.7,476.5,397.6,1124.9,582.8,701.9,527.6,553.0,445.2,1221.2,26.8,45.2,47.5,69.1,26.1,44.7,25.8,34.8,21.5,11.4,9.5,26.9,13.8,16.1,12.4,13.3,10.6,69.1,26.8,30.3,51.2,53.9,78.5,29.6,50.7,29.1,39.5,24.3,12.7,10.6,30.4,15.5,18.1,13.9,14.9,11.9,30.3,41.0,41.0,41.0,41.0,41.0,41.0,41.0,41.0,41.0,0.0,75.1,86.4,94.1,83.8,79.7,61.5,70.5,64.6,60.6,24.9,13.6,5.9,16.2,20.3,38.5,29.5,35.4,39.4,0.0,0.0,0.0,0.0,0.0,0.0,0.0,0.0,0.0,1197.8,12.00,16,16,16,39,55,661,1,71.5,70.6,70.2,66.5,69.5,69.6,68.6,67.0,64.1,65.1,64.2,63.9,61.9,62.3,61.5,53.0,50.9,1.344,1.038,1.350,14.421,11.954,14.420,67.635,40.736,3.956,5.709,5.818,4.653,4.020,2.586,3.407,2.935,2.523,19.417,12.301,31.718,40.824,1197.8,1197.8,4099.3,4100.6,4098.0,4100.6,46.4,24.0,75.1,74.3,61.2,No,No,No,1.489,0.463,6.0,49,95.0,100.0,No,No,91229,99001,32,99.0,No,No,3320,0.4,0.9,1.3,0.194,6.230,11082,8816,0.0,0.0,0.0,0.000,0.000,50,0,53.8,69.1,83.0,0.806,12.143,12.190,12.163,12.076,1130,52.207,20.057,29.379,9.496,42.484,26.132,16.321,0.336,29.379,22.906,3.259,20.885,220.000,240.000,1485.0,1750.2,1305.0,1492.1,1410.0,38.0,11.0,0.0,3.0,29.1,5.0,19.8,0.0,0.0,0.0,33,Yes,No,No,No,No,Yes,No,23.8,26.2,0,0,0,0,0,0,0,0,0,12,0,0,0,0,0,0,0,0,0,0,0,0,0,0,0,0,0,0,0,0,5807,2385,2220,151,8.0,239.8,263.0,222.7,214.9,217.9,214.2,177.5,242.3,119.3,119.0,119.1,119.0,4.17,4.55,3.76,3.51,4.67,4.76,0.29,0.50,4.07,0.10,2.37,0,0,0.0,0.0,195,28,2.2,2.1,0,
5.7.2026,22:30:44.830,17897,28097,38.9,12903,19778,39.4,0.2,13312,23,1.341,1.331,1.331,1.331,1.331,1.350,1.350,1.350,1.350,4114.5,4092.6,4117.6,4117.6,4117.6,4117.6,4117.6,4117.6,4117.6,99.8,1206.3,3527.1,2189.3,2865.3,1072.0,1501.6,1390.8,1334.0,1053.2,398.5,376.4,1074.0,643.7,695.2,580.0,272.0,327.8,1206.3,26.2,40.3,52.7,69.7,25.7,36.1,33.3,32.0,25.1,9.5,9.0,25.6,15.3,16.1,14.0,6.5,8.0,69.7,26.2,29.5,45.6,59.8,79.1,29.0,40.8,37.6,36.1,28.4,10.5,10.0,28.8,17.1,18.0,15.6,7.2,8.8,29.5,41.2,41.0,41.2,41.2,41.2,41.2,41.2,41.2,41.2,0.0,75.3,86.1,93.6,83.6,80.2,61.6,71.3,67.0,58.9,24.7,13.9,6.4,16.4,19.8,38.4,28.7,33.0,41.1,0.0,0.0,0.0,0.0,0.0,0.0,0.0,0.0,0.0,1197.8,12.00,16,16,16,39,55,661,1,70.8,70.4,70.5,66.5,69.2,69.6,68.5,67.1,64.1,65.2,64.4,63.7,62.0,62.3,61.6,54.2,51.3,1.356,1.031,1.356,14.453,11.922,14.456,67.762,40.753,3.946,5.618,5.867,4.618,4.055,2.561,3.445,3.022,2.381,19.450,12.272,31.722,40.836,1197.8,1197.8,4099.4,4100.2,4098.6,4100.4,46.4,24.1,75.3,74.1,61.4,No,No,No,1.445,0.499,6.0,49,95.0,100.0,No,No,91229,99001,32,99.0,No,No,3320,0.0,0.0,0.0,0.000,0.097,11082,8816,0.0,0.0,0.0,0.000,0.000,50,0,53.7,68.9,83.0,0.819,12.146,12.192,12.166,12.079,1132,53.035,20.091,29.750,9.693,42.678,26.114,16.528,0.336,29.750,22.925,3.448,19.694,220.000,240.000,1515.0,1750.2,1335.0,1485.5,1440.0,37.0,11.0,0.0,3.0,29.1,5.0,20.0,0.0,0.0,0.0,33,Yes,No,No,No,No,Yes,No,23.9,26.9,0,0,0,0,0,0,0,0,0,12,0,0,0,0,0,0,0,0,0,0,0,0,0,0,0,0,0,0,0,0,5806,2386,2221,151,8.0,239.7,260.6,221.4,214.4,216.9,213.9,171.1,244.3,119.3,118.9,119.0,118.8,4.17,4.58,3.77,3.68,4.65,4.72,0.34,0.40,4.07,0.11,2.48,0,0,0.0,0.0,195,28,2.2,2.3,0,
5.7.2026,22:30:46.823,17907,28086,38.9,12910,19772,39.5,0.2,13312,23,1.331,1.344,1.325,1.325,1.331,1.331,1.331,1.331,1.331,4070.8,4092.6,4067.7,4067.7,4067.7,4067.7,4067.7,4067.7,4067.7,99.8,1185.5,3487.7,2186.7,2931.9,1016.7,912.5,1933.6,838.5,1455.1,304.5,364.1,826.7,806.1,534.9,600.4,407.6,360.3,1185.5,25.5,38.5,52.6,71.3,24.2,21.7,46.5,19.8,34.9,7.1,8.6,19.5,19.1,12.0,14.1,9.7,8.5,71.3,25.5,28.9,43.7,59.7,81.0,27.5,24.5,52.8,22.4,39.6,8.0,9.7,22.0,21.6,13.5,16.0,11.0,9.6,28.9,40.8,41.0,40.8,40.8,40.8,40.8,40.8,40.8,40.8,0.0,74.0,85.1,93.8,82.8,78.9,59.4,69.5,64.6,57.7,26.0,14.9,6.2,17.2,21.1,40.6,30.5,35.4,42.3,0.0,0.0,0.0,0.0,0.0,0.0,0.0,0.0,0.0,1197.8,12.00,16,16,16,39,55,661,1,70.6,70.4,74.8,66.3,69.3,69.4,68.5,66.8,63.9,64.8,64.1,63.6,61.9,62.3,61.5,53.0,50.8,1.344,1.025,1.344,14.111,11.882,14.101,66.587,40.195,3.872,5.573,5.865,4.564,3.923,2.445,3.316,2.896,2.394,18.994,12.226,31.221,40.310,1197.8,1197.8,4099.6,4101.1,4098.0,4101.1,45.8,23.5,74.0,74.1,61.1,No,No,No,1.423,0.471,5.9,49,95.0,100.0,No,No,91229,99001,32,99.0,No,No,3320,0.0,0.0,0.0,0.000,0.028,11082,8816,0.0,0.0,0.0,0.000,0.000,50,0,53.8,68.9,83.0,0.825,12.139,12.187,12.160,12.072,1129,51.652,22.556,29.939,9.640,42.608,25.954,16.633,0.336,29.939,22.619,25.627,22.268,220.000,240.000,1530.0,1750.2,1350.0,1483.8,1455.0,38.0,11.0,0.0,3.0,29.2,5.0,19.9,0.0,0.0,0.0,33,Yes,No,No,No,No,Yes,No,23.9,26.4,0,0,0,0,0,0,0,0,0,12,0,0,0,0,0,0,0,0,0,0,0,0,0,0,0,0,0,0,0,0,5803,2389,2224,151,8.0,239.8,265.6,220.1,195.8,208.6,189.7,166.0,243.3,118.9,84.6,95.8,80.2,4.17,4.58,3.73,3.25,4.86,5.40,0.33,0.48,4.07,0.10,2.30,0,0,0.0,0.0,195,28,2.4,1.9,0,
5.7.2026,22:30:48.830,17916,28078,38.9,12915,19766,39.5,0.2,13312,23,1.312,1.337,1.312,1.312,1.306,1.306,1.306,1.306,1.306,4070.8,4092.6,4067.7,4067.7,4067.7,4067.7,4067.7,4067.7,4067.7,99.8,1162.1,3498.3,2151.9,2903.5,944.4,830.8,2020.3,694.3,1598.8,311.4,364.2,756.3,881.9,519.7,636.7,216.2,264.1,1162.1,24.7,37.8,51.5,70.4,22.2,19.3,48.5,16.1,38.2,6.9,8.4,17.5,20.8,11.3,14.9,4.7,6.0,70.4,24.7,28.2,43.2,58.7,80.1,25.4,22.2,55.3,18.5,43.6,8.1,9.7,20.0,23.8,13.0,17.1,5.6,7.0,28.2,40.8,41.0,40.8,40.8,40.8,40.8,40.8,40.8,40.8,0.0,74.1,85.3,92.8,83.7,79.1,59.7,70.6,65.3,56.1,25.9,14.7,7.2,16.3,20.9,40.3,29.4,34.7,43.9,0.0,0.0,0.0,0.0,0.0,0.0,0.0,0.0,0.0,1197.8,12.00,16,16,16,39,55,661,1,70.4,70.1,73.5,66.2,69.0,69.3,68.4,66.7,63.9,65.0,64.1,63.4,61.9,62.3,61.5,55.2,51.9,1.344,1.031,1.344,13.988,11.856,13.997,66.675,40.113,3.854,5.530,5.724,4.614,3.952,2.460,3.377,2.917,2.262,18.831,12.202,31.033,40.145,1197.8,1197.8,4100.9,4101.9,4100.0,4101.9,45.6,23.3,74.1,73.8,60.9,No,No,No,1.378,0.443,5.9,49,95.0,100.0,No,No,91229,99001,32,99.0,No,No,3320,0.0,0.1,0.1,0.000,0.047,11082,8816,0.0,0.0,0.0,0.000,0.000,50,0,53.5,68.9,83.0,0.794,12.146,12.194,12.166,12.078,1129,52.835,19.997,28.544,9.121,41.948,26.064,15.858,0.336,28.544,22.824,5.352,21.375,220.000,240.000,1455.0,1750.2,1275.0,1524.8,1380.0,38.0,11.0,0.0,2.0,29.2,5.0,20.1,0.0,0.0,0.0,33,Yes,No,No,No,No,Yes,No,23.4,26.8,0,0,0,0,0,0,0,0,0,12,0,0,0,0,0,0,0,0,0,0,0,0,0,0,0,0,0,0,0,0,5798,2394,2229,151,8.0,239.8,269.1,217.0,202.1,209.5,198.5,181.9,242.3,119.2,84.8,95.6,79.9,4.17,4.62,3.68,3.22,4.80,5.10,0.31,0.48,4.07,0.10,1.91,0,0,0.0,0.0,195,28,2.4,2.2,0,
5.7.2026,22:30:50.825,17922,28072,38.9,12919,19762,39.5,0.2,13312,23,1.338,1.331,1.350,1.337,1.337,1.337,1.337,1.337,1.337,4092.6,4092.6,4092.6,4092.6,4092.6,4092.6,4092.6,4092.6,4092.6,99.8,1152.2,3456.2,2130.5,2759.7,995.4,1309.2,1452.9,918.0,1289.6,368.5,345.9,863.8,731.9,586.1,518.6,422.6,285.8,1152.2,24.6,37.7,51.1,66.9,23.6,31.2,34.7,21.6,30.7,8.5,8.1,20.2,17.2,13.1,12.1,9.9,6.6,66.9,24.6,28.0,43.0,58.1,76.1,26.9,35.6,39.5,24.7,34.9,9.7,9.2,23.0,19.6,15.0,13.9,11.3,7.6,28.0,41.0,41.0,41.0,41.0,41.0,41.0,41.0,41.0,41.0,0.0,73.0,84.2,92.2,81.6,77.9,58.6,69.3,64.0,56.3,27.0,15.8,7.8,18.4,22.1,41.4,30.7,36.0,43.7,0.0,0.0,0.0,0.0,0.0,0.0,0.0,0.0,0.0,1197.8,12.00,16,16,16,39,55,661,1,70.2,70.0,70.5,66.1,68.7,69.1,68.2,66.5,63.9,64.8,64.0,63.4,61.8,62.2,61.4,53.8,51.4,1.337,1.038,1.344,13.781,11.856,13.783,65.679,39.761,3.808,5.411,5.663,4.524,3.841,2.474,3.320,2.868,2.359,18.579,12.201,30.780,39.868,1197.8,1197.8,4102.4,4104.0,4100.9,4106.0,45.3,23.0,73.0,73.7,60.8,No,No,No,1.329,0.376,5.8,49,95.0,100.0,No,No,91229,99001,32,99.0,No,No,3320,0.0,0.0,0.0,0.000,0.056,11082,8816,0.0,0.0,0.0,0.000,0.000,50,0,53.4,68.6,83.0,0.800,12.142,12.189,12.162,12.074,1129,51.255,20.182,28.952,9.532,42.592,26.467,16.084,0.336,28.952,23.458,3.212,22.240,220.000,240.000,1470.0,1750.2,1290.0,1436.2,1395.0,35.0,10.0,0.0,2.0,29.2,5.5,21.9,0.0,0.0,0.0,33,Yes,No,No,No,No,Yes,No,23.8,27.1,0,0,0,0,0,0,0,0,0,12,0,0,0,0,0,0,0,0,0,0,0,0,0,0,0,0,0,0,0,0,5797,2395,2230,151,8.0,239.8,260.5,221.8,212.2,217.0,210.0,183.2,242.0,107.0,62.7,68.5,59.9,4.17,4.52,3.79,3.72,4.61,4.75,0.34,0.47,4.07,0.10,2.01,0,0,0.0,0.0,195,28,3.0,2.9,0,
5.7.2026,22:30:52.828,17923,28070,38.9,12921,19760,39.5,0.2,13312,23,1.327,1.331,1.331,1.325,1.325,1.325,1.325,1.325,1.325,4098.9,4092.6,4092.6,4092.6,4092.6,4092.6,4092.6,4117.6,4117.6,99.8,1171.6,3467.4,1946.9,2880.4,985.5,1406.6,1414.2,919.9,1330.2,350.2,315.9,910.2,668.8,600.1,518.0,470.7,560.3,1171.6,25.8,41.4,47.1,70.2,23.9,34.1,34.2,22.2,32.2,8.6,7.9,21.9,16.1,14.0,12.6,11.7,13.9,70.2,25.8,28.8,46.7,53.1,79.6,26.7,38.3,38.4,24.7,36.2,9.2,8.4,24.4,17.8,15.4,13.8,12.7,15.2,28.8,41.1,41.0,41.0,41.0,41.0,41.0,41.0,41.2,41.2,0.0,73.9,84.7,93.8,82.8,79.0,58.3,68.9,63.9,59.8,26.1,15.3,6.2,17.2,21.0,41.7,31.1,36.1,40.2,0.0,0.0,0.0,0.0,0.0,0.0,0.0,0.0,0.0,1197.8,12.00,16,16,16,39,55,661,1,78.0,70.9,67.8,66.4,68.9,69.4,68.4,66.8,63.9,65.0,64.2,64.8,61.9,62.3,61.5,53.8,51.1,1.356,1.031,1.350,14.159,11.865,14.163,66.502,40.310,3.898,5.370,5.778,4.581,3.931,2.457,3.282,2.907,2.879,19.052,12.209,31.261,40.356,1197.8,1197.8,4094.8,4096.5,4093.1,4097.3,45.9,23.6,73.9,74.7,60.9,No,No,No,1.334,0.386,5.9,49,95.0,100.0,No,No,91229,99001,32,99.0,No,No,3320,0.0,0.0,0.0,0.000,0.018,11082,8816,0.0,0.0,0.0,0.000,0.000,50,0,53.8,69.0,83.0,0.831,12.142,12.188,12.162,12.074,1128,55.077,21.994,33.008,11.018,44.965,26.587,18.338,0.336,33.008,23.258,3.431,25.991,220.000,240.000,1545.0,1750.2,1365.0,1491.6,1470.0,39.0,12.0,0.0,3.0,29.3,5.4,21.7,0.0,0.0,0.0,33,Yes,No,No,No,No,Yes,No,24.9,28.2,0,0,0,0,0,0,0,0,0,12,0,0,0,0,0,0,0,0,0,0,0,0,0,0,0,0,0,0,0,0,5795,2397,2232,151,8.0,239.8,262.9,221.2,209.6,215.4,207.1,186.0,243.9,119.2,119.0,119.1,119.0,4.17,4.55,3.73,3.36,4.65,4.83,0.32,0.45,4.07,0.10,2.19,0,0,0.0,0.0,195,28,2.6,1.5,0,
5.7.2026,22:30:54.822,17927,28066,38.9,12922,19760,39.5,0.2,13312,23,1.330,1.331,1.331,1.331,1.325,1.331,1.331,1.331,1.331,4092.6,4092.6,4092.6,4092.6,4092.6,4092.6,4092.6,4092.6,4092.6,99.8,1126.5,3461.8,1300.6,2837.7,972.8,1578.9,1348.0,1033.8,1207.1,357.3,324.7,860.9,738.2,655.9,570.2,497.7,278.0,1126.5,24.8,53.1,30.6,68.8,22.8,37.7,32.0,24.3,28.5,8.0,7.3,20.0,17.3,14.7,13.1,11.6,6.2,68.8,24.8,28.4,60.5,35.0,78.3,26.2,43.1,36.6,27.9,32.7,9.4,8.7,23.0,19.9,17.0,15.2,13.5,7.4,28.4,41.0,41.0,41.0,41.0,41.0,41.0,41.0,41.0,41.0,0.0,73.9,84.4,92.5,84.5,78.9,58.7,69.9,64.6,57.6,26.1,15.6,7.5,15.5,21.1,41.3,30.1,35.4,42.4,0.0,0.0,0.0,0.0,0.0,0.0,0.0,0.0,0.0,1197.8,12.00,16,16,16,39,55,661,1,75.0,69.8,71.2,66.1,68.3,69.0,68.3,66.6,63.8,64.8,64.1,63.5,61.8,62.2,61.4,52.5,51.0,1.350,1.019,1.356,14.037,11.895,14.026,66.485,40.098,3.816,5.143,5.737,4.652,3.933,2.431,3.307,2.934,2.394,18.909,12.242,31.151,40.228,1197.8,1197.8,4102.1,4102.8,4101.3,4103.6,45.7,23.4,73.9,73.5,61.7,No,No,No,1.373,0.410,5.9,49,95.0,100.0,No,No,91229,99001,32,99.0,No,No,3320,0.0,0.0,0.0,0.000,0.048,11082,8816,0.0,0.0,0.0,0.000,0.000,50,0,53.7,69.1,83.0,0.819,12.140,12.186,12.161,12.073,1132,53.704,21.985,31.354,10.444,44.085,26.621,17.419,0.336,31.354,23.462,12.455,22.321,220.000,240.000,1515.0,1750.2,1335.0,1516.6,1440.0,41.0,12.0,0.0,3.0,29.3,5.5,22.0,0.0,0.0,0.0,33,Yes,No,No,No,No,Yes,No,25.2,29.1,0,0,0,0,0,0,0,0,0,12,0,0,0,0,0,0,0,0,0,0,0,0,0,0,0,0,0,0,0,0,5795,2397,2232,151,8.0,239.7,258.2,222.1,220.9,221.1,220.8,175.7,242.2,119.3,84.6,95.7,79.9,4.17,4.53,3.86,3.62,4.56,4.60,0.34,0.43,4.07,0.10,2.42,0,0,0.0,0.0,195,28,2.0,1.8,0,
5.7.2026,22:30:56.825,17936,28058,38.9,12924,19757,39.5,0.2,13312,23,1.340,1.325,1.331,1.350,1.350,1.350,1.350,1.331,1.331,4098.9,4092.6,4142.5,4092.6,4092.6,4092.6,4092.6,4092.6,4092.6,99.8,1075.6,3423.7,1146.7,2850.6,920.4,908.3,1952.7,782.2,1425.6,305.4,341.5,736.0,880.4,555.6,537.4,212.8,230.5,1075.6,24.0,53.7,27.2,69.2,21.9,21.7,47.2,18.5,34.3,7.2,8.2,17.3,21.0,12.6,12.9,5.0,5.5,69.2,24.0,27.2,61.0,30.9,78.7,24.9,24.6,53.6,21.0,38.9,8.0,9.2,19.6,23.7,14.2,14.5,5.6,6.1,27.2,41.1,41.0,41.5,41.0,41.0,41.0,41.0,41.0,41.0,0.0,71.9,83.4,92.3,83.1,77.5,56.7,68.6,62.0,51.7,28.1,16.6,7.7,16.9,22.5,43.3,31.4,38.0,48.3,0.0,0.0,0.0,0.0,0.0,0.0,0.0,0.0,0.0,1197.8,12.00,16,16,16,39,55,661,1,72.5,69.9,70.2,66.0,68.4,69.2,68.2,66.6,63.6,64.8,64.0,63.0,61.7,62.1,61.3,54.5,51.1,1.350,1.031,1.350,13.674,11.874,13.679,64.734,39.693,3.761,5.118,5.784,4.596,3.852,2.396,3.340,2.844,2.157,18.427,12.216,30.643,39.740,1197.8,1197.8,4104.0,4106.6,4101.3,4106.6,45.2,22.8,71.9,73.6,61.0,No,No,No,1.363,0.441,5.8,49,95.0,100.0,No,No,91229,99001,32,99.0,No,No,3320,0.0,0.0,0.0,0.000,0.083,11082,8816,0.0,0.0,0.0,0.000,0.000,50,0,53.8,69.1,83.0,0.844,12.140,12.187,12.160,12.072,1129,56.334,21.555,32.517,10.675,44.349,26.245,18.065,0.336,32.517,22.798,3.676,24.368,220.000,240.000,1575.0,1750.2,1395.0,1539.6,1500.0,39.0,12.0,0.0,3.0,29.3,5.5,22.0,0.0,0.0,0.0,33,Yes,No,No,No,No,Yes,No,25.2,27.6,0,0,0,0,0,0,0,0,0,12,0,0,0,0,0,0,0,0,0,0,0,0,0,0,0,0,0,0,0,0,5789,2403,2238,151,8.0,239.8,265.2,221.3,220.0,220.4,219.9,178.0,242.6,119.2,118.7,118.8,118.6,4.17,4.57,3.75,3.66,4.61,4.63,0.32,0.46,4.07,0.10,2.61,0,0,0.0,0.0,195,28,2.8,2.9,0,
5.7.2026,22:30:58.824,17940,28053,39.0,12925,19757,39.5,0.2,13312,23,1.343,1.337,1.344,1.344,1.344,1.344,1.344,1.344,1.344,4092.6,4092.6,4092.6,4092.6,4092.6,4092.6,4092.6,4092.6,4092.6,99.8,1112.4,3469.9,1103.2,2925.1,951.1,933.9,1999.5,806.6,1469.3,327.9,332.5,776.9,850.4,576.8,565.0,431.5,277.9,1112.4,25.1,57.6,26.2,71.2,22.8,22.3,48.4,19.2,35.3,7.8,8.0,18.4,20.4,13.2,13.5,10.4,6.7,71.2,25.1,28.3,65.3,29.6,80.8,25.7,25.2,54.8,21.6,40.0,8.6,8.8,20.7,22.9,14.7,15.1,11.6,7.3,28.3,41.0,41.0,41.0,41.0,41.0,41.0,41.0,41.0,41.0,0.0,73.9,84.7,93.3,83.8,78.9,59.1,69.9,64.2,57.5,26.1,15.3,6.7,16.2,21.1,40.9,30.1,35.8,42.5,0.0,0.0,0.0,0.0,0.0,0.0,0.0,0.0,0.0,1197.8,12.00,16,16,16,39,55,661,1,71.1,70.1,69.8,66.1,68.7,69.3,68.4,66.7,63.7,64.9,64.0,63.5,61.8,62.2,61.4,53.0,50.7,1.350,1.025,1.350,13.971,11.899,13.968,66.509,40.010,3.844,5.317,5.815,4.634,3.948,2.424,3.356,2.872,2.383,18.808,12.244,31.052,40.151,1197.8,1197.8,4100.3,4102.3,4098.4,4102.3,45.6,23.3,73.9,73.7,61.0,No,No,No,1.440,0.499,5.9,49,95.0,100.0,No,No,91229,99001,32,99.0,No,No,3320,0.0,0.0,0.0,0.000,0.044,11082,8816,0.0,0.0,0.0,0.000,0.000,50,0,53.4,68.5,83.0,0.812,12.142,12.190,12.162,12.075,1128,54.197,22.507,29.683,9.642,42.556,26.034,16.489,0.336,29.683,22.816,24.916,22.919,220.000,240.000,1500.0,1750.2,1320.0,1570.4,1425.0,38.0,11.0,0.0,3.0,29.3,5.2,21.0,0.0,0.0,0.0,33,Yes,No,No,No,No,Yes,No,23.9,26.1,0,0,0,0,0,0,0,0,0,12,0,0,0,0,0,0,0,0,0,0,0,0,0,0,0,0,0,0,0,0,5789,2403,2238,151,8.0,239.7,259.9,223.1,213.0,217.5,211.2,176.2,243.0,119.3,119.2,119.2,119.1,4.17,4.51,3.80,3.76,4.63,4.80,0.35,0.50,4.07,0.11,2.31,0,0,0.0,0.0,195,28,2.6,1.5,0,
5.7.2026,22:31:0.835,17939,28055,39.0,12927,19755,39.5,0.2,13312,23,1.335,1.337,1.331,1.331,1.331,1.331,1.331,1.344,1.344,4111.3,4117.6,4117.6,4117.6,4117.6,4117.6,4117.6,4092.6,4092.6,99.8,1059.0,3461.8,1074.3,2942.5,842.6,1395.9,1441.8,966.9,1225.8,325.9,273.0,870.5,689.0,587.3,456.6,205.1,185.7,1059.0,23.7,57.2,25.4,71.5,20.0,33.5,34.6,23.0,29.4,7.7,6.5,20.6,16.3,13.3,10.8,4.9,4.4,71.5,23.7,26.8,65.0,28.8,81.3,22.7,38.1,39.2,26.1,33.3,8.6,7.2,23.3,18.4,15.0,12.1,5.4,4.9,26.8,41.2,41.2,41.2,41.2,41.2,41.2,41.2,41.0,41.0,0.0,72.1,84.3,92.8,82.7,77.5,57.0,67.7,61.9,52.5,27.9,15.7,7.2,17.3,22.5,43.0,32.3,38.1,47.5,0.0,0.0,0.0,0.0,0.0,0.0,0.0,0.0,0.0,1197.8,12.00,16,16,16,39,55,661,1,70.5,70.0,69.2,66.0,68.7,69.2,68.4,66.6,63.7,64.7,63.9,63.1,61.8,62.2,61.4,54.2,50.6,1.350,1.038,1.363,13.798,11.868,13.802,64.857,39.888,3.782,5.333,5.807,4.603,3.858,2.385,3.290,2.818,2.163,18.599,12.212,30.811,39.918,1197.8,1197.8,4105.0,4106.2,4103.8,4106.2,45.4,23.0,72.1,73.7,61.3,No,No,No,1.432,0.530,5.8,49,95.0,100.0,No,No,91229,99001,32,99.0,No,No,3320,0.0,0.0,0.0,0.000,0.010,11082,8816,0.0,0.0,0.0,0.000,0.000,50,0,53.2,68.5,83.0,0.806,12.144,12.191,12.165,12.077,1132,51.825,22.181,28.334,9.058,41.483,25.712,15.740,0.336,28.334,22.513,27.803,22.503,220.000,240.000,1485.0,1750.2,1305.0,1482.9,1410.0,37.0,10.0,0.0,3.0,29.3,5.3,21.1,0.0,0.0,0.0,33,Yes,No,No,No,No,Yes,No,23.1,27.1,0,0,0,0,0,0,0,0,0,12,0,0,0,0,0,0,0,0,0,0,0,0,0,0,0,0,0,0,0,0,5788,2404,2239,151,8.0,239.7,258.7,219.5,218.9,219.1,218.8,167.4,242.7,100.1,62.5,68.5,60.0,4.17,4.56,3.86,3.67,4.60,4.64,0.34,0.34,4.07,0.11,2.66,0,0,0.0,0.0,195,28,5.8,5.1,0,
5.7.2026,22:31:2.825,17933,28061,38.9,12919,19762,39.5,0.2,13312,23,1.328,1.337,1.337,1.331,1.331,1.331,1.319,1.319,1.319,4073.9,4092.6,4092.6,4067.7,4067.7,4067.7,4067.7,4067.7,4067.7,99.8,1208.6,3573.7,1266.1,2946.5,1062.9,2303.7,871.6,1635.9,830.7,498.1,320.4,1230.3,577.4,867.5,473.5,467.5,411.0,1208.6,27.0,60.0,29.7,71.5,25.1,55.5,20.3,39.0,19.4,11.5,7.3,28.9,13.3,19.9,10.8,10.9,9.5,71.5,27.0,30.9,68.2,33.9,81.3,28.7,63.1,23.2,44.5,22.2,13.3,8.5,33.0,15.3,22.8,12.5,12.6,11.0,30.9,40.8,41.0,41.0,40.8,40.8,40.8,40.8,40.8,40.8,0.0,77.5,87.2,94.3,86.9,81.9,64.1,73.8,69.2,62.6,22.5,12.8,5.7,13.1,18.1,35.9,26.2,30.8,37.4,0.0,0.0,0.0,0.0,0.0,0.0,0.0,0.0,0.0,1197.8,12.00,16,16,16,39,55,661,1,70.5,70.6,72.8,66.7,69.4,69.7,68.9,67.2,64.4,65.4,64.6,63.9,62.1,62.5,61.7,53.5,50.9,1.337,1.025,1.344,14.761,11.943,14.764,69.746,41.181,4.026,5.542,5.936,4.874,4.122,2.624,3.502,3.107,2.501,19.873,12.295,32.168,41.293,1197.8,1197.8,4099.0,4099.1,4098.9,4099.1,46.9,24.6,77.5,74.3,61.5,No,No,No,1.543,0.511,6.2,49,95.0,100.0,No,No,91229,99001,32,99.0,No,No,3320,0.0,0.0,0.0,0.000,0.079,11082,8817,0.0,0.0,0.0,0.000,0.000,50,0,53.0,68.1,83.0,0.781,12.143,12.190,12.162,12.076,1129,50.685,18.959,26.519,8.557,40.829,26.071,14.732,0.336,26.519,23.189,3.139,19.694,220.000,240.000,1410.0,1750.2,1245.0,1481.7,1350.0,39.0,11.0,0.0,3.0,29.4,4.8,19.2,0.0,0.0,0.0,33,Yes,No,No,No,No,Yes,No,22.6,25.8,0,0,0,0,0,0,0,0,0,12,0,0,0,0,0,0,0,0,0,0,0,0,0,0,0,0,0,0,0,0,5784,2408,2243,129,8.0,239.8,264.2,222.2,219.7,220.7,219.4,155.0,243.9,80.0,62.3,68.5,59.9,4.17,4.50,3.76,3.71,4.59,4.67,0.30,0.43,4.07,0.10,2.35,0,0,0.0,0.0,195,28,2.8,2.5,0,
5.7.2026,22:31:4.836,17927,28067,38.9,12909,19773,39.4,0.2,13312,23,1.331,1.331,1.331,1.331,1.331,1.331,1.331,1.331,1.331,4092.6,4092.6,4092.6,4092.6,4092.6,4092.6,4092.6,4092.6,4092.6,99.8,1112.9,3442.2,1430.9,2912.5,955.2,2094.8,830.2,1515.7,796.2,408.3,254.7,1092.3,507.4,746.3,373.2,244.3,202.6,1112.9,24.6,49.4,34.0,70.8,22.8,50.7,19.6,36.4,18.8,9.7,6.0,26.1,11.9,17.2,8.7,5.8,4.8,70.8,24.6,27.8,56.1,38.6,80.4,25.9,57.6,22.2,41.3,21.3,10.9,6.7,29.5,13.4,19.4,9.8,6.4,5.3,27.8,41.0,41.0,41.0,41.0,41.0,41.0,41.0,41.0,41.0,0.0,73.5,84.0,93.2,84.3,79.1,59.0,69.4,64.2,54.7,26.5,16.0,6.8,15.7,20.9,41.0,30.6,35.8,45.3,0.0,0.0,0.0,0.0,0.0,0.0,0.0,0.0,0.0,1197.8,12.00,16,16,16,39,55,661,1,70.4,70.3,69.8,66.2,68.6,69.6,68.5,66.8,63.9,64.9,64.1,63.4,61.9,62.3,61.5,53.2,51.3,1.362,1.025,1.363,13.858,11.891,13.856,66.134,39.934,3.823,5.208,5.898,4.662,3.946,2.455,3.310,2.881,2.220,18.655,12.237,30.892,39.990,1197.8,1197.8,4100.8,4101.9,4099.8,4101.9,45.4,23.1,73.5,74.0,60.8,No,No,No,1.415,0.497,5.9,49,95.0,100.0,No,No,91229,99001,32,99.0,No,No,3320,0.6,0.8,1.4,0.391,6.610,11083,8829,0.0,0.0,0.0,0.000,0.000,50,0,53.1,68.1,83.0,0.806,12.144,12.190,12.164,12.077,1133,51.797,19.489,28.373,9.167,41.637,25.845,15.762,0.336,28.373,22.743,3.348,19.309,220.000,240.000,1485.0,1750.2,1305.0,1462.5,1410.0,39.0,11.0,0.0,3.0,29.4,4.9,19.8,0.0,0.0,0.0,33,Yes,No,No,No,No,Yes,No,23.2,27.4,0,0,0,0,0,0,0,0,0,12,0,0,0,0,0,0,0,0,0,0,0,0,0,0,0,0,0,0,0,0,5788,2404,2239,128,8.0,239.7,260.2,221.5,216.8,218.2,216.5,160.5,243.0,119.3,84.4,95.8,80.1,4.17,4.56,3.82,3.75,4.66,4.77,0.34,0.42,4.07,0.10,2.57,0,0,0.0,0.0,195,28,2.4,1.7,0,
5.7.2026,22:31:6.836,17922,28072,38.9,12907,19775,39.4,0.2,13312,23,1.327,1.325,1.325,1.325,1.325,1.325,1.331,1.331,1.331,4064.5,4042.7,4067.7,4067.7,4067.7,4067.7,4067.7,4067.7,4067.7,99.8,1219.0,3557.3,2041.6,2908.8,1033.8,1266.0,1688.4,1184.2,1227.1,362.3,375.7,1050.0,686.5,676.6,551.2,320.1,574.4,1219.0,26.4,43.3,48.4,71.3,24.3,29.3,40.2,28.2,29.3,8.5,8.9,24.8,16.1,15.5,13.0,7.4,13.4,71.3,26.4,29.9,49.1,54.9,80.9,27.5,33.8,45.6,32.0,33.2,9.6,10.0,28.1,18.2,17.4,14.6,8.3,15.0,29.9,40.7,40.5,40.8,40.8,40.8,40.8,40.8,40.8,40.8,0.0,76.6,86.8,94.6,85.0,81.4,62.9,72.6,67.8,61.5,23.4,13.2,5.4,15.0,18.6,37.1,27.4,32.2,38.5,0.0,0.0,0.0,0.0,0.0,0.0,0.0,0.0,0.0,1197.8,12.00,16,16,16,39,55,661,1,79.8,70.6,73.5,66.5,69.1,69.6,68.4,67.1,64.1,65.2,64.4,64.3,61.9,62.3,61.5,54.5,51.0,1.331,1.025,1.337,14.535,11.910,14.526,68.915,40.776,4.001,5.556,5.937,4.695,4.078,2.554,3.439,3.030,2.720,19.557,12.257,31.814,40.916,1197.8,1197.8,4097.5,4097.8,4097.1,4097.8,46.5,24.2,76.6,74.3,61.1,No,No,No,1.466,0.519,6.1,49,95.0,100.0,No,No,91229,99001,32,99.0,No,No,3320,0.0,0.0,0.0,0.016,0.052,11083,8829,0.0,0.0,0.0,0.000,0.000,50,0,52.9,68.3,83.0,0.806,12.143,12.190,12.163,12.075,1128,52.148,20.289,29.550,9.618,42.631,26.190,16.415,0.336,29.550,23.008,3.253,22.335,220.000,240.000,1485.0,1750.2,1305.0,1447.9,1410.0,40.0,11.0,0.0,3.0,29.4,5.2,20.9,0.0,0.0,0.0,33,Yes,No,No,No,No,Yes,No,23.9,23.8,0,0,0,0,0,0,0,0,0,12,0,0,0,0,0,0,0,0,0,0,0,0,0,0,0,0,0,0,0,0,5786,2406,2242,131,8.0,239.8,262.7,221.6,220.5,220.7,220.3,168.8,242.0,119.1,84.5,95.7,80.0,4.17,4.53,3.80,3.67,4.55,4.56,0.37,0.44,4.07,0.10,2.08,0,0,0.0,0.0,195,28,2.1,1.9,0,
5.7.2026,22:31:8.835,17919,28074,38.9,12904,19778,39.4,0.2,13312,23,1.338,1.337,1.337,1.337,1.337,1.337,1.337,1.337,1.337,4092.6,4092.6,4092.6,4092.6,4092.6,4092.6,4092.6,4092.6,4092.6,99.8,1133.7,3434.3,1862.8,2704.0,1103.6,1231.7,1540.6,1147.6,1060.3,365.1,283.5,886.4,693.5,588.7,484.1,319.0,433.5,1133.7,24.3,39.4,45.2,65.2,26.4,30.3,37.1,27.1,25.0,8.1,6.2,20.7,16.0,13.0,11.0,7.2,10.6,65.2,24.3,27.9,45.0,51.5,74.2,30.3,34.1,42.4,31.2,28.7,9.7,7.6,23.9,18.6,15.2,12.9,8.7,12.4,27.9,41.0,41.0,41.0,41.0,41.0,41.0,41.0,41.0,41.0,0.0,73.3,83.9,92.9,82.9,78.4,57.7,69.3,63.8,57.4,26.7,16.1,7.1,17.1,21.6,42.3,30.7,36.2,42.6,0.0,0.0,0.0,0.0,0.0,0.0,0.0,0.0,0.0,1197.8,12.00,16,16,16,39,55,661,1,77.0,70.9,69.0,66.4,68.7,69.5,68.2,66.7,63.9,65.3,64.1,64.7,61.9,62.3,61.5,54.5,50.7,1.344,1.025,1.350,14.121,11.872,14.131,65.959,40.284,3.862,5.313,5.812,4.500,3.869,2.433,3.342,2.857,2.767,19.004,12.215,31.219,40.322,1197.8,1197.8,4096.8,4097.2,4096.5,4097.5,45.8,23.6,73.3,74.6,61.1,No,No,No,1.337,0.425,5.9,49,95.0,100.0,No,No,91229,99001,32,99.0,No,No,3320,0.0,0.1,0.1,0.008,0.076,11083,8830,0.0,0.0,0.0,0.000,0.000,50,0,53.4,68.7,83.0,0.831,12.140,12.185,12.162,12.074,1132,54.082,21.395,32.224,10.613,44.171,26.236,17.902,0.336,32.224,22.858,4.079,23.304,220.000,240.000,1545.0,1750.2,1365.0,1541.8,1470.0,37.0,11.0,0.0,3.0,29.4,5.3,21.1,0.0,0.0,0.0,33,Yes,No,No,No,No,Yes,No,25.0,27.5,0,0,0,0,0,0,0,0,0,12,0,0,0,0,0,0,0,0,0,0,0,0,0,0,0,0,0,0,0,0,5784,2408,2243,131,8.0,239.7,260.0,218.0,202.6,210.3,199.0,178.8,242.5,119.2,118.9,119.0,118.8,4.17,4.64,3.80,3.54,4.84,5.13,0.35,0.48,4.07,0.10,2.22,0,0,0.0,0.0,195,28,2.2,2.2,0,
5.7.2026,22:31:10.832,17915,28079,38.9,12901,19780,39.4,0.2,13312,23,1.325,1.325,1.325,1.325,1.325,1.325,1.325,1.325,1.325,4111.3,4092.6,4092.6,4117.6,4117.6,4117.6,4117.6,4117.6,4117.6,99.8,1177.1,3510.3,2018.3,2828.6,1073.2,1543.2,1377.3,1306.2,968.0,337.5,325.4,1100.5,552.9,660.0,486.4,264.7,481.9,1177.1,25.3,41.4,48.3,68.7,25.4,36.9,32.8,31.1,22.8,7.8,7.4,25.9,12.7,14.9,11.1,6.1,11.4,68.7,25.3,28.8,47.1,54.9,78.1,28.9,42.0,37.3,35.5,26.0,8.9,8.5,29.6,14.6,17.0,12.8,7.0,13.1,28.8,41.2,41.0,41.0,41.2,41.2,41.2,41.2,41.2,41.2,0.0,75.6,85.6,94.2,84.6,80.5,61.3,72.0,67.0,59.6,24.4,14.4,5.8,15.4,19.5,38.7,28.0,33.0,40.4,0.0,0.0,0.0,0.0,0.0,0.0,0.0,0.0,0.0,1197.8,12.00,16,16,16,39,55,661,1,74.0,70.2,73.5,66.3,68.9,69.5,68.5,66.8,63.8,65.0,64.2,63.6,61.8,62.2,61.4,54.0,51.0,1.350,1.038,1.356,14.254,11.920,14.253,68.025,40.492,3.914,5.490,5.946,4.687,3.964,2.469,3.406,2.945,2.405,19.197,12.266,31.463,40.571,1197.8,1197.8,4101.7,4101.7,4101.7,4102.0,46.1,23.8,75.6,73.8,61.1,No,No,No,1.459,0.504,6.0,49,95.0,100.0,No,No,91229,99001,32,99.0,No,No,3320,0.0,0.0,0.0,0.000,0.036,11083,8830,0.0,0.0,0.0,0.000,0.000,50,0,53.0,68.2,83.0,0.812,12.140,12.186,12.161,12.073,1129,53.347,20.407,29.708,9.383,42.538,25.994,16.504,0.336,29.708,22.523,7.739,19.637,220.000,240.000,1500.0,1750.2,1320.0,1509.8,1425.0,38.0,11.0,0.0,3.0,29.4,5.2,20.8,0.0,0.0,0.0,33,Yes,No,No,No,No,Yes,No,23.7,27.7,0,0,0,0,0,0,0,0,0,12,0,0,0,0,0,0,0,0,0,0,0,0,0,0,0,0,0,0,0,0,5784,2408,2243,131,8.0,239.7,262.7,221.6,215.5,217.9,214.7,168.2,243.2,119.3,84.6,95.8,80.1,4.17,4.53,3.80,3.74,4.62,4.76,0.30,0.51,4.07,0.11,2.19,0,0,0.0,0.0,195,28,2.1,1.6,0,
5.7.2026,22:31:12.828,17912,28081,38.9,12903,19778,39.4,0.2,13312,23,1.331,1.331,1.331,1.331,1.331,1.331,1.331,1.331,1.331,4092.6,4092.6,4092.6,4092.6,4092.6,4092.6,4092.6,4092.6,4092.6,99.8,1189.4,3520.3,1946.8,2824.1,1093.3,1985.3,988.4,1433.8,880.8,422.5,296.6,1238.7,448.7,740.5,463.1,281.7,466.3,1189.4,26.1,43.4,46.8,68.7,26.4,48.1,23.7,34.5,21.1,10.2,7.2,29.7,10.6,17.3,11.1,6.9,11.4,68.7,26.1,29.3,49.1,53.0,78.0,29.7,54.5,26.6,38.9,23.6,11.3,7.8,33.4,11.7,19.3,12.2,7.4,12.6,29.3,41.0,41.0,41.0,41.0,41.0,41.0,41.0,41.0,41.0,0.0,75.6,85.9,94.3,85.3,79.8,61.2,71.9,67.2,59.3,24.4,14.1,5.7,14.7,20.2,38.8,28.1,32.8,40.7,0.0,0.0,0.0,0.0,0.0,0.0,0.0,0.0,0.0,1197.8,12.00,16,16,16,39,55,661,1,71.9,70.2,72.2,66.3,68.9,69.5,68.6,66.8,64.1,65.1,64.3,63.6,62.0,62.4,61.5,53.2,50.6,1.344,1.025,1.350,14.063,11.905,14.065,68.053,40.220,3.901,5.401,5.852,4.712,3.968,2.519,3.405,2.964,2.387,18.932,12.251,31.183,40.295,1197.8,1197.8,4099.9,4100.4,4099.4,4100.4,45.8,23.4,75.6,73.8,60.5,No,No,No,1.453,0.497,6.0,49,95.0,100.0,No,No,91229,99001,32,99.0,No,No,3320,0.0,0.1,0.1,0.016,0.063,11083,8830,0.0,0.0,0.0,0.000,0.000,50,0,52.8,68.0,83.0,0.787,12.142,12.190,12.162,12.075,1130,50.094,18.911,26.973,8.594,40.949,25.937,14.985,0.336,26.973,22.889,3.013,18.456,220.000,240.000,1440.0,1750.2,1260.0,1438.6,1365.0,39.0,10.0,0.0,3.0,29.4,4.9,19.4,0.0,0.0,0.0,33,Yes,No,No,No,No,Yes,No,22.7,26.1,0,0,0,0,0,0,0,0,0,12,0,0,0,0,0,0,0,0,0,0,0,0,0,0,0,0,0,0,0,0,5784,2408,2243,131,8.0,239.8,260.3,220.6,209.2,214.8,206.6,167.7,244.7,119.4,119.2,119.2,119.2,4.17,4.57,3.81,3.76,4.70,4.89,0.37,0.35,4.07,0.10,2.58,0,0,0.0,0.0,195,28,2.2,1.9,0,
5.7.2026,22:31:14.827,17911,28082,38.9,12900,19781,39.4,0.2,13312,23,1.338,1.337,1.337,1.337,1.337,1.337,1.337,1.337,1.337,4092.6,4092.6,4092.6,4092.6,4092.6,4092.6,4092.6,4092.6,4092.6,99.8,1245.7,3549.3,1924.3,2881.0,1121.7,2075.0,989.0,1525.6,972.0,501.0,393.4,1233.7,555.3,796.9,536.3,369.5,506.7,1245.7,27.4,47.8,46.2,70.1,26.7,50.0,23.4,36.6,23.0,11.8,9.2,29.3,12.9,18.4,12.6,8.7,12.1,70.1,27.4,31.2,54.3,52.5,79.6,30.4,56.8,26.6,41.5,26.1,13.5,10.5,33.4,14.7,20.9,14.3,9.9,13.8,31.2,41.0,41.0,41.0,41.0,41.0,41.0,41.0,41.0,41.0,0.0,76.2,86.6,93.7,85.3,80.6,62.7,72.1,67.8,60.4,23.8,13.4,6.3,14.7,19.4,37.3,27.9,32.2,39.6,0.0,0.0,0.0,0.0,0.0,0.0,0.0,0.0,0.0,1197.8,12.00,16,16,16,39,55,661,1,70.9,70.6,72.0,66.7,69.5,69.6,69.0,67.1,64.5,65.4,64.5,64.0,62.1,62.4,61.7,53.8,51.0,1.350,1.031,1.356,14.456,11.913,14.459,68.544,40.744,3.992,5.591,5.888,4.775,4.045,2.656,3.456,3.032,2.493,19.445,12.260,31.705,40.827,1197.8,1197.8,4097.2,4097.4,4096.9,4097.4,46.4,24.1,76.2,74.3,60.7,No,No,No,1.511,0.526,6.1,49,95.0,100.0,No,No,91229,99001,32,99.0,No,No,3320,0.0,0.0,0.0,0.000,0.038,11083,8830,0.0,0.0,0.0,0.000,0.000,50,0,53.0,68.2,83.0,0.819,12.141,12.188,12.161,12.073,1130,52.395,19.820,29.033,9.202,41.762,25.595,16.129,0.336,29.033,22.231,3.275,21.603,220.000,240.000,1515.0,1750.2,1335.0,1506.0,1440.0,35.0,10.0,0.0,3.0,29.4,5.1,20.4,0.0,0.0,0.0,33,Yes,No,No,No,No,Yes,No,23.3,26.5,0,0,0,0,0,0,0,0,0,12,0,0,0,0,0,0,0,0,0,0,0,0,0,0,0,0,0,0,0,0,5782,2410,2245,131,8.0,239.8,263.9,222.0,209.4,215.6,206.4,165.0,242.5,119.3,119.3,119.3,119.3,4.17,4.56,3.74,3.60,4.69,4.89,0.32,0.40,4.07,0.10,2.40,0,0,0.0,0.0,195,28,2.6,2.0,0,
5.7.2026,22:31:16.828,17909,28085,38.9,12902,19779,39.4,0.2,13312,23,1.361,1.350,1.363,1.363,1.363,1.363,1.363,1.363,1.363,4073.9,3593.5,4142.5,4142.5,4142.5,4142.5,4142.5,4142.5,4142.5,99.8,1070.8,3474.1,1050.3,2919.1,851.1,1470.1,1295.2,1166.9,1041.1,386.5,312.9,965.5,609.6,626.7,452.2,251.3,260.7,1070.8,23.9,59.7,24.5,70.8,19.9,35.1,30.7,27.6,24.6,9.0,7.2,22.7,14.1,14.1,10.4,5.7,6.0,70.8,23.9,27.2,67.9,28.0,80.6,22.8,40.0,35.0,31.5,28.1,10.2,8.2,25.8,16.1,16.1,11.9,6.6,6.9,27.2,40.8,36.0,41.5,41.5,41.5,41.5,41.5,41.5,41.5,0.0,72.3,84.7,90.5,80.7,77.0,58.5,68.7,62.9,55.4,27.7,15.3,9.5,19.3,23.0,41.5,31.3,37.1,44.6,0.0,0.0,0.0,0.0,0.0,0.0,0.0,0.0,0.0,1197.8,12.00,16,16,16,39,55,661,1,70.8,70.1,70.2,66.1,69.0,69.2,68.1,66.5,63.9,64.7,64.1,63.2,61.8,62.2,61.4,55.2,51.1,1.369,1.025,1.375,13.765,11.826,13.767,65.045,39.788,3.794,5.442,5.669,4.481,3.878,2.462,3.300,2.855,2.261,18.547,12.169,30.716,39.811,1197.8,1197.8,4103.3,4104.0,4102.6,4105.2,45.2,22.9,72.3,73.8,60.9,No,No,No,1.351,0.438,5.8,49,95.0,100.0,No,No,91229,99001,32,99.0,No,No,3320,0.0,0.0,0.0,0.000,0.020,11083,8830,0.0,0.0,0.0,0.000,0.000,50,0,52.2,67.1,83.0,0.750,12.144,12.191,12.163,12.077,1129,47.770,16.743,22.288,6.791,37.657,25.241,12.382,0.336,22.288,22.474,2.683,15.291,220.000,240.000,1305.0,1750.2,1155.0,1361.9,1245.0,36.0,9.0,0.0,3.0,29.4,4.3,17.1,0.0,0.0,0.0,33,Yes,No,No,No,No,Yes,No,20.3,25.8,0,0,0,0,0,0,0,0,0,12,0,0,0,0,0,0,0,0,0,0,0,0,0,0,0,0,0,0,0,0,5782,2410,2245,131,8.0,239.8,263.6,220.5,204.4,212.7,200.6,148.4,241.9,60.0,59.9,59.9,59.9,4.17,4.58,3.75,3.38,4.74,5.05,0.36,0.47,4.07,0.10,2.30,0,0,0.0,0.0,195,28,2.8,2.3,0,
5.7.2026,22:31:18.829,17930,28064,38.9,12910,19772,39.5,0.2,13312,23,1.325,1.325,1.325,1.325,1.325,1.325,1.325,1.325,1.325,4111.3,4092.6,4092.6,4117.6,4117.6,4117.6,4117.6,4117.6,4117.6,99.8,1136.1,3563.5,1053.1,2911.6,964.5,1191.6,1686.1,966.5,1422.5,384.1,363.4,861.0,826.8,630.5,590.2,303.0,459.2,1136.1,25.7,62.4,24.8,70.7,23.0,28.4,40.6,22.9,34.1,9.1,8.6,20.3,19.7,14.4,14.0,7.2,11.0,70.7,25.7,29.1,70.9,28.1,80.4,26.0,32.2,46.0,26.0,38.7,10.2,9.6,23.0,22.3,16.3,15.7,8.1,12.4,29.1,41.2,41.0,41.0,41.2,41.2,41.2,41.2,41.2,41.2,0.0,75.2,86.9,92.9,83.5,80.0,61.6,71.4,66.3,59.0,24.8,13.1,7.1,16.5,20.0,38.4,28.6,33.7,41.0,0.0,0.0,0.0,0.0,0.0,0.0,0.0,0.0,0.0,1197.8,12.00,16,16,16,39,55,661,1,70.6,70.4,69.5,66.4,69.1,69.4,68.6,66.9,64.1,64.9,64.3,63.6,61.9,62.3,61.5,55.5,51.5,1.344,1.025,1.344,14.152,11.904,14.144,67.682,40.255,3.918,5.521,5.792,4.647,4.045,2.547,3.380,2.976,2.436,19.054,12.252,31.306,40.399,1197.8,1197.8,4100.2,4100.9,4099.6,4100.9,45.9,23.6,75.2,74.1,60.6,No,No,No,1.453,0.479,6.0,49,95.0,100.0,No,No,91229,99001,32,99.0,No,No,3320,0.0,0.0,0.0,0.000,0.034,11083,8830,0.0,0.0,0.0,0.000,0.000,50,0,52.3,67.4,83.0,0.775,12.140,12.188,12.160,12.073,1130,48.184,18.595,25.936,8.251,40.456,26.018,14.409,0.336,25.936,23.081,2.922,18.609,220.000,240.000,1395.0,1750.2,1230.0,1389.6,1335.0,38.0,10.0,0.0,3.0,29.5,4.8,19.1,0.0,0.0,0.0,33,Yes,No,No,No,No,Yes,No,22.3,24.7,0,0,0,0,0,0,0,0,0,12,0,0,0,0,0,0,0,0,0,0,0,0,0,0,0,0,0,0,0,0,5777,2415,2250,131,8.0,239.7,263.8,221.9,219.4,220.1,219.2,165.7,242.3,99.5,79.8,79.9,79.8,4.17,4.52,3.76,3.71,4.57,4.59,0.34,0.44,4.07,0.10,2.55,0,0,0.0,0.0,195,28,6.2,4.3,0,
5.7.2026,22:31:20.835,17941,28052,39.0,12922,19760,39.5,0.2,13312,23,1.342,1.331,1.344,1.344,1.344,1.344,1.344,1.344,1.344,4114.5,4092.6,4117.6,4117.6,4117.6,4117.6,4117.6,4117.6,4117.6,99.8,1114.4,3561.5,1063.6,3067.6,834.3,1269.6,1564.1,922.9,1426.6,376.2,346.9,857.3,821.3,618.6,566.8,257.4,275.7,1114.4,24.8,61.1,24.7,74.5,19.4,30.0,37.2,21.6,34.0,8.6,7.9,19.9,19.2,13.8,13.0,5.7,6.1,74.5,24.8,28.4,69.6,28.3,84.7,22.3,34.3,42.5,24.7,38.8,10.0,9.2,22.8,22.0,15.9,15.0,6.8,7.2,28.4,41.2,41.0,41.2,41.2,41.2,41.2,41.2,41.2,41.2,0.0,75.0,86.8,93.8,83.4,80.0,61.2,71.3,66.2,57.5,25.0,13.2,6.2,16.6,20.0,38.8,28.7,33.8,42.5,0.0,0.0,0.0,0.0,0.0,0.0,0.0,0.0,0.0,1197.8,12.00,16,16,16,39,55,661,1,70.6,70.2,71.0,66.3,69.1,69.4,68.3,66.9,64.0,65.1,64.3,63.5,61.9,62.3,61.5,53.2,51.4,1.369,1.025,1.356,14.076,11.896,14.072,67.505,40.179,3.894,5.487,5.816,4.595,4.027,2.522,3.402,2.970,2.333,18.950,12.239,31.189,40.290,1197.8,1197.8,4101.0,4101.1,4100.8,4101.1,45.8,23.5,75.0,73.9,60.6,No,No,No,1.437,0.505,6.0,49,95.0,100.0,No,No,91229,99001,32,99.0,No,No,3320,0.0,0.1,0.1,0.000,0.057,11083,8830,0.0,0.0,0.0,0.000,0.000,50,0,52.2,67.1,83.0,0.750,12.144,12.191,12.163,12.077,1132,46.898,17.789,23.539,7.473,39.203,26.098,13.077,0.336,23.539,23.461,2.626,18.540,220.000,240.000,1320.0,1750.2,1170.0,1322.5,1260.0,40.0,10.0,0.0,3.0,29.5,5.0,20.1,0.0,0.0,0.0,33,Yes,No,No,No,No,Yes,No,21.4,26.0,0,0,0,0,0,0,0,0,0,12,0,0,0,0,0,0,0,0,0,0,0,0,0,0,0,0,0,0,0,0,5772,2420,2255,131,8.0,239.8,265.8,222.1,212.6,217.7,210.1,158.8,242.6,80.1,62.4,68.6,60.0,4.17,4.53,3.76,3.43,4.64,4.82,0.37,0.48,4.07,0.10,2.24,0,0,0.0,0.0,195,28,2.7,2.1,0,
5.7.2026,22:31:22.823,17958,28036,39.0,12938,19743,39.5,0.2,13312,23,1.337,1.331,1.337,1.337,1.337,1.337,1.337,1.337,1.337,4092.6,4092.6,4092.6,4092.6,4092.6,4092.6,4092.6,4092.6,4092.6,99.8,1259.4,3627.4,1277.9,2949.2,995.2,2026.8,1093.1,1400.7,1164.3,551.0,384.5,1112.0,756.8,850.6,586.3,748.0,626.3,1259.4,28.9,63.2,30.5,71.8,24.0,49.1,26.3,33.8,28.0,13.4,9.4,26.7,18.2,20.1,14.1,18.4,15.3,71.8,28.9,32.4,71.4,34.2,81.3,26.8,55.4,29.4,37.9,31.4,14.7,10.1,29.8,20.2,22.3,15.5,20.3,16.9,32.4,41.0,41.0,41.0,41.0,41.0,41.0,41.0,41.0,41.0,0.0,79.1,88.7,94.0,87.0,83.1,66.3,74.9,70.6,68.0,20.9,11.3,6.0,13.0,16.9,33.7,25.1,29.4,32.0,0.0,0.0,0.0,0.0,0.0,0.0,0.0,0.0,0.0,1197.8,12.00,16,16,16,39,55,661,1,78.6,71.2,71.8,67.1,69.6,69.7,69.0,67.5,64.6,65.9,65.0,65.4,62.2,62.6,61.8,54.5,51.4,1.356,1.031,1.350,15.029,11.970,15.034,71.177,41.574,4.139,5.667,5.771,4.811,4.251,2.698,3.584,3.217,3.110,20.196,12.321,32.517,41.648,1197.8,1197.8,4091.0,4091.0,4091.0,4091.0,47.3,25.1,79.1,75.0,60.8,No,No,No,1.551,0.503,6.3,49,95.0,100.0,No,No,91229,99001,32,99.0,No,No,3320,0.0,0.0,0.0,0.000,0.006,11083,8830,0.0,0.0,0.0,0.000,0.000,50,0,52.0,67.0,83.0,0.756,12.148,12.196,12.167,12.081,1130,46.134,19.348,23.883,7.415,39.117,25.818,13.268,0.336,23.883,22.963,20.487,16.305,220.000,240.000,1350.0,1750.2,1185.0,1315.3,1275.0,39.0,10.0,0.0,3.0,29.6,5.2,20.9,0.0,0.0,0.0,33,Yes,No,No,No,No,Yes,No,21.3,24.3,0,0,0,0,0,0,0,0,0,12,0,0,0,0,0,0,0,0,0,0,0,0,0,0,0,0,0,0,0,0,5768,2424,2259,131,8.0,239.8,262.6,223.2,202.5,211.0,200.1,154.3,242.2,119.0,84.0,95.5,79.9,4.17,4.54,3.79,3.49,4.76,5.01,0.38,0.46,4.07,0.10,2.22,0,0,0.0,0.0,195,28,2.6,2.2,0,
5.7.2026,22:31:24.835,17958,28035,39.0,12941,19741,39.5,0.2,13312,23,1.333,1.331,1.337,1.337,1.331,1.331,1.331,1.331,1.331,4092.6,4092.6,4092.6,4092.6,4092.6,4092.6,4092.6,4092.6,4092.6,99.8,1097.4,3512.3,1109.4,3044.2,784.6,1705.5,1125.5,1190.6,1074.7,403.8,288.8,952.9,658.3,654.8,472.2,347.2,234.4,1097.4,24.3,59.4,25.9,73.9,18.1,40.7,26.5,27.9,25.3,9.1,6.2,22.1,15.0,14.6,10.6,7.8,4.9,73.9,24.3,28.0,67.7,29.9,84.1,21.0,46.6,30.5,32.1,29.1,10.8,7.6,25.6,17.5,17.0,12.5,9.4,6.1,28.0,41.0,41.0,41.0,41.0,41.0,41.0,41.0,41.0,41.0,0.0,73.4,85.7,93.0,82.6,78.4,59.5,69.3,63.3,55.1,26.6,14.3,7.0,17.4,21.6,40.5,30.7,36.7,44.9,0.0,0.0,0.0,0.0,0.0,0.0,0.0,0.0,0.0,1197.8,12.00,16,16,16,39,55,661,1,75.5,70.5,69.5,66.4,69.3,69.4,68.6,67.0,64.1,64.9,64.3,63.4,62.0,62.4,61.6,55.5,51.4,1.344,1.044,1.344,13.871,11.872,13.872,66.025,39.900,3.847,5.524,5.772,4.598,3.958,2.472,3.294,2.894,2.267,18.674,12.215,30.889,39.995,1197.8,1197.8,4099.2,4100.6,4097.7,4100.8,45.4,23.1,73.4,74.2,60.5,No,No,No,1.459,0.508,5.9,49,95.0,100.0,No,No,91229,99001,32,99.0,No,No,3320,0.6,0.8,1.4,0.789,7.028,11084,8844,0.0,0.0,0.0,0.000,0.000,50,0,52.2,67.4,83.0,0.794,12.143,12.191,12.162,12.075,1129,49.245,18.721,26.604,8.461,40.609,25.793,14.779,0.336,26.604,22.771,3.062,18.195,220.000,240.000,1455.0,1750.2,1275.0,1445.1,1380.0,38.0,10.0,0.0,3.0,29.6,5.1,20.5,0.0,0.0,0.0,33,Yes,No,No,No,No,Yes,No,22.4,25.5,0,0,0,0,0,0,0,0,0,12,0,0,0,0,0,0,0,0,0,0,0,0,0,0,0,0,0,0,0,0,5768,2424,2259,131,8.0,239.7,259.1,223.9,222.9,223.1,222.8,157.1,242.0,80.1,79.9,79.9,79.9,4.17,4.51,3.83,3.79,4.52,4.52,0.37,0.40,4.07,0.10,2.20,0,0,0.0,0.0,195,28,2.6,2.1,0,
5.7.2026,22:31:26.833,17968,28026,39.0,12947,19735,39.6,0.2,13312,23,1.331,1.331,1.331,1.331,1.331,1.331,1.331,1.331,1.331,4105.1,4092.6,4092.6,4092.6,4092.6,4117.6,4117.6,4117.6,4117.6,99.8,1128.1,3507.2,1176.5,2998.4,919.0,1424.6,1454.7,1045.9,1256.1,389.1,351.3,882.3,762.4,625.4,515.7,431.1,309.4,1128.1,25.6,58.4,28.2,73.0,22.2,34.4,35.2,25.3,30.2,9.5,8.6,21.1,18.3,14.6,12.4,10.7,7.6,73.0,25.6,28.7,66.2,31.7,82.8,24.8,38.8,39.6,28.4,34.0,10.3,9.3,23.6,20.4,16.1,13.6,11.6,8.2,28.7,41.1,41.0,41.0,41.0,41.0,41.2,41.2,41.2,41.2,0.0,74.0,85.6,93.9,82.8,78.7,59.9,69.7,64.1,57.3,26.0,14.4,6.1,17.2,21.3,40.1,30.3,35.9,42.7,0.0,0.0,0.0,0.0,0.0,0.0,0.0,0.0,0.0,1197.8,12.00,16,16,16,39,55,661,1,73.1,70.4,71.2,66.3,69.0,69.5,68.5,66.8,64.0,64.9,64.2,63.6,61.9,62.3,61.5,53.5,51.2,1.337,1.038,1.350,14.099,11.857,14.097,66.599,40.212,3.884,5.465,5.921,4.609,3.949,2.511,3.345,2.884,2.389,18.981,12.203,31.184,40.289,1197.8,1197.8,4098.6,4100.8,4096.5,4101.1,45.8,23.5,74.0,74.1,60.9,No,No,No,1.472,0.505,5.9,49,95.0,100.0,No,No,91229,99001,32,99.0,No,No,3320,0.0,0.0,0.1,0.028,0.089,11085,8844,0.0,0.0,0.0,0.000,0.000,50,0,52.3,67.3,83.0,0.787,12.147,12.196,12.166,12.079,1130,49.781,18.699,25.875,8.196,40.135,25.729,14.374,0.336,25.875,22.768,3.181,20.523,220.000,240.000,1440.0,1750.2,1260.0,1433.4,1365.0,37.0,10.0,0.0,3.0,29.6,5.1,20.6,0.0,0.0,0.0,33,Yes,No,No,No,No,Yes,No,22.1,25.6,0,0,0,0,0,0,0,0,0,12,0,0,0,0,0,0,0,0,0,0,0,0,0,0,0,0,0,0,0,0,5766,2426,2261,131,8.0,239.7,261.5,217.9,215.5,216.6,215.1,162.9,242.8,79.9,79.8,79.8,79.8,4.17,4.64,3.78,3.64,4.67,4.71,0.32,0.37,4.07,0.10,2.34,0,0,0.0,0.0,195,28,2.7,2.5,0,
5.7.2026,22:31:28.822,17960,28033,39.0,12939,19742,39.5,0.2,13312,23,1.330,1.331,1.337,1.337,1.337,1.325,1.325,1.325,1.325,4095.7,4117.6,4092.6,4092.6,4092.6,4092.6,4092.6,4092.6,4092.6,99.8,1149.9,3497.2,1967.0,2938.2,971.9,970.4,1821.9,764.3,1480.0,310.9,411.1,771.3,834.6,560.9,582.4,228.5,287.7,1149.9,24.5,41.6,46.9,71.3,22.7,22.7,43.5,17.6,35.1,6.9,9.3,17.7,19.5,12.3,13.3,4.9,6.3,71.3,24.5,28.1,47.5,53.6,81.1,26.2,26.1,49.7,20.4,40.2,8.2,11.0,20.5,22.5,14.3,15.5,6.0,7.6,28.1,41.0,41.2,41.0,41.0,41.0,41.0,41.0,41.0,41.0,0.0,73.5,85.3,93.4,82.2,78.3,59.3,69.0,64.5,56.0,26.5,14.7,6.6,17.8,21.7,40.7,31.0,35.5,44.0,0.0,0.0,0.0,0.0,0.0,0.0,0.0,0.0,0.0,1197.8,12.00,16,16,16,39,55,661,1,71.9,70.4,69.0,66.3,69.0,69.7,68.4,66.8,64.0,64.8,64.1,63.4,61.9,62.3,61.5,53.8,51.5,1.356,1.031,1.363,13.902,11.862,13.906,66.162,39.980,3.855,5.448,5.900,4.583,3.919,2.486,3.317,2.901,2.291,18.728,12.207,30.935,40.039,1197.8,1197.8,4100.8,4102.5,4099.0,4102.5,45.5,23.2,73.5,74.2,60.5,No,No,No,1.380,0.472,5.9,49,95.0,100.0,No,No,91229,99001,32,99.0,No,No,3320,0.0,0.0,0.0,0.000,0.046,11085,8844,0.0,0.0,0.0,0.000,0.000,50,0,52.1,67.1,83.0,0.781,12.144,12.192,12.164,12.077,1133,48.226,18.901,25.748,8.108,40.068,25.736,14.304,0.336,25.748,22.741,7.274,18.952,220.000,240.000,1410.0,1750.2,1245.0,1390.4,1350.0,37.0,10.0,0.0,3.0,29.6,4.6,18.6,0.0,0.0,0.0,33,Yes,No,No,No,No,Yes,No,22.0,26.0,0,0,0,0,0,0,0,0,0,12,0,0,0,0,0,0,0,0,0,0,0,0,0,0,0,0,0,0,0,0,5766,2426,2261,131,8.0,239.9,261.6,222.6,211.9,216.5,210.0,166.7,242.6,99.9,79.9,79.9,79.8,4.17,4.53,3.76,3.71,4.67,4.83,0.33,0.41,4.06,0.11,2.33,0,0,0.0,0.0,195,28,2.8,2.2,0,
5.7.2026,22:31:30.835,17970,28024,39.0,12943,19738,39.6,0.2,13312,23,1.334,1.350,1.331,1.331,1.331,1.331,1.331,1.331,1.331,4095.7,4117.6,4092.6,4092.6,4092.6,4092.6,4092.6,4092.6,4092.6,99.8,1168.6,3459.2,1945.5,2848.2,976.6,943.0,1941.6,763.8,1487.8,340.5,372.0,860.3,838.0,541.4,623.4,411.9,344.8,1168.6,25.3,42.2,46.6,69.1,23.1,22.3,46.7,17.9,35.7,8.0,8.7,20.3,19.8,12.2,14.6,9.8,8.1,69.1,25.3,28.7,48.0,52.9,78.6,26.3,25.3,53.0,20.4,40.5,9.0,9.9,23.0,22.4,13.8,16.6,11.1,9.1,28.7,41.0,41.2,41.0,41.0,41.0,41.0,41.0,41.0,41.0,0.0,73.9,84.3,91.5,83.1,78.5,59.7,70.3,65.4,58.5,26.1,15.7,8.5,16.9,21.5,40.3,29.7,34.6,41.5,0.0,0.0,0.0,0.0,0.0,0.0,0.0,0.0,0.0,1197.8,12.00,16,16,16,39,55,661,1,71.0,70.2,69.8,66.2,68.9,69.4,68.4,66.7,63.9,65.0,64.1,63.6,61.8,62.2,61.4,55.8,51.4,1.344,1.031,1.350,13.993,11.880,13.989,66.469,40.096,3.884,5.424,5.820,4.665,3.937,2.497,3.394,2.923,2.414,18.857,12.223,31.080,40.174,1197.8,1197.8,4100.7,4102.3,4099.2,4105.1,45.7,23.3,73.9,73.8,60.5,No,No,No,1.393,0.444,5.9,49,95.0,100.0,No,No,91229,99001,32,99.0,No,No,3320,0.0,0.0,0.0,0.008,0.036,11085,8844,0.0,0.0,0.0,0.000,0.000,50,0,51.6,66.5,83.0,0.756,12.149,12.197,12.168,12.081,1130,46.781,16.899,22.879,7.025,38.317,25.576,12.711,0.336,22.879,22.789,2.784,13.688,220.000,240.000,1335.0,1750.2,1185.0,1356.3,1275.0,35.0,9.0,0.0,3.0,29.6,4.5,17.9,0.0,0.0,0.0,33,Yes,No,No,No,No,Yes,No,20.8,24.6,0,0,0,0,0,0,0,0,0,12,0,0,0,0,0,0,0,0,0,0,0,0,0,0,0,0,0,0,0,0,5766,2426,2261,131,8.0,239.7,264.0,218.5,217.0,217.2,216.8,143.4,242.1,59.9,59.8,59.8,59.8,4.17,4.58,3.71,3.65,4.63,4.71,0.32,0.46,4.07,0.10,2.02,0,0,0.0,0.0,195,28,2.8,2.9,0,
5.7.2026,22:31:32.828,17965,28028,39.0,12944,19738,39.6,0.2,13312,23,1.330,1.325,1.331,1.331,1.331,1.331,1.331,1.331,1.331,4092.6,4092.6,4092.6,4092.6,4092.6,4092.6,4092.6,4092.6,4092.6,99.8,1173.4,3510.5,1975.1,2966.9,972.6,1551.2,1251.3,1215.3,1050.2,371.0,408.3,1025.6,622.2,664.3,543.1,333.4,313.6,1173.4,25.6,42.5,47.5,72.1,23.4,37.3,30.0,29.2,25.1,9.0,10.0,24.6,14.9,15.5,13.0,8.2,7.7,72.1,25.6,28.8,48.1,53.7,81.8,26.3,42.1,33.8,32.9,28.2,9.8,10.9,27.5,16.5,17.2,14.4,8.9,8.3,28.8,41.0,41.0,41.0,41.0,41.0,41.0,41.0,41.0,41.0,0.0,74.5,85.6,93.5,82.1,78.9,60.8,70.5,66.2,58.4,25.5,14.4,6.5,17.9,21.1,39.2,29.5,33.8,41.6,0.0,0.0,0.0,0.0,0.0,0.0,0.0,0.0,0.0,1197.8,12.00,16,16,16,39,55,661,1,70.5,70.2,70.8,66.2,68.9,69.4,68.2,66.8,64.0,64.9,64.2,63.5,61.9,62.2,61.5,53.5,50.7,1.356,1.031,1.356,14.014,11.866,14.011,67.034,40.083,3.881,5.481,5.827,4.564,3.943,2.540,3.374,2.961,2.359,18.875,12.211,31.086,40.181,1197.8,1197.8,4101.9,4102.4,4101.4,4102.4,45.7,23.4,74.5,73.9,60.6,No,No,No,1.407,0.458,6.0,50,95.0,100.0,No,No,91229,99001,32,99.0,No,No,3320,0.0,0.0,0.0,0.008,0.050,11085,8844,0.0,0.0,0.0,0.000,0.000,50,0,51.9,66.9,83.0,0.769,12.148,12.196,12.167,12.081,1130,47.292,18.230,25.317,7.927,39.895,25.793,14.065,0.336,25.317,22.812,3.068,17.763,220.000,240.000,1380.0,1750.2,1200.0,1362.4,1305.0,39.0,10.0,0.0,3.0,29.6,4.8,19.2,0.0,0.0,0.0,33,Yes,No,No,No,No,Yes,No,22.1,25.1,0,0,0,0,0,0,0,0,0,12,0,0,0,0,0,0,0,0,0,0,0,0,0,0,0,0,0,0,0,0,5766,2426,2261,131,8.0,239.8,261.0,220.3,210.3,214.1,209.5,159.5,242.4,97.3,79.9,80.0,79.9,4.17,4.64,3.77,3.69,4.74,4.79,0.33,0.41,4.06,0.11,2.65,0,0,0.0,0.0,195,28,7.8,3.3,0,
5.7.2026,22:31:34.832,17967,28027,39.0,12945,19737,39.6,0.2,13312,23,1.335,1.331,1.331,1.331,1.337,1.337,1.337,1.337,1.337,4102.0,4117.6,4117.6,4117.6,4092.6,4092.6,4092.6,4092.6,4092.6,99.8,1169.0,3534.7,2036.2,2997.4,919.7,1730.1,1027.5,1435.7,801.6,399.7,318.0,1139.6,492.0,668.5,474.0,423.1,306.9,1169.0,25.0,41.8,48.7,72.9,21.5,41.6,24.0,34.2,18.7,9.2,7.2,27.0,11.2,15.1,10.8,9.8,6.9,72.9,25.0,28.6,47.6,55.5,82.9,24.6,47.4,27.4,39.0,21.5,10.6,8.4,30.8,12.9,17.4,12.5,11.4,8.1,28.6,41.1,41.2,41.2,41.2,41.0,41.0,41.0,41.0,41.0,0.0,74.3,86.2,93.9,82.2,79.2,59.9,70.1,65.2,57.9,25.7,13.8,6.1,17.8,20.8,40.1,29.9,34.8,42.1,0.0,0.0,0.0,0.0,0.0,0.0,0.0,0.0,0.0,1197.8,12.00,16,16,16,39,55,661,1,70.4,70.2,70.8,66.3,69.1,69.5,68.2,66.8,63.9,64.9,64.1,63.5,61.9,62.3,61.5,54.2,50.7,1.350,1.025,1.356,13.933,11.890,13.940,66.870,40.005,3.881,5.642,5.875,4.491,3.924,2.496,3.333,2.908,2.380,18.761,12.230,30.991,40.109,1197.8,1197.8,4100.8,4102.1,4099.5,4102.1,45.6,23.2,74.3,73.9,60.2,No,No,No,1.454,0.515,5.9,49,95.0,100.0,No,No,91229,99001,32,99.0,No,No,3320,0.0,0.0,0.0,0.000,0.125,11085,8844,0.0,0.0,0.0,0.000,0.000,50,0,51.8,66.8,83.0,0.781,12.148,12.196,12.166,12.080,1129,49.438,18.934,25.830,8.086,40.137,25.755,14.349,0.336,25.830,22.710,5.984,20.321,220.000,240.000,1410.0,1750.2,1245.0,1406.7,1350.0,36.0,10.0,0.0,3.0,29.6,5.1,20.5,0.0,0.0,0.0,33,Yes,No,No,No,No,Yes,No,22.2,25.9,0,0,0,0,0,0,0,0,0,12,0,0,0,0,0,0,0,0,0,0,0,0,0,0,0,0,0,0,0,0,5766,2426,2261,131,8.0,239.8,261.5,218.6,212.9,215.7,211.5,161.2,242.9,119.1,84.3,95.7,80.0,4.17,4.61,3.79,3.57,4.68,4.71,0.33,0.53,4.06,0.11,2.47,0,0,0.0,0.0,195,28,2.2,1.6,0,
5.7.2026,22:31:36.826,17969,28025,39.0,12947,19735,39.6,0.2,13312,23,1.342,1.350,1.344,1.344,1.337,1.337,1.337,1.344,1.344,4114.5,4092.6,4117.6,4117.6,4117.6,4117.6,4117.6,4117.6,4117.6,99.8,1154.6,3480.0,2059.3,2956.6,927.4,1662.2,1161.5,1281.0,964.2,391.7,310.6,1063.3,534.2,620.9,516.2,265.4,279.9,1154.6,24.8,39.7,49.4,71.8,21.9,40.0,27.5,30.8,22.8,9.3,7.2,25.3,12.4,14.2,12.0,6.3,6.6,71.8,24.8,28.2,45.1,56.2,81.6,24.9,45.4,31.3,35.0,25.9,10.5,8.2,28.7,14.1,16.1,13.6,7.0,7.4,28.2,41.2,41.0,41.2,41.2,41.2,41.2,41.2,41.2,41.2,0.0,73.3,84.9,93.6,82.6,78.5,58.9,68.7,64.3,55.0,26.7,15.1,6.4,17.4,21.5,41.1,31.3,35.7,45.0,0.0,0.0,0.0,0.0,0.0,0.0,0.0,0.0,0.0,1197.8,12.00,16,16,16,39,55,661,1,70.2,70.2,70.0,66.2,68.9,69.5,68.3,66.8,63.8,64.8,64.0,63.4,61.8,62.2,61.4,55.2,51.1,1.350,1.025,1.356,13.851,11.861,13.847,65.975,39.903,3.850,5.458,5.891,4.556,3.923,2.469,3.304,2.892,2.307,18.650,12.204,30.854,39.947,1197.8,1197.8,4100.8,4102.4,4099.1,4102.4,45.4,23.1,73.3,73.9,60.3,No,No,No,1.408,0.476,5.9,49,95.0,100.0,No,No,91229,99001,32,99.0,No,No,3320,0.0,0.0,0.0,0.000,0.014,11085,8844,0.0,0.0,0.0,0.000,0.000,50,0,51.8,66.9,83.0,0.775,12.148,12.196,12.168,12.082,1129,48.697,18.346,25.779,8.244,40.361,26.012,14.321,0.336,25.779,23.135,2.825,16.672,220.000,240.000,1395.0,1750.2,1230.0,1379.8,1335.0,39.0,10.0,0.0,3.0,29.6,4.9,19.8,0.0,0.0,0.0,33,Yes,No,No,No,No,Yes,No,22.2,26.0,0,0,0,0,0,0,0,0,0,12,0,0,0,0,0,0,0,0,0,0,0,0,0,0,0,0,0,0,0,0,5765,2427,2262,131,8.0,239.8,261.3,223.5,212.2,216.4,211.4,172.3,242.7,119.1,118.9,118.9,118.9,4.17,4.52,3.80,3.68,4.67,4.75,0.37,0.47,4.06,0.11,2.11,0,0,0.0,0.0,195,28,2.7,2.3,0,
5.7.2026,22:31:38.826,17977,28017,39.0,12950,19732,39.6,0.2,13312,23,1.332,1.337,1.331,1.331,1.331,1.331,1.331,1.331,1.331,4092.6,4092.6,4092.6,4092.6,4092.6,4092.6,4092.6,4092.6,4092.6,99.8,1261.7,3558.5,1683.3,3073.7,980.7,1233.3,1718.6,1202.8,1190.5,466.5,479.9,1034.5,812.4,653.2,659.1,727.9,712.1,1261.7,28.2,50.0,40.5,75.0,23.5,29.8,41.4,29.0,28.5,11.4,11.6,24.9,19.4,15.3,15.7,17.8,17.3,75.0,28.2,31.6,56.5,45.6,85.0,26.4,33.5,46.7,32.6,32.1,12.5,12.7,27.9,21.6,16.9,17.5,19.7,19.3,31.6,41.0,41.0,41.0,41.0,41.0,41.0,41.0,41.0,41.0,0.0,77.2,87.0,95.1,84.4,80.3,64.1,72.7,67.7,66.5,22.8,13.0,4.9,15.6,19.7,35.9,27.3,32.3,33.5,0.0,0.0,0.0,0.0,0.0,0.0,0.0,0.0,0.0,1197.8,12.00,16,16,16,39,55,661,1,78.8,71.7,69.5,67.0,69.3,69.8,68.7,67.2,64.8,65.9,64.7,66.0,62.0,62.4,61.6,53.8,51.3,1.356,1.025,1.350,14.943,11.904,14.946,69.498,41.363,4.130,5.441,5.963,4.739,4.072,2.807,3.556,3.108,3.357,20.094,12.254,32.347,41.462,1197.8,1197.8,4090.0,4090.9,4089.2,4090.9,47.1,24.9,77.2,75.5,60.6,No,No,No,1.485,0.482,6.2,49,95.0,100.0,No,No,91229,99001,32,99.0,No,No,3320,0.0,0.0,0.0,0.000,0.008,11085,8844,0.0,0.0,0.0,0.000,0.000,50,0,51.5,66.4,83.0,0.750,12.149,12.197,12.168,12.082,1130,47.163,17.378,23.444,7.403,38.914,25.856,13.024,0.336,23.444,23.183,2.699,15.476,220.000,240.000,1320.0,1750.2,1170.0,1336.7,1260.0,38.0,10.0,0.0,3.0,29.6,4.9,19.6,0.0,0.0,0.0,33,Yes,No,No,No,No,Yes,No,21.2,24.5,0,0,0,0,0,0,0,0,0,12,0,0,0,0,0,0,0,0,0,0,0,0,0,0,0,0,0,0,0,0,5763,2429,2264,131,8.0,239.7,259.1,223.5,218.5,220.3,218.3,158.1,242.6,96.6,79.9,80.0,79.9,4.17,4.54,3.82,3.77,4.58,4.64,0.33,0.45,4.07,0.10,2.63,0,0,0.0,0.0,195,28,2.5,2.6,0,
5.7.2026,22:31:40.835,17972,28022,39.0,12946,19736,39.6,0.2,13312,23,1.330,1.325,1.331,1.331,1.331,1.331,1.331,1.331,1.331,4114.5,4092.6,4117.6,4117.6,4117.6,4117.6,4117.6,4117.6,4117.6,99.8,1066.6,3403.4,1119.8,2998.7,834.2,1224.6,1516.1,1188.0,955.9,379.2,324.3,831.3,663.6,603.3,500.3,239.4,283.4,1066.6,23.5,56.4,25.9,72.9,19.2,28.8,36.3,28.5,22.2,8.4,7.0,19.2,15.0,13.3,11.8,5.1,6.1,72.9,23.5,27.0,64.0,29.9,82.8,22.4,33.2,41.1,32.2,25.7,10.1,8.5,22.3,17.6,15.6,13.2,6.3,7.5,27.0,41.2,41.0,41.2,41.2,41.2,41.2,41.2,41.2,41.2,0.0,72.0,83.0,92.1,81.1,76.4,57.9,66.9,63.0,55.2,28.0,17.0,7.9,18.9,23.6,42.1,33.1,37.0,44.8,0.0,0.0,0.0,0.0,0.0,0.0,0.0,0.0,0.0,1197.8,12.00,16,16,16,39,55,661,1,75.5,70.0,70.8,66.0,68.7,69.3,68.1,66.4,63.8,64.6,63.9,63.2,61.7,62.2,61.3,55.5,51.1,1.344,1.025,1.350,13.680,11.853,13.678,64.747,39.654,3.788,5.335,5.843,4.498,3.828,2.465,3.209,2.862,2.266,18.444,12.195,30.638,39.731,1197.8,1197.8,4103.2,4105.0,4101.3,4105.7,45.1,22.8,71.9,73.7,60.7,No,No,No,1.383,0.486,5.8,49,95.0,100.0,No,No,91229,99001,32,99.0,No,No,3320,0.0,0.0,0.0,0.000,0.006,11085,8844,0.0,0.0,0.0,0.000,0.000,50,0,51.5,66.4,83.0,0.762,12.140,12.186,12.160,12.073,1129,46.111,18.388,25.108,8.104,40.117,26.139,13.949,0.336,25.108,23.422,2.761,18.840,220.000,240.000,1365.0,1750.2,1185.0,1329.6,1290.0,41.0,11.0,0.0,3.0,29.6,5.0,19.9,0.0,0.0,0.0,33,Yes,No,No,No,No,Yes,No,22.1,26.2,0,0,0,0,0,0,0,0,0,12,0,0,0,0,0,0,0,0,0,0,0,0,0,0,0,0,0,0,0,0,5763,2429,2264,131,8.0,239.8,261.1,221.1,197.9,209.4,192.9,163.6,242.7,118.9,84.2,95.5,79.9,4.17,4.57,3.79,3.14,4.85,5.36,0.34,0.41,4.07,0.10,2.20,0,0,0.0,0.0,195,28,2.2,2.2,0,
5.7.2026,22:31:42.830,18013,27981,39.1,12969,19713,39.6,0.2,13312,23,1.335,1.331,1.331,1.337,1.337,1.337,1.337,1.337,1.331,4089.5,4092.6,4092.6,4092.6,4092.6,4092.6,4092.6,4067.7,4092.6,99.8,1187.6,3505.9,1239.8,3046.3,962.1,1671.3,1265.8,1318.5,1026.1,503.7,438.1,1004.0,732.9,760.6,563.6,410.5,552.6,1187.6,26.7,58.2,29.4,73.9,23.0,40.2,29.7,31.1,24.4,12.1,10.4,24.0,17.3,17.8,12.6,9.8,13.3,73.9,26.7,30.3,66.4,33.2,84.2,26.0,45.6,34.2,35.8,27.5,13.5,11.6,27.1,19.5,19.9,14.8,11.0,14.9,30.3,41.0,41.0,41.0,41.0,41.0,41.0,41.0,40.8,41.0,0.0,75.7,85.5,94.5,84.0,79.5,62.3,71.2,66.7,61.8,24.3,14.5,5.5,16.0,20.5,37.7,28.8,33.3,38.2,0.0,0.0,0.0,0.0,0.0,0.0,0.0,0.0,0.0,1197.8,12.00,16,16,16,39,55,661,1,73.0,70.2,69.5,66.4,68.8,69.5,68.2,66.9,64.2,65.2,64.5,63.9,61.9,62.3,61.5,53.0,51.0,1.362,1.031,1.356,14.263,11.940,14.263,68.135,40.490,3.951,5.355,5.927,4.618,3.988,2.649,3.431,3.053,2.587,19.207,12.286,31.493,40.603,1197.8,1197.8,4099.2,4100.6,4097.7,4100.6,46.1,23.8,75.7,73.9,60.6,No,No,No,1.489,0.472,6.1,49,95.0,100.0,No,No,91229,99001,32,99.0,No,No,3320,0.0,0.0,0.0,0.000,0.016,11085,8844,0.0,0.0,0.0,0.000,0.000,50,0,51.7,66.9,83.0,0.787,12.141,12.188,12.161,12.074,1130,49.076,19.052,26.804,8.605,40.909,25.983,14.889,0.336,26.804,23.023,2.922,20.247,220.000,240.000,1440.0,1750.2,1260.0,1421.6,1365.0,38.0,11.0,0.0,3.0,29.6,5.2,20.9,0.0,0.0,0.0,33,Yes,No,No,No,No,Yes,No,22.6,26.1,0,0,0,0,0,0,0,0,0,12,0,0,0,0,0,0,0,0,0,0,0,0,0,0,0,0,0,0,0,0,5763,2429,2264,131,8.0,239.8,262.4,219.1,201.1,209.0,198.3,178.8,242.9,119.4,119.3,119.3,119.3,4.17,4.57,3.75,3.30,4.83,5.13,0.31,0.46,4.07,0.10,2.16,0,0,0.0,0.0,195,28,3.5,2.3,0,
5.7.2026,22:31:44.833,17982,28011,39.0,12963,19719,39.6,0.2,13312,23,1.338,1.337,1.331,1.331,1.331,1.344,1.344,1.344,1.344,4098.9,4117.6,4117.6,4092.6,4092.6,4092.6,4092.6,4092.6,4092.6,99.8,1058.5,3389.8,1000.0,3101.3,759.1,1918.3,833.4,1368.4,717.4,421.0,285.5,943.3,578.0,633.5,432.1,279.9,275.3,1058.5,23.9,57.3,23.6,75.4,18.2,46.5,19.7,33.0,17.0,10.1,6.8,22.7,13.7,14.7,10.2,6.8,6.6,75.4,23.9,26.9,64.9,26.6,85.7,20.5,52.7,22.2,37.3,19.1,11.3,7.5,25.5,15.3,16.5,11.3,7.4,7.2,26.9,41.1,41.2,41.2,41.0,41.0,41.0,41.0,41.0,41.0,0.0,71.3,82.7,93.6,81.1,75.6,56.7,66.9,60.4,53.3,28.7,17.3,6.4,18.9,24.4,43.3,33.1,39.6,46.7,0.0,0.0,0.0,0.0,0.0,0.0,0.0,0.0,0.0,1197.8,12.00,16,16,16,39,55,661,1,71.1,69.8,68.0,65.8,68.4,69.2,67.9,66.1,63.7,64.5,63.7,63.1,61.6,62.0,61.3,54.5,51.8,1.337,1.031,1.350,13.407,11.871,13.407,64.140,39.298,3.731,5.168,5.832,4.448,3.696,2.445,3.214,2.779,2.265,18.062,12.212,30.274,39.367,1197.8,1197.8,4102.2,4104.9,4099.5,4104.9,44.7,22.3,71.3,73.5,60.3,No,No,No,1.385,0.469,5.7,49,95.0,100.0,No,No,91229,99001,32,99.0,No,No,3320,0.4,0.4,0.8,0.448,1.573,11085,8847,0.0,0.0,0.0,0.000,0.000,50,0,51.9,66.9,83.0,0.794,12.142,12.189,12.162,12.075,1132,50.149,19.034,27.146,8.594,40.901,25.793,15.081,0.336,27.146,22.665,2.998,19.677,220.000,240.000,1455.0,1750.2,1275.0,1449.4,1380.0,39.0,11.0,0.0,3.0,29.6,5.2,20.7,0.0,0.0,0.0,33,Yes,No,No,No,No,Yes,No,22.6,25.4,0,0,0,0,0,0,0,0,0,12,0,0,0,0,0,0,0,0,0,0,0,0,0,0,0,0,0,0,0,0,5763,2429,2264,131,8.0,239.8,257.1,221.9,220.2,220.7,220.1,178.8,242.3,119.5,84.8,95.8,80.0,4.17,4.55,3.85,3.75,4.60,4.63,0.34,0.38,4.06,0.11,2.18,0,0,0.0,0.0,195,28,2.5,2.1,0,
5.7.2026,22:31:46.827,17991,28002,39.1,12962,19720,39.6,0.2,13312,23,1.331,1.331,1.331,1.331,1.331,1.331,1.331,1.331,1.331,4117.6,4117.6,4117.6,4117.6,4117.6,4117.6,4117.6,4117.6,4117.6,99.8,1104.1,3449.9,1062.5,3050.2,868.7,1939.2,842.4,1346.5,812.3,489.3,386.5,982.8,631.7,710.9,458.7,301.2,332.9,1104.1,24.6,58.5,25.3,74.3,20.4,46.7,19.4,32.1,18.8,11.3,8.7,23.2,14.5,16.2,10.3,6.8,7.5,74.3,24.6,28.2,66.5,28.4,84.3,23.5,53.2,22.4,36.7,21.7,13.2,10.2,26.6,16.7,18.7,12.0,8.0,8.8,28.2,41.2,41.2,41.2,41.2,41.2,41.2,41.2,41.2,41.2,0.0,72.7,84.2,93.9,82.1,76.6,59.1,67.9,62.6,55.7,27.3,15.8,6.1,17.9,23.4,40.9,32.1,37.4,44.3,0.0,0.0,0.0,0.0,0.0,0.0,0.0,0.0,0.0,1197.8,12.00,16,16,16,39,55,661,1,70.4,70.0,70.0,66.0,68.6,69.3,68.1,66.3,63.9,64.6,63.9,63.3,61.6,62.0,61.3,55.2,51.2,1.356,1.031,1.363,13.827,11.888,13.823,65.464,39.864,3.822,5.365,5.911,4.508,3.757,2.551,3.255,2.879,2.350,18.629,12.234,30.863,39.957,1197.8,1197.8,4100.8,4103.7,4097.9,4103.7,45.4,23.0,72.7,73.7,60.7,No,No,No,1.440,0.499,5.8,49,95.0,100.0,No,No,91229,99001,32,99.0,No,No,3320,0.4,0.8,1.2,0.252,6.409,11086,8860,0.0,0.0,0.0,0.000,0.000,50,0,51.8,66.9,83.0,0.787,12.142,12.189,12.162,12.075,1130,50.228,19.120,26.912,8.617,41.011,26.022,14.951,0.336,26.912,23.019,3.027,20.393,220.000,240.000,1440.0,1750.2,1260.0,1421.8,1365.0,38.0,11.0,0.0,3.0,29.6,5.4,21.7,0.0,0.0,0.0,33,Yes,No,No,No,No,Yes,No,22.7,25.4,0,0,0,0,0,0,0,0,0,12,0,0,0,0,0,0,0,0,0,0,0,0,0,0,0,0,0,0,0,0,5763,2429,2264,131,8.0,239.8,256.1,221.0,210.1,215.4,207.5,169.9,242.5,119.2,118.9,119.0,118.9,4.17,4.54,3.85,3.69,4.66,4.85,0.39,0.42,4.06,0.11,2.55,0,0,0.0,0.0,195,28,4.3,1.4,0,
5.7.2026,22:31:48.833,17981,28012,39.0,12956,19726,39.6,0.2,13312,23,1.338,1.344,1.337,1.337,1.337,1.337,1.337,1.337,1.337,4092.6,4092.6,4092.6,4092.6,4092.6,4092.6,4092.6,4092.6,4092.6,99.8,1092.9,3411.5,1114.6,3070.5,779.8,1075.1,1749.9,882.3,1292.3,368.1,430.3,749.7,849.7,540.9,619.1,261.3,290.8,1092.9,24.5,57.1,25.6,74.4,18.5,25.8,42.0,21.0,30.8,8.8,10.3,17.8,20.2,12.3,14.6,6.2,6.8,74.4,24.5,27.8,64.8,29.7,84.8,20.9,29.2,47.6,23.7,34.9,9.8,11.4,20.0,22.7,13.8,16.5,6.9,7.6,27.8,41.0,41.0,41.0,41.0,41.0,41.0,41.0,41.0,41.0,0.0,72.8,83.2,93.1,82.2,76.6,59.8,68.7,63.1,55.5,27.2,16.8,6.9,17.8,23.4,40.2,31.3,36.9,44.5,0.0,0.0,0.0,0.0,0.0,0.0,0.0,0.0,0.0,1197.8,12.00,16,16,16,39,55,661,1,70.1,69.9,70.0,65.9,68.4,69.3,68.0,66.3,63.8,64.7,63.9,63.1,61.6,62.0,61.2,54.0,51.5,1.356,1.031,1.363,13.904,11.855,13.909,65.487,39.965,3.816,5.214,5.944,4.515,3.807,2.553,3.323,2.884,2.290,18.723,12.199,30.923,40.029,1197.8,1197.8,4102.1,4103.8,4100.5,4103.8,45.5,23.2,72.8,73.6,61.1,No,No,No,1.413,0.501,5.8,49,95.0,100.0,No,No,91229,99001,32,99.0,No,No,3320,0.0,0.0,0.0,0.000,0.065,11086,8860,0.0,0.0,0.0,0.000,0.000,50,0,51.7,66.9,83.0,0.794,12.142,12.189,12.161,12.075,1130,50.382,18.511,26.393,8.216,40.217,25.526,14.663,0.336,26.393,22.355,3.212,17.802,220.000,240.000,1455.0,1750.2,1275.0,1449.8,1380.0,37.0,10.0,0.0,3.0,29.6,5.2,20.7,0.0,0.0,0.0,33,Yes,No,No,No,No,Yes,No,22.2,26.6,0,0,0,0,0,0,0,0,0,12,0,0,0,0,0,0,0,0,0,0,0,0,0,0,0,0,0,0,0,0,5763,2429,2264,131,8.0,239.7,265.7,220.0,218.5,219.0,218.3,159.2,242.7,80.0,80.0,80.0,80.0,4.17,4.59,3.76,3.72,4.62,4.64,0.30,0.46,4.07,0.11,2.53,0,0,0.0,0.0,195,28,2.1,2.1,0,
5.7.2026,22:31:50.832,17988,28005,39.1,12959,19723,39.6,0.2,13312,23,1.338,1.344,1.337,1.337,1.337,1.337,1.337,1.337,1.337,4095.7,4117.6,4092.6,4092.6,4092.6,4092.6,4092.6,4092.6,4092.6,99.8,1146.9,3430.1,1610.3,2935.7,967.3,914.7,2009.7,749.2,1450.4,353.3,449.8,668.4,978.5,533.4,640.4,268.2,391.4,1146.9,25.5,48.2,38.6,71.4,23.3,22.0,48.5,18.0,34.9,8.7,10.9,16.0,23.5,12.3,15.4,6.6,9.5,71.4,25.5,28.6,54.6,43.6,81.1,26.2,24.7,54.9,20.1,39.4,9.4,11.9,17.8,26.3,13.6,17.0,7.1,10.4,28.6,41.0,41.2,41.0,41.0,41.0,41.0,41.0,41.0,41.0,0.0,73.0,83.6,93.4,83.3,77.1,59.2,68.4,63.1,55.9,27.0,16.4,6.6,16.7,22.9,40.8,31.6,36.9,44.1,0.0,0.0,0.0,0.0,0.0,0.0,0.0,0.0,0.0,1197.8,12.00,16,16,16,39,55,661,1,70.1,70.3,70.8,66.2,68.8,69.5,68.5,66.5,64.0,64.7,64.1,63.4,61.8,62.2,61.4,53.5,50.9,1.344,1.038,1.350,14.136,11.879,14.129,65.688,40.290,3.876,5.389,5.964,4.700,3.830,2.560,3.290,2.919,2.353,19.077,12.224,31.301,40.395,1197.8,1197.8,4105.1,4107.3,4102.9,4107.5,45.9,23.5,73.0,74.0,61.3,No,No,No,1.433,0.511,5.8,49,95.0,100.0,No,No,91229,99001,32,99.0,No,No,3320,0.0,0.0,0.0,0.000,0.014,11086,8860,0.0,0.0,0.0,0.000,0.000,50,0,51.4,66.4,83.0,0.781,12.144,12.191,12.164,12.077,1130,49.448,18.223,25.393,7.790,39.690,25.554,14.107,0.336,25.393,22.404,3.062,18.497,220.000,240.000,1425.0,1750.2,1245.0,1401.8,1350.0,35.0,10.0,0.0,3.0,29.6,5.0,20.2,0.0,0.0,0.0,33,Yes,No,No,No,No,Yes,No,21.7,24.9,0,0,0,0,0,0,0,0,0,12,0,0,0,0,0,0,0,0,0,0,0,0,0,0,0,0,0,0,0,0,5763,2429,2264,131,8.0,239.8,265.1,219.9,216.7,217.8,216.7,162.3,242.7,80.0,79.9,79.9,79.9,4.17,4.63,3.72,3.67,4.69,4.74,0.34,0.30,4.07,0.10,2.39,0,0,0.0,0.0,195,28,2.8,2.6,0,
5.7.2026,22:31:52.827,17985,28009,39.1,12956,19726,39.6,0.2,13312,23,1.327,1.344,1.325,1.325,1.325,1.325,1.325,1.325,1.325,4120.7,4142.5,4117.6,4117.6,4117.6,4117.6,4117.6,4117.6,4117.6,99.8,1169.0,3427.6,1909.5,2744.0,1116.5,1075.4,1793.8,827.1,1399.5,355.9,455.3,712.9,858.4,524.2,702.3,310.3,490.6,1169.0,25.2,42.0,45.6,66.4,26.4,25.4,42.8,19.3,33.2,8.1,10.6,16.5,20.1,11.5,16.4,7.1,11.4,66.4,25.2,28.8,47.9,52.0,75.7,30.2,29.1,48.8,22.2,37.9,9.4,12.2,18.9,23.0,13.3,18.8,8.2,13.2,28.8,41.3,41.5,41.2,41.2,41.2,41.2,41.2,41.2,41.2,0.0,73.4,83.5,92.1,82.2,77.2,60.3,68.3,64.6,59.1,26.6,16.5,7.9,17.8,22.8,39.7,31.7,35.4,40.9,0.0,0.0,0.0,0.0,0.0,0.0,0.0,0.0,0.0,1197.8,12.00,16,16,16,39,55,661,1,70.2,70.2,70.5,66.2,68.8,69.4,68.4,66.7,64.0,64.7,64.2,63.6,61.8,62.2,61.4,54.2,51.1,1.369,1.031,1.363,14.046,11.828,14.052,66.058,40.163,3.896,5.378,5.881,4.676,3.926,2.576,3.292,2.984,2.458,18.943,12.172,31.114,40.220,1197.8,1197.8,4103.4,4104.5,4102.3,4105.6,45.7,23.4,73.4,73.9,60.6,No,No,No,1.399,0.453,5.9,49,95.0,100.0,No,No,91229,99001,32,99.0,No,No,3320,0.0,0.0,0.0,0.000,0.006,11086,8860,0.0,0.0,0.0,0.000,0.000,50,0,51.0,65.6,83.0,0.738,12.150,12.197,12.169,12.084,1129,46.647,15.796,20.695,6.196,35.205,23.685,11.497,0.336,20.695,21.026,2.496,16.127,220.000,240.000,1290.0,1250.2,1125.0,1349.8,1215.0,37.0,12.0,0.0,3.0,29.6,4.6,18.2,0.0,0.0,0.0,33,Yes,No,No,No,No,Yes,No,19.9,23.7,0,0,0,0,0,0,0,0,0,12,0,0,0,0,0,0,0,0,0,0,0,0,0,0,0,0,0,0,0,0,5763,2429,2264,132,8.0,239.7,269.9,217.4,203.7,209.1,202.2,148.4,242.2,79.7,62.1,68.4,59.9,4.17,4.68,3.69,3.58,4.85,4.99,0.37,0.37,4.07,0.10,2.28,0,0,0.0,0.0,195,28,2.2,1.9,0,
5.7.2026,22:31:54.822,17996,27998,39.1,12963,19718,39.6,0.2,13312,23,1.331,1.325,1.331,1.331,1.331,1.331,1.331,1.331,1.337,4092.6,4092.6,4092.6,4092.6,4092.6,4092.6,4092.6,4092.6,4092.6,99.8,1199.8,3406.4,2088.5,2857.5,1143.1,1549.2,1351.0,869.5,1319.9,385.4,396.6,793.8,767.4,606.3,613.0,498.3,551.6,1199.8,26.3,37.7,50.6,69.6,27.7,37.6,32.5,21.0,31.8,9.5,9.7,19.1,18.5,14.3,14.8,12.3,13.5,69.6,26.3,29.4,42.4,57.2,79.0,31.1,42.4,36.5,23.4,35.7,10.3,10.5,21.2,20.5,15.8,16.3,13.5,14.9,29.4,41.0,41.0,41.0,41.0,41.0,41.0,41.0,41.0,41.0,0.0,73.3,83.2,94.1,82.9,76.5,58.1,67.8,63.7,59.9,26.7,16.8,5.9,17.1,23.5,42.0,32.2,36.3,40.1,0.0,0.0,0.0,0.0,0.0,0.0,0.0,0.0,0.0,1197.8,12.00,16,16,16,39,55,661,1,70.5,71.0,69.2,66.5,69.0,69.8,68.6,66.8,64.1,65.0,64.2,64.5,61.8,62.2,61.5,53.5,50.9,1.350,1.038,1.356,14.240,11.856,14.240,65.893,40.385,3.944,5.388,6.093,4.684,3.851,2.548,3.271,2.948,2.771,19.174,12.202,31.376,40.480,1197.8,1197.8,4095.8,4098.8,4092.8,4100.8,46.0,23.7,73.2,74.7,60.6,No,No,No,1.448,0.499,5.9,49,95.0,100.0,No,No,91229,99001,32,99.0,No,No,3320,0.0,0.1,0.1,0.008,0.124,11086,8860,0.0,0.0,0.0,0.000,0.000,50,0,51.5,66.7,83.0,0.794,12.140,12.187,12.160,12.073,1133,48.946,19.544,27.883,9.055,41.416,25.908,15.490,0.336,27.883,22.904,3.148,21.421,220.000,240.000,1455.0,1750.2,1275.0,1450.0,1380.0,36.0,10.0,0.0,3.0,29.6,5.0,19.9,0.0,0.0,0.0,33,Yes,No,No,No,No,Yes,No,22.8,26.0,0,0,0,0,0,0,0,0,0,12,0,0,0,0,0,0,0,0,0,0,0,0,0,0,0,0,0,0,0,0,5763,2429,2264,132,8.0,239.8,260.9,222.0,219.5,220.3,219.5,154.0,242.9,79.9,79.9,79.9,79.9,4.17,4.56,3.79,3.60,4.59,4.63,0.32,0.47,4.07,0.10,2.59,0,0,0.0,0.0,196,28,2.1,2.0,0,
5.7.2026,22:31:56.828,17986,28007,39.1,12958,19724,39.6,0.2,13312,23,1.326,1.331,1.325,1.325,1.325,1.325,1.325,1.325,1.325,4114.5,4092.6,4117.6,4117.6,4117.6,4117.6,4117.6,4117.6,4117.6,99.8,1134.9,3418.9,2082.4,2945.3,947.5,1391.6,1305.1,851.9,1248.7,328.8,373.8,774.4,775.4,520.0,589.1,247.8,357.5,1134.9,24.3,38.4,50.2,71.7,22.5,33.4,31.0,20.1,29.7,7.6,8.7,18.3,18.3,11.6,13.7,5.7,8.3,71.7,24.3,27.7,43.6,57.1,81.5,25.7,38.0,35.3,22.9,33.8,8.7,9.9,20.8,20.8,13.3,15.6,6.5,9.5,27.7,41.2,41.0,41.2,41.2,41.2,41.2,41.2,41.2,41.2,0.0,71.8,83.4,93.9,80.7,75.2,57.3,66.6,62.2,55.2,28.2,16.6,6.1,19.3,24.8,42.7,33.4,37.8,44.8,0.0,0.0,0.0,0.0,0.0,0.0,0.0,0.0,0.0,1197.8,12.00,16,16,16,39,55,661,1,70.5,70.1,69.8,66.1,68.9,69.5,68.0,66.2,63.8,64.7,64.0,63.5,61.7,62.1,61.4,53.0,51.3,1.350,1.025,1.356,13.748,11.888,13.748,64.634,39.778,3.813,5.453,5.964,4.433,3.705,2.457,3.249,2.878,2.363,18.511,12.232,30.743,39.846,1197.8,1197.8,4100.3,4102.0,4098.6,4102.0,45.3,22.9,71.8,73.8,60.5,No,No,No,1.437,0.531,5.7,49,95.0,100.0,No,No,91229,99001,32,99.0,No,No,3320,0.0,0.0,0.0,0.000,0.014,11086,8860,0.0,0.0,0.0,0.000,0.000,50,0,51.4,66.4,83.0,0.775,12.144,12.191,12.163,12.077,1130,49.267,18.251,25.574,7.949,40.090,25.856,14.207,0.336,25.574,22.781,2.857,17.291,220.000,240.000,1395.0,1750.2,1230.0,1411.2,1335.0,37.0,10.0,0.0,3.0,29.6,5.1,20.4,0.0,0.0,0.0,33,Yes,No,No,No,No,Yes,No,22.0,25.0,0,0,0,0,0,0,0,0,0,12,0,0,0,0,0,0,0,0,0,0,0,0,0,0,0,0,0,0,0,0,5763,2429,2264,132,8.0,239.7,257.8,225.1,215.4,220.1,213.5,153.0,242.9,80.0,79.9,79.9,79.9,4.17,4.53,3.87,3.45,4.61,4.73,0.31,0.37,4.07,0.11,2.06,0,0,0.0,0.0,196,28,2.7,3.1,0,
5.7.2026,22:31:58.823,17995,27998,39.1,12962,19720,39.6,0.2,13312,23,1.331,1.331,1.331,1.331,1.331,1.331,1.331,1.331,1.331,4092.6,4092.6,4092.6,4092.6,4092.6,4092.6,4092.6,4092.6,4092.6,99.8,1181.0,3438.6,2064.3,2866.2,1053.4,1069.4,1752.7,764.9,1438.3,359.8,472.9,753.0,890.2,561.3,688.7,313.7,409.0,1181.0,25.4,40.4,49.5,69.5,25.0,25.4,41.9,17.9,34.2,8.3,11.0,17.7,21.0,12.5,16.0,7.2,9.4,69.5,25.4,29.0,46.0,56.4,79.1,28.6,29.0,47.7,20.5,39.0,9.5,12.6,20.2,23.9,14.4,18.4,8.3,10.9,29.0,41.0,41.0,41.0,41.0,41.0,41.0,41.0,41.0,41.0,0.0,73.5,83.9,93.9,82.3,77.0,59.8,68.7,64.6,57.5,26.5,16.1,6.1,17.7,23.0,40.2,31.3,35.4,42.5,0.0,0.0,0.0,0.0,0.0,0.0,0.0,0.0,0.0,1197.8,12.00,16,16,16,39,55,661,1,70.5,70.1,67.0,66.2,68.9,69.4,68.2,66.5,64.1,64.8,64.3,63.5,61.8,62.2,61.5,54.2,50.9,1.350,1.025,1.350,14.021,11.922,14.022,66.111,40.175,3.877,5.471,5.854,4.535,3.846,2.581,3.318,2.994,2.417,18.886,12.266,31.152,40.256,1197.8,1197.8,4101.2,4102.0,4100.5,4102.4,45.7,23.4,73.5,73.8,60.7,No,No,No,1.436,0.474,5.9,49,95.0,100.0,No,No,91229,99001,32,99.0,No,No,3320,0.0,0.1,0.1,0.000,0.108,11086,8860,0.0,0.0,0.0,0.000,0.000,50,0,51.2,66.2,83.0,0.762,12.144,12.191,12.163,12.077,1128,47.562,17.979,24.516,7.705,39.469,25.820,13.619,0.336,24.516,22.975,2.675,18.161,220.000,240.000,1365.0,1750.2,1185.0,1356.0,1290.0,39.0,10.0,0.0,3.0,29.6,5.2,20.8,0.0,0.0,0.0,33,Yes,No,No,No,No,Yes,No,21.6,25.8,0,0,0,0,0,0,0,0,0,12,0,0,0,0,0,0,0,0,0,0,0,0,0,0,0,0,0,0,0,0,5763,2429,2264,132,8.0,239.8,258.2,222.8,219.9,221.1,219.5,169.2,242.7,119.2,84.4,95.6,79.9,4.17,4.53,3.83,3.72,4.54,4.54,0.32,0.42,4.07,0.10,2.51,0,0,0.0,0.0,196,28,3.1,1.8,0,
5.7.2026,22:32:0.831,18007,27987,39.1,12966,19715,39.6,0.2,13312,23,1.329,1.344,1.331,1.331,1.325,1.325,1.325,1.325,1.325,4089.5,4067.7,4092.6,4092.6,4092.6,4092.6,4092.6,4092.6,4092.6,99.8,1143.9,3388.1,1965.2,2936.2,963.3,763.8,2029.1,705.5,1528.9,290.8,448.5,704.9,872.6,462.0,682.6,222.5,338.5,1143.9,24.6,39.1,47.2,71.4,22.8,18.0,48.7,16.5,36.6,6.7,10.5,16.5,20.6,10.2,16.0,5.1,7.8,71.4,24.6,28.0,44.4,53.7,81.2,26.1,20.6,55.4,18.9,41.7,7.6,11.9,18.8,23.5,11.7,18.2,5.8,9.0,28.0,41.0,40.8,41.0,41.0,41.0,41.0,41.0,41.0,41.0,0.0,72.0,82.6,93.9,81.9,76.6,57.2,67.1,62.2,54.6,28.0,17.4,6.1,18.1,23.4,42.8,32.9,37.8,45.4,0.0,0.0,0.0,0.0,0.0,0.0,0.0,0.0,0.0,1197.8,12.00,16,16,16,39,55,661,1,70.2,70.0,70.8,66.0,68.6,69.3,68.1,66.5,63.8,64.7,64.0,63.3,61.7,62.1,61.3,55.5,51.3,1.350,1.031,1.344,13.765,11.877,13.765,64.812,39.771,3.813,5.302,5.901,4.528,3.850,2.482,3.269,2.868,2.309,18.547,12.218,30.765,39.865,1197.8,1197.8,4102.0,4104.6,4099.4,4104.6,45.3,22.9,72.0,73.7,60.6,No,No,No,1.430,0.506,5.8,50,95.0,100.0,No,No,91229,99001,32,99.0,No,No,3320,0.0,0.0,0.0,0.000,0.006,11086,8860,0.0,0.0,0.0,0.000,0.000,50,0,51.3,66.4,83.0,0.769,12.145,12.192,12.164,12.078,1130,47.770,18.396,25.977,8.010,40.240,25.775,14.431,0.336,25.977,22.577,2.811,17.825,220.000,240.000,1380.0,1750.2,1200.0,1364.3,1305.0,39.0,10.0,0.0,3.0,29.7,5.1,20.6,0.0,0.0,0.0,33,Yes,No,No,No,No,Yes,No,22.1,25.3,0,0,0,0,0,0,0,0,0,12,0,0,0,0,0,0,0,0,0,0,0,0,0,0,0,0,0,0,0,0,5759,2433,2268,132,8.0,239.8,260.4,222.6,215.4,219.2,213.4,157.4,243.0,119.2,84.1,95.7,79.9,4.17,4.57,3.81,3.64,4.65,4.74,0.34,0.44,4.07,0.10,1.96,0,0,0.0,0.0,196,28,2.1,1.9,0,
5.7.2026,22:32:2.825,18000,27994,39.1,12961,19721,39.6,0.2,13312,23,1.323,1.312,1.325,1.325,1.325,1.325,1.325,1.325,1.325,4108.2,4092.6,4092.6,4092.6,4117.6,4117.6,4117.6,4117.6,4117.6,99.8,1146.9,3462.2,1369.7,3064.2,842.3,1021.1,1800.1,789.9,1429.9,406.8,404.3,715.4,884.1,584.8,602.3,444.5,529.2,1146.9,26.0,55.1,32.9,74.6,20.4,24.7,43.6,19.0,34.5,10.0,9.9,17.2,21.3,13.7,14.5,11.0,13.0,74.6,26.0,29.1,62.4,37.0,84.8,22.8,27.7,49.2,21.2,38.9,10.9,10.7,19.1,23.8,15.1,16.0,12.0,14.2,29.1,41.2,41.0,41.0,41.0,41.2,41.2,41.2,41.2,41.2,0.0,73.0,84.4,93.9,81.4,76.8,58.9,67.4,62.8,58.5,27.0,15.6,6.1,18.6,23.2,41.1,32.6,37.2,41.5,0.0,0.0,0.0,0.0,0.0,0.0,0.0,0.0,0.0,1197.8,12.00,16,16,16,39,55,661,1,70.2,70.3,69.2,66.2,68.9,69.3,68.3,66.5,63.9,64.8,64.1,63.7,61.7,62.1,61.4,53.2,51.0,1.356,1.025,1.356,13.985,11.909,13.983,65.704,40.132,3.885,5.462,5.847,4.581,3.868,2.586,3.291,2.916,2.531,18.861,12.253,31.114,40.219,1197.8,1197.8,4101.3,4105.0,4097.6,4105.0,45.7,23.3,73.0,74.0,60.5,No,No,No,1.492,0.528,5.8,49,95.0,100.0,No,No,91229,99001,32,99.0,No,No,3320,0.0,0.0,0.0,0.000,0.010,11086,8860,0.0,0.0,0.0,0.000,0.000,50,0,51.2,66.1,83.0,0.769,12.143,12.190,12.163,12.076,1129,47.681,18.355,25.203,7.887,39.760,25.722,14.001,0.336,25.203,22.753,2.815,19.869,220.000,240.000,1380.0,1750.2,1200.0,1369.8,1305.0,39.0,10.0,0.0,3.0,29.7,5.0,19.8,0.0,0.0,0.0,33,Yes,No,No,No,No,Yes,No,21.8,26.8,0,0,0,0,0,0,0,0,0,12,0,0,0,0,0,0,0,0,0,0,0,0,0,0,0,0,0,0,0,0,5763,2429,2264,131,8.0,239.8,259.8,221.2,210.3,214.7,209.0,153.3,242.8,80.0,79.9,79.9,79.9,4.17,4.61,3.81,3.53,4.72,4.84,0.32,0.37,4.07,0.10,2.26,0,0,0.0,0.0,196,28,2.1,1.9,0,
5.7.2026,22:32:4.825,18002,27992,39.1,12968,19714,39.6,0.2,13312,23,1.327,1.325,1.337,1.325,1.325,1.325,1.325,1.325,1.325,4092.6,4092.6,4092.6,4092.6,4092.6,4092.6,4092.6,4092.6,4092.6,99.8,1084.5,3444.4,1055.1,3032.7,804.1,1959.0,831.3,1439.6,761.0,443.7,288.8,1014.7,586.5,683.7,455.9,289.4,262.4,1084.5,24.4,60.3,24.7,73.7,19.1,47.2,19.4,34.6,17.8,9.8,6.7,24.1,13.6,15.7,10.5,6.8,6.0,73.7,24.4,27.7,68.6,28.1,83.8,21.7,53.6,22.1,39.3,20.3,11.9,7.5,27.3,15.4,17.8,11.9,7.7,6.8,27.7,41.0,41.0,41.0,41.0,41.0,41.0,41.0,41.0,41.0,0.0,72.7,83.9,93.2,81.6,76.9,58.9,68.3,62.9,56.1,27.3,16.1,6.8,18.4,23.1,41.1,31.7,37.1,43.9,0.0,0.0,0.0,0.0,0.0,0.0,0.0,0.0,0.0,1197.8,12.00,16,16,16,39,55,661,1,70.4,69.9,69.5,66.0,68.7,69.3,68.0,66.5,63.8,64.7,63.9,63.2,61.7,62.1,61.4,53.8,50.9,1.344,1.031,1.350,13.789,11.874,13.793,65.471,39.818,3.834,5.412,5.883,4.520,3.850,2.501,3.300,2.889,2.318,18.582,12.214,30.796,39.904,1197.8,1197.8,4103.2,4105.1,4101.4,4105.1,45.3,23.0,72.7,73.6,60.4,No,No,No,1.442,0.503,5.8,50,95.0,100.0,No,No,91229,99001,32,99.0,No,No,3320,0.0,0.0,0.0,0.000,0.018,11086,8860,0.0,0.0,0.0,0.000,0.000,50,0,51.1,66.4,83.0,0.775,12.141,12.189,12.161,12.075,1128,48.347,18.622,25.873,8.106,40.033,25.634,14.373,0.336,25.873,22.578,6.520,16.891,220.000,240.000,1395.0,1750.2,1230.0,1375.8,1335.0,37.0,10.0,0.0,3.0,29.7,5.0,20.1,0.0,0.0,0.0,33,Yes,No,No,No,No,Yes,No,22.0,24.4,0,0,0,0,0,0,0,0,0,12,0,0,0,0,0,0,0,0,0,0,0,0,0,0,0,0,0,0,0,0,5763,2429,2264,131,8.0,239.7,261.5,222.7,212.7,217.8,210.3,164.0,242.1,119.2,118.9,119.1,118.9,4.17,4.48,3.81,3.58,4.61,4.80,0.38,0.39,4.07,0.10,2.64,0,0,0.0,0.0,196,28,2.7,1.5,0,
5.7.2026,22:32:6.840,18000,27994,39.1,12967,19714,39.6,0.2,13312,23,1.332,1.319,1.350,1.331,1.331,1.331,1.331,1.331,1.331,4086.4,4042.7,4092.6,4092.6,4092.6,4092.6,4092.6,4092.6,4092.6,99.8,1179.7,3562.8,1139.2,2952.9,952.6,2123.2,945.0,1573.7,895.8,508.1,370.9,1129.2,707.2,789.4,527.2,336.0,361.9,1179.7,26.3,62.7,26.2,71.5,22.1,51.0,21.7,37.4,20.6,12.3,8.1,26.4,16.2,17.8,11.7,7.4,8.0,71.5,26.3,30.2,71.4,30.2,81.4,25.6,58.2,25.1,42.8,23.8,13.6,9.7,30.4,18.7,20.7,13.7,8.9,9.5,30.2,40.9,40.5,41.0,41.0,41.0,41.0,41.0,41.0,41.0,0.0,76.2,86.9,93.5,85.1,80.5,63.0,72.2,67.3,60.8,23.8,13.1,6.5,14.9,19.5,37.0,27.8,32.7,39.2,0.0,0.0,0.0,0.0,0.0,0.0,0.0,0.0,0.0,1197.8,12.00,16,16,16,39,55,661,1,70.2,70.2,76.5,66.3,69.3,69.2,68.6,66.8,64.1,65.0,64.2,63.6,61.8,62.2,61.4,53.0,51.2,1.294,1.038,1.306,14.531,11.963,14.529,68.542,40.902,3.997,5.642,5.787,4.816,4.059,2.657,3.500,3.047,2.465,19.566,12.313,31.879,40.989,1197.8,1197.8,4101.2,4101.7,4100.7,4101.7,46.6,24.2,76.2,73.9,61.0,No,No,No,1.477,0.489,6.1,49,95.0,100.0,No,No,91229,99001,32,99.0,No,No,3320,0.4,0.7,1.1,1.817,8.049,11089,8876,0.0,0.0,0.0,0.000,0.000,50,0,51.2,66.4,83.0,0.762,12.140,12.187,12.160,12.072,1129,48.541,18.695,25.976,8.372,40.564,26.113,14.430,0.336,25.976,23.278,2.850,19.056,220.000,240.000,1365.0,1750.2,1185.0,1387.8,1290.0,39.0,11.0,0.0,3.0,29.6,5.0,20.0,0.0,0.0,0.0,33,Yes,No,No,No,No,Yes,No,22.4,26.2,0,0,0,0,0,0,0,0,0,12,0,0,0,0,0,0,0,0,0,0,0,0,0,0,0,0,0,0,0,0,5764,2428,2263,129,8.0,239.8,258.4,223.2,216.7,219.4,215.7,167.4,243.0,119.3,84.5,95.7,80.0,4.17,4.55,3.84,3.81,4.63,4.70,0.35,0.33,4.06,0.11,2.32,0,0,0.0,0.0,196,28,2.1,2.0,0,
5.7.2026,22:32:8.829,17995,27999,39.1,12970,19712,39.6,0.2,13312,23,1.333,1.331,1.337,1.337,1.331,1.331,1.331,1.331,1.331,4108.2,4092.6,4092.6,4092.6,4117.6,4117.6,4117.6,4117.6,4117.6,99.8,1153.3,3469.8,1065.0,3043.1,817.4,1709.6,1141.4,1315.6,988.9,427.9,380.4,996.4,915.2,677.4,591.3,420.8,492.3,1153.3,26.3,61.0,25.2,74.1,19.6,41.5,27.2,31.7,23.6,10.3,9.1,23.8,21.9,15.8,14.1,10.2,12.0,74.1,26.3,29.6,69.1,28.3,83.9,22.0,46.9,30.6,35.7,26.5,11.4,10.0,26.7,24.6,17.6,15.7,11.2,13.2,29.6,41.2,41.0,41.0,41.0,41.2,41.2,41.2,41.2,41.2,0.0,74.8,84.8,93.6,82.2,78.4,60.4,72.5,65.9,60.5,25.2,15.2,6.4,17.8,21.6,39.6,27.5,34.1,39.5,0.0,0.0,0.0,0.0,0.0,0.0,0.0,0.0,0.0,1197.8,12.00,16,16,16,39,55,661,1,70.8,71.3,70.0,66.6,68.8,69.3,68.3,66.7,64.2,66.2,64.6,65.0,61.9,62.2,61.5,54.0,51.2,1.350,1.025,1.350,14.426,11.899,14.427,67.295,40.687,3.999,5.363,5.756,4.542,3.949,2.592,3.807,3.076,2.907,19.412,12.246,31.658,40.757,1197.8,1197.8,4094.6,4095.1,4094.1,4095.1,46.3,24.0,74.8,75.0,60.4,No,No,No,1.387,0.449,6.0,50,95.0,100.0,No,No,91229,99001,32,99.0,No,No,3320,0.0,0.1,0.1,0.000,0.104,11089,8876,0.0,0.0,0.0,0.000,0.000,50,0,51.3,66.4,83.0,0.806,12.139,12.185,12.159,12.073,1129,48.889,18.993,26.413,8.542,41.072,26.367,14.674,0.336,26.413,23.494,2.960,19.656,220.000,240.000,1485.0,1750.2,1305.0,1390.0,1410.0,42.0,12.0,0.0,3.0,29.7,5.3,21.1,0.0,0.0,0.0,33,Yes,No,No,No,No,Yes,No,22.7,27.5,0,0,0,0,0,0,0,0,0,12,0,0,0,0,0,0,0,0,0,0,0,0,0,0,0,0,0,0,0,0,5763,2429,2264,129,8.0,239.8,261.1,217.3,203.2,208.7,201.2,182.4,242.7,119.1,119.1,119.1,119.1,4.17,4.67,3.79,3.37,4.82,5.00,0.38,0.40,4.07,0.10,2.28,0,0,0.0,0.0,196,28,2.4,1.8,0,
5.7.2026,22:32:10.827,17994,27999,39.1,12965,19716,39.6,0.2,13312,23,1.336,1.331,1.331,1.331,1.331,1.331,1.344,1.344,1.344,4092.6,4092.6,4117.6,4117.6,4067.7,4067.7,4092.6,4092.6,4092.6,99.8,1141.8,3497.1,1140.1,3091.8,876.1,1357.8,1520.2,1171.2,1143.7,419.8,365.3,931.8,773.4,654.6,561.9,320.7,442.8,1141.8,25.8,60.5,26.9,75.2,20.9,32.1,36.3,28.0,27.2,10.1,8.7,22.2,18.4,15.1,13.2,7.7,10.0,75.2,25.8,29.2,68.7,30.4,85.4,23.5,36.9,41.1,31.6,30.7,11.1,9.6,25.0,20.5,16.9,14.8,8.5,11.8,29.2,41.0,41.0,41.2,41.2,40.8,40.8,41.0,41.0,41.0,0.0,74.3,85.3,94.3,82.3,78.6,60.4,69.7,64.6,58.8,25.7,14.7,5.7,17.7,21.4,39.6,30.3,35.4,41.2,0.0,0.0,0.0,0.0,0.0,0.0,0.0,0.0,0.0,1197.8,12.00,16,16,16,39,55,661,1,70.6,70.2,68.2,66.2,68.8,69.6,68.2,66.7,63.9,64.8,64.1,63.5,61.8,62.2,61.4,55.5,51.4,1.344,1.025,1.344,14.059,11.921,14.057,66.834,40.205,3.905,5.492,5.947,4.567,3.948,2.538,3.364,2.954,2.427,18.932,12.265,31.196,40.297,1197.8,1197.8,4100.1,4101.9,4098.3,4101.9,45.8,23.4,74.3,73.9,60.4,No,No,No,1.420,0.454,5.9,49,95.0,100.0,No,No,91229,99001,32,99.0,No,No,3320,0.0,0.0,0.0,0.000,0.006,11089,8876,0.0,0.0,0.0,0.000,0.000,50,0,51.1,66.4,83.0,0.762,12.141,12.188,12.161,12.074,1130,50.713,17.782,24.325,7.557,39.120,25.586,13.513,0.336,24.325,22.677,3.410,16.969,220.000,240.000,1365.0,1750.2,1185.0,1482.1,1290.0,37.0,10.0,0.0,3.0,29.7,4.8,19.2,0.0,0.0,0.0,33,Yes,No,No,No,No,Yes,No,21.4,24.6,0,0,0,0,0,0,0,0,0,12,0,0,0,0,0,0,0,0,0,0,0,0,0,0,0,0,0,0,0,0,5763,2429,2264,129,8.0,239.8,259.9,223.7,222.0,222.8,221.6,158.1,243.6,80.0,79.8,79.9,79.8,4.17,4.50,3.84,3.60,4.53,4.58,0.35,0.52,4.07,0.10,2.47,0,0,0.0,0.0,196,28,2.5,1.9,0,
5.7.2026,22:32:12.832,17991,28002,39.1,12959,19723,39.6,0.2,13312,23,1.337,1.331,1.325,1.325,1.344,1.344,1.344,1.344,1.344,4102.0,4117.6,4117.6,4117.6,4092.6,4092.6,4092.6,4092.6,4092.6,99.8,1114.6,3500.7,1140.5,3067.4,823.1,1399.5,1455.7,1192.7,1064.6,352.8,345.6,874.3,784.8,600.7,532.5,237.5,461.8,1114.6,24.8,60.0,26.4,74.5,19.2,33.8,34.3,28.2,24.8,7.8,7.6,20.3,18.1,13.2,11.9,5.0,11.2,74.5,24.8,28.5,68.4,30.5,84.8,22.2,38.2,39.4,32.4,28.7,9.4,9.1,23.5,21.0,15.5,14.0,6.2,12.5,28.5,41.1,41.2,41.2,41.2,41.0,41.0,41.0,41.0,41.0,0.0,73.6,85.4,94.1,82.4,78.0,59.3,69.0,63.7,57.0,26.4,14.6,5.9,17.6,22.0,40.7,31.0,36.3,43.0,0.0,0.0,0.0,0.0,0.0,0.0,0.0,0.0,0.0,1197.8,12.00,16,16,16,39,55,661,1,70.5,70.0,70.8,66.1,68.9,69.4,68.1,66.5,63.8,64.7,64.0,63.4,61.7,62.1,61.3,54.2,51.1,1.356,1.025,1.363,13.961,11.878,13.959,66.223,40.003,3.854,5.485,5.906,4.518,3.868,2.476,3.330,2.891,2.361,18.802,12.221,31.023,40.119,1197.8,1197.8,4101.6,4103.1,4100.2,4103.1,45.6,23.3,73.6,73.7,60.8,No,No,No,1.415,0.453,5.9,49,95.0,100.0,No,No,91229,99001,32,99.0,No,No,3320,0.0,0.0,0.0,0.000,0.089,11089,8876,0.0,0.0,0.0,0.000,0.000,50,0,51.4,66.6,83.0,0.806,12.137,12.184,12.158,12.070,1128,47.814,20.371,28.492,9.284,41.895,26.035,15.829,0.336,28.492,22.981,8.951,21.419,220.000,240.000,1485.0,1750.2,1305.0,1366.1,1410.0,38.0,11.0,0.0,3.0,29.7,5.3,21.0,0.0,0.0,0.0,33,Yes,No,No,No,No,Yes,No,23.4,27.1,0,0,0,0,0,0,0,0,0,12,0,0,0,0,0,0,0,0,0,0,0,0,0,0,0,0,0,0,0,0,5763,2429,2264,129,8.0,239.7,260.1,221.3,219.3,220.0,219.0,168.0,242.9,119.3,119.2,119.2,119.2,4.17,4.55,3.78,3.52,4.56,4.59,0.39,0.46,4.08,0.09,2.47,0,0,0.0,0.0,196,28,2.4,2.6,0,
5.7.2026,22:32:14.833,17996,27997,39.1,12962,19719,39.6,0.2,13312,23,1.333,1.337,1.337,1.331,1.331,1.331,1.331,1.331,1.331,4092.6,4092.6,4092.6,4092.6,4092.6,4092.6,4092.6,4092.6,4092.6,99.8,1199.0,3527.3,1898.4,2916.2,984.5,1881.6,1091.0,1324.4,1022.5,406.5,413.3,1052.1,688.0,667.7,583.1,283.9,443.7,1199.0,26.1,46.5,45.3,70.8,23.3,45.3,25.7,31.6,24.0,9.5,9.6,24.9,16.0,15.2,13.5,6.5,10.4,70.8,26.1,29.7,52.9,51.6,80.5,26.6,51.5,29.3,35.9,27.4,10.8,10.9,28.4,18.2,17.3,15.4,7.5,11.9,29.7,41.0,41.0,41.0,41.0,41.0,41.0,41.0,41.0,41.0,0.0,75.4,86.0,93.9,84.3,79.3,62.4,71.3,66.2,60.1,24.6,14.0,6.1,15.7,20.7,37.6,28.7,33.8,39.9,0.0,0.0,0.0,0.0,0.0,0.0,0.0,0.0,0.0,1197.8,12.00,16,16,16,39,55,661,1,70.5,70.3,71.8,66.3,69.1,69.4,68.5,66.7,64.1,65.1,64.3,63.5,61.9,62.2,61.5,55.8,51.6,1.344,1.031,1.350,14.297,11.904,14.299,67.903,40.570,3.958,5.591,5.876,4.708,3.997,2.608,3.455,2.995,2.431,19.251,12.248,31.499,40.611,1197.8,1197.8,4100.9,4101.4,4100.4,4101.4,46.1,23.8,75.4,74.0,60.6,No,No,No,1.459,0.473,6.0,49,95.0,100.0,No,No,91229,99001,32,99.0,No,No,3320,0.0,0.0,0.0,0.000,0.010,11089,8876,0.0,0.0,0.0,0.000,0.000,50,0,51.1,66.1,83.0,0.769,12.140,12.187,12.160,12.074,1129,50.472,17.820,24.410,7.836,39.314,25.718,13.561,0.336,24.410,23.049,2.886,16.678,220.000,240.000,1380.0,1750.2,1200.0,1468.6,1305.0,36.0,10.0,0.0,3.0,29.7,4.7,18.8,0.0,0.0,0.0,33,Yes,No,No,No,No,Yes,No,21.6,23.5,0,0,0,0,0,0,0,0,0,12,0,0,0,0,0,0,0,0,0,0,0,0,0,0,0,0,0,0,0,0,5763,2429,2264,129,8.0,239.7,261.7,220.9,217.0,219.1,215.9,150.9,242.0,79.9,79.9,79.9,79.9,4.17,4.56,3.78,3.75,4.63,4.72,0.30,0.50,4.07,0.10,1.93,0,0,0.0,0.0,196,28,2.5,2.3,0,
5.7.2026,22:32:16.830,17988,28006,39.1,12957,19725,39.6,0.2,13312,23,1.326,1.331,1.325,1.325,1.325,1.325,1.325,1.325,1.325,4095.7,4117.6,4092.6,4092.6,4092.6,4092.6,4092.6,4092.6,4092.6,99.8,1133.1,3452.4,2111.4,2979.9,869.7,1653.2,1093.3,1333.8,868.0,318.1,329.2,965.2,612.0,593.6,511.7,194.5,243.2,1133.1,24.4,38.1,50.9,72.4,20.9,40.0,26.0,32.1,20.6,7.7,7.9,23.1,14.4,13.7,12.1,4.7,5.9,72.4,24.4,27.5,43.2,57.7,82.3,23.6,45.3,29.3,36.3,23.2,8.4,8.6,26.0,16.2,15.3,13.5,5.1,6.4,27.5,41.0,41.2,41.0,41.0,41.0,41.0,41.0,41.0,41.0,0.0,72.5,84.1,93.9,81.4,77.5,57.7,68.3,63.4,53.9,27.5,15.9,6.1,18.6,22.5,42.3,31.7,36.6,46.1,0.0,0.0,0.0,0.0,0.0,0.0,0.0,0.0,0.0,1197.8,12.00,16,16,16,39,55,661,1,70.4,70.0,70.5,65.9,68.8,69.2,67.8,66.5,63.7,64.6,63.8,63.0,61.7,62.1,61.4,55.0,51.1,1.369,1.025,1.356,13.836,11.873,13.832,65.280,39.825,3.805,5.483,5.851,4.468,3.846,2.433,3.287,2.869,2.202,18.645,12.216,30.861,39.949,1197.8,1197.8,4104.8,4106.2,4103.4,4106.2,45.4,23.1,72.5,73.7,61.1,No,No,No,1.371,0.425,5.8,49,95.0,100.0,No,No,91229,99001,32,99.0,No,No,3320,0.0,0.0,0.0,0.000,0.014,11089,8876,0.0,0.0,0.0,0.000,0.000,50,0,51.3,66.7,83.0,0.800,12.138,12.185,12.159,12.071,1130,49.326,19.765,29.131,9.407,42.214,25.988,16.184,0.336,29.131,22.782,3.173,19.302,220.000,240.000,1470.0,1750.2,1290.0,1427.2,1395.0,39.0,11.0,0.0,3.0,29.7,5.3,21.3,0.0,0.0,0.0,33,Yes,No,No,No,No,Yes,No,23.6,27.2,0,0,0,0,0,0,0,0,0,12,0,0,0,0,0,0,0,0,0,0,0,0,0,0,0,0,0,0,0,0,5763,2429,2264,129,8.0,239.7,264.0,220.2,197.6,209.6,191.8,167.7,243.4,119.1,118.9,119.0,118.9,4.17,4.58,3.74,3.43,4.83,5.29,0.32,0.54,4.07,0.10,2.70,0,0,0.0,0.0,196,28,2.3,1.7,0,
5.7.2026,22:32:18.826,17991,28003,39.1,12958,19724,39.6,0.2,13312,23,1.333,1.331,1.337,1.337,1.331,1.331,1.331,1.331,1.331,4102.0,4167.5,4092.6,4092.6,4092.6,4092.6,4092.6,4092.6,4092.6,99.8,1161.1,3496.1,2107.8,2833.3,1000.9,1357.6,1479.3,1168.9,1129.6,312.3,373.0,895.7,700.5,572.7,573.3,225.3,351.7,1161.1,25.0,41.6,50.8,68.9,24.1,32.2,35.4,28.2,26.4,6.9,8.4,20.9,16.0,13.2,13.0,5.6,7.9,68.9,25.0,28.4,47.0,57.5,78.2,27.1,36.9,40.0,31.7,30.3,8.2,9.9,24.0,18.5,14.7,15.1,5.9,9.3,28.4,41.1,41.8,41.0,41.0,41.0,41.0,41.0,41.0,41.0,0.0,73.6,85.2,93.2,82.5,78.6,58.4,68.9,64.4,57.4,26.4,14.8,6.8,17.5,21.4,41.6,31.1,35.6,42.6,0.0,0.0,0.0,0.0,0.0,0.0,0.0,0.0,0.0,1197.8,12.00,16,16,16,39,55,661,1,70.4,70.2,73.0,66.1,69.0,69.3,68.0,66.6,63.8,64.7,64.1,63.3,61.8,62.2,61.4,52.8,50.6,1.331,1.031,1.337,13.997,11.895,14.000,66.230,40.156,3.861,5.606,5.839,4.527,3.944,2.433,3.285,2.918,2.334,18.851,12.240,31.091,40.196,1197.8,1197.8,4102.7,4103.5,4101.9,4103.5,45.7,23.3,73.6,73.9,60.8,No,No,No,1.419,0.455,5.9,49,95.0,100.0,No,No,91229,99001,32,99.0,No,No,3320,0.0,0.0,0.0,0.000,0.069,11089,8876,0.0,0.0,0.0,0.000,0.000,50,0,50.9,65.9,83.0,0.762,12.145,12.192,12.164,12.078,1133,50.374,20.159,25.970,8.217,40.385,25.931,14.427,0.336,25.970,22.942,20.113,17.301,220.000,240.000,1365.0,1750.2,1185.0,1454.9,1290.0,36.0,10.0,0.0,3.0,29.7,4.8,19.1,0.0,0.0,0.0,33,Yes,No,No,No,No,Yes,No,20.8,24.8,0,0,0,0,0,0,0,0,0,12,0,0,0,0,0,0,0,0,0,0,0,0,0,0,0,0,0,0,0,0,5763,2429,2264,129,8.0,239.8,258.9,222.6,217.2,219.0,216.9,145.9,242.2,79.8,79.7,79.7,79.6,4.17,4.54,3.86,3.60,4.59,4.63,0.31,0.50,4.07,0.10,2.20,0,0,0.0,0.0,196,28,2.6,2.5,0,
5.7.2026,22:32:20.826,17995,27998,39.1,12962,19719,39.6,0.2,13312,23,1.338,1.337,1.337,1.337,1.337,1.337,1.337,1.337,1.337,4092.6,4092.6,4092.6,4092.6,4092.6,4092.6,4092.6,4092.6,4092.6,99.8,1152.6,3461.5,2076.5,2877.2,868.4,812.4,2006.4,713.4,1656.0,266.7,431.7,684.2,932.7,471.8,701.9,199.6,281.2,1152.6,25.0,40.1,49.9,69.8,20.5,19.7,48.1,16.6,40.1,6.8,10.7,16.6,22.5,10.4,17.0,4.5,7.1,69.8,25.0,28.2,45.6,56.8,79.4,23.4,21.8,54.7,19.0,45.1,7.0,11.5,18.2,25.0,11.9,18.7,5.2,7.4,28.2,41.0,41.0,41.0,41.0,41.0,41.0,41.0,41.0,41.0,0.0,73.2,84.4,92.1,82.2,78.9,59.5,69.0,64.7,55.0,26.8,15.6,7.9,17.8,21.1,40.5,31.0,35.3,45.0,0.0,0.0,0.0,0.0,0.0,0.0,0.0,0.0,0.0,1197.8,12.00,16,16,16,39,55,661,1,70.4,70.1,70.5,66.1,68.8,69.2,68.1,66.9,63.8,64.7,64.1,63.2,61.7,62.1,61.3,55.0,51.0,1.356,1.031,1.356,14.029,11.879,14.030,65.915,40.105,3.866,5.514,5.772,4.551,4.085,2.483,3.331,2.940,2.250,18.888,12.222,31.110,40.215,1197.8,1197.8,4102.1,4103.0,4101.2,4103.0,45.7,23.4,73.2,73.8,60.9,No,No,No,1.431,0.507,5.9,49,95.0,100.0,No,No,91229,99001,32,99.0,No,No,3320,0.0,0.1,0.1,0.000,0.026,11089,8876,0.0,0.0,0.0,0.000,0.000,50,0,50.8,65.8,83.0,0.756,12.144,12.191,12.164,12.078,1128,46.672,17.861,24.228,7.668,39.362,25.882,13.459,0.336,24.228,23.118,2.635,17.696,220.000,240.000,1350.0,1750.2,1185.0,1344.4,1275.0,35.0,9.0,0.0,3.0,29.7,5.0,20.0,0.0,0.0,0.0,33,Yes,No,No,No,No,Yes,No,21.0,24.1,0,0,0,0,0,0,0,0,0,12,0,0,0,0,0,0,0,0,0,0,0,0,0,0,0,0,0,0,0,0,5763,2429,2264,124,8.0,239.8,261.8,217.4,213.1,214.3,212.8,142.6,241.9,79.8,62.1,68.5,60.0,4.17,4.66,3.77,3.52,4.70,4.72,0.33,0.41,4.07,0.11,2.25,0,0,0.0,0.0,196,28,2.8,2.9,0,
5.7.2026,22:32:22.832,17995,27999,39.1,12961,19721,39.6,0.2,13312,23,1.335,1.350,1.337,1.337,1.331,1.331,1.331,1.331,1.331,4092.6,4092.6,4092.6,4092.6,4092.6,4092.6,4092.6,4092.6,4092.6,99.8,1208.4,3508.9,2083.4,2806.3,1009.6,838.3,2150.5,711.7,1660.7,287.9,433.0,733.7,941.5,559.4,694.6,307.2,606.9,1208.4,25.8,41.2,49.8,68.0,23.7,19.4,51.4,16.3,39.4,6.3,9.8,16.9,21.9,12.2,15.9,6.8,14.1,68.0,25.8,29.7,47.1,56.9,77.4,27.3,22.5,58.7,19.0,45.1,7.6,11.5,19.6,25.2,14.3,18.5,8.1,16.5,29.7,41.0,41.0,41.0,41.0,41.0,41.0,41.0,41.0,41.0,0.0,75.4,85.6,92.5,84.5,79.8,61.2,70.8,66.8,62.0,24.6,14.4,7.5,15.5,20.2,38.8,29.2,33.2,38.0,0.0,0.0,0.0,0.0,0.0,0.0,0.0,0.0,0.0,1197.8,12.00,16,16,16,39,55,661,1,70.4,70.3,69.2,66.3,68.9,69.3,68.6,66.7,63.9,64.9,64.2,63.7,61.8,62.2,61.4,53.8,50.8,1.350,1.025,1.350,14.212,11.906,14.214,67.838,40.443,3.938,5.520,5.831,4.727,4.031,2.500,3.373,3.006,2.517,19.138,12.255,31.393,40.499,1197.8,1197.8,4101.1,4101.5,4100.7,4102.3,46.0,23.7,75.4,74.0,60.5,No,No,No,1.427,0.426,6.0,49,95.0,100.0,No,No,91229,99001,32,99.0,No,No,3320,0.0,0.0,0.0,0.000,0.006,11089,8876,0.0,0.0,0.0,0.000,0.000,50,0,50.8,65.9,83.0,0.769,12.139,12.186,12.159,12.073,1132,47.751,18.098,24.645,7.896,39.542,25.823,13.691,0.336,24.645,23.102,2.835,18.462,220.000,240.000,1380.0,1750.2,1200.0,1376.1,1305.0,31.0,8.0,0.0,2.0,29.7,4.9,19.4,0.0,0.0,0.0,33,Yes,No,No,No,No,Yes,No,21.7,24.7,0,0,0,0,0,0,0,0,0,12,0,0,0,0,0,0,0,0,0,0,0,0,0,0,0,0,0,0,0,0,5763,2429,2264,124,8.0,239.8,261.0,218.3,216.8,217.2,216.7,159.8,242.5,79.8,62.3,68.4,60.0,4.17,4.63,3.78,3.72,4.66,4.68,0.33,0.50,4.07,0.10,2.11,0,0,0.0,0.0,196,28,2.8,1.9,0,
5.7.2026,22:32:24.828,17998,27995,39.1,12965,19716,39.6,0.2,13312,23,1.325,1.337,1.331,1.331,1.331,1.331,1.312,1.312,1.312,4064.5,4117.6,4092.6,4092.6,4042.7,4042.7,4042.7,4042.7,4042.7,99.8,1168.3,3498.2,2126.3,2814.2,892.8,1169.4,1664.5,832.1,1457.9,299.2,369.9,800.5,772.7,496.5,602.2,281.3,615.2,1168.3,25.2,39.2,51.2,68.3,21.4,28.1,40.1,19.7,34.9,7.1,8.8,19.0,18.3,11.2,14.2,6.6,14.7,68.3,25.2,28.4,44.4,58.1,77.5,24.1,31.8,45.4,22.3,39.5,7.9,9.8,21.4,20.6,12.6,16.0,7.3,16.4,28.4,40.7,41.2,41.0,41.0,40.5,40.5,40.5,40.5,40.5,0.0,73.5,85.4,91.4,82.0,77.7,58.8,69.1,64.1,59.2,26.5,14.6,8.6,18.0,22.3,41.2,30.9,35.9,40.8,0.0,0.0,0.0,0.0,0.0,0.0,0.0,0.0,0.0,1197.8,12.00,16,16,16,39,55,661,1,70.5,71.0,71.0,66.2,69.1,69.0,68.2,66.6,63.8,65.0,64.0,64.3,61.7,62.1,61.3,55.5,51.1,1.344,1.031,1.356,14.013,11.833,14.006,66.098,40.035,3.896,5.597,5.618,4.580,3.954,2.445,3.349,2.860,2.768,18.871,12.178,31.049,40.127,1197.8,1197.8,4098.4,4099.8,4097.0,4100.5,45.6,23.3,73.4,74.7,60.4,No,No,No,1.317,0.383,5.9,49,95.0,100.0,No,No,91229,99001,32,99.0,No,No,3320,0.0,0.1,0.2,0.008,0.326,11089,8877,0.0,0.0,0.0,0.000,0.000,50,0,51.1,66.2,83.0,0.787,12.141,12.188,12.161,12.075,1128,46.347,18.900,26.679,8.470,40.837,25.984,14.821,0.336,26.679,22.931,2.985,19.279,220.000,240.000,1440.0,1750.2,1260.0,1399.0,1365.0,40.0,12.0,0.0,3.0,29.7,4.8,19.1,0.0,0.0,0.0,33,Yes,No,No,No,No,Yes,No,22.6,22.9,0,0,0,0,0,0,0,0,0,12,0,0,0,0,0,0,0,0,0,0,0,0,0,0,0,0,0,0,0,0,5761,2431,2266,124,8.0,239.7,267.7,215.7,201.6,208.3,198.3,155.4,243.3,60.0,59.9,59.9,59.9,4.17,4.62,3.71,3.29,4.82,5.09,0.33,0.55,4.07,0.10,2.39,0,0,0.0,0.0,196,28,2.2,2.2,0,
5.7.2026,22:32:26.835,18000,27993,39.1,12966,19715,39.6,0.2,13312,23,1.331,1.331,1.331,1.331,1.331,1.331,1.331,1.331,1.331,4092.6,4092.6,4092.6,4092.6,4092.6,4092.6,4092.6,4092.6,4092.6,99.8,1156.7,3547.2,1310.7,3077.7,842.9,1776.5,1210.3,1053.3,1354.1,337.5,382.2,836.1,860.7,612.9,617.5,343.4,344.4,1156.7,25.9,57.4,31.0,74.9,20.0,42.6,28.8,25.0,32.4,7.9,8.9,19.7,20.3,13.9,14.5,8.2,8.4,74.9,25.9,29.3,65.2,35.2,85.1,22.6,48.3,32.6,28.4,36.7,8.9,10.0,22.3,22.9,15.7,16.4,9.2,9.4,29.3,41.0,41.0,41.0,41.0,41.0,41.0,41.0,41.0,41.0,0.0,75.5,86.5,94.5,84.6,80.3,61.3,71.0,66.5,59.2,24.5,13.5,5.5,15.4,19.7,38.7,29.0,33.5,40.8,0.0,0.0,0.0,0.0,0.0,0.0,0.0,0.0,0.0,1197.8,12.00,16,16,16,39,55,661,1,70.4,70.2,72.8,66.2,68.8,69.5,68.5,66.8,63.8,64.8,64.1,63.4,61.8,62.2,61.4,54.2,50.8,1.350,1.031,1.350,14.194,11.926,14.198,67.934,40.428,3.936,5.447,5.901,4.766,4.077,2.515,3.394,2.996,2.395,19.115,12.274,31.389,40.502,1197.8,1197.8,4102.1,4103.0,4101.2,4103.0,46.0,23.7,75.5,73.9,60.5,No,No,No,1.476,0.489,6.0,49,95.0,100.0,No,No,91229,99001,32,99.0,No,No,3320,0.6,0.7,1.3,0.401,6.883,11090,8890,0.0,0.0,0.0,0.000,0.000,50,0,51.0,66.1,83.0,0.775,12.141,12.188,12.160,12.074,1129,49.118,18.824,26.354,8.227,40.603,25.935,14.640,0.336,26.354,22.787,2.820,20.179,220.000,240.000,1395.0,1750.2,1230.0,1434.9,1335.0,39.0,11.0,0.0,3.0,29.7,4.9,19.7,0.0,0.0,0.0,33,Yes,No,No,No,No,Yes,No,22.3,26.3,0,0,0,0,0,0,0,0,0,12,0,0,0,0,0,0,0,0,0,0,0,0,0,0,0,0,0,0,0,0,5761,2431,2266,124,8.0,239.8,256.6,224.5,219.4,221.9,218.3,161.6,242.4,80.0,62.4,68.6,60.0,4.17,4.50,3.85,3.80,4.54,4.58,0.36,0.50,4.07,0.10,2.37,0,0,0.0,0.0,196,28,6.9,4.7,0,
5.7.2026,22:32:28.832,18007,27987,39.1,12973,19709,39.6,0.2,13312,23,1.338,1.344,1.331,1.331,1.350,1.337,1.337,1.337,1.337,4089.5,4092.6,4067.7,4092.6,4092.6,4092.6,4092.6,4092.6,4092.6,99.8,1072.3,3399.4,1176.0,3048.2,799.2,1585.7,1224.8,982.4,1288.6,276.7,338.8,740.3,804.0,559.5,490.1,202.5,240.6,1072.3,23.6,53.5,27.5,74.0,18.8,38.0,28.9,23.3,30.6,6.3,7.8,17.3,18.7,12.5,11.1,4.5,5.4,74.0,23.6,27.0,60.9,31.4,84.2,21.6,43.4,33.0,26.6,34.9,7.3,9.0,19.8,21.4,14.4,12.8,5.3,6.3,27.0,41.0,41.0,40.8,41.0,41.0,41.0,41.0,41.0,41.0,0.0,71.9,82.8,93.1,81.8,77.6,57.4,67.4,61.9,53.4,28.1,17.2,6.9,18.2,22.4,42.6,32.6,38.1,46.6,0.0,0.0,0.0,0.0,0.0,0.0,0.0,0.0,0.0,1197.8,12.00,16,16,16,39,55,661,1,70.4,69.9,70.2,65.8,68.2,69.3,68.0,66.5,63.6,64.6,63.8,62.9,61.6,61.9,61.2,53.8,51.2,1.344,1.025,1.350,13.739,11.904,13.737,64.733,39.735,3.769,5.134,5.891,4.547,3.898,2.396,3.265,2.817,2.200,18.513,12.247,30.760,39.848,1197.8,1197.8,4104.7,4106.5,4102.9,4106.9,45.3,22.9,71.9,73.6,61.2,No,No,No,1.394,0.472,5.8,49,95.0,100.0,No,No,91229,99001,32,99.0,No,No,3320,0.0,0.1,0.1,0.000,0.090,11090,8890,0.0,0.0,0.0,0.000,0.000,50,0,50.8,65.9,83.0,0.781,12.143,12.191,12.163,12.077,1133,48.835,17.602,24.028,7.278,38.448,25.071,13.348,0.336,24.028,22.018,2.912,18.558,220.000,240.000,1425.0,1750.2,1245.0,1400.0,1350.0,37.0,10.0,0.0,3.0,29.7,5.1,20.3,0.0,0.0,0.0,33,Yes,No,No,No,No,Yes,No,20.9,25.2,0,0,0,0,0,0,0,0,0,12,0,0,0,0,0,0,0,0,0,0,0,0,0,0,0,0,0,0,0,0,5761,2431,2266,124,8.0,239.8,265.8,220.2,213.0,215.4,212.5,151.3,242.2,79.9,79.8,79.8,79.7,4.17,4.60,3.76,3.50,4.69,4.77,0.34,0.38,4.07,0.10,2.57,0,0,0.0,0.0,196,28,3.9,2.5,0,
5.7.2026,22:32:30.830,18005,27989,39.1,12971,19711,39.6,0.2,13312,23,1.333,1.350,1.331,1.331,1.337,1.337,1.337,1.319,1.319,4102.0,4092.6,4117.6,4092.6,4092.6,4092.6,4092.6,4117.6,4117.6,99.8,1127.8,3489.9,1305.5,2996.0,883.6,939.8,1929.1,760.3,1504.7,282.6,431.7,699.0,976.6,526.0,593.5,249.3,477.8,1127.8,25.4,56.2,31.1,72.9,21.4,22.6,46.5,18.1,36.3,6.9,10.5,16.8,23.3,12.1,14.2,6.1,11.7,72.9,25.4,28.5,63.7,35.0,82.7,23.9,25.3,52.6,20.2,40.9,7.4,11.5,18.7,26.2,13.4,15.7,6.6,12.9,28.5,41.1,41.0,41.2,41.0,41.0,41.0,41.0,41.2,41.2,0.0,74.0,85.1,93.8,83.3,78.3,59.9,69.5,64.2,57.6,26.0,14.9,6.2,16.7,21.7,40.1,30.5,35.8,42.4,0.0,0.0,0.0,0.0,0.0,0.0,0.0,0.0,0.0,1197.8,12.00,16,16,16,39,55,661,1,70.2,69.9,75.8,66.0,68.5,69.3,68.0,66.4,63.7,64.9,63.9,63.4,61.7,62.1,61.3,53.2,50.9,1.337,1.025,1.331,13.999,11.936,14.001,66.585,40.193,3.857,5.371,5.852,4.581,3.906,2.488,3.385,2.894,2.382,18.856,12.282,31.138,40.246,1197.8,1197.8,4102.2,4103.3,4101.0,4103.3,45.7,23.3,74.0,73.6,60.9,No,No,No,1.452,0.507,5.9,49,95.0,100.0,No,No,91229,99001,32,99.0,No,No,3320,0.0,0.0,0.0,0.000,0.008,11090,8890,0.0,0.0,0.0,0.000,0.000,50,0,50.8,65.9,83.0,0.756,12.137,12.184,12.157,12.072,1132,48.023,17.711,24.116,7.578,39.292,25.870,13.397,0.336,24.116,23.083,2.854,16.467,220.000,240.000,1350.0,1750.2,1185.0,1373.1,1275.0,37.0,10.0,0.0,3.0,29.7,4.9,19.7,0.0,0.0,0.0,33,Yes,No,No,No,No,Yes,No,21.5,26.2,0,0,0,0,0,0,0,0,0,12,0,0,0,0,0,0,0,0,0,0,0,0,0,0,0,0,0,0,0,0,5761,2431,2266,124,8.0,239.8,263.0,219.5,202.4,211.8,197.8,156.7,242.3,79.9,79.8,79.8,79.8,4.17,4.61,3.76,3.31,4.81,5.16,0.36,0.52,4.07,0.10,1.97,0,0,0.0,0.0,196,28,2.6,1.8,0,
5.7.2026,22:32:32.828,18012,27982,39.1,12974,19707,39.6,0.2,13312,23,1.334,1.325,1.344,1.331,1.331,1.331,1.331,1.337,1.337,4092.6,4092.6,4092.6,4092.6,4092.6,4092.6,4092.6,4092.6,4092.6,99.8,1146.6,3494.2,1310.4,3007.0,839.4,892.6,2133.1,793.9,1560.4,304.5,423.6,647.0,1033.8,509.3,695.4,216.9,484.6,1146.6,25.4,55.4,31.0,73.1,19.4,21.3,51.5,18.3,37.4,6.6,10.1,15.3,24.0,11.5,16.5,4.5,11.0,73.1,25.4,29.0,63.2,35.0,83.0,22.6,23.9,58.4,21.3,42.3,8.0,11.3,17.2,27.7,12.9,18.5,5.6,13.0,29.0,41.0,41.0,41.0,41.0,41.0,41.0,41.0,41.0,41.0,0.0,75.3,85.2,93.4,85.2,79.5,61.7,71.6,66.7,59.4,24.7,14.8,6.6,14.8,20.5,38.3,28.4,33.3,40.6,0.0,0.0,0.0,0.0,0.0,0.0,0.0,0.0,0.0,1197.8,12.00,16,16,16,39,55,661,1,70.2,70.1,72.5,66.2,68.7,69.1,68.6,66.7,63.8,64.9,64.1,63.4,61.7,62.1,61.3,55.0,50.9,1.350,1.038,1.356,14.230,11.941,14.229,67.796,40.463,3.911,5.336,5.816,4.829,4.017,2.522,3.404,2.971,2.389,19.163,12.286,31.449,40.555,1197.8,1197.8,4102.1,4102.4,4101.7,4102.4,46.1,23.7,75.3,73.8,61.0,No,No,No,1.464,0.494,6.0,49,95.0,100.0,No,No,91229,99001,32,99.0,No,No,3320,0.0,0.0,0.0,0.000,0.010,11090,8890,0.0,0.0,0.0,0.000,0.000,50,0,50.4,65.1,83.0,0.738,12.142,12.188,12.162,12.077,1130,44.644,16.359,21.912,6.715,36.339,24.141,12.173,0.336,21.912,21.471,2.735,15.855,220.000,240.000,1290.0,1250.2,1125.0,1305.8,1215.0,37.0,13.0,0.0,3.0,29.7,5.0,20.1,0.0,0.0,0.0,33,Yes,No,No,No,No,Yes,No,19.7,24.7,0,0,0,0,0,0,0,0,0,12,0,0,0,0,0,0,0,0,0,0,0,0,0,0,0,0,0,0,0,0,5760,2432,2267,124,8.0,239.8,262.3,219.7,215.8,217.9,214.7,153.3,242.1,79.9,62.1,68.4,59.8,4.17,4.57,3.79,3.58,4.61,4.65,0.35,0.41,4.07,0.10,2.57,0,0,0.0,0.0,196,28,2.3,2.1,0,
5.7.2026,22:32:34.823,18013,27981,39.1,12975,19707,39.7,0.2,13312,23,1.329,1.325,1.331,1.331,1.331,1.331,1.331,1.325,1.325,4098.9,4092.6,4092.6,4092.6,4092.6,4092.6,4092.6,4117.6,4117.6,99.8,1127.8,3459.0,1260.1,2921.6,902.2,1361.8,1682.3,1005.5,1323.7,326.6,392.6,733.3,917.3,541.2,569.3,258.3,389.2,1127.8,24.8,53.8,29.3,70.8,21.6,32.3,39.9,24.0,31.0,7.7,8.5,16.7,21.7,11.6,12.6,6.1,9.3,70.8,24.8,28.5,61.1,33.8,80.7,24.4,37.3,45.8,27.2,35.8,8.6,10.4,19.6,24.6,13.9,15.0,6.8,10.5,28.5,41.1,41.0,41.0,41.0,41.0,41.0,41.0,41.2,41.2,0.0,73.9,84.3,93.1,85.1,78.7,59.3,69.6,63.7,56.9,26.1,15.7,6.9,14.9,21.3,40.7,30.4,36.3,43.1,0.0,0.0,0.0,0.0,0.0,0.0,0.0,0.0,0.0,1197.8,12.00,16,16,16,39,55,661,1,70.2,70.2,69.8,66.1,68.5,69.4,68.6,66.7,63.6,64.7,63.8,63.3,61.7,62.1,61.3,52.5,50.8,1.331,1.038,1.344,13.991,11.883,13.987,66.467,40.063,3.869,5.225,5.870,4.873,3.988,2.472,3.322,2.858,2.344,18.839,12.229,31.068,40.165,1197.8,1197.8,4102.3,4103.5,4101.1,4103.5,45.6,23.3,73.9,73.9,60.7,No,No,No,1.458,0.499,5.9,49,95.0,100.0,No,No,91229,99001,32,99.0,No,No,3320,0.2,0.0,0.2,0.057,0.012,11090,8890,0.0,0.0,0.0,0.000,0.000,50,0,50.6,65.7,83.0,0.750,12.143,12.190,12.163,12.076,1130,46.930,17.675,23.369,7.412,38.896,25.880,12.983,0.336,23.369,23.251,4.808,16.449,220.000,240.000,1320.0,1750.2,1170.0,1331.3,1260.0,36.0,9.0,0.0,3.0,29.7,5.1,20.4,0.0,0.0,0.0,33,Yes,No,No,No,No,Yes,No,21.2,24.7,0,0,0,0,0,0,0,0,0,12,0,0,0,0,0,0,0,0,0,0,0,0,0,0,0,0,0,0,0,0,5760,2432,2267,124,8.0,239.8,266.1,223.3,215.5,218.4,215.0,160.5,242.8,119.1,84.1,95.5,79.8,4.17,4.54,3.70,3.65,4.60,4.66,0.33,0.37,4.06,0.11,2.44,0,0,0.0,0.0,196,28,2.2,1.7,0,
5.7.2026,22:32:36.835,18014,27980,39.1,12979,19702,39.7,0.2,13312,23,1.337,1.325,1.344,1.337,1.337,1.337,1.337,1.337,1.337,4117.6,4117.6,4117.6,4117.6,4117.6,4117.6,4117.6,4117.6,4117.6,99.8,1101.9,3475.3,1181.9,3077.4,771.7,1954.3,999.1,1356.8,885.8,339.6,332.5,914.9,688.8,670.4,500.5,209.8,271.2,1101.9,24.6,55.9,27.8,74.8,18.4,47.2,23.6,32.5,20.9,8.0,7.8,21.7,16.1,15.4,11.7,4.9,6.3,74.8,24.6,27.9,63.5,31.6,85.0,20.9,53.6,26.8,36.9,23.7,9.0,8.8,24.7,18.2,17.4,13.2,5.5,7.1,27.9,41.2,41.2,41.2,41.2,41.2,41.2,41.2,41.2,41.2,0.0,73.5,84.7,93.7,84.0,77.5,58.8,69.6,64.2,55.2,26.5,15.3,6.3,16.0,22.5,41.2,30.4,35.8,44.8,0.0,0.0,0.0,0.0,0.0,0.0,0.0,0.0,0.0,1197.8,12.00,16,16,16,39,55,661,1,70.2,70.1,69.5,66.0,68.5,69.5,68.4,66.5,63.7,64.7,64.1,63.0,61.6,62.0,61.2,55.5,51.4,1.350,1.025,1.350,13.969,11.854,13.976,66.111,40.041,3.858,5.338,5.977,4.718,3.871,2.436,3.336,2.946,2.244,18.813,12.198,31.011,40.128,1197.8,1197.8,4104.1,4104.4,4103.8,4104.4,45.6,23.3,73.5,73.8,60.7,No,No,No,1.453,0.557,5.9,49,95.0,100.0,No,No,91229,99001,32,99.0,No,No,3320,0.0,0.0,0.0,0.067,0.014,11090,8890,0.0,0.0,0.0,0.000,0.000,50,0,50.8,66.1,83.0,0.769,12.138,12.184,12.158,12.072,1132,48.122,20.089,25.615,8.017,40.269,26.014,14.230,0.336,25.615,22.990,19.715,18.095,220.000,240.000,1380.0,1750.2,1200.0,1372.0,1305.0,38.0,10.0,0.0,4.0,29.7,5.0,20.2,0.0,0.0,0.0,33,Yes,No,No,No,No,Yes,No,22.1,25.5,0,0,0,0,0,0,0,0,0,12,0,0,0,0,0,0,0,0,0,0,0,0,0,0,0,0,0,0,0,0,5760,2432,2267,124,8.0,239.8,261.5,218.9,200.2,206.2,199.7,138.6,242.6,79.8,61.9,68.4,59.9,4.17,4.63,3.78,3.30,4.89,5.02,0.31,0.36,4.07,0.10,2.02,0,0,0.0,0.0,196,28,3.9,2.5,0,
5.7.2026,22:32:38.835,18015,27979,39.1,12978,19703,39.7,0.2,13312,23,1.332,1.337,1.331,1.331,1.331,1.331,1.331,1.331,1.331,4092.6,4092.6,4092.6,4092.6,4092.6,4092.6,4092.6,4092.6,4092.6,99.8,1235.6,3545.0,2059.9,2761.8,1217.6,1780.8,1272.0,1307.0,1093.0,393.1,427.7,965.0,809.8,610.4,645.2,413.5,468.5,1235.6,26.9,42.6,49.5,67.2,29.3,43.0,30.2,31.3,26.0,9.3,10.1,23.0,19.1,13.9,15.2,10.0,11.2,67.2,26.9,30.5,48.3,56.1,76.3,33.2,48.8,34.3,35.5,29.3,10.4,11.3,26.0,21.5,15.7,17.1,11.1,12.5,30.5,41.0,41.0,41.0,41.0,41.0,41.0,41.0,41.0,41.0,0.0,76.7,86.5,94.5,86.3,80.1,63.2,72.8,68.3,62.2,23.3,13.5,5.5,13.7,19.9,36.8,27.2,31.7,37.8,0.0,0.0,0.0,0.0,0.0,0.0,0.0,0.0,0.0,1197.8,12.00,16,16,16,39,55,661,1,77.4,70.4,70.8,66.4,68.9,69.6,68.7,66.8,64.0,65.1,64.3,63.7,61.8,62.2,61.3,53.8,50.7,1.344,1.025,1.350,14.493,11.933,14.486,69.045,40.804,3.995,5.474,5.961,4.871,4.068,2.584,3.457,3.030,2.516,19.511,12.279,31.790,40.900,1197.8,1197.8,4101.0,4101.1,4100.8,4101.1,46.5,24.1,76.7,74.1,60.9,No,No,No,1.558,0.542,6.1,49,95.0,100.0,No,No,91229,99001,32,99.0,No,No,3320,0.0,0.0,0.1,0.026,0.032,11091,8891,0.0,0.0,0.0,0.000,0.000,50,0,50.6,65.6,83.0,0.775,12.137,12.184,12.157,12.071,1130,48.061,18.552,26.145,8.382,40.496,25.940,14.524,0.336,26.145,23.047,2.950,17.553,220.000,240.000,1395.0,1750.2,1230.0,1367.8,1335.0,38.0,10.0,0.0,4.0,29.7,5.1,20.3,0.0,0.0,0.0,33,Yes,No,No,No,No,Yes,No,21.9,25.2,0,0,0,0,0,0,0,0,0,12,0,0,0,0,0,0,0,0,0,0,0,0,0,0,0,0,0,0,0,0,5760,2432,2267,124,8.0,239.8,262.4,220.2,215.1,216.7,215.1,155.0,241.8,95.4,79.8,79.9,79.7,4.17,4.63,3.73,3.63,4.65,4.67,0.33,0.39,4.06,0.11,2.44,0,0,0.0,0.0,196,28,2.3,2.3,0,
5.7.2026,22:32:40.823,18014,27980,39.1,12980,19701,39.7,0.2,13312,23,1.334,1.350,1.331,1.331,1.331,1.331,1.331,1.331,1.331,4095.7,4117.6,4092.6,4092.6,4092.6,4092.6,4092.6,4092.6,4092.6,99.8,1194.4,3453.2,2104.9,2760.2,1049.0,1050.6,1827.2,1071.7,1208.2,332.3,427.7,728.6,931.4,530.9,689.1,465.3,480.3,1194.4,26.0,37.5,50.8,67.1,25.4,25.4,44.0,25.9,28.9,8.2,10.4,17.5,22.3,12.3,16.6,11.5,11.7,67.1,26.0,29.2,42.3,57.5,76.2,28.5,28.5,49.7,29.1,32.5,8.8,11.4,19.5,25.0,13.6,18.4,12.6,12.8,29.2,41.0,41.2,41.0,41.0,41.0,41.0,41.0,41.0,41.0,0.0,74.0,84.3,92.7,83.0,78.1,59.7,70.4,65.3,58.6,26.0,15.7,7.3,17.0,21.9,40.3,29.6,34.7,41.4,0.0,0.0,0.0,0.0,0.0,0.0,0.0,0.0,0.0,1197.8,12.00,16,16,16,39,55,661,1,75.0,71.6,71.0,66.8,69.1,69.9,68.6,66.9,64.4,65.8,64.7,65.3,61.9,62.3,61.5,54.5,50.9,1.350,1.031,1.356,14.683,11.863,14.685,66.606,41.044,4.050,5.497,5.987,4.703,3.976,2.612,3.544,3.083,3.000,19.809,12.210,32.019,41.125,1197.8,1197.8,4099.3,4100.5,4098.1,4100.9,46.7,24.5,74.0,75.4,60.9,No,No,No,1.430,0.505,5.9,49,95.0,100.0,No,No,91229,99001,32,99.0,No,No,3320,0.0,0.0,0.0,0.000,0.040,11091,8891,0.0,0.0,0.0,0.000,0.000,50,0,50.8,66.2,83.0,0.781,12.138,12.185,12.158,12.071,1129,49.134,18.816,26.894,8.591,40.681,25.724,14.940,0.336,26.894,22.695,2.926,18.485,220.000,240.000,1425.0,1750.2,1245.0,1412.7,1350.0,37.0,10.0,0.0,4.0,29.7,4.7,18.9,0.0,0.0,0.0,33,Yes,No,No,No,No,Yes,No,22.5,25.6,0,0,0,0,0,0,0,0,0,12,0,0,0,0,0,0,0,0,0,0,0,0,0,0,0,0,0,0,0,0,5760,2432,2267,124,8.0,239.8,259.4,223.9,217.4,220.3,216.4,150.9,242.7,67.5,59.9,59.9,59.8,4.17,4.50,3.84,3.72,4.55,4.60,0.35,0.39,4.07,0.10,2.66,0,0,0.0,0.0,196,28,2.3,1.6,0,
5.7.2026,22:32:42.835,18012,27982,39.1,12975,19707,39.7,0.2,13312,23,1.340,1.344,1.350,1.350,1.350,1.331,1.331,1.331,1.331,4089.5,4092.6,4092.6,4092.6,4067.7,4092.6,4092.6,4092.6,4092.6,99.8,1225.7,3524.8,2131.6,2852.0,1092.6,1076.8,1914.8,1026.0,1373.2,325.4,466.9,902.3,900.0,513.4,679.2,336.3,495.6,1225.7,26.2,39.8,51.1,69.2,25.8,25.3,45.8,24.0,32.4,7.2,10.6,21.1,20.8,11.1,15.5,7.5,11.3,69.2,26.2,30.1,45.5,58.3,78.8,29.7,29.1,52.3,27.7,37.2,8.6,12.4,24.3,24.1,13.0,18.1,8.9,13.3,30.1,41.0,41.0,41.0,41.0,40.8,41.0,41.0,41.0,41.0,0.0,75.8,86.0,94.5,84.3,79.9,62.2,71.9,66.9,60.3,24.2,14.0,5.5,15.7,20.1,37.8,28.1,33.1,39.7,0.0,0.0,0.0,0.0,0.0,0.0,0.0,0.0,0.0,1197.8,12.00,16,16,16,39,55,661,1,72.6,70.2,70.2,66.4,69.1,69.5,68.5,66.9,64.0,65.1,64.1,63.7,61.8,62.2,61.4,55.5,51.3,1.337,1.025,1.350,14.350,11.903,14.352,68.168,40.610,3.978,5.583,5.941,4.758,4.056,2.564,3.463,2.968,2.489,19.319,12.248,31.567,40.684,1197.8,1197.8,4100.4,4100.9,4099.8,4101.3,46.2,23.9,75.7,73.9,60.5,No,No,No,1.528,0.512,6.1,49,95.0,100.0,No,No,91229,99001,32,99.0,No,No,3320,0.0,0.0,0.0,0.008,0.038,11091,8891,0.0,0.0,0.0,0.000,0.000,50,0,50.6,65.5,83.0,0.756,12.140,12.188,12.160,12.074,1133,47.020,17.812,24.215,7.361,39.130,25.645,13.452,0.336,24.215,22.591,2.594,18.578,220.000,240.000,1320.0,1750.2,1170.0,1341.3,1260.0,38.0,10.0,0.0,3.0,29.7,5.1,20.4,0.0,0.0,0.0,33,Yes,No,No,No,No,Yes,No,21.3,24.9,0,0,0,0,0,0,0,0,0,12,0,0,0,0,0,0,0,0,0,0,0,0,0,0,0,0,0,0,0,0,5760,2432,2267,124,8.0,239.8,263.7,222.0,208.2,214.6,205.7,150.5,242.6,79.9,79.7,79.8,79.7,4.17,4.55,3.75,3.57,4.71,4.95,0.32,0.36,4.07,0.10,2.26,0,0,0.0,0.0,196,28,2.6,2.4,0,
5.7.2026,22:32:44.835,18009,27984,39.1,12976,19706,39.7,0.2,13312,23,1.331,1.331,1.331,1.331,1.331,1.331,1.331,1.331,1.331,4092.6,4092.6,4092.6,4092.6,4092.6,4092.6,4092.6,4092.6,4092.6,99.8,1157.4,3447.0,2086.9,2834.3,1053.7,1145.4,1769.7,1052.8,1185.4,298.0,410.7,777.7,779.9,513.1,640.8,240.1,282.8,1157.4,24.8,37.7,50.2,68.9,25.2,27.4,42.5,25.1,28.2,7.0,9.7,18.4,18.3,11.5,15.1,5.7,6.6,68.9,24.8,28.2,42.8,57.0,78.3,28.7,31.1,48.2,28.5,32.0,7.9,11.0,20.9,20.7,13.0,17.1,6.4,7.5,28.2,41.0,41.0,41.0,41.0,41.0,41.0,41.0,41.0,41.0,0.0,73.3,84.0,93.8,83.6,77.9,59.5,68.5,64.1,55.1,26.7,16.0,6.2,16.4,22.1,40.5,31.5,35.9,44.9,0.0,0.0,0.0,0.0,0.0,0.0,0.0,0.0,0.0,1197.8,12.00,16,16,16,39,55,661,1,71.2,70.2,69.0,66.1,68.8,69.4,68.2,66.6,63.9,64.5,64.1,63.1,61.6,62.0,61.2,52.8,50.7,1.362,1.025,1.356,14.040,11.887,14.041,65.989,40.162,3.865,5.428,5.951,4.644,3.924,2.513,3.267,2.930,2.263,18.917,12.231,31.148,40.252,1197.8,1197.8,4103.5,4104.6,4102.5,4104.6,45.7,23.4,73.3,73.9,61.0,No,No,No,1.455,0.512,5.9,49,95.0,100.0,No,No,91229,99001,32,99.0,No,No,3320,0.0,0.0,0.0,0.000,0.034,11091,8891,0.0,0.0,0.0,0.000,0.000,50,0,50.4,65.4,83.0,0.750,12.138,12.184,12.158,12.072,1130,46.475,17.601,23.455,7.238,38.869,25.809,13.030,0.336,23.455,22.964,2.634,18.226,220.000,240.000,1320.0,1750.2,1170.0,1309.8,1260.0,39.0,10.0,0.0,3.0,29.7,5.2,20.7,0.0,0.0,0.0,33,Yes,No,No,No,No,Yes,No,21.1,25.0,0,0,0,0,0,0,0,0,0,12,0,0,0,0,0,0,0,0,0,0,0,0,0,0,0,0,0,0,0,0,5760,2432,2267,124,8.0,239.8,257.5,223.7,220.6,222.0,220.1,156.7,241.8,119.3,84.2,95.8,80.0,4.17,4.49,3.86,3.82,4.52,4.53,0.37,0.37,4.07,0.10,2.43,0,0,0.0,0.0,196,29,3.2,3.0,0,
5.7.2026,22:32:46.831,18016,27977,39.1,12983,19699,39.7,0.2,13312,23,1.337,1.319,1.337,1.337,1.337,1.337,1.337,1.344,1.344,4089.5,4067.7,4092.6,4092.6,4092.6,4092.6,4092.6,4092.6,4092.6,99.8,1199.7,3498.8,2117.6,2719.5,1205.6,1788.5,1196.5,1245.5,1090.4,349.5,414.3,966.9,737.6,597.2,596.5,263.2,407.6,1199.7,26.1,39.7,51.1,66.2,29.2,43.4,28.6,30.0,26.1,7.8,10.1,23.3,17.6,13.9,14.3,6.5,10.0,66.2,26.1,29.4,44.8,57.8,75.1,32.9,49.0,32.2,33.8,29.4,9.2,11.0,26.1,19.6,15.3,15.8,6.9,10.9,29.4,41.0,40.8,41.0,41.0,41.0,41.0,41.0,41.0,41.0,0.0,74.4,85.3,94.2,83.8,78.8,60.2,70.2,65.7,57.4,25.6,14.7,5.8,16.2,21.2,39.8,29.8,34.3,42.6,0.0,0.0,0.0,0.0,0.0,0.0,0.0,0.0,0.0,1197.8,12.00,16,16,16,39,55,661,1,70.5,70.4,72.2,66.2,68.9,69.7,68.3,66.7,63.8,64.9,63.9,63.3,61.6,62.0,61.2,55.5,50.9,1.356,1.031,1.363,14.403,11.903,14.407,66.999,40.683,3.945,5.539,6.082,4.686,4.019,2.531,3.393,2.944,2.367,19.406,12.249,31.655,40.768,1197.8,1197.8,4104.2,4104.9,4103.5,4104.9,46.3,24.0,74.4,74.1,61.3,No,No,No,1.487,0.497,6.0,49,95.0,100.0,No,No,91229,99001,32,99.0,No,No,3320,0.0,0.2,0.2,0.040,0.295,11091,8891,0.0,0.0,0.0,0.000,0.000,50,0,50.5,65.8,83.0,0.769,12.143,12.190,12.162,12.075,1129,47.165,17.635,24.079,7.387,38.749,25.346,13.377,0.336,24.079,22.375,2.803,17.816,220.000,240.000,1380.0,1750.2,1200.0,1373.7,1305.0,37.0,10.0,0.0,3.0,29.7,4.8,19.4,0.0,0.0,0.0,33,Yes,No,No,No,No,Yes,No,21.1,26.0,0,0,0,0,0,0,0,0,0,12,0,0,0,0,0,0,0,0,0,0,0,0,0,0,0,0,0,0,0,0,5760,2432,2267,124,8.0,239.7,262.0,222.6,208.2,215.7,204.5,150.2,242.1,67.5,59.9,59.9,59.9,4.17,4.55,3.75,3.57,4.65,4.86,0.35,0.30,4.07,0.11,2.32,0,0,0.0,0.0,196,29,2.4,1.5,0,
5.7.2026,22:32:48.823,18019,27974,39.1,12985,19697,39.7,0.2,13312,23,1.337,1.344,1.325,1.337,1.337,1.337,1.337,1.337,1.337,4077.0,4117.6,4092.6,4067.7,4067.7,4067.7,4067.7,4067.7,4067.7,99.8,1141.7,3482.3,1756.0,2984.5,929.7,1669.4,1169.5,1305.6,1009.9,306.6,385.0,923.2,716.6,576.5,562.3,219.1,270.7,1141.7,24.6,45.9,41.7,72.4,21.8,39.9,27.4,30.9,23.5,7.5,8.6,21.6,16.4,12.7,12.7,4.7,5.9,72.4,24.6,28.3,52.4,47.7,82.5,25.2,45.6,31.5,35.5,27.1,8.1,10.2,24.9,19.0,14.8,14.9,5.8,7.2,28.3,40.8,41.2,41.0,40.8,40.8,40.8,40.8,40.8,40.8,0.0,73.1,84.9,94.5,81.8,77.7,58.1,69.0,63.6,55.6,26.9,15.1,5.5,18.2,22.3,41.9,31.0,36.4,44.4,0.0,0.0,0.0,0.0,0.0,0.0,0.0,0.0,0.0,1197.8,12.00,16,16,16,39,55,661,1,70.5,70.4,72.5,66.2,69.0,69.5,68.3,66.9,63.8,64.8,64.0,63.2,61.7,62.1,61.3,53.0,50.9,1.350,1.025,1.356,13.978,11.887,13.971,65.827,40.118,3.891,5.538,5.959,4.613,3.998,2.476,3.362,2.892,2.288,18.850,12.231,31.081,40.181,1197.8,1197.8,4104.6,4106.1,4103.1,4106.1,45.7,23.3,73.1,74.1,60.3,No,No,No,1.490,0.559,5.9,49,95.0,100.0,No,No,91229,99001,32,99.0,No,No,3320,0.5,0.7,1.3,1.349,7.773,11093,8906,0.0,0.0,0.0,0.000,0.000,50,0,50.6,65.8,83.0,0.775,12.141,12.189,12.161,12.074,1128,48.580,17.869,24.607,7.691,39.170,25.465,13.670,0.336,24.607,22.572,2.751,17.822,220.000,240.000,1395.0,1750.2,1230.0,1383.2,1335.0,37.0,10.0,0.0,3.0,29.7,5.0,20.0,0.0,0.0,0.0,33,Yes,No,No,No,No,Yes,No,21.4,26.2,0,0,0,0,0,0,0,0,0,12,0,0,0,0,0,0,0,0,0,0,0,0,0,0,0,0,0,0,0,0,5756,2436,2271,124,8.0,239.8,258.8,216.9,209.9,213.1,208.7,144.7,242.2,79.9,79.9,79.9,79.9,4.17,4.66,3.81,3.64,4.77,4.82,0.31,0.45,4.07,0.10,2.08,0,0,0.0,0.0,196,29,2.6,1.9,0,
5.7.2026,22:32:50.838,17993,28000,39.1,12953,19728,39.6,0.2,13312,23,1.339,1.350,1.337,1.337,1.337,1.337,1.337,1.337,1.337,4092.6,4092.6,4092.6,4092.6,4092.6,4092.6,4092.6,4092.6,4092.6,99.8,1222.7,3542.0,1394.3,3069.7,970.8,1465.7,1510.5,1186.0,1327.2,436.0,511.6,880.1,982.2,658.9,708.4,327.0,592.5,1222.7,27.8,58.2,33.4,74.8,23.6,35.5,36.3,28.7,31.9,10.7,12.5,21.2,23.6,15.5,17.1,8.1,14.6,74.8,27.8,31.3,65.9,37.6,84.8,26.4,40.1,41.0,32.2,35.9,11.7,13.8,23.7,26.4,17.2,19.0,8.7,16.1,31.3,41.0,41.0,41.0,41.0,41.0,41.0,41.0,41.0,41.0,0.0,75.1,86.4,94.3,82.5,79.2,61.6,71.6,65.7,59.3,24.9,13.6,5.7,17.5,20.8,38.4,28.4,34.3,40.7,0.0,0.0,0.0,0.0,0.0,0.0,0.0,0.0,0.0,1197.8,12.00,16,16,16,39,55,661,1,70.4,70.3,70.5,66.4,69.0,69.5,68.2,67.0,64.1,65.2,64.4,63.7,61.7,62.0,61.3,54.0,51.3,1.350,1.025,1.363,14.466,11.922,14.468,67.562,40.743,3.971,5.525,5.907,4.570,4.065,2.644,3.494,3.040,2.521,19.466,12.271,31.737,40.850,1197.8,1197.8,4100.7,4101.4,4099.9,4101.4,46.4,24.1,75.1,74.0,61.1,No,No,No,1.535,0.485,6.0,50,95.0,100.0,No,No,91229,99001,32,99.0,No,No,3320,0.0,0.0,0.0,0.000,0.022,11093,8906,0.0,0.0,0.0,0.000,0.000,50,0,50.3,65.4,83.0,0.750,12.147,12.194,12.166,12.080,1129,46.867,17.768,24.296,7.487,39.442,25.923,13.497,0.336,24.296,22.953,2.615,16.839,220.000,240.000,1320.0,1750.2,1170.0,1362.5,1260.0,37.0,10.0,0.0,3.0,29.7,4.9,19.7,0.0,0.0,0.0,33,Yes,No,No,No,No,Yes,No,21.5,25.0,0,0,0,0,0,0,0,0,0,12,0,0,0,0,0,0,0,0,0,0,0,0,0,0,0,0,0,0,0,0,5756,2436,2271,124,8.0,239.8,268.1,220.5,214.8,217.3,214.0,155.4,242.5,79.9,62.2,68.4,59.8,4.17,4.56,3.64,3.61,4.64,4.74,0.34,0.44,4.06,0.11,2.47,0,0,0.0,0.0,196,29,3.0,2.9,0,
5.7.2026,22:32:52.838,17995,27999,39.1,12959,19723,39.6,0.2,13312,23,1.327,1.344,1.325,1.325,1.325,1.325,1.325,1.325,1.325,4092.6,4092.6,4092.6,4092.6,4092.6,4092.6,4092.6,4092.6,4092.6,99.8,1121.8,3504.1,1211.3,2991.6,868.9,925.8,1919.6,798.8,1524.2,273.5,406.5,643.2,1089.6,469.5,690.3,214.8,417.5,1121.8,25.0,57.2,28.5,72.7,20.7,21.9,46.1,18.8,36.4,6.3,9.5,15.0,25.8,10.4,16.2,4.9,9.8,72.7,25.0,28.5,65.1,32.5,82.7,23.5,24.9,52.4,21.4,41.4,7.2,10.8,17.1,29.4,11.9,18.5,5.6,11.2,28.5,41.0,41.0,41.0,41.0,41.0,41.0,41.0,41.0,41.0,0.0,73.7,85.4,93.8,81.6,78.1,59.3,70.4,64.3,56.9,26.3,14.6,6.2,18.4,21.9,40.7,29.6,35.7,43.1,0.0,0.0,0.0,0.0,0.0,0.0,0.0,0.0,0.0,1197.8,12.00,16,16,16,39,55,661,1,70.4,70.2,70.8,66.1,68.8,69.3,68.1,66.7,63.7,64.9,63.9,63.3,61.7,62.1,61.3,54.2,50.8,1.350,1.019,1.356,13.929,11.881,13.929,66.350,40.079,3.867,5.418,5.843,4.581,3.957,2.457,3.431,2.906,2.343,18.762,12.225,30.987,40.090,1197.8,1197.8,4103.6,4104.4,4102.8,4104.4,45.6,23.2,73.7,73.9,60.5,No,No,No,1.462,0.482,5.9,49,95.0,100.0,No,No,91229,99001,32,99.0,No,No,3320,0.0,0.0,0.0,0.000,0.006,11093,8906,0.0,0.0,0.0,0.000,0.000,50,0,50.2,65.2,83.0,0.756,12.146,12.193,12.165,12.078,1129,46.146,17.455,23.651,7.316,38.868,25.703,13.139,0.336,23.651,22.854,2.584,16.443,220.000,240.000,1335.0,1750.2,1185.0,1302.7,1275.0,38.0,10.0,0.0,3.0,29.7,5.1,20.3,0.0,0.0,0.0,33,Yes,No,No,No,No,Yes,No,21.1,25.7,0,0,0,0,0,0,0,0,0,12,0,0,0,0,0,0,0,0,0,0,0,0,0,0,0,0,0,0,0,0,5756,2436,2271,124,8.0,239.8,258.8,223.1,217.6,219.9,216.7,161.6,242.2,97.2,79.9,80.0,79.9,4.17,4.51,3.85,3.67,4.55,4.60,0.36,0.47,4.07,0.10,2.45,0,0,0.0,0.0,196,29,2.7,1.7,0,
5.7.2026,22:32:54.840,17998,27996,39.1,12959,19723,39.6,0.2,13312,23,1.330,1.331,1.344,1.344,1.325,1.325,1.325,1.325,1.325,4086.4,4092.6,4067.7,4067.7,4092.6,4092.6,4092.6,4092.6,4092.6,99.8,1199.2,3547.5,1410.2,2887.9,959.8,1057.3,1984.7,856.7,1539.1,361.4,440.3,660.6,1061.0,519.4,738.3,607.2,555.6,1199.2,26.4,56.9,33.0,70.0,22.4,24.7,47.4,19.7,36.5,8.0,9.8,15.0,24.7,11.1,17.0,14.2,12.7,70.0,26.4,30.5,64.9,37.9,79.7,25.9,28.5,54.2,22.9,41.8,9.6,11.7,17.5,28.5,13.2,19.7,16.5,14.9,30.5,40.9,41.0,40.8,40.8,41.0,41.0,41.0,41.0,41.0,0.0,75.7,86.6,92.6,84.4,79.4,62.0,71.5,66.0,63.2,24.3,13.4,7.4,15.6,20.6,38.0,28.5,34.0,36.8,0.0,0.0,0.0,0.0,0.0,0.0,0.0,0.0,0.0,1197.8,12.00,16,16,16,39,55,661,1,70.5,71.0,71.2,66.6,69.4,69.5,68.7,66.7,64.0,65.2,64.3,64.8,61.8,62.1,61.4,52.8,50.6,1.344,1.031,1.344,14.787,11.886,14.779,68.124,41.106,4.051,5.646,5.876,4.813,4.032,2.576,3.424,3.026,3.016,19.920,12.236,32.156,41.250,1197.8,1197.8,4098.3,4098.6,4098.1,4099.4,46.9,24.6,75.7,74.7,61.3,No,No,No,1.464,0.469,6.1,49,95.0,100.0,No,No,91229,99001,32,99.0,No,No,3320,0.0,0.1,0.1,0.000,0.132,11093,8906,0.0,0.0,0.0,0.000,0.000,50,0,50.2,65.1,83.0,0.762,12.140,12.187,12.160,12.073,1128,46.379,17.744,24.108,7.568,38.935,25.509,13.393,0.336,24.108,22.705,3.111,17.664,220.000,240.000,1365.0,1750.2,1185.0,1360.3,1290.0,26.0,6.0,0.0,2.0,29.7,4.7,18.6,0.0,0.0,0.0,33,Yes,No,No,No,No,Yes,No,21.3,25.2,0,0,0,0,0,0,0,0,0,12,0,0,0,0,0,0,0,0,0,0,0,0,0,0,0,0,0,0,0,0,5756,2436,2271,125,8.0,239.8,261.9,220.6,214.5,217.6,212.9,134.9,241.8,60.0,59.9,59.9,59.9,4.17,4.60,3.77,3.67,4.66,4.69,0.32,0.45,4.07,0.10,2.31,0,0,0.0,0.0,196,29,11.3,4.1,0,
5.7.2026,22:32:56.840,18022,27972,39.1,12961,19720,39.6,0.2,13312,23,1.341,1.337,1.325,1.344,1.344,1.344,1.344,1.344,1.344,4095.7,4117.6,4092.6,4092.6,4092.6,4092.6,4092.6,4092.6,4092.6,99.8,1154.7,3521.4,1378.7,2973.7,922.1,1605.6,1363.8,1088.4,1316.9,356.9,431.4,766.2,914.4,606.9,646.8,255.6,325.6,1154.7,26.2,57.2,33.1,72.4,22.5,38.9,32.8,26.4,31.8,9.0,10.0,18.5,21.4,14.3,15.7,6.6,8.2,72.4,26.2,29.3,64.7,37.1,82.1,25.0,43.8,36.8,29.5,35.6,9.4,11.5,20.4,24.4,15.6,17.2,6.7,8.6,29.3,41.0,41.2,41.0,41.0,41.0,41.0,41.0,41.0,41.0,0.0,74.3,85.8,92.8,83.4,79.3,60.2,69.8,65.9,57.1,25.7,14.2,7.2,16.6,20.7,39.8,30.2,34.1,42.9,0.0,0.0,0.0,0.0,0.0,0.0,0.0,0.0,0.0,1197.8,12.00,16,16,16,39,55,661,1,70.5,70.2,70.5,66.2,69.1,69.4,68.3,66.9,63.9,64.7,64.2,63.3,61.8,62.2,61.4,52.5,50.7,1.337,1.038,1.350,14.046,11.838,14.057,66.867,40.150,3.926,5.548,5.875,4.692,4.070,2.545,3.356,2.994,2.326,18.927,12.180,31.106,40.227,1197.8,1197.8,4103.6,4104.2,4103.1,4104.6,45.7,23.4,74.3,73.9,60.1,No,No,No,1.460,0.471,5.9,49,95.0,100.0,No,No,91229,99001,32,99.0,No,No,3320,0.0,0.1,0.1,0.008,0.214,11093,8907,0.0,0.0,0.0,0.000,0.000,50,0,50.2,65.3,83.0,0.756,12.145,12.192,12.164,12.077,1132,45.213,17.693,23.902,7.571,39.194,25.882,13.279,0.336,23.902,23.177,2.654,17.031,220.000,240.000,1335.0,1750.2,1185.0,1301.7,1275.0,38.0,10.0,0.0,3.0,29.7,4.9,19.7,0.0,0.0,0.0,33,Yes,No,No,No,No,Yes,No,21.4,24.9,0,0,0,0,0,0,0,0,0,12,0,0,0,0,0,0,0,0,0,0,0,0,0,0,0,0,0,0,0,0,5756,2436,2271,125,8.0,239.7,269.8,215.9,207.7,211.3,206.4,145.3,242.7,66.4,59.8,59.9,59.8,4.17,4.67,3.68,3.17,4.79,4.98,0.33,0.48,4.07,0.10,2.55,0,0,0.0,0.0,196,29,5.7,5.3,0,
5.7.2026,22:32:58.853,18022,27972,39.1,12965,19716,39.6,0.2,13312,23,1.340,1.325,1.331,1.350,1.350,1.350,1.350,1.331,1.331,4098.9,4117.6,4117.6,4092.6,4092.6,4092.6,4092.6,4092.6,4092.6,99.8,1153.6,3533.7,1312.1,3021.0,882.8,1666.5,1309.5,1050.3,1308.6,336.3,396.4,832.0,955.2,556.2,608.2,304.8,384.6,1153.6,25.8,57.5,31.0,73.5,21.0,40.1,31.1,25.0,31.2,7.2,10.0,19.7,23.2,12.5,14.2,6.5,9.1,73.5,25.8,29.3,65.3,35.2,83.5,23.9,45.5,35.3,28.3,35.4,8.9,10.5,22.3,25.6,14.2,16.1,8.1,10.3,29.3,41.1,41.2,41.2,41.0,41.0,41.0,41.0,41.0,41.0,0.0,75.0,86.2,94.4,84.1,78.8,60.9,71.6,65.5,58.3,25.0,13.8,5.6,15.9,21.2,39.1,28.4,34.5,41.7,0.0,0.0,0.0,0.0,0.0,0.0,0.0,0.0,0.0,1197.8,12.00,16,16,16,39,55,661,1,70.4,70.2,69.5,66.2,68.9,69.4,68.5,66.6,63.8,65.0,64.0,63.4,61.7,62.1,61.3,55.2,51.0,1.350,1.031,1.356,14.240,11.878,14.241,67.479,40.441,3.934,5.525,5.924,4.730,3.975,2.498,3.486,2.932,2.405,19.173,12.223,31.397,40.508,1197.8,1197.8,4102.0,4102.6,4101.3,4102.6,46.0,23.7,75.0,73.9,60.7,No,No,No,1.517,0.500,6.0,49,95.0,100.0,No,No,91229,99001,32,99.0,No,No,3320,0.0,0.1,0.1,0.008,0.148,11093,8907,0.0,0.0,0.0,0.000,0.000,50,0,50.2,65.2,83.0,0.769,12.141,12.187,12.161,12.075,1130,45.555,17.038,22.731,7.239,37.126,24.476,12.628,0.336,22.731,21.951,2.646,18.519,220.000,240.000,1380.0,1750.2,1200.0,1315.0,1305.0,43.0,14.0,0.0,3.0,29.9,5.1,20.2,0.0,0.0,0.0,33,Yes,No,No,No,No,Yes,No,20.3,25.2,0,0,0,0,0,0,0,0,0,12,0,0,0,0,0,0,0,0,0,0,0,0,0,0,0,0,0,0,0,0,5741,2451,2286,125,8.0,239.7,267.6,217.3,205.6,209.8,204.6,154.0,242.0,80.0,79.9,80.0,79.9,4.17,4.65,3.73,3.50,4.80,4.92,0.37,0.45,4.07,0.10,2.36,0,0,0.0,0.0,196,29,2.5,2.0,0,
5.7.2026,22:33:0.849,18032,27961,39.2,12966,19715,39.6,0.2,13312,23,1.333,1.331,1.331,1.331,1.331,1.331,1.331,1.331,1.344,4111.3,4117.6,4117.6,4117.6,4117.6,4117.6,4117.6,4092.6,4092.6,99.8,1115.8,3483.9,1672.0,3065.5,814.4,1109.9,1672.3,773.5,1418.3,281.7,392.9,629.6,918.4,436.1,670.3,251.4,263.4,1115.8,24.3,48.0,39.9,74.5,19.2,26.3,39.8,18.0,33.7,7.0,9.0,14.5,21.5,9.3,15.6,6.3,5.8,74.5,24.3,27.7,54.8,45.5,84.8,22.1,30.1,45.5,20.7,38.5,7.4,10.5,16.7,24.7,10.9,18.0,6.7,6.9,27.7,41.2,41.2,41.2,41.2,41.2,41.2,41.2,41.0,41.0,0.0,72.4,85.0,94.5,81.0,76.6,57.8,67.6,62.6,54.1,27.6,15.0,5.5,19.0,23.4,42.2,32.4,37.4,45.9,0.0,0.0,0.0,0.0,0.0,0.0,0.0,0.0,0.0,1197.8,12.00,16,16,16,39,55,661,1,70.4,70.1,73.0,65.9,68.9,69.3,68.2,66.3,63.7,64.4,63.8,62.9,61.5,61.9,61.1,53.5,51.0,1.337,1.031,1.331,13.651,11.830,13.650,65.150,39.563,3.832,5.577,5.943,4.530,3.840,2.457,3.229,2.848,2.235,18.387,12.172,30.559,39.662,1197.8,1197.8,4102.9,4104.8,4100.9,4104.8,45.1,22.7,72.4,73.8,59.8,No,No,No,1.483,0.521,5.8,49,95.0,100.0,No,No,91229,99001,32,99.0,No,No,3320,0.0,0.0,0.0,0.000,0.012,11093,8907,0.0,0.0,0.0,0.000,0.000,50,0,50.3,65.3,83.0,0.756,12.142,12.190,12.161,12.075,1129,47.872,17.490,23.690,7.484,38.734,25.552,13.162,0.336,23.690,22.849,3.305,16.095,220.000,240.000,1350.0,1750.2,1185.0,1375.8,1275.0,37.0,9.0,0.0,3.0,30.0,4.9,19.8,0.0,0.0,0.0,33,Yes,No,No,No,No,Yes,No,21.1,24.6,0,0,0,0,0,0,0,0,0,12,0,0,0,0,0,0,0,0,0,0,0,0,0,0,0,0,0,0,0,0,5737,2455,2290,125,8.0,239.8,258.4,221.0,214.9,217.6,213.8,140.5,241.9,79.8,79.7,79.8,79.7,4.17,4.58,3.82,3.74,4.65,4.76,0.33,0.31,4.07,0.10,2.01,0,0,0.0,0.0,196,29,2.6,4.9,0,
5.7.2026,22:33:2.847,18030,27963,39.2,12970,19711,39.6,0.2,13312,23,1.334,1.350,1.331,1.331,1.331,1.331,1.331,1.331,1.331,4092.6,4092.6,4092.6,4092.6,4092.6,4092.6,4092.6,4092.6,4092.6,99.8,1245.6,3574.1,2309.3,2934.1,941.9,734.1,2318.6,689.3,1668.0,281.4,508.3,697.5,1046.3,490.6,789.7,422.7,523.3,1245.6,26.9,39.8,55.8,71.3,22.4,17.3,56.0,16.1,39.9,6.5,12.0,16.4,24.7,10.9,18.7,10.0,12.4,71.3,26.9,30.5,45.3,63.4,81.0,25.5,19.6,63.6,18.3,45.4,7.4,13.6,18.6,28.1,12.4,21.2,11.4,14.1,30.5,41.0,41.0,41.0,41.0,41.0,41.0,41.0,41.0,41.0,0.0,76.1,87.2,93.9,85.4,79.8,61.8,71.9,67.4,61.5,23.9,12.8,6.1,14.6,20.2,38.2,28.1,32.6,38.5,0.0,0.0,0.0,0.0,0.0,0.0,0.0,0.0,0.0,1197.8,12.00,16,16,16,39,55,661,1,70.4,70.4,69.2,66.4,69.5,69.2,68.9,66.6,64.0,65.0,64.3,63.7,61.7,62.1,61.3,53.0,50.9,1.337,1.031,1.350,14.637,11.913,14.637,68.511,41.034,4.016,5.794,5.867,4.865,4.007,2.557,3.437,3.060,2.544,19.717,12.264,31.981,41.098,1197.8,1197.8,4101.4,4102.3,4100.4,4102.6,46.7,24.4,76.1,74.1,61.2,No,No,No,1.567,0.508,6.1,49,95.0,100.0,No,No,91229,99001,32,99.0,No,No,3320,0.0,0.1,0.1,0.008,0.245,11093,8908,0.0,0.0,0.0,0.000,0.000,50,0,50.1,65.0,83.0,0.738,12.145,12.191,12.165,12.080,1130,46.027,17.191,21.771,6.778,36.191,24.075,12.095,0.336,21.771,21.526,10.715,16.656,220.000,240.000,1290.0,1250.2,1125.0,1319.8,1215.0,38.0,9.0,0.0,3.0,29.9,4.7,19.0,0.0,0.0,0.0,33,Yes,No,No,No,No,Yes,No,19.7,22.9,0,0,0,0,0,0,0,0,0,12,0,0,0,0,0,0,0,0,0,0,0,0,0,0,0,0,0,0,0,0,5741,2451,2286,124,8.0,239.8,263.2,219.9,213.2,216.2,212.1,144.9,242.6,80.0,79.9,79.9,79.9,4.17,4.61,3.75,3.70,4.71,4.86,0.34,0.47,4.06,0.11,2.18,0,0,0.0,0.0,196,29,2.2,1.9,0,
5.7.2026,22:33:4.846,18028,27966,39.1,12971,19711,39.6,0.2,13312,23,1.337,1.325,1.344,1.337,1.337,1.337,1.337,1.337,1.337,4095.7,4117.6,4092.6,4092.6,4092.6,4092.6,4092.6,4092.6,4092.6,99.8,1129.3,3451.3,2117.2,2959.1,808.8,718.7,2133.6,658.1,1518.9,251.8,420.8,582.1,919.5,414.8,642.1,172.7,298.5,1129.3,24.1,37.0,50.9,71.9,19.3,16.9,51.4,15.5,36.4,5.9,10.0,13.6,21.8,9.1,15.1,4.0,7.0,71.9,24.1,27.4,42.1,57.9,81.7,21.8,19.1,58.4,17.5,41.3,6.6,11.2,15.4,24.7,10.3,17.1,4.5,7.9,27.4,41.0,41.2,41.0,41.0,41.0,41.0,41.0,41.0,41.0,0.0,72.4,84.0,93.2,82.7,77.0,57.6,68.2,62.5,53.9,27.6,16.0,6.8,17.3,23.0,42.4,31.8,37.5,46.1,0.0,0.0,0.0,0.0,0.0,0.0,0.0,0.0,0.0,1197.8,12.00,16,16,16,39,55,661,1,70.2,69.9,68.8,65.8,68.5,69.0,68.2,66.1,63.5,64.3,63.6,62.8,61.5,61.9,61.1,54.5,51.0,1.350,1.025,1.356,13.705,11.827,13.703,65.164,39.636,3.793,5.375,5.805,4.652,3.834,2.428,3.218,2.817,2.216,18.483,12.169,30.652,39.741,1197.8,1197.8,4107.7,4108.4,4107.1,4108.7,45.2,22.8,72.4,73.6,60.7,No,No,No,1.403,0.437,5.8,49,95.0,100.0,No,No,91229,99001,32,99.0,No,No,3320,0.1,0.0,0.1,0.333,0.010,11094,8908,0.0,0.0,0.0,0.000,0.000,50,0,50.0,65.1,83.0,0.756,12.143,12.191,12.163,12.077,1128,47.094,17.106,22.429,6.997,37.911,25.421,12.460,0.336,22.429,22.800,4.472,15.805,220.000,240.000,1350.0,1750.2,1185.0,1300.9,1275.0,39.0,11.0,0.0,3.0,29.9,5.2,20.8,0.0,0.0,0.0,33,Yes,No,No,No,No,Yes,No,20.6,24.2,0,0,0,0,0,0,0,0,0,12,0,0,0,0,0,0,0,0,0,0,0,0,0,0,0,0,0,0,0,0,5741,2451,2286,125,8.0,239.7,259.7,223.2,219.0,221.0,218.3,162.3,242.9,79.9,79.9,79.9,79.9,4.17,4.52,3.81,3.74,4.56,4.61,0.37,0.47,4.07,0.10,2.27,0,0,0.0,0.0,196,29,2.6,1.7,0,
5.7.2026,22:33:6.864,18023,27970,39.1,12971,19711,39.6,0.2,13312,23,1.341,1.331,1.337,1.344,1.344,1.344,1.344,1.344,1.344,4098.9,4117.6,4117.6,4092.6,4092.6,4092.6,4092.6,4092.6,4092.6,99.8,1199.2,3501.7,2173.5,3003.0,900.1,1461.0,1389.4,1122.1,1206.1,339.0,419.4,855.1,818.2,562.7,633.8,481.9,320.6,1199.2,25.8,39.0,52.3,72.9,21.4,35.0,33.1,26.6,28.7,8.0,9.9,20.2,19.3,12.7,14.9,11.6,7.5,72.9,25.8,29.3,44.2,59.5,82.9,24.4,39.7,37.6,30.2,32.6,9.0,11.1,22.9,21.8,14.4,16.9,13.1,8.4,29.3,41.1,41.2,41.2,41.0,41.0,41.0,41.0,41.0,41.0,0.0,74.9,85.4,94.1,82.9,78.8,61.2,71.1,66.1,60.0,25.1,14.6,5.9,17.1,21.2,38.8,28.9,33.9,40.0,0.0,0.0,0.0,0.0,0.0,0.0,0.0,0.0,0.0,1197.8,12.00,16,16,16,39,55,661,1,70.2,69.9,69.8,66.0,68.7,69.2,68.1,66.5,63.7,64.8,64.0,63.3,61.6,61.9,61.2,54.2,51.0,1.356,1.031,1.363,14.190,11.903,14.192,67.444,40.374,3.909,5.510,5.877,4.625,3.956,2.526,3.368,2.966,2.443,19.120,12.252,31.372,40.478,1197.8,1197.8,4104.0,4104.3,4103.8,4104.3,46.0,23.7,74.9,73.6,60.9,No,No,No,1.474,0.451,6.0,49,95.0,100.0,No,No,91229,99001,32,99.0,No,No,3320,0.0,0.0,0.0,0.008,0.057,11094,8908,0.0,0.0,0.0,0.000,0.000,50,0,50.1,65.1,83.0,0.750,12.148,12.195,12.167,12.081,1129,46.959,17.413,23.411,7.354,38.899,25.878,13.005,0.336,23.411,23.167,2.619,16.052,220.000,240.000,1320.0,1750.2,1170.0,1343.9,1260.0,37.0,10.0,0.0,3.0,29.9,4.9,19.4,0.0,0.0,0.0,33,Yes,No,No,No,No,Yes,No,21.2,25.4,0,0,0,0,0,0,0,0,0,12,0,0,0,0,0,0,0,0,0,0,0,0,0,0,0,0,0,0,0,0,5741,2451,2286,125,8.0,239.8,265.0,219.5,217.9,218.5,217.5,158.4,242.1,79.9,79.8,79.8,79.7,4.17,4.59,3.75,3.69,4.62,4.63,0.31,0.43,4.06,0.11,2.29,0,0,0.0,0.0,196,29,2.1,2.1,0,
5.7.2026,22:33:8.853,18020,27974,39.1,12971,19710,39.6,0.2,13312,23,1.331,1.331,1.331,1.331,1.331,1.331,1.331,1.331,1.331,4092.6,4092.6,4092.6,4092.6,4092.6,4092.6,4092.6,4092.6,4092.6,99.8,1171.6,3462.6,2144.4,2950.2,939.0,1684.2,1183.9,1258.6,1048.6,350.0,366.7,946.8,649.2,622.2,575.8,262.2,301.9,1171.6,25.2,37.7,51.7,71.7,22.5,40.5,28.1,30.1,24.8,8.2,8.7,22.5,15.2,14.2,13.6,6.2,7.1,71.7,25.2,28.5,42.8,58.6,81.4,25.4,46.0,31.9,34.1,28.1,9.2,9.7,25.5,17.2,16.0,15.3,6.9,7.9,28.5,41.0,41.0,41.0,41.0,41.0,41.0,41.0,41.0,41.0,0.0,73.4,84.4,93.6,82.5,78.2,59.3,68.6,64.5,56.0,26.6,15.6,6.4,17.5,21.8,40.7,31.4,35.5,44.0,0.0,0.0,0.0,0.0,0.0,0.0,0.0,0.0,0.0,1197.8,12.00,16,16,16,39,55,661,1,70.0,70.1,68.0,66.0,68.6,69.3,68.2,66.7,63.7,64.6,63.9,63.0,61.6,62.0,61.2,53.8,50.7,1.344,1.038,1.350,13.950,11.850,13.951,66.050,39.985,3.855,5.376,5.836,4.651,3.977,2.482,3.307,2.923,2.291,18.784,12.194,30.978,40.078,1197.8,1197.8,4102.7,4104.6,4100.7,4104.6,45.5,23.3,73.4,73.8,60.7,No,No,No,1.460,0.444,5.9,49,95.0,100.0,No,No,91229,99001,32,99.0,No,No,3320,0.3,0.9,1.2,0.195,6.619,11094,8920,0.0,0.0,0.0,0.000,0.000,50,0,49.9,65.0,83.0,0.750,12.142,12.190,12.162,12.076,1130,45.430,16.887,22.160,6.863,37.945,25.613,12.311,0.336,22.160,22.973,2.648,15.860,220.000,240.000,1320.0,1750.2,1170.0,1314.6,1260.0,37.0,10.0,0.0,3.0,29.9,4.7,18.6,0.0,0.0,0.0,33,Yes,No,No,No,No,Yes,No,20.5,24.0,0,0,0,0,0,0,0,0,0,12,0,0,0,0,0,0,0,0,0,0,0,0,0,0,0,0,0,0,0,0,5741,2451,2286,125,8.0,239.8,258.2,221.8,217.4,219.6,216.4,152.3,242.2,80.0,79.7,79.8,79.6,4.17,4.57,3.84,3.81,4.62,4.71,0.35,0.48,4.06,0.11,2.56,0,0,0.0,0.0,196,29,1.9,1.7,0,
5.7.2026,22:33:10.853,18023,27971,39.1,12974,19707,39.6,0.2,13312,23,1.328,1.350,1.325,1.325,1.325,1.325,1.325,1.325,1.325,4114.5,4092.6,4117.6,4117.6,4117.6,4117.6,4117.6,4117.6,4117.6,99.8,1232.4,3457.2,2159.6,2921.1,1035.2,1420.6,1510.6,1205.4,1141.8,387.8,438.5,927.2,800.3,585.0,733.0,487.6,507.7,1232.4,26.7,36.6,52.1,71.0,24.9,34.1,36.3,28.9,27.3,9.2,10.4,22.1,19.0,13.4,17.4,11.7,12.1,71.0,26.7,30.2,41.5,59.1,80.7,28.2,38.7,41.1,32.7,30.9,10.3,11.7,25.0,21.4,15.1,19.7,13.1,13.6,30.2,41.2,41.0,41.2,41.2,41.2,41.2,41.2,41.2,41.2,0.0,74.5,84.4,94.0,83.6,78.5,60.0,69.4,65.9,60.4,25.5,15.6,6.0,16.4,21.5,40.0,30.6,34.1,39.6,0.0,0.0,0.0,0.0,0.0,0.0,0.0,0.0,0.0,1197.8,12.00,16,16,16,39,55,661,1,70.6,71.5,70.5,66.7,68.9,69.8,68.7,67.2,64.1,65.4,64.6,64.9,61.7,62.1,61.4,55.5,51.3,1.344,1.025,1.363,14.652,11.851,14.652,67.079,41.010,4.060,5.388,6.039,4.794,4.102,2.604,3.480,3.135,2.940,19.763,12.198,31.962,41.063,1197.8,1197.8,4098.6,4101.4,4095.8,4101.4,46.7,24.4,74.5,75.2,60.6,No,No,No,1.482,0.440,6.0,49,95.0,100.0,No,No,91229,99001,32,99.0,No,No,3320,0.0,0.0,0.0,0.000,0.026,11094,8920,0.0,0.0,0.0,0.000,0.000,50,0,49.8,64.7,83.0,0.744,12.142,12.189,12.162,12.075,1133,42.969,17.139,22.580,6.984,38.017,25.442,12.544,0.336,22.580,22.731,2.475,17.700,220.000,240.000,1305.0,1750.2,1155.0,1286.0,1245.0,40.0,13.0,0.0,3.0,29.9,5.0,19.9,0.0,0.0,0.0,33,Yes,No,No,No,No,Yes,No,20.6,24.7,0,0,0,0,0,0,0,0,0,12,0,0,0,0,0,0,0,0,0,0,0,0,0,0,0,0,0,0,0,0,5741,2451,2286,125,8.0,239.8,265.5,213.1,203.0,206.7,202.1,145.9,242.5,79.7,62.1,68.4,60.0,4.17,4.75,3.74,3.32,4.89,4.96,0.40,0.46,4.07,0.10,2.22,0,0,0.0,0.0,196,29,3.1,1.8,0,
5.7.2026,22:33:12.857,18009,27984,39.1,12963,19718,39.6,0.2,13312,23,1.331,1.331,1.312,1.312,1.344,1.337,1.337,1.337,1.337,4092.6,4092.6,4092.6,4092.6,4092.6,4092.6,4092.6,4092.6,4092.6,99.8,1147.4,3448.3,1824.4,3060.8,763.8,1109.7,1702.7,1104.4,1102.8,387.7,404.8,834.3,738.2,568.1,560.0,439.9,309.3,1147.4,24.8,43.8,43.7,74.3,18.0,26.3,40.7,26.1,26.0,9.0,9.3,19.6,17.3,12.7,13.0,10.3,7.0,74.3,24.8,28.3,49.8,49.8,84.5,20.6,30.0,46.4,29.8,29.7,10.3,10.8,22.4,19.8,14.6,14.9,11.9,8.2,28.3,41.0,41.0,41.0,41.0,41.0,41.0,41.0,41.0,41.0,0.0,73.2,84.1,93.2,82.0,77.1,59.7,68.8,63.4,57.3,26.8,15.9,6.8,18.0,22.9,40.3,31.2,36.6,42.7,0.0,0.0,0.0,0.0,0.0,0.0,0.0,0.0,0.0,1197.8,12.00,16,16,16,39,55,661,1,70.4,70.0,72.0,66.0,68.8,69.2,68.0,66.3,63.8,64.6,63.9,63.3,61.7,62.0,61.3,53.2,50.8,1.350,1.025,1.350,14.017,11.845,14.008,65.876,40.049,3.846,5.452,5.833,4.555,3.843,2.541,3.276,2.863,2.402,18.891,12.189,31.080,40.164,1197.8,1197.8,4102.4,4104.9,4100.0,4104.9,45.6,23.3,73.2,73.7,61.2,No,No,No,1.438,0.427,5.9,49,95.0,100.0,No,No,91229,99001,32,99.0,No,No,3320,0.0,0.0,0.0,0.000,0.026,11094,8920,0.0,0.0,0.0,0.000,0.000,50,0,49.9,64.9,83.0,0.762,12.141,12.187,12.160,12.074,1130,46.573,17.721,24.298,7.690,39.205,25.682,13.499,0.336,24.298,22.909,2.805,16.486,220.000,240.000,1365.0,1750.2,1185.0,1322.7,1290.0,35.0,9.0,0.0,3.0,29.9,5.0,20.0,0.0,0.0,0.0,33,Yes,No,No,No,No,Yes,No,21.5,24.2,0,0,0,0,0,0,0,0,0,12,0,0,0,0,0,0,0,0,0,0,0,0,0,0,0,0,0,0,0,0,5741,2451,2286,125,8.0,239.7,259.8,223.7,222.9,223.3,222.7,151.9,242.6,79.9,79.8,79.8,79.8,4.17,4.52,3.80,3.67,4.54,4.55,0.33,0.43,4.07,0.10,2.51,0,0,0.0,0.0,196,29,2.0,2.0,0,
5.7.2026,22:33:14.861,18020,27974,39.1,12970,19711,39.6,0.2,13312,23,1.330,1.331,1.331,1.331,1.331,1.331,1.331,1.331,1.325,4092.6,4092.6,4092.6,4092.6,4092.6,4092.6,4092.6,4092.6,4092.6,99.8,1126.4,3417.8,1272.1,3121.5,803.4,1239.3,1713.8,1232.2,974.3,388.0,370.2,865.2,697.6,633.3,548.8,422.4,323.1,1126.4,25.1,54.1,30.1,75.8,19.1,29.6,41.1,29.4,23.1,9.1,8.7,20.4,16.4,14.4,12.7,10.0,7.5,75.8,25.1,28.5,61.4,34.2,86.3,21.7,33.6,46.7,33.4,26.2,10.3,9.8,23.1,18.5,16.4,14.5,11.4,8.5,28.5,41.0,41.0,41.0,41.0,41.0,41.0,41.0,41.0,41.0,0.0,73.0,83.3,93.6,83.2,76.6,58.9,67.7,63.5,57.2,27.0,16.7,6.4,16.8,23.4,41.1,32.3,36.5,42.8,0.0,0.0,0.0,0.0,0.0,0.0,0.0,0.0,0.0,1197.8,12.00,16,16,16,39,55,661,1,70.4,70.2,70.2,66.1,68.7,69.5,68.3,66.5,63.8,64.6,64.1,63.3,61.7,62.1,61.3,53.5,51.0,1.344,1.031,1.344,13.926,11.827,13.933,65.705,40.010,3.869,5.276,5.999,4.715,3.849,2.511,3.262,2.946,2.390,18.766,12.167,30.933,40.048,1197.8,1197.8,4100.7,4104.7,4096.7,4104.7,45.5,23.2,73.0,73.9,60.4,No,No,No,1.491,0.477,5.8,49,95.0,100.0,No,No,91229,99001,32,99.0,No,No,3320,0.0,0.1,0.1,0.000,0.065,11094,8921,0.0,0.0,0.0,0.000,0.000,50,0,49.4,64.1,83.0,0.731,12.143,12.188,12.163,12.077,1129,42.247,15.688,20.087,6.143,35.223,24.046,11.159,0.336,20.087,21.604,2.443,15.750,220.000,240.000,1260.0,1250.2,1110.0,1299.4,1200.0,40.0,13.0,0.0,3.0,29.9,4.8,19.3,0.0,0.0,0.0,33,Yes,No,No,No,No,Yes,No,18.9,22.7,0,0,0,0,0,0,0,0,0,12,0,0,0,0,0,0,0,0,0,0,0,0,0,0,0,0,0,0,0,0,5739,2453,2288,125,8.0,239.8,259.8,217.9,213.2,215.3,212.2,140.6,242.8,79.9,62.0,68.5,59.9,4.17,4.69,3.83,3.70,4.72,4.73,0.36,0.40,4.06,0.11,2.14,0,0,0.0,0.0,196,29,2.6,2.1,0,
5.7.2026,22:33:16.860,18018,27976,39.1,12972,19710,39.6,0.2,13312,23,1.357,1.344,1.363,1.363,1.363,1.356,1.356,1.356,1.356,4139.4,4117.6,4142.5,4142.5,4142.5,4142.5,4142.5,4142.5,4142.5,99.8,1073.1,3361.6,1252.0,3139.0,761.5,1796.9,881.4,1393.2,732.4,407.6,314.8,966.3,545.7,644.7,443.2,277.5,251.5,1073.1,23.7,53.4,29.5,76.2,18.0,43.0,20.6,33.1,17.0,9.4,7.2,22.8,12.5,14.6,10.2,6.3,5.6,76.2,23.7,27.1,60.8,33.7,86.8,20.6,49.1,23.7,37.8,19.5,10.9,8.3,26.1,14.4,16.8,11.8,7.4,6.6,27.2,41.5,41.2,41.5,41.5,41.5,41.5,41.5,41.5,41.5,0.0,69.9,81.9,92.6,78.7,73.7,55.2,64.9,59.8,52.6,30.1,18.1,7.4,21.3,26.3,44.8,35.1,40.2,47.4,0.0,0.0,0.0,0.0,0.0,0.0,0.0,0.0,0.0,1197.8,12.00,16,16,16,39,55,661,1,70.2,70.5,69.8,66.0,68.8,69.7,67.9,66.5,63.7,64.4,63.8,63.0,61.5,61.9,61.2,53.5,51.0,1.356,1.031,1.369,13.704,11.761,13.707,62.909,39.626,3.813,5.379,6.099,4.443,3.804,2.468,3.212,2.839,2.260,18.517,12.101,30.618,39.716,1197.8,1197.8,4106.9,4112.2,4101.6,4112.2,45.1,22.8,69.9,74.2,60.5,No,No,No,1.428,0.468,5.6,49,95.0,100.0,No,No,91229,99001,32,99.0,No,No,3320,0.1,0.0,0.1,0.228,0.006,11095,8921,0.0,0.0,0.0,0.000,0.000,50,0,49.7,64.6,83.0,0.744,12.137,12.183,12.157,12.071,1131,43.310,16.691,21.664,6.652,37.518,25.458,12.035,0.336,21.664,22.825,2.713,16.041,220.000,240.000,1305.0,1750.2,1155.0,1299.7,1245.0,36.0,9.0,0.0,3.0,30.0,4.6,18.4,0.0,0.0,0.0,33,Yes,No,No,No,No,Yes,No,20.2,23.2,0,0,0,0,0,0,0,0,0,12,0,0,0,0,0,0,0,0,0,0,0,0,0,0,0,0,0,0,0,0,5737,2455,2290,126,8.0,239.8,264.7,224.4,205.7,214.3,202.3,128.7,242.6,59.9,59.9,59.9,59.9,4.17,4.56,3.75,3.69,4.70,4.93,0.30,0.40,4.07,0.11,2.32,0,0,0.0,0.0,196,29,2.2,1.5,0,
5.7.2026,22:33:18.867,18025,27968,39.1,12977,19705,39.7,0.2,13312,23,1.338,1.344,1.337,1.337,1.337,1.337,1.337,1.337,1.337,4095.7,4117.6,4092.6,4092.6,4092.6,4092.6,4092.6,4092.6,4092.6,99.8,1101.1,3430.3,1164.9,3252.7,698.6,2017.4,798.2,1438.4,685.3,429.5,292.3,972.4,548.0,694.9,432.5,467.4,295.2,1101.1,24.6,57.0,27.4,79.0,16.5,48.6,18.6,34.4,16.0,10.1,6.7,23.0,12.7,15.9,9.9,11.1,6.7,79.0,24.6,28.1,64.8,31.3,89.9,18.9,55.4,21.3,39.2,18.3,11.6,7.7,26.2,14.5,18.2,11.4,12.7,7.8,28.1,41.0,41.2,41.0,41.0,41.0,41.0,41.0,41.0,41.0,0.0,71.6,83.6,94.2,81.0,74.8,56.2,66.0,60.7,56.1,28.4,16.4,5.8,19.0,25.2,43.8,34.0,39.3,43.9,0.0,0.0,0.0,0.0,0.0,0.0,0.0,0.0,0.0,1197.8,12.00,16,16,16,39,55,661,1,70.2,70.4,75.2,66.0,68.7,69.6,68.1,66.4,63.6,64.6,63.9,63.3,61.5,61.9,61.2,55.5,51.4,1.344,1.044,1.350,13.852,11.793,13.850,64.412,39.855,3.857,5.373,6.096,4.633,3.790,2.453,3.201,2.881,2.433,18.702,12.134,30.836,39.932,1197.8,1197.8,4106.1,4108.9,4103.3,4108.9,45.4,23.1,71.6,74.1,60.4,No,No,No,1.472,0.484,5.7,49,95.0,100.0,No,No,91229,99001,32,99.0,No,No,3320,0.0,0.0,0.0,0.008,0.051,11095,8921,0.0,0.0,0.0,0.000,0.000,50,0,49.2,63.8,83.0,0.725,12.149,12.196,12.169,12.084,1132,40.950,15.357,19.508,5.976,34.948,24.096,10.838,0.336,19.508,21.745,2.367,14.251,220.000,240.000,1245.0,1250.2,1095.0,1224.0,1185.0,38.0,12.0,0.0,3.0,30.0,5.1,20.3,0.0,0.0,0.0,33,Yes,No,No,No,No,Yes,No,18.8,22.3,0,0,0,0,0,0,0,0,0,12,0,0,0,0,0,0,0,0,0,0,0,0,0,0,0,0,0,0,0,0,5736,2456,2291,126,8.0,239.8,266.4,215.0,207.7,209.9,207.6,141.4,241.9,66.1,60.0,60.0,59.9,4.17,4.74,3.70,3.45,4.83,4.87,0.40,0.34,4.06,0.11,2.45,0,0,0.0,0.0,196,29,2.2,1.8,0,
5.7.2026,22:33:20.868,18060,27934,39.2,12998,19684,39.7,0.2,13312,23,1.337,1.331,1.331,1.331,1.331,1.344,1.344,1.344,1.344,4105.1,4092.6,4092.6,4092.6,4092.6,4117.6,4117.6,4117.6,4117.6,99.8,1096.1,3356.4,1105.5,3055.4,827.3,1817.9,1018.5,1432.9,762.9,484.1,304.4,1027.1,540.9,764.0,420.7,342.6,277.6,1096.1,24.6,55.8,26.2,74.2,19.7,43.9,24.1,34.3,18.0,11.5,7.1,24.4,12.6,17.8,9.8,8.1,6.4,74.2,24.6,28.0,63.4,29.8,84.6,22.4,49.8,27.5,39.0,20.5,13.0,8.0,27.7,14.3,20.1,11.1,9.1,7.3,28.0,41.1,41.0,41.0,41.0,41.0,41.2,41.2,41.2,41.2,0.0,70.5,81.8,92.9,80.4,74.7,55.5,65.2,60.2,53.0,29.5,18.2,7.1,19.6,25.3,44.5,34.8,39.8,47.0,0.0,0.0,0.0,0.0,0.0,0.0,0.0,0.0,0.0,1197.8,12.00,16,16,16,39,55,661,1,70.2,70.5,67.2,66.1,68.8,69.5,68.2,66.4,63.8,64.6,64.0,63.1,61.6,61.9,61.2,55.0,51.4,1.369,1.025,1.356,13.911,11.813,13.917,63.418,39.993,3.845,5.298,5.970,4.618,3.854,2.518,3.261,2.917,2.325,18.802,12.155,30.957,40.066,1197.8,1197.8,4106.3,4111.8,4100.8,4112.5,45.5,23.2,70.5,74.2,60.9,No,No,No,1.488,0.496,5.6,49,95.0,100.0,No,No,91229,99001,32,99.0,No,No,3320,0.0,0.1,0.1,0.016,0.166,11095,8921,0.0,0.0,0.0,0.000,0.000,50,0,49.1,63.8,83.0,0.738,12.142,12.187,12.162,12.077,1130,41.707,16.061,20.812,6.386,35.853,24.263,11.562,0.336,20.812,21.756,2.398,16.434,220.000,240.000,1290.0,1250.2,1125.0,1239.4,1215.0,39.0,13.0,0.0,3.0,30.0,5.2,20.8,0.0,0.0,0.0,33,Yes,No,No,No,No,Yes,No,19.4,22.6,0,0,0,0,0,0,0,0,0,12,0,0,0,0,0,0,0,0,0,0,0,0,0,0,0,0,0,0,0,0,5736,2456,2291,126,8.0,239.8,272.2,215.7,209.8,212.3,208.7,154.4,243.1,79.9,79.8,79.8,79.8,4.17,4.72,3.64,3.51,4.76,4.79,0.48,0.53,4.06,0.11,2.75,0,0,0.0,0.0,196,29,2.6,2.7,0,
5.7.2026,22:33:22.870,18109,27884,39.3,13033,19648,39.8,0.2,13312,23,1.347,1.337,1.350,1.350,1.350,1.350,1.350,1.344,1.344,4114.5,4092.6,4117.6,4117.6,4117.6,4117.6,4117.6,4117.6,4117.6,99.8,1272.8,3540.6,1594.7,3000.3,1098.3,1466.0,1600.9,1296.2,1113.0,574.3,466.6,1021.4,905.0,841.0,584.0,739.1,522.9,1272.8,29.1,55.0,38.7,73.1,26.9,35.7,38.9,31.5,27.1,13.6,11.6,24.8,22.1,20.2,14.3,18.3,13.0,73.1,29.1,32.5,62.4,43.4,82.9,29.9,39.9,43.7,35.1,30.1,15.4,12.4,27.5,24.4,22.2,15.5,20.1,14.0,32.5,41.2,41.0,41.2,41.2,41.2,41.2,41.2,41.2,41.2,0.0,74.9,86.4,93.5,82.7,77.6,61.0,70.5,65.5,62.0,25.1,13.6,6.5,17.3,22.4,39.0,29.5,34.5,38.0,0.0,0.0,0.0,0.0,0.0,0.0,0.0,0.0,0.0,1197.8,12.00,16,16,16,39,55,661,1,70.8,71.2,69.8,66.7,69.8,69.9,68.8,66.9,64.3,65.5,64.4,64.3,61.8,62.1,61.4,53.8,51.0,1.350,1.025,1.356,14.723,11.910,14.717,67.349,41.098,4.082,5.711,6.032,4.746,4.008,2.728,3.571,3.083,2.777,19.830,12.259,32.089,41.200,1197.8,1197.8,4095.9,4099.3,4092.4,4102.8,46.8,24.5,74.8,75.0,60.5,No,No,No,1.715,0.436,6.0,49,95.0,100.0,No,No,91229,99001,32,99.0,No,No,3320,0.0,0.0,0.0,0.000,0.065,11095,8921,0.0,0.0,0.0,0.000,0.000,50,0,49.1,63.8,83.0,0.719,12.145,12.191,12.164,12.080,1130,40.738,15.898,19.766,6.059,35.337,24.329,10.981,0.336,19.766,21.949,5.196,15.266,220.000,240.000,1230.0,1250.2,1080.0,1280.0,1170.0,39.0,13.0,0.0,3.0,30.0,4.9,19.5,0.0,0.0,0.0,33,Yes,No,No,No,No,Yes,No,19.0,23.7,0,0,0,0,0,0,0,0,0,12,0,0,0,0,0,0,0,0,0,0,0,0,0,0,0,0,0,0,0,0,5736,2456,2291,125,8.0,239.8,273.2,217.9,211.6,214.9,209.9,145.1,242.0,79.9,62.1,68.4,59.9,4.17,4.63,3.62,3.49,4.70,4.81,0.47,0.48,4.06,0.11,2.22,0,0,0.0,0.0,196,29,7.0,5.2,0,
5.7.2026,22:33:24.857,18113,27881,39.3,13036,19646,39.8,0.2,13312,23,1.338,1.350,1.337,1.337,1.325,1.337,1.337,1.337,1.337,4092.6,4092.6,4092.6,4092.6,4092.6,4092.6,4092.6,4092.6,4092.6,99.8,1118.1,3432.0,1231.3,3212.1,750.8,1141.5,1678.7,981.2,1283.1,392.1,396.6,759.8,831.7,613.8,576.1,308.2,301.1,1118.1,24.8,56.4,28.8,77.9,17.5,26.8,40.0,22.9,30.3,9.6,9.0,17.5,19.5,13.6,13.2,6.9,6.7,77.9,24.8,28.4,63.9,33.0,88.8,20.3,30.8,45.8,26.4,34.8,10.4,10.6,20.2,22.4,15.8,15.4,8.2,7.9,28.4,41.0,41.0,41.0,41.0,41.0,41.0,41.0,41.0,41.0,0.0,72.5,83.6,94.2,81.3,76.7,58.0,67.6,63.1,55.2,27.5,16.4,5.8,18.7,23.3,42.0,32.4,36.9,44.8,0.0,0.0,0.0,0.0,0.0,0.0,0.0,0.0,0.0,1197.8,12.00,16,16,16,39,55,661,1,70.5,70.2,73.0,66.1,68.6,69.6,68.1,66.6,63.8,64.5,64.0,63.2,61.7,62.1,61.3,53.5,50.9,1.325,1.038,1.356,14.113,11.857,14.109,65.238,40.249,3.869,5.302,6.050,4.577,3.927,2.534,3.279,2.948,2.332,19.061,12.200,31.262,40.358,1197.8,1197.8,4107.5,4110.3,4104.6,4110.3,45.9,23.5,72.5,73.9,61.4,No,No,No,1.464,0.470,5.8,49,95.0,100.0,No,No,91229,99001,32,99.0,No,No,3320,0.0,0.1,0.1,0.000,0.085,11095,8921,0.0,0.0,0.0,0.000,0.000,50,0,49.0,63.5,83.0,0.738,12.144,12.190,12.163,12.078,1132,41.758,17.506,21.152,6.412,35.626,23.854,11.750,0.336,21.152,21.226,17.529,16.020,220.000,240.000,1290.0,1250.2,1125.0,1271.4,1215.0,37.0,12.0,0.0,3.0,30.0,5.1,20.3,0.0,0.0,0.0,33,Yes,No,No,No,No,Yes,No,19.3,22.9,0,0,0,0,0,0,0,0,0,12,0,0,0,0,0,0,0,0,0,0,0,0,0,0,0,0,0,0,0,0,5736,2456,2291,125,8.0,239.8,261.9,221.1,213.4,216.0,213.0,141.2,241.9,79.5,62.0,68.3,59.9,4.17,4.56,3.78,3.43,4.62,4.66,0.40,0.37,4.07,0.10,2.52,0,0,0.0,0.0,196,29,6.1,6.0,0,
5.7.2026,22:33:26.863,18110,27883,39.3,13030,19652,39.8,0.2,13312,23,1.324,1.344,1.319,1.319,1.319,1.319,1.319,1.319,1.337,4114.5,4092.6,4117.6,4117.6,4117.6,4117.6,4117.6,4117.6,4117.6,99.8,1165.7,3359.4,1886.3,3036.3,913.9,1335.3,1466.6,986.7,1163.8,453.2,384.0,864.7,763.3,589.4,556.5,503.4,388.8,1165.7,25.5,41.9,45.3,73.8,21.8,32.0,35.3,23.4,28.0,10.7,9.0,20.5,18.1,13.4,13.0,12.0,9.1,73.8,25.5,28.9,47.6,51.5,84.0,24.8,36.4,40.0,26.6,31.8,12.1,10.2,23.3,20.5,15.2,14.8,13.6,10.4,28.9,41.2,41.0,41.2,41.2,41.2,41.2,41.2,41.2,41.2,0.0,71.7,82.0,94.4,81.0,75.0,56.9,66.7,61.3,56.5,28.3,18.0,5.6,19.0,25.0,43.1,33.3,38.7,43.5,0.0,0.0,0.0,0.0,0.0,0.0,0.0,0.0,0.0,1197.8,12.00,16,16,16,39,55,661,1,70.8,70.7,70.5,66.3,68.8,69.8,68.2,66.5,64.2,65.1,63.9,64.1,61.7,62.0,61.3,53.8,50.8,1.344,1.031,1.356,14.229,11.806,14.237,64.555,40.428,3.938,5.363,6.161,4.588,3.803,2.647,3.403,2.893,2.645,19.215,12.151,31.365,40.478,1197.8,1197.8,4102.9,4107.3,4098.6,4107.3,46.0,23.7,71.7,74.5,60.8,No,No,No,1.490,0.478,5.7,49,95.0,100.0,No,No,91229,99001,32,99.0,No,No,3320,0.0,0.0,0.0,0.000,0.071,11095,8921,0.0,0.0,0.0,0.000,0.000,50,0,48.9,63.8,83.0,0.738,12.143,12.188,12.162,12.078,1128,42.136,15.297,19.283,5.863,34.406,23.672,10.712,0.336,19.283,21.315,5.251,12.852,220.000,240.000,1290.0,1250.2,1125.0,1283.8,1215.0,38.0,12.0,0.0,3.0,30.0,5.1,20.6,0.0,0.0,0.0,33,Yes,No,No,No,No,Yes,No,19.3,23.4,0,0,0,0,0,0,0,0,0,12,0,0,0,0,0,0,0,0,0,0,0,0,0,0,0,0,0,0,0,0,5736,2456,2291,125,8.0,239.7,268.7,218.6,206.0,212.4,203.0,132.7,242.0,59.9,59.9,59.9,59.9,4.17,4.66,3.70,3.65,4.80,4.97,0.43,0.45,4.06,0.11,2.38,0,0,0.0,0.0,196,29,2.8,2.1,0,
5.7.2026,22:33:28.860,18119,27875,39.3,13037,19645,39.8,0.2,13312,23,1.327,1.325,1.337,1.325,1.325,1.325,1.325,1.325,1.325,4092.6,4092.6,4092.6,4092.6,4092.6,4092.6,4092.6,4092.6,4092.6,99.8,1166.2,3417.4,2015.9,2948.6,1028.0,1567.9,1347.8,988.3,1210.9,394.5,394.0,900.9,673.4,601.6,587.5,284.5,298.3,1166.2,25.5,40.4,48.7,71.8,24.9,37.7,32.5,23.7,29.2,9.6,9.6,21.6,16.2,14.0,14.2,7.0,7.3,71.8,25.5,28.7,45.7,55.1,81.5,27.9,42.6,36.7,26.6,32.8,10.5,10.5,24.2,18.0,15.5,15.7,7.5,7.9,28.7,41.0,41.0,41.0,41.0,41.0,41.0,41.0,41.0,41.0,0.0,72.1,83.3,94.1,81.8,75.7,57.4,67.2,62.6,54.6,27.9,16.7,5.9,18.2,24.3,42.6,32.8,37.4,45.4,0.0,0.0,0.0,0.0,0.0,0.0,0.0,0.0,0.0,1197.8,12.00,16,16,16,39,55,661,1,79.9,70.4,71.8,66.1,68.9,69.6,68.3,66.5,63.8,64.5,63.9,63.1,61.6,62.0,61.2,54.0,50.8,1.344,1.031,1.350,13.990,11.835,13.988,64.877,40.039,3.875,5.432,6.055,4.671,3.835,2.528,3.253,2.917,2.312,18.856,12.179,31.035,40.134,1197.8,1197.8,4104.8,4106.6,4102.9,4106.6,45.6,23.3,72.1,74.1,60.6,No,No,No,1.501,0.482,5.8,49,95.0,100.0,No,No,91229,99001,32,99.0,No,No,3320,0.0,0.1,0.1,0.000,0.177,11095,8922,0.0,0.0,0.0,0.000,0.000,50,0,49.1,63.7,83.0,0.738,12.142,12.188,12.162,12.077,1128,41.891,16.062,20.800,6.472,35.781,24.203,11.555,0.336,20.800,21.778,2.470,16.431,220.000,240.000,1290.0,1250.2,1125.0,1256.9,1215.0,39.0,13.0,0.0,3.0,30.0,5.3,21.1,0.0,0.0,0.0,33,Yes,No,No,No,No,Yes,No,19.2,21.7,0,0,0,0,0,0,0,0,0,12,0,0,0,0,0,0,0,0,0,0,0,0,0,0,0,0,0,0,0,0,5734,2458,2293,125,8.0,239.8,262.1,219.6,215.6,217.3,214.9,142.6,242.2,66.1,59.9,60.0,59.9,4.17,4.57,3.82,3.72,4.63,4.67,0.45,0.42,4.07,0.11,2.32,0,0,0.0,0.0,196,29,6.0,2.4,0,
5.7.2026,22:33:30.857,18111,27883,39.3,13032,19650,39.8,0.2,13312,23,1.326,1.331,1.325,1.325,1.325,1.325,1.325,1.325,1.325,4114.5,4092.6,4117.6,4117.6,4117.6,4117.6,4117.6,4117.6,4117.6,99.8,1188.1,3417.4,2005.7,2823.0,1155.2,1446.3,1467.5,1015.8,1284.2,392.9,391.3,917.3,719.8,606.2,607.6,393.2,367.0,1188.1,25.7,41.8,48.1,68.5,27.7,34.8,35.0,24.1,30.6,8.6,8.5,21.7,17.0,13.8,14.3,8.6,7.9,68.5,25.7,29.3,47.4,54.7,77.9,31.5,39.5,39.7,27.4,34.8,10.4,10.4,24.5,19.2,15.6,16.2,10.5,9.7,29.3,41.2,41.0,41.2,41.2,41.2,41.2,41.2,41.2,41.2,0.0,73.6,83.3,94.4,82.8,77.7,59.2,69.2,64.5,57.8,26.4,16.7,5.6,17.2,22.3,40.8,30.8,35.5,42.2,0.0,0.0,0.0,0.0,0.0,0.0,0.0,0.0,0.0,1197.8,12.00,16,16,16,39,55,661,1,76.8,70.1,69.0,66.1,68.6,69.3,68.2,66.7,63.7,64.7,63.9,63.4,61.6,62.0,61.2,53.2,51.1,1.350,1.031,1.356,14.169,11.841,14.166,66.244,40.292,3.906,5.410,5.956,4.673,3.978,2.529,3.311,2.951,2.438,19.089,12.185,31.274,40.377,1197.8,1197.8,4103.0,4103.9,4102.0,4103.9,45.9,23.6,73.6,73.8,60.9,No,No,No,1.486,0.490,5.9,49,95.0,100.0,No,No,91229,99001,32,99.0,No,No,3320,0.5,0.9,1.3,0.447,6.777,11096,8935,0.0,0.0,0.0,0.000,0.000,50,0,49.0,63.6,83.0,0.725,12.143,12.189,12.162,12.078,1129,41.611,15.993,20.584,6.363,35.743,24.288,11.436,0.336,20.584,21.841,2.345,16.412,220.000,240.000,1245.0,1250.2,1095.0,1283.8,1185.0,40.0,13.0,0.0,3.0,30.0,5.1,20.5,0.0,0.0,0.0,33,Yes,No,No,No,No,Yes,No,19.3,21.5,0,0,0,0,0,0,0,0,0,12,0,0,0,0,0,0,0,0,0,0,0,0,0,0,0,0,0,0,0,0,5734,2458,2293,125,8.0,239.7,260.7,224.6,220.7,222.3,220.2,134.3,241.8,79.8,61.8,68.4,59.8,4.17,4.50,3.78,3.75,4.54,4.57,0.49,0.58,4.07,0.10,2.60,0,0,0.0,0.0,196,29,3.0,3.1,0,
5.7.2026,22:33:32.857,18111,27883,39.3,13030,19651,39.8,0.2,13312,23,1.338,1.331,1.344,1.344,1.337,1.337,1.337,1.337,1.337,4092.6,4092.6,4092.6,4092.6,4092.6,4092.6,4092.6,4092.6,4092.6,99.8,1208.1,3419.4,1999.6,2778.6,1162.4,796.6,2182.8,833.8,1498.2,355.4,448.9,864.0,855.1,545.1,705.5,479.2,404.9,1208.1,26.4,40.8,48.0,67.6,27.8,18.8,52.6,19.7,35.8,9.0,11.2,20.3,20.3,12.2,16.6,12.0,10.2,67.6,26.4,29.8,46.3,54.5,76.8,31.6,21.3,59.8,22.4,40.7,9.4,12.0,23.1,23.0,13.9,18.9,12.9,10.8,29.8,41.0,41.0,41.0,41.0,41.0,41.0,41.0,41.0,41.0,0.0,74.1,83.4,93.9,83.4,77.7,59.4,70.0,65.3,59.6,25.9,16.6,6.1,16.6,22.3,40.6,30.0,34.7,40.4,0.0,0.0,0.0,0.0,0.0,0.0,0.0,0.0,0.0,1197.8,12.00,16,16,16,39,55,661,1,73.8,70.3,70.0,66.2,68.7,69.4,68.5,66.8,63.7,65.0,63.9,63.7,61.6,62.0,61.2,53.0,51.1,1.344,1.025,1.350,14.336,11.874,14.336,66.679,40.539,3.931,5.354,5.924,4.736,3.987,2.525,3.407,2.974,2.540,19.300,12.218,31.518,40.626,1197.8,1197.8,4100.7,4102.0,4099.4,4102.0,46.2,23.9,74.1,74.0,61.2,No,No,No,1.506,0.490,5.9,49,95.0,100.0,No,No,91229,99001,32,99.0,No,No,3320,0.2,0.1,0.3,0.656,0.260,11097,8935,0.0,0.0,0.0,0.000,0.000,50,0,49.0,63.9,83.0,0.738,12.142,12.188,12.162,12.077,1129,42.152,17.395,21.034,6.399,35.914,24.202,11.685,0.336,21.034,21.608,16.281,15.455,220.000,240.000,1305.0,1750.2,1155.0,1253.5,1245.0,40.0,13.0,0.0,3.0,30.0,5.4,21.4,0.0,0.0,0.0,33,Yes,No,No,No,No,Yes,No,19.4,23.5,0,0,0,0,0,0,0,0,0,12,0,0,0,0,0,0,0,0,0,0,0,0,0,0,0,0,0,0,0,0,5733,2459,2294,125,8.0,239.8,262.3,218.2,216.8,217.0,216.6,146.1,242.6,79.9,62.1,68.4,59.9,4.17,4.60,3.77,3.72,4.66,4.69,0.41,0.59,4.06,0.11,2.07,0,0,0.0,0.0,196,29,2.8,2.2,0,
5.7.2026,22:33:34.856,18119,27875,39.3,13038,19644,39.8,0.2,13312,23,1.338,1.337,1.331,1.331,1.331,1.344,1.344,1.344,1.344,4114.5,4092.6,4117.6,4117.6,4117.6,4117.6,4117.6,4117.6,4117.6,99.8,1225.3,3437.1,2015.0,2756.3,1225.0,905.1,2200.7,887.1,1491.9,392.0,479.0,800.8,940.7,592.8,688.9,387.2,405.3,1225.3,26.7,40.7,48.4,66.9,29.4,21.4,53.3,21.0,35.7,9.2,11.3,18.2,22.5,13.4,16.3,9.2,9.6,66.9,26.7,30.3,46.2,54.9,76.0,33.4,24.3,60.5,23.8,40.5,10.4,12.8,21.3,25.4,15.2,18.5,10.4,10.8,30.3,41.2,41.0,41.2,41.2,41.2,41.2,41.2,41.2,41.2,0.0,74.8,83.8,93.7,84.8,78.7,61.4,70.7,65.3,59.6,25.2,16.2,6.3,15.2,21.3,38.6,29.3,34.7,40.4,0.0,0.0,0.0,0.0,0.0,0.0,0.0,0.0,0.0,1197.8,12.00,16,16,16,39,55,661,1,72.0,70.3,70.2,66.3,68.6,69.4,68.6,67.0,64.0,64.9,64.1,63.6,61.7,62.1,61.3,54.5,51.3,1.344,1.025,1.350,14.346,11.860,14.343,67.284,40.520,3.959,5.328,5.936,4.880,4.052,2.610,3.403,2.994,2.474,19.308,12.205,31.513,40.618,1197.8,1197.8,4100.2,4101.0,4099.4,4101.0,46.2,23.9,74.8,74.0,60.7,No,No,No,1.488,0.456,6.0,49,95.0,100.0,No,No,91229,99001,32,99.0,No,No,3320,0.0,0.1,0.1,0.014,0.194,11097,8936,0.0,0.0,0.0,0.000,0.000,50,0,49.1,63.8,83.0,0.731,12.141,12.187,12.161,12.076,1132,44.827,16.056,21.059,6.471,35.886,24.163,11.699,0.336,21.059,21.614,2.429,15.847,220.000,240.000,1275.0,1250.2,1110.0,1301.6,1200.0,40.0,13.0,0.0,3.0,30.0,4.9,19.6,0.0,0.0,0.0,33,Yes,No,No,No,No,Yes,No,19.4,22.3,0,0,0,0,0,0,0,0,0,12,0,0,0,0,0,0,0,0,0,0,0,0,0,0,0,0,0,0,0,0,5733,2459,2294,125,8.0,239.8,260.5,221.8,212.0,217.2,209.5,147.4,242.7,79.9,79.9,79.9,79.9,4.17,4.55,3.80,3.60,4.64,4.77,0.32,0.35,4.06,0.11,2.15,0,0,0.0,0.0,196,29,2.5,2.0,0,
5.7.2026,22:33:36.855,18120,27873,39.3,13042,19639,39.9,0.2,13312,23,1.342,1.325,1.350,1.344,1.344,1.344,1.344,1.344,1.344,4114.5,4092.6,4117.6,4117.6,4117.6,4117.6,4117.6,4117.6,4117.6,99.8,1124.6,3346.2,1956.4,2778.0,1064.2,1256.9,1525.3,929.4,1276.8,339.6,366.3,916.7,658.6,571.4,526.5,241.8,240.2,1124.6,24.2,38.7,46.8,67.5,25.3,29.8,36.4,21.8,30.5,7.8,8.5,22.2,15.4,12.7,12.2,5.5,5.4,67.5,24.2,27.5,44.1,53.3,76.8,28.8,34.0,41.4,24.9,34.7,8.9,9.7,24.5,17.6,14.5,13.9,6.3,6.3,27.5,41.2,41.0,41.2,41.2,41.2,41.2,41.2,41.2,41.2,0.0,71.5,81.5,93.2,80.6,76.1,57.5,67.3,62.2,53.7,28.5,18.5,6.8,19.4,23.9,42.5,32.7,37.8,46.3,0.0,0.0,0.0,0.0,0.0,0.0,0.0,0.0,0.0,1197.8,12.00,16,16,16,39,55,661,1,70.5,69.8,68.8,65.8,68.3,69.2,67.7,66.4,63.5,64.5,63.7,62.9,61.5,61.9,61.1,52.8,50.4,1.356,1.031,1.350,13.746,11.775,13.749,64.357,39.658,3.793,5.244,5.936,4.472,3.857,2.465,3.298,2.844,2.230,18.533,12.116,30.649,39.748,1197.8,1197.8,4105.6,4107.8,4103.3,4108.1,45.2,22.9,71.5,73.5,60.9,No,No,No,1.413,0.451,5.7,49,95.0,100.0,No,No,91229,99001,32,99.0,No,No,3320,0.0,0.1,0.1,0.016,0.230,11097,8936,0.0,0.0,0.0,0.000,0.000,50,0,49.2,64.0,83.0,0.725,12.140,12.187,12.160,12.073,1130,45.148,16.734,21.588,6.764,37.573,25.559,11.993,0.336,21.588,23.072,2.437,16.434,220.000,240.000,1245.0,1250.2,1095.0,1301.6,1185.0,36.0,9.0,0.0,2.0,30.0,5.1,20.2,0.0,0.0,0.0,33,Yes,No,No,No,No,Yes,No,20.3,21.9,0,0,0,0,0,0,0,0,0,12,0,0,0,0,0,0,0,0,0,0,0,0,0,0,0,0,0,0,0,0,5733,2459,2294,125,8.0,239.7,257.5,224.8,223.1,223.9,222.6,153.7,242.8,79.8,79.6,79.7,79.6,4.17,4.50,3.85,3.84,4.51,4.52,0.34,0.46,4.06,0.11,2.31,0,0,0.0,0.0,196,29,3.0,2.3,0,
5.7.2026,22:33:38.854,18125,27868,39.4,13041,19641,39.9,0.2,13312,23,1.331,1.331,1.331,1.331,1.331,1.331,1.331,1.331,1.331,4108.2,4092.6,4092.6,4092.6,4117.6,4117.6,4117.6,4117.6,4117.6,99.8,1140.3,3439.5,1342.8,2959.2,893.1,1720.2,1155.6,1227.0,1054.1,427.3,405.7,934.8,642.4,685.4,474.4,459.8,423.0,1140.3,25.1,54.6,31.5,71.6,21.0,41.1,27.2,29.0,24.7,9.7,9.2,21.8,14.8,15.4,10.7,10.6,9.6,71.6,25.1,28.9,62.2,36.1,81.6,24.3,47.1,31.3,33.3,28.4,11.4,10.9,25.0,17.2,17.9,12.5,12.4,11.4,28.9,41.2,41.0,41.0,41.0,41.2,41.2,41.2,41.2,41.2,0.0,73.0,83.8,92.9,81.9,76.6,59.6,67.5,63.3,58.2,27.0,16.2,7.1,18.1,23.4,40.4,32.5,36.7,41.8,0.0,0.0,0.0,0.0,0.0,0.0,0.0,0.0,0.0,1197.8,12.00,16,16,16,39,55,661,1,70.1,69.8,70.0,65.9,68.4,69.1,67.9,66.3,63.8,64.5,64.0,63.4,61.6,61.9,61.2,52.8,50.8,1.344,1.031,1.350,13.891,11.821,13.888,65.667,39.928,3.838,5.247,5.814,4.578,3.853,2.562,3.276,2.906,2.465,18.751,12.162,30.914,40.006,1197.8,1197.8,4105.4,4107.7,4103.1,4108.1,45.5,23.1,73.0,73.5,60.8,No,No,No,1.439,0.424,5.8,49,95.0,100.0,No,No,91229,99001,32,99.0,No,No,3320,0.0,0.0,0.0,0.000,0.056,11097,8936,0.0,0.0,0.0,0.000,0.000,50,0,48.9,63.8,83.0,0.738,12.146,12.192,12.164,12.080,1129,42.122,16.926,19.831,5.950,34.802,23.762,11.017,0.336,19.831,21.250,17.248,15.232,220.000,240.000,1290.0,1250.2,1125.0,1283.6,1215.0,38.0,13.0,0.0,3.0,30.0,5.2,20.9,0.0,0.0,0.0,33,Yes,No,No,No,No,Yes,No,18.7,22.5,0,0,0,0,0,0,0,0,0,12,0,0,0,0,0,0,0,0,0,0,0,0,0,0,0,0,0,0,0,0,5733,2459,2294,125,8.0,239.8,260.8,215.4,208.1,210.7,207.0,145.5,241.6,79.9,62.1,68.5,59.9,4.17,4.68,3.78,3.46,4.75,4.78,0.46,0.53,4.06,0.11,2.26,0,0,0.0,0.0,196,29,2.3,2.1,0,
5.7.2026,22:33:40.864,18118,27876,39.3,13042,19640,39.9,0.2,13312,23,1.336,1.344,1.344,1.344,1.331,1.331,1.331,1.331,1.331,4117.6,4117.6,4117.6,4117.6,4117.6,4117.6,4117.6,4117.6,4117.6,99.8,1063.8,3359.6,1064.7,2924.5,825.2,1940.1,850.7,1482.6,707.2,394.9,300.3,1021.1,535.4,679.5,418.6,265.2,251.8,1063.8,24.0,56.9,25.2,71.1,19.7,47.0,20.1,35.7,16.9,9.5,7.2,24.4,12.7,15.8,9.8,6.4,6.0,71.1,24.0,27.1,64.5,28.4,80.9,22.2,53.2,22.6,40.4,18.9,10.5,7.9,27.4,14.1,17.7,10.9,7.0,6.6,27.1,41.2,41.2,41.2,41.2,41.2,41.2,41.2,41.2,41.2,0.0,70.5,81.9,91.9,80.3,75.3,55.9,65.9,60.3,52.8,29.5,18.1,8.1,19.7,24.7,44.1,34.1,39.7,47.2,0.0,0.0,0.0,0.0,0.0,0.0,0.0,0.0,0.0,1197.8,12.00,16,16,16,39,55,661,1,70.1,69.9,70.5,65.7,68.3,69.1,67.9,66.2,63.5,64.4,63.7,62.8,61.4,61.8,61.1,54.5,51.0,1.356,1.031,1.356,13.599,11.790,13.606,63.479,39.525,3.776,5.272,5.790,4.542,3.833,2.450,3.252,2.834,2.232,18.360,12.131,30.491,39.596,1197.8,1197.8,4106.8,4111.1,4102.5,4111.4,45.0,22.7,70.5,73.5,60.6,No,No,No,1.434,0.492,5.6,49,95.0,100.0,No,No,91229,99001,32,99.0,No,No,3320,0.0,0.1,0.1,0.024,0.285,11097,8937,0.0,0.0,0.0,0.000,0.000,50,0,49.2,64.2,83.0,0.756,12.141,12.188,12.160,12.074,1129,44.296,17.059,22.656,6.886,38.110,25.500,12.586,0.336,22.656,22.655,2.652,16.552,220.000,240.000,1335.0,1750.2,1185.0,1273.7,1275.0,37.0,10.0,0.0,3.0,30.0,5.1,20.6,0.0,0.0,0.0,33,Yes,No,No,No,No,Yes,No,20.6,23.9,0,0,0,0,0,0,0,0,0,12,0,0,0,0,0,0,0,0,0,0,0,0,0,0,0,0,0,0,0,0,5733,2459,2294,125,8.0,239.8,264.2,222.2,201.5,211.1,197.6,150.5,242.0,79.9,62.2,68.5,60.0,4.17,4.53,3.77,3.28,4.75,5.08,0.37,0.44,4.07,0.10,2.42,0,0,0.0,0.0,196,29,4.8,5.3,0,
5.7.2026,22:33:42.859,18136,27858,39.4,13056,19626,39.9,0.2,13312,23,1.334,1.344,1.350,1.350,1.325,1.325,1.325,1.325,1.325,4095.7,4117.6,4092.6,4092.6,4092.6,4092.6,4092.6,4092.6,4092.6,99.8,1195.8,3419.6,1199.4,3104.7,943.0,1394.8,1446.9,1270.4,1007.3,433.9,323.1,956.5,694.2,715.4,538.2,1085.4,600.3,1195.8,27.4,58.2,28.6,75.7,22.8,33.9,35.0,30.6,24.3,10.5,7.8,23.0,16.6,16.8,12.9,26.6,14.5,75.7,27.4,30.7,65.8,32.2,85.8,25.7,38.1,39.4,34.4,27.2,11.6,8.5,25.7,18.5,18.8,14.3,29.8,16.1,30.7,41.0,41.2,41.0,41.0,41.0,41.0,41.0,41.0,41.0,0.0,73.8,83.6,94.7,80.3,76.1,58.3,67.7,62.8,66.5,26.2,16.4,5.3,19.7,23.9,41.7,32.3,37.2,33.5,0.0,0.0,0.0,0.0,0.0,0.0,0.0,0.0,0.0,1197.8,12.00,16,16,16,39,55,661,1,78.0,71.8,70.2,66.6,68.7,69.6,68.1,66.7,63.7,65.4,64.0,66.6,61.6,62.0,61.3,53.5,50.7,1.362,1.031,1.363,14.755,11.827,14.753,66.377,41.063,4.060,5.368,6.051,4.577,3.894,2.509,3.323,2.937,3.820,19.879,12.176,32.055,41.158,1197.8,1197.8,4092.0,4095.0,4089.1,4095.4,46.8,24.6,73.8,75.6,61.0,No,No,No,1.524,0.465,5.9,49,95.0,100.0,No,No,91229,99001,32,99.0,No,No,3320,0.0,0.1,0.1,0.024,0.110,11097,8937,0.0,0.0,0.0,0.000,0.000,50,0,48.7,63.2,83.0,0.719,12.143,12.189,12.163,12.078,1132,43.068,14.994,18.527,5.692,34.154,23.830,10.293,0.336,18.527,21.638,2.271,14.671,220.000,240.000,1230.0,1250.2,1080.0,1308.3,1170.0,38.0,13.0,0.0,3.0,30.0,4.9,19.5,0.0,0.0,0.0,33,Yes,No,No,No,No,Yes,No,18.3,23.6,0,0,0,0,0,0,0,0,0,12,0,0,0,0,0,0,0,0,0,0,0,0,0,0,0,0,0,0,0,0,5733,2459,2294,125,8.0,239.7,262.5,220.9,218.0,219.2,217.7,139.5,242.2,60.0,59.8,59.9,59.8,4.17,4.58,3.73,3.57,4.67,4.86,0.38,0.61,4.06,0.11,2.43,0,0,0.0,0.0,196,29,2.4,2.1,0,
5.7.2026,22:33:44.869,18132,27862,39.4,13051,19631,39.9,0.2,13312,23,1.334,1.331,1.337,1.337,1.337,1.337,1.331,1.331,1.331,4089.5,4092.6,4092.6,4092.6,4067.7,4092.6,4092.6,4092.6,4092.6,99.8,1081.4,3432.6,1213.9,2992.6,838.3,1392.7,1401.1,1272.6,956.2,369.7,294.4,933.4,628.1,627.5,437.4,268.9,243.6,1081.4,23.7,56.4,28.3,72.5,19.5,33.0,33.1,30.1,22.2,8.2,6.3,21.6,14.2,13.8,9.7,5.8,5.1,72.5,23.7,27.4,64.4,32.6,82.7,22.7,37.9,38.0,34.6,25.7,9.8,7.7,25.0,16.7,16.2,11.5,7.1,6.4,27.5,41.0,41.0,41.0,41.0,40.8,41.0,41.0,41.0,41.0,0.0,71.5,83.7,92.8,80.7,76.6,56.8,66.7,61.4,53.3,28.5,16.3,7.2,19.3,23.4,43.2,33.3,38.6,46.7,0.0,0.0,0.0,0.0,0.0,0.0,0.0,0.0,0.0,1197.8,12.00,16,16,16,39,55,661,1,74.9,70.0,68.5,65.8,68.5,69.2,68.0,66.2,63.5,64.4,63.6,62.9,61.5,61.9,61.2,55.2,51.0,1.362,1.031,1.356,13.645,11.816,13.642,64.346,39.555,3.787,5.329,5.862,4.527,3.866,2.426,3.233,2.816,2.240,18.389,12.154,30.543,39.635,1197.8,1197.8,4104.3,4107.2,4101.4,4107.2,45.0,22.7,71.5,73.7,60.5,No,No,No,1.435,0.477,5.7,49,95.0,100.0,No,No,91229,99001,32,99.0,No,No,3320,0.0,0.1,0.1,0.032,0.240,11097,8937,0.0,0.0,0.0,0.000,0.000,50,0,48.6,63.5,83.0,0.731,12.139,12.185,12.159,12.074,1132,41.617,16.012,21.120,6.275,36.003,24.245,11.733,0.336,21.120,21.470,2.421,15.399,220.000,240.000,1275.0,1250.2,1110.0,1234.6,1200.0,40.0,13.0,0.0,3.0,30.0,5.2,21.0,0.0,0.0,0.0,33,Yes,No,No,No,No,Yes,No,19.0,22.9,0,0,0,0,0,0,0,0,0,12,0,0,0,0,0,0,0,0,0,0,0,0,0,0,0,0,0,0,0,0,5732,2460,2295,125,8.0,239.7,259.5,219.8,215.6,217.8,214.5,133.2,242.4,79.8,61.9,68.4,59.9,4.17,4.62,3.81,3.47,4.66,4.70,0.43,0.45,4.07,0.10,2.00,0,0,0.0,0.0,196,29,2.3,2.1,0,
5.7.2026,22:33:46.866,18140,27854,39.4,13059,19623,39.9,0.2,13312,23,1.336,1.331,1.350,1.350,1.331,1.331,1.331,1.331,1.331,4086.4,4067.7,4092.6,4067.7,4092.6,4092.6,4092.6,4092.6,4092.6,99.8,1098.9,3385.1,1207.7,2988.9,896.7,1658.2,1045.2,1348.9,848.7,428.1,306.5,1018.4,647.8,688.6,428.3,285.0,399.9,1098.9,24.6,56.2,28.6,72.5,21.4,39.9,24.7,32.3,20.1,10.1,7.2,24.2,15.2,15.8,9.9,6.6,9.5,72.5,24.6,28.0,63.8,32.5,82.6,24.3,45.3,28.1,36.6,22.8,11.4,8.1,27.5,17.2,17.9,11.3,7.5,10.7,28.0,40.9,40.8,41.0,40.8,41.0,41.0,41.0,41.0,41.0,0.0,71.2,82.5,92.5,78.8,75.5,56.6,67.2,61.5,55.3,28.8,17.5,7.5,21.2,24.5,43.4,32.8,38.5,44.7,0.0,0.0,0.0,0.0,0.0,0.0,0.0,0.0,0.0,1197.8,12.00,16,16,16,39,55,661,1,72.6,69.9,69.5,65.8,68.3,69.2,67.5,66.2,63.4,64.7,63.7,63.2,61.4,61.8,61.1,54.5,50.7,1.350,1.031,1.363,13.907,11.811,13.909,64.027,39.966,3.807,5.293,5.907,4.383,3.865,2.451,3.345,2.858,2.357,18.776,12.154,30.930,40.030,1197.8,1197.8,4105.6,4110.0,4101.2,4114.0,45.5,23.2,71.1,73.6,61.4,No,No,No,1.462,0.488,5.7,50,95.0,100.0,No,No,91229,99001,32,99.0,No,No,3320,0.0,0.0,0.0,0.000,0.030,11097,8937,0.0,0.0,0.0,0.000,0.000,50,0,49.0,64.0,83.0,0.744,12.141,12.188,12.161,12.075,1130,44.380,16.524,21.961,6.764,37.795,25.562,12.200,0.336,21.961,22.911,2.525,13.224,220.000,240.000,1305.0,1750.2,1155.0,1299.5,1245.0,36.0,9.0,0.0,3.0,30.0,4.9,19.5,0.0,0.0,0.0,33,Yes,No,No,No,No,Yes,No,20.4,24.5,0,0,0,0,0,0,0,0,0,12,0,0,0,0,0,0,0,0,0,0,0,0,0,0,0,0,0,0,0,0,5732,2460,2295,125,8.0,239.7,261.5,222.8,220.9,221.8,220.6,141.3,242.1,79.8,62.0,68.4,59.9,4.17,4.51,3.76,3.72,4.53,4.56,0.33,0.44,4.07,0.10,2.38,0,0,0.0,0.0,196,29,2.4,1.7,0,
5.7.2026,22:33:48.858,18138,27856,39.4,13057,19624,39.9,0.2,13312,23,1.329,1.325,1.325,1.325,1.331,1.331,1.331,1.331,1.331,4086.4,4092.6,4067.7,4092.6,4092.6,4092.6,4092.6,4092.6,4067.7,99.8,1079.7,3471.5,1084.2,3055.3,805.9,1982.5,855.6,1521.8,725.9,383.9,257.7,1055.3,539.4,657.9,380.7,249.5,248.0,1079.7,24.6,60.5,25.8,74.3,19.5,48.0,20.3,36.6,17.5,9.5,6.4,25.3,13.0,15.4,9.2,6.3,6.1,74.3,24.6,27.5,68.6,28.9,84.5,21.7,54.2,22.6,41.2,19.4,10.2,6.7,28.3,14.3,17.0,9.9,6.6,6.3,27.5,40.9,41.0,40.8,41.0,41.0,41.0,41.0,41.0,40.8,0.0,71.9,84.5,93.7,81.2,76.6,56.8,67.3,61.0,53.8,28.1,15.5,6.3,18.8,23.4,43.2,32.7,39.0,46.2,0.0,0.0,0.0,0.0,0.0,0.0,0.0,0.0,0.0,1197.8,12.00,16,16,16,39,55,661,1,70.9,69.9,70.5,65.7,68.6,69.1,67.7,66.2,63.4,64.5,63.5,62.8,61.4,61.8,61.1,54.5,51.0,1.344,1.025,1.344,13.711,11.825,13.707,64.667,39.660,3.817,5.521,5.876,4.489,3.875,2.411,3.343,2.789,2.231,18.502,12.168,30.670,39.764,1197.8,1197.8,4108.9,4111.0,4106.9,4111.0,45.2,22.8,71.9,73.5,60.5,No,No,No,1.464,0.511,5.7,50,95.0,100.0,No,No,91229,99001,32,99.0,No,No,3320,0.0,0.1,0.1,0.008,0.148,11097,8938,0.0,0.0,0.0,0.000,0.000,50,0,48.8,63.7,83.0,0.756,12.137,12.184,12.157,12.070,1129,42.025,16.894,22.550,6.969,37.894,25.336,12.528,0.336,22.550,22.633,2.705,15.439,220.000,240.000,1335.0,1750.2,1185.0,1270.0,1275.0,37.0,10.0,0.0,3.0,30.0,5.2,20.6,0.0,0.0,0.0,33,Yes,No,No,No,No,Yes,No,20.5,24.1,0,0,0,0,0,0,0,0,0,12,0,0,0,0,0,0,0,0,0,0,0,0,0,0,0,0,0,0,0,0,5732,2460,2295,125,8.0,239.8,262.4,218.7,216.5,217.0,216.4,142.2,242.4,80.0,79.8,79.8,79.7,4.17,4.61,3.80,3.64,4.64,4.67,0.38,0.56,4.07,0.10,2.37,0,0,0.0,0.0,196,29,8.3,4.6,0,
5.7.2026,22:33:50.861,18141,27853,39.4,13062,19619,39.9,0.2,13312,23,1.325,1.325,1.325,1.325,1.325,1.325,1.325,1.325,1.325,4114.5,4092.6,4117.6,4117.6,4117.6,4117.6,4117.6,4117.6,4117.6,99.8,1118.5,3466.1,1450.3,2918.5,876.3,2004.0,824.4,1444.0,791.4,434.6,266.3,1056.9,536.1,750.8,462.1,258.0,356.6,1118.5,24.8,52.9,34.4,70.7,20.9,48.3,19.6,34.8,18.4,10.2,6.1,25.1,12.4,17.4,10.7,5.9,8.5,70.7,24.8,28.2,60.2,39.2,80.5,23.8,55.0,22.4,39.6,21.0,11.7,7.0,28.6,14.1,19.8,12.2,6.8,9.7,28.2,41.2,41.0,41.2,41.2,41.2,41.2,41.2,41.2,41.2,0.0,72.6,84.4,92.6,81.8,77.0,57.9,67.8,63.2,55.8,27.4,15.6,7.4,18.2,23.0,42.1,32.2,36.8,44.2,0.0,0.0,0.0,0.0,0.0,0.0,0.0,0.0,0.0,1197.8,12.00,16,16,16,39,55,661,1,70.2,69.9,69.5,65.9,68.7,69.0,67.9,66.3,63.6,64.5,63.8,63.1,61.5,61.9,61.1,54.0,50.9,1.362,1.031,1.363,14.062,11.838,14.068,65.305,40.222,3.843,5.472,5.821,4.554,3.883,2.484,3.305,2.909,2.314,18.993,12.181,31.173,40.282,1197.8,1197.8,4109.1,4111.3,4106.8,4111.3,45.8,23.4,72.6,73.5,61.5,No,No,No,1.456,0.457,5.8,49,95.0,100.0,No,No,91229,99001,32,99.0,No,No,3320,0.2,0.5,0.7,0.328,6.662,11098,8950,0.0,0.0,0.0,0.000,0.000,50,0,49.0,64.2,83.0,0.750,12.141,12.188,12.161,12.074,1130,46.154,17.181,22.677,6.740,38.221,25.597,12.598,0.336,22.677,22.607,2.858,17.494,220.000,240.000,1320.0,1750.2,1170.0,1331.0,1260.0,40.0,10.0,0.0,3.0,30.0,5.1,20.4,0.0,0.0,0.0,33,Yes,No,No,No,No,Yes,No,20.6,25.6,0,0,0,0,0,0,0,0,0,12,0,0,0,0,0,0,0,0,0,0,0,0,0,0,0,0,0,0,0,0,5732,2460,2295,98,8.0,239.8,264.1,219.2,212.3,216.0,210.5,154.3,241.9,80.1,80.0,80.0,80.0,4.17,4.62,3.77,3.67,4.69,4.79,0.37,0.42,4.06,0.11,2.17,0,0,0.0,0.0,196,29,5.3,2.6,0,
5.7.2026,22:33:52.866,18131,27863,39.4,13055,19627,39.9,0.2,13312,23,1.331,1.331,1.331,1.331,1.331,1.331,1.331,1.331,1.331,4092.6,4092.6,4092.6,4092.6,4092.6,4092.6,4092.6,4092.6,4092.6,99.8,1199.4,3511.6,2124.8,2901.3,995.9,1225.3,1709.2,1181.2,1153.6,369.6,340.5,1005.3,731.9,634.8,584.9,290.9,430.3,1199.4,25.8,40.7,51.1,70.4,23.6,29.1,40.9,28.0,27.2,8.4,7.7,23.6,17.0,14.2,13.5,6.6,10.0,70.4,25.8,29.4,46.3,58.2,80.1,27.0,33.1,46.5,31.9,31.1,9.8,9.0,26.9,19.4,16.3,15.5,7.7,11.6,29.4,41.0,41.0,41.0,41.0,41.0,41.0,41.0,41.0,41.0,0.0,74.9,85.6,94.2,84.0,79.0,60.2,71.4,66.1,58.9,25.1,14.4,5.8,16.0,21.0,39.8,28.6,33.9,41.1,0.0,0.0,0.0,0.0,0.0,0.0,0.0,0.0,0.0,1197.8,12.00,16,16,16,39,55,661,1,70.2,70.0,73.0,66.0,68.9,69.2,68.2,66.4,63.7,64.7,63.9,63.3,61.6,62.0,61.2,53.2,50.8,1.344,1.031,1.350,14.205,11.880,14.201,67.440,40.354,3.915,5.556,5.852,4.666,3.965,2.480,3.432,2.966,2.398,19.132,12.226,31.358,40.453,1197.8,1197.8,4102.6,4103.7,4101.4,4104.0,46.0,23.7,74.9,73.7,60.9,No,No,No,1.436,0.429,6.0,49,95.0,100.0,No,No,91229,99001,32,99.0,No,No,3320,0.0,0.1,0.1,0.024,0.224,11098,8951,0.0,0.0,0.0,0.000,0.000,50,0,48.9,63.8,83.0,0.750,12.141,12.189,12.160,12.074,1130,44.901,16.704,21.995,6.655,37.734,25.489,12.219,0.336,21.995,22.711,2.607,15.297,220.000,240.000,1320.0,1750.2,1170.0,1306.7,1260.0,35.0,9.0,0.0,3.0,30.0,5.0,19.8,0.0,0.0,0.0,33,Yes,No,No,No,No,Yes,No,20.3,24.6,0,0,0,0,0,0,0,0,0,12,0,0,0,0,0,0,0,0,0,0,0,0,0,0,0,0,0,0,0,0,5732,2460,2295,98,8.0,239.8,262.2,219.3,205.9,211.8,203.7,149.9,242.1,79.8,62.2,68.5,60.0,4.17,4.61,3.79,3.54,4.75,4.95,0.34,0.39,4.07,0.10,2.12,0,0,0.0,0.0,196,29,7.1,4.8,0,
5.7.2026,22:33:54.860,18139,27855,39.4,13060,19622,39.9,0.2,13312,23,1.321,1.337,1.319,1.319,1.319,1.319,1.319,1.319,1.319,4117.6,4117.6,4117.6,4117.6,4117.6,4117.6,4117.6,4117.6,4117.6,99.8,1214.5,3512.6,2110.5,2959.8,949.9,1160.3,1774.4,1096.9,1313.3,394.2,409.6,944.5,823.6,603.4,574.8,309.6,495.2,1214.5,26.6,43.1,50.8,71.9,22.8,27.8,42.6,26.2,31.4,9.4,9.8,22.5,19.7,13.8,13.6,7.4,11.9,71.9,26.6,30.0,48.9,57.6,81.8,25.7,31.5,48.3,29.7,35.6,10.4,10.9,25.3,22.2,15.5,15.3,8.2,13.3,30.0,41.2,41.2,41.2,41.2,41.2,41.2,41.2,41.2,41.2,0.0,74.7,85.6,94.0,82.7,79.7,60.6,70.9,65.1,58.9,25.3,14.4,6.0,17.3,20.3,39.4,29.1,34.9,41.1,0.0,0.0,0.0,0.0,0.0,0.0,0.0,0.0,0.0,1197.8,12.00,16,16,16,39,55,661,1,70.4,70.3,67.8,66.2,69.0,69.5,68.2,66.6,63.8,64.8,63.9,63.5,61.7,62.0,61.3,55.0,50.3,1.350,1.031,1.350,14.287,11.875,14.291,67.221,40.506,3.934,5.561,5.936,4.627,4.004,2.555,3.434,2.920,2.432,19.256,12.219,31.475,40.592,1197.8,1197.8,4103.7,4104.7,4102.6,4104.7,46.1,23.8,74.7,74.0,61.0,No,No,No,1.525,0.481,6.0,49,95.0,100.0,No,No,91229,99001,32,99.0,No,No,3320,0.0,0.0,0.1,0.016,0.151,11098,8951,0.0,0.0,0.0,0.000,0.000,50,0,48.9,63.9,83.0,0.744,12.140,12.186,12.159,12.073,1132,44.537,16.734,22.274,6.751,38.144,25.739,12.374,0.336,22.274,22.939,2.520,13.989,220.000,240.000,1305.0,1750.2,1155.0,1293.3,1245.0,39.0,10.0,0.0,3.0,30.0,4.9,19.7,0.0,0.0,0.0,33,Yes,No,No,No,No,Yes,No,20.6,23.1,0,0,0,0,0,0,0,0,0,12,0,0,0,0,0,0,0,0,0,0,0,0,0,0,0,0,0,0,0,0,5732,2460,2295,98,8.0,239.8,270.5,213.6,205.3,208.5,204.3,144.1,241.9,91.4,62.2,68.6,60.0,4.17,4.76,3.64,3.40,4.86,4.92,0.31,0.56,4.06,0.11,2.21,0,0,0.0,0.0,196,29,13.3,3.1,0,
5.7.2026,22:33:56.855,18138,27856,39.4,13069,19613,39.9,0.2,13312,23,1.334,1.344,1.344,1.344,1.344,1.325,1.325,1.325,1.325,4095.7,4117.6,4092.6,4092.6,4092.6,4092.6,4092.6,4092.6,4092.6,99.8,1196.6,3464.2,2149.1,2882.7,1033.2,1144.0,1810.6,891.4,1425.5,407.6,396.9,931.4,806.3,636.2,589.6,270.3,306.1,1196.6,25.7,39.7,51.8,69.9,24.5,27.0,43.4,20.9,34.0,9.4,9.1,21.8,18.9,14.3,13.7,6.2,7.0,69.9,25.7,29.3,45.1,58.9,79.5,28.0,30.9,49.4,23.8,38.7,10.8,10.5,24.9,21.6,16.3,15.7,7.1,8.1,29.3,41.0,41.2,41.0,41.0,41.0,41.0,41.0,41.0,41.0,0.0,74.0,84.5,94.0,83.1,78.3,60.5,70.1,64.7,56.7,26.0,15.5,6.0,16.9,21.7,39.5,29.9,35.3,43.3,0.0,0.0,0.0,0.0,0.0,0.0,0.0,0.0,0.0,1197.8,12.00,16,16,16,39,55,661,1,70.2,70.2,71.2,66.1,68.9,69.3,68.2,66.4,63.9,64.9,63.9,63.2,61.7,62.0,61.3,54.2,50.7,1.344,1.031,1.350,14.190,11.877,14.185,66.573,40.328,3.914,5.510,5.885,4.668,3.940,2.583,3.440,2.948,2.334,19.129,12.222,31.351,40.449,1197.8,1197.8,4102.5,4105.1,4099.9,4105.5,46.0,23.6,74.0,73.9,60.9,No,No,No,1.477,0.476,5.9,49,95.0,100.0,No,No,91229,99001,32,99.0,No,No,3320,0.1,0.3,0.4,0.171,0.467,11098,8952,0.0,0.0,0.0,0.000,0.000,50,0,48.9,64.2,83.0,0.756,12.140,12.188,12.160,12.073,1128,44.828,17.233,23.121,7.057,38.535,25.656,12.845,0.336,23.121,22.789,2.641,16.232,220.000,240.000,1335.0,1750.2,1185.0,1329.9,1275.0,38.0,10.0,0.0,3.0,30.0,4.6,18.6,0.0,0.0,0.0,33,Yes,No,No,No,No,Yes,No,20.9,24.4,0,0,0,0,0,0,0,0,0,12,0,0,0,0,0,0,0,0,0,0,0,0,0,0,0,0,0,0,0,0,5732,2460,2295,98,8.0,239.7,268.1,217.2,211.1,213.8,209.9,141.0,242.8,65.8,59.9,59.9,59.9,4.17,4.62,3.70,3.60,4.70,4.85,0.31,0.41,4.06,0.11,2.28,0,0,0.0,0.0,196,29,52.8,6.6,0,
5.7.2026,22:33:58.859,18257,27737,39.6,13188,19494,40.3,0.2,13312,23,1.337,1.331,1.337,1.337,1.337,1.337,1.337,1.337,1.337,4092.6,4092.6,4092.6,4092.6,4092.6,4092.6,4092.6,4092.6,4092.6,99.8,1360.3,3576.0,2243.3,2933.2,1201.8,1690.0,1469.7,1264.4,1372.4,547.6,586.5,1151.8,977.4,814.9,738.3,544.8,653.4,1360.3,30.4,46.4,54.4,71.5,29.2,41.0,35.4,30.5,33.2,13.2,13.6,27.8,23.6,19.2,17.8,13.3,15.9,71.5,30.4,34.2,52.4,61.5,81.0,32.8,46.2,40.0,34.3,37.3,14.7,15.8,31.2,26.4,21.5,19.8,14.6,17.7,34.2,41.0,41.0,41.0,41.0,41.0,41.0,41.0,41.0,41.0,0.0,77.1,87.4,94.3,85.0,80.7,64.0,73.6,68.2,63.4,22.9,12.6,5.7,15.0,19.3,36.0,26.4,31.8,36.6,0.0,0.0,0.0,0.0,0.0,0.0,0.0,0.0,0.0,1197.8,12.00,16,16,16,39,55,661,1,77.6,71.8,68.8,67.3,69.9,70.1,69.2,67.5,64.9,66.2,65.1,65.3,62.1,62.5,61.8,53.2,50.8,1.344,1.038,1.350,15.337,11.932,15.341,69.358,42.009,4.250,5.822,6.041,4.906,4.292,2.868,3.796,3.268,3.007,20.637,12.283,32.920,42.061,1197.8,1197.8,4093.9,4095.1,4092.8,4096.2,47.8,25.6,77.1,75.5,60.5,No,No,No,1.701,0.492,6.2,49,95.0,100.0,No,No,91229,99001,32,99.0,No,No,3320,0.0,0.1,0.1,0.041,0.265,11098,8953,0.0,0.0,0.0,0.000,0.000,50,0,48.9,64.0,83.0,0.750,12.140,12.187,12.160,12.073,1130,44.988,17.089,22.738,6.922,38.376,25.715,12.632,0.336,22.738,22.883,2.579,15.966,220.000,240.000,1320.0,1750.2,1170.0,1314.0,1260.0,40.0,10.0,0.0,3.0,30.0,4.8,19.1,0.0,0.0,0.0,33,Yes,No,No,No,No,Yes,No,20.7,24.6,0,0,0,0,0,0,0,0,0,12,0,0,0,0,0,0,0,0,0,0,0,0,0,0,0,0,0,0,0,0,5732,2460,2295,120,8.0,239.7,261.4,223.2,217.0,220.2,215.4,139.5,243.4,79.8,62.0,68.4,59.9,4.17,4.50,3.79,3.76,4.58,4.68,0.34,0.42,4.07,0.10,2.17,0,0,0.0,0.0,196,29,48.1,4.5,0,
5.7.2026,22:34:0.857,18231,27763,39.6,13146,19535,40.2,0.2,13312,23,1.336,1.325,1.337,1.337,1.337,1.337,1.337,1.337,1.337,4092.6,4092.6,4092.6,4092.6,4092.6,4092.6,4092.6,4092.6,4092.6,99.8,1152.8,3489.5,2146.6,2829.3,926.7,1471.1,1328.3,1006.7,1266.5,381.3,321.8,915.0,667.9,612.7,540.4,285.8,254.6,1152.8,24.4,39.3,51.4,68.7,21.6,34.9,31.2,23.3,29.8,8.4,7.7,21.1,15.1,13.9,12.7,6.1,5.3,68.7,24.4,28.1,45.1,58.8,78.1,25.1,40.1,35.9,27.1,34.3,10.1,8.5,24.5,17.8,15.6,14.3,7.6,6.7,28.1,41.0,41.0,41.0,41.0,41.0,41.0,41.0,41.0,41.0,0.0,73.0,85.0,92.6,82.1,77.8,58.6,68.7,64.0,55.3,27.0,15.0,7.4,17.9,22.2,41.4,31.3,36.0,44.7,0.0,0.0,0.0,0.0,0.0,0.0,0.0,0.0,0.0,1197.8,12.00,16,16,16,39,55,661,1,74.5,70.0,72.0,66.0,68.9,69.0,68.1,66.5,63.6,64.5,64.0,63.1,61.6,62.0,61.2,53.2,50.5,1.337,1.031,1.344,13.819,11.839,13.813,65.706,39.801,3.835,5.538,5.711,4.527,3.950,2.449,3.312,2.917,2.279,18.623,12.183,30.806,39.903,1197.8,1197.8,4104.6,4106.1,4103.2,4106.9,45.3,23.0,73.0,73.7,60.5,No,No,No,1.488,0.508,5.8,50,95.0,100.0,No,No,91229,99001,32,99.0,No,No,3320,0.0,0.0,0.0,0.000,0.020,11098,8953,0.0,0.0,0.0,0.000,0.000,50,0,48.9,64.2,83.0,0.756,12.142,12.189,12.162,12.075,1130,45.283,17.349,23.514,7.265,38.966,25.877,13.063,0.336,23.514,23.026,2.879,15.049,220.000,240.000,1335.0,1750.2,1185.0,1315.8,1275.0,39.0,9.0,0.0,3.0,30.1,4.8,19.3,0.0,0.0,0.0,33,Yes,No,No,No,No,Yes,No,21.2,24.7,0,0,0,0,0,0,0,0,0,12,0,0,0,0,0,0,0,0,0,0,0,0,0,0,0,0,0,0,0,0,5728,2464,2299,120,8.0,239.8,261.6,220.9,213.5,216.9,212.1,149.0,242.9,79.8,62.1,68.4,59.8,4.17,4.58,3.78,3.75,4.64,4.72,0.35,0.36,4.07,0.10,2.30,0,0,0.0,0.0,196,29,2.2,2.3,0,
5.7.2026,22:34:2.859,18193,27801,39.5,13113,19568,40.1,0.2,13312,23,1.331,1.337,1.331,1.331,1.331,1.331,1.331,1.331,1.325,4092.6,4092.6,4092.6,4092.6,4092.6,4092.6,4092.6,4092.6,4092.6,99.8,1279.0,3601.1,2265.0,2963.0,1003.5,1175.5,1870.7,946.8,1510.1,410.2,433.5,897.4,925.6,678.4,662.5,621.7,498.9,1279.0,28.1,42.4,55.1,72.1,23.9,28.4,45.4,22.9,36.6,10.1,10.8,21.6,22.5,15.4,15.5,15.5,11.7,72.1,28.1,31.6,47.8,62.2,81.9,27.2,31.7,51.1,25.5,41.1,10.9,11.6,24.0,24.9,17.6,17.7,16.9,13.4,31.6,41.0,41.0,41.0,41.0,41.0,41.0,41.0,41.0,41.0,0.0,76.8,87.9,94.8,85.4,80.7,63.0,72.9,67.5,62.0,23.2,12.1,5.2,14.6,19.3,37.0,27.1,32.5,38.0,0.0,0.0,0.0,0.0,0.0,0.0,0.0,0.0,0.0,1197.8,12.00,16,16,16,39,55,661,1,72.8,70.5,69.2,66.5,69.4,69.5,68.4,66.8,64.1,65.1,64.3,64.0,61.8,62.1,61.4,54.5,50.7,1.337,1.025,1.344,14.593,11.953,14.599,69.098,41.011,4.026,5.700,5.923,4.735,4.054,2.595,3.511,3.054,2.636,19.631,12.302,31.933,41.068,1197.8,1197.8,4097.3,4098.2,4096.4,4098.2,46.7,24.3,76.8,74.3,60.8,No,No,No,1.691,0.509,6.1,49,95.0,100.0,No,No,91229,99001,32,99.0,No,No,3320,0.0,0.0,0.0,0.008,0.065,11098,8953,0.0,0.0,0.0,0.000,0.000,50,0,49.0,64.1,83.0,0.756,12.144,12.191,12.164,12.078,1129,46.015,17.194,22.826,7.046,38.365,25.665,12.681,0.336,22.826,22.911,2.560,16.726,220.000,240.000,1335.0,1750.2,1185.0,1331.0,1275.0,38.0,10.0,0.0,3.0,30.0,4.9,19.6,0.0,0.0,0.0,33,Yes,No,No,No,No,Yes,No,20.8,25.2,0,0,0,0,0,0,0,0,0,12,0,0,0,0,0,0,0,0,0,0,0,0,0,0,0,0,0,0,0,0,5732,2460,2295,119,8.0,239.8,264.1,220.2,215.7,218.1,214.6,153.3,242.6,79.9,79.9,79.9,79.9,4.17,4.59,3.76,3.70,4.67,4.76,0.32,0.45,4.06,0.11,2.43,0,0,0.0,0.0,196,29,2.1,2.0,0,
5.7.2026,22:34:4.867,18176,27818,39.5,13096,19586,40.0,0.2,13312,23,1.339,1.337,1.344,1.344,1.337,1.337,1.337,1.337,1.337,4092.6,4092.6,4092.6,4092.6,4092.6,4092.6,4092.6,4092.6,4092.6,99.8,1104.4,3479.4,1260.2,3148.2,743.2,1099.9,1713.0,878.9,1395.7,345.0,324.0,768.5,851.1,595.6,532.0,265.1,271.3,1104.4,24.4,55.2,29.5,76.4,18.0,26.0,40.8,20.4,33.2,7.8,7.3,17.8,19.9,13.2,12.2,5.7,6.8,76.4,24.4,27.9,62.9,33.8,87.0,20.1,29.8,46.6,23.5,38.0,9.1,8.6,20.5,22.9,15.3,14.2,6.8,7.1,27.9,41.0,41.0,41.0,41.0,41.0,41.0,41.0,41.0,41.0,0.0,73.2,84.7,94.3,82.2,77.9,58.6,68.8,63.7,55.4,26.8,15.3,5.7,17.8,22.1,41.4,31.2,36.3,44.6,0.0,0.0,0.0,0.0,0.0,0.0,0.0,0.0,0.0,1197.8,12.00,16,16,16,39,55,661,1,71.0,69.9,71.0,65.9,68.5,69.2,67.9,66.5,63.6,64.6,63.8,63.0,61.6,62.0,61.2,54.2,49.9,1.344,1.031,1.350,13.875,11.868,13.872,65.884,39.911,3.828,5.308,5.921,4.514,3.935,2.440,3.332,2.885,2.290,18.712,12.214,30.926,40.026,1197.8,1197.8,4106.7,4107.2,4106.2,4107.8,45.5,23.1,73.2,73.5,60.9,No,No,No,1.482,0.537,5.9,49,95.0,100.0,No,No,91229,99001,32,99.0,No,No,3320,0.0,0.0,0.1,0.044,0.124,11098,8953,0.0,0.0,0.0,0.000,0.000,50,0,48.9,63.9,83.0,0.750,12.140,12.186,12.160,12.073,1128,44.776,17.078,22.697,6.946,38.473,25.837,12.609,0.336,22.697,23.036,2.486,15.666,220.000,240.000,1320.0,1750.2,1170.0,1299.8,1260.0,40.0,10.0,0.0,3.0,30.0,4.9,19.5,0.0,0.0,0.0,33,Yes,No,No,No,No,Yes,No,20.8,24.1,0,0,0,0,0,0,0,0,0,12,0,0,0,0,0,0,0,0,0,0,0,0,0,0,0,0,0,0,0,0,5732,2460,2295,119,8.0,239.8,257.0,222.2,218.2,219.8,217.6,151.9,242.7,80.0,79.9,79.9,79.9,4.17,4.54,3.84,3.70,4.59,4.62,0.37,0.44,4.07,0.10,2.39,0,0,0.0,0.0,196,29,3.2,1.4,0,
5.7.2026,22:34:6.861,18177,27817,39.5,13099,19582,40.0,0.2,13312,23,1.333,1.344,1.331,1.331,1.331,1.331,1.331,1.331,1.331,4092.6,4092.6,4092.6,4092.6,4092.6,4092.6,4092.6,4092.6,4092.6,99.8,1132.7,3433.1,1274.8,3011.2,869.9,1191.0,1805.6,1002.4,1312.8,346.1,359.6,832.4,821.0,627.0,547.8,401.6,286.8,1132.7,25.4,54.0,30.3,73.1,20.9,28.5,43.7,24.0,31.5,8.3,8.6,19.7,19.6,14.4,13.1,9.9,6.9,73.1,25.4,28.7,61.2,34.2,83.1,23.6,32.3,49.5,27.0,35.6,9.1,9.5,22.2,22.0,16.2,14.6,11.0,7.6,28.7,41.0,41.0,41.0,41.0,41.0,41.0,41.0,41.0,41.0,0.0,73.5,83.7,93.7,84.0,78.0,58.7,69.1,64.1,57.2,26.5,16.3,6.3,16.0,22.0,41.3,30.9,35.9,42.8,0.0,0.0,0.0,0.0,0.0,0.0,0.0,0.0,0.0,1197.8,12.00,16,16,16,39,55,661,1,70.8,70.3,69.2,66.0,68.4,69.5,68.3,66.5,63.6,64.7,63.8,63.3,61.6,61.9,61.2,54.0,50.8,1.344,1.025,1.350,13.997,11.864,14.000,66.189,40.124,3.890,5.244,6.024,4.772,3.941,2.463,3.347,2.944,2.386,18.866,12.208,31.074,40.182,1197.8,1197.8,4105.2,4106.5,4103.9,4106.5,45.7,23.3,73.5,74.0,60.4,No,No,No,1.467,0.511,5.9,50,95.0,100.0,No,No,91229,99001,32,99.0,No,No,3320,0.4,0.1,0.4,1.248,0.098,11101,8953,0.0,0.0,0.0,0.000,0.000,50,0,48.8,64.1,83.0,0.756,12.140,12.187,12.159,12.074,1132,44.537,17.410,22.744,7.007,38.363,25.707,12.635,0.336,22.744,22.943,6.466,15.151,220.000,240.000,1350.0,1750.2,1185.0,1315.9,1275.0,42.0,14.0,0.0,3.0,30.1,4.7,18.9,0.0,0.0,0.0,33,Yes,No,No,No,No,Yes,No,20.8,24.7,0,0,0,0,0,0,0,0,0,12,0,0,0,0,0,0,0,0,0,0,0,0,0,0,0,0,0,0,0,0,5729,2463,2298,121,8.0,239.8,259.8,224.1,206.7,215.4,202.8,147.2,242.3,60.0,59.9,59.9,59.9,4.17,4.49,3.85,3.61,4.64,4.94,0.40,0.48,4.07,0.10,2.18,0,0,0.0,0.0,196,29,3.8,2.0,0,
5.7.2026,22:34:8.861,18177,27816,39.5,13100,19581,40.0,0.2,13312,23,1.332,1.337,1.331,1.331,1.331,1.331,1.331,1.331,1.331,4092.6,4092.6,4092.6,4092.6,4092.6,4092.6,4092.6,4092.6,4092.6,99.8,1101.9,3426.7,1206.4,2932.3,838.8,1856.6,1068.4,1188.8,1129.1,386.1,301.9,1021.4,651.3,667.9,447.3,303.0,205.0,1101.9,24.6,54.5,28.5,71.2,20.0,44.8,25.5,28.5,27.0,9.2,7.2,24.3,15.4,15.4,10.6,7.3,4.9,71.2,24.6,27.8,61.8,32.3,80.9,22.6,50.8,28.8,32.2,30.5,10.3,8.0,27.5,17.3,17.3,11.8,8.0,5.3,27.8,41.0,41.0,41.0,41.0,41.0,41.0,41.0,41.0,41.0,0.0,73.4,83.5,92.3,83.8,78.4,59.5,69.8,64.1,55.9,26.6,16.5,7.7,16.2,21.6,40.5,30.2,35.9,44.1,0.0,0.0,0.0,0.0,0.0,0.0,0.0,0.0,0.0,1197.8,12.00,16,16,16,39,55,661,1,70.4,69.7,70.8,65.8,68.2,68.9,68.0,66.6,63.6,64.5,63.7,62.9,61.5,61.9,61.2,54.5,51.1,1.350,1.031,1.350,13.850,11.876,13.846,66.072,39.872,3.807,5.156,5.715,4.651,4.006,2.462,3.367,2.875,2.224,18.658,12.219,30.878,39.976,1197.8,1197.8,4104.1,4105.6,4102.7,4105.6,45.4,23.1,73.4,73.3,61.1,No,No,No,1.463,0.518,5.9,49,95.0,100.0,No,No,91229,99001,32,99.0,No,No,3320,0.0,0.0,0.1,0.077,0.010,11101,8953,0.0,0.0,0.0,0.000,0.000,50,0,48.8,63.9,83.0,0.744,12.141,12.188,12.161,12.074,1129,45.837,16.030,21.003,6.143,36.958,25.271,11.668,0.336,21.003,22.429,2.614,12.874,220.000,240.000,1305.0,1750.2,1155.0,1344.4,1245.0,35.0,9.0,0.0,3.0,30.1,4.6,18.4,0.0,0.0,0.0,33,Yes,No,No,No,No,Yes,No,20.4,24.1,0,0,0,0,0,0,0,0,0,12,0,0,0,0,0,0,0,0,0,0,0,0,0,0,0,0,0,0,0,0,5729,2463,2298,121,8.0,239.7,260.3,221.2,209.6,214.3,208.0,151.5,243.5,79.9,79.7,79.8,79.7,4.17,4.58,3.79,3.64,4.71,4.82,0.32,0.46,4.07,0.10,2.23,0,0,0.0,0.0,196,29,4.0,1.8,0,
5.7.2026,22:34:10.867,18182,27812,39.5,13110,19571,40.1,0.2,13312,23,1.328,1.325,1.325,1.325,1.325,1.331,1.331,1.331,1.331,4092.6,4092.6,4092.6,4092.6,4092.6,4092.6,4092.6,4092.6,4092.6,99.8,1119.7,3502.9,1155.0,3170.3,699.2,1885.4,964.3,1317.9,1041.4,401.4,279.0,1023.2,683.3,709.7,437.2,353.3,291.0,1119.7,24.7,58.9,26.8,76.9,16.0,45.1,22.3,31.1,24.3,8.9,5.9,23.8,15.5,15.8,9.5,7.8,6.2,76.9,24.7,28.6,67.2,30.9,87.6,18.8,51.6,25.9,35.8,28.2,10.7,7.3,27.5,18.2,18.5,11.5,9.5,7.7,28.6,41.0,41.0,41.0,41.0,41.0,41.0,41.0,41.0,41.0,0.0,73.7,85.4,94.0,82.2,78.9,59.1,70.1,63.8,56.3,26.3,14.6,6.0,17.8,21.1,40.9,29.9,36.2,43.7,0.0,0.0,0.0,0.0,0.0,0.0,0.0,0.0,0.0,1197.8,12.00,16,16,16,39,55,661,1,70.4,70.0,71.5,65.9,68.7,69.2,67.9,66.4,63.5,64.7,63.7,63.0,61.5,61.8,61.1,53.8,50.8,1.350,1.025,1.356,13.932,11.893,13.938,66.346,40.084,3.874,5.478,5.918,4.542,3.988,2.447,3.422,2.883,2.311,18.782,12.239,31.021,40.139,1197.8,1197.8,4105.6,4107.3,4103.9,4107.3,45.6,23.2,73.7,73.7,60.4,No,No,No,1.540,0.533,5.9,49,95.0,100.0,No,No,91229,99001,32,99.0,No,No,3320,0.0,0.0,0.1,0.016,0.103,11101,8953,0.0,0.0,0.0,0.000,0.000,50,0,49.0,64.1,83.0,0.756,12.138,12.185,12.159,12.071,1130,46.163,17.229,23.117,7.128,38.482,25.616,12.844,0.336,23.117,22.810,2.517,16.321,220.000,240.000,1335.0,1750.2,1185.0,1328.8,1275.0,37.0,9.0,0.0,4.0,30.1,4.9,19.4,0.0,0.0,0.0,33,Yes,No,No,No,No,Yes,No,20.9,25.6,0,0,0,0,0,0,0,0,0,12,0,0,0,0,0,0,0,0,0,0,0,0,0,0,0,0,0,0,0,0,5729,2463,2298,121,8.0,239.8,261.0,223.2,206.5,213.2,204.7,138.5,242.5,65.3,59.9,59.9,59.9,4.17,4.54,3.79,3.54,4.76,4.93,0.32,0.42,4.07,0.10,2.10,0,0,0.0,0.0,196,29,3.6,1.7,0,
5.7.2026,22:34:12.869,18176,27818,39.5,13101,19581,40.0,0.2,13312,23,1.336,1.337,1.325,1.337,1.337,1.337,1.337,1.337,1.337,4092.6,4092.6,4092.6,4092.6,4092.6,4092.6,4092.6,4092.6,4092.6,99.8,1195.9,3506.0,1251.3,3063.9,908.0,1647.3,1354.0,1368.5,964.7,528.5,333.9,1020.3,734.5,764.7,507.1,593.1,588.3,1195.9,26.9,58.0,29.5,74.5,21.7,39.6,32.4,32.7,22.9,12.6,7.8,24.2,17.3,17.7,11.9,14.1,14.1,74.5,26.9,30.5,65.8,33.5,84.6,24.6,44.9,36.7,37.1,25.9,14.2,8.8,27.4,19.6,20.0,13.5,16.0,15.8,30.5,41.0,41.0,41.0,41.0,41.0,41.0,41.0,41.0,41.0,0.0,76.0,85.6,94.3,84.2,78.9,62.5,71.8,66.9,63.5,24.0,14.4,5.7,15.8,21.1,37.5,28.2,33.1,36.5,0.0,0.0,0.0,0.0,0.0,0.0,0.0,0.0,0.0,1197.8,12.00,16,16,16,39,55,661,1,80.8,71.4,69.5,66.5,68.8,69.7,68.2,66.6,64.2,65.5,64.3,65.0,61.6,62.0,61.3,53.8,51.2,1.344,1.031,1.356,14.801,11.891,14.800,68.363,41.164,4.066,5.405,6.028,4.721,4.001,2.695,3.567,3.046,3.065,19.931,12.240,32.171,41.276,1197.8,1197.8,4096.5,4097.1,4095.8,4097.1,46.9,24.7,76.0,75.2,61.1,No,No,No,1.489,0.507,6.1,49,95.0,100.0,No,No,91229,99001,32,99.0,No,No,3320,0.4,0.7,1.1,0.211,6.691,11101,8966,0.0,0.0,0.0,0.000,0.000,50,0,48.8,64.2,83.0,0.750,12.137,12.184,12.157,12.070,1129,44.299,16.962,22.190,6.799,38.088,25.746,12.328,0.336,22.190,23.018,2.523,16.402,220.000,240.000,1320.0,1750.2,1170.0,1310.9,1260.0,37.0,9.0,0.0,3.0,30.1,4.8,19.0,0.0,0.0,0.0,33,Yes,No,No,No,No,Yes,No,20.6,24.3,0,0,0,0,0,0,0,0,0,12,0,0,0,0,0,0,0,0,0,0,0,0,0,0,0,0,0,0,0,0,5729,2463,2298,121,8.0,239.8,260.1,222.7,220.5,221.7,219.9,147.1,241.8,79.9,62.2,68.5,60.0,4.17,4.49,3.83,3.81,4.54,4.60,0.32,0.36,4.07,0.10,2.36,0,0,0.0,0.0,196,29,3.7,2.2,0,
5.7.2026,22:34:14.854,18179,27815,39.5,13100,19581,40.0,0.2,13312,23,1.331,1.331,1.331,1.331,1.331,1.331,1.331,1.331,1.331,4095.7,4117.6,4092.6,4092.6,4092.6,4092.6,4092.6,4092.6,4092.6,99.8,1137.8,3507.1,1383.7,3102.3,800.9,1332.7,1600.6,1256.1,1127.8,396.8,286.1,985.8,729.3,697.1,453.1,301.9,243.7,1137.8,25.2,54.3,32.7,75.4,19.0,31.9,38.2,29.9,26.7,9.2,6.5,23.2,17.1,15.9,10.4,7.1,5.6,75.4,25.2,28.7,61.8,37.3,85.8,21.6,36.3,43.5,34.0,30.4,10.6,7.5,26.4,19.5,18.1,11.9,8.1,6.5,28.7,41.0,41.2,41.0,41.0,41.0,41.0,41.0,41.0,41.0,0.0,74.2,85.5,93.9,83.6,79.2,59.5,70.8,64.8,56.2,25.8,14.5,6.1,16.4,20.8,40.5,29.2,35.2,43.8,0.0,0.0,0.0,0.0,0.0,0.0,0.0,0.0,0.0,1197.8,12.00,16,16,16,39,55,661,1,77.6,70.2,70.0,66.1,68.9,69.4,68.2,66.7,63.7,64.8,63.9,63.1,61.7,62.1,61.3,54.5,50.8,1.331,1.038,1.344,14.074,11.877,14.077,66.763,40.222,3.893,5.484,5.953,4.633,4.026,2.461,3.397,2.903,2.286,18.947,12.223,31.169,40.287,1197.8,1197.8,4102.9,4103.7,4102.1,4103.7,45.8,23.5,74.2,73.9,60.6,No,No,No,1.517,0.542,5.9,49,95.0,100.0,No,No,91229,99001,32,99.0,No,No,3320,0.0,0.1,0.1,0.000,0.092,11101,8966,0.0,0.0,0.0,0.000,0.000,50,0,48.8,63.9,83.0,0.756,12.137,12.189,12.160,12.074,1132,45.061,16.962,23.363,7.289,38.681,25.670,12.979,0.336,23.363,22.915,2.684,17.346,220.000,240.000,1350.0,1750.2,1185.0,1310.5,1275.0,37.0,9.0,0.0,3.0,30.1,4.8,20.3,0.0,0.0,0.0,33,Yes,No,No,No,No,Yes,No,20.6,24.3,0,0,0,0,0,0,0,0,0,12,0,0,0,0,0,0,0,0,0,0,0,0,0,0,0,0,0,0,0,0,5729,2463,2298,121,8.0,239.7,260.8,222.1,219.6,220.5,219.4,145.1,241.8,79.9,79.8,79.9,79.8,4.17,4.54,3.80,3.70,4.57,4.64,0.30,0.51,4.07,0.11,2.50,0,0,0.0,0.0,196,29,2.7,2.1,0,
5.7.2026,22:34:16.857,18180,27814,39.5,13105,19577,40.0,0.2,13312,23,1.328,1.319,1.331,1.331,1.331,1.331,1.331,1.331,1.319,4070.8,4092.6,4067.7,4067.7,4067.7,4067.7,4067.7,4067.7,4067.7,99.8,1173.3,3477.3,1977.9,2907.1,1022.6,1258.3,1636.1,1204.9,1114.7,379.1,380.7,920.3,665.8,621.4,550.0,400.1,256.2,1173.3,25.4,41.3,47.6,70.8,24.5,30.1,39.2,28.8,26.6,9.0,9.0,21.7,15.7,14.1,12.9,9.7,6.1,70.8,25.4,28.8,46.8,54.0,80.4,27.8,34.1,44.6,32.6,30.1,10.1,10.1,24.6,17.7,15.9,14.6,10.8,6.7,28.8,40.8,41.0,40.8,40.8,40.8,40.8,40.8,40.8,40.8,0.0,74.0,84.8,94.6,83.3,78.5,59.7,69.1,65.2,57.1,26.0,15.2,5.4,16.7,21.5,40.3,30.9,34.8,42.9,0.0,0.0,0.0,0.0,0.0,0.0,0.0,0.0,0.0,1197.8,12.00,16,16,16,39,55,661,1,74.8,70.2,73.2,66.0,68.7,69.5,68.1,66.5,63.7,64.5,63.9,63.0,61.6,62.0,61.2,52.2,50.5,1.356,1.031,1.356,14.204,11.903,14.200,66.634,40.404,3.886,5.468,5.999,4.623,3.950,2.516,3.273,2.931,2.331,19.134,12.250,31.384,40.488,1197.8,1197.8,4103.8,4104.7,4102.9,4104.7,46.0,23.7,74.0,73.9,61.4,No,No,No,1.527,0.541,5.9,49,95.0,100.0,No,No,91229,99001,32,99.0,No,No,3320,0.0,0.0,0.0,0.000,0.044,11101,8966,0.0,0.0,0.0,0.000,0.000,50,0,48.7,63.5,83.0,0.738,12.141,12.184,12.158,12.073,1129,45.699,17.463,21.268,6.433,35.841,24.000,11.816,0.336,21.268,21.333,2.394,16.416,220.000,240.000,1350.0,1750.2,1185.0,1310.5,1275.0,37.0,9.0,0.0,3.0,30.1,5.1,20.3,0.0,0.0,0.0,33,Yes,No,No,No,No,Yes,No,21.0,25.0,0,0,0,0,0,0,0,0,0,12,0,0,0,0,0,0,0,0,0,0,0,0,0,0,0,0,0,0,0,0,5729,2463,2298,121,8.0,239.8,263.1,220.9,196.3,206.8,192.7,135.4,242.6,64.8,59.8,59.9,59.8,4.17,4.67,3.70,3.05,4.95,5.34,0.32,0.38,4.07,0.10,2.46,0,0,0.0,0.0,196,29,5.4,3.2,0,
5.7.2026,22:34:18.868,18176,27817,39.5,13101,19581,40.0,0.2,13312,23,1.362,1.356,1.363,1.363,1.363,1.363,1.363,1.363,1.363,4142.5,4142.5,4142.5,4142.5,4142.5,4142.5,4142.5,4142.5,4142.5,99.8,1131.7,3450.0,1980.6,3077.7,873.7,1755.8,994.0,1326.9,858.0,347.1,287.6,995.2,527.9,618.3,439.8,347.4,227.5,1131.7,24.4,40.3,47.6,74.8,20.9,42.4,23.5,31.7,20.4,8.2,6.8,23.7,12.3,14.2,10.3,8.3,5.3,74.8,24.4,27.7,45.8,54.2,85.2,23.8,48.2,26.7,36.1,23.1,9.3,7.6,26.9,13.9,16.1,11.6,9.4,6.0,27.7,41.5,41.5,41.5,41.5,41.5,41.5,41.5,41.5,41.5,0.0,71.4,84.0,94.4,80.9,76.0,55.4,66.1,61.2,53.3,28.6,16.0,5.6,19.1,24.0,44.6,33.9,38.8,46.7,0.0,0.0,0.0,0.0,0.0,0.0,0.0,0.0,0.0,1197.8,12.00,16,16,16,39,55,661,1,72.4,70.1,70.2,65.8,68.8,69.4,67.7,66.3,63.4,64.3,63.5,62.9,61.5,61.8,61.1,55.2,51.1,1.375,1.025,1.375,13.750,11.846,13.755,64.282,39.769,3.814,5.555,6.027,4.459,3.835,2.385,3.218,2.797,2.239,18.549,12.186,30.735,39.848,1197.8,1197.8,4107.8,4109.3,4106.2,4109.3,45.3,22.9,71.4,73.8,60.6,No,No,No,1.509,0.548,5.7,49,95.0,100.0,No,No,91229,99001,32,99.0,No,No,3320,0.0,0.1,0.1,0.008,0.085,11101,8967,0.0,0.0,0.0,0.000,0.000,50,0,48.9,64.2,83.0,0.756,12.138,12.183,12.156,12.070,1128,45.739,16.111,23.195,7.371,38.901,25.986,12.885,0.336,23.195,23.397,2.532,18.014,220.000,240.000,1290.0,1250.2,1125.0,1344.6,1215.0,39.0,13.0,0.0,3.0,30.1,4.9,19.8,0.0,0.0,0.0,33,Yes,No,No,No,No,Yes,No,19.4,23.4,0,0,0,0,0,0,0,0,0,12,0,0,0,0,0,0,0,0,0,0,0,0,0,0,0,0,0,0,0,0,5729,2463,2298,121,8.0,239.8,263.8,215.4,204.8,210.0,202.6,137.9,242.6,59.9,59.9,59.9,59.9,4.17,4.68,3.71,3.39,4.83,4.99,0.30,0.44,4.07,0.10,2.44,0,0,0.0,0.0,196,29,4.9,5.1,0,
5.7.2026,22:34:20.861,18181,27813,39.5,13103,19579,40.0,0.2,13312,23,1.304,1.337,1.325,1.331,1.288,1.288,1.288,1.288,1.288,4077.0,4092.6,4092.6,4092.6,4067.7,4067.7,4067.7,4067.7,4067.7,99.8,1140.9,3394.5,1916.3,2680.6,1154.0,1850.2,1004.3,1350.1,904.0,335.6,310.6,991.8,586.5,658.8,442.8,344.0,329.6,1140.9,24.8,38.8,46.1,65.3,28.0,44.3,24.1,32.5,21.8,8.3,7.7,23.8,13.5,15.5,10.1,8.6,7.5,65.3,24.8,27.9,43.7,52.1,74.1,31.4,50.6,27.0,36.5,24.3,8.9,8.2,26.6,15.6,17.1,11.7,9.2,8.8,27.9,40.8,41.0,41.0,41.0,40.8,40.8,40.8,40.8,40.8,0.0,72.8,82.7,92.6,82.7,77.6,58.2,68.4,63.8,56.0,27.2,17.3,7.4,17.3,22.4,41.8,31.6,36.2,44.0,0.0,0.0,0.0,0.0,0.0,0.0,0.0,0.0,0.0,1197.8,12.00,16,16,16,39,55,661,1,70.9,69.9,74.0,65.7,68.2,69.0,67.9,66.3,63.4,64.4,63.6,63.2,61.4,61.8,61.1,53.5,50.8,1.337,1.031,1.337,13.831,11.850,13.824,65.468,39.822,3.816,5.235,5.842,4.612,3.912,2.415,3.281,2.842,2.394,18.653,12.192,30.845,39.924,1197.8,1197.8,4106.8,4107.6,4106.0,4108.0,45.4,23.0,72.7,73.6,60.9,No,No,No,1.376,0.413,5.8,50,95.0,100.0,No,No,91229,99001,32,99.0,No,No,3320,0.0,0.0,0.1,0.073,0.046,11101,8967,0.0,0.0,0.0,0.000,0.000,50,0,48.9,64.2,83.0,0.756,12.136,12.183,12.156,12.070,1128,45.739,17.581,23.195,7.371,38.901,25.986,12.885,0.336,23.195,23.397,2.532,18.014,220.000,240.000,1335.0,1750.2,1185.0,1314.0,1275.0,40.0,10.0,0.0,4.0,30.1,5.0,20.0,0.0,0.0,0.0,33,Yes,No,No,No,No,Yes,No,21.2,24.5,0,0,0,0,0,0,0,0,0,12,0,0,0,0,0,0,0,0,0,0,0,0,0,0,0,0,0,0,0,0,5729,2463,2298,120,8.0,239.8,261.4,222.5,208.6,214.8,206.2,163.0,242.1,80.0,62.4,68.5,59.9,4.17,4.56,3.77,3.50,4.71,4.90,0.32,0.38,4.07,0.10,2.41,0,0,0.0,0.0,196,29,3.0,2.4,0,
5.7.2026,22:34:22.870,18157,27837,39.4,13089,19593,40.0,0.2,13312,23,1.313,1.319,1.312,1.312,1.312,1.312,1.312,1.312,1.312,4070.8,4092.6,4067.7,4067.7,4067.7,4067.7,4067.7,4067.7,4067.7,99.8,1196.5,3469.2,1947.6,2864.4,1081.9,1487.6,1419.3,1251.1,1059.0,385.1,360.3,992.9,713.4,685.5,593.2,492.8,340.6,1196.5,26.0,41.2,46.5,69.6,25.8,36.1,33.8,29.8,24.9,8.9,8.3,23.3,17.2,15.5,14.4,11.6,8.5,69.6,26.0,29.4,46.9,52.9,79.2,29.4,40.5,38.5,34.0,28.4,10.2,9.5,26.7,19.0,17.8,15.8,13.3,9.0,29.5,40.8,41.0,40.8,40.8,40.8,40.8,40.8,40.8,40.8,0.0,75.1,84.6,93.9,83.7,78.8,61.3,71.5,66.8,59.9,24.9,15.4,6.1,16.3,21.2,38.7,28.5,33.2,40.1,0.0,0.0,0.0,0.0,0.0,0.0,0.0,0.0,0.0,1197.8,12.00,16,16,16,39,55,661,1,70.2,70.0,73.8,65.9,68.5,69.1,67.9,66.3,63.6,64.8,63.9,63.4,61.5,61.9,61.2,53.2,50.5,1.350,1.019,1.363,14.116,11.886,14.117,67.560,40.239,3.905,5.391,5.879,4.608,3.953,2.504,3.427,2.993,2.485,19.018,12.231,31.249,40.344,1197.8,1197.8,4103.6,4104.5,4102.6,4104.5,45.8,23.5,75.1,73.6,60.7,No,No,No,1.389,0.374,6.0,49,95.0,100.0,No,No,91229,99001,32,99.0,No,No,3320,0.0,0.1,0.1,0.071,0.063,11102,8967,0.0,0.0,0.0,0.000,0.000,50,0,48.7,63.8,83.0,0.738,12.140,12.187,12.160,12.072,1133,45.705,16.632,22.490,6.947,37.951,25.424,12.494,0.336,22.490,22.717,2.429,13.038,220.000,240.000,1290.0,1250.2,1125.0,1332.4,1215.0,34.0,8.0,0.0,2.0,30.1,4.9,19.5,0.0,0.0,0.0,33,Yes,No,No,No,No,Yes,No,20.5,22.9,0,0,0,0,0,0,0,0,0,12,0,0,0,0,0,0,0,0,0,0,0,0,0,0,0,0,0,0,0,0,5728,2464,2299,122,8.0,239.8,261.0,223.4,218.0,220.7,216.8,163.3,242.8,79.9,62.4,68.5,60.0,4.17,4.53,3.82,3.73,4.55,4.58,0.37,0.57,4.07,0.10,2.47,0,0,0.0,0.0,196,29,2.5,1.8,0,
5.7.2026,22:34:24.863,18154,27840,39.4,13083,19599,40.0,0.2,13312,23,1.330,1.331,1.331,1.331,1.331,1.331,1.325,1.325,1.331,4092.6,4092.6,4092.6,4092.6,4092.6,4092.6,4092.6,4092.6,4092.6,99.8,1167.6,3482.8,1944.2,2855.9,1032.1,1184.7,1703.7,1089.5,1163.9,369.6,373.4,961.5,755.4,607.3,559.4,314.4,283.4,1167.6,25.2,42.1,46.4,69.4,24.5,28.2,40.7,25.8,27.5,8.6,8.7,22.6,17.6,13.6,13.0,7.3,6.5,69.4,25.2,28.7,47.9,52.8,79.0,28.0,32.1,46.4,29.4,31.4,9.8,9.9,25.8,20.1,15.6,14.9,8.4,7.5,28.7,41.0,41.0,41.0,41.0,41.0,41.0,41.0,41.0,41.0,0.0,74.5,84.8,94.0,83.6,78.8,60.6,70.9,65.7,57.6,25.5,15.2,6.0,16.4,21.2,39.4,29.1,34.3,42.4,0.0,0.0,0.0,0.0,0.0,0.0,0.0,0.0,0.0,1197.8,12.00,16,16,16,39,55,661,1,76.5,69.8,71.5,65.8,68.4,68.9,68.0,66.2,63.6,64.5,63.7,62.9,61.5,61.8,61.1,52.0,50.4,1.356,1.025,1.350,14.057,11.880,14.055,67.059,40.193,3.858,5.327,5.870,4.656,3.936,2.494,3.356,2.913,2.310,18.940,12.224,31.164,40.256,1197.8,1197.8,4105.8,4106.5,4105.2,4106.5,45.7,23.4,74.5,73.5,61.2,No,No,No,1.417,0.425,6.0,49,95.0,100.0,No,No,91229,99001,32,99.0,No,No,3320,0.0,0.1,0.1,0.071,0.063,11102,8967,0.0,0.0,0.0,0.000,0.000,50,0,48.9,63.9,83.0,0.762,12.137,12.185,12.157,12.070,1129,46.983,17.222,23.251,7.226,38.318,25.383,12.917,0.336,23.251,22.612,2.658,16.263,220.000,240.000,1365.0,1750.2,1185.0,1343.1,1290.0,35.0,8.0,0.0,2.0,30.1,5.3,21.2,0.0,0.0,0.0,33,Yes,No,No,No,No,Yes,No,20.8,24.0,0,0,0,0,0,0,0,0,0,12,0,0,0,0,0,0,0,0,0,0,0,0,0,0,0,0,0,0,0,0,5727,2465,2300,122,8.0,239.8,261.0,223.4,218.0,220.7,216.8,163.3,242.8,79.9,62.4,68.5,60.0,4.17,4.53,3.82,3.73,4.55,4.58,0.37,0.57,4.07,0.10,2.47,0,0,0.0,0.0,196,29,2.5,1.8,0,
5.7.2026,22:34:26.856,18154,27840,39.4,13083,19599,40.0,0.2,13312,23,1.330,1.331,1.331,1.331,1.331,1.331,1.325,1.325,1.331,4092.6,4092.6,4092.6,4092.6,4092.6,4092.6,4092.6,4092.6,4092.6,99.8,1167.6,3482.8,1944.2,2855.9,1032.1,1184.7,1703.7,1089.5,1163.9,369.6,373.4,961.5,755.4,607.3,559.4,314.4,283.4,1167.6,25.2,42.1,46.4,69.4,24.5,28.2,40.7,25.8,27.5,8.6,8.7,22.6,17.6,13.6,13.0,7.3,6.5,69.4,25.2,28.7,47.9,52.8,79.0,28.0,32.1,46.4,29.4,31.4,9.8,9.9,25.8,20.1,15.6,14.9,8.4,7.5,28.7,41.0,41.0,41.0,41.0,41.0,41.0,41.0,41.0,41.0,0.0,74.5,84.8,94.0,83.6,78.8,60.6,70.9,65.7,57.6,25.5,15.2,6.0,16.4,21.2,39.4,29.1,34.3,42.4,0.0,0.0,0.0,0.0,0.0,0.0,0.0,0.0,0.0,1197.8,12.00,16,16,16,39,55,661,1,76.5,69.8,71.5,65.8,68.4,68.9,68.0,66.2,63.6,64.5,63.7,62.9,61.5,61.8,61.1,52.0,50.4,1.356,1.025,1.350,14.057,11.880,14.055,67.059,40.193,3.858,5.327,5.870,4.656,3.936,2.494,3.356,2.913,2.310,18.940,12.224,31.164,40.256,1197.8,1197.8,4105.8,4106.5,4105.2,4106.5,45.7,23.4,74.5,73.5,61.2,No,No,No,1.417,0.425,6.0,49,95.0,100.0,No,No,91229,99001,32,99.0,No,No,3320,0.0,0.0,0.1,0.061,0.096,11102,8967,0.0,0.0,0.0,0.000,0.000,50,0,49.0,64.4,83.0,0.762,12.138,12.185,12.158,12.072,1130,46.894,18.095,24.850,7.896,39.744,25.906,13.805,0.336,24.850,23.094,2.746,17.720,220.000,240.000,1365.0,1750.2,1185.0,1317.2,1290.0,38.0,10.0,0.0,3.0,30.1,5.4,21.7,0.0,0.0,0.0,33,Yes,No,No,No,No,Yes,No,21.8,26.2,0,0,0,0,0,0,0,0,0,12,0,0,0,0,0,0,0,0,0,0,0,0,0,0,0,0,0,0,0,0,5726,2466,2301,122,8.0,239.8,264.5,218.6,207.8,212.6,206.1,155.0,242.6,95.4,79.9,80.0,79.9,4.17,4.65,3.72,3.58,4.77,4.95,0.37,0.51,4.06,0.10,2.37,0,0,0.0,0.0,196,29,5.6,5.0,0,
5.7.2026,22:34:28.869,18161,27832,39.4,13090,19592,40.0,0.2,13312,23,1.330,1.337,1.319,1.331,1.331,1.331,1.331,1.331,1.331,4089.5,4067.7,4092.6,4092.6,4092.6,4092.6,4092.6,4092.6,4092.6,99.8,1115.7,3490.1,1117.1,3041.9,824.3,1555.2,1261.3,1035.1,1268.5,347.1,406.6,859.5,733.7,584.7,519.8,349.5,456.9,1115.7,25.1,58.4,26.4,74.1,19.6,37.3,30.3,24.7,30.4,8.1,9.7,20.3,17.4,13.3,12.3,8.3,10.9,74.1,25.1,28.4,66.3,29.9,84.2,22.2,42.3,34.3,28.0,34.5,9.2,10.9,23.0,19.7,15.0,13.9,9.3,12.3,28.4,41.0,40.8,41.0,41.0,41.0,41.0,41.0,41.0,41.0,0.0,73.8,85.1,93.7,82.1,78.4,59.9,69.6,64.1,57.6,26.2,14.9,6.3,17.9,21.6,40.1,30.4,35.9,42.4,0.0,0.0,0.0,0.0,0.0,0.0,0.0,0.0,0.0,1197.8,12.00,16,16,16,39,55,661,1,71.5,70.2,73.2,65.8,68.5,68.9,67.9,66.3,63.8,64.5,63.8,63.6,61.5,61.7,61.0,54.5,51.1,1.369,1.025,1.356,14.158,11.877,14.159,66.437,40.294,3.867,5.407,5.792,4.570,3.951,2.592,3.308,2.873,2.588,19.067,12.223,31.291,40.385,1197.8,1197.8,4105.7,4102.3,4101.0,4102.6,45.9,23.6,73.8,73.9,60.4,No,No,No,1.419,0.440,6.0,49,95.0,100.0,No,No,91229,99001,32,99.0,No,No,3320,0.0,0.1,0.1,0.000,0.099,11102,8967,0.0,0.0,0.0,0.000,0.000,50,0,49.0,64.2,83.0,0.750,12.139,12.185,12.159,12.073,1132,47.072,17.450,23.331,7.409,39.080,26.090,12.962,0.336,23.331,23.464,2.473,16.020,220.000,240.000,1320.0,1750.2,1170.0,1362.0,1260.0,40.0,10.0,0.0,3.0,30.1,5.0,20.2,0.0,0.0,0.0,33,Yes,No,No,No,No,Yes,No,21.3,24.2,0,0,0,0,0,0,0,0,0,12,0,0,0,0,0,0,0,0,0,0,0,0,0,0,0,0,0,0,0,0,5724,2468,2303,123,8.0,239.8,260.5,220.1,207.8,214.1,204.7,158.5,243.2,79.9,79.8,79.8,79.7,4.17,4.57,3.80,3.35,4.74,5.05,0.37,0.54,4.07,0.10,2.65,0,0,0.0,0.0,196,29,2.4,3.2,0,
5.7.2026,22:34:30.855,18161,27832,39.4,13090,19592,40.0,0.2,13312,23,1.330,1.337,1.319,1.331,1.331,1.331,1.331,1.331,1.331,4089.5,4067.7,4092.6,4092.6,4092.6,4092.6,4092.6,4092.6,4092.6,99.8,1115.7,3490.1,1117.1,3041.9,824.3,1555.2,1261.3,1035.1,1268.5,347.1,406.6,859.5,733.7,584.7,519.8,349.5,456.9,1115.7,25.1,58.4,26.4,74.1,19.6,37.3,30.3,24.7,30.4,8.1,9.7,20.3,17.4,13.3,12.3,8.3,10.9,74.1,25.1,28.4,66.3,29.9,84.2,22.2,42.3,34.3,28.0,34.5,9.2,10.9,23.0,19.7,15.0,13.9,9.3,12.3,28.4,41.0,40.8,41.0,41.0,41.0,41.0,41.0,41.0,41.0,0.0,73.8,85.1,93.7,82.1,78.4,59.9,69.6,64.1,57.6,26.2,14.9,6.3,17.9,21.6,40.1,30.4,35.9,42.4,0.0,0.0,0.0,0.0,0.0,0.0,0.0,0.0,0.0,1197.8,12.00,16,16,16,39,55,661,1,71.5,70.2,73.2,65.9,68.5,68.9,67.9,66.3,63.8,64.5,63.8,63.6,61.4,61.7,61.0,54.5,51.1,1.369,1.025,1.356,14.158,11.877,14.159,66.437,40.294,3.885,5.407,5.792,4.570,3.951,2.592,3.308,2.873,2.588,19.067,12.223,31.291,40.385,1197.8,1197.8,4101.6,4102.3,4101.0,4102.6,45.9,23.6,73.8,73.9,61.1,No,No,No,1.395,0.441,5.9,49,95.0,100.0,No,No,91229,99001,32,99.0,No,No,3320,0.0,0.0,0.0,0.000,0.057,11102,8967,0.0,0.0,0.0,0.000,0.000,50,0,49.0,64.2,83.0,0.762,12.139,12.186,12.158,12.072,1130,47.343,17.638,23.834,7.507,38.895,25.617,13.241,0.336,23.834,22.878,2.997,17.239,220.000,240.000,1365.0,1750.2,1185.0,1327.4,1290.0,37.0,10.0,0.0,3.0,30.1,5.1,20.6,0.0,0.0,0.0,33,Yes,No,No,No,No,Yes,No,21.1,24.5,0,0,0,0,0,0,0,0,0,12,0,0,0,0,0,0,0,0,0,0,0,0,0,0,0,0,0,0,0,0,5724,2468,2303,123,8.0,239.8,261.9,220.3,214.2,217.1,213.1,157.4,244.0,79.9,79.8,79.9,79.8,4.17,4.58,3.77,3.62,4.67,4.74,0.36,0.55,4.07,0.10,2.34,0,0,0.0,0.0,196,29,2.3,2.5,0,
5.7.2026,22:34:32.856,18157,27837,39.4,13088,19594,40.0,0.2,13312,23,1.334,1.356,1.325,1.331,1.331,1.331,1.331,1.331,1.331,4095.7,4117.6,4092.6,4092.6,4092.6,4092.6,4092.6,4092.6,4092.6,99.8,1068.8,3445.1,1095.0,3060.8,806.3,1558.9,1201.3,1089.5,1099.8,327.9,296.8,871.9,681.7,539.8,490.8,228.8,306.9,1068.8,23.8,57.7,25.7,74.3,19.1,37.4,28.4,25.8,26.1,7.6,6.8,20.5,15.9,12.0,11.3,5.2,7.1,74.3,23.8,27.2,65.7,29.4,84.7,21.9,42.7,32.4,29.4,29.8,8.7,7.9,23.4,18.2,13.8,13.0,6.0,8.2,27.2,41.0,41.2,41.0,41.0,41.0,41.0,41.0,41.0,41.0,0.0,72.0,83.9,93.8,80.7,77.2,56.5,68.0,61.5,54.2,28.0,16.1,6.2,19.3,22.8,43.5,32.0,38.5,45.8,0.0,0.0,0.0,0.0,0.0,0.0,0.0,0.0,0.0,1197.8,12.00,16,16,16,39,55,661,1,70.5,69.7,77.0,65.6,68.4,69.0,67.6,66.2,63.4,64.4,63.4,62.8,61.4,61.7,61.0,53.8,50.4,1.344,1.025,1.319,13.691,11.843,13.693,64.785,39.687,3.772,5.371,5.881,4.415,3.838,2.386,3.285,2.759,2.242,18.470,12.185,30.655,39.746,1197.8,1197.8,4108.7,4110.9,4106.6,4110.9,45.2,22.8,72.0,73.4,61.0,No,No,No,1.379,0.426,5.8,49,95.0,100.0,No,No,91229,99001,32,99.0,No,No,3320,0.1,0.0,0.1,0.114,0.123,11102,8968,0.0,0.0,0.0,0.000,0.000,50,0,48.9,64.2,83.0,0.744,12.141,12.187,12.160,12.075,1132,46.278,19.135,22.960,7.276,38.743,25.961,12.755,0.336,22.960,23.375,19.192,17.793,220.000,240.000,1305.0,1750.2,1155.0,1352.8,1245.0,40.0,10.0,0.0,3.0,30.1,5.1,20.5,0.0,0.0,0.0,33,Yes,No,No,No,No,Yes,No,20.9,23.8,0,0,0,0,0,0,0,0,0,12,0,0,0,0,0,0,0,0,0,0,0,0,0,0,0,0,0,0,0,0,5724,2468,2303,123,8.0,239.8,260.4,222.8,217.1,220.1,215.6,162.6,241.9,119.4,119.4,119.4,119.4,4.17,4.52,3.78,3.71,4.55,4.59,0.40,0.48,4.07,0.10,2.31,0,0,0.0,0.0,196,29,2.1,2.1,0,
5.7.2026,22:34:34.869,18158,27836,39.4,13087,19595,40.0,0.2,13312,23,1.332,1.325,1.331,1.331,1.331,1.337,1.337,1.337,1.325,4067.7,4067.7,4067.7,4067.7,4067.7,4067.7,4067.7,4067.7,4067.7,99.8,1070.0,3435.6,1024.3,3132.5,713.8,1319.2,1334.9,944.5,1189.1,312.0,338.1,747.4,748.2,573.7,492.2,327.6,487.1,1070.0,24.0,58.7,24.3,76.2,16.9,31.6,31.9,22.4,28.4,7.3,7.9,17.6,17.7,13.1,11.4,7.6,11.4,76.2,24.0,27.3,66.8,27.6,86.8,19.2,35.9,36.3,25.5,32.4,8.3,9.0,20.0,20.1,14.9,13.0,8.7,13.0,27.3,40.8,40.8,40.8,40.8,40.8,40.8,40.8,40.8,40.8,0.0,71.3,83.7,93.7,79.6,76.0,55.9,66.4,60.6,54.3,28.7,16.3,6.3,20.4,24.0,44.1,33.6,39.4,45.7,0.0,0.0,0.0,0.0,0.0,0.0,0.0,0.0,0.0,1197.8,12.00,16,16,16,39,55,661,1,70.0,69.7,76.0,65.6,68.3,69.0,67.4,66.0,63.3,64.2,63.3,62.9,61.3,61.7,61.0,55.0,51.2,1.344,1.025,1.344,13.555,11.853,13.549,64.141,39.478,3.766,5.322,5.856,4.354,3.815,2.406,3.207,2.790,2.380,18.319,12.194,30.514,39.593,1197.8,1197.8,4110.5,4113.7,4107.3,4113.7,45.0,22.6,71.3,73.4,60.6,No,No,No,1.423,0.440,5.7,49,95.0,100.0,No,No,91229,99001,32,99.0,No,No,3320,0.9,0.8,1.6,1.916,8.609,11106,8984,0.0,0.0,0.0,0.000,0.000,50,0,48.9,64.1,83.0,0.756,12.138,12.184,12.158,12.071,1128,46.155,17.522,23.846,7.749,39.014,25.747,13.248,0.336,23.846,23.236,2.610,15.586,220.000,240.000,1335.0,1750.2,1185.0,1301.5,1275.0,37.0,10.0,0.0,3.0,30.1,5.2,21.0,0.0,0.0,0.0,33,Yes,No,No,No,No,Yes,No,20.5,22.7,0,0,0,0,0,0,0,0,0,12,0,0,0,0,0,0,0,0,0,0,0,0,0,0,0,0,0,0,0,0,5724,2468,2303,123,8.0,239.7,264.3,218.7,212.5,215.6,211.0,164.3,242.4,119.2,84.4,95.7,80.0,4.17,4.61,3.77,3.64,4.67,4.74,0.31,0.38,4.07,0.10,2.49,0,0,0.0,0.0,196,29,2.5,1.9,0,
5.7.2026,22:34:36.855,18156,27838,39.4,13086,19596,40.0,0.2,13312,23,1.321,1.325,1.319,1.319,1.319,1.319,1.319,1.325,1.325,4089.5,4092.6,4092.6,4092.6,4092.6,4092.6,4092.6,4092.6,4067.7,99.8,1045.8,3362.1,985.6,3081.2,743.9,1009.1,1647.1,807.7,1267.2,274.5,324.3,662.0,806.1,499.2,538.8,266.0,457.8,1045.8,23.4,55.6,23.3,74.7,17.8,23.9,39.6,19.0,30.3,6.4,7.6,15.5,19.1,11.3,12.8,6.4,11.3,74.7,23.4,26.6,63.3,26.4,85.2,20.2,27.2,45.1,21.6,34.5,7.2,8.6,17.6,21.8,12.8,14.4,7.2,12.7,26.6,41.0,41.0,41.0,41.0,41.0,41.0,41.0,41.0,40.8,0.0,70.2,81.8,93.1,79.1,74.7,54.1,65.2,60.6,53.1,29.8,18.2,6.9,20.9,25.3,45.9,34.8,39.4,46.9,0.0,0.0,0.0,0.0,0.0,0.0,0.0,0.0,0.0,1197.8,12.00,16,16,16,39,55,661,1,69.9,69.6,75.5,65.5,67.9,69.0,67.4,66.0,63.1,64.2,63.3,63.0,61.3,61.6,60.9,54.2,50.8,1.300,1.038,1.319,13.543,11.837,13.541,63.127,39.510,3.739,5.195,5.884,4.382,3.790,2.350,3.190,2.783,2.337,18.325,12.178,30.504,39.584,1197.8,1197.8,4112.3,4115.6,4108.9,4119.1,45.0,22.6,70.1,73.2,61.0,No,No,No,1.371,0.419,5.6,49,95.0,100.0,No,No,91229,99001,32,99.0,No,No,3320,0.0,0.0,0.0,0.000,0.164,11106,8984,0.0,0.0,0.0,0.000,0.000,50,0,48.9,64.0,83.0,0.750,12.140,12.187,12.160,12.073,1129,47.140,17.459,23.741,7.495,38.983,25.764,13.189,0.336,23.741,23.053,2.578,15.714,220.000,240.000,1320.0,1750.2,1170.0,1331.4,1260.0,39.0,10.0,0.0,3.0,30.1,5.2,20.8,0.0,0.0,0.0,33,Yes,No,No,No,No,Yes,No,21.3,25.8,0,0,0,0,0,0,0,0,0,12,0,0,0,0,0,0,0,0,0,0,0,0,0,0,0,0,0,0,0,0,5724,2468,2303,123,8.0,239.7,260.0,223.2,217.6,219.7,217.1,166.1,242.1,119.3,84.4,95.8,80.0,4.17,4.53,3.80,3.76,4.60,4.63,0.33,0.54,4.06,0.11,2.71,0,0,0.0,0.0,196,29,2.3,1.6,0,
5.7.2026,22:34:38.858,18177,27817,39.5,13101,19580,40.0,0.2,13312,23,1.326,1.331,1.337,1.325,1.325,1.325,1.325,1.319,1.319,4067.7,4067.7,4067.7,4067.7,4067.7,4067.7,4067.7,4067.7,4067.7,99.8,1094.8,3437.7,1060.3,2909.3,880.2,968.6,1826.0,883.1,1409.2,311.5,420.2,790.6,821.4,591.3,530.4,293.4,383.0,1094.8,24.7,58.4,25.1,70.7,21.1,23.1,44.0,21.0,33.8,7.5,10.1,18.7,19.7,13.5,12.7,7.1,9.1,70.7,24.7,27.9,66.3,28.4,80.3,23.9,26.1,49.9,23.7,38.3,8.2,11.3,21.1,22.2,15.1,14.2,7.8,10.1,27.9,40.8,40.8,40.8,40.8,40.8,40.8,40.8,40.8,40.8,0.0,72.8,83.8,92.0,81.3,77.2,58.5,68.1,63.3,58.5,27.2,16.2,8.0,18.7,22.8,41.5,31.9,36.7,41.5,0.0,0.0,0.0,0.0,0.0,0.0,0.0,0.0,0.0,1197.8,12.00,16,16,16,39,55,661,1,69.8,69.7,71.8,65.7,68.2,68.9,67.8,66.4,63.4,64.4,63.5,62.9,61.2,61.6,60.9,53.0,50.7,1.344,1.019,1.350,13.868,11.847,13.869,65.505,39.863,3.835,5.331,5.769,4.540,3.998,2.482,3.315,2.872,2.374,18.687,12.188,30.875,39.972,1197.8,1197.8,4105.2,4107.0,4103.3,4109.4,45.4,23.1,72.8,73.4,60.7,No,No,No,1.464,0.489,5.8,49,95.0,100.0,No,No,91229,99001,32,99.0,No,No,3320,0.0,0.1,0.1,0.000,0.046,11106,8984,0.0,0.0,0.0,0.000,0.000,50,0,49.1,64.3,83.0,0.775,12.139,12.185,12.159,12.071,1129,47.282,18.149,25.110,7.762,39.565,25.591,13.950,0.336,25.110,22.540,2.862,18.663,220.000,240.000,1395.0,1750.2,1230.0,1333.3,1335.0,36.0,9.0,0.0,3.0,30.2,4.8,19.3,0.0,0.0,0.0,33,Yes,No,No,No,No,Yes,No,21.7,26.4,0,0,0,0,0,0,0,0,0,12,0,0,0,0,0,0,0,0,0,0,0,0,0,0,0,0,0,0,0,0,5717,2475,2311,123,8.0,239.8,269.8,218.2,207.9,212.2,206.5,141.6,241.3,65.9,59.9,60.0,59.9,4.17,4.61,3.68,3.50,4.74,4.86,0.35,0.38,4.07,0.10,2.51,0,0,0.0,0.0,196,29,3.6,3.6,0,
5.7.2026,22:34:40.862,18178,27815,39.5,13104,19578,40.0,0.2,13312,23,1.326,1.331,1.325,1.325,1.325,1.325,1.325,1.325,1.325,4092.6,4092.6,4092.6,4092.6,4092.6,4092.6,4092.6,4092.6,4092.6,99.8,1122.9,3525.8,1047.2,3142.3,784.6,1577.0,1324.9,981.4,1230.1,376.3,364.4,817.2,795.3,618.6,521.2,306.1,554.0,1122.9,25.4,62.1,24.4,76.5,18.4,37.6,31.9,22.9,29.7,9.3,8.9,19.5,18.5,14.5,11.9,7.5,13.5,76.5,25.4,28.8,70.5,28.1,86.9,21.3,43.0,35.9,26.4,33.4,10.1,9.7,21.7,21.3,16.0,13.8,8.1,14.9,28.8,41.0,41.0,41.0,41.0,41.0,41.0,41.0,41.0,41.0,0.0,74.1,85.9,94.1,82.8,77.1,59.2,68.7,63.4,61.9,25.9,14.1,5.9,17.2,22.9,40.8,31.3,36.6,38.1,0.0,0.0,0.0,0.0,0.0,0.0,0.0,0.0,0.0,1197.8,12.00,16,16,16,39,55,661,1,69.9,69.8,71.5,65.8,68.6,69.2,67.9,66.1,63.5,64.5,63.6,63.3,61.4,61.7,61.0,54.0,50.8,1.344,1.025,1.350,14.100,11.852,14.102,66.724,40.230,3.887,5.490,5.921,4.626,3.813,2.513,3.317,2.910,2.504,19.012,12.196,31.208,40.321,1197.8,1197.8,4105.9,4107.1,4104.7,4107.1,45.8,23.5,74.1,73.5,61.0,No,No,No,1.551,0.551,5.9,49,95.0,100.0,No,No,91229,99001,32,99.0,No,No,3320,0.0,0.0,0.0,0.000,0.012,11106,8984,0.0,0.0,0.0,0.000,0.000,50,0,49.0,64.0,83.0,0.756,12.135,12.181,12.155,12.069,1133,46.546,17.719,23.896,7.467,39.055,25.755,13.275,0.336,23.896,22.950,2.801,17.761,220.000,240.000,1335.0,1750.2,1185.0,1360.0,1275.0,40.0,10.0,0.0,3.0,30.2,5.0,20.1,0.0,0.0,0.0,33,Yes,No,No,No,No,Yes,No,21.3,24.7,0,0,0,0,0,0,0,0,0,12,0,0,0,0,0,0,0,0,0,0,0,0,0,0,0,0,0,0,0,0,5717,2475,2311,123,8.0,239.8,261.0,218.7,214.7,216.8,213.7,139.5,243.2,80.0,62.0,68.5,60.0,4.17,4.61,3.79,3.61,4.64,4.69,0.32,0.31,4.07,0.10,2.28,0,0,0.0,0.0,196,29,2.4,3.0,0,
5.7.2026,22:34:42.856,18179,27815,39.5,13103,19579,40.0,0.2,13312,23,1.327,1.312,1.331,1.337,1.337,1.325,1.325,1.325,1.325,4086.4,4042.7,4092.6,4092.6,4092.6,4092.6,4092.6,4092.6,4092.6,99.8,1163.1,3483.6,1984.5,3068.9,795.9,1533.9,1304.0,966.3,1238.0,341.6,415.6,858.1,684.5,616.3,573.4,280.6,464.5,1163.1,25.2,41.4,48.0,74.7,19.4,37.3,31.1,23.3,29.5,7.8,9.0,20.2,16.8,14.0,14.1,6.4,10.8,74.7,25.2,28.5,47.1,54.1,84.9,21.5,41.8,35.4,25.9,33.6,9.0,11.1,23.0,18.4,15.9,15.3,7.4,12.4,28.5,40.9,40.5,41.0,41.0,41.0,41.0,41.0,41.0,41.0,0.0,73.6,85.0,94.1,82.0,77.2,58.7,67.5,63.6,60.5,26.4,15.0,5.9,18.0,22.8,41.3,32.5,36.4,39.5,0.0,0.0,0.0,0.0,0.0,0.0,0.0,0.0,0.0,1197.8,12.00,16,16,16,39,55,661,1,69.9,69.9,73.8,65.8,68.7,69.0,67.8,66.0,63.6,64.3,63.7,63.1,61.4,61.8,61.0,53.8,50.9,1.344,1.019,1.356,13.822,11.862,13.822,66.200,39.853,3.835,5.465,5.795,4.550,3.816,2.495,3.218,2.902,2.436,18.619,12.203,30.822,39.928,1197.8,1197.8,4103.6,4104.7,4102.5,4104.9,45.4,23.0,73.6,73.6,60.5,No,No,No,1.519,0.542,5.9,49,95.0,100.0,No,No,91229,99001,32,99.0,No,No,3320,0.0,0.0,0.0,0.000,0.012,11106,8984,0.0,0.0,0.0,0.000,0.000,50,0,49.0,64.1,83.0,0.762,12.136,12.183,12.156,12.069,1130,46.976,18.409,23.499,7.395,38.597,25.515,13.053,0.336,23.499,22.808,11.877,17.509,220.000,240.000,1365.0,1750.2,1185.0,1331.0,1290.0,37.0,9.0,0.0,3.0,30.2,5.0,19.8,0.0,0.0,0.0,33,Yes,No,No,No,No,Yes,No,21.0,26.1,0,0,0,0,0,0,0,0,0,12,0,0,0,0,0,0,0,0,0,0,0,0,0,0,0,0,0,0,0,0,5717,2475,2311,123,8.0,239.8,263.1,221.8,218.1,219.8,217.4,152.9,243.3,79.9,79.8,79.9,79.8,4.17,4.58,3.77,3.64,4.62,4.66,0.36,0.45,4.06,0.11,2.32,0,0,0.0,0.0,196,29,15.0,3.1,0,
5.7.2026,22:34:44.865,18185,27809,39.5,13110,19572,40.1,0.2,13312,23,1.332,1.325,1.337,1.337,1.331,1.331,1.331,1.331,1.331,4089.5,4092.6,4092.6,4092.6,4092.6,4092.6,4092.6,4092.6,4067.7,99.8,1185.8,3461.4,2103.9,3042.8,900.2,1401.0,1451.4,1040.7,1207.3,339.9,403.0,993.3,685.2,615.5,534.2,299.7,493.4,1185.8,25.2,38.7,50.3,73.8,21.0,33.2,34.3,24.4,28.4,7.5,9.7,23.1,15.7,13.6,12.0,6.5,11.1,73.8,25.2,29.1,44.3,57.5,84.1,24.4,38.2,39.3,28.1,32.7,9.1,10.7,26.7,18.3,15.9,14.2,8.0,13.2,29.1,41.0,41.0,41.0,41.0,41.0,41.0,41.0,41.0,40.8,0.0,73.7,84.4,94.0,81.9,77.0,58.6,69.2,63.7,60.8,26.3,15.6,6.0,18.1,23.0,41.4,30.8,36.3,39.2,0.0,0.0,0.0,0.0,0.0,0.0,0.0,0.0,0.0,1197.8,12.00,16,16,16,39,55,661,1,70.0,69.9,73.8,65.8,68.7,69.1,67.8,66.2,63.4,64.5,63.6,63.2,61.4,61.8,61.1,54.5,50.5,1.350,1.038,1.350,13.964,11.873,13.965,66.314,40.084,3.878,5.480,5.959,4.564,3.856,2.476,3.345,2.891,2.457,18.834,12.218,31.052,40.163,1197.8,1197.8,4106.5,4108.2,4104.9,4108.4,45.6,23.3,73.7,73.6,60.5,No,No,No,1.545,0.534,5.9,49,95.0,100.0,No,No,91229,99001,32,99.0,No,No,3320,0.0,0.0,0.0,0.000,0.010,11106,8984,0.0,0.0,0.0,0.000,0.000,50,0,49.0,64.2,83.0,0.762,12.138,12.185,12.158,12.071,1127,47.101,17.595,24.067,7.506,38.968,25.567,13.370,0.336,24.067,22.725,2.700,16.641,220.000,240.000,1365.0,1750.2,1185.0,1361.9,1290.0,37.0,10.0,0.0,3.0,30.2,5.0,19.9,0.0,0.0,0.0,33,Yes,No,No,No,No,Yes,No,21.3,25.8,0,0,0,0,0,0,0,0,0,12,0,0,0,0,0,0,0,0,0,0,0,0,0,0,0,0,0,0,0,0,5717,2475,2311,123,8.0,239.8,262.7,221.1,217.4,218.8,217.2,147.1,242.2,80.0,62.1,68.5,59.9,4.17,4.61,3.77,3.70,4.62,4.63,0.33,0.43,4.06,0.11,2.23,0,0,0.0,0.0,196,29,4.7,2.1,0,
5.7.2026,22:34:46.859,18180,27814,39.5,13104,19577,40.0,0.2,13312,23,1.327,1.331,1.331,1.331,1.331,1.331,1.331,1.312,1.312,4067.7,4067.7,4067.7,4067.7,4067.7,4067.7,4067.7,4067.7,4067.7,99.8,1262.2,3493.4,2056.8,2902.5,976.4,1179.1,1746.9,1082.8,1258.7,419.5,415.9,978.2,720.2,685.2,630.1,613.6,1035.4,1262.2,27.8,41.6,49.6,70.8,23.5,28.3,42.1,25.9,30.3,10.2,10.0,23.4,17.2,16.0,15.1,14.8,25.2,70.8,27.8,31.2,47.0,56.0,80.1,26.4,31.8,47.6,29.1,34.1,11.2,11.0,26.2,19.2,17.9,16.8,16.5,28.2,31.2,40.8,40.8,40.8,40.8,40.8,40.8,40.8,40.8,40.8,0.0,76.7,85.4,93.4,83.6,79.5,61.6,71.3,67.0,71.5,23.3,14.6,6.6,16.4,20.5,38.4,28.7,33.0,28.5,0.0,0.0,0.0,0.0,0.0,0.0,0.0,0.0,0.0,1197.8,12.00,16,16,16,39,55,661,1,77.5,71.5,76.5,66.6,68.7,69.1,68.1,66.6,64.0,65.4,64.4,66.5,61.7,62.0,61.3,54.0,50.1,1.306,1.025,1.319,14.791,11.875,14.789,69.001,41.149,4.088,5.462,5.697,4.630,3.997,2.593,3.401,3.095,3.828,19.896,12.225,32.121,41.229,1197.8,1197.8,4091.0,4091.3,4090.6,4091.3,46.9,24.6,76.7,75.2,60.6,No,No,No,1.503,0.499,6.1,50,95.0,100.0,No,No,91229,99001,32,99.0,No,No,3320,0.0,0.0,0.0,0.000,0.085,11106,8985,0.0,0.0,0.0,0.000,0.000,50,0,48.9,63.9,83.0,0.750,12.138,12.185,12.158,12.071,1130,45.690,18.834,23.166,7.226,38.615,25.724,12.870,0.336,23.166,23.002,18.503,15.733,220.000,240.000,1320.0,1750.2,1170.0,1333.7,1260.0,41.0,10.0,0.0,3.0,30.2,5.0,19.9,0.0,0.0,0.0,33,Yes,No,No,No,No,Yes,No,21.0,24.2,0,0,0,0,0,0,0,0,0,12,0,0,0,0,0,0,0,0,0,0,0,0,0,0,0,0,0,0,0,0,5717,2475,2311,123,8.0,239.7,257.4,220.3,216.9,217.7,216.7,151.0,242.3,79.9,79.8,79.8,79.8,4.17,4.58,3.84,3.78,4.60,4.61,0.41,0.45,4.06,0.11,2.27,0,0,0.0,0.0,196,29,4.7,2.4,0,
5.7.2026,22:34:48.853,18135,27859,39.4,13074,19608,40.0,0.2,13312,23,1.334,1.312,1.337,1.337,1.337,1.337,1.337,1.337,1.331,4089.5,4067.7,4092.6,4092.6,4092.6,4092.6,4092.6,4092.6,4092.6,99.8,1146.4,3427.7,2066.5,2991.2,857.4,1111.6,1597.6,1080.6,1064.6,351.5,363.1,874.5,682.3,567.6,553.4,285.9,466.5,1146.4,24.9,39.1,50.0,72.8,20.7,26.8,38.5,26.0,25.6,8.6,8.1,21.0,16.4,13.3,13.3,7.0,11.2,72.8,24.9,28.0,44.1,56.6,82.7,23.3,30.2,43.6,29.2,28.8,9.3,9.6,23.5,18.3,14.7,14.8,7.6,12.4,28.0,41.0,40.8,41.0,41.0,41.0,41.0,41.0,41.0,41.0,0.0,72.1,83.6,93.9,80.3,75.4,56.8,66.4,61.7,59.0,27.9,16.4,6.1,19.7,24.6,43.2,33.6,38.3,41.0,0.0,0.0,0.0,0.0,0.0,0.0,0.0,0.0,0.0,1197.8,12.00,16,16,16,39,55,661,1,74.4,69.7,71.0,65.7,68.6,68.8,67.6,65.9,63.5,64.4,63.6,63.2,61.4,61.8,61.1,53.0,50.4,1.369,1.031,1.363,13.700,11.824,13.703,64.932,39.670,3.800,5.461,5.771,4.424,3.787,2.439,3.228,2.839,2.448,18.465,12.167,30.632,39.738,1197.8,1197.8,4103.7,4106.6,4100.8,4106.9,45.2,22.8,72.1,73.4,60.5,No,No,No,1.493,0.519,5.8,49,95.0,100.0,No,No,91229,99001,32,99.0,No,No,3320,0.0,0.0,0.0,0.000,0.073,11106,8985,0.0,0.0,0.0,0.000,0.000,50,0,49.2,64.3,83.0,0.781,12.137,12.183,12.157,12.070,1132,48.890,18.589,26.270,8.419,40.533,25.914,14.594,0.336,26.270,22.994,2.846,17.716,220.000,240.000,1410.0,1750.2,1245.0,1406.8,1350.0,38.0,11.0,0.0,3.0,30.2,5.2,20.9,0.0,0.0,0.0,33,Yes,No,No,No,No,Yes,No,22.4,25.5,0,0,0,0,0,0,0,0,0,12,0,0,0,0,0,0,0,0,0,0,0,0,0,0,0,0,0,0,0,0,5717,2475,2311,123,8.0,239.8,262.3,221.4,213.9,217.0,212.8,154.3,242.2,80.0,80.0,80.0,80.0,4.17,4.58,3.79,3.66,4.63,4.69,0.36,0.51,4.06,0.11,2.50,0,0,0.0,0.0,196,29,5.5,2.1,0,
5.7.2026,22:34:50.861,18136,27858,39.4,13072,19609,39.9,0.2,13312,23,1.333,1.344,1.331,1.331,1.331,1.331,1.331,1.331,1.331,4095.7,4117.6,4092.6,4092.6,4092.6,4092.6,4092.6,4092.6,4092.6,99.8,1182.6,3511.2,2145.7,3033.3,908.5,1423.2,1378.0,1238.5,1011.4,386.1,388.5,971.0,663.1,620.0,519.7,308.9,414.1,1182.6,25.1,40.4,51.3,73.6,21.2,33.6,32.4,29.2,23.5,8.6,9.3,22.6,15.1,13.6,11.7,6.7,9.1,73.6,25.1,28.9,46.3,58.6,83.8,24.6,38.6,37.3,33.5,27.2,10.3,10.3,26.1,17.7,15.9,13.8,8.2,10.9,28.9,41.0,41.2,41.0,41.0,41.0,41.0,41.0,41.0,41.0,0.0,74.1,85.6,94.4,81.9,78.0,59.5,69.0,63.8,60.9,25.9,14.4,5.6,18.1,22.0,40.5,31.0,36.2,39.1,0.0,0.0,0.0,0.0,0.0,0.0,0.0,0.0,0.0,1197.8,12.00,16,16,16,39,55,661,1,71.9,70.0,71.0,65.8,68.8,69.2,67.7,66.1,63.6,64.5,63.7,63.1,61.4,61.8,61.1,52.5,50.2,1.362,1.031,1.363,13.993,11.821,13.988,66.729,40.010,3.898,5.670,5.961,4.507,3.891,2.529,3.320,2.875,2.431,18.852,12.166,31.017,40.119,1197.8,1197.8,4105.3,4105.9,4104.8,4105.9,45.6,23.3,74.1,73.7,60.3,No,No,No,1.503,0.551,5.9,49,95.0,100.0,No,No,91229,99001,32,99.0,No,No,3320,0.0,0.0,0.0,0.000,0.046,11106,8985,0.0,0.0,0.0,0.000,0.000,50,0,49.1,64.2,83.0,0.756,12.138,12.185,12.158,12.070,1128,46.963,17.609,23.581,7.384,38.709,25.577,13.100,0.336,23.581,22.825,5.787,15.209,220.000,240.000,1350.0,1750.2,1185.0,1333.1,1275.0,40.0,10.0,0.0,4.0,30.2,4.9,19.6,0.0,0.0,0.0,33,Yes,No,No,No,No,Yes,No,21.1,24.7,0,0,0,0,0,0,0,0,0,12,0,0,0,0,0,0,0,0,0,0,0,0,0,0,0,0,0,0,0,0,5717,2475,2311,123,8.0,239.8,263.3,219.4,204.8,212.0,201.5,149.2,242.6,67.2,59.9,59.9,59.9,4.17,4.61,3.72,3.52,4.73,4.92,0.32,0.58,4.07,0.11,2.55,0,0,0.0,0.0,196,29,2.4,2.2,0,
5.7.2026,22:34:52.857,18134,27860,39.4,13075,19607,40.0,0.2,13312,23,1.326,1.331,1.325,1.325,1.325,1.325,1.325,1.325,1.325,4092.6,4092.6,4092.6,4092.6,4092.6,4092.6,4092.6,4092.6,4092.6,99.8,1145.9,3437.4,1793.5,3085.8,785.6,1874.4,950.7,1326.2,843.3,421.8,357.9,1076.1,528.6,651.5,466.0,331.6,404.5,1145.9,25.3,44.6,43.2,75.0,19.1,45.4,22.8,32.0,20.3,10.4,8.8,26.0,12.8,15.4,11.3,8.3,9.8,75.0,25.3,28.4,50.4,48.8,85.3,21.2,51.4,25.5,36.0,22.6,11.3,9.5,29.1,14.0,17.0,12.3,8.9,10.6,28.4,41.0,41.0,41.0,41.0,41.0,41.0,41.0,41.0,41.0,0.0,73.0,83.7,93.6,81.9,76.3,58.0,68.0,62.7,60.2,27.0,16.3,6.4,18.1,23.7,42.0,32.0,37.3,39.8,0.0,0.0,0.0,0.0,0.0,0.0,0.0,0.0,0.0,1197.8,12.00,16,16,16,39,55,661,1,70.5,69.8,70.2,65.8,68.5,69.1,67.7,66.0,63.5,64.5,63.6,63.2,61.5,61.8,61.1,52.8,50.1,1.375,1.031,1.363,14.116,11.854,14.119,65.730,40.302,3.856,5.432,5.945,4.516,3.790,2.517,3.314,2.874,2.459,19.064,12.199,31.263,40.372,1197.8,1197.8,4109.3,4111.7,4106.9,4111.7,45.9,23.5,73.0,73.5,61.6,No,No,No,1.493,0.538,5.8,49,95.0,100.0,No,No,91229,99001,32,99.0,No,No,3320,0.0,0.0,0.0,0.000,0.006,11106,8985,0.0,0.0,0.0,0.000,0.000,50,0,49.0,64.0,83.0,0.756,12.136,12.181,12.156,12.070,1130,46.400,18.055,23.426,7.297,38.655,25.624,13.014,0.336,23.426,22.854,8.153,17.766,220.000,240.000,1335.0,1750.2,1185.0,1339.7,1275.0,39.0,10.0,0.0,3.0,30.2,5.1,20.3,0.0,0.0,0.0,33,Yes,No,No,No,No,Yes,No,21.0,24.7,0,0,0,0,0,0,0,0,0,12,0,0,0,0,0,0,0,0,0,0,0,0,0,0,0,0,0,0,0,0,5717,2475,2311,123,8.0,239.7,266.7,217.4,211.0,213.1,210.2,151.3,242.9,80.0,79.7,79.8,79.6,4.17,4.67,3.77,3.58,4.72,4.74,0.35,0.52,4.06,0.11,2.30,0,0,0.0,0.0,196,29,7.6,3.9,0,
5.7.2026,22:34:54.863,18143,27851,39.4,13074,19608,40.0,0.2,13312,23,1.341,1.325,1.344,1.344,1.344,1.344,1.344,1.344,1.344,4111.3,4067.7,4117.6,4117.6,4117.6,4117.6,4117.6,4117.6,4117.6,99.8,1131.5,3419.1,1137.0,3052.3,846.8,1982.3,893.7,1392.3,874.0,465.6,329.6,1056.9,590.9,748.0,446.3,497.5,370.9,1131.5,25.2,58.3,26.5,74.0,19.7,47.6,20.7,33.0,20.2,10.6,7.2,24.8,13.5,16.9,9.9,11.4,8.1,74.0,25.2,29.0,66.5,30.5,84.3,22.9,54.3,23.9,37.9,23.5,12.5,8.7,28.5,15.7,19.6,11.8,13.4,9.7,29.0,41.2,40.8,41.2,41.2,41.2,41.2,41.2,41.2,41.2,0.0,73.3,83.4,93.2,81.9,76.5,58.9,68.3,62.9,61.4,26.7,16.6,6.8,18.1,23.5,41.1,31.7,37.1,38.6,0.0,0.0,0.0,0.0,0.0,0.0,0.0,0.0,0.0,1197.8,12.00,16,16,16,39,55,661,1,70.4,69.9,72.5,65.8,68.4,69.1,68.0,66.1,63.5,64.5,63.6,63.3,61.4,61.7,61.0,52.2,50.6,1.344,1.031,1.356,13.954,11.855,13.956,65.975,40.010,3.884,5.324,5.925,4.635,3.899,2.534,3.334,2.898,2.524,18.813,12.197,31.010,40.116,1197.8,1197.8,4104.9,4107.0,4102.7,4107.2,45.6,23.3,73.3,73.6,60.3,No,No,No,1.492,0.511,5.9,49,95.0,100.0,No,No,91229,99001,32,99.0,No,No,3320,0.6,2.1,2.6,0.203,6.860,11106,8998,0.0,0.0,0.0,0.000,0.000,50,0,48.9,63.9,83.0,0.756,12.137,12.183,12.157,12.070,1133,45.867,17.179,22.975,7.139,38.307,25.516,12.764,0.336,22.975,22.791,2.681,16.302,220.000,240.000,1350.0,1750.2,1185.0,1344.6,1275.0,39.0,10.0,0.0,3.0,30.2,4.8,19.0,0.0,0.0,0.0,33,Yes,No,No,No,No,Yes,No,20.9,26.3,0,0,0,0,0,0,0,0,0,12,0,0,0,0,0,0,0,0,0,0,0,0,0,0,0,0,0,0,0,0,5716,2476,2311,123,8.0,239.7,262.1,218.1,209.6,213.3,208.3,142.8,242.6,80.0,79.9,79.9,79.9,4.17,4.65,3.79,3.69,4.74,4.84,0.30,0.39,4.06,0.11,2.34,0,0,0.0,0.0,196,29,2.3,1.6,0,
5.7.2026,22:34:56.866,18144,27849,39.4,13083,19598,40.0,0.2,13312,23,1.333,1.350,1.325,1.331,1.331,1.331,1.331,1.331,1.331,4095.7,4117.6,4092.6,4092.6,4092.6,4092.6,4092.6,4092.6,4092.6,99.8,1154.3,3397.1,1096.4,3154.9,828.1,1255.8,1673.8,1182.7,1090.1,441.1,428.2,948.3,723.9,667.3,571.2,450.5,559.1,1154.3,26.3,56.4,26.2,76.7,20.1,30.3,40.5,28.6,26.2,10.8,10.4,22.8,17.5,15.7,13.8,11.0,13.5,76.7,26.3,29.5,63.9,29.3,87.2,22.4,34.1,45.7,32.0,29.4,11.8,11.4,25.5,19.4,17.4,15.2,12.1,14.9,29.5,41.0,41.2,41.0,41.0,41.0,41.0,41.0,41.0,41.0,0.0,73.6,82.9,94.3,82.5,76.6,58.8,67.9,63.2,62.6,26.4,17.1,5.7,17.5,23.4,41.2,32.1,36.8,37.4,0.0,0.0,0.0,0.0,0.0,0.0,0.0,0.0,0.0,1197.8,12.00,16,16,16,39,55,661,1,70.1,69.9,69.2,65.9,68.2,69.1,68.0,66.3,63.6,64.6,63.7,63.4,61.4,61.7,61.1,54.5,50.8,1.344,1.025,1.350,14.072,11.874,14.078,66.247,40.290,3.886,5.202,5.988,4.645,3.870,2.579,3.319,2.918,2.565,18.976,12.220,31.196,40.310,1197.8,1197.8,4104.3,4107.0,4101.6,4107.0,45.8,23.5,73.6,73.5,60.8,No,No,No,1.532,0.513,5.9,49,95.0,100.0,No,No,91229,99001,32,99.0,No,No,3320,0.0,0.0,0.0,0.000,0.063,11106,8998,0.0,0.0,0.0,0.000,0.000,50,0,49.0,64.1,83.0,0.769,12.137,12.184,12.157,12.070,1133,46.392,18.357,25.342,8.151,39.716,25.612,14.079,0.336,25.342,22.840,2.609,19.542,220.000,240.000,1380.0,1750.2,1200.0,1371.5,1305.0,39.0,10.0,0.0,3.0,30.2,4.7,18.8,0.0,0.0,0.0,33,Yes,No,No,No,No,Yes,No,21.9,25.6,0,0,0,0,0,0,0,0,0,12,0,0,0,0,0,0,0,0,0,0,0,0,0,0,0,0,0,0,0,0,5715,2477,2312,123,8.0,239.8,260.8,221.2,219.2,219.7,219.1,143.0,242.6,80.0,79.7,79.8,79.7,4.17,4.55,3.82,3.79,4.58,4.61,0.31,0.53,4.06,0.11,2.36,0,0,0.0,0.0,196,29,3.4,2.6,0,
5.7.2026,22:34:58.855,18143,27850,39.4,13078,19603,40.0,0.2,13312,23,1.332,1.331,1.337,1.331,1.331,1.331,1.331,1.331,1.331,4086.4,4067.7,4092.6,4092.6,4092.6,4092.6,4067.7,4092.6,4092.6,99.8,1125.2,3404.7,1205.9,3131.0,832.5,1148.4,1694.9,1124.9,1147.8,351.9,412.3,851.4,744.2,625.1,559.5,304.9,464.5,1125.2,25.0,54.6,28.3,76.1,19.6,27.3,40.5,26.7,27.2,8.1,9.5,20.1,17.4,14.2,13.0,7.0,10.7,76.1,25.0,28.5,62.1,32.3,86.6,22.4,31.1,46.1,30.5,31.0,9.4,10.9,22.9,19.9,16.2,14.8,8.1,12.3,28.5,40.9,40.8,41.0,41.0,41.0,41.0,40.8,41.0,41.0,0.0,73.0,83.0,94.1,81.9,77.0,57.9,67.5,62.9,59.6,27.0,17.0,5.9,18.1,23.0,42.1,32.5,37.1,40.4,0.0,0.0,0.0,0.0,0.0,0.0,0.0,0.0,0.0,1197.8,12.00,16,16,16,39,55,661,1,70.1,69.8,70.0,65.7,68.0,69.2,67.6,66.1,63.4,64.2,63.6,63.1,61.2,61.6,60.9,52.2,50.8,1.350,1.038,1.350,13.828,11.853,13.822,65.699,39.786,3.855,5.216,6.020,4.574,3.895,2.503,3.246,2.917,2.473,18.638,12.196,30.834,39.932,1197.8,1197.8,4106.5,4108.1,4104.9,4108.1,45.4,23.0,73.0,73.4,60.2,No,No,No,1.522,0.539,5.8,49,95.0,100.0,No,No,91229,99001,32,99.0,No,No,3320,0.0,0.1,0.1,0.016,0.251,11106,8999,0.0,0.0,0.0,0.000,0.000,50,0,48.7,63.4,83.0,0.738,12.142,12.189,12.161,12.077,1132,44.947,17.014,21.043,6.460,35.536,23.827,11.690,0.336,21.043,21.275,13.681,15.247,220.000,240.000,1290.0,1250.2,1125.0,1319.8,1215.0,38.0,11.0,0.0,3.0,30.2,4.5,17.9,0.0,0.0,0.0,33,Yes,No,No,No,No,Yes,No,19.2,23.5,0,0,0,0,0,0,0,0,0,12,0,0,0,0,0,0,0,0,0,0,0,0,0,0,0,0,0,0,0,0,5715,2477,2312,123,8.0,239.7,262.1,217.5,211.6,214.6,210.2,132.3,241.4,59.9,59.9,59.9,59.9,4.17,4.63,3.76,3.66,4.71,4.84,0.34,0.44,4.06,0.11,2.28,0,0,0.0,0.0,196,29,2.7,2.4,0,
5.7.2026,22:35:0.869,18143,27851,39.4,13081,19600,40.0,0.2,13312,23,1.324,1.325,1.319,1.325,1.325,1.325,1.325,1.325,1.325,4042.7,4042.7,4042.7,4042.7,4042.7,4042.7,4042.7,4042.7,4042.7,99.8,1117.9,3382.7,1145.1,3179.9,797.7,1466.9,1356.0,1096.8,1029.4,373.5,409.3,770.0,811.2,542.2,591.2,308.6,625.6,1117.9,24.7,54.7,26.8,77.2,18.7,34.9,32.1,25.9,24.2,8.5,9.3,17.9,18.9,12.0,13.6,6.8,14.4,77.2,24.7,28.4,62.3,30.7,88.0,21.6,39.9,36.8,29.7,27.7,9.9,10.9,20.6,21.7,13.9,15.7,8.1,16.7,28.4,40.5,40.5,40.5,40.5,40.5,40.5,40.5,40.5,40.5,0.0,72.7,82.5,94.3,81.3,75.4,58.0,66.8,61.6,62.0,27.3,17.5,5.7,18.7,24.6,42.0,33.2,38.4,38.0,0.0,0.0,0.0,0.0,0.0,0.0,0.0,0.0,0.0,1197.8,12.00,16,16,16,39,55,661,1,80.0,70.2,77.0,65.8,68.2,69.3,67.7,65.9,63.5,64.6,63.6,63.9,61.3,61.6,60.9,54.5,50.5,1.331,1.031,1.344,14.113,11.869,14.109,65.464,40.283,3.904,5.301,6.094,4.582,3.731,2.546,3.298,2.858,2.823,19.031,12.210,31.241,40.335,1197.8,1197.8,4104.4,4106.7,4102.1,4106.7,45.8,23.5,72.7,73.9,60.7,No,No,No,1.491,0.487,5.8,49,95.0,100.0,No,No,91229,99001,32,99.0,No,No,3320,0.0,0.0,0.0,0.008,0.055,11106,8999,0.0,0.0,0.0,0.000,0.000,50,0,48.8,63.8,83.0,0.756,12.134,12.181,12.154,12.068,1133,46.476,17.934,22.068,6.675,37.410,25.125,12.260,0.336,22.068,22.351,17.279,13.768,220.000,240.000,1335.0,1750.2,1185.0,1330.8,1275.0,37.0,9.0,0.0,3.0,30.2,5.0,20.1,0.0,0.0,0.0,33,Yes,No,No,No,No,Yes,No,20.2,23.4,0,0,0,0,0,0,0,0,0,12,0,0,0,0,0,0,0,0,0,0,0,0,0,0,0,0,0,0,0,0,5715,2477,2312,123,8.0,239.8,263.6,220.9,216.2,218.4,215.1,143.6,242.1,79.9,79.8,79.8,79.8,4.17,4.57,3.71,3.64,4.65,4.72,0.32,0.40,4.06,0.11,2.39,0,0,0.0,0.0,196,29,3.4,1.7,0,
5.7.2026,22:35:2.861,18158,27835,39.4,13086,19595,40.0,0.2,13312,23,1.344,1.331,1.356,1.344,1.344,1.344,1.344,1.344,1.344,4114.5,4092.6,4117.6,4117.6,4117.6,4117.6,4117.6,4117.6,4117.6,99.8,1138.3,3391.5,1302.8,3088.5,858.8,1601.4,1235.9,984.9,1305.7,354.6,458.2,733.5,879.7,574.6,621.8,306.8,513.6,1138.3,25.6,54.0,31.0,75.1,20.7,38.6,29.6,23.6,31.3,8.6,11.1,17.5,21.1,13.3,14.9,7.4,12.4,75.1,25.6,28.8,61.2,35.0,85.4,23.2,43.6,33.4,26.5,35.3,9.4,12.2,19.6,23.6,14.7,16.5,8.1,13.8,28.8,41.2,41.0,41.2,41.2,41.2,41.2,41.2,41.2,41.2,0.0,73.0,82.6,93.3,81.0,76.4,58.5,67.4,63.5,60.9,27.0,17.4,6.7,19.0,23.6,41.5,32.6,36.5,39.1,0.0,0.0,0.0,0.0,0.0,0.0,0.0,0.0,0.0,1197.8,12.00,16,16,16,39,55,661,1,76.9,70.1,71.5,65.8,68.3,69.3,67.7,66.3,63.5,64.4,63.7,63.5,61.3,61.7,61.0,53.8,50.5,1.337,1.019,1.350,13.927,11.866,13.930,65.638,40.015,3.887,5.328,6.010,4.547,3.910,2.536,3.253,2.931,2.581,18.787,12.210,30.997,40.103,1197.8,1197.8,4106.6,4107.2,4105.9,4108.4,45.6,23.2,72.9,73.8,60.2,No,No,No,1.481,0.505,5.8,49,95.0,100.0,No,No,91229,99001,32,99.0,No,No,3320,0.0,0.0,0.0,0.000,0.012,11106,8999,0.0,0.0,0.0,0.000,0.000,50,0,48.7,63.9,83.0,0.744,12.135,12.181,12.155,12.068,1134,44.533,16.859,21.836,6.724,37.535,25.380,12.131,0.336,21.836,22.751,3.068,16.988,220.000,240.000,1305.0,1750.2,1155.0,1301.7,1245.0,36.0,8.0,0.0,3.0,30.3,4.6,18.3,0.0,0.0,0.0,33,Yes,No,No,No,No,Yes,No,20.3,24.9,0,0,0,0,0,0,0,0,0,12,0,0,0,0,0,0,0,0,0,0,0,0,0,0,0,0,0,0,0,0,5711,2481,2316,123,8.0,239.8,266.6,216.8,214.8,215.1,214.8,134.9,241.9,64.6,59.9,60.0,59.9,4.17,4.62,3.73,3.49,4.66,4.70,0.31,0.40,4.06,0.11,2.56,0,0,0.0,0.0,196,29,2.8,2.5,0,
5.7.2026,22:35:4.864,18152,27842,39.4,13084,19598,40.0,0.2,13312,23,1.334,1.331,1.337,1.337,1.337,1.331,1.331,1.331,1.331,4092.6,4117.6,4092.6,4092.6,4092.6,4092.6,4092.6,4067.7,4092.6,99.8,1117.9,3394.1,1427.4,3096.9,826.5,1447.0,1330.1,865.3,1285.1,326.8,437.3,735.4,838.1,510.1,605.3,268.6,492.9,1117.9,24.5,51.3,33.7,75.2,19.4,34.5,31.4,20.0,30.3,7.3,10.0,17.1,19.5,11.0,13.9,5.8,11.2,75.2,24.5,28.1,58.5,38.6,85.7,22.4,39.5,36.0,23.1,34.7,8.7,11.6,19.7,22.5,12.9,16.2,7.1,13.1,28.1,41.0,41.2,41.0,41.0,41.0,41.0,41.0,40.8,41.0,0.0,71.6,82.7,93.9,79.6,75.0,56.7,65.8,60.4,59.0,28.4,17.3,6.1,20.4,25.0,43.3,34.2,39.6,41.0,0.0,0.0,0.0,0.0,0.0,0.0,0.0,0.0,0.0,1197.8,12.00,16,16,16,39,55,661,1,74.0,70.0,71.0,65.8,68.7,69.3,67.8,66.0,63.5,64.4,63.6,63.1,61.4,61.7,61.0,54.5,50.9,1.344,1.025,1.350,13.881,11.853,13.879,64.455,39.980,3.856,5.462,6.019,4.530,3.787,2.492,3.272,2.846,2.437,18.737,12.195,30.932,40.031,1197.8,1197.8,4106.8,4109.6,4104.0,4111.0,45.5,23.1,71.6,73.7,60.6,No,No,No,1.493,0.529,5.7,50,95.0,100.0,No,No,91229,99001,32,99.0,No,No,3320,0.0,0.0,0.0,0.000,0.006,11106,8999,0.0,0.0,0.0,0.000,0.000,50,0,48.6,63.5,83.0,0.750,12.140,12.188,12.160,12.072,1132,44.829,16.734,21.185,6.374,36.783,24.990,11.769,0.336,21.185,22.297,6.421,15.996,220.000,240.000,1320.0,1750.2,1170.0,1316.3,1260.0,35.0,8.0,0.0,3.0,30.2,4.6,18.4,0.0,0.0,0.0,33,Yes,No,No,No,No,Yes,No,19.8,24.5,0,0,0,0,0,0,0,0,0,12,0,0,0,0,0,0,0,0,0,0,0,0,0,0,0,0,0,0,0,0,5715,2477,2312,122,8.0,239.7,260.1,221.7,216.1,219.1,214.6,129.3,242.0,59.9,59.9,59.9,59.9,4.17,4.57,3.79,3.76,4.62,4.68,0.31,0.54,4.06,0.11,2.56,0,0,0.0,0.0,196,29,11.2,5.6,0,
5.7.2026,22:35:6.860,18151,27843,39.4,13085,19597,40.0,0.2,13312,23,1.337,1.337,1.344,1.344,1.344,1.331,1.331,1.331,1.331,4095.7,4117.6,4092.6,4092.6,4092.6,4092.6,4092.6,4092.6,4092.6,99.8,1180.8,3408.6,2009.9,2899.0,1066.2,657.4,2168.4,631.5,1566.9,249.8,481.8,574.5,1004.0,437.2,733.9,348.6,656.0,1180.8,25.9,40.6,48.7,70.7,25.5,15.3,52.6,15.4,38.1,5.7,11.3,14.0,24.4,10.4,17.2,8.9,16.2,70.7,25.9,29.1,45.6,54.9,80.2,29.1,17.5,59.4,16.8,42.7,6.5,12.9,15.2,27.1,11.0,19.6,9.3,17.7,29.1,41.0,41.2,41.0,41.0,41.0,41.0,41.0,41.0,41.0,0.0,72.6,83.1,94.5,81.4,76.0,57.0,66.2,62.0,61.0,27.4,16.9,5.5,18.6,24.0,43.0,33.8,38.0,39.0,0.0,0.0,0.0,0.0,0.0,0.0,0.0,0.0,0.0,1197.8,12.00,16,16,16,39,55,661,1,71.9,70.1,70.0,65.8,68.5,69.4,67.9,66.1,63.4,64.4,63.6,63.4,61.3,61.7,61.0,53.5,50.4,1.350,1.031,1.350,14.024,11.846,14.028,65.385,40.123,3.894,5.438,6.108,4.588,3.812,2.488,3.249,2.882,2.588,18.924,12.189,31.113,40.227,1197.8,1197.8,4107.0,4108.5,4105.5,4108.7,45.7,23.4,72.6,73.8,60.6,No,No,No,1.542,0.543,5.8,49,95.0,100.0,No,No,91229,99001,32,99.0,No,No,3320,0.0,0.0,0.0,0.018,0.016,11106,8999,0.0,0.0,0.0,0.000,0.000,50,0,48.6,63.9,83.0,0.750,12.137,12.185,12.156,12.070,1132,45.209,16.926,22.153,6.872,37.745,25.407,12.307,0.336,22.153,22.781,2.460,17.046,220.000,240.000,1320.0,1750.2,1170.0,1312.8,1260.0,38.0,9.0,0.0,3.0,30.2,4.9,19.5,0.0,0.0,0.0,33,Yes,No,No,No,No,Yes,No,20.4,23.8,0,0,0,0,0,0,0,0,0,12,0,0,0,0,0,0,0,0,0,0,0,0,0,0,0,0,0,0,0,0,5715,2477,2312,123,8.0,239.7,266.8,218.4,199.6,208.7,195.7,137.5,241.8,79.8,79.8,79.8,79.8,4.17,4.61,3.69,3.57,4.83,5.17,0.32,0.50,4.07,0.10,2.49,0,0,0.0,0.0,196,29,2.6,1.7,0,
5.7.2026,22:35:8.855,18126,27868,39.4,13057,19625,39.9,0.2,13312,23,1.340,1.331,1.331,1.344,1.344,1.344,1.344,1.350,1.331,4102.0,4092.6,4117.6,4117.6,4117.6,4117.6,4067.7,4092.6,4092.6,99.8,1162.0,3418.0,2123.5,3073.0,942.7,677.6,2089.8,566.6,1578.7,267.2,477.6,583.8,934.4,424.2,712.9,231.1,490.8,1162.0,25.1,37.2,51.1,74.7,23.0,16.6,50.4,12.7,37.8,6.9,12.0,13.7,22.1,9.3,17.5,5.3,10.7,74.7,25.1,28.4,42.8,58.1,85.1,25.5,18.1,57.2,15.1,43.0,7.0,12.8,15.5,25.1,10.6,19.1,6.0,13.0,28.4,41.1,41.0,41.2,41.2,41.2,41.2,40.8,41.0,41.0,0.0,72.4,83.3,95.2,80.8,75.5,57.0,66.6,61.5,59.4,27.6,16.7,4.8,19.2,24.5,43.0,33.4,38.5,40.6,0.0,0.0,0.0,0.0,0.0,0.0,0.0,0.0,0.0,1197.8,12.00,16,16,16,39,55,661,1,70.9,70.0,70.5,65.7,68.6,69.4,67.7,66.1,63.3,64.3,63.5,63.0,61.3,61.7,61.0,53.0,50.4,1.350,1.025,1.350,14.017,11.840,14.016,65.181,40.135,3.857,5.468,6.133,4.525,3.779,2.467,3.216,2.860,2.410,18.905,12.183,31.087,40.193,1197.8,1197.8,4107.3,4109.6,4105.0,4109.6,45.7,23.4,72.4,73.7,61.1,No,No,No,1.513,0.554,5.8,49,95.0,100.0,No,No,91229,99001,32,99.0,No,No,3320,0.0,0.0,0.0,0.000,0.049,11106,8999,0.0,0.0,0.0,0.000,0.000,50,0,48.7,63.8,83.0,0.744,12.136,12.182,12.156,12.070,1132,43.252,16.917,22.007,6.980,37.828,25.575,12.226,0.336,22.007,23.133,2.453,16.620,220.000,240.000,1305.0,1750.2,1155.0,1288.6,1245.0,39.0,9.0,0.0,3.0,30.2,4.9,19.7,0.0,0.0,0.0,33,Yes,No,No,No,No,Yes,No,20.5,24.8,0,0,0,0,0,0,0,0,0,12,0,0,0,0,0,0,0,0,0,0,0,0,0,0,0,0,0,0,0,0,5715,2477,2312,101,8.0,239.8,260.0,220.8,216.2,218.3,215.2,131.2,241.1,79.8,61.8,68.4,59.9,4.17,4.60,3.79,3.72,4.65,4.74,0.32,0.29,4.06,0.11,2.66,0,0,0.0,0.0,196,29,2.5,2.2,0,
5.7.2026,22:35:10.862,18134,27859,39.4,13067,19615,39.9,0.2,13312,23,1.329,1.312,1.331,1.331,1.331,1.331,1.331,1.331,1.331,4089.5,4092.6,4092.6,4092.6,4092.6,4092.6,4092.6,4067.7,4092.6,99.8,1168.0,3337.2,2118.0,2914.8,1078.8,1045.0,1791.9,650.7,1498.6,291.1,475.2,654.5,930.2,452.0,682.3,313.3,454.8,1168.0,24.9,35.9,50.7,70.6,25.6,24.5,42.8,15.6,35.6,6.4,10.8,15.1,21.8,9.7,15.8,7.0,11.0,70.6,24.9,28.6,40.5,57.9,80.5,29.5,28.3,49.0,17.4,40.8,7.7,12.6,17.5,25.1,11.4,18.3,8.4,12.1,28.6,41.0,41.0,41.0,41.0,41.0,41.0,41.0,40.8,41.0,0.0,71.6,81.3,94.5,80.3,74.8,56.5,65.8,60.6,59.2,28.4,18.7,5.5,19.7,25.2,43.5,34.2,39.4,40.8,0.0,0.0,0.0,0.0,0.0,0.0,0.0,0.0,0.0,1197.8,12.00,16,16,16,39,55,661,1,70.6,70.2,70.0,65.8,68.2,69.5,67.8,66.3,63.4,64.4,63.5,63.4,61.3,61.7,60.9,53.2,50.9,1.350,1.031,1.350,13.949,11.847,13.946,64.446,40.018,3.885,5.283,6.184,4.590,3.831,2.502,3.285,2.867,2.537,18.863,12.188,31.051,40.151,1197.8,1197.8,4110.3,4113.4,4107.2,4113.4,45.6,23.2,71.6,73.8,60.5,No,No,No,1.521,0.532,5.7,49,95.0,100.0,No,No,91229,99001,32,99.0,No,No,3320,0.0,0.0,0.0,0.000,0.020,11106,8999,0.0,0.0,0.0,0.000,0.000,50,0,48.4,63.1,83.0,0.719,12.137,12.182,12.156,12.072,1129,44.045,16.426,19.449,5.872,34.549,23.721,10.804,0.336,19.449,21.299,14.395,14.391,220.000,240.000,1230.0,1250.2,1080.0,1280.5,1170.0,37.0,11.0,0.0,3.0,30.3,4.7,18.9,0.0,0.0,0.0,33,Yes,No,No,No,No,Yes,No,18.5,21.5,0,0,0,0,0,0,0,0,0,12,0,0,0,0,0,0,0,0,0,0,0,0,0,0,0,0,0,0,0,0,5711,2481,2317,101,8.0,239.8,260.4,221.2,219.1,220.1,218.6,138.9,242.4,80.0,62.0,68.5,59.9,4.17,4.56,3.80,3.62,4.59,4.62,0.32,0.34,4.06,0.11,2.46,0,0,0.0,0.0,196,29,2.1,1.9,0,
5.7.2026,22:35:12.855,18142,27852,39.4,13076,19605,40.0,0.2,13312,23,1.330,1.325,1.331,1.331,1.331,1.331,1.331,1.331,1.331,4102.0,4117.6,4117.6,4117.6,4092.6,4092.6,4092.6,4092.6,4092.6,99.8,1162.5,3379.8,2130.8,2990.8,968.5,1390.4,1463.1,751.5,1422.6,273.9,440.1,713.2,827.9,484.8,633.4,329.0,400.4,1162.5,24.8,35.9,51.2,72.7,23.0,33.2,34.8,17.4,33.9,6.1,10.2,16.6,19.4,10.6,14.8,7.5,9.1,72.7,24.8,28.4,40.9,58.3,82.8,26.4,38.0,39.8,20.0,38.6,7.2,11.8,19.1,22.2,12.3,17.0,8.8,10.6,28.4,41.1,41.2,41.2,41.2,41.0,41.0,41.0,41.0,41.0,0.0,72.1,82.4,94.2,81.8,75.1,56.5,66.1,61.2,59.3,27.9,17.6,5.8,18.2,24.9,43.5,33.9,38.8,40.7,0.0,0.0,0.0,0.0,0.0,0.0,0.0,0.0,0.0,1197.8,12.00,16,16,16,39,55,661,1,70.5,69.9,68.8,65.7,68.5,69.2,67.8,65.9,63.3,64.3,63.4,63.0,61.3,61.6,60.9,53.8,51.2,1.331,1.031,1.344,13.764,11.842,13.769,64.853,39.829,3.841,5.427,6.050,4.589,3.757,2.458,3.215,2.824,2.411,18.568,12.182,30.750,39.860,1197.8,1197.8,4106.9,4109.5,4104.3,4109.5,45.3,22.9,72.1,73.6,60.2,No,No,No,1.498,0.534,5.8,50,95.0,100.0,No,No,91229,99001,32,99.0,No,No,3320,0.0,0.0,0.0,0.000,0.059,11106,8999,0.0,0.0,0.0,0.000,0.000,50,0,48.5,63.8,83.0,0.750,12.136,12.182,12.156,12.069,1130,45.453,16.561,22.092,6.773,37.514,25.224,12.273,0.336,22.092,22.518,2.491,14.296,220.000,240.000,1320.0,1750.2,1170.0,1315.7,1260.0,36.0,8.0,0.0,3.0,30.3,4.7,18.9,0.0,0.0,0.0,33,Yes,No,No,No,No,Yes,No,20.3,22.8,0,0,0,0,0,0,0,0,0,12,0,0,0,0,0,0,0,0,0,0,0,0,0,0,0,0,0,0,0,0,5709,2483,2318,101,8.0,239.7,262.5,221.7,202.8,212.5,198.2,129.3,242.1,59.9,59.8,59.9,59.8,4.17,4.55,3.75,3.44,4.73,5.04,0.31,0.41,4.07,0.10,2.51,0,0,0.0,0.0,196,29,2.2,1.5,0,
5.7.2026,22:35:14.855,18155,27838,39.4,13088,19594,40.0,0.2,13312,23,1.326,1.331,1.325,1.325,1.325,1.325,1.325,1.325,1.325,4114.5,4092.6,4117.6,4117.6,4117.6,4117.6,4117.6,4117.6,4117.6,99.8,1203.2,3455.4,2249.5,2882.4,1094.1,1409.9,1499.4,816.8,1471.3,309.3,483.8,723.7,925.1,507.0,718.5,312.7,392.8,1203.2,25.9,36.8,54.2,70.1,26.2,33.8,35.9,19.4,35.2,7.3,11.5,17.1,22.0,11.4,17.0,7.4,9.1,70.1,25.9,29.4,41.8,61.6,79.7,29.7,38.4,40.8,22.0,39.9,8.2,12.9,19.3,24.8,12.9,19.2,8.3,10.3,29.4,41.2,41.0,41.2,41.2,41.2,41.2,41.2,41.2,41.2,0.0,73.5,84.2,93.8,82.6,76.9,58.5,68.3,63.2,60.1,26.5,15.8,6.2,17.4,23.1,41.5,31.7,36.8,39.9,0.0,0.0,0.0,0.0,0.0,0.0,0.0,0.0,0.0,1197.8,12.00,16,16,16,39,55,661,1,70.2,70.2,70.2,65.9,68.8,69.5,67.9,66.2,63.4,64.4,63.6,62.9,61.3,61.6,60.9,53.8,51.1,1.362,1.031,1.350,14.227,11.864,14.229,66.106,40.379,3.922,5.556,6.063,4.641,3.920,2.520,3.325,2.925,2.427,19.163,12.210,31.372,40.481,1197.8,1197.8,4105.6,4106.9,4104.3,4107.4,46.0,23.7,73.5,73.9,60.9,No,No,No,1.528,0.520,5.9,49,95.0,100.0,No,No,91229,99001,32,99.0,No,No,3320,0.0,0.0,0.0,0.000,0.006,11106,8999,0.0,0.0,0.0,0.000,0.000,50,0,48.5,63.5,83.0,0.744,12.136,12.182,12.156,12.069,1129,44.043,17.166,22.817,7.139,38.280,25.575,12.676,0.336,22.817,22.923,2.708,16.392,220.000,240.000,1305.0,1750.2,1155.0,1286.2,1245.0,39.0,9.0,0.0,3.0,30.4,5.1,20.2,0.0,0.0,0.0,33,Yes,No,No,No,No,Yes,No,20.8,24.9,0,0,0,0,0,0,0,0,0,12,0,0,0,0,0,0,0,0,0,0,0,0,0,0,0,0,0,0,0,0,5701,2491,2326,101,8.0,239.8,263.5,220.5,219.9,219.9,219.9,141.2,243.4,65.7,59.9,59.9,59.9,4.17,4.59,3.73,3.68,4.63,4.65,0.35,0.44,4.07,0.10,2.40,0,0,0.0,0.0,196,29,2.7,2.6,0,
5.7.2026,22:35:16.859,18165,27829,39.4,13094,19587,40.0,0.2,13312,23,1.334,1.331,1.331,1.331,1.331,1.331,1.337,1.337,1.337,4102.0,4092.6,4092.6,4092.6,4092.6,4092.6,4117.6,4117.6,4117.6,99.8,1313.8,3605.4,1866.2,3116.8,984.7,1169.8,1954.6,907.2,1618.9,445.9,609.2,916.8,1100.0,622.4,834.8,446.3,822.3,1313.8,29.4,50.3,44.8,76.0,23.8,28.1,47.2,21.7,39.0,10.9,14.7,22.0,26.5,14.4,20.1,10.8,20.0,76.0,29.4,33.0,56.8,50.6,86.1,26.6,31.6,53.3,24.3,44.0,11.9,16.3,24.6,29.7,16.0,22.4,11.9,22.2,33.0,41.1,41.0,41.0,41.0,41.0,41.0,41.2,41.2,41.2,0.0,78.5,88.0,95.6,86.2,81.5,64.7,74.2,69.4,68.8,21.5,12.0,4.4,13.8,18.5,35.3,25.8,30.6,31.2,0.0,0.0,0.0,0.0,0.0,0.0,0.0,0.0,0.0,1197.8,12.00,16,16,16,39,55,661,1,70.6,70.8,71.2,66.6,69.1,69.4,68.5,66.8,64.4,65.5,64.3,64.6,61.5,61.9,61.2,55.0,50.9,1.350,1.019,1.363,15.178,11.980,15.176,70.693,41.785,4.194,5.747,6.009,4.876,4.139,2.878,3.712,3.191,3.002,20.398,12.333,32.731,41.854,1197.8,1197.8,4095.8,4095.9,4095.7,4095.9,47.6,25.3,78.5,74.5,60.6,No,No,No,1.620,0.525,6.3,49,95.0,100.0,No,No,91229,99001,32,99.0,No,No,3320,0.8,0.7,1.5,0.913,7.513,11108,9013,0.0,0.0,0.0,0.000,0.000,50,0,48.2,62.9,83.0,0.731,12.141,12.188,12.160,12.076,1132,42.223,15.129,19.121,5.765,34.328,23.680,10.622,0.336,19.121,21.299,2.489,14.526,220.000,240.000,1245.0,1250.2,1080.0,1255.9,1170.0,37.0,11.0,0.0,3.0,30.4,4.7,18.8,0.0,0.0,0.0,33,Yes,No,No,No,No,Yes,No,18.4,22.8,0,0,0,0,0,0,0,0,0,12,0,0,0,0,0,0,0,0,0,0,0,0,0,0,0,0,0,0,0,0,5700,2492,2327,101,8.0,239.8,260.4,219.3,216.7,218.0,216.1,136.6,243.1,59.9,59.9,59.9,59.9,4.17,4.59,3.80,3.76,4.63,4.70,0.34,0.46,4.06,0.10,2.61,0,0,0.0,0.0,196,29,5.7,2.8,0,
5.7.2026,22:35:18.865,18160,27834,39.4,13089,19593,40.0,0.2,13312,23,1.338,1.344,1.337,1.337,1.337,1.337,1.337,1.337,1.337,3902.3,4067.7,4092.6,4092.6,4092.6,4092.6,3593.5,3593.5,3593.5,99.8,1094.3,3461.3,1207.3,3114.3,794.5,1183.2,1546.5,1052.8,1123.4,314.1,401.3,727.4,833.7,527.8,612.8,236.8,371.1,1094.3,24.2,57.9,28.4,75.5,18.6,28.0,36.7,24.9,26.4,7.0,9.0,16.9,19.3,11.6,14.1,5.1,8.2,75.5,24.2,27.9,66.0,32.5,86.1,21.6,32.1,42.1,28.6,30.4,8.4,10.7,19.5,22.3,13.5,16.4,6.3,9.8,27.9,39.1,40.8,41.0,41.0,41.0,41.0,36.0,36.0,36.0,0.0,72.0,84.3,93.9,79.6,75.8,56.1,66.9,61.1,57.9,28.0,15.7,6.1,20.4,24.2,43.9,33.1,38.9,42.1,0.0,0.0,0.0,0.0,0.0,0.0,0.0,0.0,0.0,1197.8,12.00,16,16,16,39,55,661,1,70.2,69.8,69.5,65.6,68.6,69.0,67.6,65.9,63.3,64.2,63.5,62.8,61.3,61.6,60.9,52.8,50.6,1.350,1.031,1.344,13.809,11.895,13.814,64.768,39.897,3.823,5.570,5.933,4.410,3.761,2.450,3.237,2.875,2.346,18.641,12.239,30.880,39.990,1197.8,1197.8,4109.6,4112.2,4107.0,4112.2,45.4,23.0,72.0,73.4,60.8,No,No,No,1.498,0.548,5.8,49,95.0,100.0,No,No,91229,99001,32,99.0,No,No,3320,0.0,0.1,0.1,0.032,0.112,11108,9014,0.0,0.0,0.0,0.000,0.000,50,0,48.3,63.4,83.0,0.750,12.135,12.182,12.156,12.068,1128,42.882,16.738,21.796,6.700,37.428,25.295,12.108,0.336,21.796,22.662,5.381,13.879,220.000,240.000,1290.0,1750.2,1140.0,1274.0,1230.0,38.0,9.0,0.0,3.0,30.4,5.0,20.2,0.0,0.0,0.0,33,Yes,No,No,No,No,Yes,No,20.2,23.3,0,0,0,0,0,0,0,0,0,12,0,0,0,0,0,0,0,0,0,0,0,0,0,0,0,0,0,0,0,0,5700,2492,2327,101,8.0,239.7,259.9,223.7,221.4,222.5,221.0,135.2,243.3,60.0,60.0,60.0,60.0,4.17,4.52,3.80,3.72,4.53,4.54,0.45,0.51,4.07,0.10,2.44,0,0,0.0,0.0,196,29,6.0,2.1,0,
5.7.2026,22:35:20.861,18162,27832,39.4,13088,19593,40.0,0.2,13312,23,1.330,1.325,1.331,1.331,1.331,1.331,1.331,1.331,1.331,4092.6,4092.6,4092.6,4092.6,4092.6,4092.6,4092.6,4092.6,4092.6,99.8,1136.9,3512.1,1256.3,3041.7,830.1,1415.0,1486.7,1178.3,1125.8,310.2,433.2,825.7,794.9,572.4,611.2,289.5,506.7,1136.9,25.6,58.0,30.0,74.0,19.4,34.1,35.8,28.4,26.9,6.9,10.6,19.9,19.1,13.3,14.7,7.1,12.3,74.0,25.6,28.9,65.7,33.7,84.0,22.4,38.5,40.3,32.0,30.2,8.2,11.5,22.1,21.2,14.7,16.2,7.7,13.5,28.9,41.0,41.0,41.0,41.0,41.0,41.0,41.0,41.0,41.0,0.0,74.1,85.5,93.4,82.6,77.9,58.9,68.8,63.5,62.6,25.9,14.5,6.6,17.4,22.1,41.1,31.2,36.5,37.4,0.0,0.0,0.0,0.0,0.0,0.0,0.0,0.0,0.0,1197.8,12.00,16,16,16,39,55,661,1,70.1,69.8,70.0,65.8,68.7,68.8,67.9,66.1,63.4,64.4,63.6,63.1,61.3,61.7,60.9,52.8,50.4,1.350,1.025,1.350,14.091,11.898,14.087,66.724,40.255,3.900,5.605,5.837,4.623,3.921,2.487,3.335,2.913,2.476,18.986,12.243,31.229,40.332,1197.8,1197.8,4106.5,4107.1,4105.8,4107.4,45.8,23.5,74.1,73.4,60.6,No,No,No,1.530,0.546,5.9,50,95.0,100.0,No,No,91229,99001,32,99.0,No,No,3320,0.1,0.1,0.2,0.150,0.314,11108,9014,0.0,0.0,0.0,0.000,0.000,50,0,48.3,63.1,83.0,0.731,12.142,12.190,12.161,12.076,1128,44.169,16.151,20.258,6.290,35.195,23.922,11.254,0.336,20.258,21.554,6.685,15.759,220.000,240.000,1245.0,1250.2,1080.0,1267.3,1170.0,39.0,12.0,0.0,4.0,30.4,4.8,19.2,0.0,0.0,0.0,33,Yes,No,No,No,No,Yes,No,19.1,21.9,0,0,0,0,0,0,0,0,0,12,0,0,0,0,0,0,0,0,0,0,0,0,0,0,0,0,0,0,0,0,5700,2492,2327,100,8.0,239.8,263.4,219.1,204.0,211.0,201.1,135.8,329.8,64.9,59.9,59.9,59.9,4.17,4.63,3.75,3.46,4.77,4.95,0.31,0.42,4.07,0.10,2.75,0,0,0.0,0.0,196,29,2.2,2.1,0,
5.7.2026,22:35:22.867,18159,27835,39.4,13089,19593,40.0,0.2,13312,23,1.330,1.319,1.331,1.331,1.331,1.331,1.331,1.331,1.331,4114.5,4092.6,4117.6,4117.6,4117.6,4117.6,4117.6,4117.6,4117.6,99.8,1090.1,3444.5,1221.2,3180.2,729.9,1715.9,1010.4,1232.4,902.1,355.1,377.6,857.0,683.5,551.9,520.6,325.2,334.3,1090.1,24.2,56.5,28.8,77.2,17.7,41.2,23.6,29.3,21.1,8.8,8.6,20.0,15.8,12.2,11.9,7.4,7.4,77.2,24.2,27.7,64.3,32.9,88.0,19.7,46.9,27.1,33.5,24.2,9.5,10.0,23.0,18.2,14.2,13.8,8.7,8.7,27.7,41.2,41.0,41.2,41.2,41.2,41.2,41.2,41.2,41.2,0.0,71.5,84.0,94.4,79.5,74.6,56.4,65.7,60.3,57.2,28.5,16.0,5.6,20.5,25.4,43.6,34.3,39.7,42.8,0.0,0.0,0.0,0.0,0.0,0.0,0.0,0.0,0.0,1197.8,12.00,16,16,16,39,55,661,1,70.0,69.7,68.8,65.5,68.4,69.0,67.3,65.7,63.3,64.1,63.5,62.8,61.2,61.5,60.8,52.5,51.0,1.344,1.025,1.356,13.810,11.918,13.811,64.338,39.916,3.806,5.495,5.964,4.392,3.722,2.449,3.232,2.822,2.370,18.639,12.263,30.902,40.004,1197.8,1197.8,4108.6,4112.0,4105.3,4112.8,45.5,23.0,71.5,73.3,61.0,No,No,No,1.524,0.524,5.7,49,95.0,100.0,No,No,91229,99001,32,99.0,No,No,3320,0.1,0.0,0.1,0.112,0.038,11108,9014,0.0,0.0,0.0,0.000,0.000,50,0,48.4,63.3,83.0,0.750,12.138,12.185,12.157,12.071,1130,44.069,16.630,21.541,6.677,37.420,25.422,11.967,0.336,21.541,22.880,2.586,15.927,220.000,240.000,1290.0,1750.2,1140.0,1284.8,1230.0,37.0,9.0,0.0,3.0,30.4,4.8,19.2,0.0,0.0,0.0,33,Yes,No,No,No,No,Yes,No,20.7,25.3,0,0,0,0,0,0,0,0,0,12,0,0,0,0,0,0,0,0,0,0,0,0,0,0,0,0,0,0,0,0,5700,2492,2327,100,8.0,239.8,268.6,216.8,211.4,213.0,210.9,134.9,242.5,59.9,59.9,59.9,59.9,4.17,4.65,3.69,3.60,4.75,4.81,0.30,0.55,4.07,0.10,2.78,0,0,0.0,0.0,196,29,3.4,3.1,0,
5.7.2026,22:35:24.859,18173,27821,39.5,13099,19582,40.0,0.2,13312,23,1.332,1.337,1.331,1.331,1.331,1.331,1.331,1.331,1.331,4089.5,4092.6,4092.6,4092.6,4092.6,4092.6,4092.6,4092.6,4067.7,99.8,1126.0,3491.0,1266.7,3017.5,859.5,1867.7,1006.3,1343.4,946.7,359.2,347.9,940.8,699.4,678.2,521.0,309.3,360.7,1126.0,25.3,57.4,30.0,73.3,20.5,45.0,23.8,32.2,22.4,8.6,8.2,22.4,16.5,15.6,12.2,7.4,8.6,73.3,25.3,28.6,65.2,34.0,83.4,23.2,51.0,27.0,36.5,25.3,9.6,9.1,25.3,18.6,17.6,13.8,8.2,9.6,28.6,41.0,41.0,41.0,41.0,41.0,41.0,41.0,41.0,40.8,0.0,73.5,85.0,93.5,82.3,77.8,58.5,68.5,65.0,57.1,26.5,15.0,6.5,17.7,22.2,41.5,31.5,35.0,42.9,0.0,0.0,0.0,0.0,0.0,0.0,0.0,0.0,0.0,1197.8,12.00,16,16,16,39,55,661,1,70.0,69.8,67.8,65.7,68.4,68.9,67.9,66.2,63.4,64.4,63.5,63.0,61.2,61.6,60.9,54.0,50.8,1.344,1.025,1.350,14.148,11.902,14.145,66.115,40.328,3.884,5.494,5.892,4.634,3.920,2.458,3.338,2.937,2.399,19.075,12.247,31.322,40.417,1197.8,1197.8,4107.2,4108.8,4105.6,4108.8,45.9,23.6,73.5,73.5,61.2,No,No,No,1.485,0.474,5.9,49,95.0,100.0,No,No,91229,99001,32,99.0,No,No,3320,0.0,0.0,0.0,0.000,0.024,11108,9014,0.0,0.0,0.0,0.000,0.000,50,0,48.2,63.2,83.0,0.738,12.135,12.180,12.156,12.071,1132,41.582,15.828,21.125,6.650,35.907,24.155,11.736,0.336,21.125,21.760,2.553,12.930,220.000,240.000,1260.0,1250.2,1095.0,1250.8,1185.0,37.0,12.0,0.0,2.0,30.5,4.9,19.6,0.0,0.0,0.0,33,Yes,No,No,No,No,Yes,No,19.5,23.1,0,0,0,0,0,0,0,0,0,12,0,0,0,0,0,0,0,0,0,0,0,0,0,0,0,0,0,0,0,0,5695,2497,2332,100,8.0,239.7,260.7,222.4,217.8,219.6,217.1,133.3,242.9,79.8,61.9,68.4,59.9,4.17,4.54,3.78,3.73,4.58,4.61,0.39,0.47,4.07,0.10,2.14,0,0,0.0,0.0,196,29,2.4,2.0,0,
5.7.2026,22:35:26.867,18181,27813,39.5,13106,19575,40.1,0.2,13312,23,1.338,1.337,1.337,1.337,1.337,1.337,1.337,1.337,1.337,4114.5,4092.6,4117.6,4117.6,4117.6,4117.6,4117.6,4117.6,4117.6,99.8,1197.0,3550.4,1309.7,3061.2,892.8,1435.7,1587.1,1292.3,1102.0,365.5,519.7,980.9,817.4,619.7,646.6,349.4,621.9,1197.0,26.7,58.5,30.7,74.3,21.0,34.2,37.7,30.7,25.8,8.3,12.0,23.0,19.0,13.8,14.9,7.9,14.6,74.3,26.7,30.5,66.6,35.2,84.6,24.2,39.1,43.1,35.1,29.6,9.7,13.9,26.4,21.8,16.0,17.2,9.3,16.9,30.5,41.2,41.0,41.2,41.2,41.2,41.2,41.2,41.2,41.2,0.0,76.1,86.5,93.8,84.8,79.6,62.6,71.8,67.7,61.8,23.9,13.5,6.2,15.2,20.4,37.4,28.2,32.3,38.2,0.0,0.0,0.0,0.0,0.0,0.0,0.0,0.0,0.0,1197.8,12.00,16,16,16,39,55,661,1,70.0,69.9,69.8,66.0,68.8,68.9,68.2,66.3,63.8,64.6,63.9,63.4,61.3,61.7,61.0,53.8,50.8,1.350,1.025,1.356,14.386,11.938,14.388,68.466,40.699,3.987,5.596,5.832,4.792,4.000,2.647,3.427,3.029,2.571,19.380,12.284,31.664,40.781,1197.8,1197.8,4104.0,4104.3,4103.8,4104.3,46.3,24.0,76.1,73.6,60.6,No,No,No,1.555,0.523,6.1,50,95.0,100.0,No,No,91229,99001,32,99.0,No,No,3320,0.0,0.0,0.0,0.008,0.063,11108,9014,0.0,0.0,0.0,0.000,0.000,50,0,48.5,63.4,83.0,0.769,12.138,12.185,12.158,12.071,1132,42.875,16.882,23.088,7.055,37.763,24.914,12.826,0.336,23.088,22.061,2.649,15.037,220.000,240.000,1350.0,1750.2,1185.0,1272.0,1275.0,42.0,13.0,0.0,4.0,30.5,5.2,20.8,0.0,0.0,0.0,33,Yes,No,No,No,No,Yes,No,20.5,25.8,0,0,0,0,0,0,0,0,0,12,0,0,0,0,0,0,0,0,0,0,0,0,0,0,0,0,0,0,0,0,5693,2499,2334,100,8.0,239.7,259.7,222.2,212.6,216.2,212.0,137.5,242.9,79.9,79.9,79.9,79.9,4.17,4.55,3.79,3.66,4.64,4.72,0.44,0.39,4.07,0.10,2.92,0,0,0.0,0.0,196,29,4.4,3.0,0,
5.7.2026,22:35:28.858,18182,27812,39.5,13107,19575,40.1,0.2,13312,23,1.348,1.331,1.350,1.350,1.350,1.350,1.350,1.350,1.350,4023.4,4092.6,4117.6,4117.6,4117.6,3314.0,4142.5,4142.5,4142.5,99.8,1113.4,3459.3,1397.8,3057.9,859.3,1258.5,1548.7,1109.4,1104.3,314.0,386.8,760.0,829.4,580.0,551.9,225.9,370.3,1113.4,25.0,53.3,33.6,74.4,20.9,30.4,37.4,26.8,26.5,7.8,9.5,18.3,20.0,13.5,13.3,5.7,9.2,74.4,25.0,28.1,60.3,37.8,84.5,23.4,34.2,42.2,30.1,29.8,8.3,10.3,20.3,22.2,14.9,14.7,5.9,9.9,28.1,40.3,41.0,41.2,41.2,41.2,33.2,41.5,41.5,41.5,0.0,72.6,84.3,94.0,80.8,76.4,57.8,67.9,63.7,55.5,27.4,15.7,6.0,19.2,23.6,42.2,32.1,36.3,44.5,0.0,0.0,0.0,0.0,0.0,0.0,0.0,0.0,0.0,1197.8,12.00,16,16,16,39,55,661,1,70.0,69.8,67.8,65.7,68.4,69.1,67.7,66.1,63.4,64.3,63.6,62.8,61.3,61.7,60.9,54.2,50.6,1.356,1.031,1.363,13.889,11.884,13.897,65.278,40.070,3.842,5.473,5.990,4.510,3.842,2.447,3.291,2.886,2.295,18.726,12.228,30.954,40.072,1197.8,1197.8,4106.7,4108.5,4104.8,4109.7,45.5,23.2,72.5,73.4,60.7,No,No,No,1.515,0.565,5.8,49,95.0,100.0,No,No,91229,99001,32,99.0,No,No,3320,0.0,0.1,0.1,0.000,0.201,11108,9015,0.0,0.0,0.0,0.000,0.000,50,0,48.5,63.4,83.0,0.750,12.138,12.185,12.158,12.072,1129,46.857,16.519,21.600,6.604,37.167,25.146,12.000,0.336,21.600,22.494,2.531,15.715,220.000,240.000,1290.0,1750.2,1140.0,1337.4,1230.0,38.0,9.0,0.0,3.0,30.5,4.7,18.8,0.0,0.0,0.0,33,Yes,No,No,No,No,Yes,No,20.0,24.5,0,0,0,0,0,0,0,0,0,12,0,0,0,0,0,0,0,0,0,0,0,0,0,0,0,0,0,0,0,0,5691,2501,2336,100,8.0,239.8,257.8,220.1,217.7,218.8,217.2,141.3,242.0,65.5,59.9,59.9,59.9,4.17,4.60,3.83,3.76,4.62,4.65,0.31,0.50,4.07,0.10,2.51,0,0,0.0,0.0,196,29,5.5,6.0,0,
5.7.2026,22:35:30.855,18188,27806,39.5,13109,19573,40.1,0.2,13312,23,1.333,1.337,1.337,1.331,1.331,1.331,1.331,1.331,1.331,4092.6,4092.6,4092.6,4092.6,4092.6,4092.6,4092.6,4092.6,4092.6,99.8,1172.9,3443.9,2238.0,3150.5,770.2,1225.5,1504.5,1149.1,1146.9,322.1,416.4,845.4,781.6,583.9,557.4,302.1,329.5,1172.9,25.3,36.8,54.1,76.6,18.5,29.4,36.1,27.7,27.5,7.0,10.0,20.2,18.6,13.5,13.3,7.3,8.0,76.6,25.3,28.6,41.6,61.4,87.2,20.9,33.3,40.9,31.2,31.0,8.6,11.1,22.7,20.9,15.1,14.8,8.1,8.8,28.6,41.0,41.0,41.0,41.0,41.0,41.0,41.0,41.0,41.0,0.0,71.8,83.9,94.1,80.0,76.4,56.4,66.8,62.8,54.3,28.2,16.1,5.9,20.0,23.6,43.6,33.2,37.2,45.7,0.0,0.0,0.0,0.0,0.0,0.0,0.0,0.0,0.0,1197.8,12.00,16,16,16,39,55,661,1,70.0,70.0,69.8,65.7,68.6,69.2,67.6,66.2,63.3,64.4,63.5,62.8,61.2,61.6,60.9,51.5,50.0,1.350,1.025,1.356,13.928,11.890,13.920,64.659,40.009,3.879,5.588,5.978,4.477,3.954,2.455,3.351,2.877,2.349,18.828,12.236,31.064,40.160,1197.8,1197.8,4112.3,4114.8,4109.7,4114.8,45.6,23.2,71.8,73.7,60.5,No,No,No,1.533,0.578,5.7,49,95.0,100.0,No,No,91229,99001,32,99.0,No,No,3320,0.0,0.0,0.0,0.010,0.055,11108,9015,0.0,0.0,0.0,0.000,0.000,50,0,48.6,63.8,83.0,0.762,12.135,12.180,12.155,12.069,1130,46.352,17.470,23.626,7.430,38.556,25.404,13.126,0.336,23.626,22.681,2.692,17.221,220.000,240.000,1335.0,1750.2,1170.0,1332.3,1260.0,36.0,9.0,0.0,3.0,30.5,4.8,19.3,0.0,0.0,0.0,33,Yes,No,No,No,No,Yes,No,21.1,24.6,0,0,0,0,0,0,0,0,0,12,0,0,0,0,0,0,0,0,0,0,0,0,0,0,0,0,0,0,0,0,5691,2501,2336,100,8.0,239.8,258.9,223.2,220.3,221.6,219.8,138.9,243.2,65.5,59.9,60.0,59.9,4.17,4.55,3.85,3.75,4.58,4.60,0.32,0.47,4.07,0.10,2.61,0,0,0.0,0.0,196,29,4.0,2.3,0,
5.7.2026,22:35:32.858,18186,27808,39.5,13108,19573,40.1,0.2,13312,23,1.334,1.344,1.331,1.331,1.331,1.325,1.325,1.344,1.344,4092.6,4092.6,4092.6,4092.6,4092.6,4092.6,4092.6,4092.6,4092.6,99.8,1215.7,3511.8,2165.1,2953.5,930.5,1801.0,1150.4,1261.6,1018.9,361.9,379.2,903.8,790.5,643.6,598.6,440.0,541.3,1215.7,26.0,40.0,51.9,71.7,21.9,43.2,27.0,29.7,23.8,8.7,8.4,21.0,18.1,14.3,13.6,10.0,12.5,71.7,26.0,29.9,45.7,59.2,81.6,25.3,49.3,31.1,34.1,27.4,9.5,10.1,24.3,21.0,16.7,16.0,11.8,14.7,29.9,41.0,41.0,41.0,41.0,41.0,41.0,41.0,41.0,41.0,0.0,74.7,85.7,94.0,83.8,78.4,59.3,70.1,67.0,59.5,25.3,14.3,6.0,16.2,21.6,40.7,29.9,33.0,40.5,0.0,0.0,0.0,0.0,0.0,0.0,0.0,0.0,0.0,1197.8,12.00,16,16,16,39,55,661,1,70.2,70.7,72.5,66.1,68.9,69.0,68.2,66.2,63.7,64.8,64.0,64.1,61.4,61.7,61.0,54.5,51.1,1.350,1.031,1.363,14.531,11.888,14.531,67.257,40.809,3.997,5.636,5.839,4.716,3.897,2.540,3.429,3.075,2.841,19.558,12.235,31.793,40.901,1197.8,1197.8,4099.8,4100.7,4098.8,4100.7,46.5,24.2,74.7,74.4,61.0,No,No,No,1.518,0.544,6.0,49,95.0,100.0,No,No,91229,99001,32,99.0,No,No,3320,0.0,0.1,0.1,0.016,0.181,11108,9015,0.0,0.0,0.0,0.000,0.000,50,0,48.2,63.0,83.0,0.744,12.137,12.182,12.157,12.072,1132,42.450,15.843,21.124,6.529,35.668,23.915,11.735,0.336,21.124,21.398,2.467,14.136,220.000,240.000,1275.0,1250.2,1125.0,1255.4,1215.0,39.0,13.0,0.0,3.0,30.5,5.2,20.7,0.0,0.0,0.0,33,Yes,No,No,No,No,Yes,No,19.3,23.4,0,0,0,0,0,0,0,0,0,12,0,0,0,0,0,0,0,0,0,0,0,0,0,0,0,0,0,0,0,0,5691,2501,2336,100,8.0,239.7,260.9,220.3,217.0,218.6,216.2,142.6,244.2,79.6,62.1,68.4,60.0,4.17,4.59,3.76,3.72,4.64,4.70,0.45,0.47,4.07,0.10,2.46,0,0,0.0,0.0,196,29,9.9,5.2,0,
5.7.2026,22:35:34.854,18187,27806,39.5,13107,19574,40.1,0.2,13312,23,1.338,1.337,1.337,1.337,1.337,1.337,1.337,1.337,1.337,4117.6,4117.6,4117.6,4117.6,4117.6,4117.6,4117.6,4117.6,4117.6,99.8,1180.2,3475.5,2178.1,3102.2,843.6,1416.9,1454.5,906.0,1409.0,317.0,417.2,800.3,853.3,547.9,624.2,260.1,278.0,1180.2,25.3,39.7,52.3,75.3,20.0,33.8,34.7,21.3,33.6,7.3,9.7,18.7,20.2,12.1,14.5,5.9,6.3,75.3,25.3,28.9,45.2,59.5,85.7,22.9,38.5,39.5,24.4,38.3,8.5,11.1,21.4,23.1,14.0,16.7,6.9,7.4,28.9,41.2,41.2,41.2,41.2,41.2,41.2,41.2,41.2,41.2,0.0,73.6,84.7,94.3,82.6,78.2,58.5,69.3,65.5,55.4,26.4,15.3,5.7,17.4,21.8,41.5,30.7,34.5,44.6,0.0,0.0,0.0,0.0,0.0,0.0,0.0,0.0,0.0,1197.8,12.00,16,16,16,39,55,661,1,70.2,70.0,70.0,65.8,68.6,69.2,67.9,66.4,63.4,64.3,63.6,62.8,61.3,61.6,60.9,53.2,50.8,1.344,1.025,1.350,14.054,11.899,14.054,66.202,40.206,3.891,5.543,5.990,4.594,3.979,2.487,3.345,2.925,2.265,18.934,12.245,31.179,40.285,1197.8,1197.8,4105.9,4107.4,4104.3,4107.4,45.8,23.4,73.6,73.7,60.6,No,No,No,1.518,0.538,5.9,49,95.0,100.0,No,No,91229,99001,32,99.0,No,No,3320,0.0,0.2,0.2,0.016,0.382,11108,9016,0.0,0.0,0.0,0.000,0.000,50,0,48.5,63.5,83.0,0.750,12.139,12.186,12.158,12.072,1128,44.641,16.985,22.408,6.946,37.764,25.290,12.448,0.336,22.408,22.621,2.464,17.165,220.000,240.000,1290.0,1750.2,1140.0,1283.6,1230.0,37.0,9.0,0.0,3.0,30.5,4.9,19.6,0.0,0.0,0.0,33,Yes,No,No,No,No,Yes,No,20.5,23.1,0,0,0,0,0,0,0,0,0,12,0,0,0,0,0,0,0,0,0,0,0,0,0,0,0,0,0,0,0,0,5691,2501,2336,100,8.0,239.7,260.0,220.9,219.4,219.7,219.2,135.1,241.9,79.9,79.8,79.8,79.8,4.17,4.56,3.79,3.76,4.63,4.69,0.31,0.31,4.07,0.10,2.56,0,0,0.0,0.0,196,29,5.2,2.9,0,
5.7.2026,22:35:36.868,18194,27800,39.5,13114,19567,40.1,0.2,13312,23,1.327,1.331,1.331,1.331,1.325,1.325,1.325,1.325,1.325,4114.5,4092.6,4117.6,4117.6,4117.6,4117.6,4117.6,4117.6,4117.6,99.8,1252.9,3552.4,2288.7,3013.3,935.4,1038.1,2064.7,768.0,1621.3,320.6,479.7,735.8,1018.9,560.4,735.5,381.5,532.2,1252.9,27.2,39.3,55.3,73.3,22.5,24.8,49.7,18.1,39.0,7.6,11.5,17.4,24.3,12.8,17.5,9.2,12.8,73.3,27.2,30.7,44.5,62.8,83.3,25.4,28.0,56.4,20.4,44.2,8.4,12.8,19.6,27.4,14.3,19.7,10.2,14.4,30.7,41.2,41.0,41.2,41.2,41.2,41.2,41.2,41.2,41.2,0.0,75.6,86.6,94.2,85.0,79.0,61.0,70.8,67.6,60.7,24.4,13.4,5.8,15.0,21.0,39.0,29.2,32.4,39.3,0.0,0.0,0.0,0.0,0.0,0.0,0.0,0.0,0.0,1197.8,12.00,16,16,16,39,55,661,1,70.4,70.3,69.8,66.1,69.2,69.0,68.5,66.4,63.6,64.7,63.9,63.3,61.4,61.8,61.0,54.2,50.8,1.350,1.038,1.356,14.751,11.918,14.753,68.035,41.152,4.011,5.784,5.865,4.863,4.030,2.547,3.463,3.031,2.506,19.869,12.267,32.136,41.261,1197.8,1197.8,4104.0,4104.9,4103.1,4104.9,46.9,24.6,75.6,74.0,61.7,No,No,No,1.655,0.550,6.0,49,95.0,100.0,No,No,91229,99001,32,99.0,No,No,3320,0.4,0.7,1.1,0.244,7.222,11109,9030,0.0,0.0,0.0,0.000,0.000,50,0,48.2,63.2,83.0,0.744,12.137,12.182,12.157,12.073,1130,42.469,15.875,20.677,6.335,35.462,23.952,11.487,0.336,20.677,21.437,2.490,15.900,220.000,240.000,1275.0,1250.2,1125.0,1260.0,1215.0,38.0,12.0,0.0,3.0,30.5,4.8,19.0,0.0,0.0,0.0,33,Yes,No,No,No,No,Yes,No,19.1,21.3,0,0,0,0,0,0,0,0,0,12,0,0,0,0,0,0,0,0,0,0,0,0,0,0,0,0,0,0,0,0,5691,2501,2336,100,8.0,239.8,261.8,221.5,217.7,219.0,217.2,136.0,242.1,79.8,62.0,68.5,60.0,4.17,4.60,3.75,3.71,4.63,4.65,0.38,0.44,4.07,0.10,2.53,0,0,0.0,0.0,196,29,2.0,1.3,0,
5.7.2026,22:35:38.865,18184,27809,39.5,13111,19571,40.1,0.2,13312,23,1.336,1.344,1.344,1.344,1.331,1.331,1.331,1.331,1.331,4092.6,4092.6,4092.6,4092.6,4092.6,4092.6,4092.6,4092.6,4092.6,99.8,1163.2,3472.5,2207.7,3046.6,796.6,836.8,1992.6,692.3,1535.5,276.2,397.4,677.2,959.1,474.8,646.9,244.5,354.3,1163.2,25.1,39.2,53.3,73.9,19.2,19.8,48.2,16.3,36.9,6.5,9.5,16.0,22.9,10.7,15.4,5.8,8.5,73.9,25.1,28.5,44.5,60.5,84.2,21.7,22.4,54.7,18.4,41.9,7.3,10.6,18.0,26.0,12.0,17.4,6.5,9.5,28.5,41.0,41.0,41.0,41.0,41.0,41.0,41.0,41.0,41.0,0.0,72.4,84.6,93.3,81.4,76.6,57.3,67.6,63.9,54.6,27.6,15.4,6.7,18.6,23.4,42.7,32.4,36.1,45.4,0.0,0.0,0.0,0.0,0.0,0.0,0.0,0.0,0.0,1197.8,12.00,16,16,16,39,55,661,1,70.1,69.7,69.5,65.5,68.6,68.7,67.7,66.0,63.2,64.1,63.3,62.7,61.2,61.5,60.8,54.2,50.9,1.344,1.031,1.350,13.899,11.858,13.896,65.177,39.973,3.838,5.613,5.860,4.536,3.876,2.418,3.259,2.860,2.278,18.742,12.200,30.943,40.042,1197.8,1197.8,4108.9,4110.4,4107.5,4110.8,45.5,23.2,72.4,73.3,60.8,No,No,No,1.521,0.550,5.8,50,95.0,100.0,No,No,91229,99001,32,99.0,No,No,3320,0.0,0.1,0.1,0.008,0.219,11109,9030,0.0,0.0,0.0,0.000,0.000,50,0,48.3,63.0,83.0,0.750,12.134,12.179,12.154,12.068,1129,41.618,16.811,22.162,6.906,37.738,25.403,12.312,0.336,22.162,22.802,3.681,14.611,220.000,240.000,1290.0,1750.2,1140.0,1242.8,1230.0,41.0,12.0,0.0,3.0,30.5,5.0,20.1,0.0,0.0,0.0,33,Yes,No,No,No,No,Yes,No,20.4,23.2,0,0,0,0,0,0,0,0,0,12,0,0,0,0,0,0,0,0,0,0,0,0,0,0,0,0,0,0,0,0,5691,2501,2336,100,8.0,239.8,264.4,222.0,211.9,216.2,210.3,139.9,245.0,79.9,79.3,79.6,79.2,4.17,4.54,3.75,3.70,4.64,4.80,0.44,0.42,4.07,0.10,2.71,0,0,0.0,0.0,196,29,2.1,2.2,0,
5.7.2026,22:35:40.861,18177,27817,39.5,13104,19578,40.0,0.2,13312,23,1.332,1.337,1.331,1.331,1.331,1.331,1.331,1.331,1.331,4095.7,4117.6,4092.6,4092.6,4092.6,4092.6,4092.6,4092.6,4092.6,99.8,1210.2,3557.3,1901.3,3155.6,811.9,1107.6,1942.0,845.0,1517.8,333.5,480.2,803.3,896.7,610.3,662.0,279.4,459.6,1210.2,26.5,47.0,45.7,76.7,19.4,26.2,46.8,19.9,36.4,7.8,11.4,18.9,21.2,13.9,15.7,6.6,11.0,76.7,26.5,30.1,53.3,51.8,87.3,22.0,29.7,53.2,22.6,41.3,8.8,12.9,21.4,24.0,15.6,17.7,7.3,12.4,30.1,41.0,41.2,41.0,41.0,41.0,41.0,41.0,41.0,41.0,0.0,75.6,86.7,94.8,84.5,78.9,61.7,71.0,68.1,59.1,24.4,13.3,5.2,15.5,21.1,38.3,29.0,31.9,40.9,0.0,0.0,0.0,0.0,0.0,0.0,0.0,0.0,0.0,1197.8,12.00,16,16,16,39,55,661,1,70.1,70.1,69.2,66.0,68.7,69.2,68.3,66.3,63.7,64.5,63.8,63.1,61.3,61.7,61.0,53.8,50.4,1.356,1.031,1.356,14.479,11.924,14.476,68.025,40.829,3.979,5.571,5.943,4.830,4.023,2.578,3.434,3.031,2.420,19.516,12.271,31.787,40.899,1197.8,1197.8,4106.0,4106.4,4105.6,4106.4,46.5,24.1,75.6,73.8,61.1,No,No,No,1.581,0.568,6.0,49,95.0,100.0,No,No,91229,99001,32,99.0,No,No,3320,0.0,0.1,0.1,0.000,0.126,11109,9031,0.0,0.0,0.0,0.000,0.000,50,0,48.1,62.7,83.0,0.731,12.138,12.184,12.158,12.073,1133,44.285,15.708,20.105,6.177,35.210,24.025,11.169,0.336,20.105,21.616,2.281,16.051,220.000,240.000,1230.0,1250.2,1080.0,1279.3,1170.0,38.0,12.0,0.0,4.0,30.5,4.7,18.7,0.0,0.0,0.0,33,Yes,No,No,No,No,Yes,No,18.7,22.3,0,0,0,0,0,0,0,0,0,12,0,0,0,0,0,0,0,0,0,0,0,0,0,0,0,0,0,0,0,0,5691,2501,2336,100,8.0,239.7,262.9,219.5,206.6,213.3,203.3,125.6,243.1,59.9,59.8,59.8,59.8,4.17,4.61,3.75,3.59,4.75,4.97,0.32,0.40,4.07,0.10,2.42,0,0,0.0,0.0,196,29,2.9,2.4,0,
5.7.2026,22:35:42.858,18186,27808,39.5,13107,19574,40.1,0.2,13312,23,1.333,1.331,1.344,1.344,1.344,1.325,1.325,1.325,1.325,4105.1,4092.6,4092.6,4092.6,4092.6,4117.6,4117.6,4117.6,4117.6,99.8,1152.3,3488.5,1325.0,3137.3,809.8,1756.1,1223.2,1161.6,1258.5,330.1,416.7,800.0,807.9,614.8,584.1,332.0,391.8,1152.3,25.3,54.1,31.2,76.1,18.9,41.8,28.8,27.2,29.6,7.3,9.3,18.4,18.6,13.5,13.3,7.4,8.8,76.1,25.3,29.1,61.8,35.8,86.7,21.9,47.8,33.1,31.3,34.1,8.7,11.1,21.3,21.6,15.8,15.5,8.9,10.5,29.1,41.1,41.0,41.0,41.0,41.0,41.2,41.2,41.2,41.2,0.0,74.5,84.9,94.2,83.8,79.2,59.7,70.0,66.7,57.8,25.5,15.1,5.8,16.2,20.8,40.3,30.0,33.3,42.2,0.0,0.0,0.0,0.0,0.0,0.0,0.0,0.0,0.0,1197.8,12.00,16,16,16,39,55,661,1,70.0,69.7,69.5,65.7,68.2,69.0,67.8,66.4,63.3,64.2,63.6,62.9,61.2,61.6,60.8,54.0,50.2,1.344,1.038,1.356,14.228,11.901,14.235,67.079,40.445,3.907,5.317,5.961,4.737,4.051,2.504,3.318,2.965,2.400,19.173,12.245,31.417,40.533,1197.8,1197.8,4107.5,4107.8,4107.3,4107.8,46.1,23.7,74.5,73.4,61.2,No,No,No,1.509,0.522,6.0,49,95.0,100.0,No,No,91229,99001,32,99.0,No,No,3320,0.0,0.0,0.0,0.000,0.026,11109,9031,0.0,0.0,0.0,0.000,0.000,50,0,48.3,63.4,83.0,0.750,12.133,12.179,12.153,12.067,1129,41.838,17.067,23.327,7.283,38.539,25.546,12.959,0.336,23.327,22.809,2.503,14.039,220.000,240.000,1305.0,1750.2,1140.0,1236.9,1230.0,39.0,10.0,0.0,3.0,30.6,5.3,21.2,0.0,0.0,0.0,33,Yes,No,No,No,No,Yes,No,20.7,25.8,0,0,0,0,0,0,0,0,0,12,0,0,0,0,0,0,0,0,0,0,0,0,0,0,0,0,0,0,0,0,5686,2506,2341,100,8.0,239.6,259.3,220.8,215.4,217.1,215.3,141.6,243.1,79.8,62.0,68.4,59.9,4.17,4.61,3.80,3.74,4.65,4.65,0.43,0.36,4.07,0.11,2.55,0,0,0.0,0.0,196,29,2.3,1.6,0,
5.7.2026,22:35:44.855,18205,27789,39.5,13124,19558,40.1,0.2,13312,23,1.322,1.344,1.319,1.319,1.319,1.319,1.319,1.319,1.319,4114.5,4117.6,4117.6,4117.6,4117.6,4117.6,4117.6,4117.6,4092.6,99.8,1138.6,3473.4,1253.9,3200.9,774.1,1612.8,1237.1,1081.6,1199.9,354.5,379.2,870.9,756.0,627.1,619.7,368.3,408.9,1138.6,25.9,55.9,30.3,77.9,19.0,39.0,30.0,26.2,29.0,8.9,9.6,20.4,18.3,14.8,15.1,9.3,10.3,77.9,25.9,28.9,63.2,33.9,88.5,21.0,43.9,33.5,29.2,32.5,9.4,10.1,23.3,20.2,16.2,16.6,9.9,11.0,28.9,41.2,41.2,41.2,41.2,41.2,41.2,41.2,41.2,41.0,0.0,73.7,84.6,94.9,81.9,77.4,59.3,68.8,65.1,57.4,26.3,15.4,5.1,18.1,22.6,40.7,31.2,34.9,42.6,0.0,0.0,0.0,0.0,0.0,0.0,0.0,0.0,0.0,1197.8,12.00,16,16,16,39,55,661,1,78.5,69.8,72.0,65.7,68.5,69.1,67.6,66.1,63.3,64.4,63.6,62.9,61.2,61.6,60.9,53.2,50.4,1.337,1.025,1.350,14.187,11.902,14.182,66.314,40.383,3.874,5.425,5.991,4.591,3.881,2.466,3.306,2.947,2.382,19.127,12.246,31.374,40.467,1197.8,1197.8,4107.6,4109.1,4106.2,4109.1,46.0,23.6,73.7,73.5,61.5,No,No,No,1.499,0.480,5.9,49,95.0,100.0,No,No,91229,99001,32,99.0,No,No,3320,0.0,0.2,0.2,0.016,0.331,11109,9031,0.0,0.0,0.0,0.000,0.000,50,0,48.3,63.2,83.0,0.750,12.136,12.183,12.155,12.069,1129,44.930,17.065,22.558,7.091,37.974,25.406,12.532,0.336,22.558,22.827,2.428,16.946,220.000,240.000,1305.0,1750.2,1140.0,1289.6,1230.0,38.0,9.0,0.0,4.0,30.6,4.9,19.7,0.0,0.0,0.0,33,Yes,No,No,No,No,Yes,No,20.6,25.3,0,0,0,0,0,0,0,0,0,12,0,0,0,0,0,0,0,0,0,0,0,0,0,0,0,0,0,0,0,0,5686,2506,2341,100,8.0,239.7,258.4,219.5,215.1,217.0,214.3,146.3,242.0,80.0,62.2,68.6,60.0,4.17,4.62,3.82,3.79,4.67,4.76,0.32,0.41,4.07,0.11,2.59,0,0,0.0,0.0,197,29,3.2,2.5,0,
5.7.2026,22:35:46.864,18207,27787,39.5,13125,19557,40.1,0.2,13312,23,1.332,1.337,1.331,1.331,1.331,1.331,1.331,1.331,1.331,4095.7,4117.6,4092.6,4092.6,4092.6,4092.6,4092.6,4092.6,4092.6,99.8,1142.8,3466.8,1349.5,3182.1,726.9,1151.9,1708.6,894.1,1405.5,287.3,433.1,707.8,903.4,591.5,650.2,283.6,542.4,1142.8,25.1,53.2,31.8,77.2,16.9,27.0,40.8,20.8,33.3,6.3,9.8,16.8,21.0,13.0,15.0,6.2,12.6,77.2,25.1,28.9,60.7,36.5,88.0,19.7,31.1,46.6,24.0,38.2,7.6,11.6,18.8,24.3,15.2,17.4,7.5,14.7,28.9,41.0,41.2,41.0,41.0,41.0,41.0,41.0,41.0,41.0,0.0,73.9,84.4,94.2,82.3,77.8,59.2,69.4,65.7,58.5,26.1,15.6,5.8,17.7,22.2,40.8,30.6,34.3,41.5,0.0,0.0,0.0,0.0,0.0,0.0,0.0,0.0,0.0,1197.8,12.00,16,16,16,39,55,661,1,75.4,69.7,72.2,65.6,68.1,69.1,67.6,66.1,63.3,64.3,63.7,62.9,61.1,61.5,60.8,53.8,50.5,1.331,1.025,1.344,14.156,11.908,14.158,66.552,40.374,3.888,5.377,6.002,4.613,3.940,2.474,3.318,2.988,2.394,19.086,12.256,31.342,40.451,1197.8,1197.8,4108.4,4109.1,4107.7,4109.1,46.0,23.6,73.9,73.4,61.1,No,No,No,1.534,0.548,5.9,49,95.0,100.0,No,No,91229,99001,32,99.0,No,No,3320,0.0,0.0,0.0,0.030,0.010,11109,9031,0.0,0.0,0.0,0.000,0.000,50,0,48.2,63.1,83.0,0.750,12.139,12.186,12.159,12.072,1129,44.695,16.614,21.961,6.751,37.742,25.521,12.201,0.336,21.961,22.859,2.458,14.348,220.000,240.000,1290.0,1750.2,1140.0,1293.0,1230.0,38.0,10.0,0.0,3.0,30.6,4.8,19.3,0.0,0.0,0.0,33,Yes,No,No,No,No,Yes,No,20.4,25.5,0,0,0,0,0,0,0,0,0,12,0,0,0,0,0,0,0,0,0,0,0,0,0,0,0,0,0,0,0,0,5686,2506,2341,100,8.0,239.8,262.1,218.6,212.1,213.9,211.7,137.5,241.8,79.9,79.8,79.8,79.8,4.17,4.59,3.77,3.41,4.66,4.69,0.35,0.47,4.07,0.10,2.28,0,0,0.0,0.0,197,29,2.3,2.3,0,
5.7.2026,22:35:48.864,18209,27785,39.5,13126,19556,40.1,0.2,13312,23,1.325,1.325,1.325,1.325,1.325,1.325,1.325,1.325,1.325,4092.6,4092.6,4092.6,4092.6,4092.6,4092.6,4092.6,4092.6,4092.6,99.8,1179.9,3501.3,1431.7,3142.9,743.7,1014.4,2000.8,922.5,1419.5,360.4,478.0,753.7,1070.7,614.1,612.1,388.5,424.9,1179.9,26.3,53.4,34.3,76.4,17.7,24.1,48.3,21.8,34.0,8.5,11.3,17.7,25.5,14.0,14.4,9.3,10.1,76.4,26.3,29.8,60.6,38.8,86.8,20.1,27.3,54.8,24.7,38.5,9.5,12.8,20.0,28.9,15.8,16.3,10.4,11.4,29.8,41.0,41.0,41.0,41.0,41.0,41.0,41.0,41.0,41.0,0.0,75.1,85.4,93.8,84.4,78.7,60.8,72.0,66.6,59.2,24.9,14.6,6.2,15.6,21.3,39.2,28.0,33.4,40.8,0.0,0.0,0.0,0.0,0.0,0.0,0.0,0.0,0.0,1197.8,12.00,16,16,16,39,55,661,1,73.0,70.8,71.2,66.2,68.7,69.1,68.0,66.4,64.0,65.4,63.8,64.0,61.4,61.7,61.0,53.0,50.4,1.356,1.025,1.363,14.542,11.878,14.537,67.604,40.804,4.029,5.521,5.939,4.736,4.003,2.671,3.658,3.013,2.692,19.580,12.223,31.803,40.904,1197.8,1197.8,4100.4,4101.0,4099.9,4101.0,46.5,24.2,75.1,74.5,60.6,No,No,No,1.512,0.523,6.0,49,95.0,100.0,No,No,91229,99001,32,99.0,No,No,3320,0.0,0.0,0.0,0.000,0.016,11109,9031,0.0,0.0,0.0,0.000,0.000,50,0,48.2,63.3,83.0,0.756,12.135,12.182,12.154,12.068,1130,45.035,16.837,22.054,6.895,37.679,25.403,12.252,0.336,22.054,22.844,2.522,16.327,220.000,240.000,1320.0,1750.2,1155.0,1283.6,1245.0,38.0,10.0,0.0,3.0,30.6,4.8,19.3,0.0,0.0,0.0,33,Yes,No,No,No,No,Yes,No,20.4,24.2,0,0,0,0,0,0,0,0,0,12,0,0,0,0,0,0,0,0,0,0,0,0,0,0,0,0,0,0,0,0,5686,2506,2341,100,8.0,239.8,261.4,220.7,215.5,217.8,214.6,147.1,242.9,79.9,62.2,68.5,60.0,4.17,4.62,3.78,3.58,4.64,4.65,0.31,0.39,4.07,0.10,2.47,0,0,0.0,0.0,197,29,2.1,1.3,0,
5.7.2026,22:35:50.866,18208,27785,39.5,13125,19557,40.1,0.2,13312,23,1.330,1.331,1.331,1.331,1.331,1.331,1.331,1.331,1.325,4092.6,4092.6,4092.6,4092.6,4092.6,4092.6,4092.6,4092.6,4092.6,99.8,1106.4,3450.2,1164.5,3237.4,698.9,1419.5,1496.8,1219.5,1032.3,345.6,335.3,828.7,733.2,624.6,472.4,350.4,292.9,1106.4,24.8,55.4,27.7,78.7,16.8,34.1,36.0,29.2,24.6,8.3,8.0,19.7,17.3,14.3,11.1,8.4,7.0,78.7,24.8,28.0,63.0,31.4,89.5,18.9,38.6,40.8,33.0,27.9,9.2,8.9,22.2,19.5,16.2,12.5,9.4,7.8,28.0,41.0,41.0,41.0,41.0,41.0,41.0,41.0,41.0,41.0,0.0,73.0,84.0,94.7,82.2,77.1,58.0,68.0,64.0,55.6,27.0,16.0,5.3,17.8,22.9,42.0,32.0,36.0,44.4,0.0,0.0,0.0,0.0,0.0,0.0,0.0,0.0,0.0,1197.8,12.00,16,16,16,39,55,661,1,71.2,69.7,69.8,65.5,68.0,69.0,67.7,65.9,63.2,64.2,63.3,62.8,61.1,61.5,60.8,54.0,50.7,1.344,1.031,1.363,13.782,11.865,13.787,65.659,39.808,3.823,5.273,5.956,4.623,3.846,2.445,3.259,2.844,2.334,18.574,12.207,30.781,39.890,1197.8,1197.8,4107.6,4108.4,4106.8,4108.4,45.3,23.0,73.0,73.3,60.5,No,No,No,1.500,0.535,5.8,49,95.0,100.0,No,No,91229,99001,32,99.0,No,No,3320,0.0,0.0,0.0,0.000,0.020,11109,9031,0.0,0.0,0.0,0.000,0.000,50,0,48.3,63.4,83.0,0.750,12.136,12.183,12.156,12.070,1130,46.003,17.370,22.992,7.273,38.705,25.914,12.773,0.336,22.992,23.310,2.429,16.976,220.000,240.000,1290.0,1750.2,1140.0,1311.0,1230.0,39.0,10.0,0.0,3.0,30.6,4.9,19.6,0.0,0.0,0.0,33,Yes,No,No,No,No,Yes,No,21.0,25.0,0,0,0,0,0,0,0,0,0,12,0,0,0,0,0,0,0,0,0,0,0,0,0,0,0,0,0,0,0,0,5686,2506,2341,100,8.0,239.8,263.7,219.4,205.9,212.6,202.8,145.1,241.8,79.9,79.8,79.8,79.8,4.17,4.58,3.75,3.37,4.72,4.94,0.33,0.41,4.07,0.10,2.38,0,0,0.0,0.0,197,29,3.2,2.4,0,
5.7.2026,22:35:52.855,18214,27780,39.6,13126,19556,40.1,0.2,13312,23,1.333,1.331,1.331,1.331,1.331,1.331,1.331,1.337,1.337,4114.5,4092.6,4117.6,4117.6,4117.6,4117.6,4117.6,4117.6,4117.6,99.8,1107.6,3496.4,1227.9,3222.6,698.6,1940.6,955.2,1427.9,824.7,369.7,316.7,988.1,623.5,655.2,481.6,268.1,224.3,1107.6,24.6,54.8,29.1,78.2,16.7,46.7,22.6,34.2,19.4,8.8,7.4,23.5,14.6,15.0,11.2,6.4,5.2,78.2,24.6,27.9,62.3,33.1,89.1,18.9,53.1,25.7,38.8,22.0,9.9,8.4,26.6,16.5,17.0,12.7,7.2,5.9,27.9,41.2,41.0,41.2,41.2,41.2,41.2,41.2,41.2,41.2,0.0,73.4,85.1,94.9,82.7,77.5,58.2,68.9,64.6,55.0,26.6,14.9,5.1,17.3,22.5,41.8,31.1,35.4,45.0,0.0,0.0,0.0,0.0,0.0,0.0,0.0,0.0,0.0,1197.8,12.00,16,16,16,39,55,661,1,70.5,69.6,67.8,65.5,68.0,69.0,67.6,65.9,63.2,64.2,63.4,62.5,61.1,61.5,60.7,53.8,50.5,1.350,1.025,1.356,13.849,11.858,13.854,66.038,39.915,3.838,5.334,6.002,4.597,3.902,2.431,3.324,2.879,2.235,18.677,12.203,30.880,39.987,1197.8,1197.8,4110.3,4110.8,4109.7,4110.8,45.4,23.1,73.4,73.2,60.6,No,No,No,1.500,0.530,5.9,49,95.0,100.0,No,No,91229,99001,32,99.0,No,No,3320,0.0,0.0,0.0,0.000,0.008,11109,9031,0.0,0.0,0.0,0.000,0.000,50,0,48.2,62.9,83.0,0.750,12.138,12.184,12.158,12.073,1128,43.083,16.196,21.597,6.738,36.278,24.267,11.998,0.336,21.597,21.740,2.431,14.976,220.000,240.000,1290.0,1750.2,1140.0,1272.0,1230.0,40.0,13.0,0.0,3.0,30.6,5.3,21.1,0.0,0.0,0.0,33,Yes,No,No,No,No,Yes,No,19.7,25.1,0,0,0,0,0,0,0,0,0,12,0,0,0,0,0,0,0,0,0,0,0,0,0,0,0,0,0,0,0,0,5686,2506,2341,100,8.0,239.8,258.4,221.9,217.3,219.2,216.8,144.5,313.2,79.9,62.2,68.6,60.0,4.17,4.56,3.82,3.67,4.61,4.63,0.43,0.47,4.07,0.10,2.42,0,0,0.0,0.0,197,29,2.6,2.5,0,
5.7.2026,22:35:54.856,18207,27786,39.5,13124,19558,40.1,0.2,13312,23,1.337,1.331,1.337,1.337,1.337,1.337,1.337,1.337,1.337,4095.7,4117.6,4092.6,4092.6,4092.6,4092.6,4092.6,4092.6,4092.6,99.8,1150.8,3464.3,2033.3,3097.4,840.0,1744.3,1051.5,1335.4,936.0,325.7,335.7,922.1,642.1,632.2,473.0,304.9,274.4,1150.8,24.5,40.0,48.7,75.1,19.8,41.6,24.7,31.6,21.8,7.3,7.5,21.5,14.7,14.1,10.7,6.8,6.0,75.1,24.5,28.2,45.8,55.6,85.7,22.9,47.6,28.4,36.3,25.2,8.6,8.9,24.8,17.1,16.4,12.5,8.2,7.3,28.2,41.0,41.2,41.0,41.0,41.0,41.0,41.0,41.0,41.0,0.0,72.5,84.3,94.9,81.3,76.7,57.0,67.9,63.8,54.1,27.5,15.7,5.1,18.7,23.3,43.0,32.1,36.2,45.9,0.0,0.0,0.0,0.0,0.0,0.0,0.0,0.0,0.0,1197.8,12.00,16,16,16,39,55,661,1,70.4,69.9,69.2,65.5,68.5,69.1,67.5,66.1,63.2,64.2,63.3,62.6,61.1,61.5,60.7,55.5,51.0,1.356,1.031,1.363,13.905,11.869,13.900,65.261,39.980,3.849,5.529,6.071,4.481,3.894,2.418,3.270,2.858,2.272,18.774,12.213,30.987,40.081,1197.8,1197.8,4112.0,4113.3,4110.6,4113.3,45.5,23.2,72.5,73.5,60.7,No,No,No,1.509,0.527,5.8,49,95.0,100.0,No,No,91229,99001,32,99.0,No,No,3320,0.0,0.0,0.0,0.000,0.099,11109,9032,0.0,0.0,0.0,0.000,0.000,50,0,48.3,63.5,83.0,0.750,12.136,12.182,12.155,12.069,1129,45.243,16.859,21.970,6.822,37.670,25.442,12.205,0.336,21.970,22.840,2.592,16.740,220.000,240.000,1305.0,1750.2,1140.0,1287.9,1230.0,37.0,9.0,0.0,3.0,30.6,4.9,19.7,0.0,0.0,0.0,33,Yes,No,No,No,No,Yes,No,20.4,24.7,0,0,0,0,0,0,0,0,0,12,0,0,0,0,0,0,0,0,0,0,0,0,0,0,0,0,0,0,0,0,5686,2506,2341,100,8.0,239.7,265.2,213.4,204.2,206.6,203.7,142.4,241.6,79.9,79.8,79.8,79.8,4.17,4.71,3.73,3.37,4.89,5.00,0.32,0.36,4.06,0.11,2.41,0,0,0.0,0.0,197,29,2.4,1.6,0,
5.7.2026,22:35:56.865,18205,27788,39.5,13127,19555,40.1,0.2,13312,23,1.329,1.344,1.325,1.325,1.325,1.325,1.325,1.331,1.331,4095.7,4117.6,4092.6,4092.6,4092.6,4092.6,4092.6,4092.6,4092.6,99.8,1196.0,3478.7,2011.2,3078.4,931.4,1377.6,1553.3,1181.2,1077.5,387.8,393.4,908.1,744.5,604.3,568.3,457.7,382.0,1196.0,25.9,40.0,48.3,74.8,22.4,33.0,37.2,28.2,25.7,9.2,9.3,21.5,17.6,13.7,13.4,11.0,9.1,74.8,25.9,29.4,45.4,54.9,85.1,25.4,37.4,42.3,31.9,29.1,10.3,10.5,24.3,19.9,15.5,15.2,12.4,10.2,29.4,41.0,41.2,41.0,41.0,41.0,41.0,41.0,41.0,41.0,0.0,74.2,84.7,95.0,83.3,77.7,59.7,69.3,65.9,57.7,25.8,15.3,5.0,16.7,22.3,40.3,30.7,34.1,42.3,0.0,0.0,0.0,0.0,0.0,0.0,0.0,0.0,0.0,1197.8,12.00,16,16,16,39,55,661,1,70.1,69.6,69.0,65.6,68.1,68.9,67.9,66.1,63.4,64.3,63.5,62.8,61.2,61.6,60.9,53.8,50.9,1.331,1.031,1.344,14.074,11.887,14.076,66.744,40.259,3.883,5.332,5.998,4.707,3.893,2.500,3.318,2.933,2.382,18.968,12.234,31.202,40.312,1197.8,1197.8,4106.4,4107.2,4105.5,4107.8,45.8,23.5,74.2,73.2,60.9,No,No,No,1.549,0.522,5.9,49,95.0,100.0,No,No,91229,99001,32,99.0,No,No,3320,0.0,0.0,0.0,0.000,0.056,11109,9032,0.0,0.0,0.0,0.000,0.000,50,0,48.4,63.4,83.0,0.750,12.141,12.189,12.160,12.074,1130,44.605,17.000,22.146,6.838,37.855,25.525,12.303,0.336,22.146,22.869,2.429,17.554,220.000,240.000,1305.0,1750.2,1140.0,1291.1,1230.0,39.0,10.0,0.0,3.0,30.6,4.9,19.4,0.0,0.0,0.0,33,Yes,No,No,No,No,Yes,No,20.5,24.6,0,0,0,0,0,0,0,0,0,12,0,0,0,0,0,0,0,0,0,0,0,0,0,0,0,0,0,0,0,0,5686,2506,2341,100,8.0,239.8,261.0,221.4,212.5,216.9,210.3,142.0,243.0,80.0,79.8,79.9,79.8,4.17,4.57,3.78,3.68,4.71,4.81,0.34,0.52,4.07,0.10,2.50,0,0,0.0,0.0,197,29,5.2,4.2,0,
5.7.2026,22:35:58.861,18209,27785,39.5,13123,19558,40.1,0.2,13312,23,1.341,1.337,1.325,1.344,1.344,1.344,1.344,1.344,1.344,4117.6,4117.6,4117.6,4117.6,4117.6,4117.6,4117.6,4117.6,4117.6,99.8,1149.0,3445.2,1985.5,3086.2,882.8,1088.7,1737.2,1122.7,1087.1,318.8,311.7,840.9,742.4,541.2,505.9,316.6,371.1,1149.0,24.9,39.5,47.5,75.0,21.3,26.0,41.8,26.9,26.0,7.7,7.5,20.0,17.7,12.4,12.0,7.7,9.0,75.0,24.9,28.1,44.8,54.3,85.4,24.1,29.4,47.4,30.4,29.4,8.5,8.3,22.5,19.9,13.9,13.4,8.5,10.0,28.1,41.2,41.2,41.2,41.2,41.2,41.2,41.2,41.2,41.2,0.0,72.0,83.9,94.6,81.6,75.8,56.2,66.8,62.7,54.6,28.0,16.1,5.4,18.4,24.2,43.8,33.2,37.3,45.4,0.0,0.0,0.0,0.0,0.0,0.0,0.0,0.0,0.0,1197.8,12.00,16,16,16,39,55,661,1,70.1,69.9,69.2,65.5,68.2,69.1,67.6,65.9,63.1,64.2,63.2,62.9,61.1,61.5,60.7,53.2,50.1,1.350,1.025,1.356,13.855,11.890,13.858,64.832,39.915,3.836,5.404,6.057,4.563,3.828,2.389,3.276,2.787,2.386,18.686,12.231,30.917,40.023,1197.8,1197.8,4108.8,4110.3,4107.4,4110.3,45.5,23.1,72.0,73.5,60.7,No,No,No,1.522,0.522,5.8,49,95.0,100.0,No,No,91229,99001,32,99.0,No,No,3320,0.2,1.3,1.5,0.114,7.014,11109,9045,0.0,0.0,0.0,0.000,0.000,50,0,48.2,63.1,83.0,0.750,12.138,12.184,12.158,12.073,1132,44.473,15.963,21.379,6.664,36.048,24.145,11.877,0.336,21.379,21.665,2.447,13.686,220.000,240.000,1290.0,1750.2,1140.0,1287.5,1230.0,41.0,13.0,0.0,3.0,30.6,4.9,19.5,0.0,0.0,0.0,33,Yes,No,No,No,No,Yes,No,20.6,25.0,0,0,0,0,0,0,0,0,0,12,0,0,0,0,0,0,0,0,0,0,0,0,0,0,0,0,0,0,0,0,5686,2506,2341,100,8.0,239.8,267.4,218.6,216.0,217.0,215.6,137.9,242.9,59.9,59.8,59.9,59.8,4.17,4.62,3.75,3.72,4.67,4.70,0.32,0.41,4.06,0.11,2.35,0,0,0.0,0.0,197,29,2.3,1.8,0,
5.7.2026,22:36:0.870,18213,27781,39.5,13131,19550,40.1,0.2,13312,23,1.342,1.331,1.344,1.344,1.344,1.344,1.344,1.344,1.344,4114.5,4092.6,4117.6,4117.6,4117.6,4117.6,4117.6,4117.6,4117.6,99.8,1148.3,3437.7,1958.4,3095.2,862.4,1286.4,1529.8,1149.0,1108.8,311.1,367.9,843.3,723.1,588.2,516.4,228.8,366.1,1148.3,24.8,39.8,47.5,75.2,20.0,30.8,36.8,27.4,26.5,7.3,8.7,19.9,17.1,13.4,12.2,5.4,8.8,75.2,24.8,28.1,45.1,53.5,85.6,23.4,34.9,41.8,31.1,30.1,8.2,9.8,22.6,19.3,15.1,13.8,6.0,9.8,28.1,41.2,41.0,41.2,41.2,41.2,41.2,41.2,41.2,41.2,0.0,72.9,83.7,95.1,81.8,77.8,57.6,67.8,64.4,54.9,27.1,16.3,4.9,18.2,22.2,42.4,32.2,35.6,45.1,0.0,0.0,0.0,0.0,0.0,0.0,0.0,0.0,0.0,1197.8,12.00,16,16,16,39,55,661,1,70.0,69.6,69.0,65.4,68.0,69.0,67.4,66.0,63.1,64.0,63.2,62.5,61.1,61.4,60.7,54.0,50.3,1.344,1.025,1.356,13.889,11.866,13.889,65.595,39.961,3.826,5.339,6.017,4.519,3.923,2.421,3.258,2.858,2.270,18.727,12.208,30.935,40.038,1197.8,1197.8,4109.1,4111.0,4107.1,4111.0,45.5,23.1,72.9,73.3,61.0,No,No,No,1.504,0.527,5.8,50,95.0,100.0,No,No,91229,99001,32,99.0,No,No,3320,0.0,0.0,0.0,0.000,0.034,11109,9045,0.0,0.0,0.0,0.000,0.000,50,0,48.2,63.3,83.0,0.750,12.138,12.185,12.158,12.071,1129,45.261,16.634,21.590,6.689,37.361,25.349,11.994,0.336,21.590,22.782,2.498,16.147,220.000,240.000,1290.0,1750.2,1140.0,1286.0,1230.0,38.0,10.0,0.0,3.0,30.6,4.9,19.5,0.0,0.0,0.0,33,Yes,No,No,No,No,Yes,No,20.5,24.5,0,0,0,0,0,0,0,0,0,12,0,0,0,0,0,0,0,0,0,0,0,0,0,0,0,0,0,0,0,0,5686,2506,2341,100,8.0,239.8,259.3,221.1,218.3,219.4,218.0,139.1,241.5,60.0,59.9,59.9,59.8,4.17,4.54,3.82,3.76,4.60,4.66,0.31,0.44,4.06,0.11,2.29,0,0,0.0,0.0,197,29,2.4,1.9,0,
5.7.2026,22:36:2.878,18221,27773,39.6,13126,19556,40.1,0.2,13312,23,1.333,1.344,1.331,1.331,1.331,1.331,1.331,1.331,1.331,4095.7,4117.6,4092.6,4092.6,4092.6,4092.6,4092.6,4092.6,4092.6,99.8,1181.7,3467.2,2029.8,2973.0,967.0,1755.6,1058.3,1399.1,958.8,404.7,430.3,1011.2,645.0,647.9,519.1,372.2,267.6,1181.7,25.3,40.3,48.7,72.1,23.5,41.9,24.8,33.2,22.4,9.2,9.8,23.7,14.8,14.5,11.8,8.6,5.9,72.1,25.3,29.0,46.0,55.5,82.2,26.3,47.9,28.6,38.0,25.8,10.8,11.5,27.2,17.2,16.8,13.8,10.0,7.0,29.0,41.0,41.2,41.0,41.0,41.0,41.0,41.0,41.0,41.0,0.0,73.4,84.5,94.2,81.8,78.3,58.9,68.8,65.3,55.2,26.6,15.5,5.8,18.2,21.7,41.1,31.2,34.7,44.8,0.0,0.0,0.0,0.0,0.0,0.0,0.0,0.0,0.0,1197.8,12.00,16,16,16,39,55,661,1,70.1,70.2,70.8,65.8,68.5,69.1,67.6,66.3,63.8,64.4,63.6,63.0,61.2,61.5,60.8,53.5,50.5,1.356,1.019,1.363,14.323,11.888,14.315,66.033,40.530,3.939,5.503,6.002,4.558,4.045,2.667,3.385,2.950,2.406,19.311,12.232,31.543,40.633,1197.8,1197.8,4106.1,4107.3,4105.0,4107.6,46.2,23.9,73.4,73.8,61.1,No,No,No,1.511,0.528,5.9,49,95.0,100.0,No,No,91229,99001,32,99.0,No,No,3320,0.0,0.1,0.1,0.000,0.059,11109,9045,0.0,0.0,0.0,0.000,0.000,50,0,48.1,62.8,83.0,0.738,12.143,12.190,12.162,12.077,1128,44.831,16.404,20.684,6.436,35.501,23.984,11.490,0.336,20.684,21.586,8.025,15.312,220.000,240.000,1260.0,1250.2,1095.0,1281.6,1185.0,39.0,12.0,0.0,3.0,30.7,4.9,19.8,0.0,0.0,0.0,33,Yes,No,No,No,No,Yes,No,19.2,23.3,0,0,0,0,0,0,0,0,0,12,0,0,0,0,0,0,0,0,0,0,0,0,0,0,0,0,0,0,0,0,5680,2512,2347,100,8.0,239.8,258.0,223.1,221.3,221.9,221.3,142.4,242.6,80.0,79.9,79.9,79.9,4.17,4.54,3.84,3.80,4.57,4.60,0.35,0.34,4.07,0.10,2.66,0,0,0.0,0.0,197,29,3.0,2.2,0,
5.7.2026,22:36:4.884,18226,27767,39.6,13133,19548,40.1,0.2,13312,23,1.340,1.319,1.337,1.344,1.344,1.344,1.344,1.344,1.344,4114.5,4092.6,4117.6,4117.6,4117.6,4117.6,4117.6,4117.6,4117.6,99.8,1169.9,3491.5,1757.5,2983.0,1006.9,1892.3,1084.3,1396.4,917.1,368.7,364.0,976.3,625.1,665.7,502.0,323.0,364.8,1169.9,25.3,45.9,41.8,72.3,23.9,45.2,25.6,33.1,21.5,8.3,8.3,22.9,14.3,14.9,11.4,7.3,8.3,72.3,25.3,29.1,52.4,47.8,82.4,27.5,51.7,29.4,37.9,24.7,9.7,9.7,26.3,16.6,17.2,13.3,8.6,9.8,29.1,41.2,41.0,41.2,41.2,41.2,41.2,41.2,41.2,41.2,0.0,74.4,85.0,95.0,83.7,78.6,59.8,70.0,66.3,56.9,25.6,15.0,5.0,16.3,21.4,40.2,30.0,33.7,43.1,0.0,0.0,0.0,0.0,0.0,0.0,0.0,0.0,0.0,1197.8,12.00,16,16,16,39,55,661,1,70.0,70.0,70.5,65.7,68.3,69.3,68.0,66.1,63.3,64.2,63.5,62.9,61.2,61.5,60.8,53.0,50.2,1.350,1.025,1.350,14.127,11.864,14.130,66.980,40.297,3.917,5.465,6.084,4.751,3.957,2.491,3.297,2.916,2.373,19.036,12.208,31.244,40.355,1197.8,1197.8,4106.9,4107.3,4106.5,4107.3,45.9,23.6,74.4,73.7,60.5,No,No,No,1.526,0.527,6.0,49,95.0,100.0,No,No,91229,99001,32,99.0,No,No,3320,0.0,0.0,0.0,0.000,0.067,11109,9045,0.0,0.0,0.0,0.000,0.000,50,0,48.0,62.8,83.0,0.744,12.139,12.185,12.158,12.073,1129,41.826,16.570,21.806,6.958,36.269,24.135,12.114,0.336,21.806,21.743,3.858,16.671,220.000,240.000,1275.0,1250.2,1125.0,1271.8,1215.0,39.0,12.0,0.0,4.0,30.6,5.0,19.9,0.0,0.0,0.0,33,Yes,No,No,No,No,Yes,No,19.8,23.1,0,0,0,0,0,0,0,0,0,12,0,0,0,0,0,0,0,0,0,0,0,0,0,0,0,0,0,0,0,0,5683,2509,2344,100,8.0,239.8,260.7,218.8,197.7,208.9,192.3,133.3,241.5,59.9,59.8,59.8,59.8,4.17,4.60,3.80,3.36,4.80,5.18,0.44,0.41,4.06,0.11,2.88,0,0,0.0,0.0,197,29,2.6,2.6,0,
5.7.2026,22:36:6.882,18221,27772,39.6,13133,19548,40.1,0.2,13312,23,1.341,1.331,1.337,1.337,1.337,1.337,1.350,1.350,1.350,4098.9,4092.6,4117.6,4117.6,4092.6,4092.6,4092.6,4092.6,4092.6,99.8,1133.3,3514.5,1179.5,3110.0,858.0,1367.2,1559.6,1032.9,1300.3,356.1,337.8,776.8,822.1,589.0,556.9,291.6,479.6,1133.3,25.8,59.3,28.1,75.6,20.8,32.9,37.6,24.8,31.3,8.8,8.3,18.5,19.8,13.7,13.4,7.3,11.8,75.6,25.8,28.9,67.4,31.6,86.0,23.3,37.1,42.4,27.8,35.3,9.5,8.9,20.6,22.1,15.1,14.8,7.7,12.9,28.9,41.1,41.0,41.2,41.2,41.0,41.0,41.0,41.0,41.0,0.0,74.0,85.5,95.0,82.6,78.4,58.6,69.3,65.0,57.2,26.0,14.5,5.0,17.4,21.6,41.4,30.7,35.0,42.8,0.0,0.0,0.0,0.0,0.0,0.0,0.0,0.0,0.0,1197.8,12.00,16,16,16,39,55,661,1,70.0,69.8,67.0,65.6,68.5,68.9,67.7,66.1,63.2,64.1,63.3,62.8,61.1,61.5,60.7,54.2,50.4,1.350,1.031,1.350,14.218,11.858,14.214,66.560,40.374,3.900,5.560,5.965,4.661,3.993,2.447,3.306,2.900,2.373,19.171,12.201,31.372,40.472,1197.8,1197.8,4109.6,4110.1,4109.0,4110.1,46.0,23.7,74.0,73.5,61.3,No,No,No,1.517,0.527,5.9,49,95.0,100.0,No,No,91229,99001,32,99.0,No,No,3320,0.0,0.1,0.1,0.049,0.188,11109,9046,0.0,0.0,0.0,0.000,0.000,50,0,47.8,62.6,83.0,0.725,12.137,12.181,12.157,12.072,1129,41.851,15.290,20.054,6.212,34.818,23.662,11.141,0.336,20.054,21.304,2.275,13.048,220.000,240.000,1215.0,1250.2,1065.0,1235.4,1155.0,39.0,12.0,0.0,3.0,30.6,5.2,20.8,0.0,0.0,0.0,33,Yes,No,No,No,No,Yes,No,18.8,23.2,0,0,0,0,0,0,0,0,0,12,0,0,0,0,0,0,0,0,0,0,0,0,0,0,0,0,0,0,0,0,5683,2509,2344,100,8.0,239.8,256.1,223.3,220.8,221.7,220.6,127.7,241.7,60.0,59.7,59.8,59.7,4.17,4.52,3.85,3.76,4.54,4.59,0.47,0.48,4.07,0.10,2.68,0,0,0.0,0.0,197,29,2.8,1.5,0,
5.7.2026,22:36:8.871,18225,27769,39.6,13140,19541,40.2,0.2,13312,23,1.346,1.363,1.344,1.344,1.344,1.344,1.344,1.344,1.344,4120.7,4142.5,4117.6,4117.6,4117.6,4117.6,4117.6,4117.6,4117.6,99.8,1026.7,3398.1,1043.9,3352.1,552.4,960.7,1682.0,721.8,1318.3,240.9,307.7,605.4,818.3,458.5,507.5,183.9,275.4,1026.7,22.9,56.7,24.8,81.3,13.1,22.8,40.2,16.9,31.4,5.6,7.2,14.1,19.3,10.2,11.9,4.2,6.5,81.3,22.9,26.1,64.7,28.3,92.8,14.9,26.0,45.9,19.3,35.8,6.4,8.2,16.1,22.0,11.6,13.5,4.8,7.4,26.1,41.3,41.5,41.2,41.2,41.2,41.2,41.2,41.2,41.2,0.0,69.2,82.6,94.6,77.8,73.7,52.8,64.1,58.9,49.3,30.8,17.4,5.4,22.2,26.3,47.2,35.9,41.1,50.7,0.0,0.0,0.0,0.0,0.0,0.0,0.0,0.0,0.0,1197.8,12.00,16,16,16,39,55,661,1,70.0,69.8,68.5,65.3,68.3,69.3,67.3,65.8,62.9,63.9,63.0,62.2,61.1,61.4,60.7,53.5,50.4,1.362,1.038,1.369,13.664,11.818,13.666,62.307,39.695,3.763,5.468,6.177,4.412,3.701,2.314,3.154,2.742,2.138,18.524,12.159,30.683,39.778,1197.8,1197.8,4120.9,4123.3,4118.5,4123.9,45.2,22.8,69.2,73.5,61.3,No,No,No,1.459,0.525,5.5,49,95.0,100.0,No,No,91229,99001,32,99.0,No,No,3320,0.0,0.0,0.0,0.000,0.006,11109,9046,0.0,0.0,0.0,0.000,0.000,50,0,47.8,62.5,83.0,0.738,12.135,12.179,12.155,12.071,1132,40.989,15.846,20.774,6.553,35.774,24.214,11.540,0.336,20.774,21.882,2.477,14.139,220.000,240.000,1260.0,1250.2,1095.0,1198.1,1185.0,41.0,13.0,0.0,3.0,30.6,5.3,21.2,0.0,0.0,0.0,33,Yes,No,No,No,No,Yes,No,19.4,22.0,0,0,0,0,0,0,0,0,0,12,0,0,0,0,0,0,0,0,0,0,0,0,0,0,0,0,0,0,0,0,5683,2509,2344,100,8.0,239.8,265.8,218.5,207.2,212.2,205.3,137.3,242.6,65.3,59.8,59.9,59.8,4.17,4.61,3.73,3.65,4.76,4.93,0.44,0.54,4.07,0.10,2.69,0,0,0.0,0.0,197,29,2.1,1.9,0,
5.7.2026,22:36:10.870,18219,27775,39.6,13134,19548,40.1,0.2,13312,23,1.328,1.337,1.337,1.325,1.325,1.325,1.325,1.325,1.325,4114.5,4092.6,4117.6,4117.6,4117.6,4117.6,4117.6,4117.6,4117.6,99.8,1108.1,3509.8,1183.6,3119.9,819.0,1178.3,1666.7,905.7,1350.4,291.3,392.4,700.7,901.7,558.4,566.7,232.1,352.4,1108.1,24.7,58.3,27.9,75.7,19.2,27.8,40.0,21.3,32.1,6.7,9.1,16.3,21.2,12.5,13.1,5.3,8.2,75.7,24.7,28.2,66.4,31.8,86.3,22.0,31.7,45.6,24.3,36.7,7.7,10.4,18.7,24.2,14.3,15.1,6.1,9.4,28.2,41.2,41.0,41.2,41.2,41.2,41.2,41.2,41.2,41.2,0.0,73.3,85.4,94.5,81.8,77.5,58.3,68.8,64.5,55.5,26.7,14.6,5.5,18.2,22.5,41.7,31.2,35.5,44.5,0.0,0.0,0.0,0.0,0.0,0.0,0.0,0.0,0.0,1197.8,12.00,16,16,16,39,55,661,1,70.0,69.7,69.5,65.5,68.3,68.8,67.7,65.9,63.1,64.1,63.3,62.5,61.1,61.4,60.7,53.2,50.2,1.337,1.031,1.344,13.993,11.851,13.996,65.963,40.122,3.856,5.494,5.996,4.616,3.889,2.430,3.278,2.877,2.271,18.880,12.196,31.076,40.184,1197.8,1197.8,4111.9,4112.3,4111.4,4112.6,45.7,23.3,73.3,73.3,61.0,No,No,No,1.508,0.530,5.9,49,95.0,100.0,No,No,91229,99001,32,99.0,No,No,3320,0.0,0.0,0.0,0.000,0.014,11109,9046,0.0,0.0,0.0,0.000,0.000,50,0,47.8,62.4,83.0,0.738,12.140,12.186,12.160,12.075,1130,42.215,15.795,20.648,6.373,35.471,23.980,11.471,0.336,20.648,21.526,2.379,15.113,220.000,240.000,1260.0,1250.2,1095.0,1256.0,1185.0,37.0,12.0,0.0,3.0,30.6,5.2,20.7,0.0,0.0,0.0,33,Yes,No,No,No,No,Yes,No,19.2,22.3,0,0,0,0,0,0,0,0,0,12,0,0,0,0,0,0,0,0,0,0,0,0,0,0,0,0,0,0,0,0,5683,2509,2344,101,8.0,239.8,261.9,219.8,215.7,217.2,215.3,139.5,242.1,79.9,61.9,68.4,59.9,4.17,4.59,3.75,3.72,4.63,4.71,0.41,0.34,4.07,0.10,2.53,0,0,0.0,0.0,197,29,2.4,2.5,0,
5.7.2026,22:36:12.878,18225,27768,39.6,13132,19550,40.1,0.2,13312,23,1.332,1.331,1.331,1.331,1.331,1.337,1.331,1.331,1.331,4092.6,4092.6,4092.6,4092.6,4092.6,4092.6,4092.6,4092.6,4092.6,99.8,1109.6,3475.9,1238.5,3190.8,720.3,1670.3,1172.1,1023.2,1224.5,309.6,379.6,746.7,784.6,592.2,551.5,307.9,366.7,1109.6,24.8,55.8,29.4,77.4,17.3,40.0,27.9,24.3,29.1,7.3,8.9,17.6,18.5,13.5,13.0,7.3,8.7,77.4,24.8,28.1,63.5,33.4,88.2,19.7,45.4,31.7,27.6,33.1,8.2,10.0,19.9,20.9,15.3,14.7,8.2,9.8,28.1,41.0,41.0,41.0,41.0,41.0,41.0,41.0,41.0,41.0,0.0,72.4,84.5,94.2,81.6,76.7,56.7,67.3,63.5,54.9,27.6,15.5,5.8,18.4,23.3,43.3,32.7,36.5,45.1,0.0,0.0,0.0,0.0,0.0,0.0,0.0,0.0,0.0,1197.8,12.00,16,16,16,39,55,661,1,70.0,69.7,68.8,65.4,68.2,69.1,67.6,65.9,63.1,64.0,63.2,62.5,61.1,61.4,60.7,54.2,51.0,1.344,1.025,1.356,13.839,11.871,13.838,65.181,39.912,3.843,5.467,6.005,4.583,3.857,2.428,3.227,2.874,2.307,18.688,12.216,30.904,40.005,1197.8,1197.8,4112.5,4113.9,4111.0,4113.9,45.5,23.1,72.4,73.4,60.6,No,No,No,1.510,0.536,5.8,49,95.0,100.0,No,No,91229,99001,32,99.0,No,No,3320,0.0,0.0,0.0,0.042,0.069,11109,9046,0.0,0.0,0.0,0.000,0.000,50,0,47.6,62.4,83.0,0.725,12.141,12.186,12.161,12.076,1130,41.097,15.229,19.260,5.910,34.719,24.007,10.699,0.336,19.260,21.700,2.337,14.060,220.000,240.000,1215.0,1250.2,1065.0,1213.1,1155.0,39.0,12.0,0.0,3.0,30.6,5.1,20.4,0.0,0.0,0.0,33,Yes,No,No,No,No,Yes,No,18.6,22.6,0,0,0,0,0,0,0,0,0,12,0,0,0,0,0,0,0,0,0,0,0,0,0,0,0,0,0,0,0,0,5683,2509,2344,101,8.0,239.7,260.8,221.5,216.8,218.9,216.0,135.8,242.1,60.0,59.9,59.9,59.9,4.17,4.61,3.82,3.66,4.64,4.67,0.48,0.40,4.06,0.11,2.80,0,0,0.0,0.0,197,29,2.4,1.3,0,
5.7.2026,22:36:14.871,18215,27779,39.6,13124,19558,40.1,0.2,13312,23,1.338,1.325,1.350,1.350,1.350,1.331,1.331,1.331,1.331,4105.1,4092.6,4092.6,4092.6,4092.6,4117.6,4117.6,4117.6,4117.6,99.8,1090.1,3446.2,1238.2,3087.8,817.6,1747.1,1080.9,1089.0,1076.5,332.9,347.5,754.8,782.2,553.2,508.5,251.8,327.7,1090.1,24.2,55.1,29.4,74.9,19.0,42.0,25.8,26.1,25.6,7.3,7.6,18.0,18.5,12.6,11.3,5.3,7.9,74.9,24.2,27.6,62.6,33.3,85.3,22.2,47.7,29.2,29.5,29.0,8.9,9.2,20.3,20.8,14.2,13.4,6.7,8.7,27.6,41.1,41.0,41.0,41.0,41.0,41.2,41.2,41.2,41.2,0.0,72.4,83.9,94.2,81.5,76.6,57.5,68.0,63.2,54.6,27.6,16.1,5.8,18.5,23.4,42.5,32.0,36.8,45.4,0.0,0.0,0.0,0.0,0.0,0.0,0.0,0.0,0.0,1197.8,12.00,16,16,16,39,55,661,1,69.6,69.3,69.5,65.2,67.7,68.5,67.4,65.5,62.9,63.9,63.0,62.3,60.9,61.3,60.6,53.2,50.4,1.350,1.025,1.350,13.643,11.874,13.644,65.205,39.619,3.765,5.223,5.856,4.570,3.780,2.418,3.227,2.792,2.251,18.390,12.215,30.605,39.693,1197.8,1197.8,4110.5,4111.6,4109.5,4111.6,45.1,22.7,72.4,72.9,60.8,No,No,No,1.410,0.425,5.8,49,95.0,100.0,No,No,91229,99001,32,99.0,No,No,3320,0.0,0.1,0.1,0.000,0.040,11109,9046,0.0,0.0,0.0,0.000,0.000,50,0,47.7,62.2,83.0,0.731,12.140,12.185,12.159,12.075,1128,41.877,15.422,20.015,6.129,34.970,23.824,11.119,0.336,20.015,21.413,2.365,14.033,220.000,240.000,1245.0,1250.2,1080.0,1236.8,1170.0,39.0,13.0,0.0,2.0,30.6,5.4,21.8,0.0,0.0,0.0,33,Yes,No,No,No,No,Yes,No,18.8,22.0,0,0,0,0,0,0,0,0,0,12,0,0,0,0,0,0,0,0,0,0,0,0,0,0,0,0,0,0,0,0,5683,2509,2344,101,8.0,239.8,263.8,219.5,216.3,217.8,215.7,154.0,242.2,79.9,79.9,79.9,79.9,4.17,4.62,3.77,3.74,4.66,4.68,0.51,0.53,4.07,0.10,2.42,0,0,0.0,0.0,197,29,2.4,2.4,0,
5.7.2026,22:36:16.876,18207,27787,39.5,13118,19564,40.1,0.2,13312,23,1.351,1.344,1.350,1.350,1.350,1.350,1.350,1.356,1.356,4039.0,4142.5,4142.5,3314.0,4142.5,4142.5,4142.5,4142.5,4142.5,99.8,1064.3,3345.0,1159.3,3152.4,790.0,1198.1,1408.8,776.5,1262.7,280.8,330.6,646.5,801.9,482.2,537.7,284.7,572.1,1064.3,23.5,53.1,27.1,76.3,19.0,28.1,33.4,17.9,29.8,6.8,7.9,14.8,18.5,10.4,12.7,6.9,13.2,76.3,23.5,27.0,60.8,31.3,87.2,21.5,32.5,38.4,20.9,34.3,7.5,8.7,17.3,21.4,12.5,14.2,7.6,15.6,27.0,40.5,41.5,41.5,33.2,41.5,41.5,41.5,41.5,41.5,0.0,70.3,81.4,94.6,78.5,73.8,54.0,64.9,60.7,54.5,29.7,18.6,5.4,21.5,26.2,46.0,35.1,39.3,45.5,0.0,0.0,0.0,0.0,0.0,0.0,0.0,0.0,0.0,1197.8,12.00,16,16,16,39,55,661,1,69.2,69.1,69.2,65.0,67.3,68.6,66.6,65.4,62.7,63.8,62.9,62.7,60.9,61.2,60.5,55.2,50.6,1.344,1.031,1.369,13.375,11.840,13.377,63.276,39.260,3.698,5.060,5.991,4.263,3.660,2.334,3.145,2.750,2.378,18.099,12.181,30.280,39.355,1197.8,1197.8,4115.7,4118.8,4112.6,4119.1,44.7,22.3,70.3,72.7,61.0,No,No,No,1.366,0.349,5.6,49,95.0,100.0,No,No,91229,99001,32,99.0,No,No,3320,0.0,0.0,0.0,0.000,0.002,11109,9046,0.0,0.0,0.0,0.000,0.000,50,0,47.5,62.2,83.0,0.725,12.138,12.183,12.158,12.074,1129,41.938,15.609,19.890,6.067,35.028,23.955,11.050,0.336,19.890,21.524,2.326,16.023,220.000,240.000,1215.0,1250.2,1065.0,1230.7,1155.0,40.0,14.0,0.0,2.0,30.6,5.6,22.5,0.0,0.0,0.0,33,Yes,No,No,No,No,Yes,No,18.8,21.3,0,0,0,0,0,0,0,0,0,12,0,0,0,0,0,0,0,0,0,0,0,0,0,0,0,0,0,0,0,0,5683,2509,2344,101,8.0,239.8,264.0,219.2,215.4,216.2,215.4,158.8,243.0,80.0,79.8,79.8,79.8,4.17,4.60,3.78,3.66,4.67,4.70,0.51,0.51,4.07,0.10,2.61,0,0,0.0,0.0,197,29,2.1,2.0,0,
5.7.2026,22:36:18.875,18220,27774,39.6,13129,19553,40.1,0.2,13312,23,1.338,1.344,1.337,1.337,1.337,1.337,1.337,1.337,1.337,4102.0,4092.6,4117.6,4117.6,4117.6,4092.6,4092.6,4092.6,4092.6,99.8,1146.8,3407.8,1564.3,3067.1,802.5,991.3,1717.7,780.5,1353.4,347.2,416.2,635.2,861.6,521.3,660.2,661.0,561.7,1146.8,25.6,48.5,37.8,74.6,19.6,23.9,41.7,18.9,32.8,8.1,9.6,14.8,20.8,12.3,16.1,16.5,13.2,74.6,25.6,28.7,54.7,42.5,84.8,21.7,26.7,46.9,20.9,36.7,9.3,11.1,16.9,23.0,13.4,17.7,18.0,15.1,28.7,41.1,41.0,41.2,41.2,41.2,41.0,41.0,41.0,41.0,0.0,71.9,83.1,93.5,79.8,75.1,55.9,65.9,62.8,59.5,28.1,16.9,6.5,20.2,24.9,44.1,34.1,37.2,40.5,0.0,0.0,0.0,0.0,0.0,0.0,0.0,0.0,0.0,1197.8,12.00,16,16,16,39,55,661,1,78.2,70.9,68.5,65.9,68.1,68.8,67.4,65.8,63.4,64.7,63.8,65.1,61.0,61.4,60.7,52.8,50.3,1.344,1.025,1.350,14.382,11.821,14.380,64.753,40.595,3.968,5.362,5.935,4.488,3.792,2.528,3.299,3.033,3.307,19.446,12.161,31.607,40.686,1197.8,1197.8,4105.6,4108.4,4102.8,4108.4,46.2,24.0,71.9,74.6,61.1,No,No,No,1.419,0.403,5.8,49,95.0,100.0,No,No,91229,99001,32,99.0,No,No,3320,0.4,0.8,1.3,0.270,7.369,11110,9060,0.0,0.0,0.0,0.000,0.000,50,0,47.6,62.2,83.0,0.731,12.144,12.190,12.163,12.078,1128,40.605,14.689,18.812,5.510,33.887,23.420,10.451,0.336,18.812,20.913,2.257,12.490,220.000,240.000,1230.0,1250.2,1080.0,1227.2,1170.0,39.0,12.0,0.0,3.0,30.6,5.0,20.1,0.0,0.0,0.0,33,Yes,No,No,No,No,Yes,No,18.5,21.9,0,0,0,0,0,0,0,0,0,12,0,0,0,0,0,0,0,0,0,0,0,0,0,0,0,0,0,0,0,0,5683,2509,2344,101,8.0,239.7,264.5,218.4,215.7,217.1,215.0,131.2,241.3,59.9,59.9,59.9,59.9,4.17,4.63,3.75,3.70,4.69,4.74,0.44,0.56,4.07,0.10,2.83,0,0,0.0,0.0,197,29,2.8,2.0,0,
5.7.2026,22:36:20.872,18227,27767,39.6,13140,19542,40.2,0.2,13312,23,1.350,1.350,1.350,1.350,1.350,1.350,1.350,1.350,1.350,4120.7,4142.5,4117.6,4117.6,4117.6,4117.6,4117.6,4117.6,4117.6,99.8,1130.9,3399.0,2116.9,3269.0,767.5,885.2,1735.2,714.7,1383.9,308.1,396.9,559.4,869.2,459.6,634.8,242.8,351.7,1130.9,24.0,36.8,51.1,79.4,17.7,20.4,41.9,16.3,32.7,7.3,9.4,13.3,20.1,10.4,14.4,5.0,8.4,79.4,24.0,27.6,42.2,58.1,90.5,20.9,23.8,47.6,19.2,37.7,8.2,10.6,14.9,23.4,11.8,17.0,6.5,9.4,27.6,41.3,41.5,41.2,41.2,41.2,41.2,41.2,41.2,41.2,0.0,70.1,82.8,95.8,77.9,74.1,54.0,63.5,61.1,51.6,29.9,17.2,4.2,22.1,25.9,46.0,36.5,38.9,48.4,0.0,0.0,0.0,0.0,0.0,0.0,0.0,0.0,0.0,1197.8,12.00,16,16,16,39,55,661,1,75.1,69.8,69.2,65.4,68.5,69.2,67.3,65.7,63.0,63.8,63.3,62.4,61.0,61.4,60.6,52.0,50.5,1.369,1.025,1.363,13.712,11.836,13.712,63.086,39.732,3.801,5.543,6.213,4.334,3.718,2.419,3.095,2.840,2.245,18.540,12.178,30.718,39.811,1197.8,1197.8,4112.3,4117.4,4107.1,4117.4,45.2,22.9,70.1,73.5,60.7,No,No,No,1.500,0.505,5.6,49,95.0,100.0,No,No,91229,99001,32,99.0,No,No,3320,0.0,0.1,0.1,0.000,0.077,11110,9060,0.0,0.0,0.0,0.000,0.000,50,0,47.3,61.9,83.0,0.713,12.138,12.183,12.158,12.074,1132,39.141,14.489,18.148,5.446,33.786,23.689,10.082,0.336,18.148,21.419,2.248,11.588,220.000,240.000,1170.0,1250.2,1020.0,1154.3,1110.0,41.0,12.0,0.0,3.0,30.6,5.0,20.0,0.0,0.0,0.0,33,Yes,No,No,No,No,Yes,No,18.0,22.3,0,0,0,0,0,0,0,0,0,12,0,0,0,0,0,0,0,0,0,0,0,0,0,0,0,0,0,0,0,0,5683,2509,2344,101,8.0,239.8,258.9,220.2,213.2,216.5,211.7,130.2,241.4,60.0,59.9,60.0,59.9,4.17,4.61,3.83,3.58,4.69,4.76,0.44,0.60,4.06,0.11,2.68,0,0,0.0,0.0,197,29,2.5,2.2,0,
5.7.2026,22:36:22.878,18234,27760,39.6,13138,19544,40.2,0.2,13312,23,1.338,1.344,1.337,1.337,1.337,1.337,1.337,1.337,1.337,4117.6,4117.6,4117.6,4117.6,4117.6,4117.6,4117.6,4117.6,4117.6,99.8,1181.1,3454.5,2091.2,3116.7,864.9,1689.6,1132.5,1209.4,1004.5,434.2,388.2,865.3,770.9,645.0,565.3,308.0,356.9,1181.1,25.6,40.1,50.1,75.6,20.9,40.6,26.6,29.0,24.1,10.6,9.4,20.8,18.4,14.4,13.5,7.6,8.7,75.6,25.6,29.0,45.3,57.2,86.2,23.5,46.0,30.6,32.7,27.1,11.6,10.3,23.3,20.6,16.8,15.0,8.2,9.5,29.0,41.2,41.2,41.2,41.2,41.2,41.2,41.2,41.2,41.2,0.0,72.4,84.1,94.5,80.4,75.5,57.9,67.5,64.2,54.9,27.6,15.9,5.5,19.6,24.5,42.1,32.5,35.8,45.1,0.0,0.0,0.0,0.0,0.0,0.0,0.0,0.0,0.0,1197.8,12.00,16,16,16,39,55,661,1,72.6,69.8,70.8,65.5,68.5,68.9,67.4,65.8,63.3,64.1,63.3,62.7,60.9,61.3,60.6,52.2,49.6,1.337,1.025,1.350,13.992,11.862,13.995,65.146,40.122,3.884,5.601,6.017,4.525,3.809,2.524,3.305,2.943,2.348,18.880,12.206,31.086,40.190,1197.8,1197.8,4110.1,4111.5,4108.6,4111.5,45.7,23.3,72.4,73.5,60.6,No,No,No,1.533,0.495,5.8,49,95.0,100.0,No,No,91229,99001,32,99.0,No,No,3320,0.0,0.1,0.1,0.000,0.120,11110,9061,0.0,0.0,0.0,0.000,0.000,50,0,47.2,61.7,83.0,0.688,12.140,12.185,12.160,12.076,1130,39.043,14.256,16.930,5.166,33.196,23.777,9.406,0.336,16.930,21.768,2.161,12.888,220.000,240.000,1110.0,1250.2,975.0,1167.7,1050.0,40.0,11.0,0.0,3.0,30.7,4.8,19.1,0.0,0.0,0.0,33,Yes,No,No,No,No,Yes,No,17.2,20.6,0,0,0,0,0,0,0,0,0,12,0,0,0,0,0,0,0,0,0,0,0,0,0,0,0,0,0,0,0,0,5680,2512,2348,101,8.0,239.8,265.3,215.4,203.4,207.9,201.7,124.0,241.9,59.9,59.9,59.9,59.9,4.17,4.69,3.72,3.38,4.84,4.97,0.44,0.45,4.07,0.10,2.84,0,0,0.0,0.0,197,29,2.6,2.4,0,
5.7.2026,22:36:24.882,18239,27754,39.6,13146,19536,40.2,0.2,13312,23,1.334,1.337,1.331,1.331,1.331,1.331,1.331,1.337,1.337,4105.1,4117.6,4117.6,4117.6,4117.6,4117.6,4067.7,4092.6,4092.6,99.8,1170.1,3457.3,2009.6,3189.1,832.6,1787.5,1022.2,1275.4,902.1,421.1,363.1,934.3,654.6,681.1,525.9,303.8,362.5,1170.1,25.2,41.3,48.4,77.5,19.5,43.1,23.9,30.7,20.9,9.6,8.1,22.5,15.6,16.0,11.9,6.8,8.2,77.5,25.2,28.8,47.2,54.9,88.2,22.6,48.7,27.4,34.6,24.1,11.3,9.6,25.2,17.3,17.8,13.9,8.1,9.6,28.8,41.1,41.2,41.2,41.2,41.2,41.2,40.8,41.0,41.0,0.0,72.5,84.1,94.4,80.2,75.4,57.9,67.4,64.3,56.4,27.5,15.9,5.6,19.8,24.6,42.1,32.6,35.7,43.6,0.0,0.0,0.0,0.0,0.0,0.0,0.0,0.0,0.0,1197.8,12.00,16,16,16,39,55,661,1,71.2,69.9,69.2,65.5,68.5,69.1,67.6,65.8,63.2,64.0,63.4,62.6,60.9,61.3,60.6,52.5,50.0,1.356,1.025,1.356,14.110,11.873,14.104,65.270,40.213,3.885,5.543,6.131,4.572,3.812,2.504,3.258,2.920,2.344,19.033,12.217,31.251,40.340,1197.8,1197.8,4109.8,4111.1,4108.4,4111.4,45.8,23.5,72.5,73.6,61.1,No,No,No,1.515,0.496,5.8,49,95.0,100.0,No,No,91229,99001,32,99.0,No,No,3320,0.0,0.0,0.0,0.000,0.049,11110,9061,0.0,0.0,0.0,0.000,0.000,50,0,46.9,61.5,83.0,0.688,12.142,12.189,12.161,12.077,1128,37.649,13.972,16.055,4.717,32.300,23.369,8.919,0.336,16.055,21.296,5.223,11.450,220.000,240.000,1095.0,1250.2,975.0,1123.1,1050.0,38.0,10.0,0.0,3.0,30.7,4.6,18.6,0.0,0.0,0.0,33,Yes,No,No,No,No,Yes,No,17.0,20.2,0,0,0,0,0,0,0,0,0,12,0,0,0,0,0,0,0,0,0,0,0,0,0,0,0,0,0,0,0,0,5679,2513,2348,101,8.0,239.7,262.9,220.2,213.0,215.6,212.5,116.8,242.2,59.9,59.9,59.9,59.9,4.17,4.64,3.78,3.50,4.73,4.82,0.44,0.58,4.07,0.11,2.68,0,0,0.0,0.0,197,29,2.9,2.0,0,
5.7.2026,22:36:26.870,18255,27739,39.6,13156,19525,40.2,0.2,13312,23,1.340,1.337,1.337,1.337,1.337,1.337,1.344,1.344,1.344,4114.5,4092.6,4117.6,4117.6,4117.6,4117.6,4117.6,4117.6,4117.6,99.8,1239.3,3518.4,2211.9,3229.7,825.2,1466.9,1435.0,1271.4,1072.7,431.5,406.0,957.0,719.2,736.5,607.5,378.8,560.7,1239.3,26.7,39.6,52.9,78.3,19.7,34.6,34.4,30.0,25.5,10.3,9.5,22.2,16.3,16.5,14.3,9.0,13.4,78.3,26.7,30.5,44.9,60.6,89.4,22.4,39.9,39.1,34.6,28.9,11.5,10.7,25.9,19.2,19.4,16.1,10.1,15.2,30.5,41.2,41.0,41.2,41.2,41.2,41.2,41.2,41.2,41.2,0.0,74.0,85.7,94.7,81.9,77.9,58.7,68.6,65.8,58.7,26.0,14.3,5.3,18.1,22.1,41.3,31.4,34.2,41.3,0.0,0.0,0.0,0.0,0.0,0.0,0.0,0.0,0.0,1197.8,12.00,16,16,16,39,55,661,1,70.9,70.1,70.2,65.8,68.9,69.0,67.8,66.1,63.4,64.3,63.7,63.1,61.1,61.4,60.7,53.0,50.7,1.356,1.038,1.356,14.425,11.948,14.429,66.608,40.800,3.964,5.735,5.998,4.619,3.943,2.529,3.324,3.049,2.519,19.462,12.297,31.759,40.875,1197.8,1197.8,4107.6,4109.9,4105.2,4109.9,46.4,24.0,74.0,73.8,61.1,No,No,No,1.612,0.527,5.9,49,95.0,100.0,No,No,91229,99001,32,99.0,No,No,3320,0.0,0.0,0.0,0.000,0.060,11110,9061,0.0,0.0,0.0,0.000,0.000,50,0,47.2,61.6,83.0,0.713,12.140,12.185,12.159,12.075,1133,37.974,14.910,18.744,5.617,34.276,23.847,10.413,0.336,18.744,21.481,2.162,13.478,220.000,240.000,1200.0,1250.2,1050.0,1121.6,1140.0,41.0,12.0,0.0,3.0,30.7,5.1,20.2,0.0,0.0,0.0,33,Yes,No,No,No,No,Yes,No,18.3,21.1,0,0,0,0,0,0,0,0,0,12,0,0,0,0,0,0,0,0,0,0,0,0,0,0,0,0,0,0,0,0,5676,2516,2351,101,8.0,239.8,264.4,221.0,207.6,214.3,204.4,123.0,243.7,59.9,59.8,59.8,59.8,4.17,4.58,3.74,3.58,4.73,4.93,0.50,0.45,4.06,0.11,2.75,0,0,0.0,0.0,197,29,3.1,3.3,0,
5.7.2026,22:36:28.873,18245,27749,39.6,13149,19533,40.2,0.2,13312,23,1.326,1.331,1.325,1.325,1.325,1.325,1.325,1.325,1.325,4092.6,4092.6,4092.6,4092.6,4092.6,4092.6,4092.6,4092.6,4092.6,99.8,1210.5,3472.1,2050.6,3148.6,926.3,1223.6,1605.1,1234.9,1065.6,466.2,397.2,928.1,713.8,704.1,554.9,451.2,425.8,1210.5,26.4,42.6,49.4,76.5,22.2,29.1,38.4,29.5,25.4,11.1,9.4,22.1,16.8,16.2,12.9,10.8,10.1,76.5,26.4,30.0,48.4,56.2,87.0,25.2,33.0,43.7,33.5,28.8,12.5,10.6,25.0,19.0,18.4,14.7,12.2,11.4,30.0,41.0,41.0,41.0,41.0,41.0,41.0,41.0,41.0,41.0,0.0,72.9,84.6,95.2,80.8,76.3,57.6,67.4,64.3,56.9,27.1,15.4,4.8,19.2,23.7,42.4,32.6,35.7,43.1,0.0,0.0,0.0,0.0,0.0,0.0,0.0,0.0,0.0,1197.8,12.00,16,16,16,39,55,661,1,70.4,69.9,69.5,65.7,68.6,69.1,67.6,66.0,63.4,64.3,63.5,63.0,61.1,61.4,60.7,52.8,50.2,1.356,1.031,1.356,14.347,11.895,14.344,65.587,40.591,3.913,5.583,6.043,4.532,3.862,2.551,3.290,2.950,2.493,19.341,12.243,31.584,40.685,1197.8,1197.8,4108.3,4109.3,4107.4,4109.3,46.2,23.9,72.9,73.5,61.6,No,No,No,1.557,0.511,5.8,49,95.0,100.0,No,No,91229,99001,32,99.0,No,No,3320,0.0,0.1,0.1,0.008,0.180,11110,9061,0.0,0.0,0.0,0.000,0.000,50,0,47.5,62.3,83.0,0.744,12.135,12.180,12.155,12.070,1128,41.653,15.462,20.581,6.261,34.958,23.501,11.433,0.336,20.581,20.962,2.597,13.410,220.000,240.000,1275.0,1250.2,1125.0,1256.1,1215.0,36.0,11.0,0.0,3.0,30.7,5.2,20.7,0.0,0.0,0.0,33,Yes,No,No,No,No,Yes,No,18.9,23.3,0,0,0,0,0,0,0,0,0,12,0,0,0,0,0,0,0,0,0,0,0,0,0,0,0,0,0,0,0,0,5676,2516,2351,101,8.0,239.7,264.3,220.6,209.9,214.3,208.6,135.8,246.5,60.0,59.9,59.9,59.9,4.17,4.63,3.72,3.47,4.74,4.82,0.43,0.52,4.06,0.11,2.48,0,0,0.0,0.0,197,29,2.7,2.0,0,
5.7.2026,22:36:30.872,18244,27750,39.6,13150,19531,40.2,0.2,13312,23,1.338,1.337,1.337,1.337,1.337,1.337,1.337,1.337,1.337,4117.6,4117.6,4117.6,4117.6,4117.6,4117.6,4117.6,4117.6,4117.6,99.8,1137.1,3455.4,1742.1,3148.5,774.2,1244.8,1550.2,1237.1,952.9,407.0,334.5,919.3,605.8,683.4,476.2,324.7,337.8,1137.1,25.0,47.2,41.8,76.4,18.6,29.7,37.3,29.6,22.7,9.8,8.0,22.0,14.3,15.9,11.3,7.9,8.1,76.4,25.0,28.3,53.5,47.4,87.0,20.9,33.6,42.3,33.5,25.7,10.9,8.8,24.8,16.0,17.8,12.7,8.7,9.0,28.3,41.2,41.2,41.2,41.2,41.2,41.2,41.2,41.2,41.2,0.0,72.7,84.1,93.9,81.2,76.3,58.1,66.7,64.9,56.4,27.3,15.9,6.1,18.8,23.7,41.9,33.3,35.1,43.6,0.0,0.0,0.0,0.0,0.0,0.0,0.0,0.0,0.0,1197.8,12.00,16,16,16,39,55,661,1,70.0,69.4,68.5,65.4,68.3,68.6,67.6,65.7,63.1,63.8,63.3,62.5,61.0,61.4,60.7,53.2,51.3,1.344,1.025,1.350,13.777,11.892,13.783,65.427,39.876,3.827,5.487,5.878,4.550,3.802,2.483,3.185,2.899,2.335,18.576,12.235,30.811,39.922,1197.8,1197.8,4109.0,4110.0,4108.1,4110.0,45.4,23.0,72.7,73.1,60.4,No,No,No,1.525,0.512,5.8,49,95.0,100.0,No,No,91229,99001,32,99.0,No,No,3320,0.0,0.0,0.0,0.000,0.008,11110,9061,0.0,0.0,0.0,0.000,0.000,50,0,47.3,62.1,83.0,0.731,12.139,12.185,12.159,12.074,1128,41.923,15.260,19.604,6.044,34.738,23.823,10.891,0.336,19.604,21.498,2.274,13.788,220.000,240.000,1230.0,1250.2,1080.0,1251.8,1170.0,39.0,13.0,0.0,3.0,30.7,5.1,20.4,0.0,0.0,0.0,33,Yes,No,No,No,No,Yes,No,18.7,21.8,0,0,0,0,0,0,0,0,0,12,0,0,0,0,0,0,0,0,0,0,0,0,0,0,0,0,0,0,0,0,5676,2516,2351,101,8.0,239.8,265.4,215.5,210.8,213.1,209.6,136.4,242.1,59.9,59.9,59.9,59.9,4.17,4.69,3.72,3.63,4.72,4.77,0.44,0.48,4.07,0.10,2.51,0,0,0.0,0.0,197,29,2.8,1.9,0,
5.7.2026,22:36:32.875,18250,27744,39.6,13155,19527,40.2,0.2,13312,23,1.352,1.337,1.356,1.356,1.356,1.356,1.356,1.350,1.350,4120.7,4142.5,4117.6,4117.6,4117.6,4117.6,4117.6,4117.6,4117.6,99.8,1102.0,3397.9,995.7,3101.0,849.5,2044.1,855.8,1475.2,730.1,426.7,327.3,1066.2,543.8,793.2,396.9,387.4,241.8,1102.0,24.9,58.8,23.5,75.3,20.3,49.2,20.3,35.3,17.2,10.1,7.7,25.4,12.7,18.4,9.2,9.2,5.7,75.3,24.9,28.2,66.8,26.6,85.7,23.0,55.8,23.0,40.1,19.4,11.4,8.6,28.8,14.4,20.9,10.3,10.4,6.3,28.2,41.3,41.5,41.2,41.2,41.2,41.2,41.2,41.2,41.2,0.0,72.3,82.8,93.8,81.9,75.9,57.8,67.3,63.6,55.5,27.7,17.2,6.2,18.1,24.1,42.2,32.7,36.4,44.5,0.0,0.0,0.0,0.0,0.0,0.0,0.0,0.0,0.0,1197.8,12.00,16,16,16,39,55,661,1,70.0,69.5,70.2,65.4,67.8,68.9,67.6,65.9,63.1,64.1,63.2,62.6,61.0,61.4,60.7,53.5,50.7,1.356,1.031,1.363,13.840,11.898,13.840,65.089,39.924,3.826,5.184,6.023,4.613,3.809,2.482,3.283,2.902,2.314,18.663,12.241,30.904,40.010,1197.8,1197.8,4108.8,4110.8,4106.8,4110.8,45.5,23.1,72.3,73.1,60.8,No,No,No,1.548,0.569,5.8,49,95.0,100.0,No,No,91229,99001,32,99.0,No,No,3320,0.0,0.0,0.0,0.000,0.099,11110,9061,0.0,0.0,0.0,0.000,0.000,50,0,47.4,62.0,83.0,0.744,12.135,12.181,12.155,12.070,1129,41.292,16.228,21.381,6.797,36.112,24.201,11.878,0.336,21.381,21.849,2.382,15.966,220.000,240.000,1275.0,1250.2,1125.0,1220.0,1215.0,40.0,13.0,0.0,4.0,30.7,5.3,21.2,0.0,0.0,0.0,33,Yes,No,No,No,No,Yes,No,19.6,22.2,0,0,0,0,0,0,0,0,0,12,0,0,0,0,0,0,0,0,0,0,0,0,0,0,0,0,0,0,0,0,5676,2516,2351,101,8.0,239.8,263.1,219.2,217.4,218.1,217.2,132.9,242.9,59.9,59.8,59.9,59.8,4.17,4.61,3.74,3.61,4.65,4.70,0.45,0.43,4.06,0.11,2.59,0,0,0.0,0.0,197,29,2.3,2.0,0,
5.7.2026,22:36:34.876,18245,27749,39.6,13145,19536,40.2,0.2,13312,23,1.329,1.344,1.331,1.331,1.325,1.325,1.325,1.325,1.325,4095.7,4117.6,4092.6,4092.6,4092.6,4092.6,4092.6,4092.6,4092.6,99.8,1112.1,3425.1,991.8,3169.8,740.0,2113.0,741.2,1473.7,701.9,507.8,390.8,1019.1,617.4,737.8,421.2,450.0,293.5,1112.1,24.9,59.1,23.2,76.9,17.4,50.8,17.2,35.1,16.3,11.8,8.9,24.1,14.2,16.9,9.5,10.4,6.6,76.9,24.9,28.5,67.3,26.6,87.6,20.0,57.9,19.9,40.1,18.7,13.7,10.4,27.6,16.5,19.4,11.1,12.1,7.7,28.5,41.0,41.2,41.0,41.0,41.0,41.0,41.0,41.0,41.0,0.0,72.0,83.5,93.7,81.3,75.1,57.4,67.6,61.7,55.4,28.0,16.5,6.3,18.7,24.9,42.6,32.4,38.3,44.6,0.0,0.0,0.0,0.0,0.0,0.0,0.0,0.0,0.0,1197.8,12.00,16,16,16,39,55,661,1,70.1,70.2,69.8,65.7,68.3,68.8,67.8,65.7,63.8,64.5,63.6,63.1,61.1,61.4,60.8,53.0,49.9,1.356,1.031,1.344,14.097,11.888,14.095,64.765,40.264,3.899,5.394,5.945,4.612,3.785,2.698,3.386,2.892,2.480,19.019,12.231,31.250,40.352,1197.8,1197.8,4106.3,4107.9,4104.7,4108.3,45.9,23.5,72.0,73.9,60.8,No,No,No,1.532,0.559,5.8,49,95.0,100.0,No,No,91229,99001,32,99.0,No,No,3320,0.0,0.0,0.0,0.008,0.057,11110,9061,0.0,0.0,0.0,0.000,0.000,50,0,47.4,62.2,83.0,0.738,12.138,12.185,12.157,12.072,1129,42.128,15.730,20.435,6.226,35.183,23.806,11.352,0.336,20.435,21.296,2.329,15.903,220.000,240.000,1260.0,1250.2,1095.0,1271.8,1185.0,39.0,12.0,0.0,3.0,30.7,5.2,20.7,0.0,0.0,0.0,33,Yes,No,No,No,No,Yes,No,19.0,23.0,0,0,0,0,0,0,0,0,0,12,0,0,0,0,0,0,0,0,0,0,0,0,0,0,0,0,0,0,0,0,5676,2516,2351,101,8.0,239.8,262.8,222.5,221.1,221.7,220.8,147.8,242.3,79.9,79.8,79.9,79.8,4.17,4.54,3.79,3.66,4.55,4.55,0.46,0.43,4.06,0.11,3.13,0,0,0.0,0.0,197,29,2.8,2.4,0,
5.7.2026,22:36:36.880,18249,27745,39.6,13151,19531,40.2,0.2,13312,23,1.333,1.344,1.331,1.331,1.331,1.331,1.331,1.331,1.331,4111.3,4092.6,4117.6,4117.6,4117.6,4117.6,4117.6,4117.6,4092.6,99.8,1119.1,3392.0,1001.8,3230.7,815.4,1839.8,1018.5,1309.9,869.9,448.1,318.4,959.9,664.0,712.0,494.4,556.1,275.1,1119.1,25.5,57.8,24.1,78.6,19.3,44.6,24.7,31.8,21.0,10.5,7.3,23.3,15.5,16.9,12.0,13.9,6.2,78.6,25.5,28.6,65.4,26.8,89.3,22.1,50.3,27.6,35.6,23.3,12.0,8.4,25.9,17.7,18.6,13.0,15.1,7.2,28.6,41.2,41.0,41.2,41.2,41.2,41.2,41.2,41.2,41.0,0.0,72.3,82.6,94.5,81.2,75.4,57.1,67.5,63.4,56.8,27.7,17.4,5.5,18.8,24.6,42.9,32.5,36.6,43.2,0.0,0.0,0.0,0.0,0.0,0.0,0.0,0.0,0.0,1197.8,12.00,16,16,16,39,55,661,1,70.0,69.6,69.8,65.4,67.8,69.1,67.5,65.8,63.1,64.0,63.3,62.8,61.0,61.4,60.7,52.0,50.4,1.356,1.025,1.344,13.987,11.900,13.983,65.079,40.133,3.849,5.187,6.115,4.592,3.789,2.467,3.278,2.921,2.443,18.879,12.246,31.125,40.225,1197.8,1197.8,4109.1,4111.8,4106.4,4112.1,45.7,23.3,72.3,73.3,61.1,No,No,No,1.561,0.546,5.8,49,95.0,100.0,No,No,91229,99001,32,99.0,No,No,3320,0.0,0.1,0.1,0.000,0.061,11110,9061,0.0,0.0,0.0,0.000,0.000,50,0,47.2,61.8,83.0,0.725,12.139,12.186,12.158,12.074,1130,41.113,14.893,19.199,5.764,34.226,23.532,10.666,0.336,19.199,21.121,2.289,12.602,220.000,240.000,1215.0,1250.2,1065.0,1235.6,1155.0,37.0,12.0,0.0,3.0,30.7,5.2,20.7,0.0,0.0,0.0,33,Yes,No,No,No,No,Yes,No,18.3,21.4,0,0,0,0,0,0,0,0,0,12,0,0,0,0,0,0,0,0,0,0,0,0,0,0,0,0,0,0,0,0,5676,2516,2351,101,8.0,239.8,261.0,221.8,206.1,213.6,203.0,131.8,241.8,59.9,59.9,59.9,59.9,4.17,4.55,3.77,3.59,4.74,5.00,0.45,0.48,4.07,0.10,2.26,0,0,0.0,0.0,197,29,2.2,1.3,0,
5.7.2026,22:36:38.876,18254,27740,39.6,13156,19526,40.2,0.2,13312,23,1.370,1.337,1.375,1.375,1.375,1.375,1.375,1.375,1.369,4158.1,4117.6,4167.5,4167.5,4167.5,4167.5,4167.5,4142.5,4167.5,99.8,1074.7,3351.7,1097.2,3086.3,783.4,1302.9,1465.9,1181.9,1017.0,372.2,313.7,835.1,681.1,670.6,437.6,319.0,280.1,1074.7,23.7,55.1,25.4,74.5,18.8,30.5,34.7,27.6,23.7,8.8,7.5,19.1,16.1,14.8,9.6,6.9,6.7,74.5,23.7,27.3,63.1,29.5,85.1,21.3,35.2,40.0,31.9,27.6,9.9,8.3,22.3,18.2,17.5,11.6,8.5,7.4,27.3,41.7,41.2,41.8,41.8,41.8,41.8,41.8,41.5,41.8,0.0,71.0,81.5,93.0,80.4,75.5,55.9,65.7,62.4,53.6,29.0,18.5,7.0,19.6,24.5,44.1,34.3,37.6,46.4,0.0,0.0,0.0,0.0,0.0,0.0,0.0,0.0,0.0,1197.8,12.00,16,16,16,39,55,661,1,69.8,69.1,68.8,65.1,67.3,68.5,67.1,65.6,63.0,63.8,63.1,62.4,60.9,61.3,60.6,53.8,50.4,1.350,1.025,1.356,13.568,11.859,13.569,63.910,39.538,3.737,5.070,5.795,4.450,3.830,2.429,3.177,2.847,2.293,18.321,12.202,30.523,39.602,1197.8,1197.8,4113.8,4115.1,4112.4,4115.1,45.0,22.6,71.0,72.7,61.1,No,No,No,1.357,0.372,5.7,49,95.0,100.0,No,No,91229,99001,32,99.0,No,No,3320,0.1,0.0,0.1,0.251,0.004,11110,9062,0.0,0.0,0.0,0.000,0.000,50,0,47.3,62.2,83.0,0.731,12.138,12.184,12.157,12.073,1132,41.751,16.089,20.950,6.457,36.034,24.363,11.639,0.336,20.950,21.857,2.395,15.903,220.000,240.000,1245.0,1250.2,1080.0,1226.2,1170.0,40.0,14.0,0.0,2.0,30.7,5.5,21.9,0.0,0.0,0.0,33,Yes,No,No,No,No,Yes,No,19.5,21.9,0,0,0,0,0,0,0,0,0,12,0,0,0,0,0,0,0,0,0,0,0,0,0,0,0,0,0,0,0,0,5676,2516,2351,101,8.0,239.7,261.7,219.5,213.9,216.5,212.7,157.8,241.8,79.9,79.9,79.9,79.9,4.17,4.58,3.81,3.78,4.66,4.73,0.54,0.46,4.07,0.10,2.47,0,0,0.0,0.0,197,29,4.4,2.2,0,
5.7.2026,22:36:40.877,18249,27745,39.6,13154,19528,40.2,0.2,13312,23,1.326,1.319,1.325,1.331,1.331,1.325,1.325,1.325,1.325,4105.1,4092.6,4092.6,4092.6,4092.6,4117.6,4117.6,4117.6,4117.6,99.8,1140.8,3492.3,1125.8,3282.1,710.8,1250.9,1603.5,1020.4,1308.0,430.1,385.4,828.9,827.5,671.3,551.0,434.2,330.1,1140.8,26.1,61.4,27.0,79.8,17.3,30.0,39.0,23.9,31.5,9.9,8.9,19.9,20.0,15.8,13.4,10.8,8.3,79.8,26.1,29.3,69.6,30.2,90.7,19.1,33.6,43.9,27.3,35.4,11.4,10.2,22.1,22.2,17.4,14.6,11.6,8.7,29.3,41.1,41.0,41.0,41.0,41.0,41.2,41.2,41.2,41.2,0.0,73.8,85.0,94.6,81.1,77.4,59.7,69.2,65.2,57.9,26.2,15.0,5.4,18.9,22.6,40.3,30.8,34.8,42.1,0.0,0.0,0.0,0.0,0.0,0.0,0.0,0.0,0.0,1197.8,12.00,16,16,16,39,55,661,1,69.8,69.7,73.0,65.5,68.1,69.0,67.4,66.0,63.2,64.1,63.3,62.9,61.0,61.4,60.7,55.0,50.9,1.319,1.019,1.331,14.172,11.912,14.171,66.396,40.367,3.884,5.344,6.015,4.539,3.929,2.525,3.331,2.956,2.431,19.115,12.258,31.373,40.470,1197.8,1197.8,4109.6,4110.8,4108.4,4110.8,46.0,23.6,73.8,73.3,61.3,No,No,No,1.510,0.451,5.9,49,95.0,100.0,No,No,91229,99001,32,99.0,No,No,3320,0.3,1.3,1.6,0.753,7.749,11112,9076,0.0,0.0,0.0,0.000,0.000,50,0,47.2,62.0,83.0,0.731,12.137,12.182,12.157,12.072,1130,41.033,15.182,19.874,5.957,34.938,23.866,11.041,0.336,19.874,21.346,2.246,12.346,220.000,240.000,1245.0,1250.2,1080.0,1240.7,1170.0,40.0,13.0,0.0,3.0,30.7,5.0,20.1,0.0,0.0,0.0,33,Yes,No,No,No,No,Yes,No,18.7,21.6,0,0,0,0,0,0,0,0,0,12,0,0,0,0,0,0,0,0,0,0,0,0,0,0,0,0,0,0,0,0,5676,2516,2351,101,8.0,239.7,262.1,221.3,209.3,215.1,206.5,140.1,241.4,79.9,79.8,79.8,79.8,4.17,4.59,3.75,3.63,4.71,4.90,0.46,0.52,4.07,0.10,2.49,0,0,0.0,0.0,197,29,3.2,2.6,0,
5.7.2026,22:36:42.879,18256,27738,39.6,13156,19525,40.2,0.2,13312,23,1.333,1.344,1.331,1.331,1.331,1.331,1.331,1.331,1.331,4117.6,4117.6,4117.6,4117.6,4117.6,4117.6,4117.6,4117.6,4117.6,99.8,1198.1,3459.3,1273.3,3177.7,908.8,1926.8,1154.0,1244.3,1193.4,502.6,403.5,1004.7,773.3,771.2,544.9,417.7,413.3,1198.1,27.1,57.7,30.2,77.1,21.7,46.2,27.0,30.1,28.6,12.6,10.2,23.8,18.3,17.8,12.7,9.9,9.1,77.1,27.1,30.7,65.6,34.4,87.8,24.7,52.6,31.4,33.7,32.5,13.5,10.7,27.0,20.8,20.2,14.5,11.2,11.1,30.7,41.2,41.2,41.2,41.2,41.2,41.2,41.2,41.2,41.2,0.0,74.0,84.2,94.5,82.9,77.9,59.6,69.4,65.3,58.0,26.0,15.8,5.5,17.1,22.1,40.4,30.6,34.7,42.0,0.0,0.0,0.0,0.0,0.0,0.0,0.0,0.0,0.0,1197.8,12.00,16,16,16,39,55,661,1,69.8,69.8,67.2,65.7,68.1,69.1,67.9,66.3,63.4,64.4,63.6,63.0,61.0,61.4,60.7,54.5,50.2,1.350,1.025,1.356,14.441,11.917,14.445,66.580,40.782,3.955,5.341,6.032,4.727,4.017,2.604,3.413,3.024,2.480,19.478,12.263,31.741,40.853,1197.8,1197.8,4109.3,4110.6,4107.9,4110.6,46.4,24.1,74.0,73.4,61.4,No,No,No,1.575,0.502,5.9,49,95.0,100.0,No,No,91229,99001,32,99.0,No,No,3320,0.0,0.1,0.1,0.024,0.186,11112,9077,0.0,0.0,0.0,0.000,0.000,50,0,47.2,61.9,83.0,0.744,12.137,12.183,12.156,12.071,1132,41.179,15.569,20.086,6.043,34.838,23.660,11.158,0.336,20.086,21.131,2.421,15.930,220.000,240.000,1275.0,1250.2,1125.0,1232.9,1215.0,38.0,12.0,0.0,3.0,30.7,5.0,20.2,0.0,0.0,0.0,33,Yes,No,No,No,No,Yes,No,19.1,22.6,0,0,0,0,0,0,0,0,0,12,0,0,0,0,0,0,0,0,0,0,0,0,0,0,0,0,0,0,0,0,5676,2516,2351,101,8.0,239.7,261.2,221.9,216.0,218.3,215.1,133.8,241.0,79.9,79.8,79.8,79.8,4.17,4.53,3.79,3.73,4.62,4.71,0.45,0.53,4.07,0.10,2.80,0,0,0.0,0.0,197,29,3.7,3.1,0,
5.7.2026,22:36:44.876,18269,27724,39.7,13169,19512,40.2,0.2,13312,23,1.336,1.325,1.337,1.337,1.337,1.337,1.337,1.337,1.337,4114.5,4092.6,4117.6,4117.6,4117.6,4117.6,4117.6,4117.6,4117.6,99.8,1166.2,3429.7,1791.2,3093.4,894.4,1597.0,1251.6,1094.8,1161.2,386.2,352.8,949.8,709.1,681.0,540.0,396.3,330.2,1166.2,25.3,44.7,42.9,75.0,20.7,38.1,30.5,26.0,27.7,8.3,7.5,22.5,16.0,15.6,12.6,8.7,7.7,75.0,25.3,29.0,50.8,48.8,85.4,24.3,43.4,34.1,29.6,31.5,10.3,9.3,25.6,18.9,17.8,14.3,10.6,8.8,29.0,41.2,41.0,41.2,41.2,41.2,41.2,41.2,41.2,41.2,0.0,72.7,83.5,94.7,81.4,76.8,57.1,68.4,64.1,55.9,27.3,16.5,5.3,18.6,23.2,42.9,31.6,35.9,44.1,0.0,0.0,0.0,0.0,0.0,0.0,0.0,0.0,0.0,1197.8,12.00,16,16,16,39,55,661,1,69.8,69.6,68.5,65.5,68.0,68.9,67.6,65.9,63.1,64.2,63.4,62.7,61.0,61.3,60.6,53.0,50.4,1.350,1.038,1.356,14.117,11.930,14.119,65.454,40.362,3.867,5.327,6.010,4.572,3.892,2.464,3.364,2.928,2.378,19.051,12.275,31.326,40.434,1197.8,1197.8,4110.1,4113.0,4107.3,4113.0,45.9,23.5,72.7,73.3,61.4,No,No,No,1.574,0.514,5.8,49,95.0,100.0,No,No,91229,99001,32,99.0,No,No,3320,0.0,0.1,0.1,0.000,0.214,11112,9077,0.0,0.0,0.0,0.000,0.000,50,0,47.2,61.8,83.0,0.731,12.141,12.187,12.161,12.076,1130,41.614,15.399,19.836,6.045,34.962,23.911,11.020,0.336,19.836,21.497,2.353,14.192,220.000,240.000,1245.0,1250.2,1080.0,1267.2,1170.0,40.0,13.0,0.0,3.0,30.7,5.1,20.5,0.0,0.0,0.0,33,Yes,No,No,No,No,Yes,No,18.8,21.7,0,0,0,0,0,0,0,0,0,12,0,0,0,0,0,0,0,0,0,0,0,0,0,0,0,0,0,0,0,0,5676,2516,2351,101,8.0,239.7,269.5,215.7,207.0,210.4,206.1,136.3,241.8,79.9,79.8,79.8,79.8,4.17,4.63,3.65,3.44,4.80,4.94,0.42,0.29,4.07,0.10,2.68,0,0,0.0,0.0,197,29,3.2,2.3,0,
5.7.2026,22:36:46.883,18260,27733,39.7,13160,19521,40.2,0.2,13312,23,1.348,1.337,1.350,1.350,1.350,1.350,1.350,1.350,1.350,4117.6,4117.6,4117.6,4117.6,4117.6,4117.6,4117.6,4117.6,4117.6,99.8,1160.4,3369.1,1847.3,2991.6,971.9,1345.4,1466.8,922.9,1273.7,363.7,365.2,881.4,707.4,595.5,562.1,530.4,371.7,1160.4,25.6,42.4,44.5,72.6,23.8,32.1,35.3,21.8,30.6,9.2,9.3,20.9,17.4,13.5,13.2,13.3,9.4,72.6,25.6,28.8,48.2,50.6,82.8,26.5,36.5,40.1,24.8,34.7,9.6,9.7,23.7,18.9,15.4,15.0,14.4,9.9,28.8,41.2,41.2,41.2,41.2,41.2,41.2,41.2,41.2,41.2,0.0,72.0,82.1,94.6,81.0,75.7,56.2,66.8,62.9,56.9,28.0,17.9,5.4,19.0,24.3,43.8,33.2,37.1,43.1,0.0,0.0,0.0,0.0,0.0,0.0,0.0,0.0,0.0,1197.8,12.00,16,16,16,39,55,661,1,69.8,69.7,69.8,65.4,67.9,69.0,67.3,65.7,63.0,64.2,63.2,63.2,61.0,61.3,60.6,53.0,50.2,1.362,1.038,1.369,14.025,11.948,14.023,64.822,40.242,3.852,5.317,6.041,4.508,3.820,2.429,3.264,2.886,2.548,18.951,12.294,31.244,40.343,1197.8,1197.8,4109.3,4112.9,4105.6,4113.2,45.8,23.4,72.0,73.4,61.3,No,No,No,1.559,0.513,5.8,49,95.0,100.0,No,No,91229,99001,32,99.0,No,No,3320,0.0,0.0,0.0,0.000,0.024,11112,9077,0.0,0.0,0.0,0.000,0.000,50,0,47.1,61.9,83.0,0.731,12.135,12.180,12.155,12.071,1129,41.168,15.242,19.401,5.919,34.750,23.950,10.778,0.336,19.401,21.590,2.345,13.951,220.000,240.000,1230.0,1250.2,1080.0,1240.5,1170.0,40.0,13.0,0.0,3.0,30.7,5.1,20.4,0.0,0.0,0.0,33,Yes,No,No,No,No,Yes,No,18.6,21.3,0,0,0,0,0,0,0,0,0,12,0,0,0,0,0,0,0,0,0,0,0,0,0,0,0,0,0,0,0,0,5676,2516,2351,101,8.0,239.8,264.3,219.0,216.1,217.0,215.8,134.8,242.6,59.9,59.9,59.9,59.9,4.17,4.58,3.76,3.58,4.63,4.70,0.47,0.44,4.07,0.10,2.42,0,0,0.0,0.0,197,29,3.1,2.4,0,
5.7.2026,22:36:48.879,18265,27729,39.7,13160,19522,40.2,0.2,13312,23,1.342,1.337,1.337,1.344,1.344,1.344,1.344,1.344,1.344,4117.6,4117.6,4117.6,4117.6,4117.6,4117.6,4117.6,4117.6,4117.6,99.8,1151.8,3396.6,1932.6,3070.6,894.2,975.4,1849.2,892.8,1308.4,353.0,353.1,761.6,841.3,600.0,606.7,349.8,243.2,1151.8,24.9,41.6,46.4,74.4,21.3,22.8,44.6,20.9,31.2,8.1,8.2,17.8,19.8,13.5,14.2,8.2,5.5,74.4,24.9,28.4,47.5,52.8,84.8,24.3,26.0,50.8,23.9,35.6,9.3,9.4,20.3,22.6,15.5,16.2,9.4,6.4,28.4,41.2,41.2,41.2,41.2,41.2,41.2,41.2,41.2,41.2,0.0,71.9,82.6,94.4,80.9,75.4,56.7,67.4,63.5,54.1,28.1,17.4,5.6,19.1,24.6,43.3,32.6,36.5,45.9,0.0,0.0,0.0,0.0,0.0,0.0,0.0,0.0,0.0,1197.8,12.00,16,16,16,39,55,661,1,69.8,69.7,70.8,65.4,68.1,68.9,67.5,65.7,63.0,63.9,63.2,62.4,60.9,61.3,60.6,55.2,50.9,1.344,1.031,1.350,13.915,11.887,13.914,64.677,40.047,3.839,5.428,6.025,4.555,3.799,2.437,3.261,2.931,2.275,18.804,12.232,31.037,40.134,1197.8,1197.8,4114.2,4116.6,4111.8,4116.6,45.6,23.2,71.9,73.4,61.0,No,No,No,1.520,0.503,5.7,49,95.0,100.0,No,No,91229,99001,32,99.0,No,No,3320,0.0,0.1,0.1,0.008,0.190,11112,9077,0.0,0.0,0.0,0.000,0.000,50,0,46.8,61.4,83.0,0.719,12.139,12.183,12.158,12.075,1129,40.374,14.496,16.547,4.605,32.098,22.894,9.193,0.336,16.547,20.498,8.505,13.737,220.000,240.000,1185.0,1250.2,1050.0,1211.6,1140.0,36.0,11.0,0.0,3.0,30.7,5.0,20.1,0.0,0.0,0.0,33,Yes,No,No,No,No,Yes,No,16.8,22.5,0,0,0,0,0,0,0,0,0,12,0,0,0,0,0,0,0,0,0,0,0,0,0,0,0,0,0,0,0,0,5676,2516,2351,101,8.0,239.8,262.4,220.5,217.2,218.6,216.6,134.2,245.5,64.8,59.9,59.9,59.9,4.17,4.57,3.78,3.59,4.63,4.67,0.46,0.60,4.07,0.10,2.27,0,0,0.0,0.0,197,29,6.2,4.9,0,
5.7.2026,22:36:50.883,18262,27731,39.7,13162,19520,40.2,0.2,13312,23,1.339,1.344,1.331,1.331,1.331,1.344,1.344,1.344,1.344,4114.5,4117.6,4092.6,4117.6,4117.6,4117.6,4117.6,4117.6,4117.6,99.8,1201.4,3441.0,1858.5,3035.4,934.3,1036.9,1855.0,844.5,1461.1,400.0,403.1,868.6,850.1,686.0,568.7,477.9,502.0,1201.4,26.1,45.1,44.4,73.7,22.0,24.1,44.7,19.6,34.8,9.1,9.2,20.2,19.8,15.5,13.0,11.1,11.7,73.7,26.1,29.9,51.4,50.6,83.9,25.3,27.7,50.9,22.5,39.7,10.6,10.7,23.2,22.8,17.9,15.1,12.9,13.6,29.9,41.2,41.2,41.0,41.2,41.2,41.2,41.2,41.2,41.2,0.0,74.4,84.0,94.2,82.1,77.8,59.4,69.9,66.7,61.0,25.6,16.0,5.8,17.9,22.2,40.6,30.1,33.3,39.0,0.0,0.0,0.0,0.0,0.0,0.0,0.0,0.0,0.0,1197.8,12.00,16,16,16,39,55,661,1,70.0,70.7,69.8,66.0,68.5,69.0,67.8,66.1,63.7,65.0,63.9,64.4,61.1,61.5,60.8,52.5,50.4,1.350,1.025,1.350,14.638,11.905,14.631,66.956,40.932,4.026,5.500,5.966,4.635,3.962,2.617,3.526,3.071,2.934,19.711,12.253,31.964,41.059,1197.8,1197.8,4100.3,4101.2,4099.4,4101.2,46.7,24.4,74.4,74.5,61.0,No,No,No,1.530,0.519,6.0,49,95.0,100.0,No,No,91229,99001,32,99.0,No,No,3320,0.0,0.0,0.0,0.000,0.006,11112,9077,0.0,0.0,0.0,0.000,0.000,50,0,47.1,61.8,83.0,0.731,12.135,12.180,12.155,12.071,1129,40.829,15.360,19.851,5.980,34.618,23.574,11.028,0.336,19.851,21.072,2.368,14.917,220.000,240.000,1230.0,1250.2,1080.0,1200.0,1170.0,40.0,13.0,0.0,4.0,30.7,5.3,21.4,0.0,0.0,0.0,33,Yes,No,No,No,No,Yes,No,18.6,23.5,0,0,0,0,0,0,0,0,0,12,0,0,0,0,0,0,0,0,0,0,0,0,0,0,0,0,0,0,0,0,5676,2516,2351,97,8.0,239.7,264.1,219.0,207.4,211.5,206.9,128.6,242.6,60.0,59.9,59.9,59.9,4.17,4.61,3.72,3.61,4.76,4.84,0.44,0.52,4.07,0.11,2.74,0,0,0.0,0.0,197,29,2.9,2.4,0,
5.7.2026,22:36:52.873,18262,27731,39.7,13162,19520,40.2,0.2,13312,23,1.341,1.344,1.337,1.344,1.344,1.331,1.344,1.344,1.344,4092.6,4117.6,4067.7,4092.6,4092.6,4092.6,4092.6,4092.6,4092.6,99.8,1126.2,3406.2,1814.4,3033.2,884.8,1539.6,1276.3,1035.8,1164.4,360.2,300.4,818.6,681.7,613.1,506.7,328.6,254.9,1126.2,24.8,43.6,43.8,73.7,21.6,37.0,30.9,24.8,28.2,8.1,7.4,19.6,16.5,14.3,12.2,8.2,6.3,73.7,24.8,27.8,49.4,49.6,83.8,24.2,41.7,34.8,27.8,31.7,9.5,7.9,21.8,18.3,15.8,13.4,8.8,6.7,27.8,41.0,41.2,40.8,41.0,41.0,41.0,41.0,41.0,41.0,0.0,71.7,82.9,94.0,81.4,76.1,56.1,66.3,62.9,53.7,28.3,17.1,6.0,18.6,23.9,43.9,33.7,37.1,46.3,0.0,0.0,0.0,0.0,0.0,0.0,0.0,0.0,0.0,1197.8,12.00,16,16,16,39,55,661,1,69.9,69.6,69.2,65.3,68.0,68.9,67.5,65.8,62.9,63.9,63.1,62.3,61.0,61.3,60.6,52.0,50.6,1.344,1.019,1.350,13.764,11.886,13.773,64.505,39.881,3.801,5.305,6.038,4.539,3.819,2.399,3.191,2.860,2.258,18.572,12.231,30.803,39.917,1197.8,1197.8,4111.4,4112.9,4109.9,4113.1,45.4,23.0,71.7,73.2,60.9,No,No,No,1.522,0.538,5.7,49,95.0,100.0,No,No,91229,99001,32,99.0,No,No,3320,0.0,0.0,0.0,0.000,0.046,11112,9078,0.0,0.0,0.0,0.000,0.000,50,0,47.1,61.9,83.0,0.738,12.136,12.181,12.156,12.072,1132,41.364,15.995,21.020,6.480,35.654,23.962,11.677,0.336,21.020,21.442,2.449,15.907,220.000,240.000,1260.0,1250.2,1095.0,1226.9,1185.0,38.0,12.0,0.0,3.0,30.7,5.1,20.6,0.0,0.0,0.0,33,Yes,No,No,No,No,Yes,No,19.3,23.6,0,0,0,0,0,0,0,0,0,12,0,0,0,0,0,0,0,0,0,0,0,0,0,0,0,0,0,0,0,0,5676,2516,2351,97,8.0,239.8,258.1,222.7,217.0,218.9,216.9,125.5,242.1,59.9,59.9,59.9,59.8,4.17,4.51,3.84,3.74,4.58,4.66,0.43,0.50,4.07,0.10,2.64,0,0,0.0,0.0,197,29,2.3,2.1,0,
5.7.2026,22:36:54.880,18266,27728,39.7,13164,19517,40.2,0.2,13312,23,1.333,1.344,1.331,1.331,1.331,1.331,1.331,1.331,1.331,4105.1,4117.6,4092.6,4092.6,4092.6,4092.6,4117.6,4117.6,4117.6,99.8,1144.9,3443.5,1843.5,3049.3,901.6,1719.0,1126.3,1173.4,1058.7,352.4,326.6,928.0,636.4,624.1,522.5,377.1,236.0,1144.9,24.6,43.8,44.0,73.9,21.2,40.8,26.6,27.5,24.9,8.6,7.2,21.7,14.6,13.8,11.9,8.6,5.1,73.9,24.6,28.3,50.1,50.3,84.3,24.6,46.7,30.6,31.6,28.7,9.4,8.7,25.0,16.9,16.2,13.9,10.2,6.2,28.3,41.1,41.2,41.0,41.0,41.0,41.0,41.2,41.2,41.2,0.0,72.5,83.8,94.3,82.1,76.6,57.1,67.3,63.8,55.1,27.5,16.2,5.7,17.9,23.4,42.9,32.7,36.2,44.9,0.0,0.0,0.0,0.0,0.0,0.0,0.0,0.0,0.0,1197.8,12.00,16,16,16,39,55,661,1,69.9,69.6,71.2,65.3,68.1,69.0,67.5,65.7,62.9,63.9,63.1,62.5,60.9,61.3,60.6,52.5,50.4,1.344,1.025,1.344,13.961,11.882,13.954,65.259,40.049,3.838,5.404,6.070,4.588,3.835,2.397,3.244,2.852,2.317,18.829,12.225,31.054,40.140,1197.8,1197.8,4110.8,4112.2,4109.5,4112.2,45.6,23.3,72.5,73.3,61.1,No,No,No,1.506,0.482,5.8,49,95.0,100.0,No,No,91229,99001,32,99.0,No,No,3320,0.0,0.0,0.0,0.000,0.044,11112,9078,0.0,0.0,0.0,0.000,0.000,50,0,47.0,61.7,83.0,0.731,12.137,12.182,12.157,12.073,1134,41.338,15.093,19.601,5.884,34.732,23.819,10.889,0.336,19.601,21.345,2.373,12.349,220.000,240.000,1245.0,1250.2,1080.0,1253.8,1170.0,39.0,12.0,0.0,3.0,30.7,5.2,20.8,0.0,0.0,0.0,33,Yes,No,No,No,No,Yes,No,18.6,21.3,0,0,0,0,0,0,0,0,0,12,0,0,0,0,0,0,0,0,0,0,0,0,0,0,0,0,0,0,0,0,5676,2516,2351,97,8.0,239.7,258.5,224.0,217.0,219.8,216.2,143.2,242.2,79.9,79.9,79.9,79.8,4.17,4.53,3.79,3.59,4.59,4.63,0.45,0.55,4.07,0.11,2.77,0,0,0.0,0.0,197,29,3.2,2.6,0,
5.7.2026,22:36:56.871,18262,27732,39.7,13158,19523,40.2,0.2,13312,23,1.355,1.356,1.350,1.350,1.356,1.356,1.356,1.356,1.356,4126.9,4142.5,4142.5,4142.5,4117.6,4117.6,4117.6,4117.6,4117.6,99.8,1168.3,3480.6,1360.4,3052.6,859.6,1928.0,1035.1,1527.1,818.1,454.0,302.0,1091.4,606.3,814.4,471.6,587.5,304.8,1168.3,26.3,55.1,32.6,74.0,20.8,46.5,24.8,36.7,19.6,11.0,7.3,26.2,14.4,19.1,11.2,14.4,7.4,74.0,26.3,29.7,62.6,36.8,84.3,23.3,52.7,27.9,41.5,22.0,12.2,7.9,29.4,16.1,21.5,12.5,16.0,8.0,29.7,41.3,41.5,41.5,41.5,41.2,41.2,41.2,41.2,41.2,0.0,74.3,84.7,94.3,82.6,78.1,59.4,69.3,66.3,59.5,25.7,15.3,5.7,17.4,21.9,40.6,30.7,33.7,40.5,0.0,0.0,0.0,0.0,0.0,0.0,0.0,0.0,0.0,1197.8,12.00,16,16,16,39,55,661,1,69.9,69.7,68.2,65.5,68.2,69.0,67.7,66.0,63.1,64.1,63.4,62.9,61.0,61.3,60.6,52.8,50.2,1.394,1.031,1.394,14.231,11.915,14.241,66.848,40.507,3.914,5.426,5.989,4.690,3.935,2.486,3.329,2.991,2.465,19.208,12.261,31.470,40.590,1197.8,1197.8,4111.2,4112.4,4110.0,4112.7,46.1,23.7,74.3,73.4,61.2,No,No,No,1.589,0.492,5.9,49,95.0,100.0,No,No,91229,99001,32,99.0,No,No,3320,0.0,0.0,0.0,0.000,0.024,11112,9078,0.0,0.0,0.0,0.000,0.000,50,0,47.0,61.6,83.0,0.719,12.141,12.185,12.160,12.076,1130,40.343,15.435,19.469,5.995,34.948,24.117,10.816,0.336,19.469,21.809,2.265,15.129,220.000,240.000,1200.0,1250.2,1050.0,1199.4,1140.0,41.0,13.0,0.0,3.0,30.7,5.0,20.2,0.0,0.0,0.0,33,Yes,No,No,No,No,Yes,No,18.8,22.4,0,0,0,0,0,0,0,0,0,12,0,0,0,0,0,0,0,0,0,0,0,0,0,0,0,0,0,0,0,0,5676,2516,2351,97,8.0,239.8,259.7,223.5,221.0,221.9,220.8,133.8,243.7,60.0,59.9,59.9,59.9,4.17,4.53,3.83,3.57,4.56,4.60,0.46,0.50,4.06,0.11,2.49,0,0,0.0,0.0,197,29,3.3,2.6,0,
5.7.2026,22:36:58.873,18270,27724,39.7,13166,19516,40.2,0.2,13312,23,1.335,1.344,1.325,1.325,1.337,1.337,1.337,1.337,1.337,4114.5,4092.6,4117.6,4117.6,4117.6,4117.6,4117.6,4117.6,4117.6,99.8,1106.7,3466.4,1057.6,3228.0,697.7,1564.9,1261.5,1358.2,946.2,377.8,313.8,999.9,674.0,709.8,463.7,350.6,237.6,1106.7,24.7,59.7,24.8,78.3,16.3,37.1,30.1,32.2,22.2,8.6,7.0,23.5,15.5,16.1,10.5,8.1,5.2,78.3,24.7,28.3,68.1,28.4,89.3,18.8,42.4,34.4,36.8,25.5,10.0,8.2,26.9,17.9,18.5,12.2,9.4,6.2,28.3,41.2,41.0,41.2,41.2,41.2,41.2,41.2,41.2,41.2,0.0,73.1,84.3,94.7,81.3,77.6,57.8,69.1,64.5,55.4,26.9,15.7,5.3,18.7,22.4,42.2,30.9,35.5,44.6,0.0,0.0,0.0,0.0,0.0,0.0,0.0,0.0,0.0,1197.8,12.00,16,16,16,39,55,661,1,69.8,69.4,70.2,65.4,68.0,68.8,67.3,65.9,63.1,64.1,63.2,62.6,61.0,61.3,60.6,54.5,50.3,1.362,1.031,1.356,14.091,11.884,14.083,65.773,40.223,3.848,5.365,5.929,4.551,3.939,2.445,3.346,2.905,2.303,19.021,12.228,31.249,40.343,1197.8,1197.8,4112.3,4113.8,4110.8,4113.8,45.8,23.5,73.1,73.1,61.6,No,No,No,1.556,0.531,5.8,49,95.0,100.0,No,No,91229,99001,32,99.0,No,No,3320,0.0,0.0,0.0,0.000,0.092,11112,9078,0.0,0.0,0.0,0.000,0.000,50,0,47.0,61.7,83.0,0.731,12.137,12.183,12.157,12.072,1128,41.440,15.285,19.406,5.909,34.513,23.710,10.780,0.336,19.406,21.347,2.277,15.166,220.000,240.000,1230.0,1250.2,1080.0,1206.5,1170.0,37.0,12.0,0.0,3.0,30.7,5.3,21.0,0.0,0.0,0.0,33,Yes,No,No,No,No,Yes,No,18.5,23.0,0,0,0,0,0,0,0,0,0,12,0,0,0,0,0,0,0,0,0,0,0,0,0,0,0,0,0,0,0,0,5676,2516,2351,97,8.0,239.7,264.0,223.7,213.0,216.4,212.9,133.2,242.2,59.9,59.9,59.9,59.9,4.17,4.60,3.71,3.38,4.80,5.06,0.48,0.51,4.06,0.11,2.74,0,0,0.0,0.0,197,29,2.3,1.9,0,
5.7.2026,22:37:0.881,18261,27733,39.7,13174,19508,40.3,0.2,13312,23,1.337,1.331,1.337,1.337,1.337,1.337,1.337,1.337,1.337,4095.7,4117.6,4092.6,4092.6,4092.6,4092.6,4092.6,4092.6,4092.6,99.8,1088.8,3476.1,999.6,3101.2,770.9,1512.1,1353.6,1350.3,877.9,356.8,314.1,927.2,636.2,675.7,441.8,347.1,279.9,1088.8,24.4,61.2,23.4,75.2,18.3,36.0,32.4,32.1,20.7,8.2,7.2,21.8,14.8,15.4,10.1,8.1,6.4,75.2,24.4,27.9,69.7,26.8,85.6,20.9,41.0,36.9,36.6,23.6,9.4,8.3,24.9,16.9,17.6,11.6,9.3,7.4,27.9,41.0,41.2,41.0,41.0,41.0,41.0,41.0,41.0,41.0,0.0,72.4,84.6,93.5,81.5,76.3,56.7,67.2,63.5,55.5,27.6,15.4,6.5,18.5,23.7,43.3,32.8,36.5,44.5,0.0,0.0,0.0,0.0,0.0,0.0,0.0,0.0,0.0,1197.8,12.00,16,16,16,39,55,661,1,69.8,69.6,69.8,65.3,68.1,68.8,67.5,65.8,62.9,63.9,63.0,62.4,60.9,61.3,60.5,52.8,50.1,1.350,1.025,1.356,13.900,11.882,13.906,65.116,40.058,3.834,5.435,6.003,4.607,3.841,2.409,3.241,2.839,2.293,18.752,12.227,30.979,40.088,1197.8,1197.8,4111.3,4112.8,4109.8,4112.8,45.6,23.2,72.4,73.3,60.9,No,No,No,1.547,0.494,5.8,49,95.0,100.0,No,No,91229,99001,32,99.0,No,No,3320,0.0,0.0,0.0,0.000,0.008,11112,9078,0.0,0.0,0.0,0.000,0.000,50,0,46.7,61.2,83.0,0.694,12.142,12.187,12.162,12.078,1130,38.765,14.266,17.313,5.204,33.457,23.817,9.618,0.336,17.313,21.684,2.046,11.872,220.000,240.000,1140.0,1250.2,990.0,1195.8,1065.0,41.0,12.0,0.0,3.0,30.7,4.8,19.1,0.0,0.0,0.0,33,Yes,No,No,No,No,Yes,No,17.7,21.8,0,0,0,0,0,0,0,0,0,12,0,0,0,0,0,0,0,0,0,0,0,0,0,0,0,0,0,0,0,0,5676,2516,2351,97,8.0,239.8,257.9,224.8,222.4,223.5,222.0,121.9,245.1,59.9,59.9,59.9,59.9,4.17,4.51,3.84,3.81,4.52,4.53,0.42,0.44,4.07,0.10,2.42,0,0,0.0,0.0,197,29,2.4,1.9,0,
5.7.2026,22:37:2.880,18266,27728,39.7,13159,19523,40.2,0.2,13312,23,1.342,1.331,1.344,1.344,1.344,1.344,1.344,1.344,1.344,3805.6,4092.6,4117.6,4117.6,4117.6,3294.1,3294.1,4117.6,3294.1,99.8,1086.4,3483.7,1047.0,3207.9,686.2,2014.3,801.3,1520.4,723.3,374.7,259.4,1021.7,597.9,678.8,386.9,343.1,235.3,1086.4,24.6,60.1,24.9,77.8,16.5,48.5,19.1,36.4,17.2,9.1,6.2,24.4,14.1,15.8,9.1,8.4,5.7,77.8,24.6,27.8,68.3,28.1,88.7,18.5,55.0,21.6,41.3,19.4,10.1,6.8,27.6,15.8,17.7,10.1,9.2,6.2,27.8,38.1,41.0,41.2,41.2,41.2,33.0,33.0,41.2,33.0,0.0,72.5,84.8,94.4,80.9,76.5,56.9,68.5,63.0,54.9,27.5,15.2,5.6,19.1,23.5,43.1,31.5,37.0,45.1,0.0,0.0,0.0,0.0,0.0,0.0,0.0,0.0,0.0,1197.8,12.00,16,16,16,39,55,661,1,69.8,69.3,65.5,65.2,67.8,68.6,67.2,65.7,62.9,63.9,62.9,62.4,60.9,61.2,60.5,52.8,50.1,1.356,1.025,1.356,13.924,11.879,13.929,65.239,40.039,3.801,5.378,5.923,4.519,3.835,2.383,3.288,2.810,2.271,18.800,12.223,31.023,40.130,1197.8,1197.8,4113.5,4114.5,4112.6,4114.7,45.6,23.2,72.5,72.9,61.6,No,No,No,1.539,0.503,5.8,49,95.0,100.0,No,No,91229,99001,32,99.0,No,No,3320,0.2,1.3,1.6,0.146,7.301,11112,9092,0.0,0.0,0.0,0.000,0.000,50,0,46.7,61.2,83.0,0.719,12.142,12.187,12.161,12.077,1130,39.997,13.876,17.632,5.033,33.090,23.272,9.796,0.336,17.632,20.813,2.139,9.013,220.000,240.000,1200.0,1250.2,1050.0,1189.1,1140.0,37.0,12.0,0.0,3.0,30.8,5.1,20.2,0.0,0.0,0.0,33,Yes,No,No,No,No,Yes,No,17.5,22.4,0,0,0,0,0,0,0,0,0,12,0,0,0,0,0,0,0,0,0,0,0,0,0,0,0,0,0,0,0,0,5672,2520,2355,97,8.0,239.7,264.1,223.1,217.9,220.6,216.6,138.9,242.1,65.5,60.0,60.0,60.0,4.17,4.52,3.78,3.62,4.57,4.66,0.48,0.38,4.07,0.10,2.72,0,0,0.0,0.0,197,29,2.5,2.3,0,
5.7.2026,22:37:4.873,18268,27725,39.7,13162,19520,40.2,0.2,13312,23,1.322,1.312,1.319,1.319,1.325,1.325,1.325,1.325,1.325,4042.7,4042.7,4042.7,4042.7,4042.7,4042.7,4042.7,4042.7,4042.7,99.8,1075.5,3445.6,1031.4,2935.6,802.6,2210.2,658.8,1558.3,672.5,410.2,305.8,997.0,528.0,685.8,375.8,350.4,239.3,1075.5,24.1,59.2,24.3,71.0,19.1,53.1,15.5,37.2,15.9,9.7,7.1,23.7,12.3,15.8,8.7,8.4,4.9,71.0,24.1,27.4,67.4,27.6,80.9,21.7,60.5,17.6,42.3,17.9,11.0,7.9,26.8,13.9,17.9,9.8,9.4,6.3,27.4,40.5,40.5,40.5,40.5,40.5,40.5,40.5,40.5,40.5,0.0,72.0,83.8,91.4,81.9,76.3,57.8,67.3,63.2,54.4,28.0,16.2,8.6,18.1,23.7,42.2,32.7,36.8,45.6,0.0,0.0,0.0,0.0,0.0,0.0,0.0,0.0,0.0,1197.8,12.00,16,16,16,39,55,661,1,69.6,69.5,77.8,65.2,68.0,68.3,67.4,65.7,63.2,63.8,62.9,62.4,60.9,61.2,60.5,52.0,50.2,1.294,1.025,1.300,13.726,11.854,13.712,64.812,39.687,3.805,5.338,5.733,4.617,3.887,2.505,3.240,2.811,2.309,18.539,12.195,30.735,39.794,1197.8,1197.8,4112.1,4114.1,4110.2,4114.3,45.2,22.9,72.0,73.1,60.7,No,No,No,1.376,0.380,5.8,49,95.0,100.0,No,No,91229,99001,32,99.0,No,No,3320,0.0,0.0,0.1,0.129,0.038,11112,9092,0.0,0.0,0.0,0.000,0.000,50,0,46.7,61.4,83.0,0.725,12.141,12.186,12.160,12.076,1133,39.955,15.228,19.148,5.874,34.534,23.873,10.638,0.336,19.148,21.584,2.374,14.774,220.000,240.000,1215.0,1250.2,1065.0,1204.6,1155.0,38.0,12.0,0.0,3.0,30.7,4.9,19.7,0.0,0.0,0.0,33,Yes,No,No,No,No,Yes,No,18.5,21.2,0,0,0,0,0,0,0,0,0,12,0,0,0,0,0,0,0,0,0,0,0,0,0,0,0,0,0,0,0,0,5676,2516,2351,96,8.0,239.8,259.1,220.6,215.4,217.4,214.8,130.4,242.8,59.9,59.9,59.9,59.9,4.17,4.57,3.85,3.68,4.65,4.70,0.43,0.41,4.07,0.10,2.22,0,0,0.0,0.0,197,29,3.3,2.8,0,
5.7.2026,22:37:6.872,18257,27736,39.6,13157,19525,40.2,0.2,13312,23,1.329,1.344,1.331,1.331,1.325,1.325,1.325,1.325,1.325,4108.2,4092.6,4092.6,4092.6,4117.6,4117.6,4117.6,4117.6,4117.6,99.8,1148.1,3519.3,926.3,3178.9,771.4,2003.8,853.7,1612.4,808.6,424.8,413.2,1127.4,563.2,707.4,460.0,627.8,371.6,1148.1,25.9,64.7,21.4,77.1,18.0,47.9,19.8,38.4,18.7,9.6,9.5,26.5,12.7,15.9,10.3,14.7,9.0,77.1,25.9,29.7,73.7,24.7,87.8,20.9,54.7,22.9,43.9,21.7,11.4,11.2,30.5,14.8,18.5,12.1,17.1,9.9,29.7,41.2,41.0,41.0,41.0,41.2,41.2,41.2,41.2,41.2,0.0,74.8,85.8,94.5,82.5,79.4,60.5,69.7,65.8,60.0,25.2,14.2,5.5,17.5,20.6,39.5,30.3,34.2,40.0,0.0,0.0,0.0,0.0,0.0,0.0,0.0,0.0,0.0,1197.8,12.00,16,16,16,39,55,661,1,75.9,70.4,69.5,65.8,68.2,69.0,67.4,66.4,63.8,64.6,63.5,63.6,61.0,61.4,60.7,52.0,50.4,1.350,1.025,1.350,14.486,11.907,14.494,67.296,40.825,3.977,5.442,5.934,4.567,4.135,2.669,3.441,2.945,2.681,19.519,12.252,31.771,40.877,1197.8,1197.8,4103.3,4104.2,4102.4,4104.2,46.5,24.2,74.8,74.1,61.1,No,No,No,1.488,0.422,6.0,49,95.0,100.0,No,No,91229,99001,32,99.0,No,No,3320,0.0,0.1,0.1,0.000,0.083,11112,9092,0.0,0.0,0.0,0.000,0.000,50,0,46.7,61.2,83.0,0.719,12.140,12.185,12.160,12.075,1128,40.461,15.304,19.261,5.922,34.862,24.138,10.700,0.336,19.261,21.843,2.323,14.393,220.000,240.000,1185.0,1250.2,1050.0,1198.0,1140.0,39.0,12.0,0.0,3.0,30.7,5.2,20.8,0.0,0.0,0.0,33,Yes,No,No,No,No,Yes,No,18.7,22.5,0,0,0,0,0,0,0,0,0,12,0,0,0,0,0,0,0,0,0,0,0,0,0,0,0,0,0,0,0,0,5676,2516,2351,96,8.0,239.8,265.2,217.5,208.8,212.7,207.3,144.7,242.0,80.0,79.8,79.9,79.8,4.17,4.67,3.73,3.50,4.76,4.84,0.52,0.43,4.06,0.11,2.54,0,0,0.0,0.0,197,29,3.2,1.3,0,
5.7.2026,22:37:8.877,18261,27733,39.7,13157,19524,40.2,0.2,13312,23,1.350,1.350,1.350,1.350,1.350,1.350,1.350,1.350,1.350,4017.8,4142.5,4117.6,4117.6,4117.6,4117.6,4117.6,4117.6,3294.1,99.8,1059.0,3411.5,866.2,3269.5,621.8,1517.0,1226.3,1354.9,875.3,336.3,256.0,919.8,613.0,638.5,440.1,297.9,299.8,1059.0,24.2,60.8,20.6,79.3,15.1,36.4,29.7,32.5,21.1,8.3,6.3,22.0,14.6,14.9,10.5,7.4,7.4,79.3,24.2,27.2,69.1,23.0,90.3,16.8,41.1,33.4,36.7,23.6,8.9,6.7,24.7,16.2,16.6,11.6,8.0,8.0,27.2,40.2,41.5,41.2,41.2,41.2,41.2,41.2,41.2,33.0,0.0,72.1,83.0,94.3,80.5,77.1,56.3,67.8,63.7,54.4,27.9,17.0,5.7,19.5,22.9,43.7,32.2,36.3,45.6,0.0,0.0,0.0,0.0,0.0,0.0,0.0,0.0,0.0,1197.8,12.00,16,16,16,39,55,661,1,72.9,69.1,69.0,65.0,67.4,68.5,66.9,65.5,62.7,63.7,63.0,62.4,60.8,61.2,60.5,53.0,50.4,1.350,1.038,1.369,13.601,11.848,13.599,64.915,39.559,3.754,5.158,5.912,4.420,3.854,2.339,3.236,2.828,2.286,18.358,12.188,30.546,39.628,1197.8,1197.8,4112.8,4114.5,4111.2,4114.5,45.0,22.7,72.1,72.7,60.9,No,No,No,1.412,0.399,5.8,49,95.0,100.0,No,No,91229,99001,32,99.0,No,No,3320,0.0,0.0,0.1,0.065,0.044,11113,9092,0.0,0.0,0.0,0.000,0.000,50,0,46.9,61.6,83.0,0.738,12.142,12.188,12.161,12.076,1130,40.908,16.799,19.864,6.009,34.842,23.779,11.035,0.336,19.864,21.306,14.593,16.358,220.000,240.000,1260.0,1250.2,1095.0,1167.5,1185.0,40.0,14.0,0.0,2.0,30.7,5.4,21.5,0.0,0.0,0.0,33,Yes,No,No,No,No,Yes,No,18.7,23.9,0,0,0,0,0,0,0,0,0,12,0,0,0,0,0,0,0,0,0,0,0,0,0,0,0,0,0,0,0,0,5676,2516,2351,97,8.0,239.8,263.3,223.3,221.1,221.9,220.8,152.6,242.3,79.9,62.3,68.5,60.0,4.17,4.52,3.76,3.70,4.54,4.56,0.49,0.55,4.07,0.10,2.34,0,0,0.0,0.0,197,29,2.6,2.1,0,
5.7.2026,22:37:10.875,18263,27730,39.7,13163,19519,40.2,0.2,13312,23,1.330,1.337,1.337,1.337,1.325,1.325,1.325,1.325,1.325,4098.9,4117.6,4117.6,4092.6,4092.6,4092.6,4092.6,4092.6,4092.6,99.8,1112.4,3432.4,1427.1,3201.4,709.8,1387.3,1517.6,1357.4,877.2,361.6,271.7,963.2,576.3,674.4,479.7,337.1,224.9,1112.4,24.3,51.7,33.7,77.5,16.5,32.7,36.1,32.1,20.4,8.2,6.0,22.5,13.1,15.1,10.9,7.7,4.9,77.5,24.3,28.0,59.1,38.6,88.5,19.1,37.5,41.4,36.8,23.5,9.6,7.1,25.9,15.2,17.5,12.7,9.1,5.9,28.0,41.1,41.2,41.2,41.0,41.0,41.0,41.0,41.0,41.0,0.0,72.9,83.5,94.4,82.5,76.8,57.5,68.2,65.1,55.4,27.1,16.5,5.6,17.5,23.2,42.5,31.8,34.9,44.6,0.0,0.0,0.0,0.0,0.0,0.0,0.0,0.0,0.0,1197.8,12.00,16,16,16,39,55,661,1,70.8,69.1,68.8,65.1,67.6,68.5,67.2,65.6,62.8,63.7,63.1,62.2,60.8,61.2,60.4,53.8,50.2,1.344,1.038,1.350,13.834,11.872,13.837,65.629,39.879,3.810,5.277,5.955,4.597,3.879,2.377,3.236,2.908,2.252,18.674,12.213,30.888,39.981,1197.8,1197.8,4114.3,4115.4,4113.2,4115.4,45.4,23.1,72.9,72.8,61.1,No,No,No,1.451,0.406,5.8,49,95.0,100.0,No,No,91229,99001,32,99.0,No,No,3320,0.0,0.0,0.0,0.000,0.034,11113,9092,0.0,0.0,0.0,0.000,0.000,50,0,46.8,61.5,83.0,0.725,12.137,12.182,12.157,12.073,1130,40.879,15.274,19.273,5.848,34.782,24.049,10.707,0.336,19.273,21.682,2.219,14.575,220.000,240.000,1215.0,1250.2,1065.0,1256.4,1155.0,38.0,13.0,0.0,3.0,30.7,5.1,20.3,0.0,0.0,0.0,33,Yes,No,No,No,No,Yes,No,17.9,22.0,0,0,0,0,0,0,0,0,0,12,0,0,0,0,0,0,0,0,0,0,0,0,0,0,0,0,0,0,0,0,5676,2516,2351,97,8.0,239.7,264.4,216.4,192.0,203.1,186.8,133.3,241.9,59.9,59.8,59.9,59.8,4.17,4.69,3.73,3.14,4.98,5.37,0.45,0.48,4.07,0.10,2.38,0,0,0.0,0.0,197,29,2.6,2.6,0,
5.7.2026,22:37:12.881,18259,27734,39.6,13158,19524,40.2,0.2,13312,23,1.341,1.344,1.331,1.337,1.337,1.344,1.344,1.344,1.344,4108.2,4092.6,4092.6,4117.6,4117.6,4092.6,4117.6,4117.6,4117.6,99.8,1107.0,3394.7,1826.9,3169.4,673.3,1512.9,1255.1,1008.2,1197.7,320.3,298.4,788.8,657.9,574.5,480.4,328.9,225.3,1107.0,23.8,42.1,43.8,76.7,15.9,35.7,30.2,23.7,28.6,7.4,6.9,18.2,15.4,12.8,11.0,7.7,5.1,76.7,23.8,27.2,48.0,49.9,87.6,18.3,40.8,34.5,27.1,32.6,8.5,7.9,20.8,17.6,14.7,12.7,8.8,5.9,27.2,41.2,41.0,41.0,41.2,41.2,41.0,41.2,41.2,41.2,0.0,71.0,82.5,93.4,81.0,76.2,54.8,65.3,62.4,52.5,29.0,17.5,6.6,19.0,23.8,45.2,34.7,37.6,47.5,0.0,0.0,0.0,0.0,0.0,0.0,0.0,0.0,0.0,1197.8,12.00,16,16,16,39,55,661,1,70.2,69.5,67.5,65.2,67.8,68.7,67.4,65.8,62.8,63.7,62.9,62.2,60.8,61.2,60.5,54.0,50.6,1.337,1.031,1.350,13.575,11.844,13.573,63.881,39.565,3.798,5.341,5.949,4.566,3.916,2.377,3.183,2.819,2.234,18.389,12.183,30.572,39.657,1197.8,1197.8,4118.7,4120.9,4116.5,4122.9,45.1,22.6,71.0,73.2,60.3,No,No,No,1.473,0.431,5.7,49,95.0,100.0,No,No,91229,99001,32,99.0,No,No,3320,0.0,0.0,0.0,0.000,0.004,11113,9092,0.0,0.0,0.0,0.000,0.000,50,0,46.8,61.3,83.0,0.731,12.138,12.183,12.157,12.073,1130,40.921,16.450,19.216,5.677,34.356,23.663,10.676,0.336,19.216,21.141,15.693,14.526,220.000,240.000,1230.0,1250.2,1080.0,1212.8,1170.0,36.0,12.0,0.0,3.0,30.7,5.3,21.1,0.0,0.0,0.0,33,Yes,No,No,No,No,Yes,No,18.6,22.9,0,0,0,0,0,0,0,0,0,12,0,0,0,0,0,0,0,0,0,0,0,0,0,0,0,0,0,0,0,0,5676,2516,2351,97,8.0,239.8,265.6,220.0,214.5,217.4,212.9,133.9,314.8,59.9,59.8,59.9,59.8,4.17,4.58,3.74,3.58,4.62,4.68,0.44,0.54,4.06,0.11,2.34,0,0,0.0,0.0,197,29,2.4,1.4,0,
5.7.2026,22:37:14.870,18262,27731,39.7,13164,19518,40.2,0.2,13312,23,1.338,1.337,1.337,1.337,1.337,1.337,1.337,1.337,1.337,4114.5,4092.6,4117.6,4117.6,4117.6,4117.6,4117.6,4117.6,4117.6,99.8,1129.0,3481.1,1909.5,3191.7,667.8,1615.1,1197.6,1039.2,1138.4,328.3,284.5,903.2,622.0,613.8,485.6,333.7,252.7,1129.0,24.5,44.4,45.7,77.3,15.8,38.7,28.5,24.5,27.1,7.7,6.6,21.6,14.4,14.0,11.3,7.9,5.8,77.3,24.5,27.9,50.6,52.2,88.2,18.1,44.1,32.5,27.9,30.9,8.8,7.5,24.6,16.4,16.0,12.9,9.0,6.7,27.9,41.2,41.0,41.2,41.2,41.2,41.2,41.2,41.2,41.2,0.0,73.2,84.6,94.2,82.5,77.3,57.9,68.6,65.1,55.1,26.8,15.4,5.8,17.5,22.7,42.1,31.4,34.9,44.9,0.0,0.0,0.0,0.0,0.0,0.0,0.0,0.0,0.0,1197.8,12.00,16,16,16,39,55,661,1,70.0,69.1,68.2,65.1,67.9,68.4,67.1,65.4,62.7,63.8,63.0,62.2,60.7,61.1,60.4,53.8,50.7,1.350,1.031,1.356,13.958,11.854,13.957,65.865,40.057,3.821,5.513,5.913,4.565,3.808,2.384,3.247,2.857,2.280,18.845,12.198,31.043,40.133,1197.8,1197.8,4114.5,4115.7,4113.2,4115.7,45.6,23.3,73.2,72.8,61.4,No,No,No,1.489,0.443,5.9,49,95.0,100.0,No,No,91229,99001,32,99.0,No,No,3320,0.0,0.0,0.0,0.000,0.016,11113,9092,0.0,0.0,0.0,0.000,0.000,50,0,47.6,62.9,83.0,0.812,12.134,12.180,12.154,12.067,1128,47.643,19.006,27.576,8.831,40.815,25.462,15.320,0.336,27.576,22.374,2.985,18.784,220.000,240.000,1470.0,1750.2,1290.0,1322.4,1395.0,33.0,9.0,0.0,3.0,30.7,4.7,18.6,0.0,0.0,0.0,33,Yes,No,No,No,No,Yes,No,22.7,24.8,0,0,0,0,0,0,0,0,0,12,0,0,0,0,0,0,0,0,0,0,0,0,0,0,0,0,0,0,0,0,5676,2516,2351,97,8.0,239.8,258.7,222.2,215.1,218.3,214.0,133.2,242.2,60.0,59.9,59.9,59.8,4.17,4.57,3.83,3.71,4.61,4.66,0.29,0.49,4.07,0.10,1.94,0,0,0.0,0.0,197,29,2.8,2.7,0,
5.7.2026,22:37:16.883,18257,27736,39.6,13157,19525,40.2,0.2,13312,23,1.332,1.337,1.331,1.331,1.331,1.331,1.331,1.331,1.331,4095.7,4117.6,4092.6,4092.6,4092.6,4092.6,4092.6,4092.6,4092.6,99.8,1163.6,3440.6,1817.0,3138.6,777.3,1642.2,1240.7,1148.5,1189.7,404.0,303.5,943.9,657.8,639.5,500.2,376.7,397.3,1163.6,25.6,44.3,43.7,76.2,18.8,39.3,29.9,27.4,28.6,9.8,7.4,22.5,15.7,14.8,11.9,9.3,9.7,76.2,25.6,28.8,50.2,49.5,86.7,21.0,44.5,33.7,30.9,32.2,10.8,8.0,25.3,17.5,16.5,13.2,10.1,10.6,28.8,41.0,41.2,41.0,41.0,41.0,41.0,41.0,41.0,41.0,0.0,74.2,83.7,94.4,82.6,78.9,59.1,69.6,66.7,58.3,25.8,16.3,5.6,17.4,21.1,40.9,30.4,33.3,41.7,0.0,0.0,0.0,0.0,0.0,0.0,0.0,0.0,0.0,1197.8,12.00,16,16,16,39,55,661,1,69.8,69.1,71.2,65.2,67.7,68.5,67.0,65.8,62.8,63.9,63.0,62.6,60.8,61.2,60.4,51.8,50.0,1.344,1.025,1.356,13.830,11.869,13.829,66.748,39.872,3.850,5.312,5.903,4.531,4.013,2.412,3.328,2.899,2.404,18.651,12.211,30.862,39.950,1197.8,1197.8,4111.4,4111.9,4110.8,4112.2,45.4,23.0,74.2,72.7,60.4,No,No,No,1.458,0.403,5.9,49,95.0,100.0,No,No,91229,99001,32,99.0,No,No,3320,0.0,0.0,0.1,0.131,0.034,11113,9092,0.0,0.0,0.0,0.000,0.000,50,0,47.0,61.8,83.0,0.738,12.140,12.187,12.158,12.074,1132,42.568,15.163,19.808,5.959,34.822,23.786,11.004,0.336,19.808,21.291,2.321,12.498,220.000,240.000,1245.0,1250.2,1080.0,1358.0,1170.0,38.0,13.0,0.0,3.0,30.7,4.8,19.0,0.0,0.0,0.0,33,Yes,No,No,No,No,Yes,No,18.7,22.6,0,0,0,0,0,0,0,0,0,12,0,0,0,0,0,0,0,0,0,0,0,0,0,0,0,0,0,0,0,0,5676,2516,2351,97,8.0,239.8,265.8,222.5,209.4,215.2,207.1,151.9,243.5,79.9,79.8,79.9,79.8,4.17,4.58,3.74,3.48,4.71,4.92,0.39,0.38,4.07,0.10,2.54,0,0,0.0,0.0,197,29,2.1,2.0,0,
5.7.2026,22:37:18.883,18259,27735,39.6,13160,19522,40.2,0.2,13312,23,1.338,1.337,1.337,1.337,1.337,1.337,1.337,1.337,1.337,4092.6,4092.6,4092.6,4092.6,4092.6,4092.6,4092.6,4092.6,4092.6,99.8,1124.9,3446.2,1788.7,3214.5,652.3,1062.8,1752.2,816.2,1369.7,322.8,320.1,753.7,764.5,571.4,550.2,295.6,316.9,1124.9,24.1,44.8,42.5,77.8,15.1,24.6,41.9,18.7,32.4,7.1,7.1,17.3,17.6,12.5,12.5,6.5,7.0,77.8,24.1,27.8,51.3,48.8,88.8,17.6,28.5,48.0,21.7,37.3,8.6,8.5,20.1,20.4,14.7,14.7,7.9,8.4,27.8,41.0,41.0,41.0,41.0,41.0,41.0,41.0,41.0,41.0,0.0,72.8,83.8,94.3,81.5,76.9,57.7,68.1,64.8,55.4,27.2,16.2,5.7,18.5,23.1,42.3,31.9,35.2,44.6,0.0,0.0,0.0,0.0,0.0,0.0,0.0,0.0,0.0,1197.8,12.00,16,16,16,39,55,661,1,69.5,69.1,70.0,65.0,67.7,68.3,67.1,65.4,62.7,63.6,63.0,62.3,60.7,61.1,60.3,54.2,50.3,1.350,1.044,1.350,13.860,11.849,13.863,65.547,39.906,3.801,5.392,5.870,4.533,3.829,2.389,3.216,2.877,2.303,18.701,12.192,30.893,39.986,1197.8,1197.8,4113.2,4113.9,4112.4,4113.9,45.4,23.1,72.8,72.8,61.3,No,No,No,1.460,0.425,5.8,49,95.0,100.0,No,No,91229,99001,32,99.0,No,No,3320,0.0,0.0,0.0,0.000,0.014,11113,9092,0.0,0.0,0.0,0.000,0.000,50,0,46.8,61.4,83.0,0.719,12.140,12.185,12.159,12.075,1132,40.588,15.170,19.079,5.800,34.616,23.993,10.599,0.336,19.079,21.667,2.140,14.390,220.000,240.000,1200.0,1250.2,1050.0,1222.5,1140.0,40.0,13.0,0.0,3.0,30.7,5.2,20.7,0.0,0.0,0.0,33,Yes,No,No,No,No,Yes,No,18.5,22.8,0,0,0,0,0,0,0,0,0,12,0,0,0,0,0,0,0,0,0,0,0,0,0,0,0,0,0,0,0,0,5676,2516,2351,97,8.0,239.8,260.5,223.4,215.1,219.5,212.9,135.8,243.1,59.9,59.9,59.9,59.9,4.17,4.49,3.80,3.52,4.59,4.75,0.46,0.56,4.06,0.11,2.40,0,0,0.0,0.0,197,29,2.6,1.3,0,
5.7.2026,22:37:20.875,18282,27712,39.7,13176,19506,40.3,0.2,13312,23,1.327,1.331,1.331,1.331,1.325,1.325,1.325,1.325,1.325,4092.6,4092.6,4092.6,4092.6,4092.6,4092.6,4092.6,4092.6,4092.6,99.8,1173.0,3436.7,1882.6,3241.9,678.4,1000.3,1860.7,841.1,1382.6,333.6,373.2,843.7,842.4,576.4,545.3,494.6,435.0,1173.0,26.0,43.3,45.6,78.9,16.0,24.1,45.3,20.0,33.7,8.4,9.3,20.4,20.4,13.7,13.3,12.4,10.9,78.9,26.0,29.1,48.9,51.5,89.7,18.3,26.9,51.1,22.2,37.8,8.9,10.0,22.6,22.6,14.9,14.5,13.4,11.7,29.1,41.0,41.0,41.0,41.0,41.0,41.0,41.0,41.0,41.0,0.0,72.7,83.7,93.9,81.0,76.1,57.4,68.7,63.6,57.5,27.3,16.3,6.1,19.0,23.9,42.6,31.3,36.4,42.5,0.0,0.0,0.0,0.0,0.0,0.0,0.0,0.0,0.0,1197.8,12.00,16,16,16,39,55,661,1,70.0,70.6,70.0,65.7,68.3,69.0,67.6,65.9,63.2,64.7,63.2,64.1,60.8,61.2,60.5,52.8,50.1,1.350,1.038,1.363,14.396,11.834,14.394,65.461,40.597,3.985,5.514,6.013,4.648,3.923,2.508,3.436,2.916,2.920,19.461,12.179,31.640,40.724,1197.8,1197.8,4109.4,4110.6,4108.2,4111.3,46.3,24.0,72.7,74.3,60.9,No,No,No,1.467,0.430,5.8,49,95.0,100.0,No,No,91229,99001,32,99.0,No,No,3320,0.0,0.0,0.0,0.000,0.038,11113,9092,0.0,0.0,0.0,0.000,0.000,50,0,46.7,61.3,83.0,0.731,12.140,12.188,12.159,12.074,1132,41.041,14.301,17.941,5.168,33.134,23.146,9.967,0.336,17.941,20.692,2.280,12.411,220.000,240.000,1245.0,1250.2,1080.0,1221.5,1170.0,34.0,11.0,0.0,2.0,30.7,5.2,20.8,0.0,0.0,0.0,33,Yes,No,No,No,No,Yes,No,17.6,23.7,0,0,0,0,0,0,0,0,0,12,0,0,0,0,0,0,0,0,0,0,0,0,0,0,0,0,0,0,0,0,5676,2516,2351,97,8.0,239.7,263.7,220.4,218.3,218.8,218.1,132.5,243.3,59.9,59.9,59.9,59.9,4.17,4.55,3.79,3.66,4.62,4.69,0.46,0.50,4.07,0.10,2.43,0,0,0.0,0.0,197,29,2.9,2.8,0,
5.7.2026,22:37:22.874,18272,27722,39.7,13168,19514,40.2,0.2,13312,23,1.330,1.331,1.331,1.331,1.331,1.331,1.331,1.331,1.325,4095.7,4092.6,4092.6,4092.6,4092.6,4092.6,4092.6,4092.6,4117.6,99.8,1138.5,3471.0,1644.7,3327.5,634.5,1388.6,1420.4,1045.3,1224.1,353.5,339.4,875.4,713.5,614.9,511.0,374.2,277.6,1138.5,24.6,48.7,39.0,80.7,15.2,32.6,33.7,24.5,28.7,7.7,7.4,20.2,16.3,13.5,11.4,8.3,5.9,80.7,24.6,28.5,55.7,44.8,92.1,17.1,37.6,38.8,28.4,33.2,9.4,9.0,23.5,19.1,15.9,13.5,10.1,7.3,28.5,41.0,41.0,41.0,41.0,41.0,41.0,41.0,41.0,41.2,0.0,72.9,84.5,94.7,81.8,77.4,57.3,68.3,64.7,54.8,27.1,15.5,5.3,18.2,22.6,42.7,31.7,35.3,45.2,0.0,0.0,0.0,0.0,0.0,0.0,0.0,0.0,0.0,1197.8,12.00,16,16,16,39,55,661,1,70.0,69.5,69.2,65.3,68.1,68.7,67.3,65.8,62.9,63.9,63.2,62.4,60.9,61.2,60.5,54.0,50.2,1.350,1.025,1.356,13.870,11.847,13.873,65.643,39.938,3.844,5.503,5.962,4.549,3.884,2.430,3.254,2.875,2.295,18.702,12.190,30.892,39.991,1197.8,1197.8,4110.7,4111.4,4110.1,4111.4,45.4,23.1,72.9,73.2,60.6,No,No,No,1.514,0.449,5.8,49,95.0,100.0,No,No,91229,99001,32,99.0,No,No,3320,0.1,1.4,1.5,0.049,7.359,11113,9107,0.0,0.0,0.0,0.000,0.000,50,0,46.8,61.5,83.0,0.738,12.136,12.182,12.156,12.071,1132,41.376,15.788,20.450,6.237,35.482,24.106,11.360,0.336,20.450,21.601,2.434,15.425,220.000,240.000,1260.0,1250.2,1095.0,1221.6,1185.0,37.0,12.0,0.0,3.0,30.7,5.3,21.0,0.0,0.0,0.0,33,Yes,No,No,No,No,Yes,No,19.1,22.4,0,0,0,0,0,0,0,0,0,12,0,0,0,0,0,0,0,0,0,0,0,0,0,0,0,0,0,0,0,0,5676,2516,2351,97,8.0,239.8,260.2,221.7,212.0,216.5,210.1,146.1,242.3,79.7,62.1,68.4,59.9,4.17,4.55,3.80,3.68,4.64,4.76,0.46,0.43,4.07,0.10,2.85,0,0,0.0,0.0,197,29,2.6,2.6,0,
5.7.2026,22:37:24.869,18273,27721,39.7,13175,19506,40.3,0.2,13312,23,1.352,1.375,1.344,1.344,1.344,1.344,1.356,1.356,1.356,4145.6,4167.5,4142.5,4142.5,4142.5,4142.5,4142.5,4142.5,4142.5,99.8,1056.4,3362.2,968.9,3314.5,553.1,1745.6,1005.9,1212.7,1033.8,334.0,310.2,909.1,615.4,586.2,424.1,254.0,272.5,1056.4,24.0,56.9,23.3,80.4,13.5,42.1,24.4,29.3,24.9,8.4,7.8,22.0,14.8,13.9,10.3,5.8,6.9,80.4,24.0,27.0,64.7,26.1,91.7,14.9,47.7,27.3,33.0,28.0,9.0,8.2,24.5,16.3,15.3,11.2,6.8,7.2,27.0,41.5,41.8,41.5,41.5,41.5,41.5,41.5,41.5,41.5,0.0,70.6,81.6,93.8,80.2,75.7,54.8,66.0,61.0,51.7,29.4,18.4,6.2,19.8,24.3,45.2,34.0,39.0,48.3,0.0,0.0,0.0,0.0,0.0,0.0,0.0,0.0,0.0,1197.8,12.00,16,16,16,39,55,661,1,69.9,69.3,70.0,65.1,67.5,68.7,67.1,65.8,62.7,63.9,62.8,62.2,60.8,61.1,60.4,54.5,50.7,1.356,1.025,1.363,13.730,11.808,13.730,63.552,39.777,3.783,5.151,6.014,4.509,3.934,2.354,3.273,2.778,2.252,18.609,12.150,30.760,39.846,1197.8,1197.8,4122.0,4123.2,4120.8,4123.2,45.3,22.9,70.6,72.9,61.3,No,No,No,1.476,0.459,5.6,49,95.0,100.0,No,No,91229,99001,32,99.0,No,No,3320,0.0,0.0,0.0,0.000,0.077,11113,9107,0.0,0.0,0.0,0.000,0.000,50,0,46.8,61.2,83.0,0.731,12.139,12.186,12.159,12.074,1129,41.518,15.694,19.865,6.044,35.029,23.978,11.036,0.336,19.865,21.539,2.297,16.954,220.000,240.000,1230.0,1250.2,1080.0,1253.7,1170.0,39.0,13.0,0.0,3.0,30.7,5.3,21.2,0.0,0.0,0.0,33,Yes,No,No,No,No,Yes,No,18.8,22.8,0,0,0,0,0,0,0,0,0,12,0,0,0,0,0,0,0,0,0,0,0,0,0,0,0,0,0,0,0,0,5676,2516,2351,97,8.0,239.8,261.1,219.2,203.7,209.8,201.8,138.0,241.3,79.8,62.0,68.4,59.9,4.17,4.61,3.77,3.57,4.77,4.88,0.48,0.46,4.07,0.10,2.78,0,0,0.0,0.0,197,29,2.5,1.6,0,
5.7.2026,22:37:26.881,18264,27730,39.7,13163,19518,40.2,0.2,13312,23,1.339,1.331,1.337,1.325,1.344,1.344,1.344,1.344,1.344,4095.7,4092.6,4092.6,4117.6,4092.6,4092.6,4092.6,4092.6,4092.6,99.8,1121.9,3433.6,1017.1,3306.8,667.1,1826.0,1029.7,1249.7,1088.4,398.7,295.4,949.1,731.0,653.0,445.7,514.5,344.6,1121.9,25.1,59.0,23.7,80.1,15.5,43.5,24.2,29.5,25.7,9.1,6.5,22.2,16.9,14.7,10.0,12.7,7.8,80.1,25.1,28.8,67.4,27.3,91.5,18.0,49.9,27.9,33.9,29.6,10.7,7.8,25.6,19.5,17.0,11.7,14.0,9.2,28.8,41.0,41.0,41.0,41.2,41.0,41.0,41.0,41.0,41.0,0.0,72.9,83.5,95.0,81.9,77.7,57.4,68.5,63.3,56.1,27.1,16.5,5.0,18.1,22.3,42.6,31.5,36.7,43.9,0.0,0.0,0.0,0.0,0.0,0.0,0.0,0.0,0.0,1197.8,12.00,16,16,16,39,55,661,1,69.8,69.7,69.2,65.4,67.9,69.0,67.4,66.0,62.9,64.1,63.0,62.7,60.8,61.2,60.5,53.0,50.2,1.350,1.038,1.356,14.122,11.839,14.125,65.631,40.317,3.893,5.319,6.098,4.647,3.993,2.437,3.360,2.856,2.431,19.120,12.183,31.303,40.404,1197.8,1197.8,4118.3,4119.7,4117.0,4119.7,45.9,23.5,72.9,73.3,61.2,No,No,No,1.530,0.455,5.8,49,95.0,100.0,No,No,91229,99001,32,99.0,No,No,3320,0.0,0.1,0.1,0.000,0.106,11113,9107,0.0,0.0,0.0,0.000,0.000,50,0,46.8,61.8,83.0,0.725,12.136,12.182,12.156,12.071,1130,41.729,15.858,20.311,6.359,35.227,23.925,11.283,0.336,20.311,21.606,3.624,15.603,220.000,240.000,1215.0,1250.2,1065.0,1272.0,1155.0,36.0,12.0,0.0,3.0,30.7,5.0,19.9,0.0,0.0,0.0,33,Yes,No,No,No,No,Yes,No,19.1,21.4,0,0,0,0,0,0,0,0,0,12,0,0,0,0,0,0,0,0,0,0,0,0,0,0,0,0,0,0,0,0,5676,2516,2351,97,8.0,239.8,262.3,219.3,215.7,217.3,215.0,128.6,243.1,59.9,59.9,59.9,59.9,4.17,4.60,3.79,3.76,4.64,4.66,0.44,0.42,4.07,0.10,2.28,0,0,0.0,0.0,197,29,2.8,2.4,0,
5.7.2026,22:37:28.876,18267,27726,39.7,13167,19514,40.2,0.2,13312,23,1.348,1.344,1.337,1.337,1.337,1.356,1.356,1.356,1.356,4130.1,4117.6,4117.6,4117.6,4117.6,4142.5,4142.5,4142.5,4142.5,99.8,1054.3,3413.0,928.7,3305.5,588.8,1471.9,1312.8,1224.0,928.2,342.9,310.5,848.9,661.3,608.9,420.0,288.9,213.8,1054.3,23.8,59.4,22.0,80.2,14.1,35.2,31.5,29.2,22.0,8.2,7.4,20.2,15.6,14.0,9.8,7.0,5.1,80.2,23.8,27.0,67.7,24.9,91.5,15.9,40.0,35.8,33.2,25.0,9.2,8.2,22.9,17.6,15.8,11.0,7.8,5.6,27.0,41.4,41.2,41.2,41.2,41.2,41.5,41.5,41.5,41.5,0.0,71.0,82.9,94.1,81.4,75.5,55.3,66.0,61.4,51.3,29.0,17.1,5.9,18.6,24.5,44.7,34.0,38.6,48.7,0.0,0.0,0.0,0.0,0.0,0.0,0.0,0.0,0.0,1197.8,12.00,16,16,16,39,55,661,1,69.8,69.2,70.8,65.0,67.5,68.6,67.1,65.5,62.6,63.6,62.8,62.0,60.6,61.0,60.3,52.8,50.1,1.388,1.025,1.387,13.594,11.805,13.590,63.892,39.488,3.764,5.228,5.985,4.525,3.795,2.365,3.236,2.789,2.189,18.386,12.143,30.529,39.604,1197.8,1197.8,4119.4,4120.3,4118.4,4120.3,45.0,22.7,71.0,72.9,60.8,No,No,No,1.445,0.418,5.7,49,95.0,100.0,No,No,91229,99001,32,99.0,No,No,3320,0.0,0.0,0.0,0.000,0.030,11113,9107,0.0,0.0,0.0,0.000,0.000,50,0,46.8,61.5,83.0,0.731,12.135,12.181,12.155,12.070,1130,40.994,15.320,19.495,5.871,34.750,23.899,10.830,0.336,19.495,21.458,2.375,14.691,220.000,240.000,1230.0,1250.2,1080.0,1211.6,1170.0,38.0,12.0,0.0,2.0,30.7,5.4,21.5,0.0,0.0,0.0,33,Yes,No,No,No,No,Yes,No,18.6,22.3,0,0,0,0,0,0,0,0,0,12,0,0,0,0,0,0,0,0,0,0,0,0,0,0,0,0,0,0,0,0,5676,2516,2351,97,8.0,239.7,266.4,219.5,210.2,213.7,209.2,139.9,241.9,79.8,62.0,68.4,59.9,4.17,4.62,3.69,3.58,4.76,4.86,0.48,0.47,4.06,0.11,2.09,0,0,0.0,0.0,197,29,2.8,2.4,0,
5.7.2026,22:37:30.876,18265,27729,39.7,13166,19516,40.2,0.2,13312,23,1.345,1.356,1.344,1.344,1.344,1.344,1.344,1.344,1.344,4114.5,4092.6,4117.6,4117.6,4117.6,4117.6,4117.6,4117.6,4117.6,99.8,1050.5,3379.8,904.2,3286.2,574.0,1445.3,1332.1,1235.6,891.4,331.3,266.7,882.0,672.1,602.9,434.8,273.6,296.0,1050.5,23.3,57.2,21.0,79.6,13.3,34.2,31.7,29.1,20.8,7.5,5.9,20.6,15.4,13.5,9.7,6.2,6.7,79.6,23.3,26.8,65.4,24.2,90.9,15.4,39.2,36.4,33.5,24.0,8.8,7.0,23.7,17.9,15.7,11.4,7.3,7.9,26.8,41.2,41.0,41.2,41.2,41.2,41.2,41.2,41.2,41.2,0.0,71.0,82.1,94.1,80.9,75.2,55.1,67.4,61.9,51.6,29.0,17.9,5.9,19.1,24.8,44.9,32.6,38.1,48.4,0.0,0.0,0.0,0.0,0.0,0.0,0.0,0.0,0.0,1197.8,12.00,16,16,16,39,55,661,1,69.5,69.1,69.5,64.9,67.2,68.4,67.2,65.4,62.5,63.7,62.7,62.0,60.6,61.0,60.3,53.0,50.5,1.362,1.031,1.363,13.498,11.820,13.499,63.935,39.432,3.752,5.101,5.946,4.577,3.773,2.340,3.262,2.802,2.216,18.248,12.159,30.407,39.486,1197.8,1197.8,4118.0,4118.9,4117.0,4118.9,44.9,22.5,71.0,72.8,60.6,No,No,No,1.393,0.408,5.7,49,95.0,100.0,No,No,91229,99001,32,99.0,No,No,3320,0.0,0.0,0.0,0.000,0.044,11113,9107,0.0,0.0,0.0,0.000,0.000,50,0,46.8,61.4,83.0,0.731,12.135,12.179,12.154,12.071,1133,40.815,15.770,20.276,6.394,35.625,24.335,11.264,0.336,20.276,22.057,2.415,14.719,220.000,240.000,1230.0,1250.2,1080.0,1227.0,1170.0,40.0,13.0,0.0,3.0,30.7,5.3,21.2,0.0,0.0,0.0,33,Yes,No,No,No,No,Yes,No,19.2,22.9,0,0,0,0,0,0,0,0,0,12,0,0,0,0,0,0,0,0,0,0,0,0,0,0,0,0,0,0,0,0,5676,2516,2351,97,8.0,239.8,263.1,220.6,213.1,215.9,212.1,136.0,241.7,64.8,60.0,60.0,60.0,4.17,4.54,3.77,3.66,4.65,4.72,0.51,0.48,4.07,0.10,2.45,0,0,0.0,0.0,197,29,3.6,1.9,0,
5.7.2026,22:37:32.872,18264,27730,39.7,13163,19518,40.2,0.2,13312,23,1.341,1.331,1.337,1.337,1.344,1.344,1.344,1.344,1.344,4114.5,4092.6,4117.6,4117.6,4117.6,4117.6,4117.6,4117.6,4117.6,99.8,1098.2,3447.1,1005.5,3321.0,617.0,1991.9,979.7,1435.3,866.6,406.4,307.7,994.2,587.6,678.9,427.7,287.2,216.5,1098.2,24.6,59.8,23.4,80.5,14.4,47.7,23.1,34.1,20.3,9.4,7.0,23.3,13.5,15.4,9.7,6.6,4.8,80.5,24.6,28.1,68.2,26.8,91.8,16.6,54.4,26.5,38.9,23.2,10.9,8.1,26.7,15.5,17.7,11.2,7.7,5.6,28.1,41.2,41.0,41.2,41.2,41.2,41.2,41.2,41.2,41.2,0.0,73.5,83.8,94.8,82.8,78.1,59.0,69.3,65.3,55.1,26.5,16.2,5.2,17.2,21.9,41.0,30.7,34.7,44.9,0.0,0.0,0.0,0.0,0.0,0.0,0.0,0.0,0.0,1197.8,12.00,16,16,16,39,55,661,1,69.5,69.1,67.8,65.0,67.5,68.4,67.3,65.6,62.8,63.7,62.9,62.1,60.7,61.0,60.3,53.0,50.7,1.344,1.025,1.350,13.763,11.840,13.761,66.167,39.750,3.830,5.224,5.969,4.696,3.916,2.440,3.296,2.863,2.235,18.562,12.182,30.744,39.834,1197.8,1197.8,4113.1,4113.6,4112.6,4113.6,45.3,22.9,73.5,72.8,60.4,No,No,No,1.484,0.441,5.9,49,95.0,100.0,No,No,91229,99001,32,99.0,No,No,3320,0.0,0.0,0.0,0.000,0.008,11113,9107,0.0,0.0,0.0,0.000,0.000,50,0,46.6,61.4,83.0,0.719,12.131,12.175,12.151,12.068,1132,40.740,15.076,18.790,5.832,34.340,23.882,10.438,0.336,18.790,21.710,2.240,14.399,220.000,240.000,1185.0,1250.2,1050.0,1227.0,1140.0,39.0,12.0,0.0,3.0,30.7,5.1,20.4,0.0,0.0,0.0,33,Yes,No,No,No,No,Yes,No,18.4,22.2,0,0,0,0,0,0,0,0,0,12,0,0,0,0,0,0,0,0,0,0,0,0,0,0,0,0,0,0,0,0,5676,2516,2351,97,8.0,239.8,259.6,220.2,213.0,215.4,212.3,133.2,242.2,64.6,59.9,59.9,59.9,4.17,4.62,3.83,3.81,4.70,4.78,0.46,0.39,4.07,0.10,2.76,0,0,0.0,0.0,197,29,2.8,2.3,0,
5.7.2026,22:37:34.872,18275,27719,39.7,13169,19513,40.2,0.2,13312,23,1.343,1.344,1.337,1.344,1.344,1.344,1.344,1.344,1.344,4117.6,4117.6,4117.6,4117.6,4117.6,4117.6,4117.6,4117.6,4117.6,99.8,1096.6,3445.3,947.9,3353.7,610.8,2260.6,675.7,1587.2,644.3,402.5,269.3,1063.3,500.0,729.1,366.4,361.0,329.1,1096.6,24.9,60.3,22.4,81.5,14.7,54.6,16.1,38.1,15.2,9.8,6.5,25.5,11.7,17.0,8.6,8.8,8.0,81.5,24.9,28.1,68.5,25.3,92.8,16.4,62.0,18.0,43.2,17.1,10.8,7.0,28.7,13.1,19.1,9.5,9.7,8.8,28.1,41.2,41.2,41.2,41.2,41.2,41.2,41.2,41.2,41.2,0.0,72.9,83.8,94.8,82.5,76.9,57.7,68.6,63.8,55.4,27.1,16.2,5.2,17.5,23.1,42.3,31.4,36.2,44.6,0.0,0.0,0.0,0.0,0.0,0.0,0.0,0.0,0.0,1197.8,12.00,16,16,16,39,55,661,1,69.5,69.3,67.2,65.1,67.5,68.6,67.3,65.6,62.7,63.8,62.8,62.6,60.7,61.0,60.3,53.5,50.0,1.344,1.025,1.350,13.718,11.866,13.721,65.651,39.736,3.828,5.222,6.014,4.647,3.877,2.388,3.262,2.817,2.397,18.498,12.209,30.707,39.811,1197.8,1197.8,4110.9,4111.9,4110.0,4111.9,45.2,22.9,72.9,72.9,60.2,No,No,No,1.534,0.511,5.8,49,95.0,100.0,No,No,91229,99001,32,99.0,No,No,3320,0.0,0.0,0.0,0.000,0.020,11113,9107,0.0,0.0,0.0,0.000,0.000,50,0,46.5,61.2,83.0,0.694,12.140,12.186,12.160,12.075,1129,39.478,14.821,18.287,5.654,34.036,23.860,10.160,0.336,18.287,21.738,2.053,13.794,220.000,240.000,1140.0,1250.2,990.0,1162.7,1065.0,37.0,11.0,0.0,3.0,30.7,5.1,20.3,0.0,0.0,0.0,33,Yes,No,No,No,No,Yes,No,17.9,22.5,0,0,0,0,0,0,0,0,0,12,0,0,0,0,0,0,0,0,0,0,0,0,0,0,0,0,0,0,0,0,5676,2516,2351,97,8.0,239.7,264.2,220.4,213.6,217.0,212.2,128.1,242.1,59.9,59.8,59.9,59.8,4.17,4.58,3.70,3.61,4.66,4.72,0.48,0.48,4.07,0.11,3.01,0,0,0.0,0.0,197,29,12.9,6.6,0,
5.7.2026,22:37:36.878,18273,27721,39.7,13167,19515,40.2,0.2,13312,23,1.338,1.344,1.337,1.337,1.337,1.337,1.337,1.337,1.337,4117.6,4117.6,4117.6,4117.6,4117.6,4117.6,4117.6,4117.6,4117.6,99.8,1160.4,3437.5,1362.2,3140.4,849.1,2045.7,791.3,1508.9,795.7,454.1,315.4,1117.0,548.7,736.9,402.5,536.5,525.3,1160.4,26.0,53.0,32.7,76.4,20.5,49.5,18.8,36.4,18.9,11.0,7.6,26.8,12.2,17.3,9.5,13.1,12.8,76.4,26.0,29.4,60.2,37.0,86.9,23.1,56.1,21.2,41.2,21.3,12.2,8.3,30.3,14.4,19.4,10.5,14.6,14.2,29.4,41.2,41.2,41.2,41.2,41.2,41.2,41.2,41.2,41.2,0.0,73.2,83.7,95.0,81.6,77.1,57.4,68.5,63.7,58.8,26.8,16.3,5.0,18.4,22.9,42.6,31.5,36.3,41.2,0.0,0.0,0.0,0.0,0.0,0.0,0.0,0.0,0.0,1197.8,12.00,16,16,16,39,55,661,1,70.0,70.1,66.8,65.5,67.9,68.9,67.2,65.8,63.1,64.3,63.1,63.8,60.8,61.1,60.4,52.2,50.5,1.350,1.025,1.363,14.303,11.884,14.300,65.909,40.531,3.943,5.340,6.122,4.549,3.937,2.517,3.336,2.886,2.859,19.304,12.230,31.534,40.632,1197.8,1197.8,4108.1,4109.6,4106.6,4109.6,46.2,23.8,73.2,73.7,61.0,No,No,No,1.613,0.519,5.9,49,95.0,100.0,No,No,91229,99001,32,99.0,No,No,3320,0.0,0.0,0.0,0.000,0.093,11113,9107,0.0,0.0,0.0,0.000,0.000,50,0,46.5,61.2,83.0,0.719,12.139,12.185,12.159,12.075,1128,40.320,15.656,19.041,5.983,34.665,24.065,10.578,0.336,19.041,21.928,5.941,14.984,220.000,240.000,1185.0,1250.2,1050.0,1173.5,1140.0,40.0,13.0,0.0,3.0,30.7,5.1,20.5,0.0,0.0,0.0,33,Yes,No,No,No,No,Yes,No,18.0,21.0,0,0,0,0,0,0,0,0,0,12,0,0,0,0,0,0,0,0,0,0,0,0,0,0,0,0,0,0,0,0,5676,2516,2351,97,8.0,239.8,263.3,219.7,212.4,215.7,211.2,132.7,262.7,59.9,59.9,59.9,59.9,4.17,4.60,3.75,3.46,4.75,5.01,0.44,0.47,4.06,0.11,2.89,0,0,0.0,0.0,197,29,2.8,1.3,0,
5.7.2026,22:37:38.885,18274,27719,39.7,13171,19510,40.3,0.2,13312,23,1.342,1.337,1.337,1.344,1.344,1.344,1.344,1.344,1.344,4117.6,4117.6,4117.6,4117.6,4117.6,4117.6,4117.6,4117.6,4117.6,99.8,1113.1,3385.1,1625.2,3109.4,889.2,1244.2,1568.1,1199.8,1008.4,359.3,292.7,894.4,635.9,621.5,461.0,289.1,226.6,1113.1,24.0,44.6,38.6,75.3,20.9,29.3,37.4,28.3,23.7,8.2,6.5,20.9,15.2,13.9,10.3,6.5,4.9,75.3,24.0,27.6,51.1,44.3,86.1,24.2,33.7,42.8,32.6,27.3,9.6,7.7,24.1,16.8,16.2,12.1,7.8,5.9,27.6,41.2,41.2,41.2,41.2,41.2,41.2,41.2,41.2,41.2,0.0,71.3,82.2,94.7,81.1,75.8,55.4,66.1,62.7,52.3,28.7,17.8,5.3,18.9,24.2,44.6,33.9,37.3,47.7,0.0,0.0,0.0,0.0,0.0,0.0,0.0,0.0,0.0,1197.8,12.00,16,16,16,39,55,661,1,69.9,69.4,69.8,65.1,67.6,68.8,67.2,65.8,62.7,63.7,62.8,62.1,60.7,61.0,60.3,53.5,50.6,1.350,1.025,1.350,13.732,11.850,13.734,64.150,39.809,3.823,5.264,6.169,4.591,3.882,2.404,3.237,2.829,2.211,18.593,12.193,30.787,39.886,1197.8,1197.8,4119.3,4121.7,4116.8,4122.0,45.3,22.9,71.3,73.1,60.6,No,No,No,1.534,0.533,5.7,49,95.0,100.0,No,No,91229,99001,32,99.0,No,No,3320,0.0,0.0,0.0,0.000,0.065,11113,9107,0.0,0.0,0.0,0.000,0.000,50,0,46.4,61.0,83.0,0.706,12.138,12.182,12.158,12.074,1132,39.892,14.501,17.351,5.409,33.483,23.822,9.640,0.336,17.351,21.873,2.071,13.672,220.000,240.000,1155.0,1250.2,1005.0,1182.5,1095.0,41.0,12.0,0.0,3.0,30.7,5.1,20.3,0.0,0.0,0.0,33,Yes,No,No,No,No,Yes,No,17.8,21.1,0,0,0,0,0,0,0,0,0,12,0,0,0,0,0,0,0,0,0,0,0,0,0,0,0,0,0,0,0,0,5676,2516,2351,97,8.0,239.8,262.5,218.3,213.6,215.6,212.7,126.1,241.4,59.9,59.9,59.9,59.9,4.17,4.63,3.78,3.49,4.70,4.74,0.47,0.47,4.07,0.10,2.62,0,0,0.0,0.0,197,29,3.8,1.9,0,
5.7.2026,22:37:40.883,18265,27729,39.7,13164,19517,40.2,0.2,13312,23,1.336,1.337,1.331,1.344,1.325,1.337,1.337,1.337,1.337,4114.5,4117.6,4117.6,4092.6,4117.6,4117.6,4117.6,4117.6,4117.6,99.8,1187.4,3510.4,1811.0,3070.4,922.0,1275.1,1706.6,1193.7,1176.7,395.9,357.3,1012.0,691.7,723.0,498.3,343.4,310.4,1187.4,26.2,46.5,43.5,74.6,22.2,30.5,41.1,28.6,28.2,9.6,8.6,24.2,16.5,16.9,11.8,8.5,7.6,74.6,26.2,29.5,52.7,49.3,84.9,25.0,34.5,46.5,32.2,31.7,10.6,9.4,27.2,18.4,18.9,13.1,9.2,8.2,29.5,41.2,41.2,41.2,41.0,41.2,41.2,41.2,41.2,41.2,0.0,74.7,85.4,95.0,83.3,78.8,60.3,70.5,67.0,57.2,25.3,14.6,5.0,16.7,21.2,39.7,29.5,33.0,42.8,0.0,0.0,0.0,0.0,0.0,0.0,0.0,0.0,0.0,1197.8,12.00,16,16,16,39,55,661,1,69.8,69.3,69.8,65.2,67.8,68.6,67.3,65.7,62.9,63.9,63.1,62.3,60.7,61.1,60.4,53.8,50.7,1.344,1.031,1.350,14.173,11.925,14.171,67.206,40.401,3.890,5.384,5.975,4.679,3.954,2.498,3.356,2.947,2.331,19.111,12.271,31.382,40.481,1197.8,1197.8,4110.8,4112.0,4109.6,4112.0,46.0,23.6,74.7,73.0,61.2,No,No,No,1.551,0.500,6.0,49,95.0,100.0,No,No,91229,99001,32,99.0,No,No,3320,0.0,0.0,0.0,0.000,0.018,11113,9107,0.0,0.0,0.0,0.000,0.000,50,0,46.5,61.1,83.0,0.719,12.136,12.181,12.156,12.072,1129,39.187,14.904,18.179,5.688,34.038,23.915,10.099,0.336,18.179,21.868,2.190,14.549,220.000,240.000,1200.0,1250.2,1050.0,1153.0,1140.0,39.0,13.0,0.0,3.0,30.7,5.1,20.4,0.0,0.0,0.0,33,Yes,No,No,No,No,Yes,No,18.2,21.7,0,0,0,0,0,0,0,0,0,12,0,0,0,0,0,0,0,0,0,0,0,0,0,0,0,0,0,0,0,0,5676,2516,2351,97,8.0,239.7,257.0,222.8,218.2,220.2,217.6,140.1,242.3,65.4,59.9,59.9,59.9,4.17,4.48,3.90,3.65,4.55,4.59,0.46,0.53,4.06,0.11,3.02,0,0,0.0,0.0,197,29,3.2,2.6,0,
5.7.2026,22:37:42.877,18272,27722,39.7,13182,19500,40.3,0.2,13312,23,1.329,1.331,1.312,1.331,1.331,1.331,1.331,1.331,1.331,4089.5,4092.6,4067.7,4092.6,4092.6,4092.6,4092.6,4092.6,4092.6,99.8,1135.3,3460.7,1716.8,3122.1,846.4,1523.8,1295.0,1305.5,948.4,362.4,313.3,975.3,581.8,637.1,452.5,362.4,261.1,1135.3,24.8,46.4,41.0,75.7,20.2,36.2,31.0,31.2,22.4,8.5,7.2,23.2,13.4,14.5,10.4,8.6,6.0,75.7,24.8,28.2,52.9,46.8,86.4,23.1,41.3,35.3,35.5,25.6,9.7,8.3,26.4,15.3,16.6,11.9,9.8,6.9,28.2,41.0,41.0,40.8,41.0,41.0,41.0,41.0,41.0,41.0,0.0,72.5,84.1,94.7,81.5,76.8,56.7,67.6,63.6,55.0,27.5,15.9,5.3,18.5,23.2,43.3,32.4,36.4,45.0,0.0,0.0,0.0,0.0,0.0,0.0,0.0,0.0,0.0,1197.8,12.00,16,16,16,39,55,661,1,69.8,69.5,70.8,65.2,67.9,68.8,67.2,65.7,62.7,63.8,63.0,62.3,60.7,61.1,60.3,52.8,49.9,1.362,1.031,1.363,13.808,11.867,13.805,65.255,39.863,3.850,5.444,6.091,4.545,3.895,2.403,3.271,2.857,2.294,18.666,12.209,30.875,39.962,1197.8,1197.8,4115.9,4117.2,4114.5,4117.5,45.4,23.0,72.5,73.1,60.4,No,No,No,1.500,0.440,5.8,49,95.0,100.0,No,No,91229,99001,32,99.0,No,No,3320,0.0,0.0,0.0,0.000,0.006,11113,9107,0.0,0.0,0.0,0.000,0.000,50,0,46.5,61.2,83.0,0.731,12.140,12.186,12.160,12.075,1130,40.780,15.093,19.239,5.874,34.497,23.787,10.688,0.336,19.239,21.453,3.760,12.054,220.000,240.000,1230.0,1250.2,1080.0,1213.0,1170.0,38.0,12.0,0.0,3.0,30.7,5.1,20.3,0.0,0.0,0.0,33,Yes,No,No,No,No,Yes,No,18.5,22.1,0,0,0,0,0,0,0,0,0,12,0,0,0,0,0,0,0,0,0,0,0,0,0,0,0,0,0,0,0,0,5676,2516,2351,97,8.0,239.8,259.8,221.4,220.2,220.6,220.1,132.7,241.5,64.5,59.9,59.9,59.9,4.17,4.51,3.80,3.70,4.56,4.63,0.46,0.45,4.07,0.10,2.53,0,0,0.0,0.0,197,29,2.3,1.7,0,
5.7.2026,22:37:44.877,18267,27727,39.7,13166,19515,40.2,0.2,13312,23,1.343,1.337,1.344,1.344,1.344,1.344,1.344,1.344,1.344,4114.5,4092.6,4117.6,4117.6,4117.6,4117.6,4117.6,4117.6,4117.6,99.8,1114.8,3361.9,1715.0,3095.2,775.8,1884.0,956.4,1249.5,1031.4,337.2,283.4,953.2,577.8,623.5,470.6,290.5,231.0,1114.8,23.7,41.5,40.6,74.8,18.0,44.9,22.2,29.3,24.0,7.4,6.1,22.1,13.0,13.7,10.4,6.3,4.8,74.8,23.7,27.5,47.7,46.7,85.5,21.0,51.5,25.8,33.8,27.8,8.9,7.5,25.6,15.3,16.1,12.4,7.8,6.1,27.5,41.2,41.0,41.2,41.2,41.2,41.2,41.2,41.2,41.2,0.0,71.9,81.7,93.7,81.7,77.0,56.6,67.2,64.0,53.4,28.1,18.3,6.3,18.3,23.0,43.4,32.8,36.0,46.6,0.0,0.0,0.0,0.0,0.0,0.0,0.0,0.0,0.0,1197.8,12.00,16,16,16,39,55,661,1,69.6,69.1,67.0,64.9,67.2,68.6,66.8,65.5,62.5,63.6,62.8,62.1,60.6,61.0,60.3,52.8,50.5,1.350,1.038,1.356,13.635,11.880,13.637,64.703,39.644,3.766,5.086,5.970,4.505,3.896,2.353,3.231,2.866,2.223,18.415,12.221,30.636,39.716,1197.8,1197.8,4116.2,4117.3,4115.2,4117.7,45.1,22.7,71.9,72.7,60.9,No,No,No,1.371,0.379,5.8,49,95.0,100.0,No,No,91229,99001,32,99.0,No,No,3320,0.2,1.0,1.2,0.130,7.438,11113,9122,0.0,0.0,0.0,0.000,0.000,50,0,46.3,61.1,83.0,0.719,12.139,12.184,12.159,12.075,1130,39.594,14.679,18.393,5.483,33.948,23.715,10.218,0.336,18.393,21.369,2.195,12.743,220.000,240.000,1185.0,1250.2,1050.0,1194.5,1140.0,38.0,12.0,0.0,2.0,30.7,5.2,20.9,0.0,0.0,0.0,33,Yes,No,No,No,No,Yes,No,18.1,21.7,0,0,0,0,0,0,0,0,0,12,0,0,0,0,0,0,0,0,0,0,0,0,0,0,0,0,0,0,0,0,5676,2516,2351,97,8.0,239.8,270.5,215.6,208.6,210.9,208.4,140.4,242.7,65.8,59.8,59.9,59.8,4.17,4.67,3.68,3.38,4.78,4.87,0.45,0.41,4.07,0.10,2.33,0,0,0.0,0.0,197,29,2.7,2.5,0,
5.7.2026,22:37:46.871,18265,27729,39.7,13163,19519,40.2,0.2,13312,23,1.345,1.356,1.344,1.337,1.344,1.344,1.344,1.344,1.344,4120.7,4142.5,4117.6,4117.6,4117.6,4117.6,4117.6,4117.6,4117.6,99.8,1156.3,3410.0,1829.3,3129.0,852.4,1609.7,1237.3,1067.4,1195.3,379.1,343.0,921.9,681.6,623.1,517.1,348.2,356.6,1156.3,25.2,42.8,43.8,75.9,20.3,38.4,29.6,25.4,28.6,9.0,8.1,21.8,16.1,14.3,12.1,8.3,8.5,75.9,25.2,28.6,48.7,49.8,86.5,23.0,43.7,33.6,28.8,32.4,10.1,9.1,24.7,18.2,16.1,13.7,9.3,9.5,28.6,41.3,41.5,41.2,41.2,41.2,41.2,41.2,41.2,41.2,0.0,73.3,82.9,95.0,81.7,77.6,58.4,68.9,65.3,56.6,26.7,17.1,5.0,18.3,22.4,41.6,31.1,34.7,43.4,0.0,0.0,0.0,0.0,0.0,0.0,0.0,0.0,0.0,1197.8,12.00,16,16,16,39,55,661,1,69.6,69.1,68.2,65.0,67.4,68.5,66.8,65.6,62.7,63.7,62.8,62.2,60.6,60.9,60.2,52.8,50.0,1.369,1.031,1.363,13.710,11.890,13.708,65.968,39.716,3.822,5.262,6.024,4.459,3.913,2.445,3.261,2.873,2.338,18.503,12.232,30.736,39.816,1197.8,1197.8,4113.9,4115.3,4112.6,4115.3,45.2,22.8,73.3,72.7,60.3,No,No,No,1.424,0.387,5.9,49,95.0,100.0,No,No,91229,99001,32,99.0,No,No,3320,0.0,0.0,0.0,0.000,0.032,11113,9122,0.0,0.0,0.0,0.000,0.000,50,0,46.3,60.9,83.0,0.706,12.140,12.185,12.160,12.075,1130,39.651,14.551,17.685,5.276,33.744,23.896,9.825,0.336,17.685,21.665,2.036,13.367,220.000,240.000,1155.0,1250.2,1005.0,1182.6,1095.0,38.0,12.0,0.0,2.0,30.7,5.3,21.1,0.0,0.0,0.0,33,Yes,No,No,No,No,Yes,No,17.9,22.2,0,0,0,0,0,0,0,0,0,12,0,0,0,0,0,0,0,0,0,0,0,0,0,0,0,0,0,0,0,0,5676,2516,2351,97,8.0,239.8,258.6,222.1,214.3,216.8,214.2,142.0,241.9,66.0,59.9,59.9,59.9,4.17,4.54,3.81,3.55,4.66,4.72,0.53,0.47,4.06,0.11,2.53,0,0,0.0,0.0,197,29,3.6,3.3,0,
5.7.2026,22:37:48.883,18267,27726,39.7,13165,19516,40.2,0.2,13312,23,1.347,1.350,1.344,1.344,1.344,1.344,1.350,1.350,1.350,4120.7,4142.5,4117.6,4117.6,4117.6,4117.6,4117.6,4117.6,4117.6,99.8,1119.9,3387.6,1726.7,3016.5,892.5,981.9,1833.0,774.8,1425.8,307.2,352.4,741.7,785.5,552.7,585.4,268.6,286.7,1119.9,24.4,42.6,41.3,73.0,21.4,23.3,44.1,18.3,34.2,7.4,8.5,17.6,18.7,12.7,13.9,6.5,6.9,73.0,24.4,27.6,48.3,46.9,83.3,24.2,26.3,50.1,20.7,38.7,8.1,9.3,19.8,21.0,14.2,15.6,7.1,7.6,27.6,41.3,41.5,41.2,41.2,41.2,41.2,41.2,41.2,41.2,0.0,72.3,82.4,93.9,81.5,76.7,56.9,67.9,64.8,54.1,27.7,17.6,6.1,18.5,23.3,43.1,32.1,35.2,45.9,0.0,0.0,0.0,0.0,0.0,0.0,0.0,0.0,0.0,1197.8,12.00,16,16,16,39,55,661,1,69.5,68.9,68.0,64.9,67.3,68.2,66.9,65.5,62.5,63.7,62.8,62.0,60.6,61.0,60.2,53.5,49.8,1.356,1.031,1.363,13.787,11.864,13.791,65.043,39.868,3.779,5.156,5.883,4.532,3.884,2.394,3.253,2.895,2.236,18.633,12.207,30.840,39.920,1197.8,1197.8,4116.5,4119.1,4113.9,4119.1,45.4,23.0,72.3,72.6,61.4,No,No,No,1.355,0.340,5.8,49,95.0,100.0,No,No,91229,99001,32,99.0,No,No,3320,0.0,0.1,0.1,0.008,0.075,11113,9122,0.0,0.0,0.0,0.000,0.000,50,0,46.2,60.7,83.0,0.706,12.140,12.184,12.160,12.075,1130,38.803,13.957,16.370,4.922,32.661,23.547,9.094,0.336,16.370,21.548,2.184,12.540,220.000,240.000,1155.0,1250.2,1005.0,1139.3,1095.0,37.0,12.0,0.0,2.0,30.7,5.5,21.9,0.0,0.0,0.0,33,Yes,No,No,No,No,Yes,No,17.2,21.3,0,0,0,0,0,0,0,0,0,12,0,0,0,0,0,0,0,0,0,0,0,0,0,0,0,0,0,0,0,0,5676,2516,2351,97,8.0,239.8,259.7,219.2,200.6,208.3,197.4,143.0,243.1,60.0,59.9,59.9,59.9,4.17,4.60,3.82,3.41,4.82,5.09,0.54,0.55,4.06,0.11,2.39,0,0,0.0,0.0,197,29,2.7,2.0,0,
5.7.2026,22:37:50.874,18269,27725,39.7,13167,19515,40.2,0.2,13312,23,1.344,1.344,1.344,1.344,1.344,1.344,1.344,1.344,1.344,4136.3,4142.5,4117.6,4117.6,4142.5,4142.5,4142.5,4142.5,4142.5,99.8,1034.9,3274.8,1151.0,3194.4,629.8,921.8,1698.7,801.4,1249.4,283.8,311.9,628.4,797.6,543.8,491.6,268.5,312.1,1034.9,23.1,50.6,27.5,77.3,15.2,22.0,41.0,19.2,30.0,6.9,7.6,15.0,19.1,12.6,11.8,6.6,7.7,77.3,23.1,26.1,57.6,31.1,88.3,17.0,24.8,46.5,21.5,33.9,7.5,8.3,16.8,21.4,14.0,13.1,7.2,8.4,26.1,41.4,41.5,41.2,41.2,41.5,41.5,41.5,41.5,41.5,0.0,69.0,79.5,93.0,78.5,73.2,53.1,64.2,59.7,50.5,31.0,20.5,7.0,21.5,26.8,46.9,35.8,40.3,49.5,0.0,0.0,0.0,0.0,0.0,0.0,0.0,0.0,0.0,1197.8,12.00,16,16,16,39,55,661,1,69.2,68.5,68.2,64.5,66.6,68.1,66.4,65.0,62.3,63.3,62.5,61.8,60.4,60.7,60.1,52.2,50.2,1.369,1.025,1.363,13.121,11.800,13.123,62.060,38.891,3.647,4.918,5.816,4.341,3.691,2.321,3.115,2.758,2.220,17.776,12.137,29.913,38.974,1197.8,1197.8,4122.0,4125.3,4118.7,4126.4,44.3,21.9,69.0,72.1,60.7,No,No,No,1.295,0.298,5.5,49,95.0,100.0,No,No,91229,99001,32,99.0,No,No,3320,0.0,0.0,0.0,0.000,0.081,11113,9122,0.0,0.0,0.0,0.000,0.000,50,0,46.1,60.7,83.0,0.688,12.138,12.182,12.158,12.073,1129,38.543,14.153,16.283,4.946,32.936,23.881,9.046,0.336,16.283,21.933,2.057,13.833,220.000,240.000,1110.0,1250.2,975.0,1147.5,1050.0,38.0,11.0,0.0,2.0,30.7,5.2,21.0,0.0,0.0,0.0,33,Yes,No,No,No,No,Yes,No,17.4,22.2,0,0,0,0,0,0,0,0,0,12,0,0,0,0,0,0,0,0,0,0,0,0,0,0,0,0,0,0,0,0,5676,2516,2351,97,8.0,239.8,256.6,223.8,218.4,220.1,218.4,153.3,242.5,80.0,79.9,79.9,79.9,4.17,4.50,3.86,3.80,4.60,4.66,0.53,0.54,4.06,0.11,2.62,0,0,0.0,0.0,197,29,5.0,7.1,0,
5.7.2026,22:37:52.871,18267,27727,39.7,13166,19515,40.2,0.2,13312,23,1.342,1.331,1.344,1.344,1.344,1.344,1.344,1.344,1.344,4114.5,4092.6,4117.6,4117.6,4117.6,4117.6,4117.6,4117.6,4117.6,99.8,1115.9,3364.7,1128.8,3096.0,768.8,1414.1,1411.7,982.6,1184.6,403.9,372.2,759.5,795.0,593.6,586.4,497.9,495.0,1115.9,24.6,54.6,26.2,74.9,17.9,33.4,33.5,22.8,27.9,9.1,8.3,17.4,18.3,13.1,13.4,11.5,11.4,74.9,24.6,28.4,62.4,30.2,85.5,20.7,38.3,38.4,26.4,32.1,10.8,9.9,20.2,21.3,15.4,15.7,13.4,13.3,28.4,41.2,41.0,41.2,41.2,41.2,41.2,41.2,41.2,41.2,0.0,72.7,81.9,93.0,81.2,75.8,57.9,67.8,65.1,58.7,27.3,18.1,7.0,18.8,24.2,42.1,32.2,34.9,41.3,0.0,0.0,0.0,0.0,0.0,0.0,0.0,0.0,0.0,1197.8,12.00,16,16,16,39,55,661,1,69.5,70.0,69.0,65.3,67.4,68.4,67.0,65.5,63.1,63.9,63.1,63.9,60.6,60.9,60.3,51.8,50.2,1.344,1.025,1.350,14.154,11.806,14.154,65.389,40.273,3.911,5.203,5.837,4.549,3.855,2.596,3.278,2.963,3.007,19.142,12.150,31.292,40.356,1197.8,1197.8,4111.8,4113.1,4110.6,4113.9,45.9,23.6,72.7,73.7,61.0,No,No,No,1.288,0.294,5.8,48,95.0,100.0,No,No,91229,99001,32,99.0,No,No,3320,0.0,0.0,0.0,0.000,0.040,11113,9122,0.0,0.0,0.0,0.000,0.000,50,0,46.2,60.7,83.0,0.688,12.141,12.187,12.161,12.076,1129,37.672,14.245,16.641,5.094,33.211,23.947,9.244,0.336,16.641,22.005,1.972,13.359,220.000,240.000,1080.0,1250.2,975.0,1086.3,1050.0,40.0,12.0,0.0,2.0,30.7,5.4,21.7,0.0,0.0,0.0,33,Yes,No,No,No,No,Yes,No,17.6,21.5,0,0,0,0,0,0,0,0,0,12,0,0,0,0,0,0,0,0,0,0,0,0,0,0,0,0,0,0,0,0,5676,2516,2351,97,8.0,239.8,260.7,220.5,208.3,214.4,205.6,146.8,241.3,66.8,59.9,59.9,59.9,4.17,4.59,3.81,3.77,4.72,4.94,0.56,0.51,4.07,0.10,2.54,0,0,0.0,0.0,197,29,3.5,3.3,0,
5.7.2026,22:37:54.882,18266,27728,39.7,13172,19510,40.3,0.2,13312,23,1.330,1.337,1.325,1.325,1.325,1.331,1.331,1.331,1.331,4092.6,4092.6,4092.6,4092.6,4092.6,4092.6,4092.6,4092.6,4092.6,99.8,1100.1,3428.2,1021.7,3203.5,738.4,1812.5,1051.3,1122.9,1080.5,403.8,348.8,908.4,721.0,654.5,496.2,360.9,249.0,1100.1,24.9,59.8,24.2,77.7,17.7,43.4,25.2,26.8,25.8,9.5,8.3,21.7,17.1,15.1,11.7,8.7,5.9,77.7,24.9,28.2,68.0,27.3,88.5,19.9,49.4,28.5,30.4,29.1,10.6,9.2,24.4,19.2,17.0,13.1,9.7,6.5,28.2,41.0,41.0,41.0,41.0,41.0,41.0,41.0,41.0,41.0,0.0,72.2,83.4,94.0,81.1,75.7,57.1,67.8,63.4,54.8,27.8,16.6,6.0,18.9,24.3,42.9,32.2,36.6,45.2,0.0,0.0,0.0,0.0,0.0,0.0,0.0,0.0,0.0,1197.8,12.00,16,16,16,39,55,661,1,69.5,69.2,68.0,65.0,67.7,68.4,67.0,65.4,62.7,63.7,62.8,62.2,60.6,61.0,60.3,52.5,50.1,1.350,1.025,1.350,13.723,11.840,13.721,64.954,39.706,3.835,5.365,5.952,4.580,3.844,2.464,3.329,2.875,2.271,18.530,12.181,30.710,39.795,1197.8,1197.8,4114.2,4116.5,4111.9,4116.5,45.2,22.9,72.2,72.8,60.2,No,No,No,1.455,0.421,5.8,48,95.0,100.0,No,No,91229,99001,32,99.0,No,No,3320,0.0,0.0,0.0,0.008,0.300,11113,9123,0.0,0.0,0.0,0.000,0.000,50,0,46.2,60.8,83.0,0.706,12.140,12.184,12.160,12.075,1128,38.556,14.533,17.982,5.446,33.974,23.957,9.990,0.336,17.982,21.772,2.067,11.830,220.000,240.000,1155.0,1250.2,1005.0,1112.7,1095.0,41.0,12.0,0.0,3.0,30.7,5.4,21.5,0.0,0.0,0.0,33,Yes,No,No,No,No,Yes,No,18.1,22.9,0,0,0,0,0,0,0,0,0,12,0,0,0,0,0,0,0,0,0,0,0,0,0,0,0,0,0,0,0,0,5676,2516,2351,97,8.0,239.8,261.0,221.3,219.3,220.1,219.0,138.5,242.3,65.3,59.8,59.9,59.8,4.17,4.52,3.78,3.68,4.56,4.63,0.49,0.53,4.07,0.10,2.57,0,0,0.0,0.0,197,29,4.5,2.3,0,
5.7.2026,22:37:56.873,18272,27721,39.7,13180,19502,40.3,0.2,13312,23,1.332,1.344,1.325,1.325,1.325,1.325,1.325,1.344,1.344,4102.0,4092.6,4092.6,4092.6,4117.6,4117.6,4117.6,4092.6,4092.6,99.8,1128.2,3394.2,1069.7,3256.2,727.1,1785.3,1042.8,1208.2,1090.6,423.5,390.2,945.6,711.6,665.8,524.0,501.4,314.6,1128.2,25.3,57.8,25.1,79.0,17.0,42.7,24.7,28.6,25.8,10.0,9.0,22.4,16.6,15.1,12.1,11.8,7.2,79.0,25.3,28.9,65.9,28.7,90.1,19.6,48.7,28.2,32.7,29.5,11.4,10.4,25.5,19.0,17.3,13.9,13.6,8.3,28.9,41.1,41.0,41.0,41.0,41.2,41.2,41.2,41.0,41.0,0.0,72.5,82.6,94.5,80.7,76.3,57.9,67.8,63.3,56.9,27.5,17.4,5.5,19.3,23.7,42.1,32.2,36.7,43.1,0.0,0.0,0.0,0.0,0.0,0.0,0.0,0.0,0.0,1197.8,12.00,16,16,16,39,55,661,1,69.4,69.1,66.8,65.1,67.6,68.2,67.1,65.6,62.9,63.8,62.9,62.4,60.6,61.0,60.3,53.2,50.6,1.344,1.031,1.356,13.946,11.850,13.943,65.250,40.037,3.840,5.260,5.890,4.562,3.915,2.528,3.268,2.892,2.408,18.845,12.193,31.038,40.120,1197.8,1197.8,4112.7,4115.8,4109.6,4115.8,45.6,23.2,72.5,72.8,61.1,No,No,No,1.469,0.389,5.8,49,95.0,100.0,No,No,91229,99001,32,99.0,No,No,3320,0.0,0.1,0.1,0.008,0.090,11113,9123,0.0,0.0,0.0,0.000,0.000,50,0,46.0,60.6,83.0,0.694,12.140,12.187,12.159,12.074,1129,39.812,14.071,16.492,4.960,32.466,23.292,9.162,0.336,16.492,21.271,3.087,13.154,220.000,240.000,1140.0,1250.2,990.0,1182.5,1065.0,34.0,11.0,0.0,2.0,30.7,5.0,19.8,0.0,0.0,0.0,33,Yes,No,No,No,No,Yes,No,17.2,21.2,0,0,0,0,0,0,0,0,0,12,0,0,0,0,0,0,0,0,0,0,0,0,0,0,0,0,0,0,0,0,5675,2517,2352,97,8.0,239.8,261.9,219.8,213.0,215.1,212.7,130.3,243.0,59.9,59.8,59.9,59.8,4.17,4.63,3.78,3.61,4.67,4.68,0.44,0.64,4.06,0.11,2.84,0,0,0.0,0.0,197,29,3.7,4.7,0,
5.7.2026,22:37:58.878,18279,27715,39.7,13176,19505,40.3,0.2,13312,23,1.351,1.344,1.350,1.350,1.350,1.350,1.350,1.356,1.356,4133.2,4117.6,4142.5,4142.5,4142.5,4142.5,4142.5,4117.6,4117.6,99.8,1055.5,3311.1,1124.7,3189.2,642.5,1152.8,1545.7,860.7,1236.9,318.5,338.0,716.8,771.9,522.1,558.9,340.2,258.5,1055.5,23.6,53.8,26.6,77.2,15.2,27.3,37.1,20.3,29.6,7.6,8.0,17.0,18.4,11.9,13.2,8.2,6.1,77.2,23.6,26.8,61.2,30.2,88.0,17.3,31.0,42.2,23.1,33.6,8.4,9.0,19.1,20.7,13.4,14.9,9.1,6.8,26.8,41.4,41.2,41.5,41.5,41.5,41.5,41.5,41.2,41.2,0.0,70.3,80.5,93.1,78.6,73.6,55.3,65.7,62.1,53.2,29.7,19.5,6.9,21.4,26.4,44.7,34.3,37.9,46.8,0.0,0.0,0.0,0.0,0.0,0.0,0.0,0.0,0.0,1197.8,12.00,16,16,16,39,55,661,1,69.2,68.6,68.2,64.5,66.8,67.9,66.5,65.0,62.4,63.4,62.5,61.9,60.4,60.8,60.1,52.8,50.1,1.350,1.031,1.363,13.347,11.783,13.353,63.238,39.161,3.677,4.977,5.768,4.385,3.685,2.380,3.158,2.807,2.257,18.036,12.123,30.159,39.227,1197.8,1197.8,4117.6,4119.1,4116.1,4119.1,44.6,22.3,70.3,72.2,61.1,No,No,No,1.280,0.263,5.6,49,95.0,100.0,No,No,91229,99001,32,99.0,No,No,3320,0.0,0.0,0.0,0.000,0.004,11113,9123,0.0,0.0,0.0,0.000,0.000,50,0,46.1,60.6,83.0,0.694,12.141,12.187,12.160,12.076,1130,38.403,15.121,16.155,4.887,32.626,23.632,8.974,0.336,16.155,21.691,14.427,12.331,220.000,240.000,1125.0,1250.2,990.0,1119.9,1065.0,35.0,11.0,0.0,2.0,30.8,5.4,21.5,0.0,0.0,0.0,33,Yes,No,No,No,No,Yes,No,17.5,21.3,0,0,0,0,0,0,0,0,0,12,0,0,0,0,0,0,0,0,0,0,0,0,0,0,0,0,0,0,0,0,5669,2523,2359,100,8.0,239.8,262.2,223.5,188.5,205.8,181.0,147.5,242.1,79.9,62.2,68.5,60.0,4.17,4.54,3.78,2.98,4.88,5.53,0.51,0.57,4.07,0.10,2.19,0,0,0.0,0.0,197,29,5.2,3.3,0,
5.7.2026,22:38:0.873,18280,27714,39.7,13177,19505,40.3,0.2,13312,23,1.339,1.331,1.344,1.344,1.344,1.337,1.337,1.337,1.337,4117.6,4117.6,4117.6,4117.6,4117.6,4117.6,4117.6,4117.6,4117.6,99.8,1060.1,3322.5,1140.9,3205.1,693.4,1158.5,1479.0,903.8,1155.8,321.7,355.0,701.6,802.4,579.7,518.1,352.6,272.3,1060.1,23.3,53.9,26.6,77.4,16.1,27.1,35.1,20.9,27.2,7.1,8.0,16.1,18.6,12.8,11.8,8.0,6.0,77.4,23.3,26.9,61.7,30.7,88.5,18.7,31.2,40.3,24.2,31.3,8.5,9.5,18.6,21.5,15.0,13.8,9.5,7.2,26.9,41.2,41.2,41.2,41.2,41.2,41.2,41.2,41.2,41.2,0.0,70.4,80.7,93.7,78.3,73.7,55.7,65.8,62.0,53.3,29.6,19.3,6.3,21.7,26.3,44.3,34.2,38.0,46.7,0.0,0.0,0.0,0.0,0.0,0.0,0.0,0.0,0.0,1197.8,12.00,16,16,16,39,55,661,1,69.1,68.6,67.2,64.6,67.0,67.9,66.4,64.9,62.5,63.4,62.7,62.0,60.5,60.8,60.1,53.2,50.4,1.350,1.031,1.350,13.539,11.801,13.536,63.349,39.430,3.717,5.122,5.827,4.333,3.678,2.425,3.217,2.851,2.281,18.337,12.143,30.481,39.539,1197.8,1197.8,4121.8,4124.5,4119.0,4124.5,44.9,22.6,70.4,72.2,61.4,No,No,No,1.299,0.302,5.6,48,95.0,100.0,No,No,91229,99001,32,99.0,No,No,3320,0.0,0.0,0.0,0.000,0.036,11113,9123,0.0,0.0,0.0,0.000,0.000,50,0,46.1,60.7,83.0,0.713,12.138,12.184,12.158,12.073,1129,39.651,15.868,17.656,5.385,33.640,23.808,9.808,0.336,17.656,21.692,14.079,14.622,220.000,240.000,1170.0,1250.2,1020.0,1147.6,1110.0,37.0,12.0,0.0,2.0,30.8,5.4,21.6,0.0,0.0,0.0,33,Yes,No,No,No,No,Yes,No,17.9,21.2,0,0,0,0,0,0,0,0,0,12,0,0,0,0,0,0,0,0,0,0,0,0,0,0,0,0,0,0,0,0,5668,2524,2359,100,8.0,239.8,260.6,220.1,215.2,217.0,214.6,143.4,242.4,79.8,62.1,68.4,60.0,4.17,4.55,3.79,3.48,4.64,4.71,0.49,0.43,4.07,0.10,2.23,0,0,0.0,0.0,197,29,2.8,4.7,0,
5.7.2026,22:38:2.882,18294,27699,39.7,13192,19489,40.3,0.2,13312,23,1.329,1.331,1.337,1.337,1.325,1.325,1.325,1.325,1.325,4092.6,4092.6,4092.6,4092.6,4092.6,4092.6,4092.6,4092.6,4092.6,99.8,1036.1,3302.7,902.2,3221.9,685.9,1514.1,1127.9,1226.3,829.0,374.3,314.6,854.7,584.4,593.8,453.8,351.1,241.6,1036.1,23.6,57.9,21.6,78.1,16.6,36.4,27.2,29.6,19.9,9.2,7.7,20.6,14.1,13.9,10.9,8.7,6.0,78.1,23.6,26.6,65.8,24.1,89.2,18.5,41.1,30.7,33.3,22.3,10.0,8.3,23.0,15.5,15.4,12.0,9.4,6.3,26.6,41.0,41.0,41.0,41.0,41.0,41.0,41.0,41.0,41.0,0.0,68.7,80.2,93.4,77.5,71.8,53.6,63.0,59.3,51.2,31.3,19.8,6.6,22.5,28.2,46.4,37.0,40.7,48.8,0.0,0.0,0.0,0.0,0.0,0.0,0.0,0.0,0.0,1197.8,12.00,16,16,16,39,55,661,1,69.1,69.0,68.8,64.7,67.2,68.2,66.7,65.0,62.4,63.4,62.6,62.0,60.5,60.8,60.1,52.2,49.8,1.362,1.038,1.356,13.495,11.790,13.496,61.869,39.447,3.715,5.163,5.935,4.384,3.635,2.401,3.146,2.786,2.268,18.319,12.128,30.446,39.511,1197.8,1197.8,4123.3,4128.7,4117.9,4128.9,44.9,22.5,68.7,72.6,61.5,No,No,No,1.334,0.299,5.5,49,95.0,100.0,No,No,91229,99001,32,99.0,No,No,3320,0.0,0.0,0.0,0.000,0.004,11113,9123,0.0,0.0,0.0,0.000,0.000,50,0,45.8,60.3,83.0,0.688,12.140,12.186,12.160,12.075,1132,37.760,13.859,15.822,4.874,32.539,23.728,8.790,0.336,15.822,21.932,3.138,11.608,220.000,240.000,1110.0,1250.2,975.0,1129.0,1050.0,36.0,11.0,0.0,2.0,30.9,5.0,20.1,0.0,0.0,0.0,33,Yes,No,No,No,No,Yes,No,17.2,21.1,0,0,0,0,0,0,0,0,0,12,0,0,0,0,0,0,0,0,0,0,0,0,0,0,0,0,0,0,0,0,5664,2528,2363,101,8.0,239.7,260.0,219.7,211.5,214.3,210.8,129.2,242.8,59.9,59.9,59.9,59.9,4.17,4.62,3.80,3.63,4.72,4.79,0.51,0.60,4.07,0.10,2.21,0,0,0.0,0.0,197,29,2.8,2.1,0,
5.7.2026,22:38:4.885,18291,27702,39.7,13180,19502,40.3,0.2,13312,23,1.341,1.356,1.337,1.337,1.337,1.337,1.337,1.337,1.344,4120.7,4142.5,4117.6,4117.6,4117.6,4117.6,4117.6,4117.6,4117.6,99.8,1050.7,3272.9,1014.2,3245.9,683.9,2021.7,678.0,1379.7,689.4,374.4,309.4,1021.2,469.2,692.0,405.8,300.1,253.1,1050.7,23.7,54.9,24.1,78.6,16.3,48.7,16.0,33.2,16.3,9.0,7.4,24.5,11.1,16.1,9.6,7.3,6.1,78.6,23.7,26.8,62.4,27.2,89.8,18.4,55.3,18.1,37.6,18.4,9.9,8.2,27.7,12.3,18.1,10.7,8.0,6.7,26.8,41.3,41.5,41.2,41.2,41.2,41.2,41.2,41.2,41.2,0.0,69.4,79.5,93.7,78.2,72.7,53.9,64.7,60.2,51.9,30.6,20.5,6.3,21.8,27.3,46.1,35.3,39.8,48.1,0.0,0.0,0.0,0.0,0.0,0.0,0.0,0.0,0.0,1197.8,12.00,16,16,16,39,55,661,1,69.1,68.5,69.0,64.5,66.9,67.9,66.5,64.9,62.4,63.3,62.7,61.8,60.4,60.7,60.1,53.8,50.0,1.369,1.031,1.369,13.365,11.813,13.365,62.417,39.248,3.702,5.028,5.833,4.401,3.692,2.392,3.157,2.866,2.250,18.114,12.152,30.265,39.330,1197.8,1197.8,4122.5,4126.8,4118.3,4126.8,44.7,22.3,69.4,72.1,61.0,No,No,No,1.333,0.322,5.5,49,95.0,100.0,No,No,91229,99001,32,99.0,No,No,3320,0.3,1.4,1.6,0.222,7.576,11114,9138,0.0,0.0,0.0,0.000,0.000,50,0,45.8,60.3,83.0,0.688,12.140,12.185,12.159,12.074,1132,37.769,13.903,16.056,4.874,32.598,23.666,8.920,0.336,16.056,21.748,1.946,12.826,220.000,240.000,1080.0,1250.2,975.0,1107.4,1050.0,38.0,11.0,0.0,2.0,30.8,5.1,20.5,0.0,0.0,0.0,33,Yes,No,No,No,No,Yes,No,17.2,20.4,0,0,0,0,0,0,0,0,0,12,0,0,0,0,0,0,0,0,0,0,0,0,0,0,0,0,0,0,0,0,5668,2524,2359,100,8.0,239.8,262.3,221.6,204.3,211.5,202.1,135.8,241.5,79.9,62.0,68.5,59.9,4.17,4.53,3.81,3.65,4.76,5.03,0.50,0.69,4.06,0.11,2.03,0,0,0.0,0.0,197,29,2.7,2.3,0,
5.7.2026,22:38:6.874,18283,27711,39.7,13181,19501,40.3,0.2,13312,23,1.338,1.344,1.337,1.337,1.337,1.337,1.337,1.337,1.337,3917.9,4117.6,4117.6,4117.6,4117.6,4117.6,3568.6,3593.5,3593.5,99.8,1111.1,3308.6,1537.5,3244.9,730.2,1931.5,797.6,1342.1,752.2,375.9,366.3,962.0,525.0,689.2,394.2,481.4,339.0,1111.1,23.9,45.2,36.2,78.4,16.8,46.0,18.3,31.6,17.1,8.3,8.1,22.4,11.6,15.3,8.5,11.0,7.4,78.4,23.9,27.7,51.9,41.7,89.7,19.7,52.8,21.4,36.4,20.0,10.0,9.7,25.9,13.8,18.0,10.3,13.0,9.0,27.7,39.2,41.2,41.2,41.2,41.2,41.2,35.8,36.0,36.0,0.0,71.0,80.3,94.0,79.4,74.2,55.9,66.0,62.5,55.9,29.0,19.7,6.0,20.6,25.8,44.1,34.0,37.5,44.1,0.0,0.0,0.0,0.0,0.0,0.0,0.0,0.0,0.0,1197.8,12.00,16,16,16,39,55,661,1,69.1,68.8,67.0,64.7,67.0,68.1,66.7,65.0,62.4,63.4,62.6,62.2,60.4,60.8,60.1,54.0,50.0,1.350,1.044,1.350,13.756,11.813,13.754,63.931,39.762,3.763,5.143,5.904,4.445,3.723,2.441,3.175,2.850,2.423,18.635,12.150,30.785,39.848,1197.8,1197.8,4121.6,4123.4,4119.8,4123.4,45.3,22.9,71.0,72.4,61.7,No,No,No,1.330,0.292,5.7,48,95.0,100.0,No,No,91229,99001,32,99.0,No,No,3320,0.0,0.0,0.0,0.000,0.114,11114,9138,0.0,0.0,0.0,0.000,0.000,50,0,45.8,60.3,83.0,0.688,12.147,12.195,12.166,12.081,1128,37.802,13.961,16.055,4.866,32.836,23.896,8.919,0.336,16.055,21.976,2.097,12.579,220.000,240.000,1020.0,1250.2,975.0,1054.2,1050.0,37.0,11.0,0.0,2.0,30.8,5.4,21.5,0.0,0.0,0.0,33,Yes,No,No,No,No,Yes,No,17.3,21.4,0,0,0,0,0,0,0,0,0,12,0,0,0,0,0,0,0,0,0,0,0,0,0,0,0,0,0,0,0,0,5668,2524,2359,101,8.0,239.8,260.1,221.6,217.8,219.0,217.6,141.0,242.1,59.9,59.9,59.9,59.9,4.17,4.57,3.79,3.76,4.64,4.69,0.56,0.58,4.07,0.10,2.38,0,0,0.0,0.0,197,29,2.3,1.5,0,
5.7.2026,22:38:8.883,18283,27710,39.7,13181,19500,40.3,0.2,13312,23,1.353,1.344,1.356,1.356,1.356,1.356,1.356,1.350,1.350,4139.4,4117.6,4142.5,4142.5,4142.5,4142.5,4142.5,4142.5,4142.5,99.8,1117.1,3291.3,1713.7,3324.8,624.0,1419.4,1195.3,1153.2,884.6,338.6,325.7,826.4,559.9,600.2,450.6,527.9,637.2,1117.1,24.6,41.6,41.3,80.8,15.0,34.2,28.7,27.8,21.2,8.2,7.9,19.9,13.3,14.1,10.8,12.9,15.7,80.8,24.6,27.6,47.0,46.7,92.0,16.8,38.6,32.4,31.3,23.8,9.0,8.6,22.2,14.7,15.7,11.9,14.3,17.4,27.6,41.5,41.2,41.5,41.5,41.5,41.5,41.5,41.5,41.5,0.0,70.2,80.3,94.6,77.5,72.7,54.0,63.5,60.9,58.4,29.8,19.7,5.4,22.5,27.3,46.0,36.5,39.1,41.6,0.0,0.0,0.0,0.0,0.0,0.0,0.0,0.0,0.0,1197.8,12.00,16,16,16,39,55,661,1,76.0,69.8,66.2,64.9,67.0,68.3,66.4,65.0,62.6,63.6,62.7,64.0,60.5,60.8,60.2,53.2,49.9,1.350,1.038,1.363,13.616,11.795,13.618,63.213,39.536,3.785,5.096,5.917,4.253,3.621,2.388,3.074,2.800,3.134,18.437,12.133,30.570,39.634,1197.8,1197.8,4111.5,4115.2,4107.8,4115.8,45.0,22.7,70.2,73.5,60.7,No,No,No,1.314,0.295,5.6,48,95.0,100.0,No,No,91229,99001,32,99.0,No,No,3320,0.0,0.1,0.1,0.000,0.071,11114,9138,0.0,0.0,0.0,0.000,0.000,50,0,45.8,60.4,83.0,0.688,12.140,12.185,12.159,12.075,1133,37.542,13.859,15.967,4.801,32.721,23.824,8.870,0.336,15.967,21.874,1.909,12.324,220.000,240.000,990.0,1250.2,975.0,1017.7,1050.0,38.0,11.0,0.0,2.0,30.8,5.5,22.2,0.0,0.0,0.0,33,Yes,No,No,No,No,Yes,No,17.2,22.4,0,0,0,0,0,0,0,0,0,12,0,0,0,0,0,0,0,0,0,0,0,0,0,0,0,0,0,0,0,0,5668,2524,2359,101,8.0,239.8,266.4,217.4,211.3,213.9,210.4,141.0,314.9,59.9,59.8,59.8,59.8,4.17,4.62,3.74,3.68,4.70,4.78,0.55,0.46,4.06,0.11,2.21,0,0,0.0,0.0,197,29,2.4,2.3,0,
5.7.2026,22:38:10.893,18286,27708,39.7,13184,19498,40.3,0.2,13312,23,1.340,1.344,1.337,1.337,1.337,1.337,1.337,1.344,1.344,3919.8,4117.6,4117.6,4117.6,4117.6,4117.6,3314.0,4142.5,3314.0,99.8,1114.9,3324.2,1830.5,3244.4,739.6,1302.0,1374.6,1156.9,1014.9,319.5,332.3,849.1,660.2,622.3,473.8,332.7,261.4,1114.9,24.2,39.5,43.9,78.6,17.7,31.1,33.0,27.7,24.1,7.6,7.9,20.2,15.7,14.3,11.2,8.1,6.2,78.6,24.2,27.4,44.9,49.9,89.7,20.0,35.3,37.5,31.4,27.3,8.5,8.8,22.8,17.7,16.2,12.5,9.0,6.9,27.4,39.3,41.2,41.2,41.2,41.2,41.2,33.2,41.5,33.2,0.0,70.4,80.8,94.3,78.3,74.6,54.6,65.9,61.6,53.1,29.6,19.2,5.7,21.7,25.4,45.4,34.1,38.4,46.9,0.0,0.0,0.0,0.0,0.0,0.0,0.0,0.0,0.0,1197.8,12.00,16,16,16,39,55,661,1,73.0,68.9,68.2,64.7,67.2,68.3,66.3,65.2,62.4,63.4,62.6,61.9,60.4,60.8,60.1,53.2,50.2,1.362,1.038,1.369,13.615,11.823,13.615,63.365,39.589,3.754,5.206,6.008,4.347,3.794,2.369,3.210,2.825,2.270,18.421,12.164,30.585,39.656,1197.8,1197.8,4120.0,4122.4,4117.6,4122.4,45.1,22.7,70.4,72.6,61.1,No,No,No,1.375,0.343,5.6,48,95.0,100.0,No,No,91229,99001,32,99.0,No,No,3320,0.0,0.0,0.0,0.000,0.077,11114,9138,0.0,0.0,0.0,0.000,0.000,50,0,45.7,60.2,83.0,0.688,12.139,12.185,12.159,12.075,1132,37.670,13.557,15.896,4.728,32.282,23.425,8.831,0.336,15.896,21.444,2.058,10.675,220.000,240.000,1020.0,1250.2,975.0,981.0,1050.0,38.0,11.0,0.0,2.0,30.8,5.5,22.2,0.0,0.0,0.0,33,Yes,No,No,No,No,Yes,No,17.0,20.4,0,0,0,0,0,0,0,0,0,12,0,0,0,0,0,0,0,0,0,0,0,0,0,0,0,0,0,0,0,0,5667,2525,2360,101,8.0,239.7,260.2,222.9,209.0,216.4,205.5,120.4,241.5,59.9,59.8,59.8,59.7,4.17,4.53,3.82,3.64,4.65,4.86,0.60,0.54,4.07,0.10,2.18,0,0,0.0,0.0,197,29,2.8,2.4,0,
5.7.2026,22:38:12.889,18273,27720,39.7,13174,19507,40.3,0.2,13312,23,1.347,1.350,1.337,1.337,1.350,1.350,1.350,1.350,1.350,4123.8,4167.5,4117.6,4117.6,4117.6,4117.6,4117.6,4117.6,4117.6,99.8,1118.8,3310.7,1918.4,3191.2,763.4,1341.1,1432.8,1170.6,933.0,307.0,356.0,844.6,634.2,611.1,474.6,340.9,271.0,1118.8,23.7,38.3,45.6,77.2,17.6,31.5,33.8,27.5,21.6,6.6,7.8,19.5,14.3,13.4,10.5,7.6,5.7,77.2,23.7,27.4,44.1,52.3,88.4,20.6,36.3,38.9,31.7,25.1,8.1,9.4,22.7,16.8,15.8,12.5,9.1,7.1,27.4,41.3,41.8,41.2,41.2,41.2,41.2,41.2,41.2,41.2,0.0,70.4,80.4,94.1,79.2,74.0,55.1,64.9,62.2,53.2,29.6,19.6,5.9,20.8,26.0,44.9,35.1,37.8,46.8,0.0,0.0,0.0,0.0,0.0,0.0,0.0,0.0,0.0,1197.8,12.00,16,16,16,39,55,661,1,70.9,69.1,70.2,64.8,67.4,68.4,66.7,65.2,62.5,63.4,62.7,62.0,60.5,60.8,60.2,53.8,49.7,1.400,1.025,1.387,13.729,11.834,13.721,63.342,39.752,3.784,5.267,6.002,4.482,3.753,2.413,3.195,2.847,2.313,18.614,12.175,30.789,39.851,1197.8,1197.8,4123.0,4125.8,4120.3,4125.8,45.3,22.9,70.4,72.8,61.3,No,No,No,1.385,0.366,5.6,48,95.0,100.0,No,No,91229,99001,32,99.0,No,No,3320,0.0,0.0,0.0,0.000,0.032,11114,9138,0.0,0.0,0.0,0.000,0.000,50,0,45.6,60.1,83.0,0.688,12.136,12.181,12.156,12.072,1130,37.723,13.855,16.089,4.787,32.614,23.661,8.938,0.336,16.089,21.641,1.988,12.404,220.000,240.000,1050.0,1250.2,975.0,1030.4,1050.0,40.0,11.0,0.0,2.0,30.8,5.4,21.6,0.0,0.0,0.0,33,Yes,No,No,No,No,Yes,No,17.1,21.2,0,0,0,0,0,0,0,0,0,12,0,0,0,0,0,0,0,0,0,0,0,0,0,0,0,0,0,0,0,0,5667,2525,2360,101,8.0,239.7,267.1,219.6,204.8,211.6,201.7,132.6,242.3,59.9,59.9,59.9,59.9,4.17,4.59,3.71,3.43,4.77,5.06,0.54,0.52,4.07,0.10,2.69,0,0,0.0,0.0,197,29,2.6,1.4,0,
5.7.2026,22:38:14.891,18279,27715,39.7,13180,19502,40.3,0.2,13312,23,1.333,1.337,1.325,1.325,1.325,1.337,1.337,1.337,1.337,4117.6,4117.6,4117.6,4117.6,4117.6,4117.6,4117.6,4117.6,4117.6,99.8,1112.0,3323.7,1936.9,3256.7,700.4,1853.6,898.1,1211.9,864.8,339.7,354.5,863.4,568.4,591.4,467.2,252.6,309.0,1112.0,24.0,38.7,46.3,78.9,16.7,44.6,21.2,28.9,20.4,8.0,8.4,20.5,13.2,13.5,10.9,6.0,7.3,78.9,24.0,27.2,44.1,52.8,90.1,18.9,50.7,24.1,32.8,23.1,9.0,9.4,23.2,14.9,15.3,12.3,6.7,8.2,27.2,41.2,41.2,41.2,41.2,41.2,41.2,41.2,41.2,41.2,0.0,70.0,80.7,94.5,79.0,73.0,54.8,64.4,61.2,52.8,30.0,19.3,5.5,21.0,27.0,45.2,35.6,38.8,47.2,0.0,0.0,0.0,0.0,0.0,0.0,0.0,0.0,0.0,1197.8,12.00,16,16,16,39,55,661,1,70.2,69.1,67.2,64.7,67.3,68.3,66.7,65.0,62.4,63.3,62.6,61.8,60.4,60.8,60.1,53.5,50.1,1.350,1.031,1.350,13.543,11.847,13.552,63.043,39.529,3.747,5.206,6.025,4.469,3.678,2.418,3.130,2.811,2.236,18.336,12.186,30.522,39.607,1197.8,1197.8,4119.7,4123.1,4116.3,4123.1,45.0,22.6,70.0,72.7,61.0,No,No,No,1.362,0.355,5.6,48,95.0,100.0,No,No,91229,99001,32,99.0,No,No,3320,0.0,0.0,0.0,0.000,0.012,11114,9138,0.0,0.0,0.0,0.000,0.000,50,0,45.6,60.1,83.0,0.688,12.140,12.186,12.159,12.074,1130,37.264,14.034,15.610,4.643,32.269,23.581,8.672,0.336,15.610,21.635,4.380,13.606,220.000,240.000,990.0,1250.2,975.0,1039.4,1050.0,38.0,10.0,0.0,3.0,30.8,5.2,20.8,0.0,0.0,0.0,33,Yes,No,No,No,No,Yes,No,17.0,21.6,0,0,0,0,0,0,0,0,0,12,0,0,0,0,0,0,0,0,0,0,0,0,0,0,0,0,0,0,0,0,5667,2525,2360,101,8.0,239.8,259.9,220.8,218.7,219.4,218.5,130.7,243.3,59.9,59.8,59.8,59.8,4.17,4.58,3.81,3.74,4.61,4.63,0.53,0.53,4.06,0.11,2.64,0,0,0.0,0.0,197,29,2.6,2.3,0,
5.7.2026,22:38:16.883,18281,27713,39.7,13183,19499,40.3,0.2,13312,23,1.339,1.350,1.337,1.337,1.337,1.337,1.337,1.337,1.337,4142.5,4142.5,4142.5,4142.5,4142.5,4142.5,4142.5,4142.5,4142.5,99.8,1133.6,3314.0,1923.8,3318.0,723.9,1704.9,1027.3,1189.2,935.5,350.3,386.7,865.5,646.1,573.1,523.1,361.0,295.8,1133.6,24.5,39.0,46.1,80.5,17.2,40.9,24.4,28.4,22.1,8.3,9.1,20.5,15.1,13.1,12.2,8.6,6.9,80.5,24.5,27.9,44.4,52.6,91.9,19.6,46.6,27.8,32.3,25.1,9.4,10.3,23.3,17.2,14.8,13.9,9.8,7.8,27.9,41.5,41.5,41.5,41.5,41.5,41.5,41.5,41.5,41.5,0.0,70.3,80.6,95.4,78.4,73.5,55.0,64.8,61.2,53.7,29.7,19.4,4.6,21.6,26.5,45.0,35.2,38.8,46.3,0.0,0.0,0.0,0.0,0.0,0.0,0.0,0.0,0.0,1197.8,12.00,16,16,16,39,55,661,1,69.8,69.0,69.0,64.7,67.3,68.3,66.6,64.9,62.4,63.4,62.6,61.9,60.4,60.8,60.1,52.5,50.2,1.369,1.031,1.369,13.707,11.865,13.705,63.272,39.729,3.756,5.268,6.049,4.391,3.671,2.406,3.151,2.821,2.289,18.552,12.205,30.757,39.833,1197.8,1197.8,4119.1,4122.9,4115.3,4122.9,45.3,22.8,70.3,72.7,61.5,No,No,No,1.442,0.386,5.6,48,95.0,100.0,No,No,91229,99001,32,99.0,No,No,3320,0.0,0.0,0.0,0.000,0.010,11114,9138,0.0,0.0,0.0,0.000,0.000,50,0,45.7,60.2,83.0,0.688,12.141,12.187,12.160,12.076,1128,37.644,13.922,16.533,5.009,32.954,23.753,9.185,0.336,16.533,21.762,2.024,11.125,220.000,240.000,990.0,1250.2,975.0,973.5,1050.0,37.0,10.0,0.0,3.0,30.8,5.4,21.8,0.0,0.0,0.0,33,Yes,No,No,No,No,Yes,No,17.4,22.0,0,0,0,0,0,0,0,0,0,12,0,0,0,0,0,0,0,0,0,0,0,0,0,0,0,0,0,0,0,0,5667,2525,2360,101,8.0,239.8,262.1,221.5,208.2,214.0,206.2,128.1,241.3,59.9,59.9,59.9,59.9,4.17,4.57,3.76,3.27,4.71,4.90,0.63,0.49,4.06,0.11,2.69,0,0,0.0,0.0,197,29,2.4,2.3,0,
5.7.2026,22:38:18.892,18282,27711,39.7,13185,19496,40.3,0.2,13312,23,1.341,1.337,1.350,1.350,1.337,1.337,1.337,1.337,1.337,4092.6,4092.6,4092.6,4092.6,4092.6,4092.6,4092.6,4092.6,4092.6,99.8,1107.7,3297.8,2018.6,3279.7,717.5,943.4,1745.2,670.4,1375.3,271.0,350.0,640.1,812.9,476.4,583.0,272.3,269.3,1107.7,24.0,36.5,48.6,79.4,17.3,22.6,42.0,16.0,33.0,6.6,8.5,15.4,19.4,10.9,14.0,6.7,6.6,79.4,24.0,27.0,41.3,55.2,90.8,19.5,25.4,47.6,17.8,37.4,7.1,9.2,17.1,21.7,12.1,15.6,7.2,7.1,27.0,41.0,41.0,41.0,41.0,41.0,41.0,41.0,41.0,41.0,0.0,69.0,80.1,95.3,77.2,71.6,53.0,62.9,60.4,51.3,31.0,19.9,4.7,22.8,28.4,47.0,37.1,39.6,48.7,0.0,0.0,0.0,0.0,0.0,0.0,0.0,0.0,0.0,1197.8,12.00,16,16,16,39,55,661,1,69.8,69.3,67.5,64.7,67.4,68.7,66.6,65.0,62.4,63.3,62.6,61.8,60.5,60.8,60.1,52.8,50.0,1.356,1.038,1.363,13.508,11.809,13.507,62.073,39.474,3.749,5.301,6.160,4.376,3.646,2.341,3.125,2.819,2.219,18.323,12.148,30.471,39.543,1197.8,1197.8,4123.1,4127.8,4118.4,4127.8,44.9,22.5,69.0,72.9,60.9,No,No,No,1.391,0.378,5.5,48,95.0,100.0,No,No,91229,99001,32,99.0,No,No,3320,0.0,0.0,0.0,0.008,0.036,11114,9138,0.0,0.0,0.0,0.000,0.000,50,0,45.5,60.3,83.0,0.688,12.141,12.187,12.160,12.075,1130,36.975,14.703,15.904,4.765,32.529,23.679,8.836,0.336,15.904,21.728,10.922,12.424,220.000,240.000,930.0,1250.2,975.0,990.0,1050.0,38.0,10.0,0.0,2.0,30.8,5.2,20.6,0.0,0.0,0.0,33,Yes,No,No,No,No,Yes,No,16.8,20.1,0,0,0,0,0,0,0,0,0,12,0,0,0,0,0,0,0,0,0,0,0,0,0,0,0,0,0,0,0,0,5667,2525,2360,101,8.0,239.8,259.7,218.3,210.4,213.3,209.9,120.9,241.6,62.6,59.9,60.0,59.9,4.17,4.63,3.81,3.57,4.72,4.83,0.51,0.57,4.07,0.10,2.73,0,0,0.0,0.0,197,29,2.9,1.7,0,
5.7.2026,22:38:20.896,18318,27675,39.8,13207,19475,40.4,0.2,13312,23,1.345,1.356,1.344,1.344,1.344,1.350,1.350,1.337,1.337,4120.7,4142.5,4117.6,4117.6,4117.6,4117.6,4117.6,4117.6,4117.6,99.8,1133.1,3273.4,2028.9,3342.7,677.6,921.7,1776.7,697.5,1500.0,291.5,376.9,661.2,838.0,531.3,579.9,311.3,321.6,1133.1,24.5,36.5,48.8,81.0,16.1,21.9,42.9,15.9,36.0,6.9,9.0,15.6,19.8,12.1,13.6,7.5,7.6,81.0,24.5,27.8,41.3,55.5,92.6,18.3,24.8,48.7,18.7,40.9,7.7,10.1,17.5,22.4,13.7,15.4,8.4,8.6,27.8,41.3,41.5,41.2,41.2,41.2,41.2,41.2,41.2,41.2,0.0,69.2,79.7,95.1,76.7,73.4,53.4,63.5,60.2,51.3,30.8,20.3,4.9,23.3,26.6,46.6,36.5,39.8,48.7,0.0,0.0,0.0,0.0,0.0,0.0,0.0,0.0,0.0,1197.8,12.00,16,16,16,39,55,661,1,69.9,69.2,71.0,64.8,67.5,68.6,66.6,65.4,62.4,63.4,62.8,62.0,60.5,60.8,60.1,53.0,50.6,1.369,1.025,1.363,13.680,11.842,13.677,62.240,39.742,3.786,5.302,6.149,4.338,3.827,2.381,3.172,2.860,2.258,18.549,12.184,30.733,39.803,1197.8,1197.8,4120.9,4128.2,4113.6,4128.2,45.2,22.8,69.2,72.9,61.0,No,No,No,1.427,0.376,5.5,48,95.0,100.0,No,No,91229,99001,32,99.0,No,No,3320,0.0,0.0,0.0,0.000,0.065,11114,9138,0.0,0.0,0.0,0.000,0.000,50,0,45.4,60.1,83.0,0.688,12.136,12.181,12.156,12.072,1132,36.774,13.729,15.463,4.604,32.176,23.576,8.590,0.336,15.463,21.657,1.964,13.459,220.000,240.000,870.0,1250.2,975.0,910.5,1050.0,37.0,9.0,0.0,2.0,30.8,5.3,21.2,0.0,0.0,0.0,33,Yes,No,No,No,No,Yes,No,16.6,20.2,0,0,0,0,0,0,0,0,0,12,0,0,0,0,0,0,0,0,0,0,0,0,0,0,0,0,0,0,0,0,5667,2525,2360,99,8.0,239.8,261.9,221.5,208.7,214.2,206.6,113.1,242.4,60.0,59.9,59.9,59.9,4.17,4.58,3.85,3.59,4.70,4.90,0.56,0.54,4.06,0.11,2.51,0,0,0.0,0.0,197,29,2.6,2.4,0,
5.7.2026,22:38:22.891,18386,27607,39.9,13260,19422,40.5,0.2,13312,23,1.340,1.331,1.344,1.344,1.344,1.344,1.337,1.337,1.337,4114.5,4092.6,4117.6,4117.6,4117.6,4117.6,4117.6,4117.6,4117.6,99.8,1174.3,3363.8,1507.4,3265.3,831.2,1153.7,1818.0,853.4,1409.7,415.2,431.3,656.0,925.4,625.7,637.4,366.0,529.1,1174.3,25.9,50.8,35.7,79.3,19.5,27.1,43.6,20.4,33.4,9.4,9.7,15.1,21.7,13.9,14.6,8.3,12.2,79.3,25.9,29.8,58.0,40.9,90.5,22.6,31.2,49.8,22.9,38.3,11.1,11.5,17.4,25.0,16.3,17.0,9.8,14.3,29.8,41.2,41.0,41.2,41.2,41.2,41.2,41.2,41.2,41.2,0.0,71.6,81.9,95.9,80.7,73.9,57.0,65.1,62.5,56.1,28.4,18.1,4.1,19.3,26.1,43.0,34.9,37.5,43.9,0.0,0.0,0.0,0.0,0.0,0.0,0.0,0.0,0.0,1197.8,12.00,16,16,16,39,55,661,1,70.2,70.4,69.2,65.4,67.9,69.1,67.5,65.6,63.1,63.9,63.3,63.0,60.5,60.9,60.2,54.0,50.0,1.362,1.031,1.356,14.321,11.870,14.331,64.481,40.581,3.979,5.400,6.295,4.767,3.856,2.605,3.258,3.021,2.631,19.350,12.214,31.564,40.661,1197.8,1197.8,4109.8,4113.8,4105.8,4113.8,46.2,23.9,71.6,74.1,60.6,No,No,No,1.454,0.365,5.7,48,95.0,100.0,No,No,91229,99001,32,99.0,No,No,3320,0.0,0.1,0.1,0.000,0.138,11114,9139,0.0,0.0,0.0,0.000,0.000,50,0,45.3,59.8,83.0,0.688,12.137,12.182,12.157,12.073,1128,36.569,13.497,14.887,4.373,31.839,23.542,8.271,0.336,14.887,21.662,1.929,13.245,220.000,240.000,795.0,1250.2,975.0,844.6,1050.0,37.0,9.0,0.0,2.0,30.8,5.2,20.6,0.0,0.0,0.0,33,Yes,No,No,No,No,Yes,No,16.6,20.5,0,0,0,0,0,0,0,0,0,12,0,0,0,0,0,0,0,0,0,0,0,0,0,0,0,0,0,0,0,0,5667,2525,2360,99,8.0,239.8,261.3,222.1,208.6,215.8,205.1,104.4,241.2,59.9,59.9,59.9,59.9,4.17,4.56,3.80,3.47,4.68,4.90,0.56,0.57,4.06,0.11,2.40,0,0,0.0,0.0,197,29,6.8,5.6,0,
5.7.2026,22:38:24.886,18384,27610,39.9,13249,19432,40.5,0.2,13312,23,1.338,1.337,1.337,1.337,1.337,1.337,1.337,1.337,1.337,4117.6,4117.6,4117.6,4117.6,4117.6,4117.6,4117.6,4117.6,4117.6,99.8,1088.3,3369.6,1236.4,3240.4,752.6,1430.1,1305.4,931.8,1261.4,293.9,367.4,722.9,786.2,504.9,573.0,267.2,369.6,1088.3,24.5,53.6,29.5,78.6,18.1,34.4,31.4,22.4,30.3,7.1,8.9,17.3,18.7,11.7,13.7,6.6,9.0,78.6,24.5,27.6,60.9,33.4,89.7,20.4,39.0,35.4,25.2,34.2,7.8,9.8,19.4,21.0,13.0,15.3,7.1,9.9,27.6,41.2,41.2,41.2,41.2,41.2,41.2,41.2,41.2,41.2,0.0,69.6,81.9,94.3,77.7,73.2,54.0,63.8,59.5,52.1,30.4,18.1,5.7,22.3,26.8,46.0,36.2,40.5,47.9,0.0,0.0,0.0,0.0,0.0,0.0,0.0,0.0,0.0,1197.8,12.00,16,16,16,39,55,661,1,69.9,69.7,66.2,65.0,68.0,68.7,67.0,65.5,62.5,63.5,62.6,62.0,60.5,60.9,60.2,52.2,49.7,1.350,1.025,1.356,13.939,11.855,13.934,62.612,40.038,3.820,5.470,6.186,4.442,3.825,2.371,3.186,2.800,2.277,18.885,12.197,31.083,40.153,1197.8,1197.8,4118.5,4123.9,4113.0,4123.9,45.6,23.2,69.6,73.4,61.6,No,No,No,1.449,0.387,5.6,48,95.0,100.0,No,No,91229,99001,32,99.0,No,No,3320,0.2,1.4,1.6,0.089,7.734,11114,9153,0.0,0.0,0.0,0.000,0.000,50,0,45.3,60.0,83.0,0.688,12.139,12.185,12.159,12.074,1129,36.200,13.515,15.613,4.594,32.307,23.617,8.674,0.336,15.613,21.618,1.898,10.881,220.000,240.000,855.0,1250.2,975.0,817.5,1050.0,37.0,9.0,0.0,2.0,30.8,5.3,21.2,0.0,0.0,0.0,33,Yes,No,No,No,No,Yes,No,16.9,21.9,0,0,0,0,0,0,0,0,0,12,0,0,0,0,0,0,0,0,0,0,0,0,0,0,0,0,0,0,0,0,5667,2525,2361,99,8.0,239.7,256.9,221.4,218.3,219.5,217.9,109.9,241.0,59.9,59.8,59.9,59.8,4.17,4.52,3.82,3.76,4.57,4.63,0.54,0.58,4.07,0.10,2.59,0,0,0.0,0.0,197,29,2.3,1.9,0,
5.7.2026,22:38:26.886,18392,27602,39.9,13254,19428,40.5,0.2,13312,23,1.354,1.337,1.356,1.356,1.356,1.356,1.356,1.356,1.356,4120.7,4092.6,4142.5,4142.5,4117.6,4117.6,4117.6,4117.6,4117.6,99.8,1171.4,3436.9,1604.6,3209.0,848.9,1742.9,1166.4,962.4,1311.1,387.1,393.9,812.9,829.5,605.2,538.6,370.7,521.5,1171.4,26.1,50.0,38.7,77.8,19.8,42.1,28.0,23.1,31.6,9.3,9.5,19.5,19.8,14.0,12.8,8.9,12.6,77.8,26.1,29.6,56.8,43.8,88.8,23.1,47.8,31.7,26.1,35.7,10.3,10.6,22.0,22.3,15.8,14.4,10.0,14.1,29.6,41.3,41.0,41.5,41.5,41.2,41.2,41.2,41.2,41.2,0.0,70.6,83.6,95.1,80.0,73.6,54.4,64.8,59.2,54.0,29.4,16.4,4.9,20.0,26.4,45.6,35.2,40.8,46.0,0.0,0.0,0.0,0.0,0.0,0.0,0.0,0.0,0.0,1197.8,12.00,16,16,16,39,55,661,1,79.1,70.1,71.8,65.2,68.3,69.1,67.4,65.5,62.7,63.7,62.8,62.3,60.6,60.9,60.2,53.8,49.8,1.362,1.025,1.369,14.189,11.908,14.184,63.549,40.458,3.903,5.540,6.293,4.668,3.818,2.449,3.261,2.811,2.385,19.216,12.254,31.470,40.553,1197.8,1197.8,4115.0,4121.8,4108.2,4121.8,46.1,23.6,70.6,73.8,61.3,No,No,No,1.627,0.382,5.6,48,95.0,100.0,No,No,91229,99001,32,99.0,No,No,3320,0.0,0.1,0.1,0.024,0.142,11114,9154,0.0,0.0,0.0,0.000,0.000,50,0,45.0,59.3,83.0,0.688,12.140,12.185,12.159,12.075,1132,36.925,12.185,12.824,3.339,29.401,22.266,7.124,0.336,12.824,20.257,1.929,11.552,220.000,240.000,810.0,1250.2,975.0,855.0,1050.0,24.0,6.0,0.0,1.0,30.8,5.1,20.6,0.0,0.0,0.0,33,Yes,No,No,No,No,Yes,No,15.0,21.9,0,0,0,0,0,0,0,0,0,12,0,0,0,0,0,0,0,0,0,0,0,0,0,0,0,0,0,0,0,0,5665,2527,2362,99,8.0,239.8,263.9,222.3,215.3,218.9,213.6,103.2,242.9,59.9,59.8,59.8,59.8,4.17,4.56,3.74,3.63,4.64,4.78,0.60,0.61,4.07,0.10,2.84,0,0,0.0,0.0,197,29,8.9,8.6,0,
5.7.2026,22:38:28.892,18394,27600,39.9,13257,19425,40.5,0.2,13312,23,1.331,1.337,1.344,1.344,1.325,1.325,1.325,1.325,1.325,4098.9,4092.6,4117.6,4117.6,4092.6,4092.6,4092.6,4092.6,4092.6,99.8,1104.3,3363.4,1311.1,3319.9,773.6,1260.8,1533.5,830.4,1351.6,279.7,360.0,679.8,835.7,528.9,576.0,242.0,422.2,1104.3,24.3,52.8,30.8,80.6,18.7,29.7,36.4,19.2,31.9,6.2,8.0,15.6,19.3,11.5,13.0,5.2,9.6,80.6,24.3,28.0,60.3,35.3,92.1,21.0,34.2,41.7,22.3,36.6,7.5,9.5,18.1,22.4,13.6,15.3,6.4,11.4,28.0,41.1,41.0,41.2,41.2,41.0,41.0,41.0,41.0,41.0,0.0,70.7,81.8,95.9,79.2,74.2,55.0,64.8,61.2,53.6,29.3,18.2,4.1,20.8,25.8,45.0,35.2,38.8,46.4,0.0,0.0,0.0,0.0,0.0,0.0,0.0,0.0,0.0,1197.8,12.00,16,16,16,39,55,661,1,76.1,69.6,68.8,65.0,67.5,69.0,67.0,65.5,62.6,63.5,62.8,62.2,60.6,60.9,60.2,51.8,49.4,1.344,1.025,1.356,13.805,11.878,13.816,63.653,39.946,3.816,5.289,6.272,4.507,3.797,2.356,3.167,2.834,2.302,18.671,12.220,30.891,39.993,1197.8,1197.8,4115.9,4119.4,4112.4,4119.4,45.4,23.0,70.7,73.3,61.0,No,No,No,1.469,0.405,5.7,48,95.0,100.0,No,No,91229,99001,32,99.0,No,No,3320,0.0,0.0,0.1,0.049,0.065,11114,9154,0.0,0.0,0.0,0.000,0.000,50,0,45.3,59.8,83.0,0.688,12.137,12.181,12.157,12.072,1133,37.028,14.603,15.423,4.568,32.070,23.481,8.568,0.336,15.423,21.553,12.467,12.141,220.000,240.000,810.0,1250.2,975.0,790.5,1050.0,38.0,9.0,0.0,2.0,30.8,5.8,23.1,0.0,0.0,0.0,33,Yes,No,No,No,No,Yes,No,16.8,23.2,0,0,0,0,0,0,0,0,0,12,0,0,0,0,0,0,0,0,0,0,0,0,0,0,0,0,0,0,0,0,5665,2527,2362,99,8.0,239.7,260.4,218.6,205.2,211.0,202.9,107.5,242.1,59.9,59.8,59.9,59.8,4.17,4.63,3.81,3.44,4.79,5.01,0.63,0.54,4.07,0.10,2.42,0,0,0.0,0.0,197,29,5.4,2.7,0,
5.7.2026,22:38:30.889,18388,27606,39.9,13254,19427,40.5,0.2,13312,23,1.338,1.344,1.337,1.337,1.337,1.337,1.337,1.337,1.337,4117.6,4117.6,4117.6,4117.6,4117.6,4117.6,4117.6,4117.6,4117.6,99.8,1093.3,3365.1,1321.5,3284.6,677.9,969.2,1859.8,721.9,1462.5,263.9,376.7,660.3,887.6,527.2,567.6,207.7,338.8,1093.3,24.1,51.3,31.2,79.5,16.0,22.9,44.6,16.9,34.8,6.1,8.7,15.4,20.9,11.8,13.2,4.8,7.9,79.5,24.1,27.6,58.5,35.7,90.9,18.3,26.2,50.9,19.3,39.7,7.0,10.0,17.6,23.8,13.5,15.1,5.5,9.0,27.6,41.2,41.2,41.2,41.2,41.2,41.2,41.2,41.2,41.2,0.0,71.0,81.7,95.0,80.3,75.0,55.8,66.2,61.5,52.7,29.0,18.3,5.0,19.7,25.0,44.2,33.8,38.5,47.3,0.0,0.0,0.0,0.0,0.0,0.0,0.0,0.0,0.0,1197.8,12.00,16,16,16,39,55,661,1,73.0,69.2,67.5,64.9,67.5,68.6,67.0,65.4,62.6,63.6,62.8,62.0,60.5,60.9,60.2,53.2,49.7,1.356,1.025,1.356,13.868,11.903,13.864,63.931,40.052,3.813,5.281,6.092,4.575,3.814,2.399,3.232,2.866,2.248,18.810,12.245,31.055,40.134,1197.8,1197.8,4123.1,4126.0,4120.1,4126.0,45.6,23.1,71.0,72.9,61.5,No,No,No,1.473,0.443,5.7,48,95.0,100.0,No,No,91229,99001,32,99.0,No,No,3320,0.0,0.1,0.1,0.042,0.094,11114,9154,0.0,0.0,0.0,0.000,0.000,50,0,45.4,60.2,83.0,0.688,12.142,12.188,12.162,12.077,1132,38.346,13.858,16.309,4.936,32.666,23.586,9.061,0.336,16.309,21.627,1.890,11.860,220.000,240.000,960.0,1250.2,975.0,872.9,1050.0,38.0,10.0,0.0,3.0,30.8,5.9,23.6,0.0,0.0,0.0,33,Yes,No,No,No,No,Yes,No,17.2,22.0,0,0,0,0,0,0,0,0,0,12,0,0,0,0,0,0,0,0,0,0,0,0,0,0,0,0,0,0,0,0,5665,2527,2362,99,8.0,239.7,259.3,224.5,222.9,223.5,222.7,113.2,240.3,79.8,61.5,68.4,59.9,4.17,4.51,3.82,3.76,4.53,4.55,0.59,0.59,4.07,0.10,2.66,0,0,0.0,0.0,197,29,2.6,2.1,0,
5.7.2026,22:38:32.892,18390,27604,39.9,13255,19427,40.5,0.2,13312,23,1.338,1.344,1.337,1.337,1.337,1.337,1.337,1.337,1.337,4117.6,4117.6,4117.6,4117.6,4117.6,4117.6,4117.6,4117.6,4117.6,99.8,1093.3,3383.7,1351.0,3273.2,714.8,1011.6,1747.8,761.3,1454.6,265.1,377.2,612.9,858.7,500.8,595.7,220.8,362.9,1093.3,24.6,50.9,32.6,79.5,16.8,24.5,42.3,18.5,35.2,6.8,9.5,14.9,20.7,11.9,14.5,5.8,9.2,79.5,24.6,27.5,57.6,36.6,90.6,19.3,27.3,47.7,20.4,39.5,7.0,10.0,16.3,23.0,12.8,15.9,5.9,9.7,27.5,41.2,41.2,41.2,41.2,41.2,41.2,41.2,41.2,41.2,0.0,71.1,82.3,95.2,79.7,74.9,55.4,65.4,62.2,53.5,28.9,17.7,4.8,20.3,25.1,44.6,34.6,37.8,46.5,0.0,0.0,0.0,0.0,0.0,0.0,0.0,0.0,0.0,1197.8,12.00,16,16,16,39,55,661,1,71.4,69.2,68.0,64.8,67.2,68.7,66.6,65.3,62.4,63.4,62.7,62.0,60.5,60.8,60.1,53.5,50.1,1.337,1.025,1.344,13.697,11.890,13.696,63.972,39.740,3.768,5.246,6.117,4.392,3.803,2.353,3.150,2.829,2.255,18.522,12.233,30.755,39.834,1197.8,1197.8,4118.4,4120.7,4116.1,4120.7,45.3,22.8,71.1,72.8,61.2,No,No,No,1.443,0.410,5.7,48,95.0,100.0,No,No,91229,99001,32,99.0,No,No,3320,0.0,0.0,0.0,0.000,0.004,11114,9154,0.0,0.0,0.0,0.000,0.000,50,0,45.4,59.9,83.0,0.688,12.140,12.185,12.160,12.075,1133,37.495,14.597,16.236,4.923,32.856,23.812,9.020,0.336,16.236,21.878,6.947,13.725,220.000,240.000,960.0,1250.2,975.0,960.0,1050.0,40.0,11.0,0.0,3.0,30.8,5.5,22.0,0.0,0.0,0.0,33,Yes,No,No,No,No,Yes,No,17.3,20.0,0,0,0,0,0,0,0,0,0,12,0,0,0,0,0,0,0,0,0,0,0,0,0,0,0,0,0,0,0,0,5665,2527,2362,99,8.0,239.7,263.7,220.8,201.6,211.3,197.3,124.6,242.4,62.8,59.9,59.9,59.8,4.17,4.59,3.76,3.34,4.81,5.14,0.61,0.51,4.07,0.10,2.30,0,0,0.0,0.0,197,29,2.4,2.3,0,
5.7.2026,22:38:34.891,18394,27600,39.9,13256,19426,40.5,0.2,13312,23,1.326,1.331,1.325,1.325,1.325,1.325,1.325,1.325,1.325,4092.6,4092.6,4092.6,4092.6,4092.6,4092.6,4092.6,4092.6,4092.6,99.8,1079.8,3385.7,1216.8,3093.6,860.1,1871.0,958.6,1158.4,964.9,317.9,337.2,810.6,677.2,552.5,493.9,230.7,348.5,1079.8,23.9,53.2,28.6,74.9,21.0,44.8,22.6,27.5,22.7,7.4,7.7,19.1,15.7,12.4,11.3,5.3,8.1,74.9,23.9,27.3,60.7,32.7,85.6,23.4,51.2,25.8,31.4,25.9,8.5,8.9,21.8,18.0,14.2,13.0,6.1,9.3,27.3,41.0,41.0,41.0,41.0,41.0,41.0,41.0,41.0,41.0,0.0,71.0,82.2,94.4,80.7,74.8,55.5,65.9,61.7,53.1,29.0,17.8,5.6,19.3,25.2,44.5,34.1,38.3,46.9,0.0,0.0,0.0,0.0,0.0,0.0,0.0,0.0,0.0,1197.8,12.00,16,16,16,39,55,661,1,70.0,68.9,68.2,64.7,67.2,68.3,66.7,65.2,62.5,63.5,62.5,61.9,60.5,60.9,60.1,54.0,50.2,1.350,1.025,1.350,13.449,11.863,13.451,63.939,39.416,3.754,5.227,5.975,4.511,3.754,2.373,3.167,2.775,2.249,18.206,12.206,30.412,39.491,1197.8,1197.8,4119.9,4122.6,4117.2,4122.6,44.9,22.4,71.0,72.5,60.4,No,No,No,1.409,0.377,5.7,48,95.0,100.0,No,No,91229,99001,32,99.0,No,No,3320,0.0,0.0,0.0,0.000,0.010,11114,9154,0.0,0.0,0.0,0.000,0.000,50,0,45.2,59.8,83.0,0.688,12.140,12.184,12.159,12.075,1132,37.881,13.674,15.598,4.630,32.405,23.728,8.665,0.336,15.598,21.774,2.187,11.822,220.000,240.000,1020.0,1250.2,975.0,982.5,1050.0,39.0,12.0,0.0,2.0,30.8,5.6,22.4,0.0,0.0,0.0,33,Yes,No,No,No,No,Yes,No,17.0,21.4,0,0,0,0,0,0,0,0,0,12,0,0,0,0,0,0,0,0,0,0,0,0,0,0,0,0,0,0,0,0,5665,2527,2362,99,8.0,239.7,256.4,224.2,221.3,222.3,221.0,134.3,241.8,59.9,59.8,59.9,59.8,4.17,4.47,3.89,3.85,4.49,4.50,0.57,0.64,4.07,0.10,2.77,0,0,0.0,0.0,197,29,2.7,2.1,0,
5.7.2026,22:38:36.886,18385,27608,39.9,13248,19433,40.5,0.2,13312,23,1.327,1.331,1.331,1.325,1.325,1.325,1.325,1.325,1.325,4114.5,4117.6,4092.6,4117.6,4117.6,4117.6,4117.6,4117.6,4117.6,99.8,1110.4,3386.7,1289.2,2953.2,924.2,1953.9,977.9,1393.8,842.3,320.1,303.1,910.5,590.7,627.4,450.4,280.4,563.4,1110.4,24.4,51.7,30.2,71.5,21.8,46.7,22.9,33.2,19.5,7.3,6.8,21.4,13.5,14.2,10.2,6.4,13.3,71.5,24.4,28.0,59.0,34.6,81.6,25.0,53.4,26.2,38.0,22.4,8.5,7.9,24.4,15.5,16.3,11.7,7.4,15.3,28.0,41.2,41.2,41.0,41.2,41.2,41.2,41.2,41.2,41.2,0.0,72.5,82.3,93.6,82.3,76.4,57.3,67.1,63.9,57.2,27.5,17.7,6.4,17.7,23.6,42.7,32.9,36.1,42.8,0.0,0.0,0.0,0.0,0.0,0.0,0.0,0.0,0.0,1197.8,12.00,16,16,16,39,55,661,1,69.5,68.9,69.5,64.8,67.1,68.2,66.9,65.3,62.4,63.4,62.6,62.2,60.5,60.8,60.1,52.0,50.0,1.337,1.031,1.350,13.679,11.889,13.678,65.260,39.722,3.787,5.152,5.878,4.641,3.894,2.370,3.178,2.803,2.378,18.478,12.231,30.710,39.782,1197.8,1197.8,4116.7,4117.9,4115.5,4117.9,45.2,22.8,72.5,72.6,60.8,No,No,No,1.379,0.333,5.8,48,95.0,100.0,No,No,91229,99001,32,99.0,No,No,3320,0.0,0.0,0.0,0.000,0.020,11114,9154,0.0,0.0,0.0,0.000,0.000,50,0,45.2,59.8,83.0,0.688,12.139,12.184,12.159,12.075,1129,37.873,13.454,15.745,4.569,32.368,23.594,8.747,0.336,15.745,21.515,1.911,10.012,220.000,240.000,1035.0,1250.2,975.0,1025.2,1050.0,39.0,12.0,0.0,2.0,30.8,5.3,21.2,0.0,0.0,0.0,33,Yes,No,No,No,No,Yes,No,16.9,21.5,0,0,0,0,0,0,0,0,0,12,0,0,0,0,0,0,0,0,0,0,0,0,0,0,0,0,0,0,0,0,5665,2527,2362,99,8.0,239.8,259.4,222.8,219.5,220.6,219.3,129.7,242.8,60.0,59.9,59.9,59.9,4.17,4.50,3.85,3.83,4.53,4.57,0.55,0.56,4.07,0.10,2.08,0,0,0.0,0.0,197,29,3.0,2.2,0,
5.7.2026,22:38:38.897,18395,27598,39.9,13258,19424,40.5,0.2,13312,23,1.333,1.344,1.331,1.331,1.331,1.331,1.331,1.331,1.331,4111.3,4117.6,4092.6,4092.6,4117.6,4117.6,4117.6,4117.6,4117.6,99.8,1180.9,3366.3,1749.3,2808.4,1129.5,1382.0,1492.4,1127.5,1117.6,364.4,376.0,876.1,725.9,540.4,549.7,449.3,839.0,1180.9,25.9,41.6,41.8,68.3,27.3,33.4,35.8,27.1,26.6,8.9,8.4,21.0,17.2,12.5,13.0,10.9,20.6,68.3,25.9,29.2,47.1,47.4,77.6,30.8,37.7,40.4,30.6,30.0,9.8,10.0,23.6,19.3,14.0,14.5,12.1,23.0,29.2,41.2,41.2,41.0,41.0,41.2,41.2,41.2,41.2,41.2,0.0,73.5,82.0,94.4,82.2,76.9,57.8,68.4,64.9,61.3,26.5,18.0,5.6,17.8,23.1,42.2,31.6,35.1,38.7,0.0,0.0,0.0,0.0,0.0,0.0,0.0,0.0,0.0,1197.8,12.00,16,16,16,39,55,661,1,78.2,70.5,70.8,65.3,67.0,68.6,66.9,65.6,62.8,64.3,62.8,64.7,60.6,60.9,60.2,54.0,50.5,1.344,1.025,1.356,14.108,11.856,14.104,66.157,40.195,3.944,5.046,5.970,4.558,3.888,2.484,3.353,2.869,3.380,19.029,12.201,31.230,40.299,1197.8,1197.8,4104.5,4105.6,4103.4,4105.6,45.8,23.5,73.5,74.2,60.1,No,No,No,1.376,0.328,5.9,48,95.0,100.0,No,No,91229,99001,32,99.0,No,No,3320,0.0,0.1,0.1,0.000,0.093,11114,9154,0.0,0.0,0.0,0.000,0.000,50,0,45.2,59.6,83.0,0.688,12.138,12.183,12.158,12.073,1129,37.683,13.904,16.290,4.934,32.948,23.881,9.050,0.336,16.290,21.927,1.948,11.436,220.000,240.000,1050.0,1250.2,975.0,1037.1,1050.0,40.0,12.0,0.0,2.0,30.8,5.4,21.4,0.0,0.0,0.0,33,Yes,No,No,No,No,Yes,No,17.4,20.7,0,0,0,0,0,0,0,0,0,12,0,0,0,0,0,0,0,0,0,0,0,0,0,0,0,0,0,0,0,0,5665,2527,2362,99,8.0,239.8,264.0,218.4,210.9,214.5,209.3,137.9,242.1,60.7,59.9,59.9,59.9,4.17,4.61,3.73,3.65,4.68,4.79,0.55,0.47,4.07,0.10,2.49,0,0,0.0,0.0,197,29,8.0,6.6,0,
5.7.2026,22:38:40.884,18388,27605,39.9,13251,19431,40.5,0.2,13312,23,1.332,1.337,1.331,1.331,1.331,1.331,1.331,1.331,1.331,4117.6,4117.6,4117.6,4117.6,4117.6,4117.6,4117.6,4117.6,4117.6,99.8,1110.1,3329.0,1823.2,2919.3,967.9,1030.1,1816.3,988.0,1165.7,231.0,334.0,688.5,810.9,478.1,587.1,296.9,294.9,1110.1,23.4,37.6,43.2,70.4,22.6,24.1,43.2,23.0,27.1,4.8,7.9,15.7,18.6,10.2,13.2,6.5,6.3,70.4,23.4,27.2,43.2,49.6,80.6,26.4,27.9,49.7,26.8,31.4,6.1,8.8,18.5,21.7,12.3,15.6,8.0,7.8,27.2,41.2,41.2,41.2,41.2,41.2,41.2,41.2,41.2,41.2,0.0,70.8,80.9,93.6,81.4,75.2,54.9,66.3,62.2,51.9,29.2,19.1,6.4,18.6,24.8,45.1,33.7,37.8,48.1,0.0,0.0,0.0,0.0,0.0,0.0,0.0,0.0,0.0,1197.8,12.00,16,16,16,39,55,661,1,75.1,68.6,70.0,64.6,66.7,68.1,66.8,65.2,62.3,63.4,62.7,62.0,60.5,60.9,60.2,53.0,50.3,1.350,1.025,1.356,13.506,11.868,13.510,63.704,39.494,3.709,4.872,5.879,4.566,3.811,2.313,3.178,2.818,2.240,18.306,12.211,30.517,39.585,1197.8,1197.8,4123.0,4125.8,4120.3,4125.8,45.0,22.5,70.8,72.2,61.5,No,No,No,1.322,0.276,5.7,48,95.0,100.0,No,No,91229,99001,32,99.0,No,No,3320,0.0,0.0,0.0,0.000,0.085,11114,9154,0.0,0.0,0.0,0.000,0.000,50,0,45.2,59.7,83.0,0.694,12.147,12.193,12.166,12.081,1132,37.611,15.014,16.181,4.828,32.715,23.714,8.989,0.336,16.181,21.705,14.916,10.578,220.000,240.000,1125.0,1250.2,990.0,1081.1,1065.0,36.0,11.0,0.0,2.0,30.8,5.4,21.5,0.0,0.0,0.0,33,Yes,No,No,No,No,Yes,No,17.3,20.9,0,0,0,0,0,0,0,0,0,12,0,0,0,0,0,0,0,0,0,0,0,0,0,0,0,0,0,0,0,0,5665,2527,2362,99,8.0,239.7,263.4,222.2,217.4,219.6,216.5,148.6,242.4,79.8,62.1,68.4,59.9,4.17,4.54,3.78,3.65,4.61,4.65,0.51,0.49,4.07,0.10,2.19,0,0,0.0,0.0,197,29,4.3,4.3,0,
5.7.2026,22:38:42.897,18405,27589,40.0,13262,19420,40.5,0.2,13312,23,1.334,1.337,1.337,1.337,1.331,1.331,1.331,1.331,1.331,4098.9,4092.6,4117.6,4117.6,4092.6,4092.6,4092.6,4092.6,4092.6,99.8,1130.2,3344.0,1806.0,2826.3,1074.4,1010.5,1865.2,956.6,1296.2,267.0,418.2,779.1,821.0,483.0,640.3,241.2,254.5,1130.2,24.3,38.8,43.0,68.5,25.5,24.1,44.5,22.7,30.7,6.2,9.8,18.4,19.2,10.8,14.9,5.7,5.9,68.5,24.3,27.7,44.2,49.0,78.2,29.1,27.3,50.7,25.8,35.0,7.1,11.1,20.9,21.9,12.3,17.0,6.4,6.7,27.7,41.1,41.0,41.2,41.2,41.0,41.0,41.0,41.0,41.0,0.0,72.2,81.3,93.8,82.0,76.8,57.5,67.7,64.5,53.7,27.8,18.7,6.2,18.0,23.2,42.5,32.3,35.5,46.3,0.0,0.0,0.0,0.0,0.0,0.0,0.0,0.0,0.0,1197.8,12.00,16,16,16,39,55,661,1,72.2,68.5,66.5,64.5,66.5,67.9,66.6,65.1,62.4,63.3,62.7,61.8,60.4,60.7,60.1,52.0,49.6,1.350,1.031,1.350,13.491,11.900,13.489,64.957,39.434,3.723,4.928,5.805,4.519,3.841,2.390,3.220,2.866,2.219,18.208,12.243,30.452,39.513,1197.8,1197.8,4115.1,4116.7,4113.5,4116.7,44.9,22.5,72.2,72.1,60.9,No,No,No,1.324,0.274,5.8,48,95.0,100.0,No,No,91229,99001,32,99.0,No,No,3320,0.0,0.0,0.1,0.008,0.097,11114,9155,0.0,0.0,0.0,0.000,0.000,50,0,45.2,59.8,83.0,0.688,12.144,12.189,12.163,12.079,1130,38.298,13.801,16.076,4.742,32.792,23.844,8.931,0.336,16.076,21.798,1.954,11.461,220.000,240.000,1095.0,1250.2,975.0,1113.0,1050.0,36.0,11.0,0.0,1.0,30.8,5.3,21.1,0.0,0.0,0.0,33,Yes,No,No,No,No,Yes,No,17.2,20.5,0,0,0,0,0,0,0,0,0,12,0,0,0,0,0,0,0,0,0,0,0,0,0,0,0,0,0,0,0,0,5665,2527,2362,99,8.0,239.7,261.3,221.2,219.4,219.8,219.2,141.0,242.5,79.8,62.0,68.4,59.9,4.17,4.60,3.74,3.71,4.62,4.64,0.53,0.51,4.07,0.11,2.05,0,0,0.0,0.0,197,29,2.5,1.8,0,
5.7.2026,22:38:44.891,18407,27587,40.0,13278,19404,40.6,0.2,13312,23,1.343,1.337,1.344,1.344,1.344,1.344,1.344,1.344,1.344,4117.6,4117.6,4117.6,4117.6,4117.6,4117.6,4117.6,4117.6,4117.6,99.8,1095.8,3357.5,1804.9,2889.6,970.7,1725.0,1068.5,1165.5,962.0,286.6,298.6,886.5,610.8,538.6,469.9,226.6,270.7,1095.8,23.6,39.2,43.1,69.9,23.2,41.5,25.5,27.8,22.8,6.8,7.0,21.0,14.2,12.3,10.9,5.4,6.4,69.9,23.6,26.8,44.6,49.1,79.8,26.4,47.2,29.0,31.7,25.9,7.6,7.8,23.8,16.1,13.9,12.4,6.0,7.2,26.8,41.2,41.2,41.2,41.2,41.2,41.2,41.2,41.2,41.2,0.0,70.7,81.6,93.5,80.8,74.9,55.2,66.0,62.1,51.8,29.3,18.4,6.5,19.2,25.1,44.8,34.0,37.9,48.2,0.0,0.0,0.0,0.0,0.0,0.0,0.0,0.0,0.0,1197.8,12.00,16,16,16,39,55,661,1,70.5,68.5,67.8,64.4,66.7,67.9,66.5,64.9,62.2,63.2,62.3,61.6,60.4,60.7,60.0,53.5,50.3,1.362,1.031,1.356,13.243,11.857,13.245,63.663,39.093,3.677,5.002,5.830,4.457,3.732,2.317,3.184,2.744,2.150,17.904,12.195,30.099,39.161,1197.8,1197.8,4119.5,4121.3,4117.8,4121.3,44.5,22.1,70.7,72.2,60.7,No,No,No,1.306,0.273,5.7,48,95.0,100.0,No,No,91229,99001,32,99.0,No,No,3320,0.0,0.1,0.1,0.000,0.103,11114,9155,0.0,0.0,0.0,0.000,0.000,50,0,45.2,59.7,83.0,0.688,12.141,12.186,12.161,12.076,1126,37.514,13.829,16.110,4.704,32.775,23.802,8.950,0.336,16.110,21.697,1.949,11.852,220.000,240.000,1095.0,1250.2,975.0,1077.6,1050.0,36.0,11.0,0.0,2.0,30.8,5.3,21.3,0.0,0.0,0.0,33,Yes,No,No,No,No,Yes,No,16.8,21.2,0,0,0,0,0,0,0,0,0,12,0,0,0,0,0,0,0,0,0,0,0,0,0,0,0,0,0,0,0,0,5665,2527,2362,99,8.0,239.7,256.6,223.2,202.3,213.0,197.3,152.0,242.8,68.0,59.9,59.9,59.9,4.17,4.49,3.84,3.31,4.70,5.08,0.52,0.59,4.07,0.10,2.37,0,0,0.0,0.0,197,29,3.2,2.7,0,
5.7.2026,22:38:46.890,18398,27595,40.0,13255,19427,40.5,0.2,13312,23,1.343,1.337,1.344,1.344,1.344,1.344,1.344,1.344,1.344,4117.6,4117.6,4117.6,4117.6,4117.6,4117.6,4117.6,4117.6,4117.6,99.8,1142.0,3393.6,1828.5,2815.1,1104.5,1863.4,1076.4,1266.7,963.0,264.9,352.7,909.2,688.5,529.8,519.4,386.6,309.9,1142.0,24.7,39.6,43.6,68.2,26.5,44.9,25.5,30.3,22.8,6.4,8.4,21.6,16.2,12.1,12.2,9.4,7.4,68.2,24.7,27.9,44.9,49.6,77.7,30.0,51.0,28.9,34.4,25.7,7.0,9.3,24.4,18.2,13.6,13.7,10.5,8.2,27.9,41.2,41.2,41.2,41.2,41.2,41.2,41.2,41.2,41.2,0.0,73.3,82.5,93.5,84.1,77.7,57.5,69.5,65.3,56.4,26.7,17.5,6.5,15.9,22.3,42.5,30.5,34.7,43.6,0.0,0.0,0.0,0.0,0.0,0.0,0.0,0.0,0.0,1197.8,12.00,16,16,16,39,55,661,1,69.5,68.7,68.8,64.6,66.7,68.0,66.7,65.0,62.3,63.5,62.4,61.9,60.4,60.8,60.1,53.5,50.4,1.350,1.031,1.344,13.659,11.890,13.654,65.985,39.610,3.750,5.005,5.897,4.602,3.806,2.344,3.239,2.796,2.313,18.432,12.232,30.664,39.722,1197.8,1197.8,4114.9,4116.0,4113.7,4116.0,45.1,22.8,73.3,72.3,61.2,No,No,No,1.301,0.274,5.9,48,95.0,100.0,No,No,91229,99001,32,99.0,No,No,3320,0.1,1.1,1.3,0.065,7.529,11114,9169,0.0,0.0,0.0,0.000,0.000,50,0,45.1,59.9,83.0,0.688,12.142,12.188,12.162,12.077,1129,37.242,13.679,15.534,4.571,32.339,23.682,8.630,0.336,15.534,21.701,1.884,12.579,220.000,240.000,1035.0,1250.2,975.0,1061.6,1050.0,38.0,11.0,0.0,2.0,30.8,5.2,20.7,0.0,0.0,0.0,33,Yes,No,No,No,No,Yes,No,16.9,20.6,0,0,0,0,0,0,0,0,0,12,0,0,0,0,0,0,0,0,0,0,0,0,0,0,0,0,0,0,0,0,5665,2527,2362,99,8.0,239.7,268.3,217.9,216.3,216.7,216.3,139.1,242.3,79.9,79.9,79.9,79.9,4.17,4.59,3.72,3.62,4.62,4.64,0.52,0.56,4.07,0.10,2.23,0,0,0.0,0.0,197,29,2.9,2.7,0,
5.7.2026,22:38:48.898,18397,27597,39.9,13255,19427,40.5,0.2,13312,23,1.338,1.344,1.337,1.337,1.337,1.337,1.337,1.337,1.337,4117.6,4117.6,4117.6,4117.6,4117.6,4117.6,4117.6,4117.6,4117.6,99.8,1104.6,3381.4,1797.3,2863.5,992.8,1404.2,1414.7,1135.6,1047.0,257.1,331.5,786.5,685.7,521.9,519.8,273.3,262.1,1104.6,23.7,39.9,42.9,69.4,23.1,33.7,33.8,27.2,24.7,5.4,7.9,18.7,16.0,11.9,12.2,6.6,6.2,69.4,23.7,27.0,45.3,48.8,79.1,26.9,38.3,38.4,30.9,28.1,6.8,8.8,21.1,18.1,13.4,13.7,7.3,6.9,27.0,41.2,41.2,41.2,41.2,41.2,41.2,41.2,41.2,41.2,0.0,71.6,82.1,93.7,80.9,76.2,55.9,66.8,63.3,53.7,28.4,17.9,6.3,19.1,23.8,44.1,33.2,36.7,46.3,0.0,0.0,0.0,0.0,0.0,0.0,0.0,0.0,0.0,1197.8,12.00,16,16,16,39,55,661,1,69.1,68.6,66.5,64.5,66.7,67.9,66.5,65.0,62.3,63.3,62.5,61.8,60.4,60.8,60.1,53.0,50.3,1.350,1.038,1.350,13.488,11.871,13.497,64.434,39.471,3.699,4.966,5.809,4.492,3.815,2.335,3.164,2.801,2.209,18.233,12.209,30.442,39.516,1197.8,1197.8,4118.7,4119.8,4117.6,4119.8,44.9,22.5,71.6,72.2,61.4,No,No,No,1.285,0.269,5.7,48,95.0,100.0,No,No,91229,99001,32,99.0,No,No,3320,0.0,0.0,0.0,0.000,0.034,11114,9169,0.0,0.0,0.0,0.000,0.000,50,0,45.1,59.8,83.0,0.688,12.142,12.188,12.162,12.076,1132,36.930,13.953,15.758,4.595,32.739,23.972,8.754,0.336,15.758,21.917,3.904,11.794,220.000,240.000,990.0,1250.2,975.0,1006.5,1050.0,39.0,12.0,0.0,2.0,30.8,5.4,21.5,0.0,0.0,0.0,33,Yes,No,No,No,No,Yes,No,17.1,19.4,0,0,0,0,0,0,0,0,0,12,0,0,0,0,0,0,0,0,0,0,0,0,0,0,0,0,0,0,0,0,5665,2527,2362,99,8.0,239.7,257.6,223.3,216.4,220.0,214.6,146.5,242.3,79.8,62.0,68.4,59.8,4.17,4.50,3.84,3.80,4.60,4.73,0.55,0.63,4.07,0.11,2.08,0,0,0.0,0.0,197,29,2.4,1.6,0,
5.7.2026,22:38:50.894,18401,27593,40.0,13255,19427,40.5,0.2,13312,23,1.365,1.363,1.369,1.369,1.369,1.363,1.363,1.363,1.363,4139.4,4117.6,4142.5,4142.5,4142.5,4142.5,4142.5,4142.5,4142.5,99.8,1099.9,3357.7,1819.7,2749.2,1065.8,810.8,2052.3,767.2,1391.3,269.7,352.1,620.0,854.1,443.1,572.3,217.8,255.7,1099.9,23.2,38.3,43.0,66.3,25.6,18.8,48.9,17.7,32.7,6.6,7.8,14.0,19.7,9.4,12.9,4.7,5.5,66.3,23.2,26.8,44.0,49.4,75.9,28.9,21.8,56.1,20.6,37.7,7.2,9.3,16.4,22.9,11.2,15.2,5.8,6.7,26.8,41.5,41.2,41.5,41.5,41.5,41.5,41.5,41.5,41.5,0.0,71.4,81.5,93.1,82.2,76.1,56.1,67.1,63.1,52.2,28.6,18.5,6.9,17.8,23.9,43.9,32.9,36.9,47.8,0.0,0.0,0.0,0.0,0.0,0.0,0.0,0.0,0.0,1197.8,12.00,16,16,16,39,55,661,1,68.9,68.5,69.5,64.4,66.7,67.7,66.6,65.0,62.1,63.1,62.4,61.5,60.3,60.7,60.0,52.8,49.7,1.356,1.031,1.363,13.347,11.899,13.342,64.283,39.235,3.694,5.028,5.702,4.584,3.790,2.331,3.193,2.777,2.147,18.047,12.240,30.287,39.342,1197.8,1197.8,4120.4,4121.5,4119.3,4121.5,44.7,22.2,71.4,72.1,60.9,No,No,No,1.311,0.280,5.7,48,95.0,100.0,No,No,91229,99001,32,99.0,No,No,3320,0.0,0.1,0.1,0.000,0.099,11114,9170,0.0,0.0,0.0,0.000,0.000,50,0,45.1,59.4,83.0,0.688,12.141,12.188,12.160,12.075,1126,36.978,13.515,15.725,4.644,32.456,23.703,8.736,0.336,15.725,21.706,2.023,10.095,220.000,240.000,945.0,1250.2,975.0,969.8,1050.0,39.0,10.0,0.0,2.0,30.8,5.6,22.3,0.0,0.0,0.0,33,Yes,No,No,No,No,Yes,No,17.0,21.1,0,0,0,0,0,0,0,0,0,12,0,0,0,0,0,0,0,0,0,0,0,0,0,0,0,0,0,0,0,0,5665,2527,2362,99,8.0,239.8,262.4,222.5,216.0,218.8,215.1,133.9,241.8,59.9,59.8,59.8,59.8,4.17,4.52,3.80,3.68,4.57,4.62,0.60,0.59,4.07,0.10,2.02,0,0,0.0,0.0,197,29,2.8,2.6,0,
5.7.2026,22:38:52.890,18395,27599,39.9,13256,19426,40.5,0.2,13312,23,1.365,1.350,1.375,1.375,1.375,1.356,1.363,1.363,1.363,4142.5,4142.5,4142.5,4142.5,4142.5,4142.5,4142.5,4142.5,4142.5,99.8,1141.2,3381.7,1984.7,2894.2,1025.5,666.3,2261.6,676.8,1576.3,249.4,379.2,608.9,915.5,454.0,635.5,215.0,334.4,1141.2,24.5,37.1,47.5,70.1,24.5,15.6,54.5,15.9,37.6,5.9,9.0,14.3,21.6,10.2,15.0,5.1,8.0,70.1,24.5,27.9,42.3,54.1,79.9,27.9,17.7,62.2,18.1,42.9,6.6,10.1,16.2,24.6,11.5,17.0,5.7,9.0,27.9,41.5,41.5,41.5,41.5,41.5,41.5,41.5,41.5,41.5,0.0,72.0,82.1,94.1,82.6,76.6,56.0,67.8,63.9,52.8,28.0,17.9,5.9,17.4,23.4,44.0,32.2,36.1,47.2,0.0,0.0,0.0,0.0,0.0,0.0,0.0,0.0,0.0,1197.8,12.00,16,16,16,39,55,661,1,69.0,68.8,69.5,64.7,66.9,68.0,66.9,65.2,62.3,63.4,62.5,61.9,60.4,60.7,60.0,54.0,50.4,1.369,1.038,1.375,13.683,11.907,13.682,64.800,39.734,3.765,5.129,5.899,4.637,3.828,2.349,3.225,2.818,2.235,18.500,12.246,30.746,39.819,1197.8,1197.8,4119.4,4120.1,4118.7,4120.1,45.2,22.8,72.0,72.4,61.2,No,No,No,1.384,0.350,5.8,48,95.0,100.0,No,No,91229,99001,32,99.0,No,No,3320,0.0,0.1,0.1,0.000,0.079,11114,9170,0.0,0.0,0.0,0.000,0.000,50,0,45.1,59.6,83.0,0.688,12.143,12.190,12.162,12.077,1129,37.463,13.496,15.425,4.486,31.925,23.333,8.570,0.336,15.425,21.316,1.886,12.257,220.000,240.000,1005.0,1250.2,975.0,995.2,1050.0,38.0,10.0,0.0,2.0,30.9,5.7,22.6,0.0,0.0,0.0,33,Yes,No,No,No,No,Yes,No,16.7,20.2,0,0,0,0,0,0,0,0,0,12,0,0,0,0,0,0,0,0,0,0,0,0,0,0,0,0,0,0,0,0,5663,2529,2364,99,8.0,239.7,259.5,218.6,208.5,211.8,208.3,138.6,241.9,59.9,59.8,59.8,59.8,4.17,4.62,3.79,3.38,4.74,4.83,0.53,0.60,4.07,0.11,2.47,0,0,0.0,0.0,197,29,4.7,2.2,0,
5.7.2026,22:38:54.896,18391,27603,39.9,13253,19428,40.5,0.2,13312,23,1.326,1.363,1.331,1.319,1.319,1.319,1.319,1.319,1.319,4117.6,4142.5,4092.6,4117.6,4117.6,4117.6,4117.6,4117.6,4117.6,99.8,1117.8,3400.7,1362.2,3142.9,754.6,1446.4,1418.0,883.9,1348.5,275.2,401.4,712.1,920.2,525.6,608.5,316.9,368.1,1117.8,24.9,50.9,32.5,76.3,18.2,34.7,34.1,21.1,32.4,6.7,9.7,17.0,21.9,12.1,14.6,7.8,9.0,76.3,24.9,28.1,57.8,36.8,87.0,20.4,39.4,38.6,23.8,36.6,7.3,10.7,19.0,24.7,13.5,16.3,8.5,9.8,28.1,41.2,41.5,41.0,41.2,41.2,41.2,41.2,41.2,41.2,0.0,72.0,82.7,94.8,81.4,76.5,55.9,67.8,63.1,53.6,28.0,17.3,5.2,18.6,23.5,44.1,32.2,36.9,46.4,0.0,0.0,0.0,0.0,0.0,0.0,0.0,0.0,0.0,1197.8,12.00,16,16,16,39,55,661,1,78.0,69.5,67.2,64.9,67.2,68.2,66.7,65.4,62.5,63.8,62.7,62.6,60.4,60.7,60.1,53.5,49.9,1.362,1.031,1.363,13.982,11.900,13.977,64.768,40.115,3.834,5.225,5.882,4.552,3.883,2.406,3.345,2.866,2.515,18.905,12.244,31.149,40.212,1197.8,1197.8,4117.2,4118.3,4116.1,4118.3,45.7,23.3,72.0,73.2,61.5,No,No,No,1.358,0.371,5.8,48,95.0,100.0,No,No,91229,99001,32,99.0,No,No,3320,0.0,0.0,0.0,0.000,0.044,11114,9170,0.0,0.0,0.0,0.000,0.000,50,0,45.0,59.6,83.0,0.688,12.143,12.190,12.163,12.077,1130,37.802,13.871,16.048,4.815,32.645,23.708,8.916,0.336,16.048,21.750,2.043,12.404,220.000,240.000,1065.0,1250.2,975.0,1057.1,1050.0,37.0,11.0,0.0,2.0,30.9,5.5,22.1,0.0,0.0,0.0,33,Yes,No,No,No,No,Yes,No,17.2,19.8,0,0,0,0,0,0,0,0,0,12,0,0,0,0,0,0,0,0,0,0,0,0,0,0,0,0,0,0,0,0,5663,2529,2364,99,8.0,239.8,259.9,224.5,202.1,213.8,196.5,134.8,242.1,60.0,59.9,59.9,59.9,4.17,4.50,3.79,3.48,4.74,5.19,0.55,0.50,4.07,0.10,2.46,0,0,0.0,0.0,197,29,4.7,1.9,0,
5.7.2026,22:38:56.893,18400,27593,40.0,13255,19427,40.5,0.2,13312,23,1.344,1.337,1.337,1.350,1.350,1.344,1.344,1.344,1.344,4114.5,4092.6,4117.6,4117.6,4117.6,4117.6,4117.6,4117.6,4117.6,99.8,1110.2,3405.0,1336.7,3177.7,770.7,1455.8,1267.5,955.1,1238.4,335.2,374.3,703.5,874.6,520.0,547.1,481.8,320.6,1110.2,24.4,51.1,31.6,76.9,18.1,34.6,30.0,22.4,29.2,7.7,8.6,16.3,20.4,11.6,12.6,11.4,7.3,76.9,24.4,28.0,58.5,36.2,88.0,20.8,39.7,34.4,25.8,33.5,9.0,10.0,18.8,23.4,13.4,14.5,13.2,8.5,28.0,41.2,41.0,41.2,41.2,41.2,41.2,41.2,41.2,41.2,0.0,71.2,82.7,94.3,79.0,74.9,55.9,66.7,61.7,54.8,28.8,17.3,5.7,21.0,25.1,44.1,33.3,38.3,45.2,0.0,0.0,0.0,0.0,0.0,0.0,0.0,0.0,0.0,1197.8,12.00,16,16,16,39,55,661,1,74.9,68.8,69.5,64.6,66.9,68.2,66.5,65.1,62.2,63.3,62.5,62.1,60.3,60.7,60.0,54.5,50.3,1.362,1.031,1.363,13.633,11.901,13.632,64.108,39.687,3.765,5.129,5.989,4.415,3.824,2.383,3.215,2.803,2.364,18.469,12.243,30.712,39.784,1197.8,1197.8,4122.4,4124.3,4120.5,4124.3,45.2,22.7,71.2,72.4,61.1,No,No,No,1.408,0.363,5.7,48,95.0,100.0,No,No,91229,99001,32,99.0,No,No,3320,0.0,0.0,0.0,0.000,0.089,11114,9170,0.0,0.0,0.0,0.000,0.000,50,0,45.0,59.5,83.0,0.688,12.142,12.189,12.161,12.076,1129,37.391,13.617,15.736,4.644,32.386,23.633,8.742,0.336,15.736,21.634,1.997,11.330,220.000,240.000,990.0,1250.2,975.0,1014.0,1050.0,37.0,10.0,0.0,2.0,30.9,5.1,20.3,0.0,0.0,0.0,33,Yes,No,No,No,No,Yes,No,17.0,21.5,0,0,0,0,0,0,0,0,0,12,0,0,0,0,0,0,0,0,0,0,0,0,0,0,0,0,0,0,0,0,5663,2529,2364,99,8.0,239.8,259.2,223.4,214.8,219.1,212.7,129.7,241.9,59.9,59.9,59.9,59.9,4.17,4.50,3.84,3.63,4.58,4.71,0.50,0.54,4.06,0.11,2.49,0,0,0.0,0.0,197,29,6.2,3.1,0,
5.7.2026,22:38:58.884,18398,27595,40.0,13259,19423,40.5,0.2,13312,23,1.355,1.344,1.356,1.356,1.356,1.356,1.356,1.356,1.356,4139.4,4117.6,4142.5,4142.5,4142.5,4142.5,4142.5,4142.5,4142.5,99.8,1094.9,3442.9,1304.2,3257.7,741.2,1243.9,1551.5,759.9,1420.2,261.9,381.8,657.6,845.4,486.6,552.4,275.2,336.0,1094.9,24.2,53.3,30.8,78.9,17.6,29.7,36.9,17.7,33.8,6.1,8.9,15.3,19.8,10.9,12.8,6.4,7.8,78.9,24.2,27.6,60.8,35.2,90.2,20.1,33.9,42.1,20.3,38.6,6.9,10.2,17.5,22.7,12.4,14.7,7.4,9.0,27.6,41.5,41.2,41.5,41.5,41.5,41.5,41.5,41.5,41.5,0.0,71.2,83.6,95.1,80.0,75.1,55.2,66.0,61.9,52.9,28.8,16.4,4.9,20.0,24.9,44.8,34.0,38.1,47.1,0.0,0.0,0.0,0.0,0.0,0.0,0.0,0.0,0.0,1197.8,12.00,16,16,16,39,55,661,1,72.1,68.9,69.8,64.6,67.4,68.2,66.7,64.9,62.2,63.3,62.4,61.7,60.3,60.7,60.0,53.0,50.0,1.344,1.025,1.363,13.615,11.888,13.620,64.108,39.715,3.771,5.327,6.028,4.474,3.756,2.355,3.190,2.795,2.239,18.421,12.230,30.651,39.735,1197.8,1197.8,4121.1,4122.7,4119.5,4122.7,45.2,22.7,71.2,72.5,60.8,No,No,No,1.413,0.395,5.7,49,95.0,100.0,No,No,91229,99001,32,99.0,No,No,3320,0.0,0.0,0.0,0.000,0.065,11114,9170,0.0,0.0,0.0,0.000,0.000,50,0,45.0,59.8,83.0,0.688,12.145,12.192,12.165,12.079,1133,37.947,14.156,16.231,4.914,33.027,23.989,9.017,0.336,16.231,22.039,2.050,13.731,220.000,240.000,975.0,1250.2,975.0,975.0,1050.0,39.0,11.0,0.0,3.0,30.9,5.4,21.5,0.0,0.0,0.0,33,Yes,No,No,No,No,Yes,No,17.4,21.9,0,0,0,0,0,0,0,0,0,12,0,0,0,0,0,0,0,0,0,0,0,0,0,0,0,0,0,0,0,0,5663,2529,2365,100,8.0,239.8,258.1,222.1,216.4,219.0,215.4,125.5,330.2,59.8,59.8,59.8,59.8,4.17,4.56,3.86,3.69,4.61,4.66,0.60,0.49,4.07,0.10,2.83,0,0,0.0,0.0,197,29,2.7,2.5,0,
5.7.2026,22:39:0.895,18390,27604,39.9,13248,19433,40.5,0.2,13312,23,1.343,1.344,1.344,1.344,1.344,1.344,1.344,1.344,1.337,4114.5,4092.6,4117.6,4117.6,4117.6,4117.6,4117.6,4117.6,4117.6,99.8,1059.3,3364.9,1194.3,3319.0,686.6,929.1,1788.3,758.9,1416.0,206.0,350.9,544.1,873.7,455.7,560.2,186.3,315.6,1059.3,23.7,52.9,28.6,80.5,16.6,22.3,43.1,18.2,34.0,5.1,7.9,12.3,20.8,10.6,13.4,4.7,7.8,80.5,23.7,26.8,60.3,32.3,92.0,18.6,25.0,48.9,20.3,38.5,5.4,9.3,14.4,23.4,11.6,14.9,4.9,8.4,26.8,41.2,41.0,41.2,41.2,41.2,41.2,41.2,41.2,41.2,0.0,69.4,81.6,95.3,78.6,73.9,52.0,64.1,59.5,50.2,30.6,18.4,4.7,21.4,26.1,48.0,35.9,40.5,49.8,0.0,0.0,0.0,0.0,0.0,0.0,0.0,0.0,0.0,1197.8,12.00,16,16,16,39,55,661,1,70.5,68.9,68.0,64.5,66.9,68.4,66.4,65.2,62.1,63.1,62.4,61.6,60.3,60.6,59.9,53.8,50.5,1.350,1.038,1.356,13.523,11.868,13.530,62.459,39.537,3.732,5.150,6.091,4.426,3.854,2.273,3.107,2.779,2.181,18.344,12.209,30.553,39.635,1197.8,1197.8,4126.5,4129.1,4123.9,4129.1,45.0,22.5,69.4,72.5,61.3,No,No,No,1.395,0.396,5.6,48,95.0,100.0,No,No,91229,99001,32,99.0,No,No,3320,0.0,0.0,0.0,0.000,0.030,11114,9170,0.0,0.0,0.0,0.000,0.000,50,0,45.0,59.5,83.0,0.688,12.141,12.188,12.161,12.076,1132,37.912,13.818,15.790,4.717,32.360,23.560,8.772,0.336,15.790,21.614,1.968,13.276,220.000,240.000,1020.0,1250.2,975.0,1000.5,1050.0,37.0,10.0,0.0,3.0,30.9,5.5,21.9,0.0,0.0,0.0,33,Yes,No,No,No,No,Yes,No,17.0,21.8,0,0,0,0,0,0,0,0,0,12,0,0,0,0,0,0,0,0,0,0,0,0,0,0,0,0,0,0,0,0,5663,2529,2365,100,8.0,239.7,258.4,222.8,220.0,220.8,219.9,131.8,241.8,59.9,59.9,59.9,59.9,4.17,4.56,3.81,3.60,4.58,4.61,0.55,0.42,4.07,0.10,2.74,0,0,0.0,0.0,197,29,3.5,1.7,0,
5.7.2026,22:39:2.896,18407,27587,40.0,13261,19421,40.5,0.2,13312,23,1.345,1.350,1.344,1.350,1.350,1.344,1.344,1.344,1.337,4120.7,4142.5,4117.6,4117.6,4117.6,4117.6,4117.6,4117.6,4117.6,99.8,1073.2,3403.7,1218.0,3270.8,693.4,944.4,1774.1,712.4,1480.1,235.5,402.2,563.5,925.5,458.0,608.8,224.0,256.3,1073.2,23.6,53.8,28.4,79.2,16.0,22.0,42.1,16.4,34.9,5.1,9.8,13.5,21.4,9.9,13.9,4.9,5.6,79.2,23.6,27.1,61.6,32.6,90.5,18.6,25.4,48.3,19.0,40.1,6.2,10.7,14.9,24.8,11.6,16.2,6.0,6.8,27.1,41.3,41.5,41.2,41.2,41.2,41.2,41.2,41.2,41.2,0.0,71.6,82.6,95.2,79.8,76.0,56.4,66.8,63.4,52.5,28.4,17.4,4.8,20.2,24.0,43.6,33.2,36.6,47.5,0.0,0.0,0.0,0.0,0.0,0.0,0.0,0.0,0.0,1197.8,12.00,16,16,16,39,55,661,1,69.5,68.6,67.5,64.4,66.9,68.0,66.4,65.1,62.2,63.1,62.4,61.5,60.3,60.7,59.9,53.0,49.5,1.362,1.025,1.363,13.622,11.893,13.620,64.443,39.639,3.737,5.213,5.962,4.405,3.832,2.345,3.147,2.825,2.165,18.411,12.232,30.643,39.711,1197.8,1197.8,4120.0,4120.8,4119.2,4120.8,45.1,22.7,71.6,72.2,61.4,No,No,No,1.362,0.349,5.7,48,95.0,100.0,No,No,91229,99001,32,99.0,No,No,3320,0.0,0.0,0.0,0.000,0.006,11114,9170,0.0,0.0,0.0,0.000,0.000,50,0,45.0,59.4,83.0,0.688,12.140,12.187,12.159,12.075,1132,37.271,13.465,15.739,4.546,32.283,23.521,8.744,0.336,15.739,21.428,1.896,10.417,220.000,240.000,960.0,1250.2,975.0,990.1,1050.0,38.0,10.0,0.0,2.0,30.9,5.2,20.9,0.0,0.0,0.0,33,Yes,No,No,No,No,Yes,No,16.9,19.8,0,0,0,0,0,0,0,0,0,12,0,0,0,0,0,0,0,0,0,0,0,0,0,0,0,0,0,0,0,0,5659,2533,2369,100,8.0,239.8,262.8,220.9,212.4,216.4,210.8,126.6,241.9,59.9,59.8,59.8,59.8,4.17,4.56,3.77,3.70,4.63,4.74,0.54,0.52,4.07,0.11,2.69,0,0,0.0,0.0,197,29,2.9,2.5,0,
5.7.2026,22:39:4.891,18405,27589,40.0,13254,19428,40.5,0.2,13312,23,1.338,1.344,1.337,1.337,1.337,1.337,1.337,1.337,1.337,4117.6,4117.6,4117.6,4117.6,4117.6,4117.6,4117.6,4117.6,4117.6,99.8,1078.2,3369.4,1253.0,3106.2,863.7,1306.4,1452.0,903.9,1296.3,264.8,359.7,667.9,805.7,478.0,543.6,293.9,286.8,1078.2,23.6,52.2,29.4,75.1,20.4,30.9,34.4,21.1,30.6,5.9,8.2,15.3,18.7,10.4,12.5,6.7,6.4,75.1,23.6,27.2,59.7,33.7,86.0,23.5,35.5,39.4,24.3,35.1,7.0,9.6,17.7,21.5,12.2,14.5,7.9,7.6,27.2,41.2,41.2,41.2,41.2,41.2,41.2,41.2,41.2,41.2,0.0,70.8,81.8,95.3,79.7,75.0,54.6,65.6,61.2,52.9,29.2,18.2,4.7,20.3,25.0,45.4,34.4,38.8,47.1,0.0,0.0,0.0,0.0,0.0,0.0,0.0,0.0,0.0,1197.8,12.00,16,16,16,39,55,661,1,69.4,68.7,69.0,64.5,66.8,68.1,66.4,65.1,62.1,63.1,62.3,61.7,60.3,60.6,59.9,52.5,49.8,1.356,1.031,1.356,13.512,11.877,13.508,63.682,39.501,3.749,5.163,6.000,4.438,3.842,2.348,3.178,2.785,2.238,18.307,12.218,30.525,39.590,1197.8,1197.8,4123.3,4125.2,4121.3,4125.5,45.0,22.5,70.8,72.3,60.8,No,No,No,1.383,0.361,5.7,48,95.0,100.0,No,No,91229,99001,32,99.0,No,No,3320,0.0,0.0,0.0,0.000,0.038,11114,9170,0.0,0.0,0.0,0.000,0.000,50,0,44.9,59.6,83.0,0.688,12.140,12.186,12.159,12.074,1133,37.414,13.556,15.664,4.679,32.356,23.641,8.702,0.336,15.664,21.707,1.963,10.845,220.000,240.000,990.0,1250.2,975.0,990.0,1050.0,37.0,10.0,0.0,2.0,30.9,5.4,21.4,0.0,0.0,0.0,33,Yes,No,No,No,No,Yes,No,17.0,20.4,0,0,0,0,0,0,0,0,0,12,0,0,0,0,0,0,0,0,0,0,0,0,0,0,0,0,0,0,0,0,5663,2529,2365,100,8.0,239.8,264.1,218.9,208.0,212.4,206.1,123.5,241.3,60.0,59.8,59.9,59.8,4.17,4.58,3.74,3.63,4.73,4.91,0.53,0.39,4.07,0.10,2.34,0,0,0.0,0.0,197,29,2.4,2.1,0,
5.7.2026,22:39:6.898,18403,27591,40.0,13259,19423,40.5,0.2,13312,23,1.334,1.344,1.344,1.331,1.331,1.331,1.331,1.331,1.331,4098.9,4117.6,4117.6,4092.6,4092.6,4092.6,4092.6,4092.6,4092.6,99.8,1082.8,3379.0,1243.2,3153.0,851.1,1536.6,1188.5,1015.2,1110.8,261.6,350.9,769.3,703.2,518.4,503.7,434.7,305.8,1082.8,24.2,52.8,29.6,76.5,20.1,37.0,28.5,24.3,26.5,6.2,8.0,18.4,16.7,12.1,12.0,10.7,7.5,76.5,24.2,27.3,60.1,33.5,87.3,22.7,41.9,32.3,27.5,30.0,6.7,8.7,20.7,18.7,13.4,13.4,11.9,8.1,27.3,41.1,41.2,41.2,41.0,41.0,41.0,41.0,41.0,41.0,0.0,70.1,82.1,94.9,78.7,73.5,52.9,65.1,60.3,53.2,29.9,17.9,5.1,21.3,26.5,47.1,34.9,39.7,46.8,0.0,0.0,0.0,0.0,0.0,0.0,0.0,0.0,0.0,1197.8,12.00,16,16,16,39,55,661,1,77.1,68.9,69.2,64.5,67.0,68.4,66.3,64.9,62.1,63.2,62.5,61.9,60.3,60.6,59.9,53.5,50.1,1.350,1.025,1.363,13.500,11.856,13.503,63.072,39.454,3.743,5.192,6.107,4.395,3.716,2.287,3.167,2.756,2.324,18.282,12.195,30.476,39.553,1197.8,1197.8,4120.6,4123.7,4117.4,4123.7,44.9,22.5,70.1,72.5,60.9,No,No,No,1.415,0.359,5.6,48,95.0,100.0,No,No,91229,99001,32,99.0,No,No,3320,0.2,1.1,1.3,0.178,7.675,11115,9185,0.0,0.0,0.0,0.000,0.000,50,0,44.8,59.5,83.0,0.688,12.144,12.191,12.163,12.077,1132,37.666,13.878,15.612,4.718,32.536,23.841,8.673,0.336,15.612,21.974,1.918,13.564,220.000,240.000,945.0,1250.2,975.0,954.8,1050.0,38.0,10.0,0.0,2.0,30.9,5.4,21.6,0.0,0.0,0.0,33,Yes,No,No,No,No,Yes,No,16.7,19.7,0,0,0,0,0,0,0,0,0,12,0,0,0,0,0,0,0,0,0,0,0,0,0,0,0,0,0,0,0,0,5663,2529,2365,100,8.0,239.8,260.1,219.8,216.2,217.6,215.7,127.6,241.3,63.6,59.9,59.9,59.9,4.17,4.62,3.81,3.76,4.66,4.68,0.56,0.54,4.07,0.10,2.48,0,0,0.0,0.0,197,29,3.1,1.9,0,
5.7.2026,22:39:8.892,18393,27601,39.9,13253,19429,40.5,0.2,13312,23,1.342,1.337,1.344,1.344,1.344,1.344,1.344,1.344,1.337,4095.7,4117.6,4092.6,4092.6,4092.6,4092.6,4092.6,4092.6,4092.6,99.8,1095.0,3410.6,1186.9,3110.9,912.5,1615.9,1158.6,1257.4,919.2,324.5,395.1,797.7,693.7,567.3,514.1,313.5,342.8,1095.0,24.0,54.2,27.6,75.3,21.8,38.4,26.9,29.6,21.3,7.5,9.4,18.5,15.8,12.5,11.4,7.0,7.6,75.3,24.0,27.8,62.0,31.8,86.1,25.2,44.1,31.1,34.1,24.6,8.9,11.1,21.4,18.3,14.6,13.4,8.4,9.1,27.8,41.0,41.2,41.0,41.0,41.0,41.0,41.0,41.0,41.0,0.0,71.4,82.9,94.6,79.5,75.1,56.6,66.2,62.7,53.5,28.6,17.1,5.4,20.5,24.9,43.4,33.8,37.3,46.5,0.0,0.0,0.0,0.0,0.0,0.0,0.0,0.0,0.0,1197.8,12.00,16,16,16,39,55,661,1,74.0,69.0,66.0,64.6,67.2,68.3,66.5,65.0,62.5,63.3,62.6,61.7,60.3,60.6,60.0,53.2,50.0,1.356,1.044,1.369,13.624,11.885,13.619,64.248,39.612,3.788,5.269,6.047,4.479,3.784,2.431,3.178,2.842,2.272,18.423,12.224,30.647,39.710,1197.8,1197.8,4118.5,4120.4,4116.6,4120.4,45.1,22.7,71.4,72.6,60.6,No,No,No,1.383,0.330,5.7,49,95.0,100.0,No,No,91229,99001,32,99.0,No,No,3320,0.0,0.1,0.1,0.008,0.086,11115,9185,0.0,0.0,0.0,0.000,0.000,50,0,44.8,59.2,83.0,0.688,12.141,12.188,12.161,12.075,1128,36.997,13.362,15.407,4.583,32.238,23.656,8.559,0.336,15.407,21.742,1.899,9.793,220.000,240.000,885.0,1250.2,975.0,914.3,1050.0,38.0,10.0,0.0,2.0,30.9,5.4,21.4,0.0,0.0,0.0,33,Yes,No,No,No,No,Yes,No,17.1,21.8,0,0,0,0,0,0,0,0,0,12,0,0,0,0,0,0,0,0,0,0,0,0,0,0,0,0,0,0,0,0,5661,2531,2366,100,8.0,239.8,260.9,219.6,214.3,216.9,213.2,116.8,257.7,59.9,59.8,59.8,59.8,4.17,4.60,3.80,3.62,4.67,4.76,0.55,0.55,4.07,0.10,2.25,0,0,0.0,0.0,197,29,2.1,2.0,0,
5.7.2026,22:39:10.900,18399,27595,40.0,13256,19425,40.5,0.2,13312,23,1.343,1.337,1.344,1.344,1.344,1.344,1.344,1.344,1.344,4117.6,4117.6,4117.6,4117.6,4117.6,4117.6,4117.6,4117.6,4117.6,99.8,1157.2,3365.0,1812.3,3121.2,886.2,1119.6,1567.7,971.9,1109.7,291.0,342.1,685.2,755.6,502.0,565.5,555.4,864.7,1157.2,25.1,40.4,43.4,75.9,21.2,26.7,37.5,23.1,26.4,6.8,8.0,16.1,17.8,11.4,13.3,13.3,20.9,75.9,25.1,28.6,45.9,49.4,86.5,24.1,30.4,42.7,26.3,30.0,7.8,9.1,18.3,20.2,13.0,15.2,15.0,23.6,28.6,41.2,41.2,41.2,41.2,41.2,41.2,41.2,41.2,41.2,0.0,71.4,82.0,95.4,78.4,73.7,54.3,65.2,61.5,60.9,28.6,18.0,4.6,21.6,26.3,45.7,34.8,38.5,39.1,0.0,0.0,0.0,0.0,0.0,0.0,0.0,0.0,0.0,1197.8,12.00,16,16,16,39,55,661,1,71.9,70.6,70.2,65.2,67.2,68.7,66.4,65.1,62.3,63.9,62.7,65.1,60.4,60.7,60.1,53.2,49.9,1.331,1.044,1.344,14.225,11.864,14.231,64.295,40.474,3.922,5.252,6.158,4.336,3.691,2.328,3.150,2.803,3.654,19.241,12.208,31.449,40.527,1197.8,1197.8,4107.1,4109.8,4104.3,4109.8,46.1,23.7,71.4,74.3,61.1,No,No,No,1.388,0.332,5.7,48,95.0,100.0,No,No,91229,99001,32,99.0,No,No,3320,0.0,0.0,0.1,0.032,0.108,11115,9185,0.0,0.0,0.0,0.000,0.000,50,0,44.9,59.5,83.0,0.688,12.143,12.190,12.162,12.077,1132,37.668,13.562,15.577,4.693,32.363,23.694,8.653,0.336,15.577,21.810,1.934,10.981,220.000,240.000,870.0,1250.2,975.0,863.2,1050.0,37.0,10.0,0.0,2.0,30.9,5.7,22.9,0.0,0.0,0.0,33,Yes,No,No,No,No,Yes,No,17.3,21.9,0,0,0,0,0,0,0,0,0,12,0,0,0,0,0,0,0,0,0,0,0,0,0,0,0,0,0,0,0,0,5661,2531,2366,100,8.0,239.8,265.6,216.8,200.3,208.8,196.3,123.0,353.7,59.9,59.9,59.9,59.9,4.17,4.60,3.76,3.42,4.83,5.14,0.62,0.60,4.07,0.10,2.64,0,0,0.0,0.0,197,29,2.4,2.5,0,
5.7.2026,22:39:12.886,18389,27605,39.9,13250,19432,40.5,0.2,13312,23,1.355,1.356,1.356,1.356,1.356,1.356,1.356,1.356,1.344,3935.4,4142.5,4142.5,4142.5,4142.5,3314.0,3314.0,4142.5,4142.5,99.8,1124.3,3323.3,1966.9,3233.6,795.9,1064.8,1608.5,1027.9,1146.2,287.4,380.8,700.5,749.2,501.7,614.9,299.6,287.6,1124.3,24.6,37.5,47.3,78.4,19.5,25.8,38.8,24.9,27.6,7.3,9.5,17.0,18.1,11.9,15.0,7.7,7.3,78.4,24.6,27.5,42.3,53.6,89.5,21.6,28.8,43.8,27.8,31.0,7.6,10.1,18.7,20.0,12.9,16.4,8.1,7.6,27.5,39.4,41.5,41.5,41.5,41.5,33.2,33.2,41.5,41.5,0.0,70.1,80.7,95.1,78.3,74.4,54.0,64.0,62.3,51.7,29.9,19.3,4.9,21.7,25.6,46.0,36.0,37.7,48.3,0.0,0.0,0.0,0.0,0.0,0.0,0.0,0.0,0.0,1197.8,12.00,16,16,16,39,55,661,1,70.4,69.1,68.5,64.7,67.3,68.6,66.4,65.2,62.5,63.3,62.8,61.8,60.4,60.8,60.1,53.0,50.2,1.369,1.025,1.369,13.770,11.835,13.773,63.054,39.884,3.780,5.258,6.140,4.356,3.823,2.393,3.126,2.893,2.249,18.668,12.177,30.845,39.925,1197.8,1197.8,4123.2,4126.0,4120.5,4127.1,45.4,23.0,70.1,72.8,61.5,No,No,No,1.408,0.343,5.6,48,95.0,100.0,No,No,91229,99001,32,99.0,No,No,3320,0.0,0.1,0.1,0.065,0.061,11115,9186,0.0,0.0,0.0,0.000,0.000,50,0,44.8,59.2,83.0,0.688,12.141,12.188,12.161,12.075,1130,37.059,14.696,16.177,4.790,33.005,23.994,8.987,0.336,16.177,21.947,8.702,12.845,220.000,240.000,855.0,1250.2,975.0,850.6,1050.0,41.0,10.0,0.0,2.0,30.9,5.7,22.7,0.0,0.0,0.0,33,Yes,No,No,No,No,Yes,No,16.3,19.8,0,0,0,0,0,0,0,0,0,12,0,0,0,0,0,0,0,0,0,0,0,0,0,0,0,0,0,0,0,0,5661,2531,2366,100,8.0,239.8,265.4,220.7,205.1,212.6,201.8,124.1,242.4,59.9,59.9,59.9,59.9,4.17,4.60,3.74,3.56,4.76,5.01,0.62,0.54,4.07,0.10,2.68,0,0,0.0,0.0,197,29,2.1,1.2,0,
5.7.2026,22:39:14.887,18387,27607,39.9,13249,19432,40.5,0.2,13312,23,1.340,1.344,1.350,1.337,1.337,1.337,1.337,1.337,1.337,4117.6,4117.6,4117.6,4117.6,4117.6,4117.6,4117.6,4117.6,4117.6,99.8,1115.4,3366.1,1954.2,3168.4,792.4,1515.0,1182.8,1112.9,1039.1,281.5,339.8,803.3,651.3,527.4,512.9,323.8,274.6,1115.4,23.5,37.9,46.4,76.7,18.3,35.9,27.6,26.0,24.1,6.1,7.4,18.6,14.7,11.4,11.4,7.2,5.9,76.7,23.5,27.2,43.6,53.3,87.9,21.4,41.3,31.9,30.1,27.9,7.5,9.0,21.6,17.2,13.6,13.6,8.7,7.2,27.2,41.2,41.2,41.2,41.2,41.2,41.2,41.2,41.2,41.2,0.0,69.9,81.7,95.1,78.9,73.7,53.3,64.4,60.5,51.5,30.1,18.3,4.9,21.1,26.3,46.7,35.6,39.5,48.5,0.0,0.0,0.0,0.0,0.0,0.0,0.0,0.0,0.0,1197.8,12.00,16,16,16,39,55,661,1,69.8,69.1,70.5,64.7,67.3,68.3,66.7,65.0,62.3,63.3,62.6,61.8,60.4,60.7,60.0,53.0,49.9,1.362,1.031,1.363,13.667,11.837,13.661,62.895,39.647,3.771,5.344,6.063,4.415,3.773,2.348,3.157,2.811,2.255,18.533,12.177,30.710,39.775,1197.8,1197.8,4122.0,4127.0,4117.0,4127.0,45.2,22.8,69.9,72.7,61.3,No,No,No,1.427,0.363,5.6,48,95.0,100.0,No,No,91229,99001,32,99.0,No,No,3320,0.0,0.0,0.0,0.000,0.012,11115,9186,0.0,0.0,0.0,0.000,0.000,50,0,44.8,59.3,83.0,0.688,12.137,12.182,12.157,12.072,1128,37.499,14.088,16.181,4.824,32.691,23.686,8.989,0.336,16.181,21.671,1.902,14.419,220.000,240.000,945.0,1250.2,975.0,942.7,1050.0,37.0,10.0,0.0,2.0,30.9,5.8,23.2,0.0,0.0,0.0,33,Yes,No,No,No,No,Yes,No,17.2,20.2,0,0,0,0,0,0,0,0,0,12,0,0,0,0,0,0,0,0,0,0,0,0,0,0,0,0,0,0,0,0,5661,2531,2366,100,8.0,239.8,261.4,223.4,222.4,222.7,222.4,117.3,241.9,60.0,59.9,59.9,59.9,4.17,4.49,3.77,3.73,4.56,4.60,0.59,0.56,4.07,0.10,2.57,0,0,0.0,0.0,197,30,2.3,1.7,0,
5.7.2026,22:39:16.899,18396,27598,39.9,13258,19424,40.5,0.2,13312,23,1.325,1.344,1.331,1.331,1.319,1.319,1.319,1.319,1.319,4095.7,4117.6,4092.6,4092.6,4092.6,4092.6,4092.6,4092.6,4092.6,99.8,1182.1,3438.8,2067.5,3065.7,921.2,1612.7,1235.9,1216.5,1022.3,308.0,406.1,890.7,712.1,608.2,573.0,300.6,534.2,1182.1,25.3,38.6,49.3,74.3,21.8,38.5,29.0,28.8,23.9,7.1,9.4,20.9,16.5,13.7,13.2,6.9,12.6,74.3,25.3,28.9,44.1,56.3,84.8,25.0,44.0,33.2,32.9,27.4,8.2,10.7,23.9,18.8,15.8,15.2,8.0,14.4,28.9,41.0,41.2,41.0,41.0,41.0,41.0,41.0,41.0,41.0,0.0,72.4,83.5,94.3,80.9,75.8,57.0,67.4,64.4,56.0,27.6,16.5,5.7,19.1,24.2,43.0,32.6,35.6,44.0,0.0,0.0,0.0,0.0,0.0,0.0,0.0,0.0,0.0,1197.8,12.00,16,16,16,39,55,661,1,69.6,69.1,74.0,64.8,67.4,68.3,66.6,65.1,62.4,63.5,62.7,62.0,60.4,60.7,60.0,53.5,50.4,1.325,1.031,1.337,13.982,11.839,13.974,65.170,40.014,3.847,5.403,6.014,4.514,3.852,2.410,3.273,2.920,2.390,18.885,12.182,31.067,40.132,1197.8,1197.8,4117.0,4117.8,4116.2,4117.8,45.6,23.3,72.4,72.8,61.2,No,No,No,1.410,0.335,5.8,48,95.0,100.0,No,No,91229,99001,32,99.0,No,No,3320,0.0,0.0,0.0,0.000,0.034,11115,9186,0.0,0.0,0.0,0.000,0.000,50,0,44.7,59.2,83.0,0.688,12.138,12.182,12.158,12.074,1128,36.518,14.098,15.313,4.337,32.025,23.496,8.507,0.336,15.313,21.378,9.860,10.417,220.000,240.000,870.0,1250.2,975.0,900.1,1050.0,35.0,9.0,0.0,2.0,30.9,5.1,20.6,0.0,0.0,0.0,33,Yes,No,No,No,No,Yes,No,16.7,19.8,0,0,0,0,0,0,0,0,0,12,0,0,0,0,0,0,0,0,0,0,0,0,0,0,0,0,0,0,0,0,5661,2531,2366,101,8.0,239.8,261.1,224.6,206.1,215.5,201.7,119.4,241.9,59.9,59.9,59.9,59.9,4.17,4.51,3.76,3.40,4.68,5.02,0.58,0.54,4.07,0.10,2.96,0,0,0.0,0.0,197,30,2.7,5.1,0,
5.7.2026,22:39:18.885,18390,27603,39.9,13256,19426,40.5,0.2,13312,23,1.343,1.337,1.344,1.344,1.344,1.344,1.344,1.344,1.344,4114.5,4092.6,4117.6,4117.6,4117.6,4117.6,4117.6,4117.6,4117.6,99.8,1141.7,3375.3,1944.5,3140.3,884.1,1505.2,1310.6,1102.4,1003.6,305.5,385.8,781.5,693.0,534.9,580.4,308.7,410.7,1141.7,24.8,40.1,46.5,76.1,21.3,36.2,31.3,26.5,23.9,7.4,9.3,18.7,16.5,12.3,13.8,7.6,10.0,76.1,24.8,28.1,45.4,52.9,86.8,24.1,41.1,35.5,29.9,27.0,8.1,10.3,21.0,18.4,13.8,15.4,8.3,11.0,28.1,41.2,41.0,41.2,41.2,41.2,41.2,41.2,41.2,41.2,0.0,71.0,82.0,94.6,80.2,73.9,55.5,64.9,62.7,54.4,29.0,18.0,5.4,19.8,26.1,44.5,35.1,37.3,45.6,0.0,0.0,0.0,0.0,0.0,0.0,0.0,0.0,0.0,1197.8,12.00,16,16,16,39,55,661,1,69.2,69.1,67.0,64.6,67.3,68.2,66.8,64.9,62.2,63.1,62.6,61.9,60.3,60.7,60.0,53.0,50.3,1.344,1.031,1.356,13.780,11.845,13.791,63.926,39.870,3.788,5.320,6.041,4.546,3.721,2.387,3.124,2.843,2.321,18.639,12.186,30.826,39.914,1197.8,1197.8,4117.7,4121.6,4113.9,4121.6,45.4,23.0,71.0,72.8,61.3,No,No,No,1.398,0.318,5.7,48,95.0,100.0,No,No,91229,99001,32,99.0,No,No,3320,0.0,0.0,0.0,0.008,0.065,11115,9186,0.0,0.0,0.0,0.000,0.000,50,0,44.7,59.0,83.0,0.688,12.139,12.183,12.159,12.074,1130,36.360,13.126,14.798,4.094,31.613,23.375,8.221,0.336,14.798,21.244,1.977,10.809,220.000,240.000,795.0,1250.2,975.0,817.6,1050.0,35.0,9.0,0.0,2.0,30.9,5.3,21.3,0.0,0.0,0.0,33,Yes,No,No,No,No,Yes,No,16.4,20.0,0,0,0,0,0,0,0,0,0,12,0,0,0,0,0,0,0,0,0,0,0,0,0,0,0,0,0,0,0,0,5660,2532,2367,101,8.0,239.8,262.2,223.7,212.2,217.6,209.9,111.7,241.6,59.9,59.9,59.9,59.8,4.17,4.47,3.77,3.69,4.56,4.74,0.60,0.52,4.07,0.10,2.69,0,0,0.0,0.0,197,30,8.8,5.0,0,
5.7.2026,22:39:20.885,18390,27604,39.9,13250,19432,40.5,0.2,13312,23,1.332,1.337,1.331,1.331,1.331,1.331,1.331,1.331,1.331,4095.7,4117.6,4092.6,4092.6,4092.6,4092.6,4092.6,4092.6,4092.6,99.8,1137.3,3320.7,1981.4,3269.6,736.4,1030.9,1629.3,1039.8,1187.5,314.4,390.2,769.3,686.7,568.6,611.9,267.2,392.8,1137.3,24.2,36.1,47.3,79.3,17.2,24.4,38.6,24.6,27.9,7.2,9.0,18.0,15.9,12.8,14.1,6.1,9.1,79.3,24.2,27.8,41.2,54.0,90.6,19.8,27.9,44.2,28.2,32.0,8.3,10.3,20.6,18.2,14.7,16.3,7.1,10.5,27.8,41.0,41.2,41.0,41.0,41.0,41.0,41.0,41.0,41.0,0.0,70.1,80.7,94.8,77.8,74.2,54.4,63.6,62.5,52.6,29.9,19.3,5.2,22.2,25.8,45.6,36.4,37.5,47.4,0.0,0.0,0.0,0.0,0.0,0.0,0.0,0.0,0.0,1197.8,12.00,16,16,16,39,55,661,1,69.2,68.9,69.5,64.6,66.9,68.4,66.3,65.2,62.3,63.2,62.8,61.8,60.3,60.7,60.0,53.8,50.3,1.344,1.031,1.344,13.849,11.843,13.843,63.076,39.880,3.780,5.122,6.144,4.356,3.819,2.424,3.132,2.923,2.320,18.753,12.184,30.937,40.001,1197.8,1197.8,4120.4,4124.4,4116.4,4124.4,45.5,23.1,70.1,72.5,61.8,No,No,No,1.421,0.346,5.6,48,95.0,100.0,No,No,91229,99001,32,99.0,No,No,3320,0.0,0.1,0.1,0.059,0.098,11115,9186,0.0,0.0,0.0,0.000,0.000,50,0,44.6,59.3,83.0,0.688,12.141,12.187,12.160,12.076,1132,36.841,12.957,14.507,4.083,31.118,23.041,8.059,0.336,14.507,21.023,1.891,11.003,220.000,240.000,840.0,1250.2,975.0,812.9,1050.0,37.0,9.0,0.0,2.0,30.9,5.8,23.1,0.0,0.0,0.0,33,Yes,No,No,No,No,Yes,No,16.1,21.0,0,0,0,0,0,0,0,0,0,12,0,0,0,0,0,0,0,0,0,0,0,0,0,0,0,0,0,0,0,0,5660,2532,2367,101,8.0,239.7,261.7,220.5,216.8,218.1,216.5,127.1,242.1,60.0,59.9,59.9,59.9,4.17,4.58,3.79,3.70,4.63,4.67,0.69,0.53,4.07,0.10,2.51,0,0,0.0,0.0,197,30,2.6,2.4,0,
5.7.2026,22:39:22.891,18360,27633,39.9,13237,19445,40.5,0.2,13312,23,1.322,1.344,1.319,1.319,1.319,1.319,1.319,1.319,1.319,4111.3,4117.6,4092.6,4092.6,4117.6,4117.6,4117.6,4117.6,4117.6,99.8,1137.4,3349.2,1981.7,3242.8,776.6,996.6,1707.5,1010.0,1120.6,316.4,381.2,762.8,739.3,536.6,556.4,311.0,409.9,1137.4,24.8,38.9,47.8,78.5,18.6,24.2,40.6,24.5,26.9,8.0,9.4,18.0,17.8,12.6,13.5,7.9,10.2,78.5,24.8,27.9,43.8,54.1,89.8,20.7,27.0,46.4,27.3,30.2,8.5,10.1,20.5,19.7,13.8,14.8,8.4,11.0,27.9,41.2,41.2,41.0,41.0,41.2,41.2,41.2,41.2,41.2,0.0,70.0,81.4,95.0,78.5,73.2,53.5,64.9,60.9,52.8,30.0,18.6,5.0,21.5,26.8,46.5,35.1,39.1,47.2,0.0,0.0,0.0,0.0,0.0,0.0,0.0,0.0,0.0,1197.8,12.00,16,16,16,39,55,661,1,69.1,69.0,70.2,64.7,67.3,68.4,66.5,65.0,62.3,63.3,62.6,62.1,60.4,60.7,60.0,52.5,49.6,1.344,1.038,1.350,13.703,11.845,13.700,63.038,39.734,3.796,5.282,6.162,4.442,3.738,2.382,3.169,2.818,2.371,18.545,12.186,30.731,39.803,1197.8,1197.8,4119.6,4123.5,4115.6,4123.5,45.2,22.8,70.0,72.6,60.9,No,No,No,1.435,0.360,5.6,49,95.0,100.0,No,No,91229,99001,32,99.0,No,No,3320,0.0,0.0,0.0,0.000,0.042,11115,9186,0.0,0.0,0.0,0.000,0.000,50,0,44.6,59.1,83.0,0.688,12.133,12.176,12.153,12.070,1128,36.363,13.412,15.320,4.481,32.170,23.644,8.511,0.336,15.320,21.665,1.906,10.761,220.000,240.000,870.0,1250.2,975.0,869.2,1050.0,37.0,9.0,0.0,2.0,30.9,5.6,22.6,0.0,0.0,0.0,33,Yes,No,No,No,No,Yes,No,16.8,20.2,0,0,0,0,0,0,0,0,0,12,0,0,0,0,0,0,0,0,0,0,0,0,0,0,0,0,0,0,0,0,5660,2532,2367,101,8.0,239.8,264.5,221.8,211.2,216.6,208.7,122.0,241.4,79.8,61.6,68.4,59.9,4.17,4.55,3.78,3.68,4.67,4.83,0.52,0.56,4.06,0.11,2.78,0,0,0.0,0.0,197,30,2.6,2.5,0,
5.7.2026,22:39:24.892,18361,27632,39.9,13235,19447,40.4,0.2,13312,23,1.329,1.344,1.331,1.331,1.325,1.325,1.325,1.325,1.325,4048.9,4092.6,4042.7,4042.7,4042.7,4042.7,4042.7,4042.7,4042.7,99.8,1135.9,3317.5,2068.0,3298.9,749.5,1184.2,1417.4,938.6,1155.1,317.0,447.2,721.4,778.4,524.9,541.4,272.3,442.9,1135.9,24.4,35.6,49.4,80.0,18.1,28.1,34.5,22.2,27.5,7.3,10.5,17.6,18.4,11.9,12.6,6.2,10.2,80.0,24.4,27.8,40.6,56.5,91.3,20.8,32.1,38.8,25.4,31.4,8.5,12.0,19.4,21.0,13.6,14.4,7.2,11.7,27.8,40.6,41.0,40.5,40.5,40.5,40.5,40.5,40.5,40.5,0.0,69.7,80.6,95.6,77.3,73.4,54.4,64.0,60.3,52.2,30.3,19.4,4.4,22.7,26.6,45.6,36.0,39.7,47.8,0.0,0.0,0.0,0.0,0.0,0.0,0.0,0.0,0.0,1197.8,12.00,16,16,16,39,55,661,1,69.2,69.3,76.0,64.7,67.1,68.7,66.3,65.0,62.5,63.4,62.5,62.1,60.3,60.7,60.0,52.5,49.8,1.331,1.038,1.344,13.843,11.828,13.844,62.759,39.913,3.814,5.233,6.297,4.317,3.722,2.482,3.208,2.814,2.436,18.776,12.170,30.946,40.020,1197.8,1197.8,4122.7,4127.3,4118.1,4127.3,45.5,23.1,69.7,72.9,61.3,No,No,No,1.416,0.352,5.6,48,95.0,100.0,No,No,91229,99001,32,99.0,No,No,3320,0.0,0.1,0.1,0.000,0.049,11115,9186,0.0,0.0,0.0,0.000,0.000,50,0,44.6,59.0,83.0,0.688,12.136,12.181,12.156,12.072,1129,36.386,12.931,14.354,4.081,31.181,23.190,7.974,0.336,14.354,21.249,1.878,10.714,220.000,240.000,855.0,1250.2,975.0,846.8,1050.0,40.0,10.0,0.0,2.0,30.9,5.3,21.4,0.0,0.0,0.0,33,Yes,No,No,No,No,Yes,No,16.2,19.6,0,0,0,0,0,0,0,0,0,12,0,0,0,0,0,0,0,0,0,0,0,0,0,0,0,0,0,0,0,0,5660,2532,2367,101,8.0,239.7,262.1,219.6,214.4,216.9,213.0,112.6,242.0,60.0,59.9,59.9,59.8,4.17,4.62,3.73,3.57,4.68,4.72,0.52,0.50,4.06,0.11,2.86,0,0,0.0,0.0,197,30,3.0,1.6,0,
5.7.2026,22:39:26.885,18376,27618,39.9,13256,19426,40.5,0.2,13312,23,1.343,1.337,1.344,1.344,1.344,1.344,1.344,1.344,1.344,4117.6,4117.6,4117.6,4117.6,4117.6,4117.6,4117.6,4117.6,4117.6,99.8,1136.0,3329.6,1333.8,3203.4,828.6,1702.0,1125.7,964.9,1210.1,330.8,432.4,746.0,850.6,545.4,631.3,369.9,571.0,1136.0,24.9,49.5,31.4,77.5,19.3,40.7,26.4,22.6,28.5,7.3,9.7,17.3,19.8,11.9,14.4,8.4,13.5,77.5,24.9,28.7,56.6,36.1,88.6,22.5,46.7,30.4,26.1,32.8,8.8,11.5,20.1,22.8,14.1,16.9,10.0,15.8,28.7,41.2,41.2,41.2,41.2,41.2,41.2,41.2,41.2,41.2,0.0,71.0,81.0,94.5,80.3,74.0,55.4,65.8,61.5,55.8,29.0,19.0,5.5,19.7,26.0,44.6,34.2,38.5,44.2,0.0,0.0,0.0,0.0,0.0,0.0,0.0,0.0,0.0,1197.8,12.00,16,16,16,39,55,661,1,75.5,69.4,69.0,64.8,67.0,68.4,66.7,65.0,62.4,63.6,62.6,62.8,60.3,60.6,60.0,52.5,49.7,1.337,1.025,1.344,14.060,11.860,14.064,63.941,40.230,3.848,5.072,6.207,4.550,3.744,2.438,3.258,2.896,2.616,19.018,12.202,31.221,40.303,1197.8,1197.8,4114.6,4118.9,4110.4,4118.9,45.8,23.4,71.0,73.0,61.5,No,No,No,1.467,0.351,5.7,48,95.0,100.0,No,No,91229,99001,32,99.0,No,No,3320,0.0,0.0,0.0,0.000,0.124,11115,9186,0.0,0.0,0.0,0.000,0.000,50,0,44.7,59.5,83.0,0.688,12.136,12.181,12.156,12.071,1129,37.160,13.448,15.464,4.531,32.153,23.539,8.591,0.336,15.464,21.553,1.911,10.934,220.000,240.000,930.0,1250.2,975.0,928.5,1050.0,39.0,10.0,0.0,2.0,30.9,5.5,22.2,0.0,0.0,0.0,33,Yes,No,No,No,No,Yes,No,16.8,19.9,0,0,0,0,0,0,0,0,0,12,0,0,0,0,0,0,0,0,0,0,0,0,0,0,0,0,0,0,0,0,5660,2532,2367,101,8.0,239.8,263.7,224.1,219.1,221.2,218.6,124.0,241.4,62.9,59.8,59.9,59.8,4.17,4.53,3.75,3.72,4.57,4.59,0.62,0.47,4.06,0.11,2.64,0,0,0.0,0.0,197,30,6.4,5.7,0,
5.7.2026,22:39:28.892,18360,27634,39.9,13229,19452,40.4,0.2,13312,23,1.364,1.350,1.344,1.344,1.375,1.375,1.375,1.375,1.375,4126.9,4092.6,4167.5,4167.5,4117.6,4117.6,4117.6,4117.6,4117.6,99.8,1098.0,3281.2,1351.3,3211.9,789.3,1428.9,1332.2,816.4,1286.8,288.9,412.1,631.5,796.9,544.7,568.5,307.7,520.5,1098.0,24.4,48.4,32.4,78.0,18.5,34.5,32.0,19.7,30.9,6.5,9.5,14.6,19.1,12.8,13.0,7.0,12.9,78.0,24.4,27.6,54.8,36.5,88.9,21.3,38.9,36.0,21.9,34.8,7.6,10.9,16.8,21.2,14.0,15.1,8.2,14.1,27.6,41.3,41.0,41.8,41.8,41.2,41.2,41.2,41.2,41.2,0.0,69.7,79.7,94.3,78.8,72.4,54.1,63.2,60.7,54.3,30.3,20.3,5.7,21.2,27.6,45.9,36.8,39.3,45.7,0.0,0.0,0.0,0.0,0.0,0.0,0.0,0.0,0.0,1197.8,12.00,16,16,16,39,55,661,1,72.6,69.0,67.8,64.6,66.8,68.4,66.5,65.0,62.3,63.2,62.5,62.1,60.3,60.7,60.0,52.5,49.5,1.350,1.031,1.363,13.781,11.820,13.782,62.728,39.854,3.785,5.070,6.197,4.516,3.715,2.411,3.101,2.842,2.428,18.672,12.159,30.831,39.901,1197.8,1197.8,4121.7,4124.6,4118.8,4124.6,45.3,23.0,69.7,72.6,61.5,No,No,No,1.386,0.337,5.6,48,95.0,100.0,No,No,91229,99001,32,99.0,No,No,3320,0.2,1.3,1.5,0.147,7.735,11115,9201,0.0,0.0,0.0,0.000,0.000,50,0,44.6,59.2,83.0,0.688,12.133,12.177,12.154,12.069,1130,36.784,13.571,15.284,4.481,32.122,23.620,8.491,0.336,15.284,21.655,1.911,12.529,220.000,240.000,870.0,1250.2,975.0,867.0,1050.0,39.0,10.0,0.0,2.0,30.9,5.2,20.7,0.0,0.0,0.0,33,Yes,No,No,No,No,Yes,No,16.8,20.0,0,0,0,0,0,0,0,0,0,12,0,0,0,0,0,0,0,0,0,0,0,0,0,0,0,0,0,0,0,0,5660,2532,2367,101,8.0,239.7,260.7,220.1,217.2,218.0,216.9,119.9,240.8,79.8,61.6,68.4,59.9,4.17,4.60,3.78,3.72,4.62,4.62,0.56,0.55,4.07,0.10,2.62,0,0,0.0,0.0,197,30,3.0,2.5,0,
5.7.2026,22:39:30.888,18365,27629,39.9,13237,19444,40.5,0.2,13312,23,1.357,1.344,1.363,1.363,1.363,1.363,1.363,1.350,1.350,4120.7,4142.5,4117.6,4117.6,4117.6,4117.6,4117.6,4117.6,4117.6,99.8,1075.6,3306.7,1315.9,3161.5,849.5,885.4,1844.6,678.5,1362.7,273.7,401.4,587.6,907.4,479.2,598.0,216.1,341.7,1075.6,23.6,49.1,30.8,76.4,20.5,20.5,43.9,15.6,32.1,6.8,9.8,14.1,21.1,10.4,14.2,5.3,7.6,76.4,23.6,27.0,56.3,35.5,87.5,23.0,23.8,50.4,18.1,37.0,7.2,10.6,15.7,24.3,12.2,15.9,5.7,9.1,27.0,41.3,41.5,41.2,41.2,41.2,41.2,41.2,41.2,41.2,0.0,69.6,80.2,94.7,78.9,72.7,53.8,64.4,60.3,52.0,30.4,19.8,5.3,21.1,27.3,46.2,35.6,39.7,48.0,0.0,0.0,0.0,0.0,0.0,0.0,0.0,0.0,0.0,1197.8,12.00,16,16,16,39,55,661,1,70.2,68.8,68.0,64.4,66.8,68.3,66.4,64.7,62.2,63.1,62.2,61.5,60.2,60.6,59.9,52.0,49.3,1.362,1.025,1.363,13.459,11.803,13.463,62.665,39.370,3.730,5.066,6.158,4.456,3.620,2.389,3.125,2.801,2.224,18.234,12.144,30.378,39.447,1197.8,1197.8,4124.0,4126.8,4121.3,4127.0,44.8,22.4,69.6,72.4,60.9,No,No,No,1.345,0.305,5.6,48,95.0,100.0,No,No,91229,99001,32,99.0,No,No,3320,0.0,0.0,0.0,0.000,0.069,11115,9201,0.0,0.0,0.0,0.000,0.000,50,0,44.5,59.0,83.0,0.688,12.138,12.182,12.158,12.073,1133,36.540,14.514,15.151,4.349,32.036,23.604,8.417,0.336,15.151,21.566,13.197,11.336,220.000,240.000,885.0,1250.2,975.0,881.2,1050.0,38.0,10.0,0.0,1.0,30.9,5.7,22.6,0.0,0.0,0.0,33,Yes,No,No,No,No,Yes,No,16.7,21.4,0,0,0,0,0,0,0,0,0,12,0,0,0,0,0,0,0,0,0,0,0,0,0,0,0,0,0,0,0,0,5660,2532,2367,101,8.0,239.8,262.6,219.1,214.6,216.9,213.5,134.8,241.8,79.9,62.0,68.5,59.9,4.17,4.60,3.80,3.76,4.66,4.73,0.58,0.53,4.07,0.10,2.07,0,0,0.0,0.0,197,30,3.4,2.2,0,
5.7.2026,22:39:32.900,18361,27633,39.9,13233,19448,40.4,0.2,13312,23,1.351,1.337,1.350,1.350,1.350,1.350,1.356,1.356,1.356,4142.5,4142.5,4142.5,4142.5,4142.5,4142.5,4142.5,4142.5,4142.5,99.8,1034.3,3243.7,1234.2,3260.2,709.0,790.2,1786.6,665.7,1286.5,263.3,366.1,524.8,844.3,441.4,556.1,244.3,332.5,1034.3,23.1,49.1,29.6,79.0,16.5,19.0,43.0,16.1,30.9,5.8,9.0,12.7,20.2,10.2,13.3,6.2,8.2,79.0,23.1,26.0,55.8,33.3,90.2,19.2,21.3,48.8,17.9,34.9,7.0,9.7,14.0,22.6,11.2,14.7,6.5,8.9,26.0,41.5,41.5,41.5,41.5,41.5,41.5,41.5,41.5,41.5,0.0,68.0,78.8,94.3,77.4,71.1,51.9,61.9,58.4,50.4,32.0,21.2,5.7,22.6,28.9,48.1,38.1,41.6,49.6,0.0,0.0,0.0,0.0,0.0,0.0,0.0,0.0,0.0,1197.8,12.00,16,16,16,39,55,661,1,69.4,68.5,69.5,64.2,66.3,68.2,65.9,64.6,62.0,62.9,62.2,61.6,60.2,60.5,59.8,53.5,49.2,1.369,1.025,1.363,13.360,11.826,13.357,61.222,39.254,3.661,4.912,6.145,4.279,3.581,2.325,3.066,2.717,2.267,18.127,12.164,30.291,39.347,1197.8,1197.8,4124.2,4129.9,4118.6,4130.8,44.7,22.3,68.0,72.1,61.7,No,No,No,1.337,0.328,5.4,48,95.0,100.0,No,No,91229,99001,32,99.0,No,No,3320,0.0,0.0,0.0,0.000,0.046,11115,9201,0.0,0.0,0.0,0.000,0.000,50,0,44.6,59.4,83.0,0.688,12.138,12.182,12.158,12.074,1129,37.254,13.415,14.955,4.422,31.866,23.544,8.308,0.336,14.955,21.670,1.899,12.193,220.000,240.000,975.0,1250.2,975.0,937.5,1050.0,40.0,12.0,0.0,2.0,30.9,5.7,22.7,0.0,0.0,0.0,33,Yes,No,No,No,No,Yes,No,16.6,20.1,0,0,0,0,0,0,0,0,0,12,0,0,0,0,0,0,0,0,0,0,0,0,0,0,0,0,0,0,0,0,5660,2532,2367,101,8.0,239.8,263.7,219.5,217.2,217.9,216.8,133.9,241.3,59.9,59.9,59.9,59.8,4.17,4.60,3.76,3.63,4.62,4.65,0.55,0.65,4.07,0.10,2.20,0,0,0.0,0.0,197,30,2.5,2.1,0,
5.7.2026,22:39:34.900,18365,27629,39.9,13235,19447,40.4,0.2,13312,23,1.345,1.350,1.344,1.344,1.344,1.344,1.344,1.344,1.344,4117.6,4117.6,4117.6,4117.6,4117.6,4117.6,4117.6,4117.6,4117.6,99.8,1097.9,3277.7,1315.0,3140.0,898.6,1233.9,1573.4,905.0,1276.7,315.5,415.6,643.7,824.0,490.6,601.7,240.1,414.7,1097.9,23.9,48.9,30.6,75.9,21.5,28.9,37.2,21.0,29.8,7.6,9.2,14.6,18.8,10.5,13.4,5.0,9.3,75.9,23.9,27.6,56.1,35.3,86.9,24.4,33.5,42.8,24.4,34.4,8.4,11.0,17.2,21.9,12.6,15.9,6.3,11.1,27.6,41.2,41.2,41.2,41.2,41.2,41.2,41.2,41.2,41.2,0.0,70.2,79.5,94.7,79.9,74.1,55.5,64.1,60.6,53.1,29.8,20.5,5.3,20.1,25.9,44.5,35.9,39.4,46.9,0.0,0.0,0.0,0.0,0.0,0.0,0.0,0.0,0.0,1197.8,12.00,16,16,16,39,55,661,1,69.4,68.9,69.8,64.4,66.8,68.3,66.5,64.9,62.2,63.0,62.2,61.6,60.2,60.5,59.8,53.0,50.0,1.362,1.038,1.363,13.710,11.793,13.711,63.166,39.693,3.786,5.113,6.135,4.538,3.806,2.452,3.146,2.800,2.302,18.576,12.134,30.711,39.787,1197.8,1197.8,4123.6,4126.3,4120.8,4126.3,45.2,22.9,70.2,72.5,61.1,No,No,No,1.407,0.375,5.6,48,95.0,100.0,No,No,91229,99001,32,99.0,No,No,3320,0.0,0.1,0.1,0.000,0.089,11115,9201,0.0,0.0,0.0,0.000,0.000,50,0,44.5,58.9,83.0,0.688,12.139,12.183,12.159,12.074,1128,36.555,13.543,15.214,4.483,32.002,23.533,8.452,0.336,15.214,21.611,1.963,12.626,220.000,240.000,945.0,1250.2,975.0,970.6,1050.0,36.0,10.0,0.0,3.0,30.9,5.1,20.2,0.0,0.0,0.0,33,Yes,No,No,No,No,Yes,No,16.7,20.6,0,0,0,0,0,0,0,0,0,12,0,0,0,0,0,0,0,0,0,0,0,0,0,0,0,0,0,0,0,0,5659,2533,2369,101,8.0,239.7,261.6,219.6,210.6,213.3,210.5,120.4,241.3,59.9,59.8,59.9,59.8,4.17,4.61,3.78,3.61,4.75,4.82,0.47,0.56,4.06,0.11,2.77,0,0,0.0,0.0,197,30,3.2,2.9,0,
5.7.2026,22:39:36.891,18369,27625,39.9,13236,19445,40.5,0.2,13312,23,1.342,1.337,1.344,1.344,1.344,1.344,1.344,1.344,1.337,4092.6,4092.6,4092.6,4092.6,4092.6,4092.6,4092.6,4092.6,4092.6,99.8,1094.9,3355.9,1325.1,3114.9,877.8,1507.2,1297.8,856.0,1207.6,386.3,455.3,652.7,809.3,509.5,576.5,250.7,336.5,1094.9,24.4,50.5,31.5,75.5,21.1,36.3,30.9,20.5,28.8,9.4,10.9,15.6,19.2,11.7,13.7,6.2,8.1,75.5,24.4,27.5,57.5,35.7,86.2,23.8,41.3,35.0,23.1,32.5,10.3,12.0,17.4,21.5,13.0,15.2,6.6,8.8,27.5,41.0,41.0,41.0,41.0,41.0,41.0,41.0,41.0,41.0,0.0,70.4,81.4,93.9,80.0,73.3,55.7,64.8,61.0,53.1,29.6,18.6,6.1,20.0,26.7,44.3,35.2,39.0,46.9,0.0,0.0,0.0,0.0,0.0,0.0,0.0,0.0,0.0,1197.8,12.00,16,16,16,39,55,661,1,69.4,68.8,67.8,64.5,67.1,68.1,66.5,64.9,62.3,63.1,62.3,61.7,60.2,60.6,59.9,54.0,49.8,1.356,1.025,1.356,13.690,11.808,13.683,63.360,39.639,3.793,5.305,6.059,4.530,3.705,2.477,3.162,2.810,2.299,18.546,12.147,30.692,39.765,1197.8,1197.8,4123.9,4125.4,4122.4,4125.4,45.2,22.8,70.4,72.4,60.9,No,No,No,1.457,0.450,5.6,48,95.0,100.0,No,No,91229,99001,32,99.0,No,No,3320,0.0,0.0,0.0,0.000,0.022,11115,9202,0.0,0.0,0.0,0.000,0.000,50,0,44.5,58.9,83.0,0.688,12.137,12.181,12.157,12.072,1129,37.645,15.060,15.938,4.726,32.994,24.119,8.854,0.336,15.938,22.118,14.938,10.634,220.000,240.000,930.0,1250.2,975.0,920.2,1050.0,37.0,10.0,0.0,3.0,30.9,5.3,21.2,0.0,0.0,0.0,33,Yes,No,No,No,No,Yes,No,17.3,21.4,0,0,0,0,0,0,0,0,0,12,0,0,0,0,0,0,0,0,0,0,0,0,0,0,0,0,0,0,0,0,5658,2534,2369,101,8.0,239.8,262.1,222.2,214.9,218.4,213.3,114.2,241.9,59.8,59.8,59.8,59.8,4.17,4.51,3.77,3.56,4.57,4.68,0.55,0.56,4.07,0.10,2.56,0,0,0.0,0.0,197,30,2.6,1.9,0,
5.7.2026,22:39:38.886,18366,27628,39.9,13237,19445,40.5,0.2,13312,23,1.339,1.337,1.344,1.344,1.337,1.337,1.337,1.337,1.337,4117.6,4117.6,4117.6,4117.6,4117.6,4117.6,4117.6,4117.6,4117.6,99.8,1157.3,3417.9,1415.6,3198.0,926.3,1499.4,1370.8,852.8,1420.0,357.8,472.6,691.8,901.7,539.3,646.6,323.4,483.3,1157.3,25.6,52.9,33.4,77.6,21.7,35.8,32.3,20.1,33.6,8.3,11.0,16.2,21.1,12.1,14.9,7.4,11.3,77.6,25.6,29.3,60.4,38.2,88.6,24.9,41.0,37.0,23.1,38.5,9.6,12.7,18.6,24.1,14.0,17.2,8.7,13.1,29.3,41.2,41.2,41.2,41.2,41.2,41.2,41.2,41.2,41.2,0.0,72.0,83.1,94.8,81.2,75.8,56.9,66.6,61.5,55.9,28.0,16.9,5.2,18.8,24.2,43.1,33.4,38.5,44.1,0.0,0.0,0.0,0.0,0.0,0.0,0.0,0.0,0.0,1197.8,12.00,16,16,16,39,55,661,1,69.4,69.1,68.5,64.8,67.5,68.4,66.9,65.1,62.5,63.4,62.6,62.0,60.4,60.7,60.0,53.5,49.9,1.350,1.031,1.356,13.948,11.852,13.951,64.778,40.084,3.857,5.394,6.097,4.584,3.803,2.497,3.246,2.868,2.364,18.841,12.195,31.036,40.134,1197.8,1197.8,4114.1,4117.6,4110.7,4117.6,45.6,23.3,72.0,72.8,60.9,No,No,No,1.535,0.473,5.8,48,95.0,100.0,No,No,91229,99001,32,99.0,No,No,3320,0.0,0.0,0.1,0.008,0.014,11115,9202,0.0,0.0,0.0,0.000,0.000,50,0,44.5,59.2,83.0,0.688,12.139,12.184,12.159,12.075,1130,37.201,13.691,15.822,4.630,32.538,23.727,8.790,0.336,15.822,21.680,1.964,11.600,220.000,240.000,945.0,1250.2,975.0,945.0,1050.0,39.0,10.0,0.0,3.0,30.9,5.2,20.6,0.0,0.0,0.0,33,Yes,No,No,No,No,Yes,No,16.8,20.1,0,0,0,0,0,0,0,0,0,12,0,0,0,0,0,0,0,0,0,0,0,0,0,0,0,0,0,0,0,0,5658,2534,2369,101,8.0,239.7,263.0,221.0,218.4,219.4,218.2,125.5,241.3,63.3,59.9,59.9,59.9,4.17,4.59,3.74,3.66,4.64,4.69,0.45,0.55,4.07,0.10,2.92,0,0,0.0,0.0,197,30,6.3,5.9,0,
5.7.2026,22:39:40.887,18366,27628,39.9,13236,19445,40.5,0.2,13312,23,1.349,1.344,1.350,1.350,1.350,1.350,1.350,1.350,1.350,4117.6,4117.6,4117.6,4117.6,4117.6,4117.6,4117.6,4117.6,4117.6,99.8,1182.7,3371.0,1548.5,2948.6,1164.2,879.4,2060.0,821.7,1398.4,326.9,511.7,696.1,952.9,523.9,632.7,550.0,537.6,1182.7,26.4,48.6,37.0,71.6,28.0,21.0,49.9,19.7,33.6,7.9,12.3,16.8,22.7,12.1,15.0,13.4,13.0,71.6,26.4,29.8,55.1,41.9,81.5,31.7,23.7,56.7,22.1,37.9,8.7,13.7,18.8,25.5,13.5,16.8,14.9,14.4,29.8,41.2,41.2,41.2,41.2,41.2,41.2,41.2,41.2,41.2,0.0,72.6,82.2,95.2,81.9,75.5,57.6,67.0,61.4,59.8,27.4,17.8,4.8,18.1,24.5,42.4,33.0,38.6,40.2,0.0,0.0,0.0,0.0,0.0,0.0,0.0,0.0,0.0,1197.8,12.00,16,16,16,39,55,661,1,69.6,70.2,68.0,65.2,67.5,68.6,67.0,65.2,62.8,64.1,62.6,63.8,60.5,60.8,60.1,53.5,49.5,1.362,1.019,1.363,14.453,11.846,14.451,65.317,40.737,3.969,5.336,6.110,4.635,3.800,2.597,3.397,2.844,3.035,19.529,12.189,31.718,40.809,1197.8,1197.8,4108.4,4112.1,4104.8,4112.1,46.4,24.1,72.6,73.9,61.3,No,No,No,1.534,0.484,5.8,49,95.0,100.0,No,No,91229,99001,32,99.0,No,No,3320,0.0,0.0,0.0,0.000,0.008,11115,9202,0.0,0.0,0.0,0.000,0.000,50,0,44.5,59.1,83.0,0.688,12.139,12.185,12.158,12.074,1129,37.175,13.522,15.666,4.545,32.341,23.628,8.703,0.336,15.666,21.554,1.997,10.789,220.000,240.000,975.0,1250.2,975.0,961.5,1050.0,39.0,11.0,0.0,3.0,30.9,5.3,21.0,0.0,0.0,0.0,33,Yes,No,No,No,No,Yes,No,16.9,20.3,0,0,0,0,0,0,0,0,0,12,0,0,0,0,0,0,0,0,0,0,0,0,0,0,0,0,0,0,0,0,5658,2534,2369,101,8.0,239.7,258.4,219.3,215.1,217.3,214.1,120.9,241.0,59.9,59.9,59.9,59.9,4.17,4.59,3.80,3.73,4.68,4.80,0.51,0.49,4.07,0.10,2.83,0,0,0.0,0.0,197,30,2.9,2.2,0,
5.7.2026,22:39:42.890,18383,27611,39.9,13244,19437,40.5,0.2,13312,23,1.334,1.337,1.331,1.331,1.337,1.337,1.331,1.331,1.331,4095.7,4117.6,4092.6,4092.6,4092.6,4092.6,4092.6,4092.6,4092.6,99.8,1143.2,3292.9,1862.3,3031.5,1135.1,1024.7,1819.3,1013.1,1120.4,309.5,410.6,713.7,741.0,548.2,570.6,259.2,439.9,1143.2,24.4,38.7,44.1,73.3,26.7,24.1,43.2,23.7,26.1,6.9,9.1,16.4,16.9,12.1,12.8,5.7,10.0,73.3,24.4,28.1,44.4,50.6,83.9,30.8,27.8,49.6,27.4,30.2,8.2,10.7,19.0,19.6,14.1,15.0,6.8,11.8,28.1,41.0,41.2,41.0,41.0,41.0,41.0,41.0,41.0,41.0,0.0,70.0,79.9,95.5,79.8,73.6,54.6,63.7,59.6,53.6,30.0,20.1,4.5,20.2,26.4,45.4,36.3,40.4,46.4,0.0,0.0,0.0,0.0,0.0,0.0,0.0,0.0,0.0,1197.8,12.00,16,16,16,39,55,661,1,69.6,69.2,69.2,64.7,67.2,68.7,66.9,65.1,62.4,63.3,62.5,62.0,60.4,60.7,60.0,53.5,49.8,1.350,1.025,1.356,13.833,11.820,13.828,63.039,39.877,3.830,5.211,6.302,4.603,3.771,2.428,3.147,2.826,2.355,18.759,12.163,30.922,40.000,1197.8,1197.8,4121.4,4126.7,4116.2,4126.7,45.5,23.0,70.0,72.9,61.0,No,No,No,1.463,0.422,5.6,48,95.0,100.0,No,No,91229,99001,32,99.0,No,No,3320,0.0,0.0,0.0,0.000,0.083,11115,9202,0.0,0.0,0.0,0.000,0.000,50,0,44.4,58.8,83.0,0.688,12.136,12.180,12.156,12.071,1128,36.366,13.616,15.727,4.507,32.310,23.551,8.737,0.336,15.727,21.417,2.770,11.081,220.000,240.000,915.0,1250.2,975.0,947.3,1050.0,36.0,10.0,0.0,3.0,30.9,4.9,19.5,0.0,0.0,0.0,33,Yes,No,No,No,No,Yes,No,16.9,20.1,0,0,0,0,0,0,0,0,0,12,0,0,0,0,0,0,0,0,0,0,0,0,0,0,0,0,0,0,0,0,5658,2534,2369,101,8.0,239.8,260.1,221.4,208.7,212.8,208.7,118.9,240.6,59.9,59.9,59.9,59.9,4.17,4.57,3.82,3.47,4.76,4.87,0.50,0.50,4.07,0.10,2.50,0,0,0.0,0.0,197,30,2.8,1.9,0,
5.7.2026,22:39:44.898,18373,27620,39.9,13240,19442,40.5,0.2,13312,23,1.343,1.350,1.331,1.331,1.331,1.350,1.350,1.350,1.350,4117.6,4117.6,4117.6,4117.6,4117.6,4117.6,4117.6,4117.6,4117.6,99.8,1107.8,3323.8,1764.7,2947.2,1020.4,1501.1,1282.1,1185.9,1017.6,282.5,351.0,796.6,650.0,521.9,517.3,246.9,315.6,1107.8,23.9,41.2,41.9,71.3,24.1,35.9,30.3,28.2,24.0,6.6,8.2,18.9,15.0,11.8,12.0,5.8,7.4,71.3,23.9,27.3,46.9,47.9,81.5,27.6,40.9,34.6,32.2,27.4,7.5,9.3,21.5,17.1,13.4,13.6,6.5,8.4,27.3,41.2,41.2,41.2,41.2,41.2,41.2,41.2,41.2,41.2,0.0,70.4,80.7,93.2,79.9,74.9,55.1,64.9,60.9,53.2,29.6,19.3,6.8,20.1,25.1,44.9,35.1,39.1,46.8,0.0,0.0,0.0,0.0,0.0,0.0,0.0,0.0,0.0,1197.8,12.00,16,16,16,39,55,661,1,69.5,68.8,68.5,64.5,67.1,68.2,66.4,65.1,62.2,63.1,62.3,61.7,60.3,60.7,60.0,53.5,49.9,1.362,1.019,1.363,13.631,11.816,13.634,63.289,39.664,3.755,5.190,6.010,4.484,3.812,2.382,3.133,2.770,2.259,18.462,12.156,30.618,39.695,1197.8,1197.8,4122.1,4124.7,4119.5,4126.3,45.1,22.7,70.3,72.4,61.2,No,No,No,1.382,0.340,5.6,48,95.0,100.0,No,No,91229,99001,32,99.0,No,No,3320,0.0,0.0,0.0,0.000,0.050,11115,9202,0.0,0.0,0.0,0.000,0.000,50,0,44.5,59.1,83.0,0.688,12.138,12.184,12.158,12.073,1132,37.019,13.618,15.912,4.569,32.765,23.904,8.840,0.336,15.912,21.756,1.942,10.240,220.000,240.000,975.0,1250.2,975.0,927.7,1050.0,40.0,12.0,0.0,2.0,30.9,5.5,22.2,0.0,0.0,0.0,33,Yes,No,No,No,No,Yes,No,17.1,21.7,0,0,0,0,0,0,0,0,0,12,0,0,0,0,0,0,0,0,0,0,0,0,0,0,0,0,0,0,0,0,5658,2534,2369,101,8.0,239.8,259.4,224.1,218.8,221.1,218.1,139.9,241.5,65.7,59.9,60.0,59.9,4.17,4.53,3.81,3.66,4.56,4.57,0.59,0.54,4.07,0.10,2.61,0,0,0.0,0.0,197,30,2.5,2.4,0,
5.7.2026,22:39:46.891,18326,27668,39.8,13201,19481,40.3,0.2,13312,23,1.343,1.337,1.344,1.344,1.344,1.344,1.344,1.344,1.344,3911.7,4117.6,4117.6,4117.6,4117.6,4117.6,3294.1,4117.6,3294.1,99.8,1127.5,3361.4,1876.0,2935.6,1068.5,1756.2,1032.3,1304.2,871.3,360.4,318.5,876.8,629.4,566.0,495.6,231.7,355.9,1127.5,24.3,40.8,44.7,71.0,25.3,42.2,24.4,31.2,20.4,8.5,7.3,20.8,14.6,12.8,11.4,5.4,8.4,71.0,24.3,27.8,46.6,51.1,81.2,29.0,48.1,27.8,35.6,23.3,9.7,8.4,23.7,16.6,14.6,13.1,6.1,9.5,27.8,39.2,41.2,41.2,41.2,41.2,41.2,33.0,41.2,33.0,0.0,70.5,81.6,94.0,80.3,75.3,54.7,65.2,60.1,52.7,29.5,18.4,6.0,19.7,24.7,45.3,34.8,39.9,47.3,0.0,0.0,0.0,0.0,0.0,0.0,0.0,0.0,0.0,1197.8,12.00,16,16,16,39,55,661,1,69.4,69.0,68.2,64.6,67.1,68.4,66.7,65.0,62.3,63.3,62.2,61.6,60.3,60.7,60.0,52.5,49.4,1.344,1.025,1.350,13.633,11.832,13.635,63.428,39.624,3.787,5.258,6.129,4.555,3.785,2.383,3.200,2.763,2.226,18.464,12.174,30.638,39.720,1197.8,1197.8,4120.1,4124.3,4115.9,4125.0,45.1,22.7,70.5,72.6,60.7,No,No,No,1.436,0.402,5.6,48,95.0,100.0,No,No,91229,99001,32,99.0,No,No,3320,0.0,0.1,0.1,0.000,0.116,11115,9202,0.0,0.0,0.0,0.000,0.000,50,0,44.5,59.0,83.0,0.688,12.142,12.188,12.161,12.076,1132,36.885,13.770,15.768,4.558,32.371,23.585,8.760,0.336,15.768,21.488,2.723,12.340,220.000,240.000,1005.0,1250.2,975.0,975.0,1050.0,38.0,11.0,0.0,3.0,30.9,5.1,20.4,0.0,0.0,0.0,33,Yes,No,No,No,No,Yes,No,16.9,20.3,0,0,0,0,0,0,0,0,0,12,0,0,0,0,0,0,0,0,0,0,0,0,0,0,0,0,0,0,0,0,5658,2534,2369,101,8.0,239.7,265.2,220.2,215.0,217.5,213.7,126.1,241.7,59.9,59.9,59.9,59.9,4.17,4.56,3.73,3.68,4.63,4.74,0.48,0.51,4.06,0.11,2.46,0,0,0.0,0.0,197,30,5.8,4.7,0,
5.7.2026,22:39:48.892,18320,27674,39.8,13201,19480,40.3,0.2,13312,23,1.350,1.350,1.350,1.350,1.350,1.350,1.350,1.350,1.350,4142.5,4142.5,4142.5,4142.5,4142.5,4142.5,4142.5,4142.5,4142.5,99.8,1155.3,3384.5,1926.8,2995.5,1074.5,1684.9,1152.6,1238.6,939.5,327.0,335.9,893.4,654.7,579.7,551.9,366.8,378.3,1155.3,25.1,41.8,46.2,72.6,25.5,40.5,27.3,29.7,22.1,7.7,7.8,21.3,15.2,13.3,12.9,8.8,8.9,72.6,25.1,28.6,47.5,52.6,83.0,29.1,46.1,31.2,33.8,25.1,8.7,8.8,24.1,17.3,15.1,14.6,9.9,10.1,28.6,41.5,41.5,41.5,41.5,41.5,41.5,41.5,41.5,41.5,0.0,70.6,82.2,94.4,80.5,74.3,54.7,65.3,59.8,53.8,29.4,17.8,5.6,19.5,25.7,45.3,34.7,40.2,46.2,0.0,0.0,0.0,0.0,0.0,0.0,0.0,0.0,0.0,1197.8,12.00,16,16,16,39,55,661,1,69.4,69.3,69.0,64.7,67.5,68.5,66.9,65.0,62.2,63.3,62.4,62.0,60.3,60.7,60.0,53.2,49.9,1.369,1.025,1.375,13.841,11.886,13.844,63.567,39.985,3.817,5.369,6.169,4.566,3.747,2.359,3.204,2.783,2.339,18.739,12.226,30.965,40.061,1197.8,1197.8,4119.3,4123.4,4115.1,4123.4,45.5,23.1,70.6,72.9,61.2,No,No,No,1.562,0.453,5.7,48,95.0,100.0,No,No,91229,99001,32,99.0,No,No,3320,0.2,1.0,1.2,0.252,7.701,11116,9217,0.0,0.0,0.0,0.000,0.000,50,0,44.5,59.1,83.0,0.688,12.141,12.187,12.160,12.076,1130,37.729,13.734,16.015,4.680,32.566,23.645,8.897,0.336,16.015,21.562,1.925,11.699,220.000,240.000,1065.0,1250.2,975.0,1021.4,1050.0,38.0,11.0,0.0,2.0,30.9,5.1,20.5,0.0,0.0,0.0,33,Yes,No,No,No,No,Yes,No,17.1,19.7,0,0,0,0,0,0,0,0,0,12,0,0,0,0,0,0,0,0,0,0,0,0,0,0,0,0,0,0,0,0,5658,2534,2369,101,8.0,239.8,261.6,222.8,209.2,215.3,206.8,127.6,241.8,59.9,59.9,59.9,59.9,4.17,4.57,3.76,3.55,4.71,4.92,0.54,0.51,4.07,0.10,2.56,0,0,0.0,0.0,197,30,2.2,1.3,0,
5.7.2026,22:39:50.898,18325,27669,39.8,13200,19481,40.3,0.2,13312,23,1.356,1.356,1.356,1.356,1.356,1.356,1.356,1.356,1.356,4142.5,4142.5,4142.5,4142.5,4142.5,4142.5,4142.5,4142.5,4142.5,99.8,1108.4,3300.2,1866.0,3107.1,898.5,1096.6,1699.6,1099.0,1012.4,279.2,359.4,766.8,706.6,507.0,500.5,226.0,310.4,1108.4,24.2,38.7,44.8,75.3,21.6,26.5,40.8,26.5,24.3,7.0,8.8,18.6,16.8,11.9,12.0,5.8,7.7,75.3,24.2,27.2,43.7,50.8,86.0,24.2,29.8,46.3,29.9,27.3,7.4,9.5,20.7,18.7,13.1,13.2,6.0,8.2,27.2,41.5,41.5,41.5,41.5,41.5,41.5,41.5,41.5,41.5,0.0,69.8,80.1,94.8,79.9,73.9,54.0,64.9,59.1,51.8,30.2,19.9,5.2,20.1,26.1,46.0,35.1,40.9,48.2,0.0,0.0,0.0,0.0,0.0,0.0,0.0,0.0,0.0,1197.8,12.00,16,16,16,39,55,661,1,69.2,68.8,68.2,64.4,66.8,68.3,66.4,64.9,62.1,63.1,62.2,61.6,60.2,60.6,59.9,52.5,49.7,1.362,1.044,1.375,13.583,11.844,13.581,62.853,39.581,3.744,5.096,6.136,4.498,3.751,2.357,3.148,2.747,2.219,18.408,12.185,30.592,39.665,1197.8,1197.8,4123.7,4127.6,4119.7,4127.6,45.1,22.6,69.8,72.4,61.3,No,No,No,1.408,0.394,5.6,48,95.0,100.0,No,No,91229,99001,32,99.0,No,No,3320,0.0,0.1,0.1,0.008,0.122,11116,9217,0.0,0.0,0.0,0.000,0.000,50,0,44.5,59.2,83.0,0.688,12.141,12.186,12.159,12.076,1129,37.288,13.659,15.608,4.667,32.405,23.717,8.671,0.336,15.608,21.790,1.891,11.899,220.000,240.000,1020.0,1250.2,975.0,1060.2,1050.0,37.0,12.0,0.0,2.0,30.9,5.1,20.6,0.0,0.0,0.0,33,Yes,No,No,No,No,Yes,No,17.0,21.6,0,0,0,0,0,0,0,0,0,12,0,0,0,0,0,0,0,0,0,0,0,0,0,0,0,0,0,0,0,0,5658,2534,2369,100,8.0,239.8,256.6,226.5,225.4,225.9,225.2,128.1,241.3,59.9,59.9,59.9,59.9,4.17,4.45,3.88,3.81,4.46,4.46,0.51,0.54,4.07,0.10,2.42,0,0,0.0,0.0,197,30,2.9,2.5,0,
5.7.2026,22:39:52.896,18320,27673,39.8,13197,19485,40.3,0.2,13312,23,1.338,1.344,1.337,1.337,1.337,1.337,1.337,1.337,1.337,4117.6,4117.6,4117.6,4117.6,4117.6,4117.6,4117.6,4117.6,4117.6,99.8,1082.0,3281.3,1595.2,3065.9,880.3,1174.0,1572.7,1133.4,1037.0,298.5,344.1,754.1,678.9,486.4,543.7,233.8,232.2,1082.0,23.1,42.0,37.5,74.0,20.8,27.6,37.5,27.2,24.1,6.5,7.5,17.4,15.3,10.5,12.1,5.0,4.8,74.0,23.1,26.7,48.2,43.2,84.8,23.6,31.9,42.7,30.8,27.9,8.0,9.1,20.2,17.9,12.5,14.3,6.3,6.1,26.7,41.2,41.2,41.2,41.2,41.2,41.2,41.2,41.2,41.2,0.0,69.4,79.6,94.0,79.5,73.8,54.3,64.0,59.0,51.2,30.6,20.4,6.0,20.5,26.2,45.7,36.0,41.0,48.8,0.0,0.0,0.0,0.0,0.0,0.0,0.0,0.0,0.0,1197.8,12.00,16,16,16,39,55,661,1,68.8,68.4,72.0,64.2,66.5,67.6,66.3,64.7,62.0,63.1,62.1,61.4,60.2,60.5,59.8,52.5,49.5,1.356,1.038,1.356,13.368,11.850,13.364,62.481,39.275,3.683,4.998,5.880,4.424,3.747,2.359,3.150,2.724,2.183,18.133,12.189,30.322,39.373,1197.8,1197.8,4125.2,4129.6,4120.8,4129.6,44.7,22.3,69.4,72.0,61.3,No,No,No,1.282,0.259,5.6,48,95.0,100.0,No,No,91229,99001,32,99.0,No,No,3320,0.0,0.0,0.0,0.000,0.040,11116,9217,0.0,0.0,0.0,0.000,0.000,50,0,44.5,58.9,83.0,0.688,12.139,12.185,12.159,12.074,1129,37.527,13.045,15.087,4.143,31.553,23.146,8.381,0.336,15.087,20.942,1.859,9.921,220.000,240.000,1020.0,1250.2,975.0,1010.2,1050.0,35.0,11.0,0.0,1.0,30.9,5.5,21.9,0.0,0.0,0.0,33,Yes,No,No,No,No,Yes,No,16.4,20.8,0,0,0,0,0,0,0,0,0,12,0,0,0,0,0,0,0,0,0,0,0,0,0,0,0,0,0,0,0,0,5658,2534,2369,100,8.0,239.7,257.1,221.8,220.7,221.0,220.6,140.6,241.5,79.8,79.8,79.8,79.8,4.17,4.52,3.83,3.75,4.58,4.61,0.59,0.50,4.07,0.10,2.10,0,0,0.0,0.0,197,30,2.3,2.1,0,
5.7.2026,22:39:54.898,18324,27669,39.8,13201,19481,40.3,0.2,13312,23,1.338,1.344,1.337,1.337,1.337,1.337,1.337,1.337,1.337,4114.5,4092.6,4117.6,4117.6,4117.6,4117.6,4117.6,4117.6,4117.6,99.8,1090.5,3249.7,1625.8,3058.4,946.5,1655.1,1080.7,1186.7,883.8,313.7,331.7,834.7,671.7,559.5,497.5,224.4,328.2,1090.5,23.9,40.9,38.9,74.1,22.1,40.1,25.4,28.2,21.1,7.9,8.2,20.4,16.0,13.3,12.0,5.8,8.2,74.1,23.9,26.9,46.2,44.0,84.6,25.5,45.3,29.2,32.4,23.6,8.4,8.7,22.6,17.7,14.6,13.1,6.0,8.7,26.9,41.2,41.0,41.2,41.2,41.2,41.2,41.2,41.2,41.2,0.0,69.5,78.9,94.1,78.9,73.1,54.2,65.2,59.9,52.0,30.5,21.1,5.9,21.1,26.9,45.8,34.8,40.1,48.0,0.0,0.0,0.0,0.0,0.0,0.0,0.0,0.0,0.0,1197.8,12.00,16,16,16,39,55,661,1,68.6,68.2,68.8,64.2,66.2,67.6,66.2,64.5,62.0,63.0,62.2,61.5,60.1,60.5,59.8,52.2,49.6,1.356,1.038,1.356,13.320,11.838,13.326,62.575,39.243,3.680,4.892,5.922,4.445,3.671,2.355,3.189,2.764,2.202,18.055,12.177,30.233,39.296,1197.8,1197.8,4123.2,4128.2,4118.2,4128.2,44.7,22.2,69.5,71.8,61.1,No,No,No,1.283,0.257,5.6,48,95.0,100.0,No,No,91229,99001,32,99.0,No,No,3320,0.0,0.1,0.1,0.000,0.124,11116,9217,0.0,0.0,0.0,0.000,0.000,50,0,44.5,59.1,83.0,0.688,12.135,12.180,12.155,12.071,1130,37.640,13.887,15.869,4.702,32.478,23.647,8.816,0.336,15.869,21.647,1.899,13.606,220.000,240.000,1035.0,1250.2,975.0,1025.2,1050.0,38.0,11.0,0.0,2.0,30.9,5.5,21.9,0.0,0.0,0.0,33,Yes,No,No,No,No,Yes,No,17.1,20.7,0,0,0,0,0,0,0,0,0,12,0,0,0,0,0,0,0,0,0,0,0,0,0,0,0,0,0,0,0,0,5658,2534,2369,100,8.0,239.8,267.6,219.4,205.2,212.0,201.8,141.0,242.3,59.9,59.8,59.8,59.8,4.17,4.60,3.72,3.35,4.78,5.06,0.53,0.55,4.07,0.10,1.96,0,0,0.0,0.0,197,30,2.7,1.9,0,
5.7.2026,22:39:56.889,18320,27674,39.8,13197,19484,40.3,0.2,13312,23,1.350,1.350,1.350,1.350,1.350,1.350,1.350,1.350,1.350,4117.6,4117.6,4117.6,4117.6,4117.6,4117.6,4117.6,4117.6,4117.6,99.8,1115.2,3324.7,1397.6,3067.6,872.3,1936.4,817.6,1388.5,819.0,328.1,340.6,941.1,622.1,590.4,532.6,447.8,417.3,1115.2,24.3,48.4,32.8,74.2,20.2,46.4,18.8,33.0,18.8,7.3,7.6,22.1,14.1,13.2,12.0,10.4,9.5,74.2,24.3,28.0,55.3,37.6,84.8,23.4,53.1,21.8,37.9,21.8,8.7,8.9,25.5,16.3,15.4,14.0,12.2,11.2,28.0,41.2,41.2,41.2,41.2,41.2,41.2,41.2,41.2,41.2,0.0,71.3,80.8,93.4,80.3,75.7,56.3,67.3,61.8,54.9,28.7,19.2,6.6,19.7,24.3,43.7,32.7,38.2,45.1,0.0,0.0,0.0,0.0,0.0,0.0,0.0,0.0,0.0,1197.8,12.00,16,16,16,39,55,661,1,76.4,68.9,67.5,64.5,66.6,67.7,66.0,64.8,62.2,63.3,62.5,62.7,60.2,60.5,59.9,53.5,50.0,1.362,1.038,1.363,13.699,11.852,13.700,64.183,39.688,3.773,5.007,5.863,4.405,3.802,2.384,3.234,2.872,2.614,18.528,12.194,30.722,39.783,1197.8,1197.8,4116.3,4119.7,4112.9,4119.7,45.2,22.8,71.3,72.5,61.2,No,No,No,1.316,0.262,5.7,48,95.0,100.0,No,No,91229,99001,32,99.0,No,No,3320,0.0,0.0,0.0,0.000,0.205,11116,9218,0.0,0.0,0.0,0.000,0.000,50,0,44.5,59.1,83.0,0.688,12.138,12.183,12.158,12.074,1130,37.239,13.932,16.125,4.678,32.802,23.833,8.958,0.336,16.125,21.689,2.038,12.732,220.000,240.000,1005.0,1250.2,975.0,1032.7,1050.0,38.0,11.0,0.0,2.0,30.9,5.3,21.1,0.0,0.0,0.0,33,Yes,No,No,No,No,Yes,No,17.2,19.3,0,0,0,0,0,0,0,0,0,12,0,0,0,0,0,0,0,0,0,0,0,0,0,0,0,0,0,0,0,0,5658,2534,2369,100,8.0,239.6,254.8,222.6,219.3,220.4,219.0,138.0,241.2,65.1,59.9,59.9,59.9,4.17,4.51,3.90,3.76,4.55,4.59,0.51,0.58,4.07,0.11,2.25,0,0,0.0,0.0,197,30,4.5,4.6,0,
5.7.2026,22:39:58.894,18322,27671,39.8,13201,19481,40.3,0.2,13312,23,1.326,1.331,1.325,1.325,1.325,1.325,1.325,1.325,1.325,4098.9,4117.6,4117.6,4092.6,4092.6,4092.6,4092.6,4092.6,4092.6,99.8,1121.2,3393.3,1234.5,3131.1,844.6,1711.7,1144.4,1090.9,1145.8,369.4,347.6,768.1,786.9,544.0,556.8,429.2,440.7,1121.2,25.2,55.0,29.3,75.8,20.2,41.2,27.2,26.2,27.2,9.1,8.3,18.5,18.6,12.8,13.2,10.6,10.7,75.8,25.2,28.4,62.5,33.0,86.4,22.7,46.7,30.7,29.5,30.6,9.8,9.0,20.6,20.7,14.1,14.5,11.6,11.7,28.4,41.1,41.2,41.2,41.0,41.0,41.0,41.0,41.0,41.0,0.0,72.1,82.4,93.4,81.0,76.2,57.8,67.2,62.0,56.9,27.9,17.6,6.6,19.0,23.8,42.2,32.8,38.0,43.1,0.0,0.0,0.0,0.0,0.0,0.0,0.0,0.0,0.0,1197.8,12.00,16,16,16,39,55,661,1,73.2,68.5,71.5,64.4,66.8,67.8,66.4,64.9,62.1,63.0,62.2,62.0,60.1,60.5,59.8,53.0,49.6,1.344,1.019,1.350,13.944,11.861,13.937,64.894,40.047,3.799,5.189,5.952,4.536,3.868,2.417,3.203,2.808,2.424,18.852,12.206,31.058,40.120,1197.8,1197.8,4117.5,4120.6,4114.4,4120.6,45.6,23.2,72.1,72.1,61.9,No,No,No,1.395,0.329,5.8,48,95.0,100.0,No,No,91229,99001,32,99.0,No,No,3320,0.0,0.1,0.1,0.000,0.091,11116,9218,0.0,0.0,0.0,0.000,0.000,50,0,44.3,58.7,83.0,0.688,12.138,12.184,12.158,12.073,1130,37.054,13.828,15.812,4.654,32.498,23.687,8.784,0.336,15.812,21.674,1.893,13.131,220.000,240.000,990.0,1250.2,975.0,981.0,1050.0,38.0,11.0,0.0,2.0,30.9,5.1,20.5,0.0,0.0,0.0,33,Yes,No,No,No,No,Yes,No,15.8,20.3,0,0,0,0,0,0,0,0,0,12,0,0,0,0,0,0,0,0,0,0,0,0,0,0,0,0,0,0,0,0,5658,2534,2369,100,8.0,239.8,259.4,223.8,218.3,221.1,217.0,119.4,241.2,59.9,59.9,59.9,59.9,4.17,4.50,3.80,3.75,4.53,4.59,0.52,0.55,4.07,0.10,2.39,0,0,0.0,0.0,197,30,2.5,2.4,0,
5.7.2026,22:40:0.893,18333,27661,39.8,13200,19481,40.3,0.2,13312,23,1.348,1.356,1.344,1.344,1.344,1.350,1.350,1.350,1.350,4126.9,4142.5,4142.5,4142.5,4117.6,4117.6,4117.6,4117.6,4117.6,99.8,1068.8,3346.5,1137.0,3530.2,661.5,1081.6,1625.7,851.9,1289.8,283.1,325.3,624.4,812.5,462.1,511.4,237.0,320.4,1068.8,23.8,54.9,26.9,85.7,15.4,25.8,38.9,20.1,30.8,6.7,7.0,14.6,19.2,10.3,12.0,5.6,7.6,85.7,23.8,27.3,62.6,30.7,98.0,17.6,29.5,44.4,22.9,35.2,7.6,8.8,16.6,21.9,11.8,13.7,6.4,8.7,27.3,41.3,41.5,41.5,41.5,41.2,41.2,41.2,41.2,41.2,0.0,70.0,81.3,96.6,78.4,74.0,54.3,64.8,59.0,51.9,30.0,18.7,3.4,21.6,26.0,45.7,35.2,41.0,48.1,0.0,0.0,0.0,0.0,0.0,0.0,0.0,0.0,0.0,1197.8,12.00,16,16,16,39,55,661,1,71.0,68.9,70.8,64.3,66.6,68.5,66.2,64.8,61.9,63.0,62.0,61.5,60.1,60.5,59.7,53.5,50.1,1.362,1.031,1.363,13.565,11.826,13.572,63.035,39.525,3.742,5.112,6.333,4.388,3.744,2.319,3.120,2.695,2.222,18.375,12.168,30.543,39.627,1197.8,1197.8,4121.2,4126.0,4116.4,4126.0,45.0,22.6,70.0,72.5,61.1,No,No,No,1.404,0.380,5.6,48,95.0,100.0,No,No,91229,99001,32,99.0,No,No,3320,0.0,0.0,0.0,0.000,0.037,11116,9218,0.0,0.0,0.0,0.000,0.000,50,0,44.3,58.7,83.0,0.688,12.141,12.186,12.160,12.076,1129,36.915,12.808,14.321,4.022,30.887,22.920,7.956,0.336,14.321,20.935,1.976,10.403,220.000,240.000,975.0,1250.2,975.0,981.8,1050.0,35.0,10.0,0.0,2.0,31.0,4.8,19.1,0.0,0.0,0.0,33,Yes,No,No,No,No,Yes,No,16.0,20.6,0,0,0,0,0,0,0,0,0,12,0,0,0,0,0,0,0,0,0,0,0,0,0,0,0,0,0,0,0,0,5654,2538,2373,101,8.0,239.8,263.3,219.6,215.3,216.9,214.8,126.6,241.4,59.9,59.9,59.9,59.9,4.17,4.56,3.79,3.72,4.62,4.68,0.50,0.56,4.07,0.10,2.89,0,0,0.0,0.0,197,30,3.1,2.2,0,
5.7.2026,22:40:2.894,18342,27652,39.8,13207,19475,40.4,0.2,13312,23,1.341,1.337,1.337,1.337,1.337,1.344,1.344,1.344,1.344,4092.6,4117.6,4092.6,4092.6,4117.6,4117.6,4067.7,4067.7,4067.7,99.8,1067.1,3394.6,1161.5,3376.1,671.1,1161.5,1510.7,856.5,1263.4,284.3,356.4,675.4,806.8,476.0,535.1,215.6,329.3,1067.1,23.4,56.1,27.0,81.8,15.1,27.2,35.6,19.7,29.7,6.1,8.5,15.4,18.6,10.2,12.0,4.5,7.2,81.8,23.4,27.1,64.3,31.2,93.6,17.8,31.6,41.0,23.0,34.3,7.5,9.4,18.0,21.6,12.2,14.2,5.7,8.8,27.1,41.0,41.2,41.0,41.0,41.2,41.2,40.8,40.8,40.8,0.0,70.2,82.4,95.5,78.3,74.3,54.8,64.8,59.5,52.2,29.8,17.6,4.5,21.7,25.7,45.2,35.2,40.5,47.8,0.0,0.0,0.0,0.0,0.0,0.0,0.0,0.0,0.0,1197.8,12.00,16,16,16,39,55,661,1,70.0,68.8,73.0,64.4,67.1,68.2,66.1,64.8,62.0,63.0,62.1,61.4,60.1,60.5,59.7,53.0,49.6,1.337,1.019,1.337,13.664,11.852,13.657,63.208,39.695,3.758,5.366,6.105,4.366,3.750,2.375,3.160,2.733,2.209,18.534,12.194,30.728,39.795,1197.8,1197.8,4124.5,4128.9,4120.2,4129.2,45.2,22.8,70.2,72.4,61.4,No,No,No,1.446,0.406,5.6,48,95.0,100.0,No,No,91229,99001,32,99.0,No,No,3320,0.0,0.0,0.0,0.000,0.012,11116,9218,0.0,0.0,0.0,0.000,0.000,50,0,44.3,58.9,83.0,0.688,12.142,12.188,12.161,12.077,1130,37.481,13.339,15.092,4.229,31.716,23.320,8.385,0.336,15.092,21.191,2.332,11.694,220.000,240.000,1005.0,1250.2,975.0,985.4,1050.0,38.0,11.0,0.0,2.0,30.8,5.3,21.0,0.0,0.0,0.0,33,Yes,No,No,No,No,Yes,No,16.5,19.8,0,0,0,0,0,0,0,0,0,12,0,0,0,0,0,0,0,0,0,0,0,0,0,0,0,0,0,0,0,0,5665,2527,2362,100,8.0,239.8,257.6,221.8,219.5,220.1,219.2,129.7,241.8,59.9,59.9,59.9,59.9,4.17,4.58,3.83,3.79,4.61,4.64,0.54,0.45,4.07,0.10,2.60,0,0,0.0,0.0,197,30,3.7,3.6,0,
5.7.2026,22:40:4.890,18329,27665,39.8,13213,19469,40.4,0.2,13312,23,1.338,1.337,1.337,1.337,1.337,1.337,1.337,1.337,1.337,4117.6,4117.6,4117.6,4117.6,4117.6,4117.6,4117.6,4117.6,4117.6,99.8,1061.0,3343.6,1154.7,3104.5,763.9,1304.4,1431.1,1045.2,1176.4,309.4,288.9,738.1,741.4,530.8,459.0,251.2,333.4,1061.0,23.8,53.8,27.5,75.0,18.2,31.1,34.4,25.0,28.1,7.6,7.0,17.6,17.5,12.2,10.8,6.1,8.1,75.0,23.8,26.8,61.2,31.1,85.7,20.5,35.3,39.0,28.3,31.8,8.3,7.7,19.8,19.7,13.6,12.0,6.7,8.9,26.8,41.2,41.2,41.2,41.2,41.2,41.2,41.2,41.2,41.2,0.0,70.2,81.2,92.8,79.4,75.4,55.0,65.6,60.0,52.3,29.8,18.8,7.2,20.6,24.6,45.0,34.4,40.0,47.7,0.0,0.0,0.0,0.0,0.0,0.0,0.0,0.0,0.0,1197.8,12.00,16,16,16,39,55,661,1,69.5,68.6,68.0,64.2,66.6,67.8,66.1,65.0,61.9,62.9,62.0,61.4,60.1,60.5,59.7,52.0,49.0,1.344,1.025,1.350,13.328,11.833,13.334,63.176,39.221,3.710,5.104,5.830,4.429,3.891,2.325,3.162,2.701,2.235,18.040,12.175,30.215,39.289,1197.8,1197.8,4122.0,4125.5,4118.6,4126.3,44.6,22.2,70.2,72.2,60.6,No,No,No,1.391,0.287,5.6,48,95.0,100.0,No,No,91229,99001,32,99.0,No,No,3320,0.1,0.0,0.1,0.261,0.124,11116,9218,0.0,0.0,0.0,0.000,0.000,50,0,44.4,58.9,83.0,0.688,12.137,12.181,12.157,12.072,1130,36.503,13.446,15.002,4.300,32.009,23.662,8.334,0.336,15.002,21.643,1.897,12.274,220.000,240.000,915.0,1250.2,975.0,961.6,1050.0,39.0,11.0,0.0,2.0,30.8,5.0,20.1,0.0,0.0,0.0,33,Yes,No,No,No,No,Yes,No,16.7,21.3,0,0,0,0,0,0,0,0,0,12,0,0,0,0,0,0,0,0,0,0,0,0,0,0,0,0,0,0,0,0,5665,2527,2362,100,8.0,239.7,256.6,221.2,219.9,220.5,219.6,137.5,241.9,65.1,59.8,59.9,59.8,4.17,4.56,3.84,3.60,4.59,4.60,0.53,0.51,4.07,0.10,2.76,0,0,0.0,0.0,197,30,2.4,1.8,0,
5.7.2026,22:40:6.894,18319,27674,39.8,13209,19473,40.4,0.2,13312,23,1.344,1.344,1.344,1.344,1.344,1.344,1.344,1.344,1.344,4117.6,4117.6,4117.6,4117.6,4117.6,4117.6,4117.6,4117.6,4117.6,99.8,1063.7,3402.2,1070.1,3083.1,875.3,1631.5,1116.6,1077.4,1133.0,332.2,284.8,852.6,618.6,591.0,417.8,239.7,293.7,1063.7,23.8,57.9,25.3,74.7,20.8,39.1,26.1,25.7,27.1,7.4,6.2,20.4,14.6,13.8,9.9,5.2,6.5,74.7,23.8,27.1,65.9,28.6,85.3,23.5,44.5,30.1,29.1,30.6,8.8,7.4,22.9,16.3,15.3,10.9,6.4,7.8,27.1,41.2,41.2,41.2,41.2,41.2,41.2,41.2,41.2,41.2,0.0,71.2,82.5,94.2,80.0,76.2,56.0,66.6,61.4,52.5,28.8,17.5,5.8,20.0,23.8,44.0,33.4,38.6,47.5,0.0,0.0,0.0,0.0,0.0,0.0,0.0,0.0,0.0,1197.8,12.00,16,16,16,39,55,661,1,69.2,68.3,67.2,64.2,66.6,67.7,66.1,64.7,62.0,62.9,62.1,61.3,60.1,60.4,59.7,53.8,50.1,1.350,1.031,1.350,13.669,11.875,13.672,64.055,39.720,3.712,5.172,5.841,4.427,3.816,2.352,3.153,2.759,2.176,18.499,12.217,30.715,39.782,1197.8,1197.8,4123.7,4125.2,4122.2,4125.2,45.2,22.8,71.2,71.9,62.1,No,No,No,1.335,0.287,5.7,48,95.0,100.0,No,No,91229,99001,32,99.0,No,No,3320,0.0,0.0,0.0,0.000,0.002,11116,9218,0.0,0.0,0.0,0.000,0.000,50,0,44.3,58.8,83.0,0.688,12.140,12.186,12.159,12.074,1129,36.517,13.197,14.451,4.180,31.639,23.593,8.028,0.336,14.451,21.711,1.902,11.680,220.000,240.000,930.0,1250.2,975.0,892.4,1050.0,39.0,11.0,0.0,2.0,30.8,5.4,21.4,0.0,0.0,0.0,33,Yes,No,No,No,No,Yes,No,16.4,20.2,0,0,0,0,0,0,0,0,0,12,0,0,0,0,0,0,0,0,0,0,0,0,0,0,0,0,0,0,0,0,5665,2527,2362,101,8.0,239.8,259.3,223.6,216.3,219.9,214.5,134.7,242.4,59.9,59.9,59.9,59.9,4.17,4.51,3.80,3.77,4.57,4.67,0.55,0.49,4.07,0.10,2.45,0,0,0.0,0.0,197,30,3.3,3.0,0,
5.7.2026,22:40:8.887,18321,27673,39.8,13217,19465,40.4,0.2,13312,23,1.342,1.350,1.344,1.344,1.344,1.344,1.337,1.337,1.337,4126.9,4117.6,4117.6,4117.6,4117.6,4117.6,4142.5,4142.5,4142.5,99.8,1092.3,3403.0,1195.6,3174.2,774.1,1698.5,1070.3,1122.4,1093.7,333.1,289.9,880.0,659.4,612.8,423.9,353.5,392.2,1092.3,24.4,55.1,28.1,76.8,18.0,40.6,25.8,26.5,25.8,8.4,7.2,20.7,15.2,13.9,9.6,8.9,9.8,76.8,24.4,27.7,63.0,32.2,87.8,20.8,46.5,28.9,30.4,29.5,8.9,7.6,23.7,17.4,16.0,11.1,9.5,10.5,27.7,41.3,41.2,41.2,41.2,41.2,41.2,41.5,41.5,41.5,0.0,71.6,82.6,94.0,80.7,75.9,55.9,67.4,61.4,55.2,28.4,17.4,6.0,19.3,24.1,44.1,32.6,38.6,44.8,0.0,0.0,0.0,0.0,0.0,0.0,0.0,0.0,0.0,1197.8,12.00,16,16,16,39,55,661,1,69.0,68.3,67.0,64.2,66.6,67.7,66.1,64.7,62.0,63.1,62.0,61.7,60.1,60.4,59.7,53.5,49.7,1.350,1.038,1.363,13.521,11.866,13.516,64.484,39.456,3.736,5.100,5.853,4.460,3.824,2.344,3.243,2.744,2.317,18.302,12.207,30.509,39.562,1197.8,1197.8,4121.4,4124.0,4118.8,4124.0,45.0,22.5,71.6,71.9,61.0,No,No,No,1.344,0.243,5.7,48,95.0,100.0,No,No,91229,99001,32,99.0,No,No,3320,0.0,0.1,0.1,0.008,0.096,11116,9218,0.0,0.0,0.0,0.000,0.000,50,0,44.3,59.1,83.0,0.688,12.137,12.181,12.157,12.072,1129,36.968,13.776,15.419,4.665,32.508,23.927,8.566,0.336,15.419,22.086,1.857,12.979,220.000,240.000,990.0,1250.2,975.0,948.7,1050.0,41.0,12.0,0.0,2.0,30.9,5.4,21.6,0.0,0.0,0.0,33,Yes,No,No,No,No,Yes,No,17.0,20.5,0,0,0,0,0,0,0,0,0,12,0,0,0,0,0,0,0,0,0,0,0,0,0,0,0,0,0,0,0,0,5665,2527,2363,101,8.0,239.7,261.7,219.9,201.4,211.0,196.6,154.4,242.4,68.3,59.9,59.9,59.9,4.17,4.54,3.83,3.36,4.75,5.11,0.61,0.54,4.07,0.10,2.44,0,0,0.0,0.0,197,30,2.6,1.9,0,
5.7.2026,22:40:10.895,18320,27674,39.8,13204,19478,40.4,0.2,13312,23,1.338,1.337,1.337,1.337,1.337,1.337,1.337,1.337,1.337,4117.6,4117.6,4117.6,4117.6,4117.6,4117.6,4117.6,4117.6,4117.6,99.8,1040.7,3325.5,1018.7,3188.1,760.2,1020.2,1650.1,907.4,1226.2,296.8,273.9,636.6,809.6,489.1,445.2,236.6,367.6,1040.7,22.8,54.8,23.6,76.9,17.4,23.8,39.2,21.0,29.3,6.5,5.8,14.4,18.6,10.6,9.8,5.0,8.2,76.9,22.8,26.4,62.8,27.3,88.2,20.3,27.6,45.0,24.4,33.2,7.9,7.2,16.9,21.6,12.6,11.7,6.3,9.9,26.4,41.2,41.2,41.2,41.2,41.2,41.2,41.2,41.2,41.2,0.0,69.5,80.7,94.0,78.4,74.5,53.5,64.8,58.1,51.7,30.5,19.3,6.0,21.6,25.5,46.5,35.2,41.9,48.3,0.0,0.0,0.0,0.0,0.0,0.0,0.0,0.0,0.0,1197.8,12.00,16,16,16,39,55,661,1,68.9,68.2,67.8,64.1,66.3,67.8,65.7,64.6,61.7,62.9,61.8,61.5,60.0,60.4,59.7,51.5,49.0,1.350,1.031,1.356,13.259,11.845,13.261,62.509,39.168,3.670,4.973,5.968,4.328,3.757,2.280,3.138,2.657,2.261,17.984,12.185,30.169,39.229,1197.8,1197.8,4124.5,4129.7,4119.2,4129.7,44.6,22.1,69.5,71.8,61.0,No,No,No,1.304,0.280,5.6,48,95.0,100.0,No,No,91229,99001,32,99.0,No,No,3320,0.0,1.8,1.8,0.016,7.392,11116,9233,0.0,0.0,0.0,0.000,0.000,50,0,44.2,58.6,83.0,0.688,12.143,12.189,12.162,12.078,1129,37.411,13.133,14.885,4.351,31.732,23.455,8.269,0.336,14.885,21.543,1.884,9.990,220.000,240.000,975.0,1250.2,975.0,990.0,1050.0,35.0,10.0,0.0,1.0,30.9,5.4,21.6,0.0,0.0,0.0,33,Yes,No,No,No,No,Yes,No,16.6,20.9,0,0,0,0,0,0,0,0,0,12,0,0,0,0,0,0,0,0,0,0,0,0,0,0,0,0,0,0,0,0,5665,2527,2363,101,8.0,239.8,257.4,222.1,214.6,218.6,212.5,140.5,241.4,59.9,59.9,59.9,59.9,4.17,4.57,3.86,3.71,4.64,4.76,0.53,0.65,4.07,0.10,2.16,0,0,0.0,0.0,197,30,2.8,1.9,0,
5.7.2026,22:40:12.889,18311,27683,39.8,13198,19484,40.3,0.2,13312,23,1.341,1.337,1.344,1.344,1.344,1.344,1.344,1.337,1.337,4117.6,4117.6,4117.6,4117.6,4117.6,4117.6,4117.6,4117.6,4117.6,99.8,1087.7,3360.0,1128.4,3055.8,790.8,1126.6,1623.6,884.1,1250.4,356.0,370.4,811.3,873.1,551.0,526.9,391.3,303.4,1087.7,24.6,55.5,27.0,74.1,19.0,27.1,39.1,21.2,29.5,8.8,9.2,19.6,20.9,13.0,12.7,9.8,7.5,74.1,24.6,27.7,63.0,30.3,84.4,21.2,30.5,44.3,23.8,33.9,9.5,9.9,21.8,23.4,14.3,14.0,10.6,8.0,27.7,41.2,41.2,41.2,41.2,41.2,41.2,41.2,41.2,41.2,0.0,70.9,81.7,92.5,79.7,75.1,56.2,68.1,60.2,53.7,29.1,18.3,7.5,20.3,24.9,43.8,31.9,39.8,46.3,0.0,0.0,0.0,0.0,0.0,0.0,0.0,0.0,0.0,1197.8,12.00,16,16,16,39,55,661,1,69.1,69.6,67.8,64.7,67.0,67.8,66.6,64.8,62.6,64.2,62.5,62.3,60.2,60.5,59.9,53.2,49.4,1.344,1.031,1.344,13.841,11.807,13.836,63.800,39.820,3.838,5.120,5.801,4.525,3.796,2.569,3.619,2.823,2.451,18.729,12.149,30.878,39.927,1197.8,1197.8,4118.1,4119.3,4116.8,4119.7,45.4,23.1,70.9,73.3,60.8,No,No,No,1.292,0.254,5.7,48,95.0,100.0,No,No,91229,99001,32,99.0,No,No,3320,0.0,0.1,0.1,0.000,0.083,11116,9233,0.0,0.0,0.0,0.000,0.000,50,0,44.2,58.6,83.0,0.688,12.137,12.181,12.157,12.073,1129,36.206,13.292,14.697,4.276,31.718,23.542,8.165,0.336,14.697,21.638,1.884,11.971,220.000,240.000,915.0,1250.2,975.0,922.6,1050.0,40.0,11.0,0.0,2.0,30.9,5.1,20.4,0.0,0.0,0.0,33,Yes,No,No,No,No,Yes,No,16.5,20.8,0,0,0,0,0,0,0,0,0,12,0,0,0,0,0,0,0,0,0,0,0,0,0,0,0,0,0,0,0,0,5665,2527,2363,101,8.0,239.7,256.9,225.5,222.7,223.7,222.5,146.7,241.9,79.9,62.1,68.5,59.9,4.17,4.45,3.86,3.71,4.50,4.55,0.51,0.53,4.07,0.10,2.67,0,0,0.0,0.0,197,30,2.9,2.4,0,
5.7.2026,22:40:14.892,18314,27680,39.8,13204,19477,40.4,0.2,13312,23,1.341,1.344,1.344,1.344,1.344,1.337,1.337,1.337,1.337,4117.6,4117.6,4117.6,4117.6,4117.6,4117.6,4117.6,4117.6,4117.6,99.8,1090.2,3382.5,1624.1,3184.2,736.3,1485.7,1312.3,1222.5,947.4,344.7,267.4,883.8,549.3,558.3,440.0,232.0,272.4,1090.2,23.4,44.2,38.6,77.1,17.1,35.3,31.1,28.8,22.2,7.8,6.0,20.7,12.6,12.4,10.0,5.2,6.2,77.1,23.4,26.9,50.6,44.1,88.1,19.7,40.5,35.6,33.1,25.5,9.1,7.1,23.7,14.6,14.4,11.6,6.1,7.3,26.9,41.2,41.2,41.2,41.2,41.2,41.2,41.2,41.2,41.2,0.0,70.7,82.1,93.9,80.6,75.7,55.3,65.6,60.5,51.9,29.3,17.9,6.1,19.4,24.3,44.7,34.4,39.5,48.1,0.0,0.0,0.0,0.0,0.0,0.0,0.0,0.0,0.0,1197.8,12.00,16,16,16,39,55,661,1,69.0,68.4,65.0,64.2,66.7,67.9,66.2,64.6,62.0,62.9,62.0,61.4,60.1,60.5,59.7,53.5,49.5,1.369,1.025,1.363,13.472,11.832,13.479,63.639,39.424,3.713,5.130,5.942,4.478,3.792,2.347,3.121,2.726,2.170,18.226,12.171,30.397,39.472,1197.8,1197.8,4121.2,4123.1,4119.3,4123.1,44.9,22.5,70.7,72.0,61.2,No,No,No,1.364,0.307,5.7,48,95.0,100.0,No,No,91229,99001,32,99.0,No,No,3320,0.0,0.0,0.0,0.000,0.067,11116,9233,0.0,0.0,0.0,0.000,0.000,50,0,44.2,58.7,83.0,0.688,12.142,12.187,12.161,12.076,1128,36.357,13.479,14.685,4.241,31.680,23.513,8.158,0.336,14.685,21.578,5.230,10.687,220.000,240.000,885.0,1250.2,975.0,907.6,1050.0,40.0,10.0,0.0,2.0,30.9,5.5,22.1,0.0,0.0,0.0,33,Yes,No,No,No,No,Yes,No,16.5,20.9,0,0,0,0,0,0,0,0,0,12,0,0,0,0,0,0,0,0,0,0,0,0,0,0,0,0,0,0,0,0,5665,2527,2363,101,8.0,239.8,263.0,222.2,215.8,218.5,214.8,131.8,241.5,59.9,59.9,59.9,59.9,4.17,4.52,3.75,3.66,4.60,4.64,0.54,0.52,4.07,0.10,2.48,0,0,0.0,0.0,197,30,2.2,1.9,0,
5.7.2026,22:40:16.890,18314,27680,39.8,13204,19477,40.4,0.2,13312,23,1.341,1.344,1.344,1.344,1.344,1.337,1.337,1.337,1.337,4120.7,4142.5,4117.6,4117.6,4117.6,4117.6,4117.6,4117.6,4117.6,99.8,1154.5,3483.3,1863.6,3178.8,800.3,1874.4,1024.3,1409.7,876.2,347.4,297.1,1062.5,598.5,664.9,493.1,246.5,250.6,1154.5,24.8,42.2,44.4,77.0,18.7,45.0,24.1,33.6,20.5,8.1,6.7,25.1,13.8,15.2,11.3,5.7,5.7,77.0,24.8,28.4,48.2,50.8,88.0,21.5,51.4,27.6,38.4,23.5,9.3,7.8,28.7,15.8,17.4,13.0,6.5,6.6,28.4,41.3,41.5,41.2,41.2,41.2,41.2,41.2,41.2,41.2,0.0,72.8,84.6,94.9,83.1,78.3,56.7,68.8,63.1,52.6,27.2,15.4,5.1,16.9,21.7,43.3,31.2,36.9,47.4,0.0,0.0,0.0,0.0,0.0,0.0,0.0,0.0,0.0,1197.8,12.00,16,16,16,39,55,661,1,68.9,68.7,69.5,64.5,67.0,68.0,66.7,65.0,62.2,63.2,62.3,61.6,60.3,60.7,59.9,52.8,49.5,1.369,1.031,1.363,13.782,11.868,13.777,65.497,39.810,3.819,5.308,5.927,4.623,3.932,2.363,3.333,2.875,2.193,18.639,12.210,30.849,39.915,1197.8,1197.8,4120.1,4122.7,4117.5,4122.7,45.4,23.0,72.8,72.3,60.8,No,No,No,1.401,0.293,5.8,48,95.0,100.0,No,No,91229,99001,32,99.0,No,No,3320,0.0,0.1,0.1,0.000,0.124,11116,9233,0.0,0.0,0.0,0.000,0.000,50,0,44.2,58.7,83.0,0.688,12.137,12.181,12.157,12.072,1128,36.299,13.494,15.036,4.324,32.228,23.854,8.353,0.336,15.036,21.852,1.895,12.021,220.000,240.000,855.0,1250.2,975.0,858.8,1050.0,38.0,11.0,0.0,2.0,30.9,5.4,21.7,0.0,0.0,0.0,33,Yes,No,No,No,No,Yes,No,16.8,21.0,0,0,0,0,0,0,0,0,0,12,0,0,0,0,0,0,0,0,0,0,0,0,0,0,0,0,0,0,0,0,5665,2527,2363,101,8.0,239.7,258.6,220.6,219.3,219.8,219.2,139.7,242.5,60.0,59.9,59.9,59.9,4.17,4.61,3.71,3.62,4.73,4.91,0.54,0.51,4.07,0.10,2.55,0,0,0.0,0.0,197,30,5.9,2.5,0,
5.7.2026,22:40:18.897,18316,27678,39.8,13204,19477,40.4,0.2,13312,23,1.338,1.337,1.344,1.337,1.337,1.337,1.337,1.337,1.337,4117.6,4117.6,4117.6,4117.6,4117.6,4117.6,4117.6,4117.6,4117.6,99.8,1104.1,3351.5,1610.4,3295.7,751.8,1794.5,886.9,1372.7,760.5,385.6,235.1,975.3,463.3,616.4,404.9,398.9,361.4,1104.1,24.0,44.3,38.3,79.9,17.6,43.0,20.9,32.8,17.9,9.1,5.3,23.1,10.6,14.1,9.3,9.5,8.5,79.9,24.0,27.4,50.6,43.8,91.3,20.2,49.1,23.9,37.4,20.4,10.4,6.2,26.4,12.1,16.2,10.7,10.8,9.7,27.4,41.2,41.2,41.2,41.2,41.2,41.2,41.2,41.2,41.2,0.0,70.1,81.4,95.1,79.0,74.3,53.7,64.8,59.5,53.1,29.9,18.6,4.9,21.0,25.7,46.3,35.2,40.5,46.9,0.0,0.0,0.0,0.0,0.0,0.0,0.0,0.0,0.0,1197.8,12.00,16,16,16,39,55,661,1,68.9,68.6,68.0,64.2,66.5,68.0,66.0,64.6,62.0,62.9,62.0,61.6,60.1,60.4,59.8,53.0,49.5,1.350,1.031,1.356,13.454,11.844,13.458,63.093,39.422,3.704,5.080,6.044,4.337,3.720,2.337,3.105,2.724,2.288,18.234,12.185,30.420,39.488,1197.8,1197.8,4122.9,4126.5,4119.4,4127.3,44.9,22.4,70.1,72.2,61.3,No,No,No,1.373,0.297,5.6,48,95.0,100.0,No,No,91229,99001,32,99.0,No,No,3320,0.0,0.0,0.0,0.000,0.049,11116,9233,0.0,0.0,0.0,0.000,0.000,50,0,44.2,58.9,83.0,0.688,12.137,12.182,12.156,12.072,1131,36.642,13.463,15.352,4.519,32.457,23.915,8.529,0.336,15.352,21.957,1.941,10.268,220.000,240.000,945.0,1250.2,975.0,945.0,1050.0,34.0,10.0,0.0,2.0,30.9,5.3,21.3,0.0,0.0,0.0,33,Yes,No,No,No,No,Yes,No,17.0,20.5,0,0,0,0,0,0,0,0,0,12,0,0,0,0,0,0,0,0,0,0,0,0,0,0,0,0,0,0,0,0,5665,2527,2363,101,8.0,239.7,255.8,224.0,222.2,222.8,222.0,132.7,241.9,59.9,59.9,59.9,59.9,4.17,4.47,3.87,3.70,4.49,4.50,0.52,0.51,4.07,0.11,2.25,0,0,0.0,0.0,197,30,7.9,12.9,0,
5.7.2026,22:40:20.891,18314,27679,39.8,13202,19479,40.3,0.2,13312,23,1.338,1.337,1.344,1.337,1.337,1.337,1.337,1.337,1.337,4117.6,4117.6,4117.6,4117.6,4117.6,4117.6,4117.6,4117.6,4117.6,99.8,1073.6,3318.5,1723.9,3270.5,689.3,1292.5,1370.1,1149.1,913.8,303.9,266.8,852.8,606.2,501.6,430.7,206.4,281.6,1073.6,23.3,41.1,41.3,79.2,16.4,31.1,32.8,27.5,21.8,7.4,6.4,20.3,14.3,11.6,10.2,5.1,6.9,79.2,23.3,26.4,46.8,47.0,90.6,18.5,35.3,37.2,31.2,24.6,8.1,7.0,23.0,16.0,13.0,11.4,5.5,7.5,26.4,41.2,41.2,41.2,41.2,41.2,41.2,41.2,41.2,41.2,0.0,68.8,80.4,94.7,78.8,73.2,52.4,64.5,58.0,48.7,31.2,19.6,5.3,21.2,26.8,47.6,35.5,42.0,51.3,0.0,0.0,0.0,0.0,0.0,0.0,0.0,0.0,0.0,1197.8,12.00,16,16,16,39,55,661,1,68.8,68.4,66.8,64.0,66.5,68.0,65.8,64.5,61.7,62.9,61.7,61.3,60.0,60.3,59.7,52.2,49.1,1.344,1.019,1.350,13.372,11.821,13.370,61.935,39.305,3.670,5.091,6.037,4.324,3.675,2.276,3.152,2.656,2.152,18.170,12.160,30.330,39.387,1197.8,1197.8,4131.5,4134.3,4128.7,4134.3,44.8,22.3,68.8,72.0,61.7,No,No,No,1.353,0.314,5.5,48,95.0,100.0,No,No,91229,99001,32,99.0,No,No,3320,0.0,0.1,0.1,0.002,0.110,11116,9233,0.0,0.0,0.0,0.000,0.000,50,0,44.2,58.8,83.0,0.688,12.136,12.180,12.156,12.072,1129,37.236,13.204,14.804,4.361,31.825,23.588,8.224,0.336,14.804,21.722,1.949,10.428,220.000,240.000,945.0,1250.2,975.0,930.0,1050.0,40.0,12.0,0.0,2.0,30.9,5.7,22.9,0.0,0.0,0.0,33,Yes,No,No,No,No,Yes,No,16.6,21.0,0,0,0,0,0,0,0,0,0,12,0,0,0,0,0,0,0,0,0,0,0,0,0,0,0,0,0,0,0,0,5665,2527,2363,101,8.0,239.7,259.5,222.7,220.2,221.1,219.9,138.9,241.5,65.4,59.8,59.9,59.8,4.17,4.52,3.82,3.76,4.58,4.62,0.54,0.55,4.07,0.10,2.22,0,0,0.0,0.0,197,30,2.5,2.8,0,
5.7.2026,22:40:22.895,18317,27677,39.8,13203,19479,40.3,0.2,13312,23,1.342,1.344,1.337,1.337,1.344,1.344,1.344,1.344,1.344,4117.6,4117.6,4117.6,4117.6,4117.6,4117.6,4117.6,4117.6,4117.6,99.8,1076.5,3324.4,1667.2,3190.2,736.8,1169.7,1579.1,1143.4,942.4,322.0,271.6,795.0,590.7,527.3,432.4,284.8,247.7,1076.5,23.4,42.1,39.8,77.2,17.4,27.9,37.7,27.3,22.4,7.7,6.5,18.9,13.9,12.1,10.2,6.9,6.0,77.2,23.4,26.5,48.0,45.4,88.3,19.7,31.7,43.0,31.0,25.4,8.5,7.2,21.4,15.6,13.6,11.4,7.7,6.6,26.5,41.2,41.2,41.2,41.2,41.2,41.2,41.2,41.2,41.2,0.0,69.4,80.6,93.3,79.2,74.2,53.7,63.9,59.1,51.2,30.6,19.4,6.7,20.8,25.8,46.3,36.1,40.9,48.8,0.0,0.0,0.0,0.0,0.0,0.0,0.0,0.0,0.0,1197.8,12.00,16,16,16,39,55,661,1,68.5,68.3,67.5,64.0,66.4,67.6,66.1,64.5,61.8,62.7,61.9,61.2,60.0,60.4,59.7,53.5,50.0,1.350,1.025,1.356,13.410,11.807,13.408,62.437,39.314,3.678,5.069,5.902,4.459,3.740,2.303,3.077,2.691,2.186,18.187,12.145,30.331,39.386,1197.8,1197.8,4126.4,4128.8,4123.9,4130.0,44.8,22.3,69.4,71.9,61.6,No,No,No,1.330,0.285,5.6,48,95.0,100.0,No,No,91229,99001,32,99.0,No,No,3320,0.0,0.0,0.0,0.000,0.024,11116,9234,0.0,0.0,0.0,0.000,0.000,50,0,44.2,58.7,83.0,0.688,12.137,12.182,12.157,12.073,1130,36.331,13.431,15.065,4.349,31.986,23.602,8.369,0.336,15.065,21.601,3.936,10.004,220.000,240.000,930.0,1250.2,975.0,945.0,1050.0,36.0,10.0,0.0,2.0,30.9,5.3,21.1,0.0,0.0,0.0,33,Yes,No,No,No,No,Yes,No,16.8,20.7,0,0,0,0,0,0,0,0,0,12,0,0,0,0,0,0,0,0,0,0,0,0,0,0,0,0,0,0,0,0,5665,2527,2363,101,8.0,239.7,261.7,220.6,211.4,216.5,208.8,134.9,243.0,59.9,59.9,59.9,59.9,4.17,4.60,3.76,3.54,4.67,4.81,0.50,0.64,4.07,0.10,2.26,0,0,0.0,0.0,197,30,2.7,2.4,0,
5.7.2026,22:40:24.885,18314,27680,39.8,13202,19480,40.3,0.2,13312,23,1.341,1.325,1.337,1.344,1.344,1.344,1.344,1.344,1.344,4117.6,4117.6,4117.6,4117.6,4117.6,4117.6,4117.6,4117.6,4117.6,99.8,1085.5,3354.1,1700.4,3158.6,768.6,1386.6,1363.2,1189.6,959.1,302.9,259.7,877.4,545.2,539.0,386.4,303.1,274.7,1085.5,23.4,41.0,40.5,76.5,18.0,33.0,32.7,28.3,22.6,7.2,6.1,20.7,12.7,12.2,8.9,7.2,6.5,76.5,23.4,26.6,46.8,46.3,87.4,20.5,37.6,37.2,32.3,25.7,8.1,6.8,23.5,14.4,13.9,10.1,8.1,7.3,26.6,41.2,41.2,41.2,41.2,41.2,41.2,41.2,41.2,41.2,0.0,70.4,81.3,93.5,80.4,75.6,54.4,65.8,59.7,52.1,29.6,18.7,6.5,19.6,24.4,45.6,34.2,40.3,47.9,0.0,0.0,0.0,0.0,0.0,0.0,0.0,0.0,0.0,1197.8,12.00,16,16,16,39,55,661,1,68.4,68.2,68.8,64.0,66.4,67.7,66.0,64.5,61.7,62.8,61.7,61.3,60.0,60.4,59.6,53.5,50.3,1.344,1.038,1.350,13.522,11.839,13.520,63.329,39.444,3.694,5.117,5.946,4.446,3.794,2.295,3.114,2.642,2.197,18.315,12.181,30.497,39.560,1197.8,1197.8,4124.6,4126.5,4122.7,4126.5,45.0,22.5,70.4,71.8,61.8,No,No,No,1.372,0.331,5.6,48,95.0,100.0,No,No,91229,99001,32,99.0,No,No,3320,0.0,0.0,0.0,0.000,0.069,11116,9234,0.0,0.0,0.0,0.000,0.000,50,0,44.2,58.9,83.0,0.688,12.138,12.184,12.158,12.072,1129,37.211,13.748,15.857,4.764,32.608,23.781,8.809,0.336,15.857,21.850,1.864,11.755,220.000,240.000,930.0,1250.2,975.0,926.2,1050.0,38.0,11.0,0.0,2.0,30.9,5.8,23.1,0.0,0.0,0.0,33,Yes,No,No,No,No,Yes,No,17.1,21.0,0,0,0,0,0,0,0,0,0,12,0,0,0,0,0,0,0,0,0,0,0,0,0,0,0,0,0,0,0,0,5665,2527,2363,101,8.0,239.8,257.2,222.1,217.9,220.0,217.1,135.5,242.0,59.9,59.9,59.9,59.9,4.17,4.52,3.83,3.67,4.60,4.66,0.56,0.66,4.07,0.10,2.60,0,0,0.0,0.0,197,30,2.6,1.9,0,
5.7.2026,22:40:26.894,18318,27676,39.8,13203,19479,40.3,0.2,13312,23,1.343,1.337,1.344,1.344,1.344,1.344,1.344,1.344,1.344,4117.6,4117.6,4117.6,4117.6,4117.6,4117.6,4117.6,4117.6,4117.6,99.8,1202.2,3401.0,1771.3,3273.5,809.7,1826.2,1098.4,1445.5,900.0,414.3,332.6,1065.9,641.1,687.8,531.9,508.0,528.2,1202.2,26.1,44.2,42.1,79.3,19.0,43.7,25.7,34.2,21.0,9.5,7.4,25.1,14.6,15.6,12.1,11.7,12.3,79.3,26.1,30.1,50.7,48.3,90.6,22.0,50.1,29.7,39.3,24.4,11.2,8.9,28.9,17.1,18.2,14.2,13.8,14.3,30.1,41.2,41.2,41.2,41.2,41.2,41.2,41.2,41.2,41.2,0.0,72.3,82.7,94.8,81.0,76.5,55.8,68.1,62.0,57.3,27.7,17.3,5.2,19.0,23.5,44.2,31.9,38.0,42.7,0.0,0.0,0.0,0.0,0.0,0.0,0.0,0.0,0.0,1197.8,12.00,16,16,16,39,55,661,1,68.8,69.2,67.2,64.7,66.8,68.0,66.4,65.0,62.3,63.6,62.5,62.9,60.2,60.5,59.8,53.0,49.4,1.337,1.025,1.350,14.101,11.872,14.106,65.046,40.314,3.865,5.183,5.909,4.516,3.878,2.429,3.298,2.900,2.805,19.077,12.215,31.292,40.370,1197.8,1197.8,4115.9,4118.3,4113.6,4118.3,45.9,23.5,72.3,72.8,61.5,No,No,No,1.418,0.329,5.8,48,95.0,100.0,No,No,91229,99001,32,99.0,No,No,3320,0.0,0.0,0.0,0.000,0.114,11116,9234,0.0,0.0,0.0,0.000,0.000,50,0,44.2,58.7,83.0,0.688,12.139,12.185,12.158,12.074,1130,36.882,13.458,15.563,4.569,32.352,23.689,8.646,0.336,15.563,21.695,1.986,10.179,220.000,240.000,945.0,1250.2,975.0,945.0,1050.0,39.0,11.0,0.0,2.0,30.9,5.6,22.3,0.0,0.0,0.0,33,Yes,No,No,No,No,Yes,No,16.9,21.2,0,0,0,0,0,0,0,0,0,12,0,0,0,0,0,0,0,0,0,0,0,0,0,0,0,0,0,0,0,0,5665,2527,2363,101,8.0,239.8,263.4,219.2,213.7,216.3,212.5,138.9,241.2,59.9,59.7,59.8,59.7,4.17,4.60,3.78,3.63,4.66,4.72,0.59,0.51,4.07,0.10,2.83,0,0,0.0,0.0,197,30,3.5,3.2,0,
5.7.2026,22:40:28.888,18317,27677,39.8,13206,19476,40.4,0.2,13312,23,1.342,1.337,1.350,1.350,1.350,1.337,1.337,1.337,1.337,4133.2,4142.5,4117.6,4117.6,4117.6,4142.5,4142.5,4142.5,4142.5,99.8,1153.8,3442.0,1916.4,3196.7,799.3,1834.9,1035.7,1398.8,819.4,381.9,316.5,1050.0,544.1,612.8,394.1,354.7,362.9,1153.8,25.1,41.6,46.0,77.5,19.1,44.2,24.7,33.5,19.4,9.3,7.6,25.1,12.8,14.2,9.3,8.7,8.8,77.5,25.1,28.4,47.3,52.3,88.5,21.5,50.2,27.9,38.0,21.9,10.2,8.4,28.4,14.3,15.8,10.3,9.5,9.7,28.4,41.4,41.5,41.2,41.2,41.2,41.5,41.5,41.5,41.5,0.0,71.9,83.6,94.3,81.6,76.0,56.6,67.8,61.2,54.4,28.1,16.4,5.7,18.4,24.0,43.4,32.2,38.8,45.6,0.0,0.0,0.0,0.0,0.0,0.0,0.0,0.0,0.0,1197.8,12.00,16,16,16,39,55,661,1,68.8,68.6,67.2,64.4,67.1,67.9,66.5,64.8,62.1,63.2,62.0,61.6,60.2,60.5,59.8,53.2,50.0,1.350,1.025,1.363,13.945,11.873,13.946,64.754,40.091,3.809,5.382,5.992,4.583,3.831,2.406,3.262,2.728,2.287,18.865,12.216,31.081,40.167,1197.8,1197.8,4120.9,4122.7,4119.1,4122.7,45.6,23.2,71.9,72.2,61.7,No,No,No,1.504,0.443,5.8,48,95.0,100.0,No,No,91229,99001,32,99.0,No,No,3320,0.0,0.0,0.0,0.000,0.052,11116,9234,0.0,0.0,0.0,0.000,0.000,50,0,44.2,58.6,83.0,0.688,12.139,12.186,12.159,12.074,1130,37.335,13.567,15.515,4.679,32.319,23.689,8.619,0.336,15.515,21.819,1.909,11.272,220.000,240.000,945.0,1250.2,975.0,930.0,1050.0,39.0,11.0,0.0,3.0,30.9,5.4,21.5,0.0,0.0,0.0,33,Yes,No,No,No,No,Yes,No,17.0,19.6,0,0,0,0,0,0,0,0,0,12,0,0,0,0,0,0,0,0,0,0,0,0,0,0,0,0,0,0,0,0,5665,2527,2363,101,8.0,239.7,259.6,225.3,219.5,222.2,218.4,120.4,241.9,62.4,59.9,59.9,59.9,4.17,4.49,3.83,3.77,4.54,4.58,0.53,0.50,4.07,0.11,2.79,0,0,0.0,0.0,197,30,8.2,4.0,0,
5.7.2026,22:40:30.888,18318,27676,39.8,13201,19480,40.3,0.2,13312,23,1.335,1.344,1.331,1.331,1.331,1.331,1.337,1.337,1.337,4117.6,4117.6,4117.6,4117.6,4117.6,4117.6,4117.6,4117.6,4117.6,99.8,1083.5,3422.6,1190.7,3243.0,751.2,1347.2,1488.3,1059.0,1094.4,355.7,273.4,790.0,702.0,569.1,493.6,277.0,278.8,1083.5,23.7,54.3,27.7,78.4,17.4,31.8,35.4,24.8,25.7,8.0,6.0,18.2,16.1,12.6,11.2,6.2,6.2,78.4,23.7,27.4,62.1,32.0,89.7,20.1,36.6,40.6,28.6,29.6,9.5,7.1,21.1,18.7,14.7,13.0,7.4,7.4,27.4,41.2,41.2,41.2,41.2,41.2,41.2,41.2,41.2,41.2,0.0,71.1,83.0,94.2,80.9,75.1,55.7,66.4,61.0,52.1,28.9,17.0,5.8,19.1,24.9,44.3,33.6,39.0,47.9,0.0,0.0,0.0,0.0,0.0,0.0,0.0,0.0,0.0,1197.8,12.00,16,16,16,39,55,661,1,68.9,68.7,66.8,64.3,66.9,67.8,66.5,64.7,62.0,62.8,62.1,61.3,60.1,60.4,59.7,52.8,49.8,1.362,1.031,1.363,13.502,11.843,13.495,63.954,39.414,3.760,5.261,5.989,4.560,3.744,2.377,3.157,2.776,2.213,18.289,12.182,30.472,39.536,1197.8,1197.8,4123.0,4124.4,4121.7,4124.7,44.9,22.5,71.1,72.3,60.6,No,No,No,1.427,0.373,5.7,48,95.0,100.0,No,No,91229,99001,32,99.0,No,No,3320,0.1,1.3,1.4,0.080,7.649,11116,9249,0.0,0.0,0.0,0.000,0.000,50,0,44.2,58.8,83.0,0.688,12.138,12.183,12.157,12.073,1133,37.191,13.760,15.768,4.739,32.533,23.747,8.760,0.336,15.768,21.833,1.893,12.227,220.000,240.000,945.0,1250.2,975.0,960.0,1050.0,39.0,11.0,0.0,2.0,30.9,5.4,21.7,0.0,0.0,0.0,33,Yes,No,No,No,No,Yes,No,17.1,21.3,0,0,0,0,0,0,0,0,0,12,0,0,0,0,0,0,0,0,0,0,0,0,0,0,0,0,0,0,0,0,5664,2528,2363,101,8.0,239.8,263.2,222.0,207.4,213.9,205.2,128.2,241.5,63.4,59.9,59.9,59.9,4.17,4.57,3.78,3.56,4.68,4.92,0.56,0.50,4.07,0.10,2.33,0,0,0.0,0.0,197,30,2.9,2.2,0,
5.7.2026,22:40:32.891,18333,27660,39.8,13213,19469,40.4,0.2,13312,23,1.356,1.356,1.356,1.356,1.356,1.356,1.356,1.356,1.356,4142.5,4142.5,4142.5,4142.5,4142.5,4142.5,4142.5,4142.5,4142.5,99.8,1055.6,3306.7,1151.3,3296.7,692.4,1019.2,1702.5,872.6,1217.5,309.0,297.0,702.7,755.2,510.1,470.2,319.1,267.5,1055.6,23.4,51.9,27.2,79.7,16.3,24.2,40.7,20.6,29.0,7.3,7.0,16.6,17.8,11.6,11.1,7.7,6.3,79.7,23.4,26.7,59.3,31.0,91.2,18.5,27.6,46.5,23.4,33.0,8.2,7.9,18.8,20.2,13.2,12.5,8.6,7.1,26.7,41.5,41.5,41.5,41.5,41.5,41.5,41.5,41.5,41.5,0.0,69.2,80.1,94.2,78.1,73.4,53.3,64.6,58.4,51.4,30.8,19.9,5.8,21.9,26.6,46.7,35.4,41.6,48.6,0.0,0.0,0.0,0.0,0.0,0.0,0.0,0.0,0.0,1197.8,12.00,16,16,16,39,55,661,1,76.4,69.0,72.5,64.2,66.7,68.2,66.2,64.8,61.8,63.0,61.9,61.4,60.0,60.4,59.6,53.0,49.6,1.362,1.019,1.369,13.607,11.797,13.615,62.275,39.634,3.738,5.087,6.201,4.425,3.772,2.327,3.164,2.714,2.218,18.470,12.137,30.607,39.682,1197.8,1197.8,4128.8,4131.5,4126.0,4131.5,45.1,22.7,69.2,72.6,61.5,No,No,No,1.364,0.325,5.5,48,95.0,100.0,No,No,91229,99001,32,99.0,No,No,3320,0.0,0.1,0.1,0.008,0.153,11116,9249,0.0,0.0,0.0,0.000,0.000,50,0,44.0,58.5,83.0,0.688,12.133,12.178,12.153,12.069,1131,35.910,13.175,14.737,4.250,31.671,23.462,8.187,0.336,14.737,21.515,2.762,10.095,220.000,240.000,840.0,1250.2,975.0,885.1,1050.0,36.0,9.0,0.0,2.0,30.9,4.7,18.9,0.0,0.0,0.0,33,Yes,No,No,No,No,Yes,No,16.5,21.4,0,0,0,0,0,0,0,0,0,12,0,0,0,0,0,0,0,0,0,0,0,0,0,0,0,0,0,0,0,0,5660,2532,2368,102,8.0,239.8,260.0,225.2,218.1,220.7,217.7,113.7,242.1,59.9,59.9,59.9,59.9,4.17,4.48,3.78,3.77,4.53,4.62,0.56,0.48,4.07,0.10,2.93,0,0,0.0,0.0,197,30,2.4,2.3,0,
5.7.2026,22:40:34.892,18340,27654,39.8,13220,19462,40.4,0.2,13312,23,1.343,1.344,1.337,1.337,1.337,1.337,1.337,1.356,1.356,4142.5,4142.5,4142.5,4142.5,4142.5,4142.5,4142.5,4142.5,4142.5,99.8,1044.5,3300.4,1060.3,3281.5,775.1,1220.1,1534.3,882.3,1219.3,327.1,267.1,719.6,668.8,531.7,436.2,219.5,268.5,1044.5,23.6,54.0,25.3,79.5,18.6,29.3,37.0,21.2,29.3,8.1,6.7,17.3,16.1,12.5,10.6,4.8,6.7,79.5,23.6,26.5,61.4,28.5,90.9,20.8,33.1,41.9,23.7,33.1,8.7,7.0,19.2,17.8,13.7,11.5,5.8,7.1,26.5,41.5,41.5,41.5,41.5,41.5,41.5,41.5,41.5,41.5,0.0,68.2,80.0,94.8,78.5,72.8,51.1,62.7,57.0,48.5,31.8,20.0,5.2,21.5,27.2,48.9,37.3,43.0,51.5,0.0,0.0,0.0,0.0,0.0,0.0,0.0,0.0,0.0,1197.8,12.00,16,16,16,39,55,661,1,73.2,68.5,72.5,64.1,66.4,68.1,66.1,64.7,61.7,62.7,61.9,61.1,60.0,60.4,59.7,52.5,49.4,1.356,1.025,1.363,13.457,11.799,13.453,61.357,39.295,3.703,5.083,6.206,4.470,3.716,2.274,3.057,2.700,2.116,18.258,12.138,30.397,39.454,1197.8,1197.8,4127.9,4131.5,4124.4,4131.5,44.8,22.4,68.2,72.1,61.5,No,No,No,1.366,0.339,5.5,48,95.0,100.0,No,No,91229,99001,32,99.0,No,No,3320,0.0,0.0,0.1,0.008,0.109,11116,9249,0.0,0.0,0.0,0.000,0.000,50,0,43.9,58.2,83.0,0.688,12.137,12.183,12.156,12.072,1129,35.948,12.859,14.257,3.972,30.974,23.045,7.920,0.336,14.257,21.038,1.896,10.892,220.000,240.000,765.0,1250.2,975.0,800.3,1050.0,34.0,8.0,0.0,2.0,30.9,5.0,19.9,0.0,0.0,0.0,33,Yes,No,No,No,No,Yes,No,16.0,19.9,0,0,0,0,0,0,0,0,0,12,0,0,0,0,0,0,0,0,0,0,0,0,0,0,0,0,0,0,0,0,5660,2532,2368,102,8.0,239.8,260.8,220.5,217.6,218.3,217.4,105.4,241.3,59.9,59.8,59.9,59.8,4.17,4.57,3.82,3.67,4.61,4.65,0.63,0.55,4.07,0.10,2.05,0,0,0.0,0.0,197,30,2.7,1.4,0,
5.7.2026,22:40:36.894,18336,27658,39.8,13217,19465,40.4,0.2,13312,23,1.343,1.337,1.344,1.344,1.344,1.344,1.344,1.344,1.344,4139.4,4117.6,4142.5,4142.5,4142.5,4142.5,4142.5,4142.5,4142.5,99.8,1050.6,3300.0,1099.7,3439.7,644.5,1566.7,1127.5,1027.4,1038.6,308.2,274.5,829.4,637.2,512.4,413.1,277.2,313.2,1050.6,23.0,52.4,25.5,83.0,14.6,37.2,26.4,23.9,24.2,6.7,5.9,19.1,14.4,11.2,9.1,6.8,6.9,83.0,23.0,26.7,60.2,29.6,95.2,17.3,42.9,30.6,27.8,28.1,8.2,7.3,22.4,17.0,13.4,10.9,7.5,8.4,26.7,41.5,41.2,41.5,41.5,41.5,41.5,41.5,41.5,41.5,0.0,68.8,80.0,95.0,78.1,73.4,52.2,64.2,57.1,50.2,31.2,20.0,5.0,21.9,26.6,47.8,35.8,42.9,49.8,0.0,0.0,0.0,0.0,0.0,0.0,0.0,0.0,0.0,1197.8,12.00,16,16,16,39,55,661,1,70.9,68.7,68.2,64.2,66.6,68.2,65.9,64.7,61.8,62.9,61.9,61.3,60.0,60.4,59.7,54.0,49.7,1.375,1.019,1.375,13.639,11.812,13.641,61.892,39.717,3.713,5.124,6.206,4.357,3.704,2.282,3.159,2.669,2.204,18.516,12.149,30.665,39.734,1197.8,1197.8,4129.0,4132.1,4126.0,4132.1,45.2,22.7,68.8,72.3,62.1,No,No,No,1.404,0.355,5.5,48,95.0,100.0,No,No,91229,99001,32,99.0,No,No,3320,0.0,0.0,0.0,0.000,0.069,11116,9249,0.0,0.0,0.0,0.000,0.000,50,0,44.0,58.7,83.0,0.688,12.133,12.178,12.153,12.069,1131,36.211,13.446,14.912,4.201,31.767,23.474,8.284,0.336,14.912,21.396,4.281,10.897,220.000,240.000,735.0,1250.2,975.0,738.8,1050.0,39.0,9.0,0.0,2.0,30.9,5.6,22.2,0.0,0.0,0.0,33,Yes,No,No,No,No,Yes,No,16.5,20.1,0,0,0,0,0,0,0,0,0,12,0,0,0,0,0,0,0,0,0,0,0,0,0,0,0,0,0,0,0,0,5660,2532,2368,102,8.0,239.7,256.3,225.6,216.5,220.6,214.9,112.2,242.1,59.9,59.9,59.9,59.9,4.17,4.50,3.84,3.77,4.57,4.62,0.59,0.56,4.07,0.10,2.58,0,0,0.0,0.0,197,30,2.5,2.4,0,
5.7.2026,22:40:38.888,18339,27655,39.8,13220,19462,40.4,0.2,13312,23,1.348,1.344,1.375,1.375,1.337,1.337,1.337,1.337,1.337,4117.6,4117.6,4117.6,4117.6,4117.6,4117.6,4117.6,4117.6,4117.6,99.8,1110.3,3350.6,1152.9,3303.8,773.7,1784.5,1107.9,1113.8,1073.8,383.8,322.1,849.9,641.5,594.6,432.2,521.7,357.1,1110.3,24.9,52.9,27.4,80.2,18.3,42.8,26.6,26.5,25.6,9.3,7.7,20.2,15.2,13.8,10.2,12.7,8.6,80.2,24.9,28.2,60.3,31.0,91.5,20.7,48.7,30.0,30.0,29.0,10.3,8.5,22.9,17.0,15.5,11.4,14.2,9.5,28.2,41.2,41.2,41.2,41.2,41.2,41.2,41.2,41.2,41.2,0.0,71.0,81.4,94.7,80.9,74.8,55.3,65.6,59.6,55.7,29.0,18.6,5.3,19.1,25.2,44.7,34.4,40.4,44.3,0.0,0.0,0.0,0.0,0.0,0.0,0.0,0.0,0.0,1197.8,12.00,16,16,16,39,55,661,1,70.2,68.8,69.0,64.4,66.6,68.3,66.5,64.9,62.1,63.0,62.1,61.8,60.1,60.5,59.8,52.8,49.2,1.356,1.031,1.363,13.853,11.847,13.853,63.903,39.912,3.791,5.036,6.179,4.639,3.826,2.388,3.139,2.744,2.378,18.757,12.190,30.947,40.020,1197.8,1197.8,4121.0,4124.3,4117.8,4124.3,45.5,23.1,71.0,72.4,61.7,No,No,No,1.445,0.344,5.7,48,95.0,100.0,No,No,91229,99001,32,99.0,No,No,3320,0.0,0.1,0.1,0.008,0.208,11116,9250,0.0,0.0,0.0,0.000,0.000,50,0,43.9,58.4,83.0,0.688,12.137,12.183,12.156,12.072,1126,35.987,13.143,14.818,4.227,31.606,23.360,8.232,0.336,14.818,21.361,1.886,10.786,220.000,240.000,750.0,1250.2,975.0,742.5,1050.0,36.0,8.0,0.0,2.0,30.9,5.3,21.2,0.0,0.0,0.0,33,Yes,No,No,No,No,Yes,No,16.4,18.6,0,0,0,0,0,0,0,0,0,12,0,0,0,0,0,0,0,0,0,0,0,0,0,0,0,0,0,0,0,0,5659,2533,2368,102,8.0,239.8,257.7,224.9,214.7,220.0,212.1,107.4,241.6,59.8,59.8,59.8,59.8,4.17,4.48,3.83,3.67,4.59,4.73,0.57,0.55,4.06,0.11,2.45,0,0,0.0,0.0,197,30,2.4,2.1,0,
5.7.2026,22:40:40.899,18344,27649,39.8,13220,19462,40.4,0.2,13312,23,1.351,1.356,1.350,1.350,1.350,1.350,1.350,1.350,1.350,4120.7,4142.5,4117.6,4117.6,4117.6,4117.6,4117.6,4117.6,4117.6,99.8,1102.6,3371.3,1300.3,3351.0,760.3,1180.4,1577.5,909.3,1305.3,336.9,322.8,754.1,767.6,528.6,491.8,387.1,297.6,1102.6,24.6,51.5,31.0,81.3,18.0,28.2,37.9,21.7,31.3,8.1,7.8,17.9,18.1,12.2,11.7,9.4,7.1,81.3,24.6,27.8,58.7,35.2,92.8,20.4,32.0,43.0,24.5,35.5,9.0,8.5,20.2,20.5,13.6,13.0,10.5,7.9,27.8,41.3,41.5,41.2,41.2,41.2,41.2,41.2,41.2,41.2,0.0,70.4,81.8,95.3,79.3,74.6,54.5,64.9,59.0,53.4,29.6,18.2,4.7,20.7,25.4,45.5,35.1,41.0,46.6,0.0,0.0,0.0,0.0,0.0,0.0,0.0,0.0,0.0,1197.8,12.00,16,16,16,39,55,661,1,69.5,68.8,69.0,64.3,66.4,68.3,66.1,64.8,61.9,63.0,62.1,61.5,60.1,60.4,59.7,50.5,48.9,1.369,1.031,1.369,13.608,11.852,13.610,63.323,39.624,3.750,4.991,6.205,4.491,3.790,2.345,3.178,2.718,2.279,18.417,12.192,30.608,39.682,1197.8,1197.8,4120.6,4124.5,4116.6,4124.5,45.1,22.7,70.4,72.4,61.2,No,No,No,1.438,0.336,5.6,48,95.0,100.0,No,No,91229,99001,32,99.0,No,No,3320,0.0,0.0,0.0,0.000,0.046,11116,9250,0.0,0.0,0.0,0.000,0.000,50,0,43.9,58.3,83.0,0.688,12.140,12.187,12.160,12.074,1129,35.408,12.670,14.025,3.973,31.019,23.207,7.792,0.336,14.025,21.306,2.023,8.994,220.000,240.000,675.0,1250.2,975.0,699.1,1050.0,38.0,8.0,0.0,2.0,30.9,5.4,21.4,0.0,0.0,0.0,33,Yes,No,No,No,No,Yes,No,16.6,20.1,0,0,0,0,0,0,0,0,0,12,0,0,0,0,0,0,0,0,0,0,0,0,0,0,0,0,0,0,0,0,5659,2533,2368,102,8.0,239.7,258.1,222.6,201.5,212.7,196.2,106.6,240.8,59.9,59.8,59.9,59.8,4.17,4.57,3.84,3.48,4.76,5.14,0.60,0.60,4.07,0.10,2.54,0,0,0.0,0.0,197,30,2.6,1.9,0,
5.7.2026,22:40:42.890,18344,27650,39.8,13225,19457,40.4,0.2,13312,23,1.340,1.375,1.344,1.344,1.331,1.331,1.331,1.331,1.331,4123.8,4167.5,4117.6,4117.6,4117.6,4117.6,4117.6,4117.6,4117.6,99.8,1094.6,3312.9,1131.6,3353.0,730.2,1074.4,1622.9,875.3,1236.1,317.5,409.0,732.9,782.1,529.6,480.2,370.4,555.1,1094.6,24.4,53.7,26.7,81.3,17.0,25.4,38.7,20.5,29.4,7.3,9.6,17.2,18.3,12.0,11.1,8.7,13.2,81.3,24.4,27.9,61.2,30.5,92.9,19.6,29.1,44.2,23.6,33.6,8.5,11.0,19.7,21.0,13.8,12.8,10.0,15.1,27.9,41.3,41.8,41.2,41.2,41.2,41.2,41.2,41.2,41.2,0.0,69.5,80.6,94.8,77.6,73.2,54.1,64.1,57.6,54.4,30.5,19.4,5.2,22.4,26.8,45.9,35.9,42.4,45.6,0.0,0.0,0.0,0.0,0.0,0.0,0.0,0.0,0.0,1197.8,12.00,16,16,16,39,55,661,1,69.9,70.0,69.0,64.7,67.0,68.3,66.3,65.0,62.3,63.5,62.4,63.2,60.1,60.5,59.8,52.5,49.4,1.362,1.031,1.369,14.161,11.785,14.155,62.592,40.256,3.871,5.219,6.194,4.425,3.768,2.504,3.208,2.757,2.893,19.188,12.126,31.314,40.370,1197.8,1197.8,4116.1,4120.3,4111.8,4120.6,45.9,23.6,69.5,73.7,61.8,No,No,No,1.386,0.337,5.6,48,95.0,100.0,No,No,91229,99001,32,99.0,No,No,3320,0.0,0.0,0.0,0.000,0.008,11116,9250,0.0,0.0,0.0,0.000,0.000,50,0,43.9,58.5,83.0,0.688,12.138,12.185,12.158,12.073,1131,35.652,13.220,14.544,4.228,31.611,23.518,8.079,0.336,14.544,21.644,1.970,11.730,220.000,240.000,705.0,1250.2,975.0,689.2,1050.0,40.0,9.0,0.0,2.0,30.9,5.5,22.2,0.0,0.0,0.0,33,Yes,No,No,No,No,Yes,No,16.2,19.7,0,0,0,0,0,0,0,0,0,12,0,0,0,0,0,0,0,0,0,0,0,0,0,0,0,0,0,0,0,0,5659,2533,2368,102,8.0,239.7,259.1,223.3,215.2,217.8,215.1,107.9,240.6,59.9,59.9,59.9,59.9,4.17,4.57,3.81,3.69,4.61,4.64,0.68,0.42,4.07,0.10,2.46,0,0,0.0,0.0,197,30,2.2,1.9,0,
5.7.2026,22:40:44.895,18338,27656,39.8,13216,19466,40.4,0.2,13312,23,1.334,1.350,1.337,1.331,1.331,1.331,1.331,1.331,1.331,4092.6,4092.6,4092.6,4092.6,4092.6,4092.6,4092.6,4092.6,4092.6,99.8,1072.3,3354.6,1146.3,3411.4,663.2,1254.9,1455.4,994.4,1160.8,346.6,281.6,744.8,761.6,554.8,496.6,279.0,250.3,1072.3,24.0,53.5,27.2,82.6,15.7,29.8,35.1,23.5,27.7,8.4,6.8,17.8,18.1,12.8,11.8,6.8,6.0,82.6,24.0,27.1,61.0,30.8,94.4,17.7,33.9,39.9,26.7,31.4,9.2,7.4,20.0,20.4,14.4,13.2,7.5,6.6,27.1,41.0,41.0,41.0,41.0,41.0,41.0,41.0,41.0,41.0,0.0,69.9,81.4,95.1,79.0,74.5,53.6,65.0,59.8,50.9,30.1,18.6,4.9,21.0,25.5,46.4,35.0,40.2,49.1,0.0,0.0,0.0,0.0,0.0,0.0,0.0,0.0,0.0,1197.8,12.00,16,16,16,39,55,661,1,69.6,68.7,68.5,64.2,66.7,68.1,66.1,64.7,61.8,62.9,62.2,61.3,60.0,60.4,59.7,52.5,49.6,1.356,1.031,1.356,13.599,11.827,13.604,62.911,39.627,3.767,5.206,6.220,4.483,3.774,2.323,3.161,2.777,2.190,18.445,12.168,30.614,39.691,1197.8,1197.8,4126.7,4130.7,4122.7,4130.7,45.1,22.7,69.9,72.3,61.0,No,No,No,1.405,0.346,5.6,48,95.0,100.0,No,No,91229,99001,32,99.0,No,No,3320,0.0,0.0,0.0,0.000,0.008,11116,9250,0.0,0.0,0.0,0.000,0.000,50,0,43.9,58.3,83.0,0.688,12.137,12.183,12.157,12.072,1128,36.023,13.450,14.864,4.361,31.779,23.504,8.257,0.336,14.864,21.617,2.165,12.754,220.000,240.000,750.0,1250.2,975.0,735.7,1050.0,37.0,8.0,0.0,2.0,30.9,5.5,21.9,0.0,0.0,0.0,33,Yes,No,No,No,No,Yes,No,16.6,19.9,0,0,0,0,0,0,0,0,0,12,0,0,0,0,0,0,0,0,0,0,0,0,0,0,0,0,0,0,0,0,5659,2533,2368,102,8.0,239.8,262.8,219.6,205.2,212.8,201.4,112.8,242.1,59.9,59.9,59.9,59.9,4.17,4.59,3.79,3.46,4.75,5.02,0.58,0.54,4.07,0.10,2.52,0,0,0.0,0.0,197,30,2.2,2.2,0,
5.7.2026,22:40:46.883,18350,27644,39.8,13229,19452,40.4,0.2,13312,23,1.339,1.312,1.337,1.344,1.344,1.344,1.344,1.344,1.344,4089.5,4067.7,4092.6,4092.6,4092.6,4092.6,4092.6,4092.6,4092.6,99.8,1088.0,3323.8,1387.2,3450.0,658.8,1532.8,1159.3,1011.4,1054.6,376.7,352.6,789.6,592.8,555.4,461.6,344.3,357.3,1088.0,23.6,48.4,32.6,83.5,15.1,36.4,27.2,23.7,24.7,8.5,7.9,18.2,13.5,12.3,10.4,7.8,8.0,83.5,23.6,27.3,55.4,37.5,95.6,17.6,41.8,31.3,27.4,28.5,10.1,9.3,21.1,15.7,14.4,12.2,9.3,9.5,27.3,41.0,40.8,41.0,41.0,41.0,41.0,41.0,41.0,41.0,0.0,69.8,80.7,95.8,78.5,73.3,54.4,63.8,58.8,53.2,30.2,19.3,4.2,21.5,26.7,45.6,36.2,41.2,46.8,0.0,0.0,0.0,0.0,0.0,0.0,0.0,0.0,0.0,1197.8,12.00,16,16,16,39,55,661,1,69.6,68.8,72.5,64.3,66.5,68.4,66.1,64.6,62.0,62.8,62.1,61.6,60.0,60.4,59.7,51.8,49.5,1.344,1.038,1.356,13.810,11.852,13.802,62.829,39.861,3.768,5.146,6.311,4.429,3.701,2.420,3.054,2.740,2.343,18.721,12.193,30.914,39.973,1197.8,1197.8,4123.2,4126.6,4119.8,4126.9,45.4,23.0,69.8,72.5,61.9,No,No,No,1.419,0.340,5.6,48,95.0,100.0,No,No,91229,99001,32,99.0,No,No,3320,0.0,0.1,0.1,0.008,0.149,11116,9250,0.0,0.0,0.0,0.000,0.000,50,0,43.8,58.1,83.0,0.688,12.137,12.182,12.157,12.071,1133,35.418,12.842,13.965,4.020,31.000,23.226,7.758,0.336,13.965,21.395,2.320,10.440,220.000,240.000,765.0,1250.2,975.0,733.6,1050.0,37.0,8.0,0.0,2.0,30.9,5.3,21.3,0.0,0.0,0.0,33,Yes,No,No,No,No,Yes,No,16.1,20.0,0,0,0,0,0,0,0,0,0,12,0,0,0,0,0,0,0,0,0,0,0,0,0,0,0,0,0,0,0,0,5659,2533,2368,102,8.0,239.8,261.2,222.7,222.1,222.3,222.1,110.3,240.5,59.9,59.9,59.9,59.9,4.17,4.55,3.80,3.76,4.58,4.60,0.59,0.59,4.06,0.11,2.42,0,0,0.0,0.0,197,30,3.3,2.0,0,
5.7.2026,22:40:48.888,18341,27653,39.8,13217,19465,40.4,0.2,13312,23,1.342,1.337,1.337,1.344,1.344,1.344,1.344,1.344,1.344,4117.6,4117.6,4117.6,4117.6,4117.6,4117.6,4117.6,4117.6,4117.6,99.8,1146.1,3352.0,1752.7,3346.9,861.3,1804.7,981.7,1253.6,907.6,404.9,283.1,918.7,531.2,647.5,464.1,390.7,436.2,1146.1,24.9,42.7,41.7,81.1,20.3,43.3,23.2,29.8,21.4,9.6,6.6,21.8,12.2,14.9,10.8,9.3,10.4,81.1,24.9,28.4,48.7,47.6,92.7,23.2,49.4,26.4,34.0,24.4,10.8,7.4,24.8,13.9,17.0,12.2,10.5,11.8,28.4,41.2,41.2,41.2,41.2,41.2,41.2,41.2,41.2,41.2,0.0,70.9,81.3,96.3,79.5,74.3,54.9,64.4,60.7,55.6,29.1,18.7,3.7,20.5,25.7,45.1,35.6,39.3,44.4,0.0,0.0,0.0,0.0,0.0,0.0,0.0,0.0,0.0,1197.8,12.00,16,16,16,39,55,661,1,69.5,69.1,69.8,64.5,66.6,68.7,66.2,65.1,62.1,63.0,62.4,61.9,60.2,60.5,59.8,53.5,49.8,1.362,1.019,1.356,13.843,11.853,13.850,63.801,40.010,3.830,5.154,6.404,4.504,3.839,2.388,3.127,2.839,2.385,18.762,12.195,30.958,40.042,1197.8,1197.8,4122.5,4126.4,4118.7,4126.4,45.5,23.1,70.9,72.7,61.1,No,No,No,1.432,0.336,5.7,48,95.0,100.0,No,No,91229,99001,32,99.0,No,No,3320,0.0,0.0,0.0,0.000,0.036,11116,9250,0.0,0.0,0.0,0.000,0.000,50,0,43.8,58.3,83.0,0.688,12.138,12.183,12.158,12.073,1133,35.747,12.708,14.048,4.045,31.088,23.277,7.804,0.336,14.048,21.425,1.877,9.127,220.000,240.000,720.0,1250.2,975.0,765.0,1050.0,39.0,8.0,0.0,2.0,30.9,5.0,19.9,0.0,0.0,0.0,33,Yes,No,No,No,No,Yes,No,16.1,19.5,0,0,0,0,0,0,0,0,0,12,0,0,0,0,0,0,0,0,0,0,0,0,0,0,0,0,0,0,0,0,5659,2533,2368,102,8.0,239.7,263.8,222.7,214.3,218.4,212.2,110.2,241.3,59.9,59.8,59.8,59.8,4.17,4.54,3.74,3.64,4.63,4.75,0.58,0.52,4.07,0.10,2.49,0,0,0.0,0.0,197,30,8.0,38.7,0,
5.7.2026,22:40:50.895,18349,27645,39.8,13229,19453,40.4,0.2,13312,23,1.349,1.344,1.350,1.350,1.350,1.350,1.350,1.350,1.350,4139.4,4117.6,4142.5,4142.5,4142.5,4142.5,4142.5,4142.5,4142.5,99.8,1110.9,3334.2,1708.0,3315.5,828.4,1261.8,1421.9,1181.7,931.4,341.2,313.3,885.8,605.9,604.3,411.1,241.0,388.6,1110.9,24.1,42.7,40.7,80.3,19.5,30.0,33.9,28.1,21.9,8.0,7.2,21.0,14.1,13.8,9.4,5.6,9.1,80.3,24.1,27.5,48.8,46.5,91.8,22.3,34.3,38.7,32.1,25.1,9.2,8.3,23.9,16.1,15.8,10.8,6.4,10.5,27.5,41.5,41.2,41.5,41.5,41.5,41.5,41.5,41.5,41.5,0.0,69.3,80.9,95.4,77.8,73.9,52.9,64.0,57.9,52.0,30.7,19.1,4.6,22.2,26.1,47.1,36.0,42.1,48.0,0.0,0.0,0.0,0.0,0.0,0.0,0.0,0.0,0.0,1197.8,12.00,16,16,16,39,55,661,1,69.5,69.2,73.8,64.4,67.1,68.5,66.3,64.8,62.0,63.1,62.2,61.6,60.1,60.5,59.8,53.2,49.7,1.344,1.038,1.344,13.752,11.834,13.748,62.405,39.791,3.792,5.307,6.301,4.443,3.725,2.349,3.185,2.743,2.285,18.659,12.174,30.833,39.897,1197.8,1197.8,4125.1,4129.5,4120.7,4129.5,45.3,22.9,69.3,72.8,61.3,No,No,No,1.421,0.334,5.5,48,95.0,100.0,No,No,91229,99001,32,99.0,No,No,3320,0.1,1.4,1.6,0.081,7.958,11117,9265,0.0,0.0,0.0,0.000,0.000,50,0,43.7,58.2,83.0,0.688,12.136,12.181,12.156,12.071,1130,35.595,13.182,14.546,4.227,31.691,23.600,8.081,0.336,14.546,21.716,1.854,11.228,220.000,240.000,690.0,1250.2,975.0,703.5,1050.0,38.0,8.0,0.0,2.0,30.9,5.5,21.8,0.0,0.0,0.0,33,Yes,No,No,No,No,Yes,No,16.5,21.3,0,0,0,0,0,0,0,0,0,12,0,0,0,0,0,0,0,0,0,0,0,0,0,0,0,0,0,0,0,0,5659,2533,2368,102,8.0,239.8,261.5,220.2,216.4,217.7,216.2,106.0,240.7,59.9,59.8,59.9,59.8,4.17,4.59,3.84,3.69,4.60,4.62,0.62,0.58,4.06,0.11,2.43,0,0,0.0,0.0,198,30,4.6,21.7,0,
5.7.2026,22:40:52.897,18346,27648,39.8,13223,19458,40.4,0.2,13312,23,1.355,1.350,1.356,1.356,1.356,1.356,1.356,1.356,1.356,3935.4,4142.5,4142.5,4142.5,4142.5,3314.0,4142.5,4142.5,3314.0,99.8,1101.9,3310.9,1646.0,3145.2,949.5,1113.5,1566.9,1023.8,1109.5,352.2,325.4,853.1,620.6,572.1,482.7,243.6,314.9,1101.9,23.8,42.8,39.1,76.1,22.3,26.3,37.2,24.1,26.2,8.1,7.4,20.1,14.3,12.9,11.0,5.5,7.2,76.1,23.8,27.3,48.9,44.8,87.1,25.7,30.2,42.6,27.7,30.0,9.4,8.6,23.0,16.4,14.9,12.7,6.5,8.4,27.3,39.4,41.5,41.5,41.5,41.5,33.2,41.5,41.5,33.2,0.0,69.4,80.3,95.6,78.5,73.8,53.4,64.2,58.8,50.6,30.6,19.7,4.4,21.5,26.2,46.6,35.8,41.2,49.4,0.0,0.0,0.0,0.0,0.0,0.0,0.0,0.0,0.0,1197.8,12.00,16,16,16,39,55,661,1,69.5,69.0,69.8,64.2,66.5,68.4,66.1,64.7,61.9,62.9,62.1,61.3,60.0,60.3,59.6,52.8,49.2,1.344,1.038,1.356,13.569,11.819,13.575,62.447,39.557,3.755,5.112,6.310,4.405,3.756,2.367,3.128,2.766,2.198,18.385,12.159,30.544,39.620,1197.8,1197.8,4122.2,4127.8,4116.7,4127.8,45.0,22.6,69.4,72.6,61.0,No,No,No,1.389,0.350,5.6,48,95.0,100.0,No,No,91229,99001,32,99.0,No,No,3320,0.0,0.0,0.0,0.000,0.049,11117,9266,0.0,0.0,0.0,0.000,0.000,50,0,44.0,58.5,83.0,0.688,12.137,12.181,12.157,12.073,1129,36.631,13.787,15.972,4.970,32.764,23.868,8.873,0.336,15.972,22.086,1.837,11.197,220.000,240.000,870.0,1250.2,975.0,745.3,1050.0,39.0,10.0,0.0,2.0,30.9,6.2,24.8,0.0,0.0,0.0,33,Yes,No,No,No,No,Yes,No,17.3,21.4,0,0,0,0,0,0,0,0,0,12,0,0,0,0,0,0,0,0,0,0,0,0,0,0,0,0,0,0,0,0,5659,2533,2368,102,8.0,239.7,266.6,215.3,214.1,214.4,213.9,111.5,240.7,59.9,59.9,59.9,59.8,4.17,4.68,3.77,3.66,4.73,4.76,0.66,0.57,4.07,0.11,2.59,0,0,0.0,0.0,198,30,2.8,1.7,0,
5.7.2026,22:40:54.884,18347,27647,39.8,13225,19457,40.4,0.2,13312,23,1.373,1.363,1.375,1.375,1.375,1.375,1.375,1.375,1.375,4164.4,4142.5,4167.5,4167.5,4167.5,4167.5,4167.5,4167.5,4167.5,99.8,1112.4,3324.8,1777.3,3320.3,783.0,1289.1,1425.8,1100.6,1013.1,353.2,328.4,858.6,623.1,557.3,485.8,224.2,334.1,1112.4,24.3,40.8,42.7,80.5,18.7,31.0,34.2,26.4,24.2,8.7,8.0,20.7,14.9,13.1,11.7,5.6,8.2,80.5,24.3,27.4,46.3,48.4,92.0,21.0,35.0,38.8,29.8,27.3,9.4,8.6,23.1,16.5,14.4,12.8,5.9,8.9,27.4,41.7,41.5,41.8,41.8,41.8,41.8,41.8,41.8,41.8,0.0,69.6,80.7,95.5,78.7,73.6,53.6,63.9,59.2,51.4,30.4,19.3,4.5,21.3,26.4,46.4,36.1,40.8,48.6,0.0,0.0,0.0,0.0,0.0,0.0,0.0,0.0,0.0,1197.8,12.00,16,16,16,39,55,661,1,69.5,68.9,68.0,64.2,66.5,68.4,66.1,64.8,61.9,62.8,62.1,61.2,60.0,60.3,59.6,52.5,50.2,1.375,1.025,1.387,13.570,11.825,13.565,62.628,39.540,3.766,5.138,6.285,4.451,3.781,2.375,3.133,2.751,2.213,18.410,12.163,30.572,39.631,1197.8,1197.8,4124.7,4130.9,4118.5,4130.9,45.0,22.6,69.6,72.5,60.9,No,No,No,1.373,0.347,5.6,48,95.0,100.0,No,No,91229,99001,32,99.0,No,No,3320,0.0,0.1,0.1,0.000,0.118,11117,9266,0.0,0.0,0.0,0.000,0.000,50,0,44.0,58.7,83.0,0.688,12.136,12.180,12.156,12.072,1131,36.949,13.384,14.949,4.531,31.884,23.564,8.305,0.336,14.949,21.802,1.889,11.633,220.000,240.000,960.0,1250.2,975.0,915.0,1050.0,41.0,11.0,0.0,2.0,30.9,5.4,21.6,0.0,0.0,0.0,33,Yes,No,No,No,No,Yes,No,16.7,21.6,0,0,0,0,0,0,0,0,0,12,0,0,0,0,0,0,0,0,0,0,0,0,0,0,0,0,0,0,0,0,5659,2533,2368,102,8.0,239.8,258.1,218.1,213.0,215.4,211.8,121.4,241.2,59.9,59.9,59.9,59.9,4.17,4.63,3.82,3.75,4.67,4.67,0.54,0.48,4.07,0.10,2.70,0,0,0.0,0.0,198,30,2.9,2.8,0,
5.7.2026,22:40:56.896,18345,27649,39.8,13224,19458,40.4,0.2,13312,23,1.350,1.350,1.350,1.350,1.350,1.350,1.350,1.350,1.350,4120.7,4142.5,4117.6,4117.6,4117.6,4117.6,4117.6,4117.6,4117.6,99.8,1093.5,3244.4,1676.2,3220.6,877.4,1650.5,1016.0,1180.8,838.7,293.8,305.7,870.8,497.3,611.9,489.1,325.3,397.8,1093.5,23.5,40.3,40.1,78.0,20.9,39.7,24.2,27.9,19.3,6.4,6.6,20.4,11.0,13.7,10.9,7.2,8.9,78.0,23.5,27.0,45.8,45.6,89.2,23.7,45.2,27.4,32.2,22.5,7.8,8.0,23.6,13.0,16.1,12.9,8.8,10.7,27.0,41.3,41.5,41.2,41.2,41.2,41.2,41.2,41.2,41.2,0.0,68.1,78.8,95.4,77.6,71.4,51.3,61.1,58.3,51.4,31.9,21.2,4.6,22.4,28.6,48.7,38.9,41.7,48.6,0.0,0.0,0.0,0.0,0.0,0.0,0.0,0.0,0.0,1197.8,12.00,16,16,16,39,55,661,1,69.5,68.8,67.2,64.1,66.4,68.4,65.9,64.4,61.8,62.7,62.0,61.5,60.0,60.3,59.6,51.8,49.8,1.369,1.038,1.369,13.490,11.806,13.489,61.322,39.446,3.728,5.039,6.413,4.341,3.605,2.292,3.031,2.774,2.330,18.304,12.144,30.447,39.513,1197.8,1197.8,4121.6,4130.4,4112.9,4130.4,44.9,22.5,68.1,72.5,61.1,No,No,No,1.388,0.362,5.5,48,95.0,100.0,No,No,91229,99001,32,99.0,No,No,3320,0.0,0.1,0.1,0.000,0.142,11117,9266,0.0,0.0,0.0,0.000,0.000,50,0,43.8,58.2,83.0,0.688,12.142,12.188,12.162,12.077,1130,36.789,13.136,14.757,4.363,31.439,23.223,8.198,0.336,14.757,21.382,1.877,11.031,220.000,240.000,900.0,1250.2,975.0,960.0,1050.0,37.0,9.0,0.0,2.0,30.9,4.9,19.7,0.0,0.0,0.0,33,Yes,No,No,No,No,Yes,No,16.4,19.9,0,0,0,0,0,0,0,0,0,12,0,0,0,0,0,0,0,0,0,0,0,0,0,0,0,0,0,0,0,0,5659,2533,2368,102,8.0,239.8,262.6,222.5,215.0,218.8,213.3,111.6,240.4,59.9,59.8,59.9,59.8,4.17,4.56,3.82,3.71,4.63,4.71,0.54,0.60,4.06,0.11,2.52,0,0,0.0,0.0,198,30,7.0,5.5,0,
5.7.2026,22:40:58.887,18343,27651,39.8,13225,19456,40.4,0.2,13312,23,1.345,1.350,1.350,1.350,1.350,1.350,1.337,1.337,1.337,4117.6,4142.5,4117.6,4117.6,4117.6,4092.6,4117.6,4117.6,4117.6,99.8,1152.9,3283.2,1699.7,3255.1,943.8,1638.7,1036.2,1213.6,858.9,391.2,325.1,918.8,534.3,632.1,507.2,544.8,663.8,1152.9,25.5,42.3,40.5,79.0,22.2,39.2,24.4,29.3,20.8,9.8,8.2,22.3,12.9,15.1,12.3,13.6,16.5,79.0,25.5,28.7,48.3,46.3,90.3,25.5,44.7,27.9,32.8,23.1,10.4,8.6,24.8,14.0,16.6,13.3,14.8,18.0,28.7,41.2,41.5,41.2,41.2,41.2,41.0,41.2,41.2,41.2,0.0,69.5,79.8,95.8,77.0,72.3,53.2,62.8,58.8,56.2,30.5,20.2,4.2,23.0,27.7,46.8,37.2,41.2,43.8,0.0,0.0,0.0,0.0,0.0,0.0,0.0,0.0,0.0,1197.8,12.00,16,16,16,39,55,661,1,77.0,69.7,69.2,64.6,66.8,68.7,66.0,64.7,62.0,63.2,62.3,63.0,60.0,60.4,59.7,51.2,49.5,1.350,1.025,1.363,13.926,11.813,13.926,62.545,40.025,3.866,5.244,6.424,4.358,3.658,2.404,3.118,2.839,2.885,18.881,12.154,31.035,40.104,1197.8,1197.8,4118.3,4123.9,4112.8,4123.9,45.6,23.2,69.5,73.3,60.9,No,No,No,1.413,0.367,5.6,48,95.0,100.0,No,No,91229,99001,32,99.0,No,No,3320,0.0,0.1,0.1,0.000,0.090,11117,9266,0.0,0.0,0.0,0.000,0.000,50,0,43.8,58.2,83.0,0.688,12.139,12.184,12.159,12.074,1126,35.980,13.280,15.295,4.484,32.174,23.665,8.497,0.336,15.295,21.698,2.464,8.894,220.000,240.000,810.0,1250.2,975.0,845.3,1050.0,35.0,8.0,0.0,2.0,30.9,5.0,20.2,0.0,0.0,0.0,33,Yes,No,No,No,No,Yes,No,16.8,21.8,0,0,0,0,0,0,0,0,0,12,0,0,0,0,0,0,0,0,0,0,0,0,0,0,0,0,0,0,0,0,5659,2533,2368,102,8.0,239.7,255.4,225.2,203.8,215.3,198.3,104.4,242.0,59.9,59.9,59.9,59.9,4.17,4.48,3.87,3.59,4.69,5.07,0.54,0.57,4.07,0.10,2.56,0,0,0.0,0.0,198,30,2.5,1.8,0,
5.7.2026,22:41:0.886,18356,27637,39.9,13227,19455,40.4,0.2,13312,23,1.345,1.350,1.344,1.344,1.344,1.344,1.344,1.344,1.344,4120.7,4142.5,4117.6,4117.6,4117.6,4117.6,4117.6,4117.6,4117.6,99.8,1106.2,3276.2,1695.3,3418.1,768.6,1241.2,1407.3,1100.4,985.6,371.8,355.9,846.5,587.4,563.6,487.9,258.0,335.5,1106.2,24.1,43.1,40.4,82.7,18.1,29.5,33.5,26.1,23.3,8.2,8.3,20.1,13.7,12.9,11.5,6.1,8.0,82.7,24.1,27.5,49.2,46.1,94.7,20.6,33.6,38.3,29.8,26.5,10.0,9.4,22.8,15.5,14.6,12.9,6.8,8.9,27.5,41.3,41.5,41.2,41.2,41.2,41.2,41.2,41.2,41.2,0.0,69.0,79.4,96.4,76.7,71.5,54.1,62.3,58.8,52.4,31.0,20.6,3.6,23.3,28.5,45.9,37.7,41.2,47.6,0.0,0.0,0.0,0.0,0.0,0.0,0.0,0.0,0.0,1197.8,12.00,16,16,16,39,55,661,1,73.9,68.9,69.2,64.3,66.8,68.5,66.0,64.7,62.0,62.8,62.2,61.5,60.1,60.4,59.7,54.0,49.5,1.344,1.031,1.356,13.829,11.853,13.824,62.071,39.937,3.800,5.239,6.453,4.370,3.699,2.446,3.121,2.793,2.279,18.784,12.194,30.978,40.043,1197.8,1197.8,4128.8,4132.3,4125.3,4132.3,45.5,23.0,69.0,72.6,61.6,No,No,No,1.403,0.366,5.5,48,95.0,100.0,No,No,91229,99001,32,99.0,No,No,3320,0.0,0.0,0.0,0.000,0.024,11117,9266,0.0,0.0,0.0,0.000,0.000,50,0,43.7,58.3,83.0,0.688,12.137,12.181,12.157,12.072,1130,35.632,12.768,13.817,3.971,30.841,23.142,7.676,0.336,13.817,21.330,2.101,10.645,220.000,240.000,735.0,1250.2,975.0,778.5,1050.0,37.0,8.0,0.0,2.0,31.0,4.9,19.7,0.0,0.0,0.0,33,Yes,No,No,No,No,Yes,No,16.0,19.1,0,0,0,0,0,0,0,0,0,12,0,0,0,0,0,0,0,0,0,0,0,0,0,0,0,0,0,0,0,0,5655,2537,2372,102,8.0,239.7,262.1,223.2,213.6,217.8,211.9,104.5,242.8,59.9,59.8,59.8,59.8,4.17,4.54,3.77,3.55,4.62,4.70,0.55,0.55,4.07,0.10,2.15,0,0,0.0,0.0,198,30,2.4,2.4,0,
5.7.2026,22:41:2.898,18349,27645,39.8,13228,19454,40.4,0.2,13312,23,1.355,1.350,1.363,1.363,1.363,1.350,1.350,1.350,1.350,4142.5,4142.5,4142.5,4142.5,4142.5,4142.5,4142.5,4142.5,4142.5,99.8,1065.0,3241.8,1245.3,3448.6,723.7,1246.3,1367.6,1077.7,924.8,347.0,353.7,774.3,600.2,568.5,481.5,330.0,309.7,1065.0,23.2,49.9,29.1,83.4,16.4,29.3,32.3,25.3,21.3,8.3,7.7,17.8,13.5,12.5,10.7,7.2,6.6,83.4,23.2,26.9,57.2,33.7,95.6,19.4,33.9,37.3,29.3,24.9,9.3,9.4,20.8,15.9,14.8,12.8,8.8,8.2,26.9,41.5,41.5,41.5,41.5,41.5,41.5,41.5,41.5,41.5,0.0,67.5,78.7,95.9,75.6,70.6,51.6,60.6,56.7,50.6,32.5,21.3,4.1,24.4,29.4,48.4,39.4,43.3,49.4,0.0,0.0,0.0,0.0,0.0,0.0,0.0,0.0,0.0,1197.8,12.00,16,16,16,39,55,661,1,71.2,69.0,68.5,64.2,66.6,68.5,66.0,64.6,61.9,62.7,62.0,61.4,60.0,60.3,59.6,52.8,49.2,1.375,1.025,1.375,13.538,11.824,13.548,60.785,39.555,3.749,5.167,6.457,4.324,3.617,2.375,3.025,2.761,2.269,18.383,12.164,30.547,39.632,1197.8,1197.8,4123.5,4132.8,4114.2,4132.8,45.0,22.6,67.5,72.6,61.1,No,No,No,1.401,0.397,5.4,48,95.0,100.0,No,No,91229,99001,32,99.0,No,No,3320,0.0,0.0,0.1,0.073,0.016,11117,9266,0.0,0.0,0.0,0.000,0.000,50,0,43.6,58.0,83.0,0.688,12.136,12.181,12.156,12.072,1130,35.434,12.914,13.998,4.007,30.937,23.141,7.777,0.336,13.998,21.280,1.827,11.841,220.000,240.000,690.0,1250.2,975.0,720.8,1050.0,34.0,7.0,0.0,2.0,30.9,5.2,20.9,0.0,0.0,0.0,33,Yes,No,No,No,No,Yes,No,16.1,18.7,0,0,0,0,0,0,0,0,0,12,0,0,0,0,0,0,0,0,0,0,0,0,0,0,0,0,0,0,0,0,5659,2533,2368,101,8.0,239.8,260.2,221.2,211.3,214.4,211.0,91.2,240.8,59.9,59.9,59.9,59.9,4.17,4.54,3.81,3.73,4.68,4.76,0.62,0.48,4.06,0.11,1.71,0,0,0.0,0.0,198,30,2.5,2.3,0,
5.7.2026,22:41:4.896,18347,27646,39.8,13221,19461,40.4,0.2,13312,23,1.333,1.344,1.331,1.331,1.331,1.331,1.331,1.331,1.331,4095.7,4117.6,4092.6,4092.6,4092.6,4092.6,4092.6,4092.6,4092.6,99.8,1048.7,3284.8,1051.2,3416.4,652.5,1484.8,1084.3,1212.7,795.0,378.2,294.6,833.0,586.3,596.2,454.4,282.7,372.2,1048.7,24.0,55.8,25.3,82.8,15.8,35.9,26.1,29.4,19.3,9.6,7.5,20.3,14.2,14.3,11.2,7.3,9.4,82.8,24.0,26.8,63.4,28.2,94.7,17.5,40.5,29.2,33.0,21.3,10.1,7.7,22.5,15.4,15.5,12.0,7.5,10.0,26.8,41.0,41.2,41.0,41.0,41.0,41.0,41.0,41.0,41.0,0.0,67.8,79.7,94.7,75.5,70.4,52.3,61.5,57.0,51.6,32.2,20.3,5.3,24.5,29.6,47.7,38.5,43.0,48.4,0.0,0.0,0.0,0.0,0.0,0.0,0.0,0.0,0.0,1197.8,12.00,16,16,16,39,55,661,1,69.9,68.8,68.0,64.2,66.9,68.2,65.9,64.6,61.8,62.8,62.0,61.4,60.0,60.3,59.6,52.8,49.1,1.350,1.025,1.356,13.775,11.792,13.766,61.049,39.800,3.759,5.288,6.270,4.299,3.657,2.373,3.116,2.781,2.288,18.710,12.131,30.841,39.897,1197.8,1197.8,4127.1,4133.6,4120.7,4133.8,45.3,22.9,67.8,72.4,62.0,No,No,No,1.404,0.400,5.4,48,95.0,100.0,No,No,91229,99001,32,99.0,No,No,3320,0.0,0.0,0.0,0.000,0.006,11117,9266,0.0,0.0,0.0,0.000,0.000,50,0,43.8,58.1,83.0,0.688,12.139,12.184,12.159,12.074,1129,36.138,13.449,14.780,4.362,31.868,23.640,8.211,0.336,14.780,21.788,3.374,11.353,220.000,240.000,735.0,1250.2,975.0,693.7,1050.0,38.0,8.0,0.0,3.0,30.9,5.4,21.7,0.0,0.0,0.0,33,Yes,No,No,No,No,Yes,No,16.3,20.7,0,0,0,0,0,0,0,0,0,12,0,0,0,0,0,0,0,0,0,0,0,0,0,0,0,0,0,0,0,0,5658,2534,2369,101,8.0,239.8,266.9,223.1,215.8,218.2,215.4,104.8,241.0,59.9,59.8,59.9,59.8,4.17,4.54,3.68,3.63,4.60,4.66,0.59,0.56,4.07,0.10,2.65,0,0,0.0,0.0,198,30,2.2,1.3,0,
5.7.2026,22:41:6.896,18348,27646,39.8,13230,19452,40.4,0.2,13312,23,1.327,1.344,1.325,1.325,1.325,1.325,1.325,1.325,1.325,4133.2,4117.6,4092.6,4142.5,4142.5,4142.5,4142.5,4142.5,4142.5,99.8,1053.2,3290.9,1060.9,3388.2,722.1,1503.2,1051.3,984.9,1002.1,376.8,366.0,769.2,642.4,553.2,488.5,286.5,365.3,1053.2,23.5,55.3,24.8,82.0,16.8,35.8,24.8,23.3,23.6,8.8,8.5,18.1,14.9,12.5,11.2,6.7,8.5,82.0,23.5,26.9,63.2,28.4,93.9,19.4,41.0,28.3,26.6,27.0,10.1,9.7,20.7,17.1,14.4,12.9,7.6,9.8,26.9,41.4,41.2,41.0,41.5,41.5,41.5,41.5,41.5,41.5,0.0,68.3,79.8,95.2,75.5,70.7,53.6,62.4,57.5,51.8,31.7,20.2,4.8,24.5,29.3,46.4,37.6,42.5,48.2,0.0,0.0,0.0,0.0,0.0,0.0,0.0,0.0,0.0,1197.8,12.00,16,16,16,39,55,661,1,69.5,68.7,67.8,64.3,66.8,68.2,65.8,64.5,62.1,62.8,62.2,61.5,60.0,60.4,59.7,52.5,49.4,1.369,1.031,1.363,13.636,11.827,13.644,61.503,39.681,3.758,5.312,6.291,4.252,3.618,2.429,3.096,2.780,2.284,18.509,12.168,30.677,39.761,1197.8,1197.8,4126.1,4130.9,4121.2,4130.9,45.2,22.7,68.3,72.3,61.3,No,No,No,1.404,0.396,5.5,48,95.0,100.0,No,No,91229,99001,32,99.0,No,No,3320,0.0,0.0,0.0,0.000,0.010,11117,9266,0.0,0.0,0.0,0.000,0.000,50,0,43.6,58.0,83.0,0.688,12.138,12.183,12.158,12.073,1130,36.015,13.174,14.706,4.191,31.586,23.398,8.170,0.336,14.706,21.405,1.902,11.344,220.000,240.000,750.0,1250.2,975.0,746.2,1050.0,40.0,8.0,0.0,3.0,30.9,5.5,21.9,0.0,0.0,0.0,33,Yes,No,No,No,No,Yes,No,16.0,19.2,0,0,0,0,0,0,0,0,0,12,0,0,0,0,0,0,0,0,0,0,0,0,0,0,0,0,0,0,0,0,5658,2534,2369,102,8.0,239.7,262.3,223.4,213.8,218.9,211.3,106.3,241.2,59.9,59.9,59.9,59.9,4.17,4.48,3.79,3.70,4.62,4.82,0.55,0.64,4.07,0.10,2.51,0,0,0.0,0.0,198,30,2.3,2.2,0,
5.7.2026,22:41:8.889,18343,27651,39.8,13222,19460,40.4,0.2,13312,23,1.338,1.344,1.337,1.337,1.337,1.337,1.337,1.337,1.337,4117.6,4117.6,4117.6,4117.6,4117.6,4117.6,4117.6,4117.6,4117.6,99.8,1087.7,3351.6,1125.9,3322.2,752.8,1509.9,1149.1,1044.0,1100.4,405.7,346.8,777.3,706.1,576.4,525.1,375.2,334.4,1087.7,24.1,57.2,26.3,80.3,17.2,35.8,26.9,24.5,25.8,9.2,7.7,18.0,16.1,12.8,11.9,8.5,7.4,80.3,24.1,27.9,65.5,30.3,92.0,20.2,41.2,31.1,28.3,29.7,10.9,9.1,20.9,18.8,15.0,13.9,10.1,8.9,27.9,41.2,41.2,41.2,41.2,41.2,41.2,41.2,41.2,41.2,0.0,69.4,81.3,94.8,76.8,72.9,54.3,63.1,58.8,53.0,30.6,18.7,5.2,23.2,27.1,45.7,36.9,41.2,47.0,0.0,0.0,0.0,0.0,0.0,0.0,0.0,0.0,0.0,1197.8,12.00,16,16,16,39,55,661,1,69.2,68.7,65.2,64.3,67.0,68.1,66.1,64.8,62.1,62.9,62.3,61.5,60.0,60.4,59.7,52.5,49.8,1.381,1.025,1.369,13.751,11.835,13.749,62.450,39.853,3.801,5.344,6.183,4.384,3.780,2.445,3.125,2.832,2.315,18.671,12.173,30.843,39.917,1197.8,1197.8,4125.4,4130.9,4119.8,4130.9,45.4,22.9,69.4,72.3,61.2,No,No,No,1.447,0.414,5.6,48,95.0,100.0,No,No,91229,99001,32,99.0,No,No,3320,0.0,0.0,0.0,0.000,0.059,11117,9266,0.0,0.0,0.0,0.000,0.000,50,0,43.8,58.2,83.0,0.688,12.141,12.186,12.160,12.075,1129,36.487,13.515,15.133,4.399,32.031,23.606,8.407,0.336,15.133,21.639,1.911,12.557,220.000,240.000,765.0,1250.2,975.0,758.2,1050.0,37.0,8.0,0.0,2.0,30.9,5.7,22.8,0.0,0.0,0.0,33,Yes,No,No,No,No,Yes,No,16.4,20.2,0,0,0,0,0,0,0,0,0,12,0,0,0,0,0,0,0,0,0,0,0,0,0,0,0,0,0,0,0,0,5658,2534,2369,102,8.0,239.7,268.4,223.0,212.6,216.2,212.1,109.0,240.8,59.9,59.9,59.9,59.9,4.17,4.54,3.72,3.58,4.63,4.67,0.58,0.59,4.07,0.10,2.49,0,0,0.0,0.0,198,30,2.7,2.5,0,
5.7.2026,22:41:10.885,18349,27645,39.8,13230,19452,40.4,0.2,13312,23,1.345,1.350,1.350,1.350,1.337,1.337,1.344,1.344,1.344,4120.7,4142.5,4117.6,4117.6,4117.6,4117.6,4117.6,4117.6,4117.6,99.8,1046.0,3279.5,1029.4,3306.4,770.8,993.5,1553.2,731.4,1281.4,297.2,362.7,597.0,798.5,500.8,500.2,388.6,345.5,1046.0,23.9,56.3,24.7,80.0,18.5,23.4,37.6,17.7,31.0,7.5,8.9,14.4,19.3,11.9,12.2,9.8,8.6,80.0,23.9,26.8,64.0,27.7,91.5,20.8,27.0,42.4,19.7,34.9,7.9,9.5,15.9,21.4,13.0,13.3,10.6,9.3,26.8,41.3,41.5,41.2,41.2,41.2,41.2,41.2,41.2,41.2,0.0,67.4,79.7,95.3,75.0,70.5,51.5,60.8,55.7,50.9,32.6,20.3,4.7,25.0,29.5,48.5,39.2,44.3,49.1,0.0,0.0,0.0,0.0,0.0,0.0,0.0,0.0,0.0,1197.8,12.00,16,16,16,39,55,661,1,69.2,68.7,68.2,64.2,66.9,68.1,65.9,64.4,61.9,62.7,62.0,61.6,60.0,60.3,59.6,53.5,49.5,1.356,1.031,1.363,13.510,11.789,13.510,60.686,39.443,3.723,5.285,6.247,4.226,3.585,2.354,3.037,2.706,2.343,18.339,12.127,30.466,39.534,1197.8,1197.8,4121.3,4130.8,4111.8,4130.8,44.9,22.5,67.4,72.3,61.3,No,No,No,1.412,0.386,5.4,48,95.0,100.0,No,No,91229,99001,32,99.0,No,No,3320,0.0,0.0,0.0,0.000,0.016,11117,9266,0.0,0.0,0.0,0.000,0.000,50,0,43.7,58.1,83.0,0.688,12.138,12.184,12.157,12.072,1128,35.933,13.519,15.230,4.605,32.071,23.589,8.461,0.336,15.230,21.789,1.895,11.982,220.000,240.000,750.0,1250.2,975.0,762.8,1050.0,40.0,9.0,0.0,2.0,30.9,5.6,22.5,0.0,0.0,0.0,33,Yes,No,No,No,No,Yes,No,16.8,19.2,0,0,0,0,0,0,0,0,0,12,0,0,0,0,0,0,0,0,0,0,0,0,0,0,0,0,0,0,0,0,5658,2534,2369,102,8.0,239.8,261.9,221.4,213.3,217.2,211.6,105.9,241.2,59.9,59.9,59.9,59.9,4.17,4.54,3.82,3.67,4.62,4.77,0.60,0.55,4.07,0.10,2.63,0,0,0.0,0.0,198,30,2.5,1.8,0,
5.7.2026,22:41:12.890,18332,27661,39.8,13217,19464,40.4,0.2,13312,23,1.320,1.325,1.319,1.319,1.319,1.319,1.319,1.319,1.319,4042.7,4042.7,4042.7,4042.7,4042.7,4042.7,4042.7,4042.7,4042.7,99.8,1056.7,3232.4,1100.7,3273.5,791.7,851.2,1691.6,734.8,1277.4,294.1,373.5,607.0,775.6,489.7,594.6,441.4,377.9,1056.7,23.8,53.4,26.3,79.5,18.6,20.8,40.7,17.5,30.5,7.0,9.0,14.5,18.3,11.3,14.0,10.4,8.9,79.5,23.8,27.0,60.7,29.8,90.8,21.3,23.0,46.2,19.8,34.6,7.8,10.1,16.4,20.7,12.8,15.9,11.7,10.0,27.0,40.5,40.5,40.5,40.5,40.5,40.5,40.5,40.5,40.5,0.0,67.0,78.7,94.8,74.9,70.2,50.5,59.8,55.7,51.6,33.0,21.3,5.2,25.1,29.8,49.5,40.2,44.3,48.4,0.0,0.0,0.0,0.0,0.0,0.0,0.0,0.0,0.0,1197.8,12.00,16,16,16,39,55,661,1,69.4,69.3,76.5,64.4,66.9,68.3,65.9,64.7,61.9,62.9,62.4,62.1,59.9,60.3,59.5,52.5,48.9,1.344,1.031,1.350,13.750,11.790,13.743,60.309,39.710,3.788,5.243,6.230,4.277,3.669,2.351,3.068,2.858,2.608,18.652,12.130,30.782,39.837,1197.8,1197.8,4116.8,4127.3,4106.3,4127.3,45.3,22.9,67.0,72.9,61.4,No,No,No,1.409,0.376,5.4,48,95.0,100.0,No,No,91229,99001,32,99.0,No,No,3320,0.0,1.9,1.9,0.016,7.906,11117,9281,0.0,0.0,0.0,0.000,0.000,50,0,43.7,58.2,83.0,0.688,12.141,12.188,12.160,12.074,1133,36.515,13.256,15.237,4.400,32.090,23.605,8.465,0.336,15.237,21.587,1.904,9.699,220.000,240.000,750.0,1250.2,975.0,740.2,1050.0,37.0,9.0,0.0,2.0,30.9,5.5,22.2,0.0,0.0,0.0,33,Yes,No,No,No,No,Yes,No,16.7,20.2,0,0,0,0,0,0,0,0,0,12,0,0,0,0,0,0,0,0,0,0,0,0,0,0,0,0,0,0,0,0,5658,2534,2369,102,8.0,239.7,263.1,224.6,218.5,221.4,217.3,112.2,242.8,59.9,59.8,59.8,59.8,4.17,4.48,3.77,3.65,4.55,4.67,0.60,0.56,4.07,0.10,2.59,0,0,0.0,0.0,198,30,1.9,1.8,0,
5.7.2026,22:41:14.901,18340,27653,39.8,13226,19456,40.4,0.2,13312,23,1.354,1.337,1.356,1.356,1.356,1.356,1.356,1.356,1.356,4142.5,4142.5,4142.5,4142.5,4142.5,4142.5,4142.5,4142.5,4142.5,99.8,1091.9,3336.0,1202.3,3312.2,756.6,1232.9,1427.6,877.8,1216.5,351.2,320.3,695.2,749.9,541.7,468.3,530.1,451.8,1091.9,24.4,53.9,28.5,80.3,17.8,29.2,34.2,20.9,28.5,8.2,7.6,16.4,17.7,12.4,11.0,13.0,10.8,80.3,24.4,27.7,61.3,32.4,91.7,20.3,33.3,38.9,23.7,33.0,9.3,8.5,18.6,20.0,14.0,12.4,14.6,12.2,27.7,41.5,41.5,41.5,41.5,41.5,41.5,41.5,41.5,41.5,0.0,69.7,81.1,95.3,77.2,73.2,53.5,63.5,58.2,55.4,30.3,18.9,4.7,22.8,26.8,46.5,36.5,41.8,44.6,0.0,0.0,0.0,0.0,0.0,0.0,0.0,0.0,0.0,1197.8,12.00,16,16,16,39,55,661,1,77.8,69.8,67.2,64.5,66.6,68.5,66.0,64.6,62.0,63.2,62.1,63.1,60.1,60.4,59.7,53.0,49.9,1.350,1.038,1.363,13.793,11.816,13.801,62.702,39.889,3.829,5.175,6.194,4.388,3.718,2.376,3.125,2.766,2.888,18.690,12.157,30.847,39.925,1197.8,1197.8,4116.5,4121.5,4111.4,4121.5,45.4,23.0,69.7,73.4,60.8,No,No,No,1.395,0.355,5.6,48,95.0,100.0,No,No,91229,99001,32,99.0,No,No,3320,0.0,0.0,0.0,0.000,0.107,11117,9282,0.0,0.0,0.0,0.000,0.000,50,0,43.7,58.0,83.0,0.688,12.139,12.186,12.158,12.074,1130,36.150,12.896,14.287,4.119,31.053,23.098,7.937,0.336,14.287,21.218,1.845,10.784,220.000,240.000,795.0,1250.2,975.0,789.7,1050.0,36.0,8.0,0.0,2.0,30.9,5.3,21.0,0.0,0.0,0.0,33,Yes,No,No,No,No,Yes,No,16.1,18.1,0,0,0,0,0,0,0,0,0,12,0,0,0,0,0,0,0,0,0,0,0,0,0,0,0,0,0,0,0,0,5658,2534,2369,102,8.0,239.8,260.0,221.2,212.7,216.5,211.0,105.4,240.7,59.9,59.9,59.9,59.9,4.17,4.56,3.81,3.75,4.67,4.85,0.59,0.54,4.07,0.10,2.42,0,0,0.0,0.0,198,30,2.5,2.3,0,
5.7.2026,22:41:16.887,18336,27657,39.8,13221,19461,40.4,0.2,13312,23,1.352,1.337,1.344,1.356,1.356,1.356,1.356,1.356,1.356,4139.4,4117.6,4142.5,4142.5,4142.5,4142.5,4142.5,4142.5,4142.5,99.8,1051.1,3334.5,1172.5,3527.9,568.8,1355.3,1242.0,925.5,1103.0,333.2,317.5,782.1,621.9,543.2,455.0,266.1,269.2,1051.1,23.2,54.5,27.1,85.5,13.2,32.2,29.5,21.2,26.7,7.2,6.7,17.8,13.8,12.4,10.5,6.3,6.2,85.5,23.2,26.6,62.2,31.5,97.8,15.0,36.8,33.6,24.9,29.8,8.9,8.3,21.0,16.4,14.0,11.9,7.1,7.1,26.6,41.5,41.2,41.5,41.5,41.5,41.5,41.5,41.5,41.5,0.0,68.5,80.9,95.8,76.3,72.0,52.6,62.7,57.5,50.6,31.5,19.1,4.2,23.7,28.0,47.4,37.3,42.5,49.4,0.0,0.0,0.0,0.0,0.0,0.0,0.0,0.0,0.0,1197.8,12.00,16,16,16,39,55,661,1,74.6,69.1,67.8,64.1,66.4,68.7,65.7,64.5,61.8,62.8,61.9,61.2,60.0,60.3,59.6,53.0,49.8,1.356,1.031,1.363,13.358,11.769,13.356,61.692,39.233,3.723,5.153,6.375,4.263,3.647,2.345,3.121,2.692,2.188,18.130,12.106,30.236,39.298,1197.8,1197.8,4126.7,4132.0,4121.3,4132.0,44.7,22.3,68.5,72.7,60.7,No,No,No,1.367,0.365,5.5,48,95.0,100.0,No,No,91229,99001,32,99.0,No,No,3320,0.0,0.0,0.0,0.000,0.059,11117,9282,0.0,0.0,0.0,0.000,0.000,50,0,43.6,58.0,83.0,0.688,12.145,12.193,12.164,12.079,1131,36.501,13.341,14.944,4.389,31.931,23.602,8.302,0.336,14.944,21.705,1.904,11.353,220.000,240.000,750.0,1250.2,975.0,747.1,1050.0,39.0,9.0,0.0,2.0,30.9,5.4,21.7,0.0,0.0,0.0,33,Yes,No,No,No,No,Yes,No,16.7,18.5,0,0,0,0,0,0,0,0,0,12,0,0,0,0,0,0,0,0,0,0,0,0,0,0,0,0,0,0,0,0,5658,2534,2369,102,8.0,239.7,256.4,223.1,211.9,217.2,209.5,113.2,241.0,61.4,59.9,59.9,59.8,4.17,4.52,3.83,3.76,4.63,4.76,0.57,0.62,4.07,0.10,2.43,0,0,0.0,0.0,198,30,2.7,2.4,0,
5.7.2026,22:41:18.892,18341,27653,39.8,13224,19457,40.4,0.2,13312,23,1.348,1.344,1.344,1.344,1.344,1.344,1.356,1.356,1.356,4126.9,4117.6,4117.6,4117.6,4117.6,4117.6,4142.5,4142.5,4142.5,99.8,1102.7,3346.6,1345.5,3326.7,800.4,1507.7,1216.7,984.3,1145.8,358.3,324.2,796.1,701.5,553.5,498.1,401.0,337.2,1102.7,24.6,52.3,32.3,80.4,18.7,35.9,28.8,23.7,27.1,9.0,8.1,19.2,16.9,12.3,11.4,9.4,7.7,80.4,24.6,27.9,59.9,36.4,92.0,21.6,41.2,33.0,26.5,31.1,9.6,8.6,21.2,18.7,14.3,13.2,10.8,9.0,27.9,41.3,41.2,41.2,41.2,41.2,41.2,41.5,41.5,41.5,0.0,69.6,81.2,95.6,77.4,72.5,54.6,63.7,58.8,53.4,30.4,18.8,4.4,22.6,27.5,45.4,36.3,41.2,46.6,0.0,0.0,0.0,0.0,0.0,0.0,0.0,0.0,0.0,1197.8,12.00,16,16,16,39,55,661,1,71.9,68.8,67.2,64.2,66.8,68.1,66.0,64.5,61.8,62.8,61.8,61.6,60.0,60.3,59.6,53.5,50.2,1.350,1.031,1.363,13.732,11.861,13.734,62.679,39.810,3.780,5.369,6.210,4.423,3.683,2.382,3.132,2.733,2.308,18.622,12.204,30.826,39.903,1197.8,1197.8,4125.3,4129.9,4120.8,4129.9,45.3,22.9,69.6,72.4,61.4,No,No,No,1.416,0.374,5.6,48,95.0,100.0,No,No,91229,99001,32,99.0,No,No,3320,0.0,0.1,0.1,0.000,0.126,11117,9282,0.0,0.0,0.0,0.000,0.000,50,0,43.5,57.9,83.0,0.688,12.138,12.185,12.158,12.073,1130,35.865,12.946,14.198,3.948,31.136,23.228,7.887,0.336,14.198,21.226,3.487,9.818,220.000,240.000,780.0,1250.2,975.0,772.5,1050.0,32.0,8.0,0.0,2.0,30.9,5.1,20.3,0.0,0.0,0.0,33,Yes,No,No,No,No,Yes,No,16.1,20.3,0,0,0,0,0,0,0,0,0,12,0,0,0,0,0,0,0,0,0,0,0,0,0,0,0,0,0,0,0,0,5657,2535,2371,104,8.0,239.8,257.2,222.6,218.0,220.2,216.9,106.6,242.0,59.9,59.8,59.9,59.8,4.17,4.54,3.80,3.72,4.56,4.58,0.55,0.45,4.07,0.10,2.23,0,0,0.0,0.0,198,30,3.6,4.9,0,
5.7.2026,22:41:20.894,18368,27626,39.9,13239,19443,40.5,0.2,13312,23,1.356,1.350,1.344,1.363,1.363,1.363,1.363,1.363,1.344,4120.7,4117.6,4117.6,4117.6,4117.6,4117.6,4117.6,4117.6,4142.5,99.8,1091.6,3321.9,2035.5,3375.2,642.7,788.3,1787.9,690.0,1366.6,249.6,328.4,670.7,758.1,406.3,553.7,214.5,275.7,1091.6,23.2,36.9,48.7,81.6,14.8,18.4,42.6,16.0,32.4,5.6,7.4,15.8,17.6,8.9,12.7,4.8,6.2,81.6,23.2,26.6,42.2,55.8,93.6,17.1,21.2,48.8,18.5,37.1,6.6,8.7,18.1,20.2,10.3,14.7,5.7,7.3,26.6,41.3,41.2,41.2,41.2,41.2,41.2,41.2,41.2,41.5,0.0,67.9,80.5,94.6,76.3,71.9,50.9,62.2,56.9,49.4,32.1,19.5,5.4,23.7,28.1,49.1,37.8,43.1,50.6,0.0,0.0,0.0,0.0,0.0,0.0,0.0,0.0,0.0,1197.8,12.00,16,16,16,39,55,661,1,70.1,68.6,67.5,64.0,66.8,68.0,65.8,64.5,61.6,62.7,61.7,61.2,59.9,60.3,59.5,52.8,49.4,1.362,1.031,1.369,13.525,11.853,13.524,61.069,39.568,3.718,5.374,6.174,4.259,3.676,2.278,3.102,2.679,2.200,18.405,12.194,30.599,39.670,1197.8,1197.8,4130.4,4137.4,4123.3,4137.4,45.1,22.5,67.9,72.2,61.7,No,No,No,1.427,0.438,5.4,48,95.0,100.0,No,No,91229,99001,32,99.0,No,No,3320,0.0,0.0,0.1,0.174,0.057,11117,9282,0.0,0.0,0.0,0.000,0.000,50,0,43.7,58.1,83.0,0.688,12.139,12.185,12.159,12.074,1133,36.959,13.396,15.257,4.691,32.305,23.811,8.476,0.336,15.257,22.068,1.939,9.818,220.000,240.000,795.0,1250.2,975.0,780.0,1050.0,40.0,11.0,0.0,3.0,31.1,5.7,23.0,0.0,0.0,0.0,33,Yes,No,No,No,No,Yes,No,17.0,21.7,0,0,0,0,0,0,0,0,0,12,0,0,0,0,0,0,0,0,0,0,0,0,0,0,0,0,0,0,0,0,5645,2547,2382,105,8.0,239.7,259.4,221.0,208.1,214.5,204.8,113.1,241.3,59.9,59.9,59.9,59.9,4.17,4.59,3.84,3.63,4.73,4.96,0.69,0.43,4.07,0.10,2.67,0,0,0.0,0.0,198,30,9.7,9.6,0,
5.7.2026,22:41:22.889,18206,27787,39.5,13085,19596,40.0,0.2,13312,23,1.363,1.375,1.356,1.363,1.363,1.363,1.363,1.363,1.363,4142.5,4142.5,4142.5,4142.5,4142.5,4142.5,4142.5,4142.5,4142.5,99.8,952.7,2772.4,1477.6,3691.5,587.6,672.0,1348.9,612.7,1028.5,215.3,273.7,508.3,605.8,305.1,423.6,342.6,377.2,952.7,21.0,34.2,35.7,89.0,13.7,15.7,33.4,14.9,25.1,5.5,6.9,12.3,14.8,7.1,10.3,8.6,8.4,89.0,21.0,23.5,38.4,40.3,102.2,15.5,17.6,37.4,16.4,28.1,5.9,7.4,13.5,16.3,7.7,11.3,9.5,9.3,23.5,41.5,41.5,41.5,41.5,41.5,41.5,41.5,41.5,41.5,0.0,58.5,67.7,97.9,61.9,59.0,42.1,50.6,45.8,42.6,41.5,32.3,2.1,38.1,41.0,57.9,49.4,54.2,57.4,0.0,0.0,0.0,0.0,0.0,0.0,0.0,0.0,0.0,1197.8,12.00,16,16,16,39,55,661,1,70.2,70.7,71.5,63.8,65.3,70.4,64.5,64.4,61.0,62.3,61.0,61.3,59.6,59.9,59.3,52.5,49.0,1.381,1.031,1.375,12.894,11.507,12.895,52.606,38.415,3.537,4.475,7.246,3.682,3.306,2.118,2.775,2.364,2.328,17.603,11.838,29.441,38.468,1197.8,1197.8,4114.1,4145.2,4083.0,4145.2,43.7,21.5,58.5,74.4,62.0,No,No,No,1.259,0.104,4.7,48,95.0,100.0,No,No,91229,99001,32,99.0,No,No,3320,0.0,0.4,0.4,0.007,1.847,11117,9286,0.0,0.0,0.0,0.000,0.000,50,0,42.4,55.4,83.0,0.669,12.151,12.190,12.167,12.097,1126,30.492,8.356,9.429,2.304,19.966,14.722,5.238,0.336,9.429,13.186,1.735,7.217,220.000,240.000,450.0,202.5,825.0,960.0,900.0,12.0,11.0,0.0,0.0,30.5,1.3,5.3,0.0,0.0,0.0,33,Yes,No,No,No,No,Yes,No,10.3,12.6,0,0,0,0,0,0,0,0,0,13,0,0,0,0,0,0,0,0,0,0,0,0,0,0,0,0,0,0,0,0,5697,2495,2330,89,5.0,239.8,263.9,224.3,215.1,219.5,213.0,81.3,240.8,59.8,59.8,59.8,59.8,4.17,4.50,3.74,3.67,4.58,4.69,0.45,0.59,4.09,0.08,1.39,0,0,0.0,0.0,198,30,19.9,3.2,0,
5.7.2026,22:41:24.895,18215,27778,39.6,13128,19554,40.1,0.2,13312,23,1.364,1.375,1.363,1.363,1.363,1.363,1.363,1.363,1.363,4167.5,4167.5,4167.5,4167.5,4167.5,4167.5,4167.5,4167.5,4167.5,99.8,1141.4,3095.7,1670.8,3067.8,1334.4,1421.1,1211.2,1105.8,978.1,451.4,354.8,829.7,724.7,574.1,567.0,493.6,382.1,1141.4,25.3,43.8,40.2,75.2,31.5,34.0,28.6,26.2,23.2,10.4,8.1,19.6,16.8,13.2,13.1,11.4,9.8,75.2,25.3,28.8,49.8,45.7,86.2,36.1,38.5,32.6,29.5,26.3,11.9,9.3,22.1,19.0,15.0,15.0,13.2,11.3,28.8,41.8,41.8,41.8,41.8,41.8,41.8,41.8,41.8,41.8,0.0,62.0,75.5,94.6,67.9,62.6,45.3,55.0,49.7,45.2,38.0,24.5,5.4,32.1,37.4,54.7,45.0,50.3,54.8,0.0,0.0,0.0,0.0,0.0,0.0,0.0,0.0,0.0,1197.8,12.00,16,16,16,39,55,661,1,79.4,72.1,70.5,65.7,68.4,71.3,67.2,66.1,62.8,64.1,62.8,62.7,59.9,60.3,59.6,53.2,49.3,1.388,1.025,1.387,15.335,11.126,15.333,55.746,41.185,4.205,5.630,7.340,4.693,4.036,2.677,3.542,3.049,2.673,20.828,11.457,32.285,41.285,1197.8,1197.8,4110.0,4134.3,4085.6,4135.9,46.9,25.6,61.9,75.9,62.1,No,No,No,0.933,0.094,5.0,48,95.0,100.0,No,No,91229,99001,32,99.0,No,No,3320,0.4,0.0,0.4,1.804,0.008,11120,9286,0.0,0.0,0.0,0.000,0.000,50,0,45.2,60.2,83.0,0.919,12.129,12.176,12.150,12.060,1128,32.158,23.261,37.806,12.638,46.499,25.447,21.002,0.336,37.806,21.599,3.749,25.725,220.000,240.000,1725.0,1750.2,1515.0,379.5,1635.0,26.0,10.0,0.0,1.0,30.6,3.3,13.2,0.0,0.0,0.0,33,Yes,No,No,No,No,Yes,No,27.0,29.3,0,0,0,0,0,0,0,0,0,14,0,0,0,0,0,0,0,0,0,0,0,0,0,0,0,0,0,0,0,0,5685,2507,2342,97,8.0,215.9,447.0,31.1,23.0,26.0,22.0,83.4,241.1,25.5,22.1,21.8,21.8,4.63,33.86,0.90,0.61,39.60,45.17,1.07,0.15,4.34,0.29,4.36,0,0,0.0,0.0,198,30,145.4,6.6,0,
5.7.2026,22:41:26.890,18220,27773,39.6,13132,19549,40.1,0.2,13312,23,1.338,1.344,1.337,1.337,1.337,1.337,1.337,1.337,1.337,4117.6,4117.6,4117.6,4117.6,4117.6,4117.6,4117.6,4117.6,4117.6,99.8,904.3,2830.5,1330.9,3266.8,655.2,1421.8,752.0,956.5,601.6,207.2,186.1,651.3,460.4,352.8,283.3,330.4,182.4,904.3,19.6,34.4,31.8,79.1,15.7,34.3,17.3,23.1,14.4,5.2,3.9,15.8,11.1,8.3,6.8,8.2,4.6,79.1,19.6,22.1,38.8,35.9,90.7,17.7,38.8,20.2,26.0,15.9,5.5,4.9,17.5,12.1,9.0,7.4,9.0,4.8,22.1,41.2,41.2,41.2,41.2,41.2,41.2,41.2,41.2,41.2,0.0,59.2,68.8,94.5,67.5,60.4,42.1,51.6,46.9,41.8,40.8,31.2,5.5,32.5,39.6,57.9,48.4,53.1,58.2,0.0,0.0,0.0,0.0,0.0,0.0,0.0,0.0,0.0,1197.8,12.00,16,16,16,39,55,661,1,76.2,69.7,69.2,63.6,65.3,69.4,65.3,64.2,60.9,62.3,60.8,60.8,59.4,59.7,59.1,51.5,48.9,1.362,1.025,1.369,12.552,11.374,12.555,53.271,37.711,3.508,4.592,6.711,4.129,3.348,2.059,2.838,2.329,2.059,17.099,11.700,28.799,37.781,1197.8,1197.8,4123.2,4141.3,4105.1,4141.3,42.9,20.9,59.2,73.3,60.7,No,No,No,0.712,0.138,4.7,48,95.0,100.0,No,No,91229,99001,32,99.0,No,No,3320,0.0,0.0,0.0,0.008,0.026,11120,9286,0.0,0.0,0.0,0.000,0.000,50,0,46.6,62.3,83.0,0.919,12.126,12.171,12.149,12.058,1130,60.367,23.790,39.287,13.328,47.247,25.382,21.825,0.336,39.287,21.562,4.043,25.602,220.000,240.000,1725.0,1750.2,1515.0,1721.9,1635.0,25.0,9.0,0.0,1.0,30.6,4.3,17.1,0.0,0.0,0.0,33,Yes,No,No,No,No,Yes,No,27.7,28.8,0,0,0,0,0,0,0,0,0,14,0,0,0,0,0,0,0,0,0,0,0,0,0,0,0,0,0,0,0,0,5685,2507,2343,99,8.0,239.8,275.5,214.8,206.4,209.8,205.5,111.5,240.7,59.9,59.9,59.9,59.9,4.17,4.82,3.50,3.34,4.87,4.97,0.39,0.02,4.04,0.13,2.57,0,0,0.0,0.0,198,30,15.5,1.6,0,
5.7.2026,22:41:28.891,18198,27796,39.5,13121,19561,40.1,0.2,13312,23,1.356,1.350,1.363,1.363,1.363,1.363,1.363,1.344,1.344,4120.7,4142.5,4117.6,4117.6,4117.6,4117.6,4117.6,4117.6,4117.6,99.8,917.0,2814.9,1322.4,3347.7,600.8,1304.0,839.3,974.1,686.2,252.3,218.1,645.3,507.2,361.8,283.7,342.3,172.2,917.0,19.5,33.0,31.1,81.0,13.7,31.1,20.1,23.0,15.8,5.6,5.5,15.0,11.5,7.9,6.1,7.8,3.6,81.0,19.5,22.5,37.7,35.7,93.0,16.2,35.6,22.6,26.4,18.3,6.8,5.8,17.4,13.3,9.3,7.4,9.4,4.5,22.5,41.3,41.5,41.2,41.2,41.2,41.2,41.2,41.2,41.2,0.0,59.4,68.5,95.0,66.6,60.9,42.7,52.6,46.9,41.9,40.6,31.5,5.0,33.4,39.1,57.3,47.4,53.1,58.1,0.0,0.0,0.0,0.0,0.0,0.0,0.0,0.0,0.0,1197.8,12.00,16,16,16,39,55,661,1,73.4,70.1,70.0,63.7,65.0,69.6,65.1,64.4,61.1,62.5,60.9,61.1,59.4,59.7,59.1,52.2,48.9,1.356,1.025,1.356,12.731,11.347,12.733,53.454,37.929,3.570,4.558,6.775,4.105,3.483,2.167,2.963,2.348,2.159,17.343,11.674,29.017,37.993,1197.8,1197.8,4123.1,4139.9,4106.4,4140.2,43.2,21.2,59.4,73.8,60.5,No,No,No,0.684,0.128,4.8,48,95.0,100.0,No,No,91229,99001,32,99.0,No,No,3320,0.0,0.0,0.0,0.000,0.018,11120,9286,0.0,0.0,0.0,0.000,0.000,50,0,44.9,60.1,83.0,0.719,12.134,12.178,12.154,12.070,1130,51.717,16.150,20.855,6.820,35.903,24.297,11.586,0.336,20.855,22.191,3.922,14.739,220.000,240.000,1200.0,1250.2,1050.0,1722.1,1140.0,35.0,14.0,0.0,1.0,30.6,4.6,18.4,0.0,0.0,0.0,33,Yes,No,No,No,No,Yes,No,19.6,21.7,0,0,0,0,0,0,0,0,0,14,0,0,0,0,0,0,0,0,0,0,0,0,0,0,0,0,0,0,0,0,5685,2507,2343,99,8.0,239.7,272.6,212.7,209.6,210.4,209.4,118.3,241.8,59.9,59.9,59.9,59.9,4.17,4.79,3.54,3.51,4.88,4.95,0.39,0.01,4.04,0.13,2.88,0,0,0.0,0.0,198,30,0.6,0.3,0,
5.7.2026,22:41:30.886,18174,27819,39.5,13093,19589,40.0,0.2,13312,23,1.356,1.356,1.356,1.356,1.356,1.356,1.356,1.356,1.356,4142.5,4142.5,4142.5,4142.5,4142.5,4142.5,4142.5,4142.5,4142.5,99.8,857.2,2762.9,1290.4,3287.9,620.1,968.6,1011.9,785.8,698.7,159.9,208.4,554.3,503.3,278.9,283.8,140.9,158.6,857.2,18.6,32.4,31.1,79.6,15.0,23.7,24.4,19.2,16.3,3.6,4.7,13.6,12.3,6.8,7.1,3.8,4.2,79.6,18.6,20.9,36.3,35.0,91.4,16.8,26.3,27.5,21.2,18.7,4.3,5.6,14.8,13.3,7.1,7.5,3.8,4.2,20.9,41.5,41.5,41.5,41.5,41.5,41.5,41.5,41.5,41.5,0.0,55.9,67.2,94.4,63.1,57.5,38.1,48.8,42.6,35.8,44.1,32.8,5.6,36.9,42.5,61.9,51.2,57.4,64.2,0.0,0.0,0.0,0.0,0.0,0.0,0.0,0.0,0.0,1197.8,12.00,16,16,16,39,55,661,1,70.8,69.6,69.2,63.2,64.8,69.4,64.6,63.9,60.6,61.9,60.4,60.2,59.2,59.5,58.9,52.2,49.6,1.344,1.025,1.356,12.211,11.326,12.209,50.339,37.206,3.425,4.468,6.781,3.928,3.304,1.988,2.786,2.240,1.902,16.693,11.649,28.341,37.303,1197.8,1197.8,4128.2,4152.2,4104.2,4152.2,42.4,20.3,55.9,73.3,60.7,No,No,No,0.639,0.131,4.5,48,95.0,100.0,No,No,91229,99001,32,99.0,No,No,3320,0.0,0.0,0.0,0.000,0.006,11120,9286,0.0,0.0,0.0,0.000,0.000,50,0,44.7,59.5,83.0,0.694,12.134,12.178,12.154,12.071,1128,40.492,14.912,17.811,5.760,33.982,24.057,9.895,0.336,17.811,22.246,4.037,13.182,220.000,240.000,1125.0,1250.2,990.0,1154.1,1065.0,38.0,14.0,0.0,1.0,30.6,5.9,23.5,0.0,0.0,0.0,33,Yes,No,No,No,No,Yes,No,18.8,22.2,0,0,0,0,0,0,0,0,0,14,0,0,0,0,0,0,0,0,0,0,0,0,0,0,0,0,0,0,0,0,5685,2507,2343,99,8.0,239.7,274.4,208.7,196.6,200.2,196.5,109.7,241.3,59.9,59.9,59.9,59.9,4.17,4.97,3.53,3.03,5.12,5.28,0.54,0.01,4.05,0.12,2.72,0,0,0.0,0.0,198,30,1.8,1.4,0,
5.7.2026,22:41:32.883,18161,27833,39.4,13080,19601,40.0,0.2,13312,23,1.363,1.369,1.363,1.363,1.363,1.363,1.363,1.363,1.363,4145.6,4167.5,4142.5,4142.5,4142.5,4142.5,4142.5,4142.5,4142.5,99.8,878.6,2823.3,1382.8,3343.8,574.2,891.9,1144.9,777.7,707.4,177.0,187.4,541.3,531.1,286.1,325.7,159.1,204.0,878.6,18.4,30.8,32.6,80.7,12.9,20.8,26.8,18.2,16.9,4.4,4.6,12.4,12.0,5.9,7.1,3.2,4.3,80.7,18.4,21.3,35.5,37.6,92.9,15.4,24.1,31.2,21.0,18.9,4.7,5.0,14.5,14.1,7.3,8.6,4.3,5.5,21.3,41.5,41.8,41.5,41.5,41.5,41.5,41.5,41.5,41.5,0.0,57.0,68.6,94.7,64.8,58.5,38.5,49.7,44.0,37.2,43.0,31.4,5.3,35.2,41.5,61.5,50.3,56.0,62.8,0.0,0.0,0.0,0.0,0.0,0.0,0.0,0.0,0.0,1197.8,12.00,16,16,16,39,55,661,1,70.1,69.5,69.8,63.2,64.9,69.3,64.5,63.9,60.4,61.9,60.5,60.2,59.1,59.4,58.7,52.5,48.6,1.369,1.031,1.381,12.477,11.364,12.476,51.292,37.616,3.453,4.592,6.765,3.962,3.278,1.975,2.833,2.300,1.922,17.042,11.688,28.730,37.694,1197.8,1197.8,4132.9,4151.6,4114.1,4151.6,42.8,20.8,57.0,73.2,61.5,No,No,No,0.670,0.133,4.6,48,95.0,100.0,No,No,91229,99001,32,99.0,No,No,3320,0.0,0.0,0.0,0.004,0.052,11120,9286,0.0,0.0,0.0,0.000,0.000,50,0,44.5,59.2,83.0,0.694,12.137,12.181,12.157,12.073,1130,40.429,15.042,18.166,5.896,34.381,24.267,10.092,0.336,18.166,22.431,1.958,14.728,220.000,240.000,1080.0,1250.2,990.0,1103.8,1065.0,38.0,14.0,0.0,1.0,30.6,6.0,24.0,0.0,0.0,0.0,33,Yes,No,No,No,No,Yes,No,18.5,21.7,0,0,0,0,0,0,0,0,0,14,0,0,0,0,0,0,0,0,0,0,0,0,0,0,0,0,0,0,0,0,5685,2507,2343,99,8.0,239.7,284.1,207.0,191.9,199.1,188.6,113.7,241.1,59.9,59.9,59.9,59.9,4.17,4.97,3.48,3.04,5.21,5.38,0.49,0.00,4.05,0.13,2.82,0,0,0.0,0.0,198,30,1.5,108.1,0,
5.7.2026,22:41:34.889,18170,27824,39.5,13083,19599,40.0,0.2,13312,23,1.341,1.350,1.337,1.337,1.337,1.337,1.344,1.344,1.344,4123.8,4092.6,4117.6,4117.6,4117.6,4117.6,4142.5,4142.5,4142.5,99.8,867.9,2794.1,1369.8,3300.7,621.5,916.3,1036.1,823.6,686.2,152.1,186.8,524.2,529.8,261.1,258.1,236.9,189.7,867.9,18.8,30.5,32.9,79.8,14.9,22.3,24.9,20.0,16.5,4.0,4.9,12.9,12.8,6.3,6.4,6.1,4.9,79.8,18.8,21.0,34.4,37.2,91.7,16.8,24.9,28.1,22.3,18.4,4.1,5.0,14.0,14.0,6.6,6.7,6.5,5.1,21.0,41.3,41.0,41.2,41.2,41.2,41.2,41.5,41.5,41.5,0.0,56.1,67.8,95.0,63.2,57.7,37.8,48.6,41.7,37.2,43.9,32.2,5.0,36.8,42.3,62.2,51.4,58.3,62.8,0.0,0.0,0.0,0.0,0.0,0.0,0.0,0.0,0.0,1197.8,12.00,16,16,16,39,55,661,1,69.9,69.5,73.5,63.1,64.9,69.3,64.3,63.8,60.4,61.8,60.2,60.3,59.0,59.3,58.7,52.0,48.9,1.356,1.025,1.356,12.355,11.313,12.352,50.516,37.403,3.447,4.555,6.819,3.858,3.336,1.996,2.823,2.190,1.998,16.906,11.635,28.541,37.501,1197.8,1197.8,4134.6,4155.2,4114.1,4155.2,42.6,20.6,56.1,73.2,61.1,No,No,No,0.643,0.133,4.5,48,95.0,100.0,No,No,91229,99001,32,99.0,No,No,3320,0.0,0.0,0.0,0.000,0.014,11120,9286,0.0,0.0,0.0,0.000,0.000,50,0,44.7,59.7,83.0,0.694,12.134,12.177,12.155,12.070,1131,40.678,15.146,17.992,5.808,34.203,24.189,9.995,0.336,17.992,22.343,4.024,14.574,220.000,240.000,1080.0,1250.2,990.0,1064.9,1065.0,37.0,13.0,0.0,1.0,30.6,6.1,24.4,0.0,0.0,0.0,33,Yes,No,No,No,No,Yes,No,18.3,22.0,0,0,0,0,0,0,0,0,0,14,0,0,0,0,0,0,0,0,0,0,0,0,0,0,0,0,0,0,0,0,5685,2507,2343,99,8.0,239.7,272.9,211.9,211.6,211.7,211.6,111.2,241.2,59.9,59.9,59.9,59.9,4.17,4.85,3.54,3.21,4.89,4.94,0.57,0.01,4.05,0.12,2.61,0,0,0.0,0.0,198,30,0.5,0.4,0,
5.7.2026,22:41:36.888,18156,27837,39.4,13076,19605,40.0,0.2,13312,23,1.367,1.356,1.369,1.369,1.369,1.369,1.369,1.369,1.369,4167.5,4167.5,4167.5,4167.5,4167.5,4167.5,4167.5,4167.5,4167.5,99.8,882.8,2813.8,1397.7,3297.4,668.6,1263.7,746.0,914.7,652.3,170.0,154.4,575.1,511.5,297.6,269.5,218.0,174.4,882.8,18.6,29.7,33.3,79.7,15.8,30.3,17.5,21.9,15.4,4.0,2.8,13.7,12.0,6.7,6.2,5.2,4.1,79.7,18.6,21.3,33.8,37.9,91.6,18.1,34.5,20.0,24.9,17.4,4.5,4.0,15.4,13.5,7.6,7.0,5.9,4.6,21.3,41.8,41.8,41.8,41.8,41.8,41.8,41.8,41.8,41.8,0.0,57.5,68.3,95.4,64.3,59.6,38.7,50.6,44.4,38.4,42.5,31.7,4.6,35.7,40.4,61.3,49.4,55.6,61.6,0.0,0.0,0.0,0.0,0.0,0.0,0.0,0.0,0.0,1197.8,12.00,16,16,16,39,55,661,1,69.9,69.6,68.5,63.1,64.5,69.5,64.4,64.0,60.3,61.9,60.2,60.2,59.0,59.3,58.7,51.8,48.7,1.369,1.019,1.369,12.494,11.328,12.499,51.718,37.649,3.455,4.485,6.832,3.920,3.419,1.956,2.836,2.246,1.944,17.067,11.652,28.720,37.692,1197.8,1197.8,4136.7,4152.2,4121.2,4152.5,42.8,20.8,57.5,73.3,61.5,No,No,No,0.654,0.132,4.6,48,95.0,100.0,No,No,91229,99001,32,99.0,No,No,3320,0.0,0.0,0.0,0.000,0.061,11120,9286,0.0,0.0,0.0,0.000,0.000,50,0,44.7,59.6,83.0,0.694,12.136,12.180,12.157,12.073,1129,40.487,15.312,19.079,6.224,35.194,24.568,10.599,0.336,19.079,22.660,1.910,13.470,220.000,240.000,1050.0,1250.2,990.0,1077.6,1065.0,39.0,14.0,0.0,1.0,30.6,6.1,24.4,0.0,0.0,0.0,33,Yes,No,No,No,No,Yes,No,19.0,21.4,0,0,0,0,0,0,0,0,0,14,0,0,0,0,0,0,0,0,0,0,0,0,0,0,0,0,0,0,0,0,5685,2507,2343,99,8.0,239.7,286.1,198.8,186.4,191.1,184.3,109.0,241.1,59.9,59.9,59.9,59.9,4.17,4.99,3.43,3.02,5.27,5.53,0.50,0.01,4.06,0.12,2.55,0,0,0.0,0.0,198,30,1.5,1.1,0,
5.7.2026,22:41:38.892,18173,27821,39.5,13086,19595,40.0,0.2,13312,23,1.344,1.344,1.344,1.344,1.344,1.344,1.344,1.344,1.344,4142.5,4142.5,4142.5,4142.5,4142.5,4142.5,4142.5,4142.5,4142.5,99.8,896.8,2841.6,1408.7,3283.5,685.2,1288.5,737.3,908.4,643.1,177.1,214.8,599.7,447.0,341.7,262.5,212.2,297.8,896.8,19.0,31.7,33.5,79.2,15.9,30.9,17.1,21.6,15.0,4.0,5.6,14.1,10.2,7.6,5.9,4.8,6.9,79.2,19.0,21.8,36.2,38.3,91.2,18.6,35.2,19.8,24.7,17.1,4.7,5.7,16.1,11.7,8.9,6.9,5.7,8.1,21.8,41.5,41.5,41.5,41.5,41.5,41.5,41.5,41.5,41.5,0.0,57.1,69.1,95.1,64.3,59.2,38.1,49.2,43.8,38.4,42.9,30.9,4.9,35.7,40.8,61.9,50.8,56.2,61.6,0.0,0.0,0.0,0.0,0.0,0.0,0.0,0.0,0.0,1197.8,12.00,16,16,16,39,55,661,1,69.8,69.5,70.0,63.1,64.8,69.2,64.5,63.9,60.4,61.7,60.3,60.3,59.0,59.3,58.7,52.8,49.0,1.356,1.038,1.363,12.546,11.361,12.540,51.425,37.708,3.476,4.584,6.797,3.962,3.395,2.008,2.774,2.268,2.023,17.167,11.684,28.851,37.812,1197.8,1197.8,4134.9,4155.2,4114.6,4155.2,43.0,20.9,57.1,73.1,61.5,No,No,No,0.703,0.147,4.6,48,95.0,100.0,No,No,91229,99001,32,99.0,No,No,3320,0.0,0.0,0.0,0.006,0.010,11120,9286,0.0,0.0,0.0,0.000,0.000,50,0,44.5,59.3,83.0,0.694,12.133,12.176,12.154,12.071,1133,40.882,16.235,19.245,6.222,35.234,24.516,10.692,0.336,19.245,22.533,10.707,13.625,220.000,240.000,1065.0,1250.2,990.0,1058.2,1065.0,39.0,13.0,0.0,2.0,30.6,6.2,24.6,0.0,0.0,0.0,33,Yes,No,No,No,No,Yes,No,19.0,21.4,0,0,0,0,0,0,0,0,0,14,0,0,0,0,0,0,0,0,0,0,0,0,0,0,0,0,0,0,0,0,5684,2508,2343,100,8.0,239.8,276.1,213.2,207.6,210.1,206.5,107.4,240.7,59.9,59.9,59.9,59.9,4.17,5.04,3.24,1.08,6.05,7.92,0.57,0.02,4.03,0.14,2.49,0,0,0.0,0.0,198,30,1.7,0.8,0,
5.7.2026,22:41:40.893,18168,27825,39.5,13083,19599,40.0,0.2,13312,23,1.368,1.363,1.369,1.369,1.369,1.369,1.369,1.369,1.369,4142.5,4142.5,4167.5,4117.6,4142.5,4142.5,4142.5,4142.5,4142.5,99.8,908.0,2876.0,1481.5,3403.0,582.4,903.3,1135.2,845.3,778.5,156.7,184.7,596.2,634.8,280.0,304.5,143.4,222.5,908.0,19.3,30.8,35.4,82.3,13.7,21.7,27.1,20.3,18.4,3.8,4.4,14.2,15.0,6.4,7.2,3.5,5.4,82.3,19.3,22.0,34.9,40.3,94.6,15.7,24.5,30.9,22.9,20.8,4.2,4.9,16.0,16.9,7.1,8.0,3.8,6.0,22.0,41.5,41.5,41.8,41.2,41.5,41.5,41.5,41.5,41.5,0.0,58.2,69.8,95.6,65.1,60.6,39.3,52.5,44.5,37.8,41.8,30.2,4.4,34.9,39.4,60.7,47.5,55.5,62.2,0.0,0.0,0.0,0.0,0.0,0.0,0.0,0.0,0.0,1197.8,12.00,16,16,16,39,55,661,1,69.8,69.5,68.8,63.1,64.7,69.3,64.3,64.1,60.3,61.9,60.2,60.1,59.0,59.3,58.7,51.0,49.3,1.362,1.031,1.369,12.382,11.384,12.386,52.343,37.519,3.474,4.551,6.812,3.926,3.475,1.973,2.885,2.234,1.932,16.899,11.710,28.609,37.583,1197.8,1197.8,4133.0,4150.1,4116.0,4150.4,42.7,20.6,58.2,73.2,60.6,No,No,No,0.689,0.139,4.7,48,95.0,100.0,No,No,91229,99001,32,99.0,No,No,3320,0.0,0.2,0.2,0.032,0.439,11120,9287,0.0,0.0,0.0,0.000,0.000,50,0,44.6,59.5,83.0,0.694,12.136,12.179,12.156,12.072,1131,40.935,15.259,18.174,5.919,34.232,24.108,10.097,0.336,18.174,22.302,1.909,17.338,220.000,240.000,1110.0,1250.2,990.0,1097.8,1065.0,37.0,13.0,0.0,1.0,30.6,6.1,24.5,0.0,0.0,0.0,33,Yes,No,No,No,No,Yes,No,18.4,24.2,0,0,0,0,0,0,0,0,0,14,0,0,0,0,0,0,0,0,0,0,0,0,0,0,0,0,0,0,0,0,5684,2508,2343,96,8.0,239.7,294.9,208.4,196.6,200.2,196.1,113.2,242.0,59.9,59.8,59.8,59.8,4.17,4.89,3.40,3.08,5.08,5.19,0.57,0.01,4.06,0.12,2.52,0,0,0.0,0.0,198,30,0.9,0.4,0,
5.7.2026,22:41:42.888,18190,27804,39.5,13096,19586,40.0,0.2,13312,23,1.355,1.350,1.356,1.356,1.356,1.356,1.356,1.356,1.356,4145.6,4167.5,4142.5,4142.5,4142.5,4142.5,4142.5,4142.5,4142.5,99.8,878.5,2784.8,1367.7,3356.1,591.0,901.1,1078.6,829.0,737.1,156.7,198.2,555.5,540.9,291.7,321.8,143.2,203.2,878.5,18.8,30.9,32.7,81.1,14.0,21.7,25.8,20.0,17.6,3.9,4.1,13.3,12.9,6.8,7.7,3.6,5.0,81.1,18.8,21.3,35.0,37.1,93.3,15.9,24.4,29.4,22.5,19.8,4.2,5.3,14.9,14.4,7.5,8.5,3.8,5.5,21.3,41.5,41.8,41.5,41.5,41.5,41.5,41.5,41.5,41.5,0.0,56.3,67.6,94.8,63.4,58.5,37.6,49.3,43.0,36.3,43.7,32.4,5.2,36.6,41.5,62.4,50.7,57.0,63.7,0.0,0.0,0.0,0.0,0.0,0.0,0.0,0.0,0.0,1197.8,12.00,16,16,16,39,55,661,1,69.6,69.5,70.2,63.0,64.7,69.2,64.2,63.9,60.3,61.6,60.2,60.0,58.9,59.2,58.6,52.0,48.8,1.375,1.025,1.369,12.374,11.334,12.373,50.693,37.474,3.455,4.562,6.814,3.885,3.405,1.985,2.791,2.282,1.914,16.920,11.656,28.576,37.539,1197.8,1197.8,4135.6,4154.6,4116.6,4154.6,42.7,20.6,56.3,73.1,61.0,No,No,No,0.660,0.131,4.5,48,95.0,100.0,No,No,91229,99001,32,99.0,No,No,3320,0.0,0.0,0.0,0.000,0.069,11120,9287,0.0,0.0,0.0,0.000,0.000,50,0,44.8,59.7,83.0,0.694,12.140,12.184,12.160,12.075,1130,41.065,15.815,19.199,6.226,35.178,24.489,10.666,0.336,19.199,22.526,6.630,13.704,220.000,240.000,1110.0,1250.2,990.0,1108.9,1065.0,40.0,14.0,0.0,1.0,30.6,6.0,24.1,0.0,0.0,0.0,33,Yes,No,No,No,No,Yes,No,19.0,23.8,0,0,0,0,0,0,0,0,0,14,0,0,0,0,0,0,0,0,0,0,0,0,0,0,0,0,0,0,0,0,5684,2508,2343,97,8.0,239.8,280.7,210.8,177.6,194.4,170.2,108.8,241.2,59.9,59.9,59.9,59.9,4.17,4.80,3.52,2.58,5.16,5.82,0.52,0.00,4.05,0.12,2.71,0,0,0.0,0.0,198,30,0.4,1.0,0,
5.7.2026,22:41:44.895,18186,27808,39.5,13092,19590,40.0,0.2,13312,23,1.364,1.350,1.363,1.363,1.363,1.369,1.369,1.369,1.369,4148.8,4142.5,4167.5,4167.5,4142.5,4142.5,4142.5,4142.5,4142.5,99.8,908.8,2806.4,1361.8,3353.6,587.3,900.7,1083.2,779.7,723.4,213.1,204.8,521.7,566.0,348.2,336.5,321.9,432.0,908.8,19.2,31.1,32.3,81.2,13.5,21.2,25.6,18.3,16.8,4.8,5.2,12.0,13.0,7.7,7.5,7.4,10.1,81.2,19.2,22.2,35.6,37.0,93.2,15.8,24.4,29.5,21.1,19.3,5.8,5.5,13.9,15.0,9.1,8.9,8.8,11.8,22.2,41.6,41.5,41.8,41.8,41.5,41.5,41.5,41.5,41.5,0.0,57.5,68.3,95.0,63.4,58.0,38.8,49.5,45.0,42.0,42.5,31.7,5.0,36.6,42.0,61.2,50.5,55.0,58.0,0.0,0.0,0.0,0.0,0.0,0.0,0.0,0.0,0.0,1197.8,12.00,16,16,16,39,55,661,1,69.8,70.3,66.2,63.5,64.8,69.1,64.6,63.9,60.8,62.2,60.8,62.0,59.0,59.3,58.7,52.5,48.8,1.369,1.025,1.369,12.802,11.303,12.801,51.726,37.973,3.589,4.561,6.755,3.959,3.357,2.134,2.867,2.434,2.643,17.480,11.628,29.108,38.067,1197.8,1197.8,4129.1,4141.8,4116.4,4142.1,43.3,21.3,57.5,74.0,60.7,No,No,No,0.626,0.131,4.6,48,95.0,100.0,No,No,91229,99001,32,99.0,No,No,3320,0.0,0.0,0.0,0.000,0.038,11120,9287,0.0,0.0,0.0,0.000,0.000,50,0,44.6,59.3,83.0,0.694,12.136,12.179,12.156,12.072,1130,41.114,15.625,19.833,6.528,35.594,24.543,11.018,0.336,19.833,22.604,1.960,14.001,220.000,240.000,1110.0,1250.2,990.0,1105.2,1065.0,39.0,14.0,0.0,1.0,30.6,6.1,24.3,0.0,0.0,0.0,33,Yes,No,No,No,No,Yes,No,19.3,24.8,0,0,0,0,0,0,0,0,0,14,0,0,0,0,0,0,0,0,0,0,0,0,0,0,0,0,0,0,0,0,5684,2508,2343,99,8.0,239.7,270.3,211.8,208.9,209.8,208.9,110.1,242.0,59.9,59.9,59.9,59.9,4.17,4.90,3.57,3.48,4.95,4.97,0.53,0.03,4.05,0.12,2.65,0,0,0.0,0.0,198,30,0.3,0.8,0,
5.7.2026,22:41:46.887,18179,27815,39.5,13084,19598,40.0,0.2,13312,23,1.358,1.369,1.356,1.356,1.356,1.356,1.356,1.356,1.356,4142.5,4167.5,4142.5,4142.5,4142.5,4142.5,4142.5,4117.6,4142.5,99.8,864.6,2761.6,1365.5,3345.2,638.2,901.0,1063.7,602.2,868.6,172.5,206.8,528.2,503.4,267.1,257.7,128.2,224.2,864.6,18.7,29.5,32.8,80.9,15.4,21.8,25.7,14.7,21.0,4.7,4.7,12.9,12.2,6.5,6.5,3.5,5.9,80.9,18.7,20.9,33.1,37.1,93.0,17.3,24.5,28.9,16.2,23.4,4.6,5.5,14.2,13.3,6.8,6.8,3.4,6.1,20.9,41.5,41.8,41.5,41.5,41.5,41.5,41.5,41.2,41.5,0.0,55.6,67.0,95.4,62.6,57.3,37.0,48.4,41.8,35.6,44.4,33.0,4.6,37.4,42.7,63.0,51.6,58.2,64.4,0.0,0.0,0.0,0.0,0.0,0.0,0.0,0.0,0.0,1197.8,12.00,16,16,16,39,55,661,1,69.8,69.4,69.8,62.9,64.4,69.3,64.1,63.5,60.3,61.6,60.0,60.0,58.8,59.2,58.5,49.8,48.2,1.381,1.031,1.381,12.156,11.302,12.158,50.084,37.159,3.421,4.479,6.898,3.850,3.266,1.998,2.766,2.180,1.928,16.640,11.622,28.262,37.224,1197.8,1197.8,4138.3,4157.5,4119.1,4157.5,42.3,20.3,55.6,73.1,60.6,No,No,No,0.637,0.132,4.5,48,95.0,100.0,No,No,91229,99001,32,99.0,No,No,3320,0.0,0.0,0.0,0.000,0.010,11120,9287,0.0,0.0,0.0,0.000,0.000,50,0,44.7,59.8,83.0,0.694,12.135,12.178,12.156,12.072,1131,41.362,15.575,19.154,6.247,34.960,24.289,10.641,0.336,19.154,22.376,1.933,16.662,220.000,240.000,1110.0,1250.2,990.0,1105.9,1065.0,40.0,14.0,0.0,1.0,30.6,6.2,24.7,0.0,0.0,0.0,33,Yes,No,No,No,No,Yes,No,18.9,23.5,0,0,0,0,0,0,0,0,0,14,0,0,0,0,0,0,0,0,0,0,0,0,0,0,0,0,0,0,0,0,5684,2508,2343,99,8.0,239.8,320.0,190.1,168.0,176.5,163.9,113.1,241.6,59.9,59.8,59.8,59.8,4.17,5.30,3.07,2.17,5.63,5.97,0.59,0.01,4.05,0.12,2.95,0,0,0.0,0.0,198,30,1.1,0.5,0,
5.7.2026,22:41:48.892,18177,27816,39.5,13083,19599,40.0,0.2,13312,23,1.340,1.350,1.356,1.356,1.356,1.325,1.325,1.325,1.325,4098.9,4142.5,4092.6,4092.6,4092.6,4092.6,4092.6,4092.6,4092.6,99.8,892.8,2850.7,1459.1,3398.1,586.8,971.2,1026.2,664.2,844.8,154.7,152.8,509.3,551.6,344.5,278.3,185.2,306.7,892.8,18.6,30.5,34.4,81.9,13.4,22.8,24.1,15.4,19.6,3.2,3.9,11.6,12.5,7.4,6.0,4.0,6.9,81.9,18.6,21.6,35.2,39.6,94.4,15.8,26.5,27.8,17.9,22.7,4.1,4.0,13.6,14.6,8.9,7.3,5.0,8.4,21.6,41.1,41.5,41.0,41.0,41.0,41.0,41.0,41.0,41.0,0.0,57.1,69.1,95.7,64.3,58.5,37.5,49.8,44.0,38.3,42.9,30.9,4.3,35.7,41.5,62.5,50.2,56.0,61.7,0.0,0.0,0.0,0.0,0.0,0.0,0.0,0.0,0.0,1197.8,12.00,16,16,16,39,55,661,1,69.8,69.4,68.5,63.0,64.7,69.2,64.3,63.6,60.2,61.8,60.3,60.3,58.9,59.2,58.6,50.8,48.3,1.369,1.025,1.369,12.456,11.345,12.451,51.434,37.567,3.473,4.638,6.881,3.913,3.311,1.930,2.812,2.287,2.014,17.035,11.670,28.705,37.662,1197.8,1197.8,4139.0,4154.2,4123.7,4154.2,42.8,20.8,57.1,73.0,61.1,No,No,No,0.657,0.129,4.6,48,95.0,100.0,No,No,91229,99001,32,99.0,No,No,3320,0.0,0.0,0.0,0.000,0.018,11120,9287,0.0,0.0,0.0,0.000,0.000,50,0,45.0,59.9,83.0,0.694,12.135,12.179,12.155,12.072,1131,41.564,15.852,19.322,6.430,35.153,24.397,10.734,0.336,19.322,22.586,2.095,18.142,220.000,240.000,1125.0,1250.2,990.0,1110.8,1065.0,39.0,14.0,0.0,1.0,30.6,6.2,25.0,0.0,0.0,0.0,33,Yes,No,No,No,No,Yes,No,19.0,21.9,0,0,0,0,0,0,0,0,0,14,0,0,0,0,0,0,0,0,0,0,0,0,0,0,0,0,0,0,0,0,5684,2508,2343,99,8.0,239.9,286.8,199.4,170.5,183.2,165.5,108.1,241.1,59.9,59.8,59.9,59.8,4.17,5.18,3.23,2.31,5.59,6.00,0.69,0.00,4.04,0.13,2.44,0,0,0.0,0.0,198,30,6.1,3.7,0,
5.7.2026,22:41:50.883,18174,27820,39.5,13084,19598,40.0,0.2,13312,23,1.367,1.356,1.369,1.369,1.369,1.369,1.369,1.369,1.369,4142.5,4142.5,4142.5,4142.5,4142.5,4142.5,4142.5,4142.5,4142.5,99.8,852.3,2723.8,1331.4,3226.1,720.2,573.6,1403.9,541.4,919.3,134.5,208.6,458.5,549.7,215.1,299.3,115.1,216.1,852.3,18.1,28.5,32.1,78.0,16.8,13.9,34.1,13.2,21.7,3.0,4.7,10.6,13.4,4.6,6.8,2.5,4.9,78.0,18.1,20.6,32.7,36.2,89.7,19.5,15.4,38.5,14.5,24.9,3.6,5.6,12.2,14.6,5.4,7.9,3.1,5.8,20.6,41.5,41.5,41.5,41.5,41.5,41.5,41.5,41.5,41.5,0.0,55.6,66.1,95.0,63.4,57.5,36.8,48.2,42.0,35.6,44.4,33.9,5.0,36.6,42.5,63.2,51.8,58.0,64.4,0.0,0.0,0.0,0.0,0.0,0.0,0.0,0.0,0.0,1197.8,12.00,16,16,16,39,55,661,1,69.8,69.4,69.5,62.9,64.3,69.3,64.3,63.5,60.1,61.6,60.0,60.0,58.9,59.2,58.6,52.2,49.0,1.381,1.031,1.375,12.167,11.318,12.170,50.028,37.174,3.405,4.398,6.881,3.890,3.284,1.948,2.739,2.176,1.926,16.648,11.641,28.290,37.254,1197.8,1197.8,4139.1,4156.4,4121.9,4156.4,42.3,20.3,55.6,73.1,60.9,No,No,No,0.633,0.129,4.4,48,95.0,100.0,No,No,91229,99001,32,99.0,No,No,3320,0.0,0.0,0.0,0.000,0.036,11120,9287,0.0,0.0,0.0,0.000,0.000,50,0,45.0,59.8,83.0,0.713,12.141,12.185,12.161,12.076,1133,42.382,15.837,20.091,6.641,35.497,24.298,11.161,0.336,20.091,22.354,2.092,15.807,220.000,240.000,1170.0,1250.2,1020.0,1127.3,1110.0,36.0,13.0,0.0,1.0,30.6,6.2,24.7,0.0,0.0,0.0,33,Yes,No,No,No,No,Yes,No,19.3,22.0,0,0,0,0,0,0,0,0,0,14,0,0,0,0,0,0,0,0,0,0,0,0,0,0,0,0,0,0,0,0,5684,2508,2343,99,8.0,239.7,271.5,208.9,204.7,206.3,204.4,118.8,241.3,59.9,59.9,59.9,59.9,4.17,4.83,3.53,3.12,4.94,5.05,0.63,0.00,4.06,0.12,2.67,0,0,0.0,0.0,198,30,0.4,1.3,0,
5.7.2026,22:41:52.890,18176,27817,39.5,13084,19598,40.0,0.2,13312,23,1.363,1.369,1.363,1.363,1.363,1.363,1.363,1.363,1.363,4167.5,4167.5,4167.5,4167.5,4167.5,4167.5,4167.5,4167.5,4167.5,99.8,856.5,2799.9,1139.7,3491.9,492.7,664.3,1377.0,600.7,933.8,122.9,185.2,431.3,556.9,249.3,324.9,108.0,225.1,856.5,18.5,35.3,26.7,84.3,11.8,15.3,32.7,13.9,22.5,3.4,4.8,10.5,12.7,6.0,8.0,3.0,5.8,84.3,18.5,21.0,40.0,30.8,97.1,13.2,17.8,37.7,16.1,25.3,3.3,4.9,11.4,14.8,6.3,8.6,2.9,6.1,21.0,41.8,41.8,41.8,41.8,41.8,41.8,41.8,41.8,41.8,0.0,56.0,67.8,95.6,64.0,57.8,36.8,48.0,42.4,35.4,44.0,32.2,4.4,36.0,42.2,63.2,52.0,57.6,64.6,0.0,0.0,0.0,0.0,0.0,0.0,0.0,0.0,0.0,1197.8,12.00,16,16,16,39,55,661,1,69.8,69.4,69.0,62.9,64.6,69.1,64.4,63.9,60.0,61.4,60.1,59.8,58.8,59.1,58.5,52.2,48.6,1.362,1.025,1.369,12.417,11.343,12.417,50.390,37.555,3.447,4.581,6.895,3.955,3.376,1.924,2.714,2.247,1.883,16.999,11.665,28.665,37.624,1197.8,1197.8,4141.1,4157.0,4125.1,4157.0,42.8,20.7,56.0,73.1,61.4,No,No,No,0.634,0.131,4.5,48,95.0,100.0,No,No,91229,99001,32,99.0,No,No,3320,0.0,0.0,0.0,0.000,0.055,11120,9287,0.0,0.0,0.0,0.000,0.000,50,0,45.2,60.2,83.0,0.719,12.139,12.183,12.159,12.075,1131,43.508,15.971,20.663,6.908,35.578,24.078,11.479,0.336,20.663,22.142,2.169,15.692,220.000,240.000,1200.0,1250.2,1050.0,1188.2,1140.0,37.0,13.0,0.0,1.0,30.6,6.1,24.5,0.0,0.0,0.0,33,Yes,No,No,No,No,Yes,No,19.5,25.1,0,0,0,0,0,0,0,0,0,14,0,0,0,0,0,0,0,0,0,0,0,0,0,0,0,0,0,0,0,0,5684,2508,2343,99,8.0,239.8,277.5,206.7,185.4,196.1,180.4,114.2,241.6,59.9,59.9,59.9,59.9,4.17,5.34,3.17,2.43,5.64,5.82,0.57,0.01,4.04,0.13,2.88,0,0,0.0,0.0,198,30,1.1,0.3,0,
5.7.2026,22:41:54.885,18179,27815,39.5,13084,19598,40.0,0.2,13312,23,1.363,1.363,1.363,1.363,1.363,1.363,1.363,1.363,1.363,4158.1,4167.5,4142.5,4142.5,4142.5,4167.5,4167.5,4167.5,4167.5,99.8,859.0,2792.4,1173.3,3388.5,637.6,793.9,1241.2,710.1,871.0,125.9,168.5,442.5,554.3,268.8,315.1,97.2,163.2,859.0,18.1,35.2,27.5,81.7,14.6,18.5,29.4,16.4,20.3,2.6,3.6,10.0,12.5,5.7,7.0,1.9,3.5,81.7,18.1,21.1,40.5,31.7,94.2,17.2,21.5,33.9,19.1,23.5,3.3,4.4,11.7,14.7,6.8,8.3,2.6,4.4,21.1,41.7,41.8,41.5,41.5,41.5,41.8,41.8,41.8,41.8,0.0,56.1,67.7,96.0,63.9,58.5,36.6,48.5,42.9,35.0,43.9,32.3,4.0,36.1,41.5,63.4,51.5,57.1,65.0,0.0,0.0,0.0,0.0,0.0,0.0,0.0,0.0,0.0,1197.8,12.00,16,16,16,39,55,661,1,69.8,69.5,70.0,62.9,64.7,69.3,64.4,63.8,60.0,61.4,60.1,59.8,58.8,59.2,58.5,52.0,48.9,1.381,1.031,1.381,12.320,11.316,12.318,50.523,37.405,3.457,4.600,6.941,3.971,3.366,1.923,2.739,2.253,1.861,16.870,11.640,28.510,37.470,1197.8,1197.8,4139.6,4158.5,4120.7,4158.5,42.6,20.5,56.1,73.1,60.8,No,No,No,0.642,0.132,4.5,48,95.0,100.0,No,No,91229,99001,32,99.0,No,No,3320,0.0,0.0,0.0,0.000,0.083,11120,9288,0.0,0.0,0.0,0.000,0.000,50,0,47.3,63.0,83.0,0.919,12.125,12.171,12.148,12.056,1131,56.743,25.077,41.709,14.349,48.788,25.534,23.171,0.336,41.709,21.621,4.203,29.349,220.000,240.000,1725.0,1750.2,1515.0,1270.5,1635.0,27.0,10.0,0.0,1.0,30.6,5.4,21.5,0.0,0.0,0.0,33,Yes,No,No,No,No,Yes,No,28.8,33.8,0,0,0,0,0,0,0,0,0,14,0,0,0,0,0,0,0,0,0,0,0,0,0,0,0,0,0,0,0,0,5684,2508,2343,99,8.0,239.8,269.9,210.7,206.0,208.3,204.8,114.7,240.7,59.9,59.9,59.9,59.9,4.17,4.91,3.58,2.97,5.04,5.08,0.37,0.01,4.05,0.12,2.88,0,0,0.0,0.0,198,30,1.2,1.6,0,
5.7.2026,22:41:56.896,18176,27818,39.5,13082,19600,40.0,0.2,13312,23,1.357,1.369,1.350,1.350,1.350,1.350,1.363,1.363,1.363,4045.2,4142.5,4167.5,4167.5,4142.5,4142.5,4142.5,4142.5,3314.0,99.8,858.5,2749.6,1087.3,3394.2,559.3,935.9,1083.1,723.9,815.6,158.3,198.0,519.9,526.4,294.8,273.7,206.7,209.9,858.5,18.7,36.4,25.7,82.0,13.1,22.4,25.9,17.2,19.3,3.8,4.8,12.3,12.4,6.8,6.4,5.0,5.0,82.0,18.7,21.2,41.5,29.3,94.4,15.0,25.5,29.4,19.6,21.9,4.2,5.3,13.9,13.9,7.5,7.2,5.6,5.6,21.2,40.5,41.5,41.8,41.8,41.5,41.5,41.5,41.5,33.2,0.0,56.4,66.7,95.3,63.3,57.8,38.3,48.6,43.3,37.5,43.6,33.3,4.7,36.7,42.2,61.7,51.4,56.7,62.5,0.0,0.0,0.0,0.0,0.0,0.0,0.0,0.0,0.0,1197.8,12.00,16,16,16,39,55,661,1,69.8,69.4,69.5,62.9,64.5,69.2,64.1,63.7,60.3,61.5,60.0,60.1,58.8,59.1,58.6,52.0,48.8,1.381,1.038,1.375,12.301,11.304,12.301,50.726,37.338,3.446,4.495,6.900,3.881,3.356,1.999,2.760,2.221,1.957,16.829,11.627,28.456,37.419,1197.8,1197.8,4137.8,4155.6,4120.0,4155.6,42.5,20.5,56.4,73.0,60.8,No,No,No,0.658,0.130,4.5,48,95.0,100.0,No,No,91229,99001,32,99.0,No,No,3320,0.0,0.1,0.1,0.000,0.130,11120,9288,0.0,0.0,0.0,0.000,0.000,50,0,48.2,64.5,83.0,0.925,12.127,12.173,12.150,12.057,1129,64.339,25.650,43.066,14.961,49.570,25.560,23.926,0.336,43.066,21.646,4.034,30.337,220.000,240.000,1725.0,1750.2,1515.0,1721.6,1635.0,25.0,9.0,0.0,1.0,30.6,4.5,18.1,0.0,0.0,0.0,33,Yes,No,No,No,No,Yes,No,29.4,35.6,0,0,0,0,0,0,0,0,0,14,0,0,0,0,0,0,0,0,0,0,0,0,0,0,0,0,0,0,0,0,5684,2508,2343,99,8.0,239.8,269.0,217.4,206.2,210.9,204.6,113.7,241.0,59.9,59.9,59.9,59.9,4.17,4.76,3.60,3.52,4.85,4.95,0.39,0.01,4.05,0.12,2.70,0,0,0.0,0.0,198,30,1.4,1.1,0,
5.7.2026,22:41:58.883,18180,27814,39.5,13086,19596,40.0,0.2,13312,23,1.363,1.369,1.363,1.363,1.363,1.363,1.363,1.363,1.363,4145.6,4167.5,4142.5,4142.5,4142.5,4142.5,4142.5,4142.5,4142.5,99.8,871.4,2806.0,1201.6,3384.3,675.7,978.3,989.3,689.6,856.9,166.7,169.3,508.6,561.5,290.6,263.2,231.3,169.9,871.4,18.8,36.2,28.4,81.7,15.9,23.2,23.4,16.3,20.2,4.0,4.0,11.9,13.1,6.6,6.1,5.6,4.0,81.7,18.8,21.5,41.4,32.5,94.1,18.3,26.6,26.8,18.6,23.1,4.5,4.5,13.6,14.9,7.4,6.9,6.3,4.5,21.5,41.5,41.8,41.5,41.5,41.5,41.5,41.5,41.5,41.5,0.0,56.5,68.0,95.6,63.2,58.3,37.4,49.1,42.9,37.2,43.5,32.0,4.4,36.8,41.7,62.6,50.9,57.1,62.8,0.0,0.0,0.0,0.0,0.0,0.0,0.0,0.0,0.0,1197.8,12.00,16,16,16,39,55,661,1,69.8,69.3,69.5,63.0,64.6,69.2,64.2,63.8,60.1,61.6,60.0,60.1,58.8,59.1,58.5,52.8,48.8,1.369,1.025,1.375,12.398,11.286,12.398,50.817,37.466,3.465,4.607,6.895,3.892,3.396,1.948,2.794,2.214,1.973,16.975,11.609,28.584,37.547,1197.8,1197.8,4140.2,4157.3,4123.2,4157.6,42.7,20.7,56.5,73.0,61.0,No,No,No,0.661,0.131,4.5,48,95.0,100.0,No,No,91229,99001,32,99.0,No,No,3320,0.0,0.0,0.0,0.000,0.008,11120,9288,0.0,0.0,0.0,0.000,0.000,50,0,46.2,61.4,83.0,0.731,12.141,12.187,12.161,12.077,1129,47.431,18.127,23.161,7.922,37.212,24.310,12.867,0.336,23.161,22.277,12.625,17.405,220.000,240.000,1230.0,1250.2,1080.0,1315.6,1170.0,39.0,14.0,0.0,1.0,30.6,5.9,23.6,0.0,0.0,0.0,33,Yes,No,No,No,No,Yes,No,20.7,24.1,0,0,0,0,0,0,0,0,0,14,0,0,0,0,0,0,0,0,0,0,0,0,0,0,0,0,0,0,0,0,5684,2508,2343,99,8.0,239.8,274.6,209.9,204.4,206.2,203.9,110.1,241.4,59.9,59.8,59.9,59.8,4.17,4.95,3.44,2.57,5.15,5.47,0.55,0.01,4.05,0.12,2.91,0,0,0.0,0.0,198,30,0.7,0.1,0,
5.7.2026,22:42:0.895,18187,27807,39.5,13085,19597,40.0,0.2,13312,23,1.362,1.356,1.363,1.363,1.363,1.363,1.363,1.363,1.363,4167.5,4167.5,4167.5,4167.5,4167.5,4167.5,4167.5,4167.5,4167.5,99.8,873.0,2755.5,1116.8,3396.6,603.0,671.8,1356.2,591.0,918.0,147.0,200.9,495.9,642.3,240.0,287.1,263.9,281.6,873.0,19.0,34.2,26.6,82.2,14.3,16.0,32.6,14.0,21.9,3.7,5.0,11.8,15.3,5.5,6.8,6.5,7.0,82.2,19.0,21.5,38.9,30.2,94.4,16.3,18.1,37.1,15.8,24.8,3.9,5.4,13.2,17.2,6.1,7.6,7.2,7.6,21.5,41.8,41.8,41.8,41.8,41.8,41.8,41.8,41.8,41.8,0.0,56.6,66.8,95.2,64.2,58.2,37.6,49.7,42.2,38.7,43.4,33.2,4.8,35.8,41.8,62.4,50.3,57.8,61.3,0.0,0.0,0.0,0.0,0.0,0.0,0.0,0.0,0.0,1197.8,12.00,16,16,16,39,55,661,1,69.8,69.9,69.8,63.2,64.3,69.3,64.3,63.9,60.3,62.4,60.1,61.0,58.9,59.1,58.6,52.0,48.8,1.375,1.031,1.381,12.600,11.261,12.600,50.923,37.661,3.507,4.386,6.873,3.979,3.367,2.015,2.958,2.213,2.265,17.225,11.584,28.809,37.768,1197.8,1197.8,4135.1,4150.2,4120.1,4150.2,42.9,21.0,56.6,73.6,61.2,No,No,No,0.630,0.130,4.5,48,95.0,100.0,No,No,91229,99001,32,99.0,No,No,3320,0.0,0.0,0.0,0.000,0.030,11120,9288,0.0,0.0,0.0,0.000,0.000,50,0,46.2,61.2,83.0,0.731,12.137,12.182,12.156,12.072,1134,45.523,17.461,22.947,8.052,37.150,24.373,12.748,0.336,22.947,22.557,2.362,21.134,220.000,240.000,1245.0,1250.2,1080.0,1223.4,1170.0,38.0,14.0,0.0,1.0,30.7,6.4,25.6,0.0,0.0,0.0,33,Yes,No,No,No,No,Yes,No,20.7,23.1,0,0,0,0,0,0,0,0,0,14,0,0,0,0,0,0,0,0,0,0,0,0,0,0,0,0,0,0,0,0,5680,2512,2347,99,8.0,239.8,286.3,204.2,175.1,189.6,168.3,111.7,241.9,59.9,59.9,59.9,59.8,4.17,4.90,3.40,2.58,5.31,6.05,0.51,0.01,4.05,0.12,2.69,0,0,0.0,0.0,198,30,0.1,0.7,0,
5.7.2026,22:42:2.891,18192,27802,39.5,13093,19589,40.0,0.2,13312,23,1.360,1.369,1.363,1.363,1.363,1.356,1.356,1.356,1.356,4142.5,4142.5,4142.5,4142.5,4142.5,4142.5,4142.5,4142.5,4142.5,99.8,837.5,2724.7,1072.0,3496.9,461.7,647.5,1290.8,589.6,900.4,128.6,161.5,419.6,547.1,277.4,299.0,201.6,182.2,837.5,18.2,36.0,25.6,84.5,11.0,15.5,31.1,14.1,21.6,2.6,4.1,10.1,13.0,6.5,7.3,4.4,3.9,84.5,18.2,20.7,40.9,29.0,97.2,12.3,17.4,35.2,15.7,24.4,3.4,4.3,11.1,14.5,7.1,7.9,5.5,4.9,20.7,41.5,41.5,41.5,41.5,41.5,41.5,41.5,41.5,41.5,0.0,55.5,66.0,95.2,62.2,57.3,36.5,47.7,42.6,36.5,44.5,34.0,4.8,37.8,42.7,63.5,52.3,57.4,63.5,0.0,0.0,0.0,0.0,0.0,0.0,0.0,0.0,0.0,1197.8,12.00,16,16,16,39,55,661,1,69.6,69.3,69.5,62.8,64.4,69.1,63.9,63.6,59.9,61.4,59.9,59.9,58.8,59.1,58.5,51.8,48.7,1.356,1.025,1.369,12.221,11.295,12.221,49.950,37.243,3.407,4.490,6.889,3.799,3.302,1.904,2.692,2.247,1.935,16.715,11.616,28.331,37.291,1197.8,1197.8,4138.5,4156.0,4121.0,4156.3,42.4,20.4,55.5,73.0,61.1,No,No,No,0.633,0.131,4.4,48,95.0,100.0,No,No,91229,99001,32,99.0,No,No,3320,0.0,0.0,0.0,0.000,0.040,11120,9288,0.0,0.0,0.0,0.000,0.000,50,0,46.6,62.0,83.0,0.750,12.132,12.177,12.153,12.067,1131,49.733,18.868,26.435,9.084,40.482,25.763,14.684,0.336,26.435,23.436,2.380,19.642,220.000,240.000,1290.0,1750.2,1140.0,1274.0,1230.0,34.0,10.0,0.0,1.0,30.6,6.0,23.9,0.0,0.0,0.0,33,Yes,No,No,No,No,Yes,No,22.7,24.6,0,0,0,0,0,0,0,0,0,14,0,0,0,0,0,0,0,0,0,0,0,0,0,0,0,0,0,0,0,0,5684,2508,2343,98,8.0,239.8,277.9,211.2,189.3,200.5,184.1,107.9,241.0,59.9,59.9,59.9,59.8,4.17,4.86,3.42,2.82,5.18,5.58,0.49,0.01,4.05,0.12,2.88,0,0,0.0,0.0,198,30,1.0,1.2,0,
5.7.2026,22:42:4.891,18181,27813,39.5,13093,19589,40.0,0.2,13312,23,1.348,1.344,1.344,1.350,1.350,1.350,1.350,1.350,1.350,4145.6,4167.5,4142.5,4142.5,4142.5,4142.5,4142.5,4142.5,4142.5,99.8,838.4,2763.2,1076.8,3384.9,574.3,842.6,1129.6,631.6,855.5,157.6,155.5,468.1,547.1,258.5,299.2,101.6,168.1,838.4,18.0,36.4,25.3,81.6,13.3,19.8,26.7,14.6,20.0,4.3,3.4,10.8,12.6,5.6,6.7,3.0,4.6,81.6,18.0,20.7,41.8,29.1,94.1,15.4,22.8,30.7,16.9,23.1,4.2,4.0,12.4,14.5,6.5,7.8,2.7,4.5,20.7,41.5,41.8,41.5,41.5,41.5,41.5,41.5,41.5,41.5,0.0,55.4,66.9,95.0,63.1,57.2,36.5,47.7,42.0,34.6,44.6,33.1,5.0,36.9,42.8,63.5,52.3,58.0,65.4,0.0,0.0,0.0,0.0,0.0,0.0,0.0,0.0,0.0,1197.8,12.00,16,16,16,39,55,661,1,69.5,69.2,69.5,62.7,64.3,69.0,64.2,63.4,60.0,61.4,60.0,59.7,58.7,59.0,58.4,52.5,49.1,1.369,1.025,1.375,12.241,11.275,12.238,49.833,37.223,3.415,4.506,6.860,3.917,3.280,1.942,2.731,2.226,1.861,16.759,11.599,28.358,37.311,1197.8,1197.8,4139.5,4158.7,4120.4,4158.7,42.4,20.4,55.4,72.8,61.1,No,No,No,0.625,0.131,4.4,48,95.0,100.0,No,No,91229,99001,32,99.0,No,No,3320,0.0,0.0,0.0,0.000,0.032,11120,9288,0.0,0.0,0.0,0.000,0.000,50,0,46.6,61.9,83.0,0.750,12.136,12.181,12.155,12.071,1128,46.863,19.970,24.984,8.551,38.229,24.310,13.879,0.336,24.984,22.092,23.137,19.198,220.000,240.000,1290.0,1750.2,1140.0,1218.1,1230.0,41.0,14.0,0.0,1.0,30.6,6.5,26.1,0.0,0.0,0.0,33,Yes,No,No,No,No,Yes,No,21.4,24.8,0,0,0,0,0,0,0,0,0,14,0,0,0,0,0,0,0,0,0,0,0,0,0,0,0,0,0,0,0,0,5684,2508,2343,99,8.0,239.8,280.2,210.4,207.5,208.9,206.9,117.8,241.3,59.9,59.9,59.9,59.9,4.17,4.88,3.36,3.26,5.06,5.17,0.56,0.00,4.05,0.12,2.83,0,0,0.0,0.0,198,30,0.5,0.3,0,
5.7.2026,22:42:6.897,18179,27815,39.5,13096,19585,40.0,0.2,13312,23,1.369,1.369,1.369,1.369,1.369,1.369,1.369,1.369,1.369,3880.5,4167.5,4167.5,4167.5,4167.5,3593.5,3593.5,3593.5,3593.5,99.8,846.7,2691.7,1028.9,3357.1,624.1,1253.4,735.9,813.2,663.2,180.8,177.7,563.5,502.9,344.9,263.4,135.8,210.3,846.7,18.1,34.8,24.0,80.9,14.3,29.9,17.0,19.1,15.3,4.0,4.0,13.1,11.4,7.6,5.8,2.9,4.7,80.9,18.1,21.0,40.0,27.7,93.3,16.8,34.4,19.8,22.1,17.7,4.9,4.8,15.2,13.3,9.0,7.0,3.6,5.7,21.0,38.9,41.8,41.8,41.8,41.8,36.0,36.0,36.0,36.0,0.0,55.8,65.2,95.4,63.2,57.0,38.1,48.3,42.9,36.3,44.2,34.8,4.6,36.8,43.0,61.9,51.7,57.1,63.7,0.0,0.0,0.0,0.0,0.0,0.0,0.0,0.0,0.0,1197.8,12.00,16,16,16,39,55,661,1,69.5,69.2,69.8,62.8,64.1,69.1,64.2,63.5,60.1,61.5,60.2,60.0,58.8,59.1,58.5,51.8,48.3,1.369,1.031,1.369,12.326,11.308,12.328,50.233,37.403,3.432,4.334,6.885,3.950,3.267,2.000,2.772,2.295,1.949,16.881,11.631,28.512,37.477,1197.8,1197.8,4137.4,4158.2,4116.6,4158.2,42.6,20.5,55.8,72.9,61.2,No,No,No,0.676,0.132,4.5,48,95.0,100.0,No,No,91229,99001,32,99.0,No,No,3320,0.0,0.0,0.0,0.000,0.022,11120,9288,0.0,0.0,0.0,0.000,0.000,50,0,46.5,61.8,83.0,0.738,12.137,12.182,12.157,12.073,1129,51.398,17.706,24.294,8.430,38.052,24.521,13.496,0.336,24.294,22.485,2.247,18.907,220.000,240.000,1260.0,1250.2,1095.0,1287.9,1185.0,41.0,14.0,0.0,1.0,30.6,6.2,24.6,0.0,0.0,0.0,33,Yes,No,No,No,No,Yes,No,21.3,23.8,0,0,0,0,0,0,0,0,0,14,0,0,0,0,0,0,0,0,0,0,0,0,0,0,0,0,0,0,0,0,5684,2508,2343,99,8.0,239.8,284.2,210.3,197.8,204.1,195.0,116.8,240.9,59.9,59.9,59.9,59.9,4.17,4.91,3.39,3.05,5.03,5.19,0.49,0.01,4.04,0.13,2.56,0,0,0.0,0.0,198,30,1.0,1.0,0,
5.7.2026,22:42:8.891,18173,27820,39.5,13090,19591,40.0,0.2,13312,23,1.366,1.369,1.363,1.363,1.363,1.363,1.369,1.369,1.369,3872.4,4142.5,4167.5,3334.0,3314.0,3593.5,4142.5,4142.5,4142.5,99.8,859.4,2764.7,960.7,3350.6,633.1,1467.4,547.7,1050.4,475.6,191.3,174.0,593.9,461.1,394.7,242.7,306.5,136.5,859.4,19.1,40.0,22.9,80.9,15.2,35.4,13.0,25.3,11.3,4.9,4.5,14.4,11.0,9.5,5.9,7.7,3.5,80.9,19.1,21.5,45.4,25.8,93.1,17.1,40.2,14.5,28.6,12.5,5.1,4.6,16.0,12.1,10.3,6.3,8.4,3.5,21.5,38.8,41.5,41.8,33.4,33.2,36.0,41.5,41.5,41.5,0.0,56.7,67.0,95.4,63.9,57.9,38.6,48.7,44.2,38.2,43.3,33.0,4.6,36.1,42.1,61.4,51.3,55.8,61.8,0.0,0.0,0.0,0.0,0.0,0.0,0.0,0.0,0.0,1197.8,12.00,16,16,16,39,55,661,1,69.5,69.3,69.8,62.8,64.3,69.1,64.1,63.5,60.0,61.4,60.1,59.8,58.7,59.0,58.4,52.2,48.8,1.381,1.019,1.381,12.410,11.347,12.408,51.050,37.521,3.453,4.517,6.921,3.915,3.298,1.987,2.743,2.297,1.949,16.968,11.670,28.638,37.598,1197.8,1197.8,4136.1,4155.5,4116.7,4155.8,42.7,20.7,56.7,72.9,61.2,No,No,No,0.661,0.131,4.5,48,95.0,100.0,No,No,91229,99001,32,99.0,No,No,3320,0.0,0.0,0.0,0.000,0.044,11120,9288,0.0,0.0,0.0,0.000,0.000,50,0,47.1,62.7,83.0,0.750,12.134,12.179,12.154,12.068,1130,51.408,19.480,27.776,9.646,41.264,25.802,15.431,0.336,27.776,23.428,2.407,20.932,220.000,240.000,1290.0,1750.2,1140.0,1279.4,1230.0,34.0,9.0,0.0,1.0,30.6,6.3,25.2,0.0,0.0,0.0,33,Yes,No,No,No,No,Yes,No,23.3,25.1,0,0,0,0,0,0,0,0,0,14,0,0,0,0,0,0,0,0,0,0,0,0,0,0,0,0,0,0,0,0,5684,2508,2343,99,8.0,239.6,288.7,205.8,183.2,194.9,177.7,106.1,241.1,59.9,59.9,59.9,59.9,4.17,5.05,3.25,3.00,5.41,5.71,0.50,0.01,4.04,0.13,2.61,0,0,0.0,0.0,198,30,0.1,0.6,0,
5.7.2026,22:42:10.891,18176,27817,39.5,13094,19588,40.0,0.2,13312,23,1.358,1.350,1.363,1.363,1.363,1.363,1.363,1.350,1.350,3941.6,4192.4,4142.5,4142.5,4142.5,3314.0,3314.0,4142.5,4142.5,99.8,835.2,2725.7,944.2,3513.0,482.2,1117.3,819.5,876.2,545.9,177.0,174.1,530.9,481.3,301.2,267.1,208.2,198.9,835.2,18.0,38.1,22.0,84.7,11.0,26.5,19.2,20.7,12.5,4.0,3.9,12.4,11.0,6.7,6.0,4.7,4.5,84.7,18.0,20.8,43.6,25.4,97.7,12.9,30.4,22.2,23.7,14.5,4.8,4.6,14.2,12.7,7.7,7.0,5.6,5.3,20.8,39.5,42.0,41.5,41.5,41.5,33.2,33.2,41.5,41.5,0.0,55.5,66.1,95.9,62.0,56.0,37.3,47.1,42.3,37.2,44.5,33.9,4.1,38.0,44.0,62.7,52.9,57.7,62.8,0.0,0.0,0.0,0.0,0.0,0.0,0.0,0.0,0.0,1197.8,12.00,16,16,16,39,55,661,1,69.5,69.2,69.0,62.7,64.2,69.0,63.9,63.2,59.9,61.4,59.7,59.9,58.6,58.9,58.3,51.8,48.8,1.362,1.025,1.369,12.281,11.329,12.282,49.933,37.365,3.425,4.476,6.943,3.834,3.224,1.966,2.749,2.206,2.001,16.833,11.653,28.486,37.443,1197.8,1197.8,4135.1,4161.6,4108.6,4161.6,42.5,20.5,55.5,72.8,61.2,No,No,No,0.629,0.131,4.4,48,95.0,100.0,No,No,91229,99001,32,99.0,No,No,3320,0.0,0.0,0.0,0.000,0.075,11120,9288,0.0,0.0,0.0,0.000,0.000,50,0,47.0,62.5,83.0,0.750,12.137,12.183,12.158,12.071,1129,51.547,19.998,28.557,10.075,41.592,25.688,15.865,0.336,28.557,23.396,2.530,23.387,220.000,240.000,1290.0,1750.2,1140.0,1275.1,1230.0,34.0,9.0,0.0,1.0,30.6,6.5,25.8,0.0,0.0,0.0,33,Yes,No,No,No,No,Yes,No,23.6,25.5,0,0,0,0,0,0,0,0,0,14,0,0,0,0,0,0,0,0,0,0,0,0,0,0,0,0,0,0,0,0,5684,2508,2343,99,8.0,239.8,277.1,213.9,211.5,212.7,210.9,110.6,241.4,59.9,59.9,59.9,59.9,4.17,4.77,3.61,3.29,4.80,4.84,0.59,0.01,4.06,0.11,2.71,0,0,0.0,0.0,198,30,0.1,0.1,0,
5.7.2026,22:42:12.896,18158,27836,39.4,13080,19601,40.0,0.2,13312,23,1.345,1.350,1.344,1.344,1.344,1.344,1.344,1.344,1.344,4145.6,4167.5,4142.5,4142.5,4142.5,4142.5,4142.5,4142.5,4142.5,99.8,831.8,2662.0,854.3,3469.0,536.6,1039.0,935.0,877.5,598.3,172.8,224.1,489.0,518.6,307.7,274.5,173.7,177.1,831.8,18.2,38.6,20.0,83.7,12.5,24.8,22.2,20.8,13.9,4.1,5.3,11.5,12.1,7.0,6.3,4.1,4.2,83.7,18.2,20.8,44.1,22.8,96.5,14.4,28.2,25.4,23.7,15.9,4.6,6.0,13.1,13.7,7.9,7.2,4.7,4.7,20.8,41.5,41.8,41.5,41.5,41.5,41.5,41.5,41.5,41.5,0.0,55.7,64.5,95.5,63.1,57.0,38.3,48.0,42.5,36.5,44.3,35.5,4.5,36.9,43.0,61.7,52.0,57.5,63.5,0.0,0.0,0.0,0.0,0.0,0.0,0.0,0.0,0.0,1197.8,12.00,16,16,16,39,55,661,1,69.5,69.2,68.8,62.7,64.0,69.1,64.2,63.3,59.9,61.3,59.9,59.8,58.6,59.0,58.3,51.5,48.1,1.369,1.031,1.375,12.388,11.362,12.388,50.101,37.542,3.426,4.362,6.956,3.932,3.258,2.002,2.743,2.235,1.920,16.968,11.686,28.654,37.614,1197.8,1197.8,4136.4,4159.4,4113.3,4159.4,42.7,20.6,55.7,72.9,61.7,No,No,No,0.651,0.126,4.5,48,95.0,100.0,No,No,91229,99001,32,99.0,No,No,3320,0.0,0.0,0.0,0.000,0.092,11120,9289,0.0,0.0,0.0,0.000,0.000,50,0,47.2,62.8,83.0,0.750,12.137,12.182,12.157,12.071,1129,52.099,19.946,28.570,10.136,41.650,25.735,15.871,0.336,28.570,23.506,2.554,22.530,220.000,240.000,1305.0,1750.2,1140.0,1285.6,1230.0,36.0,10.0,0.0,1.0,30.6,6.4,25.7,0.0,0.0,0.0,33,Yes,No,No,No,No,Yes,No,23.7,25.7,0,0,0,0,0,0,0,0,0,14,0,0,0,0,0,0,0,0,0,0,0,0,0,0,0,0,0,0,0,0,5684,2508,2343,99,8.0,239.8,272.5,212.7,210.8,211.6,210.4,111.6,240.6,59.9,59.8,59.9,59.8,4.17,4.99,3.41,3.16,5.14,5.22,0.54,0.01,4.04,0.13,2.80,0,0,0.0,0.0,198,30,0.4,0.8,0,
5.7.2026,22:42:14.888,18162,27832,39.4,13082,19599,40.0,0.2,13312,23,1.350,1.350,1.350,1.350,1.350,1.350,1.350,1.350,1.350,4120.7,4142.5,4117.6,4117.6,4117.6,4117.6,4117.6,4117.6,4117.6,99.8,941.2,2927.1,1190.4,3361.4,559.2,1336.7,864.8,1002.5,597.8,253.5,196.1,716.8,632.4,462.5,316.9,230.6,410.5,941.2,20.6,39.4,28.3,81.4,13.4,32.1,20.7,24.1,14.3,5.7,4.2,17.4,15.2,11.0,7.7,5.1,9.5,81.4,20.6,23.4,44.8,32.0,93.3,15.0,36.3,23.3,27.1,15.9,6.8,5.2,19.3,17.0,12.1,8.3,6.1,11.2,23.3,41.3,41.5,41.2,41.2,41.2,41.2,41.2,41.2,41.2,0.0,61.4,71.0,94.8,68.1,62.4,43.9,56.2,49.7,45.1,38.6,29.0,5.2,31.9,37.6,56.1,43.8,50.3,54.9,0.0,0.0,0.0,0.0,0.0,0.0,0.0,0.0,0.0,1197.8,12.00,16,16,16,39,55,661,1,69.8,69.9,67.8,63.4,64.7,68.9,64.6,63.9,60.5,62.9,60.6,61.3,58.8,59.0,58.5,51.0,48.2,1.344,1.038,1.363,13.201,11.382,13.203,55.253,38.575,3.690,4.728,6.732,4.184,3.490,2.159,3.276,2.523,2.431,17.983,11.711,29.695,38.665,1197.8,1197.8,4131.8,4140.5,4123.2,4140.8,43.9,22.0,61.4,73.5,60.7,No,No,No,0.654,0.133,4.9,48,95.0,100.0,No,No,91229,99001,32,99.0,No,No,3320,0.0,0.0,0.0,0.000,0.016,11120,9289,0.0,0.0,0.0,0.000,0.000,50,0,47.2,63.0,83.0,0.750,12.131,12.176,12.153,12.066,1133,50.987,20.793,30.726,11.116,43.202,26.086,17.068,0.336,30.726,23.860,2.613,22.192,220.000,240.000,1305.0,1750.2,1140.0,1285.8,1230.0,40.0,10.0,0.0,1.0,30.6,6.9,27.5,0.0,0.0,0.0,33,Yes,No,No,No,No,Yes,No,24.8,27.4,0,0,0,0,0,0,0,0,0,14,0,0,0,0,0,0,0,0,0,0,0,0,0,0,0,0,0,0,0,0,5684,2508,2343,99,8.0,239.8,278.3,213.3,191.2,201.4,187.1,110.1,240.9,59.9,59.8,59.8,59.8,4.17,5.11,2.94,2.35,5.47,5.80,0.59,0.01,4.02,0.15,2.41,0,0,0.0,0.0,198,30,6.1,2.0,0,
5.7.2026,22:42:16.886,18160,27834,39.4,13080,19602,40.0,0.2,13312,23,1.358,1.369,1.356,1.356,1.356,1.356,1.356,1.356,1.356,4142.5,4142.5,4142.5,4142.5,4142.5,4142.5,4142.5,4142.5,4142.5,99.8,876.1,2846.0,1065.6,3275.4,712.6,1455.6,620.4,1052.4,520.0,240.2,150.2,625.0,434.9,407.4,251.1,136.2,224.2,876.1,18.9,39.0,25.0,79.1,16.8,34.8,14.4,25.0,11.3,5.7,4.2,14.8,10.0,9.3,5.0,3.2,5.3,79.1,18.9,21.7,44.6,28.6,91.0,19.3,39.7,16.4,28.5,13.7,6.4,3.9,16.8,11.4,10.5,6.5,3.6,6.0,21.7,41.5,41.5,41.5,41.5,41.5,41.5,41.5,41.5,41.5,0.0,58.8,68.9,95.0,65.7,60.7,41.8,51.2,46.8,40.2,41.2,31.1,5.0,34.3,39.3,58.2,48.8,53.2,59.8,0.0,0.0,0.0,0.0,0.0,0.0,0.0,0.0,0.0,1197.8,12.00,16,16,16,39,55,661,1,69.6,69.1,66.8,62.8,64.5,68.9,64.2,63.4,60.1,61.3,60.1,59.9,58.7,59.0,58.4,52.2,48.8,1.369,1.038,1.369,12.655,11.406,12.654,52.912,37.894,3.485,4.602,6.822,3.992,3.347,2.051,2.769,2.346,1.948,17.272,11.732,29.004,37.967,1197.8,1197.8,4137.4,4151.8,4123.0,4151.8,43.1,21.1,58.8,72.7,61.7,No,No,No,0.655,0.132,4.7,48,95.0,100.0,No,No,91229,99001,32,99.0,No,No,3320,0.0,0.0,0.0,0.036,0.038,11121,9289,0.0,0.0,0.0,0.000,0.000,50,0,47.6,63.1,83.0,0.750,12.133,12.178,12.154,12.068,1128,53.670,21.016,29.775,10.546,42.259,25.680,16.541,0.336,29.775,23.308,2.548,29.393,220.000,240.000,1290.0,1750.2,1140.0,1301.6,1230.0,37.0,10.0,0.0,1.0,30.6,6.7,26.7,0.0,0.0,0.0,33,Yes,No,No,No,No,Yes,No,24.1,26.1,0,0,0,0,0,0,0,0,0,14,0,0,0,0,0,0,0,0,0,0,0,0,0,0,0,0,0,0,0,0,5684,2508,2343,99,8.0,239.9,294.6,198.0,191.7,194.2,190.6,112.1,241.3,59.9,59.8,59.8,59.7,4.17,5.39,3.14,2.91,5.56,5.75,0.55,0.01,4.03,0.14,2.75,0,0,0.0,0.0,198,30,1.1,0.5,0,
5.7.2026,22:42:18.892,18158,27835,39.4,13077,19605,40.0,0.2,13312,23,1.363,1.356,1.363,1.363,1.363,1.363,1.363,1.363,1.369,4167.5,4167.5,4167.5,4167.5,4167.5,4167.5,4167.5,4167.5,4167.5,99.8,876.9,2772.6,1057.5,3370.5,599.7,1472.8,585.6,959.3,494.3,229.7,170.8,614.1,455.8,371.0,242.2,177.2,456.9,876.9,19.2,37.3,24.9,81.3,13.9,35.3,13.5,22.8,12.0,6.1,3.8,14.5,10.5,8.4,6.1,4.7,11.5,81.3,19.2,21.8,42.6,28.6,93.6,16.1,40.4,15.6,26.1,13.0,6.2,4.5,16.5,12.0,9.6,6.3,4.7,12.5,21.8,41.8,41.8,41.8,41.8,41.8,41.8,41.8,41.8,41.8,0.0,57.2,67.3,94.8,64.5,57.2,39.3,49.1,43.9,41.4,42.8,32.7,5.2,35.5,42.8,60.7,50.9,56.1,58.6,0.0,0.0,0.0,0.0,0.0,0.0,0.0,0.0,0.0,1197.8,12.00,16,16,16,39,55,661,1,69.4,69.1,69.5,62.8,64.3,68.8,64.3,63.2,60.1,61.4,60.0,60.1,58.6,58.9,58.3,51.2,48.7,1.381,1.031,1.381,12.452,11.372,12.452,51.468,37.607,3.462,4.506,6.829,3.982,3.219,2.025,2.773,2.273,2.088,17.022,11.696,28.718,37.681,1197.8,1197.8,4129.8,4154.1,4105.4,4154.1,42.8,20.8,57.2,72.7,61.2,No,No,No,0.673,0.132,4.6,48,95.0,100.0,No,No,91229,99001,32,99.0,No,No,3320,0.0,0.0,0.0,0.000,0.065,11121,9289,0.0,0.0,0.0,0.000,0.000,50,0,48.0,63.7,83.0,0.775,12.132,12.176,12.154,12.066,1130,55.611,25.031,33.860,12.189,44.871,26.002,18.811,0.336,33.860,23.446,31.865,25.068,220.000,240.000,1380.0,1750.2,1200.0,1307.7,1305.0,39.0,10.0,0.0,1.0,30.6,6.7,26.9,0.0,0.0,0.0,33,Yes,No,No,No,No,Yes,No,26.0,26.8,0,0,0,0,0,0,0,0,0,14,0,0,0,0,0,0,0,0,0,0,0,0,0,0,0,0,0,0,0,0,5684,2508,2343,99,8.0,239.7,270.0,210.8,208.2,209.2,207.8,116.8,240.9,59.9,59.9,59.9,59.9,4.17,5.00,3.38,2.99,5.31,5.62,0.56,0.01,4.03,0.14,2.76,0,0,0.0,0.0,198,30,0.2,0.6,0,
5.7.2026,22:42:20.892,18157,27837,39.4,13079,19603,40.0,0.2,13312,23,1.363,1.350,1.375,1.363,1.363,1.363,1.363,1.363,1.363,4164.4,4142.5,4167.5,4167.5,4167.5,4167.5,4167.5,4167.5,4167.5,99.8,864.1,2806.6,1166.3,3434.7,532.6,1111.0,827.5,940.7,566.9,205.6,183.5,561.3,486.8,315.0,336.1,129.4,222.3,864.1,18.7,36.8,27.6,82.8,12.5,26.5,19.5,22.5,13.3,4.3,4.4,13.4,11.5,7.2,7.9,3.1,5.4,82.8,18.7,21.3,41.9,31.5,95.4,14.3,30.1,22.2,25.6,15.1,5.5,4.9,15.1,12.8,8.0,8.9,3.4,6.0,21.3,41.7,41.5,41.8,41.8,41.8,41.8,41.8,41.8,41.8,0.0,57.3,67.9,95.4,63.2,58.7,39.7,49.6,45.2,38.6,42.7,32.1,4.6,36.8,41.3,60.3,50.4,54.8,61.4,0.0,0.0,0.0,0.0,0.0,0.0,0.0,0.0,0.0,1197.8,12.00,16,16,16,39,55,661,1,69.4,69.0,68.8,62.7,64.3,68.8,63.7,63.2,60.1,61.4,60.1,59.8,58.6,58.9,58.3,52.0,48.7,1.369,1.025,1.375,12.461,11.354,12.460,51.570,37.598,3.459,4.626,6.855,3.802,3.248,2.041,2.779,2.351,1.968,17.053,11.678,28.731,37.691,1197.8,1197.8,4137.0,4158.7,4115.3,4158.7,42.8,20.8,57.3,72.6,61.4,No,No,No,0.647,0.133,4.6,48,95.0,100.0,No,No,91229,99001,32,99.0,No,No,3320,0.0,0.0,0.0,0.000,0.030,11121,9289,0.0,0.0,0.0,0.000,0.000,50,0,48.3,64.3,83.0,0.775,12.135,12.180,12.156,12.069,1131,56.464,22.711,32.309,11.729,43.774,25.768,17.950,0.336,32.309,23.454,2.648,36.836,220.000,240.000,1365.0,1750.2,1200.0,1374.0,1305.0,35.0,10.0,0.0,1.0,30.6,6.7,26.8,0.0,0.0,0.0,33,Yes,No,No,No,No,Yes,No,25.4,27.2,0,0,0,0,0,0,0,0,0,14,0,0,0,0,0,0,0,0,0,0,0,0,0,0,0,0,0,0,0,0,5684,2508,2343,99,8.0,239.8,279.0,210.0,206.1,208.0,205.3,112.2,241.0,59.9,59.8,59.9,59.8,4.17,4.93,3.33,3.10,4.93,4.94,0.68,0.02,4.04,0.13,2.75,0,0,0.0,0.0,198,30,1.3,1.5,0,
5.7.2026,22:42:22.893,18160,27834,39.4,13077,19605,40.0,0.2,13312,23,1.355,1.363,1.350,1.350,1.350,1.350,1.350,1.363,1.363,4145.6,4167.5,4142.5,4142.5,4142.5,4142.5,4142.5,4142.5,4142.5,99.8,844.3,2651.8,1069.6,3491.8,533.0,988.5,1035.3,875.5,589.7,185.9,166.6,532.8,476.4,282.9,280.1,125.8,222.9,844.3,18.3,35.5,25.3,84.3,12.3,23.6,24.5,20.9,13.7,5.1,3.9,12.7,11.1,6.3,6.4,2.8,5.2,84.3,18.3,20.9,40.4,28.8,97.1,14.3,26.9,28.1,23.8,15.7,5.0,4.4,14.3,12.6,7.2,7.3,3.3,6.0,20.9,41.5,41.8,41.5,41.5,41.5,41.5,41.5,41.5,41.5,0.0,55.3,64.4,95.7,62.9,56.1,37.8,47.1,42.2,36.5,44.7,35.6,4.3,37.1,43.9,62.2,52.9,57.8,63.5,0.0,0.0,0.0,0.0,0.0,0.0,0.0,0.0,0.0,1197.8,12.00,16,16,16,39,55,661,1,69.4,69.2,67.0,62.6,64.0,69.0,64.0,63.3,59.8,61.1,59.7,59.7,58.5,58.8,58.2,51.2,48.8,1.375,1.031,1.363,12.320,11.335,12.320,49.808,37.411,3.422,4.442,7.020,3.912,3.198,1.970,2.697,2.205,1.930,16.870,11.659,28.529,37.486,1197.8,1197.8,4130.2,4159.5,4100.9,4159.8,42.6,20.5,55.3,72.8,61.4,No,No,No,0.634,0.132,4.4,48,95.0,100.0,No,No,91229,99001,32,99.0,No,No,3320,0.0,0.0,0.0,0.000,0.028,11121,9289,0.0,0.0,0.0,0.000,0.000,50,0,48.2,63.9,83.0,0.750,12.132,12.177,12.153,12.067,1131,56.027,20.574,30.233,10.789,42.561,25.715,16.796,0.336,30.233,23.397,2.507,23.171,220.000,240.000,1305.0,1750.2,1140.0,1362.4,1230.0,39.0,10.0,0.0,1.0,30.6,6.6,26.5,0.0,0.0,0.0,33,Yes,No,No,No,No,Yes,No,24.7,30.4,0,0,0,0,0,0,0,0,0,14,0,0,0,0,0,0,0,0,0,0,0,0,0,0,0,0,0,0,0,0,5684,2508,2343,99,8.0,239.8,274.9,209.3,206.9,207.9,206.5,116.7,241.1,59.8,59.8,59.8,59.8,4.17,5.06,3.37,3.24,5.22,5.40,0.67,0.01,4.04,0.13,2.73,0,0,0.0,0.0,198,30,1.4,0.3,0,
5.7.2026,22:42:24.896,18156,27837,39.4,13078,19603,40.0,0.2,13312,23,1.357,1.350,1.356,1.356,1.356,1.356,1.356,1.363,1.363,4142.5,4142.5,4142.5,4142.5,4142.5,4142.5,4142.5,4142.5,4142.5,99.8,848.5,2674.1,1108.4,3353.5,635.8,1108.3,774.9,829.7,549.3,194.1,202.8,560.9,476.7,332.6,273.4,219.1,283.0,848.5,18.4,35.2,26.3,81.0,14.9,26.6,18.3,19.9,12.8,4.6,4.7,13.5,11.2,7.6,6.3,5.2,6.7,81.0,18.4,21.0,40.0,29.9,93.3,17.2,30.2,20.8,22.5,14.5,5.2,5.4,15.1,12.5,8.5,7.1,5.9,7.7,21.0,41.5,41.5,41.5,41.5,41.5,41.5,41.5,41.5,41.5,0.0,55.5,65.1,95.3,61.2,55.6,38.2,47.3,42.8,38.8,44.5,34.9,4.7,38.8,44.4,61.8,52.7,57.2,61.2,0.0,0.0,0.0,0.0,0.0,0.0,0.0,0.0,0.0,1197.8,12.00,16,16,16,39,55,661,1,69.2,69.1,68.5,62.6,64.1,68.9,63.7,63.1,60.0,61.2,59.8,60.1,58.5,58.8,58.3,52.5,48.7,1.362,1.025,1.369,12.331,11.303,12.331,49.969,37.387,3.412,4.419,6.918,3.762,3.125,2.027,2.722,2.261,2.063,16.882,11.625,28.507,37.465,1197.8,1197.8,4126.5,4158.3,4094.6,4158.3,42.6,20.6,55.5,72.7,61.6,No,No,No,0.639,0.131,4.4,48,95.0,100.0,No,No,91229,99001,32,99.0,No,No,3320,0.0,0.0,0.0,0.000,0.010,11121,9289,0.0,0.0,0.0,0.000,0.000,50,0,48.4,64.1,83.0,0.756,12.134,12.179,12.155,12.069,1128,54.831,21.237,31.020,11.168,43.042,25.768,17.233,0.336,31.020,23.478,2.502,26.799,220.000,240.000,1320.0,1750.2,1155.0,1312.9,1245.0,37.0,10.0,0.0,1.0,30.6,6.7,26.8,0.0,0.0,0.0,33,Yes,No,No,No,No,Yes,No,24.8,26.5,0,0,0,0,0,0,0,0,0,14,0,0,0,0,0,0,0,0,0,0,0,0,0,0,0,0,0,0,0,0,5684,2508,2343,99,8.0,239.8,275.0,203.9,189.9,194.2,189.1,114.7,240.6,59.9,59.9,59.9,59.9,4.17,5.20,3.41,2.81,5.33,5.39,0.63,0.01,4.03,0.14,2.77,0,0,0.0,0.0,198,30,1.6,1.1,0,
5.7.2026,22:42:26.891,18158,27836,39.4,13076,19606,40.0,0.2,13312,23,1.361,1.350,1.363,1.363,1.363,1.363,1.363,1.363,1.363,4044.6,3334.0,4167.5,4142.5,4142.5,4142.5,4142.5,4142.5,4142.5,99.8,870.6,2754.3,1193.0,3250.9,691.6,1432.9,609.0,927.2,516.0,253.4,170.8,668.5,455.7,359.6,241.1,171.2,234.1,870.6,19.0,35.6,28.4,78.5,16.4,34.6,14.4,22.4,12.2,6.3,4.2,16.2,10.8,8.5,5.7,4.2,5.7,78.5,19.0,21.5,40.3,32.2,90.3,18.7,39.3,16.2,25.2,13.6,6.9,4.5,18.1,11.9,9.3,6.2,4.6,6.3,21.5,40.5,33.4,41.8,41.5,41.5,41.5,41.5,41.5,41.5,0.0,56.8,66.9,94.5,64.0,57.3,39.6,49.7,43.4,38.7,43.2,33.1,5.5,36.0,42.7,60.4,50.3,56.6,61.3,0.0,0.0,0.0,0.0,0.0,0.0,0.0,0.0,0.0,1197.8,12.00,16,16,16,39,55,661,1,69.2,68.8,68.5,62.6,64.2,68.5,64.0,63.1,59.9,61.3,59.7,59.8,58.5,58.8,58.2,50.8,48.4,1.375,1.031,1.369,12.303,11.324,12.303,51.087,37.345,3.435,4.502,6.797,3.950,3.190,2.024,2.808,2.236,1.976,16.815,11.648,28.463,37.425,1197.8,1197.8,4129.9,4155.8,4104.0,4156.2,42.5,20.5,56.8,72.4,61.0,No,No,No,0.672,0.133,4.5,48,95.0,100.0,No,No,91229,99001,32,99.0,No,No,3320,0.0,0.0,0.0,0.000,0.112,11121,9289,0.0,0.0,0.0,0.000,0.000,50,0,48.5,64.5,83.0,0.756,12.132,12.176,12.153,12.066,1130,54.819,20.712,30.579,10.910,42.716,25.690,16.988,0.336,30.579,23.328,2.508,23.490,220.000,240.000,1320.0,1750.2,1155.0,1308.2,1245.0,37.0,9.0,0.0,1.0,30.6,6.8,27.4,0.0,0.0,0.0,33,Yes,No,No,No,No,Yes,No,24.5,30.1,0,0,0,0,0,0,0,0,0,14,0,0,0,0,0,0,0,0,0,0,0,0,0,0,0,0,0,0,0,0,5684,2508,2343,99,8.0,239.7,334.6,196.8,191.7,193.9,190.6,108.0,240.9,59.9,59.8,59.8,59.8,4.17,5.16,2.97,2.75,5.37,5.54,0.54,0.03,4.04,0.13,2.53,0,0,0.0,0.0,198,30,1.1,1.0,0,
5.7.2026,22:42:28.886,18157,27837,39.4,13077,19605,40.0,0.2,13312,23,1.352,1.363,1.350,1.350,1.350,1.350,1.350,1.350,1.350,4145.6,4167.5,4142.5,4142.5,4142.5,4142.5,4142.5,4142.5,4142.5,99.8,890.5,2712.1,1488.7,3221.8,766.7,1179.0,816.6,768.9,678.5,197.3,190.4,557.9,537.8,372.8,290.6,156.2,312.8,890.5,18.7,28.2,35.3,77.7,17.8,28.1,19.0,18.1,15.7,4.3,4.1,13.0,12.3,8.3,6.4,3.3,7.1,77.7,18.7,21.6,32.2,40.4,89.6,20.8,32.3,21.9,20.9,18.1,5.3,5.0,15.0,14.2,9.7,7.6,4.1,8.5,21.6,41.5,41.8,41.5,41.5,41.5,41.5,41.5,41.5,41.5,0.0,56.4,66.0,95.1,62.7,56.4,38.9,48.8,43.9,39.3,43.6,34.0,4.9,37.3,43.6,61.1,51.2,56.1,60.7,0.0,0.0,0.0,0.0,0.0,0.0,0.0,0.0,0.0,1197.8,12.00,16,16,16,39,55,661,1,69.2,69.0,69.5,62.6,64.3,68.8,63.8,63.1,59.9,61.3,59.9,59.8,58.5,58.8,58.2,50.0,48.0,1.375,1.025,1.375,12.363,11.338,12.360,50.741,37.444,3.447,4.570,6.875,3.817,3.198,2.006,2.782,2.312,2.016,16.913,11.660,28.574,37.530,1197.8,1197.8,4129.8,4158.3,4101.3,4158.3,42.6,20.6,56.4,72.7,61.1,No,No,No,0.657,0.131,4.5,48,95.0,100.0,No,No,91229,99001,32,99.0,No,No,3320,0.0,0.0,0.0,0.000,0.061,11121,9289,0.0,0.0,0.0,0.000,0.000,50,0,48.4,64.2,83.0,0.756,12.134,12.178,12.155,12.069,1130,55.270,21.741,31.294,11.119,43.163,25.732,17.386,0.336,31.294,23.250,2.597,31.242,220.000,240.000,1320.0,1750.2,1155.0,1305.2,1245.0,40.0,10.0,0.0,1.0,30.6,6.8,27.2,0.0,0.0,0.0,33,Yes,No,No,No,No,Yes,No,24.8,29.0,0,0,0,0,0,0,0,0,0,14,0,0,0,0,0,0,0,0,0,0,0,0,0,0,0,0,0,0,0,0,5684,2508,2343,99,8.0,239.8,307.3,207.8,170.2,187.8,162.9,106.0,241.1,59.9,59.8,59.9,59.8,4.17,5.41,2.65,2.13,5.61,5.86,0.62,0.01,4.02,0.15,2.65,0,0,0.0,0.0,198,30,3.7,3.1,0,
5.7.2026,22:42:30.891,18160,27834,39.4,13079,19603,40.0,0.2,13312,23,1.368,1.363,1.369,1.369,1.369,1.369,1.369,1.369,1.369,4145.6,4167.5,4142.5,4142.5,4142.5,4142.5,4142.5,4142.5,4142.5,99.8,888.4,2672.1,1432.1,3325.3,616.5,611.6,1303.2,515.0,876.6,169.9,247.9,405.6,562.4,266.2,387.3,447.5,375.1,888.4,19.4,29.4,34.6,80.6,14.8,14.9,31.7,12.6,21.2,4.4,6.3,10.1,13.7,6.4,9.6,11.2,9.3,80.6,19.4,21.7,32.8,38.9,92.5,16.6,16.5,35.6,13.8,23.6,4.5,6.6,10.8,14.9,6.7,10.3,12.2,10.1,21.7,41.5,41.8,41.5,41.5,41.5,41.5,41.5,41.5,41.5,0.0,56.2,65.2,94.9,61.6,55.2,38.9,46.5,43.2,43.7,43.8,34.8,5.1,38.4,44.8,61.1,53.5,56.8,56.3,0.0,0.0,0.0,0.0,0.0,0.0,0.0,0.0,0.0,1197.8,12.00,16,16,16,39,55,661,1,69.2,69.6,66.5,62.9,64.2,68.8,64.1,63.0,60.1,61.5,60.0,61.4,58.6,58.8,58.3,52.0,48.6,1.381,1.031,1.381,12.680,11.300,12.685,50.545,37.864,3.510,4.500,6.829,3.855,3.133,2.056,2.689,2.328,2.691,17.357,11.625,28.982,37.947,1197.8,1197.8,4122.0,4153.2,4090.8,4153.2,43.1,21.1,56.2,73.3,61.6,No,No,No,0.627,0.131,4.5,48,95.0,100.0,No,No,91229,99001,32,99.0,No,No,3320,0.0,0.0,0.0,0.000,0.048,11121,9289,0.0,0.0,0.0,0.000,0.000,50,0,48.9,64.5,83.0,0.756,12.134,12.177,12.155,12.069,1131,55.412,22.053,31.105,11.118,43.151,25.816,17.281,0.336,31.105,23.430,2.515,34.677,220.000,240.000,1320.0,1750.2,1155.0,1313.8,1245.0,39.0,10.0,0.0,1.0,30.6,6.9,27.4,0.0,0.0,0.0,33,Yes,No,No,No,No,Yes,No,24.8,31.3,0,0,0,0,0,0,0,0,0,14,0,0,0,0,0,0,0,0,0,0,0,0,0,0,0,0,0,0,0,0,5684,2508,2343,99,8.0,239.7,289.8,205.8,190.7,197.6,187.7,111.7,240.5,59.9,59.8,59.9,59.8,4.17,5.24,2.88,2.45,5.58,5.96,0.45,0.01,4.03,0.15,2.55,0,0,0.0,0.0,198,30,0.4,0.9,0,
5.7.2026,22:42:32.883,18154,27839,39.4,13076,19605,40.0,0.2,13312,23,1.371,1.369,1.369,1.369,1.369,1.369,1.375,1.375,1.375,4151.9,4167.5,4167.5,4167.5,4142.5,4142.5,4142.5,4142.5,4142.5,99.8,852.7,2650.4,1450.1,3260.8,665.1,589.5,1280.3,483.7,895.4,164.0,207.3,426.6,585.5,263.8,331.6,129.6,259.6,852.7,18.2,28.1,34.9,78.6,15.8,14.2,30.9,11.8,21.6,4.2,4.4,10.4,14.1,6.2,8.0,2.5,5.7,78.6,18.2,20.6,31.6,39.4,90.7,18.0,15.9,34.9,12.9,24.2,4.3,5.5,11.4,15.5,6.6,8.7,3.4,7.0,20.6,41.6,41.8,41.8,41.8,41.5,41.5,41.5,41.5,41.5,0.0,54.9,64.5,94.6,60.4,54.8,38.2,46.5,42.4,37.8,45.1,35.5,5.4,39.6,45.2,61.8,53.5,57.6,62.2,0.0,0.0,0.0,0.0,0.0,0.0,0.0,0.0,0.0,1197.8,12.00,16,16,16,39,55,661,1,69.2,69.0,69.8,62.6,64.2,68.8,63.7,63.0,60.0,61.1,59.9,59.7,58.5,58.8,58.2,51.0,48.5,1.362,1.038,1.375,12.305,11.314,12.305,49.413,37.411,3.415,4.524,6.865,3.765,3.165,2.027,2.739,2.273,1.963,16.880,11.634,28.513,37.468,1197.8,1197.8,4131.1,4163.4,4098.7,4163.9,42.6,20.5,54.9,72.6,61.6,No,No,No,0.614,0.130,4.4,48,95.0,100.0,No,No,91229,99001,32,99.0,No,No,3320,0.0,0.0,0.0,0.000,0.010,11121,9289,0.0,0.0,0.0,0.000,0.000,50,0,49.1,64.9,83.0,0.775,12.138,12.182,12.159,12.072,1133,56.810,22.207,33.441,12.024,44.441,25.822,18.577,0.336,33.441,23.294,2.905,27.789,220.000,240.000,1365.0,1750.2,1200.0,1328.6,1305.0,38.0,10.0,0.0,1.0,30.6,6.8,27.0,0.0,0.0,0.0,33,Yes,No,No,No,No,Yes,No,25.8,27.3,0,0,0,0,0,0,0,0,0,14,0,0,0,0,0,0,0,0,0,0,0,0,0,0,0,0,0,0,0,0,5684,2508,2343,99,8.0,239.7,268.3,212.2,207.2,209.5,206.3,115.2,241.4,59.9,59.8,59.9,59.8,4.17,4.82,3.30,2.73,5.17,5.66,0.84,0.02,4.06,0.11,2.92,0,0,0.0,0.0,198,30,0.2,0.7,0,
5.7.2026,22:42:34.891,18162,27832,39.4,13079,19603,40.0,0.2,13312,23,1.361,1.363,1.363,1.363,1.363,1.363,1.363,1.363,1.350,4139.4,4142.5,4142.5,4142.5,4142.5,4142.5,4142.5,4117.6,4142.5,99.8,850.5,2582.9,1420.8,3268.9,722.1,748.1,1133.1,536.0,825.1,185.5,180.1,451.6,568.3,261.5,327.6,139.6,256.4,850.5,18.2,27.0,34.0,79.0,16.9,17.8,27.2,12.7,19.6,4.4,4.9,10.8,13.4,5.8,7.6,4.0,6.8,79.0,18.2,20.6,30.5,38.6,90.9,19.6,20.3,30.8,14.4,22.2,4.9,4.7,12.1,15.1,6.6,8.6,3.7,6.9,20.6,41.5,41.5,41.5,41.5,41.5,41.5,41.5,41.2,41.5,0.0,54.6,62.9,95.5,60.6,54.5,37.8,46.2,41.9,37.5,45.4,37.1,4.5,39.4,45.5,62.2,53.8,58.1,62.5,0.0,0.0,0.0,0.0,0.0,0.0,0.0,0.0,0.0,1197.8,12.00,16,16,16,39,55,661,1,69.2,69.0,69.0,62.5,63.9,68.9,63.7,63.0,59.8,61.1,59.7,59.6,58.4,58.7,58.1,50.5,48.2,1.356,1.031,1.363,12.176,11.290,12.174,49.145,37.150,3.395,4.387,6.974,3.796,3.112,1.996,2.711,2.236,1.949,16.686,11.612,28.298,37.248,1197.8,1197.8,4125.3,4162.4,4088.2,4162.4,42.3,20.3,54.6,72.7,61.2,No,No,No,0.615,0.128,4.4,48,95.0,100.0,No,No,91229,99001,32,99.0,No,No,3320,0.0,0.0,0.0,0.000,0.075,11121,9290,0.0,0.0,0.0,0.000,0.000,50,0,49.0,64.7,83.0,0.769,12.134,12.178,12.156,12.069,1133,57.053,22.210,33.629,12.130,44.442,25.707,18.683,0.336,33.629,23.204,2.811,27.531,220.000,240.000,1350.0,1750.2,1185.0,1359.9,1275.0,38.0,10.0,0.0,1.0,30.6,7.0,27.8,0.0,0.0,0.0,33,Yes,No,No,No,No,Yes,No,25.8,30.6,0,0,0,0,0,0,0,0,0,14,0,0,0,0,0,0,0,0,0,0,0,0,0,0,0,0,0,0,0,0,5684,2508,2343,99,8.0,239.8,286.8,209.9,197.1,202.6,194.7,110.2,241.4,59.9,59.9,59.9,59.8,4.17,5.13,3.23,3.03,5.31,5.56,0.82,0.01,4.06,0.11,2.79,0,0,0.0,0.0,198,30,0.2,0.1,0,
5.7.2026,22:42:36.893,18153,27841,39.4,13075,19606,40.0,0.2,13312,23,1.355,1.350,1.356,1.356,1.356,1.356,1.356,1.356,1.356,4142.5,4142.5,4142.5,4142.5,4142.5,4142.5,4142.5,4142.5,4142.5,99.8,841.1,2539.2,1326.7,3351.7,697.5,916.2,945.6,581.3,801.4,198.2,171.9,457.8,512.9,322.5,331.5,122.6,180.5,841.1,17.9,26.7,31.6,80.8,16.3,21.8,22.6,13.8,18.9,4.6,3.9,10.8,12.0,7.3,7.7,2.8,4.2,80.8,17.9,20.4,30.3,36.0,93.2,18.9,25.0,25.6,15.7,21.5,5.3,4.5,12.3,13.5,8.3,8.7,3.2,4.8,20.4,41.5,41.5,41.5,41.5,41.5,41.5,41.5,41.5,41.5,0.0,54.3,61.9,95.8,60.1,54.6,37.7,45.8,42.2,36.1,45.7,38.1,4.2,39.9,45.4,62.3,54.2,57.8,63.9,0.0,0.0,0.0,0.0,0.0,0.0,0.0,0.0,0.0,1197.8,12.00,16,16,16,39,55,661,1,69.2,69.0,69.0,62.4,63.7,68.9,63.5,63.0,59.8,61.1,59.9,59.6,58.5,58.7,58.2,52.0,48.0,1.369,1.025,1.369,12.114,11.291,12.113,48.863,37.094,3.369,4.265,7.017,3.691,3.137,1.987,2.659,2.297,1.900,16.588,11.614,28.202,37.153,1197.8,1197.8,4126.9,4160.7,4093.2,4161.0,42.2,20.2,54.3,72.6,61.3,No,No,No,0.612,0.128,4.3,48,95.0,100.0,No,No,91229,99001,32,99.0,No,No,3320,0.0,0.0,0.0,0.000,0.061,11121,9290,0.0,0.0,0.0,0.000,0.000,50,0,49.1,64.9,83.0,0.775,12.128,12.171,12.150,12.062,1128,58.633,25.581,35.091,12.804,45.392,25.837,19.495,0.336,35.091,23.356,31.703,26.703,220.000,240.000,1380.0,1750.2,1200.0,1368.5,1305.0,37.0,10.0,0.0,1.0,30.6,7.3,29.0,0.0,0.0,0.0,33,Yes,No,No,No,No,Yes,No,26.6,27.8,0,0,0,0,0,0,0,0,0,14,0,0,0,0,0,0,0,0,0,0,0,0,0,0,0,0,0,0,0,0,5684,2508,2343,99,8.0,239.8,291.4,205.3,198.7,201.1,198.1,116.3,241.6,59.9,59.9,59.9,59.8,4.17,4.96,3.37,3.19,4.98,5.00,0.83,0.02,4.08,0.10,2.77,0,0,0.0,0.0,198,30,1.5,1.1,0,
5.7.2026,22:42:38.885,18156,27837,39.4,13074,19608,40.0,0.2,13312,23,1.363,1.369,1.363,1.363,1.363,1.363,1.363,1.363,1.363,4063.3,3334.0,4167.5,4167.5,4167.5,4167.5,4167.5,4167.5,4167.5,99.8,879.8,2656.2,1450.3,3264.6,714.0,960.5,954.6,598.4,771.8,209.5,223.8,484.0,595.8,331.0,352.2,166.1,344.7,879.8,19.0,29.2,34.9,78.8,17.1,23.3,23.2,14.6,18.7,4.6,4.9,12.0,14.4,7.9,8.6,3.5,7.9,78.8,19.0,21.5,32.8,39.4,90.8,19.3,26.3,25.8,16.2,20.7,5.6,5.9,13.0,15.8,8.5,9.3,4.4,9.4,21.5,40.7,33.4,41.8,41.8,41.8,41.8,41.8,41.8,41.8,0.0,55.8,64.6,95.2,61.8,54.6,39.6,48.0,43.4,39.4,44.2,35.4,4.8,38.2,45.4,60.4,52.0,56.6,60.6,0.0,0.0,0.0,0.0,0.0,0.0,0.0,0.0,0.0,1197.8,12.00,16,16,16,39,55,661,1,69.2,69.0,66.0,62.6,64.2,68.8,63.9,62.9,60.1,61.3,60.0,59.9,58.5,58.8,58.2,51.5,48.2,1.362,1.031,1.375,12.363,11.338,12.367,50.240,37.478,3.441,4.511,6.878,3.827,3.119,2.069,2.759,2.331,2.032,16.931,11.664,28.594,37.558,1197.8,1197.8,4126.1,4159.4,4092.9,4159.4,42.7,20.6,55.8,72.6,61.3,No,No,No,0.648,0.130,4.5,48,95.0,100.0,No,No,91229,99001,32,99.0,No,No,3320,0.0,0.0,0.0,0.008,0.036,11121,9290,0.0,0.0,0.0,0.000,0.000,50,0,49.8,65.6,83.0,0.787,12.130,12.173,12.152,12.064,1130,59.361,22.885,35.427,13.050,45.412,25.672,19.681,0.336,35.427,23.286,2.982,27.574,220.000,240.000,1410.0,1750.2,1230.0,1407.0,1335.0,35.0,10.0,0.0,1.0,30.6,6.9,27.8,0.0,0.0,0.0,33,Yes,No,No,No,No,Yes,No,26.7,28.2,0,0,0,0,0,0,0,0,0,14,0,0,0,0,0,0,0,0,0,0,0,0,0,0,0,0,0,0,0,0,5684,2508,2343,99,8.0,239.7,282.5,206.4,188.4,195.9,186.0,113.7,240.8,59.9,59.9,59.9,59.9,4.17,5.14,3.08,2.83,5.26,5.37,0.68,0.02,4.06,0.11,2.78,0,0,0.0,0.0,198,30,0.1,0.6,0,
5.7.2026,22:42:40.893,18154,27840,39.4,13075,19606,40.0,0.2,13312,23,1.364,1.369,1.369,1.363,1.363,1.363,1.363,1.363,1.363,4167.5,4167.5,4167.5,4167.5,4167.5,4167.5,4167.5,4167.5,4167.5,99.8,900.7,2782.1,1609.7,3444.6,589.9,584.6,1374.3,524.4,936.8,157.5,204.0,432.3,600.7,286.5,338.3,163.7,381.9,900.7,19.1,28.5,38.3,83.1,13.5,13.6,32.8,12.3,22.1,4.2,5.3,10.1,13.9,6.2,7.6,4.3,9.6,83.1,19.1,21.8,32.4,43.9,95.8,15.8,15.7,37.5,14.1,25.3,4.1,5.4,11.5,15.9,7.3,8.9,4.3,10.4,21.8,41.8,41.8,41.8,41.8,41.8,41.8,41.8,41.8,41.8,0.0,56.7,67.6,96.1,62.3,56.3,39.3,47.8,43.4,40.6,43.3,32.4,3.9,37.7,43.7,60.7,52.2,56.6,59.4,0.0,0.0,0.0,0.0,0.0,0.0,0.0,0.0,0.0,1197.8,12.00,16,16,16,39,55,661,1,69.2,69.1,68.8,62.6,64.2,68.9,63.7,63.2,59.8,61.2,59.8,60.0,58.5,58.8,58.2,51.0,48.4,1.362,1.031,1.369,12.503,11.333,12.499,51.022,37.658,3.460,4.499,6.968,3.848,3.216,1.996,2.755,2.290,2.112,17.123,11.658,28.781,37.737,1197.8,1197.8,4131.2,4159.4,4102.9,4159.4,42.9,20.8,56.7,72.8,61.6,No,No,No,0.663,0.131,4.5,48,95.0,100.0,No,No,91229,99001,32,99.0,No,No,3320,0.0,0.0,0.0,0.000,0.008,11121,9290,0.0,0.0,0.0,0.000,0.000,50,0,49.4,65.2,83.0,0.775,12.132,12.175,12.153,12.066,1129,57.482,22.100,33.763,12.309,44.432,25.629,18.756,0.336,33.763,23.242,2.782,25.988,220.000,240.000,1365.0,1750.2,1200.0,1356.0,1305.0,41.0,10.0,0.0,1.0,30.6,6.8,27.4,0.0,0.0,0.0,33,Yes,No,No,No,No,Yes,No,25.9,26.6,0,0,0,0,0,0,0,0,0,14,0,0,0,0,0,0,0,0,0,0,0,0,0,0,0,0,0,0,0,0,5684,2508,2343,99,8.0,239.8,284.0,212.7,194.1,204.0,189.1,110.7,241.9,59.8,59.8,59.8,59.8,4.17,4.96,3.34,2.80,5.17,5.27,0.84,0.02,4.06,0.11,2.85,0,0,0.0,0.0,198,30,0.4,0.6,0,
5.7.2026,22:42:42.885,18169,27824,39.5,13081,19601,40.0,0.2,13312,23,1.352,1.369,1.350,1.350,1.350,1.350,1.350,1.350,1.350,4142.5,4142.5,4142.5,4142.5,4142.5,4142.5,4142.5,4142.5,4142.5,99.8,857.9,2650.9,1291.9,3388.7,602.9,643.5,1254.0,543.8,878.4,170.6,235.2,453.5,569.6,302.6,318.5,146.9,275.4,857.9,18.2,30.9,30.5,81.7,13.8,14.9,30.0,12.6,20.6,3.7,5.3,10.6,13.2,6.5,7.1,3.1,6.2,81.7,18.2,21.0,35.3,35.0,94.2,16.3,17.3,34.3,14.6,23.7,4.5,6.3,12.1,15.1,7.7,8.4,3.9,7.4,21.0,41.5,41.5,41.5,41.5,41.5,41.5,41.5,41.5,41.5,0.0,55.1,64.4,95.0,61.0,54.8,38.8,46.6,42.4,37.9,44.9,35.6,5.0,39.0,45.2,61.2,53.4,57.6,62.1,0.0,0.0,0.0,0.0,0.0,0.0,0.0,0.0,0.0,1197.8,12.00,16,16,16,39,55,661,1,69.2,68.9,69.0,62.5,64.1,68.7,63.6,63.0,59.9,61.2,59.8,59.7,58.4,58.7,58.1,51.2,48.8,1.375,1.031,1.381,12.289,11.324,12.286,49.618,37.347,3.426,4.548,6.850,3.777,3.192,2.046,2.740,2.282,1.969,16.833,11.647,28.481,37.434,1197.8,1197.8,4130.1,4161.8,4098.5,4161.8,42.5,20.5,55.1,72.5,61.2,No,No,No,0.636,0.131,4.4,48,95.0,100.0,No,No,91229,99001,32,99.0,No,No,3320,0.0,0.0,0.0,0.000,0.014,11121,9290,0.0,0.0,0.0,0.000,0.000,50,0,49.6,65.4,83.0,0.787,12.128,12.171,12.150,12.062,1129,59.594,24.320,36.980,13.570,46.269,25.668,20.545,0.336,36.980,23.095,6.958,32.800,220.000,240.000,1410.0,1750.2,1230.0,1407.1,1335.0,38.0,10.0,0.0,1.0,30.6,6.7,26.9,0.0,0.0,0.0,33,Yes,No,No,No,No,Yes,No,27.3,32.8,0,0,0,0,0,0,0,0,0,14,0,0,0,0,0,0,0,0,0,0,0,0,0,0,0,0,0,0,0,0,5684,2508,2343,99,8.0,239.8,264.4,215.8,214.9,215.2,214.7,114.7,240.7,59.9,59.9,59.9,59.9,4.17,4.74,3.57,3.50,4.76,4.80,0.82,0.01,4.07,0.10,2.83,0,0,0.0,0.0,198,30,0.8,0.7,0,
5.7.2026,22:42:44.886,18174,27820,39.5,13090,19592,40.0,0.2,13312,23,1.359,1.363,1.363,1.363,1.356,1.356,1.356,1.356,1.356,4063.3,4167.5,4167.5,4167.5,4167.5,4167.5,4167.5,4167.5,3334.0,99.8,854.2,2653.1,1301.1,3333.5,689.9,704.0,1197.0,586.5,839.9,174.0,204.2,484.6,513.5,317.2,295.1,237.5,136.0,854.2,18.8,31.3,31.5,80.5,16.8,16.6,29.2,14.5,20.5,4.0,5.5,12.2,12.7,7.9,7.5,6.4,3.9,80.5,18.8,20.9,34.9,35.2,92.7,18.7,19.0,32.6,15.8,22.6,4.6,5.4,13.0,13.5,8.1,7.8,6.5,3.6,20.9,40.7,41.8,41.8,41.8,41.8,41.8,41.8,41.8,33.4,0.0,55.2,64.5,95.8,61.1,55.6,38.5,46.4,42.7,37.2,44.8,35.5,4.2,38.9,44.4,61.5,53.6,57.3,62.8,0.0,0.0,0.0,0.0,0.0,0.0,0.0,0.0,0.0,1197.8,12.00,16,16,16,39,55,661,1,69.1,68.9,67.0,62.4,63.9,68.8,63.5,63.0,59.7,60.9,59.7,59.5,58.3,58.6,58.0,50.2,48.2,1.375,1.025,1.375,12.291,11.305,12.295,49.690,37.335,3.407,4.469,6.972,3.768,3.187,1.999,2.675,2.264,1.919,16.832,11.628,28.460,37.420,1197.8,1197.8,4130.4,4160.8,4099.9,4161.1,42.5,20.5,55.2,72.6,61.6,No,No,No,0.637,0.131,4.4,48,95.0,100.0,No,No,91229,99001,32,99.0,No,No,3320,0.0,0.1,0.1,0.000,0.128,11121,9290,0.0,0.0,0.0,0.000,0.000,50,0,50.0,65.9,83.0,0.787,12.130,12.174,12.152,12.063,1131,59.482,22.721,35.240,12.758,45.266,25.634,19.578,0.336,35.240,23.031,2.929,27.203,220.000,240.000,1410.0,1750.2,1230.0,1407.0,1335.0,36.0,10.0,0.0,1.0,30.6,6.7,26.9,0.0,0.0,0.0,33,Yes,No,No,No,No,Yes,No,26.5,27.8,0,0,0,0,0,0,0,0,0,14,0,0,0,0,0,0,0,0,0,0,0,0,0,0,0,0,0,0,0,0,5684,2508,2343,99,8.0,239.8,265.8,214.5,213.2,213.6,213.1,101.9,241.1,59.9,59.9,59.9,59.9,4.17,4.78,3.56,3.29,4.85,4.96,0.79,0.02,4.07,0.10,2.37,0,0,0.0,0.0,198,30,1.3,1.8,0,
5.7.2026,22:42:46.893,18165,27829,39.4,13082,19599,40.0,0.2,13312,23,1.358,1.363,1.363,1.363,1.363,1.363,1.350,1.350,1.350,4151.9,4167.5,4167.5,4167.5,4142.5,4142.5,4142.5,4142.5,4142.5,99.8,872.2,2633.2,1352.2,3425.3,591.5,1005.4,930.3,628.5,795.1,189.1,163.9,611.8,446.8,330.6,265.1,286.0,300.6,872.2,18.6,29.1,32.1,82.7,13.6,24.4,22.2,14.8,18.8,5.0,3.6,14.4,10.3,7.3,5.9,6.5,6.9,82.7,18.6,21.3,33.2,36.7,95.3,16.0,27.4,25.2,17.0,21.3,5.0,4.3,16.4,11.7,8.5,7.0,7.7,8.1,21.3,41.6,41.8,41.8,41.8,41.5,41.5,41.5,41.5,41.5,0.0,55.5,64.1,95.3,61.8,55.1,37.7,47.7,42.0,40.3,44.5,35.9,4.7,38.2,44.9,62.3,52.3,58.0,59.7,0.0,0.0,0.0,0.0,0.0,0.0,0.0,0.0,0.0,1197.8,12.00,16,16,16,39,55,661,1,69.1,69.5,68.8,62.7,64.3,68.8,63.9,63.1,59.8,61.6,59.7,60.6,58.4,58.7,58.1,51.0,48.5,1.356,1.019,1.369,12.587,11.284,12.586,49.961,37.729,3.492,4.540,6.882,3.890,3.222,1.985,2.863,2.258,2.293,17.234,11.607,28.842,37.793,1197.8,1197.8,4128.3,4156.5,4100.1,4156.5,42.9,21.0,55.5,73.1,61.5,No,No,No,0.615,0.130,4.4,48,95.0,100.0,No,No,91229,99001,32,99.0,No,No,3320,0.0,0.0,0.0,0.000,0.032,11121,9290,0.0,0.0,0.0,0.000,0.000,50,0,49.8,65.5,83.0,0.781,12.131,12.175,12.153,12.065,1129,57.523,22.584,35.017,12.674,45.234,25.722,19.454,0.336,35.017,23.136,2.817,26.435,220.000,240.000,1395.0,1750.2,1215.0,1359.6,1320.0,41.0,10.0,0.0,1.0,30.6,6.9,27.7,0.0,0.0,0.0,33,Yes,No,No,No,No,Yes,No,26.2,28.7,0,0,0,0,0,0,0,0,0,14,0,0,0,0,0,0,0,0,0,0,0,0,0,0,0,0,0,0,0,0,5684,2508,2343,99,8.0,239.8,273.7,215.3,206.5,209.7,205.7,112.2,241.3,59.9,59.8,59.9,59.8,4.17,4.88,3.41,3.14,5.02,5.23,0.78,0.02,4.07,0.10,2.73,0,0,0.0,0.0,198,30,1.6,0.4,0,
5.7.2026,22:42:48.898,18172,27821,39.5,13089,19593,40.0,0.2,13312,23,1.366,1.363,1.363,1.363,1.369,1.369,1.369,1.369,1.369,4167.5,4167.5,4167.5,4167.5,4167.5,4167.5,4167.5,4167.5,4167.5,99.8,880.9,2710.8,1370.7,3388.8,603.3,1069.9,917.3,605.3,867.3,159.6,170.9,524.5,516.8,351.8,253.9,173.4,410.8,880.9,18.7,30.5,32.6,81.8,14.0,25.4,21.8,14.3,20.4,3.6,3.9,12.4,12.0,7.9,5.7,3.9,9.7,81.8,18.7,21.5,34.7,37.2,94.2,16.3,29.2,24.8,16.3,23.3,4.2,4.5,14.1,13.6,9.1,6.6,4.6,11.2,21.5,41.8,41.8,41.8,41.8,41.8,41.8,41.8,41.8,41.8,0.0,56.5,65.9,95.5,62.8,56.8,38.9,48.3,43.7,40.2,43.5,34.1,4.5,37.2,43.2,61.1,51.7,56.3,59.8,0.0,0.0,0.0,0.0,0.0,0.0,0.0,0.0,0.0,1197.8,12.00,16,16,16,39,55,661,1,69.1,68.8,66.0,62.5,64.1,68.6,63.7,63.0,59.7,61.2,59.7,59.8,58.4,58.7,58.1,51.5,48.3,1.375,1.031,1.375,12.385,11.332,12.385,50.856,37.456,3.444,4.513,6.854,3.908,3.209,1.965,2.771,2.276,2.052,16.948,11.656,28.604,37.563,1197.8,1197.8,4131.8,4158.7,4104.9,4159.0,42.7,20.6,56.5,72.4,61.3,No,No,No,0.664,0.131,4.5,48,95.0,100.0,No,No,91229,99001,32,99.0,No,No,3320,0.0,0.0,0.0,0.000,0.022,11121,9290,0.0,0.0,0.0,0.000,0.000,50,0,50.3,66.4,83.0,0.794,12.126,12.169,12.149,12.061,1126,60.052,25.891,37.625,13.861,46.847,25.882,20.901,0.336,37.625,23.328,24.905,27.603,220.000,240.000,1425.0,1750.2,1245.0,1422.1,1350.0,39.0,10.0,0.0,1.0,30.6,6.6,26.3,0.0,0.0,0.0,33,Yes,No,No,No,No,Yes,No,26.9,28.0,0,0,0,0,0,0,0,0,0,14,0,0,0,0,0,0,0,0,0,0,0,0,0,0,0,0,0,0,0,0,5684,2508,2343,99,8.0,239.7,279.1,211.7,200.7,206.4,198.0,109.1,241.1,59.8,59.8,59.8,59.8,4.17,4.83,3.40,3.24,5.00,5.11,0.74,0.02,4.07,0.10,2.34,0,0,0.0,0.0,198,30,3.3,2.5,0,
5.7.2026,22:42:50.897,18169,27825,39.5,13082,19599,40.0,0.2,13312,23,1.345,1.356,1.344,1.344,1.344,1.344,1.344,1.344,1.344,4164.4,4142.5,4167.5,4167.5,4167.5,4167.5,4167.5,4167.5,4167.5,99.8,842.6,2603.4,1254.8,3348.4,609.1,877.4,1160.4,622.2,732.9,155.5,168.0,474.6,510.3,270.3,304.8,215.2,174.3,842.6,18.2,29.8,29.9,80.8,14.4,21.2,27.9,15.0,17.5,3.8,4.1,11.5,12.2,6.2,7.3,5.3,4.2,80.8,18.2,20.6,33.7,33.9,93.1,16.4,23.9,31.7,16.8,19.6,4.1,4.4,12.7,13.5,6.8,8.0,5.8,4.6,20.6,41.7,41.5,41.8,41.8,41.8,41.8,41.8,41.8,41.8,0.0,54.9,63.3,94.9,63.2,54.7,37.3,46.5,42.3,37.3,45.1,36.7,5.1,36.8,45.3,62.7,53.5,57.7,62.7,0.0,0.0,0.0,0.0,0.0,0.0,0.0,0.0,0.0,1197.8,12.00,16,16,16,39,55,661,1,69.0,68.8,68.0,62.3,63.8,68.6,63.9,62.7,59.7,60.9,59.6,59.5,58.4,58.7,58.0,50.2,48.2,1.369,1.038,1.375,12.140,11.303,12.141,49.444,37.161,3.384,4.384,6.877,3.931,3.101,1.942,2.676,2.228,1.932,16.623,11.626,28.249,37.204,1197.8,1197.8,4129.1,4160.9,4097.3,4160.9,42.3,20.2,54.9,72.4,61.2,No,No,No,0.620,0.131,4.4,48,95.0,100.0,No,No,91229,99001,32,99.0,No,No,3320,0.0,0.0,0.0,0.000,0.006,11121,9290,0.0,0.0,0.0,0.000,0.000,50,0,50.1,65.9,83.0,0.787,12.129,12.174,12.151,12.062,1129,59.726,23.192,35.782,13.014,45.724,25.789,19.879,0.336,35.782,23.210,2.895,29.507,220.000,240.000,1350.0,1750.2,1185.0,1407.1,1275.0,36.0,10.0,0.0,1.0,30.6,6.7,26.6,0.0,0.0,0.0,33,Yes,No,No,No,No,Yes,No,26.8,27.9,0,0,0,0,0,0,0,0,0,14,0,0,0,0,0,0,0,0,0,0,0,0,0,0,0,0,0,0,0,0,5684,2508,2343,96,8.0,239.8,274.7,213.3,206.4,208.9,205.5,110.1,240.6,59.9,59.8,59.8,59.8,4.17,4.74,3.52,3.45,4.81,4.85,0.72,0.02,4.07,0.10,2.66,0,0,0.0,0.0,198,30,0.7,1.5,0,
5.7.2026,22:42:52.888,18167,27827,39.4,13083,19599,40.0,0.2,13312,23,1.354,1.337,1.356,1.356,1.356,1.356,1.356,1.356,1.356,4145.6,4167.5,4142.5,4142.5,4142.5,4142.5,4142.5,4142.5,4142.5,99.8,856.4,2674.7,1291.3,3386.5,560.1,1062.8,960.0,796.0,654.7,166.0,182.8,589.9,506.5,295.3,287.1,167.1,122.2,856.4,18.7,32.6,30.9,81.8,13.3,25.8,23.0,19.4,15.7,4.3,4.6,14.4,12.1,7.0,7.0,4.3,3.1,81.8,18.7,21.0,36.7,35.0,94.2,15.1,28.9,26.1,21.6,17.4,4.4,4.8,15.9,13.3,7.5,7.5,4.5,3.2,21.0,41.5,41.8,41.5,41.5,41.5,41.5,41.5,41.5,41.5,0.0,55.5,64.9,95.0,63.0,56.6,37.7,48.5,42.6,35.6,44.5,35.1,5.0,37.0,43.4,62.3,51.5,57.4,64.4,0.0,0.0,0.0,0.0,0.0,0.0,0.0,0.0,0.0,1197.8,12.00,16,16,16,39,55,661,1,69.0,68.8,68.2,62.4,64.0,68.6,63.7,63.0,59.6,61.0,59.6,59.4,58.3,58.6,58.0,52.2,49.1,1.369,1.031,1.375,12.305,11.334,12.304,49.951,37.378,3.420,4.514,6.872,3.909,3.242,1.958,2.759,2.238,1.867,16.845,11.656,28.501,37.455,1197.8,1197.8,4134.5,4161.4,4107.6,4161.4,42.6,20.5,55.5,72.4,61.4,No,No,No,0.640,0.131,4.4,48,95.0,100.0,No,No,91229,99001,32,99.0,No,No,3320,0.0,0.0,0.0,0.000,0.030,11121,9290,0.0,0.0,0.0,0.000,0.000,50,0,50.3,66.0,83.0,0.769,12.129,12.174,12.152,12.064,1133,58.505,23.192,36.259,13.428,46.214,26.010,20.144,0.336,36.259,23.624,2.783,34.612,220.000,240.000,1350.0,1750.2,1185.0,1375.7,1275.0,39.0,10.0,0.0,1.0,30.6,6.7,27.2,0.0,0.0,0.0,33,Yes,No,No,No,No,Yes,No,27.2,27.1,0,0,0,0,0,0,0,0,0,14,0,0,0,0,0,0,0,0,0,0,0,0,0,0,0,0,0,0,0,0,5684,2508,2343,96,8.0,239.8,282.1,205.9,182.4,192.0,178.2,119.4,241.6,59.9,59.8,59.9,59.8,4.17,5.33,3.02,2.48,5.49,5.67,0.82,0.02,4.05,0.12,2.63,0,0,0.0,0.0,198,30,0.8,0.4,0,
5.7.2026,22:42:54.890,18166,27828,39.4,13083,19598,40.0,0.2,13312,23,1.363,1.363,1.363,1.363,1.363,1.363,1.363,1.363,1.363,4167.5,4167.5,4167.5,4167.5,4167.5,4167.5,4167.5,4167.5,4167.5,99.8,856.0,2658.1,1257.6,3302.9,674.3,1237.6,734.7,824.3,608.3,174.5,166.4,537.0,489.7,318.2,259.8,196.1,256.1,856.0,18.3,32.1,29.9,79.7,15.8,29.9,17.2,19.8,14.2,3.4,3.1,12.8,11.4,7.2,6.0,3.8,6.0,79.7,18.3,21.0,36.3,34.0,91.8,18.3,33.9,19.8,22.4,16.1,4.7,4.4,14.4,12.9,8.2,6.8,5.3,6.9,21.0,41.8,41.8,41.8,41.8,41.8,41.8,41.8,41.8,41.8,0.0,55.7,64.7,95.1,62.9,56.5,37.8,47.8,42.7,38.2,44.3,35.3,4.9,37.1,43.5,62.2,52.2,57.3,61.8,0.0,0.0,0.0,0.0,0.0,0.0,0.0,0.0,0.0,1197.8,12.00,16,16,16,39,55,661,1,69.0,68.8,68.8,62.4,64.0,68.6,63.8,63.1,59.7,61.1,59.7,59.7,58.3,58.6,58.0,50.8,48.4,1.375,1.031,1.381,12.360,11.343,12.362,50.136,37.474,3.432,4.536,6.837,3.884,3.228,1.965,2.742,2.252,2.009,16.937,11.665,28.602,37.561,1197.8,1197.8,4132.1,4162.1,4102.0,4162.5,42.7,20.6,55.7,72.4,61.5,No,No,No,0.641,0.130,4.5,48,95.0,100.0,No,No,91229,99001,32,99.0,No,No,3320,0.0,0.0,0.0,0.000,0.038,11121,9290,0.0,0.0,0.0,0.000,0.000,50,0,50.1,66.0,83.0,0.775,12.130,12.174,12.151,12.064,1131,57.202,22.588,34.216,12.320,44.742,25.684,19.009,0.336,34.216,23.109,3.086,29.163,220.000,240.000,1365.0,1750.2,1200.0,1352.6,1305.0,38.0,10.0,0.0,1.0,30.6,6.9,27.5,0.0,0.0,0.0,33,Yes,No,No,No,No,Yes,No,26.1,29.7,0,0,0,0,0,0,0,0,0,14,0,0,0,0,0,0,0,0,0,0,0,0,0,0,0,0,0,0,0,0,5684,2508,2343,96,8.0,239.9,281.4,205.7,190.2,195.3,189.3,117.3,241.8,59.9,59.9,59.9,59.9,4.17,5.15,3.25,2.62,5.21,5.26,0.77,0.02,4.05,0.12,2.92,0,0,0.0,0.0,198,30,1.7,2.6,0,
5.7.2026,22:42:56.897,18184,27810,39.5,13085,19596,40.0,0.2,13312,23,1.360,1.369,1.356,1.356,1.356,1.356,1.356,1.356,1.375,4161.2,4142.5,4167.5,4167.5,4167.5,4167.5,4167.5,4142.5,4167.5,99.8,923.6,2795.2,1423.6,3400.1,653.9,1485.5,712.9,956.3,601.3,202.3,200.6,678.4,452.4,381.4,318.6,224.2,291.1,923.6,19.9,33.4,33.7,82.1,15.1,35.6,16.5,22.8,13.8,5.3,5.2,16.0,10.3,8.5,7.1,5.8,6.7,82.1,19.9,22.7,38.1,38.7,94.5,17.7,40.7,19.1,26.1,15.9,5.4,5.3,18.4,11.8,9.9,8.4,6.1,7.9,22.7,41.7,41.5,41.8,41.8,41.8,41.8,41.8,41.5,41.8,0.0,57.7,67.9,95.9,65.3,58.5,39.6,49.9,44.8,39.7,42.3,32.1,4.1,34.7,41.5,60.4,50.1,55.2,60.3,0.0,0.0,0.0,0.0,0.0,0.0,0.0,0.0,0.0,1197.8,12.00,16,16,16,39,55,661,1,69.0,69.0,69.2,62.7,64.4,68.8,64.2,63.2,59.9,61.3,59.9,59.8,58.4,58.7,58.1,51.5,48.1,1.369,1.025,1.375,12.660,11.400,12.661,51.923,37.925,3.506,4.654,6.851,4.092,3.285,2.005,2.810,2.336,2.015,17.304,11.726,29.030,37.995,1197.8,1197.8,4131.9,4155.1,4108.7,4155.4,43.2,21.1,57.7,72.6,61.5,No,No,No,0.693,0.131,4.6,48,95.0,100.0,No,No,91229,99001,32,99.0,No,No,3320,0.0,0.1,0.1,0.000,0.106,11121,9290,0.0,0.0,0.0,0.000,0.000,50,0,50.1,65.8,83.0,0.756,12.130,12.174,12.151,12.064,1131,57.330,22.588,31.498,11.334,43.280,25.744,17.499,0.336,31.498,23.387,3.237,34.320,220.000,240.000,1320.0,1750.2,1155.0,1337.1,1245.0,39.0,10.0,0.0,1.0,30.6,6.9,27.7,0.0,0.0,0.0,33,Yes,No,No,No,No,Yes,No,26.1,29.7,0,0,0,0,0,0,0,0,0,14,0,0,0,0,0,0,0,0,0,0,0,0,0,0,0,0,0,0,0,0,5684,2508,2343,96,8.0,239.8,286.9,207.2,179.6,188.0,179.3,102.2,240.7,59.9,59.9,59.9,59.9,4.17,5.54,2.86,2.24,5.64,5.73,0.57,0.02,4.04,0.13,2.33,0,0,0.0,0.0,198,30,9.1,5.0,0,
5.7.2026,22:42:58.890,18179,27814,39.5,13083,19599,40.0,0.2,13312,23,1.346,1.350,1.356,1.344,1.344,1.344,1.344,1.344,1.344,4123.8,4142.5,4142.5,4117.6,4117.6,4117.6,4117.6,4117.6,4117.6,99.8,880.7,2735.6,1310.5,3369.9,639.1,1353.1,594.0,910.5,563.3,208.9,168.9,613.9,403.6,327.4,259.7,222.8,409.6,880.7,18.8,32.5,31.1,81.3,14.8,32.4,13.7,21.6,13.0,4.8,3.8,14.6,9.2,7.4,5.9,5.1,9.7,81.3,18.8,21.6,37.0,35.5,93.7,17.3,36.9,15.8,24.6,14.9,5.6,4.5,16.6,10.5,8.4,6.8,6.0,11.2,21.6,41.3,41.5,41.5,41.2,41.2,41.2,41.2,41.2,41.2,0.0,56.7,66.4,95.6,62.7,57.1,39.2,48.4,43.2,40.9,43.3,33.6,4.4,37.3,42.9,60.8,51.6,56.8,59.1,0.0,0.0,0.0,0.0,0.0,0.0,0.0,0.0,0.0,1197.8,12.00,16,16,16,39,55,661,1,69.0,68.9,66.8,62.5,64.1,68.7,63.7,63.0,59.7,61.0,59.7,59.9,58.4,58.7,58.1,51.2,48.2,1.356,1.025,1.369,12.470,11.351,12.468,51.017,37.600,3.456,4.587,6.915,3.847,3.233,2.005,2.719,2.251,2.092,17.072,11.674,28.747,37.702,1197.8,1197.8,4131.2,4159.1,4103.3,4159.4,42.8,20.8,56.7,72.5,61.5,No,No,No,0.671,0.127,4.5,48,95.0,100.0,No,No,91229,99001,32,99.0,No,No,3320,0.0,0.0,0.0,0.000,0.119,11121,9291,0.0,0.0,0.0,0.000,0.000,50,0,50.1,65.6,83.0,0.762,12.130,12.179,12.155,12.068,1133,54.691,22.213,31.851,11.387,43.503,25.766,17.693,0.336,31.851,23.310,2.638,34.748,220.000,240.000,1320.0,1750.2,1155.0,1337.1,1245.0,39.0,10.0,0.0,1.0,30.6,6.9,27.7,0.0,0.0,0.0,33,Yes,No,No,No,No,Yes,No,24.9,29.1,0,0,0,0,0,0,0,0,0,14,0,0,0,0,0,0,0,0,0,0,0,0,0,0,0,0,0,0,0,0,5684,2508,2343,98,8.0,239.8,273.3,212.7,206.9,210.0,205.5,111.1,241.5,59.9,59.9,59.9,59.9,4.17,4.84,3.51,3.18,4.86,4.88,0.69,0.02,4.04,0.13,2.78,0,0,0.0,0.0,198,30,0.8,3.0,0,
5.7.2026,22:43:0.894,18196,27797,39.5,13091,19590,40.0,0.2,13312,23,1.346,1.363,1.344,1.344,1.344,1.344,1.344,1.344,1.344,4145.6,4167.5,4142.5,4142.5,4142.5,4142.5,4142.5,4142.5,4142.5,99.8,849.8,2687.4,1269.3,3264.7,693.3,1010.2,1012.0,831.0,645.7,151.0,175.8,550.4,514.7,282.5,276.1,122.6,109.1,849.8,18.5,32.4,30.4,78.8,16.6,24.7,24.2,20.4,15.3,3.9,4.4,13.4,12.3,6.7,6.7,3.2,2.8,78.8,18.5,20.8,36.4,34.3,90.8,18.8,27.6,27.5,22.8,17.1,4.0,4.6,14.8,13.6,7.2,7.3,3.3,2.8,20.8,41.5,41.8,41.5,41.5,41.5,41.5,41.5,41.5,41.5,0.0,55.6,65.3,95.0,63.5,57.6,37.4,48.7,42.8,34.8,44.4,34.7,5.0,36.5,42.4,62.6,51.3,57.2,65.2,0.0,0.0,0.0,0.0,0.0,0.0,0.0,0.0,0.0,1197.8,12.00,16,16,16,39,55,661,1,69.0,68.7,65.8,62.4,64.0,68.5,64.0,63.0,59.7,61.0,59.5,59.2,58.3,58.7,58.0,52.0,48.3,1.369,1.019,1.375,12.238,11.311,12.241,50.063,37.306,3.402,4.489,6.817,3.975,3.229,1.944,2.738,2.220,1.803,16.757,11.633,28.389,37.353,1197.8,1197.8,4138.0,4161.0,4115.0,4161.0,42.4,20.4,55.6,72.3,61.3,No,No,No,0.666,0.129,4.5,48,95.0,100.0,No,No,91229,99001,32,99.0,No,No,3320,0.0,0.0,0.0,0.000,0.070,11121,9291,0.0,0.0,0.0,0.000,0.000,50,0,50.1,65.9,83.0,0.775,12.134,12.178,12.155,12.067,1130,56.640,22.308,34.727,12.726,45.302,25.945,19.293,0.336,34.727,23.544,3.759,25.408,220.000,240.000,1365.0,1750.2,1200.0,1362.3,1305.0,39.0,10.0,0.0,1.0,30.7,6.8,26.3,0.0,0.0,0.0,33,Yes,No,No,No,No,Yes,No,25.1,27.2,0,0,0,0,0,0,0,0,0,14,0,0,0,0,0,0,0,0,0,0,0,0,0,0,0,0,0,0,0,0,5678,2514,2350,100,8.0,239.8,285.0,208.5,179.1,191.6,174.7,113.7,241.1,59.9,59.9,59.9,59.9,4.17,5.23,2.90,2.40,5.38,5.60,0.68,0.02,4.03,0.14,2.72,0,0,0.0,0.0,198,30,0.1,0.6,0,
5.7.2026,22:43:2.885,18184,27809,39.5,13085,19596,40.0,0.2,13312,23,1.358,1.369,1.356,1.356,1.356,1.356,1.356,1.356,1.356,4161.2,4167.5,4142.5,4142.5,4167.5,4167.5,4167.5,4167.5,4167.5,99.8,882.9,2730.9,1303.8,3278.9,709.7,1082.3,1032.7,795.8,711.3,203.9,167.3,573.2,468.1,309.2,268.8,254.4,235.8,882.9,18.9,32.7,30.9,79.1,16.5,25.9,24.4,18.9,16.6,4.7,3.7,13.6,10.7,6.9,6.0,5.9,5.4,79.1,18.9,21.7,37.1,35.3,91.1,19.2,29.5,28.1,21.6,19.0,5.5,4.4,15.4,12.3,8.0,7.0,6.9,6.3,21.7,41.7,41.8,41.5,41.5,41.8,41.8,41.8,41.8,41.8,0.0,56.4,66.4,94.6,65.1,57.8,37.8,48.5,42.7,38.3,43.6,33.6,5.4,34.9,42.2,62.2,51.5,57.3,61.7,0.0,0.0,0.0,0.0,0.0,0.0,0.0,0.0,0.0,1197.8,12.00,16,16,16,39,55,661,1,75.6,69.3,69.5,62.7,64.3,68.7,64.3,63.1,59.9,61.2,59.7,60.3,58.3,58.6,58.0,51.5,48.0,1.362,1.025,1.369,12.609,11.311,12.606,50.756,37.748,3.501,4.611,6.842,4.090,3.281,2.005,2.770,2.237,2.175,17.249,11.637,28.886,37.837,1197.8,1197.8,4128.9,4155.4,4102.3,4155.4,43.0,21.0,56.4,72.9,61.4,No,No,No,0.643,0.131,4.5,48,95.0,100.0,No,No,91229,99001,32,99.0,No,No,3320,0.0,0.0,0.0,0.000,0.028,11121,9291,0.0,0.0,0.0,0.000,0.000,50,0,50.1,65.9,83.0,0.775,12.133,12.178,12.155,12.067,1130,56.640,22.577,34.727,12.726,45.302,25.945,19.293,0.336,34.727,23.544,3.759,25.408,220.000,240.000,1365.0,1750.2,1200.0,1362.3,1305.0,39.0,10.0,0.0,1.0,30.7,6.6,26.3,0.0,0.0,0.0,33,Yes,No,No,No,No,Yes,No,26.5,27.3,0,0,0,0,0,0,0,0,0,14,0,0,0,0,0,0,0,0,0,0,0,0,0,0,0,0,0,0,0,0,5674,2518,2354,100,8.0,239.9,267.6,213.2,211.2,211.9,210.9,106.9,240.7,59.9,59.8,59.9,59.8,4.17,4.88,3.41,2.86,5.05,5.27,0.57,0.02,4.04,0.13,2.16,0,0,0.0,0.0,198,30,0.9,0.9,0,
5.7.2026,22:43:4.888,18185,27808,39.5,13088,19594,40.0,0.2,13312,23,1.367,1.369,1.356,1.369,1.369,1.369,1.369,1.369,1.369,4063.3,3334.0,4167.5,4167.5,4167.5,4167.5,4167.5,4167.5,4167.5,99.8,827.1,2684.4,910.4,3357.3,606.7,1222.1,797.5,870.1,608.3,167.4,162.2,535.9,452.7,284.1,219.5,175.9,178.9,827.1,18.6,39.7,21.8,81.0,14.7,29.7,19.2,21.3,14.6,4.5,4.3,13.2,10.9,6.9,5.5,4.7,4.7,81.0,18.6,20.7,44.8,24.4,93.3,16.4,33.4,21.5,23.7,16.1,4.5,4.3,14.4,11.8,7.2,5.7,4.8,4.8,20.7,40.7,33.4,41.8,41.8,41.8,41.8,41.8,41.8,41.8,0.0,55.4,65.2,94.8,63.5,57.4,36.8,48.1,41.6,36.1,44.6,34.8,5.2,36.5,42.6,63.2,51.9,58.4,63.9,0.0,0.0,0.0,0.0,0.0,0.0,0.0,0.0,0.0,1197.8,12.00,16,16,16,39,55,661,1,72.6,68.7,68.0,62.3,63.9,68.4,63.8,62.9,59.6,60.9,59.4,59.4,58.3,58.6,58.0,51.2,48.0,1.375,1.031,1.369,12.216,11.280,12.216,49.879,37.202,3.404,4.554,6.800,3.939,3.208,1.944,2.722,2.148,1.914,16.741,11.600,28.341,37.295,1197.8,1197.8,4139.6,4162.7,4116.5,4162.7,42.4,20.4,55.4,72.4,61.3,No,No,No,0.629,0.131,4.4,48,95.0,100.0,No,No,91229,99001,32,99.0,No,No,3320,0.0,0.0,0.0,0.000,0.010,11121,9291,0.0,0.0,0.0,0.000,0.000,50,0,50.3,65.8,83.0,0.750,12.134,12.178,12.154,12.068,1133,54.972,21.001,30.542,10.936,42.954,25.947,16.968,0.336,30.542,23.628,2.555,25.602,220.000,240.000,1290.0,1750.2,1140.0,1305.3,1230.0,38.0,10.0,0.0,1.0,30.7,6.7,27.0,0.0,0.0,0.0,33,Yes,No,No,No,No,Yes,No,24.6,26.6,0,0,0,0,0,0,0,0,0,14,0,0,0,0,0,0,0,0,0,0,0,0,0,0,0,0,0,0,0,0,5678,2514,2350,99,8.0,239.7,281.6,212.9,184.5,198.2,178.7,107.5,241.4,59.9,59.8,59.9,59.8,4.17,4.85,3.40,2.89,5.13,5.61,0.63,0.01,4.05,0.12,2.74,0,0,0.0,0.0,198,30,0.2,0.2,0,
5.7.2026,22:43:6.892,18181,27812,39.5,13089,19593,40.0,0.2,13312,23,1.363,1.363,1.363,1.363,1.363,1.363,1.363,1.363,1.363,4167.5,4167.5,4167.5,4167.5,4167.5,4167.5,4167.5,4167.5,4167.5,99.8,825.8,2737.2,990.8,3437.5,493.5,1471.9,520.4,933.5,529.5,187.6,133.4,542.7,410.0,344.1,212.7,118.3,150.0,825.8,18.0,39.6,23.3,82.8,11.4,35.4,12.0,22.3,12.2,4.4,3.0,12.9,9.4,7.8,4.8,2.7,3.4,82.8,18.0,20.6,45.3,26.6,95.6,13.2,40.4,13.8,25.5,13.9,5.0,3.5,14.6,10.6,8.9,5.5,3.1,4.0,20.6,41.8,41.8,41.8,41.8,41.8,41.8,41.8,41.8,41.8,0.0,55.3,66.3,94.7,63.4,57.2,36.8,47.2,42.3,34.7,44.7,33.7,5.3,36.6,42.8,63.2,52.8,57.7,65.3,0.0,0.0,0.0,0.0,0.0,0.0,0.0,0.0,0.0,1197.8,12.00,16,16,16,39,55,661,1,69.8,68.7,68.0,62.2,64.0,68.5,63.7,62.8,59.5,60.8,59.4,59.1,58.2,58.5,57.9,52.0,48.5,1.369,1.031,1.363,12.304,11.330,12.304,49.800,37.402,3.398,4.627,6.847,3.889,3.189,1.943,2.659,2.199,1.828,16.865,11.654,28.520,37.474,1197.8,1197.8,4140.0,4164.6,4115.5,4164.6,42.6,20.5,55.3,72.3,61.8,No,No,No,0.638,0.131,4.4,48,95.0,100.0,No,No,91229,99001,32,99.0,No,No,3320,0.0,0.0,0.0,0.000,0.032,11121,9291,0.0,0.0,0.0,0.000,0.000,50,0,50.1,65.7,83.0,0.769,12.137,12.182,12.157,12.070,1131,56.257,21.450,32.170,11.354,43.536,25.625,17.872,0.336,32.170,22.987,2.706,25.741,220.000,240.000,1350.0,1750.2,1185.0,1347.4,1275.0,34.0,9.0,0.0,1.0,30.7,6.7,26.7,0.0,0.0,0.0,33,Yes,No,No,No,No,Yes,No,25.1,26.9,0,0,0,0,0,0,0,0,0,14,0,0,0,0,0,0,0,0,0,0,0,0,0,0,0,0,0,0,0,0,5678,2514,2350,99,8.0,239.8,271.8,214.5,205.9,209.4,204.9,111.5,240.7,59.9,59.9,59.9,59.9,4.17,5.08,3.07,2.90,5.33,5.44,0.61,0.02,4.02,0.14,2.48,0,0,0.0,0.0,198,30,1.1,1.0,0,
5.7.2026,22:43:8.895,18174,27820,39.5,13084,19597,40.0,0.2,13312,23,1.361,1.350,1.363,1.363,1.363,1.363,1.363,1.363,1.363,4145.6,4167.5,4142.5,4142.5,4142.5,4142.5,4142.5,4142.5,4142.5,99.8,858.1,2760.5,1036.8,3439.2,545.3,1582.7,551.6,940.1,535.0,162.6,148.8,575.7,434.3,331.3,239.2,140.9,306.1,858.1,18.6,38.8,24.4,83.0,12.6,38.0,12.7,22.4,12.3,3.7,3.3,13.6,9.8,7.4,5.4,3.2,7.2,83.0,18.6,21.4,44.3,27.9,95.6,14.7,43.5,14.6,25.7,14.1,4.4,3.9,15.5,11.3,8.6,6.2,3.8,8.3,21.4,41.5,41.8,41.5,41.5,41.5,41.5,41.5,41.5,41.5,0.0,56.6,66.9,95.2,65.4,58.0,37.9,48.6,43.0,37.8,43.4,33.1,4.8,34.6,42.0,62.1,51.4,57.0,62.2,0.0,0.0,0.0,0.0,0.0,0.0,0.0,0.0,0.0,1197.8,12.00,16,16,16,39,55,661,1,69.2,68.7,68.5,62.3,64.0,68.5,63.8,62.9,59.6,60.9,59.5,59.5,58.2,58.5,57.9,51.0,48.6,1.362,1.025,1.369,12.371,11.346,12.369,50.948,37.476,3.438,4.601,6.828,3.970,3.243,1.932,2.737,2.226,1.965,16.931,11.670,28.601,37.555,1197.8,1197.8,4139.2,4159.1,4119.2,4159.5,42.7,20.6,56.6,72.3,61.3,No,No,No,0.659,0.131,4.5,48,95.0,100.0,No,No,91229,99001,32,99.0,No,No,3320,0.0,0.0,0.0,0.000,0.006,11121,9291,0.0,0.0,0.0,0.000,0.000,50,0,50.2,65.9,83.0,0.750,12.136,12.181,12.156,12.070,1131,55.411,21.020,30.341,10.780,42.681,25.782,16.855,0.336,30.341,23.400,2.620,27.069,220.000,240.000,1305.0,1750.2,1140.0,1308.5,1230.0,37.0,10.0,0.0,1.0,30.7,6.7,26.8,0.0,0.0,0.0,33,Yes,No,No,No,No,Yes,No,24.4,26.3,0,0,0,0,0,0,0,0,0,14,0,0,0,0,0,0,0,0,0,0,0,0,0,0,0,0,0,0,0,0,5678,2514,2350,100,8.0,239.9,282.5,208.1,192.8,198.8,190.9,107.3,241.2,59.9,59.9,59.9,59.8,4.17,5.06,3.36,2.74,5.22,5.39,0.57,0.01,4.03,0.14,2.49,0,0,0.0,0.0,198,30,0.6,0.6,0,
5.7.2026,22:43:10.890,18177,27817,39.5,13085,19596,40.0,0.2,13312,23,1.363,1.369,1.363,1.363,1.363,1.363,1.363,1.363,1.363,4145.6,4167.5,4142.5,4142.5,4142.5,4142.5,4142.5,4142.5,4142.5,99.8,824.5,2713.6,927.2,3333.8,568.6,1102.4,940.7,833.1,634.3,147.5,154.8,518.7,507.2,269.4,257.9,169.3,113.1,824.5,18.2,39.5,22.0,80.4,13.5,26.6,22.5,20.2,15.1,3.7,3.9,12.5,12.1,6.3,6.2,4.3,2.9,80.4,18.2,20.6,44.9,24.8,92.7,15.3,30.0,25.5,22.6,16.8,3.9,4.1,13.9,13.4,6.8,6.8,4.6,3.0,20.6,41.5,41.8,41.5,41.5,41.5,41.5,41.5,41.5,41.5,0.0,55.1,65.8,94.2,63.5,57.3,36.2,48.3,41.6,34.2,44.9,34.2,5.8,36.5,42.7,63.8,51.7,58.4,65.8,0.0,0.0,0.0,0.0,0.0,0.0,0.0,0.0,0.0,1197.8,12.00,16,16,16,39,55,661,1,69.2,68.6,73.8,62.2,63.8,68.4,63.8,62.7,59.4,60.9,59.3,59.2,58.2,58.5,57.9,51.8,48.7,1.350,1.031,1.356,12.193,11.294,12.190,49.613,37.191,3.387,4.544,6.706,3.958,3.203,1.912,2.767,2.177,1.832,16.711,11.617,28.328,37.280,1197.8,1197.8,4143.1,4164.4,4121.9,4164.4,42.4,20.3,55.1,72.2,61.4,No,No,No,0.651,0.131,4.4,48,95.0,100.0,No,No,91229,99001,32,99.0,No,No,3320,0.0,0.0,0.0,0.000,0.010,11121,9291,0.0,0.0,0.0,0.000,0.000,50,0,50.2,65.9,83.0,0.769,12.136,12.180,12.157,12.070,1130,54.908,22.236,32.543,11.766,43.958,25.829,18.080,0.336,32.543,23.442,2.714,31.150,220.000,240.000,1350.0,1750.2,1185.0,1308.0,1275.0,36.0,10.0,0.0,1.0,30.7,6.8,27.4,0.0,0.0,0.0,33,Yes,No,No,No,No,Yes,No,25.4,31.9,0,0,0,0,0,0,0,0,0,14,0,0,0,0,0,0,0,0,0,0,0,0,0,0,0,0,0,0,0,0,5678,2514,2350,100,8.0,239.7,277.8,210.8,204.0,206.7,203.0,110.6,240.7,59.9,59.9,59.9,59.9,4.17,4.86,3.47,3.25,4.95,5.01,0.56,0.02,4.05,0.13,3.05,0,0,0.0,0.0,198,30,0.1,0.1,0,
5.7.2026,22:43:12.898,18170,27823,39.5,13082,19599,40.0,0.2,13312,23,1.362,1.369,1.369,1.369,1.369,1.369,1.350,1.350,1.350,4155.0,4167.5,4142.5,4142.5,4142.5,4142.5,4167.5,4167.5,4167.5,99.8,844.3,2732.4,1027.7,3488.5,495.3,890.1,1093.2,650.9,788.6,230.7,175.7,468.4,506.2,283.0,258.9,221.6,196.9,844.3,18.1,38.7,23.9,84.1,11.2,20.8,25.8,15.1,18.2,5.1,3.7,10.7,11.4,6.0,5.6,4.9,4.2,84.1,18.1,21.0,44.3,27.6,97.0,13.3,24.2,29.7,17.6,21.1,6.3,4.6,12.5,13.3,7.2,6.8,6.0,5.3,21.0,41.6,41.8,41.5,41.5,41.5,41.5,41.8,41.8,41.8,0.0,56.1,66.3,95.4,63.6,57.5,38.0,48.0,42.8,37.4,43.9,33.7,4.6,36.4,42.5,62.0,52.0,57.2,62.6,0.0,0.0,0.0,0.0,0.0,0.0,0.0,0.0,0.0,1197.8,12.00,16,16,16,39,55,661,1,69.1,68.9,67.5,62.4,64.1,68.7,63.7,62.9,59.7,60.9,59.4,59.6,58.3,58.6,57.9,50.5,47.7,1.356,1.025,1.363,12.369,11.323,12.375,50.505,37.474,3.433,4.628,6.872,3.863,3.215,1.992,2.690,2.190,2.016,16.937,11.646,28.583,37.548,1197.8,1197.8,4142.3,4159.4,4125.2,4159.4,42.7,20.6,56.1,72.6,61.4,No,No,No,0.649,0.130,4.5,48,95.0,100.0,No,No,91229,99001,32,99.0,No,No,3320,0.0,0.0,0.0,0.000,0.057,11121,9291,0.0,0.0,0.0,0.000,0.000,50,0,50.5,66.1,83.0,0.756,12.133,12.177,12.155,12.068,1128,57.009,23.911,34.507,12.554,45.252,26.030,19.169,0.336,34.507,23.556,18.040,25.159,220.000,240.000,1320.0,1750.2,1155.0,1347.5,1245.0,39.0,10.0,0.0,1.0,30.7,6.7,26.7,0.0,0.0,0.0,33,Yes,No,No,No,No,Yes,No,26.4,28.7,0,0,0,0,0,0,0,0,0,14,0,0,0,0,0,0,0,0,0,0,0,0,0,0,0,0,0,0,0,0,5678,2514,2350,100,8.0,239.7,288.2,208.9,183.3,195.8,177.9,111.7,240.7,59.9,59.8,59.9,59.8,4.17,5.39,3.11,2.35,5.65,5.68,0.66,0.01,4.04,0.13,2.97,0,0,0.0,0.0,198,30,0.4,0.9,0,
5.7.2026,22:43:14.897,18174,27820,39.5,13082,19600,40.0,0.2,13312,23,1.363,1.369,1.363,1.363,1.363,1.363,1.363,1.363,1.363,4167.5,4167.5,4167.5,4167.5,4167.5,4167.5,4167.5,4167.5,4167.5,99.8,837.3,2752.4,1009.6,3301.9,611.8,1029.4,1025.6,606.2,798.7,189.8,171.3,505.4,546.1,282.2,258.3,181.7,126.3,837.3,18.4,39.2,24.0,79.6,14.5,24.6,24.7,14.5,19.0,4.7,4.2,12.2,12.9,6.5,6.1,4.5,3.1,79.6,18.4,20.9,44.6,27.2,91.8,16.5,28.1,27.9,16.3,21.4,5.1,4.6,13.6,14.4,7.2,6.8,4.9,3.3,20.9,41.8,41.8,41.8,41.8,41.8,41.8,41.8,41.8,41.8,0.0,55.8,66.7,94.1,64.6,56.8,37.4,48.7,42.2,35.7,44.2,33.3,5.9,35.4,43.2,62.6,51.3,57.8,64.3,0.0,0.0,0.0,0.0,0.0,0.0,0.0,0.0,0.0,1197.8,12.00,16,16,16,39,55,661,1,69.0,68.6,68.0,62.3,64.2,68.3,64.0,62.7,59.6,61.0,59.4,59.3,58.2,58.5,57.9,51.0,48.3,1.369,1.031,1.369,12.214,11.282,12.213,50.201,37.226,3.413,4.600,6.673,4.030,3.168,1.973,2.770,2.199,1.891,16.734,11.605,28.339,37.292,1197.8,1197.8,4142.9,4162.1,4123.8,4162.1,42.4,20.4,55.8,72.3,61.1,No,No,No,0.636,0.131,4.5,48,95.0,100.0,No,No,91229,99001,32,99.0,No,No,3320,0.0,0.0,0.0,0.000,0.012,11121,9291,0.0,0.0,0.0,0.000,0.000,50,0,50.4,66.2,83.0,0.769,12.133,12.177,12.154,12.067,1129,56.887,21.806,33.029,11.897,44.118,25.726,18.349,0.336,33.029,23.247,2.828,25.506,220.000,240.000,1350.0,1750.2,1185.0,1347.5,1275.0,37.0,10.0,0.0,1.0,30.7,6.8,27.3,0.0,0.0,0.0,33,Yes,No,No,No,No,Yes,No,25.6,30.4,0,0,0,0,0,0,0,0,0,14,0,0,0,0,0,0,0,0,0,0,0,0,0,0,0,0,0,0,0,0,5678,2514,2350,100,8.0,239.7,288.2,208.9,183.3,195.8,177.9,111.7,240.7,59.9,59.8,59.9,59.8,4.17,5.39,3.11,2.35,5.65,5.68,0.66,0.01,4.04,0.13,2.97,0,0,0.0,0.0,198,30,0.4,0.9,0,
5.7.2026,22:43:16.891,18174,27820,39.5,13082,19600,40.0,0.2,13312,23,1.363,1.369,1.363,1.363,1.363,1.363,1.363,1.363,1.363,4167.5,4167.5,4167.5,4167.5,4167.5,4167.5,4167.5,4167.5,4167.5,99.8,837.3,2752.4,1009.6,3301.9,611.8,1029.4,1025.6,606.2,798.7,189.8,171.3,505.4,546.1,282.2,258.3,181.7,126.3,837.3,18.4,39.2,24.0,79.6,14.5,24.6,24.7,14.5,19.0,4.7,4.2,12.2,12.9,6.5,6.1,4.5,3.1,79.6,18.4,20.9,44.6,27.2,91.8,16.5,28.1,27.9,16.3,21.4,5.1,4.6,13.6,14.4,7.2,6.8,4.9,3.3,20.9,41.8,41.8,41.8,41.8,41.8,41.8,41.8,41.8,41.8,0.0,55.8,66.7,94.1,64.6,56.8,37.4,48.7,42.2,35.7,44.2,33.3,5.9,35.4,43.2,62.6,51.3,57.8,64.3,0.0,0.0,0.0,0.0,0.0,0.0,0.0,0.0,0.0,1197.8,12.00,16,16,16,39,55,661,1,69.0,68.6,68.0,62.3,64.2,68.3,64.0,62.7,59.6,61.0,59.4,59.3,58.2,58.5,57.9,51.0,48.3,1.369,1.031,1.369,12.214,11.282,12.213,50.201,37.226,3.413,4.600,6.673,4.030,3.168,1.973,2.770,2.199,1.891,16.734,11.605,28.339,37.292,1197.8,1197.8,4142.9,4162.1,4123.8,4162.1,42.4,20.4,55.8,72.3,61.1,No,No,No,0.636,0.131,4.5,48,95.0,100.0,No,No,91229,99001,32,99.0,No,No,3320,0.0,0.0,0.0,0.000,0.012,11121,9291,0.0,0.0,0.0,0.000,0.000,50,0,50.4,66.1,83.0,0.762,12.130,12.175,12.151,12.065,1130,55.419,23.395,33.999,12.443,45.215,26.278,18.888,0.336,33.999,23.920,2.699,36.171,220.000,240.000,1335.0,1750.2,1170.0,1318.2,1260.0,40.0,10.0,0.0,1.0,30.7,7.1,28.2,0.0,0.0,0.0,33,Yes,No,No,No,No,Yes,No,25.3,26.9,0,0,0,0,0,0,0,0,0,14,0,0,0,0,0,0,0,0,0,0,0,0,0,0,0,0,0,0,0,0,5678,2514,2350,100,8.0,239.7,308.6,195.1,184.5,187.9,182.9,108.5,241.3,59.9,59.9,59.9,59.9,4.17,5.38,2.94,2.78,5.47,5.61,0.62,0.02,4.05,0.12,2.49,0,0,0.0,0.0,198,30,0.2,0.7,0,
5.7.2026,22:43:18.886,18169,27825,39.5,13080,19602,40.0,0.2,13312,23,1.364,1.363,1.363,1.363,1.363,1.363,1.363,1.369,1.369,4167.5,4167.5,4167.5,4167.5,4167.5,4167.5,4167.5,4167.5,4167.5,99.8,894.2,2753.1,1121.6,3377.9,563.5,1081.1,1036.0,728.1,775.5,285.2,186.0,521.1,548.9,300.7,265.9,436.2,326.7,894.2,19.7,37.1,26.8,81.7,13.4,26.0,24.8,17.5,18.4,7.0,4.5,12.5,13.0,7.0,6.3,10.7,8.0,81.7,19.7,22.3,42.1,30.3,93.9,15.2,29.6,28.1,19.8,20.7,7.8,4.9,14.0,14.5,7.8,7.0,12.0,8.8,22.3,41.8,41.8,41.8,41.8,41.8,41.8,41.8,41.8,41.8,0.0,57.8,66.8,94.9,65.0,58.5,40.4,50.6,44.1,42.3,42.2,33.2,5.1,35.0,41.5,59.6,49.4,55.9,57.7,0.0,0.0,0.0,0.0,0.0,0.0,0.0,0.0,0.0,1197.8,12.00,16,16,16,39,55,661,1,69.2,69.9,72.8,62.9,64.4,68.6,64.2,63.3,60.1,61.7,59.8,61.5,58.4,58.6,58.1,51.5,48.2,1.350,1.038,1.356,13.038,11.295,13.035,52.055,38.323,3.600,4.639,6.726,4.101,3.342,2.139,2.880,2.259,2.714,17.826,11.622,29.448,38.399,1197.8,1197.8,4133.0,4147.5,4118.5,4147.5,43.6,21.7,57.8,73.6,61.7,No,No,No,0.632,0.131,4.6,48,95.0,100.0,No,No,91229,99001,32,99.0,No,No,3320,0.0,0.0,0.0,0.000,0.016,11121,9291,0.0,0.0,0.0,0.000,0.000,50,0,50.8,66.4,83.0,0.762,12.128,12.171,12.150,12.063,1131,56.428,22.683,33.075,11.988,44.456,26.045,18.373,0.336,33.075,23.646,2.859,32.972,220.000,240.000,1335.0,1750.2,1170.0,1329.2,1260.0,38.0,10.0,0.0,1.0,30.7,6.9,27.5,0.0,0.0,0.0,33,Yes,No,No,No,No,Yes,No,25.8,27.2,0,0,0,0,0,0,0,0,0,14,0,0,0,0,0,0,0,0,0,0,0,0,0,0,0,0,0,0,0,0,5678,2514,2350,100,8.0,239.8,297.9,196.7,193.9,194.3,193.7,108.6,240.7,59.9,59.9,59.9,59.9,4.17,5.11,3.06,2.66,5.33,5.63,0.59,0.01,4.03,0.14,2.51,0,0,0.0,0.0,198,30,1.1,0.5,0,
5.7.2026,22:43:20.898,18198,27796,39.5,13091,19591,40.0,0.2,13312,23,1.350,1.350,1.350,1.350,1.350,1.350,1.350,1.350,1.350,4142.5,4142.5,4142.5,4142.5,4142.5,4142.5,4142.5,4142.5,4142.5,99.8,896.1,2813.2,1039.1,3297.8,701.0,1096.8,1053.4,743.5,860.7,260.1,184.0,536.3,583.2,342.4,266.9,177.6,382.5,896.1,19.4,40.1,24.3,79.5,16.2,25.9,24.9,17.3,20.0,5.9,4.0,12.4,13.4,7.4,5.8,3.8,8.9,79.5,19.4,22.4,46.0,27.9,91.6,19.0,29.9,28.6,20.1,23.1,7.0,4.9,14.4,15.5,8.8,7.0,4.7,10.5,22.4,41.5,41.5,41.5,41.5,41.5,41.5,41.5,41.5,41.5,0.0,58.1,68.2,94.8,66.3,59.6,40.1,51.0,44.5,40.1,41.9,31.8,5.2,33.7,40.4,59.9,49.0,55.5,59.9,0.0,0.0,0.0,0.0,0.0,0.0,0.0,0.0,0.0,1197.8,12.00,16,16,16,39,55,661,1,69.2,68.9,73.5,62.6,64.3,68.6,64.1,63.3,59.8,61.3,59.7,59.8,58.3,58.6,58.0,50.8,47.8,1.344,1.038,1.356,12.694,11.340,12.690,52.257,37.846,3.519,4.659,6.762,4.094,3.391,2.044,2.842,2.277,2.078,17.361,11.663,29.024,37.982,1197.8,1197.8,4139.1,4156.1,4122.2,4156.4,43.2,21.2,58.1,72.6,61.4,No,No,No,0.694,0.132,4.6,48,95.0,100.0,No,No,91229,99001,32,99.0,No,No,3320,0.0,0.1,0.1,0.000,0.095,11121,9291,0.0,0.0,0.0,0.000,0.000,50,0,50.4,66.1,83.0,0.762,12.130,12.173,12.152,12.065,1130,55.568,22.221,33.511,12.137,44.731,26.073,18.615,0.336,33.511,23.630,2.628,27.038,220.000,240.000,1335.0,1750.2,1170.0,1309.3,1260.0,41.0,10.0,0.0,1.0,30.7,6.8,27.3,0.0,0.0,0.0,33,Yes,No,No,No,No,Yes,No,26.0,26.5,0,0,0,0,0,0,0,0,0,14,0,0,0,0,0,0,0,0,0,0,0,0,0,0,0,0,0,0,0,0,5678,2514,2350,100,8.0,239.8,277.0,197.6,194.4,195.1,194.3,109.4,240.7,59.9,59.8,59.9,59.8,4.17,5.12,3.17,2.92,5.23,5.40,0.66,0.01,4.04,0.13,2.33,0,0,0.0,0.0,198,30,0.4,0.9,0,
5.7.2026,22:43:22.893,18260,27733,39.7,13132,19550,40.1,0.2,13312,23,1.367,1.344,1.381,1.381,1.381,1.363,1.363,1.363,1.363,4151.9,4117.6,4142.5,4142.5,4142.5,4167.5,4167.5,4167.5,4167.5,99.8,993.6,2879.8,1203.5,3297.4,876.7,860.6,1498.5,708.6,1112.3,290.3,329.0,655.3,703.5,406.3,449.9,284.8,341.6,993.6,22.0,42.0,28.5,79.7,20.8,20.4,35.9,16.8,26.4,6.9,7.8,15.6,16.5,9.3,10.6,6.8,8.1,79.7,22.0,25.1,48.0,32.5,91.6,23.9,23.3,41.0,19.1,30.1,7.8,8.9,17.7,18.7,10.6,12.0,7.7,9.2,25.1,41.6,41.2,41.5,41.5,41.5,41.8,41.8,41.8,41.8,0.0,59.8,69.8,95.0,67.5,61.9,42.1,53.3,47.1,41.4,40.2,30.2,5.0,32.5,38.1,57.9,46.7,52.9,58.6,0.0,0.0,0.0,0.0,0.0,0.0,0.0,0.0,0.0,1197.8,12.00,16,16,16,39,55,661,1,69.2,69.3,71.8,63.3,65.1,68.9,64.9,64.0,60.6,61.9,60.4,60.4,58.7,59.0,58.4,52.0,48.4,1.369,1.031,1.381,13.204,11.335,13.206,53.776,38.606,3.685,4.869,6.807,4.283,3.602,2.225,3.014,2.490,2.189,18.020,11.664,29.684,38.663,1197.8,1197.8,4135.8,4150.2,4121.4,4150.2,43.9,22.0,59.8,72.9,60.9,No,No,No,0.759,0.132,4.8,48,95.0,100.0,No,No,91229,99001,32,99.0,No,No,3320,0.0,0.1,0.1,0.024,0.211,11121,9292,0.0,0.0,0.0,0.000,0.000,50,0,50.6,66.2,83.0,0.750,12.129,12.173,12.151,12.064,1133,55.461,21.042,31.485,11.248,43.233,25.696,17.492,0.336,31.485,23.278,2.599,23.564,220.000,240.000,1305.0,1750.2,1140.0,1327.9,1230.0,37.0,10.0,0.0,1.0,30.7,6.7,26.9,0.0,0.0,0.0,33,Yes,No,No,No,No,Yes,No,24.9,26.2,0,0,0,0,0,0,0,0,0,14,0,0,0,0,0,0,0,0,0,0,0,0,0,0,0,0,0,0,0,0,5678,2514,2350,100,8.0,239.8,293.5,210.3,193.5,200.5,191.2,112.7,240.3,59.9,59.9,59.9,59.9,4.17,4.95,3.26,3.00,5.12,5.35,0.53,0.01,4.05,0.12,2.67,0,0,0.0,0.0,198,30,5.9,18.4,0,
5.7.2026,22:43:24.889,18249,27745,39.6,13120,19561,40.1,0.2,13312,23,1.351,1.363,1.356,1.350,1.350,1.350,1.350,1.344,1.344,4148.8,4117.6,4167.5,4142.5,4142.5,4142.5,4142.5,4167.5,4167.5,99.8,809.4,2457.3,1017.4,3077.7,1381.5,666.1,1106.0,542.6,740.3,142.7,134.4,418.7,455.7,210.7,209.1,183.5,207.2,809.4,17.4,33.6,24.4,74.3,27.1,14.0,26.9,13.3,16.8,3.8,3.6,10.0,10.9,5.0,5.0,3.6,5.4,74.3,17.4,19.4,37.8,27.4,85.6,30.9,15.5,30.1,14.7,18.6,3.8,3.5,10.9,11.8,5.2,5.2,3.6,5.6,19.4,41.6,41.2,41.8,41.5,41.5,41.5,41.5,41.8,41.8,0.0,51.4,59.9,98.4,55.3,51.5,32.6,43.3,37.2,33.3,48.6,40.1,1.6,44.7,48.5,67.4,56.7,62.8,66.7,0.0,0.0,0.0,0.0,0.0,0.0,0.0,0.0,0.0,1197.8,12.00,16,16,16,39,55,661,1,67.8,67.3,65.2,61.6,63.2,66.9,62.5,61.9,59.2,60.5,59.1,59.4,58.3,58.7,58.0,50.5,48.2,1.375,1.025,1.369,11.349,11.272,11.351,46.281,36.038,3.074,4.136,5.771,3.403,2.939,1.816,2.555,2.027,1.944,15.547,11.590,27.137,36.098,1197.8,1197.8,4135.7,4165.2,4106.3,4165.2,41.0,18.9,51.4,70.8,63.4,No,No,No,0.668,0.027,4.1,48,95.0,100.0,No,No,91229,99001,32,99.0,No,No,3320,0.0,0.1,0.1,0.001,0.095,11121,9292,0.0,0.0,0.0,0.000,0.000,50,0,47.7,61.7,83.0,0.688,12.152,12.200,12.170,12.086,1131,31.197,11.078,11.268,2.611,27.722,21.440,6.260,0.336,11.268,19.412,2.108,8.350,220.000,240.000,720.0,1250.2,975.0,895.1,1050.0,11.0,2.0,0.0,0.0,30.8,0.8,3.2,0.0,0.0,0.0,33,Yes,No,No,No,No,Yes,No,13.9,17.8,0,0,0,0,0,0,0,0,0,14,0,0,0,0,0,0,0,0,0,0,0,0,0,0,0,0,0,0,0,0,5668,2524,2359,106,8.0,239.9,271.9,207.1,200.5,201.9,199.7,71.0,120.1,59.9,59.9,59.9,59.9,4.17,4.92,3.60,3.24,5.00,5.03,0.20,0.00,4.05,0.11,0.89,0,0,0.0,0.0,198,30,1.5,1.2,0,
5.7.2026,22:43:26.893,15636,30358,33.9,11240,21442,34.3,0.2,13312,23,1.375,1.375,1.375,1.375,1.375,1.375,1.375,1.375,1.375,4164.4,4142.5,4167.5,4167.5,4167.5,4167.5,4167.5,4167.5,4167.5,99.8,871.4,2834.2,1268.2,2884.1,815.6,714.0,1249.7,638.0,870.0,200.3,218.3,479.0,538.1,305.0,348.5,350.1,228.8,871.4,19.4,38.4,30.2,69.3,26.9,18.9,29.4,14.8,21.2,4.1,4.4,11.4,12.6,6.9,8.1,8.7,4.7,69.3,19.4,22.1,43.7,34.3,79.8,30.6,21.3,33.3,16.6,23.9,5.1,5.5,12.7,14.1,7.6,8.9,10.4,5.9,22.1,41.7,41.5,41.8,41.8,41.8,41.8,41.8,41.8,41.8,0.0,57.2,68.7,93.5,63.1,58.7,38.9,49.1,44.1,41.5,42.8,31.3,6.5,36.9,41.3,61.1,50.9,55.9,58.5,0.0,0.0,0.0,0.0,0.0,0.0,0.0,0.0,0.0,1197.8,12.00,16,16,16,39,55,661,1,67.6,67.5,72.2,61.9,63.7,66.8,63.0,62.5,59.4,60.6,59.4,59.8,58.2,58.6,57.9,50.0,48.0,1.381,1.031,1.387,12.287,11.096,12.286,51.381,37.169,3.330,4.602,6.078,3.651,3.224,1.998,2.661,2.262,2.166,16.802,11.413,28.215,37.215,1197.8,1197.8,4139.0,4157.2,4120.8,4163.2,42.3,20.5,57.1,71.0,62.7,No,No,No,1.201,0.024,4.6,48,95.0,100.0,No,No,91229,99001,32,99.0,No,No,3320,0.0,0.1,0.1,0.000,0.516,11121,9293,0.0,0.0,0.0,0.000,0.000,50,0,46.6,59.7,83.0,0.669,12.162,12.200,12.176,12.109,1128,22.280,8.317,9.661,2.001,19.811,14.434,5.367,0.336,9.661,12.488,1.872,7.538,220.000,240.000,390.0,202.5,810.0,477.7,885.0,9.0,11.0,0.0,0.0,22.6,0.8,3.1,0.0,0.0,0.0,33,Yes,No,No,No,No,Yes,No,10.1,12.8,1,0,0,0,0,0,0,0,0,15,0,0,0,0,0,0,0,0,0,0,0,0,0,0,0,0,0,0,0,0,6342,1850,1683,77,5.0,239.5,267.8,217.3,201.1,207.9,199.4,70.8,600.7,59.8,59.8,59.8,59.8,4.18,4.75,3.57,3.47,4.90,5.04,0.43,0.01,4.03,0.14,1.77,0,0,0.0,0.0,198,30,9.7,10.7,0,
Date,Time,"Virtual Memory Committed [MB]","Virtual Memory Available [MB]","Virtual Memory Load [%]","Physical Memory Used [MB]","Physical Memory Available [MB]","Physical Memory Load [%]","Page File Usage [%]","Page File Total [MB]","Page File Used [MB]","Core VIDs (avg) [V]","Core 0 VID [V]","Core 1 VID [V]","Core 2 VID [V]","Core 3 VID [V]","Core 4 VID [V]","Core 5 VID [V]","Core 6 VID [V]","Core 7 VID [V]","Core Clocks (avg) [MHz]","Core 0 Clock (perf #1/4) [MHz]","Core 1 Clock (perf #1/3) [MHz]","Core 2 Clock (perf #2/6) [MHz]","Core 3 Clock (perf #3/5) [MHz]","Core 4 Clock (perf #6/8) [MHz]","Core 5 Clock (perf #4/2) [MHz]","Core 6 Clock (perf #5/1) [MHz]","Core 7 Clock (perf #7/7) [MHz]","Bus Clock [MHz]","Core Effective Clocks (avg) [MHz]","Core 0 T0 Effective Clock [MHz]","Core 0 T1 Effective Clock [MHz]","Core 1 T0 Effective Clock [MHz]","Core 1 T1 Effective Clock [MHz]","Core 2 T0 Effective Clock [MHz]","Core 2 T1 Effective Clock [MHz]","Core 3 T0 Effective Clock [MHz]","Core 3 T1 Effective Clock [MHz]","Core 4 T0 Effective Clock [MHz]","Core 4 T1 Effective Clock [MHz]","Core 5 T0 Effective Clock [MHz]","Core 5 T1 Effective Clock [MHz]","Core 6 T0 Effective Clock [MHz]","Core 6 T1 Effective Clock [MHz]","Core 7 T0 Effective Clock [MHz]","Core 7 T1 Effective Clock [MHz]","Average Effective Clock [MHz]","Core Usage (avg) [%]","Core 0 T0 Usage [%]","Core 0 T1 Usage [%]","Core 1 T0 Usage [%]","Core 1 T1 Usage [%]","Core 2 T0 Usage [%]","Core 2 T1 Usage [%]","Core 3 T0 Usage [%]","Core 3 T1 Usage [%]","Core 4 T0 Usage [%]","Core 4 T1 Usage [%]","Core 5 T0 Usage [%]","Core 5 T1 Usage [%]","Core 6 T0 Usage [%]","Core 6 T1 Usage [%]","Core 7 T0 Usage [%]","Core 7 T1 Usage [%]","Max CPU/Thread Usage [%]","Total CPU Usage [%]","Core Utility (avg) [%]","Core 0 T0 Utility [%]","Core 0 T1 Utility [%]","Core 1 T0 Utility [%]","Core 1 T1 Utility [%]","Core 2 T0 Utility [%]","Core 2 T1 Utility [%]","Core 3 T0 Utility [%]","Core 3 T1 Utility [%]","Core 4 T0 Utility [%]","Core 4 T1 Utility [%]","Core 5 T0 Utility [%]","Core 5 T1 Utility [%]","Core 6 T0 Utility [%]","Core 6 T1 Utility [%]","Core 7 T0 Utility [%]","Core 7 T1 Utility [%]","Total CPU Utility [%]","Core Ratios (avg) [x]","Core 0 Ratio [x]","Core 1 Ratio [x]","Core 2 Ratio [x]","Core 3 Ratio [x]","Core 4 Ratio [x]","Core 5 Ratio [x]","Core 6 Ratio [x]","Core 7 Ratio [x]","Package C6 Residency [%]","Core C0 Residency (avg) [%]","Core 0 C0 Residency [%]","Core 1 C0 Residency [%]","Core 2 C0 Residency [%]","Core 3 C0 Residency [%]","Core 4 C0 Residency [%]","Core 5 C0 Residency [%]","Core 6 C0 Residency [%]","Core 7 C0 Residency [%]","Core C1 Residency (avg) [%]","Core 0 C1 Residency [%]","Core 1 C1 Residency [%]","Core 2 C1 Residency [%]","Core 3 C1 Residency [%]","Core 4 C1 Residency [%]","Core 5 C1 Residency [%]","Core 6 C1 Residency [%]","Core 7 C1 Residency [%]","Core C6 Residency (avg) [%]","Core 0 C6 Residency [%]","Core 1 C6 Residency [%]","Core 2 C6 Residency [%]","Core 3 C6 Residency [%]","Core 4 C6 Residency [%]","Core 5 C6 Residency [%]","Core 6 C6 Residency [%]","Core 7 C6 Residency [%]","Memory Clock [MHz]","Memory Clock Ratio [x]","Tcas [T]","Trcd [T]","Trp [T]","Tras [T]","Trc [T]","Trfc [T]","Command Rate [T]","CPU (Tctl/Tdie) [°C]","CPU Die (average) [°C]","CPU CCD1 (Tdie) [°C]","Core Temperatures (avg) [°C]","Core0 (CCD1) [°C]","Core1 (CCD1) [°C]","Core2 (CCD1) [°C]","Core3 (CCD1) [°C]","Core4 (CCD1) [°C]","Core5 (CCD1) [°C]","Core6 (CCD1) [°C]","Core7 (CCD1) [°C]","L3 Temperatures (avg) [°C]","L3 Cache (CCD1:CCX1) [°C]","L3 Cache (CCD1:CCX2) [°C]","CPU IOD Hotspot [°C]","CPU IOD Average [°C]","CPU Core Voltage (SVI2 TFN) [V]","SoC Voltage (SVI2 TFN) [V]","CPU Core VID (Effective) [V]","CPU Core Current (SVI2 TFN) [A]","SoC Current (SVI2 TFN) [A]","CPU TDC [A]","CPU EDC [A]","CPU Package Power [W]","Core Powers (avg) [W]","Core 0 Power [W]","Core 1 Power [W]","Core 2 Power [W]","Core 3 Power [W]","Core 4 Power [W]","Core 5 Power [W]","Core 6 Power [W]","Core 7 Power [W]","CPU Core Power (SVI2 TFN) [W]","CPU SoC Power (SVI2 TFN) [W]","Core+SoC Power (SVI2 TFN) [W]","CPU PPT [W]","Infinity Fabric Clock (FCLK) [MHz]","Memory Controller Clock (UCLK) [MHz]","L3 Clocks (avg) [MHz]","L3 Cache (CCD1:CCX1) [MHz]","L3 Cache (CCD1:CCX2) [MHz]","Frequency Limit - Global [MHz]","CPU PPT Limit [%]","CPU TDC Limit [%]","CPU EDC Limit [%]","Thermal Limit [%]","Power Reporting Deviation (Accuracy) [%]","Thermal Throttling (HTC) [Yes/No]","Thermal Throttling (PROCHOT CPU) [Yes/No]","Thermal Throttling (PROCHOT EXT) [Yes/No]","DRAM Read Bandwidth [Gbps]","DRAM Write Bandwidth [Gbps]","Average Active Core Count []","Drive Temperature [°C]","Drive Remaining Life [%]","Drive Available Spare [%]","Drive Failure [Yes/No]","Drive Warning [Yes/No]","Total Host Writes [GB]","Total Host Reads [GB]","Drive Airflow Temperature [°C]","Drive Remaining Life [%]","Drive Failure [Yes/No]","Drive Warning [Yes/No]","Total Host Writes [GB]","Read Activity [%]","Write Activity [%]","Total Activity [%]","Read Rate [MB/s]","Write Rate [MB/s]","Read Total [MB]","Write Total [MB]","Read Activity [%]","Write Activity [%]","Total Activity [%]","Read Rate [MB/s]","Write Rate [MB/s]","Read Total [MB]","Write Total [MB]","GPU Temperature [°C]","GPU Hot Spot Temperature [°C]","GPU Thermal Limit [°C]","GPU Core Voltage [V]","GPU Rail Voltages (avg) [V]","GPU PCIe +12V Input Voltage [V]","GPU 8-pin #1 Input Voltage [V]","GPU Misc0 Input Voltage [V]","GPU Fan1 [RPM]","GPU Power [W]","GPU Rail Powers (avg) [W]","GPU Core (NVVDD) Input Power (sum) [W]","GPU PCIe +12V Input Power [W]","GPU 8-pin #1 Input Power [W]","GPU Misc0 Input Power [W]","GPU Core (NVVDD1) Input Power (sum) [W]","GPU PCIe +3.3V Input Power (est) [W]","GPU Core (NVVDD) Input Power (sum) [W]","GPU Input PP Source Power (sum) [W]","GPU Core (NVVDD) Output Power [W]","GPU Core (NVVDD) Output Power [W]","GPU Power Limit (rated) [W]","GPU Power Limit (max) [W]","GPU Clock [MHz]","GPU Memory Clock [MHz]","GPU Video Clock [MHz]","GPU Effective Clock [MHz]","GPU Crossbar Clock [MHz]","GPU Core Load [%]","GPU Memory Controller Load [%]","GPU Video Engine Load [%]","GPU Bus Load [%]","GPU Memory Usage [%]","GPU D3D Usages (avg) [%]","GPU D3D Usage [%]","GPU Video Decode 0 Usage [%]","GPU Video Encode 0 Usage [%]","GPU VR Usage [%]","GPU Fan1 [%]","GPU Performance Limiters (avg) [Yes/No]","Performance Limit - Power [Yes/No]","Performance Limit - Thermal [Yes/No]","Performance Limit - Reliability Voltage [Yes/No]","Performance Limit - Max Operating Voltage [Yes/No]","Performance Limit - Utilization [Yes/No]","Performance Limit - SLI GPUBoost Sync [Yes/No]","Total GPU Power [% of TDP] [%]","Total GPU Power (normalized) [% of TDP] [%]","PCI Express Error Counters (avg) []","Receiver Errors []","Replay Count []","Replay Rollover Count []","Bad DLLP Count []","Bad TLP Count []","LCRC Error Count []","NAKs Sent Count []","NAKs Received Count []","Recovery Count []","Correctable Error Count []","Non-Fatal Error Count []","Fatal Error Count []","Unsupported Request Count []","PCIe Lane 0 Errors []","PCIe Lane 1 Errors []","PCIe Lane 2 Errors []","PCIe Lane 3 Errors []","PCIe Lane 4 Errors []","PCIe Lane 5 Errors []","PCIe Lane 6 Errors []","PCIe Lane 7 Errors []","PCIe Lane 8 Errors []","PCIe Lane 9 Errors []","PCIe Lane 10 Errors []","PCIe Lane 11 Errors []","PCIe Lane 12 Errors []","PCIe Lane 13 Errors []","PCIe Lane 14 Errors []","PCIe Lane 15 Errors []","GPU Memory Available [MB]","GPU Memory Allocated [MB]","GPU D3D Memory Dedicated [MB]","GPU D3D Memory Dynamic [MB]","PCIe Link Speed [GT/s]","Framerate Presented (avg) [FPS]","Framerate Presented (99%) [FPS]","Framerate Presented (1%) [FPS]","Framerate Presented (0.1%) [FPS]","Framerate Presented (1% low) [FPS]","Framerate Presented (0.1% low) [FPS]","Framerate Displayed (avg) [FPS]","Framerate Displayed (99%) [FPS]","Framerate Displayed (1%) [FPS]","Framerate Displayed (0.1%) [FPS]","Framerate Displayed (1% low) [FPS]","Framerate Displayed (0.1% low) [FPS]","Frame Time Presented (avg) [ms]","Frame Time Presented (99%) [ms]","Frame Time Presented (1%) [ms]","Frame Time Presented (0.1%) [ms]","Frame Time Displayed (1% high) [ms]","Frame Time Displayed (0.1% high) [ms]","GPU Busy (avg) [ms]","GPU Wait (avg) [ms]","CPU Busy (avg) [ms]","CPU Wait (avg) [ms]","Animation Error (avg) [ms]","Total DL [MB]","Total UP [MB]","Current DL rate [KB/s]","Current UP rate [KB/s]","Total DL [MB]","Total UP [MB]","Current DL rate [KB/s]","Current UP rate [KB/s]","Total Errors []",
,,System: HP OMEN 25L Desktop GT12-0xxx,System: HP OMEN 25L Desktop GT12-0xxx,System: HP OMEN 25L Desktop GT12-0xxx,System: HP OMEN 25L Desktop GT12-0xxx,System: HP OMEN 25L Desktop GT12-0xxx,System: HP OMEN 25L Desktop GT12-0xxx,System: HP OMEN 25L Desktop GT12-0xxx,System: HP OMEN 25L Desktop GT12-0xxx,System: HP OMEN 25L Desktop GT12-0xxx,CPU [#0]: AMD Ryzen 7 3700X,CPU [#0]: AMD Ryzen 7 3700X,CPU [#0]: AMD Ryzen 7 3700X,CPU [#0]: AMD Ryzen 7 3700X,CPU [#0]: AMD Ryzen 7 3700X,CPU [#0]: AMD Ryzen 7 3700X,CPU [#0]: AMD Ryzen 7 3700X,CPU [#0]: AMD Ryzen 7 3700X,CPU [#0]: AMD Ryzen 7 3700X,CPU [#0]: AMD Ryzen 7 3700X,CPU [#0]: AMD Ryzen 7 3700X,CPU [#0]: AMD Ryzen 7 3700X,CPU [#0]: AMD Ryzen 7 3700X,CPU [#0]: AMD Ryzen 7 3700X,CPU [#0]: AMD Ryzen 7 3700X,CPU [#0]: AMD Ryzen 7 3700X,CPU [#0]: AMD Ryzen 7 3700X,CPU [#0]: AMD Ryzen 7 3700X,CPU [#0]: AMD Ryzen 7 3700X,CPU [#0]: AMD Ryzen 7 3700X,CPU [#0]: AMD Ryzen 7 3700X,CPU [#0]: AMD Ryzen 7 3700X,CPU [#0]: AMD Ryzen 7 3700X,CPU [#0]: AMD Ryzen 7 3700X,CPU [#0]: AMD Ryzen 7 3700X,CPU [#0]: AMD Ryzen 7 3700X,CPU [#0]: AMD Ryzen 7 3700X,CPU [#0]: AMD Ryzen 7 3700X,CPU [#0]: AMD Ryzen 7 3700X,CPU [#0]: AMD Ryzen 7 3700X,CPU [#0]: AMD Ryzen 7 3700X,CPU [#0]: AMD Ryzen 7 3700X,CPU [#0]: AMD Ryzen 7 3700X,CPU [#0]: AMD Ryzen 7 3700X,CPU [#0]: AMD Ryzen 7 3700X,CPU [#0]: AMD Ryzen 7 3700X,CPU [#0]: AMD Ryzen 7 3700X,CPU [#0]: AMD Ryzen 7 3700X,CPU [#0]: AMD Ryzen 7 3700X,CPU [#0]: AMD Ryzen 7 3700X,CPU [#0]: AMD Ryzen 7 3700X,CPU [#0]: AMD Ryzen 7 3700X,CPU [#0]: AMD Ryzen 7 3700X,CPU [#0]: AMD Ryzen 7 3700X,CPU [#0]: AMD Ryzen 7 3700X,CPU [#0]: AMD Ryzen 7 3700X,CPU [#0]: AMD Ryzen 7 3700X,CPU [#0]: AMD Ryzen 7 3700X,CPU [#0]: AMD Ryzen 7 3700X,CPU [#0]: AMD Ryzen 7 3700X,CPU [#0]: AMD Ryzen 7 3700X,CPU [#0]: AMD Ryzen 7 3700X,CPU [#0]: AMD Ryzen 7 3700X,CPU [#0]: AMD Ryzen 7 3700X,CPU [#0]: AMD Ryzen 7 3700X,CPU [#0]: AMD Ryzen 7 3700X,CPU [#0]: AMD Ryzen 7 3700X,CPU [#0]: AMD Ryzen 7 3700X,CPU [#0]: AMD Ryzen 7 3700X,CPU [#0]: AMD Ryzen 7 3700X,CPU [#0]: AMD Ryzen 7 3700X,CPU [#0]: AMD Ryzen 7 3700X,CPU [#0]: AMD Ryzen 7 3700X,CPU [#0]: AMD Ryzen 7 3700X,CPU [#0]: AMD Ryzen 7 3700X,CPU [#0]: AMD Ryzen 7 3700X,CPU [#0]: AMD Ryzen 7 3700X,CPU [#0]: AMD Ryzen 7 3700X,CPU [#0]: AMD Ryzen 7 3700X,CPU [#0]: AMD Ryzen 7 3700X,CPU [#0]: AMD Ryzen 7 3700X,CPU [#0]: AMD Ryzen 7 3700X,CPU [#0]: AMD Ryzen 7 3700X,CPU [#0]: AMD Ryzen 7 3700X,CPU [#0]: AMD Ryzen 7 3700X,CPU [#0]: AMD Ryzen 7 3700X,CPU [#0]: AMD Ryzen 7 3700X,CPU [#0]: AMD Ryzen 7 3700X,CPU [#0]: AMD Ryzen 7 3700X,CPU [#0]: AMD Ryzen 7 3700X,CPU [#0]: AMD Ryzen 7 3700X,CPU [#0]: AMD Ryzen 7 3700X,CPU [#0]: AMD Ryzen 7 3700X,CPU [#0]: AMD Ryzen 7 3700X: C-State Residency,CPU [#0]: AMD Ryzen 7 3700X: C-State Residency,CPU [#0]: AMD Ryzen 7 3700X: C-State Residency,CPU [#0]: AMD Ryzen 7 3700X: C-State Residency,CPU [#0]: AMD Ryzen 7 3700X: C-State Residency,CPU [#0]: AMD Ryzen 7 3700X: C-State Residency,CPU [#0]: AMD Ryzen 7 3700X: C-State Residency,CPU [#0]: AMD Ryzen 7 3700X: C-State Residency,CPU [#0]: AMD Ryzen 7 3700X: C-State Residency,CPU [#0]: AMD Ryzen 7 3700X: C-State Residency,CPU [#0]: AMD Ryzen 7 3700X: C-State Residency,CPU [#0]: AMD Ryzen 7 3700X: C-State Residency,CPU [#0]: AMD Ryzen 7 3700X: C-State Residency,CPU [#0]: AMD Ryzen 7 3700X: C-State Residency,CPU [#0]: AMD Ryzen 7 3700X: C-State Residency,CPU [#0]: AMD Ryzen 7 3700X: C-State Residency,CPU [#0]: AMD Ryzen 7 3700X: C-State Residency,CPU [#0]: AMD Ryzen 7 3700X: C-State Residency,CPU [#0]: AMD Ryzen 7 3700X: C-State Residency,CPU [#0]: AMD Ryzen 7 3700X: C-State Residency,CPU [#0]: AMD Ryzen 7 3700X: C-State Residency,CPU [#0]: AMD Ryzen 7 3700X: C-State Residency,CPU [#0]: AMD Ryzen 7 3700X: C-State Residency,CPU [#0]: AMD Ryzen 7 3700X: C-State Residency,CPU [#0]: AMD Ryzen 7 3700X: C-State Residency,CPU [#0]: AMD Ryzen 7 3700X: C-State Residency,CPU [#0]: AMD Ryzen 7 3700X: C-State Residency,CPU [#0]: AMD Ryzen 7 3700X: C-State Residency,Memory Timings,Memory Timings,Memory Timings,Memory Timings,Memory Timings,Memory Timings,Memory Timings,Memory Timings,Memory Timings,CPU [#0]: AMD Ryzen 7 3700X: Enhanced,CPU [#0]: AMD Ryzen 7 3700X: Enhanced,CPU [#0]: AMD Ryzen 7 3700X: Enhanced,CPU [#0]: AMD Ryzen 7 3700X: Enhanced,CPU [#0]: AMD Ryzen 7 3700X: Enhanced,CPU [#0]: AMD Ryzen 7 3700X: Enhanced,CPU [#0]: AMD Ryzen 7 3700X: Enhanced,CPU [#0]: AMD Ryzen 7 3700X: Enhanced,CPU [#0]: AMD Ryzen 7 3700X: Enhanced,CPU [#0]: AMD Ryzen 7 3700X: Enhanced,CPU [#0]: AMD Ryzen 7 3700X: Enhanced,CPU [#0]: AMD Ryzen 7 3700X: Enhanced,CPU [#0]: AMD Ryzen 7 3700X: Enhanced,CPU [#0]: AMD Ryzen 7 3700X: Enhanced,CPU [#0]: AMD Ryzen 7 3700X: Enhanced,CPU [#0]: AMD Ryzen 7 3700X: Enhanced,CPU [#0]: AMD Ryzen 7 3700X: Enhanced,CPU [#0]: AMD Ryzen 7 3700X: Enhanced,CPU [#0]: AMD Ryzen 7 3700X: Enhanced,CPU [#0]: AMD Ryzen 7 3700X: Enhanced,CPU [#0]: AMD Ryzen 7 3700X: Enhanced,CPU [#0]: AMD Ryzen 7 3700X: Enhanced,CPU [#0]: AMD Ryzen 7 3700X: Enhanced,CPU [#0]: AMD Ryzen 7 3700X: Enhanced,CPU [#0]: AMD Ryzen 7 3700X: Enhanced,CPU [#0]: AMD Ryzen 7 3700X: Enhanced,CPU [#0]: AMD Ryzen 7 3700X: Enhanced,CPU [#0]: AMD Ryzen 7 3700X: Enhanced,CPU [#0]: AMD Ryzen 7 3700X: Enhanced,CPU [#0]: AMD Ryzen 7 3700X: Enhanced,CPU [#0]: AMD Ryzen 7 3700X: Enhanced,CPU [#0]: AMD Ryzen 7 3700X: Enhanced,CPU [#0]: AMD Ryzen 7 3700X: Enhanced,CPU [#0]: AMD Ryzen 7 3700X: Enhanced,CPU [#0]: AMD Ryzen 7 3700X: Enhanced,CPU [#0]: AMD Ryzen 7 3700X: Enhanced,CPU [#0]: AMD Ryzen 7 3700X: Enhanced,CPU [#0]: AMD Ryzen 7 3700X: Enhanced,CPU [#0]: AMD Ryzen 7 3700X: Enhanced,CPU [#0]: AMD Ryzen 7 3700X: Enhanced,CPU [#0]: AMD Ryzen 7 3700X: Enhanced,CPU [#0]: AMD Ryzen 7 3700X: Enhanced,CPU [#0]: AMD Ryzen 7 3700X: Enhanced,CPU [#0]: AMD Ryzen 7 3700X: Enhanced,CPU [#0]: AMD Ryzen 7 3700X: Enhanced,CPU [#0]: AMD Ryzen 7 3700X: Enhanced,CPU [#0]: AMD Ryzen 7 3700X: Enhanced,CPU [#0]: AMD Ryzen 7 3700X: Enhanced,CPU [#0]: AMD Ryzen 7 3700X: Enhanced,CPU [#0]: AMD Ryzen 7 3700X: Enhanced,CPU [#0]: AMD Ryzen 7 3700X: Enhanced,CPU [#0]: AMD Ryzen 7 3700X: Enhanced,CPU [#0]: AMD Ryzen 7 3700X: Enhanced,CPU [#0]: AMD Ryzen 7 3700X: Enhanced,CPU [#0]: AMD Ryzen 7 3700X: Enhanced,S.M.A.R.T.: WDBRPG0010BNC-WRSN (21110V802526) [C:],S.M.A.R.T.: WDBRPG0010BNC-WRSN (21110V802526) [C:],S.M.A.R.T.: WDBRPG0010BNC-WRSN (21110V802526) [C:],S.M.A.R.T.: WDBRPG0010BNC-WRSN (21110V802526) [C:],S.M.A.R.T.: WDBRPG0010BNC-WRSN (21110V802526) [C:],S.M.A.R.T.: WDBRPG0010BNC-WRSN (21110V802526) [C:],S.M.A.R.T.: WDBRPG0010BNC-WRSN (21110V802526) [C:],S.M.A.R.T.: Samsung Portable SSD T1 500GB (S25NNAAGA11564A) [D:],S.M.A.R.T.: Samsung Portable SSD T1 500GB (S25NNAAGA11564A) [D:],S.M.A.R.T.: Samsung Portable SSD T1 500GB (S25NNAAGA11564A) [D:],S.M.A.R.T.: Samsung Portable SSD T1 500GB (S25NNAAGA11564A) [D:],S.M.A.R.T.: Samsung Portable SSD T1 500GB (S25NNAAGA11564A) [D:],Drive: WDBRPG0010BNC-WRSN (21110V802526) [C:],Drive: WDBRPG0010BNC-WRSN (21110V802526) [C:],Drive: WDBRPG0010BNC-WRSN (21110V802526) [C:],Drive: WDBRPG0010BNC-WRSN (21110V802526) [C:],Drive: WDBRPG0010BNC-WRSN (21110V802526) [C:],Drive: WDBRPG0010BNC-WRSN (21110V802526) [C:],Drive: WDBRPG0010BNC-WRSN (21110V802526) [C:],Drive: Samsung Portable SSD T1 500GB (S25NNAAGA11564A) [D:],Drive: Samsung Portable SSD T1 500GB (S25NNAAGA11564A) [D:],Drive: Samsung Portable SSD T1 500GB (S25NNAAGA11564A) [D:],Drive: Samsung Portable SSD T1 500GB (S25NNAAGA11564A) [D:],Drive: Samsung Portable SSD T1 500GB (S25NNAAGA11564A) [D:],Drive: Samsung Portable SSD T1 500GB (S25NNAAGA11564A) [D:],Drive: Samsung Portable SSD T1 500GB (S25NNAAGA11564A) [D:],dGPU [#0]: NVIDIA GeForce RTX 3070: HP GeForce RTX 3070,dGPU [#0]: NVIDIA GeForce RTX 3070: HP GeForce RTX 3070,dGPU [#0]: NVIDIA GeForce RTX 3070: HP GeForce RTX 3070,dGPU [#0]: NVIDIA GeForce RTX 3070: HP GeForce RTX 3070,dGPU [#0]: NVIDIA GeForce RTX 3070: HP GeForce RTX 3070,dGPU [#0]: NVIDIA GeForce RTX 3070: HP GeForce RTX 3070,dGPU [#0]: NVIDIA GeForce RTX 3070: HP GeForce RTX 3070,dGPU [#0]: NVIDIA GeForce RTX 3070: HP GeForce RTX 3070,dGPU [#0]: NVIDIA GeForce RTX 3070: HP GeForce RTX 3070,dGPU [#0]: NVIDIA GeForce RTX 3070: HP GeForce RTX 3070,dGPU [#0]: NVIDIA GeForce RTX 3070: HP GeForce RTX 3070,dGPU [#0]: NVIDIA GeForce RTX 3070: HP GeForce RTX 3070,dGPU [#0]: NVIDIA GeForce RTX 3070: HP GeForce RTX 3070,dGPU [#0]: NVIDIA GeForce RTX 3070: HP GeForce RTX 3070,dGPU [#0]: NVIDIA GeForce RTX 3070: HP GeForce RTX 3070,dGPU [#0]: NVIDIA GeForce RTX 3070: HP GeForce RTX 3070,dGPU [#0]: NVIDIA GeForce RTX 3070: HP GeForce RTX 3070,dGPU [#0]: NVIDIA GeForce RTX 3070: HP GeForce RTX 3070,dGPU [#0]: NVIDIA GeForce RTX 3070: HP GeForce RTX 3070,dGPU [#0]: NVIDIA GeForce RTX 3070: HP GeForce RTX 3070,dGPU [#0]: NVIDIA GeForce RTX 3070: HP GeForce RTX 3070,dGPU [#0]: NVIDIA GeForce RTX 3070: HP GeForce RTX 3070,dGPU [#0]: NVIDIA GeForce RTX 3070: HP GeForce RTX 3070,dGPU [#0]: NVIDIA GeForce RTX 3070: HP GeForce RTX 3070,dGPU [#0]: NVIDIA GeForce RTX 3070: HP GeForce RTX 3070,dGPU [#0]: NVIDIA GeForce RTX 3070: HP GeForce RTX 3070,dGPU [#0]: NVIDIA GeForce RTX 3070: HP GeForce RTX 3070,dGPU [#0]: NVIDIA GeForce RTX 3070: HP GeForce RTX 3070,dGPU [#0]: NVIDIA GeForce RTX 3070: HP GeForce RTX 3070,dGPU [#0]: NVIDIA GeForce RTX 3070: HP GeForce RTX 3070,dGPU [#0]: NVIDIA GeForce RTX 3070: HP GeForce RTX 3070,dGPU [#0]: NVIDIA GeForce RTX 3070: HP GeForce RTX 3070,dGPU [#0]: NVIDIA GeForce RTX 3070: HP GeForce RTX 3070,dGPU [#0]: NVIDIA GeForce RTX 3070: HP GeForce RTX 3070,dGPU [#0]: NVIDIA GeForce RTX 3070: HP GeForce RTX 3070,dGPU [#0]: NVIDIA GeForce RTX 3070: HP GeForce RTX 3070,dGPU [#0]: NVIDIA GeForce RTX 3070: HP GeForce RTX 3070,dGPU [#0]: NVIDIA GeForce RTX 3070: HP GeForce RTX 3070,dGPU [#0]: NVIDIA GeForce RTX 3070: HP GeForce RTX 3070,dGPU [#0]: NVIDIA GeForce RTX 3070: HP GeForce RTX 3070,dGPU [#0]: NVIDIA GeForce RTX 3070: HP GeForce RTX 3070,dGPU [#0]: NVIDIA GeForce RTX 3070: HP GeForce RTX 3070,dGPU [#0]: NVIDIA GeForce RTX 3070: HP GeForce RTX 3070,dGPU [#0]: NVIDIA GeForce RTX 3070: HP GeForce RTX 3070,dGPU [#0]: NVIDIA GeForce RTX 3070: HP GeForce RTX 3070,dGPU [#0]: NVIDIA GeForce RTX 3070: HP GeForce RTX 3070,dGPU [#0]: NVIDIA GeForce RTX 3070: HP GeForce RTX 3070,dGPU [#0]: NVIDIA GeForce RTX 3070: HP GeForce RTX 3070,dGPU [#0]: NVIDIA GeForce RTX 3070: HP GeForce RTX 3070,dGPU [#0]: NVIDIA GeForce RTX 3070: HP GeForce RTX 3070,dGPU [#0]: NVIDIA GeForce RTX 3070: HP GeForce RTX 3070,dGPU [#0]: NVIDIA GeForce RTX 3070: HP GeForce RTX 3070,dGPU [#0]: NVIDIA GeForce RTX 3070: HP GeForce RTX 3070,dGPU [#0]: NVIDIA GeForce RTX 3070: HP GeForce RTX 3070,dGPU [#0]: NVIDIA GeForce RTX 3070: HP GeForce RTX 3070,dGPU [#0]: NVIDIA GeForce RTX 3070: HP GeForce RTX 3070,dGPU [#0]: NVIDIA GeForce RTX 3070: HP GeForce RTX 3070,dGPU [#0]: NVIDIA GeForce RTX 3070: HP GeForce RTX 3070,dGPU [#0]: NVIDIA GeForce RTX 3070: HP GeForce RTX 3070,dGPU [#0]: NVIDIA GeForce RTX 3070: HP GeForce RTX 3070,dGPU [#0]: NVIDIA GeForce RTX 3070: HP GeForce RTX 3070,dGPU [#0]: NVIDIA GeForce RTX 3070: HP GeForce RTX 3070,dGPU [#0]: NVIDIA GeForce RTX 3070: HP GeForce RTX 3070,dGPU [#0]: NVIDIA GeForce RTX 3070: HP GeForce RTX 3070,dGPU [#0]: NVIDIA GeForce RTX 3070: HP GeForce RTX 3070,dGPU [#0]: NVIDIA GeForce RTX 3070: HP GeForce RTX 3070,dGPU [#0]: NVIDIA GeForce RTX 3070: HP GeForce RTX 3070,dGPU [#0]: NVIDIA GeForce RTX 3070: HP GeForce RTX 3070,dGPU [#0]: NVIDIA GeForce RTX 3070: HP GeForce RTX 3070,dGPU [#0]: NVIDIA GeForce RTX 3070: HP GeForce RTX 3070,dGPU [#0]: NVIDIA GeForce RTX 3070: HP GeForce RTX 3070,dGPU [#0]: NVIDIA GeForce RTX 3070: HP GeForce RTX 3070,dGPU [#0]: NVIDIA GeForce RTX 3070: HP GeForce RTX 3070,dGPU [#0]: NVIDIA GeForce RTX 3070: HP GeForce RTX 3070,dGPU [#0]: NVIDIA GeForce RTX 3070: HP GeForce RTX 3070,dGPU [#0]: NVIDIA GeForce RTX 3070: HP GeForce RTX 3070,dGPU [#0]: NVIDIA GeForce RTX 3070: HP GeForce RTX 3070,dGPU [#0]: NVIDIA GeForce RTX 3070: HP GeForce RTX 3070,dGPU [#0]: NVIDIA GeForce RTX 3070: HP GeForce RTX 3070,dGPU [#0]: NVIDIA GeForce RTX 3070: HP GeForce RTX 3070,dGPU [#0]: NVIDIA GeForce RTX 3070: HP GeForce RTX 3070,dGPU [#0]: NVIDIA GeForce RTX 3070: HP GeForce RTX 3070,dGPU [#0]: NVIDIA GeForce RTX 3070: HP GeForce RTX 3070,PresentMon [msedgewebview2.exe],PresentMon [msedgewebview2.exe],PresentMon [msedgewebview2.exe],PresentMon [msedgewebview2.exe],PresentMon [msedgewebview2.exe],PresentMon [msedgewebview2.exe],PresentMon [msedgewebview2.exe],PresentMon [msedgewebview2.exe],PresentMon [msedgewebview2.exe],PresentMon [msedgewebview2.exe],PresentMon [msedgewebview2.exe],PresentMon [msedgewebview2.exe],PresentMon [msedgewebview2.exe],PresentMon [msedgewebview2.exe],PresentMon [msedgewebview2.exe],PresentMon [msedgewebview2.exe],PresentMon [msedgewebview2.exe],PresentMon [msedgewebview2.exe],PresentMon [msedgewebview2.exe],PresentMon [msedgewebview2.exe],PresentMon [msedgewebview2.exe],PresentMon [msedgewebview2.exe],PresentMon [msedgewebview2.exe],Network: RealTek Semiconductor RTL8822CE Wireless LAN 802.11ac PCI-E NIC - Wi-Fi,Network: RealTek Semiconductor RTL8822CE Wireless LAN 802.11ac PCI-E NIC - Wi-Fi,Network: RealTek Semiconductor RTL8822CE Wireless LAN 802.11ac PCI-E NIC - Wi-Fi,Network: RealTek Semiconductor RTL8822CE Wireless LAN 802.11ac PCI-E NIC - Wi-Fi,Network: RealTek Semiconductor RTL8168/8111 PCI-E Gigabit Ethernet NIC - Ethernet,Network: RealTek Semiconductor RTL8168/8111 PCI-E Gigabit Ethernet NIC - Ethernet,Network: RealTek Semiconductor RTL8168/8111 PCI-E Gigabit Ethernet NIC - Ethernet,Network: RealTek Semiconductor RTL8168/8111 PCI-E Gigabit Ethernet NIC - Ethernet,Windows Hardware Errors (WHEA),
