Date,Time,"Virtual Memory Committed [MB]","Virtual Memory Available [MB]","Virtual Memory Load [%]","Physical Memory Used [MB]","Physical Memory Available [MB]","Physical Memory Load [%]","Page File Usage [%]","Page File Total [MB]","Page File Used [MB]","Core VIDs (avg) [V]","Core 0 VID [V]","Core 1 VID [V]","Core 2 VID [V]","Core 3 VID [V]","Core 4 VID [V]","Core 5 VID [V]","Core 6 VID [V]","Core 7 VID [V]","Core Clocks (avg) [MHz]","Core 0 Clock (perf #1/4) [MHz]","Core 1 Clock (perf #1/3) [MHz]","Core 2 Clock (perf #2/6) [MHz]","Core 3 Clock (perf #3/5) [MHz]","Core 4 Clock (perf #6/8) [MHz]","Core 5 Clock (perf #4/2) [MHz]","Core 6 Clock (perf #5/1) [MHz]","Core 7 Clock (perf #7/7) [MHz]","Bus Clock [MHz]","Core Effective Clocks (avg) [MHz]","Core 0 T0 Effective Clock [MHz]","Core 0 T1 Effective Clock [MHz]","Core 1 T0 Effective Clock [MHz]","Core 1 T1 Effective Clock [MHz]","Core 2 T0 Effective Clock [MHz]","Core 2 T1 Effective Clock [MHz]","Core 3 T0 Effective Clock [MHz]","Core 3 T1 Effective Clock [MHz]","Core 4 T0 Effective Clock [MHz]","Core 4 T1 Effective Clock [MHz]","Core 5 T0 Effective Clock [MHz]","Core 5 T1 Effective Clock [MHz]","Core 6 T0 Effective Clock [MHz]","Core 6 T1 Effective Clock [MHz]","Core 7 T0 Effective Clock [MHz]","Core 7 T1 Effective Clock [MHz]","Average Effective Clock [MHz]","Core Usage (avg) [%]","Core 0 T0 Usage [%]","Core 0 T1 Usage [%]","Core 1 T0 Usage [%]","Core 1 T1 Usage [%]","Core 2 T0 Usage [%]","Core 2 T1 Usage [%]","Core 3 T0 Usage [%]","Core 3 T1 Usage [%]","Core 4 T0 Usage [%]","Core 4 T1 Usage [%]","Core 5 T0 Usage [%]","Core 5 T1 Usage [%]","Core 6 T0 Usage [%]","Core 6 T1 Usage [%]","Core 7 T0 Usage [%]","Core 7 T1 Usage [%]","Max CPU/Thread Usage [%]","Total CPU Usage [%]","Core Utility (avg) [%]","Core 0 T0 Utility [%]","Core 0 T1 Utility [%]","Core 1 T0 Utility [%]","Core 1 T1 Utility [%]","Core 2 T0 Utility [%]","Core 2 T1 Utility [%]","Core 3 T0 Utility [%]","Core 3 T1 Utility [%]","Core 4 T0 Utility [%]","Core 4 T1 Utility [%]","Core 5 T0 Utility [%]","Core 5 T1 Utility [%]","Core 6 T0 Utility [%]","Core 6 T1 Utility [%]","Core 7 T0 Utility [%]","Core 7 T1 Utility [%]","Total CPU Utility [%]","Core Ratios (avg) [x]","Core 0 Ratio [x]","Core 1 Ratio [x]","Core 2 Ratio [x]","Core 3 Ratio [x]","Core 4 Ratio [x]","Core 5 Ratio [x]","Core 6 Ratio [x]","Core 7 Ratio [x]","Package C6 Residency [%]","Core C0 Residency (avg) [%]","Core 0 C0 Residency [%]","Core 1 C0 Residency [%]","Core 2 C0 Residency [%]","Core 3 C0 Residency [%]","Core 4 C0 Residency [%]","Core 5 C0 Residency [%]","Core 6 C0 Residency [%]","Core 7 C0 Residency [%]","Core C1 Residency (avg) [%]","Core 0 C1 Residency [%]","Core 1 C1 Residency [%]","Core 2 C1 Residency [%]","Core 3 C1 Residency [%]","Core 4 C1 Residency [%]","Core 5 C1 Residency [%]","Core 6 C1 Residency [%]","Core 7 C1 Residency [%]","Core C6 Residency (avg) [%]","Core 0 C6 Residency [%]","Core 1 C6 Residency [%]","Core 2 C6 Residency [%]","Core 3 C6 Residency [%]","Core 4 C6 Residency [%]","Core 5 C6 Residency [%]","Core 6 C6 Residency [%]","Core 7 C6 Residency [%]","Memory Clock [MHz]","Memory Clock Ratio [x]","Tcas [T]","Trcd [T]","Trp [T]","Tras [T]","Trc [T]","Trfc [T]","Command Rate [T]","CPU (Tctl/Tdie) [°C]","CPU Die (average) [°C]","CPU CCD1 (Tdie) [°C]","Core Temperatures (avg) [°C]","Core0 (CCD1) [°C]","Core1 (CCD1) [°C]","Core2 (CCD1) [°C]","Core3 (CCD1) [°C]","Core4 (CCD1) [°C]","Core5 (CCD1) [°C]","Core6 (CCD1) [°C]","Core7 (CCD1) [°C]","L3 Temperatures (avg) [°C]","L3 Cache (CCD1:CCX1) [°C]","L3 Cache (CCD1:CCX2) [°C]","CPU IOD Hotspot [°C]","CPU IOD Average [°C]","CPU Core Voltage (SVI2 TFN) [V]","SoC Voltage (SVI2 TFN) [V]","CPU Core VID (Effective) [V]","CPU Core Current (SVI2 TFN) [A]","SoC Current (SVI2 TFN) [A]","CPU TDC [A]","CPU EDC [A]","CPU Package Power [W]","Core Powers (avg) [W]","Core 0 Power [W]","Core 1 Power [W]","Core 2 Power [W]","Core 3 Power [W]","Core 4 Power [W]","Core 5 Power [W]","Core 6 Power [W]","Core 7 Power [W]","CPU Core Power (SVI2 TFN) [W]","CPU SoC Power (SVI2 TFN) [W]","Core+SoC Power (SVI2 TFN) [W]","CPU PPT [W]","Infinity Fabric Clock (FCLK) [MHz]","Memory Controller Clock (UCLK) [MHz]","L3 Clocks (avg) [MHz]","L3 Cache (CCD1:CCX1) [MHz]","L3 Cache (CCD1:CCX2) [MHz]","Frequency Limit - Global [MHz]","CPU PPT Limit [%]","CPU TDC Limit [%]","CPU EDC Limit [%]","Thermal Limit [%]","Power Reporting Deviation (Accuracy) [%]","Thermal Throttling (HTC) [Yes/No]","Thermal Throttling (PROCHOT CPU) [Yes/No]","Thermal Throttling (PROCHOT EXT) [Yes/No]","DRAM Read Bandwidth [Gbps]","DRAM Write Bandwidth [Gbps]","Average Active Core Count []","Drive Temperature [°C]","Drive Remaining Life [%]","Drive Available Spare [%]","Drive Failure [Yes/No]","Drive Warning [Yes/No]","Total Host Writes [GB]","Total Host Reads [GB]","Drive Airflow Temperature [°C]","Drive Remaining Life [%]","Drive Failure [Yes/No]","Drive Warning [Yes/No]","Total Host Writes [GB]","Read Activity [%]","Write Activity [%]","Total Activity [%]","Read Rate [MB/s]","Write Rate [MB/s]","Read Total [MB]","Write Total [MB]","Read Activity [%]","Write Activity [%]","Total Activity [%]","Read Rate [MB/s]","Write Rate [MB/s]","Read Total [MB]","Write Total [MB]","GPU Temperature [°C]","GPU Hot Spot Temperature [°C]","GPU Thermal Limit [°C]","GPU Core Voltage [V]","GPU Rail Voltages (avg) [V]","GPU PCIe +12V Input Voltage [V]","GPU 8-pin #1 Input Voltage [V]","GPU Misc0 Input Voltage [V]","GPU Fan1 [RPM]","GPU Power [W]","GPU Rail Powers (avg) [W]","GPU Core (NVVDD) Input Power (sum) [W]","GPU PCIe +12V Input Power [W]","GPU 8-pin #1 Input Power [W]","GPU Misc0 Input Power [W]","GPU Core (NVVDD1) Input Power (sum) [W]","GPU PCIe +3.3V Input Power (est) [W]","GPU Core (NVVDD) Input Power (sum) [W]","GPU Input PP Source Power (sum) [W]","GPU Core (NVVDD) Output Power [W]","GPU Core (NVVDD) Output Power [W]","GPU Power Limit (rated) [W]","GPU Power Limit (max) [W]","GPU Clock [MHz]","GPU Memory Clock [MHz]","GPU Video Clock [MHz]","GPU Effective Clock [MHz]","GPU Crossbar Clock [MHz]","GPU Core Load [%]","GPU Memory Controller Load [%]","GPU Video Engine Load [%]","GPU Bus Load [%]","GPU Memory Usage [%]","GPU D3D Usages (avg) [%]","GPU D3D Usage [%]","GPU Video Decode 0 Usage [%]","GPU Video Encode 0 Usage [%]","GPU VR Usage [%]","GPU Fan1 [%]","GPU Performance Limiters (avg) [Yes/No]","Performance Limit - Power [Yes/No]","Performance Limit - Thermal [Yes/No]","Performance Limit - Reliability Voltage [Yes/No]","Performance Limit - Max Operating Voltage [Yes/No]","Performance Limit - Utilization [Yes/No]","Performance Limit - SLI GPUBoost Sync [Yes/No]","Total GPU Power [% of TDP] [%]","Total GPU Power (normalized) [% of TDP] [%]","PCI Express Error Counters (avg) []","Receiver Errors []","Replay Count []","Replay Rollover Count []","Bad DLLP Count []","Bad TLP Count []","LCRC Error Count []","NAKs Sent Count []","NAKs Received Count []","Recovery Count []","Correctable Error Count []","Non-Fatal Error Count []","Fatal Error Count []","Unsupported Request Count []","PCIe Lane 0 Errors []","PCIe Lane 1 Errors []","PCIe Lane 2 Errors []","PCIe Lane 3 Errors []","PCIe Lane 4 Errors []","PCIe Lane 5 Errors []","PCIe Lane 6 Errors []","PCIe Lane 7 Errors []","PCIe Lane 8 Errors []","PCIe Lane 9 Errors []","PCIe Lane 10 Errors []","PCIe Lane 11 Errors []","PCIe Lane 12 Errors []","PCIe Lane 13 Errors []","PCIe Lane 14 Errors []","PCIe Lane 15 Errors []","GPU Memory Available [MB]","GPU Memory Allocated [MB]","GPU D3D Memory Dedicated [MB]","GPU D3D Memory Dynamic [MB]","PCIe Link Speed [GT/s]","Framerate Presented (avg) [FPS]","Framerate Presented (99%) [FPS]","Framerate Presented (1%) [FPS]","Framerate Presented (0.1%) [FPS]","Framerate Presented (1% low) [FPS]","Framerate Presented (0.1% low) [FPS]","Framerate Displayed (avg) [FPS]","Framerate Displayed (99%) [FPS]","Framerate Displayed (1%) [FPS]","Framerate Displayed (0.1%) [FPS]","Framerate Displayed (1% low) [FPS]","Framerate Displayed (0.1% low) [FPS]","Frame Time Presented (avg) [ms]","Frame Time Presented (99%) [ms]","Frame Time Presented (1%) [ms]","Frame Time Presented (0.1%) [ms]","Frame Time Displayed (1% high) [ms]","Frame Time Displayed (0.1% high) [ms]","GPU Busy (avg) [ms]","GPU Wait (avg) [ms]","CPU Busy (avg) [ms]","CPU Wait (avg) [ms]","Animation Error (avg) [ms]","Total DL [MB]","Total UP [MB]","Current DL rate [KB/s]","Current UP rate [KB/s]","Total DL [MB]","Total UP [MB]","Current DL rate [KB/s]","Current UP rate [KB/s]","Total Errors []",
8.7.2026,15:12:43.608,17546,28448,38.1,12864,19817,39.3,0.5,13312,70,1.346,1.363,1.337,1.337,1.337,1.350,1.350,1.350,1.344,4120.7,4142.5,4117.6,4117.6,4117.6,4117.6,4117.6,4117.6,4117.6,99.8,975.5,3039.5,1395.0,1785.7,1399.0,1219.7,934.5,1001.0,823.6,413.4,425.5,806.4,606.1,642.7,507.0,296.9,312.1,975.5,20.6,39.3,32.5,42.2,32.8,28.5,21.6,23.3,18.9,9.3,9.6,18.6,13.7,14.4,11.4,6.5,6.9,42.2,20.6,23.6,44.8,37.1,48.1,37.4,32.6,24.7,26.7,21.7,10.7,11.0,21.2,15.8,16.5,13.1,7.5,8.0,23.6,41.3,41.5,41.2,41.2,41.2,41.2,41.2,41.2,41.2,0.0,63.6,73.9,75.2,68.6,67.2,54.2,60.6,58.1,51.2,36.4,26.1,24.8,31.4,32.8,45.8,39.4,41.9,48.8,0.0,0.0,0.0,0.0,0.0,0.0,0.0,0.0,0.0,1197.8,12.00,16,16,16,39,55,661,1,77.5,68.6,70.5,65.1,67.4,67.5,66.4,65.3,63.7,64.1,63.7,63.0,61.5,61.8,61.2,53.0,50.8,1.362,1.038,1.363,10.978,10.762,10.973,57.145,34.836,3.474,4.771,5.018,3.793,3.428,2.561,3.065,2.837,2.319,14.866,11.076,25.942,34.945,1197.8,1197.8,4114.5,4116.0,4113.0,4122.8,39.7,18.3,63.5,72.2,53.3,No,No,No,0.721,0.064,5.1,47,95.0,100.0,No,No,91293,99096,35,99.0,No,No,3320,0.1,0.1,0.2,0.127,0.359,79662,49822,0.0,0.0,0.0,0.000,0.008,52,0,46.9,61.4,83.0,0.688,12.140,12.187,12.158,12.076,1131,36.306,13.227,16.026,3.876,32.219,23.307,8.903,0.336,16.026,20.420,2.384,8.775,220.000,240.000,525.0,1250.2,975.0,534.8,1050.0,45.0,8.0,0.0,1.0,21.1,4.5,17.8,0.0,0.0,0.0,33,Yes,No,No,No,No,Yes,No,16.4,19.9,0,0,0,0,0,0,0,0,0,0,0,0,0,0,0,0,0,0,0,0,0,0,0,0,0,0,0,0,0,0,6466,1726,1560,171,8.0,239.7,259.7,224.6,212.2,216.5,211.7,34.5,744.8,26.6,26.6,26.6,26.6,4.17,4.52,3.83,3.69,4.64,4.72,0.46,0.08,4.07,0.10,1.35,0,0,0.0,0.0,13574,1180,0.5,0.5,0,
8.7.2026,15:12:45.528,17537,28457,38.1,12838,19844,39.2,0.5,13312,70,1.335,1.331,1.337,1.337,1.337,1.337,1.337,1.331,1.331,4092.6,4092.6,4092.6,4092.6,4092.6,4092.6,4092.6,4092.6,4092.6,99.8,1135.2,3176.3,1523.7,1987.7,1520.3,1292.5,1245.3,1112.3,1062.9,512.9,518.3,977.0,834.2,752.3,616.6,459.0,571.7,1135.2,24.7,43.2,35.8,47.3,35.9,30.5,29.3,26.2,25.0,12.0,12.1,23.0,19.6,17.3,14.3,10.8,13.4,47.3,24.7,28.0,49.1,40.7,53.8,40.8,34.6,33.2,29.7,28.3,13.5,13.5,26.0,22.1,19.5,16.1,12.1,15.1,28.0,41.0,41.0,41.0,41.0,41.0,41.0,41.0,41.0,41.0,0.0,67.9,77.3,78.4,72.9,71.0,58.6,65.2,62.0,57.7,32.1,22.7,21.6,27.1,29.0,41.4,34.8,38.0,42.3,0.0,0.0,0.0,0.0,0.0,0.0,0.0,0.0,0.0,1197.8,12.00,16,16,16,39,55,661,1,74.5,68.5,66.8,65.3,67.4,67.4,66.7,65.5,63.9,64.5,63.8,63.4,61.3,61.6,61.1,53.8,50.8,1.362,1.031,1.350,11.889,10.921,11.893,60.946,36.327,3.654,4.841,4.991,4.106,3.653,2.714,3.334,2.974,2.619,16.084,11.242,27.326,36.368,1197.8,1197.8,4109.6,4111.5,4107.6,4119.2,41.3,19.8,67.7,72.1,54.8,No,No,No,0.959,0.081,5.4,47,95.0,100.0,No,No,91293,99096,35,99.0,No,No,3320,0.1,0.1,0.3,0.230,0.478,79663,49823,0.0,0.0,0.0,0.000,0.014,52,0,46.9,61.4,83.0,0.688,12.140,12.187,12.158,12.076,1131,36.306,13.227,16.026,3.876,32.219,23.307,8.903,0.336,16.026,20.420,2.384,8.775,220.000,240.000,525.0,1250.2,975.0,534.8,1050.0,45.0,8.0,0.0,1.0,21.1,4.5,17.8,0.0,0.0,0.0,33,Yes,No,No,No,No,Yes,No,16.4,19.9,0,0,0,0,0,0,0,0,0,0,0,0,0,0,0,0,0,0,0,0,0,0,0,0,0,0,0,0,0,0,6466,1726,1560,171,8.0,239.8,261.8,217.4,206.9,211.3,205.1,41.5,289.9,26.6,26.6,26.6,26.6,4.17,4.59,3.82,3.53,4.77,5.10,0.44,0.22,4.06,0.11,2.18,0,0,0.0,0.0,13574,1180,0.8,0.1,0,
8.7.2026,15:12:47.527,17576,28418,38.2,12841,19840,39.2,0.5,13312,70,1.338,1.344,1.337,1.337,1.337,1.337,1.337,1.337,1.337,4092.6,4092.6,4092.6,4092.6,4092.6,4092.6,4092.6,4092.6,4092.6,99.8,1164.2,3198.9,1495.0,1968.6,1512.9,1212.0,1217.2,1160.0,994.0,561.7,527.3,958.7,733.3,770.2,653.7,671.1,992.1,1164.2,25.4,43.6,35.2,46.6,36.1,28.5,28.6,27.4,23.3,13.2,12.2,22.5,17.0,17.6,15.1,15.7,23.9,46.6,25.4,28.8,49.5,39.9,52.9,41.0,32.3,32.5,31.1,26.5,15.0,13.8,25.5,19.3,20.0,17.2,17.8,27.0,28.8,41.0,41.0,41.0,41.0,41.0,41.0,41.0,41.0,41.0,0.0,69.7,78.1,80.7,73.6,71.8,59.8,65.8,62.9,65.0,30.3,21.9,19.3,26.4,28.2,40.2,34.2,37.1,35.0,0.0,0.0,0.0,0.0,0.0,0.0,0.0,0.0,0.0,1197.8,12.00,16,16,16,39,55,661,1,82.8,71.5,72.2,66.3,67.6,68.9,66.7,66.0,64.4,65.3,64.2,66.9,61.4,61.7,61.2,53.2,50.8,1.344,1.031,1.350,12.475,10.900,12.470,62.673,36.989,3.904,4.864,5.439,4.032,3.705,2.842,3.341,3.084,3.929,16.854,11.224,28.078,37.107,1197.8,1197.8,4095.0,4096.3,4093.6,4100.6,42.2,20.8,69.6,75.3,53.8,No,No,No,0.950,0.122,5.6,47,95.0,100.0,No,No,91293,99096,35,99.0,No,No,3320,6.2,0.2,6.4,6.877,1.690,79676,49826,0.0,0.0,0.0,0.000,0.000,52,0,46.9,61.2,83.0,0.688,12.141,12.188,12.159,12.077,1130,36.450,13.366,16.257,3.852,32.063,23.019,9.031,0.336,16.257,20.003,2.077,10.770,220.000,240.000,645.0,1250.2,975.0,630.0,1050.0,40.0,8.0,0.0,1.0,21.1,4.3,17.2,0.0,0.0,0.0,33,Yes,No,No,No,No,Yes,No,16.7,22.3,0,0,0,0,0,0,0,0,0,0,0,0,0,0,0,0,0,0,0,0,0,0,0,0,0,0,0,0,0,0,6465,1727,1561,171,8.0,239.8,256.4,220.6,218.9,219.3,218.7,47.5,193.1,26.6,26.6,26.6,26.6,4.17,4.56,3.87,3.73,4.59,4.63,0.44,0.19,4.06,0.11,2.41,0,0,0.0,0.0,13574,1180,1.7,4.3,0,
8.7.2026,15:12:49.533,17535,28459,38.1,12833,19849,39.2,0.5,13312,70,1.342,1.350,1.350,1.350,1.337,1.337,1.337,1.337,1.337,4117.6,4117.6,4117.6,4117.6,4117.6,4117.6,4117.6,4117.6,4117.6,99.8,955.7,3002.3,1316.4,1554.2,1459.9,1155.4,917.1,1003.3,782.7,508.7,444.4,824.9,570.1,601.5,476.3,360.3,313.7,955.7,20.5,40.9,30.7,37.1,34.1,27.1,21.4,23.6,18.1,11.8,10.3,19.3,13.1,13.6,10.9,8.3,7.1,40.9,20.5,23.3,46.6,35.0,42.3,38.8,30.9,24.4,26.8,20.6,13.4,11.6,21.9,14.9,15.4,12.4,9.4,8.0,23.3,41.2,41.2,41.2,41.2,41.2,41.2,41.2,41.2,41.2,0.0,63.4,73.0,72.2,68.3,66.5,56.6,60.4,57.6,52.4,36.6,27.0,27.8,31.7,33.5,43.4,39.6,42.4,47.6,0.0,0.0,0.0,0.0,0.0,0.0,0.0,0.0,0.0,1197.8,12.00,16,16,16,39,55,661,1,79.6,67.6,69.5,64.7,66.8,66.5,65.8,64.8,63.6,63.8,63.3,62.8,61.2,61.5,61.0,54.5,50.8,1.356,1.038,1.356,10.702,10.816,10.717,56.933,34.723,3.359,4.618,4.545,3.654,3.348,2.616,2.999,2.741,2.353,14.502,11.129,25.631,34.668,1197.8,1197.8,4114.7,4115.6,4113.7,4122.2,39.4,17.9,63.3,71.1,53.7,No,No,No,0.794,0.066,5.1,47,95.0,100.0,No,No,91293,99096,35,99.0,No,No,3320,1.0,0.2,1.2,1.668,0.624,79679,49827,0.0,0.1,0.1,0.000,0.004,52,0,48.9,64.4,83.0,0.925,12.133,12.178,12.154,12.066,1130,55.170,22.318,36.053,10.680,44.374,24.312,20.030,0.336,36.053,19.290,4.103,27.945,220.000,240.000,1725.0,1750.2,1515.0,1723.7,1635.0,17.0,5.0,0.0,0.0,20.9,2.2,8.9,0.0,0.0,0.0,33,Yes,No,No,No,No,Yes,No,25.3,29.3,0,0,0,0,0,0,0,0,0,0,0,0,0,0,0,0,0,0,0,0,0,0,0,0,0,0,0,0,0,0,6477,1715,1549,171,8.0,239.8,260.9,223.2,209.2,214.1,208.6,33.3,141.0,26.6,26.6,26.6,26.6,4.17,4.54,3.80,3.70,4.69,4.75,0.24,0.43,4.07,0.10,1.29,0,0,0.0,0.0,13574,1180,0.2,0.7,0,
8.7.2026,15:12:51.535,17530,28464,38.1,12849,19833,39.3,0.5,13312,70,1.338,1.337,1.337,1.337,1.337,1.337,1.337,1.337,1.337,4092.6,4092.6,4092.6,4092.6,4092.6,4092.6,4092.6,4092.6,4092.6,99.8,1311.4,3343.4,1658.8,1432.1,2698.5,1333.4,1658.4,1368.7,1207.0,670.4,679.5,1342.5,792.0,968.0,748.4,530.4,550.5,1311.4,29.1,50.5,39.0,34.0,65.3,31.3,39.4,32.4,28.4,15.7,15.8,31.7,18.4,22.2,17.3,12.3,12.7,65.3,29.1,33.2,57.5,44.3,38.7,74.3,35.6,44.8,36.8,32.3,17.8,17.9,36.1,20.9,25.3,19.7,14.0,14.5,33.2,41.0,41.0,41.0,41.0,41.0,41.0,41.0,41.0,41.0,0.0,74.4,81.5,90.5,79.3,76.5,65.5,71.9,68.0,62.3,25.6,18.5,9.5,20.7,23.5,34.5,28.1,32.0,37.7,0.0,0.0,0.0,0.0,0.0,0.0,0.0,0.0,0.0,1197.8,12.00,16,16,16,39,55,661,1,76.6,71.2,72.0,66.6,68.5,70.4,68.3,67.0,64.6,65.4,64.6,64.0,61.5,61.7,61.2,52.2,50.6,1.350,1.038,1.350,13.374,10.907,13.367,66.971,38.159,4.117,5.295,6.104,4.680,4.113,3.012,3.681,3.305,2.749,18.052,11.236,29.288,38.313,1197.8,1197.8,4105.1,4105.7,4104.4,4106.1,43.5,22.3,74.4,75.0,54.6,No,No,No,0.885,0.116,6.0,47,95.0,100.0,No,No,91293,99096,35,99.0,No,No,3320,0.2,1.2,1.4,0.211,11.250,79679,49849,0.0,0.0,0.0,0.000,0.000,52,0,48.4,63.6,83.0,0.750,12.136,12.181,12.155,12.072,1128,47.482,18.616,26.552,8.064,40.441,25.666,14.749,0.336,26.552,22.269,2.480,19.050,220.000,240.000,1305.0,1750.2,1140.0,1187.1,1230.0,41.0,10.0,0.0,1.0,20.7,4.4,17.7,0.0,0.0,0.0,33,Yes,No,No,No,No,Yes,No,22.2,26.6,0,0,0,0,0,0,0,0,0,0,0,0,0,0,0,0,0,0,0,0,0,0,0,0,0,0,0,0,0,0,6499,1693,1527,174,8.0,239.7,260.8,225.4,219.3,221.8,218.7,239.8,309.7,195.1,192.8,193.7,192.4,4.17,4.48,3.82,3.61,4.58,4.67,0.55,0.34,4.06,0.11,0.13,0,0,0.0,0.0,13574,1180,0.2,0.1,0,
8.7.2026,15:12:53.533,17528,28465,38.1,12850,19832,39.3,0.5,13312,70,1.327,1.319,1.325,1.325,1.325,1.331,1.331,1.331,1.331,4092.6,4092.6,4092.6,4092.6,4092.6,4092.6,4092.6,4092.6,4092.6,99.8,1273.6,3264.5,1518.2,1510.7,2720.7,1338.6,1569.2,1278.9,1191.6,604.8,691.5,1132.5,873.2,831.8,816.2,482.1,552.7,1273.6,28.4,48.9,35.7,36.2,66.1,31.6,37.3,30.5,28.2,14.1,16.2,26.8,20.5,19.0,19.1,11.2,12.9,66.1,28.4,32.2,55.5,40.5,41.1,75.2,35.8,42.3,34.5,32.0,16.0,18.4,30.4,23.2,21.5,21.7,12.6,14.5,32.2,41.0,41.0,41.0,41.0,41.0,41.0,41.0,41.0,41.0,0.0,73.8,79.7,94.9,78.1,75.2,64.8,69.7,67.0,60.9,26.2,20.3,5.1,21.9,24.8,35.2,30.3,33.0,39.1,0.0,0.0,0.0,0.0,0.0,0.0,0.0,0.0,0.0,1197.8,12.00,16,16,16,39,55,661,1,84.2,71.9,70.8,66.8,68.1,71.3,68.2,67.5,64.7,65.6,64.7,64.0,61.6,61.8,61.3,53.0,50.2,1.362,1.031,1.350,13.321,10.879,13.321,66.409,38.130,4.093,5.016,6.467,4.589,4.072,2.999,3.649,3.266,2.682,17.947,11.210,29.156,38.195,1197.8,1197.8,4099.3,4102.0,4096.7,4102.0,43.4,22.2,73.8,75.6,54.6,No,No,No,0.931,0.114,5.9,47,95.0,100.0,No,No,91293,99096,35,99.0,No,No,3320,0.4,0.1,0.5,0.622,0.849,79681,49850,0.0,0.0,0.0,0.000,0.000,52,0,48.9,64.3,83.0,0.762,12.136,12.182,12.156,12.071,1131,51.414,19.757,29.286,9.246,42.302,26.002,16.270,0.336,29.286,22.554,3.002,19.281,220.000,240.000,1335.0,1750.2,1170.0,1362.8,1260.0,39.0,9.0,0.0,1.0,20.7,4.8,19.2,0.0,0.0,0.0,33,Yes,No,No,No,No,Yes,No,23.0,26.1,0,0,0,0,0,0,0,0,0,0,0,0,0,0,0,0,0,0,0,0,0,0,0,0,0,0,0,0,0,0,6498,1694,1528,173,8.0,239.8,267.1,216.4,197.6,206.4,193.4,237.7,242.7,162.1,119.8,126.7,119.7,4.17,4.68,3.72,3.66,4.91,5.25,0.51,0.33,4.06,0.11,0.15,0,0,0.0,0.0,13574,1180,2.0,4.1,0,
8.7.2026,15:12:55.535,17495,28498,38.0,12838,19843,39.2,0.5,13312,70,1.326,1.331,1.325,1.325,1.325,1.325,1.325,1.325,1.325,4092.6,4092.6,4092.6,4092.6,4092.6,4092.6,4092.6,4092.6,4092.6,99.8,1122.6,3085.5,1331.8,3238.3,931.8,1439.7,1048.6,802.6,1246.9,462.3,539.5,787.8,945.6,688.5,708.9,320.3,384.4,1122.6,24.6,44.1,31.1,78.5,21.9,33.9,24.4,18.7,29.4,10.5,12.4,18.2,22.2,15.4,16.5,7.2,8.7,78.5,24.6,28.0,50.2,35.5,89.6,25.0,38.7,27.8,21.3,33.6,12.1,14.2,20.8,25.3,17.6,18.8,8.2,10.0,28.0,41.0,41.0,41.0,41.0,41.0,41.0,41.0,41.0,41.0,0.0,69.6,75.0,94.5,73.1,69.9,60.2,65.7,62.9,55.8,30.4,25.0,5.5,26.9,30.1,39.8,34.3,37.1,44.2,0.0,0.0,0.0,0.0,0.0,0.0,0.0,0.0,0.0,1197.8,12.00,16,16,16,39,55,661,1,81.1,71.8,71.2,66.2,67.4,71.5,67.4,66.6,64.1,65.0,64.2,63.5,61.5,61.7,61.2,53.2,50.4,1.362,1.025,1.356,12.727,10.821,12.727,62.665,37.342,3.918,4.772,6.685,4.281,3.735,2.812,3.451,3.113,2.499,17.289,11.141,28.430,37.443,1197.8,1197.8,4117.7,4119.3,4116.0,4119.3,42.5,21.2,69.6,75.6,55.0,No,No,No,0.751,0.110,5.6,48,95.0,100.0,No,No,91293,99096,35,99.0,No,No,3320,0.4,0.1,0.5,0.120,0.345,79681,49851,0.0,0.0,0.0,0.000,0.000,52,0,48.9,64.2,83.0,0.775,12.135,12.181,12.155,12.071,1131,51.981,20.593,30.059,9.440,42.349,25.614,16.699,0.336,30.059,22.029,2.804,26.539,220.000,240.000,1380.0,1750.2,1200.0,1376.5,1305.0,38.0,10.0,0.0,1.0,20.7,4.9,19.7,0.0,0.0,0.0,33,Yes,No,No,No,No,Yes,No,23.5,26.5,0,0,0,0,0,0,0,0,0,0,0,0,0,0,0,0,0,0,0,0,0,0,0,0,0,0,0,0,0,0,6498,1694,1528,173,8.0,239.8,255.7,225.6,211.0,218.3,207.8,239.8,274.4,212.7,210.2,211.1,209.9,4.17,4.46,3.86,3.70,4.58,4.78,0.55,0.31,4.07,0.10,0.12,0,0,0.0,0.0,13574,1180,1.5,1.0,0,
8.7.2026,15:12:57.529,17487,28507,38.0,12829,19852,39.2,0.5,13312,70,1.330,1.325,1.331,1.331,1.331,1.331,1.331,1.331,1.331,4092.6,4092.6,4092.6,4092.6,4092.6,4092.6,4092.6,4092.6,4092.6,99.8,1208.4,3192.5,1421.5,3252.9,1012.5,1477.4,1196.4,927.6,1368.2,525.0,608.9,876.9,1064.5,729.8,743.5,374.2,562.2,1208.4,27.1,48.7,33.9,79.1,24.5,35.3,28.6,22.3,33.0,12.1,14.1,21.1,25.2,17.0,17.3,8.4,13.1,79.1,27.1,30.5,54.9,37.9,90.1,27.2,39.6,32.0,24.7,37.0,13.8,16.1,23.3,28.6,18.7,19.7,9.6,14.9,30.5,41.0,41.0,41.0,41.0,41.0,41.0,41.0,41.0,41.0,0.0,72.1,77.8,95.2,75.3,73.0,62.5,68.5,65.0,59.2,27.9,22.2,4.8,24.7,27.0,37.5,31.5,35.0,40.8,0.0,0.0,0.0,0.0,0.0,0.0,0.0,0.0,0.0,1197.8,12.00,16,16,16,39,55,661,1,78.0,71.9,72.5,66.4,67.7,71.6,67.3,67.0,64.3,65.4,64.2,63.8,61.5,61.8,61.3,55.2,50.6,1.356,1.025,1.356,12.935,10.863,12.936,64.850,37.638,3.996,4.942,6.683,4.283,3.901,2.867,3.561,3.118,2.611,17.493,11.189,28.682,37.708,1197.8,1197.8,4108.1,4109.9,4106.3,4109.9,42.8,21.6,72.1,75.7,54.5,No,No,No,0.820,0.111,5.8,47,95.0,100.0,No,No,91293,99096,35,99.0,No,No,3320,0.1,0.1,0.2,0.079,0.438,79681,49852,0.0,0.0,0.0,0.000,0.000,52,0,49.5,64.9,83.0,0.787,12.132,12.177,12.152,12.066,1130,53.323,22.863,32.242,10.448,43.676,25.725,17.911,0.336,32.242,22.178,22.610,21.267,220.000,240.000,1395.0,1750.2,1215.0,1407.1,1320.0,40.0,10.0,0.0,1.0,20.7,5.0,20.2,0.0,0.0,0.0,33,Yes,No,No,No,No,Yes,No,24.7,27.2,0,0,0,0,0,0,0,0,0,0,0,0,0,0,0,0,0,0,0,0,0,0,0,0,0,0,0,0,0,0,6498,1694,1528,173,8.0,239.8,256.0,221.6,214.6,217.1,213.8,235.6,241.7,119.9,119.7,119.8,119.7,4.17,4.52,3.89,3.70,4.65,4.79,0.54,0.40,4.07,0.10,0.11,0,0,0.0,0.0,13574,1180,2.7,4.2,0,
8.7.2026,15:12:59.531,17552,28441,38.1,12825,19857,39.2,0.5,13312,70,1.322,1.319,1.325,1.325,1.325,1.325,1.319,1.319,1.319,4070.8,4067.7,4092.6,4067.7,4067.7,4067.7,4067.7,4067.7,4067.7,99.8,1214.4,3189.9,1474.5,1773.7,2432.8,1281.1,1508.0,850.6,1446.9,540.6,664.4,906.9,1044.2,682.2,834.2,338.6,461.8,1214.4,27.0,47.2,34.3,42.8,58.9,29.8,35.6,19.6,34.2,13.0,16.0,20.8,25.1,15.1,19.9,8.2,11.1,58.9,27.0,30.4,53.7,39.1,48.3,67.0,34.0,40.5,22.4,39.0,14.1,17.5,23.8,28.0,17.2,22.0,8.5,11.9,30.4,40.8,40.8,41.0,40.8,40.8,40.8,40.8,40.8,40.8,0.0,72.8,77.7,94.5,77.1,73.7,64.2,69.4,66.1,59.5,27.2,22.3,5.5,22.9,26.3,35.8,30.6,33.9,40.5,0.0,0.0,0.0,0.0,0.0,0.0,0.0,0.0,0.0,1197.8,12.00,16,16,16,39,55,661,1,75.1,71.5,73.0,66.3,67.6,71.2,67.7,66.8,64.3,65.1,64.2,63.4,61.4,61.6,61.1,52.8,50.7,1.350,1.044,1.356,13.144,10.858,13.133,65.510,37.780,4.021,4.941,6.532,4.538,3.932,2.961,3.575,3.155,2.532,17.748,11.185,28.934,37.942,1197.8,1197.8,4106.4,4107.1,4105.8,4107.1,43.1,21.9,72.8,75.3,55.1,No,No,No,0.785,0.109,5.8,47,95.0,100.0,No,No,91293,99096,35,99.0,No,No,3320,0.0,0.0,0.1,0.040,0.199,79681,49852,0.0,0.0,0.0,0.000,0.000,52,0,49.4,64.9,83.0,0.775,12.134,12.179,12.154,12.069,1130,53.053,23.345,31.451,9.938,43.171,25.659,17.471,0.336,31.451,21.939,31.140,20.894,220.000,240.000,1380.0,1750.2,1200.0,1376.4,1305.0,40.0,10.0,0.0,1.0,20.7,5.2,20.9,0.0,0.0,0.0,33,Yes,No,No,No,No,Yes,No,24.6,27.0,0,0,0,0,0,0,0,0,0,0,0,0,0,0,0,0,0,0,0,0,0,0,0,0,0,0,0,0,0,0,6498,1694,1528,173,8.0,239.8,255.8,221.2,216.1,218.1,215.2,236.6,248.4,137.8,117.8,119.0,117.2,4.17,4.51,3.90,3.73,4.58,4.64,0.57,0.34,4.07,0.10,0.14,0,0,0.0,0.0,13574,1180,1.4,1.3,0,
8.7.2026,15:13:1.559,17578,28416,38.2,12850,19832,39.3,0.5,13312,70,1.345,1.337,1.344,1.344,1.344,1.344,1.344,1.344,1.356,3602.9,4117.6,3294.1,3294.1,3294.1,4117.6,3294.1,3294.1,4117.6,99.8,1383.5,3316.9,1849.3,1708.4,2242.0,1375.7,1787.8,1200.2,1453.4,762.8,882.5,1109.3,1196.7,860.9,1033.7,600.0,757.2,1383.5,31.0,50.1,43.7,40.6,54.0,32.5,42.7,27.7,34.6,18.1,20.4,26.3,28.5,19.8,24.7,14.1,18.0,54.0,31.0,35.1,56.7,49.4,46.0,61.2,36.8,48.3,31.9,39.1,20.3,23.6,29.7,32.2,22.3,27.9,15.8,20.2,35.1,36.1,41.2,33.0,33.0,33.0,41.2,33.0,33.0,41.2,0.0,73.6,81.1,83.2,78.6,76.0,66.6,71.1,68.4,63.8,26.4,18.9,16.8,21.4,24.0,33.4,28.9,31.6,36.2,0.0,0.0,0.0,0.0,0.0,0.0,0.0,0.0,0.0,1197.8,12.00,16,16,16,39,55,661,1,72.6,70.2,66.5,66.7,68.6,69.1,68.6,66.9,65.4,65.8,65.1,64.5,61.9,62.2,61.6,54.5,50.8,1.356,1.031,1.350,13.239,10.998,13.255,66.122,38.275,4.052,5.186,5.452,4.662,4.000,3.174,3.689,3.381,2.876,17.819,11.330,29.149,38.235,1197.8,1197.8,4095.8,4097.3,4094.3,4102.9,43.4,22.1,73.5,73.9,54.7,No,No,No,1.109,0.080,5.9,47,95.0,100.0,No,No,91293,99096,35,99.0,No,No,3320,0.2,0.1,0.3,0.152,0.215,79681,49853,0.0,0.0,0.0,0.000,0.000,52,0,49.5,64.7,83.0,0.856,12.141,12.187,12.161,12.076,1132,55.084,18.739,30.017,8.519,40.568,23.863,16.676,0.336,30.017,19.367,3.711,14.317,220.000,240.000,1590.0,1750.2,1395.0,1587.6,1500.0,19.0,5.0,0.0,0.0,21.5,3.9,15.7,0.0,0.0,0.0,33,Yes,No,No,No,No,Yes,No,23.6,25.2,0,0,0,0,0,0,0,0,0,0,0,0,0,0,0,0,0,0,0,0,0,0,0,0,0,0,0,0,0,0,6433,1759,1593,173,8.0,239.9,263.2,216.5,207.9,210.2,207.2,32.2,675.5,26.6,26.6,26.6,26.6,4.17,4.64,3.71,3.64,4.85,5.09,0.26,0.39,4.06,0.11,0.52,0,0,0.0,0.0,13574,1180,4.1,3.2,0,
8.7.2026,15:13:3.530,17580,28414,38.2,12851,19830,39.3,0.5,13312,70,1.358,1.350,1.363,1.363,1.363,1.363,1.363,1.350,1.350,4139.4,4117.6,4142.5,4142.5,4142.5,4142.5,4142.5,4142.5,4142.5,99.8,1078.0,3073.2,1447.2,1534.1,1588.6,974.5,1341.5,916.0,1154.0,442.7,551.4,761.0,789.5,616.2,718.8,495.6,844.3,1078.0,23.3,42.3,33.8,35.9,37.5,22.3,31.7,21.7,27.0,10.0,13.4,17.4,18.2,13.7,16.7,11.3,20.1,42.3,23.3,26.5,48.1,38.6,40.9,42.7,25.5,36.1,24.1,30.8,11.5,14.5,19.9,20.8,15.7,19.0,12.9,22.8,26.5,41.5,41.2,41.5,41.5,41.5,41.5,41.5,41.5,41.5,0.0,66.2,74.9,74.2,70.1,69.0,57.5,62.7,60.9,60.6,33.8,25.1,25.8,29.9,31.0,42.5,37.3,39.1,39.4,0.0,0.0,0.0,0.0,0.0,0.0,0.0,0.0,0.0,1197.8,12.00,16,16,16,39,55,661,1,71.2,69.5,67.2,65.4,67.1,66.8,66.2,65.3,63.9,64.5,64.1,65.4,61.2,61.4,61.0,53.2,50.6,1.375,1.025,1.369,11.830,10.873,11.831,59.483,36.140,3.669,4.804,4.701,3.884,3.616,2.717,3.172,3.022,3.439,16.005,11.194,27.199,36.220,1197.8,1197.8,4101.5,4103.8,4099.2,4111.6,41.2,19.7,66.1,73.2,54.3,No,No,No,0.786,0.072,5.3,48,95.0,100.0,No,No,91293,99096,35,99.0,No,No,3320,0.2,1.3,1.5,0.247,11.710,79682,49875,0.0,0.0,0.0,0.000,0.000,52,0,47.8,62.2,83.0,0.688,12.146,12.195,12.162,12.081,1134,38.120,13.505,17.556,4.524,32.413,22.640,9.753,0.336,17.556,19.710,2.074,8.492,220.000,240.000,930.0,1250.2,975.0,1047.5,1050.0,30.0,7.0,0.0,0.0,20.8,3.3,13.3,0.0,0.0,0.0,33,Yes,No,No,No,No,Yes,No,16.9,23.2,0,0,0,0,0,0,0,0,0,0,0,0,0,0,0,0,0,0,0,0,0,0,0,0,0,0,0,0,0,0,6488,1704,1538,170,8.0,239.8,257.6,223.1,192.7,207.6,186.3,40.0,296.7,26.6,26.6,26.6,26.6,4.17,4.52,3.88,3.18,4.80,5.33,0.41,0.12,4.07,0.10,3.24,0,0,0.0,0.0,13574,1180,2.5,2.8,0,
8.7.2026,15:13:5.530,17570,28424,38.2,12842,19840,39.2,0.5,13312,70,1.338,1.337,1.337,1.337,1.337,1.337,1.337,1.337,1.337,4117.6,4117.6,4117.6,4117.6,4117.6,4117.6,4117.6,4117.6,4117.6,99.8,1035.2,3040.3,1406.8,1616.3,1573.8,968.0,1289.5,822.1,1171.2,461.3,561.1,812.9,788.5,560.6,673.1,352.0,466.2,1035.2,22.3,41.5,32.9,38.1,37.3,22.3,30.5,18.9,27.6,10.6,13.1,18.8,18.4,12.4,15.7,8.1,10.8,41.5,22.3,25.3,47.2,37.5,43.3,42.4,25.3,34.6,21.5,31.4,12.0,14.8,21.3,20.8,14.1,17.7,9.1,12.2,25.3,41.2,41.2,41.2,41.2,41.2,41.2,41.2,41.2,41.2,0.0,64.8,73.9,74.3,69.5,68.2,56.9,62.9,59.5,53.6,35.2,26.1,25.7,30.5,31.8,43.1,37.1,40.5,46.4,0.0,0.0,0.0,0.0,0.0,0.0,0.0,0.0,0.0,1197.8,12.00,16,16,16,39,55,661,1,69.8,67.5,65.2,64.7,66.6,66.6,65.8,64.9,63.5,63.9,63.4,62.8,61.0,61.3,60.8,54.0,50.4,1.369,1.025,1.369,11.033,10.864,11.033,58.198,35.096,3.479,4.623,4.749,3.797,3.517,2.677,3.163,2.871,2.432,14.955,11.183,26.138,35.154,1197.8,1197.8,4112.9,4116.2,4109.6,4125.6,39.9,18.4,64.7,71.1,53.5,No,No,No,0.787,0.062,5.2,48,95.0,100.0,No,No,91293,99096,35,99.0,No,No,3320,0.5,0.1,0.6,0.791,0.190,79683,49875,0.0,0.0,0.0,0.000,0.000,52,0,47.5,62.1,83.0,0.688,12.148,12.196,12.164,12.083,1131,38.178,13.691,17.468,4.634,32.625,22.909,9.704,0.336,17.468,20.137,3.135,8.492,220.000,240.000,795.0,1250.2,975.0,849.8,1050.0,32.0,7.0,0.0,0.0,20.4,3.9,15.7,0.0,0.0,0.0,33,Yes,No,No,No,No,Yes,No,17.3,22.0,0,0,0,0,0,0,0,0,0,0,0,0,0,0,0,0,0,0,0,0,0,0,0,0,0,0,0,0,0,0,6520,1672,1506,170,8.0,239.8,261.0,221.2,212.2,215.4,211.7,42.6,336.4,24.5,24.0,24.0,24.0,4.17,4.55,3.82,3.69,4.78,5.10,0.42,0.09,4.06,0.11,2.73,0,0,0.0,0.0,13574,1180,3.7,1.4,0,
8.7.2026,15:13:7.535,17525,28468,38.1,12842,19839,39.2,0.5,13312,70,1.347,1.344,1.344,1.344,1.344,1.350,1.350,1.350,1.350,4117.6,4117.6,4117.6,4117.6,4117.6,4117.6,4117.6,4117.6,4117.6,99.8,994.0,2980.8,1402.2,1461.7,1569.8,939.2,1227.2,764.5,1091.0,394.5,508.0,754.0,799.7,559.7,635.7,342.5,473.1,994.0,21.3,38.9,32.9,34.4,37.1,21.7,28.9,17.6,25.7,9.0,11.8,17.4,18.6,12.5,14.8,7.8,11.0,38.9,21.3,24.2,44.4,37.5,39.2,42.3,24.7,33.0,20.1,29.3,10.2,13.3,19.9,21.2,14.2,16.8,8.9,12.4,24.2,41.2,41.2,41.2,41.2,41.2,41.2,41.2,41.2,41.2,0.0,62.6,72.4,72.1,67.7,65.7,54.0,60.0,57.1,51.8,37.4,27.6,27.9,32.3,34.3,46.0,40.0,42.9,48.2,0.0,0.0,0.0,0.0,0.0,0.0,0.0,0.0,0.0,1197.8,12.00,16,16,16,39,55,661,1,68.6,67.6,64.8,64.5,66.6,66.2,65.5,64.5,63.2,63.7,63.2,62.7,60.9,61.1,60.6,52.2,50.2,1.362,1.031,1.363,10.808,10.820,10.807,56.169,34.738,3.402,4.620,4.588,3.692,3.383,2.574,3.071,2.828,2.461,14.678,11.136,25.813,34.819,1197.8,1197.8,4118.8,4121.2,4116.5,4130.3,39.6,18.0,62.4,71.1,53.8,No,No,No,0.759,0.062,5.0,48,95.0,100.0,No,No,91293,99096,35,99.0,No,No,3320,0.1,0.1,0.2,0.257,0.108,79684,49876,0.0,0.0,0.0,0.000,0.000,52,0,47.6,62.0,83.0,0.688,12.150,12.199,12.166,12.084,1129,38.026,13.669,16.807,4.294,32.313,22.960,9.337,0.336,16.807,20.135,5.244,8.458,220.000,240.000,690.0,1250.2,975.0,737.3,1050.0,34.0,7.0,0.0,0.0,20.8,4.4,17.5,0.0,0.0,0.0,33,Yes,No,No,No,No,Yes,No,16.8,20.1,0,0,0,0,0,0,0,0,0,0,0,0,0,0,0,0,0,0,0,0,0,0,0,0,0,0,0,0,0,0,6488,1704,1538,172,8.0,239.7,260.8,224.0,212.3,217.1,211.1,31.3,124.5,26.6,26.6,26.6,26.6,4.17,4.54,3.82,3.75,4.59,4.61,0.45,0.12,4.07,0.10,1.05,0,0,0.0,0.0,13574,1180,9.8,12.8,0,
8.7.2026,15:13:9.529,17485,28509,38.0,12827,19854,39.2,0.5,13312,70,1.349,1.350,1.344,1.350,1.350,1.350,1.350,1.350,1.350,4117.6,4117.6,4117.6,4117.6,4117.6,4117.6,4117.6,4117.6,4117.6,99.8,871.6,2888.9,1298.5,1332.3,1352.0,830.7,1055.4,752.3,862.4,289.3,390.5,667.1,613.3,481.2,519.9,297.7,314.1,871.6,18.3,36.3,30.3,31.3,31.7,19.2,24.8,17.4,20.1,6.5,8.9,15.4,14.1,10.7,12.0,6.8,7.1,36.3,18.3,20.9,41.5,34.7,35.7,36.2,22.0,28.3,19.9,23.0,7.5,10.2,17.6,16.1,12.2,13.6,7.8,8.1,20.9,41.2,41.2,41.2,41.2,41.2,41.2,41.2,41.2,41.2,0.0,58.9,70.0,68.0,64.0,61.9,49.9,56.1,53.7,48.0,41.1,30.0,32.0,36.0,38.1,50.1,43.9,46.3,52.0,0.0,0.0,0.0,0.0,0.0,0.0,0.0,0.0,0.0,1197.8,12.00,16,16,16,39,55,661,1,67.2,66.5,68.8,63.7,65.7,65.1,64.8,63.9,62.7,63.0,62.6,62.0,60.5,60.7,60.3,53.2,50.4,1.362,1.019,1.356,10.062,10.729,10.067,52.761,33.643,3.190,4.382,4.216,3.489,3.201,2.400,2.883,2.670,2.277,13.696,11.037,24.733,33.730,1197.8,1197.8,4122.7,4126.2,4119.2,4143.4,38.3,16.8,58.6,70.0,53.5,No,No,No,0.687,0.061,4.7,48,95.0,100.0,No,No,91293,99096,35,99.0,No,No,3320,0.0,0.1,0.1,0.040,0.263,79684,49876,0.0,0.0,0.0,0.000,0.000,52,0,47.3,61.7,83.0,0.688,12.147,12.195,12.164,12.082,1130,37.692,13.533,17.303,4.329,32.466,22.835,9.613,0.336,17.303,19.835,2.085,9.221,220.000,240.000,645.0,1250.2,975.0,664.6,1050.0,37.0,8.0,0.0,0.0,20.8,4.8,19.2,0.0,0.0,0.0,33,Yes,No,No,No,No,Yes,No,16.9,19.7,0,0,0,0,0,0,0,0,0,0,0,0,0,0,0,0,0,0,0,0,0,0,0,0,0,0,0,0,0,0,6488,1704,1538,173,8.0,239.8,257.5,223.9,212.4,216.0,212.3,30.8,153.3,22.9,21.9,21.8,21.8,4.17,4.53,3.84,3.56,4.62,4.70,0.45,0.07,4.07,0.10,0.82,0,0,0.0,0.0,13574,1180,1.1,0.7,0,
8.7.2026,15:13:11.530,17480,28514,38.0,12825,19857,39.2,0.5,13312,70,1.354,1.344,1.363,1.363,1.363,1.363,1.363,1.337,1.337,4126.9,4142.5,4117.6,4117.6,4117.6,4117.6,4117.6,4142.5,4142.5,99.8,830.7,2817.7,1200.7,1245.7,1451.6,1061.7,777.2,868.5,698.1,293.6,335.7,660.0,492.1,493.3,394.4,242.4,258.8,830.7,17.4,34.5,28.0,29.2,34.2,25.0,18.1,20.3,16.2,6.8,7.7,15.3,11.3,11.1,9.0,5.6,6.0,34.5,17.4,19.8,39.4,31.9,33.3,39.0,28.5,20.6,23.1,18.4,7.6,8.6,17.4,12.7,12.5,10.2,6.3,6.6,19.8,41.3,41.5,41.2,41.2,41.2,41.2,41.2,41.5,41.5,0.0,57.9,68.3,67.5,63.6,61.6,49.2,54.8,52.5,46.2,42.1,31.7,32.5,36.4,38.4,50.8,45.2,47.5,53.8,0.0,0.0,0.0,0.0,0.0,0.0,0.0,0.0,0.0,1197.8,12.00,16,16,16,39,55,661,1,76.5,66.1,65.2,63.5,65.3,65.2,64.6,63.7,62.3,62.7,62.2,61.7,60.3,60.6,60.1,53.8,50.4,1.362,1.025,1.363,9.948,10.721,9.944,51.960,33.500,3.139,4.229,4.278,3.476,3.182,2.358,2.825,2.573,2.195,13.554,11.032,24.586,33.563,1197.8,1197.8,4129.1,4132.2,4125.9,4143.7,38.1,16.6,57.7,69.6,53.8,No,No,No,0.642,0.061,4.6,48,95.0,100.0,No,No,91293,99096,35,99.0,No,No,3320,0.1,0.1,0.1,0.093,0.211,79684,49877,0.0,0.0,0.0,0.000,0.000,52,0,47.2,61.7,83.0,0.688,12.148,12.197,12.165,12.083,1130,37.738,13.806,17.556,4.708,32.907,23.139,9.753,0.336,17.556,20.398,2.022,9.685,220.000,240.000,615.0,1250.2,975.0,621.8,1050.0,37.0,7.0,0.0,0.0,20.6,5.0,20.0,0.0,0.0,0.0,33,Yes,No,No,No,No,Yes,No,17.3,22.2,0,0,0,0,0,0,0,0,0,0,0,0,0,0,0,0,0,0,0,0,0,0,0,0,0,0,0,0,0,0,6503,1689,1523,173,8.0,239.7,259.0,224.9,211.0,218.2,207.6,30.0,88.6,26.6,26.6,26.6,26.6,4.17,4.46,3.83,3.61,4.62,4.83,0.47,0.02,4.07,0.10,0.18,0,0,0.0,0.0,13574,1180,0.7,1.6,0,
8.7.2026,15:13:13.528,17474,28520,37.9,12821,19861,39.2,0.5,13312,70,1.361,1.350,1.363,1.363,1.363,1.363,1.363,1.363,1.363,4139.4,4117.6,4142.5,4142.5,4142.5,4142.5,4142.5,4142.5,4142.5,99.8,857.6,2857.9,1290.2,1241.8,1425.2,1135.3,780.0,907.9,781.1,305.1,329.0,697.3,550.1,503.8,407.0,223.8,286.8,857.6,17.8,33.6,30.1,29.0,33.4,26.6,18.1,21.1,18.1,6.9,7.4,16.1,12.5,11.1,9.2,5.0,6.5,33.6,17.8,20.4,38.5,34.5,33.2,38.2,30.5,20.7,24.2,20.7,7.9,8.4,18.4,14.3,12.8,10.5,5.7,7.4,20.4,41.5,41.2,41.5,41.5,41.5,41.5,41.5,41.5,41.5,0.0,58.9,69.2,67.5,64.4,63.0,49.8,56.1,53.5,47.3,41.1,30.8,32.5,35.6,37.0,50.2,43.9,46.5,52.7,0.0,0.0,0.0,0.0,0.0,0.0,0.0,0.0,0.0,1197.8,12.00,16,16,16,39,55,661,1,73.5,66.1,68.8,63.4,65.3,65.0,64.6,63.6,62.2,62.7,62.2,61.7,60.2,60.5,60.0,53.0,50.4,1.375,1.031,1.369,10.008,10.718,10.015,52.845,33.597,3.175,4.308,4.294,3.510,3.220,2.357,2.889,2.602,2.221,13.637,11.027,24.664,33.661,1197.8,1197.8,4131.1,4134.8,4127.4,4142.0,38.3,16.7,58.7,69.6,53.5,No,No,No,0.661,0.061,4.7,48,95.0,100.0,No,No,91293,99096,35,99.0,No,No,3320,0.0,0.0,0.1,0.024,0.042,79684,49877,0.0,0.0,0.0,0.000,0.000,52,0,47.5,62.0,83.0,0.688,12.147,12.195,12.163,12.082,1129,38.030,13.729,17.876,4.671,33.011,23.052,9.931,0.336,17.876,20.133,1.973,8.430,220.000,240.000,630.0,1250.2,975.0,630.0,1050.0,36.0,7.0,0.0,0.0,20.2,5.2,20.7,0.0,0.0,0.0,33,Yes,No,No,No,No,Yes,No,17.3,22.8,0,0,0,0,0,0,0,0,0,0,0,0,0,0,0,0,0,0,0,0,0,0,0,0,0,0,0,0,0,0,6541,1651,1485,173,8.0,239.7,260.0,225.1,216.8,219.6,216.4,31.2,175.8,26.6,26.6,26.6,26.6,4.17,4.46,3.85,3.68,4.56,4.62,0.47,0.07,4.07,0.10,0.21,0,0,0.0,0.0,13574,1180,0.2,0.7,0,
8.7.2026,15:13:15.527,17458,28535,37.9,12821,19860,39.2,0.5,13312,70,1.355,1.350,1.337,1.337,1.363,1.363,1.363,1.363,1.363,4123.8,4117.6,4142.5,4142.5,4117.6,4117.6,4117.6,4117.6,4117.6,99.8,827.2,2860.6,1298.0,1153.5,1410.8,1110.9,732.8,870.5,683.1,264.3,340.8,628.0,500.2,438.6,408.9,288.9,245.9,827.2,17.1,33.6,30.3,26.8,33.1,26.1,16.9,20.3,15.8,6.0,7.8,14.5,11.3,9.6,9.3,6.7,5.5,33.6,17.1,19.5,38.4,34.7,30.7,37.8,29.8,19.3,23.2,18.0,6.8,8.8,16.5,12.9,11.0,10.5,7.6,6.3,19.5,41.3,41.2,41.5,41.5,41.2,41.2,41.2,41.2,41.2,0.0,58.0,69.3,66.4,64.1,61.9,48.9,54.7,52.3,46.9,42.0,30.7,33.6,35.9,38.1,51.1,45.3,47.7,53.1,0.0,0.0,0.0,0.0,0.0,0.0,0.0,0.0,0.0,1197.8,12.00,16,16,16,39,55,661,1,70.6,65.8,68.0,63.2,65.1,64.6,64.3,63.4,62.0,62.4,61.9,61.5,60.1,60.3,59.9,53.5,50.1,1.350,1.038,1.369,9.759,10.715,9.750,52.063,33.223,3.110,4.302,4.146,3.433,3.146,2.318,2.791,2.545,2.202,13.297,11.021,24.318,33.287,1197.8,1197.8,4130.7,4132.1,4129.2,4143.4,37.8,16.3,57.8,69.2,53.2,No,No,No,0.640,0.061,4.6,48,95.0,100.0,No,No,91293,99096,35,99.0,No,No,3320,0.0,0.0,0.0,0.000,0.004,79684,49877,0.0,0.0,0.0,0.000,0.000,52,0,47.2,61.9,83.0,0.688,12.143,12.190,12.160,12.078,1129,37.925,14.397,17.731,4.620,32.784,22.912,9.850,0.336,17.731,20.003,3.208,14.796,220.000,240.000,630.0,1250.2,975.0,630.0,1050.0,40.0,8.0,0.0,0.0,20.1,5.3,21.1,0.0,0.0,0.0,33,Yes,No,No,No,No,Yes,No,17.2,18.9,0,0,0,0,0,0,0,0,0,0,0,0,0,0,0,0,0,0,0,0,0,0,0,0,0,0,0,0,0,0,6547,1645,1479,173,8.0,239.8,255.2,226.9,222.0,223.7,221.9,31.2,62.5,24.6,24.0,24.0,24.0,4.17,4.47,3.89,3.84,4.50,4.56,0.47,0.09,4.07,0.10,1.15,0,0,0.0,0.0,13574,1180,0.8,0.1,0,
8.7.2026,15:13:17.533,17436,28558,37.9,12836,19845,39.2,0.5,13312,70,1.343,1.344,1.337,1.344,1.344,1.344,1.344,1.344,1.344,4117.6,4117.6,4117.6,4117.6,4117.6,4117.6,4117.6,4117.6,4117.6,99.8,953.5,3105.6,1362.3,1348.7,1524.6,1211.3,951.2,1007.9,834.1,345.0,403.7,784.2,611.5,525.0,452.2,253.0,535.3,953.5,20.3,41.9,32.0,31.7,35.9,28.3,22.3,23.5,19.5,7.8,9.2,18.2,14.0,11.7,10.2,5.6,12.6,41.9,20.3,23.1,47.9,36.5,36.1,41.0,32.3,25.5,26.8,22.2,8.8,10.4,20.7,15.9,13.3,11.6,6.3,14.3,23.1,41.2,41.2,41.2,41.2,41.2,41.2,41.2,41.2,41.2,0.0,62.7,75.3,72.0,68.0,65.6,52.7,59.8,55.6,52.3,37.3,24.7,28.0,32.0,34.4,47.3,40.2,44.4,47.7,0.0,0.0,0.0,0.0,0.0,0.0,0.0,0.0,0.0,1197.8,12.00,16,16,16,39,55,661,1,69.1,67.4,70.5,63.8,66.4,65.6,65.1,63.8,62.4,63.1,62.3,62.0,60.3,60.6,60.1,52.2,49.8,1.356,1.025,1.363,10.742,10.796,10.736,56.321,34.602,3.369,4.833,4.525,3.732,3.318,2.446,3.055,2.661,2.384,14.602,11.108,25.710,34.706,1197.8,1197.8,4126.0,4127.5,4124.5,4131.8,39.4,17.9,62.6,71.0,54.1,No,No,No,0.765,0.062,5.0,48,95.0,100.0,No,No,91293,99096,35,99.0,No,No,3320,0.0,0.0,0.0,0.008,0.010,79684,49877,0.0,0.0,0.0,0.000,0.000,52,0,47.3,61.8,83.0,0.688,12.141,12.188,12.158,12.076,1130,38.146,14.806,18.156,4.936,33.178,23.077,10.086,0.336,18.156,20.294,2.031,17.816,220.000,240.000,645.0,1250.2,975.0,635.2,1050.0,40.0,8.0,0.0,1.0,20.1,5.4,21.6,0.0,0.0,0.0,33,Yes,No,No,No,No,Yes,No,17.5,19.0,0,0,0,0,0,0,0,0,0,0,0,0,0,0,0,0,0,0,0,0,0,0,0,0,0,0,0,0,0,0,6547,1645,1479,170,8.0,239.8,259.7,226.1,219.9,222.1,219.6,30.9,128.9,24.7,24.0,24.0,24.0,4.17,4.48,3.86,3.76,4.49,4.51,0.46,0.07,4.06,0.11,0.85,0,0,0.0,0.0,13574,1180,1.7,3.6,0,
8.7.2026,15:13:19.533,17536,28458,38.1,12855,19827,39.3,0.5,13312,70,1.341,1.325,1.337,1.337,1.337,1.337,1.350,1.350,1.350,4114.5,4092.6,4117.6,4117.6,4117.6,4117.6,4117.6,4117.6,4117.6,99.8,1532.6,3670.7,2275.0,1792.7,2500.9,1617.1,1763.8,1415.5,1465.2,935.2,887.3,1527.8,1009.0,1176.8,912.1,749.8,822.5,1532.6,34.4,53.3,54.7,42.9,60.7,38.5,42.0,33.5,34.7,22.2,21.0,36.3,23.8,27.4,21.4,17.6,19.4,60.7,34.4,38.9,60.4,62.0,48.6,68.9,43.6,47.6,38.0,39.4,25.1,23.8,41.1,27.0,31.1,24.3,20.0,21.9,38.9,41.2,41.0,41.2,41.2,41.2,41.2,41.2,41.2,41.2,0.0,80.2,89.7,91.0,84.6,81.7,72.8,78.1,74.5,69.6,19.8,10.3,9.0,15.4,18.3,27.2,21.9,25.5,30.4,0.0,0.0,0.0,0.0,0.0,0.0,0.0,0.0,0.0,1197.8,12.00,16,16,16,39,55,661,1,70.0,72.3,67.2,67.2,69.9,70.2,68.6,67.1,65.5,66.3,65.0,65.1,61.4,61.7,61.1,54.0,50.5,1.369,1.025,1.369,14.794,11.221,14.797,72.189,40.474,4.443,5.946,6.081,4.823,4.282,3.456,4.056,3.607,3.291,19.904,11.563,31.468,40.556,1197.8,1197.8,4094.0,4094.1,4093.8,4095.3,46.1,24.7,80.2,76.1,55.8,No,No,No,1.330,0.073,6.4,48,95.0,100.0,No,No,91293,99096,35,99.0,No,No,3320,0.0,0.0,0.1,0.008,0.059,79684,49877,0.0,0.0,0.0,0.000,0.000,52,0,47.4,61.9,83.0,0.706,12.139,12.186,12.157,12.074,1130,40.268,15.454,21.270,6.203,35.050,23.207,11.817,0.336,21.270,20.304,2.015,13.070,220.000,240.000,1155.0,1250.2,1005.0,973.1,1095.0,40.0,10.0,0.0,0.0,20.7,4.9,19.6,0.0,0.0,0.0,33,Yes,No,No,No,No,Yes,No,18.9,24.9,0,0,0,0,0,0,0,0,0,0,0,0,0,0,0,0,0,0,0,0,0,0,0,0,0,0,0,0,0,0,6493,1699,1533,171,8.0,239.7,255.7,225.2,211.6,218.9,208.0,79.1,496.2,51.1,44.7,44.1,44.1,4.17,4.48,3.88,3.60,4.56,4.70,0.41,0.24,4.05,0.12,2.51,0,0,0.0,0.0,13574,1180,0.4,0.7,0,
8.7.2026,15:13:21.535,17572,28421,38.2,12854,19828,39.3,0.5,13312,70,1.346,1.344,1.350,1.337,1.344,1.344,1.350,1.350,1.350,4114.5,4117.6,4117.6,4117.6,4117.6,4092.6,4117.6,4117.6,4117.6,99.8,954.7,2978.7,1409.7,1322.8,1591.8,1228.6,871.8,987.9,867.0,392.1,383.2,838.2,583.2,620.5,486.7,300.0,412.2,954.7,20.3,38.2,33.1,31.1,37.0,29.0,20.1,23.1,20.2,9.0,8.8,19.4,13.3,14.0,11.1,6.8,9.6,38.2,20.3,23.1,43.7,37.8,35.5,42.2,33.1,23.0,26.4,23.1,10.3,10.0,22.1,15.1,16.0,12.7,7.7,10.9,23.1,41.2,41.2,41.2,41.2,41.2,41.0,41.2,41.2,41.2,0.0,62.3,72.3,71.0,67.0,65.6,53.6,59.9,56.8,51.9,37.7,27.7,29.0,33.0,34.4,46.4,40.1,43.2,48.1,0.0,0.0,0.0,0.0,0.0,0.0,0.0,0.0,0.0,1197.8,12.00,16,16,16,39,55,661,1,68.8,67.6,66.5,64.4,66.6,66.1,65.6,64.6,63.1,63.6,63.0,62.5,60.9,61.1,60.6,53.5,50.4,1.356,1.025,1.369,10.719,10.783,10.723,55.883,34.611,3.378,4.680,4.505,3.709,3.427,2.512,3.058,2.783,2.354,14.566,11.095,25.661,34.676,1197.8,1197.8,4122.1,4124.5,4119.6,4132.9,39.4,17.9,62.1,71.1,53.7,No,No,No,0.781,0.059,5.0,48,95.0,100.0,No,No,91293,99096,35,99.0,No,No,3320,0.1,0.0,0.1,0.054,0.058,79684,49877,0.0,0.0,0.0,0.000,0.000,52,0,47.6,62.2,83.0,0.719,12.141,12.188,12.159,12.077,1133,41.218,16.241,21.825,6.203,34.933,22.777,12.125,0.336,21.825,19.630,2.253,20.500,220.000,240.000,960.0,1250.2,975.0,1183.0,1050.0,28.0,7.0,0.0,0.0,21.2,3.6,14.6,0.0,0.0,0.0,33,Yes,No,No,No,No,Yes,No,18.8,21.9,0,0,0,0,0,0,0,0,0,0,0,0,0,0,0,0,0,0,0,0,0,0,0,0,0,0,0,0,0,0,6459,1733,1567,172,8.0,239.7,254.4,221.9,209.7,215.5,207.4,31.3,95.0,26.6,26.6,26.6,26.6,4.17,4.54,3.89,3.65,4.63,4.78,0.40,0.14,4.07,0.10,0.97,0,0,0.0,0.0,13574,1180,4.9,2.7,0,
8.7.2026,15:13:23.536,17508,28485,38.0,12805,19877,39.1,0.5,13312,70,1.340,1.350,1.344,1.337,1.337,1.337,1.337,1.337,1.337,4117.6,4117.6,4117.6,4117.6,4117.6,4117.6,4117.6,4117.6,4117.6,99.8,802.3,2723.6,1053.4,1226.7,1300.4,1126.3,702.5,924.1,701.0,291.8,284.8,627.8,548.5,473.5,389.6,219.6,243.7,802.3,16.8,34.4,24.3,28.7,31.2,26.5,16.4,21.6,16.1,6.6,6.4,14.6,12.5,10.5,8.8,4.9,5.5,34.4,16.8,19.2,39.4,27.8,32.8,35.6,30.3,18.8,24.7,18.5,7.5,7.3,16.6,14.3,12.0,10.1,5.6,6.2,19.2,41.2,41.2,41.2,41.2,41.2,41.2,41.2,41.2,41.2,0.0,56.9,66.0,65.3,62.5,60.6,48.5,54.7,51.9,45.7,43.1,34.0,34.7,37.5,39.4,51.5,45.3,48.1,54.3,0.0,0.0,0.0,0.0,0.0,0.0,0.0,0.0,0.0,1197.8,12.00,16,16,16,39,55,661,1,66.6,65.7,67.5,63.3,65.0,64.7,64.5,63.6,62.2,62.7,62.1,61.7,60.3,60.5,60.1,53.0,49.9,1.375,1.025,1.369,9.722,10.673,9.729,50.958,33.183,3.086,4.094,4.081,3.444,3.182,2.320,2.855,2.556,2.161,13.246,10.979,24.225,33.217,1197.8,1197.8,4129.8,4131.6,4127.9,4147.5,37.7,16.2,56.6,69.1,53.4,No,No,No,0.629,0.059,4.6,48,95.0,100.0,No,No,91293,99096,35,99.0,No,No,3320,0.0,0.1,0.1,0.057,0.176,79684,49877,0.0,0.0,0.0,0.000,0.000,52,0,47.2,61.6,83.0,0.688,12.144,12.191,12.161,12.080,1131,38.866,14.795,19.027,5.242,33.480,22.892,10.570,0.336,19.027,20.026,2.009,15.346,220.000,240.000,825.0,1250.2,975.0,888.9,1050.0,33.0,7.0,0.0,0.0,21.0,4.3,17.2,0.0,0.0,0.0,33,Yes,No,No,No,No,Yes,No,17.8,23.4,0,0,0,0,0,0,0,0,0,0,0,0,0,0,0,0,0,0,0,0,0,0,0,0,0,0,0,0,0,0,6469,1723,1557,172,8.0,239.8,255.4,220.5,213.4,216.6,212.1,32.5,136.4,26.6,26.6,26.6,26.6,4.17,4.56,3.89,3.61,4.61,4.69,0.43,0.06,4.07,0.10,1.11,0,0,0.0,0.0,13574,1180,1.2,2.0,0,
8.7.2026,15:13:25.535,17510,28484,38.0,12804,19877,39.1,0.5,13312,70,1.341,1.325,1.344,1.344,1.344,1.344,1.344,1.344,1.344,4117.6,4117.6,4117.6,4117.6,4117.6,4117.6,4117.6,4117.6,4117.6,99.8,1215.4,3196.3,1662.4,1540.1,1933.3,1403.5,1215.6,1234.4,1164.5,754.2,653.8,1108.9,854.7,872.9,656.0,628.0,567.2,1215.4,26.8,44.3,39.4,36.6,46.4,33.2,28.8,29.2,27.6,17.9,15.4,26.2,20.1,20.2,15.3,14.8,13.3,46.4,26.8,30.4,50.5,44.9,41.5,52.7,37.7,32.7,33.1,31.4,20.2,17.4,29.7,22.8,22.9,17.3,16.7,15.0,30.4,41.2,41.2,41.2,41.2,41.2,41.2,41.2,41.2,41.2,0.0,68.5,77.7,77.2,72.7,71.7,61.5,66.6,62.7,58.2,31.5,22.3,22.8,27.3,28.3,38.5,33.4,37.3,41.8,0.0,0.0,0.0,0.0,0.0,0.0,0.0,0.0,0.0,1197.8,12.00,16,16,16,39,55,661,1,77.8,68.3,68.8,65.0,66.9,67.1,66.0,65.4,63.6,64.2,63.3,63.1,60.7,60.9,60.5,55.0,50.4,1.344,1.025,1.344,12.027,10.941,12.021,61.523,36.471,3.745,4.901,5.030,4.035,3.814,2.940,3.449,3.065,2.721,16.280,11.266,27.545,36.574,1197.8,1197.8,4115.9,4117.0,4114.8,4125.7,41.6,20.0,68.4,71.8,54.2,No,No,No,1.050,0.066,5.5,48,95.0,100.0,No,No,91293,99096,35,99.0,No,No,3320,0.0,0.0,0.0,0.008,0.040,79684,49877,0.0,0.0,0.0,0.000,0.000,52,0,47.3,62.2,83.0,0.688,12.139,12.186,12.157,12.074,1129,39.588,15.722,18.836,5.240,33.614,23.134,10.464,0.336,18.836,20.350,17.648,8.766,220.000,240.000,1050.0,1250.2,975.0,782.3,1050.0,39.0,9.0,0.0,0.0,20.6,4.8,19.1,0.0,0.0,0.0,33,Yes,No,No,No,No,Yes,No,17.8,21.5,0,0,0,0,0,0,0,0,0,0,0,0,0,0,0,0,0,0,0,0,0,0,0,0,0,0,0,0,0,0,6504,1688,1522,132,8.0,239.8,263.0,225.7,215.8,219.9,214.8,65.3,295.6,26.6,26.6,26.6,26.6,4.17,4.47,3.81,3.50,4.54,4.64,0.43,0.14,4.04,0.13,3.21,0,0,0.0,0.0,13574,1180,1.1,1.0,0,
8.7.2026,15:13:27.528,17518,28476,38.0,12801,19880,39.1,0.5,13312,70,1.341,1.350,1.344,1.344,1.344,1.337,1.337,1.337,1.337,4098.9,4092.6,4117.6,4117.6,4092.6,4092.6,4092.6,4092.6,4092.6,99.8,1535.8,3684.8,2038.2,2130.1,2231.3,1820.8,1638.8,1567.4,1359.8,994.4,851.3,1442.6,1105.4,1159.9,1017.8,746.0,783.6,1535.8,34.7,59.4,48.7,51.1,53.9,43.3,39.0,37.1,32.2,23.5,20.0,34.1,26.1,26.9,24.0,17.3,18.4,59.4,34.7,39.4,67.4,55.3,58.0,61.1,49.1,44.3,42.1,36.5,26.6,22.7,38.7,29.6,30.5,27.2,19.6,20.8,39.4,41.1,41.0,41.2,41.2,41.0,41.0,41.0,41.0,41.0,0.0,80.4,90.0,90.8,84.8,82.2,73.5,77.9,74.7,69.6,19.6,10.0,9.2,15.2,17.8,26.5,22.1,25.3,30.4,0.0,0.0,0.0,0.0,0.0,0.0,0.0,0.0,0.0,1197.8,12.00,16,16,16,39,55,661,1,75.2,72.1,71.0,67.2,70.3,70.4,68.9,67.2,65.5,65.8,65.1,64.5,61.8,62.0,61.5,55.2,50.9,1.350,1.025,1.350,14.777,11.222,14.767,72.355,40.390,4.443,6.013,6.147,4.968,4.347,3.453,3.951,3.589,3.075,19.886,11.564,31.450,40.532,1197.8,1197.8,4095.7,4096.4,4095.0,4098.0,46.1,24.6,80.4,75.9,55.8,No,No,No,1.408,0.075,6.4,48,95.0,100.0,No,No,91293,99096,35,99.0,No,No,3320,0.4,0.7,1.0,0.360,1.937,79685,49881,0.0,0.0,0.0,0.000,0.000,52,0,49.6,65.1,83.0,0.925,12.123,12.166,12.147,12.057,1129,60.993,23.754,42.236,13.456,48.199,24.668,23.464,0.336,42.236,19.643,4.046,19.256,220.000,240.000,1725.0,1750.2,1515.0,1622.7,1635.0,26.0,7.0,0.0,0.0,20.4,3.3,13.4,0.0,0.0,0.0,33,Yes,No,No,No,No,Yes,No,28.1,33.6,0,0,0,0,0,0,0,0,0,0,0,0,0,0,0,0,0,0,0,0,0,0,0,0,0,0,0,0,0,0,6524,1668,1502,110,8.0,239.7,262.5,226.3,213.2,219.9,210.1,71.4,1229.7,30.0,29.9,29.9,29.9,4.17,4.45,3.75,3.71,4.56,4.75,0.27,0.43,4.05,0.12,1.78,0,0,0.0,0.0,13574,1180,2.3,3.5,0,
8.7.2026,15:13:29.541,17510,28483,38.0,12801,19881,39.1,0.5,13312,70,1.364,1.356,1.381,1.363,1.363,1.363,1.363,1.363,1.363,4161.2,4117.6,4167.5,4167.5,4167.5,4167.5,4167.5,4167.5,4167.5,99.8,1047.1,3083.4,1264.7,1617.0,1531.0,1110.8,1291.0,983.4,1060.3,495.1,567.3,838.5,809.7,628.4,644.2,381.5,446.9,1047.1,22.9,47.0,29.5,38.4,36.2,26.0,30.6,23.0,24.9,11.4,13.2,19.5,18.9,14.0,14.9,8.7,10.3,47.0,22.9,26.1,53.6,33.7,43.7,41.3,29.6,34.9,26.2,28.4,13.0,15.0,22.2,21.5,16.0,17.0,9.9,11.7,26.1,41.7,41.2,41.8,41.8,41.8,41.8,41.8,41.8,41.8,0.0,65.1,75.0,74.0,70.3,68.2,57.4,62.8,59.4,53.6,34.9,25.0,26.0,29.7,31.8,42.6,37.2,40.6,46.4,0.0,0.0,0.0,0.0,0.0,0.0,0.0,0.0,0.0,1197.8,12.00,16,16,16,39,55,661,1,72.9,68.7,65.2,65.1,67.5,67.1,66.5,65.2,63.8,64.2,63.5,63.0,61.2,61.5,61.0,52.5,50.1,1.356,1.031,1.363,11.356,10.851,11.364,58.428,35.596,3.565,4.869,4.782,3.916,3.585,2.736,3.238,2.900,2.493,15.391,11.170,26.561,35.599,1197.8,1197.8,4112.6,4115.2,4109.9,4123.5,40.5,18.9,64.9,72.4,53.8,No,No,No,0.891,0.065,5.2,48,95.0,100.0,No,No,91293,99096,35,99.0,No,No,3320,0.0,0.0,0.0,0.008,0.049,79685,49881,0.0,0.0,0.0,0.000,0.000,52,0,48.3,63.1,83.0,0.719,12.142,12.189,12.160,12.078,1132,53.689,14.922,20.835,5.814,34.218,22.621,11.574,0.336,20.835,19.521,3.880,9.585,220.000,240.000,1155.0,1250.2,1005.0,1643.0,1095.0,28.0,7.0,0.0,0.0,21.1,2.9,11.8,0.0,0.0,0.0,33,Yes,No,No,No,No,Yes,No,18.3,20.2,0,0,0,0,0,0,0,0,0,0,0,0,0,0,0,0,0,0,0,0,0,0,0,0,0,0,0,0,0,0,6462,1730,1564,111,8.0,239.7,254.0,223.7,215.9,219.8,214.1,32.1,120.1,26.6,26.6,26.6,26.6,4.17,4.51,3.85,3.70,4.58,4.69,0.32,0.38,4.07,0.10,0.69,0,0,0.0,0.0,13574,1180,4.2,1.5,0,
8.7.2026,15:13:31.529,17481,28513,38.0,12789,19893,39.1,0.5,13312,70,1.332,1.337,1.331,1.331,1.331,1.331,1.331,1.331,1.331,4092.6,4092.6,4092.6,4092.6,4092.6,4092.6,4092.6,4092.6,4092.6,99.8,1016.5,2959.7,1389.7,1424.7,1624.0,961.2,1342.8,867.1,1103.0,495.8,514.8,736.5,840.3,620.4,614.5,352.2,416.6,1016.5,22.0,39.9,32.5,33.5,38.5,22.4,31.9,20.2,26.0,11.5,12.0,17.1,19.7,14.0,14.3,8.1,9.7,39.9,22.0,25.0,45.5,37.1,38.2,43.9,25.5,36.3,23.0,29.6,13.1,13.6,19.4,22.3,15.9,16.2,9.1,11.0,25.0,41.0,41.0,41.0,41.0,41.0,41.0,41.0,41.0,41.0,0.0,62.2,71.8,71.4,67.5,65.5,54.4,59.7,56.9,50.6,37.8,28.2,28.6,32.5,34.5,45.6,40.3,43.1,49.4,0.0,0.0,0.0,0.0,0.0,0.0,0.0,0.0,0.0,1197.8,12.00,16,16,16,39,55,661,1,70.8,67.1,66.2,64.3,66.3,65.9,65.6,64.5,63.2,63.6,63.0,62.5,60.7,60.9,60.4,53.5,50.3,1.350,1.031,1.350,10.934,10.811,10.936,55.826,34.887,3.411,4.537,4.497,3.781,3.444,2.656,3.136,2.836,2.397,14.857,11.126,25.983,34.993,1197.8,1197.8,4121.5,4124.8,4118.3,4135.2,39.8,18.2,62.0,70.6,54.2,No,No,No,0.788,0.061,5.0,48,95.0,100.0,No,No,91293,99096,35,99.0,No,No,3320,0.0,0.1,0.1,0.031,0.077,79685,49881,0.0,0.0,0.0,0.000,0.000,52,0,47.4,62.1,83.0,0.688,12.146,12.194,12.163,12.082,1131,39.224,14.174,19.231,5.292,33.387,22.677,10.684,0.336,19.231,19.776,2.074,9.055,220.000,240.000,945.0,1250.2,975.0,1037.2,1050.0,33.0,8.0,0.0,0.0,21.0,3.9,15.6,0.0,0.0,0.0,33,Yes,No,No,No,No,Yes,No,17.7,19.0,0,0,0,0,0,0,0,0,0,0,0,0,0,0,0,0,0,0,0,0,0,0,0,0,0,0,0,0,0,0,6471,1721,1555,112,8.0,239.7,260.5,221.7,209.0,212.9,208.7,33.6,109.7,26.6,26.5,26.5,26.5,4.17,4.51,3.82,3.58,4.70,4.80,0.42,0.06,4.07,0.10,1.10,0,0,0.0,0.0,13574,1180,3.7,3.1,0,
8.7.2026,15:13:33.534,17478,28515,38.0,12784,19898,39.1,0.5,13312,70,1.348,1.337,1.350,1.350,1.350,1.350,1.350,1.350,1.350,3846.2,4117.6,4092.6,4092.6,4092.6,3593.5,3593.5,3593.5,3593.5,99.8,959.3,2969.9,1396.3,1469.5,1407.9,945.5,1115.8,729.8,1035.5,428.9,480.9,773.1,781.3,535.9,519.7,337.3,421.3,959.3,20.4,37.7,32.8,34.6,33.1,21.9,26.2,16.9,24.4,9.8,11.1,18.0,18.2,12.0,11.9,7.7,9.8,37.7,20.4,23.2,43.0,37.4,39.4,37.8,25.0,29.9,19.3,27.8,11.2,12.6,20.5,20.8,13.6,13.6,8.7,11.1,23.2,38.5,41.2,41.0,41.0,41.0,36.0,36.0,36.0,36.0,0.0,61.7,72.1,70.4,66.2,64.6,53.8,60.2,55.4,51.0,38.3,27.9,29.6,33.8,35.4,46.2,39.8,44.6,49.0,0.0,0.0,0.0,0.0,0.0,0.0,0.0,0.0,0.0,1197.8,12.00,16,16,16,39,55,661,1,69.5,67.5,75.8,64.2,66.2,65.9,65.2,64.2,63.1,63.8,62.7,62.7,60.7,60.9,60.4,54.0,50.4,1.300,1.044,1.312,10.662,10.749,10.655,55.404,34.412,3.376,4.563,4.521,3.646,3.309,2.611,3.181,2.696,2.479,14.469,11.062,25.531,34.521,1197.8,1197.8,4118.5,4120.2,4116.8,4129.5,39.2,17.8,61.6,71.1,53.4,No,No,No,0.710,0.060,4.9,48,95.0,100.0,No,No,91293,99096,35,99.0,No,No,3320,0.0,0.0,0.1,0.045,0.223,79685,49882,0.0,0.0,0.0,0.000,0.000,52,0,47.5,61.9,83.0,0.688,12.147,12.195,12.164,12.083,1131,39.093,15.156,19.073,5.366,33.597,22.981,10.596,0.336,19.073,20.214,2.060,18.265,220.000,240.000,810.0,1250.2,975.0,873.9,1050.0,34.0,8.0,0.0,0.0,21.0,4.3,17.3,0.0,0.0,0.0,33,Yes,No,No,No,No,Yes,No,17.9,20.6,0,0,0,0,0,0,0,0,0,0,0,0,0,0,0,0,0,0,0,0,0,0,0,0,0,0,0,0,0,0,6470,1722,1556,111,8.0,239.8,264.7,215.7,198.9,206.3,195.3,30.4,64.2,26.6,26.6,26.6,26.6,4.17,4.57,3.76,3.37,4.83,5.19,0.42,0.11,4.07,0.10,0.55,0,0,0.0,0.0,13574,1180,3.4,1.6,0,
8.7.2026,15:13:35.534,17457,28537,37.9,12780,19902,39.1,0.5,13312,70,1.347,1.344,1.344,1.344,1.344,1.350,1.350,1.350,1.350,4123.8,4117.6,4142.5,4142.5,4117.6,4117.6,4117.6,4117.6,4117.6,99.8,948.3,3027.2,1432.7,1600.9,1275.3,894.7,1199.6,741.3,1042.5,363.3,439.9,696.6,753.3,517.2,553.1,304.0,330.7,948.3,20.1,38.6,33.8,37.8,29.9,20.7,28.3,17.1,24.5,8.3,10.1,16.1,17.5,11.5,12.8,6.9,7.6,38.6,20.1,22.9,44.1,38.5,43.2,34.1,23.6,32.3,19.5,28.0,9.4,11.5,18.3,19.9,13.1,14.6,7.8,8.6,22.9,41.3,41.2,41.5,41.5,41.2,41.2,41.2,41.2,41.2,0.0,61.8,73.5,71.3,66.5,64.4,53.2,59.5,56.0,50.2,38.2,26.5,28.7,33.5,35.6,46.8,40.5,44.0,49.8,0.0,0.0,0.0,0.0,0.0,0.0,0.0,0.0,0.0,1197.8,12.00,16,16,16,39,55,661,1,68.4,69.0,65.2,64.6,66.9,66.3,65.8,64.6,63.3,64.1,63.1,62.9,60.7,61.0,60.5,52.8,50.0,1.356,1.025,1.363,11.097,10.764,11.105,55.553,35.157,3.483,4.829,4.716,3.759,3.392,2.619,3.260,2.814,2.475,15.095,11.079,26.174,35.186,1197.8,1197.8,4121.5,4123.9,4119.1,4129.2,40.0,18.5,61.7,72.6,54.0,No,No,No,0.764,0.064,4.9,48,95.0,100.0,No,No,91293,99096,35,99.0,No,No,3320,0.0,0.1,0.1,0.032,0.166,79685,49882,0.0,0.0,0.0,0.000,0.000,52,0,49.9,65.2,83.0,0.925,12.130,12.175,12.151,12.063,1132,50.118,22.795,40.588,12.662,46.783,24.162,22.548,0.336,40.588,19.068,3.992,17.227,220.000,240.000,1725.0,1750.2,1515.0,1104.8,1635.0,18.0,5.0,0.0,0.0,20.8,4.0,15.8,0.0,0.0,0.0,33,Yes,No,No,No,No,Yes,No,27.1,33.0,0,0,0,0,0,0,0,0,0,0,0,0,0,0,0,0,0,0,0,0,0,0,0,0,0,0,0,0,0,0,6487,1705,1539,111,8.0,239.8,257.9,223.4,216.5,219.2,215.6,32.5,245.0,26.6,26.6,26.6,26.6,4.17,4.54,3.79,3.66,4.60,4.66,0.25,0.47,4.07,0.10,1.05,0,0,0.0,0.0,13574,1180,1.8,0.9,0,
8.7.2026,15:13:37.537,17458,28536,37.9,12786,19895,39.1,0.5,13312,70,1.349,1.344,1.350,1.350,1.350,1.350,1.350,1.350,1.350,4014.6,4117.6,4117.6,4117.6,4117.6,4117.6,4117.6,4117.6,3294.1,99.8,1083.9,3090.8,1519.4,1600.8,1656.6,1057.6,1333.9,881.6,1156.0,481.3,629.3,809.2,848.8,625.9,692.8,371.1,586.6,1083.9,23.4,42.0,35.6,37.7,39.2,24.6,31.5,20.5,27.2,11.1,14.7,18.8,19.7,14.1,16.1,8.4,13.8,42.0,23.4,26.7,47.9,40.6,42.9,44.7,28.0,35.9,23.3,31.0,12.5,16.7,21.4,22.5,16.0,18.3,9.5,15.6,26.7,40.2,41.2,41.2,41.2,41.2,41.2,41.2,41.2,33.0,0.0,66.2,75.1,75.6,71.0,68.5,58.8,63.3,60.6,56.6,33.8,24.9,24.4,29.0,31.5,41.2,36.7,39.4,43.4,0.0,0.0,0.0,0.0,0.0,0.0,0.0,0.0,0.0,1197.8,12.00,16,16,16,39,55,661,1,68.0,67.8,65.0,64.6,66.8,66.6,65.9,64.8,63.4,63.7,63.2,62.7,60.7,61.0,60.5,53.0,50.5,1.362,1.025,1.369,11.491,10.887,11.492,59.490,35.739,3.587,4.835,4.884,3.970,3.577,2.724,3.219,2.919,2.569,15.593,11.207,26.801,35.826,1197.8,1197.8,4119.7,4120.9,4118.4,4124.8,40.7,19.2,66.1,71.4,54.1,No,No,No,0.923,0.062,5.3,48,95.0,100.0,No,No,91293,99096,35,99.0,No,No,3320,0.3,0.0,0.4,0.802,0.059,79687,49882,0.0,0.0,0.0,0.000,0.000,52,0,49.8,65.2,83.0,0.925,12.128,12.174,12.151,12.060,1127,60.050,24.985,41.101,12.856,47.085,24.193,22.834,0.336,41.101,19.063,4.230,37.046,220.000,240.000,1725.0,1750.2,1515.0,1723.4,1635.0,21.0,5.0,0.0,0.0,20.5,2.7,10.7,0.0,0.0,0.0,33,Yes,No,No,No,No,Yes,No,27.3,25.7,0,0,0,0,0,0,0,0,0,0,0,0,0,0,0,0,0,0,0,0,0,0,0,0,0,0,0,0,0,0,6511,1681,1515,107,8.0,239.8,257.4,224.9,218.4,220.7,218.1,34.4,128.7,26.6,26.6,26.6,26.6,4.17,4.48,3.86,3.68,4.54,4.59,0.26,0.40,4.06,0.11,1.60,0,0,0.0,0.0,13574,1180,1.7,4.7,0,
8.7.2026,15:13:39.530,17421,28573,37.8,12789,19893,39.1,0.5,13312,70,1.337,1.344,1.337,1.337,1.337,1.337,1.337,1.337,1.325,4098.9,4092.6,4092.6,4092.6,4092.6,4092.6,4092.6,4117.6,4117.6,99.8,1195.9,3206.8,1703.5,2093.6,1562.0,1204.7,1473.8,1055.3,1313.9,548.3,620.1,869.7,1004.2,732.0,761.6,447.4,538.4,1195.9,26.1,43.7,40.1,50.0,36.9,28.2,34.7,24.7,30.9,12.7,14.4,20.2,23.5,16.6,17.7,10.3,12.5,50.0,26.1,29.6,49.8,45.7,56.9,42.0,32.0,39.5,28.1,35.2,14.4,16.3,23.0,26.7,18.8,20.1,11.7,14.2,29.6,41.1,41.0,41.0,41.0,41.0,41.0,41.0,41.2,41.2,0.0,68.7,77.9,80.4,73.4,71.8,60.4,65.6,63.0,57.3,31.3,22.1,19.6,26.6,28.2,39.6,34.4,37.0,42.7,0.0,0.0,0.0,0.0,0.0,0.0,0.0,0.0,0.0,1197.8,12.00,16,16,16,39,55,661,1,75.6,69.2,71.0,65.2,67.1,68.2,66.4,65.6,63.6,64.2,63.5,63.0,60.9,61.2,60.6,52.8,50.8,1.350,1.031,1.350,12.255,10.895,12.239,61.791,36.696,3.783,4.883,5.591,4.133,3.814,2.790,3.386,3.054,2.613,16.585,11.217,27.802,36.807,1197.8,1197.8,4115.2,4115.8,4114.5,4119.5,41.8,20.4,68.7,72.8,54.6,No,No,No,0.911,0.066,5.5,48,95.0,100.0,No,No,91293,99096,35,99.0,No,No,3320,0.3,0.1,0.4,0.654,0.130,79688,49882,0.0,0.0,0.0,0.000,0.000,52,0,49.3,64.2,83.0,0.925,12.133,12.179,12.155,12.066,1129,39.738,24.508,40.353,12.642,46.724,24.240,22.418,0.336,40.353,19.234,4.085,34.695,220.000,240.000,1725.0,1750.2,1515.0,1024.5,1635.0,31.0,6.0,0.0,0.0,20.1,3.6,14.4,0.0,0.0,0.0,33,Yes,No,No,No,No,Yes,No,27.1,25.6,0,0,0,0,0,0,0,0,0,0,0,0,0,0,0,0,0,0,0,0,0,0,0,0,0,0,0,0,0,0,6545,1647,1481,107,8.0,239.8,255.6,221.4,214.7,216.7,214.6,37.9,602.9,24.8,24.0,24.0,24.0,4.17,4.56,3.89,3.63,4.63,4.65,0.38,0.26,4.06,0.11,2.46,0,0,0.0,0.0,13574,1180,1.6,0.6,0,
8.7.2026,15:13:41.533,17378,28616,37.7,12782,19900,39.1,0.5,13312,70,1.354,1.356,1.356,1.356,1.356,1.356,1.350,1.350,1.350,4142.5,4142.5,4142.5,4142.5,4142.5,4142.5,4142.5,4142.5,4142.5,99.8,1024.1,3089.0,1531.7,1425.2,1626.1,930.9,1343.7,874.0,1121.4,431.9,462.1,679.7,846.0,580.1,649.9,332.8,461.1,1024.1,21.8,40.1,35.8,33.3,38.3,21.5,31.6,20.3,26.2,9.9,10.6,15.6,19.7,12.9,15.1,7.5,10.7,40.1,21.8,24.8,45.7,40.8,37.9,43.6,24.4,35.9,23.1,29.8,11.2,12.0,17.7,22.3,14.7,17.1,8.5,12.1,24.8,41.5,41.5,41.5,41.5,41.5,41.5,41.5,41.5,41.5,0.0,65.1,75.0,73.0,70.0,68.7,57.0,62.6,60.0,55.0,34.9,25.0,27.0,30.0,31.3,43.0,37.4,40.0,45.0,0.0,0.0,0.0,0.0,0.0,0.0,0.0,0.0,0.0,1197.8,12.00,16,16,16,39,55,661,1,73.0,67.6,68.5,64.5,66.8,66.1,66.0,64.8,63.1,63.6,63.1,62.6,60.9,61.2,60.6,52.5,49.7,1.362,1.031,1.356,11.112,10.834,11.125,58.537,35.250,3.486,4.800,4.647,3.899,3.554,2.582,3.137,2.853,2.418,15.073,11.152,26.225,35.261,1197.8,1197.8,4118.4,4120.7,4116.2,4125.9,40.1,18.5,65.0,71.2,53.8,No,No,No,0.782,0.062,5.2,48,95.0,100.0,No,No,91293,99096,35,99.0,No,No,3320,0.0,0.0,0.1,0.073,0.071,79688,49883,0.0,0.0,0.0,0.000,0.000,52,0,50.1,65.7,83.0,0.925,12.129,12.173,12.152,12.061,1132,59.620,25.147,42.034,13.305,47.464,24.050,23.351,0.336,42.034,18.965,4.040,35.895,220.000,240.000,1725.0,1750.2,1515.0,1723.4,1635.0,20.0,5.0,0.0,1.0,20.1,2.6,10.4,0.0,0.0,0.0,33,Yes,No,No,No,No,Yes,No,27.7,33.3,0,0,0,0,0,0,0,0,0,0,0,0,0,0,0,0,0,0,0,0,0,0,0,0,0,0,0,0,0,0,6544,1648,1482,107,8.0,239.8,256.9,226.3,217.3,221.7,215.5,39.4,291.7,25.5,24.9,24.9,24.9,4.17,4.47,3.89,3.85,4.55,4.63,0.26,0.45,4.06,0.11,4.70,0,0,0.0,0.0,13574,1180,0.4,0.9,0,
8.7.2026,15:13:43.527,17378,28616,37.7,12782,19900,39.1,0.5,13312,70,1.357,1.363,1.356,1.356,1.356,1.356,1.356,1.356,1.356,4142.5,4142.5,4142.5,4142.5,4142.5,4142.5,4142.5,4142.5,4142.5,99.8,1002.2,3069.1,1491.0,1476.3,1540.5,975.0,1314.6,816.2,1122.5,400.8,472.8,705.0,823.6,567.5,580.1,300.5,379.2,1002.2,21.2,39.7,34.7,34.4,36.1,22.4,30.7,18.8,26.1,9.1,10.8,16.2,19.0,12.6,13.2,6.7,8.6,39.7,21.2,24.2,45.3,39.7,39.3,41.2,25.7,35.1,21.4,29.8,10.3,12.3,18.4,21.6,14.3,15.1,7.7,9.8,24.2,41.5,41.5,41.5,41.5,41.5,41.5,41.5,41.5,41.5,0.0,64.4,74.5,72.2,69.7,67.9,56.7,61.9,59.0,53.2,35.6,25.5,27.8,30.3,32.1,43.3,38.1,41.0,46.8,0.0,0.0,0.0,0.0,0.0,0.0,0.0,0.0,0.0,1197.8,12.00,16,16,16,39,55,661,1,70.8,67.2,70.0,64.2,66.5,65.7,65.6,64.4,63.0,63.5,62.8,62.3,60.7,61.0,60.4,53.0,49.9,1.369,1.031,1.369,10.969,10.804,10.961,57.778,34.915,3.444,4.742,4.543,3.875,3.488,2.592,3.148,2.796,2.371,14.888,11.120,26.007,35.004,1197.8,1197.8,4120.1,4122.5,4117.8,4132.1,39.8,18.3,64.2,70.8,53.9,No,No,No,0.763,0.060,5.2,48,95.0,100.0,No,No,91293,99096,35,99.0,No,No,3320,0.2,0.0,0.2,0.186,0.079,79689,49883,0.0,0.0,0.0,0.000,0.000,52,0,48.0,62.7,83.0,0.688,12.149,12.196,12.166,12.084,1133,39.775,14.764,19.721,5.476,33.858,22.875,10.955,0.336,19.721,19.936,2.197,12.569,220.000,240.000,945.0,1250.2,975.0,1046.2,1050.0,32.0,8.0,0.0,0.0,20.1,3.7,14.7,0.0,0.0,0.0,33,Yes,No,No,No,No,Yes,No,18.0,19.0,0,0,0,0,0,0,0,0,0,0,0,0,0,0,0,0,0,0,0,0,0,0,0,0,0,0,0,0,0,0,6544,1648,1482,107,8.0,239.9,255.5,217.5,216.4,216.8,216.4,40.9,256.9,26.6,26.6,26.6,26.6,4.17,4.60,3.76,3.57,4.76,4.96,0.42,0.09,4.06,0.11,1.80,0,0,0.0,0.0,13574,1180,0.8,1.4,0,
8.7.2026,15:13:45.534,17370,28623,37.7,12776,19905,39.0,0.5,13312,70,1.374,1.350,1.369,1.369,1.381,1.381,1.381,1.381,1.381,4161.2,4117.6,4167.5,4167.5,4167.5,4167.5,4167.5,4167.5,4167.5,99.8,968.2,2965.4,1364.4,1610.7,1388.8,1057.3,1102.1,958.8,924.4,384.0,401.7,826.5,658.0,580.5,493.2,281.7,493.0,968.2,20.6,37.6,31.9,38.1,32.6,24.7,25.8,22.4,21.6,8.8,9.2,19.3,15.2,13.1,11.3,6.4,11.6,38.1,20.6,23.4,42.9,36.4,43.4,37.1,28.1,29.4,25.6,24.6,10.0,10.4,21.9,17.2,14.8,12.8,7.2,13.1,23.4,41.7,41.2,41.8,41.8,41.8,41.8,41.8,41.8,41.8,0.0,62.7,71.9,72.0,67.7,65.9,54.0,60.4,57.0,52.8,37.3,28.1,28.0,32.3,34.1,46.0,39.6,43.0,47.2,0.0,0.0,0.0,0.0,0.0,0.0,0.0,0.0,0.0,1197.8,12.00,16,16,16,39,55,661,1,68.8,66.9,66.0,64.0,65.9,65.9,65.2,64.2,62.8,63.3,62.7,62.3,60.6,60.8,60.3,53.2,50.0,1.362,1.025,1.363,10.672,10.813,10.677,56.292,34.603,3.345,4.444,4.549,3.683,3.389,2.493,3.059,2.741,2.399,14.506,11.127,25.633,34.643,1197.8,1197.8,4122.6,4125.6,4119.7,4133.8,39.4,17.8,62.5,70.4,54.0,No,No,No,0.766,0.055,5.0,48,95.0,100.0,No,No,91293,99096,35,99.0,No,No,3320,0.1,0.0,0.2,0.084,0.225,79689,49883,0.0,0.0,0.0,0.000,0.000,52,0,47.6,62.0,83.0,0.688,12.148,12.196,12.165,12.084,1129,39.003,14.200,19.162,5.183,33.673,23.008,10.645,0.336,19.162,20.024,2.117,8.688,220.000,240.000,810.0,1250.2,975.0,888.9,1050.0,32.0,7.0,0.0,0.0,20.1,4.2,16.8,0.0,0.0,0.0,33,Yes,No,No,No,No,Yes,No,17.8,20.0,0,0,0,0,0,0,0,0,0,0,0,0,0,0,0,0,0,0,0,0,0,0,0,0,0,0,0,0,0,0,6544,1648,1482,107,8.0,239.8,260.3,220.1,211.2,215.7,209.2,32.5,178.2,26.6,26.6,26.6,26.6,4.17,4.58,3.84,3.78,4.63,4.67,0.42,0.06,4.07,0.10,1.81,0,0,0.0,0.0,13574,1180,3.5,0.6,0,
8.7.2026,15:13:47.531,17407,28587,37.8,12775,19907,39.0,0.5,13312,70,1.348,1.337,1.350,1.350,1.350,1.350,1.350,1.350,1.350,4120.7,4142.5,4117.6,4117.6,4117.6,4117.6,4117.6,4117.6,4117.6,99.8,924.8,2865.1,1305.9,1366.9,1416.1,1125.4,874.5,1128.4,760.2,438.3,378.0,859.9,600.9,602.7,491.4,264.7,318.7,924.8,19.5,35.2,30.5,32.2,33.2,26.4,20.3,26.7,17.6,10.1,8.6,20.2,13.7,13.6,11.2,5.9,7.2,35.2,19.5,22.3,40.1,34.8,36.7,37.9,30.2,23.2,30.4,20.1,11.5,9.8,22.9,15.7,15.4,12.8,6.8,8.2,22.3,41.3,41.5,41.2,41.2,41.2,41.2,41.2,41.2,41.2,0.0,60.2,69.5,68.2,65.0,64.3,52.1,58.3,55.2,48.8,39.8,30.5,31.8,35.0,35.7,47.9,41.7,44.8,51.2,0.0,0.0,0.0,0.0,0.0,0.0,0.0,0.0,0.0,1197.8,12.00,16,16,16,39,55,661,1,67.1,66.5,69.2,63.6,65.4,65.3,64.7,64.1,62.5,63.0,62.5,61.8,60.4,60.6,60.1,54.0,50.1,1.356,1.025,1.363,10.264,10.745,10.262,53.911,33.897,3.245,4.281,4.339,3.531,3.375,2.476,3.000,2.725,2.237,13.943,11.053,24.996,33.989,1197.8,1197.8,4121.8,4124.2,4119.5,4139.6,38.6,17.1,59.9,70.0,53.5,No,No,No,0.720,0.062,4.8,48,95.0,100.0,No,No,91293,99096,35,99.0,No,No,3320,0.0,0.0,0.1,0.024,0.098,79689,49883,0.0,0.0,0.0,0.000,0.000,52,0,47.7,62.4,83.0,0.688,12.144,12.191,12.161,12.080,1129,39.188,15.121,18.443,4.876,33.273,23.012,10.246,0.336,18.443,20.038,13.066,9.472,220.000,240.000,735.0,1250.2,975.0,773.3,1050.0,35.0,7.0,0.0,0.0,20.6,4.8,19.0,0.0,0.0,0.0,33,Yes,No,No,No,No,Yes,No,17.5,23.5,0,0,0,0,0,0,0,0,0,0,0,0,0,0,0,0,0,0,0,0,0,0,0,0,0,0,0,0,0,0,6507,1685,1519,108,8.0,239.8,260.6,221.3,215.0,216.9,214.5,32.5,103.5,26.6,26.6,26.6,26.6,4.17,4.57,3.86,3.46,4.62,4.65,0.44,0.04,4.07,0.10,0.76,0,0,0.0,0.0,13574,1180,6.4,7.2,0,
8.7.2026,15:13:49.534,17399,28594,37.8,12767,19915,39.0,0.5,13312,70,1.346,1.363,1.344,1.344,1.344,1.344,1.344,1.344,1.344,4089.5,4117.6,4092.6,4092.6,4092.6,4092.6,4092.6,4092.6,4042.7,99.8,918.2,2867.8,1302.6,1296.8,1423.5,1195.0,774.7,1000.2,777.0,488.6,358.7,763.7,590.0,607.7,461.0,330.1,453.7,918.2,19.4,35.7,30.4,30.5,33.4,28.2,17.9,23.5,18.0,11.3,8.2,17.8,13.4,13.7,10.6,7.5,10.6,35.7,19.4,22.2,40.8,34.7,34.8,38.1,32.2,20.4,26.8,20.6,12.9,9.3,20.3,15.4,15.6,12.0,8.5,12.0,22.2,41.0,41.2,41.0,41.0,41.0,41.0,41.0,41.0,40.5,0.0,60.0,69.5,68.3,64.6,63.3,52.0,56.9,54.7,50.3,40.0,30.5,31.7,35.4,36.7,48.0,43.1,45.3,49.7,0.0,0.0,0.0,0.0,0.0,0.0,0.0,0.0,0.0,1197.8,12.00,16,16,16,39,55,661,1,76.4,67.1,75.2,63.8,65.5,65.3,64.9,64.2,62.8,63.0,62.6,62.3,60.2,60.4,60.0,53.8,50.0,1.344,1.025,1.337,10.552,10.708,10.545,53.779,34.242,3.326,4.424,4.325,3.587,3.415,2.616,3.001,2.779,2.457,14.364,11.018,25.383,34.362,1197.8,1197.8,4123.4,4126.5,4120.3,4138.0,39.0,17.6,59.8,70.6,53.8,No,No,No,0.680,0.062,4.8,49,95.0,100.0,No,No,91293,99096,35,99.0,No,No,3320,0.3,0.1,0.3,0.258,0.094,79689,49883,0.0,0.0,0.0,0.000,0.000,52,0,47.5,61.9,83.0,0.688,12.145,12.194,12.162,12.080,1130,38.925,13.765,18.132,4.658,32.935,22.844,10.073,0.336,18.132,19.797,2.160,8.588,220.000,240.000,705.0,1250.2,975.0,715.5,1050.0,37.0,7.0,0.0,0.0,20.5,5.1,20.3,0.0,0.0,0.0,33,Yes,No,No,No,No,Yes,No,17.2,23.7,0,0,0,0,0,0,0,0,0,0,0,0,0,0,0,0,0,0,0,0,0,0,0,0,0,0,0,0,0,0,6510,1682,1516,107,8.0,239.8,264.1,225.3,215.6,219.4,214.8,31.1,136.2,26.6,26.6,26.6,26.6,4.17,4.49,3.78,3.61,4.60,4.72,0.46,0.07,4.07,0.10,0.33,0,0,0.0,0.0,13574,1180,9.9,6.0,0,
8.7.2026,15:13:51.544,17392,28601,37.8,12768,19914,39.0,0.5,13312,70,1.356,1.356,1.356,1.356,1.356,1.356,1.356,1.356,1.356,4117.6,4117.6,4117.6,4117.6,4117.6,4117.6,4117.6,4117.6,4117.6,99.8,884.7,2860.9,1320.0,1286.4,1369.9,1156.9,763.2,992.7,704.1,441.4,366.5,709.1,612.4,556.5,436.0,301.0,277.8,884.7,18.5,34.3,30.8,30.3,32.1,27.2,17.6,23.4,16.3,10.2,8.4,16.4,14.2,12.5,10.0,6.8,6.3,34.3,18.5,21.2,39.2,35.3,34.5,36.6,31.1,20.2,26.7,18.6,11.6,9.5,18.7,16.1,14.2,11.4,7.8,7.1,21.2,41.2,41.2,41.2,41.2,41.2,41.2,41.2,41.2,41.2,0.0,58.7,69.3,67.3,63.6,62.4,50.3,56.3,53.1,46.8,41.3,30.7,32.7,36.4,37.6,49.7,43.7,46.9,53.2,0.0,0.0,0.0,0.0,0.0,0.0,0.0,0.0,0.0,1197.8,12.00,16,16,16,39,55,661,1,73.6,67.4,67.8,63.8,65.9,65.1,64.9,64.1,62.9,63.2,62.6,62.1,60.3,60.5,60.1,53.8,50.1,1.356,1.031,1.356,10.236,10.648,10.248,52.680,33.868,3.281,4.462,4.234,3.526,3.346,2.581,3.068,2.716,2.311,13.935,10.957,24.893,33.899,1197.8,1197.8,4126.8,4129.4,4124.1,4136.1,38.5,17.1,58.5,70.9,52.9,No,No,No,0.713,0.061,4.7,48,95.0,100.0,No,No,91293,99096,35,99.0,No,No,3320,0.0,0.1,0.1,0.012,0.198,79689,49884,0.0,0.0,0.0,0.000,0.000,52,0,47.5,62.2,83.0,0.688,12.144,12.191,12.161,12.080,1130,38.830,15.191,18.894,5.169,33.674,23.157,10.497,0.336,18.894,20.281,2.096,18.911,220.000,240.000,675.0,1250.2,975.0,690.0,1050.0,39.0,8.0,0.0,0.0,20.5,5.2,20.8,0.0,0.0,0.0,33,Yes,No,No,No,No,Yes,No,17.8,19.1,0,0,0,0,0,0,0,0,0,0,0,0,0,0,0,0,0,0,0,0,0,0,0,0,0,0,0,0,0,0,6510,1682,1516,107,8.0,239.8,265.7,214.6,206.6,210.0,205.1,30.2,61.9,24.7,24.0,24.0,24.0,4.17,4.60,3.73,3.64,4.79,5.06,0.44,0.07,4.07,0.10,1.11,0,0,0.0,0.0,13574,1180,3.6,2.5,0,
8.7.2026,15:13:53.534,17448,28545,37.9,12779,19903,39.1,0.5,13312,70,1.328,1.350,1.325,1.325,1.325,1.325,1.325,1.325,1.325,4098.9,4117.6,4092.6,4092.6,4092.6,4092.6,4092.6,4092.6,4117.6,99.8,1168.0,3085.8,1600.0,1616.1,1614.4,1493.1,1098.8,1233.5,1040.0,690.5,580.6,1059.0,863.3,867.7,662.3,637.7,545.2,1168.0,25.7,41.9,37.8,38.4,38.2,35.6,25.9,29.3,24.5,16.3,13.7,25.1,20.3,20.1,15.5,15.1,12.9,41.9,25.7,29.1,47.7,43.0,43.7,43.4,40.4,29.4,33.2,27.8,18.4,15.4,28.4,23.0,22.8,17.5,17.1,14.5,29.1,41.1,41.2,41.0,41.0,41.0,41.0,41.0,41.0,41.2,0.0,65.5,74.9,73.0,70.8,68.9,57.5,63.3,60.6,55.4,34.5,25.1,27.0,29.2,31.1,42.5,36.7,39.4,44.6,0.0,0.0,0.0,0.0,0.0,0.0,0.0,0.0,0.0,1197.8,12.00,16,16,16,39,55,661,1,71.5,67.1,67.2,64.4,66.2,66.0,65.7,64.7,63.2,63.9,63.0,62.7,60.4,60.7,60.2,54.0,49.9,1.350,1.031,1.356,11.603,10.861,11.597,58.744,35.841,3.614,4.633,4.749,4.008,3.653,2.815,3.357,3.038,2.662,15.737,11.181,26.918,35.930,1197.8,1197.8,4120.5,4122.9,4118.0,4136.0,40.8,19.3,65.3,70.7,54.2,No,No,No,0.905,0.066,5.2,48,95.0,100.0,No,No,91293,99096,35,99.0,No,No,3320,0.5,0.0,0.5,0.682,0.049,79691,49884,0.0,0.0,0.0,0.000,0.000,52,0,47.4,61.9,83.0,0.688,12.140,12.188,12.158,12.075,1130,38.858,14.787,18.954,5.192,33.652,23.112,10.530,0.336,18.954,20.227,2.112,14.804,220.000,240.000,690.0,1250.2,975.0,690.0,1050.0,40.0,8.0,0.0,0.0,21.0,5.4,21.4,0.0,0.0,0.0,33,Yes,No,No,No,No,Yes,No,17.8,20.4,0,0,0,0,0,0,0,0,0,0,0,0,0,0,0,0,0,0,0,0,0,0,0,0,0,0,0,0,0,0,6475,1717,1551,112,8.0,239.8,257.5,224.8,214.3,218.8,212.7,44.6,1568.9,26.6,26.6,26.6,26.6,4.17,4.48,3.86,3.80,4.57,4.62,0.45,0.09,4.05,0.12,2.08,0,0,0.0,0.0,13575,1180,30.9,12.4,0,
8.7.2026,15:13:55.536,17457,28536,37.9,12793,19888,39.1,0.5,13312,70,1.337,1.331,1.325,1.325,1.344,1.344,1.344,1.344,1.344,4098.9,4117.6,4117.6,4092.6,4092.6,4092.6,4092.6,4092.6,4092.6,99.8,1319.7,3394.6,1780.0,2667.7,1454.7,1768.4,1328.0,1495.7,1042.6,779.7,544.5,1270.0,843.9,1008.1,677.5,601.8,458.2,1319.7,29.3,48.9,41.8,64.7,34.4,42.0,31.5,36.0,24.1,18.8,12.5,30.5,19.6,23.7,15.5,14.6,10.4,64.7,29.3,33.1,55.6,47.5,73.3,39.1,47.8,35.3,40.3,27.5,20.7,14.2,34.1,22.2,26.3,17.7,15.8,11.8,33.1,41.1,41.2,41.2,41.0,41.0,41.0,41.0,41.0,41.0,0.0,75.9,82.7,90.5,81.7,78.3,67.3,73.2,69.8,64.0,24.1,17.3,9.5,18.3,21.7,32.7,26.8,30.2,36.0,0.0,0.0,0.0,0.0,0.0,0.0,0.0,0.0,0.0,1197.8,12.00,16,16,16,39,55,661,1,71.1,70.5,71.8,66.1,67.9,69.7,67.9,66.6,64.2,65.0,64.1,63.5,61.2,61.5,60.9,54.0,50.1,1.344,1.025,1.350,13.334,10.913,13.336,68.324,38.178,4.128,5.232,6.082,4.791,4.154,3.026,3.725,3.295,2.724,17.994,11.241,29.235,38.280,1197.8,1197.8,4105.8,4106.0,4105.5,4107.2,43.5,22.2,75.9,74.2,54.3,No,No,No,0.930,0.114,6.1,49,95.0,100.0,No,No,91293,99096,35,99.0,No,No,3320,0.2,1.2,1.3,0.218,10.391,79691,49904,0.0,0.0,0.0,0.000,0.000,52,0,50.2,65.9,83.0,0.869,12.123,12.167,12.147,12.056,1130,62.357,27.926,44.737,15.258,50.459,25.523,24.853,0.336,44.737,21.182,3.657,48.515,220.000,240.000,1620.0,1750.2,1410.0,1351.9,1530.0,38.0,9.0,0.0,1.0,20.9,5.7,22.8,0.0,0.0,0.0,33,Yes,No,No,No,No,Yes,No,30.0,37.0,0,0,0,0,0,0,0,0,0,0,0,0,0,0,0,0,0,0,0,0,0,0,0,0,0,0,0,0,0,0,6481,1711,1545,107,8.0,239.7,261.6,226.1,215.0,220.3,212.9,229.5,681.2,119.6,90.9,99.5,90.1,4.17,4.47,3.80,3.75,4.57,4.70,0.63,0.38,4.06,0.11,0.33,0,0,0.0,0.0,13575,1180,2.0,3.3,0,
8.7.2026,15:13:57.530,17507,28487,38.0,12838,19844,39.2,0.5,13312,70,1.325,1.325,1.325,1.325,1.325,1.325,1.325,1.325,1.325,4092.6,4092.6,4092.6,4092.6,4092.6,4092.6,4092.6,4092.6,4092.6,99.8,1558.7,3453.8,1976.3,3026.0,1608.6,1899.9,1638.0,1620.6,1349.0,1115.1,825.5,1567.8,1061.5,1319.8,890.5,872.8,713.7,1558.7,35.1,53.7,46.8,73.3,38.5,45.4,38.4,38.2,31.9,26.0,19.5,37.0,25.1,30.5,20.9,20.0,16.8,73.3,35.1,40.0,60.9,53.0,83.4,43.6,51.4,44.0,43.8,36.1,30.0,22.0,42.5,28.4,35.1,23.6,23.3,19.0,40.0,41.0,41.0,41.0,41.0,41.0,41.0,41.0,41.0,41.0,0.0,79.6,84.4,95.2,83.9,81.0,72.7,77.0,74.0,68.8,20.4,15.6,4.8,16.1,19.0,27.3,23.0,26.0,31.2,0.0,0.0,0.0,0.0,0.0,0.0,0.0,0.0,0.0,1197.8,12.00,16,16,16,39,55,661,1,78.8,72.0,71.8,67.6,68.9,71.4,69.2,68.1,65.8,66.4,65.6,65.2,61.8,62.1,61.5,54.0,50.4,1.350,1.025,1.356,14.974,11.015,14.973,71.674,40.474,4.477,5.382,6.512,5.037,4.491,3.503,4.056,3.676,3.157,20.128,11.355,31.484,40.559,1197.8,1197.8,4094.3,4094.6,4094.1,4094.6,46.1,25.0,79.6,75.8,56.0,No,No,No,1.223,0.120,6.4,48,95.0,100.0,No,No,91293,99096,35,99.0,No,No,3320,0.5,0.4,0.8,0.924,2.084,79693,49908,0.0,0.0,0.0,0.000,0.000,52,0,51.4,67.6,83.0,0.906,12.122,12.167,12.147,12.053,1131,71.867,30.411,50.572,17.459,53.738,25.541,28.093,0.336,50.572,20.774,3.936,53.085,220.000,240.000,1695.0,1750.2,1485.0,1681.5,1605.0,38.0,10.0,0.0,1.0,20.7,5.2,20.7,0.0,0.0,0.0,33,Yes,No,No,No,No,Yes,No,32.4,40.0,0,0,0,0,0,0,0,0,0,0,0,0,0,0,0,0,0,0,0,0,0,0,0,0,0,0,0,0,0,0,6498,1694,1528,106,8.0,239.8,261.1,219.3,212.2,214.4,212.0,232.6,285.7,119.6,111.4,114.5,110.8,4.17,4.52,3.85,3.69,4.63,4.74,0.58,0.34,4.05,0.12,0.22,0,0,0.0,0.0,13575,1180,2.8,4.9,0,
8.7.2026,15:13:59.532,17447,28547,37.9,12794,19887,39.1,0.5,13312,70,1.330,1.319,1.331,1.331,1.331,1.331,1.331,1.331,1.331,4111.3,4067.7,4117.6,4117.6,4117.6,4117.6,4117.6,4117.6,4117.6,99.8,1212.5,3181.1,1701.0,2072.1,2088.2,1405.9,1285.7,1216.8,1002.6,682.8,467.6,1228.6,641.2,954.1,588.3,474.0,409.4,1212.5,26.8,44.1,40.2,50.0,50.8,33.2,30.7,29.3,23.4,15.9,10.7,29.7,14.8,22.6,13.5,10.8,9.4,50.8,26.8,30.3,49.6,45.7,56.9,57.3,37.8,34.3,32.7,26.6,18.1,12.2,33.1,16.8,24.9,15.4,12.3,10.6,30.3,41.2,40.8,41.2,41.2,41.2,41.2,41.2,41.2,41.2,0.0,71.5,77.5,93.2,75.4,72.5,62.5,67.8,65.0,58.1,28.5,22.5,6.8,24.6,27.5,37.5,32.2,35.0,41.9,0.0,0.0,0.0,0.0,0.0,0.0,0.0,0.0,0.0,1197.8,12.00,16,16,16,39,55,661,1,75.6,71.2,69.5,66.1,67.5,70.7,67.3,66.6,64.1,64.9,64.1,63.3,61.2,61.5,61.0,54.0,50.6,1.350,1.038,1.356,12.663,10.817,12.668,64.354,37.212,3.955,4.912,6.410,4.356,3.870,2.876,3.501,3.159,2.561,17.096,11.142,28.238,37.269,1197.8,1197.8,4105.4,4106.8,4104.0,4106.8,42.4,21.1,71.5,74.9,53.9,No,No,No,0.826,0.113,5.7,48,95.0,100.0,No,No,91293,99096,35,99.0,No,No,3320,0.1,0.1,0.2,0.098,0.243,79693,49908,0.0,0.0,0.0,0.000,0.000,52,0,52.0,68.0,83.0,0.900,12.121,12.164,12.146,12.054,1130,71.143,29.730,49.922,17.274,53.455,25.626,27.735,0.336,49.922,20.969,3.931,48.133,220.000,240.000,1680.0,1750.2,1470.0,1674.0,1590.0,38.0,10.0,0.0,1.0,20.2,5.2,20.8,0.0,0.0,0.0,33,Yes,No,No,No,No,Yes,No,32.2,37.9,0,0,0,0,0,0,0,0,0,0,0,0,0,0,0,0,0,0,0,0,0,0,0,0,0,0,0,0,0,0,6534,1658,1492,106,8.0,239.8,254.5,222.7,212.6,217.0,211.1,228.4,480.6,96.2,93.8,95.0,93.3,4.17,4.56,3.89,3.62,4.64,4.78,0.63,0.37,4.06,0.11,0.60,0,0,0.0,0.0,13575,1180,0.2,0.7,0,
8.7.2026,15:14:1.555,17539,28455,38.1,12789,19893,39.1,0.5,13312,70,1.348,1.337,1.350,1.350,1.350,1.350,1.350,1.350,1.350,4092.6,4092.6,4092.6,4092.6,4092.6,4092.6,4092.6,4092.6,4092.6,99.8,1321.6,3260.9,1843.9,1052.7,3230.7,1308.1,1690.3,1166.5,1335.3,674.1,659.4,1127.1,989.0,854.0,867.6,549.4,536.2,1321.6,29.6,45.3,44.2,25.4,78.6,31.3,40.2,27.4,32.1,16.2,16.1,26.6,23.8,19.3,20.9,13.3,13.1,78.6,29.6,33.3,51.5,49.7,28.2,89.4,34.9,45.7,31.2,35.9,17.7,17.5,30.2,26.4,22.0,23.1,14.3,14.1,33.2,41.0,41.0,41.0,41.0,41.0,41.0,41.0,41.0,41.0,0.0,74.1,79.5,94.5,78.6,75.0,65.2,70.4,67.8,61.8,25.9,20.5,5.5,21.4,25.0,34.8,29.6,32.2,38.2,0.0,0.0,0.0,0.0,0.0,0.0,0.0,0.0,0.0,1197.8,12.00,16,16,16,39,55,661,1,73.1,71.4,73.0,66.3,67.8,70.9,67.9,66.8,64.3,65.2,64.3,63.6,61.2,61.5,61.0,54.2,50.5,1.337,1.031,1.350,13.513,10.921,13.514,66.700,38.451,4.103,5.094,6.510,4.594,4.010,3.001,3.673,3.264,2.676,18.233,11.252,29.485,38.524,1197.8,1197.8,4103.2,4104.4,4102.0,4104.7,43.8,22.5,74.1,75.1,55.4,No,No,No,0.928,0.114,5.9,48,95.0,100.0,No,No,91293,99096,35,99.0,No,No,3320,0.1,0.1,0.3,0.137,0.386,79693,49909,0.0,0.0,0.0,0.000,0.000,52,0,52.1,68.2,83.0,0.925,12.119,12.163,12.145,12.050,1130,71.386,30.256,54.036,19.133,56.329,26.197,30.019,0.336,54.036,21.552,4.936,35.982,220.000,240.000,1725.0,1750.2,1515.0,1691.2,1635.0,41.0,11.0,0.0,1.0,21.9,5.1,20.5,0.0,0.0,0.0,33,Yes,No,No,No,No,Yes,No,34.4,34.0,0,0,0,0,0,0,0,0,0,0,0,0,0,0,0,0,0,0,0,0,0,0,0,0,0,0,0,0,0,0,6402,1790,1624,109,8.0,239.8,257.3,222.3,212.0,216.8,210.0,233.6,4246.7,119.5,116.8,117.7,116.8,4.17,4.52,3.85,3.55,4.65,4.77,0.57,0.30,4.06,0.11,0.34,0,0,0.0,0.0,13575,1180,1.1,0.8,0,
8.7.2026,15:14:3.530,17543,28451,38.1,12782,19899,39.1,0.5,13312,70,1.316,1.325,1.331,1.312,1.312,1.312,1.312,1.312,1.312,4070.8,4092.6,4067.7,4067.7,4067.7,4067.7,4067.7,4067.7,4067.7,99.8,1415.0,3431.8,1924.2,1357.7,3080.8,1371.6,1874.3,1175.0,1516.3,703.3,789.9,1068.2,1276.9,861.3,1005.0,598.9,604.2,1415.0,31.1,50.7,44.8,31.4,74.6,31.7,44.1,27.0,35.5,15.8,18.1,24.6,30.0,19.0,23.2,13.3,13.6,74.6,31.1,35.6,57.8,51.1,36.1,84.8,36.4,50.4,31.0,40.6,18.4,21.0,28.3,34.4,22.0,26.8,15.5,15.8,35.6,40.8,41.0,40.8,40.8,40.8,40.8,40.8,40.8,40.8,0.0,78.1,83.8,95.1,82.7,80.0,69.4,75.2,72.1,66.2,21.9,16.2,4.9,17.3,20.0,30.6,24.8,27.9,33.8,0.0,0.0,0.0,0.0,0.0,0.0,0.0,0.0,0.0,1197.8,12.00,16,16,16,39,55,661,1,72.2,71.5,72.2,66.8,68.4,70.9,68.6,67.4,64.9,65.8,64.7,64.1,61.6,61.9,61.3,54.2,50.9,1.331,1.038,1.337,14.023,10.959,14.006,70.262,39.057,4.268,5.346,6.429,4.877,4.274,3.118,3.868,3.391,2.838,18.870,11.294,30.164,39.195,1197.8,1197.8,4096.9,4097.9,4095.8,4097.9,44.5,23.3,78.1,75.3,55.1,No,No,No,0.968,0.111,6.2,48,95.0,100.0,No,No,91293,99096,35,99.0,No,No,3320,0.1,0.0,0.1,0.050,0.083,79693,49909,0.0,0.0,0.0,0.000,0.000,52,0,52.8,68.9,83.0,0.900,12.119,12.163,12.144,12.051,1131,74.174,28.547,50.101,17.478,53.446,25.524,27.832,0.336,50.101,20.995,3.992,35.668,220.000,240.000,1680.0,1750.2,1470.0,1722.0,1590.0,39.0,10.0,0.0,1.0,21.6,5.2,20.9,0.0,0.0,0.0,33,Yes,No,No,No,No,Yes,No,32.3,33.0,0,0,0,0,0,0,0,0,0,0,0,0,0,0,0,0,0,0,0,0,0,0,0,0,0,0,0,0,0,0,6421,1771,1605,104,8.0,239.8,259.2,217.5,190.2,201.9,185.2,218.8,447.9,70.8,33.9,48.0,30.0,4.17,4.61,3.85,3.16,4.94,5.34,0.57,0.40,4.05,0.12,0.73,0,0,0.0,0.0,13575,1180,0.2,0.4,0,
8.7.2026,15:14:5.535,17583,28411,38.2,12790,19891,39.1,0.5,13312,70,1.351,1.356,1.350,1.350,1.350,1.350,1.350,1.350,1.350,4117.6,4117.6,4117.6,4117.6,4117.6,4117.6,4117.6,4117.6,4117.6,99.8,1552.3,3718.6,2061.4,2415.2,1880.3,1783.1,1720.3,1492.5,1524.6,939.6,909.9,1348.0,1298.1,1048.2,1070.5,861.7,764.9,1552.3,35.4,60.5,49.4,58.3,45.3,42.7,41.1,35.7,36.5,22.6,21.9,32.2,31.1,24.6,25.7,20.8,18.4,60.5,35.4,39.7,68.3,55.6,65.7,50.9,48.0,46.2,40.0,40.9,25.0,24.3,36.0,34.7,27.4,28.6,23.0,20.3,39.7,41.2,41.2,41.2,41.2,41.2,41.2,41.2,41.2,41.2,0.0,81.1,91.0,89.7,85.9,83.1,73.7,79.1,75.2,71.3,18.9,9.0,10.3,14.1,16.9,26.3,20.9,24.8,28.7,0.0,0.0,0.0,0.0,0.0,0.0,0.0,0.0,0.0,1197.8,12.00,16,16,16,39,55,661,1,71.9,72.0,68.0,67.8,70.7,69.9,69.7,67.9,66.2,66.9,65.8,65.7,62.3,62.6,62.0,52.5,50.3,1.356,1.038,1.363,14.920,11.105,14.941,73.003,40.558,4.467,6.020,5.861,5.026,4.422,3.457,4.106,3.576,3.268,20.010,11.446,31.455,40.577,1197.8,1197.8,4084.8,4085.5,4084.2,4085.9,46.1,24.9,81.1,75.8,55.8,No,No,No,1.209,0.079,6.5,48,95.0,100.0,No,No,91293,99096,35,99.0,No,No,3320,0.3,1.4,1.7,0.309,12.425,79694,49933,0.0,0.0,0.0,0.000,0.000,52,0,49.7,64.6,83.0,0.731,12.141,12.187,12.158,12.077,1130,47.840,15.387,22.366,5.996,35.186,22.740,12.425,0.336,22.366,19.142,2.525,10.787,220.000,240.000,1230.0,1250.2,1080.0,1459.1,1170.0,26.0,7.0,0.0,0.0,22.2,3.5,14.2,0.0,0.0,0.0,33,Yes,No,No,No,No,Yes,No,18.9,25.0,0,0,0,0,0,0,0,0,0,0,0,0,0,0,0,0,0,0,0,0,0,0,0,0,0,0,0,0,0,0,6377,1815,1651,104,8.0,238.7,269.2,219.2,117.7,139.2,117.5,35.0,194.5,26.6,26.6,26.6,26.6,4.19,4.56,3.69,0.92,7.18,8.51,0.31,0.36,4.07,0.12,2.13,0,0,0.0,0.0,13575,1180,9.7,8.3,0,
8.7.2026,15:14:7.531,17584,28410,38.2,12795,19887,39.1,0.5,13312,70,1.311,1.319,1.312,1.312,1.312,1.312,1.306,1.306,1.306,4058.3,4067.7,4042.7,4042.7,4042.7,4067.7,4067.7,4067.7,4067.7,99.8,1560.7,3775.7,2322.3,2114.2,2209.2,1682.1,1802.9,1491.7,1529.4,849.5,953.2,1401.1,1200.6,1007.8,1108.3,710.2,813.4,1560.7,34.8,54.8,55.7,50.4,53.1,39.7,42.9,35.2,36.3,19.8,22.6,32.9,28.5,23.1,26.2,16.5,19.2,55.7,34.8,39.4,62.1,63.1,57.1,60.2,45.0,48.6,39.8,41.1,22.4,25.5,37.3,32.2,26.1,29.7,18.6,21.7,39.4,40.7,40.8,40.5,40.5,40.5,40.8,40.8,40.8,40.8,0.0,82.1,92.3,90.4,86.1,84.5,74.8,80.7,76.5,71.5,17.9,7.7,9.6,13.9,15.5,25.2,19.3,23.5,28.5,0.0,0.0,0.0,0.0,0.0,0.0,0.0,0.0,0.0,1197.8,12.00,16,16,16,39,55,661,1,71.5,72.2,74.8,67.5,70.8,69.8,69.3,67.6,65.7,66.4,65.5,64.7,62.2,62.5,61.9,53.8,50.6,1.369,1.025,1.363,14.553,11.236,14.536,73.854,40.067,4.398,6.077,5.780,4.915,4.446,3.351,4.004,3.562,3.048,19.557,11.578,31.136,40.215,1197.8,1197.8,4090.9,4091.3,4090.5,4092.5,45.7,24.2,82.1,76.0,55.4,No,No,No,1.439,0.066,6.6,48,95.0,100.0,No,No,91293,99096,35,99.0,No,No,3320,0.1,0.1,0.2,0.096,0.182,79694,49933,0.0,0.0,0.0,0.000,0.000,52,0,49.3,64.3,83.0,0.719,12.142,12.188,12.160,12.077,1131,42.719,16.736,23.146,6.594,36.188,23.310,12.858,0.336,23.146,19.961,2.322,19.497,220.000,240.000,1185.0,1250.2,1050.0,1181.7,1140.0,39.0,10.0,0.0,0.0,21.0,4.0,15.8,0.0,0.0,0.0,33,Yes,No,No,No,No,Yes,No,19.6,25.6,0,0,0,0,0,0,0,0,0,0,0,0,0,0,0,0,0,0,0,0,0,0,0,0,0,0,0,0,0,0,6475,1717,1551,104,8.0,239.8,265.2,215.7,203.5,207.2,202.2,73.5,736.3,28.9,26.9,26.6,26.6,4.17,4.64,3.70,3.46,4.90,5.00,0.36,0.43,4.05,0.12,1.47,0,0,0.0,0.0,13575,1180,4.0,3.7,0,
8.7.2026,15:14:9.534,17493,28501,38.0,12789,19892,39.1,0.5,13312,70,1.331,1.331,1.331,1.331,1.331,1.331,1.331,1.331,1.331,4111.3,4092.6,4092.6,4117.6,4117.6,4117.6,4117.6,4117.6,4117.6,99.8,1494.9,3694.6,2460.0,1931.8,2132.8,1638.7,1702.8,1396.0,1430.1,799.2,867.1,1320.4,1125.6,938.9,1071.3,698.3,711.0,1494.9,33.0,49.2,59.2,46.0,51.4,38.6,40.5,32.8,33.8,18.5,20.5,31.1,26.6,21.4,25.3,16.2,16.6,59.2,33.0,37.4,55.8,67.1,52.2,58.3,43.8,45.9,37.2,38.4,21.0,23.3,35.3,30.1,24.3,28.7,18.3,18.9,37.4,41.2,41.0,41.0,41.2,41.2,41.2,41.2,41.2,41.2,0.0,79.7,90.3,87.8,84.5,81.7,72.4,77.8,74.0,68.7,20.3,9.7,12.2,15.5,18.3,27.6,22.2,26.0,31.3,0.0,0.0,0.0,0.0,0.0,0.0,0.0,0.0,0.0,1197.8,12.00,16,16,16,39,55,661,1,71.2,72.2,72.2,67.4,71.0,69.6,69.2,67.3,65.7,66.3,65.6,64.7,62.3,62.6,62.0,53.0,50.9,1.344,1.025,1.356,14.150,11.206,14.150,71.628,39.594,4.297,5.986,5.577,4.850,4.251,3.306,3.933,3.522,2.948,19.024,11.546,30.570,39.666,1197.8,1197.8,4091.6,4091.9,4091.3,4094.7,45.1,23.6,79.6,76.0,55.2,No,No,No,1.333,0.069,6.4,48,95.0,100.0,No,No,91293,99096,35,99.0,No,No,3320,0.1,0.1,0.1,0.049,0.284,79694,49934,0.0,0.0,0.0,0.000,0.000,52,0,49.0,63.6,83.0,0.706,12.144,12.191,12.161,12.079,1130,41.578,16.218,21.615,6.120,35.389,23.362,12.008,0.336,21.615,20.226,2.148,19.363,220.000,240.000,1155.0,1250.2,1005.0,1147.0,1095.0,38.0,9.0,0.0,0.0,20.6,4.0,16.2,0.0,0.0,0.0,33,Yes,No,No,No,No,Yes,No,19.0,20.8,0,0,0,0,0,0,0,0,0,0,0,0,0,0,0,0,0,0,0,0,0,0,0,0,0,0,0,0,0,0,6503,1689,1523,106,8.0,239.8,257.9,223.8,210.2,217.4,206.7,64.1,327.5,28.6,26.8,26.6,26.6,4.17,4.49,3.83,3.56,4.62,4.87,0.35,0.44,4.05,0.12,3.78,0,0,0.0,0.0,13575,1180,1.2,1.2,0,
8.7.2026,15:14:11.527,17473,28521,37.9,12794,19888,39.1,0.5,13312,70,1.325,1.350,1.325,1.325,1.325,1.325,1.325,1.312,1.312,4080.1,4117.6,4067.7,4067.7,4067.7,4067.7,4067.7,4092.6,4092.6,99.8,1364.0,3605.6,2421.6,1756.9,2124.5,1485.9,1459.8,1273.8,1226.4,719.2,765.8,1100.4,1025.7,814.5,935.0,548.5,560.5,1364.0,29.7,44.7,58.4,41.8,51.2,35.0,34.6,29.9,29.0,16.7,18.1,25.8,24.3,18.5,22.1,12.6,13.0,58.4,29.7,33.8,50.7,66.3,47.5,58.1,39.8,39.3,34.0,32.9,19.0,20.5,29.3,27.5,21.0,25.1,14.3,14.8,33.8,40.9,41.2,40.8,40.8,40.8,40.8,40.8,41.0,41.0,0.0,75.4,88.0,86.3,79.9,77.4,67.1,72.7,69.4,62.2,24.6,12.0,13.7,20.1,22.6,32.9,27.3,30.6,37.8,0.0,0.0,0.0,0.0,0.0,0.0,0.0,0.0,0.0,1197.8,12.00,16,16,16,39,55,661,1,71.0,72.4,72.2,67.0,70.9,69.6,68.4,66.8,65.3,65.7,65.0,64.1,62.1,62.4,61.8,52.5,50.6,1.362,1.025,1.363,13.351,11.102,13.355,67.748,38.436,4.111,6.003,5.625,4.440,3.994,3.119,3.676,3.296,2.732,17.999,11.433,29.433,38.515,1197.8,1197.8,4098.0,4098.7,4097.4,4102.3,43.8,22.3,75.3,76.2,54.6,No,No,No,1.227,0.067,6.0,48,95.0,100.0,No,No,91293,99096,35,99.0,No,No,3320,0.0,0.0,0.0,0.000,0.047,79694,49934,0.0,0.0,0.0,0.000,0.000,52,0,48.9,63.5,83.0,0.688,12.148,12.196,12.166,12.084,1130,40.655,15.647,20.361,5.756,34.806,23.467,11.311,0.336,20.361,20.534,2.094,17.449,220.000,240.000,1110.0,1250.2,975.0,1127.6,1050.0,40.0,10.0,0.0,0.0,20.2,4.3,17.1,0.0,0.0,0.0,33,Yes,No,No,No,No,Yes,No,18.6,19.4,0,0,0,0,0,0,0,0,0,0,0,0,0,0,0,0,0,0,0,0,0,0,0,0,0,0,0,0,0,0,6538,1654,1488,106,8.0,239.8,262.2,222.0,218.4,220.0,217.6,71.4,1340.0,28.8,26.8,26.6,26.6,4.17,4.54,3.83,3.74,4.62,4.74,0.36,0.39,4.05,0.12,1.69,0,0,0.0,0.0,13575,1180,0.7,1.0,0,
8.7.2026,15:14:13.536,17439,28555,37.9,12797,19885,39.1,0.5,13312,70,1.341,1.319,1.344,1.344,1.344,1.344,1.344,1.344,1.344,4092.6,4092.6,4092.6,4092.6,4092.6,4092.6,4092.6,4092.6,4092.6,99.8,1416.2,3667.4,1826.5,2465.2,1747.8,1729.4,1489.1,1404.4,1275.8,747.0,819.7,1206.8,1006.4,928.2,906.5,697.5,741.6,1416.2,31.8,59.1,43.5,59.5,41.8,41.0,35.4,33.1,30.2,17.4,19.4,28.3,23.8,21.2,21.3,16.2,17.5,59.5,31.8,36.1,67.1,49.4,67.5,47.5,46.5,40.1,37.5,34.2,19.7,22.0,32.1,26.9,24.1,24.2,18.4,19.8,36.1,41.0,41.0,41.0,41.0,41.0,41.0,41.0,41.0,41.0,0.0,79.0,89.5,91.0,83.8,80.7,70.6,76.1,72.2,67.7,21.0,10.5,9.0,16.2,19.3,29.4,23.9,27.8,32.3,0.0,0.0,0.0,0.0,0.0,0.0,0.0,0.0,0.0,1197.8,12.00,16,16,16,39,55,661,1,70.8,72.6,73.8,67.3,70.4,70.7,68.8,67.4,65.5,66.0,65.1,64.5,62.2,62.5,61.8,54.0,50.9,1.362,1.025,1.356,13.987,11.176,13.987,71.049,39.353,4.267,5.818,6.093,4.738,4.196,3.224,3.775,3.362,2.931,18.831,11.515,30.346,39.434,1197.8,1197.8,4095.5,4095.9,4095.1,4096.3,44.8,23.3,78.9,76.4,55.0,No,No,No,1.323,0.068,6.3,48,95.0,100.0,No,No,91293,99096,35,99.0,No,No,3320,0.1,0.1,0.1,0.080,0.090,79694,49934,0.0,0.0,0.0,0.000,0.000,52,0,48.7,63.3,83.0,0.688,12.142,12.190,12.159,12.077,1131,40.185,14.709,20.004,5.595,34.569,23.429,11.113,0.336,20.004,20.487,2.024,9.524,220.000,240.000,1110.0,1250.2,975.0,1107.1,1050.0,39.0,10.0,0.0,0.0,20.2,4.1,16.4,0.0,0.0,0.0,33,Yes,No,No,No,No,Yes,No,18.4,23.8,0,0,0,0,0,0,0,0,0,0,0,0,0,0,0,0,0,0,0,0,0,0,0,0,0,0,0,0,0,0,6538,1654,1488,107,8.0,239.7,256.8,227.7,217.8,221.3,217.4,68.3,373.7,30.0,30.0,30.0,30.0,4.17,4.50,3.86,3.72,4.54,4.55,0.35,0.41,4.05,0.12,4.40,0,0,0.0,0.0,13575,1180,0.3,0.2,0,
8.7.2026,15:14:15.535,17403,28590,37.8,12800,19881,39.1,0.5,13312,70,1.330,1.319,1.331,1.331,1.331,1.331,1.331,1.331,1.331,4089.5,4067.7,4092.6,4092.6,4092.6,4092.6,4092.6,4092.6,4092.6,99.8,1354.1,3580.5,1755.0,2503.1,1499.9,1708.5,1329.4,1391.7,1191.3,859.7,703.8,1252.7,938.0,922.0,831.2,606.1,593.5,1354.1,30.3,56.5,41.8,60.3,35.7,40.5,31.4,32.9,28.2,20.2,16.6,29.5,22.1,21.1,19.6,14.1,13.9,60.3,30.3,34.3,64.1,47.4,68.5,40.5,46.0,35.7,37.3,32.0,22.9,18.8,33.5,25.1,24.0,22.2,15.9,15.7,34.4,41.0,40.8,41.0,41.0,41.0,41.0,41.0,41.0,41.0,0.0,76.8,87.4,87.5,81.7,79.2,69.3,74.6,70.2,64.5,23.2,12.6,12.5,18.3,20.8,30.7,25.4,29.8,35.5,0.0,0.0,0.0,0.0,0.0,0.0,0.0,0.0,0.0,1197.8,12.00,16,16,16,39,55,661,1,70.5,72.0,72.5,67.0,70.1,70.0,68.6,67.1,65.5,65.8,65.0,64.3,62.1,62.4,61.8,55.8,50.8,1.362,1.025,1.363,13.573,11.111,13.571,69.091,38.749,4.149,5.658,5.808,4.607,4.107,3.209,3.722,3.303,2.775,18.299,11.446,29.746,38.823,1197.8,1197.8,4098.0,4098.4,4097.6,4100.0,44.1,22.6,76.8,75.7,55.0,No,No,No,1.256,0.067,6.1,49,95.0,100.0,No,No,91293,99096,35,99.0,No,No,3320,0.0,0.1,0.1,0.008,0.137,79694,49934,0.0,0.0,0.0,0.000,0.000,52,0,48.8,63.3,83.0,0.688,12.143,12.191,12.160,12.078,1131,40.885,16.833,20.869,5.888,34.985,23.372,11.594,0.336,20.869,20.328,20.751,9.338,220.000,240.000,1095.0,1250.2,975.0,1123.0,1050.0,38.0,10.0,0.0,0.0,20.2,4.1,16.5,0.0,0.0,0.0,33,Yes,No,No,No,No,Yes,No,18.7,20.3,0,0,0,0,0,0,0,0,0,0,0,0,0,0,0,0,0,0,0,0,0,0,0,0,0,0,0,0,0,0,6538,1654,1488,106,8.0,239.7,261.7,224.5,217.7,220.1,217.5,70.1,3355.5,28.7,26.8,26.6,26.6,4.17,4.48,3.83,3.74,4.51,4.55,0.36,0.39,4.05,0.12,1.94,0,0,0.0,0.0,13575,1180,0.7,0.7,0,
8.7.2026,15:14:17.534,17402,28592,37.8,12801,19881,39.1,0.5,13312,70,1.324,1.331,1.319,1.319,1.325,1.325,1.325,1.325,1.325,4067.7,4067.7,4067.7,4067.7,4067.7,4067.7,4067.7,4067.7,4067.7,99.8,1458.8,3720.7,1970.6,2560.7,1645.7,1874.9,1379.5,1522.7,1158.1,971.6,649.0,1458.4,927.4,1213.5,765.7,894.6,627.3,1458.8,32.8,59.6,47.2,61.8,39.3,44.7,32.6,36.1,27.3,22.9,15.1,34.6,21.7,28.3,17.8,21.1,14.4,61.8,32.8,37.2,67.6,53.5,70.1,44.6,50.6,36.9,40.9,30.9,26.0,17.1,39.2,24.7,32.1,20.2,23.9,16.3,37.2,40.8,40.8,40.8,40.8,40.8,40.8,40.8,40.8,40.8,0.0,79.8,91.0,91.0,84.4,81.5,71.3,77.4,73.5,68.6,20.2,9.0,9.0,15.6,18.5,28.7,22.6,26.5,31.4,0.0,0.0,0.0,0.0,0.0,0.0,0.0,0.0,0.0,1197.8,12.00,16,16,16,39,55,661,1,70.8,73.1,73.8,67.7,71.0,70.9,69.3,67.6,65.8,66.4,65.5,64.9,62.4,62.7,62.1,55.8,51.4,1.350,1.038,1.356,14.343,11.176,14.336,71.831,39.773,4.322,5.996,6.063,4.782,4.193,3.217,3.865,3.464,2.996,19.290,11.514,30.804,39.891,1197.8,1197.8,4091.4,4091.5,4091.3,4092.2,45.3,23.9,79.8,77.0,55.7,No,No,No,1.340,0.067,6.4,48,95.0,100.0,No,No,91293,99096,35,99.0,No,No,3320,0.1,0.0,0.1,0.034,0.014,79694,49934,0.0,0.0,0.0,0.000,0.000,52,0,48.6,63.4,83.0,0.694,12.140,12.187,12.157,12.075,1133,40.431,14.811,20.610,5.630,34.647,23.185,11.450,0.336,20.610,20.004,2.102,9.537,220.000,240.000,1125.0,1250.2,990.0,1107.0,1080.0,39.0,10.0,0.0,0.0,20.2,4.2,16.8,0.0,0.0,0.0,33,Yes,No,No,No,No,Yes,No,18.5,19.9,0,0,0,0,0,0,0,0,0,0,0,0,0,0,0,0,0,0,0,0,0,0,0,0,0,0,0,0,0,0,6539,1653,1487,106,8.0,239.7,270.2,222.3,210.8,214.8,210.2,68.3,429.9,28.0,26.8,26.6,26.6,4.17,4.60,3.74,3.47,4.70,4.76,0.35,0.32,4.05,0.12,3.98,0,0,0.0,0.0,13575,1180,1.2,3.5,0,
8.7.2026,15:14:19.534,17416,28578,37.8,12815,19867,39.2,0.5,13312,70,1.343,1.337,1.344,1.344,1.344,1.344,1.344,1.344,1.344,4092.6,4092.6,4117.6,4117.6,4067.7,4067.7,4092.6,4092.6,4092.6,99.8,1406.0,3649.3,2129.9,1603.1,2599.7,1577.6,1541.1,1412.5,1201.6,854.6,640.1,1393.3,845.1,1101.7,750.5,662.7,533.2,1406.0,31.1,50.8,51.0,38.3,63.1,37.2,36.6,33.2,28.3,20.0,15.0,33.0,19.8,25.6,17.5,15.4,12.6,63.1,31.1,35.3,57.7,57.9,43.4,71.6,42.3,41.5,37.8,32.1,22.7,17.0,37.5,22.5,29.1,19.9,17.5,14.3,35.3,41.0,41.0,41.2,41.2,40.8,40.8,41.0,41.0,41.0,0.0,79.1,89.1,92.1,83.4,80.7,71.0,77.1,72.7,66.5,20.9,10.9,7.9,16.6,19.3,29.0,22.9,27.3,33.5,0.0,0.0,0.0,0.0,0.0,0.0,0.0,0.0,0.0,1197.8,12.00,16,16,16,39,55,661,1,70.8,72.9,74.2,67.5,70.3,71.4,68.9,67.5,65.6,66.3,65.4,64.7,62.4,62.7,62.1,54.0,50.8,1.362,1.031,1.369,13.990,11.164,13.995,71.158,39.373,4.259,5.741,6.258,4.645,4.142,3.199,3.835,3.415,2.839,18.836,11.500,30.337,39.433,1197.8,1197.8,4095.2,4095.4,4094.9,4095.8,44.8,23.3,79.1,76.7,55.1,No,No,No,1.307,0.068,6.3,48,95.0,100.0,No,No,91293,99096,35,99.0,No,No,3320,0.0,0.0,0.1,0.036,0.026,79695,49934,0.0,0.0,0.0,0.000,0.000,52,0,48.4,63.0,83.0,0.688,12.142,12.188,12.159,12.077,1131,40.484,16.399,20.215,5.533,34.545,23.285,11.231,0.336,20.215,20.185,19.118,9.321,220.000,240.000,1110.0,1250.2,975.0,1116.5,1050.0,39.0,10.0,0.0,0.0,20.2,4.1,16.3,0.0,0.0,0.0,33,Yes,No,No,No,No,Yes,No,18.4,20.1,0,0,0,0,0,0,0,0,0,0,0,0,0,0,0,0,0,0,0,0,0,0,0,0,0,0,0,0,0,0,6539,1653,1487,107,8.0,239.8,261.1,221.5,214.8,218.3,213.0,72.7,8779.3,30.0,29.9,29.9,29.9,4.17,4.54,3.82,3.49,4.59,4.63,0.38,0.38,4.05,0.12,3.12,0,0,0.0,0.0,13575,1180,0.2,0.1,0,
8.7.2026,15:14:21.530,17501,28493,38.0,12805,19876,39.1,0.5,13312,70,1.351,1.356,1.350,1.350,1.350,1.350,1.350,1.350,1.350,4114.5,4092.6,4117.6,4117.6,4117.6,4117.6,4117.6,4117.6,4117.6,99.8,1477.0,3571.9,2079.8,1673.5,2428.9,1626.8,1597.5,1525.7,1287.4,951.4,764.9,1387.5,1022.8,1151.0,891.8,915.5,755.2,1477.0,33.2,52.2,49.9,40.0,59.0,38.8,38.1,36.3,30.7,22.6,18.1,33.1,24.2,27.0,21.1,21.8,17.8,59.0,33.2,37.5,59.1,56.5,45.3,66.7,43.9,43.1,41.1,34.6,25.5,20.4,37.4,27.4,30.5,23.8,24.6,20.1,37.5,41.2,41.0,41.2,41.2,41.2,41.2,41.2,41.2,41.2,0.0,78.0,87.4,88.0,82.0,79.4,70.2,75.4,72.7,68.7,22.0,12.6,12.0,18.0,20.6,29.8,24.6,27.3,31.3,0.0,0.0,0.0,0.0,0.0,0.0,0.0,0.0,0.0,1197.8,12.00,16,16,16,39,55,661,1,71.1,72.7,69.0,68.0,70.4,70.7,69.5,67.9,66.4,67.0,66.3,66.2,62.5,62.8,62.3,53.5,50.9,1.350,1.025,1.363,14.212,11.132,14.226,70.143,39.665,4.322,5.670,5.789,4.696,4.216,3.381,3.893,3.603,3.330,19.090,11.471,30.562,39.671,1197.8,1197.8,4086.8,4086.6,4086.9,4088.5,45.1,23.7,77.9,76.5,55.0,No,No,No,1.332,0.068,6.2,49,95.0,100.0,No,No,91293,99096,35,99.0,No,No,3320,0.0,0.0,0.1,0.030,0.051,79695,49934,0.0,0.0,0.0,0.000,0.000,52,0,48.4,62.9,83.0,0.694,12.144,12.192,12.162,12.079,1131,40.471,14.641,19.932,5.364,33.883,22.782,11.073,0.336,19.932,19.636,4.787,8.686,220.000,240.000,1125.0,1250.2,990.0,1107.0,1080.0,34.0,8.0,0.0,0.0,21.2,4.1,16.3,0.0,0.0,0.0,33,Yes,No,No,No,No,Yes,No,18.0,19.6,0,0,0,0,0,0,0,0,0,0,0,0,0,0,0,0,0,0,0,0,0,0,0,0,0,0,0,0,0,0,6458,1734,1568,106,8.0,239.8,258.9,221.9,202.9,212.6,198.8,64.5,606.9,26.6,26.6,26.6,26.6,4.17,4.54,3.83,3.48,4.72,5.04,0.36,0.35,4.05,0.12,2.08,0,0,0.0,0.0,13575,1180,0.2,0.7,0,
8.7.2026,15:14:23.533,17471,28522,37.9,12797,19885,39.1,0.5,13312,70,1.330,1.337,1.331,1.331,1.331,1.325,1.325,1.325,1.337,4111.3,4117.6,4117.6,4092.6,4092.6,4117.6,4117.6,4117.6,4117.6,99.8,831.1,2811.1,1306.3,1240.3,1300.4,1182.0,716.6,968.5,632.0,323.8,273.1,710.4,507.7,508.9,370.3,246.0,199.3,831.1,17.1,31.9,30.5,29.2,29.8,28.0,16.4,22.7,14.5,7.3,6.1,16.4,11.6,11.3,8.3,5.5,4.4,31.9,17.1,19.5,36.4,34.8,33.2,34.0,32.0,18.8,25.9,16.6,8.3,7.0,18.6,13.3,12.8,9.5,6.3,5.0,19.5,41.2,41.2,41.2,41.0,41.0,41.2,41.2,41.2,41.2,0.0,57.5,68.2,65.5,63.5,61.4,48.7,54.9,52.3,45.8,42.5,31.8,34.5,36.5,38.6,51.3,45.1,47.7,54.2,0.0,0.0,0.0,0.0,0.0,0.0,0.0,0.0,0.0,1197.8,12.00,16,16,16,39,55,661,1,68.9,67.0,69.5,64.4,66.4,65.7,65.7,64.6,63.3,63.7,63.1,62.6,61.3,61.5,61.0,53.2,50.6,1.350,1.038,1.356,9.768,10.665,9.758,51.605,33.138,3.142,4.245,4.114,3.520,3.226,2.363,2.918,2.593,2.155,13.295,10.972,24.267,33.249,1197.8,1197.8,4121.4,4123.3,4119.5,4134.6,37.8,16.3,57.3,70.6,52.7,No,No,No,0.696,0.060,4.6,49,95.0,100.0,No,No,91293,99096,35,99.0,No,No,3320,0.0,0.0,0.0,0.016,0.012,79695,49934,0.0,0.0,0.0,0.000,0.000,52,0,48.2,62.8,83.0,0.688,12.146,12.194,12.163,12.082,1130,39.153,14.904,18.884,5.000,33.399,22.884,10.490,0.336,18.884,19.841,2.047,17.272,220.000,240.000,855.0,1250.2,975.0,1092.7,1050.0,32.0,7.0,0.0,0.0,21.2,3.9,15.5,0.0,0.0,0.0,33,Yes,No,No,No,No,Yes,No,17.6,23.4,0,0,0,0,0,0,0,0,0,0,0,0,0,0,0,0,0,0,0,0,0,0,0,0,0,0,0,0,0,0,6458,1734,1568,106,8.0,239.8,264.9,218.5,208.6,211.7,208.4,31.2,73.0,26.6,26.6,26.6,26.6,4.17,4.60,3.77,3.67,4.72,4.82,0.42,0.09,4.07,0.10,0.63,0,0,0.0,0.0,13575,1180,0.5,0.6,0,
8.7.2026,15:14:25.529,17484,28510,38.0,12797,19885,39.1,0.5,13312,70,1.371,1.350,1.381,1.381,1.381,1.369,1.369,1.369,1.369,4136.3,4117.6,4167.5,4167.5,4167.5,4117.6,4117.6,4117.6,4117.6,99.8,892.2,2869.1,1303.4,1379.5,1472.9,1133.2,798.5,1032.2,684.3,374.7,325.0,868.0,582.2,517.0,420.0,277.5,236.9,892.2,18.8,35.0,30.4,32.6,35.2,26.6,18.6,24.2,15.9,8.7,7.4,20.3,13.4,11.5,9.6,6.3,5.4,35.2,18.8,21.4,40.0,34.7,37.1,40.1,30.3,21.2,27.6,18.2,9.8,8.4,23.1,15.2,13.1,10.9,7.2,6.1,21.4,41.4,41.2,41.8,41.8,41.8,41.2,41.2,41.2,41.2,0.0,60.1,69.6,70.2,65.0,63.3,51.1,58.7,54.2,48.5,39.9,30.4,29.8,35.0,36.7,48.9,41.3,45.8,51.5,0.0,0.0,0.0,0.0,0.0,0.0,0.0,0.0,0.0,1197.8,12.00,16,16,16,39,55,661,1,67.9,67.1,66.8,64.2,66.1,66.1,65.3,64.5,63.0,63.6,62.8,62.5,61.0,61.2,60.7,55.0,51.0,1.350,1.038,1.356,10.190,10.745,10.205,53.973,33.903,3.243,4.418,4.399,3.523,3.268,2.426,3.026,2.633,2.251,13.850,11.057,24.907,33.928,1197.8,1197.8,4122.6,4125.2,4119.9,4130.8,38.6,17.0,60.0,70.7,53.2,No,No,No,0.700,0.061,4.8,48,95.0,100.0,No,No,91293,99096,35,99.0,No,No,3320,0.0,0.1,0.1,0.000,0.181,79695,49935,0.0,0.0,0.0,0.000,0.000,52,0,47.9,62.3,83.0,0.688,12.146,12.194,12.163,12.082,1129,38.490,13.660,17.934,4.536,32.780,22.798,9.963,0.336,17.934,19.722,2.158,8.436,220.000,240.000,750.0,1250.2,975.0,801.1,1050.0,32.0,7.0,0.0,1.0,21.1,4.3,17.2,0.0,0.0,0.0,33,Yes,No,No,No,No,Yes,No,17.1,19.2,0,0,0,0,0,0,0,0,0,0,0,0,0,0,0,0,0,0,0,0,0,0,0,0,0,0,0,0,0,0,6466,1726,1560,107,8.0,239.8,259.1,225.9,217.0,221.1,215.4,31.3,156.9,26.6,26.6,26.6,26.6,4.17,4.46,3.84,3.69,4.52,4.63,0.44,0.07,4.07,0.10,0.45,0,0,0.0,0.0,13575,1180,0.8,1.5,0,
8.7.2026,15:14:27.532,17464,28530,37.9,12792,19890,39.1,0.5,13312,70,1.340,1.350,1.337,1.337,1.337,1.337,1.337,1.337,1.344,4117.6,4117.6,4117.6,4117.6,4117.6,4117.6,4117.6,4117.6,4117.6,99.8,821.9,2744.7,1198.7,1415.5,1196.1,1172.5,680.3,970.5,634.5,344.4,278.2,701.5,501.0,504.3,370.7,238.5,199.0,821.9,17.1,32.3,27.8,33.4,27.9,27.7,15.6,22.6,14.6,7.9,6.3,16.2,11.4,11.2,8.4,5.4,4.4,33.4,17.1,19.5,37.0,31.8,38.1,31.8,31.6,17.9,25.9,16.7,8.9,7.1,18.5,13.0,12.8,9.6,6.1,5.0,19.5,41.2,41.2,41.2,41.2,41.2,41.2,41.2,41.2,41.2,0.0,57.3,66.4,66.2,62.9,60.7,49.0,54.8,52.1,46.3,42.7,33.6,33.8,37.1,39.3,51.0,45.2,47.9,53.7,0.0,0.0,0.0,0.0,0.0,0.0,0.0,0.0,0.0,1197.8,12.00,16,16,16,39,55,661,1,67.1,66.4,67.5,63.9,65.6,65.4,65.1,64.1,62.8,63.3,62.7,62.1,60.8,61.0,60.6,55.0,50.8,1.362,1.038,1.363,9.875,10.658,9.867,51.417,33.343,3.155,4.206,4.200,3.516,3.217,2.388,2.917,2.620,2.172,13.496,10.966,24.462,33.437,1197.8,1197.8,4132.4,4135.9,4128.8,4146.5,38.0,16.4,57.1,69.9,53.3,No,No,No,0.642,0.062,4.6,48,95.0,100.0,No,No,91293,99096,35,99.0,No,No,3320,0.0,0.0,0.0,0.000,0.114,79695,49935,0.0,0.0,0.0,0.000,0.000,52,0,47.9,62.5,83.0,0.688,12.148,12.196,12.165,12.083,1128,38.135,15.052,18.231,4.842,33.175,23.019,10.128,0.336,18.231,20.116,6.908,15.540,220.000,240.000,675.0,1250.2,975.0,710.4,1050.0,36.0,7.0,0.0,0.0,20.8,4.6,18.3,0.0,0.0,0.0,33,Yes,No,No,No,No,Yes,No,17.4,20.6,0,0,0,0,0,0,0,0,0,0,0,0,0,0,0,0,0,0,0,0,0,0,0,0,0,0,0,0,0,0,6486,1706,1540,109,8.0,239.7,260.5,222.5,213.9,217.4,212.9,30.1,66.8,26.6,26.6,26.6,26.6,4.17,4.51,3.81,3.67,4.61,4.69,0.43,0.06,4.07,0.10,0.39,0,0,0.0,0.0,13575,1180,1.9,3.5,0,
8.7.2026,15:14:29.532,17489,28504,38.0,12793,19888,39.1,0.5,13312,70,1.323,1.337,1.325,1.325,1.325,1.319,1.319,1.319,1.319,4086.4,4092.6,4067.7,4067.7,4092.6,4092.6,4092.6,4092.6,4092.6,99.8,1492.0,3662.0,2100.6,1882.3,2368.0,1598.5,1698.5,1539.0,1304.7,962.8,805.9,1468.1,946.0,1143.2,844.5,846.1,702.6,1492.0,33.4,55.0,50.3,45.0,57.3,37.9,40.5,36.5,31.0,22.8,19.0,34.9,22.2,26.7,19.7,19.9,16.5,57.3,33.4,37.9,62.4,57.1,51.1,65.0,43.0,45.9,41.3,35.1,25.8,21.5,39.5,25.2,30.2,22.4,22.5,18.7,37.9,40.9,41.0,40.8,40.8,41.0,41.0,41.0,41.0,41.0,0.0,80.0,89.4,90.9,84.1,81.9,72.9,77.5,73.8,69.0,20.0,10.6,9.1,15.9,18.1,27.1,22.5,26.2,31.0,0.0,0.0,0.0,0.0,0.0,0.0,0.0,0.0,0.0,1197.8,12.00,16,16,16,39,55,661,1,75.4,72.3,71.5,67.2,70.1,70.5,68.7,67.4,65.4,66.0,65.1,64.5,61.9,62.2,61.6,55.2,51.3,1.362,1.031,1.356,14.230,11.201,14.220,71.901,39.654,4.343,5.876,6.053,4.780,4.272,3.367,3.908,3.494,2.995,19.167,11.540,30.707,39.786,1197.8,1197.8,4096.4,4097.0,4095.7,4099.4,45.2,23.7,79.9,76.1,55.0,No,No,No,1.376,0.070,6.4,49,95.0,100.0,No,No,91293,99096,35,99.0,No,No,3320,0.0,0.0,0.0,0.026,0.051,79695,49935,0.0,0.0,0.0,0.000,0.000,52,0,48.2,62.7,83.0,0.688,12.141,12.188,12.159,12.076,1126,39.767,15.402,19.738,5.509,34.312,23.330,10.966,0.336,19.738,20.409,2.128,17.552,220.000,240.000,1035.0,1250.2,975.0,925.1,1050.0,41.0,10.0,0.0,0.0,20.7,4.7,18.8,0.0,0.0,0.0,33,Yes,No,No,No,No,Yes,No,18.2,23.9,0,0,0,0,0,0,0,0,0,0,0,0,0,0,0,0,0,0,0,0,0,0,0,0,0,0,0,0,0,0,6496,1696,1530,107,8.0,239.7,258.3,224.8,203.6,211.5,202.0,77.7,788.6,33.8,30.3,30.0,30.0,4.17,4.49,3.80,3.65,4.73,4.92,0.38,0.36,4.05,0.12,2.08,0,0,0.0,0.0,13575,1180,4.4,0.8,0,
8.7.2026,15:14:31.539,17495,28499,38.0,12799,19883,39.1,0.5,13312,70,1.327,1.344,1.325,1.325,1.325,1.325,1.325,1.325,1.325,4089.5,4067.7,4092.6,4092.6,4092.6,4092.6,4092.6,4092.6,4092.6,99.8,1342.3,3663.4,1520.3,2158.3,1682.9,1615.3,1479.8,1433.3,1153.5,828.8,687.2,1311.9,929.6,1046.4,788.8,628.0,549.6,1342.3,30.3,66.2,35.9,51.6,40.0,38.2,34.8,33.7,27.0,19.4,16.0,31.0,21.7,24.2,18.3,14.6,12.7,66.2,30.3,34.4,75.2,40.7,58.6,45.4,43.4,39.6,38.3,30.7,22.0,18.2,35.2,24.6,27.5,20.8,16.5,14.4,34.4,41.0,40.8,41.0,41.0,41.0,41.0,41.0,41.0,41.0,0.0,76.4,89.4,84.9,81.1,78.6,68.3,74.3,70.4,63.7,23.6,10.6,15.1,18.9,21.4,31.7,25.7,29.6,36.3,0.0,0.0,0.0,0.0,0.0,0.0,0.0,0.0,0.0,1197.8,12.00,16,16,16,39,55,661,1,74.5,72.0,71.2,67.1,70.9,69.1,68.9,67.0,65.4,65.8,65.2,64.3,62.1,62.5,61.8,55.5,51.0,1.356,1.038,1.363,13.568,11.114,13.572,68.650,38.744,4.165,6.046,5.415,4.687,4.090,3.147,3.777,3.377,2.785,18.287,11.449,29.736,38.823,1197.8,1197.8,4096.8,4097.5,4096.1,4100.6,44.1,22.6,76.3,75.8,54.7,No,No,No,1.244,0.063,6.1,49,95.0,100.0,No,No,91293,99096,35,99.0,No,No,3320,0.1,0.1,0.2,0.078,0.102,79695,49935,0.0,0.0,0.0,0.000,0.000,52,0,48.0,62.5,83.0,0.688,12.142,12.189,12.159,12.077,1129,40.090,15.531,20.298,5.619,34.629,23.333,11.276,0.336,20.298,20.270,2.044,17.213,220.000,240.000,1110.0,1250.2,975.0,1098.2,1050.0,39.0,10.0,0.0,0.0,20.5,4.1,16.3,0.0,0.0,0.0,33,Yes,No,No,No,No,Yes,No,18.4,24.1,0,0,0,0,0,0,0,0,0,0,0,0,0,0,0,0,0,0,0,0,0,0,0,0,0,0,0,0,0,0,6515,1677,1511,108,8.0,239.8,258.5,223.7,215.3,219.6,213.3,59.7,350.9,26.6,26.6,26.6,26.6,4.17,4.50,3.86,3.56,4.55,4.61,0.35,0.34,4.06,0.11,3.93,0,0,0.0,0.0,13575,1180,6.9,3.4,0,
8.7.2026,15:14:33.532,17432,28561,37.9,12800,19882,39.1,0.5,13312,70,1.308,1.331,1.300,1.300,1.306,1.306,1.306,1.306,1.306,4067.7,4092.6,4042.7,4067.7,4067.7,4067.7,4067.7,4067.7,4067.7,99.8,1564.6,3755.6,1846.5,2422.9,2000.8,1831.8,1704.6,1623.0,1443.3,926.8,951.5,1382.6,1352.1,1075.2,1150.0,754.3,812.9,1564.6,35.7,66.3,43.9,58.1,48.0,43.5,40.5,38.5,34.1,21.8,22.5,32.8,32.1,24.9,27.2,17.6,19.2,66.3,35.7,40.4,75.1,49.7,65.8,54.4,49.2,45.8,43.6,38.7,24.6,25.5,37.0,36.3,28.1,30.8,19.8,21.6,40.4,40.8,41.0,40.5,40.8,40.8,40.8,40.8,40.8,40.8,0.0,81.2,91.9,90.0,85.6,83.4,73.5,79.8,75.7,69.9,18.8,8.1,10.0,14.4,16.6,26.5,20.2,24.3,30.1,0.0,0.0,0.0,0.0,0.0,0.0,0.0,0.0,0.0,1197.8,12.00,16,16,16,39,55,661,1,73.9,72.5,71.0,67.9,71.2,70.1,69.6,68.2,66.3,66.9,66.0,65.2,62.5,62.9,62.2,54.0,51.4,1.350,1.025,1.356,14.597,11.221,14.593,73.050,40.184,4.416,6.051,5.752,4.897,4.439,3.412,4.082,3.644,3.049,19.620,11.566,31.185,40.283,1197.8,1197.8,4088.8,4089.6,4088.0,4091.2,45.8,24.3,81.2,76.4,55.4,No,No,No,1.391,0.068,6.5,48,95.0,100.0,No,No,91293,99096,35,99.0,No,No,3320,0.2,0.0,0.2,0.145,0.073,79695,49935,0.0,0.0,0.0,0.000,0.000,52,0,48.0,62.9,83.0,0.688,12.143,12.190,12.161,12.079,1129,41.121,15.813,21.165,5.729,34.744,22.963,11.758,0.336,21.165,19.626,2.256,18.391,220.000,240.000,1095.0,1250.2,975.0,1153.0,1050.0,34.0,9.0,0.0,0.0,20.3,4.1,16.2,0.0,0.0,0.0,33,Yes,No,No,No,No,Yes,No,18.5,22.5,0,0,0,0,0,0,0,0,0,0,0,0,0,0,0,0,0,0,0,0,0,0,0,0,0,0,0,0,0,0,6533,1659,1493,108,8.0,239.7,258.4,216.2,210.8,212.2,210.2,69.5,1277.0,30.0,30.0,30.0,30.0,4.17,4.67,3.87,3.61,4.79,4.80,0.35,0.42,4.04,0.13,1.64,0,0,0.0,0.0,13575,1180,18.4,1.6,0,
8.7.2026,15:14:35.537,17458,28536,37.9,12793,19889,39.1,0.5,13312,70,1.324,1.319,1.325,1.325,1.325,1.325,1.325,1.325,1.325,4061.4,4017.8,4067.7,4067.7,4067.7,4067.7,4067.7,4067.7,4067.7,99.8,1508.6,3760.1,2047.6,2295.0,1959.6,1734.4,1726.0,1520.5,1431.5,856.2,903.8,1361.2,1158.9,975.8,1047.1,644.7,715.5,1508.6,33.8,59.6,48.8,54.9,47.0,41.0,40.9,35.8,33.7,19.9,21.2,32.0,27.3,22.2,24.6,14.7,16.6,59.6,33.8,38.3,67.5,55.4,62.3,53.3,46.5,46.4,40.6,38.3,22.6,24.1,36.4,30.9,25.3,27.9,16.8,18.9,38.3,40.7,40.2,40.8,40.8,40.8,40.8,40.8,40.8,40.8,0.0,81.2,92.0,90.5,85.9,83.6,73.6,79.6,75.2,69.0,18.8,8.0,9.5,14.1,16.4,26.4,20.4,24.8,31.0,0.0,0.0,0.0,0.0,0.0,0.0,0.0,0.0,0.0,1197.8,12.00,16,16,16,39,55,661,1,73.5,72.7,75.2,68.0,71.3,70.5,69.7,68.1,66.4,67.0,65.9,65.0,62.7,63.0,62.3,54.0,51.3,1.312,1.031,1.325,14.478,11.187,14.475,73.037,40.011,4.399,6.040,5.854,4.949,4.428,3.382,4.077,3.525,2.939,19.467,11.528,30.995,40.093,1197.8,1197.8,4089.0,4089.3,4088.7,4090.5,45.6,24.1,81.2,76.6,55.1,No,No,No,1.345,0.071,6.5,48,95.0,100.0,No,No,91293,99096,35,99.0,No,No,3320,0.1,0.1,0.2,0.163,0.135,79695,49936,0.0,0.0,0.0,0.000,0.000,52,0,48.0,62.5,83.0,0.694,12.143,12.190,12.160,12.079,1129,40.905,16.547,21.151,5.742,34.900,23.131,11.750,0.336,21.151,19.817,10.713,16.780,220.000,240.000,1140.0,1250.2,990.0,1115.7,1080.0,39.0,10.0,0.0,0.0,20.8,4.2,16.8,0.0,0.0,0.0,33,Yes,No,No,No,No,Yes,No,18.6,20.3,0,0,0,0,0,0,0,0,0,0,0,0,0,0,0,0,0,0,0,0,0,0,0,0,0,0,0,0,0,0,6486,1706,1540,108,8.0,239.7,257.2,225.8,215.6,220.9,213.1,71.2,412.4,28.9,26.8,26.6,26.6,4.17,4.51,3.87,3.77,4.58,4.70,0.36,0.38,4.05,0.12,4.12,0,0,0.0,0.0,13575,1180,5.6,3.8,0,
8.7.2026,15:14:37.550,17458,28536,37.9,12794,19888,39.1,0.5,13312,70,1.318,1.312,1.319,1.319,1.319,1.319,1.319,1.319,1.319,4067.7,4067.7,4067.7,4067.7,4067.7,4067.7,4067.7,4067.7,4067.7,99.8,1598.9,3718.6,2363.0,2041.5,2242.4,1736.5,1788.5,1560.3,1500.9,950.3,1034.3,1426.6,1234.7,1081.7,1180.8,826.3,896.3,1598.9,35.8,52.6,56.9,48.9,54.3,41.2,42.6,37.0,35.6,22.4,24.6,33.8,29.3,25.1,28.0,19.5,21.2,56.9,35.8,40.4,59.4,64.3,55.2,61.3,46.5,48.1,41.8,40.2,25.2,27.8,38.2,33.0,28.3,31.6,21.9,23.9,40.4,40.8,40.8,40.8,40.8,40.8,40.8,40.8,40.8,40.8,0.0,82.3,91.2,89.7,86.2,84.5,76.1,80.6,76.7,72.8,17.7,8.8,10.3,13.8,15.5,23.9,19.4,23.3,27.2,0.0,0.0,0.0,0.0,0.0,0.0,0.0,0.0,0.0,1197.8,12.00,16,16,16,39,55,661,1,73.1,73.5,72.5,68.8,71.6,70.9,70.5,68.8,67.3,68.0,66.9,66.6,62.9,63.2,62.6,53.8,51.4,1.337,1.031,1.344,15.172,11.210,15.169,73.966,40.882,4.579,5.985,5.883,5.085,4.560,3.667,4.262,3.792,3.401,20.334,11.555,31.888,40.989,1197.8,1197.8,4076.9,4077.7,4076.1,4080.5,46.6,25.3,82.2,77.4,55.3,No,No,No,1.343,0.070,6.6,48,95.0,100.0,No,No,91293,99096,35,99.0,No,No,3320,0.1,0.0,0.1,0.090,0.030,79696,49936,0.0,0.0,0.0,0.000,0.000,52,0,48.2,62.7,83.0,0.713,12.139,12.185,12.157,12.075,1130,41.452,16.326,21.808,6.117,35.535,23.401,12.115,0.336,21.808,20.178,2.284,19.679,220.000,240.000,1170.0,1250.2,1020.0,1145.6,1110.0,40.0,10.0,0.0,0.0,20.8,4.2,16.7,0.0,0.0,0.0,33,Yes,No,No,No,No,Yes,No,19.1,23.1,0,0,0,0,0,0,0,0,0,0,0,0,0,0,0,0,0,0,0,0,0,0,0,0,0,0,0,0,0,0,6492,1700,1534,108,8.0,239.8,261.6,224.5,211.0,218.2,207.4,74.4,6020.8,30.0,30.0,30.0,30.0,4.17,4.45,3.77,3.62,4.59,4.80,0.35,0.47,4.05,0.12,2.04,0,0,0.0,0.0,13575,1181,17.2,11.0,0,
8.7.2026,15:14:39.531,17487,28507,38.0,12797,19884,39.1,0.5,13312,70,1.319,1.325,1.325,1.325,1.325,1.312,1.312,1.312,1.312,4070.8,4092.6,4067.7,4067.7,4067.7,4067.7,4067.7,4067.7,4067.7,99.8,1599.4,3727.2,2290.9,2141.4,2290.8,1836.3,1761.4,1603.0,1500.2,925.8,972.0,1421.6,1283.4,1099.3,1137.7,822.4,776.7,1599.4,35.8,54.7,54.9,51.3,55.4,43.5,41.8,37.9,35.5,21.6,23.0,33.6,30.3,25.3,26.8,19.1,18.2,55.4,35.8,40.5,61.9,62.0,58.0,62.6,49.2,47.3,42.8,40.2,24.4,26.0,38.0,34.3,28.6,30.4,21.6,20.6,40.5,40.8,41.0,40.8,40.8,40.8,40.8,40.8,40.8,40.8,0.0,83.1,91.4,92.4,87.4,85.5,75.8,82.1,77.9,72.5,16.9,8.6,7.6,12.6,14.5,24.2,17.9,22.1,27.5,0.0,0.0,0.0,0.0,0.0,0.0,0.0,0.0,0.0,1197.8,12.00,16,16,16,39,55,661,1,73.0,73.1,73.2,68.5,71.2,71.2,70.1,68.7,66.8,67.7,66.4,65.6,63.0,63.3,62.7,53.0,51.1,1.337,1.031,1.344,14.825,11.268,14.833,74.810,40.533,4.491,5.878,6.026,5.047,4.540,3.456,4.237,3.680,3.066,19.854,11.614,31.469,40.596,1197.8,1197.8,4080.0,4080.4,4079.7,4080.4,46.1,24.7,83.1,76.9,55.1,No,No,No,1.413,0.073,6.6,48,95.0,100.0,No,No,91293,99096,35,99.0,No,No,3320,0.2,0.1,0.2,0.208,0.112,79696,49936,0.0,0.0,0.0,0.000,0.000,52,0,48.1,62.8,83.0,0.706,12.143,12.191,12.161,12.079,1129,42.214,16.044,21.760,6.010,35.193,23.082,12.089,0.336,21.760,19.768,2.286,18.152,220.000,240.000,1155.0,1250.2,1005.0,1167.6,1095.0,37.0,9.0,0.0,0.0,21.2,4.1,16.4,0.0,0.0,0.0,33,Yes,No,No,No,No,Yes,No,18.9,25.1,0,0,0,0,0,0,0,0,0,0,0,0,0,0,0,0,0,0,0,0,0,0,0,0,0,0,0,0,0,0,6454,1738,1572,109,8.0,239.8,261.2,220.4,210.4,213.2,210.1,70.9,508.0,30.3,27.0,26.6,26.6,4.17,4.59,3.78,3.34,4.79,5.01,0.36,0.41,4.05,0.12,4.37,0,0,0.0,0.0,13575,1181,7.6,6.8,0,
8.7.2026,15:14:41.533,17496,28498,38.0,12806,19876,39.1,0.5,13312,70,1.348,1.350,1.344,1.344,1.344,1.350,1.350,1.350,1.350,4117.6,4117.6,4117.6,4117.6,4117.6,4117.6,4117.6,4117.6,4117.6,99.8,1037.7,3074.0,1478.2,1696.3,1551.2,1060.8,1266.6,908.7,1104.6,479.8,433.9,757.6,765.5,614.5,616.9,411.0,383.9,1037.7,22.2,39.8,34.6,40.1,36.5,24.7,29.8,21.0,26.0,11.0,10.0,17.4,17.8,13.7,14.3,9.4,8.8,40.1,22.2,25.2,45.3,39.4,45.6,41.6,28.1,33.9,23.9,29.5,12.5,11.3,19.8,20.2,15.6,16.2,10.7,10.0,25.2,41.2,41.2,41.2,41.2,41.2,41.2,41.2,41.2,41.2,0.0,65.5,74.8,75.4,70.8,69.2,56.5,62.7,59.9,54.8,34.5,25.2,24.6,29.2,30.8,43.5,37.3,40.1,45.2,0.0,0.0,0.0,0.0,0.0,0.0,0.0,0.0,0.0,1197.8,12.00,16,16,16,39,55,661,1,71.5,68.9,66.5,65.7,67.8,67.7,67.2,66.0,64.4,64.8,64.3,63.8,62.0,62.3,61.7,53.2,50.7,1.362,1.031,1.363,11.269,10.829,11.279,58.888,35.457,3.523,4.688,4.841,3.921,3.576,2.634,3.148,2.904,2.471,15.251,11.149,26.400,35.447,1197.8,1197.8,4109.1,4109.8,4108.5,4114.6,40.3,18.8,65.4,72.5,53.9,No,No,No,0.874,0.062,5.2,48,95.0,100.0,No,No,91293,99096,35,99.0,No,No,3320,0.1,0.0,0.1,0.223,0.126,79696,49936,0.0,0.0,0.0,0.000,0.000,52,0,48.0,62.5,83.0,0.688,12.142,12.189,12.160,12.078,1130,41.387,16.221,22.130,6.034,35.105,22.779,12.294,0.336,22.130,19.322,2.241,19.837,220.000,240.000,945.0,1250.2,975.0,1212.6,1050.0,28.0,7.0,0.0,0.0,21.2,3.7,14.6,0.0,0.0,0.0,33,Yes,No,No,No,No,Yes,No,18.8,23.3,0,0,0,0,0,0,0,0,0,0,0,0,0,0,0,0,0,0,0,0,0,0,0,0,0,0,0,0,0,0,6458,1734,1568,111,8.0,238.7,265.0,217.1,118.0,140.1,117.1,35.3,186.0,26.6,26.6,26.6,26.6,4.19,4.68,3.74,0.95,7.16,8.57,0.40,0.21,4.08,0.11,0.84,0,0,0.0,0.0,13575,1181,2.8,2.9,0,
8.7.2026,15:14:43.536,17466,28528,37.9,12795,19887,39.1,0.5,13312,70,1.338,1.337,1.337,1.337,1.337,1.337,1.337,1.337,1.337,4117.6,4117.6,4117.6,4117.6,4117.6,4117.6,4117.6,4117.6,4117.6,99.8,866.0,2819.5,1186.6,1648.2,1208.4,808.0,1120.6,758.5,898.4,390.7,318.6,646.3,618.0,479.5,437.3,286.6,230.2,866.0,18.8,36.5,28.1,39.2,28.7,19.4,27.0,18.1,21.7,9.6,7.9,15.5,14.2,11.3,10.7,6.5,5.9,39.2,18.8,20.8,41.1,31.5,44.7,32.1,21.4,30.1,19.9,24.1,10.2,8.2,16.9,16.2,12.1,11.4,7.4,5.9,20.8,41.2,41.2,41.2,41.2,41.2,41.2,41.2,41.2,41.2,0.0,59.0,68.5,69.7,64.3,62.4,50.5,56.3,52.9,47.5,41.0,31.5,30.3,35.7,37.6,49.5,43.7,47.1,52.5,0.0,0.0,0.0,0.0,0.0,0.0,0.0,0.0,0.0,1197.8,12.00,16,16,16,39,55,661,1,69.6,67.6,68.0,64.6,66.3,66.7,65.8,64.8,63.5,63.8,63.3,62.8,61.4,61.6,61.1,53.5,51.2,1.362,1.019,1.363,10.149,10.692,10.148,52.985,33.721,3.222,4.257,4.513,3.512,3.245,2.468,2.929,2.621,2.231,13.788,11.002,24.790,33.788,1197.8,1197.8,4118.2,4120.5,4115.9,4128.8,38.4,16.9,58.9,71.1,53.3,No,No,No,0.704,0.060,4.7,48,95.0,100.0,No,No,91293,99096,35,99.0,No,No,3320,0.1,0.1,0.2,0.201,0.190,79697,49936,0.0,0.0,0.0,0.000,0.000,52,0,47.7,62.4,83.0,0.688,12.145,12.192,12.161,12.081,1131,38.915,14.979,19.434,5.133,33.663,22.845,10.797,0.336,19.434,19.689,1.999,16.461,220.000,240.000,795.0,1250.2,975.0,859.6,1050.0,35.0,7.0,0.0,0.0,21.1,4.3,17.1,0.0,0.0,0.0,33,Yes,No,No,No,No,Yes,No,17.8,23.6,0,0,0,0,0,0,0,0,0,0,0,0,0,0,0,0,0,0,0,0,0,0,0,0,0,0,0,0,0,0,6462,1730,1564,111,8.0,239.8,257.3,224.2,211.1,217.3,208.6,31.5,128.2,26.6,26.6,26.6,26.6,4.17,4.47,3.89,3.64,4.63,4.83,0.44,0.07,4.07,0.10,0.61,0,0,0.0,0.0,13575,1181,7.0,2.5,0,
8.7.2026,15:14:45.533,17466,28528,37.9,12790,19891,39.1,0.5,13312,70,1.326,1.344,1.319,1.319,1.325,1.325,1.325,1.325,1.325,4067.7,4067.7,4067.7,4067.7,4067.7,4067.7,4067.7,4067.7,4067.7,99.8,986.3,2997.8,1382.6,1615.9,1473.5,933.8,1227.6,905.4,981.4,422.3,365.4,718.9,739.8,564.7,510.9,585.5,356.1,986.3,21.1,39.1,32.4,38.8,34.8,21.5,28.8,20.9,23.0,9.5,8.1,16.5,17.6,12.4,11.5,14.4,8.0,39.1,21.1,23.9,44.6,37.0,43.7,39.6,24.5,32.8,23.8,26.2,10.8,9.3,18.8,19.3,14.2,13.0,15.6,9.1,23.9,40.8,40.8,40.8,40.8,40.8,40.8,40.8,40.8,40.8,0.0,62.6,72.8,73.0,67.2,65.6,53.3,59.4,56.1,53.3,37.4,27.2,27.0,32.8,34.4,46.7,40.6,43.9,46.7,0.0,0.0,0.0,0.0,0.0,0.0,0.0,0.0,0.0,1197.8,12.00,16,16,16,39,55,661,1,68.4,67.6,73.8,64.6,66.7,66.3,65.8,64.7,63.3,63.9,63.2,63.1,61.1,61.4,60.9,55.5,50.8,1.350,1.031,1.350,10.611,10.784,10.587,56.171,34.260,3.365,4.559,4.523,3.711,3.355,2.493,3.059,2.722,2.502,14.416,11.100,25.516,34.488,1197.8,1197.8,4118.8,4120.6,4117.0,4129.9,39.2,17.6,62.4,71.2,53.5,No,No,No,0.767,0.063,5.0,49,95.0,100.0,No,No,91293,99096,35,99.0,No,No,3320,0.0,0.0,0.0,0.008,0.075,79697,49937,0.0,0.0,0.0,0.000,0.000,52,0,47.8,62.2,83.0,0.688,12.142,12.189,12.159,12.077,1129,38.944,15.164,19.030,5.192,33.584,22.995,10.572,0.336,19.030,20.087,2.010,18.806,220.000,240.000,735.0,1250.2,975.0,766.6,1050.0,37.0,7.0,0.0,0.0,21.0,5.0,19.9,0.0,0.0,0.0,33,Yes,No,No,No,No,Yes,No,17.8,23.8,0,0,0,0,0,0,0,0,0,0,0,0,0,0,0,0,0,0,0,0,0,0,0,0,0,0,0,0,0,0,6469,1723,1556,109,8.0,239.7,259.7,219.4,216.8,217.6,216.4,31.3,207.7,26.6,26.6,26.6,26.6,4.17,4.54,3.82,3.68,4.61,4.71,0.45,0.07,4.06,0.11,0.95,0,0,0.0,0.0,13575,1181,0.6,0.7,0,
8.7.2026,15:14:47.534,17423,28571,37.8,12752,19930,39.0,0.5,13312,70,1.332,1.337,1.331,1.331,1.331,1.331,1.331,1.331,1.331,4092.6,4092.6,4092.6,4092.6,4092.6,4092.6,4092.6,4092.6,4092.6,99.8,1276.8,3170.3,1717.2,2779.2,1342.8,1434.7,1390.1,1198.7,1237.2,731.6,642.2,1110.5,951.8,875.8,783.9,570.9,492.4,1276.8,28.1,43.7,40.2,67.1,31.4,34.1,32.5,27.9,29.4,17.4,14.7,25.7,22.8,20.3,18.0,12.8,11.0,67.1,28.1,32.2,50.2,46.2,76.3,36.3,38.7,37.5,32.3,33.3,19.6,17.3,29.8,25.8,22.9,21.1,15.2,13.1,32.2,41.0,41.0,41.0,41.0,41.0,41.0,41.0,41.0,41.0,0.0,70.4,77.3,87.8,74.4,71.8,62.2,67.3,64.4,58.1,29.6,22.7,12.2,25.6,28.2,37.8,32.7,35.6,41.9,0.0,0.0,0.0,0.0,0.0,0.0,0.0,0.0,0.0,1197.8,12.00,16,16,16,39,55,661,1,76.2,69.3,67.8,66.1,68.0,68.4,67.2,66.3,64.6,65.4,64.6,63.9,61.7,62.0,61.4,53.5,51.2,1.344,1.019,1.350,12.310,10.796,12.334,63.294,36.866,3.743,4.877,4.926,4.111,3.790,2.922,3.500,3.184,2.635,16.625,11.118,27.743,36.821,1197.8,1197.8,4105.9,4107.3,4104.6,4110.5,41.8,20.6,70.3,73.0,55.2,No,No,No,0.988,0.043,5.6,48,95.0,100.0,No,No,91293,99096,35,99.0,No,No,3320,0.1,0.0,0.1,0.059,0.051,79697,49937,0.0,0.0,0.0,0.000,0.000,52,0,46.3,59.6,83.0,0.669,12.158,12.201,12.173,12.100,1130,32.954,9.162,12.015,2.367,21.570,14.884,6.675,0.336,12.015,12.263,1.762,7.733,220.000,240.000,750.0,202.5,810.0,734.2,885.0,18.0,15.0,0.0,0.0,20.7,3.4,13.8,0.0,0.0,0.0,33,Yes,No,No,No,No,Yes,No,11.0,14.1,0,0,0,0,0,0,0,0,0,1,0,0,0,0,0,0,0,0,0,0,0,0,0,0,0,0,0,0,0,0,6498,1694,1527,108,5.0,239.8,259.0,227.2,214.4,220.2,212.6,7.5,28.3,3.2,3.2,3.2,3.2,4.17,4.47,3.85,3.75,4.55,4.69,0.51,0.10,4.06,0.11,4.33,0,0,0.0,0.0,13575,1181,12.1,4.9,0,
8.7.2026,15:14:49.536,17475,28518,37.9,12811,19870,39.2,0.5,13312,70,1.350,1.344,1.356,1.350,1.350,1.350,1.350,1.350,1.350,4114.5,4092.6,4117.6,4117.6,4117.6,4117.6,4117.6,4117.6,4117.6,99.8,1414.1,3280.1,1739.3,2736.4,1703.1,1617.3,1408.5,1586.1,1102.9,917.5,808.0,1363.5,1038.8,1075.6,838.2,767.0,643.4,1414.1,32.2,51.8,41.8,66.4,41.4,38.4,33.8,38.4,26.1,21.8,19.8,32.4,24.0,25.2,20.4,18.2,15.2,66.4,32.2,36.3,58.8,46.9,75.3,46.4,43.5,37.8,42.9,29.5,24.5,21.6,36.7,27.8,28.4,22.3,20.5,17.1,36.3,41.2,41.0,41.2,41.2,41.2,41.2,41.2,41.2,41.2,0.0,73.3,80.1,92.0,76.0,73.9,65.8,70.4,66.5,61.5,26.7,19.9,8.0,24.0,26.1,34.2,29.6,33.5,38.5,0.0,0.0,0.0,0.0,0.0,0.0,0.0,0.0,0.0,1197.8,12.00,16,16,16,39,55,661,1,73.9,70.3,66.2,66.7,68.8,69.1,67.8,66.9,65.3,66.0,65.1,64.7,61.9,62.1,61.6,55.8,51.3,1.362,1.025,1.369,13.167,10.607,13.164,65.930,37.651,3.963,5.173,5.166,4.262,3.975,3.165,3.709,3.339,2.917,17.724,10.930,28.654,37.713,1197.8,1197.8,4098.0,4099.8,4096.3,4100.6,42.9,21.9,73.3,74.0,55.7,No,No,No,1.169,0.053,5.9,48,95.0,100.0,No,No,91293,99096,35,99.0,No,No,3320,0.5,0.1,0.5,0.923,0.163,79699,49937,0.0,0.0,0.0,0.000,0.000,52,0,45.8,59.1,83.0,0.669,12.153,12.196,12.168,12.094,1130,24.098,9.300,12.059,2.256,21.854,15.154,6.699,0.336,12.059,12.407,2.467,7.706,220.000,240.000,420.0,202.5,810.0,589.7,885.0,34.0,20.0,0.0,1.0,20.3,1.6,6.2,0.0,0.0,0.0,33,Yes,No,No,No,No,Yes,No,11.4,14.3,0,0,0,0,0,0,0,0,0,1,0,0,0,0,0,0,0,0,0,0,0,0,0,0,0,0,0,0,0,0,6525,1667,1529,111,5.0,239.8,260.3,217.9,213.2,215.4,212.2,18.7,82.5,3.3,3.2,3.2,3.2,4.17,4.65,3.80,3.59,4.69,4.74,0.69,0.10,4.05,0.12,1.79,0,0,0.0,0.0,13575,1181,2.6,2.5,0,
8.7.2026,15:14:51.537,17438,28556,37.9,12825,19856,39.2,0.5,13312,70,1.302,1.288,1.294,1.294,1.294,1.294,1.319,1.319,1.312,4033.4,4017.8,4042.7,4042.7,4042.7,4042.7,4042.7,4017.8,4017.8,99.8,2055.8,3401.1,2328.7,2238.2,3204.3,2120.2,2176.5,2205.1,1938.3,1568.6,1640.9,2062.2,1758.8,1741.8,1596.5,1496.3,1415.2,2055.8,48.9,63.4,56.5,54.6,78.5,51.4,52.9,53.7,47.2,38.0,40.0,50.5,43.2,41.8,38.6,36.8,34.8,78.5,48.9,54.9,71.1,63.7,61.6,88.7,57.9,59.6,60.5,53.2,42.9,45.0,56.5,48.2,47.2,43.5,40.9,38.7,54.9,40.4,40.2,40.5,40.5,40.5,40.5,40.5,40.2,40.2,0.0,79.5,83.6,93.0,81.3,80.6,74.5,77.7,75.0,70.6,20.5,16.4,7.0,18.7,19.4,25.5,22.3,25.0,29.4,0.0,0.0,0.0,0.0,0.0,0.0,0.0,0.0,0.0,1197.8,12.00,16,16,16,39,55,661,1,83.8,77.1,85.5,72.5,73.4,76.3,73.4,73.6,70.6,72.2,70.0,70.6,63.2,63.4,63.0,55.8,51.9,1.319,1.044,1.331,20.959,10.594,20.918,71.547,47.476,5.900,6.462,7.742,6.179,6.141,5.086,5.718,5.023,4.851,27.909,10.953,38.862,47.909,1197.8,1197.8,4077.1,4078.3,4075.8,4080.6,54.4,34.9,79.5,81.1,59.0,No,No,No,1.367,0.037,6.4,49,95.0,100.0,No,No,91293,99096,35,99.0,No,No,3320,4.4,0.1,4.5,10.666,0.177,79719,49937,0.0,0.0,0.0,0.000,0.000,52,0,45.6,58.5,83.0,0.669,12.146,12.189,12.162,12.087,1130,23.372,8.872,11.263,2.023,21.356,15.096,6.257,0.336,11.263,12.473,1.624,7.034,220.000,240.000,495.0,202.5,555.0,472.0,600.0,27.0,16.0,0.0,0.0,20.7,1.9,7.6,0.0,0.0,0.0,33,Yes,No,No,No,No,Yes,No,10.8,13.7,0,0,0,0,0,0,0,0,0,3,0,0,0,0,0,0,0,0,0,0,0,0,0,0,0,0,0,0,0,0,6495,1697,1531,109,5.0,239.7,255.5,225.2,215.9,220.3,214.5,6.3,199.3,3.4,3.3,3.3,3.3,4.17,4.44,3.90,3.78,4.50,4.60,0.70,0.07,4.04,0.13,1.34,0,0,0.0,0.0,13575,1181,2.1,0.7,0,
8.7.2026,15:14:53.528,17855,28139,38.8,13075,19607,40.0,0.5,13312,70,1.324,1.319,1.325,1.325,1.325,1.325,1.325,1.325,1.325,4067.7,4067.7,4067.7,4067.7,4067.7,4067.7,4067.7,4067.7,4067.7,99.8,1666.3,3333.0,1891.7,1629.6,3144.4,1732.4,1900.1,1736.1,1510.6,1165.7,1029.6,1575.9,1217.2,1264.6,1102.3,1085.3,1343.0,1666.3,38.8,55.1,45.7,39.2,77.1,41.9,46.1,42.2,36.8,28.4,24.5,38.2,29.5,30.3,26.8,26.5,32.5,77.1,38.8,43.5,61.8,51.2,44.3,86.9,46.9,51.7,47.1,41.1,31.6,27.9,42.7,32.9,33.8,29.8,29.3,36.7,43.5,40.8,40.8,40.8,40.8,40.8,40.8,40.8,40.8,40.8,0.0,78.1,82.0,95.2,81.5,79.4,70.1,74.7,71.0,70.6,21.9,18.0,4.8,18.5,20.6,29.9,25.3,29.0,29.4,0.0,0.0,0.0,0.0,0.0,0.0,0.0,0.0,0.0,1197.8,12.00,16,16,16,39,55,661,1,81.1,77.3,80.0,71.7,72.1,75.9,72.7,72.1,69.6,70.9,69.0,71.0,64.3,64.6,64.1,53.2,51.3,1.356,1.031,1.363,16.628,10.727,16.664,70.258,42.760,4.929,5.376,7.163,5.262,4.869,3.866,4.442,3.983,4.468,22.194,11.070,33.263,42.536,1197.8,1197.8,4067.8,4068.6,4067.0,4068.6,48.3,27.8,78.1,81.4,56.1,No,No,No,2.974,0.139,6.2,48,95.0,100.0,No,No,91293,99096,35,99.0,No,No,3320,2.1,0.1,2.2,9.090,0.317,79736,49938,0.0,0.0,0.0,0.000,0.000,52,0,45.4,58.7,83.0,0.669,12.153,12.197,12.168,12.095,1130,23.836,8.921,11.479,2.147,21.258,14.876,6.377,0.336,11.479,12.271,1.767,7.217,220.000,240.000,735.0,202.5,645.0,722.7,705.0,22.0,16.0,0.0,0.0,23.2,2.5,10.1,0.0,0.0,0.0,33,Yes,No,No,No,No,Yes,No,10.8,13.9,0,0,0,0,0,0,0,0,0,3,0,0,0,0,0,0,0,0,0,0,0,0,0,0,0,0,0,0,0,0,6290,1902,1737,150,5.0,239.7,271.2,218.7,207.1,213.0,204.1,4.4,7.4,3.5,3.5,3.5,3.5,4.17,4.58,3.69,3.58,4.71,4.91,0.64,0.09,4.06,0.11,10.62,0,0,0.0,0.0,13575,1181,1.6,2.8,0,
8.7.2026,15:14:55.537,17901,28093,38.9,13117,19565,40.1,0.5,13312,70,1.327,1.337,1.325,1.325,1.325,1.325,1.325,1.325,1.325,4073.9,4117.6,4067.7,4067.7,4067.7,4067.7,4067.7,4067.7,4067.7,99.8,1040.6,2839.7,1227.4,1604.7,2612.0,1033.4,1183.1,1093.7,716.3,471.8,437.1,906.1,595.9,664.5,581.4,355.5,327.4,1040.6,23.1,41.4,28.7,39.1,63.5,24.2,27.8,25.9,16.7,11.0,10.8,21.3,13.7,15.1,13.5,8.2,8.2,63.5,23.1,26.0,46.9,32.5,43.9,72.1,27.3,31.5,29.3,18.9,12.3,11.4,24.1,15.6,17.1,15.2,9.2,8.4,26.0,40.8,41.2,40.8,40.8,40.8,40.8,40.8,40.8,40.8,0.0,64.5,69.4,95.3,66.9,64.5,53.6,60.1,56.8,49.6,35.5,30.6,4.7,33.1,35.5,46.4,39.9,43.2,50.4,0.0,0.0,0.0,0.0,0.0,0.0,0.0,0.0,0.0,1197.8,12.00,16,16,16,39,55,661,1,80.4,79.1,75.0,68.0,67.6,78.9,68.4,68.4,64.9,66.4,64.9,64.2,62.3,62.6,62.0,53.2,51.0,1.344,1.031,1.344,12.442,10.137,12.449,58.094,36.200,4.043,4.379,9.057,4.066,3.567,2.679,3.285,2.930,2.380,16.808,10.442,27.250,36.260,1197.8,1197.8,4096.0,4099.8,4092.2,4100.4,41.2,20.7,64.5,83.2,51.8,No,No,No,0.650,0.024,5.2,48,95.0,100.0,No,No,91293,99096,35,99.0,No,No,3320,0.1,0.0,0.1,0.085,0.069,79737,49938,0.0,0.0,0.0,0.000,0.000,52,0,45.0,57.8,83.0,0.669,12.157,12.199,12.172,12.101,1129,23.269,8.325,10.960,1.964,19.634,13.541,6.089,0.336,10.960,10.987,1.641,7.141,220.000,240.000,420.0,101.2,555.0,484.0,600.0,33.0,29.0,0.0,0.0,23.2,1.4,5.4,0.0,0.0,0.0,33,Yes,No,No,No,No,Yes,No,10.0,13.1,0,0,0,0,0,0,0,0,0,4,0,0,0,0,0,0,0,0,0,0,0,0,0,0,0,0,0,0,0,0,6290,1902,1737,148,2.5,239.7,261.2,220.5,215.6,217.0,214.8,2.2,2.5,1.9,1.9,1.9,1.9,4.17,4.56,3.82,3.69,4.62,4.66,0.82,0.01,4.08,0.09,12.54,0,0,0.0,0.0,13575,1181,1.0,0.3,0,
8.7.2026,15:14:57.532,17985,28008,39.1,13177,19505,40.3,0.5,13312,70,1.328,1.325,1.325,1.325,1.325,1.325,1.325,1.337,1.337,4092.6,4092.6,4092.6,4092.6,4092.6,4092.6,4092.6,4092.6,4092.6,99.8,1003.1,3004.9,1271.2,2090.3,1179.8,1327.3,942.2,1112.5,793.5,481.3,408.0,819.0,624.5,675.1,466.3,447.0,406.9,1003.1,21.7,42.1,29.7,50.1,27.6,31.4,22.1,26.1,18.5,11.2,9.4,19.1,14.4,15.4,10.7,10.4,9.4,50.1,21.7,24.7,48.0,33.8,57.0,31.4,35.7,25.1,29.7,21.1,12.7,10.6,21.7,16.3,17.4,12.1,11.8,10.6,24.7,41.0,41.0,41.0,41.0,41.0,41.0,41.0,41.0,41.0,0.0,63.8,73.0,77.0,69.6,66.8,54.3,60.2,57.0,52.8,36.2,27.0,23.0,30.4,33.2,45.7,39.8,43.0,47.2,0.0,0.0,0.0,0.0,0.0,0.0,0.0,0.0,0.0,1197.8,12.00,16,16,16,39,55,661,1,77.4,70.1,73.8,65.9,67.5,69.1,67.3,66.3,64.3,64.9,64.3,63.8,61.8,62.1,61.6,52.5,50.9,1.362,1.025,1.356,11.397,10.406,11.390,57.372,35.097,3.575,4.593,5.284,3.985,3.552,2.637,3.166,2.871,2.509,15.480,10.715,26.195,35.204,1197.8,1197.8,4114.7,4116.7,4112.8,4121.6,40.0,19.0,63.7,73.7,53.9,No,No,No,0.870,0.031,5.1,48,95.0,100.0,No,No,91293,99096,35,99.0,No,No,3320,0.0,0.1,0.1,0.081,0.350,79737,49939,0.0,0.0,0.0,0.000,0.000,52,0,45.0,57.8,83.0,0.669,12.156,12.199,12.171,12.097,1131,23.408,8.715,10.834,2.001,21.044,15.025,6.019,0.336,10.834,12.563,1.595,6.904,220.000,240.000,360.0,101.2,555.0,450.0,600.0,28.0,16.0,0.0,0.0,23.4,1.8,7.1,0.0,0.0,0.0,33,Yes,No,No,No,No,Yes,No,10.6,14.0,0,0,0,0,0,0,0,0,0,6,0,0,0,0,0,0,0,0,0,0,0,0,0,0,0,0,0,0,0,0,6275,1917,1751,118,2.5,203.2,0.0,37.4,8.0,11.1,7.7,15.4,241.1,6.1,5.8,5.8,5.8,4.97,33.51,0.09,0.06,92.74,129.51,1.10,0.09,4.61,0.36,4.61,0,0,0.0,0.0,13575,1181,5.2,6.0,0,
8.7.2026,15:14:59.533,18002,27992,39.1,13162,19520,40.2,0.5,13312,70,1.326,1.319,1.312,1.312,1.312,1.337,1.337,1.337,1.337,4077.0,4067.7,4092.6,4092.6,4092.6,4067.7,4067.7,4067.7,4067.7,99.8,1419.9,3602.4,1633.1,2733.6,1617.1,1823.6,1361.2,1542.0,1203.3,895.0,699.2,1421.0,1004.0,1097.1,761.7,689.4,634.5,1419.9,31.7,61.4,38.3,65.8,38.3,42.9,31.7,36.1,27.9,20.6,15.8,33.3,23.1,25.0,17.2,15.6,14.3,65.8,31.7,35.9,69.6,43.4,74.6,43.5,48.7,35.9,40.9,31.6,23.2,17.9,37.7,26.2,28.3,19.4,17.6,16.2,35.9,40.8,40.8,41.0,41.0,41.0,40.8,40.8,40.8,40.8,0.0,78.4,88.0,91.3,82.5,80.3,70.3,76.8,71.6,66.3,21.6,12.0,8.7,17.5,19.7,29.7,23.2,28.4,33.7,0.0,0.0,0.0,0.0,0.0,0.0,0.0,0.0,0.0,1197.8,12.00,16,16,16,39,55,661,1,75.1,72.7,74.5,67.7,70.1,71.3,69.0,67.9,65.9,66.7,65.4,64.9,62.5,62.9,62.2,54.2,51.9,1.337,1.038,1.344,13.906,11.126,13.894,70.558,39.152,4.249,5.658,6.157,4.619,4.205,3.212,3.885,3.368,2.884,18.723,11.466,30.190,39.266,1197.8,1197.8,4093.2,4093.7,4092.7,4093.7,44.6,23.2,78.4,76.5,55.0,No,No,No,1.395,0.033,6.3,48,95.0,100.0,No,No,91293,99096,35,99.0,No,No,3320,0.0,0.0,0.1,0.002,0.040,79737,49939,0.0,0.0,0.0,0.000,0.000,52,0,47.6,62.6,83.0,0.925,12.137,12.182,12.157,12.072,1129,49.574,19.449,31.506,8.382,41.114,23.600,17.504,0.336,31.506,18.340,5.140,17.066,220.000,240.000,1725.0,1750.2,1515.0,1724.2,1635.0,16.0,3.0,0.0,0.0,23.4,1.3,5.0,0.0,0.0,0.0,33,Yes,No,No,No,No,Yes,No,22.7,26.5,0,0,0,0,0,0,0,0,0,7,0,0,0,0,0,0,0,0,0,0,0,0,0,0,0,0,0,0,0,0,6274,1918,1753,116,8.0,239.7,263.9,218.5,209.6,213.5,208.1,77.9,387.3,16.6,12.9,12.5,12.5,4.17,4.60,3.78,3.67,4.72,4.82,0.24,0.47,4.07,0.11,0.87,0,0,0.0,0.0,13575,1181,1.2,1.1,0,
8.7.2026,15:15:1.533,17999,27995,39.1,13189,19493,40.3,0.5,13312,70,1.356,1.356,1.356,1.356,1.356,1.356,1.356,1.356,1.356,4117.6,4117.6,4117.6,4117.6,4117.6,4117.6,4117.6,4117.6,4117.6,99.8,936.7,3003.1,1318.8,1504.2,1319.0,1290.1,798.1,1115.5,648.4,409.3,415.0,815.7,641.4,566.0,455.9,347.5,339.7,936.7,19.6,39.3,30.8,35.6,30.9,30.4,18.5,26.2,15.0,8.7,8.7,18.4,14.7,12.7,9.5,7.2,6.9,39.3,19.6,22.5,44.7,34.9,40.4,35.0,34.6,21.0,29.8,16.9,10.5,10.5,21.5,16.6,14.3,11.6,8.9,8.6,22.5,41.2,41.2,41.2,41.2,41.2,41.2,41.2,41.2,41.2,0.0,62.9,73.1,71.2,67.8,66.1,54.8,61.3,57.5,51.7,37.1,26.9,28.8,32.2,33.9,45.2,38.7,42.5,48.3,0.0,0.0,0.0,0.0,0.0,0.0,0.0,0.0,0.0,1197.8,12.00,16,16,16,39,55,661,1,72.4,68.0,64.8,65.2,67.0,66.8,66.4,65.2,64.1,64.5,63.9,63.6,61.8,62.0,61.5,55.5,51.5,1.362,1.025,1.363,10.527,10.583,10.550,56.529,34.192,3.315,4.414,4.382,3.655,3.326,2.550,3.082,2.730,2.379,14.247,10.893,25.140,34.187,1197.8,1197.8,4108.4,4109.7,4107.0,4116.5,38.8,17.6,62.8,71.6,53.4,No,No,No,0.794,0.031,5.0,49,95.0,100.0,No,No,91293,99096,35,99.0,No,No,3320,0.0,0.1,0.1,0.039,0.131,79737,49939,0.0,0.0,0.0,0.000,0.000,52,0,45.7,59.1,83.0,0.669,12.157,12.200,12.172,12.099,1129,38.944,9.543,12.910,2.611,22.348,15.172,7.172,0.336,12.910,12.404,1.826,7.744,220.000,240.000,870.0,202.5,810.0,1621.2,885.0,32.0,19.0,0.0,0.0,23.3,1.1,4.4,0.0,0.0,0.0,33,Yes,No,No,No,No,Yes,No,11.5,14.5,0,0,0,0,0,0,0,0,0,8,0,0,0,0,0,0,0,0,0,0,0,0,0,0,0,0,0,0,0,0,6280,1912,1747,116,5.0,239.7,260.1,221.3,209.3,214.1,208.0,239.8,241.4,238.1,236.9,237.6,236.5,4.17,4.54,3.80,3.71,4.68,4.80,0.49,0.14,4.08,0.09,0.11,0,0,0.0,0.0,13575,1181,0.8,0.4,0,
8.7.2026,15:15:3.531,17954,28039,39.0,13147,19534,40.2,0.5,13312,70,1.345,1.350,1.344,1.344,1.344,1.344,1.344,1.344,1.344,4117.6,4117.6,4117.6,4117.6,4117.6,4117.6,4117.6,4117.6,4117.6,99.8,831.3,2952.6,1123.3,1372.5,1238.9,1331.2,608.8,1045.6,606.1,281.9,287.9,667.3,492.3,508.8,365.0,211.0,208.0,831.3,17.6,38.1,26.1,32.3,28.8,31.6,14.0,24.5,14.0,7.2,7.2,16.1,11.2,11.3,8.9,4.8,5.4,38.1,17.6,19.8,43.5,29.7,36.8,32.8,36.0,15.9,28.0,15.9,7.3,7.3,17.5,12.7,12.9,9.3,5.4,5.2,19.8,41.2,41.2,41.2,41.2,41.2,41.2,41.2,41.2,41.2,0.0,60.3,71.7,69.1,67.1,65.4,50.0,57.4,54.7,46.8,39.7,28.3,30.9,32.9,34.6,50.0,42.6,45.3,53.2,0.0,0.0,0.0,0.0,0.0,0.0,0.0,0.0,0.0,1197.8,12.00,16,16,16,39,55,661,1,69.9,66.8,66.5,64.2,66.1,65.7,65.5,64.5,63.1,63.5,63.0,62.5,61.2,61.4,60.9,53.0,51.0,1.344,1.031,1.356,9.780,10.335,9.780,54.193,32.830,3.143,4.252,4.127,3.539,3.270,2.336,2.864,2.605,2.155,13.264,10.635,23.899,32.893,1197.8,1197.8,4119.0,4120.4,4117.7,4123.9,37.4,16.3,60.2,70.3,52.6,No,No,No,0.686,0.030,4.8,49,95.0,100.0,No,No,91293,99096,35,99.0,No,No,3320,0.0,0.0,0.1,0.024,0.008,79737,49939,0.0,0.0,0.0,0.000,0.000,52,0,45.1,58.1,83.0,0.669,12.159,12.202,12.173,12.100,1133,24.765,9.309,12.327,2.331,22.009,15.150,6.848,0.336,12.327,12.356,1.783,7.625,220.000,240.000,765.0,202.5,810.0,819.2,885.0,32.0,20.0,0.0,0.0,23.3,1.9,7.5,0.0,0.0,0.0,33,Yes,No,No,No,No,Yes,No,11.2,14.8,0,0,0,0,0,0,0,0,0,8,0,0,0,0,0,0,0,0,0,0,0,0,0,0,0,0,0,0,0,0,6283,1909,1744,114,5.0,239.7,263.1,217.1,184.9,200.0,178.5,237.7,241.9,235.9,119.7,143.3,119.6,4.17,4.68,3.77,2.95,5.03,5.58,0.78,0.03,4.08,0.09,0.13,0,0,0.0,0.0,13575,1181,0.2,0.7,0,
8.7.2026,15:15:5.531,17940,28053,39.0,13141,19541,40.2,0.5,13312,70,1.343,1.337,1.344,1.344,1.344,1.344,1.344,1.344,1.344,4117.6,4117.6,4117.6,4117.6,4117.6,4117.6,4117.6,4117.6,4117.6,99.8,890.3,3016.8,1214.2,1395.3,1280.2,869.5,1197.3,790.2,916.4,284.0,328.9,651.6,752.2,466.1,445.2,266.6,370.8,890.3,18.5,39.0,28.2,32.9,29.8,19.6,28.3,18.3,21.5,5.7,6.7,15.0,16.9,10.2,9.5,6.0,8.6,39.0,18.5,21.3,44.5,32.2,37.5,34.0,23.1,32.2,20.8,24.6,7.3,8.4,17.1,20.0,11.6,11.5,6.9,9.7,21.3,41.2,41.2,41.2,41.2,41.2,41.2,41.2,41.2,41.2,0.0,62.5,73.3,70.7,69.1,66.9,52.4,60.6,56.6,50.5,37.5,26.7,29.3,30.9,33.1,47.6,39.4,43.4,49.5,0.0,0.0,0.0,0.0,0.0,0.0,0.0,0.0,0.0,1197.8,12.00,16,16,16,39,55,661,1,78.9,67.2,67.0,64.4,66.2,65.8,65.7,64.5,63.1,63.8,63.0,62.8,61.1,61.3,60.8,54.5,51.0,1.375,1.025,1.363,10.190,10.395,10.187,56.182,33.440,3.248,4.365,4.236,3.672,3.299,2.374,3.045,2.645,2.352,13.816,10.700,24.516,33.510,1197.8,1197.8,4117.4,4118.5,4116.2,4122.3,38.1,17.0,62.4,70.8,53.0,No,No,No,0.697,0.030,5.0,49,95.0,100.0,No,No,91293,99096,35,99.0,No,No,3320,0.0,0.0,0.0,0.000,0.026,79737,49939,0.0,0.0,0.0,0.000,0.000,52,0,44.9,58.0,83.0,0.669,12.157,12.202,12.171,12.098,1130,24.628,9.278,12.010,2.257,21.848,15.159,6.672,0.336,12.010,12.440,1.974,8.073,220.000,240.000,750.0,202.5,645.0,726.9,705.0,38.0,19.0,0.0,0.0,23.3,1.9,7.4,0.0,0.0,0.0,33,Yes,No,No,No,No,Yes,No,11.1,14.3,0,0,0,0,0,0,0,0,0,8,0,0,0,0,0,0,0,0,0,0,0,0,0,0,0,0,0,0,0,0,6283,1909,1744,114,5.0,239.8,256.3,221.0,212.4,215.5,211.7,234.6,241.7,119.9,119.8,119.9,119.8,4.17,4.56,3.88,3.61,4.65,4.72,1.00,0.01,4.08,0.09,0.10,0,0,0.0,0.0,13575,1181,0.3,0.9,0,
8.7.2026,15:15:7.528,17889,28105,38.8,13116,19565,40.1,0.5,13312,70,1.352,1.356,1.356,1.356,1.356,1.356,1.344,1.344,1.344,4117.6,4117.6,4117.6,4117.6,4117.6,4117.6,4117.6,4117.6,4117.6,99.8,846.6,2992.7,1148.0,1341.1,1253.7,736.8,1233.1,722.2,916.3,299.4,318.8,572.9,658.4,443.7,426.5,232.8,249.0,846.6,18.0,40.4,26.7,31.5,29.2,17.6,29.2,16.6,21.5,7.6,7.9,13.1,15.9,9.7,10.4,6.0,5.6,40.4,18.0,20.3,46.1,30.4,35.9,33.2,19.4,33.3,19.0,24.5,7.7,8.1,14.9,17.3,11.0,11.0,5.9,6.3,20.3,41.2,41.2,41.2,41.2,41.2,41.2,41.2,41.2,41.2,0.0,60.8,72.7,68.8,67.4,65.5,50.7,58.4,54.9,47.9,39.2,27.3,31.2,32.6,34.5,49.3,41.6,45.1,52.1,0.0,0.0,0.0,0.0,0.0,0.0,0.0,0.0,0.0,1197.8,12.00,16,16,16,39,55,661,1,75.8,66.6,68.0,64.0,65.9,65.4,65.2,64.2,62.8,63.3,62.7,62.2,60.8,61.1,60.6,54.0,51.1,1.375,1.031,1.363,9.785,10.370,9.787,54.540,32.886,3.158,4.330,4.121,3.548,3.234,2.348,2.916,2.591,2.174,13.266,10.672,23.937,32.934,1197.8,1197.8,4118.2,4120.4,4116.0,4130.3,37.4,16.3,60.6,70.1,52.3,No,No,No,0.680,0.030,4.9,49,95.0,100.0,No,No,91293,99096,35,99.0,No,No,3320,0.1,0.0,0.1,0.030,0.018,79737,49939,0.0,0.0,0.0,0.000,0.000,52,0,44.8,57.7,83.0,0.669,12.158,12.202,12.173,12.100,1128,24.672,9.258,12.323,2.294,21.947,15.088,6.846,0.336,12.323,12.263,1.751,7.406,220.000,240.000,735.0,202.5,645.0,765.0,705.0,37.0,20.0,0.0,0.0,23.3,1.9,7.6,0.0,0.0,0.0,33,Yes,No,No,No,No,Yes,No,11.2,14.1,0,0,0,0,0,0,0,0,0,8,0,0,0,0,0,0,0,0,0,0,0,0,0,0,0,0,0,0,0,0,6283,1909,1744,115,5.0,239.8,261.3,219.3,200.1,208.2,197.6,236.7,241.6,139.1,119.8,119.8,119.8,4.17,4.59,3.80,3.50,4.82,5.07,0.93,0.01,4.08,0.09,0.12,0,0,0.0,0.0,13575,1181,2.5,4.7,0,
8.7.2026,15:15:9.535,17889,28105,38.8,13119,19563,40.1,0.5,13312,70,1.343,1.337,1.344,1.344,1.344,1.344,1.344,1.344,1.344,4120.7,4142.5,4117.6,4117.6,4117.6,4117.6,4117.6,4117.6,4117.6,99.8,950.3,3000.4,1197.2,1450.2,1354.7,840.9,1277.6,778.2,1094.1,361.8,370.1,670.2,799.1,557.1,588.0,387.1,478.1,950.3,20.2,38.9,27.9,34.3,31.8,19.6,30.3,17.5,26.0,8.4,8.5,15.5,18.1,12.5,13.7,9.0,10.5,38.9,20.2,23.0,44.3,31.7,39.1,36.2,22.3,34.5,20.5,29.5,9.4,9.6,17.6,21.2,14.2,15.5,10.2,12.6,23.0,41.3,41.5,41.2,41.2,41.2,41.2,41.2,41.2,41.2,0.0,63.8,73.0,71.7,69.2,67.8,54.1,61.5,58.9,53.9,36.2,27.0,28.3,30.8,32.2,45.9,38.5,41.1,46.1,0.0,0.0,0.0,0.0,0.0,0.0,0.0,0.0,0.0,1197.8,12.00,16,16,16,39,55,661,1,73.4,68.2,68.0,64.7,66.0,66.1,65.8,65.0,63.3,64.3,63.6,63.7,60.9,61.2,60.7,54.2,50.3,1.362,1.038,1.363,10.697,10.400,10.690,57.285,34.114,3.398,4.279,4.370,3.792,3.487,2.500,3.202,2.924,2.628,14.495,10.706,25.201,34.190,1197.8,1197.8,4111.3,4112.8,4109.7,4119.6,38.9,17.8,63.6,71.8,53.1,No,No,No,0.722,0.030,5.1,49,95.0,100.0,No,No,91293,99096,35,99.0,No,No,3320,0.1,0.0,0.1,0.040,0.057,79737,49939,0.0,0.0,0.0,0.000,0.000,52,0,44.6,57.8,83.0,0.669,12.157,12.201,12.172,12.099,1129,24.702,9.354,12.665,2.269,22.081,15.039,7.036,0.336,12.665,12.040,1.672,7.733,220.000,240.000,735.0,202.5,645.0,765.0,705.0,37.0,20.0,0.0,1.0,23.3,1.9,7.4,0.0,0.0,0.0,33,Yes,No,No,No,No,Yes,No,11.2,14.3,0,0,0,0,0,0,0,0,0,8,0,0,0,0,0,0,0,0,0,0,0,0,0,0,0,0,0,0,0,0,6283,1909,1744,116,5.0,239.8,256.5,225.5,221.7,223.1,220.8,2.4,4.4,1.7,1.7,1.7,1.7,4.17,4.47,3.87,3.69,4.49,4.50,0.66,0.01,4.08,0.09,0.08,0,0,0.0,0.0,13575,1181,0.3,0.9,0,
8.7.2026,15:15:11.534,18174,27819,39.5,13311,19370,40.7,0.5,13312,70,1.320,1.319,1.325,1.325,1.325,1.325,1.312,1.312,1.312,4077.0,4067.7,4067.7,4067.7,4067.7,4067.7,4092.6,4092.6,4092.6,99.8,1309.1,3320.7,1652.7,2237.4,1537.2,1430.4,1516.4,1203.3,1369.5,754.0,723.9,1107.6,1056.2,954.5,865.2,616.7,599.5,1309.1,29.5,51.3,39.3,53.8,36.7,34.1,36.2,29.1,32.7,17.9,17.2,26.3,25.6,22.1,20.5,14.6,14.8,53.8,29.5,33.2,58.1,44.5,61.0,41.5,38.6,41.0,32.3,37.0,20.2,19.3,29.7,28.3,25.0,23.1,16.4,15.9,33.2,40.8,40.8,40.8,40.8,40.8,40.8,41.0,41.0,41.0,0.0,72.0,81.1,82.2,76.4,74.7,63.9,70.0,67.1,60.6,28.0,18.9,17.8,23.6,25.3,36.1,30.0,32.9,39.4,0.0,0.0,0.0,0.0,0.0,0.0,0.0,0.0,0.0,1197.8,12.00,16,16,16,39,55,661,1,82.0,70.7,77.2,66.7,68.8,69.3,68.0,67.1,65.2,65.7,64.9,64.4,61.4,61.7,61.2,55.0,51.2,1.325,1.031,1.331,13.679,10.554,13.673,64.706,38.143,4.131,5.317,5.726,4.530,4.156,3.216,3.764,3.429,2.914,18.385,10.877,29.263,38.312,1197.8,1197.8,4099.2,4100.9,4097.5,4106.0,43.5,22.8,71.9,74.4,55.4,No,No,No,1.155,0.102,5.8,49,95.0,100.0,No,No,91293,99096,35,99.0,No,No,3320,1.1,0.0,1.1,2.305,0.108,79741,49939,0.0,0.0,0.0,0.000,0.000,52,0,44.5,57.5,83.0,0.669,12.150,12.194,12.165,12.091,1130,24.561,9.434,12.489,2.488,22.360,15.416,6.938,0.336,12.489,12.715,1.757,7.349,220.000,240.000,840.0,202.5,750.0,765.0,810.0,44.0,20.0,0.0,2.0,24.0,2.2,8.6,0.0,0.0,0.0,33,Yes,No,No,No,No,Yes,No,11.6,14.8,0,0,0,0,0,0,0,0,0,8,0,0,0,0,0,0,0,0,0,0,0,0,0,0,0,0,0,0,0,0,6222,1970,1810,131,5.0,238.7,284.1,163.4,120.9,131.2,118.6,222.3,242.5,79.8,50.1,59.9,47.9,4.20,7.09,1.08,0.49,10.16,11.95,1.06,0.02,3.98,0.23,0.40,0,0,0.0,0.0,13575,1181,5.4,2.3,0,
8.7.2026,15:15:13.534,18204,27790,39.5,13345,19337,40.8,0.5,13312,70,1.347,1.350,1.344,1.350,1.356,1.344,1.344,1.344,1.344,4120.7,4142.5,4117.6,4117.6,4117.6,4117.6,4117.6,4117.6,4117.6,99.8,997.9,3141.6,1354.4,1856.4,1321.6,912.2,1278.2,818.2,1100.5,390.4,403.7,743.9,811.2,537.8,563.8,332.8,399.3,997.9,21.5,44.2,31.9,44.4,31.0,21.3,30.3,19.0,26.2,8.9,9.3,17.3,18.9,12.0,13.0,6.9,9.3,44.4,21.5,24.4,50.3,36.3,50.5,35.3,24.2,34.4,21.6,29.7,10.0,10.4,19.7,21.5,13.5,14.7,8.6,10.4,24.4,41.3,41.5,41.2,41.2,41.2,41.2,41.2,41.2,41.2,0.0,64.8,76.4,76.2,69.2,67.7,55.1,62.0,58.6,52.8,35.2,23.6,23.8,30.8,32.3,44.9,38.0,41.4,47.2,0.0,0.0,0.0,0.0,0.0,0.0,0.0,0.0,0.0,1197.8,12.00,16,16,16,39,55,661,1,79.0,69.7,68.0,65.4,68.0,68.4,66.6,65.9,63.7,64.4,63.6,63.1,61.4,61.7,61.2,52.5,50.6,1.375,1.025,1.369,11.302,10.363,11.308,58.179,34.966,3.570,4.994,5.261,3.830,3.582,2.534,3.169,2.802,2.385,15.293,10.670,25.964,34.987,1197.8,1197.8,4111.1,4113.5,4108.7,4119.4,39.8,18.8,64.6,73.4,53.3,No,No,No,0.829,0.052,5.2,49,95.0,100.0,No,No,91293,99096,35,99.0,No,No,3320,0.2,0.0,0.3,0.593,0.014,79743,49939,0.0,0.0,0.0,0.000,0.000,52,0,44.3,57.2,83.0,0.669,12.155,12.199,12.170,12.097,1131,25.169,9.453,12.788,2.501,22.307,15.194,7.104,0.336,12.788,12.365,1.731,7.417,220.000,240.000,915.0,202.5,795.0,915.0,855.0,33.0,20.0,0.0,0.0,24.9,2.1,8.5,0.0,0.0,0.0,33,Yes,No,No,No,No,Yes,No,11.4,14.7,0,0,0,0,0,0,0,0,0,8,0,0,0,0,0,0,0,0,0,0,0,0,0,0,0,0,0,0,0,0,6150,2042,1877,110,5.0,239.7,268.6,219.5,211.6,214.1,211.2,236.7,241.5,140.0,119.9,119.9,119.9,4.17,4.64,3.68,3.58,4.76,4.82,0.86,0.02,4.08,0.09,0.11,0,0,0.0,0.0,13575,1181,1.2,0.7,0,
8.7.2026,15:15:15.536,18201,27793,39.5,13343,19339,40.8,0.5,13312,70,1.338,1.337,1.337,1.337,1.337,1.337,1.337,1.337,1.337,4120.7,4142.5,4117.6,4117.6,4117.6,4117.6,4117.6,4117.6,4117.6,99.8,827.8,2880.2,1156.9,1204.0,1251.0,641.6,1211.5,678.6,905.4,272.4,326.1,573.1,678.5,457.7,469.5,252.3,286.0,827.8,17.4,37.3,26.8,28.4,29.0,14.7,28.7,15.6,21.3,6.2,7.4,13.1,15.8,10.1,10.8,6.4,6.5,37.3,17.4,19.8,42.6,30.6,32.3,33.1,16.8,32.8,17.8,24.3,7.1,8.4,15.0,17.9,11.5,12.3,6.5,7.4,19.8,41.3,41.5,41.2,41.2,41.2,41.2,41.2,41.2,41.2,0.0,59.0,69.9,66.2,65.0,63.2,49.3,56.7,54.2,47.5,41.0,30.1,33.8,35.0,36.8,50.7,43.3,45.8,52.5,0.0,0.0,0.0,0.0,0.0,0.0,0.0,0.0,0.0,1197.8,12.00,16,16,16,39,55,661,1,75.9,66.2,68.2,63.7,65.5,65.0,64.9,63.9,62.6,63.2,62.6,62.1,60.7,60.9,60.4,53.0,50.6,1.356,1.031,1.356,9.638,10.291,9.643,52.907,32.634,3.119,4.213,4.037,3.469,3.172,2.321,2.904,2.618,2.222,13.104,10.590,23.693,32.687,1197.8,1197.8,4124.3,4127.0,4121.6,4138.2,37.1,16.1,58.8,69.7,52.3,No,No,No,0.643,0.027,4.7,49,95.0,100.0,No,No,91293,99096,35,99.0,No,No,3320,0.0,0.0,0.0,0.016,0.018,79743,49940,0.0,0.0,0.0,0.000,0.000,52,0,44.2,57.2,83.0,0.669,12.158,12.201,12.173,12.100,1132,24.731,9.218,11.983,2.416,21.899,15.234,6.657,0.336,11.983,12.679,1.835,7.160,220.000,240.000,795.0,202.5,690.0,830.4,750.0,36.0,20.0,0.0,0.0,24.9,1.9,7.4,0.0,0.0,0.0,33,Yes,No,No,No,No,Yes,No,11.2,15.2,0,0,0,0,0,0,0,0,0,8,0,0,0,0,0,0,0,0,0,0,0,0,0,0,0,0,0,0,0,0,6151,2041,1876,110,5.0,239.8,262.5,221.1,199.2,209.1,195.6,232.6,241.6,119.7,119.6,119.6,119.5,4.17,4.52,3.80,3.54,4.80,5.16,0.90,0.01,4.09,0.08,0.12,0,0,0.0,0.0,13575,1181,3.1,3.3,0,
8.7.2026,15:15:17.532,18207,27787,39.5,13349,19333,40.8,0.5,13312,70,1.363,1.363,1.363,1.363,1.363,1.363,1.363,1.363,1.363,4142.5,4142.5,4142.5,4142.5,4142.5,4142.5,4142.5,4142.5,4142.5,99.8,888.8,2971.4,1170.0,1374.8,1283.1,788.0,1210.7,728.1,968.5,323.5,400.6,615.4,774.0,505.6,492.6,289.6,325.4,888.8,18.8,40.2,27.2,32.3,29.9,18.2,28.7,16.8,22.8,7.3,9.2,14.1,18.1,11.2,11.3,6.6,7.4,40.2,18.8,21.5,45.9,31.0,36.8,34.1,20.7,32.7,19.2,26.0,8.3,10.4,16.1,20.5,12.7,12.8,7.5,8.4,21.5,41.5,41.5,41.5,41.5,41.5,41.5,41.5,41.5,41.5,0.0,61.4,72.1,69.5,67.3,65.6,52.3,59.2,56.0,49.5,38.6,27.9,30.5,32.7,34.4,47.7,40.8,44.0,50.5,0.0,0.0,0.0,0.0,0.0,0.0,0.0,0.0,0.0,1197.8,12.00,16,16,16,39,55,661,1,73.0,66.6,65.8,63.8,65.7,65.3,64.9,64.0,62.7,63.3,62.6,62.1,60.6,60.8,60.3,53.5,50.3,1.362,1.031,1.356,10.177,10.349,10.175,55.153,33.396,3.227,4.353,4.231,3.549,3.274,2.433,3.015,2.671,2.286,13.809,10.653,24.462,33.450,1197.8,1197.8,4120.8,4123.2,4118.4,4131.2,38.0,17.0,61.3,70.1,53.3,No,No,No,0.689,0.030,4.9,49,95.0,100.0,No,No,91293,99096,35,99.0,No,No,3320,0.0,0.0,0.0,0.008,0.008,79743,49940,0.0,0.0,0.0,0.000,0.000,52,0,44.1,56.8,83.0,0.669,12.156,12.199,12.170,12.098,1130,24.498,9.206,12.228,2.354,21.858,15.061,6.793,0.336,12.228,12.341,1.719,7.144,220.000,240.000,750.0,202.5,645.0,781.6,705.0,36.0,19.0,0.0,0.0,24.9,1.9,7.5,0.0,0.0,0.0,33,Yes,No,No,No,No,Yes,No,11.2,14.3,0,0,0,0,0,0,0,0,0,8,0,0,0,0,0,0,0,0,0,0,0,0,0,0,0,0,0,0,0,0,6151,2041,1876,110,5.0,239.8,255.9,222.1,218.5,219.6,217.8,2.5,9.4,1.4,1.4,1.4,1.4,4.17,4.56,3.89,3.63,4.56,4.57,0.75,0.01,4.08,0.09,0.14,0,0,0.0,0.0,13575,1181,1.7,3.6,0,
8.7.2026,15:15:19.534,18151,27843,39.4,13296,19386,40.6,0.5,13312,70,1.355,1.350,1.356,1.356,1.356,1.356,1.356,1.356,1.356,4117.6,4117.6,4117.6,4117.6,4117.6,4117.6,4117.6,4117.6,4117.6,99.8,869.4,2958.2,1196.7,1424.0,1314.3,1045.9,909.8,926.1,723.6,329.9,363.1,629.5,553.9,500.2,450.7,300.3,284.6,869.4,18.3,39.2,27.8,33.6,30.6,24.5,21.2,21.7,16.8,7.5,8.3,14.5,12.6,11.1,10.3,6.9,6.4,39.2,18.3,20.9,44.8,31.7,38.3,34.9,28.0,24.2,24.7,19.2,8.6,9.4,16.5,14.4,12.6,11.7,7.8,7.2,20.9,41.2,41.2,41.2,41.2,41.2,41.2,41.2,41.2,41.2,0.0,60.8,71.8,69.9,66.9,65.3,51.3,57.8,55.4,48.4,39.2,28.2,30.1,33.1,34.7,48.7,42.2,44.6,51.6,0.0,0.0,0.0,0.0,0.0,0.0,0.0,0.0,0.0,1197.8,12.00,16,16,16,39,55,661,1,70.5,66.3,69.8,63.6,65.5,65.3,64.7,63.8,62.5,62.8,62.4,61.9,60.5,60.7,60.2,53.8,50.6,1.362,1.031,1.363,9.914,10.352,9.916,54.590,32.983,3.171,4.285,4.252,3.509,3.222,2.398,2.838,2.635,2.225,13.447,10.654,24.101,33.093,1197.8,1197.8,4122.4,4123.5,4121.3,4133.0,37.6,16.5,60.7,69.8,52.8,No,No,No,0.698,0.031,4.9,49,95.0,100.0,No,No,91293,99096,35,99.0,No,No,3320,0.0,0.0,0.1,0.024,0.036,79743,49940,0.0,0.0,0.0,0.000,0.000,52,0,43.9,56.7,83.0,0.669,12.160,12.204,12.175,12.101,1130,24.689,9.265,12.285,2.355,22.012,15.175,6.825,0.336,12.285,12.424,1.707,7.241,220.000,240.000,750.0,202.5,645.0,780.0,705.0,36.0,20.0,0.0,0.0,24.9,1.9,7.6,0.0,0.0,0.0,33,Yes,No,No,No,No,Yes,No,11.2,15.0,0,0,0,0,0,0,0,0,0,8,0,0,0,0,0,0,0,0,0,0,0,0,0,0,0,0,0,0,0,0,6151,2041,1876,85,5.0,239.7,259.5,220.9,214.5,216.8,214.3,237.7,241.4,237.9,120.0,143.7,119.9,4.17,4.54,3.82,3.72,4.68,4.76,0.87,0.01,4.09,0.08,0.13,0,0,0.0,0.0,13575,1181,0.4,0.3,0,
8.7.2026,15:15:21.529,18151,27842,39.4,13299,19383,40.6,0.5,13312,70,1.343,1.344,1.337,1.337,1.337,1.337,1.350,1.350,1.350,4139.4,4117.6,4142.5,4142.5,4142.5,4142.5,4142.5,4142.5,4142.5,99.8,874.9,2985.6,1200.6,1439.3,1238.1,1253.9,724.1,1039.9,597.9,345.4,334.8,754.7,524.2,537.8,376.9,372.7,272.6,874.9,18.5,40.1,27.9,33.9,28.8,29.6,16.7,24.4,13.8,7.9,7.6,17.7,12.0,12.0,8.5,8.7,6.2,40.1,18.5,21.0,45.8,31.8,38.7,32.8,33.8,19.0,27.8,15.7,9.0,8.6,20.1,13.6,13.6,9.6,9.8,6.9,21.0,41.5,41.2,41.5,41.5,41.5,41.5,41.5,41.5,41.5,0.0,61.5,72.4,70.2,68.4,65.9,51.4,59.1,55.5,49.3,38.5,27.6,29.8,31.6,34.1,48.6,40.9,44.5,50.7,0.0,0.0,0.0,0.0,0.0,0.0,0.0,0.0,0.0,1197.8,12.00,16,16,16,39,55,661,1,68.6,66.2,68.2,63.5,65.3,65.0,64.6,63.7,62.4,62.9,62.2,61.9,60.3,60.6,60.1,54.0,50.8,1.369,1.025,1.356,10.130,10.384,10.127,55.267,33.388,3.197,4.292,4.249,3.555,3.256,2.397,2.939,2.611,2.278,13.751,10.689,24.440,33.425,1197.8,1197.8,4124.9,4126.3,4123.5,4131.9,38.0,16.9,61.4,69.7,53.6,No,No,No,0.689,0.030,4.9,49,95.0,100.0,No,No,91293,99096,35,99.0,No,No,3320,0.0,0.0,0.0,0.000,0.008,79743,49940,0.0,0.0,0.0,0.000,0.000,52,0,43.8,56.8,83.0,0.669,12.159,12.204,12.173,12.100,1129,24.581,9.169,11.906,2.343,21.825,15.198,6.614,0.336,11.906,12.607,1.717,7.233,220.000,240.000,765.0,202.5,690.0,795.0,750.0,35.0,19.0,0.0,0.0,24.9,1.9,7.4,0.0,0.0,0.0,33,Yes,No,No,No,No,Yes,No,11.1,14.2,0,0,0,0,0,0,0,0,0,8,0,0,0,0,0,0,0,0,0,0,0,0,0,0,0,0,0,0,0,0,6151,2041,1876,85,5.0,239.7,262.6,222.5,222.1,222.1,222.1,1.8,1.8,1.8,1.8,1.8,1.8,4.17,4.51,3.77,3.71,4.52,4.52,0.78,0.01,4.08,0.10,0.04,0,0,0.0,0.0,13575,1181,0.2,0.8,0,
8.7.2026,15:15:23.536,18172,27822,39.5,13309,19373,40.7,0.5,13312,70,1.315,1.337,1.312,1.312,1.312,1.312,1.312,1.312,1.306,4052.1,4092.6,4042.7,4042.7,4042.7,4042.7,4042.7,4042.7,4067.7,99.8,1165.9,3326.2,1234.9,2115.6,1309.3,1713.1,1002.1,1436.4,838.3,726.3,509.8,1048.9,791.3,891.4,621.1,587.9,501.3,1165.9,25.9,55.4,28.7,50.8,30.6,40.9,23.4,34.0,19.5,17.0,11.7,24.7,18.4,20.4,14.3,13.7,11.4,55.4,25.9,29.6,63.0,32.8,57.7,34.9,46.6,26.7,38.8,22.3,19.4,13.4,28.2,21.0,23.3,16.4,15.6,13.1,29.6,40.6,41.0,40.5,40.5,40.5,40.5,40.5,40.5,40.8,0.0,70.5,81.1,79.6,76.7,74.0,61.5,67.7,64.9,58.6,29.5,18.9,20.4,23.3,26.0,38.5,32.3,35.1,41.4,0.0,0.0,0.0,0.0,0.0,0.0,0.0,0.0,0.0,1197.8,12.00,16,16,16,39,55,661,1,77.2,68.9,76.5,65.4,67.2,67.2,66.7,65.6,64.1,64.8,64.0,63.8,60.7,60.9,60.5,53.2,50.6,1.325,1.044,1.331,12.733,10.720,12.723,63.368,37.072,3.896,5.089,5.063,4.305,3.898,3.036,3.589,3.247,2.944,17.158,11.042,28.201,37.230,1197.8,1197.8,4106.4,4107.6,4105.1,4112.0,42.3,21.2,70.4,72.6,54.9,No,No,No,1.022,0.253,5.6,49,95.0,100.0,No,No,91293,99096,35,99.0,No,No,3320,0.2,1.6,1.8,0.233,6.512,79743,49952,0.0,0.0,0.0,0.000,0.000,52,0,48.6,63.8,83.0,1.069,12.111,12.151,12.139,12.044,1128,37.263,34.310,64.337,21.557,62.078,26.268,35.742,0.336,64.337,19.514,6.891,42.039,220.000,240.000,1920.0,1750.2,1680.0,759.0,1815.0,39.0,12.0,0.0,4.0,25.0,3.8,15.2,0.0,0.0,0.0,33,Yes,No,No,Yes,No,No,No,38.1,38.7,0,0,0,0,0,0,0,0,0,9,0,0,0,0,0,0,0,0,0,0,0,0,0,0,0,0,0,0,0,0,6142,2050,1884,94,8.0,216.5,306.6,96.7,16.9,26.8,15.3,208.1,242.5,48.2,16.2,23.2,15.0,4.62,13.76,1.18,0.56,39.59,65.49,1.15,0.17,3.95,0.67,1.33,0,0,0.0,0.0,13575,1181,1.8,1.6,0,
8.7.2026,15:15:25.535,18184,27810,39.5,13320,19362,40.7,0.5,13312,70,1.319,1.331,1.312,1.312,1.319,1.319,1.319,1.319,1.319,4070.8,4092.6,4067.7,4067.7,4067.7,4067.7,4067.7,4067.7,4067.7,99.8,1469.2,3773.0,1481.7,3015.4,1297.1,2270.1,1210.7,1871.6,1064.5,930.6,689.0,1637.3,843.3,1247.0,741.6,820.0,614.2,1469.2,33.4,69.2,34.7,72.9,30.6,54.5,28.2,44.5,24.8,21.7,15.9,39.0,19.5,28.8,17.1,19.1,14.1,72.9,33.4,37.8,78.5,39.3,82.6,34.6,61.8,31.9,50.4,28.1,24.6,18.0,44.2,22.1,32.6,19.3,21.6,15.9,37.8,40.8,41.0,40.8,40.8,40.8,40.8,40.8,40.8,40.8,0.0,83.5,92.2,94.5,89.6,86.6,75.1,80.8,77.0,72.3,16.5,7.8,5.5,10.4,13.4,24.9,19.2,23.0,27.7,0.0,0.0,0.0,0.0,0.0,0.0,0.0,0.0,0.0,1197.8,12.00,16,16,16,39,55,661,1,74.5,70.5,69.2,66.9,69.6,69.3,68.9,67.0,65.0,65.7,64.9,64.6,61.8,62.1,61.5,54.5,50.3,1.325,1.025,1.331,14.275,11.234,14.281,75.173,39.820,4.333,5.927,5.831,4.965,4.309,3.212,3.921,3.473,3.024,19.183,11.574,30.757,39.902,1197.8,1197.8,4092.6,4092.6,4092.6,4092.6,45.3,23.8,83.5,74.3,55.1,No,No,No,1.520,0.605,6.7,49,95.0,100.0,No,No,91293,99096,35,99.0,No,No,3320,0.0,0.0,0.0,0.000,0.026,79743,49952,0.0,0.0,0.0,0.000,0.000,52,0,50.8,67.3,83.0,1.069,12.119,12.160,12.147,12.051,1128,84.548,34.712,66.242,22.350,63.272,26.416,36.801,0.336,66.242,19.608,5.526,40.326,220.000,240.000,1920.0,1750.2,1680.0,1916.0,1815.0,40.0,13.0,0.0,4.0,25.0,4.8,19.3,0.0,0.0,0.0,33,Yes,No,No,Yes,No,No,No,39.0,38.6,0,0,0,0,0,0,0,0,0,9,0,0,0,0,0,0,0,0,0,0,0,0,0,0,0,0,0,0,0,0,6142,2050,1885,99,8.0,239.8,267.3,223.5,195.9,208.6,190.8,239.8,242.7,237.1,237.0,237.1,237.0,4.17,4.55,3.73,3.67,4.83,5.26,0.37,0.33,4.06,0.11,0.10,0,0,0.0,0.0,13575,1181,2.2,1.5,0,
8.7.2026,15:15:27.540,18353,27640,39.9,13353,19329,40.8,0.5,13312,70,1.319,1.312,1.331,1.337,1.337,1.312,1.306,1.306,1.306,4061.4,4042.7,4092.6,4092.6,4092.6,4042.7,4042.7,4042.7,4042.7,99.8,1526.5,3754.9,1535.5,1616.4,2804.8,1762.5,1771.8,1710.3,1290.9,969.9,830.3,1665.0,1005.3,1224.1,966.1,786.8,729.4,1526.5,35.0,70.9,36.3,38.7,68.0,41.9,42.1,40.6,30.4,22.8,19.3,39.6,23.5,28.3,22.6,18.2,16.9,70.9,35.0,39.7,80.4,41.2,43.8,77.2,47.5,47.8,46.1,34.5,25.9,21.9,44.9,26.6,32.1,25.6,20.6,19.2,39.7,40.7,40.5,41.0,41.0,41.0,40.5,40.5,40.5,40.5,0.0,81.9,91.7,94.4,87.2,84.4,73.2,79.3,75.3,70.0,18.1,8.3,5.6,12.8,15.6,26.8,20.7,24.7,30.0,0.0,0.0,0.0,0.0,0.0,0.0,0.0,0.0,0.0,1197.8,12.00,16,16,16,39,55,661,1,72.6,71.0,77.5,67.1,70.1,69.8,69.0,67.2,65.3,66.0,65.2,64.5,61.9,62.2,61.5,53.0,50.8,1.331,1.031,1.337,14.422,11.201,14.421,73.749,39.952,4.395,6.080,5.990,4.922,4.268,3.301,3.994,3.593,3.011,19.390,11.543,30.933,40.065,1197.8,1197.8,4095.1,4095.2,4094.9,4095.2,45.5,24.0,81.9,74.7,55.0,No,No,No,1.531,0.542,6.6,49,95.0,100.0,No,No,91293,99096,35,99.0,No,No,3320,0.1,0.0,0.1,0.054,0.105,79743,49952,0.0,0.0,0.0,0.000,0.000,52,0,50.5,66.6,83.0,1.069,12.130,12.174,12.154,12.063,1128,84.866,27.383,50.444,15.206,52.128,24.078,28.025,0.336,50.444,17.190,6.725,29.250,220.000,240.000,1920.0,1750.2,1680.0,1915.9,1815.0,28.0,7.0,0.0,2.0,25.1,4.6,18.3,0.0,0.0,0.0,33,Yes,No,No,Yes,No,No,No,30.7,35.1,0,0,0,0,0,0,0,0,0,9,0,0,0,0,0,0,0,0,0,0,0,0,0,0,0,0,0,0,0,0,6139,2053,1889,106,8.0,239.7,264.7,219.6,209.2,213.3,207.9,239.7,242.5,237.4,236.6,237.0,236.4,4.17,4.59,3.77,3.62,4.70,4.81,0.34,0.34,4.06,0.11,0.11,0,0,0.0,0.0,13575,1181,3.5,5.0,0,
8.7.2026,15:15:29.535,18352,27642,39.9,13350,19332,40.8,0.5,13312,70,1.316,1.337,1.312,1.312,1.312,1.312,1.312,1.312,1.319,4067.7,4067.7,4067.7,4067.7,4067.7,4067.7,4067.7,4067.7,4067.7,99.8,1601.5,3754.7,2316.1,1522.5,2939.9,1462.1,2171.3,1658.2,1426.7,963.3,903.5,1608.7,1116.5,1235.8,978.6,781.0,785.8,1601.5,36.0,55.1,55.4,36.2,71.5,34.7,52.0,39.5,33.9,22.8,21.5,38.7,26.5,28.8,23.1,18.5,18.5,71.5,36.0,40.8,62.4,62.8,41.0,81.0,39.3,58.9,44.8,38.4,25.8,24.3,43.8,29.9,32.6,26.2,20.9,20.9,40.8,40.8,40.8,40.8,40.8,40.8,40.8,40.8,40.8,40.8,0.0,84.2,91.8,94.8,89.5,86.7,76.8,81.9,78.5,73.5,15.8,8.2,5.2,10.5,13.3,23.2,18.1,21.5,26.5,0.0,0.0,0.0,0.0,0.0,0.0,0.0,0.0,0.0,1197.8,12.00,16,16,16,39,55,661,1,71.5,71.2,69.2,67.4,70.3,69.8,69.4,67.5,65.7,66.3,65.6,65.0,62.3,62.6,62.0,53.2,50.6,1.337,1.019,1.344,14.557,11.253,14.553,75.786,40.250,4.383,5.922,5.880,4.984,4.327,3.320,3.971,3.577,3.080,19.547,11.599,31.146,40.293,1197.8,1197.8,4089.4,4089.4,4089.4,4089.4,45.8,24.3,84.2,74.9,55.5,No,No,No,1.660,0.521,6.7,49,95.0,100.0,No,No,91293,99096,35,99.0,No,No,3320,0.1,0.9,1.0,0.162,6.417,79744,49965,0.0,0.0,0.0,0.000,0.000,52,0,49.9,65.8,83.0,0.938,12.135,12.179,12.158,12.069,1129,73.839,25.907,45.126,14.030,50.794,25.696,25.070,0.336,45.126,19.992,4.472,28.427,220.000,240.000,1755.0,1750.2,1530.0,1898.0,1650.0,35.0,9.0,0.0,3.0,26.6,4.0,15.9,0.0,0.0,0.0,33,Yes,No,No,No,No,Yes,No,29.6,31.6,0,0,0,0,0,0,0,0,0,9,0,0,0,0,0,0,0,0,0,0,0,0,0,0,0,0,0,0,0,0,6013,2179,2014,106,8.0,239.8,259.3,220.4,206.1,213.0,203.3,239.8,243.1,236.9,232.3,234.7,231.1,4.17,4.58,3.84,3.52,4.68,4.87,0.36,0.33,4.05,0.12,0.12,0,0,0.0,0.0,13575,1181,2.6,2.0,0,
8.7.2026,15:15:31.535,18343,27650,39.8,13348,19334,40.8,0.5,13312,70,1.321,1.331,1.312,1.312,1.312,1.312,1.312,1.337,1.337,4089.5,4092.6,4092.6,4092.6,4092.6,4092.6,4067.7,4092.6,4092.6,99.8,1462.4,3679.9,2341.9,1584.9,2655.9,1406.0,1915.4,1524.4,1233.3,751.0,757.9,1338.3,1005.7,1008.4,941.8,589.8,664.4,1462.4,32.3,48.2,56.1,37.8,64.4,33.2,45.7,36.2,29.2,17.6,17.8,31.8,23.7,23.1,22.2,13.7,15.5,64.4,32.3,36.5,54.7,63.6,42.8,73.1,37.6,51.9,41.0,33.0,19.9,20.1,36.0,26.8,26.2,25.1,15.4,17.5,36.5,41.0,41.0,41.0,41.0,41.0,41.0,40.8,41.0,41.0,0.0,81.5,89.8,93.9,87.5,84.3,72.4,78.5,75.8,69.3,18.5,10.2,6.1,12.5,15.7,27.6,21.5,24.2,30.7,0.0,0.0,0.0,0.0,0.0,0.0,0.0,0.0,0.0,1197.8,12.00,16,16,16,39,55,661,1,71.0,70.3,70.8,66.8,69.5,69.4,68.7,66.9,65.1,65.6,65.1,64.3,62.0,62.3,61.7,53.5,50.5,1.325,1.031,1.331,13.679,11.179,13.682,73.307,38.995,4.212,5.720,5.797,4.763,4.159,3.106,3.791,3.472,2.884,18.411,11.518,29.929,39.066,1197.8,1197.8,4096.5,4096.6,4096.3,4096.6,44.4,22.8,81.5,74.0,54.5,No,No,No,1.525,0.563,6.5,49,95.0,100.0,No,No,91293,99096,35,99.0,No,No,3320,0.0,0.0,0.0,0.002,0.034,79744,49965,0.0,0.0,0.0,0.000,0.000,52,0,49.8,65.6,83.0,0.912,12.138,12.182,12.160,12.073,1129,62.070,24.894,41.854,13.144,49.198,25.909,23.252,0.336,41.854,20.786,4.099,28.509,220.000,240.000,1710.0,1750.2,1500.0,1727.9,1620.0,38.0,10.0,0.0,4.0,26.6,4.5,17.9,0.0,0.0,0.0,33,Yes,No,No,No,No,Yes,No,28.5,31.3,0,0,0,0,0,0,0,0,0,9,0,0,0,0,0,0,0,0,0,0,0,0,0,0,0,0,0,0,0,0,6013,2179,2014,106,8.0,239.7,259.3,219.7,218.0,218.3,218.0,0.0,0.0,0.0,0.0,0.0,0.0,4.17,4.56,3.83,3.80,4.62,4.71,0.36,0.26,4.06,0.11,0.00,0,0,0.0,0.0,13575,1181,2.3,1.5,0,
8.7.2026,15:15:33.538,18340,27654,39.8,13347,19334,40.8,0.5,13312,70,1.337,1.337,1.331,1.337,1.337,1.337,1.337,1.337,1.337,3987.2,4092.6,4067.7,4092.6,4092.6,3274.1,4092.6,4092.6,4092.6,99.8,1498.7,3718.6,2432.1,2940.6,1415.5,1867.3,1483.3,1492.9,1313.7,716.9,872.9,1049.8,1331.5,920.2,1044.3,630.4,749.3,1498.7,33.1,49.5,58.3,71.2,33.5,44.5,35.0,35.4,31.1,16.7,20.6,24.7,31.6,20.9,24.6,14.6,17.5,71.2,33.1,37.6,56.2,66.1,80.8,38.0,50.5,39.7,40.1,35.3,18.9,23.3,28.0,35.9,23.7,27.9,16.5,19.8,37.6,39.9,41.0,40.8,41.0,41.0,32.8,41.0,41.0,41.0,0.0,81.7,90.8,93.8,86.7,84.5,73.0,78.6,75.3,70.6,18.3,9.2,6.2,13.3,15.5,27.0,21.4,24.7,29.4,0.0,0.0,0.0,0.0,0.0,0.0,0.0,0.0,0.0,1197.8,12.00,16,16,16,39,55,661,1,70.9,70.6,68.0,66.9,69.9,69.3,68.7,66.9,65.1,65.8,65.0,64.4,62.0,62.3,61.6,54.2,50.1,1.319,1.031,1.319,13.942,11.183,13.940,73.486,39.327,4.260,5.993,5.832,4.760,4.179,3.160,3.812,3.415,2.931,18.755,11.522,30.277,39.411,1197.8,1197.8,4095.5,4095.8,4095.3,4095.8,44.8,23.2,81.7,74.4,54.9,No,No,No,1.550,0.548,6.5,49,95.0,100.0,No,No,91293,99096,35,99.0,No,No,3320,0.0,0.0,0.0,0.016,0.104,79744,49965,0.0,0.0,0.0,0.000,0.000,52,0,49.5,65.0,83.0,0.894,12.139,12.183,12.159,12.074,1130,58.966,22.863,37.537,11.416,46.716,25.826,20.853,0.336,37.537,20.899,3.712,23.796,220.000,240.000,1665.0,1750.2,1455.0,1675.2,1575.0,40.0,10.0,0.0,4.0,26.6,4.5,17.8,0.0,0.0,0.0,33,Yes,No,No,No,No,Yes,No,26.6,29.6,0,0,0,0,0,0,0,0,0,9,0,0,0,0,0,0,0,0,0,0,0,0,0,0,0,0,0,0,0,0,6013,2179,2014,106,8.0,239.8,262.8,220.0,214.2,215.7,213.9,239.8,242.8,237.2,237.0,237.1,237.0,4.17,4.59,3.81,3.69,4.69,4.75,0.39,0.34,4.06,0.11,0.10,0,0,0.0,0.0,13575,1181,2.4,2.4,0,
8.7.2026,15:15:35.531,18335,27659,39.8,13345,19337,40.8,0.5,13312,70,1.319,1.312,1.319,1.319,1.319,1.319,1.319,1.319,1.325,4067.7,4067.7,4067.7,4067.7,4067.7,4067.7,4067.7,4067.7,4067.7,99.8,1488.3,3676.7,2368.4,3059.4,1318.0,1840.2,1514.2,1475.1,1319.8,756.7,880.8,1043.6,1281.6,931.1,1017.2,561.7,768.8,1488.3,32.8,48.1,56.6,74.0,31.1,43.9,35.7,34.8,31.1,17.7,20.8,24.5,30.3,21.1,24.0,12.9,18.0,74.0,32.8,37.2,54.6,64.3,84.1,35.3,49.8,40.5,39.5,35.3,20.0,23.6,27.7,34.4,23.9,27.2,14.6,20.4,37.2,40.8,40.8,40.8,40.8,40.8,40.8,40.8,40.8,40.8,0.0,81.5,89.7,94.8,87.6,84.6,73.3,78.0,75.0,69.3,18.5,10.3,5.2,12.4,15.4,26.7,22.0,25.0,30.7,0.0,0.0,0.0,0.0,0.0,0.0,0.0,0.0,0.0,1197.8,12.00,16,16,16,39,55,661,1,70.8,70.5,69.5,66.9,69.6,69.7,68.8,67.0,65.2,65.6,65.1,64.3,62.0,62.3,61.7,55.0,50.6,1.344,1.025,1.350,13.934,11.158,13.935,73.389,39.330,4.268,5.752,5.961,4.863,4.204,3.222,3.776,3.442,2.925,18.779,11.496,30.275,39.413,1197.8,1197.8,4099.1,4099.2,4098.9,4099.2,44.8,23.2,81.5,74.2,54.8,No,No,No,1.560,0.567,6.5,49,95.0,100.0,No,No,91293,99096,35,99.0,No,No,3320,0.0,0.0,0.0,0.008,0.014,79744,49965,0.0,0.0,0.0,0.000,0.000,52,0,49.9,65.4,83.0,0.925,12.138,12.182,12.159,12.072,1130,60.706,24.826,41.851,13.010,49.183,25.895,23.248,0.336,41.851,20.638,4.085,28.166,220.000,240.000,1725.0,1750.2,1515.0,1691.5,1635.0,40.0,10.0,0.0,4.0,26.6,4.6,18.5,0.0,0.0,0.0,33,Yes,No,No,No,No,Yes,No,28.1,31.4,0,0,0,0,0,0,0,0,0,9,0,0,0,0,0,0,0,0,0,0,0,0,0,0,0,0,0,0,0,0,6012,2180,2015,106,8.0,239.8,256.0,223.1,207.5,214.2,205.2,0.0,0.0,0.0,0.0,0.0,0.0,4.17,4.54,3.84,3.54,4.69,4.85,0.38,0.26,4.05,0.12,0.00,0,0,0.0,0.0,13575,1181,6.9,5.6,0,
8.7.2026,15:15:37.540,18397,27597,39.9,13378,19304,40.9,0.5,13312,70,1.331,1.331,1.331,1.331,1.331,1.331,1.331,1.331,1.331,4089.5,4067.7,4092.6,4092.6,4092.6,4092.6,4092.6,4092.6,4092.6,99.8,1558.8,3720.0,2396.7,2335.8,2106.4,1688.9,1900.3,1439.5,1510.8,753.1,960.7,1115.6,1392.9,930.6,1168.4,650.6,871.0,1558.8,34.7,51.5,57.3,56.3,50.6,40.2,45.2,33.9,35.8,17.5,22.7,26.2,33.0,21.1,27.6,15.1,20.4,57.3,34.7,39.3,58.3,65.0,63.8,57.4,45.5,51.3,38.5,40.6,19.8,25.7,29.7,37.4,23.9,31.3,17.1,23.1,39.3,41.0,40.8,41.0,41.0,41.0,41.0,41.0,41.0,41.0,0.0,83.5,90.9,95.0,89.7,86.4,74.9,80.6,77.7,72.6,16.5,9.1,5.0,10.3,13.6,25.1,19.4,22.3,27.4,0.0,0.0,0.0,0.0,0.0,0.0,0.0,0.0,0.0,1197.8,12.00,16,16,16,39,55,661,1,70.8,70.6,69.2,67.1,69.6,69.6,69.2,67.3,65.4,65.9,65.3,64.6,62.1,62.5,61.8,53.0,50.3,1.350,1.038,1.344,14.118,11.191,14.120,75.129,39.555,4.314,5.723,5.841,4.972,4.298,3.247,3.850,3.540,3.043,18.960,11.531,30.491,39.639,1197.8,1197.8,4091.0,4091.0,4091.0,4091.0,45.0,23.5,83.5,74.3,54.8,No,No,No,1.630,0.510,6.7,49,95.0,100.0,No,No,91293,99096,35,99.0,No,No,3320,0.0,0.1,0.1,0.047,0.065,79744,49965,0.0,0.0,0.0,0.000,0.000,52,0,50.5,66.2,83.0,0.931,12.136,12.178,12.158,12.071,1131,63.401,25.330,43.097,13.555,49.811,25.832,23.942,0.336,43.097,20.558,4.201,28.867,220.000,240.000,1740.0,1750.2,1530.0,1729.3,1650.0,38.0,10.0,0.0,3.0,26.6,4.4,17.7,0.0,0.0,0.0,33,Yes,No,No,No,No,Yes,No,28.8,31.0,0,0,0,0,0,0,0,0,0,9,0,0,0,0,0,0,0,0,0,0,0,0,0,0,0,0,0,0,0,0,6011,2181,2015,110,8.0,239.8,272.0,217.8,201.8,209.1,198.1,0.0,0.0,0.0,0.0,0.0,0.0,4.17,4.60,3.65,3.52,4.78,5.06,0.36,0.33,4.05,0.12,0.00,0,0,0.0,0.0,13575,1181,3.5,4.6,0,
8.7.2026,15:15:39.533,18396,27598,39.9,13381,19300,40.9,0.5,13312,70,1.318,1.306,1.306,1.306,1.306,1.306,1.337,1.337,1.337,4080.1,4042.7,4092.6,4092.6,4092.6,4092.6,4092.6,4092.6,4042.7,99.8,1574.7,3688.9,1774.5,1659.6,2732.0,1465.2,2192.4,1415.6,1662.9,800.9,1025.9,1250.9,1417.6,1058.7,1248.1,779.7,1021.9,1574.7,35.9,62.1,42.1,39.7,66.4,34.8,52.7,33.6,39.7,18.9,24.4,29.7,33.8,24.5,29.7,18.3,24.2,66.4,35.9,40.6,70.3,47.6,44.9,75.2,39.4,59.6,38.0,44.9,21.3,27.5,33.5,38.3,27.7,33.6,20.6,27.3,40.6,40.9,40.5,41.0,41.0,41.0,41.0,41.0,41.0,40.5,0.0,83.8,90.3,94.8,89.9,86.5,75.4,81.7,78.2,73.9,16.2,9.7,5.2,10.1,13.5,24.6,18.3,21.8,26.1,0.0,0.0,0.0,0.0,0.0,0.0,0.0,0.0,0.0,1197.8,12.00,16,16,16,39,55,661,1,71.2,71.9,68.5,67.9,69.9,70.0,69.6,68.0,66.0,67.2,66.4,66.2,62.2,62.5,61.9,55.0,51.6,1.337,1.025,1.337,14.865,11.168,14.863,75.451,40.497,4.505,5.689,5.897,5.073,4.468,3.409,4.158,3.861,3.483,19.942,11.512,31.454,40.591,1197.8,1197.8,4084.4,4084.4,4084.4,4084.4,46.1,24.8,83.8,75.7,55.2,No,No,No,1.640,0.513,6.7,49,95.0,100.0,No,No,91293,99096,35,99.0,No,No,3320,0.1,0.1,0.1,0.090,0.118,79744,49965,0.0,0.0,0.0,0.000,0.000,52,0,50.3,65.9,83.0,0.900,12.134,12.177,12.155,12.069,1131,60.851,23.844,39.593,12.177,47.769,25.743,21.995,0.336,39.593,20.662,3.895,26.678,220.000,240.000,1680.0,1750.2,1470.0,1701.8,1590.0,40.0,10.0,0.0,3.0,26.6,4.4,17.8,0.0,0.0,0.0,33,Yes,No,No,No,No,Yes,No,27.4,30.1,0,0,0,0,0,0,0,0,0,9,0,0,0,0,0,0,0,0,0,0,0,0,0,0,0,0,0,0,0,0,6011,2181,2015,110,8.0,239.8,259.6,219.9,209.9,215.4,207.1,0.0,0.0,0.0,0.0,0.0,0.0,4.17,4.59,3.79,3.61,4.68,4.81,0.37,0.27,4.06,0.12,0.00,0,0,0.0,0.0,13575,1181,3.0,2.2,0,
8.7.2026,15:15:41.534,18400,27593,40.0,13384,19298,40.9,0.5,13312,70,1.323,1.331,1.325,1.312,1.312,1.325,1.325,1.325,1.325,4077.0,4092.6,4067.7,4067.7,4067.7,4092.6,4092.6,4067.7,4067.7,99.8,1479.4,3692.3,1555.2,1651.7,2778.0,1453.8,2141.8,1323.4,1586.9,759.0,947.5,1153.7,1267.7,893.2,1103.0,617.9,745.4,1479.4,33.6,65.4,36.4,39.4,67.4,34.5,51.3,31.1,37.6,17.7,22.4,27.2,29.9,20.2,26.1,14.2,17.4,67.4,33.6,38.1,74.2,41.3,44.7,76.4,39.1,58.1,35.3,42.6,20.0,25.4,30.9,33.9,22.9,29.6,16.1,19.7,38.1,40.8,41.0,40.8,40.8,40.8,41.0,41.0,40.8,40.8,0.0,83.1,90.3,95.3,89.8,85.9,74.8,80.5,76.8,71.3,16.9,9.7,4.7,10.2,14.1,25.2,19.5,23.2,28.7,0.0,0.0,0.0,0.0,0.0,0.0,0.0,0.0,0.0,1197.8,12.00,16,16,16,39,55,661,1,71.0,70.8,70.0,67.3,69.6,69.8,69.5,67.4,65.5,66.1,65.3,64.6,62.3,62.6,61.9,53.0,50.5,1.344,1.019,1.344,13.977,11.166,13.982,74.784,39.366,4.304,5.654,5.960,5.052,4.267,3.259,3.824,3.470,2.944,18.772,11.505,30.277,39.430,1197.8,1197.8,4090.4,4090.4,4090.4,4090.4,44.8,23.3,83.1,74.6,54.4,No,No,No,1.601,0.567,6.6,49,95.0,100.0,No,No,91293,99096,35,99.0,No,No,3320,0.0,0.0,0.0,0.000,0.069,79744,49965,0.0,0.0,0.0,0.000,0.000,52,0,50.2,65.9,83.0,0.894,12.134,12.178,12.155,12.069,1131,58.986,25.663,38.171,11.679,47.174,25.937,21.205,0.336,38.171,21.003,27.929,25.027,220.000,240.000,1665.0,1750.2,1455.0,1670.2,1575.0,40.0,11.0,0.0,4.0,26.6,4.5,18.2,0.0,0.0,0.0,33,Yes,No,No,No,No,Yes,No,26.2,29.7,0,0,0,0,0,0,0,0,0,9,0,0,0,0,0,0,0,0,0,0,0,0,0,0,0,0,0,0,0,0,6011,2181,2015,110,8.0,239.8,259.3,222.7,211.7,216.2,210.4,239.8,242.7,237.0,235.0,236.1,234.5,4.17,4.51,3.82,3.71,4.65,4.80,0.38,0.31,4.06,0.12,0.10,0,0,0.0,0.0,13575,1181,2.3,2.1,0,
8.7.2026,15:15:43.535,18441,27553,40.0,13417,19264,41.0,0.5,13312,70,1.330,1.331,1.331,1.331,1.331,1.331,1.331,1.331,1.325,4067.7,4092.6,4067.7,4067.7,4067.7,4067.7,4067.7,4042.7,4067.7,99.8,1735.7,3780.5,1987.7,2809.6,2015.3,2261.2,1773.0,1841.8,1710.8,1156.8,1054.0,1464.6,1520.5,1297.9,1223.5,930.0,944.6,1735.7,39.7,66.6,47.2,67.9,48.4,54.2,42.0,43.8,40.8,27.2,24.7,34.5,36.0,29.9,28.6,21.7,22.0,67.9,39.7,45.2,75.5,53.6,77.0,55.0,61.5,47.8,49.8,46.3,31.0,28.2,39.3,40.9,34.1,32.6,24.8,25.2,45.2,40.8,41.0,40.8,40.8,40.8,40.8,40.8,40.5,40.8,0.0,86.0,92.6,95.7,91.6,89.0,79.1,83.8,80.7,75.8,14.0,7.4,4.3,8.4,11.0,20.9,16.2,19.3,24.2,0.0,0.0,0.0,0.0,0.0,0.0,0.0,0.0,0.0,1197.8,12.00,16,16,16,39,55,661,1,71.5,71.8,72.8,68.3,70.6,70.8,70.3,69.0,66.6,67.3,66.4,65.8,62.7,63.0,62.4,52.5,50.8,1.337,1.031,1.344,15.672,11.250,15.662,77.427,41.633,4.711,5.966,6.210,5.376,4.889,3.675,4.323,3.883,3.369,21.009,11.598,32.607,41.758,1197.8,1197.8,4084.7,4084.7,4084.7,4084.7,47.5,26.1,86.0,75.6,55.6,No,No,No,1.733,0.451,6.9,49,95.0,100.0,No,No,91293,99096,35,99.0,No,No,3320,2.2,0.1,2.3,2.059,0.339,79748,49966,0.0,0.0,0.0,0.000,0.000,52,0,49.7,64.8,83.0,0.906,12.140,12.186,12.159,12.074,1133,57.174,19.585,31.932,8.542,41.706,23.943,17.740,0.336,31.932,18.650,4.540,16.534,220.000,240.000,1695.0,1750.2,1485.0,1683.9,1605.0,18.0,4.0,0.0,1.0,26.6,3.8,15.4,0.0,0.0,0.0,33,Yes,No,No,No,No,Yes,No,23.1,26.6,0,0,0,0,0,0,0,0,0,9,0,0,0,0,0,0,0,0,0,0,0,0,0,0,0,0,0,0,0,0,6011,2181,2015,111,8.0,239.7,255.1,223.3,215.6,219.1,213.9,130.7,268.7,27.4,26.6,26.6,26.6,4.17,4.44,3.90,3.73,4.54,4.66,0.35,0.38,4.05,0.12,0.44,0,0,0.0,0.0,13575,1181,5.0,6.2,0,
8.7.2026,15:15:45.534,18438,27556,40.0,13433,19249,41.1,0.5,13312,70,1.323,1.325,1.319,1.319,1.325,1.325,1.325,1.325,1.325,4089.5,4067.7,4092.6,4092.6,4092.6,4092.6,4092.6,4092.6,4092.6,99.8,1809.4,3829.2,2035.5,2939.8,1892.5,2572.2,1629.6,2014.4,1660.6,1328.3,1021.8,1841.9,1320.4,1539.2,1149.4,1197.4,977.8,1809.4,42.0,67.9,48.9,71.5,45.8,62.5,39.0,48.6,39.9,32.0,24.5,44.4,31.6,36.6,27.4,28.8,23.3,71.5,42.0,47.3,76.6,55.0,80.7,51.6,70.5,43.9,54.7,44.8,35.9,27.4,50.0,35.4,41.1,30.7,32.3,26.1,47.3,41.0,40.8,41.0,41.0,41.0,41.0,41.0,41.0,41.0,0.0,88.0,93.9,96.1,92.8,90.3,81.6,86.6,83.0,79.5,12.0,6.1,3.9,7.2,9.7,18.4,13.4,17.0,20.5,0.0,0.0,0.0,0.0,0.0,0.0,0.0,0.0,0.0,1197.8,12.00,16,16,16,39,55,661,1,71.9,72.7,71.0,69.1,71.5,71.1,71.2,69.5,67.3,68.0,67.2,66.6,63.1,63.4,62.9,53.2,50.9,1.325,1.025,1.337,15.909,11.348,15.920,79.176,42.147,4.775,6.069,6.063,5.500,4.923,3.722,4.422,3.987,3.517,21.295,11.701,32.996,42.198,1197.8,1197.8,4076.6,4076.6,4076.6,4076.6,48.0,26.5,88.0,76.6,55.6,No,No,No,1.912,0.514,7.0,49,95.0,100.0,No,No,91293,99096,35,99.0,No,No,3320,2.6,1.0,3.6,7.039,12.149,79761,49989,0.0,0.0,0.0,0.000,0.000,52,0,50.3,65.6,83.0,0.906,12.135,12.178,12.156,12.071,1129,54.927,22.965,37.461,11.375,46.583,25.747,20.809,0.336,37.461,20.816,3.949,25.114,220.000,240.000,1695.0,1750.2,1485.0,1607.3,1605.0,41.0,11.0,0.0,3.0,26.6,4.0,15.9,0.0,0.0,0.0,33,Yes,No,No,No,No,Yes,No,25.8,29.4,0,0,0,0,0,0,0,0,0,9,0,0,0,0,0,0,0,0,0,0,0,0,0,0,0,0,0,0,0,0,6010,2182,2017,111,8.0,239.8,262.0,219.4,212.5,215.4,211.3,0.0,0.0,0.0,0.0,0.0,0.0,4.17,4.57,3.82,3.54,4.62,4.65,0.35,0.34,4.05,0.12,0.00,0,0,0.0,0.0,13575,1181,21.6,4.8,0,
8.7.2026,15:15:47.536,18421,27573,40.0,13416,19266,41.0,0.5,13312,70,1.320,1.337,1.312,1.319,1.319,1.319,1.319,1.319,1.319,4070.8,4092.6,4067.7,4067.7,4067.7,4067.7,4067.7,4067.7,4067.7,99.8,1448.5,3696.6,1602.7,2870.5,1465.1,2145.3,1410.6,1744.1,1156.2,868.3,697.2,1501.9,892.0,1191.8,734.4,630.3,568.2,1448.5,32.8,63.9,37.7,69.7,34.7,51.5,33.2,41.6,26.9,20.5,16.0,35.9,20.6,27.7,16.8,14.6,12.9,69.7,32.8,37.2,72.5,42.7,79.0,39.3,58.4,37.7,47.1,30.5,23.2,18.2,40.7,23.4,31.5,19.1,16.6,14.7,37.2,40.8,41.0,40.8,40.8,40.8,40.8,40.8,40.8,40.8,0.0,82.8,90.4,94.9,89.3,86.2,74.4,80.1,76.7,70.4,17.2,9.6,5.1,10.7,13.8,25.6,19.9,23.3,29.6,0.0,0.0,0.0,0.0,0.0,0.0,0.0,0.0,0.0,1197.8,12.00,16,16,16,39,55,661,1,71.5,71.2,71.2,67.5,70.1,70.2,69.9,67.9,65.7,66.3,65.6,64.8,62.6,63.0,62.3,54.5,51.4,1.344,1.031,1.344,13.906,11.207,13.899,74.521,39.248,4.287,5.704,5.936,5.035,4.310,3.173,3.840,3.453,2.847,18.672,11.545,30.217,39.357,1197.8,1197.8,4089.4,4089.4,4089.4,4089.4,44.7,23.2,82.8,74.9,54.3,No,No,No,1.605,0.584,6.6,49,95.0,100.0,No,No,91293,99096,35,99.0,No,No,3320,0.0,0.1,0.1,0.094,0.274,79761,49990,0.0,0.0,0.0,0.000,0.000,52,0,51.2,66.8,83.0,0.931,12.133,12.175,12.155,12.068,1131,62.795,25.203,42.997,13.514,49.628,25.716,23.887,0.336,42.997,20.453,4.208,28.297,220.000,240.000,1740.0,1750.2,1530.0,1715.5,1650.0,38.0,10.0,0.0,4.0,26.6,4.5,18.0,0.0,0.0,0.0,33,Yes,No,No,No,No,Yes,No,28.3,31.3,0,0,0,0,0,0,0,0,0,9,0,0,0,0,0,0,0,0,0,0,0,0,0,0,0,0,0,0,0,0,6010,2182,2017,111,8.0,239.8,262.2,219.7,207.4,211.3,206.9,239.8,242.5,237.0,229.6,233.6,227.6,4.17,4.59,3.80,3.58,4.74,4.84,0.36,0.43,4.06,0.11,0.10,0,0,0.0,0.0,13575,1181,7.0,7.0,0,
8.7.2026,15:15:49.533,18427,27566,40.0,13412,19269,41.0,0.5,13312,70,1.320,1.325,1.319,1.319,1.319,1.319,1.319,1.319,1.319,4070.8,4092.6,4067.7,4067.7,4067.7,4067.7,4067.7,4067.7,4067.7,99.8,1572.3,3736.5,1910.6,1647.5,2830.1,1536.2,2113.5,1588.3,1501.0,906.1,899.1,1478.2,1109.0,1211.9,1020.7,819.8,848.4,1572.3,35.7,62.7,45.4,39.3,68.7,36.4,50.5,37.8,35.5,21.4,21.0,35.3,25.9,28.2,23.8,19.3,19.8,68.7,35.7,40.4,71.0,51.4,44.5,77.8,41.3,57.2,42.9,40.2,24.2,23.8,40.0,29.3,31.9,26.9,21.8,22.4,40.4,40.8,41.0,40.8,40.8,40.8,40.8,40.8,40.8,40.8,0.0,84.2,91.5,95.1,89.5,86.7,76.7,81.4,78.8,74.3,15.8,8.5,4.9,10.5,13.3,23.3,18.6,21.2,25.7,0.0,0.0,0.0,0.0,0.0,0.0,0.0,0.0,0.0,1197.8,12.00,16,16,16,39,55,661,1,82.4,71.7,70.0,67.9,70.7,70.5,70.0,68.2,66.1,66.6,66.1,65.4,62.7,63.0,62.4,55.2,50.4,1.331,1.031,1.337,14.465,11.208,14.466,75.811,40.061,4.425,5.877,6.000,5.070,4.470,3.308,3.932,3.656,3.088,19.404,11.551,30.955,40.113,1197.8,1197.8,4084.4,4084.7,4084.2,4084.7,45.6,24.1,84.2,75.5,54.6,No,No,No,1.716,0.503,6.7,49,95.0,100.0,No,No,91293,99096,35,99.0,No,No,3320,0.2,0.6,0.8,0.522,7.295,79762,50004,0.0,0.0,0.0,0.000,0.000,52,0,50.4,65.7,83.0,0.850,12.138,12.181,12.158,12.073,1129,56.642,22.888,36.165,11.146,46.019,25.897,20.092,0.336,36.165,21.321,8.204,23.534,220.000,240.000,1575.0,1750.2,1380.0,1708.7,1485.0,32.0,7.0,0.0,2.0,26.6,3.8,15.0,0.0,0.0,0.0,33,Yes,No,No,No,No,Yes,No,24.9,28.7,0,0,0,0,0,0,0,0,0,9,0,0,0,0,0,0,0,0,0,0,0,0,0,0,0,0,0,0,0,0,6010,2182,2017,111,8.0,239.8,255.4,224.5,213.5,217.6,212.5,0.0,0.0,0.0,0.0,0.0,0.0,4.17,4.47,3.86,3.68,4.60,4.70,0.33,0.28,4.05,0.12,0.00,0,0,0.0,0.0,13575,1181,28.1,5.6,0,
8.7.2026,15:15:51.536,18403,27591,40.0,13375,19306,40.9,0.5,13312,70,1.323,1.306,1.325,1.325,1.325,1.325,1.325,1.325,1.325,4089.5,4067.7,4092.6,4092.6,4092.6,4092.6,4092.6,4092.6,4092.6,99.8,1539.6,3668.4,2206.8,1319.9,3077.7,1343.4,2298.8,1560.3,1515.7,815.6,885.6,1407.1,1087.9,1112.5,965.4,644.5,724.3,1539.6,34.3,51.3,52.6,31.2,74.8,31.8,55.1,37.2,35.9,19.2,20.7,33.6,25.3,25.8,22.4,15.0,16.7,74.8,34.3,38.8,58.1,59.6,35.4,84.7,36.0,62.4,42.2,40.6,21.8,23.4,38.0,28.7,29.2,25.4,17.0,18.9,38.8,41.0,40.8,41.0,41.0,41.0,41.0,41.0,41.0,41.0,0.0,83.8,89.8,95.2,90.7,87.0,76.0,81.5,77.8,72.4,16.2,10.2,4.8,9.3,13.0,24.0,18.5,22.2,27.6,0.0,0.0,0.0,0.0,0.0,0.0,0.0,0.0,0.0,1197.8,12.00,16,16,16,39,55,661,1,79.2,71.1,70.2,67.7,69.9,70.2,70.0,68.1,65.9,66.5,65.9,65.1,62.7,63.0,62.3,53.5,51.2,1.331,1.038,1.337,14.125,11.196,14.124,75.424,39.538,4.331,5.546,5.866,5.146,4.402,3.269,3.908,3.539,2.970,18.928,11.537,30.464,39.615,1197.8,1197.8,4083.5,4083.5,4083.5,4083.5,45.0,23.5,83.8,74.9,54.5,No,No,No,1.624,0.562,6.7,49,95.0,100.0,No,No,91293,99096,35,99.0,No,No,3320,0.0,0.0,0.0,0.008,0.036,79762,50004,0.0,0.0,0.0,0.000,0.000,52,0,50.6,66.1,83.0,0.869,12.136,12.180,12.157,12.072,1129,55.820,21.625,34.371,10.280,44.555,25.436,19.095,0.336,34.371,20.787,3.757,23.258,220.000,240.000,1620.0,1750.2,1410.0,1596.3,1530.0,40.0,10.0,0.0,4.0,26.6,4.4,17.4,0.0,0.0,0.0,33,Yes,No,No,No,No,Yes,No,25.2,29.1,0,0,0,0,0,0,0,0,0,9,0,0,0,0,0,0,0,0,0,0,0,0,0,0,0,0,0,0,0,0,6010,2182,2017,111,8.0,239.8,268.0,221.0,194.3,204.2,192.1,0.0,0.0,0.0,0.0,0.0,0.0,4.17,4.57,3.68,3.24,4.91,5.25,0.37,0.34,4.05,0.12,0.00,0,0,0.0,0.0,13575,1181,4.3,2.1,0,
8.7.2026,15:15:53.534,18406,27587,40.0,13381,19301,40.9,0.5,13312,70,1.315,1.319,1.325,1.312,1.312,1.312,1.312,1.312,1.312,4067.7,4067.7,4067.7,4067.7,4067.7,4067.7,4067.7,4067.7,4067.7,99.8,1572.6,3692.8,2292.5,1887.0,2605.4,1556.1,2105.4,1656.9,1392.3,920.3,863.9,1419.8,1123.4,1160.3,999.9,702.6,782.2,1572.6,35.1,52.3,54.8,45.3,63.1,36.9,50.4,39.5,32.8,21.8,20.2,33.9,26.3,26.9,23.4,16.4,18.1,63.1,35.1,39.8,59.2,62.0,51.3,71.5,41.8,57.0,44.7,37.1,24.6,22.8,38.4,29.8,30.5,26.5,18.6,20.6,39.8,40.8,40.8,40.8,40.8,40.8,40.8,40.8,40.8,40.8,0.0,84.2,90.4,95.4,90.6,87.2,76.4,81.7,78.5,73.2,15.8,9.6,4.6,9.4,12.8,23.6,18.3,21.5,26.8,0.0,0.0,0.0,0.0,0.0,0.0,0.0,0.0,0.0,1197.8,12.00,16,16,16,39,55,661,1,76.2,71.4,69.5,67.8,70.2,70.4,69.9,67.9,66.0,66.6,65.9,65.2,62.7,63.0,62.4,53.8,51.1,1.350,1.038,1.344,14.392,11.222,14.394,75.773,39.917,4.373,5.693,5.959,5.054,4.368,3.326,3.954,3.587,3.041,19.290,11.566,30.855,40.015,1197.8,1197.8,4083.4,4083.4,4083.4,4083.4,45.5,24.0,84.2,75.1,55.0,No,No,No,1.639,0.567,6.7,49,95.0,100.0,No,No,91293,99096,35,99.0,No,No,3320,0.0,0.1,0.1,0.010,0.087,79762,50004,0.0,0.0,0.0,0.000,0.000,52,0,50.8,66.2,83.0,0.881,12.136,12.180,12.157,12.072,1130,56.911,21.947,35.442,10.450,44.980,25.266,19.689,0.336,35.442,20.306,3.976,23.581,220.000,240.000,1635.0,1750.2,1440.0,1631.0,1560.0,38.0,9.0,0.0,3.0,26.6,4.2,16.7,0.0,0.0,0.0,33,Yes,No,No,No,No,Yes,No,25.7,27.6,0,0,0,0,0,0,0,0,0,9,0,0,0,0,0,0,0,0,0,0,0,0,0,0,0,0,0,0,0,0,6010,2182,2017,111,8.0,239.8,257.0,221.7,218.9,219.6,218.8,0.0,0.0,0.0,0.0,0.0,0.0,4.17,4.53,3.83,3.72,4.68,4.81,0.36,0.36,4.05,0.12,0.00,0,0,0.0,0.0,13575,1181,3.3,2.5,0,
8.7.2026,15:15:55.537,18403,27590,40.0,13376,19306,40.9,0.5,13312,70,1.331,1.331,1.331,1.331,1.331,1.331,1.331,1.331,1.331,4092.6,4092.6,4092.6,4092.6,4092.6,4092.6,4092.6,4092.6,4092.6,99.8,1467.3,3580.4,2214.8,2731.4,1605.0,1909.2,1379.1,1584.4,1245.4,813.6,862.6,1201.2,1105.5,990.5,903.4,642.6,708.1,1467.3,32.4,47.5,53.0,66.2,38.2,45.8,32.4,37.8,29.2,19.1,20.2,28.5,25.9,22.8,21.0,15.0,16.4,66.2,32.4,36.8,53.9,60.1,75.1,43.4,52.0,36.8,42.9,33.2,21.7,22.9,32.4,29.4,25.9,23.9,17.0,18.6,36.8,41.0,41.0,41.0,41.0,41.0,41.0,41.0,41.0,41.0,0.0,80.7,87.6,94.8,87.2,83.6,72.0,77.4,73.7,69.7,19.3,12.4,5.2,12.8,16.4,28.0,22.6,26.3,30.3,0.0,0.0,0.0,0.0,0.0,0.0,0.0,0.0,0.0,1197.8,12.00,16,16,16,39,55,661,1,74.1,71.7,71.5,67.8,70.2,70.4,69.5,67.9,66.4,66.7,65.9,65.6,62.6,62.9,62.3,53.8,51.1,1.356,1.025,1.356,14.047,11.138,14.047,72.655,39.441,4.319,5.625,6.032,4.830,4.245,3.387,3.873,3.468,3.096,18.906,11.478,30.384,39.524,1197.8,1197.8,4089.3,4089.5,4089.0,4089.5,44.9,23.4,80.7,75.5,54.5,No,No,No,1.553,0.595,6.5,49,95.0,100.0,No,No,91293,99096,35,99.0,No,No,3320,0.0,0.0,0.0,0.016,0.018,79762,50004,0.0,0.0,0.0,0.000,0.000,52,0,51.0,66.4,83.0,0.881,12.135,12.178,12.157,12.071,1130,57.072,22.725,37.393,11.399,46.354,25.555,20.773,0.336,37.393,20.686,3.807,23.552,220.000,240.000,1635.0,1750.2,1440.0,1624.3,1560.0,39.0,10.0,0.0,4.0,26.6,4.2,16.9,0.0,0.0,0.0,33,Yes,No,No,No,No,Yes,No,26.2,30.1,0,0,0,0,0,0,0,0,0,9,0,0,0,0,0,0,0,0,0,0,0,0,0,0,0,0,0,0,0,0,6009,2183,2018,112,8.0,239.8,256.4,227.3,209.9,215.7,209.5,239.8,242.6,237.1,236.7,236.8,236.6,4.17,4.44,3.87,3.74,4.68,4.82,0.38,0.36,4.06,0.11,0.10,0,0,0.0,0.0,13575,1181,2.2,1.5,0,
8.7.2026,15:15:57.530,18407,27586,40.0,13379,19303,40.9,0.5,13312,70,1.330,1.325,1.331,1.331,1.331,1.331,1.331,1.331,1.331,4089.5,4067.7,4092.6,4092.6,4092.6,4092.6,4092.6,4092.6,4092.6,99.8,1533.4,3659.8,2343.5,2976.3,1593.3,1885.5,1604.3,1515.2,1480.2,691.9,909.6,1043.0,1412.5,890.1,1098.4,637.6,792.6,1533.4,34.1,49.3,56.1,72.3,38.0,45.2,38.0,36.1,35.1,16.3,21.4,24.7,33.5,20.3,25.9,14.9,18.6,72.3,34.1,38.5,55.8,63.5,81.9,42.9,51.1,42.9,40.8,39.7,18.3,24.2,27.9,37.9,22.9,29.2,16.8,20.9,38.5,41.0,40.8,41.0,41.0,41.0,41.0,41.0,41.0,41.0,0.0,82.3,89.5,95.3,88.6,86.1,73.5,79.3,76.0,70.4,17.7,10.5,4.7,11.4,13.9,26.5,20.7,24.0,29.6,0.0,0.0,0.0,0.0,0.0,0.0,0.0,0.0,0.0,1197.8,12.00,16,16,16,39,55,661,1,72.2,71.2,70.2,67.6,70.0,70.4,69.6,68.0,65.6,66.3,65.6,65.1,62.6,62.9,62.2,54.5,51.4,1.350,1.031,1.350,14.136,11.185,14.136,74.111,39.584,4.311,5.686,6.034,4.959,4.360,3.169,3.823,3.470,2.991,18.974,11.528,30.502,39.652,1197.8,1197.8,4088.4,4088.4,4088.4,4088.4,45.1,23.6,82.3,74.9,54.8,No,No,No,1.602,0.572,6.6,49,95.0,100.0,No,No,91293,99096,35,99.0,No,No,3320,0.0,0.0,0.0,0.000,0.108,79762,50004,0.0,0.0,0.0,0.000,0.000,52,0,50.8,66.2,83.0,0.863,12.131,12.174,12.153,12.067,1131,55.062,21.830,34.682,10.457,44.784,25.497,19.266,0.336,34.682,20.894,8.349,19.355,220.000,240.000,1605.0,1750.2,1395.0,1597.5,1515.0,39.0,9.0,0.0,4.0,26.6,4.2,17.0,0.0,0.0,0.0,33,Yes,No,No,No,No,Yes,No,25.3,27.8,0,0,0,0,0,0,0,0,0,9,0,0,0,0,0,0,0,0,0,0,0,0,0,0,0,0,0,0,0,0,6009,2183,2018,112,8.0,239.8,266.2,217.0,203.9,209.5,201.4,239.8,243.0,236.1,235.8,235.9,235.7,4.17,4.59,3.76,3.38,4.81,4.98,0.38,0.30,4.05,0.12,0.12,0,0,0.0,0.0,13575,1181,4.4,4.8,0,
8.7.2026,15:15:59.535,18404,27590,40.0,13373,19308,40.9,0.5,13312,70,1.320,1.325,1.319,1.319,1.319,1.319,1.319,1.319,1.319,4089.5,4067.7,4092.6,4092.6,4092.6,4092.6,4092.6,4092.6,4092.6,99.8,1508.7,3660.8,2163.9,1646.0,2831.2,1407.6,2084.6,1265.3,1605.8,726.0,976.3,1054.1,1340.3,833.6,1145.0,571.9,827.3,1508.7,33.7,53.4,51.6,39.3,68.7,33.3,49.8,29.9,38.1,17.1,22.9,24.9,31.6,18.8,26.9,13.2,19.4,68.7,33.7,38.2,60.5,58.5,44.6,77.9,37.8,56.4,33.9,43.2,19.3,26.0,28.2,35.8,21.3,30.5,15.0,21.9,38.2,41.0,40.8,41.0,41.0,41.0,41.0,41.0,41.0,41.0,0.0,81.7,89.5,95.4,88.5,84.2,72.8,78.5,74.9,69.4,18.3,10.5,4.6,11.5,15.8,27.2,21.5,25.1,30.6,0.0,0.0,0.0,0.0,0.0,0.0,0.0,0.0,0.0,1197.8,12.00,16,16,16,39,55,661,1,71.9,71.1,70.8,67.6,70.1,70.3,69.6,67.8,65.9,66.4,65.8,65.1,62.7,63.0,62.3,53.8,50.9,1.337,1.038,1.337,13.945,11.173,13.946,73.506,39.296,4.286,5.682,5.999,4.940,4.211,3.229,3.799,3.471,2.959,18.739,11.514,30.253,39.401,1197.8,1197.8,4089.2,4089.2,4089.2,4089.2,44.8,23.2,81.7,74.9,54.5,No,No,No,1.589,0.577,6.5,49,95.0,100.0,No,No,91293,99096,35,99.0,No,No,3320,0.0,0.0,0.0,0.000,0.010,79762,50004,0.0,0.0,0.0,0.000,0.000,52,0,51.3,66.7,83.0,0.894,12.134,12.178,12.156,12.069,1130,58.707,23.244,38.079,11.776,47.030,25.840,21.154,0.336,38.079,21.023,4.114,25.005,220.000,240.000,1665.0,1750.2,1455.0,1646.3,1575.0,39.0,10.0,0.0,4.0,26.6,4.4,17.5,0.0,0.0,0.0,33,Yes,No,No,No,No,Yes,No,27.0,30.2,0,0,0,0,0,0,0,0,0,9,0,0,0,0,0,0,0,0,0,0,0,0,0,0,0,0,0,0,0,0,6009,2183,2018,112,8.0,239.8,255.8,223.9,220.6,222.2,220.0,239.8,243.8,236.7,235.0,235.7,234.8,4.17,4.52,3.87,3.85,4.54,4.56,0.39,0.34,4.05,0.12,0.12,0,0,0.0,0.0,13575,1181,2.3,2.2,0,
8.7.2026,15:16:1.538,18405,27589,40.0,13374,19308,40.9,0.5,13312,70,1.329,1.312,1.331,1.331,1.331,1.331,1.331,1.331,1.331,4089.5,4067.7,4092.6,4092.6,4092.6,4092.6,4092.6,4092.6,4092.6,99.8,1453.6,3698.5,1550.9,1468.9,2852.7,1396.1,2087.3,1225.2,1610.2,713.6,878.8,1041.1,1247.0,873.3,1103.4,660.2,850.6,1453.6,33.1,66.0,36.4,34.9,69.2,32.9,49.9,28.9,38.2,16.7,20.7,24.6,29.5,19.9,25.9,15.4,20.0,69.2,33.1,37.5,74.7,41.2,39.5,78.4,37.3,56.5,32.7,43.3,18.9,23.4,27.8,33.4,22.6,29.4,17.4,22.6,37.5,41.0,40.8,41.0,41.0,41.0,41.0,41.0,41.0,41.0,0.0,82.4,90.5,94.4,89.0,85.5,73.5,78.8,76.1,71.0,17.6,9.5,5.6,11.0,14.5,26.5,21.2,23.9,29.0,0.0,0.0,0.0,0.0,0.0,0.0,0.0,0.0,0.0,1197.8,12.00,16,16,16,39,55,661,1,71.5,71.0,70.5,67.6,70.1,70.1,69.7,67.7,65.9,66.3,65.7,65.2,62.7,63.1,62.4,54.5,51.7,1.375,1.025,1.356,13.748,11.135,13.747,74.116,39.031,4.265,5.749,5.810,4.963,4.239,3.181,3.710,3.450,3.018,18.470,11.473,29.943,39.081,1197.8,1197.8,4088.2,4088.2,4088.2,4088.2,44.4,22.9,82.4,74.7,54.0,No,No,No,1.544,0.485,6.6,49,95.0,100.0,No,No,91293,99096,35,99.0,No,No,3320,0.0,0.0,0.0,0.014,0.014,79762,50004,0.0,0.0,0.0,0.000,0.000,52,0,51.2,66.6,83.0,0.856,12.137,12.180,12.158,12.073,1130,55.809,22.124,35.268,10.962,45.558,25.946,19.593,0.336,35.268,21.572,3.559,23.178,220.000,240.000,1590.0,1750.2,1395.0,1622.2,1500.0,40.0,10.0,0.0,3.0,26.6,4.3,17.2,0.0,0.0,0.0,33,Yes,No,No,No,No,Yes,No,25.5,28.8,0,0,0,0,0,0,0,0,0,9,0,0,0,0,0,0,0,0,0,0,0,0,0,0,0,0,0,0,0,0,6009,2183,2018,111,8.0,239.7,255.9,220.2,207.2,210.8,207.1,0.0,0.0,0.0,0.0,0.0,0.0,4.17,4.58,3.86,3.66,4.76,4.85,0.36,0.27,4.05,0.12,0.00,0,0,0.0,0.0,13575,1181,2.9,1.6,0,
8.7.2026,15:16:3.527,18414,27580,40.0,13371,19311,40.9,0.5,13312,70,1.349,1.319,1.337,1.356,1.356,1.356,1.356,1.356,1.356,4073.9,4067.7,4117.6,4067.7,4067.7,4067.7,4067.7,4067.7,4067.7,99.8,1442.2,3713.1,1553.5,1566.1,2732.2,1513.6,1904.3,1316.6,1536.2,763.9,831.6,1150.4,1206.8,894.5,1073.9,627.9,690.5,1442.2,32.7,66.4,36.5,37.3,66.2,35.9,45.3,31.1,36.3,17.8,19.4,27.2,28.3,20.3,25.2,14.5,16.0,66.4,32.7,37.1,75.2,41.4,42.3,75.0,40.7,51.4,35.3,41.2,20.3,22.0,30.8,32.1,23.1,28.6,16.5,18.2,37.1,40.8,40.8,41.2,40.8,40.8,40.8,40.8,40.8,40.8,0.0,82.3,90.8,94.6,88.6,85.0,73.7,79.0,75.8,70.7,17.7,9.2,5.4,11.4,15.0,26.3,21.0,24.2,29.3,0.0,0.0,0.0,0.0,0.0,0.0,0.0,0.0,0.0,1197.8,12.00,16,16,16,39,55,661,1,71.5,71.4,71.8,67.7,70.5,70.1,69.8,67.9,66.0,66.5,65.8,65.1,62.8,63.1,62.4,55.5,51.6,1.337,1.038,1.344,13.902,11.178,13.905,74.054,39.261,4.284,5.877,5.819,4.904,4.265,3.199,3.802,3.472,2.935,18.681,11.517,30.197,39.347,1197.8,1197.8,4088.5,4088.6,4088.4,4088.6,44.7,23.2,82.3,75.1,54.3,No,No,No,1.562,0.561,6.6,49,95.0,100.0,No,No,91293,99096,35,99.0,No,No,3320,0.1,0.0,0.1,0.190,0.006,79763,50004,0.0,0.0,0.0,0.000,0.000,52,0,51.4,66.8,83.0,0.894,12.140,12.185,12.161,12.075,1130,57.403,23.010,37.249,11.466,46.479,25.757,20.694,0.336,37.249,21.008,3.959,25.901,220.000,240.000,1665.0,1750.2,1455.0,1614.0,1575.0,39.0,10.0,0.0,3.0,26.6,4.6,18.4,0.0,0.0,0.0,33,Yes,No,No,No,No,Yes,No,26.6,29.9,0,0,0,0,0,0,0,0,0,9,0,0,0,0,0,0,0,0,0,0,0,0,0,0,0,0,0,0,0,0,6009,2183,2018,109,8.0,239.8,259.7,223.5,193.7,205.6,190.2,0.0,0.0,0.0,0.0,0.0,0.0,4.17,4.52,3.81,3.27,4.86,5.25,0.35,0.36,4.05,0.12,0.00,0,0,0.0,0.0,13575,1181,8.0,4.6,0,
8.7.2026,15:16:5.533,18419,27574,40.0,13372,19309,40.9,0.5,13312,70,1.317,1.319,1.312,1.312,1.319,1.319,1.319,1.319,1.319,4067.7,4067.7,4067.7,4067.7,4067.7,4067.7,4067.7,4067.7,4067.7,99.8,1477.0,3725.0,1591.1,2960.1,1403.9,2098.7,1452.9,1468.6,1466.1,787.4,825.5,1104.8,1339.0,952.5,1046.3,719.7,690.0,1477.0,33.6,65.9,37.5,71.9,33.2,50.4,34.2,34.9,34.6,18.5,19.3,26.1,31.6,21.8,24.5,16.8,16.0,71.9,33.6,38.0,74.7,42.4,81.4,37.6,57.1,38.7,39.5,39.2,20.9,21.8,29.6,35.8,24.7,27.7,19.0,18.1,38.0,40.8,40.8,40.8,40.8,40.8,40.8,40.8,40.8,40.8,0.0,83.2,91.1,94.5,89.1,86.2,74.7,80.5,77.1,72.2,16.8,8.9,5.5,10.9,13.8,25.3,19.5,22.9,27.8,0.0,0.0,0.0,0.0,0.0,0.0,0.0,0.0,0.0,1197.8,12.00,16,16,16,39,55,661,1,71.5,71.4,70.8,67.8,70.6,70.2,69.9,68.1,66.0,66.6,65.9,65.2,62.8,63.2,62.5,53.8,51.3,1.344,1.031,1.350,14.106,11.204,14.103,74.863,39.527,4.328,5.914,5.826,5.003,4.334,3.200,3.861,3.491,2.997,18.938,11.544,30.482,39.631,1197.8,1197.8,4087.1,4087.1,4087.1,4087.1,45.0,23.5,83.2,75.2,54.5,No,No,No,1.607,0.585,6.7,49,95.0,100.0,No,No,91293,99096,35,99.0,No,No,3320,0.0,0.1,0.1,0.008,0.237,79763,50004,0.0,0.0,0.0,0.000,0.000,52,0,51.7,67.1,83.0,0.887,12.138,12.181,12.160,12.074,1129,59.442,23.486,38.440,12.011,47.302,25.910,21.355,0.336,38.440,21.184,4.075,25.805,220.000,240.000,1650.0,1750.2,1440.0,1660.9,1560.0,39.0,10.0,0.0,4.0,26.6,4.6,18.2,0.0,0.0,0.0,33,Yes,No,No,No,No,Yes,No,26.7,30.7,0,0,0,0,0,0,0,0,0,9,0,0,0,0,0,0,0,0,0,0,0,0,0,0,0,0,0,0,0,0,6009,2183,2018,109,8.0,239.8,256.8,224.1,219.0,220.7,218.7,0.0,0.0,0.0,0.0,0.0,0.0,4.17,4.52,3.85,3.74,4.56,4.58,0.37,0.28,4.05,0.12,0.00,0,0,0.0,0.0,13575,1181,2.0,2.0,0,
8.7.2026,15:16:7.528,18367,27626,39.9,13350,19331,40.8,0.5,13312,70,1.326,1.325,1.331,1.325,1.325,1.325,1.325,1.325,1.325,4089.5,4092.6,4067.7,4092.6,4092.6,4092.6,4092.6,4092.6,4092.6,99.8,1417.6,3683.3,1486.8,2996.3,1321.2,2023.7,1381.9,1391.5,1417.3,756.0,736.7,1141.0,1217.3,1015.4,910.2,624.1,579.5,1417.6,32.1,64.8,34.8,72.7,31.1,48.5,32.3,33.0,33.4,17.7,17.0,27.0,28.6,23.3,21.1,14.4,13.2,72.7,32.1,36.4,73.5,39.6,82.5,35.3,55.0,36.7,37.5,37.9,20.1,19.4,30.7,32.5,26.5,24.0,16.4,15.1,36.4,41.0,41.0,40.8,41.0,41.0,41.0,41.0,41.0,41.0,0.0,81.7,90.0,94.4,88.0,84.7,72.8,78.8,75.6,69.2,18.3,10.0,5.6,12.0,15.3,27.2,21.2,24.4,30.8,0.0,0.0,0.0,0.0,0.0,0.0,0.0,0.0,0.0,1197.8,12.00,16,16,16,39,55,661,1,71.5,71.2,69.5,67.7,70.4,70.3,69.7,67.9,65.8,66.5,65.9,64.9,62.8,63.2,62.5,56.0,51.4,1.350,1.025,1.356,13.829,11.191,13.832,73.527,39.204,4.256,5.794,5.887,4.870,4.223,3.116,3.833,3.468,2.858,18.589,11.528,30.117,39.270,1197.8,1197.8,4090.3,4090.5,4090.0,4090.5,44.6,23.1,81.7,75.0,54.4,No,No,No,1.593,0.578,6.5,49,95.0,100.0,No,No,91293,99096,35,99.0,No,No,3320,0.0,0.0,0.0,0.008,0.028,79763,50005,0.0,0.0,0.0,0.000,0.000,52,0,51.4,66.8,83.0,0.863,12.135,12.179,12.156,12.071,1130,56.030,21.849,34.784,10.584,45.100,25.760,19.323,0.336,34.784,21.226,3.769,22.823,220.000,240.000,1605.0,1750.2,1395.0,1617.9,1515.0,40.0,10.0,0.0,4.0,26.6,4.4,17.6,0.0,0.0,0.0,33,Yes,No,No,No,No,Yes,No,25.5,28.9,0,0,0,0,0,0,0,0,0,9,0,0,0,0,0,0,0,0,0,0,0,0,0,0,0,0,0,0,0,0,6009,2183,2018,111,8.0,239.8,256.5,224.8,218.4,220.9,217.6,239.8,242.3,237.1,236.8,236.9,236.7,4.17,4.45,3.87,3.78,4.55,4.67,0.43,0.26,4.06,0.11,0.09,0,0,0.0,0.0,13575,1181,3.7,4.5,0,
8.7.2026,15:16:9.528,18374,27620,39.9,13352,19330,40.8,0.5,13312,70,1.317,1.325,1.319,1.319,1.319,1.319,1.312,1.312,1.312,4070.8,4092.6,4067.7,4067.7,4067.7,4067.7,4067.7,4067.7,4067.7,99.8,1451.3,3703.8,1476.2,2097.0,2299.1,1639.9,1807.9,1478.3,1400.9,876.5,719.1,1544.5,872.9,1070.8,860.6,740.2,633.8,1451.3,33.1,65.1,34.8,50.7,55.6,39.3,43.1,35.2,33.2,20.8,16.7,37.2,20.3,24.9,20.0,17.5,14.7,65.1,33.1,37.4,73.7,39.4,57.4,63.0,44.4,48.8,39.9,37.6,23.5,18.9,42.0,22.9,28.2,22.6,19.7,16.6,37.4,40.8,41.0,40.8,40.8,40.8,40.8,40.8,40.8,40.8,0.0,81.7,90.6,95.0,87.5,84.7,72.3,78.7,75.3,69.8,18.3,9.4,5.0,12.5,15.3,27.7,21.3,24.7,30.2,0.0,0.0,0.0,0.0,0.0,0.0,0.0,0.0,0.0,1197.8,12.00,16,16,16,39,55,661,1,71.5,71.5,70.8,67.8,70.4,70.7,69.7,68.1,65.9,66.7,65.8,65.2,62.8,63.2,62.5,55.8,51.6,1.337,1.031,1.344,13.895,11.211,13.897,73.562,39.283,4.280,5.793,5.968,4.842,4.282,3.164,3.822,3.426,2.938,18.666,11.551,30.217,39.370,1197.8,1197.8,4088.7,4088.8,4088.5,4088.8,44.7,23.2,81.7,75.3,54.4,No,No,No,1.637,0.582,6.5,49,95.0,100.0,No,No,91293,99096,35,99.0,No,No,3320,0.1,0.8,0.9,0.053,6.931,79763,50018,0.0,0.0,0.0,0.000,0.000,52,0,51.5,66.9,83.0,0.869,12.137,12.182,12.158,12.073,1126,56.254,22.061,35.483,10.842,45.543,25.811,19.712,0.336,35.483,21.231,3.599,22.564,220.000,240.000,1620.0,1750.2,1410.0,1615.6,1530.0,37.0,9.0,0.0,3.0,26.6,4.4,17.8,0.0,0.0,0.0,33,Yes,No,No,No,No,Yes,No,25.8,27.1,0,0,0,0,0,0,0,0,0,9,0,0,0,0,0,0,0,0,0,0,0,0,0,0,0,0,0,0,0,0,6009,2183,2018,111,8.0,239.7,259.5,223.2,203.4,213.7,198.3,0.0,0.0,0.0,0.0,0.0,0.0,4.17,4.50,3.83,3.44,4.72,5.13,0.35,0.32,4.05,0.12,0.00,0,0,0.0,0.0,13575,1181,2.3,1.9,0,
8.7.2026,15:16:11.534,18359,27634,39.9,13344,19337,40.8,0.5,13312,70,1.330,1.337,1.331,1.331,1.331,1.331,1.325,1.325,1.325,4080.1,4092.6,4092.6,4092.6,4092.6,4067.7,4067.7,4067.7,4067.7,99.8,1467.3,3637.3,2047.7,1232.0,3064.4,1260.5,1980.9,1472.7,1314.0,828.6,821.0,1440.4,976.6,1026.1,872.3,685.9,816.2,1467.3,32.8,52.4,49.0,29.3,74.8,29.9,47.5,35.3,31.0,19.7,19.3,34.6,22.9,23.9,20.4,16.1,19.2,74.8,32.8,37.1,59.3,55.4,33.1,84.6,33.8,53.7,40.0,35.0,22.2,21.8,39.1,25.9,27.0,23.0,18.2,21.6,37.1,40.9,41.0,41.0,41.0,41.0,40.8,40.8,40.8,40.8,0.0,81.2,89.1,94.7,86.4,83.3,72.8,78.3,73.8,70.7,18.8,10.9,5.3,13.6,16.7,27.2,21.7,26.2,29.3,0.0,0.0,0.0,0.0,0.0,0.0,0.0,0.0,0.0,1197.8,12.00,16,16,16,39,55,661,1,72.0,72.6,75.5,68.4,70.5,70.8,69.9,68.3,66.9,67.7,66.3,66.8,63.0,63.3,62.7,54.5,51.1,1.344,1.025,1.337,14.324,11.157,14.314,73.035,39.749,4.383,5.714,5.976,4.781,4.251,3.411,4.034,3.494,3.400,19.226,11.495,30.721,39.851,1197.8,1197.8,4081.3,4081.3,4081.3,4081.3,45.3,23.9,81.2,76.4,54.7,No,No,No,1.572,0.574,6.5,49,95.0,100.0,No,No,91293,99096,35,99.0,No,No,3320,0.0,0.0,0.0,0.047,0.079,79763,50018,0.0,0.0,0.0,0.000,0.000,52,0,51.4,66.7,83.0,0.850,12.139,12.183,12.159,12.074,1130,54.997,20.864,33.199,9.698,43.942,25.475,18.444,0.336,33.199,20.770,3.860,19.717,220.000,240.000,1575.0,1750.2,1380.0,1584.0,1485.0,40.0,10.0,0.0,4.0,26.6,4.4,17.5,0.0,0.0,0.0,33,Yes,No,No,No,No,Yes,No,24.5,28.5,0,0,0,0,0,0,0,0,0,9,0,0,0,0,0,0,0,0,0,0,0,0,0,0,0,0,0,0,0,0,6009,2183,2018,111,8.0,239.8,256.1,223.0,215.8,218.2,215.2,0.0,0.0,0.0,0.0,0.0,0.0,4.17,4.50,3.88,3.73,4.59,4.65,0.34,0.34,4.06,0.12,0.00,0,0,0.0,0.0,13575,1181,2.5,2.2,0,
8.7.2026,15:16:13.533,18360,27633,39.9,13342,19339,40.8,0.5,13312,70,1.315,1.319,1.325,1.312,1.312,1.312,1.312,1.312,1.312,3836.8,4067.7,4067.7,4092.6,4092.6,3593.5,3593.5,3593.5,3593.5,99.8,1476.0,3648.5,2396.8,1183.7,3146.6,1227.8,2197.7,1427.4,1340.1,805.8,747.7,1356.3,951.8,1025.0,871.3,628.5,661.0,1476.0,32.5,45.6,57.5,28.0,76.6,29.0,52.8,34.0,31.7,19.0,17.4,32.4,22.1,23.7,20.2,14.7,15.3,76.6,32.5,36.8,51.7,65.1,31.7,86.8,32.9,59.9,38.6,35.9,21.5,19.7,36.8,25.0,26.9,22.9,16.6,17.3,36.8,38.4,40.8,40.8,41.0,41.0,36.0,36.0,36.0,36.0,0.0,80.9,89.2,94.7,87.6,83.5,72.2,77.3,74.3,68.8,19.1,10.8,5.3,12.4,16.5,27.8,22.7,25.7,31.2,0.0,0.0,0.0,0.0,0.0,0.0,0.0,0.0,0.0,1197.8,12.00,16,16,16,39,55,661,1,71.8,71.4,69.8,67.8,70.4,70.5,69.8,67.9,66.0,66.5,65.9,65.2,62.9,63.2,62.6,53.2,51.4,1.350,1.038,1.350,13.788,11.198,13.796,72.855,39.174,4.238,5.762,5.942,4.860,4.135,3.145,3.766,3.417,2.879,18.536,11.538,30.074,39.232,1197.8,1197.8,4089.4,4089.4,4089.4,4089.4,44.6,23.0,80.9,75.2,54.5,No,No,No,1.591,0.576,6.5,49,95.0,100.0,No,No,91293,99096,35,99.0,No,No,3320,0.0,0.0,0.1,0.040,0.053,79763,50018,0.0,0.0,0.0,0.000,0.000,52,0,51.5,66.8,83.0,0.863,12.136,12.179,12.157,12.072,1132,55.194,22.726,34.541,10.255,44.786,25.568,19.190,0.336,34.541,20.822,15.880,21.343,220.000,240.000,1605.0,1750.2,1395.0,1585.7,1515.0,39.0,10.0,0.0,3.0,26.6,4.4,17.7,0.0,0.0,0.0,33,Yes,No,No,No,No,Yes,No,25.2,27.4,0,0,0,0,0,0,0,0,0,9,0,0,0,0,0,0,0,0,0,0,0,0,0,0,0,0,0,0,0,0,6009,2183,2018,111,8.0,239.8,262.7,215.6,209.7,211.5,208.8,0.0,0.0,0.0,0.0,0.0,0.0,4.17,4.64,3.83,3.68,4.71,4.75,0.35,0.30,4.05,0.12,0.00,0,0,0.0,0.0,13575,1181,2.5,1.2,0,
8.7.2026,15:16:15.539,18360,27633,39.9,13340,19341,40.8,0.5,13312,70,1.303,1.319,1.319,1.331,1.306,1.288,1.288,1.288,1.288,4036.5,4067.7,4067.7,4067.7,4017.8,4017.8,4017.8,4017.8,4017.8,99.8,1460.3,3639.1,2411.8,2984.7,1395.0,1679.6,1542.5,1587.7,1144.7,862.5,713.7,1399.2,890.8,1088.6,813.2,646.0,565.9,1460.3,32.1,46.5,57.9,72.5,33.2,40.0,36.4,37.8,26.8,20.3,16.5,33.4,20.6,25.3,18.8,15.1,13.0,72.5,32.1,36.4,52.7,65.7,82.2,37.6,45.4,41.3,42.8,30.4,22.9,18.7,37.8,23.3,28.6,21.2,17.0,14.6,36.4,40.4,40.8,40.8,40.8,40.2,40.2,40.2,40.2,40.2,0.0,80.4,89.0,94.4,85.9,83.1,72.0,76.8,74.0,68.2,19.6,11.0,5.6,14.1,16.9,28.0,23.2,26.0,31.8,0.0,0.0,0.0,0.0,0.0,0.0,0.0,0.0,0.0,1197.8,12.00,16,16,16,39,55,661,1,71.6,71.3,73.8,67.6,70.4,70.5,69.4,67.7,65.9,66.5,65.7,64.9,62.8,63.1,62.5,53.2,51.2,1.312,1.031,1.312,13.694,11.161,13.695,72.381,38.988,4.226,5.789,5.960,4.722,4.142,3.160,3.758,3.427,2.850,18.425,11.499,29.924,39.069,1197.8,1197.8,4092.0,4092.3,4091.8,4092.3,44.4,22.8,80.4,75.1,54.4,No,No,No,1.568,0.575,6.4,49,95.0,100.0,No,No,91293,99096,35,99.0,No,No,3320,0.0,0.0,0.0,0.032,0.032,79763,50018,0.0,0.0,0.0,0.000,0.000,52,0,51.4,66.7,83.0,0.850,12.138,12.183,12.159,12.073,1129,55.417,21.005,33.306,9.783,44.076,25.559,18.502,0.336,33.306,20.878,3.518,20.783,220.000,240.000,1575.0,1750.2,1380.0,1601.4,1485.0,39.0,10.0,0.0,3.0,26.6,4.4,17.6,0.0,0.0,0.0,33,Yes,No,No,No,No,Yes,No,24.6,27.5,0,0,0,0,0,0,0,0,0,9,0,0,0,0,0,0,0,0,0,0,0,0,0,0,0,0,0,0,0,0,6009,2183,2018,111,8.0,239.8,258.9,220.0,215.5,217.4,215.0,239.8,242.6,237.5,237.1,237.2,237.1,4.17,4.58,3.81,3.61,4.62,4.64,0.40,0.22,4.06,0.11,0.11,0,0,0.0,0.0,13575,1181,2.2,2.1,0,
8.7.2026,15:16:17.534,18368,27626,39.9,13351,19331,40.8,0.5,13312,70,1.324,1.319,1.344,1.337,1.319,1.319,1.319,1.319,1.319,4073.9,4067.7,4117.6,4067.7,4067.7,4067.7,4067.7,4067.7,4067.7,99.8,1525.9,3698.4,2472.4,2921.9,1503.9,1891.8,1598.7,1708.1,1242.7,866.4,722.8,1432.2,1004.1,1161.9,814.0,721.1,653.4,1525.9,33.7,49.4,59.4,70.9,35.7,45.1,37.8,40.8,29.0,20.4,16.6,34.1,23.4,26.8,18.7,16.8,14.9,70.9,33.7,38.3,55.9,67.3,80.4,40.5,51.1,42.8,46.2,32.9,23.1,18.9,38.6,26.5,30.4,21.3,19.1,16.9,38.3,40.8,40.8,41.2,40.8,40.8,40.8,40.8,40.8,40.8,0.0,82.1,90.5,94.7,88.2,85.3,73.1,79.0,75.8,70.0,17.9,9.5,5.3,11.8,14.7,26.9,21.0,24.2,30.0,0.0,0.0,0.0,0.0,0.0,0.0,0.0,0.0,0.0,1197.8,12.00,16,16,16,39,55,661,1,71.6,71.7,73.2,68.0,70.7,70.6,70.0,68.3,66.1,66.8,66.0,65.3,63.0,63.3,62.6,55.8,51.9,1.319,1.031,1.331,14.202,11.181,14.198,73.872,39.649,4.320,5.878,5.929,4.943,4.330,3.195,3.866,3.469,2.948,19.076,11.522,30.598,39.742,1197.8,1197.8,4087.5,4087.5,4087.5,4087.5,45.2,23.7,82.1,75.4,55.1,No,No,No,1.606,0.555,6.6,49,95.0,100.0,No,No,91293,99096,35,99.0,No,No,3320,0.0,0.1,0.1,0.024,0.143,79763,50018,0.0,0.0,0.0,0.000,0.000,52,0,51.5,67.0,83.0,0.856,12.138,12.181,12.158,12.073,1130,54.618,22.814,33.162,9.684,43.939,25.498,18.424,0.336,33.162,20.789,22.641,20.503,220.000,240.000,1590.0,1750.2,1395.0,1567.0,1500.0,39.0,10.0,0.0,3.0,26.7,4.3,17.4,0.0,0.0,0.0,33,Yes,No,No,No,No,Yes,No,24.5,28.8,0,0,0,0,0,0,0,0,0,9,0,0,0,0,0,0,0,0,0,0,0,0,0,0,0,0,0,0,0,0,6008,2184,2019,111,8.0,239.8,256.8,219.9,200.4,208.9,196.8,239.8,242.8,236.8,236.6,236.7,236.6,4.17,4.56,3.86,3.24,4.78,5.06,0.42,0.28,4.06,0.11,0.11,0,0,0.0,0.0,13575,1181,3.3,4.6,0,
8.7.2026,15:16:19.530,18371,27623,39.9,13352,19330,40.8,0.5,13312,70,1.334,1.325,1.331,1.337,1.337,1.337,1.337,1.337,1.331,4095.7,4117.6,4092.6,4092.6,4092.6,4092.6,4092.6,4092.6,4092.6,99.8,1511.9,3663.4,2380.4,2334.0,2130.8,1553.7,1854.1,1523.1,1329.0,851.5,770.5,1352.1,1080.6,1076.9,871.1,705.0,713.6,1511.9,33.7,49.9,57.2,56.4,51.4,37.1,44.3,36.5,31.5,20.3,18.1,32.5,25.4,25.1,20.4,16.6,16.8,57.2,33.7,38.2,56.5,64.7,64.0,58.2,42.0,50.1,41.3,35.6,22.9,20.5,36.8,28.7,28.5,23.0,18.7,19.0,38.2,41.0,41.2,41.0,41.0,41.0,41.0,41.0,41.0,41.0,0.0,81.2,89.6,94.4,86.9,84.0,72.2,78.4,74.5,69.6,18.8,10.4,5.6,13.1,16.0,27.8,21.6,25.5,30.4,0.0,0.0,0.0,0.0,0.0,0.0,0.0,0.0,0.0,1197.8,12.00,16,16,16,39,55,661,1,71.6,71.7,70.8,68.0,70.8,70.6,69.9,68.1,66.2,66.9,66.0,65.5,63.0,63.4,62.7,53.8,51.2,1.350,1.038,1.356,14.035,11.158,14.035,73.083,39.422,4.289,5.865,5.896,4.838,4.222,3.200,3.843,3.439,3.011,18.870,11.496,30.366,39.516,1197.8,1197.8,4088.8,4088.8,4088.8,4088.8,44.9,23.4,81.2,75.5,54.8,No,No,No,1.643,0.542,6.5,49,95.0,100.0,No,No,91293,99096,35,99.0,No,No,3320,0.1,0.0,0.1,0.127,0.006,79763,50018,0.0,0.0,0.0,0.000,0.000,52,0,51.5,66.7,83.0,0.844,12.134,12.177,12.155,12.069,1130,53.435,21.050,33.069,9.668,44.000,25.599,18.372,0.336,33.069,20.926,3.380,22.084,220.000,240.000,1560.0,1750.2,1365.0,1564.7,1470.0,39.0,9.0,0.0,4.0,26.7,4.3,17.1,0.0,0.0,0.0,33,Yes,No,No,No,No,Yes,No,24.5,26.8,0,0,0,0,0,0,0,0,0,9,0,0,0,0,0,0,0,0,0,0,0,0,0,0,0,0,0,0,0,0,6004,2188,2023,112,8.0,239.8,264.6,220.0,194.0,201.9,193.8,239.8,242.5,237.2,236.9,237.0,236.9,4.17,4.57,3.79,3.42,4.96,5.18,0.38,0.31,4.05,0.12,0.12,0,0,0.0,0.0,13575,1181,2.9,1.4,0,
8.7.2026,15:16:21.535,18376,27618,39.9,13356,19326,40.8,0.5,13312,70,1.327,1.325,1.325,1.325,1.331,1.331,1.325,1.325,1.325,4061.4,4067.7,4067.7,4067.7,4042.7,4042.7,4067.7,4067.7,4067.7,99.8,1495.5,3630.4,1958.0,1391.7,3021.7,1302.5,2194.5,1278.7,1626.0,704.7,928.1,1091.2,1297.4,901.8,1128.3,664.4,808.6,1495.5,33.5,54.7,46.5,33.0,73.4,30.7,52.5,30.2,38.5,16.5,21.8,25.7,30.7,20.5,26.6,15.4,18.9,73.4,33.5,38.0,62.0,52.7,37.4,83.3,34.8,59.6,34.2,43.7,18.7,24.7,29.1,34.8,23.3,30.2,17.5,21.4,38.0,40.7,40.8,40.8,40.8,40.5,40.5,40.8,40.8,40.8,0.0,81.3,88.8,94.9,87.5,84.5,72.3,78.0,74.9,69.9,18.7,11.2,5.1,12.5,15.5,27.7,22.0,25.1,30.1,0.0,0.0,0.0,0.0,0.0,0.0,0.0,0.0,0.0,1197.8,12.00,16,16,16,39,55,661,1,71.6,71.6,72.0,68.1,70.4,70.8,70.0,68.3,66.2,67.0,66.2,65.6,63.1,63.4,62.8,53.2,51.2,1.344,1.025,1.337,13.914,11.146,13.921,73.209,39.298,4.309,5.676,6.021,4.941,4.255,3.201,3.840,3.502,3.032,18.717,11.484,30.201,39.363,1197.8,1197.8,4090.4,4090.4,4090.4,4090.4,44.7,23.2,81.3,75.4,54.1,No,No,No,1.582,0.563,6.5,49,95.0,100.0,No,No,91293,99096,35,99.0,No,No,3320,0.0,0.0,0.0,0.014,0.008,79763,50018,0.0,0.0,0.0,0.000,0.000,52,0,51.6,66.9,83.0,0.863,12.135,12.179,12.156,12.071,1132,54.088,22.153,34.552,10.316,44.918,25.699,19.194,0.336,34.552,21.008,10.171,20.779,220.000,240.000,1605.0,1750.2,1395.0,1558.5,1515.0,39.0,9.0,0.0,3.0,26.7,4.4,17.6,0.0,0.0,0.0,33,Yes,No,No,No,No,Yes,No,25.3,27.4,0,0,0,0,0,0,0,0,0,9,0,0,0,0,0,0,0,0,0,0,0,0,0,0,0,0,0,0,0,0,6004,2188,2023,112,8.0,239.8,258.0,223.9,217.2,220.8,215.4,0.0,0.0,0.0,0.0,0.0,0.0,4.17,4.46,3.85,3.78,4.51,4.61,0.37,0.26,4.05,0.12,0.00,0,0,0.0,0.0,13575,1181,2.1,2.0,0,
8.7.2026,15:16:23.534,18368,27626,39.9,13346,19335,40.8,0.5,13312,70,1.331,1.331,1.319,1.325,1.325,1.344,1.344,1.331,1.331,4073.9,4017.8,4067.7,4067.7,4067.7,4092.6,4092.6,4092.6,4092.6,99.8,1392.4,3605.4,1445.4,1560.3,2857.2,1307.9,2030.8,1138.8,1568.7,662.5,810.6,1020.6,1154.9,826.2,1048.5,532.1,708.7,1392.4,31.5,62.4,33.9,37.3,69.4,30.9,48.8,26.9,37.1,15.4,19.1,24.0,27.2,18.7,24.7,12.3,16.5,69.4,31.5,35.7,70.7,38.4,42.2,78.7,35.0,55.3,30.4,42.0,17.4,21.5,27.1,30.7,21.1,27.9,13.9,18.6,35.7,40.8,40.2,40.8,40.8,40.8,41.0,41.0,41.0,41.0,0.0,80.1,88.2,95.3,87.2,83.4,70.8,76.1,72.8,67.0,19.9,11.8,4.7,12.8,16.6,29.2,23.9,27.2,33.0,0.0,0.0,0.0,0.0,0.0,0.0,0.0,0.0,0.0,1197.8,12.00,16,16,16,39,55,661,1,71.6,71.6,75.5,67.8,70.2,70.9,69.9,68.0,66.0,66.4,65.9,65.2,63.0,63.3,62.7,53.0,51.6,1.337,1.038,1.337,13.584,11.123,13.577,72.075,38.749,4.195,5.554,6.066,4.867,4.094,3.095,3.650,3.392,2.842,18.247,11.461,29.708,38.841,1197.8,1197.8,4088.0,4088.2,4087.9,4088.2,44.1,22.6,80.1,75.3,54.2,No,No,No,1.557,0.576,6.4,49,95.0,100.0,No,No,91293,99096,35,99.0,No,No,3320,0.0,0.0,0.0,0.008,0.053,79763,50019,0.0,0.0,0.0,0.000,0.000,52,0,51.8,67.0,83.0,0.863,12.136,12.179,12.157,12.071,1132,56.039,21.512,34.492,10.364,44.955,25.760,19.161,0.336,34.492,21.149,3.638,20.776,220.000,240.000,1605.0,1750.2,1395.0,1601.3,1515.0,40.0,10.0,0.0,3.0,26.7,4.5,18.0,0.0,0.0,0.0,33,Yes,No,No,No,No,Yes,No,25.3,29.2,0,0,0,0,0,0,0,0,0,9,0,0,0,0,0,0,0,0,0,0,0,0,0,0,0,0,0,0,0,0,6004,2188,2023,112,8.0,239.8,260.5,220.5,212.5,215.6,211.3,239.7,242.9,236.7,235.7,236.2,235.5,4.17,4.54,3.78,3.65,4.65,4.72,0.38,0.34,4.06,0.12,0.12,0,0,0.0,0.0,13575,1181,2.5,1.4,0,
8.7.2026,15:16:25.527,18374,27620,39.9,13351,19331,40.8,0.5,13312,70,1.318,1.312,1.319,1.319,1.319,1.319,1.319,1.319,1.319,4080.1,4067.7,4067.7,4067.7,4067.7,4092.6,4092.6,4092.6,4092.6,99.8,1444.0,3641.5,1511.2,2743.6,1690.8,1968.6,1482.3,1414.6,1465.7,739.1,854.9,1080.6,1207.1,942.0,1038.3,656.4,667.4,1444.0,32.7,61.9,35.5,66.4,40.5,47.2,35.0,33.5,34.9,17.3,20.1,25.6,28.4,21.6,24.5,15.2,15.6,66.4,32.7,37.1,70.2,40.3,75.3,46.0,53.5,39.8,38.1,39.6,19.6,22.8,29.1,32.2,24.5,27.8,17.3,17.7,37.1,40.9,40.8,40.8,40.8,40.8,41.0,41.0,41.0,41.0,0.0,81.8,89.0,95.3,88.5,84.7,73.0,78.7,75.5,69.7,18.2,11.0,4.7,11.5,15.3,27.0,21.3,24.5,30.3,0.0,0.0,0.0,0.0,0.0,0.0,0.0,0.0,0.0,1197.8,12.00,16,16,16,39,55,661,1,71.6,71.5,72.2,68.0,70.2,70.8,70.0,68.4,66.2,66.7,66.1,65.4,63.1,63.4,62.8,54.0,51.3,1.350,1.019,1.344,13.933,11.174,13.934,73.621,39.320,4.281,5.540,6.045,4.971,4.306,3.203,3.761,3.473,2.950,18.748,11.513,30.261,39.412,1197.8,1197.8,4090.0,4090.1,4089.8,4090.1,44.8,23.2,81.8,75.3,54.6,No,No,No,1.589,0.564,6.5,49,95.0,100.0,No,No,91293,99096,35,99.0,No,No,3320,0.0,0.0,0.0,0.000,0.038,79763,50019,0.0,0.0,0.0,0.000,0.000,52,0,52.2,67.5,83.0,0.887,12.136,12.178,12.158,12.072,1130,58.921,23.123,37.959,11.679,46.880,25.763,21.088,0.336,37.959,20.918,3.812,24.836,220.000,240.000,1650.0,1750.2,1440.0,1644.7,1560.0,39.0,10.0,0.0,4.0,26.7,4.5,18.0,0.0,0.0,0.0,33,Yes,No,No,No,No,Yes,No,26.8,30.3,0,0,0,0,0,0,0,0,0,9,0,0,0,0,0,0,0,0,0,0,0,0,0,0,0,0,0,0,0,0,6004,2188,2023,111,8.0,239.8,257.1,225.3,205.5,215.9,200.4,0.0,0.0,0.0,0.0,0.0,0.0,4.17,4.47,3.84,3.42,4.64,4.98,0.35,0.29,4.05,0.12,0.00,0,0,0.0,0.0,13575,1181,5.6,2.9,0,
8.7.2026,15:16:27.540,18368,27626,39.9,13353,19329,40.8,0.5,13312,70,1.336,1.331,1.337,1.337,1.337,1.337,1.337,1.337,1.331,4092.6,4092.6,4092.6,4092.6,4092.6,4092.6,4092.6,4092.6,4092.6,99.8,1501.4,3651.3,1548.4,3066.1,1399.6,2079.8,1412.8,1410.8,1504.9,747.4,805.2,1198.7,1243.0,967.1,1066.3,806.4,1115.2,1501.4,34.6,62.4,36.9,74.9,33.6,50.3,33.8,33.9,36.1,18.1,19.4,28.9,29.9,22.8,25.6,19.3,27.1,74.9,34.6,38.6,70.2,41.2,84.4,37.6,56.5,37.7,37.9,40.3,19.9,21.3,32.1,33.3,25.2,28.4,21.2,30.0,38.6,41.0,41.0,41.0,41.0,41.0,41.0,41.0,41.0,41.0,0.0,83.2,89.6,95.1,88.8,85.6,73.8,80.4,76.5,75.3,16.8,10.4,4.9,11.2,14.4,26.2,19.6,23.5,24.7,0.0,0.0,0.0,0.0,0.0,0.0,0.0,0.0,0.0,1197.8,12.00,16,16,16,39,55,661,1,72.0,73.3,71.5,68.9,70.7,71.2,70.4,68.8,66.5,68.0,66.8,68.3,63.3,63.6,63.0,55.0,51.7,1.344,1.025,1.350,14.591,11.152,14.595,74.837,40.138,4.469,5.637,6.005,5.001,4.358,3.200,3.998,3.624,3.930,19.536,11.494,31.030,40.186,1197.8,1197.8,4073.2,4073.3,4073.0,4073.3,45.7,24.3,83.2,77.1,54.5,No,No,No,1.555,0.556,6.7,49,95.0,100.0,No,No,91293,99096,35,99.0,No,No,3320,0.0,0.2,0.3,0.030,0.395,79764,50019,0.0,0.0,0.0,0.000,0.000,52,0,52.1,67.6,83.0,0.894,12.137,12.181,12.157,12.072,1129,58.308,22.304,36.808,10.987,45.845,25.374,20.449,0.336,36.808,20.349,4.065,22.015,220.000,240.000,1665.0,1750.2,1455.0,1654.2,1575.0,36.0,9.0,0.0,3.0,26.7,4.2,16.6,0.0,0.0,0.0,33,Yes,No,No,No,No,Yes,No,26.0,30.4,0,0,0,0,0,0,0,0,0,9,0,0,0,0,0,0,0,0,0,0,0,0,0,0,0,0,0,0,0,0,6004,2188,2023,111,8.0,239.8,260.3,220.9,206.5,213.7,202.9,0.0,0.0,0.0,0.0,0.0,0.0,4.17,4.51,3.81,3.49,4.68,4.94,0.34,0.29,4.06,0.11,0.00,0,0,0.0,0.0,13575,1181,4.0,5.2,0,
8.7.2026,15:16:29.535,18374,27620,39.9,13356,19326,40.8,0.5,13312,70,1.319,1.325,1.312,1.319,1.319,1.319,1.319,1.319,1.319,4092.6,4092.6,4092.6,4092.6,4092.6,4092.6,4092.6,4092.6,4092.6,99.8,1496.5,3672.0,1632.0,2713.7,1775.4,1970.6,1579.4,1331.4,1642.7,775.4,860.4,1181.7,1259.6,952.4,1107.5,740.9,748.4,1496.5,33.6,62.0,38.1,65.5,42.2,46.9,37.2,31.1,38.7,17.7,19.7,27.6,29.3,21.3,25.7,16.9,17.0,65.5,33.6,38.4,70.4,43.6,74.4,48.1,53.5,42.5,35.7,44.2,20.5,22.8,31.7,33.6,24.6,29.6,19.7,19.8,38.4,41.0,41.0,41.0,41.0,41.0,41.0,41.0,41.0,41.0,0.0,83.1,89.9,95.5,89.6,85.9,74.7,80.2,76.9,72.3,16.9,10.1,4.5,10.4,14.1,25.3,19.8,23.1,27.7,0.0,0.0,0.0,0.0,0.0,0.0,0.0,0.0,0.0,1197.8,12.00,16,16,16,39,55,661,1,72.0,71.7,72.0,68.2,70.5,71.0,70.3,68.6,66.4,67.1,66.3,65.8,63.2,63.6,62.9,53.5,51.3,1.337,1.025,1.337,14.198,11.205,14.190,74.816,39.616,4.335,5.602,6.046,5.034,4.358,3.232,3.868,3.510,3.027,19.053,11.545,30.598,39.741,1197.8,1197.8,4083.6,4083.7,4083.5,4083.7,45.2,23.6,83.1,75.5,54.8,No,No,No,1.604,0.538,6.7,49,95.0,100.0,No,No,91293,99096,35,99.0,No,No,3320,0.0,0.0,0.0,0.000,0.028,79764,50019,0.0,0.0,0.0,0.000,0.000,52,0,51.8,66.9,83.0,0.831,12.136,12.181,12.157,12.071,1125,53.462,20.433,31.566,9.233,43.158,25.604,17.537,0.336,31.566,21.156,3.543,20.635,220.000,240.000,1530.0,1750.2,1335.0,1565.3,1440.0,38.0,9.0,0.0,3.0,26.7,4.2,16.9,0.0,0.0,0.0,33,Yes,No,No,No,No,Yes,No,24.0,28.0,0,0,0,0,0,0,0,0,0,9,0,0,0,0,0,0,0,0,0,0,0,0,0,0,0,0,0,0,0,0,6004,2188,2023,111,8.0,239.8,261.3,224.3,213.1,218.7,210.5,0.0,0.0,0.0,0.0,0.0,0.0,4.17,4.48,3.82,3.60,4.61,4.78,0.34,0.36,4.06,0.12,0.00,0,0,0.0,0.0,13575,1181,2.8,2.0,0,
8.7.2026,15:16:31.530,18371,27623,39.9,13346,19336,40.8,0.5,13312,70,1.323,1.319,1.319,1.325,1.325,1.325,1.325,1.325,1.325,4089.5,4067.7,4092.6,4092.6,4092.6,4092.6,4092.6,4092.6,4092.6,99.8,1393.9,3608.7,1453.2,1474.1,2856.3,1331.2,2056.3,1079.9,1653.6,659.3,818.6,1037.4,1212.1,821.8,1074.7,509.0,655.5,1393.9,31.5,61.4,34.1,35.1,69.5,31.6,49.4,25.5,39.4,15.4,19.2,24.5,28.7,18.6,25.4,11.7,15.2,69.5,31.5,35.7,69.5,38.7,39.8,78.8,35.8,55.9,28.8,44.6,17.4,21.7,27.7,32.5,21.1,28.7,13.3,17.2,35.7,41.0,40.8,41.0,41.0,41.0,41.0,41.0,41.0,41.0,0.0,80.7,88.3,94.8,87.7,83.9,71.8,77.3,74.0,67.9,19.3,11.7,5.2,12.3,16.1,28.2,22.7,26.0,32.1,0.0,0.0,0.0,0.0,0.0,0.0,0.0,0.0,0.0,1197.8,12.00,16,16,16,39,55,661,1,72.0,71.8,72.0,68.1,70.4,71.0,70.2,68.3,66.3,66.9,66.2,65.3,63.2,63.5,62.9,53.5,51.7,1.331,1.031,1.331,13.816,11.137,13.821,72.630,39.160,4.235,5.563,6.016,4.961,4.165,3.118,3.771,3.455,2.826,18.558,11.476,30.034,39.192,1197.8,1197.8,4086.9,4086.9,4086.9,4086.9,44.5,23.0,80.7,75.6,54.6,No,No,No,1.587,0.600,6.5,49,95.0,100.0,No,No,91293,99096,35,99.0,No,No,3320,0.3,0.9,1.2,0.754,7.617,79765,50034,0.0,0.0,0.0,0.000,0.000,52,0,52.3,67.5,83.0,0.881,12.134,12.177,12.156,12.070,1128,58.148,22.392,36.168,10.716,45.547,25.431,20.092,0.336,36.168,20.426,3.774,25.261,220.000,240.000,1635.0,1750.2,1440.0,1610.9,1560.0,38.0,10.0,0.0,3.0,26.7,4.4,17.7,0.0,0.0,0.0,33,Yes,No,No,No,No,Yes,No,25.7,28.8,0,0,0,0,0,0,0,0,0,9,0,0,0,0,0,0,0,0,0,0,0,0,0,0,0,0,0,0,0,0,6004,2188,2023,111,8.0,239.8,257.4,225.0,208.8,217.2,204.8,0.0,0.0,0.0,0.0,0.0,0.0,4.17,4.46,3.87,3.63,4.61,4.83,0.37,0.31,4.06,0.11,0.00,0,0,0.0,0.0,13575,1181,2.3,2.1,0,
8.7.2026,15:16:33.547,18297,27696,39.7,13317,19365,40.7,0.5,13312,70,1.320,1.325,1.306,1.312,1.331,1.331,1.331,1.312,1.312,4070.8,4067.7,4042.7,4067.7,4067.7,4067.7,4067.7,4092.6,4092.6,99.8,1527.5,3618.7,2191.0,1365.1,3118.2,1286.3,2234.4,1476.4,1441.1,877.9,806.6,1451.0,1002.2,1071.4,972.0,697.5,831.0,1527.5,34.1,49.8,52.5,32.5,76.0,30.4,53.8,35.1,34.3,20.8,18.9,34.8,23.4,24.7,22.8,16.3,19.6,76.0,34.1,38.6,56.4,59.4,36.8,86.1,34.4,60.9,39.8,38.8,23.5,21.4,39.3,26.5,27.9,25.8,18.4,22.1,38.6,40.8,40.8,40.5,40.8,40.8,40.8,40.8,41.0,41.0,0.0,82.2,88.6,95.4,88.7,84.7,73.7,79.1,75.8,71.4,17.8,11.4,4.6,11.3,15.3,26.3,20.9,24.2,28.6,0.0,0.0,0.0,0.0,0.0,0.0,0.0,0.0,0.0,1197.8,12.00,16,16,16,39,55,661,1,72.0,71.8,72.2,68.3,70.5,71.0,70.3,68.5,66.5,67.1,66.3,65.9,63.3,63.6,63.0,54.5,51.9,1.331,1.031,1.337,14.157,11.192,14.156,73.963,39.571,4.336,5.580,6.060,5.039,4.303,3.258,3.856,3.515,3.075,19.023,11.529,30.552,39.710,1197.8,1197.8,4085.7,4086.0,4085.5,4086.0,45.1,23.6,82.2,75.6,54.7,No,No,No,1.654,0.588,6.6,49,95.0,100.0,No,No,91293,99096,35,99.0,No,No,3320,0.3,0.1,0.3,0.223,0.164,79765,50034,0.0,0.0,0.0,0.000,0.000,52,0,52.4,67.8,83.0,0.887,12.135,12.178,12.157,12.071,1128,58.649,22.960,37.773,11.264,46.547,25.530,20.985,0.336,37.773,20.362,4.211,24.815,220.000,240.000,1650.0,1750.2,1440.0,1645.4,1560.0,39.0,10.0,0.0,3.0,26.7,4.4,17.6,0.0,0.0,0.0,33,Yes,No,No,No,No,Yes,No,26.4,28.5,0,0,0,0,0,0,0,0,0,9,0,0,0,0,0,0,0,0,0,0,0,0,0,0,0,0,0,0,0,0,6004,2188,2023,111,8.0,239.7,261.2,225.2,216.2,220.8,214.1,0.0,0.0,0.0,0.0,0.0,0.0,4.17,4.47,3.81,3.73,4.54,4.61,0.36,0.24,4.05,0.12,0.00,0,0,0.0,0.0,13575,1181,3.8,1.8,0,
8.7.2026,15:16:35.538,18120,27873,39.3,13188,19494,40.3,0.5,13312,70,1.329,1.356,1.325,1.325,1.325,1.325,1.325,1.325,1.325,4095.7,4117.6,4092.6,4092.6,4092.6,4092.6,4092.6,4092.6,4092.6,99.8,1630.3,3711.7,2198.6,2375.8,2244.7,1853.1,1813.0,1785.1,1379.9,1047.9,913.0,1546.8,1171.6,1280.2,1016.1,879.2,868.4,1630.3,36.1,52.9,52.2,57.2,53.9,43.9,42.7,42.4,32.0,24.2,20.8,36.4,27.0,29.4,23.2,20.0,19.6,57.2,36.1,40.8,59.8,58.9,64.7,60.9,49.6,48.3,47.8,36.1,27.3,23.5,41.2,30.6,33.2,26.2,22.6,22.2,40.8,41.0,41.2,41.0,41.0,41.0,41.0,41.0,41.0,41.0,0.0,85.1,91.1,96.3,90.8,88.4,77.7,82.2,79.6,74.9,14.9,8.9,3.7,9.2,11.6,22.3,17.8,20.4,25.1,0.0,0.0,0.0,0.0,0.0,0.0,0.0,0.0,0.0,1197.8,12.00,16,16,16,39,55,661,1,72.0,72.1,71.8,68.8,70.9,71.3,70.6,69.1,67.2,67.8,67.1,66.5,63.5,63.8,63.3,56.0,51.8,1.350,1.044,1.356,14.735,11.218,14.738,76.617,40.421,4.445,5.591,6.014,5.041,4.498,3.438,4.035,3.707,3.240,19.734,11.563,31.297,40.486,1197.8,1197.8,4076.4,4076.5,4076.2,4076.5,46.0,24.6,85.1,75.9,55.3,No,No,No,1.942,0.555,6.8,49,95.0,100.0,No,No,91293,99096,35,99.0,No,No,3320,0.1,0.1,0.2,0.184,0.135,79766,50034,0.0,0.0,0.0,0.000,0.000,52,0,52.1,67.5,83.0,0.844,12.137,12.181,12.157,12.072,1130,54.942,21.204,33.513,9.866,44.288,25.641,18.618,0.336,33.513,20.962,3.544,21.756,220.000,240.000,1560.0,1750.2,1365.0,1596.1,1470.0,40.0,10.0,0.0,4.0,26.2,4.2,16.6,0.0,0.0,0.0,33,Yes,No,No,No,No,Yes,No,24.8,28.7,0,0,0,0,0,0,0,0,0,9,0,0,0,0,0,0,0,0,0,0,0,0,0,0,0,0,0,0,0,0,6044,2148,1983,111,8.0,239.8,261.8,223.6,215.7,219.6,213.8,0.0,0.0,0.0,0.0,0.0,0.0,4.17,4.48,3.82,3.69,4.50,4.53,0.40,0.30,4.05,0.12,0.00,0,0,0.0,0.0,13575,1181,5.9,1.6,0,
8.7.2026,15:16:37.545,18171,27822,39.5,13229,19452,40.4,0.5,13312,70,1.320,1.331,1.319,1.319,1.319,1.319,1.319,1.319,1.319,4067.7,4067.7,4067.7,4067.7,4067.7,4067.7,4067.7,4067.7,4067.7,99.8,1597.1,3696.7,2277.2,2763.4,1772.9,2151.8,1632.7,1779.6,1294.5,984.0,742.0,1476.2,1143.3,1269.0,959.0,850.9,761.0,1597.1,36.1,52.8,54.8,67.0,42.8,52.1,39.1,43.0,30.4,23.2,17.8,35.7,27.3,30.0,22.4,20.6,18.3,67.0,36.1,40.4,59.7,61.6,75.8,47.9,58.5,43.7,48.1,34.4,26.3,19.4,39.8,30.3,33.4,25.3,22.6,20.0,40.4,40.8,40.8,40.8,40.8,40.8,40.8,40.8,40.8,40.8,0.0,84.6,90.6,95.3,90.9,87.1,76.3,82.2,79.3,74.7,15.4,9.4,4.7,9.1,12.9,23.7,17.8,20.7,25.3,0.0,0.0,0.0,0.0,0.0,0.0,0.0,0.0,0.0,1197.8,12.00,16,16,16,39,55,661,1,72.0,72.2,72.8,68.7,71.0,71.2,70.8,68.9,66.8,67.6,66.8,66.2,63.5,63.8,63.2,54.0,52.2,1.331,1.038,1.337,14.668,11.234,14.665,76.106,40.326,4.442,5.775,6.007,5.182,4.445,3.287,4.020,3.659,3.164,19.648,11.579,31.227,40.390,1197.8,1197.8,4078.7,4078.8,4078.6,4078.8,45.9,24.4,84.6,76.0,55.1,No,No,No,1.664,0.551,6.8,49,95.0,100.0,No,No,91293,99096,35,99.0,No,No,3320,0.0,0.0,0.1,0.024,0.075,79766,50035,0.0,0.0,0.0,0.000,0.000,52,0,52.1,67.3,83.0,0.856,12.136,12.180,12.157,12.071,1133,54.628,21.259,33.901,9.963,44.264,25.397,18.833,0.336,33.901,20.647,3.761,21.583,220.000,240.000,1590.0,1750.2,1395.0,1586.6,1500.0,40.0,9.0,0.0,4.0,26.2,4.4,17.6,0.0,0.0,0.0,33,Yes,No,No,No,No,Yes,No,24.8,29.3,0,0,0,0,0,0,0,0,0,9,0,0,0,0,0,0,0,0,0,0,0,0,0,0,0,0,0,0,0,0,6044,2148,1983,111,8.0,239.8,262.7,225.1,213.8,219.4,211.3,239.8,242.7,237.1,236.7,236.9,236.5,4.17,4.49,3.78,3.61,4.58,4.74,0.40,0.26,4.05,0.12,0.11,0,0,0.0,0.0,13575,1181,5.8,8.9,0,
8.7.2026,15:16:39.556,18165,27828,39.4,13227,19455,40.4,0.5,13312,70,1.318,1.331,1.325,1.325,1.312,1.312,1.312,1.312,1.312,4067.7,4067.7,4067.7,4067.7,4067.7,4067.7,4067.7,4067.7,4067.7,99.8,1524.4,3642.5,2119.6,2644.3,1782.7,2026.4,1581.5,1694.4,1265.3,904.4,782.2,1420.2,1104.0,1192.9,871.0,728.6,630.5,1524.4,34.1,52.6,50.5,64.3,42.6,48.6,37.4,40.4,30.2,21.8,18.2,33.8,25.8,27.7,20.8,17.0,14.4,64.3,34.1,38.5,59.1,57.2,72.4,48.3,55.0,42.4,45.8,33.7,24.1,20.7,38.3,29.3,31.4,22.9,19.3,16.4,38.5,40.8,40.8,40.8,40.8,40.8,40.8,40.8,40.8,40.8,0.0,82.8,89.2,94.5,90.0,85.9,74.3,80.4,76.9,71.0,17.2,10.8,5.5,10.0,14.1,25.7,19.6,23.1,29.0,0.0,0.0,0.0,0.0,0.0,0.0,0.0,0.0,0.0,1197.8,12.00,16,16,16,39,55,661,1,72.1,71.9,73.0,68.5,70.7,70.9,70.7,68.8,66.9,67.4,66.6,65.8,63.4,63.7,63.1,54.0,51.9,1.331,1.031,1.337,14.198,11.168,14.201,74.499,39.627,4.339,5.567,5.883,5.106,4.369,3.309,3.945,3.570,2.964,19.054,11.507,30.561,39.716,1197.8,1197.8,4082.5,4082.6,4082.3,4082.6,45.1,23.7,82.8,75.7,54.7,No,No,No,1.592,0.455,6.6,49,95.0,100.0,No,No,91293,99096,35,99.0,No,No,3320,0.0,0.1,0.1,0.016,0.088,79766,50035,0.0,0.0,0.0,0.000,0.000,52,0,52.2,67.5,83.0,0.844,12.133,12.177,12.154,12.069,1133,54.932,20.995,32.906,9.803,43.780,25.477,18.281,0.336,32.906,20.996,3.555,21.913,220.000,240.000,1560.0,1750.2,1365.0,1559.2,1470.0,40.0,10.0,0.0,3.0,26.2,4.3,17.4,0.0,0.0,0.0,33,Yes,No,No,No,No,Yes,No,24.5,28.2,0,0,0,0,0,0,0,0,0,9,0,0,0,0,0,0,0,0,0,0,0,0,0,0,0,0,0,0,0,0,6044,2148,1983,111,8.0,239.8,257.0,224.3,215.0,218.4,214.5,0.0,0.0,0.0,0.0,0.0,0.0,4.17,4.54,3.84,3.75,4.59,4.65,0.37,0.31,4.06,0.12,0.00,0,0,0.0,0.0,13575,1181,2.7,2.5,0,
8.7.2026,15:16:41.560,18162,27832,39.4,13230,19452,40.4,0.5,13312,70,1.305,1.300,1.306,1.306,1.306,1.306,1.306,1.306,1.306,4017.8,4017.8,4017.8,4017.8,4017.8,4017.8,4017.8,4017.8,4017.8,99.8,1527.8,3645.8,2282.8,1310.3,3129.2,1355.0,2287.5,1435.3,1434.7,853.2,788.2,1291.9,1084.8,1105.6,903.6,761.6,775.5,1527.8,34.1,50.6,54.7,31.1,76.2,32.1,55.0,34.1,34.0,20.2,18.5,30.8,25.5,25.7,21.2,18.0,18.2,76.2,34.1,38.5,57.2,61.8,35.1,86.2,36.2,62.2,38.5,38.4,22.7,20.8,34.7,28.7,29.0,23.8,20.2,20.5,38.5,40.2,40.2,40.2,40.2,40.2,40.2,40.2,40.2,40.2,0.0,82.5,89.3,95.4,89.9,85.0,73.9,79.1,75.6,71.7,17.5,10.7,4.6,10.1,15.0,26.1,20.9,24.4,28.3,0.0,0.0,0.0,0.0,0.0,0.0,0.0,0.0,0.0,1197.8,12.00,16,16,16,39,55,661,1,72.1,72.4,74.0,68.6,71.0,71.3,70.9,68.7,66.8,67.3,66.6,66.2,63.5,63.8,63.1,55.5,52.1,1.306,1.031,1.319,14.296,11.164,14.288,74.233,39.723,4.380,5.684,6.096,5.187,4.301,3.253,3.821,3.512,3.182,19.192,11.504,30.696,39.838,1197.8,1197.8,4082.6,4082.8,4082.5,4082.8,45.3,23.8,82.5,76.2,54.6,No,No,No,1.585,0.528,6.6,49,95.0,100.0,No,No,91293,99096,35,99.0,No,No,3320,0.0,0.1,0.1,0.008,0.198,79766,50035,0.0,0.0,0.0,0.000,0.000,52,0,52.2,67.5,83.0,0.863,12.137,12.180,12.158,12.072,1128,54.143,21.541,35.016,10.524,45.165,25.677,19.453,0.336,35.016,20.993,3.567,19.662,220.000,240.000,1605.0,1750.2,1395.0,1556.1,1515.0,40.0,10.0,0.0,4.0,26.2,4.3,17.2,0.0,0.0,0.0,33,Yes,No,No,No,No,Yes,No,25.5,28.8,0,0,0,0,0,0,0,0,0,9,0,0,0,0,0,0,0,0,0,0,0,0,0,0,0,0,0,0,0,0,6044,2148,1983,111,8.0,239.7,269.8,220.9,204.4,211.7,201.7,0.0,0.0,0.0,0.0,0.0,0.0,4.17,4.49,3.68,3.50,4.72,4.96,0.39,0.33,4.05,0.12,0.00,0,0,0.0,0.0,13575,1181,3.3,2.3,0,
8.7.2026,15:16:43.546,18157,27837,39.4,13230,19451,40.4,0.5,13312,70,1.316,1.319,1.337,1.312,1.312,1.312,1.312,1.312,1.312,4067.7,4067.7,4067.7,4067.7,4067.7,4067.7,4067.7,4067.7,4067.7,99.8,1468.4,3641.6,1722.0,1326.8,3088.8,1440.3,1919.4,1445.8,1308.4,854.0,720.6,1431.2,901.4,1036.0,838.5,790.4,1029.5,1468.4,33.3,60.3,41.0,31.5,75.4,34.2,46.0,34.4,30.9,20.2,16.8,34.3,21.0,24.0,19.5,18.5,24.5,75.4,33.3,37.6,68.2,46.3,35.7,85.2,38.7,51.9,38.9,35.0,22.8,19.0,38.7,23.8,27.2,22.1,20.9,27.7,37.6,40.8,40.8,40.8,40.8,40.8,40.8,40.8,40.8,40.8,0.0,81.3,89.4,95.1,87.2,83.3,71.3,77.6,73.4,73.0,18.7,10.6,4.9,12.8,16.7,28.7,22.4,26.6,27.0,0.0,0.0,0.0,0.0,0.0,0.0,0.0,0.0,0.0,1197.8,12.00,16,16,16,39,55,661,1,72.5,73.1,70.5,68.9,71.1,71.1,70.5,68.7,66.9,67.9,66.6,68.4,63.5,63.8,63.2,55.0,52.4,1.350,1.031,1.344,14.326,11.112,14.333,73.158,39.787,4.403,5.784,5.968,4.867,4.182,3.231,3.862,3.453,3.879,19.213,11.452,30.665,39.819,1197.8,1197.8,4075.4,4075.5,4075.3,4075.5,45.2,23.9,81.3,77.0,54.4,No,No,No,1.525,0.551,6.5,49,95.0,100.0,No,No,91293,99096,35,99.0,No,No,3320,0.0,0.0,0.0,0.008,0.028,79766,50035,0.0,0.0,0.0,0.000,0.000,52,0,52.4,67.9,83.0,0.863,12.138,12.182,12.159,12.073,1130,57.253,22.671,36.468,11.292,46.156,25.873,20.259,0.336,36.468,21.300,4.004,24.555,220.000,240.000,1605.0,1750.2,1395.0,1616.1,1515.0,39.0,10.0,0.0,4.0,26.2,4.4,17.7,0.0,0.0,0.0,33,Yes,No,No,No,No,Yes,No,26.3,28.0,0,0,0,0,0,0,0,0,0,9,0,0,0,0,0,0,0,0,0,0,0,0,0,0,0,0,0,0,0,0,6044,2148,1983,111,8.0,239.8,256.9,224.1,221.3,222.4,220.9,239.8,242.7,236.9,235.1,236.0,234.6,4.17,4.52,3.86,3.71,4.55,4.57,0.42,0.27,4.06,0.11,0.10,0,0,0.0,0.0,13575,1181,3.9,2.0,0,
8.7.2026,15:16:45.555,18161,27833,39.4,13232,19450,40.4,0.5,13312,70,1.322,1.319,1.325,1.319,1.319,1.319,1.325,1.325,1.325,4061.4,4067.7,4067.7,4067.7,4067.7,4067.7,4067.7,4042.7,4042.7,99.8,1472.3,3701.6,1614.5,2097.9,2402.0,1770.1,1667.2,1539.3,1356.9,886.6,773.4,1299.8,1054.6,1100.7,865.4,736.5,689.8,1472.3,33.4,65.0,37.9,50.5,58.2,42.0,39.6,36.6,32.0,20.7,17.9,30.7,24.5,25.4,19.9,17.1,16.0,65.0,33.4,37.8,73.6,42.9,57.2,65.9,47.6,44.8,41.5,36.3,23.4,20.3,34.8,27.8,28.8,22.5,19.4,18.1,37.8,40.7,40.8,40.8,40.8,40.8,40.8,40.8,40.5,40.5,0.0,81.9,90.6,95.5,87.2,84.7,73.2,78.4,75.1,70.2,18.1,9.4,4.5,12.8,15.3,26.8,21.6,24.9,29.8,0.0,0.0,0.0,0.0,0.0,0.0,0.0,0.0,0.0,1197.8,12.00,16,16,16,39,55,661,1,72.4,72.0,72.5,68.3,71.0,71.1,70.2,68.6,66.5,67.1,66.4,65.8,63.4,63.7,63.1,55.5,52.1,1.337,1.038,1.344,14.052,11.177,14.048,73.686,39.396,4.311,5.862,6.004,4.836,4.300,3.225,3.805,3.462,2.990,18.865,11.518,30.383,39.534,1197.8,1197.8,4084.2,4084.2,4084.2,4084.2,44.9,23.4,81.9,75.8,54.6,No,No,No,1.616,0.571,6.5,49,95.0,100.0,No,No,91293,99096,35,99.0,No,No,3320,0.0,0.0,0.1,0.010,0.122,79766,50035,0.0,0.0,0.0,0.000,0.000,52,0,52.4,67.6,83.0,0.863,12.135,12.179,12.156,12.071,1130,56.484,21.988,35.313,10.608,45.185,25.542,19.617,0.336,35.313,20.794,3.723,23.447,220.000,240.000,1605.0,1750.2,1395.0,1600.2,1515.0,40.0,10.0,0.0,4.0,26.2,4.5,17.8,0.0,0.0,0.0,33,Yes,No,No,No,No,Yes,No,25.5,28.4,0,0,0,0,0,0,0,0,0,9,0,0,0,0,0,0,0,0,0,0,0,0,0,0,0,0,0,0,0,0,6044,2148,1983,111,8.0,239.7,258.6,221.5,215.7,218.5,214.5,0.0,0.0,0.0,0.0,0.0,0.0,4.17,4.54,3.79,3.62,4.61,4.68,0.40,0.35,4.05,0.12,0.00,0,0,0.0,0.0,13575,1181,3.5,2.3,0,
8.7.2026,15:16:47.544,18158,27835,39.4,13232,19449,40.4,0.5,13312,70,1.334,1.325,1.344,1.344,1.331,1.331,1.331,1.331,1.331,4086.4,4042.7,4092.6,4092.6,4092.6,4092.6,4092.6,4092.6,4092.6,99.8,1416.8,3703.4,1520.5,3011.4,1357.6,1961.3,1363.9,1386.5,1398.0,726.9,800.9,1083.6,1194.8,957.8,907.9,635.6,658.5,1416.8,32.4,66.4,36.1,73.3,32.3,47.3,32.2,33.0,33.1,17.3,18.9,25.8,28.4,22.0,21.6,14.9,15.4,73.3,32.4,36.6,75.2,40.8,83.1,36.5,53.5,36.5,37.3,37.5,19.5,21.4,29.2,32.1,24.8,24.4,16.8,17.4,36.6,40.9,40.5,41.0,41.0,41.0,41.0,41.0,41.0,41.0,0.0,81.0,90.7,95.0,87.1,84.0,71.0,77.7,73.9,68.9,19.0,9.3,5.0,12.9,16.0,29.0,22.3,26.1,31.1,0.0,0.0,0.0,0.0,0.0,0.0,0.0,0.0,0.0,1197.8,12.00,16,16,16,39,55,661,1,72.2,72.0,72.2,68.3,71.1,71.0,70.3,68.5,66.6,67.1,66.3,65.6,63.4,63.7,63.1,55.2,52.3,1.344,1.025,1.350,13.877,11.154,13.876,72.924,39.224,4.266,5.879,5.969,4.831,4.222,3.133,3.769,3.418,2.905,18.646,11.493,30.140,39.293,1197.8,1197.8,4085.8,4085.9,4085.6,4085.9,44.7,23.1,81.0,75.8,54.4,No,No,No,1.598,0.590,6.5,49,95.0,100.0,No,No,91293,99096,35,99.0,No,No,3320,0.2,0.0,0.2,0.117,0.193,79766,50036,0.0,0.0,0.0,0.000,0.000,52,0,52.6,67.8,83.0,0.856,12.140,12.184,12.161,12.075,1133,56.403,22.193,35.760,10.734,45.578,25.683,19.865,0.336,35.760,20.873,3.645,23.693,220.000,240.000,1590.0,1750.2,1395.0,1582.6,1500.0,39.0,10.0,0.0,4.0,26.2,4.6,18.3,0.0,0.0,0.0,33,Yes,No,No,No,No,Yes,No,25.7,28.1,0,0,0,0,0,0,0,0,0,9,0,0,0,0,0,0,0,0,0,0,0,0,0,0,0,0,0,0,0,0,6044,2148,1983,111,8.0,239.8,257.0,223.7,213.7,218.3,211.8,239.8,243.0,237.5,236.8,237.1,236.7,4.17,4.53,3.84,3.64,4.60,4.68,0.44,0.23,4.05,0.12,0.10,0,0,0.0,0.0,13575,1181,4.5,5.1,0,
8.7.2026,15:16:49.553,18158,27835,39.4,13229,19452,40.4,0.5,13312,70,1.314,1.325,1.312,1.312,1.312,1.312,1.312,1.312,1.312,4067.7,4067.7,4067.7,4067.7,4067.7,4067.7,4067.7,4067.7,4067.7,99.8,1491.7,3719.3,1649.3,3041.8,1378.4,2084.5,1412.5,1539.8,1440.4,783.1,813.1,1233.1,1312.2,1052.7,986.0,684.1,737.1,1491.7,33.9,64.9,38.9,73.9,32.6,49.9,33.2,36.6,34.0,18.3,19.0,29.2,31.1,24.1,23.0,15.9,17.1,73.9,33.9,38.4,73.5,44.0,83.6,36.9,56.5,37.7,41.5,38.5,20.8,21.5,33.1,35.2,27.3,26.1,18.0,19.4,38.4,40.8,40.8,40.8,40.8,40.8,40.8,40.8,40.8,40.8,0.0,83.3,91.2,94.8,88.8,86.5,74.8,80.8,77.5,72.0,16.7,8.8,5.2,11.2,13.5,25.2,19.2,22.5,28.0,0.0,0.0,0.0,0.0,0.0,0.0,0.0,0.0,0.0,1197.8,12.00,16,16,16,39,55,661,1,72.1,71.9,70.8,68.4,71.0,70.9,70.3,68.7,66.6,67.4,66.6,65.9,63.4,63.7,63.1,56.2,51.9,1.344,1.038,1.344,14.197,11.180,14.201,74.971,39.652,4.328,5.832,5.885,4.918,4.359,3.191,3.910,3.545,2.984,19.029,11.520,30.549,39.716,1197.8,1197.8,4080.2,4080.2,4080.2,4080.2,45.1,23.7,83.3,75.7,54.8,No,No,No,1.625,0.571,6.7,49,95.0,100.0,No,No,91293,99096,35,99.0,No,No,3320,0.0,0.0,0.0,0.000,0.002,79766,50036,0.0,0.0,0.0,0.000,0.000,52,0,52.6,67.9,83.0,0.869,12.138,12.182,12.159,12.072,1129,57.056,22.184,35.978,10.781,45.572,25.557,19.988,0.336,35.978,20.693,3.915,23.039,220.000,240.000,1620.0,1750.2,1410.0,1593.2,1530.0,38.0,9.0,0.0,4.0,26.2,4.4,17.8,0.0,0.0,0.0,33,Yes,No,No,No,No,Yes,No,25.8,28.3,0,0,0,0,0,0,0,0,0,9,0,0,0,0,0,0,0,0,0,0,0,0,0,0,0,0,0,0,0,0,6044,2148,1983,108,8.0,239.7,259.4,224.2,204.5,214.5,199.9,239.8,242.6,237.1,236.1,236.6,235.8,4.17,4.49,3.83,3.47,4.62,4.86,0.41,0.36,4.06,0.12,0.10,0,0,0.0,0.0,13575,1181,3.0,2.0,0,
8.7.2026,15:16:51.548,18157,27837,39.4,13238,19444,40.5,0.5,13312,70,1.339,1.319,1.331,1.337,1.337,1.337,1.350,1.350,1.350,4117.6,4117.6,4117.6,4117.6,4117.6,4117.6,4117.6,4117.6,4117.6,99.8,1421.3,3701.2,1512.2,1373.9,2862.4,1411.7,2097.5,1206.0,1564.9,719.8,805.1,1051.4,1234.8,923.7,1000.3,620.1,656.2,1421.3,32.3,66.4,35.6,32.6,69.6,33.4,50.3,28.4,37.1,16.8,18.9,24.7,29.2,21.0,23.5,14.4,15.2,69.6,32.3,36.6,75.1,40.2,36.9,78.7,37.8,56.9,32.1,42.0,19.0,21.3,27.9,33.1,23.8,26.6,16.3,17.2,36.6,41.2,41.2,41.2,41.2,41.2,41.2,41.2,41.2,41.2,0.0,82.3,90.7,94.1,89.1,84.8,73.8,79.2,76.3,70.7,17.7,9.3,5.9,10.9,15.2,26.2,20.8,23.7,29.3,0.0,0.0,0.0,0.0,0.0,0.0,0.0,0.0,0.0,1197.8,12.00,16,16,16,39,55,661,1,72.1,71.9,72.2,68.3,71.1,70.7,70.6,68.4,66.6,67.1,66.5,65.6,63.4,63.8,63.1,56.8,52.2,1.350,1.038,1.356,14.029,11.144,14.031,74.099,39.391,4.274,5.848,5.803,5.010,4.205,3.152,3.780,3.471,2.923,18.811,11.484,30.295,39.455,1197.8,1197.8,4082.0,4082.0,4082.0,4082.0,44.8,23.4,82.3,75.7,54.8,No,No,No,1.631,0.559,6.6,49,95.0,100.0,No,No,91293,99096,35,99.0,No,No,3320,0.0,0.0,0.0,0.000,0.008,79766,50036,0.0,0.0,0.0,0.000,0.000,52,0,52.3,67.5,83.0,0.838,12.138,12.183,12.158,12.073,1129,54.498,20.806,32.279,9.600,43.588,25.631,17.933,0.336,32.279,21.233,4.216,20.964,220.000,240.000,1545.0,1750.2,1350.0,1579.7,1455.0,37.0,9.0,0.0,3.0,26.2,4.3,17.1,0.0,0.0,0.0,33,Yes,No,No,No,No,Yes,No,24.3,27.9,0,0,0,0,0,0,0,0,0,9,0,0,0,0,0,0,0,0,0,0,0,0,0,0,0,0,0,0,0,0,6044,2148,1983,108,8.0,239.8,255.3,208.8,204.9,205.8,204.5,239.8,242.7,237.1,236.7,236.9,236.6,4.17,4.79,3.84,3.61,4.88,4.94,0.46,0.22,4.06,0.11,0.11,0,0,0.0,0.0,13575,1181,3.7,2.1,0,
8.7.2026,15:16:53.545,18159,27835,39.4,13228,19454,40.4,0.5,13312,70,1.327,1.312,1.312,1.331,1.331,1.331,1.331,1.331,1.331,4067.7,4067.7,4067.7,4067.7,4067.7,4067.7,4067.7,4067.7,4067.7,99.8,1412.7,3664.9,1486.6,1248.8,3125.6,1473.7,1885.5,1202.4,1621.4,762.7,771.0,1052.4,1230.7,907.4,960.9,618.0,590.4,1412.7,32.0,64.7,34.9,29.5,76.1,34.8,45.0,28.3,38.5,17.8,17.9,24.8,29.0,20.6,22.4,14.3,13.5,76.1,32.0,36.3,73.3,39.6,33.5,86.2,39.5,51.0,32.1,43.7,20.2,20.4,28.1,32.9,23.3,25.5,16.2,15.4,36.3,40.8,40.8,40.8,40.8,40.8,40.8,40.8,40.8,40.8,0.0,81.4,89.7,95.2,87.3,84.3,72.7,78.0,74.8,68.9,18.6,10.3,4.8,12.7,15.7,27.3,22.0,25.2,31.1,0.0,0.0,0.0,0.0,0.0,0.0,0.0,0.0,0.0,1197.8,12.00,16,16,16,39,55,661,1,72.1,71.9,69.5,68.3,70.9,71.1,70.1,68.5,66.5,67.0,66.4,65.5,63.4,63.7,63.1,55.5,52.1,1.344,1.025,1.344,13.924,11.149,13.921,73.219,39.251,4.263,5.793,5.969,4.839,4.238,3.155,3.786,3.462,2.866,18.701,11.488,30.190,39.335,1197.8,1197.8,4085.5,4085.6,4085.4,4085.6,44.7,23.2,81.4,75.7,54.7,No,No,No,1.553,0.561,6.5,49,95.0,100.0,No,No,91293,99096,35,99.0,No,No,3320,0.1,0.8,0.9,0.122,7.211,79766,50050,0.0,0.0,0.0,0.000,0.000,52,0,52.1,67.4,83.0,0.819,12.141,12.187,12.161,12.075,1129,52.436,19.864,30.700,8.897,42.538,25.454,17.055,0.336,30.700,21.059,3.319,18.586,220.000,240.000,1500.0,1750.2,1305.0,1533.1,1410.0,38.0,9.0,0.0,3.0,26.2,4.4,17.5,0.0,0.0,0.0,33,Yes,No,No,No,No,Yes,No,23.5,26.2,0,0,0,0,0,0,0,0,0,9,0,0,0,0,0,0,0,0,0,0,0,0,0,0,0,0,0,0,0,0,6044,2148,1983,108,8.0,239.8,262.0,220.1,211.9,216.0,209.8,0.0,0.0,0.0,0.0,0.0,0.0,4.17,4.55,3.82,3.76,4.62,4.73,0.41,0.29,4.05,0.12,0.00,0,0,0.0,0.0,13575,1181,3.7,3.6,0,
8.7.2026,15:16:55.560,18159,27835,39.4,13229,19453,40.4,0.5,13312,70,1.328,1.344,1.331,1.325,1.325,1.325,1.325,1.325,1.325,4070.8,4092.6,4067.7,4067.7,4067.7,4067.7,4067.7,4067.7,4067.7,99.8,1422.8,3622.2,2214.0,1777.9,2588.3,1496.6,1751.5,1293.3,1438.4,666.1,744.4,1006.8,1167.9,879.6,957.3,589.4,571.3,1422.8,31.5,49.0,53.1,42.7,62.9,35.5,41.8,30.6,34.2,15.5,17.5,23.7,27.6,19.9,22.6,13.7,13.2,62.9,31.5,35.6,55.5,60.1,48.4,71.2,40.1,47.3,34.6,38.7,17.5,19.8,26.8,31.3,22.5,25.6,15.4,14.9,35.6,40.8,41.0,40.8,40.8,40.8,40.8,40.8,40.8,40.8,0.0,80.4,88.6,95.3,86.1,83.6,71.1,76.4,74.2,68.2,19.6,11.4,4.7,13.9,16.4,28.9,23.6,25.8,31.8,0.0,0.0,0.0,0.0,0.0,0.0,0.0,0.0,0.0,1197.8,12.00,16,16,16,39,55,661,1,72.1,72.1,73.5,68.2,70.7,71.3,70.1,68.5,66.3,66.9,66.2,65.5,63.3,63.7,63.0,55.8,52.1,1.356,1.038,1.356,13.664,11.125,13.661,72.396,38.866,4.226,5.707,6.067,4.793,4.197,3.071,3.709,3.408,2.854,18.355,11.463,29.818,38.960,1197.8,1197.8,4086.5,4086.5,4086.5,4086.5,44.3,22.8,80.4,75.9,54.1,No,No,No,1.535,0.558,6.4,49,95.0,100.0,No,No,91293,99096,35,99.0,No,No,3320,0.0,0.0,0.1,0.006,0.118,79766,50050,0.0,0.0,0.0,0.000,0.000,52,0,52.0,67.2,83.0,0.819,12.143,12.190,12.162,12.078,1130,51.735,19.611,29.931,8.752,42.128,25.472,16.629,0.336,29.931,21.279,3.270,18.377,220.000,240.000,1500.0,1750.2,1305.0,1485.5,1410.0,39.0,9.0,0.0,3.0,26.2,4.3,17.1,0.0,0.0,0.0,33,Yes,No,No,No,No,Yes,No,23.3,27.7,0,0,0,0,0,0,0,0,0,9,0,0,0,0,0,0,0,0,0,0,0,0,0,0,0,0,0,0,0,0,6044,2148,1983,108,8.0,239.8,268.5,217.1,209.5,212.5,208.4,239.8,242.9,236.9,236.2,236.6,236.0,4.17,4.69,3.70,3.58,4.75,4.78,0.46,0.24,4.06,0.11,0.12,0,0,0.0,0.0,13575,1181,2.8,2.8,0,
8.7.2026,15:16:57.550,18163,27831,39.4,13232,19450,40.4,0.5,13312,70,1.328,1.312,1.331,1.331,1.337,1.337,1.325,1.325,1.325,4064.5,4042.7,4067.7,4067.7,4067.7,4067.7,4067.7,4067.7,4067.7,99.8,1543.5,3709.6,2364.4,3022.5,1514.9,1860.3,1536.4,1524.7,1368.0,834.6,894.7,1111.0,1353.9,1046.2,1029.1,790.5,735.8,1543.5,34.4,51.7,56.7,73.6,36.1,44.5,36.5,36.2,32.4,19.6,21.1,26.2,32.2,24.1,24.3,18.5,17.2,73.6,34.4,38.9,58.3,64.1,83.2,40.8,50.3,41.2,40.9,36.6,22.1,23.8,29.5,36.4,27.2,27.4,20.9,19.4,38.9,40.7,40.5,40.8,40.8,40.8,40.8,40.8,40.8,40.8,0.0,83.2,91.0,95.8,88.4,85.9,74.6,80.2,77.3,72.1,16.8,9.0,4.2,11.6,14.1,25.4,19.8,22.7,27.9,0.0,0.0,0.0,0.0,0.0,0.0,0.0,0.0,0.0,1197.8,12.00,16,16,16,39,55,661,1,72.5,72.5,72.5,68.8,71.2,71.4,70.3,68.8,67.2,67.7,67.1,66.7,63.5,63.8,63.2,56.0,51.6,1.325,1.031,1.337,14.602,11.164,14.605,74.848,40.170,4.435,5.897,6.090,4.882,4.338,3.372,3.961,3.685,3.254,19.570,11.508,31.078,40.240,1197.8,1197.8,4078.2,4078.4,4078.1,4078.4,45.7,24.3,83.2,76.4,55.0,No,No,No,1.599,0.571,6.7,49,95.0,100.0,No,No,91293,99096,35,99.0,No,No,3320,0.0,0.0,0.1,0.008,0.081,79766,50050,0.0,0.0,0.0,0.000,0.000,52,0,52.3,67.6,83.0,0.850,12.136,12.180,12.157,12.071,1129,54.352,21.111,33.428,9.963,44.180,25.578,18.569,0.336,33.428,21.038,3.480,21.107,220.000,240.000,1575.0,1750.2,1380.0,1540.0,1485.0,39.0,9.0,0.0,4.0,26.2,4.4,17.4,0.0,0.0,0.0,33,Yes,No,No,No,No,Yes,No,24.8,27.9,0,0,0,0,0,0,0,0,0,9,0,0,0,0,0,0,0,0,0,0,0,0,0,0,0,0,0,0,0,0,6044,2148,1983,108,8.0,239.7,257.9,221.7,204.9,213.5,200.7,0.0,0.0,0.0,0.0,0.0,0.0,4.17,4.56,3.86,3.34,4.71,4.94,0.43,0.26,4.06,0.12,0.00,0,0,0.0,0.0,13575,1181,6.1,5.2,0,
8.7.2026,15:16:59.545,18151,27842,39.4,13228,19454,40.4,0.5,13312,70,1.315,1.331,1.306,1.319,1.312,1.312,1.312,1.312,1.312,4067.7,4067.7,4067.7,4067.7,4067.7,4067.7,4067.7,4067.7,4067.7,99.8,1481.3,3657.3,2381.9,2995.9,1449.8,1897.9,1477.2,1626.7,1245.9,830.7,700.0,1174.7,1096.2,1038.5,874.4,681.0,572.1,1481.3,32.8,49.3,57.2,72.8,34.5,45.2,34.9,38.8,29.3,19.5,16.1,27.9,25.7,23.8,20.4,15.8,13.2,72.8,32.8,37.1,55.8,64.7,82.4,39.0,51.2,39.6,43.9,33.2,22.1,18.3,31.5,29.0,27.0,23.1,17.9,14.9,37.1,40.8,40.8,40.8,40.8,40.8,40.8,40.8,40.8,40.8,0.0,81.6,89.6,95.0,87.2,85.2,72.6,77.9,75.6,69.5,18.4,10.4,5.0,12.8,14.8,27.4,22.1,24.4,30.5,0.0,0.0,0.0,0.0,0.0,0.0,0.0,0.0,0.0,1197.8,12.00,16,16,16,39,55,661,1,72.5,72.0,75.0,68.4,71.0,71.2,70.2,68.8,66.6,67.0,66.5,65.8,63.5,63.8,63.2,53.8,51.6,1.331,1.038,1.344,13.964,11.169,13.962,73.415,39.271,4.269,5.743,5.983,4.822,4.323,3.183,3.737,3.463,2.899,18.736,11.510,30.246,39.399,1197.8,1197.8,4082.6,4082.6,4082.6,4082.6,44.8,23.3,81.6,75.8,54.7,No,No,No,1.582,0.570,6.5,49,95.0,100.0,No,No,91293,99096,35,99.0,No,No,3320,0.0,0.0,0.1,0.030,0.006,79766,50050,0.0,0.0,0.0,0.000,0.000,52,0,52.2,67.5,83.0,0.838,12.140,12.185,12.160,12.074,1128,54.169,20.315,31.483,9.261,42.863,25.355,17.490,0.336,31.483,20.966,3.443,20.471,220.000,240.000,1545.0,1750.2,1350.0,1559.5,1455.0,38.0,9.0,0.0,3.0,26.2,4.3,17.4,0.0,0.0,0.0,33,Yes,No,No,No,No,Yes,No,23.8,27.5,0,0,0,0,0,0,0,0,0,9,0,0,0,0,0,0,0,0,0,0,0,0,0,0,0,0,0,0,0,0,6044,2148,1983,108,8.0,239.8,262.1,220.8,208.5,214.3,206.2,0.0,0.0,0.0,0.0,0.0,0.0,4.17,4.56,3.78,3.59,4.72,4.83,0.37,0.26,4.06,0.12,0.00,0,0,0.0,0.0,13575,1181,5.4,2.3,0,
8.7.2026,15:17:1.557,18160,27834,39.4,13232,19449,40.4,0.5,13312,70,1.317,1.325,1.312,1.312,1.312,1.319,1.319,1.319,1.319,4067.7,4067.7,4067.7,4067.7,4067.7,4067.7,4067.7,4067.7,4067.7,99.8,1579.8,3730.4,2383.9,1692.1,2808.9,1584.3,2077.5,1655.9,1472.7,942.3,772.5,1459.0,1097.2,1205.7,876.5,825.4,693.2,1579.8,35.4,51.9,57.2,40.5,68.3,37.9,49.8,39.6,35.0,22.3,18.3,34.8,26.0,28.1,20.5,19.5,16.1,68.3,35.4,39.9,58.6,64.7,45.8,77.2,42.7,56.3,44.7,39.5,25.1,20.6,39.3,29.3,31.7,23.1,22.0,18.1,39.9,40.8,40.8,40.8,40.8,40.8,40.8,40.8,40.8,40.8,0.0,83.9,91.5,95.6,90.2,87.3,74.9,81.3,77.8,72.5,16.1,8.5,4.4,9.8,12.7,25.1,18.7,22.2,27.5,0.0,0.0,0.0,0.0,0.0,0.0,0.0,0.0,0.0,1197.8,12.00,16,16,16,39,55,661,1,72.5,72.3,72.5,68.8,71.3,71.3,70.8,69.2,66.9,67.6,66.7,66.2,63.6,63.9,63.3,56.0,51.8,1.350,1.031,1.350,14.427,11.222,14.432,75.477,40.020,4.410,5.828,5.933,5.116,4.507,3.275,3.985,3.565,3.072,19.338,11.566,30.904,40.074,1197.8,1197.8,4079.6,4079.7,4079.4,4079.7,45.5,24.1,83.9,76.1,54.6,No,No,No,1.634,0.535,6.7,50,95.0,100.0,No,No,91293,99096,35,99.0,No,No,3320,0.1,0.0,0.1,0.053,0.010,79767,50050,0.0,0.0,0.0,0.000,0.000,52,0,52.0,67.1,83.0,0.819,12.143,12.189,12.162,12.077,1130,51.541,19.840,30.015,8.703,42.081,25.386,16.674,0.336,30.015,21.105,3.268,20.818,220.000,240.000,1485.0,1750.2,1305.0,1503.5,1410.0,38.0,9.0,0.0,3.0,26.2,4.2,16.6,0.0,0.0,0.0,33,Yes,No,No,No,No,Yes,No,23.2,27.0,0,0,0,0,0,0,0,0,0,9,0,0,0,0,0,0,0,0,0,0,0,0,0,0,0,0,0,0,0,0,6044,2148,1983,108,8.0,239.8,257.6,222.8,216.2,219.7,214.4,239.8,242.6,236.7,236.0,236.3,235.9,4.17,4.52,3.84,3.71,4.56,4.62,0.45,0.31,4.05,0.12,0.11,0,0,0.0,0.0,13575,1181,4.2,2.8,0,
8.7.2026,15:17:3.559,18161,27833,39.4,13225,19456,40.4,0.5,13312,70,1.317,1.325,1.325,1.325,1.312,1.312,1.312,1.312,1.312,4067.7,4067.7,4067.7,4067.7,4067.7,4067.7,4067.7,4067.7,4067.7,99.8,1496.3,3653.2,2345.8,1275.6,3161.8,1408.7,2057.3,1450.5,1381.4,824.4,783.4,1327.9,961.5,1083.5,881.2,651.3,693.1,1496.3,33.2,50.3,56.2,30.1,77.0,33.2,49.1,34.4,32.6,19.4,18.3,31.6,22.4,25.0,20.5,15.2,16.0,77.0,33.2,37.6,56.9,63.5,34.1,87.2,37.6,55.6,39.0,36.9,21.9,20.7,35.8,25.3,28.3,23.2,17.1,18.1,37.6,40.8,40.8,40.8,40.8,40.8,40.8,40.8,40.8,40.8,0.0,81.4,89.5,95.3,87.7,84.5,72.7,77.7,74.7,69.5,18.6,10.5,4.7,12.3,15.5,27.3,22.3,25.3,30.5,0.0,0.0,0.0,0.0,0.0,0.0,0.0,0.0,0.0,1197.8,12.00,16,16,16,39,55,661,1,72.5,72.0,72.2,68.4,71.1,71.1,70.5,68.5,66.7,67.2,66.6,65.8,63.5,63.8,63.2,54.2,52.2,1.350,1.031,1.344,13.899,11.136,13.899,73.297,39.184,4.295,5.801,5.954,4.910,4.251,3.225,3.758,3.485,2.972,18.640,11.472,30.112,39.267,1197.8,1197.8,4082.0,4082.0,4082.0,4082.0,44.6,23.2,81.4,75.8,54.1,No,No,No,1.578,0.559,6.5,49,95.0,100.0,No,No,91293,99096,35,99.0,No,No,3320,0.0,0.0,0.0,0.014,0.004,79767,50050,0.0,0.0,0.0,0.000,0.000,52,0,52.2,67.4,83.0,0.850,12.138,12.182,12.159,12.073,1132,54.437,21.370,32.646,9.661,43.480,25.328,18.137,0.336,32.646,20.825,8.963,21.680,220.000,240.000,1575.0,1750.2,1380.0,1560.5,1485.0,38.0,9.0,0.0,3.0,26.2,4.3,17.2,0.0,0.0,0.0,33,Yes,No,No,No,No,Yes,No,24.3,28.2,0,0,0,0,0,0,0,0,0,9,0,0,0,0,0,0,0,0,0,0,0,0,0,0,0,0,0,0,0,0,6044,2148,1983,106,8.0,239.8,259.7,218.0,175.7,196.2,166.5,238.7,243.0,236.2,134.4,176.6,119.8,4.17,4.58,3.83,2.55,5.09,5.97,0.45,0.37,4.05,0.12,0.17,0,0,0.0,0.0,13575,1181,4.8,3.9,0,
8.7.2026,15:17:5.565,18164,27829,39.4,13229,19453,40.4,0.5,13312,70,1.304,1.319,1.294,1.294,1.294,1.294,1.312,1.312,1.312,4045.8,4067.7,4042.7,4042.7,4042.7,4042.7,4042.7,4042.7,4042.7,99.8,1487.2,3642.9,1920.7,1737.9,2740.0,1652.8,1832.4,1521.1,1409.4,880.6,758.8,1360.1,979.4,1132.2,829.2,727.5,670.0,1487.2,33.5,57.2,45.6,41.7,66.6,39.3,43.8,36.1,33.4,20.8,17.7,32.4,22.9,26.2,19.3,17.1,15.5,66.6,33.5,37.8,64.6,51.6,47.2,75.4,44.5,49.5,40.9,37.8,23.4,20.0,36.6,25.8,29.6,21.8,19.3,17.5,37.8,40.5,40.8,40.5,40.5,40.5,40.5,40.5,40.5,40.5,0.0,81.9,89.3,95.5,88.0,85.0,73.1,78.5,75.3,70.4,18.1,10.7,4.5,12.0,15.0,26.9,21.5,24.7,29.6,0.0,0.0,0.0,0.0,0.0,0.0,0.0,0.0,0.0,1197.8,12.00,16,16,16,39,55,661,1,72.4,72.1,74.2,68.5,70.9,71.3,70.4,68.8,66.7,67.3,66.6,65.8,63.5,63.8,63.2,54.5,51.8,1.319,1.025,1.331,14.120,11.164,14.117,73.699,39.507,4.310,5.693,6.046,4.946,4.339,3.214,3.801,3.483,2.957,18.934,11.503,30.437,39.588,1197.8,1197.8,4081.3,4081.4,4081.2,4081.4,45.0,23.5,81.9,75.9,54.7,No,No,No,1.587,0.548,6.6,49,95.0,100.0,No,No,91293,99096,35,99.0,No,No,3320,0.1,0.1,0.1,0.032,0.153,79767,50050,0.0,0.0,0.0,0.000,0.000,52,0,52.2,67.4,83.0,0.825,12.137,12.183,12.158,12.072,1132,53.160,20.023,30.447,8.954,42.297,25.351,16.913,0.336,30.447,21.129,3.321,21.033,220.000,240.000,1515.0,1750.2,1320.0,1554.6,1425.0,37.0,9.0,0.0,3.0,26.2,4.1,16.6,0.0,0.0,0.0,33,Yes,No,No,No,No,Yes,No,23.4,27.9,0,0,0,0,0,0,0,0,0,9,0,0,0,0,0,0,0,0,0,0,0,0,0,0,0,0,0,0,0,0,6044,2148,1983,107,8.0,239.8,260.2,217.3,210.7,213.0,210.0,0.0,0.0,0.0,0.0,0.0,0.0,4.17,4.58,3.83,3.47,4.68,4.77,0.41,0.25,4.05,0.12,0.00,0,0,0.0,0.0,13575,1181,3.0,2.0,0,
8.7.2026,15:17:7.565,18164,27830,39.4,13235,19446,40.4,0.5,13312,70,1.324,1.319,1.325,1.325,1.325,1.325,1.325,1.325,1.325,4067.7,4067.7,4067.7,4067.7,4067.7,4067.7,4067.7,4067.7,4067.7,99.8,1423.9,3620.2,1480.3,3115.3,1300.0,2188.3,1253.2,1631.5,1139.2,940.7,639.8,1420.0,871.1,1154.4,724.4,728.8,574.7,1423.9,32.3,62.8,34.7,75.7,30.8,52.6,29.5,38.9,26.7,22.3,14.9,33.9,20.2,26.8,16.7,17.1,13.2,75.7,32.3,36.6,71.1,39.3,85.7,34.9,59.6,33.3,44.0,30.2,25.2,16.8,38.3,22.9,30.4,19.0,19.3,14.9,36.6,40.8,40.8,40.8,40.8,40.8,40.8,40.8,40.8,40.8,0.0,80.9,88.6,95.0,87.5,83.4,72.0,77.1,74.3,69.0,19.1,11.4,5.0,12.5,16.6,28.0,22.9,25.7,31.0,0.0,0.0,0.0,0.0,0.0,0.0,0.0,0.0,0.0,1197.8,12.00,16,16,16,39,55,661,1,72.4,72.1,73.5,68.4,70.8,71.3,70.5,68.7,66.6,67.2,66.4,65.8,63.5,63.8,63.2,54.5,52.3,1.331,1.031,1.337,13.854,11.116,13.853,72.786,39.134,4.274,5.608,6.053,4.971,4.205,3.200,3.775,3.426,2.953,18.614,11.453,30.067,39.214,1197.8,1197.8,4085.0,4085.3,4084.8,4085.3,44.6,23.1,80.9,75.9,54.3,No,No,No,1.580,0.537,6.5,49,95.0,100.0,No,No,91293,99096,35,99.0,No,No,3320,0.0,0.1,0.1,0.032,0.094,79767,50051,0.0,0.0,0.0,0.000,0.000,52,0,52.2,67.4,83.0,0.838,12.134,12.178,12.155,12.069,1130,51.976,21.037,32.984,10.084,44.111,25.756,18.324,0.336,32.984,21.524,3.530,20.733,220.000,240.000,1545.0,1750.2,1350.0,1480.4,1455.0,38.0,9.0,0.0,3.0,26.3,4.2,16.9,0.0,0.0,0.0,33,Yes,No,No,No,No,Yes,No,24.8,26.5,0,0,0,0,0,0,0,0,0,9,0,0,0,0,0,0,0,0,0,0,0,0,0,0,0,0,0,0,0,0,6039,2153,1987,108,8.0,239.8,258.0,224.1,219.3,221.4,218.3,239.8,242.7,237.0,235.7,236.3,235.5,4.17,4.49,3.84,3.71,4.52,4.54,0.42,0.26,4.05,0.12,0.10,0,0,0.0,0.0,13575,1181,3.7,4.9,0,
8.7.2026,15:17:9.564,18162,27832,39.4,13233,19449,40.4,0.5,13312,70,1.318,1.319,1.319,1.319,1.319,1.319,1.312,1.312,1.325,4067.7,4067.7,4067.7,4067.7,4067.7,4067.7,4067.7,4067.7,4067.7,99.8,1509.9,3703.4,1622.3,3042.0,1403.4,2353.0,1338.7,1861.9,1199.4,928.5,739.8,1450.5,980.8,1251.3,783.1,860.1,640.4,1509.9,34.1,63.6,37.9,73.7,33.1,56.5,31.3,44.4,28.0,21.8,17.0,34.4,22.7,29.0,17.9,20.2,14.6,73.7,34.1,38.6,71.9,42.8,83.3,37.5,63.9,35.5,50.3,31.7,24.7,19.3,39.0,25.7,32.9,20.3,22.9,16.6,38.6,40.8,40.8,40.8,40.8,40.8,40.8,40.8,40.8,40.8,0.0,84.7,90.8,95.3,91.3,87.9,77.1,81.7,78.9,74.5,15.3,9.2,4.7,8.7,12.1,22.9,18.3,21.1,25.5,0.0,0.0,0.0,0.0,0.0,0.0,0.0,0.0,0.0,1197.8,12.00,16,16,16,39,55,661,1,72.0,71.7,73.5,68.4,70.5,70.8,70.6,68.9,66.7,67.2,66.5,65.9,63.5,63.8,63.1,56.0,52.2,1.337,1.044,1.344,14.235,11.179,14.237,76.229,39.644,4.339,5.569,5.860,5.120,4.447,3.245,3.877,3.536,3.061,19.044,11.522,30.566,39.722,1197.8,1197.8,4076.6,4076.6,4076.6,4076.6,45.1,23.7,84.7,75.5,54.7,No,No,No,1.566,0.474,6.8,49,95.0,100.0,No,No,91293,99096,35,99.0,No,No,3320,0.0,0.0,0.0,0.008,0.028,79767,50051,0.0,0.0,0.0,0.000,0.000,52,0,52.1,67.3,83.0,0.819,12.140,12.186,12.159,12.074,1129,51.891,20.424,29.961,8.762,42.156,25.489,16.645,0.336,29.961,21.281,9.535,20.116,220.000,240.000,1485.0,1750.2,1305.0,1534.6,1410.0,39.0,9.0,0.0,3.0,26.3,4.1,16.5,0.0,0.0,0.0,33,Yes,No,No,No,No,Yes,No,23.3,27.1,0,0,0,0,0,0,0,0,0,9,0,0,0,0,0,0,0,0,0,0,0,0,0,0,0,0,0,0,0,0,6039,2153,1988,108,8.0,239.8,257.1,224.9,221.3,222.9,220.5,239.8,242.4,236.9,236.6,236.8,236.6,4.17,4.44,3.84,3.81,4.49,4.53,0.44,0.29,4.06,0.11,0.10,0,0,0.0,0.0,13575,1181,3.3,2.4,0,
8.7.2026,15:17:11.567,18168,27825,39.5,13240,19442,40.5,0.5,13312,70,1.324,1.319,1.325,1.325,1.325,1.325,1.325,1.325,1.325,4067.7,4067.7,4067.7,4067.7,4067.7,4067.7,4067.7,4067.7,4067.7,99.8,1420.1,3638.6,1450.3,2041.5,2332.2,1727.1,1694.2,1632.8,1228.2,824.2,647.6,1430.0,869.1,1124.8,775.5,670.5,634.7,1420.1,32.1,63.0,33.9,49.2,56.4,41.2,40.3,38.9,28.8,19.3,15.0,34.0,20.1,26.0,17.9,15.6,14.6,63.0,32.1,36.4,71.4,38.4,55.7,63.9,46.6,45.6,44.1,32.7,21.9,17.0,38.6,22.8,29.5,20.3,17.7,16.6,36.4,40.8,40.8,40.8,40.8,40.8,40.8,40.8,40.8,40.8,0.0,81.7,89.1,95.4,88.2,84.6,72.9,78.9,75.1,69.8,18.3,10.9,4.6,11.8,15.4,27.1,21.1,24.9,30.2,0.0,0.0,0.0,0.0,0.0,0.0,0.0,0.0,0.0,1197.8,12.00,16,16,16,39,55,661,1,71.9,71.9,73.0,68.3,70.6,71.1,70.3,68.6,66.5,67.1,66.3,65.6,63.4,63.7,63.1,54.5,52.1,1.331,1.031,1.337,13.951,11.138,13.946,73.575,39.239,4.262,5.569,6.013,4.951,4.290,3.143,3.791,3.434,2.908,18.732,11.475,30.207,39.348,1197.8,1197.8,4084.4,4084.4,4084.4,4084.4,44.7,23.2,81.7,75.6,54.8,No,No,No,1.574,0.513,6.5,49,95.0,100.0,No,No,91293,99096,35,99.0,No,No,3320,0.0,0.0,0.0,0.000,0.077,79767,50051,0.0,0.0,0.0,0.000,0.000,52,0,52.4,67.6,83.0,0.863,12.136,12.180,12.157,12.071,1132,52.321,21.722,35.257,10.621,45.247,25.638,19.587,0.336,35.257,20.942,3.724,20.608,220.000,240.000,1605.0,1750.2,1395.0,1487.3,1515.0,39.0,10.0,0.0,3.0,26.3,4.4,17.5,0.0,0.0,0.0,33,Yes,No,No,No,No,Yes,No,25.5,27.2,0,0,0,0,0,0,0,0,0,9,0,0,0,0,0,0,0,0,0,0,0,0,0,0,0,0,0,0,0,0,6037,2155,1990,108,8.0,239.8,257.7,221.4,206.2,214.0,202.4,239.8,242.4,237.3,236.5,236.9,236.3,4.17,4.54,3.84,3.55,4.69,4.93,0.47,0.28,4.06,0.11,0.12,0,0,0.0,0.0,13575,1181,3.5,2.0,0,
8.7.2026,15:17:13.562,18181,27813,39.5,13248,19434,40.5,0.5,13312,70,1.314,1.325,1.312,1.312,1.312,1.312,1.312,1.312,1.312,4067.7,4067.7,4067.7,4067.7,4067.7,4067.7,4067.7,4067.7,4067.7,99.8,1512.0,3675.3,1666.7,1556.7,2914.3,1573.7,2022.2,1365.2,1594.0,785.0,894.7,1293.8,1186.4,1007.6,1102.6,727.0,825.9,1512.0,34.4,63.0,39.3,37.0,71.0,37.3,48.5,32.4,37.9,18.4,21.1,30.7,28.0,23.1,26.1,17.1,19.4,71.0,34.4,38.8,71.1,44.3,41.8,80.2,42.1,54.7,36.5,42.8,20.8,23.8,34.6,31.6,26.1,29.4,19.2,21.8,38.8,40.8,40.8,40.8,40.8,40.8,40.8,40.8,40.8,40.8,0.0,84.1,90.2,95.6,89.8,86.8,76.2,81.5,78.8,73.7,15.9,9.8,4.4,10.2,13.2,23.8,18.5,21.2,26.3,0.0,0.0,0.0,0.0,0.0,0.0,0.0,0.0,0.0,1197.8,12.00,16,16,16,39,55,661,1,72.2,72.8,73.2,68.9,71.1,71.4,70.9,69.1,67.1,67.9,67.2,66.7,63.5,63.8,63.2,56.0,52.0,1.350,1.025,1.344,14.642,11.155,14.650,75.677,40.192,4.440,5.688,6.017,5.144,4.412,3.300,4.006,3.708,3.243,19.587,11.496,31.082,40.241,1197.8,1197.8,4074.5,4074.7,4074.2,4074.7,45.7,24.4,84.1,76.6,55.0,No,No,No,1.542,0.446,6.7,49,95.0,100.0,No,No,91293,99096,35,99.0,No,No,3320,0.6,0.7,1.2,1.706,8.700,79770,50067,0.0,0.0,0.0,0.000,0.000,52,0,52.2,67.2,83.0,0.819,12.144,12.191,12.163,12.078,1129,53.992,19.381,29.747,8.558,41.805,25.255,16.526,0.336,29.747,20.951,3.297,17.589,220.000,240.000,1485.0,1750.2,1305.0,1601.6,1410.0,39.0,9.0,0.0,3.0,26.3,3.9,15.6,0.0,0.0,0.0,33,Yes,No,No,No,No,Yes,No,23.0,26.0,0,0,0,0,0,0,0,0,0,9,0,0,0,0,0,0,0,0,0,0,0,0,0,0,0,0,0,0,0,0,6035,2157,1992,108,8.0,239.8,256.4,226.4,209.4,216.1,207.6,239.8,243.2,236.3,235.0,235.6,234.7,4.17,4.44,3.86,3.56,4.62,4.84,0.41,0.28,4.05,0.12,0.10,0,0,0.0,0.0,13575,1181,4.0,2.8,0,
8.7.2026,15:17:15.568,18180,27814,39.5,13249,19432,40.5,0.5,13312,70,1.341,1.344,1.331,1.331,1.344,1.344,1.344,1.344,1.344,4092.6,4092.6,4092.6,4092.6,4092.6,4092.6,4092.6,4092.6,4092.6,99.8,1421.6,3646.2,1527.9,1503.0,2871.7,1439.5,1971.2,1197.5,1551.2,695.6,870.4,1147.4,1160.0,882.1,1030.2,586.4,665.0,1421.6,32.0,62.4,35.7,35.6,69.8,33.8,47.1,27.9,36.8,16.1,20.3,26.9,27.3,19.8,24.1,13.4,15.3,69.8,32.0,36.3,70.7,40.5,40.4,79.0,38.4,53.4,31.7,41.7,18.3,23.1,30.6,31.0,22.6,27.4,15.3,17.4,36.3,41.0,41.0,41.0,41.0,41.0,41.0,41.0,41.0,41.0,0.0,82.3,89.3,95.4,88.4,85.0,74.2,79.0,76.4,70.5,17.7,10.7,4.6,11.6,15.0,25.8,21.0,23.6,29.5,0.0,0.0,0.0,0.0,0.0,0.0,0.0,0.0,0.0,1197.8,12.00,16,16,16,39,55,661,1,72.2,72.1,73.2,68.4,70.7,71.4,70.5,68.7,66.7,67.2,66.6,65.8,63.5,63.8,63.2,54.0,51.9,1.350,1.031,1.344,13.936,11.125,13.934,74.033,39.218,4.274,5.555,6.059,4.940,4.224,3.207,3.819,3.482,2.909,18.696,11.464,30.160,39.301,1197.8,1197.8,4082.2,4082.2,4082.2,4082.2,44.7,23.2,82.3,75.9,54.5,No,No,No,1.524,0.473,6.6,49,95.0,100.0,No,No,91293,99096,35,99.0,No,No,3320,0.0,0.0,0.0,0.000,0.081,79770,50067,0.0,0.0,0.0,0.000,0.000,52,0,52.1,67.3,83.0,0.825,12.137,12.181,12.157,12.072,1132,52.000,20.228,30.851,9.172,42.609,25.435,17.139,0.336,30.851,21.252,3.403,21.226,220.000,240.000,1515.0,1750.2,1320.0,1490.8,1425.0,37.0,9.0,0.0,2.0,26.3,4.2,16.8,0.0,0.0,0.0,33,Yes,No,No,No,No,Yes,No,23.7,26.7,0,0,0,0,0,0,0,0,0,9,0,0,0,0,0,0,0,0,0,0,0,0,0,0,0,0,0,0,0,0,6034,2158,1993,108,8.0,239.8,261.6,221.8,213.5,216.7,212.3,239.8,242.4,237.3,236.9,237.1,236.9,4.17,4.54,3.85,3.69,4.64,4.72,0.42,0.28,4.06,0.11,0.10,0,0,0.0,0.0,13575,1181,3.8,2.7,0,
8.7.2026,15:17:17.572,18205,27788,39.5,13270,19411,40.6,0.5,13312,70,1.316,1.319,1.312,1.312,1.312,1.312,1.312,1.325,1.325,4067.7,4067.7,4067.7,4067.7,4067.7,4067.7,4067.7,4067.7,4067.7,99.8,1568.8,3737.3,1847.4,3050.4,1514.2,2128.5,1514.0,1669.6,1482.6,823.6,930.8,1235.0,1381.5,1099.5,1091.9,795.3,798.5,1568.8,35.6,62.4,43.8,74.1,36.0,51.0,35.9,39.9,35.1,19.4,21.9,29.2,32.9,25.4,25.8,18.6,18.7,74.1,35.6,40.2,70.5,49.4,83.8,40.7,57.6,40.5,45.0,39.6,21.8,24.7,32.9,37.1,28.6,29.0,21.0,21.1,40.2,40.8,40.8,40.8,40.8,40.8,40.8,40.8,40.8,40.8,0.0,85.2,91.7,95.7,90.3,88.1,77.3,83.2,79.7,75.3,14.8,8.3,4.3,9.7,11.9,22.7,16.8,20.3,24.7,0.0,0.0,0.0,0.0,0.0,0.0,0.0,0.0,0.0,1197.8,12.00,16,16,16,39,55,661,1,82.1,72.7,70.2,69.0,71.4,71.6,70.9,69.5,67.2,67.9,67.1,66.3,63.7,63.9,63.4,54.2,52.1,1.331,1.038,1.350,14.755,11.191,14.755,76.649,40.362,4.458,5.796,6.059,5.089,4.549,3.347,4.063,3.659,3.103,19.753,11.533,31.286,40.449,1197.8,1197.8,4076.5,4076.5,4076.5,4076.5,46.0,24.6,85.2,76.5,55.2,No,No,No,1.653,0.439,6.8,49,95.0,100.0,No,No,91293,99096,35,99.0,No,No,3320,0.1,0.0,0.1,0.173,0.014,79770,50068,0.0,0.0,0.0,0.000,0.000,52,0,51.9,67.0,83.0,0.794,12.137,12.183,12.156,12.072,1128,49.127,19.165,28.299,8.260,41.355,25.606,15.722,0.336,28.299,21.635,3.463,18.678,220.000,240.000,1425.0,1750.2,1245.0,1456.2,1350.0,39.0,9.0,0.0,3.0,26.4,4.1,16.4,0.0,0.0,0.0,33,Yes,No,No,No,No,Yes,No,22.7,26.4,0,0,0,0,0,0,0,0,0,9,0,0,0,0,0,0,0,0,0,0,0,0,0,0,0,0,0,0,0,0,6031,2161,1996,108,8.0,239.8,259.8,224.4,210.2,215.8,208.8,0.0,0.0,0.0,0.0,0.0,0.0,4.17,4.51,3.83,3.75,4.65,4.82,0.40,0.34,4.05,0.12,0.00,0,0,0.0,0.0,13575,1181,4.0,4.5,0,
8.7.2026,15:17:19.567,18204,27789,39.5,13271,19410,40.6,0.5,13312,70,1.330,1.319,1.331,1.331,1.331,1.331,1.331,1.331,1.337,4086.4,4067.7,4092.6,4092.6,4092.6,4092.6,4092.6,4092.6,4067.7,99.8,1396.8,3543.1,2017.0,2914.0,1430.4,1861.3,1392.2,1357.7,1273.6,686.6,751.9,1000.9,1174.8,870.6,960.2,537.8,576.0,1396.8,30.9,48.1,48.1,70.8,34.1,44.5,33.0,32.2,30.2,16.0,17.6,23.5,27.8,19.8,22.7,12.4,13.3,70.8,30.9,35.0,54.5,54.5,80.2,38.6,50.4,37.3,36.5,34.2,18.1,20.0,26.7,31.5,22.4,25.7,14.0,15.1,35.0,40.9,40.8,41.0,41.0,41.0,41.0,41.0,41.0,40.8,0.0,80.0,86.7,94.8,87.2,82.8,71.2,76.3,73.6,67.3,20.0,13.3,5.2,12.8,17.2,28.8,23.7,26.4,32.7,0.0,0.0,0.0,0.0,0.0,0.0,0.0,0.0,0.0,1197.8,12.00,16,16,16,39,55,661,1,79.1,71.7,69.8,68.2,70.3,71.2,70.2,68.5,66.4,67.0,66.4,65.5,63.4,63.7,63.1,56.2,52.1,1.337,1.031,1.337,13.519,11.093,13.519,71.989,38.657,4.163,5.326,6.010,4.820,4.117,3.111,3.693,3.412,2.811,18.161,11.428,29.588,38.727,1197.8,1197.8,4085.9,4086.0,4085.8,4086.0,44.0,22.5,80.0,75.5,54.4,No,No,No,1.528,0.494,6.4,49,95.0,100.0,No,No,91293,99096,35,99.0,No,No,3320,0.1,0.0,0.1,0.038,0.004,79770,50068,0.0,0.0,0.0,0.000,0.000,52,0,52.2,67.4,83.0,0.825,12.135,12.180,12.155,12.070,1129,52.214,20.409,31.869,9.330,43.163,25.431,17.705,0.336,31.869,20.942,3.298,20.143,220.000,240.000,1515.0,1750.2,1320.0,1465.0,1425.0,41.0,9.0,0.0,3.0,26.4,4.4,17.6,0.0,0.0,0.0,33,Yes,No,No,No,No,Yes,No,24.0,28.5,0,0,0,0,0,0,0,0,0,9,0,0,0,0,0,0,0,0,0,0,0,0,0,0,0,0,0,0,0,0,6029,2163,1998,108,8.0,239.8,256.0,226.0,212.6,219.2,209.9,0.0,0.0,0.0,0.0,0.0,0.0,4.17,4.47,3.93,3.78,4.55,4.67,0.39,0.24,4.06,0.11,0.00,0,0,0.0,0.0,13575,1181,3.2,1.9,0,
8.7.2026,15:17:21.561,18205,27789,39.5,13270,19412,40.6,0.5,13312,70,1.326,1.331,1.325,1.325,1.325,1.325,1.325,1.325,1.325,4067.7,4067.7,4067.7,4067.7,4067.7,4067.7,4067.7,4067.7,4067.7,99.8,1499.6,3618.3,2131.9,2287.0,2159.4,1669.6,1790.7,1369.1,1555.3,731.7,880.8,1048.0,1327.9,866.4,1075.0,682.6,799.1,1499.6,33.4,51.2,50.8,55.1,52.0,39.7,42.7,32.4,37.0,17.0,20.7,24.6,31.4,19.6,25.4,15.8,18.6,55.1,33.4,37.8,57.9,57.5,62.5,58.9,45.0,48.4,36.6,41.9,19.3,23.4,27.8,35.6,22.2,28.8,17.9,21.1,37.8,40.8,40.8,40.8,40.8,40.8,40.8,40.8,40.8,40.8,0.0,82.0,88.6,95.0,88.7,84.9,73.3,79.0,75.4,71.4,18.0,11.4,5.0,11.3,15.1,26.7,21.0,24.6,28.6,0.0,0.0,0.0,0.0,0.0,0.0,0.0,0.0,0.0,1197.8,12.00,16,16,16,39,55,661,1,76.1,71.9,71.0,68.5,70.6,71.2,70.4,68.8,66.6,67.5,66.5,66.1,63.5,63.8,63.2,53.8,51.7,1.337,1.025,1.337,14.017,11.178,14.023,73.843,39.431,4.290,5.494,6.013,4.961,4.303,3.184,3.869,3.469,3.029,18.827,11.517,30.344,39.502,1197.8,1197.8,4084.2,4084.3,4084.1,4084.3,44.9,23.4,82.0,75.7,54.7,No,No,No,1.588,0.476,6.6,49,95.0,100.0,No,No,91293,99096,35,99.0,No,No,3320,0.0,0.0,0.0,0.000,0.006,79770,50068,0.0,0.0,0.0,0.000,0.000,52,0,52.1,67.2,83.0,0.812,12.138,12.183,12.158,12.072,1132,52.370,20.130,30.471,8.918,42.466,25.509,16.928,0.336,30.471,21.240,3.390,21.569,220.000,240.000,1470.0,1750.2,1290.0,1510.7,1395.0,40.0,9.0,0.0,3.0,26.4,4.2,16.7,0.0,0.0,0.0,33,Yes,No,No,No,No,Yes,No,23.5,27.2,0,0,0,0,0,0,0,0,0,9,0,0,0,0,0,0,0,0,0,0,0,0,0,0,0,0,0,0,0,0,6029,2163,1998,108,8.0,239.8,259.3,212.6,205.4,207.2,205.1,239.8,243.1,237.3,236.2,236.7,236.1,4.17,4.70,3.88,3.47,4.80,4.90,0.42,0.30,4.05,0.12,0.12,0,0,0.0,0.0,13575,1181,2.0,2.0,0,
8.7.2026,15:17:23.565,18206,27788,39.5,13274,19408,40.6,0.5,13312,70,1.328,1.319,1.319,1.331,1.331,1.331,1.331,1.331,1.331,4067.7,4067.7,4067.7,4067.7,4067.7,4067.7,4067.7,4067.7,4067.7,99.8,1447.0,3568.7,2062.8,1196.6,3143.2,1283.9,2164.9,1148.9,1609.5,648.2,850.1,1040.9,1264.2,823.9,1153.8,524.9,667.8,1447.0,32.0,48.9,49.0,28.3,76.4,30.2,51.9,27.0,38.3,14.9,19.9,24.4,30.0,18.5,27.4,12.0,15.6,76.4,32.0,36.3,55.5,55.5,32.0,86.6,34.2,58.8,30.6,43.4,16.9,22.6,27.7,34.0,21.0,31.0,13.6,17.6,36.3,40.8,40.8,40.8,40.8,40.8,40.8,40.8,40.8,40.8,0.0,80.7,87.3,94.8,88.1,83.6,71.3,77.4,75.0,68.0,19.3,12.7,5.2,11.9,16.4,28.7,22.6,25.0,32.0,0.0,0.0,0.0,0.0,0.0,0.0,0.0,0.0,0.0,1197.8,12.00,16,16,16,39,55,661,1,74.0,71.9,70.8,68.4,70.5,71.1,70.6,68.6,66.6,67.3,66.7,65.8,63.5,63.8,63.2,56.5,52.4,1.337,1.025,1.344,13.866,11.146,13.855,72.608,39.151,4.256,5.419,5.982,5.002,4.218,3.158,3.827,3.559,2.886,18.659,11.485,30.144,39.273,1197.8,1197.8,4088.4,4088.5,4088.3,4088.5,44.6,23.1,80.7,75.7,54.6,No,No,No,1.590,0.490,6.5,49,95.0,100.0,No,No,91293,99096,35,99.0,No,No,3320,0.0,0.0,0.1,0.032,0.006,79770,50068,0.0,0.0,0.0,0.000,0.000,52,0,52.3,67.5,83.0,0.844,12.137,12.180,12.157,12.072,1133,53.566,23.609,33.891,10.122,44.496,25.641,18.827,0.336,33.891,21.050,25.573,22.262,220.000,240.000,1560.0,1750.2,1365.0,1522.7,1470.0,37.0,9.0,0.0,3.0,26.5,4.3,17.2,0.0,0.0,0.0,33,Yes,No,No,No,No,Yes,No,25.0,28.6,0,0,0,0,0,0,0,0,0,9,0,0,0,0,0,0,0,0,0,0,0,0,0,0,0,0,0,0,0,0,6025,2167,2002,108,8.0,239.7,266.0,212.4,209.7,210.0,209.5,0.0,0.0,0.0,0.0,0.0,0.0,4.17,4.68,3.75,3.57,4.82,4.92,0.39,0.34,4.05,0.12,0.00,0,0,0.0,0.0,13575,1181,2.1,1.4,0,
8.7.2026,15:17:25.570,18219,27775,39.6,13278,19403,40.6,0.5,13312,70,1.318,1.312,1.319,1.319,1.319,1.319,1.319,1.319,1.319,4067.7,4067.7,4067.7,4067.7,4067.7,4067.7,4067.7,4067.7,4067.7,99.8,1501.1,3613.9,2227.6,1255.3,3195.1,1339.6,2167.1,1318.7,1520.1,698.7,910.0,1066.0,1271.4,889.5,1145.3,633.1,766.2,1501.1,33.4,49.9,53.3,29.7,77.9,31.5,52.0,31.0,36.1,16.3,21.4,25.0,30.1,20.0,27.1,14.6,17.9,77.9,33.4,37.8,56.5,60.3,33.6,88.2,35.7,58.9,35.1,40.9,18.5,24.3,28.3,34.1,22.7,30.7,16.6,20.3,37.8,40.8,40.8,40.8,40.8,40.8,40.8,40.8,40.8,40.8,0.0,81.8,88.5,95.5,88.4,84.7,72.8,78.6,75.8,70.3,18.2,11.5,4.5,11.6,15.3,27.2,21.4,24.2,29.7,0.0,0.0,0.0,0.0,0.0,0.0,0.0,0.0,0.0,1197.8,12.00,16,16,16,39,55,661,1,73.0,72.2,71.2,68.6,70.9,71.5,70.7,68.9,66.7,67.4,66.6,66.0,63.6,63.9,63.3,53.8,51.8,1.331,1.044,1.337,14.083,11.118,14.090,73.630,39.489,4.308,5.593,6.066,5.024,4.300,3.173,3.827,3.498,2.979,18.904,11.460,30.364,39.533,1197.8,1197.8,4082.9,4082.9,4082.9,4082.9,44.9,23.5,81.8,76.0,54.7,No,No,No,1.603,0.537,6.5,49,95.0,100.0,No,No,91293,99096,35,99.0,No,No,3320,0.0,0.0,0.0,0.000,0.081,79770,50068,0.0,0.0,0.0,0.000,0.000,52,0,52.6,67.8,83.0,0.863,12.137,12.180,12.158,12.073,1129,56.091,21.993,35.196,10.475,45.010,25.437,19.552,0.336,35.196,20.618,3.823,24.290,220.000,240.000,1605.0,1750.2,1395.0,1589.6,1515.0,39.0,9.0,0.0,3.0,26.5,4.3,17.3,0.0,0.0,0.0,33,Yes,No,No,No,No,Yes,No,25.4,28.5,0,0,0,0,0,0,0,0,0,9,0,0,0,0,0,0,0,0,0,0,0,0,0,0,0,0,0,0,0,0,6023,2169,2004,108,8.0,239.8,259.9,221.1,216.8,218.0,216.6,0.0,0.0,0.0,0.0,0.0,0.0,4.17,4.57,3.80,3.67,4.61,4.65,0.38,0.32,4.05,0.12,0.00,0,0,0.0,0.0,13575,1181,3.0,2.1,0,
8.7.2026,15:17:27.567,18218,27776,39.6,13279,19403,40.6,0.5,13312,70,1.320,1.325,1.319,1.319,1.319,1.319,1.319,1.319,1.319,4067.7,4067.7,4067.7,4067.7,4067.7,4067.7,4067.7,4067.7,4067.7,99.8,1457.1,3584.6,2173.8,2621.6,1821.0,1853.1,1594.1,1591.4,1129.1,852.5,713.3,1285.6,960.6,1098.4,792.1,651.7,590.3,1457.1,32.3,49.0,51.9,63.4,43.8,44.2,37.8,37.8,26.5,20.1,16.6,30.4,22.5,25.4,18.3,15.1,13.6,63.4,32.3,36.6,55.5,58.8,71.8,49.7,50.1,42.9,42.8,30.0,22.7,18.8,34.4,25.5,28.8,20.8,17.1,15.4,36.6,40.8,40.8,40.8,40.8,40.8,40.8,40.8,40.8,40.8,0.0,80.5,87.7,95.0,87.3,83.3,71.4,76.9,74.0,68.4,19.5,12.3,5.0,12.7,16.7,28.6,23.1,26.0,31.6,0.0,0.0,0.0,0.0,0.0,0.0,0.0,0.0,0.0,1197.8,12.00,16,16,16,39,55,661,1,72.6,72.3,71.0,68.5,71.0,71.4,70.6,68.6,66.7,67.1,66.6,65.7,63.6,63.9,63.3,55.8,52.2,1.350,1.044,1.356,13.923,11.105,13.918,72.453,39.188,4.284,5.649,6.090,4.989,4.206,3.210,3.744,3.474,2.910,18.727,11.445,30.172,39.312,1197.8,1197.8,4087.7,4087.8,4087.5,4087.8,44.7,23.2,80.5,76.1,54.5,No,No,No,1.539,0.538,6.4,49,95.0,100.0,No,No,91293,99096,35,99.0,No,No,3320,0.0,0.0,0.0,0.000,0.020,79770,50068,0.0,0.0,0.0,0.000,0.000,52,0,52.6,67.8,83.0,0.856,12.135,12.179,12.156,12.070,1130,55.753,21.437,34.267,10.170,44.406,25.348,19.037,0.336,34.267,20.638,4.014,21.892,220.000,240.000,1590.0,1750.2,1395.0,1583.3,1500.0,38.0,9.0,0.0,3.0,26.5,4.5,17.8,0.0,0.0,0.0,33,Yes,No,No,No,No,Yes,No,25.0,29.7,0,0,0,0,0,0,0,0,0,9,0,0,0,0,0,0,0,0,0,0,0,0,0,0,0,0,0,0,0,0,6022,2170,2005,108,8.0,239.7,256.3,217.7,207.5,211.8,205.7,239.8,242.5,237.0,226.8,232.4,224.0,4.17,4.60,3.88,3.55,4.74,4.93,0.40,0.28,4.06,0.11,0.12,0,0,0.0,0.0,13575,1181,6.2,4.8,0,
8.7.2026,15:17:29.573,18223,27770,39.6,13279,19403,40.6,0.5,13312,70,1.320,1.325,1.319,1.319,1.319,1.319,1.319,1.319,1.319,4077.0,4067.7,4067.7,4067.7,4067.7,4067.7,4092.6,4092.6,4092.6,99.8,1516.6,3706.3,1681.8,3101.9,1376.3,2185.5,1348.2,1759.9,1230.9,998.0,769.9,1548.5,989.3,1229.7,779.3,866.5,694.3,1516.6,34.6,65.4,39.7,75.6,32.7,52.5,32.0,42.1,29.0,23.7,18.0,36.9,23.2,28.6,18.1,20.4,16.1,75.6,34.6,39.1,73.9,44.9,85.4,37.0,59.3,36.2,47.6,32.8,26.7,20.4,41.7,26.2,32.3,20.5,23.1,18.3,39.1,40.8,40.8,40.8,40.8,40.8,40.8,41.0,41.0,41.0,0.0,83.4,91.0,95.5,88.8,85.9,75.5,81.1,76.7,72.9,16.6,9.0,4.5,11.2,14.1,24.5,18.9,23.3,27.1,0.0,0.0,0.0,0.0,0.0,0.0,0.0,0.0,0.0,1197.8,12.00,16,16,16,39,55,661,1,72.8,73.1,73.0,69.2,71.7,71.4,71.0,69.4,67.6,68.3,67.1,67.0,63.7,64.0,63.4,54.2,52.1,1.344,1.038,1.344,14.756,11.164,14.765,75.090,40.375,4.465,5.951,5.959,5.023,4.461,3.449,4.077,3.576,3.230,19.752,11.509,31.260,40.430,1197.8,1197.8,4073.1,4073.2,4072.9,4073.2,45.9,24.6,83.4,76.9,55.1,No,No,No,1.584,0.557,6.7,49,95.0,100.0,No,No,91293,99096,35,99.0,No,No,3320,0.0,0.0,0.0,0.002,0.008,79770,50068,0.0,0.0,0.0,0.000,0.000,52,0,52.7,67.9,83.0,0.869,12.138,12.182,12.159,12.072,1129,56.607,21.882,35.046,10.391,44.951,25.448,19.470,0.336,35.046,20.613,3.828,23.695,220.000,240.000,1620.0,1750.2,1410.0,1608.0,1530.0,37.0,9.0,0.0,3.0,26.5,4.3,17.1,0.0,0.0,0.0,33,Yes,No,No,No,No,Yes,No,25.3,28.3,0,0,0,0,0,0,0,0,0,9,0,0,0,0,0,0,0,0,0,0,0,0,0,0,0,0,0,0,0,0,6021,2171,2006,108,8.0,239.8,260.7,223.1,207.4,215.1,203.7,0.0,0.0,0.0,0.0,0.0,0.0,4.17,4.50,3.80,3.65,4.64,4.91,0.39,0.34,4.06,0.11,0.00,0,0,0.0,0.0,13575,1181,3.9,1.3,0,
8.7.2026,15:17:31.576,18219,27775,39.6,13278,19404,40.6,0.5,13312,70,1.327,1.331,1.337,1.325,1.325,1.325,1.325,1.325,1.325,4092.6,4092.6,4092.6,4092.6,4092.6,4092.6,4092.6,4092.6,4092.6,99.8,1403.9,3658.9,1393.7,2701.3,1627.3,1987.2,1368.6,1597.1,1155.7,864.3,674.4,1420.5,846.3,1148.7,748.9,694.9,574.4,1403.9,32.0,66.7,32.7,65.5,38.8,47.5,32.3,38.0,27.2,20.4,15.7,33.8,19.7,26.6,17.4,16.2,13.3,66.7,32.0,36.2,75.5,37.0,74.1,43.9,53.8,36.6,43.0,30.7,23.1,17.7,38.2,22.2,30.1,19.6,18.3,15.0,36.2,41.0,41.0,41.0,41.0,41.0,41.0,41.0,41.0,41.0,0.0,81.0,89.6,94.8,86.6,83.9,71.9,77.5,74.8,68.9,19.0,10.4,5.2,13.4,16.1,28.1,22.5,25.2,31.1,0.0,0.0,0.0,0.0,0.0,0.0,0.0,0.0,0.0,1197.8,12.00,16,16,16,39,55,661,1,72.6,72.2,73.2,68.4,71.3,71.1,70.3,68.5,66.6,67.1,66.6,65.8,63.6,63.8,63.3,55.0,51.5,1.362,1.025,1.356,13.754,11.164,13.751,72.900,39.009,4.231,5.792,5.905,4.795,4.177,3.115,3.722,3.431,2.909,18.461,11.504,29.965,39.107,1197.8,1197.8,4083.0,4083.3,4082.8,4083.3,44.4,22.9,81.0,76.0,54.4,No,No,No,1.543,0.529,6.5,49,95.0,100.0,No,No,91293,99096,35,99.0,No,No,3320,0.3,1.0,1.2,0.257,2.338,79771,50072,0.0,0.0,0.0,0.000,0.000,52,0,52.5,67.8,83.0,0.838,12.140,12.186,12.160,12.074,1130,53.384,20.732,32.649,9.675,43.678,25.512,18.138,0.336,32.649,21.026,4.172,19.479,220.000,240.000,1545.0,1750.2,1350.0,1557.2,1455.0,40.0,10.0,0.0,3.0,26.5,4.3,17.1,0.0,0.0,0.0,33,Yes,No,No,No,No,Yes,No,24.4,27.8,0,0,0,0,0,0,0,0,0,9,0,0,0,0,0,0,0,0,0,0,0,0,0,0,0,0,0,0,0,0,6021,2171,2006,108,8.0,239.7,264.7,222.2,211.3,215.5,210.2,239.8,242.3,236.3,235.9,236.1,235.7,4.17,4.55,3.77,3.63,4.64,4.74,0.46,0.30,4.06,0.11,0.10,0,0,0.0,0.0,13575,1181,2.4,2.3,0,
8.7.2026,15:17:33.572,18230,27763,39.6,13286,19395,40.6,0.5,13312,70,1.322,1.312,1.325,1.325,1.325,1.325,1.325,1.325,1.312,4064.5,4042.7,4067.7,4067.7,4067.7,4067.7,4067.7,4067.7,4067.7,99.8,1413.5,3671.8,1469.4,1389.9,3004.6,1612.8,1680.4,1486.0,1325.3,815.5,685.8,1495.3,845.1,1068.1,771.3,645.2,649.3,1413.5,32.6,67.0,34.9,33.4,73.4,38.5,40.4,35.6,31.7,19.6,16.4,36.0,20.1,25.1,18.3,15.4,15.6,73.4,32.6,36.5,75.7,39.1,37.4,82.9,43.2,45.4,39.9,35.5,21.6,18.0,40.4,22.2,27.9,20.2,16.9,17.1,36.5,40.7,40.5,40.8,40.8,40.8,40.8,40.8,40.8,40.8,0.0,81.2,89.9,95.4,86.3,84.0,71.9,78.4,74.6,69.1,18.8,10.1,4.6,13.7,16.0,28.1,21.6,25.4,30.9,0.0,0.0,0.0,0.0,0.0,0.0,0.0,0.0,0.0,1197.8,12.00,16,16,16,39,55,661,1,72.4,72.2,72.5,68.4,71.2,71.2,70.3,68.8,66.5,67.2,66.3,65.7,63.5,63.8,63.2,56.2,52.2,1.344,1.038,1.344,13.933,11.142,13.932,73.092,39.282,4.277,5.874,6.005,4.804,4.259,3.144,3.831,3.405,2.898,18.722,11.478,30.200,39.346,1197.8,1197.8,4086.0,4086.4,4085.7,4086.4,44.7,23.2,81.2,76.0,54.5,No,No,No,1.547,0.512,6.5,49,95.0,100.0,No,No,91293,99096,35,99.0,No,No,3320,0.0,0.0,0.0,0.012,0.014,79771,50072,0.0,0.0,0.0,0.000,0.000,52,0,52.2,67.3,83.0,0.831,12.140,12.186,12.160,12.075,1130,52.243,20.096,30.850,8.786,42.414,25.260,17.139,0.336,30.850,20.679,3.518,21.131,220.000,240.000,1530.0,1750.2,1335.0,1516.0,1440.0,36.0,8.0,0.0,3.0,26.5,4.1,16.5,0.0,0.0,0.0,33,Yes,No,No,No,No,Yes,No,23.4,26.7,0,0,0,0,0,0,0,0,0,9,0,0,0,0,0,0,0,0,0,0,0,0,0,0,0,0,0,0,0,0,6021,2171,2006,108,8.0,239.8,260.5,217.7,207.3,212.4,204.6,239.8,242.7,237.4,236.9,237.1,236.8,4.17,4.57,3.84,3.50,4.73,4.99,0.42,0.21,4.05,0.12,0.11,0,0,0.0,0.0,13575,1181,3.3,2.1,0,
8.7.2026,15:17:35.571,18223,27771,39.6,13278,19403,40.6,0.5,13312,70,1.338,1.337,1.344,1.344,1.331,1.337,1.337,1.337,1.337,4089.5,4067.7,4092.6,4092.6,4092.6,4092.6,4092.6,4092.6,4092.6,99.8,1339.3,3604.2,1361.1,1187.0,3060.6,1531.1,1685.7,1520.6,1153.0,715.1,607.8,1369.0,766.8,1032.0,733.8,542.5,559.2,1339.3,30.4,64.5,32.0,28.1,74.7,36.3,40.2,36.3,27.3,16.8,14.1,32.5,17.8,23.9,16.4,12.6,13.0,74.7,30.4,34.4,73.0,36.2,31.8,84.5,41.1,45.5,41.0,30.8,18.9,15.9,36.8,20.1,27.0,19.3,14.2,14.6,34.4,41.0,40.8,41.0,41.0,41.0,41.0,41.0,41.0,41.0,0.0,79.3,88.2,94.4,85.5,81.9,69.3,75.8,72.3,66.7,20.7,11.8,5.6,14.5,18.1,30.7,24.2,27.7,33.3,0.0,0.0,0.0,0.0,0.0,0.0,0.0,0.0,0.0,1197.8,12.00,16,16,16,39,55,661,1,72.2,71.8,73.0,68.1,70.7,70.9,70.0,68.3,66.2,66.9,66.2,65.5,63.4,63.7,63.1,55.8,51.6,1.344,1.031,1.344,13.534,11.135,13.533,71.333,38.679,4.148,5.633,5.888,4.728,4.131,2.999,3.663,3.346,2.795,18.185,11.471,29.655,38.795,1197.8,1197.8,4086.9,4086.9,4086.9,4086.9,44.1,22.6,79.3,75.6,54.6,No,No,No,1.512,0.547,6.3,49,95.0,100.0,No,No,91293,99096,35,99.0,No,No,3320,0.1,0.6,0.6,0.057,7.139,79771,50086,0.0,0.0,0.0,0.000,0.000,52,0,52.4,67.7,83.0,0.831,12.139,12.184,12.159,12.073,1130,52.971,20.900,32.246,9.516,43.664,25.728,17.914,0.336,32.246,21.253,3.377,22.724,220.000,240.000,1530.0,1750.2,1335.0,1526.4,1440.0,39.0,9.0,0.0,3.0,26.5,4.3,17.2,0.0,0.0,0.0,33,Yes,No,No,No,No,Yes,No,24.3,27.7,0,0,0,0,0,0,0,0,0,9,0,0,0,0,0,0,0,0,0,0,0,0,0,0,0,0,0,0,0,0,6021,2171,2006,108,8.0,239.8,259.1,224.6,208.6,215.3,206.6,0.0,0.0,0.0,0.0,0.0,0.0,4.17,4.52,3.81,3.58,4.66,4.85,0.40,0.39,4.05,0.12,0.00,0,0,0.0,0.0,13575,1181,2.1,1.3,0,
8.7.2026,15:17:37.566,18226,27767,39.6,13281,19401,40.6,0.5,13312,70,1.326,1.319,1.325,1.325,1.325,1.325,1.325,1.331,1.331,4086.4,4067.7,4067.7,4092.6,4092.6,4092.6,4092.6,4092.6,4092.6,99.8,1445.3,3705.6,1450.0,2509.8,1914.6,1946.6,1483.2,1643.3,1195.8,852.5,666.5,1482.3,879.5,1184.4,752.5,785.6,672.2,1445.3,32.9,67.3,33.8,60.6,46.0,46.3,35.2,39.0,28.0,20.0,15.3,35.3,20.3,27.3,17.9,18.3,15.4,67.3,32.9,37.3,76.1,38.4,68.6,52.2,52.5,39.9,44.2,31.8,22.7,17.4,40.0,23.1,31.1,19.7,20.8,17.6,37.3,40.9,40.8,40.8,41.0,41.0,41.0,41.0,41.0,41.0,0.0,83.0,90.8,95.5,88.5,85.3,74.5,80.0,76.7,72.7,17.0,9.2,4.5,11.5,14.7,25.5,20.0,23.3,27.3,0.0,0.0,0.0,0.0,0.0,0.0,0.0,0.0,0.0,1197.8,12.00,16,16,16,39,55,661,1,72.2,72.0,71.8,68.4,71.1,71.2,70.4,68.5,66.6,67.2,66.4,66.0,63.5,63.8,63.2,53.8,52.0,1.344,1.025,1.337,14.008,11.142,14.004,74.701,39.378,4.303,5.865,5.969,4.908,4.216,3.162,3.823,3.451,3.034,18.793,11.481,30.274,39.424,1197.8,1197.8,4081.7,4081.8,4081.6,4081.8,44.8,23.3,83.0,75.8,54.4,No,No,No,1.584,0.535,6.6,49,95.0,100.0,No,No,91293,99096,35,99.0,No,No,3320,0.0,0.0,0.0,0.010,0.006,79771,50086,0.0,0.0,0.0,0.000,0.000,52,0,52.3,67.4,83.0,0.838,12.138,12.181,12.159,12.073,1130,52.238,20.793,32.428,9.599,43.625,25.595,18.015,0.336,32.428,21.123,3.391,21.390,220.000,240.000,1545.0,1750.2,1350.0,1526.5,1455.0,41.0,9.0,0.0,4.0,26.5,4.3,17.0,0.0,0.0,0.0,33,Yes,No,No,No,No,Yes,No,24.3,28.7,0,0,0,0,0,0,0,0,0,9,0,0,0,0,0,0,0,0,0,0,0,0,0,0,0,0,0,0,0,0,6020,2172,2006,108,8.0,239.8,264.4,223.8,220.9,222.0,220.7,0.0,0.0,0.0,0.0,0.0,0.0,4.17,4.47,3.80,3.57,4.49,4.50,0.37,0.36,4.06,0.11,0.00,0,0,0.0,0.0,13575,1181,3.6,5.0,0,
8.7.2026,15:17:39.562,18224,27770,39.6,13282,19400,40.6,0.5,13312,70,1.319,1.319,1.319,1.319,1.319,1.319,1.319,1.319,1.319,4067.7,4067.7,4067.7,4067.7,4067.7,4067.7,4067.7,4067.7,4067.7,99.8,1418.8,3685.5,1465.1,2868.1,1411.4,2224.8,1209.6,1675.4,1190.8,820.1,675.2,1407.0,884.2,1164.2,797.9,651.5,569.8,1418.8,32.2,66.1,34.2,69.6,33.5,53.4,28.3,39.9,28.0,19.3,15.7,33.4,20.6,27.0,18.5,15.1,13.1,69.6,32.2,36.4,74.7,38.6,78.6,37.7,60.3,31.9,45.0,31.5,21.7,17.7,37.7,23.2,30.4,20.9,17.0,14.7,36.4,40.8,40.8,40.8,40.8,40.8,40.8,40.8,40.8,40.8,0.0,82.8,90.4,93.6,88.8,85.8,74.7,79.9,77.2,71.7,17.2,9.6,6.4,11.2,14.2,25.3,20.1,22.8,28.3,0.0,0.0,0.0,0.0,0.0,0.0,0.0,0.0,0.0,1197.8,12.00,16,16,16,39,55,661,1,72.1,72.0,71.5,68.4,71.0,70.8,70.4,68.8,66.6,67.1,66.6,65.7,63.5,63.8,63.2,56.2,52.1,1.325,1.038,1.337,14.021,11.109,14.025,74.484,39.287,4.281,5.804,5.804,4.926,4.339,3.146,3.801,3.523,2.904,18.765,11.447,30.212,39.364,1197.8,1197.8,4077.8,4078.0,4077.7,4078.0,44.7,23.4,82.8,75.8,54.7,No,No,No,1.517,0.459,6.6,49,95.0,100.0,No,No,91293,99096,35,99.0,No,No,3320,0.1,0.0,0.1,0.052,0.055,79771,50086,0.0,0.0,0.0,0.000,0.000,52,0,52.5,67.6,83.0,0.844,12.138,12.183,12.158,12.072,1133,54.176,20.729,32.294,9.479,43.320,25.352,17.939,0.336,32.294,20.834,3.514,21.934,220.000,240.000,1560.0,1750.2,1365.0,1552.1,1470.0,37.0,9.0,0.0,3.0,26.5,4.1,16.5,0.0,0.0,0.0,33,Yes,No,No,No,No,Yes,No,24.1,28.3,0,0,0,0,0,0,0,0,0,9,0,0,0,0,0,0,0,0,0,0,0,0,0,0,0,0,0,0,0,0,6018,2174,2008,109,8.0,239.8,257.3,226.3,217.8,221.6,216.5,0.0,0.0,0.0,0.0,0.0,0.0,4.17,4.44,3.83,3.72,4.56,4.63,0.37,0.24,4.06,0.11,0.00,0,0,0.0,0.0,13575,1181,2.4,2.1,0,
8.7.2026,15:17:41.568,18236,27758,39.6,13290,19392,40.6,0.5,13312,70,1.312,1.312,1.312,1.312,1.312,1.312,1.312,1.312,1.312,4067.7,4067.7,4067.7,4067.7,4067.7,4067.7,4067.7,4067.7,4067.7,99.8,1559.2,3709.7,2264.6,3003.9,1522.2,2003.2,1538.6,1589.1,1447.2,779.0,903.7,1223.0,1291.9,1005.0,1151.9,675.6,838.2,1559.2,34.6,53.0,54.0,72.9,36.0,47.7,36.3,37.6,34.1,18.0,21.0,28.6,30.5,22.7,27.0,15.4,19.4,72.9,34.6,39.4,60.1,61.2,82.5,40.9,54.1,41.2,42.7,38.8,20.6,24.0,32.5,34.7,25.9,30.8,17.7,22.2,39.4,40.8,40.8,40.8,40.8,40.8,40.8,40.8,40.8,40.8,0.0,83.6,91.0,95.2,88.7,86.6,75.6,80.7,78.1,73.0,16.4,9.0,4.8,11.3,13.4,24.4,19.3,21.9,27.0,0.0,0.0,0.0,0.0,0.0,0.0,0.0,0.0,0.0,1197.8,12.00,16,16,16,39,55,661,1,72.2,72.3,71.2,68.7,71.3,71.2,70.6,69.0,66.8,67.5,66.8,66.1,63.6,63.9,63.3,54.0,51.6,1.350,1.031,1.350,14.247,11.198,14.247,75.259,39.704,4.374,5.857,5.962,4.973,4.427,3.254,3.911,3.574,3.037,19.078,11.537,30.615,39.776,1197.8,1197.8,4077.3,4077.4,4077.2,4077.4,45.2,23.7,83.6,76.1,54.3,No,No,No,1.644,0.486,6.7,49,95.0,100.0,No,No,91293,99096,35,99.0,No,No,3320,0.0,0.0,0.0,0.006,0.002,79771,50086,0.0,0.0,0.0,0.000,0.000,52,0,52.2,67.3,83.0,0.825,12.141,12.186,12.160,12.075,1130,51.066,20.079,31.134,8.994,42.792,25.479,17.295,0.336,31.134,20.979,3.218,19.431,220.000,240.000,1515.0,1750.2,1320.0,1493.7,1425.0,40.0,9.0,0.0,3.0,26.5,4.0,16.0,0.0,0.0,0.0,33,Yes,No,No,No,No,Yes,No,23.7,25.8,0,0,0,0,0,0,0,0,0,9,0,0,0,0,0,0,0,0,0,0,0,0,0,0,0,0,0,0,0,0,6018,2174,2009,109,8.0,239.8,262.2,220.1,205.4,212.2,202.3,239.8,242.8,236.9,235.6,236.0,235.5,4.17,4.59,3.80,3.68,4.75,5.02,0.45,0.32,4.06,0.11,0.11,0,0,0.0,0.0,13575,1181,2.9,2.1,0,
8.7.2026,15:17:43.558,18229,27764,39.6,13292,19390,40.6,0.5,13312,70,1.323,1.319,1.319,1.325,1.325,1.325,1.325,1.325,1.325,4067.7,4067.7,4067.7,4067.7,4067.7,4067.7,4067.7,4067.7,4067.7,99.8,1473.5,3655.0,2284.2,1276.0,3119.8,1334.7,2046.2,1198.8,1620.1,670.8,850.2,1057.9,1253.4,824.7,1139.3,515.6,729.3,1473.5,32.8,49.9,54.6,30.4,76.0,31.5,49.0,28.4,38.7,15.9,20.2,25.1,30.0,18.8,27.2,11.4,17.3,76.0,32.8,36.9,56.3,61.7,34.1,86.0,35.4,55.3,31.8,43.6,17.6,22.5,28.0,33.6,20.9,30.4,13.3,19.2,36.9,40.8,40.8,40.8,40.8,40.8,40.8,40.8,40.8,40.8,0.0,81.9,89.4,95.3,87.3,84.8,73.0,79.0,76.0,70.2,18.1,10.6,4.7,12.7,15.2,27.0,21.0,24.0,29.8,0.0,0.0,0.0,0.0,0.0,0.0,0.0,0.0,0.0,1197.8,12.00,16,16,16,39,55,661,1,72.4,72.1,71.0,68.6,71.2,71.3,70.4,68.9,66.8,67.4,66.7,65.8,63.6,63.9,63.3,56.2,51.7,1.344,1.038,1.350,14.208,11.158,14.209,73.692,39.672,4.335,5.786,6.084,4.917,4.322,3.202,3.871,3.550,2.946,19.123,11.494,30.617,39.764,1197.8,1197.8,4088.3,4088.3,4088.3,4088.3,45.2,23.7,81.9,75.9,55.0,No,No,No,1.532,0.479,6.6,49,95.0,100.0,No,No,91293,99096,35,99.0,No,No,3320,0.0,0.0,0.0,0.000,0.008,79771,50086,0.0,0.0,0.0,0.000,0.000,52,0,52.3,67.4,83.0,0.825,12.140,12.186,12.160,12.075,1129,51.929,20.001,30.881,9.042,42.755,25.574,17.156,0.336,30.881,21.231,3.395,18.760,220.000,240.000,1515.0,1750.2,1320.0,1511.3,1425.0,40.0,9.0,0.0,3.0,26.6,4.1,16.4,0.0,0.0,0.0,33,Yes,No,No,No,No,Yes,No,23.7,27.5,0,0,0,0,0,0,0,0,0,9,0,0,0,0,0,0,0,0,0,0,0,0,0,0,0,0,0,0,0,0,6015,2177,2012,109,8.0,239.8,256.2,221.6,219.7,220.6,219.3,0.0,0.0,0.0,0.0,0.0,0.0,4.17,4.54,3.88,3.77,4.58,4.63,0.42,0.33,4.05,0.12,0.00,0,0,0.0,0.0,13575,1181,2.4,2.3,0,
8.7.2026,15:17:45.571,18237,27757,39.6,13291,19390,40.6,0.5,13312,70,1.318,1.319,1.325,1.319,1.319,1.319,1.319,1.312,1.312,4067.7,4067.7,4067.7,4067.7,4067.7,4067.7,4067.7,4067.7,4067.7,99.8,1570.9,3692.3,2391.5,1350.2,3092.3,1380.3,2248.7,1357.4,1585.5,803.9,973.6,1173.0,1327.9,911.7,1248.9,668.5,929.3,1570.9,35.1,51.3,57.5,31.5,75.5,32.5,54.2,32.1,37.8,18.3,23.0,27.7,31.7,20.7,29.8,16.2,21.9,75.5,35.1,39.6,57.8,64.8,36.1,85.2,36.7,61.2,36.2,42.7,21.3,25.9,31.3,35.7,23.4,33.6,17.5,24.7,39.6,40.8,40.8,40.8,40.8,40.8,40.8,40.8,40.8,40.8,0.0,83.4,90.7,95.4,89.3,85.7,75.4,80.1,77.8,73.0,16.6,9.3,4.6,10.7,14.3,24.6,19.9,22.2,27.0,0.0,0.0,0.0,0.0,0.0,0.0,0.0,0.0,0.0,1197.8,12.00,16,16,16,39,55,661,1,80.2,73.5,75.2,69.3,72.1,71.4,71.4,69.2,67.8,68.1,67.5,67.2,63.7,63.9,63.4,55.0,52.2,1.337,1.038,1.331,14.952,11.163,14.945,75.074,40.536,4.533,6.036,5.963,5.176,4.434,3.502,4.019,3.754,3.377,20.022,11.507,31.529,40.673,1197.8,1197.8,4073.2,4073.2,4073.2,4073.2,46.2,24.9,83.4,77.3,55.1,No,No,No,1.553,0.523,6.7,49,95.0,100.0,No,No,91293,99096,35,99.0,No,No,3320,0.0,0.0,0.0,0.000,0.065,79771,50086,0.0,0.0,0.0,0.000,0.000,52,0,52.4,67.7,83.0,0.844,12.138,12.183,12.159,12.073,1128,53.001,20.769,32.677,9.734,43.917,25.741,18.154,0.336,32.677,21.300,3.463,19.696,220.000,240.000,1560.0,1750.2,1365.0,1540.9,1470.0,40.0,10.0,0.0,3.0,26.6,4.4,17.4,0.0,0.0,0.0,33,Yes,No,No,No,No,Yes,No,24.5,27.3,0,0,0,0,0,0,0,0,0,9,0,0,0,0,0,0,0,0,0,0,0,0,0,0,0,0,0,0,0,0,6015,2177,2012,109,8.0,239.8,271.8,212.6,206.7,207.5,206.4,239.8,243.5,236.0,235.6,235.7,235.6,4.17,4.71,3.65,3.61,4.83,4.87,0.44,0.27,4.06,0.11,0.12,0,0,0.0,0.0,13575,1181,2.2,1.9,0,
8.7.2026,15:17:47.566,18234,27759,39.6,13288,19393,40.6,0.5,13312,70,1.316,1.331,1.319,1.319,1.312,1.312,1.312,1.312,1.312,4067.7,4067.7,4067.7,4067.7,4067.7,4067.7,4067.7,4067.7,4067.7,99.8,1557.7,3692.1,2445.0,2097.2,2444.3,1618.1,1973.0,1421.2,1578.9,719.2,906.9,1140.9,1308.3,967.2,1110.1,645.0,854.8,1557.7,34.6,50.1,58.7,50.8,59.2,38.3,47.2,33.6,37.6,17.4,20.7,26.8,31.1,22.0,26.2,14.3,20.1,59.2,34.6,39.2,56.7,66.3,57.0,67.0,43.4,53.4,38.0,42.5,18.9,24.1,30.3,35.2,24.8,29.6,16.8,22.7,39.2,40.8,40.8,40.8,40.8,40.8,40.8,40.8,40.8,40.8,0.0,83.0,90.5,95.2,88.6,85.8,74.3,80.3,77.1,72.0,17.0,9.5,4.8,11.4,14.2,25.7,19.7,22.9,28.0,0.0,0.0,0.0,0.0,0.0,0.0,0.0,0.0,0.0,1197.8,12.00,16,16,16,39,55,661,1,77.2,72.2,71.8,68.7,71.3,71.2,70.7,68.8,66.8,67.5,66.8,66.2,63.6,63.9,63.3,54.5,51.7,1.344,1.025,1.344,14.289,11.178,14.294,74.667,39.822,4.340,5.825,5.933,4.959,4.316,3.179,3.883,3.561,3.062,19.150,11.521,30.672,39.836,1197.8,1197.8,4079.1,4079.3,4079.0,4079.3,45.3,23.8,83.0,76.0,55.0,No,No,No,1.601,0.523,6.6,50,95.0,100.0,No,No,91293,99096,35,99.0,No,No,3320,0.0,0.1,0.1,0.000,0.106,79771,50086,0.0,0.0,0.0,0.000,0.000,52,0,52.4,67.5,83.0,0.838,12.139,12.183,12.160,12.074,1129,53.693,20.887,32.274,9.405,43.496,25.536,17.929,0.336,32.274,20.954,3.436,23.236,220.000,240.000,1545.0,1750.2,1350.0,1571.7,1455.0,39.0,9.0,0.0,3.0,26.6,4.0,16.1,0.0,0.0,0.0,33,Yes,No,No,No,No,Yes,No,24.2,27.5,0,0,0,0,0,0,0,0,0,9,0,0,0,0,0,0,0,0,0,0,0,0,0,0,0,0,0,0,0,0,6015,2177,2012,109,8.0,239.8,259.9,222.3,209.4,215.8,206.6,0.0,0.0,0.0,0.0,0.0,0.0,4.17,4.50,3.83,3.50,4.61,4.78,0.40,0.39,4.05,0.12,0.00,0,0,0.0,0.0,13575,1181,4.7,5.5,0,
8.7.2026,15:17:49.567,18240,27753,39.6,13296,19386,40.6,0.5,13312,70,1.325,1.325,1.325,1.325,1.325,1.325,1.325,1.325,1.325,4067.7,4067.7,4067.7,4067.7,4067.7,4067.7,4067.7,4067.7,4067.7,99.8,1550.0,3709.4,2425.4,2978.8,1489.5,2065.9,1546.2,1463.1,1464.7,767.6,907.1,1213.8,1238.7,985.4,1106.8,616.4,820.9,1550.0,34.3,50.3,58.1,72.2,35.4,49.5,36.6,34.6,34.2,18.0,21.4,28.1,29.3,22.4,25.6,14.9,18.7,72.2,34.3,38.9,56.9,65.7,81.7,40.0,56.0,41.4,39.1,39.3,20.3,24.1,32.4,33.1,25.3,29.6,16.1,21.8,38.9,40.8,40.8,40.8,40.8,40.8,40.8,40.8,40.8,40.8,0.0,83.4,91.0,95.2,89.8,86.0,75.1,80.5,77.4,72.1,16.6,9.0,4.8,10.2,14.0,24.9,19.5,22.6,27.9,0.0,0.0,0.0,0.0,0.0,0.0,0.0,0.0,0.0,1197.8,12.00,16,16,16,39,55,661,1,74.6,72.2,72.8,68.7,71.5,71.0,70.8,68.9,67.0,67.5,66.9,66.0,63.6,63.9,63.3,55.2,52.4,1.344,1.038,1.344,14.337,11.181,14.331,75.053,39.740,4.379,5.953,5.900,5.067,4.337,3.260,3.909,3.588,3.022,19.223,11.522,30.744,39.896,1197.8,1197.8,4079.0,4079.0,4079.0,4079.0,45.3,23.9,83.4,76.0,54.7,No,No,No,1.595,0.551,6.7,49,95.0,100.0,No,No,91293,99096,35,99.0,No,No,3320,0.0,0.0,0.0,0.024,0.046,79771,50086,0.0,0.0,0.0,0.000,0.000,52,0,52.4,67.6,83.0,0.838,12.137,12.181,12.158,12.072,1129,53.479,21.053,33.358,9.988,44.293,25.739,18.531,0.336,33.358,21.243,3.462,20.220,220.000,240.000,1545.0,1750.2,1350.0,1537.9,1455.0,39.0,9.0,0.0,4.0,26.6,4.3,17.3,0.0,0.0,0.0,33,Yes,No,No,No,No,Yes,No,24.8,29.0,0,0,0,0,0,0,0,0,0,9,0,0,0,0,0,0,0,0,0,0,0,0,0,0,0,0,0,0,0,0,6015,2177,2012,109,8.0,239.8,260.7,219.4,211.4,215.0,209.9,0.0,0.0,0.0,0.0,0.0,0.0,4.17,4.61,3.83,3.78,4.66,4.74,0.39,0.28,4.05,0.12,0.00,0,0,0.0,0.0,13575,1181,2.2,2.1,0,
8.7.2026,15:17:51.575,18234,27760,39.6,13291,19391,40.6,0.5,13312,70,1.339,1.344,1.337,1.337,1.337,1.337,1.344,1.344,1.331,4095.7,4117.6,4092.6,4092.6,4092.6,4092.6,4092.6,4092.6,4092.6,99.8,1480.9,3641.6,1974.0,3027.4,1431.1,2076.9,1412.7,1484.1,1389.8,745.4,812.2,1193.1,1184.0,974.0,1029.5,590.2,728.7,1480.9,33.2,54.8,46.9,73.5,33.9,49.6,33.3,35.1,33.3,17.3,19.5,28.6,27.9,22.1,24.7,13.5,17.5,73.5,33.2,37.5,62.1,53.1,83.3,38.4,56.2,37.8,39.8,37.2,19.7,21.5,31.8,31.6,25.1,27.4,15.3,19.2,37.5,41.0,41.2,41.0,41.0,41.0,41.0,41.0,41.0,41.0,0.0,82.1,89.2,95.0,88.6,85.0,73.6,79.1,76.1,70.4,17.9,10.8,5.0,11.4,15.0,26.4,20.9,23.9,29.6,0.0,0.0,0.0,0.0,0.0,0.0,0.0,0.0,0.0,1197.8,12.00,16,16,16,39,55,661,1,72.9,72.1,73.8,68.6,71.1,71.2,70.7,68.8,66.8,67.4,66.7,65.8,63.6,63.9,63.3,55.8,52.1,1.344,1.031,1.337,14.053,11.164,14.060,73.910,39.499,4.307,5.708,6.014,4.988,4.311,3.200,3.821,3.490,2.922,18.868,11.504,30.372,39.534,1197.8,1197.8,4083.3,4083.3,4083.3,4083.3,44.9,23.4,82.1,75.9,54.6,No,No,No,1.584,0.500,6.6,49,95.0,100.0,No,No,91293,99096,35,99.0,No,No,3320,0.0,0.0,0.0,0.008,0.008,79771,50086,0.0,0.0,0.0,0.000,0.000,52,0,52.3,67.6,83.0,0.825,12.137,12.182,12.158,12.072,1130,52.286,20.212,31.493,9.198,43.074,25.545,17.496,0.336,31.493,21.095,3.273,19.115,220.000,240.000,1515.0,1750.2,1320.0,1532.9,1425.0,39.0,9.0,0.0,3.0,26.6,4.4,17.5,0.0,0.0,0.0,33,Yes,No,No,No,No,Yes,No,23.9,27.3,0,0,0,0,0,0,0,0,0,9,0,0,0,0,0,0,0,0,0,0,0,0,0,0,0,0,0,0,0,0,6015,2177,2012,109,8.0,239.8,262.2,217.4,215.1,215.8,214.8,0.0,0.0,0.0,0.0,0.0,0.0,4.17,4.59,3.80,3.38,4.83,5.16,0.37,0.26,4.06,0.11,0.00,0,0,0.0,0.0,13575,1181,5.6,5.3,0,
8.7.2026,15:17:53.565,18241,27753,39.6,13296,19386,40.6,0.5,13312,70,1.313,1.306,1.312,1.312,1.312,1.312,1.312,1.319,1.319,4067.7,4067.7,4067.7,4067.7,4067.7,4067.7,4067.7,4067.7,4067.7,99.8,1456.5,3652.7,1604.7,1799.0,2644.5,1637.4,1856.3,1357.8,1508.4,771.8,803.6,1357.8,983.5,1022.2,924.2,646.1,733.3,1456.5,32.9,61.3,37.7,43.1,64.2,38.8,44.4,32.1,35.8,18.1,18.8,32.2,23.0,23.4,21.7,15.0,17.1,64.2,32.9,37.3,69.4,42.6,48.7,72.7,43.9,50.2,36.3,40.5,20.5,21.3,36.5,26.1,26.5,24.5,17.0,19.3,37.3,40.8,40.8,40.8,40.8,40.8,40.8,40.8,40.8,40.8,0.0,82.7,89.5,95.4,89.0,85.8,74.3,80.0,76.3,71.4,17.3,10.5,4.6,11.0,14.2,25.7,20.0,23.7,28.6,0.0,0.0,0.0,0.0,0.0,0.0,0.0,0.0,0.0,1197.8,12.00,16,16,16,39,55,661,1,72.5,71.9,73.8,68.5,70.6,71.3,70.4,68.9,66.7,67.3,66.6,66.0,63.5,63.8,63.2,55.8,52.4,1.325,1.038,1.325,14.033,11.166,14.028,74.438,39.348,4.301,5.573,6.046,4.960,4.330,3.214,3.837,3.466,2.985,18.818,11.504,30.322,39.465,1197.8,1197.8,4080.8,4081.0,4080.7,4081.0,44.8,23.4,82.7,75.7,54.5,No,No,No,1.572,0.484,6.6,49,95.0,100.0,No,No,91293,99096,35,99.0,No,No,3320,0.0,0.0,0.0,0.000,0.059,79771,50087,0.0,0.0,0.0,0.000,0.000,52,0,52.3,67.4,83.0,0.825,12.141,12.187,12.160,12.075,1128,52.157,20.019,30.513,8.848,42.390,25.405,16.952,0.336,30.513,21.043,3.337,20.850,220.000,240.000,1515.0,1750.2,1320.0,1503.9,1425.0,38.0,9.0,0.0,3.0,26.6,4.3,17.2,0.0,0.0,0.0,33,Yes,No,No,No,No,Yes,No,23.4,27.4,0,0,0,0,0,0,0,0,0,9,0,0,0,0,0,0,0,0,0,0,0,0,0,0,0,0,0,0,0,0,6015,2177,2012,109,8.0,239.8,254.7,224.7,212.2,216.2,212.0,0.0,0.0,0.0,0.0,0.0,0.0,4.17,4.50,3.90,3.63,4.64,4.71,0.40,0.26,4.05,0.12,0.00,0,0,0.0,0.0,13575,1181,2.9,2.2,0,
8.7.2026,15:17:55.572,18266,27727,39.7,13303,19379,40.7,0.5,13312,70,1.317,1.294,1.325,1.325,1.319,1.319,1.319,1.319,1.319,4080.1,4042.7,4067.7,4067.7,4092.6,4092.6,4092.6,4092.6,4092.6,99.8,1475.9,3669.1,1662.6,1560.5,2914.4,1584.5,1991.1,1458.5,1451.4,846.3,760.6,1545.2,838.5,1180.8,840.3,621.5,689.1,1475.9,33.3,61.6,39.1,37.1,71.0,37.5,47.6,34.4,34.3,19.8,17.6,36.8,19.3,27.3,19.4,14.3,15.8,71.0,33.3,37.7,69.7,44.2,42.0,80.3,42.4,53.9,39.0,38.9,22.5,20.0,41.6,22.0,30.9,22.0,16.2,18.0,37.7,40.9,40.5,40.8,40.8,41.0,41.0,41.0,41.0,41.0,0.0,83.3,90.0,95.6,89.5,85.7,75.0,80.6,77.6,72.2,16.7,10.0,4.4,10.5,14.3,25.0,19.4,22.4,27.8,0.0,0.0,0.0,0.0,0.0,0.0,0.0,0.0,0.0,1197.8,12.00,16,16,16,39,55,661,1,72.5,72.3,70.8,68.7,71.0,71.5,70.8,69.1,66.9,67.4,66.8,66.0,63.5,63.8,63.2,54.5,52.1,1.337,1.038,1.344,14.342,11.139,14.346,74.942,39.783,4.369,5.700,6.115,5.084,4.391,3.249,3.881,3.562,2.972,19.195,11.481,30.675,39.835,1197.8,1197.8,4077.1,4077.1,4077.1,4077.1,45.3,23.9,83.3,76.1,54.7,No,No,No,1.599,0.500,6.7,49,95.0,100.0,No,No,91293,99096,35,99.0,No,No,3320,0.4,0.8,1.2,1.182,8.403,79774,50103,0.0,0.0,0.0,0.000,0.000,52,0,52.1,67.5,83.0,0.825,12.142,12.189,12.161,12.076,1129,50.999,19.725,30.312,8.764,41.811,24.961,16.840,0.336,30.312,20.599,3.328,19.989,220.000,240.000,1515.0,1750.2,1320.0,1511.5,1425.0,35.0,8.0,0.0,3.0,26.7,4.0,16.1,0.0,0.0,0.0,33,Yes,No,No,No,No,Yes,No,23.1,26.2,0,0,0,0,0,0,0,0,0,9,0,0,0,0,0,0,0,0,0,0,0,0,0,0,0,0,0,0,0,0,6007,2185,2020,109,8.0,239.8,255.8,223.3,221.0,221.8,220.7,0.0,0.0,0.0,0.0,0.0,0.0,4.17,4.51,3.93,3.76,4.53,4.56,0.40,0.34,4.06,0.11,0.00,0,0,0.0,0.0,13575,1181,4.2,3.5,0,
8.7.2026,15:17:57.562,18290,27704,39.7,13329,19353,40.7,0.5,13312,70,1.308,1.319,1.312,1.288,1.312,1.312,1.306,1.306,1.306,4052.1,4067.7,4017.8,4042.7,4042.7,4042.7,4067.7,4067.7,4067.7,99.8,1526.0,3681.4,1687.4,1938.1,2598.9,1681.2,1982.8,1592.3,1476.2,941.8,774.5,1615.4,915.5,1211.3,889.9,732.3,697.4,1526.0,34.7,63.5,39.8,46.6,63.1,39.9,47.6,37.9,34.9,22.2,18.0,38.5,21.3,28.1,20.6,17.0,16.1,63.5,34.7,39.1,71.8,44.9,52.6,71.3,45.1,53.7,42.8,39.4,25.0,20.2,43.4,24.0,31.7,23.2,19.1,18.0,39.1,40.6,40.8,40.2,40.5,40.5,40.5,40.8,40.8,40.8,0.0,83.6,90.3,95.6,90.0,86.1,75.4,81.3,77.6,72.4,16.4,9.7,4.4,10.0,13.9,24.6,18.7,22.4,27.6,0.0,0.0,0.0,0.0,0.0,0.0,0.0,0.0,0.0,1197.8,12.00,16,16,16,39,55,661,1,72.4,72.4,73.8,68.8,71.0,71.4,70.9,69.2,67.0,67.7,66.9,66.0,63.6,63.9,63.3,54.2,52.3,1.337,1.031,1.331,14.486,11.171,14.476,75.238,39.948,4.411,5.704,6.051,5.144,4.475,3.318,3.988,3.591,3.014,19.406,11.512,30.918,40.068,1197.8,1197.8,4078.6,4078.6,4078.6,4078.6,45.5,24.1,83.6,76.2,54.8,No,No,No,1.708,0.519,6.7,49,95.0,100.0,No,No,91293,99096,35,99.0,No,No,3320,0.0,0.0,0.0,0.006,0.086,79774,50103,0.0,0.0,0.0,0.000,0.000,52,0,52.2,67.4,83.0,0.819,12.139,12.185,12.158,12.073,1130,50.863,19.934,30.567,8.797,42.420,25.414,16.982,0.336,30.567,20.978,3.329,19.953,220.000,240.000,1500.0,1750.2,1305.0,1493.8,1410.0,39.0,9.0,0.0,3.0,26.8,4.3,17.2,0.0,0.0,0.0,33,Yes,No,No,No,No,Yes,No,23.4,26.5,0,0,0,0,0,0,0,0,0,9,0,0,0,0,0,0,0,0,0,0,0,0,0,0,0,0,0,0,0,0,5994,2198,2033,109,8.0,239.8,261.3,225.1,211.3,216.6,209.9,0.0,0.0,0.0,0.0,0.0,0.0,4.17,4.48,3.76,3.68,4.61,4.72,0.39,0.33,4.06,0.11,0.00,0,0,0.0,0.0,13575,1181,3.2,4.9,0,
8.7.2026,15:17:59.573,18283,27710,39.7,13324,19357,40.7,0.5,13312,70,1.310,1.300,1.306,1.306,1.306,1.312,1.312,1.319,1.319,4070.8,4042.7,4067.7,4067.7,4067.7,4092.6,4092.6,4067.7,4067.7,99.8,1422.5,3640.4,1639.0,3074.0,1305.2,2079.5,1340.4,1604.6,1170.0,862.0,666.1,1437.2,822.7,1163.8,750.3,660.2,543.9,1422.5,31.9,59.7,38.5,74.6,30.8,49.8,31.4,38.2,27.4,20.3,15.4,34.2,19.0,26.9,17.3,15.2,12.5,74.6,31.9,36.2,67.6,43.5,84.4,34.9,56.3,35.6,43.2,31.0,22.9,17.4,38.7,21.6,30.5,19.6,17.2,14.1,36.2,40.8,40.5,40.8,40.8,40.8,41.0,41.0,40.8,40.8,0.0,81.9,89.2,95.1,87.9,84.6,73.8,78.6,76.1,70.2,18.1,10.8,4.9,12.1,15.4,26.2,21.4,23.9,29.8,0.0,0.0,0.0,0.0,0.0,0.0,0.0,0.0,0.0,1197.8,12.00,16,16,16,39,55,661,1,72.2,72.0,72.5,68.5,70.8,71.3,70.4,68.8,66.7,67.2,66.7,65.8,63.5,63.9,63.2,56.2,52.1,1.344,1.044,1.344,13.952,11.105,13.957,73.738,39.272,4.292,5.621,6.061,4.959,4.266,3.207,3.805,3.512,2.902,18.735,11.441,30.176,39.325,1197.8,1197.8,4083.5,4083.5,4083.5,4083.5,44.7,23.3,81.9,75.8,54.4,No,No,No,1.517,0.444,6.6,49,95.0,100.0,No,No,91293,99096,35,99.0,No,No,3320,0.0,0.0,0.0,0.000,0.010,79774,50103,0.0,0.0,0.0,0.000,0.000,52,0,52.2,67.3,83.0,0.819,12.141,12.187,12.160,12.075,1129,51.893,19.916,30.138,8.787,42.221,25.454,16.743,0.336,30.138,21.197,3.505,20.638,220.000,240.000,1485.0,1750.2,1305.0,1526.8,1410.0,37.0,9.0,0.0,3.0,26.8,3.9,15.6,0.0,0.0,0.0,33,Yes,No,No,No,No,Yes,No,23.3,28.4,0,0,0,0,0,0,0,0,0,9,0,0,0,0,0,0,0,0,0,0,0,0,0,0,0,0,0,0,0,0,5993,2199,2034,109,8.0,239.7,260.5,222.1,212.1,217.1,209.8,0.0,0.0,0.0,0.0,0.0,0.0,4.17,4.54,3.82,3.39,4.69,4.77,0.41,0.26,4.06,0.12,0.00,0,0,0.0,0.0,13575,1181,2.3,1.6,0,
8.7.2026,15:18:1.576,18288,27706,39.7,13328,19354,40.7,0.5,13312,70,1.316,1.300,1.319,1.319,1.319,1.319,1.319,1.319,1.319,4064.5,4042.7,4067.7,4067.7,4067.7,4067.7,4067.7,4067.7,4067.7,99.8,1478.2,3654.6,1656.0,3008.0,1394.7,2074.1,1312.1,1604.2,1263.3,888.7,762.9,1499.2,895.8,1156.4,863.6,818.7,799.1,1478.2,33.5,61.3,39.1,73.2,33.2,49.8,31.0,38.2,30.0,21.0,17.8,35.9,20.9,27.1,20.2,19.3,18.8,73.2,33.5,37.9,69.2,44.2,82.7,37.5,56.2,35.1,43.2,33.9,23.7,20.1,40.5,23.6,30.6,22.8,21.8,21.2,37.9,40.7,40.5,40.8,40.8,40.8,40.8,40.8,40.8,40.8,0.0,82.1,89.6,94.6,87.4,84.3,73.8,78.7,76.0,72.3,17.9,10.4,5.4,12.6,15.7,26.2,21.3,24.0,27.7,0.0,0.0,0.0,0.0,0.0,0.0,0.0,0.0,0.0,1197.8,12.00,16,16,16,39,55,661,1,72.5,72.8,72.8,68.9,71.3,71.4,70.6,68.9,67.1,67.7,67.2,66.9,63.6,63.8,63.3,54.2,52.2,1.337,1.038,1.350,14.417,11.129,14.413,73.884,39.845,4.375,5.759,5.985,4.900,4.268,3.312,3.907,3.616,3.254,19.330,11.468,30.798,39.937,1197.8,1197.8,4077.8,4077.9,4077.7,4077.9,45.4,24.0,82.1,76.6,55.0,No,No,No,1.549,0.448,6.6,49,95.0,100.0,No,No,91293,99096,35,99.0,No,No,3320,0.0,0.0,0.0,0.000,0.008,79774,50103,0.0,0.0,0.0,0.000,0.000,52,0,51.9,67.2,83.0,0.806,12.138,12.184,12.158,12.073,1130,50.783,20.852,29.339,8.505,41.859,25.546,16.300,0.336,29.339,21.362,16.412,19.526,220.000,240.000,1455.0,1750.2,1275.0,1467.6,1380.0,39.0,9.0,0.0,3.0,26.8,4.0,15.9,0.0,0.0,0.0,33,Yes,No,No,No,No,Yes,No,23.0,24.6,0,0,0,0,0,0,0,0,0,9,0,0,0,0,0,0,0,0,0,0,0,0,0,0,0,0,0,0,0,0,5993,2199,2034,109,8.0,239.7,267.1,214.3,208.7,211.1,207.5,0.0,0.0,0.0,0.0,0.0,0.0,4.17,4.65,3.74,3.45,4.75,4.86,0.37,0.36,4.06,0.11,0.00,0,0,0.0,0.0,13575,1181,2.5,2.0,0,
8.7.2026,15:18:3.567,18298,27696,39.7,13327,19355,40.7,0.5,13312,70,1.320,1.325,1.319,1.319,1.319,1.319,1.319,1.319,1.319,4067.7,4067.7,4067.7,4067.7,4067.7,4067.7,4067.7,4067.7,4067.7,99.8,1489.3,3661.5,1932.8,2098.7,2335.7,1646.6,1870.8,1602.3,1305.5,847.9,734.4,1491.9,925.8,1172.7,864.6,714.8,622.5,1489.3,33.4,57.0,45.7,50.5,56.4,38.9,44.7,38.0,30.7,19.9,17.1,35.4,21.6,27.1,20.0,16.6,14.3,57.0,33.4,37.8,64.5,51.7,57.1,63.9,44.1,50.5,43.1,34.8,22.5,19.3,40.1,24.4,30.7,22.7,18.8,16.2,37.8,40.8,40.8,40.8,40.8,40.8,40.8,40.8,40.8,40.8,0.0,83.2,89.7,95.2,89.1,85.9,74.8,80.6,78.1,72.2,16.8,10.3,4.8,10.9,14.1,25.2,19.4,21.9,27.8,0.0,0.0,0.0,0.0,0.0,0.0,0.0,0.0,0.0,1197.8,12.00,16,16,16,39,55,661,1,72.5,72.0,73.5,68.6,71.0,71.2,70.6,68.9,66.8,67.4,66.8,66.0,63.6,63.9,63.3,56.2,52.2,1.350,1.038,1.344,14.308,11.169,14.312,74.877,39.756,4.352,5.732,5.969,5.047,4.340,3.232,3.900,3.588,3.005,19.185,11.510,30.695,39.855,1197.8,1197.8,4080.4,4080.4,4080.4,4080.4,45.3,23.9,83.2,75.8,54.9,No,No,No,1.579,0.512,6.7,50,95.0,100.0,No,No,91293,99096,35,99.0,No,No,3320,0.1,0.1,0.1,0.032,0.081,79774,50103,0.0,0.0,0.0,0.000,0.000,52,0,52.1,67.2,83.0,0.819,12.141,12.187,12.160,12.075,1133,50.826,19.655,29.868,8.677,42.025,25.405,16.593,0.336,29.868,21.160,3.222,19.401,220.000,240.000,1485.0,1750.2,1305.0,1465.8,1410.0,39.0,9.0,0.0,3.0,26.9,4.1,16.6,0.0,0.0,0.0,33,Yes,No,No,No,No,Yes,No,23.2,26.0,0,0,0,0,0,0,0,0,0,9,0,0,0,0,0,0,0,0,0,0,0,0,0,0,0,0,0,0,0,0,5992,2200,2035,108,8.0,239.8,258.3,224.9,176.4,200.4,166.1,239.8,243.4,236.5,236.4,236.4,236.4,4.17,4.47,3.87,2.57,5.01,6.03,0.49,0.32,4.06,0.11,0.12,0,0,0.0,0.0,13575,1181,2.6,2.1,0,
8.7.2026,15:18:5.568,18299,27695,39.7,13331,19351,40.7,0.5,13312,70,1.315,1.312,1.325,1.312,1.319,1.312,1.312,1.312,1.312,4067.7,4067.7,4067.7,4067.7,4067.7,4067.7,4067.7,4067.7,4067.7,99.8,1496.4,3621.5,2214.8,1203.8,3244.5,1326.8,2187.4,1540.7,1344.9,827.0,746.0,1374.6,957.2,1092.1,863.0,738.2,659.9,1496.4,33.1,49.2,52.8,28.3,79.1,31.2,52.5,36.5,31.7,19.3,17.3,32.6,22.2,25.1,20.0,17.1,15.2,79.1,33.1,37.5,55.7,59.8,32.1,89.5,35.3,59.4,41.3,35.8,21.9,19.6,36.9,25.2,28.4,22.7,19.3,17.3,37.5,40.8,40.8,40.8,40.8,40.8,40.8,40.8,40.8,40.8,0.0,81.9,88.8,95.6,88.3,84.4,73.3,78.3,75.5,70.8,18.1,11.2,4.4,11.7,15.6,26.7,21.7,24.5,29.2,0.0,0.0,0.0,0.0,0.0,0.0,0.0,0.0,0.0,1197.8,12.00,16,16,16,39,55,661,1,72.5,72.1,73.0,68.5,70.9,71.2,70.6,68.7,66.6,67.3,66.5,66.0,63.5,63.8,63.2,55.5,52.1,1.294,1.025,1.306,14.048,11.163,14.045,73.680,39.413,4.297,5.618,6.028,4.993,4.283,3.188,3.810,3.458,2.999,18.846,11.503,30.348,39.497,1197.8,1197.8,4080.8,4081.1,4080.5,4081.1,44.9,23.4,81.9,75.9,54.7,No,No,No,1.582,0.521,6.5,49,95.0,100.0,No,No,91293,99096,35,99.0,No,No,3320,0.0,0.0,0.1,0.017,0.106,79774,50103,0.0,0.0,0.0,0.000,0.000,52,0,52.1,67.0,83.0,0.819,12.136,12.182,12.156,12.071,1129,51.249,19.837,30.037,8.674,42.061,25.349,16.686,0.336,30.037,21.031,3.285,20.871,220.000,240.000,1500.0,1750.2,1305.0,1496.1,1410.0,40.0,9.0,0.0,3.0,26.9,4.2,16.6,0.0,0.0,0.0,33,Yes,No,No,No,No,Yes,No,23.2,26.7,0,0,0,0,0,0,0,0,0,9,0,0,0,0,0,0,0,0,0,0,0,0,0,0,0,0,0,0,0,0,5992,2200,2035,109,8.0,239.8,256.5,223.5,218.2,220.0,217.9,239.8,242.0,237.5,236.5,236.9,236.3,4.17,4.49,3.88,3.84,4.53,4.56,0.46,0.14,4.05,0.12,0.10,0,0,0.0,0.0,13575,1181,3.3,2.1,0,
8.7.2026,15:18:7.560,18245,27749,39.6,13303,19378,40.7,0.5,13312,70,1.327,1.331,1.337,1.325,1.325,1.325,1.325,1.325,1.325,4073.9,4092.6,4092.6,4067.7,4067.7,4067.7,4067.7,4067.7,4067.7,99.8,1441.4,3566.2,2226.5,1227.7,3234.6,1234.4,2077.3,1266.8,1430.0,710.3,786.6,1117.2,1067.9,909.2,970.4,573.8,664.1,1441.4,31.9,46.8,53.3,29.1,78.8,28.9,49.9,29.9,34.0,16.7,18.4,26.4,25.2,20.8,22.9,13.3,15.4,78.8,31.9,36.1,53.0,60.3,32.9,89.3,32.7,56.5,33.9,38.5,18.8,20.9,29.9,28.5,23.5,25.9,15.0,17.4,36.1,40.8,41.0,41.0,40.8,40.8,40.8,40.8,40.8,40.8,0.0,79.8,87.3,95.8,86.0,82.4,70.5,75.9,73.0,67.3,20.2,12.7,4.2,14.0,17.6,29.5,24.1,27.0,32.7,0.0,0.0,0.0,0.0,0.0,0.0,0.0,0.0,0.0,1197.8,12.00,16,16,16,39,55,661,1,72.4,72.0,72.8,68.3,70.8,71.5,70.3,68.5,66.5,67.0,66.5,65.7,63.4,63.8,63.1,56.5,52.2,1.369,1.038,1.356,13.761,11.132,13.769,71.789,39.094,4.234,5.572,6.178,4.831,4.153,3.129,3.688,3.428,2.896,18.496,11.471,29.967,39.124,1197.8,1197.8,4086.5,4086.7,4086.4,4086.7,44.5,22.9,79.8,75.8,54.4,No,No,No,1.550,0.531,6.4,49,95.0,100.0,No,No,91293,99096,35,99.0,No,No,3320,0.0,0.0,0.0,0.000,0.006,79774,50103,0.0,0.0,0.0,0.000,0.000,52,0,52.0,67.0,83.0,0.806,12.144,12.191,12.163,12.078,1130,50.596,19.569,29.303,8.534,41.840,25.533,16.279,0.336,29.303,21.395,3.235,19.932,220.000,240.000,1455.0,1750.2,1275.0,1467.8,1380.0,39.0,9.0,0.0,3.0,26.9,4.2,16.8,0.0,0.0,0.0,33,Yes,No,No,No,No,Yes,No,23.0,27.3,0,0,0,0,0,0,0,0,0,9,0,0,0,0,0,0,0,0,0,0,0,0,0,0,0,0,0,0,0,0,5992,2200,2035,109,8.0,239.7,257.4,219.5,210.7,213.8,210.1,0.0,0.0,0.0,0.0,0.0,0.0,4.17,4.58,3.81,3.63,4.68,4.77,0.39,0.31,4.05,0.12,0.00,0,0,0.0,0.0,13575,1181,3.2,4.8,0,
8.7.2026,15:18:9.570,18244,27749,39.6,13304,19377,40.7,0.5,13312,70,1.312,1.319,1.300,1.300,1.300,1.319,1.319,1.319,1.319,4061.4,4042.7,4042.7,4067.7,4067.7,4067.7,4067.7,4067.7,4067.7,99.8,1501.4,3633.2,2296.5,2994.3,1570.4,1860.4,1527.0,1463.0,1409.0,795.8,815.0,1148.3,1179.9,944.2,1045.0,633.1,707.1,1501.4,33.4,49.8,55.0,72.7,37.6,44.2,36.3,34.6,33.5,18.6,19.1,27.0,27.9,21.4,24.7,14.6,16.6,72.7,33.4,37.8,56.4,62.2,82.4,42.6,50.1,41.1,39.2,37.9,21.1,21.6,30.5,31.6,24.3,27.9,16.5,18.7,37.8,40.7,40.5,40.5,40.8,40.8,40.8,40.8,40.8,40.8,0.0,81.5,89.0,95.5,87.5,84.3,72.8,77.9,75.1,69.7,18.5,11.0,4.5,12.5,15.7,27.2,22.1,24.9,30.3,0.0,0.0,0.0,0.0,0.0,0.0,0.0,0.0,0.0,1197.8,12.00,16,16,16,39,55,661,1,72.2,72.1,74.0,68.5,70.8,71.6,70.2,68.9,66.7,67.3,66.4,65.8,63.5,63.8,63.2,54.2,51.8,1.344,1.025,1.344,13.978,11.173,13.980,73.332,39.336,4.304,5.690,6.191,4.849,4.289,3.201,3.807,3.458,2.948,18.778,11.513,30.291,39.445,1197.8,1197.8,4084.8,4085.2,4084.4,4085.2,44.8,23.3,81.5,75.9,54.4,No,No,No,1.586,0.519,6.5,49,95.0,100.0,No,No,91293,99096,35,99.0,No,No,3320,0.0,0.0,0.1,0.016,0.092,79774,50103,0.0,0.0,0.0,0.000,0.000,52,0,52.1,67.1,83.0,0.825,12.143,12.190,12.162,12.077,1130,51.238,19.762,30.346,8.643,42.228,25.338,16.859,0.336,30.346,20.841,3.432,19.252,220.000,240.000,1515.0,1750.2,1320.0,1482.2,1425.0,41.0,9.0,0.0,3.0,26.9,4.2,16.8,0.0,0.0,0.0,33,Yes,No,No,No,No,Yes,No,23.3,26.6,0,0,0,0,0,0,0,0,0,9,0,0,0,0,0,0,0,0,0,0,0,0,0,0,0,0,0,0,0,0,5992,2200,2035,109,8.0,239.8,260.0,219.3,213.4,215.7,212.5,0.0,0.0,0.0,0.0,0.0,0.0,4.17,4.57,3.80,3.55,4.65,4.68,0.39,0.32,4.05,0.12,0.00,0,0,0.0,0.0,13575,1181,2.7,2.1,0,
8.7.2026,15:18:11.570,18240,27753,39.6,13298,19384,40.6,0.5,13312,70,1.330,1.319,1.331,1.331,1.331,1.331,1.331,1.331,1.331,4073.9,4067.7,4092.6,4092.6,4067.7,4067.7,4067.7,4067.7,4067.7,99.8,1502.9,3598.2,2268.2,2988.6,1540.2,1974.2,1568.6,1464.8,1423.3,762.6,831.6,1065.3,1257.0,884.3,1054.9,629.9,735.2,1502.9,33.3,48.8,54.2,72.5,36.7,47.2,37.2,34.6,33.7,17.9,19.5,24.9,29.7,20.0,24.8,14.5,17.2,72.5,33.3,37.7,55.2,61.3,82.0,41.5,53.4,42.1,39.1,38.1,20.2,22.1,28.2,33.6,22.6,28.0,16.4,19.4,37.7,40.8,40.8,41.0,41.0,40.8,40.8,40.8,40.8,40.8,0.0,81.5,88.1,95.6,87.9,84.5,72.8,78.2,75.3,69.9,18.5,11.9,4.4,12.1,15.5,27.2,21.8,24.7,30.1,0.0,0.0,0.0,0.0,0.0,0.0,0.0,0.0,0.0,1197.8,12.00,16,16,16,39,55,661,1,72.2,72.4,72.8,68.6,71.0,71.6,70.7,68.9,66.8,67.4,66.5,65.9,63.6,63.9,63.3,55.0,52.4,1.350,1.025,1.350,14.200,11.177,14.201,73.373,39.691,4.319,5.643,6.136,5.021,4.313,3.201,3.815,3.461,2.965,19.068,11.516,30.584,39.738,1197.8,1197.8,4083.7,4084.0,4083.5,4084.0,45.2,23.7,81.5,76.2,55.0,No,No,No,1.562,0.515,6.5,49,95.0,100.0,No,No,91293,99096,35,99.0,No,No,3320,0.0,0.0,0.0,0.000,0.077,79774,50103,0.0,0.0,0.0,0.000,0.000,52,0,52.1,67.3,83.0,0.812,12.142,12.188,12.161,12.076,1130,51.062,19.587,29.403,8.398,41.736,25.384,16.334,0.336,29.403,21.062,3.312,20.506,220.000,240.000,1470.0,1750.2,1290.0,1511.6,1395.0,38.0,9.0,0.0,3.0,26.9,4.1,16.6,0.0,0.0,0.0,33,Yes,No,No,No,No,Yes,No,22.9,27.0,0,0,0,0,0,0,0,0,0,9,0,0,0,0,0,0,0,0,0,0,0,0,0,0,0,0,0,0,0,0,5992,2200,2035,109,8.0,239.8,255.3,225.1,219.2,221.2,219.0,0.0,0.0,0.0,0.0,0.0,0.0,4.17,4.44,3.88,3.77,4.52,4.57,0.41,0.32,4.06,0.12,0.00,0,0,0.0,0.0,13575,1181,2.9,2.2,0,
8.7.2026,15:18:13.570,18255,27739,39.6,13313,19369,40.7,0.5,13312,70,1.320,1.306,1.319,1.325,1.325,1.325,1.325,1.325,1.312,4064.5,4042.7,4067.7,4067.7,4067.7,4067.7,4067.7,4067.7,4067.7,99.8,1537.4,3663.2,2242.0,2300.3,2216.4,1716.0,1908.5,1452.9,1470.5,764.2,876.9,1200.7,1214.6,966.1,1116.5,741.7,747.5,1537.4,34.2,51.1,53.6,55.5,53.4,40.7,45.7,34.3,34.9,17.8,20.6,28.2,28.7,21.9,26.3,17.3,17.4,55.5,34.2,38.7,57.7,60.6,62.7,60.4,46.1,51.6,38.8,39.4,20.2,23.3,31.9,32.5,24.8,29.8,19.6,19.7,38.7,40.7,40.5,40.8,40.8,40.8,40.8,40.8,40.8,40.8,0.0,83.7,89.8,95.6,89.8,86.2,75.5,80.8,78.4,73.2,16.3,10.2,4.4,10.2,13.8,24.5,19.2,21.6,26.8,0.0,0.0,0.0,0.0,0.0,0.0,0.0,0.0,0.0,1197.8,12.00,16,16,16,39,55,661,1,72.2,72.2,72.5,68.6,71.0,71.2,70.8,68.9,66.8,67.5,66.7,66.1,63.6,63.9,63.3,54.2,52.0,1.344,1.031,1.344,14.205,11.221,14.200,75.299,39.630,4.347,5.658,5.979,5.110,4.344,3.218,3.868,3.559,3.044,19.031,11.563,30.595,39.747,1197.8,1197.8,4078.1,4078.1,4078.1,4078.1,45.2,23.7,83.7,75.9,54.6,No,No,No,1.634,0.507,6.7,49,95.0,100.0,No,No,91293,99096,35,99.0,No,No,3320,0.0,0.0,0.0,0.016,0.010,79774,50104,0.0,0.0,0.0,0.000,0.000,52,0,52.0,67.1,83.0,0.812,12.141,12.187,12.160,12.075,1131,50.232,19.412,29.524,8.263,41.856,25.431,16.402,0.336,29.524,20.913,3.158,18.718,220.000,240.000,1470.0,1750.2,1290.0,1467.4,1395.0,39.0,9.0,0.0,3.0,26.9,4.4,17.5,0.0,0.0,0.0,33,Yes,No,No,No,No,Yes,No,22.9,26.1,0,0,0,0,0,0,0,0,0,9,0,0,0,0,0,0,0,0,0,0,0,0,0,0,0,0,0,0,0,0,5990,2202,2037,109,8.0,239.8,262.5,216.8,203.5,210.0,200.3,239.8,242.9,237.1,235.6,236.2,235.5,4.17,4.65,3.78,3.49,4.79,5.03,0.42,0.29,4.05,0.12,0.12,0,0,0.0,0.0,13575,1181,2.8,2.2,0,
8.7.2026,15:18:15.566,18258,27736,39.6,13326,19356,40.7,0.5,13312,70,1.330,1.294,1.331,1.331,1.337,1.337,1.337,1.337,1.337,4027.1,4042.7,4042.7,4042.7,4017.8,4017.8,4017.8,4017.8,4017.8,99.8,1473.3,3682.9,1546.2,1429.1,2936.9,1451.2,2009.5,1283.8,1616.8,783.4,840.0,1239.0,1138.4,984.6,1144.3,726.3,759.8,1473.3,33.6,65.1,36.4,34.0,71.7,34.4,48.1,30.3,38.6,18.4,19.7,29.3,26.9,22.5,27.2,16.9,17.9,71.7,33.6,37.9,73.6,41.1,38.4,81.0,38.8,54.4,34.2,43.6,20.7,22.3,33.1,30.4,25.4,30.7,19.1,20.1,37.9,40.3,40.5,40.5,40.5,40.2,40.2,40.2,40.2,40.2,0.0,82.5,90.4,94.7,88.1,84.8,73.8,79.2,76.9,71.8,17.5,9.6,5.3,11.9,15.2,26.2,20.8,23.1,28.2,0.0,0.0,0.0,0.0,0.0,0.0,0.0,0.0,0.0,1197.8,12.00,16,16,16,39,55,661,1,72.9,73.0,75.5,69.0,71.5,71.4,70.8,69.1,67.4,67.8,67.3,66.9,63.6,63.9,63.3,55.5,52.4,1.319,1.044,1.319,14.633,11.182,14.630,74.220,40.147,4.427,5.883,5.943,4.974,4.349,3.377,3.917,3.718,3.253,19.601,11.524,31.125,40.271,1197.8,1197.8,4076.2,4076.4,4075.9,4076.4,45.8,24.4,82.5,76.8,55.2,No,No,No,1.553,0.507,6.6,49,95.0,100.0,No,No,91293,99096,35,99.0,No,No,3320,0.0,0.0,0.1,0.098,0.069,79774,50104,0.0,0.0,0.0,0.000,0.000,52,0,51.8,66.9,83.0,0.794,12.139,12.184,12.158,12.074,1129,48.657,18.716,27.493,7.664,40.692,25.403,15.273,0.336,27.493,21.202,3.203,18.403,220.000,240.000,1425.0,1750.2,1245.0,1428.1,1350.0,36.0,8.0,0.0,3.0,26.9,4.2,16.7,0.0,0.0,0.0,33,Yes,No,No,No,No,Yes,No,22.1,26.7,0,0,0,0,0,0,0,0,0,9,0,0,0,0,0,0,0,0,0,0,0,0,0,0,0,0,0,0,0,0,5990,2202,2037,109,8.0,239.8,259.6,220.1,215.5,217.3,214.9,0.0,0.0,0.0,0.0,0.0,0.0,4.17,4.57,3.83,3.80,4.58,4.60,0.39,0.38,4.05,0.12,0.00,0,0,0.0,0.0,13575,1181,2.4,2.2,0,
8.7.2026,15:18:17.577,18256,27738,39.6,13315,19367,40.7,0.5,13312,70,1.312,1.312,1.312,1.312,1.312,1.312,1.312,1.312,1.312,4045.8,4067.7,4042.7,4042.7,4042.7,4042.7,4042.7,4042.7,4042.7,99.8,1492.2,3716.5,1620.5,1431.8,2945.1,1470.8,2080.1,1298.7,1670.4,771.1,866.5,1243.9,1198.2,885.7,1120.4,761.6,794.3,1492.2,34.0,66.6,38.1,34.0,71.8,34.9,49.9,30.6,39.8,18.0,20.4,29.4,28.3,20.1,26.4,17.8,18.6,71.8,34.0,38.4,75.2,43.0,38.4,81.1,39.4,56.4,34.6,44.9,20.4,23.0,33.2,32.0,22.7,29.8,20.1,21.0,38.4,40.5,40.8,40.5,40.5,40.5,40.5,40.5,40.5,40.5,0.0,83.8,91.2,95.2,89.4,85.8,76.0,81.0,77.8,73.9,16.2,8.8,4.8,10.6,14.2,24.0,19.0,22.2,26.1,0.0,0.0,0.0,0.0,0.0,0.0,0.0,0.0,0.0,1197.8,12.00,16,16,16,39,55,661,1,72.8,72.4,76.0,68.9,71.4,71.2,70.9,69.1,67.2,67.6,66.9,66.4,63.8,64.0,63.5,56.0,51.9,1.331,1.025,1.331,14.424,11.230,14.430,75.415,40.041,4.379,5.869,5.915,5.049,4.379,3.281,3.910,3.525,3.103,19.326,11.573,30.900,40.071,1197.8,1197.8,4076.5,4076.5,4076.5,4076.5,45.5,24.0,83.8,76.2,55.0,No,No,No,1.619,0.550,6.7,49,95.0,100.0,No,No,91293,99096,35,99.0,No,No,3320,0.3,0.5,0.8,0.857,8.094,79776,50119,0.0,0.0,0.0,0.000,0.000,52,0,52.4,67.7,83.0,0.850,12.134,12.177,12.155,12.069,1129,53.812,21.823,34.318,10.180,44.742,25.647,19.066,0.336,34.318,20.919,3.747,24.961,220.000,240.000,1575.0,1750.2,1380.0,1494.6,1485.0,40.0,10.0,0.0,4.0,26.9,4.6,18.3,0.0,0.0,0.0,33,Yes,No,No,No,No,Yes,No,25.1,29.0,0,0,0,0,0,0,0,0,0,9,0,0,0,0,0,0,0,0,0,0,0,0,0,0,0,0,0,0,0,0,5989,2203,2038,109,8.0,239.7,256.4,223.0,215.2,219.0,213.5,239.8,242.9,237.1,227.0,232.4,224.4,4.17,4.47,3.90,3.79,4.56,4.66,0.47,0.27,4.06,0.11,0.11,0,0,0.0,0.0,13575,1181,3.4,4.1,0,
8.7.2026,15:18:19.568,18252,27742,39.6,13311,19371,40.7,0.5,13312,70,1.322,1.325,1.319,1.319,1.319,1.325,1.325,1.325,1.319,4067.7,4067.7,4067.7,4067.7,4067.7,4067.7,4067.7,4067.7,4067.7,99.8,1403.8,3661.9,1479.5,2661.3,1579.1,1985.4,1470.9,1346.4,1470.6,730.8,748.7,1123.9,1178.1,912.5,949.6,604.3,557.6,1403.8,31.8,64.9,34.7,64.4,37.6,47.4,34.8,31.9,34.7,17.1,17.3,26.5,27.8,20.6,22.2,13.8,12.7,64.9,31.8,36.0,73.5,39.4,72.9,42.7,53.7,39.5,36.2,39.4,19.4,19.7,30.1,31.5,23.4,25.2,15.7,14.5,36.0,40.8,40.8,40.8,40.8,40.8,40.8,40.8,40.8,40.8,0.0,81.7,89.8,93.7,88.2,84.7,73.2,78.9,75.3,70.0,18.3,10.2,6.3,11.8,15.3,26.8,21.1,24.7,30.0,0.0,0.0,0.0,0.0,0.0,0.0,0.0,0.0,0.0,1197.8,12.00,16,16,16,39,55,661,1,72.8,72.1,71.8,68.5,71.2,70.9,70.7,68.7,66.8,67.4,66.6,65.8,63.6,63.9,63.3,55.2,52.0,1.331,1.038,1.350,13.812,11.143,13.812,73.560,39.078,4.253,5.751,5.769,5.000,4.263,3.151,3.814,3.426,2.853,18.510,11.480,29.990,39.137,1197.8,1197.8,4079.9,4079.9,4079.9,4079.9,44.5,23.0,81.7,75.9,54.2,No,No,No,1.532,0.486,6.5,49,95.0,100.0,No,No,91293,99096,35,99.0,No,No,3320,0.0,0.1,0.1,0.000,0.092,79776,50119,0.0,0.0,0.0,0.000,0.000,52,0,52.2,67.3,83.0,0.819,12.141,12.187,12.160,12.076,1130,52.150,20.054,30.538,8.945,42.500,25.504,16.965,0.336,30.538,21.223,3.332,20.665,220.000,240.000,1500.0,1750.2,1305.0,1562.7,1410.0,38.0,9.0,0.0,3.0,26.9,4.0,16.0,0.0,0.0,0.0,33,Yes,No,No,No,No,Yes,No,23.5,27.2,0,0,0,0,0,0,0,0,0,9,0,0,0,0,0,0,0,0,0,0,0,0,0,0,0,0,0,0,0,0,5989,2203,2038,93,8.0,239.8,257.0,222.2,211.8,215.3,211.3,239.8,242.9,237.0,234.3,235.3,234.1,4.17,4.52,3.80,3.57,4.67,4.77,0.47,0.23,4.05,0.12,0.11,0,0,0.0,0.0,13575,1181,2.2,2.0,0,
8.7.2026,15:18:21.563,18256,27738,39.6,13315,19367,40.7,0.5,13312,70,1.320,1.319,1.319,1.319,1.319,1.319,1.319,1.325,1.325,4067.7,4067.7,4067.7,4067.7,4067.7,4067.7,4067.7,4067.7,4067.7,99.8,1480.2,3672.4,1558.2,3039.6,1371.4,2226.0,1293.9,1616.0,1293.8,894.4,710.0,1537.4,915.6,1174.9,803.2,941.6,634.8,1480.2,33.6,64.1,36.6,73.8,32.5,53.5,30.4,38.5,30.4,21.0,16.5,36.6,21.2,27.2,18.5,22.3,14.6,73.8,33.6,38.0,72.5,41.4,83.5,36.8,60.6,34.4,43.5,34.4,23.8,18.6,41.4,24.0,30.8,21.0,25.2,16.6,38.0,40.8,40.8,40.8,40.8,40.8,40.8,40.8,40.8,40.8,0.0,82.9,90.0,94.9,88.8,84.9,74.7,80.1,76.6,73.1,17.1,10.0,5.1,11.2,15.1,25.3,19.9,23.4,26.9,0.0,0.0,0.0,0.0,0.0,0.0,0.0,0.0,0.0,1197.8,12.00,16,16,16,39,55,661,1,72.5,72.1,74.5,68.6,71.0,71.1,70.7,68.8,66.7,67.4,66.7,66.1,63.6,63.9,63.3,54.2,52.4,1.331,1.025,1.344,14.233,11.197,14.226,74.592,39.629,4.325,5.742,5.929,5.001,4.313,3.181,3.868,3.495,3.068,19.082,11.539,30.621,39.767,1197.8,1197.8,4080.3,4080.3,4080.3,4080.3,45.2,23.7,82.9,75.9,55.0,No,No,No,1.603,0.497,6.6,49,95.0,100.0,No,No,91293,99096,35,99.0,No,No,3320,0.0,0.0,0.0,0.000,0.014,79776,50119,0.0,0.0,0.0,0.000,0.000,52,0,52.0,67.2,83.0,0.806,12.138,12.184,12.158,12.073,1129,50.067,19.163,29.013,8.224,41.580,25.437,16.118,0.336,29.013,21.125,3.198,17.580,220.000,240.000,1455.0,1750.2,1275.0,1457.3,1380.0,40.0,9.0,0.0,3.0,26.9,4.2,16.6,0.0,0.0,0.0,33,Yes,No,No,No,No,Yes,No,22.8,27.6,0,0,0,0,0,0,0,0,0,9,0,0,0,0,0,0,0,0,0,0,0,0,0,0,0,0,0,0,0,0,5989,2203,2038,93,8.0,239.8,261.2,219.9,201.7,209.7,198.2,0.0,0.0,0.0,0.0,0.0,0.0,4.17,4.52,3.88,3.43,4.74,5.04,0.43,0.37,4.05,0.12,0.00,0,0,0.0,0.0,13575,1181,2.4,2.4,0,
8.7.2026,15:18:23.576,18254,27740,39.6,13311,19371,40.7,0.5,13312,70,1.320,1.288,1.319,1.325,1.325,1.325,1.325,1.325,1.325,4064.5,4042.7,4067.7,4067.7,4067.7,4067.7,4067.7,4067.7,4067.7,99.8,1403.9,3664.6,1446.3,2590.0,1756.3,1848.0,1558.8,1529.3,1198.6,865.4,623.0,1517.0,767.3,1142.7,755.9,645.7,553.4,1403.9,32.1,65.7,34.1,62.8,42.4,44.2,37.2,36.6,28.1,20.7,14.0,36.4,18.2,26.7,17.8,15.2,13.1,65.7,32.1,36.0,74.2,38.3,70.9,47.7,49.8,41.9,41.2,31.5,23.1,16.2,40.9,20.2,29.9,19.7,16.9,14.4,36.0,40.7,40.5,40.8,40.8,40.8,40.8,40.8,40.8,40.8,0.0,81.3,89.8,94.6,87.2,83.6,72.4,78.5,74.9,69.4,18.7,10.2,5.4,12.8,16.4,27.6,21.5,25.1,30.6,0.0,0.0,0.0,0.0,0.0,0.0,0.0,0.0,0.0,1197.8,12.00,16,16,16,39,55,661,1,72.5,72.3,72.8,68.6,71.2,71.3,70.8,68.7,66.7,67.4,66.6,65.9,63.6,63.9,63.3,54.5,52.0,1.325,1.044,1.337,13.854,11.143,13.857,73.161,39.171,4.287,5.817,5.943,5.001,4.201,3.140,3.835,3.468,2.892,18.601,11.481,30.082,39.238,1197.8,1197.8,4083.1,4083.1,4083.1,4083.1,44.6,23.1,81.3,76.1,54.1,No,No,No,1.572,0.515,6.5,49,95.0,100.0,No,No,91293,99096,35,99.0,No,No,3320,0.0,0.0,0.0,0.000,0.002,79776,50119,0.0,0.0,0.0,0.000,0.000,52,0,52.2,67.3,83.0,0.825,12.139,12.185,12.159,12.073,1133,51.051,19.867,30.893,8.798,42.569,25.378,17.163,0.336,30.893,20.794,3.394,18.448,220.000,240.000,1515.0,1750.2,1320.0,1467.1,1425.0,40.0,10.0,0.0,3.0,26.9,4.4,17.4,0.0,0.0,0.0,33,Yes,No,No,No,No,Yes,No,23.5,27.1,0,0,0,0,0,0,0,0,0,9,0,0,0,0,0,0,0,0,0,0,0,0,0,0,0,0,0,0,0,0,5989,2203,2038,93,8.0,239.8,259.3,224.9,213.7,218.0,212.9,239.8,242.8,237.4,236.9,237.1,236.8,4.17,4.50,3.87,3.74,4.60,4.68,0.46,0.29,4.05,0.12,0.11,0,0,0.0,0.0,13575,1181,2.5,1.4,0,
8.7.2026,15:18:25.573,18250,27743,39.6,13313,19368,40.7,0.5,13312,70,1.316,1.319,1.325,1.331,1.300,1.300,1.300,1.325,1.325,4067.7,4067.7,4067.7,4067.7,4067.7,4067.7,4067.7,4067.7,4067.7,99.8,1413.4,3655.6,1439.9,1309.8,3002.7,1397.5,1937.4,1438.7,1335.2,815.1,697.5,1545.0,827.6,1069.4,782.3,675.1,685.0,1413.4,32.0,65.5,33.6,30.9,73.0,32.8,46.1,33.9,31.5,18.9,16.7,36.8,19.0,24.4,17.9,15.5,15.7,73.0,32.0,36.4,74.2,38.2,35.2,82.6,37.3,52.3,38.6,35.9,21.6,18.3,41.8,21.7,27.8,20.4,17.8,18.0,36.4,40.8,40.8,40.8,40.8,40.8,40.8,40.8,40.8,40.8,0.0,81.2,89.5,94.9,86.6,83.7,72.2,78.4,74.2,70.2,18.8,10.5,5.1,13.4,16.3,27.8,21.6,25.8,29.8,0.0,0.0,0.0,0.0,0.0,0.0,0.0,0.0,0.0,1197.8,12.00,16,16,16,39,55,661,1,72.5,72.1,73.5,68.5,71.1,71.2,70.4,68.8,66.6,67.5,66.5,66.0,63.6,63.9,63.3,56.2,52.3,1.325,1.031,1.325,14.013,11.149,14.013,73.098,39.371,4.269,5.767,5.940,4.851,4.244,3.129,3.855,3.402,2.965,18.813,11.488,30.301,39.452,1197.8,1197.8,4082.8,4082.8,4082.8,4082.8,44.8,23.4,81.2,75.9,54.9,No,No,No,1.554,0.513,6.5,49,95.0,100.0,No,No,91293,99096,35,99.0,No,No,3320,0.0,0.0,0.0,0.000,0.063,79776,50119,0.0,0.0,0.0,0.000,0.000,52,0,52.2,67.2,83.0,0.819,12.141,12.187,12.160,12.075,1131,51.494,20.085,31.149,8.933,42.938,25.612,17.304,0.336,31.149,21.057,3.295,19.082,220.000,240.000,1500.0,1750.2,1305.0,1511.3,1410.0,40.0,9.0,0.0,3.0,26.9,4.4,17.7,0.0,0.0,0.0,33,Yes,No,No,No,No,Yes,No,23.7,27.2,0,0,0,0,0,0,0,0,0,9,0,0,0,0,0,0,0,0,0,0,0,0,0,0,0,0,0,0,0,0,5989,2203,2038,92,8.0,239.8,257.0,222.5,217.9,220.2,216.9,239.8,242.4,237.5,237.2,237.3,237.2,4.17,4.52,3.84,3.75,4.55,4.57,0.48,0.26,4.06,0.11,0.11,0,0,0.0,0.0,13575,1181,3.0,2.2,0,
8.7.2026,15:18:27.577,18254,27739,39.6,13313,19369,40.7,0.5,13312,70,1.323,1.325,1.325,1.325,1.325,1.325,1.319,1.319,1.319,4067.7,4067.7,4067.7,4067.7,4067.7,4067.7,4067.7,4067.7,4067.7,99.8,1468.1,3642.2,2211.0,1326.2,3034.2,1389.2,2017.7,1527.6,1314.6,846.3,694.8,1403.3,923.4,1100.5,828.9,650.5,578.6,1468.1,32.6,52.2,52.8,31.3,73.9,32.7,48.3,36.4,30.9,19.9,16.1,33.3,21.5,25.4,19.2,15.0,13.3,73.9,32.6,36.9,59.1,59.8,35.5,83.6,37.1,54.7,41.1,34.9,22.5,18.2,37.7,24.3,28.8,21.7,17.0,15.0,36.9,40.8,40.8,40.8,40.8,40.8,40.8,40.8,40.8,40.8,0.0,81.1,89.2,95.0,87.1,84.1,72.2,77.5,74.5,69.2,18.9,10.8,5.0,12.9,15.9,27.8,22.5,25.5,30.8,0.0,0.0,0.0,0.0,0.0,0.0,0.0,0.0,0.0,1197.8,12.00,16,16,16,39,55,661,1,72.5,72.3,71.0,68.6,71.4,71.3,70.7,68.9,66.8,67.4,66.6,65.9,63.6,63.9,63.3,54.5,52.3,1.337,1.031,1.344,13.926,11.103,13.928,72.979,39.256,4.322,5.892,5.993,4.967,4.303,3.189,3.852,3.472,2.912,18.711,11.441,30.152,39.307,1197.8,1197.8,4084.4,4084.7,4084.0,4084.7,44.7,23.2,81.1,76.1,53.9,No,No,No,1.558,0.524,6.5,49,95.0,100.0,No,No,91293,99096,35,99.0,No,No,3320,0.0,0.0,0.0,0.000,0.100,79776,50120,0.0,0.0,0.0,0.000,0.000,52,0,52.3,67.6,83.0,0.838,12.138,12.183,12.158,12.072,1129,51.515,20.951,32.633,9.661,43.867,25.714,18.129,0.336,32.633,21.219,5.335,19.983,220.000,240.000,1545.0,1750.2,1350.0,1495.8,1455.0,40.0,10.0,0.0,3.0,26.9,4.4,17.5,0.0,0.0,0.0,33,Yes,No,No,No,No,Yes,No,24.5,27.4,0,0,0,0,0,0,0,0,0,9,0,0,0,0,0,0,0,0,0,0,0,0,0,0,0,0,0,0,0,0,5989,2203,2038,92,8.0,239.8,256.5,222.1,217.3,218.7,217.3,239.8,242.5,237.1,235.3,236.4,235.0,4.17,4.53,3.85,3.60,4.61,4.69,0.43,0.27,4.06,0.11,0.11,0,0,0.0,0.0,13575,1181,3.8,5.4,0,
8.7.2026,15:18:29.568,18258,27736,39.6,13321,19361,40.7,0.5,13312,70,1.310,1.325,1.312,1.312,1.306,1.306,1.306,1.306,1.306,4061.4,4067.7,4042.7,4042.7,4067.7,4067.7,4067.7,4067.7,4067.7,99.8,1519.8,3664.6,2351.5,2496.0,2001.3,1765.8,1751.2,1658.5,1251.4,870.7,727.9,1424.6,992.6,1143.8,826.0,763.7,627.9,1519.8,33.8,50.7,56.4,60.3,48.3,42.0,41.7,39.5,29.5,20.5,16.9,33.8,23.3,26.4,19.1,17.7,14.5,60.3,33.8,38.2,57.4,63.8,68.2,54.6,47.5,47.2,44.7,33.4,23.2,19.1,38.3,26.4,29.9,21.7,20.1,16.4,38.2,40.7,40.8,40.5,40.5,40.8,40.8,40.8,40.8,40.8,0.0,81.8,89.8,95.0,87.8,84.7,72.8,78.7,75.3,70.4,18.2,10.2,5.0,12.2,15.3,27.2,21.3,24.7,29.6,0.0,0.0,0.0,0.0,0.0,0.0,0.0,0.0,0.0,1197.8,12.00,16,16,16,39,55,661,1,72.5,72.4,72.5,68.6,71.2,71.5,70.7,68.9,66.8,67.4,66.6,65.9,63.6,63.9,63.3,56.2,52.2,1.344,1.025,1.331,14.156,11.145,14.154,73.629,39.552,4.333,5.847,6.063,4.975,4.310,3.185,3.837,3.481,2.968,19.009,11.484,30.492,39.653,1197.8,1197.8,4083.1,4083.4,4082.7,4083.4,45.1,23.6,81.8,76.2,54.7,No,No,No,1.666,0.536,6.5,49,95.0,100.0,No,No,91293,99096,35,99.0,No,No,3320,0.0,0.0,0.0,0.000,0.034,79776,50120,0.0,0.0,0.0,0.000,0.000,52,0,52.5,67.7,83.0,0.850,12.139,12.184,12.159,12.074,1131,54.229,20.952,33.309,9.759,44.077,25.548,18.503,0.336,33.309,20.854,3.497,20.324,220.000,240.000,1575.0,1750.2,1380.0,1564.2,1485.0,39.0,9.0,0.0,3.0,26.9,4.4,17.5,0.0,0.0,0.0,33,Yes,No,No,No,No,Yes,No,24.6,29.2,0,0,0,0,0,0,0,0,0,9,0,0,0,0,0,0,0,0,0,0,0,0,0,0,0,0,0,0,0,0,5989,2203,2038,92,8.0,239.8,259.8,219.1,215.0,216.3,214.4,0.0,0.0,0.0,0.0,0.0,0.0,4.17,4.58,3.80,3.78,4.62,4.68,0.42,0.29,4.05,0.12,0.00,0,0,0.0,0.0,13575,1181,2.3,1.6,0,
8.7.2026,15:18:31.570,18276,27717,39.7,13324,19358,40.7,0.5,13312,70,1.339,1.337,1.337,1.344,1.344,1.337,1.337,1.337,1.337,4092.6,4092.6,4092.6,4092.6,4092.6,4092.6,4092.6,4092.6,4092.6,99.8,1579.2,3642.5,2405.0,2991.4,1522.3,1911.8,1549.2,1788.9,1202.6,1056.6,798.8,1498.4,1129.4,1248.8,925.3,909.4,687.6,1579.2,35.4,50.1,58.1,73.0,36.4,45.9,36.9,43.0,28.3,25.1,18.7,35.9,26.7,29.3,21.7,21.6,16.0,73.0,35.4,40.0,56.5,65.6,82.4,41.1,51.8,41.7,48.5,32.0,28.3,21.1,40.5,30.1,33.1,24.5,24.3,18.0,40.0,41.0,41.0,41.0,41.0,41.0,41.0,41.0,41.0,41.0,0.0,81.9,89.4,94.8,87.0,84.1,73.9,79.2,75.8,70.7,18.1,10.6,5.2,13.0,15.9,26.1,20.8,24.2,29.3,0.0,0.0,0.0,0.0,0.0,0.0,0.0,0.0,0.0,1197.8,12.00,16,16,16,39,55,661,1,73.0,73.5,72.0,69.6,72.0,71.8,71.1,69.6,68.0,68.8,67.8,67.5,63.7,64.0,63.5,56.8,52.2,1.344,1.025,1.344,14.912,11.101,14.910,73.696,40.474,4.545,5.957,6.059,5.008,4.453,3.531,4.184,3.798,3.371,19.967,11.444,31.410,40.562,1197.8,1197.8,4073.3,4073.4,4073.1,4073.4,46.1,24.9,81.9,77.3,54.7,No,No,No,1.617,0.535,6.6,49,95.0,100.0,No,No,91293,99096,35,99.0,No,No,3320,0.0,0.0,0.1,0.041,0.034,79776,50120,0.0,0.0,0.0,0.000,0.000,52,0,52.4,67.5,83.0,0.844,12.136,12.181,12.157,12.071,1132,53.116,20.647,32.299,9.294,43.376,25.410,17.944,0.336,32.299,20.698,3.490,21.324,220.000,240.000,1560.0,1750.2,1365.0,1559.5,1470.0,40.0,9.0,0.0,3.0,27.0,4.3,17.1,0.0,0.0,0.0,33,Yes,No,No,No,No,Yes,No,24.5,27.6,0,0,0,0,0,0,0,0,0,9,0,0,0,0,0,0,0,0,0,0,0,0,0,0,0,0,0,0,0,0,5978,2214,2049,92,8.0,239.8,257.2,220.0,212.9,215.3,212.6,239.8,242.3,237.1,235.8,236.5,235.5,4.17,4.55,3.85,3.50,4.63,4.66,0.47,0.31,4.05,0.12,0.11,0,0,0.0,0.0,13575,1181,2.8,2.1,0,
8.7.2026,15:18:33.572,18283,27710,39.7,13331,19350,40.7,0.5,13312,70,1.320,1.325,1.319,1.319,1.319,1.319,1.319,1.319,1.319,4064.5,4042.7,4067.7,4067.7,4067.7,4067.7,4067.7,4067.7,4067.7,99.8,1448.1,3606.7,2310.4,2913.8,1575.2,1636.2,1572.1,1573.6,1132.6,848.4,686.8,1211.4,949.2,1049.6,771.6,745.3,586.3,1448.1,32.0,48.5,55.6,70.9,37.6,38.9,37.4,37.5,26.5,20.1,16.0,28.7,22.1,24.2,17.8,17.4,13.5,70.9,32.0,36.3,54.9,62.9,80.2,42.6,44.0,42.3,42.5,30.1,22.7,18.1,32.5,25.1,27.4,20.2,19.7,15.3,36.3,40.7,40.5,40.8,40.8,40.8,40.8,40.8,40.8,40.8,0.0,79.7,88.4,95.7,85.0,82.4,70.6,75.5,72.6,67.7,20.3,11.6,4.3,15.0,17.6,29.4,24.5,27.4,32.3,0.0,0.0,0.0,0.0,0.0,0.0,0.0,0.0,0.0,1197.8,12.00,16,16,16,39,55,661,1,73.0,72.5,72.8,68.6,71.3,71.7,70.3,68.7,66.8,67.2,66.6,65.9,63.6,63.9,63.3,54.5,52.2,1.331,1.025,1.331,13.649,11.070,13.649,71.751,38.808,4.245,5.828,6.144,4.725,4.152,3.151,3.683,3.369,2.905,18.339,11.407,29.746,38.895,1197.8,1197.8,4083.7,4084.1,4083.3,4084.1,44.2,22.7,79.7,76.3,53.9,No,No,No,1.562,0.545,6.4,50,95.0,100.0,No,No,91293,99096,35,99.0,No,No,3320,0.0,0.0,0.0,0.008,0.022,79776,50120,0.0,0.0,0.0,0.000,0.000,52,0,52.6,67.8,83.0,0.850,12.140,12.184,12.160,12.074,1129,54.437,21.231,33.918,10.113,44.616,25.755,18.844,0.336,33.918,21.128,3.579,20.100,220.000,240.000,1575.0,1750.2,1380.0,1571.2,1485.0,40.0,10.0,0.0,3.0,27.0,4.5,17.9,0.0,0.0,0.0,33,Yes,No,No,No,No,Yes,No,24.5,27.3,0,0,0,0,0,0,0,0,0,9,0,0,0,0,0,0,0,0,0,0,0,0,0,0,0,0,0,0,0,0,5976,2216,2051,92,8.0,239.8,257.3,222.6,215.8,219.5,213.9,0.0,0.0,0.0,0.0,0.0,0.0,4.17,4.54,3.85,3.73,4.60,4.65,0.40,0.36,4.06,0.11,0.00,0,0,0.0,0.0,13576,1181,2.7,2.0,0,
8.7.2026,15:18:35.566,18278,27716,39.7,13324,19358,40.7,0.5,13312,70,1.315,1.331,1.312,1.312,1.312,1.312,1.312,1.312,1.312,4067.7,4067.7,4067.7,4067.7,4067.7,4067.7,4067.7,4067.7,4067.7,99.8,1457.2,3646.9,2300.1,1206.6,3166.4,1269.1,2085.3,1234.1,1518.8,673.9,799.9,1014.8,1227.2,847.5,1077.4,578.4,669.3,1457.2,32.1,48.4,55.1,28.4,77.1,29.7,49.9,29.1,35.9,15.6,18.7,23.7,29.0,19.1,25.4,13.3,15.6,77.1,32.1,36.4,54.9,62.5,32.3,87.4,33.7,56.6,33.0,40.8,17.8,21.2,27.0,32.9,21.7,28.8,15.0,17.7,36.4,40.8,40.8,40.8,40.8,40.8,40.8,40.8,40.8,40.8,0.0,81.1,89.2,95.3,87.1,83.6,72.1,77.4,74.7,69.2,18.9,10.8,4.7,12.9,16.4,27.9,22.6,25.3,30.8,0.0,0.0,0.0,0.0,0.0,0.0,0.0,0.0,0.0,1197.8,12.00,16,16,16,39,55,661,1,72.9,72.4,71.8,68.7,71.4,71.5,70.6,68.9,66.8,67.3,66.8,66.0,63.7,64.0,63.4,56.5,52.0,1.350,1.038,1.350,14.029,11.103,14.030,72.978,39.420,4.313,5.891,6.050,4.918,4.261,3.154,3.775,3.514,2.943,18.879,11.443,30.322,39.477,1197.8,1197.8,4087.5,4087.5,4087.5,4087.5,44.9,23.4,81.1,76.2,54.5,No,No,No,1.566,0.555,6.5,49,95.0,100.0,No,No,91293,99096,35,99.0,No,No,3320,0.0,0.1,0.1,0.008,0.153,79776,50120,0.0,0.0,0.0,0.000,0.000,52,0,52.5,67.6,83.0,0.838,12.141,12.187,12.161,12.076,1129,53.373,20.763,32.541,9.664,43.683,25.588,18.078,0.336,32.541,21.139,3.386,20.675,220.000,240.000,1545.0,1750.2,1350.0,1544.6,1455.0,38.0,9.0,0.0,3.0,27.0,4.4,17.6,0.0,0.0,0.0,33,Yes,No,No,No,No,Yes,No,24.4,29.0,0,0,0,0,0,0,0,0,0,9,0,0,0,0,0,0,0,0,0,0,0,0,0,0,0,0,0,0,0,0,5976,2216,2051,92,8.0,239.8,263.1,219.9,207.3,212.8,205.1,0.0,0.0,0.0,0.0,0.0,0.0,4.17,4.61,3.83,3.45,4.75,4.93,0.41,0.24,4.06,0.11,0.00,0,0,0.0,0.0,13576,1181,4.4,1.3,0,
8.7.2026,15:18:37.573,18331,27663,39.8,13354,19327,40.8,0.5,13312,70,1.323,1.325,1.331,1.331,1.319,1.319,1.319,1.319,1.319,4067.7,4067.7,4067.7,4067.7,4067.7,4067.7,4067.7,4067.7,4067.7,99.8,1518.7,3698.3,1939.7,1511.8,2962.0,1513.7,2047.3,1302.4,1639.4,793.9,902.8,1163.6,1258.2,935.2,1155.3,764.9,710.5,1518.7,34.4,60.0,46.3,36.1,72.3,35.9,49.2,30.7,39.0,18.6,21.3,27.4,29.9,21.3,27.4,17.9,16.6,72.3,34.4,38.8,67.9,52.3,40.8,81.7,40.5,55.6,34.7,44.1,21.0,24.0,30.9,33.7,24.1,30.9,20.2,18.7,38.8,40.8,40.8,40.8,40.8,40.8,40.8,40.8,40.8,40.8,0.0,83.0,90.7,95.4,88.5,85.5,75.0,79.8,77.1,72.2,17.0,9.3,4.6,11.5,14.5,25.0,20.2,22.9,27.8,0.0,0.0,0.0,0.0,0.0,0.0,0.0,0.0,0.0,1197.8,12.00,16,16,16,39,55,661,1,72.9,72.5,73.5,68.8,71.4,71.6,70.8,69.1,67.1,67.6,66.9,66.3,63.6,63.9,63.4,54.0,51.6,1.312,1.031,1.319,14.354,11.178,14.355,74.714,39.834,4.393,5.801,6.105,5.042,4.371,3.292,3.908,3.563,3.058,19.244,11.521,30.765,39.926,1197.8,1197.8,4078.7,4079.1,4078.3,4079.1,45.4,23.9,83.0,76.4,54.6,No,No,No,1.654,0.507,6.6,49,95.0,100.0,No,No,91293,99096,35,99.0,No,No,3320,0.1,0.5,0.7,0.127,7.322,79776,50134,0.0,0.0,0.0,0.000,0.000,52,0,52.3,67.6,83.0,0.819,12.141,12.188,12.161,12.075,1129,52.711,20.177,30.636,8.824,42.550,25.503,17.018,0.336,30.636,21.067,5.666,19.533,220.000,240.000,1500.0,1750.2,1305.0,1556.0,1410.0,38.0,9.0,0.0,3.0,27.1,4.0,16.1,0.0,0.0,0.0,33,Yes,No,No,No,No,Yes,No,23.2,26.5,0,0,0,0,0,0,0,0,0,9,0,0,0,0,0,0,0,0,0,0,0,0,0,0,0,0,0,0,0,0,5976,2216,2051,93,8.0,239.8,255.7,221.2,214.0,217.1,212.5,239.8,243.1,236.8,235.9,236.4,235.7,4.17,4.53,3.89,3.74,4.59,4.70,0.43,0.26,4.05,0.12,0.11,0,0,0.0,0.0,13576,1181,4.4,5.1,0,
8.7.2026,15:18:39.564,18322,27672,39.8,13351,19330,40.8,0.5,13312,70,1.316,1.319,1.325,1.325,1.312,1.312,1.312,1.312,1.312,4083.3,4067.7,4067.7,4067.7,4092.6,4092.6,4092.6,4092.6,4092.6,99.8,1388.9,3605.1,1473.8,2505.4,1889.9,1832.9,1479.8,1319.1,1451.1,725.9,734.5,1057.8,1144.0,904.2,931.5,625.2,542.9,1388.9,31.4,61.4,34.6,60.6,45.6,43.8,35.1,31.3,34.5,17.0,17.1,24.9,27.0,20.6,21.8,14.5,12.5,61.4,31.4,35.5,69.5,39.2,68.6,51.6,49.5,39.7,35.4,39.0,19.2,19.4,28.1,30.5,23.2,24.6,16.3,14.2,35.5,40.9,40.8,40.8,40.8,41.0,41.0,41.0,41.0,41.0,0.0,80.7,88.3,95.3,86.6,83.8,71.8,77.0,74.4,68.8,19.3,11.7,4.7,13.4,16.2,28.2,23.0,25.6,31.2,0.0,0.0,0.0,0.0,0.0,0.0,0.0,0.0,0.0,1197.8,12.00,16,16,16,39,55,661,1,72.8,72.4,72.0,68.5,70.9,71.6,70.6,68.9,66.6,67.2,66.5,65.7,63.5,63.8,63.2,55.5,52.3,1.337,1.025,1.337,13.854,11.102,13.852,72.659,39.084,4.257,5.633,6.132,4.900,4.254,3.120,3.729,3.416,2.868,18.596,11.437,30.033,39.180,1197.8,1197.8,4083.3,4083.3,4083.3,4083.3,44.5,23.1,80.7,76.2,54.5,No,No,No,1.556,0.540,6.5,49,95.0,100.0,No,No,91293,99096,35,99.0,No,No,3320,0.0,0.0,0.1,0.016,0.108,79776,50134,0.0,0.0,0.0,0.000,0.000,52,0,52.4,67.5,83.0,0.838,12.136,12.180,12.156,12.071,1132,52.279,20.840,32.553,9.403,43.579,25.469,18.085,0.336,32.553,20.750,3.472,22.195,220.000,240.000,1545.0,1750.2,1350.0,1507.2,1455.0,39.0,10.0,0.0,3.0,27.1,4.4,17.6,0.0,0.0,0.0,33,Yes,No,No,No,No,Yes,No,23.9,26.6,0,0,0,0,0,0,0,0,0,9,0,0,0,0,0,0,0,0,0,0,0,0,0,0,0,0,0,0,0,0,5976,2216,2051,93,8.0,239.7,257.6,222.2,209.1,214.1,207.9,239.8,242.1,237.7,237.2,237.4,237.2,4.17,4.59,3.82,3.60,4.69,4.78,0.49,0.28,4.06,0.11,0.11,0,0,0.0,0.0,13576,1181,2.3,1.9,0,
8.7.2026,15:18:41.565,18331,27662,39.8,13355,19326,40.8,0.5,13312,70,1.319,1.319,1.319,1.319,1.319,1.319,1.319,1.319,1.319,4067.7,4067.7,4067.7,4067.7,4067.7,4067.7,4067.7,4067.7,4067.7,99.8,1532.5,3690.0,1699.3,3182.6,1374.4,2167.9,1458.8,1612.5,1435.2,841.0,834.6,1316.9,1274.8,1061.8,1032.1,836.5,702.2,1532.5,34.7,62.6,40.0,77.5,32.5,51.9,34.5,38.3,33.9,19.6,19.5,31.1,30.1,24.2,24.2,19.4,16.2,77.5,34.7,39.3,70.9,45.3,87.6,36.8,58.7,39.1,43.4,38.4,22.3,22.1,35.3,34.1,27.5,27.4,22.1,18.5,39.3,40.8,40.8,40.8,40.8,40.8,40.8,40.8,40.8,40.8,0.0,84.4,90.5,96.0,89.6,87.2,76.4,82.1,78.4,74.5,15.6,9.5,4.0,10.4,12.8,23.6,17.9,21.6,25.5,0.0,0.0,0.0,0.0,0.0,0.0,0.0,0.0,0.0,1197.8,12.00,16,16,16,39,55,661,1,72.5,72.2,72.0,68.8,71.0,71.5,70.7,69.1,67.0,67.8,66.8,66.3,63.6,63.9,63.3,56.8,52.4,1.344,1.025,1.337,14.406,11.173,14.407,75.919,39.890,4.379,5.635,6.037,5.065,4.428,3.267,3.972,3.559,3.072,19.280,11.514,30.795,39.960,1197.8,1197.8,4076.0,4076.0,4076.0,4076.0,45.4,24.0,84.4,76.0,54.8,No,No,No,1.675,0.519,6.7,49,95.0,100.0,No,No,91293,99096,35,99.0,No,No,3320,0.0,0.0,0.0,0.012,0.088,79776,50134,0.0,0.0,0.0,0.000,0.000,52,0,52.4,67.6,83.0,0.819,12.140,12.186,12.159,12.075,1129,53.095,22.909,31.185,9.030,42.826,25.477,17.324,0.336,31.185,21.004,29.086,21.634,220.000,240.000,1500.0,1750.2,1305.0,1541.0,1410.0,38.0,9.0,0.0,3.0,27.1,4.3,17.1,0.0,0.0,0.0,33,Yes,No,No,No,No,Yes,No,23.7,27.2,0,0,0,0,0,0,0,0,0,9,0,0,0,0,0,0,0,0,0,0,0,0,0,0,0,0,0,0,0,0,5976,2216,2051,93,8.0,239.8,259.7,220.7,214.1,216.5,213.8,239.8,242.5,236.9,236.5,236.6,236.5,4.17,4.62,3.84,3.77,4.66,4.69,0.46,0.26,4.05,0.12,0.10,0,0,0.0,0.0,13576,1181,2.2,1.6,0,
8.7.2026,15:18:43.569,18324,27669,39.8,13352,19329,40.8,0.5,13312,70,1.331,1.331,1.331,1.331,1.331,1.331,1.331,1.331,1.331,4089.5,4067.7,4092.6,4092.6,4092.6,4092.6,4092.6,4092.6,4092.6,99.8,1405.0,3609.8,1461.4,3030.9,1355.5,2145.5,1269.4,1467.8,1328.3,723.4,745.8,1147.5,1126.3,945.5,942.1,639.6,540.6,1405.0,31.8,61.7,34.3,73.6,32.2,51.6,30.0,34.9,31.4,16.9,17.5,27.1,26.6,21.6,22.2,14.8,12.5,73.6,31.8,35.9,69.8,38.8,83.3,36.4,58.3,33.8,39.4,35.5,19.1,19.7,30.6,30.0,24.4,25.0,16.7,14.1,35.9,41.0,40.8,41.0,41.0,41.0,41.0,41.0,41.0,41.0,0.0,81.1,88.4,94.8,87.6,84.2,72.2,77.9,74.7,69.0,18.9,11.6,5.2,12.4,15.8,27.8,22.1,25.3,31.0,0.0,0.0,0.0,0.0,0.0,0.0,0.0,0.0,0.0,1197.8,12.00,16,16,16,39,55,661,1,72.5,72.3,73.0,68.6,70.9,71.4,70.9,68.9,66.7,67.4,66.6,65.8,63.6,63.9,63.3,54.0,51.9,1.356,1.031,1.356,13.902,11.087,13.905,73.001,39.189,4.287,5.597,6.034,5.029,4.314,3.144,3.839,3.454,2.887,18.687,11.423,30.110,39.265,1197.8,1197.8,4085.7,4085.9,4085.6,4085.9,44.6,23.2,81.1,76.1,54.3,No,No,No,1.548,0.528,6.5,49,95.0,100.0,No,No,91293,99096,35,99.0,No,No,3320,0.0,0.0,0.0,0.006,0.008,79776,50134,0.0,0.0,0.0,0.000,0.000,52,0,52.3,67.5,83.0,0.825,12.135,12.180,12.155,12.069,1131,52.135,20.171,31.168,8.855,42.556,25.225,17.314,0.336,31.168,20.578,3.991,20.522,220.000,240.000,1515.0,1750.2,1320.0,1510.7,1425.0,39.0,9.0,0.0,3.0,27.1,4.3,17.2,0.0,0.0,0.0,33,Yes,No,No,No,No,Yes,No,23.3,26.7,0,0,0,0,0,0,0,0,0,9,0,0,0,0,0,0,0,0,0,0,0,0,0,0,0,0,0,0,0,0,5976,2216,2051,93,8.0,239.7,252.3,223.8,216.9,219.8,215.6,0.0,0.0,0.0,0.0,0.0,0.0,4.17,4.47,3.92,3.80,4.53,4.60,0.43,0.29,4.06,0.11,0.00,0,0,0.0,0.0,13576,1181,2.4,2.1,0,
8.7.2026,15:18:45.576,18335,27659,39.8,13355,19326,40.8,0.5,13312,70,1.304,1.331,1.300,1.300,1.300,1.300,1.300,1.300,1.300,4067.7,4067.7,4067.7,4067.7,4067.7,4067.7,4067.7,4067.7,4067.7,99.8,1449.5,3630.7,1519.2,1534.3,2921.4,1525.6,1941.0,1240.9,1664.1,744.8,814.6,1146.3,1207.7,940.0,1036.3,712.5,612.9,1449.5,32.9,63.2,35.7,36.5,71.2,36.1,46.5,29.2,39.7,17.3,19.1,26.9,28.6,21.3,24.3,16.5,14.2,71.2,32.9,37.2,71.5,40.4,41.3,80.5,40.8,52.6,33.1,44.9,19.6,21.6,30.5,32.3,24.2,27.5,18.7,16.0,37.2,40.8,40.8,40.8,40.8,40.8,40.8,40.8,40.8,40.8,0.0,81.7,89.0,95.5,87.6,84.4,73.1,78.5,75.6,70.3,18.3,11.0,4.5,12.4,15.6,26.9,21.5,24.4,29.7,0.0,0.0,0.0,0.0,0.0,0.0,0.0,0.0,0.0,1197.8,12.00,16,16,16,39,55,661,1,72.5,72.2,73.8,68.6,70.9,71.3,70.5,68.8,66.8,67.5,66.6,66.0,63.6,63.9,63.3,56.2,51.9,1.344,1.025,1.337,14.037,11.143,14.032,73.569,39.379,4.302,5.620,6.043,4.963,4.300,3.195,3.836,3.503,2.960,18.834,11.481,30.315,39.461,1197.8,1197.8,4081.5,4081.6,4081.4,4081.6,44.8,23.4,81.7,76.0,54.6,No,No,No,1.574,0.507,6.5,49,95.0,100.0,No,No,91293,99096,35,99.0,No,No,3320,0.0,0.0,0.0,0.000,0.022,79776,50135,0.0,0.0,0.0,0.000,0.000,52,0,52.2,67.3,83.0,0.825,12.139,12.185,12.158,12.073,1131,51.332,20.092,30.638,8.700,42.323,25.270,17.020,0.336,30.638,20.710,3.444,21.845,220.000,240.000,1515.0,1750.2,1320.0,1493.2,1425.0,39.0,9.0,0.0,3.0,27.1,4.3,17.1,0.0,0.0,0.0,33,Yes,No,No,No,No,Yes,No,23.5,26.8,0,0,0,0,0,0,0,0,0,9,0,0,0,0,0,0,0,0,0,0,0,0,0,0,0,0,0,0,0,0,5976,2216,2051,93,8.0,239.8,259.0,220.5,216.2,217.8,215.5,0.0,0.0,0.0,0.0,0.0,0.0,4.17,4.55,3.85,3.76,4.57,4.59,0.43,0.29,4.05,0.12,0.00,0,0,0.0,0.0,13576,1181,5.6,9.6,0,
8.7.2026,15:18:47.573,18330,27664,39.8,13353,19328,40.8,0.5,13312,70,1.323,1.337,1.325,1.325,1.325,1.319,1.319,1.319,1.319,4064.5,4042.7,4067.7,4067.7,4067.7,4067.7,4067.7,4067.7,4067.7,99.8,1539.4,3654.2,1648.5,1614.0,2860.0,1535.6,2061.8,1364.2,1644.4,824.9,856.1,1288.9,1210.3,969.4,1087.4,1185.6,825.8,1539.4,35.1,62.4,39.0,38.6,69.9,36.5,49.7,32.4,39.2,19.4,20.1,30.7,28.6,22.3,25.8,28.4,19.3,69.9,35.1,39.6,70.3,44.0,43.5,78.8,41.2,56.0,36.5,44.3,21.9,22.7,34.6,32.2,25.2,29.0,31.9,21.8,39.6,40.7,40.5,40.8,40.8,40.8,40.8,40.8,40.8,40.8,0.0,83.5,89.8,95.9,88.9,85.6,74.4,79.8,76.7,76.5,16.5,10.2,4.1,11.1,14.4,25.6,20.2,23.3,23.5,0.0,0.0,0.0,0.0,0.0,0.0,0.0,0.0,0.0,1197.8,12.00,16,16,16,39,55,661,1,73.0,73.6,72.0,69.4,71.2,71.5,71.3,69.5,67.4,68.5,67.3,68.7,63.8,64.0,63.5,54.0,51.9,1.344,1.031,1.344,14.762,11.153,14.760,75.131,40.297,4.500,5.615,5.983,5.084,4.466,3.337,3.986,3.623,3.907,19.740,11.499,31.239,40.393,1197.8,1197.8,4067.7,4067.7,4067.7,4067.7,45.9,24.6,83.5,77.4,54.7,No,No,No,1.602,0.528,6.7,49,95.0,100.0,No,No,91293,99096,35,99.0,No,No,3320,0.0,0.0,0.0,0.008,0.026,79776,50135,0.0,0.0,0.0,0.000,0.000,52,0,52.4,67.8,83.0,0.819,12.140,12.185,12.160,12.074,1131,51.585,20.167,31.107,9.054,42.852,25.549,17.282,0.336,31.107,21.128,3.246,20.010,220.000,240.000,1500.0,1750.2,1305.0,1503.3,1410.0,40.0,9.0,0.0,3.0,27.1,4.3,17.1,0.0,0.0,0.0,33,Yes,No,No,No,No,Yes,No,23.9,27.5,0,0,0,0,0,0,0,0,0,9,0,0,0,0,0,0,0,0,0,0,0,0,0,0,0,0,0,0,0,0,5976,2216,2051,93,8.0,239.7,261.3,224.3,215.2,218.6,214.6,0.0,0.0,0.0,0.0,0.0,0.0,4.17,4.59,3.80,3.65,4.64,4.67,0.46,0.26,4.05,0.12,0.00,0,0,0.0,0.0,13576,1181,3.6,4.1,0,
8.7.2026,15:18:49.568,18334,27659,39.8,13357,19325,40.8,0.5,13312,70,1.322,1.319,1.312,1.319,1.325,1.325,1.325,1.325,1.325,4067.7,4067.7,4067.7,4067.7,4067.7,4067.7,4067.7,4067.7,4067.7,99.8,1473.1,3604.1,1979.2,2075.8,2424.4,1742.8,1686.6,1577.3,1240.7,863.3,709.1,1400.8,924.3,1136.9,838.7,762.6,602.6,1473.1,32.9,53.3,47.1,50.0,58.7,41.4,40.1,37.5,29.2,20.3,16.4,33.2,21.6,26.3,19.5,17.8,13.9,58.7,32.9,37.2,60.3,53.3,56.6,66.5,46.9,45.4,42.5,33.1,23.0,18.6,37.6,24.5,29.8,22.1,20.1,15.7,37.3,40.8,40.8,40.8,40.8,40.8,40.8,40.8,40.8,40.8,0.0,81.5,88.2,95.5,87.8,84.3,73.0,78.2,75.3,70.0,18.5,11.8,4.5,12.2,15.7,27.0,21.8,24.7,30.0,0.0,0.0,0.0,0.0,0.0,0.0,0.0,0.0,0.0,1197.8,12.00,16,16,16,39,55,661,1,72.9,72.2,73.0,68.7,71.0,71.6,70.6,68.9,66.9,67.5,66.8,66.0,63.7,63.9,63.4,56.5,52.0,1.344,1.031,1.337,13.860,11.127,13.864,73.384,39.183,4.302,5.604,6.102,4.960,4.274,3.217,3.814,3.492,2.953,18.630,11.467,30.096,39.255,1197.8,1197.8,4084.2,4084.6,4083.8,4084.6,44.6,23.1,81.5,76.0,54.0,No,No,No,1.575,0.527,6.5,50,95.0,100.0,No,No,91293,99096,35,99.0,No,No,3320,0.1,0.0,0.1,0.112,0.155,79776,50135,0.0,0.0,0.0,0.000,0.000,52,0,52.3,67.4,83.0,0.819,12.139,12.185,12.158,12.074,1132,51.952,19.972,30.373,8.761,42.323,25.427,16.873,0.336,30.373,21.034,3.397,20.820,220.000,240.000,1485.0,1750.2,1305.0,1511.1,1410.0,39.0,9.0,0.0,3.0,27.1,4.2,16.7,0.0,0.0,0.0,33,Yes,No,No,No,No,Yes,No,23.7,28.2,0,0,0,0,0,0,0,0,0,9,0,0,0,0,0,0,0,0,0,0,0,0,0,0,0,0,0,0,0,0,5976,2216,2051,93,8.0,239.7,258.1,220.7,210.6,215.8,208.1,0.0,0.0,0.0,0.0,0.0,0.0,4.17,4.50,3.82,3.54,4.64,4.92,0.41,0.26,4.06,0.11,0.00,0,0,0.0,0.0,13576,1181,2.0,1.8,0,
8.7.2026,15:18:51.574,18333,27660,39.8,13356,19326,40.8,0.5,13312,70,1.323,1.337,1.331,1.319,1.319,1.319,1.319,1.319,1.319,4070.8,4092.6,4067.7,4067.7,4067.7,4067.7,4067.7,4067.7,4067.7,99.8,1508.4,3607.5,2162.4,2910.9,1602.2,2033.4,1494.2,1701.3,1157.4,900.5,730.1,1373.3,1045.2,1148.4,897.0,755.1,615.0,1508.4,33.7,51.1,51.7,70.7,38.3,48.8,35.4,40.7,27.1,21.3,17.0,32.8,24.5,26.7,20.9,17.7,14.2,70.7,33.7,38.1,57.8,58.5,80.0,43.3,55.2,40.1,46.1,30.7,24.1,19.2,37.1,27.7,30.2,23.6,20.0,16.1,38.1,40.8,41.0,40.8,40.8,40.8,40.8,40.8,40.8,40.8,0.0,81.4,88.4,95.2,87.8,84.0,72.8,78.4,75.4,69.6,18.6,11.6,4.8,12.2,16.0,27.2,21.6,24.6,30.4,0.0,0.0,0.0,0.0,0.0,0.0,0.0,0.0,0.0,1197.8,12.00,16,16,16,39,55,661,1,72.8,72.3,71.5,68.7,71.2,71.5,70.7,68.9,67.0,67.6,66.8,66.1,63.7,63.9,63.4,54.5,52.4,1.350,1.025,1.350,14.153,11.151,14.154,73.302,39.550,4.325,5.687,6.059,4.955,4.293,3.222,3.863,3.536,2.988,18.989,11.489,30.478,39.638,1197.8,1197.8,4081.0,4081.1,4080.9,4081.1,45.0,23.6,81.4,76.1,54.7,No,No,No,1.607,0.550,6.5,50,95.0,100.0,No,No,91293,99096,35,99.0,No,No,3320,0.0,0.1,0.2,0.032,0.242,79776,50135,0.0,0.0,0.0,0.000,0.000,52,0,52.3,67.3,83.0,0.831,12.139,12.184,12.159,12.074,1131,51.989,20.633,32.113,9.358,43.481,25.621,17.841,0.336,32.113,21.053,3.367,21.051,220.000,240.000,1530.0,1750.2,1335.0,1490.8,1440.0,39.0,9.0,0.0,3.0,27.1,4.3,17.2,0.0,0.0,0.0,33,Yes,No,No,No,No,Yes,No,23.9,28.1,0,0,0,0,0,0,0,0,0,9,0,0,0,0,0,0,0,0,0,0,0,0,0,0,0,0,0,0,0,0,5976,2216,2051,93,8.0,239.8,260.3,226.1,215.5,220.8,213.1,239.8,242.5,237.3,236.5,236.7,236.5,4.17,4.49,3.81,3.66,4.57,4.72,0.46,0.21,4.05,0.12,0.10,0,0,0.0,0.0,13576,1181,4.8,3.8,0,
8.7.2026,15:18:53.567,18337,27657,39.8,13357,19324,40.8,0.5,13312,70,1.315,1.325,1.306,1.312,1.306,1.306,1.312,1.325,1.325,4067.7,4067.7,4067.7,4067.7,4067.7,4067.7,4067.7,4067.7,4067.7,99.8,1490.1,3614.1,2127.4,2938.0,1609.2,1936.3,1457.6,1690.1,1132.7,892.5,731.7,1307.7,997.6,1137.1,822.7,804.6,641.5,1490.1,33.6,51.9,51.2,71.6,38.8,46.6,34.7,40.8,26.9,21.6,17.5,31.5,23.8,26.8,19.6,19.3,15.4,71.6,33.6,37.6,58.4,57.5,80.8,43.5,52.4,38.8,45.7,30.0,23.9,19.3,35.1,26.3,29.8,21.6,21.2,16.8,37.6,40.8,40.8,40.8,40.8,40.8,40.8,40.8,40.8,40.8,0.0,81.4,88.6,95.9,87.2,83.7,72.8,77.7,74.7,70.3,18.6,11.4,4.1,12.8,16.3,27.2,22.3,25.3,29.7,0.0,0.0,0.0,0.0,0.0,0.0,0.0,0.0,0.0,1197.8,12.00,16,16,16,39,55,661,1,72.5,72.1,73.8,68.6,71.0,71.4,70.4,68.8,66.9,67.4,66.7,66.1,63.6,63.9,63.4,55.8,52.3,1.325,1.038,1.325,13.917,11.139,13.916,73.219,39.210,4.287,5.648,6.105,4.871,4.222,3.210,3.757,3.470,3.016,18.673,11.478,30.151,39.304,1197.8,1197.8,4080.8,4080.9,4080.7,4080.9,44.7,23.2,81.4,75.9,54.3,No,No,No,1.585,0.548,6.5,49,95.0,100.0,No,No,91293,99096,35,99.0,No,No,3320,0.0,0.0,0.0,0.000,0.112,79776,50136,0.0,0.0,0.0,0.000,0.000,52,0,52.3,67.6,83.0,0.819,12.140,12.185,12.160,12.075,1133,52.725,20.392,31.539,9.224,43.107,25.563,17.522,0.336,31.539,21.115,5.381,18.593,220.000,240.000,1500.0,1750.2,1305.0,1526.1,1410.0,40.0,9.0,0.0,3.0,27.1,4.3,17.1,0.0,0.0,0.0,33,Yes,No,No,No,No,Yes,No,23.9,27.4,0,0,0,0,0,0,0,0,0,9,0,0,0,0,0,0,0,0,0,0,0,0,0,0,0,0,0,0,0,0,5976,2216,2051,93,8.0,239.8,258.1,223.4,215.5,218.1,215.5,0.0,0.0,0.0,0.0,0.0,0.0,4.17,4.48,3.87,3.63,4.57,4.61,0.40,0.30,4.05,0.12,0.00,0,0,0.0,0.0,13576,1181,3.3,2.3,0,
8.7.2026,15:18:55.574,18333,27661,39.8,13361,19321,40.8,0.5,13312,70,1.341,1.331,1.325,1.325,1.350,1.350,1.350,1.350,1.350,4092.6,4092.6,4092.6,4092.6,4092.6,4092.6,4092.6,4092.6,4092.6,99.8,1479.3,3586.0,2087.9,1420.9,3096.8,1402.3,2110.4,1524.4,1362.3,805.5,753.9,1335.9,1002.6,1077.1,831.5,681.9,589.1,1479.3,32.9,51.0,49.7,33.9,75.3,33.1,50.6,36.3,32.0,18.9,17.5,31.7,23.4,24.9,19.2,16.0,13.6,75.3,32.9,37.3,57.8,56.3,38.3,85.3,37.5,57.3,41.1,36.2,21.4,19.8,35.9,26.4,28.2,21.7,18.0,15.3,37.3,41.0,41.0,41.0,41.0,41.0,41.0,41.0,41.0,41.0,0.0,81.7,87.8,96.1,88.3,84.2,73.7,78.5,75.5,69.9,18.3,12.2,3.9,11.7,15.8,26.3,21.5,24.5,30.1,0.0,0.0,0.0,0.0,0.0,0.0,0.0,0.0,0.0,1197.8,12.00,16,16,16,39,55,661,1,72.5,72.4,72.0,68.7,70.8,71.7,70.7,69.0,67.0,67.5,66.7,66.0,63.6,63.9,63.4,57.0,51.9,1.344,1.038,1.350,14.028,11.118,14.029,73.572,39.427,4.338,5.587,6.196,5.045,4.347,3.236,3.872,3.477,2.944,18.866,11.457,30.323,39.478,1197.8,1197.8,4085.7,4085.7,4085.7,4085.7,44.9,23.4,81.7,76.2,54.2,No,No,No,1.572,0.525,6.5,49,95.0,100.0,No,No,91293,99096,35,99.0,No,No,3320,0.0,0.0,0.0,0.000,0.063,79776,50136,0.0,0.0,0.0,0.000,0.000,52,0,52.4,67.5,83.0,0.825,12.138,12.184,12.158,12.073,1129,51.575,20.569,31.452,9.284,43.040,25.534,17.473,0.336,31.452,21.187,3.347,22.586,220.000,240.000,1515.0,1750.2,1320.0,1511.4,1425.0,38.0,9.0,0.0,3.0,27.1,4.0,16.0,0.0,0.0,0.0,33,Yes,No,No,No,No,Yes,No,23.6,28.3,0,0,0,0,0,0,0,0,0,9,0,0,0,0,0,0,0,0,0,0,0,0,0,0,0,0,0,0,0,0,5976,2216,2051,93,8.0,239.8,259.0,222.1,219.3,220.0,219.2,239.8,242.4,236.8,236.5,236.6,236.5,4.17,4.53,3.83,3.75,4.55,4.60,0.43,0.32,4.06,0.11,0.12,0,0,0.0,0.0,13576,1181,2.9,4.1,0,
8.7.2026,15:18:57.576,18348,27646,39.8,13382,19299,40.9,0.5,13312,70,1.304,1.319,1.306,1.300,1.300,1.300,1.300,1.300,1.306,4045.8,4067.7,4042.7,4042.7,4042.7,4042.7,4042.7,4042.7,4042.7,99.8,1521.6,3650.4,2118.8,1356.4,3111.6,1421.0,2151.1,1518.2,1460.9,889.4,760.8,1384.4,1044.6,1147.4,877.7,768.7,684.5,1521.6,34.0,52.8,50.5,32.1,75.8,33.5,51.6,36.1,34.5,20.9,17.7,32.9,24.3,26.5,20.3,18.0,15.8,75.8,34.0,38.4,59.7,57.1,36.4,85.7,37.9,58.4,40.9,39.0,23.7,20.0,37.3,27.5,30.0,22.9,20.4,17.9,38.4,40.5,40.8,40.5,40.5,40.5,40.5,40.5,40.5,40.5,0.0,82.9,89.5,95.7,88.8,85.7,75.0,79.9,76.7,72.0,17.1,10.5,4.3,11.2,14.3,25.0,20.1,23.3,28.0,0.0,0.0,0.0,0.0,0.0,0.0,0.0,0.0,0.0,1197.8,12.00,16,16,16,39,55,661,1,72.5,72.5,71.8,68.8,71.1,71.6,71.1,69.2,67.0,67.6,66.8,66.4,63.7,64.0,63.4,54.5,52.3,1.344,1.025,1.344,14.307,11.110,14.297,74.617,39.629,4.377,5.637,6.091,5.129,4.431,3.243,3.888,3.532,3.065,19.186,11.447,30.634,39.776,1197.8,1197.8,4079.5,4079.5,4079.5,4079.5,45.2,23.8,82.9,76.4,54.6,No,No,No,1.579,0.491,6.6,49,95.0,100.0,No,No,91293,99096,35,99.0,No,No,3320,0.1,0.0,0.1,0.106,0.010,79776,50136,0.0,0.0,0.0,0.000,0.000,52,0,52.1,67.0,83.0,0.800,12.142,12.189,12.161,12.077,1128,50.118,18.873,27.745,7.679,40.386,24.951,15.413,0.336,27.745,20.661,7.290,16.522,220.000,240.000,1440.0,1750.2,1260.0,1480.2,1365.0,37.0,8.0,0.0,3.0,27.1,3.9,15.5,0.0,0.0,0.0,33,Yes,No,No,No,No,Yes,No,22.5,25.2,0,0,0,0,0,0,0,0,0,9,0,0,0,0,0,0,0,0,0,0,0,0,0,0,0,0,0,0,0,0,5974,2218,2053,93,8.0,239.8,257.1,222.1,212.3,216.6,210.5,239.8,242.5,237.4,236.8,237.0,236.8,4.17,4.57,3.86,3.73,4.66,4.74,0.47,0.25,4.05,0.12,0.10,0,0,0.0,0.0,13576,1181,4.8,5.1,0,
8.7.2026,15:18:59.568,18364,27629,39.9,13361,19320,40.8,0.5,13312,70,1.316,1.306,1.312,1.319,1.319,1.319,1.319,1.319,1.319,4064.5,4042.7,4067.7,4067.7,4067.7,4067.7,4067.7,4067.7,4067.7,99.8,1481.2,3651.9,2104.9,1745.4,2651.0,1554.7,1940.7,1620.4,1247.1,834.5,718.2,1369.7,965.8,1120.5,828.3,704.0,642.0,1481.2,33.0,52.1,50.2,41.8,64.4,36.9,46.4,38.7,29.2,19.7,16.7,32.6,22.6,26.1,19.2,16.4,14.9,64.4,33.0,37.3,58.8,56.7,47.2,72.8,41.7,52.4,43.7,33.0,22.2,18.9,36.8,25.5,29.4,21.7,18.5,16.8,37.3,40.7,40.5,40.8,40.8,40.8,40.8,40.8,40.8,40.8,0.0,83.0,89.6,95.4,89.2,86.0,74.7,80.3,77.1,71.5,17.0,10.4,4.6,10.8,14.0,25.3,19.7,22.9,28.5,0.0,0.0,0.0,0.0,0.0,0.0,0.0,0.0,0.0,1197.8,12.00,16,16,16,39,55,661,1,72.2,72.3,72.5,68.7,71.0,71.4,70.7,68.9,67.0,67.5,66.7,66.1,63.7,64.0,63.4,53.2,51.5,1.344,1.025,1.344,14.147,11.116,14.150,74.686,39.474,4.298,5.601,5.967,4.990,4.329,3.220,3.831,3.494,2.955,18.944,11.457,30.401,39.544,1197.8,1197.8,4077.4,4077.4,4077.4,4077.4,44.9,23.6,83.0,76.1,54.9,No,No,No,1.505,0.373,6.6,50,95.0,100.0,No,No,91293,99096,35,99.0,No,No,3320,0.4,0.5,0.9,1.164,8.627,79779,50152,0.0,0.0,0.0,0.000,0.000,52,0,52.0,67.1,83.0,0.800,12.141,12.187,12.159,12.075,1130,49.174,19.237,28.498,8.105,41.147,25.286,15.832,0.336,28.498,21.078,3.267,20.329,220.000,240.000,1440.0,1750.2,1260.0,1414.5,1365.0,39.0,9.0,0.0,2.0,27.3,4.2,16.9,0.0,0.0,0.0,33,Yes,No,No,No,No,Yes,No,22.5,26.4,0,0,0,0,0,0,0,0,0,9,0,0,0,0,0,0,0,0,0,0,0,0,0,0,0,0,0,0,0,0,5959,2233,2068,90,8.0,239.8,261.9,221.6,210.6,214.6,209.9,0.0,0.0,0.0,0.0,0.0,0.0,4.17,4.55,3.79,3.56,4.66,4.71,0.41,0.29,4.06,0.11,0.00,0,0,0.0,0.0,13576,1181,3.1,1.8,0,
8.7.2026,15:19:1.576,18376,27618,39.9,13364,19318,40.8,0.5,13312,70,1.319,1.319,1.319,1.319,1.319,1.319,1.319,1.319,1.319,4067.7,4067.7,4067.7,4067.7,4067.7,4067.7,4067.7,4067.7,4067.7,99.8,1488.7,3672.8,1580.0,2921.4,1428.8,2262.9,1300.1,1702.1,1220.8,908.9,729.8,1473.3,996.2,1161.7,855.3,868.3,737.2,1488.7,33.7,63.3,37.1,70.8,33.8,54.4,30.5,40.6,28.6,21.4,16.9,35.1,23.3,26.9,19.9,20.4,17.0,70.8,33.7,38.1,71.5,41.9,80.0,38.1,61.4,34.4,45.9,32.3,24.2,19.1,39.7,26.3,30.3,22.5,23.1,19.2,38.1,40.8,40.8,40.8,40.8,40.8,40.8,40.8,40.8,40.8,0.0,83.9,90.1,94.7,89.7,86.5,76.1,81.6,78.5,73.6,16.1,9.9,5.3,10.3,13.5,23.9,18.4,21.5,26.4,0.0,0.0,0.0,0.0,0.0,0.0,0.0,0.0,0.0,1197.8,12.00,16,16,16,39,55,661,1,72.2,72.0,72.2,68.7,70.8,70.9,70.8,69.0,67.0,67.7,66.8,66.3,63.6,63.9,63.4,56.0,52.2,1.337,1.031,1.344,14.089,11.119,14.093,75.469,39.433,4.330,5.575,5.777,5.073,4.357,3.264,3.945,3.557,3.090,18.874,11.459,30.334,39.482,1197.8,1197.8,4077.8,4077.8,4077.8,4077.8,44.9,23.5,83.9,75.8,54.3,No,No,No,1.522,0.374,6.7,49,95.0,100.0,No,No,91293,99096,35,99.0,No,No,3320,0.0,0.0,0.1,0.030,0.104,79779,50152,0.0,0.0,0.0,0.000,0.000,52,0,51.9,66.8,83.0,0.781,12.147,12.194,12.165,12.082,1132,49.791,19.474,26.538,7.292,39.926,25.154,14.743,0.336,26.538,21.011,17.841,15.364,220.000,240.000,1395.0,1750.2,1215.0,1437.2,1320.0,40.0,9.0,0.0,2.0,27.3,4.0,16.1,0.0,0.0,0.0,33,Yes,No,No,No,No,Yes,No,21.6,26.1,0,0,0,0,0,0,0,0,0,9,0,0,0,0,0,0,0,0,0,0,0,0,0,0,0,0,0,0,0,0,5954,2238,2073,90,8.0,239.8,256.9,226.3,211.0,216.3,210.0,239.8,242.1,237.5,237.2,237.4,237.2,4.17,4.44,3.91,3.71,4.62,4.73,0.50,0.24,4.06,0.12,0.09,0,0,0.0,0.0,13576,1181,3.0,2.6,0,
8.7.2026,15:19:3.563,18384,27609,39.9,13383,19299,40.9,0.5,13312,70,1.327,1.331,1.331,1.325,1.325,1.325,1.325,1.325,1.325,4070.8,4092.6,4067.7,4067.7,4067.7,4067.7,4067.7,4067.7,4067.7,99.8,1431.7,3645.0,1537.0,3020.5,1302.0,2070.8,1277.8,1513.6,1340.9,781.1,753.1,1138.1,1199.5,1008.5,981.4,671.0,666.3,1431.7,32.4,62.0,36.2,73.4,30.9,49.7,30.1,36.1,31.7,18.4,17.6,26.9,28.4,23.3,23.0,15.6,15.7,73.4,32.4,36.6,70.1,40.9,83.0,34.9,56.1,34.0,40.8,35.9,20.8,19.8,30.4,32.1,26.3,26.0,17.6,17.7,36.6,40.8,41.0,40.8,40.8,40.8,40.8,40.8,40.8,40.8,0.0,82.1,89.4,94.6,87.5,85.2,73.6,79.0,76.5,70.7,17.9,10.6,5.4,12.5,14.8,26.4,21.0,23.5,29.3,0.0,0.0,0.0,0.0,0.0,0.0,0.0,0.0,0.0,1197.8,12.00,16,16,16,39,55,661,1,72.2,72.6,73.5,68.8,70.9,71.2,70.6,69.4,67.1,67.7,67.2,66.6,63.6,63.9,63.4,56.8,52.7,1.356,1.038,1.356,13.951,11.080,13.954,73.856,39.218,4.322,5.532,5.846,4.881,4.422,3.271,3.895,3.642,3.087,18.698,11.417,30.115,39.257,1197.8,1197.8,4076.9,4076.9,4076.9,4076.9,44.6,23.3,82.1,76.4,53.9,No,No,No,1.509,0.391,6.6,49,95.0,100.0,No,No,91293,99096,35,99.0,No,No,3320,0.0,0.0,0.0,0.000,0.004,79779,50152,0.0,0.0,0.0,0.000,0.000,52,0,52.0,67.3,83.0,0.800,12.141,12.187,12.160,12.076,1129,49.768,19.656,29.300,8.287,41.781,25.480,16.278,0.336,29.300,21.082,7.819,16.897,220.000,240.000,1440.0,1750.2,1260.0,1400.7,1365.0,39.0,9.0,0.0,2.0,27.3,4.2,16.6,0.0,0.0,0.0,33,Yes,No,No,No,No,Yes,No,22.9,27.9,0,0,0,0,0,0,0,0,0,9,0,0,0,0,0,0,0,0,0,0,0,0,0,0,0,0,0,0,0,0,5954,2238,2073,89,8.0,239.8,263.1,223.2,107.5,151.8,93.1,238.7,242.3,237.2,135.4,178.9,120.0,4.17,4.49,3.75,0.62,6.61,10.70,0.51,0.30,4.06,0.11,0.17,0,0,0.0,0.0,13576,1181,2.3,2.0,0,
8.7.2026,15:19:5.568,18389,27605,39.9,13388,19294,40.9,0.5,13312,70,1.324,1.325,1.319,1.319,1.325,1.325,1.331,1.325,1.325,4067.7,4067.7,4067.7,4067.7,4067.7,4067.7,4067.7,4067.7,4067.7,99.8,1382.8,3620.2,1444.3,1827.5,2424.2,1644.0,1651.0,1262.8,1525.6,661.3,761.1,1055.9,1202.6,869.8,969.9,601.5,602.8,1382.8,31.4,63.6,33.9,43.9,58.7,39.2,39.2,30.0,36.3,15.4,17.8,25.0,28.4,19.8,22.7,14.0,14.0,63.6,31.4,35.4,71.9,38.3,49.6,66.4,44.3,44.3,33.8,41.0,17.4,20.1,28.2,32.1,22.4,25.6,15.7,15.7,35.4,40.8,40.8,40.8,40.8,40.8,40.8,40.8,40.8,40.8,0.0,81.1,88.7,94.3,87.2,84.3,72.0,78.2,74.7,69.3,18.9,11.3,5.7,12.8,15.7,28.0,21.8,25.3,30.7,0.0,0.0,0.0,0.0,0.0,0.0,0.0,0.0,0.0,1197.8,12.00,16,16,16,39,55,661,1,72.2,71.8,72.5,68.2,70.5,71.0,70.1,68.5,66.4,67.1,66.3,65.8,63.5,63.8,63.2,55.0,52.2,1.350,1.038,1.344,13.622,11.083,13.617,72.972,38.701,4.181,5.505,5.819,4.796,4.198,3.081,3.777,3.397,2.873,18.275,11.420,29.695,38.821,1197.8,1197.8,4082.7,4082.8,4082.6,4082.8,44.1,22.7,81.1,75.6,54.5,No,No,No,1.472,0.391,6.5,49,95.0,100.0,No,No,91293,99096,35,99.0,No,No,3320,0.0,0.0,0.0,0.000,0.087,79779,50152,0.0,0.0,0.0,0.000,0.000,52,0,52.2,67.2,83.0,0.812,12.144,12.191,12.162,12.079,1131,51.333,20.165,30.643,8.753,42.702,25.655,17.024,0.336,30.643,21.136,3.480,21.275,220.000,240.000,1455.0,1750.2,1275.0,1467.1,1380.0,39.0,10.0,0.0,2.0,27.3,4.1,16.6,0.0,0.0,0.0,33,Yes,No,No,No,No,Yes,No,23.5,26.7,0,0,0,0,0,0,0,0,0,9,0,0,0,0,0,0,0,0,0,0,0,0,0,0,0,0,0,0,0,0,5953,2239,2074,89,8.0,239.7,256.4,226.4,208.6,217.4,204.7,239.8,242.8,237.0,236.6,236.8,236.6,4.17,4.48,3.88,3.72,4.64,4.92,0.46,0.24,4.06,0.11,0.10,0,0,0.0,0.0,13576,1181,2.5,1.6,0,
8.7.2026,15:19:7.565,18335,27659,39.8,13361,19321,40.8,0.5,13312,70,1.323,1.325,1.312,1.319,1.319,1.319,1.319,1.337,1.337,4086.4,4067.7,4067.7,4092.6,4092.6,4092.6,4092.6,4092.6,4092.6,99.8,1373.9,3598.0,1468.4,1330.4,2976.7,1475.2,1711.6,1185.9,1538.2,612.4,777.8,1056.3,1198.0,848.2,1040.5,539.9,625.1,1373.9,31.1,63.6,34.4,31.5,72.4,34.8,40.7,27.9,36.5,14.1,18.0,24.8,28.2,19.2,24.4,12.3,14.4,72.4,31.1,35.3,72.0,39.0,35.8,82.1,39.5,46.1,31.6,41.4,16.1,20.5,28.2,32.0,21.8,27.7,14.0,16.4,35.3,40.9,40.8,40.8,41.0,41.0,41.0,41.0,41.0,41.0,0.0,80.1,88.1,95.0,85.3,82.6,71.0,77.0,73.6,67.9,19.9,11.9,5.0,14.7,17.4,29.0,23.0,26.4,32.1,0.0,0.0,0.0,0.0,0.0,0.0,0.0,0.0,0.0,1197.8,12.00,16,16,16,39,55,661,1,72.1,71.9,72.8,68.3,70.6,71.2,69.9,68.6,66.4,67.2,66.5,65.8,63.5,63.8,63.2,55.2,52.5,1.350,1.031,1.350,13.620,11.103,13.624,72.052,38.790,4.189,5.537,5.966,4.680,4.152,3.063,3.799,3.449,2.868,18.285,11.440,29.726,38.866,1197.8,1197.8,4084.4,4084.8,4084.1,4084.8,44.2,22.7,80.1,75.7,54.4,No,No,No,1.496,0.413,6.4,49,95.0,100.0,No,No,91293,99096,35,99.0,No,No,3320,0.0,0.0,0.1,0.008,0.073,79779,50153,0.0,0.0,0.0,0.000,0.000,52,0,52.1,67.1,83.0,0.812,12.141,12.188,12.160,12.075,1129,51.204,19.095,29.286,8.203,41.490,25.189,16.270,0.336,29.286,20.722,3.354,16.814,220.000,240.000,1470.0,1750.2,1290.0,1456.7,1395.0,36.0,8.0,0.0,3.0,27.3,4.0,16.1,0.0,0.0,0.0,33,Yes,No,No,No,No,Yes,No,22.7,27.4,0,0,0,0,0,0,0,0,0,9,0,0,0,0,0,0,0,0,0,0,0,0,0,0,0,0,0,0,0,0,5953,2239,2074,89,8.0,239.7,255.1,223.3,217.9,220.7,216.6,239.8,242.2,237.6,236.0,236.7,235.7,4.17,4.54,3.89,3.75,4.57,4.60,0.48,0.33,4.06,0.11,0.11,0,0,0.0,0.0,13576,1181,3.5,5.0,0,
8.7.2026,15:19:9.572,18338,27656,39.8,13366,19316,40.8,0.5,13312,70,1.324,1.325,1.319,1.325,1.325,1.325,1.325,1.325,1.325,4067.7,4067.7,4067.7,4067.7,4067.7,4067.7,4067.7,4067.7,4067.7,99.8,1374.7,3607.6,1455.0,1417.3,2890.4,1430.8,1697.6,1207.2,1477.1,692.4,825.3,1006.9,1162.3,830.3,1028.5,563.3,703.2,1374.7,31.0,63.2,34.1,33.6,70.3,33.6,40.3,28.4,34.9,16.1,19.2,23.6,27.4,18.7,24.1,12.8,16.2,70.3,31.0,35.2,71.6,38.7,38.1,79.7,38.1,45.7,32.3,39.6,18.3,21.9,26.8,31.2,21.3,27.3,14.6,18.5,35.2,40.8,40.8,40.8,40.8,40.8,40.8,40.8,40.8,40.8,0.0,79.9,88.3,94.5,85.2,82.4,71.2,76.1,73.4,67.9,20.1,11.7,5.5,14.8,17.6,28.8,23.9,26.6,32.1,0.0,0.0,0.0,0.0,0.0,0.0,0.0,0.0,0.0,1197.8,12.00,16,16,16,39,55,661,1,72.0,71.7,73.8,68.1,70.7,71.0,69.8,68.3,66.6,66.9,66.3,65.5,63.4,63.7,63.1,54.0,51.9,1.344,1.038,1.344,13.519,11.071,13.519,71.891,38.630,4.176,5.628,5.923,4.645,4.111,3.168,3.664,3.411,2.862,18.169,11.407,29.576,38.704,1197.8,1197.8,4085.0,4085.6,4084.4,4085.6,44.0,22.5,79.9,75.5,54.2,No,No,No,1.458,0.386,6.4,49,95.0,100.0,No,No,91293,99096,35,99.0,No,No,3320,0.0,0.1,0.1,0.000,0.094,79779,50153,0.0,0.0,0.0,0.000,0.000,52,0,51.8,67.0,83.0,0.787,12.141,12.189,12.159,12.075,1129,49.441,18.379,26.809,7.350,40.150,25.225,14.894,0.336,26.809,21.019,2.891,18.301,220.000,240.000,1410.0,1750.2,1230.0,1431.8,1335.0,38.0,9.0,0.0,2.0,27.3,4.0,16.0,0.0,0.0,0.0,33,Yes,No,No,No,No,Yes,No,21.7,26.0,0,0,0,0,0,0,0,0,0,9,0,0,0,0,0,0,0,0,0,0,0,0,0,0,0,0,0,0,0,0,5953,2239,2074,90,8.0,239.8,258.6,225.5,218.7,221.4,218.0,239.8,242.5,237.4,237.0,237.1,237.0,4.17,4.45,3.86,3.79,4.53,4.64,0.49,0.26,4.06,0.11,0.10,0,0,0.0,0.0,13576,1181,2.8,2.0,0,
8.7.2026,15:19:11.569,18337,27657,39.8,13363,19318,40.8,0.5,13312,70,1.319,1.319,1.319,1.319,1.319,1.319,1.319,1.319,1.319,4067.7,4067.7,4067.7,4067.7,4067.7,4067.7,4067.7,4067.7,4067.7,99.8,1395.6,3580.5,1502.1,3090.4,1274.9,2052.0,1239.8,1404.4,1290.0,728.7,781.8,1018.0,1194.6,932.2,975.5,634.4,629.8,1395.6,31.7,62.4,35.4,75.1,30.2,49.3,29.2,33.3,30.5,17.1,18.3,24.1,28.3,21.4,23.0,14.8,14.7,75.1,31.7,35.8,70.7,40.1,85.0,34.1,55.7,33.0,37.7,34.5,19.3,20.6,27.2,32.0,24.2,25.9,16.7,16.6,35.8,40.8,40.8,40.8,40.8,40.8,40.8,40.8,40.8,40.8,0.0,79.8,87.7,94.3,85.4,82.2,70.9,76.0,73.8,67.8,20.2,12.3,5.7,14.6,17.8,29.1,24.0,26.2,32.2,0.0,0.0,0.0,0.0,0.0,0.0,0.0,0.0,0.0,1197.8,12.00,16,16,16,39,55,661,1,71.9,71.8,70.5,68.2,70.5,71.1,69.9,68.5,66.5,67.0,66.4,65.6,63.4,63.7,63.1,56.8,52.1,1.337,1.031,1.344,13.472,11.068,13.478,71.785,38.566,4.182,5.482,5.922,4.745,4.158,3.121,3.694,3.454,2.880,18.093,11.402,29.495,38.634,1197.8,1197.8,4084.3,4084.9,4083.6,4084.9,43.9,22.5,79.8,75.6,53.9,No,No,No,1.466,0.377,6.4,49,95.0,100.0,No,No,91293,99096,35,99.0,No,No,3320,0.0,0.0,0.0,0.008,0.022,79779,50153,0.0,0.0,0.0,0.000,0.000,52,0,51.8,66.7,83.0,0.794,12.142,12.188,12.160,12.077,1131,49.292,18.171,27.265,7.630,40.481,25.313,15.146,0.336,27.265,21.170,3.045,14.061,220.000,240.000,1425.0,1750.2,1245.0,1408.1,1350.0,36.0,9.0,0.0,2.0,27.3,4.0,16.1,0.0,0.0,0.0,33,Yes,No,No,No,No,Yes,No,22.0,25.0,0,0,0,0,0,0,0,0,0,9,0,0,0,0,0,0,0,0,0,0,0,0,0,0,0,0,0,0,0,0,5953,2239,2074,90,8.0,239.8,266.4,223.8,211.5,216.9,209.5,0.0,0.0,0.0,0.0,0.0,0.0,4.17,4.48,3.79,3.69,4.59,4.70,0.42,0.24,4.05,0.12,0.00,0,0,0.0,0.0,13576,1181,2.9,2.1,0,
8.7.2026,15:19:13.565,18340,27654,39.8,13368,19314,40.9,0.5,13312,70,1.315,1.325,1.306,1.306,1.306,1.319,1.319,1.319,1.319,4067.7,4067.7,4067.7,4067.7,4067.7,4067.7,4067.7,4067.7,4067.7,99.8,1420.8,3604.8,1528.8,3029.8,1357.4,2103.0,1354.2,1372.1,1405.0,695.7,792.4,1095.8,1170.2,917.7,987.3,628.1,690.3,1420.8,32.0,61.8,35.7,73.4,31.9,50.2,31.7,32.4,33.1,16.2,18.3,25.7,27.4,20.9,23.0,14.5,15.8,73.4,32.0,36.3,70.1,40.4,83.2,36.2,56.9,36.0,36.7,37.6,18.4,20.8,29.2,31.1,23.7,26.1,16.5,18.0,36.3,40.8,40.8,40.8,40.8,40.8,40.8,40.8,40.8,40.8,0.0,81.4,88.2,94.3,88.0,84.3,72.9,78.2,75.1,69.9,18.6,11.8,5.7,12.0,15.7,27.1,21.8,24.9,30.1,0.0,0.0,0.0,0.0,0.0,0.0,0.0,0.0,0.0,1197.8,12.00,16,16,16,39,55,661,1,72.0,71.9,73.2,68.4,70.7,71.1,70.5,68.6,66.6,67.2,66.5,65.9,63.5,63.9,63.2,55.5,52.8,1.337,1.038,1.344,13.749,11.091,13.741,73.227,38.941,4.253,5.547,5.886,4.995,4.231,3.154,3.813,3.450,2.944,18.488,11.427,29.915,39.037,1197.8,1197.8,4086.1,4086.2,4085.9,4086.2,44.4,22.9,81.4,75.7,54.2,No,No,No,1.460,0.369,6.5,50,95.0,100.0,No,No,91293,99096,35,99.0,No,No,3320,0.0,0.0,0.0,0.000,0.034,79779,50153,0.0,0.0,0.0,0.000,0.000,52,0,51.8,67.1,83.0,0.794,12.143,12.191,12.161,12.078,1128,49.120,18.408,27.442,7.656,40.631,25.363,15.244,0.336,27.442,21.170,2.939,15.853,220.000,240.000,1425.0,1750.2,1245.0,1410.0,1350.0,38.0,9.0,0.0,2.0,27.3,4.0,16.0,0.0,0.0,0.0,33,Yes,No,No,No,No,Yes,No,22.1,26.2,0,0,0,0,0,0,0,0,0,9,0,0,0,0,0,0,0,0,0,0,0,0,0,0,0,0,0,0,0,0,5953,2239,2074,90,8.0,239.8,258.6,222.2,214.8,218.4,213.3,0.0,0.0,0.0,0.0,0.0,0.0,4.17,4.54,3.84,3.53,4.61,4.73,0.41,0.29,4.05,0.12,0.00,0,0,0.0,0.0,13576,1181,2.5,2.3,0,
8.7.2026,15:19:15.572,18341,27653,39.8,13365,19316,40.8,0.5,13312,70,1.320,1.325,1.331,1.337,1.312,1.312,1.312,1.312,1.312,4070.8,4067.7,4092.6,4067.7,4067.7,4067.7,4067.7,4067.7,4067.7,99.8,1418.1,3569.3,2054.2,2301.6,2058.7,1576.4,1713.5,1419.1,1267.2,661.0,773.3,1097.8,1054.7,973.1,910.6,573.3,685.6,1418.1,31.5,49.7,49.0,55.6,49.6,37.6,40.8,33.7,30.0,15.6,18.1,26.0,24.8,22.5,21.3,13.4,16.1,55.6,31.5,35.5,56.2,55.4,62.9,56.1,42.5,46.1,38.1,33.8,17.5,20.3,29.3,28.0,25.4,24.0,15.0,18.0,35.5,40.8,40.8,41.0,40.8,40.8,40.8,40.8,40.8,40.8,0.0,79.8,87.4,94.7,86.1,82.6,70.7,75.9,73.6,67.7,20.2,12.6,5.3,13.9,17.4,29.3,24.1,26.4,32.3,0.0,0.0,0.0,0.0,0.0,0.0,0.0,0.0,0.0,1197.8,12.00,16,16,16,39,55,661,1,72.0,71.9,72.2,68.3,70.6,71.1,70.2,68.5,66.5,67.0,66.5,65.7,63.5,63.8,63.2,56.0,51.8,1.356,1.025,1.356,13.549,11.103,13.551,71.858,38.691,4.182,5.492,5.931,4.776,4.161,3.097,3.677,3.436,2.886,18.198,11.439,29.637,38.770,1197.8,1197.8,4085.5,4085.8,4085.3,4085.8,44.1,22.6,79.8,75.7,54.2,No,No,No,1.454,0.386,6.4,49,95.0,100.0,No,No,91293,99096,35,99.0,No,No,3320,0.0,0.0,0.0,0.002,0.096,79779,50153,0.0,0.0,0.0,0.000,0.000,52,0,52.0,67.2,83.0,0.800,12.140,12.185,12.159,12.075,1132,50.151,19.262,28.534,8.116,41.377,25.502,15.852,0.336,28.534,21.278,3.105,19.984,220.000,240.000,1440.0,1750.2,1260.0,1423.6,1365.0,38.0,9.0,0.0,2.0,27.4,4.0,16.0,0.0,0.0,0.0,33,Yes,No,No,No,No,Yes,No,22.6,27.7,0,0,0,0,0,0,0,0,0,9,0,0,0,0,0,0,0,0,0,0,0,0,0,0,0,0,0,0,0,0,5951,2241,2076,90,8.0,239.8,256.3,220.6,212.8,215.2,212.6,239.8,243.2,236.9,235.2,235.9,235.0,4.17,4.53,3.88,3.67,4.68,4.76,0.40,0.22,4.06,0.11,0.11,0,0,0.0,0.0,13576,1181,17.4,5.4,0,
8.7.2026,15:19:17.564,18342,27652,39.8,13368,19313,40.9,0.5,13312,70,1.325,1.331,1.325,1.325,1.319,1.325,1.325,1.325,1.325,4067.7,4067.7,4067.7,4067.7,4067.7,4067.7,4067.7,4067.7,4067.7,99.8,1449.8,3579.8,2138.2,1316.3,3047.7,1262.8,2042.6,1397.5,1337.0,775.9,775.2,1301.8,964.4,965.4,935.8,661.3,695.6,1449.8,32.1,48.7,51.1,31.2,74.3,29.7,48.9,33.4,31.5,18.3,18.0,31.0,22.5,22.3,21.8,15.3,16.1,74.3,32.1,36.4,55.1,57.9,35.4,84.1,33.7,55.3,37.8,35.7,20.7,20.4,35.1,25.5,25.2,24.7,17.4,18.3,36.4,40.8,40.8,40.8,40.8,40.8,40.8,40.8,40.8,40.8,0.0,80.1,87.7,94.9,85.8,82.1,71.2,76.6,73.9,68.6,19.9,12.3,5.1,14.2,17.9,28.8,23.4,26.1,31.4,0.0,0.0,0.0,0.0,0.0,0.0,0.0,0.0,0.0,1197.8,12.00,16,16,16,39,55,661,1,72.0,72.0,71.2,68.3,70.5,71.2,70.1,68.5,66.6,67.0,66.5,65.7,63.4,63.7,63.1,54.0,52.2,1.337,1.038,1.344,13.669,11.116,13.664,72.093,38.824,4.202,5.476,5.974,4.775,4.148,3.170,3.722,3.431,2.921,18.351,11.453,29.804,38.926,1197.8,1197.8,4083.1,4083.7,4082.5,4083.7,44.2,22.8,80.1,75.8,54.4,No,No,No,1.473,0.376,6.4,50,95.0,100.0,No,No,91293,99096,35,99.0,No,No,3320,0.1,0.2,0.3,0.098,0.421,79779,50154,0.0,0.0,0.0,0.000,0.000,52,0,52.0,67.0,83.0,0.806,12.141,12.187,12.160,12.075,1132,50.221,19.418,29.173,8.482,41.672,25.442,16.207,0.336,29.173,21.309,3.145,19.241,220.000,240.000,1455.0,1750.2,1275.0,1448.3,1380.0,38.0,9.0,0.0,2.0,27.4,3.8,15.3,0.0,0.0,0.0,33,Yes,No,No,No,No,Yes,No,22.9,25.6,0,0,0,0,0,0,0,0,0,9,0,0,0,0,0,0,0,0,0,0,0,0,0,0,0,0,0,0,0,0,5951,2241,2076,90,8.0,239.7,261.0,219.6,216.3,216.9,216.3,0.0,0.0,0.0,0.0,0.0,0.0,4.17,4.56,3.84,3.68,4.63,4.69,0.39,0.31,4.06,0.12,0.00,0,0,0.0,0.0,13576,1181,6.7,5.8,0,
8.7.2026,15:19:19.575,18344,27650,39.8,13368,19313,40.9,0.5,13312,70,1.340,1.325,1.331,1.344,1.344,1.344,1.344,1.344,1.344,4092.6,4092.6,4092.6,4092.6,4092.6,4092.6,4092.6,4092.6,4092.6,99.8,1505.5,3655.4,2140.9,1306.7,2972.5,1311.4,2214.1,1457.7,1446.2,797.8,823.8,1316.8,1047.2,1065.8,967.0,769.9,795.4,1505.5,33.6,50.5,51.2,31.0,72.4,31.1,53.4,34.7,34.3,18.9,19.3,31.4,24.5,24.9,22.6,18.3,18.6,72.4,33.6,37.9,57.1,57.9,35.0,81.8,35.1,60.3,39.2,38.7,21.3,21.8,35.5,27.7,28.1,25.5,20.6,21.0,37.9,41.0,41.0,41.0,41.0,41.0,41.0,41.0,41.0,41.0,0.0,81.9,89.6,94.2,88.1,84.5,73.0,78.4,75.7,71.6,18.1,10.4,5.8,11.9,15.5,27.0,21.6,24.3,28.4,0.0,0.0,0.0,0.0,0.0,0.0,0.0,0.0,0.0,1197.8,12.00,16,16,16,39,55,661,1,72.2,72.8,70.8,68.8,71.2,71.2,70.8,68.8,67.1,67.8,67.0,66.8,63.6,63.8,63.3,55.5,52.0,1.344,1.031,1.350,14.211,11.136,14.217,73.697,39.618,4.347,5.665,5.842,5.018,4.236,3.284,3.905,3.578,3.247,19.056,11.477,30.533,39.684,1197.8,1197.8,4078.1,4078.2,4078.0,4078.2,45.1,23.7,81.9,76.6,54.6,No,No,No,1.601,0.396,6.6,49,95.0,100.0,No,No,91293,99096,35,99.0,No,No,3320,0.1,0.7,0.8,0.139,7.677,79779,50169,0.0,0.0,0.0,0.000,0.000,52,0,51.8,66.9,83.0,0.794,12.141,12.187,12.160,12.077,1129,48.210,18.690,27.912,7.934,41.076,25.554,15.506,0.336,27.912,21.422,2.939,16.307,220.000,240.000,1425.0,1750.2,1245.0,1398.3,1350.0,40.0,9.0,0.0,2.0,27.4,4.0,16.1,0.0,0.0,0.0,33,Yes,No,No,No,No,Yes,No,22.4,26.2,0,0,0,0,0,0,0,0,0,9,0,0,0,0,0,0,0,0,0,0,0,0,0,0,0,0,0,0,0,0,5951,2241,2076,91,8.0,239.8,259.9,222.0,214.5,216.9,214.4,239.8,243.0,237.0,236.4,236.7,236.3,4.17,4.57,3.79,3.57,4.64,4.69,0.47,0.26,4.06,0.11,0.10,0,0,0.0,0.0,13576,1181,2.6,2.0,0,
8.7.2026,15:19:21.572,18348,27645,39.8,13374,19308,40.9,0.5,13312,70,1.323,1.319,1.312,1.325,1.325,1.325,1.325,1.325,1.325,4067.7,4067.7,4067.7,4067.7,4067.7,4067.7,4067.7,4067.7,4067.7,99.8,1517.8,3669.1,2331.8,2565.0,1871.9,1772.0,1683.9,1692.4,1219.5,874.9,839.9,1352.2,1025.2,1115.1,871.8,677.1,723.2,1517.8,33.7,49.7,55.9,62.2,44.9,42.3,39.9,40.5,28.5,20.7,19.5,32.1,23.9,25.9,20.1,15.7,16.7,62.2,33.7,38.1,56.3,63.3,70.4,50.8,47.9,45.2,45.8,32.3,23.4,22.1,36.4,27.0,29.3,22.8,17.8,18.9,38.1,40.8,40.8,40.8,40.8,40.8,40.8,40.8,40.8,40.8,0.0,82.5,89.9,94.7,87.9,85.2,74.7,79.3,76.9,71.4,17.5,10.1,5.3,12.1,14.8,25.3,20.7,23.1,28.6,0.0,0.0,0.0,0.0,0.0,0.0,0.0,0.0,0.0,1197.8,12.00,16,16,16,39,55,661,1,72.4,72.2,73.8,68.5,71.1,71.1,70.5,68.8,66.8,67.3,66.6,65.9,63.5,63.8,63.2,53.5,51.7,1.344,1.031,1.344,14.142,11.198,14.136,74.244,39.559,4.331,5.816,5.923,4.941,4.357,3.272,3.845,3.495,2.995,18.979,11.535,30.514,39.657,1197.8,1197.8,4082.1,4082.1,4082.1,4082.3,45.1,23.6,82.5,76.0,54.6,No,No,No,1.577,0.502,6.6,50,95.0,100.0,No,No,91293,99096,35,99.0,No,No,3320,0.0,0.0,0.0,0.000,0.016,79779,50169,0.0,0.0,0.0,0.000,0.000,52,0,52.1,67.1,83.0,0.825,12.135,12.181,12.155,12.069,1132,52.037,19.675,30.467,8.612,42.142,25.200,16.924,0.336,30.467,20.618,3.306,18.676,220.000,240.000,1515.0,1750.2,1320.0,1494.3,1425.0,37.0,8.0,0.0,3.0,27.4,4.1,16.4,0.0,0.0,0.0,33,Yes,No,No,No,No,Yes,No,23.2,27.3,0,0,0,0,0,0,0,0,0,9,0,0,0,0,0,0,0,0,0,0,0,0,0,0,0,0,0,0,0,0,5950,2242,2076,90,8.0,239.7,258.2,224.2,213.8,217.4,213.2,0.0,0.0,0.0,0.0,0.0,0.0,4.17,4.50,3.85,3.71,4.59,4.65,0.36,0.31,4.06,0.11,0.00,0,0,0.0,0.0,13576,1181,2.3,2.1,0,
8.7.2026,15:19:23.565,18352,27642,39.9,13372,19310,40.9,0.5,13312,70,1.333,1.319,1.331,1.331,1.331,1.337,1.337,1.337,1.337,4089.5,4067.7,4092.6,4092.6,4092.6,4092.6,4092.6,4092.6,4092.6,99.8,1439.6,3646.1,2258.6,2997.8,1331.7,1862.7,1435.2,1666.3,1090.6,782.3,729.1,1330.2,897.8,1048.7,788.7,537.7,629.9,1439.6,31.8,48.9,54.2,72.9,31.7,44.6,33.9,39.9,25.5,18.5,16.9,31.8,20.8,24.3,18.2,12.5,14.7,72.9,31.8,36.0,55.3,61.3,82.5,35.8,50.5,38.3,45.2,28.8,20.9,19.1,35.9,23.5,27.5,20.6,14.1,16.6,36.0,41.0,40.8,41.0,41.0,41.0,41.0,41.0,41.0,41.0,0.0,81.1,89.3,94.7,86.8,83.8,72.7,77.5,74.9,69.0,18.9,10.7,5.3,13.2,16.2,27.3,22.5,25.1,31.0,0.0,0.0,0.0,0.0,0.0,0.0,0.0,0.0,0.0,1197.8,12.00,16,16,16,39,55,661,1,72.4,72.3,71.0,68.5,71.4,71.2,70.4,68.7,66.7,67.1,66.5,65.6,63.5,63.8,63.2,56.5,51.9,1.369,1.025,1.363,13.907,11.138,13.910,72.981,39.236,4.260,5.834,5.939,4.841,4.240,3.176,3.745,3.452,2.852,18.677,11.475,30.152,39.304,1197.8,1197.8,4084.3,4084.5,4084.2,4084.5,44.7,23.2,81.1,76.1,54.6,No,No,No,1.541,0.526,6.5,49,95.0,100.0,No,No,91293,99096,35,99.0,No,No,3320,0.1,0.0,0.1,0.151,0.004,79779,50169,0.0,0.0,0.0,0.000,0.000,52,0,52.1,67.4,83.0,0.812,12.141,12.187,12.160,12.076,1131,51.660,19.703,29.931,8.616,42.110,25.456,16.629,0.336,29.931,21.119,3.301,19.599,220.000,240.000,1470.0,1750.2,1290.0,1491.8,1395.0,39.0,9.0,0.0,3.0,27.4,4.2,16.8,0.0,0.0,0.0,33,Yes,No,No,No,No,Yes,No,23.2,27.6,0,0,0,0,0,0,0,0,0,9,0,0,0,0,0,0,0,0,0,0,0,0,0,0,0,0,0,0,0,0,5950,2242,2076,90,8.0,239.8,261.4,225.0,212.0,218.9,208.5,239.8,242.4,237.2,235.9,236.6,235.5,4.17,4.47,3.78,3.61,4.59,4.81,0.43,0.27,4.06,0.11,0.11,0,0,0.0,0.0,13576,1181,2.0,1.1,0,
8.7.2026,15:19:25.566,18358,27636,39.9,13381,19301,40.9,0.5,13312,70,1.323,1.319,1.319,1.319,1.325,1.325,1.325,1.325,1.325,4067.7,4067.7,4067.7,4067.7,4067.7,4067.7,4067.7,4067.7,4067.7,99.8,1477.1,3637.1,2255.0,2579.6,1790.6,1667.9,1687.9,1685.4,1263.8,751.8,770.4,1339.8,1005.6,1038.4,836.8,615.4,708.0,1477.1,32.7,50.6,54.1,62.5,42.8,39.7,40.0,40.3,29.6,17.6,17.8,31.8,23.4,24.0,19.2,14.2,16.3,62.5,32.7,37.1,57.2,61.2,70.8,48.5,44.9,45.3,45.7,33.5,20.0,20.2,36.0,26.5,27.1,21.8,16.1,18.5,37.1,40.8,40.8,40.8,40.8,40.8,40.8,40.8,40.8,40.8,0.0,81.7,89.1,94.7,87.1,84.8,73.5,78.6,75.0,70.7,18.3,10.9,5.3,12.9,15.2,26.5,21.4,25.0,29.3,0.0,0.0,0.0,0.0,0.0,0.0,0.0,0.0,0.0,1197.8,12.00,16,16,16,39,55,661,1,72.2,72.2,72.5,68.5,71.2,71.1,70.4,68.9,66.7,67.3,66.5,65.9,63.6,63.9,63.3,54.5,52.4,1.331,1.031,1.344,13.985,11.155,13.984,73.504,39.322,4.288,5.780,5.916,4.870,4.353,3.187,3.815,3.435,2.952,18.770,11.493,30.263,39.410,1197.8,1197.8,4082.3,4082.6,4082.1,4082.6,44.8,23.3,81.7,76.0,54.5,No,No,No,1.555,0.496,6.5,49,95.0,100.0,No,No,91293,99096,35,99.0,No,No,3320,0.0,0.1,0.1,0.000,0.241,79779,50169,0.0,0.0,0.0,0.000,0.000,52,0,52.2,67.3,83.0,0.806,12.139,12.185,12.158,12.073,1132,51.431,20.142,30.540,8.846,42.323,25.342,16.965,0.336,30.540,20.962,3.210,22.357,220.000,240.000,1455.0,1750.2,1275.0,1495.9,1380.0,38.0,9.0,0.0,3.0,27.4,4.1,16.5,0.0,0.0,0.0,33,Yes,No,No,No,No,Yes,No,23.4,26.7,0,0,0,0,0,0,0,0,0,9,0,0,0,0,0,0,0,0,0,0,0,0,0,0,0,0,0,0,0,0,5950,2242,2077,90,8.0,239.8,258.7,219.2,200.9,210.5,196.4,0.0,0.0,0.0,0.0,0.0,0.0,4.17,4.54,3.86,3.48,4.75,5.09,0.40,0.32,4.06,0.11,0.00,0,0,0.0,0.0,13576,1181,3.8,2.1,0,
8.7.2026,15:19:27.563,18360,27634,39.9,13383,19298,40.9,0.5,13312,70,1.320,1.319,1.319,1.319,1.319,1.319,1.319,1.319,1.325,4067.7,4067.7,4067.7,4067.7,4067.7,4067.7,4067.7,4067.7,4067.7,99.8,1477.2,3683.9,1960.5,1537.4,2868.4,1400.7,2144.3,1429.5,1485.8,751.1,795.0,1411.4,983.0,1056.5,916.8,541.3,669.4,1477.2,33.0,58.4,46.6,36.5,69.7,32.9,51.3,33.8,34.9,17.4,18.2,33.4,22.6,24.2,21.0,12.2,15.1,69.7,33.0,37.6,66.2,52.9,41.4,79.0,37.4,58.2,38.4,39.7,20.0,20.8,38.0,25.8,27.6,24.1,14.1,17.4,37.6,40.8,40.8,40.8,40.8,40.8,40.8,40.8,40.8,40.8,0.0,82.1,90.3,95.2,88.7,84.5,73.8,78.8,75.9,69.8,17.9,9.7,4.8,11.3,15.5,26.2,21.2,24.1,30.2,0.0,0.0,0.0,0.0,0.0,0.0,0.0,0.0,0.0,1197.8,12.00,16,16,16,39,55,661,1,82.5,74.5,78.0,69.2,73.0,72.4,71.8,69.4,67.0,67.7,66.9,65.7,63.6,63.9,63.3,55.8,51.6,1.337,1.031,1.350,14.427,11.074,14.424,73.908,39.774,4.432,6.078,6.195,5.241,4.410,3.220,3.917,3.538,2.857,19.325,11.412,30.736,39.862,1197.8,1197.8,4078.5,4078.7,4078.4,4078.7,45.3,24.0,82.1,78.4,54.4,No,No,No,1.438,0.353,6.6,50,95.0,100.0,No,No,91293,99096,35,99.0,No,No,3320,0.3,0.0,0.3,0.447,0.089,79780,50169,0.0,0.0,0.0,0.000,0.000,52,0,51.7,66.6,83.0,0.775,12.145,12.193,12.162,12.079,1129,48.354,17.718,24.797,6.535,38.384,24.593,13.775,0.336,24.797,20.455,7.310,16.199,220.000,240.000,1380.0,1750.2,1200.0,1416.1,1305.0,36.0,8.0,0.0,2.0,27.4,3.8,15.4,0.0,0.0,0.0,33,Yes,No,No,No,No,Yes,No,20.6,26.3,0,0,0,0,0,0,0,0,0,9,0,0,0,0,0,0,0,0,0,0,0,0,0,0,0,0,0,0,0,0,5948,2244,2079,90,8.0,239.7,258.5,224.6,219.7,222.1,218.5,0.0,0.0,0.0,0.0,0.0,0.0,4.17,4.46,3.85,3.80,4.50,4.53,0.41,0.29,4.06,0.11,0.00,0,0,0.0,0.0,13576,1181,10.9,6.1,0,
8.7.2026,15:19:29.566,18366,27627,39.9,13393,19289,40.9,0.5,13312,70,1.320,1.312,1.319,1.331,1.319,1.319,1.319,1.319,1.319,4067.7,4067.7,4067.7,4067.7,4067.7,4067.7,4067.7,4067.7,4067.7,99.8,1624.5,3811.1,2155.5,1641.4,3012.6,1568.2,2229.7,1419.4,1811.2,860.6,1013.0,1393.3,1308.9,1074.9,1136.8,653.8,901.6,1624.5,37.2,61.7,52.1,39.6,73.8,37.6,54.0,34.0,43.6,20.7,24.1,33.5,31.2,25.3,27.1,15.4,21.3,73.8,37.2,41.6,69.4,58.5,44.4,83.1,42.1,60.7,38.0,48.8,22.9,26.9,37.5,34.9,28.1,30.2,17.0,23.6,41.6,40.8,40.8,40.8,40.8,40.8,40.8,40.8,40.8,40.8,0.0,84.8,93.7,96.6,90.3,86.9,76.8,82.4,78.2,73.4,15.2,6.3,3.4,9.7,13.1,23.2,17.6,21.8,26.6,0.0,0.0,0.0,0.0,0.0,0.0,0.0,0.0,0.0,1197.8,12.00,16,16,16,39,55,661,1,81.1,77.5,72.8,70.6,75.4,74.4,72.9,71.1,68.0,69.1,67.5,66.7,63.9,64.2,63.7,56.2,52.5,1.312,1.038,1.325,15.447,11.129,15.446,76.306,41.160,4.700,6.546,6.514,5.369,4.737,3.437,4.210,3.673,3.112,20.609,11.472,32.081,41.235,1197.8,1197.8,4066.6,4066.6,4066.6,4066.6,46.9,25.7,84.8,81.5,54.6,No,No,No,1.591,0.487,6.8,50,95.0,100.0,No,No,91293,99096,35,99.0,No,No,3320,0.4,0.0,0.5,0.587,0.010,79781,50169,0.0,0.0,0.0,0.000,0.000,52,0,51.8,66.8,83.0,0.800,12.142,12.189,12.161,12.077,1131,49.357,20.663,28.681,8.057,41.299,25.337,15.934,0.336,28.681,20.997,19.929,17.378,220.000,240.000,1440.0,1750.2,1260.0,1402.2,1365.0,40.0,9.0,0.0,3.0,27.4,4.0,16.1,0.0,0.0,0.0,33,Yes,No,No,No,No,Yes,No,22.6,26.3,0,0,0,0,0,0,0,0,0,9,0,0,0,0,0,0,0,0,0,0,0,0,0,0,0,0,0,0,0,0,5948,2244,2079,90,8.0,239.8,259.8,222.5,214.9,218.1,213.6,239.8,242.5,237.0,236.2,236.6,236.0,4.17,4.56,3.81,3.64,4.62,4.68,0.47,0.26,4.06,0.11,0.12,0,0,0.0,0.0,13576,1181,7.6,4.5,0,
8.7.2026,15:19:31.567,18367,27627,39.9,13378,19304,40.9,0.5,13312,70,1.326,1.312,1.331,1.331,1.331,1.331,1.331,1.319,1.319,4067.7,4067.7,4067.7,4067.7,4067.7,4067.7,4067.7,4067.7,4067.7,99.8,1495.9,3654.8,1629.2,2451.2,1959.6,1977.5,1614.2,1385.7,1572.2,785.4,954.4,1189.2,1276.5,980.4,1084.6,630.1,789.4,1495.9,33.9,63.1,38.3,59.2,47.1,47.3,38.2,32.8,37.2,18.4,22.3,28.0,30.1,22.4,25.4,14.5,18.6,63.1,33.9,38.4,71.3,43.4,67.0,53.3,53.5,43.3,37.1,42.1,20.8,25.3,31.7,34.1,25.3,28.8,16.5,21.0,38.4,40.8,40.8,40.8,40.8,40.8,40.8,40.8,40.8,40.8,0.0,83.2,89.6,94.8,89.1,85.6,75.3,80.5,77.6,72.6,16.8,10.4,5.2,10.9,14.4,24.7,19.5,22.4,27.4,0.0,0.0,0.0,0.0,0.0,0.0,0.0,0.0,0.0,1197.8,12.00,16,16,16,39,55,661,1,78.0,72.4,74.5,68.9,71.2,71.4,71.0,69.1,67.1,67.7,67.1,66.3,63.8,64.0,63.5,55.2,52.1,1.337,1.031,1.344,14.293,11.126,14.297,74.837,39.716,4.364,5.654,5.948,5.082,4.360,3.305,3.932,3.589,3.043,19.158,11.465,30.622,39.784,1197.8,1197.8,4078.5,4078.5,4078.5,4078.5,45.2,23.8,83.2,76.2,54.7,No,No,No,1.585,0.464,6.7,50,95.0,100.0,No,No,91293,99096,35,99.0,No,No,3320,0.0,0.1,0.1,0.020,0.071,79781,50169,0.0,0.0,0.0,0.000,0.000,52,0,51.8,66.8,83.0,0.800,12.139,12.186,12.158,12.074,1128,49.542,18.959,28.465,7.848,41.081,25.246,15.814,0.336,28.465,20.791,3.237,18.311,220.000,240.000,1440.0,1750.2,1260.0,1430.3,1365.0,37.0,8.0,0.0,3.0,27.4,4.1,16.4,0.0,0.0,0.0,33,Yes,No,No,No,No,Yes,No,22.4,25.4,0,0,0,0,0,0,0,0,0,9,0,0,0,0,0,0,0,0,0,0,0,0,0,0,0,0,0,0,0,0,5946,2246,2081,90,8.0,239.8,261.0,219.4,206.7,212.9,203.5,239.8,242.7,237.1,236.9,237.0,236.9,4.17,4.56,3.78,3.53,4.73,4.94,0.43,0.34,4.06,0.11,0.11,0,0,0.0,0.0,13576,1181,3.2,2.3,0,
8.7.2026,15:19:33.580,18371,27622,39.9,13387,19295,40.9,0.5,13312,70,1.318,1.300,1.319,1.319,1.319,1.319,1.319,1.325,1.325,4052.1,4042.7,4067.7,4067.7,4067.7,4067.7,4067.7,4017.8,4017.8,99.8,1487.6,3637.8,1573.5,3098.2,1378.8,2171.3,1403.0,1510.2,1451.7,764.0,889.8,1121.4,1265.7,967.6,1083.3,692.6,792.5,1487.6,33.9,64.2,37.0,75.4,32.7,52.2,33.1,36.1,34.3,18.0,20.9,26.5,29.7,22.3,25.5,15.8,18.5,75.4,33.9,38.3,72.5,41.8,85.2,36.9,59.0,37.3,40.7,38.8,20.3,23.5,29.9,33.5,25.2,28.7,17.9,20.9,38.2,40.6,40.5,40.8,40.8,40.8,40.8,40.8,40.2,40.2,0.0,82.4,89.2,95.2,88.5,85.1,74.1,78.7,76.5,71.5,17.6,10.8,4.8,11.5,14.9,25.9,21.3,23.5,28.5,0.0,0.0,0.0,0.0,0.0,0.0,0.0,0.0,0.0,1197.8,12.00,16,16,16,39,55,661,1,75.4,72.8,76.5,69.0,71.3,71.5,71.1,69.2,67.3,67.8,67.2,66.7,63.7,64.0,63.4,54.2,51.9,1.306,1.038,1.319,14.415,11.085,14.406,74.133,39.734,4.417,5.707,6.008,5.121,4.391,3.341,3.902,3.660,3.205,19.315,11.425,30.740,39.881,1197.8,1197.8,4077.3,4077.3,4077.3,4077.3,45.3,24.0,82.4,76.7,54.6,No,No,No,1.566,0.512,6.6,49,95.0,100.0,No,No,91293,99096,35,99.0,No,No,3320,0.0,0.0,0.0,0.000,0.008,79781,50169,0.0,0.0,0.0,0.000,0.000,52,0,51.9,66.9,83.0,0.812,12.138,12.185,12.158,12.072,1132,50.586,19.457,29.980,8.542,41.907,25.231,16.654,0.336,29.980,20.796,3.334,17.807,220.000,240.000,1470.0,1750.2,1290.0,1444.0,1395.0,38.0,8.0,0.0,3.0,27.4,4.1,16.5,0.0,0.0,0.0,33,Yes,No,No,No,No,Yes,No,23.1,26.8,0,0,0,0,0,0,0,0,0,9,0,0,0,0,0,0,0,0,0,0,0,0,0,0,0,0,0,0,0,0,5946,2246,2081,90,8.0,239.8,260.4,224.2,215.2,219.1,214.0,239.8,242.3,237.3,236.5,236.8,236.5,4.17,4.55,3.80,3.63,4.60,4.65,0.48,0.27,4.06,0.11,0.10,0,0,0.0,0.0,13576,1181,2.1,1.5,0,
8.7.2026,15:19:35.573,18371,27622,39.9,13385,19297,40.9,0.5,13312,70,1.320,1.319,1.319,1.325,1.325,1.319,1.319,1.319,1.319,4067.7,4067.7,4067.7,4067.7,4067.7,4067.7,4067.7,4067.7,4067.7,99.8,1484.1,3593.4,1574.6,3069.5,1450.9,2108.6,1482.2,1398.0,1537.9,766.8,901.9,1156.5,1266.4,955.9,1047.3,624.2,810.7,1484.1,33.8,62.1,37.0,74.7,34.5,50.7,35.0,33.1,36.5,18.0,21.1,27.3,30.2,21.9,24.5,14.8,19.0,74.7,33.8,38.2,70.3,41.8,84.4,39.0,57.3,39.6,37.5,41.2,20.4,23.9,30.9,34.1,24.7,27.7,16.7,21.4,38.2,40.8,40.8,40.8,40.8,40.8,40.8,40.8,40.8,40.8,0.0,81.9,88.1,95.3,88.1,84.2,73.8,79.1,75.4,70.9,18.1,11.9,4.7,11.9,15.8,26.2,20.9,24.6,29.1,0.0,0.0,0.0,0.0,0.0,0.0,0.0,0.0,0.0,1197.8,12.00,16,16,16,39,55,661,1,73.8,73.1,68.8,69.2,71.3,71.9,71.3,69.5,67.4,68.2,67.3,66.8,63.8,64.1,63.6,54.5,52.0,1.350,1.031,1.344,14.460,11.107,14.469,73.694,39.986,4.402,5.642,6.115,5.091,4.396,3.329,3.976,3.564,3.105,19.391,11.448,30.839,40.009,1197.8,1197.8,4078.9,4078.9,4078.9,4078.9,45.5,24.1,81.9,77.0,54.8,No,No,No,1.617,0.498,6.6,50,95.0,100.0,No,No,91293,99096,35,99.0,No,No,3320,0.0,0.0,0.0,0.000,0.080,79781,50170,0.0,0.0,0.0,0.000,0.000,52,0,51.9,67.2,83.0,0.812,12.142,12.188,12.160,12.076,1132,50.805,19.551,29.828,8.556,41.953,25.371,16.571,0.336,29.828,21.017,3.206,18.843,220.000,240.000,1470.0,1750.2,1290.0,1467.1,1395.0,38.0,9.0,0.0,3.0,27.4,4.1,16.3,0.0,0.0,0.0,33,Yes,No,No,No,No,Yes,No,23.1,27.9,0,0,0,0,0,0,0,0,0,9,0,0,0,0,0,0,0,0,0,0,0,0,0,0,0,0,0,0,0,0,5946,2246,2081,90,8.0,239.8,256.2,219.3,209.4,212.8,208.6,239.8,242.5,237.5,237.0,237.3,236.9,4.17,4.54,3.92,3.72,4.68,4.78,0.42,0.24,4.06,0.12,0.11,0,0,0.0,0.0,13576,1181,2.1,1.9,0,
8.7.2026,15:19:37.564,18417,27576,40.0,13422,19260,41.0,0.5,13312,70,1.321,1.319,1.325,1.319,1.319,1.319,1.319,1.325,1.325,4067.7,4067.7,4067.7,4067.7,4067.7,4067.7,4067.7,4067.7,4067.7,99.8,1445.9,3570.4,1532.7,1497.9,2964.8,1443.8,2002.5,1315.3,1581.2,742.7,897.6,1142.6,1208.2,854.9,1068.2,575.7,735.5,1445.9,32.9,62.6,36.2,35.7,72.3,34.3,47.8,31.3,37.7,17.6,21.0,27.1,28.3,19.5,25.2,13.3,17.2,72.3,32.9,37.2,70.7,40.9,40.3,81.8,38.8,54.1,35.4,42.7,19.8,23.8,30.6,32.0,22.0,28.4,15.0,19.4,37.2,40.8,40.8,40.8,40.8,40.8,40.8,40.8,40.8,40.8,0.0,80.3,87.5,95.5,86.5,82.7,71.4,76.9,73.3,68.3,19.7,12.5,4.5,13.5,17.3,28.6,23.1,26.7,31.7,0.0,0.0,0.0,0.0,0.0,0.0,0.0,0.0,0.0,1197.8,12.00,16,16,16,39,55,661,1,73.0,72.3,72.8,68.6,70.9,71.4,70.5,68.8,66.8,67.4,66.6,66.0,63.6,63.9,63.3,53.8,51.7,1.331,1.031,1.337,13.830,11.090,13.825,72.230,39.021,4.278,5.601,6.055,4.900,4.237,3.224,3.812,3.445,2.951,18.563,11.427,29.990,39.132,1197.8,1197.8,4082.4,4082.9,4081.9,4082.9,44.5,23.0,80.3,76.1,54.1,No,No,No,1.577,0.504,6.4,50,95.0,100.0,No,No,91293,99096,35,99.0,No,No,3320,0.0,0.0,0.0,0.000,0.006,79781,50170,0.0,0.0,0.0,0.000,0.000,52,0,52.1,67.1,83.0,0.819,12.140,12.187,12.159,12.075,1129,51.383,20.024,31.170,9.043,42.922,25.575,17.317,0.336,31.170,21.117,3.355,18.234,220.000,240.000,1500.0,1750.2,1305.0,1488.4,1410.0,40.0,9.0,0.0,3.0,27.4,4.1,16.5,0.0,0.0,0.0,33,Yes,No,No,No,No,Yes,No,23.8,28.1,0,0,0,0,0,0,0,0,0,9,0,0,0,0,0,0,0,0,0,0,0,0,0,0,0,0,0,0,0,0,5946,2246,2081,91,8.0,239.8,260.6,219.2,206.0,210.4,205.1,0.0,0.0,0.0,0.0,0.0,0.0,4.17,4.54,3.82,3.64,4.71,4.81,0.41,0.29,4.05,0.12,0.00,0,0,0.0,0.0,13576,1181,3.6,4.5,0,
8.7.2026,15:19:39.567,18415,27579,40.0,13411,19271,41.0,0.5,13312,70,1.324,1.325,1.319,1.325,1.325,1.325,1.325,1.325,1.325,4067.7,4067.7,4067.7,4067.7,4067.7,4067.7,4067.7,4067.7,4067.7,99.8,1473.6,3608.3,1828.7,1463.0,3021.5,1444.5,2027.9,1315.9,1592.1,704.3,892.4,1127.3,1233.0,904.4,1071.8,563.5,778.9,1473.6,33.3,56.9,43.6,35.0,73.6,34.2,49.0,31.1,38.0,16.5,21.1,26.6,29.5,20.7,25.3,13.0,18.3,73.6,33.3,37.6,64.3,49.2,39.5,83.2,38.6,55.3,35.2,42.9,18.7,23.8,30.1,33.2,23.3,28.5,14.6,20.7,37.6,40.8,40.8,40.8,40.8,40.8,40.8,40.8,40.8,40.8,0.0,81.5,88.5,95.5,87.2,84.3,72.6,78.2,75.5,69.9,18.5,11.5,4.5,12.8,15.7,27.4,21.8,24.5,30.1,0.0,0.0,0.0,0.0,0.0,0.0,0.0,0.0,0.0,1197.8,12.00,16,16,16,39,55,661,1,73.0,72.4,71.0,68.7,71.2,71.5,70.7,69.1,67.0,67.5,66.8,66.1,63.7,63.9,63.4,54.0,52.1,1.331,1.031,1.337,13.958,11.102,13.965,73.330,39.265,4.298,5.642,6.059,4.930,4.315,3.191,3.794,3.485,2.970,18.700,11.440,30.140,39.302,1197.8,1197.8,4078.1,4078.3,4078.0,4078.3,44.7,23.3,81.5,76.3,54.2,No,No,No,1.590,0.507,6.5,50,95.0,100.0,No,No,91293,99096,35,99.0,No,No,3320,0.3,0.7,0.9,0.773,8.375,79783,50185,0.0,0.0,0.0,0.000,0.000,52,0,51.8,67.1,83.0,0.800,12.141,12.188,12.160,12.075,1129,50.959,19.515,28.968,8.142,41.440,25.333,16.093,0.336,28.968,20.949,7.151,17.770,220.000,240.000,1440.0,1750.2,1260.0,1471.1,1365.0,35.0,7.0,0.0,2.0,27.4,4.1,16.2,0.0,0.0,0.0,33,Yes,No,No,No,No,Yes,No,22.7,26.4,0,0,0,0,0,0,0,0,0,9,0,0,0,0,0,0,0,0,0,0,0,0,0,0,0,0,0,0,0,0,5944,2248,2083,91,8.0,239.8,260.0,224.0,216.5,219.7,215.1,0.0,0.0,0.0,0.0,0.0,0.0,4.17,4.50,3.83,3.77,4.57,4.64,0.40,0.28,4.05,0.12,0.00,0,0,0.0,0.0,13576,1181,3.4,1.3,0,
8.7.2026,15:19:41.578,18414,27579,40.0,13413,19269,41.0,0.5,13312,70,1.318,1.312,1.325,1.325,1.325,1.325,1.325,1.312,1.294,4064.5,4067.7,4067.7,4067.7,4067.7,4067.7,4067.7,4067.7,4042.7,99.8,1530.2,3652.7,2158.5,2111.0,2339.8,1754.8,1881.6,1529.0,1449.2,741.2,861.8,1163.3,1303.5,922.9,1121.6,628.4,864.1,1530.2,34.1,53.4,51.5,50.7,56.6,41.7,44.9,36.2,34.2,17.2,20.1,27.3,30.9,20.9,26.4,14.2,20.1,56.6,34.1,38.6,60.4,58.2,57.4,64.0,47.2,50.8,40.9,38.7,19.5,22.8,30.9,34.9,23.7,29.9,16.1,22.8,38.6,40.7,40.8,40.8,40.8,40.8,40.8,40.8,40.8,40.5,0.0,83.4,89.6,95.3,90.1,86.0,75.3,80.7,77.9,72.7,16.6,10.4,4.7,9.9,14.0,24.7,19.3,22.1,27.3,0.0,0.0,0.0,0.0,0.0,0.0,0.0,0.0,0.0,1197.8,12.00,16,16,16,39,55,661,1,72.9,72.4,73.5,68.8,71.1,71.4,71.0,69.0,66.9,67.6,66.9,66.2,63.7,64.0,63.4,54.2,51.9,1.306,1.025,1.312,14.262,11.142,14.252,75.099,39.596,4.377,5.687,6.037,5.159,4.371,3.249,3.923,3.561,3.030,19.119,11.482,30.601,39.744,1197.8,1197.8,4079.2,4079.3,4079.1,4079.3,45.2,23.8,83.4,76.2,54.5,No,No,No,1.588,0.511,6.7,50,95.0,100.0,No,No,91293,99096,35,99.0,No,No,3320,0.0,0.0,0.0,0.008,0.100,79783,50186,0.0,0.0,0.0,0.000,0.000,52,0,52.0,67.0,83.0,0.812,12.139,12.185,12.158,12.074,1131,49.777,19.151,28.670,8.054,41.215,25.259,15.926,0.336,28.670,20.930,3.134,19.319,220.000,240.000,1470.0,1750.2,1290.0,1451.2,1395.0,40.0,9.0,0.0,3.0,27.4,4.0,16.2,0.0,0.0,0.0,33,Yes,No,No,No,No,Yes,No,22.5,26.1,0,0,0,0,0,0,0,0,0,9,0,0,0,0,0,0,0,0,0,0,0,0,0,0,0,0,0,0,0,0,5944,2248,2083,91,8.0,239.8,257.0,222.9,215.0,217.4,214.9,239.8,242.6,236.7,236.7,236.7,236.7,4.17,4.57,3.83,3.63,4.66,4.70,0.47,0.23,4.05,0.12,0.11,0,0,0.0,0.0,13576,1181,6.4,2.5,0,
8.7.2026,15:19:43.560,18415,27578,40.0,13409,19272,41.0,0.5,13312,70,1.324,1.319,1.325,1.325,1.325,1.325,1.325,1.325,1.325,4067.7,4067.7,4067.7,4067.7,4067.7,4067.7,4067.7,4067.7,4067.7,99.8,1487.2,3613.7,2109.5,3001.8,1505.9,2051.2,1378.0,1824.3,1134.8,777.4,744.7,1421.7,945.0,1126.2,840.1,657.0,664.0,1487.2,33.2,51.3,50.5,73.0,36.0,49.3,32.5,43.7,26.6,18.3,17.3,33.9,22.1,26.1,19.5,15.5,15.6,73.0,33.2,37.5,58.0,57.1,82.6,40.7,55.7,36.7,49.5,30.1,20.7,19.6,38.3,25.0,29.5,22.0,17.6,17.6,37.5,40.8,40.8,40.8,40.8,40.8,40.8,40.8,40.8,40.8,0.0,82.0,88.5,95.8,87.8,85.0,73.0,78.9,75.8,70.8,18.0,11.5,4.2,12.2,15.0,27.0,21.1,24.2,29.2,0.0,0.0,0.0,0.0,0.0,0.0,0.0,0.0,0.0,1197.8,12.00,16,16,16,39,55,661,1,72.8,72.6,72.8,68.8,71.1,72.0,70.7,69.3,66.8,67.6,66.8,66.0,63.7,64.0,63.4,55.5,52.4,1.337,1.038,1.344,14.050,11.099,14.060,73.767,39.444,4.341,5.671,6.229,4.929,4.400,3.162,3.867,3.520,2.948,18.854,11.438,30.292,39.464,1197.8,1197.8,4081.8,4082.0,4081.5,4082.0,44.8,23.4,82.0,76.5,54.1,No,No,No,1.643,0.525,6.6,50,95.0,100.0,No,No,91293,99096,35,99.0,No,No,3320,0.0,0.0,0.0,0.002,0.010,79783,50186,0.0,0.0,0.0,0.000,0.000,52,0,52.1,67.2,83.0,0.838,12.142,12.188,12.161,12.076,1128,52.032,20.196,31.597,9.007,42.735,25.154,17.553,0.336,31.597,20.469,5.063,18.448,220.000,240.000,1545.0,1750.2,1350.0,1477.0,1455.0,38.0,9.0,0.0,3.0,27.4,4.0,16.1,0.0,0.0,0.0,33,Yes,No,No,No,No,Yes,No,23.7,27.5,0,0,0,0,0,0,0,0,0,9,0,0,0,0,0,0,0,0,0,0,0,0,0,0,0,0,0,0,0,0,5944,2248,2083,91,8.0,239.7,264.2,220.3,212.0,216.1,210.2,0.0,0.0,0.0,0.0,0.0,0.0,4.17,4.59,3.69,3.54,4.66,4.77,0.42,0.26,4.06,0.12,0.00,0,0,0.0,0.0,13576,1181,2.2,2.1,0,
8.7.2026,15:19:45.559,18420,27574,40.0,13412,19270,41.0,0.5,13312,70,1.315,1.331,1.312,1.312,1.312,1.312,1.312,1.312,1.312,4070.8,4092.6,4067.7,4067.7,4067.7,4067.7,4067.7,4067.7,4067.7,99.8,1476.9,3624.1,2072.1,2894.7,1556.3,2101.7,1408.6,1776.6,1114.5,855.2,695.3,1385.7,914.6,1142.0,793.1,655.6,640.8,1476.9,32.8,51.4,49.3,70.3,37.1,50.3,33.3,42.4,26.0,20.1,16.0,32.8,21.2,26.4,18.3,15.1,14.6,70.3,32.8,37.2,58.2,55.8,79.6,42.0,57.0,37.7,48.0,29.5,22.8,18.2,37.2,24.1,29.9,20.7,17.2,16.6,37.2,40.8,41.0,40.8,40.8,40.8,40.8,40.8,40.8,40.8,0.0,82.5,88.9,95.5,88.9,85.5,74.4,79.0,76.6,71.5,17.5,11.1,4.5,11.1,14.5,25.6,21.0,23.4,28.5,0.0,0.0,0.0,0.0,0.0,0.0,0.0,0.0,0.0,1197.8,12.00,16,16,16,39,55,661,1,72.6,72.3,71.2,68.6,70.9,71.4,70.7,69.0,66.8,67.4,66.7,65.9,63.6,63.9,63.3,55.5,52.0,1.350,1.031,1.350,14.096,11.094,14.092,74.293,39.365,4.310,5.580,6.110,5.049,4.332,3.191,3.802,3.481,2.934,18.891,11.433,30.323,39.468,1197.8,1197.8,4079.0,4079.1,4078.8,4079.1,44.8,23.5,82.5,76.1,54.6,No,No,No,1.574,0.474,6.6,49,95.0,100.0,No,No,91293,99096,35,99.0,No,No,3320,0.0,0.0,0.1,0.014,0.069,79783,50186,0.0,0.0,0.0,0.000,0.000,52,0,51.9,67.1,83.0,0.800,12.143,12.191,12.162,12.077,1128,51.322,19.184,29.106,8.351,41.557,25.362,16.170,0.336,29.106,21.126,3.285,17.443,220.000,240.000,1440.0,1750.2,1260.0,1541.9,1365.0,38.0,8.0,0.0,3.0,27.4,3.8,15.1,0.0,0.0,0.0,33,Yes,No,No,No,No,Yes,No,22.8,25.7,0,0,0,0,0,0,0,0,0,9,0,0,0,0,0,0,0,0,0,0,0,0,0,0,0,0,0,0,0,0,5944,2248,2083,91,8.0,239.8,261.0,221.6,219.2,220.2,218.9,239.8,242.8,236.7,233.9,235.1,233.6,4.17,4.52,3.79,3.63,4.55,4.59,0.46,0.29,4.05,0.12,0.10,0,0,0.0,0.0,13576,1181,2.4,1.8,0,
8.7.2026,15:19:47.577,18414,27579,40.0,13408,19273,41.0,0.5,13312,70,1.327,1.319,1.325,1.325,1.325,1.331,1.331,1.331,1.331,4067.7,4067.7,4067.7,4067.7,4067.7,4067.7,4067.7,4067.7,4067.7,99.8,1533.1,3679.6,2234.7,1387.6,3107.2,1469.9,2099.5,1519.9,1466.0,818.5,822.5,1481.7,974.6,1134.2,891.3,712.9,729.7,1533.1,34.2,52.5,53.4,33.0,75.7,34.7,50.4,36.2,34.6,19.2,19.1,35.3,22.7,26.2,20.7,16.6,17.0,75.7,34.2,38.7,59.3,60.4,37.3,85.6,39.2,57.0,40.9,39.1,21.7,21.6,39.9,25.7,29.7,23.4,18.7,19.2,38.7,40.8,40.8,40.8,40.8,40.8,40.8,40.8,40.8,40.8,0.0,83.5,90.3,96.2,89.0,86.2,75.2,80.7,77.3,73.1,16.5,9.7,3.8,11.0,13.8,24.8,19.3,22.7,26.9,0.0,0.0,0.0,0.0,0.0,0.0,0.0,0.0,0.0,1197.8,12.00,16,16,16,39,55,661,1,72.6,72.4,73.5,68.8,71.1,71.7,70.7,69.1,67.0,67.7,66.8,66.3,63.7,64.0,63.4,53.5,51.9,1.344,1.031,1.344,14.154,11.109,14.160,75.148,39.508,4.359,5.652,6.147,4.962,4.369,3.252,3.929,3.533,3.028,18.960,11.447,30.407,39.574,1197.8,1197.8,4077.3,4077.3,4077.3,4077.3,45.0,23.6,83.5,76.2,54.2,No,No,No,1.625,0.486,6.7,50,95.0,100.0,No,No,91293,99096,35,99.0,No,No,3320,0.1,0.1,0.1,0.069,0.110,79783,50186,0.0,0.0,0.0,0.000,0.000,52,0,51.8,66.8,83.0,0.812,12.139,12.186,12.159,12.074,1131,48.237,19.167,29.202,8.298,41.534,25.294,16.223,0.336,29.202,20.966,3.179,17.437,220.000,240.000,1470.0,1750.2,1290.0,1408.5,1395.0,39.0,8.0,0.0,3.0,27.4,4.0,15.9,0.0,0.0,0.0,33,Yes,No,No,No,No,Yes,No,22.8,26.3,0,0,0,0,0,0,0,0,0,9,0,0,0,0,0,0,0,0,0,0,0,0,0,0,0,0,0,0,0,0,5944,2248,2083,91,8.0,239.8,255.2,220.6,209.9,213.3,209.3,239.8,242.4,237.0,236.4,236.8,236.2,4.17,4.58,3.88,3.71,4.72,4.84,0.51,0.26,4.06,0.11,0.10,0,0,0.0,0.0,13576,1181,3.3,5.0,0,
8.7.2026,15:19:49.568,18419,27575,40.0,13416,19265,41.0,0.5,13312,70,1.326,1.312,1.325,1.325,1.325,1.325,1.344,1.344,1.306,4048.9,4042.7,4042.7,4067.7,4067.7,4067.7,4042.7,4042.7,4017.8,99.8,1556.1,3643.6,2156.9,1328.7,3160.5,1500.3,2072.7,1567.6,1419.0,818.5,870.6,1468.0,1098.7,1193.2,899.5,854.2,845.5,1556.1,35.2,52.9,51.9,31.9,77.4,35.9,50.1,37.7,34.1,19.7,20.6,35.4,26.3,28.2,21.5,20.3,19.7,77.4,35.2,39.3,59.4,58.3,35.6,87.2,40.1,56.2,42.2,38.0,21.7,22.8,39.5,29.2,31.4,23.7,22.4,21.7,39.3,40.6,40.5,40.5,40.8,40.8,40.8,40.5,40.5,40.2,0.0,83.7,89.5,96.0,89.1,86.0,75.5,80.9,77.8,74.4,16.3,10.5,4.0,10.9,14.0,24.5,19.1,22.2,25.6,0.0,0.0,0.0,0.0,0.0,0.0,0.0,0.0,0.0,1197.8,12.00,16,16,16,39,55,661,1,73.1,73.4,75.8,69.4,71.3,71.9,71.3,69.6,67.6,68.6,67.2,67.7,63.8,64.0,63.5,54.2,52.6,1.319,1.025,1.325,14.870,11.102,14.857,75.294,40.334,4.520,5.653,6.123,5.157,4.517,3.384,4.161,3.653,3.509,19.900,11.443,31.343,40.480,1197.8,1197.8,4071.6,4071.6,4071.6,4071.6,46.0,24.8,83.7,77.3,54.9,No,No,No,1.561,0.513,6.7,50,95.0,100.0,No,No,91293,99096,35,99.0,No,No,3320,0.0,0.0,0.0,0.010,0.066,79783,50186,0.0,0.0,0.0,0.000,0.000,52,0,51.8,67.1,83.0,0.800,12.138,12.185,12.158,12.073,1129,50.371,19.096,28.232,7.896,41.068,25.366,15.684,0.336,28.232,21.065,3.224,19.858,220.000,240.000,1440.0,1750.2,1260.0,1467.1,1365.0,40.0,9.0,0.0,3.0,27.4,4.0,16.2,0.0,0.0,0.0,33,Yes,No,No,No,No,Yes,No,22.4,26.9,0,0,0,0,0,0,0,0,0,9,0,0,0,0,0,0,0,0,0,0,0,0,0,0,0,0,0,0,0,0,5944,2248,2083,90,8.0,239.8,261.8,221.3,219.2,219.7,219.1,239.8,243.5,236.1,234.8,235.3,234.6,4.17,4.51,3.81,3.62,4.56,4.59,0.41,0.26,4.06,0.11,0.11,0,0,0.0,0.0,13576,1181,2.5,2.2,0,
8.7.2026,15:19:51.576,18414,27580,40.0,13409,19273,41.0,0.5,13312,70,1.319,1.319,1.319,1.319,1.319,1.319,1.319,1.319,1.319,4067.7,4067.7,4067.7,4067.7,4067.7,4067.7,4067.7,4067.7,4067.7,99.8,1475.3,3655.9,1756.8,1982.6,2463.8,1749.7,1792.3,1590.0,1321.7,862.5,747.3,1463.5,894.2,1149.4,838.0,664.3,673.3,1475.3,33.0,61.5,41.2,47.3,59.5,41.1,42.4,37.4,30.6,19.8,17.1,34.4,20.2,26.1,18.9,15.1,15.5,61.5,33.0,37.8,69.8,47.0,53.8,67.6,46.9,48.4,42.7,35.1,22.9,19.9,39.3,23.4,30.0,22.0,17.6,18.0,37.8,40.8,40.8,40.8,40.8,40.8,40.8,40.8,40.8,40.8,0.0,82.6,89.7,95.2,88.5,85.3,75.0,79.2,76.7,71.5,17.4,10.3,4.8,11.5,14.7,25.0,20.8,23.3,28.5,0.0,0.0,0.0,0.0,0.0,0.0,0.0,0.0,0.0,1197.8,12.00,16,16,16,39,55,661,1,73.0,72.6,70.8,69.0,71.6,71.7,71.0,69.3,67.3,67.7,66.9,66.4,63.9,64.1,63.6,55.0,52.4,1.350,1.031,1.350,14.135,11.054,14.142,74.367,39.487,4.368,5.872,6.023,5.009,4.379,3.273,3.869,3.520,2.995,18.945,11.394,30.339,39.507,1197.8,1197.8,4077.8,4077.8,4077.8,4077.8,44.9,23.6,82.6,76.4,54.0,No,No,No,1.588,0.492,6.6,50,95.0,100.0,No,No,91293,99096,35,99.0,No,No,3320,0.0,0.0,0.0,0.032,0.092,79783,50186,0.0,0.0,0.0,0.000,0.000,52,0,52.1,67.2,83.0,0.831,12.141,12.187,12.160,12.075,1128,52.017,20.055,31.127,8.787,42.573,25.261,17.293,0.336,31.127,20.558,3.309,20.179,220.000,240.000,1530.0,1750.2,1335.0,1469.2,1440.0,37.0,9.0,0.0,3.0,27.4,4.2,16.6,0.0,0.0,0.0,33,Yes,No,No,No,No,Yes,No,23.5,27.0,0,0,0,0,0,0,0,0,0,9,0,0,0,0,0,0,0,0,0,0,0,0,0,0,0,0,0,0,0,0,5943,2249,2083,90,8.0,239.8,254.9,221.8,216.7,219.1,215.7,0.0,0.0,0.0,0.0,0.0,0.0,4.17,4.53,3.92,3.68,4.62,4.68,0.43,0.23,4.06,0.12,0.00,0,0,0.0,0.0,13576,1181,2.4,1.7,0,
8.7.2026,15:19:53.575,18418,27576,40.0,13415,19267,41.0,0.5,13312,70,1.334,1.337,1.337,1.337,1.331,1.331,1.331,1.331,1.331,4092.6,4092.6,4092.6,4092.6,4092.6,4092.6,4092.6,4092.6,4092.6,99.8,1439.8,3625.5,1523.6,3115.4,1299.4,2080.3,1286.4,1700.9,1190.5,894.9,639.4,1464.0,879.9,1187.3,793.0,736.3,620.4,1439.8,33.2,64.4,36.3,75.9,31.2,50.1,30.8,41.0,28.5,21.7,15.3,35.3,21.1,28.2,18.9,17.9,15.1,75.9,33.2,37.1,72.6,40.6,85.7,34.8,56.3,34.3,45.9,31.7,23.9,16.7,39.5,23.2,31.3,20.8,19.6,16.4,37.1,41.0,41.0,41.0,41.0,41.0,41.0,41.0,41.0,41.0,0.0,80.9,88.8,94.8,86.5,83.5,71.7,77.3,74.6,69.5,19.1,11.2,5.2,13.5,16.5,28.3,22.7,25.4,30.5,0.0,0.0,0.0,0.0,0.0,0.0,0.0,0.0,0.0,1197.8,12.00,16,16,16,39,55,661,1,72.8,72.3,73.2,68.7,71.2,71.4,70.4,68.9,66.8,67.5,66.8,66.2,63.7,63.9,63.4,54.0,52.0,1.331,1.038,1.337,13.890,11.099,13.885,72.766,39.130,4.285,5.737,5.994,4.838,4.278,3.144,3.819,3.498,2.973,18.642,11.438,30.080,39.223,1197.8,1197.8,4081.8,4081.9,4081.7,4081.9,44.6,23.1,80.9,76.1,54.2,No,No,No,1.576,0.476,6.5,50,95.0,100.0,No,No,91293,99096,35,99.0,No,No,3320,0.0,0.0,0.0,0.000,0.002,79783,50186,0.0,0.0,0.0,0.000,0.000,52,0,51.8,66.8,83.0,0.794,12.135,12.181,12.154,12.070,1132,50.437,18.757,28.251,7.881,40.912,25.203,15.695,0.336,28.251,20.880,3.093,17.066,220.000,240.000,1425.0,1750.2,1245.0,1515.3,1350.0,39.0,9.0,0.0,3.0,27.4,3.9,15.6,0.0,0.0,0.0,33,Yes,No,No,No,No,Yes,No,22.3,25.5,0,0,0,0,0,0,0,0,0,9,0,0,0,0,0,0,0,0,0,0,0,0,0,0,0,0,0,0,0,0,5943,2249,2083,90,8.0,239.8,258.9,221.8,216.2,218.2,215.9,0.0,0.0,0.0,0.0,0.0,0.0,4.17,4.53,3.81,3.76,4.60,4.65,0.42,0.36,4.05,0.12,0.00,0,0,0.0,0.0,13576,1181,3.2,2.7,0,
8.7.2026,15:19:55.565,18417,27577,40.0,13414,19268,41.0,0.5,13312,70,1.320,1.325,1.319,1.319,1.319,1.319,1.319,1.319,1.319,4067.7,4067.7,4067.7,4067.7,4067.7,4067.7,4067.7,4067.7,4067.7,99.8,1455.7,3674.9,1544.6,3124.6,1335.5,2209.9,1273.0,1699.3,1139.9,978.6,701.6,1447.2,867.5,1172.8,780.9,714.4,626.4,1455.7,33.2,67.1,36.2,75.9,31.6,52.9,29.8,40.5,26.6,23.1,16.2,34.4,20.2,27.2,18.0,16.6,14.4,75.9,33.2,37.6,75.9,41.0,85.9,35.7,59.9,33.8,45.8,30.1,26.2,18.4,38.9,22.8,30.8,20.4,18.8,16.3,37.6,40.8,40.8,40.8,40.8,40.8,40.8,40.8,40.8,40.8,0.0,82.1,90.0,95.1,87.5,84.5,74.1,78.5,75.8,70.9,17.9,10.0,4.9,12.5,15.5,25.9,21.5,24.2,29.1,0.0,0.0,0.0,0.0,0.0,0.0,0.0,0.0,0.0,1197.8,12.00,16,16,16,39,55,661,1,72.8,72.3,72.8,68.7,71.5,71.2,70.7,68.8,67.1,67.4,66.8,66.1,63.7,63.9,63.4,56.0,51.7,1.344,1.025,1.344,14.032,11.117,14.036,73.857,39.412,4.342,5.944,5.983,4.960,4.237,3.303,3.811,3.503,2.996,18.840,11.456,30.297,39.458,1197.8,1197.8,4081.5,4081.7,4081.4,4081.7,44.8,23.4,82.1,76.2,54.1,No,No,No,1.574,0.512,6.6,50,95.0,100.0,No,No,91293,99096,35,99.0,No,No,3320,0.0,0.0,0.0,0.000,0.071,79783,50186,0.0,0.0,0.0,0.000,0.000,52,0,51.8,66.9,83.0,0.800,12.139,12.186,12.158,12.073,1132,49.715,18.922,28.581,7.994,41.096,25.185,15.877,0.336,28.581,20.832,3.146,17.593,220.000,240.000,1440.0,1750.2,1260.0,1452.4,1365.0,39.0,8.0,0.0,3.0,27.4,4.0,16.0,0.0,0.0,0.0,33,Yes,No,No,No,No,Yes,No,22.5,25.6,0,0,0,0,0,0,0,0,0,9,0,0,0,0,0,0,0,0,0,0,0,0,0,0,0,0,0,0,0,0,5943,2249,2083,90,8.0,239.8,260.8,221.1,211.4,215.0,210.5,239.8,242.4,237.6,237.1,237.3,236.9,4.17,4.56,3.80,3.75,4.62,4.73,0.44,0.31,4.06,0.11,0.11,0,0,0.0,0.0,13576,1181,2.6,2.5,0,
8.7.2026,15:19:57.574,18421,27573,40.0,13418,19264,41.0,0.5,13312,70,1.330,1.331,1.337,1.331,1.331,1.331,1.331,1.331,1.319,4070.8,4092.6,4067.7,4067.7,4067.7,4067.7,4067.7,4067.7,4067.7,99.8,1411.8,3607.0,1491.1,1545.5,2817.4,1612.9,1760.8,1245.7,1555.7,715.1,820.1,1065.0,1154.8,893.2,954.6,615.2,734.4,1411.8,31.8,64.3,34.7,36.6,68.3,37.9,41.7,29.0,36.7,16.3,18.8,24.7,26.9,19.9,22.0,13.7,16.8,68.3,31.8,36.3,73.1,39.7,41.8,77.6,43.3,47.5,33.2,41.9,18.9,21.7,28.3,30.9,23.0,25.3,16.0,19.4,36.3,40.8,41.0,40.8,40.8,40.8,40.8,40.8,40.8,40.8,0.0,80.1,88.3,95.2,85.8,82.9,71.1,76.3,73.1,68.4,19.9,11.7,4.8,14.2,17.1,28.9,23.7,26.9,31.6,0.0,0.0,0.0,0.0,0.0,0.0,0.0,0.0,0.0,1197.8,12.00,16,16,16,39,55,661,1,72.8,72.2,72.5,68.5,71.1,71.5,70.4,68.9,66.7,67.3,66.6,65.9,63.6,63.9,63.3,55.0,52.4,1.344,1.031,1.344,13.923,11.079,13.924,72.111,39.184,4.283,5.781,6.067,4.883,4.256,3.177,3.735,3.414,2.952,18.721,11.415,30.136,39.285,1197.8,1197.8,4086.0,4086.1,4085.8,4086.1,44.6,23.2,80.1,76.0,54.5,No,No,No,1.543,0.520,6.4,50,95.0,100.0,No,No,91293,99096,35,99.0,No,No,3320,0.0,0.0,0.0,0.000,0.008,79783,50187,0.0,0.0,0.0,0.000,0.000,52,0,51.7,66.7,83.0,0.794,12.138,12.184,12.157,12.073,1129,48.030,18.532,27.601,7.737,40.641,25.281,15.333,0.336,27.601,21.107,2.915,16.768,220.000,240.000,1425.0,1750.2,1245.0,1421.3,1350.0,41.0,9.0,0.0,4.0,27.4,4.0,16.0,0.0,0.0,0.0,33,Yes,No,No,No,No,Yes,No,22.1,25.5,0,0,0,0,0,0,0,0,0,9,0,0,0,0,0,0,0,0,0,0,0,0,0,0,0,0,0,0,0,0,5943,2249,2083,90,8.0,239.8,259.4,223.4,220.3,221.4,220.1,0.0,0.0,0.0,0.0,0.0,0.0,4.17,4.52,3.86,3.71,4.56,4.60,0.43,0.29,4.05,0.12,0.00,0,0,0.0,0.0,13576,1181,5.4,4.5,0,
8.7.2026,15:19:59.565,18417,27576,40.0,13412,19270,41.0,0.5,13312,70,1.305,1.306,1.288,1.319,1.306,1.306,1.306,1.306,1.306,4036.5,4017.8,4017.8,4042.7,4042.7,4042.7,4042.7,4042.7,4042.7,99.8,1467.6,3600.8,1514.0,1436.2,3070.8,1519.5,1901.9,1295.3,1561.9,784.3,898.0,1166.1,1230.2,953.9,1102.5,682.6,763.8,1467.6,33.7,64.0,36.0,34.5,74.9,36.2,45.7,30.8,37.4,18.6,21.2,27.6,29.1,22.0,26.1,16.2,18.1,74.9,33.7,37.7,72.2,40.3,38.6,84.7,40.6,51.4,34.4,41.9,20.6,23.6,30.8,32.5,24.4,29.1,17.8,19.9,37.7,40.4,40.2,40.2,40.5,40.5,40.5,40.5,40.5,40.5,0.0,80.2,88.2,95.3,86.0,82.5,71.2,76.2,73.7,68.3,19.8,11.8,4.7,14.0,17.5,28.8,23.8,26.3,31.7,0.0,0.0,0.0,0.0,0.0,0.0,0.0,0.0,0.0,1197.8,12.00,16,16,16,39,55,661,1,72.6,72.2,74.8,68.6,71.0,71.4,70.5,68.8,66.8,67.3,66.7,65.9,63.6,63.9,63.3,56.0,52.4,1.337,1.031,1.344,13.850,11.092,13.835,72.169,38.967,4.294,5.695,6.059,4.846,4.240,3.233,3.787,3.512,2.982,18.599,11.429,30.027,39.155,1197.8,1197.8,4082.9,4083.7,4082.2,4083.7,44.5,23.1,80.2,76.0,54.1,No,No,No,1.576,0.517,6.4,50,95.0,100.0,No,No,91293,99096,35,99.0,No,No,3320,0.0,0.0,0.0,0.036,0.081,79783,50187,0.0,0.0,0.0,0.000,0.000,52,0,51.6,66.5,83.0,0.781,12.142,12.188,12.160,12.076,1131,48.432,17.962,26.407,7.228,39.702,25.010,14.669,0.336,26.407,20.858,2.944,16.059,220.000,240.000,1395.0,1750.2,1215.0,1420.2,1320.0,38.0,8.0,0.0,3.0,27.4,4.1,16.3,0.0,0.0,0.0,33,Yes,No,No,No,No,Yes,No,21.5,25.0,0,0,0,0,0,0,0,0,0,9,0,0,0,0,0,0,0,0,0,0,0,0,0,0,0,0,0,0,0,0,5943,2249,2083,90,8.0,239.7,259.2,222.4,210.3,214.9,209.4,0.0,0.0,0.0,0.0,0.0,0.0,4.17,4.52,3.84,3.63,4.65,4.79,0.45,0.26,4.06,0.12,0.00,0,0,0.0,0.0,13576,1181,2.5,2.0,0,
8.7.2026,15:20:1.563,18402,27591,40.0,13393,19288,40.9,0.5,13312,70,1.316,1.331,1.319,1.319,1.312,1.312,1.312,1.312,1.312,4067.7,4067.7,4067.7,4067.7,4067.7,4067.7,4067.7,4067.7,4067.7,99.8,1513.4,3698.1,1703.3,1853.7,2685.3,1706.9,1854.5,1317.5,1676.9,763.7,905.7,1247.5,1263.3,955.9,1127.2,655.8,798.8,1513.4,34.8,65.2,40.3,44.7,65.4,40.7,44.5,31.5,40.1,18.3,21.7,29.9,30.5,22.3,27.0,15.5,19.1,65.4,34.8,39.2,73.6,45.4,50.4,73.9,46.0,50.1,35.5,45.2,20.5,24.4,33.7,34.3,25.0,30.4,17.4,21.5,39.2,40.8,40.8,40.8,40.8,40.8,40.8,40.8,40.8,40.8,0.0,83.3,90.7,95.6,88.7,85.7,75.2,80.4,77.8,72.2,16.7,9.3,4.4,11.3,14.3,24.8,19.6,22.2,27.8,0.0,0.0,0.0,0.0,0.0,0.0,0.0,0.0,0.0,1197.8,12.00,16,16,16,39,55,661,1,72.8,72.6,73.8,69.0,71.6,71.6,70.9,69.3,67.2,67.9,67.1,66.5,63.8,64.0,63.5,53.8,52.1,1.312,1.031,1.312,14.325,11.117,14.342,74.968,39.820,4.387,5.898,6.028,4.997,4.388,3.251,3.916,3.557,3.060,19.184,11.458,30.642,39.824,1197.8,1197.8,4076.1,4076.2,4076.0,4076.2,45.3,23.9,83.3,76.4,54.4,No,No,No,1.612,0.486,6.7,50,95.0,100.0,No,No,91293,99096,35,99.0,No,No,3320,1.3,0.6,1.9,2.878,10.572,79789,50207,0.0,0.0,0.0,0.000,0.000,52,0,51.4,66.4,83.0,0.794,12.141,12.187,12.160,12.076,1128,46.627,18.380,26.829,7.581,40.481,25.552,14.905,0.336,26.829,21.554,2.836,16.897,220.000,240.000,1425.0,1750.2,1245.0,1367.1,1350.0,41.0,9.0,0.0,3.0,27.4,3.9,15.5,0.0,0.0,0.0,33,Yes,No,No,No,No,Yes,No,22.0,26.5,0,0,0,0,0,0,0,0,0,9,0,0,0,0,0,0,0,0,0,0,0,0,0,0,0,0,0,0,0,0,5943,2249,2083,90,8.0,239.8,257.5,221.8,208.4,214.0,206.6,239.8,242.2,237.0,235.8,236.4,235.5,4.17,4.56,3.83,3.57,4.66,4.76,0.47,0.25,4.06,0.11,0.10,0,0,0.0,0.0,13576,1181,2.6,2.4,0,
8.7.2026,15:20:3.573,18415,27579,40.0,13399,19283,40.9,0.5,13312,70,1.322,1.319,1.319,1.319,1.325,1.325,1.325,1.325,1.319,4098.9,4067.7,4067.7,4067.7,4117.6,4117.6,4117.6,4117.6,4117.6,99.8,1505.3,3682.9,1881.2,3100.4,1411.2,1965.1,1576.8,1448.8,1511.2,780.3,870.5,1137.5,1229.7,987.4,1072.2,694.0,735.9,1505.3,34.1,60.8,44.6,75.5,33.6,47.0,37.3,34.4,35.8,18.4,20.5,26.8,29.1,22.6,25.2,16.1,17.2,75.5,34.1,38.5,68.7,50.5,85.3,38.0,53.1,42.2,38.9,40.5,20.7,23.1,30.3,32.8,25.6,28.5,18.2,19.5,38.5,41.1,40.8,40.8,40.8,41.2,41.2,41.2,41.2,41.2,0.0,82.7,90.3,95.8,88.1,85.0,75.0,79.4,77.1,71.1,17.3,9.7,4.2,11.9,15.0,25.0,20.6,22.9,28.9,0.0,0.0,0.0,0.0,0.0,0.0,0.0,0.0,0.0,1197.8,12.00,16,16,16,39,55,661,1,72.8,72.7,72.5,68.9,71.6,71.7,70.9,69.2,67.2,67.5,67.0,66.3,63.7,64.0,63.5,54.5,51.7,1.344,1.025,1.350,14.433,11.150,14.431,74.444,39.926,4.382,5.911,6.077,5.005,4.392,3.259,3.825,3.578,3.012,19.360,11.491,30.852,40.005,1197.8,1197.8,4080.1,4080.1,4080.1,4080.1,45.5,24.1,82.7,76.6,55.0,No,No,No,1.608,0.506,6.6,50,95.0,100.0,No,No,91293,99096,35,99.0,No,No,3320,0.0,0.0,0.0,0.000,0.202,79789,50207,0.0,0.0,0.0,0.000,0.000,52,0,51.8,66.9,83.0,0.806,12.137,12.183,12.157,12.072,1131,49.654,19.498,29.718,8.614,42.123,25.592,16.509,0.336,29.718,21.348,3.082,17.937,220.000,240.000,1455.0,1750.2,1275.0,1431.0,1380.0,39.0,9.0,0.0,3.0,27.5,4.0,16.0,0.0,0.0,0.0,33,Yes,No,No,No,No,Yes,No,23.2,27.6,0,0,0,0,0,0,0,0,0,9,0,0,0,0,0,0,0,0,0,0,0,0,0,0,0,0,0,0,0,0,5942,2250,2085,88,8.0,239.8,266.4,214.4,187.2,198.8,182.7,239.8,242.9,236.9,230.3,233.9,228.5,4.17,4.66,3.78,3.05,5.04,5.46,0.47,0.30,4.05,0.12,0.12,0,0,0.0,0.0,13576,1181,2.8,1.7,0,
8.7.2026,15:20:5.574,18418,27575,40.0,13403,19279,41.0,0.5,13312,70,1.326,1.337,1.337,1.337,1.319,1.319,1.319,1.319,1.319,4083.3,4067.7,4067.7,4067.7,4092.6,4092.6,4092.6,4092.6,4092.6,99.8,1506.3,3615.4,2337.7,3054.8,1374.0,1890.9,1532.0,1438.7,1410.6,831.5,827.6,1085.0,1211.2,943.4,1033.7,775.4,738.6,1506.3,33.5,47.8,56.1,74.5,32.8,45.3,36.5,34.4,33.5,19.6,19.5,25.6,28.7,21.6,24.4,18.3,17.3,74.5,33.5,37.8,54.0,63.4,84.1,37.1,51.1,41.2,38.8,37.8,22.2,22.0,28.9,32.4,24.4,27.6,20.6,19.5,37.8,40.9,40.8,40.8,40.8,41.0,41.0,41.0,41.0,41.0,0.0,82.0,88.7,95.2,87.6,84.2,73.9,78.7,76.0,71.7,18.0,11.3,4.8,12.4,15.8,26.1,21.3,24.0,28.3,0.0,0.0,0.0,0.0,0.0,0.0,0.0,0.0,0.0,1197.8,12.00,16,16,16,39,55,661,1,73.2,73.1,70.5,69.1,71.4,71.6,71.0,69.1,67.5,67.9,67.2,67.1,63.7,64.0,63.5,54.5,52.5,1.337,1.031,1.344,14.432,11.070,14.438,73.788,39.835,4.400,5.790,6.038,4.974,4.303,3.354,3.870,3.583,3.289,19.326,11.409,30.735,39.894,1197.8,1197.8,4073.9,4074.0,4073.8,4074.0,45.3,24.1,82.0,76.9,54.7,No,No,No,1.560,0.527,6.6,50,95.0,100.0,No,No,91293,99096,35,99.0,No,No,3320,0.1,0.2,0.2,0.098,0.292,79789,50208,0.0,0.0,0.0,0.000,0.000,52,0,51.9,67.2,83.0,0.819,12.137,12.184,12.157,12.071,1129,51.358,20.483,30.135,8.504,42.049,25.289,16.740,0.336,30.135,20.739,12.474,18.430,220.000,240.000,1500.0,1750.2,1305.0,1470.5,1410.0,38.0,9.0,0.0,3.0,27.5,4.1,16.4,0.0,0.0,0.0,33,Yes,No,No,No,No,Yes,No,23.1,26.6,0,0,0,0,0,0,0,0,0,9,0,0,0,0,0,0,0,0,0,0,0,0,0,0,0,0,0,0,0,0,5942,2250,2085,88,8.0,239.8,259.6,222.1,219.5,220.3,219.3,0.0,0.0,0.0,0.0,0.0,0.0,4.17,4.50,3.81,3.71,4.56,4.59,0.37,0.29,4.05,0.12,0.00,0,0,0.0,0.0,13576,1181,2.3,2.1,0,
8.7.2026,15:20:7.564,18388,27605,39.9,13386,19296,40.9,0.5,13312,70,1.322,1.319,1.312,1.319,1.325,1.325,1.325,1.325,1.325,4067.7,4067.7,4067.7,4067.7,4067.7,4067.7,4067.7,4067.7,4067.7,99.8,1515.6,3666.7,2349.0,1570.6,2814.3,1541.6,1971.4,1277.8,1642.2,737.9,851.7,1118.7,1244.6,919.5,1126.8,668.4,748.2,1515.6,33.5,49.9,56.3,37.6,68.3,36.6,47.1,29.6,38.9,17.3,19.3,26.2,29.5,20.9,26.6,14.8,16.9,68.3,33.5,38.0,56.4,63.6,42.4,77.2,41.4,53.2,34.1,44.0,19.5,22.5,29.6,33.3,23.6,30.0,17.5,19.8,38.0,40.8,40.8,40.8,40.8,40.8,40.8,40.8,40.8,40.8,0.0,83.2,89.9,95.5,88.6,85.5,75.5,80.0,77.8,73.0,16.8,10.1,4.5,11.4,14.5,24.5,20.0,22.2,27.0,0.0,0.0,0.0,0.0,0.0,0.0,0.0,0.0,0.0,1197.8,12.00,16,16,16,39,55,661,1,73.1,72.6,71.2,69.0,71.5,71.6,71.0,69.2,67.2,67.7,67.1,66.3,63.8,64.1,63.6,55.0,52.4,1.319,1.031,1.325,14.313,11.105,14.305,74.911,39.669,4.380,5.847,6.002,5.044,4.381,3.247,3.869,3.594,3.056,19.195,11.446,30.640,39.788,1197.8,1197.8,4079.0,4079.1,4078.8,4079.1,45.2,23.8,83.2,76.4,54.6,No,No,No,1.609,0.500,6.7,50,95.0,100.0,No,No,91293,99096,35,99.0,No,No,3320,0.1,0.0,0.1,0.198,0.067,79789,50208,0.0,0.0,0.0,0.000,0.000,52,0,51.7,66.8,83.0,0.800,12.135,12.180,12.155,12.070,1131,50.490,19.659,29.907,8.562,42.251,25.613,16.615,0.336,29.907,21.238,3.190,18.975,220.000,240.000,1440.0,1750.2,1260.0,1489.3,1365.0,39.0,9.0,0.0,3.0,27.5,4.1,16.3,0.0,0.0,0.0,33,Yes,No,No,No,No,Yes,No,23.2,25.9,0,0,0,0,0,0,0,0,0,9,0,0,0,0,0,0,0,0,0,0,0,0,0,0,0,0,0,0,0,0,5942,2250,2085,88,8.0,239.8,258.0,223.5,205.1,211.2,204.7,0.0,0.0,0.0,0.0,0.0,0.0,4.17,4.55,3.86,3.59,4.78,4.91,0.40,0.27,4.06,0.11,0.00,0,0,0.0,0.0,13576,1181,3.3,4.9,0,
8.7.2026,15:20:9.564,18398,27595,40.0,13386,19295,40.9,0.5,13312,70,1.326,1.312,1.319,1.319,1.331,1.331,1.331,1.331,1.331,4067.7,4067.7,4067.7,4067.7,4067.7,4067.7,4067.7,4067.7,4067.7,99.8,1494.1,3630.6,2307.8,1245.8,3131.7,1331.2,2123.7,1275.5,1612.2,761.7,798.0,1151.3,1246.7,939.4,1024.7,635.6,689.2,1494.1,33.1,48.8,55.1,29.3,76.4,31.1,50.7,30.5,38.1,17.7,19.1,26.9,29.5,21.2,23.9,15.2,16.5,76.4,33.1,37.4,55.3,62.4,33.2,86.4,35.3,57.5,34.0,43.2,20.1,21.0,30.5,33.4,24.1,27.2,16.5,18.1,37.4,40.8,40.8,40.8,40.8,40.8,40.8,40.8,40.8,40.8,0.0,82.3,89.0,95.3,87.9,85.0,73.9,79.7,76.3,71.2,17.7,11.0,4.7,12.1,15.0,26.1,20.3,23.7,28.8,0.0,0.0,0.0,0.0,0.0,0.0,0.0,0.0,0.0,1197.8,12.00,16,16,16,39,55,661,1,72.9,72.4,74.0,68.8,71.2,71.5,70.8,69.1,66.9,67.7,66.8,66.2,63.7,64.0,63.5,55.2,52.4,1.344,1.031,1.350,14.176,11.109,14.178,74.055,39.558,4.341,5.735,6.041,4.999,4.349,3.216,3.889,3.520,2.979,19.023,11.449,30.472,39.625,1197.8,1197.8,4081.0,4081.0,4081.0,4081.0,45.0,23.6,82.3,76.2,54.6,No,No,No,1.557,0.468,6.6,50,95.0,100.0,No,No,91293,99096,35,99.0,No,No,3320,0.0,0.0,0.0,0.000,0.028,79789,50208,0.0,0.0,0.0,0.000,0.000,52,0,51.4,66.4,83.0,0.781,12.141,12.188,12.159,12.075,1131,48.017,17.956,26.438,7.337,39.845,25.141,14.687,0.336,26.438,21.086,3.066,15.189,220.000,240.000,1395.0,1750.2,1215.0,1422.7,1320.0,38.0,8.0,0.0,3.0,27.5,3.9,15.7,0.0,0.0,0.0,33,Yes,No,No,No,No,Yes,No,21.6,25.3,0,0,0,0,0,0,0,0,0,9,0,0,0,0,0,0,0,0,0,0,0,0,0,0,0,0,0,0,0,0,5940,2252,2087,90,8.0,239.8,259.5,221.6,201.3,211.8,196.2,0.0,0.0,0.0,0.0,0.0,0.0,4.17,4.49,3.84,3.32,4.71,5.13,0.39,0.33,4.06,0.11,0.00,0,0,0.0,0.0,13576,1181,2.2,1.6,0,
8.7.2026,15:20:11.567,18401,27592,40.0,13392,19289,40.9,0.5,13312,70,1.336,1.325,1.337,1.337,1.337,1.337,1.337,1.337,1.337,4092.6,4092.6,4092.6,4092.6,4092.6,4092.6,4092.6,4092.6,4092.6,99.8,1469.0,3638.5,2289.9,1554.1,2801.1,1442.2,1975.2,1416.5,1341.6,824.4,696.3,1359.9,928.4,1109.4,822.5,690.7,613.1,1469.0,32.5,49.2,54.8,36.9,68.2,34.0,47.4,33.5,31.6,19.4,16.2,32.3,21.6,25.7,19.1,16.1,14.2,68.2,32.5,36.8,55.7,62.0,41.7,77.3,38.5,53.7,38.0,35.8,21.9,18.3,36.5,24.5,29.0,21.6,18.2,16.0,36.8,41.0,41.0,41.0,41.0,41.0,41.0,41.0,41.0,41.0,0.0,81.7,89.1,95.0,88.0,83.7,73.2,78.3,75.8,70.8,18.3,10.9,5.0,12.0,16.3,26.8,21.7,24.2,29.2,0.0,0.0,0.0,0.0,0.0,0.0,0.0,0.0,0.0,1197.8,12.00,16,16,16,39,55,661,1,72.6,72.4,72.2,68.7,71.3,71.5,70.8,68.8,66.9,67.6,66.8,66.1,63.7,64.0,63.4,56.5,52.0,1.356,1.031,1.363,14.051,11.112,14.053,73.574,39.453,4.321,5.798,6.037,5.002,4.220,3.191,3.822,3.509,2.988,18.876,11.453,30.329,39.484,1197.8,1197.8,4083.4,4083.8,4083.0,4083.8,44.9,23.4,81.7,76.2,54.4,No,No,No,1.536,0.503,6.5,50,95.0,100.0,No,No,91293,99096,35,99.0,No,No,3320,0.0,0.0,0.1,0.040,0.087,79789,50208,0.0,0.0,0.0,0.000,0.000,52,0,51.6,66.8,83.0,0.806,12.137,12.183,12.156,12.072,1129,50.197,18.975,28.686,7.980,41.233,25.278,15.937,0.336,28.686,20.865,3.279,17.469,220.000,240.000,1455.0,1750.2,1275.0,1420.0,1380.0,38.0,9.0,0.0,3.0,27.5,4.2,16.9,0.0,0.0,0.0,33,Yes,No,No,No,No,Yes,No,22.5,27.5,0,0,0,0,0,0,0,0,0,9,0,0,0,0,0,0,0,0,0,0,0,0,0,0,0,0,0,0,0,0,5940,2252,2087,90,8.0,234.7,258.9,219.4,49.3,87.8,40.2,233.6,242.6,235.9,47.0,79.8,40.0,4.26,4.58,3.74,1.30,12.56,28.40,0.47,0.30,4.04,0.22,0.31,0,0,0.0,0.0,13576,1181,3.0,2.9,0,
8.7.2026,15:20:13.561,18402,27592,40.0,13395,19287,40.9,0.5,13312,70,1.317,1.344,1.319,1.312,1.312,1.312,1.312,1.312,1.312,4067.7,4067.7,4067.7,4067.7,4067.7,4067.7,4067.7,4067.7,4067.7,99.8,1512.2,3649.4,2326.6,3016.9,1476.2,2079.3,1439.0,1739.8,1194.8,900.1,697.5,1428.7,921.4,1182.1,814.1,732.6,597.0,1512.2,33.4,48.6,55.6,73.3,35.0,49.7,34.0,41.6,28.0,21.1,16.1,33.9,21.5,27.4,18.8,16.9,13.7,73.3,33.4,37.9,55.0,63.0,83.0,39.6,56.3,38.5,47.2,31.7,24.0,18.3,38.4,24.4,31.0,21.4,19.3,15.6,37.9,40.8,40.8,40.8,40.8,40.8,40.8,40.8,40.8,40.8,0.0,82.2,89.4,95.3,88.6,84.6,73.7,79.3,75.8,71.0,17.8,10.6,4.7,11.4,15.4,26.3,20.7,24.2,29.0,0.0,0.0,0.0,0.0,0.0,0.0,0.0,0.0,0.0,1197.8,12.00,16,16,16,39,55,661,1,72.5,72.5,72.8,68.8,71.4,71.6,70.8,69.1,66.9,67.5,66.8,66.0,63.7,64.0,63.4,56.5,52.3,1.337,1.025,1.337,14.307,11.117,14.310,73.979,39.713,4.348,5.761,6.111,5.052,4.353,3.218,3.841,3.498,2.952,19.216,11.457,30.673,39.831,1197.8,1197.8,4083.2,4083.3,4083.0,4083.3,45.3,23.8,82.2,76.3,55.1,No,No,No,1.596,0.474,6.6,50,95.0,100.0,No,No,91293,99096,35,99.0,No,No,3320,0.0,0.0,0.0,0.014,0.014,79789,50208,0.0,0.0,0.0,0.000,0.000,52,0,51.4,66.4,83.0,0.775,12.140,12.186,12.159,12.075,1129,47.702,17.819,25.250,6.946,39.310,25.260,14.027,0.336,25.250,21.345,2.775,17.688,220.000,240.000,1380.0,1750.2,1200.0,1409.6,1305.0,39.0,8.0,0.0,3.0,27.5,4.0,15.8,0.0,0.0,0.0,33,Yes,No,No,No,No,Yes,No,21.2,24.5,0,0,0,0,0,0,0,0,0,9,0,0,0,0,0,0,0,0,0,0,0,0,0,0,0,0,0,0,0,0,5940,2252,2087,90,8.0,239.8,264.5,221.3,215.2,217.6,214.5,0.0,0.0,0.0,0.0,0.0,0.0,4.17,4.56,3.77,3.63,4.63,4.66,0.38,0.36,4.06,0.11,0.00,0,0,0.0,0.0,13576,1181,3.9,2.3,0,
8.7.2026,15:20:15.562,18402,27592,40.0,13396,19286,40.9,0.5,13312,70,1.335,1.331,1.337,1.337,1.337,1.337,1.337,1.331,1.331,4067.7,4067.7,4067.7,4067.7,4067.7,4067.7,4067.7,4067.7,4067.7,99.8,1467.2,3603.9,2030.7,3024.2,1369.3,2102.2,1412.3,1675.9,1184.7,916.6,628.4,1434.4,905.7,1171.0,746.9,699.0,570.7,1467.2,32.7,53.3,48.3,73.3,32.5,50.4,33.3,39.9,27.8,21.6,14.5,34.0,21.1,27.1,17.2,16.3,13.1,73.3,32.7,37.0,60.3,54.7,83.0,36.7,57.0,37.7,45.1,31.4,24.4,16.4,38.5,23.9,30.6,19.4,18.3,14.8,37.0,40.8,40.8,40.8,40.8,40.8,40.8,40.8,40.8,40.8,0.0,81.5,88.3,94.9,88.3,84.5,72.8,78.3,75.1,69.7,18.5,11.7,5.1,11.7,15.5,27.2,21.7,24.9,30.3,0.0,0.0,0.0,0.0,0.0,0.0,0.0,0.0,0.0,1197.8,12.00,16,16,16,39,55,661,1,72.5,72.3,73.0,68.7,71.1,71.3,70.9,69.1,66.8,67.5,66.7,65.9,63.7,64.0,63.4,55.5,52.3,1.337,1.038,1.344,14.195,11.118,14.193,73.330,39.559,4.314,5.675,5.972,5.061,4.377,3.199,3.839,3.483,2.902,19.055,11.457,30.512,39.657,1197.8,1197.8,4083.1,4083.1,4083.2,4083.4,45.1,23.7,81.5,76.1,55.1,No,No,No,1.557,0.454,6.5,50,95.0,100.0,No,No,91293,99096,35,99.0,No,No,3320,0.0,0.0,0.1,0.030,0.073,79789,50208,0.0,0.0,0.0,0.000,0.000,52,0,51.3,66.4,83.0,0.775,12.136,12.182,12.156,12.072,1132,46.809,17.940,25.555,7.199,39.578,25.363,14.197,0.336,25.555,21.552,2.899,17.163,220.000,240.000,1365.0,1750.2,1200.0,1358.9,1305.0,39.0,8.0,0.0,3.0,27.5,4.0,16.2,0.0,0.0,0.0,33,Yes,No,No,No,No,Yes,No,21.4,26.1,0,0,0,0,0,0,0,0,0,9,0,0,0,0,0,0,0,0,0,0,0,0,0,0,0,0,0,0,0,0,5940,2252,2087,90,8.0,239.8,259.8,218.9,214.9,216.5,214.3,0.0,0.0,0.0,0.0,0.0,0.0,4.17,4.62,3.82,3.59,4.67,4.69,0.40,0.32,4.05,0.11,0.00,0,0,0.0,0.0,13576,1181,2.7,1.5,0,
8.7.2026,15:20:17.572,18404,27590,40.0,13394,19287,40.9,0.5,13312,70,1.325,1.319,1.319,1.325,1.325,1.325,1.325,1.331,1.331,4067.7,4067.7,4067.7,4067.7,4067.7,4067.7,4067.7,4067.7,4067.7,99.8,1420.5,3585.5,1600.6,2154.1,2323.1,1702.9,1638.1,1473.2,1227.2,911.6,648.4,1403.4,844.5,1116.5,753.9,703.4,642.1,1420.5,32.1,60.1,37.7,52.1,56.3,40.5,39.0,35.1,28.9,21.6,15.0,33.4,19.7,26.0,17.5,16.3,15.0,60.1,32.1,36.4,68.1,42.7,59.0,63.7,45.9,44.2,39.7,32.7,24.4,17.1,37.9,22.3,29.4,19.8,18.5,17.0,36.4,40.8,40.8,40.8,40.8,40.8,40.8,40.8,40.8,40.8,0.0,79.8,87.8,95.3,86.2,82.2,70.5,76.1,72.8,67.7,20.2,12.2,4.7,13.8,17.8,29.5,23.9,27.2,32.3,0.0,0.0,0.0,0.0,0.0,0.0,0.0,0.0,0.0,1197.8,12.00,16,16,16,39,55,661,1,72.4,72.2,73.8,68.5,70.9,71.4,70.4,68.7,66.7,67.2,66.5,65.8,63.6,63.9,63.3,53.8,51.6,1.362,1.025,1.356,13.867,11.103,13.866,71.827,39.173,4.252,5.646,6.157,4.878,4.148,3.169,3.700,3.400,2.922,18.644,11.439,30.083,39.225,1197.8,1197.8,4085.4,4085.5,4085.3,4085.5,44.6,23.1,79.8,76.0,54.6,No,No,No,1.566,0.481,6.4,50,95.0,100.0,No,No,91293,99096,35,99.0,No,No,3320,0.0,0.0,0.0,0.000,0.016,79789,50208,0.0,0.0,0.0,0.000,0.000,52,0,51.5,66.7,83.0,0.794,12.141,12.188,12.160,12.076,1129,48.452,18.703,27.154,7.618,40.309,25.203,15.085,0.336,27.154,21.112,6.752,16.310,220.000,240.000,1425.0,1750.2,1245.0,1389.4,1350.0,38.0,8.0,0.0,3.0,27.5,4.0,15.9,0.0,0.0,0.0,33,Yes,No,No,No,No,Yes,No,21.9,27.1,0,0,0,0,0,0,0,0,0,9,0,0,0,0,0,0,0,0,0,0,0,0,0,0,0,0,0,0,0,0,5940,2252,2087,90,8.0,239.8,260.3,222.8,214.6,217.8,213.9,239.8,242.5,237.4,237.2,237.3,237.2,4.17,4.59,3.82,3.68,4.65,4.70,0.45,0.34,4.06,0.11,0.11,0,0,0.0,0.0,13576,1181,3.1,4.9,0,
8.7.2026,15:20:19.563,18406,27587,40.0,13399,19282,40.9,0.5,13312,70,1.338,1.312,1.356,1.350,1.337,1.337,1.337,1.337,1.337,4092.6,4042.7,4117.6,4117.6,4092.6,4092.6,4092.6,4092.6,4092.6,99.8,1445.8,3580.2,1641.0,1496.2,3058.1,1518.8,1949.5,1433.9,1385.5,835.0,691.5,1397.5,879.4,1143.4,814.1,739.4,569.7,1445.8,32.6,60.0,38.5,35.6,74.5,35.8,46.4,34.0,32.7,19.5,15.9,33.1,20.4,26.5,18.8,17.2,13.1,74.5,32.6,37.0,68.0,43.6,40.4,84.4,40.6,52.6,38.5,37.0,22.2,18.1,37.5,23.1,30.0,21.4,19.5,14.8,37.0,41.0,40.5,41.2,41.2,41.0,41.0,41.0,41.0,41.0,0.0,81.0,87.6,96.5,86.7,83.8,71.9,77.3,74.6,69.2,19.0,12.4,3.5,13.3,16.2,28.1,22.7,25.4,30.8,0.0,0.0,0.0,0.0,0.0,0.0,0.0,0.0,0.0,1197.8,12.00,16,16,16,39,55,661,1,72.4,72.2,72.5,68.6,70.8,71.7,70.5,68.9,66.8,67.3,66.5,65.9,63.6,63.9,63.3,53.8,51.8,1.362,1.019,1.356,14.107,11.102,14.108,72.863,39.442,4.303,5.596,6.240,4.931,4.278,3.179,3.788,3.478,2.936,18.972,11.442,30.414,39.562,1197.8,1197.8,4085.9,4086.0,4085.8,4086.0,45.0,23.5,81.0,76.0,54.9,No,No,No,1.555,0.469,6.5,50,95.0,100.0,No,No,91293,99096,35,99.0,No,No,3320,0.0,0.0,0.0,0.026,0.008,79790,50208,0.0,0.0,0.0,0.000,0.000,52,0,51.3,66.2,83.0,0.769,12.141,12.188,12.160,12.076,1131,47.435,17.360,24.912,6.679,38.862,25.009,13.839,0.336,24.912,20.961,2.808,15.286,220.000,240.000,1350.0,1750.2,1185.0,1390.2,1275.0,38.0,8.0,0.0,3.0,27.5,3.8,15.2,0.0,0.0,0.0,33,Yes,No,No,No,No,Yes,No,20.9,24.8,0,0,0,0,0,0,0,0,0,9,0,0,0,0,0,0,0,0,0,0,0,0,0,0,0,0,0,0,0,0,5940,2252,2087,90,8.0,239.8,260.8,223.6,214.1,218.3,212.7,239.8,242.7,236.4,236.0,236.1,236.0,4.17,4.50,3.78,3.56,4.59,4.70,0.47,0.31,4.06,0.11,0.11,0,0,0.0,0.0,13576,1181,2.5,2.5,0,
8.7.2026,15:20:21.576,18416,27577,40.0,13397,19285,40.9,0.5,13312,70,1.323,1.331,1.344,1.319,1.319,1.319,1.319,1.319,1.319,4070.8,4092.6,4067.7,4067.7,4067.7,4067.7,4067.7,4067.7,4067.7,99.8,1470.4,3586.0,1588.3,1497.5,2990.8,1538.6,1947.7,1412.4,1377.1,899.4,702.4,1440.5,887.1,1114.4,805.2,869.5,869.6,1470.4,33.5,61.3,37.4,35.8,73.1,36.4,46.8,33.6,32.5,21.3,16.4,34.4,20.7,26.0,18.7,20.4,20.6,73.1,33.5,37.8,69.3,42.2,40.4,82.5,41.1,52.9,37.9,36.7,24.1,18.5,38.8,23.3,29.3,21.1,23.1,23.1,37.8,40.8,41.0,40.8,40.8,40.8,40.8,40.8,40.8,40.8,0.0,81.3,88.0,95.9,87.1,83.1,72.2,77.8,74.3,72.4,18.7,12.0,4.1,12.9,16.9,27.8,22.2,25.7,27.6,0.0,0.0,0.0,0.0,0.0,0.0,0.0,0.0,0.0,1197.8,12.00,16,16,16,39,55,661,1,72.9,73.3,70.2,69.1,71.1,71.8,71.0,69.1,67.1,68.1,67.0,67.7,63.7,64.0,63.4,56.8,52.7,1.350,1.031,1.344,14.472,11.080,14.474,73.206,39.946,4.414,5.642,6.147,5.056,4.256,3.250,3.896,3.507,3.559,19.404,11.421,30.825,39.975,1197.8,1197.8,4075.8,4076.2,4075.4,4076.2,45.4,24.1,81.3,77.2,54.8,No,No,No,1.543,0.485,6.5,50,95.0,100.0,No,No,91293,99096,35,99.0,No,No,3320,0.1,1.5,1.7,0.147,7.955,79790,50223,0.0,0.0,0.0,0.000,0.000,52,0,51.1,66.1,83.0,0.781,12.140,12.187,12.159,12.075,1129,47.066,17.747,25.827,6.971,39.140,24.765,14.348,0.336,25.827,20.613,2.853,16.793,220.000,240.000,1395.0,1750.2,1215.0,1371.4,1320.0,33.0,6.0,0.0,2.0,27.5,3.8,15.3,0.0,0.0,0.0,33,Yes,No,No,No,No,Yes,No,21.1,24.8,0,0,0,0,0,0,0,0,0,9,0,0,0,0,0,0,0,0,0,0,0,0,0,0,0,0,0,0,0,0,5940,2252,2087,90,8.0,239.8,262.0,222.4,210.5,215.1,209.4,239.8,242.7,236.7,235.7,236.2,235.5,4.17,4.50,3.78,3.53,4.65,4.74,0.45,0.24,4.06,0.11,0.10,0,0,0.0,0.0,13576,1181,2.8,1.8,0,
8.7.2026,15:20:23.575,18408,27586,40.0,13396,19286,40.9,0.5,13312,70,1.319,1.306,1.325,1.325,1.319,1.319,1.319,1.319,1.319,4064.5,4042.7,4067.7,4067.7,4067.7,4067.7,4067.7,4067.7,4067.7,99.8,1468.3,3625.6,1666.5,3138.7,1394.0,2147.3,1336.4,1564.7,1346.2,847.8,720.3,1369.2,1005.3,1100.5,816.1,797.8,617.1,1468.3,33.2,61.4,39.2,76.3,33.1,51.4,31.3,37.1,31.7,19.9,16.7,32.4,23.4,25.4,18.8,18.7,14.2,76.3,33.2,37.6,69.5,44.4,86.4,37.5,58.2,35.5,42.0,35.9,22.6,19.0,36.7,26.6,28.8,21.4,21.2,16.1,37.6,40.7,40.5,40.8,40.8,40.8,40.8,40.8,40.8,40.8,0.0,81.9,88.9,95.7,88.1,84.4,73.4,79.1,75.5,70.4,18.1,11.1,4.3,11.9,15.6,26.6,20.9,24.5,29.6,0.0,0.0,0.0,0.0,0.0,0.0,0.0,0.0,0.0,1197.8,12.00,16,16,16,39,55,661,1,72.9,72.5,70.8,68.8,71.1,71.7,70.8,69.1,66.9,67.6,66.7,66.1,63.7,64.0,63.4,53.8,52.3,1.344,1.038,1.344,14.208,11.098,14.207,73.732,39.514,4.319,5.685,6.111,4.981,4.335,3.182,3.833,3.453,2.971,19.050,11.438,30.488,39.636,1197.8,1197.8,4080.2,4080.2,4080.2,4080.2,45.0,23.7,81.9,76.3,55.0,No,No,No,1.550,0.474,6.6,50,95.0,100.0,No,No,91293,99096,35,99.0,No,No,3320,0.0,0.0,0.0,0.026,0.006,79790,50223,0.0,0.0,0.0,0.000,0.000,52,0,51.2,66.2,83.0,0.787,12.139,12.185,12.158,12.074,1131,47.411,18.261,26.349,7.262,39.902,25.234,14.638,0.336,26.349,21.148,3.011,18.386,220.000,240.000,1410.0,1750.2,1230.0,1374.6,1335.0,40.0,9.0,0.0,3.0,27.5,4.1,16.4,0.0,0.0,0.0,33,Yes,No,No,No,No,Yes,No,21.6,25.1,0,0,0,0,0,0,0,0,0,9,0,0,0,0,0,0,0,0,0,0,0,0,0,0,0,0,0,0,0,0,5940,2252,2087,90,8.0,239.8,257.0,222.5,215.8,219.2,214.2,0.0,0.0,0.0,0.0,0.0,0.0,4.17,4.54,3.85,3.76,4.59,4.64,0.42,0.34,4.06,0.11,0.00,0,0,0.0,0.0,13576,1181,2.2,2.2,0,
8.7.2026,15:20:25.571,18411,27582,40.0,13396,19286,40.9,0.5,13312,70,1.323,1.306,1.325,1.325,1.325,1.325,1.325,1.325,1.325,4086.4,4042.7,4092.6,4092.6,4092.6,4092.6,4092.6,4092.6,4092.6,99.8,1425.3,3607.0,1681.6,3100.1,1385.8,2119.5,1346.4,1368.6,1406.0,743.4,717.2,1106.5,1110.2,934.0,909.9,680.9,588.5,1425.3,32.1,58.4,39.5,75.4,33.0,50.9,31.7,32.5,33.2,17.4,16.7,26.0,26.3,21.3,21.3,15.9,13.6,75.4,32.1,36.2,66.1,44.7,85.3,37.3,57.5,35.8,36.7,37.5,19.7,18.9,29.4,29.6,24.1,24.0,17.9,15.4,36.2,40.9,40.5,41.0,41.0,41.0,41.0,41.0,41.0,41.0,0.0,81.7,88.4,95.7,88.4,84.4,72.8,78.1,75.7,70.1,18.3,11.6,4.3,11.6,15.6,27.2,21.9,24.3,29.9,0.0,0.0,0.0,0.0,0.0,0.0,0.0,0.0,0.0,1197.8,12.00,16,16,16,39,55,661,1,72.9,72.3,71.8,68.6,70.8,71.6,70.8,68.8,66.7,67.2,66.6,65.9,63.6,63.9,63.3,54.2,52.1,1.350,1.031,1.350,13.958,11.087,13.953,73.519,39.192,4.282,5.564,6.134,5.067,4.253,3.146,3.744,3.441,2.906,18.731,11.424,30.156,39.293,1197.8,1197.8,4081.9,4082.2,4081.5,4082.2,44.7,23.3,81.7,76.1,54.5,No,No,No,1.519,0.451,6.5,50,95.0,100.0,No,No,91293,99096,35,99.0,No,No,3320,0.0,0.0,0.0,0.000,0.069,79790,50223,0.0,0.0,0.0,0.000,0.000,52,0,51.2,66.2,83.0,0.781,12.140,12.187,12.158,12.075,1131,47.250,18.152,26.425,7.373,39.988,25.285,14.681,0.336,26.425,21.271,2.908,16.828,220.000,240.000,1395.0,1750.2,1215.0,1406.4,1320.0,39.0,8.0,0.0,3.0,27.5,3.7,15.0,0.0,0.0,0.0,33,Yes,No,No,No,No,Yes,No,21.7,25.9,0,0,0,0,0,0,0,0,0,9,0,0,0,0,0,0,0,0,0,0,0,0,0,0,0,0,0,0,0,0,5940,2252,2087,90,8.0,239.8,254.9,226.7,218.0,222.0,216.6,0.0,0.0,0.0,0.0,0.0,0.0,4.17,4.45,3.90,3.75,4.55,4.67,0.45,0.28,4.05,0.12,0.00,0,0,0.0,0.0,13576,1181,2.9,2.3,0,
8.7.2026,15:20:27.560,18406,27587,40.0,13396,19286,40.9,0.5,13312,70,1.337,1.344,1.325,1.337,1.337,1.337,1.337,1.337,1.337,4092.6,4092.6,4092.6,4092.6,4092.6,4092.6,4092.6,4092.6,4092.6,99.8,1445.1,3633.0,1672.8,2421.1,2076.8,1798.1,1643.6,1339.0,1478.7,722.0,807.8,1074.5,1193.3,920.6,1003.5,693.1,643.1,1445.1,32.5,59.5,39.1,58.6,50.0,42.8,38.9,31.7,34.8,16.8,18.9,25.2,28.2,20.9,23.4,16.1,14.8,59.5,32.5,36.8,67.4,44.3,66.3,56.5,48.4,44.1,35.9,39.4,19.0,21.4,28.5,31.9,23.6,26.5,18.2,16.8,36.8,41.0,41.0,41.0,41.0,41.0,41.0,41.0,41.0,41.0,0.0,82.7,89.0,96.2,87.9,85.3,74.9,79.6,76.8,71.8,17.3,11.0,3.8,12.1,14.7,25.1,20.4,23.2,28.2,0.0,0.0,0.0,0.0,0.0,0.0,0.0,0.0,0.0,1197.8,12.00,16,16,16,39,55,661,1,72.6,72.2,72.0,68.7,70.9,71.6,70.6,69.0,66.9,67.5,66.8,66.1,63.7,64.0,63.4,56.5,52.6,1.350,1.038,1.344,14.220,11.109,14.226,74.419,39.626,4.320,5.637,6.118,4.981,4.339,3.192,3.812,3.502,2.976,19.083,11.451,30.533,39.695,1197.8,1197.8,4081.8,4081.8,4081.8,4081.8,45.1,23.7,82.7,76.0,55.0,No,No,No,1.564,0.477,6.6,50,95.0,100.0,No,No,91293,99096,35,99.0,No,No,3320,0.0,0.0,0.0,0.000,0.018,79790,50223,0.0,0.0,0.0,0.000,0.000,52,0,51.6,66.7,83.0,0.825,12.139,12.185,12.158,12.073,1129,50.229,19.575,30.302,8.737,42.007,25.148,16.834,0.336,30.302,20.767,3.394,17.922,220.000,240.000,1515.0,1750.2,1320.0,1407.7,1425.0,37.0,9.0,0.0,3.0,27.5,4.1,16.4,0.0,0.0,0.0,33,Yes,No,No,No,No,Yes,No,23.2,26.2,0,0,0,0,0,0,0,0,0,9,0,0,0,0,0,0,0,0,0,0,0,0,0,0,0,0,0,0,0,0,5940,2252,2087,90,8.0,239.8,257.5,225.7,218.5,222.2,216.7,0.0,0.0,0.0,0.0,0.0,0.0,4.17,4.50,3.84,3.47,4.60,4.72,0.42,0.34,4.05,0.12,0.00,0,0,0.0,0.0,13576,1181,3.4,4.5,0,
8.7.2026,15:20:29.567,18411,27583,40.0,13396,19286,40.9,0.5,13312,70,1.333,1.319,1.356,1.331,1.331,1.331,1.331,1.331,1.331,4086.4,4042.7,4092.6,4092.6,4092.6,4092.6,4092.6,4092.6,4092.6,99.8,1464.5,3607.4,2020.5,1353.9,3016.2,1232.7,2224.6,1230.6,1622.2,689.3,840.7,1088.6,1277.4,903.7,1058.6,614.3,651.6,1464.5,32.5,51.2,47.8,32.1,73.4,28.8,53.4,29.0,38.5,15.9,19.7,25.5,30.2,20.5,24.9,14.1,15.1,73.4,32.5,36.8,58.0,54.1,36.3,83.1,32.6,60.4,32.8,43.5,18.1,22.3,28.8,34.2,23.2,28.1,16.0,17.1,36.8,40.9,40.5,41.0,41.0,41.0,41.0,41.0,41.0,41.0,0.0,82.4,88.4,95.1,88.7,85.0,74.3,79.7,76.6,71.3,17.6,11.6,4.9,11.3,15.0,25.7,20.3,23.4,28.7,0.0,0.0,0.0,0.0,0.0,0.0,0.0,0.0,0.0,1197.8,12.00,16,16,16,39,55,661,1,72.6,72.3,73.8,68.7,70.9,71.5,70.9,69.0,67.0,67.5,66.9,66.0,63.7,64.0,63.4,55.5,52.5,1.344,1.025,1.337,14.111,11.107,14.111,74.142,39.462,4.314,5.552,6.028,5.066,4.321,3.200,3.850,3.555,2.940,18.934,11.446,30.380,39.525,1197.8,1197.8,4080.8,4080.8,4080.8,4080.8,44.9,23.5,82.4,76.1,54.7,No,No,No,1.530,0.427,6.6,50,95.0,100.0,No,No,91293,99096,35,99.0,No,No,3320,0.0,0.0,0.0,0.000,0.012,79790,50224,0.0,0.0,0.0,0.000,0.000,52,0,51.3,66.3,83.0,0.775,12.137,12.183,12.155,12.072,1132,48.839,18.882,26.293,7.310,39.882,25.243,14.606,0.336,26.293,21.222,12.767,14.866,220.000,240.000,1380.0,1750.2,1200.0,1474.6,1305.0,39.0,8.0,0.0,3.0,27.5,3.8,15.2,0.0,0.0,0.0,33,Yes,No,No,No,No,Yes,No,21.6,24.9,0,0,0,0,0,0,0,0,0,9,0,0,0,0,0,0,0,0,0,0,0,0,0,0,0,0,0,0,0,0,5940,2252,2087,90,8.0,239.8,260.0,224.8,218.7,221.6,217.5,0.0,0.0,0.0,0.0,0.0,0.0,4.17,4.49,3.83,3.65,4.53,4.55,0.41,0.30,4.05,0.12,0.00,0,0,0.0,0.0,13576,1181,2.4,2.1,0,
8.7.2026,15:20:31.572,18407,27587,40.0,13394,19288,40.9,0.5,13312,70,1.320,1.325,1.319,1.319,1.319,1.319,1.319,1.319,1.319,4067.7,4067.7,4067.7,4067.7,4067.7,4067.7,4067.7,4067.7,4067.7,99.8,1478.8,3607.0,2206.6,1216.5,3196.9,1298.8,2218.4,1149.6,1748.8,664.0,850.1,1060.4,1283.4,818.6,1125.7,603.9,611.6,1478.8,32.7,48.1,52.7,28.7,78.0,30.4,53.2,27.1,41.5,15.3,19.9,24.7,30.4,18.3,26.5,13.9,14.1,78.0,32.7,37.0,54.4,59.6,32.5,88.2,34.5,60.2,30.7,47.0,17.4,22.5,28.0,34.4,20.8,30.0,15.8,16.0,37.0,40.8,40.8,40.8,40.8,40.8,40.8,40.8,40.8,40.8,0.0,82.2,88.4,95.5,88.2,85.1,73.8,79.0,76.3,71.0,17.8,11.6,4.5,11.8,14.9,26.2,21.0,23.7,29.0,0.0,0.0,0.0,0.0,0.0,0.0,0.0,0.0,0.0,1197.8,12.00,16,16,16,39,55,661,1,72.6,72.4,72.2,68.7,71.0,71.7,70.8,69.1,67.0,67.5,66.8,66.0,63.7,64.0,63.4,56.2,52.3,1.331,1.025,1.344,14.119,11.097,14.117,73.948,39.442,4.321,5.601,6.118,5.039,4.367,3.171,3.835,3.523,2.912,18.947,11.434,30.381,39.529,1197.8,1197.8,4081.1,4081.1,4081.1,4081.1,44.9,23.5,82.2,76.2,54.7,No,No,No,1.558,0.466,6.6,51,95.0,100.0,No,No,91293,99096,35,99.0,No,No,3320,0.0,0.0,0.0,0.032,0.006,79790,50224,0.0,0.0,0.0,0.000,0.000,52,0,51.3,66.6,83.0,0.787,12.137,12.183,12.155,12.072,1131,47.366,18.313,26.912,7.602,40.235,25.267,14.950,0.336,26.912,21.256,3.039,16.618,220.000,240.000,1410.0,1750.2,1230.0,1386.6,1335.0,39.0,8.0,0.0,3.0,27.5,4.1,16.4,0.0,0.0,0.0,33,Yes,No,No,No,No,Yes,No,21.9,25.7,0,0,0,0,0,0,0,0,0,9,0,0,0,0,0,0,0,0,0,0,0,0,0,0,0,0,0,0,0,0,5940,2252,2087,90,8.0,239.8,265.1,218.1,214.2,215.4,213.9,0.0,0.0,0.0,0.0,0.0,0.0,4.17,4.59,3.77,3.48,4.66,4.70,0.38,0.35,4.05,0.12,0.00,0,0,0.0,0.0,13576,1181,2.7,2.6,0,
8.7.2026,15:20:33.569,18407,27587,40.0,13391,19291,40.9,0.5,13312,70,1.318,1.312,1.319,1.319,1.319,1.319,1.319,1.319,1.319,4067.7,4067.7,4067.7,4067.7,4067.7,4067.7,4067.7,4067.7,4067.7,99.8,1526.8,3622.1,2275.9,2690.8,1829.2,1927.6,1664.6,1430.2,1480.0,785.6,870.6,1109.9,1244.1,978.9,1096.7,702.3,720.6,1526.8,34.0,49.0,54.4,65.3,44.0,46.2,39.6,34.0,35.0,18.4,20.5,26.1,29.5,22.4,25.9,16.4,16.8,65.3,34.0,38.4,55.4,61.5,73.9,49.7,52.2,44.8,38.4,39.5,20.8,23.1,29.5,33.3,25.3,29.2,18.5,19.0,38.4,40.8,40.8,40.8,40.8,40.8,40.8,40.8,40.8,40.8,0.0,82.7,88.8,95.7,88.9,85.0,75.0,79.4,77.5,71.8,17.3,11.2,4.3,11.1,15.0,25.0,20.6,22.5,28.2,0.0,0.0,0.0,0.0,0.0,0.0,0.0,0.0,0.0,1197.8,12.00,16,16,16,39,55,661,1,72.6,72.6,73.2,68.8,71.2,71.6,71.1,69.1,67.0,67.6,66.9,66.2,63.7,64.0,63.5,56.8,52.3,1.344,1.031,1.344,14.239,11.109,14.237,74.471,39.607,4.365,5.667,6.132,5.130,4.317,3.266,3.837,3.553,3.014,19.093,11.448,30.541,39.693,1197.8,1197.8,4078.6,4078.6,4078.6,4078.6,45.1,23.7,82.7,76.4,54.5,No,No,No,1.591,0.490,6.6,50,95.0,100.0,No,No,91293,99096,35,99.0,No,No,3320,0.0,0.0,0.0,0.008,0.024,79790,50224,0.0,0.0,0.0,0.000,0.000,52,0,51.5,66.5,83.0,0.812,12.133,12.178,12.153,12.068,1132,49.862,19.528,29.863,8.573,42.036,25.427,16.590,0.336,29.863,21.075,3.330,18.183,220.000,240.000,1470.0,1750.2,1290.0,1463.5,1395.0,39.0,9.0,0.0,3.0,27.5,4.1,16.4,0.0,0.0,0.0,33,Yes,No,No,No,No,Yes,No,23.2,25.1,0,0,0,0,0,0,0,0,0,9,0,0,0,0,0,0,0,0,0,0,0,0,0,0,0,0,0,0,0,0,5940,2252,2087,90,8.0,239.8,256.9,220.4,214.4,216.0,213.7,239.8,242.2,236.7,235.3,235.9,235.1,4.17,4.52,3.87,3.81,4.62,4.68,0.43,0.24,4.05,0.12,0.10,0,0,0.0,0.0,13576,1181,2.4,1.4,0,
8.7.2026,15:20:35.573,18410,27584,40.0,13394,19287,40.9,0.5,13312,70,1.320,1.331,1.319,1.319,1.319,1.319,1.319,1.319,1.319,4067.7,4067.7,4067.7,4067.7,4067.7,4067.7,4067.7,4067.7,4067.7,99.8,1473.2,3581.4,2202.9,2945.0,1493.8,1902.4,1498.9,1406.6,1415.3,744.0,824.7,1022.1,1306.2,970.1,1012.7,655.1,590.6,1473.2,32.7,48.9,52.5,71.5,35.5,45.5,35.5,33.4,33.4,17.4,19.4,24.0,31.0,22.2,23.7,15.2,13.6,71.5,32.7,37.0,55.3,59.4,80.9,40.2,51.5,40.1,37.8,37.8,19.6,21.9,27.1,35.1,25.1,26.9,17.2,15.4,37.0,40.8,40.8,40.8,40.8,40.8,40.8,40.8,40.8,40.8,0.0,81.2,87.7,95.1,87.1,83.9,73.0,77.6,75.3,70.0,18.8,12.3,4.9,12.9,16.1,27.0,22.4,24.7,30.0,0.0,0.0,0.0,0.0,0.0,0.0,0.0,0.0,0.0,1197.8,12.00,16,16,16,39,55,661,1,72.6,72.4,71.5,68.7,71.2,71.5,70.7,68.9,67.0,67.5,66.9,65.9,63.7,64.0,63.4,54.0,51.8,1.350,1.031,1.350,14.112,11.089,14.114,73.086,39.446,4.316,5.675,6.075,4.988,4.277,3.207,3.833,3.559,2.913,18.952,11.427,30.379,39.530,1197.8,1197.8,4083.4,4083.6,4083.1,4083.6,44.9,23.5,81.2,76.2,54.7,No,No,No,1.537,0.483,6.5,50,95.0,100.0,No,No,91293,99096,35,99.0,No,No,3320,0.0,0.0,0.0,0.008,0.075,79790,50224,0.0,0.0,0.0,0.000,0.000,52,0,51.5,66.5,83.0,0.812,12.139,12.186,12.158,12.073,1133,49.954,18.312,26.894,7.263,39.478,24.521,14.940,0.336,26.894,20.181,3.111,19.503,220.000,240.000,1470.0,1750.2,1290.0,1457.9,1395.0,35.0,8.0,0.0,3.0,27.5,4.0,16.1,0.0,0.0,0.0,33,Yes,No,No,No,No,Yes,No,21.4,27.3,0,0,0,0,0,0,0,0,0,9,0,0,0,0,0,0,0,0,0,0,0,0,0,0,0,0,0,0,0,0,5937,2255,2090,90,8.0,239.7,259.5,222.6,216.9,218.4,216.5,0.0,0.0,0.0,0.0,0.0,0.0,4.17,4.50,3.83,3.67,4.59,4.66,0.39,0.36,4.06,0.11,0.00,0,0,0.0,0.0,13576,1181,8.3,5.1,0,
8.7.2026,15:20:37.568,18419,27575,40.0,13398,19284,40.9,0.5,13312,70,1.315,1.319,1.319,1.319,1.312,1.312,1.312,1.312,1.312,4067.7,4067.7,4067.7,4067.7,4067.7,4067.7,4067.7,4067.7,4067.7,99.8,1477.6,3556.9,2267.2,2365.4,2072.6,1648.2,1666.9,1352.2,1420.4,776.6,795.1,1173.7,1204.4,900.2,989.2,739.1,713.3,1477.6,32.9,47.1,54.4,57.5,49.9,39.4,39.8,32.3,33.7,18.3,18.7,27.9,28.7,20.6,23.3,17.3,16.7,57.5,32.9,37.1,53.2,61.4,65.0,56.5,44.5,45.0,36.4,38.1,20.6,21.1,31.5,32.4,23.3,26.3,19.6,18.9,37.1,40.8,40.8,40.8,40.8,40.8,40.8,40.8,40.8,40.8,0.0,80.1,87.2,95.6,85.7,82.5,71.0,77.4,72.9,68.8,19.9,12.8,4.4,14.3,17.5,29.0,22.6,27.1,31.2,0.0,0.0,0.0,0.0,0.0,0.0,0.0,0.0,0.0,1197.8,12.00,16,16,16,39,55,661,1,73.1,73.5,72.2,69.2,71.5,71.9,71.0,69.4,67.6,68.5,67.0,67.0,63.7,64.0,63.5,53.5,51.6,1.350,1.025,1.356,14.433,11.093,14.435,72.120,39.891,4.407,5.662,6.183,4.927,4.319,3.378,4.085,3.489,3.213,19.385,11.435,30.821,39.964,1197.8,1197.8,4079.5,4079.9,4079.2,4079.9,45.4,24.1,80.1,77.4,54.8,No,No,No,1.509,0.494,6.4,51,95.0,100.0,No,No,91293,99096,35,99.0,No,No,3320,0.1,0.1,0.1,0.063,0.081,79790,50224,0.0,0.0,0.0,0.000,0.000,52,0,51.3,66.4,83.0,0.794,12.138,12.184,12.157,12.073,1131,48.530,18.718,27.310,7.749,40.520,25.329,15.172,0.336,27.310,21.300,3.001,19.152,220.000,240.000,1425.0,1750.2,1245.0,1420.7,1350.0,39.0,9.0,0.0,3.0,27.5,4.1,16.5,0.0,0.0,0.0,33,Yes,No,No,No,No,Yes,No,22.1,26.5,0,0,0,0,0,0,0,0,0,9,0,0,0,0,0,0,0,0,0,0,0,0,0,0,0,0,0,0,0,0,5937,2255,2090,90,8.0,239.8,258.3,223.7,220.9,222.2,220.4,239.8,242.2,237.2,236.8,237.0,236.7,4.17,4.54,3.84,3.68,4.56,4.58,0.48,0.31,4.06,0.11,0.10,0,0,0.0,0.0,13576,1182,4.8,5.0,0,
8.7.2026,15:20:39.569,18418,27576,40.0,13398,19284,40.9,0.5,13312,70,1.333,1.319,1.344,1.344,1.331,1.331,1.331,1.331,1.331,4089.5,4067.7,4092.6,4092.6,4092.6,4092.6,4092.6,4092.6,4092.6,99.8,1471.3,3547.7,2178.7,1221.5,3247.8,1283.1,2228.3,1467.3,1387.5,820.1,737.6,1318.8,950.7,1044.2,848.6,656.1,603.5,1471.3,32.6,48.2,51.9,28.8,79.2,30.1,53.4,34.8,32.7,19.3,17.1,31.3,22.0,24.0,19.6,15.2,13.8,79.2,32.6,36.9,54.6,58.8,32.6,89.6,34.1,60.5,39.5,37.0,21.8,19.4,35.4,25.0,27.2,22.2,17.2,15.7,36.9,41.0,40.8,41.0,41.0,41.0,41.0,41.0,41.0,41.0,0.0,80.7,86.9,95.4,87.7,84.0,72.2,76.8,74.2,68.9,19.3,13.1,4.6,12.3,16.0,27.8,23.2,25.8,31.1,0.0,0.0,0.0,0.0,0.0,0.0,0.0,0.0,0.0,1197.8,12.00,16,16,16,39,55,661,1,72.9,72.3,72.0,68.7,70.9,71.6,70.8,69.1,66.8,67.4,66.7,66.0,63.7,64.0,63.4,56.5,52.6,1.350,1.031,1.356,14.021,11.131,14.020,72.671,39.371,4.295,5.556,6.131,5.026,4.335,3.176,3.773,3.437,2.923,18.820,11.470,30.290,39.437,1197.8,1197.8,4083.1,4083.1,4083.1,4083.1,44.8,23.4,80.7,76.1,54.6,No,No,No,1.533,0.486,6.5,50,95.0,100.0,No,No,91293,99096,35,99.0,No,No,3320,0.0,0.0,0.0,0.008,0.038,79790,50224,0.0,0.0,0.0,0.000,0.000,52,0,51.3,66.3,83.0,0.781,12.137,12.182,12.156,12.072,1129,48.363,18.557,26.775,7.456,40.273,25.376,14.874,0.336,26.775,21.287,2.901,19.517,220.000,240.000,1395.0,1750.2,1215.0,1420.4,1320.0,39.0,8.0,0.0,3.0,27.5,4.1,16.4,0.0,0.0,0.0,33,Yes,No,No,No,No,Yes,No,21.8,27.1,0,0,0,0,0,0,0,0,0,9,0,0,0,0,0,0,0,0,0,0,0,0,0,0,0,0,0,0,0,0,5937,2255,2090,90,8.0,239.8,261.1,218.8,211.9,215.3,210.4,0.0,0.0,0.0,0.0,0.0,0.0,4.17,4.60,3.83,3.77,4.67,4.75,0.38,0.33,4.05,0.12,0.00,0,0,0.0,0.0,13576,1182,3.0,1.3,0,
8.7.2026,15:20:41.567,18413,27581,40.0,13403,19279,41.0,0.5,13312,70,1.343,1.319,1.350,1.350,1.350,1.350,1.350,1.337,1.337,4089.5,4067.7,4092.6,4092.6,4092.6,4092.6,4092.6,4092.6,4092.6,99.8,1467.8,3596.0,1923.0,1359.3,3128.3,1379.6,2090.0,1410.7,1411.4,861.0,769.9,1361.7,919.1,1099.8,858.3,689.2,627.0,1467.8,32.9,56.2,45.5,32.2,76.2,32.5,50.0,33.5,33.2,20.2,17.9,32.3,21.3,25.4,19.9,16.0,14.4,76.2,32.9,37.3,63.7,51.5,36.5,86.3,36.8,56.6,37.9,37.6,22.9,20.3,36.6,24.1,28.8,22.5,18.1,16.4,37.3,41.0,40.8,41.0,41.0,41.0,41.0,41.0,41.0,41.0,0.0,81.0,88.1,95.4,87.1,83.5,72.9,77.3,75.1,69.1,19.0,11.9,4.6,12.9,16.5,27.1,22.7,24.9,30.9,0.0,0.0,0.0,0.0,0.0,0.0,0.0,0.0,0.0,1197.8,12.00,16,16,16,39,55,661,1,72.9,72.4,71.2,68.7,71.1,71.6,70.9,68.8,67.0,67.4,66.8,66.0,63.7,64.0,63.4,53.2,51.7,1.350,1.019,1.350,14.101,11.117,14.101,72.943,39.435,4.318,5.683,6.074,5.017,4.281,3.232,3.787,3.508,2.960,18.939,11.458,30.397,39.547,1197.8,1197.8,4083.5,4083.5,4083.5,4083.5,44.9,23.5,81.0,76.2,54.7,No,No,No,1.572,0.465,6.5,51,95.0,100.0,No,No,91293,99096,35,99.0,No,No,3320,0.0,0.0,0.0,0.000,0.004,79790,50224,0.0,0.0,0.0,0.000,0.000,52,0,51.2,66.3,83.0,0.781,12.137,12.183,12.156,12.072,1129,46.855,17.811,25.897,7.176,39.520,25.111,14.387,0.336,25.897,21.124,2.815,15.851,220.000,240.000,1395.0,1750.2,1215.0,1390.4,1320.0,37.0,8.0,0.0,3.0,27.5,4.0,16.0,0.0,0.0,0.0,33,Yes,No,No,No,No,Yes,No,21.4,24.7,0,0,0,0,0,0,0,0,0,9,0,0,0,0,0,0,0,0,0,0,0,0,0,0,0,0,0,0,0,0,5937,2255,2090,91,8.0,239.8,257.3,226.1,216.1,220.2,214.9,0.0,0.0,0.0,0.0,0.0,0.0,4.17,4.46,3.87,3.83,4.57,4.66,0.36,0.29,4.05,0.12,0.00,0,0,0.0,0.0,13576,1182,4.4,3.4,0,
8.7.2026,15:20:43.576,18410,27583,40.0,13395,19286,40.9,0.5,13312,70,1.320,1.325,1.319,1.319,1.319,1.319,1.319,1.319,1.319,4070.8,4092.6,4067.7,4067.7,4067.7,4067.7,4067.7,4067.7,4067.7,99.8,1503.7,3666.6,1682.7,2677.8,1876.3,1926.7,1602.9,1550.2,1388.8,945.9,727.4,1419.9,1031.9,1138.7,920.8,803.4,699.8,1503.7,34.6,62.9,40.1,65.2,45.4,46.5,38.5,37.4,33.1,22.9,17.4,34.2,24.7,26.9,21.9,19.3,16.8,65.2,34.6,38.6,70.8,44.9,73.5,51.0,52.2,43.1,41.8,37.0,25.3,19.1,38.2,27.4,29.9,24.2,21.3,18.4,38.6,40.8,41.0,40.8,40.8,40.8,40.8,40.8,40.8,40.8,0.0,82.4,89.9,95.3,87.9,84.9,74.2,79.5,76.3,71.2,17.6,10.1,4.7,12.1,15.1,25.8,20.5,23.7,28.8,0.0,0.0,0.0,0.0,0.0,0.0,0.0,0.0,0.0,1197.8,12.00,16,16,16,39,55,661,1,72.9,72.7,72.0,68.9,71.4,71.7,71.0,69.1,67.1,67.8,66.9,66.3,63.7,64.0,63.5,56.2,52.3,1.362,1.031,1.356,14.313,11.164,14.312,74.171,39.774,4.371,5.795,6.101,5.025,4.335,3.255,3.886,3.535,3.038,19.185,11.505,30.690,39.843,1197.8,1197.8,4078.4,4078.5,4078.3,4078.5,45.3,23.9,82.4,76.5,54.7,No,No,No,1.623,0.456,6.6,50,95.0,100.0,No,No,91293,99096,35,99.0,No,No,3320,0.3,0.7,1.0,0.384,8.207,79791,50240,0.0,0.0,0.0,0.000,0.000,52,0,51.2,66.2,83.0,0.787,12.136,12.182,12.155,12.072,1131,46.561,18.519,27.051,7.650,40.367,25.315,15.028,0.336,27.051,21.302,2.926,18.167,220.000,240.000,1410.0,1750.2,1230.0,1343.4,1335.0,38.0,8.0,0.0,3.0,27.5,3.9,15.8,0.0,0.0,0.0,33,Yes,No,No,No,No,Yes,No,22.0,25.2,0,0,0,0,0,0,0,0,0,9,0,0,0,0,0,0,0,0,0,0,0,0,0,0,0,0,0,0,0,0,5937,2255,2090,91,8.0,239.8,262.0,223.5,217.0,219.9,216.0,0.0,0.0,0.0,0.0,0.0,0.0,4.17,4.54,3.78,3.64,4.59,4.68,0.45,0.31,4.06,0.11,0.00,0,0,0.0,0.0,13576,1182,3.1,2.2,0,
8.7.2026,15:20:45.564,18424,27570,40.0,13402,19280,41.0,0.5,13312,70,1.324,1.312,1.331,1.325,1.325,1.325,1.325,1.325,1.325,4067.7,4067.7,4067.7,4067.7,4067.7,4067.7,4067.7,4067.7,4067.7,99.8,1509.3,3659.6,1712.0,3124.3,1419.2,2073.3,1475.9,1696.9,1350.8,883.8,753.7,1425.7,1047.5,1181.3,845.8,826.0,672.5,1509.3,34.0,62.9,40.0,75.9,33.3,49.5,34.5,40.3,31.4,20.4,17.1,33.6,24.1,27.1,19.1,19.0,15.1,75.9,34.0,38.8,71.3,45.7,86.0,38.1,56.3,39.4,46.0,36.0,23.6,19.9,38.4,27.8,31.2,22.1,22.0,17.6,38.8,40.8,40.8,40.8,40.8,40.8,40.8,40.8,40.8,40.8,0.0,82.4,89.7,95.6,88.4,85.1,73.8,79.3,75.9,71.2,17.6,10.3,4.4,11.6,14.9,26.2,20.7,24.1,28.8,0.0,0.0,0.0,0.0,0.0,0.0,0.0,0.0,0.0,1197.8,12.00,16,16,16,39,55,661,1,72.9,72.6,72.5,68.9,71.5,71.7,70.8,69.2,67.0,67.7,66.7,66.3,63.7,64.0,63.4,56.2,52.6,1.331,1.031,1.344,14.221,11.139,14.222,74.147,39.617,4.393,5.888,6.100,5.035,4.414,3.225,3.917,3.501,3.063,19.067,11.479,30.547,39.702,1197.8,1197.8,4079.9,4080.2,4079.6,4080.2,45.1,23.7,82.4,76.4,54.1,No,No,No,1.611,0.463,6.6,50,95.0,100.0,No,No,91293,99096,35,99.0,No,No,3320,0.2,0.0,0.2,0.137,0.123,79791,50240,0.0,0.0,0.0,0.000,0.000,52,0,51.1,66.0,83.0,0.775,12.135,12.181,12.155,12.070,1132,47.697,18.308,26.355,7.540,40.098,25.431,14.641,0.336,26.355,21.618,2.811,17.891,220.000,240.000,1380.0,1750.2,1200.0,1405.4,1305.0,39.0,8.0,0.0,3.0,27.5,4.1,16.2,0.0,0.0,0.0,33,Yes,No,No,No,No,Yes,No,21.8,26.3,0,0,0,0,0,0,0,0,0,9,0,0,0,0,0,0,0,0,0,0,0,0,0,0,0,0,0,0,0,0,5937,2255,2090,91,8.0,239.8,258.1,221.7,219.8,220.9,219.3,0.0,0.0,0.0,0.0,0.0,0.0,4.17,4.55,3.87,3.82,4.58,4.59,0.43,0.24,4.06,0.12,0.00,0,0,0.0,0.0,13576,1182,5.5,2.2,0,
8.7.2026,15:20:47.571,18416,27578,40.0,13400,19281,41.0,0.5,13312,70,1.330,1.319,1.312,1.337,1.337,1.337,1.337,1.331,1.331,4067.7,4067.7,4067.7,4067.7,4067.7,4067.7,4067.7,4067.7,4067.7,99.8,1520.6,3690.3,1825.0,2717.7,1897.2,1904.2,1693.0,1543.7,1452.9,914.0,775.6,1450.6,962.4,1175.5,885.1,821.8,621.3,1520.6,34.2,60.5,43.1,65.9,45.3,45.5,40.1,36.7,34.1,21.4,17.7,34.4,22.1,27.2,20.4,19.2,14.1,65.9,34.2,38.8,68.5,48.8,74.6,51.2,51.5,45.4,41.5,38.7,24.3,20.1,39.0,25.1,30.8,23.1,21.8,16.0,38.8,40.8,40.8,40.8,40.8,40.8,40.8,40.8,40.8,40.8,0.0,83.4,90.5,96.4,88.9,85.7,75.5,80.1,77.6,72.7,16.6,9.5,3.6,11.1,14.3,24.5,19.9,22.4,27.3,0.0,0.0,0.0,0.0,0.0,0.0,0.0,0.0,0.0,1197.8,12.00,16,16,16,39,55,661,1,72.8,72.5,73.8,68.9,71.3,71.6,70.9,69.2,67.1,67.7,67.0,66.2,63.8,64.0,63.5,56.2,52.2,1.344,1.031,1.344,14.284,11.215,14.284,75.095,39.777,4.366,5.720,6.064,5.032,4.376,3.264,3.892,3.555,3.021,19.145,11.556,30.701,39.860,1197.8,1197.8,4078.4,4078.8,4078.1,4078.8,45.3,23.8,83.4,76.3,54.7,No,No,No,1.641,0.459,6.7,50,95.0,100.0,No,No,91293,99096,35,99.0,No,No,3320,0.0,0.0,0.0,0.000,0.042,79791,50240,0.0,0.0,0.0,0.000,0.000,52,0,51.0,66.1,83.0,0.775,12.137,12.183,12.155,12.072,1129,46.557,17.669,25.516,7.200,39.432,25.243,14.175,0.336,25.516,21.445,2.697,15.131,220.000,240.000,1365.0,1750.2,1200.0,1356.6,1305.0,40.0,8.0,0.0,3.0,27.5,4.0,16.1,0.0,0.0,0.0,33,Yes,No,No,No,No,Yes,No,21.3,26.9,0,0,0,0,0,0,0,0,0,9,0,0,0,0,0,0,0,0,0,0,0,0,0,0,0,0,0,0,0,0,5937,2255,2090,91,8.0,239.8,257.9,221.0,214.7,217.2,213.4,0.0,0.0,0.0,0.0,0.0,0.0,4.17,4.52,3.85,3.56,4.61,4.71,0.39,0.35,4.05,0.12,0.00,0,0,0.0,0.0,13576,1182,3.8,5.1,0,
8.7.2026,15:20:49.573,18418,27576,40.0,13401,19280,41.0,0.5,13312,70,1.310,1.306,1.300,1.300,1.300,1.319,1.319,1.319,1.319,4067.7,4042.7,4042.7,4042.7,4042.7,4092.6,4092.6,4092.6,4092.6,99.8,1417.6,3645.9,1655.3,1263.7,3129.3,1364.6,2001.4,1303.9,1497.8,736.1,735.2,1378.7,895.9,1030.1,838.0,569.6,636.1,1417.6,32.3,61.1,39.1,30.2,76.5,32.5,48.0,31.2,35.5,17.8,17.7,33.1,21.3,24.1,19.8,13.7,15.1,76.5,32.3,36.2,69.0,43.9,33.8,86.4,36.4,54.0,35.0,39.9,19.6,19.6,37.1,23.6,26.9,21.9,15.0,16.6,36.2,40.8,40.5,40.5,40.5,40.5,41.0,41.0,41.0,41.0,0.0,81.7,89.3,95.4,86.7,84.3,73.4,78.5,75.7,70.2,18.3,10.7,4.6,13.3,15.7,26.6,21.5,24.3,29.8,0.0,0.0,0.0,0.0,0.0,0.0,0.0,0.0,0.0,1197.8,12.00,16,16,16,39,55,661,1,72.8,72.5,74.2,68.7,71.3,71.6,70.6,68.9,67.0,67.5,66.7,65.9,63.7,64.0,63.4,56.8,52.2,1.344,1.038,1.344,13.911,11.120,13.904,73.522,39.178,4.318,5.868,6.109,4.911,4.284,3.183,3.822,3.482,2.886,18.693,11.459,30.152,39.289,1197.8,1197.8,4084.3,4084.3,4084.3,4084.3,44.6,23.2,81.7,76.3,53.9,No,No,No,1.544,0.461,6.5,50,95.0,100.0,No,No,91293,99096,35,99.0,No,No,3320,0.0,0.1,0.1,0.030,0.110,79791,50240,0.0,0.0,0.0,0.000,0.000,52,0,51.1,66.2,83.0,0.794,12.139,12.185,12.158,12.074,1127,46.569,18.062,26.587,7.433,39.865,25.078,14.770,0.336,26.587,21.054,2.964,15.942,220.000,240.000,1425.0,1750.2,1245.0,1361.2,1350.0,37.0,8.0,0.0,3.0,27.5,3.9,15.6,0.0,0.0,0.0,33,Yes,No,No,No,No,Yes,No,21.7,23.7,0,0,0,0,0,0,0,0,0,9,0,0,0,0,0,0,0,0,0,0,0,0,0,0,0,0,0,0,0,0,5937,2255,2090,91,8.0,239.8,264.9,222.7,215.3,217.9,214.9,239.8,243.0,236.9,225.0,231.4,221.8,4.17,4.51,3.78,3.63,4.63,4.72,0.51,0.29,4.06,0.11,0.10,0,0,0.0,0.0,13576,1182,8.4,3.4,0,
8.7.2026,15:20:51.573,18408,27586,40.0,13399,19283,40.9,0.5,13312,70,1.321,1.312,1.319,1.319,1.319,1.325,1.325,1.325,1.325,4067.7,4067.7,4067.7,4067.7,4067.7,4067.7,4067.7,4067.7,4067.7,99.8,1402.1,3639.3,1642.7,1158.1,3262.1,1455.8,1881.6,1249.0,1509.3,626.8,773.7,1195.9,994.4,928.3,930.1,562.3,623.5,1402.1,31.3,60.8,38.3,27.0,79.5,34.1,44.5,29.3,35.5,14.2,17.7,27.9,22.9,20.9,21.3,12.5,14.0,79.5,31.3,35.7,69.0,43.7,30.9,90.1,39.0,50.7,33.5,40.5,16.5,20.4,32.0,26.3,24.0,24.5,14.6,16.2,35.7,40.8,40.8,40.8,40.8,40.8,40.8,40.8,40.8,40.8,0.0,81.1,89.1,96.0,86.4,83.6,72.2,77.3,74.8,69.2,18.9,10.9,4.0,13.6,16.4,27.8,22.7,25.2,30.8,0.0,0.0,0.0,0.0,0.0,0.0,0.0,0.0,0.0,1197.8,12.00,16,16,16,39,55,661,1,72.8,72.4,73.8,68.6,71.2,71.6,70.5,68.8,66.8,67.3,66.6,65.9,63.7,64.0,63.4,56.8,52.0,1.325,1.038,1.344,13.843,11.098,13.851,72.968,39.159,4.276,5.788,6.108,4.902,4.230,3.119,3.731,3.453,2.875,18.594,11.435,30.029,39.189,1197.8,1197.8,4084.2,4084.2,4084.2,4084.2,44.5,23.1,81.1,76.2,54.2,No,No,No,1.528,0.489,6.5,50,95.0,100.0,No,No,91293,99096,35,99.0,No,No,3320,0.0,0.0,0.1,0.032,0.063,79791,50240,0.0,0.0,0.0,0.000,0.000,52,0,51.1,66.0,83.0,0.781,12.139,12.186,12.157,12.074,1129,48.352,17.951,25.917,7.263,39.694,25.270,14.398,0.336,25.917,21.368,2.890,16.459,220.000,240.000,1395.0,1750.2,1215.0,1420.4,1320.0,39.0,8.0,0.0,3.0,27.5,4.0,15.9,0.0,0.0,0.0,33,Yes,No,No,No,No,Yes,No,21.5,25.7,0,0,0,0,0,0,0,0,0,9,0,0,0,0,0,0,0,0,0,0,0,0,0,0,0,0,0,0,0,0,5937,2255,2090,91,8.0,239.8,255.2,226.2,214.8,221.0,211.8,239.8,242.5,236.8,236.5,236.6,236.5,4.17,4.47,3.91,3.71,4.59,4.74,0.48,0.34,4.06,0.11,0.10,0,0,0.0,0.0,13576,1182,2.9,2.0,0,
8.7.2026,15:20:53.568,18425,27569,40.0,13404,19278,41.0,0.5,13312,70,1.321,1.325,1.325,1.325,1.319,1.319,1.319,1.319,1.319,4067.7,4067.7,4067.7,4067.7,4067.7,4067.7,4067.7,4067.7,4067.7,99.8,1536.3,3663.7,1685.3,2548.2,1955.7,1855.1,1656.2,1298.8,1651.8,721.8,968.2,1210.0,1312.0,1002.0,1109.8,1060.7,881.5,1536.3,35.3,62.0,40.1,62.1,47.6,44.8,39.8,31.2,39.7,17.4,23.3,29.1,31.6,23.6,26.6,25.8,21.1,62.1,35.3,39.4,69.7,44.8,69.8,53.3,50.2,44.5,34.8,44.3,19.1,25.7,32.3,35.2,26.1,29.5,28.6,23.2,39.4,40.8,40.8,40.8,40.8,40.8,40.8,40.8,40.8,40.8,0.0,83.9,90.1,95.0,88.8,85.7,75.9,81.1,78.2,76.1,16.1,9.9,5.0,11.2,14.3,24.1,18.9,21.8,23.9,0.0,0.0,0.0,0.0,0.0,0.0,0.0,0.0,0.0,1197.8,12.00,16,16,16,39,55,661,1,72.9,73.7,72.2,69.5,71.5,71.7,71.1,69.4,67.7,68.6,67.7,68.5,63.8,64.1,63.6,55.8,52.4,1.331,1.031,1.337,14.783,11.165,14.777,75.472,40.278,4.516,5.778,5.976,5.007,4.385,3.392,4.082,3.720,3.789,19.765,11.507,31.272,40.414,1197.8,1197.8,4067.2,4067.2,4067.2,4067.2,45.9,24.6,83.9,77.5,54.5,No,No,No,1.558,0.452,6.7,50,95.0,100.0,No,No,91293,99096,35,99.0,No,No,3320,0.1,0.1,0.2,0.286,0.124,79792,50241,0.0,0.0,0.0,0.000,0.000,52,0,50.9,66.0,83.0,0.775,12.141,12.188,12.159,12.076,1131,45.930,19.674,25.426,7.008,39.469,25.335,14.125,0.336,25.426,21.389,20.455,17.775,220.000,240.000,1365.0,1750.2,1200.0,1362.4,1305.0,39.0,8.0,0.0,3.0,27.5,3.8,15.1,0.0,0.0,0.0,33,Yes,No,No,No,No,Yes,No,21.3,25.3,0,0,0,0,0,0,0,0,0,9,0,0,0,0,0,0,0,0,0,0,0,0,0,0,0,0,0,0,0,0,5936,2256,2091,91,8.0,239.8,255.5,221.9,215.5,217.5,215.0,239.8,242.7,236.7,235.9,236.3,235.8,4.17,4.55,3.87,3.66,4.65,4.68,0.51,0.24,4.06,0.11,0.11,0,0,0.0,0.0,13576,1182,2.8,2.8,0,
8.7.2026,15:20:55.558,18427,27567,40.0,13406,19276,41.0,0.5,13312,70,1.318,1.312,1.319,1.319,1.319,1.319,1.319,1.319,1.319,4067.7,4067.7,4067.7,4067.7,4067.7,4067.7,4067.7,4067.7,4067.7,99.8,1485.7,3644.0,2279.1,3149.9,1364.9,1778.8,1609.7,1322.8,1533.2,669.5,851.2,1097.1,1270.5,889.9,1020.0,577.5,712.8,1485.7,33.0,49.6,54.4,76.7,32.5,42.5,38.1,31.4,36.3,15.7,20.0,25.9,30.2,20.3,24.0,13.4,16.7,76.7,33.0,37.2,56.0,61.5,86.7,36.6,47.9,43.0,35.4,41.0,17.6,22.5,29.2,34.0,22.8,27.0,15.1,18.7,37.2,40.8,40.8,40.8,40.8,40.8,40.8,40.8,40.8,40.8,0.0,82.5,89.3,95.9,87.8,85.5,74.0,79.7,76.7,71.3,17.5,10.7,4.1,12.2,14.5,26.0,20.3,23.3,28.7,0.0,0.0,0.0,0.0,0.0,0.0,0.0,0.0,0.0,1197.8,12.00,16,16,16,39,55,661,1,72.8,72.3,71.0,68.7,71.2,71.6,70.5,69.0,66.8,67.5,66.7,66.1,63.7,64.0,63.4,56.8,52.1,1.344,1.031,1.344,14.026,11.126,14.036,74.270,39.402,4.320,5.759,6.125,4.881,4.317,3.162,3.864,3.483,2.969,18.811,11.465,30.276,39.440,1197.8,1197.8,4080.0,4080.0,4080.0,4080.0,44.8,23.4,82.5,76.2,54.2,No,No,No,1.549,0.472,6.6,50,95.0,100.0,No,No,91293,99096,35,99.0,No,No,3320,0.1,0.1,0.2,0.151,0.175,79792,50241,0.0,0.0,0.0,0.000,0.000,52,0,50.9,65.8,83.0,0.775,12.140,12.186,12.158,12.075,1129,46.764,17.716,25.581,7.190,39.465,25.224,14.211,0.336,25.581,21.402,2.850,15.319,220.000,240.000,1380.0,1750.2,1200.0,1365.7,1305.0,39.0,8.0,0.0,3.0,27.5,3.9,15.7,0.0,0.0,0.0,33,Yes,No,No,No,No,Yes,No,21.4,24.7,0,0,0,0,0,0,0,0,0,9,0,0,0,0,0,0,0,0,0,0,0,0,0,0,0,0,0,0,0,0,5935,2257,2091,91,8.0,239.8,254.4,221.9,219.2,220.6,218.6,0.0,0.0,0.0,0.0,0.0,0.0,4.17,4.51,3.88,3.81,4.56,4.62,0.40,0.29,4.06,0.11,0.00,0,0,0.0,0.0,13576,1182,2.4,2.4,0,
8.7.2026,15:20:57.565,18432,27561,40.0,13410,19272,41.0,0.5,13312,70,1.306,1.312,1.319,1.319,1.300,1.300,1.300,1.300,1.300,4045.8,4067.7,4042.7,4042.7,4042.7,4042.7,4042.7,4042.7,4042.7,99.8,1470.8,3613.7,2376.0,2889.2,1629.8,1655.4,1659.5,1270.1,1547.3,687.2,846.1,1045.1,1191.8,841.7,989.0,587.2,703.3,1470.8,32.0,46.7,56.6,70.1,38.6,38.9,38.8,29.6,36.3,15.5,19.3,24.0,27.7,18.5,22.7,13.1,15.8,70.1,32.0,36.7,53.1,64.4,79.6,44.1,44.5,44.4,34.0,41.5,18.1,22.4,27.7,31.8,21.5,26.2,15.3,18.4,36.7,40.5,40.8,40.5,40.5,40.5,40.5,40.5,40.5,40.5,0.0,81.0,88.5,95.9,85.9,83.6,72.3,77.1,74.5,69.9,19.0,11.5,4.1,14.1,16.4,27.7,22.9,25.5,30.1,0.0,0.0,0.0,0.0,0.0,0.0,0.0,0.0,0.0,1197.8,12.00,16,16,16,39,55,661,1,72.8,72.5,73.8,68.6,71.2,71.7,70.4,68.9,66.9,67.3,66.6,66.1,63.7,64.0,63.4,55.5,51.8,1.350,1.031,1.344,14.107,11.076,14.095,72.874,39.320,4.305,5.834,6.165,4.812,4.283,3.204,3.747,3.425,2.972,18.961,11.414,30.375,39.504,1197.8,1197.8,4084.1,4084.2,4084.0,4084.2,44.9,23.5,81.0,76.3,54.9,No,No,No,1.516,0.452,6.5,50,95.0,100.0,No,No,91293,99096,35,99.0,No,No,3320,0.2,0.0,0.2,0.202,0.083,79792,50241,0.0,0.0,0.0,0.000,0.000,52,0,50.7,65.8,83.0,0.775,12.140,12.187,12.158,12.075,1129,46.389,17.412,24.924,6.873,38.882,25.019,13.848,0.336,24.924,21.163,2.751,15.400,220.000,240.000,1365.0,1750.2,1200.0,1359.5,1305.0,38.0,8.0,0.0,3.0,27.6,4.1,16.5,0.0,0.0,0.0,33,Yes,No,No,No,No,Yes,No,20.9,27.3,0,0,0,0,0,0,0,0,0,9,0,0,0,0,0,0,0,0,0,0,0,0,0,0,0,0,0,0,0,0,5933,2259,2094,91,8.0,239.8,254.5,225.1,222.1,223.5,221.5,0.0,0.0,0.0,0.0,0.0,0.0,4.17,4.47,3.89,3.75,4.49,4.51,0.40,0.24,4.06,0.11,0.00,0,0,0.0,0.0,13576,1182,6.4,4.8,0,
8.7.2026,15:20:59.568,18432,27562,40.0,13410,19271,41.0,0.5,13312,70,1.335,1.325,1.344,1.344,1.344,1.331,1.331,1.331,1.331,4070.8,4067.7,4092.6,4067.7,4067.7,4067.7,4067.7,4067.7,4067.7,99.8,1460.9,3588.7,2279.1,1291.0,3117.2,1203.3,2206.2,1142.4,1629.5,633.6,861.2,1027.3,1255.5,847.1,1039.0,544.4,708.7,1460.9,32.6,47.2,54.6,31.0,76.0,28.6,53.3,27.3,39.0,15.2,20.6,24.5,30.1,19.6,24.8,13.1,16.9,76.0,32.6,36.4,53.1,61.5,34.6,85.9,31.9,60.0,30.4,43.8,16.6,22.8,27.3,33.6,21.7,27.6,14.2,18.6,36.4,40.8,40.8,41.0,40.8,40.8,40.8,40.8,40.8,40.8,0.0,81.0,87.9,95.2,87.5,83.6,72.1,77.9,74.8,69.1,19.0,12.1,4.8,12.5,16.4,27.9,22.1,25.2,30.9,0.0,0.0,0.0,0.0,0.0,0.0,0.0,0.0,0.0,1197.8,12.00,16,16,16,39,55,661,1,72.6,72.2,70.5,68.6,71.0,71.5,70.8,68.8,66.8,67.3,66.7,66.0,63.7,64.0,63.4,54.0,52.3,1.344,1.025,1.350,13.911,11.073,13.919,72.904,39.240,4.276,5.637,6.055,4.992,4.241,3.144,3.780,3.444,2.911,18.678,11.410,30.087,39.231,1197.8,1197.8,4082.9,4083.3,4082.5,4083.3,44.6,23.2,81.0,76.0,54.4,No,No,No,1.433,0.379,6.5,50,95.0,100.0,No,No,91293,99096,35,99.0,No,No,3320,0.0,0.0,0.0,0.008,0.018,79792,50241,0.0,0.0,0.0,0.000,0.000,52,0,50.9,65.9,83.0,0.775,12.136,12.182,12.155,12.071,1129,47.639,17.968,25.633,7.151,39.553,25.302,14.241,0.336,25.633,21.406,3.033,17.397,220.000,240.000,1365.0,1750.2,1200.0,1360.9,1305.0,39.0,8.0,0.0,2.0,27.6,4.1,16.4,0.0,0.0,0.0,33,Yes,No,No,No,No,Yes,No,21.4,25.5,0,0,0,0,0,0,0,0,0,9,0,0,0,0,0,0,0,0,0,0,0,0,0,0,0,0,0,0,0,0,5931,2261,2096,91,8.0,239.8,257.2,221.0,211.9,216.5,209.9,0.0,0.0,0.0,0.0,0.0,0.0,4.17,4.55,3.84,3.67,4.63,4.69,0.40,0.24,4.05,0.12,0.00,0,0,0.0,0.0,13576,1182,3.4,2.3,0,
8.7.2026,15:21:1.566,18434,27559,40.0,13410,19271,41.0,0.5,13312,70,1.329,1.312,1.331,1.331,1.331,1.331,1.331,1.331,1.331,4089.5,4067.7,4092.6,4092.6,4092.6,4092.6,4092.6,4092.6,4092.6,99.8,1418.1,3525.9,2190.8,1149.5,3149.2,1121.5,2133.0,1075.4,1649.7,611.2,855.7,951.4,1208.4,762.8,1034.6,545.7,724.3,1418.1,31.2,46.5,52.2,27.1,76.7,26.2,51.1,25.3,39.2,14.1,20.0,22.2,28.5,17.0,24.3,12.5,16.8,76.7,31.2,35.4,52.6,59.2,30.7,86.8,29.8,57.8,28.7,44.4,16.1,22.7,25.2,32.3,19.4,27.5,14.2,19.1,35.4,41.0,40.8,41.0,41.0,41.0,41.0,41.0,41.0,41.0,0.0,79.0,86.3,94.5,85.3,81.7,69.9,74.9,72.3,66.8,21.0,13.7,5.5,14.7,18.3,30.1,25.1,27.7,33.2,0.0,0.0,0.0,0.0,0.0,0.0,0.0,0.0,0.0,1197.8,12.00,16,16,16,39,55,661,1,72.5,72.0,74.8,68.3,70.8,71.2,70.3,68.6,66.5,67.0,66.3,65.7,63.5,63.8,63.2,54.2,51.9,1.331,1.031,1.344,13.599,11.070,13.602,71.069,38.720,4.184,5.556,5.936,4.798,4.182,3.093,3.665,3.360,2.879,18.272,11.403,29.675,38.807,1197.8,1197.8,4085.1,4085.2,4084.9,4085.2,44.1,22.7,79.0,75.8,54.4,No,No,No,1.421,0.388,6.3,50,95.0,100.0,No,No,91293,99096,35,99.0,No,No,3320,0.0,0.0,0.0,0.000,0.032,79792,50241,0.0,0.0,0.0,0.000,0.000,52,0,51.0,65.9,83.0,0.787,12.136,12.183,12.155,12.071,1129,48.472,17.593,25.684,7.090,39.333,25.048,14.269,0.336,25.684,21.070,2.907,14.507,220.000,240.000,1410.0,1750.2,1230.0,1388.3,1335.0,37.0,8.0,0.0,2.0,27.6,4.1,16.2,0.0,0.0,0.0,33,Yes,No,No,No,No,Yes,No,21.3,25.2,0,0,0,0,0,0,0,0,0,9,0,0,0,0,0,0,0,0,0,0,0,0,0,0,0,0,0,0,0,0,5931,2261,2096,91,8.0,239.8,269.6,219.9,214.2,216.0,214.1,0.0,0.0,0.0,0.0,0.0,0.0,4.17,4.61,3.71,3.41,4.62,4.63,0.45,0.27,4.06,0.11,0.00,0,0,0.0,0.0,13576,1182,2.8,2.2,0,
8.7.2026,15:21:3.568,18451,27542,40.1,13433,19249,41.1,0.5,13312,70,1.327,1.331,1.319,1.319,1.319,1.344,1.344,1.319,1.319,4073.9,4067.7,4092.6,4042.7,4067.7,4067.7,4067.7,4092.6,4092.6,99.8,1481.3,3568.2,2205.1,2231.8,2249.8,1544.5,1860.9,1280.2,1569.2,700.5,829.2,1093.5,1245.5,829.8,1091.4,635.5,766.0,1481.3,32.9,48.2,52.7,53.8,54.4,36.8,44.4,30.3,37.2,16.4,19.4,25.8,29.4,18.9,25.6,14.8,17.9,54.4,32.9,37.2,54.6,59.7,61.0,61.6,41.7,50.3,34.4,42.1,18.6,22.0,29.3,33.3,21.4,29.0,16.8,20.3,37.2,40.8,40.8,41.0,40.5,40.8,40.8,40.8,41.0,41.0,0.0,80.3,87.4,95.2,86.0,82.8,71.2,77.2,73.7,68.8,19.7,12.6,4.8,14.0,17.2,28.8,22.8,26.3,31.2,0.0,0.0,0.0,0.0,0.0,0.0,0.0,0.0,0.0,1197.8,12.00,16,16,16,39,55,661,1,72.4,72.3,71.5,68.5,70.8,71.4,70.6,68.9,66.6,67.3,66.6,65.9,63.5,63.8,63.2,55.2,51.8,1.344,1.025,1.344,13.797,11.092,13.797,72.263,39.011,4.260,5.552,6.073,4.907,4.270,3.136,3.757,3.436,2.950,18.519,11.428,29.947,39.080,1197.8,1197.8,4083.4,4083.5,4083.3,4083.5,44.4,23.0,80.3,76.1,54.2,No,No,No,1.506,0.365,6.4,50,95.0,100.0,No,No,91293,99096,35,99.0,No,No,3320,0.0,0.0,0.1,0.049,0.026,79793,50241,0.0,0.0,0.0,0.000,0.000,52,0,50.8,65.8,83.0,0.756,12.134,12.180,12.154,12.070,1132,46.394,17.050,23.799,6.504,38.247,25.008,13.221,0.336,23.799,21.283,2.699,15.603,220.000,240.000,1320.0,1750.2,1155.0,1382.3,1245.0,35.0,7.0,0.0,2.0,27.6,3.8,15.3,0.0,0.0,0.0,33,Yes,No,No,No,No,Yes,No,20.5,25.3,0,0,0,0,0,0,0,0,0,9,0,0,0,0,0,0,0,0,0,0,0,0,0,0,0,0,0,0,0,0,5931,2261,2096,89,8.0,239.8,261.2,223.7,196.7,208.4,192.6,0.0,0.0,0.0,0.0,0.0,0.0,4.17,4.54,3.78,3.13,4.82,5.14,0.39,0.39,4.06,0.11,0.00,0,0,0.0,0.0,13576,1182,2.3,1.6,0,
8.7.2026,15:21:5.565,18453,27540,40.1,13418,19264,41.0,0.5,13312,70,1.330,1.319,1.319,1.319,1.337,1.337,1.337,1.337,1.337,4067.7,4067.7,4067.7,4067.7,4067.7,4067.7,4067.7,4067.7,4067.7,99.8,1430.8,3560.2,2226.2,3027.9,1419.1,1746.0,1512.5,1474.2,1251.8,767.6,704.9,1186.6,996.6,943.4,865.1,576.9,633.8,1430.8,31.6,47.0,53.2,73.7,33.8,41.7,35.7,35.2,29.4,18.1,16.4,28.1,23.3,21.7,20.2,13.4,14.7,73.7,31.6,35.7,53.1,60.2,83.4,38.2,47.2,40.4,39.8,33.3,20.4,18.5,31.8,26.4,24.5,22.8,15.1,16.5,35.7,40.8,40.8,40.8,40.8,40.8,40.8,40.8,40.8,40.8,0.0,80.0,87.2,95.3,85.5,83.0,71.1,76.4,73.7,67.8,20.0,12.8,4.7,14.5,17.0,28.9,23.6,26.3,32.2,0.0,0.0,0.0,0.0,0.0,0.0,0.0,0.0,0.0,1197.8,12.00,16,16,16,39,55,661,1,72.4,72.1,71.5,68.3,70.8,71.4,70.1,68.7,66.5,67.1,66.4,65.7,63.6,63.9,63.3,56.5,51.9,1.369,1.031,1.356,13.430,11.063,13.427,72.005,38.454,4.206,5.575,6.064,4.762,4.219,3.108,3.681,3.366,2.869,18.026,11.398,29.424,38.550,1197.8,1197.8,4083.3,4083.8,4082.8,4083.8,43.8,22.4,80.0,75.9,53.4,No,No,No,1.438,0.378,6.4,50,95.0,100.0,No,No,91293,99096,35,99.0,No,No,3320,1.2,0.7,1.9,4.094,12.352,79800,50265,0.0,0.0,0.0,0.000,0.000,52,0,50.7,65.7,83.0,0.750,12.135,12.181,12.154,12.070,1129,45.785,17.460,24.611,6.821,38.758,25.070,13.672,0.336,24.611,21.304,2.858,16.562,220.000,240.000,1305.0,1750.2,1140.0,1361.4,1230.0,37.0,8.0,0.0,2.0,27.6,3.5,14.0,0.0,0.0,0.0,33,Yes,No,No,No,No,Yes,No,20.9,25.5,0,0,0,0,0,0,0,0,0,9,0,0,0,0,0,0,0,0,0,0,0,0,0,0,0,0,0,0,0,0,5931,2261,2096,89,8.0,239.8,260.3,220.4,213.9,216.4,213.3,0.0,0.0,0.0,0.0,0.0,0.0,4.17,4.58,3.82,3.79,4.62,4.68,0.39,0.29,4.06,0.11,0.00,0,0,0.0,0.0,13576,1182,2.9,2.2,0,
8.7.2026,15:21:7.562,18402,27592,40.0,13405,19276,41.0,0.5,13312,70,1.288,1.294,1.288,1.288,1.288,1.288,1.288,1.288,1.288,4017.8,4017.8,4017.8,4017.8,4017.8,4017.8,4017.8,4017.8,4017.8,99.8,1469.3,3626.8,2208.1,3145.6,1319.7,1867.0,1516.1,1538.3,1289.9,769.8,739.3,1386.0,926.8,1058.6,875.8,600.0,641.4,1469.3,32.5,50.4,52.6,76.6,31.2,44.6,35.8,36.7,30.2,18.2,16.9,32.9,21.5,24.5,20.2,13.9,14.6,76.6,32.5,36.9,57.1,59.6,86.7,35.4,50.5,40.5,41.5,34.2,20.6,19.2,37.3,24.3,27.8,22.9,15.7,16.5,36.9,40.2,40.2,40.2,40.2,40.2,40.2,40.2,40.2,40.2,0.0,81.6,88.8,95.7,87.2,84.0,72.8,78.9,75.7,69.6,18.4,11.2,4.3,12.8,16.0,27.2,21.1,24.3,30.4,0.0,0.0,0.0,0.0,0.0,0.0,0.0,0.0,0.0,1197.8,12.00,16,16,16,39,55,661,1,72.4,72.3,76.5,68.5,71.1,71.5,70.5,68.9,66.7,67.3,66.6,65.8,63.6,63.9,63.3,55.8,52.1,1.312,1.031,1.319,14.023,11.105,14.022,73.434,39.322,4.314,5.772,6.111,4.889,4.297,3.187,3.837,3.500,2.917,18.830,11.443,30.272,39.408,1197.8,1197.8,4083.5,4083.5,4083.5,4083.5,44.8,23.4,81.6,76.2,54.4,No,No,No,1.499,0.372,6.5,50,95.0,100.0,No,No,91293,99096,35,99.0,No,No,3320,0.0,0.0,0.0,0.000,0.006,79800,50265,0.0,0.0,0.0,0.000,0.000,52,0,50.7,65.8,83.0,0.762,12.136,12.182,12.155,12.071,1129,44.599,16.963,23.609,6.603,38.287,25.144,13.116,0.336,23.609,21.608,2.797,14.517,220.000,240.000,1335.0,1750.2,1170.0,1292.2,1260.0,38.0,8.0,0.0,2.0,27.6,3.8,15.1,0.0,0.0,0.0,33,Yes,No,No,No,No,Yes,No,20.6,24.1,0,0,0,0,0,0,0,0,0,9,0,0,0,0,0,0,0,0,0,0,0,0,0,0,0,0,0,0,0,0,5931,2261,2096,90,8.0,239.7,259.2,218.7,218.1,218.3,218.0,0.0,0.0,0.0,0.0,0.0,0.0,4.17,4.59,3.81,3.56,4.61,4.63,0.40,0.38,4.06,0.11,0.00,0,0,0.0,0.0,13576,1182,3.5,5.2,0,
8.7.2026,15:21:9.563,18407,27587,40.0,13405,19277,41.0,0.5,13312,70,1.319,1.312,1.312,1.312,1.312,1.325,1.325,1.325,1.325,4067.7,4067.7,4067.7,4067.7,4067.7,4067.7,4067.7,4067.7,4067.7,99.8,1449.3,3598.4,1511.5,1398.6,3033.0,1478.1,1901.7,1459.2,1420.4,735.8,785.8,1417.3,974.8,1058.8,928.0,717.1,769.7,1449.3,32.9,61.5,35.5,33.6,73.9,35.2,45.4,34.9,33.5,17.4,18.4,33.8,22.8,24.7,21.6,16.9,18.1,73.9,32.9,37.2,69.5,40.1,37.9,83.4,39.7,51.3,39.4,37.8,19.6,20.8,38.2,25.7,27.8,24.4,19.0,20.4,37.2,40.8,40.8,40.8,40.8,40.8,40.8,40.8,40.8,40.8,0.0,81.7,88.3,95.7,87.1,83.9,73.2,78.5,75.4,71.6,18.3,11.7,4.3,12.9,16.1,26.8,21.5,24.6,28.4,0.0,0.0,0.0,0.0,0.0,0.0,0.0,0.0,0.0,1197.8,12.00,16,16,16,39,55,661,1,73.0,73.4,72.2,69.2,71.1,71.8,70.9,69.8,67.2,68.1,67.2,67.4,63.7,63.9,63.4,57.0,52.4,1.331,1.031,1.344,14.571,11.102,14.569,73.535,40.010,4.439,5.651,6.182,5.004,4.509,3.252,3.947,3.608,3.361,19.533,11.443,30.976,40.109,1197.8,1197.8,4075.3,4075.4,4075.2,4075.4,45.6,24.3,81.7,77.3,54.8,No,No,No,1.495,0.407,6.5,50,95.0,100.0,No,No,91293,99096,35,99.0,No,No,3320,0.1,0.1,0.2,0.090,0.231,79801,50265,0.0,0.0,0.0,0.000,0.000,52,0,50.8,65.7,83.0,0.769,12.137,12.183,12.156,12.072,1131,45.868,17.252,24.740,6.700,38.509,24.735,13.744,0.336,24.740,20.801,3.069,15.143,220.000,240.000,1350.0,1750.2,1185.0,1331.1,1275.0,38.0,8.0,0.0,3.0,27.6,3.9,15.5,0.0,0.0,0.0,33,Yes,No,No,No,No,Yes,No,20.7,24.6,0,0,0,0,0,0,0,0,0,9,0,0,0,0,0,0,0,0,0,0,0,0,0,0,0,0,0,0,0,0,5930,2262,2097,91,8.0,239.8,256.7,219.9,210.6,214.1,209.3,0.0,0.0,0.0,0.0,0.0,0.0,4.17,4.57,3.88,3.75,4.68,4.78,0.45,0.33,4.06,0.11,0.00,0,0,0.0,0.0,13576,1182,2.9,1.4,0,
8.7.2026,15:21:11.567,18405,27588,40.0,13404,19278,41.0,0.5,13312,70,1.316,1.319,1.325,1.325,1.312,1.312,1.312,1.312,1.312,4067.7,4067.7,4067.7,4067.7,4067.7,4067.7,4067.7,4067.7,4067.7,99.8,1443.1,3610.3,1634.0,1393.1,2996.5,1427.8,2008.7,1362.0,1491.2,762.1,838.0,1437.4,910.0,1047.0,921.6,577.2,672.8,1443.1,32.5,60.8,38.2,33.0,72.9,33.7,47.9,32.3,35.1,17.9,19.4,34.3,21.0,24.1,21.3,13.3,15.5,72.9,32.5,36.9,68.8,43.3,37.4,82.6,38.2,54.2,36.6,39.8,20.3,22.0,38.8,23.8,27.4,24.2,15.1,17.5,36.9,40.8,40.8,40.8,40.8,40.8,40.8,40.8,40.8,40.8,0.0,81.9,88.3,95.3,87.3,84.7,74.0,78.7,76.2,70.5,18.1,11.7,4.7,12.7,15.3,26.0,21.3,23.8,29.5,0.0,0.0,0.0,0.0,0.0,0.0,0.0,0.0,0.0,1197.8,12.00,16,16,16,39,55,661,1,72.9,72.5,71.8,68.8,71.1,71.6,70.8,69.0,67.0,67.5,66.9,66.1,63.7,64.0,63.5,55.2,52.3,1.344,1.031,1.344,14.128,11.115,14.133,73.698,39.573,4.354,5.711,6.126,5.003,4.352,3.257,3.860,3.568,2.957,19.010,11.454,30.464,39.620,1197.8,1197.8,4086.9,4086.9,4086.9,4086.9,45.0,23.6,81.9,76.3,54.4,No,No,No,1.550,0.461,6.6,50,95.0,100.0,No,No,91293,99096,35,99.0,No,No,3320,0.0,0.0,0.0,0.000,0.080,79801,50265,0.0,0.0,0.0,0.000,0.000,52,0,50.8,65.7,83.0,0.775,12.135,12.181,12.155,12.070,1131,46.536,17.804,25.524,7.114,39.369,25.167,14.180,0.336,25.524,21.283,2.835,16.712,220.000,240.000,1365.0,1750.2,1200.0,1346.8,1305.0,40.0,8.0,0.0,3.0,27.6,4.1,16.3,0.0,0.0,0.0,33,Yes,No,No,No,No,Yes,No,21.5,25.5,0,0,0,0,0,0,0,0,0,9,0,0,0,0,0,0,0,0,0,0,0,0,0,0,0,0,0,0,0,0,5930,2262,2097,91,8.0,239.7,265.4,215.5,205.1,209.6,202.9,0.0,0.0,0.0,0.0,0.0,0.0,4.17,4.62,3.81,3.52,4.80,5.02,0.43,0.32,4.06,0.12,0.00,0,0,0.0,0.0,13576,1182,2.7,2.4,0,
8.7.2026,15:21:13.566,18405,27589,40.0,13403,19279,41.0,0.5,13312,70,1.314,1.319,1.312,1.312,1.312,1.319,1.312,1.312,1.312,4067.7,4067.7,4067.7,4067.7,4067.7,4067.7,4067.7,4067.7,4067.7,99.8,1419.9,3594.8,1475.8,2080.2,2387.6,1706.0,1699.0,1538.8,1271.0,774.4,725.1,1444.1,843.9,1027.2,824.1,652.5,673.9,1419.9,32.3,63.0,34.6,50.2,57.9,40.7,40.4,36.7,29.9,18.2,16.8,34.5,19.6,23.8,19.1,15.3,15.6,63.0,32.3,36.5,71.2,39.1,56.8,65.5,46.0,45.6,41.5,33.8,20.6,19.0,38.9,22.1,26.9,21.5,17.2,17.6,36.5,40.8,40.8,40.8,40.8,40.8,40.8,40.8,40.8,40.8,0.0,80.9,88.1,96.0,86.8,83.1,72.1,77.5,74.2,69.1,19.1,11.9,4.0,13.2,16.9,27.9,22.5,25.8,30.9,0.0,0.0,0.0,0.0,0.0,0.0,0.0,0.0,0.0,1197.8,12.00,16,16,16,39,55,661,1,72.9,72.2,72.0,68.5,70.8,71.5,70.3,68.8,66.6,67.3,66.5,66.0,63.6,63.9,63.3,55.2,52.9,1.344,1.038,1.350,13.725,11.114,13.720,72.784,38.896,4.254,5.617,6.076,4.845,4.253,3.136,3.783,3.392,2.930,18.419,11.452,29.871,39.011,1197.8,1197.8,4081.7,4082.0,4081.5,4082.0,44.3,22.9,80.9,76.0,53.9,No,No,No,1.567,0.482,6.5,50,95.0,100.0,No,No,91293,99096,35,99.0,No,No,3320,0.1,0.0,0.1,0.237,0.010,79801,50265,0.0,0.0,0.0,0.000,0.000,52,0,50.9,66.1,83.0,0.781,12.133,12.178,12.153,12.069,1127,46.931,18.139,26.624,7.526,40.068,25.261,14.790,0.336,26.624,21.301,2.969,15.891,220.000,240.000,1395.0,1750.2,1215.0,1367.9,1320.0,36.0,8.0,0.0,3.0,27.6,4.0,16.1,0.0,0.0,0.0,33,Yes,No,No,No,No,Yes,No,21.8,25.5,0,0,0,0,0,0,0,0,0,9,0,0,0,0,0,0,0,0,0,0,0,0,0,0,0,0,0,0,0,0,5930,2262,2097,91,8.0,239.8,260.9,223.1,208.2,214.4,206.3,0.0,0.0,0.0,0.0,0.0,0.0,4.17,4.56,3.82,3.65,4.69,4.85,0.41,0.32,4.05,0.12,0.00,0,0,0.0,0.0,13576,1182,2.2,1.9,0,
8.7.2026,15:21:15.566,18408,27586,40.0,13408,19273,41.0,0.5,13312,70,1.330,1.319,1.331,1.331,1.331,1.331,1.331,1.331,1.331,4089.5,4067.7,4092.6,4092.6,4092.6,4092.6,4092.6,4092.6,4092.6,99.8,1342.3,3542.1,1376.8,3276.8,1077.6,1975.2,1210.9,1527.7,1086.5,706.6,615.2,1345.2,788.3,1051.7,725.2,604.0,567.7,1342.3,30.1,61.5,32.1,79.8,25.1,47.2,28.1,36.3,25.2,16.4,13.8,31.9,17.9,24.2,16.3,13.8,12.7,79.8,30.1,34.4,69.8,36.6,90.4,28.8,53.7,32.2,41.4,28.8,18.9,16.0,36.4,20.6,27.7,18.8,16.0,14.7,34.4,41.0,40.8,41.0,41.0,41.0,41.0,41.0,41.0,41.0,0.0,78.6,86.7,95.2,84.3,80.7,68.8,74.9,72.3,66.4,21.4,13.3,4.8,15.7,19.3,31.2,25.1,27.7,33.6,0.0,0.0,0.0,0.0,0.0,0.0,0.0,0.0,0.0,1197.8,12.00,16,16,16,39,55,661,1,72.8,72.0,71.0,68.3,70.8,71.3,70.0,68.5,66.4,67.1,66.4,65.6,63.5,63.8,63.2,54.2,52.0,1.344,1.038,1.350,13.464,11.064,13.474,70.785,38.593,4.154,5.585,6.035,4.690,4.052,3.009,3.692,3.364,2.808,18.094,11.399,29.493,38.647,1197.8,1197.8,4086.3,4086.4,4086.1,4086.4,43.9,22.5,78.6,75.8,54.3,No,No,No,1.508,0.510,6.3,50,95.0,100.0,No,No,91293,99096,35,99.0,No,No,3320,0.0,0.0,0.0,0.000,0.022,79801,50265,0.0,0.0,0.0,0.000,0.000,52,0,51.0,66.1,83.0,0.794,12.137,12.182,12.156,12.072,1131,48.769,18.313,27.084,7.845,40.444,25.375,15.047,0.336,27.084,21.541,3.069,15.306,220.000,240.000,1425.0,1750.2,1245.0,1406.5,1350.0,39.0,9.0,0.0,3.0,27.6,4.2,16.7,0.0,0.0,0.0,33,Yes,No,No,No,No,Yes,No,22.1,25.6,0,0,0,0,0,0,0,0,0,9,0,0,0,0,0,0,0,0,0,0,0,0,0,0,0,0,0,0,0,0,5930,2262,2097,91,8.0,239.8,260.4,220.9,216.9,218.4,216.2,239.8,242.7,236.6,236.4,236.4,236.3,4.17,4.57,3.83,3.70,4.60,4.61,0.48,0.24,4.06,0.11,0.10,0,0,0.0,0.0,13576,1182,2.1,1.4,0,
8.7.2026,15:21:17.575,18415,27579,40.0,13412,19270,41.0,0.5,13312,70,1.323,1.319,1.325,1.325,1.325,1.325,1.325,1.319,1.319,4067.7,4067.7,4067.7,4067.7,4067.7,4067.7,4067.7,4067.7,4067.7,99.8,1442.7,3600.1,1556.6,3255.3,1228.4,2074.5,1333.0,1743.6,1121.9,868.9,654.4,1511.0,839.1,1198.4,759.7,644.2,693.6,1442.7,33.0,62.4,36.8,79.3,29.3,50.0,31.6,42.0,26.4,20.9,15.3,36.3,19.6,28.3,17.7,15.3,16.4,79.3,33.0,37.0,70.5,41.4,89.6,32.8,56.3,35.4,47.2,29.6,23.3,17.0,40.8,21.9,31.7,19.7,17.0,18.2,37.0,40.8,40.8,40.8,40.8,40.8,40.8,40.8,40.8,40.8,0.0,81.4,88.2,95.9,86.5,84.0,72.6,78.0,75.3,71.0,18.6,11.8,4.1,13.5,16.0,27.4,22.0,24.7,29.0,0.0,0.0,0.0,0.0,0.0,0.0,0.0,0.0,0.0,1197.8,12.00,16,16,16,39,55,661,1,72.8,72.1,71.5,68.5,70.9,71.4,70.3,68.8,66.6,67.3,66.7,66.0,63.6,63.8,63.3,56.5,52.4,1.337,1.031,1.337,14.001,11.116,13.996,73.289,39.284,4.290,5.638,6.082,4.867,4.271,3.154,3.836,3.503,2.969,18.794,11.454,30.248,39.388,1197.8,1197.8,4083.2,4083.3,4083.0,4083.3,44.8,23.3,81.4,75.9,54.6,No,No,No,1.549,0.491,6.5,50,95.0,100.0,No,No,91293,99096,35,99.0,No,No,3320,0.2,0.0,0.2,0.256,0.016,79801,50265,0.0,0.0,0.0,0.000,0.000,52,0,50.9,65.8,83.0,0.781,12.135,12.181,12.154,12.070,1132,47.490,18.129,25.702,7.260,39.524,25.225,14.279,0.336,25.702,21.419,2.930,18.909,220.000,240.000,1395.0,1750.2,1215.0,1409.9,1320.0,40.0,8.0,0.0,3.0,27.6,4.0,16.0,0.0,0.0,0.0,33,Yes,No,No,No,No,Yes,No,21.3,25.4,0,0,0,0,0,0,0,0,0,9,0,0,0,0,0,0,0,0,0,0,0,0,0,0,0,0,0,0,0,0,5930,2262,2097,91,8.0,239.8,255.6,224.5,219.5,221.7,218.6,0.0,0.0,0.0,0.0,0.0,0.0,4.17,4.52,3.86,3.74,4.56,4.56,0.42,0.29,4.05,0.12,0.00,0,0,0.0,0.0,13576,1182,3.1,4.8,0,
8.7.2026,15:21:19.566,18411,27583,40.0,13410,19271,41.0,0.5,13312,70,1.342,1.325,1.350,1.344,1.344,1.344,1.344,1.344,1.344,4098.9,4117.6,4117.6,4092.6,4092.6,4092.6,4092.6,4092.6,4092.6,99.8,1427.4,3603.2,1577.4,1624.9,2858.6,1522.1,1851.7,1374.8,1451.8,725.9,798.2,1213.2,1148.9,947.4,944.5,549.5,646.0,1427.4,32.4,63.3,37.0,39.0,69.4,35.9,44.1,32.6,34.4,17.0,18.6,28.8,27.1,21.7,22.0,12.7,14.9,69.4,32.4,36.6,71.6,41.8,44.0,78.6,40.6,49.9,36.8,38.8,19.2,21.0,32.5,30.6,24.5,24.8,14.3,16.8,36.6,41.1,41.2,41.2,41.0,41.0,41.0,41.0,41.0,41.0,0.0,81.2,88.2,95.9,86.5,83.3,72.8,78.0,75.0,69.5,18.8,11.8,4.1,13.5,16.7,27.2,22.0,25.0,30.5,0.0,0.0,0.0,0.0,0.0,0.0,0.0,0.0,0.0,1197.8,12.00,16,16,16,39,55,661,1,72.6,72.2,73.5,68.5,71.0,71.6,70.4,68.9,66.7,67.4,66.6,65.8,63.6,63.9,63.3,56.5,52.4,1.356,1.031,1.363,13.915,11.055,13.914,73.037,39.164,4.298,5.704,6.178,4.886,4.279,3.156,3.838,3.461,2.881,18.688,11.390,30.078,39.226,1197.8,1197.8,4083.9,4084.2,4083.6,4084.2,44.6,23.2,81.2,76.0,54.2,No,No,No,1.540,0.490,6.5,50,95.0,100.0,No,No,91293,99096,35,99.0,No,No,3320,0.0,0.0,0.0,0.008,0.055,79801,50265,0.0,0.0,0.0,0.000,0.000,52,0,50.8,65.7,83.0,0.769,12.141,12.188,12.160,12.076,1128,46.922,17.690,25.424,7.093,39.374,25.226,14.124,0.336,25.424,21.374,2.737,15.784,220.000,240.000,1350.0,1750.2,1185.0,1390.4,1275.0,38.0,8.0,0.0,3.0,27.6,3.9,15.7,0.0,0.0,0.0,33,Yes,No,No,No,No,Yes,No,21.1,25.6,0,0,0,0,0,0,0,0,0,9,0,0,0,0,0,0,0,0,0,0,0,0,0,0,0,0,0,0,0,0,5930,2262,2097,91,8.0,239.8,255.2,224.1,215.3,218.1,215.0,0.0,0.0,0.0,0.0,0.0,0.0,4.17,4.46,3.89,3.74,4.56,4.64,0.40,0.29,4.05,0.12,0.00,0,0,0.0,0.0,13576,1182,2.1,1.9,0,
8.7.2026,15:21:21.576,18408,27586,40.0,13407,19275,41.0,0.5,13312,70,1.324,1.319,1.325,1.325,1.325,1.325,1.325,1.325,1.325,4067.7,4067.7,4067.7,4067.7,4067.7,4067.7,4067.7,4067.7,4067.7,99.8,1482.5,3605.5,1885.7,1405.6,3060.4,1406.1,2134.3,1300.4,1598.7,686.1,891.5,1142.7,1266.1,896.5,1101.6,592.6,746.3,1482.5,33.3,56.8,44.5,33.3,74.5,33.2,51.1,30.6,37.9,15.9,20.9,26.9,29.8,20.3,25.8,13.7,17.3,74.5,33.3,37.7,64.3,50.4,37.7,84.3,37.6,57.8,34.7,42.9,18.1,23.6,30.4,33.8,23.0,29.3,15.5,19.6,37.7,40.8,40.8,40.8,40.8,40.8,40.8,40.8,40.8,40.8,0.0,81.7,88.3,95.4,87.9,83.9,73.3,78.8,75.6,70.6,18.3,11.7,4.6,12.1,16.1,26.7,21.2,24.4,29.4,0.0,0.0,0.0,0.0,0.0,0.0,0.0,0.0,0.0,1197.8,12.00,16,16,16,39,55,661,1,72.6,72.4,72.0,68.7,71.0,71.6,70.9,69.0,66.9,67.5,66.7,66.0,63.7,64.0,63.4,53.5,51.7,1.344,1.031,1.344,14.237,11.104,14.238,73.555,39.616,4.349,5.673,6.119,5.062,4.335,3.213,3.881,3.531,2.978,19.114,11.444,30.558,39.710,1197.8,1197.8,4082.8,4083.2,4082.4,4083.2,45.1,23.7,81.7,76.2,54.8,No,No,No,1.569,0.456,6.5,50,95.0,100.0,No,No,91293,99096,35,99.0,No,No,3320,0.2,0.0,0.2,0.098,0.024,79802,50266,0.0,0.0,0.0,0.000,0.000,52,0,50.7,65.6,83.0,0.769,12.141,12.187,12.159,12.076,1129,46.686,17.593,25.090,6.995,39.055,25.093,13.939,0.336,25.090,21.288,3.438,15.609,220.000,240.000,1350.0,1750.2,1185.0,1374.2,1275.0,36.0,7.0,0.0,2.0,27.6,3.9,15.8,0.0,0.0,0.0,33,Yes,No,No,No,No,Yes,No,20.9,24.6,0,0,0,0,0,0,0,0,0,9,0,0,0,0,0,0,0,0,0,0,0,0,0,0,0,0,0,0,0,0,5930,2262,2097,91,8.0,239.7,263.6,219.7,212.9,215.2,212.7,239.8,243.5,236.3,234.8,235.6,234.4,4.17,4.65,3.75,3.72,4.71,4.75,0.49,0.30,4.05,0.12,0.13,0,0,0.0,0.0,13576,1182,3.0,2.0,0,
8.7.2026,15:21:23.567,18407,27586,40.0,13407,19274,41.0,0.5,13312,70,1.302,1.337,1.306,1.306,1.294,1.294,1.294,1.294,1.294,4024.0,4067.7,4017.8,4017.8,4017.8,4017.8,4017.8,4017.8,4017.8,99.8,1515.2,3566.7,2138.6,1867.1,2599.2,1490.9,1998.5,1332.6,1552.8,741.5,885.9,1110.2,1277.3,902.1,1109.0,797.0,874.6,1515.2,34.0,51.6,51.0,44.9,63.2,35.4,47.9,31.6,37.0,17.4,20.9,26.3,30.4,20.7,26.2,18.9,20.7,63.2,34.0,38.4,58.3,57.6,50.7,71.5,39.9,54.1,35.7,41.7,19.6,23.5,29.6,34.3,23.3,29.5,21.2,23.2,38.4,40.3,40.8,40.2,40.2,40.2,40.2,40.2,40.2,40.2,0.0,81.3,87.4,95.1,87.3,83.8,72.4,77.8,75.0,71.2,18.7,12.6,4.9,12.7,16.2,27.6,22.2,25.0,28.8,0.0,0.0,0.0,0.0,0.0,0.0,0.0,0.0,0.0,1197.8,12.00,16,16,16,39,55,661,1,72.9,72.7,76.8,68.9,71.2,71.5,70.7,69.2,67.0,67.8,66.9,66.8,63.6,63.9,63.4,54.2,52.5,1.337,1.044,1.344,14.346,11.113,14.340,73.127,39.728,4.389,5.637,6.089,5.010,4.336,3.244,3.917,3.570,3.306,19.242,11.454,30.697,39.833,1197.8,1197.8,4079.2,4079.6,4078.8,4079.6,45.3,23.9,81.3,76.5,54.7,No,No,No,1.543,0.426,6.5,50,95.0,100.0,No,No,91293,99096,35,99.0,No,No,3320,0.0,0.0,0.0,0.000,0.004,79802,50266,0.0,0.0,0.0,0.000,0.000,52,0,50.6,65.7,83.0,0.756,12.139,12.185,12.157,12.074,1131,45.416,16.995,23.522,6.519,38.199,25.102,13.069,0.336,23.522,21.527,2.678,15.479,220.000,240.000,1320.0,1750.2,1155.0,1332.8,1245.0,40.0,8.0,0.0,3.0,27.6,3.9,15.8,0.0,0.0,0.0,33,Yes,No,No,No,No,Yes,No,20.0,23.0,0,0,0,0,0,0,0,0,0,9,0,0,0,0,0,0,0,0,0,0,0,0,0,0,0,0,0,0,0,0,5930,2262,2097,91,8.0,239.8,278.3,214.6,203.2,208.3,201.1,239.8,243.1,236.7,236.3,236.4,236.3,4.17,4.67,3.63,3.45,4.80,4.96,0.42,0.21,4.06,0.11,0.12,0,0,0.0,0.0,13576,1182,2.3,2.1,0,
8.7.2026,15:21:25.568,18414,27580,40.0,13401,19281,41.0,0.5,13312,70,1.318,1.300,1.319,1.319,1.331,1.325,1.325,1.312,1.312,4064.5,4042.7,4067.7,4067.7,4067.7,4067.7,4067.7,4067.7,4067.7,99.8,1510.0,3606.5,2172.1,2934.2,1585.7,2121.6,1466.7,1466.7,1392.8,754.9,908.9,1066.7,1252.0,869.9,1076.6,668.1,816.5,1510.0,33.6,50.7,51.9,71.4,37.8,51.0,34.5,34.8,32.9,17.7,21.2,25.1,29.4,19.7,25.2,15.5,19.0,71.4,33.6,38.0,57.3,58.7,80.7,42.7,57.7,39.1,39.4,37.2,20.1,24.1,28.4,33.2,22.3,28.6,17.6,21.5,38.0,40.7,40.5,40.8,40.8,40.8,40.8,40.8,40.8,40.8,0.0,82.1,88.5,95.8,88.9,84.4,73.8,78.5,75.6,71.2,17.9,11.5,4.2,11.1,15.6,26.2,21.5,24.4,28.8,0.0,0.0,0.0,0.0,0.0,0.0,0.0,0.0,0.0,1197.8,12.00,16,16,16,39,55,661,1,73.0,72.8,73.5,69.0,71.3,71.8,71.0,69.1,67.3,67.7,66.8,66.7,63.8,64.0,63.5,54.5,51.8,1.325,1.025,1.331,14.414,11.091,14.414,73.868,39.807,4.394,5.666,6.188,5.140,4.312,3.340,3.825,3.490,3.191,19.322,11.430,30.752,39.902,1197.8,1197.8,4077.9,4078.0,4077.7,4078.0,45.3,24.0,82.1,76.7,54.8,No,No,No,1.588,0.451,6.6,50,95.0,100.0,No,No,91293,99096,35,99.0,No,No,3320,1.0,0.6,1.6,2.806,11.127,79807,50287,0.0,0.0,0.0,0.000,0.000,52,0,50.5,65.4,83.0,0.769,12.139,12.185,12.158,12.074,1131,45.236,17.265,24.143,6.617,38.553,25.115,13.413,0.336,24.143,21.356,2.633,16.344,220.000,240.000,1350.0,1750.2,1185.0,1324.0,1275.0,40.0,8.0,0.0,3.0,27.6,3.9,15.5,0.0,0.0,0.0,33,Yes,No,No,No,No,Yes,No,20.6,25.5,0,0,0,0,0,0,0,0,0,9,0,0,0,0,0,0,0,0,0,0,0,0,0,0,0,0,0,0,0,0,5930,2262,2097,91,8.0,239.7,257.9,227.9,213.5,218.7,212.7,239.8,242.0,236.8,236.1,236.4,235.9,4.17,4.47,3.84,3.68,4.61,4.71,0.50,0.22,4.06,0.12,0.10,0,0,0.0,0.0,13576,1182,5.6,3.0,0,
8.7.2026,15:21:27.574,18406,27588,40.0,13401,19281,41.0,0.5,13312,70,1.316,1.325,1.325,1.312,1.312,1.312,1.312,1.312,1.312,4067.7,4067.7,4067.7,4067.7,4067.7,4067.7,4067.7,4067.7,4067.7,99.8,1494.6,3617.5,2151.2,2942.1,1567.7,1983.2,1479.8,1561.3,1379.4,711.2,840.7,1031.9,1284.5,878.3,1062.5,612.5,810.3,1494.6,33.2,51.5,51.2,71.4,37.2,47.3,34.9,37.2,32.4,16.6,19.7,24.2,30.4,19.9,24.9,14.2,18.8,71.4,33.2,37.6,58.3,58.0,80.9,42.1,53.6,39.5,42.1,36.7,18.8,22.3,27.4,34.4,22.5,28.2,16.1,21.3,37.6,40.8,40.8,40.8,40.8,40.8,40.8,40.8,40.8,40.8,0.0,82.0,88.6,95.9,87.6,85.1,73.2,78.5,76.1,71.2,18.0,11.4,4.1,12.4,14.9,26.8,21.5,23.9,28.8,0.0,0.0,0.0,0.0,0.0,0.0,0.0,0.0,0.0,1197.8,12.00,16,16,16,39,55,661,1,73.0,72.4,72.5,68.8,71.1,71.7,70.7,69.2,66.9,67.5,66.8,66.3,63.8,64.0,63.5,54.0,52.1,1.337,1.031,1.337,14.154,11.082,14.156,73.820,39.542,4.353,5.691,6.155,5.004,4.410,3.188,3.827,3.508,3.038,19.018,11.417,30.435,39.591,1197.8,1197.8,4083.5,4083.5,4083.5,4083.5,45.0,23.6,82.0,76.2,54.4,No,No,No,1.548,0.473,6.6,50,95.0,100.0,No,No,91293,99096,35,99.0,No,No,3320,0.1,0.0,0.1,0.024,0.080,79807,50287,0.0,0.0,0.0,0.000,0.000,52,0,50.5,65.4,83.0,0.775,12.137,12.184,12.155,12.073,1129,46.418,17.301,24.149,6.628,38.290,24.858,13.416,0.336,24.149,21.101,2.783,17.297,220.000,240.000,1365.0,1750.2,1200.0,1354.8,1305.0,37.0,7.0,0.0,2.0,27.6,3.8,15.3,0.0,0.0,0.0,33,Yes,No,No,No,No,Yes,No,20.2,25.3,0,0,0,0,0,0,0,0,0,9,0,0,0,0,0,0,0,0,0,0,0,0,0,0,0,0,0,0,0,0,5930,2262,2097,91,8.0,239.8,265.7,218.0,205.5,209.7,205.0,0.0,0.0,0.0,0.0,0.0,0.0,4.17,4.60,3.79,3.52,4.80,4.90,0.42,0.27,4.05,0.12,0.00,0,0,0.0,0.0,13576,1182,8.9,7.8,0,
8.7.2026,15:21:29.578,18409,27585,40.0,13402,19280,41.0,0.5,13312,70,1.320,1.325,1.319,1.319,1.319,1.319,1.319,1.319,1.319,4083.3,4067.7,4067.7,4092.6,4092.6,4092.6,4092.6,4092.6,4067.7,99.8,1447.9,3582.4,2104.0,1606.6,2864.0,1400.1,2008.3,1238.5,1511.3,622.8,854.8,1045.2,1246.5,784.1,1097.3,473.3,727.2,1447.9,32.1,49.9,50.1,38.4,69.6,33.1,47.8,29.2,35.6,14.4,19.9,24.5,29.4,17.6,25.7,10.7,16.9,69.6,32.1,36.4,56.6,56.8,43.6,78.9,37.6,54.3,33.1,40.4,16.4,22.7,27.9,33.3,20.0,29.2,12.3,19.2,36.4,40.9,40.8,40.8,41.0,41.0,41.0,41.0,41.0,40.8,0.0,81.2,87.8,96.3,87.1,83.6,72.6,78.4,75.1,69.1,18.8,12.2,3.7,12.9,16.4,27.4,21.6,24.9,30.9,0.0,0.0,0.0,0.0,0.0,0.0,0.0,0.0,0.0,1197.8,12.00,16,16,16,39,55,661,1,73.0,72.3,71.8,68.6,70.9,71.6,70.6,68.8,66.7,67.4,66.5,65.9,63.7,63.9,63.4,55.0,52.4,1.344,1.025,1.344,13.998,11.102,14.004,73.117,39.335,4.287,5.615,6.208,4.968,4.229,3.149,3.796,3.448,2.881,18.787,11.442,30.229,39.387,1197.8,1197.8,4081.7,4082.2,4081.2,4082.2,44.8,23.3,81.2,76.1,54.6,No,No,No,1.545,0.499,6.5,50,95.0,100.0,No,No,91293,99096,35,99.0,No,No,3320,0.0,0.0,0.0,0.000,0.059,79807,50287,0.0,0.0,0.0,0.000,0.000,52,0,50.8,65.9,83.0,0.794,12.137,12.183,12.155,12.072,1132,48.007,18.633,26.985,7.675,40.259,25.242,14.991,0.336,26.985,21.283,2.888,19.686,220.000,240.000,1425.0,1750.2,1245.0,1402.7,1350.0,40.0,9.0,0.0,3.0,27.6,4.1,16.5,0.0,0.0,0.0,33,Yes,No,No,No,No,Yes,No,21.4,24.0,0,0,0,0,0,0,0,0,0,9,0,0,0,0,0,0,0,0,0,0,0,0,0,0,0,0,0,0,0,0,5930,2262,2097,91,8.0,239.8,260.0,222.9,217.6,219.7,216.8,0.0,0.0,0.0,0.0,0.0,0.0,4.17,4.54,3.85,3.77,4.58,4.59,0.38,0.34,4.05,0.12,0.00,0,0,0.0,0.0,13576,1182,2.4,2.4,0,
8.7.2026,15:21:31.563,18410,27584,40.0,13403,19278,41.0,0.5,13312,70,1.341,1.325,1.344,1.344,1.344,1.344,1.344,1.344,1.344,4092.6,4092.6,4092.6,4092.6,4092.6,4092.6,4092.6,4092.6,4092.6,99.8,1478.0,3625.3,2084.0,1283.8,3194.4,1271.4,2233.3,1242.2,1599.0,637.6,941.8,1042.9,1278.5,804.3,1143.0,510.4,755.6,1478.0,33.0,51.5,49.7,30.5,77.9,30.0,53.7,29.5,37.9,15.0,22.2,24.7,30.3,18.2,27.0,11.9,17.7,77.9,33.0,37.2,58.2,56.1,34.3,88.1,33.8,60.6,33.3,42.7,16.8,25.0,27.7,34.1,20.5,30.3,13.3,19.8,37.2,41.0,41.0,41.0,41.0,41.0,41.0,41.0,41.0,41.0,0.0,82.4,88.9,96.0,88.8,84.8,74.2,79.5,76.3,70.6,17.6,11.1,4.0,11.2,15.2,25.8,20.5,23.7,29.4,0.0,0.0,0.0,0.0,0.0,0.0,0.0,0.0,0.0,1197.8,12.00,16,16,16,39,55,661,1,73.0,72.5,71.8,68.7,70.9,71.7,71.0,68.9,66.9,67.5,66.8,66.0,63.7,64.0,63.4,56.5,52.3,1.350,1.031,1.344,14.146,11.100,14.138,74.149,39.401,4.326,5.577,6.153,5.105,4.256,3.222,3.867,3.494,2.933,18.970,11.440,30.410,39.548,1197.8,1197.8,4080.0,4080.2,4079.7,4080.2,44.9,23.6,82.4,76.3,54.6,No,No,No,1.570,0.438,6.6,50,95.0,100.0,No,No,91293,99096,35,99.0,No,No,3320,0.0,0.0,0.0,0.026,0.008,79807,50287,0.0,0.0,0.0,0.000,0.000,52,0,50.5,65.4,83.0,0.769,12.138,12.185,12.157,12.073,1129,45.977,17.273,24.567,6.884,38.756,25.089,13.647,0.336,24.567,21.410,2.739,14.734,220.000,240.000,1350.0,1750.2,1185.0,1383.9,1275.0,39.0,8.0,0.0,3.0,27.6,3.6,14.4,0.0,0.0,0.0,33,Yes,No,No,No,No,Yes,No,20.7,24.4,0,0,0,0,0,0,0,0,0,9,0,0,0,0,0,0,0,0,0,0,0,0,0,0,0,0,0,0,0,0,5930,2262,2097,91,8.0,239.7,264.5,221.9,214.2,217.5,213.1,0.0,0.0,0.0,0.0,0.0,0.0,4.17,4.50,3.81,3.77,4.56,4.59,0.40,0.37,4.05,0.12,0.00,0,0,0.0,0.0,13576,1182,3.2,2.7,0,
8.7.2026,15:21:33.570,18414,27579,40.0,13405,19277,41.0,0.5,13312,70,1.321,1.337,1.319,1.319,1.319,1.319,1.319,1.319,1.319,4067.7,4067.7,4067.7,4067.7,4067.7,4067.7,4067.7,4067.7,4067.7,99.8,1472.8,3623.6,1972.4,1646.3,2823.7,1566.3,1859.6,1457.1,1406.6,753.7,794.8,1275.3,1114.1,1045.9,893.5,585.1,747.3,1472.8,33.0,54.9,46.9,39.4,68.7,37.3,44.3,34.7,33.1,17.7,18.5,30.3,26.1,24.3,20.7,13.6,17.4,68.7,33.0,37.3,62.1,53.0,44.6,77.7,42.1,50.1,39.2,37.4,20.0,20.9,34.3,29.5,27.4,23.4,15.3,19.6,37.3,40.8,40.8,40.8,40.8,40.8,40.8,40.8,40.8,40.8,0.0,82.3,88.8,96.1,87.7,85.0,74.1,79.7,76.2,71.0,17.7,11.2,3.9,12.3,15.0,25.9,20.3,23.8,29.0,0.0,0.0,0.0,0.0,0.0,0.0,0.0,0.0,0.0,1197.8,12.00,16,16,16,39,55,661,1,73.0,72.4,73.2,68.7,71.0,71.8,70.5,69.1,66.9,67.8,66.8,66.1,63.7,64.0,63.4,56.2,52.1,1.331,1.031,1.344,14.211,11.118,14.215,74.098,39.646,4.340,5.639,6.204,4.913,4.339,3.203,3.936,3.518,2.964,19.080,11.455,30.535,39.691,1197.8,1197.8,4082.6,4082.7,4082.5,4082.7,45.1,23.7,82.3,76.2,54.8,No,No,No,1.574,0.446,6.6,50,95.0,100.0,No,No,91293,99096,35,99.0,No,No,3320,0.0,0.0,0.0,0.000,0.006,79807,50287,0.0,0.0,0.0,0.000,0.000,52,0,50.4,65.5,83.0,0.750,12.140,12.187,12.159,12.075,1132,44.690,16.630,22.865,6.313,37.644,24.922,12.702,0.336,22.865,21.428,2.550,14.674,220.000,240.000,1305.0,1750.2,1140.0,1322.8,1230.0,38.0,7.0,0.0,3.0,27.6,3.7,14.9,0.0,0.0,0.0,33,Yes,No,No,No,No,Yes,No,20.1,25.0,0,0,0,0,0,0,0,0,0,9,0,0,0,0,0,0,0,0,0,0,0,0,0,0,0,0,0,0,0,0,5930,2262,2097,91,8.0,239.8,256.6,222.8,210.7,215.3,209.4,239.8,242.5,237.1,234.8,236.1,234.2,4.17,4.51,3.85,3.72,4.63,4.79,0.51,0.23,4.06,0.11,0.10,0,0,0.0,0.0,13576,1182,2.2,1.4,0,
8.7.2026,15:21:35.576,18410,27584,40.0,13400,19282,41.0,0.5,13312,70,1.327,1.312,1.319,1.331,1.331,1.331,1.331,1.331,1.331,4067.7,4067.7,4067.7,4067.7,4067.7,4067.7,4067.7,4067.7,4067.7,99.8,1440.2,3654.6,1528.8,3097.0,1338.8,2083.5,1348.7,1719.6,1130.5,845.0,718.0,1421.3,984.8,1136.3,803.4,630.3,603.1,1440.2,32.6,64.4,35.6,75.3,31.6,49.9,31.4,41.1,26.2,19.8,16.5,33.8,22.8,26.3,18.3,14.5,13.7,75.3,32.6,37.0,72.9,40.4,85.2,35.8,56.5,35.7,46.6,29.7,22.5,18.8,38.3,25.9,29.9,20.8,16.6,15.6,37.0,40.8,40.8,40.8,40.8,40.8,40.8,40.8,40.8,40.8,0.0,82.5,89.5,95.7,87.8,85.0,74.3,80.2,76.8,70.9,17.5,10.5,4.3,12.2,15.0,25.7,19.8,23.2,29.1,0.0,0.0,0.0,0.0,0.0,0.0,0.0,0.0,0.0,1197.8,12.00,16,16,16,39,55,661,1,72.9,72.4,71.2,68.8,71.2,71.6,70.8,69.1,67.0,67.7,66.8,66.0,63.7,64.0,63.5,54.0,52.3,1.337,1.025,1.337,14.156,11.113,14.154,74.278,39.521,4.348,5.772,6.091,4.999,4.346,3.222,3.914,3.526,2.916,19.018,11.450,30.468,39.617,1197.8,1197.8,4083.2,4083.4,4083.1,4083.4,45.0,23.6,82.5,76.2,54.5,No,No,No,1.552,0.473,6.6,50,95.0,100.0,No,No,91293,99096,35,99.0,No,No,3320,0.0,0.0,0.0,0.000,0.036,79807,50287,0.0,0.0,0.0,0.000,0.000,52,0,50.7,65.7,83.0,0.787,12.138,12.184,12.157,12.072,1132,47.294,17.990,26.140,7.384,39.291,24.748,14.522,0.336,26.140,20.872,2.918,17.549,220.000,240.000,1410.0,1750.2,1230.0,1345.8,1335.0,37.0,8.0,0.0,3.0,27.6,4.0,15.9,0.0,0.0,0.0,33,Yes,No,No,No,No,Yes,No,21.4,25.3,0,0,0,0,0,0,0,0,0,9,0,0,0,0,0,0,0,0,0,0,0,0,0,0,0,0,0,0,0,0,5930,2262,2097,91,8.0,239.8,253.4,224.7,217.3,220.8,215.8,0.0,0.0,0.0,0.0,0.0,0.0,4.17,4.54,3.91,3.70,4.56,4.57,0.38,0.35,4.06,0.11,0.00,0,0,0.0,0.0,13576,1182,2.4,2.3,0,
8.7.2026,15:21:37.564,18462,27532,40.1,13425,19256,41.0,0.5,13312,70,1.306,1.319,1.331,1.300,1.300,1.300,1.300,1.300,1.300,4048.9,4067.7,4067.7,4042.7,4042.7,4042.7,4042.7,4042.7,4042.7,99.8,1489.2,3652.2,1640.2,3097.6,1370.2,2116.4,1352.6,1772.3,1210.5,876.3,730.0,1430.4,1006.3,1194.8,894.3,795.9,687.2,1489.2,33.9,63.6,38.7,75.4,32.5,50.9,31.8,42.6,28.5,20.9,17.0,34.3,23.5,28.1,20.8,18.8,16.0,75.4,33.9,38.3,71.9,43.7,85.3,36.7,57.5,35.9,48.1,32.1,23.5,19.1,38.7,26.5,31.7,23.4,21.2,18.0,38.3,40.6,40.8,40.8,40.5,40.5,40.5,40.5,40.5,40.5,0.0,82.4,89.5,95.4,87.3,84.9,73.8,79.2,76.8,71.9,17.6,10.5,4.6,12.7,15.1,26.2,20.8,23.2,28.1,0.0,0.0,0.0,0.0,0.0,0.0,0.0,0.0,0.0,1197.8,12.00,16,16,16,39,55,661,1,72.9,72.5,75.0,68.9,71.2,71.6,70.8,69.3,67.1,67.8,67.1,66.5,63.8,64.0,63.5,54.5,52.5,1.350,1.019,1.344,14.345,11.136,14.343,74.119,39.786,4.380,5.746,6.080,4.934,4.421,3.232,3.901,3.604,3.125,19.233,11.477,30.710,39.863,1197.8,1197.8,4079.0,4079.2,4078.9,4079.2,45.3,23.9,82.4,76.3,54.7,No,No,No,1.634,0.439,6.6,50,95.0,100.0,No,No,91293,99096,35,99.0,No,No,3320,0.0,0.0,0.0,0.002,0.014,79807,50287,0.0,0.0,0.0,0.000,0.000,52,0,50.4,65.2,83.0,0.756,12.142,12.189,12.160,12.076,1129,46.160,17.124,23.681,6.667,38.243,25.070,13.156,0.336,23.681,21.561,2.657,16.189,220.000,240.000,1320.0,1750.2,1155.0,1380.5,1245.0,38.0,7.0,0.0,3.0,27.6,3.9,15.6,0.0,0.0,0.0,33,Yes,No,No,No,No,Yes,No,20.3,24.2,0,0,0,0,0,0,0,0,0,9,0,0,0,0,0,0,0,0,0,0,0,0,0,0,0,0,0,0,0,0,5930,2262,2097,91,8.0,239.8,257.9,225.7,219.8,222.6,218.6,239.8,242.2,237.4,236.9,237.2,236.8,4.17,4.44,3.84,3.66,4.49,4.54,0.50,0.24,4.06,0.12,0.10,0,0,0.0,0.0,13576,1182,6.7,8.9,0,
8.7.2026,15:21:39.571,18456,27537,40.1,13435,19247,41.1,0.5,13312,70,1.302,1.300,1.294,1.300,1.300,1.306,1.306,1.306,1.306,4020.9,4042.7,4017.8,4017.8,4017.8,4017.8,4017.8,4017.8,4017.8,99.8,1491.6,3648.9,1553.7,1928.8,2467.1,1721.4,1786.6,1531.3,1380.1,841.3,823.7,1433.7,1022.9,1184.2,955.2,814.6,772.7,1491.6,34.0,65.5,36.4,46.4,59.8,41.4,42.3,36.6,32.4,19.8,19.2,34.3,23.8,27.7,22.2,19.1,17.9,65.5,34.0,38.4,73.9,41.1,52.4,67.5,46.7,47.8,41.3,36.6,22.4,21.6,38.7,26.9,31.3,25.0,21.6,20.1,38.4,40.3,40.5,40.2,40.2,40.2,40.2,40.2,40.2,40.2,0.0,82.8,89.6,95.0,88.0,84.6,74.7,79.9,77.5,72.9,17.2,10.4,5.0,12.0,15.4,25.3,20.1,22.5,27.1,0.0,0.0,0.0,0.0,0.0,0.0,0.0,0.0,0.0,1197.8,12.00,16,16,16,39,55,661,1,82.1,73.5,74.8,69.4,71.5,71.7,71.0,69.4,67.6,68.4,67.7,67.4,63.8,64.1,63.6,56.5,52.3,1.344,1.031,1.344,14.770,11.114,14.764,74.502,40.259,4.488,5.831,6.017,5.024,4.408,3.375,4.032,3.816,3.400,19.773,11.457,31.230,40.372,1197.8,1197.8,4073.1,4073.1,4073.1,4073.1,45.9,24.6,82.8,77.3,54.9,No,No,No,1.543,0.467,6.6,50,95.0,100.0,No,No,91293,99096,35,99.0,No,No,3320,0.0,0.0,0.1,0.021,0.106,79807,50287,0.0,0.0,0.0,0.000,0.000,52,0,50.4,65.4,83.0,0.756,12.141,12.188,12.160,12.077,1128,45.274,16.981,23.766,6.728,38.425,25.192,13.203,0.336,23.766,21.717,2.771,13.902,220.000,240.000,1320.0,1750.2,1155.0,1303.1,1245.0,39.0,8.0,0.0,3.0,27.6,3.8,15.4,0.0,0.0,0.0,33,Yes,No,No,No,No,Yes,No,20.5,24.5,0,0,0,0,0,0,0,0,0,9,0,0,0,0,0,0,0,0,0,0,0,0,0,0,0,0,0,0,0,0,5930,2262,2097,91,8.0,239.7,259.5,224.4,215.7,219.8,213.9,0.0,0.0,0.0,0.0,0.0,0.0,4.17,4.44,3.82,3.75,4.57,4.68,0.43,0.31,4.06,0.12,0.00,0,0,0.0,0.0,13576,1182,2.6,1.8,0,
8.7.2026,15:21:41.567,18460,27533,40.1,13438,19244,41.1,0.5,13312,70,1.330,1.325,1.331,1.331,1.331,1.331,1.331,1.331,1.331,4089.5,4067.7,4092.6,4092.6,4092.6,4092.6,4092.6,4092.6,4092.6,99.8,1411.8,3614.8,1532.6,1301.5,3103.4,1512.7,1875.0,1413.2,1355.4,789.1,742.0,1333.7,944.8,979.1,892.2,561.8,638.2,1411.8,32.1,64.0,35.9,30.9,75.7,36.0,44.5,33.7,31.9,18.6,17.2,31.8,21.9,22.6,20.7,13.1,14.7,75.7,32.1,36.3,72.4,40.6,34.9,85.7,40.7,50.3,38.1,36.1,21.0,19.4,35.9,24.8,25.6,23.4,14.8,16.6,36.3,41.0,40.8,41.0,41.0,41.0,41.0,41.0,41.0,41.0,0.0,80.7,88.6,95.3,86.3,83.1,72.1,77.4,74.4,68.5,19.3,11.4,4.7,13.7,16.9,27.9,22.6,25.6,31.5,0.0,0.0,0.0,0.0,0.0,0.0,0.0,0.0,0.0,1197.8,12.00,16,16,16,39,55,661,1,79.0,72.4,72.8,68.7,71.3,71.4,70.7,68.9,67.0,67.4,66.7,66.0,63.7,64.0,63.5,54.2,51.9,1.344,1.025,1.344,14.005,11.122,14.018,72.637,39.384,4.275,5.782,6.032,4.936,4.198,3.178,3.765,3.440,2.870,18.787,11.461,30.248,39.413,1197.8,1197.8,4080.4,4080.6,4080.1,4080.6,44.8,23.4,80.7,76.2,54.8,No,No,No,1.514,0.487,6.5,50,95.0,100.0,No,No,91293,99096,35,99.0,No,No,3320,0.0,0.0,0.0,0.008,0.075,79807,50288,0.0,0.0,0.0,0.000,0.000,52,0,50.5,65.3,83.0,0.769,12.143,12.190,12.161,12.077,1129,46.653,17.447,24.762,6.985,38.805,25.024,13.757,0.336,24.762,21.347,2.724,15.971,220.000,240.000,1350.0,1750.2,1185.0,1333.7,1275.0,38.0,8.0,0.0,3.0,27.6,4.0,16.1,0.0,0.0,0.0,33,Yes,No,No,No,No,Yes,No,21.0,25.2,0,0,0,0,0,0,0,0,0,9,0,0,0,0,0,0,0,0,0,0,0,0,0,0,0,0,0,0,0,0,5930,2262,2097,91,8.0,239.8,258.0,222.9,217.6,219.9,216.5,239.8,242.4,237.3,236.5,236.8,236.4,4.17,4.48,3.84,3.57,4.54,4.58,0.51,0.25,4.06,0.11,0.10,0,0,0.0,0.0,13576,1182,2.5,2.3,0,
8.7.2026,15:21:43.575,18456,27538,40.1,13436,19246,41.1,0.5,13312,70,1.319,1.319,1.319,1.319,1.319,1.319,1.319,1.319,1.319,4067.7,4067.7,4067.7,4067.7,4067.7,4067.7,4067.7,4067.7,4067.7,99.8,1484.9,3638.1,1641.9,1641.9,2801.2,1595.0,1972.9,1513.4,1383.7,864.9,812.2,1420.4,1012.0,1137.5,911.8,679.6,732.3,1484.9,33.8,64.2,38.7,39.2,68.1,37.9,47.2,36.1,32.5,20.4,18.9,34.0,23.5,26.5,21.1,15.8,16.9,68.1,33.8,38.3,72.7,43.7,44.4,77.0,42.9,53.4,40.9,36.8,23.1,21.4,38.5,26.6,30.0,23.9,17.9,19.2,38.3,40.8,40.8,40.8,40.8,40.8,40.8,40.8,40.8,40.8,0.0,81.6,89.2,95.0,87.7,83.8,73.4,78.2,75.5,70.3,18.4,10.8,5.0,12.3,16.2,26.6,21.8,24.5,29.7,0.0,0.0,0.0,0.0,0.0,0.0,0.0,0.0,0.0,1197.8,12.00,16,16,16,39,55,661,1,76.0,72.6,71.2,68.9,71.5,71.5,70.9,68.9,67.2,67.7,66.9,66.2,63.7,64.0,63.5,54.2,52.1,1.344,1.025,1.344,14.240,11.149,14.238,73.462,39.641,4.358,5.850,5.996,5.033,4.283,3.293,3.873,3.537,3.000,19.100,11.491,30.591,39.743,1197.8,1197.8,4079.6,4079.7,4079.4,4079.7,45.2,23.7,81.6,76.4,54.6,No,No,No,1.639,0.447,6.5,50,95.0,100.0,No,No,91293,99096,35,99.0,No,No,3320,0.0,0.1,0.1,0.008,0.151,79807,50288,0.0,0.0,0.0,0.000,0.000,52,0,50.4,65.5,83.0,0.762,12.141,12.188,12.159,12.076,1129,46.323,17.692,25.194,6.983,39.018,24.996,13.997,0.336,25.194,21.141,2.926,17.137,220.000,240.000,1335.0,1750.2,1170.0,1374.1,1260.0,38.0,7.0,0.0,3.0,27.6,3.8,15.0,0.0,0.0,0.0,33,Yes,No,No,No,No,Yes,No,20.5,24.7,0,0,0,0,0,0,0,0,0,9,0,0,0,0,0,0,0,0,0,0,0,0,0,0,0,0,0,0,0,0,5930,2262,2097,91,8.0,239.8,269.3,223.9,198.0,205.8,197.9,0.0,0.0,0.0,0.0,0.0,0.0,4.17,4.48,3.73,3.26,4.88,5.09,0.41,0.37,4.05,0.12,0.00,0,0,0.0,0.0,13576,1182,2.6,2.0,0,
8.7.2026,15:21:45.576,18468,27526,40.1,13450,19232,41.1,0.5,13312,70,1.312,1.312,1.312,1.312,1.312,1.312,1.312,1.312,1.312,4067.7,4067.7,4067.7,4067.7,4067.7,4067.7,4067.7,4067.7,4067.7,99.8,1421.9,3596.1,1542.0,3197.2,1274.2,1980.2,1417.1,1557.3,1197.4,826.8,708.7,1343.0,918.2,1063.2,835.2,691.8,601.8,1421.9,32.3,63.4,36.2,77.9,30.0,47.4,33.3,37.2,28.0,19.5,16.4,32.1,21.3,24.7,19.2,16.2,13.8,77.9,32.3,36.5,71.7,41.0,88.2,34.0,53.7,37.7,42.1,31.6,22.1,18.5,36.3,24.0,27.9,21.8,18.3,15.6,36.5,40.8,40.8,40.8,40.8,40.8,40.8,40.8,40.8,40.8,0.0,80.1,88.0,95.3,85.9,82.2,71.5,76.3,73.3,68.4,19.9,12.0,4.7,14.1,17.8,28.5,23.7,26.7,31.6,0.0,0.0,0.0,0.0,0.0,0.0,0.0,0.0,0.0,1197.8,12.00,16,16,16,39,55,661,1,73.8,72.3,74.5,68.6,71.3,71.4,70.6,68.9,66.9,67.3,66.6,65.9,63.6,63.9,63.4,55.2,52.7,1.344,1.025,1.344,13.949,11.057,13.940,72.113,39.194,4.306,5.802,6.131,4.935,4.221,3.193,3.787,3.435,2.942,18.741,11.395,30.136,39.268,1197.8,1197.8,4084.9,4085.1,4084.6,4085.1,44.6,23.2,80.1,76.2,54.2,No,No,No,1.543,0.442,6.4,50,95.0,100.0,No,No,91293,99096,35,99.0,No,No,3320,0.0,0.0,0.0,0.008,0.045,79807,50288,0.0,0.0,0.0,0.000,0.000,52,0,50.4,65.3,83.0,0.775,12.138,12.184,12.156,12.073,1132,44.831,18.568,23.221,6.202,37.345,24.423,12.900,0.336,23.221,20.657,19.802,17.572,220.000,240.000,1365.0,1750.2,1200.0,1310.3,1305.0,34.0,6.0,0.0,2.0,27.6,4.0,16.1,0.0,0.0,0.0,33,Yes,No,No,No,No,Yes,No,20.7,25.8,0,0,0,0,0,0,0,0,0,9,0,0,0,0,0,0,0,0,0,0,0,0,0,0,0,0,0,0,0,0,5930,2262,2097,91,8.0,239.8,261.2,220.7,213.3,216.1,212.8,239.8,242.3,237.1,236.6,236.8,236.5,4.17,4.60,3.79,3.70,4.63,4.65,0.48,0.30,4.05,0.12,0.13,0,0,0.0,0.0,13576,1182,2.8,1.9,0,
8.7.2026,15:21:47.572,18462,27531,40.1,13443,19239,41.1,0.5,13312,70,1.339,1.356,1.344,1.344,1.344,1.331,1.331,1.331,1.331,4095.7,4117.6,4092.6,4092.6,4092.6,4092.6,4092.6,4092.6,4092.6,99.8,1533.7,3672.6,1796.5,3006.7,1555.4,2171.6,1513.7,1533.7,1461.9,817.6,921.0,1202.9,1294.6,971.2,1098.6,769.5,751.3,1533.7,34.8,61.6,42.5,73.0,37.0,52.3,35.7,36.5,34.4,19.2,21.6,28.5,30.5,22.3,25.8,18.1,17.4,73.0,34.8,39.3,69.6,48.1,82.6,41.9,59.1,40.4,41.3,38.9,21.7,24.5,32.2,34.4,25.2,29.2,20.4,19.7,39.3,41.0,41.2,41.0,41.0,41.0,41.0,41.0,41.0,41.0,0.0,82.9,90.1,95.6,88.8,85.1,74.9,79.9,77.1,72.0,17.1,9.9,4.4,11.2,14.9,25.1,20.1,22.9,28.0,0.0,0.0,0.0,0.0,0.0,0.0,0.0,0.0,0.0,1197.8,12.00,16,16,16,39,55,661,1,73.4,72.4,72.5,68.8,71.2,71.4,70.9,69.1,67.0,67.6,66.8,66.3,63.7,64.0,63.5,54.2,51.9,1.350,1.031,1.344,14.333,11.147,14.339,74.638,39.784,4.363,5.721,6.013,5.031,4.380,3.265,3.902,3.522,3.067,19.209,11.491,30.700,39.864,1197.8,1197.8,4078.6,4078.7,4078.5,4078.7,45.3,23.9,82.9,76.2,54.9,No,No,No,1.609,0.459,6.6,50,95.0,100.0,No,No,91293,99096,35,99.0,No,No,3320,1.8,0.9,2.7,5.323,13.867,79817,50314,0.0,0.0,0.0,0.000,0.000,52,0,50.4,65.3,83.0,0.775,12.137,12.184,12.156,12.072,1128,46.165,17.285,24.619,6.847,38.570,24.868,13.677,0.336,24.619,21.125,2.778,15.413,220.000,240.000,1380.0,1750.2,1200.0,1361.3,1305.0,39.0,8.0,0.0,3.0,27.6,3.7,14.8,0.0,0.0,0.0,33,Yes,No,No,No,No,Yes,No,20.8,25.2,0,0,0,0,0,0,0,0,0,9,0,0,0,0,0,0,0,0,0,0,0,0,0,0,0,0,0,0,0,0,5930,2262,2097,91,8.0,239.8,263.9,220.3,213.4,216.2,211.9,239.8,243.0,236.9,236.4,236.7,236.3,4.17,4.55,3.75,3.63,4.65,4.73,0.48,0.21,4.06,0.11,0.11,0,0,0.0,0.0,13576,1182,9.7,7.5,0,
8.7.2026,15:21:49.563,18466,27528,40.1,13444,19238,41.1,0.5,13312,70,1.320,1.312,1.319,1.319,1.319,1.319,1.325,1.325,1.325,4064.5,4067.7,4067.7,4067.7,4067.7,4042.7,4067.7,4067.7,4067.7,99.8,1434.8,3573.2,2264.0,2096.4,2288.1,1420.0,1879.7,1273.2,1444.6,659.4,805.5,942.1,1267.6,760.8,1072.2,500.6,709.1,1434.8,31.7,47.2,54.3,50.6,55.4,33.7,44.9,30.3,34.2,15.5,18.9,22.2,30.0,17.2,25.2,11.6,16.6,55.4,31.7,35.9,53.3,61.4,57.3,62.6,38.1,50.7,34.2,38.7,17.4,21.3,25.0,33.9,19.4,28.5,13.0,18.7,35.9,40.7,40.8,40.8,40.8,40.8,40.5,40.8,40.8,40.8,0.0,79.7,87.5,95.1,85.3,82.2,70.4,76.2,73.5,67.3,20.3,12.5,4.9,14.7,17.8,29.6,23.8,26.5,32.7,0.0,0.0,0.0,0.0,0.0,0.0,0.0,0.0,0.0,1197.8,12.00,16,16,16,39,55,661,1,73.0,72.5,71.5,68.5,71.3,71.4,70.4,68.7,66.7,67.3,66.5,65.8,63.6,63.9,63.3,56.0,51.9,1.350,1.025,1.350,13.798,11.066,13.796,71.717,38.983,4.247,5.771,6.052,4.813,4.193,3.135,3.747,3.410,2.855,18.534,11.402,29.937,39.075,1197.8,1197.8,4084.3,4084.4,4084.1,4084.4,44.4,23.0,79.7,76.3,54.4,No,No,No,1.496,0.477,6.4,50,95.0,100.0,No,No,91293,99096,35,99.0,No,No,3320,0.0,0.0,0.1,0.008,0.153,79817,50315,0.0,0.0,0.0,0.000,0.000,52,0,50.4,65.5,83.0,0.781,12.137,12.182,12.155,12.072,1131,46.440,17.282,25.151,6.968,39.019,25.025,13.973,0.336,25.151,21.165,2.992,13.041,220.000,240.000,1395.0,1750.2,1215.0,1372.1,1320.0,40.0,8.0,0.0,3.0,27.6,3.8,15.4,0.0,0.0,0.0,33,Yes,No,No,No,No,Yes,No,21.1,25.8,0,0,0,0,0,0,0,0,0,9,0,0,0,0,0,0,0,0,0,0,0,0,0,0,0,0,0,0,0,0,5930,2262,2097,91,8.0,239.7,257.5,225.6,217.1,220.8,215.9,0.0,0.0,0.0,0.0,0.0,0.0,4.17,4.49,3.82,3.62,4.59,4.68,0.40,0.37,4.06,0.12,0.00,0,0,0.0,0.0,13576,1182,4.5,2.2,0,
8.7.2026,15:21:51.568,18458,27535,40.1,13439,19242,41.1,0.5,13312,70,1.334,1.325,1.344,1.344,1.331,1.331,1.331,1.331,1.331,4077.0,4092.6,4092.6,4092.6,4067.7,4067.7,4067.7,4067.7,4067.7,99.8,1460.0,3604.6,2222.6,1214.2,3205.0,1306.4,2077.4,1282.4,1539.3,640.8,854.0,973.5,1305.6,765.0,1104.1,530.7,733.8,1460.0,32.3,49.3,53.0,28.6,78.0,30.7,49.5,30.2,36.3,14.9,19.9,22.8,30.7,17.1,25.8,12.2,17.0,78.0,32.3,36.6,55.9,60.0,32.4,88.4,34.8,56.1,34.3,41.1,16.9,22.6,25.8,34.8,19.4,29.3,13.8,19.3,36.6,40.8,41.0,41.0,41.0,40.8,40.8,40.8,40.8,40.8,0.0,81.1,88.2,95.9,86.5,83.6,72.3,78.0,75.0,69.5,18.9,11.8,4.1,13.5,16.4,27.7,22.0,25.0,30.5,0.0,0.0,0.0,0.0,0.0,0.0,0.0,0.0,0.0,1197.8,12.00,16,16,16,39,55,661,1,73.0,72.4,72.2,68.6,71.2,71.5,70.6,68.9,66.8,67.5,66.7,65.9,63.7,64.0,63.4,56.2,52.1,1.344,1.031,1.350,14.004,11.097,14.003,73.000,39.353,4.312,5.767,6.091,4.919,4.303,3.171,3.835,3.469,2.939,18.848,11.435,30.283,39.429,1197.8,1197.8,4087.5,4087.6,4087.4,4087.6,44.8,23.3,81.1,76.2,54.5,No,No,No,1.521,0.485,6.5,50,95.0,100.0,No,No,91293,99096,35,99.0,No,No,3320,0.0,0.0,0.0,0.000,0.010,79817,50315,0.0,0.0,0.0,0.000,0.000,52,0,50.6,65.6,83.0,0.775,12.138,12.183,12.157,12.074,1129,47.241,18.223,26.087,7.541,39.924,25.403,14.492,0.336,26.087,21.711,2.748,17.903,220.000,240.000,1365.0,1750.2,1200.0,1390.9,1305.0,38.0,8.0,0.0,3.0,27.6,4.0,16.1,0.0,0.0,0.0,33,Yes,No,No,No,No,Yes,No,21.7,25.1,0,0,0,0,0,0,0,0,0,9,0,0,0,0,0,0,0,0,0,0,0,0,0,0,0,0,0,0,0,0,5929,2263,2098,91,8.0,239.8,261.1,222.0,214.7,217.1,214.4,0.0,0.0,0.0,0.0,0.0,0.0,4.17,4.51,3.81,3.78,4.60,4.65,0.46,0.33,4.05,0.12,0.00,0,0,0.0,0.0,13576,1182,2.4,1.8,0,
8.7.2026,15:21:53.577,18460,27534,40.1,13441,19241,41.1,0.5,13312,70,1.323,1.319,1.319,1.319,1.319,1.319,1.331,1.331,1.331,4080.1,4067.7,4067.7,4067.7,4067.7,4092.6,4092.6,4092.6,4092.6,99.8,1504.6,3629.7,2288.1,1309.1,3119.7,1348.0,2190.6,1279.1,1656.9,690.7,907.5,996.9,1342.6,790.3,1174.6,554.0,795.9,1504.6,33.4,50.1,54.7,30.9,76.0,31.8,52.5,30.3,39.2,16.1,21.3,23.4,31.7,17.8,27.6,12.8,18.6,76.0,33.4,37.8,56.6,61.9,35.0,86.0,36.0,59.4,34.3,44.3,18.2,24.0,26.4,35.8,20.1,31.2,14.5,21.0,37.8,40.9,40.8,40.8,40.8,40.8,41.0,41.0,41.0,41.0,0.0,82.0,88.9,95.4,87.9,84.7,74.2,78.4,75.9,70.7,18.0,11.1,4.6,12.1,15.3,25.8,21.6,24.1,29.3,0.0,0.0,0.0,0.0,0.0,0.0,0.0,0.0,0.0,1197.8,12.00,16,16,16,39,55,661,1,73.0,72.5,72.8,68.7,71.3,71.4,70.8,69.0,67.0,67.4,66.7,66.1,63.7,64.0,63.4,56.5,52.3,1.344,1.031,1.344,14.081,11.096,14.085,73.798,39.415,4.349,5.810,6.046,5.002,4.354,3.254,3.825,3.504,2.995,18.898,11.436,30.334,39.491,1197.8,1197.8,4081.3,4081.3,4081.3,4081.3,44.9,23.5,82.0,76.3,54.1,No,No,No,1.556,0.485,6.6,50,95.0,100.0,No,No,91293,99096,35,99.0,No,No,3320,0.0,0.0,0.0,0.000,0.004,79817,50315,0.0,0.0,0.0,0.000,0.000,52,0,50.6,65.6,83.0,0.800,12.134,12.179,12.153,12.070,1131,48.707,18.378,27.535,7.612,40.142,24.828,15.297,0.336,27.535,20.547,3.203,16.747,220.000,240.000,1440.0,1750.2,1260.0,1435.7,1365.0,36.0,7.0,0.0,3.0,27.6,4.0,15.8,0.0,0.0,0.0,33,Yes,No,No,No,No,Yes,No,21.9,25.9,0,0,0,0,0,0,0,0,0,9,0,0,0,0,0,0,0,0,0,0,0,0,0,0,0,0,0,0,0,0,5929,2263,2098,91,8.0,239.8,258.5,224.0,217.4,220.3,216.4,0.0,0.0,0.0,0.0,0.0,0.0,4.17,4.53,3.82,3.80,4.58,4.62,0.38,0.35,4.06,0.11,0.00,0,0,0.0,0.0,13576,1182,4.2,3.0,0,
8.7.2026,15:21:55.569,18459,27535,40.1,13440,19242,41.1,0.5,13312,70,1.328,1.312,1.325,1.325,1.325,1.325,1.325,1.344,1.344,4083.3,4067.7,4092.6,4092.6,4092.6,4092.6,4092.6,4067.7,4067.7,99.8,1513.1,3672.0,2355.1,3054.2,1394.3,1900.0,1524.5,1444.0,1445.2,710.3,900.9,982.2,1421.0,836.4,1078.2,730.5,760.2,1513.1,33.6,50.6,56.4,74.2,33.1,45.5,35.9,34.3,34.0,16.6,21.1,23.1,33.6,19.0,25.2,17.0,17.6,74.2,33.6,38.0,57.2,63.8,84.0,37.5,51.5,40.6,38.8,38.6,18.8,23.9,26.2,38.0,21.5,28.6,19.3,20.0,38.0,40.9,40.8,41.0,41.0,41.0,41.0,41.0,40.8,40.8,0.0,82.7,90.0,95.8,87.6,84.9,75.1,79.5,76.4,72.1,17.3,10.0,4.2,12.4,15.1,24.9,20.5,23.6,27.9,0.0,0.0,0.0,0.0,0.0,0.0,0.0,0.0,0.0,1197.8,12.00,16,16,16,39,55,661,1,73.0,73.0,72.2,69.1,71.7,71.7,70.8,69.2,67.4,68.0,66.9,66.8,63.7,64.0,63.4,55.0,52.0,1.331,1.025,1.337,14.565,11.094,14.561,74.413,40.033,4.442,6.001,6.112,4.958,4.374,3.371,3.989,3.522,3.210,19.557,11.435,30.992,40.135,1197.8,1197.8,4080.5,4080.6,4080.4,4080.6,45.6,24.3,82.7,76.9,54.8,No,No,No,1.537,0.476,6.6,50,95.0,100.0,No,No,91293,99096,35,99.0,No,No,3320,0.0,0.0,0.0,0.002,0.034,79817,50315,0.0,0.0,0.0,0.000,0.000,52,0,50.5,65.5,83.0,0.775,12.133,12.179,12.153,12.069,1129,46.350,17.114,24.194,6.589,38.281,24.826,13.441,0.336,24.194,21.017,2.771,15.491,220.000,240.000,1365.0,1750.2,1200.0,1386.0,1305.0,37.0,7.0,0.0,3.0,27.6,4.0,15.8,0.0,0.0,0.0,33,Yes,No,No,No,No,Yes,No,20.6,25.7,0,0,0,0,0,0,0,0,0,9,0,0,0,0,0,0,0,0,0,0,0,0,0,0,0,0,0,0,0,0,5929,2263,2098,91,8.0,239.9,259.3,221.8,217.4,219.7,216.3,0.0,0.0,0.0,0.0,0.0,0.0,4.17,4.55,3.81,3.72,4.63,4.73,0.42,0.30,4.05,0.12,0.00,0,0,0.0,0.0,13576,1182,4.3,2.6,0,
8.7.2026,15:21:57.571,18469,27524,40.1,13446,19236,41.1,0.5,13312,70,1.316,1.331,1.319,1.319,1.312,1.312,1.312,1.312,1.312,4067.7,4067.7,4067.7,4067.7,4067.7,4067.7,4067.7,4067.7,4067.7,99.8,1497.7,3664.2,2290.4,2980.9,1493.7,1861.9,1572.9,1435.1,1483.3,719.9,850.0,1001.5,1356.3,867.0,1107.0,589.7,688.6,1497.7,33.2,51.3,54.7,72.5,35.4,44.4,36.9,34.0,34.9,16.8,19.8,23.5,32.0,19.7,25.9,13.6,15.9,72.5,33.2,37.6,58.0,61.8,82.0,40.1,50.2,41.8,38.4,39.5,19.0,22.4,26.5,36.2,22.3,29.3,15.4,18.0,37.6,40.8,40.8,40.8,40.8,40.8,40.8,40.8,40.8,40.8,0.0,82.8,89.8,95.8,88.0,85.2,74.7,79.9,77.4,71.7,17.2,10.2,4.2,12.0,14.8,25.3,20.1,22.6,28.3,0.0,0.0,0.0,0.0,0.0,0.0,0.0,0.0,0.0,1197.8,12.00,16,16,16,39,55,661,1,73.0,72.3,73.2,68.7,71.3,71.5,70.5,69.0,66.8,67.5,66.9,65.9,63.7,64.0,63.4,54.5,51.8,1.337,1.038,1.344,14.113,11.130,14.117,74.544,39.475,4.338,5.809,6.091,4.929,4.339,3.194,3.844,3.566,2.932,18.911,11.469,30.380,39.533,1197.8,1197.8,4078.8,4079.3,4078.3,4079.3,44.9,23.5,82.8,76.1,54.3,No,No,No,1.540,0.428,6.6,50,95.0,100.0,No,No,91293,99096,35,99.0,No,No,3320,0.0,0.0,0.1,0.024,0.067,79817,50315,0.0,0.0,0.0,0.000,0.000,52,0,50.2,64.9,83.0,0.750,12.137,12.183,12.156,12.072,1131,44.651,16.502,22.838,6.079,37.489,24.795,12.687,0.336,22.838,21.077,2.539,14.338,220.000,240.000,1305.0,1750.2,1140.0,1329.8,1230.0,38.0,7.0,0.0,3.0,27.6,3.8,15.1,0.0,0.0,0.0,33,Yes,No,No,No,No,Yes,No,20.0,23.5,0,0,0,0,0,0,0,0,0,9,0,0,0,0,0,0,0,0,0,0,0,0,0,0,0,0,0,0,0,0,5929,2263,2098,91,8.0,239.8,254.8,225.9,211.8,218.6,208.9,239.8,242.8,236.8,236.0,236.3,235.8,4.17,4.47,3.91,3.75,4.58,4.77,0.47,0.29,4.06,0.11,0.10,0,0,0.0,0.0,13576,1182,4.6,4.7,0,
8.7.2026,15:21:59.573,18477,27517,40.1,13452,19230,41.1,0.5,13312,70,1.332,1.312,1.331,1.337,1.337,1.337,1.337,1.331,1.331,4067.7,4067.7,4067.7,4067.7,4067.7,4067.7,4067.7,4067.7,4067.7,99.8,1482.1,3633.5,2295.2,2200.4,2240.2,1586.3,1823.2,1223.3,1577.2,707.8,867.7,998.6,1347.2,805.0,1107.2,603.4,698.1,1482.1,32.8,49.8,54.9,53.1,54.0,37.7,43.3,28.9,37.3,16.5,20.3,23.5,31.8,18.2,26.0,14.0,16.1,54.9,32.8,37.1,56.4,62.2,60.1,61.1,42.7,49.0,32.7,42.2,18.6,22.9,26.6,35.9,20.6,29.3,15.8,18.2,37.1,40.8,40.8,40.8,40.8,40.8,40.8,40.8,40.8,40.8,0.0,81.5,89.0,95.4,87.1,83.7,73.2,78.4,75.4,69.8,18.5,11.0,4.6,12.9,16.3,26.8,21.6,24.6,30.2,0.0,0.0,0.0,0.0,0.0,0.0,0.0,0.0,0.0,1197.8,12.00,16,16,16,39,55,661,1,73.0,72.5,71.8,68.7,71.3,71.6,70.8,68.9,66.9,67.5,66.7,66.1,63.7,64.0,63.4,56.5,52.0,1.344,1.031,1.350,14.135,11.117,14.131,73.349,39.487,4.327,5.799,6.066,4.958,4.286,3.226,3.837,3.487,2.955,18.983,11.457,30.440,39.581,1197.8,1197.8,4083.5,4083.8,4083.3,4083.8,45.0,23.6,81.5,76.3,54.7,No,No,No,1.537,0.453,6.5,50,95.0,100.0,No,No,91293,99096,35,99.0,No,No,3320,0.0,0.1,0.1,0.008,0.165,79817,50315,0.0,0.0,0.0,0.000,0.000,52,0,50.1,65.2,83.0,0.750,12.137,12.184,12.156,12.072,1132,44.289,16.432,22.648,6.275,37.429,24.820,12.582,0.336,22.648,21.386,2.731,13.467,220.000,240.000,1305.0,1750.2,1140.0,1288.7,1230.0,40.0,8.0,0.0,3.0,27.7,3.9,15.4,0.0,0.0,0.0,33,Yes,No,No,No,No,Yes,No,20.0,24.2,0,0,0,0,0,0,0,0,0,9,0,0,0,0,0,0,0,0,0,0,0,0,0,0,0,0,0,0,0,0,5922,2270,2105,91,8.0,239.7,254.5,226.8,223.7,224.9,223.2,0.0,0.0,0.0,0.0,0.0,0.0,4.17,4.47,3.90,3.86,4.54,4.64,0.41,0.28,4.06,0.11,0.00,0,0,0.0,0.0,13576,1182,5.8,3.0,0,
8.7.2026,15:22:1.566,18477,27517,40.1,13450,19232,41.1,0.5,13312,70,1.315,1.325,1.319,1.312,1.312,1.312,1.312,1.312,1.312,4030.2,4067.7,4067.7,4017.8,4017.8,4017.8,4017.8,4017.8,4017.8,99.8,1481.7,3673.8,1744.9,1476.8,3062.9,1556.3,1975.8,1541.4,1374.3,817.3,786.2,1387.8,997.8,1084.7,919.3,663.1,644.1,1481.7,33.4,60.2,41.2,35.1,74.6,37.0,47.2,36.8,32.3,19.3,18.2,33.1,23.2,25.2,21.3,15.5,14.8,74.6,33.4,37.8,68.1,46.6,39.8,84.4,41.9,53.3,41.7,36.5,21.9,20.6,37.4,26.2,28.6,24.1,17.5,16.8,37.8,40.4,40.8,40.8,40.2,40.2,40.2,40.2,40.2,40.2,0.0,82.7,90.0,96.4,88.9,85.1,74.3,79.4,76.6,70.9,17.3,10.0,3.6,11.1,14.9,25.7,20.6,23.4,29.1,0.0,0.0,0.0,0.0,0.0,0.0,0.0,0.0,0.0,1197.8,12.00,16,16,16,39,55,661,1,72.8,72.3,70.5,68.7,71.1,71.5,70.6,69.0,66.9,67.5,66.8,66.0,63.7,64.0,63.4,54.0,51.8,1.344,1.038,1.350,14.019,11.135,14.023,74.431,39.369,4.355,5.755,6.138,5.021,4.357,3.212,3.881,3.534,2.943,18.805,11.472,30.277,39.435,1197.8,1197.8,4080.4,4080.8,4080.0,4080.8,44.8,23.4,82.7,76.1,53.8,No,No,No,1.552,0.459,6.6,50,95.0,100.0,No,No,91293,99096,35,99.0,No,No,3320,0.0,0.0,0.0,0.008,0.008,79817,50315,0.0,0.0,0.0,0.000,0.000,52,0,50.3,65.2,83.0,0.775,12.139,12.186,12.157,12.074,1132,45.748,17.046,24.247,6.666,38.223,24.739,13.470,0.336,24.247,20.985,2.886,14.666,220.000,240.000,1380.0,1750.2,1200.0,1320.7,1305.0,37.0,7.0,0.0,3.0,27.7,3.9,15.7,0.0,0.0,0.0,33,Yes,No,No,No,No,Yes,No,20.6,24.6,0,0,0,0,0,0,0,0,0,9,0,0,0,0,0,0,0,0,0,0,0,0,0,0,0,0,0,0,0,0,5922,2270,2105,91,8.0,239.8,256.6,222.7,207.2,214.2,204.3,239.8,242.7,236.7,235.1,236.0,234.7,4.17,4.52,3.84,3.64,4.67,4.87,0.45,0.31,4.06,0.11,0.10,0,0,0.0,0.0,13576,1182,3.1,2.2,0,
8.7.2026,15:22:3.564,18484,27510,40.1,13450,19232,41.1,0.5,13312,70,1.337,1.319,1.319,1.344,1.344,1.344,1.344,1.344,1.344,4089.5,4067.7,4092.6,4092.6,4092.6,4092.6,4092.6,4092.6,4092.6,99.8,1447.4,3575.0,1606.7,1397.4,3094.5,1440.3,1949.1,1436.2,1361.0,808.2,792.3,1417.4,929.0,962.5,964.7,654.3,769.5,1447.4,33.1,61.4,38.2,33.7,75.5,34.6,46.7,34.6,32.4,19.6,18.9,34.3,21.9,22.7,22.8,15.1,17.8,75.5,33.1,37.1,69.1,42.7,37.6,85.3,38.7,52.5,38.7,36.2,21.6,20.8,38.4,24.3,25.1,25.3,17.2,20.2,37.1,41.0,40.8,41.0,41.0,41.0,41.0,41.0,41.0,41.0,0.0,80.5,87.6,96.2,85.5,82.1,72.2,76.8,74.2,69.7,19.5,12.4,3.8,14.5,17.9,27.8,23.2,25.8,30.3,0.0,0.0,0.0,0.0,0.0,0.0,0.0,0.0,0.0,1197.8,12.00,16,16,16,39,55,661,1,72.8,72.4,73.2,68.6,71.0,71.6,70.4,68.7,66.8,67.4,66.6,66.1,63.6,63.9,63.4,54.2,52.1,1.337,1.025,1.344,13.957,11.129,13.955,72.489,39.241,4.275,5.667,6.169,4.833,4.168,3.166,3.768,3.439,2.987,18.728,11.467,30.195,39.341,1197.8,1197.8,4081.1,4081.4,4080.7,4081.4,44.7,23.3,80.5,76.2,54.6,No,No,No,1.590,0.454,6.4,50,95.0,100.0,No,No,91293,99096,35,99.0,No,No,3320,0.0,0.0,0.0,0.016,0.006,79817,50315,0.0,0.0,0.0,0.000,0.000,52,0,50.3,65.2,83.0,0.762,12.139,12.186,12.158,12.074,1131,45.448,17.152,24.143,6.593,38.323,24.884,13.413,0.336,24.143,21.105,2.744,15.838,220.000,240.000,1335.0,1750.2,1170.0,1354.0,1260.0,39.0,8.0,0.0,3.0,27.7,3.9,15.7,0.0,0.0,0.0,33,Yes,No,No,No,No,Yes,No,20.6,24.5,0,0,0,0,0,0,0,0,0,9,0,0,0,0,0,0,0,0,0,0,0,0,0,0,0,0,0,0,0,0,5922,2270,2105,89,8.0,239.8,258.4,222.1,200.1,210.4,195.9,0.0,0.0,0.0,0.0,0.0,0.0,4.17,4.54,3.84,3.27,4.72,5.02,0.44,0.31,4.05,0.12,0.00,0,0,0.0,0.0,13576,1182,2.2,1.5,0,
8.7.2026,15:22:5.559,18486,27508,40.1,13451,19231,41.1,0.5,13312,70,1.327,1.319,1.331,1.331,1.331,1.331,1.331,1.319,1.319,4077.0,4067.7,4092.6,4092.6,4092.6,4067.7,4067.7,4067.7,4067.7,99.8,1406.4,3556.0,1608.5,2939.9,1517.1,1956.6,1411.0,1537.9,1206.8,781.8,655.8,1294.8,921.9,1013.3,823.1,634.4,644.3,1406.4,31.4,59.5,37.4,71.2,35.9,46.5,32.8,36.3,27.7,17.9,14.5,30.4,20.8,22.9,18.5,14.9,15.0,71.2,31.4,35.9,67.6,42.8,80.9,41.1,53.1,37.6,41.6,31.9,20.8,17.0,34.9,24.1,26.4,21.5,16.7,16.8,35.9,40.8,40.8,41.0,41.0,41.0,40.8,40.8,40.8,40.8,0.0,79.6,87.1,95.3,86.0,81.9,70.3,75.6,72.7,67.6,20.4,12.9,4.7,14.0,18.1,29.7,24.4,27.3,32.4,0.0,0.0,0.0,0.0,0.0,0.0,0.0,0.0,0.0,1197.8,12.00,16,16,16,39,55,661,1,72.8,72.3,73.0,68.4,70.8,71.5,70.5,68.6,66.5,67.0,66.4,65.8,63.5,63.8,63.2,54.0,51.8,1.350,1.025,1.356,13.774,11.092,13.772,71.604,38.994,4.246,5.631,6.145,4.938,4.161,3.105,3.690,3.391,2.910,18.500,11.429,29.929,39.065,1197.8,1197.8,4084.6,4085.1,4084.1,4085.1,44.4,23.0,79.6,76.1,54.3,No,No,No,1.505,0.463,6.4,50,95.0,100.0,No,No,91293,99096,35,99.0,No,No,3320,0.0,0.0,0.0,0.018,0.012,79818,50315,0.0,0.0,0.0,0.000,0.000,52,0,50.3,65.3,83.0,0.775,12.137,12.184,12.156,12.072,1129,46.121,17.096,24.801,6.786,38.766,24.966,13.778,0.336,24.801,21.095,3.009,12.625,220.000,240.000,1365.0,1750.2,1200.0,1359.9,1305.0,37.0,7.0,0.0,3.0,27.7,4.1,16.3,0.0,0.0,0.0,33,Yes,No,No,No,No,Yes,No,20.9,24.6,0,0,0,0,0,0,0,0,0,9,0,0,0,0,0,0,0,0,0,0,0,0,0,0,0,0,0,0,0,0,5922,2270,2105,89,8.0,239.8,262.0,223.0,212.5,216.5,211.6,239.8,242.1,237.7,237.3,237.5,237.1,4.17,4.54,3.76,3.60,4.65,4.72,0.53,0.21,4.06,0.11,0.11,0,0,0.0,0.0,13576,1182,2.9,2.3,0,
8.7.2026,15:22:7.573,18436,27558,40.0,13429,19253,41.0,0.5,13312,70,1.328,1.325,1.312,1.331,1.331,1.331,1.331,1.331,1.331,4070.8,4092.6,4067.7,4067.7,4067.7,4067.7,4067.7,4067.7,4067.7,99.8,1438.7,3585.1,1600.1,3122.4,1353.0,2041.4,1356.7,1659.4,1211.5,874.4,721.3,1278.9,1013.2,1072.6,786.2,723.3,620.6,1438.7,33.0,61.3,38.0,76.1,32.5,49.3,32.3,40.1,28.8,21.2,17.3,30.9,24.1,25.5,18.6,17.5,14.9,76.1,33.0,36.8,69.1,42.5,86.0,36.3,55.4,36.0,44.9,32.0,23.4,18.9,34.4,26.6,28.2,20.4,19.1,16.1,36.8,40.8,41.0,40.8,40.8,40.8,40.8,40.8,40.8,40.8,0.0,80.7,87.8,95.3,86.8,83.3,72.1,76.9,73.9,69.2,19.3,12.2,4.7,13.2,16.7,27.9,23.1,26.1,30.8,0.0,0.0,0.0,0.0,0.0,0.0,0.0,0.0,0.0,1197.8,12.00,16,16,16,39,55,661,1,72.8,72.5,70.8,68.7,71.1,71.6,70.7,68.9,66.9,67.5,66.6,66.1,63.6,63.9,63.3,54.2,51.9,1.356,1.031,1.356,14.069,11.106,14.072,72.604,39.430,4.331,5.690,6.169,5.001,4.308,3.241,3.803,3.441,2.997,18.920,11.446,30.365,39.516,1197.8,1197.8,4085.5,4086.0,4085.0,4086.0,44.9,23.5,80.7,76.3,54.4,No,No,No,1.557,0.446,6.5,50,95.0,100.0,No,No,91293,99096,35,99.0,No,No,3320,0.1,0.6,0.7,0.120,8.350,79818,50331,0.0,0.0,0.0,0.000,0.000,52,0,50.2,65.1,83.0,0.775,12.138,12.185,12.156,12.073,1131,45.333,17.133,24.496,6.616,38.354,24.725,13.608,0.336,24.496,20.817,2.710,15.172,220.000,240.000,1365.0,1750.2,1200.0,1336.8,1305.0,39.0,8.0,0.0,3.0,27.7,3.7,15.0,0.0,0.0,0.0,33,Yes,No,No,No,No,Yes,No,20.6,25.8,0,0,0,0,0,0,0,0,0,9,0,0,0,0,0,0,0,0,0,0,0,0,0,0,0,0,0,0,0,0,5922,2270,2105,91,8.0,239.8,267.3,221.5,214.7,217.2,214.2,239.8,242.8,236.8,235.7,236.3,235.4,4.17,4.57,3.72,3.53,4.61,4.65,0.45,0.27,4.06,0.11,0.11,0,0,0.0,0.0,13576,1182,3.8,5.2,0,
8.7.2026,15:22:9.572,18439,27555,40.0,13431,19251,41.0,0.5,13312,70,1.327,1.344,1.325,1.325,1.325,1.325,1.325,1.325,1.325,4092.6,4092.6,4092.6,4092.6,4092.6,4092.6,4092.6,4092.6,4092.6,99.8,1434.6,3562.4,1616.9,2570.3,1970.8,1788.3,1570.7,1528.7,1264.7,883.2,684.1,1330.6,959.3,1049.3,831.3,729.5,613.2,1434.6,32.4,59.9,37.9,62.2,47.4,42.8,37.0,36.5,29.5,20.9,15.8,31.7,22.2,24.3,19.2,17.1,14.1,62.2,32.4,36.7,67.8,42.9,70.5,53.7,48.5,41.9,41.3,33.5,23.6,17.9,35.9,25.2,27.5,21.8,19.3,16.0,36.7,41.0,41.0,41.0,41.0,41.0,41.0,41.0,41.0,41.0,0.0,80.4,87.2,95.9,86.0,82.8,71.9,77.2,73.8,68.5,19.6,12.8,4.1,14.0,17.2,28.1,22.8,26.2,31.5,0.0,0.0,0.0,0.0,0.0,0.0,0.0,0.0,0.0,1197.8,12.00,16,16,16,39,55,661,1,72.8,72.3,73.0,68.6,70.9,71.6,70.6,68.9,66.8,67.4,66.5,65.9,63.6,63.9,63.3,54.0,51.8,1.350,1.019,1.350,13.797,11.099,13.800,72.387,39.034,4.305,5.647,6.240,4.940,4.260,3.208,3.799,3.428,2.921,18.548,11.435,29.984,39.134,1197.8,1197.8,4085.7,4085.9,4085.6,4085.9,44.5,23.0,80.4,76.1,53.7,No,No,No,1.564,0.448,6.4,50,95.0,100.0,No,No,91293,99096,35,99.0,No,No,3320,0.0,0.0,0.1,0.016,0.075,79818,50331,0.0,0.0,0.0,0.000,0.000,52,0,50.1,65.1,83.0,0.762,12.138,12.184,12.156,12.073,1132,44.866,16.569,23.487,6.348,37.624,24.568,13.048,0.336,23.487,20.830,2.631,13.330,220.000,240.000,1335.0,1750.2,1170.0,1340.2,1260.0,37.0,7.0,0.0,2.0,27.7,3.7,14.7,0.0,0.0,0.0,33,Yes,No,No,No,No,Yes,No,20.1,24.4,0,0,0,0,0,0,0,0,0,9,0,0,0,0,0,0,0,0,0,0,0,0,0,0,0,0,0,0,0,0,5922,2270,2105,91,8.0,239.7,263.8,222.4,210.7,216.6,207.9,239.7,242.4,236.7,235.6,236.0,235.4,4.17,4.54,3.76,3.56,4.64,4.80,0.49,0.26,4.06,0.11,0.11,0,0,0.0,0.0,13576,1182,2.6,1.8,0,
8.7.2026,15:22:11.566,18433,27560,40.0,13422,19260,41.0,0.5,13312,70,1.338,1.325,1.337,1.337,1.337,1.337,1.344,1.344,1.344,4073.9,4067.7,4092.6,4092.6,4092.6,4042.7,4067.7,4067.7,4067.7,99.8,1513.2,3630.9,1705.2,1420.5,3111.3,1489.8,2027.8,1452.8,1408.1,936.7,869.2,1385.1,1057.9,1071.2,928.1,849.4,867.8,1513.2,34.3,61.1,40.2,33.8,76.0,35.4,48.1,34.2,33.2,22.2,20.4,33.1,24.8,24.9,21.6,20.0,20.4,76.0,34.3,38.8,69.0,45.4,38.2,85.8,39.9,54.7,39.1,37.5,25.1,23.0,37.4,27.9,28.0,24.4,22.5,22.9,38.8,40.8,40.8,41.0,41.0,41.0,40.5,40.8,40.8,40.8,0.0,83.1,89.2,96.2,88.0,84.2,76.0,79.9,77.0,74.0,16.9,10.8,3.8,12.0,15.8,24.0,20.1,23.0,26.0,0.0,0.0,0.0,0.0,0.0,0.0,0.0,0.0,0.0,1197.8,12.00,16,16,16,39,55,661,1,73.0,73.6,72.2,69.3,71.4,71.8,71.0,69.2,67.9,68.4,67.3,67.7,63.7,64.0,63.5,55.0,52.3,1.350,1.038,1.363,14.752,11.143,14.747,74.751,40.330,4.506,5.722,6.169,5.062,4.347,3.551,4.050,3.627,3.515,19.761,11.487,31.248,40.387,1197.8,1197.8,4072.0,4072.1,4071.9,4072.1,45.9,24.6,83.1,77.4,54.7,No,No,No,1.517,0.451,6.6,50,95.0,100.0,No,No,91293,99096,35,99.0,No,No,3320,0.0,0.0,0.0,0.000,0.082,79818,50332,0.0,0.0,0.0,0.000,0.000,52,0,50.2,65.3,83.0,0.769,12.137,12.184,12.156,12.072,1131,45.696,16.984,24.381,6.628,38.278,24.710,13.545,0.336,24.381,20.861,2.732,13.984,220.000,240.000,1350.0,1750.2,1185.0,1331.1,1275.0,37.0,7.0,0.0,2.0,27.7,3.9,15.4,0.0,0.0,0.0,33,Yes,No,No,No,No,Yes,No,20.6,24.3,0,0,0,0,0,0,0,0,0,9,0,0,0,0,0,0,0,0,0,0,0,0,0,0,0,0,0,0,0,0,5922,2270,2105,91,8.0,239.8,260.5,225.6,213.2,217.5,212.7,239.8,242.1,237.8,237.3,237.5,237.3,4.17,4.50,3.78,3.71,4.63,4.72,0.47,0.27,4.06,0.11,0.11,0,0,0.0,0.0,13576,1182,3.9,3.1,0,
8.7.2026,15:22:13.568,18435,27558,40.0,13428,19254,41.0,0.5,13312,70,1.320,1.325,1.319,1.319,1.319,1.319,1.319,1.319,1.319,4067.7,4067.7,4067.7,4067.7,4067.7,4067.7,4067.7,4067.7,4067.7,99.8,1440.8,3600.7,1601.5,1416.7,3007.5,1488.0,2018.6,1380.3,1483.2,789.6,689.6,1368.2,986.7,1041.5,865.5,678.2,636.5,1440.8,32.6,61.1,37.5,33.6,73.2,35.3,48.6,33.3,35.0,18.5,15.9,32.6,22.9,24.0,19.9,15.8,14.7,73.2,32.6,36.9,69.1,42.5,38.1,82.9,40.0,54.5,37.1,39.6,21.0,18.0,36.9,25.9,27.2,22.6,17.9,16.6,36.9,40.8,40.8,40.8,40.8,40.8,40.8,40.8,40.8,40.8,0.0,81.3,88.2,95.1,87.5,83.9,72.9,78.3,74.9,69.4,18.7,11.8,4.9,12.5,16.1,27.1,21.7,25.1,30.6,0.0,0.0,0.0,0.0,0.0,0.0,0.0,0.0,0.0,1197.8,12.00,16,16,16,39,55,661,1,72.8,72.3,72.2,68.5,70.8,71.4,70.7,68.8,66.7,67.3,66.6,65.9,63.6,63.9,63.3,54.2,52.1,1.331,1.031,1.344,13.985,11.151,13.988,73.154,39.319,4.281,5.611,6.060,5.004,4.248,3.131,3.811,3.453,2.930,18.774,11.490,30.265,39.412,1197.8,1197.8,4083.3,4083.4,4083.1,4083.6,44.8,23.3,81.3,76.1,54.6,No,No,No,1.519,0.433,6.5,50,95.0,100.0,No,No,91293,99096,35,99.0,No,No,3320,0.0,0.0,0.0,0.000,0.016,79818,50332,0.0,0.0,0.0,0.000,0.000,52,0,50.0,64.8,83.0,0.756,12.137,12.184,12.156,12.072,1129,44.926,16.692,23.339,6.335,37.731,24.747,12.965,0.336,23.339,21.058,2.549,14.521,220.000,240.000,1320.0,1750.2,1155.0,1342.6,1245.0,39.0,8.0,0.0,3.0,27.7,3.8,15.1,0.0,0.0,0.0,33,Yes,No,No,No,No,Yes,No,20.2,24.2,0,0,0,0,0,0,0,0,0,9,0,0,0,0,0,0,0,0,0,0,0,0,0,0,0,0,0,0,0,0,5921,2271,2106,91,8.0,239.7,257.3,222.9,210.8,217.2,207.7,239.8,242.9,237.3,237.3,237.3,237.3,4.17,4.56,3.83,3.73,4.64,4.79,0.47,0.27,4.06,0.12,0.10,0,0,0.0,0.0,13576,1182,2.4,2.1,0,
8.7.2026,15:22:15.569,18432,27561,40.0,13427,19254,41.0,0.5,13312,70,1.319,1.319,1.319,1.319,1.319,1.319,1.319,1.319,1.319,4073.9,4067.7,4067.7,4067.7,4067.7,4067.7,4067.7,4092.6,4092.6,99.8,1440.7,3606.3,2054.2,2728.3,1735.5,1770.3,1549.8,1335.9,1420.2,710.4,759.9,982.2,1293.5,836.9,1029.6,607.4,630.1,1440.7,32.0,52.3,48.7,66.0,41.4,42.3,36.4,31.7,33.3,16.6,17.6,23.1,30.5,19.0,23.9,14.0,14.5,66.0,32.0,36.2,59.2,55.2,74.8,46.9,47.9,41.3,35.9,37.8,18.8,20.0,26.1,34.5,21.5,27.2,15.9,16.4,36.2,40.8,40.8,40.8,40.8,40.8,40.8,40.8,41.0,41.0,0.0,81.4,88.3,95.6,86.8,83.8,72.8,78.4,75.7,70.1,18.6,11.7,4.4,13.2,16.2,27.2,21.6,24.3,29.9,0.0,0.0,0.0,0.0,0.0,0.0,0.0,0.0,0.0,1197.8,12.00,16,16,16,39,55,661,1,72.8,72.4,71.8,68.6,71.0,71.6,70.4,68.9,66.9,67.5,66.7,66.0,63.7,64.0,63.4,55.0,52.4,1.369,1.031,1.344,14.090,11.123,14.090,73.298,39.486,4.305,5.707,6.165,4.883,4.273,3.188,3.832,3.475,2.918,18.952,11.458,30.411,39.557,1197.8,1197.8,4085.9,4086.1,4085.6,4086.1,45.0,23.5,81.4,76.2,54.9,No,No,No,1.531,0.452,6.5,50,95.0,100.0,No,No,91293,99096,35,99.0,No,No,3320,0.0,0.1,0.2,0.065,0.283,79818,50332,0.0,0.0,0.0,0.000,0.000,52,0,50.1,65.0,83.0,0.756,12.135,12.181,12.155,12.070,1129,44.874,18.660,23.630,6.395,38.166,25.022,13.128,0.336,23.630,21.260,20.305,14.722,220.000,240.000,1320.0,1750.2,1155.0,1315.8,1245.0,39.0,8.0,0.0,3.0,27.7,3.9,15.6,0.0,0.0,0.0,33,Yes,No,No,No,No,Yes,No,20.4,23.4,0,0,0,0,0,0,0,0,0,9,0,0,0,0,0,0,0,0,0,0,0,0,0,0,0,0,0,0,0,0,5921,2271,2106,91,8.0,239.8,253.4,221.7,214.3,216.9,213.9,239.8,243.4,236.8,236.0,236.4,235.9,4.17,4.54,3.91,3.59,4.63,4.68,0.53,0.21,4.06,0.11,0.10,0,0,0.0,0.0,13576,1182,2.9,1.7,0,
8.7.2026,15:22:17.570,18437,27557,40.0,13430,19251,41.0,0.5,13312,70,1.315,1.312,1.331,1.312,1.312,1.312,1.312,1.312,1.312,4086.4,4067.7,4067.7,4092.6,4092.6,4092.6,4092.6,4092.6,4092.6,99.8,1497.2,3650.7,2233.5,2955.4,1575.3,1882.2,1550.6,1376.3,1503.6,732.3,813.2,980.4,1421.1,863.0,1079.5,624.4,714.4,1497.2,33.3,52.0,53.3,71.9,37.6,44.9,36.6,32.5,35.5,17.2,18.9,23.0,33.7,19.6,25.4,14.5,16.6,71.9,33.3,37.7,58.8,60.3,81.4,42.5,50.8,41.3,36.7,40.1,19.4,21.3,26.0,38.0,22.2,28.6,16.4,18.8,37.7,40.9,40.8,40.8,41.0,41.0,41.0,41.0,41.0,41.0,0.0,82.5,89.5,95.8,87.9,84.5,74.4,79.8,76.8,71.8,17.5,10.5,4.2,12.1,15.5,25.6,20.2,23.2,28.2,0.0,0.0,0.0,0.0,0.0,0.0,0.0,0.0,0.0,1197.8,12.00,16,16,16,39,55,661,1,72.8,72.3,73.5,68.7,71.1,71.5,70.6,69.0,66.8,67.5,66.7,66.1,63.7,64.0,63.4,55.5,52.2,1.331,1.038,1.337,14.095,11.129,14.094,74.281,39.426,4.334,5.734,6.095,4.953,4.306,3.216,3.890,3.511,2.968,18.917,11.470,30.387,39.531,1197.8,1197.8,4081.7,4081.6,4081.8,4081.8,44.9,23.5,82.5,76.1,54.4,No,No,No,1.513,0.432,6.6,50,95.0,100.0,No,No,91293,99096,35,99.0,No,No,3320,0.0,0.0,0.0,0.000,0.012,79818,50332,0.0,0.0,0.0,0.000,0.000,52,0,50.1,65.0,83.0,0.769,12.140,12.187,12.159,12.074,1131,46.305,17.079,24.321,6.617,38.239,24.716,13.511,0.336,24.321,20.871,2.739,15.119,220.000,240.000,1350.0,1750.2,1185.0,1332.9,1275.0,37.0,7.0,0.0,2.0,27.7,3.9,15.5,0.0,0.0,0.0,33,Yes,No,No,No,No,Yes,No,20.5,24.2,0,0,0,0,0,0,0,0,0,9,0,0,0,0,0,0,0,0,0,0,0,0,0,0,0,0,0,0,0,0,5921,2271,2106,91,8.0,239.8,261.3,220.8,211.7,215.3,210.4,0.0,0.0,0.0,0.0,0.0,0.0,4.17,4.58,3.78,3.61,4.67,4.81,0.44,0.35,4.05,0.12,0.00,0,0,0.0,0.0,13576,1182,3.9,5.5,0,
8.7.2026,15:22:19.565,18435,27559,40.0,13427,19254,41.0,0.5,13312,70,1.314,1.319,1.319,1.319,1.319,1.319,1.319,1.319,1.281,4048.9,4042.7,4067.7,4067.7,4067.7,4067.7,4067.7,3992.8,4017.8,99.8,1465.0,3595.7,2214.9,2493.3,1930.5,1606.4,1767.7,1236.2,1594.2,662.9,859.1,968.6,1317.2,810.9,1101.9,591.7,688.1,1465.0,32.2,47.2,52.7,60.4,46.3,38.2,41.8,29.2,37.6,15.4,20.0,22.7,31.0,18.3,25.7,13.6,15.8,60.4,32.2,36.6,53.5,59.7,68.4,52.4,43.3,47.3,33.2,42.6,17.6,22.7,25.7,35.1,20.8,29.2,15.5,17.9,36.6,40.6,40.5,40.8,40.8,40.8,40.8,40.8,40.0,40.2,0.0,81.9,88.1,95.5,87.6,84.6,73.8,79.1,75.7,70.8,18.1,11.9,4.5,12.4,15.4,26.2,20.9,24.3,29.2,0.0,0.0,0.0,0.0,0.0,0.0,0.0,0.0,0.0,1197.8,12.00,16,16,16,39,55,661,1,72.4,72.1,74.8,68.6,70.8,71.4,70.4,69.0,66.9,67.4,66.7,66.1,63.6,63.9,63.3,56.0,51.9,1.344,1.031,1.344,13.879,11.123,13.877,73.703,39.164,4.291,5.566,6.059,4.885,4.334,3.209,3.812,3.491,2.969,18.634,11.459,30.093,39.231,1197.8,1197.8,4082.4,4082.4,4082.4,4082.4,44.6,23.1,81.9,75.9,54.1,No,No,No,1.478,0.420,6.6,50,95.0,100.0,No,No,91293,99096,35,99.0,No,No,3320,0.0,0.0,0.0,0.000,0.071,79818,50332,0.0,0.0,0.0,0.000,0.000,52,0,50.1,64.9,83.0,0.762,12.139,12.186,12.158,12.074,1129,46.044,17.018,23.924,6.385,38.103,24.789,13.291,0.336,23.924,20.899,2.669,15.862,220.000,240.000,1335.0,1750.2,1170.0,1361.1,1260.0,39.0,8.0,0.0,3.0,27.7,3.9,15.6,0.0,0.0,0.0,33,Yes,No,No,No,No,Yes,No,20.4,24.2,0,0,0,0,0,0,0,0,0,9,0,0,0,0,0,0,0,0,0,0,0,0,0,0,0,0,0,0,0,0,5921,2271,2106,91,8.0,239.8,256.9,224.1,218.6,220.3,218.6,239.8,242.3,237.3,236.3,236.7,236.3,4.17,4.52,3.87,3.86,4.55,4.58,0.44,0.31,4.06,0.11,0.10,0,0,0.0,0.0,13576,1182,2.3,2.2,0,
8.7.2026,15:22:21.568,18437,27557,40.0,13433,19248,41.1,0.5,13312,70,1.330,1.331,1.331,1.331,1.337,1.337,1.325,1.325,1.325,4077.0,4092.6,4092.6,4092.6,4067.7,4067.7,4067.7,4067.7,4067.7,99.8,1458.6,3589.2,2169.2,1217.7,3186.9,1183.4,2357.7,1101.1,1674.5,618.2,872.4,942.2,1284.3,747.1,1170.7,571.6,651.2,1458.6,32.2,47.2,51.6,28.8,77.5,27.8,56.5,25.8,39.7,14.4,20.4,22.1,30.3,16.8,27.6,13.3,15.0,77.5,32.2,36.4,53.4,58.4,32.5,87.8,31.4,64.0,29.2,44.9,16.2,23.0,24.9,34.2,18.9,31.2,14.9,16.9,36.4,40.8,41.0,41.0,41.0,40.8,40.8,40.8,40.8,40.8,0.0,81.5,87.8,95.0,88.3,83.8,73.3,78.2,75.9,69.9,18.5,12.2,5.0,11.7,16.2,26.7,21.8,24.1,30.1,0.0,0.0,0.0,0.0,0.0,0.0,0.0,0.0,0.0,1197.8,12.00,16,16,16,39,55,661,1,72.4,72.2,71.0,68.6,70.8,71.5,70.8,68.9,66.9,67.3,66.7,65.8,63.7,64.0,63.4,56.5,51.7,1.344,1.038,1.344,14.066,11.114,14.066,73.378,39.446,4.329,5.577,6.134,5.137,4.303,3.217,3.818,3.535,2.912,18.950,11.454,30.404,39.544,1197.8,1197.8,4089.2,4089.2,4089.2,4089.2,44.9,23.4,81.5,76.0,54.6,No,No,No,1.473,0.430,6.5,50,95.0,100.0,No,No,91293,99096,35,99.0,No,No,3320,0.0,0.0,0.0,0.032,0.071,79818,50332,0.0,0.0,0.0,0.000,0.000,52,0,50.1,65.0,83.0,0.756,12.136,12.182,12.155,12.071,1129,44.873,16.620,22.978,6.286,37.656,24.867,12.765,0.336,22.978,21.297,2.654,14.384,220.000,240.000,1320.0,1750.2,1155.0,1317.0,1245.0,38.0,7.0,0.0,3.0,27.7,3.8,15.2,0.0,0.0,0.0,33,Yes,No,No,No,No,Yes,No,20.1,24.7,0,0,0,0,0,0,0,0,0,9,0,0,0,0,0,0,0,0,0,0,0,0,0,0,0,0,0,0,0,0,5921,2271,2106,91,8.0,239.8,259.6,223.8,221.4,222.5,221.0,0.0,0.0,0.0,0.0,0.0,0.0,4.17,4.47,3.85,3.74,4.49,4.50,0.39,0.32,4.05,0.12,0.00,0,0,0.0,0.0,13576,1182,2.8,2.0,0,
8.7.2026,15:22:23.566,18433,27561,40.0,13425,19257,41.0,0.5,13312,70,1.317,1.325,1.300,1.319,1.319,1.319,1.319,1.319,1.319,4064.5,4067.7,4042.7,4067.7,4067.7,4067.7,4067.7,4067.7,4067.7,99.8,1449.4,3505.2,2124.8,1147.7,3280.1,1213.3,2279.3,1109.2,1656.4,616.0,843.7,974.1,1279.1,827.4,1103.3,524.7,706.3,1449.4,32.1,46.1,50.6,27.1,79.9,28.5,54.8,26.1,39.5,14.3,19.7,22.9,30.3,18.8,26.0,12.0,16.5,79.9,32.1,36.3,52.2,57.3,30.7,90.5,32.3,62.1,29.5,44.7,16.2,22.3,25.9,34.3,21.3,29.4,13.6,18.7,36.3,40.7,40.8,40.5,40.8,40.8,40.8,40.8,40.8,40.8,0.0,80.2,85.9,95.4,86.8,82.7,71.2,76.5,74.2,68.6,19.8,14.1,4.6,13.2,17.3,28.8,23.5,25.8,31.4,0.0,0.0,0.0,0.0,0.0,0.0,0.0,0.0,0.0,1197.8,12.00,16,16,16,39,55,661,1,72.4,72.1,73.0,68.4,70.4,71.4,70.4,68.7,66.6,67.2,66.6,65.7,63.5,63.8,63.2,56.0,52.1,1.337,1.025,1.344,13.559,11.124,13.561,72.142,38.722,4.221,5.338,6.074,4.944,4.218,3.107,3.766,3.461,2.864,18.209,11.462,29.671,38.809,1197.8,1197.8,4083.8,4084.4,4083.1,4084.4,44.1,22.6,80.2,75.9,53.7,No,No,No,1.475,0.422,6.4,50,95.0,100.0,No,No,91293,99096,35,99.0,No,No,3320,0.0,0.0,0.0,0.000,0.002,79818,50332,0.0,0.0,0.0,0.000,0.000,52,0,50.0,64.8,83.0,0.756,12.136,12.182,12.155,12.071,1129,44.850,16.839,23.903,6.542,38.058,24.757,13.279,0.336,23.903,21.033,2.734,13.841,220.000,240.000,1320.0,1750.2,1155.0,1290.3,1245.0,38.0,7.0,0.0,2.0,27.7,3.9,15.8,0.0,0.0,0.0,33,Yes,No,No,No,No,Yes,No,20.4,23.9,0,0,0,0,0,0,0,0,0,9,0,0,0,0,0,0,0,0,0,0,0,0,0,0,0,0,0,0,0,0,5921,2271,2106,91,8.0,239.8,265.5,223.8,204.7,213.4,201.5,0.0,0.0,0.0,0.0,0.0,0.0,4.17,4.51,3.80,3.23,4.67,4.98,0.44,0.26,4.06,0.11,0.00,0,0,0.0,0.0,13576,1182,2.2,2.1,0,
8.7.2026,15:22:25.561,18439,27555,40.0,13432,19250,41.0,0.5,13312,70,1.338,1.337,1.337,1.337,1.337,1.337,1.337,1.337,1.337,4092.6,4092.6,4092.6,4092.6,4092.6,4092.6,4092.6,4092.6,4092.6,99.8,1364.9,3456.9,2078.1,2459.5,1951.8,1539.0,1546.0,1079.5,1441.3,597.4,749.0,881.3,1170.0,783.8,939.9,469.6,695.9,1364.9,30.0,43.7,49.6,59.7,47.2,36.7,36.8,25.5,34.3,13.9,17.5,20.6,27.7,17.8,21.9,10.7,16.2,59.7,30.0,34.0,49.4,56.2,67.6,53.5,41.5,41.6,28.9,38.8,15.7,19.8,23.4,31.3,20.2,24.8,12.2,18.4,33.9,41.0,41.0,41.0,41.0,41.0,41.0,41.0,41.0,41.0,0.0,77.3,84.6,95.5,83.3,79.0,67.3,73.0,70.5,64.9,22.7,15.4,4.5,16.7,21.0,32.7,27.0,29.5,35.1,0.0,0.0,0.0,0.0,0.0,0.0,0.0,0.0,0.0,1197.8,12.00,16,16,16,39,55,661,1,72.4,71.9,71.5,68.0,70.1,71.5,69.7,68.2,66.2,66.8,66.1,65.5,63.4,63.7,63.1,55.0,52.2,1.337,1.031,1.344,13.155,11.068,13.158,69.525,38.176,4.094,5.246,6.194,4.599,3.987,3.030,3.591,3.301,2.801,17.687,11.401,29.089,38.212,1197.8,1197.8,4087.1,4088.1,4086.2,4088.1,43.4,21.9,77.3,75.7,53.8,No,No,No,1.406,0.392,6.2,50,95.0,100.0,No,No,91293,99096,35,99.0,No,No,3320,0.0,0.0,0.0,0.008,0.028,79818,50332,0.0,0.0,0.0,0.000,0.000,52,0,49.9,64.9,83.0,0.744,12.140,12.186,12.158,12.076,1131,44.690,16.127,22.860,6.227,36.353,23.632,12.700,0.336,22.860,20.050,2.510,13.743,220.000,240.000,1275.0,1250.2,1125.0,1315.7,1215.0,38.0,7.0,0.0,2.0,27.7,3.9,15.6,0.0,0.0,0.0,33,Yes,No,No,No,No,Yes,No,19.5,22.6,0,0,0,0,0,0,0,0,0,9,0,0,0,0,0,0,0,0,0,0,0,0,0,0,0,0,0,0,0,0,5919,2273,2108,91,8.0,239.7,256.8,225.5,214.6,218.8,213.8,239.8,242.1,236.9,236.0,236.4,235.8,4.17,4.50,3.87,3.74,4.62,4.70,0.49,0.19,4.06,0.11,0.10,0,0,0.0,0.0,13576,1182,2.4,1.8,0,
8.7.2026,15:22:27.565,18448,27546,40.1,13456,19226,41.1,0.5,13312,70,1.321,1.344,1.312,1.312,1.312,1.312,1.337,1.319,1.319,4083.3,4092.6,4092.6,4092.6,4092.6,4092.6,4067.7,4067.7,4067.7,99.8,1489.2,3542.8,2155.8,2994.8,1486.2,1756.4,1556.1,1400.9,1396.3,753.5,912.6,1135.8,1265.3,915.2,1067.9,689.7,797.7,1489.2,33.1,48.0,51.5,72.9,35.4,42.0,36.9,33.3,33.1,17.7,21.5,26.8,30.0,21.0,25.1,16.1,18.6,72.9,33.1,37.5,54.3,58.3,82.4,40.1,47.5,41.7,37.7,37.5,20.0,24.3,30.3,33.9,23.8,28.4,18.2,21.1,37.5,40.9,41.0,41.0,41.0,41.0,41.0,40.8,40.8,40.8,0.0,80.5,86.9,95.1,85.7,82.4,72.2,77.8,74.3,69.9,19.5,13.1,4.9,14.3,17.6,27.8,22.2,25.7,30.1,0.0,0.0,0.0,0.0,0.0,0.0,0.0,0.0,0.0,1197.8,12.00,16,16,16,39,55,661,1,72.8,73.2,75.0,69.1,71.1,71.7,70.8,69.0,67.6,68.3,67.4,66.9,63.6,63.9,63.4,55.0,52.4,1.344,1.038,1.344,14.287,11.072,14.286,72.478,39.602,4.406,5.569,6.141,4.936,4.232,3.434,4.036,3.650,3.249,19.166,11.411,30.577,39.705,1197.8,1197.8,4078.0,4078.0,4078.0,4078.0,45.1,23.8,80.5,77.1,54.2,No,No,No,1.454,0.382,6.4,50,95.0,100.0,No,No,91293,99096,35,99.0,No,No,3320,0.0,0.0,0.0,0.000,0.030,79818,50333,0.0,0.0,0.0,0.000,0.000,52,0,49.8,64.5,83.0,0.744,12.140,12.187,12.158,12.075,1128,45.329,15.878,22.005,5.813,35.661,23.414,12.224,0.336,22.005,19.806,3.672,13.841,220.000,240.000,1275.0,1250.2,1125.0,1332.7,1215.0,35.0,6.0,0.0,2.0,27.7,3.8,15.0,0.0,0.0,0.0,33,Yes,No,No,No,No,Yes,No,19.0,22.8,0,0,0,0,0,0,0,0,0,9,0,0,0,0,0,0,0,0,0,0,0,0,0,0,0,0,0,0,0,0,5919,2273,2108,91,8.0,239.8,261.8,218.7,207.4,211.9,206.1,0.0,0.0,0.0,0.0,0.0,0.0,4.17,4.58,3.77,3.71,4.72,4.90,0.44,0.30,4.06,0.11,0.00,0,0,0.0,0.0,13576,1182,6.3,5.1,0,
8.7.2026,15:22:29.566,18446,27548,40.1,13438,19243,41.1,0.5,13312,70,1.335,1.312,1.337,1.337,1.337,1.337,1.337,1.337,1.344,4102.0,4067.7,4117.6,4117.6,4117.6,4117.6,4117.6,4067.7,4092.6,99.8,1396.2,3572.0,1595.4,2710.7,1652.1,1753.8,1573.3,1437.9,1199.8,796.0,689.5,1301.8,914.9,1022.0,820.4,680.0,619.0,1396.2,31.5,60.2,37.5,65.8,39.4,41.9,37.3,34.2,28.1,18.8,16.0,31.1,21.2,23.7,19.0,15.9,14.3,65.8,31.5,35.7,68.2,42.4,74.5,44.6,47.4,42.1,38.7,31.8,21.3,18.0,35.2,24.0,26.8,21.5,18.0,16.1,35.7,41.1,40.8,41.2,41.2,41.2,41.2,41.2,40.8,41.0,0.0,79.7,87.4,94.4,85.6,81.6,70.8,76.8,73.0,68.0,20.3,12.6,5.6,14.3,18.4,29.2,23.2,27.0,32.0,0.0,0.0,0.0,0.0,0.0,0.0,0.0,0.0,0.0,1197.8,12.00,16,16,16,39,55,661,1,72.5,71.9,73.5,68.3,70.8,71.0,70.2,68.3,66.6,67.1,66.4,65.8,63.5,63.8,63.2,54.2,52.1,1.344,1.031,1.356,13.591,11.090,13.588,71.739,38.735,4.206,5.635,5.936,4.822,4.086,3.125,3.737,3.390,2.915,18.263,11.427,29.690,38.819,1197.8,1197.8,4085.5,4085.6,4085.3,4085.6,44.1,22.6,79.7,75.7,54.1,No,No,No,1.456,0.432,6.4,50,95.0,100.0,No,No,91293,99096,35,99.0,No,No,3320,0.1,1.0,1.1,0.108,8.511,79818,50349,0.0,0.0,0.0,0.000,0.000,52,0,49.9,64.8,83.0,0.750,12.138,12.184,12.157,12.072,1131,43.528,17.120,23.591,6.543,38.221,25.099,13.106,0.336,23.591,21.511,2.552,16.650,220.000,240.000,1305.0,1750.2,1140.0,1274.5,1230.0,37.0,7.0,0.0,2.0,27.7,4.0,15.9,0.0,0.0,0.0,33,Yes,No,No,No,No,Yes,No,20.5,24.8,0,0,0,0,0,0,0,0,0,9,0,0,0,0,0,0,0,0,0,0,0,0,0,0,0,0,0,0,0,0,5919,2273,2108,91,8.0,239.8,261.4,222.4,205.5,214.3,201.1,0.0,0.0,0.0,0.0,0.0,0.0,4.17,4.57,3.84,3.44,4.74,5.05,0.41,0.25,4.05,0.12,0.00,0,0,0.0,0.0,13576,1182,4.9,1.7,0,
8.7.2026,15:22:31.560,18447,27547,40.1,13440,19242,41.1,0.5,13312,70,1.307,1.331,1.331,1.325,1.294,1.294,1.294,1.294,1.294,4058.3,4092.6,4092.6,4067.7,4042.7,4042.7,4042.7,4042.7,4042.7,99.8,1348.3,3508.4,1506.4,1129.1,3201.0,1321.0,1852.3,1352.2,1294.2,721.7,679.8,1258.9,871.3,927.2,805.4,550.1,594.3,1348.3,30.3,58.3,35.3,26.6,78.0,31.2,43.9,32.1,30.5,16.9,15.7,29.8,20.1,21.3,18.5,12.7,13.7,78.0,30.3,34.4,66.2,40.1,30.2,88.4,35.4,49.9,36.5,34.7,19.2,17.9,33.9,22.9,24.2,21.1,14.4,15.6,34.4,40.7,41.0,41.0,40.8,40.5,40.5,40.5,40.5,40.5,0.0,77.7,85.8,94.5,83.7,80.5,67.8,74.0,70.6,64.4,22.3,14.2,5.5,16.3,19.5,32.2,26.0,29.4,35.6,0.0,0.0,0.0,0.0,0.0,0.0,0.0,0.0,0.0,1197.8,12.00,16,16,16,39,55,661,1,72.5,71.8,71.2,68.0,70.3,71.2,69.8,68.3,66.3,66.9,66.1,65.4,63.4,63.7,63.0,55.0,52.1,1.331,1.038,1.337,13.319,11.064,13.326,69.899,38.400,4.134,5.482,6.034,4.670,4.093,3.037,3.673,3.288,2.792,17.913,11.400,29.313,38.451,1197.8,1197.8,4088.7,4088.9,4088.4,4088.9,43.7,22.2,77.7,75.6,54.0,No,No,No,1.439,0.438,6.2,50,95.0,100.0,No,No,91293,99096,35,99.0,No,No,3320,0.0,0.1,0.1,0.000,0.148,79818,50349,0.0,0.0,0.0,0.000,0.000,52,0,49.7,64.5,83.0,0.744,12.137,12.183,12.155,12.072,1131,44.159,15.497,21.323,5.507,35.093,23.227,11.845,0.336,21.323,19.618,2.750,13.951,220.000,240.000,1275.0,1250.2,1125.0,1300.1,1215.0,38.0,7.0,0.0,3.0,27.8,3.9,15.4,0.0,0.0,0.0,33,Yes,No,No,No,No,Yes,No,18.6,22.3,0,0,0,0,0,0,0,0,0,9,0,0,0,0,0,0,0,0,0,0,0,0,0,0,0,0,0,0,0,0,5918,2274,2109,91,8.0,239.8,259.4,222.2,215.3,218.4,214.2,0.0,0.0,0.0,0.0,0.0,0.0,4.17,4.56,3.80,3.38,4.78,5.08,0.41,0.30,4.06,0.11,0.00,0,0,0.0,0.0,13576,1182,3.2,1.6,0,
8.7.2026,15:22:33.562,18453,27540,40.1,13446,19236,41.1,0.5,13312,70,1.327,1.325,1.325,1.319,1.319,1.331,1.331,1.331,1.331,4067.7,4067.7,4067.7,4067.7,4067.7,4067.7,4067.7,4067.7,4067.7,99.8,1369.3,3546.7,1558.2,1207.8,3233.2,1257.3,1881.5,1352.4,1296.3,739.8,670.2,1256.9,879.7,925.6,843.5,614.1,646.3,1369.3,30.9,59.5,36.7,28.7,78.8,29.7,45.0,32.1,30.5,17.5,15.5,30.0,20.4,21.4,19.6,14.4,14.3,78.8,30.9,34.9,67.3,41.5,32.4,89.3,33.6,50.9,36.4,34.5,19.7,17.5,33.9,23.0,24.2,22.1,16.2,16.2,34.9,40.8,40.8,40.8,40.8,40.8,40.8,40.8,40.8,40.8,0.0,78.4,86.8,95.6,83.4,80.4,68.8,74.5,71.5,66.4,21.6,13.2,4.4,16.6,19.6,31.2,25.5,28.5,33.6,0.0,0.0,0.0,0.0,0.0,0.0,0.0,0.0,0.0,1197.8,12.00,16,16,16,39,55,661,1,72.5,71.9,70.8,68.1,70.4,71.4,69.6,68.3,66.2,66.9,66.2,65.4,63.3,63.6,63.0,55.0,51.7,1.344,1.031,1.344,13.474,11.089,13.467,70.596,38.549,4.153,5.526,6.153,4.596,4.071,3.041,3.633,3.350,2.852,18.112,11.426,29.539,38.657,1197.8,1197.8,4087.5,4087.9,4087.1,4087.9,43.9,22.4,78.4,75.7,54.4,No,No,No,1.444,0.440,6.3,50,95.0,100.0,No,No,91293,99096,35,99.0,No,No,3320,0.1,0.0,0.1,0.051,0.006,79818,50349,0.0,0.0,0.0,0.000,0.000,52,0,49.8,64.5,83.0,0.750,12.142,12.189,12.160,12.076,1131,43.996,16.434,22.478,5.973,37.235,24.720,12.487,0.336,22.478,21.062,2.662,14.907,220.000,240.000,1290.0,1750.2,1140.0,1283.2,1230.0,37.0,7.0,0.0,3.0,27.8,3.8,15.2,0.0,0.0,0.0,33,Yes,No,No,No,No,Yes,No,19.8,23.8,0,0,0,0,0,0,0,0,0,9,0,0,0,0,0,0,0,0,0,0,0,0,0,0,0,0,0,0,0,0,5917,2275,2109,91,8.0,239.8,263.9,224.2,216.0,218.6,215.5,0.0,0.0,0.0,0.0,0.0,0.0,4.17,4.49,3.77,3.63,4.61,4.71,0.44,0.19,4.05,0.12,0.00,0,0,0.0,0.0,13576,1182,3.7,2.1,0,
8.7.2026,15:22:35.573,18451,27543,40.1,13446,19236,41.1,0.5,13312,70,1.350,1.337,1.350,1.350,1.350,1.350,1.350,1.356,1.356,4114.5,4092.6,4117.6,4117.6,4117.6,4117.6,4117.6,4117.6,4117.6,99.8,1464.0,3633.2,1758.0,2482.2,2019.8,1732.7,1711.4,1448.7,1414.8,803.5,747.6,1361.7,981.5,1027.2,887.0,706.5,707.8,1464.0,33.1,60.0,41.4,60.0,48.7,41.3,40.4,34.4,33.3,18.9,17.4,32.5,22.8,23.8,20.5,16.6,17.0,60.0,33.1,37.4,67.9,46.9,68.0,55.1,46.7,45.8,39.0,37.7,21.4,19.6,36.7,25.8,26.8,23.1,18.7,19.2,37.4,41.2,41.0,41.2,41.2,41.2,41.2,41.2,41.2,41.2,0.0,82.1,88.9,95.8,87.2,84.4,73.7,78.9,76.1,71.6,17.9,11.1,4.2,12.8,15.6,26.3,21.1,23.9,28.4,0.0,0.0,0.0,0.0,0.0,0.0,0.0,0.0,0.0,1197.8,12.00,16,16,16,39,55,661,1,72.5,72.2,72.2,68.5,70.9,71.5,70.3,68.9,66.6,67.3,66.4,66.0,63.5,63.8,63.2,53.5,51.6,1.362,1.031,1.363,14.062,11.124,14.064,73.873,39.433,4.332,5.758,6.137,4.898,4.363,3.189,3.833,3.463,3.017,18.903,11.463,30.365,39.515,1197.8,1197.8,4085.5,4085.6,4085.4,4085.6,44.9,23.4,82.1,76.0,54.4,No,No,No,1.580,0.411,6.6,50,95.0,100.0,No,No,91293,99096,35,99.0,No,No,3320,0.0,0.0,0.0,0.000,0.059,79818,50349,0.0,0.0,0.0,0.000,0.000,52,0,49.8,64.6,83.0,0.762,12.138,12.184,12.156,12.073,1132,44.240,16.976,24.074,6.506,38.111,24.713,13.374,0.336,24.074,20.871,2.749,14.948,220.000,240.000,1335.0,1750.2,1170.0,1281.7,1260.0,38.0,7.0,0.0,3.0,27.8,3.7,14.6,0.0,0.0,0.0,33,Yes,No,No,No,No,Yes,No,20.4,24.4,0,0,0,0,0,0,0,0,0,9,0,0,0,0,0,0,0,0,0,0,0,0,0,0,0,0,0,0,0,0,5917,2275,2109,91,8.0,239.8,258.4,216.6,194.7,204.7,190.9,239.8,243.6,235.5,220.4,228.4,216.5,4.17,4.68,3.79,3.27,4.97,5.35,0.53,0.20,4.05,0.12,0.12,0,0,0.0,0.0,13576,1182,3.2,2.4,0,
8.7.2026,15:22:37.564,18498,27496,40.2,13472,19210,41.2,0.5,13312,70,1.324,1.344,1.325,1.325,1.325,1.319,1.319,1.319,1.319,4070.8,4092.6,4067.7,4067.7,4067.7,4067.7,4067.7,4067.7,4067.7,99.8,1424.3,3578.1,1642.4,3073.5,1412.8,1829.8,1471.7,1652.6,1184.9,793.9,712.1,1369.2,887.1,1049.7,841.4,656.5,633.9,1424.3,32.1,58.8,38.8,74.7,33.6,43.8,34.7,39.6,27.8,18.7,16.5,32.7,20.6,24.3,19.3,15.3,14.6,74.7,32.1,36.4,66.5,43.9,84.6,38.0,49.6,39.3,44.8,31.5,21.2,18.6,37.0,23.3,27.6,21.9,17.3,16.6,36.4,40.8,41.0,40.8,40.8,40.8,40.8,40.8,40.8,40.8,0.0,80.1,87.6,95.5,85.3,82.9,70.9,76.7,73.6,68.0,19.9,12.4,4.5,14.7,17.1,29.1,23.3,26.4,32.0,0.0,0.0,0.0,0.0,0.0,0.0,0.0,0.0,0.0,1197.8,12.00,16,16,16,39,55,661,1,72.5,72.3,73.0,68.4,71.0,71.4,70.1,68.7,66.5,67.1,66.5,65.8,63.4,63.8,63.1,55.5,52.5,1.337,1.025,1.337,13.993,11.116,13.992,72.056,39.301,4.273,5.741,6.141,4.759,4.258,3.141,3.754,3.449,2.937,18.800,11.454,30.254,39.393,1197.8,1197.8,4085.0,4085.5,4084.5,4085.5,44.8,23.3,80.1,76.1,54.8,No,No,No,1.557,0.418,6.4,50,95.0,100.0,No,No,91293,99096,35,99.0,No,No,3320,0.0,0.0,0.0,0.000,0.018,79818,50349,0.0,0.0,0.0,0.000,0.000,52,0,49.8,64.7,83.0,0.750,12.139,12.186,12.158,12.074,1132,43.615,16.518,22.787,6.166,37.495,24.812,12.659,0.336,22.787,21.211,2.707,14.217,220.000,240.000,1290.0,1750.2,1140.0,1301.8,1230.0,38.0,7.0,0.0,2.0,27.8,3.8,15.3,0.0,0.0,0.0,33,Yes,No,No,No,No,Yes,No,20.0,23.6,0,0,0,0,0,0,0,0,0,9,0,0,0,0,0,0,0,0,0,0,0,0,0,0,0,0,0,0,0,0,5917,2275,2109,91,8.0,239.8,255.6,226.1,210.8,218.6,207.1,0.0,0.0,0.0,0.0,0.0,0.0,4.17,4.43,3.87,3.74,4.55,4.77,0.45,0.27,4.05,0.12,0.00,0,0,0.0,0.0,13576,1182,6.6,4.3,0,
8.7.2026,15:22:39.567,18493,27501,40.2,13468,19214,41.2,0.5,13312,70,1.309,1.325,1.312,1.312,1.312,1.306,1.306,1.300,1.300,4055.2,4067.7,4042.7,4042.7,4042.7,4042.7,4067.7,4067.7,4067.7,99.8,1425.8,3658.6,1687.2,2730.0,1655.0,1868.6,1595.4,1568.9,1250.5,707.7,720.7,1394.6,922.9,1011.4,839.7,583.6,617.6,1425.8,31.8,59.6,39.2,66.1,39.1,44.5,37.3,37.2,28.8,16.3,16.3,33.4,21.0,23.1,19.1,13.2,13.9,66.1,31.8,36.3,67.8,44.8,75.2,44.6,50.7,42.6,42.4,32.9,18.8,18.8,37.6,24.2,26.5,22.0,15.3,16.1,36.3,40.6,40.8,40.5,40.5,40.5,40.5,40.8,40.8,40.8,0.0,81.5,89.4,94.6,87.5,84.3,72.6,78.6,75.2,69.9,18.5,10.6,5.4,12.5,15.7,27.4,21.4,24.8,30.1,0.0,0.0,0.0,0.0,0.0,0.0,0.0,0.0,0.0,1197.8,12.00,16,16,16,39,55,661,1,72.5,72.4,73.0,68.6,71.3,71.3,70.9,68.9,66.7,67.5,66.6,65.9,63.7,64.0,63.4,54.0,51.8,1.344,1.031,1.337,14.059,11.092,14.059,73.356,39.485,4.356,5.873,6.030,5.099,4.359,3.158,3.915,3.493,2.919,18.971,11.426,30.397,39.543,1197.8,1197.8,4093.8,4093.8,4093.8,4093.8,44.9,23.4,81.5,76.2,54.3,No,No,No,1.518,0.465,6.5,50,95.0,100.0,No,No,91293,99096,35,99.0,No,No,3320,0.0,0.0,0.1,0.008,0.051,79818,50349,0.0,0.0,0.0,0.000,0.000,52,0,49.9,64.9,83.0,0.769,12.138,12.185,12.157,12.073,1132,45.248,17.417,24.891,6.933,38.781,24.942,13.827,0.336,24.891,21.159,2.718,15.689,220.000,240.000,1350.0,1750.2,1185.0,1293.2,1275.0,40.0,8.0,0.0,3.0,27.8,3.9,15.6,0.0,0.0,0.0,33,Yes,No,No,No,No,Yes,No,20.9,24.0,0,0,0,0,0,0,0,0,0,9,0,0,0,0,0,0,0,0,0,0,0,0,0,0,0,0,0,0,0,0,5917,2275,2109,91,8.0,239.8,260.5,219.2,212.9,215.3,211.8,239.8,242.1,237.9,227.9,233.3,225.2,4.17,4.58,3.80,3.60,4.65,4.70,0.48,0.26,4.06,0.11,0.11,0,0,0.0,0.0,13576,1182,2.8,2.1,0,
8.7.2026,15:22:41.573,18497,27497,40.2,13469,19213,41.2,0.5,13312,70,1.316,1.337,1.312,1.312,1.312,1.312,1.312,1.312,1.312,4070.8,4092.6,4067.7,4067.7,4067.7,4067.7,4067.7,4067.7,4067.7,99.8,1388.3,3577.1,1638.6,1205.4,3179.3,1286.5,1966.6,1246.8,1403.4,690.2,753.4,1267.8,918.4,934.4,910.6,605.3,628.9,1388.3,31.6,57.8,38.9,29.1,77.6,30.9,47.2,30.0,33.6,16.7,18.0,30.1,21.8,22.0,21.6,14.7,15.0,77.6,31.6,35.2,65.1,43.6,32.3,87.7,34.5,53.1,33.4,37.5,18.3,19.8,34.2,24.1,24.3,23.9,15.9,16.3,35.2,40.8,41.0,40.8,40.8,40.8,40.8,40.8,40.8,40.8,0.0,80.0,87.5,95.2,85.6,82.0,71.3,76.6,73.8,68.4,20.0,12.5,4.8,14.4,18.0,28.7,23.4,26.2,31.6,0.0,0.0,0.0,0.0,0.0,0.0,0.0,0.0,0.0,1197.8,12.00,16,16,16,39,55,661,1,72.5,72.0,72.0,68.2,70.6,71.2,70.1,68.3,66.4,67.1,66.4,65.7,63.4,63.7,63.1,55.0,52.2,1.350,1.031,1.344,13.805,11.113,13.805,72.039,39.068,4.210,5.585,6.068,4.772,4.096,3.112,3.714,3.434,2.896,18.558,11.449,30.007,39.143,1197.8,1197.8,4087.2,4087.2,4087.2,4087.2,44.5,23.0,80.0,75.8,54.9,No,No,No,1.469,0.461,6.4,50,95.0,100.0,No,No,91293,99096,35,99.0,No,No,3320,0.0,0.0,0.1,0.028,0.088,79818,50349,0.0,0.0,0.0,0.000,0.000,52,0,49.9,64.9,83.0,0.756,12.134,12.180,12.153,12.070,1132,46.264,16.827,23.495,6.492,37.895,24.815,13.052,0.336,23.495,21.223,2.580,14.884,220.000,240.000,1320.0,1750.2,1155.0,1346.6,1245.0,38.0,7.0,0.0,3.0,27.8,3.9,15.4,0.0,0.0,0.0,33,Yes,No,No,No,No,Yes,No,20.3,24.3,0,0,0,0,0,0,0,0,0,9,0,0,0,0,0,0,0,0,0,0,0,0,0,0,0,0,0,0,0,0,5917,2275,2109,91,8.0,239.8,260.4,225.4,219.0,221.5,218.2,239.8,242.3,237.5,237.3,237.4,237.2,4.17,4.45,3.79,3.74,4.52,4.61,0.48,0.27,4.06,0.11,0.10,0,0,0.0,0.0,13576,1182,2.7,2.2,0,
8.7.2026,15:22:43.563,18488,27506,40.1,13463,19218,41.1,0.5,13312,70,1.330,1.325,1.331,1.331,1.331,1.331,1.331,1.331,1.331,4089.5,4067.7,4092.6,4092.6,4092.6,4092.6,4092.6,4092.6,4092.6,99.8,1544.1,3627.3,2057.0,1308.3,3162.8,1300.6,2197.3,1120.3,1817.1,658.1,946.6,1098.3,1334.1,775.1,1217.1,1121.3,963.9,1544.1,34.4,52.3,48.7,30.8,77.2,30.5,52.5,26.1,43.1,15.1,21.9,25.7,31.3,17.2,28.4,26.6,22.2,77.2,34.4,39.1,59.2,55.2,35.0,87.2,34.8,59.5,29.9,49.0,17.4,25.1,29.3,35.7,19.9,32.4,30.3,25.4,39.1,41.0,40.8,41.0,41.0,41.0,41.0,41.0,41.0,41.0,0.0,83.3,89.2,95.6,88.1,85.0,74.4,80.0,77.0,77.1,16.7,10.8,4.4,11.9,15.0,25.6,20.0,23.0,22.9,0.0,0.0,0.0,0.0,0.0,0.0,0.0,0.0,0.0,1197.8,12.00,16,16,16,39,55,661,1,72.8,73.7,72.5,69.2,71.1,71.4,70.6,69.0,67.1,68.3,66.9,69.3,63.6,63.9,63.4,54.0,51.8,1.356,1.031,1.350,14.854,11.145,14.862,74.955,40.453,4.506,5.689,6.036,4.966,4.331,3.276,3.973,3.563,4.218,19.881,11.489,31.369,40.528,1197.8,1197.8,4068.9,4068.9,4068.9,4068.9,46.1,24.8,83.3,77.6,55.0,No,No,No,1.531,0.453,6.7,50,95.0,100.0,No,No,91293,99096,35,99.0,No,No,3320,0.2,0.0,0.3,0.217,0.086,79819,50350,0.0,0.0,0.0,0.000,0.000,52,0,49.7,64.6,83.0,0.750,12.131,12.176,12.150,12.067,1129,44.401,16.473,23.037,6.198,37.594,24.774,12.798,0.336,23.037,21.100,2.648,13.207,220.000,240.000,1305.0,1750.2,1140.0,1295.5,1230.0,39.0,7.0,0.0,3.0,27.8,3.9,15.5,0.0,0.0,0.0,33,Yes,No,No,No,No,Yes,No,20.1,23.6,0,0,0,0,0,0,0,0,0,9,0,0,0,0,0,0,0,0,0,0,0,0,0,0,0,0,0,0,0,0,5917,2275,2109,91,8.0,239.8,260.0,222.2,213.7,216.7,213.2,0.0,0.0,0.0,0.0,0.0,0.0,4.17,4.55,3.82,3.61,4.63,4.71,0.46,0.29,4.06,0.11,0.00,0,0,0.0,0.0,13576,1182,2.3,1.5,0,
8.7.2026,15:22:45.578,18491,27503,40.2,13466,19216,41.2,0.5,13312,70,1.319,1.337,1.312,1.312,1.312,1.319,1.319,1.319,1.319,4070.8,4092.6,4067.7,4067.7,4067.7,4067.7,4067.7,4067.7,4067.7,99.8,1512.4,3630.4,2362.4,2313.6,2231.6,1631.1,1769.7,1257.0,1597.4,641.2,938.4,1072.9,1337.1,826.7,1196.4,557.0,835.8,1512.4,33.5,48.8,56.5,55.8,53.9,38.8,41.9,29.6,37.8,14.8,21.9,25.2,31.6,18.6,28.1,12.7,19.4,56.5,33.5,38.0,55.3,64.0,63.2,61.1,43.9,47.5,33.6,42.9,16.9,24.9,28.6,35.9,21.2,31.9,14.5,22.1,38.0,40.8,41.0,40.8,40.8,40.8,40.8,40.8,40.8,40.8,0.0,81.5,88.9,95.9,86.4,83.3,73.1,78.4,75.7,70.3,18.5,11.1,4.1,13.6,16.7,26.9,21.6,24.3,29.7,0.0,0.0,0.0,0.0,0.0,0.0,0.0,0.0,0.0,1197.8,12.00,16,16,16,39,55,661,1,72.6,72.3,71.2,68.6,71.1,71.4,70.3,68.8,66.8,67.5,66.6,66.0,63.5,63.8,63.2,54.0,51.6,1.350,1.031,1.350,14.035,11.163,14.029,73.351,39.393,4.319,5.787,6.091,4.834,4.243,3.198,3.869,3.539,2.986,18.845,11.499,30.344,39.482,1197.8,1197.8,4082.7,4082.8,4082.6,4083.1,44.9,23.4,81.5,76.1,54.4,No,No,No,1.595,0.440,6.5,50,95.0,100.0,No,No,91293,99096,35,99.0,No,No,3320,0.0,0.0,0.0,0.000,0.069,79819,50350,0.0,0.0,0.0,0.000,0.000,52,0,49.7,64.6,83.0,0.750,12.139,12.185,12.157,12.073,1128,44.100,16.393,22.780,6.141,37.323,24.642,12.655,0.336,22.780,21.021,4.131,12.121,220.000,240.000,1290.0,1750.2,1140.0,1300.1,1230.0,40.0,8.0,0.0,3.0,27.8,3.9,15.6,0.0,0.0,0.0,33,Yes,No,No,No,No,Yes,No,19.9,24.3,0,0,0,0,0,0,0,0,0,9,0,0,0,0,0,0,0,0,0,0,0,0,0,0,0,0,0,0,0,0,5917,2275,2110,91,8.0,239.8,259.6,224.3,213.7,218.7,211.8,239.8,242.8,237.0,236.0,236.5,235.8,4.17,4.54,3.81,3.75,4.61,4.67,0.53,0.28,4.06,0.11,0.10,0,0,0.0,0.0,13576,1182,2.1,1.9,0,
8.7.2026,15:22:47.576,18487,27507,40.1,13464,19218,41.1,0.5,13312,70,1.325,1.319,1.325,1.325,1.325,1.325,1.325,1.325,1.331,4089.5,4067.7,4092.6,4092.6,4092.6,4092.6,4092.6,4092.6,4092.6,99.8,1530.7,3630.1,2352.4,3047.0,1494.7,1794.8,1673.7,1385.0,1547.5,711.1,950.2,1076.3,1388.7,905.6,1107.1,616.3,811.1,1530.7,34.0,48.6,56.2,74.1,35.5,42.9,39.6,32.8,36.6,16.7,22.3,25.3,32.9,20.6,26.0,14.3,18.9,74.1,34.0,38.4,55.0,63.6,83.8,40.2,48.4,44.8,37.1,41.4,18.8,25.2,28.6,37.2,23.3,29.4,16.1,21.3,38.4,41.0,40.8,41.0,41.0,41.0,41.0,41.0,41.0,41.0,0.0,82.2,88.9,95.5,87.8,84.5,74.0,79.3,76.3,71.2,17.8,11.1,4.5,12.2,15.5,26.0,20.7,23.7,28.8,0.0,0.0,0.0,0.0,0.0,0.0,0.0,0.0,0.0,1197.8,12.00,16,16,16,39,55,661,1,72.6,72.2,70.8,68.6,71.0,71.3,70.6,68.9,66.9,67.4,66.8,66.0,63.6,63.9,63.3,56.2,51.9,1.344,1.025,1.344,14.170,11.133,14.172,73.975,39.561,4.344,5.693,6.022,4.995,4.353,3.252,3.877,3.558,3.001,19.028,11.473,30.501,39.649,1197.8,1197.8,4083.5,4083.9,4083.1,4083.9,45.1,23.6,82.2,76.0,54.6,No,No,No,1.528,0.425,6.6,50,95.0,100.0,No,No,91293,99096,35,99.0,No,No,3320,0.0,0.1,0.1,0.000,0.088,79819,50350,0.0,0.0,0.0,0.000,0.000,52,0,49.6,64.5,83.0,0.756,12.135,12.180,12.154,12.070,1129,44.540,16.542,22.903,6.066,37.106,24.369,12.724,0.336,22.903,20.611,4.569,13.832,220.000,240.000,1320.0,1750.2,1155.0,1308.4,1245.0,36.0,6.0,0.0,2.0,27.8,3.8,15.1,0.0,0.0,0.0,33,Yes,No,No,No,No,Yes,No,19.8,23.7,0,0,0,0,0,0,0,0,0,9,0,0,0,0,0,0,0,0,0,0,0,0,0,0,0,0,0,0,0,0,5917,2275,2110,91,8.0,239.8,254.8,225.0,220.4,222.4,219.7,239.8,242.4,237.1,236.7,236.8,236.6,4.17,4.47,3.88,3.77,4.49,4.51,0.48,0.25,4.06,0.11,0.10,0,0,0.0,0.0,13576,1182,4.1,5.8,0,
8.7.2026,15:22:49.577,18490,27504,40.2,13462,19220,41.1,0.5,13312,70,1.346,1.331,1.344,1.344,1.325,1.356,1.356,1.356,1.356,4073.9,4067.7,4067.7,4067.7,4117.6,4067.7,4067.7,4067.7,4067.7,99.8,1451.6,3571.4,2268.1,3009.5,1489.3,1767.3,1559.0,1356.4,1366.6,608.3,825.1,989.6,1211.6,871.6,1024.9,555.0,752.1,1451.6,32.0,47.2,54.1,73.2,35.4,42.1,36.7,32.1,32.2,14.1,19.2,23.1,28.7,19.8,24.0,12.9,17.5,73.2,32.0,36.3,53.5,61.2,82.9,40.1,47.7,41.5,36.3,36.5,16.0,21.8,26.2,32.5,22.4,27.2,14.6,19.8,36.3,40.8,40.8,40.8,40.8,41.2,40.8,40.8,40.8,40.8,0.0,80.1,87.4,95.5,85.4,82.2,71.1,76.2,74.3,68.8,19.9,12.6,4.5,14.6,17.8,28.9,23.8,25.7,31.2,0.0,0.0,0.0,0.0,0.0,0.0,0.0,0.0,0.0,1197.8,12.00,16,16,16,39,55,661,1,72.5,72.2,71.2,68.4,70.9,71.3,70.3,68.6,66.5,67.1,66.4,65.7,63.5,63.8,63.2,56.0,51.7,1.331,1.031,1.350,13.877,11.092,13.873,72.092,39.154,4.267,5.731,6.135,4.847,4.201,3.108,3.725,3.449,2.937,18.657,11.427,30.084,39.214,1197.8,1197.8,4086.8,4086.9,4086.6,4086.9,44.6,23.1,80.1,76.0,54.5,No,No,No,1.477,0.420,6.4,50,95.0,100.0,No,No,91293,99096,35,99.0,No,No,3320,0.1,0.7,0.8,0.098,8.538,79819,50366,0.0,0.0,0.0,0.000,0.000,52,0,49.6,64.3,83.0,0.750,12.137,12.184,12.156,12.072,1129,43.406,16.307,22.857,6.116,37.403,24.687,12.698,0.336,22.857,21.004,2.546,12.566,220.000,240.000,1305.0,1750.2,1140.0,1293.1,1230.0,37.0,7.0,0.0,2.0,27.8,3.7,14.9,0.0,0.0,0.0,33,Yes,No,No,No,No,Yes,No,19.9,23.8,0,0,0,0,0,0,0,0,0,9,0,0,0,0,0,0,0,0,0,0,0,0,0,0,0,0,0,0,0,0,5917,2275,2110,89,8.0,239.8,258.5,223.8,212.3,217.9,209.6,239.8,242.2,237.5,236.7,237.0,236.6,4.17,4.54,3.84,3.69,4.67,4.85,0.51,0.17,4.06,0.11,0.10,0,0,0.0,0.0,13576,1182,3.0,1.8,0,
8.7.2026,15:22:51.579,18488,27506,40.1,13464,19218,41.1,0.5,13312,70,1.334,1.312,1.337,1.337,1.337,1.337,1.337,1.337,1.337,4086.4,4067.7,4067.7,4092.6,4092.6,4092.6,4092.6,4092.6,4092.6,99.8,1448.6,3554.3,2241.1,1342.9,3154.4,1231.1,2077.3,1171.0,1557.6,647.5,857.0,998.0,1203.6,786.1,1100.2,507.5,747.5,1448.6,32.3,47.8,53.6,32.3,76.9,29.1,50.0,27.9,37.3,15.4,20.5,23.8,28.8,18.0,26.3,12.1,17.7,76.9,32.3,36.2,53.8,60.5,36.2,86.9,32.6,56.3,31.2,41.8,16.9,22.7,26.4,32.2,19.9,29.3,13.2,19.6,36.2,40.9,40.8,40.8,41.0,41.0,41.0,41.0,41.0,41.0,0.0,79.9,87.0,95.9,85.7,82.2,71.0,76.3,73.7,67.8,20.1,13.0,4.1,14.3,17.8,29.0,23.7,26.3,32.2,0.0,0.0,0.0,0.0,0.0,0.0,0.0,0.0,0.0,1197.8,12.00,16,16,16,39,55,661,1,72.5,72.1,73.2,68.3,70.6,71.6,70.2,68.7,66.5,67.1,66.4,65.7,63.5,63.8,63.2,55.5,52.3,1.331,1.025,1.337,13.726,11.069,13.723,71.938,38.845,4.246,5.556,6.187,4.868,4.191,3.134,3.722,3.427,2.884,18.454,11.405,29.859,38.993,1197.8,1197.8,4086.6,4086.8,4086.5,4086.8,44.3,22.9,79.9,75.9,54.2,No,No,No,1.515,0.404,6.4,50,95.0,100.0,No,No,91293,99096,35,99.0,No,No,3320,0.0,0.0,0.0,0.000,0.010,79819,50366,0.0,0.0,0.0,0.000,0.000,52,0,49.6,64.4,83.0,0.750,12.137,12.184,12.156,12.072,1131,43.280,16.146,22.135,6.055,36.967,24.652,12.297,0.336,22.135,21.221,2.484,13.180,220.000,240.000,1290.0,1750.2,1140.0,1273.1,1230.0,37.0,7.0,0.0,2.0,27.8,3.7,14.9,0.0,0.0,0.0,33,Yes,No,No,No,No,Yes,No,19.7,23.5,0,0,0,0,0,0,0,0,0,9,0,0,0,0,0,0,0,0,0,0,0,0,0,0,0,0,0,0,0,0,5917,2275,2110,89,8.0,239.8,268.2,223.0,210.3,215.2,209.0,239.8,241.9,236.9,233.8,235.4,232.9,4.17,4.54,3.74,3.60,4.68,4.85,0.46,0.22,4.06,0.11,0.11,0,0,0.0,0.0,13576,1182,2.5,2.5,0,
8.7.2026,15:22:53.574,18490,27503,40.2,13464,19218,41.1,0.5,13312,70,1.330,1.325,1.337,1.344,1.344,1.344,1.312,1.312,1.325,3969.1,3254.1,4092.6,4067.7,4067.7,4067.7,4067.7,4067.7,4067.7,99.8,1435.0,3572.8,2230.4,1199.5,3160.9,1167.5,2254.5,1146.0,1591.7,534.3,867.3,962.3,1211.8,759.8,1059.0,524.1,718.4,1435.0,31.2,46.6,52.8,27.9,76.9,26.9,53.7,26.5,37.4,12.0,19.8,22.0,28.1,16.7,24.5,11.6,16.2,76.9,31.2,35.8,53.1,60.1,32.0,87.2,30.9,61.1,30.5,42.8,14.2,22.9,25.4,32.3,19.4,28.2,13.7,18.9,35.8,39.8,32.6,41.0,40.8,40.8,40.8,40.8,40.8,40.8,0.0,80.2,87.4,94.6,86.9,82.9,70.7,76.7,74.2,68.2,19.8,12.6,5.4,13.1,17.1,29.3,23.3,25.8,31.8,0.0,0.0,0.0,0.0,0.0,0.0,0.0,0.0,0.0,1197.8,12.00,16,16,16,39,55,661,1,72.5,72.1,70.5,68.3,70.7,71.1,70.5,68.6,66.4,67.0,66.3,65.6,63.4,63.8,63.1,56.2,51.9,1.344,1.025,1.344,13.739,11.081,13.747,72.168,38.997,4.234,5.607,5.995,4.961,4.217,3.070,3.719,3.418,2.886,18.469,11.419,29.888,39.029,1197.8,1197.8,4087.2,4087.4,4086.9,4087.4,44.4,22.9,80.2,75.8,54.3,No,No,No,1.430,0.394,6.4,50,95.0,100.0,No,No,91293,99096,35,99.0,No,No,3320,0.0,0.0,0.0,0.000,0.102,79819,50366,0.0,0.0,0.0,0.000,0.000,52,0,49.2,63.7,83.0,0.744,12.141,12.188,12.159,12.076,1128,41.083,15.426,21.298,5.570,34.908,23.052,11.832,0.336,21.298,19.516,2.473,13.976,220.000,240.000,1275.0,1250.2,1125.0,1261.9,1215.0,39.0,10.0,0.0,2.0,27.8,3.8,15.3,0.0,0.0,0.0,33,Yes,No,No,No,No,Yes,No,18.6,21.9,0,0,0,0,0,0,0,0,0,9,0,0,0,0,0,0,0,0,0,0,0,0,0,0,0,0,0,0,0,0,5917,2275,2110,89,8.0,239.8,258.4,223.7,203.1,213.5,198.5,0.0,0.0,0.0,0.0,0.0,0.0,4.17,4.53,3.86,3.40,4.74,5.12,0.53,0.18,4.06,0.11,0.00,0,0,0.0,0.0,13576,1182,2.7,2.6,0,
8.7.2026,15:22:55.580,18495,27499,40.2,13469,19212,41.2,0.5,13312,70,1.341,1.325,1.337,1.344,1.344,1.344,1.344,1.344,1.344,4092.6,4092.6,4092.6,4092.6,4092.6,4092.6,4092.6,4092.6,4092.6,99.8,1445.7,3524.4,2233.8,2251.0,2265.6,1456.1,1783.2,1279.8,1455.5,649.3,825.8,1021.0,1167.8,888.9,967.4,611.6,749.9,1445.7,32.1,45.4,53.7,54.8,54.9,34.5,42.9,30.9,34.5,15.2,19.9,24.1,27.5,20.9,22.6,14.3,17.5,54.9,32.1,36.1,51.4,60.3,61.7,62.2,39.1,48.0,34.3,39.0,17.2,21.8,27.2,31.2,23.0,25.6,16.1,19.8,36.1,41.0,41.0,41.0,41.0,41.0,41.0,41.0,41.0,41.0,0.0,79.2,86.3,95.9,84.4,81.2,70.3,75.1,72.8,67.4,20.8,13.7,4.1,15.6,18.8,29.7,24.9,27.2,32.6,0.0,0.0,0.0,0.0,0.0,0.0,0.0,0.0,0.0,1197.8,12.00,16,16,16,39,55,661,1,72.5,72.2,71.0,68.3,70.5,71.6,69.9,68.5,66.4,67.0,66.2,65.9,63.4,63.7,63.1,55.2,52.3,1.337,1.031,1.344,13.666,11.051,13.667,71.266,38.785,4.221,5.528,6.194,4.750,4.150,3.118,3.699,3.389,2.939,18.369,11.387,29.756,38.885,1197.8,1197.8,4085.8,4086.8,4084.8,4086.8,44.2,22.8,79.2,76.0,54.2,No,No,No,1.451,0.397,6.3,50,95.0,100.0,No,No,91293,99096,35,99.0,No,No,3320,0.0,0.0,0.1,0.010,0.114,79819,50367,0.0,0.0,0.0,0.000,0.000,52,0,49.4,64.2,83.0,0.750,12.139,12.186,12.157,12.074,1129,43.874,15.974,21.715,5.679,36.435,24.353,12.063,0.336,21.715,20.738,2.545,14.160,220.000,240.000,1305.0,1750.2,1140.0,1288.1,1230.0,35.0,7.0,0.0,2.0,27.8,3.7,14.9,0.0,0.0,0.0,33,Yes,No,No,No,No,Yes,No,19.3,25.2,0,0,0,0,0,0,0,0,0,9,0,0,0,0,0,0,0,0,0,0,0,0,0,0,0,0,0,0,0,0,5917,2275,2110,89,8.0,233.5,260.8,211.2,42.2,77.3,34.3,0.0,0.0,0.0,0.0,0.0,0.0,4.28,4.75,3.83,3.42,12.89,29.08,0.45,0.32,4.06,0.22,0.00,0,0,0.0,0.0,13576,1182,2.8,1.7,0,
8.7.2026,15:22:57.592,18499,27494,40.2,13472,19210,41.2,0.5,13312,70,1.347,1.350,1.344,1.344,1.344,1.344,1.350,1.350,1.350,4114.5,4092.6,4117.6,4117.6,4117.6,4117.6,4117.6,4117.6,4117.6,99.8,1455.1,3611.4,1932.9,3074.5,1401.1,1949.7,1453.0,1623.5,1244.8,789.9,687.7,1385.3,904.0,1082.0,859.2,622.0,660.0,1455.1,32.8,55.0,45.7,74.7,33.7,47.0,34.2,38.7,29.7,19.2,15.8,33.4,21.6,25.0,20.5,15.1,15.9,74.7,32.8,36.8,61.9,51.7,84.6,37.6,52.7,38.7,43.8,33.1,21.0,17.9,37.2,23.7,28.3,22.5,16.4,17.2,36.8,41.2,41.0,41.2,41.2,41.2,41.2,41.2,41.2,41.2,0.0,81.7,88.4,95.6,87.8,84.3,73.3,78.6,75.8,70.2,18.3,11.6,4.4,12.2,15.7,26.7,21.4,24.2,29.8,0.0,0.0,0.0,0.0,0.0,0.0,0.0,0.0,0.0,1197.8,12.00,16,16,16,39,55,661,1,72.5,72.3,72.0,68.5,70.8,71.6,70.4,68.8,66.6,67.2,66.5,65.8,63.5,63.8,63.2,56.0,52.1,1.369,1.025,1.369,14.171,11.086,14.172,73.572,39.520,4.308,5.646,6.161,4.951,4.307,3.151,3.808,3.508,2.930,19.035,11.424,30.459,39.597,1197.8,1197.8,4084.5,4084.6,4084.4,4084.6,45.0,23.6,81.7,76.1,55.1,No,No,No,1.455,0.395,6.5,50,95.0,100.0,No,No,91293,99096,35,99.0,No,No,3320,0.0,0.0,0.1,0.037,0.071,79819,50367,0.0,0.0,0.0,0.000,0.000,52,0,49.4,64.4,83.0,0.750,12.138,12.184,12.156,12.072,1131,42.814,15.802,21.242,5.593,36.067,24.241,11.801,0.336,21.242,20.753,2.484,14.257,220.000,240.000,1290.0,1750.2,1140.0,1290.3,1230.0,39.0,7.0,0.0,3.0,27.8,3.8,15.3,0.0,0.0,0.0,33,Yes,No,No,No,No,Yes,No,19.1,23.9,0,0,0,0,0,0,0,0,0,9,0,0,0,0,0,0,0,0,0,0,0,0,0,0,0,0,0,0,0,0,5917,2275,2110,89,8.0,239.7,263.9,223.9,204.3,211.4,203.1,0.0,0.0,0.0,0.0,0.0,0.0,4.17,4.49,3.74,3.42,4.74,4.95,0.39,0.34,4.06,0.12,0.00,0,0,0.0,0.0,13576,1182,5.3,6.4,0,
8.7.2026,15:22:59.582,18502,27492,40.2,13475,19206,41.2,0.5,13312,70,1.322,1.312,1.312,1.325,1.325,1.325,1.325,1.325,1.325,4067.7,4067.7,4067.7,4067.7,4067.7,4067.7,4067.7,4067.7,4067.7,99.8,1423.4,3554.9,1616.5,3240.3,1232.7,1912.5,1391.4,1664.1,1151.6,771.4,691.5,1338.2,919.1,1112.2,744.2,731.1,702.5,1423.4,32.0,56.8,38.0,79.0,29.2,45.9,32.8,39.9,27.0,17.6,16.0,31.9,20.8,25.9,17.1,17.2,16.3,79.0,32.0,36.2,64.2,42.9,89.3,33.0,51.8,37.1,45.1,30.5,20.5,18.1,36.0,24.2,29.3,19.3,19.4,18.4,36.2,40.8,40.8,40.8,40.8,40.8,40.8,40.8,40.8,40.8,0.0,80.9,87.2,96.0,85.8,83.4,71.9,77.7,74.5,70.4,19.1,12.8,4.0,14.2,16.6,28.1,22.3,25.5,29.6,0.0,0.0,0.0,0.0,0.0,0.0,0.0,0.0,0.0,1197.8,12.00,16,16,16,39,55,661,1,72.6,72.8,73.0,68.7,70.5,71.7,70.5,69.1,66.7,67.6,66.7,66.9,63.5,63.8,63.2,54.0,51.7,1.337,1.031,1.337,13.944,11.066,13.939,72.769,39.134,4.327,5.442,6.166,4.908,4.343,3.163,3.854,3.498,3.237,18.704,11.403,30.108,39.233,1197.8,1197.8,4079.6,4079.9,4079.4,4079.9,44.6,23.2,80.9,76.6,53.9,No,No,No,1.449,0.419,6.5,50,95.0,100.0,No,No,91293,99096,35,99.0,No,No,3320,0.1,0.0,0.1,0.053,0.014,79819,50367,0.0,0.0,0.0,0.000,0.000,52,0,49.2,63.7,83.0,0.738,12.138,12.186,12.157,12.073,1131,42.905,15.435,20.954,5.398,34.623,22.963,11.640,0.336,20.954,19.402,2.438,15.642,220.000,240.000,1260.0,1250.2,1095.0,1286.6,1185.0,39.0,10.0,0.0,3.0,27.8,3.6,14.2,0.0,0.0,0.0,33,Yes,No,No,No,No,Yes,No,18.3,21.8,0,0,0,0,0,0,0,0,0,9,0,0,0,0,0,0,0,0,0,0,0,0,0,0,0,0,0,0,0,0,5917,2275,2110,89,8.0,239.8,253.5,225.2,219.0,222.0,217.9,0.0,0.0,0.0,0.0,0.0,0.0,4.17,4.49,3.93,3.92,4.53,4.57,0.44,0.29,4.06,0.11,0.00,0,0,0.0,0.0,13576,1182,5.3,2.7,0,
8.7.2026,15:23:1.579,18510,27484,40.2,13479,19202,41.2,0.5,13312,70,1.320,1.319,1.325,1.325,1.319,1.319,1.319,1.319,1.319,4067.7,4067.7,4067.7,4067.7,4067.7,4067.7,4067.7,4067.7,4067.7,99.8,1451.1,3633.6,1770.8,1389.3,3061.9,1453.2,2035.4,1447.8,1409.6,775.5,730.7,1430.5,857.2,1062.9,865.6,636.1,658.1,1451.1,32.6,58.8,41.7,33.0,74.6,33.8,48.6,34.4,32.7,18.9,16.9,33.5,20.5,24.6,20.1,14.2,15.2,74.6,32.6,36.9,66.5,47.2,37.3,84.4,38.8,54.9,38.9,37.6,20.6,19.1,38.4,22.4,27.8,22.7,16.8,17.1,36.9,40.8,40.8,40.8,40.8,40.8,40.8,40.8,40.8,40.8,0.0,82.3,89.0,95.9,88.0,84.5,73.9,79.2,76.7,70.9,17.7,11.0,4.1,12.0,15.5,26.1,20.8,23.3,29.1,0.0,0.0,0.0,0.0,0.0,0.0,0.0,0.0,0.0,1197.8,12.00,16,16,16,39,55,661,1,72.6,72.2,71.5,68.4,70.7,71.4,70.5,68.8,66.6,67.1,66.5,65.8,63.5,63.8,63.2,54.0,52.2,1.350,1.031,1.350,14.030,11.103,14.034,74.030,39.383,4.305,5.617,6.107,5.000,4.317,3.168,3.800,3.498,2.931,18.830,11.441,30.272,39.412,1197.8,1197.8,4083.1,4083.2,4082.9,4083.2,44.8,23.4,82.3,76.0,54.5,No,No,No,1.461,0.378,6.6,50,95.0,100.0,No,No,91293,99096,35,99.0,No,No,3320,0.2,0.0,0.3,0.374,0.069,79820,50367,0.0,0.0,0.0,0.000,0.000,52,0,49.2,63.7,83.0,0.744,12.138,12.184,12.156,12.073,1131,41.334,15.486,21.293,5.654,35.205,23.350,11.829,0.336,21.293,19.897,2.493,13.512,220.000,240.000,1275.0,1250.2,1125.0,1270.8,1215.0,38.0,10.0,0.0,2.0,27.8,3.8,15.1,0.0,0.0,0.0,33,Yes,No,No,No,No,Yes,No,18.7,23.4,0,0,0,0,0,0,0,0,0,9,0,0,0,0,0,0,0,0,0,0,0,0,0,0,0,0,0,0,0,0,5917,2275,2110,89,8.0,239.8,258.7,221.0,212.8,215.6,211.9,0.0,0.0,0.0,0.0,0.0,0.0,4.17,4.54,3.84,3.81,4.63,4.70,0.52,0.20,4.06,0.12,0.00,0,0,0.0,0.0,13576,1182,2.9,1.6,0,
8.7.2026,15:23:3.580,18525,27469,40.2,13483,19198,41.2,0.5,13312,70,1.331,1.337,1.325,1.331,1.331,1.331,1.331,1.331,1.331,4083.3,4042.7,4067.7,4092.6,4092.6,4092.6,4092.6,4092.6,4092.6,99.8,1393.1,3596.5,1637.0,1297.8,3126.8,1414.6,1851.4,1416.4,1319.6,750.5,706.3,1352.5,851.3,1014.3,797.2,541.2,616.3,1393.1,31.3,59.7,38.2,30.7,76.1,33.8,43.9,33.5,31.4,17.4,16.2,32.4,19.5,23.2,18.2,13.0,14.0,76.1,31.3,35.5,67.7,43.4,34.9,86.3,37.8,49.9,38.0,35.1,19.9,18.5,36.3,22.3,26.4,20.8,14.1,16.0,35.5,40.9,40.5,40.8,41.0,41.0,41.0,41.0,41.0,41.0,0.0,80.4,88.0,95.9,85.8,82.7,72.0,77.3,73.8,68.0,19.6,12.0,4.1,14.2,17.3,28.0,22.7,26.2,32.0,0.0,0.0,0.0,0.0,0.0,0.0,0.0,0.0,0.0,1197.8,12.00,16,16,16,39,55,661,1,72.6,72.3,72.2,68.3,70.7,71.5,70.3,68.7,66.6,67.0,66.3,65.5,63.5,63.8,63.2,56.2,52.1,1.344,1.025,1.344,13.853,11.034,13.846,72.399,38.999,4.266,5.668,6.262,4.854,4.220,3.144,3.743,3.396,2.838,18.620,11.371,29.991,39.111,1197.8,1197.8,4086.7,4086.7,4086.7,4086.7,44.4,23.1,80.4,76.2,54.4,No,No,No,1.420,0.377,6.4,50,95.0,100.0,No,No,91293,99096,35,99.0,No,No,3320,0.0,0.0,0.0,0.000,0.006,79820,50367,0.0,0.0,0.0,0.000,0.000,52,0,49.2,64.0,83.0,0.731,12.135,12.182,12.154,12.071,1131,43.764,15.315,20.773,5.616,35.186,23.623,11.540,0.336,20.773,20.359,2.411,12.536,220.000,240.000,1245.0,1250.2,1080.0,1287.1,1170.0,37.0,7.0,0.0,2.0,27.8,3.6,14.3,0.0,0.0,0.0,33,Yes,No,No,No,No,Yes,No,18.7,22.0,0,0,0,0,0,0,0,0,0,9,0,0,0,0,0,0,0,0,0,0,0,0,0,0,0,0,0,0,0,0,5914,2278,2113,87,8.0,239.7,259.3,216.9,196.2,206.3,191.6,239.8,242.4,237.5,237.3,237.3,237.3,4.17,4.64,3.80,3.12,4.82,4.99,0.48,0.25,4.06,0.11,0.13,0,0,0.0,0.0,13576,1182,2.3,2.2,0,
8.7.2026,15:23:5.579,18530,27464,40.2,13483,19199,41.2,0.5,13312,70,1.330,1.325,1.331,1.331,1.331,1.331,1.331,1.331,1.331,4092.6,4092.6,4092.6,4092.6,4092.6,4092.6,4092.6,4092.6,4092.6,99.8,1478.9,3589.3,1707.5,2105.2,2374.9,1670.7,1779.1,1585.4,1317.4,819.9,770.8,1500.1,954.2,1141.1,864.0,762.1,721.0,1478.9,33.5,58.3,40.1,50.6,57.7,39.9,42.4,37.8,31.1,19.4,18.0,35.8,22.4,26.6,20.2,18.1,16.8,58.3,33.5,37.7,65.9,45.3,57.2,65.3,45.1,47.9,42.7,35.1,21.8,20.2,40.4,25.2,30.0,22.7,20.4,18.9,37.7,41.0,41.0,41.0,41.0,41.0,41.0,41.0,41.0,41.0,0.0,82.2,87.9,95.7,87.2,84.3,74.3,79.4,76.6,72.0,17.8,12.1,4.3,12.8,15.7,25.7,20.6,23.4,28.0,0.0,0.0,0.0,0.0,0.0,0.0,0.0,0.0,0.0,1197.8,12.00,16,16,16,39,55,661,1,72.6,72.2,71.0,68.6,70.6,71.5,70.4,68.8,66.8,67.5,66.6,66.2,63.6,63.9,63.3,56.0,51.9,1.344,1.031,1.344,14.146,11.114,14.149,73.964,39.525,4.346,5.567,6.152,4.985,4.295,3.223,3.897,3.559,3.090,19.006,11.452,30.458,39.607,1197.8,1197.8,4084.2,4084.2,4084.2,4084.2,45.0,23.6,82.2,76.0,54.5,No,No,No,1.530,0.427,6.6,50,95.0,100.0,No,No,91293,99096,35,99.0,No,No,3320,0.0,0.2,0.2,0.014,0.310,79820,50368,0.0,0.0,0.0,0.000,0.000,52,0,49.4,64.1,83.0,0.750,12.133,12.178,12.152,12.069,1129,41.985,16.861,23.285,6.454,37.903,24.946,12.935,0.336,23.285,21.412,2.546,15.509,220.000,240.000,1305.0,1750.2,1140.0,1253.7,1230.0,40.0,8.0,0.0,3.0,27.8,3.9,15.4,0.0,0.0,0.0,33,Yes,No,No,No,No,Yes,No,20.3,24.0,0,0,0,0,0,0,0,0,0,9,0,0,0,0,0,0,0,0,0,0,0,0,0,0,0,0,0,0,0,0,5912,2280,2115,88,8.0,239.8,258.2,221.6,215.0,218.5,213.3,239.8,244.2,236.5,234.1,235.1,233.8,4.17,4.52,3.86,3.72,4.56,4.63,0.50,0.24,4.06,0.11,0.10,0,0,0.0,0.0,13576,1182,2.5,2.5,0,
8.7.2026,15:23:7.579,18512,27481,40.2,13470,19211,41.2,0.5,13312,70,1.314,1.325,1.312,1.312,1.312,1.312,1.312,1.312,1.312,4086.4,4067.7,4067.7,4092.6,4092.6,4092.6,4092.6,4092.6,4092.6,99.8,1448.1,3575.4,1642.4,3250.6,1290.9,1975.6,1408.5,1589.9,1248.5,865.9,683.5,1437.1,918.0,1141.5,794.4,668.0,679.0,1448.1,32.7,60.6,38.6,79.3,30.4,47.1,33.1,37.9,29.2,20.4,15.8,34.1,21.2,26.4,18.1,15.5,15.6,79.3,32.7,37.0,68.6,43.6,89.8,34.5,53.3,37.4,42.9,33.1,23.1,17.9,38.7,24.0,30.0,20.5,17.5,17.7,37.0,40.9,40.8,40.8,41.0,41.0,41.0,41.0,41.0,41.0,0.0,80.7,87.6,96.1,86.0,82.9,72.5,77.3,74.0,69.6,19.3,12.4,3.9,14.0,17.1,27.5,22.7,26.0,30.4,0.0,0.0,0.0,0.0,0.0,0.0,0.0,0.0,0.0,1197.8,12.00,16,16,16,39,55,661,1,72.6,72.3,74.0,68.5,70.9,71.5,70.3,68.7,66.7,67.3,66.6,65.9,63.5,63.8,63.2,55.8,52.0,1.331,1.031,1.344,14.011,11.128,14.008,72.668,39.296,4.300,5.680,6.183,4.873,4.220,3.217,3.809,3.470,2.948,18.815,11.466,30.281,39.424,1197.8,1197.8,4083.1,4083.3,4083.0,4083.3,44.8,23.3,80.7,76.1,54.6,No,No,No,1.577,0.441,6.5,50,95.0,100.0,No,No,91293,99096,35,99.0,No,No,3320,0.0,0.0,0.0,0.016,0.022,79820,50368,0.0,0.0,0.0,0.000,0.000,52,0,49.4,64.4,83.0,0.756,12.133,12.178,12.152,12.068,1128,44.752,17.022,23.375,6.442,37.755,24.752,12.986,0.336,23.375,21.160,5.847,14.195,220.000,240.000,1320.0,1750.2,1155.0,1299.6,1245.0,37.0,7.0,0.0,2.0,27.8,3.9,15.8,0.0,0.0,0.0,33,Yes,No,No,No,No,Yes,No,20.2,24.0,0,0,0,0,0,0,0,0,0,9,0,0,0,0,0,0,0,0,0,0,0,0,0,0,0,0,0,0,0,0,5912,2280,2115,89,8.0,239.8,260.9,213.4,207.5,210.1,206.1,0.0,0.0,0.0,0.0,0.0,0.0,4.17,4.61,3.82,3.59,4.79,5.02,0.44,0.33,4.06,0.12,0.00,0,0,0.0,0.0,13576,1182,4.4,5.4,0,
8.7.2026,15:23:9.576,18514,27480,40.2,13497,19185,41.2,0.5,13312,70,1.312,1.312,1.312,1.312,1.312,1.312,1.312,1.312,1.312,4070.8,4092.6,4067.7,4067.7,4067.7,4067.7,4067.7,4067.7,4067.7,99.8,1432.6,3567.1,1730.6,3205.9,1306.6,1964.7,1378.6,1588.5,1204.9,811.2,703.7,1330.2,897.2,1083.4,784.8,644.1,719.9,1432.6,32.3,58.3,40.3,78.1,30.9,47.1,32.4,37.9,28.3,19.1,16.3,31.7,20.9,25.2,18.3,15.0,16.1,78.1,32.3,36.5,66.0,46.1,88.4,35.0,53.3,36.6,42.9,32.0,21.6,18.4,35.9,23.6,28.4,20.7,17.0,18.9,36.5,40.8,41.0,40.8,40.8,40.8,40.8,40.8,40.8,40.8,0.0,80.5,87.4,95.3,85.8,82.8,71.8,76.9,74.3,69.6,19.5,12.6,4.7,14.2,17.2,28.2,23.1,25.7,30.4,0.0,0.0,0.0,0.0,0.0,0.0,0.0,0.0,0.0,1197.8,12.00,16,16,16,39,55,661,1,72.6,72.3,71.5,68.5,70.9,71.5,70.3,68.8,66.7,67.2,66.5,65.9,63.5,63.8,63.2,56.0,51.9,1.362,1.031,1.356,13.935,11.101,13.939,72.433,39.269,4.292,5.674,6.243,4.845,4.246,3.183,3.743,3.438,2.966,18.711,11.437,30.148,39.296,1197.8,1197.8,4083.7,4083.9,4083.4,4083.9,44.7,23.2,80.5,76.1,54.3,No,No,No,1.566,0.401,6.4,50,95.0,100.0,No,No,91293,99096,35,99.0,No,No,3320,0.0,0.1,0.1,0.008,0.160,79820,50368,0.0,0.0,0.0,0.000,0.000,52,0,49.1,63.7,83.0,0.744,12.138,12.185,12.155,12.073,1131,42.840,15.381,21.209,5.507,34.728,22.927,11.782,0.336,21.209,19.369,2.618,14.121,220.000,240.000,1275.0,1250.2,1125.0,1309.6,1215.0,35.0,8.0,0.0,2.0,27.8,3.7,14.7,0.0,0.0,0.0,33,Yes,No,No,No,No,Yes,No,18.4,24.5,0,0,0,0,0,0,0,0,0,9,0,0,0,0,0,0,0,0,0,0,0,0,0,0,0,0,0,0,0,0,5912,2280,2115,90,8.0,239.8,260.4,226.1,208.5,214.2,208.2,239.8,242.6,237.1,236.7,236.9,236.7,4.17,4.47,3.80,3.69,4.69,4.82,0.53,0.25,4.06,0.11,0.11,0,0,0.0,0.0,13576,1182,2.2,1.9,0,
8.7.2026,15:23:11.588,18506,27488,40.2,13478,19204,41.2,0.5,13312,70,1.330,1.337,1.337,1.331,1.331,1.331,1.325,1.325,1.325,4073.9,4092.6,4092.6,4067.7,4067.7,4067.7,4067.7,4067.7,4067.7,99.8,1409.0,3508.3,1566.7,1598.6,2925.0,1494.8,1793.3,1178.3,1579.6,642.8,825.1,984.5,1189.3,833.1,1006.0,587.4,830.4,1409.0,32.0,59.2,37.3,38.4,71.2,35.6,42.8,27.9,37.5,15.0,19.4,23.2,28.2,19.0,23.6,13.7,20.1,71.2,32.0,36.1,67.0,41.7,43.4,80.7,40.2,48.4,31.6,42.5,16.9,21.8,26.3,31.8,21.5,26.7,15.5,22.0,36.1,40.8,41.0,41.0,40.8,40.8,40.8,40.8,40.8,40.8,0.0,78.6,85.9,96.4,84.0,80.6,69.1,74.2,71.3,66.9,21.4,14.1,3.6,16.0,19.4,30.9,25.8,28.7,33.1,0.0,0.0,0.0,0.0,0.0,0.0,0.0,0.0,0.0,1197.8,12.00,16,16,16,39,55,661,1,72.6,72.0,70.2,68.2,70.3,71.5,69.9,68.4,66.3,66.9,66.1,65.7,63.4,63.7,63.0,54.0,51.7,1.350,1.025,1.350,13.694,11.112,13.702,70.703,38.924,4.206,5.469,6.243,4.741,4.146,3.070,3.674,3.356,2.950,18.402,11.447,29.849,38.997,1197.8,1197.8,4086.5,4087.1,4085.8,4087.1,44.3,22.8,78.6,75.8,54.5,No,No,No,1.547,0.424,6.3,50,95.0,100.0,No,No,91293,99096,35,99.0,No,No,3320,0.1,0.7,0.9,0.318,8.847,79821,50385,0.0,0.0,0.0,0.000,0.000,52,0,49.1,63.7,83.0,0.750,12.128,12.173,12.148,12.065,1131,41.776,16.270,22.497,6.281,36.941,24.431,12.498,0.336,22.497,21.067,2.521,13.629,220.000,240.000,1290.0,1750.2,1140.0,1272.3,1230.0,40.0,10.0,0.0,3.0,27.8,4.0,15.8,0.0,0.0,0.0,33,Yes,No,No,No,No,Yes,No,19.8,24.1,0,0,0,0,0,0,0,0,0,9,0,0,0,0,0,0,0,0,0,0,0,0,0,0,0,0,0,0,0,0,5912,2280,2115,90,8.0,239.8,263.1,221.9,211.5,216.6,209.1,0.0,0.0,0.0,0.0,0.0,0.0,4.17,4.56,3.85,3.67,4.65,4.78,0.48,0.23,4.06,0.11,0.00,0,0,0.0,0.0,13576,1182,6.7,5.6,0,
8.7.2026,15:23:13.578,18514,27480,40.2,13482,19200,41.2,0.5,13312,70,1.303,1.325,1.300,1.300,1.300,1.300,1.300,1.300,1.300,4020.9,4042.7,4017.8,4017.8,4017.8,4017.8,4017.8,4017.8,4017.8,99.8,1430.5,3463.5,2055.3,1181.4,3259.0,1210.7,2054.0,1061.9,1615.4,635.9,882.7,991.0,1216.4,822.4,1014.7,613.4,810.6,1430.5,31.8,47.1,49.0,28.1,79.6,28.6,49.3,25.1,38.6,15.0,20.8,23.4,28.8,18.8,23.9,14.3,19.1,79.6,31.8,36.0,53.3,55.5,31.7,90.1,32.3,55.7,28.3,43.6,16.9,23.4,26.4,32.5,21.2,26.9,16.1,21.5,36.0,40.3,40.5,40.2,40.2,40.2,40.2,40.2,40.2,40.2,0.0,78.5,84.9,95.3,84.5,80.2,69.5,74.5,71.6,67.5,21.5,15.1,4.7,15.5,19.8,30.5,25.5,28.4,32.5,0.0,0.0,0.0,0.0,0.0,0.0,0.0,0.0,0.0,1197.8,12.00,16,16,16,39,55,661,1,72.8,72.5,78.2,68.3,70.2,71.6,70.0,68.4,66.5,67.3,66.4,66.3,63.3,63.6,63.0,54.2,52.3,1.294,1.031,1.300,13.827,11.081,13.813,70.647,38.970,4.261,5.364,6.212,4.801,4.118,3.206,3.779,3.419,3.192,18.563,11.419,29.983,39.089,1197.8,1197.8,4082.9,4083.4,4082.3,4083.4,44.4,23.0,78.5,76.3,54.3,No,No,No,1.465,0.389,6.3,50,95.0,100.0,No,No,91293,99096,35,99.0,No,No,3320,0.1,0.0,0.1,0.182,0.008,79821,50385,0.0,0.0,0.0,0.000,0.000,52,0,49.2,64.0,83.0,0.750,12.136,12.182,12.154,12.071,1128,43.910,16.091,22.093,5.835,36.766,24.468,12.273,0.336,22.093,20.844,2.591,13.611,220.000,240.000,1305.0,1750.2,1140.0,1286.4,1230.0,41.0,11.0,0.0,2.0,27.8,3.9,15.4,0.0,0.0,0.0,33,Yes,No,No,No,No,Yes,No,19.5,23.9,0,0,0,0,0,0,0,0,0,9,0,0,0,0,0,0,0,0,0,0,0,0,0,0,0,0,0,0,0,0,5912,2280,2115,91,8.0,239.8,257.9,217.9,209.1,212.8,207.1,0.0,0.0,0.0,0.0,0.0,0.0,4.17,4.57,3.83,3.53,4.74,4.88,0.41,0.28,4.05,0.12,0.00,0,0,0.0,0.0,13576,1182,2.3,1.5,0,
8.7.2026,15:23:15.581,18508,27485,40.2,13477,19205,41.2,0.5,13312,70,1.332,1.337,1.337,1.337,1.337,1.337,1.331,1.319,1.319,4095.7,4092.6,4092.6,4092.6,4142.5,4142.5,4067.7,4067.7,4067.7,99.8,1451.6,3523.7,2075.9,1811.9,2612.2,1549.2,1870.9,1274.8,1481.1,602.1,899.5,1021.2,1196.8,836.5,1016.1,630.7,822.4,1451.6,32.1,47.8,49.2,43.4,63.3,36.7,44.5,30.0,35.0,13.9,21.1,23.8,28.2,18.8,23.8,14.7,19.2,63.3,32.1,36.4,54.2,55.8,49.1,71.7,41.6,50.4,34.0,39.7,15.8,23.9,27.0,32.0,21.4,26.9,16.6,21.8,36.4,41.0,41.0,41.0,41.0,41.5,41.5,40.8,40.8,40.8,0.0,80.5,86.3,95.2,86.8,83.1,71.9,76.8,74.1,69.7,19.5,13.7,4.8,13.2,16.9,28.1,23.2,25.9,30.3,0.0,0.0,0.0,0.0,0.0,0.0,0.0,0.0,0.0,1197.8,12.00,16,16,16,39,55,661,1,72.6,72.0,75.2,68.3,70.2,71.3,70.2,68.6,66.5,67.2,66.4,66.1,63.5,63.8,63.1,56.5,52.1,1.312,1.038,1.325,13.930,11.102,13.935,72.435,39.210,4.227,5.333,6.068,4.890,4.221,3.121,3.735,3.413,3.034,18.707,11.440,30.147,39.275,1197.8,1197.8,4083.8,4084.4,4083.3,4084.4,44.6,23.2,80.5,75.8,55.2,No,No,No,1.393,0.280,6.4,50,95.0,100.0,No,No,91293,99096,35,99.0,No,No,3320,0.0,0.0,0.0,0.008,0.061,79821,50385,0.0,0.0,0.0,0.000,0.000,52,0,49.2,63.7,83.0,0.738,12.138,12.184,12.156,12.074,1132,44.136,15.556,21.502,5.751,35.300,23.338,11.945,0.336,21.502,19.892,2.566,13.431,220.000,240.000,1260.0,1250.2,1095.0,1300.0,1185.0,38.0,10.0,0.0,2.0,27.8,3.7,14.9,0.0,0.0,0.0,33,Yes,No,No,No,No,Yes,No,18.8,22.4,0,0,0,0,0,0,0,0,0,9,0,0,0,0,0,0,0,0,0,0,0,0,0,0,0,0,0,0,0,0,5911,2281,2116,91,8.0,239.8,255.7,222.2,205.9,212.7,203.7,239.8,242.4,237.3,235.8,236.5,235.4,4.17,4.60,3.89,3.47,4.75,4.96,0.54,0.21,4.06,0.11,0.10,0,0,0.0,0.0,13576,1182,2.2,2.1,0,
8.7.2026,15:23:17.576,18510,27484,40.2,13480,19201,41.2,0.5,13312,70,1.314,1.325,1.312,1.312,1.312,1.312,1.312,1.312,1.312,4067.7,4067.7,4067.7,4067.7,4067.7,4067.7,4067.7,4067.7,4067.7,99.8,1468.5,3584.3,2026.6,3030.2,1467.7,1870.9,1499.7,1439.5,1408.1,698.9,880.7,1104.8,1245.4,894.2,1061.4,564.6,719.4,1468.5,32.7,51.3,48.0,73.5,34.9,44.6,35.5,34.2,33.2,16.4,20.7,26.1,29.4,20.5,24.9,13.1,16.8,73.5,32.7,37.0,58.1,54.3,83.2,39.5,50.5,40.1,38.7,37.6,18.5,23.4,29.5,33.3,23.2,28.1,14.8,19.0,37.0,40.8,40.8,40.8,40.8,40.8,40.8,40.8,40.8,40.8,0.0,81.6,87.7,96.0,87.1,84.1,73.3,78.7,76.0,70.0,18.4,12.3,4.0,12.9,15.9,26.7,21.3,24.0,30.0,0.0,0.0,0.0,0.0,0.0,0.0,0.0,0.0,0.0,1197.8,12.00,16,16,16,39,55,661,1,72.6,71.9,70.2,68.3,70.2,71.4,70.2,68.7,66.6,67.2,66.5,65.7,63.4,63.7,63.1,56.0,52.3,1.350,1.031,1.344,13.913,11.094,13.919,73.453,39.193,4.278,5.389,6.153,4.911,4.288,3.227,3.829,3.522,2.906,18.695,11.432,30.127,39.260,1197.8,1197.8,4086.1,4086.1,4086.1,4086.1,44.6,23.2,81.6,75.7,54.4,No,No,No,1.414,0.285,6.5,50,95.0,100.0,No,No,91293,99096,35,99.0,No,No,3320,0.0,0.0,0.1,0.020,0.055,79821,50385,0.0,0.0,0.0,0.000,0.000,52,0,48.8,63.2,83.0,0.731,12.138,12.185,12.156,12.074,1129,40.083,15.250,20.078,5.106,34.342,23.169,11.154,0.336,20.078,19.705,3.640,14.895,220.000,240.000,1230.0,1250.2,1080.0,1234.7,1170.0,39.0,10.0,0.0,2.0,27.8,3.6,14.4,0.0,0.0,0.0,33,Yes,No,No,No,No,Yes,No,18.1,21.4,0,0,0,0,0,0,0,0,0,9,0,0,0,0,0,0,0,0,0,0,0,0,0,0,0,0,0,0,0,0,5911,2281,2116,91,8.0,239.8,262.9,222.9,213.5,217.8,212.0,239.8,243.1,237.2,233.2,235.3,232.1,4.17,4.50,3.73,3.57,4.62,4.69,0.61,0.20,4.06,0.11,0.11,0,0,0.0,0.0,13577,1182,4.9,5.9,0,
8.7.2026,15:23:19.577,18508,27485,40.2,13479,19203,41.2,0.5,13312,70,1.320,1.325,1.319,1.319,1.319,1.319,1.319,1.319,1.319,4067.7,4092.6,4067.7,4067.7,4067.7,4067.7,4042.7,4067.7,4067.7,99.8,1393.1,3548.1,2037.7,3094.7,1335.7,1739.6,1448.4,1270.2,1392.3,592.5,778.0,972.3,1168.3,826.2,960.7,509.4,615.9,1393.1,30.7,49.2,48.3,75.4,31.6,41.3,34.0,29.9,32.8,13.7,18.1,22.7,27.5,18.7,22.5,11.7,14.1,75.4,30.7,34.8,55.8,54.8,85.4,35.8,46.8,38.6,33.9,37.2,15.6,20.5,25.8,31.2,21.2,25.5,13.3,16.1,34.8,40.8,41.0,40.8,40.8,40.8,40.8,40.5,40.8,40.8,0.0,79.9,86.8,95.8,85.8,82.6,70.9,76.8,73.3,67.3,20.1,13.2,4.2,14.2,17.4,29.1,23.2,26.7,32.7,0.0,0.0,0.0,0.0,0.0,0.0,0.0,0.0,0.0,1197.8,12.00,16,16,16,39,55,661,1,72.5,71.9,72.0,68.0,70.2,71.3,69.9,68.3,66.3,66.9,66.1,65.4,63.3,63.6,63.0,54.0,51.4,1.350,1.031,1.356,13.582,11.057,13.574,71.923,38.648,4.171,5.390,6.141,4.753,4.134,3.091,3.681,3.369,2.811,18.258,11.392,29.650,38.754,1197.8,1197.8,4087.3,4087.4,4087.1,4087.4,44.0,22.6,79.9,75.6,54.6,No,No,No,1.389,0.298,6.4,50,95.0,100.0,No,No,91293,99096,35,99.0,No,No,3320,0.0,0.0,0.0,0.000,0.010,79821,50385,0.0,0.0,0.0,0.000,0.000,52,0,48.8,63.3,83.0,0.725,12.142,12.190,12.160,12.078,1131,40.281,15.097,19.945,5.107,34.474,23.382,11.080,0.336,19.945,19.975,2.370,14.358,220.000,240.000,1215.0,1250.2,1065.0,1227.3,1155.0,38.0,10.0,0.0,2.0,27.8,3.7,15.0,0.0,0.0,0.0,33,Yes,No,No,No,No,Yes,No,18.1,22.7,0,0,0,0,0,0,0,0,0,9,0,0,0,0,0,0,0,0,0,0,0,0,0,0,0,0,0,0,0,0,5911,2281,2116,91,8.0,239.8,255.2,222.2,220.3,221.2,220.0,0.0,0.0,0.0,0.0,0.0,0.0,4.17,4.51,3.88,3.77,4.55,4.58,0.50,0.12,4.06,0.12,0.00,0,0,0.0,0.0,13577,1182,2.1,1.3,0,
8.7.2026,15:23:21.578,18515,27479,40.2,13483,19199,41.2,0.5,13312,70,1.338,1.331,1.337,1.337,1.337,1.337,1.337,1.344,1.344,4098.9,4067.7,4117.6,4117.6,4117.6,4117.6,4067.7,4092.6,4092.6,99.8,1382.5,3526.0,2014.8,1462.1,2898.1,1324.8,1840.6,1097.6,1588.3,579.8,747.0,966.1,1176.7,747.0,1001.6,493.4,655.7,1382.5,30.4,47.5,47.8,34.9,70.5,31.2,43.8,25.8,37.7,13.4,17.3,22.6,27.8,16.7,23.5,11.3,15.2,70.5,30.4,34.5,53.8,54.2,39.5,79.8,35.3,49.6,29.2,42.8,15.2,19.7,25.6,31.5,19.0,26.6,12.8,17.2,34.5,41.1,40.8,41.2,41.2,41.2,41.2,40.8,41.0,41.0,0.0,79.6,86.3,95.8,85.3,82.6,70.2,76.6,73.2,67.1,20.4,13.7,4.2,14.7,17.4,29.8,23.4,26.8,32.9,0.0,0.0,0.0,0.0,0.0,0.0,0.0,0.0,0.0,1197.8,12.00,16,16,16,39,55,661,1,72.4,71.7,71.8,67.9,69.9,71.2,69.7,68.5,66.1,66.9,66.0,65.4,63.3,63.6,62.9,56.2,52.3,1.331,1.031,1.337,13.546,11.059,13.549,71.661,38.655,4.152,5.281,6.108,4.708,4.193,3.018,3.723,3.353,2.830,18.209,11.391,29.601,38.718,1197.8,1197.8,4088.0,4088.2,4087.9,4088.2,44.0,22.6,79.6,75.4,54.7,No,No,No,1.363,0.293,6.4,50,95.0,100.0,No,No,91293,99096,35,99.0,No,No,3320,0.0,0.1,0.1,0.000,0.218,79821,50385,0.0,0.0,0.0,0.000,0.000,52,0,48.8,63.2,83.0,0.719,12.138,12.184,12.156,12.073,1128,40.004,14.749,19.540,5.093,34.196,23.325,10.855,0.336,19.540,20.083,2.352,12.168,220.000,240.000,1200.0,1250.2,1050.0,1212.1,1140.0,40.0,10.0,0.0,2.0,27.8,3.8,15.1,0.0,0.0,0.0,33,Yes,No,No,No,No,Yes,No,18.0,22.7,0,0,0,0,0,0,0,0,0,9,0,0,0,0,0,0,0,0,0,0,0,0,0,0,0,0,0,0,0,0,5911,2281,2116,91,8.0,239.8,258.3,221.4,206.5,212.9,204.3,239.8,242.5,237.6,237.4,237.5,237.3,4.17,4.55,3.77,3.58,4.71,4.93,0.60,0.10,4.06,0.11,0.11,0,0,0.0,0.0,13577,1182,3.1,2.5,0,
8.7.2026,15:23:23.573,18504,27489,40.2,13474,19208,41.2,0.5,13312,70,1.334,1.337,1.337,1.325,1.325,1.337,1.337,1.337,1.337,4092.6,4092.6,4092.6,4092.6,4092.6,4092.6,4092.6,4092.6,4092.6,99.8,1393.9,3517.7,1924.6,1125.1,3234.2,1207.4,2043.9,1134.0,1515.5,650.9,784.4,1054.9,1137.0,827.1,994.9,501.8,648.8,1393.9,30.8,48.6,45.5,26.5,78.7,28.3,49.0,26.6,35.9,15.1,18.3,24.7,26.8,18.7,23.3,11.5,15.0,78.7,30.8,34.9,55.1,51.5,30.0,89.2,32.1,55.5,30.2,40.7,17.2,20.7,28.0,30.4,21.2,26.5,13.1,17.0,34.9,41.0,41.0,41.0,41.0,41.0,41.0,41.0,41.0,41.0,0.0,80.0,86.1,95.4,86.4,81.9,71.4,76.7,73.8,68.0,20.0,13.9,4.6,13.6,18.1,28.6,23.3,26.2,32.0,0.0,0.0,0.0,0.0,0.0,0.0,0.0,0.0,0.0,1197.8,12.00,16,16,16,39,55,661,1,72.2,71.8,72.0,68.0,70.0,71.3,69.9,68.3,66.3,67.0,66.2,65.4,63.3,63.6,63.0,56.5,52.2,1.344,1.019,1.344,13.628,11.061,13.633,71.972,38.742,4.171,5.242,6.080,4.802,4.141,3.102,3.744,3.424,2.831,18.316,11.397,29.713,38.836,1197.8,1197.8,4087.6,4087.4,4087.7,4087.7,44.1,22.7,80.0,75.6,54.7,No,No,No,1.360,0.292,6.4,50,95.0,100.0,No,No,91293,99096,35,99.0,No,No,3320,0.0,0.0,0.0,0.000,0.002,79821,50385,0.0,0.0,0.0,0.000,0.000,52,0,48.8,63.5,83.0,0.731,12.141,12.188,12.159,12.076,1129,40.700,15.219,20.609,5.412,34.909,23.440,11.449,0.336,20.609,20.045,2.460,12.924,220.000,240.000,1245.0,1250.2,1080.0,1212.0,1170.0,40.0,11.0,0.0,2.0,27.8,3.9,15.6,0.0,0.0,0.0,33,Yes,No,No,No,No,Yes,No,18.5,22.9,0,0,0,0,0,0,0,0,0,9,0,0,0,0,0,0,0,0,0,0,0,0,0,0,0,0,0,0,0,0,5911,2281,2116,91,8.0,239.8,257.9,225.5,219.4,222.0,218.5,239.8,242.8,237.6,229.8,234.1,227.7,4.17,4.46,3.85,3.79,4.50,4.54,0.62,0.12,4.06,0.11,0.10,0,0,0.0,0.0,13577,1182,2.5,1.9,0,
8.7.2026,15:23:25.577,18511,27483,40.2,13476,19205,41.2,0.5,13312,70,1.322,1.319,1.319,1.319,1.319,1.325,1.325,1.325,1.325,4089.5,4092.6,4067.7,4092.6,4092.6,4092.6,4092.6,4092.6,4092.6,99.8,1453.8,3552.8,2001.2,1610.6,2858.9,1534.8,1838.1,1517.5,1234.4,785.9,761.7,1474.0,926.7,1054.3,816.6,652.6,640.5,1453.8,32.3,50.7,47.5,38.4,69.6,36.3,43.8,36.1,28.9,18.4,17.7,35.1,21.6,24.3,18.8,15.2,14.7,69.6,32.3,36.6,57.3,53.8,43.5,78.8,41.1,49.6,40.8,32.8,20.9,20.0,39.7,24.5,27.5,21.3,17.2,16.7,36.6,41.0,41.0,40.8,41.0,41.0,41.0,41.0,41.0,41.0,0.0,81.0,87.0,96.0,86.5,83.4,72.5,78.3,74.8,69.3,19.0,13.0,4.0,13.5,16.6,27.5,21.7,25.2,30.7,0.0,0.0,0.0,0.0,0.0,0.0,0.0,0.0,0.0,1197.8,12.00,16,16,16,39,55,661,1,72.2,72.0,71.0,68.1,70.2,71.3,69.9,68.5,66.4,67.1,66.2,65.6,63.4,63.7,63.0,54.0,52.0,1.337,1.019,1.344,13.609,11.123,13.609,72.878,38.771,4.209,5.359,6.057,4.786,4.195,3.140,3.810,3.412,2.911,18.280,11.457,29.737,38.861,1197.8,1197.8,4085.4,4085.7,4085.1,4085.7,44.2,22.7,81.0,75.8,54.1,No,No,No,1.475,0.287,6.5,50,95.0,100.0,No,No,91293,99096,35,99.0,No,No,3320,0.0,0.1,0.1,0.008,0.143,79821,50386,0.0,0.0,0.0,0.000,0.000,52,0,48.8,63.2,83.0,0.738,12.137,12.183,12.156,12.073,1131,40.960,15.423,21.175,5.629,35.229,23.446,11.764,0.336,21.175,20.016,2.428,13.029,220.000,240.000,1260.0,1250.2,1095.0,1240.9,1185.0,38.0,10.0,0.0,2.0,27.8,3.8,15.3,0.0,0.0,0.0,33,Yes,No,No,No,No,Yes,No,18.7,23.8,0,0,0,0,0,0,0,0,0,9,0,0,0,0,0,0,0,0,0,0,0,0,0,0,0,0,0,0,0,0,5911,2281,2116,91,8.0,239.8,267.0,222.2,205.3,212.1,203.3,0.0,0.0,0.0,0.0,0.0,0.0,4.17,4.57,3.74,3.46,4.75,4.97,0.50,0.07,4.06,0.11,0.00,0,0,0.0,0.0,13577,1182,5.1,1.8,0,
8.7.2026,15:23:27.589,18506,27487,40.2,13475,19207,41.2,0.5,13312,70,1.323,1.312,1.331,1.331,1.331,1.319,1.319,1.319,1.319,4077.0,4067.7,4092.6,4092.6,4092.6,4067.7,4067.7,4067.7,4067.7,99.8,1407.4,3532.5,1952.1,2889.4,1464.8,2053.3,1261.0,1689.3,1093.0,747.7,652.4,1368.3,828.7,1076.6,771.2,576.1,561.8,1407.4,31.1,48.8,46.2,70.1,34.7,49.2,29.5,40.3,25.6,17.5,15.1,32.5,19.2,24.9,17.8,13.3,12.8,70.1,31.1,35.2,55.3,52.4,79.4,39.4,55.7,33.4,45.7,29.0,19.8,17.1,36.8,21.8,28.2,20.2,15.1,14.5,35.2,40.8,40.8,41.0,41.0,41.0,40.8,40.8,40.8,40.8,0.0,80.3,86.4,94.6,87.0,83.6,71.2,77.0,74.3,68.3,19.7,13.6,5.4,13.0,16.4,28.8,23.0,25.7,31.7,0.0,0.0,0.0,0.0,0.0,0.0,0.0,0.0,0.0,1197.8,12.00,16,16,16,39,55,661,1,72.1,71.6,72.0,68.0,70.0,70.9,69.9,68.5,66.2,67.0,66.2,65.4,63.3,63.7,63.0,53.5,51.4,1.344,1.025,1.350,13.603,11.105,13.597,72.281,38.770,4.170,5.272,5.941,4.842,4.236,3.084,3.750,3.415,2.820,18.283,11.442,29.725,38.835,1197.8,1197.8,4087.4,4087.6,4087.1,4087.6,44.1,22.7,80.3,75.4,54.6,No,No,No,1.386,0.302,6.4,50,95.0,100.0,No,No,91293,99096,35,99.0,No,No,3320,0.0,0.0,0.0,0.002,0.100,79821,50386,0.0,0.0,0.0,0.000,0.000,52,0,48.7,63.2,83.0,0.731,12.138,12.183,12.156,12.074,1129,41.419,15.266,20.784,5.543,34.985,23.423,11.547,0.336,20.784,20.084,2.497,12.673,220.000,240.000,1245.0,1250.2,1080.0,1256.5,1170.0,40.0,11.0,0.0,2.0,27.9,4.0,16.1,0.0,0.0,0.0,33,Yes,No,No,No,No,Yes,No,18.6,21.4,0,0,0,0,0,0,0,0,0,9,0,0,0,0,0,0,0,0,0,0,0,0,0,0,0,0,0,0,0,0,5909,2283,2118,91,8.0,239.7,257.8,219.8,205.9,212.3,202.9,239.8,242.3,237.3,236.6,236.9,236.4,4.17,4.55,3.83,3.54,4.72,5.01,0.64,0.12,4.06,0.11,0.11,0,0,0.0,0.0,13577,1182,6.7,7.5,0,
8.7.2026,15:23:29.574,18512,27482,40.2,13482,19200,41.2,0.5,13312,70,1.316,1.337,1.337,1.337,1.337,1.294,1.294,1.294,1.294,4048.9,4092.6,4042.7,4042.7,4042.7,4042.7,4042.7,4042.7,4042.7,99.8,1466.5,3571.8,1690.2,3104.2,1318.4,2039.9,1381.6,1770.4,1125.3,875.0,711.3,1423.9,900.3,1196.6,796.9,815.2,742.4,1466.5,33.1,58.6,39.8,75.5,31.2,48.9,32.6,42.4,26.4,20.7,16.5,33.9,21.0,27.9,18.4,19.2,17.2,75.5,33.1,37.5,66.2,45.0,85.4,35.3,55.2,36.9,47.9,29.9,23.4,18.7,38.3,23.8,31.6,20.9,21.7,19.5,37.5,40.6,41.0,40.5,40.5,40.5,40.5,40.5,40.5,40.5,0.0,81.5,87.6,95.2,87.0,83.8,73.0,77.7,75.5,71.8,18.5,12.4,4.8,13.0,16.2,27.0,22.3,24.5,28.2,0.0,0.0,0.0,0.0,0.0,0.0,0.0,0.0,0.0,1197.8,12.00,16,16,16,39,55,661,1,81.1,72.9,73.5,68.8,70.7,71.4,70.5,69.2,67.0,67.7,67.1,67.1,63.4,63.7,63.1,53.5,51.9,1.325,1.025,1.319,14.595,11.106,14.593,73.316,40.041,4.418,5.577,6.042,4.992,4.477,3.289,3.909,3.666,3.391,19.566,11.448,31.013,40.133,1197.8,1197.8,4077.9,4078.0,4077.7,4078.0,45.6,24.3,81.5,76.7,55.2,No,No,No,1.387,0.326,6.5,50,95.0,100.0,No,No,91293,99096,35,99.0,No,No,3320,0.0,0.0,0.0,0.000,0.016,79821,50386,0.0,0.0,0.0,0.000,0.000,52,0,49.2,64.2,83.0,0.775,12.132,12.176,12.151,12.068,1128,45.603,17.455,24.461,6.953,38.566,24.957,13.589,0.336,24.461,21.402,3.282,16.538,220.000,240.000,1365.0,1750.2,1200.0,1285.1,1305.0,40.0,9.0,0.0,2.0,27.9,4.2,16.6,0.0,0.0,0.0,33,Yes,No,No,No,No,Yes,No,20.8,25.0,0,0,0,0,0,0,0,0,0,9,0,0,0,0,0,0,0,0,0,0,0,0,0,0,0,0,0,0,0,0,5908,2284,2119,91,8.0,239.8,256.4,224.4,211.8,215.4,211.7,239.8,241.8,237.5,237.4,237.4,237.3,4.17,4.46,3.89,3.63,4.63,4.75,0.47,0.27,4.06,0.11,0.10,0,0,0.0,0.0,13577,1182,2.3,2.3,0,
8.7.2026,15:23:31.581,18511,27483,40.2,13479,19203,41.2,0.5,13312,70,1.321,1.344,1.319,1.344,1.312,1.312,1.312,1.312,1.312,4073.9,4092.6,4092.6,4067.7,4067.7,4067.7,4067.7,4067.7,4067.7,99.8,1384.3,3528.1,1561.8,1746.3,2719.3,1656.6,1576.4,1519.3,1189.2,781.6,680.8,1326.6,833.6,1090.2,753.2,584.9,601.5,1384.3,31.2,59.4,36.5,41.9,66.0,39.3,37.2,36.1,27.8,18.3,15.7,31.5,19.3,25.3,17.3,13.5,13.8,66.0,31.2,35.3,67.2,41.4,47.4,74.8,44.5,42.2,40.9,31.6,20.8,17.8,35.7,21.9,28.6,19.6,15.3,15.6,35.3,40.8,41.0,41.0,40.8,40.8,40.8,40.8,40.8,40.8,0.0,79.2,86.3,95.9,84.3,81.4,70.5,75.4,72.9,67.2,20.8,13.7,4.1,15.7,18.6,29.5,24.6,27.1,32.8,0.0,0.0,0.0,0.0,0.0,0.0,0.0,0.0,0.0,1197.8,12.00,16,16,16,39,55,661,1,78.0,72.1,71.8,68.2,70.4,71.5,70.0,68.6,66.4,67.0,66.2,65.5,63.4,63.7,63.0,55.0,51.5,1.344,1.025,1.344,13.817,11.090,13.824,71.302,39.065,4.217,5.494,6.230,4.746,4.191,3.130,3.691,3.401,2.856,18.582,11.427,30.010,39.138,1197.8,1197.8,4087.9,4088.3,4087.5,4088.3,44.5,23.0,79.2,75.9,54.9,No,No,No,1.387,0.305,6.3,50,95.0,100.0,No,No,91293,99096,35,99.0,No,No,3320,0.0,0.6,0.7,0.065,8.670,79821,50403,0.0,0.0,0.0,0.000,0.000,52,0,49.0,63.6,83.0,0.744,12.138,12.184,12.156,12.074,1128,45.299,15.794,21.952,5.983,35.679,23.472,12.195,0.336,21.952,20.052,2.491,13.830,220.000,240.000,1275.0,1250.2,1125.0,1362.0,1215.0,37.0,10.0,0.0,2.0,27.9,3.7,14.8,0.0,0.0,0.0,33,Yes,No,No,No,No,Yes,No,19.1,23.3,0,0,0,0,0,0,0,0,0,9,0,0,0,0,0,0,0,0,0,0,0,0,0,0,0,0,0,0,0,0,5908,2284,2119,91,8.0,239.8,264.6,223.6,214.6,218.0,213.8,239.8,242.4,237.2,235.8,236.5,235.5,4.17,4.52,3.80,3.58,4.58,4.63,0.47,0.27,4.06,0.11,0.11,0,0,0.0,0.0,13577,1182,4.1,2.1,0,
8.7.2026,15:23:33.577,18512,27482,40.2,13483,19198,41.2,0.5,13312,70,1.338,1.331,1.344,1.337,1.337,1.337,1.337,1.337,1.337,4105.1,4092.6,4092.6,4092.6,4092.6,4117.6,4117.6,4117.6,4117.6,99.8,1396.1,3575.6,1582.4,1258.9,3151.6,1476.5,1853.8,1443.7,1276.6,765.5,681.8,1383.8,830.4,1060.1,758.0,615.6,623.0,1396.1,31.5,61.1,36.9,29.7,76.6,34.8,44.1,34.3,30.0,18.0,15.8,32.9,19.3,24.5,17.5,14.3,14.4,76.6,31.5,35.7,69.2,41.8,33.7,86.8,39.5,49.9,38.8,34.0,20.3,17.8,37.2,21.8,27.7,19.8,16.2,16.2,35.7,41.1,41.0,41.0,41.0,41.0,41.2,41.2,41.2,41.2,0.0,80.5,87.5,95.7,86.3,82.9,71.8,77.6,74.0,68.5,19.5,12.5,4.3,13.7,17.1,28.2,22.4,26.0,31.5,0.0,0.0,0.0,0.0,0.0,0.0,0.0,0.0,0.0,1197.8,12.00,16,16,16,39,55,661,1,75.2,71.8,73.8,68.1,70.4,71.2,70.1,68.4,66.4,67.0,66.1,65.6,63.4,63.7,63.0,54.5,52.1,1.356,1.031,1.356,13.631,11.052,13.627,72.487,38.749,4.228,5.563,6.054,4.845,4.186,3.119,3.757,3.383,2.920,18.324,11.388,29.711,38.827,1197.8,1197.8,4087.3,4087.3,4087.3,4087.3,44.1,22.7,80.5,75.6,54.0,No,No,No,1.376,0.299,6.4,50,95.0,100.0,No,No,91293,99096,35,99.0,No,No,3320,0.0,0.0,0.0,0.000,0.008,79821,50403,0.0,0.0,0.0,0.000,0.000,52,0,48.8,63.5,83.0,0.731,12.135,12.181,12.154,12.070,1128,40.910,15.184,20.568,5.494,34.833,23.392,11.426,0.336,20.568,20.107,2.359,12.762,220.000,240.000,1230.0,1250.2,1080.0,1252.1,1170.0,38.0,10.0,0.0,2.0,27.9,3.8,15.2,0.0,0.0,0.0,33,Yes,No,No,No,No,Yes,No,18.5,21.7,0,0,0,0,0,0,0,0,0,9,0,0,0,0,0,0,0,0,0,0,0,0,0,0,0,0,0,0,0,0,5908,2284,2119,91,8.0,239.7,255.8,220.3,213.0,215.6,212.8,239.8,242.2,237.6,237.2,237.4,237.1,4.17,4.58,3.92,3.47,4.65,4.76,0.72,0.09,4.06,0.11,0.10,0,0,0.0,0.0,13577,1182,3.0,2.3,0,
8.7.2026,15:23:35.575,18517,27477,40.2,13483,19199,41.2,0.5,13312,70,1.327,1.319,1.312,1.331,1.331,1.331,1.331,1.331,1.331,4089.5,4067.7,4092.6,4092.6,4092.6,4092.6,4092.6,4092.6,4092.6,99.8,1398.8,3518.9,1581.7,1623.4,2820.5,1487.9,1744.7,1497.3,1225.9,807.4,731.9,1309.9,837.7,1042.0,773.9,692.7,685.1,1398.8,31.6,59.1,37.2,38.8,68.8,35.1,41.5,35.5,28.8,19.0,17.0,31.1,19.3,24.1,17.8,16.2,15.8,68.8,31.6,35.8,67.0,42.1,44.0,77.9,39.8,47.1,40.3,32.6,21.5,19.3,35.3,21.9,27.3,20.2,18.3,17.9,35.8,41.0,40.8,41.0,41.0,41.0,41.0,41.0,41.0,41.0,0.0,78.7,86.1,95.7,84.1,80.9,70.0,74.7,71.8,66.5,21.3,13.9,4.3,15.9,19.1,30.0,25.3,28.2,33.5,0.0,0.0,0.0,0.0,0.0,0.0,0.0,0.0,0.0,1197.8,12.00,16,16,16,39,55,661,1,73.6,72.0,73.8,68.1,70.4,71.2,70.0,68.3,66.4,66.9,66.1,65.6,63.3,63.6,63.0,54.2,52.2,1.356,1.038,1.356,13.645,11.090,13.650,70.848,38.835,4.189,5.485,6.123,4.760,4.100,3.131,3.651,3.359,2.905,18.342,11.429,29.771,38.895,1197.8,1197.8,4086.4,4087.2,4085.6,4087.2,44.2,22.7,78.7,75.8,54.6,No,No,No,1.405,0.295,6.3,50,95.0,100.0,No,No,91293,99096,35,99.0,No,No,3320,0.0,0.0,0.0,0.000,0.055,79821,50403,0.0,0.0,0.0,0.000,0.000,52,0,48.7,63.2,83.0,0.731,12.137,12.183,12.155,12.072,1131,40.580,15.330,20.789,5.543,34.921,23.360,11.549,0.336,20.789,20.013,2.302,13.700,220.000,240.000,1245.0,1250.2,1080.0,1241.0,1170.0,39.0,10.0,0.0,2.0,27.9,4.1,16.3,0.0,0.0,0.0,33,Yes,No,No,No,No,Yes,No,18.5,22.5,0,0,0,0,0,0,0,0,0,9,0,0,0,0,0,0,0,0,0,0,0,0,0,0,0,0,0,0,0,0,5907,2285,2120,91,8.0,239.8,256.2,218.8,210.6,214.0,208.8,0.0,0.0,0.0,0.0,0.0,0.0,4.17,4.63,3.87,3.67,4.65,4.67,0.58,0.14,4.06,0.11,0.00,0,0,0.0,0.0,13577,1182,3.0,2.3,0,
8.7.2026,15:23:37.591,18536,27457,40.3,13500,19181,41.3,0.5,13312,70,1.335,1.319,1.337,1.337,1.337,1.337,1.337,1.337,1.337,4064.5,4067.7,4042.7,4067.7,4067.7,4067.7,4067.7,4067.7,4067.7,99.8,1418.2,3553.7,1547.7,3155.6,1377.8,2011.3,1304.6,1638.6,1172.7,776.8,682.3,1362.6,898.4,1052.0,766.9,699.4,691.1,1418.2,32.2,61.7,36.4,76.9,32.7,48.2,30.6,39.0,27.6,18.1,15.8,32.3,20.9,24.2,17.7,16.3,16.1,76.9,32.2,36.4,69.8,41.2,87.0,37.1,54.5,34.7,44.2,31.2,20.6,18.0,36.6,23.7,27.5,20.1,18.5,18.2,36.4,40.7,40.8,40.5,40.8,40.8,40.8,40.8,40.8,40.8,0.0,79.6,87.0,95.9,84.9,81.8,70.1,76.6,72.5,68.2,20.4,13.0,4.1,15.1,18.2,29.9,23.4,27.5,31.8,0.0,0.0,0.0,0.0,0.0,0.0,0.0,0.0,0.0,1197.8,12.00,16,16,16,39,55,661,1,73.2,72.4,72.0,68.3,70.7,71.4,70.1,68.7,66.3,67.1,66.2,65.9,63.3,63.6,63.0,55.2,52.4,1.344,1.025,1.350,13.784,11.089,13.779,71.667,38.956,4.272,5.633,6.160,4.856,4.264,3.089,3.789,3.369,3.017,18.512,11.426,29.938,39.058,1197.8,1197.8,4084.8,4085.3,4084.3,4085.3,44.4,23.0,79.6,76.2,54.0,No,No,No,1.473,0.314,6.4,50,95.0,100.0,No,No,91293,99096,35,99.0,No,No,3320,0.0,0.1,0.1,0.016,0.120,79821,50403,0.0,0.0,0.0,0.000,0.000,52,0,48.7,63.1,83.0,0.744,12.130,12.174,12.149,12.067,1133,41.111,15.794,21.709,5.734,35.428,23.350,12.060,0.336,21.709,19.790,2.460,15.360,220.000,240.000,1275.0,1250.2,1125.0,1271.5,1215.0,38.0,10.0,0.0,2.0,27.9,4.1,16.3,0.0,0.0,0.0,33,Yes,No,No,No,No,Yes,No,18.9,22.8,0,0,0,0,0,0,0,0,0,9,0,0,0,0,0,0,0,0,0,0,0,0,0,0,0,0,0,0,0,0,5907,2285,2120,91,8.0,239.8,257.1,223.8,218.8,221.3,217.6,0.0,0.0,0.0,0.0,0.0,0.0,4.17,4.53,3.85,3.59,4.57,4.61,0.54,0.15,4.05,0.12,0.00,0,0,0.0,0.0,13577,1182,5.1,5.4,0,
8.7.2026,15:23:39.589,18531,27463,40.2,13499,19182,41.3,0.5,13312,70,1.330,1.337,1.337,1.337,1.337,1.337,1.319,1.319,1.319,4083.3,4092.6,4092.6,4092.6,4092.6,4092.6,4067.7,4067.7,4067.7,99.8,1373.4,3559.9,1568.9,3225.7,1245.1,1888.0,1309.2,1383.8,1293.4,667.8,738.1,1024.7,1113.5,846.3,901.8,539.8,667.9,1373.4,30.9,60.0,36.8,78.4,29.5,45.1,30.6,32.7,30.5,15.5,17.3,23.9,26.3,19.1,21.1,12.4,15.5,78.4,30.9,35.0,68.0,41.6,88.8,33.4,51.0,34.6,37.0,34.6,17.6,19.6,27.0,29.8,21.6,23.9,14.0,17.6,35.0,40.9,41.0,41.0,41.0,41.0,41.0,40.8,40.8,40.8,0.0,79.7,87.1,96.0,84.7,81.9,70.6,76.4,72.9,67.7,20.3,12.9,4.0,15.3,18.1,29.4,23.6,27.1,32.3,0.0,0.0,0.0,0.0,0.0,0.0,0.0,0.0,0.0,1197.8,12.00,16,16,16,39,55,661,1,73.0,72.2,72.2,68.2,70.6,71.5,70.0,68.6,66.4,67.0,66.2,65.6,63.4,63.7,63.1,55.8,51.6,1.362,1.025,1.356,13.790,11.087,13.794,71.714,39.019,4.233,5.643,6.243,4.786,4.171,3.093,3.715,3.343,2.868,18.544,11.425,29.969,39.097,1197.8,1197.8,4087.6,4087.7,4087.4,4087.7,44.4,23.0,79.7,76.0,54.6,No,No,No,1.416,0.320,6.4,50,95.0,100.0,No,No,91293,99096,35,99.0,No,No,3320,0.0,0.0,0.0,0.000,0.036,79821,50403,0.0,0.0,0.0,0.000,0.000,52,0,48.8,63.7,83.0,0.750,12.134,12.180,12.153,12.069,1129,40.721,16.285,22.917,6.187,37.602,24.851,12.730,0.336,22.917,21.215,2.503,11.593,220.000,240.000,1290.0,1750.2,1140.0,1219.7,1230.0,38.0,7.0,0.0,2.0,27.9,4.1,16.4,0.0,0.0,0.0,33,Yes,No,No,No,No,Yes,No,20.1,23.9,0,0,0,0,0,0,0,0,0,9,0,0,0,0,0,0,0,0,0,0,0,0,0,0,0,0,0,0,0,0,5907,2285,2120,91,8.0,239.7,262.6,222.6,206.4,213.8,203.6,237.7,243.1,235.9,119.9,143.4,119.8,4.17,4.57,3.78,3.63,4.69,4.89,0.64,0.19,4.06,0.11,0.12,0,0,0.0,0.0,13577,1182,2.6,2.1,0,
8.7.2026,15:23:41.574,18536,27458,40.3,13503,19179,41.3,0.5,13312,70,1.321,1.319,1.331,1.325,1.319,1.319,1.319,1.319,1.319,4070.8,4067.7,4092.6,4067.7,4067.7,4067.7,4067.7,4067.7,4067.7,99.8,1390.0,3585.4,1544.1,1896.2,2508.2,1605.2,1647.1,1239.9,1453.5,728.8,828.0,1083.1,1165.1,886.3,937.2,511.9,619.2,1390.0,31.3,61.4,36.1,45.6,60.7,37.9,38.9,29.0,34.3,16.8,19.3,25.3,27.5,19.9,21.8,11.5,14.1,61.4,31.3,35.5,69.6,41.0,51.7,68.7,43.0,44.2,33.0,38.9,19.2,22.0,28.8,31.3,22.7,24.9,13.2,16.2,35.5,40.8,40.8,41.0,40.8,40.8,40.8,40.8,40.8,40.8,0.0,80.2,87.7,95.4,85.5,82.4,72.1,77.2,73.8,67.8,19.8,12.3,4.6,14.5,17.6,27.9,22.8,26.2,32.2,0.0,0.0,0.0,0.0,0.0,0.0,0.0,0.0,0.0,1197.8,12.00,16,16,16,39,55,661,1,72.9,72.0,71.0,68.1,70.6,71.1,70.0,68.3,66.5,66.9,66.2,65.4,63.3,63.6,63.0,55.0,51.6,1.337,1.031,1.337,13.737,11.079,13.732,72.205,38.889,4.229,5.605,6.053,4.824,4.177,3.199,3.760,3.397,2.816,18.461,11.414,29.875,38.994,1197.8,1197.8,4086.6,4086.6,4086.6,4086.6,44.3,22.9,80.2,75.8,54.4,No,No,No,1.455,0.312,6.4,50,95.0,100.0,No,No,91293,99096,35,99.0,No,No,3320,0.0,0.0,0.0,0.000,0.069,79821,50403,0.0,0.0,0.0,0.000,0.000,52,0,48.6,63.1,83.0,0.731,12.134,12.180,12.152,12.070,1131,42.842,14.850,19.876,5.103,34.050,22.994,11.042,0.336,19.876,19.618,2.311,13.296,220.000,240.000,1230.0,1250.2,1080.0,1286.5,1170.0,37.0,9.0,0.0,2.0,27.9,3.9,15.6,0.0,0.0,0.0,33,Yes,No,No,No,No,Yes,No,18.0,20.4,0,0,0,0,0,0,0,0,0,9,0,0,0,0,0,0,0,0,0,0,0,0,0,0,0,0,0,0,0,0,5907,2285,2120,91,8.0,239.8,255.8,219.7,218.7,218.9,218.7,239.8,243.0,237.2,234.5,235.9,233.7,4.17,4.56,3.87,3.76,4.60,4.67,0.56,0.17,4.06,0.11,0.10,0,0,0.0,0.0,13577,1182,3.6,2.5,0,
8.7.2026,15:23:43.575,18535,27458,40.2,13502,19180,41.3,0.5,13312,70,1.339,1.325,1.337,1.337,1.337,1.344,1.344,1.344,1.344,4092.6,4092.6,4092.6,4092.6,4092.6,4092.6,4092.6,4092.6,4092.6,99.8,1344.2,3526.3,1444.7,1309.3,3041.7,1415.9,1726.3,1149.0,1498.9,628.8,745.5,1052.5,1097.5,805.7,903.6,548.3,612.8,1344.2,30.4,59.9,33.8,31.2,74.1,33.4,41.2,27.1,35.7,14.7,17.6,24.7,26.0,18.2,21.3,12.8,14.2,74.1,30.4,34.3,67.8,38.2,35.2,83.9,37.8,46.6,30.6,40.3,16.5,19.8,27.9,29.4,20.5,24.0,14.3,16.0,34.3,41.0,41.0,41.0,41.0,41.0,41.0,41.0,41.0,41.0,0.0,78.9,86.3,95.2,84.0,81.1,70.1,75.9,71.9,66.7,21.1,13.7,4.8,16.0,18.9,29.9,24.1,28.1,33.3,0.0,0.0,0.0,0.0,0.0,0.0,0.0,0.0,0.0,1197.8,12.00,16,16,16,39,55,661,1,72.5,71.9,72.0,68.0,70.2,71.2,69.8,68.3,66.1,66.8,66.0,65.4,63.2,63.6,62.9,54.5,51.9,1.337,1.019,1.344,13.504,11.068,13.512,71.018,38.626,4.161,5.425,6.108,4.705,4.145,3.073,3.704,3.312,2.813,18.153,11.402,29.555,38.678,1197.8,1197.8,4088.3,4088.5,4088.2,4088.5,44.0,22.5,78.9,75.7,54.4,No,No,No,1.361,0.283,6.3,50,95.0,100.0,No,No,91293,99096,35,99.0,No,No,3320,0.0,0.0,0.0,0.008,0.008,79821,50403,0.0,0.0,0.0,0.000,0.000,52,0,48.4,63.0,83.0,0.719,12.139,12.185,12.157,12.074,1129,39.760,14.933,19.626,4.971,34.148,23.219,10.903,0.336,19.626,19.821,2.243,14.439,220.000,240.000,1200.0,1250.2,1050.0,1195.9,1140.0,38.0,9.0,0.0,2.0,27.9,3.7,14.8,0.0,0.0,0.0,33,Yes,No,No,No,No,Yes,No,17.9,20.8,0,0,0,0,0,0,0,0,0,9,0,0,0,0,0,0,0,0,0,0,0,0,0,0,0,0,0,0,0,0,5907,2285,2120,91,8.0,239.7,257.8,220.7,193.4,205.5,188.7,239.8,242.4,237.6,236.9,237.2,236.8,4.17,4.54,3.88,3.13,4.88,5.35,0.73,0.10,4.06,0.11,0.11,0,0,0.0,0.0,13577,1182,2.8,1.5,0,
8.7.2026,15:23:45.575,18531,27462,40.2,13498,19183,41.3,0.5,13312,70,1.332,1.337,1.331,1.331,1.331,1.331,1.331,1.331,1.331,4092.6,4092.6,4092.6,4092.6,4092.6,4092.6,4092.6,4092.6,4092.6,99.8,1463.4,3595.4,1506.1,1507.9,2977.9,1514.6,1845.1,1246.8,1596.5,824.5,863.7,1129.1,1226.0,913.7,987.3,856.1,823.0,1463.4,33.5,64.0,35.5,36.0,72.9,36.0,44.1,29.5,38.1,19.4,20.3,26.6,29.1,20.9,23.3,20.2,19.3,72.9,33.5,37.8,72.3,40.2,40.7,82.4,40.7,49.9,33.3,43.1,21.9,23.0,30.1,32.9,23.6,26.3,22.9,21.8,37.8,41.0,41.0,41.0,41.0,41.0,41.0,41.0,41.0,41.0,0.0,80.6,88.3,96.3,84.9,81.8,72.5,76.9,73.7,70.8,19.4,11.7,3.7,15.1,18.2,27.5,23.1,26.3,29.2,0.0,0.0,0.0,0.0,0.0,0.0,0.0,0.0,0.0,1197.8,12.00,16,16,16,39,55,661,1,81.5,73.5,71.8,68.9,71.1,71.7,70.5,68.9,67.2,67.8,66.8,67.2,63.3,63.6,63.0,54.5,52.2,1.344,1.031,1.344,14.454,11.072,14.449,72.578,39.799,4.418,5.668,6.210,4.870,4.277,3.431,3.913,3.523,3.452,19.371,11.414,30.785,39.899,1197.8,1197.8,4076.4,4076.6,4076.1,4076.6,45.3,24.1,80.6,77.3,54.6,No,No,No,1.474,0.279,6.5,50,95.0,100.0,No,No,91293,99096,35,99.0,No,No,3320,0.0,0.0,0.1,0.059,0.065,79821,50403,0.0,0.0,0.0,0.000,0.000,52,0,48.3,62.8,83.0,0.694,12.136,12.181,12.154,12.072,1132,38.525,14.176,18.180,4.690,33.375,23.262,10.100,0.336,18.180,20.223,2.642,10.769,220.000,240.000,1140.0,1250.2,990.0,1197.0,1080.0,38.0,9.0,0.0,2.0,27.9,3.3,13.3,0.0,0.0,0.0,33,Yes,No,No,No,No,Yes,No,17.5,21.7,0,0,0,0,0,0,0,0,0,9,0,0,0,0,0,0,0,0,0,0,0,0,0,0,0,0,0,0,0,0,5907,2285,2120,91,8.0,239.8,257.7,224.2,208.1,213.7,207.0,239.8,242.5,236.6,235.7,236.1,235.6,4.17,4.48,3.84,3.60,4.65,4.72,0.69,0.12,4.06,0.11,0.10,0,0,0.0,0.0,13577,1182,2.2,2.3,0,
8.7.2026,15:23:47.581,18534,27459,40.2,13497,19185,41.2,0.5,13312,70,1.320,1.312,1.319,1.319,1.319,1.319,1.319,1.325,1.325,4067.7,4067.7,4067.7,4067.7,4067.7,4067.7,4067.7,4067.7,4067.7,99.8,1502.2,3592.9,2099.1,3201.2,1401.1,1881.3,1521.2,1502.1,1442.2,751.7,860.6,1100.1,1322.7,929.1,1053.1,639.1,738.3,1502.2,33.5,51.3,50.0,78.0,33.3,45.1,36.1,35.8,34.1,17.5,20.2,25.8,31.4,21.2,24.8,14.8,17.2,78.0,33.5,37.9,58.0,56.6,88.3,37.7,51.0,40.8,40.5,38.6,19.8,22.9,29.2,35.5,24.0,28.0,16.8,19.4,37.9,40.8,40.8,40.8,40.8,40.8,40.8,40.8,40.8,40.8,0.0,81.3,88.0,96.1,86.3,84.1,72.7,78.4,75.2,69.6,18.7,12.0,3.9,13.7,15.9,27.3,21.6,24.8,30.4,0.0,0.0,0.0,0.0,0.0,0.0,0.0,0.0,0.0,1197.8,12.00,16,16,16,39,55,661,1,78.4,72.0,71.8,68.4,70.4,71.3,70.1,68.8,66.6,67.3,66.6,65.8,63.4,63.7,63.1,55.0,51.9,1.362,1.019,1.356,13.848,11.142,13.852,73.165,39.123,4.274,5.388,6.092,4.825,4.321,3.214,3.869,3.515,2.970,18.584,11.478,30.062,39.197,1197.8,1197.8,4083.1,4083.2,4082.9,4083.2,44.5,23.1,81.3,75.8,54.2,No,No,No,1.489,0.301,6.5,50,95.0,100.0,No,No,91293,99096,35,99.0,No,No,3320,0.1,0.1,0.2,0.120,0.106,79821,50403,0.0,0.0,0.0,0.000,0.000,52,0,48.2,62.6,83.0,0.719,12.140,12.187,12.158,12.075,1129,39.254,14.513,18.907,4.936,33.507,22.991,10.503,0.336,18.907,19.873,2.261,12.911,220.000,240.000,1185.0,1250.2,1050.0,1160.3,1140.0,39.0,10.0,0.0,2.0,27.9,3.7,15.0,0.0,0.0,0.0,33,Yes,No,No,No,No,Yes,No,17.6,20.6,0,0,0,0,0,0,0,0,0,9,0,0,0,0,0,0,0,0,0,0,0,0,0,0,0,0,0,0,0,0,5907,2285,2120,91,8.0,239.8,257.6,225.2,217.2,220.4,216.4,0.0,0.0,0.0,0.0,0.0,0.0,4.17,4.48,3.90,3.77,4.54,4.58,0.54,0.12,4.06,0.12,0.00,0,0,0.0,0.0,13577,1182,4.3,5.8,0,
8.7.2026,15:23:49.578,18545,27448,40.3,13508,19174,41.3,0.5,13312,70,1.328,1.319,1.319,1.331,1.331,1.331,1.331,1.331,1.331,4086.4,4067.7,4067.7,4092.6,4092.6,4092.6,4092.6,4092.6,4092.6,99.8,1396.3,3553.8,2115.7,3187.9,1228.9,1719.2,1387.9,1273.3,1389.6,664.8,702.3,1015.7,1145.9,866.5,922.2,573.1,593.7,1396.3,30.9,48.5,50.5,77.6,29.5,41.2,32.6,30.4,33.0,15.4,16.4,23.7,27.7,20.2,21.6,13.2,13.7,77.6,30.9,34.9,55.0,57.2,87.9,32.9,46.2,37.0,33.9,37.4,17.4,18.6,26.9,30.7,22.2,24.5,15.0,15.6,34.9,40.9,40.8,40.8,41.0,41.0,41.0,41.0,41.0,41.0,0.0,78.8,87.0,95.4,83.7,81.0,69.2,75.2,72.5,66.3,21.2,13.0,4.6,16.3,19.0,30.8,24.8,27.5,33.7,0.0,0.0,0.0,0.0,0.0,0.0,0.0,0.0,0.0,1197.8,12.00,16,16,16,39,55,661,1,75.9,72.2,73.5,68.1,70.7,71.3,69.6,68.4,66.2,66.8,66.1,65.4,63.2,63.6,62.9,56.2,52.4,1.344,1.031,1.344,13.473,11.051,13.463,70.910,38.479,4.195,5.663,6.180,4.642,4.152,3.052,3.674,3.384,2.815,18.110,11.384,29.494,38.594,1197.8,1197.8,4087.7,4088.2,4087.1,4088.2,43.9,22.4,78.8,76.0,53.8,No,No,No,1.377,0.277,6.3,50,95.0,100.0,No,No,91293,99096,35,99.0,No,No,3320,0.0,0.0,0.1,0.024,0.051,79822,50404,0.0,0.0,0.0,0.000,0.000,52,0,48.0,62.6,83.0,0.694,12.137,12.184,12.155,12.073,1131,37.987,14.046,17.463,4.618,32.951,23.240,9.701,0.336,17.463,20.453,2.070,12.166,220.000,240.000,1125.0,1250.2,990.0,1183.0,1080.0,41.0,9.0,0.0,2.0,27.9,3.4,13.8,0.0,0.0,0.0,33,Yes,No,No,No,No,Yes,No,17.2,21.9,0,0,0,0,0,0,0,0,0,9,0,0,0,0,0,0,0,0,0,0,0,0,0,0,0,0,0,0,0,0,5906,2286,2121,91,8.0,239.7,256.9,222.9,213.7,217.4,212.6,239.8,243.2,236.4,235.2,235.7,234.9,4.17,4.53,3.84,3.67,4.65,4.76,0.68,0.15,4.06,0.11,0.11,0,0,0.0,0.0,13577,1182,2.6,1.7,0,
8.7.2026,15:23:51.579,18543,27451,40.3,13500,19182,41.3,0.5,13312,70,1.323,1.344,1.325,1.319,1.319,1.319,1.319,1.319,1.319,4092.6,4092.6,4092.6,4092.6,4092.6,4092.6,4092.6,4092.6,4092.6,99.8,1431.5,3561.0,2102.0,2300.8,2139.5,1600.4,1645.0,1331.7,1392.6,735.3,750.2,1039.0,1214.7,884.8,991.1,583.7,632.1,1431.5,32.0,49.9,50.5,55.6,51.7,38.1,39.0,31.6,33.5,17.2,18.2,24.9,28.9,19.4,24.0,14.2,14.7,55.6,32.0,36.0,56.6,56.8,63.0,58.6,43.1,44.2,35.7,37.4,19.4,19.9,27.5,32.7,22.7,26.5,15.2,16.6,36.0,41.0,41.0,41.0,41.0,41.0,41.0,41.0,41.0,41.0,0.0,79.6,87.1,95.8,84.8,81.6,70.7,76.2,73.1,67.5,20.4,12.9,4.2,15.2,18.4,29.3,23.8,26.9,32.5,0.0,0.0,0.0,0.0,0.0,0.0,0.0,0.0,0.0,1197.8,12.00,16,16,16,39,55,661,1,73.9,72.1,70.2,68.2,70.6,71.4,70.0,68.5,66.4,67.1,66.3,65.5,63.3,63.7,63.0,55.0,51.7,1.356,1.025,1.356,13.744,11.086,13.751,71.636,39.011,4.239,5.563,6.172,4.758,4.199,3.133,3.780,3.437,2.870,18.488,11.423,29.911,39.046,1197.8,1197.8,4087.9,4088.3,4087.5,4088.3,44.4,22.9,79.6,75.9,54.3,No,No,No,1.478,0.314,6.4,50,95.0,100.0,No,No,91293,99096,35,99.0,No,No,3320,0.1,0.8,0.8,0.065,8.928,79822,50421,0.0,0.0,0.0,0.000,0.000,52,0,48.1,62.4,83.0,0.719,12.138,12.185,12.156,12.073,1132,38.976,13.699,17.540,4.119,32.212,22.456,9.744,0.336,17.540,19.136,2.235,11.673,220.000,240.000,1185.0,1250.2,1050.0,1132.6,1140.0,34.0,8.0,0.0,1.0,27.9,3.7,14.6,0.0,0.0,0.0,33,Yes,No,No,No,No,Yes,No,16.7,22.6,0,0,0,0,0,0,0,0,0,9,0,0,0,0,0,0,0,0,0,0,0,0,0,0,0,0,0,0,0,0,5906,2286,2121,91,8.0,239.8,258.9,222.2,204.1,211.5,201.2,239.8,242.2,237.2,236.0,236.5,235.8,4.17,4.56,3.88,3.61,4.77,4.95,0.61,0.12,4.06,0.11,0.10,0,0,0.0,0.0,13577,1182,2.9,2.2,0,
8.7.2026,15:23:53.575,18552,27441,40.3,13513,19169,41.3,0.5,13312,70,1.337,1.331,1.312,1.337,1.337,1.344,1.344,1.344,1.344,4089.5,4092.6,4067.7,4092.6,4092.6,4092.6,4092.6,4092.6,4092.6,99.8,1416.4,3526.7,2031.6,1260.8,3264.8,1376.7,1829.7,1479.8,1201.3,780.6,701.0,1305.3,878.5,988.7,824.5,620.7,591.8,1416.4,31.4,51.4,48.3,30.4,79.5,32.2,44.0,34.6,28.2,18.2,16.3,30.3,20.4,23.1,18.4,13.6,14.2,79.5,31.4,35.6,58.2,54.7,33.9,90.1,36.5,49.3,39.7,31.9,20.6,18.4,34.9,23.1,25.5,21.6,16.2,15.3,35.6,41.0,41.0,40.8,41.0,41.0,41.0,41.0,41.0,41.0,0.0,79.0,86.3,96.8,83.5,80.8,70.1,75.3,72.4,67.0,21.0,13.7,3.2,16.5,19.2,29.9,24.7,27.6,33.0,0.0,0.0,0.0,0.0,0.0,0.0,0.0,0.0,0.0,1197.8,12.00,16,16,16,39,55,661,1,73.1,72.0,71.8,68.0,70.3,71.4,69.6,68.3,66.3,66.8,66.1,65.5,63.2,63.6,62.9,55.0,52.2,1.344,1.038,1.337,13.583,11.063,13.579,71.104,38.701,4.200,5.480,6.251,4.674,4.101,3.123,3.703,3.388,2.880,18.263,11.400,29.663,38.778,1197.8,1197.8,4087.7,4088.3,4087.0,4088.3,44.1,22.6,79.0,75.8,54.2,No,No,No,1.415,0.306,6.3,50,95.0,100.0,No,No,91293,99096,35,99.0,No,No,3320,0.0,0.1,0.1,0.000,0.242,79822,50421,0.0,0.0,0.0,0.000,0.000,52,0,48.1,62.6,83.0,0.725,12.137,12.183,12.155,12.072,1128,39.865,14.412,19.439,5.092,33.888,23.070,10.799,0.336,19.439,19.877,2.327,9.854,220.000,240.000,1215.0,1250.2,1065.0,1210.6,1155.0,38.0,9.0,0.0,2.0,27.9,3.6,14.6,0.0,0.0,0.0,33,Yes,No,No,No,No,Yes,No,17.9,22.0,0,0,0,0,0,0,0,0,0,9,0,0,0,0,0,0,0,0,0,0,0,0,0,0,0,0,0,0,0,0,5905,2287,2122,91,8.0,239.8,255.6,223.0,215.9,218.2,215.7,239.8,242.4,237.5,225.8,232.2,222.6,4.17,4.54,3.84,3.58,4.58,4.63,0.63,0.16,4.06,0.11,0.10,0,0,0.0,0.0,13577,1182,2.6,2.7,0,
8.7.2026,15:23:55.588,18552,27442,40.3,13514,19167,41.3,0.5,13312,70,1.334,1.325,1.344,1.337,1.337,1.337,1.331,1.331,1.331,4089.5,4067.7,4092.6,4092.6,4092.6,4092.6,4092.6,4092.6,4092.6,99.8,1441.8,3496.7,2077.0,1222.3,3272.0,1383.0,1830.8,1449.0,1322.1,775.4,756.9,1226.7,1011.8,1009.4,832.7,667.4,734.8,1441.8,32.4,49.8,49.5,28.9,79.9,32.9,43.7,35.0,31.5,18.9,17.7,29.6,23.8,23.4,20.2,16.3,17.3,79.9,32.4,36.5,56.0,56.1,32.8,90.5,37.2,49.5,39.0,35.6,20.7,20.1,32.9,27.0,26.5,22.2,17.7,19.5,36.5,41.0,40.8,41.0,41.0,41.0,41.0,41.0,41.0,41.0,0.0,78.7,85.6,96.0,83.4,81.1,69.5,75.0,72.0,67.1,21.3,14.4,4.0,16.6,18.9,30.5,25.0,28.0,32.9,0.0,0.0,0.0,0.0,0.0,0.0,0.0,0.0,0.0,1197.8,12.00,16,16,16,39,55,661,1,72.8,71.9,69.5,68.2,70.3,71.3,69.7,68.7,66.3,67.0,66.2,65.7,63.3,63.6,63.0,53.2,51.7,1.344,1.025,1.344,13.637,11.075,13.640,70.837,38.796,4.203,5.438,6.162,4.650,4.205,3.141,3.731,3.366,2.927,18.340,11.412,29.752,38.877,1197.8,1197.8,4087.9,4088.6,4087.3,4088.6,44.2,22.7,78.7,75.7,54.3,No,No,No,1.441,0.301,6.3,50,95.0,100.0,No,No,91293,99096,35,99.0,No,No,3320,0.0,0.0,0.0,0.020,0.077,79822,50421,0.0,0.0,0.0,0.000,0.000,52,0,48.2,62.8,83.0,0.719,12.138,12.185,12.156,12.073,1134,39.276,14.340,18.956,4.801,33.673,23.120,10.531,0.336,18.956,19.849,2.351,10.829,220.000,240.000,1185.0,1250.2,1050.0,1179.9,1140.0,39.0,9.0,0.0,2.0,27.9,3.6,14.6,0.0,0.0,0.0,33,Yes,No,No,No,No,Yes,No,17.6,21.2,0,0,0,0,0,0,0,0,0,9,0,0,0,0,0,0,0,0,0,0,0,0,0,0,0,0,0,0,0,0,5905,2287,2122,91,8.0,239.8,259.8,219.4,209.6,213.4,208.6,239.8,242.1,237.0,235.8,236.4,235.4,4.17,4.65,3.81,3.58,4.83,4.99,0.57,0.16,4.05,0.12,0.12,0,0,0.0,0.0,13577,1182,5.6,5.9,0,
8.7.2026,15:23:57.575,18558,27436,40.3,13520,19161,41.3,0.5,13312,70,1.331,1.337,1.337,1.331,1.331,1.331,1.331,1.325,1.325,4092.6,4092.6,4092.6,4092.6,4092.6,4092.6,4092.6,4092.6,4092.6,99.8,1399.0,3462.4,2079.3,3122.0,1389.4,1646.9,1440.9,1446.5,1166.6,774.4,695.3,1211.5,914.0,952.9,779.4,666.8,635.4,1399.0,31.0,47.1,49.7,76.0,33.5,39.2,34.1,34.4,27.4,18.2,16.2,28.7,21.4,21.8,18.2,15.6,14.8,76.0,31.0,35.1,53.4,56.3,86.1,38.0,44.3,38.6,39.0,31.0,20.6,18.4,32.4,24.2,24.6,20.6,17.6,16.7,35.1,41.0,41.0,41.0,41.0,41.0,41.0,41.0,41.0,41.0,0.0,76.9,84.8,95.6,81.5,79.0,67.5,72.8,69.5,64.8,23.1,15.2,4.4,18.5,21.0,32.5,27.2,30.5,35.2,0.0,0.0,0.0,0.0,0.0,0.0,0.0,0.0,0.0,1197.8,12.00,16,16,16,39,55,661,1,72.5,71.9,71.5,67.9,70.0,71.3,69.3,68.2,66.1,66.7,66.0,65.6,63.1,63.4,62.8,56.2,52.0,1.337,1.031,1.344,13.384,11.060,13.388,69.237,38.416,4.130,5.344,6.207,4.547,4.042,3.086,3.604,3.295,2.914,17.992,11.393,29.385,38.508,1197.8,1197.8,4087.7,4088.1,4087.3,4088.5,43.8,22.3,76.9,75.7,54.3,No,No,No,1.456,0.297,6.2,50,95.0,100.0,No,No,91293,99096,35,99.0,No,No,3320,0.0,0.0,0.0,0.000,0.002,79822,50421,0.0,0.0,0.0,0.000,0.000,52,0,48.1,62.4,83.0,0.719,12.138,12.184,12.156,12.073,1128,39.014,14.746,19.532,5.117,33.904,23.035,10.850,0.336,19.532,19.825,2.285,13.041,220.000,240.000,1200.0,1250.2,1050.0,1160.2,1140.0,38.0,9.0,0.0,2.0,27.9,3.6,14.4,0.0,0.0,0.0,33,Yes,No,No,No,No,Yes,No,17.9,22.0,0,0,0,0,0,0,0,0,0,9,0,0,0,0,0,0,0,0,0,0,0,0,0,0,0,0,0,0,0,0,5905,2287,2122,91,8.0,239.7,260.6,223.4,217.5,219.7,217.1,239.8,242.8,237.0,235.8,236.4,235.6,4.17,4.53,3.77,3.54,4.56,4.61,0.59,0.07,4.06,0.11,0.12,0,0,0.0,0.0,13577,1182,4.4,5.8,0,
8.7.2026,15:23:59.579,18555,27439,40.3,13521,19161,41.3,0.5,13312,70,1.330,1.331,1.337,1.337,1.337,1.337,1.319,1.319,1.319,4092.6,4092.6,4092.6,4092.6,4092.6,4092.6,4092.6,4092.6,4092.6,99.8,1432.3,3559.0,2044.7,3244.5,1279.9,1838.5,1450.4,1572.6,1151.9,771.9,696.7,1316.5,918.9,1071.4,773.1,653.7,573.2,1432.3,31.8,50.4,48.8,78.9,30.3,43.9,34.2,37.4,26.9,18.1,16.2,31.2,21.5,24.8,17.9,15.2,13.2,78.9,31.8,36.0,57.1,55.2,89.4,34.4,49.7,38.8,42.3,30.5,20.5,18.3,35.4,24.3,28.1,20.3,17.2,14.9,36.0,41.0,41.0,41.0,41.0,41.0,41.0,41.0,41.0,41.0,0.0,79.9,87.1,95.8,85.8,82.0,70.6,76.9,73.7,67.5,20.1,12.9,4.2,14.2,18.0,29.4,23.1,26.3,32.5,0.0,0.0,0.0,0.0,0.0,0.0,0.0,0.0,0.0,1197.8,12.00,16,16,16,39,55,661,1,72.5,71.9,70.0,68.0,70.4,71.3,69.7,68.4,66.3,66.9,66.0,65.4,63.2,63.6,62.9,55.5,52.1,1.350,1.031,1.356,13.744,11.079,13.740,71.944,38.940,4.221,5.538,6.165,4.764,4.175,3.110,3.758,3.400,2.862,18.478,11.414,29.891,39.007,1197.8,1197.8,4087.9,4088.3,4087.5,4088.3,44.3,22.9,79.9,75.7,54.5,No,No,No,1.440,0.313,6.4,50,95.0,100.0,No,No,91293,99096,35,99.0,No,No,3320,0.0,0.0,0.0,0.012,0.071,79822,50421,0.0,0.0,0.0,0.000,0.000,52,0,48.0,62.6,83.0,0.719,12.141,12.187,12.159,12.076,1131,39.621,14.911,19.630,5.192,34.264,23.331,10.905,0.336,19.630,20.159,2.299,13.360,220.000,240.000,1200.0,1250.2,1050.0,1196.6,1140.0,37.0,9.0,0.0,2.0,27.9,3.7,14.7,0.0,0.0,0.0,33,Yes,No,No,No,No,Yes,No,18.2,21.6,0,0,0,0,0,0,0,0,0,9,0,0,0,0,0,0,0,0,0,0,0,0,0,0,0,0,0,0,0,0,5905,2287,2122,91,8.0,239.8,255.5,221.0,214.0,216.8,213.0,239.8,243.2,236.9,236.3,236.6,236.2,4.17,4.54,3.88,3.71,4.60,4.66,0.66,0.12,4.06,0.11,0.12,0,0,0.0,0.0,13577,1182,2.3,2.0,0,
8.7.2026,15:24:1.578,18558,27436,40.3,13526,19156,41.3,0.5,13312,70,1.301,1.331,1.312,1.294,1.294,1.294,1.294,1.294,1.294,4055.2,4092.6,4092.6,4042.7,4042.7,4042.7,4042.7,4042.7,4042.7,99.8,1456.9,3574.4,2136.9,2377.6,2115.9,1602.5,1608.7,1523.2,1252.4,793.4,762.5,1331.1,955.4,1051.9,853.5,718.7,653.0,1456.9,32.3,49.6,51.1,57.6,50.8,37.9,38.2,36.1,29.6,18.6,17.8,31.5,22.4,24.1,19.9,16.9,15.1,57.6,32.3,36.6,56.2,57.8,65.2,57.6,42.9,43.2,40.9,33.5,21.1,20.2,35.7,25.4,27.4,22.6,19.1,17.1,36.6,40.6,41.0,41.0,40.5,40.5,40.5,40.5,40.5,40.5,0.0,80.6,87.6,96.4,84.7,82.6,71.9,77.2,74.5,69.8,19.4,12.4,3.6,15.3,17.4,28.1,22.8,25.5,30.2,0.0,0.0,0.0,0.0,0.0,0.0,0.0,0.0,0.0,1197.8,12.00,16,16,16,39,55,661,1,72.5,72.5,75.0,68.6,70.8,71.4,70.0,68.7,67.1,67.4,66.7,66.4,63.4,63.7,63.1,53.5,51.8,1.331,1.019,1.337,14.282,11.082,14.281,72.516,39.645,4.338,5.623,6.158,4.741,4.268,3.342,3.866,3.526,3.181,19.196,11.421,30.616,39.740,1197.8,1197.8,4083.5,4083.6,4083.4,4083.6,45.2,23.8,80.6,76.3,55.1,No,No,No,1.443,0.322,6.4,50,95.0,100.0,No,No,91293,99096,35,99.0,No,No,3320,0.0,0.0,0.0,0.000,0.010,79822,50421,0.0,0.0,0.0,0.000,0.000,52,0,48.2,62.6,83.0,0.731,12.139,12.185,12.157,12.074,1129,40.384,14.836,19.581,5.106,34.052,23.158,10.878,0.336,19.581,19.910,2.354,13.408,220.000,240.000,1230.0,1250.2,1080.0,1227.2,1170.0,39.0,10.0,0.0,2.0,27.9,3.9,15.4,0.0,0.0,0.0,33,Yes,No,No,No,No,Yes,No,18.4,22.3,0,0,0,0,0,0,0,0,0,9,0,0,0,0,0,0,0,0,0,0,0,0,0,0,0,0,0,0,0,0,5905,2287,2122,91,8.0,239.8,256.9,222.4,206.2,212.4,204.9,239.8,242.0,237.4,236.7,237.0,236.6,4.17,4.57,3.83,3.55,4.72,4.85,0.60,0.04,4.06,0.11,0.11,0,0,0.0,0.0,13577,1182,3.4,1.9,0,
8.7.2026,15:24:3.581,18568,27426,40.3,13524,19158,41.3,0.5,13312,70,1.314,1.325,1.312,1.312,1.312,1.312,1.312,1.312,1.312,4080.1,4067.7,4067.7,4067.7,4067.7,4092.6,4092.6,4092.6,4092.6,99.8,1406.7,3591.5,1543.6,1333.8,3067.1,1492.6,1838.4,1471.1,1269.9,763.5,721.2,1403.3,861.1,1104.5,816.8,636.8,592.3,1406.7,31.6,59.9,36.1,31.5,74.9,35.1,43.7,34.8,29.8,17.7,16.7,33.2,19.9,25.4,18.9,14.7,13.5,74.9,31.6,35.9,67.9,41.0,35.8,84.8,39.9,49.6,39.4,33.9,20.1,19.0,37.6,22.6,28.9,21.5,16.7,15.4,35.9,40.9,40.8,40.8,40.8,40.8,41.0,41.0,41.0,41.0,0.0,81.2,87.9,96.0,86.5,83.2,72.8,78.2,75.6,69.3,18.8,12.1,4.0,13.5,16.8,27.2,21.8,24.4,30.7,0.0,0.0,0.0,0.0,0.0,0.0,0.0,0.0,0.0,1197.8,12.00,16,16,16,39,55,661,1,72.5,71.9,71.2,68.2,70.4,71.3,70.1,68.5,66.4,67.1,66.4,65.6,63.4,63.7,63.1,54.0,51.6,1.344,1.031,1.337,13.807,11.109,13.803,73.079,39.030,4.252,5.478,6.129,4.872,4.219,3.167,3.791,3.473,2.888,18.540,11.447,29.987,39.111,1197.8,1197.8,4085.4,4085.4,4085.4,4085.4,44.4,23.0,81.2,75.7,54.3,No,No,No,1.450,0.357,6.5,50,95.0,100.0,No,No,91293,99096,35,99.0,No,No,3320,0.0,0.0,0.0,0.000,0.010,79822,50421,0.0,0.0,0.0,0.000,0.000,52,0,48.2,62.6,83.0,0.731,12.134,12.180,12.153,12.070,1129,40.280,15.789,20.895,5.712,35.280,23.658,11.608,0.336,20.895,20.434,4.508,14.567,220.000,240.000,1245.0,1250.2,1080.0,1218.4,1170.0,40.0,10.0,0.0,2.0,27.9,4.0,15.8,0.0,0.0,0.0,33,Yes,No,No,No,No,Yes,No,18.7,22.1,0,0,0,0,0,0,0,0,0,9,0,0,0,0,0,0,0,0,0,0,0,0,0,0,0,0,0,0,0,0,5905,2287,2122,90,8.0,239.8,260.4,220.5,199.4,210.2,194.5,239.8,242.2,237.4,236.8,237.0,236.7,4.17,4.53,3.80,3.36,4.74,5.09,0.67,0.13,4.07,0.11,0.11,0,0,0.0,0.0,13577,1182,2.4,2.2,0,
8.7.2026,15:24:5.581,18574,27420,40.3,13531,19151,41.4,0.5,13312,70,1.317,1.325,1.312,1.312,1.325,1.325,1.312,1.312,1.312,4067.7,4067.7,4067.7,4067.7,4067.7,4067.7,4067.7,4067.7,4067.7,99.8,1441.7,3620.4,1582.6,1386.8,3094.2,1489.5,1891.8,1525.5,1282.9,762.2,752.8,1473.8,889.0,1118.1,823.4,714.0,659.9,1441.7,32.7,62.7,37.2,32.9,75.5,35.1,45.1,36.2,30.2,17.8,17.6,35.0,20.8,25.8,19.2,16.7,15.3,75.5,32.7,37.0,70.9,42.0,37.2,85.5,39.7,51.0,40.9,34.2,20.1,19.9,39.5,23.5,29.2,21.7,18.8,17.3,37.0,40.8,40.8,40.8,40.8,40.8,40.8,40.8,40.8,40.8,0.0,81.8,88.6,96.2,87.0,83.9,73.3,78.8,75.9,70.8,18.2,11.4,3.8,13.0,16.1,26.7,21.2,24.1,29.2,0.0,0.0,0.0,0.0,0.0,0.0,0.0,0.0,0.0,1197.8,12.00,16,16,16,39,55,661,1,72.4,72.0,72.0,68.3,70.7,71.2,70.2,68.5,66.4,67.2,66.4,65.7,63.4,63.7,63.1,54.0,51.3,1.344,1.031,1.337,14.081,11.134,14.084,73.645,39.433,4.300,5.738,6.087,4.895,4.257,3.142,3.829,3.493,2.959,18.905,11.471,30.377,39.521,1197.8,1197.8,4085.0,4085.0,4085.0,4085.0,44.9,23.5,81.8,75.8,54.8,No,No,No,1.502,0.417,6.5,50,95.0,100.0,No,No,91293,99096,35,99.0,No,No,3320,0.0,0.0,0.1,0.016,0.198,79822,50422,0.0,0.0,0.0,0.000,0.000,52,0,48.4,63.2,83.0,0.744,12.138,12.184,12.156,12.073,1132,45.421,16.035,22.036,6.056,35.848,23.590,12.242,0.336,22.036,20.198,3.897,14.113,220.000,240.000,1275.0,1250.2,1125.0,1346.9,1215.0,36.0,7.0,0.0,3.0,27.9,3.7,14.7,0.0,0.0,0.0,33,Yes,No,No,No,No,Yes,No,18.9,23.8,0,0,0,0,0,0,0,0,0,9,0,0,0,0,0,0,0,0,0,0,0,0,0,0,0,0,0,0,0,0,5905,2287,2122,91,8.0,239.8,257.9,221.3,202.4,211.0,198.8,0.0,0.0,0.0,0.0,0.0,0.0,4.17,4.54,3.84,3.45,4.78,5.10,0.41,0.27,4.05,0.12,0.00,0,0,0.0,0.0,13577,1182,2.8,2.2,0,
8.7.2026,15:24:7.591,18518,27476,40.2,13501,19180,41.3,0.5,13312,70,1.350,1.344,1.331,1.350,1.350,1.356,1.356,1.356,1.356,4114.5,4117.6,4092.6,4117.6,4117.6,4117.6,4117.6,4117.6,4117.6,99.8,1412.0,3577.4,1587.8,2938.9,1507.9,2052.9,1374.0,1330.9,1400.1,702.2,766.3,1058.9,1203.4,937.2,947.8,597.5,609.0,1412.0,31.8,59.1,37.3,71.4,36.0,49.0,32.5,31.4,33.1,16.2,17.9,24.8,28.5,21.2,22.2,13.7,14.0,71.4,31.8,36.0,66.9,42.3,80.8,40.8,55.6,36.8,35.6,37.5,18.4,20.2,28.1,32.2,24.1,25.2,15.6,15.9,36.0,41.2,41.2,41.0,41.2,41.2,41.2,41.2,41.2,41.2,0.0,80.7,87.6,95.4,86.9,82.4,72.3,77.3,74.8,69.1,19.3,12.4,4.6,13.1,17.6,27.7,22.7,25.2,30.9,0.0,0.0,0.0,0.0,0.0,0.0,0.0,0.0,0.0,1197.8,12.00,16,16,16,39,55,661,1,72.4,72.0,71.8,68.2,70.5,71.2,70.2,68.3,66.4,67.1,66.3,65.5,63.3,63.7,63.0,54.5,51.7,1.369,1.038,1.369,13.809,11.101,13.810,72.653,39.037,4.254,5.557,6.114,4.961,4.149,3.143,3.779,3.444,2.881,18.543,11.438,29.981,39.119,1197.8,1197.8,4085.1,4085.2,4084.9,4085.2,44.5,23.0,80.7,75.8,54.3,No,No,No,1.509,0.404,6.5,50,95.0,100.0,No,No,91293,99096,35,99.0,No,No,3320,0.0,0.0,0.0,0.000,0.022,79822,50422,0.0,0.0,0.0,0.000,0.000,52,0,48.4,63.2,83.0,0.750,12.138,12.184,12.157,12.073,1131,43.390,16.016,21.544,5.812,36.543,24.556,11.969,0.336,21.544,21.153,2.477,14.230,220.000,240.000,1290.0,1750.2,1140.0,1277.2,1230.0,36.0,6.0,0.0,2.0,27.9,3.9,15.5,0.0,0.0,0.0,33,Yes,No,No,No,No,Yes,No,20.2,24.2,0,0,0,0,0,0,0,0,0,9,0,0,0,0,0,0,0,0,0,0,0,0,0,0,0,0,0,0,0,0,5905,2287,2122,91,8.0,239.8,255.5,223.1,216.4,219.3,215.4,0.0,0.0,0.0,0.0,0.0,0.0,4.17,4.50,3.91,3.82,4.59,4.67,0.43,0.27,4.05,0.12,0.00,0,0,0.0,0.0,13577,1182,4.6,5.6,0,
8.7.2026,15:24:9.578,18519,27474,40.2,13501,19181,41.3,0.5,13312,70,1.319,1.337,1.319,1.319,1.319,1.319,1.312,1.312,1.312,4073.9,4117.6,4067.7,4067.7,4067.7,4067.7,4067.7,4067.7,4067.7,99.8,1396.0,3538.3,1563.4,3224.4,1228.9,1871.5,1410.0,1294.4,1447.1,693.1,802.9,1015.6,1215.9,862.7,961.8,549.8,655.9,1396.0,31.4,59.0,36.7,78.3,29.1,44.6,33.2,30.5,34.2,16.1,18.8,23.7,28.8,19.4,22.6,12.6,15.2,78.3,31.4,35.6,66.8,41.6,88.8,32.9,50.6,37.6,34.5,38.8,18.2,21.3,26.9,32.6,22.0,25.6,14.3,17.2,35.6,40.8,41.2,40.8,40.8,40.8,40.8,40.8,40.8,40.8,0.0,80.0,86.5,95.3,85.3,82.3,71.6,76.9,73.5,68.6,20.0,13.5,4.7,14.7,17.7,28.4,23.1,26.5,31.4,0.0,0.0,0.0,0.0,0.0,0.0,0.0,0.0,0.0,1197.8,12.00,16,16,16,39,55,661,1,72.2,71.9,70.2,68.1,70.2,71.3,69.8,68.5,66.3,66.9,66.1,65.4,63.3,63.6,62.9,55.0,51.9,1.350,1.044,1.356,13.898,11.073,13.899,71.996,39.138,4.241,5.525,6.186,4.801,4.243,3.157,3.758,3.396,2.862,18.696,11.409,30.105,39.236,1197.8,1197.8,4089.3,4089.6,4089.1,4089.6,44.6,23.2,80.0,75.7,54.9,No,No,No,1.444,0.399,6.4,50,95.0,100.0,No,No,91293,99096,35,99.0,No,No,3320,0.0,0.1,0.1,0.020,0.184,79822,50422,0.0,0.0,0.0,0.000,0.000,52,0,48.2,62.7,83.0,0.738,12.139,12.187,12.157,12.074,1129,42.328,14.570,19.805,5.301,34.052,23.038,11.002,0.336,19.805,19.896,2.473,9.993,220.000,240.000,1260.0,1250.2,1095.0,1284.4,1185.0,37.0,9.0,0.0,2.0,27.9,3.7,15.0,0.0,0.0,0.0,33,Yes,No,No,No,No,Yes,No,18.3,21.4,0,0,0,0,0,0,0,0,0,9,0,0,0,0,0,0,0,0,0,0,0,0,0,0,0,0,0,0,0,0,5905,2287,2122,91,8.0,239.8,256.9,224.0,216.1,218.8,215.7,0.0,0.0,0.0,0.0,0.0,0.0,4.17,4.52,3.88,3.71,4.56,4.60,0.50,0.30,4.06,0.12,0.00,0,0,0.0,0.0,13577,1182,2.3,2.2,0,
8.7.2026,15:24:11.576,18513,27480,40.2,13497,19185,41.2,0.5,13312,70,1.323,1.337,1.331,1.319,1.319,1.319,1.319,1.319,1.319,4070.8,4092.6,4067.7,4067.7,4067.7,4067.7,4067.7,4067.7,4067.7,99.8,1415.1,3595.4,1619.6,2609.4,1893.6,1772.4,1633.3,1258.0,1517.7,655.0,792.0,1056.3,1223.4,866.5,976.6,575.6,596.1,1415.1,31.8,59.0,38.0,63.2,45.5,42.2,38.7,29.6,35.9,15.2,18.6,24.8,29.0,19.6,22.9,13.3,13.7,63.2,31.8,36.0,66.8,42.9,71.6,51.5,47.8,43.7,33.5,40.6,17.2,20.9,28.0,32.7,22.1,25.9,15.0,15.5,36.0,40.8,41.0,40.8,40.8,40.8,40.8,40.8,40.8,40.8,0.0,81.2,88.0,96.1,87.3,83.5,72.3,78.1,75.0,69.0,18.8,12.0,3.9,12.7,16.5,27.7,21.9,25.0,31.0,0.0,0.0,0.0,0.0,0.0,0.0,0.0,0.0,0.0,1197.8,12.00,16,16,16,39,55,661,1,72.2,71.9,72.0,68.1,70.4,71.2,70.1,68.4,66.3,67.0,66.3,65.5,63.3,63.6,63.0,54.5,51.1,1.344,1.031,1.344,13.669,11.069,13.675,73.048,38.855,4.247,5.553,6.128,4.937,4.193,3.106,3.782,3.425,2.856,18.357,11.405,29.761,38.899,1197.8,1197.8,4085.8,4085.9,4085.6,4085.9,44.2,22.8,81.2,75.7,53.9,No,No,No,1.436,0.354,6.5,50,95.0,100.0,No,No,91293,99096,35,99.0,No,No,3320,0.0,0.0,0.0,0.016,0.084,79822,50422,0.0,0.0,0.0,0.000,0.000,52,0,48.2,62.7,83.0,0.731,12.135,12.181,12.153,12.071,1132,39.689,14.968,20.156,5.396,34.625,23.407,11.197,0.336,20.156,20.203,2.419,11.788,220.000,240.000,1245.0,1250.2,1080.0,1231.8,1170.0,39.0,10.0,0.0,2.0,27.9,3.8,15.0,0.0,0.0,0.0,33,Yes,No,No,No,No,Yes,No,18.0,22.7,0,0,0,0,0,0,0,0,0,9,0,0,0,0,0,0,0,0,0,0,0,0,0,0,0,0,0,0,0,0,5905,2287,2122,91,8.0,239.8,257.0,224.0,208.9,213.5,208.9,0.0,0.0,0.0,0.0,0.0,0.0,4.17,4.50,3.86,3.45,4.67,4.75,0.57,0.15,4.06,0.12,0.00,0,0,0.0,0.0,13577,1182,3.1,2.7,0,
8.7.2026,15:24:13.575,18518,27475,40.2,13501,19180,41.3,0.5,13312,70,1.337,1.344,1.337,1.337,1.337,1.337,1.337,1.331,1.331,4070.8,4092.6,4067.7,4067.7,4067.7,4067.7,4067.7,4067.7,4067.7,99.8,1383.8,3541.8,1568.6,1253.1,3121.3,1380.2,1865.4,1122.0,1585.4,625.8,798.9,1044.5,1169.4,828.1,988.0,612.1,635.5,1383.8,31.2,59.3,36.9,29.6,76.1,32.5,44.5,26.3,37.7,14.4,18.7,24.4,27.7,18.6,23.2,14.2,14.7,76.1,31.2,35.3,67.1,41.8,33.6,86.2,36.8,50.4,29.8,42.7,16.4,21.1,27.7,31.3,21.1,26.4,16.1,16.6,35.3,40.8,41.0,40.8,40.8,40.8,40.8,40.8,40.8,40.8,0.0,79.2,86.7,95.4,84.4,81.5,70.1,75.8,72.5,67.4,20.8,13.3,4.6,15.6,18.5,29.9,24.2,27.5,32.6,0.0,0.0,0.0,0.0,0.0,0.0,0.0,0.0,0.0,1197.8,12.00,16,16,16,39,55,661,1,72.2,71.6,71.0,67.9,70.2,71.0,69.7,68.3,66.1,66.9,65.9,65.4,63.2,63.5,62.9,55.5,51.7,1.356,1.025,1.375,13.579,11.070,13.572,71.298,38.661,4.175,5.434,6.056,4.714,4.157,3.096,3.736,3.336,2.872,18.249,11.406,29.655,38.768,1197.8,1197.8,4087.2,4087.8,4086.5,4087.8,44.1,22.6,79.2,75.4,54.5,No,No,No,1.486,0.318,6.3,50,95.0,100.0,No,No,91293,99096,35,99.0,No,No,3320,0.0,0.5,0.6,0.098,8.747,79822,50439,0.0,0.0,0.0,0.000,0.000,52,0,48.0,62.4,83.0,0.719,12.138,12.184,12.156,12.073,1129,39.917,14.535,18.962,4.947,33.707,23.157,10.534,0.336,18.962,20.023,2.242,12.484,220.000,240.000,1200.0,1250.2,1050.0,1241.3,1140.0,38.0,9.0,0.0,2.0,27.9,3.8,15.3,0.0,0.0,0.0,33,Yes,No,No,No,No,Yes,No,17.7,21.7,0,0,0,0,0,0,0,0,0,9,0,0,0,0,0,0,0,0,0,0,0,0,0,0,0,0,0,0,0,0,5905,2287,2122,91,8.0,239.8,255.9,218.4,210.1,213.1,209.6,238.7,243.4,236.6,135.3,178.4,120.1,4.17,4.68,3.85,3.69,4.74,4.78,0.70,0.12,4.06,0.11,0.11,0,0,0.0,0.0,13577,1182,2.1,1.2,0,
8.7.2026,15:24:15.575,18517,27476,40.2,13502,19179,41.3,0.5,13312,70,1.320,1.337,1.312,1.319,1.319,1.319,1.319,1.319,1.319,4070.8,4092.6,4067.7,4067.7,4067.7,4067.7,4067.7,4067.7,4067.7,99.8,1398.4,3531.9,1618.0,1358.7,3058.9,1371.2,1897.6,1101.5,1620.8,698.9,806.3,1043.6,1217.3,858.6,927.9,634.4,628.4,1398.4,31.5,57.7,38.1,32.3,74.5,32.4,45.3,25.8,38.7,16.3,19.0,24.5,28.9,19.4,21.9,14.8,14.6,74.5,31.5,35.7,65.4,43.1,36.5,84.4,36.6,51.3,29.2,43.8,18.4,21.5,27.7,32.7,22.0,24.7,16.6,16.5,35.7,40.8,41.0,40.8,40.8,40.8,40.8,40.8,40.8,40.8,0.0,79.2,86.4,95.3,84.9,81.5,70.4,75.5,72.3,67.6,20.8,13.6,4.7,15.1,18.5,29.6,24.5,27.7,32.4,0.0,0.0,0.0,0.0,0.0,0.0,0.0,0.0,0.0,1197.8,12.00,16,16,16,39,55,661,1,72.2,71.7,71.8,68.0,70.2,71.0,69.8,68.3,66.2,66.9,65.9,65.6,63.2,63.5,62.8,55.0,51.7,1.350,1.031,1.356,13.603,11.051,13.601,71.314,38.746,4.190,5.466,6.064,4.739,4.155,3.118,3.709,3.336,2.931,18.299,11.386,29.685,38.800,1197.8,1197.8,4089.1,4089.6,4088.6,4089.6,44.1,22.7,79.2,75.5,54.4,No,No,No,1.429,0.308,6.3,50,95.0,100.0,No,No,91293,99096,35,99.0,No,No,3320,0.0,0.0,0.0,0.000,0.008,79822,50439,0.0,0.0,0.0,0.000,0.000,52,0,48.0,62.6,83.0,0.725,12.136,12.182,12.154,12.072,1131,39.479,15.216,19.970,5.409,34.470,23.360,11.094,0.336,19.970,20.247,2.404,14.897,220.000,240.000,1215.0,1250.2,1065.0,1189.1,1155.0,40.0,10.0,0.0,2.0,27.9,3.8,15.3,0.0,0.0,0.0,33,Yes,No,No,No,No,Yes,No,17.9,21.2,0,0,0,0,0,0,0,0,0,9,0,0,0,0,0,0,0,0,0,0,0,0,0,0,0,0,0,0,0,0,5905,2287,2122,91,8.0,239.8,258.3,223.0,212.0,217.4,209.7,239.8,242.7,236.8,236.2,236.4,236.0,4.17,4.48,3.84,3.66,4.63,4.75,0.67,0.15,4.06,0.11,0.11,0,0,0.0,0.0,13577,1182,2.5,2.3,0,
8.7.2026,15:24:17.575,18516,27478,40.2,13498,19184,41.3,0.5,13312,70,1.318,1.325,1.325,1.319,1.319,1.319,1.312,1.312,1.312,4067.7,4067.7,4067.7,4067.7,4067.7,4067.7,4067.7,4067.7,4067.7,99.8,1474.4,3551.4,1711.6,2744.5,1727.1,1842.2,1572.7,1332.5,1479.0,803.6,908.7,1154.7,1224.8,1009.8,1005.9,810.7,711.3,1474.4,33.3,57.1,40.4,66.6,41.4,44.0,37.3,31.5,35.2,18.8,21.5,27.2,29.1,23.2,23.7,19.0,16.6,66.6,33.3,37.7,64.6,45.7,75.3,46.9,49.8,42.2,35.6,39.8,21.3,24.3,30.7,32.9,26.2,26.9,21.5,18.7,37.7,40.8,40.8,40.8,40.8,40.8,40.8,40.8,40.8,40.8,0.0,80.8,87.0,95.4,86.3,82.8,72.7,77.4,74.5,70.3,19.2,13.0,4.6,13.7,17.2,27.3,22.6,25.5,29.7,0.0,0.0,0.0,0.0,0.0,0.0,0.0,0.0,0.0,1197.8,12.00,16,16,16,39,55,661,1,72.2,72.5,72.2,68.6,70.4,71.0,70.3,68.8,67.1,67.6,66.8,66.5,63.3,63.6,63.0,55.8,51.9,1.331,1.031,1.331,14.245,11.054,14.248,72.722,39.517,4.361,5.445,6.039,4.931,4.285,3.429,3.947,3.589,3.224,19.113,11.391,30.504,39.630,1197.8,1197.8,4081.7,4081.8,4081.5,4081.8,45.0,23.7,80.8,76.3,54.6,No,No,No,1.417,0.305,6.5,50,95.0,100.0,No,No,91293,99096,35,99.0,No,No,3320,0.0,0.0,0.0,0.004,0.022,79822,50439,0.0,0.0,0.0,0.000,0.000,52,0,47.9,62.4,83.0,0.719,12.138,12.183,12.157,12.074,1131,39.944,15.088,20.198,5.592,34.829,23.580,11.221,0.336,20.198,20.558,2.237,12.134,220.000,240.000,1200.0,1250.2,1050.0,1209.8,1140.0,40.0,10.0,0.0,2.0,27.9,4.0,16.0,0.0,0.0,0.0,33,Yes,No,No,No,No,Yes,No,18.0,23.6,0,0,0,0,0,0,0,0,0,9,0,0,0,0,0,0,0,0,0,0,0,0,0,0,0,0,0,0,0,0,5905,2287,2122,91,8.0,239.7,258.4,219.8,209.6,212.3,209.1,239.8,242.6,237.2,236.7,236.9,236.6,4.17,4.53,3.87,3.51,4.72,4.89,0.66,0.05,4.05,0.12,0.11,0,0,0.0,0.0,13577,1182,4.9,6.0,0,
8.7.2026,15:24:19.591,18513,27481,40.2,13498,19184,41.3,0.5,13312,70,1.330,1.319,1.331,1.331,1.331,1.331,1.331,1.331,1.331,4080.1,4092.6,4092.6,4092.6,4092.6,4067.7,4067.7,4067.7,4067.7,99.8,1410.0,3511.1,1841.5,3042.8,1425.5,1898.1,1363.0,1328.9,1366.1,736.9,795.8,1012.4,1169.1,894.3,938.2,617.9,618.5,1410.0,31.4,51.5,43.6,73.8,33.9,45.5,32.0,31.4,32.3,17.2,18.8,23.8,27.6,20.2,22.1,14.3,14.4,73.8,31.4,35.5,58.3,49.4,83.7,38.4,51.5,36.2,35.5,36.6,19.4,21.2,26.9,31.2,22.9,25.0,16.2,16.2,35.5,40.9,41.0,41.0,41.0,41.0,40.8,40.8,40.8,40.8,0.0,79.4,85.9,95.2,85.6,81.7,70.5,75.7,73.0,67.5,20.6,14.1,4.8,14.4,18.3,29.5,24.3,27.0,32.5,0.0,0.0,0.0,0.0,0.0,0.0,0.0,0.0,0.0,1197.8,12.00,16,16,16,39,55,661,1,72.2,71.6,70.2,68.0,70.0,71.1,69.7,68.3,66.3,66.9,66.1,65.4,63.2,63.5,62.9,53.2,51.2,1.356,1.025,1.356,13.473,11.067,13.475,71.450,38.577,4.190,5.363,6.120,4.765,4.148,3.151,3.711,3.389,2.871,18.115,11.403,29.518,38.639,1197.8,1197.8,4087.5,4087.8,4087.3,4087.8,43.9,22.5,79.4,75.4,53.9,No,No,No,1.408,0.327,6.4,50,95.0,100.0,No,No,91293,99096,35,99.0,No,No,3320,0.0,0.0,0.0,0.008,0.057,79822,50439,0.0,0.0,0.0,0.000,0.000,52,0,48.4,63.2,83.0,0.756,12.136,12.181,12.154,12.071,1128,44.003,16.576,23.007,6.407,37.787,24.988,12.781,0.336,23.007,21.521,2.499,13.426,220.000,240.000,1320.0,1750.2,1155.0,1256.8,1245.0,39.0,8.0,0.0,2.0,27.9,4.4,17.6,0.0,0.0,0.0,33,Yes,No,No,No,No,Yes,No,20.6,26.2,0,0,0,0,0,0,0,0,0,9,0,0,0,0,0,0,0,0,0,0,0,0,0,0,0,0,0,0,0,0,5905,2287,2122,90,8.0,239.8,260.9,223.1,212.2,217.7,209.4,238.7,243.0,236.9,135.1,178.4,119.8,4.17,4.54,3.81,3.62,4.63,4.77,0.57,0.25,4.05,0.12,0.11,0,0,0.0,0.0,13577,1182,2.6,1.9,0,
8.7.2026,15:24:21.579,18515,27478,40.2,13499,19183,41.3,0.5,13312,70,1.339,1.350,1.344,1.331,1.337,1.337,1.337,1.337,1.337,4095.7,4117.6,4092.6,4092.6,4092.6,4092.6,4092.6,4092.6,4092.6,99.8,1401.5,3483.0,2040.2,2752.7,1733.6,1682.2,1565.4,1468.7,1154.0,748.5,658.8,1257.1,895.4,997.9,758.7,650.0,577.3,1401.5,31.0,47.7,48.6,66.8,41.3,40.0,37.2,34.9,27.1,17.6,15.4,29.8,21.0,22.9,17.6,15.1,13.4,66.8,31.0,35.1,54.1,55.0,75.8,46.8,45.3,42.1,39.5,30.7,19.8,17.4,33.7,23.7,25.9,20.0,17.1,15.1,35.1,41.0,41.2,41.0,41.0,41.0,41.0,41.0,41.0,41.0,0.0,78.6,85.2,95.6,84.8,80.6,69.3,75.0,72.1,65.9,21.4,14.8,4.4,15.2,19.4,30.7,25.0,27.9,34.1,0.0,0.0,0.0,0.0,0.0,0.0,0.0,0.0,0.0,1197.8,12.00,16,16,16,39,55,661,1,72.0,71.6,72.0,67.8,69.9,70.9,69.7,68.0,66.0,66.6,65.8,65.2,63.0,63.4,62.7,55.5,51.4,1.356,1.038,1.363,13.426,11.064,13.427,70.713,38.462,4.157,5.403,6.114,4.757,4.059,3.070,3.689,3.315,2.848,18.051,11.397,29.448,38.566,1197.8,1197.8,4089.4,4090.0,4088.8,4090.0,43.8,22.4,78.6,75.3,54.1,No,No,No,1.393,0.327,6.3,50,95.0,100.0,No,No,91293,99096,35,99.0,No,No,3320,0.0,0.0,0.0,0.000,0.018,79822,50439,0.0,0.0,0.0,0.000,0.000,52,0,48.6,63.6,83.0,0.762,12.134,12.178,12.153,12.070,1131,46.178,17.156,24.115,6.869,38.572,25.153,13.397,0.336,24.115,21.661,2.606,14.741,220.000,240.000,1335.0,1750.2,1170.0,1327.9,1260.0,36.0,7.0,0.0,2.0,27.9,4.2,16.8,0.0,0.0,0.0,33,Yes,No,No,No,No,Yes,No,20.3,25.0,0,0,0,0,0,0,0,0,0,9,0,0,0,0,0,0,0,0,0,0,0,0,0,0,0,0,0,0,0,0,5905,2287,2122,90,8.0,239.8,260.4,222.0,218.3,220.2,217.4,239.8,243.0,237.0,236.9,236.9,236.9,4.17,4.58,3.81,3.71,4.60,4.62,0.49,0.21,4.06,0.11,0.11,0,0,0.0,0.0,13577,1182,2.8,2.3,0,
8.7.2026,15:24:23.577,18512,27482,40.2,13498,19183,41.3,0.5,13312,70,1.318,1.337,1.319,1.319,1.319,1.312,1.312,1.312,1.312,4067.7,4067.7,4067.7,4067.7,4067.7,4067.7,4067.7,4067.7,4067.7,99.8,1399.1,3500.4,1966.8,1117.9,3311.7,1280.0,2006.7,1380.7,1269.0,716.8,675.9,1299.6,863.6,1014.7,788.8,628.7,564.8,1399.1,31.0,48.8,46.8,26.4,80.9,30.1,48.0,32.7,29.9,16.8,15.7,30.8,20.1,23.3,18.3,14.6,13.0,80.9,31.0,35.1,55.3,53.0,29.9,91.7,34.0,54.3,37.0,33.9,18.9,17.7,34.8,22.7,26.4,20.7,16.5,14.6,35.1,40.8,40.8,40.8,40.8,40.8,40.8,40.8,40.8,40.8,0.0,79.3,85.6,95.9,85.4,81.2,70.3,75.7,72.6,67.3,20.7,14.4,4.1,14.6,18.8,29.7,24.3,27.4,32.7,0.0,0.0,0.0,0.0,0.0,0.0,0.0,0.0,0.0,1197.8,12.00,16,16,16,39,55,661,1,72.0,71.6,72.2,67.8,69.9,71.0,69.7,68.1,66.0,66.6,65.9,65.2,63.1,63.4,62.8,55.8,52.2,1.350,1.038,1.344,13.495,11.069,13.489,71.335,38.608,4.183,5.354,6.177,4.869,4.096,3.100,3.672,3.376,2.820,18.145,11.404,29.549,38.662,1197.8,1197.8,4089.1,4089.5,4088.8,4089.5,43.9,22.5,79.3,75.4,54.1,No,No,No,1.434,0.326,6.3,50,95.0,100.0,No,No,91293,99096,35,99.0,No,No,3320,0.0,0.0,0.0,0.000,0.004,79822,50439,0.0,0.0,0.0,0.000,0.000,52,0,48.6,63.4,83.0,0.750,12.135,12.181,12.154,12.070,1132,44.544,16.714,23.163,6.371,37.908,25.022,12.868,0.336,23.163,21.449,2.477,14.387,220.000,240.000,1305.0,1750.2,1140.0,1294.0,1230.0,40.0,8.0,0.0,2.0,27.9,4.2,16.9,0.0,0.0,0.0,33,Yes,No,No,No,No,Yes,No,20.6,22.2,0,0,0,0,0,0,0,0,0,9,0,0,0,0,0,0,0,0,0,0,0,0,0,0,0,0,0,0,0,0,5905,2287,2122,91,8.0,239.8,258.7,222.3,211.6,217.0,208.9,239.8,243.6,236.5,233.6,235.1,232.9,4.17,4.55,3.86,3.65,4.67,4.75,0.52,0.24,4.06,0.11,0.11,0,0,0.0,0.0,13577,1182,2.5,1.8,0,
8.7.2026,15:24:25.575,18513,27481,40.2,13494,19188,41.2,0.5,13312,70,1.336,1.337,1.331,1.331,1.337,1.337,1.337,1.337,1.337,4092.6,4092.6,4092.6,4092.6,4092.6,4092.6,4092.6,4092.6,4092.6,99.8,1442.8,3520.0,1934.7,1272.8,3183.0,1320.4,2086.5,1452.9,1302.4,791.0,676.6,1474.4,920.5,1057.5,773.3,729.4,589.4,1442.8,32.1,50.9,45.9,30.0,77.5,30.9,50.0,34.4,30.7,18.4,15.6,35.0,21.4,24.2,17.9,16.9,13.5,77.5,32.1,36.4,57.7,52.0,34.1,87.9,35.1,56.6,39.0,34.8,20.9,17.7,39.7,24.3,27.5,20.3,19.2,15.3,36.4,41.0,41.0,41.0,41.0,41.0,41.0,41.0,41.0,41.0,0.0,80.5,86.1,95.6,86.6,82.4,71.7,78.4,74.0,69.1,19.5,13.9,4.4,13.4,17.6,28.3,21.6,26.0,30.9,0.0,0.0,0.0,0.0,0.0,0.0,0.0,0.0,0.0,1197.8,12.00,16,16,16,39,55,661,1,71.9,71.8,70.2,68.0,70.1,71.0,69.9,68.2,66.1,67.1,66.0,65.5,63.2,63.5,62.8,53.8,51.8,1.325,1.025,1.337,13.815,11.090,13.824,72.444,39.060,4.244,5.385,6.143,4.939,4.153,3.107,3.906,3.410,2.912,18.575,11.426,30.001,39.137,1197.8,1197.8,4089.0,4089.1,4088.8,4089.1,44.5,23.0,80.5,75.5,54.5,No,No,No,1.439,0.307,6.4,50,95.0,100.0,No,No,91293,99096,35,99.0,No,No,3320,0.0,0.3,0.3,0.000,0.427,79822,50440,0.0,0.0,0.0,0.000,0.000,52,0,48.3,63.2,83.0,0.738,12.135,12.181,12.154,12.071,1131,44.715,15.559,21.054,5.664,35.112,23.407,11.696,0.336,21.054,20.062,2.804,14.399,220.000,240.000,1260.0,1250.2,1095.0,1315.9,1185.0,37.0,9.0,0.0,2.0,27.9,3.8,15.3,0.0,0.0,0.0,33,Yes,No,No,No,No,Yes,No,18.5,22.7,0,0,0,0,0,0,0,0,0,9,0,0,0,0,0,0,0,0,0,0,0,0,0,0,0,0,0,0,0,0,5905,2287,2122,90,8.0,239.8,253.7,226.1,209.2,216.6,206.7,239.8,242.2,237.5,237.2,237.3,237.1,4.17,4.45,3.92,3.63,4.62,4.85,0.47,0.27,4.05,0.12,0.10,0,0,0.0,0.0,13577,1182,2.4,1.8,0,
8.7.2026,15:24:27.576,18515,27479,40.2,13496,19186,41.2,0.5,13312,70,1.338,1.337,1.337,1.337,1.337,1.337,1.337,1.337,1.337,4077.0,4092.6,4092.6,4092.6,4067.7,4067.7,4067.7,4067.7,4067.7,99.8,1365.4,3473.8,1939.4,2610.3,1851.3,1709.7,1450.5,1568.3,1109.1,723.0,552.1,1284.2,799.1,1037.7,652.1,583.3,503.1,1365.4,30.1,47.0,46.3,63.2,44.7,40.8,34.3,37.3,26.1,16.9,12.7,30.3,18.6,23.9,15.1,13.5,11.5,63.2,30.1,34.1,53.3,52.4,71.7,50.7,46.2,38.9,42.2,29.5,19.1,14.4,34.3,21.0,27.0,17.1,15.3,13.0,34.1,40.8,41.0,41.0,41.0,40.8,40.8,40.8,40.8,40.8,0.0,78.2,84.9,95.8,84.1,80.9,68.0,74.7,71.7,65.3,21.8,15.1,4.2,15.9,19.1,32.0,25.3,28.3,34.7,0.0,0.0,0.0,0.0,0.0,0.0,0.0,0.0,0.0,1197.8,12.00,16,16,16,39,55,661,1,71.9,71.9,69.8,67.8,69.9,71.3,69.7,68.1,65.8,66.5,65.7,65.2,63.0,63.4,62.7,55.5,51.9,1.331,1.025,1.344,13.460,11.048,13.460,70.353,38.509,4.145,5.319,6.282,4.752,4.106,2.978,3.636,3.314,2.770,18.111,11.383,29.494,38.607,1197.8,1197.8,4091.2,4091.9,4090.4,4091.9,43.9,22.4,78.2,75.7,54.4,No,No,No,1.401,0.315,6.3,50,95.0,100.0,No,No,91293,99096,35,99.0,No,No,3320,0.1,0.0,0.1,0.108,0.157,79822,50440,0.0,0.0,0.0,0.000,0.000,52,0,48.3,62.9,83.0,0.744,12.140,12.187,12.158,12.075,1131,41.517,15.535,21.300,5.679,35.172,23.317,11.833,0.336,21.300,19.890,2.901,13.622,220.000,240.000,1275.0,1250.2,1125.0,1241.5,1215.0,40.0,10.0,0.0,2.0,27.9,4.4,17.4,0.0,0.0,0.0,33,Yes,No,No,No,No,Yes,No,19.3,24.4,0,0,0,0,0,0,0,0,0,9,0,0,0,0,0,0,0,0,0,0,0,0,0,0,0,0,0,0,0,0,5905,2287,2122,90,8.0,239.8,255.8,219.4,200.4,209.3,196.6,237.7,242.5,236.5,119.8,143.4,119.8,4.17,4.56,3.88,3.48,4.79,5.09,0.67,0.20,4.06,0.11,0.11,0,0,0.0,0.0,13577,1182,4.6,5.6,0,
8.7.2026,15:24:29.581,18518,27475,40.2,13493,19189,41.2,0.5,13312,70,1.337,1.331,1.337,1.337,1.337,1.337,1.337,1.337,1.337,4092.6,4092.6,4092.6,4092.6,4092.6,4092.6,4092.6,4092.6,4092.6,99.8,1369.6,3465.5,1911.4,3053.1,1339.3,1864.1,1265.4,1616.9,980.0,765.8,577.3,1333.0,848.2,1056.3,659.2,665.1,512.6,1369.6,30.2,47.2,45.5,74.2,31.8,44.5,29.8,38.5,22.9,17.8,13.3,31.6,19.8,24.2,15.2,15.5,11.7,74.2,30.2,34.3,53.5,51.6,84.1,36.1,50.5,33.8,43.7,26.0,20.3,15.1,35.9,22.4,27.5,17.3,17.6,13.3,34.3,41.0,41.0,41.0,41.0,41.0,41.0,41.0,41.0,41.0,0.0,78.4,84.8,95.2,84.1,80.8,69.3,75.0,71.8,66.6,21.6,15.2,4.8,15.9,19.2,30.7,25.0,28.2,33.4,0.0,0.0,0.0,0.0,0.0,0.0,0.0,0.0,0.0,1197.8,12.00,16,16,16,39,55,661,1,71.9,71.6,72.0,67.7,69.7,71.1,69.4,68.0,65.8,66.6,65.7,65.2,63.0,63.3,62.7,55.2,51.2,1.350,1.038,1.344,13.598,11.065,13.591,70.583,38.723,4.138,5.297,6.160,4.676,4.104,3.038,3.718,3.297,2.813,18.284,11.401,29.685,38.788,1197.8,1197.8,4090.3,4090.7,4090.0,4090.7,44.1,22.7,78.4,75.4,55.1,No,No,No,1.386,0.312,6.3,50,95.0,100.0,No,No,91293,99096,35,99.0,No,No,3320,0.0,0.0,0.0,0.000,0.077,79822,50440,0.0,0.0,0.0,0.000,0.000,52,0,48.5,63.4,83.0,0.750,12.139,12.184,12.158,12.074,1128,44.698,16.765,23.069,6.433,38.103,25.271,12.816,0.336,23.069,21.807,2.426,14.320,220.000,240.000,1305.0,1750.2,1140.0,1286.0,1230.0,37.0,7.0,0.0,2.0,27.9,4.1,16.6,0.0,0.0,0.0,33,Yes,No,No,No,No,Yes,No,19.7,25.7,0,0,0,0,0,0,0,0,0,9,0,0,0,0,0,0,0,0,0,0,0,0,0,0,0,0,0,0,0,0,5905,2287,2122,90,8.0,239.7,260.3,224.5,212.3,216.5,211.8,239.8,242.5,237.7,236.9,237.2,236.9,4.17,4.47,3.80,3.59,4.61,4.72,0.51,0.22,4.06,0.11,0.12,0,0,0.0,0.0,13577,1182,2.4,2.2,0,
8.7.2026,15:24:31.575,18516,27478,40.2,13496,19186,41.2,0.5,13312,70,1.327,1.337,1.325,1.325,1.325,1.325,1.325,1.325,1.325,4070.8,4092.6,4067.7,4067.7,4067.7,4067.7,4067.7,4067.7,4067.7,99.8,1430.2,3569.6,1973.0,2738.3,1712.9,1805.0,1494.4,1637.3,1118.0,850.0,606.8,1426.8,874.5,1145.4,746.9,626.8,556.8,1430.2,31.8,52.1,46.8,66.4,41.1,42.9,35.3,38.9,26.2,20.0,14.0,33.8,20.4,26.5,17.3,14.5,12.8,66.4,31.8,36.0,59.0,53.0,75.2,46.5,48.6,39.9,44.0,29.6,22.6,15.8,38.3,23.0,30.0,19.5,16.4,14.5,36.0,40.8,41.0,40.8,40.8,40.8,40.8,40.8,40.8,40.8,0.0,80.9,87.3,95.6,86.1,83.6,72.2,78.1,75.2,69.3,19.1,12.7,4.4,13.9,16.4,27.8,21.9,24.8,30.7,0.0,0.0,0.0,0.0,0.0,0.0,0.0,0.0,0.0,1197.8,12.00,16,16,16,39,55,661,1,71.9,71.6,73.0,67.9,70.0,71.1,69.7,68.3,66.0,66.8,66.1,65.3,63.1,63.4,62.8,54.5,51.7,1.350,1.031,1.356,13.905,11.067,13.904,72.825,39.087,4.234,5.427,6.154,4.803,4.228,3.103,3.808,3.470,2.877,18.679,11.402,30.082,39.205,1197.8,1197.8,4088.1,4088.2,4088.0,4088.2,44.6,23.2,80.9,75.3,55.0,No,No,No,1.445,0.340,6.5,50,95.0,100.0,No,No,91293,99096,35,99.0,No,No,3320,0.0,0.0,0.0,0.000,0.002,79822,50440,0.0,0.0,0.0,0.000,0.000,52,0,48.1,62.7,83.0,0.725,12.143,12.191,12.161,12.078,1127,41.316,16.101,19.702,5.206,34.293,23.335,10.945,0.336,19.702,20.146,16.653,10.697,220.000,240.000,1245.0,1250.2,1080.0,1292.1,1155.0,41.0,9.0,0.0,2.0,27.9,3.6,14.3,0.0,0.0,0.0,33,Yes,No,No,No,No,Yes,No,18.2,22.1,0,0,0,0,0,0,0,0,0,9,0,0,0,0,0,0,0,0,0,0,0,0,0,0,0,0,0,0,0,0,5905,2287,2122,90,8.0,239.8,257.9,227.7,215.0,221.5,212.0,239.8,243.0,237.1,233.4,235.3,232.5,4.17,4.41,3.85,3.76,4.54,4.70,0.56,0.24,4.06,0.11,0.10,0,0,0.0,0.0,13577,1182,2.7,1.9,0,
8.7.2026,15:24:33.577,18524,27469,40.2,13515,19167,41.3,0.5,13312,70,1.322,1.325,1.319,1.319,1.325,1.325,1.325,1.319,1.319,4070.8,4092.6,4067.7,4067.7,4067.7,4067.7,4067.7,4067.7,4067.7,99.8,1486.8,3568.0,2055.6,1248.1,3139.9,1392.4,2091.0,1510.4,1356.0,856.5,749.2,1422.8,1012.0,1166.1,810.1,736.6,674.7,1486.8,33.3,51.7,49.1,29.6,76.7,32.9,50.2,35.9,32.2,20.2,17.6,33.8,23.9,27.1,18.9,17.2,15.8,76.7,33.3,37.6,58.4,55.5,33.4,86.7,37.1,56.7,40.6,36.3,22.7,19.8,38.1,26.9,30.5,21.3,19.4,17.7,37.6,40.8,41.0,40.8,40.8,40.8,40.8,40.8,40.8,40.8,0.0,81.2,87.5,95.3,86.8,83.4,72.9,78.3,75.1,70.3,18.8,12.5,4.7,13.2,16.6,27.1,21.7,24.9,29.7,0.0,0.0,0.0,0.0,0.0,0.0,0.0,0.0,0.0,1197.8,12.00,16,16,16,39,55,661,1,72.4,73.1,70.8,68.8,71.1,71.4,70.7,68.9,67.0,67.9,66.8,66.4,63.3,63.6,63.0,53.8,52.0,1.337,1.038,1.344,14.553,11.036,14.555,73.088,39.995,4.431,5.664,6.140,5.076,4.371,3.364,4.072,3.596,3.162,19.519,11.374,30.893,40.021,1197.8,1197.8,4079.8,4080.2,4079.5,4080.2,45.5,24.3,81.2,77.0,54.9,No,No,No,1.447,0.346,6.5,50,95.0,100.0,No,No,91293,99096,35,99.0,No,No,3320,0.0,0.0,0.0,0.000,0.006,79822,50440,0.0,0.0,0.0,0.000,0.000,52,0,48.0,62.4,83.0,0.738,12.139,12.186,12.156,12.073,1128,40.259,14.829,19.890,4.996,34.025,22.952,11.049,0.336,19.890,19.471,2.362,13.322,220.000,240.000,1260.0,1250.2,1095.0,1241.3,1185.0,31.0,7.0,0.0,1.0,27.9,3.8,15.0,0.0,0.0,0.0,33,Yes,No,No,No,No,Yes,No,17.9,21.7,0,0,0,0,0,0,0,0,0,9,0,0,0,0,0,0,0,0,0,0,0,0,0,0,0,0,0,0,0,0,5905,2287,2122,90,8.0,239.8,259.1,221.5,217.3,219.5,216.2,239.8,242.8,237.4,236.5,236.9,236.4,4.17,4.53,3.83,3.72,4.57,4.62,0.57,0.11,4.06,0.11,0.10,0,0,0.0,0.0,13577,1182,2.1,1.8,0,
8.7.2026,15:24:35.575,18517,27477,40.2,13492,19189,41.2,0.5,13312,70,1.329,1.337,1.325,1.325,1.325,1.325,1.331,1.331,1.331,4092.6,4092.6,4092.6,4092.6,4092.6,4092.6,4092.6,4092.6,4092.6,99.8,1432.0,3586.2,1744.7,1296.6,3107.8,1461.9,1920.6,1251.4,1499.3,728.7,787.1,1212.7,1106.4,942.1,973.6,650.6,642.5,1432.0,32.0,57.3,41.0,30.5,75.6,34.3,45.7,29.3,35.4,16.8,18.3,28.4,26.0,21.3,22.8,14.9,14.7,75.6,32.0,36.4,65.0,46.5,34.6,85.7,38.9,51.9,33.3,40.2,19.1,20.9,32.3,29.6,24.2,25.9,17.0,16.8,36.4,41.0,41.0,41.0,41.0,41.0,41.0,41.0,41.0,41.0,0.0,81.0,87.7,95.3,86.7,83.0,72.3,78.3,74.7,69.6,19.0,12.3,4.7,13.3,17.0,27.7,21.7,25.3,30.4,0.0,0.0,0.0,0.0,0.0,0.0,0.0,0.0,0.0,1197.8,12.00,16,16,16,39,55,661,1,72.4,71.8,70.2,68.1,70.4,71.1,70.1,68.4,66.3,66.9,66.1,65.4,63.2,63.6,62.9,55.5,51.6,1.350,1.025,1.356,13.852,11.050,13.847,72.856,38.986,4.265,5.554,6.089,4.920,4.223,3.171,3.806,3.449,2.904,18.621,11.386,30.006,39.123,1197.8,1197.8,4087.8,4087.8,4087.8,4087.8,44.5,23.1,81.0,75.5,54.4,No,No,No,1.399,0.310,6.5,50,95.0,100.0,No,No,91293,99096,35,99.0,No,No,3320,0.0,0.6,0.7,0.040,8.787,79822,50457,0.0,0.0,0.0,0.000,0.000,52,0,48.5,63.5,83.0,0.750,12.136,12.181,12.155,12.072,1128,44.306,16.873,23.320,6.602,38.275,25.302,12.955,0.336,23.320,21.897,2.437,14.287,220.000,240.000,1290.0,1750.2,1140.0,1278.8,1230.0,40.0,8.0,0.0,2.0,27.9,3.8,15.2,0.0,0.0,0.0,33,Yes,No,No,No,No,Yes,No,20.6,24.0,0,0,0,0,0,0,0,0,0,9,0,0,0,0,0,0,0,0,0,0,0,0,0,0,0,0,0,0,0,0,5905,2287,2122,90,8.0,239.8,256.8,225.6,219.1,222.6,217.3,0.0,0.0,0.0,0.0,0.0,0.0,4.17,4.49,3.89,3.68,4.53,4.56,0.41,0.29,4.06,0.11,0.00,0,0,0.0,0.0,13577,1182,2.5,2.3,0,
8.7.2026,15:24:37.576,18573,27421,40.3,13528,19153,41.3,0.5,13312,70,1.335,1.319,1.337,1.337,1.337,1.337,1.337,1.337,1.337,4095.7,4117.6,4092.6,4092.6,4092.6,4092.6,4092.6,4092.6,4092.6,99.8,1449.5,3594.1,1644.1,2455.3,2038.0,1865.1,1556.6,1380.0,1463.5,762.2,760.0,1118.0,1209.5,985.6,967.7,758.0,634.0,1449.5,32.8,61.1,38.7,59.4,49.1,44.5,36.7,32.6,34.7,17.7,17.8,26.2,28.7,22.4,22.8,17.7,14.6,61.1,32.8,37.1,69.1,43.8,67.2,55.6,50.3,41.6,36.9,39.3,20.1,20.1,29.6,32.5,25.4,25.8,20.0,16.6,37.1,41.0,41.2,41.0,41.0,41.0,41.0,41.0,41.0,41.0,0.0,80.7,88.0,95.3,86.1,82.9,71.5,77.3,74.4,69.8,19.3,12.0,4.7,13.9,17.1,28.5,22.7,25.6,30.2,0.0,0.0,0.0,0.0,0.0,0.0,0.0,0.0,0.0,1197.8,12.00,16,16,16,39,55,661,1,72.2,71.9,71.5,68.2,70.5,71.0,70.1,68.5,66.3,66.9,66.3,65.7,63.2,63.6,62.9,55.2,51.6,1.369,1.031,1.369,13.941,11.088,13.947,72.591,39.231,4.285,5.623,6.034,4.930,4.289,3.139,3.780,3.478,3.006,18.725,11.426,30.151,39.287,1197.8,1197.8,4085.4,4086.1,4084.8,4086.1,44.6,23.2,80.7,75.7,54.5,No,No,No,1.450,0.329,6.5,50,95.0,100.0,No,No,91293,99096,35,99.0,No,No,3320,0.3,0.0,0.3,0.688,0.006,79824,50457,0.0,0.0,0.0,0.000,0.000,52,0,48.1,62.8,83.0,0.738,12.138,12.185,12.156,12.073,1129,41.600,15.160,20.868,5.471,34.718,23.108,11.593,0.336,20.868,19.665,2.441,12.528,220.000,240.000,1260.0,1250.2,1095.0,1284.4,1185.0,38.0,9.0,0.0,2.0,28.0,3.9,15.5,0.0,0.0,0.0,33,Yes,No,No,No,No,Yes,No,18.4,22.6,0,0,0,0,0,0,0,0,0,9,0,0,0,0,0,0,0,0,0,0,0,0,0,0,0,0,0,0,0,0,5902,2290,2125,90,8.0,239.8,265.6,216.0,202.5,206.9,201.3,239.7,242.5,236.9,236.4,236.6,236.4,4.17,4.61,3.78,3.33,4.85,5.04,0.55,0.17,4.06,0.11,0.11,0,0,0.0,0.0,13577,1182,4.3,5.2,0,
8.7.2026,15:24:39.591,18575,27418,40.3,13531,19151,41.4,0.5,13312,70,1.333,1.312,1.325,1.337,1.337,1.337,1.337,1.337,1.337,4089.5,4067.7,4092.6,4092.6,4092.6,4092.6,4092.6,4092.6,4092.6,99.8,1357.0,3487.5,1547.8,3178.4,1299.1,1872.2,1262.1,1236.4,1368.1,719.9,717.6,1004.5,1096.5,877.8,869.6,574.8,600.4,1357.0,30.5,56.3,36.5,77.3,30.9,44.8,29.7,29.2,32.4,16.8,16.9,23.5,25.9,20.0,20.5,13.3,14.0,77.3,30.5,34.5,63.8,41.3,87.6,35.0,50.7,33.6,33.0,36.8,19.0,19.0,26.6,29.4,22.6,23.2,15.0,15.7,34.5,41.0,40.8,41.0,41.0,41.0,41.0,41.0,41.0,41.0,0.0,77.4,85.3,95.5,82.8,79.2,67.9,73.2,70.1,64.7,22.6,14.7,4.5,17.2,20.8,32.1,26.8,29.9,35.3,0.0,0.0,0.0,0.0,0.0,0.0,0.0,0.0,0.0,1197.8,12.00,16,16,16,39,55,661,1,72.1,71.8,71.2,67.8,70.1,71.1,69.6,68.1,66.0,66.6,65.8,65.1,63.1,63.4,62.7,56.0,52.0,1.337,1.031,1.337,13.316,11.036,13.320,69.618,38.330,4.140,5.419,6.185,4.682,4.041,3.076,3.604,3.316,2.802,17.920,11.369,29.290,38.409,1197.8,1197.8,4091.0,4091.6,4090.3,4091.6,43.6,22.2,77.4,75.6,53.9,No,No,No,1.395,0.342,6.2,50,95.0,100.0,No,No,91293,99096,35,99.0,No,No,3320,0.4,0.0,0.4,0.450,0.085,79825,50457,0.0,0.0,0.0,0.000,0.000,52,0,47.9,62.4,83.0,0.731,12.141,12.188,12.158,12.076,1132,40.414,14.495,19.621,5.131,34.007,23.089,10.900,0.336,19.621,19.849,2.430,9.965,220.000,240.000,1230.0,1250.2,1080.0,1258.5,1170.0,39.0,9.0,0.0,2.0,28.0,3.6,14.5,0.0,0.0,0.0,33,Yes,No,No,No,No,Yes,No,17.9,22.0,0,0,0,0,0,0,0,0,0,9,0,0,0,0,0,0,0,0,0,0,0,0,0,0,0,0,0,0,0,0,5901,2291,2126,90,8.0,239.8,263.4,221.6,219.6,220.2,219.4,239.8,243.1,237.0,236.1,236.5,235.9,4.17,4.54,3.77,3.64,4.55,4.56,0.61,0.12,4.06,0.11,0.12,0,0,0.0,0.0,13577,1182,3.0,2.3,0,
8.7.2026,15:24:41.597,18579,27415,40.3,13530,19152,41.3,0.5,13312,70,1.340,1.350,1.344,1.337,1.337,1.337,1.337,1.337,1.337,4095.7,4117.6,4092.6,4092.6,4092.6,4092.6,4092.6,4092.6,4092.6,99.8,1383.1,3514.6,1564.0,3000.4,1474.3,1790.4,1398.8,1314.1,1377.1,775.8,759.9,1064.0,1104.5,949.0,839.0,641.1,563.3,1383.1,31.1,58.3,36.8,72.8,34.8,42.8,32.9,31.0,32.6,18.1,17.8,24.9,26.1,21.6,19.6,14.9,13.0,72.8,31.1,35.3,66.1,41.7,82.6,39.5,48.5,37.3,35.2,36.9,20.5,20.2,28.2,29.5,24.5,22.2,16.8,14.7,35.3,41.0,41.2,41.0,41.0,41.0,41.0,41.0,41.0,41.0,0.0,78.7,86.0,95.4,83.9,81.1,70.0,75.0,72.0,66.2,21.3,14.0,4.6,16.1,18.9,30.0,25.0,28.0,33.8,0.0,0.0,0.0,0.0,0.0,0.0,0.0,0.0,0.0,1197.8,12.00,16,16,16,39,55,661,1,72.1,71.6,72.2,67.8,70.0,70.8,69.5,68.0,66.1,66.6,65.9,65.2,63.0,63.4,62.7,55.0,51.9,1.362,1.025,1.356,13.479,11.080,13.476,70.814,38.575,4.166,5.463,6.050,4.690,4.104,3.146,3.678,3.351,2.843,18.129,11.414,29.543,38.658,1197.8,1197.8,4089.5,4090.0,4089.0,4090.0,43.9,22.5,78.7,75.3,54.2,No,No,No,1.423,0.349,6.3,50,95.0,100.0,No,No,91293,99096,35,99.0,No,No,3320,0.3,0.0,0.3,0.486,0.046,79825,50457,0.0,0.0,0.0,0.000,0.000,52,0,47.9,62.4,83.0,0.719,12.141,12.188,12.158,12.075,1131,39.840,14.702,18.996,4.997,33.800,23.221,10.553,0.336,18.996,20.140,2.345,13.639,220.000,240.000,1200.0,1250.2,1050.0,1227.5,1140.0,40.0,9.0,0.0,2.0,28.0,3.6,14.5,0.0,0.0,0.0,33,Yes,No,No,No,No,Yes,No,17.8,21.0,0,0,0,0,0,0,0,0,0,9,0,0,0,0,0,0,0,0,0,0,0,0,0,0,0,0,0,0,0,0,5899,2293,2128,90,8.0,239.8,263.0,221.4,213.5,216.9,212.4,239.8,242.9,236.9,225.1,231.6,221.9,4.17,4.55,3.78,3.77,4.63,4.71,0.61,0.14,4.06,0.11,0.12,0,0,0.0,0.0,13577,1182,2.6,2.5,0,
8.7.2026,15:24:43.600,18576,27417,40.3,13533,19149,41.4,0.5,13312,70,1.331,1.337,1.331,1.331,1.312,1.331,1.331,1.337,1.337,4092.6,4092.6,4092.6,4092.6,4092.6,4092.6,4092.6,4092.6,4092.6,99.8,1416.7,3598.3,1599.3,1358.2,3089.0,1472.0,1943.7,1226.2,1539.3,708.0,764.9,1121.8,1136.1,936.3,927.5,624.1,623.3,1416.7,31.8,59.8,37.4,32.1,75.3,34.6,46.2,28.7,36.4,16.3,17.8,26.1,26.8,21.1,21.6,14.4,14.3,75.3,31.8,36.1,67.8,42.4,36.4,85.3,39.3,52.4,32.5,41.2,18.6,20.2,29.7,30.4,23.9,24.5,16.3,16.3,36.1,41.0,41.0,41.0,41.0,41.0,41.0,41.0,41.0,41.0,0.0,81.2,88.0,96.1,87.1,83.4,72.6,78.1,74.8,69.4,18.8,12.0,3.9,12.9,16.6,27.4,21.9,25.2,30.6,0.0,0.0,0.0,0.0,0.0,0.0,0.0,0.0,0.0,1197.8,12.00,16,16,16,39,55,661,1,72.1,71.7,72.0,68.0,70.1,70.9,70.1,68.3,66.1,66.7,66.0,65.3,63.1,63.5,62.8,55.0,52.2,1.350,1.031,1.344,13.891,11.091,13.892,73.068,39.141,4.263,5.517,6.065,5.012,4.251,3.151,3.785,3.417,2.904,18.682,11.427,30.109,39.237,1197.8,1197.8,4089.2,4089.5,4089.0,4089.5,44.6,23.2,81.2,75.5,54.6,No,No,No,1.442,0.357,6.5,50,95.0,100.0,No,No,91293,99096,35,99.0,No,No,3320,0.0,0.1,0.1,0.000,0.125,79825,50458,0.0,0.0,0.0,0.000,0.000,52,0,47.9,62.3,83.0,0.719,12.140,12.188,12.158,12.075,1129,39.688,15.082,19.908,5.387,34.420,23.340,11.059,0.336,19.908,20.227,2.276,13.958,220.000,240.000,1215.0,1250.2,1065.0,1183.4,1155.0,40.0,9.0,0.0,2.0,28.0,3.8,15.0,0.0,0.0,0.0,33,Yes,No,No,No,No,Yes,No,18.2,22.3,0,0,0,0,0,0,0,0,0,9,0,0,0,0,0,0,0,0,0,0,0,0,0,0,0,0,0,0,0,0,5899,2293,2128,90,8.0,239.8,257.5,222.7,213.8,218.2,211.5,0.0,0.0,0.0,0.0,0.0,0.0,4.17,4.50,3.87,3.70,4.59,4.70,0.59,0.09,4.06,0.11,0.00,0,0,0.0,0.0,13577,1182,2.7,1.9,0,
8.7.2026,15:24:45.597,18582,27412,40.4,13530,19151,41.4,0.5,13312,70,1.336,1.325,1.344,1.331,1.337,1.337,1.337,1.337,1.337,4092.6,4092.6,4092.6,4092.6,4092.6,4092.6,4092.6,4092.6,4092.6,99.8,1479.3,3605.1,1649.6,1400.3,3112.6,1535.8,1915.5,1273.5,1665.7,765.3,905.4,1202.2,1156.9,977.4,1060.9,709.0,734.0,1479.3,33.6,60.5,38.9,33.4,75.9,36.3,45.7,30.1,39.8,17.9,21.5,28.3,27.3,22.3,25.1,16.6,17.2,75.9,33.6,37.9,68.4,43.9,37.7,85.9,41.1,51.7,34.0,45.0,20.2,24.2,32.0,30.9,25.2,28.4,18.7,19.4,37.9,41.0,41.0,41.0,41.0,41.0,41.0,41.0,41.0,41.0,0.0,81.9,88.2,96.2,87.1,84.2,73.4,79.1,76.2,70.8,18.1,11.8,3.8,12.9,15.8,26.6,20.9,23.8,29.2,0.0,0.0,0.0,0.0,0.0,0.0,0.0,0.0,0.0,1197.8,12.00,16,16,16,39,55,661,1,72.2,72.1,72.5,68.3,70.4,71.3,70.1,68.7,66.6,67.1,66.4,65.8,63.2,63.6,62.9,54.2,52.0,1.362,1.038,1.369,14.178,11.133,14.177,73.711,39.629,4.345,5.587,6.128,4.926,4.374,3.283,3.864,3.558,3.043,19.053,11.471,30.524,39.656,1197.8,1197.8,4086.6,4086.9,4086.4,4086.9,45.1,23.6,81.9,75.9,54.6,No,No,No,1.529,0.341,6.6,50,95.0,100.0,No,No,91293,99096,35,99.0,No,No,3320,0.0,0.0,0.0,0.000,0.010,79825,50458,0.0,0.0,0.0,0.000,0.000,52,0,47.8,62.1,83.0,0.719,12.138,12.186,12.156,12.073,1128,39.334,13.870,18.477,4.509,32.870,22.589,10.264,0.336,18.477,19.244,2.322,9.614,220.000,240.000,1200.0,1250.2,1050.0,1212.3,1140.0,36.0,8.0,0.0,2.0,28.0,3.6,14.3,0.0,0.0,0.0,33,Yes,No,No,No,No,Yes,No,17.1,21.8,0,0,0,0,0,0,0,0,0,9,0,0,0,0,0,0,0,0,0,0,0,0,0,0,0,0,0,0,0,0,5899,2293,2128,90,8.0,239.8,264.3,217.8,207.1,210.5,205.6,0.0,0.0,0.0,0.0,0.0,0.0,4.17,4.60,3.82,3.59,4.77,4.83,0.52,0.20,4.05,0.12,0.00,0,0,0.0,0.0,13577,1182,3.0,2.3,0,
8.7.2026,15:24:47.603,18578,27416,40.3,13530,19152,41.4,0.5,13312,70,1.316,1.319,1.325,1.312,1.312,1.319,1.312,1.312,1.312,4052.1,4042.7,4042.7,4042.7,4042.7,4042.7,4067.7,4067.7,4067.7,99.8,1413.7,3615.1,1636.7,2244.2,2170.0,1728.5,1582.9,1266.3,1484.1,718.0,791.2,1072.1,1165.7,953.2,925.4,627.0,638.4,1413.7,31.8,60.1,38.5,54.2,52.4,41.1,37.5,29.8,35.0,16.7,18.5,24.8,27.4,21.6,21.6,14.4,14.7,60.1,31.8,36.0,68.2,43.7,61.4,59.4,46.6,42.5,33.8,39.7,19.0,21.0,28.2,31.1,24.5,24.5,16.4,16.6,36.0,40.6,40.5,40.5,40.5,40.5,40.5,40.8,40.8,40.8,0.0,80.8,88.4,96.0,86.2,83.0,71.9,77.7,74.5,68.9,19.2,11.6,4.0,13.8,17.0,28.1,22.3,25.5,31.1,0.0,0.0,0.0,0.0,0.0,0.0,0.0,0.0,0.0,1197.8,12.00,16,16,16,39,55,661,1,72.2,72.1,76.5,68.1,70.5,71.4,70.0,68.4,66.4,66.9,66.2,65.5,63.2,63.5,62.9,55.2,52.2,1.306,1.025,1.319,13.864,11.140,13.854,72.753,39.058,4.272,5.602,6.143,4.837,4.245,3.166,3.781,3.454,2.950,18.647,11.480,30.126,39.243,1197.8,1197.8,4089.1,4089.4,4088.7,4089.4,44.6,23.1,80.8,75.9,54.4,No,No,No,1.494,0.368,6.5,50,95.0,100.0,No,No,91293,99096,35,99.0,No,No,3320,0.0,0.0,0.1,0.040,0.098,79826,50458,0.0,0.0,0.0,0.000,0.000,52,0,47.8,62.2,83.0,0.719,12.138,12.186,12.156,12.073,1131,39.266,14.489,19.028,4.740,33.550,22.963,10.571,0.336,19.028,19.603,2.422,12.644,220.000,240.000,1200.0,1250.2,1050.0,1183.5,1140.0,40.0,9.0,0.0,2.0,28.0,3.7,15.0,0.0,0.0,0.0,33,Yes,No,No,No,No,Yes,No,17.6,23.1,0,0,0,0,0,0,0,0,0,9,0,0,0,0,0,0,0,0,0,0,0,0,0,0,0,0,0,0,0,0,5899,2293,2128,90,8.0,239.8,258.4,223.1,212.2,216.4,211.0,239.8,242.7,237.3,236.0,236.6,235.7,4.17,4.48,3.81,3.71,4.60,4.72,0.66,0.09,4.06,0.11,0.10,0,0,0.0,0.0,13577,1182,4.6,6.3,0,
8.7.2026,15:24:49.599,18577,27417,40.3,13532,19150,41.4,0.5,13312,70,1.316,1.337,1.312,1.312,1.312,1.312,1.312,1.312,1.312,4070.8,4092.6,4067.7,4067.7,4067.7,4067.7,4067.7,4067.7,4067.7,99.8,1476.1,3587.1,1609.1,3167.2,1276.6,2063.2,1395.2,1689.3,1325.4,858.2,782.9,1392.6,920.2,1173.0,836.1,786.1,755.7,1476.1,33.5,61.1,37.9,77.2,30.3,49.4,32.8,40.3,31.3,20.0,18.3,33.2,21.5,27.1,19.5,18.3,17.7,77.2,33.5,37.9,69.1,42.9,87.2,34.3,55.9,37.2,45.6,35.5,22.7,20.8,37.5,24.4,30.8,22.1,20.7,20.1,37.9,40.8,41.0,40.8,40.8,40.8,40.8,40.8,40.8,40.8,0.0,81.6,88.0,95.6,86.6,83.9,73.6,78.0,75.9,71.3,18.4,12.0,4.4,13.4,16.1,26.4,22.0,24.1,28.7,0.0,0.0,0.0,0.0,0.0,0.0,0.0,0.0,0.0,1197.8,12.00,16,16,16,39,55,661,1,72.6,73.0,71.2,68.8,70.8,71.4,70.4,69.2,67.1,67.3,67.0,66.8,63.3,63.6,63.0,55.2,51.4,1.331,1.031,1.344,14.411,11.132,14.418,73.454,39.934,4.413,5.656,6.096,4.989,4.463,3.378,3.811,3.623,3.291,19.326,11.473,30.799,39.940,1197.8,1197.8,4079.0,4079.3,4078.7,4079.3,45.4,24.0,81.6,76.8,54.5,No,No,No,1.473,0.380,6.5,50,95.0,100.0,No,No,91293,99096,35,99.0,No,No,3320,0.0,0.0,0.0,0.000,0.053,79826,50458,0.0,0.0,0.0,0.000,0.000,52,0,48.0,62.8,83.0,0.750,12.136,12.183,12.154,12.071,1129,41.931,15.506,21.244,5.543,36.293,24.468,11.802,0.336,21.244,20.937,2.449,10.748,220.000,240.000,1290.0,1750.2,1140.0,1225.2,1230.0,37.0,7.0,0.0,2.0,28.0,3.6,14.5,0.0,0.0,0.0,33,Yes,No,No,No,No,Yes,No,19.2,22.3,0,0,0,0,0,0,0,0,0,9,0,0,0,0,0,0,0,0,0,0,0,0,0,0,0,0,0,0,0,0,5899,2293,2128,90,8.0,239.8,257.1,221.1,218.6,219.4,218.4,239.8,242.6,237.2,235.7,236.4,235.4,4.17,4.50,3.86,3.70,4.52,4.55,0.48,0.30,4.06,0.11,0.11,0,0,0.0,0.0,13577,1182,2.7,1.7,0,
8.7.2026,15:24:51.593,18574,27420,40.3,13530,19151,41.4,0.5,13312,70,1.343,1.337,1.344,1.344,1.344,1.344,1.344,1.344,1.344,4092.6,4092.6,4092.6,4092.6,4092.6,4092.6,4092.6,4092.6,4092.6,99.8,1399.7,3545.2,1681.0,2976.7,1434.0,1885.9,1398.5,1582.9,1137.3,820.9,640.0,1385.2,863.3,1127.0,720.9,622.9,573.4,1399.7,31.4,56.1,39.7,72.3,34.2,45.1,33.0,37.8,26.7,19.4,15.0,32.9,20.2,26.1,16.8,14.5,13.3,72.3,31.4,35.5,63.5,44.8,81.9,38.6,50.9,37.2,42.7,30.1,21.8,16.8,37.2,22.7,29.5,18.9,16.3,14.9,35.5,41.0,41.0,41.0,41.0,41.0,41.0,41.0,41.0,41.0,0.0,80.4,86.8,95.1,85.9,82.6,72.2,77.7,74.2,68.6,19.6,13.2,4.9,14.1,17.4,27.8,22.3,25.8,31.4,0.0,0.0,0.0,0.0,0.0,0.0,0.0,0.0,0.0,1197.8,12.00,16,16,16,39,55,661,1,72.4,71.7,70.8,67.9,70.2,70.8,69.8,68.1,66.1,66.8,66.1,65.3,63.2,63.5,62.8,56.0,51.4,1.350,1.031,1.356,13.836,11.076,13.837,72.326,38.992,4.185,5.410,5.951,4.813,4.180,3.120,3.768,3.412,2.830,18.578,11.411,29.989,39.107,1197.8,1197.8,4086.7,4086.9,4086.6,4086.9,44.4,23.1,80.4,75.4,55.3,No,No,No,1.369,0.291,6.4,50,95.0,100.0,No,No,91293,99096,35,99.0,No,No,3320,0.0,0.0,0.0,0.000,0.018,79826,50458,0.0,0.0,0.0,0.000,0.000,52,0,47.8,62.5,83.0,0.713,12.139,12.186,12.157,12.074,1132,40.110,14.362,19.108,5.021,33.892,23.266,10.615,0.336,19.108,20.153,2.143,9.973,220.000,240.000,1185.0,1250.2,1050.0,1255.5,1140.0,40.0,10.0,0.0,2.0,28.0,3.6,14.2,0.0,0.0,0.0,33,Yes,No,No,No,No,Yes,No,17.8,22.4,0,0,0,0,0,0,0,0,0,9,0,0,0,0,0,0,0,0,0,0,0,0,0,0,0,0,0,0,0,0,5898,2294,2129,90,8.0,239.7,255.2,223.1,217.8,219.7,217.5,239.8,242.1,237.4,235.3,236.2,235.1,4.17,4.53,3.90,3.75,4.58,4.60,0.58,0.26,4.06,0.11,0.10,0,0,0.0,0.0,13577,1182,2.4,2.2,0,
8.7.2026,15:24:53.599,18577,27417,40.3,13532,19150,41.4,0.5,13312,70,1.320,1.325,1.319,1.319,1.319,1.319,1.319,1.319,1.319,4064.5,4067.7,4067.7,4042.7,4067.7,4067.7,4067.7,4067.7,4067.7,99.8,1427.1,3571.6,2131.9,1185.0,3279.6,1276.8,1956.8,1396.1,1357.2,741.6,700.0,1291.5,932.9,1014.0,815.5,590.1,592.7,1427.1,31.6,49.4,50.8,28.1,79.9,29.9,46.7,33.0,32.1,17.3,16.3,30.6,21.8,23.2,19.0,13.7,13.7,79.9,31.6,35.8,56.0,57.6,31.8,90.6,33.9,52.9,37.4,36.3,19.6,18.5,34.6,24.7,26.2,21.5,15.4,15.5,35.8,40.7,40.8,40.8,40.5,40.8,40.8,40.8,40.8,40.8,0.0,80.2,87.3,96.1,85.1,82.8,71.6,76.5,74.2,67.9,19.8,12.7,3.9,14.9,17.2,28.4,23.5,25.8,32.1,0.0,0.0,0.0,0.0,0.0,0.0,0.0,0.0,0.0,1197.8,12.00,16,16,16,39,55,661,1,72.4,71.9,71.5,68.0,70.3,71.2,69.7,68.3,66.1,66.7,66.1,65.3,63.1,63.4,62.8,56.0,52.0,1.337,1.031,1.337,13.710,11.082,13.715,72.166,38.943,4.240,5.573,6.189,4.779,4.244,3.114,3.729,3.439,2.851,18.436,11.418,29.854,38.988,1197.8,1197.8,4089.1,4089.3,4088.8,4089.3,44.3,22.9,80.2,75.7,54.2,No,No,No,1.446,0.383,6.4,50,95.0,100.0,No,No,91293,99096,35,99.0,No,No,3320,0.0,0.0,0.0,0.008,0.002,79826,50458,0.0,0.0,0.0,0.000,0.000,52,0,47.8,62.2,83.0,0.738,12.136,12.182,12.154,12.071,1128,39.723,14.753,19.936,5.299,34.152,23.056,11.075,0.336,19.936,19.861,2.474,11.409,220.000,240.000,1260.0,1250.2,1095.0,1193.0,1185.0,37.0,9.0,0.0,2.0,28.0,3.8,15.3,0.0,0.0,0.0,33,Yes,No,No,No,No,Yes,No,18.1,22.5,0,0,0,0,0,0,0,0,0,9,0,0,0,0,0,0,0,0,0,0,0,0,0,0,0,0,0,0,0,0,5898,2294,2129,90,8.0,239.8,257.4,221.1,215.1,216.9,214.6,239.8,242.4,237.5,236.4,236.8,236.2,4.17,4.58,3.84,3.82,4.61,4.61,0.59,0.12,4.06,0.11,0.10,0,0,0.0,0.0,13577,1182,2.9,3.0,0,
8.7.2026,15:24:55.605,18573,27421,40.3,13518,19164,41.3,0.5,13312,70,1.345,1.325,1.337,1.350,1.350,1.350,1.350,1.350,1.350,4108.2,4067.7,4092.6,4117.6,4117.6,4117.6,4117.6,4117.6,4117.6,99.8,1480.8,3596.8,2114.6,1284.5,3169.5,1424.4,1983.3,1564.2,1301.2,866.2,748.2,1394.5,929.1,1122.6,852.7,649.5,692.3,1480.8,33.1,53.2,50.4,30.4,77.3,33.6,47.4,37.2,30.6,20.3,17.4,33.0,21.7,25.8,19.9,15.0,16.1,77.3,33.1,37.5,60.2,57.1,34.4,87.5,38.0,53.7,42.2,34.7,23.0,19.8,37.4,24.6,29.3,22.6,17.0,18.2,37.5,41.2,40.8,41.0,41.2,41.2,41.2,41.2,41.2,41.2,0.0,80.9,88.1,95.7,86.2,83.0,72.6,77.2,75.0,69.8,19.1,11.9,4.3,13.8,17.0,27.4,22.8,25.0,30.2,0.0,0.0,0.0,0.0,0.0,0.0,0.0,0.0,0.0,1197.8,12.00,16,16,16,39,55,661,1,72.4,72.0,71.0,68.2,70.7,71.1,70.0,68.4,66.4,67.0,66.3,65.5,63.2,63.5,62.8,56.0,52.4,1.331,1.031,1.344,14.172,11.129,14.169,72.847,39.518,4.295,5.715,6.086,4.875,4.262,3.205,3.797,3.489,2.931,19.025,11.468,30.493,39.629,1197.8,1197.8,4085.0,4085.1,4084.8,4085.1,45.0,23.6,80.9,75.8,55.2,No,No,No,1.572,0.410,6.5,50,95.0,100.0,No,No,91293,99096,35,99.0,No,No,3320,0.0,0.7,0.7,0.098,8.843,79826,50475,0.0,0.0,0.0,0.000,0.000,52,0,48.1,62.7,83.0,0.750,12.134,12.179,12.152,12.069,1129,40.754,15.873,21.295,5.810,36.336,24.487,11.830,0.336,21.295,21.189,2.572,13.585,220.000,240.000,1305.0,1750.2,1140.0,1256.8,1230.0,36.0,6.0,0.0,2.0,28.0,3.7,14.9,0.0,0.0,0.0,33,Yes,No,No,No,No,Yes,No,19.3,22.4,0,0,0,0,0,0,0,0,0,9,0,0,0,0,0,0,0,0,0,0,0,0,0,0,0,0,0,0,0,0,5898,2294,2129,90,8.0,239.8,255.5,220.8,212.0,215.7,210.8,239.8,242.5,237.1,237.0,237.0,237.0,4.17,4.56,3.87,3.56,4.65,4.76,0.56,0.14,4.06,0.11,0.11,0,0,0.0,0.0,13577,1182,2.6,1.9,0,
8.7.2026,15:24:57.604,18576,27418,40.3,13530,19152,41.3,0.5,13312,70,1.338,1.337,1.337,1.337,1.337,1.337,1.337,1.337,1.337,4092.6,4092.6,4092.6,4092.6,4092.6,4092.6,4092.6,4092.6,4092.6,99.8,1439.4,3568.1,2111.9,2266.8,2203.5,1616.6,1671.7,1585.0,1163.5,806.4,689.9,1388.7,880.5,1134.0,744.6,624.1,575.1,1439.4,32.0,51.7,50.3,54.7,53.5,38.2,39.6,37.6,27.2,18.8,16.0,32.9,20.5,26.1,17.2,14.4,13.2,54.7,32.0,36.3,58.6,57.0,62.0,60.6,43.3,44.9,42.6,30.9,21.3,18.2,37.3,23.2,29.6,19.5,16.3,15.0,36.3,41.0,41.0,41.0,41.0,41.0,41.0,41.0,41.0,41.0,0.0,80.1,87.3,95.8,85.5,82.3,71.5,76.7,73.7,68.1,19.9,12.7,4.2,14.5,17.7,28.5,23.3,26.3,31.9,0.0,0.0,0.0,0.0,0.0,0.0,0.0,0.0,0.0,1197.8,12.00,16,16,16,39,55,661,1,72.4,72.1,71.8,68.1,70.6,71.3,70.1,68.5,66.3,66.8,66.2,65.3,63.2,63.6,62.9,54.0,51.8,1.356,1.038,1.356,13.851,11.096,13.851,72.100,39.118,4.277,5.698,6.201,4.878,4.225,3.136,3.784,3.434,2.861,18.612,11.432,30.044,39.178,1197.8,1197.8,4087.9,4088.0,4087.8,4088.0,44.5,23.1,80.1,75.9,54.2,No,No,No,1.525,0.380,6.4,50,95.0,100.0,No,No,91293,99096,35,99.0,No,No,3320,0.0,0.0,0.1,0.020,0.073,79826,50475,0.0,0.0,0.0,0.000,0.000,52,0,47.8,62.5,83.0,0.731,12.136,12.183,12.154,12.072,1132,42.407,14.599,19.969,5.190,34.055,22.937,11.093,0.336,19.969,19.613,2.269,10.564,220.000,240.000,1230.0,1250.2,1080.0,1300.5,1170.0,38.0,9.0,0.0,2.0,28.0,3.6,14.3,0.0,0.0,0.0,33,Yes,No,No,No,No,Yes,No,18.0,21.9,0,0,0,0,0,0,0,0,0,9,0,0,0,0,0,0,0,0,0,0,0,0,0,0,0,0,0,0,0,0,5898,2294,2129,90,8.0,239.8,260.0,222.8,212.4,217.5,209.9,239.8,243.2,236.7,234.6,235.5,234.3,4.17,4.57,3.85,3.58,4.64,4.75,0.53,0.22,4.06,0.11,0.12,0,0,0.0,0.0,13577,1182,5.2,6.0,0,
8.7.2026,15:24:59.597,18576,27417,40.3,13535,19147,41.4,0.5,13312,70,1.332,1.312,1.319,1.337,1.337,1.337,1.337,1.337,1.337,4083.3,4067.7,4092.6,4092.6,4092.6,4092.6,4092.6,4092.6,4042.7,99.8,1430.0,3565.5,2120.3,3259.1,1267.3,1791.1,1424.9,1586.8,1096.1,840.2,632.5,1342.5,858.8,1127.0,706.9,678.6,582.4,1430.0,31.7,50.6,50.5,79.4,30.0,42.6,33.3,37.6,25.5,19.6,14.7,31.7,20.0,26.0,16.3,15.7,13.4,79.4,31.7,35.9,57.3,57.2,90.0,34.0,48.3,37.8,42.7,29.0,22.2,16.6,35.9,22.6,29.4,18.5,17.8,15.2,35.9,40.9,40.8,41.0,41.0,41.0,41.0,41.0,41.0,40.5,0.0,79.9,87.2,96.3,84.6,81.9,71.0,76.4,73.3,68.2,20.1,12.8,3.7,15.4,18.1,29.0,23.6,26.7,31.8,0.0,0.0,0.0,0.0,0.0,0.0,0.0,0.0,0.0,1197.8,12.00,16,16,16,39,55,661,1,72.4,72.0,74.2,68.1,70.6,71.4,69.7,68.3,66.2,66.8,66.0,65.5,63.2,63.5,62.9,53.8,51.7,1.331,1.025,1.344,13.708,11.080,13.708,71.892,38.910,4.238,5.670,6.255,4.691,4.142,3.128,3.721,3.389,2.910,18.438,11.417,29.855,38.987,1197.8,1197.8,4089.1,4089.2,4089.0,4089.2,44.3,22.8,79.9,75.8,54.2,No,No,No,1.494,0.404,6.4,50,95.0,100.0,No,No,91293,99096,35,99.0,No,No,3320,0.0,0.1,0.1,0.000,0.165,79826,50475,0.0,0.0,0.0,0.000,0.000,52,0,47.8,62.2,83.0,0.731,12.140,12.187,12.157,12.075,1131,39.434,14.794,19.435,5.045,34.016,23.208,10.797,0.336,19.435,19.973,2.489,13.209,220.000,240.000,1230.0,1250.2,1080.0,1219.3,1170.0,40.0,9.0,0.0,3.0,28.0,3.8,15.4,0.0,0.0,0.0,33,Yes,No,No,No,No,Yes,No,17.9,22.5,0,0,0,0,0,0,0,0,0,9,0,0,0,0,0,0,0,0,0,0,0,0,0,0,0,0,0,0,0,0,5898,2294,2129,90,8.0,239.7,260.1,219.3,215.5,216.5,215.3,239.8,242.2,237.8,226.5,232.5,223.6,4.17,4.61,3.79,3.70,4.66,4.72,0.57,0.15,4.06,0.11,0.11,0,0,0.0,0.0,13577,1182,3.0,2.4,0,
8.7.2026,15:25:1.601,18579,27414,40.3,13535,19147,41.4,0.5,13312,70,1.321,1.331,1.325,1.319,1.319,1.319,1.319,1.319,1.319,4105.1,4067.7,4067.7,4117.6,4117.6,4117.6,4117.6,4117.6,4117.6,99.8,1447.3,3566.5,2124.9,3178.7,1353.9,1902.6,1378.8,1689.8,1089.5,845.1,691.4,1333.7,903.1,1121.7,730.7,659.0,587.3,1447.3,32.2,50.9,50.8,77.2,31.8,45.4,32.6,40.4,25.6,19.9,16.2,31.7,21.2,25.9,17.0,15.4,13.6,77.2,32.2,36.5,57.7,57.5,87.5,36.0,51.4,36.9,45.8,29.0,22.5,18.3,35.9,24.0,29.3,19.2,17.4,15.4,36.5,41.1,40.8,40.8,41.2,41.2,41.2,41.2,41.2,41.2,0.0,80.1,87.3,95.8,85.4,82.3,71.4,76.9,73.7,68.3,19.9,12.7,4.2,14.6,17.7,28.6,23.1,26.3,31.7,0.0,0.0,0.0,0.0,0.0,0.0,0.0,0.0,0.0,1197.8,12.00,16,16,16,39,55,661,1,72.4,72.0,70.0,68.1,70.7,71.2,69.9,68.3,66.4,66.9,66.1,65.4,63.2,63.5,62.9,56.2,52.1,1.362,1.025,1.369,13.708,11.098,13.707,72.109,38.908,4.254,5.688,6.118,4.810,4.176,3.177,3.764,3.415,2.881,18.422,11.435,29.857,38.989,1197.8,1197.8,4087.8,4088.0,4087.7,4088.0,44.3,22.8,80.1,75.8,53.9,No,No,No,1.478,0.398,6.4,50,95.0,100.0,No,No,91293,99096,35,99.0,No,No,3320,0.0,0.0,0.0,0.032,0.075,79826,50476,0.0,0.0,0.0,0.000,0.000,52,0,48.1,63.1,83.0,0.731,12.136,12.183,12.154,12.071,1131,43.337,16.079,21.551,5.616,36.317,24.335,11.973,0.336,21.551,20.729,4.712,13.670,220.000,240.000,1245.0,1250.2,1080.0,1296.6,1170.0,36.0,6.0,0.0,2.0,28.0,3.4,13.8,0.0,0.0,0.0,33,Yes,No,No,No,No,Yes,No,19.2,22.8,0,0,0,0,0,0,0,0,0,9,0,0,0,0,0,0,0,0,0,0,0,0,0,0,0,0,0,0,0,0,5898,2294,2129,90,8.0,239.8,255.4,222.8,210.4,216.3,208.0,239.8,242.4,236.9,236.1,236.4,236.1,4.17,4.52,3.86,3.65,4.61,4.72,0.44,0.21,4.06,0.12,0.11,0,0,0.0,0.0,13577,1182,3.6,1.9,0,
8.7.2026,15:25:3.603,18591,27403,40.4,13535,19147,41.4,0.5,13312,70,1.327,1.319,1.325,1.331,1.331,1.331,1.331,1.325,1.325,4042.7,4042.7,4042.7,4042.7,4042.7,4042.7,4042.7,4042.7,4042.7,99.8,1473.5,3548.4,2070.6,1352.2,3165.2,1416.6,1933.7,1361.4,1418.2,699.5,799.1,1125.8,1153.5,942.4,1009.9,784.2,795.7,1473.5,32.9,51.5,49.4,32.1,77.2,33.4,46.1,32.1,33.5,16.3,18.8,26.5,27.0,21.5,23.8,18.2,18.6,77.2,32.9,37.2,58.2,55.9,36.4,87.4,37.8,52.1,36.3,37.9,18.5,21.2,30.0,30.6,24.3,26.9,20.6,21.0,37.2,40.5,40.5,40.5,40.5,40.5,40.5,40.5,40.5,40.5,0.0,80.6,86.9,96.4,85.5,82.4,71.4,76.9,74.5,70.6,19.4,13.1,3.6,14.5,17.6,28.6,23.1,25.5,29.4,0.0,0.0,0.0,0.0,0.0,0.0,0.0,0.0,0.0,1197.8,12.00,16,16,16,39,55,661,1,72.5,72.4,72.2,68.4,70.6,71.4,70.1,68.6,66.5,67.3,66.4,66.5,63.2,63.5,62.9,53.5,51.6,1.337,1.019,1.331,14.101,11.110,14.094,72.516,39.377,4.345,5.573,6.191,4.878,4.263,3.189,3.847,3.515,3.305,18.940,11.447,30.387,39.508,1197.8,1197.8,4083.4,4083.5,4083.2,4083.5,44.9,23.5,80.6,76.2,54.4,No,No,No,1.491,0.384,6.4,50,95.0,100.0,No,No,91293,99096,35,99.0,No,No,3320,0.0,0.0,0.0,0.000,0.008,79826,50476,0.0,0.0,0.0,0.000,0.000,52,0,47.7,62.2,83.0,0.731,12.138,12.184,12.156,12.073,1132,39.673,14.863,20.141,5.154,34.388,23.181,11.189,0.336,20.141,19.738,2.260,12.098,220.000,240.000,1230.0,1250.2,1080.0,1223.1,1170.0,39.0,9.0,0.0,2.0,28.0,3.7,14.8,0.0,0.0,0.0,33,Yes,No,No,No,No,Yes,No,18.1,22.0,0,0,0,0,0,0,0,0,0,9,0,0,0,0,0,0,0,0,0,0,0,0,0,0,0,0,0,0,0,0,5898,2294,2129,90,8.0,239.8,258.3,216.1,200.2,204.8,200.0,0.0,0.0,0.0,0.0,0.0,0.0,4.17,4.68,3.76,3.14,4.86,4.98,0.58,0.08,4.06,0.11,0.00,0,0,0.0,0.0,13577,1182,2.3,2.0,0,
8.7.2026,15:25:5.595,18596,27398,40.4,13536,19146,41.4,0.5,13312,70,1.326,1.331,1.319,1.325,1.325,1.325,1.325,1.325,1.331,4070.8,4092.6,4067.7,4067.7,4067.7,4067.7,4067.7,4067.7,4067.7,99.8,1447.9,3563.9,2084.3,1326.6,3080.3,1397.3,1934.2,1256.5,1575.3,667.2,839.1,1065.4,1175.9,889.1,995.7,606.8,709.3,1447.9,32.1,49.8,49.7,31.4,75.1,32.9,46.1,29.7,37.5,15.4,19.7,24.9,27.9,20.0,23.4,14.1,16.6,75.1,32.1,36.4,56.4,56.3,35.6,85.1,37.3,52.2,33.6,42.4,17.5,22.3,28.2,31.6,22.7,26.5,16.0,18.8,36.4,40.8,41.0,40.8,40.8,40.8,40.8,40.8,40.8,40.8,0.0,80.1,87.2,95.0,85.2,82.7,71.3,76.8,74.1,68.7,19.9,12.8,5.0,14.8,17.3,28.7,23.2,25.9,31.3,0.0,0.0,0.0,0.0,0.0,0.0,0.0,0.0,0.0,1197.8,12.00,16,16,16,39,55,661,1,72.5,72.1,72.2,68.1,70.3,71.1,70.0,68.4,66.2,66.8,66.1,65.6,63.2,63.5,62.9,54.5,51.8,1.337,1.025,1.337,13.788,11.084,13.793,72.132,39.028,4.238,5.557,6.048,4.850,4.249,3.121,3.740,3.427,2.911,18.532,11.420,29.952,39.079,1197.8,1197.8,4087.3,4087.7,4086.9,4087.7,44.4,23.0,80.1,75.9,54.5,No,No,No,1.408,0.311,6.4,50,95.0,100.0,No,No,91293,99096,35,99.0,No,No,3320,0.1,0.0,0.1,0.098,0.012,79826,50476,0.0,0.0,0.0,0.000,0.000,52,0,47.7,62.1,83.0,0.738,12.136,12.183,12.154,12.071,1129,40.133,14.494,19.885,4.959,33.995,22.935,11.047,0.336,19.885,19.406,2.350,10.145,220.000,240.000,1260.0,1250.2,1095.0,1250.6,1185.0,36.0,9.0,0.0,2.0,28.0,3.5,13.9,0.0,0.0,0.0,33,Yes,No,No,No,No,Yes,No,17.9,20.7,0,0,0,0,0,0,0,0,0,9,0,0,0,0,0,0,0,0,0,0,0,0,0,0,0,0,0,0,0,0,5898,2294,2129,90,8.0,239.7,266.1,216.2,208.3,211.5,206.6,0.0,0.0,0.0,0.0,0.0,0.0,4.17,4.60,3.79,3.64,4.72,4.90,0.52,0.09,4.06,0.11,0.00,0,0,0.0,0.0,13577,1182,2.3,2.2,0,
8.7.2026,15:25:7.601,18581,27413,40.3,13537,19145,41.4,0.5,13312,70,1.326,1.337,1.337,1.337,1.319,1.319,1.319,1.319,1.319,4092.6,4092.6,4092.6,4092.6,4092.6,4092.6,4092.6,4092.6,4092.6,99.8,1390.5,3556.2,1727.6,2131.6,2246.8,1681.4,1623.1,1225.8,1502.3,678.4,701.7,1083.4,1103.5,897.7,893.7,557.2,636.8,1390.5,31.1,55.6,40.6,51.3,54.4,39.8,38.4,28.7,35.7,15.7,16.4,25.4,26.0,20.3,21.0,12.9,14.8,55.6,31.1,35.2,63.0,46.0,58.1,61.6,45.1,43.5,32.6,40.4,17.8,18.5,28.7,29.4,22.9,23.8,14.5,16.7,35.2,41.0,41.0,41.0,41.0,41.0,41.0,41.0,41.0,41.0,0.0,80.7,87.0,95.9,86.4,83.4,71.6,77.8,74.4,68.8,19.3,13.0,4.1,13.6,16.6,28.4,22.2,25.6,31.2,0.0,0.0,0.0,0.0,0.0,0.0,0.0,0.0,0.0,1197.8,12.00,16,16,16,39,55,661,1,72.2,71.7,71.2,67.9,69.9,71.1,69.9,68.3,66.0,66.8,66.0,65.4,63.2,63.5,62.8,54.0,51.4,1.344,1.025,1.344,13.597,11.059,13.604,72.601,38.733,4.203,5.350,6.124,4.855,4.215,3.068,3.761,3.400,2.855,18.275,11.394,29.668,38.794,1197.8,1197.8,4087.9,4088.0,4087.7,4088.0,44.1,22.7,80.7,75.5,54.2,No,No,No,1.386,0.266,6.5,50,95.0,100.0,No,No,91293,99096,35,99.0,No,No,3320,0.0,0.0,0.0,0.024,0.022,79826,50476,0.0,0.0,0.0,0.000,0.000,52,0,47.4,61.8,83.0,0.688,12.138,12.185,12.156,12.073,1132,37.276,13.502,16.529,4.082,32.092,22.891,9.182,0.336,16.529,19.995,2.017,11.372,220.000,240.000,1110.0,1250.2,975.0,1165.6,1050.0,38.0,8.0,0.0,2.0,28.0,3.2,12.7,0.0,0.0,0.0,33,Yes,No,No,No,No,Yes,No,16.6,20.7,0,0,0,0,0,0,0,0,0,9,0,0,0,0,0,0,0,0,0,0,0,0,0,0,0,0,0,0,0,0,5898,2294,2129,90,8.0,239.8,260.1,221.5,218.5,219.2,218.3,0.0,0.0,0.0,0.0,0.0,0.0,4.17,4.54,3.85,3.75,4.59,4.64,0.55,0.13,4.06,0.11,0.00,0,0,0.0,0.0,13577,1182,5.3,5.4,0,
8.7.2026,15:25:9.599,18591,27403,40.4,13542,19140,41.4,0.5,13312,70,1.328,1.325,1.312,1.331,1.331,1.331,1.331,1.331,1.331,4089.5,4067.7,4092.6,4092.6,4092.6,4092.6,4092.6,4092.6,4092.6,99.8,1398.2,3582.3,1625.9,3183.3,1169.3,2209.0,1191.1,1401.5,1390.5,718.1,691.2,1117.3,1117.3,941.2,827.7,595.0,611.1,1398.2,31.7,57.7,38.6,77.4,28.0,53.1,28.4,33.5,33.3,17.1,16.6,26.5,26.8,21.7,19.8,14.1,14.6,77.4,31.7,35.5,65.1,43.3,87.6,31.3,59.9,31.7,37.5,37.3,18.8,18.2,29.6,29.9,24.1,21.9,15.4,16.0,35.5,41.0,40.8,41.0,41.0,41.0,41.0,41.0,41.0,41.0,0.0,81.0,87.6,95.3,87.1,83.5,72.2,78.1,74.6,69.2,19.0,12.4,4.7,12.9,16.5,27.8,21.9,25.4,30.8,0.0,0.0,0.0,0.0,0.0,0.0,0.0,0.0,0.0,1197.8,12.00,16,16,16,39,55,661,1,72.2,71.8,72.2,67.9,70.0,71.0,70.0,68.3,66.1,66.8,66.0,65.3,63.1,63.5,62.8,55.8,52.3,1.331,1.038,1.337,13.717,11.072,13.708,72.858,38.835,4.223,5.398,6.043,4.958,4.257,3.111,3.774,3.373,2.867,18.436,11.405,29.842,38.947,1197.8,1197.8,4089.2,4089.2,4089.2,4089.2,44.3,22.8,81.0,75.6,54.4,No,No,No,1.404,0.276,6.5,50,95.0,100.0,No,No,91293,99096,35,99.0,No,No,3320,0.1,0.0,0.1,0.223,0.073,79826,50476,0.0,0.0,0.0,0.000,0.000,52,0,47.4,61.7,83.0,0.688,12.139,12.186,12.157,12.075,1127,37.197,13.903,17.698,4.448,33.030,23.184,9.832,0.336,17.698,20.122,2.083,10.599,220.000,240.000,1110.0,1250.2,975.0,1122.8,1050.0,38.0,9.0,0.0,2.0,28.0,3.4,13.5,0.0,0.0,0.0,33,Yes,No,No,No,No,Yes,No,17.2,19.9,0,0,0,0,0,0,0,0,0,9,0,0,0,0,0,0,0,0,0,0,0,0,0,0,0,0,0,0,0,0,5898,2294,2129,91,8.0,239.8,258.1,223.5,203.6,211.3,201.4,239.8,242.5,237.2,235.2,235.8,235.1,4.17,4.54,3.87,3.42,4.76,5.05,0.71,0.09,4.06,0.11,0.11,0,0,0.0,0.0,13577,1182,2.9,2.2,0,
8.7.2026,15:25:11.597,18588,27405,40.4,13542,19139,41.4,0.5,13312,70,1.330,1.319,1.331,1.331,1.331,1.331,1.331,1.331,1.331,4052.1,4067.7,4092.6,4092.6,4017.8,4017.8,4042.7,4042.7,4042.7,99.8,1386.0,3565.1,1599.5,3276.1,1167.5,2028.9,1304.3,1347.1,1316.7,737.9,684.0,1066.9,1153.7,900.8,880.9,563.9,582.8,1386.0,30.6,57.2,37.0,79.5,27.0,48.0,30.1,31.3,30.5,16.6,15.4,24.4,26.8,19.8,20.1,12.4,12.9,79.5,30.6,35.1,65.1,42.4,90.2,31.2,54.8,34.6,35.9,35.1,19.4,18.0,28.2,30.8,23.0,23.3,14.6,15.2,35.1,40.6,40.8,41.0,41.0,40.2,40.2,40.5,40.5,40.5,0.0,81.1,87.2,95.9,87.0,83.2,72.8,78.1,74.8,69.5,18.9,12.8,4.1,13.0,16.8,27.2,21.9,25.2,30.5,0.0,0.0,0.0,0.0,0.0,0.0,0.0,0.0,0.0,1197.8,12.00,16,16,16,39,55,661,1,72.2,71.6,73.5,67.9,69.8,71.1,69.7,68.2,66.0,66.8,65.9,65.3,63.1,63.5,62.8,53.8,51.3,1.300,1.031,1.325,13.745,11.084,13.745,72.953,38.932,4.213,5.358,6.169,4.899,4.181,3.109,3.772,3.376,2.840,18.475,11.420,29.896,39.016,1197.8,1197.8,4088.7,4089.0,4088.5,4089.0,44.3,22.9,81.1,75.4,54.6,No,No,No,1.413,0.289,6.5,50,95.0,100.0,No,No,91293,99096,35,99.0,No,No,3320,0.0,0.0,0.0,0.000,0.082,79826,50476,0.0,0.0,0.0,0.000,0.000,52,0,47.2,61.6,83.0,0.688,12.139,12.187,12.157,12.075,1131,37.247,13.651,17.048,4.278,32.483,22.991,9.471,0.336,17.048,20.046,1.991,10.814,220.000,240.000,1110.0,1250.2,975.0,1094.4,1050.0,39.0,9.0,0.0,2.0,28.0,3.6,14.5,0.0,0.0,0.0,33,Yes,No,No,No,No,Yes,No,16.9,20.8,0,0,0,0,0,0,0,0,0,9,0,0,0,0,0,0,0,0,0,0,0,0,0,0,0,0,0,0,0,0,5898,2294,2129,91,8.0,239.8,258.8,222.1,217.0,218.8,216.6,239.8,243.3,237.0,236.2,236.6,236.0,4.17,4.55,3.83,3.63,4.58,4.63,0.65,0.09,4.06,0.11,0.10,0,0,0.0,0.0,13577,1182,4.3,2.5,0,
8.7.2026,15:25:13.601,18594,27399,40.4,13543,19138,41.4,0.5,13312,70,1.320,1.319,1.312,1.312,1.312,1.312,1.319,1.337,1.337,4073.9,4067.7,4067.7,4067.7,4067.7,4067.7,4067.7,4092.6,4092.6,99.8,1383.2,3526.4,1664.9,1343.1,3075.7,1450.0,1790.1,1124.5,1595.1,653.6,732.3,1022.8,1174.7,879.5,968.6,541.4,588.4,1383.2,31.3,55.3,39.4,32.4,75.0,34.7,42.8,26.9,38.3,15.7,17.5,24.4,28.2,20.4,23.3,13.0,14.1,75.0,31.3,35.0,62.3,44.2,36.2,84.8,38.8,48.0,29.9,42.9,17.2,19.2,27.1,31.4,22.5,25.8,14.1,15.3,35.0,40.8,40.8,40.8,40.8,40.8,40.8,40.8,41.0,41.0,0.0,80.1,86.2,96.1,85.1,82.6,71.1,77.0,74.4,68.3,19.9,13.8,3.9,14.9,17.4,28.9,23.0,25.6,31.7,0.0,0.0,0.0,0.0,0.0,0.0,0.0,0.0,0.0,1197.8,12.00,16,16,16,39,55,661,1,72.2,71.5,71.5,67.8,69.8,71.0,69.4,68.1,65.9,66.7,66.0,65.2,63.1,63.4,62.7,55.8,51.4,1.344,1.031,1.344,13.571,11.085,13.569,72.099,38.696,4.173,5.308,6.119,4.721,4.173,3.068,3.749,3.423,2.823,18.239,11.422,29.661,38.773,1197.8,1197.8,4089.3,4089.6,4089.1,4089.6,44.1,22.6,80.1,75.3,54.5,No,No,No,1.401,0.279,6.4,50,95.0,100.0,No,No,91293,99096,35,99.0,No,No,3320,0.0,0.0,0.0,0.000,0.008,79826,50476,0.0,0.0,0.0,0.000,0.000,52,0,47.2,61.5,83.0,0.688,12.140,12.188,12.156,12.075,1129,37.125,14.382,16.899,4.217,32.312,22.906,9.388,0.336,16.899,19.966,10.016,10.881,220.000,240.000,1080.0,1250.2,975.0,1103.7,1050.0,39.0,9.0,0.0,2.0,28.0,3.5,14.0,0.0,0.0,0.0,33,Yes,No,No,No,No,Yes,No,16.8,21.1,0,0,0,0,0,0,0,0,0,9,0,0,0,0,0,0,0,0,0,0,0,0,0,0,0,0,0,0,0,0,5898,2294,2129,91,8.0,239.8,252.0,224.2,219.4,220.7,219.4,238.7,242.1,237.4,135.1,178.7,119.7,4.17,4.47,3.95,3.66,4.55,4.60,0.69,0.09,4.06,0.11,0.10,0,0,0.0,0.0,13577,1182,2.3,2.2,0,
8.7.2026,15:25:15.594,18595,27398,40.4,13560,19122,41.4,0.5,13312,70,1.327,1.319,1.319,1.331,1.325,1.331,1.331,1.331,1.331,4070.8,4092.6,4067.7,4067.7,4067.7,4067.7,4067.7,4067.7,4067.7,99.8,1426.6,3576.8,1783.6,1275.7,3112.2,1370.5,2020.9,1245.5,1596.7,687.6,823.2,1081.0,1204.8,891.5,969.6,565.9,619.6,1426.6,31.3,54.9,41.6,29.6,75.5,31.7,47.9,28.7,37.4,14.8,18.3,24.7,28.0,19.6,22.1,12.3,13.6,75.5,31.3,36.0,62.5,47.6,34.1,85.7,36.5,54.7,33.1,42.9,17.5,21.4,28.6,32.3,22.8,25.6,14.6,16.0,36.0,40.8,41.0,40.8,40.8,40.8,40.8,40.8,40.8,40.8,0.0,80.9,87.5,95.5,86.9,83.4,72.4,78.2,74.7,68.8,19.1,12.5,4.5,13.1,16.6,27.6,21.8,25.3,31.2,0.0,0.0,0.0,0.0,0.0,0.0,0.0,0.0,0.0,1197.8,12.00,16,16,16,39,55,661,1,72.0,71.6,72.2,67.9,70.0,70.7,69.8,68.2,66.1,66.8,66.0,65.1,63.1,63.4,62.7,55.5,51.3,1.337,1.031,1.344,13.704,11.073,13.707,72.834,38.858,4.219,5.395,6.023,4.900,4.223,3.138,3.796,3.434,2.840,18.408,11.409,29.817,38.940,1197.8,1197.8,4087.3,4087.6,4087.1,4087.6,44.2,22.8,80.9,75.3,54.4,No,No,No,1.441,0.271,6.5,50,95.0,100.0,No,No,91293,99096,35,99.0,No,No,3320,0.0,0.0,0.0,0.000,0.048,79826,50476,0.0,0.0,0.0,0.000,0.000,52,0,47.1,61.3,83.0,0.688,12.139,12.187,12.156,12.074,1131,37.254,13.468,16.458,4.046,31.874,22.712,9.143,0.336,16.458,19.807,2.217,11.630,220.000,240.000,1050.0,1250.2,975.0,1074.0,1050.0,34.0,7.0,0.0,1.0,28.0,3.5,14.2,0.0,0.0,0.0,33,Yes,No,No,No,No,Yes,No,16.5,20.9,0,0,0,0,0,0,0,0,0,9,0,0,0,0,0,0,0,0,0,0,0,0,0,0,0,0,0,0,0,0,5898,2294,2129,91,8.0,239.7,253.1,227.9,222.2,225.1,220.8,239.8,242.1,237.7,237.3,237.4,237.3,4.17,4.42,3.92,3.87,4.54,4.65,0.67,0.14,4.06,0.11,0.10,0,0,0.0,0.0,13577,1182,2.9,2.3,0,
8.7.2026,15:25:17.597,18596,27398,40.4,13543,19139,41.4,0.5,13312,70,1.340,1.350,1.350,1.331,1.337,1.337,1.337,1.337,1.337,4095.7,4117.6,4092.6,4092.6,4092.6,4092.6,4092.6,4092.6,4092.6,99.8,1399.1,3520.0,1603.1,1985.1,2416.2,1606.4,1714.6,1449.3,1320.7,775.3,719.6,1313.2,915.5,980.7,823.8,635.4,606.2,1399.1,31.8,56.0,38.0,48.1,59.0,38.6,40.7,35.0,31.7,18.7,17.2,31.6,22.1,23.0,19.9,14.8,14.8,59.0,31.8,35.6,63.1,42.5,54.1,66.6,43.2,46.1,39.0,35.4,21.2,19.5,35.2,24.3,25.4,21.8,16.8,16.0,35.6,41.0,41.2,41.0,41.0,41.0,41.0,41.0,41.0,41.0,0.0,79.9,86.1,95.7,85.6,82.5,71.5,76.5,73.3,68.3,20.1,13.9,4.3,14.4,17.5,28.5,23.5,26.7,31.7,0.0,0.0,0.0,0.0,0.0,0.0,0.0,0.0,0.0,1197.8,12.00,16,16,16,39,55,661,1,72.0,71.6,71.2,67.9,69.8,70.9,69.7,68.3,66.2,66.8,65.9,65.3,63.1,63.4,62.7,54.0,51.3,1.344,1.038,1.350,13.694,11.066,13.698,71.943,38.871,4.205,5.281,6.117,4.859,4.243,3.165,3.742,3.364,2.870,18.411,11.402,29.813,38.936,1197.8,1197.8,4088.7,4088.7,4088.7,4088.7,44.2,22.8,79.9,75.4,54.5,No,No,No,1.438,0.301,6.4,50,95.0,100.0,No,No,91293,99096,35,99.0,No,No,3320,0.0,0.7,0.7,0.000,9.024,79826,50493,0.0,0.0,0.0,0.000,0.000,52,0,47.1,61.5,83.0,0.688,12.141,12.189,12.158,12.076,1131,36.725,13.485,16.829,4.108,32.157,22.787,9.349,0.336,16.829,19.768,2.085,10.606,220.000,240.000,1065.0,1250.2,975.0,1043.8,1050.0,39.0,8.0,0.0,2.0,28.0,3.6,14.3,0.0,0.0,0.0,33,Yes,No,No,No,No,Yes,No,16.6,20.8,0,0,0,0,0,0,0,0,0,9,0,0,0,0,0,0,0,0,0,0,0,0,0,0,0,0,0,0,0,0,5898,2294,2129,91,8.0,239.8,256.3,220.6,216.9,218.5,216.3,239.8,242.6,236.9,236.5,236.6,236.5,4.17,4.59,3.87,3.67,4.59,4.59,0.74,0.07,4.06,0.11,0.11,0,0,0.0,0.0,13577,1182,6.8,6.1,0,
8.7.2026,15:25:19.592,18595,27399,40.4,13557,19125,41.4,0.5,13312,70,1.326,1.319,1.331,1.331,1.325,1.325,1.325,1.325,1.325,4086.4,4042.7,4092.6,4092.6,4092.6,4092.6,4092.6,4092.6,4092.6,99.8,1424.0,3495.0,1622.3,3173.8,1234.1,1967.2,1349.9,1658.6,1047.4,780.1,704.6,1386.3,979.0,1088.9,816.7,801.2,679.1,1424.0,32.2,55.2,38.2,77.3,29.2,47.1,32.3,39.6,24.5,18.9,17.1,33.0,23.0,25.2,19.0,19.5,15.8,77.3,32.2,36.2,62.5,43.2,87.5,33.0,53.3,36.0,44.8,27.7,20.7,18.6,37.3,26.0,28.6,21.6,21.3,17.8,36.2,40.9,40.5,41.0,41.0,41.0,41.0,41.0,41.0,41.0,0.0,79.8,85.6,95.3,85.1,81.5,70.5,77.0,73.2,70.1,20.2,14.4,4.7,14.9,18.5,29.5,23.0,26.8,29.9,0.0,0.0,0.0,0.0,0.0,0.0,0.0,0.0,0.0,1197.8,12.00,16,16,16,39,55,661,1,72.0,72.4,71.2,68.3,69.9,71.2,69.7,68.3,66.4,67.6,66.4,66.8,63.1,63.4,62.8,56.0,52.0,1.344,1.031,1.344,13.895,11.083,13.900,71.801,39.138,4.279,5.249,6.074,4.806,4.180,3.168,3.923,3.486,3.348,18.668,11.420,30.088,39.213,1197.8,1197.8,4082.7,4083.3,4082.2,4083.3,44.6,23.2,79.8,76.2,54.4,No,No,No,1.469,0.280,6.4,50,95.0,100.0,No,No,91293,99096,35,99.0,No,No,3320,0.0,0.0,0.0,0.000,0.053,79826,50493,0.0,0.0,0.0,0.000,0.000,52,0,46.9,61.2,83.0,0.688,12.141,12.189,12.158,12.076,1128,36.606,13.219,16.224,3.815,31.708,22.679,9.013,0.336,16.224,19.641,1.954,10.592,220.000,240.000,1035.0,1250.2,975.0,1064.6,1050.0,38.0,8.0,0.0,1.0,28.0,3.5,13.9,0.0,0.0,0.0,33,Yes,No,No,No,No,Yes,No,16.3,21.4,0,0,0,0,0,0,0,0,0,9,0,0,0,0,0,0,0,0,0,0,0,0,0,0,0,0,0,0,0,0,5898,2294,2129,91,8.0,239.8,255.3,222.9,217.6,219.2,217.6,239.8,242.6,237.6,236.4,236.9,236.2,4.17,4.56,3.89,3.54,4.58,4.60,0.66,0.10,4.06,0.11,0.10,0,0,0.0,0.0,13577,1182,3.0,2.2,0,
8.7.2026,15:25:21.598,18599,27394,40.4,13553,19129,41.4,0.5,13312,70,1.340,1.312,1.344,1.344,1.344,1.344,1.344,1.344,1.344,4111.3,4067.7,4117.6,4117.6,4117.6,4117.6,4117.6,4117.6,4117.6,99.8,1366.9,3489.3,1610.6,3214.7,1212.7,2011.0,1272.0,1560.4,1051.4,695.2,671.8,1297.2,822.6,1043.1,701.9,611.8,604.2,1366.9,30.4,55.1,37.9,78.0,28.7,48.2,29.3,37.2,24.5,15.6,14.9,30.8,19.1,24.1,15.5,13.6,13.4,78.0,30.4,34.7,62.5,42.9,88.5,32.5,54.7,33.8,42.2,27.8,18.4,17.6,34.9,21.6,27.4,18.3,16.1,15.9,34.7,41.2,40.8,41.2,41.2,41.2,41.2,41.2,41.2,41.2,0.0,78.4,85.3,95.2,85.0,80.8,68.3,75.1,71.6,66.1,21.6,14.7,4.8,15.0,19.2,31.7,24.9,28.4,33.9,0.0,0.0,0.0,0.0,0.0,0.0,0.0,0.0,0.0,1197.8,12.00,16,16,16,39,55,661,1,72.0,71.4,71.0,67.6,69.6,70.8,69.6,67.9,65.7,66.5,65.7,65.1,62.9,63.3,62.6,54.2,51.6,1.350,1.031,1.350,13.478,11.053,13.471,70.594,38.537,4.133,5.236,6.114,4.807,4.087,2.997,3.664,3.311,2.850,18.134,11.387,29.521,38.625,1197.8,1197.8,4091.9,4092.3,4091.5,4092.3,43.9,22.5,78.4,75.2,54.7,No,No,No,1.408,0.298,6.3,50,95.0,100.0,No,No,91293,99096,35,99.0,No,No,3320,0.0,0.0,0.0,0.000,0.010,79826,50493,0.0,0.0,0.0,0.000,0.000,52,0,46.9,61.2,83.0,0.688,12.142,12.190,12.159,12.077,1133,36.997,13.424,16.836,3.974,32.148,22.778,9.353,0.336,16.836,19.618,2.564,9.796,220.000,240.000,1080.0,1250.2,975.0,1090.7,1050.0,39.0,8.0,0.0,2.0,28.0,3.7,14.7,0.0,0.0,0.0,33,Yes,No,No,No,No,Yes,No,16.6,20.8,0,0,0,0,0,0,0,0,0,9,0,0,0,0,0,0,0,0,0,0,0,0,0,0,0,0,0,0,0,0,5898,2294,2129,90,8.0,239.8,259.4,219.9,216.4,218.0,215.8,239.8,242.2,237.5,237.1,237.3,237.0,4.17,4.57,3.83,3.74,4.59,4.61,0.65,0.16,4.06,0.11,0.10,0,0,0.0,0.0,13577,1182,2.4,2.0,0,
8.7.2026,15:25:23.592,18594,27399,40.4,13557,19125,41.4,0.5,13312,70,1.333,1.337,1.337,1.331,1.331,1.331,1.331,1.331,1.331,4092.6,4092.6,4092.6,4092.6,4092.6,4092.6,4092.6,4092.6,4092.6,99.8,1389.8,3515.4,1686.6,1720.6,2707.6,1484.9,1788.2,1464.1,1211.7,761.3,703.7,1386.5,827.3,997.4,769.2,580.0,632.3,1389.8,31.2,55.7,39.4,41.4,65.4,34.7,42.9,34.6,28.3,18.4,16.9,32.7,19.2,22.7,18.4,14.0,15.3,65.4,31.2,35.2,63.1,44.7,47.0,74.2,39.4,48.1,39.2,32.1,20.1,18.5,37.1,21.8,25.8,20.2,15.1,16.5,35.2,41.0,41.0,41.0,41.0,41.0,41.0,41.0,41.0,41.0,0.0,79.7,85.9,95.5,85.5,82.0,70.9,76.6,73.4,67.9,20.3,14.1,4.5,14.5,18.0,29.1,23.4,26.6,32.1,0.0,0.0,0.0,0.0,0.0,0.0,0.0,0.0,0.0,1197.8,12.00,16,16,16,39,55,661,1,71.9,71.8,71.2,67.8,69.7,71.2,69.7,68.1,66.0,66.7,65.7,65.2,63.0,63.4,62.7,53.8,51.4,1.337,1.031,1.344,13.484,11.012,13.485,71.749,38.547,4.200,5.361,6.191,4.854,4.143,3.110,3.743,3.337,2.860,18.146,11.345,29.491,38.602,1197.8,1197.8,4090.9,4091.1,4090.8,4091.1,43.9,22.5,79.7,75.6,53.9,No,No,No,1.346,0.250,6.4,50,95.0,100.0,No,No,91293,99096,35,99.0,No,No,3320,0.0,0.0,0.0,0.000,0.008,79826,50493,0.0,0.0,0.0,0.000,0.000,52,0,46.9,61.2,83.0,0.688,12.142,12.190,12.159,12.077,1128,36.302,13.964,16.874,4.059,32.270,22.886,9.374,0.336,16.874,19.796,6.849,10.323,220.000,240.000,1020.0,1250.2,975.0,1069.1,1050.0,35.0,7.0,0.0,1.0,28.0,3.3,13.1,0.0,0.0,0.0,33,Yes,No,No,No,No,Yes,No,16.7,20.6,0,0,0,0,0,0,0,0,0,9,0,0,0,0,0,0,0,0,0,0,0,0,0,0,0,0,0,0,0,0,5896,2296,2131,90,8.0,239.8,258.5,222.9,197.6,209.6,192.6,0.0,0.0,0.0,0.0,0.0,0.0,4.17,4.50,3.84,3.40,4.79,5.24,0.58,0.09,4.06,0.11,0.00,0,0,0.0,0.0,13577,1182,3.0,1.8,0,
8.7.2026,15:25:25.597,18593,27401,40.4,13556,19126,41.4,0.5,13312,70,1.327,1.337,1.325,1.325,1.325,1.325,1.325,1.325,1.325,4092.6,4092.6,4092.6,4092.6,4092.6,4092.6,4092.6,4092.6,4092.6,99.8,1340.2,3455.0,1558.4,1230.2,3185.4,1436.1,1670.9,1377.1,1264.1,702.3,624.6,1274.4,838.4,949.4,743.2,559.1,574.9,1340.2,30.0,54.6,36.6,29.1,77.6,33.9,39.7,32.6,29.8,16.5,14.5,30.1,19.5,21.7,17.2,12.9,13.2,77.6,30.0,34.0,62.0,41.5,33.1,88.1,38.4,45.0,37.0,33.9,18.7,16.4,34.2,22.1,24.7,19.5,14.7,15.0,34.0,41.0,41.0,41.0,41.0,41.0,41.0,41.0,41.0,41.0,0.0,77.2,84.5,95.8,82.4,79.7,67.4,73.9,70.1,64.0,22.8,15.5,4.2,17.6,20.3,32.6,26.1,29.9,36.0,0.0,0.0,0.0,0.0,0.0,0.0,0.0,0.0,0.0,1197.8,12.00,16,16,16,39,55,661,1,71.6,71.3,72.8,67.4,69.4,70.8,68.9,67.8,65.5,66.3,65.4,64.9,62.8,63.1,62.4,54.2,51.4,1.344,1.038,1.337,13.095,11.037,13.099,69.506,38.020,4.072,5.204,6.151,4.531,4.047,2.984,3.618,3.253,2.787,17.622,11.370,28.992,38.102,1197.8,1197.8,4092.9,4093.9,4091.8,4093.9,43.3,21.8,77.2,75.1,53.9,No,No,No,1.356,0.276,6.2,50,95.0,100.0,No,No,91293,99096,35,99.0,No,No,3320,0.2,0.0,0.2,0.032,0.034,79827,50493,0.0,0.0,0.0,0.000,0.000,52,0,46.9,61.1,83.0,0.688,12.135,12.182,12.152,12.070,1132,36.814,13.398,16.452,3.996,31.948,22.801,9.139,0.336,16.452,19.834,2.097,10.922,220.000,240.000,1050.0,1250.2,975.0,1027.4,1050.0,38.0,8.0,0.0,1.0,28.0,3.6,14.6,0.0,0.0,0.0,33,Yes,No,No,No,No,Yes,No,16.5,20.6,0,0,0,0,0,0,0,0,0,9,0,0,0,0,0,0,0,0,0,0,0,0,0,0,0,0,0,0,0,0,5896,2296,2131,90,8.0,239.8,262.4,218.4,215.3,216.6,214.9,239.8,242.5,237.2,235.3,236.4,234.8,4.17,4.65,3.76,3.61,4.70,4.74,0.67,0.10,4.06,0.11,0.13,0,0,0.0,0.0,13577,1182,3.3,2.6,0,
8.7.2026,15:25:27.597,18591,27403,40.4,13555,19126,41.4,0.5,13312,70,1.330,1.331,1.325,1.325,1.331,1.331,1.331,1.331,1.331,4092.6,4092.6,4092.6,4092.6,4092.6,4092.6,4092.6,4092.6,4092.6,99.8,1430.1,3565.8,2019.5,1684.6,2761.8,1455.1,1901.2,1510.8,1238.1,788.3,704.6,1331.7,883.1,1003.5,769.1,616.8,646.8,1430.1,31.8,51.6,47.9,40.3,67.1,34.2,45.3,35.8,29.1,18.5,16.3,31.5,20.5,23.0,17.8,14.3,15.1,67.1,31.8,36.0,58.4,54.3,45.7,76.0,38.8,51.3,40.5,33.0,20.9,18.5,35.7,23.2,26.0,20.1,16.2,17.0,36.0,41.0,41.0,41.0,41.0,41.0,41.0,41.0,41.0,41.0,0.0,80.5,87.2,96.1,86.0,82.4,71.7,77.5,74.1,68.7,19.5,12.8,3.9,14.0,17.6,28.3,22.5,25.9,31.3,0.0,0.0,0.0,0.0,0.0,0.0,0.0,0.0,0.0,1197.8,12.00,16,16,16,39,55,661,1,71.6,71.7,72.5,67.7,70.0,70.8,69.6,67.9,66.0,66.7,65.7,65.2,63.0,63.3,62.6,53.8,51.5,1.344,1.038,1.356,13.615,11.057,13.612,72.411,38.716,4.193,5.482,6.067,4.771,4.135,3.125,3.744,3.343,2.873,18.302,11.392,29.694,38.802,1197.8,1197.8,4089.3,4089.3,4089.3,4089.3,44.1,22.7,80.5,75.5,54.4,No,No,No,1.390,0.256,6.4,50,95.0,100.0,No,No,91293,99096,35,99.0,No,No,3320,0.0,0.0,0.0,0.000,0.006,79827,50493,0.0,0.0,0.0,0.000,0.000,52,0,46.9,61.5,83.0,0.688,12.140,12.188,12.157,12.075,1129,36.621,13.358,16.447,3.912,32.070,22.906,9.137,0.336,16.447,19.876,2.006,10.442,220.000,240.000,1005.0,1250.2,975.0,1039.5,1050.0,39.0,9.0,0.0,1.0,28.0,3.5,13.8,0.0,0.0,0.0,33,Yes,No,No,No,No,Yes,No,16.5,20.5,0,0,0,0,0,0,0,0,0,9,0,0,0,0,0,0,0,0,0,0,0,0,0,0,0,0,0,0,0,0,5896,2296,2131,90,8.0,239.8,261.1,219.9,202.1,208.8,200.7,238.7,242.3,236.5,134.9,177.8,119.7,4.17,4.63,3.79,3.64,4.83,4.99,0.68,0.14,4.06,0.11,0.11,0,0,0.0,0.0,13577,1182,3.8,5.6,0,
8.7.2026,15:25:29.594,18594,27400,40.4,13551,19130,41.4,0.5,13312,70,1.322,1.337,1.319,1.319,1.319,1.319,1.319,1.319,1.325,4073.9,4117.6,4067.7,4067.7,4067.7,4067.7,4067.7,4067.7,4067.7,99.8,1410.5,3530.0,2034.0,3013.6,1474.3,1823.5,1466.0,1615.4,1110.6,719.1,641.8,1293.3,839.9,1063.9,742.1,564.7,635.3,1410.5,31.0,48.0,48.2,73.1,35.1,43.3,34.5,38.2,26.0,16.7,14.8,30.4,19.4,24.5,17.1,12.7,14.5,73.1,31.0,35.2,54.5,54.7,82.9,39.8,49.2,39.2,43.4,29.5,19.0,16.8,34.5,22.1,27.8,19.5,14.5,16.5,35.2,40.8,41.2,40.8,40.8,40.8,40.8,40.8,40.8,40.8,0.0,79.8,86.3,96.3,85.5,82.2,70.7,76.3,73.8,67.6,20.2,13.7,3.7,14.5,17.8,29.3,23.7,26.2,32.4,0.0,0.0,0.0,0.0,0.0,0.0,0.0,0.0,0.0,1197.8,12.00,16,16,16,39,55,661,1,71.6,71.9,73.8,67.7,69.8,71.3,69.5,68.1,65.9,66.5,65.8,65.1,63.0,63.3,62.6,53.2,51.6,1.325,1.031,1.325,13.659,11.063,13.656,71.856,38.775,4.198,5.368,6.300,4.791,4.162,3.051,3.685,3.386,2.842,18.365,11.398,29.763,38.873,1197.8,1197.8,4090.3,4090.4,4090.1,4090.4,44.2,22.8,79.8,75.7,54.5,No,No,No,1.376,0.297,6.4,50,95.0,100.0,No,No,91293,99096,35,99.0,No,No,3320,0.0,0.0,0.0,0.000,0.063,79827,50494,0.0,0.0,0.0,0.000,0.000,52,0,46.9,61.3,83.0,0.694,12.141,12.189,12.158,12.076,1132,37.697,13.666,17.424,4.437,32.766,23.065,9.680,0.336,17.424,20.116,2.062,9.352,220.000,240.000,1140.0,1250.2,990.0,1001.0,1080.0,39.0,9.0,0.0,2.0,28.0,3.7,15.0,0.0,0.0,0.0,33,Yes,No,No,No,No,Yes,No,17.1,20.5,0,0,0,0,0,0,0,0,0,9,0,0,0,0,0,0,0,0,0,0,0,0,0,0,0,0,0,0,0,0,5895,2297,2132,91,8.0,239.7,258.4,221.9,193.4,207.4,187.4,239.8,243.0,236.9,236.3,236.5,236.3,4.17,4.55,3.84,3.44,4.83,5.36,0.70,0.17,4.06,0.11,0.10,0,0,0.0,0.0,13577,1182,2.7,1.5,0,
8.7.2026,15:25:31.596,18601,27393,40.4,13561,19121,41.4,0.5,13312,70,1.334,1.344,1.337,1.337,1.337,1.325,1.325,1.331,1.331,4092.6,4092.6,4092.6,4092.6,4092.6,4092.6,4092.6,4092.6,4092.6,99.8,1402.7,3545.0,2042.1,3111.2,1361.5,1759.2,1456.5,1405.7,1262.9,654.9,692.2,1146.4,982.1,904.0,883.6,536.7,699.8,1402.7,30.9,48.6,48.4,75.6,32.3,41.8,34.3,33.4,29.7,15.2,16.0,26.9,23.0,20.4,20.6,12.5,16.4,75.6,30.9,35.1,55.1,54.9,85.7,36.6,47.3,38.9,37.8,33.7,17.2,18.1,30.5,26.1,23.1,23.4,14.2,18.6,35.1,41.0,41.0,41.0,41.0,41.0,41.0,41.0,41.0,41.0,0.0,79.8,86.7,95.6,85.1,81.7,70.5,76.1,73.7,68.7,20.2,13.3,4.4,14.9,18.3,29.5,23.9,26.3,31.3,0.0,0.0,0.0,0.0,0.0,0.0,0.0,0.0,0.0,1197.8,12.00,16,16,16,39,55,661,1,71.8,71.9,70.8,67.8,69.9,71.2,69.5,68.2,65.7,66.6,65.8,65.3,63.0,63.3,62.6,55.2,51.8,1.350,1.031,1.356,13.583,11.021,13.591,71.800,38.679,4.194,5.426,6.230,4.769,4.135,3.013,3.677,3.393,2.908,18.266,11.354,29.620,38.743,1197.8,1197.8,4090.4,4090.6,4090.3,4090.6,44.0,22.7,79.8,75.7,54.3,No,No,No,1.361,0.268,6.4,50,95.0,100.0,No,No,91293,99096,35,99.0,No,No,3320,0.0,0.1,0.1,0.000,0.127,79827,50494,0.0,0.0,0.0,0.000,0.000,52,0,46.8,61.1,83.0,0.688,12.141,12.190,12.158,12.076,1132,36.763,13.235,16.638,3.986,31.940,22.678,9.243,0.336,16.638,19.633,2.135,9.119,220.000,240.000,1065.0,1250.2,975.0,1137.7,1050.0,39.0,8.0,0.0,2.0,28.0,3.3,13.3,0.0,0.0,0.0,33,Yes,No,No,No,No,Yes,No,16.5,20.7,0,0,0,0,0,0,0,0,0,9,0,0,0,0,0,0,0,0,0,0,0,0,0,0,0,0,0,0,0,0,5895,2297,2132,91,8.0,233.6,257.6,217.1,42.4,78.1,34.3,232.6,242.4,236.7,45.0,71.8,39.9,4.28,4.67,3.86,3.82,12.92,29.38,0.67,0.12,4.06,0.22,0.30,0,0,0.0,0.0,13577,1182,2.4,2.2,0,
8.7.2026,15:25:33.590,18612,27382,40.4,13565,19116,41.5,0.5,13312,70,1.330,1.319,1.331,1.331,1.331,1.331,1.331,1.331,1.331,4080.1,4067.7,4092.6,4092.6,4092.6,4092.6,4067.7,4067.7,4067.7,99.8,1385.7,3498.7,1876.4,1851.4,2544.9,1425.7,1755.0,1166.1,1472.5,615.5,857.0,1021.6,1184.9,806.5,985.5,491.5,617.4,1385.7,30.7,50.5,44.4,44.4,61.7,33.6,41.8,27.4,34.9,14.2,20.1,23.7,28.0,18.1,23.1,11.2,14.2,61.7,30.7,34.9,57.3,50.4,50.5,70.0,38.2,47.4,31.1,39.6,16.2,22.8,27.0,31.9,20.7,26.3,12.8,16.2,34.9,40.9,40.8,41.0,41.0,41.0,41.0,40.8,40.8,40.8,0.0,79.0,85.6,96.1,84.0,80.7,70.3,75.8,72.8,66.5,21.0,14.4,3.9,16.0,19.3,29.7,24.2,27.2,33.5,0.0,0.0,0.0,0.0,0.0,0.0,0.0,0.0,0.0,1197.8,12.00,16,16,16,39,55,661,1,71.8,71.8,72.2,67.8,69.9,70.9,69.6,68.0,66.1,66.7,65.9,65.0,63.0,63.3,62.6,55.2,51.9,1.350,1.025,1.337,13.604,11.049,13.599,71.068,38.703,4.180,5.362,6.207,4.750,4.091,3.145,3.704,3.391,2.785,18.284,11.384,29.668,38.776,1197.8,1197.8,4088.8,4089.2,4088.5,4089.2,44.1,22.7,79.0,75.6,54.5,No,No,No,1.394,0.286,6.3,50,95.0,100.0,No,No,91293,99096,35,99.0,No,No,3320,0.0,0.0,0.0,0.000,0.016,79827,50494,0.0,0.0,0.0,0.000,0.000,52,0,46.8,61.2,83.0,0.688,12.141,12.190,12.158,12.076,1131,36.953,13.581,16.782,4.096,32.061,22.726,9.323,0.336,16.782,19.715,2.020,11.966,220.000,240.000,1095.0,1250.2,975.0,1045.3,1050.0,40.0,8.0,0.0,2.0,28.0,3.5,13.9,0.0,0.0,0.0,33,Yes,No,No,No,No,Yes,No,16.6,20.4,0,0,0,0,0,0,0,0,0,9,0,0,0,0,0,0,0,0,0,0,0,0,0,0,0,0,0,0,0,0,5895,2297,2132,91,8.0,239.8,258.3,222.7,211.4,216.3,209.6,239.8,242.7,237.1,233.0,235.3,231.8,4.17,4.52,3.86,3.67,4.62,4.78,0.71,0.10,4.06,0.11,0.11,0,0,0.0,0.0,13577,1182,2.9,2.1,0,
8.7.2026,15:25:35.594,18609,27384,40.4,13570,19112,41.5,0.5,13312,70,1.337,1.331,1.337,1.337,1.337,1.337,1.337,1.337,1.337,4092.6,4092.6,4092.6,4092.6,4092.6,4092.6,4092.6,4092.6,4092.6,99.8,1464.4,3503.1,1964.5,1194.7,3213.8,1274.7,2067.4,1189.7,1568.8,636.3,902.8,1077.3,1224.9,866.0,1142.2,782.1,821.8,1464.4,32.7,49.3,46.7,28.3,78.5,30.1,49.6,28.0,37.5,14.8,21.3,25.4,29.1,19.7,27.1,18.4,19.3,78.5,32.7,36.9,55.8,52.8,32.0,88.8,34.0,56.1,31.7,42.4,16.7,24.0,28.6,32.8,22.2,30.6,20.8,21.7,36.9,41.0,41.0,41.0,41.0,41.0,41.0,41.0,41.0,41.0,0.0,80.3,85.9,95.6,85.4,81.5,71.5,77.0,74.9,71.0,19.7,14.1,4.4,14.6,18.5,28.5,23.0,25.1,29.0,0.0,0.0,0.0,0.0,0.0,0.0,0.0,0.0,0.0,1197.8,12.00,16,16,16,39,55,661,1,72.2,72.9,70.5,68.6,70.2,71.2,70.1,68.5,66.8,67.8,67.0,67.3,63.2,63.5,62.9,53.5,51.6,1.350,1.031,1.344,14.181,11.039,14.184,72.307,39.443,4.381,5.352,6.132,4.895,4.247,3.280,3.941,3.718,3.480,19.035,11.378,30.414,39.538,1197.8,1197.8,4079.9,4079.9,4079.9,4079.9,44.9,23.6,80.3,76.7,54.1,No,No,No,1.460,0.296,6.4,50,95.0,100.0,No,No,91293,99096,35,99.0,No,No,3320,0.0,0.0,0.0,0.000,0.016,79827,50494,0.0,0.0,0.0,0.000,0.000,52,0,46.9,61.3,83.0,0.719,12.137,12.183,12.155,12.073,1129,38.422,14.476,19.168,4.837,33.705,23.047,10.649,0.336,19.168,19.723,2.201,11.922,220.000,240.000,1200.0,1250.2,1050.0,1185.8,1140.0,35.0,8.0,0.0,2.0,28.0,3.6,14.4,0.0,0.0,0.0,33,Yes,No,No,No,No,Yes,No,17.7,22.1,0,0,0,0,0,0,0,0,0,9,0,0,0,0,0,0,0,0,0,0,0,0,0,0,0,0,0,0,0,0,5895,2297,2132,91,8.0,239.7,263.8,224.3,196.4,211.0,189.5,0.0,0.0,0.0,0.0,0.0,0.0,4.17,4.53,3.80,3.47,4.79,5.28,0.50,0.17,4.06,0.11,0.00,0,0,0.0,0.0,13577,1182,4.8,1.7,0,
8.7.2026,15:25:37.598,18618,27375,40.4,13574,19108,41.5,0.5,13312,70,1.340,1.344,1.344,1.344,1.337,1.337,1.337,1.337,1.337,4092.6,4092.6,4092.6,4092.6,4092.6,4092.6,4092.6,4092.6,4092.6,99.8,1422.5,3489.3,1958.7,1422.1,3039.4,1330.9,1923.3,1205.5,1533.2,589.3,868.3,1091.5,1211.4,792.4,1037.4,491.1,776.5,1422.5,31.6,49.7,46.4,33.7,74.1,31.3,46.0,28.4,36.5,13.6,20.4,25.6,28.7,17.7,24.4,11.2,18.2,74.1,31.6,35.9,56.4,52.6,38.3,84.1,35.5,52.2,32.2,41.3,15.4,23.1,29.0,32.6,20.1,27.7,12.7,20.6,35.9,41.0,41.0,41.0,41.0,41.0,41.0,41.0,41.0,41.0,0.0,79.3,85.4,95.9,84.6,81.4,70.3,76.0,73.4,67.6,20.7,14.6,4.1,15.4,18.6,29.7,24.0,26.6,32.4,0.0,0.0,0.0,0.0,0.0,0.0,0.0,0.0,0.0,1197.8,12.00,16,16,16,39,55,661,1,72.2,71.8,71.2,67.9,69.8,71.1,69.7,68.2,66.0,66.8,66.0,65.4,63.0,63.4,62.7,55.8,51.6,1.344,1.025,1.344,13.679,11.080,13.675,71.373,38.836,4.203,5.312,6.160,4.799,4.173,3.078,3.803,3.413,2.883,18.389,11.414,29.803,38.917,1197.8,1197.8,4088.8,4089.3,4088.2,4089.3,44.2,22.8,79.3,75.6,54.5,No,No,No,1.455,0.298,6.3,50,95.0,100.0,No,No,91293,99096,35,99.0,No,No,3320,0.0,0.6,0.6,0.065,9.092,79827,50511,0.0,0.0,0.0,0.000,0.000,52,0,46.8,61.1,83.0,0.694,12.138,12.185,12.155,12.073,1132,37.158,13.377,16.856,4.106,32.040,22.660,9.364,0.336,16.856,19.631,2.073,9.848,220.000,240.000,1125.0,1250.2,990.0,1124.0,1080.0,37.0,8.0,0.0,2.0,28.0,3.3,13.1,0.0,0.0,0.0,33,Yes,No,No,No,No,Yes,No,16.6,20.0,0,0,0,0,0,0,0,0,0,9,0,0,0,0,0,0,0,0,0,0,0,0,0,0,0,0,0,0,0,0,5894,2298,2133,91,8.0,239.8,268.2,225.6,199.8,210.5,196.5,239.8,242.5,237.2,237.0,237.0,236.9,4.17,4.51,3.74,3.49,4.76,5.01,0.63,0.07,4.06,0.11,0.12,0,0,0.0,0.0,13577,1182,4.8,5.1,0,
8.7.2026,15:25:39.601,18621,27373,40.4,13584,19097,41.5,0.5,13312,70,1.331,1.331,1.331,1.331,1.331,1.331,1.331,1.331,1.331,4089.5,4067.7,4092.6,4092.6,4092.6,4092.6,4092.6,4092.6,4092.6,99.8,1368.0,3418.6,1973.2,3091.3,1294.3,1836.5,1409.0,1212.6,1379.3,590.0,738.8,947.3,1139.8,785.2,929.6,474.7,668.3,1368.0,30.2,46.2,46.9,75.1,30.7,44.0,33.2,28.6,32.7,13.7,17.2,22.2,26.9,17.7,21.8,10.9,15.6,75.1,30.2,34.2,52.4,53.2,85.2,34.8,49.9,37.7,32.4,37.1,15.5,19.5,25.1,30.5,20.0,24.7,12.3,17.6,34.2,41.0,40.8,41.0,41.0,41.0,41.0,41.0,41.0,41.0,0.0,77.2,83.6,94.8,84.0,78.9,67.8,72.9,70.2,65.0,22.8,16.4,5.2,16.0,21.1,32.2,27.1,29.8,35.0,0.0,0.0,0.0,0.0,0.0,0.0,0.0,0.0,0.0,1197.8,12.00,16,16,16,39,55,661,1,72.2,71.6,71.0,67.6,69.7,70.9,69.5,67.9,65.7,66.3,65.6,65.0,62.9,63.2,62.6,56.0,51.4,1.319,1.038,1.344,13.385,11.050,13.389,69.429,38.447,4.115,5.250,6.153,4.794,4.038,2.984,3.602,3.310,2.789,18.000,11.383,29.383,38.498,1197.8,1197.8,4090.6,4091.4,4089.9,4091.8,43.7,22.3,77.1,75.4,54.5,No,No,No,1.389,0.295,6.2,50,95.0,100.0,No,No,91293,99096,35,99.0,No,No,3320,0.0,0.0,0.0,0.000,0.061,79827,50511,0.0,0.0,0.0,0.000,0.000,52,0,46.7,61.1,83.0,0.694,12.140,12.188,12.157,12.075,1128,37.184,14.165,18.021,4.631,33.116,23.087,10.011,0.336,18.021,20.067,2.103,12.253,220.000,240.000,1140.0,1250.2,990.0,1131.1,1080.0,39.0,8.0,0.0,2.0,28.0,3.3,13.1,0.0,0.0,0.0,33,Yes,No,No,No,No,Yes,No,17.3,20.4,0,0,0,0,0,0,0,0,0,9,0,0,0,0,0,0,0,0,0,0,0,0,0,0,0,0,0,0,0,0,5894,2298,2133,91,8.0,239.7,256.4,219.4,204.3,211.2,201.1,239.8,243.0,236.3,235.9,235.9,235.8,4.17,4.61,3.85,3.56,4.76,4.94,0.60,0.09,4.06,0.11,0.12,0,0,0.0,0.0,13577,1182,3.7,2.0,0,
8.7.2026,15:25:41.595,18624,27369,40.4,13579,19103,41.5,0.5,13312,70,1.333,1.331,1.337,1.337,1.331,1.331,1.331,1.331,1.331,4092.6,4092.6,4092.6,4092.6,4092.6,4092.6,4092.6,4092.6,4092.6,99.8,1379.6,3463.0,1935.8,3240.5,1251.9,1749.8,1423.3,1298.8,1342.6,579.3,753.8,956.7,1126.0,793.2,948.1,514.0,697.3,1379.6,30.6,49.1,45.9,79.0,29.6,41.5,33.6,30.8,31.8,13.4,17.6,22.2,26.6,17.8,22.3,11.8,16.3,79.0,30.6,34.6,55.6,52.0,89.6,33.5,47.1,38.1,34.9,36.0,15.1,19.9,25.2,30.1,20.2,25.3,13.4,18.4,34.6,41.0,41.0,41.0,41.0,41.0,41.0,41.0,41.0,41.0,0.0,77.9,84.7,96.1,83.3,80.6,68.1,74.0,71.2,65.6,22.1,15.3,3.9,16.7,19.4,31.9,26.0,28.8,34.4,0.0,0.0,0.0,0.0,0.0,0.0,0.0,0.0,0.0,1197.8,12.00,16,16,16,39,55,661,1,72.0,71.4,72.2,67.5,69.6,71.0,69.2,67.9,65.7,66.4,65.6,65.0,62.8,63.2,62.5,53.5,51.6,1.350,1.038,1.350,13.386,11.062,13.385,70.143,38.411,4.124,5.246,6.228,4.663,4.096,3.004,3.630,3.318,2.810,18.006,11.396,29.402,38.511,1197.8,1197.8,4091.1,4091.9,4090.4,4091.9,43.8,22.3,77.9,75.2,54.4,No,No,No,1.409,0.302,6.2,50,95.0,100.0,No,No,91293,99096,35,99.0,No,No,3320,0.0,0.0,0.0,0.000,0.069,79827,50511,0.0,0.0,0.0,0.000,0.000,52,0,46.8,61.2,83.0,0.694,12.138,12.186,12.156,12.074,1132,37.664,13.463,17.221,4.302,32.528,22.952,9.567,0.336,17.221,19.949,1.997,8.554,220.000,240.000,1125.0,1250.2,990.0,1123.6,1080.0,39.0,8.0,0.0,2.0,28.0,3.4,13.5,0.0,0.0,0.0,33,Yes,No,No,No,No,Yes,No,16.9,21.5,0,0,0,0,0,0,0,0,0,9,0,0,0,0,0,0,0,0,0,0,0,0,0,0,0,0,0,0,0,0,5894,2298,2133,91,8.0,239.8,260.3,223.0,214.4,218.3,213.0,0.0,0.0,0.0,0.0,0.0,0.0,4.17,4.54,3.85,3.69,4.61,4.67,0.54,0.12,4.06,0.11,0.00,0,0,0.0,0.0,13577,1182,3.1,2.7,0,
8.7.2026,15:25:43.603,18624,27369,40.4,13584,19098,41.5,0.5,13312,70,1.327,1.319,1.331,1.331,1.331,1.325,1.325,1.325,1.325,4070.8,4092.6,4067.7,4067.7,4067.7,4067.7,4067.7,4067.7,4067.7,99.8,1358.6,3418.2,1739.0,1982.4,2472.5,1546.0,1595.8,1171.6,1456.2,595.8,780.9,990.5,1124.3,804.6,937.3,472.0,649.7,1358.6,30.3,51.1,41.0,47.8,59.6,36.9,37.9,27.6,34.7,13.9,18.3,23.3,26.7,18.3,22.1,10.8,15.2,59.6,30.3,34.4,58.0,46.5,54.2,67.7,41.8,43.0,31.4,39.3,15.7,20.7,26.4,30.2,20.7,25.0,12.2,17.2,34.4,40.8,41.0,40.8,40.8,40.8,40.8,40.8,40.8,40.8,0.0,77.0,83.5,95.7,83.0,78.8,67.1,73.5,70.1,64.2,23.0,16.5,4.3,17.0,21.2,32.9,26.5,29.9,35.8,0.0,0.0,0.0,0.0,0.0,0.0,0.0,0.0,0.0,1197.8,12.00,16,16,16,39,55,661,1,72.0,71.3,71.2,67.5,69.4,70.8,69.3,67.9,65.6,66.4,65.6,64.9,62.8,63.2,62.5,55.0,51.8,1.344,1.031,1.350,13.238,11.039,13.236,69.294,38.205,4.096,5.193,6.159,4.657,4.053,3.012,3.634,3.302,2.756,17.810,11.375,29.185,38.292,1197.8,1197.8,4092.2,4092.9,4091.6,4092.9,43.5,22.1,77.0,75.1,54.1,No,No,No,1.395,0.300,6.2,50,95.0,100.0,No,No,91293,99096,35,99.0,No,No,3320,0.0,0.0,0.0,0.000,0.010,79827,50511,0.0,0.0,0.0,0.000,0.000,52,0,46.6,61.1,83.0,0.688,12.138,12.184,12.155,12.073,1129,37.518,13.490,16.659,4.130,32.235,22.964,9.255,0.336,16.659,20.041,2.061,10.562,220.000,240.000,1110.0,1250.2,975.0,1111.2,1050.0,39.0,8.0,0.0,2.0,28.0,3.5,14.0,0.0,0.0,0.0,33,Yes,No,No,No,No,Yes,No,16.7,21.2,0,0,0,0,0,0,0,0,0,9,0,0,0,0,0,0,0,0,0,0,0,0,0,0,0,0,0,0,0,0,5894,2298,2133,91,8.0,239.8,260.0,221.0,218.8,219.5,218.4,0.0,0.0,0.0,0.0,0.0,0.0,4.17,4.55,3.82,3.67,4.60,4.64,0.61,0.04,4.06,0.11,0.00,0,0,0.0,0.0,13577,1182,3.5,2.4,0,
8.7.2026,15:25:45.595,18628,27365,40.5,13579,19102,41.5,0.5,13312,70,1.333,1.331,1.331,1.331,1.331,1.331,1.331,1.331,1.344,4114.5,4092.6,4117.6,4117.6,4117.6,4117.6,4117.6,4117.6,4117.6,99.8,1358.4,3438.7,1515.4,1328.3,3060.6,1390.4,1780.0,1235.9,1427.3,676.5,762.8,1177.8,961.1,884.3,892.1,576.4,626.9,1358.4,30.6,57.6,35.6,31.5,74.7,32.8,42.3,29.1,33.9,15.7,17.8,27.7,22.5,20.1,20.9,13.4,14.5,74.7,30.6,34.7,65.3,40.4,35.8,84.7,37.2,48.0,33.0,38.5,17.8,20.2,31.4,25.5,22.8,23.7,15.1,16.4,34.7,41.2,41.0,41.2,41.2,41.2,41.2,41.2,41.2,41.2,0.0,76.6,84.1,95.4,81.9,79.0,67.0,72.3,69.6,63.8,23.4,15.9,4.6,18.1,21.0,33.0,27.7,30.4,36.2,0.0,0.0,0.0,0.0,0.0,0.0,0.0,0.0,0.0,1197.8,12.00,16,16,16,39,55,661,1,71.9,71.5,72.0,67.4,69.6,70.8,69.0,67.8,65.6,66.3,65.5,65.0,62.7,63.0,62.4,53.2,51.4,1.362,1.019,1.356,13.350,11.034,13.349,68.980,38.344,4.106,5.337,6.095,4.581,4.075,3.026,3.629,3.292,2.816,17.963,11.367,29.330,38.433,1197.8,1197.8,4092.5,4093.4,4091.6,4093.4,43.7,22.2,76.6,75.2,54.6,No,No,No,1.385,0.280,6.1,50,95.0,100.0,No,No,91293,99096,35,99.0,No,No,3320,0.0,0.0,0.0,0.016,0.059,79827,50512,0.0,0.0,0.0,0.000,0.000,52,0,46.5,60.9,83.0,0.688,12.136,12.183,12.153,12.072,1129,36.864,13.585,16.784,4.130,32.243,22.900,9.324,0.336,16.784,19.923,1.939,11.489,220.000,240.000,1095.0,1250.2,975.0,1107.7,1050.0,39.0,8.0,0.0,2.0,28.1,3.4,13.7,0.0,0.0,0.0,33,Yes,No,No,No,No,Yes,No,16.7,21.1,0,0,0,0,0,0,0,0,0,9,0,0,0,0,0,0,0,0,0,0,0,0,0,0,0,0,0,0,0,0,5894,2298,2133,91,8.0,239.8,258.7,224.3,220.1,221.5,219.9,0.0,0.0,0.0,0.0,0.0,0.0,4.17,4.50,3.83,3.55,4.52,4.53,0.57,0.05,4.06,0.11,0.00,0,0,0.0,0.0,13577,1182,18.7,3.3,0,
8.7.2026,15:25:47.596,18629,27365,40.5,13589,19092,41.5,0.5,13312,70,1.329,1.312,1.331,1.331,1.331,1.331,1.331,1.331,1.331,4092.6,4092.6,4092.6,4092.6,4092.6,4092.6,4092.6,4092.6,4092.6,99.8,1441.8,3579.2,1593.1,1452.6,3098.3,1530.4,1906.8,1462.9,1345.3,852.9,731.9,1419.5,889.7,1074.9,810.4,668.2,652.8,1441.8,32.6,61.6,37.2,34.4,75.4,36.0,45.4,34.5,31.6,20.0,16.9,33.5,20.6,24.7,18.7,15.4,15.1,75.4,32.6,37.0,69.9,42.3,39.1,85.6,40.9,51.5,39.2,35.9,22.7,19.2,38.0,23.4,28.0,21.3,17.6,17.1,37.0,41.0,41.0,41.0,41.0,41.0,41.0,41.0,41.0,41.0,0.0,80.8,87.5,96.4,86.1,83.0,72.3,77.5,74.2,68.9,19.2,12.5,3.6,13.9,17.0,27.7,22.5,25.8,31.1,0.0,0.0,0.0,0.0,0.0,0.0,0.0,0.0,0.0,1197.8,12.00,16,16,16,39,55,661,1,71.9,71.8,70.5,68.0,70.2,71.1,69.9,68.2,66.3,66.8,66.0,65.4,63.1,63.4,62.7,53.2,51.3,1.350,1.031,1.350,13.849,11.058,13.845,72.688,39.078,4.280,5.550,6.197,4.902,4.217,3.219,3.794,3.424,2.934,18.637,11.395,30.032,39.148,1197.8,1197.8,4090.4,4091.1,4089.8,4091.1,44.5,23.1,80.8,75.6,54.3,No,No,No,1.442,0.287,6.5,50,95.0,100.0,No,No,91293,99096,35,99.0,No,No,3320,0.3,0.1,0.4,0.531,0.182,79828,50512,0.0,0.0,0.0,0.000,0.000,52,0,46.5,60.9,83.0,0.688,12.139,12.187,12.156,12.074,1129,37.262,13.748,17.228,4.229,32.554,22.977,9.571,0.336,17.228,19.894,1.963,11.502,220.000,240.000,1110.0,1250.2,975.0,1090.6,1050.0,38.0,8.0,0.0,2.0,28.1,3.4,13.7,0.0,0.0,0.0,33,Yes,No,No,No,No,Yes,No,16.9,21.4,0,0,0,0,0,0,0,0,0,9,0,0,0,0,0,0,0,0,0,0,0,0,0,0,0,0,0,0,0,0,5894,2298,2133,91,8.0,239.8,259.0,224.7,216.5,220.6,214.4,238.7,242.6,237.2,135.0,178.4,119.6,4.17,4.52,3.80,3.63,4.58,4.65,0.71,0.09,4.06,0.11,0.11,0,0,0.0,0.0,13577,1182,3.6,4.5,0,
8.7.2026,15:25:49.597,18631,27362,40.5,13585,19097,41.5,0.5,13312,70,1.320,1.312,1.337,1.325,1.319,1.325,1.312,1.312,1.312,4067.7,4067.7,4067.7,4067.7,4067.7,4067.7,4067.7,4067.7,4067.7,99.8,1440.2,3562.2,1621.4,3241.2,1314.3,1935.9,1444.7,1626.5,1167.1,850.7,673.0,1394.5,909.2,1139.4,749.1,704.2,709.5,1440.2,32.5,59.1,38.2,78.9,31.1,46.4,34.2,38.7,27.4,20.0,15.6,33.1,21.2,26.5,17.3,16.4,16.5,78.9,32.5,36.9,67.0,43.3,89.4,35.3,52.5,38.7,43.8,31.1,22.6,17.7,37.5,24.0,30.0,19.6,18.6,18.7,36.9,40.8,40.8,40.8,40.8,40.8,40.8,40.8,40.8,40.8,0.0,80.1,87.2,95.8,85.3,82.1,71.2,77.1,73.6,68.5,19.9,12.8,4.2,14.7,17.9,28.8,22.9,26.4,31.5,0.0,0.0,0.0,0.0,0.0,0.0,0.0,0.0,0.0,1197.8,12.00,16,16,16,39,55,661,1,71.9,71.7,71.2,67.9,70.0,70.9,69.7,68.2,66.0,66.7,65.9,65.4,63.0,63.3,62.7,55.8,51.7,1.344,1.025,1.344,13.750,11.094,13.761,72.089,38.970,4.211,5.381,6.099,4.810,4.182,3.141,3.746,3.403,2.928,18.474,11.431,29.905,39.039,1197.8,1197.8,4087.0,4087.6,4086.5,4087.6,44.4,22.9,80.1,75.5,54.7,No,No,No,1.461,0.280,6.4,50,95.0,100.0,No,No,91293,99096,35,99.0,No,No,3320,0.0,0.0,0.1,0.012,0.118,79828,50512,0.0,0.0,0.0,0.000,0.000,52,0,46.4,60.8,83.0,0.688,12.143,12.192,12.159,12.077,1129,36.780,12.750,15.761,3.560,31.030,22.257,8.756,0.336,15.761,19.174,1.970,8.897,220.000,240.000,1065.0,1250.2,975.0,1107.7,1050.0,35.0,7.0,0.0,1.0,28.1,3.2,12.9,0.0,0.0,0.0,33,Yes,No,No,No,No,Yes,No,15.9,19.8,0,0,0,0,0,0,0,0,0,9,0,0,0,0,0,0,0,0,0,0,0,0,0,0,0,0,0,0,0,0,5893,2299,2134,90,8.0,239.7,259.6,221.5,210.2,215.0,208.7,239.8,242.1,237.0,235.6,236.3,235.3,4.17,4.57,3.83,3.80,4.67,4.80,0.66,0.10,4.06,0.11,0.11,0,0,0.0,0.0,13577,1182,2.5,2.2,0,
8.7.2026,15:25:51.596,18630,27363,40.5,13576,19105,41.5,0.5,13312,70,1.332,1.337,1.331,1.331,1.331,1.331,1.331,1.331,1.331,4092.6,4092.6,4092.6,4092.6,4092.6,4092.6,4092.6,4092.6,4092.6,99.8,1440.8,3557.3,1590.2,3267.1,1231.1,2069.8,1359.9,1619.8,1156.2,867.2,666.8,1395.2,838.5,1097.5,773.3,851.1,710.9,1440.8,32.7,59.1,37.4,79.6,29.3,49.7,32.1,38.7,27.2,20.6,15.6,33.3,19.6,25.5,18.1,20.2,16.7,79.6,32.7,36.9,66.8,42.2,90.0,33.1,56.1,36.2,43.7,30.7,23.2,17.5,37.6,22.0,28.7,20.3,22.7,18.7,36.9,41.0,41.0,41.0,41.0,41.0,41.0,41.0,41.0,41.0,0.0,81.0,87.2,95.6,86.6,82.7,72.4,77.4,74.6,71.2,19.0,12.8,4.4,13.4,17.3,27.6,22.6,25.4,28.8,0.0,0.0,0.0,0.0,0.0,0.0,0.0,0.0,0.0,1197.8,12.00,16,16,16,39,55,661,1,72.2,72.6,70.2,68.3,70.2,71.0,70.3,68.5,66.5,67.0,66.2,66.7,63.1,63.4,62.8,55.8,51.3,1.344,1.031,1.344,14.189,11.048,14.182,72.870,39.444,4.346,5.453,6.115,5.024,4.281,3.229,3.769,3.476,3.425,19.059,11.383,30.442,39.550,1197.8,1197.8,4082.6,4082.9,4082.3,4082.9,44.9,23.6,81.0,76.4,54.6,No,No,No,1.429,0.275,6.5,50,95.0,100.0,No,No,91293,99096,35,99.0,No,No,3320,0.0,0.0,0.1,0.059,0.012,79828,50512,0.0,0.0,0.0,0.000,0.000,52,0,46.4,60.7,83.0,0.688,12.140,12.187,12.157,12.075,1128,36.164,13.316,16.611,4.022,32.071,22.822,9.228,0.336,16.611,19.820,1.927,9.715,220.000,240.000,990.0,1250.2,975.0,1040.1,1050.0,39.0,7.0,0.0,2.0,28.1,3.2,12.9,0.0,0.0,0.0,33,Yes,No,No,No,No,Yes,No,16.6,19.6,0,0,0,0,0,0,0,0,0,9,0,0,0,0,0,0,0,0,0,0,0,0,0,0,0,0,0,0,0,0,5893,2299,2134,91,8.0,239.8,271.2,222.0,201.5,208.5,200.8,239.8,242.4,237.3,227.0,232.6,224.3,4.17,4.55,3.70,3.45,4.81,4.98,0.64,0.09,4.06,0.11,0.11,0,0,0.0,0.0,13577,1182,4.4,2.5,0,
8.7.2026,15:25:53.596,18639,27354,40.5,13586,19096,41.5,0.5,13312,70,1.316,1.312,1.312,1.312,1.312,1.325,1.319,1.319,1.319,4067.7,4067.7,4067.7,4067.7,4067.7,4067.7,4067.7,4067.7,4067.7,99.8,1400.4,3553.8,1519.5,2372.4,2022.2,1743.9,1596.6,1611.7,1130.1,751.3,652.5,1419.4,847.0,1041.8,795.4,693.1,655.0,1400.4,31.5,59.1,35.5,57.3,48.7,41.5,37.8,38.3,26.5,17.5,15.0,33.6,19.7,23.9,18.4,16.2,15.2,59.1,31.5,35.7,67.0,40.2,64.9,55.2,47.0,42.8,43.4,30.0,19.8,17.0,38.1,22.2,27.1,20.8,18.3,17.2,35.7,40.8,40.8,40.8,40.8,40.8,40.8,40.8,40.8,40.8,0.0,80.3,86.9,94.9,86.2,81.9,71.2,77.1,74.1,69.6,19.7,13.1,5.1,13.8,18.1,28.8,22.9,25.9,30.4,0.0,0.0,0.0,0.0,0.0,0.0,0.0,0.0,0.0,1197.8,12.00,16,16,16,39,55,661,1,72.0,71.5,71.8,67.8,70.0,70.6,69.7,68.0,65.9,66.8,65.9,65.6,63.0,63.3,62.7,53.5,51.4,1.344,1.025,1.350,13.737,11.097,13.744,72.228,38.975,4.207,5.451,5.970,4.835,4.168,3.068,3.773,3.414,2.981,18.462,11.432,29.895,39.024,1197.8,1197.8,4088.2,4088.3,4088.1,4088.3,44.3,22.9,80.3,75.3,54.7,No,No,No,1.463,0.309,6.4,50,95.0,100.0,No,No,91293,99096,35,99.0,No,No,3320,0.0,0.0,0.0,0.000,0.004,79828,50512,0.0,0.0,0.0,0.000,0.000,52,0,46.5,61.1,83.0,0.688,12.139,12.186,12.156,12.073,1129,36.927,13.656,17.140,4.253,32.458,22.915,9.522,0.336,17.140,19.907,2.001,10.884,220.000,240.000,1095.0,1250.2,975.0,998.9,1050.0,39.0,8.0,0.0,2.0,28.1,3.7,14.7,0.0,0.0,0.0,33,Yes,No,No,No,No,Yes,No,16.8,21.0,0,0,0,0,0,0,0,0,0,9,0,0,0,0,0,0,0,0,0,0,0,0,0,0,0,0,0,0,0,0,5892,2300,2135,91,8.0,239.8,257.3,218.5,215.1,215.5,215.0,239.8,242.1,237.2,236.8,236.9,236.8,4.17,4.59,3.85,3.70,4.68,4.70,0.60,0.14,4.06,0.11,0.10,0,0,0.0,0.0,13577,1182,4.5,2.9,0,
8.7.2026,15:25:55.594,18636,27358,40.5,13588,19094,41.5,0.5,13312,70,1.326,1.319,1.337,1.325,1.325,1.325,1.325,1.325,1.325,4070.8,4067.7,4092.6,4067.7,4067.7,4067.7,4067.7,4067.7,4067.7,99.8,1359.5,3547.3,1509.1,1244.5,3092.5,1376.1,1876.6,1456.5,1177.7,708.3,685.6,1380.6,831.6,945.3,818.3,516.7,584.8,1359.5,30.6,59.9,35.3,29.5,75.2,32.4,44.8,34.5,27.7,16.5,15.9,32.8,19.3,21.6,19.0,11.9,13.5,75.2,30.6,34.7,67.9,40.1,33.4,85.3,36.8,50.8,39.1,31.4,18.7,18.0,37.3,21.9,24.5,21.6,13.5,15.3,34.7,40.8,40.8,41.0,40.8,40.8,40.8,40.8,40.8,40.8,0.0,79.4,86.7,95.3,85.1,81.3,70.3,76.4,73.0,67.0,20.6,13.3,4.7,14.9,18.7,29.7,23.6,27.0,33.0,0.0,0.0,0.0,0.0,0.0,0.0,0.0,0.0,0.0,1197.8,12.00,16,16,16,39,55,661,1,72.0,71.5,70.5,67.6,70.0,70.6,69.5,67.8,65.8,66.5,65.8,65.0,62.9,63.2,62.6,54.2,51.7,1.350,1.031,1.356,13.608,11.064,13.605,71.446,38.716,4.162,5.474,5.975,4.787,4.083,3.081,3.746,3.369,2.785,18.307,11.397,29.704,38.818,1197.8,1197.8,4091.9,4091.9,4091.9,4091.9,44.1,22.7,79.4,75.2,54.8,No,No,No,1.437,0.331,6.4,50,95.0,100.0,No,No,91293,99096,35,99.0,No,No,3320,0.0,0.1,0.1,0.038,0.075,79828,50512,0.0,0.0,0.0,0.000,0.000,52,0,46.6,61.0,83.0,0.719,12.137,12.183,12.155,12.073,1132,37.596,14.397,18.638,4.849,33.779,23.409,10.354,0.336,18.638,20.326,2.125,11.514,220.000,240.000,1185.0,1250.2,1050.0,1126.5,1140.0,41.0,9.0,0.0,2.0,28.1,3.5,14.0,0.0,0.0,0.0,33,Yes,No,No,No,No,Yes,No,17.7,22.6,0,0,0,0,0,0,0,0,0,9,0,0,0,0,0,0,0,0,0,0,0,0,0,0,0,0,0,0,0,0,5891,2301,2136,91,8.0,239.7,258.8,221.3,212.1,216.3,210.5,238.7,242.5,237.5,135.2,178.8,119.7,4.17,4.54,3.84,3.70,4.64,4.77,0.66,0.13,4.06,0.11,0.11,0,0,0.0,0.0,13577,1182,6.4,5.3,0,
8.7.2026,15:25:57.594,18643,27350,40.5,13597,19085,41.6,0.5,13312,70,1.331,1.325,1.331,1.331,1.331,1.331,1.331,1.331,1.337,4092.6,4092.6,4092.6,4092.6,4092.6,4092.6,4092.6,4092.6,4092.6,99.8,1372.4,3475.8,1525.0,1220.2,3244.8,1473.7,1672.8,1457.1,1182.1,760.7,682.6,1310.3,831.4,975.5,840.4,612.7,693.5,1372.4,30.9,56.8,35.8,28.9,79.2,34.9,39.7,34.8,27.8,17.9,15.8,30.9,19.4,22.4,19.6,14.2,16.2,79.2,30.9,35.0,64.4,40.6,32.8,89.9,39.5,45.0,39.4,31.5,20.3,17.9,35.1,21.9,25.4,22.2,16.1,18.3,35.0,41.0,41.0,41.0,41.0,41.0,41.0,41.0,41.0,41.0,0.0,78.1,85.0,95.8,83.0,79.6,69.2,74.5,71.6,66.4,21.9,15.0,4.2,17.0,20.4,30.8,25.5,28.4,33.6,0.0,0.0,0.0,0.0,0.0,0.0,0.0,0.0,0.0,1197.8,12.00,16,16,16,39,55,661,1,80.8,71.6,69.8,67.6,69.7,71.0,69.3,67.8,65.8,66.4,65.7,65.1,62.9,63.2,62.6,54.2,51.6,1.337,1.038,1.344,13.491,11.074,13.491,70.320,38.602,4.142,5.355,6.203,4.640,4.025,3.058,3.653,3.355,2.850,18.152,11.405,29.557,38.674,1197.8,1197.8,4091.0,4091.8,4090.2,4091.8,43.9,22.5,78.1,75.4,54.6,No,No,No,1.466,0.304,6.3,50,95.0,100.0,No,No,91293,99096,35,99.0,No,No,3320,0.0,0.0,0.0,0.032,0.096,79828,50513,0.0,0.0,0.0,0.000,0.000,52,0,46.5,60.8,83.0,0.688,12.141,12.190,12.158,12.076,1129,38.323,14.087,16.108,3.779,31.185,22.219,8.948,0.336,16.108,19.202,13.151,9.836,220.000,240.000,1110.0,1250.2,975.0,1183.0,1050.0,34.0,6.0,0.0,1.0,28.1,3.3,13.3,0.0,0.0,0.0,33,Yes,No,No,No,No,Yes,No,16.1,21.1,0,0,0,0,0,0,0,0,0,9,0,0,0,0,0,0,0,0,0,0,0,0,0,0,0,0,0,0,0,0,5891,2301,2136,91,8.0,239.8,258.6,221.8,217.3,219.4,216.4,239.8,242.3,237.4,236.3,236.8,236.1,4.17,4.54,3.84,3.76,4.59,4.66,0.63,0.09,4.06,0.11,0.10,0,0,0.0,0.0,13577,1182,3.6,5.3,0,
8.7.2026,15:25:59.602,18637,27357,40.5,13587,19095,41.5,0.5,13312,70,1.337,1.331,1.337,1.337,1.337,1.337,1.337,1.337,1.337,4092.6,4092.6,4092.6,4092.6,4092.6,4092.6,4092.6,4092.6,4092.6,99.8,1359.5,3559.0,1474.3,3122.2,1316.9,1710.9,1426.9,1476.1,1205.4,737.1,711.5,1173.9,972.3,926.0,825.1,528.4,585.5,1359.5,30.6,61.3,34.4,75.7,31.4,40.7,33.6,35.1,28.2,17.2,16.5,27.7,22.6,21.1,19.1,12.1,13.4,75.7,30.6,34.8,69.5,39.1,85.9,35.7,46.3,38.2,39.8,32.1,19.6,18.8,31.5,25.7,24.0,21.8,13.8,15.3,34.8,41.0,41.0,41.0,41.0,41.0,41.0,41.0,41.0,41.0,0.0,79.0,87.0,95.8,83.7,81.5,70.1,75.1,72.4,66.1,21.0,13.0,4.2,16.3,18.5,29.9,24.9,27.6,33.9,0.0,0.0,0.0,0.0,0.0,0.0,0.0,0.0,0.0,1197.8,12.00,16,16,16,39,55,661,1,77.6,71.6,71.8,67.6,70.2,70.7,69.2,67.8,65.9,66.4,65.7,64.9,62.9,63.2,62.6,54.0,51.7,1.356,1.025,1.356,13.515,11.073,13.511,71.070,38.620,4.164,5.611,6.121,4.623,4.101,3.103,3.660,3.331,2.766,18.187,11.405,29.592,38.706,1197.8,1197.8,4091.4,4092.0,4090.8,4092.0,44.0,22.5,79.0,75.3,54.4,No,No,No,1.447,0.343,6.3,50,95.0,100.0,No,No,91294,99096,35,99.0,No,No,3320,0.0,0.5,0.5,0.186,9.012,79828,50530,0.0,0.0,0.0,0.000,0.000,52,0,46.6,61.2,83.0,0.725,12.141,12.189,12.158,12.075,1129,38.793,14.390,18.677,4.668,33.059,22.666,10.376,0.336,18.677,19.386,3.377,12.677,220.000,240.000,1215.0,1250.2,1065.0,1183.1,1155.0,40.0,8.0,0.0,2.0,28.1,4.3,17.2,0.0,0.0,0.0,33,Yes,No,No,No,No,Yes,No,17.3,22.0,0,0,0,0,0,0,0,0,0,9,0,0,0,0,0,0,0,0,0,0,0,0,0,0,0,0,0,0,0,0,5891,2301,2136,91,8.0,239.8,257.2,224.4,214.2,217.9,213.6,239.8,242.3,237.5,237.0,237.1,236.9,4.17,4.50,3.84,3.79,4.58,4.67,0.63,0.11,4.06,0.11,0.10,0,0,0.0,0.0,13577,1182,4.3,2.3,0,
8.7.2026,15:26:1.597,18641,27353,40.5,13586,19095,41.5,0.5,13312,70,1.330,1.337,1.319,1.319,1.331,1.331,1.331,1.331,1.337,4086.4,4092.6,4092.6,4092.6,4092.6,4092.6,4092.6,4067.7,4067.7,99.8,1345.7,3456.5,1439.8,3296.9,1149.5,1844.3,1273.8,1221.5,1353.6,688.2,710.7,970.8,1151.5,833.8,935.3,543.6,662.1,1345.7,30.4,58.5,33.8,80.4,27.1,43.9,29.9,28.7,32.2,16.1,16.5,22.6,27.3,18.9,22.0,12.5,15.5,80.4,30.4,34.4,66.3,38.3,91.2,30.7,49.7,33.9,32.5,36.4,18.1,18.7,25.6,30.9,21.4,24.9,14.1,17.4,34.4,40.9,41.0,41.0,41.0,41.0,41.0,41.0,40.8,40.8,0.0,77.2,84.5,95.3,82.2,78.7,68.1,73.1,70.2,65.3,22.8,15.5,4.7,17.8,21.3,31.9,26.9,29.8,34.7,0.0,0.0,0.0,0.0,0.0,0.0,0.0,0.0,0.0,1197.8,12.00,16,16,16,39,55,661,1,74.6,71.2,71.0,67.4,69.5,70.6,69.0,67.7,65.6,66.3,65.5,65.0,62.7,63.1,62.4,54.5,51.4,1.344,1.025,1.344,13.390,11.013,13.397,69.451,38.426,4.105,5.366,6.105,4.549,3.997,3.037,3.658,3.302,2.829,18.019,11.348,29.367,38.495,1197.8,1197.8,4092.9,4093.4,4092.4,4093.4,43.7,22.3,77.2,74.9,54.7,No,No,No,1.462,0.346,6.2,50,95.0,100.0,No,No,91294,99096,35,99.0,No,No,3320,0.0,0.0,0.0,0.030,0.002,79828,50530,0.0,0.0,0.0,0.000,0.000,52,0,47.2,62.0,83.0,0.769,12.135,12.182,12.153,12.070,1129,43.426,16.451,22.708,6.249,37.019,24.393,12.615,0.336,22.708,20.911,2.611,14.959,220.000,240.000,1350.0,1750.2,1185.0,1305.3,1275.0,38.0,6.0,0.0,2.0,28.1,4.9,19.8,0.0,0.0,0.0,33,Yes,No,No,No,No,Yes,No,19.8,24.7,0,0,0,0,0,0,0,0,0,9,0,0,0,0,0,0,0,0,0,0,0,0,0,0,0,0,0,0,0,0,5891,2301,2136,91,8.0,239.8,268.3,220.9,206.7,212.2,204.6,238.7,242.6,236.2,135.0,178.2,119.7,4.17,4.52,3.70,3.57,4.69,4.87,0.54,0.24,4.06,0.11,0.11,0,0,0.0,0.0,13577,1182,2.7,2.3,0,
8.7.2026,15:26:3.598,18646,27347,40.5,13588,19094,41.5,0.5,13312,70,1.334,1.337,1.344,1.344,1.344,1.325,1.325,1.325,1.325,4089.5,4092.6,4067.7,4092.6,4092.6,4092.6,4092.6,4092.6,4092.6,99.8,1403.6,3476.6,2094.4,2630.0,1851.1,1514.9,1697.1,1232.9,1391.9,607.6,786.4,938.6,1191.4,805.8,992.2,575.4,671.4,1403.6,31.1,48.0,50.0,63.8,44.5,35.9,40.4,29.2,33.0,14.1,18.4,21.9,28.2,18.2,23.3,13.4,15.6,63.8,31.1,35.2,54.4,56.7,72.3,50.4,40.7,45.8,33.0,37.4,15.9,20.8,24.8,31.9,20.6,26.4,15.1,17.6,35.2,41.0,41.0,40.8,41.0,41.0,41.0,41.0,41.0,41.0,0.0,77.8,85.0,95.8,82.8,79.3,68.3,73.7,71.2,66.1,22.2,15.0,4.2,17.2,20.7,31.7,26.3,28.8,33.9,0.0,0.0,0.0,0.0,0.0,0.0,0.0,0.0,0.0,1197.8,12.00,16,16,16,39,55,661,1,73.2,71.5,71.2,67.5,69.9,70.8,69.2,67.8,65.7,66.4,65.6,65.1,62.8,63.2,62.5,54.2,51.2,1.344,1.038,1.350,13.508,11.033,13.497,69.985,38.533,4.156,5.473,6.174,4.659,4.058,3.013,3.642,3.345,2.881,18.174,11.367,29.540,38.643,1197.8,1197.8,4091.9,4092.5,4091.4,4092.5,43.9,22.5,77.8,75.2,54.5,No,No,No,1.459,0.341,6.2,50,95.0,100.0,No,No,91294,99096,35,99.0,No,No,3320,0.0,0.1,0.1,0.000,0.143,79828,50530,0.0,0.0,0.0,0.000,0.000,52,0,47.1,62.0,83.0,0.750,12.134,12.180,12.153,12.070,1132,41.570,15.761,21.152,5.627,36.167,24.393,11.751,0.336,21.152,20.976,2.399,13.658,220.000,240.000,1290.0,1750.2,1140.0,1340.5,1230.0,39.0,6.0,0.0,2.0,28.1,4.3,17.0,0.0,0.0,0.0,33,Yes,No,No,No,No,Yes,No,19.1,22.5,0,0,0,0,0,0,0,0,0,9,0,0,0,0,0,0,0,0,0,0,0,0,0,0,0,0,0,0,0,0,5891,2301,2136,89,8.0,239.7,255.8,224.1,193.0,208.6,186.2,239.8,242.1,237.5,237.0,237.2,236.9,4.17,4.52,3.84,3.12,4.81,5.29,0.53,0.24,4.06,0.11,0.13,0,0,0.0,0.0,13577,1182,2.5,2.3,0,
8.7.2026,15:26:5.597,18651,27343,40.5,13586,19095,41.5,0.5,13312,70,1.337,1.350,1.319,1.337,1.337,1.337,1.337,1.337,1.337,4092.6,4117.6,4067.7,4092.6,4092.6,4092.6,4092.6,4092.6,4092.6,99.8,1395.7,3482.1,2166.3,1192.6,3280.6,1271.7,1828.4,1090.2,1536.6,584.9,822.2,919.9,1197.6,758.7,992.8,522.3,683.6,1395.7,30.8,47.3,51.3,28.1,80.1,29.8,43.5,25.5,36.6,13.6,19.4,21.4,28.4,17.0,23.4,12.1,16.0,80.1,30.8,35.0,53.6,58.3,31.9,90.9,33.8,49.4,29.0,41.5,15.4,22.0,24.3,32.3,19.3,26.5,13.7,18.1,35.0,41.0,41.2,40.8,41.0,41.0,41.0,41.0,41.0,41.0,0.0,77.5,85.1,95.8,82.0,79.5,68.0,73.5,70.7,65.1,22.5,14.9,4.2,18.0,20.5,32.0,26.5,29.3,34.9,0.0,0.0,0.0,0.0,0.0,0.0,0.0,0.0,0.0,1197.8,12.00,16,16,16,39,55,661,1,72.5,71.4,70.8,67.5,70.0,70.7,69.0,67.7,65.7,66.4,65.5,65.0,62.8,63.1,62.4,53.8,51.2,1.350,1.019,1.356,13.459,11.032,13.466,69.707,38.543,4.140,5.573,6.152,4.582,4.034,3.027,3.634,3.295,2.822,18.109,11.364,29.473,38.599,1197.8,1197.8,4092.5,4093.2,4091.8,4093.2,43.9,22.4,77.5,75.1,54.5,No,No,No,1.424,0.338,6.2,50,95.0,100.0,No,No,91294,99096,35,99.0,No,No,3320,0.0,0.0,0.0,0.000,0.052,79828,50530,0.0,0.0,0.0,0.000,0.000,52,0,46.9,61.5,83.0,0.750,12.138,12.186,12.156,12.073,1129,41.939,14.735,19.586,5.069,33.733,22.842,10.881,0.336,19.586,19.557,2.357,13.405,220.000,240.000,1305.0,1750.2,1140.0,1286.9,1230.0,41.0,8.0,0.0,2.0,28.1,4.4,17.6,0.0,0.0,0.0,33,Yes,No,No,No,No,Yes,No,17.8,22.3,0,0,0,0,0,0,0,0,0,9,0,0,0,0,0,0,0,0,0,0,0,0,0,0,0,0,0,0,0,0,5891,2301,2136,89,8.0,239.8,265.5,222.3,216.3,218.7,215.6,239.8,242.2,237.0,232.3,234.7,231.2,4.17,4.54,3.75,3.73,4.57,4.59,0.53,0.27,4.06,0.11,0.11,0,0,0.0,0.0,13577,1182,2.9,2.0,0,
8.7.2026,15:26:7.602,18597,27397,40.4,13571,19111,41.5,0.5,13312,70,1.338,1.337,1.337,1.337,1.337,1.337,1.337,1.337,1.337,4092.6,4092.6,4092.6,4092.6,4092.6,4092.6,4092.6,4092.6,4092.6,99.8,1523.9,3527.1,2149.7,1374.9,3203.4,1383.7,1987.6,1323.2,1540.2,766.2,969.2,1203.3,1284.7,870.0,1152.6,723.5,923.3,1523.9,34.0,49.3,51.7,32.8,78.2,32.6,47.4,31.1,36.6,17.8,22.8,28.3,30.5,19.7,27.2,16.8,21.7,78.2,34.0,38.5,55.7,58.5,37.0,88.5,36.8,53.6,35.2,41.4,20.1,25.8,32.0,34.4,22.3,30.8,18.9,24.4,38.5,41.0,41.0,41.0,41.0,41.0,41.0,41.0,41.0,41.0,0.0,80.2,86.4,96.1,84.5,81.8,72.0,76.7,73.7,70.0,19.8,13.6,3.9,15.5,18.2,28.0,23.3,26.3,30.0,0.0,0.0,0.0,0.0,0.0,0.0,0.0,0.0,0.0,1197.8,12.00,16,16,16,39,55,661,1,72.5,72.8,71.0,68.6,70.6,71.3,70.1,68.7,66.9,67.9,66.6,66.8,63.1,63.4,62.8,53.2,51.3,1.344,1.031,1.356,14.577,11.049,14.575,72.159,39.961,4.431,5.612,6.199,4.918,4.330,3.386,4.061,3.580,3.363,19.557,11.388,30.945,40.066,1197.8,1197.8,4081.4,4081.5,4081.2,4081.5,45.5,24.3,80.2,76.7,55.1,No,No,No,1.463,0.316,6.4,50,95.0,100.0,No,No,91294,99096,35,99.0,No,No,3320,0.0,0.0,0.0,0.008,0.006,79828,50530,0.0,0.0,0.0,0.000,0.000,52,0,47.1,61.8,83.0,0.756,12.140,12.187,12.158,12.076,1131,43.019,15.645,22.272,6.045,35.770,23.379,12.373,0.336,22.272,19.878,2.385,11.745,220.000,240.000,1320.0,1750.2,1155.0,1300.6,1245.0,41.0,9.0,0.0,2.0,28.1,4.4,17.4,0.0,0.0,0.0,33,Yes,No,No,No,No,Yes,No,19.2,24.6,0,0,0,0,0,0,0,0,0,9,0,0,0,0,0,0,0,0,0,0,0,0,0,0,0,0,0,0,0,0,5891,2301,2136,89,8.0,239.7,265.4,223.9,215.3,218.7,214.5,238.7,242.7,233.7,134.6,176.0,119.9,4.17,4.56,3.76,3.71,4.58,4.58,0.51,0.28,4.06,0.11,0.11,0,0,0.0,0.0,13577,1182,3.9,5.1,0,
8.7.2026,15:26:9.596,18597,27397,40.4,13566,19116,41.5,0.5,13312,70,1.331,1.331,1.331,1.331,1.331,1.331,1.331,1.331,1.331,4092.6,4092.6,4092.6,4092.6,4092.6,4092.6,4092.6,4092.6,4092.6,99.8,1375.6,3456.2,2036.8,2859.0,1657.1,1488.6,1591.8,1210.7,1361.4,617.4,767.5,914.8,1144.1,767.2,967.8,526.2,643.0,1375.6,30.5,48.0,48.6,69.5,39.8,35.2,37.8,28.6,32.2,14.4,18.0,21.3,27.2,17.3,22.8,12.2,15.0,69.5,30.5,34.5,54.4,55.0,78.8,45.1,39.9,42.8,32.4,36.5,16.3,20.4,24.1,30.7,19.6,25.8,13.7,16.9,34.5,41.0,41.0,41.0,41.0,41.0,41.0,41.0,41.0,41.0,0.0,77.1,84.5,96.2,82.4,79.4,67.6,72.7,70.1,64.4,22.9,15.5,3.8,17.6,20.6,32.4,27.3,29.9,35.6,0.0,0.0,0.0,0.0,0.0,0.0,0.0,0.0,0.0,1197.8,12.00,16,16,16,39,55,661,1,72.1,71.4,71.8,67.4,69.8,70.8,69.1,67.8,65.7,66.2,65.4,64.8,62.8,63.1,62.5,54.0,51.7,1.331,1.031,1.344,13.384,11.043,13.394,69.426,38.462,4.115,5.489,6.205,4.580,4.040,3.018,3.561,3.253,2.776,18.012,11.376,29.388,38.521,1197.8,1197.8,4091.8,4092.9,4090.6,4092.9,43.8,22.3,77.1,75.2,54.5,No,No,No,1.451,0.336,6.2,50,95.0,100.0,No,No,91294,99096,35,99.0,No,No,3320,0.0,0.0,0.0,0.016,0.026,79828,50530,0.0,0.0,0.0,0.000,0.000,52,0,47.5,62.5,83.0,0.775,12.135,12.181,12.154,12.070,1129,44.721,16.369,23.114,6.225,37.214,24.358,12.840,0.336,23.114,20.662,2.774,13.054,220.000,240.000,1365.0,1750.2,1200.0,1332.1,1305.0,38.0,6.0,0.0,2.0,28.1,4.5,18.1,0.0,0.0,0.0,33,Yes,No,No,No,No,Yes,No,19.9,23.9,0,0,0,0,0,0,0,0,0,9,0,0,0,0,0,0,0,0,0,0,0,0,0,0,0,0,0,0,0,0,5891,2301,2136,91,8.0,239.8,257.2,221.3,209.8,214.2,208.8,239.8,243.2,237.0,236.1,236.5,235.9,4.17,4.55,3.85,3.63,4.67,4.81,0.49,0.29,4.06,0.11,0.13,0,0,0.0,0.0,13577,1182,2.5,2.1,0,
8.7.2026,15:26:11.596,18591,27403,40.4,13564,19118,41.5,0.5,13312,70,1.332,1.337,1.331,1.331,1.331,1.331,1.331,1.331,1.331,4092.6,4092.6,4092.6,4092.6,4092.6,4092.6,4092.6,4092.6,4092.6,99.8,1395.1,3508.5,2081.4,3260.5,1238.9,1673.2,1421.1,1329.3,1338.8,633.7,798.7,964.1,1153.4,839.4,956.5,485.5,638.8,1395.1,30.8,48.1,49.6,79.3,29.4,39.8,33.5,31.4,31.6,14.7,18.7,22.5,27.2,19.0,22.4,11.0,14.8,79.3,30.8,35.0,54.5,56.2,90.0,33.3,45.2,38.0,35.7,35.9,16.7,21.2,25.6,30.9,21.6,25.5,12.6,16.8,35.0,41.0,41.0,41.0,41.0,41.0,41.0,41.0,41.0,41.0,0.0,78.0,85.8,95.9,82.9,80.3,68.7,73.8,71.4,65.0,22.0,14.2,4.1,17.1,19.7,31.3,26.2,28.6,35.0,0.0,0.0,0.0,0.0,0.0,0.0,0.0,0.0,0.0,1197.8,12.00,16,16,16,39,55,661,1,72.1,71.5,72.0,67.6,70.0,70.7,69.2,67.8,65.8,66.3,65.8,64.9,62.8,63.2,62.5,55.0,52.1,1.388,1.031,1.381,13.586,11.085,13.571,70.182,38.698,4.164,5.545,6.174,4.629,4.084,3.082,3.658,3.363,2.772,18.293,11.421,29.714,38.810,1197.8,1197.8,4092.7,4093.5,4092.0,4093.5,44.1,22.6,78.0,75.3,54.8,No,No,No,1.452,0.351,6.2,50,95.0,100.0,No,No,91294,99096,35,99.0,No,No,3320,0.0,0.0,0.0,0.000,0.012,79828,50530,0.0,0.0,0.0,0.000,0.000,52,0,47.3,62.1,83.0,0.756,12.135,12.180,12.153,12.070,1129,43.662,16.199,21.926,5.908,36.837,24.636,12.180,0.336,21.926,21.155,2.528,14.555,220.000,240.000,1320.0,1750.2,1155.0,1326.2,1245.0,36.0,7.0,0.0,2.0,28.1,4.5,18.0,0.0,0.0,0.0,33,Yes,No,No,No,No,Yes,No,19.6,22.3,0,0,0,0,0,0,0,0,0,9,0,0,0,0,0,0,0,0,0,0,0,0,0,0,0,0,0,0,0,0,5891,2301,2136,91,8.0,239.8,262.3,219.7,210.0,212.3,209.9,239.8,243.6,236.6,224.2,230.9,220.9,4.17,4.52,3.77,3.59,4.67,4.77,0.49,0.26,4.06,0.11,0.12,0,0,0.0,0.0,13577,1182,2.4,1.4,0,
8.7.2026,15:26:13.598,18594,27400,40.4,13562,19120,41.4,0.5,13312,70,1.329,1.319,1.319,1.337,1.331,1.331,1.331,1.331,1.331,4086.4,4067.7,4067.7,4092.6,4092.6,4092.6,4092.6,4092.6,4092.6,99.8,1441.5,3608.4,2107.1,2687.5,1818.2,1722.2,1589.1,1420.3,1393.9,661.1,779.0,1138.3,1107.3,894.9,909.6,564.2,663.4,1441.5,31.9,51.3,49.9,65.0,43.6,40.8,37.6,33.5,32.9,15.4,18.2,26.7,26.2,20.2,21.3,13.0,15.4,65.0,31.9,36.2,58.1,56.6,73.8,49.4,46.3,42.6,37.9,37.3,17.3,20.6,30.2,29.6,22.9,24.1,14.7,17.4,36.2,40.9,40.8,40.8,41.0,41.0,41.0,41.0,41.0,41.0,0.0,81.3,88.2,96.4,86.2,84.0,72.6,78.3,74.9,69.5,18.7,11.8,3.6,13.8,16.0,27.4,21.7,25.1,30.5,0.0,0.0,0.0,0.0,0.0,0.0,0.0,0.0,0.0,1197.8,12.00,16,16,16,39,55,661,1,72.1,71.6,71.0,67.8,70.2,70.8,69.7,68.3,66.0,66.6,65.8,65.2,63.0,63.3,62.6,56.2,52.2,1.350,1.031,1.344,13.961,11.085,13.967,73.137,39.322,4.281,5.702,6.156,4.881,4.283,3.137,3.790,3.392,2.909,18.802,11.422,30.225,39.361,1197.8,1197.8,4093.2,4093.4,4093.1,4093.4,44.7,23.3,81.3,75.3,54.7,No,No,No,1.455,0.363,6.5,50,95.0,100.0,No,No,91294,99096,35,99.0,No,No,3320,0.0,0.0,0.0,0.000,0.014,79828,50530,0.0,0.0,0.0,0.000,0.000,52,0,46.9,61.2,83.0,0.719,12.139,12.186,12.157,12.074,1131,39.504,14.293,18.620,4.704,33.225,22.869,10.344,0.336,18.620,19.652,2.205,12.357,220.000,240.000,1200.0,1250.2,1050.0,1291.5,1140.0,38.0,8.0,0.0,2.0,28.1,3.3,13.2,0.0,0.0,0.0,33,Yes,No,No,No,No,Yes,No,17.4,22.8,0,0,0,0,0,0,0,0,0,9,0,0,0,0,0,0,0,0,0,0,0,0,0,0,0,0,0,0,0,0,5891,2301,2136,91,8.0,239.8,261.5,223.4,215.1,218.6,214.0,239.8,242.9,235.9,233.2,234.3,232.7,4.17,4.56,3.80,3.75,4.63,4.66,0.58,0.16,4.06,0.11,0.10,0,0,0.0,0.0,13577,1182,3.5,2.9,0,
8.7.2026,15:26:15.596,18593,27401,40.4,13567,19115,41.5,0.5,13312,70,1.334,1.337,1.331,1.331,1.331,1.331,1.337,1.337,1.337,4089.5,4067.7,4092.6,4092.6,4092.6,4092.6,4092.6,4092.6,4092.6,99.8,1412.3,3570.9,2062.3,1177.9,3301.0,1344.2,1913.5,1494.6,1203.1,654.7,677.8,1278.0,900.5,968.9,822.9,606.7,619.7,1412.3,31.2,50.2,48.9,27.7,80.5,31.4,45.5,35.4,28.2,15.1,15.7,30.1,20.9,22.1,19.1,14.0,14.3,80.5,31.2,35.4,56.9,55.5,31.5,91.3,35.6,51.6,40.2,32.0,17.2,17.8,34.1,23.8,25.0,21.7,15.9,16.2,35.4,41.0,40.8,41.0,41.0,41.0,41.0,41.0,41.0,41.0,0.0,80.6,87.3,96.5,85.9,82.7,71.9,77.2,74.7,69.0,19.4,12.7,3.5,14.1,17.3,28.1,22.8,25.3,31.0,0.0,0.0,0.0,0.0,0.0,0.0,0.0,0.0,0.0,1197.8,12.00,16,16,16,39,55,661,1,72.1,71.4,72.8,67.7,69.9,70.9,69.5,68.1,65.8,66.5,65.7,65.1,62.9,63.3,62.6,54.5,51.6,1.337,1.031,1.344,13.751,11.071,13.751,72.568,38.927,4.207,5.469,6.148,4.781,4.201,3.060,3.725,3.382,2.886,18.494,11.408,29.903,39.022,1197.8,1197.8,4091.6,4091.6,4091.6,4091.6,44.3,22.9,80.6,75.2,54.8,No,No,No,1.416,0.316,6.5,50,95.0,100.0,No,No,91294,99096,35,99.0,No,No,3320,0.1,0.0,0.1,0.118,0.057,79829,50530,0.0,0.0,0.0,0.000,0.000,52,0,46.8,61.2,83.0,0.706,12.142,12.191,12.159,12.077,1131,37.832,13.765,17.723,4.450,32.684,22.825,9.846,0.336,17.723,19.748,2.205,10.106,220.000,240.000,1155.0,1250.2,1005.0,1170.7,1095.0,37.0,8.0,0.0,2.0,28.1,3.5,13.9,0.0,0.0,0.0,33,Yes,No,No,No,No,Yes,No,17.0,20.2,0,0,0,0,0,0,0,0,0,9,0,0,0,0,0,0,0,0,0,0,0,0,0,0,0,0,0,0,0,0,5891,2301,2136,91,8.0,239.8,255.0,220.4,212.2,214.8,211.7,238.7,242.7,236.2,135.1,178.3,119.8,4.17,4.57,3.89,3.77,4.64,4.72,0.62,0.19,4.06,0.11,0.11,0,0,0.0,0.0,13577,1182,2.3,2.2,0,
8.7.2026,15:26:17.601,18598,27396,40.4,13564,19117,41.5,0.5,13312,70,1.323,1.312,1.312,1.319,1.319,1.331,1.331,1.331,1.331,4067.7,4067.7,4067.7,4067.7,4067.7,4067.7,4067.7,4067.7,4067.7,99.8,1461.1,3574.4,2046.5,1345.8,3085.3,1403.9,2001.1,1509.8,1322.9,774.9,720.7,1375.5,974.6,1068.2,846.1,697.7,630.9,1461.1,32.4,50.8,48.6,31.9,75.0,33.0,47.8,35.8,31.1,18.0,16.8,32.5,22.7,24.5,19.6,16.2,14.6,75.0,32.4,36.8,57.6,55.0,36.2,85.1,37.4,54.2,40.6,35.3,20.4,19.0,36.8,25.8,27.7,22.3,18.4,16.5,36.8,40.8,40.8,40.8,40.8,40.8,40.8,40.8,40.8,40.8,0.0,81.2,87.4,96.0,86.4,83.4,72.7,78.4,75.5,70.0,18.8,12.6,4.0,13.6,16.6,27.3,21.6,24.5,30.0,0.0,0.0,0.0,0.0,0.0,0.0,0.0,0.0,0.0,1197.8,12.00,16,16,16,39,55,661,1,72.1,71.5,74.5,67.8,70.0,70.9,69.6,68.1,66.0,66.8,65.9,65.3,62.9,63.3,62.6,53.8,50.9,1.356,1.031,1.350,13.860,11.084,13.856,73.099,39.067,4.259,5.491,6.064,4.865,4.254,3.152,3.847,3.470,2.932,18.641,11.420,30.061,39.175,1197.8,1197.8,4090.2,4090.7,4089.7,4090.7,44.5,23.1,81.2,75.3,54.5,No,No,No,1.409,0.301,6.5,50,95.0,100.0,No,No,91294,99096,35,99.0,No,No,3320,0.0,0.0,0.0,0.000,0.026,79829,50531,0.0,0.0,0.0,0.000,0.000,52,0,46.8,61.1,83.0,0.713,12.145,12.193,12.162,12.079,1131,38.325,14.553,18.573,4.780,33.627,23.300,10.318,0.336,18.573,20.172,3.186,12.665,220.000,240.000,1170.0,1250.2,1020.0,1153.3,1110.0,40.0,10.0,0.0,2.0,28.1,3.6,14.5,0.0,0.0,0.0,33,Yes,No,No,No,No,Yes,No,17.6,21.9,0,0,0,0,0,0,0,0,0,9,0,0,0,0,0,0,0,0,0,0,0,0,0,0,0,0,0,0,0,0,5891,2301,2136,91,8.0,239.7,262.4,222.1,216.9,219.1,216.2,239.8,242.3,237.5,237.4,237.4,237.3,4.17,4.51,3.84,3.79,4.57,4.61,0.62,0.12,4.06,0.11,0.11,0,0,0.0,0.0,13577,1182,4.2,4.6,0,
8.7.2026,15:26:19.602,18596,27398,40.4,13569,19113,41.5,0.5,13312,70,1.321,1.331,1.325,1.325,1.325,1.325,1.312,1.312,1.312,4080.1,4092.6,4067.7,4067.7,4067.7,4067.7,4092.6,4092.6,4092.6,99.8,1432.5,3623.9,1768.6,2732.5,1712.3,1874.0,1489.2,1653.9,1134.5,804.0,673.7,1382.8,848.1,1100.6,761.1,775.1,585.6,1432.5,32.4,58.9,41.9,66.3,41.4,44.8,35.4,39.5,26.8,19.1,15.9,32.9,20.0,25.6,17.9,18.4,13.7,66.3,32.4,36.4,66.5,47.3,75.0,46.6,50.5,39.8,44.5,30.1,21.3,17.7,37.0,22.3,28.7,20.0,20.5,15.2,36.4,40.9,41.0,40.8,40.8,40.8,40.8,41.0,41.0,41.0,0.0,81.3,88.7,95.5,86.4,83.4,72.5,77.8,75.3,70.9,18.7,11.3,4.5,13.6,16.6,27.5,22.2,24.7,29.1,0.0,0.0,0.0,0.0,0.0,0.0,0.0,0.0,0.0,1197.8,12.00,16,16,16,39,55,661,1,72.1,71.6,69.5,67.9,70.4,70.7,69.7,68.0,66.2,66.7,65.9,65.3,63.0,63.3,62.6,55.5,51.7,1.350,1.031,1.344,13.907,11.086,13.909,73.186,39.141,4.247,5.662,6.055,4.826,4.156,3.141,3.755,3.437,2.943,18.680,11.423,30.102,39.229,1197.8,1197.8,4086.8,4087.0,4086.5,4087.0,44.6,23.2,81.3,75.4,54.8,No,No,No,1.462,0.331,6.5,50,95.0,100.0,No,No,91294,99096,35,99.0,No,No,3320,0.0,0.9,0.9,0.000,8.843,79829,50547,0.0,0.0,0.0,0.000,0.000,52,0,46.9,61.6,83.0,0.719,12.139,12.185,12.156,12.074,1129,38.782,14.599,19.168,4.862,33.685,23.013,10.649,0.336,19.168,19.720,4.987,10.405,220.000,240.000,1200.0,1250.2,1050.0,1168.2,1140.0,39.0,9.0,0.0,2.0,28.1,3.6,14.3,0.0,0.0,0.0,33,Yes,No,No,No,No,Yes,No,17.7,22.3,0,0,0,0,0,0,0,0,0,9,0,0,0,0,0,0,0,0,0,0,0,0,0,0,0,0,0,0,0,0,5891,2301,2136,91,8.0,239.8,264.6,223.3,199.5,210.0,195.8,239.8,241.9,237.4,236.6,236.9,236.4,4.17,4.56,3.76,3.49,4.78,5.08,0.69,0.07,4.06,0.11,0.11,0,0,0.0,0.0,13577,1182,3.9,2.3,0,
8.7.2026,15:26:21.597,18589,27404,40.4,13559,19123,41.4,0.5,13312,70,1.327,1.312,1.325,1.325,1.331,1.331,1.331,1.331,1.331,4067.7,4067.7,4067.7,4067.7,4067.7,4067.7,4067.7,4067.7,4067.7,99.8,1416.6,3573.9,1570.3,3231.3,1249.7,1967.4,1318.7,1716.8,1049.9,825.4,617.6,1459.5,855.3,1142.7,724.7,733.7,628.0,1416.6,32.1,60.0,36.9,78.6,29.7,46.9,31.1,41.0,24.6,19.5,14.5,34.7,20.1,26.6,16.9,17.3,14.7,78.6,32.1,36.2,67.9,41.6,89.0,33.5,53.1,35.1,46.3,27.7,21.9,16.1,39.2,22.6,30.0,19.0,19.4,16.4,36.2,40.8,40.8,40.8,40.8,40.8,40.8,40.8,40.8,40.8,0.0,80.7,87.4,95.7,85.6,83.1,71.3,77.7,74.7,70.2,19.3,12.6,4.3,14.4,16.9,28.7,22.3,25.3,29.8,0.0,0.0,0.0,0.0,0.0,0.0,0.0,0.0,0.0,1197.8,12.00,16,16,16,39,55,661,1,72.1,71.7,71.8,67.9,70.0,70.9,69.7,68.1,66.0,66.9,66.0,65.5,63.0,63.3,62.7,54.0,51.5,1.337,1.038,1.337,13.945,11.087,13.950,72.627,39.277,4.269,5.555,6.158,4.824,4.224,3.102,3.831,3.447,3.009,18.767,11.424,30.191,39.329,1197.8,1197.8,4090.9,4090.9,4090.9,4090.9,44.7,23.2,80.7,75.5,54.8,No,No,No,1.507,0.371,6.5,50,95.0,100.0,No,No,91294,99096,35,99.0,No,No,3320,0.0,0.1,0.1,0.000,0.135,79829,50548,0.0,0.0,0.0,0.000,0.000,52,0,46.9,61.3,83.0,0.725,12.142,12.191,12.159,12.077,1131,39.379,14.300,18.722,4.657,33.243,22.826,10.401,0.336,18.722,19.520,2.222,12.349,220.000,240.000,1215.0,1250.2,1065.0,1205.4,1155.0,38.0,9.0,0.0,2.0,28.1,3.8,15.0,0.0,0.0,0.0,33,Yes,No,No,No,No,Yes,No,17.4,22.2,0,0,0,0,0,0,0,0,0,9,0,0,0,0,0,0,0,0,0,0,0,0,0,0,0,0,0,0,0,0,5891,2301,2136,91,8.0,239.8,259.9,222.5,209.5,213.6,209.3,0.0,0.0,0.0,0.0,0.0,0.0,4.17,4.56,3.80,3.51,4.72,4.85,0.52,0.14,4.06,0.11,0.00,0,0,0.0,0.0,13577,1182,2.3,2.1,0,
8.7.2026,15:26:23.599,18593,27401,40.4,13567,19115,41.5,0.5,13312,70,1.336,1.337,1.344,1.344,1.344,1.344,1.325,1.325,1.325,4073.9,4092.6,4092.6,4067.7,4067.7,4067.7,4067.7,4067.7,4067.7,99.8,1464.4,3564.2,1627.8,2900.3,1683.4,1994.0,1411.5,1697.1,1129.5,933.3,710.2,1482.7,871.9,1244.3,736.9,789.0,654.3,1464.4,33.2,59.2,38.3,70.5,40.2,47.8,33.4,40.6,26.6,22.1,16.7,35.3,20.4,29.0,17.1,18.5,15.2,70.5,33.2,37.5,66.9,43.2,79.7,45.5,54.0,37.7,45.8,30.0,24.9,18.7,39.9,23.0,32.8,19.3,20.9,17.2,37.5,40.8,41.0,41.0,40.8,40.8,40.8,40.8,40.8,40.8,0.0,81.4,87.3,96.2,86.6,83.2,73.5,78.0,75.5,70.4,18.6,12.7,3.8,13.4,16.8,26.5,22.0,24.5,29.6,0.0,0.0,0.0,0.0,0.0,0.0,0.0,0.0,0.0,1197.8,12.00,16,16,16,39,55,661,1,72.4,72.8,71.2,68.6,70.4,71.3,70.1,68.8,67.2,67.5,66.8,66.4,63.2,63.5,62.9,54.2,51.6,1.350,1.031,1.356,14.682,11.084,14.679,73.215,40.142,4.415,5.538,6.251,4.936,4.334,3.460,3.954,3.659,3.187,19.708,11.424,31.132,40.253,1197.8,1197.8,4081.7,4081.9,4081.4,4081.9,45.7,24.5,81.4,76.6,55.6,No,No,No,1.431,0.365,6.5,50,95.0,100.0,No,No,91294,99096,35,99.0,No,No,3320,0.0,0.0,0.0,0.000,0.002,79829,50548,0.0,0.0,0.0,0.000,0.000,52,0,46.9,61.4,83.0,0.731,12.137,12.184,12.155,12.073,1131,39.559,16.526,20.245,5.385,34.606,23.337,11.247,0.336,20.245,20.076,17.174,12.611,220.000,240.000,1230.0,1250.2,1080.0,1190.3,1170.0,38.0,10.0,0.0,2.0,28.1,3.7,14.6,0.0,0.0,0.0,33,Yes,No,No,No,No,Yes,No,18.3,23.2,0,0,0,0,0,0,0,0,0,9,0,0,0,0,0,0,0,0,0,0,0,0,0,0,0,0,0,0,0,0,5891,2301,2136,91,8.0,239.8,255.1,221.4,205.8,213.3,202.6,239.8,242.8,237.6,236.1,236.6,236.0,4.17,4.56,3.89,3.57,4.75,4.97,0.64,0.15,4.06,0.11,0.10,0,0,0.0,0.0,13577,1182,2.5,2.1,0,
8.7.2026,15:26:25.596,18600,27394,40.4,13565,19116,41.5,0.5,13312,70,1.331,1.337,1.325,1.331,1.331,1.331,1.331,1.331,1.331,4092.6,4092.6,4092.6,4092.6,4092.6,4092.6,4092.6,4092.6,4092.6,99.8,1373.3,3477.0,1565.4,1458.6,2951.2,1448.1,1759.5,1526.9,1152.8,862.1,617.8,1411.6,756.5,1080.0,701.4,660.6,543.7,1373.3,30.8,56.6,36.7,34.6,71.9,34.1,41.8,36.2,27.1,20.2,14.3,33.4,17.4,24.8,16.2,15.3,12.5,71.9,30.8,34.9,64.1,41.6,39.3,81.6,38.7,47.4,41.0,30.7,22.9,16.2,37.9,19.8,28.1,18.4,17.3,14.2,34.9,41.0,41.0,41.0,41.0,41.0,41.0,41.0,41.0,41.0,0.0,78.7,85.0,95.6,84.4,80.7,70.0,75.4,72.1,66.7,21.3,15.0,4.4,15.6,19.3,30.0,24.6,27.9,33.3,0.0,0.0,0.0,0.0,0.0,0.0,0.0,0.0,0.0,1197.8,12.00,16,16,16,39,55,661,1,72.1,71.3,69.5,67.6,69.6,70.7,69.3,67.9,65.8,66.4,65.7,65.0,62.9,63.2,62.6,54.2,51.1,1.344,1.031,1.344,13.454,11.056,13.453,70.868,38.553,4.144,5.271,6.055,4.690,4.133,3.111,3.681,3.364,2.844,18.102,11.389,29.491,38.603,1197.8,1197.8,4091.5,4092.0,4091.0,4092.0,43.9,22.4,78.7,75.0,54.5,No,No,No,1.385,0.322,6.3,50,95.0,100.0,No,No,91294,99096,35,99.0,No,No,3320,0.0,0.0,0.1,0.008,0.127,79829,50548,0.0,0.0,0.0,0.000,0.000,52,0,46.9,61.6,83.0,0.731,12.141,12.189,12.159,12.076,1131,39.728,14.720,19.973,5.290,34.397,23.282,11.096,0.336,19.973,20.051,2.452,10.349,220.000,240.000,1230.0,1250.2,1080.0,1220.7,1170.0,39.0,9.0,0.0,2.0,28.1,3.7,14.7,0.0,0.0,0.0,33,Yes,No,No,No,No,Yes,No,18.2,22.3,0,0,0,0,0,0,0,0,0,9,0,0,0,0,0,0,0,0,0,0,0,0,0,0,0,0,0,0,0,0,5891,2301,2136,91,8.0,240.7,255.5,231.0,230.6,230.6,230.6,0.0,0.0,0.0,0.0,0.0,0.0,4.16,4.44,3.88,3.87,4.46,4.46,0.39,0.01,4.04,0.12,0.00,0,0,0.0,0.0,13577,1182,18.5,3.6,0,
8.7.2026,15:26:27.592,18596,27397,40.4,13566,19116,41.5,0.5,13312,70,1.321,1.337,1.319,1.319,1.319,1.319,1.319,1.319,1.319,4092.6,4092.6,4092.6,4092.6,4092.6,4092.6,4092.6,4092.6,4092.6,99.8,1451.0,3554.7,1619.6,1584.7,2912.2,1523.2,1871.6,1476.5,1343.3,889.6,758.7,1415.3,944.4,1098.0,845.4,729.1,649.9,1451.0,32.8,59.3,38.0,37.7,70.8,35.9,44.7,34.9,31.7,20.9,17.7,33.5,22.1,25.3,19.7,17.0,15.0,70.8,32.8,37.1,67.1,43.0,42.7,80.3,40.6,50.6,39.6,35.9,23.7,20.1,37.9,25.1,28.6,22.4,19.2,17.1,37.1,41.0,41.0,41.0,41.0,41.0,41.0,41.0,41.0,41.0,0.0,80.6,87.0,95.7,86.3,82.7,72.3,77.3,74.6,69.3,19.4,13.0,4.3,13.7,17.3,27.7,22.7,25.4,30.7,0.0,0.0,0.0,0.0,0.0,0.0,0.0,0.0,0.0,1197.8,12.00,16,16,16,39,55,661,1,72.1,71.5,70.0,67.9,69.9,70.9,69.7,68.1,66.3,66.7,66.0,65.4,63.0,63.3,62.7,53.5,51.4,1.344,1.031,1.350,13.931,11.089,13.929,72.583,39.199,4.261,5.423,6.120,4.854,4.215,3.231,3.768,3.483,2.991,18.734,11.425,30.159,39.284,1197.8,1197.8,4087.9,4088.6,4087.3,4088.6,44.6,23.2,80.6,75.2,54.8,No,No,No,1.472,0.351,6.5,50,95.0,100.0,No,No,91294,99096,35,99.0,No,No,3320,0.0,0.0,0.0,0.000,0.077,79829,50548,0.0,0.0,0.0,0.000,0.000,52,0,46.8,61.2,83.0,0.719,12.136,12.182,12.154,12.071,1128,39.076,14.426,18.535,4.861,33.362,23.056,10.297,0.336,18.535,20.033,3.225,12.023,220.000,240.000,1185.0,1250.2,1050.0,1227.8,1140.0,38.0,9.0,0.0,2.0,28.1,3.5,13.9,0.0,0.0,0.0,33,Yes,No,No,No,No,Yes,No,17.5,20.3,0,0,0,0,0,0,0,0,0,9,0,0,0,0,0,0,0,0,0,0,0,0,0,0,0,0,0,0,0,0,5891,2301,2136,91,8.0,239.7,256.0,224.1,216.9,219.4,216.4,239.8,242.8,237.1,236.0,236.4,235.9,4.17,4.49,3.88,3.71,4.60,4.64,0.60,0.18,4.06,0.11,0.10,0,0,0.0,0.0,13577,1183,3.3,5.1,0,
8.7.2026,15:26:29.595,18597,27396,40.4,13564,19118,41.5,0.5,13312,70,1.324,1.319,1.325,1.325,1.325,1.325,1.325,1.325,1.325,4067.7,4067.7,4067.7,4067.7,4067.7,4067.7,4067.7,4067.7,4067.7,99.8,1397.6,3527.5,1564.0,2734.5,1775.3,1869.7,1370.6,1423.3,1334.1,712.7,708.6,1121.8,1081.0,964.2,877.2,663.2,633.8,1397.6,31.4,58.6,36.6,66.1,42.7,44.4,32.3,33.6,31.6,16.5,16.5,26.2,25.5,21.8,20.6,15.4,14.7,66.1,31.4,35.7,66.5,41.5,75.0,48.4,50.4,36.6,38.1,35.8,18.7,18.7,29.7,29.0,24.8,23.4,17.4,16.7,35.7,40.8,40.8,40.8,40.8,40.8,40.8,40.8,40.8,40.8,0.0,79.5,86.2,95.9,84.5,81.9,70.2,76.2,73.5,67.7,20.5,13.8,4.1,15.5,18.1,29.8,23.8,26.5,32.3,0.0,0.0,0.0,0.0,0.0,0.0,0.0,0.0,0.0,1197.8,12.00,16,16,16,39,55,661,1,72.0,71.3,68.8,67.6,69.8,70.8,69.3,68.1,65.7,66.5,65.7,65.2,62.9,63.2,62.6,54.0,52.0,1.350,1.031,1.344,13.484,11.036,13.482,71.575,38.553,4.191,5.410,6.132,4.717,4.227,3.064,3.693,3.385,2.901,18.135,11.370,29.505,38.621,1197.8,1197.8,4090.9,4091.3,4090.5,4091.3,43.9,22.5,79.5,75.1,53.9,No,No,No,1.421,0.337,6.4,50,95.0,100.0,No,No,91294,99096,35,99.0,No,No,3320,0.0,0.0,0.0,0.000,0.022,79829,50548,0.0,0.0,0.0,0.000,0.000,52,0,46.8,61.5,83.0,0.706,12.139,12.187,12.157,12.075,1131,38.922,14.548,18.865,5.021,33.955,23.450,10.480,0.336,18.865,20.448,2.060,11.998,220.000,240.000,1155.0,1250.2,1005.0,1182.9,1095.0,39.0,10.0,0.0,2.0,28.1,3.7,14.9,0.0,0.0,0.0,33,Yes,No,No,No,No,Yes,No,17.9,22.6,0,0,0,0,0,0,0,0,0,9,0,0,0,0,0,0,0,0,0,0,0,0,0,0,0,0,0,0,0,0,5890,2302,2137,91,8.0,239.8,256.5,224.3,220.0,221.3,219.8,239.8,242.5,237.0,236.6,236.7,236.6,4.17,4.47,3.88,3.79,4.50,4.54,0.61,0.13,4.06,0.11,0.10,0,0,0.0,0.0,13577,1183,6.5,1.8,0,
8.7.2026,15:26:31.602,18594,27399,40.4,13566,19116,41.5,0.5,13312,70,1.327,1.344,1.325,1.325,1.325,1.325,1.325,1.325,1.325,4092.6,4092.6,4092.6,4092.6,4092.6,4092.6,4092.6,4092.6,4092.6,99.8,1385.8,3493.2,1545.3,3231.6,1188.6,2016.3,1278.5,1375.5,1316.5,734.1,711.1,1143.8,1085.1,932.1,903.1,613.7,604.4,1385.8,31.2,57.2,36.3,78.5,28.2,48.2,30.0,32.6,31.1,17.1,16.7,26.9,25.7,21.3,21.3,14.3,14.1,78.5,31.2,35.3,64.8,41.1,89.1,31.9,54.6,34.0,36.8,35.2,19.3,18.9,30.4,29.0,24.0,24.0,16.0,15.9,35.3,41.0,41.0,41.0,41.0,41.0,41.0,41.0,41.0,41.0,0.0,79.2,85.4,95.4,85.5,81.3,70.0,76.2,72.9,66.8,20.8,14.6,4.6,14.5,18.7,30.0,23.8,27.1,33.2,0.0,0.0,0.0,0.0,0.0,0.0,0.0,0.0,0.0,1197.8,12.00,16,16,16,39,55,661,1,71.9,71.3,71.0,67.6,69.7,70.6,69.5,67.8,65.8,66.7,65.8,65.1,62.9,63.2,62.6,53.2,51.5,1.362,1.031,1.350,13.668,11.075,13.667,71.270,38.822,4.166,5.275,6.021,4.831,4.103,3.079,3.753,3.393,2.872,18.404,11.411,29.815,38.929,1197.8,1197.8,4093.7,4094.1,4093.3,4094.1,44.2,22.8,79.2,75.0,55.1,No,No,No,1.410,0.309,6.3,50,95.0,100.0,No,No,91294,99096,35,99.0,No,No,3320,0.0,0.0,0.0,0.000,0.002,79829,50548,0.0,0.0,0.0,0.000,0.000,52,0,46.9,61.4,83.0,0.719,12.138,12.185,12.156,12.074,1128,39.707,14.663,19.694,5.289,34.353,23.399,10.940,0.336,19.694,20.288,2.196,10.446,220.000,240.000,1185.0,1250.2,1050.0,1175.2,1140.0,39.0,10.0,0.0,2.0,28.1,4.0,16.0,0.0,0.0,0.0,33,Yes,No,No,No,No,Yes,No,18.2,21.3,0,0,0,0,0,0,0,0,0,9,0,0,0,0,0,0,0,0,0,0,0,0,0,0,0,0,0,0,0,0,5890,2302,2137,91,8.0,239.8,259.5,221.5,214.1,217.2,213.1,239.8,243.6,236.9,235.8,236.2,235.7,4.17,4.51,3.87,3.68,4.62,4.77,0.64,0.14,4.06,0.11,0.11,0,0,0.0,0.0,13577,1183,2.3,2.3,0,
8.7.2026,15:26:33.592,18596,27398,40.4,13560,19122,41.4,0.5,13312,70,1.330,1.337,1.319,1.319,1.319,1.337,1.337,1.337,1.337,4070.8,4092.6,4067.7,4067.7,4067.7,4067.7,4067.7,4067.7,4067.7,99.8,1335.1,3466.9,1444.9,3153.9,1312.4,1779.8,1387.1,1320.8,1276.6,675.1,641.4,1003.6,1053.5,897.3,832.8,602.0,513.3,1335.1,29.8,56.2,33.7,76.6,31.1,42.3,32.7,31.1,30.0,15.5,14.8,23.3,24.7,20.3,19.4,13.8,11.7,76.6,29.8,34.0,63.9,38.4,87.0,35.5,48.1,37.2,35.4,34.1,17.8,17.0,26.6,28.2,23.2,22.1,15.8,13.4,34.0,40.8,41.0,40.8,40.8,40.8,40.8,40.8,40.8,40.8,0.0,77.8,84.7,96.1,83.9,80.3,67.8,74.0,71.1,64.8,22.2,15.3,3.9,16.1,19.7,32.2,26.0,28.9,35.2,0.0,0.0,0.0,0.0,0.0,0.0,0.0,0.0,0.0,1197.8,12.00,16,16,16,39,55,661,1,71.8,71.1,71.0,67.3,69.2,70.7,69.0,67.7,65.4,66.1,65.4,64.7,62.7,63.0,62.4,55.5,51.7,1.337,1.038,1.344,13.217,11.044,13.223,70.040,38.203,4.073,5.159,6.131,4.610,4.053,2.980,3.589,3.303,2.758,17.790,11.377,29.167,38.283,1197.8,1197.8,4093.6,4094.4,4092.9,4094.4,43.5,22.0,77.8,74.9,54.4,No,No,No,1.391,0.292,6.2,50,95.0,100.0,No,No,91294,99096,35,99.0,No,No,3320,0.0,0.0,0.0,0.000,0.010,79829,50548,0.0,0.0,0.0,0.000,0.000,52,0,46.8,61.3,83.0,0.719,12.142,12.189,12.160,12.077,1132,39.695,14.929,19.450,5.193,34.229,23.405,10.805,0.336,19.450,20.299,2.182,13.943,220.000,240.000,1185.0,1250.2,1050.0,1173.9,1140.0,38.0,10.0,0.0,2.0,28.1,3.8,15.3,0.0,0.0,0.0,33,Yes,No,No,No,No,Yes,No,18.1,20.0,0,0,0,0,0,0,0,0,0,9,0,0,0,0,0,0,0,0,0,0,0,0,0,0,0,0,0,0,0,0,5890,2302,2137,91,8.0,239.8,254.7,220.6,211.9,215.9,210.4,239.8,242.4,237.5,237.1,237.3,237.1,4.17,4.60,3.87,3.63,4.71,4.85,0.63,0.10,4.06,0.11,0.12,0,0,0.0,0.0,13577,1183,2.3,2.1,0,
8.7.2026,15:26:35.594,18591,27403,40.4,13564,19118,41.5,0.5,13312,70,1.334,1.325,1.325,1.331,1.337,1.337,1.337,1.337,1.337,4070.8,4067.7,4067.7,4092.6,4067.7,4067.7,4067.7,4067.7,4067.7,99.8,1363.4,3557.0,1536.2,1311.5,3003.8,1416.7,1835.2,1177.4,1548.2,681.4,717.4,1092.2,1052.2,876.2,899.3,568.7,540.8,1363.4,30.6,58.8,36.0,31.1,73.1,33.4,43.7,27.6,36.9,15.8,16.8,25.5,24.8,19.8,21.1,13.1,12.5,73.1,30.6,34.7,66.6,40.7,35.2,82.9,37.8,49.5,31.3,41.8,17.8,19.0,28.9,28.0,22.3,23.8,14.8,14.1,34.7,40.8,40.8,40.8,41.0,40.8,40.8,40.8,40.8,40.8,0.0,79.6,86.9,95.1,85.0,82.0,70.8,76.5,73.4,67.2,20.4,13.1,4.9,15.0,18.0,29.2,23.5,26.6,32.8,0.0,0.0,0.0,0.0,0.0,0.0,0.0,0.0,0.0,1197.8,12.00,16,16,16,39,55,661,1,71.8,71.3,70.0,67.5,69.7,70.5,69.4,67.8,65.7,66.3,65.7,64.9,62.8,63.2,62.4,54.5,51.4,1.350,1.038,1.356,13.625,11.058,13.621,71.656,38.753,4.163,5.401,6.004,4.799,4.169,3.072,3.684,3.384,2.792,18.335,11.394,29.729,38.835,1197.8,1197.8,4092.9,4092.9,4092.9,4092.9,44.1,22.7,79.6,75.1,54.9,No,No,No,1.397,0.287,6.4,50,95.0,100.0,No,No,91294,99096,35,99.0,No,No,3320,0.0,0.0,0.0,0.002,0.063,79829,50548,0.0,0.0,0.0,0.000,0.000,52,0,46.8,61.3,83.0,0.706,12.140,12.187,12.157,12.075,1131,38.821,14.301,18.533,4.765,33.432,23.124,10.296,0.336,18.533,20.005,2.056,11.930,220.000,240.000,1155.0,1250.2,1005.0,1174.1,1095.0,40.0,10.0,0.0,2.0,28.1,3.5,14.0,0.0,0.0,0.0,33,Yes,No,No,No,No,Yes,No,17.5,22.3,0,0,0,0,0,0,0,0,0,9,0,0,0,0,0,0,0,0,0,0,0,0,0,0,0,0,0,0,0,0,5889,2303,2138,91,8.0,239.8,262.0,223.8,207.2,215.2,203.6,0.0,0.0,0.0,0.0,0.0,0.0,4.17,4.47,3.81,3.64,4.66,4.98,0.54,0.10,4.06,0.11,0.00,0,0,0.0,0.0,13577,1183,2.7,1.6,0,
8.7.2026,15:26:37.593,18648,27346,40.5,13588,19094,41.5,0.5,13312,70,1.295,1.300,1.294,1.294,1.294,1.294,1.294,1.294,1.294,4017.8,4017.8,4017.8,4017.8,4017.8,4017.8,4017.8,4017.8,4017.8,99.8,1491.9,3622.9,1957.3,1351.9,3116.8,1433.8,2019.3,1324.8,1576.8,786.9,802.0,1119.6,1255.0,927.0,1091.6,748.6,736.1,1491.9,33.4,55.0,46.4,32.1,76.0,33.8,48.3,31.3,37.4,18.4,18.8,26.3,29.8,21.1,25.8,17.5,17.2,76.0,33.4,37.9,62.3,52.5,36.3,86.1,38.3,54.7,35.4,42.4,20.8,21.3,29.8,33.7,23.9,29.2,19.7,19.4,37.9,40.2,40.2,40.2,40.2,40.2,40.2,40.2,40.2,40.2,0.0,82.4,88.7,96.1,87.4,84.4,74.1,79.3,76.4,72.5,17.6,11.3,3.9,12.6,15.6,25.9,20.7,23.6,27.5,0.0,0.0,0.0,0.0,0.0,0.0,0.0,0.0,0.0,1197.8,12.00,16,16,16,39,55,661,1,71.8,71.8,76.5,68.0,70.2,70.8,69.8,68.3,66.3,66.8,66.3,65.7,63.0,63.3,62.7,54.0,51.6,1.319,1.031,1.319,14.148,11.127,14.143,74.118,39.481,4.315,5.494,6.020,4.915,4.311,3.241,3.844,3.558,3.135,19.001,11.465,30.466,39.581,1197.8,1197.8,4086.2,4086.3,4086.1,4086.3,45.0,23.6,82.4,75.5,54.9,No,No,No,1.454,0.282,6.6,50,95.0,100.0,No,No,91294,99096,35,99.0,No,No,3320,0.0,0.0,0.0,0.000,0.047,79829,50548,0.0,0.0,0.0,0.000,0.000,52,0,46.8,61.2,83.0,0.719,12.140,12.188,12.158,12.076,1131,38.216,14.964,19.776,5.265,34.406,23.402,10.987,0.336,19.776,20.221,2.193,13.279,220.000,240.000,1200.0,1250.2,1050.0,1148.8,1140.0,39.0,10.0,0.0,2.0,28.1,3.8,15.4,0.0,0.0,0.0,33,Yes,No,No,No,No,Yes,No,18.2,21.5,0,0,0,0,0,0,0,0,0,9,0,0,0,0,0,0,0,0,0,0,0,0,0,0,0,0,0,0,0,0,5889,2303,2138,91,8.0,239.8,260.5,220.0,212.6,216.7,210.5,238.7,242.9,235.9,135.3,178.1,120.2,4.17,4.60,3.85,3.60,4.67,4.79,0.68,0.11,4.06,0.11,0.11,0,0,0.0,0.0,13577,1183,6.2,9.2,0,
8.7.2026,15:26:39.601,18648,27346,40.5,13600,19081,41.6,0.5,13312,70,1.334,1.337,1.337,1.337,1.337,1.337,1.337,1.325,1.325,4089.5,4092.6,4092.6,4092.6,4092.6,4092.6,4092.6,4092.6,4067.7,99.8,1484.1,3561.6,2026.6,2304.8,2175.6,1635.7,1755.1,1393.4,1527.2,791.2,849.7,1073.2,1239.0,945.8,1013.5,678.6,775.0,1484.1,33.0,49.2,48.2,55.5,52.7,38.8,41.8,33.1,36.3,18.4,20.0,25.1,29.4,21.4,23.9,15.7,18.2,55.5,33.0,37.3,55.6,54.5,62.9,59.6,44.0,47.3,37.4,41.1,20.9,22.7,28.5,33.2,24.2,27.1,17.8,20.6,37.3,41.0,41.0,41.0,41.0,41.0,41.0,41.0,41.0,40.8,0.0,81.8,87.3,95.9,86.8,84.5,73.7,78.9,75.8,71.5,18.2,12.7,4.1,13.2,15.5,26.3,21.1,24.2,28.5,0.0,0.0,0.0,0.0,0.0,0.0,0.0,0.0,0.0,1197.8,12.00,16,16,16,39,55,661,1,72.2,72.8,69.8,68.5,70.2,71.2,69.9,68.9,66.9,67.5,66.7,66.6,63.1,63.4,62.8,55.0,51.6,1.331,1.044,1.337,14.302,11.047,14.314,73.610,39.656,4.384,5.393,6.088,4.906,4.464,3.387,3.944,3.611,3.278,19.191,11.384,30.575,39.711,1197.8,1197.8,4080.9,4081.1,4080.8,4081.1,45.1,23.9,81.8,76.6,54.5,No,No,No,1.410,0.296,6.5,50,95.0,100.0,No,No,91294,99096,35,99.0,No,No,3320,0.0,0.0,0.0,0.000,0.179,79829,50549,0.0,0.0,0.0,0.000,0.000,52,0,46.8,61.2,83.0,0.731,12.138,12.186,12.155,12.072,1131,40.190,13.931,18.090,4.253,32.307,22.249,10.049,0.336,18.090,18.825,2.297,12.812,220.000,240.000,1230.0,1250.2,1080.0,1219.3,1170.0,32.0,7.0,0.0,1.0,28.1,3.9,15.5,0.0,0.0,0.0,33,Yes,No,No,No,No,Yes,No,16.8,20.8,0,0,0,0,0,0,0,0,0,9,0,0,0,0,0,0,0,0,0,0,0,0,0,0,0,0,0,0,0,0,5889,2303,2138,91,8.0,239.7,258.6,225.4,218.5,220.9,218.1,239.8,242.6,237.4,237.0,237.2,236.9,4.17,4.51,3.84,3.60,4.54,4.57,0.63,0.17,4.06,0.11,0.10,0,0,0.0,0.0,13577,1183,3.4,2.5,0,
8.7.2026,15:26:41.601,18647,27347,40.5,13594,19088,41.5,0.5,13312,70,1.318,1.319,1.331,1.331,1.312,1.312,1.312,1.312,1.312,4073.9,4067.7,4092.6,4092.6,4067.7,4067.7,4067.7,4067.7,4067.7,99.8,1387.2,3489.2,1918.0,3163.1,1294.4,1753.0,1392.9,1347.3,1345.9,743.6,641.8,1078.8,1133.2,926.6,867.3,584.6,514.9,1387.2,30.7,48.3,45.4,76.9,30.7,41.7,32.8,31.8,31.9,17.4,14.9,25.3,26.7,21.3,20.3,13.4,11.8,76.9,30.7,34.8,54.8,51.5,87.3,34.8,47.3,37.2,36.0,36.1,19.6,16.8,28.6,30.3,24.1,23.0,15.2,13.4,34.8,40.8,40.8,41.0,41.0,40.8,40.8,40.8,40.8,40.8,0.0,78.7,85.2,96.2,83.8,80.9,69.9,75.7,72.3,65.8,21.3,14.8,3.8,16.2,19.1,30.1,24.3,27.7,34.2,0.0,0.0,0.0,0.0,0.0,0.0,0.0,0.0,0.0,1197.8,12.00,16,16,16,39,55,661,1,72.1,71.3,69.8,67.5,69.4,70.8,68.9,67.9,65.6,66.5,65.7,64.9,62.8,63.1,62.5,54.0,51.4,1.337,1.031,1.344,13.446,11.073,13.438,70.860,38.515,4.122,5.194,6.117,4.581,4.164,3.049,3.734,3.373,2.768,18.093,11.407,29.499,38.604,1197.8,1197.8,4093.2,4093.5,4093.0,4093.5,43.9,22.4,78.7,75.0,54.7,No,No,No,1.441,0.327,6.3,50,95.0,100.0,No,No,91294,99096,35,99.0,No,No,3320,0.0,0.9,0.9,0.026,9.007,79829,50566,0.0,0.0,0.0,0.000,0.000,52,0,46.9,61.4,83.0,0.725,12.137,12.184,12.156,12.073,1131,39.924,15.017,19.875,5.324,34.340,23.289,11.042,0.336,19.875,20.127,2.182,13.783,220.000,240.000,1215.0,1250.2,1065.0,1204.0,1155.0,39.0,10.0,0.0,2.0,28.1,3.9,15.8,0.0,0.0,0.0,33,Yes,No,No,No,No,Yes,No,18.2,21.8,0,0,0,0,0,0,0,0,0,9,0,0,0,0,0,0,0,0,0,0,0,0,0,0,0,0,0,0,0,0,5889,2303,2138,91,8.0,239.7,271.8,215.4,203.5,209.1,201.1,239.8,242.7,236.7,235.9,236.3,235.7,4.17,4.66,3.68,3.49,4.80,5.02,0.58,0.06,4.06,0.11,0.11,0,0,0.0,0.0,13577,1183,2.3,1.5,0,
8.7.2026,15:26:43.600,18640,27354,40.5,13594,19087,41.5,0.5,13312,70,1.328,1.337,1.337,1.325,1.325,1.325,1.325,1.325,1.325,4092.6,4092.6,4092.6,4092.6,4092.6,4092.6,4092.6,4092.6,4092.6,99.8,1381.4,3492.7,1925.8,3101.7,1344.3,1847.9,1318.0,1718.6,976.1,768.1,569.4,1340.6,819.9,1039.1,658.0,676.2,506.7,1381.4,30.5,48.7,45.6,75.4,31.9,43.9,30.9,41.1,22.6,17.9,13.2,31.8,19.0,23.8,15.1,15.8,11.6,75.4,30.5,34.6,55.3,51.7,85.5,36.3,49.8,35.0,46.6,25.7,20.3,14.9,36.1,21.6,27.0,17.2,17.9,13.1,34.6,41.0,41.0,41.0,41.0,41.0,41.0,41.0,41.0,41.0,0.0,78.9,85.3,95.5,84.3,81.2,69.8,75.7,72.2,67.4,21.1,14.7,4.5,15.7,18.8,30.2,24.3,27.8,32.6,0.0,0.0,0.0,0.0,0.0,0.0,0.0,0.0,0.0,1197.8,12.00,16,16,16,39,55,661,1,72.0,71.3,69.8,67.5,69.6,70.8,69.2,68.0,65.7,66.4,65.5,65.0,62.9,63.2,62.5,53.8,50.8,1.344,1.025,1.344,13.467,11.056,13.474,71.031,38.578,4.151,5.340,6.153,4.692,4.145,3.028,3.719,3.305,2.822,18.132,11.387,29.519,38.646,1197.8,1197.8,4093.1,4093.3,4093.0,4093.3,43.9,22.5,78.9,75.1,54.4,No,No,No,1.405,0.322,6.3,50,95.0,100.0,No,No,91294,99096,35,99.0,No,No,3320,0.0,0.0,0.0,0.000,0.010,79829,50566,0.0,0.0,0.0,0.000,0.000,52,0,46.8,61.2,83.0,0.719,12.141,12.189,12.159,12.076,1131,39.529,14.816,19.620,5.168,34.349,23.440,10.900,0.336,19.620,20.240,2.249,12.241,220.000,240.000,1200.0,1250.2,1050.0,1184.8,1140.0,40.0,10.0,0.0,2.0,28.1,3.9,15.7,0.0,0.0,0.0,33,Yes,No,No,No,No,Yes,No,18.1,21.6,0,0,0,0,0,0,0,0,0,9,0,0,0,0,0,0,0,0,0,0,0,0,0,0,0,0,0,0,0,0,5889,2303,2138,91,8.0,239.8,258.0,225.9,222.9,224.1,222.3,0.0,0.0,0.0,0.0,0.0,0.0,4.17,4.43,3.86,3.76,4.45,4.46,0.62,0.09,4.06,0.11,0.00,0,0,0.0,0.0,13577,1183,2.2,1.9,0,
8.7.2026,15:26:45.593,18642,27352,40.5,13591,19091,41.5,0.5,13312,70,1.335,1.344,1.337,1.325,1.325,1.337,1.337,1.337,1.337,4092.6,4092.6,4092.6,4092.6,4092.6,4092.6,4092.6,4092.6,4092.6,99.8,1410.4,3534.6,2038.8,1280.4,3181.6,1358.2,1902.7,1481.6,1155.0,769.0,668.1,1330.1,873.9,1075.9,750.0,606.0,559.7,1410.4,31.3,50.9,48.4,30.3,77.5,31.9,45.3,35.1,27.0,17.9,15.4,31.5,20.3,24.8,17.3,13.9,12.8,77.5,31.3,35.5,57.8,54.9,34.4,87.9,36.2,51.4,39.9,30.6,20.3,17.6,35.7,23.0,28.1,19.7,15.8,14.6,35.5,41.0,41.0,41.0,41.0,41.0,41.0,41.0,41.0,41.0,0.0,79.2,86.4,96.3,84.9,80.8,70.0,76.1,72.6,66.9,20.8,13.6,3.7,15.1,19.2,30.0,23.9,27.4,33.1,0.0,0.0,0.0,0.0,0.0,0.0,0.0,0.0,0.0,1197.8,12.00,16,16,16,39,55,661,1,72.0,71.4,73.8,67.6,69.9,70.8,69.4,67.7,65.8,66.4,65.7,65.0,62.8,63.2,62.5,53.8,51.1,1.350,1.025,1.350,13.653,11.078,13.646,71.313,38.799,4.186,5.490,6.159,4.774,4.052,3.084,3.707,3.378,2.848,18.375,11.413,29.788,38.895,1197.8,1197.8,4092.9,4093.4,4092.4,4093.4,44.2,22.7,79.2,75.2,54.7,No,No,No,1.423,0.322,6.3,50,95.0,100.0,No,No,91294,99096,35,99.0,No,No,3320,0.0,0.0,0.0,0.000,0.055,79829,50566,0.0,0.0,0.0,0.000,0.000,52,0,46.8,61.5,83.0,0.719,12.141,12.189,12.158,12.075,1129,39.531,14.166,18.654,4.876,33.362,22.992,10.363,0.336,18.654,19.923,2.298,10.205,220.000,240.000,1200.0,1250.2,1050.0,1194.5,1140.0,37.0,9.0,0.0,2.0,28.1,3.9,15.5,0.0,0.0,0.0,33,Yes,No,No,No,No,Yes,No,17.5,20.8,0,0,0,0,0,0,0,0,0,9,0,0,0,0,0,0,0,0,0,0,0,0,0,0,0,0,0,0,0,0,5889,2303,2138,91,8.0,239.8,254.4,222.0,211.8,215.2,211.6,239.8,242.3,236.8,235.8,236.2,235.7,4.17,4.58,3.88,3.71,4.65,4.72,0.56,0.15,4.06,0.11,0.11,0,0,0.0,0.0,13577,1183,2.6,2.2,0,
8.7.2026,15:26:47.599,18640,27354,40.5,13593,19089,41.5,0.5,13312,70,1.328,1.331,1.319,1.337,1.337,1.325,1.325,1.325,1.325,4086.4,4092.6,4092.6,4067.7,4067.7,4092.6,4092.6,4092.6,4092.6,99.8,1472.5,3556.7,2103.3,1393.5,3187.0,1346.6,2006.6,1543.8,1225.9,816.2,738.1,1360.6,971.5,1125.0,754.9,757.4,672.8,1472.5,32.8,50.9,50.2,33.2,77.7,31.8,48.0,36.7,28.9,19.0,17.2,32.3,22.6,26.0,17.5,17.8,15.6,77.7,32.8,37.2,57.6,56.8,37.6,88.1,35.9,54.4,41.5,32.7,21.5,19.5,36.5,25.6,29.4,19.8,20.1,17.7,37.2,40.9,41.0,41.0,40.8,40.8,41.0,41.0,41.0,41.0,0.0,79.8,87.1,96.2,85.5,81.4,70.8,76.4,73.0,68.5,20.2,12.9,3.8,14.5,18.6,29.2,23.6,27.0,31.5,0.0,0.0,0.0,0.0,0.0,0.0,0.0,0.0,0.0,1197.8,12.00,16,16,16,39,55,661,1,72.0,71.7,71.2,67.8,70.3,71.0,69.7,68.0,65.9,66.7,65.8,65.4,62.9,63.2,62.6,53.2,51.2,1.350,1.031,1.337,13.815,11.086,13.819,71.859,39.068,4.253,5.554,6.192,4.855,4.159,3.129,3.789,3.386,2.957,18.562,11.424,29.986,39.116,1197.8,1197.8,4087.2,4089.0,4085.4,4089.0,44.5,23.0,79.8,75.5,54.4,No,No,No,1.500,0.303,6.4,50,95.0,100.0,No,No,91294,99096,35,99.0,No,No,3320,0.0,0.1,0.1,0.016,0.106,79829,50566,0.0,0.0,0.0,0.000,0.000,52,0,46.8,61.3,83.0,0.725,12.139,12.186,12.156,12.074,1129,39.901,15.519,19.345,4.935,33.867,23.097,10.747,0.336,19.345,19.801,10.583,13.130,220.000,240.000,1215.0,1250.2,1065.0,1198.9,1155.0,40.0,10.0,0.0,2.0,28.1,4.0,16.2,0.0,0.0,0.0,33,Yes,No,No,No,No,Yes,No,17.8,22.3,0,0,0,0,0,0,0,0,0,9,0,0,0,0,0,0,0,0,0,0,0,0,0,0,0,0,0,0,0,0,5889,2303,2138,91,8.0,239.8,271.9,214.2,203.1,206.8,201.6,239.8,242.0,237.2,237.0,237.1,237.0,4.17,4.67,3.71,3.59,4.83,4.96,0.68,0.18,4.06,0.11,0.11,0,0,0.0,0.0,13577,1183,3.4,4.6,0,
8.7.2026,15:26:49.592,18641,27353,40.5,13589,19093,41.5,0.5,13312,70,1.329,1.344,1.337,1.325,1.325,1.325,1.325,1.325,1.325,4111.3,4092.6,4092.6,4117.6,4117.6,4117.6,4117.6,4117.6,4117.6,99.8,1445.7,3522.3,2126.8,2242.3,2343.4,1604.2,1619.9,1687.6,1104.0,797.0,694.1,1314.4,929.1,1081.8,774.3,700.0,590.1,1445.7,32.1,48.4,50.7,54.2,56.8,38.1,38.5,40.4,25.9,18.8,16.2,31.2,21.8,25.1,18.0,16.4,13.7,56.8,32.1,36.4,54.8,57.5,61.4,64.4,43.2,43.6,45.7,29.3,21.2,18.3,35.4,24.7,28.3,20.4,18.5,15.4,36.4,41.2,41.0,41.0,41.2,41.2,41.2,41.2,41.2,41.2,0.0,78.7,86.2,96.5,83.8,80.8,69.4,74.9,72.0,66.3,21.3,13.8,3.5,16.2,19.2,30.6,25.1,28.0,33.7,0.0,0.0,0.0,0.0,0.0,0.0,0.0,0.0,0.0,1197.8,12.00,16,16,16,39,55,661,1,72.0,71.3,70.2,67.5,69.6,70.8,69.1,67.9,65.6,66.4,65.6,65.0,62.8,63.1,62.4,55.5,51.3,1.350,1.025,1.344,13.466,11.065,13.463,70.868,38.515,4.161,5.378,6.214,4.639,4.127,3.054,3.665,3.354,2.853,18.098,11.399,29.497,38.608,1197.8,1197.8,4090.1,4090.8,4089.5,4090.8,43.9,22.4,78.7,75.1,54.2,No,No,No,1.430,0.313,6.3,50,95.0,100.0,No,No,91294,99096,35,99.0,No,No,3320,0.0,0.0,0.0,0.008,0.008,79829,50566,0.0,0.0,0.0,0.000,0.000,52,0,46.8,61.2,83.0,0.731,12.138,12.186,12.156,12.073,1131,40.159,15.013,20.138,5.252,34.377,23.168,11.187,0.336,20.138,19.832,2.388,13.316,220.000,240.000,1245.0,1250.2,1080.0,1220.5,1170.0,39.0,10.0,0.0,2.0,28.1,4.1,16.5,0.0,0.0,0.0,33,Yes,No,No,No,No,Yes,No,18.2,22.3,0,0,0,0,0,0,0,0,0,9,0,0,0,0,0,0,0,0,0,0,0,0,0,0,0,0,0,0,0,0,5889,2303,2138,91,8.0,239.8,258.0,222.6,213.5,217.4,212.2,238.7,243.0,236.8,135.2,178.7,119.9,4.17,4.56,3.84,3.74,4.67,4.76,0.67,0.24,4.05,0.12,0.10,0,0,0.0,0.0,13577,1183,3.7,2.5,0,
8.7.2026,15:26:51.601,18642,27352,40.5,13595,19087,41.5,0.5,13312,70,1.344,1.344,1.344,1.344,1.344,1.344,1.344,1.344,1.344,4070.8,4092.6,4067.7,4067.7,4067.7,4067.7,4067.7,4067.7,4067.7,99.8,1410.7,3496.0,2018.2,3125.3,1424.7,1943.6,1364.5,1620.5,1035.5,796.6,606.9,1254.6,884.8,1068.4,681.3,672.8,577.2,1410.7,31.1,47.4,47.9,75.8,33.8,46.5,31.9,38.5,24.1,18.6,13.9,29.6,20.5,24.5,15.6,15.6,13.3,75.8,31.1,35.3,53.8,54.4,86.1,38.5,52.8,36.3,43.7,27.4,21.1,15.8,33.6,23.3,27.9,17.8,17.7,15.1,35.3,40.8,41.0,40.8,40.8,40.8,40.8,40.8,40.8,40.8,0.0,78.5,85.4,95.8,85.2,81.0,68.9,74.3,71.6,66.3,21.5,14.6,4.2,14.8,19.0,31.1,25.7,28.4,33.7,0.0,0.0,0.0,0.0,0.0,0.0,0.0,0.0,0.0,1197.8,12.00,16,16,16,39,55,661,1,72.0,71.5,70.8,67.6,69.8,70.7,69.6,67.8,65.7,66.3,65.6,64.9,62.8,63.1,62.5,53.0,51.1,1.337,1.019,1.344,13.506,11.018,13.510,70.691,38.570,4.185,5.431,6.161,4.869,4.115,3.067,3.642,3.329,2.865,18.189,11.348,29.538,38.657,1197.8,1197.8,4094.3,4094.7,4093.9,4094.7,43.9,22.5,78.5,75.3,54.2,No,No,No,1.393,0.311,6.3,50,95.0,100.0,No,No,91294,99096,35,99.0,No,No,3320,0.0,0.0,0.0,0.000,0.010,79829,50566,0.0,0.0,0.0,0.000,0.000,52,0,47.2,62.1,83.0,0.750,12.131,12.176,12.150,12.068,1131,43.520,16.373,22.535,6.100,37.532,24.992,12.519,0.336,22.535,21.430,2.406,13.343,220.000,240.000,1305.0,1750.2,1140.0,1285.8,1230.0,37.0,7.0,0.0,2.0,28.1,3.8,15.1,0.0,0.0,0.0,33,Yes,No,No,No,No,Yes,No,20.0,21.7,0,0,0,0,0,0,0,0,0,9,0,0,0,0,0,0,0,0,0,0,0,0,0,0,0,0,0,0,0,0,5888,2304,2139,91,8.0,239.7,258.6,220.8,211.9,215.1,211.4,239.8,242.2,237.4,237.3,237.3,237.2,4.17,4.61,3.88,3.75,4.67,4.69,0.45,0.26,4.06,0.11,0.11,0,0,0.0,0.0,13577,1183,2.7,2.2,0,
8.7.2026,15:26:53.607,18644,27350,40.5,13595,19087,41.5,0.5,13312,70,1.319,1.300,1.319,1.319,1.319,1.319,1.319,1.319,1.337,4080.1,4042.7,4067.7,4067.7,4092.6,4092.6,4092.6,4092.6,4092.6,99.8,1416.2,3531.3,1986.2,3147.9,1358.4,1917.5,1410.5,1540.0,1128.6,809.6,650.7,1299.6,934.7,1071.2,705.3,607.7,559.8,1416.2,31.4,50.1,47.2,76.6,32.2,45.9,33.1,36.6,26.3,19.0,15.1,30.8,21.7,24.7,16.3,14.0,12.8,76.6,31.4,35.6,56.7,53.5,86.8,36.6,52.0,37.6,41.5,29.8,21.5,17.1,34.9,24.7,28.0,18.5,15.9,14.5,35.6,40.9,40.5,40.8,40.8,41.0,41.0,41.0,41.0,41.0,0.0,79.2,86.4,95.6,85.6,81.1,70.1,76.1,72.1,66.3,20.8,13.6,4.4,14.4,18.9,29.9,23.9,27.9,33.7,0.0,0.0,0.0,0.0,0.0,0.0,0.0,0.0,0.0,1197.8,12.00,16,16,16,39,55,661,1,72.1,71.6,72.5,67.7,69.9,70.7,69.6,68.0,65.9,66.6,65.6,65.0,62.8,63.1,62.5,53.2,51.2,1.375,1.044,1.375,13.668,11.041,13.660,71.236,38.732,4.207,5.435,6.108,4.869,4.159,3.136,3.793,3.337,2.819,18.384,11.376,29.760,38.861,1197.8,1197.8,4091.3,4091.8,4090.8,4091.8,44.2,22.8,79.2,75.3,54.4,No,No,No,1.388,0.310,6.3,50,95.0,100.0,No,No,91294,99096,35,99.0,No,No,3320,0.1,0.1,0.2,0.174,0.262,79829,50567,0.0,0.0,0.0,0.000,0.000,52,0,46.8,61.3,83.0,0.725,12.133,12.179,12.152,12.070,1133,39.875,14.922,19.639,5.164,34.232,23.307,10.910,0.336,19.639,20.095,2.404,13.493,220.000,240.000,1215.0,1250.2,1065.0,1228.8,1155.0,39.0,10.0,0.0,2.0,28.1,4.0,16.1,0.0,0.0,0.0,33,Yes,No,No,No,No,Yes,No,18.1,21.1,0,0,0,0,0,0,0,0,0,9,0,0,0,0,0,0,0,0,0,0,0,0,0,0,0,0,0,0,0,0,5888,2304,2139,91,8.0,239.8,260.2,222.0,204.2,211.7,201.5,239.8,242.3,237.2,236.0,236.5,236.0,4.17,4.52,3.85,3.67,4.74,4.98,0.61,0.16,4.06,0.11,0.11,0,0,0.0,0.0,13577,1183,2.9,2.5,0,
8.7.2026,15:26:55.592,18643,27351,40.5,13594,19088,41.5,0.5,13312,70,1.325,1.325,1.325,1.325,1.325,1.325,1.325,1.325,1.325,4089.5,4067.7,4092.6,4092.6,4092.6,4092.6,4092.6,4092.6,4092.6,99.8,1373.2,3541.5,1561.4,1188.1,3245.7,1363.0,1797.3,1390.4,1217.6,777.8,667.6,1224.3,934.8,1037.8,754.6,684.0,584.5,1373.2,30.9,59.0,36.7,28.1,79.2,32.2,42.7,33.0,28.6,18.3,15.5,29.0,21.8,24.0,17.5,16.0,13.6,79.2,30.9,35.0,66.8,41.5,31.9,89.7,36.4,48.3,37.3,32.3,20.6,17.5,32.8,24.7,27.2,19.8,18.1,15.3,35.0,41.0,40.8,41.0,41.0,41.0,41.0,41.0,41.0,41.0,0.0,79.2,86.6,96.7,83.7,80.6,70.2,75.6,72.5,67.5,20.8,13.4,3.3,16.3,19.4,29.8,24.4,27.5,32.5,0.0,0.0,0.0,0.0,0.0,0.0,0.0,0.0,0.0,1197.8,12.00,16,16,16,39,55,661,1,72.1,71.8,71.2,67.8,70.0,71.0,69.4,67.9,66.1,66.7,66.0,65.5,62.9,63.2,62.6,54.2,51.2,1.350,1.031,1.356,13.573,11.045,13.579,71.271,38.706,4.192,5.476,6.138,4.644,4.053,3.164,3.703,3.387,2.969,18.246,11.380,29.626,38.746,1197.8,1197.8,4088.2,4088.8,4087.5,4088.8,44.0,22.6,79.2,75.6,54.2,No,No,No,1.383,0.307,6.3,50,95.0,100.0,No,No,91294,99096,35,99.0,No,No,3320,0.0,0.0,0.0,0.000,0.088,79829,50567,0.0,0.0,0.0,0.000,0.000,52,0,46.8,61.6,83.0,0.731,12.137,12.184,12.156,12.072,1133,40.106,15.335,20.352,5.276,34.644,23.311,11.307,0.336,20.352,19.897,4.827,13.042,220.000,240.000,1230.0,1250.2,1080.0,1217.4,1170.0,39.0,10.0,0.0,2.0,28.1,3.9,15.7,0.0,0.0,0.0,33,Yes,No,No,No,No,Yes,No,18.3,22.3,0,0,0,0,0,0,0,0,0,9,0,0,0,0,0,0,0,0,0,0,0,0,0,0,0,0,0,0,0,0,5888,2304,2139,91,8.0,239.8,257.3,220.7,209.5,213.1,209.2,238.7,242.6,236.7,135.4,178.6,120.1,4.17,4.59,3.87,3.78,4.71,4.76,0.70,0.11,4.06,0.11,0.10,0,0,0.0,0.0,13577,1183,2.5,2.7,0,
8.7.2026,15:26:57.591,18644,27350,40.5,13595,19087,41.5,0.5,13312,70,1.331,1.312,1.312,1.337,1.337,1.337,1.337,1.337,1.337,4092.6,4092.6,4092.6,4092.6,4092.6,4092.6,4092.6,4092.6,4092.6,99.8,1389.0,3552.6,1647.5,1191.7,3236.4,1367.9,1846.4,1079.7,1581.3,654.8,766.6,1008.7,1142.4,871.1,976.7,585.4,715.1,1389.0,31.1,57.2,38.7,28.1,78.8,32.2,43.8,25.3,37.4,15.1,17.9,23.5,26.8,19.7,22.9,13.4,16.7,78.8,31.1,35.3,65.0,43.9,31.9,89.4,36.6,49.7,28.8,42.5,17.2,20.3,26.8,30.5,22.4,26.1,15.3,19.0,35.3,41.0,41.0,41.0,41.0,41.0,41.0,41.0,41.0,41.0,0.0,79.4,86.9,96.0,84.3,81.5,70.2,75.9,73.4,67.0,20.6,13.1,4.0,15.7,18.5,29.8,24.1,26.6,33.0,0.0,0.0,0.0,0.0,0.0,0.0,0.0,0.0,0.0,1197.8,12.00,16,16,16,39,55,661,1,71.8,71.4,71.8,67.5,69.8,70.7,69.1,67.7,65.6,66.2,65.7,65.0,62.8,63.1,62.4,55.2,51.5,1.337,1.038,1.337,13.578,11.089,13.582,71.457,38.739,4.154,5.473,6.066,4.649,4.091,3.059,3.656,3.390,2.846,18.261,11.423,29.684,38.805,1197.8,1197.8,4091.2,4091.8,4090.7,4091.8,44.1,22.6,79.4,75.1,54.8,No,No,No,1.428,0.300,6.4,50,95.0,100.0,No,No,91294,99096,35,99.0,No,No,3320,0.0,0.0,0.0,0.000,0.067,79829,50567,0.0,0.0,0.0,0.000,0.000,52,0,46.8,61.2,83.0,0.719,12.135,12.182,12.153,12.070,1131,39.376,14.237,18.884,4.909,33.823,23.307,10.491,0.336,18.884,20.178,2.208,9.350,220.000,240.000,1200.0,1250.2,1050.0,1207.5,1140.0,38.0,9.0,0.0,2.0,28.1,4.0,15.9,0.0,0.0,0.0,33,Yes,No,No,No,No,Yes,No,17.9,22.1,0,0,0,0,0,0,0,0,0,9,0,0,0,0,0,0,0,0,0,0,0,0,0,0,0,0,0,0,0,0,5888,2304,2139,91,8.0,239.8,253.3,220.4,215.9,217.7,215.2,238.7,243.0,236.6,134.9,178.2,119.6,4.17,4.56,3.88,3.72,4.61,4.65,0.67,0.09,4.06,0.11,0.10,0,0,0.0,0.0,13577,1183,4.7,5.3,0,
8.7.2026,15:26:59.602,18643,27350,40.5,13595,19087,41.5,0.5,13312,70,1.316,1.319,1.319,1.319,1.312,1.312,1.312,1.312,1.325,4067.7,4067.7,4067.7,4067.7,4067.7,4067.7,4067.7,4067.7,4067.7,99.8,1377.6,3570.4,1564.1,2014.1,2403.1,1572.0,1642.7,1147.1,1543.2,721.1,711.7,988.2,1174.4,844.8,983.8,552.7,607.8,1377.6,30.9,58.8,36.7,48.5,58.2,37.3,38.9,26.9,36.6,16.8,16.5,23.1,27.7,19.0,23.0,12.7,14.0,58.8,30.9,35.1,66.7,41.6,55.0,66.1,42.3,44.1,30.5,41.5,19.0,18.8,26.2,31.5,21.6,26.2,14.4,15.9,35.1,40.8,40.8,40.8,40.8,40.8,40.8,40.8,40.8,40.8,0.0,80.0,87.3,96.1,85.4,82.1,71.1,76.6,73.9,67.6,20.0,12.7,3.9,14.6,17.9,28.9,23.4,26.1,32.4,0.0,0.0,0.0,0.0,0.0,0.0,0.0,0.0,0.0,1197.8,12.00,16,16,16,39,55,661,1,71.6,71.3,71.2,67.6,69.8,70.6,69.3,67.9,65.9,66.3,65.8,64.9,62.8,63.1,62.5,53.8,51.2,1.344,1.038,1.337,13.488,11.093,13.478,72.000,38.549,4.174,5.474,6.024,4.709,4.152,3.119,3.708,3.407,2.803,18.135,11.428,29.563,38.664,1197.8,1197.8,4090.2,4090.5,4089.8,4090.5,43.9,22.5,80.0,75.0,54.1,No,No,No,1.417,0.323,6.4,50,95.0,100.0,No,No,91294,99096,35,99.0,No,No,3320,0.0,0.0,0.1,0.038,0.089,79829,50567,0.0,0.0,0.0,0.000,0.000,52,0,46.9,61.4,83.0,0.731,12.136,12.183,12.154,12.072,1129,39.958,15.063,19.874,5.312,34.457,23.408,11.040,0.336,19.874,20.237,2.373,13.718,220.000,240.000,1245.0,1250.2,1080.0,1196.6,1170.0,40.0,11.0,0.0,2.0,28.1,4.1,16.4,0.0,0.0,0.0,33,Yes,No,No,No,No,Yes,No,18.4,21.9,0,0,0,0,0,0,0,0,0,9,0,0,0,0,0,0,0,0,0,0,0,0,0,0,0,0,0,0,0,0,5888,2304,2139,91,8.0,239.7,256.5,224.2,218.8,220.4,218.7,237.7,242.7,236.9,119.6,143.3,119.6,4.17,4.49,3.89,3.78,4.54,4.59,0.72,0.09,4.06,0.11,0.10,0,0,0.0,0.0,13577,1183,6.4,2.5,0,
8.7.2026,15:27:1.603,18647,27347,40.5,13595,19087,41.5,0.5,13312,70,1.320,1.331,1.319,1.319,1.319,1.319,1.319,1.319,1.319,4092.6,4092.6,4092.6,4092.6,4092.6,4092.6,4092.6,4092.6,4092.6,99.8,1426.3,3637.9,1592.9,3177.8,1287.5,1807.8,1483.1,1308.9,1499.0,727.2,740.1,1056.5,1195.8,941.6,1008.5,596.4,759.5,1426.3,32.6,60.2,38.0,77.5,31.1,43.5,35.5,31.5,35.9,17.6,17.2,25.3,28.7,22.0,24.5,14.4,18.4,77.5,32.6,36.4,67.9,42.5,87.7,34.7,48.8,39.7,35.2,40.2,19.2,19.6,28.1,32.0,24.3,27.1,15.6,20.2,36.4,41.0,41.0,41.0,41.0,41.0,41.0,41.0,41.0,41.0,0.0,81.2,89.0,96.1,86.5,83.0,72.3,77.5,75.0,69.9,18.8,11.0,3.9,13.5,17.0,27.7,22.5,25.0,30.1,0.0,0.0,0.0,0.0,0.0,0.0,0.0,0.0,0.0,1197.8,12.00,16,16,16,39,55,661,1,71.5,71.4,69.2,67.7,70.0,70.6,69.3,68.0,65.9,66.5,65.9,65.3,62.9,63.2,62.5,53.8,51.2,1.337,1.031,1.344,13.841,11.129,13.844,73.057,39.123,4.232,5.561,6.037,4.777,4.204,3.111,3.762,3.458,2.944,18.592,11.468,30.060,39.188,1197.8,1197.8,4087.5,4087.8,4087.3,4087.8,44.5,23.1,81.2,75.2,54.7,No,No,No,1.484,0.320,6.5,50,95.0,100.0,No,No,91294,99096,35,99.0,No,No,3320,0.4,1.1,1.5,1.754,10.736,79833,50588,0.0,0.0,0.0,0.000,0.000,52,0,46.8,61.3,83.0,0.719,12.139,12.186,12.157,12.074,1131,39.462,14.997,19.455,5.301,34.294,23.460,10.808,0.336,19.455,20.475,4.331,12.058,220.000,240.000,1185.0,1250.2,1050.0,1241.4,1140.0,39.0,10.0,0.0,2.0,28.1,3.8,15.3,0.0,0.0,0.0,33,Yes,No,No,No,No,Yes,No,17.8,21.6,0,0,0,0,0,0,0,0,0,9,0,0,0,0,0,0,0,0,0,0,0,0,0,0,0,0,0,0,0,0,5888,2304,2139,91,8.0,239.8,254.0,224.0,215.1,219.9,212.7,239.8,242.3,237.3,236.8,237.0,236.6,4.17,4.51,3.91,3.68,4.59,4.71,0.62,0.12,4.06,0.11,0.10,0,0,0.0,0.0,13577,1183,3.1,2.3,0,
8.7.2026,15:27:3.597,18655,27339,40.5,13595,19087,41.5,0.5,13312,70,1.333,1.325,1.337,1.337,1.337,1.331,1.331,1.331,1.331,4086.4,4042.7,4092.6,4092.6,4092.6,4092.6,4092.6,4092.6,4092.6,99.8,1394.7,3593.1,1575.9,3135.1,1274.7,1979.9,1351.0,1256.4,1445.7,701.6,742.9,1017.1,1199.6,942.7,868.2,567.0,664.1,1394.7,31.4,59.7,37.0,76.2,30.2,47.4,31.7,29.6,34.1,16.2,17.9,23.7,28.3,21.4,20.2,13.0,15.4,76.2,31.4,35.6,67.8,41.9,86.4,34.3,53.7,36.0,33.6,38.7,18.4,19.7,27.0,32.1,24.3,23.0,14.7,17.5,35.6,40.9,40.5,41.0,41.0,41.0,41.0,41.0,41.0,41.0,0.0,80.4,87.8,95.4,86.2,82.2,71.7,77.0,73.9,69.0,19.6,12.2,4.6,13.8,17.8,28.3,23.0,26.1,31.0,0.0,0.0,0.0,0.0,0.0,0.0,0.0,0.0,0.0,1197.8,12.00,16,16,16,39,55,661,1,71.5,71.5,73.8,67.7,70.1,70.7,69.7,67.9,65.9,66.5,65.8,65.1,62.9,63.2,62.5,53.5,51.4,1.331,1.031,1.337,13.746,11.093,13.751,72.368,38.974,4.225,5.580,6.104,4.865,4.128,3.122,3.740,3.385,2.876,18.486,11.430,29.916,39.048,1197.8,1197.8,4091.1,4091.1,4091.1,4091.1,44.4,22.9,80.4,75.3,54.5,No,No,No,1.484,0.368,6.4,50,95.0,100.0,No,No,91294,99096,35,99.0,No,No,3320,0.1,0.0,0.1,0.112,0.024,79833,50588,0.0,0.0,0.0,0.000,0.000,52,0,46.8,61.2,83.0,0.731,12.136,12.183,12.154,12.072,1132,38.958,14.781,19.717,5.104,33.947,22.984,10.953,0.336,19.717,19.680,2.443,12.933,220.000,240.000,1230.0,1250.2,1080.0,1177.7,1170.0,39.0,9.0,0.0,2.0,28.1,3.8,15.1,0.0,0.0,0.0,33,Yes,No,No,No,No,Yes,No,17.9,21.3,0,0,0,0,0,0,0,0,0,9,0,0,0,0,0,0,0,0,0,0,0,0,0,0,0,0,0,0,0,0,5888,2304,2139,90,8.0,239.8,255.1,222.0,196.6,206.6,194.0,239.8,242.1,237.5,227.5,233.0,224.6,4.17,4.59,3.88,3.21,4.91,5.14,0.65,0.14,4.06,0.11,0.11,0,0,0.0,0.0,13577,1183,2.1,2.3,0,
8.7.2026,15:27:5.593,18658,27336,40.5,13596,19086,41.6,0.5,13312,70,1.334,1.275,1.331,1.344,1.344,1.344,1.344,1.344,1.344,4070.8,4017.8,4067.7,4092.6,4092.6,4092.6,4067.7,4067.7,4067.7,99.8,1363.9,3519.8,1581.9,1204.8,3237.5,1449.4,1705.5,1063.4,1535.7,650.9,790.0,1030.6,1127.5,848.5,897.2,496.4,682.6,1363.9,30.6,57.7,37.1,28.5,78.8,34.2,40.2,24.9,36.3,15.1,18.4,24.1,26.6,19.1,20.9,11.3,15.9,78.8,30.6,34.7,65.5,42.1,32.4,89.4,38.9,45.7,28.3,41.2,17.1,20.9,27.4,30.2,21.7,23.8,12.8,18.0,34.7,40.8,40.2,40.8,41.0,41.0,41.0,40.8,40.8,40.8,0.0,78.7,86.0,96.2,83.2,80.2,70.0,75.4,71.8,66.7,21.3,14.0,3.8,16.8,19.8,30.0,24.6,28.2,33.3,0.0,0.0,0.0,0.0,0.0,0.0,0.0,0.0,0.0,1197.8,12.00,16,16,16,39,55,661,1,71.5,71.4,72.2,67.4,69.7,70.8,69.1,67.6,65.6,66.4,65.5,64.9,62.7,63.0,62.4,55.5,51.3,1.337,1.031,1.344,13.628,11.070,13.619,70.803,38.736,4.169,5.512,6.228,4.638,4.035,3.089,3.713,3.317,2.816,18.346,11.405,29.750,38.855,1197.8,1197.8,4094.1,4094.3,4093.8,4094.3,44.2,22.7,78.7,75.1,54.8,No,No,No,1.454,0.352,6.3,50,95.0,100.0,No,No,91294,99096,35,99.0,No,No,3320,0.0,0.0,0.0,0.000,0.050,79833,50588,0.0,0.0,0.0,0.000,0.000,52,0,46.7,61.1,83.0,0.719,12.139,12.187,12.157,12.074,1128,39.088,14.403,18.557,4.875,33.456,23.122,10.309,0.336,18.557,20.111,4.889,9.814,220.000,240.000,1185.0,1250.2,1050.0,1227.5,1140.0,38.0,9.0,0.0,2.0,28.1,3.6,14.4,0.0,0.0,0.0,33,Yes,No,No,No,No,Yes,No,18.0,21.9,0,0,0,0,0,0,0,0,0,9,0,0,0,0,0,0,0,0,0,0,0,0,0,0,0,0,0,0,0,0,5888,2304,2139,90,8.0,239.8,255.4,226.3,216.5,220.5,215.3,238.7,242.3,236.9,135.2,178.7,119.9,4.17,4.45,3.91,3.78,4.54,4.61,0.71,0.10,4.06,0.11,0.09,0,0,0.0,0.0,13577,1183,2.4,1.3,0,
8.7.2026,15:27:7.603,18605,27389,40.4,13576,19106,41.5,0.5,13312,70,1.317,1.331,1.331,1.312,1.312,1.312,1.312,1.312,1.312,4073.9,4092.6,4092.6,4067.7,4067.7,4067.7,4067.7,4067.7,4067.7,99.8,1426.5,3563.2,1639.6,1238.5,3256.0,1420.3,1931.8,1168.3,1612.9,703.3,856.8,1006.1,1203.3,900.8,979.9,593.2,750.5,1426.5,32.1,59.6,38.5,29.2,79.4,33.4,46.1,27.3,38.3,16.3,20.0,23.4,28.4,20.2,23.0,13.6,17.5,79.4,32.1,36.5,67.6,43.7,33.2,90.1,37.8,52.2,31.0,43.5,18.5,22.8,26.6,32.2,23.0,26.1,15.5,19.8,36.5,40.8,41.0,41.0,40.8,40.8,40.8,40.8,40.8,40.8,0.0,80.0,87.1,96.4,85.3,82.0,71.5,75.9,73.5,68.8,20.0,12.9,3.6,14.7,18.0,28.5,24.1,26.5,31.2,0.0,0.0,0.0,0.0,0.0,0.0,0.0,0.0,0.0,1197.8,12.00,16,16,16,39,55,661,1,71.5,71.6,71.0,67.8,69.9,70.9,69.6,68.1,66.0,66.4,65.9,65.2,62.9,63.2,62.6,54.2,51.1,1.331,1.025,1.344,13.635,11.059,13.640,72.044,38.834,4.251,5.484,6.204,4.830,4.228,3.184,3.716,3.441,2.919,18.352,11.391,29.743,38.878,1197.8,1197.8,4091.8,4092.2,4091.4,4092.2,44.2,22.7,80.0,75.3,53.8,No,No,No,1.520,0.341,6.4,50,95.0,100.0,No,No,91294,99096,35,99.0,No,No,3320,0.0,0.0,0.0,0.000,0.047,79833,50588,0.0,0.0,0.0,0.000,0.000,52,0,46.7,61.1,83.0,0.719,12.137,12.184,12.155,12.073,1129,37.943,14.207,18.216,4.715,33.220,23.083,10.120,0.336,18.216,20.052,2.100,12.013,220.000,240.000,1185.0,1250.2,1050.0,1169.8,1140.0,41.0,9.0,0.0,2.0,28.1,3.5,13.9,0.0,0.0,0.0,33,Yes,No,No,No,No,Yes,No,17.6,20.6,0,0,0,0,0,0,0,0,0,9,0,0,0,0,0,0,0,0,0,0,0,0,0,0,0,0,0,0,0,0,5888,2304,2139,90,8.0,239.8,257.0,223.7,219.9,221.4,219.4,239.8,242.4,237.6,236.9,237.2,236.8,4.17,4.50,3.87,3.69,4.54,4.58,0.65,0.11,4.06,0.11,0.10,0,0,0.0,0.0,13577,1183,3.7,5.3,0,
8.7.2026,15:27:9.595,18604,27390,40.4,13573,19108,41.5,0.5,13312,70,1.321,1.325,1.325,1.325,1.319,1.319,1.319,1.319,1.319,4070.8,4092.6,4067.7,4067.7,4067.7,4067.7,4067.7,4067.7,4067.7,99.8,1466.1,3560.5,1688.3,1985.8,2563.5,1715.1,1673.5,1252.2,1544.4,786.9,856.2,1105.7,1302.0,994.8,970.6,696.6,761.8,1466.1,33.2,58.8,39.8,47.9,62.2,40.9,39.7,29.6,36.7,18.4,20.1,26.0,30.9,22.8,22.9,16.3,17.8,62.2,33.2,37.5,66.6,45.0,54.1,70.5,46.2,44.9,33.5,41.5,20.8,22.8,29.4,35.0,25.8,25.8,18.3,20.1,37.5,40.8,41.0,40.8,40.8,40.8,40.8,40.8,40.8,40.8,0.0,80.8,87.1,95.8,86.2,82.5,72.7,77.5,74.5,69.9,19.2,12.9,4.2,13.8,17.5,27.3,22.5,25.5,30.1,0.0,0.0,0.0,0.0,0.0,0.0,0.0,0.0,0.0,1197.8,12.00,16,16,16,39,55,661,1,72.0,72.4,71.0,68.2,70.1,71.2,69.6,68.4,66.5,67.5,66.3,66.2,62.9,63.2,62.6,53.8,51.0,1.331,1.038,1.344,14.394,11.082,14.397,72.704,39.788,4.374,5.539,6.183,4.865,4.272,3.356,4.037,3.545,3.191,19.344,11.420,30.764,39.889,1197.8,1197.8,4086.1,4086.2,4086.0,4086.2,45.3,24.0,80.8,76.2,55.1,No,No,No,1.437,0.318,6.5,50,95.0,100.0,No,No,91294,99096,35,99.0,No,No,3320,0.0,0.1,0.1,0.026,0.182,79833,50588,0.0,0.0,0.0,0.000,0.000,52,0,46.5,60.8,83.0,0.694,12.138,12.186,12.155,12.073,1128,38.303,13.606,17.046,4.289,32.345,22.867,9.469,0.336,17.046,19.937,2.039,10.690,220.000,240.000,1140.0,1250.2,990.0,1183.1,1080.0,37.0,8.0,0.0,2.0,28.1,3.3,13.3,0.0,0.0,0.0,33,Yes,No,No,No,No,Yes,No,16.9,21.5,0,0,0,0,0,0,0,0,0,9,0,0,0,0,0,0,0,0,0,0,0,0,0,0,0,0,0,0,0,0,5888,2304,2139,92,8.0,239.8,254.5,224.4,215.3,219.3,213.9,238.7,242.2,236.7,135.1,178.4,119.8,4.17,4.48,3.91,3.73,4.53,4.60,0.64,0.12,4.06,0.12,0.09,0,0,0.0,0.0,13577,1183,2.1,2.3,0,
8.7.2026,15:27:11.595,18604,27389,40.4,13575,19107,41.5,0.5,13312,70,1.331,1.331,1.331,1.331,1.331,1.331,1.331,1.331,1.331,4092.6,4092.6,4092.6,4092.6,4092.6,4092.6,4092.6,4092.6,4092.6,99.8,1350.2,3453.0,1692.7,3298.6,1104.8,1792.0,1328.1,1514.9,1086.3,778.1,635.9,1271.6,786.4,1032.3,647.3,589.2,592.4,1350.2,30.2,52.7,40.1,80.2,26.1,42.8,31.3,36.1,25.5,18.3,14.8,30.2,18.3,23.8,15.0,13.7,13.8,80.2,30.2,34.1,59.7,45.4,91.0,29.6,48.5,35.4,40.9,28.8,20.6,16.7,34.2,20.6,26.9,17.0,15.5,15.6,34.1,41.0,41.0,41.0,41.0,41.0,41.0,41.0,41.0,41.0,0.0,77.3,84.4,95.4,82.5,79.6,67.8,73.7,69.9,64.8,22.7,15.6,4.6,17.5,20.4,32.2,26.3,30.1,35.2,0.0,0.0,0.0,0.0,0.0,0.0,0.0,0.0,0.0,1197.8,12.00,16,16,16,39,55,661,1,71.8,71.3,70.8,67.4,69.6,70.7,69.0,67.8,65.6,66.2,65.4,65.0,62.8,63.1,62.4,54.2,51.6,1.350,1.038,1.356,13.202,11.036,13.201,69.537,38.183,4.101,5.306,6.115,4.602,4.060,3.046,3.602,3.244,2.837,17.766,11.367,29.132,38.243,1197.8,1197.8,4092.0,4093.0,4091.0,4093.0,43.5,22.0,77.3,75.0,54.0,No,No,No,1.413,0.345,6.2,50,95.0,100.0,No,No,91294,99096,35,99.0,No,No,3320,0.0,0.0,0.0,0.000,0.014,79833,50588,0.0,0.0,0.0,0.000,0.000,52,0,46.6,61.1,83.0,0.713,12.142,12.190,12.159,12.076,1133,37.936,14.398,18.607,4.888,33.620,23.271,10.337,0.336,18.607,20.235,2.220,11.862,220.000,240.000,1170.0,1250.2,1020.0,1132.7,1110.0,39.0,9.0,0.0,2.0,28.1,3.6,14.3,0.0,0.0,0.0,33,Yes,No,No,No,No,Yes,No,17.5,23.0,0,0,0,0,0,0,0,0,0,9,0,0,0,0,0,0,0,0,0,0,0,0,0,0,0,0,0,0,0,0,5888,2304,2139,92,8.0,239.8,260.1,222.0,208.7,213.1,208.3,239.8,242.6,237.2,236.9,237.0,236.8,4.17,4.62,3.83,3.65,4.71,4.80,0.70,0.12,4.06,0.11,0.11,0,0,0.0,0.0,13577,1183,2.7,1.9,0,
8.7.2026,15:27:13.604,18606,27387,40.4,13565,19116,41.5,0.5,13312,70,1.331,1.337,1.331,1.331,1.325,1.331,1.331,1.331,1.331,4092.6,4092.6,4092.6,4092.6,4092.6,4092.6,4092.6,4092.6,4092.6,99.8,1399.0,3488.8,2145.2,3179.5,1283.5,1725.5,1416.3,1501.2,1148.3,771.6,644.8,1236.3,885.7,1010.2,711.3,632.2,604.2,1399.0,30.7,45.5,51.1,77.3,30.3,41.1,33.3,35.7,26.9,18.1,14.9,29.2,20.6,23.1,16.3,14.7,14.0,77.3,30.7,34.9,51.7,58.0,87.7,34.5,46.7,37.9,40.5,30.5,20.6,16.9,33.2,23.4,26.3,18.6,16.7,15.9,34.9,41.0,41.0,41.0,41.0,41.0,41.0,41.0,41.0,41.0,0.0,78.0,85.2,95.5,83.4,80.0,68.7,74.4,71.0,65.8,22.0,14.8,4.5,16.6,20.0,31.3,25.6,29.0,34.2,0.0,0.0,0.0,0.0,0.0,0.0,0.0,0.0,0.0,1197.8,12.00,16,16,16,39,55,661,1,71.8,71.3,69.5,67.3,69.4,70.7,69.0,67.7,65.5,66.2,65.4,64.9,62.6,63.0,62.3,53.0,51.2,1.356,1.025,1.356,13.472,11.044,13.471,70.192,38.573,4.146,5.386,6.174,4.657,4.100,3.052,3.661,3.288,2.849,18.149,11.378,29.527,38.640,1197.8,1197.8,4095.2,4096.0,4094.5,4096.0,43.9,22.5,78.0,75.0,54.6,No,No,No,1.453,0.338,6.2,50,95.0,100.0,No,No,91294,99096,35,99.0,No,No,3320,0.0,0.0,0.0,0.000,0.012,79833,50588,0.0,0.0,0.0,0.000,0.000,52,0,46.6,61.0,83.0,0.719,12.140,12.187,12.158,12.075,1129,38.895,14.506,18.790,4.863,33.555,23.099,10.438,0.336,18.790,19.972,2.133,13.088,220.000,240.000,1185.0,1250.2,1050.0,1195.6,1140.0,39.0,9.0,0.0,2.0,28.1,3.6,14.3,0.0,0.0,0.0,33,Yes,No,No,No,No,Yes,No,17.6,21.6,0,0,0,0,0,0,0,0,0,9,0,0,0,0,0,0,0,0,0,0,0,0,0,0,0,0,0,0,0,0,5888,2304,2139,92,8.0,239.8,265.1,211.0,203.9,205.9,203.1,238.7,242.4,237.0,135.1,178.4,119.7,4.17,4.77,3.76,3.40,4.91,5.02,0.63,0.07,4.06,0.11,0.11,0,0,0.0,0.0,13577,1183,3.0,2.4,0,
8.7.2026,15:27:15.597,18604,27389,40.4,13575,19107,41.5,0.5,13312,70,1.306,1.331,1.319,1.300,1.300,1.300,1.300,1.300,1.300,4048.9,4092.6,4042.7,4042.7,4042.7,4042.7,4042.7,4042.7,4042.7,99.8,1434.8,3555.7,2072.0,1461.5,2914.2,1381.5,2030.6,1367.1,1372.9,749.2,696.9,1288.4,981.1,1067.3,800.9,605.1,612.7,1434.8,31.7,48.3,49.2,34.8,70.8,32.5,48.4,32.4,32.3,17.5,16.2,30.5,22.9,24.6,18.7,14.0,14.2,70.8,31.7,35.9,54.8,55.7,39.3,80.3,36.8,54.9,36.6,36.5,19.7,18.3,34.6,25.9,27.8,21.1,15.8,16.0,35.9,40.6,41.0,40.5,40.5,40.5,40.5,40.5,40.5,40.5,0.0,80.5,86.9,94.7,87.1,82.8,71.7,77.9,74.8,68.6,19.5,13.1,5.3,12.9,17.2,28.3,22.1,25.2,31.4,0.0,0.0,0.0,0.0,0.0,0.0,0.0,0.0,0.0,1197.8,12.00,16,16,16,39,55,661,1,71.5,71.1,69.8,67.5,69.5,70.4,69.5,67.9,65.6,66.5,65.6,64.9,62.7,63.1,62.4,55.2,51.5,1.350,1.031,1.350,13.578,11.033,13.573,72.495,38.641,4.212,5.385,6.017,4.949,4.191,3.066,3.804,3.417,2.870,18.258,11.369,29.627,38.740,1197.8,1197.8,4092.0,4092.1,4091.8,4092.1,44.0,22.6,80.5,74.9,54.0,No,No,No,1.446,0.307,6.4,50,95.0,100.0,No,No,91294,99096,35,99.0,No,No,3320,0.0,0.0,0.0,0.000,0.059,79833,50588,0.0,0.0,0.0,0.000,0.000,52,0,46.4,60.8,83.0,0.694,12.143,12.191,12.160,12.078,1129,37.895,13.724,17.187,4.340,32.637,23.069,9.548,0.336,17.187,20.128,2.117,10.693,220.000,240.000,1140.0,1250.2,990.0,1172.8,1080.0,39.0,9.0,0.0,2.0,28.1,3.4,13.7,0.0,0.0,0.0,33,Yes,No,No,No,No,Yes,No,17.1,21.0,0,0,0,0,0,0,0,0,0,9,0,0,0,0,0,0,0,0,0,0,0,0,0,0,0,0,0,0,0,0,5888,2304,2139,92,8.0,239.8,258.8,223.7,210.4,216.6,208.1,239.8,242.9,236.8,236.6,236.6,236.5,4.17,4.50,3.78,3.67,4.63,4.81,0.62,0.07,4.06,0.11,0.11,0,0,0.0,0.0,13577,1183,2.7,2.2,0,
8.7.2026,15:27:17.604,18605,27388,40.4,13577,19105,41.5,0.5,13312,70,1.337,1.337,1.331,1.337,1.337,1.337,1.337,1.337,1.337,4092.6,4092.6,4092.6,4092.6,4092.6,4092.6,4092.6,4092.6,4092.6,99.8,1443.2,3579.5,2172.7,1204.0,3232.6,1311.0,2022.3,1363.3,1414.0,718.7,698.1,1293.4,947.2,1028.9,852.4,613.7,639.3,1443.2,31.8,47.4,51.7,28.4,78.7,30.7,48.2,32.3,33.3,16.8,16.1,30.5,22.0,23.6,19.8,14.2,14.8,78.7,31.8,36.1,53.8,58.7,32.2,89.3,34.9,54.7,36.7,37.8,19.1,18.3,34.6,24.9,26.7,22.5,16.1,16.7,36.1,41.0,41.0,41.0,41.0,41.0,41.0,41.0,41.0,41.0,0.0,80.4,87.5,95.7,85.8,83.2,71.1,77.3,74.2,68.2,19.6,12.5,4.3,14.2,16.8,28.9,22.7,25.8,31.8,0.0,0.0,0.0,0.0,0.0,0.0,0.0,0.0,0.0,1197.8,12.00,16,16,16,39,55,661,1,71.5,71.4,68.5,67.6,69.8,70.8,69.4,68.0,65.7,66.4,65.7,65.0,62.8,63.1,62.4,53.8,51.1,1.356,1.038,1.356,13.779,11.085,13.785,72.341,39.011,4.221,5.482,6.093,4.810,4.208,3.095,3.774,3.430,2.878,18.553,11.417,29.970,39.096,1197.8,1197.8,4093.3,4093.6,4093.1,4093.6,44.4,23.0,80.4,75.2,54.8,No,No,No,1.447,0.304,6.4,50,95.0,100.0,No,No,91294,99096,35,99.0,No,No,3320,0.0,0.0,0.0,0.000,0.018,79833,50588,0.0,0.0,0.0,0.000,0.000,52,0,46.3,60.7,83.0,0.688,12.140,12.187,12.157,12.075,1129,36.618,13.504,16.716,4.144,32.301,23.002,9.287,0.336,16.716,20.072,2.054,10.412,220.000,240.000,1110.0,1250.2,975.0,1127.8,1050.0,40.0,8.0,0.0,2.0,28.1,3.3,13.1,0.0,0.0,0.0,33,Yes,No,No,No,No,Yes,No,16.8,20.4,0,0,0,0,0,0,0,0,0,9,0,0,0,0,0,0,0,0,0,0,0,0,0,0,0,0,0,0,0,0,5888,2304,2139,92,8.0,239.8,259.4,222.1,210.1,216.6,206.9,239.8,243.8,237.0,234.4,235.7,233.9,4.17,4.58,3.84,3.60,4.68,4.82,0.72,0.14,4.06,0.11,0.12,0,0,0.0,0.0,13577,1183,3.7,4.8,0,
8.7.2026,15:27:19.591,18618,27376,40.4,13580,19102,41.5,0.5,13312,70,1.334,1.344,1.331,1.331,1.337,1.337,1.331,1.331,1.331,4092.6,4092.6,4092.6,4092.6,4092.6,4092.6,4092.6,4092.6,4092.6,99.8,1432.1,3573.8,2093.3,1935.1,2462.9,1441.6,1839.3,1482.0,1291.0,747.7,684.0,1328.9,959.5,1046.8,808.0,584.8,635.2,1432.1,31.7,49.8,49.8,46.4,59.8,34.0,43.7,35.1,30.3,17.4,15.8,31.5,22.3,24.0,18.7,13.5,14.6,59.8,31.7,36.0,56.6,56.5,52.7,67.9,38.6,49.7,39.9,34.4,19.8,18.0,35.7,25.4,27.3,21.3,15.3,16.7,36.0,41.0,41.0,41.0,41.0,41.0,41.0,41.0,41.0,41.0,0.0,80.1,87.3,95.6,85.8,82.6,71.0,77.0,73.8,67.8,19.9,12.7,4.4,14.2,17.4,29.0,23.0,26.2,32.2,0.0,0.0,0.0,0.0,0.0,0.0,0.0,0.0,0.0,1197.8,12.00,16,16,16,39,55,661,1,71.6,71.7,71.2,67.7,70.0,70.9,69.6,68.2,65.8,66.5,65.8,65.1,62.8,63.2,62.5,55.0,51.3,1.350,1.038,1.350,13.847,11.103,13.847,72.094,39.120,4.248,5.529,6.153,4.836,4.284,3.102,3.778,3.422,2.876,18.642,11.441,30.083,39.203,1197.8,1197.8,4093.7,4093.7,4093.7,4093.7,44.5,23.1,80.1,75.4,54.7,No,No,No,1.454,0.336,6.4,50,95.0,100.0,No,No,91294,99096,35,99.0,No,No,3320,0.0,0.0,0.0,0.000,0.010,79833,50588,0.0,0.0,0.0,0.000,0.000,52,0,46.6,61.0,83.0,0.725,12.141,12.189,12.158,12.075,1129,38.765,14.505,18.977,4.790,33.557,22.991,10.543,0.336,18.977,19.710,2.174,12.996,220.000,240.000,1215.0,1250.2,1065.0,1115.1,1155.0,38.0,9.0,0.0,2.0,28.1,3.9,15.7,0.0,0.0,0.0,33,Yes,No,No,No,No,Yes,No,17.7,20.4,0,0,0,0,0,0,0,0,0,9,0,0,0,0,0,0,0,0,0,0,0,0,0,0,0,0,0,0,0,0,5888,2304,2139,91,8.0,239.8,255.6,224.1,217.1,220.9,215.2,237.7,243.1,236.6,119.7,143.4,119.6,4.17,4.52,3.89,3.58,4.57,4.62,0.61,0.17,4.06,0.11,0.11,0,0,0.0,0.0,13577,1183,2.4,1.9,0,
8.7.2026,15:27:21.608,18627,27366,40.5,13588,19094,41.5,0.5,13312,70,1.320,1.331,1.319,1.319,1.319,1.319,1.319,1.319,1.319,4067.7,4067.7,4067.7,4067.7,4067.7,4067.7,4067.7,4067.7,4067.7,99.8,1444.5,3579.3,2054.3,3235.2,1309.0,1805.1,1531.9,1615.8,1245.9,759.4,651.3,1340.4,915.0,1055.5,780.4,576.6,657.6,1444.5,32.0,50.0,48.7,78.7,31.0,43.0,36.0,38.5,29.2,17.7,15.0,31.7,21.2,24.2,18.0,13.2,15.1,78.7,32.0,36.3,56.8,55.3,89.2,35.1,48.7,40.9,43.7,33.1,20.1,17.0,35.9,24.1,27.4,20.4,15.0,17.2,36.3,40.8,40.8,40.8,40.8,40.8,40.8,40.8,40.8,40.8,0.0,80.9,87.5,96.1,86.2,83.8,72.1,77.6,74.8,69.1,19.1,12.5,3.9,13.8,16.2,27.9,22.4,25.2,30.9,0.0,0.0,0.0,0.0,0.0,0.0,0.0,0.0,0.0,1197.8,12.00,16,16,16,39,55,661,1,71.6,71.4,70.2,67.6,69.7,70.9,69.4,68.2,65.7,66.5,65.6,65.1,62.8,63.1,62.4,54.2,51.5,1.331,1.019,1.337,14.002,11.097,14.001,72.805,39.328,4.258,5.450,6.237,4.856,4.318,3.103,3.766,3.414,2.919,18.836,11.431,30.266,39.388,1197.8,1197.8,4092.3,4092.7,4091.9,4092.7,44.8,23.3,80.9,75.2,55.1,No,No,No,1.477,0.330,6.5,50,95.0,100.0,No,No,91294,99096,35,99.0,No,No,3320,0.0,0.4,0.5,0.008,5.321,79833,50599,0.0,0.0,0.0,0.000,0.000,52,0,46.5,61.1,83.0,0.713,12.142,12.191,12.159,12.077,1129,38.417,13.415,16.881,4.059,31.638,22.245,9.378,0.336,16.881,19.164,2.133,11.434,220.000,240.000,1170.0,1250.2,1020.0,1212.7,1110.0,34.0,8.0,0.0,1.0,28.2,3.3,13.4,0.0,0.0,0.0,33,Yes,No,No,No,No,Yes,No,17.6,21.5,0,0,0,0,0,0,0,0,0,9,0,0,0,0,0,0,0,0,0,0,0,0,0,0,0,0,0,0,0,0,5881,2311,2146,91,8.0,239.8,256.0,217.7,215.1,215.7,215.1,239.8,242.6,237.3,236.9,237.1,236.8,4.17,4.57,3.87,3.48,4.63,4.70,0.63,0.14,4.06,0.11,0.10,0,0,0.0,0.0,13577,1183,2.2,2.0,0,
8.7.2026,15:27:23.605,18623,27371,40.4,13586,19096,41.5,0.5,13312,70,1.333,1.337,1.337,1.331,1.331,1.331,1.331,1.331,1.331,4073.9,4092.6,4092.6,4067.7,4067.7,4067.7,4067.7,4067.7,4067.7,99.8,1417.7,3527.2,2062.1,3159.8,1279.9,1851.5,1422.5,1585.3,1147.6,758.6,671.3,1284.8,930.8,1064.3,752.4,561.7,624.2,1417.7,31.3,47.7,49.0,76.7,30.3,44.1,33.4,37.8,26.8,17.8,15.5,30.4,21.6,24.5,17.4,13.0,14.5,76.7,31.3,35.4,54.1,55.5,87.0,34.3,50.0,37.8,42.8,30.4,20.1,17.6,34.4,24.5,27.7,19.7,14.6,16.4,35.4,40.8,41.0,41.0,40.8,40.8,40.8,40.8,40.8,40.8,0.0,80.1,86.2,95.7,85.5,82.4,71.4,77.0,74.1,68.3,19.9,13.8,4.3,14.5,17.6,28.6,23.0,25.9,31.7,0.0,0.0,0.0,0.0,0.0,0.0,0.0,0.0,0.0,1197.8,12.00,16,16,16,39,55,661,1,71.5,71.1,71.8,67.4,69.3,70.6,69.1,67.7,65.7,66.3,65.6,64.9,62.7,63.0,62.4,53.5,51.2,1.350,1.038,1.356,13.393,11.014,13.389,72.060,38.356,4.166,5.309,6.065,4.747,4.137,3.106,3.723,3.395,2.846,18.011,11.349,29.360,38.461,1197.8,1197.8,4091.4,4091.8,4091.0,4091.8,43.7,22.3,80.1,74.8,53.9,No,No,No,1.354,0.259,6.4,50,95.0,100.0,No,No,91294,99096,35,99.0,No,No,3320,0.0,0.3,0.3,0.008,3.748,79833,50606,0.0,0.0,0.0,0.000,0.000,52,0,46.3,60.7,83.0,0.688,12.138,12.184,12.156,12.074,1131,38.015,13.401,16.796,4.033,32.213,22.868,9.331,0.336,16.796,19.797,2.029,9.812,220.000,240.000,1110.0,1250.2,975.0,1168.1,1050.0,36.0,8.0,0.0,2.0,28.2,3.4,13.8,0.0,0.0,0.0,33,Yes,No,No,No,No,Yes,No,16.6,20.2,0,0,0,0,0,0,0,0,0,9,0,0,0,0,0,0,0,0,0,0,0,0,0,0,0,0,0,0,0,0,5880,2312,2147,91,8.0,239.8,256.0,224.5,214.0,217.7,213.2,238.7,241.9,237.5,135.4,178.9,119.9,4.17,4.51,3.88,3.81,4.62,4.74,0.63,0.13,4.06,0.11,0.10,0,0,0.0,0.0,13577,1183,2.7,1.7,0,
8.7.2026,15:27:25.596,18625,27369,40.4,13585,19096,41.5,0.5,13312,70,1.327,1.319,1.325,1.325,1.325,1.331,1.331,1.331,1.331,4070.8,4092.6,4067.7,4067.7,4067.7,4067.7,4067.7,4067.7,4067.7,99.8,1453.0,3489.9,2019.4,1458.2,2919.0,1354.8,1878.8,1096.0,1658.8,638.2,901.5,1095.3,1188.1,933.3,1017.2,774.3,824.9,1453.0,32.3,46.5,48.1,34.8,71.1,32.0,44.9,25.8,39.7,14.9,21.3,25.9,28.2,21.4,24.1,18.3,19.3,71.1,32.3,36.5,52.6,54.4,39.3,80.5,36.2,50.8,29.2,44.8,16.7,24.0,29.2,31.8,24.1,27.2,20.6,21.7,36.5,40.8,41.0,40.8,40.8,40.8,40.8,40.8,40.8,40.8,0.0,80.3,85.5,95.3,85.4,82.0,71.9,77.3,74.2,70.9,19.7,14.5,4.7,14.6,18.0,28.1,22.7,25.8,29.1,0.0,0.0,0.0,0.0,0.0,0.0,0.0,0.0,0.0,1197.8,12.00,16,16,16,39,55,661,1,80.5,72.2,72.5,68.0,69.4,70.5,69.0,68.2,66.3,67.2,66.3,66.9,62.7,63.0,62.4,54.0,51.1,1.350,1.031,1.350,14.030,11.020,14.038,72.272,39.252,4.297,5.232,5.934,4.685,4.222,3.301,3.890,3.582,3.535,18.840,11.357,30.197,39.314,1197.8,1197.8,4082.8,4082.9,4082.6,4082.9,44.7,23.4,80.3,76.0,54.6,No,No,No,1.343,0.261,6.4,50,95.0,100.0,No,No,91294,99096,35,99.0,No,No,3320,0.0,0.1,0.1,0.000,0.294,79833,50606,0.0,0.0,0.0,0.000,0.000,52,0,46.3,60.7,83.0,0.688,12.139,12.185,12.156,12.074,1128,37.038,13.714,17.046,4.362,32.360,22.881,9.470,0.336,17.046,20.017,1.975,11.649,220.000,240.000,1080.0,1250.2,975.0,1084.3,1050.0,41.0,10.0,0.0,2.0,28.2,3.6,14.5,0.0,0.0,0.0,33,Yes,No,No,No,No,Yes,No,16.8,21.5,0,0,0,0,0,0,0,0,0,9,0,0,0,0,0,0,0,0,0,0,0,0,0,0,0,0,0,0,0,0,5880,2312,2147,91,8.0,239.8,255.5,221.2,209.6,213.6,208.5,238.7,242.9,236.4,134.5,177.4,119.5,4.17,4.54,3.81,3.59,4.65,4.76,0.73,0.14,4.06,0.11,0.09,0,0,0.0,0.0,13577,1183,2.3,2.4,0,
8.7.2026,15:27:27.601,18623,27371,40.4,13587,19094,41.5,0.5,13312,70,1.321,1.319,1.325,1.325,1.325,1.319,1.319,1.319,1.319,4070.8,4067.7,4092.6,4067.7,4067.7,4067.7,4067.7,4067.7,4067.7,99.8,1463.5,3582.9,2164.3,1232.7,3271.3,1280.5,2037.5,1101.5,1659.8,641.5,895.0,1031.8,1284.8,822.5,1063.1,545.5,801.7,1463.5,32.4,49.5,51.5,29.1,79.7,30.0,48.5,25.8,39.4,14.9,21.0,24.1,30.4,18.4,25.0,12.5,18.7,79.7,32.4,36.8,56.2,58.4,33.0,90.4,34.0,55.0,29.3,44.7,16.9,23.8,27.4,34.5,21.0,28.3,14.2,21.2,36.8,40.8,40.8,41.0,40.8,40.8,40.8,40.8,40.8,40.8,0.0,80.6,87.6,96.1,85.5,82.4,72.1,77.5,74.5,69.3,19.4,12.4,3.9,14.5,17.6,27.9,22.5,25.5,30.7,0.0,0.0,0.0,0.0,0.0,0.0,0.0,0.0,0.0,1197.8,12.00,16,16,16,39,55,661,1,77.4,71.6,71.2,67.7,70.0,70.9,69.4,67.9,65.9,66.6,65.8,65.2,62.8,63.2,62.5,55.5,51.4,1.337,1.031,1.350,13.950,11.080,13.940,72.567,39.194,4.255,5.548,6.200,4.791,4.163,3.162,3.814,3.435,2.926,18.762,11.415,30.177,39.287,1197.8,1197.8,4091.1,4091.2,4090.9,4091.2,44.6,23.2,80.6,75.3,55.0,No,No,No,1.471,0.330,6.5,50,95.0,100.0,No,No,91294,99096,35,99.0,No,No,3320,0.0,0.0,0.0,0.000,0.004,79833,50606,0.0,0.0,0.0,0.000,0.000,52,0,46.3,60.8,83.0,0.694,12.139,12.186,12.157,12.075,1129,37.129,14.085,17.856,4.582,33.297,23.365,9.920,0.336,17.856,20.359,2.022,11.253,220.000,240.000,1140.0,1250.2,990.0,1114.3,1080.0,40.0,9.0,0.0,2.0,28.2,3.6,14.3,0.0,0.0,0.0,33,Yes,No,No,No,No,Yes,No,17.4,20.6,0,0,0,0,0,0,0,0,0,9,0,0,0,0,0,0,0,0,0,0,0,0,0,0,0,0,0,0,0,0,5880,2312,2147,91,8.0,239.8,262.6,220.5,214.8,216.4,214.4,238.7,242.6,235.9,135.5,178.5,120.2,4.17,4.52,3.82,3.71,4.59,4.69,0.64,0.13,4.06,0.11,0.10,0,0,0.0,0.0,13577,1183,5.7,5.1,0,
8.7.2026,15:27:29.591,18622,27372,40.4,13586,19095,41.5,0.5,13312,70,1.328,1.300,1.337,1.331,1.331,1.331,1.331,1.331,1.331,4070.8,4067.7,4092.6,4067.7,4067.7,4067.7,4067.7,4067.7,4067.7,99.8,1372.4,3483.5,1858.4,1707.9,2696.2,1395.7,1770.1,1163.5,1490.6,601.1,785.0,974.8,1142.8,792.5,963.1,494.1,639.2,1372.4,30.4,50.6,43.9,40.8,65.4,32.9,41.9,27.4,35.2,13.9,18.3,22.7,26.8,17.7,22.5,11.3,14.7,65.4,30.4,34.5,57.4,49.9,46.4,74.3,37.4,47.6,31.1,40.0,15.8,20.7,25.8,30.5,20.1,25.6,12.8,16.7,34.5,40.8,40.8,41.0,40.8,40.8,40.8,40.8,40.8,40.8,0.0,78.3,85.1,95.5,84.0,80.8,69.0,74.7,71.5,66.0,21.7,14.9,4.5,16.0,19.2,31.0,25.3,28.5,34.0,0.0,0.0,0.0,0.0,0.0,0.0,0.0,0.0,0.0,1197.8,12.00,16,16,16,39,55,661,1,74.6,71.2,71.2,67.4,69.4,70.7,69.2,67.7,65.5,66.1,65.4,64.8,62.7,63.0,62.3,55.5,51.6,1.344,1.031,1.344,13.355,11.052,13.362,70.484,38.442,4.138,5.341,6.147,4.715,4.087,3.036,3.647,3.333,2.801,17.980,11.386,29.365,38.491,1197.8,1197.8,4094.1,4094.8,4093.5,4094.8,43.7,22.3,78.3,75.0,54.1,No,No,No,1.442,0.346,6.3,50,95.0,100.0,No,No,91294,99096,35,99.0,No,No,3320,0.0,0.0,0.0,0.000,0.057,79833,50606,0.0,0.0,0.0,0.000,0.000,52,0,46.4,60.7,83.0,0.713,12.140,12.187,12.157,12.075,1131,38.017,15.316,17.934,4.607,32.971,22.990,9.963,0.336,17.934,19.978,14.537,11.914,220.000,240.000,1170.0,1250.2,1020.0,1134.8,1110.0,38.0,9.0,0.0,2.0,28.2,3.6,14.5,0.0,0.0,0.0,33,Yes,No,No,No,No,Yes,No,17.2,21.2,0,0,0,0,0,0,0,0,0,9,0,0,0,0,0,0,0,0,0,0,0,0,0,0,0,0,0,0,0,0,5880,2312,2147,91,8.0,239.7,256.8,224.6,215.6,219.6,214.2,239.7,242.3,237.5,236.8,237.1,236.6,4.17,4.47,3.78,3.74,4.61,4.74,0.66,0.21,4.06,0.11,0.10,0,0,0.0,0.0,13577,1183,3.0,1.3,0,
8.7.2026,15:27:31.595,18621,27372,40.4,13587,19095,41.5,0.5,13312,70,1.333,1.325,1.325,1.337,1.331,1.331,1.337,1.337,1.337,4092.6,4092.6,4092.6,4092.6,4092.6,4092.6,4092.6,4092.6,4092.6,99.8,1371.9,3477.1,1596.0,3224.2,1260.8,1812.8,1382.9,1221.8,1407.9,632.3,792.2,1001.5,1199.3,885.5,884.7,504.0,666.8,1371.9,30.7,54.3,37.5,78.4,29.9,43.3,32.6,28.8,33.3,14.7,18.6,23.5,28.4,20.1,20.8,11.6,15.5,78.4,30.7,34.8,61.7,42.6,89.0,33.8,49.1,37.0,32.7,37.8,16.6,21.0,26.6,32.2,22.8,23.5,13.1,17.5,34.8,41.0,41.0,41.0,41.0,41.0,41.0,41.0,41.0,41.0,0.0,78.3,85.0,95.8,83.8,80.2,69.0,75.1,71.8,65.5,21.7,15.0,4.2,16.2,19.8,31.0,24.9,28.2,34.5,0.0,0.0,0.0,0.0,0.0,0.0,0.0,0.0,0.0,1197.8,12.00,16,16,16,39,55,661,1,73.0,71.3,71.5,67.4,69.4,70.7,69.1,67.7,65.6,66.3,65.6,64.9,62.7,63.0,62.3,54.0,51.3,1.344,1.031,1.337,13.422,11.048,13.422,70.435,38.477,4.138,5.286,6.180,4.673,4.057,3.042,3.697,3.354,2.820,18.060,11.381,29.442,38.558,1197.8,1197.8,4092.8,4093.3,4092.3,4093.3,43.8,22.4,78.3,75.0,54.4,No,No,No,1.445,0.351,6.3,50,95.0,100.0,No,No,91294,99096,35,99.0,No,No,3320,0.0,0.0,0.0,0.005,0.006,79833,50606,0.0,0.0,0.0,0.000,0.000,52,0,46.5,61.1,83.0,0.719,12.138,12.185,12.156,12.074,1131,38.544,14.810,18.711,4.728,33.600,23.194,10.394,0.336,18.711,19.959,8.188,10.278,220.000,240.000,1185.0,1250.2,1050.0,1168.1,1140.0,37.0,8.0,0.0,2.0,28.2,3.5,14.1,0.0,0.0,0.0,33,Yes,No,No,No,No,Yes,No,17.6,22.3,0,0,0,0,0,0,0,0,0,9,0,0,0,0,0,0,0,0,0,0,0,0,0,0,0,0,0,0,0,0,5880,2312,2147,91,8.0,239.8,270.0,215.5,200.5,206.7,197.5,239.8,242.2,237.2,237.0,237.1,236.9,4.17,4.65,3.75,3.30,4.84,5.04,0.62,0.10,4.06,0.11,0.12,0,0,0.0,0.0,13577,1183,5.3,4.6,0,
8.7.2026,15:27:33.605,18639,27355,40.5,13595,19086,41.5,0.5,13312,70,1.325,1.325,1.325,1.325,1.325,1.325,1.325,1.325,1.325,4067.7,4067.7,4067.7,4067.7,4067.7,4067.7,4067.7,4067.7,4067.7,99.8,1389.1,3513.6,1688.8,3347.1,1186.7,1861.6,1317.1,1258.9,1403.4,669.4,811.1,1014.7,1151.7,860.0,920.4,553.5,667.3,1389.1,31.2,55.8,39.8,81.4,28.1,44.5,30.9,29.8,33.2,15.6,19.1,23.9,27.2,19.5,21.6,12.8,15.5,81.4,31.2,35.3,63.3,45.2,92.4,31.9,50.4,35.0,33.8,37.6,17.7,21.6,27.1,30.8,22.1,24.5,14.5,17.6,35.3,40.8,40.8,40.8,40.8,40.8,40.8,40.8,40.8,40.8,0.0,78.2,85.9,95.8,83.4,80.0,69.0,74.5,71.3,65.7,21.8,14.1,4.2,16.6,20.0,31.0,25.5,28.7,34.3,0.0,0.0,0.0,0.0,0.0,0.0,0.0,0.0,0.0,1197.8,12.00,16,16,16,39,55,661,1,72.5,71.4,72.2,67.4,69.4,70.8,69.0,67.7,65.6,66.3,65.4,64.9,62.6,63.0,62.3,53.5,51.3,1.344,1.038,1.344,13.406,11.029,13.405,70.394,38.414,4.172,5.387,6.269,4.652,4.099,3.099,3.676,3.333,2.860,18.042,11.362,29.404,38.518,1197.8,1197.8,4093.3,4093.3,4093.3,4093.3,43.8,22.3,78.2,75.1,53.9,No,No,No,1.455,0.326,6.3,50,95.0,100.0,No,No,91294,99096,35,99.0,No,No,3320,0.0,0.0,0.0,0.000,0.123,79833,50607,0.0,0.0,0.0,0.000,0.000,52,0,46.3,60.7,83.0,0.713,12.139,12.186,12.157,12.075,1132,38.395,14.090,17.808,4.582,32.920,23.002,9.893,0.336,17.808,20.031,2.190,12.331,220.000,240.000,1170.0,1250.2,1020.0,1178.6,1110.0,39.0,9.0,0.0,2.0,28.2,3.5,14.0,0.0,0.0,0.0,33,Yes,No,No,No,No,Yes,No,17.2,21.4,0,0,0,0,0,0,0,0,0,9,0,0,0,0,0,0,0,0,0,0,0,0,0,0,0,0,0,0,0,0,5880,2312,2147,91,8.0,239.8,258.6,222.6,208.0,215.8,204.1,239.8,242.7,236.3,236.0,236.1,236.0,4.17,4.53,3.85,3.50,4.68,4.98,0.63,0.09,4.05,0.12,0.10,0,0,0.0,0.0,13577,1183,38.9,10.6,0,
8.7.2026,15:27:35.601,18635,27358,40.5,13593,19088,41.5,0.5,13312,70,1.337,1.331,1.337,1.337,1.337,1.337,1.337,1.337,1.337,4089.5,4067.7,4092.6,4092.6,4092.6,4092.6,4092.6,4092.6,4092.6,99.8,1387.5,3513.7,1698.3,1616.0,2846.5,1457.6,1864.6,1122.1,1542.4,631.7,781.8,962.1,1196.1,796.2,991.2,470.1,710.3,1387.5,30.9,54.6,39.8,38.5,69.1,34.4,44.2,26.3,36.3,14.6,18.2,22.4,28.1,17.8,23.2,10.7,16.5,69.1,30.9,35.1,62.0,45.1,43.8,78.4,39.1,50.2,29.9,41.3,16.6,20.6,25.5,32.0,20.3,26.4,12.2,18.7,35.1,41.0,40.8,41.0,41.0,41.0,41.0,41.0,41.0,41.0,0.0,79.3,85.9,95.9,85.4,81.8,69.6,75.7,73.1,66.8,20.7,14.1,4.1,14.6,18.2,30.4,24.3,26.9,33.2,0.0,0.0,0.0,0.0,0.0,0.0,0.0,0.0,0.0,1197.8,12.00,16,16,16,39,55,661,1,72.2,71.4,69.8,67.4,69.4,70.8,69.4,67.7,65.5,66.3,65.6,64.8,62.7,63.0,62.3,55.8,51.2,1.350,1.031,1.356,13.652,11.013,13.651,71.336,38.734,4.173,5.320,6.180,4.846,4.102,3.048,3.689,3.372,2.828,18.367,11.349,29.716,38.826,1197.8,1197.8,4093.3,4093.6,4093.1,4093.6,44.1,22.8,79.3,75.1,54.8,No,No,No,1.400,0.270,6.3,50,95.0,100.0,No,No,91294,99096,35,99.0,No,No,3320,0.0,0.0,0.0,0.065,0.016,79833,50607,0.0,0.0,0.0,0.000,0.000,52,0,46.2,60.4,83.0,0.688,12.139,12.186,12.157,12.075,1129,37.335,13.455,17.027,4.375,32.519,23.051,9.459,0.336,17.027,20.206,1.994,8.560,220.000,240.000,1080.0,1250.2,975.0,1168.3,1050.0,38.0,7.0,0.0,2.0,28.2,3.2,13.0,0.0,0.0,0.0,33,Yes,No,No,No,No,Yes,No,16.9,20.9,0,0,0,0,0,0,0,0,0,9,0,0,0,0,0,0,0,0,0,0,0,0,0,0,0,0,0,0,0,0,5880,2312,2147,91,8.0,239.8,255.1,223.3,216.7,218.9,216.0,239.8,242.9,237.4,236.5,236.8,236.5,4.17,4.49,3.89,3.73,4.58,4.65,0.65,0.06,4.06,0.11,0.10,0,0,0.0,0.0,13577,1183,3.3,1.9,0,
8.7.2026,15:27:37.597,18687,27307,40.6,13615,19067,41.6,0.5,13312,70,1.313,1.319,1.312,1.312,1.312,1.312,1.312,1.312,1.312,4067.7,4067.7,4067.7,4067.7,4067.7,4067.7,4067.7,4067.7,4067.7,99.8,1520.6,3609.9,1788.0,1426.0,3155.9,1470.1,2119.9,1320.6,1747.6,729.2,929.5,1137.7,1323.4,919.2,1126.9,643.9,882.1,1520.6,34.3,59.2,42.1,33.8,76.9,34.7,50.6,31.1,41.5,16.9,21.8,26.6,31.2,20.7,26.5,14.9,20.6,76.9,34.3,39.0,67.2,47.8,38.4,87.2,39.4,57.4,35.3,47.1,19.2,24.8,30.3,35.5,23.6,30.1,16.9,23.5,39.0,40.8,40.8,40.8,40.8,40.8,40.8,40.8,40.8,40.8,0.0,82.3,88.3,96.5,87.8,84.8,73.8,79.5,76.4,71.2,17.7,11.7,3.5,12.2,15.2,26.2,20.5,23.6,28.8,0.0,0.0,0.0,0.0,0.0,0.0,0.0,0.0,0.0,1197.8,12.00,16,16,16,39,55,661,1,72.4,71.7,70.0,68.0,70.0,71.0,69.9,68.5,66.1,66.8,66.0,65.4,62.8,63.1,62.5,54.2,51.3,1.344,1.025,1.337,14.245,11.098,14.244,74.057,39.631,4.379,5.563,6.222,5.039,4.463,3.253,3.883,3.551,3.059,19.132,11.437,30.569,39.700,1197.8,1197.8,4088.3,4088.4,4088.1,4088.4,45.1,23.7,82.3,75.5,54.4,No,No,No,1.595,0.296,6.6,50,95.0,100.0,No,No,91294,99096,35,99.0,No,No,3320,0.0,0.0,0.0,0.010,0.083,79833,50607,0.0,0.0,0.0,0.000,0.000,52,0,46.2,60.7,83.0,0.688,12.138,12.185,12.156,12.074,1129,37.292,13.068,16.347,3.972,31.763,22.663,9.081,0.336,16.347,19.735,1.971,8.470,220.000,240.000,1095.0,1250.2,975.0,1073.7,1050.0,38.0,8.0,0.0,2.0,28.2,3.4,13.7,0.0,0.0,0.0,33,Yes,No,No,No,No,Yes,No,16.4,21.0,0,0,0,0,0,0,0,0,0,9,0,0,0,0,0,0,0,0,0,0,0,0,0,0,0,0,0,0,0,0,5880,2312,2147,91,8.0,239.8,254.2,224.5,212.5,216.9,211.5,239.8,243.2,236.9,236.5,236.7,236.4,4.17,4.50,3.92,3.71,4.60,4.68,0.64,0.09,4.06,0.12,0.09,0,0,0.0,0.0,13577,1183,9.0,6.5,0,
8.7.2026,15:27:39.595,18681,27313,40.6,13613,19069,41.6,0.5,13312,70,1.316,1.312,1.312,1.312,1.312,1.319,1.319,1.319,1.319,4080.1,4067.7,4067.7,4067.7,4067.7,4092.6,4092.6,4092.6,4092.6,99.8,1387.1,3557.7,1638.1,1794.9,2687.2,1528.2,1759.8,1301.0,1396.8,716.8,690.0,1258.9,929.0,985.9,781.2,560.0,608.0,1387.1,31.1,56.7,38.4,43.1,65.2,36.2,41.7,30.9,32.8,16.8,16.0,29.8,21.6,22.7,18.1,13.0,14.0,65.2,31.1,35.1,64.2,43.5,48.8,74.0,41.0,47.2,34.9,37.1,19.0,18.1,33.7,24.4,25.6,20.4,14.6,15.7,35.1,40.9,40.8,40.8,40.8,40.8,41.0,41.0,41.0,41.0,0.0,80.2,86.9,96.6,85.6,82.7,71.1,77.3,73.8,67.7,19.8,13.1,3.4,14.4,17.3,28.9,22.7,26.2,32.3,0.0,0.0,0.0,0.0,0.0,0.0,0.0,0.0,0.0,1197.8,12.00,16,16,16,39,55,661,1,72.2,71.5,71.2,67.6,69.6,71.1,69.4,68.0,65.8,66.5,65.5,65.0,62.8,63.2,62.5,54.0,51.6,1.362,1.031,1.356,13.618,11.033,13.618,72.190,38.708,4.214,5.368,6.296,4.812,4.200,3.065,3.758,3.374,2.839,18.334,11.367,29.701,38.821,1197.8,1197.8,4093.0,4093.0,4093.0,4093.0,44.1,22.7,80.2,75.3,54.2,No,No,No,1.443,0.312,6.4,50,95.0,100.0,No,No,91294,99096,35,99.0,No,No,3320,0.0,0.0,0.1,0.014,0.118,79833,50607,0.0,0.0,0.0,0.000,0.000,52,0,46.2,60.5,83.0,0.694,12.143,12.190,12.160,12.078,1133,37.532,13.547,16.882,4.291,32.236,22.840,9.379,0.336,16.882,19.981,2.104,10.539,220.000,240.000,1140.0,1250.2,990.0,1102.4,1080.0,39.0,8.0,0.0,2.0,28.2,3.4,13.6,0.0,0.0,0.0,33,Yes,No,No,No,No,Yes,No,16.8,21.5,0,0,0,0,0,0,0,0,0,9,0,0,0,0,0,0,0,0,0,0,0,0,0,0,0,0,0,0,0,0,5880,2312,2147,91,8.0,239.8,261.1,224.7,212.6,219.2,209.3,239.8,242.3,237.2,235.8,236.4,235.6,4.17,4.47,3.83,3.54,4.61,4.82,0.72,0.04,4.06,0.11,0.10,0,0,0.0,0.0,13577,1183,3.1,2.1,0,
8.7.2026,15:27:41.595,18683,27311,40.6,13619,19063,41.6,0.5,13312,70,1.348,1.319,1.356,1.356,1.356,1.350,1.350,1.350,1.350,4114.5,4092.6,4117.6,4117.6,4117.6,4117.6,4117.6,4117.6,4117.6,99.8,1425.5,3531.3,1613.0,3177.3,1247.4,1960.6,1314.9,1557.1,1171.8,734.7,708.0,1406.3,853.5,1040.5,747.1,858.2,887.0,1425.5,32.1,55.5,37.9,77.4,29.6,47.1,30.9,37.2,27.6,17.3,16.5,33.6,19.8,24.2,17.3,20.4,20.9,77.4,32.1,36.3,62.8,42.8,87.5,33.5,53.3,35.0,42.1,31.2,19.6,18.7,38.0,22.4,27.3,19.6,23.0,23.6,36.3,41.2,41.0,41.2,41.2,41.2,41.2,41.2,41.2,41.2,0.0,80.8,86.6,95.3,86.2,82.6,71.5,77.7,73.7,72.9,19.2,13.4,4.7,13.8,17.4,28.5,22.3,26.3,27.1,0.0,0.0,0.0,0.0,0.0,0.0,0.0,0.0,0.0,1197.8,12.00,16,16,16,39,55,661,1,72.6,72.8,70.2,68.1,69.5,71.0,69.5,68.2,66.1,67.4,65.8,67.5,62.8,63.1,62.5,55.5,51.5,1.344,1.025,1.363,14.076,11.028,14.080,72.736,39.350,4.337,5.269,6.134,4.823,4.232,3.182,3.889,3.385,3.785,18.888,11.363,30.251,39.371,1197.8,1197.8,4080.2,4080.4,4080.1,4080.4,44.7,23.5,80.8,76.6,54.2,No,No,No,1.420,0.295,6.5,50,95.0,100.0,No,No,91294,99096,35,99.0,No,No,3320,0.0,0.0,0.0,0.016,0.073,79833,50607,0.0,0.0,0.0,0.000,0.000,52,0,46.1,60.3,83.0,0.688,12.143,12.190,12.160,12.078,1132,36.712,13.698,16.751,4.254,32.491,23.166,9.306,0.336,16.751,20.338,1.983,11.600,220.000,240.000,1080.0,1250.2,975.0,1138.1,1050.0,39.0,8.0,0.0,2.0,28.2,3.2,12.9,0.0,0.0,0.0,33,Yes,No,No,No,No,Yes,No,16.9,20.7,0,0,0,0,0,0,0,0,0,9,0,0,0,0,0,0,0,0,0,0,0,0,0,0,0,0,0,0,0,0,5880,2312,2147,91,8.0,239.8,255.1,223.1,216.2,219.4,214.8,239.8,242.1,237.2,237.1,237.1,237.1,4.17,4.48,3.88,3.59,4.60,4.71,0.61,0.07,4.06,0.11,0.10,0,0,0.0,0.0,13577,1183,4.4,2.7,0,
8.7.2026,15:27:43.597,18678,27316,40.6,13620,19062,41.6,0.5,13312,70,1.330,1.331,1.325,1.331,1.331,1.331,1.331,1.331,1.331,4092.6,4092.6,4092.6,4092.6,4092.6,4092.6,4092.6,4092.6,4092.6,99.8,1326.2,3513.9,1636.0,3263.5,1064.7,1858.5,1255.5,1477.4,1101.9,697.2,564.2,1270.5,811.0,979.5,699.0,494.1,532.8,1326.2,29.5,53.4,38.6,79.4,25.0,44.4,29.5,35.3,25.7,16.2,12.9,30.1,18.7,22.5,16.1,11.3,12.2,79.4,29.5,33.5,60.6,43.8,90.1,28.4,50.4,33.5,40.1,29.2,18.4,14.7,34.2,21.2,25.6,18.3,12.9,13.8,33.5,41.0,41.0,41.0,41.0,41.0,41.0,41.0,41.0,41.0,0.0,77.8,85.8,95.1,84.0,80.2,67.8,74.2,71.1,64.3,22.2,14.2,4.9,16.0,19.8,32.2,25.8,28.9,35.7,0.0,0.0,0.0,0.0,0.0,0.0,0.0,0.0,0.0,1197.8,12.00,16,16,16,39,55,661,1,72.2,71.3,71.5,67.3,69.5,70.7,69.0,67.5,65.3,66.1,65.3,64.6,62.6,63.0,62.3,56.0,51.7,1.350,1.031,1.344,13.191,11.030,13.186,70.043,38.112,4.082,5.328,6.131,4.619,3.999,2.949,3.640,3.293,2.694,17.762,11.360,29.121,38.222,1197.8,1197.8,4095.2,4095.8,4094.5,4095.8,43.4,22.0,77.8,75.0,54.2,No,No,No,1.435,0.312,6.2,50,95.0,100.0,No,No,91294,99096,35,99.0,No,No,3320,0.1,0.7,0.8,0.112,9.180,79833,50625,0.0,0.0,0.0,0.000,0.000,52,0,46.1,60.5,83.0,0.688,12.141,12.188,12.159,12.076,1129,36.833,13.353,16.251,4.120,32.001,22.957,9.028,0.336,16.251,20.216,2.002,10.367,220.000,240.000,1050.0,1250.2,975.0,1063.2,1050.0,40.0,9.0,0.0,2.0,28.2,3.5,14.0,0.0,0.0,0.0,33,Yes,No,No,No,No,Yes,No,16.6,21.9,0,0,0,0,0,0,0,0,0,9,0,0,0,0,0,0,0,0,0,0,0,0,0,0,0,0,0,0,0,0,5880,2312,2147,91,8.0,239.8,258.6,222.0,219.6,220.4,219.2,0.0,0.0,0.0,0.0,0.0,0.0,4.17,4.50,3.83,3.57,4.53,4.58,0.56,0.07,4.06,0.11,0.00,0,0,0.0,0.0,13578,1183,2.5,2.3,0,
8.7.2026,15:27:45.598,18683,27310,40.6,13620,19062,41.6,0.5,13312,70,1.320,1.325,1.319,1.319,1.319,1.319,1.319,1.319,1.319,4073.9,4067.7,4067.7,4067.7,4067.7,4067.7,4067.7,4092.6,4092.6,99.8,1317.3,3440.2,1570.5,1610.6,2765.2,1419.3,1635.5,1306.0,1241.7,696.7,610.9,1300.8,755.5,907.2,743.0,562.7,511.7,1317.3,29.3,53.2,36.8,38.5,67.1,33.6,38.6,30.9,29.1,16.2,14.0,30.8,17.3,20.7,17.1,13.0,11.6,67.1,29.3,33.3,60.4,41.8,43.8,76.3,38.2,43.9,35.2,33.1,18.5,15.9,35.1,19.8,23.6,19.5,14.8,13.2,33.3,40.8,40.8,40.8,40.8,40.8,40.8,40.8,41.0,41.0,0.0,77.1,84.0,95.9,83.1,79.0,67.5,73.3,69.7,64.1,22.9,16.0,4.1,16.9,21.0,32.5,26.7,30.3,35.9,0.0,0.0,0.0,0.0,0.0,0.0,0.0,0.0,0.0,1197.8,12.00,16,16,16,39,55,661,1,71.9,71.1,70.0,67.0,68.9,70.6,68.8,67.2,65.1,65.8,65.0,64.4,62.4,62.7,62.0,54.0,51.1,1.344,1.019,1.337,13.034,10.998,13.038,69.350,37.911,4.050,5.142,6.173,4.619,3.962,2.975,3.589,3.223,2.720,17.547,11.329,28.876,37.985,1197.8,1197.8,4095.2,4096.0,4094.4,4096.0,43.2,21.7,77.1,74.8,54.0,No,No,No,1.398,0.307,6.2,50,95.0,100.0,No,No,91294,99096,35,99.0,No,No,3320,0.0,0.0,0.0,0.000,0.008,79833,50625,0.0,0.0,0.0,0.000,0.000,52,0,46.0,60.2,83.0,0.688,12.138,12.184,12.155,12.073,1129,36.829,13.020,16.145,3.948,31.738,22.758,8.970,0.336,16.145,19.887,1.965,8.308,220.000,240.000,1095.0,1250.2,975.0,1052.0,1050.0,37.0,8.0,0.0,2.0,28.2,3.4,13.8,0.0,0.0,0.0,33,Yes,No,No,No,No,Yes,No,16.4,21.6,0,0,0,0,0,0,0,0,0,9,0,0,0,0,0,0,0,0,0,0,0,0,0,0,0,0,0,0,0,0,5880,2312,2147,91,8.0,239.7,255.3,219.3,214.8,216.4,214.2,239.8,242.6,237.2,236.1,236.6,235.9,4.17,4.61,3.90,3.76,4.66,4.70,0.72,0.09,4.06,0.11,0.10,0,0,0.0,0.0,13578,1183,3.0,2.2,0,
8.7.2026,15:27:47.605,18698,27296,40.6,13623,19059,41.6,0.5,13312,70,1.332,1.331,1.325,1.337,1.337,1.331,1.331,1.331,1.331,4073.9,4067.7,4067.7,4092.6,4092.6,4067.7,4067.7,4067.7,4067.7,99.8,1592.5,3587.8,1915.5,1519.7,3183.1,1495.8,2146.6,1571.0,1565.9,974.3,1007.7,1541.0,1130.9,1151.7,1028.1,822.3,838.2,1592.5,36.3,58.3,45.5,36.3,77.6,35.5,51.5,37.6,37.2,23.1,23.9,36.9,26.7,26.9,24.2,19.5,19.7,77.6,36.3,41.0,66.0,51.4,41.1,87.9,40.2,58.3,42.5,42.1,26.1,27.0,41.7,30.2,30.4,27.3,22.0,22.2,41.0,40.8,40.8,40.8,41.0,41.0,40.8,40.8,40.8,40.8,0.0,82.3,87.8,96.4,87.0,83.9,75.1,79.7,76.4,72.0,17.7,12.2,3.6,13.0,16.1,24.9,20.3,23.6,28.0,0.0,0.0,0.0,0.0,0.0,0.0,0.0,0.0,0.0,1197.8,12.00,16,16,16,39,55,661,1,72.0,71.8,69.5,68.1,70.0,71.1,69.9,68.4,66.5,67.1,66.3,65.7,62.9,63.2,62.6,55.5,51.5,1.344,1.031,1.344,14.594,11.153,14.596,74.066,40.160,4.404,5.488,6.192,5.031,4.379,3.422,4.002,3.600,3.116,19.606,11.493,31.099,40.242,1197.8,1197.8,4087.5,4087.5,4087.5,4087.5,45.7,24.3,82.3,75.5,55.5,No,No,No,1.604,0.359,6.6,50,95.0,100.0,No,No,91294,99096,35,99.0,No,No,3320,0.1,0.0,0.1,0.136,0.034,79834,50625,0.0,0.0,0.0,0.000,0.000,52,0,46.2,60.8,83.0,0.725,12.138,12.185,12.156,12.074,1132,38.236,14.468,18.867,4.801,33.428,22.928,10.481,0.336,18.867,19.701,2.436,12.841,220.000,240.000,1215.0,1250.2,1065.0,1100.4,1155.0,38.0,9.0,0.0,3.0,28.2,3.6,14.6,0.0,0.0,0.0,33,Yes,No,No,No,No,Yes,No,17.5,21.3,0,0,0,0,0,0,0,0,0,9,0,0,0,0,0,0,0,0,0,0,0,0,0,0,0,0,0,0,0,0,5879,2313,2148,99,8.0,239.7,260.1,223.9,214.9,218.0,214.6,0.0,0.0,0.0,0.0,0.0,0.0,4.17,4.49,3.82,3.63,4.58,4.63,0.54,0.09,4.06,0.11,0.00,0,0,0.0,0.0,13578,1183,8.3,6.9,0,
8.7.2026,15:27:49.597,18696,27298,40.6,13623,19059,41.6,0.5,13312,70,1.330,1.319,1.331,1.331,1.331,1.331,1.331,1.331,1.331,4067.7,4067.7,4067.7,4067.7,4067.7,4067.7,4067.7,4067.7,4067.7,99.8,1473.7,3550.4,2148.3,1631.6,2928.2,1462.8,2007.8,1464.3,1326.8,799.5,721.3,1300.0,996.8,1017.3,874.4,649.8,699.7,1473.7,32.6,48.5,51.1,38.8,71.4,34.6,47.8,34.7,31.1,18.7,16.7,30.7,23.2,23.3,20.2,15.1,16.2,71.4,32.6,37.1,55.1,58.0,44.1,81.0,39.3,54.3,39.4,35.3,21.2,18.9,34.9,26.3,26.5,23.0,17.2,18.4,37.0,40.8,40.8,40.8,40.8,40.8,40.8,40.8,40.8,40.8,0.0,80.4,86.8,96.4,86.5,82.0,71.9,77.0,73.7,68.6,19.6,13.2,3.6,13.5,18.0,28.1,23.0,26.3,31.4,0.0,0.0,0.0,0.0,0.0,0.0,0.0,0.0,0.0,1197.8,12.00,16,16,16,39,55,661,1,72.0,71.5,71.2,67.6,69.8,70.8,69.5,67.9,65.7,66.5,65.6,65.1,62.8,63.1,62.4,55.0,51.4,1.350,1.031,1.350,13.770,11.089,13.764,72.318,38.944,4.222,5.397,6.171,4.848,4.180,3.129,3.759,3.399,2.895,18.515,11.427,29.942,39.061,1197.8,1197.8,4090.2,4090.5,4089.9,4090.7,44.4,22.9,80.4,75.2,54.7,No,No,No,1.510,0.374,6.4,50,95.0,100.0,No,No,91294,99096,35,99.0,No,No,3320,0.0,0.0,0.0,0.000,0.137,79834,50625,0.0,0.0,0.0,0.000,0.000,52,0,46.3,60.8,83.0,0.719,12.135,12.181,12.154,12.071,1128,38.980,14.382,18.649,4.836,33.374,22.994,10.360,0.336,18.649,19.902,2.168,12.548,220.000,240.000,1185.0,1250.2,1050.0,1212.5,1140.0,40.0,10.0,0.0,2.0,28.2,3.7,14.6,0.0,0.0,0.0,33,Yes,No,No,No,No,Yes,No,17.5,21.6,0,0,0,0,0,0,0,0,0,9,0,0,0,0,0,0,0,0,0,0,0,0,0,0,0,0,0,0,0,0,5879,2313,2148,99,8.0,239.7,272.2,215.1,201.1,205.2,200.9,0.0,0.0,0.0,0.0,0.0,0.0,4.17,4.68,3.70,3.41,4.89,4.99,0.54,0.14,4.06,0.11,0.00,0,0,0.0,0.0,13578,1183,2.0,1.9,0,
8.7.2026,15:27:51.595,18687,27306,40.6,13623,19059,41.6,0.5,13312,70,1.309,1.331,1.300,1.294,1.294,1.312,1.312,1.312,1.312,4058.3,4067.7,4042.7,4042.7,4042.7,4067.7,4067.7,4067.7,4067.7,99.8,1451.3,3553.4,2101.1,3141.0,1409.5,1881.5,1530.7,1564.0,1195.0,823.5,674.1,1304.2,963.0,1042.6,811.2,621.8,603.9,1451.3,32.2,50.9,49.9,76.4,33.3,44.9,35.9,37.2,27.8,19.4,15.5,30.8,22.3,23.8,18.8,14.4,13.8,76.4,32.2,36.5,57.7,56.6,86.6,37.8,50.9,40.7,42.1,31.5,21.9,17.6,34.9,25.3,27.0,21.2,16.2,15.6,36.5,40.7,40.8,40.5,40.5,40.5,40.8,40.8,40.8,40.8,0.0,80.5,86.8,96.1,86.3,82.8,72.2,77.1,74.1,68.8,19.5,13.2,3.9,13.7,17.2,27.8,22.9,25.9,31.2,0.0,0.0,0.0,0.0,0.0,0.0,0.0,0.0,0.0,1197.8,12.00,16,16,16,39,55,661,1,72.0,71.8,73.0,67.9,70.1,71.2,70.0,68.1,66.0,66.5,65.9,65.2,63.0,63.3,62.6,53.2,51.1,1.350,1.025,1.363,14.158,11.095,14.152,72.474,39.555,4.289,5.557,6.273,4.994,4.212,3.168,3.776,3.431,2.902,19.066,11.431,30.497,39.622,1197.8,1197.8,4093.5,4093.5,4093.5,4093.5,45.0,23.6,80.5,75.6,55.4,No,No,No,1.508,0.400,6.4,50,95.0,100.0,No,No,91294,99096,35,99.0,No,No,3320,0.0,0.0,0.0,0.008,0.090,79834,50625,0.0,0.0,0.0,0.000,0.000,52,0,46.4,60.8,83.0,0.725,12.134,12.179,12.152,12.070,1128,39.297,14.730,19.238,5.067,33.808,23.102,10.687,0.336,19.238,19.980,2.275,13.566,220.000,240.000,1215.0,1250.2,1065.0,1199.2,1155.0,40.0,9.0,0.0,2.0,28.1,3.8,15.0,0.0,0.0,0.0,33,Yes,No,No,No,No,Yes,No,17.8,22.2,0,0,0,0,0,0,0,0,0,9,0,0,0,0,0,0,0,0,0,0,0,0,0,0,0,0,0,0,0,0,5889,2303,2138,99,8.0,239.7,256.9,223.5,216.7,220.2,215.1,239.8,242.8,237.0,235.4,236.0,235.2,4.17,4.49,3.89,3.71,4.52,4.57,0.65,0.17,4.06,0.11,0.10,0,0,0.0,0.0,13578,1183,2.1,2.1,0,
8.7.2026,15:27:53.590,18677,27317,40.6,13626,19056,41.6,0.5,13312,70,1.330,1.319,1.331,1.331,1.331,1.331,1.331,1.331,1.331,4089.5,4067.7,4092.6,4092.6,4092.6,4092.6,4092.6,4092.6,4092.6,99.8,1428.0,3518.3,2113.3,3231.8,1356.4,1737.7,1447.5,1391.2,1357.9,723.4,729.5,1038.3,1128.5,948.1,894.9,616.2,615.6,1428.0,31.7,49.1,50.3,78.6,32.2,41.2,34.1,33.0,32.1,16.9,17.1,24.5,26.6,21.6,21.0,14.3,14.3,78.6,31.7,35.9,55.7,57.0,89.1,36.6,46.7,38.6,37.4,36.4,19.1,19.3,27.7,30.2,24.5,23.8,16.2,16.2,35.9,41.0,40.8,41.0,41.0,41.0,41.0,41.0,41.0,41.0,0.0,79.0,86.0,96.6,84.0,81.5,69.5,75.1,72.6,66.9,21.0,14.0,3.4,16.0,18.5,30.5,24.9,27.4,33.1,0.0,0.0,0.0,0.0,0.0,0.0,0.0,0.0,0.0,1197.8,12.00,16,16,16,39,55,661,1,72.0,71.6,77.5,67.6,69.9,70.9,69.3,68.0,65.6,66.2,65.5,65.0,62.7,63.1,62.4,55.0,51.1,1.319,1.025,1.319,13.504,11.054,13.510,71.133,38.582,4.203,5.530,6.275,4.696,4.178,3.072,3.645,3.367,2.861,18.161,11.387,29.548,38.683,1197.8,1197.8,4091.1,4091.9,4090.3,4091.9,44.0,22.5,79.0,75.4,53.8,No,No,No,1.487,0.401,6.3,50,95.0,100.0,No,No,91294,99096,35,99.0,No,No,3320,0.0,0.0,0.0,0.000,0.002,79834,50625,0.0,0.0,0.0,0.000,0.000,52,0,46.3,60.8,83.0,0.719,12.136,12.182,12.154,12.072,1128,39.418,14.418,19.331,4.946,34.055,23.298,10.739,0.336,19.331,20.002,2.225,9.912,220.000,240.000,1200.0,1250.2,1050.0,1212.3,1140.0,39.0,9.0,0.0,2.0,28.1,3.9,15.7,0.0,0.0,0.0,33,Yes,No,No,No,No,Yes,No,17.9,22.7,0,0,0,0,0,0,0,0,0,9,0,0,0,0,0,0,0,0,0,0,0,0,0,0,0,0,0,0,0,0,5889,2303,2138,99,8.0,239.7,257.1,221.3,207.7,213.2,206.1,238.7,243.1,237.0,134.5,176.9,119.8,4.17,4.57,3.89,3.45,4.71,4.89,0.63,0.16,4.06,0.12,0.11,0,0,0.0,0.0,13578,1183,2.5,2.0,0,
8.7.2026,15:27:55.595,18676,27318,40.6,13622,19060,41.6,0.5,13312,70,1.334,1.337,1.337,1.319,1.325,1.325,1.344,1.344,1.344,4089.5,4092.6,4092.6,4067.7,4092.6,4092.6,4092.6,4092.6,4092.6,99.8,1431.7,3503.2,2091.1,1591.5,2960.2,1328.5,1915.2,1173.0,1546.9,655.0,879.1,957.8,1193.1,808.3,1029.9,599.5,674.6,1431.7,31.7,48.4,49.7,38.0,71.9,31.2,45.6,27.5,36.7,15.1,20.7,22.3,28.2,18.1,24.2,13.8,15.7,71.9,31.7,36.0,54.8,56.4,43.2,81.6,35.4,51.7,31.2,41.6,17.2,23.4,25.3,32.0,20.6,27.5,15.7,17.7,36.0,41.0,41.0,41.0,40.8,41.0,41.0,41.0,41.0,41.0,0.0,78.9,85.6,96.7,84.1,80.8,69.9,75.1,72.2,66.9,21.1,14.4,3.3,15.9,19.2,30.1,24.9,27.8,33.1,0.0,0.0,0.0,0.0,0.0,0.0,0.0,0.0,0.0,1197.8,12.00,16,16,16,39,55,661,1,72.0,71.6,70.8,67.6,69.9,71.0,69.4,67.9,65.8,66.3,65.6,65.0,62.8,63.1,62.5,55.2,51.5,1.344,1.031,1.344,13.766,11.051,13.766,71.024,38.985,4.207,5.470,6.276,4.725,4.128,3.121,3.660,3.389,2.889,18.530,11.387,29.917,39.043,1197.8,1197.8,4093.0,4093.5,4092.5,4093.5,44.4,22.9,78.9,75.3,54.9,No,No,No,1.479,0.405,6.3,50,95.0,100.0,No,No,91294,99096,35,99.0,No,No,3320,0.0,0.0,0.0,0.008,0.085,79834,50625,0.0,0.0,0.0,0.000,0.000,52,0,46.4,60.9,83.0,0.731,12.132,12.177,12.151,12.069,1128,40.024,15.534,19.885,5.090,34.120,23.063,11.047,0.336,19.885,19.666,8.915,13.337,220.000,240.000,1245.0,1250.2,1080.0,1218.5,1170.0,36.0,8.0,0.0,2.0,28.1,3.9,15.5,0.0,0.0,0.0,33,Yes,No,No,No,No,Yes,No,18.0,22.3,0,0,0,0,0,0,0,0,0,9,0,0,0,0,0,0,0,0,0,0,0,0,0,0,0,0,0,0,0,0,5889,2303,2138,99,8.0,239.8,259.6,219.5,201.4,210.2,197.1,239.8,242.5,237.3,231.9,234.9,230.3,4.17,4.58,3.82,3.55,4.76,5.08,0.60,0.06,4.06,0.11,0.12,0,0,0.0,0.0,13578,1183,2.3,2.2,0,
8.7.2026,15:27:57.597,18679,27315,40.6,13622,19060,41.6,0.5,13312,70,1.320,1.312,1.325,1.325,1.325,1.325,1.325,1.312,1.312,4080.1,4042.7,4092.6,4092.6,4092.6,4092.6,4092.6,4067.7,4067.7,99.8,1505.1,3551.3,2130.5,1261.6,3298.0,1379.1,2065.2,1239.9,1625.3,711.3,934.5,1075.9,1316.1,895.4,1143.7,661.4,792.8,1505.1,33.8,49.6,51.1,30.4,80.6,32.6,49.8,29.8,38.6,17.1,22.1,25.9,31.2,20.1,27.7,15.3,18.6,80.6,33.8,38.0,56.2,57.5,33.8,91.2,36.9,55.9,33.1,43.8,18.7,25.0,28.6,35.3,22.8,30.7,17.4,21.0,38.0,40.9,40.5,41.0,41.0,41.0,41.0,41.0,40.8,40.8,0.0,80.7,86.9,96.4,85.8,82.3,72.2,77.7,75.0,69.5,19.3,13.1,3.6,14.2,17.7,27.8,22.3,25.0,30.5,0.0,0.0,0.0,0.0,0.0,0.0,0.0,0.0,0.0,1197.8,12.00,16,16,16,39,55,661,1,72.0,72.2,74.2,68.2,70.2,71.1,69.7,68.4,66.4,67.2,66.4,65.9,62.9,63.2,62.6,55.2,51.4,1.344,1.031,1.350,14.113,11.075,14.102,72.646,39.383,4.375,5.536,6.239,4.858,4.299,3.319,3.960,3.626,3.162,18.982,11.410,30.392,39.505,1197.8,1197.8,4088.0,4088.7,4087.4,4088.7,44.9,23.5,80.7,76.0,54.1,No,No,No,1.500,0.408,6.5,50,95.0,100.0,No,No,91294,99096,35,99.0,No,No,3320,0.0,0.0,0.0,0.000,0.032,79834,50625,0.0,0.0,0.0,0.000,0.000,52,0,46.2,60.9,83.0,0.719,12.134,12.179,12.152,12.070,1128,39.249,14.079,18.611,4.701,33.443,23.090,10.339,0.336,18.611,19.874,2.119,9.669,220.000,240.000,1200.0,1250.2,1050.0,1231.5,1140.0,38.0,8.0,0.0,2.0,28.1,3.7,14.7,0.0,0.0,0.0,33,Yes,No,No,No,No,Yes,No,17.5,21.0,0,0,0,0,0,0,0,0,0,9,0,0,0,0,0,0,0,0,0,0,0,0,0,0,0,0,0,0,0,0,5889,2303,2138,99,8.0,239.7,257.0,224.9,215.3,220.6,212.6,239.8,242.3,237.5,236.3,236.8,236.0,4.17,4.48,3.85,3.74,4.56,4.67,0.65,0.11,4.06,0.11,0.11,0,0,0.0,0.0,13578,1183,4.1,4.7,0,
8.7.2026,15:27:59.596,18677,27317,40.6,13623,19059,41.6,0.5,13312,70,1.316,1.344,1.312,1.312,1.312,1.312,1.312,1.312,1.312,4092.6,4092.6,4092.6,4092.6,4092.6,4092.6,4092.6,4092.6,4092.6,99.8,1440.9,3546.3,2133.8,1555.0,2955.3,1409.7,1886.7,1154.3,1544.3,659.6,856.2,979.6,1255.0,764.0,1062.9,606.0,686.2,1440.9,32.2,48.9,50.7,37.0,72.1,33.8,44.9,27.1,37.1,15.3,20.8,22.9,30.2,17.8,25.0,14.7,16.6,72.1,32.2,36.2,55.0,57.5,42.0,81.7,37.7,50.9,30.7,41.6,17.4,22.8,26.0,33.6,19.5,28.4,15.9,18.1,36.2,41.0,41.0,41.0,41.0,41.0,41.0,41.0,41.0,41.0,0.0,80.1,86.8,96.2,85.4,82.3,71.0,77.0,73.5,68.4,19.9,13.2,3.8,14.6,17.7,29.0,23.0,26.5,31.6,0.0,0.0,0.0,0.0,0.0,0.0,0.0,0.0,0.0,1197.8,12.00,16,16,16,39,55,661,1,72.0,71.5,70.5,67.7,69.8,70.9,69.4,68.0,65.9,66.5,65.8,65.2,62.9,63.2,62.5,53.2,50.9,1.350,1.025,1.350,13.699,11.063,13.712,72.066,38.933,4.222,5.451,6.205,4.785,4.178,3.132,3.741,3.387,2.895,18.401,11.397,29.798,38.946,1197.8,1197.8,4088.6,4089.0,4088.2,4089.0,44.3,22.9,80.1,75.2,54.3,No,No,No,1.500,0.411,6.4,49,95.0,100.0,No,No,91294,99096,35,99.0,No,No,3320,0.0,0.1,0.1,0.000,0.196,79834,50626,0.0,0.0,0.0,0.000,0.000,52,0,46.4,60.8,83.0,0.744,12.137,12.183,12.155,12.072,1129,39.535,14.876,19.932,5.178,33.900,22.816,11.073,0.336,19.932,19.493,2.314,13.788,220.000,240.000,1275.0,1250.2,1125.0,1218.5,1215.0,41.0,10.0,0.0,3.0,28.1,3.7,14.7,0.0,0.0,0.0,33,Yes,No,No,No,No,Yes,No,17.9,22.7,0,0,0,0,0,0,0,0,0,9,0,0,0,0,0,0,0,0,0,0,0,0,0,0,0,0,0,0,0,0,5889,2303,2138,99,8.0,239.8,256.9,222.8,207.2,212.6,206.6,0.0,0.0,0.0,0.0,0.0,0.0,4.17,4.57,3.87,3.58,4.74,4.85,0.51,0.09,4.06,0.11,0.00,0,0,0.0,0.0,13578,1183,2.5,2.1,0,
8.7.2026,15:28:1.595,18677,27317,40.6,13619,19062,41.6,0.5,13312,70,1.328,1.331,1.331,1.331,1.331,1.325,1.325,1.325,1.325,4073.9,4067.7,4092.6,4092.6,4067.7,4067.7,4067.7,4067.7,4067.7,99.8,1395.1,3491.0,2068.5,3209.1,1348.8,1699.5,1480.9,1201.2,1474.2,632.8,757.9,883.1,1196.5,801.5,971.8,506.0,598.5,1395.1,30.8,46.7,49.4,78.1,32.1,40.4,35.0,28.3,34.9,14.7,17.8,20.5,28.3,18.1,22.8,11.6,13.9,78.1,30.8,34.9,52.9,55.9,88.6,36.4,45.8,39.6,32.0,39.5,16.6,20.1,23.2,32.1,20.4,25.8,13.2,15.7,34.9,40.8,40.8,41.0,41.0,40.8,40.8,40.8,40.8,40.8,0.0,78.4,85.3,96.4,84.3,80.5,69.2,74.2,72.0,65.1,21.6,14.7,3.6,15.7,19.5,30.8,25.8,28.0,34.9,0.0,0.0,0.0,0.0,0.0,0.0,0.0,0.0,0.0,1197.8,12.00,16,16,16,39,55,661,1,72.0,71.6,73.8,67.4,69.6,70.9,69.3,67.6,65.5,66.1,65.5,64.6,62.6,63.0,62.3,54.0,51.8,1.344,1.025,1.344,13.413,11.014,13.409,70.534,38.353,4.167,5.387,6.334,4.793,4.085,3.044,3.607,3.332,2.750,18.044,11.345,29.389,38.501,1197.8,1197.8,4092.5,4093.3,4091.8,4093.3,43.8,22.3,78.4,75.4,54.0,No,No,No,1.456,0.349,6.3,49,95.0,100.0,No,No,91294,99096,35,99.0,No,No,3320,0.0,0.0,0.1,0.018,0.030,79834,50626,0.0,0.0,0.0,0.000,0.000,52,0,46.2,60.5,83.0,0.713,12.136,12.182,12.154,12.071,1132,39.679,13.778,17.954,4.556,32.913,22.924,9.974,0.336,17.954,19.860,2.139,9.170,220.000,240.000,1170.0,1250.2,1020.0,1272.6,1110.0,35.0,8.0,0.0,2.0,28.1,3.2,12.9,0.0,0.0,0.0,33,Yes,No,No,No,No,Yes,No,17.2,22.2,0,0,0,0,0,0,0,0,0,9,0,0,0,0,0,0,0,0,0,0,0,0,0,0,0,0,0,0,0,0,5889,2303,2138,99,8.0,239.8,255.8,222.9,213.9,217.9,212.6,239.8,243.0,236.9,233.0,234.5,232.6,4.17,4.55,3.89,3.61,4.63,4.74,0.57,0.19,4.06,0.11,0.12,0,0,0.0,0.0,13578,1183,2.7,2.0,0,
8.7.2026,15:28:3.592,18684,27310,40.6,13619,19062,41.6,0.5,13312,70,1.336,1.331,1.337,1.337,1.337,1.337,1.337,1.337,1.331,4095.7,4117.6,4092.6,4092.6,4092.6,4092.6,4092.6,4092.6,4092.6,99.8,1432.0,3550.0,2082.7,3103.2,1453.0,1827.1,1489.7,1250.1,1503.9,635.3,784.2,951.2,1250.2,780.1,1011.4,597.9,642.5,1432.0,31.6,48.6,49.4,75.3,34.7,43.5,35.1,29.6,35.5,14.7,17.7,22.2,29.5,17.5,23.8,13.8,14.9,75.3,31.6,35.9,55.1,56.1,85.4,39.4,49.4,39.9,33.6,40.3,16.6,20.8,25.2,33.4,19.9,27.0,15.7,16.9,35.9,41.0,41.2,41.0,41.0,41.0,41.0,41.0,41.0,41.0,0.0,80.1,86.7,96.4,86.0,82.3,71.2,76.5,73.8,68.1,19.9,13.3,3.6,14.0,17.7,28.8,23.5,26.2,31.9,0.0,0.0,0.0,0.0,0.0,0.0,0.0,0.0,0.0,1197.8,12.00,16,16,16,39,55,661,1,72.0,71.8,70.5,67.7,69.8,71.1,69.5,68.0,65.7,66.4,65.7,65.1,62.8,63.2,62.5,55.2,51.2,1.350,1.025,1.356,13.732,11.041,13.737,72.113,38.946,4.236,5.433,6.319,4.859,4.218,3.099,3.701,3.383,2.877,18.482,11.374,29.856,38.984,1197.8,1197.8,4092.9,4093.0,4092.8,4093.0,44.3,22.9,80.1,75.5,54.3,No,No,No,1.494,0.279,6.4,49,95.0,100.0,No,No,91294,99096,35,99.0,No,No,3320,0.1,0.7,0.7,0.069,9.131,79834,50643,0.0,0.0,0.0,0.000,0.000,52,0,46.0,60.3,83.0,0.688,12.138,12.185,12.155,12.074,1132,36.953,13.052,15.639,3.802,31.251,22.554,8.688,0.336,15.639,19.755,2.287,10.567,220.000,240.000,1110.0,1250.2,975.0,1147.0,1050.0,35.0,7.0,0.0,1.0,28.1,3.2,12.8,0.0,0.0,0.0,33,Yes,No,No,No,No,Yes,No,16.1,19.1,0,0,0,0,0,0,0,0,0,9,0,0,0,0,0,0,0,0,0,0,0,0,0,0,0,0,0,0,0,0,5889,2303,2138,97,8.0,239.8,257.5,222.7,194.1,207.3,188.9,239.8,242.4,236.7,236.5,236.6,236.5,4.17,4.54,3.89,3.23,4.82,5.26,0.65,0.16,4.06,0.11,0.10,0,0,0.0,0.0,13578,1183,3.0,1.9,0,
8.7.2026,15:28:5.595,18685,27308,40.6,13630,19051,41.7,0.5,13312,70,1.317,1.319,1.325,1.312,1.312,1.312,1.319,1.319,1.319,4070.8,4067.7,4092.6,4067.7,4067.7,4067.7,4067.7,4067.7,4067.7,99.8,1310.1,3427.7,1518.9,1597.4,2792.3,1398.5,1615.5,1012.3,1495.5,619.0,729.2,901.6,1116.8,723.2,935.6,497.8,580.9,1310.1,29.1,53.3,35.6,38.6,67.4,32.8,38.1,23.6,35.4,14.3,17.6,20.9,26.3,16.0,21.8,11.3,13.3,67.4,29.1,33.1,60.6,40.4,43.9,76.6,37.3,43.3,26.8,40.2,16.3,19.2,23.7,29.9,18.2,24.9,12.9,15.1,33.1,40.8,40.8,41.0,40.8,40.8,40.8,40.8,40.8,40.8,0.0,77.2,83.7,96.3,82.0,78.9,68.1,73.4,70.4,64.5,22.8,16.3,3.7,18.0,21.1,31.9,26.6,29.6,35.5,0.0,0.0,0.0,0.0,0.0,0.0,0.0,0.0,0.0,1197.8,12.00,16,16,16,39,55,661,1,72.0,71.2,70.0,67.1,69.0,70.8,68.6,67.4,65.3,66.0,65.3,64.7,62.5,62.9,62.2,53.2,51.0,1.344,1.038,1.350,13.131,10.994,13.122,69.444,37.992,4.053,5.143,6.239,4.513,3.971,2.988,3.571,3.249,2.753,17.681,11.324,29.005,38.093,1197.8,1197.8,4095.2,4095.7,4094.7,4095.7,43.3,21.9,77.2,75.0,54.4,No,No,No,1.372,0.272,6.2,49,95.0,100.0,No,No,91294,99096,35,99.0,No,No,3320,0.0,0.0,0.0,0.000,0.022,79834,50643,0.0,0.0,0.0,0.000,0.000,52,0,46.0,60.3,83.0,0.688,12.135,12.180,12.153,12.071,1132,36.491,13.346,16.086,4.080,31.986,23.031,8.936,0.336,16.086,20.318,1.993,10.609,220.000,240.000,1065.0,1250.2,975.0,1108.2,1050.0,39.0,8.0,0.0,2.0,28.1,3.3,13.2,0.0,0.0,0.0,33,Yes,No,No,No,No,Yes,No,16.5,21.7,0,0,0,0,0,0,0,0,0,9,0,0,0,0,0,0,0,0,0,0,0,0,0,0,0,0,0,0,0,0,5889,2303,2138,98,8.0,239.8,266.8,220.4,193.6,202.1,192.7,239.8,242.2,237.7,237.1,237.4,237.0,4.17,4.56,3.73,3.17,4.98,5.21,0.72,0.07,4.06,0.11,0.12,0,0,0.0,0.0,13578,1183,2.6,2.6,0,
8.7.2026,15:28:7.595,18679,27314,40.6,13633,19049,41.7,0.5,13312,70,1.324,1.331,1.325,1.319,1.319,1.325,1.325,1.325,1.325,4070.8,4092.6,4067.7,4067.7,4067.7,4067.7,4067.7,4067.7,4067.7,99.8,1346.5,3499.6,1540.6,1066.1,3290.5,1395.8,1696.5,1291.7,1291.2,713.9,718.3,1183.9,968.7,874.7,835.7,593.6,583.5,1346.5,30.3,58.2,36.2,25.2,80.3,33.1,40.3,30.7,30.5,16.6,16.8,27.9,22.8,20.0,19.6,13.9,13.6,80.3,30.3,34.3,66.0,41.0,28.5,91.1,37.4,45.6,34.7,34.5,18.7,18.9,31.6,25.7,22.6,22.1,15.6,15.3,34.3,40.8,41.0,40.8,40.8,40.8,40.8,40.8,40.8,40.8,0.0,78.2,85.5,95.8,83.1,79.8,69.2,74.9,71.2,66.0,21.8,14.5,4.2,16.9,20.2,30.8,25.1,28.8,34.0,0.0,0.0,0.0,0.0,0.0,0.0,0.0,0.0,0.0,1197.8,12.00,16,16,16,39,55,661,1,71.9,71.2,71.8,67.3,69.3,70.8,68.8,67.5,65.5,66.1,65.3,64.8,62.6,62.9,62.2,55.5,51.7,1.331,1.031,1.344,13.423,11.016,13.424,70.375,38.457,4.122,5.328,6.176,4.574,4.033,3.062,3.675,3.302,2.828,18.078,11.351,29.430,38.535,1197.8,1197.8,4094.8,4095.3,4094.3,4095.3,43.8,22.4,78.2,75.0,54.6,No,No,No,1.395,0.270,6.3,50,95.0,100.0,No,No,91294,99096,35,99.0,No,No,3320,0.0,0.0,0.0,0.000,0.014,79834,50643,0.0,0.0,0.0,0.000,0.000,52,0,45.9,60.2,83.0,0.688,12.137,12.183,12.155,12.073,1128,36.205,13.392,16.148,4.142,32.113,23.132,8.971,0.336,16.148,20.456,1.909,10.562,220.000,240.000,1005.0,1250.2,975.0,1040.2,1050.0,38.0,7.0,0.0,2.0,28.1,3.3,13.1,0.0,0.0,0.0,33,Yes,No,No,No,No,Yes,No,16.6,20.5,0,0,0,0,0,0,0,0,0,9,0,0,0,0,0,0,0,0,0,0,0,0,0,0,0,0,0,0,0,0,5889,2303,2138,99,8.0,239.7,260.6,222.5,217.5,219.4,217.2,0.0,0.0,0.0,0.0,0.0,0.0,4.17,4.52,3.81,3.60,4.54,4.55,0.55,0.12,4.06,0.11,0.00,0,0,0.0,0.0,13578,1183,4.3,5.0,0,
8.7.2026,15:28:9.599,18681,27313,40.6,13639,19042,41.7,0.5,13312,70,1.320,1.331,1.319,1.319,1.319,1.319,1.319,1.319,1.319,4067.7,4067.7,4067.7,4067.7,4067.7,4067.7,4067.7,4067.7,4067.7,99.8,1354.7,3474.5,1553.1,1513.6,2887.7,1550.8,1595.2,1475.0,1129.7,763.4,614.0,1294.0,851.8,970.2,777.0,603.5,621.5,1354.7,30.4,57.3,36.4,36.0,70.3,36.8,37.9,35.0,26.4,17.9,14.2,30.7,19.8,22.2,18.0,14.0,14.3,70.3,30.4,34.6,65.1,41.3,40.9,79.9,41.8,43.0,39.8,30.0,20.3,16.1,34.9,22.5,25.3,20.4,15.8,16.3,34.6,40.8,40.8,40.8,40.8,40.8,40.8,40.8,40.8,40.8,0.0,78.0,84.9,96.2,83.0,79.8,68.7,74.4,71.4,66.1,22.0,15.1,3.8,17.0,20.2,31.3,25.6,28.6,33.9,0.0,0.0,0.0,0.0,0.0,0.0,0.0,0.0,0.0,1197.8,12.00,16,16,16,39,55,661,1,71.9,71.3,73.5,67.3,69.4,70.7,69.0,67.5,65.5,66.1,65.3,64.8,62.5,62.8,62.2,53.2,51.5,1.344,1.025,1.344,13.451,10.991,13.450,70.240,38.469,4.134,5.326,6.229,4.646,4.050,3.037,3.652,3.318,2.818,18.106,11.324,29.430,38.536,1197.8,1197.8,4093.8,4094.2,4093.4,4094.2,43.8,22.4,78.0,75.1,54.6,No,No,No,1.418,0.279,6.2,49,95.0,100.0,No,No,91294,99096,35,99.0,No,No,3320,0.0,0.0,0.1,0.008,0.069,79834,50644,0.0,0.0,0.0,0.000,0.000,52,0,45.9,60.3,83.0,0.688,12.138,12.185,12.156,12.074,1128,36.262,13.219,15.948,3.777,31.775,22.892,8.860,0.336,15.948,19.948,1.955,10.748,220.000,240.000,945.0,1250.2,975.0,974.3,1050.0,37.0,8.0,0.0,2.0,28.1,3.4,13.4,0.0,0.0,0.0,33,Yes,No,No,No,No,Yes,No,16.3,20.8,0,0,0,0,0,0,0,0,0,9,0,0,0,0,0,0,0,0,0,0,0,0,0,0,0,0,0,0,0,0,5889,2303,2138,99,8.0,239.7,255.5,221.9,216.5,218.2,216.3,239.8,242.5,236.1,235.1,235.4,235.1,4.17,4.52,3.89,3.78,4.59,4.65,0.64,0.06,4.06,0.11,0.10,0,0,0.0,0.0,13578,1183,2.1,1.4,0,
8.7.2026,15:28:11.600,18684,27310,40.6,13633,19049,41.7,0.5,13312,70,1.329,1.344,1.300,1.331,1.331,1.331,1.331,1.331,1.331,4089.5,4092.6,4067.7,4092.6,4092.6,4092.6,4092.6,4092.6,4092.6,99.8,1329.7,3438.4,1461.9,3267.8,1165.8,1801.7,1284.1,1533.9,1045.9,792.4,629.3,1284.0,816.7,968.1,728.2,572.6,484.9,1329.7,29.8,57.2,34.0,79.5,27.4,42.8,30.1,36.5,24.3,18.5,14.5,30.4,18.8,22.1,16.7,13.1,10.9,79.5,29.8,33.9,64.9,38.7,90.3,31.2,48.7,34.2,41.4,27.7,21.1,16.5,34.6,21.5,25.2,19.1,14.9,12.5,33.9,41.0,41.0,40.8,41.0,41.0,41.0,41.0,41.0,41.0,0.0,77.0,84.0,95.9,82.1,79.1,67.7,73.5,70.2,63.9,23.0,16.0,4.1,17.9,20.9,32.3,26.5,29.8,36.1,0.0,0.0,0.0,0.0,0.0,0.0,0.0,0.0,0.0,1197.8,12.00,16,16,16,39,55,661,1,71.6,71.2,70.2,67.1,69.2,70.7,68.8,67.5,65.3,66.0,65.1,64.5,62.5,62.8,62.1,54.5,51.5,1.344,1.031,1.344,13.232,10.984,13.238,69.339,38.188,4.095,5.307,6.215,4.619,4.020,3.018,3.625,3.244,2.709,17.813,11.315,29.128,38.240,1197.8,1197.8,4094.9,4095.7,4094.1,4095.7,43.5,22.1,77.0,75.0,54.2,No,No,No,1.387,0.269,6.2,49,95.0,100.0,No,No,91294,99096,35,99.0,No,No,3320,0.0,0.0,0.0,0.008,0.110,79834,50644,0.0,0.0,0.0,0.000,0.000,52,0,45.9,60.2,83.0,0.688,12.140,12.188,12.157,12.075,1129,35.844,13.092,15.745,3.681,31.450,22.689,8.747,0.336,15.745,19.728,1.938,10.856,220.000,240.000,915.0,1250.2,975.0,933.8,1050.0,39.0,8.0,0.0,2.0,28.1,3.4,13.7,0.0,0.0,0.0,33,Yes,No,No,No,No,Yes,No,16.1,19.8,0,0,0,0,0,0,0,0,0,9,0,0,0,0,0,0,0,0,0,0,0,0,0,0,0,0,0,0,0,0,5889,2303,2138,99,8.0,239.8,270.2,219.0,210.4,213.8,208.9,239.8,242.5,237.3,228.9,233.5,226.6,4.17,4.56,3.71,3.50,4.66,4.78,0.65,0.17,4.07,0.10,0.12,0,0,0.0,0.0,13578,1183,2.8,2.2,0,
8.7.2026,15:28:13.594,18689,27304,40.6,13643,19039,41.7,0.5,13312,70,1.312,1.325,1.319,1.319,1.319,1.288,1.288,1.319,1.319,4055.2,4067.7,4067.7,4017.8,4017.8,4067.7,4067.7,4067.7,4067.7,99.8,1424.4,3531.2,1616.5,3273.0,1206.1,1874.7,1356.4,1548.9,1150.8,801.6,658.2,1306.3,905.9,1079.7,776.7,966.0,738.7,1424.4,32.0,58.3,37.8,79.7,28.3,44.7,31.7,36.9,26.8,18.6,15.2,30.9,20.7,24.9,17.8,22.8,17.0,79.7,32.0,36.3,66.1,42.8,90.3,32.2,50.7,36.0,41.8,30.4,21.1,17.3,35.1,23.6,28.2,20.3,25.9,19.3,36.3,40.6,40.8,40.8,40.2,40.2,40.8,40.8,40.8,40.8,0.0,80.1,86.5,95.9,84.8,81.6,70.9,76.2,73.6,71.4,19.9,13.5,4.1,15.2,18.4,29.1,23.8,26.4,28.6,0.0,0.0,0.0,0.0,0.0,0.0,0.0,0.0,0.0,1197.8,12.00,16,16,16,39,55,661,1,72.0,72.2,71.5,67.9,69.7,70.8,69.3,67.8,65.7,66.9,65.7,66.9,62.7,63.0,62.4,55.5,51.2,1.344,1.038,1.350,14.228,11.056,14.224,72.092,39.467,4.313,5.401,6.158,4.828,4.113,3.139,3.786,3.436,3.640,19.111,11.394,30.504,39.606,1197.8,1197.8,4084.4,4084.6,4084.3,4084.6,45.0,23.7,80.1,76.0,55.3,No,No,No,1.367,0.254,6.4,50,95.0,100.0,No,No,91294,99096,35,99.0,No,No,3320,0.0,0.0,0.1,0.061,0.008,79834,50644,0.0,0.0,0.0,0.000,0.000,52,0,45.8,60.4,83.0,0.688,12.135,12.182,12.153,12.071,1129,35.725,12.911,15.738,3.691,31.733,22.972,8.743,0.336,15.738,20.024,1.902,8.231,220.000,240.000,885.0,1250.2,975.0,898.5,1050.0,40.0,8.0,0.0,2.0,28.1,3.6,14.4,0.0,0.0,0.0,33,Yes,No,No,No,No,Yes,No,16.3,19.9,0,0,0,0,0,0,0,0,0,9,0,0,0,0,0,0,0,0,0,0,0,0,0,0,0,0,0,0,0,0,5889,2303,2138,99,8.0,239.7,258.1,225.2,206.2,215.8,202.0,234.6,242.3,119.9,119.7,119.8,119.7,4.17,4.48,3.86,3.54,4.70,5.06,0.77,0.13,4.06,0.11,0.10,0,0,0.0,0.0,13578,1183,2.7,2.8,0,
8.7.2026,15:28:15.597,18688,27306,40.6,13641,19041,41.7,0.5,13312,70,1.328,1.331,1.331,1.331,1.331,1.325,1.325,1.325,1.325,4092.6,4092.6,4092.6,4092.6,4092.6,4092.6,4092.6,4092.6,4092.6,99.8,1315.7,3420.7,1542.6,1882.2,2563.8,1419.2,1531.9,1402.5,1114.6,711.7,608.3,1193.8,834.0,910.4,722.7,623.9,568.3,1315.7,29.6,54.8,36.3,45.4,62.2,33.7,36.3,33.5,26.3,16.9,14.3,28.4,19.8,21.1,16.9,14.8,13.4,62.2,29.6,33.5,62.1,41.0,51.4,70.6,38.1,41.1,37.9,29.6,18.9,16.0,32.1,22.3,23.8,19.0,16.5,15.0,33.5,41.0,41.0,41.0,41.0,41.0,41.0,41.0,41.0,41.0,0.0,76.2,83.6,96.1,80.7,77.9,66.3,72.3,69.0,63.8,23.8,16.4,3.9,19.3,22.1,33.7,27.7,31.0,36.2,0.0,0.0,0.0,0.0,0.0,0.0,0.0,0.0,0.0,1197.8,12.00,16,16,16,39,55,661,1,72.0,71.2,70.5,67.2,69.2,70.8,68.5,67.5,65.3,66.0,65.2,64.8,62.5,62.9,62.2,55.2,51.3,1.356,1.031,1.350,13.129,10.993,13.140,68.599,38.100,4.070,5.327,6.270,4.443,3.978,2.956,3.563,3.224,2.799,17.676,11.324,29.000,38.120,1197.8,1197.8,4095.2,4095.5,4094.9,4095.5,43.3,21.9,76.2,75.0,54.1,No,No,No,1.381,0.266,6.1,49,95.0,100.0,No,No,91294,99096,35,99.0,No,No,3320,0.0,0.1,0.1,0.000,0.129,79834,50644,0.0,0.0,0.0,0.000,0.000,52,0,45.8,60.1,83.0,0.688,12.140,12.188,12.158,12.076,1129,36.055,13.154,16.005,3.778,31.890,22.992,8.892,0.336,16.005,20.006,2.523,9.116,220.000,240.000,885.0,1250.2,975.0,885.0,1050.0,38.0,8.0,0.0,1.0,28.1,3.6,14.4,0.0,0.0,0.0,33,Yes,No,No,No,No,Yes,No,16.4,20.9,0,0,0,0,0,0,0,0,0,9,0,0,0,0,0,0,0,0,0,0,0,0,0,0,0,0,0,0,0,0,5889,2303,2138,99,8.0,239.8,255.8,221.9,206.4,212.5,204.3,239.8,242.3,237.0,236.2,236.6,236.1,4.17,4.58,3.86,3.50,4.72,4.89,0.69,0.12,4.06,0.11,0.10,0,0,0.0,0.0,13578,1183,2.4,1.8,0,
8.7.2026,15:28:17.594,18686,27307,40.6,13636,19046,41.7,0.5,13312,70,1.327,1.331,1.325,1.331,1.331,1.325,1.325,1.325,1.325,4089.5,4067.7,4092.6,4092.6,4092.6,4092.6,4092.6,4092.6,4092.6,99.8,1409.0,3502.7,1658.5,1247.0,3308.3,1379.7,1865.3,1415.8,1343.0,782.5,711.9,1306.6,924.7,990.1,815.0,680.0,612.5,1409.0,31.6,56.6,38.8,29.5,80.6,32.5,44.3,33.6,31.6,18.2,16.6,30.9,21.5,22.7,18.9,15.8,14.1,80.6,31.6,35.9,64.3,44.0,33.5,91.5,36.9,50.2,38.1,35.9,20.6,18.8,35.1,24.4,25.7,21.4,17.9,16.0,35.9,41.0,40.8,41.0,41.0,41.0,41.0,41.0,41.0,41.0,0.0,78.8,85.6,96.3,83.9,81.2,69.5,75.5,71.9,66.5,21.2,14.4,3.7,16.1,18.8,30.5,24.5,28.1,33.5,0.0,0.0,0.0,0.0,0.0,0.0,0.0,0.0,0.0,1197.8,12.00,16,16,16,39,55,661,1,72.0,71.3,72.0,67.3,69.4,70.8,69.1,67.6,65.5,66.2,65.3,64.8,62.5,62.9,62.2,54.0,51.6,1.319,1.031,1.344,13.585,11.045,13.577,70.921,38.643,4.198,5.425,6.278,4.720,4.128,3.113,3.713,3.329,2.873,18.287,11.380,29.667,38.765,1197.8,1197.8,4094.6,4094.7,4094.5,4094.7,44.1,22.6,78.8,75.1,54.3,No,No,No,1.426,0.272,6.3,50,95.0,100.0,No,No,91294,99096,35,99.0,No,No,3320,0.0,0.0,0.0,0.000,0.018,79834,50644,0.0,0.0,0.0,0.000,0.000,52,0,45.8,60.1,83.0,0.688,12.137,12.183,12.155,12.073,1132,36.037,13.532,16.258,4.021,32.198,23.156,9.032,0.336,16.258,20.300,2.763,11.000,220.000,240.000,900.0,1250.2,975.0,885.0,1050.0,39.0,8.0,0.0,2.0,28.1,3.7,14.7,0.0,0.0,0.0,33,Yes,No,No,No,No,Yes,No,16.6,20.9,0,0,0,0,0,0,0,0,0,9,0,0,0,0,0,0,0,0,0,0,0,0,0,0,0,0,0,0,0,0,5889,2303,2138,99,8.0,239.7,257.9,222.3,208.8,215.3,206.0,238.7,242.4,237.5,135.6,179.1,120.1,4.17,4.52,3.86,3.75,4.68,4.91,0.69,0.15,4.06,0.11,0.11,0,0,0.0,0.0,13578,1183,3.4,4.9,0,
8.7.2026,15:28:19.596,18686,27308,40.6,13639,19042,41.7,0.5,13312,70,1.330,1.331,1.325,1.331,1.331,1.331,1.331,1.331,1.331,4092.6,4092.6,4092.6,4092.6,4092.6,4092.6,4092.6,4092.6,4092.6,99.8,1465.6,3590.7,1679.4,1677.4,2938.5,1575.4,1796.9,1402.1,1423.8,929.4,740.2,1336.1,1024.8,1060.7,857.7,749.0,668.3,1465.6,33.1,60.2,39.4,40.0,71.5,37.2,42.6,33.2,33.5,21.9,17.2,31.6,23.9,24.4,19.9,17.5,15.4,71.5,33.1,37.6,68.3,44.7,45.5,81.1,42.3,48.4,37.7,38.1,24.9,19.6,35.9,27.1,27.8,22.6,19.9,17.5,37.6,41.0,41.0,41.0,41.0,41.0,41.0,41.0,41.0,41.0,0.0,80.7,87.8,96.5,86.1,82.5,72.1,77.4,74.1,69.0,19.3,12.2,3.5,13.9,17.5,27.9,22.6,25.9,31.0,0.0,0.0,0.0,0.0,0.0,0.0,0.0,0.0,0.0,1197.8,12.00,16,16,16,39,55,661,1,72.0,71.6,70.8,67.7,70.0,70.8,69.5,68.0,65.9,66.5,65.7,65.2,62.8,63.1,62.4,53.0,51.1,1.344,1.038,1.350,13.928,11.078,13.928,72.619,39.240,4.289,5.639,6.200,4.876,4.201,3.220,3.774,3.423,2.978,18.747,11.414,30.162,39.283,1197.8,1197.8,4092.1,4092.5,4091.7,4092.5,44.6,23.2,80.7,75.3,54.5,No,No,No,1.511,0.280,6.5,49,95.0,100.0,No,No,91294,99096,35,99.0,No,No,3320,0.0,0.0,0.0,0.032,0.147,79834,50644,0.0,0.0,0.0,0.000,0.000,52,0,45.7,60.2,83.0,0.688,12.138,12.185,12.156,12.074,1129,36.256,13.284,16.157,4.021,32.055,23.062,8.976,0.336,16.157,20.262,1.922,9.887,220.000,240.000,930.0,1250.2,975.0,905.2,1050.0,39.0,8.0,0.0,2.0,28.1,3.7,14.7,0.0,0.0,0.0,33,Yes,No,No,No,No,Yes,No,16.6,20.7,0,0,0,0,0,0,0,0,0,9,0,0,0,0,0,0,0,0,0,0,0,0,0,0,0,0,0,0,0,0,5889,2303,2138,99,8.0,239.7,258.3,217.0,214.6,215.4,214.3,237.7,243.6,234.6,119.5,142.9,119.4,4.17,4.67,3.84,3.73,4.69,4.71,0.70,0.07,4.06,0.11,0.12,0,0,0.0,0.0,13578,1183,2.5,1.9,0,
8.7.2026,15:28:21.595,18686,27307,40.6,13639,19043,41.7,0.5,13312,70,1.325,1.325,1.325,1.325,1.325,1.325,1.325,1.325,1.325,4089.5,4067.7,4092.6,4092.6,4092.6,4092.6,4092.6,4092.6,4092.6,99.8,1365.5,3526.1,1590.2,3289.6,1152.4,1939.4,1253.6,1416.1,1221.4,708.8,639.8,1219.1,960.5,957.3,811.5,600.5,562.3,1365.5,30.6,58.4,37.2,79.8,27.2,46.2,29.2,33.5,28.7,16.5,14.8,28.7,22.4,21.9,18.8,13.9,13.0,79.8,30.6,34.8,66.3,42.2,90.6,30.9,52.4,33.2,38.1,32.5,18.7,16.8,32.6,25.4,24.9,21.3,15.7,14.7,34.8,41.0,40.8,41.0,41.0,41.0,41.0,41.0,41.0,41.0,0.0,79.0,86.1,95.5,84.8,81.1,69.5,76.1,72.3,66.4,21.0,13.9,4.5,15.2,18.9,30.5,23.9,27.7,33.6,0.0,0.0,0.0,0.0,0.0,0.0,0.0,0.0,0.0,1197.8,12.00,16,16,16,39,55,661,1,72.0,71.2,73.8,67.2,69.5,70.6,69.0,67.6,65.3,66.1,65.3,64.7,62.5,62.9,62.2,54.5,51.7,1.331,1.038,1.344,13.497,11.041,13.493,71.082,38.546,4.161,5.446,6.165,4.727,4.109,3.015,3.674,3.339,2.811,18.182,11.374,29.556,38.661,1197.8,1197.8,4096.2,4096.7,4095.7,4096.7,43.9,22.5,79.0,75.0,54.5,No,No,No,1.422,0.300,6.3,50,95.0,100.0,No,No,91294,99096,35,99.0,No,No,3320,0.0,0.0,0.0,0.000,0.012,79834,50644,0.0,0.0,0.0,0.000,0.000,52,0,45.7,60.1,83.0,0.688,12.138,12.185,12.156,12.074,1131,36.777,13.453,16.640,4.106,32.287,23.025,9.244,0.336,16.640,20.093,2.047,10.109,220.000,240.000,1020.0,1250.2,975.0,968.2,1050.0,39.0,8.0,0.0,2.0,28.1,3.9,15.5,0.0,0.0,0.0,33,Yes,No,No,No,No,Yes,No,16.7,21.3,0,0,0,0,0,0,0,0,0,9,0,0,0,0,0,0,0,0,0,0,0,0,0,0,0,0,0,0,0,0,5889,2303,2138,99,8.0,240.1,258.9,227.1,226.7,226.7,226.7,1.0,1.0,1.0,1.0,1.0,1.0,4.17,4.39,3.87,3.80,4.40,4.40,0.67,0.14,4.05,0.11,41.48,0,0,0.0,0.0,13578,1183,2.3,1.9,0,
8.7.2026,15:28:23.595,18687,27307,40.6,13639,19043,41.7,0.5,13312,70,1.332,1.337,1.331,1.331,1.331,1.331,1.331,1.331,1.331,4092.6,4092.6,4092.6,4092.6,4092.6,4092.6,4092.6,4092.6,4092.6,99.8,1372.2,3539.6,1494.0,3319.9,1168.9,1974.1,1314.5,1293.6,1380.9,706.3,695.1,984.4,1190.5,849.1,933.0,525.3,585.5,1372.2,30.8,58.8,34.8,80.8,27.5,47.1,30.9,30.4,32.6,16.4,16.2,23.0,28.1,19.1,21.9,12.0,13.5,80.8,30.8,34.9,66.7,39.5,91.6,31.2,53.4,35.0,34.5,37.0,18.6,18.4,26.0,31.8,21.6,24.9,13.6,15.3,34.9,41.0,41.0,41.0,41.0,41.0,41.0,41.0,41.0,41.0,0.0,79.6,86.5,96.2,85.4,81.5,70.6,76.4,73.3,66.8,20.4,13.5,3.8,14.6,18.5,29.4,23.6,26.7,33.2,0.0,0.0,0.0,0.0,0.0,0.0,0.0,0.0,0.0,1197.8,12.00,16,16,16,39,55,661,1,71.9,71.2,70.5,67.3,69.4,70.6,69.1,67.6,65.4,66.1,65.4,64.7,62.6,62.9,62.2,54.5,51.4,1.337,1.025,1.344,13.574,11.043,13.586,71.618,38.680,4.173,5.392,6.157,4.830,4.116,3.057,3.685,3.365,2.782,18.252,11.377,29.628,38.753,1197.8,1197.8,4092.5,4092.7,4092.2,4092.7,44.0,22.6,79.6,75.0,54.5,No,No,No,1.370,0.294,6.4,50,95.0,100.0,No,No,91294,99096,35,99.0,No,No,3320,0.0,0.0,0.0,0.000,0.004,79834,50644,0.0,0.0,0.0,0.000,0.000,52,0,45.9,60.5,83.0,0.719,12.137,12.184,12.155,12.073,1129,37.581,13.847,17.628,4.337,32.540,22.733,9.793,0.336,17.628,19.594,2.169,11.712,220.000,240.000,1200.0,1250.2,1050.0,1114.0,1140.0,42.0,10.0,0.0,2.0,28.1,3.9,15.7,0.0,0.0,0.0,33,Yes,No,No,No,No,Yes,No,16.9,23.2,0,0,0,0,0,0,0,0,0,9,0,0,0,0,0,0,0,0,0,0,0,0,0,0,0,0,0,0,0,0,5889,2303,2138,99,8.0,239.8,262.0,221.1,210.3,209.1,209.1,0.0,0.0,0.0,0.0,0.0,0.0,4.17,4.54,3.79,3.58,4.76,4.76,0.55,0.22,4.06,0.11,0.00,0,0,0.0,0.0,13578,1183,2.3,2.0,0,
8.7.2026,15:28:25.594,18686,27308,40.6,13634,19047,41.7,0.5,13312,70,1.326,1.325,1.325,1.325,1.325,1.325,1.325,1.325,1.331,4067.7,4067.7,4067.7,4067.7,4067.7,4067.7,4067.7,4067.7,4067.7,99.8,1356.8,3521.7,1775.3,2051.9,2373.3,1463.2,1664.1,1091.1,1514.3,589.5,702.9,942.6,1186.7,757.6,935.2,561.6,578.3,1356.8,30.1,52.8,41.9,49.5,57.3,34.6,39.5,25.6,35.9,13.5,16.4,21.9,28.1,17.0,21.9,13.0,13.3,57.3,30.1,34.2,59.9,47.6,56.2,65.1,39.3,44.8,29.0,40.8,15.3,18.6,24.9,31.8,19.3,24.8,14.7,15.1,34.2,40.8,40.8,40.8,40.8,40.8,40.8,40.8,40.8,40.8,0.0,78.4,86.0,95.8,83.8,80.2,68.9,75.2,71.7,65.7,21.6,14.0,4.2,16.2,19.8,31.1,24.8,28.3,34.3,0.0,0.0,0.0,0.0,0.0,0.0,0.0,0.0,0.0,1197.8,12.00,16,16,16,39,55,661,1,71.8,71.3,69.8,67.1,69.3,70.7,68.9,67.4,65.1,65.9,65.1,64.6,62.4,62.8,62.1,53.2,51.0,1.350,1.038,1.350,13.306,11.023,13.295,70.570,38.275,4.109,5.362,6.185,4.636,4.012,2.959,3.644,3.291,2.779,17.916,11.356,29.272,38.364,1197.8,1197.8,4095.1,4096.0,4094.2,4096.0,43.6,22.2,78.4,75.0,54.3,No,No,No,1.441,0.312,6.3,49,95.0,100.0,No,No,91294,99096,35,99.0,No,No,3320,0.0,0.6,0.6,0.000,9.216,79834,50662,0.0,0.0,0.0,0.000,0.000,52,0,45.9,60.3,83.0,0.694,12.137,12.183,12.154,12.073,1131,38.562,14.012,17.784,4.471,32.987,23.095,9.880,0.336,17.784,20.016,2.261,11.502,220.000,240.000,1125.0,1250.2,990.0,1197.0,1080.0,38.0,9.0,0.0,2.0,28.1,3.4,13.6,0.0,0.0,0.0,33,Yes,No,No,No,No,Yes,No,17.2,21.6,0,0,0,0,0,0,0,0,0,9,0,0,0,0,0,0,0,0,0,0,0,0,0,0,0,0,0,0,0,0,5889,2303,2138,99,8.0,239.8,255.3,226.9,218.4,222.0,217.2,239.8,242.4,237.2,236.5,236.8,236.3,4.17,4.45,3.88,3.76,4.52,4.66,0.63,0.09,4.06,0.11,0.09,0,0,0.0,0.0,13578,1183,3.2,2.0,0,
8.7.2026,15:28:27.594,18686,27307,40.6,13639,19043,41.7,0.5,13312,70,1.318,1.344,1.325,1.312,1.312,1.312,1.312,1.312,1.312,4067.7,4092.6,4042.7,4067.7,4067.7,4067.7,4067.7,4067.7,4067.7,99.8,1421.1,3546.5,2103.8,1220.7,3248.5,1327.6,1927.7,1108.2,1623.5,602.3,785.0,999.4,1268.9,767.1,1026.9,548.2,633.1,1421.1,31.5,49.3,50.0,28.9,79.1,31.1,45.9,25.9,38.6,13.9,18.4,23.3,30.0,17.1,24.3,12.5,14.7,79.1,31.5,35.6,55.9,56.7,32.7,89.7,35.3,52.1,29.4,43.7,15.7,20.9,26.5,34.0,19.4,27.5,14.1,16.7,35.6,40.8,41.0,40.5,40.8,40.8,40.8,40.8,40.8,40.8,0.0,79.7,86.7,96.6,84.7,81.8,70.3,76.8,73.4,67.6,20.3,13.3,3.4,15.3,18.2,29.7,23.2,26.6,32.4,0.0,0.0,0.0,0.0,0.0,0.0,0.0,0.0,0.0,1197.8,12.00,16,16,16,39,55,661,1,71.8,71.7,74.8,67.5,69.7,70.9,69.2,68.0,65.4,66.4,65.4,65.0,62.6,62.9,62.2,53.0,51.1,1.356,1.019,1.369,13.704,11.030,13.709,71.750,38.838,4.244,5.542,6.299,4.761,4.214,3.074,3.797,3.373,2.896,18.444,11.367,29.811,38.936,1197.8,1197.8,4093.7,4094.3,4093.0,4094.3,44.2,22.8,79.7,75.4,54.1,No,No,No,1.427,0.302,6.4,50,95.0,100.0,No,No,91294,99096,35,99.0,No,No,3320,0.0,0.0,0.0,0.000,0.051,79834,50662,0.0,0.0,0.0,0.000,0.000,52,0,45.8,60.1,83.0,0.694,12.137,12.183,12.154,12.073,1132,37.540,13.772,17.487,4.423,32.732,22.999,9.715,0.336,17.487,20.009,2.065,10.472,220.000,240.000,1125.0,1250.2,990.0,1117.0,1080.0,37.0,8.0,0.0,2.0,28.1,3.5,13.8,0.0,0.0,0.0,33,Yes,No,No,No,No,Yes,No,17.0,21.2,0,0,0,0,0,0,0,0,0,9,0,0,0,0,0,0,0,0,0,0,0,0,0,0,0,0,0,0,0,0,5889,2303,2138,99,8.0,239.8,257.2,226.9,219.4,222.2,219.0,0.0,0.0,0.0,0.0,0.0,0.0,4.17,4.47,3.82,3.74,4.53,4.60,0.57,0.06,4.06,0.12,0.00,0,0,0.0,0.0,13578,1183,7.5,4.5,0,
8.7.2026,15:28:29.603,18688,27306,40.6,13639,19043,41.7,0.5,13312,70,1.330,1.325,1.331,1.331,1.331,1.331,1.331,1.331,1.331,4089.5,4067.7,4092.6,4092.6,4092.6,4092.6,4092.6,4092.6,4092.6,99.8,1464.7,3504.5,1975.0,1452.5,3077.8,1420.1,1897.7,1195.4,1584.3,751.9,875.4,1041.5,1310.6,873.3,1052.3,687.2,736.0,1464.7,32.7,50.3,46.9,34.7,75.1,33.5,45.3,28.2,37.8,17.6,20.7,24.4,31.3,19.8,24.8,16.1,17.2,75.1,32.7,37.0,57.0,53.1,39.3,85.1,37.9,51.3,31.9,42.7,19.9,23.3,27.6,35.4,22.4,28.0,18.2,19.4,37.0,41.0,40.8,41.0,41.0,41.0,41.0,41.0,41.0,41.0,0.0,80.0,85.8,96.7,84.5,81.6,71.7,76.9,73.6,69.0,20.0,14.2,3.3,15.5,18.4,28.3,23.1,26.4,31.0,0.0,0.0,0.0,0.0,0.0,0.0,0.0,0.0,0.0,1197.8,12.00,16,16,16,39,55,661,1,80.2,72.5,73.8,68.1,69.8,71.4,69.8,68.2,66.5,67.3,66.2,66.0,62.8,63.1,62.5,56.0,51.6,1.344,1.038,1.350,14.223,11.040,14.219,71.979,39.539,4.347,5.392,6.347,4.868,4.264,3.318,3.909,3.526,3.152,19.107,11.379,30.486,39.594,1197.8,1197.8,4085.9,4086.5,4085.3,4086.5,45.0,23.7,80.0,76.3,54.8,No,No,No,1.438,0.293,6.4,49,95.0,100.0,No,No,91294,99096,35,99.0,No,No,3320,0.0,0.0,0.0,0.000,0.071,79834,50662,0.0,0.0,0.0,0.000,0.000,52,0,45.8,60.2,83.0,0.688,12.135,12.182,12.154,12.071,1131,36.815,13.323,16.056,3.874,31.769,22.827,8.919,0.336,16.056,19.923,2.013,11.461,220.000,240.000,1065.0,1250.2,975.0,1102.1,1050.0,39.0,8.0,0.0,2.0,28.1,3.3,13.3,0.0,0.0,0.0,33,Yes,No,No,No,No,Yes,No,16.4,19.6,0,0,0,0,0,0,0,0,0,9,0,0,0,0,0,0,0,0,0,0,0,0,0,0,0,0,0,0,0,0,5889,2303,2138,99,8.0,239.7,258.7,221.7,211.0,216.5,208.4,239.8,242.9,236.7,230.7,233.8,229.1,4.17,4.57,3.83,3.67,4.70,4.81,0.64,0.10,4.06,0.11,0.11,0,0,0.0,0.0,13578,1183,7.0,2.2,0,
8.7.2026,15:28:31.595,18695,27299,40.6,13646,19036,41.7,0.5,13312,70,1.335,1.337,1.337,1.337,1.337,1.337,1.331,1.331,1.331,4092.6,4092.6,4092.6,4092.6,4092.6,4092.6,4092.6,4092.6,4092.6,99.8,1421.1,3560.0,2202.8,3415.0,1144.3,1713.4,1455.9,1292.5,1384.8,727.1,706.9,961.5,1157.6,894.9,924.4,637.4,559.0,1421.1,31.4,49.2,52.4,83.0,27.0,40.6,34.2,30.4,32.6,16.9,16.4,22.3,27.3,20.2,21.7,14.8,12.8,83.0,31.4,35.6,55.8,59.4,94.3,30.7,46.1,38.8,34.5,37.0,19.1,18.6,25.3,31.0,23.0,24.6,16.8,14.5,35.6,41.0,41.0,41.0,41.0,41.0,41.0,41.0,41.0,41.0,0.0,79.4,87.0,96.8,83.6,81.4,70.3,75.7,73.2,67.4,20.6,13.0,3.2,16.4,18.6,29.7,24.3,26.8,32.6,0.0,0.0,0.0,0.0,0.0,0.0,0.0,0.0,0.0,1197.8,12.00,16,16,16,39,55,661,1,77.1,71.6,69.8,67.5,70.1,70.8,69.2,67.7,65.7,66.2,65.6,64.9,62.7,63.1,62.3,55.2,51.6,1.350,1.038,1.344,13.745,11.025,13.752,71.476,38.954,4.239,5.733,6.343,4.679,4.103,3.106,3.673,3.417,2.857,18.512,11.355,29.866,38.994,1197.8,1197.8,4094.2,4094.4,4093.9,4094.4,44.3,22.9,79.4,75.3,54.4,No,No,No,1.426,0.287,6.4,49,95.0,100.0,No,No,91294,99096,35,99.0,No,No,3320,0.0,0.1,0.1,0.014,0.122,79834,50662,0.0,0.0,0.0,0.000,0.000,52,0,45.7,59.9,83.0,0.688,12.138,12.185,12.156,12.073,1128,35.986,13.309,16.474,4.045,31.896,22.733,9.152,0.336,16.474,19.813,1.972,10.195,220.000,240.000,1080.0,1250.2,975.0,1072.6,1050.0,38.0,7.0,0.0,2.0,28.1,3.2,12.8,0.0,0.0,0.0,33,Yes,No,No,No,No,Yes,No,16.5,19.0,0,0,0,0,0,0,0,0,0,9,0,0,0,0,0,0,0,0,0,0,0,0,0,0,0,0,0,0,0,0,5889,2303,2138,99,8.0,239.8,254.2,224.7,220.9,222.4,220.2,239.8,242.2,237.4,237.1,237.2,237.1,4.17,4.44,3.92,3.68,4.51,4.59,0.61,0.12,4.06,0.11,0.09,0,0,0.0,0.0,13578,1183,3.1,2.4,0,
8.7.2026,15:28:33.597,18693,27300,40.6,13640,19041,41.7,0.5,13312,70,1.319,1.331,1.319,1.319,1.319,1.319,1.319,1.312,1.312,4070.8,4092.6,4067.7,4067.7,4067.7,4067.7,4067.7,4067.7,4067.7,99.8,1383.3,3458.2,2009.4,3372.1,1181.1,1693.8,1391.6,1209.7,1387.3,670.9,677.5,933.3,1198.2,894.6,867.9,613.0,574.2,1383.3,30.6,47.7,47.9,82.1,27.9,40.3,32.8,28.5,32.8,15.5,15.9,21.7,28.4,20.1,20.3,14.2,13.3,82.1,30.6,34.7,54.1,54.3,93.2,31.7,45.7,37.3,32.3,37.2,17.5,18.0,24.7,32.2,22.8,23.0,16.0,15.0,34.7,40.8,41.0,40.8,40.8,40.8,40.8,40.8,40.8,40.8,0.0,77.6,84.5,97.0,82.3,79.3,67.8,73.7,70.8,65.5,22.4,15.5,3.0,17.7,20.7,32.2,26.3,29.2,34.5,0.0,0.0,0.0,0.0,0.0,0.0,0.0,0.0,0.0,1197.8,12.00,16,16,16,39,55,661,1,74.1,71.3,73.8,67.3,69.5,70.9,68.8,67.6,65.3,66.1,65.3,64.8,62.6,62.9,62.2,53.8,51.3,1.344,1.025,1.350,13.556,11.068,13.552,69.846,38.631,4.145,5.400,6.336,4.602,4.026,2.985,3.654,3.335,2.823,18.254,11.401,29.655,38.763,1197.8,1197.8,4094.7,4095.3,4094.0,4095.3,44.0,22.6,77.6,75.1,54.9,No,No,No,1.454,0.327,6.2,50,95.0,100.0,No,No,91294,99096,35,99.0,No,No,3320,0.0,0.0,0.0,0.000,0.012,79834,50663,0.0,0.0,0.0,0.000,0.000,52,0,45.7,60.0,83.0,0.688,12.136,12.183,12.154,12.072,1129,36.554,13.513,16.541,4.154,31.988,22.779,9.189,0.336,16.541,19.942,1.958,11.705,220.000,240.000,1095.0,1250.2,975.0,1076.8,1050.0,38.0,7.0,0.0,2.0,28.1,3.5,14.0,0.0,0.0,0.0,33,Yes,No,No,No,No,Yes,No,16.6,21.3,0,0,0,0,0,0,0,0,0,9,0,0,0,0,0,0,0,0,0,0,0,0,0,0,0,0,0,0,0,0,5889,2303,2138,99,8.0,239.7,260.5,222.1,204.8,213.7,200.4,238.7,242.9,237.3,135.1,178.6,119.8,4.17,4.51,3.82,3.39,4.69,5.04,0.71,0.09,4.06,0.11,0.11,0,0,0.0,0.0,13578,1183,2.8,1.7,0,
8.7.2026,15:28:35.594,18695,27298,40.6,13636,19045,41.7,0.5,13312,70,1.337,1.325,1.337,1.331,1.331,1.337,1.344,1.344,1.344,4092.6,4092.6,4092.6,4092.6,4092.6,4092.6,4092.6,4092.6,4092.6,99.8,1402.5,3499.7,2044.3,1950.9,2574.4,1425.3,1716.2,1299.7,1378.1,716.6,682.5,1038.6,1107.3,961.6,856.0,626.0,562.2,1402.5,31.1,49.4,48.5,47.2,62.3,33.6,40.7,30.7,32.6,16.7,15.9,24.4,26.2,22.1,20.0,14.5,13.0,62.3,31.1,35.3,56.1,55.1,53.6,70.7,38.1,46.2,34.8,37.0,18.9,18.0,27.6,29.7,25.1,22.7,16.4,14.7,35.3,41.0,41.0,41.0,41.0,41.0,41.0,41.0,41.0,41.0,0.0,77.9,85.5,96.8,82.9,79.7,68.1,74.1,71.3,65.3,22.1,14.5,3.2,17.1,20.3,31.9,25.9,28.7,34.7,0.0,0.0,0.0,0.0,0.0,0.0,0.0,0.0,0.0,1197.8,12.00,16,16,16,39,55,661,1,72.9,71.3,72.8,67.4,69.6,70.8,68.9,67.7,65.4,66.2,65.4,64.7,62.6,62.9,62.2,55.2,51.3,1.362,1.031,1.356,13.525,11.036,13.524,70.153,38.630,4.175,5.507,6.295,4.626,4.130,3.033,3.650,3.343,2.814,18.206,11.368,29.574,38.690,1197.8,1197.8,4094.6,4095.2,4093.9,4095.2,44.0,22.5,77.9,75.0,54.3,No,No,No,1.484,0.325,6.2,50,95.0,100.0,No,No,91294,99096,35,99.0,No,No,3320,0.0,0.0,0.0,0.000,0.049,79834,50663,0.0,0.0,0.0,0.000,0.000,52,0,45.7,60.1,83.0,0.688,12.138,12.184,12.155,12.073,1128,36.295,13.352,15.976,3.984,31.786,22.903,8.875,0.336,15.976,20.134,1.989,11.566,220.000,240.000,1080.0,1250.2,975.0,1093.6,1050.0,39.0,7.0,0.0,2.0,28.1,3.4,13.4,0.0,0.0,0.0,33,Yes,No,No,No,No,Yes,No,16.4,21.2,0,0,0,0,0,0,0,0,0,9,0,0,0,0,0,0,0,0,0,0,0,0,0,0,0,0,0,0,0,0,5889,2303,2138,99,8.0,239.7,259.5,220.4,217.9,218.5,217.6,239.8,242.4,237.1,236.1,236.6,235.8,4.17,4.59,3.80,3.55,4.63,4.64,0.66,0.15,4.06,0.11,0.11,0,0,0.0,0.0,13578,1183,2.7,2.0,0,
8.7.2026,15:28:37.596,18695,27298,40.6,13644,19038,41.7,0.5,13312,70,1.337,1.363,1.331,1.331,1.331,1.331,1.331,1.337,1.337,4095.7,4117.6,4092.6,4092.6,4092.6,4092.6,4092.6,4092.6,4092.6,99.8,1373.3,3463.6,2093.9,1124.8,3354.8,1289.8,1791.8,1345.2,1137.3,775.2,633.5,1197.1,882.5,985.5,727.9,623.2,547.0,1373.3,30.3,47.5,49.7,26.5,81.7,30.3,42.5,31.8,26.6,18.0,14.7,28.2,20.5,22.5,16.8,14.4,12.6,81.7,30.3,34.4,53.9,56.4,30.1,92.8,34.4,48.3,36.2,30.3,20.5,16.7,32.0,23.4,25.6,19.1,16.3,14.3,34.4,41.0,41.2,41.0,41.0,41.0,41.0,41.0,41.0,41.0,0.0,77.0,84.6,96.5,81.8,78.4,67.5,73.2,69.8,64.5,23.0,15.4,3.5,18.2,21.6,32.5,26.8,30.2,35.5,0.0,0.0,0.0,0.0,0.0,0.0,0.0,0.0,0.0,1197.8,12.00,16,16,16,39,55,661,1,72.5,71.3,71.5,67.2,69.5,70.8,68.8,67.3,65.3,66.0,65.2,64.7,62.5,62.9,62.2,55.2,51.2,1.350,1.038,1.356,13.198,11.041,13.197,69.332,38.161,4.111,5.402,6.284,4.584,3.920,3.037,3.605,3.265,2.787,17.774,11.372,29.147,38.256,1197.8,1197.8,4095.1,4096.0,4094.2,4096.0,43.5,22.0,77.0,75.0,53.9,No,No,No,1.427,0.314,6.2,49,95.0,100.0,No,No,91294,99096,35,99.0,No,No,3320,0.0,0.0,0.0,0.008,0.030,79834,50663,0.0,0.0,0.0,0.000,0.000,52,0,45.6,59.9,83.0,0.688,12.136,12.182,12.154,12.072,1129,36.348,14.079,16.093,4.020,31.857,22.901,8.941,0.336,16.093,20.130,8.684,11.735,220.000,240.000,1035.0,1250.2,975.0,1063.1,1050.0,37.0,7.0,0.0,2.0,28.1,3.3,13.3,0.0,0.0,0.0,33,Yes,No,No,No,No,Yes,No,16.5,19.4,0,0,0,0,0,0,0,0,0,9,0,0,0,0,0,0,0,0,0,0,0,0,0,0,0,0,0,0,0,0,5889,2303,2138,99,8.0,239.8,261.4,222.7,216.0,219.0,215.2,0.0,0.0,0.0,0.0,0.0,0.0,4.17,4.55,3.84,3.76,4.60,4.65,0.57,0.10,4.06,0.11,0.00,0,0,0.0,0.0,13578,1183,3.5,5.0,0,
8.7.2026,15:28:39.595,18694,27299,40.6,13643,19038,41.7,0.5,13312,70,1.321,1.337,1.319,1.319,1.319,1.319,1.319,1.319,1.319,4070.8,4092.6,4067.7,4067.7,4067.7,4067.7,4067.7,4067.7,4067.7,99.8,1480.3,3561.3,2203.4,1487.4,3108.2,1375.9,1993.8,1405.5,1381.2,808.5,778.3,1308.5,999.6,1046.3,813.0,723.5,689.9,1480.3,32.9,50.4,52.4,35.2,75.9,32.3,47.5,33.3,32.5,18.9,18.1,31.1,23.4,24.1,18.8,16.9,16.1,75.9,32.9,37.4,57.1,59.5,40.0,86.1,36.7,54.0,37.8,36.9,21.5,20.6,35.3,26.5,27.4,21.4,19.1,18.2,37.4,40.8,41.0,40.8,40.8,40.8,40.8,40.8,40.8,40.8,0.0,80.0,87.1,96.7,84.5,81.7,71.4,76.6,73.4,68.6,20.0,12.9,3.3,15.5,18.3,28.6,23.4,26.6,31.4,0.0,0.0,0.0,0.0,0.0,0.0,0.0,0.0,0.0,1197.8,12.00,16,16,16,39,55,661,1,72.4,71.5,71.0,67.6,70.1,70.8,69.3,68.0,65.8,66.5,65.6,65.0,62.7,63.0,62.3,53.8,51.6,1.344,1.038,1.344,13.946,11.075,13.947,71.995,39.235,4.276,5.624,6.245,4.816,4.224,3.200,3.755,3.405,2.938,18.755,11.410,30.165,39.289,1197.8,1197.8,4091.5,4091.5,4091.5,4091.5,44.6,23.2,80.0,75.3,54.6,No,No,No,1.481,0.310,6.4,50,95.0,100.0,No,No,91294,99096,35,99.0,No,No,3320,0.0,0.0,0.0,0.000,0.008,79834,50663,0.0,0.0,0.0,0.000,0.000,52,0,45.6,60.1,83.0,0.688,12.138,12.186,12.156,12.074,1132,36.238,13.218,16.460,4.119,32.042,22.880,9.144,0.336,16.460,20.043,2.017,8.675,220.000,240.000,1035.0,1250.2,975.0,1049.0,1050.0,39.0,8.0,0.0,2.0,28.1,3.5,13.8,0.0,0.0,0.0,33,Yes,No,No,No,No,Yes,No,16.6,20.2,0,0,0,0,0,0,0,0,0,9,0,0,0,0,0,0,0,0,0,0,0,0,0,0,0,0,0,0,0,0,5888,2304,2139,99,8.0,239.8,261.6,218.8,212.6,214.8,212.0,239.8,242.4,237.5,236.7,237.0,236.6,4.17,4.58,3.78,3.60,4.75,4.96,0.65,0.10,4.06,0.11,0.12,0,0,0.0,0.0,13578,1183,2.5,1.6,0,
8.7.2026,15:28:41.595,18696,27298,40.6,13645,19037,41.7,0.5,13312,70,1.341,1.325,1.363,1.337,1.337,1.337,1.344,1.344,1.344,4092.6,4067.7,4117.6,4092.6,4092.6,4092.6,4092.6,4092.6,4092.6,99.8,1386.1,3483.8,2106.9,3232.4,1261.9,1640.0,1520.9,1430.3,1126.5,766.4,629.9,1210.0,894.4,982.2,726.2,614.5,551.7,1386.1,30.5,46.5,50.2,78.6,29.6,38.9,35.9,33.8,26.3,17.9,14.7,28.5,20.8,22.5,16.8,14.2,12.4,78.6,30.5,34.6,52.8,57.0,89.3,33.7,44.2,40.8,38.4,29.9,20.4,16.7,32.4,23.7,25.6,19.1,16.2,14.2,34.6,41.0,40.8,41.2,41.0,41.0,41.0,41.0,41.0,41.0,0.0,77.5,85.1,96.1,83.2,79.3,67.6,73.6,70.4,64.5,22.5,14.9,3.9,16.8,20.7,32.4,26.4,29.6,35.5,0.0,0.0,0.0,0.0,0.0,0.0,0.0,0.0,0.0,1197.8,12.00,16,16,16,39,55,661,1,72.2,71.2,72.8,67.2,69.5,70.6,69.0,67.5,65.3,65.9,65.2,64.5,62.4,62.8,62.1,55.2,51.9,1.369,1.038,1.356,13.471,11.053,13.472,69.710,38.515,4.122,5.451,6.202,4.649,4.016,3.022,3.591,3.282,2.765,18.140,11.387,29.527,38.640,1197.8,1197.8,4096.4,4096.7,4096.0,4096.7,43.9,22.5,77.5,75.0,54.8,No,No,No,1.452,0.334,6.2,49,95.0,100.0,No,No,91294,99096,35,99.0,No,No,3320,0.0,0.0,0.0,0.000,0.071,79834,50663,0.0,0.0,0.0,0.000,0.000,52,0,45.6,59.9,83.0,0.688,12.139,12.187,12.157,12.074,1133,36.740,13.090,16.238,3.961,31.620,22.579,9.021,0.336,16.238,19.684,1.909,9.318,220.000,240.000,1110.0,1250.2,975.0,1046.0,1050.0,39.0,8.0,0.0,2.0,28.1,3.7,14.7,0.0,0.0,0.0,33,Yes,No,No,No,No,Yes,No,16.3,21.0,0,0,0,0,0,0,0,0,0,9,0,0,0,0,0,0,0,0,0,0,0,0,0,0,0,0,0,0,0,0,5888,2304,2139,99,8.0,239.7,259.7,218.1,215.4,215.9,215.2,239.8,242.4,237.4,236.7,236.9,236.6,4.17,4.58,3.83,3.64,4.62,4.64,0.70,0.11,4.06,0.11,0.12,0,0,0.0,0.0,13578,1183,2.8,2.3,0,
8.7.2026,15:28:43.596,18695,27298,40.6,13644,19038,41.7,0.5,13312,70,1.309,1.306,1.312,1.300,1.300,1.300,1.300,1.325,1.325,4039.6,4042.7,4017.8,4042.7,4042.7,4042.7,4042.7,4042.7,4042.7,99.8,1426.6,3514.2,1727.2,3291.8,1241.8,1760.9,1485.0,1514.9,1218.9,822.0,626.5,1330.6,931.4,1095.9,766.5,770.2,727.6,1426.6,32.0,54.4,40.8,80.1,29.6,41.9,35.1,36.1,28.6,19.2,14.4,31.5,21.7,25.3,17.7,18.0,17.0,80.1,32.0,36.3,61.6,46.3,90.8,33.6,47.5,39.8,40.9,32.4,21.8,16.4,35.8,24.6,28.7,20.2,20.4,19.3,36.3,40.5,40.5,40.2,40.5,40.5,40.5,40.5,40.5,40.5,0.0,79.3,86.0,96.6,84.0,81.1,69.7,76.1,72.9,67.7,20.7,14.0,3.4,16.0,18.9,30.3,23.9,27.1,32.3,0.0,0.0,0.0,0.0,0.0,0.0,0.0,0.0,0.0,1197.8,12.00,16,16,16,39,55,661,1,72.4,72.1,77.8,67.7,69.6,70.8,69.1,67.8,65.6,66.8,65.8,66.1,62.5,62.8,62.2,55.2,50.9,1.337,1.031,1.337,13.962,11.060,13.956,71.332,39.146,4.294,5.444,6.246,4.733,4.184,3.108,3.879,3.489,3.265,18.766,11.395,30.160,39.269,1197.8,1197.8,4088.0,4088.2,4087.7,4088.2,44.6,23.3,79.3,75.8,54.5,No,No,No,1.460,0.323,6.3,50,95.0,100.0,No,No,91294,99096,35,99.0,No,No,3320,0.0,0.0,0.0,0.000,0.010,79834,50663,0.0,0.0,0.0,0.000,0.000,52,0,45.7,60.0,83.0,0.688,12.138,12.185,12.155,12.073,1129,36.710,13.570,16.535,4.167,32.139,22.939,9.186,0.336,16.535,20.115,1.929,11.822,220.000,240.000,1095.0,1250.2,975.0,1105.5,1050.0,38.0,7.0,0.0,2.0,28.1,3.5,14.0,0.0,0.0,0.0,33,Yes,No,No,No,No,Yes,No,16.7,19.0,0,0,0,0,0,0,0,0,0,9,0,0,0,0,0,0,0,0,0,0,0,0,0,0,0,0,0,0,0,0,5888,2304,2139,99,8.0,239.8,259.5,224.4,211.1,216.8,209.0,236.7,242.4,139.6,119.4,119.5,119.4,4.17,4.48,3.86,3.71,4.61,4.82,0.69,0.14,4.06,0.11,0.10,0,0,0.0,0.0,13578,1183,2.4,2.2,0,
8.7.2026,15:28:45.594,18695,27298,40.6,13655,19026,41.7,0.5,13312,70,1.334,1.331,1.331,1.331,1.331,1.331,1.337,1.337,1.337,4092.6,4092.6,4092.6,4092.6,4092.6,4092.6,4092.6,4092.6,4092.6,99.8,1402.2,3559.4,1591.6,2057.7,2416.1,1737.2,1597.0,1426.7,1253.4,800.1,707.6,1442.3,823.4,1067.4,750.6,611.1,593.9,1402.2,32.0,59.1,37.8,50.0,58.7,41.7,38.3,34.2,29.9,19.3,17.0,34.7,19.7,25.2,17.8,14.7,14.3,59.1,32.0,35.8,66.7,42.4,56.3,66.4,46.8,42.9,38.3,33.4,21.3,18.6,38.8,21.7,28.0,19.6,16.0,15.6,35.8,41.0,41.0,41.0,41.0,41.0,41.0,41.0,41.0,41.0,0.0,79.6,87.1,96.2,85.5,81.0,70.4,76.6,73.1,67.0,20.4,12.9,3.8,14.5,19.0,29.6,23.4,26.9,33.0,0.0,0.0,0.0,0.0,0.0,0.0,0.0,0.0,0.0,1197.8,12.00,16,16,16,39,55,661,1,72.2,71.9,74.0,67.8,70.0,70.8,69.7,67.8,66.0,66.8,65.9,65.2,62.7,63.0,62.3,55.8,51.2,1.337,1.025,1.344,14.065,11.041,14.067,71.644,39.399,4.271,5.503,6.198,4.912,4.116,3.213,3.857,3.467,2.905,18.927,11.378,30.306,39.420,1197.8,1197.8,4091.1,4091.7,4090.6,4091.7,44.8,23.4,79.6,75.7,55.2,No,No,No,1.451,0.280,6.4,50,95.0,100.0,No,No,91294,99096,35,99.0,No,No,3320,0.0,0.0,0.0,0.000,0.053,79834,50663,0.0,0.0,0.0,0.000,0.000,52,0,45.7,60.1,83.0,0.719,12.141,12.188,12.158,12.076,1131,37.644,13.809,17.504,4.156,32.098,22.352,9.724,0.336,17.504,19.090,2.107,13.221,220.000,240.000,1185.0,1250.2,1050.0,1095.6,1140.0,36.0,8.0,0.0,2.0,28.1,3.8,15.3,0.0,0.0,0.0,33,Yes,No,No,No,No,Yes,No,16.6,20.4,0,0,0,0,0,0,0,0,0,9,0,0,0,0,0,0,0,0,0,0,0,0,0,0,0,0,0,0,0,0,5888,2304,2139,99,8.0,239.7,260.9,219.2,198.5,207.7,194.4,236.7,242.0,139.2,119.9,119.9,119.9,4.17,4.55,3.85,3.27,4.77,5.14,0.72,0.06,4.06,0.11,0.10,0,0,0.0,0.0,13578,1183,2.3,1.9,0,
8.7.2026,15:28:47.600,18696,27297,40.6,13646,19036,41.7,0.5,13312,70,1.350,1.337,1.344,1.350,1.350,1.350,1.356,1.356,1.356,4114.5,4092.6,4117.6,4117.6,4117.6,4117.6,4117.6,4117.6,4117.6,99.8,1351.7,3505.2,1471.9,1194.8,3314.2,1416.8,1690.9,1420.8,1196.5,715.8,647.4,1398.6,735.4,984.4,710.5,599.0,624.5,1351.7,30.0,58.6,34.1,27.9,80.6,33.0,39.8,33.3,27.7,16.2,14.6,32.9,16.4,22.1,16.0,13.3,14.0,80.6,30.0,34.6,66.7,39.1,32.2,91.7,37.9,45.6,38.3,31.9,19.0,17.1,37.8,19.2,25.6,18.7,15.7,16.5,34.6,41.2,41.0,41.2,41.2,41.2,41.2,41.2,41.2,41.2,0.0,78.0,85.6,96.7,82.6,79.8,68.2,74.5,70.9,65.7,22.0,14.4,3.3,17.4,20.2,31.8,25.5,29.1,34.3,0.0,0.0,0.0,0.0,0.0,0.0,0.0,0.0,0.0,1197.8,12.00,16,16,16,39,55,661,1,72.1,71.4,71.8,67.3,69.5,70.9,68.8,67.7,65.4,66.2,65.4,64.8,62.5,62.9,62.2,55.0,51.7,1.362,1.038,1.369,13.403,11.042,13.405,70.205,38.444,4.169,5.494,6.337,4.591,4.080,3.031,3.680,3.301,2.840,18.050,11.376,29.426,38.539,1197.8,1197.8,4094.8,4095.5,4094.2,4095.5,43.8,22.3,78.0,75.1,53.9,No,No,No,1.407,0.296,6.2,50,95.0,100.0,No,No,91294,99096,35,99.0,No,No,3320,0.0,0.7,0.7,0.057,9.312,79834,50681,0.0,0.0,0.0,0.000,0.000,52,0,45.8,60.2,83.0,0.713,12.139,12.185,12.156,12.074,1131,38.479,13.750,17.777,4.460,32.737,22.844,9.876,0.336,17.777,19.758,2.216,9.715,220.000,240.000,1170.0,1250.2,1020.0,1182.8,1110.0,39.0,8.0,0.0,2.0,28.1,3.7,14.8,0.0,0.0,0.0,33,Yes,No,No,No,No,Yes,No,17.1,21.4,0,0,0,0,0,0,0,0,0,9,0,0,0,0,0,0,0,0,0,0,0,0,0,0,0,0,0,0,0,0,5888,2304,2139,99,8.0,239.8,259.2,221.8,217.2,219.1,216.7,236.7,242.5,139.8,119.7,119.7,119.7,4.17,4.58,3.84,3.71,4.61,4.65,0.72,0.06,4.06,0.11,0.11,0,0,0.0,0.0,13578,1183,6.9,8.1,0,
8.7.2026,15:28:49.590,18692,27302,40.6,13639,19043,41.7,0.5,13312,70,1.329,1.325,1.331,1.331,1.331,1.331,1.331,1.331,1.319,4070.8,4067.7,4092.6,4067.7,4067.7,4067.7,4067.7,4067.7,4067.7,99.8,1470.6,3544.6,1676.5,1521.7,3059.1,1477.5,1879.9,1459.6,1393.2,818.9,750.3,1448.9,892.4,1083.3,849.5,879.0,796.1,1470.6,33.6,58.7,39.8,36.8,74.8,35.3,45.2,35.1,33.4,19.1,18.1,34.9,21.3,25.4,20.3,20.6,19.1,74.8,33.6,37.7,66.6,44.7,41.2,84.6,39.5,50.8,39.2,37.3,21.7,19.8,39.0,23.5,28.2,22.4,23.4,21.0,37.7,40.8,40.8,41.0,40.8,40.8,40.8,40.8,40.8,40.8,0.0,80.5,86.7,96.5,85.1,82.0,71.9,77.1,73.9,70.6,19.5,13.3,3.5,14.9,18.0,28.1,22.9,26.1,29.4,0.0,0.0,0.0,0.0,0.0,0.0,0.0,0.0,0.0,1197.8,12.00,16,16,16,39,55,661,1,72.1,71.5,71.0,67.7,69.8,70.8,69.3,67.9,65.9,66.6,65.7,65.4,62.7,63.0,62.4,55.8,51.0,1.331,1.038,1.344,14.007,11.139,14.006,72.430,39.383,4.277,5.500,6.177,4.808,4.232,3.167,3.816,3.440,3.074,18.852,11.474,30.326,39.446,1197.8,1197.8,4090.8,4091.2,4090.4,4091.2,44.8,23.3,80.5,75.2,55.0,No,No,No,1.502,0.304,6.4,50,95.0,100.0,No,No,91294,99096,35,99.0,No,No,3320,0.0,0.0,0.0,0.000,0.059,79834,50681,0.0,0.0,0.0,0.000,0.000,52,0,45.8,60.2,83.0,0.706,12.143,12.191,12.161,12.078,1132,36.972,14.105,17.748,4.645,33.052,23.177,9.860,0.336,17.748,20.297,2.017,12.168,220.000,240.000,1155.0,1250.2,1005.0,1154.9,1095.0,41.0,9.0,0.0,2.0,28.1,3.6,14.2,0.0,0.0,0.0,33,Yes,No,No,No,No,Yes,No,17.3,19.5,0,0,0,0,0,0,0,0,0,9,0,0,0,0,0,0,0,0,0,0,0,0,0,0,0,0,0,0,0,0,5888,2304,2139,98,8.0,239.6,258.1,223.3,215.1,219.4,213.1,236.6,242.5,139.8,119.7,120.2,119.6,4.17,4.49,3.82,3.78,4.66,4.97,0.70,0.11,4.06,0.11,0.09,0,0,0.0,0.0,13578,1183,2.2,2.1,0,
8.7.2026,15:28:51.596,18695,27299,40.6,13639,19042,41.7,0.5,13312,70,1.326,1.331,1.325,1.325,1.325,1.325,1.325,1.325,1.325,4092.6,4092.6,4092.6,4092.6,4092.6,4092.6,4092.6,4092.6,4092.6,99.8,1369.1,3477.7,1500.3,3370.5,1162.0,1948.6,1284.5,1244.5,1405.8,695.3,686.7,1027.5,1103.2,903.4,868.1,578.6,648.2,1369.1,30.7,57.6,35.0,82.0,27.2,46.5,30.1,29.1,33.0,16.5,15.7,23.8,25.8,20.4,20.0,13.8,14.9,82.0,30.7,35.0,65.1,39.9,93.1,31.2,53.0,34.4,33.3,37.8,18.4,18.2,27.3,29.5,23.4,23.1,15.2,17.2,35.0,41.0,41.0,41.0,41.0,41.0,41.0,41.0,41.0,41.0,0.0,78.3,85.0,96.4,84.3,79.8,68.8,74.6,71.4,65.8,21.7,15.0,3.6,15.7,20.2,31.2,25.4,28.6,34.2,0.0,0.0,0.0,0.0,0.0,0.0,0.0,0.0,0.0,1197.8,12.00,16,16,16,39,55,661,1,72.0,71.6,70.8,67.4,69.7,70.8,69.3,67.7,65.5,66.1,65.4,64.8,62.6,62.9,62.3,54.5,51.1,1.350,1.025,1.356,13.576,11.075,13.573,70.431,38.721,4.182,5.418,6.283,4.819,4.097,3.050,3.635,3.311,2.844,18.280,11.410,29.690,38.806,1197.8,1197.8,4094.8,4095.2,4094.4,4095.2,44.1,22.6,78.3,75.3,54.4,No,No,No,1.518,0.339,6.3,49,95.0,100.0,No,No,91294,99096,35,99.0,No,No,3320,0.0,0.0,0.0,0.000,0.210,79834,50681,0.0,0.0,0.0,0.000,0.000,52,0,45.9,60.4,83.0,0.719,12.135,12.181,12.154,12.071,1131,38.582,14.544,18.831,4.933,33.556,23.068,10.462,0.336,18.831,19.986,2.117,13.317,220.000,240.000,1185.0,1250.2,1050.0,1153.2,1140.0,39.0,9.0,0.0,2.0,28.1,3.8,15.3,0.0,0.0,0.0,33,Yes,No,No,No,No,Yes,No,17.6,19.5,0,0,0,0,0,0,0,0,0,9,0,0,0,0,0,0,0,0,0,0,0,0,0,0,0,0,0,0,0,0,5888,2304,2139,98,8.0,239.8,259.9,222.9,214.2,218.1,212.7,239.8,242.1,237.0,236.8,236.9,236.8,4.17,4.52,3.83,3.66,4.65,4.86,0.66,0.12,4.06,0.11,0.11,0,0,0.0,0.0,13578,1183,3.8,3.7,0,
8.7.2026,15:28:53.592,18697,27296,40.6,13646,19035,41.7,0.5,13312,70,1.338,1.337,1.337,1.337,1.337,1.337,1.337,1.337,1.337,4070.8,4092.6,4067.7,4067.7,4067.7,4067.7,4067.7,4067.7,4067.7,99.8,1344.7,3510.3,1422.3,3363.7,1092.9,1796.2,1302.8,1246.1,1362.9,648.1,713.5,1073.9,1080.7,917.9,864.1,561.9,558.3,1344.7,30.5,59.8,33.4,81.9,26.0,43.0,30.8,29.6,32.4,15.3,16.9,25.4,25.7,21.2,20.4,13.3,13.1,81.9,30.5,34.4,67.7,37.7,92.9,29.2,48.5,34.7,33.4,36.6,17.0,18.9,28.6,28.9,23.7,22.9,14.7,14.5,34.4,40.8,41.0,40.8,40.8,40.8,40.8,40.8,40.8,40.8,0.0,78.2,85.7,96.0,83.1,80.2,68.3,74.5,71.7,65.8,21.8,14.3,4.0,16.9,19.8,31.7,25.5,28.3,34.2,0.0,0.0,0.0,0.0,0.0,0.0,0.0,0.0,0.0,1197.8,12.00,16,16,16,39,55,661,1,72.0,71.3,73.2,67.3,69.6,70.6,69.0,67.6,65.4,66.2,65.5,64.7,62.6,62.9,62.3,55.2,50.7,1.344,1.031,1.356,13.361,11.083,13.366,70.338,38.464,4.157,5.453,6.208,4.641,4.048,3.013,3.710,3.388,2.796,17.993,11.417,29.410,38.533,1197.8,1197.8,4095.7,4096.0,4095.5,4096.0,43.8,22.3,78.2,75.1,53.9,No,No,No,1.467,0.346,6.3,50,95.0,100.0,No,No,91294,99096,35,99.0,No,No,3320,0.1,0.0,0.1,0.166,0.004,79834,50681,0.0,0.0,0.0,0.000,0.000,52,0,45.9,60.4,83.0,0.719,12.137,12.184,12.155,12.073,1128,38.703,14.432,18.830,4.947,33.731,23.253,10.460,0.336,18.830,20.182,2.175,11.574,220.000,240.000,1185.0,1250.2,1050.0,1182.7,1140.0,39.0,9.0,0.0,2.0,28.1,3.9,15.7,0.0,0.0,0.0,33,Yes,No,No,No,No,Yes,No,17.7,22.1,0,0,0,0,0,0,0,0,0,9,0,0,0,0,0,0,0,0,0,0,0,0,0,0,0,0,0,0,0,0,5888,2304,2139,98,8.0,239.7,254.9,225.4,217.7,221.4,216.1,238.7,242.1,237.2,135.4,178.7,120.0,4.17,4.49,3.86,3.80,4.55,4.63,0.74,0.11,4.06,0.11,0.09,0,0,0.0,0.0,13578,1183,2.4,2.7,0,
8.7.2026,15:28:55.597,18701,27292,40.6,13651,19031,41.7,0.5,13312,70,1.336,1.331,1.337,1.331,1.337,1.337,1.337,1.337,1.337,4092.6,4092.6,4092.6,4092.6,4092.6,4092.6,4092.6,4092.6,4092.6,99.8,1362.5,3451.0,1490.1,2183.0,2295.9,1612.9,1522.9,1161.7,1465.7,677.5,749.8,1035.9,1097.0,885.9,956.2,576.6,638.6,1362.5,30.7,57.2,34.9,52.7,55.5,38.4,36.1,27.3,34.9,15.8,17.5,24.2,25.9,20.2,22.5,13.3,14.9,57.2,30.7,34.8,64.9,39.6,59.8,63.0,43.6,41.0,31.0,39.5,17.9,19.9,27.5,29.4,22.9,25.5,15.1,16.8,34.8,41.0,41.0,41.0,41.0,41.0,41.0,41.0,41.0,41.0,0.0,77.7,84.4,96.0,82.6,79.4,68.3,73.6,71.4,65.7,22.3,15.6,4.0,17.4,20.6,31.7,26.4,28.6,34.3,0.0,0.0,0.0,0.0,0.0,0.0,0.0,0.0,0.0,1197.8,12.00,16,16,16,39,55,661,1,71.8,71.2,71.2,67.3,69.3,70.6,69.1,67.6,65.5,66.1,65.5,64.8,62.5,62.9,62.2,54.0,51.4,1.337,1.038,1.350,13.484,11.072,13.489,69.916,38.589,4.157,5.306,6.228,4.721,4.063,3.061,3.637,3.395,2.843,18.150,11.405,29.556,38.677,1197.8,1197.8,4092.9,4094.1,4091.7,4094.1,44.0,22.5,77.7,74.9,54.4,No,No,No,1.444,0.344,6.2,50,95.0,100.0,No,No,91294,99096,35,99.0,No,No,3320,0.1,0.0,0.1,0.071,0.014,79835,50681,0.0,0.0,0.0,0.000,0.000,52,0,46.1,60.8,83.0,0.731,12.137,12.183,12.155,12.072,1131,40.611,14.905,19.898,5.117,34.010,22.938,11.054,0.336,19.898,19.567,2.322,13.912,220.000,240.000,1245.0,1250.2,1080.0,1267.8,1170.0,35.0,9.0,0.0,2.0,28.1,3.9,15.8,0.0,0.0,0.0,33,Yes,No,No,No,No,Yes,No,17.9,22.5,0,0,0,0,0,0,0,0,0,9,0,0,0,0,0,0,0,0,0,0,0,0,0,0,0,0,0,0,0,0,5888,2304,2139,98,8.0,239.8,274.0,213.6,200.6,205.0,199.1,238.7,242.9,235.2,134.4,175.9,120.1,4.17,4.70,3.58,3.39,4.93,5.13,0.64,0.09,4.06,0.11,0.12,0,0,0.0,0.0,13578,1183,4.7,5.9,0,
8.7.2026,15:28:57.600,18700,27294,40.6,13649,19033,41.7,0.5,13312,70,1.325,1.319,1.331,1.325,1.325,1.325,1.325,1.325,1.325,4067.7,4067.7,4067.7,4067.7,4067.7,4067.7,4067.7,4067.7,4067.7,99.8,1370.5,3549.4,1552.9,1404.8,3029.9,1422.4,1816.4,1158.3,1545.2,618.4,774.1,1061.7,1111.5,885.8,890.7,483.3,623.3,1370.5,30.8,60.5,36.2,33.3,73.7,33.4,43.1,27.2,36.6,14.2,18.1,24.7,26.1,20.0,20.8,10.9,14.4,73.7,30.8,35.0,68.7,41.1,37.9,83.6,38.0,49.0,30.8,41.6,16.2,20.5,28.1,29.7,22.7,23.6,12.4,16.4,35.0,40.8,40.8,40.8,40.8,40.8,40.8,40.8,40.8,40.8,0.0,79.0,86.7,95.9,84.2,81.2,69.7,75.4,72.2,66.4,21.0,13.3,4.1,15.8,18.8,30.3,24.6,27.8,33.6,0.0,0.0,0.0,0.0,0.0,0.0,0.0,0.0,0.0,1197.8,12.00,16,16,16,39,55,661,1,71.8,71.2,71.0,67.3,69.6,70.5,69.1,67.7,65.4,66.1,65.3,64.6,62.5,62.9,62.2,55.5,51.5,1.344,1.031,1.344,13.552,11.074,13.550,71.060,38.683,4.180,5.538,6.137,4.738,4.158,3.054,3.686,3.349,2.781,18.234,11.409,29.643,38.754,1197.8,1197.8,4094.3,4094.3,4094.3,4094.3,44.0,22.6,79.0,75.0,54.4,No,No,No,1.415,0.319,6.3,50,95.0,100.0,No,No,91294,99096,35,99.0,No,No,3320,0.0,0.0,0.0,0.016,0.042,79835,50681,0.0,0.0,0.0,0.000,0.000,52,0,46.1,60.6,83.0,0.738,12.137,12.184,12.155,12.073,1131,40.359,14.950,20.119,5.373,34.180,22.987,11.177,0.336,20.119,19.771,2.266,13.170,220.000,240.000,1260.0,1250.2,1095.0,1258.0,1185.0,37.0,9.0,0.0,2.0,28.1,3.7,14.9,0.0,0.0,0.0,33,Yes,No,No,No,No,Yes,No,18.1,20.6,0,0,0,0,0,0,0,0,0,9,0,0,0,0,0,0,0,0,0,0,0,0,0,0,0,0,0,0,0,0,5887,2305,2140,99,8.0,241.3,253.1,233.1,233.0,233.0,233.0,0.0,0.0,0.0,0.0,0.0,0.0,4.14,4.33,3.93,3.93,4.33,4.33,0.40,0.39,4.03,0.11,0.00,0,0,0.0,0.0,13578,1183,3.9,4.7,0,
8.7.2026,15:28:59.598,18714,27279,40.6,13665,19016,41.8,0.5,13312,70,1.303,1.344,1.306,1.300,1.300,1.294,1.294,1.294,1.294,4061.4,4092.6,4042.7,4042.7,4042.7,4067.7,4067.7,4067.7,4067.7,99.8,1569.2,3578.5,1771.4,1579.5,3101.9,1575.2,2032.1,1332.3,1708.7,896.4,940.4,1337.8,1279.2,1059.1,1137.9,837.2,939.6,1569.2,35.8,60.4,41.8,37.6,75.8,37.3,48.6,31.3,40.8,21.1,22.2,31.8,30.4,24.4,26.9,19.7,22.3,75.8,35.8,40.4,68.3,47.2,42.5,85.8,42.2,55.0,35.4,46.2,23.8,25.1,36.0,34.3,27.6,30.4,22.3,25.1,40.4,40.7,41.0,40.5,40.5,40.5,40.8,40.8,40.8,40.8,0.0,81.8,87.7,96.3,86.8,83.3,73.7,79.0,75.6,71.7,18.2,12.3,3.7,13.2,16.7,26.3,21.0,24.4,28.3,0.0,0.0,0.0,0.0,0.0,0.0,0.0,0.0,0.0,1197.8,12.00,16,16,16,39,55,661,1,72.0,72.2,71.5,68.3,70.1,71.0,70.0,68.4,66.5,67.5,66.5,66.5,62.9,63.2,62.6,55.5,51.7,1.362,1.031,1.350,14.844,11.151,14.832,73.589,40.416,4.461,5.555,6.172,5.051,4.403,3.399,4.078,3.657,3.372,19.923,11.491,31.414,40.525,1197.8,1197.8,4083.7,4084.4,4083.1,4084.4,46.1,24.7,81.8,76.0,55.7,No,No,No,1.493,0.284,6.5,50,95.0,100.0,No,No,91294,99096,35,99.0,No,No,3320,0.1,0.1,0.2,0.042,0.410,79835,50682,0.0,0.0,0.0,0.000,0.000,52,0,45.8,60.2,83.0,0.713,12.133,12.179,12.151,12.069,1128,37.665,13.617,17.435,4.482,32.431,22.738,9.686,0.336,17.435,19.826,2.115,9.689,220.000,240.000,1170.0,1250.2,1020.0,1167.3,1110.0,36.0,8.0,0.0,1.0,28.1,3.4,13.4,0.0,0.0,0.0,33,Yes,No,No,No,No,Yes,No,16.9,19.8,0,0,0,0,0,0,0,0,0,9,0,0,0,0,0,0,0,0,0,0,0,0,0,0,0,0,0,0,0,0,5887,2305,2140,99,8.0,239.8,259.4,223.9,219.2,221.4,218.3,239.8,242.4,237.2,237.0,237.1,237.0,4.17,4.45,3.84,3.71,4.50,4.56,0.63,0.09,4.06,0.11,0.10,0,0,0.0,0.0,13578,1183,8.1,3.5,0,
8.7.2026,15:29:1.597,18720,27274,40.7,13661,19021,41.8,0.5,13312,70,1.322,1.331,1.319,1.331,1.319,1.319,1.319,1.319,1.319,4067.7,4067.7,4067.7,4067.7,4067.7,4067.7,4067.7,4067.7,4067.7,99.8,1436.9,3549.4,1850.4,3090.3,1431.4,1882.0,1462.6,1405.4,1374.6,768.0,764.4,1110.8,1109.7,969.3,913.9,607.9,701.1,1436.9,32.0,54.5,43.4,75.1,33.9,44.6,34.2,33.2,32.2,17.9,17.7,26.0,26.0,21.9,21.2,13.9,15.9,75.1,32.0,36.3,61.9,49.3,85.2,38.5,50.6,38.8,37.7,36.6,20.3,20.1,29.5,29.5,24.9,24.1,15.8,18.1,36.3,40.8,40.8,40.8,40.8,40.8,40.8,40.8,40.8,40.8,0.0,80.0,86.7,95.5,85.1,82.7,71.4,76.7,73.6,68.2,20.0,13.3,4.5,14.9,17.3,28.6,23.3,26.4,31.8,0.0,0.0,0.0,0.0,0.0,0.0,0.0,0.0,0.0,1197.8,12.00,16,16,16,39,55,661,1,72.0,71.4,72.5,67.7,69.9,70.7,69.5,68.0,65.9,66.4,65.8,65.1,62.8,63.1,62.4,55.8,50.9,1.337,1.025,1.344,13.749,11.046,13.756,72.001,38.951,4.246,5.539,6.128,4.825,4.211,3.178,3.729,3.432,2.928,18.508,11.382,29.890,39.015,1197.8,1197.8,4093.4,4093.4,4093.4,4093.4,44.3,22.9,80.0,75.2,54.3,No,No,No,1.414,0.287,6.4,50,95.0,100.0,No,No,91294,99096,35,99.0,No,No,3320,0.0,0.1,0.1,0.016,0.092,79835,50682,0.0,0.0,0.0,0.000,0.000,52,0,45.8,60.2,83.0,0.694,12.141,12.189,12.159,12.076,1131,37.882,13.458,16.569,4.096,31.941,22.715,9.205,0.336,16.569,19.802,2.053,11.297,220.000,240.000,1125.0,1250.2,990.0,1136.5,1080.0,40.0,8.0,0.0,2.0,28.1,3.6,14.4,0.0,0.0,0.0,33,Yes,No,No,No,No,Yes,No,16.5,21.3,0,0,0,0,0,0,0,0,0,9,0,0,0,0,0,0,0,0,0,0,0,0,0,0,0,0,0,0,0,0,5887,2305,2140,99,8.0,239.7,254.3,223.5,216.5,219.6,215.2,239.8,243.0,236.1,235.1,235.5,234.9,4.17,4.47,3.90,3.57,4.55,4.63,0.62,0.12,4.06,0.11,0.11,0,0,0.0,0.0,13578,1183,2.6,2.2,0,
8.7.2026,15:29:3.595,18720,27274,40.7,13655,19027,41.7,0.5,13312,70,1.332,1.331,1.337,1.331,1.331,1.331,1.331,1.331,1.331,4095.7,4117.6,4092.6,4092.6,4092.6,4092.6,4092.6,4092.6,4092.6,99.8,1459.8,3563.6,1999.0,2974.8,1530.6,2032.4,1477.3,1462.5,1328.7,738.1,786.2,1140.8,1146.2,930.3,935.0,580.4,730.9,1459.8,32.6,51.6,47.3,72.2,36.5,48.7,34.9,34.7,31.4,17.3,18.5,26.8,27.0,21.3,22.0,13.5,17.3,72.2,32.6,36.9,58.5,53.6,81.8,41.3,55.2,39.6,39.3,35.6,19.5,21.0,30.4,30.6,24.1,24.9,15.2,19.6,36.9,41.0,41.2,41.0,41.0,41.0,41.0,41.0,41.0,41.0,0.0,81.0,87.1,95.5,88.0,83.2,72.0,77.9,74.8,69.3,19.0,12.9,4.5,12.0,16.8,28.0,22.1,25.2,30.7,0.0,0.0,0.0,0.0,0.0,0.0,0.0,0.0,0.0,1197.8,12.00,16,16,16,39,55,661,1,72.0,71.7,72.8,67.8,69.9,70.8,70.1,68.1,65.8,66.6,65.8,65.2,62.8,63.2,62.5,54.5,51.6,1.344,1.031,1.344,14.008,11.038,14.010,72.880,39.259,4.281,5.462,6.145,5.122,4.262,3.144,3.773,3.419,2.924,18.826,11.374,30.200,39.327,1197.8,1197.8,4089.7,4089.7,4089.7,4089.7,44.7,23.3,81.0,75.5,54.7,No,No,No,1.472,0.325,6.5,50,95.0,100.0,No,No,91294,99096,35,99.0,No,No,3320,0.0,0.1,0.1,0.028,0.189,79835,50683,0.0,0.0,0.0,0.000,0.000,52,0,46.0,60.4,83.0,0.744,12.139,12.185,12.157,12.074,1131,38.898,14.791,19.903,5.093,33.869,22.796,11.057,0.336,19.903,19.405,2.416,13.134,220.000,240.000,1275.0,1250.2,1125.0,1236.7,1215.0,34.0,8.0,0.0,2.0,28.1,3.7,14.8,0.0,0.0,0.0,33,Yes,No,No,No,No,Yes,No,17.9,22.3,0,0,0,0,0,0,0,0,0,9,0,0,0,0,0,0,0,0,0,0,0,0,0,0,0,0,0,0,0,0,5887,2305,2140,97,8.0,239.8,258.0,224.2,190.6,205.8,184.7,239.8,242.3,237.2,236.2,236.7,235.9,4.17,4.50,3.85,3.12,4.88,5.42,0.65,0.22,4.06,0.11,0.11,0,0,0.0,0.0,13578,1183,2.8,2.0,0,
8.7.2026,15:29:5.604,18723,27271,40.7,13654,19028,41.7,0.5,13312,70,1.328,1.331,1.319,1.319,1.331,1.331,1.331,1.331,1.331,4089.5,4067.7,4092.6,4092.6,4092.6,4092.6,4092.6,4092.6,4092.6,99.8,1394.9,3506.2,1927.7,2112.8,2291.4,1629.4,1624.3,1511.9,1146.3,774.5,662.9,1321.2,825.6,1019.3,752.9,599.6,611.9,1394.9,30.9,49.6,45.6,50.9,55.3,38.8,38.4,35.9,26.9,18.1,15.4,31.3,19.2,23.4,17.4,13.8,14.2,55.3,30.9,35.0,56.3,51.7,57.7,62.8,44.0,43.6,40.7,30.5,20.5,17.4,35.5,21.7,26.5,19.8,15.6,16.0,35.0,41.0,40.8,41.0,41.0,41.0,41.0,41.0,41.0,41.0,0.0,79.2,85.7,95.4,85.4,81.4,70.3,75.5,72.4,67.5,20.8,14.3,4.6,14.6,18.6,29.7,24.5,27.6,32.5,0.0,0.0,0.0,0.0,0.0,0.0,0.0,0.0,0.0,1197.8,12.00,16,16,16,39,55,661,1,72.0,71.2,72.8,67.4,69.5,70.6,69.3,67.8,65.7,66.2,65.5,65.0,62.7,63.0,62.3,55.2,51.5,1.337,1.038,1.344,13.431,11.014,13.431,71.275,38.450,4.168,5.331,6.086,4.802,4.126,3.099,3.658,3.359,2.882,18.086,11.346,29.431,38.542,1197.8,1197.8,4093.7,4094.2,4093.2,4094.2,43.8,22.4,79.2,74.9,54.1,No,No,No,1.401,0.294,6.3,50,95.0,100.0,No,No,91294,99096,35,99.0,No,No,3320,0.0,0.1,0.1,0.016,0.096,79835,50683,0.0,0.0,0.0,0.000,0.000,52,0,46.4,61.2,83.0,0.744,12.135,12.181,12.154,12.072,1131,41.763,15.954,22.114,6.163,35.805,23.504,12.285,0.336,22.114,20.181,2.651,14.390,220.000,240.000,1275.0,1250.2,1125.0,1263.0,1215.0,37.0,10.0,0.0,2.0,28.1,4.1,16.4,0.0,0.0,0.0,33,Yes,No,No,No,No,Yes,No,19.2,21.1,0,0,0,0,0,0,0,0,0,9,0,0,0,0,0,0,0,0,0,0,0,0,0,0,0,0,0,0,0,0,5887,2305,2140,98,8.0,239.7,257.3,223.1,213.4,218.2,211.2,239.8,243.0,237.1,234.6,236.0,233.9,4.17,4.51,3.87,3.81,4.61,4.71,0.70,0.09,4.06,0.11,0.11,0,0,0.0,0.0,13578,1183,4.0,2.8,0,
8.7.2026,15:29:7.606,18669,27325,40.5,13631,19051,41.7,0.5,13312,70,1.334,1.350,1.331,1.331,1.331,1.331,1.331,1.331,1.331,4095.7,4117.6,4092.6,4092.6,4092.6,4092.6,4092.6,4092.6,4092.6,99.8,1463.9,3595.2,2043.8,1295.1,3155.0,1349.9,2062.7,1501.7,1324.2,813.9,694.3,1435.5,969.9,1039.9,870.7,615.9,655.4,1463.9,32.6,51.9,48.5,30.7,76.8,31.7,49.3,35.5,31.1,19.1,16.1,34.1,22.6,23.9,20.3,14.2,15.2,76.8,32.6,36.9,58.8,54.9,34.7,87.0,35.9,55.8,40.3,35.2,21.6,18.2,38.6,25.6,27.0,23.0,16.1,17.2,36.9,41.0,41.2,41.0,41.0,41.0,41.0,41.0,41.0,41.0,0.0,81.6,87.9,96.0,87.2,83.8,72.8,79.0,75.6,70.1,18.4,12.1,4.0,12.8,16.2,27.2,21.0,24.4,29.9,0.0,0.0,0.0,0.0,0.0,0.0,0.0,0.0,0.0,1197.8,12.00,16,16,16,39,55,661,1,71.9,71.5,71.2,67.8,70.0,70.8,69.7,68.0,65.9,66.8,65.8,65.2,62.8,63.1,62.5,53.2,51.6,1.356,1.038,1.363,14.140,11.100,14.137,73.396,39.488,4.290,5.541,6.144,4.963,4.257,3.150,3.890,3.459,2.912,19.009,11.435,30.444,39.565,1197.8,1197.8,4090.1,4090.5,4089.7,4090.5,45.0,23.6,81.6,75.3,55.2,No,No,No,1.494,0.326,6.5,50,95.0,100.0,No,No,91294,99096,35,99.0,No,No,3320,0.0,1.1,1.1,0.000,8.972,79835,50700,0.0,0.0,0.0,0.000,0.000,52,0,46.5,61.4,83.0,0.750,12.138,12.184,12.156,12.073,1131,41.588,16.288,21.907,5.970,36.881,24.701,12.170,0.336,21.907,21.283,2.467,15.255,220.000,240.000,1290.0,1750.2,1140.0,1277.3,1230.0,39.0,8.0,0.0,2.0,28.1,3.9,15.4,0.0,0.0,0.0,33,Yes,No,No,No,No,Yes,No,19.6,25.3,0,0,0,0,0,0,0,0,0,9,0,0,0,0,0,0,0,0,0,0,0,0,0,0,0,0,0,0,0,0,5887,2305,2140,99,8.0,239.8,263.5,218.7,202.4,208.5,200.9,239.8,242.8,237.3,236.6,237.0,236.4,4.17,4.58,3.81,3.31,4.83,5.06,0.55,0.17,4.06,0.11,0.10,0,0,0.0,0.0,13578,1183,3.6,5.4,0,
8.7.2026,15:29:9.607,18668,27326,40.5,13625,19057,41.6,0.5,13312,70,1.326,1.325,1.331,1.325,1.325,1.325,1.325,1.325,1.325,4067.7,4067.7,4067.7,4067.7,4067.7,4067.7,4067.7,4067.7,4067.7,99.8,1466.2,3607.0,2087.6,1222.9,3219.9,1379.6,2024.0,1488.5,1303.0,798.2,707.8,1412.8,870.7,1063.8,878.4,647.7,747.9,1466.2,32.5,51.2,49.5,28.8,78.4,32.4,48.4,35.3,30.7,18.6,16.4,33.4,20.3,24.4,20.5,14.5,17.4,78.4,32.5,36.9,58.1,56.2,32.7,88.8,36.8,54.9,40.0,34.8,21.1,18.6,37.8,23.0,27.7,23.2,16.5,19.7,36.9,40.8,40.8,40.8,40.8,40.8,40.8,40.8,40.8,40.8,0.0,81.9,88.2,96.0,86.9,83.8,73.7,78.9,76.1,71.3,18.1,11.8,4.0,13.1,16.2,26.3,21.1,23.9,28.7,0.0,0.0,0.0,0.0,0.0,0.0,0.0,0.0,0.0,1197.8,12.00,16,16,16,39,55,661,1,71.9,71.6,72.5,67.8,70.0,70.8,69.7,68.0,65.9,66.6,65.9,65.3,62.9,63.2,62.5,53.8,51.2,1.319,1.038,1.344,13.902,11.077,13.907,73.668,39.163,4.286,5.549,6.167,4.892,4.240,3.158,3.806,3.495,2.984,18.690,11.414,30.104,39.241,1197.8,1197.8,4089.9,4089.9,4089.9,4089.9,44.6,23.2,81.9,75.3,54.3,No,No,No,1.502,0.345,6.5,50,95.0,100.0,No,No,91294,99096,35,99.0,No,No,3320,0.0,0.0,0.0,0.000,0.108,79835,50700,0.0,0.0,0.0,0.000,0.000,52,0,46.2,60.7,83.0,0.731,12.137,12.183,12.155,12.072,1128,42.929,14.782,19.716,5.153,33.888,22.913,10.953,0.336,19.716,19.669,2.349,13.128,220.000,240.000,1245.0,1250.2,1080.0,1268.5,1170.0,37.0,9.0,0.0,2.0,28.1,3.8,15.3,0.0,0.0,0.0,33,Yes,No,No,No,No,Yes,No,17.9,22.5,0,0,0,0,0,0,0,0,0,9,0,0,0,0,0,0,0,0,0,0,0,0,0,0,0,0,0,0,0,0,5887,2305,2141,99,8.0,239.7,254.7,224.5,213.1,219.3,210.0,239.8,242.4,237.5,237.2,237.3,237.2,4.17,4.48,3.92,3.41,4.59,4.77,0.55,0.19,4.06,0.11,0.11,0,0,0.0,0.0,13578,1183,2.8,2.1,0,
8.7.2026,15:29:11.606,18666,27328,40.5,13624,19058,41.6,0.5,13312,70,1.333,1.337,1.337,1.331,1.331,1.331,1.331,1.331,1.331,4092.6,4092.6,4092.6,4092.6,4092.6,4092.6,4092.6,4092.6,4092.6,99.8,1428.9,3562.4,1911.3,2846.2,1571.7,1954.9,1426.9,1662.5,1095.9,813.6,655.8,1356.5,890.5,1146.4,755.8,606.2,605.8,1428.9,31.7,51.1,45.1,68.9,37.8,46.5,33.6,39.5,25.5,18.9,15.2,32.1,20.7,26.4,17.4,14.5,14.0,68.9,31.7,36.0,58.0,51.2,78.2,42.9,52.8,38.1,44.8,29.0,21.5,17.3,36.5,23.5,30.0,19.8,16.5,15.9,36.0,41.0,41.0,41.0,41.0,41.0,41.0,41.0,41.0,41.0,0.0,81.1,87.1,95.4,87.7,84.0,72.0,78.1,75.2,69.5,18.9,12.9,4.6,12.3,16.0,28.0,21.9,24.8,30.5,0.0,0.0,0.0,0.0,0.0,0.0,0.0,0.0,0.0,1197.8,12.00,16,16,16,39,55,661,1,71.8,71.2,70.5,67.5,69.5,70.5,69.5,68.0,65.7,66.4,65.8,65.0,62.8,63.1,62.4,55.5,51.5,1.344,1.031,1.344,13.644,11.092,13.644,73.012,38.831,4.210,5.346,6.010,4.887,4.252,3.104,3.755,3.463,2.860,18.351,11.427,29.778,38.898,1197.8,1197.8,4092.0,4092.0,4092.0,4092.0,44.2,22.7,81.1,74.9,54.3,No,No,No,1.462,0.316,6.5,50,95.0,100.0,No,No,91294,99096,35,99.0,No,No,3320,0.0,0.0,0.0,0.000,0.125,79835,50700,0.0,0.0,0.0,0.000,0.000,52,0,46.0,60.7,83.0,0.719,12.137,12.183,12.156,12.073,1132,38.808,14.354,18.615,4.898,33.525,23.167,10.342,0.336,18.615,20.139,2.173,11.730,220.000,240.000,1185.0,1250.2,1050.0,1190.3,1140.0,37.0,9.0,0.0,2.0,28.1,3.6,14.4,0.0,0.0,0.0,33,Yes,No,No,No,No,Yes,No,17.6,20.7,0,0,0,0,0,0,0,0,0,9,0,0,0,0,0,0,0,0,0,0,0,0,0,0,0,0,0,0,0,0,5887,2305,2141,99,8.0,239.9,260.6,225.8,218.6,222.3,216.7,0.0,0.0,0.0,0.0,0.0,0.0,4.17,4.44,3.86,3.70,4.53,4.58,0.55,0.15,4.05,0.12,0.00,0,0,0.0,0.0,13578,1183,2.2,2.3,0,
8.7.2026,15:29:13.596,18667,27327,40.5,13625,19057,41.6,0.5,13312,70,1.320,1.325,1.319,1.319,1.319,1.319,1.319,1.319,1.319,4070.8,4092.6,4067.7,4067.7,4067.7,4067.7,4067.7,4067.7,4067.7,99.8,1423.6,3571.4,1966.6,3028.5,1412.6,1877.3,1451.6,1715.6,1051.8,819.9,651.7,1371.1,880.0,1103.2,730.7,590.1,555.4,1423.6,31.5,51.5,46.4,73.4,33.5,44.7,34.1,40.8,24.4,19.1,15.0,32.3,20.4,25.3,16.8,13.5,12.6,73.4,31.5,35.8,58.4,52.6,83.3,38.0,50.7,38.7,46.3,27.7,21.7,17.1,36.7,23.2,28.7,19.1,15.4,14.4,35.8,40.8,41.0,40.8,40.8,40.8,40.8,40.8,40.8,40.8,0.0,80.8,87.2,95.8,86.6,83.2,72.1,77.7,74.7,68.8,19.2,12.8,4.2,13.4,16.8,27.9,22.3,25.3,31.2,0.0,0.0,0.0,0.0,0.0,0.0,0.0,0.0,0.0,1197.8,12.00,16,16,16,39,55,661,1,71.8,71.3,71.5,67.5,69.6,70.8,69.5,67.9,65.7,66.4,65.6,64.9,62.7,63.0,62.3,52.8,50.7,1.344,1.025,1.350,13.723,11.095,13.719,72.687,38.928,4.241,5.438,6.158,4.888,4.247,3.124,3.796,3.420,2.858,18.485,11.432,29.916,39.035,1197.8,1197.8,4095.0,4095.1,4094.9,4095.1,44.4,22.9,80.8,75.1,54.3,No,No,No,1.480,0.370,6.5,50,95.0,100.0,No,No,91294,99096,35,99.0,No,No,3320,0.0,0.0,0.0,0.000,0.071,79835,50701,0.0,0.0,0.0,0.000,0.000,52,0,46.2,60.6,83.0,0.725,12.138,12.184,12.155,12.073,1131,38.827,14.452,18.740,4.971,33.354,22.927,10.411,0.336,18.740,19.921,4.539,10.580,220.000,240.000,1215.0,1250.2,1065.0,1210.9,1155.0,40.0,9.0,0.0,2.0,28.1,3.6,14.5,0.0,0.0,0.0,33,Yes,No,No,No,No,Yes,No,17.6,20.3,0,0,0,0,0,0,0,0,0,9,0,0,0,0,0,0,0,0,0,0,0,0,0,0,0,0,0,0,0,0,5887,2305,2141,99,8.0,239.7,255.6,220.2,205.7,213.1,202.0,239.8,242.5,237.3,236.6,236.8,236.6,4.17,4.56,3.87,3.71,4.69,4.91,0.66,0.11,4.06,0.11,0.10,0,0,0.0,0.0,13578,1183,3.4,2.8,0,
8.7.2026,15:29:15.601,18667,27326,40.5,13629,19053,41.7,0.5,13312,70,1.326,1.331,1.325,1.325,1.325,1.325,1.325,1.325,1.325,4092.6,4092.6,4092.6,4092.6,4092.6,4092.6,4092.6,4092.6,4092.6,99.8,1469.7,3563.6,1973.6,2295.6,2170.2,1658.0,1651.4,1623.5,1228.0,811.1,651.9,1417.4,892.8,1131.3,802.5,672.6,972.0,1469.7,32.9,52.6,46.8,55.5,52.5,39.4,39.2,38.6,29.0,18.9,15.2,33.7,20.9,26.2,18.7,15.5,23.1,55.5,32.9,37.2,59.5,53.0,62.8,59.4,44.5,44.4,43.7,32.8,21.4,17.2,38.2,23.6,29.7,21.1,17.5,26.1,37.2,41.0,41.0,41.0,41.0,41.0,41.0,41.0,41.0,41.0,0.0,81.4,87.3,95.9,86.5,83.4,72.1,77.9,75.0,73.0,18.6,12.7,4.1,13.5,16.6,27.9,22.1,25.0,27.0,0.0,0.0,0.0,0.0,0.0,0.0,0.0,0.0,0.0,1197.8,12.00,16,16,16,39,55,661,1,71.9,72.3,71.5,68.1,70.0,71.1,69.6,68.3,65.9,67.1,66.0,67.0,62.9,63.2,62.5,55.2,51.5,1.350,1.031,1.356,14.252,11.074,14.256,73.241,39.590,4.372,5.541,6.205,4.853,4.302,3.138,3.849,3.502,3.583,19.129,11.414,30.543,39.669,1197.8,1197.8,4082.3,4082.5,4082.2,4082.5,45.1,23.8,81.4,76.2,54.5,No,No,No,1.445,0.306,6.5,50,95.0,100.0,No,No,91294,99096,35,99.0,No,No,3320,0.0,0.0,0.0,0.000,0.032,79835,50701,0.0,0.0,0.0,0.000,0.000,52,0,46.2,60.8,83.0,0.725,12.136,12.181,12.154,12.072,1131,38.865,14.315,19.156,5.006,33.861,23.202,10.642,0.336,19.156,20.052,2.427,9.316,220.000,240.000,1215.0,1250.2,1065.0,1205.6,1155.0,38.0,9.0,0.0,2.0,28.1,3.8,15.1,0.0,0.0,0.0,33,Yes,No,No,No,No,Yes,No,17.8,21.9,0,0,0,0,0,0,0,0,0,9,0,0,0,0,0,0,0,0,0,0,0,0,0,0,0,0,0,0,0,0,5887,2305,2141,99,8.0,239.8,256.4,224.9,210.0,216.8,207.5,239.8,242.6,237.0,236.7,236.8,236.7,4.17,4.51,3.85,3.70,4.65,4.79,0.68,0.12,4.06,0.11,0.10,0,0,0.0,0.0,13578,1183,2.1,1.6,0,
8.7.2026,15:29:17.596,18669,27324,40.5,13625,19056,41.6,0.5,13312,70,1.332,1.331,1.319,1.337,1.337,1.337,1.331,1.331,1.331,4089.5,4092.6,4067.7,4092.6,4092.6,4092.6,4092.6,4092.6,4092.6,99.8,1368.2,3498.3,1761.5,1095.8,3274.7,1283.0,1848.0,1405.8,1264.1,773.5,646.2,1322.9,776.5,985.0,807.9,530.0,618.4,1368.2,30.5,53.9,41.5,25.7,79.7,30.1,43.9,33.3,29.8,18.1,14.9,31.3,17.6,22.5,18.7,12.1,14.2,79.7,30.5,34.6,61.2,47.1,29.3,90.5,34.1,49.8,37.8,33.8,20.5,16.9,35.6,20.0,25.6,21.2,13.8,16.2,34.6,41.0,41.0,40.8,41.0,41.0,41.0,41.0,41.0,41.0,0.0,78.4,85.5,95.5,83.5,80.7,69.0,74.4,72.2,66.1,21.6,14.5,4.5,16.5,19.3,31.0,25.6,27.8,33.9,0.0,0.0,0.0,0.0,0.0,0.0,0.0,0.0,0.0,1197.8,12.00,16,16,16,39,55,661,1,71.9,71.4,73.0,67.4,69.6,70.8,69.1,67.7,65.5,66.0,65.5,64.8,62.6,63.0,62.3,55.0,51.0,1.344,1.038,1.344,13.422,11.037,13.416,70.546,38.450,4.153,5.452,6.176,4.651,4.110,3.049,3.611,3.363,2.810,18.066,11.367,29.434,38.534,1197.8,1197.8,4093.5,4094.2,4092.7,4094.2,43.8,22.4,78.4,75.2,54.2,No,No,No,1.403,0.304,6.3,50,95.0,100.0,No,No,91294,99096,35,99.0,No,No,3320,0.0,0.2,0.2,0.016,0.261,79835,50701,0.0,0.0,0.0,0.000,0.000,52,0,46.2,60.7,83.0,0.719,12.137,12.183,12.155,12.072,1129,39.483,14.021,18.395,4.897,33.293,23.058,10.219,0.336,18.395,20.132,2.214,9.268,220.000,240.000,1200.0,1250.2,1050.0,1197.5,1140.0,39.0,10.0,0.0,2.0,28.1,4.0,16.1,0.0,0.0,0.0,33,Yes,No,No,No,No,Yes,No,17.5,21.9,0,0,0,0,0,0,0,0,0,9,0,0,0,0,0,0,0,0,0,0,0,0,0,0,0,0,0,0,0,0,5886,2306,2141,99,8.0,239.7,259.2,219.5,215.4,216.9,215.0,239.8,242.7,237.0,236.6,236.7,236.6,4.17,4.57,3.83,3.70,4.64,4.67,0.72,0.09,4.06,0.11,0.11,0,0,0.0,0.0,13578,1183,3.1,5.0,0,
8.7.2026,15:29:19.593,18669,27324,40.5,13628,19054,41.6,0.5,13312,70,1.331,1.319,1.344,1.331,1.331,1.331,1.331,1.331,1.331,4092.6,4092.6,4092.6,4092.6,4092.6,4092.6,4092.6,4092.6,4092.6,99.8,1483.0,3579.7,1615.7,1321.7,3206.0,1495.5,2023.3,1200.5,1604.1,779.8,874.8,1141.7,1264.9,952.6,1025.6,772.8,869.4,1483.0,33.7,61.5,38.0,31.4,78.2,35.4,48.5,28.3,38.1,18.2,20.6,26.9,30.2,21.8,24.1,18.1,20.5,78.2,33.7,38.2,69.7,43.0,35.6,88.6,40.1,54.9,32.1,43.1,20.7,23.4,30.4,34.3,24.7,27.3,20.5,23.2,38.2,41.0,41.0,41.0,41.0,41.0,41.0,41.0,41.0,41.0,0.0,80.8,87.6,96.1,86.0,82.0,72.1,77.7,74.2,70.9,19.2,12.4,3.9,14.0,18.0,27.9,22.3,25.8,29.1,0.0,0.0,0.0,0.0,0.0,0.0,0.0,0.0,0.0,1197.8,12.00,16,16,16,39,55,661,1,71.9,71.7,74.0,67.8,70.0,70.9,69.8,67.9,66.0,66.6,65.8,65.4,62.8,63.1,62.5,54.5,51.7,1.344,1.038,1.356,13.987,11.129,13.995,72.731,39.331,4.280,5.591,6.191,4.902,4.156,3.183,3.794,3.424,3.002,18.791,11.467,30.257,39.391,1197.8,1197.8,4088.0,4088.2,4087.7,4088.2,44.8,23.3,80.8,75.5,54.7,No,No,No,1.500,0.289,6.5,49,95.0,100.0,No,No,91294,99096,35,99.0,No,No,3320,0.1,0.2,0.2,0.043,0.340,79835,50702,0.0,0.0,0.0,0.000,0.000,52,0,46.1,60.4,83.0,0.719,12.141,12.188,12.158,12.075,1132,39.031,14.360,18.297,4.900,33.241,23.051,10.164,0.336,18.297,20.180,2.248,12.885,220.000,240.000,1185.0,1250.2,1050.0,1180.0,1140.0,36.0,8.0,0.0,2.0,28.1,3.9,15.5,0.0,0.0,0.0,33,Yes,No,No,No,No,Yes,No,17.6,21.9,0,0,0,0,0,0,0,0,0,9,0,0,0,0,0,0,0,0,0,0,0,0,0,0,0,0,0,0,0,0,5886,2306,2141,99,8.0,239.8,256.3,222.6,215.0,218.3,213.7,239.8,242.5,237.4,236.3,236.8,236.1,4.17,4.51,3.88,3.76,4.59,4.65,0.63,0.12,4.06,0.11,0.10,0,0,0.0,0.0,13578,1183,1.8,1.8,0,
8.7.2026,15:29:21.602,18669,27325,40.5,13626,19056,41.6,0.5,13312,70,1.324,1.319,1.325,1.325,1.325,1.325,1.325,1.325,1.325,4067.7,4067.7,4067.7,4067.7,4067.7,4067.7,4067.7,4067.7,4067.7,99.8,1337.2,3470.8,1441.5,3086.5,1350.4,1728.9,1314.2,1188.8,1403.3,661.9,750.6,1047.7,1066.5,875.5,880.8,509.1,618.4,1337.2,30.1,58.9,33.7,74.9,32.2,41.0,30.7,27.9,33.1,15.3,17.6,24.5,25.1,19.8,20.6,11.5,14.1,74.9,30.1,34.2,66.9,38.2,85.1,36.6,46.5,34.9,31.7,37.6,17.4,20.0,27.8,28.5,22.5,23.4,13.1,16.0,34.2,40.8,40.8,40.8,40.8,40.8,40.8,40.8,40.8,40.8,0.0,77.2,84.8,95.7,81.8,79.2,67.8,73.9,70.4,64.3,22.8,15.2,4.3,18.2,20.8,32.2,26.1,29.6,35.7,0.0,0.0,0.0,0.0,0.0,0.0,0.0,0.0,0.0,1197.8,12.00,16,16,16,39,55,661,1,71.9,71.2,71.8,67.2,69.4,70.7,68.6,67.5,65.4,66.1,65.3,64.7,62.6,62.9,62.2,55.5,51.4,1.350,1.044,1.344,13.256,11.038,13.250,69.512,38.227,4.111,5.405,6.171,4.515,4.023,3.046,3.640,3.312,2.775,17.856,11.369,29.224,38.325,1197.8,1197.8,4095.3,4096.1,4094.5,4096.1,43.6,22.1,77.2,74.9,54.1,No,No,No,1.418,0.309,6.2,50,95.0,100.0,No,No,91294,99096,35,99.0,No,No,3320,0.0,0.0,0.0,0.000,0.012,79835,50702,0.0,0.0,0.0,0.000,0.000,52,0,46.2,60.8,83.0,0.725,12.138,12.184,12.156,12.074,1131,39.203,14.746,19.185,5.288,34.025,23.350,10.658,0.336,19.185,20.468,2.329,12.633,220.000,240.000,1215.0,1250.2,1065.0,1195.7,1155.0,40.0,10.0,0.0,2.0,28.1,4.0,15.8,0.0,0.0,0.0,33,Yes,No,No,No,No,Yes,No,18.0,22.3,0,0,0,0,0,0,0,0,0,9,0,0,0,0,0,0,0,0,0,0,0,0,0,0,0,0,0,0,0,0,5886,2306,2141,99,8.0,239.7,259.6,222.5,216.7,219.8,215.1,238.7,242.7,236.7,135.2,178.4,119.8,4.17,4.53,3.86,3.70,4.56,4.59,0.67,0.12,4.06,0.11,0.10,0,0,0.0,0.0,13578,1183,1.9,1.4,0,
8.7.2026,15:29:23.596,18667,27326,40.5,13626,19056,41.6,0.5,13312,70,1.327,1.337,1.325,1.325,1.325,1.325,1.325,1.325,1.331,4086.4,4092.6,4092.6,4092.6,4092.6,4092.6,4092.6,4067.7,4067.7,99.8,1356.7,3495.0,1539.6,3212.4,1211.7,1835.2,1298.0,1261.1,1347.0,698.3,688.1,1039.9,1095.6,874.8,930.0,534.9,646.0,1356.7,30.5,57.8,36.1,78.0,28.7,43.9,30.3,29.8,31.9,16.2,16.1,24.4,25.9,19.8,21.8,12.4,15.2,78.0,30.5,34.6,65.6,40.9,88.6,32.5,49.8,34.4,33.8,36.2,18.4,18.2,27.7,29.4,22.5,24.8,14.1,17.2,34.6,40.9,41.0,41.0,41.0,41.0,41.0,41.0,40.8,40.8,0.0,78.3,85.4,95.3,83.9,80.8,68.7,75.0,71.8,65.6,21.7,14.6,4.7,16.1,19.2,31.3,25.0,28.2,34.4,0.0,0.0,0.0,0.0,0.0,0.0,0.0,0.0,0.0,1197.8,12.00,16,16,16,39,55,661,1,71.9,71.1,72.5,67.3,69.6,70.5,69.1,67.5,65.5,66.1,65.4,64.8,62.6,62.9,62.3,52.8,51.0,1.362,1.025,1.356,13.437,11.020,13.438,70.472,38.495,4.147,5.468,6.107,4.707,4.048,3.021,3.666,3.344,2.814,18.088,11.354,29.442,38.559,1197.8,1197.8,4094.2,4094.9,4093.6,4094.9,43.8,22.4,78.3,74.9,54.3,No,No,No,1.439,0.324,6.3,50,95.0,100.0,No,No,91294,99096,35,99.0,No,No,3320,0.0,0.0,0.0,0.000,0.004,79835,50702,0.0,0.0,0.0,0.000,0.000,52,0,46.3,60.8,83.0,0.738,12.142,12.188,12.160,12.077,1131,40.953,15.513,20.684,5.570,34.801,23.296,11.490,0.336,20.684,20.031,2.462,15.780,220.000,240.000,1260.0,1250.2,1095.0,1258.1,1185.0,39.0,10.0,0.0,2.0,28.1,4.0,16.1,0.0,0.0,0.0,33,Yes,No,No,No,No,Yes,No,18.5,22.9,0,0,0,0,0,0,0,0,0,9,0,0,0,0,0,0,0,0,0,0,0,0,0,0,0,0,0,0,0,0,5886,2306,2141,99,8.0,239.8,257.6,224.4,219.4,221.4,218.7,239.8,242.0,237.5,236.9,237.3,236.8,4.17,4.50,3.86,3.78,4.53,4.54,0.66,0.11,4.06,0.11,0.11,0,0,0.0,0.0,13578,1183,3.7,2.5,0,
8.7.2026,15:29:25.594,18669,27324,40.5,13630,19052,41.7,0.5,13312,70,1.325,1.337,1.312,1.325,1.325,1.325,1.325,1.325,1.325,4089.5,4092.6,4092.6,4067.7,4092.6,4092.6,4092.6,4092.6,4092.6,99.8,1388.5,3530.9,1611.7,2387.0,2033.8,1703.7,1594.9,1282.6,1413.0,674.1,753.4,1126.5,1081.2,881.1,931.6,563.8,646.8,1388.5,31.1,58.1,37.7,57.7,48.7,40.4,37.7,30.0,33.4,15.5,17.6,26.3,25.3,19.9,21.8,12.9,15.0,58.1,31.1,35.4,66.0,42.8,65.5,55.3,45.8,42.8,34.1,37.9,17.7,20.0,29.9,28.8,22.6,24.8,14.7,17.0,35.3,41.0,41.0,41.0,40.8,41.0,41.0,41.0,41.0,41.0,0.0,79.3,86.3,95.3,85.3,81.5,69.9,76.1,73.0,66.9,20.7,13.7,4.7,14.7,18.5,30.1,23.9,27.0,33.1,0.0,0.0,0.0,0.0,0.0,0.0,0.0,0.0,0.0,1197.8,12.00,16,16,16,39,55,661,1,71.9,71.3,72.2,67.4,69.5,70.5,69.2,67.7,65.5,66.2,65.4,64.8,62.6,62.9,62.2,55.2,51.2,1.337,1.038,1.337,13.479,11.053,13.474,71.344,38.511,4.181,5.413,6.104,4.826,4.147,3.044,3.716,3.366,2.828,18.141,11.386,29.527,38.634,1197.8,1197.8,4094.2,4094.5,4094.0,4094.5,43.9,22.5,79.3,75.0,54.1,No,No,No,1.452,0.306,6.3,50,95.0,100.0,No,No,91294,99096,35,99.0,No,No,3320,0.0,0.2,0.2,0.008,0.318,79835,50702,0.0,0.0,0.0,0.000,0.000,52,0,46.1,60.5,83.0,0.719,12.143,12.190,12.160,12.078,1129,40.079,14.610,19.239,5.132,33.806,23.104,10.688,0.336,19.239,20.039,2.184,12.332,220.000,240.000,1200.0,1250.2,1050.0,1213.9,1140.0,36.0,9.0,0.0,2.0,28.1,3.8,15.1,0.0,0.0,0.0,33,Yes,No,No,No,No,Yes,No,17.9,19.8,0,0,0,0,0,0,0,0,0,9,0,0,0,0,0,0,0,0,0,0,0,0,0,0,0,0,0,0,0,0,5886,2306,2141,99,8.0,239.8,256.3,224.0,220.7,222.1,220.1,239.8,242.1,236.8,236.2,236.5,236.1,4.17,4.49,3.85,3.77,4.51,4.54,0.64,0.14,4.06,0.11,0.10,0,0,0.0,0.0,13578,1183,2.6,2.3,0,
8.7.2026,15:29:27.598,18671,27323,40.5,13644,19038,41.7,0.5,13312,70,1.331,1.331,1.331,1.331,1.331,1.331,1.331,1.331,1.331,4092.6,4092.6,4092.6,4092.6,4092.6,4092.6,4092.6,4092.6,4092.6,99.8,1416.2,3600.0,1684.4,1391.6,3071.8,1433.7,1889.2,1196.8,1496.9,709.5,760.1,1131.0,1133.8,901.0,976.8,652.8,630.0,1416.2,31.9,60.1,39.6,32.9,74.9,33.8,44.9,28.1,35.3,16.4,17.8,26.5,26.8,20.3,22.9,15.0,14.5,74.9,31.9,36.2,68.2,45.0,37.4,84.9,38.4,51.0,31.9,40.1,18.6,20.2,30.1,30.4,23.1,26.0,17.1,16.5,36.2,41.0,41.0,41.0,41.0,41.0,41.0,41.0,41.0,41.0,0.0,80.7,88.0,95.9,86.3,82.9,71.6,77.8,74.6,68.4,19.3,12.0,4.1,13.7,17.1,28.4,22.2,25.4,31.6,0.0,0.0,0.0,0.0,0.0,0.0,0.0,0.0,0.0,1197.8,12.00,16,16,16,39,55,661,1,81.0,71.5,71.5,67.5,70.0,70.8,69.4,67.7,65.7,66.4,65.6,64.9,62.7,63.0,62.4,53.8,50.9,1.350,1.038,1.356,13.711,11.049,13.718,72.619,38.890,4.249,5.663,6.183,4.866,4.143,3.092,3.764,3.407,2.872,18.441,11.384,29.826,38.957,1197.8,1197.8,4091.6,4092.1,4091.1,4092.1,44.3,22.9,80.7,75.3,54.1,No,No,No,1.491,0.332,6.5,50,95.0,100.0,No,No,91294,99096,35,99.0,No,No,3320,0.0,0.0,0.0,0.000,0.002,79835,50702,0.0,0.0,0.0,0.000,0.000,52,0,46.0,60.4,83.0,0.719,12.142,12.189,12.159,12.076,1129,39.179,13.268,17.185,4.047,31.796,22.233,9.547,0.336,17.185,18.993,2.133,9.219,220.000,240.000,1200.0,1250.2,1050.0,1197.1,1140.0,40.0,10.0,0.0,2.0,28.1,3.5,14.1,0.0,0.0,0.0,33,Yes,No,No,No,No,Yes,No,16.4,22.3,0,0,0,0,0,0,0,0,0,9,0,0,0,0,0,0,0,0,0,0,0,0,0,0,0,0,0,0,0,0,5886,2306,2141,99,8.0,239.8,257.6,224.9,209.3,217.6,205.4,239.8,242.9,236.5,231.6,234.2,230.3,4.17,4.49,3.84,3.79,4.66,4.84,0.67,0.12,4.06,0.11,0.10,0,0,0.0,0.0,13578,1183,3.3,4.6,0,
8.7.2026,15:29:29.598,18668,27326,40.5,13626,19055,41.6,0.5,13312,70,1.329,1.331,1.325,1.325,1.325,1.331,1.331,1.331,1.331,4092.6,4092.6,4092.6,4092.6,4092.6,4092.6,4092.6,4092.6,4092.6,99.8,1353.4,3519.7,1539.8,1130.7,3254.6,1391.3,1751.6,1078.5,1635.5,689.2,675.9,985.1,1101.8,868.1,922.0,567.6,543.4,1353.4,30.5,58.6,36.1,26.7,79.3,32.8,41.7,25.3,39.0,16.0,15.8,23.0,26.0,19.7,21.7,13.0,12.6,79.3,30.5,34.5,66.5,41.0,30.3,90.0,37.2,47.3,28.6,44.2,18.1,17.9,26.1,29.5,22.3,24.6,14.7,14.2,34.5,41.0,41.0,41.0,41.0,41.0,41.0,41.0,41.0,41.0,0.0,78.5,86.0,95.8,83.2,81.4,69.2,75.2,72.0,65.7,21.5,14.0,4.2,16.8,18.6,30.8,24.8,28.0,34.3,0.0,0.0,0.0,0.0,0.0,0.0,0.0,0.0,0.0,1197.8,12.00,16,16,16,39,55,661,1,77.9,71.2,71.0,67.3,69.3,70.7,68.9,67.7,65.5,66.0,65.4,64.6,62.6,62.9,62.2,54.2,51.1,1.344,1.031,1.344,13.321,11.012,13.314,70.693,38.338,4.136,5.391,6.173,4.630,4.144,3.037,3.628,3.331,2.755,17.934,11.345,29.279,38.385,1197.8,1197.8,4094.4,4095.0,4093.9,4095.0,43.6,22.2,78.5,75.0,54.0,No,No,No,1.469,0.348,6.3,50,95.0,100.0,No,No,91294,99096,35,99.0,No,No,3320,0.1,0.8,0.9,0.016,8.924,79835,50719,0.0,0.0,0.0,0.000,0.000,52,0,46.0,60.4,83.0,0.706,12.141,12.188,12.159,12.076,1128,38.151,13.991,17.868,4.753,33.242,23.295,9.926,0.336,17.868,20.462,2.031,10.135,220.000,240.000,1155.0,1250.2,1005.0,1147.0,1095.0,39.0,9.0,0.0,2.0,28.1,3.7,14.8,0.0,0.0,0.0,33,Yes,No,No,No,No,Yes,No,17.4,21.3,0,0,0,0,0,0,0,0,0,9,0,0,0,0,0,0,0,0,0,0,0,0,0,0,0,0,0,0,0,0,5886,2306,2141,99,8.0,239.8,266.3,218.3,204.5,210.9,201.7,239.8,241.9,237.6,237.1,237.3,237.0,4.17,4.55,3.74,3.49,4.73,4.96,0.64,0.13,4.06,0.11,0.11,0,0,0.0,0.0,13578,1183,2.1,2.1,0,
8.7.2026,15:29:31.596,18671,27323,40.5,13627,19055,41.6,0.5,13312,70,1.345,1.325,1.344,1.344,1.350,1.350,1.350,1.350,1.350,4114.5,4092.6,4117.6,4117.6,4117.6,4117.6,4117.6,4117.6,4117.6,99.8,1484.3,3591.4,1639.9,2714.6,1706.8,2046.3,1472.3,1474.0,1525.3,895.6,819.1,1225.0,1170.5,987.7,1064.1,638.6,777.9,1484.3,33.8,59.9,39.0,66.1,40.8,49.5,35.2,35.5,36.7,20.9,19.3,28.8,28.2,22.5,25.7,14.7,18.2,66.1,33.8,38.0,67.4,43.6,74.5,46.2,55.5,39.3,39.6,41.0,23.7,21.9,32.6,31.3,25.5,28.5,16.7,20.6,38.0,41.2,41.0,41.2,41.2,41.2,41.2,41.2,41.2,41.2,0.0,82.1,88.0,95.0,87.8,84.7,74.5,79.3,76.4,70.9,17.9,12.0,5.0,12.2,15.3,25.5,20.7,23.6,29.1,0.0,0.0,0.0,0.0,0.0,0.0,0.0,0.0,0.0,1197.8,12.00,16,16,16,39,55,661,1,75.6,72.7,73.0,68.3,70.2,70.9,70.5,68.8,67.0,66.9,66.5,65.8,62.8,63.1,62.5,55.0,51.8,1.337,1.031,1.344,14.492,11.047,14.497,73.871,39.896,4.439,5.535,6.047,5.204,4.570,3.494,3.896,3.657,3.112,19.443,11.385,30.828,39.958,1197.8,1197.8,4081.8,4081.8,4081.8,4081.8,45.4,24.2,82.1,76.5,54.6,No,No,No,1.462,0.336,6.6,50,95.0,100.0,No,No,91294,99096,35,99.0,No,No,3320,0.0,0.0,0.0,0.009,0.002,79835,50719,0.0,0.0,0.0,0.000,0.000,52,0,46.2,60.9,83.0,0.719,12.136,12.182,12.155,12.072,1129,38.725,14.240,19.064,4.934,33.705,23.105,10.590,0.336,19.064,19.925,2.160,9.515,220.000,240.000,1185.0,1250.2,1050.0,1176.3,1140.0,38.0,9.0,0.0,2.0,28.1,3.8,15.0,0.0,0.0,0.0,33,Yes,No,No,No,No,Yes,No,17.7,21.7,0,0,0,0,0,0,0,0,0,9,0,0,0,0,0,0,0,0,0,0,0,0,0,0,0,0,0,0,0,0,5886,2306,2141,99,8.0,239.8,255.5,226.1,215.2,218.9,214.8,239.8,242.6,237.1,235.9,236.5,235.7,4.17,4.47,3.88,3.77,4.58,4.63,0.64,0.05,4.06,0.11,0.09,0,0,0.0,0.0,13578,1183,2.7,2.4,0,
8.7.2026,15:29:33.595,18670,27324,40.5,13628,19054,41.6,0.5,13312,70,1.326,1.331,1.312,1.331,1.331,1.331,1.325,1.319,1.325,4067.7,4092.6,4042.7,4067.7,4067.7,4067.7,4067.7,4067.7,4067.7,99.8,1381.9,3582.0,1602.0,3130.0,1204.2,2074.6,1286.9,1610.7,1126.6,788.3,583.2,1375.6,780.9,1065.4,727.8,602.3,570.2,1381.9,30.6,58.0,37.0,75.7,27.8,49.4,29.4,37.8,25.6,18.3,13.4,32.6,17.3,24.3,16.2,13.7,13.1,75.7,30.6,35.0,66.2,42.5,86.1,31.6,56.4,34.0,43.4,29.7,20.8,15.2,37.0,20.3,27.6,19.1,15.5,14.1,35.0,40.8,41.0,40.5,40.8,40.8,40.8,40.8,40.8,40.8,0.0,80.6,87.5,94.9,87.1,83.5,71.4,77.4,74.6,68.6,19.4,12.5,5.1,12.9,16.5,28.6,22.6,25.4,31.4,0.0,0.0,0.0,0.0,0.0,0.0,0.0,0.0,0.0,1197.8,12.00,16,16,16,39,55,661,1,73.6,71.4,72.8,67.5,69.7,70.6,69.6,67.8,65.6,66.2,65.5,64.8,62.7,63.0,62.3,52.8,51.1,1.337,1.025,1.344,13.582,11.050,13.577,72.559,38.623,4.210,5.442,6.031,4.950,4.225,3.076,3.725,3.398,2.830,18.278,11.384,29.662,38.775,1197.8,1197.8,4094.0,4094.0,4094.0,4094.0,44.1,22.6,80.6,75.2,54.1,No,No,No,1.445,0.344,6.4,50,95.0,100.0,No,No,91294,99096,35,99.0,No,No,3320,0.0,0.0,0.1,0.079,0.014,79835,50719,0.0,0.0,0.0,0.000,0.000,52,0,46.1,60.5,83.0,0.719,12.138,12.184,12.156,12.073,1132,38.746,14.515,19.050,4.874,33.757,23.156,10.583,0.336,19.050,19.921,2.168,12.258,220.000,240.000,1185.0,1250.2,1050.0,1171.0,1140.0,40.0,10.0,0.0,2.0,28.1,3.6,14.5,0.0,0.0,0.0,33,Yes,No,No,No,No,Yes,No,17.7,21.4,0,0,0,0,0,0,0,0,0,9,0,0,0,0,0,0,0,0,0,0,0,0,0,0,0,0,0,0,0,0,5886,2306,2141,99,8.0,239.8,270.9,221.2,207.4,213.6,205.0,0.0,0.0,0.0,0.0,0.0,0.0,4.17,4.55,3.68,3.52,4.67,4.87,0.53,0.04,4.06,0.11,0.00,0,0,0.0,0.0,13578,1183,2.1,1.7,0,
8.7.2026,15:29:35.595,18668,27326,40.5,13627,19054,41.6,0.5,13312,70,1.334,1.344,1.337,1.337,1.331,1.331,1.331,1.331,1.331,4092.6,4092.6,4092.6,4092.6,4092.6,4092.6,4092.6,4092.6,4092.6,99.8,1385.7,3561.8,1729.8,2446.3,1864.1,1798.6,1516.1,1525.1,1146.6,725.6,634.9,1318.6,839.5,1049.0,719.8,615.1,680.0,1385.7,31.1,55.3,40.9,59.1,45.3,42.8,36.0,36.3,27.1,17.0,14.8,31.4,19.6,24.3,16.7,14.5,16.0,59.1,31.1,35.2,62.7,46.4,67.1,51.3,48.6,40.8,41.1,30.7,19.2,16.7,35.5,22.2,27.5,18.9,16.4,18.8,35.2,41.0,41.0,41.0,41.0,41.0,41.0,41.0,41.0,41.0,0.0,79.5,87.0,95.0,85.6,81.6,69.8,75.7,72.6,68.2,20.5,13.0,5.0,14.4,18.4,30.2,24.3,27.4,31.8,0.0,0.0,0.0,0.0,0.0,0.0,0.0,0.0,0.0,1197.8,12.00,16,16,16,39,55,661,1,72.9,71.5,69.8,67.5,69.9,70.6,69.4,67.7,65.6,66.3,65.6,65.0,62.6,63.0,62.3,53.5,51.1,1.350,1.044,1.350,13.643,11.081,13.646,71.506,38.882,4.203,5.578,6.048,4.853,4.137,3.031,3.699,3.371,2.908,18.371,11.414,29.785,38.909,1197.8,1197.8,4094.2,4094.3,4094.1,4094.3,44.2,22.7,79.5,75.3,54.4,No,No,No,1.478,0.359,6.4,50,95.0,100.0,No,No,91294,99096,35,99.0,No,No,3320,0.0,0.0,0.0,0.000,0.004,79835,50719,0.0,0.0,0.0,0.000,0.000,52,0,46.1,60.6,83.0,0.719,12.139,12.185,12.157,12.074,1131,38.848,14.602,18.914,4.874,33.675,23.146,10.508,0.336,18.914,19.974,2.113,13.566,220.000,240.000,1185.0,1250.2,1050.0,1180.1,1140.0,38.0,9.0,0.0,2.0,28.1,3.7,14.9,0.0,0.0,0.0,33,Yes,No,No,No,No,Yes,No,17.8,21.9,0,0,0,0,0,0,0,0,0,9,0,0,0,0,0,0,0,0,0,0,0,0,0,0,0,0,0,0,0,0,5886,2306,2141,99,8.0,239.8,253.4,223.4,200.7,209.4,198.4,0.0,0.0,0.0,0.0,0.0,0.0,4.17,4.55,3.88,3.77,4.79,5.03,0.55,0.17,4.06,0.11,0.00,0,0,0.0,0.0,13578,1183,2.1,1.8,0,
8.7.2026,15:29:37.604,18713,27281,40.6,13651,19031,41.7,0.5,13312,70,1.321,1.337,1.319,1.319,1.319,1.319,1.319,1.319,1.319,4070.8,4092.6,4067.7,4067.7,4067.7,4067.7,4067.7,4067.7,4067.7,99.8,1437.9,3567.8,2153.9,1116.1,3276.8,1340.1,1963.1,1539.3,1258.0,733.0,727.3,1287.5,898.7,998.8,879.6,617.6,649.2,1437.9,31.9,49.1,51.2,26.2,79.8,31.5,46.8,36.6,29.5,17.0,17.5,30.4,20.9,23.4,20.5,14.2,15.7,79.8,31.9,36.1,55.7,58.1,29.7,90.6,35.7,53.1,41.5,33.6,19.3,19.2,34.6,23.7,25.9,23.2,16.1,17.0,36.1,40.8,41.0,40.8,40.8,40.8,40.8,40.8,40.8,40.8,0.0,79.9,87.1,95.9,85.4,82.2,71.1,76.0,73.7,68.2,20.1,12.9,4.1,14.6,17.8,28.9,24.0,26.3,31.8,0.0,0.0,0.0,0.0,0.0,0.0,0.0,0.0,0.0,1197.8,12.00,16,16,16,39,55,661,1,72.5,71.5,72.5,67.6,69.7,70.8,69.5,67.9,65.7,66.3,65.6,65.0,62.7,63.1,62.4,55.2,51.2,1.344,1.019,1.350,13.774,11.100,13.773,71.955,38.983,4.250,5.486,6.146,4.878,4.257,3.130,3.720,3.434,2.947,18.547,11.435,29.983,39.106,1197.8,1197.8,4094.6,4094.7,4094.5,4094.7,44.4,23.0,79.9,75.2,54.4,No,No,No,1.489,0.353,6.4,50,95.0,100.0,No,No,91294,99096,35,99.0,No,No,3320,0.0,0.0,0.1,0.032,0.042,79835,50720,0.0,0.0,0.0,0.000,0.000,52,0,46.2,60.8,83.0,0.731,12.139,12.186,12.157,12.075,1132,39.412,14.610,19.514,4.996,33.821,22.954,10.841,0.336,19.514,19.641,2.229,12.254,220.000,240.000,1230.0,1250.2,1080.0,1227.6,1170.0,39.0,9.0,0.0,2.0,28.1,3.6,14.5,0.0,0.0,0.0,33,Yes,No,No,No,No,Yes,No,18.2,22.0,0,0,0,0,0,0,0,0,0,9,0,0,0,0,0,0,0,0,0,0,0,0,0,0,0,0,0,0,0,0,5886,2306,2141,99,8.0,239.7,259.6,221.3,214.8,217.6,213.6,239.8,242.9,236.6,234.6,235.2,234.6,4.17,4.56,3.85,3.76,4.60,4.63,0.54,0.14,4.06,0.11,0.11,0,0,0.0,0.0,13578,1183,5.8,5.2,0,
8.7.2026,15:29:39.597,18713,27281,40.6,13656,19026,41.7,0.5,13312,70,1.331,1.337,1.325,1.331,1.331,1.331,1.331,1.331,1.331,4092.6,4092.6,4092.6,4092.6,4092.6,4092.6,4092.6,4092.6,4092.6,99.8,1509.2,3620.1,2163.5,1282.7,3261.1,1491.3,1986.0,1518.7,1353.1,779.7,791.1,1384.1,1019.7,1061.2,921.8,702.8,809.6,1509.2,33.6,52.7,51.6,30.4,79.5,35.2,47.4,36.0,32.0,18.2,17.9,32.8,23.9,23.8,21.6,16.3,18.3,79.5,33.6,38.2,59.7,58.5,34.4,90.1,39.9,53.7,40.8,36.3,20.6,21.0,37.2,27.0,27.6,24.4,18.5,21.5,38.2,41.0,41.0,41.0,41.0,41.0,41.0,41.0,41.0,41.0,0.0,81.5,88.6,96.4,87.3,82.9,72.9,78.1,75.2,71.0,18.5,11.4,3.6,12.7,17.1,27.1,21.9,24.8,29.0,0.0,0.0,0.0,0.0,0.0,0.0,0.0,0.0,0.0,1197.8,12.00,16,16,16,39,55,661,1,72.1,71.6,73.0,67.8,70.1,70.8,69.8,67.9,65.9,66.6,65.8,65.3,62.8,63.1,62.4,53.2,51.2,1.331,1.038,1.337,14.079,11.121,14.086,73.393,39.467,4.316,5.574,6.139,5.025,4.272,3.170,3.839,3.486,3.028,18.924,11.459,30.383,39.524,1197.8,1197.8,4088.6,4088.8,4088.3,4088.8,44.9,23.5,81.5,75.4,54.6,No,No,No,1.579,0.348,6.5,50,95.0,100.0,No,No,91294,99096,35,99.0,No,No,3320,0.0,0.0,0.0,0.000,0.082,79835,50720,0.0,0.0,0.0,0.000,0.000,52,0,46.0,60.4,83.0,0.713,12.140,12.188,12.158,12.075,1132,38.475,14.369,18.535,4.741,33.337,23.028,10.297,0.336,18.535,19.882,2.207,12.791,220.000,240.000,1170.0,1250.2,1020.0,1168.2,1110.0,39.0,9.0,0.0,2.0,28.1,3.6,14.4,0.0,0.0,0.0,33,Yes,No,No,No,No,Yes,No,17.6,20.2,0,0,0,0,0,0,0,0,0,9,0,0,0,0,0,0,0,0,0,0,0,0,0,0,0,0,0,0,0,0,5886,2306,2141,99,8.0,239.8,256.7,223.8,203.8,213.0,200.2,0.0,0.0,0.0,0.0,0.0,0.0,4.17,4.55,3.85,3.51,4.73,4.99,0.52,0.19,4.05,0.12,0.00,0,0,0.0,0.0,13578,1183,7.7,1.8,0,
8.7.2026,15:29:41.598,18709,27284,40.6,13649,19033,41.7,0.5,13312,70,1.317,1.331,1.331,1.312,1.312,1.312,1.312,1.312,1.312,4089.5,4092.6,4067.7,4092.6,4092.6,4092.6,4092.6,4092.6,4092.6,99.8,1406.0,3525.8,2014.8,2761.9,1690.5,1726.7,1465.5,1637.0,1086.9,739.3,670.5,1313.1,876.7,1044.7,782.1,563.8,596.7,1406.0,31.4,50.5,48.1,67.1,40.9,41.3,35.0,39.3,26.0,17.1,15.6,31.6,20.9,24.5,18.1,12.9,13.7,67.1,31.4,35.3,56.9,54.1,75.8,45.9,46.3,39.2,44.1,28.9,19.4,17.7,35.3,23.1,27.2,20.5,14.6,15.6,35.3,41.0,41.0,40.8,41.0,41.0,41.0,41.0,41.0,41.0,0.0,79.5,86.1,95.6,84.4,82.1,70.5,76.0,73.6,67.6,20.5,13.9,4.4,15.6,17.9,29.5,24.0,26.4,32.4,0.0,0.0,0.0,0.0,0.0,0.0,0.0,0.0,0.0,1197.8,12.00,16,16,16,39,55,661,1,72.1,71.1,71.8,67.4,69.4,70.5,69.1,67.8,65.6,66.2,65.6,64.8,62.7,63.0,62.4,53.5,51.4,1.350,1.038,1.356,13.567,11.049,13.561,71.551,38.648,4.178,5.393,6.085,4.712,4.193,3.083,3.718,3.413,2.830,18.267,11.385,29.652,38.759,1197.8,1197.8,4094.4,4094.8,4094.0,4094.8,44.0,22.6,79.5,74.8,54.5,No,No,No,1.416,0.320,6.4,50,95.0,100.0,No,No,91294,99096,35,99.0,No,No,3320,0.0,0.0,0.0,0.008,0.071,79835,50720,0.0,0.0,0.0,0.000,0.000,52,0,46.3,61.1,83.0,0.731,12.135,12.181,12.154,12.071,1132,40.279,15.005,19.949,5.433,34.371,23.273,11.082,0.336,19.949,20.196,2.799,12.661,220.000,240.000,1230.0,1250.2,1080.0,1227.2,1170.0,38.0,10.0,0.0,2.0,28.1,3.8,15.2,0.0,0.0,0.0,33,Yes,No,No,No,No,Yes,No,17.9,21.9,0,0,0,0,0,0,0,0,0,9,0,0,0,0,0,0,0,0,0,0,0,0,0,0,0,0,0,0,0,0,5886,2306,2141,99,8.0,239.7,258.8,223.5,216.5,219.9,214.9,239.8,242.0,237.2,236.6,236.9,236.4,4.17,4.51,3.89,3.76,4.56,4.65,0.62,0.18,4.06,0.11,0.10,0,0,0.0,0.0,13578,1183,2.4,2.1,0,
8.7.2026,15:29:43.594,18710,27284,40.6,13653,19028,41.7,0.5,13312,70,1.330,1.325,1.344,1.344,1.325,1.325,1.325,1.325,1.325,4089.5,4067.7,4092.6,4092.6,4092.6,4092.6,4092.6,4092.6,4092.6,99.8,1450.9,3564.6,2081.7,3216.5,1308.0,1871.1,1428.0,1636.0,1111.5,853.1,657.4,1356.0,915.6,1095.7,797.5,721.3,600.9,1450.9,32.4,51.3,49.4,78.0,30.9,44.4,33.6,38.8,26.0,20.6,15.9,32.2,21.2,25.2,19.1,17.4,14.5,78.0,32.4,36.6,58.2,56.1,88.5,35.1,50.4,38.1,44.0,29.5,22.6,17.3,36.5,24.1,28.6,21.0,19.1,15.7,36.6,41.0,40.8,41.0,41.0,41.0,41.0,41.0,41.0,41.0,0.0,79.9,87.1,96.1,84.9,82.1,71.0,76.3,73.7,68.1,20.1,12.9,3.9,15.1,17.9,29.0,23.7,26.3,31.9,0.0,0.0,0.0,0.0,0.0,0.0,0.0,0.0,0.0,1197.8,12.00,16,16,16,39,55,661,1,72.0,71.4,72.0,67.5,69.7,70.6,69.4,67.7,65.6,66.3,65.5,64.9,62.6,63.0,62.3,54.2,51.0,1.362,1.031,1.356,13.745,11.064,13.747,71.938,38.965,4.224,5.492,6.161,4.828,4.185,3.097,3.721,3.418,2.891,18.485,11.400,29.885,39.008,1197.8,1197.8,4092.1,4092.6,4091.6,4092.6,44.3,22.9,79.9,75.1,54.5,No,No,No,1.477,0.317,6.4,50,95.0,100.0,No,No,91294,99096,35,99.0,No,No,3320,0.0,0.0,0.0,0.000,0.010,79835,50720,0.0,0.0,0.0,0.000,0.000,52,0,46.0,60.3,83.0,0.694,12.142,12.190,12.159,12.077,1129,37.992,13.469,16.670,4.218,32.149,22.874,9.261,0.336,16.670,20.038,2.009,10.464,220.000,240.000,1140.0,1250.2,990.0,1148.7,1080.0,38.0,9.0,0.0,2.0,28.1,3.4,13.8,0.0,0.0,0.0,33,Yes,No,No,No,No,Yes,No,16.9,21.9,0,0,0,0,0,0,0,0,0,9,0,0,0,0,0,0,0,0,0,0,0,0,0,0,0,0,0,0,0,0,5886,2306,2141,99,8.0,239.8,264.2,220.4,217.8,219.0,217.3,239.8,242.2,236.9,235.9,236.4,235.7,4.17,4.54,3.79,3.62,4.60,4.67,0.60,0.12,4.06,0.11,0.11,0,0,0.0,0.0,13578,1183,2.3,2.3,0,
8.7.2026,15:29:45.595,18711,27282,40.6,13650,19032,41.7,0.5,13312,70,1.316,1.331,1.319,1.312,1.312,1.312,1.312,1.312,1.312,4070.8,4092.6,4067.7,4067.7,4067.7,4067.7,4067.7,4067.7,4067.7,99.8,1388.3,3498.9,2011.0,2663.4,1763.0,1587.6,1526.8,1483.0,1138.8,781.2,609.3,1280.1,885.8,982.3,801.3,611.0,588.8,1388.3,30.6,49.2,47.6,64.4,42.0,37.5,35.7,35.1,26.6,18.1,14.1,30.3,20.5,22.4,18.5,14.0,13.5,64.4,30.6,34.8,55.9,54.1,73.2,47.7,42.6,40.6,39.9,30.2,20.6,16.0,34.5,23.3,25.5,21.0,15.8,15.3,34.8,40.8,41.0,40.8,40.8,40.8,40.8,40.8,40.8,40.8,0.0,78.9,85.4,95.4,83.7,81.2,69.5,75.7,73.0,66.8,21.1,14.6,4.6,16.3,18.8,30.5,24.3,27.0,33.2,0.0,0.0,0.0,0.0,0.0,0.0,0.0,0.0,0.0,1197.8,12.00,16,16,16,39,55,661,1,71.9,71.2,73.2,67.3,69.6,70.6,69.0,67.5,65.5,66.1,65.5,64.8,62.6,62.9,62.2,54.5,51.3,1.356,1.025,1.363,13.569,11.042,13.564,70.978,38.630,4.177,5.522,6.143,4.669,4.099,3.058,3.699,3.377,2.852,18.280,11.375,29.655,38.760,1197.8,1197.8,4096.6,4097.0,4096.2,4097.0,44.0,22.6,78.9,74.9,54.5,No,No,No,1.412,0.308,6.3,49,95.0,100.0,No,No,91294,99096,35,99.0,No,No,3320,0.1,0.0,0.1,0.042,0.008,79835,50720,0.0,0.0,0.0,0.000,0.000,52,0,46.1,60.5,83.0,0.713,12.139,12.185,12.157,12.074,1129,38.463,14.244,18.198,4.825,33.321,23.195,10.110,0.336,18.198,20.287,2.092,11.877,220.000,240.000,1170.0,1250.2,1020.0,1147.9,1110.0,39.0,10.0,0.0,2.0,28.1,3.8,15.2,0.0,0.0,0.0,33,Yes,No,No,No,No,Yes,No,17.9,21.2,0,0,0,0,0,0,0,0,0,9,0,0,0,0,0,0,0,0,0,0,0,0,0,0,0,0,0,0,0,0,5886,2306,2141,99,8.0,239.7,256.8,223.0,220.6,221.6,220.2,0.0,0.0,0.0,0.0,0.0,0.0,4.17,4.49,3.89,3.69,4.52,4.55,0.55,0.07,4.06,0.11,0.00,0,0,0.0,0.0,13578,1183,2.3,1.8,0,
8.7.2026,15:29:47.598,18706,27288,40.6,13650,19031,41.7,0.5,13312,70,1.330,1.337,1.331,1.331,1.331,1.331,1.325,1.325,1.325,4092.6,4092.6,4092.6,4092.6,4092.6,4092.6,4092.6,4092.6,4092.6,99.8,1540.6,3593.9,2121.4,1323.1,3180.8,1372.3,2094.6,1277.0,1620.7,810.9,924.3,1132.3,1289.3,948.6,1136.2,801.9,1021.6,1540.6,34.6,52.3,50.6,31.3,77.7,32.3,50.2,30.1,38.6,19.1,21.9,26.7,30.5,21.7,26.9,18.9,24.3,77.7,34.6,39.1,59.1,57.2,35.4,87.8,36.5,56.8,34.0,43.6,21.5,24.7,30.2,34.5,24.6,30.4,21.3,27.4,39.1,41.0,41.0,41.0,41.0,41.0,41.0,41.0,41.0,41.0,0.0,82.3,88.1,96.2,87.3,84.0,74.4,78.8,76.5,73.3,17.7,11.9,3.8,12.7,16.0,25.6,21.2,23.5,26.7,0.0,0.0,0.0,0.0,0.0,0.0,0.0,0.0,0.0,1197.8,12.00,16,16,16,39,55,661,1,72.0,72.6,72.0,68.4,70.3,70.9,69.9,68.4,66.7,67.4,66.4,67.3,62.9,63.2,62.6,53.5,51.0,1.344,1.025,1.350,14.452,11.077,14.458,74.088,39.902,4.463,5.650,6.093,4.959,4.350,3.411,3.940,3.633,3.673,19.388,11.414,30.802,39.935,1197.8,1197.8,4078.8,4078.9,4078.7,4078.9,45.4,24.1,82.3,76.4,54.1,No,No,No,1.473,0.311,6.6,50,95.0,100.0,No,No,91294,99096,35,99.0,No,No,3320,0.0,0.0,0.0,0.032,0.016,79835,50720,0.0,0.0,0.0,0.000,0.000,52,0,45.9,60.3,83.0,0.694,12.140,12.188,12.158,12.075,1131,37.871,13.780,17.330,4.485,32.632,22.991,9.627,0.336,17.330,20.127,2.085,10.859,220.000,240.000,1125.0,1250.2,990.0,1140.4,1080.0,39.0,8.0,0.0,2.0,28.1,3.5,14.2,0.0,0.0,0.0,33,Yes,No,No,No,No,Yes,No,17.0,21.5,0,0,0,0,0,0,0,0,0,9,0,0,0,0,0,0,0,0,0,0,0,0,0,0,0,0,0,0,0,0,5886,2306,2141,99,8.0,239.7,257.5,221.4,214.5,217.7,213.2,0.0,0.0,0.0,0.0,0.0,0.0,4.17,4.58,3.83,3.72,4.61,4.62,0.58,0.15,4.06,0.11,0.00,0,0,0.0,0.0,13578,1183,3.8,5.4,0,
8.7.2026,15:29:49.604,18710,27284,40.6,13653,19028,41.7,0.5,13312,70,1.328,1.344,1.331,1.319,1.319,1.319,1.331,1.331,1.331,4095.7,4092.6,4092.6,4067.7,4067.7,4092.6,4117.6,4117.6,4117.6,99.8,1554.4,3634.1,2201.8,1421.3,3163.3,1429.5,2135.5,1324.5,1643.9,794.0,889.2,1183.6,1328.6,910.3,1158.0,795.9,857.8,1554.4,34.6,51.2,52.4,33.6,76.9,33.5,50.9,31.1,39.0,18.3,20.8,27.8,31.3,20.5,27.3,18.6,20.1,76.9,34.6,39.3,58.1,59.4,38.2,87.3,38.0,57.8,35.3,44.3,20.8,23.6,31.6,35.6,23.4,31.0,21.1,22.8,39.3,41.0,41.0,41.0,40.8,40.8,41.0,41.2,41.2,41.2,0.0,83.0,88.9,96.3,88.0,84.8,74.9,80.6,77.8,73.0,17.0,11.1,3.7,12.0,15.2,25.1,19.4,22.2,27.0,0.0,0.0,0.0,0.0,0.0,0.0,0.0,0.0,0.0,1197.8,12.00,16,16,16,39,55,661,1,71.9,71.8,71.8,68.1,70.1,71.1,69.9,68.6,66.2,66.9,66.1,65.6,62.9,63.3,62.6,53.2,51.0,1.369,1.025,1.375,14.380,11.129,14.375,74.714,39.821,4.388,5.572,6.221,5.019,4.426,3.263,3.923,3.572,3.105,19.344,11.469,30.813,39.941,1197.8,1197.8,4090.1,4090.3,4090.0,4090.3,45.4,24.0,83.0,75.5,54.9,No,No,No,1.577,0.319,6.6,49,95.0,100.0,No,No,91294,99096,35,99.0,No,No,3320,0.0,0.7,0.7,0.032,9.021,79835,50737,0.0,0.0,0.0,0.000,0.000,52,0,45.8,60.1,83.0,0.688,12.139,12.186,12.156,12.074,1129,36.430,13.603,17.088,4.350,32.530,23.013,9.493,0.336,17.088,20.123,2.071,9.934,220.000,240.000,1110.0,1250.2,975.0,1109.2,1050.0,39.0,8.0,0.0,2.0,28.1,3.3,13.0,0.0,0.0,0.0,33,Yes,No,No,No,No,Yes,No,16.9,21.9,0,0,0,0,0,0,0,0,0,9,0,0,0,0,0,0,0,0,0,0,0,0,0,0,0,0,0,0,0,0,5886,2306,2141,99,8.0,239.8,256.4,221.9,213.3,216.7,212.3,0.0,0.0,0.0,0.0,0.0,0.0,4.17,4.51,3.88,3.79,4.60,4.65,0.54,0.17,4.05,0.12,0.00,0,0,0.0,0.0,13578,1183,2.0,2.2,0,
8.7.2026,15:29:51.596,18717,27277,40.6,13657,19025,41.7,0.5,13312,70,1.322,1.337,1.325,1.319,1.319,1.319,1.319,1.319,1.319,4070.8,4092.6,4067.7,4067.7,4067.7,4067.7,4067.7,4067.7,4067.7,99.8,1450.0,3581.3,2063.2,2644.9,1799.1,1739.0,1622.1,1309.7,1485.1,742.0,796.8,1049.6,1262.9,862.5,987.8,577.4,677.5,1450.0,32.2,50.8,49.1,64.0,43.3,41.2,38.5,30.9,35.2,17.4,18.9,24.6,29.8,19.4,23.3,13.3,15.8,64.0,32.2,36.5,57.6,55.7,72.6,49.1,46.7,43.6,35.0,39.9,19.6,21.3,27.9,33.7,22.0,26.3,15.0,17.9,36.5,40.8,41.0,40.8,40.8,40.8,40.8,40.8,40.8,40.8,0.0,80.7,87.5,95.8,86.4,82.9,72.0,77.9,74.6,68.7,19.3,12.5,4.2,13.6,17.1,28.0,22.1,25.4,31.3,0.0,0.0,0.0,0.0,0.0,0.0,0.0,0.0,0.0,1197.8,12.00,16,16,16,39,55,661,1,71.9,71.7,71.2,67.7,70.0,71.0,69.5,68.0,65.9,66.6,65.7,65.0,62.8,63.1,62.4,54.0,51.2,1.356,1.038,1.356,13.834,11.082,13.840,72.661,39.097,4.272,5.591,6.232,4.863,4.210,3.173,3.828,3.407,2.874,18.606,11.417,30.023,39.158,1197.8,1197.8,4090.6,4091.0,4090.3,4091.0,44.5,23.1,80.7,75.4,54.3,No,No,No,1.542,0.343,6.5,50,95.0,100.0,No,No,91294,99096,35,99.0,No,No,3320,0.0,0.0,0.0,0.010,0.034,79835,50737,0.0,0.0,0.0,0.000,0.000,52,0,45.8,60.1,83.0,0.688,12.142,12.190,12.160,12.078,1129,37.135,13.315,16.523,4.157,32.029,22.827,9.179,0.336,16.523,20.001,1.979,9.593,220.000,240.000,1080.0,1250.2,975.0,1069.9,1050.0,41.0,8.0,0.0,2.0,28.1,3.4,13.5,0.0,0.0,0.0,33,Yes,No,No,No,No,Yes,No,17.0,21.6,0,0,0,0,0,0,0,0,0,9,0,0,0,0,0,0,0,0,0,0,0,0,0,0,0,0,0,0,0,0,5886,2306,2141,99,8.0,239.8,260.0,219.7,132.7,171.1,119.8,0.0,0.0,0.0,0.0,0.0,0.0,4.17,4.57,3.81,0.93,5.86,8.37,0.55,0.08,4.06,0.11,0.00,0,0,0.0,0.0,13578,1183,2.1,1.5,0,
8.7.2026,15:29:53.606,18718,27276,40.6,13656,19026,41.7,0.5,13312,70,1.326,1.331,1.319,1.319,1.331,1.331,1.319,1.319,1.337,4070.8,4092.6,4067.7,4067.7,4067.7,4067.7,4067.7,4067.7,4067.7,99.8,1387.5,3586.2,1691.8,3256.6,1204.4,1871.0,1378.1,1315.2,1403.7,695.6,684.9,1028.1,1174.3,853.0,925.5,552.0,580.1,1387.5,30.9,57.5,39.8,79.0,28.4,44.7,32.2,30.8,32.9,15.9,15.8,23.9,27.6,19.1,21.6,12.0,13.2,79.0,30.9,35.2,65.4,45.3,89.7,32.3,50.8,36.7,35.1,37.5,18.2,18.1,27.3,31.5,21.8,24.6,13.8,15.1,35.2,40.8,41.0,40.8,40.8,40.8,40.8,40.8,40.8,40.8,0.0,80.1,87.6,96.2,85.2,82.3,70.9,76.9,73.6,68.0,19.9,12.4,3.8,14.8,17.7,29.1,23.1,26.4,32.0,0.0,0.0,0.0,0.0,0.0,0.0,0.0,0.0,0.0,1197.8,12.00,16,16,16,39,55,661,1,71.9,71.7,72.0,67.5,69.9,70.9,69.4,67.9,65.6,66.4,65.5,64.8,62.7,63.1,62.4,53.8,51.4,1.331,1.025,1.344,13.769,11.065,13.766,72.080,38.964,4.235,5.588,6.257,4.820,4.193,3.063,3.749,3.371,2.839,18.542,11.400,29.942,39.059,1197.8,1197.8,4095.2,4095.4,4095.1,4095.4,44.4,22.9,80.1,75.5,54.6,No,No,No,1.460,0.370,6.4,50,95.0,100.0,No,No,91294,99096,35,99.0,No,No,3320,0.0,0.0,0.0,0.000,0.008,79835,50737,0.0,0.0,0.0,0.000,0.000,52,0,46.0,60.5,83.0,0.725,12.141,12.187,12.159,12.076,1129,39.395,14.922,19.567,5.216,34.070,23.187,10.871,0.336,19.567,20.053,2.318,14.037,220.000,240.000,1215.0,1250.2,1065.0,1201.0,1155.0,39.0,9.0,0.0,2.0,28.2,3.6,14.4,0.0,0.0,0.0,33,Yes,No,No,No,No,Yes,No,18.2,22.1,0,0,0,0,0,0,0,0,0,9,0,0,0,0,0,0,0,0,0,0,0,0,0,0,0,0,0,0,0,0,5882,2310,2145,99,8.0,239.8,259.6,223.2,218.6,220.1,218.3,239.8,243.4,237.0,235.4,236.1,235.2,4.17,4.52,3.84,3.73,4.53,4.55,0.59,0.17,4.06,0.11,0.11,0,0,0.0,0.0,13578,1183,2.8,2.6,0,
8.7.2026,15:29:55.597,18717,27277,40.6,13658,19023,41.7,0.5,13312,70,1.323,1.344,1.331,1.319,1.319,1.319,1.319,1.319,1.319,4067.7,4042.7,4092.6,4067.7,4067.7,4067.7,4067.7,4067.7,4067.7,99.8,1435.7,3603.3,1650.1,2939.6,1600.6,1855.3,1524.0,1308.6,1506.5,726.0,752.1,1064.6,1179.2,895.0,988.8,750.4,626.8,1435.7,32.4,59.4,38.8,71.6,38.2,44.2,36.0,30.9,35.9,16.9,17.6,25.0,27.8,20.3,23.3,18.1,14.6,71.6,32.4,36.6,67.3,43.9,81.1,43.2,50.0,40.7,34.9,40.5,19.0,19.9,28.3,31.4,22.9,26.3,20.4,16.5,36.6,40.8,40.5,41.0,40.8,40.8,40.8,40.8,40.8,40.8,0.0,81.5,88.1,96.6,86.8,83.6,72.6,78.0,75.4,70.9,18.5,11.9,3.4,13.2,16.4,27.4,22.0,24.6,29.1,0.0,0.0,0.0,0.0,0.0,0.0,0.0,0.0,0.0,1197.8,12.00,16,16,16,39,55,661,1,71.9,71.5,72.2,67.6,69.8,71.0,69.5,68.0,65.7,66.4,65.6,65.1,62.8,63.1,62.4,54.5,51.6,1.350,1.038,1.344,13.678,11.093,13.686,73.350,38.906,4.283,5.553,6.278,4.924,4.253,3.121,3.746,3.440,2.950,18.385,11.430,29.814,38.956,1197.8,1197.8,4090.2,4090.2,4090.2,4090.2,44.3,22.8,81.5,75.3,53.5,No,No,No,1.524,0.370,6.5,50,95.0,100.0,No,No,91294,99096,35,99.0,No,No,3320,0.0,0.0,0.0,0.000,0.113,79835,50737,0.0,0.0,0.0,0.000,0.000,52,0,45.9,60.3,83.0,0.719,12.141,12.189,12.159,12.076,1131,38.755,14.235,18.482,4.888,33.205,22.932,10.268,0.336,18.482,19.961,2.227,11.568,220.000,240.000,1185.0,1250.2,1050.0,1190.3,1140.0,37.0,8.0,0.0,2.0,28.2,3.4,13.7,0.0,0.0,0.0,33,Yes,No,No,No,No,Yes,No,17.4,21.7,0,0,0,0,0,0,0,0,0,9,0,0,0,0,0,0,0,0,0,0,0,0,0,0,0,0,0,0,0,0,5882,2310,2145,99,8.0,239.8,259.6,226.6,215.3,220.8,212.9,239.8,241.9,237.5,236.8,237.1,236.7,4.17,4.46,3.84,3.79,4.53,4.64,0.62,0.14,4.06,0.11,0.10,0,0,0.0,0.0,13578,1183,2.1,2.2,0,
8.7.2026,15:29:57.603,18716,27278,40.6,13655,19027,41.7,0.5,13312,70,1.335,1.331,1.331,1.331,1.337,1.337,1.337,1.337,1.337,4092.6,4092.6,4092.6,4092.6,4092.6,4092.6,4092.6,4092.6,4092.6,99.8,1388.1,3539.2,1650.0,1297.5,3070.5,1469.3,1897.9,1158.7,1581.0,686.8,756.8,945.1,1213.5,802.4,1032.5,527.7,580.9,1388.1,31.1,56.6,38.8,30.7,74.8,34.6,45.2,27.2,37.5,16.0,17.7,22.0,28.6,17.9,24.2,12.0,13.4,74.8,31.1,35.2,64.2,43.9,34.8,84.8,39.2,51.3,30.8,42.5,18.1,20.1,25.0,32.4,20.3,27.5,13.6,15.1,35.2,41.0,41.0,41.0,41.0,41.0,41.0,41.0,41.0,41.0,0.0,80.1,86.5,95.3,86.4,82.6,71.5,76.3,74.0,67.9,19.9,13.5,4.7,13.6,17.4,28.5,23.7,26.0,32.1,0.0,0.0,0.0,0.0,0.0,0.0,0.0,0.0,0.0,1197.8,12.00,16,16,16,39,55,661,1,71.9,71.5,72.0,67.5,69.5,70.9,69.6,67.9,65.8,66.2,65.6,64.7,62.7,63.0,62.4,53.5,51.0,1.344,1.025,1.356,13.708,11.076,13.701,72.064,38.889,4.230,5.392,6.222,4.965,4.242,3.113,3.695,3.405,2.804,18.453,11.413,29.866,38.980,1197.8,1197.8,4093.7,4093.8,4093.5,4093.8,44.3,22.8,80.1,75.3,54.4,No,No,No,1.506,0.358,6.4,50,95.0,100.0,No,No,91294,99096,35,99.0,No,No,3320,0.0,0.0,0.0,0.000,0.002,79835,50737,0.0,0.0,0.0,0.000,0.000,52,0,45.9,60.6,83.0,0.719,12.141,12.188,12.159,12.077,1129,38.182,14.253,18.323,4.766,33.207,23.018,10.179,0.336,18.323,19.988,2.221,12.168,220.000,240.000,1185.0,1250.2,1050.0,1181.7,1140.0,39.0,8.0,0.0,2.0,28.2,3.4,13.6,0.0,0.0,0.0,33,Yes,No,No,No,No,Yes,No,17.3,21.7,0,0,0,0,0,0,0,0,0,9,0,0,0,0,0,0,0,0,0,0,0,0,0,0,0,0,0,0,0,0,5882,2310,2145,99,8.0,239.7,258.3,224.4,217.0,220.6,215.4,239.8,242.1,238.1,236.9,237.4,236.7,4.17,4.50,3.85,3.65,4.54,4.61,0.61,0.19,4.06,0.11,0.10,0,0,0.0,0.0,13578,1183,4.3,4.8,0,
8.7.2026,15:29:59.596,18717,27277,40.6,13656,19025,41.7,0.5,13312,70,1.335,1.331,1.325,1.331,1.337,1.337,1.337,1.337,1.344,4083.3,4092.6,4067.7,4092.6,4092.6,4092.6,4092.6,4067.7,4067.7,99.8,1458.3,3586.6,1645.5,1315.3,3205.5,1460.0,2011.9,1232.4,1593.6,778.6,821.0,1074.7,1257.9,873.5,1050.1,716.0,709.7,1458.3,32.8,58.9,38.6,31.1,78.1,34.4,48.1,29.0,37.8,18.0,19.3,25.2,29.7,19.6,24.7,16.6,16.5,78.1,32.8,37.3,66.8,43.8,35.3,88.5,39.1,54.6,32.9,42.8,20.5,21.9,28.6,33.7,22.3,28.0,18.8,18.7,37.3,40.9,41.0,40.8,41.0,41.0,41.0,41.0,40.8,40.8,0.0,81.3,87.7,96.3,86.8,83.2,73.1,78.0,75.0,70.4,18.7,12.3,3.7,13.2,16.8,26.9,22.0,25.0,29.6,0.0,0.0,0.0,0.0,0.0,0.0,0.0,0.0,0.0,1197.8,12.00,16,16,16,39,55,661,1,71.9,71.7,70.2,67.9,69.9,71.1,69.9,68.0,66.0,66.7,65.9,65.2,62.9,63.2,62.6,54.5,51.2,1.350,1.031,1.344,13.936,11.117,13.937,73.183,39.235,4.303,5.490,6.275,5.009,4.244,3.201,3.802,3.460,2.945,18.727,11.457,30.184,39.319,1197.8,1197.8,4088.4,4088.4,4088.4,4088.4,44.7,23.2,81.3,75.5,54.2,No,No,No,1.548,0.368,6.5,50,95.0,100.0,No,No,91294,99096,35,99.0,No,No,3320,0.0,0.0,0.0,0.000,0.061,79835,50738,0.0,0.0,0.0,0.000,0.000,52,0,46.0,60.4,83.0,0.719,12.140,12.187,12.158,12.075,1131,38.395,14.439,18.625,4.826,33.385,23.015,10.347,0.336,18.625,19.919,2.248,13.065,220.000,240.000,1185.0,1250.2,1050.0,1176.5,1140.0,39.0,8.0,0.0,2.0,28.2,3.5,13.8,0.0,0.0,0.0,33,Yes,No,No,No,No,Yes,No,17.6,22.0,0,0,0,0,0,0,0,0,0,9,0,0,0,0,0,0,0,0,0,0,0,0,0,0,0,0,0,0,0,0,5882,2310,2145,99,8.0,239.8,256.8,223.6,219.0,220.3,218.8,239.8,242.1,237.5,237.1,237.3,237.1,4.17,4.54,3.85,3.80,4.55,4.56,0.65,0.09,4.06,0.11,0.09,0,0,0.0,0.0,13578,1183,2.0,2.1,0,
8.7.2026,15:30:1.600,18728,27266,40.7,13663,19019,41.8,0.5,13312,70,1.309,1.325,1.306,1.306,1.306,1.306,1.306,1.306,1.306,4024.0,4067.7,4017.8,4017.8,4017.8,4017.8,4017.8,4017.8,4017.8,99.8,1388.5,3558.7,1571.8,2520.2,1957.0,1735.8,1552.6,1483.9,1187.9,772.4,652.3,1259.8,945.1,1028.6,815.1,612.1,562.8,1388.5,31.0,59.2,36.5,60.8,47.1,41.0,36.4,34.9,27.6,17.7,14.9,29.6,21.8,23.4,18.7,13.8,12.6,60.8,31.0,35.4,67.3,41.7,69.1,53.6,46.7,41.5,39.8,31.6,20.4,17.1,33.8,25.0,26.8,21.5,15.9,14.6,35.4,40.3,40.8,40.2,40.2,40.2,40.2,40.2,40.2,40.2,0.0,79.8,87.0,96.0,85.1,81.7,70.6,76.6,73.7,67.7,20.2,13.0,4.0,14.9,18.3,29.4,23.4,26.3,32.3,0.0,0.0,0.0,0.0,0.0,0.0,0.0,0.0,0.0,1197.8,12.00,16,16,16,39,55,661,1,71.9,71.5,75.8,67.5,69.8,70.9,69.3,67.8,65.6,66.3,65.6,64.8,62.7,63.0,62.4,53.0,51.2,1.312,1.038,1.306,13.676,11.070,13.669,71.807,38.757,4.224,5.563,6.231,4.761,4.151,3.093,3.726,3.423,2.842,18.398,11.406,29.804,38.912,1197.8,1197.8,4092.4,4092.8,4092.1,4092.8,44.2,22.8,79.8,75.3,54.3,No,No,No,1.433,0.340,6.4,49,95.0,100.0,No,No,91294,99096,35,99.0,No,No,3320,0.2,0.0,0.2,1.256,0.010,79838,50738,0.0,0.0,0.0,0.000,0.000,52,0,46.0,60.2,83.0,0.713,12.143,12.191,12.161,12.078,1129,38.790,14.119,17.986,4.632,32.944,22.936,9.992,0.336,17.986,19.931,2.056,12.392,220.000,240.000,1170.0,1250.2,1020.0,1174.9,1110.0,39.0,8.0,0.0,2.0,28.2,3.5,13.9,0.0,0.0,0.0,33,Yes,No,No,No,No,Yes,No,17.5,21.7,0,0,0,0,0,0,0,0,0,9,0,0,0,0,0,0,0,0,0,0,0,0,0,0,0,0,0,0,0,0,5882,2310,2145,99,8.0,239.8,259.4,218.9,213.4,215.4,213.1,0.0,0.0,0.0,0.0,0.0,0.0,4.17,4.60,3.83,3.65,4.69,4.80,0.55,0.14,4.06,0.11,0.00,0,0,0.0,0.0,13578,1183,2.4,2.1,0,
8.7.2026,15:30:3.594,18872,27122,41.0,13761,18920,42.1,0.5,13312,70,1.327,1.337,1.325,1.325,1.325,1.325,1.325,1.325,1.325,4092.6,4092.6,4092.6,4092.6,4092.6,4092.6,4092.6,4092.6,4092.6,99.8,1541.3,3561.9,1711.0,3366.6,1391.3,1987.8,1511.3,1759.1,1291.6,951.1,770.4,1385.5,1074.4,1184.9,991.2,917.6,805.9,1541.3,35.2,61.4,40.5,82.1,33.2,47.6,35.7,42.1,30.5,22.4,18.0,33.0,25.1,27.6,23.2,21.6,18.8,82.1,35.2,39.7,69.4,45.7,92.9,37.5,53.8,40.3,47.6,34.4,25.2,20.3,37.2,28.4,31.1,26.1,24.3,21.1,39.7,41.0,41.0,41.0,41.0,41.0,41.0,41.0,41.0,41.0,0.0,81.0,87.3,96.7,85.3,83.2,72.1,77.5,74.8,71.3,19.0,12.7,3.3,14.7,16.8,27.9,22.5,25.2,28.7,0.0,0.0,0.0,0.0,0.0,0.0,0.0,0.0,0.0,1197.8,12.00,16,16,16,39,55,661,1,78.5,73.1,69.2,68.6,70.7,71.9,70.3,69.1,66.6,67.5,66.7,66.4,63.0,63.4,62.7,54.5,50.8,1.344,1.038,1.344,14.564,11.122,14.577,72.920,40.177,4.473,5.647,6.394,4.969,4.480,3.296,3.968,3.699,3.330,19.539,11.462,31.001,40.173,1197.8,1197.8,4082.4,4083.0,4081.8,4083.0,45.7,24.3,81.0,76.9,54.4,No,No,No,1.805,0.393,6.5,50,95.0,100.0,No,No,91294,99096,35,99.0,No,No,3320,0.0,0.1,0.1,0.016,1.281,79838,50740,0.0,0.0,0.0,0.000,0.000,52,0,45.9,60.4,83.0,0.719,12.142,12.189,12.159,12.076,1132,38.592,14.465,18.923,4.888,33.389,22.861,10.513,0.336,18.923,19.698,2.339,12.777,220.000,240.000,1185.0,1250.2,1050.0,1183.0,1140.0,35.0,8.0,0.0,2.0,28.7,3.2,12.8,0.0,0.0,0.0,33,Yes,No,No,No,No,Yes,No,17.1,20.9,0,0,0,0,0,0,0,0,0,9,0,0,0,0,0,0,0,0,0,0,0,0,0,0,0,0,0,0,0,0,5842,2350,2185,130,8.0,239.8,256.6,218.4,196.7,208.1,191.2,239.8,242.8,237.2,235.3,236.2,235.0,4.17,4.59,3.91,3.17,4.84,5.26,0.60,0.15,4.06,0.11,0.11,0,0,0.0,0.0,13578,1183,2.1,2.0,0,
8.7.2026,15:30:5.597,18843,27151,40.9,13736,18945,42.0,0.5,13312,70,1.313,1.337,1.331,1.306,1.306,1.306,1.306,1.306,1.306,4061.4,4092.6,4042.7,4042.7,4042.7,4067.7,4067.7,4067.7,4067.7,99.8,1359.4,3486.7,1560.7,3098.6,1425.3,1723.4,1411.4,1486.7,1136.4,774.1,667.9,1222.2,866.6,939.5,793.6,599.3,558.4,1359.4,30.6,57.9,36.7,75.4,33.9,41.1,33.2,35.5,26.6,18.2,15.7,29.1,20.1,21.6,18.5,14.0,12.9,75.4,30.6,34.7,65.6,41.6,85.5,38.4,46.6,37.6,40.2,30.1,20.5,17.6,32.9,22.7,24.4,20.9,15.7,14.5,34.7,40.7,41.0,40.5,40.5,40.5,40.8,40.8,40.8,40.8,0.0,77.4,85.2,95.8,82.4,79.6,68.4,73.3,70.1,64.7,22.6,14.8,4.2,17.6,20.4,31.6,26.7,29.9,35.3,0.0,0.0,0.0,0.0,0.0,0.0,0.0,0.0,0.0,1197.8,12.00,16,16,16,39,55,661,1,75.6,71.7,71.0,67.4,69.7,71.1,69.1,67.9,65.6,66.1,65.4,64.7,62.6,63.0,62.3,55.5,51.5,1.356,1.031,1.356,13.406,11.036,13.399,69.703,38.402,4.155,5.416,6.294,4.667,4.116,3.072,3.592,3.287,2.795,18.050,11.370,29.420,38.524,1197.8,1197.8,4093.9,4094.9,4092.9,4094.9,43.8,22.3,77.4,75.5,54.1,No,No,No,1.450,0.356,6.2,50,95.0,100.0,No,No,91294,99096,35,99.0,No,No,3320,0.1,0.2,0.3,0.040,0.501,79838,50741,0.0,0.0,0.0,0.000,0.000,52,0,45.8,60.0,83.0,0.688,12.142,12.190,12.158,12.077,1131,37.209,13.530,16.681,4.181,32.000,22.716,9.267,0.336,16.681,19.843,2.071,11.522,220.000,240.000,1095.0,1250.2,975.0,1112.5,1050.0,38.0,8.0,0.0,2.0,28.7,3.2,13.0,0.0,0.0,0.0,33,Yes,No,No,No,No,Yes,No,16.6,19.4,0,0,0,0,0,0,0,0,0,9,0,0,0,0,0,0,0,0,0,0,0,0,0,0,0,0,0,0,0,0,5842,2350,2186,131,8.0,239.7,259.6,222.6,220.1,220.9,220.1,239.8,243.0,236.4,232.5,234.2,231.7,4.17,4.53,3.83,3.65,4.53,4.53,0.65,0.07,4.06,0.11,0.12,0,0,0.0,0.0,13578,1183,1.8,2.0,0,
8.7.2026,15:30:7.594,18756,27237,40.7,13653,19029,41.7,0.5,13312,70,1.318,1.325,1.319,1.319,1.331,1.331,1.306,1.306,1.306,4064.5,4067.7,4067.7,4067.7,4042.7,4067.7,4067.7,4067.7,4067.7,99.8,1542.7,3623.0,1765.4,1450.6,3208.7,1584.6,2013.3,1515.0,1413.3,940.6,847.0,1413.2,1106.8,1152.2,995.2,900.9,753.1,1542.7,34.4,56.4,41.3,34.1,78.2,37.2,47.8,35.6,33.1,21.7,19.4,33.3,25.6,26.4,22.9,20.7,17.2,78.2,34.4,39.0,63.9,46.8,38.6,88.7,42.1,54.2,40.3,37.4,24.6,21.9,37.7,28.9,29.8,25.9,23.4,19.4,39.0,40.7,40.8,40.8,40.8,40.5,40.8,40.8,40.8,40.8,0.0,83.0,88.6,97.1,88.4,85.7,75.0,79.8,76.9,72.6,17.0,11.4,2.9,11.6,14.3,25.0,20.2,23.1,27.4,0.0,0.0,0.0,0.0,0.0,0.0,0.0,0.0,0.0,1197.8,12.00,16,16,16,39,55,661,1,73.6,71.7,74.2,68.0,69.7,71.2,69.8,68.2,66.2,66.9,66.2,65.7,62.9,63.2,62.6,55.5,51.2,1.337,1.038,1.344,14.256,11.100,14.251,74.732,39.652,4.374,5.391,6.306,5.019,4.280,3.313,3.918,3.599,3.165,19.161,11.439,30.601,39.736,1197.8,1197.8,4088.3,4088.3,4088.3,4088.3,45.2,23.8,83.0,75.5,54.6,No,No,No,1.723,0.293,6.6,50,95.0,100.0,No,No,91294,99096,35,99.0,No,No,3320,0.0,0.1,0.1,0.000,0.059,79838,50741,0.0,0.0,0.0,0.000,0.000,52,0,45.6,60.1,83.0,0.688,12.142,12.191,12.159,12.076,1132,36.574,13.314,16.138,3.901,31.649,22.667,8.965,0.336,16.138,19.753,2.396,11.197,220.000,240.000,1035.0,1250.2,975.0,1060.4,1050.0,34.0,6.0,0.0,1.0,28.7,3.1,12.3,0.0,0.0,0.0,33,Yes,No,No,No,No,Yes,No,16.3,19.2,0,0,0,0,0,0,0,0,0,9,0,0,0,0,0,0,0,0,0,0,0,0,0,0,0,0,0,0,0,0,5842,2350,2186,131,8.0,239.8,260.8,218.9,216.0,217.2,215.6,239.7,243.0,236.9,235.0,236.1,234.8,4.17,4.59,3.82,3.65,4.60,4.61,0.61,0.17,4.06,0.12,0.11,0,0,0.0,0.0,13578,1183,3.0,4.9,0,
8.7.2026,15:30:9.608,18760,27234,40.7,13682,19000,41.8,0.5,13312,70,1.329,1.344,1.331,1.325,1.325,1.325,1.325,1.325,1.331,4092.6,4092.6,4092.6,4092.6,4092.6,4092.6,4092.6,4092.6,4092.6,99.8,1381.4,3442.6,1579.0,1371.2,3166.0,1414.2,1814.6,1411.7,1262.5,762.2,719.8,1216.0,921.3,954.8,839.9,668.9,557.5,1381.4,31.1,56.1,37.1,32.7,77.1,33.4,43.3,33.5,29.9,17.9,16.9,28.8,21.5,21.9,19.4,15.8,12.9,77.1,31.1,35.3,63.6,42.1,37.0,87.5,37.9,49.1,38.0,33.8,20.2,19.1,32.6,24.3,24.8,22.0,17.8,14.6,35.3,41.0,41.0,41.0,41.0,41.0,41.0,41.0,41.0,41.0,0.0,78.1,84.2,97.0,83.3,79.7,68.9,74.3,71.6,65.9,21.9,15.8,3.0,16.7,20.3,31.1,25.7,28.4,34.1,0.0,0.0,0.0,0.0,0.0,0.0,0.0,0.0,0.0,1197.8,12.00,16,16,16,39,55,661,1,73.1,71.9,73.5,67.6,69.5,71.3,69.5,67.9,65.7,66.4,65.6,65.0,62.8,63.1,62.5,54.2,51.0,1.344,1.025,1.350,13.599,11.056,13.602,70.300,38.729,4.164,5.219,6.388,4.778,4.061,3.070,3.624,3.323,2.848,18.297,11.391,29.688,38.807,1197.8,1197.8,4091.9,4092.5,4091.2,4092.5,44.1,22.7,78.1,75.7,54.7,No,No,No,1.477,0.302,6.2,50,95.0,100.0,No,No,91294,99096,35,99.0,No,No,3320,0.0,0.0,0.0,0.000,0.186,79838,50741,0.0,0.0,0.0,0.000,0.000,52,0,45.6,59.9,83.0,0.688,12.144,12.194,12.161,12.079,1128,36.440,12.916,15.963,3.817,31.521,22.648,8.868,0.336,15.963,19.719,1.983,8.338,220.000,240.000,975.0,1250.2,975.0,996.8,1050.0,33.0,6.0,0.0,1.0,28.7,3.1,12.5,0.0,0.0,0.0,33,Yes,No,No,No,No,Yes,No,16.2,21.7,0,0,0,0,0,0,0,0,0,9,0,0,0,0,0,0,0,0,0,0,0,0,0,0,0,0,0,0,0,0,5842,2350,2186,131,8.0,239.7,259.3,223.2,213.4,216.8,213.1,239.8,242.4,236.8,236.5,236.6,236.5,4.17,4.54,3.81,3.66,4.62,4.72,0.54,0.11,4.06,0.11,0.11,0,0,0.0,0.0,13578,1183,2.6,1.6,0,
8.7.2026,15:30:11.591,18758,27236,40.7,13672,19009,41.8,0.5,13312,70,1.338,1.337,1.337,1.337,1.337,1.337,1.337,1.337,1.337,4092.6,4092.6,4092.6,4092.6,4092.6,4092.6,4092.6,4092.6,4092.6,99.8,1440.8,3561.0,2050.6,2446.6,2085.9,1544.1,1757.7,1513.3,1259.5,780.8,679.7,1240.0,966.0,982.8,875.0,696.3,613.0,1440.8,32.0,50.7,48.7,59.0,50.4,36.5,41.7,35.8,29.6,18.2,15.8,29.3,22.4,22.5,20.5,16.1,14.2,59.0,32.0,36.3,57.5,55.2,67.0,57.2,41.5,47.3,40.7,33.6,20.7,17.9,33.3,25.4,25.5,23.3,18.3,16.1,36.3,41.0,41.0,41.0,41.0,41.0,41.0,41.0,41.0,41.0,0.0,80.3,87.0,96.3,85.2,82.8,71.0,77.0,74.2,68.7,19.7,13.0,3.7,14.8,17.2,29.0,23.0,25.8,31.3,0.0,0.0,0.0,0.0,0.0,0.0,0.0,0.0,0.0,1197.8,12.00,16,16,16,39,55,661,1,72.8,71.7,72.8,67.7,69.9,71.0,69.5,68.1,65.8,66.5,65.7,65.1,62.8,63.1,62.4,54.0,51.2,1.319,1.038,1.337,13.799,11.071,13.799,72.262,39.046,4.261,5.537,6.278,4.810,4.232,3.109,3.754,3.434,2.934,18.580,11.407,29.987,39.112,1197.8,1197.8,4093.5,4093.8,4093.3,4093.8,44.4,23.0,80.3,75.5,54.3,No,No,No,1.488,0.348,6.4,50,95.0,100.0,No,No,91294,99096,35,99.0,No,No,3320,0.7,0.7,1.5,2.933,12.153,79844,50765,0.0,0.0,0.0,0.000,0.000,52,0,45.6,59.9,83.0,0.688,12.143,12.192,12.159,12.077,1132,36.727,13.093,16.096,3.840,31.700,22.742,8.942,0.336,16.096,19.789,1.959,9.433,220.000,240.000,990.0,1250.2,975.0,990.0,1050.0,39.0,7.0,0.0,2.0,28.7,3.5,13.8,0.0,0.0,0.0,33,Yes,No,No,No,No,Yes,No,16.3,21.1,0,0,0,0,0,0,0,0,0,9,0,0,0,0,0,0,0,0,0,0,0,0,0,0,0,0,0,0,0,0,5842,2350,2186,131,8.0,239.8,259.9,222.6,216.4,219.5,214.9,0.0,0.0,0.0,0.0,0.0,0.0,4.17,4.53,3.80,3.76,4.57,4.62,0.62,0.17,4.06,0.12,0.00,0,0,0.0,0.0,13578,1183,2.2,2.3,0,
8.7.2026,15:30:13.595,18758,27236,40.7,13675,19006,41.8,0.5,13312,70,1.324,1.337,1.331,1.331,1.319,1.319,1.319,1.319,1.319,4077.0,4092.6,4092.6,4092.6,4067.7,4067.7,4067.7,4067.7,4067.7,99.8,1406.8,3507.2,2029.8,3095.6,1423.8,1795.0,1442.0,1517.6,1192.5,749.3,634.6,1191.3,982.4,976.1,829.1,582.7,560.2,1406.8,31.0,47.7,48.2,75.3,33.8,42.7,33.8,36.1,27.8,17.5,14.7,28.1,22.9,22.3,19.2,13.4,12.9,75.3,31.0,35.2,54.2,54.7,85.5,38.4,48.4,38.4,40.9,31.6,19.8,16.7,31.9,26.0,25.3,21.8,15.2,14.6,35.2,40.8,41.0,41.0,41.0,40.8,40.8,40.8,40.8,40.8,0.0,79.3,85.7,96.1,84.9,81.8,70.2,76.2,72.9,66.8,20.7,14.3,3.9,15.1,18.2,29.8,23.8,27.1,33.2,0.0,0.0,0.0,0.0,0.0,0.0,0.0,0.0,0.0,1197.8,12.00,16,16,16,39,55,661,1,72.4,71.6,73.5,67.5,69.7,71.1,69.4,67.9,65.5,66.3,65.6,64.8,62.7,63.0,62.3,55.2,50.9,1.344,1.038,1.337,13.577,11.016,13.573,71.384,38.650,4.211,5.395,6.319,4.805,4.195,3.043,3.723,3.390,2.817,18.285,11.347,29.631,38.746,1197.8,1197.8,4094.8,4095.4,4094.2,4095.4,44.0,22.6,79.3,75.4,54.1,No,No,No,1.499,0.342,6.3,49,95.0,100.0,No,No,91294,99096,35,99.0,No,No,3320,0.0,0.0,0.0,0.008,0.004,79844,50765,0.0,0.0,0.0,0.000,0.000,52,0,45.7,60.1,83.0,0.688,12.140,12.188,12.157,12.075,1129,36.423,13.432,16.807,4.119,32.241,22.894,9.337,0.336,16.807,19.892,1.929,9.960,220.000,240.000,990.0,202.5,870.0,983.2,945.0,39.0,7.0,0.0,4.0,28.7,3.5,14.0,0.0,0.0,0.0,33,Yes,No,No,No,No,Yes,No,16.7,19.3,0,0,0,0,0,0,0,0,0,9,0,0,0,0,0,0,0,0,0,0,0,0,0,0,0,0,0,0,0,0,5842,2350,2186,131,5.0,239.8,272.5,219.3,201.5,209.2,198.7,224.3,242.7,79.8,63.3,71.8,59.9,4.17,6.32,1.85,0.57,7.33,7.97,0.95,0.09,4.00,0.17,0.30,0,0,0.0,0.0,13578,1183,2.7,2.7,0,
8.7.2026,15:30:15.595,18758,27236,40.7,13677,19005,41.8,0.5,13312,70,1.334,1.312,1.331,1.337,1.337,1.337,1.337,1.337,1.337,4086.4,4067.7,4067.7,4092.6,4092.6,4092.6,4092.6,4092.6,4092.6,99.8,1420.6,3497.9,2064.8,2949.1,1548.6,1684.4,1622.2,1321.0,1391.0,648.1,765.7,1003.8,1221.3,799.6,991.3,582.5,639.1,1420.6,31.3,47.4,49.0,71.6,36.9,40.0,38.4,31.1,32.9,14.9,17.9,23.5,28.7,17.9,23.1,13.4,14.7,71.6,31.3,35.6,53.9,55.7,81.3,42.0,45.4,43.6,35.4,37.4,17.0,20.3,26.7,32.6,20.4,26.3,15.2,16.8,35.6,40.9,40.8,40.8,41.0,41.0,41.0,41.0,41.0,41.0,0.0,79.3,85.5,95.7,85.4,82.1,70.1,75.8,72.2,67.4,20.7,14.5,4.3,14.6,17.9,29.9,24.2,27.8,32.6,0.0,0.0,0.0,0.0,0.0,0.0,0.0,0.0,0.0,1197.8,12.00,16,16,16,39,55,661,1,72.2,71.5,74.0,67.5,69.6,70.9,69.4,68.0,65.6,66.2,65.5,64.8,62.6,63.0,62.3,54.2,51.2,1.344,1.025,1.344,13.795,11.059,13.799,71.334,38.992,4.226,5.489,6.242,4.841,4.224,3.091,3.716,3.363,2.844,18.578,11.395,29.972,39.100,1197.8,1197.8,4094.7,4094.9,4094.4,4094.9,44.4,23.0,79.3,75.3,54.8,No,No,No,1.493,0.343,6.3,50,95.0,100.0,No,No,91294,99096,35,99.0,No,No,3320,0.0,0.0,0.0,0.000,0.012,79844,50765,0.0,0.0,0.0,0.000,0.000,52,0,47.3,62.3,83.0,0.881,12.135,12.179,12.155,12.070,1129,51.189,20.135,31.960,9.220,42.349,24.575,17.755,0.336,31.960,19.934,3.576,19.688,220.000,240.000,1305.0,1750.2,1140.0,1633.1,1230.0,29.0,6.0,0.0,2.0,28.7,3.2,12.7,0.0,0.0,0.0,33,Yes,No,No,No,No,Yes,No,23.6,25.7,0,0,0,0,0,0,0,0,0,11,0,0,0,0,0,0,0,0,0,0,0,0,0,0,0,0,0,0,0,0,5841,2351,2186,132,8.0,239.7,256.6,222.2,214.5,216.6,214.5,239.8,242.2,237.5,236.4,236.9,236.2,4.17,4.54,3.88,3.60,4.61,4.63,0.38,0.27,4.06,0.11,0.10,0,0,0.0,0.0,13578,1183,2.4,1.3,0,
8.7.2026,15:30:17.606,18761,27233,40.7,13676,19005,41.8,0.5,13312,70,1.338,1.337,1.331,1.331,1.331,1.344,1.344,1.344,1.344,4105.1,4117.6,4117.6,4117.6,4117.6,4092.6,4092.6,4092.6,4092.6,99.8,1446.2,3527.9,2050.4,1169.2,3350.6,1247.5,2041.5,1124.1,1625.9,648.1,834.5,1008.9,1300.7,779.0,1125.0,602.8,703.3,1446.2,32.0,48.2,48.7,27.7,81.7,29.2,48.7,26.3,38.5,14.9,19.6,23.6,30.7,17.4,26.6,13.9,16.3,81.7,32.0,36.3,54.7,55.2,31.4,92.7,33.1,55.2,29.9,43.7,16.9,22.2,26.8,34.9,19.8,30.1,15.8,18.5,36.3,41.1,41.2,41.2,41.2,41.2,41.0,41.0,41.0,41.0,0.0,80.3,86.3,96.9,85.1,82.2,71.5,77.5,74.4,68.7,19.7,13.7,3.1,14.9,17.8,28.5,22.5,25.6,31.3,0.0,0.0,0.0,0.0,0.0,0.0,0.0,0.0,0.0,1197.8,12.00,16,16,16,39,55,661,1,72.4,72.0,70.8,67.9,69.7,71.1,69.4,68.2,66.0,67.0,65.9,65.6,62.7,63.0,62.4,53.0,51.2,1.381,1.031,1.387,14.012,11.037,14.012,72.282,39.316,4.325,5.452,6.333,4.840,4.275,3.206,3.914,3.515,3.061,18.837,11.373,30.209,39.328,1197.8,1197.8,4090.1,4090.3,4089.8,4090.3,44.7,23.4,80.3,75.8,54.3,No,No,No,1.462,0.347,6.4,50,95.0,100.0,No,No,91294,99096,35,99.0,No,No,3320,0.0,0.0,0.0,0.006,0.016,79844,50765,0.0,0.0,0.0,0.000,0.000,52,0,46.0,60.4,83.0,0.719,12.139,12.186,12.156,12.073,1132,39.233,13.989,18.659,4.753,33.223,22.831,10.366,0.336,18.659,19.649,2.143,9.271,220.000,240.000,1185.0,1250.2,1050.0,1214.6,1140.0,37.0,8.0,0.0,2.0,28.7,3.1,12.4,0.0,0.0,0.0,33,Yes,No,No,No,No,Yes,No,17.4,21.9,0,0,0,0,0,0,0,0,0,11,0,0,0,0,0,0,0,0,0,0,0,0,0,0,0,0,0,0,0,0,5841,2351,2186,132,8.0,239.7,256.3,222.9,218.6,220.7,217.7,239.8,242.2,236.6,234.3,235.1,234.1,4.17,4.54,3.88,3.75,4.56,4.60,0.57,0.14,4.06,0.11,0.11,0,0,0.0,0.0,13578,1183,3.5,5.0,0,
8.7.2026,15:30:19.604,18752,27241,40.7,13676,19006,41.8,0.5,13312,70,1.332,1.331,1.331,1.331,1.331,1.331,1.331,1.331,1.337,4095.7,4092.6,4117.6,4092.6,4092.6,4092.6,4092.6,4092.6,4092.6,99.8,1508.3,3578.6,2112.0,1244.6,3334.7,1306.6,2106.8,1176.6,1706.0,694.7,857.2,1044.3,1409.9,814.4,1193.1,704.2,849.1,1508.3,33.6,52.1,50.2,29.4,81.2,30.6,50.4,27.5,40.6,16.1,20.1,24.2,33.5,18.1,28.1,16.4,19.9,81.2,33.6,38.1,59.0,56.9,33.3,92.0,34.7,57.1,31.1,46.0,18.2,22.7,27.4,37.9,20.5,31.8,18.6,22.6,38.1,41.0,41.0,41.2,41.0,41.0,41.0,41.0,41.0,41.0,0.0,81.4,87.5,96.7,85.8,82.9,73.0,78.8,75.4,71.3,18.6,12.5,3.3,14.2,17.1,27.0,21.2,24.6,28.7,0.0,0.0,0.0,0.0,0.0,0.0,0.0,0.0,0.0,1197.8,12.00,16,16,16,39,55,661,1,72.2,71.6,72.2,67.8,69.9,70.9,69.6,68.1,65.9,66.8,65.9,65.4,62.8,63.1,62.5,53.5,51.2,1.356,1.025,1.356,14.072,11.115,14.069,73.271,39.380,4.319,5.524,6.236,4.879,4.289,3.167,3.888,3.530,3.037,18.911,11.454,30.365,39.494,1197.8,1197.8,4089.1,4089.1,4089.1,4089.1,44.9,23.4,81.4,75.4,54.6,No,No,No,1.569,0.339,6.5,50,95.0,100.0,No,No,91294,99096,35,99.0,No,No,3320,0.0,0.0,0.1,0.103,0.058,79844,50765,0.0,0.0,0.0,0.000,0.000,52,0,45.8,60.2,83.0,0.694,12.141,12.190,12.158,12.076,1129,37.076,13.635,16.834,4.315,32.254,22.884,9.352,0.336,16.834,20.084,1.982,11.472,220.000,240.000,1125.0,1250.2,990.0,1130.8,1080.0,39.0,8.0,0.0,2.0,28.7,3.1,12.5,0.0,0.0,0.0,33,Yes,No,No,No,No,Yes,No,16.8,20.1,0,0,0,0,0,0,0,0,0,11,0,0,0,0,0,0,0,0,0,0,0,0,0,0,0,0,0,0,0,0,5841,2351,2186,123,8.0,239.8,256.6,223.7,210.2,217.2,206.8,239.8,242.1,237.4,237.3,237.4,237.2,4.17,4.49,3.88,3.68,4.61,4.77,0.59,0.12,4.06,0.11,0.10,0,0,0.0,0.0,13578,1183,2.5,2.2,0,
8.7.2026,15:30:21.604,18754,27240,40.7,13674,19008,41.8,0.5,13312,70,1.339,1.325,1.337,1.344,1.344,1.344,1.344,1.344,1.331,4092.6,4092.6,4092.6,4092.6,4092.6,4092.6,4092.6,4092.6,4092.6,99.8,1396.6,3528.7,1994.1,2186.8,2322.6,1490.3,1695.5,1189.8,1460.2,610.1,796.9,911.5,1248.7,764.6,1032.3,514.8,598.5,1396.6,30.9,49.4,47.1,52.5,56.6,35.1,40.1,27.9,34.6,14.0,18.6,21.5,29.3,17.1,24.3,11.7,13.8,56.6,30.9,35.1,56.1,53.5,59.6,64.3,39.8,45.6,31.7,39.3,16.0,21.2,24.5,33.3,19.4,27.6,13.3,15.7,35.1,41.0,41.0,41.0,41.0,41.0,41.0,41.0,41.0,41.0,0.0,79.4,86.2,96.5,84.4,81.6,70.6,76.0,72.8,67.2,20.6,13.8,3.5,15.6,18.4,29.4,24.0,27.2,32.8,0.0,0.0,0.0,0.0,0.0,0.0,0.0,0.0,0.0,1197.8,12.00,16,16,16,39,55,661,1,72.2,71.5,72.2,67.5,69.5,71.0,69.2,67.8,65.6,66.3,65.6,64.8,62.7,63.0,62.4,53.5,50.8,1.337,1.038,1.350,13.630,11.040,13.639,71.470,38.802,4.208,5.385,6.327,4.751,4.173,3.102,3.719,3.398,2.808,18.360,11.375,29.735,38.869,1197.8,1197.8,4095.1,4095.5,4094.7,4095.5,44.2,22.7,79.4,75.2,54.4,No,No,No,1.477,0.355,6.4,50,95.0,100.0,No,No,91294,99096,35,99.0,No,No,3320,0.0,0.1,0.1,0.000,0.116,79844,50765,0.0,0.0,0.0,0.000,0.000,52,0,45.9,60.2,83.0,0.694,12.143,12.191,12.161,12.078,1131,37.696,14.106,17.635,4.608,32.943,23.129,9.797,0.336,17.635,20.262,2.015,12.696,220.000,240.000,1155.0,1250.2,1005.0,1137.5,1095.0,40.0,8.0,0.0,2.0,28.7,3.6,14.4,0.0,0.0,0.0,33,Yes,No,No,No,No,Yes,No,17.2,21.8,0,0,0,0,0,0,0,0,0,11,0,0,0,0,0,0,0,0,0,0,0,0,0,0,0,0,0,0,0,0,5841,2351,2186,123,8.0,239.8,254.7,226.1,215.6,219.0,215.6,0.0,0.0,0.0,0.0,0.0,0.0,4.17,4.49,3.86,3.76,4.58,4.65,0.54,0.20,4.06,0.11,0.00,0,0,0.0,0.0,13578,1183,2.2,1.7,0,
8.7.2026,15:30:23.604,18753,27240,40.7,13676,19006,41.8,0.5,13312,70,1.326,1.331,1.325,1.325,1.325,1.325,1.325,1.325,1.325,4092.6,4092.6,4092.6,4092.6,4092.6,4092.6,4092.6,4092.6,4092.6,99.8,1473.8,3558.9,2152.1,3181.9,1380.1,1839.4,1578.1,1400.7,1412.3,727.2,810.7,951.4,1343.0,785.7,1084.0,629.9,744.8,1473.8,32.7,49.2,51.2,77.5,32.8,43.9,37.2,33.1,33.4,16.9,19.0,22.2,31.8,17.6,25.6,14.7,17.4,77.5,32.7,37.1,55.8,58.1,87.9,37.1,49.8,42.2,37.5,37.9,19.1,21.5,25.1,36.1,19.9,29.0,16.5,19.6,37.1,41.0,41.0,41.0,41.0,41.0,41.0,41.0,41.0,41.0,0.0,80.7,87.0,96.3,86.4,82.7,72.0,77.2,74.2,69.5,19.3,13.0,3.7,13.6,17.3,28.0,22.8,25.8,30.5,0.0,0.0,0.0,0.0,0.0,0.0,0.0,0.0,0.0,1197.8,12.00,16,16,16,39,55,661,1,72.2,71.7,73.0,67.8,70.0,70.9,69.8,68.1,65.9,66.6,65.8,65.2,62.8,63.2,62.5,54.5,51.5,1.350,1.031,1.356,14.017,11.072,14.010,72.607,39.284,4.303,5.564,6.263,4.948,4.275,3.181,3.801,3.441,2.953,18.855,11.410,30.265,39.385,1197.8,1197.8,4091.3,4091.3,4091.3,4091.3,44.8,23.4,80.7,75.5,54.6,No,No,No,1.525,0.350,6.5,50,95.0,100.0,No,No,91294,99096,35,99.0,No,No,3320,0.0,0.0,0.0,0.008,0.010,79844,50765,0.0,0.0,0.0,0.000,0.000,52,0,45.9,60.5,83.0,0.719,12.141,12.187,12.158,12.077,1131,38.211,14.557,19.007,5.204,33.873,23.296,10.559,0.336,19.007,20.401,2.106,11.783,220.000,240.000,1140.0,1250.2,990.0,1183.1,1080.0,38.0,8.0,0.0,2.0,28.7,3.4,13.7,0.0,0.0,0.0,33,Yes,No,No,No,No,Yes,No,17.9,21.8,0,0,0,0,0,0,0,0,0,11,0,0,0,0,0,0,0,0,0,0,0,0,0,0,0,0,0,0,0,0,5841,2351,2186,123,8.0,239.8,257.9,223.5,218.0,220.4,217.1,239.8,242.7,237.6,234.4,235.9,233.8,4.17,4.48,3.82,3.72,4.55,4.61,0.66,0.15,4.06,0.11,0.10,0,0,0.0,0.0,13578,1183,2.3,2.6,0,
8.7.2026,15:30:25.594,18756,27237,40.7,13676,19006,41.8,0.5,13312,70,1.341,1.337,1.337,1.337,1.337,1.344,1.344,1.344,1.344,4092.6,4092.6,4092.6,4092.6,4092.6,4092.6,4092.6,4092.6,4092.6,99.8,1439.1,3542.9,2084.3,2976.2,1554.7,1746.0,1538.7,1290.7,1416.7,656.1,831.5,1026.0,1245.0,832.4,1074.0,532.3,677.3,1439.1,31.9,49.9,49.5,72.3,37.0,41.5,36.2,30.4,33.4,15.1,19.5,24.0,29.4,18.6,25.3,12.1,15.7,72.3,31.9,36.2,56.7,56.2,82.0,42.0,47.1,41.1,34.5,37.9,17.2,22.1,27.2,33.3,21.2,28.7,13.7,17.8,36.2,41.0,41.0,41.0,41.0,41.0,41.0,41.0,41.0,41.0,0.0,80.0,86.6,96.2,85.2,81.8,71.7,76.9,73.9,68.0,20.0,13.4,3.8,14.8,18.2,28.3,23.1,26.1,32.0,0.0,0.0,0.0,0.0,0.0,0.0,0.0,0.0,0.0,1197.8,12.00,16,16,16,39,55,661,1,72.2,71.5,72.5,67.6,69.8,71.0,69.4,67.9,65.8,66.6,65.7,64.9,62.8,63.1,62.4,55.2,51.3,1.337,1.038,1.350,13.766,11.048,13.768,72.038,38.989,4.261,5.529,6.279,4.831,4.188,3.131,3.802,3.455,2.871,18.525,11.382,29.907,39.037,1197.8,1197.8,4093.2,4093.2,4093.2,4093.2,44.4,22.9,80.0,75.3,54.2,No,No,No,1.492,0.373,6.4,49,95.0,100.0,No,No,91294,99096,35,99.0,No,No,3320,0.0,0.1,0.1,0.000,0.157,79844,50765,0.0,0.0,0.0,0.000,0.000,52,0,46.1,60.5,83.0,0.738,12.141,12.188,12.159,12.076,1128,39.908,15.081,20.449,5.497,34.458,23.077,11.360,0.336,20.449,19.839,2.275,13.072,220.000,240.000,1260.0,1250.2,1095.0,1253.1,1185.0,37.0,9.0,0.0,2.0,28.7,3.7,14.7,0.0,0.0,0.0,33,Yes,No,No,No,No,Yes,No,18.3,20.6,0,0,0,0,0,0,0,0,0,11,0,0,0,0,0,0,0,0,0,0,0,0,0,0,0,0,0,0,0,0,5841,2351,2186,122,8.0,239.8,256.2,222.0,217.3,219.0,216.8,239.8,242.0,237.4,236.6,236.9,236.5,4.17,4.48,3.91,3.78,4.58,4.63,0.57,0.16,4.06,0.11,0.10,0,0,0.0,0.0,13578,1183,2.1,2.0,0,
8.7.2026,15:30:27.594,18758,27236,40.7,13678,19004,41.8,0.5,13312,70,1.331,1.319,1.325,1.331,1.331,1.331,1.337,1.337,1.337,4089.5,4067.7,4092.6,4092.6,4092.6,4092.6,4092.6,4092.6,4092.6,99.8,1438.0,3565.1,1836.9,1230.3,3228.6,1402.8,1971.3,1100.1,1641.5,669.1,872.5,1037.1,1225.3,810.2,1042.3,674.6,700.5,1438.0,32.6,56.8,43.8,29.5,78.7,33.4,47.3,26.2,39.5,16.1,21.0,24.8,29.4,18.7,25.0,15.6,16.2,78.7,32.6,36.6,64.1,49.3,33.0,89.1,37.4,53.3,29.1,44.3,17.6,23.2,27.6,32.8,20.6,27.8,17.8,18.4,36.6,41.0,40.8,41.0,41.0,41.0,41.0,41.0,41.0,41.0,0.0,79.9,87.2,95.6,85.4,81.6,71.2,76.3,73.3,68.3,20.1,12.8,4.4,14.6,18.4,28.8,23.7,26.7,31.7,0.0,0.0,0.0,0.0,0.0,0.0,0.0,0.0,0.0,1197.8,12.00,16,16,16,39,55,661,1,72.1,71.5,70.0,67.6,70.1,70.6,69.5,67.8,65.9,66.4,65.6,65.0,62.7,63.1,62.4,55.5,51.4,1.344,1.031,1.350,13.772,11.072,13.769,71.873,38.936,4.257,5.696,6.181,4.835,4.164,3.152,3.747,3.370,2.913,18.518,11.406,29.924,39.049,1197.8,1197.8,4090.5,4090.7,4090.2,4090.7,44.4,22.9,79.9,75.3,54.2,No,No,No,1.515,0.360,6.4,50,95.0,100.0,No,No,91294,99096,35,99.0,No,No,3320,0.0,0.0,0.0,0.028,0.002,79844,50765,0.0,0.0,0.0,0.000,0.000,52,0,45.9,60.3,83.0,0.706,12.140,12.187,12.157,12.075,1129,38.983,14.411,18.751,4.972,33.299,22.870,10.417,0.336,18.751,19.866,2.133,12.719,220.000,240.000,1155.0,1250.2,1005.0,1184.5,1095.0,39.0,8.0,0.0,2.0,28.7,3.3,13.3,0.0,0.0,0.0,33,Yes,No,No,No,No,Yes,No,17.6,20.9,0,0,0,0,0,0,0,0,0,11,0,0,0,0,0,0,0,0,0,0,0,0,0,0,0,0,0,0,0,0,5841,2351,2186,122,8.0,239.8,257.9,220.8,203.1,209.5,201.9,239.8,242.8,237.2,236.9,237.0,236.8,4.17,4.58,3.84,3.72,4.82,4.99,0.59,0.10,4.06,0.11,0.11,0,0,0.0,0.0,13578,1183,6.4,7.3,0,
8.7.2026,15:30:29.594,18759,27234,40.7,13677,19004,41.8,0.5,13312,70,1.330,1.325,1.331,1.331,1.331,1.331,1.331,1.331,1.331,4092.6,4092.6,4092.6,4092.6,4092.6,4092.6,4092.6,4092.6,4092.6,99.8,1382.9,3511.6,1608.4,1149.9,3293.2,1375.9,1856.7,1258.7,1356.4,707.8,712.5,1154.7,1009.2,923.0,928.1,609.9,671.0,1382.9,31.1,58.2,37.7,27.1,80.3,32.3,44.0,29.5,31.9,16.3,16.5,27.1,23.6,20.9,21.6,14.6,16.2,80.3,31.1,35.3,66.1,42.9,30.8,91.2,36.8,50.0,33.6,36.3,18.6,18.9,30.9,26.9,23.9,24.6,16.0,17.7,35.3,41.0,41.0,41.0,41.0,41.0,41.0,41.0,41.0,41.0,0.0,78.6,85.8,95.8,84.0,80.1,69.2,75.2,72.4,66.5,21.4,14.2,4.2,16.0,19.9,30.8,24.8,27.6,33.5,0.0,0.0,0.0,0.0,0.0,0.0,0.0,0.0,0.0,1197.8,12.00,16,16,16,39,55,661,1,72.1,71.3,71.5,67.3,69.6,70.6,69.1,67.5,65.5,66.1,65.5,64.8,62.6,62.9,62.2,53.8,51.5,1.337,1.038,1.344,13.401,11.058,13.403,70.755,38.472,4.171,5.477,6.143,4.725,4.060,3.059,3.656,3.393,2.858,18.029,11.394,29.423,38.541,1197.8,1197.8,4093.3,4093.7,4092.9,4093.7,43.8,22.3,78.6,75.0,53.9,No,No,No,1.463,0.333,6.3,50,95.0,100.0,No,No,91294,99096,35,99.0,No,No,3320,0.0,0.0,0.0,0.000,0.026,79844,50765,0.0,0.0,0.0,0.000,0.000,52,0,45.9,60.3,83.0,0.713,12.139,12.187,12.156,12.074,1129,38.352,13.368,17.028,4.217,31.861,22.385,9.460,0.336,17.028,19.394,2.061,9.913,220.000,240.000,1170.0,1250.2,1020.0,1161.6,1110.0,36.0,7.0,0.0,2.0,28.7,3.5,13.9,0.0,0.0,0.0,33,Yes,No,No,No,No,Yes,No,16.6,21.7,0,0,0,0,0,0,0,0,0,11,0,0,0,0,0,0,0,0,0,0,0,0,0,0,0,0,0,0,0,0,5841,2351,2186,122,8.0,239.8,262.1,222.4,212.8,217.1,211.4,0.0,0.0,0.0,0.0,0.0,0.0,4.17,4.52,3.78,3.68,4.61,4.69,0.53,0.11,4.05,0.11,0.00,0,0,0.0,0.0,13578,1183,2.0,2.2,0,
8.7.2026,15:30:31.601,18759,27235,40.7,13675,19007,41.8,0.5,13312,70,1.328,1.331,1.319,1.325,1.325,1.331,1.331,1.331,1.331,4086.4,4092.6,4067.7,4067.7,4092.6,4092.6,4092.6,4092.6,4092.6,99.8,1347.7,3485.8,1594.2,2310.2,2139.6,1479.5,1539.1,1471.9,1147.1,715.7,634.1,1181.4,895.8,954.9,751.1,677.2,585.6,1347.7,30.3,56.8,37.6,55.8,51.8,35.0,36.4,35.0,27.0,16.8,14.7,28.0,20.8,21.9,17.4,15.8,13.6,56.8,30.3,34.4,64.5,42.7,63.4,58.8,39.8,41.3,39.7,30.6,19.0,16.6,31.8,23.6,24.9,19.8,17.9,15.4,34.4,40.9,41.0,40.8,40.8,41.0,41.0,41.0,41.0,41.0,0.0,77.1,85.2,95.9,81.5,79.1,67.1,73.4,70.0,65.0,22.9,14.8,4.1,18.5,20.9,32.9,26.6,30.0,35.0,0.0,0.0,0.0,0.0,0.0,0.0,0.0,0.0,0.0,1197.8,12.00,16,16,16,39,55,661,1,72.1,71.4,71.8,67.3,69.6,70.8,68.8,67.7,65.3,66.0,65.3,64.8,62.6,62.9,62.2,53.8,50.9,1.337,1.031,1.344,13.427,11.052,13.426,69.420,38.507,4.140,5.494,6.315,4.540,4.084,2.995,3.574,3.273,2.848,18.075,11.385,29.460,38.574,1197.8,1197.8,4093.7,4094.6,4092.8,4094.6,43.8,22.4,77.1,75.2,54.4,No,No,No,1.492,0.312,6.2,50,95.0,100.0,No,No,91294,99096,35,99.0,No,No,3320,0.4,0.7,1.0,0.876,10.055,79846,50785,0.0,0.0,0.0,0.000,0.000,52,0,45.8,60.1,83.0,0.688,12.141,12.189,12.158,12.076,1131,37.459,13.199,16.652,4.181,31.830,22.571,9.251,0.336,16.652,19.708,2.081,8.732,220.000,240.000,1110.0,1250.2,975.0,1137.5,1050.0,36.0,7.0,0.0,2.0,28.7,3.2,12.8,0.0,0.0,0.0,33,Yes,No,No,No,No,Yes,No,16.5,20.8,0,0,0,0,0,0,0,0,0,11,0,0,0,0,0,0,0,0,0,0,0,0,0,0,0,0,0,0,0,0,5841,2351,2186,122,8.0,239.7,255.0,224.0,221.5,222.7,220.9,239.8,242.7,237.3,236.7,237.0,236.6,4.17,4.51,3.91,3.76,4.56,4.63,0.61,0.06,4.06,0.11,0.10,0,0,0.0,0.0,13578,1183,2.8,1.6,0,
8.7.2026,15:30:33.596,18760,27234,40.7,13678,19004,41.8,0.5,13312,70,1.325,1.331,1.325,1.325,1.325,1.337,1.331,1.312,1.312,4083.3,4092.6,4092.6,4092.6,4092.6,4092.6,4067.7,4067.7,4067.7,99.8,1421.7,3542.4,1617.4,3321.6,1260.9,1844.1,1506.2,1598.5,1188.7,790.4,666.0,1241.9,957.3,1050.1,846.8,669.7,645.6,1421.7,32.2,58.7,38.1,81.0,30.0,44.2,35.6,38.2,28.0,18.7,15.7,29.6,22.4,24.4,19.8,15.7,15.1,81.0,32.2,36.3,66.4,43.0,91.8,33.9,49.9,40.2,43.2,31.6,21.0,17.6,33.3,25.2,27.5,22.3,17.6,16.9,36.3,40.9,41.0,41.0,41.0,41.0,41.0,40.8,40.8,40.8,0.0,79.9,86.7,96.9,85.1,82.2,70.7,76.2,73.7,67.9,20.1,13.3,3.1,14.9,17.8,29.3,23.8,26.3,32.1,0.0,0.0,0.0,0.0,0.0,0.0,0.0,0.0,0.0,1197.8,12.00,16,16,16,39,55,661,1,72.4,72.6,70.0,68.0,70.1,71.1,70.0,68.3,66.1,66.8,66.2,65.7,62.7,63.0,62.3,53.0,51.2,1.350,1.031,1.356,14.201,11.009,14.204,71.927,39.468,4.381,5.621,6.356,5.019,4.332,3.190,3.842,3.572,3.115,19.076,11.343,30.419,39.537,1197.8,1197.8,4087.0,4087.1,4086.9,4087.1,44.9,23.7,79.9,76.4,54.3,No,No,No,1.428,0.296,6.4,50,95.0,100.0,No,No,91294,99096,35,99.0,No,No,3320,0.0,0.0,0.0,0.000,0.014,79846,50785,0.0,0.0,0.0,0.000,0.000,52,0,45.8,60.0,83.0,0.688,12.139,12.186,12.156,12.074,1131,36.386,13.480,16.797,4.277,31.995,22.651,9.332,0.336,16.797,19.820,2.050,10.745,220.000,240.000,1080.0,1250.2,975.0,1080.7,1050.0,40.0,7.0,0.0,2.0,28.7,3.3,13.1,0.0,0.0,0.0,33,Yes,No,No,No,No,Yes,No,16.6,19.2,0,0,0,0,0,0,0,0,0,11,0,0,0,0,0,0,0,0,0,0,0,0,0,0,0,0,0,0,0,0,5841,2351,2186,122,8.0,239.8,260.2,221.6,206.3,213.1,203.3,237.7,242.2,237.0,119.9,143.6,119.8,4.17,4.52,3.84,3.64,4.67,4.89,0.69,0.13,4.06,0.11,0.11,0,0,0.0,0.0,13578,1183,2.2,2.2,0,
8.7.2026,15:30:35.594,18761,27233,40.7,13681,19001,41.8,0.5,13312,70,1.337,1.337,1.331,1.337,1.337,1.337,1.337,1.337,1.337,4092.6,4092.6,4092.6,4092.6,4092.6,4092.6,4092.6,4092.6,4092.6,99.8,1377.4,3546.4,1657.3,3178.4,1373.5,1716.8,1486.1,1474.4,1218.5,734.4,656.8,1289.7,913.7,922.1,780.4,571.1,518.5,1377.4,30.9,57.8,39.1,77.4,32.3,41.0,35.0,35.0,28.8,17.3,15.3,30.7,21.3,21.1,18.1,13.3,11.9,77.4,30.9,35.1,65.6,44.3,87.8,36.6,46.5,39.7,39.6,32.6,19.6,17.3,34.8,24.1,24.0,20.5,15.1,13.5,35.1,41.0,41.0,41.0,41.0,41.0,41.0,41.0,41.0,41.0,0.0,79.0,86.6,96.7,83.5,81.1,69.7,75.8,71.9,66.3,21.0,13.4,3.3,16.5,18.9,30.3,24.2,28.1,33.7,0.0,0.0,0.0,0.0,0.0,0.0,0.0,0.0,0.0,1197.8,12.00,16,16,16,39,55,661,1,72.2,71.4,70.2,67.5,69.8,70.9,69.3,67.8,65.5,66.4,65.3,64.7,62.7,63.0,62.3,53.2,51.4,1.350,1.031,1.350,13.731,11.048,13.728,71.057,38.866,4.211,5.608,6.321,4.745,4.154,3.047,3.765,3.294,2.751,18.486,11.385,29.872,38.986,1197.8,1197.8,4094.4,4094.6,4094.1,4094.6,44.3,22.9,79.0,75.2,54.7,No,No,No,1.477,0.323,6.3,50,95.0,100.0,No,No,91294,99096,35,99.0,No,No,3320,0.0,0.0,0.0,0.026,0.073,79846,50785,0.0,0.0,0.0,0.000,0.000,52,0,48.0,63.2,83.0,0.969,12.133,12.178,12.155,12.067,1128,44.746,22.745,39.636,11.715,46.250,24.206,22.020,0.336,39.636,18.653,4.371,20.626,220.000,240.000,1800.0,1750.2,1590.0,1619.1,1710.0,25.0,5.0,0.0,2.0,28.7,3.5,14.1,0.0,0.0,0.0,33,Yes,No,No,No,No,Yes,No,26.5,31.7,0,0,0,0,0,0,0,0,0,13,0,0,0,0,0,0,0,0,0,0,0,0,0,0,0,0,0,0,0,0,5841,2351,2186,122,8.0,239.7,270.0,217.4,211.5,214.1,210.6,239.8,241.9,237.7,236.8,237.3,236.6,4.17,4.58,3.71,3.58,4.66,4.71,0.39,0.31,4.05,0.12,0.11,0,0,0.0,0.0,13578,1183,2.1,2.3,0,
8.7.2026,15:30:37.602,18811,27183,40.8,13708,18974,41.9,0.5,13312,70,1.326,1.325,1.331,1.331,1.331,1.331,1.319,1.319,1.319,4083.3,4092.6,4092.6,4092.6,4092.6,4092.6,4067.7,4067.7,4067.7,99.8,1407.9,3599.2,1699.1,1223.0,3270.8,1411.2,1957.0,1377.9,1366.0,715.2,649.6,1374.7,897.0,1016.5,811.5,617.2,540.7,1407.9,31.7,60.9,40.0,28.9,79.8,33.2,46.5,32.5,32.1,16.5,14.9,32.6,20.7,23.2,18.6,14.2,12.4,79.8,31.7,36.0,69.1,45.4,32.8,90.5,37.7,52.7,36.9,36.4,18.7,16.9,37.0,23.6,26.4,21.2,16.1,14.0,36.0,40.9,41.0,41.0,41.0,41.0,41.0,40.8,40.8,40.8,0.0,80.4,88.0,96.6,85.5,82.1,71.4,77.3,74.2,68.4,19.6,12.0,3.4,14.5,17.9,28.6,22.7,25.8,31.6,0.0,0.0,0.0,0.0,0.0,0.0,0.0,0.0,0.0,1197.8,12.00,16,16,16,39,55,661,1,72.2,71.7,72.0,67.7,70.4,70.8,69.6,67.8,65.6,66.5,65.7,65.0,62.7,63.1,62.4,53.8,51.2,1.350,1.044,1.344,13.708,11.090,13.712,72.402,38.931,4.289,5.830,6.182,4.882,4.189,3.084,3.825,3.435,2.888,18.437,11.425,29.862,38.993,1197.8,1197.8,4092.2,4092.4,4092.1,4092.4,44.3,22.9,80.4,75.5,53.6,No,No,No,1.519,0.315,6.4,50,95.0,100.0,No,No,91294,99096,35,99.0,No,No,3320,0.0,0.1,0.1,0.008,0.176,79846,50785,0.0,0.0,0.0,0.000,0.000,52,0,46.3,60.8,83.0,0.731,12.141,12.189,12.159,12.077,1132,47.462,14.377,19.766,5.022,33.740,22.752,10.981,0.336,19.766,19.346,2.340,9.723,220.000,240.000,1230.0,1250.2,1080.0,1300.2,1170.0,34.0,7.0,0.0,2.0,28.7,2.6,10.3,0.0,0.0,0.0,33,Yes,No,No,No,No,Yes,No,17.8,22.8,0,0,0,0,0,0,0,0,0,13,0,0,0,0,0,0,0,0,0,0,0,0,0,0,0,0,0,0,0,0,5841,2351,2186,123,8.0,239.8,262.2,219.4,215.4,216.7,214.9,239.8,242.2,237.1,236.3,236.6,236.2,4.17,4.58,3.83,3.67,4.62,4.67,0.65,0.21,4.05,0.12,0.10,0,0,0.0,0.0,13578,1183,4.0,4.9,0,
8.7.2026,15:30:39.595,18805,27189,40.8,13708,18974,41.9,0.5,13312,70,1.330,1.319,1.331,1.331,1.331,1.331,1.331,1.331,1.331,4089.5,4067.7,4092.6,4092.6,4092.6,4092.6,4092.6,4092.6,4092.6,99.8,1419.7,3594.1,1673.9,1139.8,3327.9,1429.4,1914.6,1383.4,1417.7,828.9,610.0,1322.4,949.2,1109.5,807.4,713.0,494.9,1419.7,31.8,59.7,39.4,26.7,81.1,33.6,45.5,32.5,33.4,19.1,13.9,31.1,21.8,25.4,18.4,16.3,11.0,81.1,31.8,36.4,67.9,44.9,30.6,92.1,38.4,51.9,37.2,38.1,22.0,16.1,35.6,25.1,29.1,21.3,18.8,12.8,36.4,41.0,40.8,41.0,41.0,41.0,41.0,41.0,41.0,41.0,0.0,80.4,87.9,96.5,85.4,82.4,71.5,77.2,74.0,68.2,19.6,12.1,3.5,14.6,17.6,28.5,22.8,26.0,31.8,0.0,0.0,0.0,0.0,0.0,0.0,0.0,0.0,0.0,1197.8,12.00,16,16,16,39,55,661,1,72.1,71.8,72.0,67.6,70.1,70.9,69.5,68.0,65.7,66.4,65.7,64.9,62.7,63.0,62.3,56.0,51.9,1.344,1.038,1.344,13.832,11.129,13.824,72.345,39.081,4.282,5.666,6.282,4.878,4.227,3.115,3.787,3.465,2.834,18.607,11.466,30.073,39.191,1197.8,1197.8,4091.4,4092.1,4090.6,4092.1,44.5,23.0,80.4,75.6,54.2,No,No,No,1.592,0.326,6.4,50,95.0,100.0,No,No,91294,99096,35,99.0,No,No,3320,0.0,0.0,0.0,0.008,0.071,79846,50785,0.0,0.0,0.0,0.000,0.000,52,0,46.1,60.7,83.0,0.719,12.140,12.187,12.157,12.075,1132,38.298,14.520,18.880,5.058,33.736,23.232,10.489,0.336,18.880,20.245,2.187,12.152,220.000,240.000,1185.0,1250.2,1050.0,1170.4,1140.0,41.0,8.0,0.0,2.0,28.7,3.3,13.2,0.0,0.0,0.0,33,Yes,No,No,No,No,Yes,No,17.8,22.4,0,0,0,0,0,0,0,0,0,13,0,0,0,0,0,0,0,0,0,0,0,0,0,0,0,0,0,0,0,0,5840,2352,2187,123,8.0,239.7,258.8,224.4,210.9,217.7,207.9,239.8,242.4,237.7,237.2,237.5,237.1,4.17,4.48,3.82,3.64,4.60,4.75,0.83,0.06,4.06,0.12,0.10,0,0,0.0,0.0,13578,1183,2.3,2.0,0,
8.7.2026,15:30:41.595,18802,27191,40.8,13704,18978,41.9,0.5,13312,70,1.337,1.331,1.337,1.337,1.337,1.337,1.337,1.337,1.337,4092.6,4092.6,4092.6,4092.6,4092.6,4092.6,4092.6,4092.6,4092.6,99.8,1327.2,3532.5,1568.1,2252.0,2103.8,1634.9,1528.8,1508.0,1100.1,714.1,551.9,1350.0,735.8,1004.2,688.6,568.0,394.7,1327.2,29.9,58.3,37.1,54.5,50.9,38.9,36.3,35.9,26.0,16.8,12.9,32.1,17.2,23.2,16.0,13.3,9.1,58.3,29.9,33.8,66.1,42.0,61.8,57.7,44.0,41.1,40.5,29.4,18.8,14.4,36.3,19.3,26.1,18.0,14.9,10.1,33.8,41.0,41.0,41.0,41.0,41.0,41.0,41.0,41.0,41.0,0.0,78.1,86.3,95.4,83.5,80.2,68.7,74.2,71.7,65.2,21.9,13.7,4.6,16.5,19.8,31.3,25.8,28.3,34.8,0.0,0.0,0.0,0.0,0.0,0.0,0.0,0.0,0.0,1197.8,12.00,16,16,16,39,55,661,1,72.0,71.2,72.0,67.2,69.6,70.5,69.0,67.6,65.3,66.0,65.2,64.4,62.5,62.8,62.1,53.5,51.0,1.350,1.031,1.356,13.332,11.061,13.336,70.334,38.416,4.136,5.536,6.149,4.679,4.108,2.971,3.634,3.318,2.697,17.952,11.393,29.345,38.465,1197.8,1197.8,4095.9,4096.4,4095.4,4096.4,43.7,22.2,78.1,74.9,54.1,No,No,No,1.488,0.335,6.3,49,95.0,100.0,No,No,91294,99096,35,99.0,No,No,3320,0.0,0.0,0.0,0.000,0.082,79846,50785,0.0,0.0,0.0,0.000,0.000,52,0,46.1,60.5,83.0,0.694,12.141,12.189,12.158,12.076,1129,38.672,14.413,18.688,4.900,33.508,23.101,10.382,0.336,18.688,20.053,2.261,12.215,220.000,240.000,1140.0,1250.2,990.0,1178.4,1080.0,38.0,7.0,0.0,2.0,28.7,3.3,13.1,0.0,0.0,0.0,33,Yes,No,No,No,No,Yes,No,17.6,19.3,0,0,0,0,0,0,0,0,0,13,0,0,0,0,0,0,0,0,0,0,0,0,0,0,0,0,0,0,0,0,5840,2352,2187,123,8.0,239.8,264.2,221.5,216.9,218.4,215.9,0.0,0.0,0.0,0.0,0.0,0.0,4.17,4.56,3.76,3.69,4.61,4.64,0.68,0.12,4.06,0.11,0.00,0,0,0.0,0.0,13578,1183,3.0,2.5,0,
8.7.2026,15:30:43.594,18806,27188,40.8,13706,18976,41.9,0.5,13312,70,1.323,1.331,1.331,1.331,1.319,1.319,1.319,1.319,1.319,4077.0,4092.6,4092.6,4092.6,4067.7,4067.7,4067.7,4067.7,4067.7,99.8,1351.1,3550.2,1458.1,3290.1,1151.8,1874.5,1345.0,1422.1,1186.8,727.4,549.6,1222.8,907.3,1013.8,739.3,668.8,510.4,1351.1,30.6,61.4,34.3,80.0,27.3,44.8,31.7,33.6,28.0,17.0,12.7,29.0,21.2,23.4,17.2,15.7,11.9,80.0,30.6,34.6,69.6,38.8,90.9,30.9,50.8,35.9,38.1,31.7,19.2,14.3,32.8,23.9,26.4,19.4,17.6,13.3,34.6,40.8,41.0,41.0,41.0,40.8,40.8,40.8,40.8,40.8,0.0,78.4,86.7,95.4,83.9,79.6,68.7,74.9,71.8,66.5,21.6,13.3,4.6,16.1,20.4,31.3,25.1,28.2,33.5,0.0,0.0,0.0,0.0,0.0,0.0,0.0,0.0,0.0,1197.8,12.00,16,16,16,39,55,661,1,72.0,71.3,70.8,67.3,69.8,70.5,69.2,67.4,65.3,66.1,65.3,64.8,62.5,62.9,62.2,53.0,51.2,1.350,1.019,1.344,13.546,11.086,13.550,70.595,38.724,4.162,5.624,6.096,4.731,4.027,2.994,3.689,3.330,2.806,18.247,11.422,29.669,38.791,1197.8,1197.8,4095.8,4096.6,4095.1,4096.6,44.1,22.6,78.4,75.1,54.6,No,No,No,1.477,0.326,6.3,50,95.0,100.0,No,No,91294,99096,35,99.0,No,No,3320,0.1,0.0,0.1,0.040,0.002,79846,50785,0.0,0.0,0.0,0.000,0.000,52,0,46.0,60.2,83.0,0.706,12.139,12.186,12.156,12.074,1129,37.423,13.933,17.460,4.484,32.494,22.771,9.700,0.336,17.460,19.855,2.232,12.540,220.000,240.000,1155.0,1250.2,1005.0,1136.2,1095.0,39.0,8.0,0.0,2.0,28.7,3.4,13.5,0.0,0.0,0.0,33,Yes,No,No,No,No,Yes,No,17.0,21.0,0,0,0,0,0,0,0,0,0,13,0,0,0,0,0,0,0,0,0,0,0,0,0,0,0,0,0,0,0,0,5840,2352,2188,123,8.0,239.8,260.2,218.4,213.6,215.0,213.4,239.8,242.5,237.3,236.7,237.0,236.6,4.17,4.54,3.81,3.46,4.62,4.68,0.78,0.08,4.06,0.12,0.13,0,0,0.0,0.0,13578,1183,4.1,4.1,0,
8.7.2026,15:30:45.595,18811,27183,40.8,13710,18972,41.9,0.5,13312,70,1.331,1.331,1.331,1.331,1.331,1.331,1.331,1.331,1.331,4092.6,4092.6,4092.6,4092.6,4092.6,4092.6,4092.6,4092.6,4092.6,99.8,1322.5,3488.6,1677.1,3255.7,1174.8,1735.8,1338.1,1188.6,1372.0,651.0,592.6,924.7,1118.3,835.9,827.7,495.8,483.9,1322.5,29.5,54.7,39.7,79.3,27.7,41.3,31.5,28.0,32.5,15.0,13.8,21.6,26.4,18.9,19.3,11.3,11.1,79.3,29.5,33.5,62.1,45.1,90.1,31.5,46.9,35.8,31.8,37.0,17.1,15.7,24.5,30.0,21.4,21.9,12.8,12.6,33.5,41.0,41.0,41.0,41.0,41.0,41.0,41.0,41.0,41.0,0.0,77.0,85.2,96.2,81.8,79.2,66.9,73.0,69.9,63.5,23.0,14.8,3.8,18.2,20.8,33.1,27.0,30.1,36.5,0.0,0.0,0.0,0.0,0.0,0.0,0.0,0.0,0.0,1197.8,12.00,16,16,16,39,55,661,1,72.0,71.2,70.5,67.1,69.6,70.6,68.6,67.5,65.1,65.8,65.2,64.4,62.4,62.8,62.1,53.0,50.8,1.350,1.031,1.350,13.236,11.044,13.236,69.276,38.255,4.103,5.502,6.250,4.539,4.042,2.942,3.595,3.269,2.686,17.822,11.376,29.198,38.311,1197.8,1197.8,4095.7,4096.6,4094.8,4096.6,43.5,22.1,77.0,75.0,54.1,No,No,No,1.477,0.335,6.2,49,95.0,100.0,No,No,91294,99096,35,99.0,No,No,3320,0.1,0.0,0.1,0.065,0.014,79846,50785,0.0,0.0,0.0,0.000,0.000,52,0,46.1,60.5,83.0,0.719,12.139,12.185,12.157,12.074,1131,38.723,14.097,18.923,4.874,33.383,22.856,10.513,0.336,18.923,19.671,2.266,9.222,220.000,240.000,1185.0,1250.2,1050.0,1182.8,1140.0,40.0,8.0,0.0,2.0,28.7,3.4,13.6,0.0,0.0,0.0,33,Yes,No,No,No,No,Yes,No,17.5,21.9,0,0,0,0,0,0,0,0,0,13,0,0,0,0,0,0,0,0,0,0,0,0,0,0,0,0,0,0,0,0,5839,2353,2188,123,8.0,239.8,258.8,221.0,208.7,213.7,206.8,239.8,242.4,237.4,237.0,237.2,237.0,4.17,4.58,3.83,3.54,4.71,4.88,0.77,0.10,4.05,0.12,0.10,0,0,0.0,0.0,13578,1183,5.3,2.9,0,
8.7.2026,15:30:47.598,18814,27180,40.9,13714,18968,41.9,0.5,13312,70,1.330,1.331,1.325,1.331,1.331,1.331,1.331,1.331,1.331,4092.6,4092.6,4092.6,4092.6,4092.6,4092.6,4092.6,4092.6,4092.6,99.8,1407.8,3553.6,2067.7,1102.4,3421.6,1298.9,1901.1,1170.7,1447.2,634.7,704.5,967.9,1229.4,824.4,950.2,619.9,629.9,1407.8,31.4,52.1,49.2,26.1,83.5,30.6,45.3,27.5,34.4,14.6,16.5,22.6,29.2,18.5,22.4,14.4,14.7,83.5,31.4,35.5,59.1,55.8,29.6,94.8,34.6,51.4,31.1,39.0,16.5,18.6,25.6,33.1,21.0,25.4,16.2,16.6,35.5,41.0,41.0,41.0,41.0,41.0,41.0,41.0,41.0,41.0,0.0,79.0,86.8,97.0,83.7,80.4,68.8,75.4,72.5,67.1,21.0,13.2,3.0,16.3,19.6,31.2,24.6,27.5,32.9,0.0,0.0,0.0,0.0,0.0,0.0,0.0,0.0,0.0,1197.8,12.00,16,16,16,39,55,661,1,72.0,71.4,71.0,67.4,69.7,70.8,69.1,67.6,65.3,66.2,65.3,64.8,62.5,62.9,62.2,55.0,50.9,1.350,1.031,1.356,13.680,11.086,13.673,71.058,38.842,4.205,5.598,6.293,4.715,4.083,3.009,3.732,3.363,2.850,18.440,11.421,29.860,38.971,1197.8,1197.8,4096.9,4097.3,4096.5,4097.3,44.3,22.8,79.0,75.2,54.6,No,No,No,1.532,0.317,6.3,50,95.0,100.0,No,No,91294,99096,35,99.0,No,No,3320,0.0,0.0,0.0,0.000,0.032,79846,50786,0.0,0.0,0.0,0.000,0.000,52,0,46.0,60.3,83.0,0.731,12.139,12.187,12.157,12.075,1129,38.802,14.300,19.025,4.972,33.309,22.724,10.569,0.336,19.025,19.600,4.012,9.422,220.000,240.000,1230.0,1250.2,1080.0,1227.5,1170.0,34.0,7.0,0.0,2.0,28.7,3.0,12.2,0.0,0.0,0.0,33,Yes,No,No,No,No,Yes,No,17.6,22.7,0,0,0,0,0,0,0,0,0,13,0,0,0,0,0,0,0,0,0,0,0,0,0,0,0,0,0,0,0,0,5839,2353,2188,123,8.0,239.8,266.6,219.7,208.6,214.3,205.9,239.8,242.1,237.5,236.8,237.2,236.7,4.17,4.59,3.77,3.62,4.69,4.86,0.69,0.07,4.06,0.11,0.13,0,0,0.0,0.0,13578,1183,3.3,5.5,0,
8.7.2026,15:30:49.590,18847,27147,40.9,13733,18949,42.0,0.5,13312,70,1.320,1.325,1.319,1.319,1.319,1.319,1.319,1.319,1.319,4067.7,4067.7,4067.7,4067.7,4067.7,4067.7,4067.7,4067.7,4067.7,99.8,1547.5,3536.5,2200.1,1291.3,3287.9,1400.8,2010.1,1300.7,1646.4,778.5,889.7,1067.5,1373.6,948.5,1057.7,809.3,1160.9,1547.5,34.7,49.3,52.6,30.7,80.3,33.2,48.2,30.7,39.5,18.3,21.1,25.1,32.8,21.7,24.9,19.0,27.9,80.3,34.7,39.2,55.8,59.5,34.7,90.9,37.5,54.5,34.7,44.6,20.6,23.8,28.4,37.1,24.5,28.2,21.4,31.4,39.2,40.8,40.8,40.8,40.8,40.8,40.8,40.8,40.8,40.8,0.0,81.0,86.7,96.5,85.1,82.3,72.4,77.2,74.5,73.5,19.0,13.3,3.5,14.9,17.7,27.6,22.8,25.5,26.5,0.0,0.0,0.0,0.0,0.0,0.0,0.0,0.0,0.0,1197.8,12.00,16,16,16,39,55,661,1,72.2,72.3,70.0,68.1,69.7,70.7,69.5,68.1,66.3,67.1,66.1,67.4,62.7,63.0,62.4,55.0,51.5,1.331,1.031,1.337,14.218,11.107,14.218,72.903,39.581,4.395,5.395,6.071,4.823,4.283,3.322,3.885,3.558,3.823,19.111,11.446,30.558,39.683,1197.8,1197.8,4082.0,4082.8,4081.2,4083.2,45.1,23.7,81.0,76.1,54.2,No,No,No,1.555,0.312,6.5,49,95.0,100.0,No,No,91294,99096,35,99.0,No,No,3320,0.0,0.1,0.1,0.032,0.147,79846,50786,0.0,0.0,0.0,0.000,0.000,52,0,45.9,60.2,83.0,0.694,12.141,12.190,12.158,12.076,1133,36.429,13.299,16.979,4.181,32.122,22.679,9.432,0.336,16.979,19.663,2.105,8.515,220.000,240.000,1125.0,1250.2,990.0,1104.7,1080.0,37.0,7.0,0.0,2.0,28.9,3.1,12.4,0.0,0.0,0.0,33,Yes,No,No,No,No,Yes,No,16.7,20.3,0,0,0,0,0,0,0,0,0,13,0,0,0,0,0,0,0,0,0,0,0,0,0,0,0,0,0,0,0,0,5828,2364,2200,128,8.0,239.7,268.4,224.0,193.8,206.4,189.8,239.8,242.0,237.7,237.5,237.6,237.5,4.17,4.49,3.72,3.36,4.86,5.28,0.76,0.09,4.05,0.12,0.12,0,0,0.0,0.0,13578,1183,15.4,14.0,0,
8.7.2026,15:30:51.601,18699,27295,40.6,13589,19093,41.5,0.5,13312,70,1.328,1.306,1.331,1.331,1.331,1.331,1.331,1.331,1.331,4089.5,4067.7,4092.6,4092.6,4092.6,4092.6,4092.6,4092.6,4092.6,99.8,1371.6,3374.9,1991.5,2451.1,2115.0,1427.5,1743.6,1170.0,1418.1,624.3,747.4,907.2,1151.0,799.2,872.8,583.8,568.8,1371.6,30.7,48.5,47.6,59.1,51.6,33.9,41.8,27.8,33.8,14.5,17.7,21.4,27.4,18.2,20.6,13.7,13.3,59.1,30.7,34.7,54.9,53.9,67.1,58.5,38.3,47.3,31.5,38.3,16.4,20.0,24.1,30.9,20.5,23.3,15.4,15.0,34.7,41.0,40.8,41.0,41.0,41.0,41.0,41.0,41.0,41.0,0.0,75.6,82.5,97.1,79.8,76.9,66.1,71.3,68.2,62.6,24.4,17.5,2.9,20.2,23.1,33.9,28.7,31.8,37.4,0.0,0.0,0.0,0.0,0.0,0.0,0.0,0.0,0.0,1197.8,12.00,16,16,16,39,55,661,1,72.4,72.4,73.2,67.5,69.4,71.8,69.0,68.0,65.5,66.1,65.3,64.7,62.6,62.9,62.2,52.8,51.0,1.344,1.025,1.350,13.399,10.953,13.400,68.009,38.385,4.127,5.287,6.503,4.579,4.073,3.028,3.580,3.237,2.730,18.036,11.284,29.319,38.434,1197.8,1197.8,4093.9,4095.3,4092.5,4095.3,43.7,22.3,75.6,76.3,54.4,No,No,No,1.615,0.187,6.0,49,95.0,100.0,No,No,91294,99096,35,99.0,No,No,3320,0.1,0.1,0.3,0.252,0.372,79846,50787,0.0,0.0,0.0,0.000,0.000,52,0,46.2,60.7,83.0,0.781,12.138,12.187,12.156,12.072,1129,39.921,15.063,20.969,5.277,34.900,23.239,11.649,0.336,20.969,19.563,2.617,11.113,220.000,240.000,1395.0,1750.2,1215.0,1383.8,1320.0,21.0,2.0,0.0,0.0,28.1,2.3,9.3,0.0,0.0,0.0,33,Yes,No,No,No,No,Yes,No,18.4,22.3,0,0,0,0,0,0,0,0,0,13,0,0,0,0,0,0,0,0,0,0,0,0,0,0,0,0,0,0,0,0,5890,2302,2137,112,8.0,239.9,257.5,222.8,214.4,217.8,213.7,239.8,241.8,237.4,236.9,237.2,236.8,4.17,4.53,3.86,3.74,4.59,4.63,0.38,0.29,4.06,0.11,0.12,0,0,0.0,0.0,13578,1183,3.9,4.4,0,
8.7.2026,15:30:53.594,18698,27295,40.6,13580,19101,41.5,0.5,13312,70,1.310,1.337,1.306,1.306,1.306,1.306,1.306,1.306,1.306,4070.8,4092.6,4067.7,4067.7,4067.7,4067.7,4067.7,4067.7,4067.7,99.8,1112.4,3079.2,1305.3,3878.3,646.1,1310.9,1156.0,887.9,1131.3,432.8,437.1,710.3,897.2,594.4,638.9,348.2,345.0,1112.4,24.6,46.7,30.5,94.6,15.0,30.9,27.1,20.6,26.8,9.9,10.0,16.5,20.9,13.2,14.8,7.8,7.9,94.6,24.6,27.9,53.1,34.7,107.8,17.1,35.1,30.8,23.4,30.4,11.2,11.4,18.7,23.8,15.0,16.8,8.9,8.9,27.9,40.8,41.0,40.8,40.8,40.8,40.8,40.8,40.8,40.8,0.0,68.7,75.1,98.7,71.3,68.7,57.4,64.0,60.4,53.9,31.3,24.9,1.3,28.7,31.3,42.6,36.0,39.6,46.1,0.0,0.0,0.0,0.0,0.0,0.0,0.0,0.0,0.0,1197.8,12.00,16,16,16,39,55,661,1,72.5,72.9,78.5,66.5,67.9,72.7,67.2,67.0,64.1,65.3,64.2,63.8,62.0,62.4,61.6,55.2,51.0,1.337,1.038,1.337,12.443,10.477,12.431,61.823,36.594,3.868,4.722,7.249,4.021,3.647,2.640,3.285,2.936,2.441,16.845,10.792,27.637,36.654,1197.8,1197.8,4109.2,4112.7,4105.8,4112.7,41.7,20.7,68.7,76.7,54.3,No,No,No,0.871,0.031,5.5,49,95.0,100.0,No,No,91294,99096,35,99.0,No,No,3320,0.0,0.0,0.0,0.000,0.088,79846,50787,0.0,0.0,0.0,0.000,0.000,52,0,44.7,57.8,83.0,0.669,12.149,12.192,12.164,12.090,1128,29.317,9.149,11.646,2.414,21.542,15.064,6.470,0.336,11.646,12.658,2.110,7.609,220.000,240.000,765.0,202.5,810.0,789.9,885.0,36.0,22.0,0.0,0.0,28.1,1.6,6.2,0.0,0.0,0.0,33,Yes,No,No,No,No,Yes,No,11.0,13.8,0,0,0,0,0,0,0,0,0,14,0,0,0,0,0,0,0,0,0,0,0,0,0,0,0,0,0,0,0,0,5890,2302,2137,112,5.0,239.7,263.3,221.0,216.4,218.3,215.7,238.7,242.8,236.4,134.8,177.4,120.0,4.17,4.52,3.78,3.66,4.61,4.74,0.98,0.02,4.07,0.10,0.11,0,0,0.0,0.0,13578,1183,19.8,3.5,0,
8.7.2026,15:30:55.590,18683,27310,40.6,13589,19092,41.5,0.5,13312,70,1.325,1.319,1.331,1.331,1.331,1.331,1.331,1.312,1.312,4083.3,4092.6,4092.6,4092.6,4092.6,4092.6,4067.7,4067.7,4067.7,99.8,1599.9,3525.1,2063.3,3072.6,1592.5,1921.7,1664.7,1541.5,1574.5,945.6,1013.8,1310.0,1390.0,1080.2,1162.7,886.1,854.3,1599.9,35.8,51.2,49.1,74.8,37.9,45.8,39.4,36.5,37.3,21.8,23.6,30.7,32.6,24.5,27.1,20.5,19.6,74.8,35.8,40.4,57.8,55.4,84.6,42.7,51.7,44.5,41.2,42.1,24.5,26.6,34.7,36.8,27.7,30.5,23.0,22.0,40.4,40.9,41.0,41.0,41.0,41.0,41.0,40.8,40.8,40.8,0.0,78.9,86.4,94.8,83.7,81.6,70.1,75.1,72.1,67.4,21.1,13.6,5.2,16.3,18.4,29.9,24.9,27.9,32.6,0.0,0.0,0.0,0.0,0.0,0.0,0.0,0.0,0.0,1197.8,12.00,16,16,16,39,55,661,1,79.6,74.2,74.2,69.5,71.3,73.4,71.4,70.3,67.3,68.5,67.1,66.9,62.9,63.2,62.7,55.2,50.9,1.344,1.031,1.344,15.945,10.696,15.954,71.007,41.384,4.789,5.875,6.795,5.369,4.885,3.681,4.371,3.862,3.473,21.379,11.035,32.414,41.516,1197.8,1197.8,4085.1,4085.9,4084.3,4085.9,47.2,26.6,78.9,78.1,55.6,No,No,No,1.329,0.142,6.3,50,95.0,100.0,No,No,91294,99096,35,99.0,No,No,3320,0.0,0.1,0.1,0.008,0.237,79846,50787,0.0,0.0,0.0,0.000,0.000,52,0,48.3,64.0,83.0,0.900,12.126,12.169,12.148,12.061,1128,55.529,24.564,39.589,12.655,47.837,25.810,21.993,0.336,39.589,21.180,3.706,32.949,220.000,240.000,1680.0,1750.2,1470.0,1678.2,1590.0,35.0,11.0,0.0,1.0,28.2,5.0,20.0,0.0,0.0,0.0,33,Yes,No,No,No,No,Yes,No,27.6,33.2,1,0,0,0,0,0,0,0,0,15,0,0,0,0,0,0,0,0,0,0,0,0,0,0,0,0,0,0,0,0,5878,2314,2149,111,8.0,239.8,265.5,216.3,214.1,215.1,213.5,237.7,242.2,236.1,119.8,143.3,119.8,4.17,4.61,3.76,3.46,4.69,4.72,0.51,0.25,4.08,0.09,0.13,0,0,0.0,0.0,13579,1183,211.4,5.2,0,
8.7.2026,15:30:57.600,18669,27325,40.5,13596,19086,41.6,0.5,13312,70,1.341,1.344,1.337,1.337,1.337,1.344,1.344,1.344,1.344,4117.6,4117.6,4117.6,4117.6,4117.6,4117.6,4117.6,4117.6,4117.6,99.8,1218.4,3196.7,1625.0,1180.9,2955.3,1160.9,1519.1,919.7,1305.8,586.6,614.1,881.4,999.3,744.8,781.5,451.7,571.7,1218.4,26.2,43.7,37.8,27.9,71.3,26.7,35.4,20.9,30.3,12.7,13.6,19.8,22.9,16.1,17.6,9.5,12.7,71.3,26.2,29.8,49.6,42.9,31.7,81.2,30.3,40.3,23.8,34.5,14.5,15.4,22.5,26.0,18.3,20.0,10.8,14.4,29.8,41.2,41.2,41.2,41.2,41.2,41.2,41.2,41.2,41.2,0.0,71.6,78.0,94.2,75.7,72.4,62.0,67.5,64.2,58.4,28.4,22.0,5.8,24.3,27.6,38.0,32.5,35.8,41.6,0.0,0.0,0.0,0.0,0.0,0.0,0.0,0.0,0.0,1197.8,12.00,16,16,16,39,55,661,1,76.5,72.1,71.2,67.1,68.6,71.8,68.4,67.3,65.1,65.9,65.0,64.5,62.2,62.5,61.9,55.0,50.9,1.350,1.025,1.350,12.672,10.640,12.680,64.406,37.102,4.004,5.049,6.489,4.386,3.845,2.940,3.506,3.150,2.666,17.119,10.963,28.081,37.132,1197.8,1197.8,4101.4,4103.5,4099.3,4103.5,42.2,21.1,71.6,75.9,53.3,No,No,No,0.930,0.127,5.7,49,95.0,100.0,No,No,91294,99096,35,99.0,No,No,3320,0.0,0.0,0.1,0.004,0.047,79846,50787,0.0,0.0,0.0,0.000,0.000,52,0,48.1,63.5,83.0,0.812,12.131,12.175,12.152,12.066,1129,55.381,20.746,31.552,9.789,43.296,25.737,17.528,0.336,31.552,21.836,2.987,22.849,220.000,240.000,1470.0,1750.2,1290.0,1489.2,1395.0,38.0,11.0,0.0,1.0,28.2,5.0,20.1,0.0,0.0,0.0,33,Yes,No,No,No,No,Yes,No,24.3,28.0,1,0,0,0,0,0,0,0,0,15,0,0,0,0,0,0,0,0,0,0,0,0,0,0,0,0,0,0,0,0,5878,2314,2149,111,8.0,239.7,263.5,218.5,214.4,216.0,214.1,233.6,242.3,119.8,119.2,119.5,119.1,4.17,4.61,3.80,3.76,4.64,4.69,0.62,0.28,4.08,0.09,0.14,0,0,0.0,0.0,13579,1183,2.7,3.9,0,
8.7.2026,15:30:59.598,18666,27327,40.5,13597,19085,41.6,0.5,13312,70,1.327,1.331,1.331,1.325,1.325,1.325,1.325,1.325,1.325,4089.5,4067.7,4092.6,4092.6,4092.6,4092.6,4092.6,4092.6,4092.6,99.8,1206.5,3243.3,1592.7,1032.6,3155.2,1171.2,1590.3,1260.6,973.1,568.4,499.8,1213.6,692.3,813.8,634.6,418.9,444.0,1206.5,26.5,45.7,37.4,24.3,77.0,27.3,37.8,29.7,22.8,13.1,11.5,28.8,15.9,18.3,14.7,9.6,10.2,77.0,26.5,30.1,51.8,42.5,27.7,87.4,31.0,43.0,33.8,25.9,14.8,13.1,32.6,18.1,20.9,16.6,10.8,11.5,30.1,41.0,40.8,41.0,41.0,41.0,41.0,41.0,41.0,41.0,0.0,73.0,79.2,94.9,77.4,73.7,63.2,69.6,66.0,59.8,27.0,20.8,5.1,22.6,26.3,36.8,30.4,34.0,40.2,0.0,0.0,0.0,0.0,0.0,0.0,0.0,0.0,0.0,1197.8,12.00,16,16,16,39,55,661,1,73.8,71.9,72.8,66.9,68.4,71.4,68.5,67.3,64.7,65.7,64.7,64.2,62.0,62.4,61.7,53.5,51.0,1.350,1.031,1.350,12.771,10.699,12.769,65.678,37.197,4.006,5.083,6.417,4.529,3.905,2.841,3.548,3.128,2.594,17.217,11.021,28.238,37.271,1197.8,1197.8,4099.2,4099.8,4098.5,4099.8,42.4,21.3,73.0,75.6,53.6,No,No,No,0.840,0.146,5.8,50,95.0,100.0,No,No,91294,99096,35,99.0,No,No,3320,0.0,0.1,0.1,0.000,0.124,79846,50787,0.0,0.0,0.0,0.000,0.000,52,0,48.0,63.3,83.0,0.787,12.130,12.175,12.150,12.066,1132,52.106,19.194,28.272,8.705,41.395,25.665,15.706,0.336,28.272,22.148,2.779,18.666,220.000,240.000,1410.0,1750.2,1230.0,1430.5,1335.0,38.0,11.0,0.0,1.0,28.2,5.1,20.4,0.0,0.0,0.0,33,Yes,No,No,No,No,Yes,No,22.9,25.9,1,0,0,0,0,0,0,0,0,15,0,0,0,0,0,0,0,0,0,0,0,0,0,0,0,0,0,0,0,0,5878,2314,2149,122,8.0,239.8,252.1,224.9,219.1,221.5,218.5,3.3,10.2,1.7,1.7,1.7,1.7,4.17,4.47,3.93,3.91,4.55,4.59,0.53,0.33,4.08,0.09,0.16,0,0,0.0,0.0,13579,1183,1.3,0.8,0,
8.7.2026,15:31:1.594,18645,27348,40.5,13567,19115,41.5,0.5,13312,70,1.331,1.331,1.331,1.331,1.331,1.331,1.331,1.331,1.331,4092.6,4092.6,4092.6,4092.6,4092.6,4092.6,4092.6,4092.6,4092.6,99.8,1201.1,3240.2,1595.3,1636.1,2565.3,1350.6,1450.5,1352.2,881.0,582.8,498.3,1118.1,652.3,850.2,579.5,405.1,460.6,1201.1,26.5,46.0,37.6,39.3,62.3,31.9,34.5,32.1,20.6,13.5,11.6,26.4,15.0,19.4,13.3,9.2,10.6,62.3,26.5,30.0,52.2,42.7,44.6,70.8,36.2,39.1,36.4,23.4,15.3,13.1,30.0,17.0,22.0,15.1,10.4,12.0,30.0,41.0,41.0,41.0,41.0,41.0,41.0,41.0,41.0,41.0,0.0,72.2,79.1,94.7,77.3,73.2,62.4,67.4,65.0,58.6,27.8,20.9,5.3,22.7,26.8,37.6,32.6,35.0,41.4,0.0,0.0,0.0,0.0,0.0,0.0,0.0,0.0,0.0,1197.8,12.00,16,16,16,39,55,661,1,72.9,72.0,73.2,66.8,68.3,71.6,68.5,67.4,64.7,65.3,64.6,64.0,61.9,62.3,61.6,52.5,50.8,1.337,1.038,1.337,12.854,10.723,12.859,64.983,37.368,3.999,5.016,6.520,4.589,3.935,2.866,3.406,3.115,2.545,17.343,11.046,28.389,37.432,1197.8,1197.8,4100.6,4102.4,4098.7,4102.4,42.5,21.4,72.2,75.8,54.0,No,No,No,0.843,0.142,5.8,49,95.0,100.0,No,No,91294,99096,35,99.0,No,No,3320,0.1,0.0,0.1,0.147,0.026,79847,50788,0.0,0.0,0.0,0.000,0.000,52,0,47.9,63.2,83.0,0.775,12.134,12.179,12.152,12.069,1131,50.118,19.693,27.908,8.610,41.379,25.852,15.505,0.336,27.908,22.389,2.637,24.403,220.000,240.000,1365.0,1750.2,1200.0,1366.3,1305.0,40.0,10.0,0.0,1.0,28.2,5.0,20.2,0.0,0.0,0.0,33,Yes,No,No,No,No,Yes,No,22.9,27.6,1,0,0,0,0,0,0,0,0,15,0,0,0,0,0,0,0,0,0,0,0,0,0,0,0,0,0,0,0,0,5878,2314,2149,122,8.0,239.8,261.1,215.4,132.4,168.9,121.1,7.2,10.4,4.5,4.4,4.4,4.4,4.17,4.73,3.74,0.84,5.95,8.25,0.58,0.31,4.07,0.10,0.10,0,0,0.0,0.0,13579,1184,1.5,129.8,0,
8.7.2026,15:31:3.601,18626,27367,40.4,13551,19131,41.4,0.5,13312,70,1.347,1.344,1.331,1.350,1.350,1.350,1.350,1.350,1.350,4111.3,4092.6,4092.6,4117.6,4117.6,4117.6,4117.6,4117.6,4117.6,99.8,1197.4,3187.4,1585.1,3121.7,1060.0,1659.8,1038.0,1468.5,743.8,616.0,449.8,1151.2,660.4,857.5,588.6,549.3,421.1,1197.4,26.3,43.9,37.3,75.9,25.0,39.5,24.2,34.9,17.2,14.3,10.3,27.3,15.1,19.6,13.5,12.8,9.7,75.9,26.3,29.9,49.9,42.4,86.3,28.5,44.8,27.6,39.7,19.6,16.2,11.7,31.0,17.2,22.2,15.3,14.5,11.0,29.9,41.2,41.0,41.0,41.2,41.2,41.2,41.2,41.2,41.2,0.0,71.7,77.7,93.7,76.8,72.3,61.5,67.4,64.8,59.4,28.3,22.3,6.3,23.2,27.7,38.5,32.6,35.2,40.6,0.0,0.0,0.0,0.0,0.0,0.0,0.0,0.0,0.0,1197.8,12.00,16,16,16,39,55,661,1,72.4,71.8,69.0,66.7,68.2,71.4,68.3,67.0,64.6,65.4,64.5,64.1,61.8,62.1,61.5,54.2,51.1,1.362,1.025,1.363,12.617,10.718,12.615,64.538,37.020,3.984,5.009,6.504,4.536,3.828,2.823,3.462,3.114,2.593,17.033,11.038,28.071,37.104,1197.8,1197.8,4101.9,4103.6,4100.1,4103.6,42.2,21.0,71.7,75.5,53.3,No,No,No,0.902,0.143,5.7,49,95.0,100.0,No,No,91294,99096,35,99.0,No,No,3320,0.0,0.0,0.0,0.000,0.049,79847,50788,0.0,0.0,0.0,0.000,0.000,52,0,48.0,63.2,83.0,0.775,12.131,12.175,12.151,12.067,1129,50.288,18.947,27.682,8.511,41.130,25.726,15.379,0.336,27.682,22.278,2.660,18.087,220.000,240.000,1380.0,1750.2,1200.0,1376.6,1305.0,39.0,10.0,0.0,1.0,28.2,5.2,20.7,0.0,0.0,0.0,33,Yes,No,No,No,No,Yes,No,22.7,25.6,1,0,0,0,0,0,0,0,0,15,0,0,0,0,0,0,0,0,0,0,0,0,0,0,0,0,0,0,0,0,5878,2314,2149,95,8.0,239.7,267.7,218.4,185.9,196.4,184.8,236.6,242.6,137.8,119.6,119.7,119.6,4.17,4.59,3.70,2.96,5.13,5.41,0.58,0.25,4.08,0.09,0.14,0,0,0.0,0.0,13579,1184,0.6,0.7,0,
8.7.2026,15:31:5.601,18618,27375,40.4,13542,19139,41.4,0.5,13312,70,1.343,1.337,1.344,1.344,1.344,1.344,1.344,1.344,1.344,4092.6,4092.6,4092.6,4092.6,4092.6,4092.6,4092.6,4092.6,4092.6,99.8,1159.7,3104.1,1485.4,3232.4,901.3,1502.9,1069.0,1446.5,706.7,615.5,440.1,1102.6,661.1,881.0,475.3,470.7,460.0,1159.7,25.5,43.7,35.0,78.7,21.2,35.7,25.1,34.4,16.4,14.3,10.2,26.1,15.3,20.3,10.8,10.8,10.7,78.7,25.5,29.0,49.6,39.7,89.5,24.1,40.5,28.5,39.1,18.7,16.2,11.5,29.6,17.3,23.0,12.3,12.2,12.1,29.0,41.0,41.0,41.0,41.0,41.0,41.0,41.0,41.0,41.0,0.0,70.0,75.7,93.9,74.2,70.6,60.3,65.6,62.4,57.3,30.0,24.3,6.1,25.8,29.4,39.7,34.4,37.6,42.7,0.0,0.0,0.0,0.0,0.0,0.0,0.0,0.0,0.0,1197.8,12.00,16,16,16,39,55,661,1,72.4,72.5,71.2,66.9,68.2,71.7,68.2,67.4,64.7,65.7,64.7,64.7,61.8,62.1,61.5,53.5,51.0,1.362,1.031,1.356,12.739,10.686,12.734,63.007,37.146,4.010,4.958,6.571,4.404,3.883,2.875,3.493,3.120,2.776,17.212,11.007,28.220,37.233,1197.8,1197.8,4100.6,4102.7,4098.6,4102.7,42.3,21.2,70.0,76.3,53.5,No,No,No,0.742,0.144,5.6,49,95.0,100.0,No,No,91294,99096,35,99.0,No,No,3320,0.0,0.0,0.0,0.000,0.010,79847,50788,0.0,0.0,0.0,0.000,0.000,52,0,48.1,63.6,83.0,0.775,12.128,12.172,12.148,12.065,1130,50.315,18.957,27.689,8.484,41.145,25.734,15.383,0.336,27.689,22.249,2.645,18.216,220.000,240.000,1365.0,1750.2,1200.0,1359.5,1305.0,39.0,11.0,0.0,1.0,28.2,5.2,20.7,0.0,0.0,0.0,33,Yes,No,No,No,No,Yes,No,22.7,25.7,1,0,0,0,0,0,0,0,0,15,0,0,0,0,0,0,0,0,0,0,0,0,0,0,0,0,0,0,0,0,5878,2314,2149,97,8.0,239.9,259.7,220.1,212.3,216.1,210.5,234.6,241.7,119.8,119.6,119.7,119.6,4.17,4.58,3.78,3.61,4.70,4.81,0.68,0.18,4.08,0.09,0.13,0,0,0.0,0.0,13579,1184,0.0,0.6,0,
8.7.2026,15:31:7.594,18604,27389,40.4,13539,19143,41.4,0.5,13312,70,1.328,1.350,1.325,1.325,1.325,1.325,1.325,1.325,1.325,4095.7,4117.6,4092.6,4092.6,4092.6,4092.6,4092.6,4092.6,4092.6,99.8,1168.3,3114.4,1564.0,1660.7,2566.0,1230.9,1413.4,1284.7,785.2,586.3,408.9,1125.5,611.4,818.9,572.8,531.6,417.2,1168.3,25.7,42.4,36.9,39.9,62.3,28.9,33.5,30.5,18.4,13.6,9.4,26.7,14.1,18.8,13.3,12.4,9.7,62.3,25.7,29.1,48.1,41.9,45.4,70.9,32.8,38.1,34.6,20.9,15.4,10.6,30.3,15.9,21.2,15.0,14.0,10.9,29.1,41.0,41.2,41.0,41.0,41.0,41.0,41.0,41.0,41.0,0.0,70.0,75.9,94.9,74.1,70.0,59.4,65.2,62.5,57.9,30.0,24.1,5.1,25.9,30.0,40.6,34.8,37.5,42.1,0.0,0.0,0.0,0.0,0.0,0.0,0.0,0.0,0.0,1197.8,12.00,16,16,16,39,55,661,1,72.2,72.0,71.0,66.6,68.0,71.7,67.9,67.0,64.2,65.3,64.3,64.0,61.7,62.0,61.4,52.8,50.5,1.369,1.031,1.363,12.512,10.714,12.517,62.987,36.904,3.938,4.951,6.618,4.352,3.779,2.734,3.402,3.061,2.607,16.916,11.035,27.952,36.984,1197.8,1197.8,4105.7,4108.1,4103.4,4108.1,42.0,20.9,70.0,75.8,53.5,No,No,No,0.799,0.146,5.6,49,95.0,100.0,No,No,91294,99096,35,99.0,No,No,3320,0.0,0.0,0.0,0.000,0.030,79847,50788,0.0,0.0,0.0,0.000,0.000,52,0,48.2,63.5,83.0,0.781,12.130,12.175,12.150,12.066,1130,50.082,19.281,28.416,8.827,41.589,25.773,15.786,0.336,28.416,22.306,2.701,18.656,220.000,240.000,1395.0,1750.2,1215.0,1357.7,1320.0,39.0,10.0,0.0,1.0,28.2,5.2,20.7,0.0,0.0,0.0,33,Yes,No,No,No,No,Yes,No,23.1,28.3,1,0,0,0,0,0,0,0,0,15,0,0,0,0,0,0,0,0,0,0,0,0,0,0,0,0,0,0,0,0,5878,2314,2149,97,8.0,239.8,269.5,218.5,212.0,214.8,211.0,233.6,242.3,119.6,119.5,119.6,119.5,4.17,4.59,3.72,3.64,4.67,4.71,0.67,0.23,4.08,0.09,0.14,0,0,0.0,0.0,13579,1184,2.0,3.1,0,
8.7.2026,15:31:9.595,18616,27377,40.4,13548,19134,41.4,0.5,13312,70,1.337,1.331,1.337,1.337,1.337,1.337,1.337,1.337,1.337,4092.6,4092.6,4092.6,4092.6,4092.6,4092.6,4092.6,4092.6,4092.6,99.8,1156.9,3152.7,1496.1,947.3,3118.0,1196.3,1448.0,1271.1,869.8,616.2,462.6,1110.1,596.6,846.2,583.1,402.5,393.6,1156.9,25.4,44.9,35.0,22.2,75.9,27.9,34.3,30.0,20.4,14.2,10.6,26.2,13.6,19.2,13.4,9.1,9.0,75.9,25.4,28.9,51.0,39.8,25.3,86.4,31.7,39.0,34.1,23.2,16.2,12.1,29.8,15.5,21.9,15.2,10.3,10.2,28.9,41.0,41.0,41.0,41.0,41.0,41.0,41.0,41.0,41.0,0.0,70.4,76.9,93.4,75.2,71.7,60.8,65.6,63.4,56.6,29.6,23.1,6.6,24.8,28.3,39.2,34.4,36.6,43.4,0.0,0.0,0.0,0.0,0.0,0.0,0.0,0.0,0.0,1197.8,12.00,16,16,16,39,55,661,1,72.2,71.6,72.2,66.4,68.0,71.1,68.0,66.9,64.4,65.0,64.3,63.6,61.7,61.9,61.4,53.0,51.0,1.369,1.025,1.350,12.598,10.720,12.595,63.380,37.015,3.931,4.983,6.400,4.419,3.823,2.824,3.360,3.118,2.519,17.025,11.043,28.068,37.094,1197.8,1197.8,4105.4,4107.6,4103.2,4107.6,42.2,21.0,70.4,75.3,54.0,No,No,No,0.821,0.164,5.6,49,95.0,100.0,No,No,91294,99096,35,99.0,No,No,3320,0.0,0.0,0.0,0.000,0.094,79847,50788,0.0,0.0,0.0,0.000,0.000,52,0,48.5,63.8,83.0,0.800,12.127,12.171,12.148,12.063,1133,51.975,22.306,30.936,9.652,43.234,26.009,17.185,0.336,30.936,22.245,21.187,21.336,220.000,240.000,1440.0,1750.2,1260.0,1435.3,1365.0,39.0,11.0,0.0,1.0,28.3,5.1,20.4,0.0,0.0,0.0,33,Yes,No,No,No,No,Yes,No,24.2,26.7,1,0,0,0,0,0,0,0,0,15,0,0,0,0,0,0,0,0,0,0,0,0,0,0,0,0,0,0,0,0,5877,2315,2150,101,8.0,239.8,255.4,223.8,215.5,218.9,214.7,4.8,10.4,2.1,2.1,2.1,2.1,4.17,4.51,3.88,3.87,4.60,4.69,0.56,0.26,4.08,0.10,2.17,0,0,0.0,0.0,13579,1184,0.1,0.6,0,
8.7.2026,15:31:11.599,18616,27377,40.4,13550,19132,41.4,0.5,13312,70,1.332,1.350,1.331,1.331,1.331,1.331,1.331,1.331,1.319,4092.6,4092.6,4092.6,4092.6,4092.6,4092.6,4092.6,4092.6,4092.6,99.8,1287.2,3284.1,1662.5,1675.3,2559.4,1342.5,1558.5,1365.9,1034.9,780.0,599.5,1179.8,737.6,961.3,671.9,633.3,548.7,1287.2,28.5,47.1,39.1,40.1,62.1,31.5,37.1,32.3,24.3,18.2,13.9,27.9,17.0,22.0,15.5,14.7,12.7,62.1,28.5,32.3,53.5,44.4,45.6,70.6,35.8,42.1,36.6,27.7,20.7,15.8,31.6,19.4,25.1,17.7,16.6,14.4,32.3,41.0,41.0,41.0,41.0,41.0,41.0,41.0,41.0,41.0,0.0,74.1,80.2,94.5,79.0,75.3,64.8,69.9,67.2,61.9,25.9,19.8,5.5,21.0,24.7,35.2,30.1,32.8,38.1,0.0,0.0,0.0,0.0,0.0,0.0,0.0,0.0,0.0,1197.8,12.00,16,16,16,39,55,661,1,72.0,71.7,71.0,66.9,68.4,71.2,68.5,67.4,65.0,65.4,64.6,64.3,61.8,62.1,61.5,54.2,51.0,1.350,1.031,1.356,13.108,10.735,13.115,66.689,37.694,4.095,5.155,6.433,4.646,4.033,3.028,3.507,3.205,2.757,17.666,11.060,28.726,37.775,1197.8,1197.8,4096.5,4098.3,4094.6,4098.6,42.9,21.9,74.1,75.4,53.8,No,No,No,0.866,0.140,5.9,49,95.0,100.0,No,No,91294,99096,35,99.0,No,No,3320,0.0,0.0,0.0,0.000,0.083,79847,50788,0.0,0.0,0.0,0.000,0.000,52,0,48.6,64.1,83.0,0.775,12.135,12.181,12.155,12.071,1131,51.423,19.244,28.358,8.661,41.569,25.784,15.753,0.336,28.358,22.178,2.757,18.683,220.000,240.000,1380.0,1750.2,1200.0,1386.6,1305.0,39.0,10.0,0.0,1.0,28.3,5.1,20.4,0.0,0.0,0.0,33,Yes,No,No,No,No,Yes,No,23.0,29.5,1,0,0,0,0,0,0,0,0,15,0,0,0,0,0,0,0,0,0,0,0,0,0,0,0,0,0,0,0,0,5877,2315,2150,101,8.0,239.8,261.5,217.1,210.2,212.1,210.0,230.4,242.0,119.8,119.4,119.6,119.3,4.17,4.60,3.80,3.45,4.74,4.84,0.72,0.16,4.08,0.10,0.13,0,0,0.0,0.0,13579,1184,0.3,0.8,0,
8.7.2026,15:31:13.590,18618,27375,40.4,13550,19131,41.4,0.5,13312,70,1.348,1.337,1.350,1.350,1.350,1.350,1.350,1.350,1.350,4114.5,4092.6,4117.6,4117.6,4117.6,4117.6,4117.6,4117.6,4117.6,99.8,1103.3,3059.7,1168.1,3210.7,893.5,1539.0,938.6,1411.0,655.0,631.3,387.8,1108.5,585.1,874.1,428.8,429.5,332.6,1103.3,24.4,47.1,27.1,77.9,20.9,36.4,21.9,33.4,15.1,14.7,8.9,26.2,13.4,20.1,9.7,9.8,7.6,77.9,24.4,27.8,53.6,30.9,88.8,23.9,41.5,24.9,38.1,17.2,16.7,10.1,29.8,15.3,22.8,11.0,11.1,8.6,27.8,41.2,41.0,41.2,41.2,41.2,41.2,41.2,41.2,41.2,0.0,68.3,74.5,93.3,72.7,69.2,57.7,64.0,60.7,53.9,31.7,25.5,6.7,27.3,30.8,42.3,36.0,39.3,46.1,0.0,0.0,0.0,0.0,0.0,0.0,0.0,0.0,0.0,1197.8,12.00,16,16,16,39,55,661,1,72.0,71.6,71.2,66.3,67.6,71.3,67.6,66.8,64.2,65.1,64.1,63.5,61.5,61.8,61.2,54.0,50.5,1.369,1.038,1.356,12.374,10.637,12.373,61.430,36.657,3.871,4.794,6.528,4.288,3.757,2.772,3.363,2.995,2.471,16.766,10.955,27.721,36.734,1197.8,1197.8,4111.5,4114.6,4108.5,4114.6,41.7,20.6,68.3,75.4,54.0,No,No,No,0.729,0.137,5.5,50,95.0,100.0,No,No,91294,99096,35,99.0,No,No,3320,0.0,0.0,0.0,0.000,0.002,79847,50788,0.0,0.0,0.0,0.000,0.000,52,0,48.6,64.0,83.0,0.781,12.126,12.170,12.146,12.063,1131,50.898,19.298,28.128,8.860,41.722,26.068,15.626,0.336,28.128,22.759,3.029,18.328,220.000,240.000,1395.0,1750.2,1215.0,1360.3,1320.0,41.0,11.0,0.0,1.0,28.3,5.2,20.8,0.0,0.0,0.0,33,Yes,No,No,No,No,Yes,No,23.1,26.4,1,0,0,0,0,0,0,0,0,15,0,0,0,0,0,0,0,0,0,0,0,0,0,0,0,0,0,0,0,0,5877,2315,2150,101,8.0,239.7,262.0,219.6,217.0,218.0,216.5,233.6,242.8,119.8,119.8,119.8,119.7,4.17,4.62,3.81,3.64,4.66,4.66,0.64,0.18,4.08,0.09,0.14,0,0,0.0,0.0,13579,1184,0.7,0.6,0,
8.7.2026,15:31:15.599,18614,27380,40.4,13545,19137,41.4,0.5,13312,70,1.347,1.363,1.350,1.344,1.344,1.344,1.344,1.344,1.344,4139.4,4142.5,4117.6,4142.5,4142.5,4142.5,4142.5,4142.5,4142.5,99.8,1136.7,3112.7,1265.0,3317.9,840.6,1613.7,976.5,1055.1,1043.0,573.3,455.3,869.7,876.9,726.5,606.9,475.1,378.1,1136.7,25.2,48.4,29.4,80.6,19.6,38.2,22.7,24.7,24.6,13.2,10.5,20.3,20.5,16.2,14.0,10.9,8.6,80.6,25.2,28.7,55.1,33.5,91.8,22.4,43.5,25.9,28.1,28.0,15.1,12.0,23.1,23.4,18.5,16.0,12.4,9.8,28.7,41.5,41.5,41.2,41.5,41.5,41.5,41.5,41.5,41.5,0.0,69.7,75.8,94.1,74.5,70.5,59.2,65.6,61.6,56.3,30.3,24.2,5.9,25.5,29.5,40.8,34.4,38.4,43.7,0.0,0.0,0.0,0.0,0.0,0.0,0.0,0.0,0.0,1197.8,12.00,16,16,16,39,55,661,1,72.0,71.6,70.5,66.3,67.7,71.2,67.9,66.8,64.1,65.1,64.0,63.7,61.5,61.8,61.2,53.8,50.9,1.369,1.025,1.363,12.374,10.626,12.377,62.736,36.659,3.915,4.877,6.545,4.419,3.787,2.767,3.403,2.978,2.546,16.741,10.945,27.687,36.710,1197.8,1197.8,4108.5,4110.0,4107.1,4110.2,41.7,20.6,69.7,75.4,53.3,No,No,No,0.764,0.138,5.6,49,95.0,100.0,No,No,91294,99096,35,99.0,No,No,3320,0.0,0.0,0.0,0.000,0.006,79847,50788,0.0,0.0,0.0,0.000,0.000,52,0,48.8,64.5,83.0,0.775,12.131,12.175,12.151,12.066,1132,51.423,19.871,29.998,9.290,42.357,25.665,16.665,0.336,29.998,21.950,3.305,19.142,220.000,240.000,1380.0,1750.2,1200.0,1392.1,1305.0,39.0,10.0,0.0,1.0,28.3,5.1,20.5,0.0,0.0,0.0,33,Yes,No,No,No,No,Yes,No,23.6,26.5,1,0,0,0,0,0,0,0,0,15,0,0,0,0,0,0,0,0,0,0,0,0,0,0,0,0,0,0,0,0,5877,2315,2150,101,8.0,239.8,262.4,221.0,214.3,217.4,213.3,4.0,5.1,3.0,3.0,3.0,3.0,4.17,4.56,3.81,3.58,4.62,4.70,0.53,0.35,4.08,0.09,0.13,0,0,0.0,0.0,13579,1184,0.5,0.6,0,
8.7.2026,15:31:17.603,18620,27374,40.4,13548,19134,41.4,0.5,13312,70,1.331,1.325,1.337,1.337,1.337,1.337,1.325,1.325,1.325,4080.1,4092.6,4067.7,4067.7,4067.7,4067.7,4092.6,4092.6,4092.6,99.8,1189.5,3248.7,1374.5,1955.3,2222.6,1352.1,1460.5,1027.5,1239.8,559.8,493.9,896.4,963.3,742.2,707.8,369.5,417.8,1189.5,26.4,51.7,32.0,47.0,53.8,31.7,34.6,24.0,29.4,12.9,11.4,20.8,22.6,16.7,16.5,8.3,9.6,53.8,26.4,30.0,58.8,36.4,53.4,61.1,36.1,39.3,27.3,33.4,14.6,13.0,23.7,25.7,18.9,18.7,9.4,10.9,30.0,40.9,41.0,40.8,40.8,40.8,40.8,41.0,41.0,41.0,0.0,72.9,79.2,94.5,78.0,74.6,62.9,69.2,65.9,58.9,27.1,20.8,5.5,22.0,25.4,37.1,30.8,34.1,41.1,0.0,0.0,0.0,0.0,0.0,0.0,0.0,0.0,0.0,1197.8,12.00,16,16,16,39,55,661,1,72.0,71.7,71.2,66.5,68.0,71.3,68.2,67.1,64.3,65.3,64.3,63.6,61.6,61.9,61.3,53.5,51.1,1.344,1.038,1.350,12.910,10.737,12.899,65.605,37.365,4.010,5.015,6.498,4.611,3.980,2.816,3.516,3.116,2.530,17.427,11.059,28.486,37.500,1197.8,1197.8,4104.2,4105.2,4103.1,4105.2,42.6,21.5,72.9,75.4,54.1,No,No,No,0.804,0.137,5.8,50,95.0,100.0,No,No,91294,99096,35,99.0,No,No,3320,0.0,0.0,0.0,0.000,0.067,79847,50788,0.0,0.0,0.0,0.000,0.000,52,0,48.8,64.3,83.0,0.794,12.133,12.177,12.153,12.068,1132,52.236,20.803,31.983,10.278,43.956,26.151,17.768,0.336,31.983,22.535,2.845,20.195,220.000,240.000,1425.0,1750.2,1245.0,1419.9,1350.0,40.0,11.0,0.0,1.0,28.3,5.1,20.6,0.0,0.0,0.0,33,Yes,No,No,No,No,Yes,No,24.8,29.9,1,0,0,0,0,0,0,0,0,15,0,0,0,0,0,0,0,0,0,0,0,0,0,0,0,0,0,0,0,0,5877,2315,2150,107,8.0,239.8,257.7,222.6,219.1,220.9,218.2,5.4,52.5,3.1,3.1,3.1,3.1,4.17,4.52,3.87,3.80,4.56,4.61,0.53,0.24,4.07,0.10,0.24,0,0,0.0,0.0,13579,1184,2.1,3.7,0,
8.7.2026,15:31:19.596,18615,27379,40.4,13545,19137,41.4,0.5,13312,70,1.307,1.363,1.300,1.300,1.300,1.300,1.300,1.300,1.294,4045.8,4067.7,4042.7,4042.7,4042.7,4042.7,4042.7,4042.7,4042.7,99.8,1227.4,3326.1,1390.7,1091.7,3136.0,1336.3,1489.0,984.7,1319.9,599.8,526.8,888.5,1028.8,776.7,775.3,467.2,500.5,1227.4,27.4,53.6,32.4,25.7,76.4,31.3,35.2,22.9,31.3,13.8,12.2,20.7,24.3,17.5,18.1,10.6,11.6,76.4,27.4,31.1,60.9,36.7,29.3,86.8,35.5,40.0,25.9,35.6,15.7,13.9,23.5,27.5,19.8,20.5,12.0,13.1,31.0,40.5,40.8,40.5,40.5,40.5,40.5,40.5,40.5,40.5,0.0,74.7,81.2,95.3,78.9,76.0,65.3,70.9,68.0,61.9,25.3,18.8,4.7,21.1,24.0,34.7,29.1,32.0,38.1,0.0,0.0,0.0,0.0,0.0,0.0,0.0,0.0,0.0,1197.8,12.00,16,16,16,39,55,661,1,72.0,71.7,77.0,66.7,68.3,71.3,68.0,67.2,64.6,65.4,64.6,64.0,61.6,61.9,61.3,53.5,51.5,1.331,1.038,1.344,12.956,10.717,12.955,67.223,37.454,4.067,5.178,6.506,4.524,3.984,2.905,3.560,3.210,2.665,17.458,11.042,28.499,37.533,1197.8,1197.8,4098.9,4099.4,4098.4,4099.4,42.7,21.6,74.7,75.5,53.5,No,No,No,0.860,0.111,6.0,49,95.0,100.0,No,No,91294,99096,35,99.0,No,No,3320,0.0,0.0,0.0,0.008,0.012,79847,50788,0.0,0.0,0.0,0.000,0.000,52,0,48.6,63.8,83.0,0.756,12.133,12.178,12.152,12.068,1128,49.353,20.141,27.429,8.354,41.026,25.766,15.238,0.336,27.429,22.265,16.613,16.949,220.000,240.000,1320.0,1750.2,1155.0,1337.7,1245.0,40.0,10.0,0.0,1.0,28.0,4.3,17.2,0.0,0.0,0.0,33,Yes,No,No,No,No,Yes,No,22.6,25.3,1,0,0,0,0,0,0,0,0,15,0,0,0,0,0,0,0,0,0,0,0,0,0,0,0,0,0,0,0,0,5896,2296,2131,106,8.0,239.8,267.2,222.8,191.8,205.8,186.5,236.7,241.7,140.5,119.6,119.9,119.6,4.17,4.49,3.77,3.32,4.89,5.51,0.65,0.19,4.07,0.10,0.13,0,0,0.0,0.0,13579,1184,4.5,0.2,0,
8.7.2026,15:31:21.600,18612,27382,40.4,13445,19236,41.1,0.5,13312,70,1.343,1.325,1.350,1.350,1.344,1.344,1.344,1.344,1.344,4095.7,4092.6,4117.6,4092.6,4092.6,4092.6,4092.6,4092.6,4092.6,99.8,1281.4,3305.1,1458.8,1338.4,3016.8,1391.5,1442.6,1028.6,1372.7,602.8,556.0,967.3,1067.7,795.3,738.0,712.6,708.4,1281.4,29.4,53.7,34.6,29.5,76.5,33.1,35.0,25.0,33.4,14.7,13.9,23.4,25.8,18.8,18.1,17.0,17.6,76.5,29.4,32.8,60.5,38.7,33.0,86.6,37.1,39.2,27.8,37.4,16.0,15.1,25.9,28.7,20.7,19.9,18.6,19.3,32.8,41.0,41.0,41.2,41.0,41.0,41.0,41.0,41.0,41.0,0.0,75.1,80.8,95.8,78.2,75.7,65.6,71.5,68.1,65.1,24.9,19.2,4.2,21.8,24.3,34.4,28.5,31.9,34.9,0.0,0.0,0.0,0.0,0.0,0.0,0.0,0.0,0.0,1197.8,12.00,16,16,16,39,55,661,1,82.2,72.8,68.8,67.3,68.7,71.8,68.4,67.7,65.0,66.3,64.9,65.7,62.0,62.3,61.7,52.2,50.5,1.356,1.025,1.369,13.772,10.808,13.782,67.592,38.704,4.121,5.126,6.384,4.487,4.013,2.935,3.675,3.209,3.142,18.549,11.138,29.687,38.746,1197.8,1197.8,4094.1,4094.5,4093.7,4094.5,44.0,23.0,75.1,76.6,55.7,No,No,No,0.988,0.070,6.0,49,95.0,100.0,No,No,91294,99096,35,99.0,No,No,3320,0.1,0.0,0.2,0.114,0.025,79847,50788,0.0,0.0,0.0,0.000,0.000,52,0,47.1,61.5,83.0,0.688,12.141,12.190,12.158,12.075,1131,42.689,12.433,15.279,3.523,30.139,21.639,8.488,0.336,15.279,18.725,2.174,8.747,220.000,240.000,1095.0,1250.2,975.0,1242.6,1050.0,22.0,3.0,0.0,0.0,28.2,2.9,11.5,0.0,0.0,0.0,33,Yes,No,No,No,No,Yes,No,15.5,19.5,1,0,0,0,0,0,0,0,0,15,0,0,0,0,0,0,0,0,0,0,0,0,0,0,0,0,0,0,0,0,5882,2310,2145,107,8.0,239.8,261.4,216.3,212.9,213.6,212.9,221.8,242.4,59.9,59.9,59.9,59.9,4.17,4.66,3.79,3.76,4.69,4.70,0.35,0.29,4.07,0.10,0.15,0,0,0.0,0.0,13579,1184,1.3,1.4,0,
8.7.2026,15:31:23.593,18620,27374,40.4,13456,19226,41.1,0.5,13312,70,1.334,1.350,1.325,1.325,1.350,1.350,1.325,1.325,1.325,4102.0,4117.6,4117.6,4117.6,4092.6,4092.6,4092.6,4092.6,4092.6,99.8,1503.7,3431.2,1959.5,3493.9,1403.4,1975.2,1648.3,1429.0,1413.5,854.0,760.3,1107.7,1230.8,934.6,980.2,672.3,765.6,1503.7,34.0,58.7,46.1,84.8,33.1,46.3,38.4,33.1,33.5,19.7,17.4,26.0,29.2,21.2,22.8,16.1,17.9,84.8,34.0,38.8,66.6,52.5,96.5,37.9,52.7,43.8,37.8,38.2,22.6,20.1,29.8,33.4,24.4,26.2,18.6,20.6,38.8,41.1,41.2,41.2,41.2,41.0,41.0,41.0,41.0,41.0,0.0,76.7,84.0,99.1,81.6,78.8,66.2,72.3,68.8,62.8,23.3,16.0,0.9,18.4,21.2,33.8,27.7,31.2,37.2,0.0,0.0,0.0,0.0,0.0,0.0,0.0,0.0,0.0,1197.8,12.00,16,16,16,39,55,661,1,79.1,70.7,72.8,66.9,69.5,68.6,69.1,67.0,65.3,65.9,65.1,64.8,62.2,62.6,61.8,52.5,50.4,1.344,1.031,1.350,13.415,10.729,13.415,69.024,38.136,4.044,5.599,4.808,4.872,4.117,3.046,3.682,3.314,2.913,18.061,11.056,29.117,38.183,1197.8,1197.8,4091.7,4099.1,4084.4,4099.1,43.4,22.4,76.7,74.4,55.7,No,No,No,0.930,0.030,6.1,50,95.0,100.0,No,No,91294,99096,35,99.0,No,No,3320,0.0,0.0,0.0,0.032,0.008,79847,50788,0.0,0.0,0.0,0.000,0.000,52,0,46.1,59.4,83.0,0.669,12.148,12.190,12.163,12.090,1128,32.129,9.212,12.300,2.450,21.578,14.738,6.833,0.336,12.300,12.077,1.837,7.673,220.000,240.000,690.0,202.5,810.0,802.2,885.0,24.0,16.0,0.0,0.0,27.6,0.8,3.3,0.0,0.0,0.0,33,Yes,No,No,No,No,Yes,No,11.1,14.0,1,0,0,0,0,0,0,0,0,16,0,0,0,0,0,0,0,0,0,0,0,0,0,0,0,0,0,0,0,0,5932,2260,2096,108,5.0,239.8,261.7,215.7,211.9,212.9,211.4,68.7,156.5,58.3,55.9,55.7,55.7,4.17,4.67,3.79,3.62,4.72,4.76,0.41,0.17,4.07,0.10,0.60,0,0,0.0,0.0,13579,1184,0.3,0.1,0,
Date,Time,"Virtual Memory Committed [MB]","Virtual Memory Available [MB]","Virtual Memory Load [%]","Physical Memory Used [MB]","Physical Memory Available [MB]","Physical Memory Load [%]","Page File Usage [%]","Page File Total [MB]","Page File Used [MB]","Core VIDs (avg) [V]","Core 0 VID [V]","Core 1 VID [V]","Core 2 VID [V]","Core 3 VID [V]","Core 4 VID [V]","Core 5 VID [V]","Core 6 VID [V]","Core 7 VID [V]","Core Clocks (avg) [MHz]","Core 0 Clock (perf #1/4) [MHz]","Core 1 Clock (perf #1/3) [MHz]","Core 2 Clock (perf #2/6) [MHz]","Core 3 Clock (perf #3/5) [MHz]","Core 4 Clock (perf #6/8) [MHz]","Core 5 Clock (perf #4/2) [MHz]","Core 6 Clock (perf #5/1) [MHz]","Core 7 Clock (perf #7/7) [MHz]","Bus Clock [MHz]","Core Effective Clocks (avg) [MHz]","Core 0 T0 Effective Clock [MHz]","Core 0 T1 Effective Clock [MHz]","Core 1 T0 Effective Clock [MHz]","Core 1 T1 Effective Clock [MHz]","Core 2 T0 Effective Clock [MHz]","Core 2 T1 Effective Clock [MHz]","Core 3 T0 Effective Clock [MHz]","Core 3 T1 Effective Clock [MHz]","Core 4 T0 Effective Clock [MHz]","Core 4 T1 Effective Clock [MHz]","Core 5 T0 Effective Clock [MHz]","Core 5 T1 Effective Clock [MHz]","Core 6 T0 Effective Clock [MHz]","Core 6 T1 Effective Clock [MHz]","Core 7 T0 Effective Clock [MHz]","Core 7 T1 Effective Clock [MHz]","Average Effective Clock [MHz]","Core Usage (avg) [%]","Core 0 T0 Usage [%]","Core 0 T1 Usage [%]","Core 1 T0 Usage [%]","Core 1 T1 Usage [%]","Core 2 T0 Usage [%]","Core 2 T1 Usage [%]","Core 3 T0 Usage [%]","Core 3 T1 Usage [%]","Core 4 T0 Usage [%]","Core 4 T1 Usage [%]","Core 5 T0 Usage [%]","Core 5 T1 Usage [%]","Core 6 T0 Usage [%]","Core 6 T1 Usage [%]","Core 7 T0 Usage [%]","Core 7 T1 Usage [%]","Max CPU/Thread Usage [%]","Total CPU Usage [%]","Core Utility (avg) [%]","Core 0 T0 Utility [%]","Core 0 T1 Utility [%]","Core 1 T0 Utility [%]","Core 1 T1 Utility [%]","Core 2 T0 Utility [%]","Core 2 T1 Utility [%]","Core 3 T0 Utility [%]","Core 3 T1 Utility [%]","Core 4 T0 Utility [%]","Core 4 T1 Utility [%]","Core 5 T0 Utility [%]","Core 5 T1 Utility [%]","Core 6 T0 Utility [%]","Core 6 T1 Utility [%]","Core 7 T0 Utility [%]","Core 7 T1 Utility [%]","Total CPU Utility [%]","Core Ratios (avg) [x]","Core 0 Ratio [x]","Core 1 Ratio [x]","Core 2 Ratio [x]","Core 3 Ratio [x]","Core 4 Ratio [x]","Core 5 Ratio [x]","Core 6 Ratio [x]","Core 7 Ratio [x]","Package C6 Residency [%]","Core C0 Residency (avg) [%]","Core 0 C0 Residency [%]","Core 1 C0 Residency [%]","Core 2 C0 Residency [%]","Core 3 C0 Residency [%]","Core 4 C0 Residency [%]","Core 5 C0 Residency [%]","Core 6 C0 Residency [%]","Core 7 C0 Residency [%]","Core C1 Residency (avg) [%]","Core 0 C1 Residency [%]","Core 1 C1 Residency [%]","Core 2 C1 Residency [%]","Core 3 C1 Residency [%]","Core 4 C1 Residency [%]","Core 5 C1 Residency [%]","Core 6 C1 Residency [%]","Core 7 C1 Residency [%]","Core C6 Residency (avg) [%]","Core 0 C6 Residency [%]","Core 1 C6 Residency [%]","Core 2 C6 Residency [%]","Core 3 C6 Residency [%]","Core 4 C6 Residency [%]","Core 5 C6 Residency [%]","Core 6 C6 Residency [%]","Core 7 C6 Residency [%]","Memory Clock [MHz]","Memory Clock Ratio [x]","Tcas [T]","Trcd [T]","Trp [T]","Tras [T]","Trc [T]","Trfc [T]","Command Rate [T]","CPU (Tctl/Tdie) [°C]","CPU Die (average) [°C]","CPU CCD1 (Tdie) [°C]","Core Temperatures (avg) [°C]","Core0 (CCD1) [°C]","Core1 (CCD1) [°C]","Core2 (CCD1) [°C]","Core3 (CCD1) [°C]","Core4 (CCD1) [°C]","Core5 (CCD1) [°C]","Core6 (CCD1) [°C]","Core7 (CCD1) [°C]","L3 Temperatures (avg) [°C]","L3 Cache (CCD1:CCX1) [°C]","L3 Cache (CCD1:CCX2) [°C]","CPU IOD Hotspot [°C]","CPU IOD Average [°C]","CPU Core Voltage (SVI2 TFN) [V]","SoC Voltage (SVI2 TFN) [V]","CPU Core VID (Effective) [V]","CPU Core Current (SVI2 TFN) [A]","SoC Current (SVI2 TFN) [A]","CPU TDC [A]","CPU EDC [A]","CPU Package Power [W]","Core Powers (avg) [W]","Core 0 Power [W]","Core 1 Power [W]","Core 2 Power [W]","Core 3 Power [W]","Core 4 Power [W]","Core 5 Power [W]","Core 6 Power [W]","Core 7 Power [W]","CPU Core Power (SVI2 TFN) [W]","CPU SoC Power (SVI2 TFN) [W]","Core+SoC Power (SVI2 TFN) [W]","CPU PPT [W]","Infinity Fabric Clock (FCLK) [MHz]","Memory Controller Clock (UCLK) [MHz]","L3 Clocks (avg) [MHz]","L3 Cache (CCD1:CCX1) [MHz]","L3 Cache (CCD1:CCX2) [MHz]","Frequency Limit - Global [MHz]","CPU PPT Limit [%]","CPU TDC Limit [%]","CPU EDC Limit [%]","Thermal Limit [%]","Power Reporting Deviation (Accuracy) [%]","Thermal Throttling (HTC) [Yes/No]","Thermal Throttling (PROCHOT CPU) [Yes/No]","Thermal Throttling (PROCHOT EXT) [Yes/No]","DRAM Read Bandwidth [Gbps]","DRAM Write Bandwidth [Gbps]","Average Active Core Count []","Drive Temperature [°C]","Drive Remaining Life [%]","Drive Available Spare [%]","Drive Failure [Yes/No]","Drive Warning [Yes/No]","Total Host Writes [GB]","Total Host Reads [GB]","Drive Airflow Temperature [°C]","Drive Remaining Life [%]","Drive Failure [Yes/No]","Drive Warning [Yes/No]","Total Host Writes [GB]","Read Activity [%]","Write Activity [%]","Total Activity [%]","Read Rate [MB/s]","Write Rate [MB/s]","Read Total [MB]","Write Total [MB]","Read Activity [%]","Write Activity [%]","Total Activity [%]","Read Rate [MB/s]","Write Rate [MB/s]","Read Total [MB]","Write Total [MB]","GPU Temperature [°C]","GPU Hot Spot Temperature [°C]","GPU Thermal Limit [°C]","GPU Core Voltage [V]","GPU Rail Voltages (avg) [V]","GPU PCIe +12V Input Voltage [V]","GPU 8-pin #1 Input Voltage [V]","GPU Misc0 Input Voltage [V]","GPU Fan1 [RPM]","GPU Power [W]","GPU Rail Powers (avg) [W]","GPU Core (NVVDD) Input Power (sum) [W]","GPU PCIe +12V Input Power [W]","GPU 8-pin #1 Input Power [W]","GPU Misc0 Input Power [W]","GPU Core (NVVDD1) Input Power (sum) [W]","GPU PCIe +3.3V Input Power (est) [W]","GPU Core (NVVDD) Input Power (sum) [W]","GPU Input PP Source Power (sum) [W]","GPU Core (NVVDD) Output Power [W]","GPU Core (NVVDD) Output Power [W]","GPU Power Limit (rated) [W]","GPU Power Limit (max) [W]","GPU Clock [MHz]","GPU Memory Clock [MHz]","GPU Video Clock [MHz]","GPU Effective Clock [MHz]","GPU Crossbar Clock [MHz]","GPU Core Load [%]","GPU Memory Controller Load [%]","GPU Video Engine Load [%]","GPU Bus Load [%]","GPU Memory Usage [%]","GPU D3D Usages (avg) [%]","GPU D3D Usage [%]","GPU Video Decode 0 Usage [%]","GPU Video Encode 0 Usage [%]","GPU VR Usage [%]","GPU Fan1 [%]","GPU Performance Limiters (avg) [Yes/No]","Performance Limit - Power [Yes/No]","Performance Limit - Thermal [Yes/No]","Performance Limit - Reliability Voltage [Yes/No]","Performance Limit - Max Operating Voltage [Yes/No]","Performance Limit - Utilization [Yes/No]","Performance Limit - SLI GPUBoost Sync [Yes/No]","Total GPU Power [% of TDP] [%]","Total GPU Power (normalized) [% of TDP] [%]","PCI Express Error Counters (avg) []","Receiver Errors []","Replay Count []","Replay Rollover Count []","Bad DLLP Count []","Bad TLP Count []","LCRC Error Count []","NAKs Sent Count []","NAKs Received Count []","Recovery Count []","Correctable Error Count []","Non-Fatal Error Count []","Fatal Error Count []","Unsupported Request Count []","PCIe Lane 0 Errors []","PCIe Lane 1 Errors []","PCIe Lane 2 Errors []","PCIe Lane 3 Errors []","PCIe Lane 4 Errors []","PCIe Lane 5 Errors []","PCIe Lane 6 Errors []","PCIe Lane 7 Errors []","PCIe Lane 8 Errors []","PCIe Lane 9 Errors []","PCIe Lane 10 Errors []","PCIe Lane 11 Errors []","PCIe Lane 12 Errors []","PCIe Lane 13 Errors []","PCIe Lane 14 Errors []","PCIe Lane 15 Errors []","GPU Memory Available [MB]","GPU Memory Allocated [MB]","GPU D3D Memory Dedicated [MB]","GPU D3D Memory Dynamic [MB]","PCIe Link Speed [GT/s]","Framerate Presented (avg) [FPS]","Framerate Presented (99%) [FPS]","Framerate Presented (1%) [FPS]","Framerate Presented (0.1%) [FPS]","Framerate Presented (1% low) [FPS]","Framerate Presented (0.1% low) [FPS]","Framerate Displayed (avg) [FPS]","Framerate Displayed (99%) [FPS]","Framerate Displayed (1%) [FPS]","Framerate Displayed (0.1%) [FPS]","Framerate Displayed (1% low) [FPS]","Framerate Displayed (0.1% low) [FPS]","Frame Time Presented (avg) [ms]","Frame Time Presented (99%) [ms]","Frame Time Presented (1%) [ms]","Frame Time Presented (0.1%) [ms]","Frame Time Displayed (1% high) [ms]","Frame Time Displayed (0.1% high) [ms]","GPU Busy (avg) [ms]","GPU Wait (avg) [ms]","CPU Busy (avg) [ms]","CPU Wait (avg) [ms]","Animation Error (avg) [ms]","Total DL [MB]","Total UP [MB]","Current DL rate [KB/s]","Current UP rate [KB/s]","Total DL [MB]","Total UP [MB]","Current DL rate [KB/s]","Current UP rate [KB/s]","Total Errors []",
,,System: HP OMEN 25L Desktop GT12-0xxx,System: HP OMEN 25L Desktop GT12-0xxx,System: HP OMEN 25L Desktop GT12-0xxx,System: HP OMEN 25L Desktop GT12-0xxx,System: HP OMEN 25L Desktop GT12-0xxx,System: HP OMEN 25L Desktop GT12-0xxx,System: HP OMEN 25L Desktop GT12-0xxx,System: HP OMEN 25L Desktop GT12-0xxx,System: HP OMEN 25L Desktop GT12-0xxx,CPU [#0]: AMD Ryzen 7 3700X,CPU [#0]: AMD Ryzen 7 3700X,CPU [#0]: AMD Ryzen 7 3700X,CPU [#0]: AMD Ryzen 7 3700X,CPU [#0]: AMD Ryzen 7 3700X,CPU [#0]: AMD Ryzen 7 3700X,CPU [#0]: AMD Ryzen 7 3700X,CPU [#0]: AMD Ryzen 7 3700X,CPU [#0]: AMD Ryzen 7 3700X,CPU [#0]: AMD Ryzen 7 3700X,CPU [#0]: AMD Ryzen 7 3700X,CPU [#0]: AMD Ryzen 7 3700X,CPU [#0]: AMD Ryzen 7 3700X,CPU [#0]: AMD Ryzen 7 3700X,CPU [#0]: AMD Ryzen 7 3700X,CPU [#0]: AMD Ryzen 7 3700X,CPU [#0]: AMD Ryzen 7 3700X,CPU [#0]: AMD Ryzen 7 3700X,CPU [#0]: AMD Ryzen 7 3700X,CPU [#0]: AMD Ryzen 7 3700X,CPU [#0]: AMD Ryzen 7 3700X,CPU [#0]: AMD Ryzen 7 3700X,CPU [#0]: AMD Ryzen 7 3700X,CPU [#0]: AMD Ryzen 7 3700X,CPU [#0]: AMD Ryzen 7 3700X,CPU [#0]: AMD Ryzen 7 3700X,CPU [#0]: AMD Ryzen 7 3700X,CPU [#0]: AMD Ryzen 7 3700X,CPU [#0]: AMD Ryzen 7 3700X,CPU [#0]: AMD Ryzen 7 3700X,CPU [#0]: AMD Ryzen 7 3700X,CPU [#0]: AMD Ryzen 7 3700X,CPU [#0]: AMD Ryzen 7 3700X,CPU [#0]: AMD Ryzen 7 3700X,CPU [#0]: AMD Ryzen 7 3700X,CPU [#0]: AMD Ryzen 7 3700X,CPU [#0]: AMD Ryzen 7 3700X,CPU [#0]: AMD Ryzen 7 3700X,CPU [#0]: AMD Ryzen 7 3700X,CPU [#0]: AMD Ryzen 7 3700X,CPU [#0]: AMD Ryzen 7 3700X,CPU [#0]: AMD Ryzen 7 3700X,CPU [#0]: AMD Ryzen 7 3700X,CPU [#0]: AMD Ryzen 7 3700X,CPU [#0]: AMD Ryzen 7 3700X,CPU [#0]: AMD Ryzen 7 3700X,CPU [#0]: AMD Ryzen 7 3700X,CPU [#0]: AMD Ryzen 7 3700X,CPU [#0]: AMD Ryzen 7 3700X,CPU [#0]: AMD Ryzen 7 3700X,CPU [#0]: AMD Ryzen 7 3700X,CPU [#0]: AMD Ryzen 7 3700X,CPU [#0]: AMD Ryzen 7 3700X,CPU [#0]: AMD Ryzen 7 3700X,CPU [#0]: AMD Ryzen 7 3700X,CPU [#0]: AMD Ryzen 7 3700X,CPU [#0]: AMD Ryzen 7 3700X,CPU [#0]: AMD Ryzen 7 3700X,CPU [#0]: AMD Ryzen 7 3700X,CPU [#0]: AMD Ryzen 7 3700X,CPU [#0]: AMD Ryzen 7 3700X,CPU [#0]: AMD Ryzen 7 3700X,CPU [#0]: AMD Ryzen 7 3700X,CPU [#0]: AMD Ryzen 7 3700X,CPU [#0]: AMD Ryzen 7 3700X,CPU [#0]: AMD Ryzen 7 3700X,CPU [#0]: AMD Ryzen 7 3700X,CPU [#0]: AMD Ryzen 7 3700X,CPU [#0]: AMD Ryzen 7 3700X,CPU [#0]: AMD Ryzen 7 3700X,CPU [#0]: AMD Ryzen 7 3700X,CPU [#0]: AMD Ryzen 7 3700X,CPU [#0]: AMD Ryzen 7 3700X,CPU [#0]: AMD Ryzen 7 3700X,CPU [#0]: AMD Ryzen 7 3700X,CPU [#0]: AMD Ryzen 7 3700X,CPU [#0]: AMD Ryzen 7 3700X,CPU [#0]: AMD Ryzen 7 3700X,CPU [#0]: AMD Ryzen 7 3700X,CPU [#0]: AMD Ryzen 7 3700X,CPU [#0]: AMD Ryzen 7 3700X,CPU [#0]: AMD Ryzen 7 3700X,CPU [#0]: AMD Ryzen 7 3700X,CPU [#0]: AMD Ryzen 7 3700X: C-State Residency,CPU [#0]: AMD Ryzen 7 3700X: C-State Residency,CPU [#0]: AMD Ryzen 7 3700X: C-State Residency,CPU [#0]: AMD Ryzen 7 3700X: C-State Residency,CPU [#0]: AMD Ryzen 7 3700X: C-State Residency,CPU [#0]: AMD Ryzen 7 3700X: C-State Residency,CPU [#0]: AMD Ryzen 7 3700X: C-State Residency,CPU [#0]: AMD Ryzen 7 3700X: C-State Residency,CPU [#0]: AMD Ryzen 7 3700X: C-State Residency,CPU [#0]: AMD Ryzen 7 3700X: C-State Residency,CPU [#0]: AMD Ryzen 7 3700X: C-State Residency,CPU [#0]: AMD Ryzen 7 3700X: C-State Residency,CPU [#0]: AMD Ryzen 7 3700X: C-State Residency,CPU [#0]: AMD Ryzen 7 3700X: C-State Residency,CPU [#0]: AMD Ryzen 7 3700X: C-State Residency,CPU [#0]: AMD Ryzen 7 3700X: C-State Residency,CPU [#0]: AMD Ryzen 7 3700X: C-State Residency,CPU [#0]: AMD Ryzen 7 3700X: C-State Residency,CPU [#0]: AMD Ryzen 7 3700X: C-State Residency,CPU [#0]: AMD Ryzen 7 3700X: C-State Residency,CPU [#0]: AMD Ryzen 7 3700X: C-State Residency,CPU [#0]: AMD Ryzen 7 3700X: C-State Residency,CPU [#0]: AMD Ryzen 7 3700X: C-State Residency,CPU [#0]: AMD Ryzen 7 3700X: C-State Residency,CPU [#0]: AMD Ryzen 7 3700X: C-State Residency,CPU [#0]: AMD Ryzen 7 3700X: C-State Residency,CPU [#0]: AMD Ryzen 7 3700X: C-State Residency,CPU [#0]: AMD Ryzen 7 3700X: C-State Residency,Memory Timings,Memory Timings,Memory Timings,Memory Timings,Memory Timings,Memory Timings,Memory Timings,Memory Timings,Memory Timings,CPU [#0]: AMD Ryzen 7 3700X: Enhanced,CPU [#0]: AMD Ryzen 7 3700X: Enhanced,CPU [#0]: AMD Ryzen 7 3700X: Enhanced,CPU [#0]: AMD Ryzen 7 3700X: Enhanced,CPU [#0]: AMD Ryzen 7 3700X: Enhanced,CPU [#0]: AMD Ryzen 7 3700X: Enhanced,CPU [#0]: AMD Ryzen 7 3700X: Enhanced,CPU [#0]: AMD Ryzen 7 3700X: Enhanced,CPU [#0]: AMD Ryzen 7 3700X: Enhanced,CPU [#0]: AMD Ryzen 7 3700X: Enhanced,CPU [#0]: AMD Ryzen 7 3700X: Enhanced,CPU [#0]: AMD Ryzen 7 3700X: Enhanced,CPU [#0]: AMD Ryzen 7 3700X: Enhanced,CPU [#0]: AMD Ryzen 7 3700X: Enhanced,CPU [#0]: AMD Ryzen 7 3700X: Enhanced,CPU [#0]: AMD Ryzen 7 3700X: Enhanced,CPU [#0]: AMD Ryzen 7 3700X: Enhanced,CPU [#0]: AMD Ryzen 7 3700X: Enhanced,CPU [#0]: AMD Ryzen 7 3700X: Enhanced,CPU [#0]: AMD Ryzen 7 3700X: Enhanced,CPU [#0]: AMD Ryzen 7 3700X: Enhanced,CPU [#0]: AMD Ryzen 7 3700X: Enhanced,CPU [#0]: AMD Ryzen 7 3700X: Enhanced,CPU [#0]: AMD Ryzen 7 3700X: Enhanced,CPU [#0]: AMD Ryzen 7 3700X: Enhanced,CPU [#0]: AMD Ryzen 7 3700X: Enhanced,CPU [#0]: AMD Ryzen 7 3700X: Enhanced,CPU [#0]: AMD Ryzen 7 3700X: Enhanced,CPU [#0]: AMD Ryzen 7 3700X: Enhanced,CPU [#0]: AMD Ryzen 7 3700X: Enhanced,CPU [#0]: AMD Ryzen 7 3700X: Enhanced,CPU [#0]: AMD Ryzen 7 3700X: Enhanced,CPU [#0]: AMD Ryzen 7 3700X: Enhanced,CPU [#0]: AMD Ryzen 7 3700X: Enhanced,CPU [#0]: AMD Ryzen 7 3700X: Enhanced,CPU [#0]: AMD Ryzen 7 3700X: Enhanced,CPU [#0]: AMD Ryzen 7 3700X: Enhanced,CPU [#0]: AMD Ryzen 7 3700X: Enhanced,CPU [#0]: AMD Ryzen 7 3700X: Enhanced,CPU [#0]: AMD Ryzen 7 3700X: Enhanced,CPU [#0]: AMD Ryzen 7 3700X: Enhanced,CPU [#0]: AMD Ryzen 7 3700X: Enhanced,CPU [#0]: AMD Ryzen 7 3700X: Enhanced,CPU [#0]: AMD Ryzen 7 3700X: Enhanced,CPU [#0]: AMD Ryzen 7 3700X: Enhanced,CPU [#0]: AMD Ryzen 7 3700X: Enhanced,CPU [#0]: AMD Ryzen 7 3700X: Enhanced,CPU [#0]: AMD Ryzen 7 3700X: Enhanced,CPU [#0]: AMD Ryzen 7 3700X: Enhanced,CPU [#0]: AMD Ryzen 7 3700X: Enhanced,CPU [#0]: AMD Ryzen 7 3700X: Enhanced,CPU [#0]: AMD Ryzen 7 3700X: Enhanced,CPU [#0]: AMD Ryzen 7 3700X: Enhanced,CPU [#0]: AMD Ryzen 7 3700X: Enhanced,CPU [#0]: AMD Ryzen 7 3700X: Enhanced,S.M.A.R.T.: WDBRPG0010BNC-WRSN (21110V802526) [C:],S.M.A.R.T.: WDBRPG0010BNC-WRSN (21110V802526) [C:],S.M.A.R.T.: WDBRPG0010BNC-WRSN (21110V802526) [C:],S.M.A.R.T.: WDBRPG0010BNC-WRSN (21110V802526) [C:],S.M.A.R.T.: WDBRPG0010BNC-WRSN (21110V802526) [C:],S.M.A.R.T.: WDBRPG0010BNC-WRSN (21110V802526) [C:],S.M.A.R.T.: WDBRPG0010BNC-WRSN (21110V802526) [C:],S.M.A.R.T.: Samsung Portable SSD T1 500GB (S25NNAAGA11564A) [D:],S.M.A.R.T.: Samsung Portable SSD T1 500GB (S25NNAAGA11564A) [D:],S.M.A.R.T.: Samsung Portable SSD T1 500GB (S25NNAAGA11564A) [D:],S.M.A.R.T.: Samsung Portable SSD T1 500GB (S25NNAAGA11564A) [D:],S.M.A.R.T.: Samsung Portable SSD T1 500GB (S25NNAAGA11564A) [D:],Drive: WDBRPG0010BNC-WRSN (21110V802526) [C:],Drive: WDBRPG0010BNC-WRSN (21110V802526) [C:],Drive: WDBRPG0010BNC-WRSN (21110V802526) [C:],Drive: WDBRPG0010BNC-WRSN (21110V802526) [C:],Drive: WDBRPG0010BNC-WRSN (21110V802526) [C:],Drive: WDBRPG0010BNC-WRSN (21110V802526) [C:],Drive: WDBRPG0010BNC-WRSN (21110V802526) [C:],Drive: Samsung Portable SSD T1 500GB (S25NNAAGA11564A) [D:],Drive: Samsung Portable SSD T1 500GB (S25NNAAGA11564A) [D:],Drive: Samsung Portable SSD T1 500GB (S25NNAAGA11564A) [D:],Drive: Samsung Portable SSD T1 500GB (S25NNAAGA11564A) [D:],Drive: Samsung Portable SSD T1 500GB (S25NNAAGA11564A) [D:],Drive: Samsung Portable SSD T1 500GB (S25NNAAGA11564A) [D:],Drive: Samsung Portable SSD T1 500GB (S25NNAAGA11564A) [D:],dGPU [#0]: NVIDIA GeForce RTX 3070: HP GeForce RTX 3070,dGPU [#0]: NVIDIA GeForce RTX 3070: HP GeForce RTX 3070,dGPU [#0]: NVIDIA GeForce RTX 3070: HP GeForce RTX 3070,dGPU [#0]: NVIDIA GeForce RTX 3070: HP GeForce RTX 3070,dGPU [#0]: NVIDIA GeForce RTX 3070: HP GeForce RTX 3070,dGPU [#0]: NVIDIA GeForce RTX 3070: HP GeForce RTX 3070,dGPU [#0]: NVIDIA GeForce RTX 3070: HP GeForce RTX 3070,dGPU [#0]: NVIDIA GeForce RTX 3070: HP GeForce RTX 3070,dGPU [#0]: NVIDIA GeForce RTX 3070: HP GeForce RTX 3070,dGPU [#0]: NVIDIA GeForce RTX 3070: HP GeForce RTX 3070,dGPU [#0]: NVIDIA GeForce RTX 3070: HP GeForce RTX 3070,dGPU [#0]: NVIDIA GeForce RTX 3070: HP GeForce RTX 3070,dGPU [#0]: NVIDIA GeForce RTX 3070: HP GeForce RTX 3070,dGPU [#0]: NVIDIA GeForce RTX 3070: HP GeForce RTX 3070,dGPU [#0]: NVIDIA GeForce RTX 3070: HP GeForce RTX 3070,dGPU [#0]: NVIDIA GeForce RTX 3070: HP GeForce RTX 3070,dGPU [#0]: NVIDIA GeForce RTX 3070: HP GeForce RTX 3070,dGPU [#0]: NVIDIA GeForce RTX 3070: HP GeForce RTX 3070,dGPU [#0]: NVIDIA GeForce RTX 3070: HP GeForce RTX 3070,dGPU [#0]: NVIDIA GeForce RTX 3070: HP GeForce RTX 3070,dGPU [#0]: NVIDIA GeForce RTX 3070: HP GeForce RTX 3070,dGPU [#0]: NVIDIA GeForce RTX 3070: HP GeForce RTX 3070,dGPU [#0]: NVIDIA GeForce RTX 3070: HP GeForce RTX 3070,dGPU [#0]: NVIDIA GeForce RTX 3070: HP GeForce RTX 3070,dGPU [#0]: NVIDIA GeForce RTX 3070: HP GeForce RTX 3070,dGPU [#0]: NVIDIA GeForce RTX 3070: HP GeForce RTX 3070,dGPU [#0]: NVIDIA GeForce RTX 3070: HP GeForce RTX 3070,dGPU [#0]: NVIDIA GeForce RTX 3070: HP GeForce RTX 3070,dGPU [#0]: NVIDIA GeForce RTX 3070: HP GeForce RTX 3070,dGPU [#0]: NVIDIA GeForce RTX 3070: HP GeForce RTX 3070,dGPU [#0]: NVIDIA GeForce RTX 3070: HP GeForce RTX 3070,dGPU [#0]: NVIDIA GeForce RTX 3070: HP GeForce RTX 3070,dGPU [#0]: NVIDIA GeForce RTX 3070: HP GeForce RTX 3070,dGPU [#0]: NVIDIA GeForce RTX 3070: HP GeForce RTX 3070,dGPU [#0]: NVIDIA GeForce RTX 3070: HP GeForce RTX 3070,dGPU [#0]: NVIDIA GeForce RTX 3070: HP GeForce RTX 3070,dGPU [#0]: NVIDIA GeForce RTX 3070: HP GeForce RTX 3070,dGPU [#0]: NVIDIA GeForce RTX 3070: HP GeForce RTX 3070,dGPU [#0]: NVIDIA GeForce RTX 3070: HP GeForce RTX 3070,dGPU [#0]: NVIDIA GeForce RTX 3070: HP GeForce RTX 3070,dGPU [#0]: NVIDIA GeForce RTX 3070: HP GeForce RTX 3070,dGPU [#0]: NVIDIA GeForce RTX 3070: HP GeForce RTX 3070,dGPU [#0]: NVIDIA GeForce RTX 3070: HP GeForce RTX 3070,dGPU [#0]: NVIDIA GeForce RTX 3070: HP GeForce RTX 3070,dGPU [#0]: NVIDIA GeForce RTX 3070: HP GeForce RTX 3070,dGPU [#0]: NVIDIA GeForce RTX 3070: HP GeForce RTX 3070,dGPU [#0]: NVIDIA GeForce RTX 3070: HP GeForce RTX 3070,dGPU [#0]: NVIDIA GeForce RTX 3070: HP GeForce RTX 3070,dGPU [#0]: NVIDIA GeForce RTX 3070: HP GeForce RTX 3070,dGPU [#0]: NVIDIA GeForce RTX 3070: HP GeForce RTX 3070,dGPU [#0]: NVIDIA GeForce RTX 3070: HP GeForce RTX 3070,dGPU [#0]: NVIDIA GeForce RTX 3070: HP GeForce RTX 3070,dGPU [#0]: NVIDIA GeForce RTX 3070: HP GeForce RTX 3070,dGPU [#0]: NVIDIA GeForce RTX 3070: HP GeForce RTX 3070,dGPU [#0]: NVIDIA GeForce RTX 3070: HP GeForce RTX 3070,dGPU [#0]: NVIDIA GeForce RTX 3070: HP GeForce RTX 3070,dGPU [#0]: NVIDIA GeForce RTX 3070: HP GeForce RTX 3070,dGPU [#0]: NVIDIA GeForce RTX 3070: HP GeForce RTX 3070,dGPU [#0]: NVIDIA GeForce RTX 3070: HP GeForce RTX 3070,dGPU [#0]: NVIDIA GeForce RTX 3070: HP GeForce RTX 3070,dGPU [#0]: NVIDIA GeForce RTX 3070: HP GeForce RTX 3070,dGPU [#0]: NVIDIA GeForce RTX 3070: HP GeForce RTX 3070,dGPU [#0]: NVIDIA GeForce RTX 3070: HP GeForce RTX 3070,dGPU [#0]: NVIDIA GeForce RTX 3070: HP GeForce RTX 3070,dGPU [#0]: NVIDIA GeForce RTX 3070: HP GeForce RTX 3070,dGPU [#0]: NVIDIA GeForce RTX 3070: HP GeForce RTX 3070,dGPU [#0]: NVIDIA GeForce RTX 3070: HP GeForce RTX 3070,dGPU [#0]: NVIDIA GeForce RTX 3070: HP GeForce RTX 3070,dGPU [#0]: NVIDIA GeForce RTX 3070: HP GeForce RTX 3070,dGPU [#0]: NVIDIA GeForce RTX 3070: HP GeForce RTX 3070,dGPU [#0]: NVIDIA GeForce RTX 3070: HP GeForce RTX 3070,dGPU [#0]: NVIDIA GeForce RTX 3070: HP GeForce RTX 3070,dGPU [#0]: NVIDIA GeForce RTX 3070: HP GeForce RTX 3070,dGPU [#0]: NVIDIA GeForce RTX 3070: HP GeForce RTX 3070,dGPU [#0]: NVIDIA GeForce RTX 3070: HP GeForce RTX 3070,dGPU [#0]: NVIDIA GeForce RTX 3070: HP GeForce RTX 3070,dGPU [#0]: NVIDIA GeForce RTX 3070: HP GeForce RTX 3070,dGPU [#0]: NVIDIA GeForce RTX 3070: HP GeForce RTX 3070,dGPU [#0]: NVIDIA GeForce RTX 3070: HP GeForce RTX 3070,dGPU [#0]: NVIDIA GeForce RTX 3070: HP GeForce RTX 3070,dGPU [#0]: NVIDIA GeForce RTX 3070: HP GeForce RTX 3070,dGPU [#0]: NVIDIA GeForce RTX 3070: HP GeForce RTX 3070,dGPU [#0]: NVIDIA GeForce RTX 3070: HP GeForce RTX 3070,PresentMon [msedgewebview2.exe],PresentMon [msedgewebview2.exe],PresentMon [msedgewebview2.exe],PresentMon [msedgewebview2.exe],PresentMon [msedgewebview2.exe],PresentMon [msedgewebview2.exe],PresentMon [msedgewebview2.exe],PresentMon [msedgewebview2.exe],PresentMon [msedgewebview2.exe],PresentMon [msedgewebview2.exe],PresentMon [msedgewebview2.exe],PresentMon [msedgewebview2.exe],PresentMon [msedgewebview2.exe],PresentMon [msedgewebview2.exe],PresentMon [msedgewebview2.exe],PresentMon [msedgewebview2.exe],PresentMon [msedgewebview2.exe],PresentMon [msedgewebview2.exe],PresentMon [msedgewebview2.exe],PresentMon [msedgewebview2.exe],PresentMon [msedgewebview2.exe],PresentMon [msedgewebview2.exe],PresentMon [msedgewebview2.exe],Network: RealTek Semiconductor RTL8822CE Wireless LAN 802.11ac PCI-E NIC - Wi-Fi,Network: RealTek Semiconductor RTL8822CE Wireless LAN 802.11ac PCI-E NIC - Wi-Fi,Network: RealTek Semiconductor RTL8822CE Wireless LAN 802.11ac PCI-E NIC - Wi-Fi,Network: RealTek Semiconductor RTL8822CE Wireless LAN 802.11ac PCI-E NIC - Wi-Fi,Network: RealTek Semiconductor RTL8168/8111 PCI-E Gigabit Ethernet NIC - Ethernet,Network: RealTek Semiconductor RTL8168/8111 PCI-E Gigabit Ethernet NIC - Ethernet,Network: RealTek Semiconductor RTL8168/8111 PCI-E Gigabit Ethernet NIC - Ethernet,Network: RealTek Semiconductor RTL8168/8111 PCI-E Gigabit Ethernet NIC - Ethernet,Windows Hardware Errors (WHEA),
